[06:58:19][dlc_descriptor.cpp:70] [original line 1] Invalid supported_version in file: mod/ugc_2261468688.mod line: 6
[07:00:04][virtualfilesystem.cpp:456] [original line 1255] Could not find texture due to 'VFSOpen Error: gfx/models/buildings/special/castamere/building_backup_atlas_properties.dds not found'
[07:00:04][virtualfilesystem.cpp:456] [original line 1257] Could not find texture due to 'VFSOpen Error: gfx/models/buildings/special/castamere/building_backup_atlas_normal.dds not found'
[07:00:04][virtualfilesystem.cpp:456] [original line 1260] Could not find texture due to 'VFSOpen Error: gfx/models/buildings/special/castamere/building_backup_atlas_properties.dds not found'
[07:00:04][virtualfilesystem.cpp:456] [original line 1262] Could not find texture due to 'VFSOpen Error: gfx/models/buildings/special/castamere/building_backup_atlas_normal.dds not found'
[07:00:05][virtualfilesystem.cpp:456] [original line 1272] Could not find texture due to 'VFSOpen Error: gfx/models/buildings/special/castamere/building_backup_atlas_properties.dds not found'
[07:00:05][virtualfilesystem.cpp:456] [original line 1274] Could not find texture due to 'VFSOpen Error: gfx/models/buildings/special/castamere/building_backup_atlas_normal.dds not found'
[07:00:05][virtualfilesystem.cpp:456] [original line 1277] Could not find texture due to 'VFSOpen Error: gfx/models/buildings/special/castamere/building_backup_atlas_properties.dds not found'
[07:00:05][virtualfilesystem.cpp:456] [original line 1279] Could not find texture due to 'VFSOpen Error: gfx/models/buildings/special/castamere/building_backup_atlas_normal.dds not found'
[07:00:08][virtualfilesystem.cpp:456] [original line 1331] Could not find texture due to 'VFSOpen Error: gfx/models/buildings/special/castamere/building_backup_atlas_properties.dds not found'
[07:00:08][virtualfilesystem.cpp:456] [original line 1333] Could not find texture due to 'VFSOpen Error: gfx/models/buildings/special/castamere/building_backup_atlas_normal.dds not found'
[07:00:08][virtualfilesystem.cpp:456] [original line 1336] Could not find texture due to 'VFSOpen Error: gfx/models/buildings/special/castamere/building_backup_atlas_properties.dds not found'
[07:00:08][virtualfilesystem.cpp:456] [original line 1338] Could not find texture due to 'VFSOpen Error: gfx/models/buildings/special/castamere/building_backup_atlas_normal.dds not found'
[07:00:08][virtualfilesystem.cpp:456] [original line 1341] Could not find texture due to 'VFSOpen Error: gfx/models/buildings/special/castamere/building_backup_atlas_properties.dds not found'
[07:00:08][virtualfilesystem.cpp:456] [original line 1343] Could not find texture due to 'VFSOpen Error: gfx/models/buildings/special/castamere/building_backup_atlas_normal.dds not found'
[07:00:33][decision_type.cpp:224] [original line 9753] asoiaf_greyjoy_cadets_decision has 'ai_check_interval'/'ai_check_interval_by_tier' that's negative or unset. Setting to 0 instead
[07:00:33][decision_type.cpp:224] [original line 9754] asoiaf_baelish_cadets_decision has 'ai_check_interval'/'ai_check_interval_by_tier' that's negative or unset. Setting to 0 instead
[07:00:33][decision_type.cpp:224] [original line 9755] asoiaf_harlaw_cadets_decision has 'ai_check_interval'/'ai_check_interval_by_tier' that's negative or unset. Setting to 0 instead
[07:00:33][decision_type.cpp:224] [original line 9756] asoiaf_jon_targ_cadet_branch_decision has 'ai_check_interval'/'ai_check_interval_by_tier' that's negative or unset. Setting to 0 instead
[07:00:33][decision_type.cpp:224] [original line 9757] asoiaf_aegon_II_greens_cadet_branch_decision has 'ai_check_interval'/'ai_check_interval_by_tier' that's negative or unset. Setting to 0 instead
[07:00:33][jomini_dynamicdescription.cpp:66] [original line 9758] Unrecognized loc key show_notifications_decision_tooltip. show_notifications_decision
[07:00:33][decision_type.cpp:224] [original line 9759] show_notifications_decision has 'ai_check_interval'/'ai_check_interval_by_tier' that's negative or unset. Setting to 0 instead
[07:00:33][pdx_persistent_reader.cpp:216] [original line 9895] Error: "Unknown trigger: portrait_wear_lannister_armour_torso_courtiers, near line: 11965" in file: "gfx/portraits/portrait_modifiers/asoiaf_character_custom_flags.txt" near line: 11965
[07:00:33][pdx_persistent_reader.cpp:216] [original line 9935] Error: "Unexpected token: accesory, near line: 17857" in file: "gfx/portraits/portrait_modifiers/asoiaf_character_custom_flags.txt" near line: 17857
[07:00:33][jomini_scriptvalue.h:459] [original line 9937] Cannot use GetMinValue without a value set
[07:00:33][jomini_eventtarget.cpp:692] [original line 9941] Failed to find a valid event target link 'has_religion' at file: gfx/portraits/portrait_modifiers/asoiaf_clothes.txt line: 1092 (asoiaf_drowned_man_clothes_modifiers:weight)
[07:00:33][pdx_persistent_reader.cpp:216] [original line 9942] Error: "Unknown trigger: liege.has_religion, near line: 1092" in file: "gfx/portraits/portrait_modifiers/asoiaf_clothes.txt" near line: 1093
[07:00:33][jomini_eventtarget.cpp:692] [original line 9943] Failed to find a valid event target link 'has_religion' at file: gfx/portraits/portrait_modifiers/asoiaf_clothes.txt line: 1176 (asoiaf_drowned_man_clothes_modifiers:weight)
[07:00:33][pdx_persistent_reader.cpp:216] [original line 9944] Error: "Unknown trigger: liege.has_religion, near line: 1176" in file: "gfx/portraits/portrait_modifiers/asoiaf_clothes.txt" near line: 1181
[07:00:33][pdx_persistent_reader.cpp:216] [original line 9954] Error: "Unknown trigger: is_character_baratheon_3, near line: 81" in file: "gfx/portraits/portrait_modifiers/asoiaf_headgear_crowns.txt" near line: 83
[07:00:33][pdx_persistent_reader.cpp:216] [original line 9955] Error: "Unknown trigger: is_character_baratheon_3, near line: 165" in file: "gfx/portraits/portrait_modifiers/asoiaf_headgear_crowns.txt" near line: 167
[07:00:33][pdx_persistent_reader.cpp:216] [original line 9956] Error: "Unknown trigger: is_character_baratheon_4, near line: 264" in file: "gfx/portraits/portrait_modifiers/asoiaf_headgear_crowns.txt" near line: 269
[07:00:33][pdx_persistent_reader.cpp:216] [original line 9957] Error: "Unknown trigger: is_character_baratheon_4, near line: 330" in file: "gfx/portraits/portrait_modifiers/asoiaf_headgear_crowns.txt" near line: 335
[07:00:33][pdx_persistent_reader.cpp:216] [original line 9958] Error: "Unknown trigger: is_character_baratheon_5, near line: 645
Unknown trigger: is_character_baratheon_6, near line: 646
Unknown trigger: is_character_baratheon_7, near line: 647" in file: "gfx/portraits/portrait_modifiers/asoiaf_headgear_crowns.txt" near line: 651
[07:00:33][pdx_persistent_reader.cpp:216] [original line 9961] Error: "Unknown trigger: is_character_baratheon_5, near line: 694
Unknown trigger: is_character_baratheon_6, near line: 695
Unknown trigger: is_character_baratheon_7, near line: 696" in file: "gfx/portraits/portrait_modifiers/asoiaf_headgear_crowns.txt" near line: 700
[07:00:34][character_currency_effects_impl.cpp:227] [original line 9996] Negative value in remove_short_term_gold: -450. file: events/decisions_events/buy_ruby_crown_events.txt line: 54 (buy_ruby_crown.0999:immediate)
[07:00:35][jomini_eventmanager.cpp:428] [original line 10013] Duplicated event ID 'agot_activity_commission_crown.0001' found. New Location: 'file: events/activities/agot_coronation_activity/agot_activity_events_crown_commission.txt line: 3 (agot_activity_commission_crown.0001)', Previous Location: 'file: events/activities/agot_coronation_activity/agot_activity_events_crown_commission.txt line: 3 (agot_activity_commission_crown.0001)'
[07:00:37][pdx_persistent_reader.cpp:216] [original line 10025] Error: "Unexpected token: rhoynish_religion_opinion, near line: 1760" in file: "common/buildings/yy_agotcities_special_buildings_westeros.txt" near line: 1760
[07:00:37][pdx_persistent_reader.cpp:216] [original line 10026] Error: "Unexpected token: rhoynish_religion_opinion, near line: 1767" in file: "common/buildings/yy_agotcities_special_buildings_westeros.txt" near line: 1767
[07:00:37][pdx_persistent_reader.cpp:216] [original line 10027] Error: "Unknown trigger: holding, near line: 2364" in file: "common/buildings/yy_agotcities_special_buildings_westeros.txt" near line: 2369
[07:00:38][pdx_persistent_reader.cpp:216] [original line 10028] Error: "Unexpected token: confucian_education_xp_gain_mult, near line: 4047" in file: "common/modifiers/DI_modifiers.txt" near line: 4047
[07:00:38][pdx_persistent_reader.cpp:216] [original line 10029] Error: "Unexpected token: valeman_opinion, near line: 447" in file: "common/modifiers/ntc_artifact_modifiers.txt" near line: 447
[07:00:38][pdx_persistent_reader.cpp:216] [original line 10030] Error: "Unexpected token: valeman_opinion, near line: 456" in file: "common/modifiers/ntc_artifact_modifiers.txt" near line: 456
[07:00:38][pdx_persistent_reader.cpp:216] [original line 10031] Error: "Unexpected token: valeman_opinion, near line: 605" in file: "common/modifiers/ntc_artifact_modifiers.txt" near line: 605
[07:00:40][jomini_script_argument.cpp:227] [original line 10032] Compiling source for agot_create_artifact_aegon_i_crown_effect failed for missing arguments: CREATOR. At file: common/scripted_effects/00_agot_artifact_crowns_effects.txt line: 78 (agot_create_artifact_aegon_i_crown_effect)
[07:00:40][jomini_script_argument.cpp:227] [original line 10033] Compiling source for agot_create_artifact_aenys_crown_effect failed for missing arguments: CREATOR. At file: common/scripted_effects/00_agot_artifact_crowns_effects.txt line: 228 (agot_create_artifact_aenys_crown_effect)
[07:00:40][jomini_script_argument.cpp:227] [original line 10034] Compiling source for agot_create_artifact_jaehaerys_crown_effect failed for missing arguments: CREATOR. At file: common/scripted_effects/00_agot_artifact_crowns_effects.txt line: 314 (agot_create_artifact_jaehaerys_crown_effect)
[07:00:40][jomini_script_argument.cpp:227] [original line 10035] Compiling source for agot_create_artifact_aegon_iii_crown_effect failed for missing arguments: CREATOR. At file: common/scripted_effects/00_agot_artifact_crowns_effects.txt line: 434 (agot_create_artifact_aegon_iii_crown_effect)
[07:00:40][jomini_script_argument.cpp:227] [original line 10036] Compiling source for agot_create_artifact_baelors_crown_effect failed for missing arguments: CREATOR. At file: common/scripted_effects/00_agot_artifact_crowns_effects.txt line: 498 (agot_create_artifact_baelors_crown_effect)
[07:00:40][jomini_script_argument.cpp:227] [original line 10037] Compiling source for agot_create_artifact_aegon_iv_crown_effect failed for missing arguments: CREATOR. At file: common/scripted_effects/00_agot_artifact_crowns_effects.txt line: 594 (agot_create_artifact_aegon_iv_crown_effect)
[07:00:40][jomini_script_argument.cpp:227] [original line 10038] Compiling source for agot_create_artifact_maekars_crown_effect failed for missing arguments: CREATOR. At file: common/scripted_effects/00_agot_artifact_crowns_effects.txt line: 672 (agot_create_artifact_maekars_crown_effect)
[07:00:40][jomini_script_argument.cpp:227] [original line 10039] Compiling source for agot_create_artifact_visenya_circlet_effect failed for missing arguments: CREATOR. At file: common/scripted_effects/00_agot_artifact_crowns_effects.txt line: 837 (agot_create_artifact_visenya_circlet_effect)
[07:00:41][pdx_locstring.cpp:93] [original line 10040] Key is missing localization: test_crush_desc
[07:00:41][pdx_locstring.cpp:93] [original line 10041] Key is missing localization: test_crush_desc
[07:00:41][pdx_locstring.cpp:93] [original line 10042] Key is missing localization: test_crush_desc
[07:00:41][pdx_locstring.cpp:93] [original line 10043] Key is missing localization: test_crush_desc
[07:00:41][pdx_locstring.cpp:93] [original line 10044] Key is missing localization: test_crush_desc
[07:00:41][pdx_locstring.cpp:93] [original line 10045] Key is missing localization: test_crush_desc
[07:00:41][pdx_persistent_reader.cpp:216] [original line 10046] Error: "Unknown effect: agot_8299_4_1_acok_scenario_setup, near line: 89" in file: "common/scripted_effects/00_agot_scenario_setup_effects.txt" near line: 90
[07:00:41][jomini_eventtarget.cpp:692] [original line 10047] Failed to find a valid event target link 'house_Blackfyre' at file: common/scripted_triggers/tgc_loaded_trigger.txt line: 127 (tgc_blackfyre_equipment_trigger)
[07:00:41][pdx_persistent_reader.cpp:216] [original line 10080] Error: "Failed to read key reference: 1453_end_date: 1453_end_date, near line: 3
Failed to read key reference: rhomaion_name_of_byzantium: rhomaion_name_of_byzantium, near line: 3
Failed to read key reference: default_mongol_invasion: default_mongol_invasion, near line: 3
Failed to read key reference: random_ruler_placement_off: random_ruler_placement_off, near line: 3
Failed to read key reference: launch_historical: launch_historical, near line: 3
Failed to read key reference: fp1_scandi_adventurers_apocalyptic: fp1_scandi_adventurers_apocalyptic, near line: 3
Failed to read key reference: dissolution_after_caliph_death: dissolution_after_caliph_death, near line: 3
Failed to read key reference: default_seljuk_invasion: default_seljuk_invasion, near line: 3
Failed to read key reference: situation_the_great_steppe_toggle_on: situation_the_great_steppe_toggle_on, near line: 3
Failed to read key reference: struggle_iberia_toggle_on: struggle_iberia_toggle_on, near line: 3
Failed to read key reference: struggle_persia_toggle_on: struggle_persia_toggle_on, near line: 3
Failed to read key reference: historicity_ruler_of_munster_historical_toirdelbach: historicity_ruler_of_munster_historical_toirdelbach, near line: 3
Failed to read key reference: historicity_norman_conquest_default_random: historicity_norman_conquest_default_random, near line: 3
Failed to read key reference: tibet_nomad_region_on: tibet_nomad_region_on, near line: 3
Failed to read key reference: sami_nomad_region_on: sami_nomad_region_on, near line: 3
Failed to read key reference: arabia_nomad_region_on: arabia_nomad_region_on, near line: 3
Failed to read key reference: sahel_nomad_region_on: sahel_nomad_region_on, near line: 3
Failed to read key reference: horn_of_africa_nomad_region_on: horn_of_africa_nomad_region_on, near line: 3
Failed to read key reference: historicity_extra_admin_egypt_gameplay_not_administrative: historicity_extra_admin_egypt_gameplay_not_administrative, near line: 3
Failed to read key reference: historicity_extra_admin_arabia_gameplay_not_administrative: historicity_extra_admin_arabia_gameplay_not_administrative, near line: 3
Failed to read key reference: historicity_extra_admin_ghana_gameplay_not_administrative: historicity_extra_admin_ghana_gameplay_not_administrative, near line: 3
Failed to read key reference: historicity_extra_admin_kabulistan_gameplay_not_administrative: historicity_extra_admin_kabulistan_gameplay_not_administrative, near line: 3
Failed to read key reference: historicity_extra_admin_persia_gameplay_not_administrative: historicity_extra_admin_persia_gameplay_not_administrative, near line: 3
Failed to read key reference: historicity_extra_admin_maghreb_gameplay_not_administrative: historicity_extra_admin_maghreb_gameplay_not_administrative, near line: 3
Failed to read key reference: historicity_extra_admin_tamilakam_gameplay_not_administrative: historicity_extra_admin_tamilakam_gameplay_not_administrative, near line: 3
Failed to read key reference: historicity_extra_admin_carolingians_gameplay_not_administrative: historicity_extra_admin_carolingians_gameplay_not_administrative, near line: 3
Failed to read key reference: historicity_extra_admin_player_wherever_gameplay_not_administrative: historicity_extra_admin_player_wherever_gameplay_not_administrative, near line: 3
Failed to read key reference: historicity_frankokratia_fourth_crusade: historicity_frankokratia_fourth_crusade, near line: 3
Failed to read key reference: silk_road_starting_innovations_preset: silk_road_starting_innovations_preset, near line: 3
Failed to read key reference: ACR_RE_tradition_slots_plus_95: ACR_RE_tradition_slots_plus_95, near line: 3
Failed to read key reference: ACR_RE_tradition_cost_free: ACR_RE_tradition_cost_free, near line: 3
Failed to read key reference: ACR_RE_tradition_cooldown_none: ACR_RE_tradition_cooldown_none, near line: 3
Failed to read key reference: ACR_RE_truce_duration_5: ACR_RE_truce_duration_5, near line: 3
Failed to read key reference: ACR_RE_truce_scope_player_primary: ACR_RE_truce_scope_player_primary, near line: 3
Failed to read key reference: ACR_RE_council_task_speed_1_month: ACR_RE_council_task_speed_1_month, near line: 3
Failed to read key reference: HM_RE_rule_player_free_functions_enabled: HM_RE_rule_player_free_functions_enabled, near line: 3
Failed to read key reference: HM_RE_rule_change_holding_type_cost_very_cheap: HM_RE_rule_change_holding_type_cost_very_cheap, near line: 3
Failed to read key reference: HM_RE_rule_change_holding_type_cooldown_very_short: HM_RE_rule_change_holding_type_cooldown_very_short, near line: 3
Failed to read key reference: HM_RE_rule_can_replace_buildings_vassals: HM_RE_rule_can_replace_buildings_vassals, near line: 3
Failed to read key reference: HM_RE_rule_can_feudalize_holdings_vassals: HM_RE_rule_can_feudalize_holdings_vassals, near line: 3
Failed to read key reference: HM_RE_value_construct_buildings_gold_cost_cap_very_cheap: HM_RE_value_construct_buildings_gold_cost_cap_very_cheap, near line: 3
Failed to read key reference: HM_RE_rule_player_extra_slots_enabled: HM_RE_rule_player_extra_slots_enabled, near line: 3
Failed to read key reference: HM_RE_rule_player_slot_base_cost_very_cheap: HM_RE_rule_player_slot_base_cost_very_cheap, near line: 3
Failed to read key reference: HM_RE_rule_player_slot_step_cost_very_cheap: HM_RE_rule_player_slot_step_cost_very_cheap, near line: 3
Failed to read key reference: HM_RE_rule_construction_time_cost_free: HM_RE_rule_construction_time_cost_free, near line: 3
Failed to read key reference: HM_RE_build_all_button_on: HM_RE_build_all_button_on, near line: 3
Failed to read key reference: HM_RE_upgrade_all_button_on: HM_RE_upgrade_all_button_on, near line: 3
Failed to read key reference: HM_RE_make_nomad_button_on: HM_RE_make_nomad_button_on, near line: 3
Failed to read key reference: HM_RE_make_temple_citadel_button_on: HM_RE_make_temple_citadel_button_on, near line: 3
Failed to read key reference: HM_RE_player_add_slots_decision_on: HM_RE_player_add_slots_decision_on, near line: 3
Failed to read key reference: HM_RE_player_add_slots_decision_base_cost_very_cheap: HM_RE_player_add_slots_decision_base_cost_very_cheap, near line: 3
Failed to read key reference: HM_RE_player_cost_gold: HM_RE_player_cost_gold, near line: 3
Failed to read key reference: HM_RE_rule_ai_extra_slots_disabled: HM_RE_rule_ai_extra_slots_disabled, near line: 3
Failed to read key reference: HM_RE_rule_ai_slot_base_cost_very_expensive: HM_RE_rule_ai_slot_base_cost_very_expensive, near line: 3
Failed to read key reference: HM_RE_rule_ai_slot_step_cost_very_expensive: HM_RE_rule_ai_slot_step_cost_very_expensive, near line: 3" in file: "" near line: 3
[07:00:41][pdx_persistent_reader.cpp:216] [original line 10135] Error: "Failed to read key reference: 1453_end_date: 1453_end_date, near line: 8
Failed to read key reference: rhomaion_name_of_byzantium: rhomaion_name_of_byzantium, near line: 8
Failed to read key reference: default_mongol_invasion: default_mongol_invasion, near line: 8
Failed to read key reference: random_ruler_placement_off: random_ruler_placement_off, near line: 8
Failed to read key reference: launch_historical: launch_historical, near line: 8
Failed to read key reference: fp1_scandi_adventurers_apocalyptic: fp1_scandi_adventurers_apocalyptic, near line: 8
Failed to read key reference: dissolution_after_caliph_death: dissolution_after_caliph_death, near line: 8
Failed to read key reference: default_seljuk_invasion: default_seljuk_invasion, near line: 8
Failed to read key reference: situation_the_great_steppe_toggle_on: situation_the_great_steppe_toggle_on, near line: 8
Failed to read key reference: struggle_iberia_toggle_on: struggle_iberia_toggle_on, near line: 8
Failed to read key reference: struggle_persia_toggle_on: struggle_persia_toggle_on, near line: 8
Failed to read key reference: historicity_ruler_of_munster_historical_toirdelbach: historicity_ruler_of_munster_historical_toirdelbach, near line: 8
Failed to read key reference: historicity_norman_conquest_default_random: historicity_norman_conquest_default_random, near line: 8
Failed to read key reference: tibet_nomad_region_on: tibet_nomad_region_on, near line: 8
Failed to read key reference: sami_nomad_region_on: sami_nomad_region_on, near line: 8
Failed to read key reference: arabia_nomad_region_on: arabia_nomad_region_on, near line: 8
Failed to read key reference: sahel_nomad_region_on: sahel_nomad_region_on, near line: 8
Failed to read key reference: horn_of_africa_nomad_region_on: horn_of_africa_nomad_region_on, near line: 8
Failed to read key reference: historicity_extra_admin_egypt_gameplay_not_administrative: historicity_extra_admin_egypt_gameplay_not_administrative, near line: 8
Failed to read key reference: historicity_extra_admin_arabia_gameplay_not_administrative: historicity_extra_admin_arabia_gameplay_not_administrative, near line: 8
Failed to read key reference: historicity_extra_admin_ghana_gameplay_not_administrative: historicity_extra_admin_ghana_gameplay_not_administrative, near line: 8
Failed to read key reference: historicity_extra_admin_kabulistan_gameplay_not_administrative: historicity_extra_admin_kabulistan_gameplay_not_administrative, near line: 8
Failed to read key reference: historicity_extra_admin_persia_gameplay_not_administrative: historicity_extra_admin_persia_gameplay_not_administrative, near line: 8
Failed to read key reference: historicity_extra_admin_maghreb_gameplay_not_administrative: historicity_extra_admin_maghreb_gameplay_not_administrative, near line: 8
Failed to read key reference: historicity_extra_admin_tamilakam_gameplay_not_administrative: historicity_extra_admin_tamilakam_gameplay_not_administrative, near line: 8
Failed to read key reference: historicity_extra_admin_carolingians_gameplay_not_administrative: historicity_extra_admin_carolingians_gameplay_not_administrative, near line: 8
Failed to read key reference: historicity_extra_admin_player_wherever_gameplay_not_administrative: historicity_extra_admin_player_wherever_gameplay_not_administrative, near line: 8
Failed to read key reference: historicity_frankokratia_fourth_crusade: historicity_frankokratia_fourth_crusade, near line: 8
Failed to read key reference: silk_road_starting_innovations_preset: silk_road_starting_innovations_preset, near line: 8
Failed to read key reference: ACR_RE_tradition_slots_plus_95: ACR_RE_tradition_slots_plus_95, near line: 8
Failed to read key reference: ACR_RE_tradition_cost_free: ACR_RE_tradition_cost_free, near line: 8
Failed to read key reference: ACR_RE_tradition_cooldown_none: ACR_RE_tradition_cooldown_none, near line: 8
Failed to read key reference: ACR_RE_truce_duration_5: ACR_RE_truce_duration_5, near line: 8
Failed to read key reference: ACR_RE_truce_scope_player_primary: ACR_RE_truce_scope_player_primary, near line: 8
Failed to read key reference: ACR_RE_council_task_speed_1_month: ACR_RE_council_task_speed_1_month, near line: 8
Failed to read key reference: HM_RE_rule_player_free_functions_enabled: HM_RE_rule_player_free_functions_enabled, near line: 8
Failed to read key reference: HM_RE_rule_change_holding_type_cost_very_cheap: HM_RE_rule_change_holding_type_cost_very_cheap, near line: 8
Failed to read key reference: HM_RE_rule_change_holding_type_cooldown_very_short: HM_RE_rule_change_holding_type_cooldown_very_short, near line: 8
Failed to read key reference: HM_RE_rule_can_replace_buildings_vassals: HM_RE_rule_can_replace_buildings_vassals, near line: 8
Failed to read key reference: HM_RE_rule_can_feudalize_holdings_vassals: HM_RE_rule_can_feudalize_holdings_vassals, near line: 8
Failed to read key reference: HM_RE_value_construct_buildings_gold_cost_cap_very_cheap: HM_RE_value_construct_buildings_gold_cost_cap_very_cheap, near line: 8
Failed to read key reference: HM_RE_rule_player_extra_slots_enabled: HM_RE_rule_player_extra_slots_enabled, near line: 8
Failed to read key reference: HM_RE_rule_player_slot_base_cost_very_cheap: HM_RE_rule_player_slot_base_cost_very_cheap, near line: 8
Failed to read key reference: HM_RE_rule_player_slot_step_cost_very_cheap: HM_RE_rule_player_slot_step_cost_very_cheap, near line: 8
Failed to read key reference: HM_RE_rule_construction_time_cost_free: HM_RE_rule_construction_time_cost_free, near line: 8
Failed to read key reference: HM_RE_build_all_button_on: HM_RE_build_all_button_on, near line: 8
Failed to read key reference: HM_RE_upgrade_all_button_on: HM_RE_upgrade_all_button_on, near line: 8
Failed to read key reference: HM_RE_make_nomad_button_on: HM_RE_make_nomad_button_on, near line: 8
Failed to read key reference: HM_RE_make_temple_citadel_button_on: HM_RE_make_temple_citadel_button_on, near line: 8
Failed to read key reference: HM_RE_player_add_slots_decision_on: HM_RE_player_add_slots_decision_on, near line: 8
Failed to read key reference: HM_RE_player_add_slots_decision_base_cost_very_cheap: HM_RE_player_add_slots_decision_base_cost_very_cheap, near line: 8
Failed to read key reference: HM_RE_player_cost_gold: HM_RE_player_cost_gold, near line: 8
Failed to read key reference: HM_RE_rule_ai_extra_slots_disabled: HM_RE_rule_ai_extra_slots_disabled, near line: 8
Failed to read key reference: HM_RE_rule_ai_slot_base_cost_very_expensive: HM_RE_rule_ai_slot_base_cost_very_expensive, near line: 8
Failed to read key reference: HM_RE_rule_ai_slot_step_cost_very_expensive: HM_RE_rule_ai_slot_step_cost_very_expensive, near line: 8" in file: "" near line: 8
[07:00:43][opinion_modifier.cpp:83] [original line 10202] Modifier 'funded_my_expedition' shouldn't have a duration and monthly_change at the same time!
[07:00:43][opinion_modifier.cpp:83] [original line 10203] Modifier 'sent_relative_to_valyria' shouldn't have a duration and monthly_change at the same time!
[07:00:43][artifact_feature.cpp:33] [original line 10204] Missing loc key 'feature_dragon_whip_black'
[07:00:43][artifact_feature.cpp:33] [original line 10205] Missing loc key 'feature_dragon_whip_silver'
[07:00:43][artifact_feature.cpp:33] [original line 10206] Missing loc key 'feature_dragon_whip_bronze'
[07:00:43][title_links.cpp:214] [original line 10208] Failed to fetch a valid landed title 'e_hre' at location 'file: common/scripted_guis/DI_char_editor_present_sgui.txt line: 1589 (DI_ce_female_dominated:effect)'
[07:00:43][title_links.cpp:214] [original line 10209] Failed to fetch a valid landed title 'e_hre' at location 'file: common/character_interactions/DI_character_interaction.txt line: 4622 (DI_change_succession:on_accept)'
[07:00:43][title_links.cpp:214] [original line 10210] Failed to fetch a valid landed title 'e_hre' at location 'file: common/character_interactions/DI_character_interaction.txt line: 4624 (DI_change_succession:on_accept)'
[07:00:43][title_links.cpp:214] [original line 10211] Failed to fetch a valid landed title 'e_hre' at location 'file: common/character_interactions/DI_character_interaction.txt line: 4637 (DI_change_succession:on_accept)'
[07:00:43][title_links.cpp:214] [original line 10212] Failed to fetch a valid landed title 'e_hre' at location 'file: common/character_interactions/DI_character_interaction.txt line: 4639 (DI_change_succession:on_accept)'
[07:00:43][title_links.cpp:214] [original line 10213] Failed to fetch a valid landed title 'b_graced_castle' at location 'file: common/on_action/cowagot_province_on_actions.txt line: 242 (set_provinces_on_actions)'
[07:00:43][title_links.cpp:214] [original line 10214] Failed to fetch a valid landed title 'b_cheesemonger_manse' at location 'file: common/on_action/cowagot_province_on_actions.txt line: 246 (set_provinces_on_actions)'
[07:00:43][jomini_eventtarget.h:291] [original line 10215] Failed to find 'varangian' from database for link 'trait' at file: common/scripted_effects/DI_char_spawner_effects.txt line: 1232 (DI_akolouthos_traits_effect)
[07:00:43][jomini_eventmanager.cpp:119] [original line 10216] 'agot_cities.5000' does not have a valid namespace
[07:00:43][jomini_script_system.cpp:303] [original line 10217] Script system error!
  Error: trigger_event effect [ Event [agot_cities.5000] not found ]
  Script location: file: common/buildings/yy_agotcities_special_buildings_westeros.txt line: 1827 (planky_town_special:on_complete)
[07:00:43][jomini_eventmanager.cpp:119] [original line 10221] 'agot_cities.5000' does not have a valid namespace
[07:00:43][jomini_script_system.cpp:303] [original line 10222] Script system error!
  Error: trigger_event effect [ Event [agot_cities.5000] not found ]
  Script location: file: common/buildings/yy_agotcities_special_buildings_westeros.txt line: 1993 (agot_castamere_03:on_complete)
[07:00:43][jomini_eventmanager.cpp:119] [original line 10226] 'agot_cities.5000' does not have a valid namespace
[07:00:43][jomini_script_system.cpp:303] [original line 10227] Script system error!
  Error: trigger_event effect [ Event [agot_cities.5000] not found ]
  Script location: file: common/buildings/yy_agotcities_special_buildings_westeros.txt line: 2295 (24castamere_03:on_complete)
[07:00:43][jomini_script_system.cpp:303] [original line 10231] Script system error!
  Error: create_artifact effect [ Invalid artifact template 'vs_blackfyre_template' ]
  Script location: file: common/scripted_effects/00_agot_artifact_vs_sword_effects_override.txt line: 13 (agot_create_artifact_vs_blackfyre_effect[args#3618947653])
[07:00:43][jomini_script_system.cpp:303] [original line 10235] Script system error!
  Error: create_artifact effect [ Invalid artifact template 'vs_blackfyre_template' ]
  Script location: file: common/scripted_effects/00_agot_artifact_vs_sword_effects_override.txt line: 31 (agot_create_artifact_vs_blackfyre_effect[args#3618947653])
[07:00:43][jomini_script_system.cpp:303] [original line 10239] Script system error!
  Error: create_artifact effect [ Invalid artifact template 'vs_blackfyre_template' ]
  Script location: file: common/scripted_effects/00_agot_artifact_vs_sword_effects_override.txt line: 13 (agot_create_artifact_vs_blackfyre_effect[args#141906969])
[07:00:43][jomini_script_system.cpp:303] [original line 10243] Script system error!
  Error: create_artifact effect [ Invalid artifact template 'vs_blackfyre_template' ]
  Script location: file: common/scripted_effects/00_agot_artifact_vs_sword_effects_override.txt line: 31 (agot_create_artifact_vs_blackfyre_effect[args#141906969])
[07:00:43][jomini_script_system.cpp:303] [original line 10247] Script system error!
  Error: create_artifact effect [ Invalid artifact template 'vs_pincer_template' ]
  Script location: file: common/scripted_effects/00_agot_artifact_vs_sword_effects_override.txt line: 604 (agot_create_artifact_vs_pincer_effect[args#3618947653])
[07:00:43][jomini_script_system.cpp:303] [original line 10251] Script system error!
  Error: create_artifact effect [ Invalid artifact template 'vs_pincer_template' ]
  Script location: file: common/scripted_effects/00_agot_artifact_vs_sword_effects_override.txt line: 630 (agot_create_artifact_vs_pincer_effect[args#3618947653])
[07:00:43][jomini_script_system.cpp:303] [original line 10255] Script system error!
  Error: create_artifact effect [ Invalid artifact template 'vs_seafoam_template' ]
  Script location: file: common/scripted_effects/00_agot_artifact_vs_sword_effects_override.txt line: 455 (agot_create_artifact_vs_seafoam_effect[args#3618947653])
[07:00:43][jomini_script_system.cpp:303] [original line 10259] Script system error!
  Error: create_artifact effect [ Invalid artifact template 'vs_seafoam_template' ]
  Script location: file: common/scripted_effects/00_agot_artifact_vs_sword_effects_override.txt line: 475 (agot_create_artifact_vs_seafoam_effect[args#3618947653])
[07:00:43][jomini_script_system.cpp:303] [original line 10263] Script system error!
  Error: create_artifact effect [ Invalid static modifier 'artifact_personal_scheme_power_add_5_modifier' ]
  Script location: file: common/scripted_effects/00_lotd_artifact_creation_effects.txt line: 8 (create_artifact_subterfuge_effect[args#141906969])
[07:00:43][jomini_script_system.cpp:303] [original line 10267] Script system error!
  Error: create_artifact effect [ Invalid artifact template 'vs_blackfyre_template' ]
  Script location: file: common/scripted_effects/00_agot_artifact_vs_sword_effects_override.txt line: 13 (agot_create_artifact_vs_blackfyre_effect[args#979117111])
[07:00:43][jomini_script_system.cpp:303] [original line 10271] Script system error!
  Error: create_artifact effect [ Invalid artifact template 'vs_blackfyre_template' ]
  Script location: file: common/scripted_effects/00_agot_artifact_vs_sword_effects_override.txt line: 31 (agot_create_artifact_vs_blackfyre_effect[args#979117111])
[07:00:43][jomini_script_system.cpp:303] [original line 10275] Script system error!
  Error: create_artifact effect [ Invalid artifact template 'vs_pincer_template' ]
  Script location: file: common/scripted_effects/00_agot_artifact_vs_sword_effects_override.txt line: 604 (agot_create_artifact_vs_pincer_effect[args#979117111])
[07:00:43][jomini_script_system.cpp:303] [original line 10279] Script system error!
  Error: create_artifact effect [ Invalid artifact template 'vs_pincer_template' ]
  Script location: file: common/scripted_effects/00_agot_artifact_vs_sword_effects_override.txt line: 630 (agot_create_artifact_vs_pincer_effect[args#979117111])
[07:00:43][jomini_script_system.cpp:303] [original line 10283] Script system error!
  Error: create_artifact effect [ Invalid artifact template 'vs_seafoam_template' ]
  Script location: file: common/scripted_effects/00_agot_artifact_vs_sword_effects_override.txt line: 455 (agot_create_artifact_vs_seafoam_effect[args#979117111])
[07:00:43][jomini_script_system.cpp:303] [original line 10287] Script system error!
  Error: create_artifact effect [ Invalid artifact template 'vs_seafoam_template' ]
  Script location: file: common/scripted_effects/00_agot_artifact_vs_sword_effects_override.txt line: 475 (agot_create_artifact_vs_seafoam_effect[args#979117111])
[07:00:43][jomini_script_system.cpp:303] [original line 10291] Script system error!
  Error: create_artifact effect [ Invalid artifact template 'vs_seafoam_template' ]
  Script location: file: common/scripted_effects/00_agot_artifact_vs_sword_effects_override.txt line: 455 (agot_create_artifact_vs_seafoam_effect[args#2425720076])
[07:00:43][jomini_script_system.cpp:303] [original line 10295] Script system error!
  Error: create_artifact effect [ Invalid artifact template 'vs_seafoam_template' ]
  Script location: file: common/scripted_effects/00_agot_artifact_vs_sword_effects_override.txt line: 475 (agot_create_artifact_vs_seafoam_effect[args#2425720076])
[07:00:43][jomini_script_system.cpp:303] [original line 10299] Script system error!
  Error: create_artifact effect [ Invalid artifact template 'vs_pincer_template' ]
  Script location: file: common/scripted_effects/00_agot_artifact_vs_sword_effects_override.txt line: 604 (agot_create_artifact_vs_pincer_effect[args#2425720076])
[07:00:43][jomini_script_system.cpp:303] [original line 10303] Script system error!
  Error: create_artifact effect [ Invalid artifact template 'vs_pincer_template' ]
  Script location: file: common/scripted_effects/00_agot_artifact_vs_sword_effects_override.txt line: 630 (agot_create_artifact_vs_pincer_effect[args#2425720076])
[07:00:43][jomini_script_system.cpp:303] [original line 10307] Script system error!
  Error: create_artifact effect [ Invalid artifact template 'vs_blackfyre_template' ]
  Script location: file: common/scripted_effects/00_agot_artifact_vs_sword_effects_override.txt line: 13 (agot_create_artifact_vs_blackfyre_effect[args#2425720076])
[07:00:43][jomini_script_system.cpp:303] [original line 10311] Script system error!
  Error: create_artifact effect [ Invalid artifact template 'vs_blackfyre_template' ]
  Script location: file: common/scripted_effects/00_agot_artifact_vs_sword_effects_override.txt line: 31 (agot_create_artifact_vs_blackfyre_effect[args#2425720076])
[07:00:43][jomini_script_system.cpp:303] [original line 10315] Script system error!
  Error: set_culture_pillar effect [ Invalid database object 'language_agot_lhazaar' ]
  Script location: file: common/scripted_guis/DI_cultural_editor_pillars_sgui.txt line: 620 (DI_language_agot_lhazaar_sgui:effect)
[07:00:43][jomini_effect.cpp:139] [original line 10319] PostValidate of effect 'set_culture_pillar' returned false at file: common/scripted_guis/DI_cultural_editor_pillars_sgui.txt line: 620 (DI_language_agot_lhazaar_sgui:effect)
[07:00:43][jomini_script_system.cpp:303] [original line 10320] Script system error!
  Error: add_innovation effect [ target: Not found in database class CCultureInnovationTypeDatabase ]
  Script location: file: common/character_interactions/DI_character_interaction.txt line: 4616 (DI_change_succession:on_accept)
[07:00:43][jomini_effect.cpp:139] [original line 10324] PostValidate of effect 'add_innovation' returned false at file: common/character_interactions/DI_character_interaction.txt line: 4616 (DI_change_succession:on_accept)
[07:00:43][jomini_script_system.cpp:303] [original line 10325] Script system error!
  Error: add_innovation effect [ target: Not found in database class CCultureInnovationTypeDatabase ]
  Script location: file: common/character_interactions/DI_character_interaction.txt line: 4631 (DI_change_succession:on_accept)
[07:00:43][jomini_effect.cpp:139] [original line 10329] PostValidate of effect 'add_innovation' returned false at file: common/character_interactions/DI_character_interaction.txt line: 4631 (DI_change_succession:on_accept)
[07:00:43][jomini_script_system.cpp:303] [original line 10330] Script system error!
  Error: add_building effect [ Invalid database object 'common_trade_03' ]
  Script location: file: common/on_action/cowagot_province_on_actions.txt line: 174 (set_provinces_on_actions)
[07:00:43][jomini_effect.cpp:139] [original line 10334] PostValidate of effect 'add_building' returned false at file: common/on_action/cowagot_province_on_actions.txt line: 174 (set_provinces_on_actions)
[07:00:43][jomini_script_system.cpp:303] [original line 10335] Script system error!
  Error: remove_building effect [ Invalid database object 'ironwood_01' ]
  Script location: file: common/on_action/cowagot_province_on_actions.txt line: 214 (set_provinces_on_actions)
[07:00:43][jomini_effect.cpp:139] [original line 10339] PostValidate of effect 'remove_building' returned false at file: common/on_action/cowagot_province_on_actions.txt line: 214 (set_provinces_on_actions)
[07:00:43][jomini_script_system.cpp:303] [original line 10340] Script system error!
  Error: add_special_building_slot effect [ Invalid database object 'bearisland_01' ]
  Script location: file: common/on_action/cowagot_province_on_actions.txt line: 273 (set_provinces_on_actions)
[07:00:43][jomini_effect.cpp:139] [original line 10344] PostValidate of effect 'add_special_building_slot' returned false at file: common/on_action/cowagot_province_on_actions.txt line: 273 (set_provinces_on_actions)
[07:00:43][jomini_script_system.cpp:303] [original line 10345] Script system error!
  Error: add_special_building effect [ Invalid database object 'bearisland_01' ]
  Script location: file: common/on_action/cowagot_province_on_actions.txt line: 274 (set_provinces_on_actions)
[07:00:43][jomini_effect.cpp:139] [original line 10349] PostValidate of effect 'add_special_building' returned false at file: common/on_action/cowagot_province_on_actions.txt line: 274 (set_provinces_on_actions)
[07:00:43][jomini_script_system.cpp:303] [original line 10350] Script system error!
  Error: add_special_building_slot effect [ Invalid database object 'harlaw_mines_01' ]
  Script location: file: common/on_action/cowagot_province_on_actions.txt line: 335 (harlaw_building_check_on_actions)
[07:00:43][jomini_effect.cpp:139] [original line 10354] PostValidate of effect 'add_special_building_slot' returned false at file: common/on_action/cowagot_province_on_actions.txt line: 335 (harlaw_building_check_on_actions)
[07:00:43][jomini_script_system.cpp:303] [original line 10355] Script system error!
  Error: learn_language effect [ Invalid database object 'language_arabic' ]
  Script location: file: common/scripted_effects/DI_court_position_spawner_overrides.txt line: 14 (DI_court_position_post_spawn_effect[args#2101251318])
[07:00:43][jomini_effect.cpp:139] [original line 10359] PostValidate of effect 'learn_language' returned false at file: common/scripted_effects/DI_court_position_spawner_overrides.txt line: 14 (DI_court_position_post_spawn_effect[args#2101251318])
[07:00:43][jomini_script_system.cpp:303] [original line 10360] Script system error!
  Error: learn_language effect [ Invalid database object 'language_greek' ]
  Script location: file: common/scripted_effects/DI_court_position_spawner_overrides.txt line: 15 (DI_court_position_post_spawn_effect[args#2101251318])
[07:00:43][jomini_effect.cpp:139] [original line 10364] PostValidate of effect 'learn_language' returned false at file: common/scripted_effects/DI_court_position_spawner_overrides.txt line: 15 (DI_court_position_post_spawn_effect[args#2101251318])
[07:00:43][jomini_script_system.cpp:303] [original line 10365] Script system error!
  Error: learn_language effect [ Invalid database object 'language_latin' ]
  Script location: file: common/scripted_effects/DI_court_position_spawner_overrides.txt line: 16 (DI_court_position_post_spawn_effect[args#2101251318])
[07:00:43][jomini_effect.cpp:139] [original line 10369] PostValidate of effect 'learn_language' returned false at file: common/scripted_effects/DI_court_position_spawner_overrides.txt line: 16 (DI_court_position_post_spawn_effect[args#2101251318])
[07:00:43][jomini_script_system.cpp:303] [original line 10370] Script system error!
  Error: learn_language effect [ Invalid database object 'language_norse' ]
  Script location: file: common/scripted_effects/DI_court_position_spawner_overrides.txt line: 17 (DI_court_position_post_spawn_effect[args#2101251318])
[07:00:43][jomini_effect.cpp:139] [original line 10374] PostValidate of effect 'learn_language' returned false at file: common/scripted_effects/DI_court_position_spawner_overrides.txt line: 17 (DI_court_position_post_spawn_effect[args#2101251318])
[07:00:43][jomini_script_system.cpp:303] [original line 10375] Script system error!
  Error: learn_language effect [ Invalid database object 'language_greek' ]
  Script location: file: common/scripted_effects/DI_court_position_spawner_overrides.txt line: 27 (DI_court_position_post_spawn_effect[args#2101251318])
[07:00:43][jomini_effect.cpp:139] [original line 10379] PostValidate of effect 'learn_language' returned false at file: common/scripted_effects/DI_court_position_spawner_overrides.txt line: 27 (DI_court_position_post_spawn_effect[args#2101251318])
[07:00:43][jomini_script_system.cpp:303] [original line 10380] Script system error!
  Error: learn_language effect [ Invalid database object 'language_norse' ]
  Script location: file: common/scripted_effects/DI_court_position_spawner_overrides.txt line: 29 (DI_court_position_post_spawn_effect[args#2101251318])
[07:00:43][jomini_effect.cpp:139] [original line 10384] PostValidate of effect 'learn_language' returned false at file: common/scripted_effects/DI_court_position_spawner_overrides.txt line: 29 (DI_court_position_post_spawn_effect[args#2101251318])
[07:00:43][jomini_script_system.cpp:303] [original line 10385] Script system error!
  Error: learn_language effect [ Invalid database object 'language_arabic' ]
  Script location: file: common/scripted_effects/DI_court_position_spawner_overrides.txt line: 26 (DI_court_position_post_spawn_effect[args#2101251318])
[07:00:43][jomini_effect.cpp:139] [original line 10389] PostValidate of effect 'learn_language' returned false at file: common/scripted_effects/DI_court_position_spawner_overrides.txt line: 26 (DI_court_position_post_spawn_effect[args#2101251318])
[07:00:43][jomini_script_system.cpp:303] [original line 10390] Script system error!
  Error: learn_language effect [ Invalid database object 'language_latin' ]
  Script location: file: common/scripted_effects/DI_court_position_spawner_overrides.txt line: 28 (DI_court_position_post_spawn_effect[args#2101251318])
[07:00:43][jomini_effect.cpp:139] [original line 10394] PostValidate of effect 'learn_language' returned false at file: common/scripted_effects/DI_court_position_spawner_overrides.txt line: 28 (DI_court_position_post_spawn_effect[args#2101251318])
[07:00:43][jomini_script_system.cpp:303] [original line 10395] Script system error!
  Error: add_trait effect [ target: Not found in database class CTraitDatabase ]
  Script location: file: common/scripted_effects/DI_present_effects.txt line: 20 (DI_personality_trait_randomizer_effect)
[07:00:43][jomini_effect.cpp:139] [original line 10399] PostValidate of effect 'add_trait' returned false at file: common/scripted_effects/DI_present_effects.txt line: 20 (DI_personality_trait_randomizer_effect)
[07:00:43][jomini_script_system.cpp:303] [original line 10400] Script system error!
  Error: add_trait effect [ target: Not found in database class CTraitDatabase ]
  Script location: file: common/scripted_effects/DI_present_effects.txt line: 21 (DI_personality_trait_randomizer_effect)
[07:00:43][jomini_effect.cpp:139] [original line 10404] PostValidate of effect 'add_trait' returned false at file: common/scripted_effects/DI_present_effects.txt line: 21 (DI_personality_trait_randomizer_effect)
[07:00:43][jomini_script_system.cpp:303] [original line 10405] Script system error!
  Error: remove_trait effect [ target: Not found in database class CTraitDatabase ]
  Script location: file: common/scripted_effects/DI_present_effects.txt line: 85 (DI_clear_personality_traits_effect)
[07:00:43][jomini_effect.cpp:139] [original line 10409] PostValidate of effect 'remove_trait' returned false at file: common/scripted_effects/DI_present_effects.txt line: 85 (DI_clear_personality_traits_effect)
[07:00:43][jomini_script_system.cpp:303] [original line 10410] Script system error!
  Error: remove_trait effect [ target: Not found in database class CTraitDatabase ]
  Script location: file: common/scripted_effects/DI_present_effects.txt line: 86 (DI_clear_personality_traits_effect)
[07:00:43][jomini_effect.cpp:139] [original line 10414] PostValidate of effect 'remove_trait' returned false at file: common/scripted_effects/DI_present_effects.txt line: 86 (DI_clear_personality_traits_effect)
[07:00:43][jomini_script_system.cpp:303] [original line 10415] Script system error!
  Error: has_trait trigger [ Cannot find honorable in trait database ]
  Script location: file: common/scripted_effects/DI_present_effects.txt line: 85 (DI_clear_personality_traits_effect)
[07:00:43][jomini_script_system.cpp:303] [original line 10419] Script system error!
  Error: has_trait trigger [ Cannot find ruthless in trait database ]
  Script location: file: common/scripted_effects/DI_present_effects.txt line: 86 (DI_clear_personality_traits_effect)
[07:00:43][pdx_persistent_reader.cpp:216] [original line 10423] Error: "Unknown modifier type: bond_with_dragon_scheme_success_chance_add, near line: 17
Unknown modifier type: bond_with_dragon_scheme_scheme_success_chance_add, near line: 24" in file: "common/modifier_definition_formats/agot_scheme_definitions.txt" near line: 29
[07:00:43][jomini_script_system.cpp:303] [original line 10425] Script system error!
  Error: has_game_rule trigger [ Invalid database object 'show_armor_enabled' ]
  Script location: file: gfx/portraits/portrait_modifiers/01_cloaks_base.txt line: 1333 (cloaks:weight)
[07:00:43][jomini_trigger.cpp:243] [original line 10429] PostValidate of trigger 'has_game_rule' returned false at file: gfx/portraits/portrait_modifiers/01_cloaks_base.txt line: 1333 (cloaks:weight)
[07:00:43][jomini_script_system.cpp:303] [original line 10430] Script system error!
  Error: has_game_rule trigger [ Invalid database object 'show_armor_enabled' ]
  Script location: file: gfx/portraits/portrait_modifiers/01_cloaks_base.txt line: 1338 (cloaks:weight)
[07:00:43][jomini_trigger.cpp:243] [original line 10434] PostValidate of trigger 'has_game_rule' returned false at file: gfx/portraits/portrait_modifiers/01_cloaks_base.txt line: 1338 (cloaks:weight)
[07:00:43][jomini_script_system.cpp:303] [original line 10435] Script system error!
  Error: has_game_rule trigger [ Invalid database object 'show_armor_enabled' ]
  Script location: file: gfx/portraits/portrait_modifiers/01_cloaks_base.txt line: 1642 (cloaks:weight)
[07:00:43][jomini_trigger.cpp:243] [original line 10439] PostValidate of trigger 'has_game_rule' returned false at file: gfx/portraits/portrait_modifiers/01_cloaks_base.txt line: 1642 (cloaks:weight)
[07:00:43][jomini_script_system.cpp:303] [original line 10440] Script system error!
  Error: has_game_rule trigger [ Invalid database object 'show_armor_enabled' ]
  Script location: file: gfx/portraits/portrait_modifiers/01_cloaks_base.txt line: 1684 (cloaks:weight)
[07:00:43][jomini_trigger.cpp:243] [original line 10444] PostValidate of trigger 'has_game_rule' returned false at file: gfx/portraits/portrait_modifiers/01_cloaks_base.txt line: 1684 (cloaks:weight)
[07:00:43][jomini_script_system.cpp:303] [original line 10445] Script system error!
  Error: has_game_rule trigger [ Invalid database object 'show_armor_enabled' ]
  Script location: file: gfx/portraits/portrait_modifiers/01_legwear_base.txt line: 871 (legwear:weight)
[07:00:43][jomini_trigger.cpp:243] [original line 10449] PostValidate of trigger 'has_game_rule' returned false at file: gfx/portraits/portrait_modifiers/01_legwear_base.txt line: 871 (legwear:weight)
[07:00:43][jomini_script_system.cpp:303] [original line 10450] Script system error!
  Error: has_game_rule trigger [ Invalid database object 'show_armor_enabled' ]
  Script location: file: gfx/portraits/portrait_modifiers/01_legwear_base.txt line: 898 (legwear:weight)
[07:00:43][jomini_trigger.cpp:243] [original line 10454] PostValidate of trigger 'has_game_rule' returned false at file: gfx/portraits/portrait_modifiers/01_legwear_base.txt line: 898 (legwear:weight)
[07:00:43][jomini_script_system.cpp:303] [original line 10455] Script system error!
  Error: has_game_rule trigger [ Invalid database object 'show_armor_enabled' ]
  Script location: file: gfx/portraits/portrait_modifiers/01_legwear_base.txt line: 937 (legwear:weight)
[07:00:43][jomini_trigger.cpp:243] [original line 10459] PostValidate of trigger 'has_game_rule' returned false at file: gfx/portraits/portrait_modifiers/01_legwear_base.txt line: 937 (legwear:weight)
[07:00:43][jomini_script_system.cpp:303] [original line 10460] Script system error!
  Error: has_game_rule trigger [ Invalid database object 'show_armor_enabled' ]
  Script location: file: gfx/portraits/portrait_modifiers/05_clothes_situational.txt line: 616 (clothes_situational:weight)
[07:00:43][jomini_trigger.cpp:243] [original line 10464] PostValidate of trigger 'has_game_rule' returned false at file: gfx/portraits/portrait_modifiers/05_clothes_situational.txt line: 616 (clothes_situational:weight)
[07:00:43][jomini_script_system.cpp:303] [original line 10465] Script system error!
  Error: has_game_rule trigger [ Invalid database object 'show_armor_enabled' ]
  Script location: file: gfx/portraits/portrait_modifiers/05_clothes_situational.txt line: 1062 (clothes_situational:weight)
[07:00:43][jomini_trigger.cpp:243] [original line 10469] PostValidate of trigger 'has_game_rule' returned false at file: gfx/portraits/portrait_modifiers/05_clothes_situational.txt line: 1062 (clothes_situational:weight)
[07:00:43][jomini_script_system.cpp:303] [original line 10470] Script system error!
  Error: has_game_rule trigger [ Invalid database object 'show_armor_enabled' ]
  Script location: file: gfx/portraits/portrait_modifiers/05_clothes_situational.txt line: 1109 (clothes_situational:weight)
[07:00:43][jomini_trigger.cpp:243] [original line 10474] PostValidate of trigger 'has_game_rule' returned false at file: gfx/portraits/portrait_modifiers/05_clothes_situational.txt line: 1109 (clothes_situational:weight)
[07:00:43][jomini_script_system.cpp:303] [original line 10475] Script system error!
  Error: has_game_rule trigger [ Invalid database object 'show_armor_enabled' ]
  Script location: file: gfx/portraits/portrait_modifiers/05_clothes_situational.txt line: 1158 (clothes_situational:weight)
[07:00:43][jomini_trigger.cpp:243] [original line 10479] PostValidate of trigger 'has_game_rule' returned false at file: gfx/portraits/portrait_modifiers/05_clothes_situational.txt line: 1158 (clothes_situational:weight)
[07:00:43][jomini_script_system.cpp:303] [original line 10480] Script system error!
  Error: has_game_rule trigger [ Invalid database object 'show_armor_enabled' ]
  Script location: file: gfx/portraits/portrait_modifiers/05_clothes_situational.txt line: 1202 (clothes_situational:weight)
[07:00:43][jomini_trigger.cpp:243] [original line 10484] PostValidate of trigger 'has_game_rule' returned false at file: gfx/portraits/portrait_modifiers/05_clothes_situational.txt line: 1202 (clothes_situational:weight)
[07:00:43][jomini_script_system.cpp:303] [original line 10485] Script system error!
  Error: has_game_rule trigger [ Invalid database object 'show_armor_enabled' ]
  Script location: file: gfx/portraits/portrait_modifiers/05_clothes_situational.txt line: 1248 (clothes_situational:weight)
[07:00:43][jomini_trigger.cpp:243] [original line 10489] PostValidate of trigger 'has_game_rule' returned false at file: gfx/portraits/portrait_modifiers/05_clothes_situational.txt line: 1248 (clothes_situational:weight)
[07:00:43][jomini_script_system.cpp:303] [original line 10490] Script system error!
  Error: has_game_rule trigger [ Invalid database object 'show_armor_enabled' ]
  Script location: file: gfx/portraits/portrait_modifiers/05_clothes_situational.txt line: 1292 (clothes_situational:weight)
[07:00:43][jomini_trigger.cpp:243] [original line 10494] PostValidate of trigger 'has_game_rule' returned false at file: gfx/portraits/portrait_modifiers/05_clothes_situational.txt line: 1292 (clothes_situational:weight)
[07:00:43][jomini_script_system.cpp:303] [original line 10495] Script system error!
  Error: has_game_rule trigger [ Invalid database object 'show_armor_enabled' ]
  Script location: file: gfx/portraits/portrait_modifiers/05_clothes_situational.txt line: 1338 (clothes_situational:weight)
[07:00:43][jomini_trigger.cpp:243] [original line 10499] PostValidate of trigger 'has_game_rule' returned false at file: gfx/portraits/portrait_modifiers/05_clothes_situational.txt line: 1338 (clothes_situational:weight)
[07:00:43][jomini_script_system.cpp:303] [original line 10500] Script system error!
  Error: has_game_rule trigger [ Invalid database object 'show_armor_enabled' ]
  Script location: file: gfx/portraits/portrait_modifiers/05_clothes_situational.txt line: 1382 (clothes_situational:weight)
[07:00:43][jomini_trigger.cpp:243] [original line 10504] PostValidate of trigger 'has_game_rule' returned false at file: gfx/portraits/portrait_modifiers/05_clothes_situational.txt line: 1382 (clothes_situational:weight)
[07:00:43][jomini_script_system.cpp:303] [original line 10505] Script system error!
  Error: has_game_rule trigger [ Invalid database object 'show_armor_enabled' ]
  Script location: file: gfx/portraits/portrait_modifiers/05_clothes_situational.txt line: 1428 (clothes_situational:weight)
[07:00:43][jomini_trigger.cpp:243] [original line 10509] PostValidate of trigger 'has_game_rule' returned false at file: gfx/portraits/portrait_modifiers/05_clothes_situational.txt line: 1428 (clothes_situational:weight)
[07:00:43][jomini_script_system.cpp:303] [original line 10510] Script system error!
  Error: has_game_rule trigger [ Invalid database object 'show_armor_enabled' ]
  Script location: file: gfx/portraits/portrait_modifiers/05_clothes_situational.txt line: 1472 (clothes_situational:weight)
[07:00:43][jomini_trigger.cpp:243] [original line 10514] PostValidate of trigger 'has_game_rule' returned false at file: gfx/portraits/portrait_modifiers/05_clothes_situational.txt line: 1472 (clothes_situational:weight)
[07:00:43][jomini_script_system.cpp:303] [original line 10515] Script system error!
  Error: has_game_rule trigger [ Invalid database object 'show_armor_enabled' ]
  Script location: file: gfx/portraits/portrait_modifiers/05_clothes_situational.txt line: 1518 (clothes_situational:weight)
[07:00:43][jomini_trigger.cpp:243] [original line 10519] PostValidate of trigger 'has_game_rule' returned false at file: gfx/portraits/portrait_modifiers/05_clothes_situational.txt line: 1518 (clothes_situational:weight)
[07:00:43][jomini_script_system.cpp:303] [original line 10520] Script system error!
  Error: has_game_rule trigger [ Invalid database object 'show_armor_enabled' ]
  Script location: file: gfx/portraits/portrait_modifiers/05_clothes_situational.txt line: 1562 (clothes_situational:weight)
[07:00:43][jomini_trigger.cpp:243] [original line 10524] PostValidate of trigger 'has_game_rule' returned false at file: gfx/portraits/portrait_modifiers/05_clothes_situational.txt line: 1562 (clothes_situational:weight)
[07:00:43][jomini_script_system.cpp:303] [original line 10525] Script system error!
  Error: has_game_rule trigger [ Invalid database object 'show_armor_enabled' ]
  Script location: file: gfx/portraits/portrait_modifiers/05_headgear_situational.txt line: 338 (headgear_situational:weight)
[07:00:43][jomini_trigger.cpp:243] [original line 10529] PostValidate of trigger 'has_game_rule' returned false at file: gfx/portraits/portrait_modifiers/05_headgear_situational.txt line: 338 (headgear_situational:weight)
[07:00:43][jomini_script_system.cpp:303] [original line 10530] Script system error!
  Error: has_game_rule trigger [ Invalid database object 'show_armor_enabled' ]
  Script location: file: gfx/portraits/portrait_modifiers/05_headgear_situational.txt line: 395 (headgear_situational:weight)
[07:00:43][jomini_trigger.cpp:243] [original line 10534] PostValidate of trigger 'has_game_rule' returned false at file: gfx/portraits/portrait_modifiers/05_headgear_situational.txt line: 395 (headgear_situational:weight)
[07:00:43][jomini_script_system.cpp:303] [original line 10535] Script system error!
  Error: has_game_rule trigger [ Invalid database object 'show_armor_enabled' ]
  Script location: file: gfx/portraits/portrait_modifiers/05_headgear_situational.txt line: 3127 (headgear_situational:weight)
[07:00:43][jomini_trigger.cpp:243] [original line 10539] PostValidate of trigger 'has_game_rule' returned false at file: gfx/portraits/portrait_modifiers/05_headgear_situational.txt line: 3127 (headgear_situational:weight)
[07:00:43][jomini_script_system.cpp:303] [original line 10540] Script system error!
  Error: has_game_rule trigger [ Invalid database object 'show_armor_enabled' ]
  Script location: file: gfx/portraits/portrait_modifiers/05_headgear_situational.txt line: 3174 (headgear_situational:weight)
[07:00:43][jomini_trigger.cpp:243] [original line 10544] PostValidate of trigger 'has_game_rule' returned false at file: gfx/portraits/portrait_modifiers/05_headgear_situational.txt line: 3174 (headgear_situational:weight)
[07:00:43][jomini_script_system.cpp:303] [original line 10545] Script system error!
  Error: has_game_rule trigger [ Invalid database object 'show_armor_enabled' ]
  Script location: file: gfx/portraits/portrait_modifiers/05_headgear_situational.txt line: 3222 (headgear_situational:weight)
[07:00:43][jomini_trigger.cpp:243] [original line 10549] PostValidate of trigger 'has_game_rule' returned false at file: gfx/portraits/portrait_modifiers/05_headgear_situational.txt line: 3222 (headgear_situational:weight)
[07:00:43][jomini_script_system.cpp:303] [original line 10550] Script system error!
  Error: has_game_rule trigger [ Invalid database object 'show_armor_enabled' ]
  Script location: file: gfx/portraits/portrait_modifiers/05_headgear_situational.txt line: 3266 (headgear_situational:weight)
[07:00:43][jomini_trigger.cpp:243] [original line 10554] PostValidate of trigger 'has_game_rule' returned false at file: gfx/portraits/portrait_modifiers/05_headgear_situational.txt line: 3266 (headgear_situational:weight)
[07:00:43][jomini_script_system.cpp:303] [original line 10555] Script system error!
  Error: has_game_rule trigger [ Invalid database object 'show_armor_enabled' ]
  Script location: file: gfx/portraits/portrait_modifiers/05_headgear_situational.txt line: 3310 (headgear_situational:weight)
[07:00:43][jomini_trigger.cpp:243] [original line 10559] PostValidate of trigger 'has_game_rule' returned false at file: gfx/portraits/portrait_modifiers/05_headgear_situational.txt line: 3310 (headgear_situational:weight)
[07:00:43][jomini_script_system.cpp:303] [original line 10560] Script system error!
  Error: has_game_rule trigger [ Invalid database object 'show_armor_enabled' ]
  Script location: file: gfx/portraits/portrait_modifiers/05_headgear_situational.txt line: 3355 (headgear_situational:weight)
[07:00:43][jomini_trigger.cpp:243] [original line 10564] PostValidate of trigger 'has_game_rule' returned false at file: gfx/portraits/portrait_modifiers/05_headgear_situational.txt line: 3355 (headgear_situational:weight)
[07:00:43][jomini_script_system.cpp:303] [original line 10565] Script system error!
  Error: is_struggle_type trigger [ Invalid database object 'persian_struggle' ]
  Script location: file: common/character_interactions/DI_character_interaction.txt line: 1415 (DI_arrange_marriage_interaction:is_shown)
[07:00:43][jomini_trigger.cpp:243] [original line 10569] PostValidate of trigger 'is_struggle_type' returned false at file: common/character_interactions/DI_character_interaction.txt line: 1415 (DI_arrange_marriage_interaction:is_shown)
[07:00:43][jomini_script_system.cpp:303] [original line 10570] Script system error!
  Error: has_struggle_phase_parameter trigger [ Bool phase parameter 'can_trade_piety_for_marriage_acceptance' does not exist ]
  Script location: file: common/character_interactions/DI_character_interaction.txt line: 1416 (DI_arrange_marriage_interaction:is_shown)
[07:00:43][jomini_trigger.cpp:243] [original line 10574] PostValidate of trigger 'has_struggle_phase_parameter' returned false at file: common/character_interactions/DI_character_interaction.txt line: 1416 (DI_arrange_marriage_interaction:is_shown)
[07:00:43][jomini_script_system.cpp:303] [original line 10575] Script system error!
  Error: is_struggle_type trigger [ Invalid database object 'persian_struggle' ]
  Script location: file: common/character_interactions/DI_character_interaction.txt line: 1424 (DI_arrange_marriage_interaction:is_valid)
[07:00:43][jomini_trigger.cpp:243] [original line 10579] PostValidate of trigger 'is_struggle_type' returned false at file: common/character_interactions/DI_character_interaction.txt line: 1424 (DI_arrange_marriage_interaction:is_valid)
[07:00:43][jomini_script_system.cpp:303] [original line 10580] Script system error!
  Error: is_struggle_type trigger [ Invalid database object 'persian_struggle' ]
  Script location: file: common/character_interactions/DI_character_interaction.txt line: 1430 (DI_arrange_marriage_interaction:is_valid)
[07:00:43][jomini_trigger.cpp:243] [original line 10584] PostValidate of trigger 'is_struggle_type' returned false at file: common/character_interactions/DI_character_interaction.txt line: 1430 (DI_arrange_marriage_interaction:is_valid)
[07:00:43][jomini_script_system.cpp:303] [original line 10585] Script system error!
  Error: has_game_rule trigger [ Invalid database object 'agot_shatter_empires' ]
  Script location: file: common/on_action/ntc_artifacts_startdate.txt line: 128 (ntc_artifact_shattered_kingdoms)
[07:00:43][jomini_trigger.cpp:243] [original line 10589] PostValidate of trigger 'has_game_rule' returned false at file: common/on_action/ntc_artifacts_startdate.txt line: 128 (ntc_artifact_shattered_kingdoms)
[07:00:43][jomini_script_system.cpp:303] [original line 10590] Script system error!
  Error: is_in_family trigger [ Invalid database object 'rf_abrahamic' ]
  Script location: file: common/scripted_effects/DI_char_spawner_effects.txt line: 1464 (DI_char_spawner_resolve_origin_effect)
[07:00:43][jomini_trigger.cpp:243] [original line 10594] PostValidate of trigger 'is_in_family' returned false at file: common/scripted_effects/DI_char_spawner_effects.txt line: 1464 (DI_char_spawner_resolve_origin_effect)
[07:00:43][jomini_script_system.cpp:303] [original line 10595] Script system error!
  Error: is_in_family trigger [ Invalid database object 'rf_abrahamic' ]
  Script location: file: common/scripted_effects/DI_char_spawner_effects.txt line: 1466 (DI_char_spawner_resolve_origin_effect)
[07:00:43][jomini_trigger.cpp:243] [original line 10599] PostValidate of trigger 'is_in_family' returned false at file: common/scripted_effects/DI_char_spawner_effects.txt line: 1466 (DI_char_spawner_resolve_origin_effect)
[07:00:43][jomini_script_system.cpp:303] [original line 10600] Script system error!
  Error: is_in_family trigger [ Invalid database object 'rf_eastern' ]
  Script location: file: common/scripted_effects/DI_char_spawner_effects.txt line: 1470 (DI_char_spawner_resolve_origin_effect)
[07:00:43][jomini_trigger.cpp:243] [original line 10604] PostValidate of trigger 'is_in_family' returned false at file: common/scripted_effects/DI_char_spawner_effects.txt line: 1470 (DI_char_spawner_resolve_origin_effect)
[07:00:43][jomini_script_system.cpp:303] [original line 10605] Script system error!
  Error: is_in_family trigger [ Invalid database object 'rf_eastern' ]
  Script location: file: common/scripted_effects/DI_char_spawner_effects.txt line: 1472 (DI_char_spawner_resolve_origin_effect)
[07:00:43][jomini_trigger.cpp:243] [original line 10609] PostValidate of trigger 'is_in_family' returned false at file: common/scripted_effects/DI_char_spawner_effects.txt line: 1472 (DI_char_spawner_resolve_origin_effect)
[07:00:43][jomini_script_system.cpp:303] [original line 10610] Script system error!
  Error: is_in_family trigger [ Invalid database object 'rf_sinitic' ]
  Script location: file: common/scripted_effects/DI_char_spawner_effects.txt line: 1476 (DI_char_spawner_resolve_origin_effect)
[07:00:43][jomini_trigger.cpp:243] [original line 10614] PostValidate of trigger 'is_in_family' returned false at file: common/scripted_effects/DI_char_spawner_effects.txt line: 1476 (DI_char_spawner_resolve_origin_effect)
[07:00:43][jomini_script_system.cpp:303] [original line 10615] Script system error!
  Error: is_in_family trigger [ Invalid database object 'rf_sinitic' ]
  Script location: file: common/scripted_effects/DI_char_spawner_effects.txt line: 1478 (DI_char_spawner_resolve_origin_effect)
[07:00:43][jomini_trigger.cpp:243] [original line 10619] PostValidate of trigger 'is_in_family' returned false at file: common/scripted_effects/DI_char_spawner_effects.txt line: 1478 (DI_char_spawner_resolve_origin_effect)
[07:00:43][jomini_script_system.cpp:303] [original line 10620] Script system error!
  Error: is_in_family trigger [ Invalid database object 'rf_pagan' ]
  Script location: file: common/scripted_effects/DI_char_spawner_effects.txt line: 1482 (DI_char_spawner_resolve_origin_effect)
[07:00:43][jomini_trigger.cpp:243] [original line 10624] PostValidate of trigger 'is_in_family' returned false at file: common/scripted_effects/DI_char_spawner_effects.txt line: 1482 (DI_char_spawner_resolve_origin_effect)
[07:00:43][jomini_script_system.cpp:303] [original line 10625] Script system error!
  Error: is_in_family trigger [ Invalid database object 'rf_pagan' ]
  Script location: file: common/scripted_effects/DI_char_spawner_effects.txt line: 1484 (DI_char_spawner_resolve_origin_effect)
[07:00:43][jomini_trigger.cpp:243] [original line 10629] PostValidate of trigger 'is_in_family' returned false at file: common/scripted_effects/DI_char_spawner_effects.txt line: 1484 (DI_char_spawner_resolve_origin_effect)
[07:00:43][jomini_script_system.cpp:303] [original line 10630] Script system error!
  Error: has_cultural_parameter trigger [ Bool culture parameter 'can_build_quarries_in_hills' does not exist ]
  Script location: file: common/scripted_triggers/cowagot_building_requirement_triggers.txt line: 12 (building_quarries_requirement_terrain)
[07:00:43][jomini_trigger.cpp:243] [original line 10634] PostValidate of trigger 'has_cultural_parameter' returned false at file: common/scripted_triggers/cowagot_building_requirement_triggers.txt line: 12 (building_quarries_requirement_terrain)
[07:00:43][jomini_script_system.cpp:303] [original line 10635] Script system error!
  Error: has_game_rule trigger [ Invalid database object 'tgc_enabled_enabled' ]
  Script location: file: common/scripted_triggers/tgc_loaded_trigger.txt line: 11 (tgc_standard_equipment_trigger)
[07:00:43][jomini_trigger.cpp:243] [original line 10639] PostValidate of trigger 'has_game_rule' returned false at file: common/scripted_triggers/tgc_loaded_trigger.txt line: 11 (tgc_standard_equipment_trigger)
[07:00:43][jomini_script_system.cpp:303] [original line 10640] Script system error!
  Error: has_game_rule trigger [ Invalid database object 'tgc_enabled_enabled' ]
  Script location: file: common/scripted_triggers/tgc_loaded_trigger.txt line: 59 (tgc_captain_equipment_trigger)
[07:00:43][jomini_trigger.cpp:243] [original line 10644] PostValidate of trigger 'has_game_rule' returned false at file: common/scripted_triggers/tgc_loaded_trigger.txt line: 59 (tgc_captain_equipment_trigger)
[07:00:43][jomini_script_system.cpp:303] [original line 10645] Script system error!
  Error: has_game_rule trigger [ Invalid database object 'tgc_enabled_enabled' ]
  Script location: file: common/scripted_triggers/tgc_loaded_trigger.txt line: 94 (tgc_blackfyre_or_targ_equipment_trigger)
[07:00:43][jomini_trigger.cpp:243] [original line 10649] PostValidate of trigger 'has_game_rule' returned false at file: common/scripted_triggers/tgc_loaded_trigger.txt line: 94 (tgc_blackfyre_or_targ_equipment_trigger)
[07:00:43][jomini_script_system.cpp:303] [original line 10650] Script system error!
  Error: has_game_rule trigger [ Invalid database object 'tgc_blackfyre_enabled' ]
  Script location: file: common/scripted_triggers/tgc_loaded_trigger.txt line: 104 (tgc_blackfyre_equipment_trigger)
[07:00:43][jomini_trigger.cpp:243] [original line 10654] PostValidate of trigger 'has_game_rule' returned false at file: common/scripted_triggers/tgc_loaded_trigger.txt line: 104 (tgc_blackfyre_equipment_trigger)
[07:00:43][jomini_script_system.cpp:303] [original line 10655] Script system error!
  Error: has_game_rule trigger [ Invalid database object 'tgc_faegon_enabled' ]
  Script location: file: common/scripted_triggers/tgc_loaded_trigger.txt line: 120 (tgc_blackfyre_equipment_trigger)
[07:00:43][jomini_trigger.cpp:243] [original line 10659] PostValidate of trigger 'has_game_rule' returned false at file: common/scripted_triggers/tgc_loaded_trigger.txt line: 120 (tgc_blackfyre_equipment_trigger)
[07:00:43][jomini_script_system.cpp:303] [original line 10660] Script system error!
  Error: has_game_rule trigger [ Invalid database object 'tgc_faegon_enabled' ]
  Script location: file: common/scripted_triggers/tgc_loaded_trigger.txt line: 140 (tgc_targaryen_equipment_trigger)
[07:00:43][jomini_trigger.cpp:243] [original line 10664] PostValidate of trigger 'has_game_rule' returned false at file: common/scripted_triggers/tgc_loaded_trigger.txt line: 140 (tgc_targaryen_equipment_trigger)
[07:00:43][jomini_script_system.cpp:303] [original line 10665] Script system error!
  Error: has_game_rule trigger [ Invalid database object 'tgc_enabled_enabled' ]
  Script location: file: common/scripted_triggers/tgc_loaded_trigger.txt line: 163 (tgc_blackfyre_house_equipment_trigger)
[07:00:43][jomini_trigger.cpp:243] [original line 10669] PostValidate of trigger 'has_game_rule' returned false at file: common/scripted_triggers/tgc_loaded_trigger.txt line: 163 (tgc_blackfyre_house_equipment_trigger)
[07:00:43][jomini_script_system.cpp:303] [original line 10670] Script system error!
  Error: has_game_rule trigger [ Invalid database object 'tgc_blackfyre_enabled' ]
  Script location: file: common/scripted_triggers/tgc_loaded_trigger.txt line: 164 (tgc_blackfyre_house_equipment_trigger)
[07:00:43][jomini_trigger.cpp:243] [original line 10674] PostValidate of trigger 'has_game_rule' returned false at file: common/scripted_triggers/tgc_loaded_trigger.txt line: 164 (tgc_blackfyre_house_equipment_trigger)
[07:00:43][jomini_effect.cpp:1161] [original line 10675] Flag 'dany' is used but is never set. Setting it in an unused scripted trigger or effect does not count
[07:00:43][jomini_effect.cpp:1161] [original line 10676] Flag 'unknown_holding' is used but is never set. Setting it in an unused scripted trigger or effect does not count
[07:00:43][jomini_effect.cpp:1161] [original line 10677] Flag 'viserys' is used but is never set. Setting it in an unused scripted trigger or effect does not count
[07:00:43][jomini_effect.cpp:1161] [original line 10678] Flag 'highlight_special_buildings_map' is used but is never set. Setting it in an unused scripted trigger or effect does not count
[07:00:43][jomini_effect.cpp:1161] [original line 10679] Flag 'blackDarkRed' is used but is never set. Setting it in an unused scripted trigger or effect does not count
[07:00:43][jomini_effect.cpp:1161] [original line 10680] Flag 'faegon' is used but is never set. Setting it in an unused scripted trigger or effect does not count
[07:00:43][jomini_effect.cpp:1161] [original line 10681] Flag 'ruin_holding' is used but is never set. Setting it in an unused scripted trigger or effect does not count
[07:00:43][jomini_effect.cpp:1161] [original line 10682] Flag 'roland_crown' is used but is never set. Setting it in an unused scripted trigger or effect does not count
[07:00:43][jomini_effect.cpp:1161] [original line 10683] Flag 'iceFire' is used but is never set. Setting it in an unused scripted trigger or effect does not count
[07:00:43][jomini_effect.cpp:1161] [original line 10684] Flag 'pirate_den_holding' is used but is never set. Setting it in an unused scripted trigger or effect does not count
[07:00:43][jomini_effect.cpp:1161] [original line 10685] Flag 'wilderness_holding' is used but is never set. Setting it in an unused scripted trigger or effect does not count
[07:00:43][jomini_effect.cpp:1161] [original line 10686] Flag 'settlement_holding' is used but is never set. Setting it in an unused scripted trigger or effect does not count
[07:00:43][jomini_effect.cpp:1161] [original line 10687] Flag 'monastery_holding' is used but is never set. Setting it in an unused scripted trigger or effect does not count
[07:00:43][jomini_effect.cpp:1145] [original line 10688] Flag 'all_found' is set but is never used. Note that use in localization doesn't count due to technical limitations. Use in unused scripted triggers and effects also does not count
[07:00:43][jomini_effect.cpp:1145] [original line 10689] Flag 'highlight_cow_provinces_map' is set but is never used. Note that use in localization doesn't count due to technical limitations. Use in unused scripted triggers and effects also does not count
[07:00:43][jomini_effect.cpp:1145] [original line 10690] Flag 'DI_subtype_throne' is set but is never used. Note that use in localization doesn't count due to technical limitations. Use in unused scripted triggers and effects also does not count
[07:00:43][jomini_effect.cpp:1145] [original line 10691] Flag 'global' is set but is never used. Note that use in localization doesn't count due to technical limitations. Use in unused scripted triggers and effects also does not count
[07:00:43][jomini_effect.cpp:1161] [original line 10692] Variable 'asoiaf_Stark_8_cc' is used but is never set. Setting it in an unused scripted trigger or effect does not count
[07:00:43][jomini_effect.cpp:1161] [original line 10693] Variable 'asoiaf_Stark_84_cc' is used but is never set. Setting it in an unused scripted trigger or effect does not count
[07:00:43][jomini_effect.cpp:1161] [original line 10694] Variable 'asoiaf_Stark_96_cc' is used but is never set. Setting it in an unused scripted trigger or effect does not count
[07:00:43][jomini_effect.cpp:1161] [original line 10695] Variable 'is_Durrandon_51' is used but is never set. Setting it in an unused scripted trigger or effect does not count
[07:00:43][jomini_effect.cpp:1161] [original line 10696] Variable 'highlight_cow_provinces_map' is used but is never set. Setting it in an unused scripted trigger or effect does not count
[07:00:43][jomini_effect.cpp:1161] [original line 10697] Variable 'is_jon_snow' is used but is never set. Setting it in an unused scripted trigger or effect does not count
[07:00:43][jomini_effect.cpp:1161] [original line 10698] Variable 'asoiaf_Stark_97_cc' is used but is never set. Setting it in an unused scripted trigger or effect does not count
[07:00:43][jomini_effect.cpp:1161] [original line 10699] Variable 'kingsguard_armour' is used but is never set. Setting it in an unused scripted trigger or effect does not count
[07:00:43][jomini_effect.cpp:1161] [original line 10700] Variable 'is_baratheon_6' is used but is never set. Setting it in an unused scripted trigger or effect does not count
[07:00:43][jomini_effect.cpp:1161] [original line 10701] Variable 'swordman_armor_artifact' is used but is never set. Setting it in an unused scripted trigger or effect does not count
[07:00:43][jomini_effect.cpp:1161] [original line 10702] Variable 'asoiaf_Stark_99_cc' is used but is never set. Setting it in an unused scripted trigger or effect does not count
[07:00:43][jomini_effect.cpp:1161] [original line 10703] Variable 'asoiaf_Stark_2_cc' is used but is never set. Setting it in an unused scripted trigger or effect does not count
[07:00:43][jomini_effect.cpp:1161] [original line 10704] Variable 'maekars_crown' is used but is never set. Setting it in an unused scripted trigger or effect does not count
[07:00:43][jomini_effect.cpp:1161] [original line 10705] Variable 'asoiaf_Stark_101_cc' is used but is never set. Setting it in an unused scripted trigger or effect does not count
[07:00:43][jomini_effect.cpp:1161] [original line 10706] Variable 'brightboar_enabled' is used but is never set. Setting it in an unused scripted trigger or effect does not count
[07:00:43][jomini_effect.cpp:1161] [original line 10707] Variable 'asoiaf_Stark_1_cc' is used but is never set. Setting it in an unused scripted trigger or effect does not count
[07:00:43][jomini_effect.cpp:1161] [original line 10708] Variable 'Aotk_enabled' is used but is never set. Setting it in an unused scripted trigger or effect does not count
[07:00:43][jomini_effect.cpp:1161] [original line 10709] Variable 'asoiaf_Stark_87_cc' is used but is never set. Setting it in an unused scripted trigger or effect does not count
[07:00:43][jomini_effect.cpp:1161] [original line 10710] Variable 'crown_aegon_baelor_artifact' is used but is never set. Setting it in an unused scripted trigger or effect does not count
[07:00:43][jomini_effect.cpp:1161] [original line 10711] Variable 'asoiaf_Stark_95_cc' is used but is never set. Setting it in an unused scripted trigger or effect does not count
[07:00:43][jomini_effect.cpp:1161] [original line 10712] Variable 'asoiaf_Stark_11_cc' is used but is never set. Setting it in an unused scripted trigger or effect does not count
[07:00:43][jomini_effect.cpp:1161] [original line 10713] Variable 'asoiaf_Stark_9_cc' is used but is never set. Setting it in an unused scripted trigger or effect does not count
[07:00:43][jomini_effect.cpp:1161] [original line 10714] Variable 'asoiaf_Stark_88_cc' is used but is never set. Setting it in an unused scripted trigger or effect does not count
[07:00:43][jomini_effect.cpp:1161] [original line 10715] Variable 'asoiaf_Stark_100_cc' is used but is never set. Setting it in an unused scripted trigger or effect does not count
[07:00:43][jomini_effect.cpp:1161] [original line 10716] Variable 'tgc_enabled' is used but is never set. Setting it in an unused scripted trigger or effect does not count
[07:00:43][jomini_effect.cpp:1161] [original line 10717] Variable 'asoiaf_Stark_3_cc' is used but is never set. Setting it in an unused scripted trigger or effect does not count
[07:00:43][jomini_effect.cpp:1161] [original line 10718] Variable 'asoiaf_Stark_5_cc' is used but is never set. Setting it in an unused scripted trigger or effect does not count
[07:00:43][jomini_effect.cpp:1161] [original line 10719] Variable 'asoiaf_Stark_6_cc' is used but is never set. Setting it in an unused scripted trigger or effect does not count
[07:00:43][jomini_effect.cpp:1161] [original line 10720] Variable 'asoiaf_Stark_102_cc' is used but is never set. Setting it in an unused scripted trigger or effect does not count
[07:00:43][jomini_effect.cpp:1161] [original line 10721] Variable 'app_enabled' is used but is never set. Setting it in an unused scripted trigger or effect does not count
[07:00:43][jomini_effect.cpp:1161] [original line 10722] Variable 'asoiaf_Stark_94_cc' is used but is never set. Setting it in an unused scripted trigger or effect does not count
[07:00:43][jomini_effect.cpp:1161] [original line 10723] Variable 'faegon_main_character' is used but is never set. Setting it in an unused scripted trigger or effect does not count
[07:00:43][jomini_effect.cpp:1161] [original line 10724] Variable 'asoiaf_Stark_10_cc' is used but is never set. Setting it in an unused scripted trigger or effect does not count
[07:00:43][jomini_effect.cpp:1161] [original line 10725] Variable 'asoiaf_Stark_4_cc' is used but is never set. Setting it in an unused scripted trigger or effect does not count
[07:00:43][jomini_effect.cpp:1161] [original line 10726] Variable 'kingsguard_choice' is used but is never set. Setting it in an unused scripted trigger or effect does not count
[07:00:43][jomini_effect.cpp:1161] [original line 10727] Variable 'seafoam' is used but is never set. Setting it in an unused scripted trigger or effect does not count
[07:00:43][jomini_effect.cpp:1161] [original line 10728] Variable 'asoiaf_Stark_98_cc' is used but is never set. Setting it in an unused scripted trigger or effect does not count
[07:00:43][jomini_effect.cpp:1161] [original line 10729] Variable 'asoiaf_Stark_103_cc' is used but is never set. Setting it in an unused scripted trigger or effect does not count
[07:00:43][jomini_effect.cpp:1161] [original line 10730] Variable 'blackfyre' is used but is never set. Setting it in an unused scripted trigger or effect does not count
[07:00:43][jomini_effect.cpp:1161] [original line 10731] Variable 'captains_sword' is used but is never set. Setting it in an unused scripted trigger or effect does not count
[07:00:43][jomini_effect.cpp:1161] [original line 10732] Variable 'darksister' is used but is never set. Setting it in an unused scripted trigger or effect does not count
[07:00:43][jomini_effect.cpp:1161] [original line 10733] Variable 'asoiaf_Stark_86_cc' is used but is never set. Setting it in an unused scripted trigger or effect does not count
[07:00:43][jomini_effect.cpp:1161] [original line 10734] Variable 'asoiaf_Stark_7_cc' is used but is never set. Setting it in an unused scripted trigger or effect does not count
[07:00:43][jomini_effect.cpp:1145] [original line 10735] Variable 'asoiaf_is_needle' is set but is never used. Note that use in localization doesn't count due to technical limitations. Use in unused scripted triggers and effects also does not count
[07:00:43][jomini_effect.cpp:1145] [original line 10736] Variable 'pincer_artifact' is set but is never used. Note that use in localization doesn't count due to technical limitations. Use in unused scripted triggers and effects also does not count
[07:00:43][jomini_effect.cpp:1145] [original line 10737] Variable 'seafoam_artifact' is set but is never used. Note that use in localization doesn't count due to technical limitations. Use in unused scripted triggers and effects also does not count
[07:00:43][jomini_effect.cpp:1145] [original line 10738] Variable 'asoiaf_canon_children_Cole_11_born_variable' is set but is never used. Note that use in localization doesn't count due to technical limitations. Use in unused scripted triggers and effects also does not count
[07:00:43][jomini_effect.cpp:1145] [original line 10739] Variable 'asoiaf_canon_children_Reed_1_born_variable' is set but is never used. Note that use in localization doesn't count due to technical limitations. Use in unused scripted triggers and effects also does not count
[07:00:43][jomini_effect.cpp:1145] [original line 10740] Variable 'asoiaf_canon_children_Targaryen_27_born_variable' is set but is never used. Note that use in localization doesn't count due to technical limitations. Use in unused scripted triggers and effects also does not count
[07:00:43][jomini_effect.cpp:1145] [original line 10741] Variable 'asoiaf_canon_children_Karstark_4_born_variable' is set but is never used. Note that use in localization doesn't count due to technical limitations. Use in unused scripted triggers and effects also does not count
[07:00:43][jomini_effect.cpp:1145] [original line 10742] Variable 'asoiaf_canon_children_Targaryen_28_born_variable' is set but is never used. Note that use in localization doesn't count due to technical limitations. Use in unused scripted triggers and effects also does not count
[07:00:43][jomini_effect.cpp:1145] [original line 10743] Variable 'DI_artifact_subtype_display' is set but is never used. Note that use in localization doesn't count due to technical limitations. Use in unused scripted triggers and effects also does not count
[07:00:43][jomini_effect.cpp:1145] [original line 10744] Variable 'asoiaf_canon_children_Baelish_2_born_variable' is set but is never used. Note that use in localization doesn't count due to technical limitations. Use in unused scripted triggers and effects also does not count
[07:00:43][jomini_effect.cpp:1145] [original line 10745] Variable 'dark_sister_artifact' is set but is never used. Note that use in localization doesn't count due to technical limitations. Use in unused scripted triggers and effects also does not count
[07:00:43][jomini_effect.cpp:1145] [original line 10746] Variable 'asoiaf_canon_children_Arryn_3_born_variable' is set but is never used. Note that use in localization doesn't count due to technical limitations. Use in unused scripted triggers and effects also does not count
[07:00:43][jomini_effect.cpp:1145] [original line 10747] Variable 'COWAGOT_is_loaded' is set but is never used. Note that use in localization doesn't count due to technical limitations. Use in unused scripted triggers and effects also does not count
[07:00:43][jomini_effect.cpp:1145] [original line 10748] Variable 'agot_faegon_jae_birth_year' is set but is never used. Note that use in localization doesn't count due to technical limitations. Use in unused scripted triggers and effects also does not count
[07:00:43][jomini_effect.cpp:1145] [original line 10749] Variable 'asoiaf_is_krakenfall' is set but is never used. Note that use in localization doesn't count due to technical limitations. Use in unused scripted triggers and effects also does not count
[07:00:43][jomini_effect.cpp:1145] [original line 10750] Variable 'asoiaf_canon_children_Baratheon_baby_born_variable' is set but is never used. Note that use in localization doesn't count due to technical limitations. Use in unused scripted triggers and effects also does not count
[07:00:43][jomini_effect.cpp:1145] [original line 10751] Variable 'asoiaf_canon_children_Targaryen_95_born_variable' is set but is never used. Note that use in localization doesn't count due to technical limitations. Use in unused scripted triggers and effects also does not count
[07:00:43][jomini_effect.cpp:1145] [original line 10752] Variable 'asoiaf_canon_children_Arryn_84_born_variable' is set but is never used. Note that use in localization doesn't count due to technical limitations. Use in unused scripted triggers and effects also does not count
[07:00:43][jomini_effect.cpp:1145] [original line 10753] Variable 'DI_artifact_quality_display' is set but is never used. Note that use in localization doesn't count due to technical limitations. Use in unused scripted triggers and effects also does not count
[07:00:43][jomini_effect.cpp:1145] [original line 10754] Variable 'asoiaf_is_red_vipers_spear' is set but is never used. Note that use in localization doesn't count due to technical limitations. Use in unused scripted triggers and effects also does not count
[07:00:43][jomini_effect.cpp:1145] [original line 10755] Variable 'agot_faegon_jon_snow_char' is set but is never used. Note that use in localization doesn't count due to technical limitations. Use in unused scripted triggers and effects also does not count
[07:00:43][jomini_effect.cpp:1145] [original line 10756] Variable 'asoiaf_canon_children_Stark_1_born_variable' is set but is never used. Note that use in localization doesn't count due to technical limitations. Use in unused scripted triggers and effects also does not count
[07:00:43][jomini_effect.cpp:1145] [original line 10757] Variable 'asoiaf_canon_children_Strong_29_born_variable' is set but is never used. Note that use in localization doesn't count due to technical limitations. Use in unused scripted triggers and effects also does not count
[07:00:43][jomini_effect.cpp:1145] [original line 10758] Variable 'DI_artifact_category_display' is set but is never used. Note that use in localization doesn't count due to technical limitations. Use in unused scripted triggers and effects also does not count
[07:00:43][jomini_effect.cpp:1145] [original line 10759] Variable 'asoiaf_canon_children_Tyrell_4_born_variable' is set but is never used. Note that use in localization doesn't count due to technical limitations. Use in unused scripted triggers and effects also does not count
[07:00:43][jomini_effect.cpp:1145] [original line 10760] Variable 'asoiaf_canon_children_Baratheon_75_born_variable' is set but is never used. Note that use in localization doesn't count due to technical limitations. Use in unused scripted triggers and effects also does not count
[07:00:43][jomini_effect.cpp:1145] [original line 10761] Variable 'asoiaf_canon_children_Stark_84_born_variable' is set but is never used. Note that use in localization doesn't count due to technical limitations. Use in unused scripted triggers and effects also does not count
[07:00:43][jomini_effect.cpp:1145] [original line 10762] Variable 'asoiaf_canon_children_Arryn_80_born_variable' is set but is never used. Note that use in localization doesn't count due to technical limitations. Use in unused scripted triggers and effects also does not count
[07:00:43][jomini_effect.cpp:1145] [original line 10763] Variable 'blackfyre_artifact' is set but is never used. Note that use in localization doesn't count due to technical limitations. Use in unused scripted triggers and effects also does not count
[07:00:43][jomini_effect.cpp:1145] [original line 10764] Variable 'asoiaf_canon_children_Targaryen_96_born_variable' is set but is never used. Note that use in localization doesn't count due to technical limitations. Use in unused scripted triggers and effects also does not count
[07:00:43][jomini_effect.cpp:1145] [original line 10765] Variable 'color' is set but is never used. Note that use in localization doesn't count due to technical limitations. Use in unused scripted triggers and effects also does not count
[07:00:43][jomini_effect.cpp:1145] [original line 10766] Variable 'asoiaf_canon_children_Strong_28_born_variable' is set but is never used. Note that use in localization doesn't count due to technical limitations. Use in unused scripted triggers and effects also does not count
[07:00:43][jomini_effect.cpp:1145] [original line 10767] Variable 'asoiaf_canon_children_Hightower_90_born_variable' is set but is never used. Note that use in localization doesn't count due to technical limitations. Use in unused scripted triggers and effects also does not count
[07:00:43][jomini_effect.cpp:1145] [original line 10768] Variable 'asoiaf_canon_children_Martell_4_born_variable' is set but is never used. Note that use in localization doesn't count due to technical limitations. Use in unused scripted triggers and effects also does not count
[07:00:43][jomini_effect.cpp:1145] [original line 10769] Variable 'asoiaf_canon_children_Greyjoy_5_born_variable' is set but is never used. Note that use in localization doesn't count due to technical limitations. Use in unused scripted triggers and effects also does not count
[07:00:43][jomini_effect.cpp:1145] [original line 10770] Variable 'color_grading' is set but is never used. Note that use in localization doesn't count due to technical limitations. Use in unused scripted triggers and effects also does not count
[07:00:43][jomini_effect.cpp:1145] [original line 10771] Variable 'asoiaf_canon_children_Velaryon_31_born_variable' is set but is never used. Note that use in localization doesn't count due to technical limitations. Use in unused scripted triggers and effects also does not count
[07:00:43][jomini_effect.cpp:1145] [original line 10772] Variable 'asoiaf_canon_children_Tully_1_born_variable' is set but is never used. Note that use in localization doesn't count due to technical limitations. Use in unused scripted triggers and effects also does not count
[07:00:43][jomini_effect.cpp:1145] [original line 10773] Variable 'asoiaf_canon_children_Tully_9_born_variable' is set but is never used. Note that use in localization doesn't count due to technical limitations. Use in unused scripted triggers and effects also does not count
[07:00:43][jomini_effect.cpp:1145] [original line 10774] Variable 'asoiaf_canon_children_Dayne_1_born_variable' is set but is never used. Note that use in localization doesn't count due to technical limitations. Use in unused scripted triggers and effects also does not count
[07:00:43][jomini_effect.cpp:1145] [original line 10775] Variable 'asoiaf_canon_children_Tarly_1_born_variable' is set but is never used. Note that use in localization doesn't count due to technical limitations. Use in unused scripted triggers and effects also does not count
[07:00:43][jomini_effect.cpp:1145] [original line 10776] Variable 'asoiaf_canon_children_Targaryen_29_born_variable' is set but is never used. Note that use in localization doesn't count due to technical limitations. Use in unused scripted triggers and effects also does not count
[07:00:43][jomini_effect.cpp:1145] [original line 10777] Variable 'asoiaf_canon_children_Lannister_129_born_variable' is set but is never used. Note that use in localization doesn't count due to technical limitations. Use in unused scripted triggers and effects also does not count
[07:00:43][jomini_effect.cpp:1161] [original line 10778] Event target 'asoiaf_targaryen_invasion_claimant' is used but is never set. Setting it in an unused scripted trigger or effect does not count
[07:00:43][static_modifier.cpp:200] [original line 10779] Modifier 'lucerys_gun_modifier' was not used by the script or code but exists in the database, this is a waste
[07:00:43][static_modifier.cpp:200] [original line 10780] Modifier 'artifact_monthly_piety_negative_1_modifier' was not used by the script or code but exists in the database, this is a waste
[07:00:43][static_modifier.cpp:200] [original line 10781] Modifier 'artifact_monthly_martial_lifestyle_xp_1_negative_modifier' was not used by the script or code but exists in the database, this is a waste
[07:00:43][static_modifier.cpp:200] [original line 10782] Modifier 'asoiaf_oathkeeper_modifier' was not used by the script or code but exists in the database, this is a waste
[07:00:43][static_modifier.cpp:200] [original line 10783] Modifier 'asoiaf_stark_throne_modifier' was not used by the script or code but exists in the database, this is a waste
[07:00:43][static_modifier.cpp:200] [original line 10784] Modifier 'asoiaf_Karstark_4_modifier' was not used by the script or code but exists in the database, this is a waste
[07:00:48][jomini_eventmanager.cpp:372] [original line 10837] Event buy_valyrian_mask.0001 is orphaned
[07:00:48][jomini_eventmanager.cpp:372] [original line 10838] Event asoiaf_mega_war_events.0001 is orphaned
[07:00:48][jomini_eventmanager.cpp:372] [original line 10839] Event asoiaf_young_griff_landing_events.2 is orphaned
[07:00:48][pdx_assert.cpp:619] [original line 10840] Assertion failed: Achievements not loaded correctly
[07:00:48][databases.h:36] [original line 10841] Key rf_valyrian not found at Database: common/religion/religion_family_types
[07:00:48][databases.h:36] [original line 10842] Key tgp_minister_recruit_courtiers_decision not found at Database: common/decisions
[07:00:50][jomini_effect.cpp:1161] [original line 10843] Flag 'dany' is used but is never set. Setting it in an unused scripted trigger or effect does not count
[07:00:50][jomini_effect.cpp:1161] [original line 10844] Flag 'unknown_holding' is used but is never set. Setting it in an unused scripted trigger or effect does not count
[07:00:50][jomini_effect.cpp:1161] [original line 10845] Flag 'viserys' is used but is never set. Setting it in an unused scripted trigger or effect does not count
[07:00:50][jomini_effect.cpp:1161] [original line 10846] Flag 'highlight_special_buildings_map' is used but is never set. Setting it in an unused scripted trigger or effect does not count
[07:00:50][jomini_effect.cpp:1161] [original line 10847] Flag 'blackDarkRed' is used but is never set. Setting it in an unused scripted trigger or effect does not count
[07:00:50][jomini_effect.cpp:1161] [original line 10848] Flag 'faegon' is used but is never set. Setting it in an unused scripted trigger or effect does not count
[07:00:50][jomini_effect.cpp:1161] [original line 10849] Flag 'ruin_holding' is used but is never set. Setting it in an unused scripted trigger or effect does not count
[07:00:50][jomini_effect.cpp:1161] [original line 10850] Flag 'roland_crown' is used but is never set. Setting it in an unused scripted trigger or effect does not count
[07:00:50][jomini_effect.cpp:1161] [original line 10851] Flag 'iceFire' is used but is never set. Setting it in an unused scripted trigger or effect does not count
[07:00:50][jomini_effect.cpp:1161] [original line 10852] Flag 'pirate_den_holding' is used but is never set. Setting it in an unused scripted trigger or effect does not count
[07:00:50][jomini_effect.cpp:1161] [original line 10853] Flag 'wilderness_holding' is used but is never set. Setting it in an unused scripted trigger or effect does not count
[07:00:50][jomini_effect.cpp:1161] [original line 10854] Flag 'settlement_holding' is used but is never set. Setting it in an unused scripted trigger or effect does not count
[07:00:50][jomini_effect.cpp:1161] [original line 10855] Flag 'monastery_holding' is used but is never set. Setting it in an unused scripted trigger or effect does not count
[07:00:50][jomini_effect.cpp:1145] [original line 10856] Flag 'all_found' is set but is never used. Note that use in localization doesn't count due to technical limitations. Use in unused scripted triggers and effects also does not count
[07:00:50][jomini_effect.cpp:1145] [original line 10857] Flag 'highlight_cow_provinces_map' is set but is never used. Note that use in localization doesn't count due to technical limitations. Use in unused scripted triggers and effects also does not count
[07:00:50][jomini_effect.cpp:1145] [original line 10858] Flag 'DI_subtype_throne' is set but is never used. Note that use in localization doesn't count due to technical limitations. Use in unused scripted triggers and effects also does not count
[07:00:50][jomini_effect.cpp:1145] [original line 10859] Flag 'global' is set but is never used. Note that use in localization doesn't count due to technical limitations. Use in unused scripted triggers and effects also does not count
[07:00:50][jomini_effect.cpp:1161] [original line 10860] Variable 'asoiaf_Stark_8_cc' is used but is never set. Setting it in an unused scripted trigger or effect does not count
[07:00:50][jomini_effect.cpp:1161] [original line 10861] Variable 'asoiaf_Stark_84_cc' is used but is never set. Setting it in an unused scripted trigger or effect does not count
[07:00:50][jomini_effect.cpp:1161] [original line 10862] Variable 'asoiaf_Stark_96_cc' is used but is never set. Setting it in an unused scripted trigger or effect does not count
[07:00:50][jomini_effect.cpp:1161] [original line 10863] Variable 'is_Durrandon_51' is used but is never set. Setting it in an unused scripted trigger or effect does not count
[07:00:50][jomini_effect.cpp:1161] [original line 10864] Variable 'highlight_cow_provinces_map' is used but is never set. Setting it in an unused scripted trigger or effect does not count
[07:00:50][jomini_effect.cpp:1161] [original line 10865] Variable 'is_jon_snow' is used but is never set. Setting it in an unused scripted trigger or effect does not count
[07:00:50][jomini_effect.cpp:1161] [original line 10866] Variable 'asoiaf_Stark_97_cc' is used but is never set. Setting it in an unused scripted trigger or effect does not count
[07:00:50][jomini_effect.cpp:1161] [original line 10867] Variable 'kingsguard_armour' is used but is never set. Setting it in an unused scripted trigger or effect does not count
[07:00:50][jomini_effect.cpp:1161] [original line 10868] Variable 'is_baratheon_6' is used but is never set. Setting it in an unused scripted trigger or effect does not count
[07:00:50][jomini_effect.cpp:1161] [original line 10869] Variable 'swordman_armor_artifact' is used but is never set. Setting it in an unused scripted trigger or effect does not count
[07:00:50][jomini_effect.cpp:1161] [original line 10870] Variable 'asoiaf_Stark_99_cc' is used but is never set. Setting it in an unused scripted trigger or effect does not count
[07:00:50][jomini_effect.cpp:1161] [original line 10871] Variable 'asoiaf_Stark_2_cc' is used but is never set. Setting it in an unused scripted trigger or effect does not count
[07:00:50][jomini_effect.cpp:1161] [original line 10872] Variable 'maekars_crown' is used but is never set. Setting it in an unused scripted trigger or effect does not count
[07:00:50][jomini_effect.cpp:1161] [original line 10873] Variable 'asoiaf_Stark_101_cc' is used but is never set. Setting it in an unused scripted trigger or effect does not count
[07:00:50][jomini_effect.cpp:1161] [original line 10874] Variable 'brightboar_enabled' is used but is never set. Setting it in an unused scripted trigger or effect does not count
[07:00:50][jomini_effect.cpp:1161] [original line 10875] Variable 'asoiaf_Stark_1_cc' is used but is never set. Setting it in an unused scripted trigger or effect does not count
[07:00:50][jomini_effect.cpp:1161] [original line 10876] Variable 'Aotk_enabled' is used but is never set. Setting it in an unused scripted trigger or effect does not count
[07:00:50][jomini_effect.cpp:1161] [original line 10877] Variable 'asoiaf_Stark_87_cc' is used but is never set. Setting it in an unused scripted trigger or effect does not count
[07:00:50][jomini_effect.cpp:1161] [original line 10878] Variable 'crown_aegon_baelor_artifact' is used but is never set. Setting it in an unused scripted trigger or effect does not count
[07:00:50][jomini_effect.cpp:1161] [original line 10879] Variable 'asoiaf_Stark_95_cc' is used but is never set. Setting it in an unused scripted trigger or effect does not count
[07:00:50][jomini_effect.cpp:1161] [original line 10880] Variable 'asoiaf_Stark_11_cc' is used but is never set. Setting it in an unused scripted trigger or effect does not count
[07:00:50][jomini_effect.cpp:1161] [original line 10881] Variable 'asoiaf_Stark_9_cc' is used but is never set. Setting it in an unused scripted trigger or effect does not count
[07:00:50][jomini_effect.cpp:1161] [original line 10882] Variable 'asoiaf_Stark_88_cc' is used but is never set. Setting it in an unused scripted trigger or effect does not count
[07:00:50][jomini_effect.cpp:1161] [original line 10883] Variable 'asoiaf_Stark_100_cc' is used but is never set. Setting it in an unused scripted trigger or effect does not count
[07:00:50][jomini_effect.cpp:1161] [original line 10884] Variable 'tgc_enabled' is used but is never set. Setting it in an unused scripted trigger or effect does not count
[07:00:50][jomini_effect.cpp:1161] [original line 10885] Variable 'asoiaf_Stark_3_cc' is used but is never set. Setting it in an unused scripted trigger or effect does not count
[07:00:50][jomini_effect.cpp:1161] [original line 10886] Variable 'asoiaf_Stark_5_cc' is used but is never set. Setting it in an unused scripted trigger or effect does not count
[07:00:50][jomini_effect.cpp:1161] [original line 10887] Variable 'asoiaf_Stark_6_cc' is used but is never set. Setting it in an unused scripted trigger or effect does not count
[07:00:50][jomini_effect.cpp:1161] [original line 10888] Variable 'asoiaf_Stark_102_cc' is used but is never set. Setting it in an unused scripted trigger or effect does not count
[07:00:50][jomini_effect.cpp:1161] [original line 10889] Variable 'app_enabled' is used but is never set. Setting it in an unused scripted trigger or effect does not count
[07:00:50][jomini_effect.cpp:1161] [original line 10890] Variable 'asoiaf_Stark_94_cc' is used but is never set. Setting it in an unused scripted trigger or effect does not count
[07:00:50][jomini_effect.cpp:1161] [original line 10891] Variable 'faegon_main_character' is used but is never set. Setting it in an unused scripted trigger or effect does not count
[07:00:50][jomini_effect.cpp:1161] [original line 10892] Variable 'asoiaf_Stark_10_cc' is used but is never set. Setting it in an unused scripted trigger or effect does not count
[07:00:50][jomini_effect.cpp:1161] [original line 10893] Variable 'asoiaf_Stark_4_cc' is used but is never set. Setting it in an unused scripted trigger or effect does not count
[07:00:50][jomini_effect.cpp:1161] [original line 10894] Variable 'kingsguard_choice' is used but is never set. Setting it in an unused scripted trigger or effect does not count
[07:00:50][jomini_effect.cpp:1161] [original line 10895] Variable 'seafoam' is used but is never set. Setting it in an unused scripted trigger or effect does not count
[07:00:50][jomini_effect.cpp:1161] [original line 10896] Variable 'asoiaf_Stark_98_cc' is used but is never set. Setting it in an unused scripted trigger or effect does not count
[07:00:50][jomini_effect.cpp:1161] [original line 10897] Variable 'asoiaf_Stark_103_cc' is used but is never set. Setting it in an unused scripted trigger or effect does not count
[07:00:50][jomini_effect.cpp:1161] [original line 10898] Variable 'blackfyre' is used but is never set. Setting it in an unused scripted trigger or effect does not count
[07:00:50][jomini_effect.cpp:1161] [original line 10899] Variable 'captains_sword' is used but is never set. Setting it in an unused scripted trigger or effect does not count
[07:00:50][jomini_effect.cpp:1161] [original line 10900] Variable 'darksister' is used but is never set. Setting it in an unused scripted trigger or effect does not count
[07:00:50][jomini_effect.cpp:1161] [original line 10901] Variable 'asoiaf_Stark_86_cc' is used but is never set. Setting it in an unused scripted trigger or effect does not count
[07:00:50][jomini_effect.cpp:1161] [original line 10902] Variable 'asoiaf_Stark_7_cc' is used but is never set. Setting it in an unused scripted trigger or effect does not count
[07:00:50][jomini_effect.cpp:1145] [original line 10903] Variable 'asoiaf_is_needle' is set but is never used. Note that use in localization doesn't count due to technical limitations. Use in unused scripted triggers and effects also does not count
[07:00:50][jomini_effect.cpp:1145] [original line 10904] Variable 'pincer_artifact' is set but is never used. Note that use in localization doesn't count due to technical limitations. Use in unused scripted triggers and effects also does not count
[07:00:50][jomini_effect.cpp:1145] [original line 10905] Variable 'seafoam_artifact' is set but is never used. Note that use in localization doesn't count due to technical limitations. Use in unused scripted triggers and effects also does not count
[07:00:50][jomini_effect.cpp:1145] [original line 10906] Variable 'asoiaf_canon_children_Cole_11_born_variable' is set but is never used. Note that use in localization doesn't count due to technical limitations. Use in unused scripted triggers and effects also does not count
[07:00:50][jomini_effect.cpp:1145] [original line 10907] Variable 'asoiaf_canon_children_Reed_1_born_variable' is set but is never used. Note that use in localization doesn't count due to technical limitations. Use in unused scripted triggers and effects also does not count
[07:00:50][jomini_effect.cpp:1145] [original line 10908] Variable 'asoiaf_canon_children_Targaryen_27_born_variable' is set but is never used. Note that use in localization doesn't count due to technical limitations. Use in unused scripted triggers and effects also does not count
[07:00:50][jomini_effect.cpp:1145] [original line 10909] Variable 'asoiaf_canon_children_Karstark_4_born_variable' is set but is never used. Note that use in localization doesn't count due to technical limitations. Use in unused scripted triggers and effects also does not count
[07:00:50][jomini_effect.cpp:1145] [original line 10910] Variable 'asoiaf_canon_children_Targaryen_28_born_variable' is set but is never used. Note that use in localization doesn't count due to technical limitations. Use in unused scripted triggers and effects also does not count
[07:00:50][jomini_effect.cpp:1145] [original line 10911] Variable 'DI_artifact_subtype_display' is set but is never used. Note that use in localization doesn't count due to technical limitations. Use in unused scripted triggers and effects also does not count
[07:00:50][jomini_effect.cpp:1145] [original line 10912] Variable 'asoiaf_canon_children_Baelish_2_born_variable' is set but is never used. Note that use in localization doesn't count due to technical limitations. Use in unused scripted triggers and effects also does not count
[07:00:50][jomini_effect.cpp:1145] [original line 10913] Variable 'dark_sister_artifact' is set but is never used. Note that use in localization doesn't count due to technical limitations. Use in unused scripted triggers and effects also does not count
[07:00:50][jomini_effect.cpp:1145] [original line 10914] Variable 'asoiaf_canon_children_Arryn_3_born_variable' is set but is never used. Note that use in localization doesn't count due to technical limitations. Use in unused scripted triggers and effects also does not count
[07:00:50][jomini_effect.cpp:1145] [original line 10915] Variable 'COWAGOT_is_loaded' is set but is never used. Note that use in localization doesn't count due to technical limitations. Use in unused scripted triggers and effects also does not count
[07:00:50][jomini_effect.cpp:1145] [original line 10916] Variable 'agot_faegon_jae_birth_year' is set but is never used. Note that use in localization doesn't count due to technical limitations. Use in unused scripted triggers and effects also does not count
[07:00:50][jomini_effect.cpp:1145] [original line 10917] Variable 'asoiaf_is_krakenfall' is set but is never used. Note that use in localization doesn't count due to technical limitations. Use in unused scripted triggers and effects also does not count
[07:00:50][jomini_effect.cpp:1145] [original line 10918] Variable 'asoiaf_canon_children_Baratheon_baby_born_variable' is set but is never used. Note that use in localization doesn't count due to technical limitations. Use in unused scripted triggers and effects also does not count
[07:00:50][jomini_effect.cpp:1145] [original line 10919] Variable 'asoiaf_canon_children_Targaryen_95_born_variable' is set but is never used. Note that use in localization doesn't count due to technical limitations. Use in unused scripted triggers and effects also does not count
[07:00:50][jomini_effect.cpp:1145] [original line 10920] Variable 'asoiaf_canon_children_Arryn_84_born_variable' is set but is never used. Note that use in localization doesn't count due to technical limitations. Use in unused scripted triggers and effects also does not count
[07:00:50][jomini_effect.cpp:1145] [original line 10921] Variable 'DI_artifact_quality_display' is set but is never used. Note that use in localization doesn't count due to technical limitations. Use in unused scripted triggers and effects also does not count
[07:00:50][jomini_effect.cpp:1145] [original line 10922] Variable 'asoiaf_is_red_vipers_spear' is set but is never used. Note that use in localization doesn't count due to technical limitations. Use in unused scripted triggers and effects also does not count
[07:00:50][jomini_effect.cpp:1145] [original line 10923] Variable 'agot_faegon_jon_snow_char' is set but is never used. Note that use in localization doesn't count due to technical limitations. Use in unused scripted triggers and effects also does not count
[07:00:50][jomini_effect.cpp:1145] [original line 10924] Variable 'asoiaf_canon_children_Stark_1_born_variable' is set but is never used. Note that use in localization doesn't count due to technical limitations. Use in unused scripted triggers and effects also does not count
[07:00:50][jomini_effect.cpp:1145] [original line 10925] Variable 'asoiaf_canon_children_Strong_29_born_variable' is set but is never used. Note that use in localization doesn't count due to technical limitations. Use in unused scripted triggers and effects also does not count
[07:00:50][jomini_effect.cpp:1145] [original line 10926] Variable 'DI_artifact_category_display' is set but is never used. Note that use in localization doesn't count due to technical limitations. Use in unused scripted triggers and effects also does not count
[07:00:50][jomini_effect.cpp:1145] [original line 10927] Variable 'asoiaf_canon_children_Tyrell_4_born_variable' is set but is never used. Note that use in localization doesn't count due to technical limitations. Use in unused scripted triggers and effects also does not count
[07:00:50][jomini_effect.cpp:1145] [original line 10928] Variable 'asoiaf_canon_children_Baratheon_75_born_variable' is set but is never used. Note that use in localization doesn't count due to technical limitations. Use in unused scripted triggers and effects also does not count
[07:00:50][jomini_effect.cpp:1145] [original line 10929] Variable 'asoiaf_canon_children_Stark_84_born_variable' is set but is never used. Note that use in localization doesn't count due to technical limitations. Use in unused scripted triggers and effects also does not count
[07:00:50][jomini_effect.cpp:1145] [original line 10930] Variable 'asoiaf_canon_children_Arryn_80_born_variable' is set but is never used. Note that use in localization doesn't count due to technical limitations. Use in unused scripted triggers and effects also does not count
[07:00:50][jomini_effect.cpp:1145] [original line 10931] Variable 'blackfyre_artifact' is set but is never used. Note that use in localization doesn't count due to technical limitations. Use in unused scripted triggers and effects also does not count
[07:00:50][jomini_effect.cpp:1145] [original line 10932] Variable 'asoiaf_canon_children_Targaryen_96_born_variable' is set but is never used. Note that use in localization doesn't count due to technical limitations. Use in unused scripted triggers and effects also does not count
[07:00:50][jomini_effect.cpp:1145] [original line 10933] Variable 'color' is set but is never used. Note that use in localization doesn't count due to technical limitations. Use in unused scripted triggers and effects also does not count
[07:00:50][jomini_effect.cpp:1145] [original line 10934] Variable 'asoiaf_canon_children_Strong_28_born_variable' is set but is never used. Note that use in localization doesn't count due to technical limitations. Use in unused scripted triggers and effects also does not count
[07:00:50][jomini_effect.cpp:1145] [original line 10935] Variable 'asoiaf_canon_children_Hightower_90_born_variable' is set but is never used. Note that use in localization doesn't count due to technical limitations. Use in unused scripted triggers and effects also does not count
[07:00:50][jomini_effect.cpp:1145] [original line 10936] Variable 'asoiaf_canon_children_Martell_4_born_variable' is set but is never used. Note that use in localization doesn't count due to technical limitations. Use in unused scripted triggers and effects also does not count
[07:00:50][jomini_effect.cpp:1145] [original line 10937] Variable 'asoiaf_canon_children_Greyjoy_5_born_variable' is set but is never used. Note that use in localization doesn't count due to technical limitations. Use in unused scripted triggers and effects also does not count
[07:00:50][jomini_effect.cpp:1145] [original line 10938] Variable 'color_grading' is set but is never used. Note that use in localization doesn't count due to technical limitations. Use in unused scripted triggers and effects also does not count
[07:00:50][jomini_effect.cpp:1145] [original line 10939] Variable 'asoiaf_canon_children_Velaryon_31_born_variable' is set but is never used. Note that use in localization doesn't count due to technical limitations. Use in unused scripted triggers and effects also does not count
[07:00:50][jomini_effect.cpp:1145] [original line 10940] Variable 'asoiaf_canon_children_Tully_1_born_variable' is set but is never used. Note that use in localization doesn't count due to technical limitations. Use in unused scripted triggers and effects also does not count
[07:00:50][jomini_effect.cpp:1145] [original line 10941] Variable 'asoiaf_canon_children_Tully_9_born_variable' is set but is never used. Note that use in localization doesn't count due to technical limitations. Use in unused scripted triggers and effects also does not count
[07:00:50][jomini_effect.cpp:1145] [original line 10942] Variable 'asoiaf_canon_children_Dayne_1_born_variable' is set but is never used. Note that use in localization doesn't count due to technical limitations. Use in unused scripted triggers and effects also does not count
[07:00:50][jomini_effect.cpp:1145] [original line 10943] Variable 'asoiaf_canon_children_Tarly_1_born_variable' is set but is never used. Note that use in localization doesn't count due to technical limitations. Use in unused scripted triggers and effects also does not count
[07:00:50][jomini_effect.cpp:1145] [original line 10944] Variable 'asoiaf_canon_children_Targaryen_29_born_variable' is set but is never used. Note that use in localization doesn't count due to technical limitations. Use in unused scripted triggers and effects also does not count
[07:00:50][jomini_effect.cpp:1145] [original line 10945] Variable 'asoiaf_canon_children_Lannister_129_born_variable' is set but is never used. Note that use in localization doesn't count due to technical limitations. Use in unused scripted triggers and effects also does not count
[07:00:50][jomini_effect.cpp:1161] [original line 10946] Event target 'asoiaf_targaryen_invasion_claimant' is used but is never set. Setting it in an unused scripted trigger or effect does not count
[07:00:50][history.cpp:644] [original line 10947] Referencing non-existent character in script link character:Gardener_75
[07:00:50][history.cpp:644] [original line 10948] Referencing non-existent character in script link character:Gardener_75
[07:00:50][history.cpp:644] [original line 10949] Referencing non-existent character in script link character:Dormund_1
[07:00:50][history.cpp:644] [original line 10950] Referencing non-existent character in script link character:Dormund_1
[07:00:50][history.cpp:644] [original line 10951] Referencing non-existent character in script link character:Broome_rs_54
[07:00:50][history.cpp:644] [original line 10952] Referencing non-existent character in script link character:Dormund_1
[07:00:50][history.cpp:644] [original line 10953] Referencing non-existent character in script link character:Dormund_1
[07:00:50][history.cpp:644] [original line 10954] Referencing non-existent character in script link character:Hotah_rs_2
[07:00:50][history.cpp:644] [original line 10955] Referencing non-existent character in script link character:Hotah_rs_2
[07:00:50][history.cpp:644] [original line 10956] Referencing non-existent character in script link character:asoiaf_Targaryen_61_1
[07:00:50][history.cpp:644] [original line 10957] Referencing non-existent character in script link character:asoiaf_Targaryen_61_1
[07:00:50][history.cpp:644] [original line 10958] Referencing non-existent character in script link character:Targaryen_61_1
[07:00:50][history.cpp:644] [original line 10959] Referencing non-existent character in script link character:Targaryen_61_1
[07:00:50][history.cpp:644] [original line 10960] Referencing non-existent character in script link character:Targaryen_61_1
[07:00:50][history.cpp:644] [original line 10961] Referencing non-existent character in script link character:Targaryen_61_1