[08:52:57][dlc_descriptor.cpp:70] [original line 1] Invalid supported_version in file: mod/ugc_2261468688.mod line: 6
[08:53:53][virtualfilesystem.cpp:456] [original line 1255] Could not find texture due to 'VFSOpen Error: gfx/models/buildings/special/castamere/building_backup_atlas_properties.dds not found'
[08:53:53][virtualfilesystem.cpp:456] [original line 1257] Could not find texture due to 'VFSOpen Error: gfx/models/buildings/special/castamere/building_backup_atlas_normal.dds not found'
[08:53:53][virtualfilesystem.cpp:456] [original line 1260] Could not find texture due to 'VFSOpen Error: gfx/models/buildings/special/castamere/building_backup_atlas_properties.dds not found'
[08:53:53][virtualfilesystem.cpp:456] [original line 1262] Could not find texture due to 'VFSOpen Error: gfx/models/buildings/special/castamere/building_backup_atlas_normal.dds not found'
[08:53:54][virtualfilesystem.cpp:456] [original line 1271] Could not find texture due to 'VFSOpen Error: gfx/models/buildings/special/castamere/building_backup_atlas_properties.dds not found'
[08:53:54][virtualfilesystem.cpp:456] [original line 1273] Could not find texture due to 'VFSOpen Error: gfx/models/buildings/special/castamere/building_backup_atlas_normal.dds not found'
[08:53:54][virtualfilesystem.cpp:456] [original line 1276] Could not find texture due to 'VFSOpen Error: gfx/models/buildings/special/castamere/building_backup_atlas_properties.dds not found'
[08:53:54][virtualfilesystem.cpp:456] [original line 1278] Could not find texture due to 'VFSOpen Error: gfx/models/buildings/special/castamere/building_backup_atlas_normal.dds not found'
[08:53:57][virtualfilesystem.cpp:456] [original line 1331] Could not find texture due to 'VFSOpen Error: gfx/models/buildings/special/castamere/building_backup_atlas_properties.dds not found'
[08:53:57][virtualfilesystem.cpp:456] [original line 1333] Could not find texture due to 'VFSOpen Error: gfx/models/buildings/special/castamere/building_backup_atlas_normal.dds not found'
[08:53:57][virtualfilesystem.cpp:456] [original line 1336] Could not find texture due to 'VFSOpen Error: gfx/models/buildings/special/castamere/building_backup_atlas_properties.dds not found'
[08:53:57][virtualfilesystem.cpp:456] [original line 1338] Could not find texture due to 'VFSOpen Error: gfx/models/buildings/special/castamere/building_backup_atlas_normal.dds not found'
[08:53:57][virtualfilesystem.cpp:456] [original line 1341] Could not find texture due to 'VFSOpen Error: gfx/models/buildings/special/castamere/building_backup_atlas_properties.dds not found'
[08:53:57][virtualfilesystem.cpp:456] [original line 1343] Could not find texture due to 'VFSOpen Error: gfx/models/buildings/special/castamere/building_backup_atlas_normal.dds not found'
[08:54:25][decision_type.cpp:224] [original line 1682] asoiaf_greyjoy_cadets_decision has 'ai_check_interval'/'ai_check_interval_by_tier' that's negative or unset. Setting to 0 instead
[08:54:25][decision_type.cpp:224] [original line 1683] asoiaf_baelish_cadets_decision has 'ai_check_interval'/'ai_check_interval_by_tier' that's negative or unset. Setting to 0 instead
[08:54:25][decision_type.cpp:224] [original line 1684] asoiaf_harlaw_cadets_decision has 'ai_check_interval'/'ai_check_interval_by_tier' that's negative or unset. Setting to 0 instead
[08:54:25][decision_type.cpp:224] [original line 1685] asoiaf_jon_targ_cadet_branch_decision has 'ai_check_interval'/'ai_check_interval_by_tier' that's negative or unset. Setting to 0 instead
[08:54:25][decision_type.cpp:224] [original line 1686] asoiaf_aegon_II_greens_cadet_branch_decision has 'ai_check_interval'/'ai_check_interval_by_tier' that's negative or unset. Setting to 0 instead
[08:54:25][jomini_dynamicdescription.cpp:66] [original line 1687] Unrecognized loc key show_notifications_decision_tooltip. show_notifications_decision
[08:54:25][decision_type.cpp:224] [original line 1688] show_notifications_decision has 'ai_check_interval'/'ai_check_interval_by_tier' that's negative or unset. Setting to 0 instead
[08:54:25][pdx_persistent_reader.cpp:216] [original line 1824] Error: "Unknown trigger: portrait_wear_lannister_armour_torso_courtiers, near line: 11965" in file: "gfx/portraits/portrait_modifiers/asoiaf_character_custom_flags.txt" near line: 11965
[08:54:25][pdx_persistent_reader.cpp:216] [original line 1864] Error: "Unexpected token: accesory, near line: 17857" in file: "gfx/portraits/portrait_modifiers/asoiaf_character_custom_flags.txt" near line: 17857
[08:54:25][jomini_scriptvalue.h:459] [original line 1866] Cannot use GetMinValue without a value set
[08:54:25][jomini_eventtarget.cpp:692] [original line 1870] Failed to find a valid event target link 'has_religion' at file: gfx/portraits/portrait_modifiers/asoiaf_clothes.txt line: 1092 (asoiaf_drowned_man_clothes_modifiers:weight)
[08:54:25][pdx_persistent_reader.cpp:216] [original line 1871] Error: "Unknown trigger: liege.has_religion, near line: 1092" in file: "gfx/portraits/portrait_modifiers/asoiaf_clothes.txt" near line: 1093
[08:54:25][jomini_eventtarget.cpp:692] [original line 1872] Failed to find a valid event target link 'has_religion' at file: gfx/portraits/portrait_modifiers/asoiaf_clothes.txt line: 1176 (asoiaf_drowned_man_clothes_modifiers:weight)
[08:54:25][pdx_persistent_reader.cpp:216] [original line 1873] Error: "Unknown trigger: liege.has_religion, near line: 1176" in file: "gfx/portraits/portrait_modifiers/asoiaf_clothes.txt" near line: 1181
[08:54:25][pdx_persistent_reader.cpp:216] [original line 1883] Error: "Unknown trigger: is_character_baratheon_3, near line: 81" in file: "gfx/portraits/portrait_modifiers/asoiaf_headgear_crowns.txt" near line: 83
[08:54:25][pdx_persistent_reader.cpp:216] [original line 1884] Error: "Unknown trigger: is_character_baratheon_3, near line: 165" in file: "gfx/portraits/portrait_modifiers/asoiaf_headgear_crowns.txt" near line: 167
[08:54:25][pdx_persistent_reader.cpp:216] [original line 1885] Error: "Unknown trigger: is_character_baratheon_4, near line: 264" in file: "gfx/portraits/portrait_modifiers/asoiaf_headgear_crowns.txt" near line: 269
[08:54:25][pdx_persistent_reader.cpp:216] [original line 1886] Error: "Unknown trigger: is_character_baratheon_4, near line: 330" in file: "gfx/portraits/portrait_modifiers/asoiaf_headgear_crowns.txt" near line: 335
[08:54:25][pdx_persistent_reader.cpp:216] [original line 1887] Error: "Unknown trigger: is_character_baratheon_5, near line: 645
Unknown trigger: is_character_baratheon_6, near line: 646
Unknown trigger: is_character_baratheon_7, near line: 647" in file: "gfx/portraits/portrait_modifiers/asoiaf_headgear_crowns.txt" near line: 651
[08:54:25][pdx_persistent_reader.cpp:216] [original line 1890] Error: "Unknown trigger: is_character_baratheon_5, near line: 694
Unknown trigger: is_character_baratheon_6, near line: 695
Unknown trigger: is_character_baratheon_7, near line: 696" in file: "gfx/portraits/portrait_modifiers/asoiaf_headgear_crowns.txt" near line: 700
[08:54:26][character_currency_effects_impl.cpp:227] [original line 1897] Negative value in remove_short_term_gold: -450. file: events/decisions_events/buy_ruby_crown_events.txt line: 54 (buy_ruby_crown.0999:immediate)
[08:54:27][jomini_eventmanager.cpp:428] [original line 1904] Duplicated event ID 'agot_activity_commission_crown.0001' found. New Location: 'file: events/activities/agot_coronation_activity/agot_coronation_crown_commission_events.txt line: 3 (agot_activity_commission_crown.0001)', Previous Location: 'file: events/activities/agot_coronation_activity/agot_coronation_crown_commission_events.txt line: 3 (agot_activity_commission_crown.0001)'
[08:54:29][pdx_persistent_reader.cpp:216] [original line 1907] Error: "Unexpected token: rhoynish_religion_opinion, near line: 1760" in file: "common/buildings/yy_agotcities_special_buildings_westeros.txt" near line: 1760
[08:54:29][pdx_persistent_reader.cpp:216] [original line 1908] Error: "Unexpected token: rhoynish_religion_opinion, near line: 1767" in file: "common/buildings/yy_agotcities_special_buildings_westeros.txt" near line: 1767
[08:54:29][pdx_persistent_reader.cpp:216] [original line 1909] Error: "Unknown trigger: holding, near line: 2364" in file: "common/buildings/yy_agotcities_special_buildings_westeros.txt" near line: 2369
[08:54:30][pdx_persistent_reader.cpp:216] [original line 1910] Error: "Unexpected token: confucian_education_xp_gain_mult, near line: 4047" in file: "common/modifiers/DI_modifiers.txt" near line: 4047
[08:54:30][pdx_persistent_reader.cpp:216] [original line 1911] Error: "Unexpected token: valeman_opinion, near line: 447" in file: "common/modifiers/ntc_artifact_modifiers.txt" near line: 447
[08:54:30][pdx_persistent_reader.cpp:216] [original line 1912] Error: "Unexpected token: valeman_opinion, near line: 456" in file: "common/modifiers/ntc_artifact_modifiers.txt" near line: 456
[08:54:30][pdx_persistent_reader.cpp:216] [original line 1913] Error: "Unexpected token: valeman_opinion, near line: 605" in file: "common/modifiers/ntc_artifact_modifiers.txt" near line: 605
[08:54:32][jomini_script_argument.cpp:227] [original line 1914] Compiling source for agot_create_artifact_aegon_i_crown_effect failed for missing arguments: CREATOR. At file: common/scripted_effects/00_agot_artifact_crowns_effects.txt line: 78 (agot_create_artifact_aegon_i_crown_effect)
[08:54:32][jomini_script_argument.cpp:227] [original line 1915] Compiling source for agot_create_artifact_aenys_crown_effect failed for missing arguments: CREATOR. At file: common/scripted_effects/00_agot_artifact_crowns_effects.txt line: 228 (agot_create_artifact_aenys_crown_effect)
[08:54:32][jomini_script_argument.cpp:227] [original line 1916] Compiling source for agot_create_artifact_jaehaerys_crown_effect failed for missing arguments: CREATOR. At file: common/scripted_effects/00_agot_artifact_crowns_effects.txt line: 314 (agot_create_artifact_jaehaerys_crown_effect)
[08:54:32][jomini_script_argument.cpp:227] [original line 1917] Compiling source for agot_create_artifact_aegon_iii_crown_effect failed for missing arguments: CREATOR. At file: common/scripted_effects/00_agot_artifact_crowns_effects.txt line: 434 (agot_create_artifact_aegon_iii_crown_effect)
[08:54:32][jomini_script_argument.cpp:227] [original line 1918] Compiling source for agot_create_artifact_baelors_crown_effect failed for missing arguments: CREATOR. At file: common/scripted_effects/00_agot_artifact_crowns_effects.txt line: 498 (agot_create_artifact_baelors_crown_effect)
[08:54:32][jomini_script_argument.cpp:227] [original line 1919] Compiling source for agot_create_artifact_aegon_iv_crown_effect failed for missing arguments: CREATOR. At file: common/scripted_effects/00_agot_artifact_crowns_effects.txt line: 594 (agot_create_artifact_aegon_iv_crown_effect)
[08:54:32][jomini_script_argument.cpp:227] [original line 1920] Compiling source for agot_create_artifact_maekars_crown_effect failed for missing arguments: CREATOR. At file: common/scripted_effects/00_agot_artifact_crowns_effects.txt line: 672 (agot_create_artifact_maekars_crown_effect)
[08:54:32][jomini_script_argument.cpp:227] [original line 1921] Compiling source for agot_create_artifact_visenya_circlet_effect failed for missing arguments: CREATOR. At file: common/scripted_effects/00_agot_artifact_crowns_effects.txt line: 837 (agot_create_artifact_visenya_circlet_effect)
[08:54:33][pdx_locstring.cpp:93] [original line 1922] Key is missing localization: test_crush_desc
[08:54:33][pdx_locstring.cpp:93] [original line 1923] Key is missing localization: test_crush_desc
[08:54:33][pdx_locstring.cpp:93] [original line 1924] Key is missing localization: test_crush_desc
[08:54:33][pdx_locstring.cpp:93] [original line 1925] Key is missing localization: test_crush_desc
[08:54:33][pdx_locstring.cpp:93] [original line 1926] Key is missing localization: test_crush_desc
[08:54:33][pdx_locstring.cpp:93] [original line 1927] Key is missing localization: test_crush_desc
[08:54:33][pdx_persistent_reader.cpp:216] [original line 1928] Error: "Unknown effect: agot_8299_4_1_acok_scenario_setup, near line: 89" in file: "common/scripted_effects/00_agot_scenario_setup_effects.txt" near line: 90
[08:54:33][jomini_eventtarget.cpp:692] [original line 1929] Failed to find a valid event target link 'house_Blackfyre' at file: common/scripted_triggers/tgc_loaded_trigger.txt line: 127 (tgc_blackfyre_equipment_trigger)
[08:54:33][pdx_persistent_reader.cpp:216] [original line 1962] Error: "Failed to read key reference: 1453_end_date: 1453_end_date, near line: 3
Failed to read key reference: rhomaion_name_of_byzantium: rhomaion_name_of_byzantium, near line: 3
Failed to read key reference: default_mongol_invasion: default_mongol_invasion, near line: 3
Failed to read key reference: random_ruler_placement_off: random_ruler_placement_off, near line: 3
Failed to read key reference: launch_historical: launch_historical, near line: 3
Failed to read key reference: fp1_scandi_adventurers_apocalyptic: fp1_scandi_adventurers_apocalyptic, near line: 3
Failed to read key reference: dissolution_after_caliph_death: dissolution_after_caliph_death, near line: 3
Failed to read key reference: default_seljuk_invasion: default_seljuk_invasion, near line: 3
Failed to read key reference: situation_the_great_steppe_toggle_on: situation_the_great_steppe_toggle_on, near line: 3
Failed to read key reference: struggle_iberia_toggle_on: struggle_iberia_toggle_on, near line: 3
Failed to read key reference: struggle_persia_toggle_on: struggle_persia_toggle_on, near line: 3
Failed to read key reference: historicity_ruler_of_munster_historical_toirdelbach: historicity_ruler_of_munster_historical_toirdelbach, near line: 3
Failed to read key reference: historicity_norman_conquest_default_random: historicity_norman_conquest_default_random, near line: 3
Failed to read key reference: tibet_nomad_region_on: tibet_nomad_region_on, near line: 3
Failed to read key reference: sami_nomad_region_on: sami_nomad_region_on, near line: 3
Failed to read key reference: arabia_nomad_region_on: arabia_nomad_region_on, near line: 3
Failed to read key reference: sahel_nomad_region_on: sahel_nomad_region_on, near line: 3
Failed to read key reference: horn_of_africa_nomad_region_on: horn_of_africa_nomad_region_on, near line: 3
Failed to read key reference: historicity_extra_admin_egypt_gameplay_not_administrative: historicity_extra_admin_egypt_gameplay_not_administrative, near line: 3
Failed to read key reference: historicity_extra_admin_arabia_gameplay_not_administrative: historicity_extra_admin_arabia_gameplay_not_administrative, near line: 3
Failed to read key reference: historicity_extra_admin_ghana_gameplay_not_administrative: historicity_extra_admin_ghana_gameplay_not_administrative, near line: 3
Failed to read key reference: historicity_extra_admin_kabulistan_gameplay_not_administrative: historicity_extra_admin_kabulistan_gameplay_not_administrative, near line: 3
Failed to read key reference: historicity_extra_admin_persia_gameplay_not_administrative: historicity_extra_admin_persia_gameplay_not_administrative, near line: 3
Failed to read key reference: historicity_extra_admin_maghreb_gameplay_not_administrative: historicity_extra_admin_maghreb_gameplay_not_administrative, near line: 3
Failed to read key reference: historicity_extra_admin_tamilakam_gameplay_not_administrative: historicity_extra_admin_tamilakam_gameplay_not_administrative, near line: 3
Failed to read key reference: historicity_extra_admin_carolingians_gameplay_not_administrative: historicity_extra_admin_carolingians_gameplay_not_administrative, near line: 3
Failed to read key reference: historicity_extra_admin_player_wherever_gameplay_not_administrative: historicity_extra_admin_player_wherever_gameplay_not_administrative, near line: 3
Failed to read key reference: historicity_frankokratia_fourth_crusade: historicity_frankokratia_fourth_crusade, near line: 3
Failed to read key reference: silk_road_starting_innovations_preset: silk_road_starting_innovations_preset, near line: 3
Failed to read key reference: ACR_RE_tradition_slots_plus_95: ACR_RE_tradition_slots_plus_95, near line: 3
Failed to read key reference: ACR_RE_tradition_cost_free: ACR_RE_tradition_cost_free, near line: 3
Failed to read key reference: ACR_RE_tradition_cooldown_none: ACR_RE_tradition_cooldown_none, near line: 3
Failed to read key reference: ACR_RE_truce_duration_5: ACR_RE_truce_duration_5, near line: 3
Failed to read key reference: ACR_RE_truce_scope_player_primary: ACR_RE_truce_scope_player_primary, near line: 3
Failed to read key reference: ACR_RE_council_task_speed_1_month: ACR_RE_council_task_speed_1_month, near line: 3
Failed to read key reference: HM_RE_rule_player_free_functions_enabled: HM_RE_rule_player_free_functions_enabled, near line: 3
Failed to read key reference: HM_RE_rule_change_holding_type_cost_very_cheap: HM_RE_rule_change_holding_type_cost_very_cheap, near line: 3
Failed to read key reference: HM_RE_rule_change_holding_type_cooldown_very_short: HM_RE_rule_change_holding_type_cooldown_very_short, near line: 3
Failed to read key reference: HM_RE_rule_can_replace_buildings_vassals: HM_RE_rule_can_replace_buildings_vassals, near line: 3
Failed to read key reference: HM_RE_rule_can_feudalize_holdings_vassals: HM_RE_rule_can_feudalize_holdings_vassals, near line: 3
Failed to read key reference: HM_RE_value_construct_buildings_gold_cost_cap_very_cheap: HM_RE_value_construct_buildings_gold_cost_cap_very_cheap, near line: 3
Failed to read key reference: HM_RE_rule_player_extra_slots_enabled: HM_RE_rule_player_extra_slots_enabled, near line: 3
Failed to read key reference: HM_RE_rule_player_slot_base_cost_very_cheap: HM_RE_rule_player_slot_base_cost_very_cheap, near line: 3
Failed to read key reference: HM_RE_rule_player_slot_step_cost_very_cheap: HM_RE_rule_player_slot_step_cost_very_cheap, near line: 3
Failed to read key reference: HM_RE_rule_construction_time_cost_free: HM_RE_rule_construction_time_cost_free, near line: 3
Failed to read key reference: HM_RE_build_all_button_on: HM_RE_build_all_button_on, near line: 3
Failed to read key reference: HM_RE_upgrade_all_button_on: HM_RE_upgrade_all_button_on, near line: 3
Failed to read key reference: HM_RE_make_nomad_button_on: HM_RE_make_nomad_button_on, near line: 3
Failed to read key reference: HM_RE_make_temple_citadel_button_on: HM_RE_make_temple_citadel_button_on, near line: 3
Failed to read key reference: HM_RE_player_add_slots_decision_on: HM_RE_player_add_slots_decision_on, near line: 3
Failed to read key reference: HM_RE_player_add_slots_decision_base_cost_very_cheap: HM_RE_player_add_slots_decision_base_cost_very_cheap, near line: 3
Failed to read key reference: HM_RE_player_cost_gold: HM_RE_player_cost_gold, near line: 3
Failed to read key reference: HM_RE_rule_ai_extra_slots_disabled: HM_RE_rule_ai_extra_slots_disabled, near line: 3
Failed to read key reference: HM_RE_rule_ai_slot_base_cost_very_expensive: HM_RE_rule_ai_slot_base_cost_very_expensive, near line: 3
Failed to read key reference: HM_RE_rule_ai_slot_step_cost_very_expensive: HM_RE_rule_ai_slot_step_cost_very_expensive, near line: 3" in file: "" near line: 3
[08:54:33][pdx_persistent_reader.cpp:216] [original line 2017] Error: "Failed to read key reference: 1453_end_date: 1453_end_date, near line: 8
Failed to read key reference: rhomaion_name_of_byzantium: rhomaion_name_of_byzantium, near line: 8
Failed to read key reference: default_mongol_invasion: default_mongol_invasion, near line: 8
Failed to read key reference: random_ruler_placement_off: random_ruler_placement_off, near line: 8
Failed to read key reference: launch_historical: launch_historical, near line: 8
Failed to read key reference: fp1_scandi_adventurers_apocalyptic: fp1_scandi_adventurers_apocalyptic, near line: 8
Failed to read key reference: dissolution_after_caliph_death: dissolution_after_caliph_death, near line: 8
Failed to read key reference: default_seljuk_invasion: default_seljuk_invasion, near line: 8
Failed to read key reference: situation_the_great_steppe_toggle_on: situation_the_great_steppe_toggle_on, near line: 8
Failed to read key reference: struggle_iberia_toggle_on: struggle_iberia_toggle_on, near line: 8
Failed to read key reference: struggle_persia_toggle_on: struggle_persia_toggle_on, near line: 8
Failed to read key reference: historicity_ruler_of_munster_historical_toirdelbach: historicity_ruler_of_munster_historical_toirdelbach, near line: 8
Failed to read key reference: historicity_norman_conquest_default_random: historicity_norman_conquest_default_random, near line: 8
Failed to read key reference: tibet_nomad_region_on: tibet_nomad_region_on, near line: 8
Failed to read key reference: sami_nomad_region_on: sami_nomad_region_on, near line: 8
Failed to read key reference: arabia_nomad_region_on: arabia_nomad_region_on, near line: 8
Failed to read key reference: sahel_nomad_region_on: sahel_nomad_region_on, near line: 8
Failed to read key reference: horn_of_africa_nomad_region_on: horn_of_africa_nomad_region_on, near line: 8
Failed to read key reference: historicity_extra_admin_egypt_gameplay_not_administrative: historicity_extra_admin_egypt_gameplay_not_administrative, near line: 8
Failed to read key reference: historicity_extra_admin_arabia_gameplay_not_administrative: historicity_extra_admin_arabia_gameplay_not_administrative, near line: 8
Failed to read key reference: historicity_extra_admin_ghana_gameplay_not_administrative: historicity_extra_admin_ghana_gameplay_not_administrative, near line: 8
Failed to read key reference: historicity_extra_admin_kabulistan_gameplay_not_administrative: historicity_extra_admin_kabulistan_gameplay_not_administrative, near line: 8
Failed to read key reference: historicity_extra_admin_persia_gameplay_not_administrative: historicity_extra_admin_persia_gameplay_not_administrative, near line: 8
Failed to read key reference: historicity_extra_admin_maghreb_gameplay_not_administrative: historicity_extra_admin_maghreb_gameplay_not_administrative, near line: 8
Failed to read key reference: historicity_extra_admin_tamilakam_gameplay_not_administrative: historicity_extra_admin_tamilakam_gameplay_not_administrative, near line: 8
Failed to read key reference: historicity_extra_admin_carolingians_gameplay_not_administrative: historicity_extra_admin_carolingians_gameplay_not_administrative, near line: 8
Failed to read key reference: historicity_extra_admin_player_wherever_gameplay_not_administrative: historicity_extra_admin_player_wherever_gameplay_not_administrative, near line: 8
Failed to read key reference: historicity_frankokratia_fourth_crusade: historicity_frankokratia_fourth_crusade, near line: 8
Failed to read key reference: silk_road_starting_innovations_preset: silk_road_starting_innovations_preset, near line: 8
Failed to read key reference: ACR_RE_tradition_slots_plus_95: ACR_RE_tradition_slots_plus_95, near line: 8
Failed to read key reference: ACR_RE_tradition_cost_free: ACR_RE_tradition_cost_free, near line: 8
Failed to read key reference: ACR_RE_tradition_cooldown_none: ACR_RE_tradition_cooldown_none, near line: 8
Failed to read key reference: ACR_RE_truce_duration_5: ACR_RE_truce_duration_5, near line: 8
Failed to read key reference: ACR_RE_truce_scope_player_primary: ACR_RE_truce_scope_player_primary, near line: 8
Failed to read key reference: ACR_RE_council_task_speed_1_month: ACR_RE_council_task_speed_1_month, near line: 8
Failed to read key reference: HM_RE_rule_player_free_functions_enabled: HM_RE_rule_player_free_functions_enabled, near line: 8
Failed to read key reference: HM_RE_rule_change_holding_type_cost_very_cheap: HM_RE_rule_change_holding_type_cost_very_cheap, near line: 8
Failed to read key reference: HM_RE_rule_change_holding_type_cooldown_very_short: HM_RE_rule_change_holding_type_cooldown_very_short, near line: 8
Failed to read key reference: HM_RE_rule_can_replace_buildings_vassals: HM_RE_rule_can_replace_buildings_vassals, near line: 8
Failed to read key reference: HM_RE_rule_can_feudalize_holdings_vassals: HM_RE_rule_can_feudalize_holdings_vassals, near line: 8
Failed to read key reference: HM_RE_value_construct_buildings_gold_cost_cap_very_cheap: HM_RE_value_construct_buildings_gold_cost_cap_very_cheap, near line: 8
Failed to read key reference: HM_RE_rule_player_extra_slots_enabled: HM_RE_rule_player_extra_slots_enabled, near line: 8
Failed to read key reference: HM_RE_rule_player_slot_base_cost_very_cheap: HM_RE_rule_player_slot_base_cost_very_cheap, near line: 8
Failed to read key reference: HM_RE_rule_player_slot_step_cost_very_cheap: HM_RE_rule_player_slot_step_cost_very_cheap, near line: 8
Failed to read key reference: HM_RE_rule_construction_time_cost_free: HM_RE_rule_construction_time_cost_free, near line: 8
Failed to read key reference: HM_RE_build_all_button_on: HM_RE_build_all_button_on, near line: 8
Failed to read key reference: HM_RE_upgrade_all_button_on: HM_RE_upgrade_all_button_on, near line: 8
Failed to read key reference: HM_RE_make_nomad_button_on: HM_RE_make_nomad_button_on, near line: 8
Failed to read key reference: HM_RE_make_temple_citadel_button_on: HM_RE_make_temple_citadel_button_on, near line: 8
Failed to read key reference: HM_RE_player_add_slots_decision_on: HM_RE_player_add_slots_decision_on, near line: 8
Failed to read key reference: HM_RE_player_add_slots_decision_base_cost_very_cheap: HM_RE_player_add_slots_decision_base_cost_very_cheap, near line: 8
Failed to read key reference: HM_RE_player_cost_gold: HM_RE_player_cost_gold, near line: 8
Failed to read key reference: HM_RE_rule_ai_extra_slots_disabled: HM_RE_rule_ai_extra_slots_disabled, near line: 8
Failed to read key reference: HM_RE_rule_ai_slot_base_cost_very_expensive: HM_RE_rule_ai_slot_base_cost_very_expensive, near line: 8
Failed to read key reference: HM_RE_rule_ai_slot_step_cost_very_expensive: HM_RE_rule_ai_slot_step_cost_very_expensive, near line: 8" in file: "" near line: 8
[08:54:34][opinion_modifier.cpp:83] [original line 2084] Modifier 'funded_my_expedition' shouldn't have a duration and monthly_change at the same time!
[08:54:34][opinion_modifier.cpp:83] [original line 2085] Modifier 'sent_relative_to_valyria' shouldn't have a duration and monthly_change at the same time!
[08:54:35][artifact_feature.cpp:33] [original line 2086] Missing loc key 'feature_dragon_whip_black'
[08:54:35][artifact_feature.cpp:33] [original line 2087] Missing loc key 'feature_dragon_whip_silver'
[08:54:35][artifact_feature.cpp:33] [original line 2088] Missing loc key 'feature_dragon_whip_bronze'
[08:54:35][title_links.cpp:214] [original line 2090] Failed to fetch a valid landed title 'e_hre' at location 'file: common/scripted_guis/DI_char_editor_present_sgui.txt line: 1589 (DI_ce_female_dominated:effect)'
[08:54:35][title_links.cpp:214] [original line 2091] Failed to fetch a valid landed title 'e_hre' at location 'file: common/character_interactions/DI_character_interaction.txt line: 4622 (DI_change_succession:on_accept)'
[08:54:35][title_links.cpp:214] [original line 2092] Failed to fetch a valid landed title 'e_hre' at location 'file: common/character_interactions/DI_character_interaction.txt line: 4624 (DI_change_succession:on_accept)'
[08:54:35][title_links.cpp:214] [original line 2093] Failed to fetch a valid landed title 'e_hre' at location 'file: common/character_interactions/DI_character_interaction.txt line: 4637 (DI_change_succession:on_accept)'
[08:54:35][title_links.cpp:214] [original line 2094] Failed to fetch a valid landed title 'e_hre' at location 'file: common/character_interactions/DI_character_interaction.txt line: 4639 (DI_change_succession:on_accept)'
[08:54:35][title_links.cpp:214] [original line 2095] Failed to fetch a valid landed title 'b_graced_castle' at location 'file: common/on_action/cowagot_province_on_actions.txt line: 242 (set_provinces_on_actions)'
[08:54:35][title_links.cpp:214] [original line 2096] Failed to fetch a valid landed title 'b_cheesemonger_manse' at location 'file: common/on_action/cowagot_province_on_actions.txt line: 246 (set_provinces_on_actions)'
[08:54:35][jomini_eventtarget.h:291] [original line 2097] Failed to find 'varangian' from database for link 'trait' at file: common/scripted_effects/DI_char_spawner_effects.txt line: 1232 (DI_akolouthos_traits_effect)
[08:54:35][jomini_eventmanager.cpp:119] [original line 2098] 'agot_cities.5000' does not have a valid namespace
[08:54:35][jomini_script_system.cpp:303] [original line 2099] Script system error!
  Error: trigger_event effect [ Event [agot_cities.5000] not found ]
  Script location: file: common/buildings/yy_agotcities_special_buildings_westeros.txt line: 1827 (planky_town_special:on_complete)
[08:54:35][jomini_eventmanager.cpp:119] [original line 2103] 'agot_cities.5000' does not have a valid namespace
[08:54:35][jomini_script_system.cpp:303] [original line 2104] Script system error!
  Error: trigger_event effect [ Event [agot_cities.5000] not found ]
  Script location: file: common/buildings/yy_agotcities_special_buildings_westeros.txt line: 1993 (agot_castamere_03:on_complete)
[08:54:35][jomini_eventmanager.cpp:119] [original line 2108] 'agot_cities.5000' does not have a valid namespace
[08:54:35][jomini_script_system.cpp:303] [original line 2109] Script system error!
  Error: trigger_event effect [ Event [agot_cities.5000] not found ]
  Script location: file: common/buildings/yy_agotcities_special_buildings_westeros.txt line: 2295 (24castamere_03:on_complete)
[08:54:35][jomini_script_system.cpp:303] [original line 2113] Script system error!
  Error: create_artifact effect [ Invalid artifact template 'vs_blackfyre_template' ]
  Script location: file: common/scripted_effects/00_agot_artifact_vs_sword_effects_override.txt line: 13 (agot_create_artifact_vs_blackfyre_effect[args#3618947653])
[08:54:35][jomini_script_system.cpp:303] [original line 2117] Script system error!
  Error: create_artifact effect [ Invalid artifact template 'vs_blackfyre_template' ]
  Script location: file: common/scripted_effects/00_agot_artifact_vs_sword_effects_override.txt line: 31 (agot_create_artifact_vs_blackfyre_effect[args#3618947653])
[08:54:35][jomini_script_system.cpp:303] [original line 2121] Script system error!
  Error: create_artifact effect [ Invalid artifact template 'vs_blackfyre_template' ]
  Script location: file: common/scripted_effects/00_agot_artifact_vs_sword_effects_override.txt line: 13 (agot_create_artifact_vs_blackfyre_effect[args#141906969])
[08:54:35][jomini_script_system.cpp:303] [original line 2125] Script system error!
  Error: create_artifact effect [ Invalid artifact template 'vs_blackfyre_template' ]
  Script location: file: common/scripted_effects/00_agot_artifact_vs_sword_effects_override.txt line: 31 (agot_create_artifact_vs_blackfyre_effect[args#141906969])
[08:54:35][jomini_script_system.cpp:303] [original line 2129] Script system error!
  Error: create_artifact effect [ Invalid artifact template 'vs_pincer_template' ]
  Script location: file: common/scripted_effects/00_agot_artifact_vs_sword_effects_override.txt line: 604 (agot_create_artifact_vs_pincer_effect[args#3618947653])
[08:54:35][jomini_script_system.cpp:303] [original line 2133] Script system error!
  Error: create_artifact effect [ Invalid artifact template 'vs_pincer_template' ]
  Script location: file: common/scripted_effects/00_agot_artifact_vs_sword_effects_override.txt line: 630 (agot_create_artifact_vs_pincer_effect[args#3618947653])
[08:54:35][jomini_script_system.cpp:303] [original line 2137] Script system error!
  Error: create_artifact effect [ Invalid artifact template 'vs_seafoam_template' ]
  Script location: file: common/scripted_effects/00_agot_artifact_vs_sword_effects_override.txt line: 455 (agot_create_artifact_vs_seafoam_effect[args#3618947653])
[08:54:35][jomini_script_system.cpp:303] [original line 2141] Script system error!
  Error: create_artifact effect [ Invalid artifact template 'vs_seafoam_template' ]
  Script location: file: common/scripted_effects/00_agot_artifact_vs_sword_effects_override.txt line: 475 (agot_create_artifact_vs_seafoam_effect[args#3618947653])
[08:54:35][jomini_script_system.cpp:303] [original line 2145] Script system error!
  Error: create_artifact effect [ Invalid static modifier 'artifact_personal_scheme_power_add_5_modifier' ]
  Script location: file: common/scripted_effects/00_lotd_artifact_creation_effects.txt line: 8 (create_artifact_subterfuge_effect[args#141906969])
[08:54:35][jomini_script_system.cpp:303] [original line 2149] Script system error!
  Error: create_artifact effect [ Invalid artifact template 'vs_blackfyre_template' ]
  Script location: file: common/scripted_effects/00_agot_artifact_vs_sword_effects_override.txt line: 13 (agot_create_artifact_vs_blackfyre_effect[args#979117111])
[08:54:35][jomini_script_system.cpp:303] [original line 2153] Script system error!
  Error: create_artifact effect [ Invalid artifact template 'vs_blackfyre_template' ]
  Script location: file: common/scripted_effects/00_agot_artifact_vs_sword_effects_override.txt line: 31 (agot_create_artifact_vs_blackfyre_effect[args#979117111])
[08:54:35][jomini_script_system.cpp:303] [original line 2157] Script system error!
  Error: create_artifact effect [ Invalid artifact template 'vs_pincer_template' ]
  Script location: file: common/scripted_effects/00_agot_artifact_vs_sword_effects_override.txt line: 604 (agot_create_artifact_vs_pincer_effect[args#979117111])
[08:54:35][jomini_script_system.cpp:303] [original line 2161] Script system error!
  Error: create_artifact effect [ Invalid artifact template 'vs_pincer_template' ]
  Script location: file: common/scripted_effects/00_agot_artifact_vs_sword_effects_override.txt line: 630 (agot_create_artifact_vs_pincer_effect[args#979117111])
[08:54:35][jomini_script_system.cpp:303] [original line 2165] Script system error!
  Error: create_artifact effect [ Invalid artifact template 'vs_seafoam_template' ]
  Script location: file: common/scripted_effects/00_agot_artifact_vs_sword_effects_override.txt line: 455 (agot_create_artifact_vs_seafoam_effect[args#979117111])
[08:54:35][jomini_script_system.cpp:303] [original line 2169] Script system error!
  Error: create_artifact effect [ Invalid artifact template 'vs_seafoam_template' ]
  Script location: file: common/scripted_effects/00_agot_artifact_vs_sword_effects_override.txt line: 475 (agot_create_artifact_vs_seafoam_effect[args#979117111])
[08:54:35][jomini_script_system.cpp:303] [original line 2173] Script system error!
  Error: create_artifact effect [ Invalid artifact template 'vs_seafoam_template' ]
  Script location: file: common/scripted_effects/00_agot_artifact_vs_sword_effects_override.txt line: 455 (agot_create_artifact_vs_seafoam_effect[args#2425720076])
[08:54:35][jomini_script_system.cpp:303] [original line 2177] Script system error!
  Error: create_artifact effect [ Invalid artifact template 'vs_seafoam_template' ]
  Script location: file: common/scripted_effects/00_agot_artifact_vs_sword_effects_override.txt line: 475 (agot_create_artifact_vs_seafoam_effect[args#2425720076])
[08:54:35][jomini_script_system.cpp:303] [original line 2181] Script system error!
  Error: create_artifact effect [ Invalid artifact template 'vs_pincer_template' ]
  Script location: file: common/scripted_effects/00_agot_artifact_vs_sword_effects_override.txt line: 604 (agot_create_artifact_vs_pincer_effect[args#2425720076])
[08:54:35][jomini_script_system.cpp:303] [original line 2185] Script system error!
  Error: create_artifact effect [ Invalid artifact template 'vs_pincer_template' ]
  Script location: file: common/scripted_effects/00_agot_artifact_vs_sword_effects_override.txt line: 630 (agot_create_artifact_vs_pincer_effect[args#2425720076])
[08:54:35][jomini_script_system.cpp:303] [original line 2189] Script system error!
  Error: create_artifact effect [ Invalid artifact template 'vs_blackfyre_template' ]
  Script location: file: common/scripted_effects/00_agot_artifact_vs_sword_effects_override.txt line: 13 (agot_create_artifact_vs_blackfyre_effect[args#2425720076])
[08:54:35][jomini_script_system.cpp:303] [original line 2193] Script system error!
  Error: create_artifact effect [ Invalid artifact template 'vs_blackfyre_template' ]
  Script location: file: common/scripted_effects/00_agot_artifact_vs_sword_effects_override.txt line: 31 (agot_create_artifact_vs_blackfyre_effect[args#2425720076])
[08:54:35][jomini_script_system.cpp:303] [original line 2197] Script system error!
  Error: set_culture_pillar effect [ Invalid database object 'language_agot_lhazaar' ]
  Script location: file: common/scripted_guis/DI_cultural_editor_pillars_sgui.txt line: 620 (DI_language_agot_lhazaar_sgui:effect)
[08:54:35][jomini_effect.cpp:139] [original line 2201] PostValidate of effect 'set_culture_pillar' returned false at file: common/scripted_guis/DI_cultural_editor_pillars_sgui.txt line: 620 (DI_language_agot_lhazaar_sgui:effect)
[08:54:35][jomini_script_system.cpp:303] [original line 2202] Script system error!
  Error: add_innovation effect [ target: Not found in database class CCultureInnovationTypeDatabase ]
  Script location: file: common/character_interactions/DI_character_interaction.txt line: 4616 (DI_change_succession:on_accept)
[08:54:35][jomini_effect.cpp:139] [original line 2206] PostValidate of effect 'add_innovation' returned false at file: common/character_interactions/DI_character_interaction.txt line: 4616 (DI_change_succession:on_accept)
[08:54:35][jomini_script_system.cpp:303] [original line 2207] Script system error!
  Error: add_innovation effect [ target: Not found in database class CCultureInnovationTypeDatabase ]
  Script location: file: common/character_interactions/DI_character_interaction.txt line: 4631 (DI_change_succession:on_accept)
[08:54:35][jomini_effect.cpp:139] [original line 2211] PostValidate of effect 'add_innovation' returned false at file: common/character_interactions/DI_character_interaction.txt line: 4631 (DI_change_succession:on_accept)
[08:54:35][jomini_script_system.cpp:303] [original line 2212] Script system error!
  Error: add_building effect [ Invalid database object 'common_trade_03' ]
  Script location: file: common/on_action/cowagot_province_on_actions.txt line: 174 (set_provinces_on_actions)
[08:54:35][jomini_effect.cpp:139] [original line 2216] PostValidate of effect 'add_building' returned false at file: common/on_action/cowagot_province_on_actions.txt line: 174 (set_provinces_on_actions)
[08:54:35][jomini_script_system.cpp:303] [original line 2217] Script system error!
  Error: remove_building effect [ Invalid database object 'ironwood_01' ]
  Script location: file: common/on_action/cowagot_province_on_actions.txt line: 214 (set_provinces_on_actions)
[08:54:35][jomini_effect.cpp:139] [original line 2221] PostValidate of effect 'remove_building' returned false at file: common/on_action/cowagot_province_on_actions.txt line: 214 (set_provinces_on_actions)
[08:54:35][jomini_script_system.cpp:303] [original line 2222] Script system error!
  Error: add_special_building_slot effect [ Invalid database object 'bearisland_01' ]
  Script location: file: common/on_action/cowagot_province_on_actions.txt line: 273 (set_provinces_on_actions)
[08:54:35][jomini_effect.cpp:139] [original line 2226] PostValidate of effect 'add_special_building_slot' returned false at file: common/on_action/cowagot_province_on_actions.txt line: 273 (set_provinces_on_actions)
[08:54:35][jomini_script_system.cpp:303] [original line 2227] Script system error!
  Error: add_special_building effect [ Invalid database object 'bearisland_01' ]
  Script location: file: common/on_action/cowagot_province_on_actions.txt line: 274 (set_provinces_on_actions)
[08:54:35][jomini_effect.cpp:139] [original line 2231] PostValidate of effect 'add_special_building' returned false at file: common/on_action/cowagot_province_on_actions.txt line: 274 (set_provinces_on_actions)
[08:54:35][jomini_script_system.cpp:303] [original line 2232] Script system error!
  Error: add_special_building_slot effect [ Invalid database object 'harlaw_mines_01' ]
  Script location: file: common/on_action/cowagot_province_on_actions.txt line: 335 (harlaw_building_check_on_actions)
[08:54:35][jomini_effect.cpp:139] [original line 2236] PostValidate of effect 'add_special_building_slot' returned false at file: common/on_action/cowagot_province_on_actions.txt line: 335 (harlaw_building_check_on_actions)
[08:54:35][jomini_script_system.cpp:303] [original line 2237] Script system error!
  Error: learn_language effect [ Invalid database object 'language_arabic' ]
  Script location: file: common/scripted_effects/DI_court_position_spawner_overrides.txt line: 14 (DI_court_position_post_spawn_effect[args#2101251318])
[08:54:35][jomini_effect.cpp:139] [original line 2241] PostValidate of effect 'learn_language' returned false at file: common/scripted_effects/DI_court_position_spawner_overrides.txt line: 14 (DI_court_position_post_spawn_effect[args#2101251318])
[08:54:35][jomini_script_system.cpp:303] [original line 2242] Script system error!
  Error: learn_language effect [ Invalid database object 'language_greek' ]
  Script location: file: common/scripted_effects/DI_court_position_spawner_overrides.txt line: 15 (DI_court_position_post_spawn_effect[args#2101251318])
[08:54:35][jomini_effect.cpp:139] [original line 2246] PostValidate of effect 'learn_language' returned false at file: common/scripted_effects/DI_court_position_spawner_overrides.txt line: 15 (DI_court_position_post_spawn_effect[args#2101251318])
[08:54:35][jomini_script_system.cpp:303] [original line 2247] Script system error!
  Error: learn_language effect [ Invalid database object 'language_norse' ]
  Script location: file: common/scripted_effects/DI_court_position_spawner_overrides.txt line: 17 (DI_court_position_post_spawn_effect[args#2101251318])
[08:54:35][jomini_effect.cpp:139] [original line 2251] PostValidate of effect 'learn_language' returned false at file: common/scripted_effects/DI_court_position_spawner_overrides.txt line: 17 (DI_court_position_post_spawn_effect[args#2101251318])
[08:54:35][jomini_script_system.cpp:303] [original line 2252] Script system error!
  Error: learn_language effect [ Invalid database object 'language_latin' ]
  Script location: file: common/scripted_effects/DI_court_position_spawner_overrides.txt line: 16 (DI_court_position_post_spawn_effect[args#2101251318])
[08:54:35][jomini_effect.cpp:139] [original line 2256] PostValidate of effect 'learn_language' returned false at file: common/scripted_effects/DI_court_position_spawner_overrides.txt line: 16 (DI_court_position_post_spawn_effect[args#2101251318])
[08:54:35][jomini_script_system.cpp:303] [original line 2257] Script system error!
  Error: learn_language effect [ Invalid database object 'language_arabic' ]
  Script location: file: common/scripted_effects/DI_court_position_spawner_overrides.txt line: 26 (DI_court_position_post_spawn_effect[args#2101251318])
[08:54:35][jomini_effect.cpp:139] [original line 2261] PostValidate of effect 'learn_language' returned false at file: common/scripted_effects/DI_court_position_spawner_overrides.txt line: 26 (DI_court_position_post_spawn_effect[args#2101251318])
[08:54:35][jomini_script_system.cpp:303] [original line 2262] Script system error!
  Error: learn_language effect [ Invalid database object 'language_greek' ]
  Script location: file: common/scripted_effects/DI_court_position_spawner_overrides.txt line: 27 (DI_court_position_post_spawn_effect[args#2101251318])
[08:54:35][jomini_effect.cpp:139] [original line 2266] PostValidate of effect 'learn_language' returned false at file: common/scripted_effects/DI_court_position_spawner_overrides.txt line: 27 (DI_court_position_post_spawn_effect[args#2101251318])
[08:54:35][jomini_script_system.cpp:303] [original line 2267] Script system error!
  Error: learn_language effect [ Invalid database object 'language_latin' ]
  Script location: file: common/scripted_effects/DI_court_position_spawner_overrides.txt line: 28 (DI_court_position_post_spawn_effect[args#2101251318])
[08:54:35][jomini_effect.cpp:139] [original line 2271] PostValidate of effect 'learn_language' returned false at file: common/scripted_effects/DI_court_position_spawner_overrides.txt line: 28 (DI_court_position_post_spawn_effect[args#2101251318])
[08:54:35][jomini_script_system.cpp:303] [original line 2272] Script system error!
  Error: learn_language effect [ Invalid database object 'language_norse' ]
  Script location: file: common/scripted_effects/DI_court_position_spawner_overrides.txt line: 29 (DI_court_position_post_spawn_effect[args#2101251318])
[08:54:35][jomini_effect.cpp:139] [original line 2276] PostValidate of effect 'learn_language' returned false at file: common/scripted_effects/DI_court_position_spawner_overrides.txt line: 29 (DI_court_position_post_spawn_effect[args#2101251318])
[08:54:35][jomini_script_system.cpp:303] [original line 2277] Script system error!
  Error: add_trait effect [ target: Not found in database class CTraitDatabase ]
  Script location: file: common/scripted_effects/DI_present_effects.txt line: 20 (DI_personality_trait_randomizer_effect)
[08:54:35][jomini_effect.cpp:139] [original line 2281] PostValidate of effect 'add_trait' returned false at file: common/scripted_effects/DI_present_effects.txt line: 20 (DI_personality_trait_randomizer_effect)
[08:54:35][jomini_script_system.cpp:303] [original line 2282] Script system error!
  Error: add_trait effect [ target: Not found in database class CTraitDatabase ]
  Script location: file: common/scripted_effects/DI_present_effects.txt line: 21 (DI_personality_trait_randomizer_effect)
[08:54:35][jomini_effect.cpp:139] [original line 2286] PostValidate of effect 'add_trait' returned false at file: common/scripted_effects/DI_present_effects.txt line: 21 (DI_personality_trait_randomizer_effect)
[08:54:35][jomini_script_system.cpp:303] [original line 2287] Script system error!
  Error: remove_trait effect [ target: Not found in database class CTraitDatabase ]
  Script location: file: common/scripted_effects/DI_present_effects.txt line: 85 (DI_clear_personality_traits_effect)
[08:54:35][jomini_effect.cpp:139] [original line 2291] PostValidate of effect 'remove_trait' returned false at file: common/scripted_effects/DI_present_effects.txt line: 85 (DI_clear_personality_traits_effect)
[08:54:35][jomini_script_system.cpp:303] [original line 2292] Script system error!
  Error: remove_trait effect [ target: Not found in database class CTraitDatabase ]
  Script location: file: common/scripted_effects/DI_present_effects.txt line: 86 (DI_clear_personality_traits_effect)
[08:54:35][jomini_effect.cpp:139] [original line 2296] PostValidate of effect 'remove_trait' returned false at file: common/scripted_effects/DI_present_effects.txt line: 86 (DI_clear_personality_traits_effect)
[08:54:35][pdx_persistent_reader.cpp:216] [original line 2297] Error: "Unknown modifier type: bond_with_dragon_scheme_success_chance_add, near line: 17
Unknown modifier type: bond_with_dragon_scheme_scheme_success_chance_add, near line: 24" in file: "common/modifier_definition_formats/agot_scheme_definitions.txt" near line: 29
[08:54:35][jomini_script_system.cpp:303] [original line 2299] Script system error!
  Error: has_trait trigger [ Cannot find honorable in trait database ]
  Script location: file: common/scripted_effects/DI_present_effects.txt line: 85 (DI_clear_personality_traits_effect)
[08:54:35][jomini_script_system.cpp:303] [original line 2303] Script system error!
  Error: has_trait trigger [ Cannot find ruthless in trait database ]
  Script location: file: common/scripted_effects/DI_present_effects.txt line: 86 (DI_clear_personality_traits_effect)
[08:54:35][jomini_script_system.cpp:303] [original line 2307] Script system error!
  Error: has_game_rule trigger [ Invalid database object 'show_armor_enabled' ]
  Script location: file: gfx/portraits/portrait_modifiers/01_cloaks_base.txt line: 1333 (cloaks:weight)
[08:54:35][jomini_trigger.cpp:243] [original line 2311] PostValidate of trigger 'has_game_rule' returned false at file: gfx/portraits/portrait_modifiers/01_cloaks_base.txt line: 1333 (cloaks:weight)
[08:54:35][jomini_script_system.cpp:303] [original line 2312] Script system error!
  Error: has_game_rule trigger [ Invalid database object 'show_armor_enabled' ]
  Script location: file: gfx/portraits/portrait_modifiers/01_cloaks_base.txt line: 1338 (cloaks:weight)
[08:54:35][jomini_trigger.cpp:243] [original line 2316] PostValidate of trigger 'has_game_rule' returned false at file: gfx/portraits/portrait_modifiers/01_cloaks_base.txt line: 1338 (cloaks:weight)
[08:54:35][jomini_script_system.cpp:303] [original line 2317] Script system error!
  Error: has_game_rule trigger [ Invalid database object 'show_armor_enabled' ]
  Script location: file: gfx/portraits/portrait_modifiers/01_cloaks_base.txt line: 1642 (cloaks:weight)
[08:54:35][jomini_trigger.cpp:243] [original line 2321] PostValidate of trigger 'has_game_rule' returned false at file: gfx/portraits/portrait_modifiers/01_cloaks_base.txt line: 1642 (cloaks:weight)
[08:54:35][jomini_script_system.cpp:303] [original line 2322] Script system error!
  Error: has_game_rule trigger [ Invalid database object 'show_armor_enabled' ]
  Script location: file: gfx/portraits/portrait_modifiers/01_cloaks_base.txt line: 1684 (cloaks:weight)
[08:54:35][jomini_trigger.cpp:243] [original line 2326] PostValidate of trigger 'has_game_rule' returned false at file: gfx/portraits/portrait_modifiers/01_cloaks_base.txt line: 1684 (cloaks:weight)
[08:54:35][jomini_script_system.cpp:303] [original line 2327] Script system error!
  Error: has_game_rule trigger [ Invalid database object 'show_armor_enabled' ]
  Script location: file: gfx/portraits/portrait_modifiers/01_legwear_base.txt line: 871 (legwear:weight)
[08:54:35][jomini_trigger.cpp:243] [original line 2331] PostValidate of trigger 'has_game_rule' returned false at file: gfx/portraits/portrait_modifiers/01_legwear_base.txt line: 871 (legwear:weight)
[08:54:35][jomini_script_system.cpp:303] [original line 2332] Script system error!
  Error: has_game_rule trigger [ Invalid database object 'show_armor_enabled' ]
  Script location: file: gfx/portraits/portrait_modifiers/01_legwear_base.txt line: 898 (legwear:weight)
[08:54:35][jomini_trigger.cpp:243] [original line 2336] PostValidate of trigger 'has_game_rule' returned false at file: gfx/portraits/portrait_modifiers/01_legwear_base.txt line: 898 (legwear:weight)
[08:54:35][jomini_script_system.cpp:303] [original line 2337] Script system error!
  Error: has_game_rule trigger [ Invalid database object 'show_armor_enabled' ]
  Script location: file: gfx/portraits/portrait_modifiers/01_legwear_base.txt line: 937 (legwear:weight)
[08:54:35][jomini_trigger.cpp:243] [original line 2341] PostValidate of trigger 'has_game_rule' returned false at file: gfx/portraits/portrait_modifiers/01_legwear_base.txt line: 937 (legwear:weight)
[08:54:35][jomini_script_system.cpp:303] [original line 2342] Script system error!
  Error: has_game_rule trigger [ Invalid database object 'show_armor_enabled' ]
  Script location: file: gfx/portraits/portrait_modifiers/05_clothes_situational.txt line: 616 (clothes_situational:weight)
[08:54:35][jomini_trigger.cpp:243] [original line 2346] PostValidate of trigger 'has_game_rule' returned false at file: gfx/portraits/portrait_modifiers/05_clothes_situational.txt line: 616 (clothes_situational:weight)
[08:54:35][jomini_script_system.cpp:303] [original line 2347] Script system error!
  Error: has_game_rule trigger [ Invalid database object 'show_armor_enabled' ]
  Script location: file: gfx/portraits/portrait_modifiers/05_clothes_situational.txt line: 1062 (clothes_situational:weight)
[08:54:35][jomini_trigger.cpp:243] [original line 2351] PostValidate of trigger 'has_game_rule' returned false at file: gfx/portraits/portrait_modifiers/05_clothes_situational.txt line: 1062 (clothes_situational:weight)
[08:54:35][jomini_script_system.cpp:303] [original line 2352] Script system error!
  Error: has_game_rule trigger [ Invalid database object 'show_armor_enabled' ]
  Script location: file: gfx/portraits/portrait_modifiers/05_clothes_situational.txt line: 1109 (clothes_situational:weight)
[08:54:35][jomini_trigger.cpp:243] [original line 2356] PostValidate of trigger 'has_game_rule' returned false at file: gfx/portraits/portrait_modifiers/05_clothes_situational.txt line: 1109 (clothes_situational:weight)
[08:54:35][jomini_script_system.cpp:303] [original line 2357] Script system error!
  Error: has_game_rule trigger [ Invalid database object 'show_armor_enabled' ]
  Script location: file: gfx/portraits/portrait_modifiers/05_clothes_situational.txt line: 1158 (clothes_situational:weight)
[08:54:35][jomini_trigger.cpp:243] [original line 2361] PostValidate of trigger 'has_game_rule' returned false at file: gfx/portraits/portrait_modifiers/05_clothes_situational.txt line: 1158 (clothes_situational:weight)
[08:54:35][jomini_script_system.cpp:303] [original line 2362] Script system error!
  Error: has_game_rule trigger [ Invalid database object 'show_armor_enabled' ]
  Script location: file: gfx/portraits/portrait_modifiers/05_clothes_situational.txt line: 1202 (clothes_situational:weight)
[08:54:35][jomini_trigger.cpp:243] [original line 2366] PostValidate of trigger 'has_game_rule' returned false at file: gfx/portraits/portrait_modifiers/05_clothes_situational.txt line: 1202 (clothes_situational:weight)
[08:54:35][jomini_script_system.cpp:303] [original line 2367] Script system error!
  Error: has_game_rule trigger [ Invalid database object 'show_armor_enabled' ]
  Script location: file: gfx/portraits/portrait_modifiers/05_clothes_situational.txt line: 1248 (clothes_situational:weight)
[08:54:35][jomini_trigger.cpp:243] [original line 2371] PostValidate of trigger 'has_game_rule' returned false at file: gfx/portraits/portrait_modifiers/05_clothes_situational.txt line: 1248 (clothes_situational:weight)
[08:54:35][jomini_script_system.cpp:303] [original line 2372] Script system error!
  Error: has_game_rule trigger [ Invalid database object 'show_armor_enabled' ]
  Script location: file: gfx/portraits/portrait_modifiers/05_clothes_situational.txt line: 1292 (clothes_situational:weight)
[08:54:35][jomini_trigger.cpp:243] [original line 2376] PostValidate of trigger 'has_game_rule' returned false at file: gfx/portraits/portrait_modifiers/05_clothes_situational.txt line: 1292 (clothes_situational:weight)
[08:54:35][jomini_script_system.cpp:303] [original line 2377] Script system error!
  Error: has_game_rule trigger [ Invalid database object 'show_armor_enabled' ]
  Script location: file: gfx/portraits/portrait_modifiers/05_clothes_situational.txt line: 1338 (clothes_situational:weight)
[08:54:35][jomini_trigger.cpp:243] [original line 2381] PostValidate of trigger 'has_game_rule' returned false at file: gfx/portraits/portrait_modifiers/05_clothes_situational.txt line: 1338 (clothes_situational:weight)
[08:54:35][jomini_script_system.cpp:303] [original line 2382] Script system error!
  Error: has_game_rule trigger [ Invalid database object 'show_armor_enabled' ]
  Script location: file: gfx/portraits/portrait_modifiers/05_clothes_situational.txt line: 1382 (clothes_situational:weight)
[08:54:35][jomini_trigger.cpp:243] [original line 2386] PostValidate of trigger 'has_game_rule' returned false at file: gfx/portraits/portrait_modifiers/05_clothes_situational.txt line: 1382 (clothes_situational:weight)
[08:54:35][jomini_script_system.cpp:303] [original line 2387] Script system error!
  Error: has_game_rule trigger [ Invalid database object 'show_armor_enabled' ]
  Script location: file: gfx/portraits/portrait_modifiers/05_clothes_situational.txt line: 1428 (clothes_situational:weight)
[08:54:35][jomini_trigger.cpp:243] [original line 2391] PostValidate of trigger 'has_game_rule' returned false at file: gfx/portraits/portrait_modifiers/05_clothes_situational.txt line: 1428 (clothes_situational:weight)
[08:54:35][jomini_script_system.cpp:303] [original line 2392] Script system error!
  Error: has_game_rule trigger [ Invalid database object 'show_armor_enabled' ]
  Script location: file: gfx/portraits/portrait_modifiers/05_clothes_situational.txt line: 1472 (clothes_situational:weight)
[08:54:35][jomini_trigger.cpp:243] [original line 2396] PostValidate of trigger 'has_game_rule' returned false at file: gfx/portraits/portrait_modifiers/05_clothes_situational.txt line: 1472 (clothes_situational:weight)
[08:54:35][jomini_script_system.cpp:303] [original line 2397] Script system error!
  Error: has_game_rule trigger [ Invalid database object 'show_armor_enabled' ]
  Script location: file: gfx/portraits/portrait_modifiers/05_clothes_situational.txt line: 1518 (clothes_situational:weight)
[08:54:35][jomini_trigger.cpp:243] [original line 2401] PostValidate of trigger 'has_game_rule' returned false at file: gfx/portraits/portrait_modifiers/05_clothes_situational.txt line: 1518 (clothes_situational:weight)
[08:54:35][jomini_script_system.cpp:303] [original line 2402] Script system error!
  Error: has_game_rule trigger [ Invalid database object 'show_armor_enabled' ]
  Script location: file: gfx/portraits/portrait_modifiers/05_clothes_situational.txt line: 1562 (clothes_situational:weight)
[08:54:35][jomini_trigger.cpp:243] [original line 2406] PostValidate of trigger 'has_game_rule' returned false at file: gfx/portraits/portrait_modifiers/05_clothes_situational.txt line: 1562 (clothes_situational:weight)
[08:54:35][jomini_script_system.cpp:303] [original line 2407] Script system error!
  Error: has_game_rule trigger [ Invalid database object 'show_armor_enabled' ]
  Script location: file: gfx/portraits/portrait_modifiers/05_headgear_situational.txt line: 338 (headgear_situational:weight)
[08:54:35][jomini_trigger.cpp:243] [original line 2411] PostValidate of trigger 'has_game_rule' returned false at file: gfx/portraits/portrait_modifiers/05_headgear_situational.txt line: 338 (headgear_situational:weight)
[08:54:35][jomini_script_system.cpp:303] [original line 2412] Script system error!
  Error: has_game_rule trigger [ Invalid database object 'show_armor_enabled' ]
  Script location: file: gfx/portraits/portrait_modifiers/05_headgear_situational.txt line: 395 (headgear_situational:weight)
[08:54:35][jomini_trigger.cpp:243] [original line 2416] PostValidate of trigger 'has_game_rule' returned false at file: gfx/portraits/portrait_modifiers/05_headgear_situational.txt line: 395 (headgear_situational:weight)
[08:54:35][jomini_script_system.cpp:303] [original line 2417] Script system error!
  Error: has_game_rule trigger [ Invalid database object 'show_armor_enabled' ]
  Script location: file: gfx/portraits/portrait_modifiers/05_headgear_situational.txt line: 3127 (headgear_situational:weight)
[08:54:35][jomini_trigger.cpp:243] [original line 2421] PostValidate of trigger 'has_game_rule' returned false at file: gfx/portraits/portrait_modifiers/05_headgear_situational.txt line: 3127 (headgear_situational:weight)
[08:54:35][jomini_script_system.cpp:303] [original line 2422] Script system error!
  Error: has_game_rule trigger [ Invalid database object 'show_armor_enabled' ]
  Script location: file: gfx/portraits/portrait_modifiers/05_headgear_situational.txt line: 3174 (headgear_situational:weight)
[08:54:35][jomini_trigger.cpp:243] [original line 2426] PostValidate of trigger 'has_game_rule' returned false at file: gfx/portraits/portrait_modifiers/05_headgear_situational.txt line: 3174 (headgear_situational:weight)
[08:54:35][jomini_script_system.cpp:303] [original line 2427] Script system error!
  Error: has_game_rule trigger [ Invalid database object 'show_armor_enabled' ]
  Script location: file: gfx/portraits/portrait_modifiers/05_headgear_situational.txt line: 3222 (headgear_situational:weight)
[08:54:35][jomini_trigger.cpp:243] [original line 2431] PostValidate of trigger 'has_game_rule' returned false at file: gfx/portraits/portrait_modifiers/05_headgear_situational.txt line: 3222 (headgear_situational:weight)
[08:54:35][jomini_script_system.cpp:303] [original line 2432] Script system error!
  Error: has_game_rule trigger [ Invalid database object 'show_armor_enabled' ]
  Script location: file: gfx/portraits/portrait_modifiers/05_headgear_situational.txt line: 3266 (headgear_situational:weight)
[08:54:35][jomini_trigger.cpp:243] [original line 2436] PostValidate of trigger 'has_game_rule' returned false at file: gfx/portraits/portrait_modifiers/05_headgear_situational.txt line: 3266 (headgear_situational:weight)
[08:54:35][jomini_script_system.cpp:303] [original line 2437] Script system error!
  Error: has_game_rule trigger [ Invalid database object 'show_armor_enabled' ]
  Script location: file: gfx/portraits/portrait_modifiers/05_headgear_situational.txt line: 3310 (headgear_situational:weight)
[08:54:35][jomini_trigger.cpp:243] [original line 2441] PostValidate of trigger 'has_game_rule' returned false at file: gfx/portraits/portrait_modifiers/05_headgear_situational.txt line: 3310 (headgear_situational:weight)
[08:54:35][jomini_script_system.cpp:303] [original line 2442] Script system error!
  Error: has_game_rule trigger [ Invalid database object 'show_armor_enabled' ]
  Script location: file: gfx/portraits/portrait_modifiers/05_headgear_situational.txt line: 3355 (headgear_situational:weight)
[08:54:35][jomini_trigger.cpp:243] [original line 2446] PostValidate of trigger 'has_game_rule' returned false at file: gfx/portraits/portrait_modifiers/05_headgear_situational.txt line: 3355 (headgear_situational:weight)
[08:54:35][jomini_script_system.cpp:303] [original line 2447] Script system error!
  Error: is_struggle_type trigger [ Invalid database object 'persian_struggle' ]
  Script location: file: common/character_interactions/DI_character_interaction.txt line: 1415 (DI_arrange_marriage_interaction:is_shown)
[08:54:35][jomini_trigger.cpp:243] [original line 2451] PostValidate of trigger 'is_struggle_type' returned false at file: common/character_interactions/DI_character_interaction.txt line: 1415 (DI_arrange_marriage_interaction:is_shown)
[08:54:35][jomini_script_system.cpp:303] [original line 2452] Script system error!
  Error: has_struggle_phase_parameter trigger [ Bool phase parameter 'can_trade_piety_for_marriage_acceptance' does not exist ]
  Script location: file: common/character_interactions/DI_character_interaction.txt line: 1416 (DI_arrange_marriage_interaction:is_shown)
[08:54:35][jomini_trigger.cpp:243] [original line 2456] PostValidate of trigger 'has_struggle_phase_parameter' returned false at file: common/character_interactions/DI_character_interaction.txt line: 1416 (DI_arrange_marriage_interaction:is_shown)
[08:54:35][jomini_script_system.cpp:303] [original line 2457] Script system error!
  Error: is_struggle_type trigger [ Invalid database object 'persian_struggle' ]
  Script location: file: common/character_interactions/DI_character_interaction.txt line: 1424 (DI_arrange_marriage_interaction:is_valid)
[08:54:35][jomini_trigger.cpp:243] [original line 2461] PostValidate of trigger 'is_struggle_type' returned false at file: common/character_interactions/DI_character_interaction.txt line: 1424 (DI_arrange_marriage_interaction:is_valid)
[08:54:35][jomini_script_system.cpp:303] [original line 2462] Script system error!
  Error: is_struggle_type trigger [ Invalid database object 'persian_struggle' ]
  Script location: file: common/character_interactions/DI_character_interaction.txt line: 1430 (DI_arrange_marriage_interaction:is_valid)
[08:54:35][jomini_trigger.cpp:243] [original line 2466] PostValidate of trigger 'is_struggle_type' returned false at file: common/character_interactions/DI_character_interaction.txt line: 1430 (DI_arrange_marriage_interaction:is_valid)
[08:54:35][jomini_script_system.cpp:303] [original line 2467] Script system error!
  Error: has_game_rule trigger [ Invalid database object 'agot_shatter_empires' ]
  Script location: file: common/on_action/ntc_artifacts_startdate.txt line: 128 (ntc_artifact_shattered_kingdoms)
[08:54:35][jomini_trigger.cpp:243] [original line 2471] PostValidate of trigger 'has_game_rule' returned false at file: common/on_action/ntc_artifacts_startdate.txt line: 128 (ntc_artifact_shattered_kingdoms)
[08:54:35][jomini_script_system.cpp:303] [original line 2472] Script system error!
  Error: is_in_family trigger [ Invalid database object 'rf_abrahamic' ]
  Script location: file: common/scripted_effects/DI_char_spawner_effects.txt line: 1464 (DI_char_spawner_resolve_origin_effect)
[08:54:35][jomini_trigger.cpp:243] [original line 2476] PostValidate of trigger 'is_in_family' returned false at file: common/scripted_effects/DI_char_spawner_effects.txt line: 1464 (DI_char_spawner_resolve_origin_effect)
[08:54:35][jomini_script_system.cpp:303] [original line 2477] Script system error!
  Error: is_in_family trigger [ Invalid database object 'rf_abrahamic' ]
  Script location: file: common/scripted_effects/DI_char_spawner_effects.txt line: 1466 (DI_char_spawner_resolve_origin_effect)
[08:54:35][jomini_trigger.cpp:243] [original line 2481] PostValidate of trigger 'is_in_family' returned false at file: common/scripted_effects/DI_char_spawner_effects.txt line: 1466 (DI_char_spawner_resolve_origin_effect)
[08:54:35][jomini_script_system.cpp:303] [original line 2482] Script system error!
  Error: is_in_family trigger [ Invalid database object 'rf_eastern' ]
  Script location: file: common/scripted_effects/DI_char_spawner_effects.txt line: 1470 (DI_char_spawner_resolve_origin_effect)
[08:54:35][jomini_trigger.cpp:243] [original line 2486] PostValidate of trigger 'is_in_family' returned false at file: common/scripted_effects/DI_char_spawner_effects.txt line: 1470 (DI_char_spawner_resolve_origin_effect)
[08:54:35][jomini_script_system.cpp:303] [original line 2487] Script system error!
  Error: is_in_family trigger [ Invalid database object 'rf_eastern' ]
  Script location: file: common/scripted_effects/DI_char_spawner_effects.txt line: 1472 (DI_char_spawner_resolve_origin_effect)
[08:54:35][jomini_trigger.cpp:243] [original line 2491] PostValidate of trigger 'is_in_family' returned false at file: common/scripted_effects/DI_char_spawner_effects.txt line: 1472 (DI_char_spawner_resolve_origin_effect)
[08:54:35][jomini_script_system.cpp:303] [original line 2492] Script system error!
  Error: is_in_family trigger [ Invalid database object 'rf_sinitic' ]
  Script location: file: common/scripted_effects/DI_char_spawner_effects.txt line: 1476 (DI_char_spawner_resolve_origin_effect)
[08:54:35][jomini_trigger.cpp:243] [original line 2496] PostValidate of trigger 'is_in_family' returned false at file: common/scripted_effects/DI_char_spawner_effects.txt line: 1476 (DI_char_spawner_resolve_origin_effect)
[08:54:35][jomini_script_system.cpp:303] [original line 2497] Script system error!
  Error: is_in_family trigger [ Invalid database object 'rf_sinitic' ]
  Script location: file: common/scripted_effects/DI_char_spawner_effects.txt line: 1478 (DI_char_spawner_resolve_origin_effect)
[08:54:35][jomini_trigger.cpp:243] [original line 2501] PostValidate of trigger 'is_in_family' returned false at file: common/scripted_effects/DI_char_spawner_effects.txt line: 1478 (DI_char_spawner_resolve_origin_effect)
[08:54:35][jomini_script_system.cpp:303] [original line 2502] Script system error!
  Error: is_in_family trigger [ Invalid database object 'rf_pagan' ]
  Script location: file: common/scripted_effects/DI_char_spawner_effects.txt line: 1482 (DI_char_spawner_resolve_origin_effect)
[08:54:35][jomini_trigger.cpp:243] [original line 2506] PostValidate of trigger 'is_in_family' returned false at file: common/scripted_effects/DI_char_spawner_effects.txt line: 1482 (DI_char_spawner_resolve_origin_effect)
[08:54:35][jomini_script_system.cpp:303] [original line 2507] Script system error!
  Error: is_in_family trigger [ Invalid database object 'rf_pagan' ]
  Script location: file: common/scripted_effects/DI_char_spawner_effects.txt line: 1484 (DI_char_spawner_resolve_origin_effect)
[08:54:35][jomini_trigger.cpp:243] [original line 2511] PostValidate of trigger 'is_in_family' returned false at file: common/scripted_effects/DI_char_spawner_effects.txt line: 1484 (DI_char_spawner_resolve_origin_effect)
[08:54:35][jomini_script_system.cpp:303] [original line 2512] Script system error!
  Error: has_cultural_parameter trigger [ Bool culture parameter 'can_build_quarries_in_hills' does not exist ]
  Script location: file: common/scripted_triggers/cowagot_building_requirement_triggers.txt line: 12 (building_quarries_requirement_terrain)
[08:54:35][jomini_trigger.cpp:243] [original line 2516] PostValidate of trigger 'has_cultural_parameter' returned false at file: common/scripted_triggers/cowagot_building_requirement_triggers.txt line: 12 (building_quarries_requirement_terrain)
[08:54:35][jomini_script_system.cpp:303] [original line 2517] Script system error!
  Error: has_game_rule trigger [ Invalid database object 'tgc_enabled_enabled' ]
  Script location: file: common/scripted_triggers/tgc_loaded_trigger.txt line: 11 (tgc_standard_equipment_trigger)
[08:54:35][jomini_trigger.cpp:243] [original line 2521] PostValidate of trigger 'has_game_rule' returned false at file: common/scripted_triggers/tgc_loaded_trigger.txt line: 11 (tgc_standard_equipment_trigger)
[08:54:35][jomini_script_system.cpp:303] [original line 2522] Script system error!
  Error: has_game_rule trigger [ Invalid database object 'tgc_enabled_enabled' ]
  Script location: file: common/scripted_triggers/tgc_loaded_trigger.txt line: 59 (tgc_captain_equipment_trigger)
[08:54:35][jomini_trigger.cpp:243] [original line 2526] PostValidate of trigger 'has_game_rule' returned false at file: common/scripted_triggers/tgc_loaded_trigger.txt line: 59 (tgc_captain_equipment_trigger)
[08:54:35][jomini_script_system.cpp:303] [original line 2527] Script system error!
  Error: has_game_rule trigger [ Invalid database object 'tgc_enabled_enabled' ]
  Script location: file: common/scripted_triggers/tgc_loaded_trigger.txt line: 94 (tgc_blackfyre_or_targ_equipment_trigger)
[08:54:35][jomini_trigger.cpp:243] [original line 2531] PostValidate of trigger 'has_game_rule' returned false at file: common/scripted_triggers/tgc_loaded_trigger.txt line: 94 (tgc_blackfyre_or_targ_equipment_trigger)
[08:54:35][jomini_script_system.cpp:303] [original line 2532] Script system error!
  Error: has_game_rule trigger [ Invalid database object 'tgc_blackfyre_enabled' ]
  Script location: file: common/scripted_triggers/tgc_loaded_trigger.txt line: 104 (tgc_blackfyre_equipment_trigger)
[08:54:35][jomini_trigger.cpp:243] [original line 2536] PostValidate of trigger 'has_game_rule' returned false at file: common/scripted_triggers/tgc_loaded_trigger.txt line: 104 (tgc_blackfyre_equipment_trigger)
[08:54:35][jomini_script_system.cpp:303] [original line 2537] Script system error!
  Error: has_game_rule trigger [ Invalid database object 'tgc_faegon_enabled' ]
  Script location: file: common/scripted_triggers/tgc_loaded_trigger.txt line: 120 (tgc_blackfyre_equipment_trigger)
[08:54:35][jomini_trigger.cpp:243] [original line 2541] PostValidate of trigger 'has_game_rule' returned false at file: common/scripted_triggers/tgc_loaded_trigger.txt line: 120 (tgc_blackfyre_equipment_trigger)
[08:54:35][jomini_script_system.cpp:303] [original line 2542] Script system error!
  Error: has_game_rule trigger [ Invalid database object 'tgc_faegon_enabled' ]
  Script location: file: common/scripted_triggers/tgc_loaded_trigger.txt line: 140 (tgc_targaryen_equipment_trigger)
[08:54:35][jomini_trigger.cpp:243] [original line 2546] PostValidate of trigger 'has_game_rule' returned false at file: common/scripted_triggers/tgc_loaded_trigger.txt line: 140 (tgc_targaryen_equipment_trigger)
[08:54:35][jomini_script_system.cpp:303] [original line 2547] Script system error!
  Error: has_game_rule trigger [ Invalid database object 'tgc_enabled_enabled' ]
  Script location: file: common/scripted_triggers/tgc_loaded_trigger.txt line: 163 (tgc_blackfyre_house_equipment_trigger)
[08:54:35][jomini_trigger.cpp:243] [original line 2551] PostValidate of trigger 'has_game_rule' returned false at file: common/scripted_triggers/tgc_loaded_trigger.txt line: 163 (tgc_blackfyre_house_equipment_trigger)
[08:54:35][jomini_script_system.cpp:303] [original line 2552] Script system error!
  Error: has_game_rule trigger [ Invalid database object 'tgc_blackfyre_enabled' ]
  Script location: file: common/scripted_triggers/tgc_loaded_trigger.txt line: 164 (tgc_blackfyre_house_equipment_trigger)
[08:54:35][jomini_trigger.cpp:243] [original line 2556] PostValidate of trigger 'has_game_rule' returned false at file: common/scripted_triggers/tgc_loaded_trigger.txt line: 164 (tgc_blackfyre_house_equipment_trigger)
[08:54:35][jomini_effect.cpp:1161] [original line 2557] Flag 'settlement_holding' is used but is never set. Setting it in an unused scripted trigger or effect does not count
[08:54:35][jomini_effect.cpp:1161] [original line 2558] Flag 'pirate_den_holding' is used but is never set. Setting it in an unused scripted trigger or effect does not count
[08:54:35][jomini_effect.cpp:1161] [original line 2559] Flag 'wilderness_holding' is used but is never set. Setting it in an unused scripted trigger or effect does not count
[08:54:35][jomini_effect.cpp:1161] [original line 2560] Flag 'unknown_holding' is used but is never set. Setting it in an unused scripted trigger or effect does not count
[08:54:35][jomini_effect.cpp:1161] [original line 2561] Flag 'faegon' is used but is never set. Setting it in an unused scripted trigger or effect does not count
[08:54:35][jomini_effect.cpp:1161] [original line 2562] Flag 'blackDarkRed' is used but is never set. Setting it in an unused scripted trigger or effect does not count
[08:54:35][jomini_effect.cpp:1161] [original line 2563] Flag 'roland_crown' is used but is never set. Setting it in an unused scripted trigger or effect does not count
[08:54:35][jomini_effect.cpp:1161] [original line 2564] Flag 'dany' is used but is never set. Setting it in an unused scripted trigger or effect does not count
[08:54:35][jomini_effect.cpp:1161] [original line 2565] Flag 'ruin_holding' is used but is never set. Setting it in an unused scripted trigger or effect does not count
[08:54:35][jomini_effect.cpp:1161] [original line 2566] Flag 'monastery_holding' is used but is never set. Setting it in an unused scripted trigger or effect does not count
[08:54:35][jomini_effect.cpp:1161] [original line 2567] Flag 'viserys' is used but is never set. Setting it in an unused scripted trigger or effect does not count
[08:54:35][jomini_effect.cpp:1161] [original line 2568] Flag 'highlight_special_buildings_map' is used but is never set. Setting it in an unused scripted trigger or effect does not count
[08:54:35][jomini_effect.cpp:1161] [original line 2569] Flag 'iceFire' is used but is never set. Setting it in an unused scripted trigger or effect does not count
[08:54:35][jomini_effect.cpp:1145] [original line 2570] Flag 'global' is set but is never used. Note that use in localization doesn't count due to technical limitations. Use in unused scripted triggers and effects also does not count
[08:54:35][jomini_effect.cpp:1145] [original line 2571] Flag 'all_found' is set but is never used. Note that use in localization doesn't count due to technical limitations. Use in unused scripted triggers and effects also does not count
[08:54:35][jomini_effect.cpp:1145] [original line 2572] Flag 'highlight_cow_provinces_map' is set but is never used. Note that use in localization doesn't count due to technical limitations. Use in unused scripted triggers and effects also does not count
[08:54:35][jomini_effect.cpp:1145] [original line 2573] Flag 'DI_subtype_throne' is set but is never used. Note that use in localization doesn't count due to technical limitations. Use in unused scripted triggers and effects also does not count
[08:54:35][jomini_effect.cpp:1161] [original line 2574] Variable 'asoiaf_Stark_94_cc' is used but is never set. Setting it in an unused scripted trigger or effect does not count
[08:54:35][jomini_effect.cpp:1161] [original line 2575] Variable 'is_baratheon_6' is used but is never set. Setting it in an unused scripted trigger or effect does not count
[08:54:35][jomini_effect.cpp:1161] [original line 2576] Variable 'tgc_enabled' is used but is never set. Setting it in an unused scripted trigger or effect does not count
[08:54:35][jomini_effect.cpp:1161] [original line 2577] Variable 'asoiaf_Stark_103_cc' is used but is never set. Setting it in an unused scripted trigger or effect does not count
[08:54:35][jomini_effect.cpp:1161] [original line 2578] Variable 'asoiaf_Stark_88_cc' is used but is never set. Setting it in an unused scripted trigger or effect does not count
[08:54:35][jomini_effect.cpp:1161] [original line 2579] Variable 'asoiaf_Stark_102_cc' is used but is never set. Setting it in an unused scripted trigger or effect does not count
[08:54:35][jomini_effect.cpp:1161] [original line 2580] Variable 'Aotk_enabled' is used but is never set. Setting it in an unused scripted trigger or effect does not count
[08:54:35][jomini_effect.cpp:1161] [original line 2581] Variable 'seafoam' is used but is never set. Setting it in an unused scripted trigger or effect does not count
[08:54:35][jomini_effect.cpp:1161] [original line 2582] Variable 'captains_sword' is used but is never set. Setting it in an unused scripted trigger or effect does not count
[08:54:35][jomini_effect.cpp:1161] [original line 2583] Variable 'asoiaf_Stark_101_cc' is used but is never set. Setting it in an unused scripted trigger or effect does not count
[08:54:35][jomini_effect.cpp:1161] [original line 2584] Variable 'blackfyre' is used but is never set. Setting it in an unused scripted trigger or effect does not count
[08:54:35][jomini_effect.cpp:1161] [original line 2585] Variable 'asoiaf_Stark_8_cc' is used but is never set. Setting it in an unused scripted trigger or effect does not count
[08:54:35][jomini_effect.cpp:1161] [original line 2586] Variable 'asoiaf_Stark_84_cc' is used but is never set. Setting it in an unused scripted trigger or effect does not count
[08:54:35][jomini_effect.cpp:1161] [original line 2587] Variable 'asoiaf_Stark_87_cc' is used but is never set. Setting it in an unused scripted trigger or effect does not count
[08:54:35][jomini_effect.cpp:1161] [original line 2588] Variable 'brightboar_enabled' is used but is never set. Setting it in an unused scripted trigger or effect does not count
[08:54:35][jomini_effect.cpp:1161] [original line 2589] Variable 'asoiaf_Stark_7_cc' is used but is never set. Setting it in an unused scripted trigger or effect does not count
[08:54:35][jomini_effect.cpp:1161] [original line 2590] Variable 'swordman_armor_artifact' is used but is never set. Setting it in an unused scripted trigger or effect does not count
[08:54:35][jomini_effect.cpp:1161] [original line 2591] Variable 'asoiaf_Stark_99_cc' is used but is never set. Setting it in an unused scripted trigger or effect does not count
[08:54:35][jomini_effect.cpp:1161] [original line 2592] Variable 'asoiaf_Stark_100_cc' is used but is never set. Setting it in an unused scripted trigger or effect does not count
[08:54:35][jomini_effect.cpp:1161] [original line 2593] Variable 'asoiaf_Stark_6_cc' is used but is never set. Setting it in an unused scripted trigger or effect does not count
[08:54:35][jomini_effect.cpp:1161] [original line 2594] Variable 'maekars_crown' is used but is never set. Setting it in an unused scripted trigger or effect does not count
[08:54:35][jomini_effect.cpp:1161] [original line 2595] Variable 'kingsguard_choice' is used but is never set. Setting it in an unused scripted trigger or effect does not count
[08:54:35][jomini_effect.cpp:1161] [original line 2596] Variable 'asoiaf_Stark_98_cc' is used but is never set. Setting it in an unused scripted trigger or effect does not count
[08:54:35][jomini_effect.cpp:1161] [original line 2597] Variable 'crown_aegon_baelor_artifact' is used but is never set. Setting it in an unused scripted trigger or effect does not count
[08:54:35][jomini_effect.cpp:1161] [original line 2598] Variable 'highlight_cow_provinces_map' is used but is never set. Setting it in an unused scripted trigger or effect does not count
[08:54:35][jomini_effect.cpp:1161] [original line 2599] Variable 'faegon_main_character' is used but is never set. Setting it in an unused scripted trigger or effect does not count
[08:54:35][jomini_effect.cpp:1161] [original line 2600] Variable 'asoiaf_Stark_5_cc' is used but is never set. Setting it in an unused scripted trigger or effect does not count
[08:54:35][jomini_effect.cpp:1161] [original line 2601] Variable 'asoiaf_Stark_86_cc' is used but is never set. Setting it in an unused scripted trigger or effect does not count
[08:54:35][jomini_effect.cpp:1161] [original line 2602] Variable 'is_Durrandon_51' is used but is never set. Setting it in an unused scripted trigger or effect does not count
[08:54:35][jomini_effect.cpp:1161] [original line 2603] Variable 'asoiaf_Stark_10_cc' is used but is never set. Setting it in an unused scripted trigger or effect does not count
[08:54:35][jomini_effect.cpp:1161] [original line 2604] Variable 'asoiaf_Stark_97_cc' is used but is never set. Setting it in an unused scripted trigger or effect does not count
[08:54:35][jomini_effect.cpp:1161] [original line 2605] Variable 'asoiaf_Stark_3_cc' is used but is never set. Setting it in an unused scripted trigger or effect does not count
[08:54:35][jomini_effect.cpp:1161] [original line 2606] Variable 'darksister' is used but is never set. Setting it in an unused scripted trigger or effect does not count
[08:54:35][jomini_effect.cpp:1161] [original line 2607] Variable 'kingsguard_armour' is used but is never set. Setting it in an unused scripted trigger or effect does not count
[08:54:35][jomini_effect.cpp:1161] [original line 2608] Variable 'app_enabled' is used but is never set. Setting it in an unused scripted trigger or effect does not count
[08:54:35][jomini_effect.cpp:1161] [original line 2609] Variable 'asoiaf_Stark_2_cc' is used but is never set. Setting it in an unused scripted trigger or effect does not count
[08:54:35][jomini_effect.cpp:1161] [original line 2610] Variable 'asoiaf_Stark_4_cc' is used but is never set. Setting it in an unused scripted trigger or effect does not count
[08:54:35][jomini_effect.cpp:1161] [original line 2611] Variable 'asoiaf_Stark_1_cc' is used but is never set. Setting it in an unused scripted trigger or effect does not count
[08:54:35][jomini_effect.cpp:1161] [original line 2612] Variable 'is_jon_snow' is used but is never set. Setting it in an unused scripted trigger or effect does not count
[08:54:35][jomini_effect.cpp:1161] [original line 2613] Variable 'asoiaf_Stark_95_cc' is used but is never set. Setting it in an unused scripted trigger or effect does not count
[08:54:35][jomini_effect.cpp:1161] [original line 2614] Variable 'asoiaf_Stark_9_cc' is used but is never set. Setting it in an unused scripted trigger or effect does not count
[08:54:35][jomini_effect.cpp:1161] [original line 2615] Variable 'asoiaf_Stark_96_cc' is used but is never set. Setting it in an unused scripted trigger or effect does not count
[08:54:35][jomini_effect.cpp:1161] [original line 2616] Variable 'asoiaf_Stark_11_cc' is used but is never set. Setting it in an unused scripted trigger or effect does not count
[08:54:35][jomini_effect.cpp:1145] [original line 2617] Variable 'asoiaf_canon_children_Karstark_4_born_variable' is set but is never used. Note that use in localization doesn't count due to technical limitations. Use in unused scripted triggers and effects also does not count
[08:54:35][jomini_effect.cpp:1145] [original line 2618] Variable 'asoiaf_canon_children_Baratheon_baby_born_variable' is set but is never used. Note that use in localization doesn't count due to technical limitations. Use in unused scripted triggers and effects also does not count
[08:54:35][jomini_effect.cpp:1145] [original line 2619] Variable 'seafoam_artifact' is set but is never used. Note that use in localization doesn't count due to technical limitations. Use in unused scripted triggers and effects also does not count
[08:54:35][jomini_effect.cpp:1145] [original line 2620] Variable 'asoiaf_canon_children_Lannister_129_born_variable' is set but is never used. Note that use in localization doesn't count due to technical limitations. Use in unused scripted triggers and effects also does not count
[08:54:35][jomini_effect.cpp:1145] [original line 2621] Variable 'asoiaf_canon_children_Velaryon_31_born_variable' is set but is never used. Note that use in localization doesn't count due to technical limitations. Use in unused scripted triggers and effects also does not count
[08:54:35][jomini_effect.cpp:1145] [original line 2622] Variable 'asoiaf_canon_children_Baelish_2_born_variable' is set but is never used. Note that use in localization doesn't count due to technical limitations. Use in unused scripted triggers and effects also does not count
[08:54:35][jomini_effect.cpp:1145] [original line 2623] Variable 'DI_artifact_category_display' is set but is never used. Note that use in localization doesn't count due to technical limitations. Use in unused scripted triggers and effects also does not count
[08:54:35][jomini_effect.cpp:1145] [original line 2624] Variable 'asoiaf_canon_children_Targaryen_27_born_variable' is set but is never used. Note that use in localization doesn't count due to technical limitations. Use in unused scripted triggers and effects also does not count
[08:54:35][jomini_effect.cpp:1145] [original line 2625] Variable 'COWAGOT_is_loaded' is set but is never used. Note that use in localization doesn't count due to technical limitations. Use in unused scripted triggers and effects also does not count
[08:54:35][jomini_effect.cpp:1145] [original line 2626] Variable 'dark_sister_artifact' is set but is never used. Note that use in localization doesn't count due to technical limitations. Use in unused scripted triggers and effects also does not count
[08:54:35][jomini_effect.cpp:1145] [original line 2627] Variable 'asoiaf_canon_children_Targaryen_96_born_variable' is set but is never used. Note that use in localization doesn't count due to technical limitations. Use in unused scripted triggers and effects also does not count
[08:54:35][jomini_effect.cpp:1145] [original line 2628] Variable 'agot_faegon_jae_birth_year' is set but is never used. Note that use in localization doesn't count due to technical limitations. Use in unused scripted triggers and effects also does not count
[08:54:35][jomini_effect.cpp:1145] [original line 2629] Variable 'color_grading' is set but is never used. Note that use in localization doesn't count due to technical limitations. Use in unused scripted triggers and effects also does not count
[08:54:35][jomini_effect.cpp:1145] [original line 2630] Variable 'asoiaf_canon_children_Tully_1_born_variable' is set but is never used. Note that use in localization doesn't count due to technical limitations. Use in unused scripted triggers and effects also does not count
[08:54:35][jomini_effect.cpp:1145] [original line 2631] Variable 'DI_artifact_quality_display' is set but is never used. Note that use in localization doesn't count due to technical limitations. Use in unused scripted triggers and effects also does not count
[08:54:35][jomini_effect.cpp:1145] [original line 2632] Variable 'asoiaf_canon_children_Hightower_90_born_variable' is set but is never used. Note that use in localization doesn't count due to technical limitations. Use in unused scripted triggers and effects also does not count
[08:54:35][jomini_effect.cpp:1145] [original line 2633] Variable 'asoiaf_canon_children_Strong_28_born_variable' is set but is never used. Note that use in localization doesn't count due to technical limitations. Use in unused scripted triggers and effects also does not count
[08:54:35][jomini_effect.cpp:1145] [original line 2634] Variable 'asoiaf_canon_children_Arryn_84_born_variable' is set but is never used. Note that use in localization doesn't count due to technical limitations. Use in unused scripted triggers and effects also does not count
[08:54:35][jomini_effect.cpp:1145] [original line 2635] Variable 'asoiaf_canon_children_Martell_4_born_variable' is set but is never used. Note that use in localization doesn't count due to technical limitations. Use in unused scripted triggers and effects also does not count
[08:54:35][jomini_effect.cpp:1145] [original line 2636] Variable 'asoiaf_canon_children_Stark_1_born_variable' is set but is never used. Note that use in localization doesn't count due to technical limitations. Use in unused scripted triggers and effects also does not count
[08:54:35][jomini_effect.cpp:1145] [original line 2637] Variable 'asoiaf_canon_children_Greyjoy_5_born_variable' is set but is never used. Note that use in localization doesn't count due to technical limitations. Use in unused scripted triggers and effects also does not count
[08:54:35][jomini_effect.cpp:1145] [original line 2638] Variable 'asoiaf_canon_children_Tully_9_born_variable' is set but is never used. Note that use in localization doesn't count due to technical limitations. Use in unused scripted triggers and effects also does not count
[08:54:35][jomini_effect.cpp:1145] [original line 2639] Variable 'agot_faegon_jon_snow_char' is set but is never used. Note that use in localization doesn't count due to technical limitations. Use in unused scripted triggers and effects also does not count
[08:54:35][jomini_effect.cpp:1145] [original line 2640] Variable 'asoiaf_canon_children_Strong_29_born_variable' is set but is never used. Note that use in localization doesn't count due to technical limitations. Use in unused scripted triggers and effects also does not count
[08:54:35][jomini_effect.cpp:1145] [original line 2641] Variable 'asoiaf_is_red_vipers_spear' is set but is never used. Note that use in localization doesn't count due to technical limitations. Use in unused scripted triggers and effects also does not count
[08:54:35][jomini_effect.cpp:1145] [original line 2642] Variable 'asoiaf_canon_children_Targaryen_28_born_variable' is set but is never used. Note that use in localization doesn't count due to technical limitations. Use in unused scripted triggers and effects also does not count
[08:54:35][jomini_effect.cpp:1145] [original line 2643] Variable 'asoiaf_canon_children_Arryn_3_born_variable' is set but is never used. Note that use in localization doesn't count due to technical limitations. Use in unused scripted triggers and effects also does not count
[08:54:35][jomini_effect.cpp:1145] [original line 2644] Variable 'blackfyre_artifact' is set but is never used. Note that use in localization doesn't count due to technical limitations. Use in unused scripted triggers and effects also does not count
[08:54:35][jomini_effect.cpp:1145] [original line 2645] Variable 'asoiaf_canon_children_Reed_1_born_variable' is set but is never used. Note that use in localization doesn't count due to technical limitations. Use in unused scripted triggers and effects also does not count
[08:54:35][jomini_effect.cpp:1145] [original line 2646] Variable 'asoiaf_canon_children_Stark_84_born_variable' is set but is never used. Note that use in localization doesn't count due to technical limitations. Use in unused scripted triggers and effects also does not count
[08:54:35][jomini_effect.cpp:1145] [original line 2647] Variable 'asoiaf_canon_children_Baratheon_75_born_variable' is set but is never used. Note that use in localization doesn't count due to technical limitations. Use in unused scripted triggers and effects also does not count
[08:54:35][jomini_effect.cpp:1145] [original line 2648] Variable 'asoiaf_canon_children_Targaryen_95_born_variable' is set but is never used. Note that use in localization doesn't count due to technical limitations. Use in unused scripted triggers and effects also does not count
[08:54:35][jomini_effect.cpp:1145] [original line 2649] Variable 'asoiaf_is_krakenfall' is set but is never used. Note that use in localization doesn't count due to technical limitations. Use in unused scripted triggers and effects also does not count
[08:54:35][jomini_effect.cpp:1145] [original line 2650] Variable 'color' is set but is never used. Note that use in localization doesn't count due to technical limitations. Use in unused scripted triggers and effects also does not count
[08:54:35][jomini_effect.cpp:1145] [original line 2651] Variable 'asoiaf_canon_children_Arryn_80_born_variable' is set but is never used. Note that use in localization doesn't count due to technical limitations. Use in unused scripted triggers and effects also does not count
[08:54:35][jomini_effect.cpp:1145] [original line 2652] Variable 'pincer_artifact' is set but is never used. Note that use in localization doesn't count due to technical limitations. Use in unused scripted triggers and effects also does not count
[08:54:35][jomini_effect.cpp:1145] [original line 2653] Variable 'asoiaf_is_needle' is set but is never used. Note that use in localization doesn't count due to technical limitations. Use in unused scripted triggers and effects also does not count
[08:54:35][jomini_effect.cpp:1145] [original line 2654] Variable 'asoiaf_canon_children_Dayne_1_born_variable' is set but is never used. Note that use in localization doesn't count due to technical limitations. Use in unused scripted triggers and effects also does not count
[08:54:35][jomini_effect.cpp:1145] [original line 2655] Variable 'DI_artifact_subtype_display' is set but is never used. Note that use in localization doesn't count due to technical limitations. Use in unused scripted triggers and effects also does not count
[08:54:35][jomini_effect.cpp:1145] [original line 2656] Variable 'asoiaf_canon_children_Cole_11_born_variable' is set but is never used. Note that use in localization doesn't count due to technical limitations. Use in unused scripted triggers and effects also does not count
[08:54:35][jomini_effect.cpp:1145] [original line 2657] Variable 'asoiaf_canon_children_Targaryen_29_born_variable' is set but is never used. Note that use in localization doesn't count due to technical limitations. Use in unused scripted triggers and effects also does not count
[08:54:35][jomini_effect.cpp:1145] [original line 2658] Variable 'asoiaf_canon_children_Tarly_1_born_variable' is set but is never used. Note that use in localization doesn't count due to technical limitations. Use in unused scripted triggers and effects also does not count
[08:54:35][jomini_effect.cpp:1145] [original line 2659] Variable 'asoiaf_canon_children_Tyrell_4_born_variable' is set but is never used. Note that use in localization doesn't count due to technical limitations. Use in unused scripted triggers and effects also does not count
[08:54:35][jomini_effect.cpp:1161] [original line 2660] Event target 'asoiaf_targaryen_invasion_claimant' is used but is never set. Setting it in an unused scripted trigger or effect does not count
[08:54:35][static_modifier.cpp:200] [original line 2661] Modifier 'lucerys_gun_modifier' was not used by the script or code but exists in the database, this is a waste
[08:54:35][static_modifier.cpp:200] [original line 2662] Modifier 'artifact_monthly_piety_negative_1_modifier' was not used by the script or code but exists in the database, this is a waste
[08:54:35][static_modifier.cpp:200] [original line 2663] Modifier 'artifact_monthly_martial_lifestyle_xp_1_negative_modifier' was not used by the script or code but exists in the database, this is a waste
[08:54:35][static_modifier.cpp:200] [original line 2664] Modifier 'asoiaf_oathkeeper_modifier' was not used by the script or code but exists in the database, this is a waste
[08:54:35][static_modifier.cpp:200] [original line 2665] Modifier 'asoiaf_stark_throne_modifier' was not used by the script or code but exists in the database, this is a waste
[08:54:35][static_modifier.cpp:200] [original line 2666] Modifier 'asoiaf_Karstark_4_modifier' was not used by the script or code but exists in the database, this is a waste
[08:54:38][jomini_eventmanager.cpp:372] [original line 2719] Event buy_valyrian_mask.0001 is orphaned
[08:54:38][jomini_eventmanager.cpp:372] [original line 2720] Event asoiaf_mega_war_events.0001 is orphaned
[08:54:38][jomini_eventmanager.cpp:372] [original line 2721] Event asoiaf_young_griff_landing_events.2 is orphaned
[08:54:39][pdx_assert.cpp:619] [original line 2722] Assertion failed: Achievements not loaded correctly
[08:54:39][databases.h:36] [original line 2723] Key rf_valyrian not found at Database: common/religion/religion_family_types
[08:54:39][databases.h:36] [original line 2724] Key tgp_minister_recruit_courtiers_decision not found at Database: common/decisions
[08:54:40][jomini_effect.cpp:1161] [original line 2725] Flag 'settlement_holding' is used but is never set. Setting it in an unused scripted trigger or effect does not count
[08:54:40][jomini_effect.cpp:1161] [original line 2726] Flag 'pirate_den_holding' is used but is never set. Setting it in an unused scripted trigger or effect does not count
[08:54:40][jomini_effect.cpp:1161] [original line 2727] Flag 'wilderness_holding' is used but is never set. Setting it in an unused scripted trigger or effect does not count
[08:54:40][jomini_effect.cpp:1161] [original line 2728] Flag 'unknown_holding' is used but is never set. Setting it in an unused scripted trigger or effect does not count
[08:54:40][jomini_effect.cpp:1161] [original line 2729] Flag 'faegon' is used but is never set. Setting it in an unused scripted trigger or effect does not count
[08:54:40][jomini_effect.cpp:1161] [original line 2730] Flag 'blackDarkRed' is used but is never set. Setting it in an unused scripted trigger or effect does not count
[08:54:40][jomini_effect.cpp:1161] [original line 2731] Flag 'roland_crown' is used but is never set. Setting it in an unused scripted trigger or effect does not count
[08:54:40][jomini_effect.cpp:1161] [original line 2732] Flag 'dany' is used but is never set. Setting it in an unused scripted trigger or effect does not count
[08:54:40][jomini_effect.cpp:1161] [original line 2733] Flag 'ruin_holding' is used but is never set. Setting it in an unused scripted trigger or effect does not count
[08:54:40][jomini_effect.cpp:1161] [original line 2734] Flag 'monastery_holding' is used but is never set. Setting it in an unused scripted trigger or effect does not count
[08:54:40][jomini_effect.cpp:1161] [original line 2735] Flag 'viserys' is used but is never set. Setting it in an unused scripted trigger or effect does not count
[08:54:40][jomini_effect.cpp:1161] [original line 2736] Flag 'highlight_special_buildings_map' is used but is never set. Setting it in an unused scripted trigger or effect does not count
[08:54:40][jomini_effect.cpp:1161] [original line 2737] Flag 'iceFire' is used but is never set. Setting it in an unused scripted trigger or effect does not count
[08:54:40][jomini_effect.cpp:1145] [original line 2738] Flag 'global' is set but is never used. Note that use in localization doesn't count due to technical limitations. Use in unused scripted triggers and effects also does not count
[08:54:40][jomini_effect.cpp:1145] [original line 2739] Flag 'all_found' is set but is never used. Note that use in localization doesn't count due to technical limitations. Use in unused scripted triggers and effects also does not count
[08:54:40][jomini_effect.cpp:1145] [original line 2740] Flag 'highlight_cow_provinces_map' is set but is never used. Note that use in localization doesn't count due to technical limitations. Use in unused scripted triggers and effects also does not count
[08:54:40][jomini_effect.cpp:1145] [original line 2741] Flag 'DI_subtype_throne' is set but is never used. Note that use in localization doesn't count due to technical limitations. Use in unused scripted triggers and effects also does not count
[08:54:40][jomini_effect.cpp:1161] [original line 2742] Variable 'asoiaf_Stark_94_cc' is used but is never set. Setting it in an unused scripted trigger or effect does not count
[08:54:40][jomini_effect.cpp:1161] [original line 2743] Variable 'is_baratheon_6' is used but is never set. Setting it in an unused scripted trigger or effect does not count
[08:54:40][jomini_effect.cpp:1161] [original line 2744] Variable 'tgc_enabled' is used but is never set. Setting it in an unused scripted trigger or effect does not count
[08:54:40][jomini_effect.cpp:1161] [original line 2745] Variable 'asoiaf_Stark_103_cc' is used but is never set. Setting it in an unused scripted trigger or effect does not count
[08:54:40][jomini_effect.cpp:1161] [original line 2746] Variable 'asoiaf_Stark_88_cc' is used but is never set. Setting it in an unused scripted trigger or effect does not count
[08:54:40][jomini_effect.cpp:1161] [original line 2747] Variable 'asoiaf_Stark_102_cc' is used but is never set. Setting it in an unused scripted trigger or effect does not count
[08:54:40][jomini_effect.cpp:1161] [original line 2748] Variable 'Aotk_enabled' is used but is never set. Setting it in an unused scripted trigger or effect does not count
[08:54:40][jomini_effect.cpp:1161] [original line 2749] Variable 'seafoam' is used but is never set. Setting it in an unused scripted trigger or effect does not count
[08:54:40][jomini_effect.cpp:1161] [original line 2750] Variable 'captains_sword' is used but is never set. Setting it in an unused scripted trigger or effect does not count
[08:54:40][jomini_effect.cpp:1161] [original line 2751] Variable 'asoiaf_Stark_101_cc' is used but is never set. Setting it in an unused scripted trigger or effect does not count
[08:54:40][jomini_effect.cpp:1161] [original line 2752] Variable 'blackfyre' is used but is never set. Setting it in an unused scripted trigger or effect does not count
[08:54:40][jomini_effect.cpp:1161] [original line 2753] Variable 'asoiaf_Stark_8_cc' is used but is never set. Setting it in an unused scripted trigger or effect does not count
[08:54:40][jomini_effect.cpp:1161] [original line 2754] Variable 'asoiaf_Stark_84_cc' is used but is never set. Setting it in an unused scripted trigger or effect does not count
[08:54:40][jomini_effect.cpp:1161] [original line 2755] Variable 'asoiaf_Stark_87_cc' is used but is never set. Setting it in an unused scripted trigger or effect does not count
[08:54:40][jomini_effect.cpp:1161] [original line 2756] Variable 'brightboar_enabled' is used but is never set. Setting it in an unused scripted trigger or effect does not count
[08:54:40][jomini_effect.cpp:1161] [original line 2757] Variable 'asoiaf_Stark_7_cc' is used but is never set. Setting it in an unused scripted trigger or effect does not count
[08:54:40][jomini_effect.cpp:1161] [original line 2758] Variable 'swordman_armor_artifact' is used but is never set. Setting it in an unused scripted trigger or effect does not count
[08:54:40][jomini_effect.cpp:1161] [original line 2759] Variable 'asoiaf_Stark_99_cc' is used but is never set. Setting it in an unused scripted trigger or effect does not count
[08:54:40][jomini_effect.cpp:1161] [original line 2760] Variable 'asoiaf_Stark_100_cc' is used but is never set. Setting it in an unused scripted trigger or effect does not count
[08:54:40][jomini_effect.cpp:1161] [original line 2761] Variable 'asoiaf_Stark_6_cc' is used but is never set. Setting it in an unused scripted trigger or effect does not count
[08:54:40][jomini_effect.cpp:1161] [original line 2762] Variable 'maekars_crown' is used but is never set. Setting it in an unused scripted trigger or effect does not count
[08:54:40][jomini_effect.cpp:1161] [original line 2763] Variable 'kingsguard_choice' is used but is never set. Setting it in an unused scripted trigger or effect does not count
[08:54:40][jomini_effect.cpp:1161] [original line 2764] Variable 'asoiaf_Stark_98_cc' is used but is never set. Setting it in an unused scripted trigger or effect does not count
[08:54:40][jomini_effect.cpp:1161] [original line 2765] Variable 'crown_aegon_baelor_artifact' is used but is never set. Setting it in an unused scripted trigger or effect does not count
[08:54:40][jomini_effect.cpp:1161] [original line 2766] Variable 'highlight_cow_provinces_map' is used but is never set. Setting it in an unused scripted trigger or effect does not count
[08:54:40][jomini_effect.cpp:1161] [original line 2767] Variable 'faegon_main_character' is used but is never set. Setting it in an unused scripted trigger or effect does not count
[08:54:40][jomini_effect.cpp:1161] [original line 2768] Variable 'asoiaf_Stark_5_cc' is used but is never set. Setting it in an unused scripted trigger or effect does not count
[08:54:40][jomini_effect.cpp:1161] [original line 2769] Variable 'asoiaf_Stark_86_cc' is used but is never set. Setting it in an unused scripted trigger or effect does not count
[08:54:40][jomini_effect.cpp:1161] [original line 2770] Variable 'is_Durrandon_51' is used but is never set. Setting it in an unused scripted trigger or effect does not count
[08:54:40][jomini_effect.cpp:1161] [original line 2771] Variable 'asoiaf_Stark_10_cc' is used but is never set. Setting it in an unused scripted trigger or effect does not count
[08:54:40][jomini_effect.cpp:1161] [original line 2772] Variable 'asoiaf_Stark_97_cc' is used but is never set. Setting it in an unused scripted trigger or effect does not count
[08:54:40][jomini_effect.cpp:1161] [original line 2773] Variable 'asoiaf_Stark_3_cc' is used but is never set. Setting it in an unused scripted trigger or effect does not count
[08:54:40][jomini_effect.cpp:1161] [original line 2774] Variable 'darksister' is used but is never set. Setting it in an unused scripted trigger or effect does not count
[08:54:40][jomini_effect.cpp:1161] [original line 2775] Variable 'kingsguard_armour' is used but is never set. Setting it in an unused scripted trigger or effect does not count
[08:54:40][jomini_effect.cpp:1161] [original line 2776] Variable 'app_enabled' is used but is never set. Setting it in an unused scripted trigger or effect does not count
[08:54:40][jomini_effect.cpp:1161] [original line 2777] Variable 'asoiaf_Stark_2_cc' is used but is never set. Setting it in an unused scripted trigger or effect does not count
[08:54:40][jomini_effect.cpp:1161] [original line 2778] Variable 'asoiaf_Stark_4_cc' is used but is never set. Setting it in an unused scripted trigger or effect does not count
[08:54:40][jomini_effect.cpp:1161] [original line 2779] Variable 'asoiaf_Stark_1_cc' is used but is never set. Setting it in an unused scripted trigger or effect does not count
[08:54:40][jomini_effect.cpp:1161] [original line 2780] Variable 'is_jon_snow' is used but is never set. Setting it in an unused scripted trigger or effect does not count
[08:54:40][jomini_effect.cpp:1161] [original line 2781] Variable 'asoiaf_Stark_95_cc' is used but is never set. Setting it in an unused scripted trigger or effect does not count
[08:54:40][jomini_effect.cpp:1161] [original line 2782] Variable 'asoiaf_Stark_9_cc' is used but is never set. Setting it in an unused scripted trigger or effect does not count
[08:54:40][jomini_effect.cpp:1161] [original line 2783] Variable 'asoiaf_Stark_96_cc' is used but is never set. Setting it in an unused scripted trigger or effect does not count
[08:54:40][jomini_effect.cpp:1161] [original line 2784] Variable 'asoiaf_Stark_11_cc' is used but is never set. Setting it in an unused scripted trigger or effect does not count
[08:54:40][jomini_effect.cpp:1145] [original line 2785] Variable 'asoiaf_canon_children_Karstark_4_born_variable' is set but is never used. Note that use in localization doesn't count due to technical limitations. Use in unused scripted triggers and effects also does not count
[08:54:40][jomini_effect.cpp:1145] [original line 2786] Variable 'asoiaf_canon_children_Baratheon_baby_born_variable' is set but is never used. Note that use in localization doesn't count due to technical limitations. Use in unused scripted triggers and effects also does not count
[08:54:40][jomini_effect.cpp:1145] [original line 2787] Variable 'seafoam_artifact' is set but is never used. Note that use in localization doesn't count due to technical limitations. Use in unused scripted triggers and effects also does not count
[08:54:40][jomini_effect.cpp:1145] [original line 2788] Variable 'asoiaf_canon_children_Lannister_129_born_variable' is set but is never used. Note that use in localization doesn't count due to technical limitations. Use in unused scripted triggers and effects also does not count
[08:54:40][jomini_effect.cpp:1145] [original line 2789] Variable 'asoiaf_canon_children_Velaryon_31_born_variable' is set but is never used. Note that use in localization doesn't count due to technical limitations. Use in unused scripted triggers and effects also does not count
[08:54:40][jomini_effect.cpp:1145] [original line 2790] Variable 'asoiaf_canon_children_Baelish_2_born_variable' is set but is never used. Note that use in localization doesn't count due to technical limitations. Use in unused scripted triggers and effects also does not count
[08:54:40][jomini_effect.cpp:1145] [original line 2791] Variable 'DI_artifact_category_display' is set but is never used. Note that use in localization doesn't count due to technical limitations. Use in unused scripted triggers and effects also does not count
[08:54:40][jomini_effect.cpp:1145] [original line 2792] Variable 'asoiaf_canon_children_Targaryen_27_born_variable' is set but is never used. Note that use in localization doesn't count due to technical limitations. Use in unused scripted triggers and effects also does not count
[08:54:40][jomini_effect.cpp:1145] [original line 2793] Variable 'COWAGOT_is_loaded' is set but is never used. Note that use in localization doesn't count due to technical limitations. Use in unused scripted triggers and effects also does not count
[08:54:40][jomini_effect.cpp:1145] [original line 2794] Variable 'dark_sister_artifact' is set but is never used. Note that use in localization doesn't count due to technical limitations. Use in unused scripted triggers and effects also does not count
[08:54:40][jomini_effect.cpp:1145] [original line 2795] Variable 'asoiaf_canon_children_Targaryen_96_born_variable' is set but is never used. Note that use in localization doesn't count due to technical limitations. Use in unused scripted triggers and effects also does not count
[08:54:40][jomini_effect.cpp:1145] [original line 2796] Variable 'agot_faegon_jae_birth_year' is set but is never used. Note that use in localization doesn't count due to technical limitations. Use in unused scripted triggers and effects also does not count
[08:54:40][jomini_effect.cpp:1145] [original line 2797] Variable 'color_grading' is set but is never used. Note that use in localization doesn't count due to technical limitations. Use in unused scripted triggers and effects also does not count
[08:54:40][jomini_effect.cpp:1145] [original line 2798] Variable 'asoiaf_canon_children_Tully_1_born_variable' is set but is never used. Note that use in localization doesn't count due to technical limitations. Use in unused scripted triggers and effects also does not count
[08:54:40][jomini_effect.cpp:1145] [original line 2799] Variable 'DI_artifact_quality_display' is set but is never used. Note that use in localization doesn't count due to technical limitations. Use in unused scripted triggers and effects also does not count
[08:54:40][jomini_effect.cpp:1145] [original line 2800] Variable 'asoiaf_canon_children_Hightower_90_born_variable' is set but is never used. Note that use in localization doesn't count due to technical limitations. Use in unused scripted triggers and effects also does not count
[08:54:40][jomini_effect.cpp:1145] [original line 2801] Variable 'asoiaf_canon_children_Strong_28_born_variable' is set but is never used. Note that use in localization doesn't count due to technical limitations. Use in unused scripted triggers and effects also does not count
[08:54:40][jomini_effect.cpp:1145] [original line 2802] Variable 'asoiaf_canon_children_Arryn_84_born_variable' is set but is never used. Note that use in localization doesn't count due to technical limitations. Use in unused scripted triggers and effects also does not count
[08:54:40][jomini_effect.cpp:1145] [original line 2803] Variable 'asoiaf_canon_children_Martell_4_born_variable' is set but is never used. Note that use in localization doesn't count due to technical limitations. Use in unused scripted triggers and effects also does not count
[08:54:40][jomini_effect.cpp:1145] [original line 2804] Variable 'asoiaf_canon_children_Stark_1_born_variable' is set but is never used. Note that use in localization doesn't count due to technical limitations. Use in unused scripted triggers and effects also does not count
[08:54:40][jomini_effect.cpp:1145] [original line 2805] Variable 'asoiaf_canon_children_Greyjoy_5_born_variable' is set but is never used. Note that use in localization doesn't count due to technical limitations. Use in unused scripted triggers and effects also does not count
[08:54:40][jomini_effect.cpp:1145] [original line 2806] Variable 'asoiaf_canon_children_Tully_9_born_variable' is set but is never used. Note that use in localization doesn't count due to technical limitations. Use in unused scripted triggers and effects also does not count
[08:54:40][jomini_effect.cpp:1145] [original line 2807] Variable 'agot_faegon_jon_snow_char' is set but is never used. Note that use in localization doesn't count due to technical limitations. Use in unused scripted triggers and effects also does not count
[08:54:40][jomini_effect.cpp:1145] [original line 2808] Variable 'asoiaf_canon_children_Strong_29_born_variable' is set but is never used. Note that use in localization doesn't count due to technical limitations. Use in unused scripted triggers and effects also does not count
[08:54:40][jomini_effect.cpp:1145] [original line 2809] Variable 'asoiaf_is_red_vipers_spear' is set but is never used. Note that use in localization doesn't count due to technical limitations. Use in unused scripted triggers and effects also does not count
[08:54:40][jomini_effect.cpp:1145] [original line 2810] Variable 'asoiaf_canon_children_Targaryen_28_born_variable' is set but is never used. Note that use in localization doesn't count due to technical limitations. Use in unused scripted triggers and effects also does not count
[08:54:40][jomini_effect.cpp:1145] [original line 2811] Variable 'asoiaf_canon_children_Arryn_3_born_variable' is set but is never used. Note that use in localization doesn't count due to technical limitations. Use in unused scripted triggers and effects also does not count
[08:54:40][jomini_effect.cpp:1145] [original line 2812] Variable 'blackfyre_artifact' is set but is never used. Note that use in localization doesn't count due to technical limitations. Use in unused scripted triggers and effects also does not count
[08:54:40][jomini_effect.cpp:1145] [original line 2813] Variable 'asoiaf_canon_children_Reed_1_born_variable' is set but is never used. Note that use in localization doesn't count due to technical limitations. Use in unused scripted triggers and effects also does not count
[08:54:40][jomini_effect.cpp:1145] [original line 2814] Variable 'asoiaf_canon_children_Stark_84_born_variable' is set but is never used. Note that use in localization doesn't count due to technical limitations. Use in unused scripted triggers and effects also does not count
[08:54:40][jomini_effect.cpp:1145] [original line 2815] Variable 'asoiaf_canon_children_Baratheon_75_born_variable' is set but is never used. Note that use in localization doesn't count due to technical limitations. Use in unused scripted triggers and effects also does not count
[08:54:40][jomini_effect.cpp:1145] [original line 2816] Variable 'asoiaf_canon_children_Targaryen_95_born_variable' is set but is never used. Note that use in localization doesn't count due to technical limitations. Use in unused scripted triggers and effects also does not count
[08:54:40][jomini_effect.cpp:1145] [original line 2817] Variable 'asoiaf_is_krakenfall' is set but is never used. Note that use in localization doesn't count due to technical limitations. Use in unused scripted triggers and effects also does not count
[08:54:40][jomini_effect.cpp:1145] [original line 2818] Variable 'color' is set but is never used. Note that use in localization doesn't count due to technical limitations. Use in unused scripted triggers and effects also does not count
[08:54:40][jomini_effect.cpp:1145] [original line 2819] Variable 'asoiaf_canon_children_Arryn_80_born_variable' is set but is never used. Note that use in localization doesn't count due to technical limitations. Use in unused scripted triggers and effects also does not count
[08:54:40][jomini_effect.cpp:1145] [original line 2820] Variable 'pincer_artifact' is set but is never used. Note that use in localization doesn't count due to technical limitations. Use in unused scripted triggers and effects also does not count
[08:54:40][jomini_effect.cpp:1145] [original line 2821] Variable 'asoiaf_is_needle' is set but is never used. Note that use in localization doesn't count due to technical limitations. Use in unused scripted triggers and effects also does not count
[08:54:40][jomini_effect.cpp:1145] [original line 2822] Variable 'asoiaf_canon_children_Dayne_1_born_variable' is set but is never used. Note that use in localization doesn't count due to technical limitations. Use in unused scripted triggers and effects also does not count
[08:54:40][jomini_effect.cpp:1145] [original line 2823] Variable 'DI_artifact_subtype_display' is set but is never used. Note that use in localization doesn't count due to technical limitations. Use in unused scripted triggers and effects also does not count
[08:54:40][jomini_effect.cpp:1145] [original line 2824] Variable 'asoiaf_canon_children_Cole_11_born_variable' is set but is never used. Note that use in localization doesn't count due to technical limitations. Use in unused scripted triggers and effects also does not count
[08:54:40][jomini_effect.cpp:1145] [original line 2825] Variable 'asoiaf_canon_children_Targaryen_29_born_variable' is set but is never used. Note that use in localization doesn't count due to technical limitations. Use in unused scripted triggers and effects also does not count
[08:54:40][jomini_effect.cpp:1145] [original line 2826] Variable 'asoiaf_canon_children_Tarly_1_born_variable' is set but is never used. Note that use in localization doesn't count due to technical limitations. Use in unused scripted triggers and effects also does not count
[08:54:40][jomini_effect.cpp:1145] [original line 2827] Variable 'asoiaf_canon_children_Tyrell_4_born_variable' is set but is never used. Note that use in localization doesn't count due to technical limitations. Use in unused scripted triggers and effects also does not count
[08:54:40][jomini_effect.cpp:1161] [original line 2828] Event target 'asoiaf_targaryen_invasion_claimant' is used but is never set. Setting it in an unused scripted trigger or effect does not count
[08:54:40][history.cpp:644] [original line 2829] Referencing non-existent character in script link character:Gardener_75
[08:54:40][history.cpp:644] [original line 2830] Referencing non-existent character in script link character:Gardener_75
[08:54:40][history.cpp:644] [original line 2831] Referencing non-existent character in script link character:Dormund_1
[08:54:40][history.cpp:644] [original line 2832] Referencing non-existent character in script link character:Dormund_1
[08:54:40][history.cpp:644] [original line 2833] Referencing non-existent character in script link character:Broome_rs_54
[08:54:40][history.cpp:644] [original line 2834] Referencing non-existent character in script link character:Dormund_1
[08:54:40][history.cpp:644] [original line 2835] Referencing non-existent character in script link character:Dormund_1
[08:54:40][history.cpp:644] [original line 2836] Referencing non-existent character in script link character:Hotah_rs_2
[08:54:40][history.cpp:644] [original line 2837] Referencing non-existent character in script link character:Hotah_rs_2
[08:54:40][history.cpp:644] [original line 2838] Referencing non-existent character in script link character:asoiaf_Targaryen_61_1
[08:54:40][history.cpp:644] [original line 2839] Referencing non-existent character in script link character:asoiaf_Targaryen_61_1
[08:54:40][history.cpp:644] [original line 2840] Referencing non-existent character in script link character:Targaryen_61_1
[08:54:40][history.cpp:644] [original line 2841] Referencing non-existent character in script link character:Targaryen_61_1
[08:54:40][history.cpp:644] [original line 2842] Referencing non-existent character in script link character:Targaryen_61_1
[08:54:40][history.cpp:644] [original line 2843] Referencing non-existent character in script link character:Targaryen_61_1