[08:52:57][dlc_descriptor.cpp:70] [original line 1] Invalid supported_version in file: mod/ugc_2261468688.mod line: 6
[08:53:12][pdx_3dtypes.cpp:145] [original line 1192] a 3d-type with the name "female_cloaks_secular_shouldercape_01_mesh" already exists!
[08:53:20][pdx_blend_shape_database.cpp:149] [original line 1193] Blend shape: gfx/models/portraits/f_clothes/asoiaf/asoiaf_westerlands/asoiaf_lannister_armours/f_asoiaf_lannister_armour_high/f_asoiaf_lannister_armour_high_bs_breast_size_max.mesh has fewer meshes than its base object: gfx/models/portraits/f_clothes/asoiaf/asoiaf_westerlands/asoiaf_lannister_armours/f_asoiaf_lannister_armour_high/f_asoiaf_lannister_armour_high.mesh
[08:53:20][pdx_blend_shape_database.cpp:149] [original line 1194] Blend shape: gfx/models/portraits/f_clothes/asoiaf/asoiaf_westerlands/asoiaf_lannister_armours/f_asoiaf_lannister_armour_high/f_asoiaf_lannister_armour_high_bs_breast_size_min.mesh has fewer meshes than its base object: gfx/models/portraits/f_clothes/asoiaf/asoiaf_westerlands/asoiaf_lannister_armours/f_asoiaf_lannister_armour_high/f_asoiaf_lannister_armour_high.mesh
[08:53:20][pdx_blend_shape_database.cpp:149] [original line 1195] Blend shape: gfx/models/portraits/f_clothes/asoiaf/asoiaf_westerlands/asoiaf_lannister_armours/f_asoiaf_lannister_armour_high/f_asoiaf_lannister_armour_high_bs_pregnant.mesh has fewer meshes than its base object: gfx/models/portraits/f_clothes/asoiaf/asoiaf_westerlands/asoiaf_lannister_armours/f_asoiaf_lannister_armour_high/f_asoiaf_lannister_armour_high.mesh
[08:53:20][pdx_blend_shape_database.cpp:149] [original line 1196] Blend shape: gfx/models/portraits/f_clothes/asoiaf/asoiaf_westerlands/asoiaf_lannister_armours/f_asoiaf_lannister_armour_high/f_asoiaf_lannister_armour_high_bs_fat.mesh has fewer meshes than its base object: gfx/models/portraits/f_clothes/asoiaf/asoiaf_westerlands/asoiaf_lannister_armours/f_asoiaf_lannister_armour_high/f_asoiaf_lannister_armour_high.mesh
[08:53:20][pdx_blend_shape_database.cpp:149] [original line 1197] Blend shape: gfx/models/portraits/f_clothes/asoiaf/asoiaf_westerlands/asoiaf_lannister_armours/f_asoiaf_lannister_armour_high/f_asoiaf_lannister_armour_high_bs_gaunt.mesh has fewer meshes than its base object: gfx/models/portraits/f_clothes/asoiaf/asoiaf_westerlands/asoiaf_lannister_armours/f_asoiaf_lannister_armour_high/f_asoiaf_lannister_armour_high.mesh
[08:53:20][pdx_blend_shape_database.cpp:149] [original line 1198] Blend shape: gfx/models/portraits/f_clothes/asoiaf/asoiaf_westerlands/asoiaf_lannister_armours/f_asoiaf_lannister_armour_high/f_asoiaf_lannister_armour_high_bs_muscular.mesh has fewer meshes than its base object: gfx/models/portraits/f_clothes/asoiaf/asoiaf_westerlands/asoiaf_lannister_armours/f_asoiaf_lannister_armour_high/f_asoiaf_lannister_armour_high.mesh
[08:53:20][pdx_blend_shape_database.cpp:149] [original line 1199] Blend shape: gfx/models/portraits/f_clothes/asoiaf/asoiaf_westerlands/asoiaf_lannister_armours/f_asoiaf_lannister_armour_high/f_asoiaf_lannister_armour_high_bs_old.mesh has fewer meshes than its base object: gfx/models/portraits/f_clothes/asoiaf/asoiaf_westerlands/asoiaf_lannister_armours/f_asoiaf_lannister_armour_high/f_asoiaf_lannister_armour_high.mesh
[08:53:20][pdx_blend_shape_database.cpp:149] [original line 1200] Blend shape: gfx/models/portraits/f_clothes/asoiaf/asoiaf_westerlands/asoiaf_lannister_armours/f_asoiaf_lannister_armour_high/f_asoiaf_lannister_armour_high_bs_dwarf.mesh has fewer meshes than its base object: gfx/models/portraits/f_clothes/asoiaf/asoiaf_westerlands/asoiaf_lannister_armours/f_asoiaf_lannister_armour_high/f_asoiaf_lannister_armour_high.mesh
[08:53:20][pdx_blend_shape_database.cpp:149] [original line 1201] Blend shape: gfx/models/portraits/f_clothes/asoiaf/asoiaf_westerlands/asoiaf_lannister_armours/f_asoiaf_lannister_armour_high/f_asoiaf_lannister_armour_high_bs_infant.mesh has fewer meshes than its base object: gfx/models/portraits/f_clothes/asoiaf/asoiaf_westerlands/asoiaf_lannister_armours/f_asoiaf_lannister_armour_high/f_asoiaf_lannister_armour_high.mesh
[08:53:37][pdx_3dtypes.cpp:145] [original line 1202] a 3d-type with the name "male_cloaks_secular_shouldercape_01_mesh" already exists!
[08:53:45][pdx_blend_shape_database.cpp:26] [original line 1203] Blendshape file gfx/models/portraits/m_legwear/asoiaf/asoiaf_iron_isles/asoiaf_ironborn_legs_coa/asoiaf_greyjoy_legs_bs_no_left_leg.mesh not found. Relevant mesh file: gfx/models/portraits/m_legwear/asoiaf/asoiaf_iron_isles/asoiaf_ironborn_legs_coa/asoiaf_ironborn_legs_coa.mesh
[08:53:48][pdxassetutil.cpp:1009] [original line 1204] Duplicate texture 'ep3_patras_castle_01_a_unique.dds' found (current path 'gfx/models/buildings/special/high_hermitage/ep3_patras_castle_01_a_unique.dds', previous path 'gfx/models/buildings/special/ep3_patras_castle_01_a/ep3_patras_castle_01_a_unique.dds')
[08:53:48][pdxassetutil.cpp:1009] [original line 1205] Duplicate texture 'ep3_patras_castle_ground_diffuse.dds' found (current path 'gfx/models/buildings/special/high_hermitage/ep3_patras_castle_ground_diffuse.dds', previous path 'gfx/models/buildings/special/ep3_patras_castle_01_a/ep3_patras_castle_ground_diffuse.dds')
[08:53:48][pdxassetutil.cpp:1009] [original line 1206] Duplicate texture 'ep3_patras_castle_ground_normal.dds' found (current path 'gfx/models/buildings/special/high_hermitage/ep3_patras_castle_ground_normal.dds', previous path 'gfx/models/buildings/special/ep3_patras_castle_01_a/ep3_patras_castle_ground_normal.dds')
[08:53:48][pdxassetutil.cpp:1009] [original line 1207] Duplicate texture 'ep3_patras_castle_ground_properties.dds' found (current path 'gfx/models/buildings/special/high_hermitage/ep3_patras_castle_ground_properties.dds', previous path 'gfx/models/buildings/special/ep3_patras_castle_01_a/ep3_patras_castle_ground_properties.dds')
[08:53:48][pdxassetutil.cpp:1009] [original line 1208] Duplicate texture 'ethiopian_atlas_diffuse.dds' found (current path 'gfx/models/buildings/special/Karhold/ethiopian_atlas_diffuse.dds', previous path 'gfx/models/buildings/holdings/atlas/ethiopian/ethiopian_atlas_diffuse.dds')
[08:53:48][pdxassetutil.cpp:1009] [original line 1209] Duplicate texture 'ethiopian_atlas_diffuse.dds' found (current path 'gfx/models/buildings/special/Runestone/ethiopian_atlas_diffuse.dds', previous path 'gfx/models/buildings/holdings/atlas/ethiopian/ethiopian_atlas_diffuse.dds')
[08:53:48][pdxassetutil.cpp:1009] [original line 1210] Duplicate texture 'ethiopian_atlas_normal.dds' found (current path 'gfx/models/buildings/special/Karhold/ethiopian_atlas_normal.dds', previous path 'gfx/models/buildings/holdings/atlas/ethiopian/ethiopian_atlas_normal.dds')
[08:53:48][pdxassetutil.cpp:1009] [original line 1211] Duplicate texture 'ethiopian_atlas_normal.dds' found (current path 'gfx/models/buildings/special/Runestone/ethiopian_atlas_normal.dds', previous path 'gfx/models/buildings/holdings/atlas/ethiopian/ethiopian_atlas_normal.dds')
[08:53:48][pdxassetutil.cpp:1009] [original line 1212] Duplicate texture 'ethiopian_atlas_properties.dds' found (current path 'gfx/models/buildings/special/Karhold/ethiopian_atlas_properties.dds', previous path 'gfx/models/buildings/holdings/atlas/ethiopian/ethiopian_atlas_properties.dds')
[08:53:48][pdxassetutil.cpp:1009] [original line 1213] Duplicate texture 'ethiopian_atlas_properties.dds' found (current path 'gfx/models/buildings/special/Runestone/ethiopian_atlas_properties.dds', previous path 'gfx/models/buildings/holdings/atlas/ethiopian/ethiopian_atlas_properties.dds')
[08:53:48][pdxassetutil.cpp:1009] [original line 1214] Duplicate texture 'male_cloaks_secular_shouldercape_01_diffuse.dds' found (current path 'gfx/models/portraits/m_cloaks/asoiaf/asoiaf_westerlands/asoiaf_lannister_cloaks/asoiaf_lannister_cloak_royal/male_cloaks_secular_shouldercape_01_diffuse.dds', previous path 'gfx/models/portraits/m_cloaks/agot/shouldercape/male_cloaks_secular_shouldercape_01_diffuse.dds')
[08:53:48][pdxassetutil.cpp:1009] [original line 1215] Duplicate texture 'male_cloaks_secular_shouldercape_01_masks.dds' found (current path 'gfx/models/portraits/m_cloaks/asoiaf/asoiaf_westerlands/asoiaf_lannister_cloaks/asoiaf_lannister_cloak_royal/male_cloaks_secular_shouldercape_01_masks.dds', previous path 'gfx/models/portraits/m_cloaks/agot/shouldercape/male_cloaks_secular_shouldercape_01_masks.dds')
[08:53:48][pdxassetutil.cpp:1009] [original line 1216] Duplicate texture 'male_cloaks_secular_shouldercape_01_normal.dds' found (current path 'gfx/models/portraits/m_cloaks/asoiaf/asoiaf_westerlands/asoiaf_lannister_cloaks/asoiaf_lannister_cloak_royal/male_cloaks_secular_shouldercape_01_normal.dds', previous path 'gfx/models/portraits/m_cloaks/agot/shouldercape/male_cloaks_secular_shouldercape_01_normal.dds')
[08:53:48][pdxassetutil.cpp:1009] [original line 1217] Duplicate texture 'male_cloaks_secular_shouldercape_01_properties.dds' found (current path 'gfx/models/portraits/m_cloaks/asoiaf/asoiaf_westerlands/asoiaf_lannister_cloaks/asoiaf_lannister_cloak_royal/male_cloaks_secular_shouldercape_01_properties.dds', previous path 'gfx/models/portraits/m_cloaks/agot/shouldercape/male_cloaks_secular_shouldercape_01_properties.dds')
[08:53:51][pdxassetutil.cpp:556] [original line 1218] UV-Set: 1 in mesh 'crag_crenelation' in file 'gfx/models/buildings/special/crag/crag.mesh' has no valid triangle to use when calculating texture streaming factor. Texture streaming needs a triangle with an area.
[08:53:51][pdxassetutil.cpp:2002] [original line 1219] Asset "gfx/models/portraits/m_headgears/asoiaf/asoiaf_reach/asoiaf_tyrell_helm_low/asoiaf_tyrell_helm_low.mesh" has more than 3 UV channels. This is not supported and will be ignored.
[08:53:51][pdxassetutil.cpp:556] [original line 1220] UV-Set: 1 in mesh 'gold_ball' in file 'gfx/models/buildings/special/cow_blackhaven/cow_blackhaven.mesh' has no valid triangle to use when calculating texture streaming factor. Texture streaming needs a triangle with an area.
[08:53:51][pdxassetutil.cpp:556] [original line 1221] UV-Set: 1 in mesh 'crag_stone_ground' in file 'gfx/models/buildings/special/cow_blackhaven/cow_blackhaven.mesh' has no valid triangle to use when calculating texture streaming factor. Texture streaming needs a triangle with an area.
[08:53:51][pdxassetutil.cpp:2002] [original line 1222] Asset "gfx/models/portraits/f_legwear/asoiaf/asoiaf_crownlands/f_asoiaf_gold_cloak_legs/f_asoiaf_gold_cloak_legs.mesh" has more than 3 UV channels. This is not supported and will be ignored.
[08:53:51][pdxassetutil.cpp:1763] [original line 1223] pdxmesh [cow_blackhaven_mesh] is out of sync with its meshsettings. [blackhaven_rockShape] is not in use in file: gfx/models/buildings/special/cow_blackhaven/cow_blackhaven.mesh
[08:53:51][pdxassetutil.cpp:2002] [original line 1224] Asset "gfx/models/portraits/m_clothes/asoiaf/asoiaf_crownlands/asoiaf_dragonstone/asoiaf_dragonstone_armour_low/asoiaf_dragonstone_armour_low.mesh" has more than 3 UV channels. This is not supported and will be ignored.
[08:53:51][pdxassetutil.cpp:2002] [original line 1225] Asset "gfx/models/portraits/m_legwear/asoiaf/asoiaf_generic/asoiaf_slippers_1/asoiaf_slippers_1.mesh" has more than 3 UV channels. This is not supported and will be ignored.
[08:53:51][pdxassetutil.cpp:1763] [original line 1226] pdxmesh [crag_mesh] is out of sync with its meshsettings. [lannisport_dgShape] is not in use in file: gfx/models/buildings/special/crag/crag.mesh
[08:53:51][pdxassetutil.cpp:1763] [original line 1227] pdxmesh [crag_mesh] is out of sync with its meshsettings. [lannisport_lkShape] is not in use in file: gfx/models/buildings/special/crag/crag.mesh
[08:53:51][pdxassetutil.cpp:1763] [original line 1228] pdxmesh [crag_mesh] is out of sync with its meshsettings. [lannisport_lpShape] is not in use in file: gfx/models/buildings/special/crag/crag.mesh
[08:53:51][pdxassetutil.cpp:2002] [original line 1229] Asset "gfx/models/portraits/f_clothes/asoiaf/asoiaf_crownlands/asoiaf_dragonstone/f_asoiaf_dragonstone_armour_low/f_asoiaf_dragonstone_armour_low.mesh" has more than 3 UV channels. This is not supported and will be ignored.
[08:53:51][pdxassetutil.cpp:2002] [original line 1230] Asset "gfx/models/portraits/m_clothes/asoiaf/asoiaf_iron_isles/asoiaf_greyjoy_armour_dynast/asoiaf_greyjoy_armour_dynast.mesh" has more than 3 UV channels. This is not supported and will be ignored.
[08:53:51][pdxassetutil.cpp:2002] [original line 1231] Asset "gfx/models/portraits/m_clothes/asoiaf/asoiaf_iron_isles/asoiaf_greyjoy_armour_dynast/asoiaf_greyjoy_armour_dynast.mesh" has more than 3 UV channels. This is not supported and will be ignored.
[08:53:51][pdxassetutil.cpp:1763] [original line 1232] pdxmesh [building_special_lonely_light_04] is out of sync with its meshsettings. [dock_tower_wood] is not in use in file: gfx/models/buildings/special/Lonely Light/building_special_lonely_light_04.mesh
[08:53:51][pdxassetutil.cpp:2002] [original line 1233] Asset "gfx/models/portraits/m_jewellery/asoiaf/asoiaf_generic/asoiaf_shark_tooth_necklace/asoiaf_shark_tooth_necklace.mesh" has more than 3 UV channels. This is not supported and will be ignored.
[08:53:52][pdxassetutil.cpp:2002] [original line 1234] Asset "gfx/models/portraits/m_jewellery/asoiaf/asoiaf_religious_jewellery/asoiaf_septon_jewellery/asoiaf_septon_necklace_1/asoiaf_septon_necklace_1.mesh" has more than 3 UV channels. This is not supported and will be ignored.
[08:53:52][pdxassetutil.cpp:556] [original line 1235] UV-Set: 1 in mesh 'f_asoiaf_manderly_armour_lowShape' in file 'gfx/models/portraits/f_clothes/asoiaf/asoiaf_north/asoiaf_manderly_armours/f_asoiaf_manderly_armour_low/f_asoiaf_manderly_armour_low.mesh' has no valid triangle to use when calculating texture streaming factor. Texture streaming needs a triangle with an area.
[08:53:52][pdxassetutil.cpp:556] [original line 1236] UV-Set: 1 in mesh 'f_asoiaf_nights_watch_cloak_1Shape' in file 'gfx/models/portraits/f_cloaks/asoiaf/asoiaf_nights_watch/f_asoiaf_nights_watch_cloak_1/f_asoiaf_nights_watch_cloak_1.mesh' has no valid triangle to use when calculating texture streaming factor. Texture streaming needs a triangle with an area.
[08:53:52][pdxassetutil.cpp:556] [original line 1237] UV-Set: 2 in mesh 'f_asoiaf_nights_watch_cloak_1Shape' in file 'gfx/models/portraits/f_cloaks/asoiaf/asoiaf_nights_watch/f_asoiaf_nights_watch_cloak_1/f_asoiaf_nights_watch_cloak_1.mesh' has no valid triangle to use when calculating texture streaming factor. Texture streaming needs a triangle with an area.
[08:53:52][pdxassetutil.cpp:1763] [original line 1238] pdxmesh [starpike_mesh] is out of sync with its meshsettings. [starpike_ground] is not in use in file: gfx/models/buildings/special/starpike/starpike.mesh
[08:53:52][pdxassetutil.cpp:1763] [original line 1239] pdxmesh [starpike_mesh] is out of sync with its meshsettings. [starpike_lower] is not in use in file: gfx/models/buildings/special/starpike/starpike.mesh
[08:53:52][pdxassetutil.cpp:556] [original line 1240] UV-Set: 1 in mesh 'f_asoiaf_nights_watch_cloak_1Shape' in file 'gfx/models/portraits/f_cloaks/asoiaf/asoiaf_nights_watch/f_asoiaf_nights_watch_cloak_1/f_asoiaf_nights_watch_cloak_1.mesh' has no valid triangle to use when calculating texture streaming factor. Texture streaming needs a triangle with an area.
[08:53:52][pdxassetutil.cpp:2002] [original line 1241] Asset "gfx/models/portraits/m_cloaks/asoiaf/asoiaf_crownlands/asoiaf_gold_cloak_cloak/asoiaf_gold_cloak_cloak.mesh" has more than 3 UV channels. This is not supported and will be ignored.
[08:53:52][pdxassetutil.cpp:2002] [original line 1242] Asset "gfx/models/portraits/m_legwear/asoiaf/asoiaf_generic/asoiaf_leather_boots_6/asoiaf_leather_boots_6.mesh" has more than 3 UV channels. This is not supported and will be ignored.
[08:53:52][pdxassetutil.cpp:1763] [original line 1243] pdxmesh [high_hermitage_mesh] is out of sync with its meshsettings. [ep3_basilica_sant_apollinare_nuovo_decalShape] is not in use in file: gfx/models/buildings/special/high_hermitage/high_hermitage.mesh
[08:53:52][pdxassetutil.cpp:2002] [original line 1244] Asset "gfx/models/portraits/m_legwear/asoiaf/asoiaf_crownlands/asoiaf_dragonstone_legs/asoiaf_dragonstone_legs.mesh" has more than 3 UV channels. This is not supported and will be ignored.
[08:53:52][pdxassetutil.cpp:556] [original line 1245] UV-Set: 1 in mesh 'pole_town' in file 'gfx/models/buildings/special/planky town/planky_town.mesh' has no valid triangle to use when calculating texture streaming factor. Texture streaming needs a triangle with an area.
[08:53:52][pdxassetutil.cpp:2002] [original line 1246] Asset "gfx/models/portraits/m_legwear/asoiaf/asoiaf_generic/asoiaf_leather_boots_1/asoiaf_leather_boots_1.mesh" has more than 3 UV channels. This is not supported and will be ignored.
[08:53:53][pdxassetutil.cpp:2002] [original line 1247] Asset "gfx/models/portraits/f_cloaks/asoiaf/asoiaf_crownlands/f_asoiaf_gold_cloak_cloak/f_asoiaf_gold_cloak_cloak.mesh" has more than 3 UV channels. This is not supported and will be ignored.
[08:53:53][pdxassetutil.cpp:2002] [original line 1248] Asset "gfx/models/portraits/m_legwear/asoiaf/asoiaf_crownlands/asoiaf_gold_cloak_legs/asoiaf_gold_cloak_legs.mesh" has more than 3 UV channels. This is not supported and will be ignored.
[08:53:53][pdxassetutil.cpp:556] [original line 1249] UV-Set: 1 in mesh 'rooksrest_stone_ground' in file 'gfx/models/buildings/special/rooksrest/rooksrest.mesh' has no valid triangle to use when calculating texture streaming factor. Texture streaming needs a triangle with an area.
[08:53:53][pdxassetutil.cpp:2002] [original line 1250] Asset "gfx/models/portraits/m_legwear/asoiaf/asoiaf_iron_isles/asoiaf_greyjoy_legs/asoiaf_greyjoy_legs.mesh" has more than 3 UV channels. This is not supported and will be ignored.
[08:53:53][pdxassetutil.cpp:2002] [original line 1251] Asset "gfx/models/portraits/m_clothes/asoiaf/asoiaf_reach/asoiaf_tyrell_armour_high/asoiaf_tyrell_armour_high.mesh" has more than 3 UV channels. This is not supported and will be ignored.
[08:53:53][pdxassetutil.cpp:2002] [original line 1252] Asset "gfx/models/portraits/m_clothes/asoiaf/asoiaf_stepstones/asoiaf_pirate_prince_tunic/asoiaf_pirate_prince_tunic.mesh" has more than 3 UV channels. This is not supported and will be ignored.
[08:53:53][pdxassetutil.cpp:556] [original line 1253] UV-Set: 0 in mesh 'lift' in file 'gfx/models/buildings/special/castamere/24castamere_3.mesh' has no valid triangle to use when calculating texture streaming factor. Texture streaming needs a triangle with an area.
[08:53:53][pdxassetutil.cpp:1053] [original line 1254] Failed to find texture 'building_backup_atlas_properties.dds'
[08:53:53][virtualfilesystem.cpp:456] [original line 1255] Could not find texture due to 'VFSOpen Error: gfx/models/buildings/special/castamere/building_backup_atlas_properties.dds not found'
[08:53:53][pdxassetutil.cpp:1053] [original line 1256] Failed to find texture 'building_backup_atlas_normal.dds'
[08:53:53][virtualfilesystem.cpp:456] [original line 1257] Could not find texture due to 'VFSOpen Error: gfx/models/buildings/special/castamere/building_backup_atlas_normal.dds not found'
[08:53:53][pdxassetutil.cpp:556] [original line 1258] UV-Set: 0 in mesh 'pallet' in file 'gfx/models/buildings/special/castamere/24castamere_3.mesh' has no valid triangle to use when calculating texture streaming factor. Texture streaming needs a triangle with an area.
[08:53:53][pdxassetutil.cpp:1053] [original line 1259] Failed to find texture 'building_backup_atlas_properties.dds'
[08:53:53][virtualfilesystem.cpp:456] [original line 1260] Could not find texture due to 'VFSOpen Error: gfx/models/buildings/special/castamere/building_backup_atlas_properties.dds not found'
[08:53:53][pdxassetutil.cpp:1053] [original line 1261] Failed to find texture 'building_backup_atlas_normal.dds'
[08:53:53][virtualfilesystem.cpp:456] [original line 1262] Could not find texture due to 'VFSOpen Error: gfx/models/buildings/special/castamere/building_backup_atlas_normal.dds not found'
[08:53:54][pdxassetutil.cpp:2002] [original line 1263] Asset "gfx/models/portraits/f_legwear/asoiaf/asoiaf_iron_isles/f_asoiaf_greyjoy_legs/f_asoiaf_greyjoy_legs.mesh" has more than 3 UV channels. This is not supported and will be ignored.
[08:53:54][pdxassetutil.cpp:556] [original line 1264] UV-Set: 1 in mesh 'ashemark_stone_ground' in file 'gfx/models/buildings/special/ashemark/ashemark.mesh' has no valid triangle to use when calculating texture streaming factor. Texture streaming needs a triangle with an area.
[08:53:54][pdxassetutil.cpp:1763] [original line 1265] pdxmesh [building_palestone_sword_01_mesh] is out of sync with its meshsettings. [casterlyrock_rockShape] is not in use in file: gfx/models/buildings/special/palestone_sword/building_palestone_sword_01.mesh
[08:53:54][pdxassetutil.cpp:556] [original line 1266] UV-Set: 1 in mesh 'lannisport_dgShape' in file 'gfx/models/buildings/special/fanghill/fanghill.mesh' has no valid triangle to use when calculating texture streaming factor. Texture streaming needs a triangle with an area.
[08:53:54][pdxassetutil.cpp:556] [original line 1267] UV-Set: 1 in mesh 'f_asoiaf_westerlands_mourning_1Shape' in file 'gfx/models/portraits/f_clothes/asoiaf/asoiaf_westerlands/asoiaf_westerlands_mourning_1/f_asoiaf_westerlands_mourning_1.mesh' has no valid triangle to use when calculating texture streaming factor. Texture streaming needs a triangle with an area.
[08:53:54][pdxassetutil.cpp:556] [original line 1268] UV-Set: 1 in mesh 'asoiaf_leather_boots_2Shape' in file 'gfx/models/portraits/m_legwear/asoiaf/asoiaf_generic/asoiaf_leather_boots_2/asoiaf_leather_boots_2.mesh' has no valid triangle to use when calculating texture streaming factor. Texture streaming needs a triangle with an area.
[08:53:54][pdxassetutil.cpp:556] [original line 1269] UV-Set: 0 in mesh 'lift' in file 'gfx/models/buildings/special/castamere/24castamere_2.mesh' has no valid triangle to use when calculating texture streaming factor. Texture streaming needs a triangle with an area.
[08:53:54][pdxassetutil.cpp:1053] [original line 1270] Failed to find texture 'building_backup_atlas_properties.dds'
[08:53:54][virtualfilesystem.cpp:456] [original line 1271] Could not find texture due to 'VFSOpen Error: gfx/models/buildings/special/castamere/building_backup_atlas_properties.dds not found'
[08:53:54][pdxassetutil.cpp:1053] [original line 1272] Failed to find texture 'building_backup_atlas_normal.dds'
[08:53:54][virtualfilesystem.cpp:456] [original line 1273] Could not find texture due to 'VFSOpen Error: gfx/models/buildings/special/castamere/building_backup_atlas_normal.dds not found'
[08:53:54][pdxassetutil.cpp:556] [original line 1274] UV-Set: 0 in mesh 'pallet' in file 'gfx/models/buildings/special/castamere/24castamere_2.mesh' has no valid triangle to use when calculating texture streaming factor. Texture streaming needs a triangle with an area.
[08:53:54][pdxassetutil.cpp:1053] [original line 1275] Failed to find texture 'building_backup_atlas_properties.dds'
[08:53:54][virtualfilesystem.cpp:456] [original line 1276] Could not find texture due to 'VFSOpen Error: gfx/models/buildings/special/castamere/building_backup_atlas_properties.dds not found'
[08:53:54][pdxassetutil.cpp:1053] [original line 1277] Failed to find texture 'building_backup_atlas_normal.dds'
[08:53:54][virtualfilesystem.cpp:456] [original line 1278] Could not find texture due to 'VFSOpen Error: gfx/models/buildings/special/castamere/building_backup_atlas_normal.dds not found'
[08:53:55][pdxassetutil.cpp:556] [original line 1279] UV-Set: 1 in mesh 'f_asoiaf_manderly_armour_lowShape' in file 'gfx/models/portraits/f_clothes/asoiaf/asoiaf_north/asoiaf_manderly_armours/f_asoiaf_manderly_armour_low/f_asoiaf_manderly_armour_low.mesh' has no valid triangle to use when calculating texture streaming factor. Texture streaming needs a triangle with an area.
[08:53:55][pdxassetutil.cpp:556] [original line 1280] UV-Set: 1 in mesh 'crag_upper' in file 'gfx/models/buildings/special/crag/crag_level_2.mesh' has no valid triangle to use when calculating texture streaming factor. Texture streaming needs a triangle with an area.
[08:53:55][pdxassetutil.cpp:556] [original line 1281] UV-Set: 1 in mesh 'crag_upper' in file 'gfx/models/buildings/special/crag/crag_level_2.mesh' has no valid triangle to use when calculating texture streaming factor. Texture streaming needs a triangle with an area.
[08:53:55][pdxassetutil.cpp:556] [original line 1282] UV-Set: 1 in mesh 'crag_stone_ground' in file 'gfx/models/buildings/special/crag/crag_level_2.mesh' has no valid triangle to use when calculating texture streaming factor. Texture streaming needs a triangle with an area.
[08:53:55][pdxassetutil.cpp:1763] [original line 1283] pdxmesh [crag_level_2_mesh] is out of sync with its meshsettings. [lannisport_dgShape] is not in use in file: gfx/models/buildings/special/crag/crag_level_2.mesh
[08:53:55][pdxassetutil.cpp:1763] [original line 1284] pdxmesh [crag_level_2_mesh] is out of sync with its meshsettings. [lannisport_lkShape] is not in use in file: gfx/models/buildings/special/crag/crag_level_2.mesh
[08:53:55][pdxassetutil.cpp:1763] [original line 1285] pdxmesh [crag_level_2_mesh] is out of sync with its meshsettings. [lannisport_lpShape] is not in use in file: gfx/models/buildings/special/crag/crag_level_2.mesh
[08:53:55][pdxassetutil.cpp:556] [original line 1286] UV-Set: 1 in mesh 'asoiaf_tywin_tunic_1Shape' in file 'gfx/models/portraits/m_clothes/asoiaf/asoiaf_westerlands/asoiaf_tywin_tunics/asoiaf_tywin_tunic_1/asoiaf_tywin_tunic_1.mesh' has no valid triangle to use when calculating texture streaming factor. Texture streaming needs a triangle with an area.
[08:53:55][pdxassetutil.cpp:556] [original line 1287] UV-Set: 1 in mesh 'f_asoiaf_shoes_1Shape' in file 'gfx/models/portraits/f_legwear/asoiaf/asoiaf_generic/f_asoiaf_shoes_1/f_asoiaf_shoes_1.mesh' has no valid triangle to use when calculating texture streaming factor. Texture streaming needs a triangle with an area.
[08:53:55][pdxassetutil.cpp:2002] [original line 1288] Asset "gfx/models/portraits/m_clothes/asoiaf/asoiaf_iron_isles/asoiaf_ironborn_armour_dynast_coa/asoiaf_ironborn_armour_dynast_coa.mesh" has more than 3 UV channels. This is not supported and will be ignored.
[08:53:55][pdxassetutil.cpp:2002] [original line 1289] Asset "gfx/models/portraits/m_clothes/asoiaf/asoiaf_iron_isles/asoiaf_ironborn_armour_dynast_coa/asoiaf_ironborn_armour_dynast_coa.mesh" has more than 3 UV channels. This is not supported and will be ignored.
[08:53:55][pdxassetutil.cpp:2002] [original line 1290] Asset "gfx/models/portraits/m_legwear/asoiaf/asoiaf_iron_isles/asoiaf_ironborn_legs_coa/asoiaf_ironborn_legs_coa.mesh" has more than 3 UV channels. This is not supported and will be ignored.
[08:53:55][pdxassetutil.cpp:1763] [original line 1291] pdxmesh [building_special_sisterton_mesh] is out of sync with its meshsettings. [sisteron_rough_walls] is not in use in file: gfx/models/buildings/special/sisterton/building_special_sisterton.mesh
[08:53:55][pdxassetutil.cpp:2002] [original line 1292] Asset "gfx/models/portraits/m_clothes/asoiaf/asoiaf_iron_isles/asoiaf_greyjoy_armour_high/asoiaf_greyjoy_armour_high.mesh" has more than 3 UV channels. This is not supported and will be ignored.
[08:53:55][pdxassetutil.cpp:556] [original line 1293] UV-Set: 1 in mesh 'asoiaf_red_keep_wallsShape' in file 'gfx/models/court/rooms/asoiaf_red_keep/asoiaf_court_red_keep.mesh' has no valid triangle to use when calculating texture streaming factor. Texture streaming needs a triangle with an area.
[08:53:55][pdxassetutil.cpp:556] [original line 1294] UV-Set: 0 in mesh 'building_griffin_roost_castle' in file 'gfx/models/buildings/special/griffins roost/building_special_griffins_roost.mesh' has no valid triangle to use when calculating texture streaming factor. Texture streaming needs a triangle with an area.
[08:53:55][pdxassetutil.cpp:556] [original line 1295] UV-Set: 1 in mesh 'rooksrest_stone_ground' in file 'gfx/models/buildings/special/rooksrest/rooksrest2.mesh' has no valid triangle to use when calculating texture streaming factor. Texture streaming needs a triangle with an area.
[08:53:55][pdxassetutil.cpp:556] [original line 1296] UV-Set: 1 in mesh 'rooksrest_stone' in file 'gfx/models/buildings/special/rooksrest/rooksrest2.mesh' has no valid triangle to use when calculating texture streaming factor. Texture streaming needs a triangle with an area.
[08:53:55][pdxassetutil.cpp:556] [original line 1297] UV-Set: 0 in mesh 'griffin_roost_roof' in file 'gfx/models/buildings/special/griffins roost/building_special_griffins_roost.mesh' has no valid triangle to use when calculating texture streaming factor. Texture streaming needs a triangle with an area.
[08:53:55][pdxassetutil.cpp:2002] [original line 1298] Asset "gfx/models/portraits/m_clothes/asoiaf/asoiaf_religious_clothing/asoiaf_drowned_man_robes/asoiaf_drowned_man_robes_low/asoiaf_drowned_man_robes_low.mesh" has more than 3 UV channels. This is not supported and will be ignored.
[08:53:55][pdxassetutil.cpp:2002] [original line 1299] Asset "gfx/models/portraits/f_clothes/asoiaf/asoiaf_crownlands/f_asoiaf_gold_cloak_armour/f_asoiaf_gold_cloak_armour.mesh" has more than 3 UV channels. This is not supported and will be ignored.
[08:53:56][pdxassetutil.cpp:1763] [original line 1300] pdxmesh [lordsport_mesh] is out of sync with its meshsettings. [iron] is not in use in file: gfx/models/buildings/special/lordsport/lordsport.mesh
[08:53:56][pdxassetutil.cpp:1763] [original line 1301] pdxmesh [lordsport_mesh] is out of sync with its meshsettings. [lordsport_stone_ground] is not in use in file: gfx/models/buildings/special/lordsport/lordsport.mesh
[08:53:56][pdxassetutil.cpp:556] [original line 1302] UV-Set: 1 in mesh 'asoiaf_nights_watch_cloak_1Shape' in file 'gfx/models/portraits/m_cloaks/asoiaf/asoiaf_nights_watch/asoiaf_nights_watch_cloak_1/asoiaf_nights_watch_cloak_1.mesh' has no valid triangle to use when calculating texture streaming factor. Texture streaming needs a triangle with an area.
[08:53:56][pdxassetutil.cpp:556] [original line 1303] UV-Set: 2 in mesh 'asoiaf_nights_watch_cloak_1Shape' in file 'gfx/models/portraits/m_cloaks/asoiaf/asoiaf_nights_watch/asoiaf_nights_watch_cloak_1/asoiaf_nights_watch_cloak_1.mesh' has no valid triangle to use when calculating texture streaming factor. Texture streaming needs a triangle with an area.
[08:53:56][pdxassetutil.cpp:556] [original line 1304] UV-Set: 1 in mesh 'asoiaf_nights_watch_cloak_1Shape' in file 'gfx/models/portraits/m_cloaks/asoiaf/asoiaf_nights_watch/asoiaf_nights_watch_cloak_1/asoiaf_nights_watch_cloak_1.mesh' has no valid triangle to use when calculating texture streaming factor. Texture streaming needs a triangle with an area.
[08:53:56][pdxassetutil.cpp:2002] [original line 1305] Asset "gfx/models/portraits/m_headgears/asoiaf/asoiaf_crownlands/asoiaf_gold_cloak_helm/asoiaf_gold_cloak_helm.mesh" has more than 3 UV channels. This is not supported and will be ignored.
[08:53:56][pdxassetutil.cpp:2002] [original line 1306] Asset "gfx/models/portraits/f_headgears/asoiaf/asoiaf_crownlands/f_asoiaf_gold_cloak_helm/f_asoiaf_gold_cloak_helm.mesh" has more than 3 UV channels. This is not supported and will be ignored.
[08:53:56][pdxassetutil.cpp:556] [original line 1307] UV-Set: 1 in mesh 'asoiaf_nights_watch_legsShape' in file 'gfx/models/portraits/m_legwear/asoiaf/asoiaf_nights_watch/asoiaf_nights_watch_legs/asoiaf_nights_watch_legs.mesh' has no valid triangle to use when calculating texture streaming factor. Texture streaming needs a triangle with an area.
[08:53:56][pdxassetutil.cpp:2002] [original line 1308] Asset "gfx/models/portraits/m_clothes/asoiaf/asoiaf_religious_clothing/asoiaf_septon_robes/asoiaf_septon_robes_2/asoiaf_septon_robes_2.mesh" has more than 3 UV channels. This is not supported and will be ignored.
[08:53:56][pdxassetutil.cpp:1763] [original line 1309] pdxmesh [building_special_yronwood_mesh] is out of sync with its meshsettings. [fp2_building_special_alhambra_01_palm_treeShape] is not in use in file: gfx/models/buildings/special/yronwood/building_special_yronwood.mesh
[08:53:56][pdxassetutil.cpp:2002] [original line 1310] Asset "gfx/models/portraits/m_headgears/asoiaf/asoiaf_nights_watch/asoiaf_nights_watch_hood/asoiaf_nights_watch_hood.mesh" has more than 3 UV channels. This is not supported and will be ignored.
[08:53:56][pdxassetutil.cpp:556] [original line 1311] UV-Set: 0 in mesh 'the_ground' in file 'gfx/models/buildings/special/deepwood_motte/deepwood_motte.mesh' has no valid triangle to use when calculating texture streaming factor. Texture streaming needs a triangle with an area.
[08:53:56][pdxassetutil.cpp:556] [original line 1312] UV-Set: 1 in mesh 'building_special_evenfall_1Shape' in file 'gfx/models/buildings/special/Evenfall/building_special_evenfall.mesh' has no valid triangle to use when calculating texture streaming factor. Texture streaming needs a triangle with an area.
[08:53:56][pdxassetutil.cpp:556] [original line 1313] UV-Set: 1 in mesh 'building_special_evenfall_2Shape' in file 'gfx/models/buildings/special/Evenfall/building_special_evenfall.mesh' has no valid triangle to use when calculating texture streaming factor. Texture streaming needs a triangle with an area.
[08:53:56][pdxassetutil.cpp:1763] [original line 1314] pdxmesh [building_special_evenfall_mesh] is out of sync with its meshsettings. [building_special_evenfall_4Shape] is not in use in file: gfx/models/buildings/special/Evenfall/building_special_evenfall.mesh
[08:53:56][pdxassetutil.cpp:1763] [original line 1315] pdxmesh [building_special_evenfall_mesh] is out of sync with its meshsettings. [building_special_evenfall_cellsShape] is not in use in file: gfx/models/buildings/special/Evenfall/building_special_evenfall.mesh
[08:53:56][pdxassetutil.cpp:1763] [original line 1316] pdxmesh [building_special_evenfall_mesh] is out of sync with its meshsettings. [fp4_legendary_western_palace_01_aShape] is not in use in file: gfx/models/buildings/special/Evenfall/building_special_evenfall.mesh
[08:53:56][pdxassetutil.cpp:556] [original line 1317] UV-Set: 0 in mesh 'bronze_bell' in file 'gfx/models/buildings/special/seagaurd/building_seagard_01.mesh' has no valid triangle to use when calculating texture streaming factor. Texture streaming needs a triangle with an area.
[08:53:56][pdxassetutil.cpp:556] [original line 1318] UV-Set: 0 in mesh 'bellchain' in file 'gfx/models/buildings/special/seagaurd/building_seagard_01.mesh' has no valid triangle to use when calculating texture streaming factor. Texture streaming needs a triangle with an area.
[08:53:56][pdxassetutil.cpp:1763] [original line 1319] pdxmesh [building_seagard_01_mesh] is out of sync with its meshsettings. [City] is not in use in file: gfx/models/buildings/special/seagaurd/building_seagard_01.mesh
[08:53:56][pdxassetutil.cpp:1763] [original line 1320] pdxmesh [building_seagard_01_mesh] is out of sync with its meshsettings. [building_western_castle_0Shape4] is not in use in file: gfx/models/buildings/special/seagaurd/building_seagard_01.mesh
[08:53:56][pdxassetutil.cpp:1763] [original line 1321] pdxmesh [building_seagard_01_mesh] is out of sync with its meshsettings. [western_walls_04_a1Shape] is not in use in file: gfx/models/buildings/special/seagaurd/building_seagard_01.mesh
[08:53:56][pdxassetutil.cpp:1763] [original line 1322] pdxmesh [building_seagard_01_mesh] is out of sync with its meshsettings. [western_walls_04_a1Shape1] is not in use in file: gfx/models/buildings/special/seagaurd/building_seagard_01.mesh
[08:53:56][pdxassetutil.cpp:1763] [original line 1323] pdxmesh [building_seagard_01_mesh] is out of sync with its meshsettings. [western_walls_04_a1Shape2] is not in use in file: gfx/models/buildings/special/seagaurd/building_seagard_01.mesh
[08:53:56][pdxassetutil.cpp:1763] [original line 1324] pdxmesh [building_seagard_01_mesh] is out of sync with its meshsettings. [western_walls_04_a1Shape3] is not in use in file: gfx/models/buildings/special/seagaurd/building_seagard_01.mesh
[08:53:56][pdxassetutil.cpp:1763] [original line 1325] pdxmesh [building_seagard_01_mesh] is out of sync with its meshsettings. [pallet] is not in use in file: gfx/models/buildings/special/seagaurd/building_seagard_01.mesh
[08:53:56][pdxassetutil.cpp:1763] [original line 1326] pdxmesh [building_seagard_01_mesh] is out of sync with its meshsettings. [lift] is not in use in file: gfx/models/buildings/special/seagaurd/building_seagard_01.mesh
[08:53:56][pdxassetutil.cpp:1763] [original line 1327] pdxmesh [building_seagard_01_mesh] is out of sync with its meshsettings. [hillfort_01] is not in use in file: gfx/models/buildings/special/seagaurd/building_seagard_01.mesh
[08:53:56][pdxassetutil.cpp:1763] [original line 1328] pdxmesh [building_seagard_01_mesh] is out of sync with its meshsettings. [building_special_stormsend_castle_cliffsShape] is not in use in file: gfx/models/buildings/special/seagaurd/building_seagard_01.mesh
[08:53:57][pdxassetutil.cpp:556] [original line 1329] UV-Set: 0 in mesh 'lift' in file 'gfx/models/buildings/special/castamere/castamere_restored.mesh' has no valid triangle to use when calculating texture streaming factor. Texture streaming needs a triangle with an area.
[08:53:57][pdxassetutil.cpp:1053] [original line 1330] Failed to find texture 'building_backup_atlas_properties.dds'
[08:53:57][virtualfilesystem.cpp:456] [original line 1331] Could not find texture due to 'VFSOpen Error: gfx/models/buildings/special/castamere/building_backup_atlas_properties.dds not found'
[08:53:57][pdxassetutil.cpp:1053] [original line 1332] Failed to find texture 'building_backup_atlas_normal.dds'
[08:53:57][virtualfilesystem.cpp:456] [original line 1333] Could not find texture due to 'VFSOpen Error: gfx/models/buildings/special/castamere/building_backup_atlas_normal.dds not found'
[08:53:57][pdxassetutil.cpp:556] [original line 1334] UV-Set: 0 in mesh 'windmill' in file 'gfx/models/buildings/special/castamere/castamere_restored.mesh' has no valid triangle to use when calculating texture streaming factor. Texture streaming needs a triangle with an area.
[08:53:57][pdxassetutil.cpp:1053] [original line 1335] Failed to find texture 'building_backup_atlas_properties.dds'
[08:53:57][virtualfilesystem.cpp:456] [original line 1336] Could not find texture due to 'VFSOpen Error: gfx/models/buildings/special/castamere/building_backup_atlas_properties.dds not found'
[08:53:57][pdxassetutil.cpp:1053] [original line 1337] Failed to find texture 'building_backup_atlas_normal.dds'
[08:53:57][virtualfilesystem.cpp:456] [original line 1338] Could not find texture due to 'VFSOpen Error: gfx/models/buildings/special/castamere/building_backup_atlas_normal.dds not found'
[08:53:57][pdxassetutil.cpp:556] [original line 1339] UV-Set: 0 in mesh 'pallet' in file 'gfx/models/buildings/special/castamere/castamere_restored.mesh' has no valid triangle to use when calculating texture streaming factor. Texture streaming needs a triangle with an area.
[08:53:57][pdxassetutil.cpp:1053] [original line 1340] Failed to find texture 'building_backup_atlas_properties.dds'
[08:53:57][virtualfilesystem.cpp:456] [original line 1341] Could not find texture due to 'VFSOpen Error: gfx/models/buildings/special/castamere/building_backup_atlas_properties.dds not found'
[08:53:57][pdxassetutil.cpp:1053] [original line 1342] Failed to find texture 'building_backup_atlas_normal.dds'
[08:53:57][virtualfilesystem.cpp:456] [original line 1343] Could not find texture due to 'VFSOpen Error: gfx/models/buildings/special/castamere/building_backup_atlas_normal.dds not found'
[08:53:57][pdxassetutil.cpp:2002] [original line 1344] Asset "gfx/models/portraits/f_legwear/asoiaf/asoiaf_crownlands/f_asoiaf_dragonstone_legs/f_asoiaf_dragonstone_legs.mesh" has more than 3 UV channels. This is not supported and will be ignored.
[08:53:57][pdxassetutil.cpp:556] [original line 1345] UV-Set: 0 in mesh 'building_mediterranean_city_02' in file 'gfx/models/buildings/special/the_arbor/the_arbor.mesh' has no valid triangle to use when calculating texture streaming factor. Texture streaming needs a triangle with an area.
[08:53:57][pdxassetutil.cpp:2002] [original line 1346] Asset "gfx/models/portraits/m_clothes/asoiaf/asoiaf_religious_clothing/asoiaf_drowned_man_robes/asoiaf_drowned_man_robes_high/asoiaf_drowned_man_robes_high.mesh" has more than 3 UV channels. This is not supported and will be ignored.
[08:53:57][pdxassetutil.cpp:556] [original line 1347] UV-Set: 1 in mesh 'crag_upper' in file 'gfx/models/buildings/special/crag/crag_level_1.mesh' has no valid triangle to use when calculating texture streaming factor. Texture streaming needs a triangle with an area.
[08:53:57][pdxassetutil.cpp:556] [original line 1348] UV-Set: 1 in mesh 'crag_upper' in file 'gfx/models/buildings/special/crag/crag_level_1.mesh' has no valid triangle to use when calculating texture streaming factor. Texture streaming needs a triangle with an area.
[08:53:57][pdxassetutil.cpp:556] [original line 1349] UV-Set: 1 in mesh 'crag_stone_ground' in file 'gfx/models/buildings/special/crag/crag_level_1.mesh' has no valid triangle to use when calculating texture streaming factor. Texture streaming needs a triangle with an area.
[08:53:57][pdxassetutil.cpp:556] [original line 1350] UV-Set: 1 in mesh 'crag_windows' in file 'gfx/models/buildings/special/crag/crag_level_1.mesh' has no valid triangle to use when calculating texture streaming factor. Texture streaming needs a triangle with an area.
[08:53:57][pdxassetutil.cpp:1763] [original line 1351] pdxmesh [crag_level_1_mesh] is out of sync with its meshsettings. [lannisport_dgShape] is not in use in file: gfx/models/buildings/special/crag/crag_level_1.mesh
[08:53:57][pdxassetutil.cpp:1763] [original line 1352] pdxmesh [crag_level_1_mesh] is out of sync with its meshsettings. [lannisport_lkShape] is not in use in file: gfx/models/buildings/special/crag/crag_level_1.mesh
[08:53:57][pdxassetutil.cpp:1763] [original line 1353] pdxmesh [crag_level_1_mesh] is out of sync with its meshsettings. [lannisport_lpShape] is not in use in file: gfx/models/buildings/special/crag/crag_level_1.mesh
[08:53:58][pdxassetutil.cpp:2002] [original line 1354] Asset "gfx/models/portraits/f_jewellery/asoiaf/asoiaf_generic/asoiaf_shark_tooth_necklace/f_asoiaf_shark_tooth_necklace.mesh" has more than 3 UV channels. This is not supported and will be ignored.
[08:53:58][pdxassetutil.cpp:2002] [original line 1355] Asset "gfx/models/portraits/m_legwear/asoiaf/asoiaf_generic/asoiaf_leather_boots_4/asoiaf_leather_boots_4.mesh" has more than 3 UV channels. This is not supported and will be ignored.
[08:53:58][pdxassetutil.cpp:1763] [original line 1356] pdxmesh [building_special_duskendale_mesh] is out of sync with its meshsettings. [farm_mediterranean] is not in use in file: gfx/models/buildings/special/duskendale/building_special_duskendale.mesh
[08:53:58][pdxassetutil.cpp:1763] [original line 1357] pdxmesh [building_special_duskendale_mesh] is out of sync with its meshsettings. [farm_mediterranean_vines] is not in use in file: gfx/models/buildings/special/duskendale/building_special_duskendale.mesh
[08:53:58][pdxassetutil.cpp:1763] [original line 1358] pdxmesh [building_special_duskendale_mesh] is out of sync with its meshsettings. [farm_mediterranean_decal] is not in use in file: gfx/models/buildings/special/duskendale/building_special_duskendale.mesh
[08:53:58][pdxassetutil.cpp:1763] [original line 1359] pdxmesh [building_special_duskendale_mesh] is out of sync with its meshsettings. [building_mediterranean_city_02] is not in use in file: gfx/models/buildings/special/duskendale/building_special_duskendale.mesh
[08:53:58][pdxassetutil.cpp:2002] [original line 1360] Asset "gfx/models/portraits/m_clothes/asoiaf/asoiaf_crownlands/asoiaf_gold_cloak_armour/asoiaf_gold_cloak_armour.mesh" has more than 3 UV channels. This is not supported and will be ignored.
[08:53:58][pdxassetutil.cpp:2002] [original line 1361] Asset "gfx/models/portraits/m_headgears/asoiaf/asoiaf_reach/asoiaf_tyrell_helm_high/asoiaf_tyrell_helm_high.mesh" has more than 3 UV channels. This is not supported and will be ignored.
[08:53:58][pdxassetutil.cpp:2002] [original line 1362] Asset "gfx/models/portraits/m_clothes/asoiaf/asoiaf_iron_isles/asoiaf_ironborn_armour_high_coa/asoiaf_ironborn_armour_high_coa.mesh" has more than 3 UV channels. This is not supported and will be ignored.
[08:53:58][pdxassetutil.cpp:556] [original line 1363] UV-Set: 1 in mesh 'asoiaf_nights_watch_leatherShape' in file 'gfx/models/portraits/m_clothes/asoiaf/asoiaf_nights_watch/asoiaf_nights_watch_leather/asoiaf_nights_watch_leather.mesh' has no valid triangle to use when calculating texture streaming factor. Texture streaming needs a triangle with an area.
[08:53:58][pdxassetutil.cpp:2002] [original line 1364] Asset "gfx/models/portraits/m_clothes/asoiaf/asoiaf_religious_clothing/asoiaf_septon_robes/asoiaf_septon_robes_1/asoiaf_septon_robes_1.mesh" has more than 3 UV channels. This is not supported and will be ignored.
[08:53:58][pdxassetutil.cpp:2002] [original line 1365] Asset "gfx/models/portraits/f_legwear/asoiaf/asoiaf_generic/f_asoiaf_leather_boots_1/f_asoiaf_leather_boots_1.mesh" has more than 3 UV channels. This is not supported and will be ignored.
[08:53:59][pdxassetutil.cpp:556] [original line 1366] UV-Set: 1 in mesh 'dunstonbury_stone_ground' in file 'gfx/models/buildings/special/whitegrove/whitegrove.mesh' has no valid triangle to use when calculating texture streaming factor. Texture streaming needs a triangle with an area.
[08:53:59][pdxassetutil.cpp:1763] [original line 1367] pdxmesh [whitegrove_mesh] is out of sync with its meshsettings. [whitegrove_roof] is not in use in file: gfx/models/buildings/special/whitegrove/whitegrove.mesh
[08:53:59][pdxassetutil.cpp:1763] [original line 1368] pdxmesh [whitegrove_mesh] is out of sync with its meshsettings. [whitegrove_upper] is not in use in file: gfx/models/buildings/special/whitegrove/whitegrove.mesh
[08:53:59][pdxassetutil.cpp:1763] [original line 1369] pdxmesh [whitegrove_mesh] is out of sync with its meshsettings. [whitegrove_stone_ground] is not in use in file: gfx/models/buildings/special/whitegrove/whitegrove.mesh
[08:53:59][pdxassetutil.cpp:1763] [original line 1370] pdxmesh [whitegrove_mesh] is out of sync with its meshsettings. [whitegrove_windows] is not in use in file: gfx/models/buildings/special/whitegrove/whitegrove.mesh
[08:53:59][pdxassetutil.cpp:2002] [original line 1371] Asset "gfx/models/portraits/f_clothes/asoiaf/asoiaf_religious_clothing/asoiaf_silent_sister_robes/f_asoiaf_silent_sister_robes.mesh" has more than 3 UV channels. This is not supported and will be ignored.
[08:53:59][pdxassetutil.cpp:556] [original line 1372] UV-Set: 2 in mesh 'asoiaf_storms_end_chapletsShape' in file 'gfx/models/court/rooms/asoiaf_storms_end/asoiaf_court_storms_end.mesh' has no valid triangle to use when calculating texture streaming factor. Texture streaming needs a triangle with an area.
[08:53:59][pdxassetutil.cpp:556] [original line 1373] UV-Set: 2 in mesh 'building_western' in file 'gfx/models/buildings/special/Ten Towers/cow_building_special_ten_towers.mesh' has no valid triangle to use when calculating texture streaming factor. Texture streaming needs a triangle with an area.
[08:53:59][pdxassetutil.cpp:556] [original line 1374] UV-Set: 2 in mesh 'celtic_01' in file 'gfx/models/buildings/special/Ten Towers/cow_building_special_ten_towers.mesh' has no valid triangle to use when calculating texture streaming factor. Texture streaming needs a triangle with an area.
[08:53:59][pdxassetutil.cpp:556] [original line 1375] UV-Set: 1 in mesh 'dunstonbury_upper' in file 'gfx/models/buildings/special/dunstonbury/dunstonbury.mesh' has no valid triangle to use when calculating texture streaming factor. Texture streaming needs a triangle with an area.
[08:53:59][pdxassetutil.cpp:556] [original line 1376] UV-Set: 3 in mesh 'dunstonbury_upper' in file 'gfx/models/buildings/special/dunstonbury/dunstonbury.mesh' has no valid triangle to use when calculating texture streaming factor. Texture streaming needs a triangle with an area.
[08:53:59][pdxassetutil.cpp:2002] [original line 1377] Asset "gfx/models/buildings/special/dunstonbury/dunstonbury.mesh" has more than 3 UV channels. This is not supported and will be ignored.
[08:53:59][pdxassetutil.cpp:556] [original line 1378] UV-Set: 1 in mesh 'dunstonbury_stone_ground' in file 'gfx/models/buildings/special/dunstonbury/dunstonbury.mesh' has no valid triangle to use when calculating texture streaming factor. Texture streaming needs a triangle with an area.
[08:53:59][pdxassetutil.cpp:556] [original line 1379] UV-Set: 1 in mesh 'dunstonbury_windows' in file 'gfx/models/buildings/special/dunstonbury/dunstonbury.mesh' has no valid triangle to use when calculating texture streaming factor. Texture streaming needs a triangle with an area.
[08:53:59][pdxassetutil.cpp:556] [original line 1380] UV-Set: 2 in mesh 'asoiaf_storms_end_chapletsShape' in file 'gfx/models/court/rooms/asoiaf_storms_end/asoiaf_court_storms_end.mesh' has no valid triangle to use when calculating texture streaming factor. Texture streaming needs a triangle with an area.
[08:53:59][pdxassetutil.cpp:556] [original line 1381] UV-Set: 2 in mesh 'asoiaf_storms_end_chapletsShape' in file 'gfx/models/court/rooms/asoiaf_storms_end/asoiaf_court_storms_end.mesh' has no valid triangle to use when calculating texture streaming factor. Texture streaming needs a triangle with an area.
[08:53:59][pdxassetutil.cpp:556] [original line 1382] UV-Set: 2 in mesh 'asoiaf_storms_end_chapletsShape' in file 'gfx/models/court/rooms/asoiaf_storms_end/asoiaf_court_storms_end.mesh' has no valid triangle to use when calculating texture streaming factor. Texture streaming needs a triangle with an area.
[08:53:59][pdxassetutil.cpp:556] [original line 1383] UV-Set: 2 in mesh 'asoiaf_storms_end_chapletsShape' in file 'gfx/models/court/rooms/asoiaf_storms_end/asoiaf_court_storms_end.mesh' has no valid triangle to use when calculating texture streaming factor. Texture streaming needs a triangle with an area.
[08:53:59][pdxassetutil.cpp:556] [original line 1384] UV-Set: 2 in mesh 'asoiaf_storms_end_chapletsShape' in file 'gfx/models/court/rooms/asoiaf_storms_end/asoiaf_court_storms_end.mesh' has no valid triangle to use when calculating texture streaming factor. Texture streaming needs a triangle with an area.
[08:53:59][pdxassetutil.cpp:556] [original line 1385] UV-Set: 2 in mesh 'asoiaf_storms_end_chapletsShape' in file 'gfx/models/court/rooms/asoiaf_storms_end/asoiaf_court_storms_end.mesh' has no valid triangle to use when calculating texture streaming factor. Texture streaming needs a triangle with an area.
[08:53:59][pdxassetutil.cpp:556] [original line 1386] UV-Set: 2 in mesh 'asoiaf_storms_end_wallsShape' in file 'gfx/models/court/rooms/asoiaf_storms_end/asoiaf_court_storms_end.mesh' has no valid triangle to use when calculating texture streaming factor. Texture streaming needs a triangle with an area.
[08:53:59][pdxassetutil.cpp:556] [original line 1387] UV-Set: 2 in mesh 'asoiaf_storms_end_wallsShape' in file 'gfx/models/court/rooms/asoiaf_storms_end/asoiaf_court_storms_end.mesh' has no valid triangle to use when calculating texture streaming factor. Texture streaming needs a triangle with an area.
[08:53:59][pdxassetutil.cpp:556] [original line 1388] UV-Set: 2 in mesh 'asoiaf_storms_end_wallsShape' in file 'gfx/models/court/rooms/asoiaf_storms_end/asoiaf_court_storms_end.mesh' has no valid triangle to use when calculating texture streaming factor. Texture streaming needs a triangle with an area.
[08:53:59][pdxassetutil.cpp:556] [original line 1389] UV-Set: 2 in mesh 'asoiaf_storms_end_wallsShape' in file 'gfx/models/court/rooms/asoiaf_storms_end/asoiaf_court_storms_end.mesh' has no valid triangle to use when calculating texture streaming factor. Texture streaming needs a triangle with an area.
[08:53:59][pdxassetutil.cpp:556] [original line 1390] UV-Set: 2 in mesh 'asoiaf_storms_end_wallsShape' in file 'gfx/models/court/rooms/asoiaf_storms_end/asoiaf_court_storms_end.mesh' has no valid triangle to use when calculating texture streaming factor. Texture streaming needs a triangle with an area.
[08:53:59][pdxassetutil.cpp:556] [original line 1391] UV-Set: 2 in mesh 'asoiaf_storms_end_wallsShape' in file 'gfx/models/court/rooms/asoiaf_storms_end/asoiaf_court_storms_end.mesh' has no valid triangle to use when calculating texture streaming factor. Texture streaming needs a triangle with an area.
[08:53:59][pdxassetutil.cpp:556] [original line 1392] UV-Set: 2 in mesh 'asoiaf_storms_end_wallsShape' in file 'gfx/models/court/rooms/asoiaf_storms_end/asoiaf_court_storms_end.mesh' has no valid triangle to use when calculating texture streaming factor. Texture streaming needs a triangle with an area.
[08:53:59][pdxassetutil.cpp:556] [original line 1393] UV-Set: 2 in mesh 'asoiaf_storms_end_wallsShape' in file 'gfx/models/court/rooms/asoiaf_storms_end/asoiaf_court_storms_end.mesh' has no valid triangle to use when calculating texture streaming factor. Texture streaming needs a triangle with an area.
[08:53:59][pdxassetutil.cpp:556] [original line 1394] UV-Set: 2 in mesh 'asoiaf_storms_end_wallsShape' in file 'gfx/models/court/rooms/asoiaf_storms_end/asoiaf_court_storms_end.mesh' has no valid triangle to use when calculating texture streaming factor. Texture streaming needs a triangle with an area.
[08:53:59][pdxassetutil.cpp:556] [original line 1395] UV-Set: 2 in mesh 'asoiaf_storms_end_wallsShape' in file 'gfx/models/court/rooms/asoiaf_storms_end/asoiaf_court_storms_end.mesh' has no valid triangle to use when calculating texture streaming factor. Texture streaming needs a triangle with an area.
[08:54:00][pdxassetutil.cpp:556] [original line 1396] UV-Set: 2 in mesh 'asoiaf_storms_end_decorationsShape' in file 'gfx/models/court/rooms/asoiaf_storms_end/asoiaf_court_storms_end.mesh' has no valid triangle to use when calculating texture streaming factor. Texture streaming needs a triangle with an area.
[08:54:00][pdxassetutil.cpp:556] [original line 1397] UV-Set: 2 in mesh 'asoiaf_storms_end_decorationsShape' in file 'gfx/models/court/rooms/asoiaf_storms_end/asoiaf_court_storms_end.mesh' has no valid triangle to use when calculating texture streaming factor. Texture streaming needs a triangle with an area.
[08:54:00][pdxassetutil.cpp:556] [original line 1398] UV-Set: 2 in mesh 'asoiaf_storms_end_decorationsShape' in file 'gfx/models/court/rooms/asoiaf_storms_end/asoiaf_court_storms_end.mesh' has no valid triangle to use when calculating texture streaming factor. Texture streaming needs a triangle with an area.
[08:54:00][pdxassetutil.cpp:556] [original line 1399] UV-Set: 2 in mesh 'asoiaf_storms_end_decorationsShape' in file 'gfx/models/court/rooms/asoiaf_storms_end/asoiaf_court_storms_end.mesh' has no valid triangle to use when calculating texture streaming factor. Texture streaming needs a triangle with an area.
[08:54:12][pdx_entity.cpp:585] [original line 1400] Could not find blend shape "female_clothes_f_asoiaf_lannister_armour_high_bs_breast_size_max" for attribute "bs_body_breast_size_max" in entity "female_clothes_asoiaf_lannister_armour_high_entity"
[08:54:12][pdx_entity.cpp:585] [original line 1401] Could not find blend shape "female_clothes_f_asoiaf_lannister_armour_high_bs_breast_size_min" for attribute "bs_body_breast_size_min" in entity "female_clothes_asoiaf_lannister_armour_high_entity"
[08:54:12][pdx_entity.cpp:585] [original line 1402] Could not find blend shape "female_clothes_f_asoiaf_lannister_armour_high_bs_pregnant" for attribute "bs_body_pregnant_1" in entity "female_clothes_asoiaf_lannister_armour_high_entity"
[08:54:12][pdx_entity.cpp:585] [original line 1403] Could not find blend shape "female_clothes_f_asoiaf_lannister_armour_high_bs_fat" for attribute "bs_body_fat_1" in entity "female_clothes_asoiaf_lannister_armour_high_entity"
[08:54:12][pdx_entity.cpp:585] [original line 1404] Could not find blend shape "female_clothes_f_asoiaf_lannister_armour_high_bs_gaunt" for attribute "bs_body_gaunt_1" in entity "female_clothes_asoiaf_lannister_armour_high_entity"
[08:54:12][pdx_entity.cpp:585] [original line 1405] Could not find blend shape "female_clothes_f_asoiaf_lannister_armour_high_bs_muscular" for attribute "bs_body_muscular_1" in entity "female_clothes_asoiaf_lannister_armour_high_entity"
[08:54:12][pdx_entity.cpp:585] [original line 1406] Could not find blend shape "female_clothes_f_asoiaf_lannister_armour_high_bs_old" for attribute "bs_body_old_1" in entity "female_clothes_asoiaf_lannister_armour_high_entity"
[08:54:12][pdx_entity.cpp:585] [original line 1407] Could not find blend shape "female_clothes_f_asoiaf_lannister_armour_high_bs_dwarf" for attribute "bs_body_dwarf_1" in entity "female_clothes_asoiaf_lannister_armour_high_entity"
[08:54:12][pdx_entity.cpp:585] [original line 1408] Could not find blend shape "female_clothes_f_asoiaf_lannister_armour_high_bs_infant" for attribute "bs_body_infant_1" in entity "female_clothes_asoiaf_lannister_armour_high_entity"
[08:54:19][pdx_entity.cpp:666] [original line 1409] Failed to find entity "western_walls_05_entity" for attachment in
[08:54:19][pdx_entity.cpp:666] [original line 1410] Failed to find entity "western_walls_06_entity" for attachment in
[08:54:19][pdx_entity.cpp:666] [original line 1411] Failed to find entity "western_walls_07_entity" for attachment in
[08:54:19][pdx_entity.cpp:666] [original line 1412] Failed to find entity "india_walls_05_entity" for attachment in
[08:54:19][pdx_entity.cpp:666] [original line 1413] Failed to find entity "india_walls_06_entity" for attachment in
[08:54:19][pdx_entity.cpp:666] [original line 1414] Failed to find entity "india_walls_07_entity" for attachment in
[08:54:19][pdx_entity.cpp:666] [original line 1415] Failed to find entity "mediterranean_walls_05_entity" for attachment in
[08:54:19][pdx_entity.cpp:666] [original line 1416] Failed to find entity "mediterranean_walls_06_entity" for attachment in
[08:54:19][pdx_entity.cpp:666] [original line 1417] Failed to find entity "mediterranean_walls_07_entity" for attachment in
[08:54:19][pdx_entity.cpp:666] [original line 1418] Failed to find entity "fp2_building_iberian_wall_05_entity" for attachment in
[08:54:19][pdx_entity.cpp:666] [original line 1419] Failed to find entity "fp2_building_iberian_wall_06_entity" for attachment in
[08:54:19][pdx_entity.cpp:666] [original line 1420] Failed to find entity "fp2_building_iberian_wall_07_entity" for attachment in
[08:54:19][pdx_entity.cpp:666] [original line 1421] Failed to find entity "walls_05_marrakesh_entity" for attachment in
[08:54:19][pdx_entity.cpp:666] [original line 1422] Failed to find entity "western_walls_05_paris_entity" for attachment in
[08:54:19][pdx_entity.cpp:666] [original line 1423] Failed to find entity "western_walls_07_london_entity" for attachment in
[08:54:19][pdx_entity.cpp:666] [original line 1424] Failed to find entity "western_walls_06_london_entity" for attachment in
[08:54:19][pdx_entity.cpp:666] [original line 1425] Failed to find entity "western_walls_05_london_entity" for attachment in
[08:54:19][pdx_entity.cpp:666] [original line 1426] Failed to find entity "mediterranean_walls_05_thes_entity" for attachment in
[08:54:19][pdx_entity.cpp:666] [original line 1427] Failed to find entity "mena_walls_05_entity" for attachment in
[08:54:19][pdx_entity.cpp:666] [original line 1428] Failed to find entity "mena_walls_06_entity" for attachment in
[08:54:19][pdx_entity.cpp:666] [original line 1429] Failed to find entity "mena_walls_07_entity" for attachment in
[08:54:19][pdx_entity.cpp:666] [original line 1430] Failed to find entity "mediterranean_walls_05_genoa_entity" for attachment in
[08:54:19][pdx_entity.cpp:666] [original line 1431] Failed to find entity "mediterranean_walls_05_rome_entity" for attachment in
[08:54:19][pdx_entity.cpp:666] [original line 1432] Failed to find entity "mediterranean_walls_05_constantinople_entity" for attachment in
[08:54:20][portraitaccessories.cpp:65] [original line 1433] could not find entity [female_cloak_asoiaf_stannis_cloak_1] - file: gfx/portraits/accessories/asoiaf_cloaks.txt line: 51 (female_cloak_asoiaf_stormlands_stannis_cloak_1)
[08:54:20][portraitaccessories.cpp:65] [original line 1434] could not find entity [female_clothes_asoiaf_stannis_clothes_1] - file: gfx/portraits/accessories/asoiaf_clothes.txt line: 426 (female_clothes_asoiaf_stormlands_stannis_clothes_1)
[08:54:20][portraitaccessories.cpp:65] [original line 1435] could not find entity [female_jewellery_asoiaf_septon_necklace_1] - file: gfx/portraits/accessories/asoiaf_jewellery.txt line: 34 (female_jewellery_asoiaf_septon_necklace_1)
[08:54:20][portraitaccessories.cpp:65] [original line 1436] could not find entity [smc_alicent_dress_03_entity] - file: gfx/portraits/accessories/smc_clothing.txt line: 24 (female_clothes_smc_alicent_dress_03)
[08:54:20][portraitaccessories.cpp:65] [original line 1437] could not find entity [smc_alicent_dress_04_entity] - file: gfx/portraits/accessories/smc_clothing.txt line: 28 (female_clothes_smc_alicent_dress_04)
[08:54:21][portraitcontext.cpp:184] [original line 1438] No gene with key: gene_eye_size in group human at file: common/dna_data/test_dna_crownlands.txt line: 148 (Slynt_asoiaf_1)
[08:54:21][portraitcontext.cpp:184] [original line 1439] No gene with key: gene_eye_shut_top in group human at file: common/dna_data/test_dna_crownlands.txt line: 149 (Slynt_asoiaf_1)
[08:54:21][portraitcontext.cpp:184] [original line 1440] No gene with key: gene_eye_shut_bottom in group human at file: common/dna_data/test_dna_crownlands.txt line: 150 (Slynt_asoiaf_1)
[08:54:21][portraitcontext.cpp:184] [original line 1441] No gene with key: gene_forehead_inner_brow_width in group human at file: common/dna_data/test_dna_crownlands.txt line: 156 (Slynt_asoiaf_1)
[08:54:21][portraitcontext.cpp:184] [original line 1442] No gene with key: gene_bs_eye_fold_2 in group human at file: common/dna_data/test_dna_crownlands.txt line: 160 (Slynt_asoiaf_1)
[08:54:21][portraitcontext.cpp:184] [original line 1443] No gene with key: gene_bs_eye_fold_2 in group human at file: common/dna_data/test_dna_crownlands.txt line: 3588 (Cressen_asoiaf_1)
[08:54:21][portraitcontext.cpp:184] [original line 1444] No gene with key: gene_eye_size in group human at file: common/dna_data/test_dna_crownlands.txt line: 3988 (Pycelle_asoiaf_1)
[08:54:21][portraitcontext.cpp:184] [original line 1445] No gene with key: gene_eye_shut_top in group human at file: common/dna_data/test_dna_crownlands.txt line: 3989 (Pycelle_asoiaf_1)
[08:54:21][portraitcontext.cpp:184] [original line 1446] No gene with key: gene_eye_shut_bottom in group human at file: common/dna_data/test_dna_crownlands.txt line: 3990 (Pycelle_asoiaf_1)
[08:54:21][portraitcontext.cpp:184] [original line 1447] No gene with key: gene_bs_eye_fold_2 in group human at file: common/dna_data/test_dna_crownlands.txt line: 4000 (Pycelle_asoiaf_1)
[08:54:21][portraitcontext.cpp:184] [original line 1448] No gene with key: gene_bs_eye_fold_2 in group human at file: common/dna_data/test_dna_dornish.txt line: 978 (Martell_asoiaf_10)
[08:54:21][portraitcontext.cpp:184] [original line 1449] No gene with key: gene_eye_size in group human at file: common/dna_data/test_dna_dornish.txt line: 1771 (Dayne_asoiaf_5)
[08:54:21][portraitcontext.cpp:184] [original line 1450] No gene with key: gene_eye_shut_top in group human at file: common/dna_data/test_dna_dornish.txt line: 1772 (Dayne_asoiaf_5)
[08:54:21][portraitcontext.cpp:184] [original line 1451] No gene with key: gene_eye_shut_bottom in group human at file: common/dna_data/test_dna_dornish.txt line: 1773 (Dayne_asoiaf_5)
[08:54:21][portraitcontext.cpp:184] [original line 1452] No gene with key: gene_forehead_inner_brow_width in group human at file: common/dna_data/test_dna_dornish.txt line: 1779 (Dayne_asoiaf_5)
[08:54:21][portraitcontext.cpp:184] [original line 1453] No gene with key: gene_bs_eye_fold_2 in group human at file: common/dna_data/test_dna_dornish.txt line: 1783 (Dayne_asoiaf_5)
[08:54:21][portraitcontext.cpp:184] [original line 1454] No gene with key: gene_eye_size in group human at file: common/dna_data/test_dna_dornish.txt line: 1980 (Dayne_asoiaf_4)
[08:54:21][portraitcontext.cpp:184] [original line 1455] No gene with key: gene_eye_shut_top in group human at file: common/dna_data/test_dna_dornish.txt line: 1981 (Dayne_asoiaf_4)
[08:54:21][portraitcontext.cpp:184] [original line 1456] No gene with key: gene_eye_shut_bottom in group human at file: common/dna_data/test_dna_dornish.txt line: 1982 (Dayne_asoiaf_4)
[08:54:21][portraitcontext.cpp:184] [original line 1457] No gene with key: gene_forehead_inner_brow_width in group human at file: common/dna_data/test_dna_dornish.txt line: 1988 (Dayne_asoiaf_4)
[08:54:21][portraitcontext.cpp:184] [original line 1458] No gene with key: gene_bs_eye_fold_2 in group human at file: common/dna_data/test_dna_dornish.txt line: 1992 (Dayne_asoiaf_4)
[08:54:21][portraitcontext.cpp:184] [original line 1459] No gene with key: gene_eye_size in group human at file: common/dna_data/test_dna_dornish.txt line: 2590 (Uller_asoiaf_6)
[08:54:21][portraitcontext.cpp:184] [original line 1460] No gene with key: gene_eye_shut_top in group human at file: common/dna_data/test_dna_dornish.txt line: 2591 (Uller_asoiaf_6)
[08:54:21][portraitcontext.cpp:184] [original line 1461] No gene with key: gene_eye_shut_bottom in group human at file: common/dna_data/test_dna_dornish.txt line: 2592 (Uller_asoiaf_6)
[08:54:21][portraitcontext.cpp:184] [original line 1462] No gene with key: gene_bs_eye_fold_2 in group human at file: common/dna_data/test_dna_essos.txt line: 746 (Mysaria_asoiaf_1)
[08:54:21][portraitcontext.cpp:184] [original line 1463] No gene with key: gene_bs_eye_fold_2 in group human at file: common/dna_data/test_dna_essos.txt line: 1352 (Saan_asoiaf_2)
[08:54:21][portraitcontext.cpp:184] [original line 1464] No gene with key: gene_bs_eye_fold_2 in group human at file: common/dna_data/test_dna_essos.txt line: 1557 (Thoros_asoiaf_1)
[08:54:21][portraitcontext.cpp:184] [original line 1465] No gene with key: gene_eye_size in group human at file: common/dna_data/test_dna_essos.txt line: 1752 (Eunuch_asoiaf_1)
[08:54:21][portraitcontext.cpp:184] [original line 1466] No gene with key: gene_eye_shut_top in group human at file: common/dna_data/test_dna_essos.txt line: 1753 (Eunuch_asoiaf_1)
[08:54:21][portraitcontext.cpp:184] [original line 1467] No gene with key: gene_eye_shut_bottom in group human at file: common/dna_data/test_dna_essos.txt line: 1754 (Eunuch_asoiaf_1)
[08:54:21][portraitcontext.cpp:184] [original line 1468] No gene with key: gene_forehead_inner_brow_width in group human at file: common/dna_data/test_dna_essos.txt line: 1760 (Eunuch_asoiaf_1)
[08:54:21][portraitcontext.cpp:184] [original line 1469] No gene with key: gene_bs_eye_fold_2 in group human at file: common/dna_data/test_dna_essos.txt line: 1764 (Eunuch_asoiaf_1)
[08:54:21][portraitcontext.cpp:184] [original line 1470] No gene with key: gene_eye_size in group human at file: common/dna_data/test_dna_iron_isles.txt line: 354 (Greyjoy_asoiaf_6)
[08:54:21][portraitcontext.cpp:184] [original line 1471] No gene with key: gene_eye_shut_top in group human at file: common/dna_data/test_dna_iron_isles.txt line: 355 (Greyjoy_asoiaf_6)
[08:54:21][portraitcontext.cpp:184] [original line 1472] No gene with key: gene_eye_shut_bottom in group human at file: common/dna_data/test_dna_iron_isles.txt line: 356 (Greyjoy_asoiaf_6)
[08:54:21][portraitcontext.cpp:184] [original line 1473] No gene with key: gene_bs_eye_fold_2 in group human at file: common/dna_data/test_dna_iron_isles.txt line: 366 (Greyjoy_asoiaf_6)
[08:54:21][portraitcontext.cpp:184] [original line 1474] No gene with key: gene_eye_size in group human at file: common/dna_data/test_dna_iron_isles.txt line: 567 (Greyjoy_asoiaf_9)
[08:54:21][portraitcontext.cpp:184] [original line 1475] No gene with key: gene_eye_shut_top in group human at file: common/dna_data/test_dna_iron_isles.txt line: 568 (Greyjoy_asoiaf_9)
[08:54:21][portraitcontext.cpp:184] [original line 1476] No gene with key: gene_eye_shut_bottom in group human at file: common/dna_data/test_dna_iron_isles.txt line: 569 (Greyjoy_asoiaf_9)
[08:54:21][portraitcontext.cpp:184] [original line 1477] No gene with key: gene_forehead_inner_brow_width in group human at file: common/dna_data/test_dna_iron_isles.txt line: 575 (Greyjoy_asoiaf_9)
[08:54:21][portraitcontext.cpp:184] [original line 1478] No gene with key: gene_bs_eye_fold_2 in group human at file: common/dna_data/test_dna_iron_isles.txt line: 579 (Greyjoy_asoiaf_9)
[08:54:21][portraitcontext.cpp:184] [original line 1479] No gene with key: gene_bs_eye_fold_2 in group human at file: common/dna_data/test_dna_north.txt line: 762 (Stark_asoiaf_1)
[08:54:21][portraitcontext.cpp:184] [original line 1480] No gene with key: gene_eye_size in group human at file: common/dna_data/test_dna_north.txt line: 1774 (Stark_asoiaf_6)
[08:54:21][portraitcontext.cpp:184] [original line 1481] No gene with key: gene_eye_shut_top in group human at file: common/dna_data/test_dna_north.txt line: 1775 (Stark_asoiaf_6)
[08:54:21][portraitcontext.cpp:184] [original line 1482] No gene with key: gene_eye_shut_bottom in group human at file: common/dna_data/test_dna_north.txt line: 1776 (Stark_asoiaf_6)
[08:54:21][portraitcontext.cpp:184] [original line 1483] No gene with key: gene_forehead_inner_brow_width in group human at file: common/dna_data/test_dna_north.txt line: 1782 (Stark_asoiaf_6)
[08:54:21][portraitcontext.cpp:184] [original line 1484] No gene with key: gene_bs_eye_fold_2 in group human at file: common/dna_data/test_dna_north.txt line: 1786 (Stark_asoiaf_6)
[08:54:21][portraitcontext.cpp:184] [original line 1485] No gene with key: gene_eye_size in group human at file: common/dna_data/test_dna_north.txt line: 4210 (Cassel_asoiaf_3)
[08:54:21][portraitcontext.cpp:184] [original line 1486] No gene with key: gene_eye_shut_top in group human at file: common/dna_data/test_dna_north.txt line: 4211 (Cassel_asoiaf_3)
[08:54:21][portraitcontext.cpp:184] [original line 1487] No gene with key: gene_eye_shut_bottom in group human at file: common/dna_data/test_dna_north.txt line: 4212 (Cassel_asoiaf_3)
[08:54:21][portraitcontext.cpp:184] [original line 1488] No gene with key: gene_bs_eye_fold_2 in group human at file: common/dna_data/test_dna_north.txt line: 4222 (Cassel_asoiaf_3)
[08:54:21][portraitcontext.cpp:184] [original line 1489] No gene with key: gene_eye_size in group human at file: common/dna_data/test_dna_north.txt line: 5211 (Bolton_asoiaf_1)
[08:54:21][portraitcontext.cpp:184] [original line 1490] No gene with key: gene_eye_shut_top in group human at file: common/dna_data/test_dna_north.txt line: 5212 (Bolton_asoiaf_1)
[08:54:21][portraitcontext.cpp:184] [original line 1491] No gene with key: gene_eye_shut_bottom in group human at file: common/dna_data/test_dna_north.txt line: 5213 (Bolton_asoiaf_1)
[08:54:21][portraitcontext.cpp:184] [original line 1492] No gene with key: gene_bs_eye_fold_2 in group human at file: common/dna_data/test_dna_north.txt line: 5223 (Bolton_asoiaf_1)
[08:54:21][portraitcontext.cpp:184] [original line 1493] No gene with key: gene_eye_size in group human at file: common/dna_data/test_dna_north.txt line: 5420 (Bolton_asoiaf_4)
[08:54:21][portraitcontext.cpp:184] [original line 1494] No gene with key: gene_eye_shut_top in group human at file: common/dna_data/test_dna_north.txt line: 5421 (Bolton_asoiaf_4)
[08:54:21][portraitcontext.cpp:184] [original line 1495] No gene with key: gene_eye_shut_bottom in group human at file: common/dna_data/test_dna_north.txt line: 5422 (Bolton_asoiaf_4)
[08:54:21][portraitcontext.cpp:184] [original line 1496] No gene with key: gene_forehead_inner_brow_width in group human at file: common/dna_data/test_dna_north.txt line: 5428 (Bolton_asoiaf_4)
[08:54:21][portraitcontext.cpp:184] [original line 1497] No gene with key: gene_bs_eye_fold_2 in group human at file: common/dna_data/test_dna_north.txt line: 5432 (Bolton_asoiaf_4)
[08:54:21][portraitcontext.cpp:184] [original line 1498] No gene with key: gene_eye_size in group human at file: common/dna_data/test_dna_north.txt line: 5629 (Bolton_asoiaf_5)
[08:54:21][portraitcontext.cpp:184] [original line 1499] No gene with key: gene_eye_shut_top in group human at file: common/dna_data/test_dna_north.txt line: 5630 (Bolton_asoiaf_5)
[08:54:21][portraitcontext.cpp:184] [original line 1500] No gene with key: gene_eye_shut_bottom in group human at file: common/dna_data/test_dna_north.txt line: 5631 (Bolton_asoiaf_5)
[08:54:21][portraitcontext.cpp:184] [original line 1501] No gene with key: gene_forehead_inner_brow_width in group human at file: common/dna_data/test_dna_north.txt line: 5637 (Bolton_asoiaf_5)
[08:54:21][portraitcontext.cpp:184] [original line 1502] No gene with key: gene_bs_eye_fold_2 in group human at file: common/dna_data/test_dna_north.txt line: 5641 (Bolton_asoiaf_5)
[08:54:21][portraitcontext.cpp:184] [original line 1503] No gene with key: gene_eye_size in group human at file: common/dna_data/test_dna_north.txt line: 5838 (Mormont_asoiaf_2)
[08:54:21][portraitcontext.cpp:184] [original line 1504] No gene with key: gene_eye_shut_top in group human at file: common/dna_data/test_dna_north.txt line: 5839 (Mormont_asoiaf_2)
[08:54:21][portraitcontext.cpp:184] [original line 1505] No gene with key: gene_eye_shut_bottom in group human at file: common/dna_data/test_dna_north.txt line: 5840 (Mormont_asoiaf_2)
[08:54:21][portraitcontext.cpp:184] [original line 1506] No gene with key: gene_eye_size in group human at file: common/dna_data/test_dna_north.txt line: 6047 (Mormont_asoiaf_3)
[08:54:21][portraitcontext.cpp:184] [original line 1507] No gene with key: gene_eye_shut_top in group human at file: common/dna_data/test_dna_north.txt line: 6048 (Mormont_asoiaf_3)
[08:54:21][portraitcontext.cpp:184] [original line 1508] No gene with key: gene_eye_shut_bottom in group human at file: common/dna_data/test_dna_north.txt line: 6049 (Mormont_asoiaf_3)
[08:54:21][portraitcontext.cpp:184] [original line 1509] No gene with key: gene_bs_eye_fold_2 in group human at file: common/dna_data/test_dna_north.txt line: 6266 (Manderly_asoiaf_6)
[08:54:21][portraitcontext.cpp:184] [original line 1510] No gene with key: gene_bs_eye_fold_2 in group human at file: common/dna_data/test_dna_north.txt line: 6471 (Manderly_asoiaf_7)
[08:54:21][portraitcontext.cpp:184] [original line 1511] No gene with key: gene_bs_eye_fold_2 in group human at file: common/dna_data/test_dna_north.txt line: 6676 (Manderly_asoiaf_8)
[08:54:21][portraitcontext.cpp:184] [original line 1512] No gene with key: gene_bs_eye_fold_2 in group human at file: common/dna_data/test_dna_north.txt line: 7897 (Degore_asoiaf_1)
[08:54:21][portraitcontext.cpp:184] [original line 1513] No gene with key: gene_bs_eye_fold_2 in group human at file: common/dna_data/test_dna_north.txt line: 8102 (Tuttle_asoiaf_4)
[08:54:21][portraitcontext.cpp:184] [original line 1514] No gene with key: gene_bs_eye_fold_2 in group human at file: common/dna_data/test_dna_north.txt line: 8307 (Tuttle_asoiaf_5)
[08:54:21][portraitcontext.cpp:184] [original line 1515] No gene with key: gene_bs_eye_fold_2 in group human at file: common/dna_data/test_dna_north.txt line: 8717 (Glover_asoiaf_5)
[08:54:21][portraitcontext.cpp:184] [original line 1516] No gene with key: gene_eye_size in group human at file: common/dna_data/test_dna_reach.txt line: 344 (Tyrell_asoiaf_8)
[08:54:21][portraitcontext.cpp:184] [original line 1517] No gene with key: gene_eye_shut_top in group human at file: common/dna_data/test_dna_reach.txt line: 345 (Tyrell_asoiaf_8)
[08:54:21][portraitcontext.cpp:184] [original line 1518] No gene with key: gene_eye_shut_bottom in group human at file: common/dna_data/test_dna_reach.txt line: 346 (Tyrell_asoiaf_8)
[08:54:21][portraitcontext.cpp:184] [original line 1519] No gene with key: gene_forehead_inner_brow_width in group human at file: common/dna_data/test_dna_reach.txt line: 352 (Tyrell_asoiaf_8)
[08:54:21][portraitcontext.cpp:184] [original line 1520] No gene with key: gene_bs_eye_fold_2 in group human at file: common/dna_data/test_dna_reach.txt line: 356 (Tyrell_asoiaf_8)
[08:54:21][portraitcontext.cpp:184] [original line 1521] No gene with key: gene_eye_size in group human at file: common/dna_data/test_dna_reach.txt line: 553 (Tyrell_asoiaf_11)
[08:54:21][portraitcontext.cpp:184] [original line 1522] No gene with key: gene_eye_shut_top in group human at file: common/dna_data/test_dna_reach.txt line: 554 (Tyrell_asoiaf_11)
[08:54:21][portraitcontext.cpp:184] [original line 1523] No gene with key: gene_eye_shut_bottom in group human at file: common/dna_data/test_dna_reach.txt line: 555 (Tyrell_asoiaf_11)
[08:54:21][portraitcontext.cpp:184] [original line 1524] No gene with key: gene_bs_eye_fold_2 in group human at file: common/dna_data/test_dna_reach.txt line: 565 (Tyrell_asoiaf_11)
[08:54:21][portraitcontext.cpp:184] [original line 1525] No gene with key: gene_eye_size in group human at file: common/dna_data/test_dna_reach.txt line: 762 (Tyrell_asoiaf_12)
[08:54:21][portraitcontext.cpp:184] [original line 1526] No gene with key: gene_eye_shut_top in group human at file: common/dna_data/test_dna_reach.txt line: 763 (Tyrell_asoiaf_12)
[08:54:21][portraitcontext.cpp:184] [original line 1527] No gene with key: gene_eye_shut_bottom in group human at file: common/dna_data/test_dna_reach.txt line: 764 (Tyrell_asoiaf_12)
[08:54:21][portraitcontext.cpp:184] [original line 1528] No gene with key: gene_bs_eye_fold_2 in group human at file: common/dna_data/test_dna_reach.txt line: 774 (Tyrell_asoiaf_12)
[08:54:21][portraitcontext.cpp:184] [original line 1529] No gene with key: gene_bs_eye_fold_2 in group human at file: common/dna_data/test_dna_reach.txt line: 1185 (Tyrell_asoiaf_14)
[08:54:21][portraitcontext.cpp:184] [original line 1530] No gene with key: gene_eye_size in group human at file: common/dna_data/test_dna_reach.txt line: 1578 (Redwyne_asoiaf_2)
[08:54:21][portraitcontext.cpp:184] [original line 1531] No gene with key: gene_eye_shut_top in group human at file: common/dna_data/test_dna_reach.txt line: 1579 (Redwyne_asoiaf_2)
[08:54:21][portraitcontext.cpp:184] [original line 1532] No gene with key: gene_eye_shut_bottom in group human at file: common/dna_data/test_dna_reach.txt line: 1580 (Redwyne_asoiaf_2)
[08:54:21][portraitcontext.cpp:184] [original line 1533] No gene with key: gene_bs_eye_fold_2 in group human at file: common/dna_data/test_dna_reach.txt line: 1590 (Redwyne_asoiaf_2)
[08:54:21][portraitcontext.cpp:184] [original line 1534] No gene with key: gene_eye_size in group human at file: common/dna_data/test_dna_reach.txt line: 2381 (Tarly_asoiaf_1)
[08:54:21][portraitcontext.cpp:184] [original line 1535] No gene with key: gene_eye_shut_top in group human at file: common/dna_data/test_dna_reach.txt line: 2382 (Tarly_asoiaf_1)
[08:54:21][portraitcontext.cpp:184] [original line 1536] No gene with key: gene_eye_shut_bottom in group human at file: common/dna_data/test_dna_reach.txt line: 2383 (Tarly_asoiaf_1)
[08:54:21][portraitcontext.cpp:184] [original line 1537] No gene with key: gene_eye_size in group human at file: common/dna_data/test_dna_reach.txt line: 2590 (Tarly_asoiaf_2)
[08:54:21][portraitcontext.cpp:184] [original line 1538] No gene with key: gene_eye_shut_top in group human at file: common/dna_data/test_dna_reach.txt line: 2591 (Tarly_asoiaf_2)
[08:54:21][portraitcontext.cpp:184] [original line 1539] No gene with key: gene_eye_shut_bottom in group human at file: common/dna_data/test_dna_reach.txt line: 2592 (Tarly_asoiaf_2)
[08:54:21][portraitcontext.cpp:184] [original line 1540] No gene with key: gene_bs_eye_fold_2 in group human at file: common/dna_data/test_dna_reach.txt line: 2602 (Tarly_asoiaf_2)
[08:54:21][portraitcontext.cpp:184] [original line 1541] No gene with key: gene_eye_size in group human at file: common/dna_data/test_dna_reach.txt line: 2799 (Tarly_asoiaf_3)
[08:54:21][portraitcontext.cpp:184] [original line 1542] No gene with key: gene_eye_shut_top in group human at file: common/dna_data/test_dna_reach.txt line: 2800 (Tarly_asoiaf_3)
[08:54:21][portraitcontext.cpp:184] [original line 1543] No gene with key: gene_eye_shut_bottom in group human at file: common/dna_data/test_dna_reach.txt line: 2801 (Tarly_asoiaf_3)
[08:54:21][portraitcontext.cpp:184] [original line 1544] No gene with key: gene_bs_eye_fold_2 in group human at file: common/dna_data/test_dna_reach.txt line: 2811 (Tarly_asoiaf_3)
[08:54:21][portraitcontext.cpp:184] [original line 1545] No gene with key: gene_eye_size in group human at file: common/dna_data/test_dna_reach.txt line: 3792 (Florent_asoiaf_8)
[08:54:21][portraitcontext.cpp:184] [original line 1546] No gene with key: gene_eye_shut_top in group human at file: common/dna_data/test_dna_reach.txt line: 3793 (Florent_asoiaf_8)
[08:54:21][portraitcontext.cpp:184] [original line 1547] No gene with key: gene_eye_shut_bottom in group human at file: common/dna_data/test_dna_reach.txt line: 3794 (Florent_asoiaf_8)
[08:54:21][portraitcontext.cpp:184] [original line 1548] No gene with key: gene_bs_eye_fold_2 in group human at file: common/dna_data/test_dna_reach.txt line: 3804 (Florent_asoiaf_8)
[08:54:21][portraitcontext.cpp:184] [original line 1549] No gene with key: gene_eye_size in group human at file: common/dna_data/test_dna_reach.txt line: 5595 (Hightower_asoiaf_3)
[08:54:21][portraitcontext.cpp:184] [original line 1550] No gene with key: gene_eye_shut_top in group human at file: common/dna_data/test_dna_reach.txt line: 5596 (Hightower_asoiaf_3)
[08:54:21][portraitcontext.cpp:184] [original line 1551] No gene with key: gene_eye_shut_bottom in group human at file: common/dna_data/test_dna_reach.txt line: 5597 (Hightower_asoiaf_3)
[08:54:21][portraitcontext.cpp:184] [original line 1552] No gene with key: gene_eye_size in group human at file: common/dna_data/test_dna_reach.txt line: 5804 (Hightower_asoiaf_5)
[08:54:21][portraitcontext.cpp:184] [original line 1553] No gene with key: gene_eye_shut_top in group human at file: common/dna_data/test_dna_reach.txt line: 5805 (Hightower_asoiaf_5)
[08:54:21][portraitcontext.cpp:184] [original line 1554] No gene with key: gene_eye_shut_bottom in group human at file: common/dna_data/test_dna_reach.txt line: 5806 (Hightower_asoiaf_5)
[08:54:21][portraitcontext.cpp:184] [original line 1555] No gene with key: gene_eye_size in group human at file: common/dna_data/test_dna_reach.txt line: 6013 (Hightower_asoiaf_7)
[08:54:21][portraitcontext.cpp:184] [original line 1556] No gene with key: gene_eye_shut_top in group human at file: common/dna_data/test_dna_reach.txt line: 6014 (Hightower_asoiaf_7)
[08:54:21][portraitcontext.cpp:184] [original line 1557] No gene with key: gene_eye_shut_bottom in group human at file: common/dna_data/test_dna_reach.txt line: 6015 (Hightower_asoiaf_7)
[08:54:21][portraitcontext.cpp:184] [original line 1558] No gene with key: gene_eye_size in group human at file: common/dna_data/test_dna_reach.txt line: 6222 (Hightower_asoiaf_9)
[08:54:21][portraitcontext.cpp:184] [original line 1559] No gene with key: gene_eye_shut_top in group human at file: common/dna_data/test_dna_reach.txt line: 6223 (Hightower_asoiaf_9)
[08:54:21][portraitcontext.cpp:184] [original line 1560] No gene with key: gene_eye_shut_bottom in group human at file: common/dna_data/test_dna_reach.txt line: 6224 (Hightower_asoiaf_9)
[08:54:21][portraitcontext.cpp:184] [original line 1561] No gene with key: gene_bs_eye_fold_2 in group human at file: common/dna_data/test_dna_reach.txt line: 6234 (Hightower_asoiaf_9)
[08:54:21][portraitcontext.cpp:184] [original line 1562] No gene with key: gene_eye_size in group human at file: common/dna_data/test_dna_reach.txt line: 6431 (Hightower_asoiaf_14)
[08:54:21][portraitcontext.cpp:184] [original line 1563] No gene with key: gene_eye_shut_top in group human at file: common/dna_data/test_dna_reach.txt line: 6432 (Hightower_asoiaf_14)
[08:54:21][portraitcontext.cpp:184] [original line 1564] No gene with key: gene_eye_shut_bottom in group human at file: common/dna_data/test_dna_reach.txt line: 6433 (Hightower_asoiaf_14)
[08:54:21][portraitcontext.cpp:184] [original line 1565] No gene with key: gene_bs_eye_fold_2 in group human at file: common/dna_data/test_dna_reach.txt line: 6443 (Hightower_asoiaf_14)
[08:54:21][portraitcontext.cpp:184] [original line 1566] No gene with key: gene_eye_size in group human at file: common/dna_data/test_dna_riverlands.txt line: 148 (Tully_asoiaf_1)
[08:54:21][portraitcontext.cpp:184] [original line 1567] No gene with key: gene_eye_shut_top in group human at file: common/dna_data/test_dna_riverlands.txt line: 149 (Tully_asoiaf_1)
[08:54:21][portraitcontext.cpp:184] [original line 1568] No gene with key: gene_eye_shut_bottom in group human at file: common/dna_data/test_dna_riverlands.txt line: 150 (Tully_asoiaf_1)
[08:54:21][portraitcontext.cpp:184] [original line 1569] No gene with key: gene_eye_size in group human at file: common/dna_data/test_dna_riverlands.txt line: 357 (Tully_asoiaf_4)
[08:54:21][portraitcontext.cpp:184] [original line 1570] No gene with key: gene_eye_shut_top in group human at file: common/dna_data/test_dna_riverlands.txt line: 358 (Tully_asoiaf_4)
[08:54:21][portraitcontext.cpp:184] [original line 1571] No gene with key: gene_eye_shut_bottom in group human at file: common/dna_data/test_dna_riverlands.txt line: 359 (Tully_asoiaf_4)
[08:54:21][portraitcontext.cpp:184] [original line 1572] No gene with key: gene_forehead_inner_brow_width in group human at file: common/dna_data/test_dna_riverlands.txt line: 365 (Tully_asoiaf_4)
[08:54:21][portraitcontext.cpp:184] [original line 1573] No gene with key: gene_eye_size in group human at file: common/dna_data/test_dna_riverlands.txt line: 566 (Tully_asoiaf_6)
[08:54:21][portraitcontext.cpp:184] [original line 1574] No gene with key: gene_eye_shut_top in group human at file: common/dna_data/test_dna_riverlands.txt line: 567 (Tully_asoiaf_6)
[08:54:21][portraitcontext.cpp:184] [original line 1575] No gene with key: gene_eye_shut_bottom in group human at file: common/dna_data/test_dna_riverlands.txt line: 568 (Tully_asoiaf_6)
[08:54:21][portraitcontext.cpp:184] [original line 1576] No gene with key: gene_forehead_inner_brow_width in group human at file: common/dna_data/test_dna_riverlands.txt line: 574 (Tully_asoiaf_6)
[08:54:21][portraitcontext.cpp:184] [original line 1577] No gene with key: gene_bs_eye_fold_2 in group human at file: common/dna_data/test_dna_riverlands.txt line: 578 (Tully_asoiaf_6)
[08:54:21][portraitcontext.cpp:184] [original line 1578] No gene with key: gene_eye_size in group human at file: common/dna_data/test_dna_riverlands.txt line: 776 (Tully_asoiaf_7)
[08:54:21][portraitcontext.cpp:184] [original line 1579] No gene with key: gene_eye_shut_top in group human at file: common/dna_data/test_dna_riverlands.txt line: 777 (Tully_asoiaf_7)
[08:54:21][portraitcontext.cpp:184] [original line 1580] No gene with key: gene_eye_shut_bottom in group human at file: common/dna_data/test_dna_riverlands.txt line: 778 (Tully_asoiaf_7)
[08:54:21][portraitcontext.cpp:184] [original line 1581] No gene with key: gene_bs_eye_fold_2 in group human at file: common/dna_data/test_dna_riverlands.txt line: 788 (Tully_asoiaf_7)
[08:54:21][portraitcontext.cpp:184] [original line 1582] No gene with key: gene_eye_size in group human at file: common/dna_data/test_dna_riverlands.txt line: 985 (Tully_asoiaf_9)
[08:54:21][portraitcontext.cpp:184] [original line 1583] No gene with key: gene_eye_shut_top in group human at file: common/dna_data/test_dna_riverlands.txt line: 986 (Tully_asoiaf_9)
[08:54:21][portraitcontext.cpp:184] [original line 1584] No gene with key: gene_eye_shut_bottom in group human at file: common/dna_data/test_dna_riverlands.txt line: 987 (Tully_asoiaf_9)
[08:54:21][portraitcontext.cpp:184] [original line 1585] No gene with key: gene_forehead_inner_brow_width in group human at file: common/dna_data/test_dna_riverlands.txt line: 993 (Tully_asoiaf_9)
[08:54:21][portraitcontext.cpp:184] [original line 1586] No gene with key: gene_bs_eye_fold_2 in group human at file: common/dna_data/test_dna_riverlands.txt line: 997 (Tully_asoiaf_9)
[08:54:21][portraitcontext.cpp:184] [original line 1587] No gene with key: gene_bs_eye_fold_2 in group human at file: common/dna_data/test_dna_riverlands.txt line: 2014 (Strong_asoiaf_31)
[08:54:21][portraitcontext.cpp:184] [original line 1588] No gene with key: gene_eye_size in group human at file: common/dna_data/test_dna_stormlands.txt line: 1940 (Baratheon_asoiaf_2_1)
[08:54:21][portraitcontext.cpp:184] [original line 1589] No gene with key: gene_eye_shut_top in group human at file: common/dna_data/test_dna_stormlands.txt line: 1941 (Baratheon_asoiaf_2_1)
[08:54:21][portraitcontext.cpp:184] [original line 1590] No gene with key: gene_eye_shut_bottom in group human at file: common/dna_data/test_dna_stormlands.txt line: 1942 (Baratheon_asoiaf_2_1)
[08:54:21][portraitcontext.cpp:184] [original line 1591] No gene with key: gene_forehead_inner_brow_width in group human at file: common/dna_data/test_dna_stormlands.txt line: 1948 (Baratheon_asoiaf_2_1)
[08:54:21][portraitcontext.cpp:184] [original line 1592] No gene with key: gene_bs_eye_fold_2 in group human at file: common/dna_data/test_dna_stormlands.txt line: 1952 (Baratheon_asoiaf_2_1)
[08:54:21][portraitcontext.cpp:184] [original line 1593] No gene with key: gene_bs_eye_fold_2 in group human at file: common/dna_data/test_dna_stormlands.txt line: 2952 (Baratheon_asoiaf_13)
[08:54:21][portraitcontext.cpp:184] [original line 1594] No gene with key: gene_eye_size in group human at file: common/dna_data/test_dna_stormlands.txt line: 3745 (Tarth_asoiaf_1)
[08:54:21][portraitcontext.cpp:184] [original line 1595] No gene with key: gene_eye_shut_top in group human at file: common/dna_data/test_dna_stormlands.txt line: 3746 (Tarth_asoiaf_1)
[08:54:21][portraitcontext.cpp:184] [original line 1596] No gene with key: gene_eye_shut_bottom in group human at file: common/dna_data/test_dna_stormlands.txt line: 3747 (Tarth_asoiaf_1)
[08:54:21][portraitcontext.cpp:184] [original line 1597] No gene with key: gene_eye_size in group human at file: common/dna_data/test_dna_stormlands.txt line: 3956 (Tarth_asoiaf_3)
[08:54:21][portraitcontext.cpp:184] [original line 1598] No gene with key: gene_eye_shut_top in group human at file: common/dna_data/test_dna_stormlands.txt line: 3957 (Tarth_asoiaf_3)
[08:54:21][portraitcontext.cpp:184] [original line 1599] No gene with key: gene_eye_shut_bottom in group human at file: common/dna_data/test_dna_stormlands.txt line: 3958 (Tarth_asoiaf_3)
[08:54:21][portraitcontext.cpp:184] [original line 1600] No gene with key: gene_eye_size in group human at file: common/dna_data/test_dna_stormlands.txt line: 4166 (Tarth_asoiaf_6)
[08:54:21][portraitcontext.cpp:184] [original line 1601] No gene with key: gene_eye_shut_top in group human at file: common/dna_data/test_dna_stormlands.txt line: 4167 (Tarth_asoiaf_6)
[08:54:21][portraitcontext.cpp:184] [original line 1602] No gene with key: gene_eye_shut_bottom in group human at file: common/dna_data/test_dna_stormlands.txt line: 4168 (Tarth_asoiaf_6)
[08:54:21][portraitcontext.cpp:184] [original line 1603] No gene with key: gene_forehead_inner_brow_width in group human at file: common/dna_data/test_dna_stormlands.txt line: 4174 (Tarth_asoiaf_6)
[08:54:21][portraitcontext.cpp:184] [original line 1604] No gene with key: gene_bs_eye_fold_2 in group human at file: common/dna_data/test_dna_stormlands.txt line: 4178 (Tarth_asoiaf_6)
[08:54:21][portraitcontext.cpp:184] [original line 1605] No gene with key: gene_eye_size in group human at file: common/dna_data/test_dna_stormlands.txt line: 4376 (Selmy_asoiaf_3)
[08:54:21][portraitcontext.cpp:184] [original line 1606] No gene with key: gene_eye_shut_top in group human at file: common/dna_data/test_dna_stormlands.txt line: 4377 (Selmy_asoiaf_3)
[08:54:21][portraitcontext.cpp:184] [original line 1607] No gene with key: gene_eye_shut_bottom in group human at file: common/dna_data/test_dna_stormlands.txt line: 4378 (Selmy_asoiaf_3)
[08:54:21][portraitcontext.cpp:184] [original line 1608] No gene with key: gene_bs_eye_fold_2 in group human at file: common/dna_data/test_dna_stormlands.txt line: 4388 (Selmy_asoiaf_3)
[08:54:21][portraitcontext.cpp:184] [original line 1609] No gene with key: gene_eye_size in group human at file: common/dna_data/test_dna_stormlands.txt line: 4585 (Trant_asoiaf_2)
[08:54:21][portraitcontext.cpp:184] [original line 1610] No gene with key: gene_eye_shut_top in group human at file: common/dna_data/test_dna_stormlands.txt line: 4586 (Trant_asoiaf_2)
[08:54:21][portraitcontext.cpp:184] [original line 1611] No gene with key: gene_eye_shut_bottom in group human at file: common/dna_data/test_dna_stormlands.txt line: 4587 (Trant_asoiaf_2)
[08:54:21][portraitcontext.cpp:184] [original line 1612] No gene with key: gene_forehead_inner_brow_width in group human at file: common/dna_data/test_dna_stormlands.txt line: 4593 (Trant_asoiaf_2)
[08:54:21][portraitcontext.cpp:184] [original line 1613] No gene with key: gene_bs_eye_fold_2 in group human at file: common/dna_data/test_dna_stormlands.txt line: 4597 (Trant_asoiaf_2)
[08:54:21][portraitcontext.cpp:184] [original line 1614] No gene with key: gene_bs_eye_fold_2 in group human at file: common/dna_data/test_dna_stormlands.txt line: 4804 (Cole_asoiaf_11)
[08:54:21][portraitcontext.cpp:184] [original line 1615] No gene with key: gene_eye_size in group human at file: common/dna_data/test_dna_stormlands.txt line: 4999 (Melisandre_asoiaf_1)
[08:54:21][portraitcontext.cpp:184] [original line 1616] No gene with key: gene_eye_shut_top in group human at file: common/dna_data/test_dna_stormlands.txt line: 5000 (Melisandre_asoiaf_1)
[08:54:21][portraitcontext.cpp:184] [original line 1617] No gene with key: gene_eye_shut_bottom in group human at file: common/dna_data/test_dna_stormlands.txt line: 5001 (Melisandre_asoiaf_1)
[08:54:21][portraitcontext.cpp:184] [original line 1618] No gene with key: gene_forehead_inner_brow_width in group human at file: common/dna_data/test_dna_stormlands.txt line: 5007 (Melisandre_asoiaf_1)
[08:54:21][portraitcontext.cpp:184] [original line 1619] No gene with key: gene_bs_eye_fold_2 in group human at file: common/dna_data/test_dna_stormlands.txt line: 5011 (Melisandre_asoiaf_1)
[08:54:21][portraitcontext.cpp:184] [original line 1620] No gene with key: gene_eye_size in group human at file: common/dna_data/test_dna_stormlands.txt line: 5208 (Seaworth_asoiaf_1)
[08:54:21][portraitcontext.cpp:184] [original line 1621] No gene with key: gene_eye_shut_top in group human at file: common/dna_data/test_dna_stormlands.txt line: 5209 (Seaworth_asoiaf_1)
[08:54:21][portraitcontext.cpp:184] [original line 1622] No gene with key: gene_eye_shut_bottom in group human at file: common/dna_data/test_dna_stormlands.txt line: 5210 (Seaworth_asoiaf_1)
[08:54:21][portraitcontext.cpp:184] [original line 1623] No gene with key: gene_bs_eye_fold_2 in group human at file: common/dna_data/test_dna_stormlands.txt line: 5220 (Seaworth_asoiaf_1)
[08:54:21][portraitcontext.cpp:184] [original line 1624] No gene with key: gene_eye_size in group human at file: common/dna_data/test_dna_vale.txt line: 557 (Arryn_asoiaf_3)
[08:54:21][portraitcontext.cpp:184] [original line 1625] No gene with key: gene_eye_shut_top in group human at file: common/dna_data/test_dna_vale.txt line: 558 (Arryn_asoiaf_3)
[08:54:21][portraitcontext.cpp:184] [original line 1626] No gene with key: gene_eye_shut_bottom in group human at file: common/dna_data/test_dna_vale.txt line: 559 (Arryn_asoiaf_3)
[08:54:21][portraitcontext.cpp:184] [original line 1627] No gene with key: gene_bs_eye_fold_2 in group human at file: common/dna_data/test_dna_vale.txt line: 569 (Arryn_asoiaf_3)
[08:54:21][portraitcontext.cpp:184] [original line 1628] No gene with key: gene_eye_size in group human at file: common/dna_data/test_dna_vale.txt line: 1559 (Baelish_asoiaf_2)
[08:54:21][portraitcontext.cpp:184] [original line 1629] No gene with key: gene_eye_shut_top in group human at file: common/dna_data/test_dna_vale.txt line: 1560 (Baelish_asoiaf_2)
[08:54:21][portraitcontext.cpp:184] [original line 1630] No gene with key: gene_eye_shut_bottom in group human at file: common/dna_data/test_dna_vale.txt line: 1561 (Baelish_asoiaf_2)
[08:54:21][portraitcontext.cpp:184] [original line 1631] No gene with key: gene_forehead_inner_brow_width in group human at file: common/dna_data/test_dna_vale.txt line: 1567 (Baelish_asoiaf_2)
[08:54:21][portraitcontext.cpp:184] [original line 1632] No gene with key: gene_bs_eye_fold_2 in group human at file: common/dna_data/test_dna_vale.txt line: 1778 (Royce_asoiaf_37)
[08:54:21][portraitcontext.cpp:184] [original line 1633] No gene with key: gene_eye_size in group human at file: common/dna_data/test_dna_vale.txt line: 1973 (Royce_asoiaf_1)
[08:54:21][portraitcontext.cpp:184] [original line 1634] No gene with key: gene_eye_shut_top in group human at file: common/dna_data/test_dna_vale.txt line: 1974 (Royce_asoiaf_1)
[08:54:21][portraitcontext.cpp:184] [original line 1635] No gene with key: gene_eye_shut_bottom in group human at file: common/dna_data/test_dna_vale.txt line: 1975 (Royce_asoiaf_1)
[08:54:21][portraitcontext.cpp:184] [original line 1636] No gene with key: gene_bs_eye_fold_2 in group human at file: common/dna_data/test_dna_vale.txt line: 1985 (Royce_asoiaf_1)
[08:54:21][portraitcontext.cpp:184] [original line 1637] No gene with key: gene_bs_eye_fold_2 in group human at file: common/dna_data/test_dna_valyrian.txt line: 2757 (Targaryen_asoiaf_59)
[08:54:21][portraitcontext.cpp:184] [original line 1638] No gene with key: gene_bs_eye_fold_2 in group human at file: common/dna_data/test_dna_valyrian.txt line: 3370 (Targaryen_asoiaf_63)
[08:54:21][portraitcontext.cpp:184] [original line 1639] No gene with key: gene_bs_eye_fold_2 in group human at file: common/dna_data/test_dna_valyrian.txt line: 3985 (Targaryen_asoiaf_67)
[08:54:21][portraitcontext.cpp:184] [original line 1640] No gene with key: gene_bs_eye_fold_2 in group human at file: common/dna_data/test_dna_valyrian.txt line: 4786 (Targaryen_asoiaf_70)
[08:54:21][portraitcontext.cpp:184] [original line 1641] No gene with key: gene_bs_eye_fold_2 in group human at file: common/dna_data/test_dna_valyrian.txt line: 6006 (Targaryen_asoiaf_79)
[08:54:21][portraitcontext.cpp:184] [original line 1642] No gene with key: gene_eye_size in group human at file: common/dna_data/test_dna_valyrian.txt line: 8773 (Targaryen_asoiaf_120)
[08:54:21][portraitcontext.cpp:184] [original line 1643] No gene with key: gene_eye_shut_top in group human at file: common/dna_data/test_dna_valyrian.txt line: 8774 (Targaryen_asoiaf_120)
[08:54:21][portraitcontext.cpp:184] [original line 1644] No gene with key: gene_eye_shut_bottom in group human at file: common/dna_data/test_dna_valyrian.txt line: 8775 (Targaryen_asoiaf_120)
[08:54:21][portraitcontext.cpp:184] [original line 1645] No gene with key: gene_forehead_inner_brow_width in group human at file: common/dna_data/test_dna_valyrian.txt line: 8781 (Targaryen_asoiaf_120)
[08:54:21][portraitcontext.cpp:184] [original line 1646] No gene with key: gene_bs_eye_fold_2 in group human at file: common/dna_data/test_dna_valyrian.txt line: 8992 (Targaryen_asoiaf_122)
[08:54:21][portraitcontext.cpp:184] [original line 1647] No gene with key: gene_bs_eye_fold_2 in group human at file: common/dna_data/test_dna_valyrian.txt line: 9197 (Targaryen_asoiaf_126)
[08:54:21][portraitcontext.cpp:184] [original line 1648] No gene with key: gene_bs_eye_fold_2 in group human at file: common/dna_data/test_dna_valyrian.txt line: 9402 (Targaryen_asoiaf_hh_10)
[08:54:21][portraitcontext.cpp:184] [original line 1649] No gene with key: gene_eye_size in group human at file: common/dna_data/test_dna_valyrian.txt line: 10810 (Targaryen_asoiaf_3)
[08:54:21][portraitcontext.cpp:184] [original line 1650] No gene with key: gene_eye_shut_top in group human at file: common/dna_data/test_dna_valyrian.txt line: 10811 (Targaryen_asoiaf_3)
[08:54:21][portraitcontext.cpp:184] [original line 1651] No gene with key: gene_eye_shut_bottom in group human at file: common/dna_data/test_dna_valyrian.txt line: 10812 (Targaryen_asoiaf_3)
[08:54:21][portraitcontext.cpp:184] [original line 1652] No gene with key: gene_eye_size in group human at file: common/dna_data/test_dna_valyrian.txt line: 11837 (Targaryen_asoiaf_12)
[08:54:21][portraitcontext.cpp:184] [original line 1653] No gene with key: gene_eye_shut_top in group human at file: common/dna_data/test_dna_valyrian.txt line: 11838 (Targaryen_asoiaf_12)
[08:54:21][portraitcontext.cpp:184] [original line 1654] No gene with key: gene_eye_shut_bottom in group human at file: common/dna_data/test_dna_valyrian.txt line: 11839 (Targaryen_asoiaf_12)
[08:54:21][portraitcontext.cpp:184] [original line 1655] No gene with key: gene_forehead_inner_brow_width in group human at file: common/dna_data/test_dna_valyrian.txt line: 11845 (Targaryen_asoiaf_12)
[08:54:21][portraitcontext.cpp:184] [original line 1656] No gene with key: gene_bs_eye_fold_2 in group human at file: common/dna_data/test_dna_valyrian.txt line: 11849 (Targaryen_asoiaf_12)
[08:54:21][portraitcontext.cpp:184] [original line 1657] No gene with key: gene_bs_eye_fold_2 in group human at file: common/dna_data/test_dna_valyrian.txt line: 12056 (Velaryon_asoiaf_31)
[08:54:21][portraitcontext.cpp:184] [original line 1658] No gene with key: gene_bs_eye_fold_2 in group human at file: common/dna_data/test_dna_valyrian.txt line: 12464 (Velaryon_asoiaf_34)
[08:54:21][portraitcontext.cpp:184] [original line 1659] No gene with key: gene_bs_eye_fold_2 in group human at file: common/dna_data/test_dna_valyrian.txt line: 12872 (Velaryon_asoiaf_35)
[08:54:21][portraitcontext.cpp:184] [original line 1660] No gene with key: gene_eye_size in group human at file: common/dna_data/test_dna_valyrian.txt line: 14675 (Velaryon_asoiaf_2)
[08:54:21][portraitcontext.cpp:184] [original line 1661] No gene with key: gene_eye_shut_top in group human at file: common/dna_data/test_dna_valyrian.txt line: 14676 (Velaryon_asoiaf_2)
[08:54:21][portraitcontext.cpp:184] [original line 1662] No gene with key: gene_eye_shut_bottom in group human at file: common/dna_data/test_dna_valyrian.txt line: 14677 (Velaryon_asoiaf_2)
[08:54:21][portraitcontext.cpp:184] [original line 1663] No gene with key: gene_bs_eye_fold_2 in group human at file: common/dna_data/test_dna_valyrian.txt line: 14687 (Velaryon_asoiaf_2)
[08:54:21][portraitcontext.cpp:184] [original line 1664] No gene with key: gene_eye_size in group human at file: common/dna_data/test_dna_valyrian.txt line: 14884 (Velaryon_asoiaf_5)
[08:54:21][portraitcontext.cpp:184] [original line 1665] No gene with key: gene_eye_shut_top in group human at file: common/dna_data/test_dna_valyrian.txt line: 14885 (Velaryon_asoiaf_5)
[08:54:21][portraitcontext.cpp:184] [original line 1666] No gene with key: gene_eye_shut_bottom in group human at file: common/dna_data/test_dna_valyrian.txt line: 14886 (Velaryon_asoiaf_5)
[08:54:21][portraitcontext.cpp:184] [original line 1667] No gene with key: gene_forehead_inner_brow_width in group human at file: common/dna_data/test_dna_valyrian.txt line: 14892 (Velaryon_asoiaf_5)
[08:54:21][portraitcontext.cpp:184] [original line 1668] No gene with key: gene_eye_size in group human at file: common/dna_data/test_dna_westerlands.txt line: 3758 (Clegane_asoiaf_3)
[08:54:21][portraitcontext.cpp:184] [original line 1669] No gene with key: gene_eye_shut_top in group human at file: common/dna_data/test_dna_westerlands.txt line: 3759 (Clegane_asoiaf_3)
[08:54:21][portraitcontext.cpp:184] [original line 1670] No gene with key: gene_eye_shut_bottom in group human at file: common/dna_data/test_dna_westerlands.txt line: 3760 (Clegane_asoiaf_3)
[08:54:21][portraitcontext.cpp:184] [original line 1671] No gene with key: gene_eye_size in group human at file: common/dna_data/test_dna_westerlands.txt line: 3968 (Clegane_asoiaf_4)
[08:54:21][portraitcontext.cpp:184] [original line 1672] No gene with key: gene_eye_shut_top in group human at file: common/dna_data/test_dna_westerlands.txt line: 3969 (Clegane_asoiaf_4)
[08:54:21][portraitcontext.cpp:184] [original line 1673] No gene with key: gene_eye_shut_bottom in group human at file: common/dna_data/test_dna_westerlands.txt line: 3970 (Clegane_asoiaf_4)
[08:54:21][portraitcontext.cpp:184] [original line 1674] No gene with key: gene_bs_eye_fold_2 in group human at file: common/dna_data/test_dna_westerlands.txt line: 3980 (Clegane_asoiaf_4)
[08:54:21][portraitcontext.cpp:184] [original line 1675] No gene with key: gene_eye_size in group human at file: common/dna_data/test_dna_westerlands.txt line: 5754 (Payne_asoiaf_6)
[08:54:21][portraitcontext.cpp:184] [original line 1676] No gene with key: gene_eye_shut_top in group human at file: common/dna_data/test_dna_westerlands.txt line: 5755 (Payne_asoiaf_6)
[08:54:21][portraitcontext.cpp:184] [original line 1677] No gene with key: gene_eye_shut_bottom in group human at file: common/dna_data/test_dna_westerlands.txt line: 5756 (Payne_asoiaf_6)
[08:54:21][portraitcontext.cpp:184] [original line 1678] No gene with key: gene_bs_eye_fold_2 in group human at file: common/dna_data/test_dna_westerlands.txt line: 5766 (Payne_asoiaf_6)
[08:54:21][portraitcontext.cpp:184] [original line 1679] No gene with key: gene_eye_size in group human at file: common/dna_data/test_dna_westerlands.txt line: 5963 (Vikary_asoiaf_1)
[08:54:21][portraitcontext.cpp:184] [original line 1680] No gene with key: gene_eye_shut_top in group human at file: common/dna_data/test_dna_westerlands.txt line: 5964 (Vikary_asoiaf_1)
[08:54:21][portraitcontext.cpp:184] [original line 1681] No gene with key: gene_eye_shut_bottom in group human at file: common/dna_data/test_dna_westerlands.txt line: 5965 (Vikary_asoiaf_1)
[08:54:25][decision_type.cpp:224] [original line 1682] asoiaf_greyjoy_cadets_decision has 'ai_check_interval'/'ai_check_interval_by_tier' that's negative or unset. Setting to 0 instead
[08:54:25][decision_type.cpp:224] [original line 1683] asoiaf_baelish_cadets_decision has 'ai_check_interval'/'ai_check_interval_by_tier' that's negative or unset. Setting to 0 instead
[08:54:25][decision_type.cpp:224] [original line 1684] asoiaf_harlaw_cadets_decision has 'ai_check_interval'/'ai_check_interval_by_tier' that's negative or unset. Setting to 0 instead
[08:54:25][decision_type.cpp:224] [original line 1685] asoiaf_jon_targ_cadet_branch_decision has 'ai_check_interval'/'ai_check_interval_by_tier' that's negative or unset. Setting to 0 instead
[08:54:25][decision_type.cpp:224] [original line 1686] asoiaf_aegon_II_greens_cadet_branch_decision has 'ai_check_interval'/'ai_check_interval_by_tier' that's negative or unset. Setting to 0 instead
[08:54:25][jomini_dynamicdescription.cpp:66] [original line 1687] Unrecognized loc key show_notifications_decision_tooltip. show_notifications_decision
[08:54:25][decision_type.cpp:224] [original line 1688] show_notifications_decision has 'ai_check_interval'/'ai_check_interval_by_tier' that's negative or unset. Setting to 0 instead
[08:54:25][dnamodifier.cpp:24] [original line 1689] could not find gene [secondary_headgear]. file: gfx/portraits/portrait_modifiers/asoiaf_character_custom_flags.txt line: 16 (asoiaf_no_crowns_modifiers)
[08:54:25][dnamodifier.cpp:46] [original line 1690] gene is invalid at file: gfx/portraits/portrait_modifiers/asoiaf_character_custom_flags.txt line: 14 (asoiaf_no_crowns_modifiers)
[08:54:25][dnamodifier.cpp:455] [original line 1691] Mismatch in gene type - only accessory is expected here, near file: gfx/portraits/portrait_modifiers/asoiaf_character_custom_flags.txt line: 14 (asoiaf_no_crowns_modifiers)
[08:54:25][dnamodifier.cpp:330] [original line 1692] could not find template [no_headgear]. file: gfx/portraits/portrait_modifiers/asoiaf_character_custom_flags.txt line: 14 (asoiaf_no_crowns_modifiers)
[08:54:25][dnamodifier.cpp:330] [original line 1693] could not find template [no_headgear]. file: gfx/portraits/portrait_modifiers/asoiaf_character_custom_flags.txt line: 20 (asoiaf_no_crowns_modifiers)
[08:54:25][dnamodifier.cpp:330] [original line 1694] could not find template [none]. file: gfx/portraits/portrait_modifiers/asoiaf_character_custom_flags.txt line: 159 (asoiaf_red_priest_necklace_age_modifiers)
[08:54:25][dnamodifier.cpp:330] [original line 1695] could not find template [none]. file: gfx/portraits/portrait_modifiers/asoiaf_character_custom_flags.txt line: 219 (asoiaf_immortality_visuals)
[08:54:25][dnamodifier.cpp:330] [original line 1696] could not find template [one_eyed_gem_saphire]. file: gfx/portraits/portrait_modifiers/asoiaf_character_custom_flags.txt line: 348 (asoiaf_misc_dna)
[08:54:25][dnamodifier.cpp:330] [original line 1697] could not find template [none]. file: gfx/portraits/portrait_modifiers/asoiaf_character_custom_flags.txt line: 1251 (asoiaf_custom_character_colourations)
[08:54:25][dnamodifier.cpp:330] [original line 1698] could not find template [none]. file: gfx/portraits/portrait_modifiers/asoiaf_character_custom_flags.txt line: 1257 (asoiaf_custom_character_colourations)
[08:54:25][dnamodifier.cpp:330] [original line 1699] could not find template [none]. file: gfx/portraits/portrait_modifiers/asoiaf_character_custom_flags.txt line: 1269 (asoiaf_custom_character_colourations)
[08:54:25][dnamodifier.cpp:330] [original line 1700] could not find template [none]. file: gfx/portraits/portrait_modifiers/asoiaf_character_custom_flags.txt line: 1330 (asoiaf_custom_character_colourations)
[08:54:25][dnamodifier.cpp:330] [original line 1701] could not find template [none]. file: gfx/portraits/portrait_modifiers/asoiaf_character_custom_flags.txt line: 1336 (asoiaf_custom_character_colourations)
[08:54:25][dnamodifier.cpp:330] [original line 1702] could not find template [none]. file: gfx/portraits/portrait_modifiers/asoiaf_character_custom_flags.txt line: 1342 (asoiaf_custom_character_colourations)
[08:54:25][dnamodifier.cpp:330] [original line 1703] could not find template [none]. file: gfx/portraits/portrait_modifiers/asoiaf_character_custom_flags.txt line: 1348 (asoiaf_custom_character_colourations)
[08:54:25][dnamodifier.cpp:330] [original line 1704] could not find template [none]. file: gfx/portraits/portrait_modifiers/asoiaf_character_custom_flags.txt line: 1354 (asoiaf_custom_character_colourations)
[08:54:25][dnamodifier.cpp:330] [original line 1705] could not find template [none]. file: gfx/portraits/portrait_modifiers/asoiaf_character_custom_flags.txt line: 1409 (asoiaf_custom_character_colourations)
[08:54:25][dnamodifier.cpp:330] [original line 1706] could not find template [none]. file: gfx/portraits/portrait_modifiers/asoiaf_character_custom_flags.txt line: 1415 (asoiaf_custom_character_colourations)
[08:54:25][dnamodifier.cpp:330] [original line 1707] could not find template [none]. file: gfx/portraits/portrait_modifiers/asoiaf_character_custom_flags.txt line: 1421 (asoiaf_custom_character_colourations)
[08:54:25][dnamodifier.cpp:330] [original line 1708] could not find template [none]. file: gfx/portraits/portrait_modifiers/asoiaf_character_custom_flags.txt line: 1427 (asoiaf_custom_character_colourations)
[08:54:25][dnamodifier.cpp:330] [original line 1709] could not find template [none]. file: gfx/portraits/portrait_modifiers/asoiaf_character_custom_flags.txt line: 1433 (asoiaf_custom_character_colourations)
[08:54:25][dnamodifier.cpp:330] [original line 1710] could not find template [none]. file: gfx/portraits/portrait_modifiers/asoiaf_character_custom_flags.txt line: 1896 (asoiaf_custom_character_colourations)
[08:54:25][dnamodifier.cpp:330] [original line 1711] could not find template [none]. file: gfx/portraits/portrait_modifiers/asoiaf_character_custom_flags.txt line: 1902 (asoiaf_custom_character_colourations)
[08:54:25][dnamodifier.cpp:330] [original line 1712] could not find template [none]. file: gfx/portraits/portrait_modifiers/asoiaf_character_custom_flags.txt line: 1908 (asoiaf_custom_character_colourations)
[08:54:25][dnamodifier.cpp:330] [original line 1713] could not find template [none]. file: gfx/portraits/portrait_modifiers/asoiaf_character_custom_flags.txt line: 1914 (asoiaf_custom_character_colourations)
[08:54:25][dnamodifier.cpp:330] [original line 1714] could not find template [none]. file: gfx/portraits/portrait_modifiers/asoiaf_character_custom_flags.txt line: 1969 (asoiaf_custom_character_colourations)
[08:54:25][dnamodifier.cpp:330] [original line 1715] could not find template [none]. file: gfx/portraits/portrait_modifiers/asoiaf_character_custom_flags.txt line: 1975 (asoiaf_custom_character_colourations)
[08:54:25][dnamodifier.cpp:330] [original line 1716] could not find template [none]. file: gfx/portraits/portrait_modifiers/asoiaf_character_custom_flags.txt line: 1981 (asoiaf_custom_character_colourations)
[08:54:25][dnamodifier.cpp:330] [original line 1717] could not find template [none]. file: gfx/portraits/portrait_modifiers/asoiaf_character_custom_flags.txt line: 1987 (asoiaf_custom_character_colourations)
[08:54:25][dnamodifier.cpp:330] [original line 1718] could not find template [none]. file: gfx/portraits/portrait_modifiers/asoiaf_character_custom_flags.txt line: 1993 (asoiaf_custom_character_colourations)
[08:54:25][dnamodifier.cpp:330] [original line 1719] could not find template [none]. file: gfx/portraits/portrait_modifiers/asoiaf_character_custom_flags.txt line: 2449 (asoiaf_custom_character_colourations)
[08:54:25][dnamodifier.cpp:330] [original line 1720] could not find template [none]. file: gfx/portraits/portrait_modifiers/asoiaf_character_custom_flags.txt line: 2455 (asoiaf_custom_character_colourations)
[08:54:25][dnamodifier.cpp:330] [original line 1721] could not find template [none]. file: gfx/portraits/portrait_modifiers/asoiaf_character_custom_flags.txt line: 2461 (asoiaf_custom_character_colourations)
[08:54:25][dnamodifier.cpp:330] [original line 1722] could not find template [none]. file: gfx/portraits/portrait_modifiers/asoiaf_character_custom_flags.txt line: 2965 (asoiaf_custom_character_colourations)
[08:54:25][dnamodifier.cpp:330] [original line 1723] could not find template [none]. file: gfx/portraits/portrait_modifiers/asoiaf_character_custom_flags.txt line: 2971 (asoiaf_custom_character_colourations)
[08:54:25][dnamodifier.cpp:330] [original line 1724] could not find template [none]. file: gfx/portraits/portrait_modifiers/asoiaf_character_custom_flags.txt line: 2977 (asoiaf_custom_character_colourations)
[08:54:25][dnamodifier.cpp:330] [original line 1725] could not find template [none]. file: gfx/portraits/portrait_modifiers/asoiaf_character_custom_flags.txt line: 2983 (asoiaf_custom_character_colourations)
[08:54:25][dnamodifier.cpp:330] [original line 1726] could not find template [none]. file: gfx/portraits/portrait_modifiers/asoiaf_character_custom_flags.txt line: 2989 (asoiaf_custom_character_colourations)
[08:54:25][dnamodifier.cpp:330] [original line 1727] could not find template [none]. file: gfx/portraits/portrait_modifiers/asoiaf_character_custom_flags.txt line: 3047 (asoiaf_custom_character_colourations)
[08:54:25][dnamodifier.cpp:330] [original line 1728] could not find template [none]. file: gfx/portraits/portrait_modifiers/asoiaf_character_custom_flags.txt line: 3053 (asoiaf_custom_character_colourations)
[08:54:25][dnamodifier.cpp:330] [original line 1729] could not find template [none]. file: gfx/portraits/portrait_modifiers/asoiaf_character_custom_flags.txt line: 3059 (asoiaf_custom_character_colourations)
[08:54:25][dnamodifier.cpp:330] [original line 1730] could not find template [none]. file: gfx/portraits/portrait_modifiers/asoiaf_character_custom_flags.txt line: 3065 (asoiaf_custom_character_colourations)
[08:54:25][dnamodifier.cpp:330] [original line 1731] could not find template [none]. file: gfx/portraits/portrait_modifiers/asoiaf_character_custom_flags.txt line: 3071 (asoiaf_custom_character_colourations)
[08:54:25][dnamodifier.cpp:330] [original line 1732] could not find template [none]. file: gfx/portraits/portrait_modifiers/asoiaf_character_custom_flags.txt line: 3519 (asoiaf_custom_character_colourations)
[08:54:25][dnamodifier.cpp:330] [original line 1733] could not find template [none]. file: gfx/portraits/portrait_modifiers/asoiaf_character_custom_flags.txt line: 3525 (asoiaf_custom_character_colourations)
[08:54:25][dnamodifier.cpp:330] [original line 1734] could not find template [none]. file: gfx/portraits/portrait_modifiers/asoiaf_character_custom_flags.txt line: 3531 (asoiaf_custom_character_colourations)
[08:54:25][dnamodifier.cpp:330] [original line 1735] could not find template [none]. file: gfx/portraits/portrait_modifiers/asoiaf_character_custom_flags.txt line: 3598 (asoiaf_custom_character_colourations)
[08:54:25][dnamodifier.cpp:330] [original line 1736] could not find template [none]. file: gfx/portraits/portrait_modifiers/asoiaf_character_custom_flags.txt line: 3604 (asoiaf_custom_character_colourations)
[08:54:25][dnamodifier.cpp:330] [original line 1737] could not find template [none]. file: gfx/portraits/portrait_modifiers/asoiaf_character_custom_flags.txt line: 3610 (asoiaf_custom_character_colourations)
[08:54:25][dnamodifier.cpp:330] [original line 1738] could not find template [complexion_beauty_2]. file: gfx/portraits/portrait_modifiers/asoiaf_character_custom_flags.txt line: 3849 (asoiaf_custom_character_colourations)
[08:54:25][dnamodifier.cpp:330] [original line 1739] could not find template [none]. file: gfx/portraits/portrait_modifiers/asoiaf_character_custom_flags.txt line: 3913 (asoiaf_custom_character_colourations)
[08:54:25][dnamodifier.cpp:330] [original line 1740] could not find template [none]. file: gfx/portraits/portrait_modifiers/asoiaf_character_custom_flags.txt line: 3919 (asoiaf_custom_character_colourations)
[08:54:25][dnamodifier.cpp:330] [original line 1741] could not find template [none]. file: gfx/portraits/portrait_modifiers/asoiaf_character_custom_flags.txt line: 3925 (asoiaf_custom_character_colourations)
[08:54:25][dnamodifier.cpp:330] [original line 1742] could not find template [none]. file: gfx/portraits/portrait_modifiers/asoiaf_character_custom_flags.txt line: 3931 (asoiaf_custom_character_colourations)
[08:54:25][dnamodifier.cpp:330] [original line 1743] could not find template [none]. file: gfx/portraits/portrait_modifiers/asoiaf_character_custom_flags.txt line: 3937 (asoiaf_custom_character_colourations)
[08:54:25][dnamodifier.cpp:330] [original line 1744] could not find template [none]. file: gfx/portraits/portrait_modifiers/asoiaf_character_custom_flags.txt line: 4065 (asoiaf_custom_character_colourations)
[08:54:25][dnamodifier.cpp:330] [original line 1745] could not find template [none]. file: gfx/portraits/portrait_modifiers/asoiaf_character_custom_flags.txt line: 4071 (asoiaf_custom_character_colourations)
[08:54:25][dnamodifier.cpp:330] [original line 1746] could not find template [none]. file: gfx/portraits/portrait_modifiers/asoiaf_character_custom_flags.txt line: 4077 (asoiaf_custom_character_colourations)
[08:54:25][dnamodifier.cpp:330] [original line 1747] could not find template [body_hair_average]. file: gfx/portraits/portrait_modifiers/asoiaf_character_custom_flags.txt line: 4179 (asoiaf_custom_character_colourations)
[08:54:25][dnamodifier.cpp:330] [original line 1748] could not find template [none]. file: gfx/portraits/portrait_modifiers/asoiaf_character_custom_flags.txt line: 4427 (asoiaf_custom_character_colourations)
[08:54:25][dnamodifier.cpp:330] [original line 1749] could not find template [none]. file: gfx/portraits/portrait_modifiers/asoiaf_character_custom_flags.txt line: 4433 (asoiaf_custom_character_colourations)
[08:54:25][dnamodifier.cpp:330] [original line 1750] could not find template [none]. file: gfx/portraits/portrait_modifiers/asoiaf_character_custom_flags.txt line: 4439 (asoiaf_custom_character_colourations)
[08:54:25][dnamodifier.cpp:330] [original line 1751] could not find template [none]. file: gfx/portraits/portrait_modifiers/asoiaf_character_custom_flags.txt line: 4671 (asoiaf_custom_character_colourations)
[08:54:25][dnamodifier.cpp:330] [original line 1752] could not find template [none]. file: gfx/portraits/portrait_modifiers/asoiaf_character_custom_flags.txt line: 4677 (asoiaf_custom_character_colourations)
[08:54:25][dnamodifier.cpp:330] [original line 1753] could not find template [none]. file: gfx/portraits/portrait_modifiers/asoiaf_character_custom_flags.txt line: 4683 (asoiaf_custom_character_colourations)
[08:54:25][dnamodifier.cpp:330] [original line 1754] could not find template [none]. file: gfx/portraits/portrait_modifiers/asoiaf_character_custom_flags.txt line: 4689 (asoiaf_custom_character_colourations)
[08:54:25][dnamodifier.cpp:330] [original line 1755] could not find template [none]. file: gfx/portraits/portrait_modifiers/asoiaf_character_custom_flags.txt line: 4695 (asoiaf_custom_character_colourations)
[08:54:25][dnamodifier.cpp:330] [original line 1756] could not find template [none]. file: gfx/portraits/portrait_modifiers/asoiaf_character_custom_flags.txt line: 4765 (asoiaf_custom_character_colourations)
[08:54:25][dnamodifier.cpp:330] [original line 1757] could not find template [none]. file: gfx/portraits/portrait_modifiers/asoiaf_character_custom_flags.txt line: 4777 (asoiaf_custom_character_colourations)
[08:54:25][dnamodifier.cpp:330] [original line 1758] could not find template [none]. file: gfx/portraits/portrait_modifiers/asoiaf_character_custom_flags.txt line: 4783 (asoiaf_custom_character_colourations)
[08:54:25][dnamodifier.cpp:330] [original line 1759] could not find template [none]. file: gfx/portraits/portrait_modifiers/asoiaf_character_custom_flags.txt line: 4859 (asoiaf_custom_character_colourations)
[08:54:25][dnamodifier.cpp:330] [original line 1760] could not find template [none]. file: gfx/portraits/portrait_modifiers/asoiaf_character_custom_flags.txt line: 4865 (asoiaf_custom_character_colourations)
[08:54:25][dnamodifier.cpp:330] [original line 1761] could not find template [none]. file: gfx/portraits/portrait_modifiers/asoiaf_character_custom_flags.txt line: 4871 (asoiaf_custom_character_colourations)
[08:54:25][dnamodifier.cpp:330] [original line 1762] could not find template [none]. file: gfx/portraits/portrait_modifiers/asoiaf_character_custom_flags.txt line: 5036 (asoiaf_custom_character_colourations)
[08:54:25][dnamodifier.cpp:330] [original line 1763] could not find template [none]. file: gfx/portraits/portrait_modifiers/asoiaf_character_custom_flags.txt line: 5042 (asoiaf_custom_character_colourations)
[08:54:25][dnamodifier.cpp:330] [original line 1764] could not find template [none]. file: gfx/portraits/portrait_modifiers/asoiaf_character_custom_flags.txt line: 5048 (asoiaf_custom_character_colourations)
[08:54:25][dnamodifier.cpp:330] [original line 1765] could not find template [none]. file: gfx/portraits/portrait_modifiers/asoiaf_character_custom_flags.txt line: 5054 (asoiaf_custom_character_colourations)
[08:54:25][dnamodifier.cpp:330] [original line 1766] could not find template [none]. file: gfx/portraits/portrait_modifiers/asoiaf_character_custom_flags.txt line: 5060 (asoiaf_custom_character_colourations)
[08:54:25][dnamodifier.cpp:330] [original line 1767] could not find template [none]. file: gfx/portraits/portrait_modifiers/asoiaf_character_custom_flags.txt line: 5234 (asoiaf_custom_character_colourations)
[08:54:25][dnamodifier.cpp:330] [original line 1768] could not find template [none]. file: gfx/portraits/portrait_modifiers/asoiaf_character_custom_flags.txt line: 5240 (asoiaf_custom_character_colourations)
[08:54:25][dnamodifier.cpp:330] [original line 1769] could not find template [none]. file: gfx/portraits/portrait_modifiers/asoiaf_character_custom_flags.txt line: 5246 (asoiaf_custom_character_colourations)
[08:54:25][dnamodifier.cpp:330] [original line 1770] could not find template [none]. file: gfx/portraits/portrait_modifiers/asoiaf_character_custom_flags.txt line: 5252 (asoiaf_custom_character_colourations)
[08:54:25][dnamodifier.cpp:330] [original line 1771] could not find template [none]. file: gfx/portraits/portrait_modifiers/asoiaf_character_custom_flags.txt line: 5258 (asoiaf_custom_character_colourations)
[08:54:25][dnamodifier.cpp:330] [original line 1772] could not find template [none]. file: gfx/portraits/portrait_modifiers/asoiaf_character_custom_flags.txt line: 5362 (asoiaf_custom_character_colourations)
[08:54:25][dnamodifier.cpp:330] [original line 1773] could not find template [none]. file: gfx/portraits/portrait_modifiers/asoiaf_character_custom_flags.txt line: 5368 (asoiaf_custom_character_colourations)
[08:54:25][dnamodifier.cpp:330] [original line 1774] could not find template [none]. file: gfx/portraits/portrait_modifiers/asoiaf_character_custom_flags.txt line: 5374 (asoiaf_custom_character_colourations)
[08:54:25][dnamodifier.cpp:330] [original line 1775] could not find template [none]. file: gfx/portraits/portrait_modifiers/asoiaf_character_custom_flags.txt line: 5380 (asoiaf_custom_character_colourations)
[08:54:25][dnamodifier.cpp:330] [original line 1776] could not find template [none]. file: gfx/portraits/portrait_modifiers/asoiaf_character_custom_flags.txt line: 5386 (asoiaf_custom_character_colourations)
[08:54:25][dnamodifier.cpp:330] [original line 1777] could not find template [none]. file: gfx/portraits/portrait_modifiers/asoiaf_character_custom_flags.txt line: 6158 (asoiaf_custom_character_colourations)
[08:54:25][dnamodifier.cpp:330] [original line 1778] could not find template [none]. file: gfx/portraits/portrait_modifiers/asoiaf_character_custom_flags.txt line: 6164 (asoiaf_custom_character_colourations)
[08:54:25][dnamodifier.cpp:330] [original line 1779] could not find template [none]. file: gfx/portraits/portrait_modifiers/asoiaf_character_custom_flags.txt line: 6176 (asoiaf_custom_character_colourations)
[08:54:25][dnamodifier.cpp:330] [original line 1780] could not find template [none]. file: gfx/portraits/portrait_modifiers/asoiaf_character_custom_flags.txt line: 6182 (asoiaf_custom_character_colourations)
[08:54:25][dnamodifier.cpp:330] [original line 1781] could not find template [none]. file: gfx/portraits/portrait_modifiers/asoiaf_character_custom_flags.txt line: 6252 (asoiaf_custom_character_colourations)
[08:54:25][dnamodifier.cpp:330] [original line 1782] could not find template [none]. file: gfx/portraits/portrait_modifiers/asoiaf_character_custom_flags.txt line: 6258 (asoiaf_custom_character_colourations)
[08:54:25][dnamodifier.cpp:330] [original line 1783] could not find template [none]. file: gfx/portraits/portrait_modifiers/asoiaf_character_custom_flags.txt line: 6264 (asoiaf_custom_character_colourations)
[08:54:25][dnamodifier.cpp:330] [original line 1784] could not find template [none]. file: gfx/portraits/portrait_modifiers/asoiaf_character_custom_flags.txt line: 6270 (asoiaf_custom_character_colourations)
[08:54:25][dnamodifier.cpp:330] [original line 1785] could not find template [none]. file: gfx/portraits/portrait_modifiers/asoiaf_character_custom_flags.txt line: 6334 (asoiaf_custom_character_colourations)
[08:54:25][dnamodifier.cpp:330] [original line 1786] could not find template [none]. file: gfx/portraits/portrait_modifiers/asoiaf_character_custom_flags.txt line: 6340 (asoiaf_custom_character_colourations)
[08:54:25][dnamodifier.cpp:330] [original line 1787] could not find template [none]. file: gfx/portraits/portrait_modifiers/asoiaf_character_custom_flags.txt line: 6346 (asoiaf_custom_character_colourations)
[08:54:25][dnamodifier.cpp:330] [original line 1788] could not find template [none]. file: gfx/portraits/portrait_modifiers/asoiaf_character_custom_flags.txt line: 6352 (asoiaf_custom_character_colourations)
[08:54:25][dnamodifier.cpp:330] [original line 1789] could not find template [none]. file: gfx/portraits/portrait_modifiers/asoiaf_character_custom_flags.txt line: 6358 (asoiaf_custom_character_colourations)
[08:54:25][dnamodifier.cpp:330] [original line 1790] could not find template [none]. file: gfx/portraits/portrait_modifiers/asoiaf_character_custom_flags.txt line: 6492 (asoiaf_custom_character_colourations)
[08:54:25][dnamodifier.cpp:330] [original line 1791] could not find template [none]. file: gfx/portraits/portrait_modifiers/asoiaf_character_custom_flags.txt line: 6498 (asoiaf_custom_character_colourations)
[08:54:25][dnamodifier.cpp:330] [original line 1792] could not find template [none]. file: gfx/portraits/portrait_modifiers/asoiaf_character_custom_flags.txt line: 6504 (asoiaf_custom_character_colourations)
[08:54:25][dnamodifier.cpp:330] [original line 1793] could not find template [none]. file: gfx/portraits/portrait_modifiers/asoiaf_character_custom_flags.txt line: 7292 (asoiaf_custom_character_colourations)
[08:54:25][dnamodifier.cpp:330] [original line 1794] could not find template [none]. file: gfx/portraits/portrait_modifiers/asoiaf_character_custom_flags.txt line: 7298 (asoiaf_custom_character_colourations)
[08:54:25][dnamodifier.cpp:330] [original line 1795] could not find template [none]. file: gfx/portraits/portrait_modifiers/asoiaf_character_custom_flags.txt line: 7304 (asoiaf_custom_character_colourations)
[08:54:25][dnamodifier.cpp:330] [original line 1796] could not find template [none]. file: gfx/portraits/portrait_modifiers/asoiaf_character_custom_flags.txt line: 7726 (asoiaf_custom_character_colourations)
[08:54:25][dnamodifier.cpp:330] [original line 1797] could not find template [none]. file: gfx/portraits/portrait_modifiers/asoiaf_character_custom_flags.txt line: 7732 (asoiaf_custom_character_colourations)
[08:54:25][dnamodifier.cpp:330] [original line 1798] could not find template [none]. file: gfx/portraits/portrait_modifiers/asoiaf_character_custom_flags.txt line: 7738 (asoiaf_custom_character_colourations)
[08:54:25][dnamodifier.cpp:330] [original line 1799] could not find template [none]. file: gfx/portraits/portrait_modifiers/asoiaf_character_custom_flags.txt line: 7744 (asoiaf_custom_character_colourations)
[08:54:25][dnamodifier.cpp:330] [original line 1800] could not find template [none]. file: gfx/portraits/portrait_modifiers/asoiaf_character_custom_flags.txt line: 7750 (asoiaf_custom_character_colourations)
[08:54:25][dnamodifier.cpp:330] [original line 1801] could not find template [none]. file: gfx/portraits/portrait_modifiers/asoiaf_character_custom_flags.txt line: 8872 (asoiaf_custom_character_colourations)
[08:54:25][dnamodifier.cpp:330] [original line 1802] could not find template [none]. file: gfx/portraits/portrait_modifiers/asoiaf_character_custom_flags.txt line: 8878 (asoiaf_custom_character_colourations)
[08:54:25][dnamodifier.cpp:330] [original line 1803] could not find template [none]. file: gfx/portraits/portrait_modifiers/asoiaf_character_custom_flags.txt line: 8884 (asoiaf_custom_character_colourations)
[08:54:25][dnamodifier.cpp:330] [original line 1804] could not find template [none]. file: gfx/portraits/portrait_modifiers/asoiaf_character_custom_flags.txt line: 8890 (asoiaf_custom_character_colourations)
[08:54:25][dnamodifier.cpp:330] [original line 1805] could not find template [none]. file: gfx/portraits/portrait_modifiers/asoiaf_character_custom_flags.txt line: 8896 (asoiaf_custom_character_colourations)
[08:54:25][dnamodifier.cpp:330] [original line 1806] could not find template [none]. file: gfx/portraits/portrait_modifiers/asoiaf_character_custom_flags.txt line: 8951 (asoiaf_custom_character_colourations)
[08:54:25][dnamodifier.cpp:330] [original line 1807] could not find template [none]. file: gfx/portraits/portrait_modifiers/asoiaf_character_custom_flags.txt line: 8963 (asoiaf_custom_character_colourations)
[08:54:25][dnamodifier.cpp:330] [original line 1808] could not find template [none]. file: gfx/portraits/portrait_modifiers/asoiaf_character_custom_flags.txt line: 8969 (asoiaf_custom_character_colourations)
[08:54:25][dnamodifier.cpp:330] [original line 1809] could not find template [none]. file: gfx/portraits/portrait_modifiers/asoiaf_character_custom_flags.txt line: 8975 (asoiaf_custom_character_colourations)
[08:54:25][dnamodifier.cpp:330] [original line 1810] could not find template [none]. file: gfx/portraits/portrait_modifiers/asoiaf_character_custom_flags.txt line: 9459 (asoiaf_custom_character_colourations)
[08:54:25][dnamodifier.cpp:330] [original line 1811] could not find template [none]. file: gfx/portraits/portrait_modifiers/asoiaf_character_custom_flags.txt line: 9465 (asoiaf_custom_character_colourations)
[08:54:25][dnamodifier.cpp:330] [original line 1812] could not find template [none]. file: gfx/portraits/portrait_modifiers/asoiaf_character_custom_flags.txt line: 9471 (asoiaf_custom_character_colourations)
[08:54:25][dnamodifier.cpp:330] [original line 1813] could not find template [none]. file: gfx/portraits/portrait_modifiers/asoiaf_character_custom_flags.txt line: 9477 (asoiaf_custom_character_colourations)
[08:54:25][dnamodifier.cpp:330] [original line 1814] could not find template [none]. file: gfx/portraits/portrait_modifiers/asoiaf_character_custom_flags.txt line: 9483 (asoiaf_custom_character_colourations)
[08:54:25][dnamodifier.cpp:330] [original line 1815] could not find template [none]. file: gfx/portraits/portrait_modifiers/asoiaf_character_custom_flags.txt line: 10639 (asoiaf_custom_character_colourations)
[08:54:25][dnamodifier.cpp:330] [original line 1816] could not find template [none]. file: gfx/portraits/portrait_modifiers/asoiaf_character_custom_flags.txt line: 10645 (asoiaf_custom_character_colourations)
[08:54:25][dnamodifier.cpp:330] [original line 1817] could not find template [none]. file: gfx/portraits/portrait_modifiers/asoiaf_character_custom_flags.txt line: 10651 (asoiaf_custom_character_colourations)
[08:54:25][dnamodifier.cpp:330] [original line 1818] could not find template [none]. file: gfx/portraits/portrait_modifiers/asoiaf_character_custom_flags.txt line: 10657 (asoiaf_custom_character_colourations)
[08:54:25][dnamodifier.cpp:330] [original line 1819] could not find template [none]. file: gfx/portraits/portrait_modifiers/asoiaf_character_custom_flags.txt line: 10663 (asoiaf_custom_character_colourations)
[08:54:25][dnamodifier.cpp:330] [original line 1820] could not find template [none]. file: gfx/portraits/portrait_modifiers/asoiaf_character_custom_flags.txt line: 10767 (asoiaf_custom_character_colourations)
[08:54:25][dnamodifier.cpp:330] [original line 1821] could not find template [none]. file: gfx/portraits/portrait_modifiers/asoiaf_character_custom_flags.txt line: 10773 (asoiaf_custom_character_colourations)
[08:54:25][dnamodifier.cpp:330] [original line 1822] could not find template [none]. file: gfx/portraits/portrait_modifiers/asoiaf_character_custom_flags.txt line: 10785 (asoiaf_custom_character_colourations)
[08:54:25][dnamodifier.cpp:330] [original line 1823] could not find template [none]. file: gfx/portraits/portrait_modifiers/asoiaf_character_custom_flags.txt line: 10791 (asoiaf_custom_character_colourations)
[08:54:25][pdx_persistent_reader.cpp:216] [original line 1824] Error: "Unknown trigger: portrait_wear_lannister_armour_torso_courtiers, near line: 11965" in file: "gfx/portraits/portrait_modifiers/asoiaf_character_custom_flags.txt" near line: 11965
[08:54:25][dnamodifier.cpp:330] [original line 1825] could not find template [none]. file: gfx/portraits/portrait_modifiers/asoiaf_character_custom_flags.txt line: 12215 (asoiaf_custom_character_colourations)
[08:54:25][dnamodifier.cpp:330] [original line 1826] could not find template [none]. file: gfx/portraits/portrait_modifiers/asoiaf_character_custom_flags.txt line: 12221 (asoiaf_custom_character_colourations)
[08:54:25][dnamodifier.cpp:330] [original line 1827] could not find template [none]. file: gfx/portraits/portrait_modifiers/asoiaf_character_custom_flags.txt line: 12227 (asoiaf_custom_character_colourations)
[08:54:25][dnamodifier.cpp:330] [original line 1828] could not find template [none]. file: gfx/portraits/portrait_modifiers/asoiaf_character_custom_flags.txt line: 12233 (asoiaf_custom_character_colourations)
[08:54:25][dnamodifier.cpp:330] [original line 1829] could not find template [none]. file: gfx/portraits/portrait_modifiers/asoiaf_character_custom_flags.txt line: 12239 (asoiaf_custom_character_colourations)
[08:54:25][dnamodifier.cpp:330] [original line 1830] could not find template [none]. file: gfx/portraits/portrait_modifiers/asoiaf_character_custom_flags.txt line: 12791 (asoiaf_custom_character_colourations)
[08:54:25][dnamodifier.cpp:330] [original line 1831] could not find template [none]. file: gfx/portraits/portrait_modifiers/asoiaf_character_custom_flags.txt line: 12797 (asoiaf_custom_character_colourations)
[08:54:25][dnamodifier.cpp:330] [original line 1832] could not find template [none]. file: gfx/portraits/portrait_modifiers/asoiaf_character_custom_flags.txt line: 12803 (asoiaf_custom_character_colourations)
[08:54:25][dnamodifier.cpp:330] [original line 1833] could not find template [none]. file: gfx/portraits/portrait_modifiers/asoiaf_character_custom_flags.txt line: 12809 (asoiaf_custom_character_colourations)
[08:54:25][dnamodifier.cpp:330] [original line 1834] could not find template [none]. file: gfx/portraits/portrait_modifiers/asoiaf_character_custom_flags.txt line: 12815 (asoiaf_custom_character_colourations)
[08:54:25][dnamodifier.cpp:330] [original line 1835] could not find template [none]. file: gfx/portraits/portrait_modifiers/asoiaf_character_custom_flags.txt line: 13014 (asoiaf_custom_character_colourations)
[08:54:25][dnamodifier.cpp:330] [original line 1836] could not find template [none]. file: gfx/portraits/portrait_modifiers/asoiaf_character_custom_flags.txt line: 13020 (asoiaf_custom_character_colourations)
[08:54:25][dnamodifier.cpp:330] [original line 1837] could not find template [none]. file: gfx/portraits/portrait_modifiers/asoiaf_character_custom_flags.txt line: 13026 (asoiaf_custom_character_colourations)
[08:54:25][dnamodifier.cpp:330] [original line 1838] could not find template [none]. file: gfx/portraits/portrait_modifiers/asoiaf_character_custom_flags.txt line: 13032 (asoiaf_custom_character_colourations)
[08:54:25][dnamodifier.cpp:330] [original line 1839] could not find template [none]. file: gfx/portraits/portrait_modifiers/asoiaf_character_custom_flags.txt line: 13038 (asoiaf_custom_character_colourations)
[08:54:25][dnamodifier.cpp:330] [original line 1840] could not find template [none]. file: gfx/portraits/portrait_modifiers/asoiaf_character_custom_flags.txt line: 13609 (asoiaf_custom_character_colourations)
[08:54:25][dnamodifier.cpp:330] [original line 1841] could not find template [none]. file: gfx/portraits/portrait_modifiers/asoiaf_character_custom_flags.txt line: 13615 (asoiaf_custom_character_colourations)
[08:54:25][dnamodifier.cpp:330] [original line 1842] could not find template [none]. file: gfx/portraits/portrait_modifiers/asoiaf_character_custom_flags.txt line: 13621 (asoiaf_custom_character_colourations)
[08:54:25][dnamodifier.cpp:330] [original line 1843] could not find template [none]. file: gfx/portraits/portrait_modifiers/asoiaf_character_custom_flags.txt line: 13627 (asoiaf_custom_character_colourations)
[08:54:25][dnamodifier.cpp:330] [original line 1844] could not find template [none]. file: gfx/portraits/portrait_modifiers/asoiaf_character_custom_flags.txt line: 13788 (asoiaf_custom_character_colourations)
[08:54:25][dnamodifier.cpp:330] [original line 1845] could not find template [none]. file: gfx/portraits/portrait_modifiers/asoiaf_character_custom_flags.txt line: 13794 (asoiaf_custom_character_colourations)
[08:54:25][dnamodifier.cpp:330] [original line 1846] could not find template [none]. file: gfx/portraits/portrait_modifiers/asoiaf_character_custom_flags.txt line: 13800 (asoiaf_custom_character_colourations)
[08:54:25][dnamodifier.cpp:330] [original line 1847] could not find template [none]. file: gfx/portraits/portrait_modifiers/asoiaf_character_custom_flags.txt line: 13806 (asoiaf_custom_character_colourations)
[08:54:25][dnamodifier.cpp:330] [original line 1848] could not find template [none]. file: gfx/portraits/portrait_modifiers/asoiaf_character_custom_flags.txt line: 13812 (asoiaf_custom_character_colourations)
[08:54:25][dnamodifier.cpp:330] [original line 1849] could not find template [none]. file: gfx/portraits/portrait_modifiers/asoiaf_character_custom_flags.txt line: 14180 (asoiaf_custom_character_colourations)
[08:54:25][dnamodifier.cpp:330] [original line 1850] could not find template [none]. file: gfx/portraits/portrait_modifiers/asoiaf_character_custom_flags.txt line: 14186 (asoiaf_custom_character_colourations)
[08:54:25][dnamodifier.cpp:330] [original line 1851] could not find template [none]. file: gfx/portraits/portrait_modifiers/asoiaf_character_custom_flags.txt line: 14192 (asoiaf_custom_character_colourations)
[08:54:25][dnamodifier.cpp:330] [original line 1852] could not find template [none]. file: gfx/portraits/portrait_modifiers/asoiaf_character_custom_flags.txt line: 14198 (asoiaf_custom_character_colourations)
[08:54:25][dnamodifier.cpp:330] [original line 1853] could not find template [none]. file: gfx/portraits/portrait_modifiers/asoiaf_character_custom_flags.txt line: 14204 (asoiaf_custom_character_colourations)
[08:54:25][dnamodifier.cpp:330] [original line 1854] could not find template [none]. file: gfx/portraits/portrait_modifiers/asoiaf_character_custom_flags.txt line: 14561 (asoiaf_custom_character_colourations)
[08:54:25][dnamodifier.cpp:330] [original line 1855] could not find template [none]. file: gfx/portraits/portrait_modifiers/asoiaf_character_custom_flags.txt line: 14567 (asoiaf_custom_character_colourations)
[08:54:25][dnamodifier.cpp:330] [original line 1856] could not find template [none]. file: gfx/portraits/portrait_modifiers/asoiaf_character_custom_flags.txt line: 14573 (asoiaf_custom_character_colourations)
[08:54:25][dnamodifier.cpp:330] [original line 1857] could not find template [none]. file: gfx/portraits/portrait_modifiers/asoiaf_character_custom_flags.txt line: 14579 (asoiaf_custom_character_colourations)
[08:54:25][dnamodifier.cpp:330] [original line 1858] could not find template [none]. file: gfx/portraits/portrait_modifiers/asoiaf_character_custom_flags.txt line: 14585 (asoiaf_custom_character_colourations)
[08:54:25][dnamodifier.cpp:330] [original line 1859] could not find template [none]. file: gfx/portraits/portrait_modifiers/asoiaf_character_custom_flags.txt line: 14640 (asoiaf_custom_character_colourations)
[08:54:25][dnamodifier.cpp:330] [original line 1860] could not find template [none]. file: gfx/portraits/portrait_modifiers/asoiaf_character_custom_flags.txt line: 14646 (asoiaf_custom_character_colourations)
[08:54:25][dnamodifier.cpp:330] [original line 1861] could not find template [none]. file: gfx/portraits/portrait_modifiers/asoiaf_character_custom_flags.txt line: 14652 (asoiaf_custom_character_colourations)
[08:54:25][dnamodifier.cpp:330] [original line 1862] could not find template [none]. file: gfx/portraits/portrait_modifiers/asoiaf_character_custom_flags.txt line: 14658 (asoiaf_custom_character_colourations)
[08:54:25][dnamodifier.cpp:330] [original line 1863] could not find template [none]. file: gfx/portraits/portrait_modifiers/asoiaf_character_custom_flags.txt line: 14664 (asoiaf_custom_character_colourations)
[08:54:25][pdx_persistent_reader.cpp:216] [original line 1864] Error: "Unexpected token: accesory, near line: 17857" in file: "gfx/portraits/portrait_modifiers/asoiaf_character_custom_flags.txt" near line: 17857
[08:54:25][dnamodifier.cpp:338] [original line 1865] Need a value set. file: gfx/portraits/portrait_modifiers/asoiaf_character_custom_flags.txt line: 17853 (asoiaf_custom_character_clothes)
[08:54:25][jomini_scriptvalue.h:459] [original line 1866] Cannot use GetMinValue without a value set
[08:54:25][dnamodifier.cpp:330] [original line 1867] could not find template [asoiaf_fots_religious_clothes]. file: gfx/portraits/portrait_modifiers/asoiaf_character_custom_flags.txt line: 19159 (asoiaf_custom_character_clothes)
[08:54:25][dnamodifier.cpp:469] [original line 1868] Failed to find accessory group for asoiaf_fots_religious_clothes, near file: gfx/portraits/portrait_modifiers/asoiaf_character_custom_flags.txt line: 19159 (asoiaf_custom_character_clothes)
[08:54:25][dnamodifier.cpp:481] [original line 1869] Can't find accessory 'male_clothes_religious_catholic_high_1' in gene template religious_catholic_high_clothes, near file: gfx/portraits/portrait_modifiers/asoiaf_clothes.txt line: 797 (asoiaf_septon_clothes_modifiers)
[08:54:25][jomini_eventtarget.cpp:692] [original line 1870] Failed to find a valid event target link 'has_religion' at file: gfx/portraits/portrait_modifiers/asoiaf_clothes.txt line: 1092 (asoiaf_drowned_man_clothes_modifiers:weight)
[08:54:25][pdx_persistent_reader.cpp:216] [original line 1871] Error: "Unknown trigger: liege.has_religion, near line: 1092" in file: "gfx/portraits/portrait_modifiers/asoiaf_clothes.txt" near line: 1093
[08:54:25][jomini_eventtarget.cpp:692] [original line 1872] Failed to find a valid event target link 'has_religion' at file: gfx/portraits/portrait_modifiers/asoiaf_clothes.txt line: 1176 (asoiaf_drowned_man_clothes_modifiers:weight)
[08:54:25][pdx_persistent_reader.cpp:216] [original line 1873] Error: "Unknown trigger: liege.has_religion, near line: 1176" in file: "gfx/portraits/portrait_modifiers/asoiaf_clothes.txt" near line: 1181
[08:54:25][dnamodifier.cpp:481] [original line 1874] Can't find accessory 'male_legwear_asoiaf_hound_legs' in gene template asoiaf_all_legwears, near file: gfx/portraits/portrait_modifiers/asoiaf_clothes_armor.txt line: 6706 (asoiaf_clothes_armor)
[08:54:25][dnamodifier.cpp:330] [original line 1875] could not find template [dragon_horns_small]. file: gfx/portraits/portrait_modifiers/asoiaf_dragon_appearance_flags.txt line: 98 (asoiaf_dragon_appearances)
[08:54:25][dnamodifier.cpp:330] [original line 1876] could not find template [dragon_horns_small]. file: gfx/portraits/portrait_modifiers/asoiaf_dragon_appearance_flags.txt line: 522 (asoiaf_dragon_appearances)
[08:54:25][dnamodifier.cpp:481] [original line 1877] Can't find accessory 'male_hair_fp1_09' in gene template agot_all_hairstyles, near file: gfx/portraits/portrait_modifiers/asoiaf_hairs_custom_flags.txt line: 1911 (asoiaf_hairs_custom_appearances)
[08:54:25][dnamodifier.cpp:330] [original line 1878] could not find template [head_top_height_neg]. file: gfx/portraits/portrait_modifiers/asoiaf_headgear_armor.txt line: 3409 (asoiaf_headgear_armor)
[08:54:25][dnamodifier.cpp:330] [original line 1879] could not find template [head_top_height_neg]. file: gfx/portraits/portrait_modifiers/asoiaf_headgear_armor.txt line: 3548 (asoiaf_headgear_armor)
[08:54:25][dnamodifier.cpp:330] [original line 1880] could not find template [head_top_height_neg]. file: gfx/portraits/portrait_modifiers/asoiaf_headgear_armor.txt line: 3679 (asoiaf_headgear_armor)
[08:54:25][dnamodifier.cpp:330] [original line 1881] could not find template [head_top_height_neg]. file: gfx/portraits/portrait_modifiers/asoiaf_headgear_armor.txt line: 4026 (asoiaf_headgear_armor)
[08:54:25][dnamodifier.cpp:330] [original line 1882] could not find template [head_top_height_neg]. file: gfx/portraits/portrait_modifiers/asoiaf_headgear_armor.txt line: 4144 (asoiaf_headgear_armor)
[08:54:25][pdx_persistent_reader.cpp:216] [original line 1883] Error: "Unknown trigger: is_character_baratheon_3, near line: 81" in file: "gfx/portraits/portrait_modifiers/asoiaf_headgear_crowns.txt" near line: 83
[08:54:25][pdx_persistent_reader.cpp:216] [original line 1884] Error: "Unknown trigger: is_character_baratheon_3, near line: 165" in file: "gfx/portraits/portrait_modifiers/asoiaf_headgear_crowns.txt" near line: 167
[08:54:25][pdx_persistent_reader.cpp:216] [original line 1885] Error: "Unknown trigger: is_character_baratheon_4, near line: 264" in file: "gfx/portraits/portrait_modifiers/asoiaf_headgear_crowns.txt" near line: 269
[08:54:25][pdx_persistent_reader.cpp:216] [original line 1886] Error: "Unknown trigger: is_character_baratheon_4, near line: 330" in file: "gfx/portraits/portrait_modifiers/asoiaf_headgear_crowns.txt" near line: 335
[08:54:25][pdx_persistent_reader.cpp:216] [original line 1887] Error: "Unknown trigger: is_character_baratheon_5, near line: 645
Unknown trigger: is_character_baratheon_6, near line: 646
Unknown trigger: is_character_baratheon_7, near line: 647" in file: "gfx/portraits/portrait_modifiers/asoiaf_headgear_crowns.txt" near line: 651
[08:54:25][pdx_persistent_reader.cpp:216] [original line 1890] Error: "Unknown trigger: is_character_baratheon_5, near line: 694
Unknown trigger: is_character_baratheon_6, near line: 695
Unknown trigger: is_character_baratheon_7, near line: 696" in file: "gfx/portraits/portrait_modifiers/asoiaf_headgear_crowns.txt" near line: 700
[08:54:25][dnamodifier.cpp:481] [original line 1893] Can't find accessory 'male_legwear_asoiaf_kingsguard_legs_1' in gene template asoiaf_all_legwears, near file: gfx/portraits/portrait_modifiers/asoiaf_legwear_armour.txt line: 9 (asoiaf_legwear)
[08:54:25][dnamodifier.cpp:481] [original line 1894] Can't find accessory 'male_legwear_asoiaf_kingsguard_legs_2' in gene template asoiaf_all_legwears, near file: gfx/portraits/portrait_modifiers/asoiaf_legwear_armour.txt line: 40 (asoiaf_legwear)
[08:54:25][dnamodifier.cpp:330] [original line 1895] could not find template [high_valyrian_war_legwear]. file: gfx/portraits/portrait_modifiers/asoiaf_legwear_armour.txt line: 91 (asoiaf_legwear)
[08:54:25][dnamodifier.cpp:330] [original line 1896] could not find template [stormlands_war_04_legwear]. file: gfx/portraits/portrait_modifiers/asoiaf_legwear_armour.txt line: 114 (asoiaf_legwear)
[08:54:26][character_currency_effects_impl.cpp:227] [original line 1897] Negative value in remove_short_term_gold: -450. file: events/decisions_events/buy_ruby_crown_events.txt line: 54 (buy_ruby_crown.0999:immediate)
[08:54:26][portraitcontext.cpp:151] [original line 1898] Unknown legwear gene accessory group asoiaf_lannister_war_legs at file: common/bookmark_portraits/bookmark_236_tion_lannister.txt line: 185 (bookmark_236_tion_lannister)
[08:54:27][portraitcontext.cpp:151] [original line 1899] Unknown legwear gene accessory group kingsguard_war_01_legwear at file: common/bookmark_portraits/bookmark_277_barristan_selmy.txt line: 193 (bookmark_277_barristan_selmy)
[08:54:27][portraitcontext.cpp:239] [original line 1900] Trying to read gene gene_bs_ear_outward a second time at file: common/bookmark_portraits/bookmark_282_eddard_stark.txt line: 207 (bookmark_282_eddard_stark)
[08:54:27][portraitcontext.cpp:239] [original line 1901] Trying to read gene gene_bs_ear_outward a second time at file: common/bookmark_portraits/bookmark_282_robert_baratheon.txt line: 204 (bookmark_282_robert_baratheon)
[08:54:27][portraitcontext.cpp:151] [original line 1902] Unknown legwear gene accessory group maester_legwear at file: common/bookmark_portraits/bookmark_284_cressen.txt line: 182 (bookmark_284_cressen)
[08:54:27][portraitcontext.cpp:239] [original line 1903] Trying to read gene props_right a second time at file: common/bookmark_portraits/bookmark_299_asha_greyjoy.txt line: 215 (bookmark_299_asha_greyjoy)
[08:54:27][jomini_eventmanager.cpp:428] [original line 1904] Duplicated event ID 'agot_activity_commission_crown.0001' found. New Location: 'file: events/activities/agot_coronation_activity/agot_coronation_crown_commission_events.txt line: 3 (agot_activity_commission_crown.0001)', Previous Location: 'file: events/activities/agot_coronation_activity/agot_coronation_crown_commission_events.txt line: 3 (agot_activity_commission_crown.0001)'
[08:54:27][portraitcontext.cpp:239] [original line 1905] Trying to read gene props_right a second time at file: common/bookmark_portraits/bookmark_99_aurion_varezys.txt line: 211 (bookmark_99_aurion_varezys)
[08:54:27][portraitcontext.cpp:151] [original line 1906] Unknown legwear gene accessory group agot_trousers at file: common/bookmark_portraits/challenge_character_282_walder_frey.txt line: 190 (challenge_character_282_walder_frey)
[08:54:29][pdx_persistent_reader.cpp:216] [original line 1907] Error: "Unexpected token: rhoynish_religion_opinion, near line: 1760" in file: "common/buildings/yy_agotcities_special_buildings_westeros.txt" near line: 1760
[08:54:29][pdx_persistent_reader.cpp:216] [original line 1908] Error: "Unexpected token: rhoynish_religion_opinion, near line: 1767" in file: "common/buildings/yy_agotcities_special_buildings_westeros.txt" near line: 1767
[08:54:29][pdx_persistent_reader.cpp:216] [original line 1909] Error: "Unknown trigger: holding, near line: 2364" in file: "common/buildings/yy_agotcities_special_buildings_westeros.txt" near line: 2369
[08:54:30][pdx_persistent_reader.cpp:216] [original line 1910] Error: "Unexpected token: confucian_education_xp_gain_mult, near line: 4047" in file: "common/modifiers/DI_modifiers.txt" near line: 4047
[08:54:30][pdx_persistent_reader.cpp:216] [original line 1911] Error: "Unexpected token: valeman_opinion, near line: 447" in file: "common/modifiers/ntc_artifact_modifiers.txt" near line: 447
[08:54:30][pdx_persistent_reader.cpp:216] [original line 1912] Error: "Unexpected token: valeman_opinion, near line: 456" in file: "common/modifiers/ntc_artifact_modifiers.txt" near line: 456
[08:54:30][pdx_persistent_reader.cpp:216] [original line 1913] Error: "Unexpected token: valeman_opinion, near line: 605" in file: "common/modifiers/ntc_artifact_modifiers.txt" near line: 605
[08:54:32][jomini_script_argument.cpp:227] [original line 1914] Compiling source for agot_create_artifact_aegon_i_crown_effect failed for missing arguments: CREATOR. At file: common/scripted_effects/00_agot_artifact_crowns_effects.txt line: 78 (agot_create_artifact_aegon_i_crown_effect)
[08:54:32][jomini_script_argument.cpp:227] [original line 1915] Compiling source for agot_create_artifact_aenys_crown_effect failed for missing arguments: CREATOR. At file: common/scripted_effects/00_agot_artifact_crowns_effects.txt line: 228 (agot_create_artifact_aenys_crown_effect)
[08:54:32][jomini_script_argument.cpp:227] [original line 1916] Compiling source for agot_create_artifact_jaehaerys_crown_effect failed for missing arguments: CREATOR. At file: common/scripted_effects/00_agot_artifact_crowns_effects.txt line: 314 (agot_create_artifact_jaehaerys_crown_effect)
[08:54:32][jomini_script_argument.cpp:227] [original line 1917] Compiling source for agot_create_artifact_aegon_iii_crown_effect failed for missing arguments: CREATOR. At file: common/scripted_effects/00_agot_artifact_crowns_effects.txt line: 434 (agot_create_artifact_aegon_iii_crown_effect)
[08:54:32][jomini_script_argument.cpp:227] [original line 1918] Compiling source for agot_create_artifact_baelors_crown_effect failed for missing arguments: CREATOR. At file: common/scripted_effects/00_agot_artifact_crowns_effects.txt line: 498 (agot_create_artifact_baelors_crown_effect)
[08:54:32][jomini_script_argument.cpp:227] [original line 1919] Compiling source for agot_create_artifact_aegon_iv_crown_effect failed for missing arguments: CREATOR. At file: common/scripted_effects/00_agot_artifact_crowns_effects.txt line: 594 (agot_create_artifact_aegon_iv_crown_effect)
[08:54:32][jomini_script_argument.cpp:227] [original line 1920] Compiling source for agot_create_artifact_maekars_crown_effect failed for missing arguments: CREATOR. At file: common/scripted_effects/00_agot_artifact_crowns_effects.txt line: 672 (agot_create_artifact_maekars_crown_effect)
[08:54:32][jomini_script_argument.cpp:227] [original line 1921] Compiling source for agot_create_artifact_visenya_circlet_effect failed for missing arguments: CREATOR. At file: common/scripted_effects/00_agot_artifact_crowns_effects.txt line: 837 (agot_create_artifact_visenya_circlet_effect)
[08:54:33][pdx_locstring.cpp:93] [original line 1922] Key is missing localization: test_crush_desc
[08:54:33][pdx_locstring.cpp:93] [original line 1923] Key is missing localization: test_crush_desc
[08:54:33][pdx_locstring.cpp:93] [original line 1924] Key is missing localization: test_crush_desc
[08:54:33][pdx_locstring.cpp:93] [original line 1925] Key is missing localization: test_crush_desc
[08:54:33][pdx_locstring.cpp:93] [original line 1926] Key is missing localization: test_crush_desc
[08:54:33][pdx_locstring.cpp:93] [original line 1927] Key is missing localization: test_crush_desc
[08:54:33][pdx_persistent_reader.cpp:216] [original line 1928] Error: "Unknown effect: agot_8299_4_1_acok_scenario_setup, near line: 89" in file: "common/scripted_effects/00_agot_scenario_setup_effects.txt" near line: 90
[08:54:33][jomini_eventtarget.cpp:692] [original line 1929] Failed to find a valid event target link 'house_Blackfyre' at file: common/scripted_triggers/tgc_loaded_trigger.txt line: 127 (tgc_blackfyre_equipment_trigger)
[08:54:33][portraitaccessories.cpp:159] [original line 1930] accessory group [clothes:brightboar_swordsman_armour] has an invalid accessory "male_clothes_secular_brightboar_swordsman"
[08:54:33][portraitaccessories.cpp:159] [original line 1931] accessory group [clothes:brightboar_swordsman_armour] has an invalid accessory "female_clothes_secular_brightboar_swordsman"
[08:54:33][portraitaccessories.cpp:159] [original line 1932] accessory group [clothes:brightboar_swordsman_armour] has an invalid accessory "male_clothes_secular_brightboar_swordsman"
[08:54:33][portraitaccessories.cpp:159] [original line 1933] accessory group [clothes:brightboar_swordsman_armour] has an invalid accessory "female_clothes_secular_brightboar_swordsman"
[08:54:33][portraitaccessories.cpp:159] [original line 1934] accessory group [clothes:golden_company_armor_blackfyre] has an invalid accessory "male_clothes_captainsArmor_blackfyreAlt_01"
[08:54:33][portraitaccessories.cpp:159] [original line 1935] accessory group [clothes:golden_company_armor_blackfyre] has an invalid accessory "male_clothes_captainsArmorMetal_blackfyreAlt_01"
[08:54:33][portraitaccessories.cpp:159] [original line 1936] accessory group [clothes:golden_company_armor_blackfyre] has an invalid accessory "male_clothes_ornateVest_blackfyreAlt_01"
[08:54:33][portraitaccessories.cpp:159] [original line 1937] accessory group [clothes:golden_company_armor_blackfyre] has an invalid accessory "male_clothes_standardVest_blackfyreAlt_01"
[08:54:33][portraitaccessories.cpp:159] [original line 1938] accessory group [clothes:golden_company_armor_blackfyre] has an invalid accessory "male_clothes_platedVest_blackfyreAlt_01"
[08:54:33][portraitaccessories.cpp:159] [original line 1939] accessory group [clothes:golden_company_armor_blackfyre] has an invalid accessory "male_clothes_captainsArmor_blackfyreAlt_01"
[08:54:33][portraitaccessories.cpp:159] [original line 1940] accessory group [clothes:golden_company_armor_blackfyre] has an invalid accessory "male_clothes_captainsArmorMetal_blackfyreAlt_01"
[08:54:33][portraitaccessories.cpp:159] [original line 1941] accessory group [clothes:golden_company_armor_blackfyre] has an invalid accessory "male_clothes_ornateVest_blackfyreAlt_01"
[08:54:33][portraitaccessories.cpp:159] [original line 1942] accessory group [clothes:golden_company_armor_blackfyre] has an invalid accessory "male_clothes_standardVest_blackfyreAlt_01"
[08:54:33][portraitaccessories.cpp:159] [original line 1943] accessory group [clothes:golden_company_armor_blackfyre] has an invalid accessory "male_clothes_platedVest_blackfyreAlt_01"
[08:54:33][portraitaccessories.cpp:159] [original line 1944] accessory group [headgear:tgc_helmets] has an invalid accessory "male_headgear_tgc_helm_blackfyre_01"
[08:54:33][portraitaccessories.cpp:159] [original line 1945] accessory group [headgear:tgc_helmets] has an invalid accessory "male_headgear_tgc_helm_blackfyreAlt_01"
[08:54:33][portraitaccessories.cpp:159] [original line 1946] accessory group [headgear:tgc_helmets] has an invalid accessory "male_headgear_tgc_helm_blackfyre_02"
[08:54:33][portraitaccessories.cpp:159] [original line 1947] accessory group [headgear:tgc_helmets] has an invalid accessory "male_headgear_tgc_helm_blackfyreAlt_02"
[08:54:33][portraitaccessories.cpp:159] [original line 1948] accessory group [headgear:tgc_helmets] has an invalid accessory "male_headgear_tgc_helm_blackfyre_03"
[08:54:33][portraitaccessories.cpp:159] [original line 1949] accessory group [headgear:tgc_helmets] has an invalid accessory "male_headgear_tgc_helm_blackfyreAlt_03"
[08:54:33][portraitaccessories.cpp:159] [original line 1950] accessory group [headgear:tgc_helmets] has an invalid accessory "male_headgear_tgc_helm_blackfyre_01"
[08:54:33][portraitaccessories.cpp:159] [original line 1951] accessory group [headgear:tgc_helmets] has an invalid accessory "male_headgear_tgc_helm_blackfyreAlt_01"
[08:54:33][portraitaccessories.cpp:159] [original line 1952] accessory group [headgear:tgc_helmets] has an invalid accessory "male_headgear_tgc_helm_blackfyre_02"
[08:54:33][portraitaccessories.cpp:159] [original line 1953] accessory group [headgear:tgc_helmets] has an invalid accessory "male_headgear_tgc_helm_blackfyreAlt_02"
[08:54:33][portraitaccessories.cpp:159] [original line 1954] accessory group [headgear:tgc_helmets] has an invalid accessory "male_headgear_tgc_helm_blackfyre_03"
[08:54:33][portraitaccessories.cpp:159] [original line 1955] accessory group [headgear:tgc_helmets] has an invalid accessory "male_headgear_tgc_helm_blackfyreAlt_03"
[08:54:33][portraitaccessories.cpp:159] [original line 1956] accessory group [legwear:tgc_pants_blackfyre] has an invalid accessory "male_legwear_captainsPants_blackfyreAlt_01"
[08:54:33][portraitaccessories.cpp:159] [original line 1957] accessory group [legwear:tgc_pants_blackfyre] has an invalid accessory "male_legwear_standardPants_blackfyreAlt_01"
[08:54:33][portraitaccessories.cpp:159] [original line 1958] accessory group [legwear:tgc_pants_blackfyre] has an invalid accessory "male_legwear_twoSwordsPants_blackfyreAlt_01"
[08:54:33][portraitaccessories.cpp:159] [original line 1959] accessory group [legwear:tgc_pants_blackfyre] has an invalid accessory "male_legwear_captainsPants_blackfyreAlt_01"
[08:54:33][portraitaccessories.cpp:159] [original line 1960] accessory group [legwear:tgc_pants_blackfyre] has an invalid accessory "male_legwear_standardPants_blackfyreAlt_01"
[08:54:33][portraitaccessories.cpp:159] [original line 1961] accessory group [legwear:tgc_pants_blackfyre] has an invalid accessory "male_legwear_twoSwordsPants_blackfyreAlt_01"
[08:54:33][pdx_persistent_reader.cpp:216] [original line 1962] Error: "Failed to read key reference: 1453_end_date: 1453_end_date, near line: 3
Failed to read key reference: rhomaion_name_of_byzantium: rhomaion_name_of_byzantium, near line: 3
Failed to read key reference: default_mongol_invasion: default_mongol_invasion, near line: 3
Failed to read key reference: random_ruler_placement_off: random_ruler_placement_off, near line: 3
Failed to read key reference: launch_historical: launch_historical, near line: 3
Failed to read key reference: fp1_scandi_adventurers_apocalyptic: fp1_scandi_adventurers_apocalyptic, near line: 3
Failed to read key reference: dissolution_after_caliph_death: dissolution_after_caliph_death, near line: 3
Failed to read key reference: default_seljuk_invasion: default_seljuk_invasion, near line: 3
Failed to read key reference: situation_the_great_steppe_toggle_on: situation_the_great_steppe_toggle_on, near line: 3
Failed to read key reference: struggle_iberia_toggle_on: struggle_iberia_toggle_on, near line: 3
Failed to read key reference: struggle_persia_toggle_on: struggle_persia_toggle_on, near line: 3
Failed to read key reference: historicity_ruler_of_munster_historical_toirdelbach: historicity_ruler_of_munster_historical_toirdelbach, near line: 3
Failed to read key reference: historicity_norman_conquest_default_random: historicity_norman_conquest_default_random, near line: 3
Failed to read key reference: tibet_nomad_region_on: tibet_nomad_region_on, near line: 3
Failed to read key reference: sami_nomad_region_on: sami_nomad_region_on, near line: 3
Failed to read key reference: arabia_nomad_region_on: arabia_nomad_region_on, near line: 3
Failed to read key reference: sahel_nomad_region_on: sahel_nomad_region_on, near line: 3
Failed to read key reference: horn_of_africa_nomad_region_on: horn_of_africa_nomad_region_on, near line: 3
Failed to read key reference: historicity_extra_admin_egypt_gameplay_not_administrative: historicity_extra_admin_egypt_gameplay_not_administrative, near line: 3
Failed to read key reference: historicity_extra_admin_arabia_gameplay_not_administrative: historicity_extra_admin_arabia_gameplay_not_administrative, near line: 3
Failed to read key reference: historicity_extra_admin_ghana_gameplay_not_administrative: historicity_extra_admin_ghana_gameplay_not_administrative, near line: 3
Failed to read key reference: historicity_extra_admin_kabulistan_gameplay_not_administrative: historicity_extra_admin_kabulistan_gameplay_not_administrative, near line: 3
Failed to read key reference: historicity_extra_admin_persia_gameplay_not_administrative: historicity_extra_admin_persia_gameplay_not_administrative, near line: 3
Failed to read key reference: historicity_extra_admin_maghreb_gameplay_not_administrative: historicity_extra_admin_maghreb_gameplay_not_administrative, near line: 3
Failed to read key reference: historicity_extra_admin_tamilakam_gameplay_not_administrative: historicity_extra_admin_tamilakam_gameplay_not_administrative, near line: 3
Failed to read key reference: historicity_extra_admin_carolingians_gameplay_not_administrative: historicity_extra_admin_carolingians_gameplay_not_administrative, near line: 3
Failed to read key reference: historicity_extra_admin_player_wherever_gameplay_not_administrative: historicity_extra_admin_player_wherever_gameplay_not_administrative, near line: 3
Failed to read key reference: historicity_frankokratia_fourth_crusade: historicity_frankokratia_fourth_crusade, near line: 3
Failed to read key reference: silk_road_starting_innovations_preset: silk_road_starting_innovations_preset, near line: 3
Failed to read key reference: ACR_RE_tradition_slots_plus_95: ACR_RE_tradition_slots_plus_95, near line: 3
Failed to read key reference: ACR_RE_tradition_cost_free: ACR_RE_tradition_cost_free, near line: 3
Failed to read key reference: ACR_RE_tradition_cooldown_none: ACR_RE_tradition_cooldown_none, near line: 3
Failed to read key reference: ACR_RE_truce_duration_5: ACR_RE_truce_duration_5, near line: 3
Failed to read key reference: ACR_RE_truce_scope_player_primary: ACR_RE_truce_scope_player_primary, near line: 3
Failed to read key reference: ACR_RE_council_task_speed_1_month: ACR_RE_council_task_speed_1_month, near line: 3
Failed to read key reference: HM_RE_rule_player_free_functions_enabled: HM_RE_rule_player_free_functions_enabled, near line: 3
Failed to read key reference: HM_RE_rule_change_holding_type_cost_very_cheap: HM_RE_rule_change_holding_type_cost_very_cheap, near line: 3
Failed to read key reference: HM_RE_rule_change_holding_type_cooldown_very_short: HM_RE_rule_change_holding_type_cooldown_very_short, near line: 3
Failed to read key reference: HM_RE_rule_can_replace_buildings_vassals: HM_RE_rule_can_replace_buildings_vassals, near line: 3
Failed to read key reference: HM_RE_rule_can_feudalize_holdings_vassals: HM_RE_rule_can_feudalize_holdings_vassals, near line: 3
Failed to read key reference: HM_RE_value_construct_buildings_gold_cost_cap_very_cheap: HM_RE_value_construct_buildings_gold_cost_cap_very_cheap, near line: 3
Failed to read key reference: HM_RE_rule_player_extra_slots_enabled: HM_RE_rule_player_extra_slots_enabled, near line: 3
Failed to read key reference: HM_RE_rule_player_slot_base_cost_very_cheap: HM_RE_rule_player_slot_base_cost_very_cheap, near line: 3
Failed to read key reference: HM_RE_rule_player_slot_step_cost_very_cheap: HM_RE_rule_player_slot_step_cost_very_cheap, near line: 3
Failed to read key reference: HM_RE_rule_construction_time_cost_free: HM_RE_rule_construction_time_cost_free, near line: 3
Failed to read key reference: HM_RE_build_all_button_on: HM_RE_build_all_button_on, near line: 3
Failed to read key reference: HM_RE_upgrade_all_button_on: HM_RE_upgrade_all_button_on, near line: 3
Failed to read key reference: HM_RE_make_nomad_button_on: HM_RE_make_nomad_button_on, near line: 3
Failed to read key reference: HM_RE_make_temple_citadel_button_on: HM_RE_make_temple_citadel_button_on, near line: 3
Failed to read key reference: HM_RE_player_add_slots_decision_on: HM_RE_player_add_slots_decision_on, near line: 3
Failed to read key reference: HM_RE_player_add_slots_decision_base_cost_very_cheap: HM_RE_player_add_slots_decision_base_cost_very_cheap, near line: 3
Failed to read key reference: HM_RE_player_cost_gold: HM_RE_player_cost_gold, near line: 3
Failed to read key reference: HM_RE_rule_ai_extra_slots_disabled: HM_RE_rule_ai_extra_slots_disabled, near line: 3
Failed to read key reference: HM_RE_rule_ai_slot_base_cost_very_expensive: HM_RE_rule_ai_slot_base_cost_very_expensive, near line: 3
Failed to read key reference: HM_RE_rule_ai_slot_step_cost_very_expensive: HM_RE_rule_ai_slot_step_cost_very_expensive, near line: 3" in file: "" near line: 3
[08:54:33][pdx_persistent_reader.cpp:216] [original line 2017] Error: "Failed to read key reference: 1453_end_date: 1453_end_date, near line: 8
Failed to read key reference: rhomaion_name_of_byzantium: rhomaion_name_of_byzantium, near line: 8
Failed to read key reference: default_mongol_invasion: default_mongol_invasion, near line: 8
Failed to read key reference: random_ruler_placement_off: random_ruler_placement_off, near line: 8
Failed to read key reference: launch_historical: launch_historical, near line: 8
Failed to read key reference: fp1_scandi_adventurers_apocalyptic: fp1_scandi_adventurers_apocalyptic, near line: 8
Failed to read key reference: dissolution_after_caliph_death: dissolution_after_caliph_death, near line: 8
Failed to read key reference: default_seljuk_invasion: default_seljuk_invasion, near line: 8
Failed to read key reference: situation_the_great_steppe_toggle_on: situation_the_great_steppe_toggle_on, near line: 8
Failed to read key reference: struggle_iberia_toggle_on: struggle_iberia_toggle_on, near line: 8
Failed to read key reference: struggle_persia_toggle_on: struggle_persia_toggle_on, near line: 8
Failed to read key reference: historicity_ruler_of_munster_historical_toirdelbach: historicity_ruler_of_munster_historical_toirdelbach, near line: 8
Failed to read key reference: historicity_norman_conquest_default_random: historicity_norman_conquest_default_random, near line: 8
Failed to read key reference: tibet_nomad_region_on: tibet_nomad_region_on, near line: 8
Failed to read key reference: sami_nomad_region_on: sami_nomad_region_on, near line: 8
Failed to read key reference: arabia_nomad_region_on: arabia_nomad_region_on, near line: 8
Failed to read key reference: sahel_nomad_region_on: sahel_nomad_region_on, near line: 8
Failed to read key reference: horn_of_africa_nomad_region_on: horn_of_africa_nomad_region_on, near line: 8
Failed to read key reference: historicity_extra_admin_egypt_gameplay_not_administrative: historicity_extra_admin_egypt_gameplay_not_administrative, near line: 8
Failed to read key reference: historicity_extra_admin_arabia_gameplay_not_administrative: historicity_extra_admin_arabia_gameplay_not_administrative, near line: 8
Failed to read key reference: historicity_extra_admin_ghana_gameplay_not_administrative: historicity_extra_admin_ghana_gameplay_not_administrative, near line: 8
Failed to read key reference: historicity_extra_admin_kabulistan_gameplay_not_administrative: historicity_extra_admin_kabulistan_gameplay_not_administrative, near line: 8
Failed to read key reference: historicity_extra_admin_persia_gameplay_not_administrative: historicity_extra_admin_persia_gameplay_not_administrative, near line: 8
Failed to read key reference: historicity_extra_admin_maghreb_gameplay_not_administrative: historicity_extra_admin_maghreb_gameplay_not_administrative, near line: 8
Failed to read key reference: historicity_extra_admin_tamilakam_gameplay_not_administrative: historicity_extra_admin_tamilakam_gameplay_not_administrative, near line: 8
Failed to read key reference: historicity_extra_admin_carolingians_gameplay_not_administrative: historicity_extra_admin_carolingians_gameplay_not_administrative, near line: 8
Failed to read key reference: historicity_extra_admin_player_wherever_gameplay_not_administrative: historicity_extra_admin_player_wherever_gameplay_not_administrative, near line: 8
Failed to read key reference: historicity_frankokratia_fourth_crusade: historicity_frankokratia_fourth_crusade, near line: 8
Failed to read key reference: silk_road_starting_innovations_preset: silk_road_starting_innovations_preset, near line: 8
Failed to read key reference: ACR_RE_tradition_slots_plus_95: ACR_RE_tradition_slots_plus_95, near line: 8
Failed to read key reference: ACR_RE_tradition_cost_free: ACR_RE_tradition_cost_free, near line: 8
Failed to read key reference: ACR_RE_tradition_cooldown_none: ACR_RE_tradition_cooldown_none, near line: 8
Failed to read key reference: ACR_RE_truce_duration_5: ACR_RE_truce_duration_5, near line: 8
Failed to read key reference: ACR_RE_truce_scope_player_primary: ACR_RE_truce_scope_player_primary, near line: 8
Failed to read key reference: ACR_RE_council_task_speed_1_month: ACR_RE_council_task_speed_1_month, near line: 8
Failed to read key reference: HM_RE_rule_player_free_functions_enabled: HM_RE_rule_player_free_functions_enabled, near line: 8
Failed to read key reference: HM_RE_rule_change_holding_type_cost_very_cheap: HM_RE_rule_change_holding_type_cost_very_cheap, near line: 8
Failed to read key reference: HM_RE_rule_change_holding_type_cooldown_very_short: HM_RE_rule_change_holding_type_cooldown_very_short, near line: 8
Failed to read key reference: HM_RE_rule_can_replace_buildings_vassals: HM_RE_rule_can_replace_buildings_vassals, near line: 8
Failed to read key reference: HM_RE_rule_can_feudalize_holdings_vassals: HM_RE_rule_can_feudalize_holdings_vassals, near line: 8
Failed to read key reference: HM_RE_value_construct_buildings_gold_cost_cap_very_cheap: HM_RE_value_construct_buildings_gold_cost_cap_very_cheap, near line: 8
Failed to read key reference: HM_RE_rule_player_extra_slots_enabled: HM_RE_rule_player_extra_slots_enabled, near line: 8
Failed to read key reference: HM_RE_rule_player_slot_base_cost_very_cheap: HM_RE_rule_player_slot_base_cost_very_cheap, near line: 8
Failed to read key reference: HM_RE_rule_player_slot_step_cost_very_cheap: HM_RE_rule_player_slot_step_cost_very_cheap, near line: 8
Failed to read key reference: HM_RE_rule_construction_time_cost_free: HM_RE_rule_construction_time_cost_free, near line: 8
Failed to read key reference: HM_RE_build_all_button_on: HM_RE_build_all_button_on, near line: 8
Failed to read key reference: HM_RE_upgrade_all_button_on: HM_RE_upgrade_all_button_on, near line: 8
Failed to read key reference: HM_RE_make_nomad_button_on: HM_RE_make_nomad_button_on, near line: 8
Failed to read key reference: HM_RE_make_temple_citadel_button_on: HM_RE_make_temple_citadel_button_on, near line: 8
Failed to read key reference: HM_RE_player_add_slots_decision_on: HM_RE_player_add_slots_decision_on, near line: 8
Failed to read key reference: HM_RE_player_add_slots_decision_base_cost_very_cheap: HM_RE_player_add_slots_decision_base_cost_very_cheap, near line: 8
Failed to read key reference: HM_RE_player_cost_gold: HM_RE_player_cost_gold, near line: 8
Failed to read key reference: HM_RE_rule_ai_extra_slots_disabled: HM_RE_rule_ai_extra_slots_disabled, near line: 8
Failed to read key reference: HM_RE_rule_ai_slot_base_cost_very_expensive: HM_RE_rule_ai_slot_base_cost_very_expensive, near line: 8
Failed to read key reference: HM_RE_rule_ai_slot_step_cost_very_expensive: HM_RE_rule_ai_slot_step_cost_very_expensive, near line: 8" in file: "" near line: 8
[08:54:33][coat_of_arms_render_description.cpp:190] [original line 2072] Failed to find textured emblem texture at path: gfx/coat_of_arms/colored_emblems/asoiaf_unicorn.dds near file: common/coat_of_arms/coat_of_arms/personal_coas_dynamic.txt line: 1080
[08:54:33][coat_of_arms_render_description.cpp:190] [original line 2073] Failed to find textured emblem texture at path: gfx/coat_of_arms/colored_emblems/vale_seldon_rayonne.dds near file: common/coat_of_arms/coat_of_arms/riverland_dynasties.txt line: 120
[08:54:33][coat_of_arms_render_description.cpp:190] [original line 2074] Failed to find textured emblem texture at path: gfx/coat_of_arms/colored_emblems/ce_bottom_solid.dds near file: common/coat_of_arms/coat_of_arms/test_reach_dynasties.txt line: 1302
[08:54:33][coat_of_arms_render_description.cpp:190] [original line 2075] Failed to find textured emblem texture at path: gfx/coat_of_arms/colored_emblems/north_wibberly.dds near file: common/coat_of_arms/coat_of_arms/northern_dynasties.txt line: 1337
[08:54:33][coat_of_arms_render_description.cpp:190] [original line 2076] Failed to find textured emblem texture at path: gfx/coat_of_arms/colored_emblems/re_block_02.dds near file: common/coat_of_arms/coat_of_arms/test_reach_dynasties.txt line: 1699
[08:54:33][coat_of_arms_render_description.cpp:190] [original line 2077] Failed to find textured emblem texture at path: gfx/coat_of_arms/colored_emblems/re_block_02.dds near file: common/coat_of_arms/coat_of_arms/test_reach_dynasties.txt line: 1781
[08:54:33][coat_of_arms_render_description.cpp:190] [original line 2078] Failed to find textured emblem texture at path: gfx/coat_of_arms/colored_emblems/ce_bottom_solid.dds near file: common/coat_of_arms/coat_of_arms/reach_dynasties.txt line: 1708
[08:54:33][coat_of_arms_render_description.cpp:190] [original line 2079] Failed to find textured emblem texture at path: gfx/coat_of_arms/colored_emblems/asoiaf_unicorn.dds near file: common/coat_of_arms/coat_of_arms/test_personal_coas.txt line: 2130
[08:54:33][coat_of_arms_render_description.cpp:190] [original line 2080] Failed to find textured emblem texture at path: gfx/coat_of_arms/colored_emblems/north_wibberly.dds near file: common/coat_of_arms/coat_of_arms/test_northern_dynasties.txt line: 981
[08:54:33][coat_of_arms_render_description.cpp:190] [original line 2081] Failed to find textured emblem texture at path: gfx/coat_of_arms/colored_emblems/re_block_02.dds near file: common/coat_of_arms/coat_of_arms/reach_dynasties.txt line: 1882
[08:54:34][coat_of_arms_render_description.cpp:190] [original line 2082] Failed to find textured emblem texture at path: gfx/coat_of_arms/colored_emblems/vale_seldon_rayonne.dds near file: common/coat_of_arms/coat_of_arms/test_riverland_dynasties.txt line: 735
[08:54:34][coat_of_arms_render_description.cpp:190] [original line 2083] Failed to find textured emblem texture at path: gfx/coat_of_arms/colored_emblems/re_block_02.dds near file: common/coat_of_arms/coat_of_arms/reach_dynasties.txt line: 192
[08:54:34][opinion_modifier.cpp:83] [original line 2084] Modifier 'funded_my_expedition' shouldn't have a duration and monthly_change at the same time!
[08:54:34][opinion_modifier.cpp:83] [original line 2085] Modifier 'sent_relative_to_valyria' shouldn't have a duration and monthly_change at the same time!
[08:54:35][artifact_feature.cpp:33] [original line 2086] Missing loc key 'feature_dragon_whip_black'
[08:54:35][artifact_feature.cpp:33] [original line 2087] Missing loc key 'feature_dragon_whip_silver'
[08:54:35][artifact_feature.cpp:33] [original line 2088] Missing loc key 'feature_dragon_whip_bronze'
[08:54:35][artifact_visual_type.cpp:31] [original line 2089] Artifact visual type 'asoiaf_hound_armour_visuals' has no defined assets
[08:54:35][title_links.cpp:214] [original line 2090] Failed to fetch a valid landed title 'e_hre' at location 'file: common/scripted_guis/DI_char_editor_present_sgui.txt line: 1589 (DI_ce_female_dominated:effect)'
[08:54:35][title_links.cpp:214] [original line 2091] Failed to fetch a valid landed title 'e_hre' at location 'file: common/character_interactions/DI_character_interaction.txt line: 4622 (DI_change_succession:on_accept)'
[08:54:35][title_links.cpp:214] [original line 2092] Failed to fetch a valid landed title 'e_hre' at location 'file: common/character_interactions/DI_character_interaction.txt line: 4624 (DI_change_succession:on_accept)'
[08:54:35][title_links.cpp:214] [original line 2093] Failed to fetch a valid landed title 'e_hre' at location 'file: common/character_interactions/DI_character_interaction.txt line: 4637 (DI_change_succession:on_accept)'
[08:54:35][title_links.cpp:214] [original line 2094] Failed to fetch a valid landed title 'e_hre' at location 'file: common/character_interactions/DI_character_interaction.txt line: 4639 (DI_change_succession:on_accept)'
[08:54:35][title_links.cpp:214] [original line 2095] Failed to fetch a valid landed title 'b_graced_castle' at location 'file: common/on_action/cowagot_province_on_actions.txt line: 242 (set_provinces_on_actions)'
[08:54:35][title_links.cpp:214] [original line 2096] Failed to fetch a valid landed title 'b_cheesemonger_manse' at location 'file: common/on_action/cowagot_province_on_actions.txt line: 246 (set_provinces_on_actions)'
[08:54:35][jomini_eventtarget.h:291] [original line 2097] Failed to find 'varangian' from database for link 'trait' at file: common/scripted_effects/DI_char_spawner_effects.txt line: 1232 (DI_akolouthos_traits_effect)
[08:54:35][jomini_eventmanager.cpp:119] [original line 2098] 'agot_cities.5000' does not have a valid namespace
[08:54:35][jomini_script_system.cpp:303] [original line 2099] Script system error!
  Error: trigger_event effect [ Event [agot_cities.5000] not found ]
  Script location: file: common/buildings/yy_agotcities_special_buildings_westeros.txt line: 1827 (planky_town_special:on_complete)
[08:54:35][jomini_eventmanager.cpp:119] [original line 2103] 'agot_cities.5000' does not have a valid namespace
[08:54:35][jomini_script_system.cpp:303] [original line 2104] Script system error!
  Error: trigger_event effect [ Event [agot_cities.5000] not found ]
  Script location: file: common/buildings/yy_agotcities_special_buildings_westeros.txt line: 1993 (agot_castamere_03:on_complete)
[08:54:35][jomini_eventmanager.cpp:119] [original line 2108] 'agot_cities.5000' does not have a valid namespace
[08:54:35][jomini_script_system.cpp:303] [original line 2109] Script system error!
  Error: trigger_event effect [ Event [agot_cities.5000] not found ]
  Script location: file: common/buildings/yy_agotcities_special_buildings_westeros.txt line: 2295 (24castamere_03:on_complete)
[08:54:35][jomini_script_system.cpp:303] [original line 2113] Script system error!
  Error: create_artifact effect [ Invalid artifact template 'vs_blackfyre_template' ]
  Script location: file: common/scripted_effects/00_agot_artifact_vs_sword_effects_override.txt line: 13 (agot_create_artifact_vs_blackfyre_effect[args#3618947653])
[08:54:35][jomini_script_system.cpp:303] [original line 2117] Script system error!
  Error: create_artifact effect [ Invalid artifact template 'vs_blackfyre_template' ]
  Script location: file: common/scripted_effects/00_agot_artifact_vs_sword_effects_override.txt line: 31 (agot_create_artifact_vs_blackfyre_effect[args#3618947653])
[08:54:35][jomini_script_system.cpp:303] [original line 2121] Script system error!
  Error: create_artifact effect [ Invalid artifact template 'vs_blackfyre_template' ]
  Script location: file: common/scripted_effects/00_agot_artifact_vs_sword_effects_override.txt line: 13 (agot_create_artifact_vs_blackfyre_effect[args#141906969])
[08:54:35][jomini_script_system.cpp:303] [original line 2125] Script system error!
  Error: create_artifact effect [ Invalid artifact template 'vs_blackfyre_template' ]
  Script location: file: common/scripted_effects/00_agot_artifact_vs_sword_effects_override.txt line: 31 (agot_create_artifact_vs_blackfyre_effect[args#141906969])
[08:54:35][jomini_script_system.cpp:303] [original line 2129] Script system error!
  Error: create_artifact effect [ Invalid artifact template 'vs_pincer_template' ]
  Script location: file: common/scripted_effects/00_agot_artifact_vs_sword_effects_override.txt line: 604 (agot_create_artifact_vs_pincer_effect[args#3618947653])
[08:54:35][jomini_script_system.cpp:303] [original line 2133] Script system error!
  Error: create_artifact effect [ Invalid artifact template 'vs_pincer_template' ]
  Script location: file: common/scripted_effects/00_agot_artifact_vs_sword_effects_override.txt line: 630 (agot_create_artifact_vs_pincer_effect[args#3618947653])
[08:54:35][jomini_script_system.cpp:303] [original line 2137] Script system error!
  Error: create_artifact effect [ Invalid artifact template 'vs_seafoam_template' ]
  Script location: file: common/scripted_effects/00_agot_artifact_vs_sword_effects_override.txt line: 455 (agot_create_artifact_vs_seafoam_effect[args#3618947653])
[08:54:35][jomini_script_system.cpp:303] [original line 2141] Script system error!
  Error: create_artifact effect [ Invalid artifact template 'vs_seafoam_template' ]
  Script location: file: common/scripted_effects/00_agot_artifact_vs_sword_effects_override.txt line: 475 (agot_create_artifact_vs_seafoam_effect[args#3618947653])
[08:54:35][jomini_script_system.cpp:303] [original line 2145] Script system error!
  Error: create_artifact effect [ Invalid static modifier 'artifact_personal_scheme_power_add_5_modifier' ]
  Script location: file: common/scripted_effects/00_lotd_artifact_creation_effects.txt line: 8 (create_artifact_subterfuge_effect[args#141906969])
[08:54:35][jomini_script_system.cpp:303] [original line 2149] Script system error!
  Error: create_artifact effect [ Invalid artifact template 'vs_blackfyre_template' ]
  Script location: file: common/scripted_effects/00_agot_artifact_vs_sword_effects_override.txt line: 13 (agot_create_artifact_vs_blackfyre_effect[args#979117111])
[08:54:35][jomini_script_system.cpp:303] [original line 2153] Script system error!
  Error: create_artifact effect [ Invalid artifact template 'vs_blackfyre_template' ]
  Script location: file: common/scripted_effects/00_agot_artifact_vs_sword_effects_override.txt line: 31 (agot_create_artifact_vs_blackfyre_effect[args#979117111])
[08:54:35][jomini_script_system.cpp:303] [original line 2157] Script system error!
  Error: create_artifact effect [ Invalid artifact template 'vs_pincer_template' ]
  Script location: file: common/scripted_effects/00_agot_artifact_vs_sword_effects_override.txt line: 604 (agot_create_artifact_vs_pincer_effect[args#979117111])
[08:54:35][jomini_script_system.cpp:303] [original line 2161] Script system error!
  Error: create_artifact effect [ Invalid artifact template 'vs_pincer_template' ]
  Script location: file: common/scripted_effects/00_agot_artifact_vs_sword_effects_override.txt line: 630 (agot_create_artifact_vs_pincer_effect[args#979117111])
[08:54:35][jomini_script_system.cpp:303] [original line 2165] Script system error!
  Error: create_artifact effect [ Invalid artifact template 'vs_seafoam_template' ]
  Script location: file: common/scripted_effects/00_agot_artifact_vs_sword_effects_override.txt line: 455 (agot_create_artifact_vs_seafoam_effect[args#979117111])
[08:54:35][jomini_script_system.cpp:303] [original line 2169] Script system error!
  Error: create_artifact effect [ Invalid artifact template 'vs_seafoam_template' ]
  Script location: file: common/scripted_effects/00_agot_artifact_vs_sword_effects_override.txt line: 475 (agot_create_artifact_vs_seafoam_effect[args#979117111])
[08:54:35][jomini_script_system.cpp:303] [original line 2173] Script system error!
  Error: create_artifact effect [ Invalid artifact template 'vs_seafoam_template' ]
  Script location: file: common/scripted_effects/00_agot_artifact_vs_sword_effects_override.txt line: 455 (agot_create_artifact_vs_seafoam_effect[args#2425720076])
[08:54:35][jomini_script_system.cpp:303] [original line 2177] Script system error!
  Error: create_artifact effect [ Invalid artifact template 'vs_seafoam_template' ]
  Script location: file: common/scripted_effects/00_agot_artifact_vs_sword_effects_override.txt line: 475 (agot_create_artifact_vs_seafoam_effect[args#2425720076])
[08:54:35][jomini_script_system.cpp:303] [original line 2181] Script system error!
  Error: create_artifact effect [ Invalid artifact template 'vs_pincer_template' ]
  Script location: file: common/scripted_effects/00_agot_artifact_vs_sword_effects_override.txt line: 604 (agot_create_artifact_vs_pincer_effect[args#2425720076])
[08:54:35][jomini_script_system.cpp:303] [original line 2185] Script system error!
  Error: create_artifact effect [ Invalid artifact template 'vs_pincer_template' ]
  Script location: file: common/scripted_effects/00_agot_artifact_vs_sword_effects_override.txt line: 630 (agot_create_artifact_vs_pincer_effect[args#2425720076])
[08:54:35][jomini_script_system.cpp:303] [original line 2189] Script system error!
  Error: create_artifact effect [ Invalid artifact template 'vs_blackfyre_template' ]
  Script location: file: common/scripted_effects/00_agot_artifact_vs_sword_effects_override.txt line: 13 (agot_create_artifact_vs_blackfyre_effect[args#2425720076])
[08:54:35][jomini_script_system.cpp:303] [original line 2193] Script system error!
  Error: create_artifact effect [ Invalid artifact template 'vs_blackfyre_template' ]
  Script location: file: common/scripted_effects/00_agot_artifact_vs_sword_effects_override.txt line: 31 (agot_create_artifact_vs_blackfyre_effect[args#2425720076])
[08:54:35][jomini_script_system.cpp:303] [original line 2197] Script system error!
  Error: set_culture_pillar effect [ Invalid database object 'language_agot_lhazaar' ]
  Script location: file: common/scripted_guis/DI_cultural_editor_pillars_sgui.txt line: 620 (DI_language_agot_lhazaar_sgui:effect)
[08:54:35][jomini_effect.cpp:139] [original line 2201] PostValidate of effect 'set_culture_pillar' returned false at file: common/scripted_guis/DI_cultural_editor_pillars_sgui.txt line: 620 (DI_language_agot_lhazaar_sgui:effect)
[08:54:35][jomini_script_system.cpp:303] [original line 2202] Script system error!
  Error: add_innovation effect [ target: Not found in database class CCultureInnovationTypeDatabase ]
  Script location: file: common/character_interactions/DI_character_interaction.txt line: 4616 (DI_change_succession:on_accept)
[08:54:35][jomini_effect.cpp:139] [original line 2206] PostValidate of effect 'add_innovation' returned false at file: common/character_interactions/DI_character_interaction.txt line: 4616 (DI_change_succession:on_accept)
[08:54:35][jomini_script_system.cpp:303] [original line 2207] Script system error!
  Error: add_innovation effect [ target: Not found in database class CCultureInnovationTypeDatabase ]
  Script location: file: common/character_interactions/DI_character_interaction.txt line: 4631 (DI_change_succession:on_accept)
[08:54:35][jomini_effect.cpp:139] [original line 2211] PostValidate of effect 'add_innovation' returned false at file: common/character_interactions/DI_character_interaction.txt line: 4631 (DI_change_succession:on_accept)
[08:54:35][jomini_script_system.cpp:303] [original line 2212] Script system error!
  Error: add_building effect [ Invalid database object 'common_trade_03' ]
  Script location: file: common/on_action/cowagot_province_on_actions.txt line: 174 (set_provinces_on_actions)
[08:54:35][jomini_effect.cpp:139] [original line 2216] PostValidate of effect 'add_building' returned false at file: common/on_action/cowagot_province_on_actions.txt line: 174 (set_provinces_on_actions)
[08:54:35][jomini_script_system.cpp:303] [original line 2217] Script system error!
  Error: remove_building effect [ Invalid database object 'ironwood_01' ]
  Script location: file: common/on_action/cowagot_province_on_actions.txt line: 214 (set_provinces_on_actions)
[08:54:35][jomini_effect.cpp:139] [original line 2221] PostValidate of effect 'remove_building' returned false at file: common/on_action/cowagot_province_on_actions.txt line: 214 (set_provinces_on_actions)
[08:54:35][jomini_script_system.cpp:303] [original line 2222] Script system error!
  Error: add_special_building_slot effect [ Invalid database object 'bearisland_01' ]
  Script location: file: common/on_action/cowagot_province_on_actions.txt line: 273 (set_provinces_on_actions)
[08:54:35][jomini_effect.cpp:139] [original line 2226] PostValidate of effect 'add_special_building_slot' returned false at file: common/on_action/cowagot_province_on_actions.txt line: 273 (set_provinces_on_actions)
[08:54:35][jomini_script_system.cpp:303] [original line 2227] Script system error!
  Error: add_special_building effect [ Invalid database object 'bearisland_01' ]
  Script location: file: common/on_action/cowagot_province_on_actions.txt line: 274 (set_provinces_on_actions)
[08:54:35][jomini_effect.cpp:139] [original line 2231] PostValidate of effect 'add_special_building' returned false at file: common/on_action/cowagot_province_on_actions.txt line: 274 (set_provinces_on_actions)
[08:54:35][jomini_script_system.cpp:303] [original line 2232] Script system error!
  Error: add_special_building_slot effect [ Invalid database object 'harlaw_mines_01' ]
  Script location: file: common/on_action/cowagot_province_on_actions.txt line: 335 (harlaw_building_check_on_actions)
[08:54:35][jomini_effect.cpp:139] [original line 2236] PostValidate of effect 'add_special_building_slot' returned false at file: common/on_action/cowagot_province_on_actions.txt line: 335 (harlaw_building_check_on_actions)
[08:54:35][jomini_script_system.cpp:303] [original line 2237] Script system error!
  Error: learn_language effect [ Invalid database object 'language_arabic' ]
  Script location: file: common/scripted_effects/DI_court_position_spawner_overrides.txt line: 14 (DI_court_position_post_spawn_effect[args#2101251318])
[08:54:35][jomini_effect.cpp:139] [original line 2241] PostValidate of effect 'learn_language' returned false at file: common/scripted_effects/DI_court_position_spawner_overrides.txt line: 14 (DI_court_position_post_spawn_effect[args#2101251318])
[08:54:35][jomini_script_system.cpp:303] [original line 2242] Script system error!
  Error: learn_language effect [ Invalid database object 'language_greek' ]
  Script location: file: common/scripted_effects/DI_court_position_spawner_overrides.txt line: 15 (DI_court_position_post_spawn_effect[args#2101251318])
[08:54:35][jomini_effect.cpp:139] [original line 2246] PostValidate of effect 'learn_language' returned false at file: common/scripted_effects/DI_court_position_spawner_overrides.txt line: 15 (DI_court_position_post_spawn_effect[args#2101251318])
[08:54:35][jomini_script_system.cpp:303] [original line 2247] Script system error!
  Error: learn_language effect [ Invalid database object 'language_norse' ]
  Script location: file: common/scripted_effects/DI_court_position_spawner_overrides.txt line: 17 (DI_court_position_post_spawn_effect[args#2101251318])
[08:54:35][jomini_effect.cpp:139] [original line 2251] PostValidate of effect 'learn_language' returned false at file: common/scripted_effects/DI_court_position_spawner_overrides.txt line: 17 (DI_court_position_post_spawn_effect[args#2101251318])
[08:54:35][jomini_script_system.cpp:303] [original line 2252] Script system error!
  Error: learn_language effect [ Invalid database object 'language_latin' ]
  Script location: file: common/scripted_effects/DI_court_position_spawner_overrides.txt line: 16 (DI_court_position_post_spawn_effect[args#2101251318])
[08:54:35][jomini_effect.cpp:139] [original line 2256] PostValidate of effect 'learn_language' returned false at file: common/scripted_effects/DI_court_position_spawner_overrides.txt line: 16 (DI_court_position_post_spawn_effect[args#2101251318])
[08:54:35][jomini_script_system.cpp:303] [original line 2257] Script system error!
  Error: learn_language effect [ Invalid database object 'language_arabic' ]
  Script location: file: common/scripted_effects/DI_court_position_spawner_overrides.txt line: 26 (DI_court_position_post_spawn_effect[args#2101251318])
[08:54:35][jomini_effect.cpp:139] [original line 2261] PostValidate of effect 'learn_language' returned false at file: common/scripted_effects/DI_court_position_spawner_overrides.txt line: 26 (DI_court_position_post_spawn_effect[args#2101251318])
[08:54:35][jomini_script_system.cpp:303] [original line 2262] Script system error!
  Error: learn_language effect [ Invalid database object 'language_greek' ]
  Script location: file: common/scripted_effects/DI_court_position_spawner_overrides.txt line: 27 (DI_court_position_post_spawn_effect[args#2101251318])
[08:54:35][jomini_effect.cpp:139] [original line 2266] PostValidate of effect 'learn_language' returned false at file: common/scripted_effects/DI_court_position_spawner_overrides.txt line: 27 (DI_court_position_post_spawn_effect[args#2101251318])
[08:54:35][jomini_script_system.cpp:303] [original line 2267] Script system error!
  Error: learn_language effect [ Invalid database object 'language_latin' ]
  Script location: file: common/scripted_effects/DI_court_position_spawner_overrides.txt line: 28 (DI_court_position_post_spawn_effect[args#2101251318])
[08:54:35][jomini_effect.cpp:139] [original line 2271] PostValidate of effect 'learn_language' returned false at file: common/scripted_effects/DI_court_position_spawner_overrides.txt line: 28 (DI_court_position_post_spawn_effect[args#2101251318])
[08:54:35][jomini_script_system.cpp:303] [original line 2272] Script system error!
  Error: learn_language effect [ Invalid database object 'language_norse' ]
  Script location: file: common/scripted_effects/DI_court_position_spawner_overrides.txt line: 29 (DI_court_position_post_spawn_effect[args#2101251318])
[08:54:35][jomini_effect.cpp:139] [original line 2276] PostValidate of effect 'learn_language' returned false at file: common/scripted_effects/DI_court_position_spawner_overrides.txt line: 29 (DI_court_position_post_spawn_effect[args#2101251318])
[08:54:35][jomini_script_system.cpp:303] [original line 2277] Script system error!
  Error: add_trait effect [ target: Not found in database class CTraitDatabase ]
  Script location: file: common/scripted_effects/DI_present_effects.txt line: 20 (DI_personality_trait_randomizer_effect)
[08:54:35][jomini_effect.cpp:139] [original line 2281] PostValidate of effect 'add_trait' returned false at file: common/scripted_effects/DI_present_effects.txt line: 20 (DI_personality_trait_randomizer_effect)
[08:54:35][jomini_script_system.cpp:303] [original line 2282] Script system error!
  Error: add_trait effect [ target: Not found in database class CTraitDatabase ]
  Script location: file: common/scripted_effects/DI_present_effects.txt line: 21 (DI_personality_trait_randomizer_effect)
[08:54:35][jomini_effect.cpp:139] [original line 2286] PostValidate of effect 'add_trait' returned false at file: common/scripted_effects/DI_present_effects.txt line: 21 (DI_personality_trait_randomizer_effect)
[08:54:35][jomini_script_system.cpp:303] [original line 2287] Script system error!
  Error: remove_trait effect [ target: Not found in database class CTraitDatabase ]
  Script location: file: common/scripted_effects/DI_present_effects.txt line: 85 (DI_clear_personality_traits_effect)
[08:54:35][jomini_effect.cpp:139] [original line 2291] PostValidate of effect 'remove_trait' returned false at file: common/scripted_effects/DI_present_effects.txt line: 85 (DI_clear_personality_traits_effect)
[08:54:35][jomini_script_system.cpp:303] [original line 2292] Script system error!
  Error: remove_trait effect [ target: Not found in database class CTraitDatabase ]
  Script location: file: common/scripted_effects/DI_present_effects.txt line: 86 (DI_clear_personality_traits_effect)
[08:54:35][jomini_effect.cpp:139] [original line 2296] PostValidate of effect 'remove_trait' returned false at file: common/scripted_effects/DI_present_effects.txt line: 86 (DI_clear_personality_traits_effect)
[08:54:35][pdx_persistent_reader.cpp:216] [original line 2297] Error: "Unknown modifier type: bond_with_dragon_scheme_success_chance_add, near line: 17
Unknown modifier type: bond_with_dragon_scheme_scheme_success_chance_add, near line: 24" in file: "common/modifier_definition_formats/agot_scheme_definitions.txt" near line: 29
[08:54:35][jomini_script_system.cpp:303] [original line 2299] Script system error!
  Error: has_trait trigger [ Cannot find honorable in trait database ]
  Script location: file: common/scripted_effects/DI_present_effects.txt line: 85 (DI_clear_personality_traits_effect)
[08:54:35][jomini_script_system.cpp:303] [original line 2303] Script system error!
  Error: has_trait trigger [ Cannot find ruthless in trait database ]
  Script location: file: common/scripted_effects/DI_present_effects.txt line: 86 (DI_clear_personality_traits_effect)
[08:54:35][jomini_script_system.cpp:303] [original line 2307] Script system error!
  Error: has_game_rule trigger [ Invalid database object 'show_armor_enabled' ]
  Script location: file: gfx/portraits/portrait_modifiers/01_cloaks_base.txt line: 1333 (cloaks:weight)
[08:54:35][jomini_trigger.cpp:243] [original line 2311] PostValidate of trigger 'has_game_rule' returned false at file: gfx/portraits/portrait_modifiers/01_cloaks_base.txt line: 1333 (cloaks:weight)
[08:54:35][jomini_script_system.cpp:303] [original line 2312] Script system error!
  Error: has_game_rule trigger [ Invalid database object 'show_armor_enabled' ]
  Script location: file: gfx/portraits/portrait_modifiers/01_cloaks_base.txt line: 1338 (cloaks:weight)
[08:54:35][jomini_trigger.cpp:243] [original line 2316] PostValidate of trigger 'has_game_rule' returned false at file: gfx/portraits/portrait_modifiers/01_cloaks_base.txt line: 1338 (cloaks:weight)
[08:54:35][jomini_script_system.cpp:303] [original line 2317] Script system error!
  Error: has_game_rule trigger [ Invalid database object 'show_armor_enabled' ]
  Script location: file: gfx/portraits/portrait_modifiers/01_cloaks_base.txt line: 1642 (cloaks:weight)
[08:54:35][jomini_trigger.cpp:243] [original line 2321] PostValidate of trigger 'has_game_rule' returned false at file: gfx/portraits/portrait_modifiers/01_cloaks_base.txt line: 1642 (cloaks:weight)
[08:54:35][jomini_script_system.cpp:303] [original line 2322] Script system error!
  Error: has_game_rule trigger [ Invalid database object 'show_armor_enabled' ]
  Script location: file: gfx/portraits/portrait_modifiers/01_cloaks_base.txt line: 1684 (cloaks:weight)
[08:54:35][jomini_trigger.cpp:243] [original line 2326] PostValidate of trigger 'has_game_rule' returned false at file: gfx/portraits/portrait_modifiers/01_cloaks_base.txt line: 1684 (cloaks:weight)
[08:54:35][jomini_script_system.cpp:303] [original line 2327] Script system error!
  Error: has_game_rule trigger [ Invalid database object 'show_armor_enabled' ]
  Script location: file: gfx/portraits/portrait_modifiers/01_legwear_base.txt line: 871 (legwear:weight)
[08:54:35][jomini_trigger.cpp:243] [original line 2331] PostValidate of trigger 'has_game_rule' returned false at file: gfx/portraits/portrait_modifiers/01_legwear_base.txt line: 871 (legwear:weight)
[08:54:35][jomini_script_system.cpp:303] [original line 2332] Script system error!
  Error: has_game_rule trigger [ Invalid database object 'show_armor_enabled' ]
  Script location: file: gfx/portraits/portrait_modifiers/01_legwear_base.txt line: 898 (legwear:weight)
[08:54:35][jomini_trigger.cpp:243] [original line 2336] PostValidate of trigger 'has_game_rule' returned false at file: gfx/portraits/portrait_modifiers/01_legwear_base.txt line: 898 (legwear:weight)
[08:54:35][jomini_script_system.cpp:303] [original line 2337] Script system error!
  Error: has_game_rule trigger [ Invalid database object 'show_armor_enabled' ]
  Script location: file: gfx/portraits/portrait_modifiers/01_legwear_base.txt line: 937 (legwear:weight)
[08:54:35][jomini_trigger.cpp:243] [original line 2341] PostValidate of trigger 'has_game_rule' returned false at file: gfx/portraits/portrait_modifiers/01_legwear_base.txt line: 937 (legwear:weight)
[08:54:35][jomini_script_system.cpp:303] [original line 2342] Script system error!
  Error: has_game_rule trigger [ Invalid database object 'show_armor_enabled' ]
  Script location: file: gfx/portraits/portrait_modifiers/05_clothes_situational.txt line: 616 (clothes_situational:weight)
[08:54:35][jomini_trigger.cpp:243] [original line 2346] PostValidate of trigger 'has_game_rule' returned false at file: gfx/portraits/portrait_modifiers/05_clothes_situational.txt line: 616 (clothes_situational:weight)
[08:54:35][jomini_script_system.cpp:303] [original line 2347] Script system error!
  Error: has_game_rule trigger [ Invalid database object 'show_armor_enabled' ]
  Script location: file: gfx/portraits/portrait_modifiers/05_clothes_situational.txt line: 1062 (clothes_situational:weight)
[08:54:35][jomini_trigger.cpp:243] [original line 2351] PostValidate of trigger 'has_game_rule' returned false at file: gfx/portraits/portrait_modifiers/05_clothes_situational.txt line: 1062 (clothes_situational:weight)
[08:54:35][jomini_script_system.cpp:303] [original line 2352] Script system error!
  Error: has_game_rule trigger [ Invalid database object 'show_armor_enabled' ]
  Script location: file: gfx/portraits/portrait_modifiers/05_clothes_situational.txt line: 1109 (clothes_situational:weight)
[08:54:35][jomini_trigger.cpp:243] [original line 2356] PostValidate of trigger 'has_game_rule' returned false at file: gfx/portraits/portrait_modifiers/05_clothes_situational.txt line: 1109 (clothes_situational:weight)
[08:54:35][jomini_script_system.cpp:303] [original line 2357] Script system error!
  Error: has_game_rule trigger [ Invalid database object 'show_armor_enabled' ]
  Script location: file: gfx/portraits/portrait_modifiers/05_clothes_situational.txt line: 1158 (clothes_situational:weight)
[08:54:35][jomini_trigger.cpp:243] [original line 2361] PostValidate of trigger 'has_game_rule' returned false at file: gfx/portraits/portrait_modifiers/05_clothes_situational.txt line: 1158 (clothes_situational:weight)
[08:54:35][jomini_script_system.cpp:303] [original line 2362] Script system error!
  Error: has_game_rule trigger [ Invalid database object 'show_armor_enabled' ]
  Script location: file: gfx/portraits/portrait_modifiers/05_clothes_situational.txt line: 1202 (clothes_situational:weight)
[08:54:35][jomini_trigger.cpp:243] [original line 2366] PostValidate of trigger 'has_game_rule' returned false at file: gfx/portraits/portrait_modifiers/05_clothes_situational.txt line: 1202 (clothes_situational:weight)
[08:54:35][jomini_script_system.cpp:303] [original line 2367] Script system error!
  Error: has_game_rule trigger [ Invalid database object 'show_armor_enabled' ]
  Script location: file: gfx/portraits/portrait_modifiers/05_clothes_situational.txt line: 1248 (clothes_situational:weight)
[08:54:35][jomini_trigger.cpp:243] [original line 2371] PostValidate of trigger 'has_game_rule' returned false at file: gfx/portraits/portrait_modifiers/05_clothes_situational.txt line: 1248 (clothes_situational:weight)
[08:54:35][jomini_script_system.cpp:303] [original line 2372] Script system error!
  Error: has_game_rule trigger [ Invalid database object 'show_armor_enabled' ]
  Script location: file: gfx/portraits/portrait_modifiers/05_clothes_situational.txt line: 1292 (clothes_situational:weight)
[08:54:35][jomini_trigger.cpp:243] [original line 2376] PostValidate of trigger 'has_game_rule' returned false at file: gfx/portraits/portrait_modifiers/05_clothes_situational.txt line: 1292 (clothes_situational:weight)
[08:54:35][jomini_script_system.cpp:303] [original line 2377] Script system error!
  Error: has_game_rule trigger [ Invalid database object 'show_armor_enabled' ]
  Script location: file: gfx/portraits/portrait_modifiers/05_clothes_situational.txt line: 1338 (clothes_situational:weight)
[08:54:35][jomini_trigger.cpp:243] [original line 2381] PostValidate of trigger 'has_game_rule' returned false at file: gfx/portraits/portrait_modifiers/05_clothes_situational.txt line: 1338 (clothes_situational:weight)
[08:54:35][jomini_script_system.cpp:303] [original line 2382] Script system error!
  Error: has_game_rule trigger [ Invalid database object 'show_armor_enabled' ]
  Script location: file: gfx/portraits/portrait_modifiers/05_clothes_situational.txt line: 1382 (clothes_situational:weight)
[08:54:35][jomini_trigger.cpp:243] [original line 2386] PostValidate of trigger 'has_game_rule' returned false at file: gfx/portraits/portrait_modifiers/05_clothes_situational.txt line: 1382 (clothes_situational:weight)
[08:54:35][jomini_script_system.cpp:303] [original line 2387] Script system error!
  Error: has_game_rule trigger [ Invalid database object 'show_armor_enabled' ]
  Script location: file: gfx/portraits/portrait_modifiers/05_clothes_situational.txt line: 1428 (clothes_situational:weight)
[08:54:35][jomini_trigger.cpp:243] [original line 2391] PostValidate of trigger 'has_game_rule' returned false at file: gfx/portraits/portrait_modifiers/05_clothes_situational.txt line: 1428 (clothes_situational:weight)
[08:54:35][jomini_script_system.cpp:303] [original line 2392] Script system error!
  Error: has_game_rule trigger [ Invalid database object 'show_armor_enabled' ]
  Script location: file: gfx/portraits/portrait_modifiers/05_clothes_situational.txt line: 1472 (clothes_situational:weight)
[08:54:35][jomini_trigger.cpp:243] [original line 2396] PostValidate of trigger 'has_game_rule' returned false at file: gfx/portraits/portrait_modifiers/05_clothes_situational.txt line: 1472 (clothes_situational:weight)
[08:54:35][jomini_script_system.cpp:303] [original line 2397] Script system error!
  Error: has_game_rule trigger [ Invalid database object 'show_armor_enabled' ]
  Script location: file: gfx/portraits/portrait_modifiers/05_clothes_situational.txt line: 1518 (clothes_situational:weight)
[08:54:35][jomini_trigger.cpp:243] [original line 2401] PostValidate of trigger 'has_game_rule' returned false at file: gfx/portraits/portrait_modifiers/05_clothes_situational.txt line: 1518 (clothes_situational:weight)
[08:54:35][jomini_script_system.cpp:303] [original line 2402] Script system error!
  Error: has_game_rule trigger [ Invalid database object 'show_armor_enabled' ]
  Script location: file: gfx/portraits/portrait_modifiers/05_clothes_situational.txt line: 1562 (clothes_situational:weight)
[08:54:35][jomini_trigger.cpp:243] [original line 2406] PostValidate of trigger 'has_game_rule' returned false at file: gfx/portraits/portrait_modifiers/05_clothes_situational.txt line: 1562 (clothes_situational:weight)
[08:54:35][jomini_script_system.cpp:303] [original line 2407] Script system error!
  Error: has_game_rule trigger [ Invalid database object 'show_armor_enabled' ]
  Script location: file: gfx/portraits/portrait_modifiers/05_headgear_situational.txt line: 338 (headgear_situational:weight)
[08:54:35][jomini_trigger.cpp:243] [original line 2411] PostValidate of trigger 'has_game_rule' returned false at file: gfx/portraits/portrait_modifiers/05_headgear_situational.txt line: 338 (headgear_situational:weight)
[08:54:35][jomini_script_system.cpp:303] [original line 2412] Script system error!
  Error: has_game_rule trigger [ Invalid database object 'show_armor_enabled' ]
  Script location: file: gfx/portraits/portrait_modifiers/05_headgear_situational.txt line: 395 (headgear_situational:weight)
[08:54:35][jomini_trigger.cpp:243] [original line 2416] PostValidate of trigger 'has_game_rule' returned false at file: gfx/portraits/portrait_modifiers/05_headgear_situational.txt line: 395 (headgear_situational:weight)
[08:54:35][jomini_script_system.cpp:303] [original line 2417] Script system error!
  Error: has_game_rule trigger [ Invalid database object 'show_armor_enabled' ]
  Script location: file: gfx/portraits/portrait_modifiers/05_headgear_situational.txt line: 3127 (headgear_situational:weight)
[08:54:35][jomini_trigger.cpp:243] [original line 2421] PostValidate of trigger 'has_game_rule' returned false at file: gfx/portraits/portrait_modifiers/05_headgear_situational.txt line: 3127 (headgear_situational:weight)
[08:54:35][jomini_script_system.cpp:303] [original line 2422] Script system error!
  Error: has_game_rule trigger [ Invalid database object 'show_armor_enabled' ]
  Script location: file: gfx/portraits/portrait_modifiers/05_headgear_situational.txt line: 3174 (headgear_situational:weight)
[08:54:35][jomini_trigger.cpp:243] [original line 2426] PostValidate of trigger 'has_game_rule' returned false at file: gfx/portraits/portrait_modifiers/05_headgear_situational.txt line: 3174 (headgear_situational:weight)
[08:54:35][jomini_script_system.cpp:303] [original line 2427] Script system error!
  Error: has_game_rule trigger [ Invalid database object 'show_armor_enabled' ]
  Script location: file: gfx/portraits/portrait_modifiers/05_headgear_situational.txt line: 3222 (headgear_situational:weight)
[08:54:35][jomini_trigger.cpp:243] [original line 2431] PostValidate of trigger 'has_game_rule' returned false at file: gfx/portraits/portrait_modifiers/05_headgear_situational.txt line: 3222 (headgear_situational:weight)
[08:54:35][jomini_script_system.cpp:303] [original line 2432] Script system error!
  Error: has_game_rule trigger [ Invalid database object 'show_armor_enabled' ]
  Script location: file: gfx/portraits/portrait_modifiers/05_headgear_situational.txt line: 3266 (headgear_situational:weight)
[08:54:35][jomini_trigger.cpp:243] [original line 2436] PostValidate of trigger 'has_game_rule' returned false at file: gfx/portraits/portrait_modifiers/05_headgear_situational.txt line: 3266 (headgear_situational:weight)
[08:54:35][jomini_script_system.cpp:303] [original line 2437] Script system error!
  Error: has_game_rule trigger [ Invalid database object 'show_armor_enabled' ]
  Script location: file: gfx/portraits/portrait_modifiers/05_headgear_situational.txt line: 3310 (headgear_situational:weight)
[08:54:35][jomini_trigger.cpp:243] [original line 2441] PostValidate of trigger 'has_game_rule' returned false at file: gfx/portraits/portrait_modifiers/05_headgear_situational.txt line: 3310 (headgear_situational:weight)
[08:54:35][jomini_script_system.cpp:303] [original line 2442] Script system error!
  Error: has_game_rule trigger [ Invalid database object 'show_armor_enabled' ]
  Script location: file: gfx/portraits/portrait_modifiers/05_headgear_situational.txt line: 3355 (headgear_situational:weight)
[08:54:35][jomini_trigger.cpp:243] [original line 2446] PostValidate of trigger 'has_game_rule' returned false at file: gfx/portraits/portrait_modifiers/05_headgear_situational.txt line: 3355 (headgear_situational:weight)
[08:54:35][jomini_script_system.cpp:303] [original line 2447] Script system error!
  Error: is_struggle_type trigger [ Invalid database object 'persian_struggle' ]
  Script location: file: common/character_interactions/DI_character_interaction.txt line: 1415 (DI_arrange_marriage_interaction:is_shown)
[08:54:35][jomini_trigger.cpp:243] [original line 2451] PostValidate of trigger 'is_struggle_type' returned false at file: common/character_interactions/DI_character_interaction.txt line: 1415 (DI_arrange_marriage_interaction:is_shown)
[08:54:35][jomini_script_system.cpp:303] [original line 2452] Script system error!
  Error: has_struggle_phase_parameter trigger [ Bool phase parameter 'can_trade_piety_for_marriage_acceptance' does not exist ]
  Script location: file: common/character_interactions/DI_character_interaction.txt line: 1416 (DI_arrange_marriage_interaction:is_shown)
[08:54:35][jomini_trigger.cpp:243] [original line 2456] PostValidate of trigger 'has_struggle_phase_parameter' returned false at file: common/character_interactions/DI_character_interaction.txt line: 1416 (DI_arrange_marriage_interaction:is_shown)
[08:54:35][jomini_script_system.cpp:303] [original line 2457] Script system error!
  Error: is_struggle_type trigger [ Invalid database object 'persian_struggle' ]
  Script location: file: common/character_interactions/DI_character_interaction.txt line: 1424 (DI_arrange_marriage_interaction:is_valid)
[08:54:35][jomini_trigger.cpp:243] [original line 2461] PostValidate of trigger 'is_struggle_type' returned false at file: common/character_interactions/DI_character_interaction.txt line: 1424 (DI_arrange_marriage_interaction:is_valid)
[08:54:35][jomini_script_system.cpp:303] [original line 2462] Script system error!
  Error: is_struggle_type trigger [ Invalid database object 'persian_struggle' ]
  Script location: file: common/character_interactions/DI_character_interaction.txt line: 1430 (DI_arrange_marriage_interaction:is_valid)
[08:54:35][jomini_trigger.cpp:243] [original line 2466] PostValidate of trigger 'is_struggle_type' returned false at file: common/character_interactions/DI_character_interaction.txt line: 1430 (DI_arrange_marriage_interaction:is_valid)
[08:54:35][jomini_script_system.cpp:303] [original line 2467] Script system error!
  Error: has_game_rule trigger [ Invalid database object 'agot_shatter_empires' ]
  Script location: file: common/on_action/ntc_artifacts_startdate.txt line: 128 (ntc_artifact_shattered_kingdoms)
[08:54:35][jomini_trigger.cpp:243] [original line 2471] PostValidate of trigger 'has_game_rule' returned false at file: common/on_action/ntc_artifacts_startdate.txt line: 128 (ntc_artifact_shattered_kingdoms)
[08:54:35][jomini_script_system.cpp:303] [original line 2472] Script system error!
  Error: is_in_family trigger [ Invalid database object 'rf_abrahamic' ]
  Script location: file: common/scripted_effects/DI_char_spawner_effects.txt line: 1464 (DI_char_spawner_resolve_origin_effect)
[08:54:35][jomini_trigger.cpp:243] [original line 2476] PostValidate of trigger 'is_in_family' returned false at file: common/scripted_effects/DI_char_spawner_effects.txt line: 1464 (DI_char_spawner_resolve_origin_effect)
[08:54:35][jomini_script_system.cpp:303] [original line 2477] Script system error!
  Error: is_in_family trigger [ Invalid database object 'rf_abrahamic' ]
  Script location: file: common/scripted_effects/DI_char_spawner_effects.txt line: 1466 (DI_char_spawner_resolve_origin_effect)
[08:54:35][jomini_trigger.cpp:243] [original line 2481] PostValidate of trigger 'is_in_family' returned false at file: common/scripted_effects/DI_char_spawner_effects.txt line: 1466 (DI_char_spawner_resolve_origin_effect)
[08:54:35][jomini_script_system.cpp:303] [original line 2482] Script system error!
  Error: is_in_family trigger [ Invalid database object 'rf_eastern' ]
  Script location: file: common/scripted_effects/DI_char_spawner_effects.txt line: 1470 (DI_char_spawner_resolve_origin_effect)
[08:54:35][jomini_trigger.cpp:243] [original line 2486] PostValidate of trigger 'is_in_family' returned false at file: common/scripted_effects/DI_char_spawner_effects.txt line: 1470 (DI_char_spawner_resolve_origin_effect)
[08:54:35][jomini_script_system.cpp:303] [original line 2487] Script system error!
  Error: is_in_family trigger [ Invalid database object 'rf_eastern' ]
  Script location: file: common/scripted_effects/DI_char_spawner_effects.txt line: 1472 (DI_char_spawner_resolve_origin_effect)
[08:54:35][jomini_trigger.cpp:243] [original line 2491] PostValidate of trigger 'is_in_family' returned false at file: common/scripted_effects/DI_char_spawner_effects.txt line: 1472 (DI_char_spawner_resolve_origin_effect)
[08:54:35][jomini_script_system.cpp:303] [original line 2492] Script system error!
  Error: is_in_family trigger [ Invalid database object 'rf_sinitic' ]
  Script location: file: common/scripted_effects/DI_char_spawner_effects.txt line: 1476 (DI_char_spawner_resolve_origin_effect)
[08:54:35][jomini_trigger.cpp:243] [original line 2496] PostValidate of trigger 'is_in_family' returned false at file: common/scripted_effects/DI_char_spawner_effects.txt line: 1476 (DI_char_spawner_resolve_origin_effect)
[08:54:35][jomini_script_system.cpp:303] [original line 2497] Script system error!
  Error: is_in_family trigger [ Invalid database object 'rf_sinitic' ]
  Script location: file: common/scripted_effects/DI_char_spawner_effects.txt line: 1478 (DI_char_spawner_resolve_origin_effect)
[08:54:35][jomini_trigger.cpp:243] [original line 2501] PostValidate of trigger 'is_in_family' returned false at file: common/scripted_effects/DI_char_spawner_effects.txt line: 1478 (DI_char_spawner_resolve_origin_effect)
[08:54:35][jomini_script_system.cpp:303] [original line 2502] Script system error!
  Error: is_in_family trigger [ Invalid database object 'rf_pagan' ]
  Script location: file: common/scripted_effects/DI_char_spawner_effects.txt line: 1482 (DI_char_spawner_resolve_origin_effect)
[08:54:35][jomini_trigger.cpp:243] [original line 2506] PostValidate of trigger 'is_in_family' returned false at file: common/scripted_effects/DI_char_spawner_effects.txt line: 1482 (DI_char_spawner_resolve_origin_effect)
[08:54:35][jomini_script_system.cpp:303] [original line 2507] Script system error!
  Error: is_in_family trigger [ Invalid database object 'rf_pagan' ]
  Script location: file: common/scripted_effects/DI_char_spawner_effects.txt line: 1484 (DI_char_spawner_resolve_origin_effect)
[08:54:35][jomini_trigger.cpp:243] [original line 2511] PostValidate of trigger 'is_in_family' returned false at file: common/scripted_effects/DI_char_spawner_effects.txt line: 1484 (DI_char_spawner_resolve_origin_effect)
[08:54:35][jomini_script_system.cpp:303] [original line 2512] Script system error!
  Error: has_cultural_parameter trigger [ Bool culture parameter 'can_build_quarries_in_hills' does not exist ]
  Script location: file: common/scripted_triggers/cowagot_building_requirement_triggers.txt line: 12 (building_quarries_requirement_terrain)
[08:54:35][jomini_trigger.cpp:243] [original line 2516] PostValidate of trigger 'has_cultural_parameter' returned false at file: common/scripted_triggers/cowagot_building_requirement_triggers.txt line: 12 (building_quarries_requirement_terrain)
[08:54:35][jomini_script_system.cpp:303] [original line 2517] Script system error!
  Error: has_game_rule trigger [ Invalid database object 'tgc_enabled_enabled' ]
  Script location: file: common/scripted_triggers/tgc_loaded_trigger.txt line: 11 (tgc_standard_equipment_trigger)
[08:54:35][jomini_trigger.cpp:243] [original line 2521] PostValidate of trigger 'has_game_rule' returned false at file: common/scripted_triggers/tgc_loaded_trigger.txt line: 11 (tgc_standard_equipment_trigger)
[08:54:35][jomini_script_system.cpp:303] [original line 2522] Script system error!
  Error: has_game_rule trigger [ Invalid database object 'tgc_enabled_enabled' ]
  Script location: file: common/scripted_triggers/tgc_loaded_trigger.txt line: 59 (tgc_captain_equipment_trigger)
[08:54:35][jomini_trigger.cpp:243] [original line 2526] PostValidate of trigger 'has_game_rule' returned false at file: common/scripted_triggers/tgc_loaded_trigger.txt line: 59 (tgc_captain_equipment_trigger)
[08:54:35][jomini_script_system.cpp:303] [original line 2527] Script system error!
  Error: has_game_rule trigger [ Invalid database object 'tgc_enabled_enabled' ]
  Script location: file: common/scripted_triggers/tgc_loaded_trigger.txt line: 94 (tgc_blackfyre_or_targ_equipment_trigger)
[08:54:35][jomini_trigger.cpp:243] [original line 2531] PostValidate of trigger 'has_game_rule' returned false at file: common/scripted_triggers/tgc_loaded_trigger.txt line: 94 (tgc_blackfyre_or_targ_equipment_trigger)
[08:54:35][jomini_script_system.cpp:303] [original line 2532] Script system error!
  Error: has_game_rule trigger [ Invalid database object 'tgc_blackfyre_enabled' ]
  Script location: file: common/scripted_triggers/tgc_loaded_trigger.txt line: 104 (tgc_blackfyre_equipment_trigger)
[08:54:35][jomini_trigger.cpp:243] [original line 2536] PostValidate of trigger 'has_game_rule' returned false at file: common/scripted_triggers/tgc_loaded_trigger.txt line: 104 (tgc_blackfyre_equipment_trigger)
[08:54:35][jomini_script_system.cpp:303] [original line 2537] Script system error!
  Error: has_game_rule trigger [ Invalid database object 'tgc_faegon_enabled' ]
  Script location: file: common/scripted_triggers/tgc_loaded_trigger.txt line: 120 (tgc_blackfyre_equipment_trigger)
[08:54:35][jomini_trigger.cpp:243] [original line 2541] PostValidate of trigger 'has_game_rule' returned false at file: common/scripted_triggers/tgc_loaded_trigger.txt line: 120 (tgc_blackfyre_equipment_trigger)
[08:54:35][jomini_script_system.cpp:303] [original line 2542] Script system error!
  Error: has_game_rule trigger [ Invalid database object 'tgc_faegon_enabled' ]
  Script location: file: common/scripted_triggers/tgc_loaded_trigger.txt line: 140 (tgc_targaryen_equipment_trigger)
[08:54:35][jomini_trigger.cpp:243] [original line 2546] PostValidate of trigger 'has_game_rule' returned false at file: common/scripted_triggers/tgc_loaded_trigger.txt line: 140 (tgc_targaryen_equipment_trigger)
[08:54:35][jomini_script_system.cpp:303] [original line 2547] Script system error!
  Error: has_game_rule trigger [ Invalid database object 'tgc_enabled_enabled' ]
  Script location: file: common/scripted_triggers/tgc_loaded_trigger.txt line: 163 (tgc_blackfyre_house_equipment_trigger)
[08:54:35][jomini_trigger.cpp:243] [original line 2551] PostValidate of trigger 'has_game_rule' returned false at file: common/scripted_triggers/tgc_loaded_trigger.txt line: 163 (tgc_blackfyre_house_equipment_trigger)
[08:54:35][jomini_script_system.cpp:303] [original line 2552] Script system error!
  Error: has_game_rule trigger [ Invalid database object 'tgc_blackfyre_enabled' ]
  Script location: file: common/scripted_triggers/tgc_loaded_trigger.txt line: 164 (tgc_blackfyre_house_equipment_trigger)
[08:54:35][jomini_trigger.cpp:243] [original line 2556] PostValidate of trigger 'has_game_rule' returned false at file: common/scripted_triggers/tgc_loaded_trigger.txt line: 164 (tgc_blackfyre_house_equipment_trigger)
[08:54:35][jomini_effect.cpp:1161] [original line 2557] Flag 'settlement_holding' is used but is never set. Setting it in an unused scripted trigger or effect does not count
[08:54:35][jomini_effect.cpp:1161] [original line 2558] Flag 'pirate_den_holding' is used but is never set. Setting it in an unused scripted trigger or effect does not count
[08:54:35][jomini_effect.cpp:1161] [original line 2559] Flag 'wilderness_holding' is used but is never set. Setting it in an unused scripted trigger or effect does not count
[08:54:35][jomini_effect.cpp:1161] [original line 2560] Flag 'unknown_holding' is used but is never set. Setting it in an unused scripted trigger or effect does not count
[08:54:35][jomini_effect.cpp:1161] [original line 2561] Flag 'faegon' is used but is never set. Setting it in an unused scripted trigger or effect does not count
[08:54:35][jomini_effect.cpp:1161] [original line 2562] Flag 'blackDarkRed' is used but is never set. Setting it in an unused scripted trigger or effect does not count
[08:54:35][jomini_effect.cpp:1161] [original line 2563] Flag 'roland_crown' is used but is never set. Setting it in an unused scripted trigger or effect does not count
[08:54:35][jomini_effect.cpp:1161] [original line 2564] Flag 'dany' is used but is never set. Setting it in an unused scripted trigger or effect does not count
[08:54:35][jomini_effect.cpp:1161] [original line 2565] Flag 'ruin_holding' is used but is never set. Setting it in an unused scripted trigger or effect does not count
[08:54:35][jomini_effect.cpp:1161] [original line 2566] Flag 'monastery_holding' is used but is never set. Setting it in an unused scripted trigger or effect does not count
[08:54:35][jomini_effect.cpp:1161] [original line 2567] Flag 'viserys' is used but is never set. Setting it in an unused scripted trigger or effect does not count
[08:54:35][jomini_effect.cpp:1161] [original line 2568] Flag 'highlight_special_buildings_map' is used but is never set. Setting it in an unused scripted trigger or effect does not count
[08:54:35][jomini_effect.cpp:1161] [original line 2569] Flag 'iceFire' is used but is never set. Setting it in an unused scripted trigger or effect does not count
[08:54:35][jomini_effect.cpp:1145] [original line 2570] Flag 'global' is set but is never used. Note that use in localization doesn't count due to technical limitations. Use in unused scripted triggers and effects also does not count
[08:54:35][jomini_effect.cpp:1145] [original line 2571] Flag 'all_found' is set but is never used. Note that use in localization doesn't count due to technical limitations. Use in unused scripted triggers and effects also does not count
[08:54:35][jomini_effect.cpp:1145] [original line 2572] Flag 'highlight_cow_provinces_map' is set but is never used. Note that use in localization doesn't count due to technical limitations. Use in unused scripted triggers and effects also does not count
[08:54:35][jomini_effect.cpp:1145] [original line 2573] Flag 'DI_subtype_throne' is set but is never used. Note that use in localization doesn't count due to technical limitations. Use in unused scripted triggers and effects also does not count
[08:54:35][jomini_effect.cpp:1161] [original line 2574] Variable 'asoiaf_Stark_94_cc' is used but is never set. Setting it in an unused scripted trigger or effect does not count
[08:54:35][jomini_effect.cpp:1161] [original line 2575] Variable 'is_baratheon_6' is used but is never set. Setting it in an unused scripted trigger or effect does not count
[08:54:35][jomini_effect.cpp:1161] [original line 2576] Variable 'tgc_enabled' is used but is never set. Setting it in an unused scripted trigger or effect does not count
[08:54:35][jomini_effect.cpp:1161] [original line 2577] Variable 'asoiaf_Stark_103_cc' is used but is never set. Setting it in an unused scripted trigger or effect does not count
[08:54:35][jomini_effect.cpp:1161] [original line 2578] Variable 'asoiaf_Stark_88_cc' is used but is never set. Setting it in an unused scripted trigger or effect does not count
[08:54:35][jomini_effect.cpp:1161] [original line 2579] Variable 'asoiaf_Stark_102_cc' is used but is never set. Setting it in an unused scripted trigger or effect does not count
[08:54:35][jomini_effect.cpp:1161] [original line 2580] Variable 'Aotk_enabled' is used but is never set. Setting it in an unused scripted trigger or effect does not count
[08:54:35][jomini_effect.cpp:1161] [original line 2581] Variable 'seafoam' is used but is never set. Setting it in an unused scripted trigger or effect does not count
[08:54:35][jomini_effect.cpp:1161] [original line 2582] Variable 'captains_sword' is used but is never set. Setting it in an unused scripted trigger or effect does not count
[08:54:35][jomini_effect.cpp:1161] [original line 2583] Variable 'asoiaf_Stark_101_cc' is used but is never set. Setting it in an unused scripted trigger or effect does not count
[08:54:35][jomini_effect.cpp:1161] [original line 2584] Variable 'blackfyre' is used but is never set. Setting it in an unused scripted trigger or effect does not count
[08:54:35][jomini_effect.cpp:1161] [original line 2585] Variable 'asoiaf_Stark_8_cc' is used but is never set. Setting it in an unused scripted trigger or effect does not count
[08:54:35][jomini_effect.cpp:1161] [original line 2586] Variable 'asoiaf_Stark_84_cc' is used but is never set. Setting it in an unused scripted trigger or effect does not count
[08:54:35][jomini_effect.cpp:1161] [original line 2587] Variable 'asoiaf_Stark_87_cc' is used but is never set. Setting it in an unused scripted trigger or effect does not count
[08:54:35][jomini_effect.cpp:1161] [original line 2588] Variable 'brightboar_enabled' is used but is never set. Setting it in an unused scripted trigger or effect does not count
[08:54:35][jomini_effect.cpp:1161] [original line 2589] Variable 'asoiaf_Stark_7_cc' is used but is never set. Setting it in an unused scripted trigger or effect does not count
[08:54:35][jomini_effect.cpp:1161] [original line 2590] Variable 'swordman_armor_artifact' is used but is never set. Setting it in an unused scripted trigger or effect does not count
[08:54:35][jomini_effect.cpp:1161] [original line 2591] Variable 'asoiaf_Stark_99_cc' is used but is never set. Setting it in an unused scripted trigger or effect does not count
[08:54:35][jomini_effect.cpp:1161] [original line 2592] Variable 'asoiaf_Stark_100_cc' is used but is never set. Setting it in an unused scripted trigger or effect does not count
[08:54:35][jomini_effect.cpp:1161] [original line 2593] Variable 'asoiaf_Stark_6_cc' is used but is never set. Setting it in an unused scripted trigger or effect does not count
[08:54:35][jomini_effect.cpp:1161] [original line 2594] Variable 'maekars_crown' is used but is never set. Setting it in an unused scripted trigger or effect does not count
[08:54:35][jomini_effect.cpp:1161] [original line 2595] Variable 'kingsguard_choice' is used but is never set. Setting it in an unused scripted trigger or effect does not count
[08:54:35][jomini_effect.cpp:1161] [original line 2596] Variable 'asoiaf_Stark_98_cc' is used but is never set. Setting it in an unused scripted trigger or effect does not count
[08:54:35][jomini_effect.cpp:1161] [original line 2597] Variable 'crown_aegon_baelor_artifact' is used but is never set. Setting it in an unused scripted trigger or effect does not count
[08:54:35][jomini_effect.cpp:1161] [original line 2598] Variable 'highlight_cow_provinces_map' is used but is never set. Setting it in an unused scripted trigger or effect does not count
[08:54:35][jomini_effect.cpp:1161] [original line 2599] Variable 'faegon_main_character' is used but is never set. Setting it in an unused scripted trigger or effect does not count
[08:54:35][jomini_effect.cpp:1161] [original line 2600] Variable 'asoiaf_Stark_5_cc' is used but is never set. Setting it in an unused scripted trigger or effect does not count
[08:54:35][jomini_effect.cpp:1161] [original line 2601] Variable 'asoiaf_Stark_86_cc' is used but is never set. Setting it in an unused scripted trigger or effect does not count
[08:54:35][jomini_effect.cpp:1161] [original line 2602] Variable 'is_Durrandon_51' is used but is never set. Setting it in an unused scripted trigger or effect does not count
[08:54:35][jomini_effect.cpp:1161] [original line 2603] Variable 'asoiaf_Stark_10_cc' is used but is never set. Setting it in an unused scripted trigger or effect does not count
[08:54:35][jomini_effect.cpp:1161] [original line 2604] Variable 'asoiaf_Stark_97_cc' is used but is never set. Setting it in an unused scripted trigger or effect does not count
[08:54:35][jomini_effect.cpp:1161] [original line 2605] Variable 'asoiaf_Stark_3_cc' is used but is never set. Setting it in an unused scripted trigger or effect does not count
[08:54:35][jomini_effect.cpp:1161] [original line 2606] Variable 'darksister' is used but is never set. Setting it in an unused scripted trigger or effect does not count
[08:54:35][jomini_effect.cpp:1161] [original line 2607] Variable 'kingsguard_armour' is used but is never set. Setting it in an unused scripted trigger or effect does not count
[08:54:35][jomini_effect.cpp:1161] [original line 2608] Variable 'app_enabled' is used but is never set. Setting it in an unused scripted trigger or effect does not count
[08:54:35][jomini_effect.cpp:1161] [original line 2609] Variable 'asoiaf_Stark_2_cc' is used but is never set. Setting it in an unused scripted trigger or effect does not count
[08:54:35][jomini_effect.cpp:1161] [original line 2610] Variable 'asoiaf_Stark_4_cc' is used but is never set. Setting it in an unused scripted trigger or effect does not count
[08:54:35][jomini_effect.cpp:1161] [original line 2611] Variable 'asoiaf_Stark_1_cc' is used but is never set. Setting it in an unused scripted trigger or effect does not count
[08:54:35][jomini_effect.cpp:1161] [original line 2612] Variable 'is_jon_snow' is used but is never set. Setting it in an unused scripted trigger or effect does not count
[08:54:35][jomini_effect.cpp:1161] [original line 2613] Variable 'asoiaf_Stark_95_cc' is used but is never set. Setting it in an unused scripted trigger or effect does not count
[08:54:35][jomini_effect.cpp:1161] [original line 2614] Variable 'asoiaf_Stark_9_cc' is used but is never set. Setting it in an unused scripted trigger or effect does not count
[08:54:35][jomini_effect.cpp:1161] [original line 2615] Variable 'asoiaf_Stark_96_cc' is used but is never set. Setting it in an unused scripted trigger or effect does not count
[08:54:35][jomini_effect.cpp:1161] [original line 2616] Variable 'asoiaf_Stark_11_cc' is used but is never set. Setting it in an unused scripted trigger or effect does not count
[08:54:35][jomini_effect.cpp:1145] [original line 2617] Variable 'asoiaf_canon_children_Karstark_4_born_variable' is set but is never used. Note that use in localization doesn't count due to technical limitations. Use in unused scripted triggers and effects also does not count
[08:54:35][jomini_effect.cpp:1145] [original line 2618] Variable 'asoiaf_canon_children_Baratheon_baby_born_variable' is set but is never used. Note that use in localization doesn't count due to technical limitations. Use in unused scripted triggers and effects also does not count
[08:54:35][jomini_effect.cpp:1145] [original line 2619] Variable 'seafoam_artifact' is set but is never used. Note that use in localization doesn't count due to technical limitations. Use in unused scripted triggers and effects also does not count
[08:54:35][jomini_effect.cpp:1145] [original line 2620] Variable 'asoiaf_canon_children_Lannister_129_born_variable' is set but is never used. Note that use in localization doesn't count due to technical limitations. Use in unused scripted triggers and effects also does not count
[08:54:35][jomini_effect.cpp:1145] [original line 2621] Variable 'asoiaf_canon_children_Velaryon_31_born_variable' is set but is never used. Note that use in localization doesn't count due to technical limitations. Use in unused scripted triggers and effects also does not count
[08:54:35][jomini_effect.cpp:1145] [original line 2622] Variable 'asoiaf_canon_children_Baelish_2_born_variable' is set but is never used. Note that use in localization doesn't count due to technical limitations. Use in unused scripted triggers and effects also does not count
[08:54:35][jomini_effect.cpp:1145] [original line 2623] Variable 'DI_artifact_category_display' is set but is never used. Note that use in localization doesn't count due to technical limitations. Use in unused scripted triggers and effects also does not count
[08:54:35][jomini_effect.cpp:1145] [original line 2624] Variable 'asoiaf_canon_children_Targaryen_27_born_variable' is set but is never used. Note that use in localization doesn't count due to technical limitations. Use in unused scripted triggers and effects also does not count
[08:54:35][jomini_effect.cpp:1145] [original line 2625] Variable 'COWAGOT_is_loaded' is set but is never used. Note that use in localization doesn't count due to technical limitations. Use in unused scripted triggers and effects also does not count
[08:54:35][jomini_effect.cpp:1145] [original line 2626] Variable 'dark_sister_artifact' is set but is never used. Note that use in localization doesn't count due to technical limitations. Use in unused scripted triggers and effects also does not count
[08:54:35][jomini_effect.cpp:1145] [original line 2627] Variable 'asoiaf_canon_children_Targaryen_96_born_variable' is set but is never used. Note that use in localization doesn't count due to technical limitations. Use in unused scripted triggers and effects also does not count
[08:54:35][jomini_effect.cpp:1145] [original line 2628] Variable 'agot_faegon_jae_birth_year' is set but is never used. Note that use in localization doesn't count due to technical limitations. Use in unused scripted triggers and effects also does not count
[08:54:35][jomini_effect.cpp:1145] [original line 2629] Variable 'color_grading' is set but is never used. Note that use in localization doesn't count due to technical limitations. Use in unused scripted triggers and effects also does not count
[08:54:35][jomini_effect.cpp:1145] [original line 2630] Variable 'asoiaf_canon_children_Tully_1_born_variable' is set but is never used. Note that use in localization doesn't count due to technical limitations. Use in unused scripted triggers and effects also does not count
[08:54:35][jomini_effect.cpp:1145] [original line 2631] Variable 'DI_artifact_quality_display' is set but is never used. Note that use in localization doesn't count due to technical limitations. Use in unused scripted triggers and effects also does not count
[08:54:35][jomini_effect.cpp:1145] [original line 2632] Variable 'asoiaf_canon_children_Hightower_90_born_variable' is set but is never used. Note that use in localization doesn't count due to technical limitations. Use in unused scripted triggers and effects also does not count
[08:54:35][jomini_effect.cpp:1145] [original line 2633] Variable 'asoiaf_canon_children_Strong_28_born_variable' is set but is never used. Note that use in localization doesn't count due to technical limitations. Use in unused scripted triggers and effects also does not count
[08:54:35][jomini_effect.cpp:1145] [original line 2634] Variable 'asoiaf_canon_children_Arryn_84_born_variable' is set but is never used. Note that use in localization doesn't count due to technical limitations. Use in unused scripted triggers and effects also does not count
[08:54:35][jomini_effect.cpp:1145] [original line 2635] Variable 'asoiaf_canon_children_Martell_4_born_variable' is set but is never used. Note that use in localization doesn't count due to technical limitations. Use in unused scripted triggers and effects also does not count
[08:54:35][jomini_effect.cpp:1145] [original line 2636] Variable 'asoiaf_canon_children_Stark_1_born_variable' is set but is never used. Note that use in localization doesn't count due to technical limitations. Use in unused scripted triggers and effects also does not count
[08:54:35][jomini_effect.cpp:1145] [original line 2637] Variable 'asoiaf_canon_children_Greyjoy_5_born_variable' is set but is never used. Note that use in localization doesn't count due to technical limitations. Use in unused scripted triggers and effects also does not count
[08:54:35][jomini_effect.cpp:1145] [original line 2638] Variable 'asoiaf_canon_children_Tully_9_born_variable' is set but is never used. Note that use in localization doesn't count due to technical limitations. Use in unused scripted triggers and effects also does not count
[08:54:35][jomini_effect.cpp:1145] [original line 2639] Variable 'agot_faegon_jon_snow_char' is set but is never used. Note that use in localization doesn't count due to technical limitations. Use in unused scripted triggers and effects also does not count
[08:54:35][jomini_effect.cpp:1145] [original line 2640] Variable 'asoiaf_canon_children_Strong_29_born_variable' is set but is never used. Note that use in localization doesn't count due to technical limitations. Use in unused scripted triggers and effects also does not count
[08:54:35][jomini_effect.cpp:1145] [original line 2641] Variable 'asoiaf_is_red_vipers_spear' is set but is never used. Note that use in localization doesn't count due to technical limitations. Use in unused scripted triggers and effects also does not count
[08:54:35][jomini_effect.cpp:1145] [original line 2642] Variable 'asoiaf_canon_children_Targaryen_28_born_variable' is set but is never used. Note that use in localization doesn't count due to technical limitations. Use in unused scripted triggers and effects also does not count
[08:54:35][jomini_effect.cpp:1145] [original line 2643] Variable 'asoiaf_canon_children_Arryn_3_born_variable' is set but is never used. Note that use in localization doesn't count due to technical limitations. Use in unused scripted triggers and effects also does not count
[08:54:35][jomini_effect.cpp:1145] [original line 2644] Variable 'blackfyre_artifact' is set but is never used. Note that use in localization doesn't count due to technical limitations. Use in unused scripted triggers and effects also does not count
[08:54:35][jomini_effect.cpp:1145] [original line 2645] Variable 'asoiaf_canon_children_Reed_1_born_variable' is set but is never used. Note that use in localization doesn't count due to technical limitations. Use in unused scripted triggers and effects also does not count
[08:54:35][jomini_effect.cpp:1145] [original line 2646] Variable 'asoiaf_canon_children_Stark_84_born_variable' is set but is never used. Note that use in localization doesn't count due to technical limitations. Use in unused scripted triggers and effects also does not count
[08:54:35][jomini_effect.cpp:1145] [original line 2647] Variable 'asoiaf_canon_children_Baratheon_75_born_variable' is set but is never used. Note that use in localization doesn't count due to technical limitations. Use in unused scripted triggers and effects also does not count
[08:54:35][jomini_effect.cpp:1145] [original line 2648] Variable 'asoiaf_canon_children_Targaryen_95_born_variable' is set but is never used. Note that use in localization doesn't count due to technical limitations. Use in unused scripted triggers and effects also does not count
[08:54:35][jomini_effect.cpp:1145] [original line 2649] Variable 'asoiaf_is_krakenfall' is set but is never used. Note that use in localization doesn't count due to technical limitations. Use in unused scripted triggers and effects also does not count
[08:54:35][jomini_effect.cpp:1145] [original line 2650] Variable 'color' is set but is never used. Note that use in localization doesn't count due to technical limitations. Use in unused scripted triggers and effects also does not count
[08:54:35][jomini_effect.cpp:1145] [original line 2651] Variable 'asoiaf_canon_children_Arryn_80_born_variable' is set but is never used. Note that use in localization doesn't count due to technical limitations. Use in unused scripted triggers and effects also does not count
[08:54:35][jomini_effect.cpp:1145] [original line 2652] Variable 'pincer_artifact' is set but is never used. Note that use in localization doesn't count due to technical limitations. Use in unused scripted triggers and effects also does not count
[08:54:35][jomini_effect.cpp:1145] [original line 2653] Variable 'asoiaf_is_needle' is set but is never used. Note that use in localization doesn't count due to technical limitations. Use in unused scripted triggers and effects also does not count
[08:54:35][jomini_effect.cpp:1145] [original line 2654] Variable 'asoiaf_canon_children_Dayne_1_born_variable' is set but is never used. Note that use in localization doesn't count due to technical limitations. Use in unused scripted triggers and effects also does not count
[08:54:35][jomini_effect.cpp:1145] [original line 2655] Variable 'DI_artifact_subtype_display' is set but is never used. Note that use in localization doesn't count due to technical limitations. Use in unused scripted triggers and effects also does not count
[08:54:35][jomini_effect.cpp:1145] [original line 2656] Variable 'asoiaf_canon_children_Cole_11_born_variable' is set but is never used. Note that use in localization doesn't count due to technical limitations. Use in unused scripted triggers and effects also does not count
[08:54:35][jomini_effect.cpp:1145] [original line 2657] Variable 'asoiaf_canon_children_Targaryen_29_born_variable' is set but is never used. Note that use in localization doesn't count due to technical limitations. Use in unused scripted triggers and effects also does not count
[08:54:35][jomini_effect.cpp:1145] [original line 2658] Variable 'asoiaf_canon_children_Tarly_1_born_variable' is set but is never used. Note that use in localization doesn't count due to technical limitations. Use in unused scripted triggers and effects also does not count
[08:54:35][jomini_effect.cpp:1145] [original line 2659] Variable 'asoiaf_canon_children_Tyrell_4_born_variable' is set but is never used. Note that use in localization doesn't count due to technical limitations. Use in unused scripted triggers and effects also does not count
[08:54:35][jomini_effect.cpp:1161] [original line 2660] Event target 'asoiaf_targaryen_invasion_claimant' is used but is never set. Setting it in an unused scripted trigger or effect does not count
[08:54:35][static_modifier.cpp:200] [original line 2661] Modifier 'lucerys_gun_modifier' was not used by the script or code but exists in the database, this is a waste
[08:54:35][static_modifier.cpp:200] [original line 2662] Modifier 'artifact_monthly_piety_negative_1_modifier' was not used by the script or code but exists in the database, this is a waste
[08:54:35][static_modifier.cpp:200] [original line 2663] Modifier 'artifact_monthly_martial_lifestyle_xp_1_negative_modifier' was not used by the script or code but exists in the database, this is a waste
[08:54:35][static_modifier.cpp:200] [original line 2664] Modifier 'asoiaf_oathkeeper_modifier' was not used by the script or code but exists in the database, this is a waste
[08:54:35][static_modifier.cpp:200] [original line 2665] Modifier 'asoiaf_stark_throne_modifier' was not used by the script or code but exists in the database, this is a waste
[08:54:35][static_modifier.cpp:200] [original line 2666] Modifier 'asoiaf_Karstark_4_modifier' was not used by the script or code but exists in the database, this is a waste
[08:54:35][portraitanimations.cpp:110] [original line 2667] Unknown animation state 'throneRoom_twoHandedPassiveFat1_entry' scripted for portrait animation 'valyrian_invasion_vs_spear_1_1' in modifier 'throneRoom_two_handed_passive_1_fat' (part 'torso', type 'male')
[08:54:35][portraitanimations.cpp:110] [original line 2668] Unknown animation state 'throneRoom_twoHandedPassiveFat1_entry' scripted for portrait animation 'valyrian_invasion_vs_spear_1_1' in modifier 'throneRoom_two_handed_passive_1_dwarf' (part 'torso', type 'male')
[08:54:35][portraitanimations.cpp:110] [original line 2669] Unknown animation state 'throneRoom_twoHandedPassiveFatDwarf1_entry' scripted for portrait animation 'valyrian_invasion_vs_spear_1_1' in modifier 'throneRoom_two_handed_passive_1_fat_dwarf' (part 'torso', type 'male')
[08:54:35][portraitanimations.cpp:110] [original line 2670] Unknown animation state 'throneRoom_twoHandedPassiveFatDwarf1_entry' scripted for portrait animation 'valyrian_invasion_vs_spear_1_1' in modifier 'throneRoom_two_handed_passive_1_pregnant' (part 'torso', type 'male')
[08:54:35][portraitanimations.cpp:110] [original line 2671] Unknown animation state 'throneRoom_twoHandedPassiveFatDwarf1_entry' scripted for portrait animation 'valyrian_invasion_vs_spear_1_1' in modifier 'throneRoom_two_handed_passive_1_pregnant_dwarf' (part 'torso', type 'male')
[08:54:35][portraitanimations.cpp:110] [original line 2672] Unknown animation state 'throneRoom_twoHandedPassiveFatDwarf1_entry' scripted for portrait animation 'valyrian_invasion_vs_spear_1_1' in modifier 'throneRoom_two_handed_passive_1_pregnant_fat_dwarf' (part 'torso', type 'male')
[08:54:35][portraitanimations.cpp:110] [original line 2673] Unknown animation state 'throneRoom_twoHandedPassiveFat1_entry' scripted for portrait animation 'valyrian_invasion_vs_spear_1_1' in modifier 'throneRoom_two_handed_passive_1_fat' (part 'torso', type 'female')
[08:54:35][portraitanimations.cpp:110] [original line 2674] Unknown animation state 'throneRoom_twoHandedPassiveFat1_entry' scripted for portrait animation 'valyrian_invasion_vs_spear_1_1' in modifier 'throneRoom_two_handed_passive_1_dwarf' (part 'torso', type 'female')
[08:54:35][portraitanimations.cpp:110] [original line 2675] Unknown animation state 'throneRoom_twoHandedPassiveFatDwarf1_entry' scripted for portrait animation 'valyrian_invasion_vs_spear_1_1' in modifier 'throneRoom_two_handed_passive_1_fat_dwarf' (part 'torso', type 'female')
[08:54:35][portraitanimations.cpp:110] [original line 2676] Unknown animation state 'throneRoom_twoHandedPassiveFatDwarf1_entry' scripted for portrait animation 'valyrian_invasion_vs_spear_1_1' in modifier 'throneRoom_two_handed_passive_1_pregnant' (part 'torso', type 'female')
[08:54:35][portraitanimations.cpp:110] [original line 2677] Unknown animation state 'throneRoom_twoHandedPassiveFatDwarf1_entry' scripted for portrait animation 'valyrian_invasion_vs_spear_1_1' in modifier 'throneRoom_two_handed_passive_1_pregnant_dwarf' (part 'torso', type 'female')
[08:54:35][portraitanimations.cpp:110] [original line 2678] Unknown animation state 'throneRoom_twoHandedPassiveFatDwarf1_entry' scripted for portrait animation 'valyrian_invasion_vs_spear_1_1' in modifier 'throneRoom_two_handed_passive_1_pregnant_fat_dwarf' (part 'torso', type 'female')
[08:54:35][portraitanimations.cpp:110] [original line 2679] Unknown animation state 'throneRoom_twoHandedPassiveFat1_entry' scripted for portrait animation 'valyrian_invasion_vs_spear_1_1' in modifier 'throneRoom_two_handed_passive_1_fat' (part 'torso', type 'boy')
[08:54:35][portraitanimations.cpp:110] [original line 2680] Unknown animation state 'throneRoom_twoHandedPassiveFat1_entry' scripted for portrait animation 'valyrian_invasion_vs_spear_1_1' in modifier 'throneRoom_two_handed_passive_1_dwarf' (part 'torso', type 'boy')
[08:54:35][portraitanimations.cpp:110] [original line 2681] Unknown animation state 'throneRoom_twoHandedPassiveFatDwarf1_entry' scripted for portrait animation 'valyrian_invasion_vs_spear_1_1' in modifier 'throneRoom_two_handed_passive_1_fat_dwarf' (part 'torso', type 'boy')
[08:54:35][portraitanimations.cpp:110] [original line 2682] Unknown animation state 'throneRoom_twoHandedPassiveFatDwarf1_entry' scripted for portrait animation 'valyrian_invasion_vs_spear_1_1' in modifier 'throneRoom_two_handed_passive_1_pregnant' (part 'torso', type 'boy')
[08:54:35][portraitanimations.cpp:110] [original line 2683] Unknown animation state 'throneRoom_twoHandedPassiveFatDwarf1_entry' scripted for portrait animation 'valyrian_invasion_vs_spear_1_1' in modifier 'throneRoom_two_handed_passive_1_pregnant_dwarf' (part 'torso', type 'boy')
[08:54:35][portraitanimations.cpp:110] [original line 2684] Unknown animation state 'throneRoom_twoHandedPassiveFatDwarf1_entry' scripted for portrait animation 'valyrian_invasion_vs_spear_1_1' in modifier 'throneRoom_two_handed_passive_1_pregnant_fat_dwarf' (part 'torso', type 'boy')
[08:54:35][portraitanimations.cpp:110] [original line 2685] Unknown animation state 'throneRoom_twoHandedPassiveFat1_entry' scripted for portrait animation 'valyrian_invasion_vs_spear_1_1' in modifier 'throneRoom_two_handed_passive_1_fat' (part 'torso', type 'girl')
[08:54:35][portraitanimations.cpp:110] [original line 2686] Unknown animation state 'throneRoom_twoHandedPassiveFat1_entry' scripted for portrait animation 'valyrian_invasion_vs_spear_1_1' in modifier 'throneRoom_two_handed_passive_1_dwarf' (part 'torso', type 'girl')
[08:54:35][portraitanimations.cpp:110] [original line 2687] Unknown animation state 'throneRoom_twoHandedPassiveFatDwarf1_entry' scripted for portrait animation 'valyrian_invasion_vs_spear_1_1' in modifier 'throneRoom_two_handed_passive_1_fat_dwarf' (part 'torso', type 'girl')
[08:54:35][portraitanimations.cpp:110] [original line 2688] Unknown animation state 'throneRoom_twoHandedPassiveFatDwarf1_entry' scripted for portrait animation 'valyrian_invasion_vs_spear_1_1' in modifier 'throneRoom_two_handed_passive_1_pregnant' (part 'torso', type 'girl')
[08:54:35][portraitanimations.cpp:110] [original line 2689] Unknown animation state 'throneRoom_twoHandedPassiveFatDwarf1_entry' scripted for portrait animation 'valyrian_invasion_vs_spear_1_1' in modifier 'throneRoom_two_handed_passive_1_pregnant_dwarf' (part 'torso', type 'girl')
[08:54:35][portraitanimations.cpp:110] [original line 2690] Unknown animation state 'throneRoom_twoHandedPassiveFatDwarf1_entry' scripted for portrait animation 'valyrian_invasion_vs_spear_1_1' in modifier 'throneRoom_two_handed_passive_1_pregnant_fat_dwarf' (part 'torso', type 'girl')
[08:54:35][portraitanimations.cpp:110] [original line 2691] Unknown animation state 'throneRoom_twoHandedPassiveFat1_entry' scripted for portrait animation 'valyrian_invasion_vs_halberd_1' in modifier 'throneRoom_two_handed_passive_1_fat' (part 'torso', type 'male')
[08:54:35][portraitanimations.cpp:110] [original line 2692] Unknown animation state 'throneRoom_twoHandedPassiveFat1_entry' scripted for portrait animation 'valyrian_invasion_vs_halberd_1' in modifier 'throneRoom_two_handed_passive_1_dwarf' (part 'torso', type 'male')
[08:54:35][portraitanimations.cpp:110] [original line 2693] Unknown animation state 'throneRoom_twoHandedPassiveFatDwarf1_entry' scripted for portrait animation 'valyrian_invasion_vs_halberd_1' in modifier 'throneRoom_two_handed_passive_1_fat_dwarf' (part 'torso', type 'male')
[08:54:35][portraitanimations.cpp:110] [original line 2694] Unknown animation state 'throneRoom_twoHandedPassiveFatDwarf1_entry' scripted for portrait animation 'valyrian_invasion_vs_halberd_1' in modifier 'throneRoom_two_handed_passive_1_pregnant' (part 'torso', type 'male')
[08:54:35][portraitanimations.cpp:110] [original line 2695] Unknown animation state 'throneRoom_twoHandedPassiveFatDwarf1_entry' scripted for portrait animation 'valyrian_invasion_vs_halberd_1' in modifier 'throneRoom_two_handed_passive_1_pregnant_dwarf' (part 'torso', type 'male')
[08:54:35][portraitanimations.cpp:110] [original line 2696] Unknown animation state 'throneRoom_twoHandedPassiveFatDwarf1_entry' scripted for portrait animation 'valyrian_invasion_vs_halberd_1' in modifier 'throneRoom_two_handed_passive_1_pregnant_fat_dwarf' (part 'torso', type 'male')
[08:54:35][portraitanimations.cpp:110] [original line 2697] Unknown animation state 'throneRoom_twoHandedPassiveFat1_entry' scripted for portrait animation 'valyrian_invasion_vs_halberd_1' in modifier 'throneRoom_two_handed_passive_1_fat' (part 'torso', type 'female')
[08:54:35][portraitanimations.cpp:110] [original line 2698] Unknown animation state 'throneRoom_twoHandedPassiveFat1_entry' scripted for portrait animation 'valyrian_invasion_vs_halberd_1' in modifier 'throneRoom_two_handed_passive_1_dwarf' (part 'torso', type 'female')
[08:54:35][portraitanimations.cpp:110] [original line 2699] Unknown animation state 'throneRoom_twoHandedPassiveFatDwarf1_entry' scripted for portrait animation 'valyrian_invasion_vs_halberd_1' in modifier 'throneRoom_two_handed_passive_1_fat_dwarf' (part 'torso', type 'female')
[08:54:35][portraitanimations.cpp:110] [original line 2700] Unknown animation state 'throneRoom_twoHandedPassiveFatDwarf1_entry' scripted for portrait animation 'valyrian_invasion_vs_halberd_1' in modifier 'throneRoom_two_handed_passive_1_pregnant' (part 'torso', type 'female')
[08:54:35][portraitanimations.cpp:110] [original line 2701] Unknown animation state 'throneRoom_twoHandedPassiveFatDwarf1_entry' scripted for portrait animation 'valyrian_invasion_vs_halberd_1' in modifier 'throneRoom_two_handed_passive_1_pregnant_dwarf' (part 'torso', type 'female')
[08:54:35][portraitanimations.cpp:110] [original line 2702] Unknown animation state 'throneRoom_twoHandedPassiveFatDwarf1_entry' scripted for portrait animation 'valyrian_invasion_vs_halberd_1' in modifier 'throneRoom_two_handed_passive_1_pregnant_fat_dwarf' (part 'torso', type 'female')
[08:54:35][portraitanimations.cpp:110] [original line 2703] Unknown animation state 'throneRoom_twoHandedPassiveFat1_entry' scripted for portrait animation 'valyrian_invasion_vs_halberd_1' in modifier 'throneRoom_two_handed_passive_1_fat' (part 'torso', type 'boy')
[08:54:35][portraitanimations.cpp:110] [original line 2704] Unknown animation state 'throneRoom_twoHandedPassiveFat1_entry' scripted for portrait animation 'valyrian_invasion_vs_halberd_1' in modifier 'throneRoom_two_handed_passive_1_dwarf' (part 'torso', type 'boy')
[08:54:35][portraitanimations.cpp:110] [original line 2705] Unknown animation state 'throneRoom_twoHandedPassiveFatDwarf1_entry' scripted for portrait animation 'valyrian_invasion_vs_halberd_1' in modifier 'throneRoom_two_handed_passive_1_fat_dwarf' (part 'torso', type 'boy')
[08:54:35][portraitanimations.cpp:110] [original line 2706] Unknown animation state 'throneRoom_twoHandedPassiveFatDwarf1_entry' scripted for portrait animation 'valyrian_invasion_vs_halberd_1' in modifier 'throneRoom_two_handed_passive_1_pregnant' (part 'torso', type 'boy')
[08:54:35][portraitanimations.cpp:110] [original line 2707] Unknown animation state 'throneRoom_twoHandedPassiveFatDwarf1_entry' scripted for portrait animation 'valyrian_invasion_vs_halberd_1' in modifier 'throneRoom_two_handed_passive_1_pregnant_dwarf' (part 'torso', type 'boy')
[08:54:35][portraitanimations.cpp:110] [original line 2708] Unknown animation state 'throneRoom_twoHandedPassiveFatDwarf1_entry' scripted for portrait animation 'valyrian_invasion_vs_halberd_1' in modifier 'throneRoom_two_handed_passive_1_pregnant_fat_dwarf' (part 'torso', type 'boy')
[08:54:35][portraitanimations.cpp:110] [original line 2709] Unknown animation state 'throneRoom_twoHandedPassiveFat1_entry' scripted for portrait animation 'valyrian_invasion_vs_halberd_1' in modifier 'throneRoom_two_handed_passive_1_fat' (part 'torso', type 'girl')
[08:54:35][portraitanimations.cpp:110] [original line 2710] Unknown animation state 'throneRoom_twoHandedPassiveFat1_entry' scripted for portrait animation 'valyrian_invasion_vs_halberd_1' in modifier 'throneRoom_two_handed_passive_1_dwarf' (part 'torso', type 'girl')
[08:54:35][portraitanimations.cpp:110] [original line 2711] Unknown animation state 'throneRoom_twoHandedPassiveFatDwarf1_entry' scripted for portrait animation 'valyrian_invasion_vs_halberd_1' in modifier 'throneRoom_two_handed_passive_1_fat_dwarf' (part 'torso', type 'girl')
[08:54:35][portraitanimations.cpp:110] [original line 2712] Unknown animation state 'throneRoom_twoHandedPassiveFatDwarf1_entry' scripted for portrait animation 'valyrian_invasion_vs_halberd_1' in modifier 'throneRoom_two_handed_passive_1_pregnant' (part 'torso', type 'girl')
[08:54:35][portraitanimations.cpp:110] [original line 2713] Unknown animation state 'throneRoom_twoHandedPassiveFatDwarf1_entry' scripted for portrait animation 'valyrian_invasion_vs_halberd_1' in modifier 'throneRoom_two_handed_passive_1_pregnant_dwarf' (part 'torso', type 'girl')
[08:54:35][portraitanimations.cpp:110] [original line 2714] Unknown animation state 'throneRoom_twoHandedPassiveFatDwarf1_entry' scripted for portrait animation 'valyrian_invasion_vs_halberd_1' in modifier 'throneRoom_two_handed_passive_1_pregnant_fat_dwarf' (part 'torso', type 'girl')
[08:54:37][game_icons.cpp:746] [original line 2715] file gfx/interface/icons/building_types/icon_building_ten_towers.dds doesn't exist, referenced from building 'agot_ten_towers_01'
[08:54:37][game_icons.cpp:746] [original line 2716] file gfx/interface/icons/building_types/icon_riverrun.dds doesn't exist, referenced from building 'oldstones_old_final'
[08:54:37][game_icons.cpp:746] [original line 2717] file gfx/interface/icons/building_types/icon_riverrun.dds doesn't exist, referenced from building 'oldstones_old_new'
[08:54:37][game_icons.cpp:746] [original line 2718] file gfx/interface/icons/building_types/icon_riverrun.dds doesn't exist, referenced from building 'oldstones_restored_final'
[08:54:38][jomini_eventmanager.cpp:372] [original line 2719] Event buy_valyrian_mask.0001 is orphaned
[08:54:38][jomini_eventmanager.cpp:372] [original line 2720] Event asoiaf_mega_war_events.0001 is orphaned
[08:54:38][jomini_eventmanager.cpp:372] [original line 2721] Event asoiaf_young_griff_landing_events.2 is orphaned
[08:54:39][pdx_assert.cpp:619] [original line 2722] Assertion failed: Achievements not loaded correctly
[08:54:39][databases.h:36] [original line 2723] Key rf_valyrian not found at Database: common/religion/religion_family_types
[08:54:39][databases.h:36] [original line 2724] Key tgp_minister_recruit_courtiers_decision not found at Database: common/decisions
[08:54:40][jomini_effect.cpp:1161] [original line 2725] Flag 'settlement_holding' is used but is never set. Setting it in an unused scripted trigger or effect does not count
[08:54:40][jomini_effect.cpp:1161] [original line 2726] Flag 'pirate_den_holding' is used but is never set. Setting it in an unused scripted trigger or effect does not count
[08:54:40][jomini_effect.cpp:1161] [original line 2727] Flag 'wilderness_holding' is used but is never set. Setting it in an unused scripted trigger or effect does not count
[08:54:40][jomini_effect.cpp:1161] [original line 2728] Flag 'unknown_holding' is used but is never set. Setting it in an unused scripted trigger or effect does not count
[08:54:40][jomini_effect.cpp:1161] [original line 2729] Flag 'faegon' is used but is never set. Setting it in an unused scripted trigger or effect does not count
[08:54:40][jomini_effect.cpp:1161] [original line 2730] Flag 'blackDarkRed' is used but is never set. Setting it in an unused scripted trigger or effect does not count
[08:54:40][jomini_effect.cpp:1161] [original line 2731] Flag 'roland_crown' is used but is never set. Setting it in an unused scripted trigger or effect does not count
[08:54:40][jomini_effect.cpp:1161] [original line 2732] Flag 'dany' is used but is never set. Setting it in an unused scripted trigger or effect does not count
[08:54:40][jomini_effect.cpp:1161] [original line 2733] Flag 'ruin_holding' is used but is never set. Setting it in an unused scripted trigger or effect does not count
[08:54:40][jomini_effect.cpp:1161] [original line 2734] Flag 'monastery_holding' is used but is never set. Setting it in an unused scripted trigger or effect does not count
[08:54:40][jomini_effect.cpp:1161] [original line 2735] Flag 'viserys' is used but is never set. Setting it in an unused scripted trigger or effect does not count
[08:54:40][jomini_effect.cpp:1161] [original line 2736] Flag 'highlight_special_buildings_map' is used but is never set. Setting it in an unused scripted trigger or effect does not count
[08:54:40][jomini_effect.cpp:1161] [original line 2737] Flag 'iceFire' is used but is never set. Setting it in an unused scripted trigger or effect does not count
[08:54:40][jomini_effect.cpp:1145] [original line 2738] Flag 'global' is set but is never used. Note that use in localization doesn't count due to technical limitations. Use in unused scripted triggers and effects also does not count
[08:54:40][jomini_effect.cpp:1145] [original line 2739] Flag 'all_found' is set but is never used. Note that use in localization doesn't count due to technical limitations. Use in unused scripted triggers and effects also does not count
[08:54:40][jomini_effect.cpp:1145] [original line 2740] Flag 'highlight_cow_provinces_map' is set but is never used. Note that use in localization doesn't count due to technical limitations. Use in unused scripted triggers and effects also does not count
[08:54:40][jomini_effect.cpp:1145] [original line 2741] Flag 'DI_subtype_throne' is set but is never used. Note that use in localization doesn't count due to technical limitations. Use in unused scripted triggers and effects also does not count
[08:54:40][jomini_effect.cpp:1161] [original line 2742] Variable 'asoiaf_Stark_94_cc' is used but is never set. Setting it in an unused scripted trigger or effect does not count
[08:54:40][jomini_effect.cpp:1161] [original line 2743] Variable 'is_baratheon_6' is used but is never set. Setting it in an unused scripted trigger or effect does not count
[08:54:40][jomini_effect.cpp:1161] [original line 2744] Variable 'tgc_enabled' is used but is never set. Setting it in an unused scripted trigger or effect does not count
[08:54:40][jomini_effect.cpp:1161] [original line 2745] Variable 'asoiaf_Stark_103_cc' is used but is never set. Setting it in an unused scripted trigger or effect does not count
[08:54:40][jomini_effect.cpp:1161] [original line 2746] Variable 'asoiaf_Stark_88_cc' is used but is never set. Setting it in an unused scripted trigger or effect does not count
[08:54:40][jomini_effect.cpp:1161] [original line 2747] Variable 'asoiaf_Stark_102_cc' is used but is never set. Setting it in an unused scripted trigger or effect does not count
[08:54:40][jomini_effect.cpp:1161] [original line 2748] Variable 'Aotk_enabled' is used but is never set. Setting it in an unused scripted trigger or effect does not count
[08:54:40][jomini_effect.cpp:1161] [original line 2749] Variable 'seafoam' is used but is never set. Setting it in an unused scripted trigger or effect does not count
[08:54:40][jomini_effect.cpp:1161] [original line 2750] Variable 'captains_sword' is used but is never set. Setting it in an unused scripted trigger or effect does not count
[08:54:40][jomini_effect.cpp:1161] [original line 2751] Variable 'asoiaf_Stark_101_cc' is used but is never set. Setting it in an unused scripted trigger or effect does not count
[08:54:40][jomini_effect.cpp:1161] [original line 2752] Variable 'blackfyre' is used but is never set. Setting it in an unused scripted trigger or effect does not count
[08:54:40][jomini_effect.cpp:1161] [original line 2753] Variable 'asoiaf_Stark_8_cc' is used but is never set. Setting it in an unused scripted trigger or effect does not count
[08:54:40][jomini_effect.cpp:1161] [original line 2754] Variable 'asoiaf_Stark_84_cc' is used but is never set. Setting it in an unused scripted trigger or effect does not count
[08:54:40][jomini_effect.cpp:1161] [original line 2755] Variable 'asoiaf_Stark_87_cc' is used but is never set. Setting it in an unused scripted trigger or effect does not count
[08:54:40][jomini_effect.cpp:1161] [original line 2756] Variable 'brightboar_enabled' is used but is never set. Setting it in an unused scripted trigger or effect does not count
[08:54:40][jomini_effect.cpp:1161] [original line 2757] Variable 'asoiaf_Stark_7_cc' is used but is never set. Setting it in an unused scripted trigger or effect does not count
[08:54:40][jomini_effect.cpp:1161] [original line 2758] Variable 'swordman_armor_artifact' is used but is never set. Setting it in an unused scripted trigger or effect does not count
[08:54:40][jomini_effect.cpp:1161] [original line 2759] Variable 'asoiaf_Stark_99_cc' is used but is never set. Setting it in an unused scripted trigger or effect does not count
[08:54:40][jomini_effect.cpp:1161] [original line 2760] Variable 'asoiaf_Stark_100_cc' is used but is never set. Setting it in an unused scripted trigger or effect does not count
[08:54:40][jomini_effect.cpp:1161] [original line 2761] Variable 'asoiaf_Stark_6_cc' is used but is never set. Setting it in an unused scripted trigger or effect does not count
[08:54:40][jomini_effect.cpp:1161] [original line 2762] Variable 'maekars_crown' is used but is never set. Setting it in an unused scripted trigger or effect does not count
[08:54:40][jomini_effect.cpp:1161] [original line 2763] Variable 'kingsguard_choice' is used but is never set. Setting it in an unused scripted trigger or effect does not count
[08:54:40][jomini_effect.cpp:1161] [original line 2764] Variable 'asoiaf_Stark_98_cc' is used but is never set. Setting it in an unused scripted trigger or effect does not count
[08:54:40][jomini_effect.cpp:1161] [original line 2765] Variable 'crown_aegon_baelor_artifact' is used but is never set. Setting it in an unused scripted trigger or effect does not count
[08:54:40][jomini_effect.cpp:1161] [original line 2766] Variable 'highlight_cow_provinces_map' is used but is never set. Setting it in an unused scripted trigger or effect does not count
[08:54:40][jomini_effect.cpp:1161] [original line 2767] Variable 'faegon_main_character' is used but is never set. Setting it in an unused scripted trigger or effect does not count
[08:54:40][jomini_effect.cpp:1161] [original line 2768] Variable 'asoiaf_Stark_5_cc' is used but is never set. Setting it in an unused scripted trigger or effect does not count
[08:54:40][jomini_effect.cpp:1161] [original line 2769] Variable 'asoiaf_Stark_86_cc' is used but is never set. Setting it in an unused scripted trigger or effect does not count
[08:54:40][jomini_effect.cpp:1161] [original line 2770] Variable 'is_Durrandon_51' is used but is never set. Setting it in an unused scripted trigger or effect does not count
[08:54:40][jomini_effect.cpp:1161] [original line 2771] Variable 'asoiaf_Stark_10_cc' is used but is never set. Setting it in an unused scripted trigger or effect does not count
[08:54:40][jomini_effect.cpp:1161] [original line 2772] Variable 'asoiaf_Stark_97_cc' is used but is never set. Setting it in an unused scripted trigger or effect does not count
[08:54:40][jomini_effect.cpp:1161] [original line 2773] Variable 'asoiaf_Stark_3_cc' is used but is never set. Setting it in an unused scripted trigger or effect does not count
[08:54:40][jomini_effect.cpp:1161] [original line 2774] Variable 'darksister' is used but is never set. Setting it in an unused scripted trigger or effect does not count
[08:54:40][jomini_effect.cpp:1161] [original line 2775] Variable 'kingsguard_armour' is used but is never set. Setting it in an unused scripted trigger or effect does not count
[08:54:40][jomini_effect.cpp:1161] [original line 2776] Variable 'app_enabled' is used but is never set. Setting it in an unused scripted trigger or effect does not count
[08:54:40][jomini_effect.cpp:1161] [original line 2777] Variable 'asoiaf_Stark_2_cc' is used but is never set. Setting it in an unused scripted trigger or effect does not count
[08:54:40][jomini_effect.cpp:1161] [original line 2778] Variable 'asoiaf_Stark_4_cc' is used but is never set. Setting it in an unused scripted trigger or effect does not count
[08:54:40][jomini_effect.cpp:1161] [original line 2779] Variable 'asoiaf_Stark_1_cc' is used but is never set. Setting it in an unused scripted trigger or effect does not count
[08:54:40][jomini_effect.cpp:1161] [original line 2780] Variable 'is_jon_snow' is used but is never set. Setting it in an unused scripted trigger or effect does not count
[08:54:40][jomini_effect.cpp:1161] [original line 2781] Variable 'asoiaf_Stark_95_cc' is used but is never set. Setting it in an unused scripted trigger or effect does not count
[08:54:40][jomini_effect.cpp:1161] [original line 2782] Variable 'asoiaf_Stark_9_cc' is used but is never set. Setting it in an unused scripted trigger or effect does not count
[08:54:40][jomini_effect.cpp:1161] [original line 2783] Variable 'asoiaf_Stark_96_cc' is used but is never set. Setting it in an unused scripted trigger or effect does not count
[08:54:40][jomini_effect.cpp:1161] [original line 2784] Variable 'asoiaf_Stark_11_cc' is used but is never set. Setting it in an unused scripted trigger or effect does not count
[08:54:40][jomini_effect.cpp:1145] [original line 2785] Variable 'asoiaf_canon_children_Karstark_4_born_variable' is set but is never used. Note that use in localization doesn't count due to technical limitations. Use in unused scripted triggers and effects also does not count
[08:54:40][jomini_effect.cpp:1145] [original line 2786] Variable 'asoiaf_canon_children_Baratheon_baby_born_variable' is set but is never used. Note that use in localization doesn't count due to technical limitations. Use in unused scripted triggers and effects also does not count
[08:54:40][jomini_effect.cpp:1145] [original line 2787] Variable 'seafoam_artifact' is set but is never used. Note that use in localization doesn't count due to technical limitations. Use in unused scripted triggers and effects also does not count
[08:54:40][jomini_effect.cpp:1145] [original line 2788] Variable 'asoiaf_canon_children_Lannister_129_born_variable' is set but is never used. Note that use in localization doesn't count due to technical limitations. Use in unused scripted triggers and effects also does not count
[08:54:40][jomini_effect.cpp:1145] [original line 2789] Variable 'asoiaf_canon_children_Velaryon_31_born_variable' is set but is never used. Note that use in localization doesn't count due to technical limitations. Use in unused scripted triggers and effects also does not count
[08:54:40][jomini_effect.cpp:1145] [original line 2790] Variable 'asoiaf_canon_children_Baelish_2_born_variable' is set but is never used. Note that use in localization doesn't count due to technical limitations. Use in unused scripted triggers and effects also does not count
[08:54:40][jomini_effect.cpp:1145] [original line 2791] Variable 'DI_artifact_category_display' is set but is never used. Note that use in localization doesn't count due to technical limitations. Use in unused scripted triggers and effects also does not count
[08:54:40][jomini_effect.cpp:1145] [original line 2792] Variable 'asoiaf_canon_children_Targaryen_27_born_variable' is set but is never used. Note that use in localization doesn't count due to technical limitations. Use in unused scripted triggers and effects also does not count
[08:54:40][jomini_effect.cpp:1145] [original line 2793] Variable 'COWAGOT_is_loaded' is set but is never used. Note that use in localization doesn't count due to technical limitations. Use in unused scripted triggers and effects also does not count
[08:54:40][jomini_effect.cpp:1145] [original line 2794] Variable 'dark_sister_artifact' is set but is never used. Note that use in localization doesn't count due to technical limitations. Use in unused scripted triggers and effects also does not count
[08:54:40][jomini_effect.cpp:1145] [original line 2795] Variable 'asoiaf_canon_children_Targaryen_96_born_variable' is set but is never used. Note that use in localization doesn't count due to technical limitations. Use in unused scripted triggers and effects also does not count
[08:54:40][jomini_effect.cpp:1145] [original line 2796] Variable 'agot_faegon_jae_birth_year' is set but is never used. Note that use in localization doesn't count due to technical limitations. Use in unused scripted triggers and effects also does not count
[08:54:40][jomini_effect.cpp:1145] [original line 2797] Variable 'color_grading' is set but is never used. Note that use in localization doesn't count due to technical limitations. Use in unused scripted triggers and effects also does not count
[08:54:40][jomini_effect.cpp:1145] [original line 2798] Variable 'asoiaf_canon_children_Tully_1_born_variable' is set but is never used. Note that use in localization doesn't count due to technical limitations. Use in unused scripted triggers and effects also does not count
[08:54:40][jomini_effect.cpp:1145] [original line 2799] Variable 'DI_artifact_quality_display' is set but is never used. Note that use in localization doesn't count due to technical limitations. Use in unused scripted triggers and effects also does not count
[08:54:40][jomini_effect.cpp:1145] [original line 2800] Variable 'asoiaf_canon_children_Hightower_90_born_variable' is set but is never used. Note that use in localization doesn't count due to technical limitations. Use in unused scripted triggers and effects also does not count
[08:54:40][jomini_effect.cpp:1145] [original line 2801] Variable 'asoiaf_canon_children_Strong_28_born_variable' is set but is never used. Note that use in localization doesn't count due to technical limitations. Use in unused scripted triggers and effects also does not count
[08:54:40][jomini_effect.cpp:1145] [original line 2802] Variable 'asoiaf_canon_children_Arryn_84_born_variable' is set but is never used. Note that use in localization doesn't count due to technical limitations. Use in unused scripted triggers and effects also does not count
[08:54:40][jomini_effect.cpp:1145] [original line 2803] Variable 'asoiaf_canon_children_Martell_4_born_variable' is set but is never used. Note that use in localization doesn't count due to technical limitations. Use in unused scripted triggers and effects also does not count
[08:54:40][jomini_effect.cpp:1145] [original line 2804] Variable 'asoiaf_canon_children_Stark_1_born_variable' is set but is never used. Note that use in localization doesn't count due to technical limitations. Use in unused scripted triggers and effects also does not count
[08:54:40][jomini_effect.cpp:1145] [original line 2805] Variable 'asoiaf_canon_children_Greyjoy_5_born_variable' is set but is never used. Note that use in localization doesn't count due to technical limitations. Use in unused scripted triggers and effects also does not count
[08:54:40][jomini_effect.cpp:1145] [original line 2806] Variable 'asoiaf_canon_children_Tully_9_born_variable' is set but is never used. Note that use in localization doesn't count due to technical limitations. Use in unused scripted triggers and effects also does not count
[08:54:40][jomini_effect.cpp:1145] [original line 2807] Variable 'agot_faegon_jon_snow_char' is set but is never used. Note that use in localization doesn't count due to technical limitations. Use in unused scripted triggers and effects also does not count
[08:54:40][jomini_effect.cpp:1145] [original line 2808] Variable 'asoiaf_canon_children_Strong_29_born_variable' is set but is never used. Note that use in localization doesn't count due to technical limitations. Use in unused scripted triggers and effects also does not count
[08:54:40][jomini_effect.cpp:1145] [original line 2809] Variable 'asoiaf_is_red_vipers_spear' is set but is never used. Note that use in localization doesn't count due to technical limitations. Use in unused scripted triggers and effects also does not count
[08:54:40][jomini_effect.cpp:1145] [original line 2810] Variable 'asoiaf_canon_children_Targaryen_28_born_variable' is set but is never used. Note that use in localization doesn't count due to technical limitations. Use in unused scripted triggers and effects also does not count
[08:54:40][jomini_effect.cpp:1145] [original line 2811] Variable 'asoiaf_canon_children_Arryn_3_born_variable' is set but is never used. Note that use in localization doesn't count due to technical limitations. Use in unused scripted triggers and effects also does not count
[08:54:40][jomini_effect.cpp:1145] [original line 2812] Variable 'blackfyre_artifact' is set but is never used. Note that use in localization doesn't count due to technical limitations. Use in unused scripted triggers and effects also does not count
[08:54:40][jomini_effect.cpp:1145] [original line 2813] Variable 'asoiaf_canon_children_Reed_1_born_variable' is set but is never used. Note that use in localization doesn't count due to technical limitations. Use in unused scripted triggers and effects also does not count
[08:54:40][jomini_effect.cpp:1145] [original line 2814] Variable 'asoiaf_canon_children_Stark_84_born_variable' is set but is never used. Note that use in localization doesn't count due to technical limitations. Use in unused scripted triggers and effects also does not count
[08:54:40][jomini_effect.cpp:1145] [original line 2815] Variable 'asoiaf_canon_children_Baratheon_75_born_variable' is set but is never used. Note that use in localization doesn't count due to technical limitations. Use in unused scripted triggers and effects also does not count
[08:54:40][jomini_effect.cpp:1145] [original line 2816] Variable 'asoiaf_canon_children_Targaryen_95_born_variable' is set but is never used. Note that use in localization doesn't count due to technical limitations. Use in unused scripted triggers and effects also does not count
[08:54:40][jomini_effect.cpp:1145] [original line 2817] Variable 'asoiaf_is_krakenfall' is set but is never used. Note that use in localization doesn't count due to technical limitations. Use in unused scripted triggers and effects also does not count
[08:54:40][jomini_effect.cpp:1145] [original line 2818] Variable 'color' is set but is never used. Note that use in localization doesn't count due to technical limitations. Use in unused scripted triggers and effects also does not count
[08:54:40][jomini_effect.cpp:1145] [original line 2819] Variable 'asoiaf_canon_children_Arryn_80_born_variable' is set but is never used. Note that use in localization doesn't count due to technical limitations. Use in unused scripted triggers and effects also does not count
[08:54:40][jomini_effect.cpp:1145] [original line 2820] Variable 'pincer_artifact' is set but is never used. Note that use in localization doesn't count due to technical limitations. Use in unused scripted triggers and effects also does not count
[08:54:40][jomini_effect.cpp:1145] [original line 2821] Variable 'asoiaf_is_needle' is set but is never used. Note that use in localization doesn't count due to technical limitations. Use in unused scripted triggers and effects also does not count
[08:54:40][jomini_effect.cpp:1145] [original line 2822] Variable 'asoiaf_canon_children_Dayne_1_born_variable' is set but is never used. Note that use in localization doesn't count due to technical limitations. Use in unused scripted triggers and effects also does not count
[08:54:40][jomini_effect.cpp:1145] [original line 2823] Variable 'DI_artifact_subtype_display' is set but is never used. Note that use in localization doesn't count due to technical limitations. Use in unused scripted triggers and effects also does not count
[08:54:40][jomini_effect.cpp:1145] [original line 2824] Variable 'asoiaf_canon_children_Cole_11_born_variable' is set but is never used. Note that use in localization doesn't count due to technical limitations. Use in unused scripted triggers and effects also does not count
[08:54:40][jomini_effect.cpp:1145] [original line 2825] Variable 'asoiaf_canon_children_Targaryen_29_born_variable' is set but is never used. Note that use in localization doesn't count due to technical limitations. Use in unused scripted triggers and effects also does not count
[08:54:40][jomini_effect.cpp:1145] [original line 2826] Variable 'asoiaf_canon_children_Tarly_1_born_variable' is set but is never used. Note that use in localization doesn't count due to technical limitations. Use in unused scripted triggers and effects also does not count
[08:54:40][jomini_effect.cpp:1145] [original line 2827] Variable 'asoiaf_canon_children_Tyrell_4_born_variable' is set but is never used. Note that use in localization doesn't count due to technical limitations. Use in unused scripted triggers and effects also does not count
[08:54:40][jomini_effect.cpp:1161] [original line 2828] Event target 'asoiaf_targaryen_invasion_claimant' is used but is never set. Setting it in an unused scripted trigger or effect does not count
[08:54:40][history.cpp:644] [original line 2829] Referencing non-existent character in script link character:Gardener_75
[08:54:40][history.cpp:644] [original line 2830] Referencing non-existent character in script link character:Gardener_75
[08:54:40][history.cpp:644] [original line 2831] Referencing non-existent character in script link character:Dormund_1
[08:54:40][history.cpp:644] [original line 2832] Referencing non-existent character in script link character:Dormund_1
[08:54:40][history.cpp:644] [original line 2833] Referencing non-existent character in script link character:Broome_rs_54
[08:54:40][history.cpp:644] [original line 2834] Referencing non-existent character in script link character:Dormund_1
[08:54:40][history.cpp:644] [original line 2835] Referencing non-existent character in script link character:Dormund_1
[08:54:40][history.cpp:644] [original line 2836] Referencing non-existent character in script link character:Hotah_rs_2
[08:54:40][history.cpp:644] [original line 2837] Referencing non-existent character in script link character:Hotah_rs_2
[08:54:40][history.cpp:644] [original line 2838] Referencing non-existent character in script link character:asoiaf_Targaryen_61_1
[08:54:40][history.cpp:644] [original line 2839] Referencing non-existent character in script link character:asoiaf_Targaryen_61_1
[08:54:40][history.cpp:644] [original line 2840] Referencing non-existent character in script link character:Targaryen_61_1
[08:54:40][history.cpp:644] [original line 2841] Referencing non-existent character in script link character:Targaryen_61_1
[08:54:40][history.cpp:644] [original line 2842] Referencing non-existent character in script link character:Targaryen_61_1
[08:54:40][history.cpp:644] [original line 2843] Referencing non-existent character in script link character:Targaryen_61_1