[12:36:38][E][decision_type.cpp:224]: asoiaf_greyjoy_cadets_decision has 'ai_check_interval'/'ai_check_interval_by_tier' that's negative or unset. Setting to 0 instead
[12:36:38][E][decision_type.cpp:224]: asoiaf_baelish_cadets_decision has 'ai_check_interval'/'ai_check_interval_by_tier' that's negative or unset. Setting to 0 instead
[12:36:38][E][decision_type.cpp:224]: asoiaf_harlaw_cadets_decision has 'ai_check_interval'/'ai_check_interval_by_tier' that's negative or unset. Setting to 0 instead
[12:36:38][E][decision_type.cpp:224]: asoiaf_jon_targ_cadet_branch_decision has 'ai_check_interval'/'ai_check_interval_by_tier' that's negative or unset. Setting to 0 instead
[12:36:38][E][decision_type.cpp:224]: asoiaf_aegon_II_greens_cadet_branch_decision has 'ai_check_interval'/'ai_check_interval_by_tier' that's negative or unset. Setting to 0 instead
[12:36:38][E][decision_type.cpp:224]: show_notifications_decision has 'ai_check_interval'/'ai_check_interval_by_tier' that's negative or unset. Setting to 0 instead
[12:36:38][E][jomini_eventtarget.cpp:692]: Failed to find a valid event target link 'has_religion' at file: gfx/portraits/portrait_modifiers/asoiaf_clothes.txt line: 1092 (asoiaf_drowned_man_clothes_modifiers:weight)
[12:36:38][E][jomini_eventtarget.cpp:692]: Failed to find a valid event target link 'has_religion' at file: gfx/portraits/portrait_modifiers/asoiaf_clothes.txt line: 1176 (asoiaf_drowned_man_clothes_modifiers:weight)
[12:36:39][E][character_currency_effects_impl.cpp:227]: Negative value in remove_short_term_gold: -450. file: events/decisions_events/buy_ruby_crown_events.txt line: 54 (buy_ruby_crown.0999:immediate)
[12:36:46][E][jomini_eventtarget.cpp:692]: Failed to find a valid event target link 'house_Blackfyre' at file: common/scripted_triggers/tgc_loaded_trigger.txt line: 127 (tgc_blackfyre_equipment_trigger)
[12:36:47][E][opinion_modifier.cpp:83]: Modifier 'funded_my_expedition' shouldn't have a duration and monthly_change at the same time!
[12:36:47][E][opinion_modifier.cpp:83]: Modifier 'sent_relative_to_valyria' shouldn't have a duration and monthly_change at the same time!
[12:36:47][E][artifact_feature.cpp:33]: Missing loc key 'feature_dragon_whip_black'
[12:36:47][E][artifact_feature.cpp:33]: Missing loc key 'feature_dragon_whip_silver'
[12:36:47][E][artifact_feature.cpp:33]: Missing loc key 'feature_dragon_whip_bronze'
[12:36:47][E][artifact_visual_type.cpp:31]: Artifact visual type 'asoiaf_hound_armour_visuals' has no defined assets
[12:36:47][E][title_links.cpp:214]: Failed to fetch a valid landed title 'e_hre' at location 'file: common/scripted_guis/DI_char_editor_present_sgui.txt line: 1589 (DI_ce_female_dominated:effect)'
[12:36:47][E][title_links.cpp:214]: Failed to fetch a valid landed title 'e_hre' at location 'file: common/character_interactions/DI_character_interaction.txt line: 4622 (DI_change_succession:on_accept)'
[12:36:47][E][title_links.cpp:214]: Failed to fetch a valid landed title 'e_hre' at location 'file: common/character_interactions/DI_character_interaction.txt line: 4624 (DI_change_succession:on_accept)'
[12:36:47][E][title_links.cpp:214]: Failed to fetch a valid landed title 'e_hre' at location 'file: common/character_interactions/DI_character_interaction.txt line: 4637 (DI_change_succession:on_accept)'
[12:36:47][E][title_links.cpp:214]: Failed to fetch a valid landed title 'e_hre' at location 'file: common/character_interactions/DI_character_interaction.txt line: 4639 (DI_change_succession:on_accept)'
[12:36:47][E][title_links.cpp:214]: Failed to fetch a valid landed title 'b_graced_castle' at location 'file: common/on_action/cowagot_province_on_actions.txt line: 242 (set_provinces_on_actions)'
[12:36:47][E][title_links.cpp:214]: Failed to fetch a valid landed title 'b_cheesemonger_manse' at location 'file: common/on_action/cowagot_province_on_actions.txt line: 246 (set_provinces_on_actions)'
[12:36:47][E][title_links.cpp:214]: Failed to fetch a valid landed title 'c_blood_point' at location 'file: common/on_action/agot_on_actions/test_title_on_actions.txt line: 1030 (asoiaf_daemon_loses_stepstone_claims)'
[12:36:47][E][faith_links.cpp:223]: Failed to scope to faith 'rhllor' at file: common/scripted_effects/asoiaf_setup_effects.txt line: 8439 (asoiaf_got_traits_effect)
[12:36:47][E][faith_links.cpp:223]: Failed to scope to faith 'rhllor' at file: common/scripted_effects/asoiaf_setup_effects.txt line: 9082 (asoiaf_got_traits_effect)
[12:36:47][E][faith_links.cpp:223]: Failed to scope to faith 'rhllor' at file: common/scripted_effects/asoiaf_setup_effects.txt line: 9086 (asoiaf_got_traits_effect)
[12:36:47][E][faith_links.cpp:223]: Failed to scope to faith 'rhllor' at file: common/scripted_effects/asoiaf_setup_effects.txt line: 9087 (asoiaf_got_traits_effect)
[12:36:47][E][faith_links.cpp:223]: Failed to scope to faith 'rhllor' at file: common/scripted_effects/asoiaf_setup_effects.txt line: 9088 (asoiaf_got_traits_effect)
[12:36:47][E][jomini_script_system.cpp:303]: Script system error!
  Error: start_scheme effect [ No targets are set. Did you mean to use 'targets_nothing = yes'? ]
  Script location: file: common/on_action/asoiaf_yearly_on_actions.txt line: 415 (asoiaf_canon_children_dragon_bonding_maintenance)

[12:36:47][E][jomini_script_system.cpp:303]: Script system error!
  Error: start_scheme effect [ Can't start a scheme with an incompatible target type ]
  Script location: file: common/on_action/asoiaf_yearly_on_actions.txt line: 415 (asoiaf_canon_children_dragon_bonding_maintenance)

[12:36:47][E][jomini_script_system.cpp:303]: Script system error!
  Error: start_scheme effect [ No targets are set. Did you mean to use 'targets_nothing = yes'? ]
  Script location: file: common/on_action/asoiaf_yearly_on_actions.txt line: 456 (asoiaf_canon_children_dragon_bonding_maintenance)

[12:36:47][E][jomini_script_system.cpp:303]: Script system error!
  Error: start_scheme effect [ Can't start a scheme with an incompatible target type ]
  Script location: file: common/on_action/asoiaf_yearly_on_actions.txt line: 456 (asoiaf_canon_children_dragon_bonding_maintenance)

[12:36:47][E][jomini_script_system.cpp:303]: Script system error!
  Error: start_scheme effect [ No targets are set. Did you mean to use 'targets_nothing = yes'? ]
  Script location: file: common/on_action/asoiaf_yearly_on_actions.txt line: 497 (asoiaf_canon_children_dragon_bonding_maintenance)

[12:36:47][E][jomini_script_system.cpp:303]: Script system error!
  Error: start_scheme effect [ Can't start a scheme with an incompatible target type ]
  Script location: file: common/on_action/asoiaf_yearly_on_actions.txt line: 497 (asoiaf_canon_children_dragon_bonding_maintenance)

[12:36:47][E][jomini_script_system.cpp:303]: Script system error!
  Error: start_scheme effect [ No targets are set. Did you mean to use 'targets_nothing = yes'? ]
  Script location: file: common/on_action/asoiaf_yearly_on_actions.txt line: 538 (asoiaf_canon_children_dragon_bonding_maintenance)

[12:36:47][E][jomini_script_system.cpp:303]: Script system error!
  Error: start_scheme effect [ Can't start a scheme with an incompatible target type ]
  Script location: file: common/on_action/asoiaf_yearly_on_actions.txt line: 538 (asoiaf_canon_children_dragon_bonding_maintenance)

[12:36:47][E][jomini_script_system.cpp:303]: Script system error!
  Error: start_scheme effect [ No targets are set. Did you mean to use 'targets_nothing = yes'? ]
  Script location: file: common/on_action/asoiaf_yearly_on_actions.txt line: 579 (asoiaf_canon_children_dragon_bonding_maintenance)

[12:36:47][E][jomini_script_system.cpp:303]: Script system error!
  Error: start_scheme effect [ Can't start a scheme with an incompatible target type ]
  Script location: file: common/on_action/asoiaf_yearly_on_actions.txt line: 579 (asoiaf_canon_children_dragon_bonding_maintenance)

[12:36:47][E][jomini_script_system.cpp:303]: Script system error!
  Error: start_scheme effect [ No targets are set. Did you mean to use 'targets_nothing = yes'? ]
  Script location: file: common/on_action/asoiaf_yearly_on_actions.txt line: 620 (asoiaf_canon_children_dragon_bonding_maintenance)

[12:36:47][E][jomini_script_system.cpp:303]: Script system error!
  Error: start_scheme effect [ Can't start a scheme with an incompatible target type ]
  Script location: file: common/on_action/asoiaf_yearly_on_actions.txt line: 620 (asoiaf_canon_children_dragon_bonding_maintenance)

[12:36:47][E][jomini_script_system.cpp:303]: Script system error!
  Error: start_scheme effect [ No targets are set. Did you mean to use 'targets_nothing = yes'? ]
  Script location: file: common/on_action/asoiaf_yearly_on_actions.txt line: 661 (asoiaf_canon_children_dragon_bonding_maintenance)

[12:36:47][E][jomini_script_system.cpp:303]: Script system error!
  Error: start_scheme effect [ Can't start a scheme with an incompatible target type ]
  Script location: file: common/on_action/asoiaf_yearly_on_actions.txt line: 661 (asoiaf_canon_children_dragon_bonding_maintenance)

[12:36:47][E][jomini_script_system.cpp:303]: Script system error!
  Error: start_scheme effect [ No targets are set. Did you mean to use 'targets_nothing = yes'? ]
  Script location: file: common/on_action/asoiaf_yearly_on_actions.txt line: 702 (asoiaf_canon_children_dragon_bonding_maintenance)

[12:36:47][E][jomini_script_system.cpp:303]: Script system error!
  Error: start_scheme effect [ Can't start a scheme with an incompatible target type ]
  Script location: file: common/on_action/asoiaf_yearly_on_actions.txt line: 702 (asoiaf_canon_children_dragon_bonding_maintenance)

[12:36:47][E][jomini_script_system.cpp:303]: Script system error!
  Error: start_scheme effect [ No targets are set. Did you mean to use 'targets_nothing = yes'? ]
  Script location: file: common/on_action/asoiaf_yearly_on_actions.txt line: 743 (asoiaf_canon_children_dragon_bonding_maintenance)

[12:36:47][E][jomini_script_system.cpp:303]: Script system error!
  Error: start_scheme effect [ Can't start a scheme with an incompatible target type ]
  Script location: file: common/on_action/asoiaf_yearly_on_actions.txt line: 743 (asoiaf_canon_children_dragon_bonding_maintenance)

[12:36:47][E][jomini_script_system.cpp:303]: Script system error!
  Error: start_scheme effect [ No targets are set. Did you mean to use 'targets_nothing = yes'? ]
  Script location: file: common/on_action/asoiaf_yearly_on_actions.txt line: 784 (asoiaf_canon_children_dragon_bonding_maintenance)

[12:36:47][E][jomini_script_system.cpp:303]: Script system error!
  Error: start_scheme effect [ Can't start a scheme with an incompatible target type ]
  Script location: file: common/on_action/asoiaf_yearly_on_actions.txt line: 784 (asoiaf_canon_children_dragon_bonding_maintenance)

[12:36:47][E][jomini_script_system.cpp:303]: Script system error!
  Error: trigger_event effect [ Event [agot_cities.5000] not found ]
  Script location: file: common/buildings/yy_agotcities_special_buildings_westeros.txt line: 1827 (planky_town_special:on_complete)

[12:36:47][E][jomini_script_system.cpp:303]: Script system error!
  Error: trigger_event effect [ Event [agot_cities.5000] not found ]
  Script location: file: common/buildings/yy_agotcities_special_buildings_westeros.txt line: 1993 (agot_castamere_03:on_complete)

[12:36:47][E][jomini_script_system.cpp:303]: Script system error!
  Error: trigger_event effect [ Event [agot_cities.5000] not found ]
  Script location: file: common/buildings/yy_agotcities_special_buildings_westeros.txt line: 2295 (24castamere_03:on_complete)

[12:36:47][E][jomini_script_system.cpp:303]: Script system error!
  Error: create_artifact effect [ Invalid artifact template 'vs_blackfyre_template' ]
  Script location: file: common/scripted_effects/00_agot_artifact_vs_sword_effects_override.txt line: 13 (agot_create_artifact_vs_blackfyre_effect[args#3618947653])

[12:36:47][E][jomini_script_system.cpp:303]: Script system error!
  Error: create_artifact effect [ Invalid artifact template 'vs_blackfyre_template' ]
  Script location: file: common/scripted_effects/00_agot_artifact_vs_sword_effects_override.txt line: 31 (agot_create_artifact_vs_blackfyre_effect[args#3618947653])

[12:36:47][E][jomini_script_system.cpp:303]: Script system error!
  Error: create_artifact effect [ Invalid artifact template 'vs_blackfyre_template' ]
  Script location: file: common/scripted_effects/00_agot_artifact_vs_sword_effects_override.txt line: 13 (agot_create_artifact_vs_blackfyre_effect[args#141906969])

[12:36:47][E][jomini_script_system.cpp:303]: Script system error!
  Error: create_artifact effect [ Invalid artifact template 'vs_blackfyre_template' ]
  Script location: file: common/scripted_effects/00_agot_artifact_vs_sword_effects_override.txt line: 31 (agot_create_artifact_vs_blackfyre_effect[args#141906969])

[12:36:47][E][jomini_script_system.cpp:303]: Script system error!
  Error: create_artifact effect [ Invalid artifact template 'vs_dark_sister_template' ]
  Script location: file: common/scripted_effects/asoiaf_scripted_effects_artifacts.txt line: 1233 (agot_create_artifact_vs_dark_sister_effect[args#3618947653])

[12:36:47][E][jomini_script_system.cpp:303]: Script system error!
  Error: create_artifact effect [ Invalid artifact template 'vs_dark_sister_template' ]
  Script location: file: common/scripted_effects/asoiaf_scripted_effects_artifacts.txt line: 1261 (agot_create_artifact_vs_dark_sister_effect[args#3618947653])

[12:36:47][E][jomini_script_system.cpp:303]: Script system error!
  Error: create_artifact effect [ Invalid artifact template 'vs_dark_sister_template' ]
  Script location: file: common/scripted_effects/asoiaf_scripted_effects_artifacts.txt line: 1291 (agot_create_artifact_vs_dark_sister_effect[args#3618947653])

[12:36:47][E][jomini_script_system.cpp:303]: Script system error!
  Error: create_artifact effect [ Invalid artifact template 'vs_dark_sister_template' ]
  Script location: file: common/scripted_effects/asoiaf_scripted_effects_artifacts.txt line: 1233 (agot_create_artifact_vs_dark_sister_effect[args#141906969])

[12:36:47][E][jomini_script_system.cpp:303]: Script system error!
  Error: create_artifact effect [ Invalid artifact template 'vs_dark_sister_template' ]
  Script location: file: common/scripted_effects/asoiaf_scripted_effects_artifacts.txt line: 1261 (agot_create_artifact_vs_dark_sister_effect[args#141906969])

[12:36:47][E][jomini_script_system.cpp:303]: Script system error!
  Error: create_artifact effect [ Invalid artifact template 'vs_dark_sister_template' ]
  Script location: file: common/scripted_effects/asoiaf_scripted_effects_artifacts.txt line: 1291 (agot_create_artifact_vs_dark_sister_effect[args#141906969])

[12:36:47][E][jomini_script_system.cpp:303]: Script system error!
  Error: create_artifact effect [ Invalid artifact template 'vs_heartsbane_template' ]
  Script location: file: common/scripted_effects/asoiaf_scripted_effects_artifacts.txt line: 235 (agot_create_artifact_vs_heartsbane_effect[args#3618947653])

[12:36:47][E][jomini_script_system.cpp:303]: Script system error!
  Error: create_artifact effect [ Invalid artifact template 'vs_heartsbane_template' ]
  Script location: file: common/scripted_effects/asoiaf_scripted_effects_artifacts.txt line: 253 (agot_create_artifact_vs_heartsbane_effect[args#3618947653])

[12:36:47][E][jomini_script_system.cpp:303]: Script system error!
  Error: create_artifact effect [ Invalid artifact template 'vs_ice_template' ]
  Script location: file: common/scripted_effects/asoiaf_scripted_effects_artifacts.txt line: 10 (agot_create_artifact_vs_ice_effect[args#3618947653])

[12:36:47][E][jomini_script_system.cpp:303]: Script system error!
  Error: create_artifact effect [ Invalid artifact template 'vs_ice_template' ]
  Script location: file: common/scripted_effects/asoiaf_scripted_effects_artifacts.txt line: 30 (agot_create_artifact_vs_ice_effect[args#3618947653])

[12:36:47][E][jomini_script_system.cpp:303]: Script system error!
  Error: create_artifact effect [ Invalid artifact template 'vs_longclaw_template' ]
  Script location: file: common/scripted_effects/asoiaf_scripted_effects_artifacts.txt line: 401 (agot_create_artifact_vs_longclaw_effect[args#3618947653])

[12:36:47][E][jomini_script_system.cpp:303]: Script system error!
  Error: create_artifact effect [ Invalid artifact template 'vs_longclaw_template' ]
  Script location: file: common/scripted_effects/asoiaf_scripted_effects_artifacts.txt line: 421 (agot_create_artifact_vs_longclaw_effect[args#3618947653])

[12:36:47][E][jomini_script_system.cpp:303]: Script system error!
  Error: create_artifact effect [ Invalid artifact template 'vs_pincer_template' ]
  Script location: file: common/scripted_effects/00_agot_artifact_vs_sword_effects_override.txt line: 604 (agot_create_artifact_vs_pincer_effect[args#3618947653])

[12:36:47][E][jomini_script_system.cpp:303]: Script system error!
  Error: create_artifact effect [ Invalid artifact template 'vs_pincer_template' ]
  Script location: file: common/scripted_effects/00_agot_artifact_vs_sword_effects_override.txt line: 630 (agot_create_artifact_vs_pincer_effect[args#3618947653])

[12:36:47][E][jomini_script_system.cpp:303]: Script system error!
  Error: create_artifact effect [ Invalid artifact template 'vs_seafoam_template' ]
  Script location: file: common/scripted_effects/00_agot_artifact_vs_sword_effects_override.txt line: 455 (agot_create_artifact_vs_seafoam_effect[args#3618947653])

[12:36:47][E][jomini_script_system.cpp:303]: Script system error!
  Error: create_artifact effect [ Invalid artifact template 'vs_seafoam_template' ]
  Script location: file: common/scripted_effects/00_agot_artifact_vs_sword_effects_override.txt line: 475 (agot_create_artifact_vs_seafoam_effect[args#3618947653])

[12:36:47][E][jomini_script_system.cpp:303]: Script system error!
  Error: create_artifact effect [ Invalid artifact template 'vs_widows_wail_template' ]
  Script location: file: common/scripted_effects/asoiaf_scripted_effects_artifacts.txt line: 866 (agot_create_artifact_vs_widows_wail_effect[args#2270358642])

[12:36:47][E][jomini_script_system.cpp:303]: Script system error!
  Error: create_artifact effect [ Invalid artifact template 'vs_widows_wail_template' ]
  Script location: file: common/scripted_effects/asoiaf_scripted_effects_artifacts.txt line: 881 (agot_create_artifact_vs_widows_wail_effect[args#2270358642])

[12:36:47][E][jomini_script_system.cpp:303]: Script system error!
  Error: create_artifact effect [ Invalid artifact template 'vs_widows_wail_template' ]
  Script location: file: common/scripted_effects/asoiaf_scripted_effects_artifacts.txt line: 866 (agot_create_artifact_vs_widows_wail_effect[args#2373236391])

[12:36:47][E][jomini_script_system.cpp:303]: Script system error!
  Error: create_artifact effect [ Invalid artifact template 'vs_widows_wail_template' ]
  Script location: file: common/scripted_effects/asoiaf_scripted_effects_artifacts.txt line: 881 (agot_create_artifact_vs_widows_wail_effect[args#2373236391])

[12:36:47][E][jomini_script_system.cpp:303]: Script system error!
  Error: create_artifact effect [ Invalid artifact template 'vs_oathkeeper_template' ]
  Script location: file: common/scripted_effects/asoiaf_scripted_effects_artifacts.txt line: 667 (agot_create_artifact_vs_oathkeeper_effect[args#2373236391])

[12:36:47][E][jomini_script_system.cpp:303]: Script system error!
  Error: create_artifact effect [ Invalid artifact template 'vs_oathkeeper_template' ]
  Script location: file: common/scripted_effects/asoiaf_scripted_effects_artifacts.txt line: 682 (agot_create_artifact_vs_oathkeeper_effect[args#2373236391])

[12:36:47][E][jomini_script_system.cpp:303]: Script system error!
  Error: create_artifact effect [ Invalid static modifier 'artifact_personal_scheme_power_add_5_modifier' ]
  Script location: file: common/scripted_effects/00_lotd_artifact_creation_effects.txt line: 8 (create_artifact_subterfuge_effect[args#141906969])

[12:36:47][E][jomini_script_system.cpp:303]: Script system error!
  Error: add_character_modifier effect [ Modifier 'asoiaf_Targaryen_95_modifier' doesn't match expected type 'character', due to 'none' ]
  Script location: file: common/scripted_effects/asoiaf_assign_inactive_traits_effects.txt line: 813 (asoiaf_assign_inactive_traits_effect)

[12:36:47][E][jomini_script_system.cpp:303]: Script system error!
  Error: add_character_modifier effect [ Modifier 'asoiaf_Greyjoy_13_alt_modifier' doesn't match expected type 'character', due to 'none' ]
  Script location: file: common/scripted_effects/asoiaf_assign_inactive_traits_effects.txt line: 2606 (asoiaf_assign_inactive_traits_effect)

[12:36:47][E][jomini_script_system.cpp:303]: Script system error!
  Error: give_nickname effect [ Cannot find nick_the_imp in nickname database ]
  Script location: file: common/scripted_effects/asoiaf_canon_children_effects.txt line: 2899 (asoiaf_canon_children_Lannister_8_birth_effect:after_creation)

[12:36:47][E][jomini_script_system.cpp:303]: Script system error!
  Error: start_scheme effect [ No targets are set. Did you mean to use 'targets_nothing = yes'? ]
  Script location: file: common/scripted_effects/asoiaf_canon_children_effects.txt line: 4379 (asoiaf_canon_children_Targaryen_30_birth_effect:after_creation)

[12:36:47][E][jomini_script_system.cpp:303]: Script system error!
  Error: start_scheme effect [ Can't start a scheme with an incompatible target type ]
  Script location: file: common/scripted_effects/asoiaf_canon_children_effects.txt line: 4379 (asoiaf_canon_children_Targaryen_30_birth_effect:after_creation)

[12:36:47][E][jomini_script_system.cpp:303]: Script system error!
  Error: start_scheme effect [ No targets are set. Did you mean to use 'targets_nothing = yes'? ]
  Script location: file: common/scripted_effects/asoiaf_canon_children_effects.txt line: 4474 (asoiaf_canon_children_Targaryen_31_birth_effect:after_creation)

[12:36:47][E][jomini_script_system.cpp:303]: Script system error!
  Error: start_scheme effect [ Can't start a scheme with an incompatible target type ]
  Script location: file: common/scripted_effects/asoiaf_canon_children_effects.txt line: 4474 (asoiaf_canon_children_Targaryen_31_birth_effect:after_creation)

[12:36:47][E][jomini_script_system.cpp:303]: Script system error!
  Error: start_scheme effect [ No targets are set. Did you mean to use 'targets_nothing = yes'? ]
  Script location: file: common/scripted_effects/asoiaf_canon_children_effects.txt line: 4628 (asoiaf_canon_children_Targaryen_33_birth_effect:after_creation)

[12:36:47][E][jomini_script_system.cpp:303]: Script system error!
  Error: start_scheme effect [ Can't start a scheme with an incompatible target type ]
  Script location: file: common/scripted_effects/asoiaf_canon_children_effects.txt line: 4628 (asoiaf_canon_children_Targaryen_33_birth_effect:after_creation)

[12:36:47][E][jomini_script_system.cpp:303]: Script system error!
  Error: start_scheme effect [ No targets are set. Did you mean to use 'targets_nothing = yes'? ]
  Script location: file: common/scripted_effects/asoiaf_canon_children_effects.txt line: 4790 (asoiaf_canon_children_Targaryen_35_birth_effect:after_creation)

[12:36:47][E][jomini_script_system.cpp:303]: Script system error!
  Error: start_scheme effect [ Can't start a scheme with an incompatible target type ]
  Script location: file: common/scripted_effects/asoiaf_canon_children_effects.txt line: 4790 (asoiaf_canon_children_Targaryen_35_birth_effect:after_creation)

[12:36:47][E][jomini_script_system.cpp:303]: Script system error!
  Error: start_scheme effect [ No targets are set. Did you mean to use 'targets_nothing = yes'? ]
  Script location: file: common/scripted_effects/asoiaf_canon_children_effects.txt line: 4881 (asoiaf_canon_children_Targaryen_36_birth_effect:after_creation)

[12:36:47][E][jomini_script_system.cpp:303]: Script system error!
  Error: start_scheme effect [ Can't start a scheme with an incompatible target type ]
  Script location: file: common/scripted_effects/asoiaf_canon_children_effects.txt line: 4881 (asoiaf_canon_children_Targaryen_36_birth_effect:after_creation)

[12:36:47][E][jomini_script_system.cpp:303]: Script system error!
  Error: start_scheme effect [ No targets are set. Did you mean to use 'targets_nothing = yes'? ]
  Script location: file: common/scripted_effects/asoiaf_canon_children_effects.txt line: 5181 (asoiaf_canon_children_Targaryen_41_and_42_birth_effect:after_creation)

[12:36:47][E][jomini_script_system.cpp:303]: Script system error!
  Error: start_scheme effect [ Can't start a scheme with an incompatible target type ]
  Script location: file: common/scripted_effects/asoiaf_canon_children_effects.txt line: 5181 (asoiaf_canon_children_Targaryen_41_and_42_birth_effect:after_creation)

[12:36:47][E][jomini_script_system.cpp:303]: Script system error!
  Error: start_scheme effect [ No targets are set. Did you mean to use 'targets_nothing = yes'? ]
  Script location: file: common/scripted_effects/asoiaf_canon_children_effects.txt line: 5417 (asoiaf_canon_children_Targaryen_45_birth_effect:after_creation)

[12:36:47][E][jomini_script_system.cpp:303]: Script system error!
  Error: start_scheme effect [ Can't start a scheme with an incompatible target type ]
  Script location: file: common/scripted_effects/asoiaf_canon_children_effects.txt line: 5417 (asoiaf_canon_children_Targaryen_45_birth_effect:after_creation)

[12:36:47][E][jomini_script_system.cpp:303]: Script system error!
  Error: start_scheme effect [ No targets are set. Did you mean to use 'targets_nothing = yes'? ]
  Script location: file: common/scripted_effects/asoiaf_canon_children_effects.txt line: 5551 (asoiaf_canon_children_Targaryen_47_birth_effect:after_creation)

[12:36:47][E][jomini_script_system.cpp:303]: Script system error!
  Error: start_scheme effect [ Can't start a scheme with an incompatible target type ]
  Script location: file: common/scripted_effects/asoiaf_canon_children_effects.txt line: 5551 (asoiaf_canon_children_Targaryen_47_birth_effect:after_creation)

[12:36:47][E][jomini_script_system.cpp:303]: Script system error!
  Error: start_scheme effect [ No targets are set. Did you mean to use 'targets_nothing = yes'? ]
  Script location: file: common/scripted_effects/asoiaf_canon_children_effects.txt line: 6331 (asoiaf_canon_children_Targaryen_59_birth_effect:after_creation)

[12:36:47][E][jomini_script_system.cpp:303]: Script system error!
  Error: start_scheme effect [ Can't start a scheme with an incompatible target type ]
  Script location: file: common/scripted_effects/asoiaf_canon_children_effects.txt line: 6331 (asoiaf_canon_children_Targaryen_59_birth_effect:after_creation)

[12:36:47][E][jomini_script_system.cpp:303]: Script system error!
  Error: start_scheme effect [ No targets are set. Did you mean to use 'targets_nothing = yes'? ]
  Script location: file: common/scripted_effects/asoiaf_canon_children_effects.txt line: 6439 (asoiaf_canon_children_Targaryen_60_birth_effect:after_creation)

[12:36:47][E][jomini_script_system.cpp:303]: Script system error!
  Error: start_scheme effect [ Can't start a scheme with an incompatible target type ]
  Script location: file: common/scripted_effects/asoiaf_canon_children_effects.txt line: 6439 (asoiaf_canon_children_Targaryen_60_birth_effect:after_creation)

[12:36:47][E][jomini_script_system.cpp:303]: Script system error!
  Error: start_scheme effect [ No targets are set. Did you mean to use 'targets_nothing = yes'? ]
  Script location: file: common/scripted_effects/asoiaf_canon_children_effects.txt line: 6542 (asoiaf_canon_children_Targaryen_61_birth_effect:after_creation)

[12:36:47][E][jomini_script_system.cpp:303]: Script system error!
  Error: start_scheme effect [ Can't start a scheme with an incompatible target type ]
  Script location: file: common/scripted_effects/asoiaf_canon_children_effects.txt line: 6542 (asoiaf_canon_children_Targaryen_61_birth_effect:after_creation)

[12:36:47][E][jomini_script_system.cpp:303]: Script system error!
  Error: start_scheme effect [ No targets are set. Did you mean to use 'targets_nothing = yes'? ]
  Script location: file: common/scripted_effects/asoiaf_canon_children_effects.txt line: 6729 (asoiaf_canon_children_Targaryen_63_birth_effect:after_creation)

[12:36:47][E][jomini_script_system.cpp:303]: Script system error!
  Error: start_scheme effect [ Can't start a scheme with an incompatible target type ]
  Script location: file: common/scripted_effects/asoiaf_canon_children_effects.txt line: 6729 (asoiaf_canon_children_Targaryen_63_birth_effect:after_creation)

[12:36:47][E][jomini_script_system.cpp:303]: Script system error!
  Error: start_scheme effect [ No targets are set. Did you mean to use 'targets_nothing = yes'? ]
  Script location: file: common/scripted_effects/asoiaf_canon_children_effects.txt line: 6896 (asoiaf_canon_children_Targaryen_65_birth_effect:after_creation)

[12:36:47][E][jomini_script_system.cpp:303]: Script system error!
  Error: start_scheme effect [ Can't start a scheme with an incompatible target type ]
  Script location: file: common/scripted_effects/asoiaf_canon_children_effects.txt line: 6896 (asoiaf_canon_children_Targaryen_65_birth_effect:after_creation)

[12:36:47][E][jomini_script_system.cpp:303]: Script system error!
  Error: start_scheme effect [ No targets are set. Did you mean to use 'targets_nothing = yes'? ]
  Script location: file: common/scripted_effects/asoiaf_canon_children_effects.txt line: 7020 (asoiaf_canon_children_Targaryen_66_birth_effect:after_creation)

[12:36:47][E][jomini_script_system.cpp:303]: Script system error!
  Error: start_scheme effect [ Can't start a scheme with an incompatible target type ]
  Script location: file: common/scripted_effects/asoiaf_canon_children_effects.txt line: 7020 (asoiaf_canon_children_Targaryen_66_birth_effect:after_creation)

[12:36:47][E][jomini_script_system.cpp:303]: Script system error!
  Error: start_scheme effect [ No targets are set. Did you mean to use 'targets_nothing = yes'? ]
  Script location: file: common/scripted_effects/asoiaf_canon_children_effects.txt line: 7131 (asoiaf_canon_children_Targaryen_67_birth_effect:after_creation)

[12:36:47][E][jomini_script_system.cpp:303]: Script system error!
  Error: start_scheme effect [ Can't start a scheme with an incompatible target type ]
  Script location: file: common/scripted_effects/asoiaf_canon_children_effects.txt line: 7131 (asoiaf_canon_children_Targaryen_67_birth_effect:after_creation)

[12:36:47][E][jomini_script_system.cpp:303]: Script system error!
  Error: start_scheme effect [ No targets are set. Did you mean to use 'targets_nothing = yes'? ]
  Script location: file: common/scripted_effects/asoiaf_canon_children_effects.txt line: 7282 (asoiaf_canon_children_Targaryen_68_birth_effect:after_creation)

[12:36:47][E][jomini_script_system.cpp:303]: Script system error!
  Error: start_scheme effect [ Can't start a scheme with an incompatible target type ]
  Script location: file: common/scripted_effects/asoiaf_canon_children_effects.txt line: 7282 (asoiaf_canon_children_Targaryen_68_birth_effect:after_creation)

[12:36:47][E][jomini_script_system.cpp:303]: Script system error!
  Error: start_scheme effect [ No targets are set. Did you mean to use 'targets_nothing = yes'? ]
  Script location: file: common/scripted_effects/asoiaf_canon_children_effects.txt line: 7425 (asoiaf_canon_children_Targaryen_69_birth_effect:after_creation)

[12:36:47][E][jomini_script_system.cpp:303]: Script system error!
  Error: start_scheme effect [ Can't start a scheme with an incompatible target type ]
  Script location: file: common/scripted_effects/asoiaf_canon_children_effects.txt line: 7425 (asoiaf_canon_children_Targaryen_69_birth_effect:after_creation)

[12:36:47][E][jomini_script_system.cpp:303]: Script system error!
  Error: start_scheme effect [ No targets are set. Did you mean to use 'targets_nothing = yes'? ]
  Script location: file: common/scripted_effects/asoiaf_canon_children_effects.txt line: 7513 (asoiaf_canon_children_Targaryen_70_birth_effect:after_creation)

[12:36:47][E][jomini_script_system.cpp:303]: Script system error!
  Error: start_scheme effect [ Can't start a scheme with an incompatible target type ]
  Script location: file: common/scripted_effects/asoiaf_canon_children_effects.txt line: 7513 (asoiaf_canon_children_Targaryen_70_birth_effect:after_creation)

[12:36:47][E][jomini_script_system.cpp:303]: Script system error!
  Error: create_artifact effect [ Invalid artifact template 'vs_blackfyre_template' ]
  Script location: file: common/scripted_effects/00_agot_artifact_vs_sword_effects_override.txt line: 13 (agot_create_artifact_vs_blackfyre_effect[args#979117111])

[12:36:47][E][jomini_script_system.cpp:303]: Script system error!
  Error: create_artifact effect [ Invalid artifact template 'vs_blackfyre_template' ]
  Script location: file: common/scripted_effects/00_agot_artifact_vs_sword_effects_override.txt line: 31 (agot_create_artifact_vs_blackfyre_effect[args#979117111])

[12:36:47][E][jomini_script_system.cpp:303]: Script system error!
  Error: start_scheme effect [ No targets are set. Did you mean to use 'targets_nothing = yes'? ]
  Script location: file: common/scripted_effects/asoiaf_canon_children_effects.txt line: 7840 (asoiaf_canon_children_Targaryen_75_birth_effect:after_creation)

[12:36:47][E][jomini_script_system.cpp:303]: Script system error!
  Error: start_scheme effect [ Can't start a scheme with an incompatible target type ]
  Script location: file: common/scripted_effects/asoiaf_canon_children_effects.txt line: 7840 (asoiaf_canon_children_Targaryen_75_birth_effect:after_creation)

[12:36:47][E][jomini_script_system.cpp:303]: Script system error!
  Error: start_scheme effect [ No targets are set. Did you mean to use 'targets_nothing = yes'? ]
  Script location: file: common/scripted_effects/asoiaf_canon_children_effects.txt line: 7994 (asoiaf_canon_children_Targaryen_76_birth_effect:after_creation)

[12:36:47][E][jomini_script_system.cpp:303]: Script system error!
  Error: start_scheme effect [ Can't start a scheme with an incompatible target type ]
  Script location: file: common/scripted_effects/asoiaf_canon_children_effects.txt line: 7994 (asoiaf_canon_children_Targaryen_76_birth_effect:after_creation)

[12:36:47][E][jomini_script_system.cpp:303]: Script system error!
  Error: create_artifact effect [ Invalid artifact template 'vs_dark_sister_template' ]
  Script location: file: common/scripted_effects/asoiaf_scripted_effects_artifacts.txt line: 1233 (agot_create_artifact_vs_dark_sister_effect[args#979117111])

[12:36:47][E][jomini_script_system.cpp:303]: Script system error!
  Error: create_artifact effect [ Invalid artifact template 'vs_dark_sister_template' ]
  Script location: file: common/scripted_effects/asoiaf_scripted_effects_artifacts.txt line: 1261 (agot_create_artifact_vs_dark_sister_effect[args#979117111])

[12:36:47][E][jomini_script_system.cpp:303]: Script system error!
  Error: create_artifact effect [ Invalid artifact template 'vs_dark_sister_template' ]
  Script location: file: common/scripted_effects/asoiaf_scripted_effects_artifacts.txt line: 1291 (agot_create_artifact_vs_dark_sister_effect[args#979117111])

[12:36:47][E][jomini_script_system.cpp:303]: Script system error!
  Error: start_scheme effect [ No targets are set. Did you mean to use 'targets_nothing = yes'? ]
  Script location: file: common/scripted_effects/asoiaf_canon_children_effects.txt line: 8141 (asoiaf_canon_children_Targaryen_77_birth_effect:after_creation)

[12:36:47][E][jomini_script_system.cpp:303]: Script system error!
  Error: start_scheme effect [ Can't start a scheme with an incompatible target type ]
  Script location: file: common/scripted_effects/asoiaf_canon_children_effects.txt line: 8141 (asoiaf_canon_children_Targaryen_77_birth_effect:after_creation)

[12:36:47][E][jomini_script_system.cpp:303]: Script system error!
  Error: start_scheme effect [ No targets are set. Did you mean to use 'targets_nothing = yes'? ]
  Script location: file: common/scripted_effects/asoiaf_canon_children_effects.txt line: 8283 (asoiaf_canon_children_Targaryen_78_birth_effect:after_creation)

[12:36:47][E][jomini_script_system.cpp:303]: Script system error!
  Error: start_scheme effect [ Can't start a scheme with an incompatible target type ]
  Script location: file: common/scripted_effects/asoiaf_canon_children_effects.txt line: 8283 (asoiaf_canon_children_Targaryen_78_birth_effect:after_creation)

[12:36:47][E][jomini_script_system.cpp:303]: Script system error!
  Error: create_artifact effect [ Invalid artifact template 'vs_heartsbane_template' ]
  Script location: file: common/scripted_effects/asoiaf_scripted_effects_artifacts.txt line: 235 (agot_create_artifact_vs_heartsbane_effect[args#979117111])

[12:36:47][E][jomini_script_system.cpp:303]: Script system error!
  Error: create_artifact effect [ Invalid artifact template 'vs_heartsbane_template' ]
  Script location: file: common/scripted_effects/asoiaf_scripted_effects_artifacts.txt line: 253 (agot_create_artifact_vs_heartsbane_effect[args#979117111])

[12:36:47][E][jomini_script_system.cpp:303]: Script system error!
  Error: create_artifact effect [ Invalid artifact template 'vs_ice_template' ]
  Script location: file: common/scripted_effects/asoiaf_scripted_effects_artifacts.txt line: 10 (agot_create_artifact_vs_ice_effect[args#979117111])

[12:36:47][E][jomini_script_system.cpp:303]: Script system error!
  Error: create_artifact effect [ Invalid artifact template 'vs_ice_template' ]
  Script location: file: common/scripted_effects/asoiaf_scripted_effects_artifacts.txt line: 30 (agot_create_artifact_vs_ice_effect[args#979117111])

[12:36:47][E][jomini_script_system.cpp:303]: Script system error!
  Error: create_artifact effect [ Invalid artifact template 'vs_longclaw_template' ]
  Script location: file: common/scripted_effects/asoiaf_scripted_effects_artifacts.txt line: 401 (agot_create_artifact_vs_longclaw_effect[args#979117111])

[12:36:47][E][jomini_script_system.cpp:303]: Script system error!
  Error: create_artifact effect [ Invalid artifact template 'vs_longclaw_template' ]
  Script location: file: common/scripted_effects/asoiaf_scripted_effects_artifacts.txt line: 421 (agot_create_artifact_vs_longclaw_effect[args#979117111])

[12:36:47][E][jomini_script_system.cpp:303]: Script system error!
  Error: create_artifact effect [ Invalid artifact template 'vs_pincer_template' ]
  Script location: file: common/scripted_effects/00_agot_artifact_vs_sword_effects_override.txt line: 604 (agot_create_artifact_vs_pincer_effect[args#979117111])

[12:36:47][E][jomini_script_system.cpp:303]: Script system error!
  Error: create_artifact effect [ Invalid artifact template 'vs_pincer_template' ]
  Script location: file: common/scripted_effects/00_agot_artifact_vs_sword_effects_override.txt line: 630 (agot_create_artifact_vs_pincer_effect[args#979117111])

[12:36:47][E][jomini_script_system.cpp:303]: Script system error!
  Error: create_artifact effect [ Invalid artifact template 'vs_seafoam_template' ]
  Script location: file: common/scripted_effects/00_agot_artifact_vs_sword_effects_override.txt line: 455 (agot_create_artifact_vs_seafoam_effect[args#979117111])

[12:36:47][E][jomini_script_system.cpp:303]: Script system error!
  Error: create_artifact effect [ Invalid artifact template 'vs_seafoam_template' ]
  Script location: file: common/scripted_effects/00_agot_artifact_vs_sword_effects_override.txt line: 475 (agot_create_artifact_vs_seafoam_effect[args#979117111])

[12:36:47][E][jomini_script_system.cpp:303]: Script system error!
  Error: start_scheme effect [ No targets are set. Did you mean to use 'targets_nothing = yes'? ]
  Script location: file: common/scripted_effects/asoiaf_canon_children_effects.txt line: 11744 (asoiaf_canon_children_Velaryon_34_birth_effect:after_creation)

[12:36:47][E][jomini_script_system.cpp:303]: Script system error!
  Error: start_scheme effect [ Can't start a scheme with an incompatible target type ]
  Script location: file: common/scripted_effects/asoiaf_canon_children_effects.txt line: 11744 (asoiaf_canon_children_Velaryon_34_birth_effect:after_creation)

[12:36:47][E][jomini_script_system.cpp:303]: Script system error!
  Error: start_scheme effect [ No targets are set. Did you mean to use 'targets_nothing = yes'? ]
  Script location: file: common/scripted_effects/asoiaf_canon_children_effects.txt line: 11829 (asoiaf_canon_children_Velaryon_35_birth_effect:after_creation)

[12:36:47][E][jomini_script_system.cpp:303]: Script system error!
  Error: start_scheme effect [ Can't start a scheme with an incompatible target type ]
  Script location: file: common/scripted_effects/asoiaf_canon_children_effects.txt line: 11829 (asoiaf_canon_children_Velaryon_35_birth_effect:after_creation)

[12:36:47][E][jomini_script_system.cpp:303]: Script system error!
  Error: add_character_modifier effect [ Modifier 'asoiaf_Greyjoy_13_alt_modifier' doesn't match expected type 'character', due to 'none' ]
  Script location: file: common/scripted_effects/asoiaf_canon_children_effects.txt line: 13359 (asoiaf_canon_children_Greyjoy_13_birth_effect:after_creation)

[12:36:47][E][jomini_script_system.cpp:303]: Script system error!
  Error: create_artifact effect [ Invalid artifact template 'vs_oathkeeper_template' ]
  Script location: file: common/scripted_effects/asoiaf_scripted_effects_artifacts.txt line: 717 (asoiaf_create_artifact_oathkeeper_effect_decision[args#1247474068])

[12:36:47][E][jomini_script_system.cpp:303]: Script system error!
  Error: create_artifact effect [ Invalid artifact template 'vs_oathkeeper_template' ]
  Script location: file: common/scripted_effects/asoiaf_scripted_effects_artifacts.txt line: 737 (asoiaf_create_artifact_oathkeeper_effect_decision[args#1247474068])

[12:36:47][E][jomini_script_system.cpp:303]: Script system error!
  Error: create_artifact effect [ Invalid artifact template 'vs_widows_wail_template' ]
  Script location: file: common/scripted_effects/asoiaf_scripted_effects_artifacts.txt line: 916 (asoiaf_create_artifact_widows_wail_effect_decision[args#1247474068])

[12:36:47][E][jomini_script_system.cpp:303]: Script system error!
  Error: create_artifact effect [ Invalid artifact template 'vs_widows_wail_template' ]
  Script location: file: common/scripted_effects/asoiaf_scripted_effects_artifacts.txt line: 936 (asoiaf_create_artifact_widows_wail_effect_decision[args#1247474068])

[12:36:47][E][jomini_script_system.cpp:303]: Script system error!
  Error: create_artifact effect [ Invalid artifact template 'vs_widows_wail_template' ]
  Script location: file: common/scripted_effects/asoiaf_scripted_effects_artifacts.txt line: 785 (agot_create_artifact_vs_widows_wail_historical_effect[args#2425720076])

[12:36:47][E][jomini_script_system.cpp:303]: Script system error!
  Error: create_artifact effect [ Invalid artifact template 'vs_widows_wail_template' ]
  Script location: file: common/scripted_effects/asoiaf_scripted_effects_artifacts.txt line: 805 (agot_create_artifact_vs_widows_wail_historical_effect[args#2425720076])

[12:36:47][E][jomini_script_system.cpp:303]: Script system error!
  Error: create_artifact effect [ Invalid artifact template 'vs_seafoam_template' ]
  Script location: file: common/scripted_effects/00_agot_artifact_vs_sword_effects_override.txt line: 455 (agot_create_artifact_vs_seafoam_effect[args#2425720076])

[12:36:47][E][jomini_script_system.cpp:303]: Script system error!
  Error: create_artifact effect [ Invalid artifact template 'vs_seafoam_template' ]
  Script location: file: common/scripted_effects/00_agot_artifact_vs_sword_effects_override.txt line: 475 (agot_create_artifact_vs_seafoam_effect[args#2425720076])

[12:36:47][E][jomini_script_system.cpp:303]: Script system error!
  Error: create_artifact effect [ Invalid artifact template 'vs_pincer_template' ]
  Script location: file: common/scripted_effects/00_agot_artifact_vs_sword_effects_override.txt line: 604 (agot_create_artifact_vs_pincer_effect[args#2425720076])

[12:36:47][E][jomini_script_system.cpp:303]: Script system error!
  Error: create_artifact effect [ Invalid artifact template 'vs_pincer_template' ]
  Script location: file: common/scripted_effects/00_agot_artifact_vs_sword_effects_override.txt line: 630 (agot_create_artifact_vs_pincer_effect[args#2425720076])

[12:36:47][E][jomini_script_system.cpp:303]: Script system error!
  Error: create_artifact effect [ Invalid artifact template 'vs_longclaw_template' ]
  Script location: file: common/scripted_effects/asoiaf_scripted_effects_artifacts.txt line: 401 (agot_create_artifact_vs_longclaw_effect[args#2425720076])

[12:36:47][E][jomini_script_system.cpp:303]: Script system error!
  Error: create_artifact effect [ Invalid artifact template 'vs_longclaw_template' ]
  Script location: file: common/scripted_effects/asoiaf_scripted_effects_artifacts.txt line: 421 (agot_create_artifact_vs_longclaw_effect[args#2425720076])

[12:36:47][E][jomini_script_system.cpp:303]: Script system error!
  Error: create_artifact effect [ Invalid artifact template 'vs_ice_template' ]
  Script location: file: common/scripted_effects/asoiaf_scripted_effects_artifacts.txt line: 10 (agot_create_artifact_vs_ice_effect[args#2425720076])

[12:36:47][E][jomini_script_system.cpp:303]: Script system error!
  Error: create_artifact effect [ Invalid artifact template 'vs_ice_template' ]
  Script location: file: common/scripted_effects/asoiaf_scripted_effects_artifacts.txt line: 30 (agot_create_artifact_vs_ice_effect[args#2425720076])

[12:36:47][E][jomini_script_system.cpp:303]: Script system error!
  Error: create_artifact effect [ Invalid artifact template 'vs_heartsbane_template' ]
  Script location: file: common/scripted_effects/asoiaf_scripted_effects_artifacts.txt line: 235 (agot_create_artifact_vs_heartsbane_effect[args#2425720076])

[12:36:47][E][jomini_script_system.cpp:303]: Script system error!
  Error: create_artifact effect [ Invalid artifact template 'vs_heartsbane_template' ]
  Script location: file: common/scripted_effects/asoiaf_scripted_effects_artifacts.txt line: 253 (agot_create_artifact_vs_heartsbane_effect[args#2425720076])

[12:36:47][E][jomini_script_system.cpp:303]: Script system error!
  Error: create_artifact effect [ Invalid artifact template 'vs_dark_sister_template' ]
  Script location: file: common/scripted_effects/asoiaf_scripted_effects_artifacts.txt line: 1233 (agot_create_artifact_vs_dark_sister_effect[args#2425720076])

[12:36:47][E][jomini_script_system.cpp:303]: Script system error!
  Error: create_artifact effect [ Invalid artifact template 'vs_dark_sister_template' ]
  Script location: file: common/scripted_effects/asoiaf_scripted_effects_artifacts.txt line: 1261 (agot_create_artifact_vs_dark_sister_effect[args#2425720076])

[12:36:47][E][jomini_script_system.cpp:303]: Script system error!
  Error: create_artifact effect [ Invalid artifact template 'vs_dark_sister_template' ]
  Script location: file: common/scripted_effects/asoiaf_scripted_effects_artifacts.txt line: 1291 (agot_create_artifact_vs_dark_sister_effect[args#2425720076])

[12:36:47][E][jomini_script_system.cpp:303]: Script system error!
  Error: create_artifact effect [ Invalid artifact template 'vs_blackfyre_template' ]
  Script location: file: common/scripted_effects/00_agot_artifact_vs_sword_effects_override.txt line: 13 (agot_create_artifact_vs_blackfyre_effect[args#2425720076])

[12:36:47][E][jomini_script_system.cpp:303]: Script system error!
  Error: create_artifact effect [ Invalid artifact template 'vs_blackfyre_template' ]
  Script location: file: common/scripted_effects/00_agot_artifact_vs_sword_effects_override.txt line: 31 (agot_create_artifact_vs_blackfyre_effect[args#2425720076])

[12:36:47][E][jomini_script_system.cpp:303]: Script system error!
  Error: set_culture_pillar effect [ Invalid database object 'language_agot_lhazaar' ]
  Script location: file: common/scripted_guis/DI_cultural_editor_pillars_sgui.txt line: 620 (DI_language_agot_lhazaar_sgui:effect)

[12:36:47][E][jomini_script_system.cpp:303]: Script system error!
  Error: create_character effect [ Invalid/missing location or employer ]
  Script location: file: events/asoiaf_young_griff_landing_events.txt line: 76 (asoiaf_young_griff_landing_events.3:immediate)

[12:36:47][E][jomini_script_system.cpp:303]: Script system error!
  Error: create_character effect [ Invalid/missing location or employer ]
  Script location: file: events/asoiaf_young_griff_landing_events.txt line: 91 (asoiaf_young_griff_landing_events.3:immediate)

[12:36:47][E][jomini_script_system.cpp:303]: Script system error!
  Error: add_innovation effect [ target: Not found in database class CCultureInnovationTypeDatabase ]
  Script location: file: common/character_interactions/DI_character_interaction.txt line: 4616 (DI_change_succession:on_accept)

[12:36:47][E][jomini_script_system.cpp:303]: Script system error!
  Error: add_innovation effect [ target: Not found in database class CCultureInnovationTypeDatabase ]
  Script location: file: common/character_interactions/DI_character_interaction.txt line: 4631 (DI_change_succession:on_accept)

[12:36:47][E][jomini_script_system.cpp:303]: Script system error!
  Error: add_building effect [ Invalid database object 'common_trade_03' ]
  Script location: file: common/on_action/cowagot_province_on_actions.txt line: 174 (set_provinces_on_actions)

[12:36:47][E][jomini_script_system.cpp:303]: Script system error!
  Error: remove_building effect [ Invalid database object 'ironwood_01' ]
  Script location: file: common/on_action/cowagot_province_on_actions.txt line: 214 (set_provinces_on_actions)

[12:36:47][E][jomini_script_system.cpp:303]: Script system error!
  Error: add_special_building_slot effect [ Invalid database object 'bearisland_01' ]
  Script location: file: common/on_action/cowagot_province_on_actions.txt line: 273 (set_provinces_on_actions)

[12:36:47][E][jomini_script_system.cpp:303]: Script system error!
  Error: add_special_building effect [ Invalid database object 'bearisland_01' ]
  Script location: file: common/on_action/cowagot_province_on_actions.txt line: 274 (set_provinces_on_actions)

[12:36:47][E][jomini_script_system.cpp:303]: Script system error!
  Error: add_special_building_slot effect [ Invalid database object 'harlaw_mines_01' ]
  Script location: file: common/on_action/cowagot_province_on_actions.txt line: 335 (harlaw_building_check_on_actions)

[12:36:47][E][jomini_script_system.cpp:303]: Script system error!
  Error: learn_language effect [ Invalid database object 'language_arabic' ]
  Script location: file: common/scripted_effects/DI_court_position_spawner_overrides.txt line: 14 (DI_court_position_post_spawn_effect[args#2101251318])

[12:36:47][E][jomini_script_system.cpp:303]: Script system error!
  Error: learn_language effect [ Invalid database object 'language_greek' ]
  Script location: file: common/scripted_effects/DI_court_position_spawner_overrides.txt line: 15 (DI_court_position_post_spawn_effect[args#2101251318])

[12:36:47][E][jomini_script_system.cpp:303]: Script system error!
  Error: learn_language effect [ Invalid database object 'language_latin' ]
  Script location: file: common/scripted_effects/DI_court_position_spawner_overrides.txt line: 16 (DI_court_position_post_spawn_effect[args#2101251318])

[12:36:47][E][jomini_script_system.cpp:303]: Script system error!
  Error: learn_language effect [ Invalid database object 'language_norse' ]
  Script location: file: common/scripted_effects/DI_court_position_spawner_overrides.txt line: 17 (DI_court_position_post_spawn_effect[args#2101251318])

[12:36:47][E][jomini_script_system.cpp:303]: Script system error!
  Error: learn_language effect [ Invalid database object 'language_arabic' ]
  Script location: file: common/scripted_effects/DI_court_position_spawner_overrides.txt line: 26 (DI_court_position_post_spawn_effect[args#2101251318])

[12:36:47][E][jomini_script_system.cpp:303]: Script system error!
  Error: learn_language effect [ Invalid database object 'language_greek' ]
  Script location: file: common/scripted_effects/DI_court_position_spawner_overrides.txt line: 27 (DI_court_position_post_spawn_effect[args#2101251318])

[12:36:47][E][jomini_script_system.cpp:303]: Script system error!
  Error: learn_language effect [ Invalid database object 'language_latin' ]
  Script location: file: common/scripted_effects/DI_court_position_spawner_overrides.txt line: 28 (DI_court_position_post_spawn_effect[args#2101251318])

[12:36:47][E][jomini_script_system.cpp:303]: Script system error!
  Error: learn_language effect [ Invalid database object 'language_norse' ]
  Script location: file: common/scripted_effects/DI_court_position_spawner_overrides.txt line: 29 (DI_court_position_post_spawn_effect[args#2101251318])

[12:36:47][E][jomini_script_system.cpp:303]: Script system error!
  Error: add_trait effect [ target: Not found in database class CTraitDatabase ]
  Script location: file: common/scripted_effects/DI_present_effects.txt line: 20 (DI_personality_trait_randomizer_effect)

[12:36:47][E][jomini_script_system.cpp:303]: Script system error!
  Error: add_trait effect [ target: Not found in database class CTraitDatabase ]
  Script location: file: common/scripted_effects/DI_present_effects.txt line: 21 (DI_personality_trait_randomizer_effect)

[12:36:47][E][jomini_script_system.cpp:303]: Script system error!
  Error: remove_trait effect [ target: Not found in database class CTraitDatabase ]
  Script location: file: common/scripted_effects/DI_present_effects.txt line: 85 (DI_clear_personality_traits_effect)

[12:36:47][E][jomini_script_system.cpp:303]: Script system error!
  Error: remove_trait effect [ target: Not found in database class CTraitDatabase ]
  Script location: file: common/scripted_effects/DI_present_effects.txt line: 86 (DI_clear_personality_traits_effect)

[12:36:47][E][jomini_script_system.cpp:303]: Script system error!
  Error: add_trait effect [ target: Not found in database class CTraitDatabase ]
  Script location: file: common/scripted_effects/asoiaf_setup_effects.txt line: 4310 (asoiaf_got_traits_effect)

[12:36:47][E][jomini_script_system.cpp:303]: Script system error!
  Error: add_trait effect [ target: Not found in database class CTraitDatabase ]
  Script location: file: common/scripted_effects/asoiaf_setup_effects.txt line: 4635 (asoiaf_got_traits_effect)

[12:36:47][E][jomini_script_system.cpp:303]: Script system error!
  Error: remove_trait effect [ target: Not found in database class CTraitDatabase ]
  Script location: file: common/scripted_effects/asoiaf_setup_effects.txt line: 5470 (asoiaf_got_traits_effect)

[12:36:47][E][jomini_script_system.cpp:303]: Script system error!
  Error: add_trait effect [ target: Not found in database class CTraitDatabase ]
  Script location: file: common/scripted_effects/asoiaf_setup_effects.txt line: 5564 (asoiaf_got_traits_effect)

[12:36:47][E][jomini_script_system.cpp:303]: Script system error!
  Error: set_focus effect [ Invalid database object 'education_stewardhip' ]
  Script location: file: common/scripted_effects/asoiaf_setup_effects.txt line: 6249 (asoiaf_got_traits_effect)

[12:36:47][E][jomini_script_system.cpp:303]: Script system error!
  Error: set_focus effect [ Invalid database object 'bossy' ]
  Script location: file: common/scripted_effects/asoiaf_setup_effects.txt line: 6669 (asoiaf_got_traits_effect)

[12:36:47][E][jomini_script_system.cpp:303]: Script system error!
  Error: make_trait_inactive effect [ target: Not found in database class CTraitDatabase ]
  Script location: file: common/scripted_effects/asoiaf_targaryen_invasion_claimants_effects.txt line: 79 (asoiaf_targaryen_invasion_claimants_spawn_aegon_effect:after_creation)

[12:36:47][E][jomini_script_system.cpp:303]: Script system error!
  Error: make_trait_inactive effect [ target: Not found in database class CTraitDatabase ]
  Script location: file: common/scripted_effects/asoiaf_assign_inactive_traits_effects.txt line: 92 (asoiaf_assign_inactive_traits_effect)

[12:36:47][E][jomini_script_system.cpp:303]: Script system error!
  Error: add_character_modifier effect [ Invalid database object 'asoiaf_Targaryen_95_modifier' ]
  Script location: file: common/scripted_effects/asoiaf_assign_inactive_traits_effects.txt line: 813 (asoiaf_assign_inactive_traits_effect)

[12:36:47][E][jomini_script_system.cpp:303]: Script system error!
  Error: make_trait_inactive effect [ target: Not found in database class CTraitDatabase ]
  Script location: file: common/scripted_effects/asoiaf_assign_inactive_traits_effects.txt line: 1714 (asoiaf_assign_inactive_traits_effect)

[12:36:47][E][jomini_script_system.cpp:303]: Script system error!
  Error: add_character_modifier effect [ Invalid database object 'asoiaf_Greyjoy_13_alt_modifier' ]
  Script location: file: common/scripted_effects/asoiaf_assign_inactive_traits_effects.txt line: 2606 (asoiaf_assign_inactive_traits_effect)

[12:36:47][E][jomini_script_system.cpp:303]: Script system error!
  Error: create_character effect [ Cannot specify both location and employer ]
  Script location: file: common/scripted_effects/asoiaf_canon_children_effects.txt line: 124 (asoiaf_canon_children_Stark_86_birth_effect)

[12:36:47][E][jomini_script_system.cpp:303]: Script system error!
  Error: create_character effect [ Cannot specify both location and employer ]
  Script location: file: common/scripted_effects/asoiaf_canon_children_effects.txt line: 180 (asoiaf_canon_children_Stark_87_birth_effect)

[12:36:47][E][jomini_script_system.cpp:303]: Script system error!
  Error: create_character effect [ Cannot specify both location and employer ]
  Script location: file: common/scripted_effects/asoiaf_canon_children_effects.txt line: 219 (asoiaf_canon_children_Stark_88_birth_effect)

[12:36:47][E][jomini_script_system.cpp:303]: Script system error!
  Error: create_character effect [ Cannot specify both location and employer ]
  Script location: file: common/scripted_effects/asoiaf_canon_children_effects.txt line: 356 (asoiaf_canon_children_Stark_94_birth_effect)

[12:36:47][E][jomini_script_system.cpp:303]: Script system error!
  Error: create_character effect [ Cannot specify both location and employer ]
  Script location: file: common/scripted_effects/asoiaf_canon_children_effects.txt line: 418 (asoiaf_canon_children_Stark_95_birth_effect)

[12:36:47][E][jomini_script_system.cpp:303]: Script system error!
  Error: create_character effect [ Cannot specify both location and employer ]
  Script location: file: common/scripted_effects/asoiaf_canon_children_effects.txt line: 451 (asoiaf_canon_children_Stark_96_birth_effect)

[12:36:47][E][jomini_script_system.cpp:303]: Script system error!
  Error: create_character effect [ Cannot specify both location and employer ]
  Script location: file: common/scripted_effects/asoiaf_canon_children_effects.txt line: 484 (asoiaf_canon_children_Stark_97_birth_effect)

[12:36:47][E][jomini_script_system.cpp:303]: Script system error!
  Error: create_character effect [ Cannot specify both location and employer ]
  Script location: file: common/scripted_effects/asoiaf_canon_children_effects.txt line: 517 (asoiaf_canon_children_Stark_98_birth_effect)

[12:36:47][E][jomini_script_system.cpp:303]: Script system error!
  Error: create_character effect [ Cannot specify both location and employer ]
  Script location: file: common/scripted_effects/asoiaf_canon_children_effects.txt line: 550 (asoiaf_canon_children_Stark_99_birth_effect)

[12:36:47][E][jomini_script_system.cpp:303]: Script system error!
  Error: create_character effect [ Cannot specify both location and employer ]
  Script location: file: common/scripted_effects/asoiaf_canon_children_effects.txt line: 585 (asoiaf_canon_children_Stark_100_birth_effect)

[12:36:47][E][jomini_script_system.cpp:303]: Script system error!
  Error: create_character effect [ Cannot specify both location and employer ]
  Script location: file: common/scripted_effects/asoiaf_canon_children_effects.txt line: 618 (asoiaf_canon_children_Stark_101_birth_effect)

[12:36:47][E][jomini_script_system.cpp:303]: Script system error!
  Error: create_character effect [ Cannot specify both location and employer ]
  Script location: file: common/scripted_effects/asoiaf_canon_children_effects.txt line: 651 (asoiaf_canon_children_Stark_102_birth_effect)

[12:36:47][E][jomini_script_system.cpp:303]: Script system error!
  Error: create_character effect [ Cannot specify both location and employer ]
  Script location: file: common/scripted_effects/asoiaf_canon_children_effects.txt line: 696 (asoiaf_canon_children_Stark_103_birth_effect)

[12:36:47][E][jomini_script_system.cpp:303]: Script system error!
  Error: create_character effect [ Cannot specify both location and employer ]
  Script location: file: common/scripted_effects/asoiaf_canon_children_effects.txt line: 729 (asoiaf_canon_children_Stark_2_birth_effect)

[12:36:47][E][jomini_script_system.cpp:303]: Script system error!
  Error: create_character effect [ Cannot specify both location and employer ]
  Script location: file: common/scripted_effects/asoiaf_canon_children_effects.txt line: 790 (asoiaf_canon_children_Stark_3_birth_effect)

[12:36:47][E][jomini_script_system.cpp:303]: Script system error!
  Error: create_character effect [ Cannot specify both location and employer ]
  Script location: file: common/scripted_effects/asoiaf_canon_children_effects.txt line: 856 (asoiaf_canon_children_Stark_5_birth_effect)

[12:36:47][E][jomini_script_system.cpp:303]: Script system error!
  Error: create_character effect [ Cannot specify both location and employer ]
  Script location: file: common/scripted_effects/asoiaf_canon_children_effects.txt line: 918 (asoiaf_canon_children_Stark_4_birth_effect)

[12:36:47][E][jomini_script_system.cpp:303]: Script system error!
  Error: create_character effect [ Cannot specify both location and employer ]
  Script location: file: common/scripted_effects/asoiaf_canon_children_effects.txt line: 977 (asoiaf_canon_children_Stark_6_birth_effect)

[12:36:47][E][jomini_script_system.cpp:303]: Script system error!
  Error: create_character effect [ Cannot specify both location and employer ]
  Script location: file: common/scripted_effects/asoiaf_canon_children_effects.txt line: 1045 (asoiaf_canon_children_Stark_8_birth_effect)

[12:36:47][E][jomini_script_system.cpp:303]: Script system error!
  Error: create_character effect [ Cannot specify both location and employer ]
  Script location: file: common/scripted_effects/asoiaf_canon_children_effects.txt line: 1099 (asoiaf_canon_children_Stark_9_birth_effect)

[12:36:47][E][jomini_script_system.cpp:303]: Script system error!
  Error: create_character effect [ Cannot specify both location and employer ]
  Script location: file: common/scripted_effects/asoiaf_canon_children_effects.txt line: 1159 (asoiaf_canon_children_Stark_10_birth_effect)

[12:36:47][E][jomini_script_system.cpp:303]: Script system error!
  Error: create_character effect [ Cannot specify both location and employer ]
  Script location: file: common/scripted_effects/asoiaf_canon_children_effects.txt line: 1204 (asoiaf_canon_children_Stark_11_birth_effect)

[12:36:47][E][jomini_script_system.cpp:303]: Script system error!
  Error: create_character effect [ Cannot specify both location and employer ]
  Script location: file: common/scripted_effects/asoiaf_canon_children_effects.txt line: 1252 (asoiaf_canon_children_Reed_2_birth_effect)

[12:36:47][E][jomini_script_system.cpp:303]: Script system error!
  Error: create_character effect [ Cannot specify both location and employer ]
  Script location: file: common/scripted_effects/asoiaf_canon_children_effects.txt line: 1304 (asoiaf_canon_children_Reed_3_birth_effect)

[12:36:47][E][jomini_script_system.cpp:303]: Script system error!
  Error: create_character effect [ Cannot specify both location and employer ]
  Script location: file: common/scripted_effects/asoiaf_canon_children_effects.txt line: 1364 (asoiaf_canon_children_Baratheon_1_birth_effect)

[12:36:47][E][jomini_script_system.cpp:303]: Script system error!
  Error: create_character effect [ Cannot specify both location and employer ]
  Script location: file: common/scripted_effects/asoiaf_canon_children_effects.txt line: 1423 (asoiaf_canon_children_Baratheon_2_birth_effect)

[12:36:47][E][jomini_script_system.cpp:303]: Script system error!
  Error: create_character effect [ Cannot specify both location and employer ]
  Script location: file: common/scripted_effects/asoiaf_canon_children_effects.txt line: 1488 (asoiaf_canon_children_Baratheon_3_birth_effect)

[12:36:47][E][jomini_script_system.cpp:303]: Script system error!
  Error: create_character effect [ Cannot specify both location and employer ]
  Script location: file: common/scripted_effects/asoiaf_canon_children_effects.txt line: 1560 (asoiaf_canon_children_Baratheon_4_birth_effect)

[12:36:47][E][jomini_script_system.cpp:303]: Script system error!
  Error: create_character effect [ Cannot specify both location and employer ]
  Script location: file: common/scripted_effects/asoiaf_canon_children_effects.txt line: 1634 (asoiaf_canon_children_Baratheon_2_1_birth_effect)

[12:36:47][E][jomini_script_system.cpp:303]: Script system error!
  Error: create_character effect [ Cannot specify both location and employer ]
  Script location: file: common/scripted_effects/asoiaf_canon_children_effects.txt line: 1706 (asoiaf_canon_children_Baratheon_5_birth_effect)

[12:36:47][E][jomini_script_system.cpp:303]: Script system error!
  Error: create_character effect [ Cannot specify both location and employer ]
  Script location: file: common/scripted_effects/asoiaf_canon_children_effects.txt line: 1854 (asoiaf_canon_children_Baratheon_6_birth_effect)

[12:36:47][E][jomini_script_system.cpp:303]: Script system error!
  Error: create_character effect [ Cannot specify both location and employer ]
  Script location: file: common/scripted_effects/asoiaf_canon_children_effects.txt line: 1996 (asoiaf_canon_children_Baratheon_7_birth_effect)

[12:36:47][E][jomini_script_system.cpp:303]: Script system error!
  Error: create_character effect [ Cannot specify both location and employer ]
  Script location: file: common/scripted_effects/asoiaf_canon_children_effects.txt line: 2167 (asoiaf_canon_children_Baratheon_3_1_birth_effect)

[12:36:47][E][jomini_script_system.cpp:303]: Script system error!
  Error: create_character effect [ Cannot specify both location and employer ]
  Script location: file: common/scripted_effects/asoiaf_canon_children_effects.txt line: 2216 (asoiaf_canon_children_Baratheon_3_2_birth_effect)

[12:36:47][E][jomini_script_system.cpp:303]: Script system error!
  Error: create_character effect [ Cannot specify both location and employer ]
  Script location: file: common/scripted_effects/asoiaf_canon_children_effects.txt line: 2265 (asoiaf_canon_children_Baratheon_3_3_birth_effect)

[12:36:47][E][jomini_script_system.cpp:303]: Script system error!
  Error: create_character effect [ Cannot specify both location and employer ]
  Script location: file: common/scripted_effects/asoiaf_canon_children_effects.txt line: 2314 (asoiaf_canon_children_Baratheon_13_birth_effect)

[12:36:47][E][jomini_script_system.cpp:303]: Script system error!
  Error: create_character effect [ Cannot specify both location and employer ]
  Script location: file: common/scripted_effects/asoiaf_canon_children_effects.txt line: 2374 (asoiaf_canon_children_Lannister_1_birth_effect)

[12:36:47][E][jomini_script_system.cpp:303]: Script system error!
  Error: create_character effect [ Cannot specify both location and employer ]
  Script location: file: common/scripted_effects/asoiaf_canon_children_effects.txt line: 2458 (asoiaf_canon_children_Lannister_2_birth_effect)

[12:36:47][E][jomini_script_system.cpp:303]: Script system error!
  Error: create_character effect [ Cannot specify both location and employer ]
  Script location: file: common/scripted_effects/asoiaf_canon_children_effects.txt line: 2530 (asoiaf_canon_children_Lannister_3_birth_effect)

[12:36:47][E][jomini_script_system.cpp:303]: Script system error!
  Error: create_character effect [ Cannot specify both location and employer ]
  Script location: file: common/scripted_effects/asoiaf_canon_children_effects.txt line: 2581 (asoiaf_canon_children_Lannister_4_birth_effect)

[12:36:47][E][jomini_script_system.cpp:303]: Script system error!
  Error: create_character effect [ Cannot specify both location and employer ]
  Script location: file: common/scripted_effects/asoiaf_canon_children_effects.txt line: 2635 (asoiaf_canon_children_Lannister_5_birth_effect)

[12:36:47][E][jomini_script_system.cpp:303]: Script system error!
  Error: create_character effect [ Cannot specify both location and employer ]
  Script location: file: common/scripted_effects/asoiaf_canon_children_effects.txt line: 2706 (asoiaf_canon_children_Lannister_6_and_7_birth_effect)

[12:36:47][E][jomini_script_system.cpp:303]: Script system error!
  Error: create_character effect [ Cannot specify both location and employer ]
  Script location: file: common/scripted_effects/asoiaf_canon_children_effects.txt line: 2775 (asoiaf_canon_children_Lannister_6_and_7_birth_effect)

[12:36:47][E][jomini_script_system.cpp:303]: Script system error!
  Error: create_character effect [ Cannot specify both location and employer ]
  Script location: file: common/scripted_effects/asoiaf_canon_children_effects.txt line: 2866 (asoiaf_canon_children_Lannister_8_birth_effect)

[12:36:47][E][jomini_script_system.cpp:303]: Script system error!
  Error: create_character effect [ Cannot specify both location and employer ]
  Script location: file: common/scripted_effects/asoiaf_canon_children_effects.txt line: 2987 (asoiaf_canon_children_Lannister_9_birth_effect)

[12:36:47][E][jomini_script_system.cpp:303]: Script system error!
  Error: create_character effect [ Cannot specify both location and employer ]
  Script location: file: common/scripted_effects/asoiaf_canon_children_effects.txt line: 3042 (asoiaf_canon_children_Lannister_10_and_11_birth_effect)

[12:36:47][E][jomini_script_system.cpp:303]: Script system error!
  Error: create_character effect [ Cannot specify both location and employer ]
  Script location: file: common/scripted_effects/asoiaf_canon_children_effects.txt line: 3087 (asoiaf_canon_children_Lannister_10_and_11_birth_effect)

[12:36:47][E][jomini_script_system.cpp:303]: Script system error!
  Error: create_character effect [ Cannot specify both location and employer ]
  Script location: file: common/scripted_effects/asoiaf_canon_children_effects.txt line: 3142 (asoiaf_canon_children_Lannister_12_birth_effect)

[12:36:47][E][jomini_script_system.cpp:303]: Script system error!
  Error: create_character effect [ Cannot specify both location and employer ]
  Script location: file: common/scripted_effects/asoiaf_canon_children_effects.txt line: 3203 (asoiaf_canon_children_Arryn_7_birth_effect)

[12:36:47][E][jomini_script_system.cpp:303]: Script system error!
  Error: create_character effect [ Cannot specify both location and employer ]
  Script location: file: common/scripted_effects/asoiaf_canon_children_effects.txt line: 3248 (asoiaf_canon_children_Arryn_3_1_birth_effect)

[12:36:47][E][jomini_script_system.cpp:303]: Script system error!
  Error: create_character effect [ Cannot specify both location and employer ]
  Script location: file: common/scripted_effects/asoiaf_canon_children_effects.txt line: 3288 (asoiaf_canon_children_Arryn_3_2_birth_effect)

[12:36:47][E][jomini_script_system.cpp:303]: Script system error!
  Error: create_character effect [ Cannot specify both location and employer ]
  Script location: file: common/scripted_effects/asoiaf_canon_children_effects.txt line: 3327 (asoiaf_canon_children_Arryn_8_birth_effect)

[12:36:47][E][jomini_script_system.cpp:303]: Script system error!
  Error: create_character effect [ Cannot specify both location and employer ]
  Script location: file: common/scripted_effects/asoiaf_canon_children_effects.txt line: 3392 (asoiaf_canon_children_Tyrell_8_birth_effect)

[12:36:47][E][jomini_script_system.cpp:303]: Script system error!
  Error: create_character effect [ Cannot specify both location and employer ]
  Script location: file: common/scripted_effects/asoiaf_canon_children_effects.txt line: 3456 (asoiaf_canon_children_Tyrell_9_birth_effect)

[12:36:47][E][jomini_script_system.cpp:303]: Script system error!
  Error: create_character effect [ Cannot specify both location and employer ]
  Script location: file: common/scripted_effects/asoiaf_canon_children_effects.txt line: 3495 (asoiaf_canon_children_Tyrell_10_birth_effect)

[12:36:47][E][jomini_script_system.cpp:303]: Script system error!
  Error: create_character effect [ Cannot specify both location and employer ]
  Script location: file: common/scripted_effects/asoiaf_canon_children_effects.txt line: 3548 (asoiaf_canon_children_Tyrell_11_birth_effect)

[12:36:47][E][jomini_script_system.cpp:303]: Script system error!
  Error: create_character effect [ Cannot specify both location and employer ]
  Script location: file: common/scripted_effects/asoiaf_canon_children_effects.txt line: 3616 (asoiaf_canon_children_Tyrell_12_birth_effect)

[12:36:47][E][jomini_script_system.cpp:303]: Script system error!
  Error: create_character effect [ Cannot specify both location and employer ]
  Script location: file: common/scripted_effects/asoiaf_canon_children_effects.txt line: 3678 (asoiaf_canon_children_Tyrell_13_birth_effect)

[12:36:47][E][jomini_script_system.cpp:303]: Script system error!
  Error: create_character effect [ Cannot specify both location and employer ]
  Script location: file: common/scripted_effects/asoiaf_canon_children_effects.txt line: 3762 (asoiaf_canon_children_Tyrell_14_birth_effect)

[12:36:47][E][jomini_script_system.cpp:303]: Script system error!
  Error: create_character effect [ Cannot specify both location and employer ]
  Script location: file: common/scripted_effects/asoiaf_canon_children_effects.txt line: 3849 (asoiaf_canon_children_Tarly_2_birth_effect)

[12:36:47][E][jomini_script_system.cpp:303]: Script system error!
  Error: create_character effect [ Cannot specify both location and employer ]
  Script location: file: common/scripted_effects/asoiaf_canon_children_effects.txt line: 3915 (asoiaf_canon_children_Tarly_3_birth_effect)

[12:36:47][E][jomini_script_system.cpp:303]: Script system error!
  Error: create_character effect [ Cannot specify both location and employer ]
  Script location: file: common/scripted_effects/asoiaf_canon_children_effects.txt line: 3967 (asoiaf_canon_children_Tarly_4_birth_effect)

[12:36:47][E][jomini_script_system.cpp:303]: Script system error!
  Error: create_character effect [ Cannot specify both location and employer ]
  Script location: file: common/scripted_effects/asoiaf_canon_children_effects.txt line: 3999 (asoiaf_canon_children_Tarly_5_birth_effect)

[12:36:47][E][jomini_script_system.cpp:303]: Script system error!
  Error: create_character effect [ Cannot specify both location and employer ]
  Script location: file: common/scripted_effects/asoiaf_canon_children_effects.txt line: 4031 (asoiaf_canon_children_Tarly_6_birth_effect)

[12:36:47][E][jomini_script_system.cpp:303]: Script system error!
  Error: create_character effect [ Cannot specify both location and employer ]
  Script location: file: common/scripted_effects/asoiaf_canon_children_effects.txt line: 4094 (asoiaf_canon_children_Hightower_96_birth_effect)

[12:36:47][E][jomini_script_system.cpp:303]: Script system error!
  Error: create_character effect [ Cannot specify both location and employer ]
  Script location: file: common/scripted_effects/asoiaf_canon_children_effects.txt line: 4139 (asoiaf_canon_children_Hightower_97_birth_effect)

[12:36:47][E][jomini_script_system.cpp:303]: Script system error!
  Error: create_character effect [ Cannot specify both location and employer ]
  Script location: file: common/scripted_effects/asoiaf_canon_children_effects.txt line: 4196 (asoiaf_canon_children_Hightower_98_birth_effect)

[12:36:47][E][jomini_script_system.cpp:303]: Script system error!
  Error: create_character effect [ Cannot specify both location and employer ]
  Script location: file: common/scripted_effects/asoiaf_canon_children_effects.txt line: 4238 (asoiaf_canon_children_Hightower_99_birth_effect)

[12:36:47][E][jomini_script_system.cpp:303]: Script system error!
  Error: create_character effect [ Cannot specify both location and employer ]
  Script location: file: common/scripted_effects/asoiaf_canon_children_effects.txt line: 4312 (asoiaf_canon_children_Targaryen_30_birth_effect)

[12:36:47][E][jomini_script_system.cpp:303]: Script system error!
  Error: create_character effect [ Cannot specify both location and employer ]
  Script location: file: common/scripted_effects/asoiaf_canon_children_effects.txt line: 4395 (asoiaf_canon_children_Targaryen_31_birth_effect)

[12:36:47][E][jomini_script_system.cpp:303]: Script system error!
  Error: create_character effect [ Cannot specify both location and employer ]
  Script location: file: common/scripted_effects/asoiaf_canon_children_effects.txt line: 4502 (asoiaf_canon_children_Targaryen_32_birth_effect)

[12:36:47][E][jomini_script_system.cpp:303]: Script system error!
  Error: create_character effect [ Cannot specify both location and employer ]
  Script location: file: common/scripted_effects/asoiaf_canon_children_effects.txt line: 4556 (asoiaf_canon_children_Targaryen_33_birth_effect)

[12:36:47][E][jomini_script_system.cpp:303]: Script system error!
  Error: create_character effect [ Cannot specify both location and employer ]
  Script location: file: common/scripted_effects/asoiaf_canon_children_effects.txt line: 4644 (asoiaf_canon_children_Targaryen_34_birth_effect)

[12:36:47][E][jomini_script_system.cpp:303]: Script system error!
  Error: create_character effect [ Cannot specify both location and employer ]
  Script location: file: common/scripted_effects/asoiaf_canon_children_effects.txt line: 4696 (asoiaf_canon_children_Targaryen_35_birth_effect)

[12:36:47][E][jomini_script_system.cpp:303]: Script system error!
  Error: create_character effect [ Cannot specify both location and employer ]
  Script location: file: common/scripted_effects/asoiaf_canon_children_effects.txt line: 4806 (asoiaf_canon_children_Targaryen_36_birth_effect)

[12:36:47][E][jomini_script_system.cpp:303]: Script system error!
  Error: create_character effect [ Cannot specify both location and employer ]
  Script location: file: common/scripted_effects/asoiaf_canon_children_effects.txt line: 4897 (asoiaf_canon_children_Targaryen_37_birth_effect)

[12:36:47][E][jomini_script_system.cpp:303]: Script system error!
  Error: create_character effect [ Cannot specify both location and employer ]
  Script location: file: common/scripted_effects/asoiaf_canon_children_effects.txt line: 4946 (asoiaf_canon_children_Targaryen_38_birth_effect)

[12:36:47][E][jomini_script_system.cpp:303]: Script system error!
  Error: create_character effect [ Cannot specify both location and employer ]
  Script location: file: common/scripted_effects/asoiaf_canon_children_effects.txt line: 4993 (asoiaf_canon_children_Targaryen_40_birth_effect)

[12:36:47][E][jomini_script_system.cpp:303]: Script system error!
  Error: create_character effect [ Cannot specify both location and employer ]
  Script location: file: common/scripted_effects/asoiaf_canon_children_effects.txt line: 5041 (asoiaf_canon_children_Targaryen_39_birth_effect)

[12:36:47][E][jomini_script_system.cpp:303]: Script system error!
  Error: create_character effect [ Cannot specify both location and employer ]
  Script location: file: common/scripted_effects/asoiaf_canon_children_effects.txt line: 5117 (asoiaf_canon_children_Targaryen_41_and_42_birth_effect)

[12:36:47][E][jomini_script_system.cpp:303]: Script system error!
  Error: create_character effect [ Cannot specify both location and employer ]
  Script location: file: common/scripted_effects/asoiaf_canon_children_effects.txt line: 5190 (asoiaf_canon_children_Targaryen_41_and_42_birth_effect)

[12:36:47][E][jomini_script_system.cpp:303]: Script system error!
  Error: create_character effect [ Cannot specify both location and employer ]
  Script location: file: common/scripted_effects/asoiaf_canon_children_effects.txt line: 5261 (asoiaf_canon_children_Targaryen_43_birth_effect)

[12:36:47][E][jomini_script_system.cpp:303]: Script system error!
  Error: create_character effect [ Cannot specify both location and employer ]
  Script location: file: common/scripted_effects/asoiaf_canon_children_effects.txt line: 5303 (asoiaf_canon_children_Targaryen_44_birth_effect)

[12:36:47][E][jomini_script_system.cpp:303]: Script system error!
  Error: create_character effect [ Cannot specify both location and employer ]
  Script location: file: common/scripted_effects/asoiaf_canon_children_effects.txt line: 5353 (asoiaf_canon_children_Targaryen_45_birth_effect)

[12:36:47][E][jomini_script_system.cpp:303]: Script system error!
  Error: create_character effect [ Cannot specify both location and employer ]
  Script location: file: common/scripted_effects/asoiaf_canon_children_effects.txt line: 5433 (asoiaf_canon_children_Targaryen_46_birth_effect)

[12:36:47][E][jomini_script_system.cpp:303]: Script system error!
  Error: create_character effect [ Cannot specify both location and employer ]
  Script location: file: common/scripted_effects/asoiaf_canon_children_effects.txt line: 5488 (asoiaf_canon_children_Targaryen_47_birth_effect)

[12:36:47][E][jomini_script_system.cpp:303]: Script system error!
  Error: create_character effect [ Cannot specify both location and employer ]
  Script location: file: common/scripted_effects/asoiaf_canon_children_effects.txt line: 5567 (asoiaf_canon_children_Targaryen_48_birth_effect)

[12:36:47][E][jomini_script_system.cpp:303]: Script system error!
  Error: create_character effect [ Cannot specify both location and employer ]
  Script location: file: common/scripted_effects/asoiaf_canon_children_effects.txt line: 5632 (asoiaf_canon_children_Targaryen_49_birth_effect)

[12:36:47][E][jomini_script_system.cpp:303]: Script system error!
  Error: create_character effect [ Cannot specify both location and employer ]
  Script location: file: common/scripted_effects/asoiaf_canon_children_effects.txt line: 5698 (asoiaf_canon_children_Targaryen_50_birth_effect)

[12:36:47][E][jomini_script_system.cpp:303]: Script system error!
  Error: create_character effect [ Cannot specify both location and employer ]
  Script location: file: common/scripted_effects/asoiaf_canon_children_effects.txt line: 5752 (asoiaf_canon_children_Targaryen_51_birth_effect)

[12:36:47][E][jomini_script_system.cpp:303]: Script system error!
  Error: create_character effect [ Cannot specify both location and employer ]
  Script location: file: common/scripted_effects/asoiaf_canon_children_effects.txt line: 5816 (asoiaf_canon_children_Targaryen_52_birth_effect)

[12:36:47][E][jomini_script_system.cpp:303]: Script system error!
  Error: create_character effect [ Cannot specify both location and employer ]
  Script location: file: common/scripted_effects/asoiaf_canon_children_effects.txt line: 5870 (asoiaf_canon_children_Targaryen_53_birth_effect)

[12:36:47][E][jomini_script_system.cpp:303]: Script system error!
  Error: create_character effect [ Cannot specify both location and employer ]
  Script location: file: common/scripted_effects/asoiaf_canon_children_effects.txt line: 5913 (asoiaf_canon_children_Targaryen_54_birth_effect)

[12:36:47][E][jomini_script_system.cpp:303]: Script system error!
  Error: create_character effect [ Cannot specify both location and employer ]
  Script location: file: common/scripted_effects/asoiaf_canon_children_effects.txt line: 5956 (asoiaf_canon_children_Targaryen_55_birth_effect)

[12:36:47][E][jomini_script_system.cpp:303]: Script system error!
  Error: create_character effect [ Cannot specify both location and employer ]
  Script location: file: common/scripted_effects/asoiaf_canon_children_effects.txt line: 6016 (asoiaf_canon_children_Targaryen_55_1_birth_effect)

[12:36:47][E][jomini_script_system.cpp:303]: Script system error!
  Error: create_character effect [ Cannot specify both location and employer ]
  Script location: file: common/scripted_effects/asoiaf_canon_children_effects.txt line: 6074 (asoiaf_canon_children_Targaryen_56_birth_effect)

[12:36:47][E][jomini_script_system.cpp:303]: Script system error!
  Error: create_character effect [ Cannot specify both location and employer ]
  Script location: file: common/scripted_effects/asoiaf_canon_children_effects.txt line: 6111 (asoiaf_canon_children_Targaryen_57_birth_effect)

[12:36:47][E][jomini_script_system.cpp:303]: Script system error!
  Error: create_character effect [ Cannot specify both location and employer ]
  Script location: file: common/scripted_effects/asoiaf_canon_children_effects.txt line: 6146 (asoiaf_canon_children_Targaryen_58_birth_effect)

[12:36:47][E][jomini_script_system.cpp:303]: Script system error!
  Error: create_character effect [ Cannot specify both location and employer ]
  Script location: file: common/scripted_effects/asoiaf_canon_children_effects.txt line: 6181 (asoiaf_canon_children_Hammer_1_birth_effect)

[12:36:47][E][jomini_script_system.cpp:303]: Script system error!
  Error: create_character effect [ Cannot specify both location and employer ]
  Script location: file: common/scripted_effects/asoiaf_canon_children_effects.txt line: 6234 (asoiaf_canon_children_Hammer_2_birth_effect)

[12:36:47][E][jomini_script_system.cpp:303]: Script system error!
  Error: create_character effect [ Cannot specify both location and employer ]
  Script location: file: common/scripted_effects/asoiaf_canon_children_effects.txt line: 6269 (asoiaf_canon_children_Targaryen_59_birth_effect)

[12:36:47][E][jomini_script_system.cpp:303]: Script system error!
  Error: create_character effect [ Cannot specify both location and employer ]
  Script location: file: common/scripted_effects/asoiaf_canon_children_effects.txt line: 6353 (asoiaf_canon_children_Targaryen_60_birth_effect)

[12:36:47][E][jomini_script_system.cpp:303]: Script system error!
  Error: create_character effect [ Cannot specify both location and employer ]
  Script location: file: common/scripted_effects/asoiaf_canon_children_effects.txt line: 6455 (asoiaf_canon_children_Targaryen_61_birth_effect)

[12:36:47][E][jomini_script_system.cpp:303]: Script system error!
  Error: create_character effect [ Cannot specify both location and employer ]
  Script location: file: common/scripted_effects/asoiaf_canon_children_effects.txt line: 6558 (asoiaf_canon_children_Targaryen_62_birth_effect)

[12:36:47][E][jomini_script_system.cpp:303]: Script system error!
  Error: create_character effect [ Cannot specify both location and employer ]
  Script location: file: common/scripted_effects/asoiaf_canon_children_effects.txt line: 6620 (asoiaf_canon_children_Targaryen_131_birth_effect)

[12:36:47][E][jomini_script_system.cpp:303]: Script system error!
  Error: create_character effect [ Cannot specify both location and employer ]
  Script location: file: common/scripted_effects/asoiaf_canon_children_effects.txt line: 6663 (asoiaf_canon_children_Targaryen_63_birth_effect)

[12:36:47][E][jomini_script_system.cpp:303]: Script system error!
  Error: create_character effect [ Cannot specify both location and employer ]
  Script location: file: common/scripted_effects/asoiaf_canon_children_effects.txt line: 6757 (asoiaf_canon_children_Targaryen_64_birth_effect)

[12:36:47][E][jomini_script_system.cpp:303]: Script system error!
  Error: create_character effect [ Cannot specify both location and employer ]
  Script location: file: common/scripted_effects/asoiaf_canon_children_effects.txt line: 6818 (asoiaf_canon_children_Targaryen_65_birth_effect)

[12:36:47][E][jomini_script_system.cpp:303]: Script system error!
  Error: create_character effect [ Cannot specify both location and employer ]
  Script location: file: common/scripted_effects/asoiaf_canon_children_effects.txt line: 6951 (asoiaf_canon_children_Targaryen_66_birth_effect)

[12:36:47][E][jomini_script_system.cpp:303]: Script system error!
  Error: create_character effect [ Cannot specify both location and employer ]
  Script location: file: common/scripted_effects/asoiaf_canon_children_effects.txt line: 7050 (asoiaf_canon_children_Targaryen_67_birth_effect)

[12:36:47][E][jomini_script_system.cpp:303]: Script system error!
  Error: create_character effect [ Cannot specify both location and employer ]
  Script location: file: common/scripted_effects/asoiaf_canon_children_effects.txt line: 7216 (asoiaf_canon_children_Targaryen_68_birth_effect)

[12:36:47][E][jomini_script_system.cpp:303]: Script system error!
  Error: create_character effect [ Cannot specify both location and employer ]
  Script location: file: common/scripted_effects/asoiaf_canon_children_effects.txt line: 7355 (asoiaf_canon_children_Targaryen_69_birth_effect)

[12:36:47][E][jomini_script_system.cpp:303]: Script system error!
  Error: create_character effect [ Cannot specify both location and employer ]
  Script location: file: common/scripted_effects/asoiaf_canon_children_effects.txt line: 7442 (asoiaf_canon_children_Targaryen_70_birth_effect)

[12:36:47][E][jomini_script_system.cpp:303]: Script system error!
  Error: create_character effect [ Cannot specify both location and employer ]
  Script location: file: common/scripted_effects/asoiaf_canon_children_effects.txt line: 7530 (asoiaf_canon_children_Targaryen_61_1_birth_effect)

[12:36:47][E][jomini_script_system.cpp:303]: Script system error!
  Error: create_character effect [ Cannot specify both location and employer ]
  Script location: file: common/scripted_effects/asoiaf_canon_children_effects.txt line: 7609 (asoiaf_canon_children_Targaryen_71_and_72_birth_effect)

[12:36:47][E][jomini_script_system.cpp:303]: Script system error!
  Error: create_character effect [ Cannot specify both location and employer ]
  Script location: file: common/scripted_effects/asoiaf_canon_children_effects.txt line: 7658 (asoiaf_canon_children_Targaryen_71_and_72_birth_effect)

[12:36:47][E][jomini_script_system.cpp:303]: Script system error!
  Error: create_character effect [ Cannot specify both location and employer ]
  Script location: file: common/scripted_effects/asoiaf_canon_children_effects.txt line: 7713 (asoiaf_canon_children_Targaryen_73_birth_effect)

[12:36:47][E][jomini_script_system.cpp:303]: Script system error!
  Error: create_character effect [ Cannot specify both location and employer ]
  Script location: file: common/scripted_effects/asoiaf_canon_children_effects.txt line: 7760 (asoiaf_canon_children_Targaryen_75_birth_effect)

[12:36:47][E][jomini_script_system.cpp:303]: Script system error!
  Error: create_character effect [ Cannot specify both location and employer ]
  Script location: file: common/scripted_effects/asoiaf_canon_children_effects.txt line: 7916 (asoiaf_canon_children_Targaryen_76_birth_effect)

[12:36:47][E][jomini_script_system.cpp:303]: Script system error!
  Error: create_character effect [ Cannot specify both location and employer ]
  Script location: file: common/scripted_effects/asoiaf_canon_children_effects.txt line: 8064 (asoiaf_canon_children_Targaryen_77_birth_effect)

[12:36:47][E][jomini_script_system.cpp:303]: Script system error!
  Error: create_character effect [ Cannot specify both location and employer ]
  Script location: file: common/scripted_effects/asoiaf_canon_children_effects.txt line: 8220 (asoiaf_canon_children_Targaryen_78_birth_effect)

[12:36:47][E][jomini_script_system.cpp:303]: Script system error!
  Error: create_character effect [ Cannot specify both location and employer ]
  Script location: file: common/scripted_effects/asoiaf_canon_children_effects.txt line: 8306 (asoiaf_canon_children_Targaryen_79_birth_effect)

[12:36:47][E][jomini_script_system.cpp:303]: Script system error!
  Error: create_character effect [ Cannot specify both location and employer ]
  Script location: file: common/scripted_effects/asoiaf_canon_children_effects.txt line: 8370 (asoiaf_canon_children_Targaryen_80_birth_effect)

[12:36:47][E][jomini_script_system.cpp:303]: Script system error!
  Error: create_character effect [ Cannot specify both location and employer ]
  Script location: file: common/scripted_effects/asoiaf_canon_children_effects.txt line: 8427 (asoiaf_canon_children_Targaryen_81_birth_effect)

[12:36:47][E][jomini_script_system.cpp:303]: Script system error!
  Error: create_character effect [ Cannot specify both location and employer ]
  Script location: file: common/scripted_effects/asoiaf_canon_children_effects.txt line: 8495 (asoiaf_canon_children_Targaryen_82_birth_effect)

[12:36:47][E][jomini_script_system.cpp:303]: Script system error!
  Error: create_character effect [ Cannot specify both location and employer ]
  Script location: file: common/scripted_effects/asoiaf_canon_children_effects.txt line: 8564 (asoiaf_canon_children_Targaryen_83_birth_effect)

[12:36:47][E][jomini_script_system.cpp:303]: Script system error!
  Error: create_character effect [ Cannot specify both location and employer ]
  Script location: file: common/scripted_effects/asoiaf_canon_children_effects.txt line: 8622 (asoiaf_canon_children_Targaryen_84_birth_effect)

[12:36:47][E][jomini_script_system.cpp:303]: Script system error!
  Error: create_character effect [ Cannot specify both location and employer ]
  Script location: file: common/scripted_effects/asoiaf_canon_children_effects.txt line: 8675 (asoiaf_canon_children_Targaryen_85_birth_effect)

[12:36:47][E][jomini_script_system.cpp:303]: Script system error!
  Error: create_character effect [ Cannot specify both location and employer ]
  Script location: file: common/scripted_effects/asoiaf_canon_children_effects.txt line: 8736 (asoiaf_canon_children_Targaryen_88_birth_effect)

[12:36:47][E][jomini_script_system.cpp:303]: Script system error!
  Error: create_character effect [ Cannot specify both location and employer ]
  Script location: file: common/scripted_effects/asoiaf_canon_children_effects.txt line: 8804 (asoiaf_canon_children_Targaryen_89_birth_effect)

[12:36:47][E][jomini_script_system.cpp:303]: Script system error!
  Error: create_character effect [ Cannot specify both location and employer ]
  Script location: file: common/scripted_effects/asoiaf_canon_children_effects.txt line: 8887 (asoiaf_canon_children_Targaryen_90_birth_effect)

[12:36:47][E][jomini_script_system.cpp:303]: Script system error!
  Error: create_character effect [ Cannot specify both location and employer ]
  Script location: file: common/scripted_effects/asoiaf_canon_children_effects.txt line: 8948 (asoiaf_canon_children_Targaryen_91_birth_effect)

[12:36:47][E][jomini_script_system.cpp:303]: Script system error!
  Error: create_character effect [ Cannot specify both location and employer ]
  Script location: file: common/scripted_effects/asoiaf_canon_children_effects.txt line: 9013 (asoiaf_canon_children_Targaryen_134_birth_effect)

[12:36:47][E][jomini_script_system.cpp:303]: Script system error!
  Error: create_character effect [ Cannot specify both location and employer ]
  Script location: file: common/scripted_effects/asoiaf_canon_children_effects.txt line: 9055 (asoiaf_canon_children_Targaryen_132_and_133_birth_effect)

[12:36:47][E][jomini_script_system.cpp:303]: Script system error!
  Error: create_character effect [ Cannot specify both location and employer ]
  Script location: file: common/scripted_effects/asoiaf_canon_children_effects.txt line: 9093 (asoiaf_canon_children_Targaryen_132_and_133_birth_effect)

[12:36:47][E][jomini_script_system.cpp:303]: Script system error!
  Error: create_character effect [ Cannot specify both location and employer ]
  Script location: file: common/scripted_effects/asoiaf_canon_children_effects.txt line: 9139 (asoiaf_canon_children_Targaryen_92_and_93_birth_effect)

[12:36:47][E][jomini_script_system.cpp:303]: Script system error!
  Error: create_character effect [ Cannot specify both location and employer ]
  Script location: file: common/scripted_effects/asoiaf_canon_children_effects.txt line: 9208 (asoiaf_canon_children_Targaryen_92_and_93_birth_effect)

[12:36:47][E][jomini_script_system.cpp:303]: Script system error!
  Error: create_character effect [ Cannot specify both location and employer ]
  Script location: file: common/scripted_effects/asoiaf_canon_children_effects.txt line: 9254 (asoiaf_canon_children_Targaryen_135_birth_effect)

[12:36:47][E][jomini_script_system.cpp:303]: Script system error!
  Error: create_character effect [ Cannot specify both location and employer ]
  Script location: file: common/scripted_effects/asoiaf_canon_children_effects.txt line: 9306 (asoiaf_canon_children_Targaryen_94_birth_effect)

[12:36:47][E][jomini_script_system.cpp:303]: Script system error!
  Error: create_character effect [ Cannot specify both location and employer ]
  Script location: file: common/scripted_effects/asoiaf_canon_children_effects.txt line: 9480 (asoiaf_canon_children_Targaryen_107_birth_effect)

[12:36:47][E][jomini_script_system.cpp:303]: Script system error!
  Error: create_character effect [ Cannot specify both location and employer ]
  Script location: file: common/scripted_effects/asoiaf_canon_children_effects.txt line: 9539 (asoiaf_canon_children_Targaryen_108_birth_effect)

[12:36:47][E][jomini_script_system.cpp:303]: Script system error!
  Error: create_character effect [ Cannot specify both location and employer ]
  Script location: file: common/scripted_effects/asoiaf_canon_children_effects.txt line: 9607 (asoiaf_canon_children_Targaryen_109_birth_effect)

[12:36:47][E][jomini_script_system.cpp:303]: Script system error!
  Error: create_character effect [ Cannot specify both location and employer ]
  Script location: file: common/scripted_effects/asoiaf_canon_children_effects.txt line: 9665 (asoiaf_canon_children_Targaryen_110_birth_effect)

[12:36:47][E][jomini_script_system.cpp:303]: Script system error!
  Error: create_character effect [ Cannot specify both location and employer ]
  Script location: file: common/scripted_effects/asoiaf_canon_children_effects.txt line: 9735 (asoiaf_canon_children_Targaryen_111_birth_effect)

[12:36:47][E][jomini_script_system.cpp:303]: Script system error!
  Error: create_character effect [ Cannot specify both location and employer ]
  Script location: file: common/scripted_effects/asoiaf_canon_children_effects.txt line: 9801 (asoiaf_canon_children_Targaryen_112_birth_effect)

[12:36:47][E][jomini_script_system.cpp:303]: Script system error!
  Error: create_character effect [ Cannot specify both location and employer ]
  Script location: file: common/scripted_effects/asoiaf_canon_children_effects.txt line: 9852 (asoiaf_canon_children_Targaryen_113_birth_effect)

[12:36:47][E][jomini_script_system.cpp:303]: Script system error!
  Error: create_character effect [ Cannot specify both location and employer ]
  Script location: file: common/scripted_effects/asoiaf_canon_children_effects.txt line: 9894 (asoiaf_canon_children_Targaryen_114_birth_effect)

[12:36:47][E][jomini_script_system.cpp:303]: Script system error!
  Error: create_character effect [ Cannot specify both location and employer ]
  Script location: file: common/scripted_effects/asoiaf_canon_children_effects.txt line: 9936 (asoiaf_canon_children_Targaryen_115_and_116_birth_effect)

[12:36:47][E][jomini_script_system.cpp:303]: Script system error!
  Error: create_character effect [ Cannot specify both location and employer ]
  Script location: file: common/scripted_effects/asoiaf_canon_children_effects.txt line: 9985 (asoiaf_canon_children_Targaryen_115_and_116_birth_effect)

[12:36:47][E][jomini_script_system.cpp:303]: Script system error!
  Error: create_character effect [ Cannot specify both location and employer ]
  Script location: file: common/scripted_effects/asoiaf_canon_children_effects.txt line: 10042 (asoiaf_canon_children_Targaryen_117_birth_effect)

[12:36:47][E][jomini_script_system.cpp:303]: Script system error!
  Error: create_character effect [ Cannot specify both location and employer ]
  Script location: file: common/scripted_effects/asoiaf_canon_children_effects.txt line: 10101 (asoiaf_canon_children_Targaryen_118_birth_effect)

[12:36:47][E][jomini_script_system.cpp:303]: Script system error!
  Error: create_character effect [ Cannot specify both location and employer ]
  Script location: file: common/scripted_effects/asoiaf_canon_children_effects.txt line: 10161 (asoiaf_canon_children_Targaryen_119_birth_effect)

[12:36:47][E][jomini_script_system.cpp:303]: Script system error!
  Error: create_character effect [ Cannot specify both location and employer ]
  Script location: file: common/scripted_effects/asoiaf_canon_children_effects.txt line: 10237 (asoiaf_canon_children_Targaryen_120_birth_effect)

[12:36:47][E][jomini_script_system.cpp:303]: Script system error!
  Error: create_character effect [ Cannot specify both location and employer ]
  Script location: file: common/scripted_effects/asoiaf_canon_children_effects.txt line: 10294 (asoiaf_canon_children_Targaryen_121_birth_effect)

[12:36:47][E][jomini_script_system.cpp:303]: Script system error!
  Error: create_character effect [ Cannot specify both location and employer ]
  Script location: file: common/scripted_effects/asoiaf_canon_children_effects.txt line: 10347 (asoiaf_canon_children_Targaryen_122_birth_effect)

[12:36:47][E][jomini_script_system.cpp:303]: Script system error!
  Error: create_character effect [ Cannot specify both location and employer ]
  Script location: file: common/scripted_effects/asoiaf_canon_children_effects.txt line: 10404 (asoiaf_canon_children_Targaryen_123_birth_effect)

[12:36:47][E][jomini_script_system.cpp:303]: Script system error!
  Error: create_character effect [ Cannot specify both location and employer ]
  Script location: file: common/scripted_effects/asoiaf_canon_children_effects.txt line: 10464 (asoiaf_canon_children_Targaryen_124_birth_effect)

[12:36:47][E][jomini_script_system.cpp:303]: Script system error!
  Error: create_character effect [ Cannot specify both location and employer ]
  Script location: file: common/scripted_effects/asoiaf_canon_children_effects.txt line: 10523 (asoiaf_canon_children_Targaryen_125_birth_effect)

[12:36:47][E][jomini_script_system.cpp:303]: Script system error!
  Error: create_character effect [ Cannot specify both location and employer ]
  Script location: file: common/scripted_effects/asoiaf_canon_children_effects.txt line: 10573 (asoiaf_canon_children_Targaryen_126_birth_effect)

[12:36:47][E][jomini_script_system.cpp:303]: Script system error!
  Error: create_character effect [ Cannot specify both location and employer ]
  Script location: file: common/scripted_effects/asoiaf_canon_children_effects.txt line: 10635 (asoiaf_canon_children_Targaryen_127_birth_effect)

[12:36:47][E][jomini_script_system.cpp:303]: Script system error!
  Error: create_character effect [ Cannot specify both location and employer ]
  Script location: file: common/scripted_effects/asoiaf_canon_children_effects.txt line: 10691 (asoiaf_canon_children_Targaryen_128_birth_effect)

[12:36:47][E][jomini_script_system.cpp:303]: Script system error!
  Error: create_character effect [ Cannot specify both location and employer ]
  Script location: file: common/scripted_effects/asoiaf_canon_children_effects.txt line: 10745 (asoiaf_canon_children_Targaryen_129_birth_effect)

[12:36:47][E][jomini_script_system.cpp:303]: Script system error!
  Error: create_character effect [ Cannot specify both location and employer ]
  Script location: file: common/scripted_effects/asoiaf_canon_children_effects.txt line: 10813 (asoiaf_canon_children_Targaryen_130_birth_effect)

[12:36:47][E][jomini_script_system.cpp:303]: Script system error!
  Error: create_character effect [ Cannot specify both location and employer ]
  Script location: file: common/scripted_effects/asoiaf_canon_children_effects.txt line: 10874 (asoiaf_canon_children_Targaryen_1_birth_effect)

[12:36:47][E][jomini_script_system.cpp:303]: Script system error!
  Error: create_character effect [ Cannot specify both location and employer ]
  Script location: file: common/scripted_effects/asoiaf_canon_children_effects.txt line: 10929 (asoiaf_canon_children_Targaryen_2_birth_effect)

[12:36:47][E][jomini_script_system.cpp:303]: Script system error!
  Error: create_character effect [ Cannot specify both location and employer ]
  Script location: file: common/scripted_effects/asoiaf_canon_children_effects.txt line: 10991 (asoiaf_canon_children_Targaryen_3_birth_effect)

[12:36:47][E][jomini_script_system.cpp:303]: Script system error!
  Error: create_character effect [ Cannot specify both location and employer ]
  Script location: file: common/scripted_effects/asoiaf_canon_children_effects.txt line: 11081 (asoiaf_canon_children_Targaryen_4_birth_effect)

[12:36:47][E][jomini_script_system.cpp:303]: Script system error!
  Error: create_character effect [ Cannot specify both location and employer ]
  Script location: file: common/scripted_effects/asoiaf_canon_children_effects.txt line: 11124 (asoiaf_canon_children_Targaryen_5_birth_effect)

[12:36:47][E][jomini_script_system.cpp:303]: Script system error!
  Error: create_character effect [ Cannot specify both location and employer ]
  Script location: file: common/scripted_effects/asoiaf_canon_children_effects.txt line: 11167 (asoiaf_canon_children_Targaryen_6_birth_effect)

[12:36:47][E][jomini_script_system.cpp:303]: Script system error!
  Error: create_character effect [ Cannot specify both location and employer ]
  Script location: file: common/scripted_effects/asoiaf_canon_children_effects.txt line: 11211 (asoiaf_canon_children_Targaryen_7_birth_effect)

[12:36:47][E][jomini_script_system.cpp:303]: Script system error!
  Error: create_character effect [ Cannot specify both location and employer ]
  Script location: file: common/scripted_effects/asoiaf_canon_children_effects.txt line: 11254 (asoiaf_canon_children_Targaryen_8_birth_effect)

[12:36:47][E][jomini_script_system.cpp:303]: Script system error!
  Error: create_character effect [ Cannot specify both location and employer ]
  Script location: file: common/scripted_effects/asoiaf_canon_children_effects.txt line: 11314 (asoiaf_canon_children_Targaryen_9_birth_effect)

[12:36:47][E][jomini_script_system.cpp:303]: Script system error!
  Error: create_character effect [ Cannot specify both location and employer ]
  Script location: file: common/scripted_effects/asoiaf_canon_children_effects.txt line: 11450 (asoiaf_canon_children_Targaryen_10_birth_effect)

[12:36:47][E][jomini_script_system.cpp:303]: Script system error!
  Error: create_character effect [ Cannot specify both location and employer ]
  Script location: file: common/scripted_effects/asoiaf_canon_children_effects.txt line: 11487 (asoiaf_canon_children_Targaryen_11_birth_effect)

[12:36:47][E][jomini_script_system.cpp:303]: Script system error!
  Error: create_character effect [ Cannot specify both location and employer ]
  Script location: file: common/scripted_effects/asoiaf_canon_children_effects.txt line: 11571 (asoiaf_canon_children_Stark_7_birth_effect)

[12:36:47][E][jomini_script_system.cpp:303]: Script system error!
  Error: create_character effect [ Cannot specify both location and employer ]
  Script location: file: common/scripted_effects/asoiaf_canon_children_effects.txt line: 11669 (asoiaf_canon_children_Velaryon_34_birth_effect)

[12:36:47][E][jomini_script_system.cpp:303]: Script system error!
  Error: create_character effect [ Cannot specify both location and employer ]
  Script location: file: common/scripted_effects/asoiaf_canon_children_effects.txt line: 11760 (asoiaf_canon_children_Velaryon_35_birth_effect)

[12:36:47][E][jomini_script_system.cpp:303]: Script system error!
  Error: create_character effect [ Cannot specify both location and employer ]
  Script location: file: common/scripted_effects/asoiaf_canon_children_effects.txt line: 11861 (asoiaf_canon_children_Velaryon_43_birth_effect)

[12:36:47][E][jomini_script_system.cpp:303]: Script system error!
  Error: create_character effect [ Cannot specify both location and employer ]
  Script location: file: common/scripted_effects/asoiaf_canon_children_effects.txt line: 11994 (asoiaf_canon_children_Velaryon_44_birth_effect)

[12:36:47][E][jomini_script_system.cpp:303]: Script system error!
  Error: create_character effect [ Cannot specify both location and employer ]
  Script location: file: common/scripted_effects/asoiaf_canon_children_effects.txt line: 12159 (asoiaf_canon_children_Martell_9_birth_effect)

[12:36:47][E][jomini_script_system.cpp:303]: Script system error!
  Error: create_character effect [ Cannot specify both location and employer ]
  Script location: file: common/scripted_effects/asoiaf_canon_children_effects.txt line: 12220 (asoiaf_canon_children_Martell_10_birth_effect)

[12:36:47][E][jomini_script_system.cpp:303]: Script system error!
  Error: create_character effect [ Cannot specify both location and employer ]
  Script location: file: common/scripted_effects/asoiaf_canon_children_effects.txt line: 12285 (asoiaf_canon_children_Martell_11_birth_effect)

[12:36:47][E][jomini_script_system.cpp:303]: Script system error!
  Error: create_character effect [ Cannot specify both location and employer ]
  Script location: file: common/scripted_effects/asoiaf_canon_children_effects.txt line: 12356 (asoiaf_canon_children_Dayne_3_birth_effect)

[12:36:47][E][jomini_script_system.cpp:303]: Script system error!
  Error: create_character effect [ Cannot specify both location and employer ]
  Script location: file: common/scripted_effects/asoiaf_canon_children_effects.txt line: 12389 (asoiaf_canon_children_Dayne_5_birth_effect)

[12:36:47][E][jomini_script_system.cpp:303]: Script system error!
  Error: create_character effect [ Cannot specify both location and employer ]
  Script location: file: common/scripted_effects/asoiaf_canon_children_effects.txt line: 12453 (asoiaf_canon_children_Dayne_4_birth_effect)

[12:36:47][E][jomini_script_system.cpp:303]: Script system error!
  Error: create_character effect [ Cannot specify both location and employer ]
  Script location: file: common/scripted_effects/asoiaf_canon_children_effects.txt line: 12506 (asoiaf_canon_children_Dayne_6_birth_effect)

[12:36:47][E][jomini_script_system.cpp:303]: Script system error!
  Error: create_character effect [ Cannot specify both location and employer ]
  Script location: file: common/scripted_effects/asoiaf_canon_children_effects.txt line: 12545 (asoiaf_canon_children_Dayne_7_birth_effect)

[12:36:47][E][jomini_script_system.cpp:303]: Script system error!
  Error: create_character effect [ Cannot specify both location and employer ]
  Script location: file: common/scripted_effects/asoiaf_canon_children_effects.txt line: 12606 (asoiaf_canon_children_Tully_2_birth_effect)

[12:36:47][E][jomini_script_system.cpp:303]: Script system error!
  Error: create_character effect [ Cannot specify both location and employer ]
  Script location: file: common/scripted_effects/asoiaf_canon_children_effects.txt line: 12647 (asoiaf_canon_children_Tully_3_birth_effect)

[12:36:47][E][jomini_script_system.cpp:303]: Script system error!
  Error: create_character effect [ Cannot specify both location and employer ]
  Script location: file: common/scripted_effects/asoiaf_canon_children_effects.txt line: 12688 (asoiaf_canon_children_Tully_4_birth_effect)

[12:36:47][E][jomini_script_system.cpp:303]: Script system error!
  Error: create_character effect [ Cannot specify both location and employer ]
  Script location: file: common/scripted_effects/asoiaf_canon_children_effects.txt line: 12749 (asoiaf_canon_children_Tully_6_birth_effect)

[12:36:47][E][jomini_script_system.cpp:303]: Script system error!
  Error: create_character effect [ Cannot specify both location and employer ]
  Script location: file: common/scripted_effects/asoiaf_canon_children_effects.txt line: 12801 (asoiaf_canon_children_Tully_7_birth_effect)

[12:36:47][E][jomini_script_system.cpp:303]: Script system error!
  Error: create_character effect [ Cannot specify both location and employer ]
  Script location: file: common/scripted_effects/asoiaf_canon_children_effects.txt line: 12854 (asoiaf_canon_children_Tully_8_birth_effect)

[12:36:47][E][jomini_script_system.cpp:303]: Script system error!
  Error: create_character effect [ Cannot specify both location and employer ]
  Script location: file: common/scripted_effects/asoiaf_canon_children_effects.txt line: 12913 (asoiaf_canon_children_Strong_34_birth_effect)

[12:36:47][E][jomini_script_system.cpp:303]: Script system error!
  Error: create_character effect [ Cannot specify both location and employer ]
  Script location: file: common/scripted_effects/asoiaf_canon_children_effects.txt line: 13026 (asoiaf_canon_children_Strong_30_birth_effect)

[12:36:47][E][jomini_script_system.cpp:303]: Script system error!
  Error: create_character effect [ Cannot specify both location and employer ]
  Script location: file: common/scripted_effects/asoiaf_canon_children_effects.txt line: 13080 (asoiaf_canon_children_Strong_31_birth_effect)

[12:36:47][E][jomini_script_system.cpp:303]: Script system error!
  Error: create_character effect [ Cannot specify both location and employer ]
  Script location: file: common/scripted_effects/asoiaf_canon_children_effects.txt line: 13150 (asoiaf_canon_children_Strong_32_birth_effect)

[12:36:47][E][jomini_script_system.cpp:303]: Script system error!
  Error: create_character effect [ Cannot specify both location and employer ]
  Script location: file: common/scripted_effects/asoiaf_canon_children_effects.txt line: 13183 (asoiaf_canon_children_Strong_33_birth_effect)

[12:36:47][E][jomini_script_system.cpp:303]: Script system error!
  Error: create_character effect [ Cannot specify both location and employer ]
  Script location: file: common/scripted_effects/asoiaf_canon_children_effects.txt line: 13222 (asoiaf_canon_children_Greyjoy_11_birth_effect)

[12:36:47][E][jomini_script_system.cpp:303]: Script system error!
  Error: create_character effect [ Cannot specify both location and employer ]
  Script location: file: common/scripted_effects/asoiaf_canon_children_effects.txt line: 13279 (asoiaf_canon_children_Greyjoy_12_birth_effect)

[12:36:47][E][jomini_script_system.cpp:303]: Script system error!
  Error: create_character effect [ Cannot specify both location and employer ]
  Script location: file: common/scripted_effects/asoiaf_canon_children_effects.txt line: 13333 (asoiaf_canon_children_Greyjoy_13_birth_effect)

[12:36:47][E][jomini_script_system.cpp:303]: Script system error!
  Error: add_character_modifier effect [ Invalid database object 'asoiaf_Greyjoy_13_alt_modifier' ]
  Script location: file: common/scripted_effects/asoiaf_canon_children_effects.txt line: 13359 (asoiaf_canon_children_Greyjoy_13_birth_effect:after_creation)

[12:36:47][E][jomini_script_system.cpp:303]: Script system error!
  Error: create_character effect [ Cannot specify both location and employer ]
  Script location: file: common/scripted_effects/asoiaf_canon_children_effects.txt line: 13408 (asoiaf_canon_children_Greyjoy_14_birth_effect)

[12:36:47][E][jomini_script_system.cpp:303]: Script system error!
  Error: remove_trait effect [ target: Not found in database class CTraitDatabase ]
  Script location: file: common/scripted_effects/asoiaf_clear_traits_effects.txt line: 777 (asoiaf_clear_lifestyle_traits_effect)

[12:36:47][E][jomini_script_system.cpp:303]: Script system error!
  Error: remove_trait effect [ target: Not found in database class CTraitDatabase ]
  Script location: file: common/scripted_effects/asoiaf_clear_traits_effects.txt line: 783 (asoiaf_clear_lifestyle_traits_effect)

[12:36:47][E][jomini_script_system.cpp:303]: Script system error!
  Error: remove_trait effect [ target: Not found in database class CTraitDatabase ]
  Script location: file: common/scripted_effects/asoiaf_clear_traits_effects.txt line: 807 (asoiaf_clear_lifestyle_traits_effect)

[12:36:47][E][jomini_script_system.cpp:303]: Script system error!
  Error: remove_trait effect [ target: Not found in database class CTraitDatabase ]
  Script location: file: common/scripted_effects/asoiaf_clear_traits_effects.txt line: 813 (asoiaf_clear_lifestyle_traits_effect)

[12:36:47][E][jomini_script_system.cpp:303]: Script system error!
  Error: make_trait_inactive effect [ target: Not found in database class CTraitDatabase ]
  Script location: file: common/scripted_effects/asoiaf_agot_overwrite_effects.txt line: 49 (agot_scenario_rr_toj_create_baby_snow_effect)

[12:36:47][E][jomini_script_system.cpp:303]: Script system error!
  Error: has_trait trigger [ Cannot find honorable in trait database ]
  Script location: file: common/scripted_effects/DI_present_effects.txt line: 85 (DI_clear_personality_traits_effect)

[12:36:47][E][jomini_script_system.cpp:303]: Script system error!
  Error: has_trait trigger [ Cannot find ruthless in trait database ]
  Script location: file: common/scripted_effects/DI_present_effects.txt line: 86 (DI_clear_personality_traits_effect)

[12:36:47][E][jomini_script_system.cpp:303]: Script system error!
  Error: has_nickname trigger [ Nickname nick_the_ironrod not found in the nickname database ]
  Script location: file: common/scripted_effects/asoiaf_setup_effects.txt line: 10704 (asoiaf_got_traits_effect)

[12:36:47][E][jomini_script_system.cpp:303]: Script system error!
  Error: has_trait trigger [ Cannot find lifestyle_hunter_2_history in trait database ]
  Script location: file: common/scripted_effects/asoiaf_clear_traits_effects.txt line: 775 (asoiaf_clear_lifestyle_traits_effect)

[12:36:47][E][jomini_script_system.cpp:303]: Script system error!
  Error: has_trait trigger [ Cannot find lifestyle_hunter_3_history in trait database ]
  Script location: file: common/scripted_effects/asoiaf_clear_traits_effects.txt line: 781 (asoiaf_clear_lifestyle_traits_effect)

[12:36:47][E][jomini_script_system.cpp:303]: Script system error!
  Error: has_trait trigger [ Cannot find lifestyle_blademaster_2_history in trait database ]
  Script location: file: common/scripted_effects/asoiaf_clear_traits_effects.txt line: 805 (asoiaf_clear_lifestyle_traits_effect)

[12:36:47][E][jomini_script_system.cpp:303]: Script system error!
  Error: has_trait trigger [ Cannot find lifestyle_blademaster_3_history in trait database ]
  Script location: file: common/scripted_effects/asoiaf_clear_traits_effects.txt line: 811 (asoiaf_clear_lifestyle_traits_effect)

[12:36:47][E][jomini_script_system.cpp:303]: Script system error!
  Error: has_clothing_gfx trigger [ Unknown gfx culture flag riverman_main ]
  Script location: file: common/scripted_triggers/asoiaf_cultural_portrait_triggers.txt line: 83 (asoiaf_riverman_portrait_trigger)

[12:36:47][E][jomini_script_system.cpp:303]: Script system error!
  Error: has_game_rule trigger [ Invalid database object 'show_armor_enabled' ]
  Script location: file: gfx/portraits/portrait_modifiers/01_cloaks_base.txt line: 1333 (cloaks:weight)

[12:36:47][E][jomini_script_system.cpp:303]: Script system error!
  Error: has_game_rule trigger [ Invalid database object 'show_armor_enabled' ]
  Script location: file: gfx/portraits/portrait_modifiers/01_cloaks_base.txt line: 1338 (cloaks:weight)

[12:36:47][E][jomini_script_system.cpp:303]: Script system error!
  Error: has_game_rule trigger [ Invalid database object 'show_armor_enabled' ]
  Script location: file: gfx/portraits/portrait_modifiers/01_cloaks_base.txt line: 1642 (cloaks:weight)

[12:36:47][E][jomini_script_system.cpp:303]: Script system error!
  Error: has_game_rule trigger [ Invalid database object 'show_armor_enabled' ]
  Script location: file: gfx/portraits/portrait_modifiers/01_cloaks_base.txt line: 1684 (cloaks:weight)

[12:36:47][E][jomini_script_system.cpp:303]: Script system error!
  Error: has_game_rule trigger [ Invalid database object 'show_armor_enabled' ]
  Script location: file: gfx/portraits/portrait_modifiers/01_legwear_base.txt line: 871 (legwear:weight)

[12:36:47][E][jomini_script_system.cpp:303]: Script system error!
  Error: has_game_rule trigger [ Invalid database object 'show_armor_enabled' ]
  Script location: file: gfx/portraits/portrait_modifiers/01_legwear_base.txt line: 898 (legwear:weight)

[12:36:47][E][jomini_script_system.cpp:303]: Script system error!
  Error: has_game_rule trigger [ Invalid database object 'show_armor_enabled' ]
  Script location: file: gfx/portraits/portrait_modifiers/01_legwear_base.txt line: 937 (legwear:weight)

[12:36:47][E][jomini_script_system.cpp:303]: Script system error!
  Error: has_activity_type trigger [ target: Not found in database class CActivityTypeDatabase ]
  Script location: file: gfx/interface/illustrations/scripted_illustrations/ingame.txt line: 116 (character_view_bg:trigger)

[12:36:47][E][jomini_script_system.cpp:303]: Script system error!
  Error: has_game_rule trigger [ Invalid database object 'show_armor_enabled' ]
  Script location: file: gfx/portraits/portrait_modifiers/05_clothes_situational.txt line: 616 (clothes_situational:weight)

[12:36:47][E][jomini_script_system.cpp:303]: Script system error!
  Error: has_game_rule trigger [ Invalid database object 'show_armor_enabled' ]
  Script location: file: gfx/portraits/portrait_modifiers/05_clothes_situational.txt line: 1062 (clothes_situational:weight)

[12:36:47][E][jomini_script_system.cpp:303]: Script system error!
  Error: has_game_rule trigger [ Invalid database object 'show_armor_enabled' ]
  Script location: file: gfx/portraits/portrait_modifiers/05_clothes_situational.txt line: 1109 (clothes_situational:weight)

[12:36:47][E][jomini_script_system.cpp:303]: Script system error!
  Error: has_game_rule trigger [ Invalid database object 'show_armor_enabled' ]
  Script location: file: gfx/portraits/portrait_modifiers/05_clothes_situational.txt line: 1158 (clothes_situational:weight)

[12:36:47][E][jomini_script_system.cpp:303]: Script system error!
  Error: has_game_rule trigger [ Invalid database object 'show_armor_enabled' ]
  Script location: file: gfx/portraits/portrait_modifiers/05_clothes_situational.txt line: 1202 (clothes_situational:weight)

[12:36:47][E][jomini_script_system.cpp:303]: Script system error!
  Error: has_game_rule trigger [ Invalid database object 'show_armor_enabled' ]
  Script location: file: gfx/portraits/portrait_modifiers/05_clothes_situational.txt line: 1248 (clothes_situational:weight)

[12:36:47][E][jomini_script_system.cpp:303]: Script system error!
  Error: has_game_rule trigger [ Invalid database object 'show_armor_enabled' ]
  Script location: file: gfx/portraits/portrait_modifiers/05_clothes_situational.txt line: 1292 (clothes_situational:weight)

[12:36:47][E][jomini_script_system.cpp:303]: Script system error!
  Error: has_game_rule trigger [ Invalid database object 'show_armor_enabled' ]
  Script location: file: gfx/portraits/portrait_modifiers/05_clothes_situational.txt line: 1338 (clothes_situational:weight)

[12:36:47][E][jomini_script_system.cpp:303]: Script system error!
  Error: has_game_rule trigger [ Invalid database object 'show_armor_enabled' ]
  Script location: file: gfx/portraits/portrait_modifiers/05_clothes_situational.txt line: 1382 (clothes_situational:weight)

[12:36:47][E][jomini_script_system.cpp:303]: Script system error!
  Error: has_game_rule trigger [ Invalid database object 'show_armor_enabled' ]
  Script location: file: gfx/portraits/portrait_modifiers/05_clothes_situational.txt line: 1428 (clothes_situational:weight)

[12:36:47][E][jomini_script_system.cpp:303]: Script system error!
  Error: has_game_rule trigger [ Invalid database object 'show_armor_enabled' ]
  Script location: file: gfx/portraits/portrait_modifiers/05_clothes_situational.txt line: 1472 (clothes_situational:weight)

[12:36:47][E][jomini_script_system.cpp:303]: Script system error!
  Error: has_game_rule trigger [ Invalid database object 'show_armor_enabled' ]
  Script location: file: gfx/portraits/portrait_modifiers/05_clothes_situational.txt line: 1518 (clothes_situational:weight)

[12:36:47][E][jomini_script_system.cpp:303]: Script system error!
  Error: has_game_rule trigger [ Invalid database object 'show_armor_enabled' ]
  Script location: file: gfx/portraits/portrait_modifiers/05_clothes_situational.txt line: 1562 (clothes_situational:weight)

[12:36:47][E][jomini_script_system.cpp:303]: Script system error!
  Error: has_game_rule trigger [ Invalid database object 'show_armor_enabled' ]
  Script location: file: gfx/portraits/portrait_modifiers/05_headgear_situational.txt line: 338 (headgear_situational:weight)

[12:36:47][E][jomini_script_system.cpp:303]: Script system error!
  Error: has_game_rule trigger [ Invalid database object 'show_armor_enabled' ]
  Script location: file: gfx/portraits/portrait_modifiers/05_headgear_situational.txt line: 395 (headgear_situational:weight)

[12:36:47][E][jomini_script_system.cpp:303]: Script system error!
  Error: has_game_rule trigger [ Invalid database object 'show_armor_enabled' ]
  Script location: file: gfx/portraits/portrait_modifiers/05_headgear_situational.txt line: 3127 (headgear_situational:weight)

[12:36:47][E][jomini_script_system.cpp:303]: Script system error!
  Error: has_game_rule trigger [ Invalid database object 'show_armor_enabled' ]
  Script location: file: gfx/portraits/portrait_modifiers/05_headgear_situational.txt line: 3174 (headgear_situational:weight)

[12:36:47][E][jomini_script_system.cpp:303]: Script system error!
  Error: has_game_rule trigger [ Invalid database object 'show_armor_enabled' ]
  Script location: file: gfx/portraits/portrait_modifiers/05_headgear_situational.txt line: 3222 (headgear_situational:weight)

[12:36:47][E][jomini_script_system.cpp:303]: Script system error!
  Error: has_game_rule trigger [ Invalid database object 'show_armor_enabled' ]
  Script location: file: gfx/portraits/portrait_modifiers/05_headgear_situational.txt line: 3266 (headgear_situational:weight)

[12:36:47][E][jomini_script_system.cpp:303]: Script system error!
  Error: has_game_rule trigger [ Invalid database object 'show_armor_enabled' ]
  Script location: file: gfx/portraits/portrait_modifiers/05_headgear_situational.txt line: 3310 (headgear_situational:weight)

[12:36:47][E][jomini_script_system.cpp:303]: Script system error!
  Error: has_game_rule trigger [ Invalid database object 'show_armor_enabled' ]
  Script location: file: gfx/portraits/portrait_modifiers/05_headgear_situational.txt line: 3355 (headgear_situational:weight)

[12:36:47][E][jomini_script_system.cpp:303]: Script system error!
  Error: has_activity_type trigger [ target: Not found in database class CActivityTypeDatabase ]
  Script location: file: gfx/portraits/portrait_modifiers/asoiaf_character_custom_flags.txt line: 15774 (asoiaf_custom_character_clothes:weight)

[12:36:47][E][jomini_script_system.cpp:303]: Script system error!
  Error: has_activity_type trigger [ target: Not found in database class CActivityTypeDatabase ]
  Script location: file: gfx/portraits/portrait_modifiers/asoiaf_character_custom_flags.txt line: 16489 (asoiaf_custom_character_clothes:weight)

[12:36:47][E][jomini_script_system.cpp:303]: Script system error!
  Error: has_activity_type trigger [ target: Not found in database class CActivityTypeDatabase ]
  Script location: file: gfx/portraits/portrait_modifiers/asoiaf_character_custom_flags.txt line: 18127 (asoiaf_custom_character_clothes:weight)

[12:36:47][E][jomini_script_system.cpp:303]: Script system error!
  Error: has_activity_type trigger [ target: Not found in database class CActivityTypeDatabase ]
  Script location: file: gfx/portraits/portrait_modifiers/asoiaf_character_custom_flags.txt line: 18567 (asoiaf_custom_character_clothes:weight)

[12:36:47][E][jomini_script_system.cpp:303]: Script system error!
  Error: has_game_rule trigger [ Invalid database object 'show_armor_enabled' ]
  Script location: file: gfx/portraits/portrait_modifiers/asoiaf_clothes_situational.txt line: 97 (asoiaf_clothes_situational:weight)

[12:36:47][E][jomini_script_system.cpp:303]: Script system error!
  Error: has_activity_type trigger [ target: Not found in database class CActivityTypeDatabase ]
  Script location: file: gfx/portraits/portrait_modifiers/asoiaf_hairs_custom_flags.txt line: 4083 (asoiaf_hairs_custom_appearances:weight)

[12:36:47][E][jomini_script_system.cpp:303]: Script system error!
  Error: has_activity_type trigger [ target: Not found in database class CActivityTypeDatabase ]
  Script location: file: gfx/portraits/portrait_modifiers/asoiaf_hairs_custom_flags.txt line: 4096 (asoiaf_hairs_custom_appearances:weight)

[12:36:47][E][jomini_script_system.cpp:303]: Script system error!
  Error: has_activity_type trigger [ target: Not found in database class CActivityTypeDatabase ]
  Script location: file: gfx/portraits/portrait_modifiers/asoiaf_hairs_custom_flags.txt line: 5012 (asoiaf_hairs_custom_appearances:weight)

[12:36:47][E][jomini_script_system.cpp:303]: Script system error!
  Error: has_activity_type trigger [ target: Not found in database class CActivityTypeDatabase ]
  Script location: file: gfx/portraits/portrait_modifiers/asoiaf_hairs_custom_flags.txt line: 5027 (asoiaf_hairs_custom_appearances:weight)

[12:36:47][E][jomini_script_system.cpp:303]: Script system error!
  Error: has_activity_type trigger [ target: Not found in database class CActivityTypeDatabase ]
  Script location: file: gfx/portraits/portrait_modifiers/asoiaf_hairs_custom_flags.txt line: 5086 (asoiaf_hairs_custom_appearances:weight)

[12:36:47][E][jomini_script_system.cpp:303]: Script system error!
  Error: has_activity_type trigger [ target: Not found in database class CActivityTypeDatabase ]
  Script location: file: gfx/portraits/portrait_modifiers/asoiaf_hairs_custom_flags.txt line: 5102 (asoiaf_hairs_custom_appearances:weight)

[12:36:47][E][jomini_script_system.cpp:303]: Script system error!
  Error: has_game_rule trigger [ Invalid database object 'show_armor_enabled' ]
  Script location: file: gfx/portraits/portrait_modifiers/asoiaf_headgear_situational.txt line: 182 (asoiaf_headgear_situational:weight)

[12:36:47][E][jomini_script_system.cpp:303]: Script system error!
  Error: is_struggle_type trigger [ Invalid database object 'persian_struggle' ]
  Script location: file: common/character_interactions/DI_character_interaction.txt line: 1415 (DI_arrange_marriage_interaction:is_shown)

[12:36:47][E][jomini_script_system.cpp:303]: Script system error!
  Error: has_struggle_phase_parameter trigger [ Bool phase parameter 'can_trade_piety_for_marriage_acceptance' does not exist ]
  Script location: file: common/character_interactions/DI_character_interaction.txt line: 1416 (DI_arrange_marriage_interaction:is_shown)

[12:36:47][E][jomini_script_system.cpp:303]: Script system error!
  Error: is_struggle_type trigger [ Invalid database object 'persian_struggle' ]
  Script location: file: common/character_interactions/DI_character_interaction.txt line: 1424 (DI_arrange_marriage_interaction:is_valid)

[12:36:47][E][jomini_script_system.cpp:303]: Script system error!
  Error: is_struggle_type trigger [ Invalid database object 'persian_struggle' ]
  Script location: file: common/character_interactions/DI_character_interaction.txt line: 1430 (DI_arrange_marriage_interaction:is_valid)

[12:36:47][E][jomini_script_system.cpp:303]: Script system error!
  Error: has_game_rule trigger [ Invalid database object 'asoiaf_alternative_arryn_sigil_rule_off' ]
  Script location: file: common/on_action/asoiaf_marriage_concubinage_on_actions.txt line: 56 (asoiaf_rhaenyra_personal_coa_marriage)

[12:36:47][E][jomini_script_system.cpp:303]: Script system error!
  Error: has_game_rule trigger [ Invalid database object 'asoiaf_alternative_arryn_sigil_rule_on' ]
  Script location: file: common/on_action/asoiaf_marriage_concubinage_on_actions.txt line: 73 (asoiaf_rhaenyra_personal_coa_marriage)

[12:36:47][E][jomini_script_system.cpp:303]: Script system error!
  Error: has_game_rule trigger [ Invalid database object 'agot_shatter_empires' ]
  Script location: file: common/on_action/ntc_artifacts_startdate.txt line: 128 (ntc_artifact_shattered_kingdoms)

[12:36:47][E][jomini_script_system.cpp:303]: Script system error!
  Error: is_in_family trigger [ Invalid database object 'rf_abrahamic' ]
  Script location: file: common/scripted_effects/DI_char_spawner_effects.txt line: 1464 (DI_char_spawner_resolve_origin_effect)

[12:36:47][E][jomini_script_system.cpp:303]: Script system error!
  Error: is_in_family trigger [ Invalid database object 'rf_abrahamic' ]
  Script location: file: common/scripted_effects/DI_char_spawner_effects.txt line: 1466 (DI_char_spawner_resolve_origin_effect)

[12:36:47][E][jomini_script_system.cpp:303]: Script system error!
  Error: is_in_family trigger [ Invalid database object 'rf_eastern' ]
  Script location: file: common/scripted_effects/DI_char_spawner_effects.txt line: 1470 (DI_char_spawner_resolve_origin_effect)

[12:36:47][E][jomini_script_system.cpp:303]: Script system error!
  Error: is_in_family trigger [ Invalid database object 'rf_eastern' ]
  Script location: file: common/scripted_effects/DI_char_spawner_effects.txt line: 1472 (DI_char_spawner_resolve_origin_effect)

[12:36:47][E][jomini_script_system.cpp:303]: Script system error!
  Error: is_in_family trigger [ Invalid database object 'rf_sinitic' ]
  Script location: file: common/scripted_effects/DI_char_spawner_effects.txt line: 1476 (DI_char_spawner_resolve_origin_effect)

[12:36:47][E][jomini_script_system.cpp:303]: Script system error!
  Error: is_in_family trigger [ Invalid database object 'rf_sinitic' ]
  Script location: file: common/scripted_effects/DI_char_spawner_effects.txt line: 1478 (DI_char_spawner_resolve_origin_effect)

[12:36:47][E][jomini_script_system.cpp:303]: Script system error!
  Error: is_in_family trigger [ Invalid database object 'rf_pagan' ]
  Script location: file: common/scripted_effects/DI_char_spawner_effects.txt line: 1482 (DI_char_spawner_resolve_origin_effect)

[12:36:47][E][jomini_script_system.cpp:303]: Script system error!
  Error: is_in_family trigger [ Invalid database object 'rf_pagan' ]
  Script location: file: common/scripted_effects/DI_char_spawner_effects.txt line: 1484 (DI_char_spawner_resolve_origin_effect)

[12:36:47][E][jomini_script_system.cpp:303]: Script system error!
  Error: has_cultural_parameter trigger [ Bool culture parameter 'can_build_quarries_in_hills' does not exist ]
  Script location: file: common/scripted_triggers/cowagot_building_requirement_triggers.txt line: 12 (building_quarries_requirement_terrain)

[12:36:47][E][jomini_script_system.cpp:303]: Script system error!
  Error: has_game_rule trigger [ Invalid database object 'tgc_enabled_enabled' ]
  Script location: file: common/scripted_triggers/tgc_loaded_trigger.txt line: 11 (tgc_standard_equipment_trigger)

[12:36:47][E][jomini_script_system.cpp:303]: Script system error!
  Error: has_game_rule trigger [ Invalid database object 'tgc_enabled_enabled' ]
  Script location: file: common/scripted_triggers/tgc_loaded_trigger.txt line: 59 (tgc_captain_equipment_trigger)

[12:36:47][E][jomini_script_system.cpp:303]: Script system error!
  Error: has_game_rule trigger [ Invalid database object 'tgc_enabled_enabled' ]
  Script location: file: common/scripted_triggers/tgc_loaded_trigger.txt line: 94 (tgc_blackfyre_or_targ_equipment_trigger)

[12:36:47][E][jomini_script_system.cpp:303]: Script system error!
  Error: has_game_rule trigger [ Invalid database object 'tgc_blackfyre_enabled' ]
  Script location: file: common/scripted_triggers/tgc_loaded_trigger.txt line: 104 (tgc_blackfyre_equipment_trigger)

[12:36:47][E][jomini_script_system.cpp:303]: Script system error!
  Error: has_game_rule trigger [ Invalid database object 'tgc_faegon_enabled' ]
  Script location: file: common/scripted_triggers/tgc_loaded_trigger.txt line: 120 (tgc_blackfyre_equipment_trigger)

[12:36:47][E][jomini_script_system.cpp:303]: Script system error!
  Error: has_game_rule trigger [ Invalid database object 'tgc_faegon_enabled' ]
  Script location: file: common/scripted_triggers/tgc_loaded_trigger.txt line: 140 (tgc_targaryen_equipment_trigger)

[12:36:47][E][jomini_script_system.cpp:303]: Script system error!
  Error: has_game_rule trigger [ Invalid database object 'tgc_enabled_enabled' ]
  Script location: file: common/scripted_triggers/tgc_loaded_trigger.txt line: 163 (tgc_blackfyre_house_equipment_trigger)

[12:36:47][E][jomini_script_system.cpp:303]: Script system error!
  Error: has_game_rule trigger [ Invalid database object 'tgc_blackfyre_enabled' ]
  Script location: file: common/scripted_triggers/tgc_loaded_trigger.txt line: 164 (tgc_blackfyre_house_equipment_trigger)

[12:36:47][E][static_modifier.cpp:200]: Modifier 'lucerys_gun_modifier' was not used by the script or code but exists in the database, this is a waste
[12:36:47][E][static_modifier.cpp:200]: Modifier 'artifact_monthly_piety_negative_1_modifier' was not used by the script or code but exists in the database, this is a waste
[12:36:47][E][static_modifier.cpp:200]: Modifier 'artifact_monthly_martial_lifestyle_xp_1_negative_modifier' was not used by the script or code but exists in the database, this is a waste
[12:36:47][E][static_modifier.cpp:200]: Modifier 'asoiaf_oathkeeper_modifier' was not used by the script or code but exists in the database, this is a waste
[12:36:47][E][static_modifier.cpp:200]: Modifier 'asoiaf_stark_throne_modifier' was not used by the script or code but exists in the database, this is a waste
[12:36:47][E][static_modifier.cpp:200]: Modifier 'asoiaf_Karstark_4_modifier' was not used by the script or code but exists in the database, this is a waste
[12:36:49][E][game_icons.cpp:746]: file gfx/interface/icons/building_types/icon_building_ten_towers.dds doesn't exist, referenced from building 'agot_ten_towers_01'
[12:36:50][E][game_icons.cpp:746]: file gfx/interface/icons/building_types/icon_riverrun.dds doesn't exist, referenced from building 'oldstones_old_final'
[12:36:50][E][game_icons.cpp:746]: file gfx/interface/icons/building_types/icon_riverrun.dds doesn't exist, referenced from building 'oldstones_old_new'
[12:36:50][E][game_icons.cpp:746]: file gfx/interface/icons/building_types/icon_riverrun.dds doesn't exist, referenced from building 'oldstones_restored_final'
[12:36:51][E][databases.h:36]: Key rf_valyrian not found at Database: common/religion/religion_family_types
[12:36:51][E][databases.h:36]: Key tgp_minister_recruit_courtiers_decision not found at Database: common/decisions
[12:36:52][E][history.cpp:1014]: No birth date for character at: file: history/characters/asoiaf_char_dummies.txt line: 6597
[12:36:52][E][jomini_script_system.cpp:303]: Script system error!
  Error: add_trait effect [ target: Not found in database class CTraitDatabase ]
  Script location: file: history/characters/asoiaf_char_stormlands.txt line: 152

[12:36:52][E][history.cpp:644]: Referencing non-existent character in script link character:Gardener_75
[12:36:52][E][history.cpp:644]: Referencing non-existent character in script link character:Gardener_75
[12:36:52][E][history.cpp:644]: Referencing non-existent character in script link character:Dormund_1
[12:36:52][E][history.cpp:644]: Referencing non-existent character in script link character:Dormund_1
[12:36:52][E][history.cpp:644]: Referencing non-existent character in script link character:Broome_rs_54
[12:36:52][E][history.cpp:644]: Referencing non-existent character in script link character:Dormund_1
[12:36:52][E][history.cpp:644]: Referencing non-existent character in script link character:Dormund_1
[12:36:52][E][history.cpp:644]: Referencing non-existent character in script link character:Hotah_rs_2
[12:36:52][E][history.cpp:644]: Referencing non-existent character in script link character:Hotah_rs_2
[12:36:52][E][history.cpp:644]: Referencing non-existent character in script link character:asoiaf_Targaryen_61_1
[12:36:52][E][history.cpp:644]: Referencing non-existent character in script link character:asoiaf_Targaryen_61_1
[12:36:52][E][history.cpp:644]: Referencing non-existent character in script link character:Stark_asoiaf_87
[12:36:52][E][history.cpp:644]: Referencing non-existent character in script link character:Stark_asoiaf_88
[12:36:52][E][history.cpp:644]: Referencing non-existent character in script link character:Stark_asoiaf_94
[12:36:52][E][history.cpp:644]: Referencing non-existent character in script link character:Stark_asoiaf_95
[12:36:52][E][history.cpp:644]: Referencing non-existent character in script link character:Stark_asoiaf_96
[12:36:52][E][history.cpp:644]: Referencing non-existent character in script link character:Stark_asoiaf_97
[12:36:52][E][history.cpp:644]: Referencing non-existent character in script link character:Stark_asoiaf_98
[12:36:52][E][history.cpp:644]: Referencing non-existent character in script link character:Stark_asoiaf_99
[12:36:52][E][history.cpp:644]: Referencing non-existent character in script link character:Stark_asoiaf_100
[12:36:52][E][history.cpp:644]: Referencing non-existent character in script link character:Stark_asoiaf_101
[12:36:52][E][history.cpp:644]: Referencing non-existent character in script link character:Stark_asoiaf_102
[12:36:52][E][history.cpp:644]: Referencing non-existent character in script link character:Stark_asoiaf_103
[12:36:52][E][history.cpp:644]: Referencing non-existent character in script link character:Arryn_asoiaf_7
[12:36:52][E][history.cpp:644]: Referencing non-existent character in script link character:Tyrell_asoiaf_9
[12:36:52][E][history.cpp:644]: Referencing non-existent character in script link character:Tyrell_asoiaf_10
[12:36:52][E][history.cpp:644]: Referencing non-existent character in script link character:Hightower_asoiaf_96
[12:36:52][E][history.cpp:644]: Referencing non-existent character in script link character:Hightower_asoiaf_98
[12:36:52][E][history.cpp:644]: Referencing non-existent character in script link character:Targaryen_asoiaf_30
[12:36:52][E][history.cpp:644]: Referencing non-existent character in script link character:Targaryen_asoiaf_31
[12:36:52][E][history.cpp:644]: Referencing non-existent character in script link character:Targaryen_asoiaf_32
[12:36:52][E][history.cpp:644]: Referencing non-existent character in script link character:Targaryen_asoiaf_33
[12:36:52][E][history.cpp:644]: Referencing non-existent character in script link character:Targaryen_asoiaf_34
[12:36:52][E][history.cpp:644]: Referencing non-existent character in script link character:Targaryen_asoiaf_37
[12:36:52][E][history.cpp:644]: Referencing non-existent character in script link character:Targaryen_asoiaf_38
[12:36:52][E][history.cpp:644]: Referencing non-existent character in script link character:Targaryen_asoiaf_40
[12:36:52][E][history.cpp:644]: Referencing non-existent character in script link character:Targaryen_asoiaf_39
[12:36:52][E][history.cpp:644]: Referencing non-existent character in script link character:Targaryen_asoiaf_41
[12:36:52][E][history.cpp:644]: Referencing non-existent character in script link character:Targaryen_asoiaf_42
[12:36:52][E][history.cpp:644]: Referencing non-existent character in script link character:Targaryen_asoiaf_43
[12:36:52][E][history.cpp:644]: Referencing non-existent character in script link character:Targaryen_asoiaf_44
[12:36:52][E][history.cpp:644]: Referencing non-existent character in script link character:Targaryen_asoiaf_49
[12:36:52][E][history.cpp:644]: Referencing non-existent character in script link character:Targaryen_asoiaf_52
[12:36:52][E][history.cpp:644]: Referencing non-existent character in script link character:Targaryen_asoiaf_53
[12:36:52][E][history.cpp:644]: Referencing non-existent character in script link character:Targaryen_asoiaf_54
[12:36:52][E][history.cpp:644]: Referencing non-existent character in script link character:Targaryen_asoiaf_55
[12:36:52][E][history.cpp:644]: Referencing non-existent character in script link character:Targaryen_asoiaf_55_1
[12:36:52][E][history.cpp:644]: Referencing non-existent character in script link character:Targaryen_asoiaf_56
[12:36:52][E][history.cpp:644]: Referencing non-existent character in script link character:Targaryen_asoiaf_57
[12:36:52][E][history.cpp:644]: Referencing non-existent character in script link character:Targaryen_asoiaf_58
[12:36:52][E][history.cpp:644]: Referencing non-existent character in script link character:Hammer_asoiaf_2
[12:36:52][E][history.cpp:644]: Referencing non-existent character in script link character:Targaryen_asoiaf_62
[12:36:52][E][history.cpp:644]: Referencing non-existent character in script link character:Targaryen_asoiaf_131
[12:36:52][E][history.cpp:644]: Referencing non-existent character in script link character:Targaryen_asoiaf_64
[12:36:52][E][history.cpp:644]: Referencing non-existent character in script link character:Targaryen_asoiaf_61_1
[12:36:52][E][history.cpp:644]: Referencing non-existent character in script link character:Targaryen_asoiaf_80
[12:36:52][E][history.cpp:644]: Referencing non-existent character in script link character:Targaryen_asoiaf_88
[12:36:52][E][history.cpp:644]: Referencing non-existent character in script link character:Targaryen_asoiaf_91
[12:36:52][E][history.cpp:644]: Referencing non-existent character in script link character:Targaryen_asoiaf_134
[12:36:52][E][history.cpp:644]: Referencing non-existent character in script link character:Targaryen_asoiaf_132
[12:36:52][E][history.cpp:644]: Referencing non-existent character in script link character:Targaryen_asoiaf_133
[12:36:52][E][history.cpp:644]: Referencing non-existent character in script link character:Targaryen_asoiaf_92
[12:36:52][E][history.cpp:644]: Referencing non-existent character in script link character:Targaryen_asoiaf_93
[12:36:52][E][history.cpp:644]: Referencing non-existent character in script link character:Targaryen_asoiaf_135
[12:36:52][E][history.cpp:644]: Referencing non-existent character in script link character:Targaryen_asoiaf_94
[12:36:52][E][history.cpp:644]: Referencing non-existent character in script link character:Targaryen_asoiaf_108
[12:36:52][E][history.cpp:644]: Referencing non-existent character in script link character:Targaryen_asoiaf_109
[12:36:52][E][history.cpp:644]: Referencing non-existent character in script link character:Targaryen_asoiaf_112
[12:36:52][E][history.cpp:644]: Referencing non-existent character in script link character:Targaryen_asoiaf_113
[12:36:52][E][history.cpp:644]: Referencing non-existent character in script link character:Targaryen_asoiaf_114
[12:36:52][E][history.cpp:644]: Referencing non-existent character in script link character:Targaryen_asoiaf_115
[12:36:52][E][history.cpp:644]: Referencing non-existent character in script link character:Targaryen_asoiaf_116
[12:36:52][E][history.cpp:644]: Referencing non-existent character in script link character:Targaryen_asoiaf_117
[12:36:52][E][history.cpp:644]: Referencing non-existent character in script link character:Targaryen_asoiaf_121
[12:36:52][E][history.cpp:644]: Referencing non-existent character in script link character:Targaryen_asoiaf_123
[12:36:52][E][history.cpp:644]: Referencing non-existent character in script link character:Targaryen_asoiaf_124
[12:36:52][E][history.cpp:644]: Referencing non-existent character in script link character:Targaryen_asoiaf_125
[12:36:52][E][history.cpp:644]: Referencing non-existent character in script link character:Targaryen_asoiaf_4
[12:36:52][E][history.cpp:644]: Referencing non-existent character in script link character:Targaryen_asoiaf_5
[12:36:52][E][history.cpp:644]: Referencing non-existent character in script link character:Targaryen_asoiaf_6
[12:36:52][E][history.cpp:644]: Referencing non-existent character in script link character:Targaryen_asoiaf_7
[12:36:52][E][history.cpp:644]: Referencing non-existent character in script link character:Dayne_asoiaf_3
[12:36:52][E][history.cpp:644]: Referencing non-existent character in script link character:Dayne_asoiaf_6
[12:36:52][E][history.cpp:644]: Referencing non-existent character in script link character:Dayne_asoiaf_7
[12:36:52][E][history.cpp:644]: Referencing non-existent character in script link character:Tully_asoiaf_2
[12:36:52][E][history.cpp:644]: Referencing non-existent character in script link character:Tully_asoiaf_3
[12:36:52][E][history.cpp:644]: Referencing non-existent character in script link character:Tully_asoiaf_8
[12:36:52][E][history.cpp:644]: Referencing non-existent character in script link character:Strong_asoiaf_32
[12:36:52][E][history.cpp:644]: Referencing non-existent character in script link character:Strong_asoiaf_33
[12:36:52][E][history.cpp:644]: Referencing non-existent character in script link character:Greyjoy_asoiaf_11
[12:36:52][E][history.cpp:644]: Referencing non-existent character in script link character:Greyjoy_asoiaf_12
[12:36:52][E][history.cpp:644]: Referencing non-existent character in script link character:Targaryen_61_1
[12:36:52][E][history.cpp:644]: Referencing non-existent character in script link character:Targaryen_61_1
[12:36:52][E][history.cpp:644]: Referencing non-existent character in script link character:Targaryen_61_1
[12:36:52][E][history.cpp:644]: Referencing non-existent character in script link character:Targaryen_61_1
