[17:48:44][W][gamedatabase.h:321]: Overriding entry 'chess' for database 'gfx/interface/illustrations/loading_screens' in 'file: gfx/interface/illustrations/loading_screens/loadscreen_settings.txt line: 5'
[17:48:44][W][gamedatabase.h:321]: Overriding entry 'court' for database 'gfx/interface/illustrations/loading_screens' in 'file: gfx/interface/illustrations/loading_screens/loadscreen_settings.txt line: 7'
[17:48:44][W][gamedatabase.h:321]: Overriding entry 'lady_shalott' for database 'gfx/interface/illustrations/loading_screens' in 'file: gfx/interface/illustrations/loading_screens/loadscreen_settings.txt line: 9'
[17:48:44][W][gamedatabase.h:321]: Overriding entry 'new_basileus' for database 'gfx/interface/illustrations/loading_screens' in 'file: gfx/interface/illustrations/loading_screens/loadscreen_settings.txt line: 10'
[17:48:44][W][gamedatabase.h:321]: Overriding entry 'persia' for database 'gfx/interface/illustrations/loading_screens' in 'file: gfx/interface/illustrations/loading_screens/loadscreen_settings.txt line: 11'
[17:48:44][W][gamedatabase.h:321]: Overriding entry 'runestone' for database 'gfx/interface/illustrations/loading_screens' in 'file: gfx/interface/illustrations/loading_screens/loadscreen_settings.txt line: 12'
[17:48:44][W][gamedatabase.h:321]: Overriding entry 'tournament' for database 'gfx/interface/illustrations/loading_screens' in 'file: gfx/interface/illustrations/loading_screens/loadscreen_settings.txt line: 13'
[17:48:44][W][gamedatabase.h:321]: Overriding entry 'mpo_mongols' for database 'gfx/interface/illustrations/loading_screens' in 'file: gfx/interface/illustrations/loading_screens/loadscreen_settings.txt line: 14'
[17:50:31][W][gamedatabase.h:321]: Overriding entry 'house_Bittersteel' for database 'common/dynasty_houses' in 'file: common/dynasty_houses/asoiaf_dynasty_houses.txt line: 76'
[17:50:31][W][gamedatabase.h:321]: Overriding entry 'house_Essos' for database 'common/dynasty_houses' in 'file: common/dynasty_houses/asoiaf_dynasty_houses.txt line: 116'
[17:50:31][W][gamedatabase.h:321]: Overriding entry 'house_Blackwater' for database 'common/dynasty_houses' in 'file: common/dynasty_houses/asoiaf_dynasty_houses.txt line: 122'
[17:50:31][W][gamedatabase.h:321]: Overriding entry 'house_Brightflame' for database 'common/dynasty_houses' in 'file: common/dynasty_houses/asoiaf_dynasty_houses.txt line: 128'
[17:50:31][W][gamedatabase.h:321]: Overriding entry 'nick_agot_the_white' for database 'common/nicknames' in 'file: common/nicknames/00_agot_generic_nicknames.txt line: 462'
[17:50:31][W][gamedatabase.h:321]: Overriding entry 'nick_agot_the_pale' for database 'common/nicknames' in 'file: common/nicknames/00_agot_generic_nicknames.txt line: 480'
[17:50:31][W][gamedatabase.h:321]: Overriding entry 'camera_event_very_right' for database 'gfx/portraits/cameras' in 'file: gfx/portraits/cameras/zz_agot_coronation_cameras.txt line: 1'
[17:50:31][W][gamedatabase.h:321]: Overriding entry 'camera_dragon_event_center' for database 'gfx/portraits/cameras' in 'file: gfx/portraits/cameras/zz_agot_dragon_portrait_cameras.txt line: 500'
[17:50:31][W][gamedatabase.h:321]: Overriding entry 'camera_dragon_event_left' for database 'gfx/portraits/cameras' in 'file: gfx/portraits/cameras/zz_agot_dragon_portrait_cameras.txt line: 518'
[17:50:31][W][gamedatabase.h:321]: Overriding entry 'camera_dragon_event_right' for database 'gfx/portraits/cameras' in 'file: gfx/portraits/cameras/zz_agot_dragon_portrait_cameras.txt line: 572'
[17:50:31][W][gamedatabase.h:321]: Overriding entry 'ce__empty_designer.dds' for database 'gfx/coat_of_arms/colored_emblems' in 'file: gfx/coat_of_arms/colored_emblems/50_coa_designer_emblems.txt line: 32'
[17:50:31][W][gamedatabase.h:321]: Overriding entry 'ce_bend_thin.dds' for database 'gfx/coat_of_arms/colored_emblems' in 'file: gfx/coat_of_arms/colored_emblems/50_coa_designer_emblems.txt line: 1649'
[17:50:31][W][gamedatabase.h:321]: Overriding entry 'ce_sun_01.dds' for database 'gfx/coat_of_arms/colored_emblems' in 'file: gfx/coat_of_arms/colored_emblems/50_coa_designer_emblems.txt line: 1864'
[17:50:31][W][gamedatabase.h:321]: Overriding entry 'ce_mena_pale.dds' for database 'gfx/coat_of_arms/colored_emblems' in 'file: gfx/coat_of_arms/colored_emblems/50_coa_designer_emblems.txt line: 2022'
[17:50:31][W][gamedatabase.h:321]: Overriding entry 'rl_bracken_bittersteel.dds' for database 'gfx/coat_of_arms/colored_emblems' in 'file: gfx/coat_of_arms/colored_emblems/50_coa_designer_emblems.txt line: 2347'
[17:50:31][W][gamedatabase.h:321]: Overriding entry 'rl_bracken_bittersteel_fire.dds' for database 'gfx/coat_of_arms/colored_emblems' in 'file: gfx/coat_of_arms/colored_emblems/50_coa_designer_emblems.txt line: 2348'
[17:50:31][W][gamedatabase.h:321]: Overriding entry 'coa_designer_background_colors' for database 'gfx/coat_of_arms/color_palettes' in 'file: gfx/coat_of_arms/color_palettes/agot_coa_designer_palettes.txt line: 13'
[17:50:31][W][gamedatabase.h:321]: Overriding entry 'vale_seldon_rayonne5.dds' for database 'gfx/coat_of_arms/colored_emblems' in 'file: gfx/coat_of_arms/colored_emblems/50_coa_designer_emblems.txt line: 2627'
[17:50:31][W][gamedatabase.h:321]: Overriding entry 'ce_sun_02.dds' for database 'gfx/coat_of_arms/colored_emblems' in 'file: gfx/coat_of_arms/colored_emblems/50_coa_designer_emblems.txt line: 2725'
[17:50:31][W][gamedatabase.h:321]: Overriding entry 'riverlands_barrett_gate.dds' for database 'gfx/coat_of_arms/colored_emblems' in 'file: gfx/coat_of_arms/colored_emblems/50_coa_designer_emblems.txt line: 2781'
[17:50:31][W][gamedatabase.h:321]: Overriding entry 'coa_designer_background_colors' for database 'gfx/coat_of_arms/color_palettes' in 'file: gfx/coat_of_arms/color_palettes/asoiaf_coa_designer_palettes.txt line: 13'
[17:50:31][W][gamedatabase.h:321]: Overriding entry 'has_holding_type' for database 'common/trigger_localization' in 'file: common/trigger_localization/00_building_triggers.txt line: 21'
[17:50:31][W][gamedatabase.h:321]: Overriding entry 'dynn_Dalthor' for database 'common/dynasties' in 'file: common/dynasties/00_agot_dyn_lorathi.txt line: 130'
[17:50:32][W][genedatabase.cpp:280]: Overriding entry 'gene_age' for database gene database in 'file: common/genes/gene_age_override.txt line: 119'
[17:50:32][W][gamedatabase.h:321]: Overriding entry 'any_county_province' for database 'common/trigger_localization' in 'file: common/trigger_localization/00_province_triggers.txt line: 101'
[17:50:32][W][gamedatabase.h:321]: Overriding entry 'dynn_Most_Devout' for database 'common/dynasties' in 'file: common/dynasties/asoiaf_dyn_special.txt line: 1'
[17:50:32][W][genedatabase.cpp:280]: Overriding entry 'special_accessories_jewelry' for database gene database in 'file: common/genes/smc_genes_accessories_jewellery.txt line: 3'
[17:50:32][W][gamedatabase.h:321]: Overriding entry 'dynn_Essos' for database 'common/dynasties' in 'file: common/dynasties/asoiaf_dyn_valyrian.txt line: 1'
[17:50:32][W][gamedatabase.h:321]: Overriding entry 'daemonblackfyre_crown' for database 'gfx/portraits/accessories' in 'file: gfx/portraits/accessories/agot_custom_stuff.txt line: 348'
[17:50:32][W][gamedatabase.h:321]: Overriding entry 'female_daemonblackfyre_crown' for database 'gfx/portraits/accessories' in 'file: gfx/portraits/accessories/agot_custom_stuff.txt line: 736'
[17:50:32][W][gamedatabase.h:321]: Overriding entry 'male_headgear_secular_reach_war_coa_02' for database 'gfx/portraits/accessories' in 'file: gfx/portraits/accessories/agot_headgear.txt line: 163'
[17:50:32][W][gamedatabase.h:321]: Overriding entry 'female_eyes_normal' for database 'gfx/portraits/accessories' in 'file: gfx/portraits/accessories/epe_bodyparts.txt line: 6'
[17:50:32][W][gamedatabase.h:321]: Overriding entry 'female_eyes_normal_no_shadow' for database 'gfx/portraits/accessories' in 'file: gfx/portraits/accessories/epe_bodyparts.txt line: 10'
[17:50:32][W][gamedatabase.h:321]: Overriding entry 'female_eyes_normal_dark_iris' for database 'gfx/portraits/accessories' in 'file: gfx/portraits/accessories/epe_bodyparts.txt line: 14'
[17:50:32][W][gamedatabase.h:321]: Overriding entry 'female_eyes_normal_asian' for database 'gfx/portraits/accessories' in 'file: gfx/portraits/accessories/epe_bodyparts.txt line: 18'
[17:50:32][W][gamedatabase.h:321]: Overriding entry 'female_eyes_bloodshot' for database 'gfx/portraits/accessories' in 'file: gfx/portraits/accessories/epe_bodyparts.txt line: 22'
[17:50:32][W][gamedatabase.h:321]: Overriding entry 'female_eyes_blind' for database 'gfx/portraits/accessories' in 'file: gfx/portraits/accessories/epe_bodyparts.txt line: 26'
[17:50:32][W][gamedatabase.h:321]: Overriding entry 'female_teeth_normal' for database 'gfx/portraits/accessories' in 'file: gfx/portraits/accessories/epe_bodyparts.txt line: 34'
[17:50:32][W][gamedatabase.h:321]: Overriding entry 'female_eyelashes_normal' for database 'gfx/portraits/accessories' in 'file: gfx/portraits/accessories/epe_bodyparts.txt line: 38'
[17:50:32][W][gamedatabase.h:321]: Overriding entry 'male_eyes_normal' for database 'gfx/portraits/accessories' in 'file: gfx/portraits/accessories/epe_bodyparts.txt line: 65'
[17:50:32][W][gamedatabase.h:321]: Overriding entry 'male_eyes_normal_no_shadow' for database 'gfx/portraits/accessories' in 'file: gfx/portraits/accessories/epe_bodyparts.txt line: 69'
[17:50:32][W][gamedatabase.h:321]: Overriding entry 'male_eyes_normal_dark_iris' for database 'gfx/portraits/accessories' in 'file: gfx/portraits/accessories/epe_bodyparts.txt line: 73'
[17:50:32][W][gamedatabase.h:321]: Overriding entry 'male_eyes_normal_asian' for database 'gfx/portraits/accessories' in 'file: gfx/portraits/accessories/epe_bodyparts.txt line: 77'
[17:50:32][W][gamedatabase.h:321]: Overriding entry 'male_eyes_bloodshot' for database 'gfx/portraits/accessories' in 'file: gfx/portraits/accessories/epe_bodyparts.txt line: 81'
[17:50:32][W][gamedatabase.h:321]: Overriding entry 'male_eyes_blind' for database 'gfx/portraits/accessories' in 'file: gfx/portraits/accessories/epe_bodyparts.txt line: 85'
[17:50:32][W][gamedatabase.h:321]: Overriding entry 'male_teeth_normal' for database 'gfx/portraits/accessories' in 'file: gfx/portraits/accessories/epe_bodyparts.txt line: 97'
[17:50:32][W][gamedatabase.h:321]: Overriding entry 'male_eyelashes_normal' for database 'gfx/portraits/accessories' in 'file: gfx/portraits/accessories/epe_bodyparts.txt line: 101'
[17:50:32][W][gamedatabase.h:321]: Overriding entry 'boy_eyes_normal' for database 'gfx/portraits/accessories' in 'file: gfx/portraits/accessories/epe_bodyparts.txt line: 115'
[17:50:32][W][gamedatabase.h:321]: Overriding entry 'boy_teeth_normal' for database 'gfx/portraits/accessories' in 'file: gfx/portraits/accessories/epe_bodyparts.txt line: 119'
[17:50:32][W][gamedatabase.h:321]: Overriding entry 'girl_eyes_normal' for database 'gfx/portraits/accessories' in 'file: gfx/portraits/accessories/epe_bodyparts.txt line: 129'
[17:50:32][W][gamedatabase.h:321]: Overriding entry 'girl_teeth_normal' for database 'gfx/portraits/accessories' in 'file: gfx/portraits/accessories/epe_bodyparts.txt line: 133'
[17:50:32][W][gamedatabase.h:321]: Overriding entry 'rhaegar_crown' for database 'gfx/portraits/accessories' in 'file: gfx/portraits/accessories/ntc_headgear.txt line: 1'
[17:50:32][W][gamedatabase.h:321]: Overriding entry 'viserys_son_of_aenys' for database 'gfx/portraits/accessories' in 'file: gfx/portraits/accessories/ntc_headgear.txt line: 6'
[17:50:32][W][gamedatabase.h:321]: Overriding entry 'viserys_son_of_aenys_02' for database 'gfx/portraits/accessories' in 'file: gfx/portraits/accessories/ntc_headgear.txt line: 11'
[17:50:32][W][gamedatabase.h:321]: Overriding entry 'aegonvi_crown' for database 'gfx/portraits/accessories' in 'file: gfx/portraits/accessories/ntc_headgear.txt line: 16'
[17:50:32][W][gamedatabase.h:321]: Overriding entry 'viserysiii_crown' for database 'gfx/portraits/accessories' in 'file: gfx/portraits/accessories/ntc_headgear.txt line: 21'
[17:50:32][W][gamedatabase.h:321]: Overriding entry 'jonsnowtargaryen_crown' for database 'gfx/portraits/accessories' in 'file: gfx/portraits/accessories/ntc_headgear.txt line: 26'
[17:50:32][W][gamedatabase.h:321]: Overriding entry 'jonsnow_crown' for database 'gfx/portraits/accessories' in 'file: gfx/portraits/accessories/ntc_headgear.txt line: 31'
[17:50:32][W][gamedatabase.h:321]: Overriding entry 'maesteraemon_crown' for database 'gfx/portraits/accessories' in 'file: gfx/portraits/accessories/ntc_headgear.txt line: 36'
[17:50:32][W][gamedatabase.h:321]: Overriding entry 'aegonblackfyre_crown' for database 'gfx/portraits/accessories' in 'file: gfx/portraits/accessories/ntc_headgear.txt line: 41'
[17:50:32][W][gamedatabase.h:321]: Overriding entry 'daemonblackfyre_crown' for database 'gfx/portraits/accessories' in 'file: gfx/portraits/accessories/ntc_headgear.txt line: 46'
[17:50:32][W][gamedatabase.h:321]: Overriding entry 'aegontheuncrowned_crown' for database 'gfx/portraits/accessories' in 'file: gfx/portraits/accessories/ntc_headgear.txt line: 51'
[17:50:32][W][gamedatabase.h:321]: Overriding entry 'stepstone_crown' for database 'gfx/portraits/accessories' in 'file: gfx/portraits/accessories/ntc_headgear.txt line: 56'
[17:50:32][W][gamedatabase.h:321]: Overriding entry 'rhaenysvelaryon_crown' for database 'gfx/portraits/accessories' in 'file: gfx/portraits/accessories/ntc_headgear.txt line: 61'
[17:50:32][W][gamedatabase.h:321]: Overriding entry 'female_rhaenysvelaryon_crown' for database 'gfx/portraits/accessories' in 'file: gfx/portraits/accessories/ntc_headgear.txt line: 66'
[17:50:32][W][gamedatabase.h:321]: Overriding entry 'female_rhaenatargaryen_crown' for database 'gfx/portraits/accessories' in 'file: gfx/portraits/accessories/ntc_headgear.txt line: 71'
[17:50:32][W][gamedatabase.h:321]: Overriding entry 'rhaenatargaryen_crown' for database 'gfx/portraits/accessories' in 'file: gfx/portraits/accessories/ntc_headgear.txt line: 76'
[17:50:32][W][gamedatabase.h:321]: Overriding entry 'vaellatargaryen_crown' for database 'gfx/portraits/accessories' in 'file: gfx/portraits/accessories/ntc_headgear.txt line: 81'
[17:50:32][W][gamedatabase.h:321]: Overriding entry 'female_vaellatargaryen_crown' for database 'gfx/portraits/accessories' in 'file: gfx/portraits/accessories/ntc_headgear.txt line: 86'
[17:50:32][W][gamedatabase.h:321]: Overriding entry 'aereatargaryen_crown_01' for database 'gfx/portraits/accessories' in 'file: gfx/portraits/accessories/ntc_headgear.txt line: 91'
[17:50:32][W][gamedatabase.h:321]: Overriding entry 'female_aereatargaryen_crown_01' for database 'gfx/portraits/accessories' in 'file: gfx/portraits/accessories/ntc_headgear.txt line: 96'
[17:50:32][W][gamedatabase.h:321]: Overriding entry 'aereatargaryen_crown_02' for database 'gfx/portraits/accessories' in 'file: gfx/portraits/accessories/ntc_headgear.txt line: 101'
[17:50:32][W][gamedatabase.h:321]: Overriding entry 'female_aereatargaryen_crown_02' for database 'gfx/portraits/accessories' in 'file: gfx/portraits/accessories/ntc_headgear.txt line: 106'
[17:50:32][W][gamedatabase.h:321]: Overriding entry 'baelorbreakspear_crown' for database 'gfx/portraits/accessories' in 'file: gfx/portraits/accessories/ntc_headgear.txt line: 111'
[17:50:32][W][gamedatabase.h:321]: Overriding entry 'goldfyre_crown' for database 'gfx/portraits/accessories' in 'file: gfx/portraits/accessories/ntc_headgear.txt line: 116'
[17:50:32][W][gamedatabase.h:321]: Overriding entry 'greenpyre_crown' for database 'gfx/portraits/accessories' in 'file: gfx/portraits/accessories/ntc_headgear.txt line: 121'
[17:50:32][W][gamedatabase.h:321]: Overriding entry 'brightflame_crown' for database 'gfx/portraits/accessories' in 'file: gfx/portraits/accessories/ntc_headgear.txt line: 126'
[17:50:32][W][gamedatabase.h:321]: Overriding entry 'aenysblackfyre_crown' for database 'gfx/portraits/accessories' in 'file: gfx/portraits/accessories/ntc_headgear.txt line: 131'
[17:50:32][W][gamedatabase.h:321]: Overriding entry 'maelysblackfyre_crown' for database 'gfx/portraits/accessories' in 'file: gfx/portraits/accessories/ntc_headgear.txt line: 136'
[17:50:32][W][gamedatabase.h:321]: Overriding entry 'aemonsonofjaehaerys_crown' for database 'gfx/portraits/accessories' in 'file: gfx/portraits/accessories/ntc_headgear.txt line: 141'
[17:50:32][W][gamedatabase.h:321]: Overriding entry 'duncandragonfly_crown' for database 'gfx/portraits/accessories' in 'file: gfx/portraits/accessories/ntc_headgear.txt line: 146'
[17:50:32][W][gamedatabase.h:321]: Overriding entry 'seawyrm_crown' for database 'gfx/portraits/accessories' in 'file: gfx/portraits/accessories/ntc_headgear.txt line: 151'
[17:50:32][W][gamedatabase.h:321]: Overriding entry 'baelon_crown' for database 'gfx/portraits/accessories' in 'file: gfx/portraits/accessories/ntc_headgear.txt line: 156'
[17:50:32][W][gamedatabase.h:321]: Overriding entry 'female_rhaegar_crown' for database 'gfx/portraits/accessories' in 'file: gfx/portraits/accessories/ntc_headgear.txt line: 161'
[17:50:32][W][gamedatabase.h:321]: Overriding entry 'female_viserys_son_of_aenys' for database 'gfx/portraits/accessories' in 'file: gfx/portraits/accessories/ntc_headgear.txt line: 166'
[17:50:32][W][gamedatabase.h:321]: Overriding entry 'female_viserys_son_of_aenys_02' for database 'gfx/portraits/accessories' in 'file: gfx/portraits/accessories/ntc_headgear.txt line: 171'
[17:50:32][W][gamedatabase.h:321]: Overriding entry 'female_aegonvi_crown' for database 'gfx/portraits/accessories' in 'file: gfx/portraits/accessories/ntc_headgear.txt line: 176'
[17:50:32][W][gamedatabase.h:321]: Overriding entry 'female_viserysiii_crown' for database 'gfx/portraits/accessories' in 'file: gfx/portraits/accessories/ntc_headgear.txt line: 181'
[17:50:32][W][gamedatabase.h:321]: Overriding entry 'female_jonsnowtargaryen_crown' for database 'gfx/portraits/accessories' in 'file: gfx/portraits/accessories/ntc_headgear.txt line: 186'
[17:50:32][W][gamedatabase.h:321]: Overriding entry 'female_jonsnow_crown' for database 'gfx/portraits/accessories' in 'file: gfx/portraits/accessories/ntc_headgear.txt line: 191'
[17:50:32][W][gamedatabase.h:321]: Overriding entry 'female_maesteraemon_crown' for database 'gfx/portraits/accessories' in 'file: gfx/portraits/accessories/ntc_headgear.txt line: 196'
[17:50:32][W][gamedatabase.h:321]: Overriding entry 'female_aegonblackfyre_crown' for database 'gfx/portraits/accessories' in 'file: gfx/portraits/accessories/ntc_headgear.txt line: 201'
[17:50:32][W][gamedatabase.h:321]: Overriding entry 'female_daemonblackfyre_crown' for database 'gfx/portraits/accessories' in 'file: gfx/portraits/accessories/ntc_headgear.txt line: 206'
[17:50:32][W][gamedatabase.h:321]: Overriding entry 'female_aegontheuncrowned_crown' for database 'gfx/portraits/accessories' in 'file: gfx/portraits/accessories/ntc_headgear.txt line: 211'
[17:50:32][W][gamedatabase.h:321]: Overriding entry 'female_stepstone_crown' for database 'gfx/portraits/accessories' in 'file: gfx/portraits/accessories/ntc_headgear.txt line: 216'
[17:50:32][W][gamedatabase.h:321]: Overriding entry 'female_baelorbreakspear_crown' for database 'gfx/portraits/accessories' in 'file: gfx/portraits/accessories/ntc_headgear.txt line: 221'
[17:50:32][W][gamedatabase.h:321]: Overriding entry 'female_goldfyre_crown' for database 'gfx/portraits/accessories' in 'file: gfx/portraits/accessories/ntc_headgear.txt line: 226'
[17:50:32][W][gamedatabase.h:321]: Overriding entry 'female_greenpyre_crown' for database 'gfx/portraits/accessories' in 'file: gfx/portraits/accessories/ntc_headgear.txt line: 231'
[17:50:32][W][gamedatabase.h:321]: Overriding entry 'female_brightflame_crown' for database 'gfx/portraits/accessories' in 'file: gfx/portraits/accessories/ntc_headgear.txt line: 236'
[17:50:32][W][gamedatabase.h:321]: Overriding entry 'female_aenysblackfyre_crown' for database 'gfx/portraits/accessories' in 'file: gfx/portraits/accessories/ntc_headgear.txt line: 241'
[17:50:32][W][gamedatabase.h:321]: Overriding entry 'female_maelysblackfyre_crown' for database 'gfx/portraits/accessories' in 'file: gfx/portraits/accessories/ntc_headgear.txt line: 246'
[17:50:32][W][gamedatabase.h:321]: Overriding entry 'female_aemonsonofjaehaerys_crown' for database 'gfx/portraits/accessories' in 'file: gfx/portraits/accessories/ntc_headgear.txt line: 251'
[17:50:32][W][gamedatabase.h:321]: Overriding entry 'female_duncandragonfly_crown' for database 'gfx/portraits/accessories' in 'file: gfx/portraits/accessories/ntc_headgear.txt line: 256'
[17:50:32][W][gamedatabase.h:321]: Overriding entry 'female_seawyrm_crown' for database 'gfx/portraits/accessories' in 'file: gfx/portraits/accessories/ntc_headgear.txt line: 261'
[17:50:32][W][gamedatabase.h:321]: Overriding entry 'female_baelon_crown' for database 'gfx/portraits/accessories' in 'file: gfx/portraits/accessories/ntc_headgear.txt line: 266'
[17:50:32][W][gamedatabase.h:321]: Overriding entry 'laenorvelaryon_crown' for database 'gfx/portraits/accessories' in 'file: gfx/portraits/accessories/ntc_headgear.txt line: 271'
[17:50:32][W][gamedatabase.h:321]: Overriding entry 'female_laenorvelaryon_crown' for database 'gfx/portraits/accessories' in 'file: gfx/portraits/accessories/ntc_headgear.txt line: 276'
[17:50:32][W][gamedatabase.h:321]: Overriding entry 'jacaerysvelaryon_crown' for database 'gfx/portraits/accessories' in 'file: gfx/portraits/accessories/ntc_headgear.txt line: 281'
[17:50:32][W][gamedatabase.h:321]: Overriding entry 'female_jacaerysvelaryon_crown' for database 'gfx/portraits/accessories' in 'file: gfx/portraits/accessories/ntc_headgear.txt line: 286'
[17:50:32][W][gamedatabase.h:321]: Overriding entry 'haegonblackfyre_crown' for database 'gfx/portraits/accessories' in 'file: gfx/portraits/accessories/ntc_headgear.txt line: 291'
[17:50:32][W][gamedatabase.h:321]: Overriding entry 'female_haegonblackfyre_crown' for database 'gfx/portraits/accessories' in 'file: gfx/portraits/accessories/ntc_headgear.txt line: 296'
[17:50:32][W][gamedatabase.h:321]: Overriding entry 'orysbaratheon_crown' for database 'gfx/portraits/accessories' in 'file: gfx/portraits/accessories/ntc_headgear.txt line: 301'
[17:50:32][W][gamedatabase.h:321]: Overriding entry 'female_orysbaratheon_crown' for database 'gfx/portraits/accessories' in 'file: gfx/portraits/accessories/ntc_headgear.txt line: 306'
[17:50:32][W][gamedatabase.h:321]: Overriding entry 'wolfswood_crown' for database 'gfx/portraits/accessories' in 'file: gfx/portraits/accessories/ntc_headgear.txt line: 311'
[17:50:32][W][gamedatabase.h:321]: Overriding entry 'female_wolfswood_crown' for database 'gfx/portraits/accessories' in 'file: gfx/portraits/accessories/ntc_headgear.txt line: 316'
[17:50:32][W][gamedatabase.h:321]: Overriding entry 'bracken_crown' for database 'gfx/portraits/accessories' in 'file: gfx/portraits/accessories/ntc_headgear.txt line: 321'
[17:50:32][W][gamedatabase.h:321]: Overriding entry 'female_bracken_crown' for database 'gfx/portraits/accessories' in 'file: gfx/portraits/accessories/ntc_headgear.txt line: 326'
[17:50:32][W][gamedatabase.h:321]: Overriding entry 'massey_crown' for database 'gfx/portraits/accessories' in 'file: gfx/portraits/accessories/ntc_headgear.txt line: 331'
[17:50:32][W][gamedatabase.h:321]: Overriding entry 'female_massey_crown' for database 'gfx/portraits/accessories' in 'file: gfx/portraits/accessories/ntc_headgear.txt line: 336'
[17:50:32][W][gamedatabase.h:321]: Overriding entry 'duskendale_crown_01' for database 'gfx/portraits/accessories' in 'file: gfx/portraits/accessories/ntc_headgear.txt line: 341'
[17:50:32][W][gamedatabase.h:321]: Overriding entry 'female_duskendale_crown_01' for database 'gfx/portraits/accessories' in 'file: gfx/portraits/accessories/ntc_headgear.txt line: 346'
[17:50:32][W][gamedatabase.h:321]: Overriding entry 'margaerytyrell_crown' for database 'gfx/portraits/accessories' in 'file: gfx/portraits/accessories/ntc_headgear.txt line: 351'
[17:50:32][W][gamedatabase.h:321]: Overriding entry 'female_margaerytyrell_crown' for database 'gfx/portraits/accessories' in 'file: gfx/portraits/accessories/ntc_headgear.txt line: 356'
[17:50:32][W][gamedatabase.h:321]: Overriding entry 'robbstark_crown' for database 'gfx/portraits/accessories' in 'file: gfx/portraits/accessories/ntc_headgear.txt line: 361'
[17:50:32][W][gamedatabase.h:321]: Overriding entry 'female_robbstark_crown' for database 'gfx/portraits/accessories' in 'file: gfx/portraits/accessories/ntc_headgear.txt line: 366'
[17:50:32][W][gamedatabase.h:321]: Overriding entry 'branstark_crown' for database 'gfx/portraits/accessories' in 'file: gfx/portraits/accessories/ntc_headgear.txt line: 371'
[17:50:32][W][gamedatabase.h:321]: Overriding entry 'female_branstark_crown' for database 'gfx/portraits/accessories' in 'file: gfx/portraits/accessories/ntc_headgear.txt line: 376'
[17:50:32][W][gamedatabase.h:321]: Overriding entry 'geroldlannister_crown' for database 'gfx/portraits/accessories' in 'file: gfx/portraits/accessories/ntc_headgear.txt line: 381'
[17:50:32][W][gamedatabase.h:321]: Overriding entry 'female_geroldlannister_crown' for database 'gfx/portraits/accessories' in 'file: gfx/portraits/accessories/ntc_headgear.txt line: 386'
[17:50:32][W][gamedatabase.h:321]: Overriding entry 'lancellannister_crown' for database 'gfx/portraits/accessories' in 'file: gfx/portraits/accessories/ntc_headgear.txt line: 391'
[17:50:32][W][gamedatabase.h:321]: Overriding entry 'female_lancellannister_crown' for database 'gfx/portraits/accessories' in 'file: gfx/portraits/accessories/ntc_headgear.txt line: 396'
[17:50:32][W][gamedatabase.h:321]: Overriding entry 'valarr_crown' for database 'gfx/portraits/accessories' in 'file: gfx/portraits/accessories/ntc_headgear.txt line: 401'
[17:50:32][W][gamedatabase.h:321]: Overriding entry 'female_valarr_crown' for database 'gfx/portraits/accessories' in 'file: gfx/portraits/accessories/ntc_headgear.txt line: 406'
[17:50:32][W][gamedatabase.h:321]: Overriding entry 'aegonsonofjaehaerys_crown' for database 'gfx/portraits/accessories' in 'file: gfx/portraits/accessories/ntc_headgear.txt line: 411'
[17:50:32][W][gamedatabase.h:321]: Overriding entry 'female_aegonsonofjaehaerys_crown' for database 'gfx/portraits/accessories' in 'file: gfx/portraits/accessories/ntc_headgear.txt line: 416'
[17:50:32][W][gamedatabase.h:321]: Overriding entry 'vaegon_crown' for database 'gfx/portraits/accessories' in 'file: gfx/portraits/accessories/ntc_headgear.txt line: 421'
[17:50:32][W][gamedatabase.h:321]: Overriding entry 'female_vaegon_crown' for database 'gfx/portraits/accessories' in 'file: gfx/portraits/accessories/ntc_headgear.txt line: 426'
[17:50:32][W][gamedatabase.h:321]: Overriding entry 'aemond_crown' for database 'gfx/portraits/accessories' in 'file: gfx/portraits/accessories/ntc_headgear.txt line: 431'
[17:50:32][W][gamedatabase.h:321]: Overriding entry 'female_aemond_crown' for database 'gfx/portraits/accessories' in 'file: gfx/portraits/accessories/ntc_headgear.txt line: 436'
[17:50:32][W][gamedatabase.h:321]: Overriding entry 'daenerys_daughterofjaehaerys_crown' for database 'gfx/portraits/accessories' in 'file: gfx/portraits/accessories/ntc_headgear.txt line: 441'
[17:50:32][W][gamedatabase.h:321]: Overriding entry 'female_daenerys_daughterofjaehaerys_crown' for database 'gfx/portraits/accessories' in 'file: gfx/portraits/accessories/ntc_headgear.txt line: 446'
[17:50:32][W][gamedatabase.h:321]: Overriding entry 'shieraseastar_crown' for database 'gfx/portraits/accessories' in 'file: gfx/portraits/accessories/ntc_headgear.txt line: 451'
[17:50:32][W][gamedatabase.h:321]: Overriding entry 'female_shieraseastar_crown' for database 'gfx/portraits/accessories' in 'file: gfx/portraits/accessories/ntc_headgear.txt line: 456'
[17:50:32][W][gamedatabase.h:321]: Overriding entry 'garlandgardener_crown' for database 'gfx/portraits/accessories' in 'file: gfx/portraits/accessories/ntc_headgear.txt line: 461'
[17:50:32][W][gamedatabase.h:321]: Overriding entry 'female_garlandgardener_crown' for database 'gfx/portraits/accessories' in 'file: gfx/portraits/accessories/ntc_headgear.txt line: 466'
[17:50:32][W][gamedatabase.h:321]: Overriding entry 'garthgoldhand_crown' for database 'gfx/portraits/accessories' in 'file: gfx/portraits/accessories/ntc_headgear.txt line: 471'
[17:50:32][W][gamedatabase.h:321]: Overriding entry 'female_garthgoldhand_crown' for database 'gfx/portraits/accessories' in 'file: gfx/portraits/accessories/ntc_headgear.txt line: 476'
[17:50:32][W][gamedatabase.h:321]: Overriding entry 'gardener_war_crown' for database 'gfx/portraits/accessories' in 'file: gfx/portraits/accessories/ntc_headgear.txt line: 481'
[17:50:32][W][gamedatabase.h:321]: Overriding entry 'female_gardener_war_crown' for database 'gfx/portraits/accessories' in 'file: gfx/portraits/accessories/ntc_headgear.txt line: 486'
[17:50:32][W][gamedatabase.h:321]: Overriding entry 'gardener_peace_crown' for database 'gfx/portraits/accessories' in 'file: gfx/portraits/accessories/ntc_headgear.txt line: 491'
[17:50:32][W][gamedatabase.h:321]: Overriding entry 'female_gardener_peace_crown' for database 'gfx/portraits/accessories' in 'file: gfx/portraits/accessories/ntc_headgear.txt line: 496'
[17:50:32][W][gamedatabase.h:321]: Overriding entry 'crown_of_the_iron_throne' for database 'gfx/portraits/accessories' in 'file: gfx/portraits/accessories/ntc_headgear.txt line: 501'
[17:50:32][W][gamedatabase.h:321]: Overriding entry 'female_crown_of_the_iron_throne' for database 'gfx/portraits/accessories' in 'file: gfx/portraits/accessories/ntc_headgear.txt line: 506'
[17:50:32][W][gamedatabase.h:321]: Overriding entry 'crown_of_the_red_keep' for database 'gfx/portraits/accessories' in 'file: gfx/portraits/accessories/ntc_headgear.txt line: 511'
[17:50:32][W][gamedatabase.h:321]: Overriding entry 'female_crown_of_the_red_keep' for database 'gfx/portraits/accessories' in 'file: gfx/portraits/accessories/ntc_headgear.txt line: 516'
[17:50:32][W][gamedatabase.h:321]: Overriding entry 'crown_of_oldtown_tall' for database 'gfx/portraits/accessories' in 'file: gfx/portraits/accessories/ntc_headgear.txt line: 521'
[17:50:32][W][gamedatabase.h:321]: Overriding entry 'female_crown_of_oldtown_tall' for database 'gfx/portraits/accessories' in 'file: gfx/portraits/accessories/ntc_headgear.txt line: 526'
[17:50:32][W][gamedatabase.h:321]: Overriding entry 'crown_of_oldtown' for database 'gfx/portraits/accessories' in 'file: gfx/portraits/accessories/ntc_headgear.txt line: 531'
[17:50:32][W][gamedatabase.h:321]: Overriding entry 'female_crown_of_oldtown' for database 'gfx/portraits/accessories' in 'file: gfx/portraits/accessories/ntc_headgear.txt line: 536'
[17:50:32][W][gamedatabase.h:321]: Overriding entry 'crown_of_harrenhall' for database 'gfx/portraits/accessories' in 'file: gfx/portraits/accessories/ntc_headgear.txt line: 541'
[17:50:32][W][gamedatabase.h:321]: Overriding entry 'female_crown_of_harrenhall' for database 'gfx/portraits/accessories' in 'file: gfx/portraits/accessories/ntc_headgear.txt line: 546'
[17:50:32][W][gamedatabase.h:321]: Overriding entry 'crown_of_the_mountain_and_vale' for database 'gfx/portraits/accessories' in 'file: gfx/portraits/accessories/ntc_headgear.txt line: 551'
[17:50:32][W][gamedatabase.h:321]: Overriding entry 'female_crown_of_the_mountain_and_vale' for database 'gfx/portraits/accessories' in 'file: gfx/portraits/accessories/ntc_headgear.txt line: 556'
[17:50:32][W][gamedatabase.h:321]: Overriding entry 'crown_of_goldengrove' for database 'gfx/portraits/accessories' in 'file: gfx/portraits/accessories/ntc_headgear.txt line: 561'
[17:50:32][W][gamedatabase.h:321]: Overriding entry 'female_crown_of_goldengrove' for database 'gfx/portraits/accessories' in 'file: gfx/portraits/accessories/ntc_headgear.txt line: 566'
[17:50:32][W][gamedatabase.h:321]: Overriding entry 'circlet_of_stark' for database 'gfx/portraits/accessories' in 'file: gfx/portraits/accessories/ntc_headgear.txt line: 571'
[17:50:32][W][gamedatabase.h:321]: Overriding entry 'female_circlet_of_stark' for database 'gfx/portraits/accessories' in 'file: gfx/portraits/accessories/ntc_headgear.txt line: 576'
[17:50:32][W][gamedatabase.h:321]: Overriding entry 'crown_of_yronwood' for database 'gfx/portraits/accessories' in 'file: gfx/portraits/accessories/ntc_headgear.txt line: 581'
[17:50:32][W][gamedatabase.h:321]: Overriding entry 'female_crown_of_yronwood' for database 'gfx/portraits/accessories' in 'file: gfx/portraits/accessories/ntc_headgear.txt line: 586'
[17:50:32][W][gamedatabase.h:321]: Overriding entry 'crown_of_estermont' for database 'gfx/portraits/accessories' in 'file: gfx/portraits/accessories/ntc_headgear.txt line: 591'
[17:50:32][W][gamedatabase.h:321]: Overriding entry 'female_crown_of_estermont' for database 'gfx/portraits/accessories' in 'file: gfx/portraits/accessories/ntc_headgear.txt line: 596'
[17:50:32][W][gamedatabase.h:321]: Overriding entry 'crown_of_connington' for database 'gfx/portraits/accessories' in 'file: gfx/portraits/accessories/ntc_headgear.txt line: 601'
[17:50:32][W][gamedatabase.h:321]: Overriding entry 'female_crown_of_connington' for database 'gfx/portraits/accessories' in 'file: gfx/portraits/accessories/ntc_headgear.txt line: 606'
[17:50:32][W][gamedatabase.h:321]: Overriding entry 'crown_of_sharp_point' for database 'gfx/portraits/accessories' in 'file: gfx/portraits/accessories/ntc_headgear.txt line: 611'
[17:50:32][W][gamedatabase.h:321]: Overriding entry 'female_crown_of_sharp_point' for database 'gfx/portraits/accessories' in 'file: gfx/portraits/accessories/ntc_headgear.txt line: 616'
[17:50:32][W][gamedatabase.h:321]: Overriding entry 'crown_of_stone_hedge' for database 'gfx/portraits/accessories' in 'file: gfx/portraits/accessories/ntc_headgear.txt line: 621'
[17:50:32][W][gamedatabase.h:321]: Overriding entry 'female_crown_of_stone_hedge' for database 'gfx/portraits/accessories' in 'file: gfx/portraits/accessories/ntc_headgear.txt line: 626'
[17:50:32][W][gamedatabase.h:321]: Overriding entry 'crown_of_gardener_war_bronze' for database 'gfx/portraits/accessories' in 'file: gfx/portraits/accessories/ntc_headgear.txt line: 631'
[17:50:32][W][gamedatabase.h:321]: Overriding entry 'female_crown_of_gardener_war_bronze' for database 'gfx/portraits/accessories' in 'file: gfx/portraits/accessories/ntc_headgear.txt line: 636'
[17:50:32][W][gamedatabase.h:321]: Overriding entry 'crown_of_the_grey_king' for database 'gfx/portraits/accessories' in 'file: gfx/portraits/accessories/ntc_headgear.txt line: 641'
[17:50:32][W][gamedatabase.h:321]: Overriding entry 'female_crown_of_the_grey_king' for database 'gfx/portraits/accessories' in 'file: gfx/portraits/accessories/ntc_headgear.txt line: 646'
[17:50:32][W][gamedatabase.h:321]: Overriding entry 'crown_of_weirwood' for database 'gfx/portraits/accessories' in 'file: gfx/portraits/accessories/ntc_headgear.txt line: 651'
[17:50:32][W][gamedatabase.h:321]: Overriding entry 'female_crown_of_weirwood' for database 'gfx/portraits/accessories' in 'file: gfx/portraits/accessories/ntc_headgear.txt line: 656'
[17:50:32][W][gamedatabase.h:321]: Overriding entry 'circlet_of_the_seven' for database 'gfx/portraits/accessories' in 'file: gfx/portraits/accessories/ntc_headgear.txt line: 661'
[17:50:32][W][gamedatabase.h:321]: Overriding entry 'female_circlet_of_the_seven' for database 'gfx/portraits/accessories' in 'file: gfx/portraits/accessories/ntc_headgear.txt line: 666'
[17:50:32][W][gamedatabase.h:321]: Overriding entry 'crown_of_jon_north' for database 'gfx/portraits/accessories' in 'file: gfx/portraits/accessories/ntc_headgear.txt line: 671'
[17:50:32][W][gamedatabase.h:321]: Overriding entry 'female_crown_of_jon_north' for database 'gfx/portraits/accessories' in 'file: gfx/portraits/accessories/ntc_headgear.txt line: 676'
[17:50:32][W][gamedatabase.h:321]: Overriding entry 'crown_of_jon_icefire' for database 'gfx/portraits/accessories' in 'file: gfx/portraits/accessories/ntc_headgear.txt line: 681'
[17:50:32][W][gamedatabase.h:321]: Overriding entry 'female_crown_of_jon_icefire' for database 'gfx/portraits/accessories' in 'file: gfx/portraits/accessories/ntc_headgear.txt line: 686'
[17:50:32][W][gamedatabase.h:321]: Overriding entry 'crown_of_bloodraven' for database 'gfx/portraits/accessories' in 'file: gfx/portraits/accessories/ntc_headgear.txt line: 691'
[17:50:32][W][gamedatabase.h:321]: Overriding entry 'female_crown_of_bloodraven' for database 'gfx/portraits/accessories' in 'file: gfx/portraits/accessories/ntc_headgear.txt line: 696'
[17:50:32][W][gamedatabase.h:321]: Overriding entry 'circlet_of_seastar' for database 'gfx/portraits/accessories' in 'file: gfx/portraits/accessories/ntc_headgear.txt line: 701'
[17:50:32][W][gamedatabase.h:321]: Overriding entry 'female_circlet_of_seastar' for database 'gfx/portraits/accessories' in 'file: gfx/portraits/accessories/ntc_headgear.txt line: 706'
[17:50:32][W][gamedatabase.h:321]: Overriding entry 'mockingbird_circlet' for database 'gfx/portraits/accessories' in 'file: gfx/portraits/accessories/ntc_headgear.txt line: 711'
[17:50:32][W][gamedatabase.h:321]: Overriding entry 'female_mockingbird_circlet' for database 'gfx/portraits/accessories' in 'file: gfx/portraits/accessories/ntc_headgear.txt line: 716'
[17:50:32][W][gamedatabase.h:321]: Overriding entry 'crown_of_sansa' for database 'gfx/portraits/accessories' in 'file: gfx/portraits/accessories/ntc_headgear.txt line: 721'
[17:50:32][W][gamedatabase.h:321]: Overriding entry 'female_crown_of_sansa' for database 'gfx/portraits/accessories' in 'file: gfx/portraits/accessories/ntc_headgear.txt line: 726'
[17:50:32][W][gamedatabase.h:321]: Overriding entry 'crown_of_cersei_ruler' for database 'gfx/portraits/accessories' in 'file: gfx/portraits/accessories/ntc_headgear.txt line: 731'
[17:50:32][W][gamedatabase.h:321]: Overriding entry 'female_crown_of_cersei_ruler' for database 'gfx/portraits/accessories' in 'file: gfx/portraits/accessories/ntc_headgear.txt line: 736'
[17:50:32][W][gamedatabase.h:321]: Overriding entry 'crown_of_robert_baratheon' for database 'gfx/portraits/accessories' in 'file: gfx/portraits/accessories/ntc_headgear.txt line: 741'
[17:50:32][W][gamedatabase.h:321]: Overriding entry 'female_crown_of_robert_baratheon' for database 'gfx/portraits/accessories' in 'file: gfx/portraits/accessories/ntc_headgear.txt line: 746'
[17:50:32][W][gamedatabase.h:321]: Overriding entry 'crown_of_renly_baratheon' for database 'gfx/portraits/accessories' in 'file: gfx/portraits/accessories/ntc_headgear.txt line: 751'
[17:50:32][W][gamedatabase.h:321]: Overriding entry 'female_crown_of_renly_baratheon' for database 'gfx/portraits/accessories' in 'file: gfx/portraits/accessories/ntc_headgear.txt line: 756'
[17:50:32][W][gamedatabase.h:321]: Overriding entry 'valyrian_crown2_targaryen' for database 'gfx/portraits/accessories' in 'file: gfx/portraits/accessories/ntc_headgear.txt line: 761'
[17:50:32][W][gamedatabase.h:321]: Overriding entry 'female_valyrian_crown2_targaryen' for database 'gfx/portraits/accessories' in 'file: gfx/portraits/accessories/ntc_headgear.txt line: 766'
[17:50:32][W][gamedatabase.h:321]: Overriding entry 'valyrian_crown2_blackfyre' for database 'gfx/portraits/accessories' in 'file: gfx/portraits/accessories/ntc_headgear.txt line: 771'
[17:50:32][W][gamedatabase.h:321]: Overriding entry 'female_valyrian_crown2_blackfyre' for database 'gfx/portraits/accessories' in 'file: gfx/portraits/accessories/ntc_headgear.txt line: 776'
[17:50:32][W][gamedatabase.h:321]: Overriding entry 'westerosi_valyrian_crown2_blackfyre' for database 'gfx/portraits/accessories' in 'file: gfx/portraits/accessories/ntc_headgear.txt line: 781'
[17:50:32][W][gamedatabase.h:321]: Overriding entry 'female_westerosi_valyrian_crown2_blackfyre' for database 'gfx/portraits/accessories' in 'file: gfx/portraits/accessories/ntc_headgear.txt line: 786'
[17:50:32][W][gamedatabase.h:321]: Overriding entry 'celtigar_crown' for database 'gfx/portraits/accessories' in 'file: gfx/portraits/accessories/ntc_headgear.txt line: 791'
[17:50:32][W][gamedatabase.h:321]: Overriding entry 'female_celtigar_crown' for database 'gfx/portraits/accessories' in 'file: gfx/portraits/accessories/ntc_headgear.txt line: 796'
[17:50:32][W][gamedatabase.h:321]: Overriding entry 'hugor_of_the_hill_crown' for database 'gfx/portraits/accessories' in 'file: gfx/portraits/accessories/ntc_headgear.txt line: 801'
[17:50:32][W][gamedatabase.h:321]: Overriding entry 'female_hugor_of_the_hill_crown' for database 'gfx/portraits/accessories' in 'file: gfx/portraits/accessories/ntc_headgear.txt line: 806'
[17:50:32][W][gamedatabase.h:321]: Overriding entry 'argella_crown' for database 'gfx/portraits/accessories' in 'file: gfx/portraits/accessories/ntc_headgear.txt line: 821'
[17:50:32][W][gamedatabase.h:321]: Overriding entry 'female_argella_crown' for database 'gfx/portraits/accessories' in 'file: gfx/portraits/accessories/ntc_headgear.txt line: 826'
[17:50:32][W][gamedatabase.h:321]: Overriding entry 'bittersteel_crown' for database 'gfx/portraits/accessories' in 'file: gfx/portraits/accessories/ntc_headgear.txt line: 831'
[17:50:32][W][gamedatabase.h:321]: Overriding entry 'female_bittersteel_crown' for database 'gfx/portraits/accessories' in 'file: gfx/portraits/accessories/ntc_headgear.txt line: 836'
[17:50:32][W][gamedatabase.h:321]: Overriding entry 'calla_blackfyre_circlet' for database 'gfx/portraits/accessories' in 'file: gfx/portraits/accessories/ntc_headgear.txt line: 841'
[17:50:32][W][gamedatabase.h:321]: Overriding entry 'female_calla_blackfyre_circlet' for database 'gfx/portraits/accessories' in 'file: gfx/portraits/accessories/ntc_headgear.txt line: 846'
[17:50:32][W][gamedatabase.h:321]: Overriding entry 'sharra_arryn_crown' for database 'gfx/portraits/accessories' in 'file: gfx/portraits/accessories/ntc_headgear.txt line: 851'
[17:50:32][W][gamedatabase.h:321]: Overriding entry 'female_sharra_arryn_crown' for database 'gfx/portraits/accessories' in 'file: gfx/portraits/accessories/ntc_headgear.txt line: 856'
[17:50:32][W][gamedatabase.h:321]: Overriding entry 'roland_arryn_crown' for database 'gfx/portraits/accessories' in 'file: gfx/portraits/accessories/ntc_headgear.txt line: 861'
[17:50:32][W][gamedatabase.h:321]: Overriding entry 'female_roland_arryn_crown' for database 'gfx/portraits/accessories' in 'file: gfx/portraits/accessories/ntc_headgear.txt line: 866'
[17:50:32][W][gamedatabase.h:321]: Overriding entry 'tyboltthunderbolt_crown' for database 'gfx/portraits/accessories' in 'file: gfx/portraits/accessories/ntc_headgear.txt line: 871'
[17:50:32][W][gamedatabase.h:321]: Overriding entry 'female_tyboltthunderbolt_crown' for database 'gfx/portraits/accessories' in 'file: gfx/portraits/accessories/ntc_headgear.txt line: 876'
[17:50:32][W][gamedatabase.h:321]: Overriding entry 'bethablackwood_circlet' for database 'gfx/portraits/accessories' in 'file: gfx/portraits/accessories/ntc_headgear.txt line: 881'
[17:50:32][W][gamedatabase.h:321]: Overriding entry 'female_bethablackwood_circlet' for database 'gfx/portraits/accessories' in 'file: gfx/portraits/accessories/ntc_headgear.txt line: 886'
[17:50:32][W][gamedatabase.h:321]: Overriding entry 'alyssavelaryon_crown' for database 'gfx/portraits/accessories' in 'file: gfx/portraits/accessories/ntc_headgear.txt line: 901'
[17:50:32][W][gamedatabase.h:321]: Overriding entry 'female_alyssavelaryon_crown' for database 'gfx/portraits/accessories' in 'file: gfx/portraits/accessories/ntc_headgear.txt line: 906'
[17:50:32][W][gamedatabase.h:321]: Overriding entry 'alicenthightower_crown' for database 'gfx/portraits/accessories' in 'file: gfx/portraits/accessories/ntc_headgear.txt line: 911'
[17:50:32][W][gamedatabase.h:321]: Overriding entry 'female_alicenthightower_crown' for database 'gfx/portraits/accessories' in 'file: gfx/portraits/accessories/ntc_headgear.txt line: 916'
[17:50:32][W][gamedatabase.h:321]: Overriding entry 'myrcella_circlet' for database 'gfx/portraits/accessories' in 'file: gfx/portraits/accessories/ntc_headgear.txt line: 921'
[17:50:32][W][gamedatabase.h:321]: Overriding entry 'female_myrcella_circlet' for database 'gfx/portraits/accessories' in 'file: gfx/portraits/accessories/ntc_headgear.txt line: 926'
[17:50:32][W][gamedatabase.h:321]: Overriding entry 'cersei_tiara' for database 'gfx/portraits/accessories' in 'file: gfx/portraits/accessories/ntc_headgear.txt line: 931'
[17:50:32][W][gamedatabase.h:321]: Overriding entry 'female_cersei_tiara' for database 'gfx/portraits/accessories' in 'file: gfx/portraits/accessories/ntc_headgear.txt line: 936'
[17:50:32][W][gamedatabase.h:321]: Overriding entry 'mariah_martell_crown' for database 'gfx/portraits/accessories' in 'file: gfx/portraits/accessories/ntc_headgear.txt line: 941'
[17:50:32][W][gamedatabase.h:321]: Overriding entry 'mors_martell_crown' for database 'gfx/portraits/accessories' in 'file: gfx/portraits/accessories/ntc_headgear.txt line: 946'
[17:50:32][W][gamedatabase.h:321]: Overriding entry 'aliandra_martell_crown' for database 'gfx/portraits/accessories' in 'file: gfx/portraits/accessories/ntc_headgear.txt line: 951'
[17:50:32][W][gamedatabase.h:321]: Overriding entry 'female_mariah_martell_crown' for database 'gfx/portraits/accessories' in 'file: gfx/portraits/accessories/ntc_headgear.txt line: 956'
[17:50:32][W][gamedatabase.h:321]: Overriding entry 'female_mors_martell_crown' for database 'gfx/portraits/accessories' in 'file: gfx/portraits/accessories/ntc_headgear.txt line: 961'
[17:50:32][W][gamedatabase.h:321]: Overriding entry 'female_aliandra_martell_crown' for database 'gfx/portraits/accessories' in 'file: gfx/portraits/accessories/ntc_headgear.txt line: 966'
[17:50:32][W][gamedatabase.h:321]: Overriding entry 'showaerys_crown' for database 'gfx/portraits/accessories' in 'file: gfx/portraits/accessories/ntc_headgear.txt line: 971'
[17:50:32][W][gamedatabase.h:321]: Overriding entry 'female_showaerys_crown' for database 'gfx/portraits/accessories' in 'file: gfx/portraits/accessories/ntc_headgear.txt line: 976'
[17:50:32][W][gamedatabase.h:321]: Overriding entry 'daemon_ii_blackfyre_crown' for database 'gfx/portraits/accessories' in 'file: gfx/portraits/accessories/ntc_headgear.txt line: 981'
[17:50:32][W][gamedatabase.h:321]: Overriding entry 'female_daemon_ii_blackfyre_crown' for database 'gfx/portraits/accessories' in 'file: gfx/portraits/accessories/ntc_headgear.txt line: 986'
[17:50:32][W][gamedatabase.h:321]: Overriding entry 'aegon_variant_1' for database 'gfx/portraits/accessories' in 'file: gfx/portraits/accessories/ntc_headgear.txt line: 991'
[17:50:32][W][gamedatabase.h:321]: Overriding entry 'female_aegon_variant_1' for database 'gfx/portraits/accessories' in 'file: gfx/portraits/accessories/ntc_headgear.txt line: 996'
[17:50:32][W][gamedatabase.h:321]: Overriding entry 'aegon_variant_2' for database 'gfx/portraits/accessories' in 'file: gfx/portraits/accessories/ntc_headgear.txt line: 1001'
[17:50:32][W][gamedatabase.h:321]: Overriding entry 'female_aegon_variant_2' for database 'gfx/portraits/accessories' in 'file: gfx/portraits/accessories/ntc_headgear.txt line: 1006'
[17:50:32][W][gamedatabase.h:321]: Overriding entry 'aegon_variant_3' for database 'gfx/portraits/accessories' in 'file: gfx/portraits/accessories/ntc_headgear.txt line: 1011'
[17:50:32][W][gamedatabase.h:321]: Overriding entry 'female_aegon_variant_3' for database 'gfx/portraits/accessories' in 'file: gfx/portraits/accessories/ntc_headgear.txt line: 1016'
[17:50:32][W][gamedatabase.h:321]: Overriding entry 'aegon_variant_4' for database 'gfx/portraits/accessories' in 'file: gfx/portraits/accessories/ntc_headgear.txt line: 1021'
[17:50:32][W][gamedatabase.h:321]: Overriding entry 'female_aegon_variant_4' for database 'gfx/portraits/accessories' in 'file: gfx/portraits/accessories/ntc_headgear.txt line: 1026'
[17:50:32][W][gamedatabase.h:321]: Overriding entry 'jaehaerys_valyrian_variant' for database 'gfx/portraits/accessories' in 'file: gfx/portraits/accessories/ntc_headgear.txt line: 1031'
[17:50:32][W][gamedatabase.h:321]: Overriding entry 'female_jaehaerys_valyrian_variant' for database 'gfx/portraits/accessories' in 'file: gfx/portraits/accessories/ntc_headgear.txt line: 1036'
[17:50:32][W][gamedatabase.h:321]: Overriding entry 'jaehaerys_variant_1' for database 'gfx/portraits/accessories' in 'file: gfx/portraits/accessories/ntc_headgear.txt line: 1041'
[17:50:32][W][gamedatabase.h:321]: Overriding entry 'female_jaehaerys_variant_1' for database 'gfx/portraits/accessories' in 'file: gfx/portraits/accessories/ntc_headgear.txt line: 1046'
[17:50:32][W][gamedatabase.h:321]: Overriding entry 'jaehaerys_variant_2' for database 'gfx/portraits/accessories' in 'file: gfx/portraits/accessories/ntc_headgear.txt line: 1051'
[17:50:32][W][gamedatabase.h:321]: Overriding entry 'female_jaehaerys_variant_2' for database 'gfx/portraits/accessories' in 'file: gfx/portraits/accessories/ntc_headgear.txt line: 1056'
[17:50:32][W][gamedatabase.h:321]: Overriding entry 'showrhaenyra_crown_01' for database 'gfx/portraits/accessories' in 'file: gfx/portraits/accessories/ntc_headgear.txt line: 1062'
[17:50:32][W][gamedatabase.h:321]: Overriding entry 'female_showrhaenyra_crown_01' for database 'gfx/portraits/accessories' in 'file: gfx/portraits/accessories/ntc_headgear.txt line: 1067'
[17:50:32][W][gamedatabase.h:321]: Overriding entry 'showrhaenyra_crown_02' for database 'gfx/portraits/accessories' in 'file: gfx/portraits/accessories/ntc_headgear.txt line: 1072'
[17:50:32][W][gamedatabase.h:321]: Overriding entry 'female_showrhaenyra_crown_02' for database 'gfx/portraits/accessories' in 'file: gfx/portraits/accessories/ntc_headgear.txt line: 1077'
[17:50:32][W][gamedatabase.h:321]: Overriding entry 'showrhaenyra_crown_03' for database 'gfx/portraits/accessories' in 'file: gfx/portraits/accessories/ntc_headgear.txt line: 1082'
[17:50:32][W][gamedatabase.h:321]: Overriding entry 'female_showrhaenyra_crown_03' for database 'gfx/portraits/accessories' in 'file: gfx/portraits/accessories/ntc_headgear.txt line: 1087'
[17:50:32][W][gamedatabase.h:321]: Overriding entry 'showaegon_crown_01' for database 'gfx/portraits/accessories' in 'file: gfx/portraits/accessories/ntc_headgear.txt line: 1092'
[17:50:32][W][gamedatabase.h:321]: Overriding entry 'female_showaegon_crown_01' for database 'gfx/portraits/accessories' in 'file: gfx/portraits/accessories/ntc_headgear.txt line: 1097'
[17:50:32][W][gamedatabase.h:321]: Overriding entry 'showaegon_crown_02' for database 'gfx/portraits/accessories' in 'file: gfx/portraits/accessories/ntc_headgear.txt line: 1102'
[17:50:32][W][gamedatabase.h:321]: Overriding entry 'female_showaegon_crown_02' for database 'gfx/portraits/accessories' in 'file: gfx/portraits/accessories/ntc_headgear.txt line: 1107'
[17:50:32][W][gamedatabase.h:321]: Overriding entry 'cersei_red_tiara' for database 'gfx/portraits/accessories' in 'file: gfx/portraits/accessories/ntc_headgear.txt line: 1112'
[17:50:32][W][gamedatabase.h:321]: Overriding entry 'female_cersei_red_tiara' for database 'gfx/portraits/accessories' in 'file: gfx/portraits/accessories/ntc_headgear.txt line: 1117'
[17:50:32][W][gamedatabase.h:321]: Overriding entry 'male_joffrey_show_crown' for database 'gfx/portraits/accessories' in 'file: gfx/portraits/accessories/ntc_headgear.txt line: 1122'
[17:50:32][W][gamedatabase.h:321]: Overriding entry 'female_joffrey_show_crown' for database 'gfx/portraits/accessories' in 'file: gfx/portraits/accessories/ntc_headgear.txt line: 1127'
[17:50:32][W][gamedatabase.h:321]: Overriding entry 'daena_crown' for database 'gfx/portraits/accessories' in 'file: gfx/portraits/accessories/ntc_headgear.txt line: 1132'
[17:50:32][W][gamedatabase.h:321]: Overriding entry 'female_daena_crown' for database 'gfx/portraits/accessories' in 'file: gfx/portraits/accessories/ntc_headgear.txt line: 1137'
[17:50:32][W][gamedatabase.h:321]: Overriding entry 'baldric_durrandon_crown' for database 'gfx/portraits/accessories' in 'file: gfx/portraits/accessories/ntc_headgear.txt line: 1222'
[17:50:32][W][gamedatabase.h:321]: Overriding entry 'female_baldric_durrandon_crown' for database 'gfx/portraits/accessories' in 'file: gfx/portraits/accessories/ntc_headgear.txt line: 1227'
[17:50:32][W][gamedatabase.h:321]: Overriding entry 'snowflower_crown' for database 'gfx/portraits/accessories' in 'file: gfx/portraits/accessories/ntc_headgear.txt line: 1232'
[17:50:32][W][gamedatabase.h:321]: Overriding entry 'female_snowflower_crown' for database 'gfx/portraits/accessories' in 'file: gfx/portraits/accessories/ntc_headgear.txt line: 1237'
[17:50:32][W][gamedatabase.h:321]: Overriding entry 'winterwing_crown' for database 'gfx/portraits/accessories' in 'file: gfx/portraits/accessories/ntc_headgear.txt line: 1242'
[17:50:32][W][gamedatabase.h:321]: Overriding entry 'female_winterwing_crown' for database 'gfx/portraits/accessories' in 'file: gfx/portraits/accessories/ntc_headgear.txt line: 1247'
[17:50:32][W][gamedatabase.h:321]: Overriding entry 'winterrose_crown' for database 'gfx/portraits/accessories' in 'file: gfx/portraits/accessories/ntc_headgear.txt line: 1252'
[17:50:32][W][gamedatabase.h:321]: Overriding entry 'female_winterrose_crown' for database 'gfx/portraits/accessories' in 'file: gfx/portraits/accessories/ntc_headgear.txt line: 1257'
[17:50:32][W][gamedatabase.h:321]: Overriding entry 'reindeer_crown' for database 'gfx/portraits/accessories' in 'file: gfx/portraits/accessories/ntc_headgear.txt line: 1262'
[17:50:32][W][gamedatabase.h:321]: Overriding entry 'female_reindeer_crown' for database 'gfx/portraits/accessories' in 'file: gfx/portraits/accessories/ntc_headgear.txt line: 1267'
[17:50:32][W][gamedatabase.h:321]: Overriding entry 'emberrose_crown' for database 'gfx/portraits/accessories' in 'file: gfx/portraits/accessories/ntc_headgear.txt line: 1272'
[17:50:32][W][gamedatabase.h:321]: Overriding entry 'female_emberrose_crown' for database 'gfx/portraits/accessories' in 'file: gfx/portraits/accessories/ntc_headgear.txt line: 1277'
[17:50:32][W][gamedatabase.h:321]: Overriding entry 'aemma_tiara' for database 'gfx/portraits/accessories' in 'file: gfx/portraits/accessories/ntc_headgear.txt line: 1282'
[17:50:32][W][gamedatabase.h:321]: Overriding entry 'female_aemma_tiara' for database 'gfx/portraits/accessories' in 'file: gfx/portraits/accessories/ntc_headgear.txt line: 1287'
[17:50:34][W][gamedatabase.h:321]: Overriding entry 'ntc_celtigar_crown_trigger' for database 'common/scripted_triggers' in 'file: common/scripted_triggers/00_ntc_crown_commission_triggers.txt line: 73'
[17:50:34][W][gamedatabase.h:321]: Overriding entry 'agot_fire_and_blood_crown_trigger' for database 'common/scripted_triggers' in 'file: common/scripted_triggers/00_ntc_crown_commission_triggers.txt line: 1849'
[17:50:34][W][gamedatabase.h:321]: Overriding entry 'agot_can_make_any_crown_trigger' for database 'common/scripted_triggers' in 'file: common/scripted_triggers/00_ntc_crown_commission_triggers.txt line: 2176'
[17:50:34][W][gamedatabase.h:321]: Overriding entry 'portrait_the_north_clothing_trigger' for database 'common/scripted_triggers' in 'file: common/scripted_triggers/asoiaf_agot_overwrite_triggers.txt line: 6'
[17:50:34][W][gamedatabase.h:321]: Overriding entry 'portrait_wear_helmet_trigger' for database 'common/scripted_triggers' in 'file: common/scripted_triggers/asoiaf_clothing_triggers.txt line: 1'
[17:50:34][W][gamedatabase.h:321]: Overriding entry 'building_quarries_requirement_terrain' for database 'common/scripted_triggers' in 'file: common/scripted_triggers/cowagot_building_requirement_triggers.txt line: 1'
[17:50:34][W][gamedatabase.h:321]: Overriding entry 'agot_remove_eye_gem_effect' for database 'common/scripted_effects' in 'file: common/scripted_effects/00_agot_appearance_effects.txt line: 13048'
[17:50:34][W][gamedatabase.h:321]: Overriding entry 'agot_create_artifact_aegon_i_crown_historical_effect' for database 'common/scripted_effects' in 'file: common/scripted_effects/00_agot_artifact_crowns_effects_override.txt line: 1'
[17:50:34][W][gamedatabase.h:321]: Overriding entry 'agot_create_artifact_jaehaerys_crown_historical_effect' for database 'common/scripted_effects' in 'file: common/scripted_effects/00_agot_artifact_crowns_effects_override.txt line: 128'
[17:50:34][W][gamedatabase.h:321]: Overriding entry 'agot_create_artifact_vs_blackfyre_effect' for database 'common/scripted_effects' in 'file: common/scripted_effects/00_agot_artifact_vs_sword_effects_override.txt line: 1'
[17:50:34][W][gamedatabase.h:321]: Overriding entry 'agot_create_artifact_vs_dark_sister_effect' for database 'common/scripted_effects' in 'file: common/scripted_effects/00_agot_artifact_vs_sword_effects_override.txt line: 279'
[17:50:34][W][gamedatabase.h:321]: Overriding entry 'agot_create_artifact_vs_seafoam_effect' for database 'common/scripted_effects' in 'file: common/scripted_effects/00_agot_artifact_vs_sword_effects_override.txt line: 445'
[17:50:34][W][gamedatabase.h:321]: Overriding entry 'agot_create_artifact_vs_pincer_effect' for database 'common/scripted_effects' in 'file: common/scripted_effects/00_agot_artifact_vs_sword_effects_override.txt line: 594'
[17:50:35][W][gamedatabase.h:321]: Overriding entry 'accolades_activity_complete_coronation_glory_effect' for database 'common/scripted_effects' in 'file: common/scripted_effects/00_agot_coronation_accolades_scripted_effects.txt line: 2'
[17:50:36][W][gamedatabase.h:321]: Overriding entry 'agot_growing_dragon_cannibal_trait_chance' for database 'common/scripted_effects' in 'file: common/scripted_effects/00_mde_dragon_cannibal_effect_override.txt line: 1'
[17:50:36][W][gamedatabase.h:321]: Overriding entry 'agot_dragon_tree_creation_effect' for database 'common/scripted_effects' in 'file: common/scripted_effects/00_mde_dragon_tree_effects_override.txt line: 1'
[17:50:36][W][gamedatabase.h:321]: Overriding entry 'agot_assign_starting_dragon_eggs_effect' for database 'common/scripted_effects' in 'file: common/scripted_effects/00_mde_scenario_dragon_artifacts_override.txt line: 1'
[17:50:36][W][gamedatabase.h:321]: Overriding entry 'secret_exposed_notification_effect' for database 'common/scripted_effects' in 'file: common/scripted_effects/00_secret_effects.txt line: 816'
[17:50:37][W][gamedatabase.h:321]: Overriding entry 'agot_scenario_rr_toj_create_baby_snow_effect' for database 'common/scripted_effects' in 'file: common/scripted_effects/asoiaf_agot_overwrite_effects.txt line: 1'
[17:50:37][W][gamedatabase.h:321]: Overriding entry 'agot_adjust_adult_traits_posthistory_effect' for database 'common/scripted_effects' in 'file: common/scripted_effects/asoiaf_agot_overwrite_effects.txt line: 68'
[17:50:37][W][gamedatabase.h:321]: Overriding entry 'agot_spawn_vermax_effect' for database 'common/scripted_effects' in 'file: common/scripted_effects/asoiaf_agot_overwrite_effects.txt line: 72'
[17:50:37][W][gamedatabase.h:321]: Overriding entry 'agot_spawn_drogon_effect' for database 'common/scripted_effects' in 'file: common/scripted_effects/asoiaf_agot_overwrite_effects.txt line: 305'
[17:50:37][W][gamedatabase.h:321]: Overriding entry 'agot_spawn_rhaegal_effect' for database 'common/scripted_effects' in 'file: common/scripted_effects/asoiaf_agot_overwrite_effects.txt line: 767'
[17:50:37][W][gamedatabase.h:321]: Overriding entry 'agot_spawn_viserion_effect' for database 'common/scripted_effects' in 'file: common/scripted_effects/asoiaf_agot_overwrite_effects.txt line: 1221'
[17:50:37][W][gamedatabase.h:321]: Overriding entry 'agot_create_artifact_vs_ice_effect' for database 'common/scripted_effects' in 'file: common/scripted_effects/asoiaf_scripted_effects_artifacts.txt line: 1'
[17:50:37][W][gamedatabase.h:321]: Overriding entry 'agot_create_artifact_vs_heartsbane_effect' for database 'common/scripted_effects' in 'file: common/scripted_effects/asoiaf_scripted_effects_artifacts.txt line: 226'
[17:50:37][W][gamedatabase.h:321]: Overriding entry 'agot_create_artifact_vs_longclaw_effect' for database 'common/scripted_effects' in 'file: common/scripted_effects/asoiaf_scripted_effects_artifacts.txt line: 392'
[17:50:37][W][gamedatabase.h:321]: Overriding entry 'create_artifact_vs_oathkeeper_historical_effect' for database 'common/scripted_effects' in 'file: common/scripted_effects/asoiaf_scripted_effects_artifacts.txt line: 580'
[17:50:37][W][gamedatabase.h:321]: Overriding entry 'agot_create_artifact_vs_oathkeeper_effect' for database 'common/scripted_effects' in 'file: common/scripted_effects/asoiaf_scripted_effects_artifacts.txt line: 654'
[17:50:37][W][gamedatabase.h:321]: Overriding entry 'agot_create_artifact_vs_widows_wail_historical_effect' for database 'common/scripted_effects' in 'file: common/scripted_effects/asoiaf_scripted_effects_artifacts.txt line: 775'
[17:50:37][W][gamedatabase.h:321]: Overriding entry 'agot_create_artifact_vs_widows_wail_effect' for database 'common/scripted_effects' in 'file: common/scripted_effects/asoiaf_scripted_effects_artifacts.txt line: 853'
[17:50:37][W][gamedatabase.h:321]: Overriding entry 'agot_create_artifact_vs_dark_sister_effect' for database 'common/scripted_effects' in 'file: common/scripted_effects/asoiaf_scripted_effects_artifacts.txt line: 1220'
[17:50:37][W][gamedatabase.h:321]: Overriding entry 'agot_create_artifact_robertI_crown_historical_effect' for database 'common/scripted_effects' in 'file: common/scripted_effects/asoiaf_scripted_effects_artifacts.txt line: 1762'
[17:50:37][W][gamedatabase.h:321]: Overriding entry 'agot_create_artifact_robertI_crown_effect' for database 'common/scripted_effects' in 'file: common/scripted_effects/asoiaf_scripted_effects_artifacts.txt line: 1838'
[17:50:37][W][gamedatabase.h:321]: Overriding entry 'agot_create_artifact_renly_crown_historical_effect' for database 'common/scripted_effects' in 'file: common/scripted_effects/asoiaf_scripted_effects_artifacts.txt line: 1891'
[17:50:37][W][gamedatabase.h:321]: Overriding entry 'agot_create_artifact_renly_crown_effect' for database 'common/scripted_effects' in 'file: common/scripted_effects/asoiaf_scripted_effects_artifacts.txt line: 1963'
[17:50:37][W][gamedatabase.h:321]: Overriding entry 'agot_create_artifact_joffreyI_crown_historical_effect' for database 'common/scripted_effects' in 'file: common/scripted_effects/asoiaf_scripted_effects_artifacts.txt line: 2012'
[17:50:37][W][gamedatabase.h:321]: Overriding entry 'agot_create_artifact_joffreyI_crown_effect' for database 'common/scripted_effects' in 'file: common/scripted_effects/asoiaf_scripted_effects_artifacts.txt line: 2080'
[17:50:37][W][gamedatabase.h:321]: Overriding entry 'agot_create_artifact_crown_of_winter_historical_1_effect' for database 'common/scripted_effects' in 'file: common/scripted_effects/asoiaf_scripted_effects_artifacts.txt line: 2134'
[17:50:37][W][gamedatabase.h:321]: Overriding entry 'agot_create_artifact_crown_of_winter_historical_2_effect' for database 'common/scripted_effects' in 'file: common/scripted_effects/asoiaf_scripted_effects_artifacts.txt line: 2208'
[17:50:37][W][gamedatabase.h:321]: Overriding entry 'agot_create_artifact_crown_of_winter_effect' for database 'common/scripted_effects' in 'file: common/scripted_effects/asoiaf_scripted_effects_artifacts.txt line: 2278'
[17:50:37][W][gamedatabase.h:321]: Overriding entry 'agot_assign_strong_seed_traits_effect' for database 'common/scripted_effects' in 'file: common/scripted_effects/asoiaf_scripted_effects_strong_seed.txt line: 1'
[17:50:37][W][gamedatabase.h:321]: Overriding entry 'agot_assign_strong_seed_hair_traits_effect' for database 'common/scripted_effects' in 'file: common/scripted_effects/asoiaf_scripted_effects_strong_seed.txt line: 222'
[17:50:37][W][gamedatabase.h:321]: Overriding entry 'ironthrone' for database 'gfx/court_scene/scene_cultures' in 'file: gfx/court_scene/scene_cultures/asoiaf_default_cultures.txt line: 8'
[17:50:37][W][gamedatabase.h:321]: Overriding entry 'winterfell_1' for database 'gfx/court_scene/scene_cultures' in 'file: gfx/court_scene/scene_cultures/asoiaf_default_cultures.txt line: 21'
[17:50:37][W][gamedatabase.h:321]: Overriding entry 'winterfell_2' for database 'gfx/court_scene/scene_cultures' in 'file: gfx/court_scene/scene_cultures/asoiaf_default_cultures.txt line: 28'
[17:50:37][W][gamedatabase.h:321]: Overriding entry 'winterfell_3' for database 'gfx/court_scene/scene_cultures' in 'file: gfx/court_scene/scene_cultures/asoiaf_default_cultures.txt line: 38'
[17:50:37][W][gamedatabase.h:321]: Overriding entry 'sacrifice_bear_decision' for database 'common/decisions' in 'file: common/decisions/00_cultural_tradition_decisions.txt line: 677'
[17:50:37][W][gamedatabase.h:321]: Overriding entry 'death_wild_animal' for database 'common/deathreasons' in 'file: common/deathreasons/00_agot_death_reasons.txt line: 343'
[17:50:37][W][gamedatabase.h:321]: Overriding entry 'bond_with_dragon_scheme' for database 'common/schemes/scheme_types' in 'file: common/schemes/scheme_types/bond_with_dragon_scheme.txt line: 1'
[17:50:37][W][gamedatabase.h:321]: Overriding entry 'mde_dragon_lock_all' for database 'common/scripted_guis' in 'file: common/scripted_guis/00_mde_lock_values_gui.txt line: 1'
[17:50:37][W][gamedatabase.h:321]: Overriding entry 'mde_dragon_unlock_all' for database 'common/scripted_guis' in 'file: common/scripted_guis/00_mde_lock_values_gui.txt line: 65'
[17:50:37][W][gamedatabase.h:321]: Overriding entry 'mde_dragon_primary_color_value_lock' for database 'common/scripted_guis' in 'file: common/scripted_guis/00_mde_lock_values_gui.txt line: 129'
[17:50:37][W][gamedatabase.h:321]: Overriding entry 'mde_dragon_primary_color_value_unlock' for database 'common/scripted_guis' in 'file: common/scripted_guis/00_mde_lock_values_gui.txt line: 159'
[17:50:37][W][gamedatabase.h:321]: Overriding entry 'mde_dragon_primary_color_hue_lock' for database 'common/scripted_guis' in 'file: common/scripted_guis/00_mde_lock_values_gui.txt line: 187'
[17:50:37][W][gamedatabase.h:321]: Overriding entry 'mde_dragon_primary_color_hue_unlock' for database 'common/scripted_guis' in 'file: common/scripted_guis/00_mde_lock_values_gui.txt line: 217'
[17:50:37][W][gamedatabase.h:321]: Overriding entry 'mde_dragon_secondary_color_value_lock' for database 'common/scripted_guis' in 'file: common/scripted_guis/00_mde_lock_values_gui.txt line: 245'
[17:50:37][W][gamedatabase.h:321]: Overriding entry 'mde_dragon_secondary_color_value_unlock' for database 'common/scripted_guis' in 'file: common/scripted_guis/00_mde_lock_values_gui.txt line: 275'
[17:50:37][W][gamedatabase.h:321]: Overriding entry 'mde_dragon_secondary_color_hue_lock' for database 'common/scripted_guis' in 'file: common/scripted_guis/00_mde_lock_values_gui.txt line: 303'
[17:50:37][W][gamedatabase.h:321]: Overriding entry 'mde_dragon_secondary_color_hue_unlock' for database 'common/scripted_guis' in 'file: common/scripted_guis/00_mde_lock_values_gui.txt line: 333'
[17:50:37][W][gamedatabase.h:321]: Overriding entry 'mde_dragon_tertiary_color_value_lock' for database 'common/scripted_guis' in 'file: common/scripted_guis/00_mde_lock_values_gui.txt line: 361'
[17:50:37][W][gamedatabase.h:321]: Overriding entry 'mde_dragon_tertiary_color_value_unlock' for database 'common/scripted_guis' in 'file: common/scripted_guis/00_mde_lock_values_gui.txt line: 391'
[17:50:37][W][gamedatabase.h:321]: Overriding entry 'mde_dragon_tertiary_color_hue_lock' for database 'common/scripted_guis' in 'file: common/scripted_guis/00_mde_lock_values_gui.txt line: 419'
[17:50:37][W][gamedatabase.h:321]: Overriding entry 'mde_dragon_tertiary_color_hue_unlock' for database 'common/scripted_guis' in 'file: common/scripted_guis/00_mde_lock_values_gui.txt line: 449'
[17:50:37][W][gamedatabase.h:321]: Overriding entry 'mde_dragon_horn_color_value_lock' for database 'common/scripted_guis' in 'file: common/scripted_guis/00_mde_lock_values_gui.txt line: 477'
[17:50:37][W][gamedatabase.h:321]: Overriding entry 'mde_dragon_horn_color_value_unlock' for database 'common/scripted_guis' in 'file: common/scripted_guis/00_mde_lock_values_gui.txt line: 507'
[17:50:37][W][gamedatabase.h:321]: Overriding entry 'mde_dragon_eye_color_value_lock' for database 'common/scripted_guis' in 'file: common/scripted_guis/00_mde_lock_values_gui.txt line: 534'
[17:50:37][W][gamedatabase.h:321]: Overriding entry 'mde_dragon_horn_color_hue_lock' for database 'common/scripted_guis' in 'file: common/scripted_guis/00_mde_lock_values_gui.txt line: 564'
[17:50:37][W][gamedatabase.h:321]: Overriding entry 'mde_dragon_horn_color_hue_unlock' for database 'common/scripted_guis' in 'file: common/scripted_guis/00_mde_lock_values_gui.txt line: 594'
[17:50:37][W][gamedatabase.h:321]: Overriding entry 'mde_dragon_eye_color_value_unlock' for database 'common/scripted_guis' in 'file: common/scripted_guis/00_mde_lock_values_gui.txt line: 622'
[17:50:37][W][gamedatabase.h:321]: Overriding entry 'mde_dragon_eye_color_hue_lock' for database 'common/scripted_guis' in 'file: common/scripted_guis/00_mde_lock_values_gui.txt line: 652'
[17:50:37][W][gamedatabase.h:321]: Overriding entry 'mde_dragon_eye_color_hue_unlock' for database 'common/scripted_guis' in 'file: common/scripted_guis/00_mde_lock_values_gui.txt line: 682'
[17:50:37][W][gamedatabase.h:321]: Overriding entry 'mde_dragon_main_horn_shape_template_lock' for database 'common/scripted_guis' in 'file: common/scripted_guis/00_mde_lock_values_gui.txt line: 710'
[17:50:37][W][gamedatabase.h:321]: Overriding entry 'mde_dragon_main_horn_shape_template_unlock' for database 'common/scripted_guis' in 'file: common/scripted_guis/00_mde_lock_values_gui.txt line: 740'
[17:50:37][W][gamedatabase.h:321]: Overriding entry 'mde_dragon_main_horn_shape_value_lock' for database 'common/scripted_guis' in 'file: common/scripted_guis/00_mde_lock_values_gui.txt line: 768'
[17:50:37][W][gamedatabase.h:321]: Overriding entry 'mde_dragon_main_horn_shape_value_unlock' for database 'common/scripted_guis' in 'file: common/scripted_guis/00_mde_lock_values_gui.txt line: 798'
[17:50:37][W][gamedatabase.h:321]: Overriding entry 'mde_dragon_body_shading_template_lock' for database 'common/scripted_guis' in 'file: common/scripted_guis/00_mde_lock_values_gui.txt line: 826'
[17:50:37][W][gamedatabase.h:321]: Overriding entry 'mde_dragon_body_shading_template_unlock' for database 'common/scripted_guis' in 'file: common/scripted_guis/00_mde_lock_values_gui.txt line: 856'
[17:50:37][W][gamedatabase.h:321]: Overriding entry 'mde_dragon_body_shading_value_lock' for database 'common/scripted_guis' in 'file: common/scripted_guis/00_mde_lock_values_gui.txt line: 884'
[17:50:37][W][gamedatabase.h:321]: Overriding entry 'mde_dragon_body_shading_value_unlock' for database 'common/scripted_guis' in 'file: common/scripted_guis/00_mde_lock_values_gui.txt line: 914'
[17:50:37][W][gamedatabase.h:321]: Overriding entry 'mde_dragon_wings_shading_template_lock' for database 'common/scripted_guis' in 'file: common/scripted_guis/00_mde_lock_values_gui.txt line: 942'
[17:50:37][W][gamedatabase.h:321]: Overriding entry 'mde_dragon_wings_shading_template_unlock' for database 'common/scripted_guis' in 'file: common/scripted_guis/00_mde_lock_values_gui.txt line: 972'
[17:50:37][W][gamedatabase.h:321]: Overriding entry 'mde_dragon_wings_shading_value_lock' for database 'common/scripted_guis' in 'file: common/scripted_guis/00_mde_lock_values_gui.txt line: 1000'
[17:50:37][W][gamedatabase.h:321]: Overriding entry 'mde_dragon_wings_shading_value_unlock' for database 'common/scripted_guis' in 'file: common/scripted_guis/00_mde_lock_values_gui.txt line: 1030'
[17:50:37][W][gamedatabase.h:321]: Overriding entry 'mde_dragon_neck_length_lock' for database 'common/scripted_guis' in 'file: common/scripted_guis/00_mde_lock_values_gui.txt line: 1058'
[17:50:37][W][gamedatabase.h:321]: Overriding entry 'mde_dragon_neck_length_unlock' for database 'common/scripted_guis' in 'file: common/scripted_guis/00_mde_lock_values_gui.txt line: 1088'
[17:50:37][W][gamedatabase.h:321]: Overriding entry 'mde_dragon_scales_effect_lock' for database 'common/scripted_guis' in 'file: common/scripted_guis/00_mde_lock_values_gui.txt line: 1116'
[17:50:37][W][gamedatabase.h:321]: Overriding entry 'mde_dragon_scales_effect_unlock' for database 'common/scripted_guis' in 'file: common/scripted_guis/00_mde_lock_values_gui.txt line: 1146'
[17:50:37][W][gamedatabase.h:321]: Overriding entry 'mde_dragon_old_neck_lock' for database 'common/scripted_guis' in 'file: common/scripted_guis/00_mde_lock_values_gui.txt line: 1174'
[17:50:37][W][gamedatabase.h:321]: Overriding entry 'mde_dragon_old_neck_unlock' for database 'common/scripted_guis' in 'file: common/scripted_guis/00_mde_lock_values_gui.txt line: 1204'
[17:50:37][W][gamedatabase.h:321]: Overriding entry 'mde_dragon_tail_length_lock' for database 'common/scripted_guis' in 'file: common/scripted_guis/00_mde_lock_values_gui.txt line: 1231'
[17:50:37][W][gamedatabase.h:321]: Overriding entry 'mde_dragon_tail_length_unlock' for database 'common/scripted_guis' in 'file: common/scripted_guis/00_mde_lock_values_gui.txt line: 1261'
[17:50:37][W][gamedatabase.h:321]: Overriding entry 'mde_dragon_center_fin_size_lock' for database 'common/scripted_guis' in 'file: common/scripted_guis/00_mde_lock_values_gui.txt line: 1289'
[17:50:37][W][gamedatabase.h:321]: Overriding entry 'mde_dragon_center_fin_size_unlock' for database 'common/scripted_guis' in 'file: common/scripted_guis/00_mde_lock_values_gui.txt line: 1319'
[17:50:37][W][gamedatabase.h:321]: Overriding entry 'mde_dragon_side_fin_size_lock' for database 'common/scripted_guis' in 'file: common/scripted_guis/00_mde_lock_values_gui.txt line: 1346'
[17:50:37][W][gamedatabase.h:321]: Overriding entry 'mde_dragon_side_fin_size_unlock' for database 'common/scripted_guis' in 'file: common/scripted_guis/00_mde_lock_values_gui.txt line: 1376'
[17:50:37][W][gamedatabase.h:321]: Overriding entry 'mde_dragon_crest_depth_lock' for database 'common/scripted_guis' in 'file: common/scripted_guis/00_mde_lock_values_gui.txt line: 1403'
[17:50:37][W][gamedatabase.h:321]: Overriding entry 'mde_dragon_crest_depth_unlock' for database 'common/scripted_guis' in 'file: common/scripted_guis/00_mde_lock_values_gui.txt line: 1433'
[17:50:37][W][gamedatabase.h:321]: Overriding entry 'mde_dragon_back_spike_size_lock' for database 'common/scripted_guis' in 'file: common/scripted_guis/00_mde_lock_values_gui.txt line: 1461'
[17:50:37][W][gamedatabase.h:321]: Overriding entry 'mde_dragon_back_spike_size_unlock' for database 'common/scripted_guis' in 'file: common/scripted_guis/00_mde_lock_values_gui.txt line: 1491'
[17:50:37][W][gamedatabase.h:321]: Overriding entry 'mde_dragon_neck_spike_size_lock' for database 'common/scripted_guis' in 'file: common/scripted_guis/00_mde_lock_values_gui.txt line: 1519'
[17:50:37][W][gamedatabase.h:321]: Overriding entry 'mde_dragon_neck_spike_size_unlock' for database 'common/scripted_guis' in 'file: common/scripted_guis/00_mde_lock_values_gui.txt line: 1549'
[17:50:37][W][gamedatabase.h:321]: Overriding entry 'mde_dragon_horns_eyebrow_length_lock' for database 'common/scripted_guis' in 'file: common/scripted_guis/00_mde_lock_values_gui.txt line: 1577'
[17:50:37][W][gamedatabase.h:321]: Overriding entry 'mde_dragon_horns_eyebrow_length_unlock' for database 'common/scripted_guis' in 'file: common/scripted_guis/00_mde_lock_values_gui.txt line: 1607'
[17:50:37][W][gamedatabase.h:321]: Overriding entry 'mde_dragon_horns_eyebrow_lock' for database 'common/scripted_guis' in 'file: common/scripted_guis/00_mde_lock_values_gui.txt line: 1635'
[17:50:37][W][gamedatabase.h:321]: Overriding entry 'mde_dragon_horns_eyebrow_unlock' for database 'common/scripted_guis' in 'file: common/scripted_guis/00_mde_lock_values_gui.txt line: 1665'
[17:50:37][W][gamedatabase.h:321]: Overriding entry 'mde_dragon_snout_length_lock' for database 'common/scripted_guis' in 'file: common/scripted_guis/00_mde_lock_values_gui.txt line: 1693'
[17:50:37][W][gamedatabase.h:321]: Overriding entry 'mde_dragon_snout_length_unlock' for database 'common/scripted_guis' in 'file: common/scripted_guis/00_mde_lock_values_gui.txt line: 1723'
[17:50:37][W][gamedatabase.h:321]: Overriding entry 'mde_dragon_snout_height_lock' for database 'common/scripted_guis' in 'file: common/scripted_guis/00_mde_lock_values_gui.txt line: 1751'
[17:50:37][W][gamedatabase.h:321]: Overriding entry 'mde_dragon_snout_height_unlock' for database 'common/scripted_guis' in 'file: common/scripted_guis/00_mde_lock_values_gui.txt line: 1781'
[17:50:37][W][gamedatabase.h:321]: Overriding entry 'mde_dragon_snout_width_lock' for database 'common/scripted_guis' in 'file: common/scripted_guis/00_mde_lock_values_gui.txt line: 1809'
[17:50:37][W][gamedatabase.h:321]: Overriding entry 'mde_dragon_snout_width_unlock' for database 'common/scripted_guis' in 'file: common/scripted_guis/00_mde_lock_values_gui.txt line: 1839'
[17:50:37][W][gamedatabase.h:321]: Overriding entry 'mde_dragon_snout_end_width_lock' for database 'common/scripted_guis' in 'file: common/scripted_guis/00_mde_lock_values_gui.txt line: 1867'
[17:50:37][W][gamedatabase.h:321]: Overriding entry 'mde_dragon_snout_end_width_unlock' for database 'common/scripted_guis' in 'file: common/scripted_guis/00_mde_lock_values_gui.txt line: 1897'
[17:50:37][W][gamedatabase.h:321]: Overriding entry 'mde_dragon_snout_profile_lock' for database 'common/scripted_guis' in 'file: common/scripted_guis/00_mde_lock_values_gui.txt line: 1925'
[17:50:37][W][gamedatabase.h:321]: Overriding entry 'mde_dragon_snout_profile_unlock' for database 'common/scripted_guis' in 'file: common/scripted_guis/00_mde_lock_values_gui.txt line: 1955'
[17:50:37][W][gamedatabase.h:321]: Overriding entry 'mde_dragon_chin_profile_lock' for database 'common/scripted_guis' in 'file: common/scripted_guis/00_mde_lock_values_gui.txt line: 1983'
[17:50:37][W][gamedatabase.h:321]: Overriding entry 'mde_dragon_chin_profile_unlock' for database 'common/scripted_guis' in 'file: common/scripted_guis/00_mde_lock_values_gui.txt line: 2013'
[17:50:37][W][gamedatabase.h:321]: Overriding entry 'mde_dragon_jaw_width_lock' for database 'common/scripted_guis' in 'file: common/scripted_guis/00_mde_lock_values_gui.txt line: 2041'
[17:50:37][W][gamedatabase.h:321]: Overriding entry 'mde_dragon_jaw_width_unlock' for database 'common/scripted_guis' in 'file: common/scripted_guis/00_mde_lock_values_gui.txt line: 2071'
[17:50:37][W][gamedatabase.h:321]: Overriding entry 'mde_dragon_upper_jaw_width_lock' for database 'common/scripted_guis' in 'file: common/scripted_guis/00_mde_lock_values_gui.txt line: 2099'
[17:50:37][W][gamedatabase.h:321]: Overriding entry 'mde_dragon_upper_jaw_width_unlock' for database 'common/scripted_guis' in 'file: common/scripted_guis/00_mde_lock_values_gui.txt line: 2129'
[17:50:37][W][gamedatabase.h:321]: Overriding entry 'mde_dragon_lower_jaw_width_lock' for database 'common/scripted_guis' in 'file: common/scripted_guis/00_mde_lock_values_gui.txt line: 2157'
[17:50:37][W][gamedatabase.h:321]: Overriding entry 'mde_dragon_lower_jaw_width_unlock' for database 'common/scripted_guis' in 'file: common/scripted_guis/00_mde_lock_values_gui.txt line: 2187'
[17:50:37][W][gamedatabase.h:321]: Overriding entry 'mde_dragon_lower_jaw_height_lock' for database 'common/scripted_guis' in 'file: common/scripted_guis/00_mde_lock_values_gui.txt line: 2215'
[17:50:37][W][gamedatabase.h:321]: Overriding entry 'mde_dragon_lower_jaw_height_unlock' for database 'common/scripted_guis' in 'file: common/scripted_guis/00_mde_lock_values_gui.txt line: 2245'
[17:50:37][W][gamedatabase.h:321]: Overriding entry 'mde_dragon_cheek_width_lock' for database 'common/scripted_guis' in 'file: common/scripted_guis/00_mde_lock_values_gui.txt line: 2273'
[17:50:37][W][gamedatabase.h:321]: Overriding entry 'mde_dragon_cheek_width_unlock' for database 'common/scripted_guis' in 'file: common/scripted_guis/00_mde_lock_values_gui.txt line: 2303'
[17:50:37][W][gamedatabase.h:321]: Overriding entry 'mde_dragon_head_roundness_lock' for database 'common/scripted_guis' in 'file: common/scripted_guis/00_mde_lock_values_gui.txt line: 2331'
[17:50:37][W][gamedatabase.h:321]: Overriding entry 'mde_dragon_head_roundness_unlock' for database 'common/scripted_guis' in 'file: common/scripted_guis/00_mde_lock_values_gui.txt line: 2361'
[17:50:37][W][gamedatabase.h:321]: Overriding entry 'mde_dragon_brow_width_lock' for database 'common/scripted_guis' in 'file: common/scripted_guis/00_mde_lock_values_gui.txt line: 2389'
[17:50:37][W][gamedatabase.h:321]: Overriding entry 'mde_dragon_brow_width_unlock' for database 'common/scripted_guis' in 'file: common/scripted_guis/00_mde_lock_values_gui.txt line: 2419'
[17:50:37][W][gamedatabase.h:321]: Overriding entry 'mde_dragon_outer_brow_height_lock' for database 'common/scripted_guis' in 'file: common/scripted_guis/00_mde_lock_values_gui.txt line: 2447'
[17:50:37][W][gamedatabase.h:321]: Overriding entry 'mde_dragon_outer_brow_height_unlock' for database 'common/scripted_guis' in 'file: common/scripted_guis/00_mde_lock_values_gui.txt line: 2477'
[17:50:37][W][gamedatabase.h:321]: Overriding entry 'mde_randomize_color_total' for database 'common/scripted_guis' in 'file: common/scripted_guis/00_mde_lock_values_gui.txt line: 2505'
[17:50:37][W][gamedatabase.h:321]: Overriding entry 'mde_randomize_color_by_egg_color' for database 'common/scripted_guis' in 'file: common/scripted_guis/00_mde_lock_values_gui.txt line: 2994'
[17:50:37][W][gamedatabase.h:321]: Overriding entry 'dragon_horn_template' for database 'common/artifacts/templates' in 'file: common/artifacts/templates/01_custom_artifact_types.txt line: 1'
[17:50:37][W][gamedatabase.h:321]: Overriding entry 'daemonblackfyre_crown_template' for database 'common/artifacts/templates' in 'file: common/artifacts/templates/ntc_artifacts_templates.txt line: 438'
[17:50:37][W][gamedatabase.h:321]: Overriding entry 'DI_ce_remove_all_innovations' for database 'common/scripted_guis' in 'file: common/scripted_guis/DI_innovation_by_era_sgui.txt line: 4'
[17:50:37][W][gamedatabase.h:321]: Overriding entry 'DI_ce_add_all_innovations' for database 'common/scripted_guis' in 'file: common/scripted_guis/DI_innovation_by_era_sgui.txt line: 20'
[17:50:37][W][gamedatabase.h:321]: Overriding entry 'DI_ce_add_tribal_innovations' for database 'common/scripted_guis' in 'file: common/scripted_guis/DI_innovation_by_era_sgui.txt line: 36'
[17:50:37][W][gamedatabase.h:321]: Overriding entry 'DI_ce_remove_tribal_innovations' for database 'common/scripted_guis' in 'file: common/scripted_guis/DI_innovation_by_era_sgui.txt line: 48'
[17:50:37][W][gamedatabase.h:321]: Overriding entry 'DI_ce_add_early_medieval_innovations' for database 'common/scripted_guis' in 'file: common/scripted_guis/DI_innovation_by_era_sgui.txt line: 61'
[17:50:37][W][gamedatabase.h:321]: Overriding entry 'DI_ce_remove_early_medieval_innovations' for database 'common/scripted_guis' in 'file: common/scripted_guis/DI_innovation_by_era_sgui.txt line: 73'
[17:50:37][W][gamedatabase.h:321]: Overriding entry 'DI_ce_add_high_medieval_innovations' for database 'common/scripted_guis' in 'file: common/scripted_guis/DI_innovation_by_era_sgui.txt line: 86'
[17:50:37][W][gamedatabase.h:321]: Overriding entry 'DI_ce_remove_high_medieval_innovations' for database 'common/scripted_guis' in 'file: common/scripted_guis/DI_innovation_by_era_sgui.txt line: 98'
[17:50:37][W][gamedatabase.h:321]: Overriding entry 'DI_ce_add_late_medieval_innovations' for database 'common/scripted_guis' in 'file: common/scripted_guis/DI_innovation_by_era_sgui.txt line: 111'
[17:50:37][W][gamedatabase.h:321]: Overriding entry 'DI_ce_remove_late_medieval_innovations' for database 'common/scripted_guis' in 'file: common/scripted_guis/DI_innovation_by_era_sgui.txt line: 123'
[17:50:37][W][gamedatabase.h:321]: Overriding entry 'iron_throne' for database 'common/artifacts/visuals' in 'file: common/artifacts/visuals/asoiaf_visuals.txt line: 94'
[17:50:37][W][gamedatabase.h:321]: Overriding entry 'DI_remove_innovation_longboats' for database 'common/scripted_guis' in 'file: common/scripted_guis/DI_innovations_sgui.txt line: 2033'
[17:50:37][W][gamedatabase.h:321]: Overriding entry 'DI_add_innovation_longboats' for database 'common/scripted_guis' in 'file: common/scripted_guis/DI_innovations_sgui.txt line: 2042'
[17:50:37][W][gamedatabase.h:321]: Overriding entry 'DI_culture_has_innovation_longboats' for database 'common/scripted_guis' in 'file: common/scripted_guis/DI_innovations_sgui.txt line: 2051'
[17:50:37][W][gamedatabase.h:321]: Overriding entry 'agot_iron_throne' for database 'common/event_backgrounds' in 'file: common/event_backgrounds/asoiaf_event_backgrounds.txt line: 1'
[17:50:37][W][gamedatabase.h:321]: Overriding entry 'agot_dragonstone_throneroom' for database 'common/event_backgrounds' in 'file: common/event_backgrounds/asoiaf_event_backgrounds.txt line: 9'
[17:50:37][W][gamedatabase.h:321]: Overriding entry 'agot_eyrie_throneroom' for database 'common/event_backgrounds' in 'file: common/event_backgrounds/asoiaf_event_backgrounds.txt line: 17'
[17:50:37][W][gamedatabase.h:321]: Overriding entry 'agot_winterfell_throneroom' for database 'common/event_backgrounds' in 'file: common/event_backgrounds/asoiaf_event_backgrounds.txt line: 25'
[17:50:37][W][gamedatabase.h:321]: Overriding entry 'agot_house_height_dna' for database 'gfx/portraits/portrait_modifiers' in 'file: gfx/portraits/portrait_modifiers/asoiaf_house_dna.txt line: 1'
[17:50:37][W][gamedatabase.h:321]: Overriding entry 'agot_house_ears_dna' for database 'gfx/portraits/portrait_modifiers' in 'file: gfx/portraits/portrait_modifiers/asoiaf_house_dna.txt line: 40'
[17:50:37][W][gamedatabase.h:321]: Overriding entry 'agot_house_hair_dna' for database 'gfx/portraits/portrait_modifiers' in 'file: gfx/portraits/portrait_modifiers/asoiaf_house_dna.txt line: 65'
[17:50:37][W][gamedatabase.h:321]: Overriding entry 'agot_house_eyes_dna' for database 'gfx/portraits/portrait_modifiers' in 'file: gfx/portraits/portrait_modifiers/asoiaf_house_dna.txt line: 384'
[17:50:37][W][gamedatabase.h:321]: Overriding entry 'asoiaf_legwear' for database 'gfx/portraits/portrait_modifiers' in 'file: gfx/portraits/portrait_modifiers/asoiaf_legwear_base.txt line: 1'
[17:50:37][W][gamedatabase.h:321]: Overriding entry 'DI_add_diplomacy_pp' for database 'common/scripted_guis' in 'file: common/scripted_guis/DI_skills_sgui.txt line: 649'
[17:50:37][W][gamedatabase.h:321]: Overriding entry 'DI_remove_diplomacy_pp' for database 'common/scripted_guis' in 'file: common/scripted_guis/DI_skills_sgui.txt line: 680'
[17:50:37][W][gamedatabase.h:321]: Overriding entry 'DI_add_martial_pp' for database 'common/scripted_guis' in 'file: common/scripted_guis/DI_skills_sgui.txt line: 711'
[17:50:37][W][gamedatabase.h:321]: Overriding entry 'DI_remove_martial_pp' for database 'common/scripted_guis' in 'file: common/scripted_guis/DI_skills_sgui.txt line: 742'
[17:50:37][W][gamedatabase.h:321]: Overriding entry 'DI_add_stewardship_pp' for database 'common/scripted_guis' in 'file: common/scripted_guis/DI_skills_sgui.txt line: 773'
[17:50:37][W][gamedatabase.h:321]: Overriding entry 'DI_remove_stewardship_pp' for database 'common/scripted_guis' in 'file: common/scripted_guis/DI_skills_sgui.txt line: 804'
[17:50:37][W][gamedatabase.h:321]: Overriding entry 'DI_add_intrigue_pp' for database 'common/scripted_guis' in 'file: common/scripted_guis/DI_skills_sgui.txt line: 835'
[17:50:37][W][gamedatabase.h:321]: Overriding entry 'DI_remove_intrigue_pp' for database 'common/scripted_guis' in 'file: common/scripted_guis/DI_skills_sgui.txt line: 866'
[17:50:37][W][gamedatabase.h:321]: Overriding entry 'DI_add_learning_pp' for database 'common/scripted_guis' in 'file: common/scripted_guis/DI_skills_sgui.txt line: 897'
[17:50:37][W][gamedatabase.h:321]: Overriding entry 'DI_remove_learning_pp' for database 'common/scripted_guis' in 'file: common/scripted_guis/DI_skills_sgui.txt line: 928'
[17:50:37][W][gamedatabase.h:321]: Overriding entry 'DI_add_wanderer_pp' for database 'common/scripted_guis' in 'file: common/scripted_guis/DI_skills_sgui.txt line: 959'
[17:50:37][W][gamedatabase.h:321]: Overriding entry 'DI_remove_wanderer_pp' for database 'common/scripted_guis' in 'file: common/scripted_guis/DI_skills_sgui.txt line: 967'
[17:50:38][W][gamedatabase.h:321]: Overriding entry 'retrieve_hidden_artifact_decision' for database 'common/decisions' in 'file: common/decisions/agot_decisions/00_more_dragon_eggs_decisions.txt line: 185'
[17:50:38][W][gamedatabase.h:321]: Overriding entry 'agot_commission_special_artifact_decision' for database 'common/decisions' in 'file: common/decisions/agot_decisions/00_ntc_artifact_decisions.txt line: 1'
[17:50:38][W][gamedatabase.h:321]: Overriding entry 'faegon_template' for database 'common/scripted_character_templates' in 'file: common/scripted_character_templates/asoiaf_invader_templates.txt line: 1'
[17:50:41][W][gamedatabase.h:321]: Overriding entry 'disfigured' for database 'common/traits' in 'file: common/traits/lotd_traits.txt line: 1'
[17:50:41][W][gamedatabase.h:321]: Overriding entry 'dragonpit_laws' for database 'common/laws' in 'file: common/laws/02_mde_realm_laws.txt line: 4'
[17:50:41][W][gamedatabase.h:321]: Overriding entry 'dragonpit_close_family_law' for database '' in 'file: common/laws/02_mde_realm_laws.txt line: 54'
[17:50:41][W][gamedatabase.h:321]: Overriding entry 'dragonpit_house_law' for database '' in 'file: common/laws/02_mde_realm_laws.txt line: 94'
[17:50:41][W][gamedatabase.h:321]: Overriding entry 'dragonpit_dynasty_law' for database '' in 'file: common/laws/02_mde_realm_laws.txt line: 137'
[17:50:41][W][gamedatabase.h:321]: Overriding entry 'dragonpit_everyone_law' for database '' in 'file: common/laws/02_mde_realm_laws.txt line: 180'
[17:50:41][W][gamedatabase.h:321]: Overriding entry 'head_dragonkeeper_court_position' for database 'common/court_positions/types' in 'file: common/court_positions/types/00_mde_court_position_override.txt line: 1'
[17:50:41][W][gamedatabase.h:321]: Overriding entry 'dragon_horn_brown_to_court' for database 'common/artifacts/blueprints' in 'file: common/artifacts/blueprints/01_reforge_valyrian.txt line: 242'
[17:50:41][W][gamedatabase.h:321]: Overriding entry 'dragon_horn_red_to_court' for database 'common/artifacts/blueprints' in 'file: common/artifacts/blueprints/01_reforge_valyrian.txt line: 249'
[17:50:41][W][gamedatabase.h:321]: Overriding entry 'dragon_horn_silver_to_court' for database 'common/artifacts/blueprints' in 'file: common/artifacts/blueprints/01_reforge_valyrian.txt line: 256'
[17:50:41][W][gamedatabase.h:321]: Overriding entry 'dragon_horn_black_to_court' for database 'common/artifacts/blueprints' in 'file: common/artifacts/blueprints/01_reforge_valyrian.txt line: 263'
[17:50:41][W][gamedatabase.h:321]: Overriding entry 'dragon_horn_blackGold_to_court' for database 'common/artifacts/blueprints' in 'file: common/artifacts/blueprints/01_reforge_valyrian.txt line: 270'
[17:50:41][W][gamedatabase.h:321]: Overriding entry 'dragon_horn_tan_to_court' for database 'common/artifacts/blueprints' in 'file: common/artifacts/blueprints/01_reforge_valyrian.txt line: 277'
[17:50:41][W][gamedatabase.h:321]: Overriding entry 'agot_ruins_spicetown_02' for database 'common/buildings' in 'file: common/buildings/00_mde_buildings_override.txt line: 1'
[17:50:41][W][gamedatabase.h:321]: Overriding entry 'agot_summerhall_ruins_02' for database 'common/buildings' in 'file: common/buildings/00_mde_buildings_override.txt line: 73'
[17:50:42][W][gamedatabase.h:321]: Overriding entry 'agot_hoare_castle_01' for database 'common/buildings' in 'file: common/buildings/yy_agotcities_special_buildings_westeros.txt line: 2'
[17:50:42][W][gamedatabase.h:321]: Overriding entry 'agot_hoare_castle_02' for database 'common/buildings' in 'file: common/buildings/yy_agotcities_special_buildings_westeros.txt line: 36'
[17:50:42][W][gamedatabase.h:321]: Overriding entry 'agot_maidenpool_01' for database 'common/buildings' in 'file: common/buildings/yy_agotcities_special_buildings_westeros.txt line: 86'
[17:50:42][W][gamedatabase.h:321]: Overriding entry 'agot_lonely_light_01' for database 'common/buildings' in 'file: common/buildings/yy_agotcities_special_buildings_westeros.txt line: 131'
[17:50:42][W][gamedatabase.h:321]: Overriding entry 'agot_ashemark_01' for database 'common/buildings' in 'file: common/buildings/yy_agotcities_special_buildings_westeros.txt line: 421'
[17:50:42][W][gamedatabase.h:321]: Overriding entry 'agot_lordsport_01' for database 'common/buildings' in 'file: common/buildings/yy_agotcities_special_buildings_westeros.txt line: 521'
[17:50:42][W][gamedatabase.h:321]: Overriding entry 'agot_deepwood_motte_01' for database 'common/buildings' in 'file: common/buildings/yy_agotcities_special_buildings_westeros.txt line: 658'
[17:50:42][W][gamedatabase.h:321]: Overriding entry 'agot_rodriks_gift_01' for database 'common/buildings' in 'file: common/buildings/yy_agotcities_special_buildings_westeros.txt line: 704'
[17:50:42][W][gamedatabase.h:321]: Overriding entry 'agot_blackhaven_01' for database 'common/buildings' in 'file: common/buildings/yy_agotcities_special_buildings_westeros.txt line: 804'
[17:50:42][W][gamedatabase.h:321]: Overriding entry 'agot_rooks_rest_01' for database 'common/buildings' in 'file: common/buildings/yy_agotcities_special_buildings_westeros.txt line: 896'
[17:50:42][W][gamedatabase.h:321]: Overriding entry 'agot_dunstonbury_01' for database 'common/buildings' in 'file: common/buildings/yy_agotcities_special_buildings_westeros.txt line: 986'
[17:50:42][W][gamedatabase.h:321]: Overriding entry 'agot_starpike_01' for database 'common/buildings' in 'file: common/buildings/yy_agotcities_special_buildings_westeros.txt line: 1027'
[17:50:42][W][gamedatabase.h:321]: Overriding entry 'agot_yronwood_01' for database 'common/buildings' in 'file: common/buildings/yy_agotcities_special_buildings_westeros.txt line: 1286'
[17:50:42][W][gamedatabase.h:321]: Overriding entry 'agot_griffins_roost_01' for database 'common/buildings' in 'file: common/buildings/yy_agotcities_special_buildings_westeros.txt line: 1395'
[17:50:42][W][gamedatabase.h:321]: Overriding entry 'agot_raventree_hall_01' for database 'common/buildings' in 'file: common/buildings/yy_agotcities_special_buildings_westeros.txt line: 1440'
[17:50:42][W][gamedatabase.h:321]: Overriding entry 'agot_duskendale_01' for database 'common/buildings' in 'file: common/buildings/yy_agotcities_special_buildings_westeros.txt line: 1487'
[17:50:42][W][gamedatabase.h:321]: Overriding entry 'agot_ten_towers_01' for database 'common/buildings' in 'file: common/buildings/yy_agotcities_special_buildings_westeros.txt line: 1603'
[17:50:42][W][gamedatabase.h:321]: Overriding entry 'agot_evenfall_hall_01' for database 'common/buildings' in 'file: common/buildings/yy_agotcities_special_buildings_westeros.txt line: 1691'
[17:50:42][W][gamedatabase.h:321]: Overriding entry 'agot_plankytown_01' for database 'common/buildings' in 'file: common/buildings/yy_agotcities_special_buildings_westeros.txt line: 1729'
[17:50:42][W][gamedatabase.h:321]: Overriding entry 'agot_castamere_01' for database 'common/buildings' in 'file: common/buildings/yy_agotcities_special_buildings_westeros.txt line: 1840'
[17:50:42][W][gamedatabase.h:321]: Overriding entry 'agot_castamere_ruins_01' for database 'common/buildings' in 'file: common/buildings/yy_agotcities_special_buildings_westeros.txt line: 2002'
[17:50:42][W][gamedatabase.h:321]: Overriding entry 'agot_castamere_ruins_02' for database 'common/buildings' in 'file: common/buildings/yy_agotcities_special_buildings_westeros.txt line: 2052'
[17:50:42][W][gamedatabase.h:321]: Overriding entry 'agot_hightide_01' for database 'common/buildings' in 'file: common/buildings/yy_agotcities_special_buildings_westeros.txt line: 2307'
[17:50:42][W][gamedatabase.h:321]: Overriding entry 'agot_ruins_hightide_02' for database 'common/buildings' in 'file: common/buildings/yy_agotcities_special_buildings_westeros.txt line: 2376'
[17:50:42][W][gamedatabase.h:321]: Overriding entry 'agot_karhold_01' for database 'common/buildings' in 'file: common/buildings/yy_agotcities_special_buildings_westeros.txt line: 2583'
[17:50:42][W][gamedatabase.h:321]: Overriding entry 'agot_ironrath_01' for database 'common/buildings' in 'file: common/buildings/yy_agotcities_special_buildings_westeros.txt line: 2741'
[17:50:42][W][gamedatabase.h:321]: Overriding entry 'agot_oldstones_01' for database 'common/buildings' in 'file: common/buildings/yy_agotcities_special_buildings_westeros.txt line: 2836'
[17:50:42][W][gamedatabase.h:321]: Overriding entry 'agot_oldstones_02' for database 'common/buildings' in 'file: common/buildings/yy_agotcities_special_buildings_westeros.txt line: 2881'
[17:50:42][W][gamedatabase.h:321]: Overriding entry 'agot_starfall_01' for database 'common/buildings' in 'file: common/buildings/yy_agotcities_special_buildings_westeros.txt line: 3104'
[17:50:42][W][gamedatabase.h:321]: Overriding entry 'agot_seagard_01' for database 'common/buildings' in 'file: common/buildings/yy_agotcities_special_buildings_westeros.txt line: 3205'
[17:50:42][W][gamedatabase.h:321]: Overriding entry 'agot_walls_of_seagard_01' for database 'common/buildings' in 'file: common/buildings/yy_agotcities_special_buildings_westeros.txt line: 3297'
[17:50:42][W][gamedatabase.h:321]: Overriding entry 'agot_runestone_01' for database 'common/buildings' in 'file: common/buildings/yy_agotcities_special_buildings_westeros.txt line: 3399'
[17:50:42][W][gamedatabase.h:321]: Overriding entry 'ruin_01' for database 'common/buildings' in 'file: common/buildings/zz_cowagot_ruin_buildings.txt line: 4'
[17:50:42][W][gamedatabase.h:321]: Overriding entry 'small_ruin_01' for database 'common/buildings' in 'file: common/buildings/zz_cowagot_ruin_buildings.txt line: 95'
[17:50:42][W][gamedatabase.h:321]: Overriding entry 'small_ruin_02' for database 'common/buildings' in 'file: common/buildings/zz_cowagot_ruin_buildings.txt line: 103'
[17:50:42][W][gamedatabase.h:321]: Overriding entry 'small_ruin_03' for database 'common/buildings' in 'file: common/buildings/zz_cowagot_ruin_buildings.txt line: 128'
[17:50:42][W][gamedatabase.h:321]: Overriding entry 'small_ruin_04' for database 'common/buildings' in 'file: common/buildings/zz_cowagot_ruin_buildings.txt line: 157'
[17:50:42][W][gamedatabase.h:321]: Overriding entry 'medium_ruin_01' for database 'common/buildings' in 'file: common/buildings/zz_cowagot_ruin_buildings.txt line: 192'
[17:50:42][W][gamedatabase.h:321]: Overriding entry 'medium_ruin_02' for database 'common/buildings' in 'file: common/buildings/zz_cowagot_ruin_buildings.txt line: 200'
[17:50:42][W][gamedatabase.h:321]: Overriding entry 'medium_ruin_03' for database 'common/buildings' in 'file: common/buildings/zz_cowagot_ruin_buildings.txt line: 228'
[17:50:42][W][gamedatabase.h:321]: Overriding entry 'medium_ruin_04' for database 'common/buildings' in 'file: common/buildings/zz_cowagot_ruin_buildings.txt line: 260'
[17:50:42][W][gamedatabase.h:321]: Overriding entry 'large_ruin_01' for database 'common/buildings' in 'file: common/buildings/zz_cowagot_ruin_buildings.txt line: 304'
[17:50:42][W][gamedatabase.h:321]: Overriding entry 'large_ruin_02' for database 'common/buildings' in 'file: common/buildings/zz_cowagot_ruin_buildings.txt line: 312'
[17:50:42][W][gamedatabase.h:321]: Overriding entry 'large_ruin_03' for database 'common/buildings' in 'file: common/buildings/zz_cowagot_ruin_buildings.txt line: 340'
[17:50:42][W][gamedatabase.h:321]: Overriding entry 'large_ruin_04' for database 'common/buildings' in 'file: common/buildings/zz_cowagot_ruin_buildings.txt line: 372'
[17:50:42][W][gamedatabase.h:321]: Overriding entry 'special_ruin_01' for database 'common/buildings' in 'file: common/buildings/zz_cowagot_ruin_buildings.txt line: 416'
[17:50:42][W][gamedatabase.h:321]: Overriding entry 'ruin_salted_earth_01' for database 'common/buildings' in 'file: common/buildings/zz_cowagot_ruin_buildings.txt line: 427'
[17:50:42][W][gamedatabase.h:321]: Overriding entry 'ruin_desolate_01' for database 'common/buildings' in 'file: common/buildings/zz_cowagot_ruin_buildings.txt line: 445'
[17:50:42][W][gamedatabase.h:321]: Overriding entry 'ruin_desolate_02' for database 'common/buildings' in 'file: common/buildings/zz_cowagot_ruin_buildings.txt line: 464'
[17:50:42][W][gamedatabase.h:321]: Overriding entry 'ruin_flooded_01' for database 'common/buildings' in 'file: common/buildings/zz_cowagot_ruin_buildings.txt line: 491'
[17:50:42][W][gamedatabase.h:321]: Overriding entry 'ruin_flooded_02' for database 'common/buildings' in 'file: common/buildings/zz_cowagot_ruin_buildings.txt line: 507'
[17:50:42][W][gamedatabase.h:321]: Overriding entry 'ruin_renowned_01' for database 'common/buildings' in 'file: common/buildings/zz_cowagot_ruin_buildings.txt line: 533'
[17:50:42][W][gamedatabase.h:321]: Overriding entry 'ruin_infamous_01' for database 'common/buildings' in 'file: common/buildings/zz_cowagot_ruin_buildings.txt line: 548'
[17:50:42][W][gamedatabase.h:321]: Overriding entry 'ruin_wildfire_01' for database 'common/buildings' in 'file: common/buildings/zz_cowagot_ruin_buildings.txt line: 563'
[17:50:42][W][gamedatabase.h:321]: Overriding entry 'ruin_wildfire_02' for database 'common/buildings' in 'file: common/buildings/zz_cowagot_ruin_buildings.txt line: 582'
[17:50:42][W][gamedatabase.h:321]: Overriding entry 'ruin_stone_men_01' for database 'common/buildings' in 'file: common/buildings/zz_cowagot_ruin_buildings.txt line: 608'
[17:50:42][W][gamedatabase.h:321]: Overriding entry 'ruin_stone_men_02' for database 'common/buildings' in 'file: common/buildings/zz_cowagot_ruin_buildings.txt line: 625'
[17:50:42][W][gamedatabase.h:321]: Overriding entry 'innovation_longboats' for database 'common/culture/innovations' in 'file: common/culture/innovations/00_tribal_innovations.txt line: 405'
[17:50:42][W][gamedatabase.h:321]: Overriding entry 'no_lifestyle_diplomacy' for database 'common/modifiers' in 'file: common/modifiers/DI_modifiers.txt line: 4169'
[17:50:42][W][gamedatabase.h:321]: Overriding entry 'no_lifestyle_martial' for database 'common/modifiers' in 'file: common/modifiers/DI_modifiers.txt line: 4174'
[17:50:42][W][gamedatabase.h:321]: Overriding entry 'no_lifestyle_stewardship' for database 'common/modifiers' in 'file: common/modifiers/DI_modifiers.txt line: 4179'
[17:50:42][W][gamedatabase.h:321]: Overriding entry 'no_lifestyle_intrigue' for database 'common/modifiers' in 'file: common/modifiers/DI_modifiers.txt line: 4184'
[17:50:42][W][gamedatabase.h:321]: Overriding entry 'no_lifestyle_learning' for database 'common/modifiers' in 'file: common/modifiers/DI_modifiers.txt line: 4189'
[17:50:42][W][gamedatabase.h:321]: Overriding entry 'no_stress_change' for database 'common/modifiers' in 'file: common/modifiers/DI_present_modifiers.txt line: 1'
[17:50:42][W][gamedatabase.h:321]: Overriding entry 'no_tyranny_change' for database 'common/modifiers' in 'file: common/modifiers/DI_present_modifiers.txt line: 7'
[17:50:42][W][gamedatabase.h:321]: Overriding entry 'no_dread_change' for database 'common/modifiers' in 'file: common/modifiers/DI_present_modifiers.txt line: 13'
[17:50:42][W][gamedatabase.h:321]: Overriding entry 'asoiaf_Hightower_90_modifier' for database 'common/modifiers' in 'file: common/modifiers/asoiaf_canon_children_modifiers.txt line: 1275'
[17:50:42][W][gamedatabase.h:321]: Overriding entry 'agot_rr_cersei_infertility' for database 'common/modifiers' in 'file: common/modifiers/asoiaf_modifiers.txt line: 18'
[17:50:42][W][gamedatabase.h:321]: Overriding entry 'agot_rr_lyanna_infertility' for database 'common/modifiers' in 'file: common/modifiers/asoiaf_modifiers.txt line: 23'
