[06:11:08][E][dlc_descriptor.cpp:70]: Invalid supported_version in file: mod/ugc_2261468688.mod line: 6
[06:11:20][E][pdx_localize.cpp:279]: Duplicate localization key. Key 'PORTRAIT_MODIFIER_custom_cloaks_female_cloak_asoiaf_nights_watch_cloak_1' is defined in both 'localization/russian/asoiaf_barbershop_l_russian.yml' and 'localization/russian/asoiaf_barbershop_l_russian.yml'.
[06:11:20][E][pdx_localize.cpp:279]: Duplicate localization key. Key 'agot_dragon_laid_clutch_1' is defined in both 'localization/russian/more_dragon_eggs_decisions_l_russian.yml' and 'localization/russian/agot/agot_memories_l_russian.yml'.
[06:11:20][E][pdx_localize.cpp:279]: Duplicate localization key. Key 'agot_laid_clutch_desc_1' is defined in both 'localization/russian/more_dragon_eggs_decisions_l_russian.yml' and 'localization/russian/agot/agot_memories_l_russian.yml'.
[06:11:20][E][pdx_localize.cpp:279]: Duplicate localization key. Key 'agot_laid_clutch_desc_second_perspective_1' is defined in both 'localization/russian/more_dragon_eggs_decisions_l_russian.yml' and 'localization/russian/agot/agot_memories_l_russian.yml'.
[06:11:20][E][pdx_localize.cpp:279]: Duplicate localization key. Key 'agot_laid_clutch_desc_third_perspective_1' is defined in both 'localization/russian/more_dragon_eggs_decisions_l_russian.yml' and 'localization/russian/agot/agot_memories_l_russian.yml'.
[06:11:20][E][pdx_localize.cpp:279]: Duplicate localization key. Key 'agot_dragon_laid_clutch_2' is defined in both 'localization/russian/more_dragon_eggs_decisions_l_russian.yml' and 'localization/russian/agot/agot_memories_l_russian.yml'.
[06:11:20][E][pdx_localize.cpp:279]: Duplicate localization key. Key 'agot_laid_clutch_desc_2' is defined in both 'localization/russian/more_dragon_eggs_decisions_l_russian.yml' and 'localization/russian/agot/agot_memories_l_russian.yml'.
[06:11:20][E][pdx_localize.cpp:279]: Duplicate localization key. Key 'agot_laid_clutch_desc_second_perspective_2' is defined in both 'localization/russian/more_dragon_eggs_decisions_l_russian.yml' and 'localization/russian/agot/agot_memories_l_russian.yml'.
[06:11:20][E][pdx_localize.cpp:279]: Duplicate localization key. Key 'agot_laid_clutch_desc_third_perspective_2' is defined in both 'localization/russian/more_dragon_eggs_decisions_l_russian.yml' and 'localization/russian/agot/agot_memories_l_russian.yml'.
[06:11:20][E][pdx_localize.cpp:279]: Duplicate localization key. Key 'agot_dragon_laid_clutch_3' is defined in both 'localization/russian/more_dragon_eggs_decisions_l_russian.yml' and 'localization/russian/agot/agot_memories_l_russian.yml'.
[06:11:20][E][pdx_localize.cpp:279]: Duplicate localization key. Key 'agot_laid_clutch_desc_3' is defined in both 'localization/russian/more_dragon_eggs_decisions_l_russian.yml' and 'localization/russian/agot/agot_memories_l_russian.yml'.
[06:11:20][E][pdx_localize.cpp:279]: Duplicate localization key. Key 'agot_laid_clutch_desc_second_perspective_3' is defined in both 'localization/russian/more_dragon_eggs_decisions_l_russian.yml' and 'localization/russian/agot/agot_memories_l_russian.yml'.
[06:11:20][E][pdx_localize.cpp:279]: Duplicate localization key. Key 'agot_laid_clutch_desc_third_perspective_3' is defined in both 'localization/russian/more_dragon_eggs_decisions_l_russian.yml' and 'localization/russian/agot/agot_memories_l_russian.yml'.
[06:11:20][E][pdx_localize.cpp:279]: Duplicate localization key. Key 'agot_dragon_laid_clutch_4' is defined in both 'localization/russian/more_dragon_eggs_decisions_l_russian.yml' and 'localization/russian/agot/agot_memories_l_russian.yml'.
[06:11:20][E][pdx_localize.cpp:279]: Duplicate localization key. Key 'agot_laid_clutch_desc_4' is defined in both 'localization/russian/more_dragon_eggs_decisions_l_russian.yml' and 'localization/russian/agot/agot_memories_l_russian.yml'.
[06:11:20][E][pdx_localize.cpp:279]: Duplicate localization key. Key 'agot_laid_clutch_desc_second_perspective_4' is defined in both 'localization/russian/more_dragon_eggs_decisions_l_russian.yml' and 'localization/russian/agot/agot_memories_l_russian.yml'.
[06:11:20][E][pdx_localize.cpp:279]: Duplicate localization key. Key 'agot_laid_clutch_desc_third_perspective_4' is defined in both 'localization/russian/more_dragon_eggs_decisions_l_russian.yml' and 'localization/russian/agot/agot_memories_l_russian.yml'.
[06:11:20][E][pdx_localize.cpp:279]: Duplicate localization key. Key 'agot_dragon_laid_clutch_5' is defined in both 'localization/russian/more_dragon_eggs_decisions_l_russian.yml' and 'localization/russian/agot/agot_memories_l_russian.yml'.
[06:11:20][E][pdx_localize.cpp:279]: Duplicate localization key. Key 'agot_laid_clutch_desc_5' is defined in both 'localization/russian/more_dragon_eggs_decisions_l_russian.yml' and 'localization/russian/agot/agot_memories_l_russian.yml'.
[06:11:20][E][pdx_localize.cpp:279]: Duplicate localization key. Key 'agot_laid_clutch_desc_second_perspective_5' is defined in both 'localization/russian/more_dragon_eggs_decisions_l_russian.yml' and 'localization/russian/agot/agot_memories_l_russian.yml'.
[06:11:20][E][pdx_localize.cpp:279]: Duplicate localization key. Key 'agot_laid_clutch_desc_third_perspective_5' is defined in both 'localization/russian/more_dragon_eggs_decisions_l_russian.yml' and 'localization/russian/agot/agot_memories_l_russian.yml'.
[06:11:20][E][pdx_localize.cpp:279]: Duplicate localization key. Key 'visenya_circlet_name' is defined in both 'localization/russian/ntc_artifacts_l_russian.yml' and 'localization/russian/agot/artifacts/agot_artifacts_l_russian.yml'.
[06:11:20][E][pdx_localize.cpp:279]: Duplicate localization key. Key 'visenya_circlet_description' is defined in both 'localization/russian/ntc_artifacts_l_russian.yml' and 'localization/russian/agot/artifacts/agot_artifacts_l_russian.yml'.
[06:11:20][E][pdx_localize.cpp:279]: Duplicate localization key. Key 'daemonblackfyre_crown_name' is defined in both 'localization/russian/ntc_artifacts_l_russian.yml' and 'localization/russian/agot/artifacts/agot_artifacts_l_russian.yml'.
[06:11:20][E][pdx_localize.cpp:279]: Duplicate localization key. Key 'daemonblackfyre_crown_description' is defined in both 'localization/russian/ntc_artifacts_l_russian.yml' and 'localization/russian/agot/artifacts/agot_artifacts_l_russian.yml'.
[06:11:20][E][pdx_localize.cpp:279]: Duplicate localization key. Key 'crown_of_gardener_war_iron_name' is defined in both 'localization/russian/ntc_artifacts_l_russian.yml' and 'localization/russian/agot/artifacts/agot_artifacts_l_russian.yml'.
[06:11:20][E][pdx_localize.cpp:279]: Duplicate localization key. Key 'crown_of_gardener_war_iron_description' is defined in both 'localization/russian/ntc_artifacts_l_russian.yml' and 'localization/russian/agot/artifacts/agot_artifacts_l_russian.yml'.
[06:11:20][E][pdx_localize.cpp:279]: Duplicate localization key. Key 'crown_of_westerling_name' is defined in both 'localization/russian/ntc_artifacts_l_russian.yml' and 'localization/russian/agot/artifacts/agot_artifacts_l_russian.yml'.
[06:11:20][E][pdx_localize.cpp:279]: Duplicate localization key. Key 'crown_of_westerling_description' is defined in both 'localization/russian/ntc_artifacts_l_russian.yml' and 'localization/russian/agot/artifacts/agot_artifacts_l_russian.yml'.
[06:11:20][E][pdx_localize.cpp:279]: Duplicate localization key. Key 'agot_dragon_maintenance.0802.t' is defined in both 'localization/russian/more_dragon_eggs_events_l_russian.yml' and 'localization/russian/agot/event_localization/agot_dragon_maintenance_l_russian.yml'.
[06:11:20][E][pdx_localize.cpp:279]: Duplicate localization key. Key 'agot_dragon_maintenance.0802.desc' is defined in both 'localization/russian/more_dragon_eggs_events_l_russian.yml' and 'localization/russian/agot/event_localization/agot_dragon_maintenance_l_russian.yml'.
[06:11:20][E][pdx_localize.cpp:279]: Duplicate localization key. Key 'agot_filler_crownlands.0004.t' is defined in both 'localization/russian/more_dragon_eggs_events_l_russian.yml' and 'localization/russian/agot/event_localization/filler_events/agot_filler_events_crownlands_l_russian.yml'.
[06:11:20][E][pdx_localize.cpp:279]: Duplicate localization key. Key 'agot_filler_crownlands.0004.desc' is defined in both 'localization/russian/more_dragon_eggs_events_l_russian.yml' and 'localization/russian/agot/event_localization/filler_events/agot_filler_events_crownlands_l_russian.yml'.
[06:11:20][E][pdx_localize.cpp:279]: Duplicate localization key. Key 'agot_filler_crownlands.0004.a' is defined in both 'localization/russian/more_dragon_eggs_events_l_russian.yml' and 'localization/russian/agot/event_localization/filler_events/agot_filler_events_crownlands_l_russian.yml'.
[06:11:20][E][pdx_localize.cpp:279]: Duplicate localization key. Key 'agot_filler_crownlands.0004.tt' is defined in both 'localization/russian/more_dragon_eggs_events_l_russian.yml' and 'localization/russian/agot/event_localization/filler_events/agot_filler_events_crownlands_l_russian.yml'.
[06:11:20][E][pdx_localize.cpp:279]: Duplicate localization key. Key 'PORTRAIT_MODIFIER_custom_headgear_crown_of_the_grey_king_rusted' is defined in both 'localization/russian/agot_westeroscrowns_portrait_modifiers_l_russian.yml' and 'localization/russian/agot/portraits/agot_portrait_modifiers_l_russian.yml'.
[06:11:20][E][pdx_localize.cpp:279]: Duplicate localization key. Key 'PORTRAIT_MODIFIER_custom_headgear_female_crown_of_the_grey_king_rusted' is defined in both 'localization/russian/agot_westeroscrowns_portrait_modifiers_l_russian.yml' and 'localization/russian/agot/portraits/agot_portrait_modifiers_l_russian.yml'.
[06:11:20][E][pdx_localize.cpp:279]: Duplicate localization key. Key 'PORTRAIT_MODIFIER_custom_headgear_crown_of_gardener_war_iron' is defined in both 'localization/russian/agot_westeroscrowns_portrait_modifiers_l_russian.yml' and 'localization/russian/agot/portraits/agot_portrait_modifiers_l_russian.yml'.
[06:11:20][E][pdx_localize.cpp:279]: Duplicate localization key. Key 'PORTRAIT_MODIFIER_custom_headgear_female_crown_of_gardener_war_iron' is defined in both 'localization/russian/agot_westeroscrowns_portrait_modifiers_l_russian.yml' and 'localization/russian/agot/portraits/agot_portrait_modifiers_l_russian.yml'.
[06:11:20][E][pdx_localize.cpp:279]: Duplicate localization key. Key 'artifact_vs_sword_1_name' is defined in both 'localization/russian/targ_artifacts_l_russian.yml' and 'localization/russian/artifacts/targ_artifacts_l_russian.yml'.
[06:11:20][E][pdx_localize.cpp:279]: Duplicate localization key. Key 'artifact_vs_sword_1_description' is defined in both 'localization/russian/targ_artifacts_l_russian.yml' and 'localization/russian/artifacts/targ_artifacts_l_russian.yml'.
[06:11:20][E][pdx_localize.cpp:279]: Duplicate localization key. Key 'artifact_vs_sword_2_name' is defined in both 'localization/russian/targ_artifacts_l_russian.yml' and 'localization/russian/artifacts/targ_artifacts_l_russian.yml'.
[06:11:20][E][pdx_localize.cpp:279]: Duplicate localization key. Key 'artifact_vs_sword_2_description' is defined in both 'localization/russian/targ_artifacts_l_russian.yml' and 'localization/russian/artifacts/targ_artifacts_l_russian.yml'.
[06:11:20][E][pdx_localize.cpp:279]: Duplicate localization key. Key 'artifact_vs_sword_3_name' is defined in both 'localization/russian/targ_artifacts_l_russian.yml' and 'localization/russian/artifacts/targ_artifacts_l_russian.yml'.
[06:11:20][E][pdx_localize.cpp:279]: Duplicate localization key. Key 'artifact_vs_sword_3_description' is defined in both 'localization/russian/targ_artifacts_l_russian.yml' and 'localization/russian/artifacts/targ_artifacts_l_russian.yml'.
[06:11:20][E][pdx_localize.cpp:279]: Duplicate localization key. Key 'artifact_vs_sword_4_name' is defined in both 'localization/russian/targ_artifacts_l_russian.yml' and 'localization/russian/artifacts/targ_artifacts_l_russian.yml'.
[06:11:20][E][pdx_localize.cpp:279]: Duplicate localization key. Key 'artifact_vs_sword_4_description' is defined in both 'localization/russian/targ_artifacts_l_russian.yml' and 'localization/russian/artifacts/targ_artifacts_l_russian.yml'.
[06:11:20][E][pdx_localize.cpp:279]: Duplicate localization key. Key 'artifact_vs_axe_name' is defined in both 'localization/russian/targ_artifacts_l_russian.yml' and 'localization/russian/artifacts/targ_artifacts_l_russian.yml'.
[06:11:20][E][pdx_localize.cpp:279]: Duplicate localization key. Key 'artifact_vs_axe_description' is defined in both 'localization/russian/targ_artifacts_l_russian.yml' and 'localization/russian/artifacts/targ_artifacts_l_russian.yml'.
[06:11:20][E][pdx_localize.cpp:279]: Duplicate localization key. Key 'artifact_vs_mace_name' is defined in both 'localization/russian/targ_artifacts_l_russian.yml' and 'localization/russian/artifacts/targ_artifacts_l_russian.yml'.
[06:11:20][E][pdx_localize.cpp:279]: Duplicate localization key. Key 'artifact_vs_mace_description' is defined in both 'localization/russian/targ_artifacts_l_russian.yml' and 'localization/russian/artifacts/targ_artifacts_l_russian.yml'.
[06:11:20][E][pdx_localize.cpp:279]: Duplicate localization key. Key 'artifact_vs_spear_1_name' is defined in both 'localization/russian/targ_artifacts_l_russian.yml' and 'localization/russian/artifacts/targ_artifacts_l_russian.yml'.
[06:11:20][E][pdx_localize.cpp:279]: Duplicate localization key. Key 'artifact_vs_spear_1_description' is defined in both 'localization/russian/targ_artifacts_l_russian.yml' and 'localization/russian/artifacts/targ_artifacts_l_russian.yml'.
[06:11:20][E][pdx_localize.cpp:279]: Duplicate localization key. Key 'artifact_vs_dagger_1_name' is defined in both 'localization/russian/targ_artifacts_l_russian.yml' and 'localization/russian/artifacts/targ_artifacts_l_russian.yml'.
[06:11:20][E][pdx_localize.cpp:279]: Duplicate localization key. Key 'artifact_vs_dagger_1_description' is defined in both 'localization/russian/targ_artifacts_l_russian.yml' and 'localization/russian/artifacts/targ_artifacts_l_russian.yml'.
[06:11:20][E][pdx_localize.cpp:279]: Duplicate localization key. Key 'artifact_vs_halberd_name' is defined in both 'localization/russian/targ_artifacts_l_russian.yml' and 'localization/russian/artifacts/targ_artifacts_l_russian.yml'.
[06:11:20][E][pdx_localize.cpp:279]: Duplicate localization key. Key 'artifact_vs_halberd_description' is defined in both 'localization/russian/targ_artifacts_l_russian.yml' and 'localization/russian/artifacts/targ_artifacts_l_russian.yml'.
[06:11:20][E][pdx_localize.cpp:279]: Duplicate localization key. Key 'artifact_dragon_horn_name' is defined in both 'localization/russian/targ_artifacts_l_russian.yml' and 'localization/russian/artifacts/targ_artifacts_l_russian.yml'.
[06:11:20][E][pdx_localize.cpp:279]: Duplicate localization key. Key 'dragon_horn_desc' is defined in both 'localization/russian/targ_artifacts_l_russian.yml' and 'localization/russian/artifacts/targ_artifacts_l_russian.yml'.
[06:11:20][E][pdx_localize.cpp:279]: Duplicate localization key. Key 'dragon_horn_end_desc' is defined in both 'localization/russian/targ_artifacts_l_russian.yml' and 'localization/russian/artifacts/targ_artifacts_l_russian.yml'.
[06:11:20][E][pdx_localize.cpp:279]: Duplicate localization key. Key 'dragon_horn_silver_desc' is defined in both 'localization/russian/targ_artifacts_l_russian.yml' and 'localization/russian/artifacts/targ_artifacts_l_russian.yml'.
[06:11:20][E][pdx_localize.cpp:279]: Duplicate localization key. Key 'dragon_horn_black_desc' is defined in both 'localization/russian/targ_artifacts_l_russian.yml' and 'localization/russian/artifacts/targ_artifacts_l_russian.yml'.
[06:11:20][E][pdx_localize.cpp:279]: Duplicate localization key. Key 'dragon_horn_red_desc' is defined in both 'localization/russian/targ_artifacts_l_russian.yml' and 'localization/russian/artifacts/targ_artifacts_l_russian.yml'.
[06:11:20][E][pdx_localize.cpp:279]: Duplicate localization key. Key 'dragon_horn_brown_desc' is defined in both 'localization/russian/targ_artifacts_l_russian.yml' and 'localization/russian/artifacts/targ_artifacts_l_russian.yml'.
[06:11:20][E][pdx_localize.cpp:279]: Duplicate localization key. Key 'dragon_horn_blackGold_desc' is defined in both 'localization/russian/targ_artifacts_l_russian.yml' and 'localization/russian/artifacts/targ_artifacts_l_russian.yml'.
[06:11:20][E][pdx_localize.cpp:279]: Duplicate localization key. Key 'dragon_horn_tan_desc' is defined in both 'localization/russian/targ_artifacts_l_russian.yml' and 'localization/russian/artifacts/targ_artifacts_l_russian.yml'.
[06:11:20][E][pdx_localize.cpp:279]: Duplicate localization key. Key 'artifact_dragon_whip' is defined in both 'localization/russian/targ_artifacts_l_russian.yml' and 'localization/russian/artifacts/targ_artifacts_l_russian.yml'.
[06:11:20][E][pdx_localize.cpp:279]: Duplicate localization key. Key 'artifact_dragon_whip_desc' is defined in both 'localization/russian/targ_artifacts_l_russian.yml' and 'localization/russian/artifacts/targ_artifacts_l_russian.yml'.
[06:11:20][E][pdx_localize.cpp:279]: Duplicate localization key. Key 'artifact_valyrian_book' is defined in both 'localization/russian/targ_artifacts_l_russian.yml' and 'localization/russian/artifacts/targ_artifacts_l_russian.yml'.
[06:11:20][E][pdx_localize.cpp:279]: Duplicate localization key. Key 'valyrian_book_desc' is defined in both 'localization/russian/targ_artifacts_l_russian.yml' and 'localization/russian/artifacts/targ_artifacts_l_russian.yml'.
[06:11:20][E][pdx_localize.cpp:279]: Duplicate localization key. Key 'artifact_vs_goblet_name' is defined in both 'localization/russian/targ_artifacts_l_russian.yml' and 'localization/russian/artifacts/targ_artifacts_l_russian.yml'.
[06:11:20][E][pdx_localize.cpp:279]: Duplicate localization key. Key 'artifact_vs_goblet' is defined in both 'localization/russian/targ_artifacts_l_russian.yml' and 'localization/russian/artifacts/targ_artifacts_l_russian.yml'.
[06:11:20][E][pdx_localize.cpp:279]: Duplicate localization key. Key 'artifact_vs_goblet_description' is defined in both 'localization/russian/targ_artifacts_l_russian.yml' and 'localization/russian/artifacts/targ_artifacts_l_russian.yml'.
[06:11:20][E][pdx_localize.cpp:279]: Duplicate localization key. Key 'DIAnd1' is defined in both 'localization/russian/custom_localization/DI_RUS_custom_loc_l_russian.yml' and 'localization/russian/custom_localization/DI_custom_loc_l_russian.yml'.
[06:11:20][E][pdx_localize.cpp:279]: Duplicate localization key. Key 'DIAnd2' is defined in both 'localization/russian/custom_localization/DI_RUS_custom_loc_l_russian.yml' and 'localization/russian/custom_localization/DI_custom_loc_l_russian.yml'.
[06:11:20][E][pdx_localize.cpp:279]: Duplicate localization key. Key 'DIOf1' is defined in both 'localization/russian/custom_localization/DI_RUS_custom_loc_l_russian.yml' and 'localization/russian/custom_localization/DI_custom_loc_l_russian.yml'.
[06:11:20][E][pdx_localize.cpp:279]: Duplicate localization key. Key 'DIOf2' is defined in both 'localization/russian/custom_localization/DI_RUS_custom_loc_l_russian.yml' and 'localization/russian/custom_localization/DI_custom_loc_l_russian.yml'.
[06:11:20][E][pdx_localize.cpp:279]: Duplicate localization key. Key 'DI_primary_character_0' is defined in both 'localization/russian/custom_localization/DI_RUS_custom_loc_l_russian.yml' and 'localization/russian/custom_localization/DI_custom_loc_l_russian.yml'.
[06:11:20][E][pdx_localize.cpp:279]: Duplicate localization key. Key 'DI_primary_character_1' is defined in both 'localization/russian/custom_localization/DI_RUS_custom_loc_l_russian.yml' and 'localization/russian/custom_localization/DI_custom_loc_l_russian.yml'.
[06:11:20][E][pdx_localize.cpp:279]: Duplicate localization key. Key 'DI_primary_character_2' is defined in both 'localization/russian/custom_localization/DI_RUS_custom_loc_l_russian.yml' and 'localization/russian/custom_localization/DI_custom_loc_l_russian.yml'.
[06:11:20][E][pdx_localize.cpp:279]: Duplicate localization key. Key 'DI_secondary_character_0' is defined in both 'localization/russian/custom_localization/DI_RUS_custom_loc_l_russian.yml' and 'localization/russian/custom_localization/DI_custom_loc_l_russian.yml'.
[06:11:20][E][pdx_localize.cpp:279]: Duplicate localization key. Key 'DI_secondary_character_1' is defined in both 'localization/russian/custom_localization/DI_RUS_custom_loc_l_russian.yml' and 'localization/russian/custom_localization/DI_custom_loc_l_russian.yml'.
[06:11:20][E][pdx_localize.cpp:279]: Duplicate localization key. Key 'DI_tertiary_character_0' is defined in both 'localization/russian/custom_localization/DI_RUS_custom_loc_l_russian.yml' and 'localization/russian/custom_localization/DI_custom_loc_l_russian.yml'.
[06:11:20][E][pdx_localize.cpp:279]: Duplicate localization key. Key 'DI_tertiary_character_1' is defined in both 'localization/russian/custom_localization/DI_RUS_custom_loc_l_russian.yml' and 'localization/russian/custom_localization/DI_custom_loc_l_russian.yml'.
[06:11:20][E][pdx_localize.cpp:279]: Duplicate localization key. Key 'DI_tertiary_character_2' is defined in both 'localization/russian/custom_localization/DI_RUS_custom_loc_l_russian.yml' and 'localization/russian/custom_localization/DI_custom_loc_l_russian.yml'.
[06:11:20][E][pdx_localize.cpp:279]: Duplicate localization key. Key 'DIAdopt' is defined in both 'localization/russian/custom_localization/DI_RUS_custom_loc_l_russian.yml' and 'localization/russian/custom_localization/DI_custom_loc_l_russian.yml'.
[06:11:20][E][pdx_localize.cpp:279]: Duplicate localization key. Key 'DIAdopts' is defined in both 'localization/russian/custom_localization/DI_RUS_custom_loc_l_russian.yml' and 'localization/russian/custom_localization/DI_custom_loc_l_russian.yml'.
[06:11:20][E][pdx_localize.cpp:279]: Duplicate localization key. Key 'DI_father_check_1' is defined in both 'localization/russian/custom_localization/DI_RUS_custom_loc_l_russian.yml' and 'localization/russian/custom_localization/DI_custom_loc_l_russian.yml'.
[06:11:20][E][pdx_localize.cpp:279]: Duplicate localization key. Key 'DI_father_check_2' is defined in both 'localization/russian/custom_localization/DI_RUS_custom_loc_l_russian.yml' and 'localization/russian/custom_localization/DI_custom_loc_l_russian.yml'.
[06:11:20][E][pdx_localize.cpp:279]: Duplicate localization key. Key 'DI_betrothed_check_1' is defined in both 'localization/russian/custom_localization/DI_RUS_custom_loc_l_russian.yml' and 'localization/russian/custom_localization/DI_custom_loc_l_russian.yml'.
[06:11:20][E][pdx_localize.cpp:279]: Duplicate localization key. Key 'DI_betrothed_check_2' is defined in both 'localization/russian/custom_localization/DI_RUS_custom_loc_l_russian.yml' and 'localization/russian/custom_localization/DI_custom_loc_l_russian.yml'.
[06:11:20][E][pdx_localize.cpp:279]: Duplicate localization key. Key 'DI_choose_primary_character' is defined in both 'localization/russian/custom_localization/DI_RUS_custom_loc_l_russian.yml' and 'localization/russian/custom_localization/DI_custom_loc_l_russian.yml'.
[06:11:20][E][pdx_localize.cpp:279]: Duplicate localization key. Key 'DI_choose_secondary_character' is defined in both 'localization/russian/custom_localization/DI_RUS_custom_loc_l_russian.yml' and 'localization/russian/custom_localization/DI_custom_loc_l_russian.yml'.
[06:11:20][E][pdx_localize.cpp:279]: Duplicate localization key. Key 'DI_choose_tertiary_character' is defined in both 'localization/russian/custom_localization/DI_RUS_custom_loc_l_russian.yml' and 'localization/russian/custom_localization/DI_custom_loc_l_russian.yml'.
[06:11:20][E][pdx_localize.cpp:279]: Duplicate localization key. Key 'DI_choose_primary_and_secondary_characters' is defined in both 'localization/russian/custom_localization/DI_RUS_custom_loc_l_russian.yml' and 'localization/russian/custom_localization/DI_custom_loc_l_russian.yml'.
[06:11:20][E][pdx_localize.cpp:279]: Duplicate localization key. Key 'DI_choose_primary_and_tertiary_characters' is defined in both 'localization/russian/custom_localization/DI_RUS_custom_loc_l_russian.yml' and 'localization/russian/custom_localization/DI_custom_loc_l_russian.yml'.
[06:11:20][E][pdx_localize.cpp:279]: Duplicate localization key. Key 'DI_adoption_triggered_desc_1' is defined in both 'localization/russian/custom_localization/DI_RUS_custom_loc_l_russian.yml' and 'localization/russian/custom_localization/DI_custom_loc_l_russian.yml'.
[06:11:20][E][pdx_localize.cpp:279]: Duplicate localization key. Key 'DI_adoption_triggered_desc_2' is defined in both 'localization/russian/custom_localization/DI_RUS_custom_loc_l_russian.yml' and 'localization/russian/custom_localization/DI_custom_loc_l_russian.yml'.
[06:11:20][E][pdx_localize.cpp:279]: Duplicate localization key. Key 'DI_adoption_triggered_desc_3' is defined in both 'localization/russian/custom_localization/DI_RUS_custom_loc_l_russian.yml' and 'localization/russian/custom_localization/DI_custom_loc_l_russian.yml'.
[06:11:20][E][pdx_localize.cpp:279]: Duplicate localization key. Key 'DI_adoption_triggered_desc_4' is defined in both 'localization/russian/custom_localization/DI_RUS_custom_loc_l_russian.yml' and 'localization/russian/custom_localization/DI_custom_loc_l_russian.yml'.
[06:11:20][E][pdx_localize.cpp:279]: Duplicate localization key. Key 'DI_adoption_triggered_desc_5' is defined in both 'localization/russian/custom_localization/DI_RUS_custom_loc_l_russian.yml' and 'localization/russian/custom_localization/DI_custom_loc_l_russian.yml'.
[06:11:20][E][pdx_localize.cpp:279]: Duplicate localization key. Key 'DI_adoption_house_triggered_desc_1' is defined in both 'localization/russian/custom_localization/DI_RUS_custom_loc_l_russian.yml' and 'localization/russian/custom_localization/DI_custom_loc_l_russian.yml'.
[06:11:20][E][pdx_localize.cpp:279]: Duplicate localization key. Key 'DI_cadet_branch_triggered_desc_1' is defined in both 'localization/russian/custom_localization/DI_RUS_custom_loc_l_russian.yml' and 'localization/russian/custom_localization/DI_custom_loc_l_russian.yml'.
[06:11:20][E][pdx_localize.cpp:279]: Duplicate localization key. Key 'DI_cadet_branch_triggered_desc_2' is defined in both 'localization/russian/custom_localization/DI_RUS_custom_loc_l_russian.yml' and 'localization/russian/custom_localization/DI_custom_loc_l_russian.yml'.
[06:11:20][E][pdx_localize.cpp:279]: Duplicate localization key. Key 'DI_cadet_branch_triggered_desc_3' is defined in both 'localization/russian/custom_localization/DI_RUS_custom_loc_l_russian.yml' and 'localization/russian/custom_localization/DI_custom_loc_l_russian.yml'.
[06:11:20][E][pdx_localize.cpp:279]: Duplicate localization key. Key 'DI_pregnancy_triggered_desc_1' is defined in both 'localization/russian/custom_localization/DI_RUS_custom_loc_l_russian.yml' and 'localization/russian/custom_localization/DI_custom_loc_l_russian.yml'.
[06:11:20][E][pdx_localize.cpp:279]: Duplicate localization key. Key 'DI_pregnancy_triggered_desc_2' is defined in both 'localization/russian/custom_localization/DI_RUS_custom_loc_l_russian.yml' and 'localization/russian/custom_localization/DI_custom_loc_l_russian.yml'.
[06:11:20][E][pdx_localize.cpp:279]: Duplicate localization key. Key 'DI_pregnancy_triggered_desc_3' is defined in both 'localization/russian/custom_localization/DI_RUS_custom_loc_l_russian.yml' and 'localization/russian/custom_localization/DI_custom_loc_l_russian.yml'.
[06:11:20][E][pdx_localize.cpp:279]: Duplicate localization key. Key 'DI_set_real_father_triggered_desc_1' is defined in both 'localization/russian/custom_localization/DI_RUS_custom_loc_l_russian.yml' and 'localization/russian/custom_localization/DI_custom_loc_l_russian.yml'.
[06:11:20][E][pdx_localize.cpp:279]: Duplicate localization key. Key 'DI_set_real_father_triggered_desc_2' is defined in both 'localization/russian/custom_localization/DI_RUS_custom_loc_l_russian.yml' and 'localization/russian/custom_localization/DI_custom_loc_l_russian.yml'.
[06:11:20][E][pdx_localize.cpp:279]: Duplicate localization key. Key 'DI_set_real_father_triggered_desc_3' is defined in both 'localization/russian/custom_localization/DI_RUS_custom_loc_l_russian.yml' and 'localization/russian/custom_localization/DI_custom_loc_l_russian.yml'.
[06:11:20][E][pdx_localize.cpp:279]: Duplicate localization key. Key 'DI_set_father_as_real_father_triggered_desc_1' is defined in both 'localization/russian/custom_localization/DI_RUS_custom_loc_l_russian.yml' and 'localization/russian/custom_localization/DI_custom_loc_l_russian.yml'.
[06:11:20][E][pdx_localize.cpp:279]: Duplicate localization key. Key 'DI_set_father_as_real_father_triggered_desc_2' is defined in both 'localization/russian/custom_localization/DI_RUS_custom_loc_l_russian.yml' and 'localization/russian/custom_localization/DI_custom_loc_l_russian.yml'.
[06:11:20][E][pdx_localize.cpp:279]: Duplicate localization key. Key 'DI_marry_triggered_desc_1' is defined in both 'localization/russian/custom_localization/DI_RUS_custom_loc_l_russian.yml' and 'localization/russian/custom_localization/DI_custom_loc_l_russian.yml'.
[06:11:20][E][pdx_localize.cpp:279]: Duplicate localization key. Key 'DI_marry_triggered_desc_2' is defined in both 'localization/russian/custom_localization/DI_RUS_custom_loc_l_russian.yml' and 'localization/russian/custom_localization/DI_custom_loc_l_russian.yml'.
[06:11:20][E][pdx_localize.cpp:279]: Duplicate localization key. Key 'DI_marry_triggered_desc_3' is defined in both 'localization/russian/custom_localization/DI_RUS_custom_loc_l_russian.yml' and 'localization/russian/custom_localization/DI_custom_loc_l_russian.yml'.
[06:11:20][E][pdx_localize.cpp:279]: Duplicate localization key. Key 'DI_add_concubine_triggered_desc_1' is defined in both 'localization/russian/custom_localization/DI_RUS_custom_loc_l_russian.yml' and 'localization/russian/custom_localization/DI_custom_loc_l_russian.yml'.
[06:11:20][E][pdx_localize.cpp:279]: Duplicate localization key. Key 'DI_add_concubine_triggered_desc_2' is defined in both 'localization/russian/custom_localization/DI_RUS_custom_loc_l_russian.yml' and 'localization/russian/custom_localization/DI_custom_loc_l_russian.yml'.
[06:11:20][E][pdx_localize.cpp:279]: Duplicate localization key. Key 'DI_add_concubine_triggered_desc_3' is defined in both 'localization/russian/custom_localization/DI_RUS_custom_loc_l_russian.yml' and 'localization/russian/custom_localization/DI_custom_loc_l_russian.yml'.
[06:11:20][E][pdx_localize.cpp:279]: Duplicate localization key. Key 'DI_add_concubine_triggered_desc_4' is defined in both 'localization/russian/custom_localization/DI_RUS_custom_loc_l_russian.yml' and 'localization/russian/custom_localization/DI_custom_loc_l_russian.yml'.
[06:11:20][E][pdx_localize.cpp:279]: Duplicate localization key. Key 'DI_add_concubine_triggered_desc_5' is defined in both 'localization/russian/custom_localization/DI_RUS_custom_loc_l_russian.yml' and 'localization/russian/custom_localization/DI_custom_loc_l_russian.yml'.
[06:11:20][E][pdx_localize.cpp:279]: Duplicate localization key. Key 'DI_remove_concubine_triggered_desc_1' is defined in both 'localization/russian/custom_localization/DI_RUS_custom_loc_l_russian.yml' and 'localization/russian/custom_localization/DI_custom_loc_l_russian.yml'.
[06:11:20][E][pdx_localize.cpp:279]: Duplicate localization key. Key 'DI_betrothal_triggered_desc_1' is defined in both 'localization/russian/custom_localization/DI_RUS_custom_loc_l_russian.yml' and 'localization/russian/custom_localization/DI_custom_loc_l_russian.yml'.
[06:11:20][E][pdx_localize.cpp:279]: Duplicate localization key. Key 'DI_betrothal_triggered_desc_2' is defined in both 'localization/russian/custom_localization/DI_RUS_custom_loc_l_russian.yml' and 'localization/russian/custom_localization/DI_custom_loc_l_russian.yml'.
[06:11:20][E][pdx_localize.cpp:279]: Duplicate localization key. Key 'DI_break_betrothal_triggered_desc_1' is defined in both 'localization/russian/custom_localization/DI_RUS_custom_loc_l_russian.yml' and 'localization/russian/custom_localization/DI_custom_loc_l_russian.yml'.
[06:11:20][E][pdx_localize.cpp:279]: Duplicate localization key. Key 'DI_divorce_triggered_desc_1' is defined in both 'localization/russian/custom_localization/DI_RUS_custom_loc_l_russian.yml' and 'localization/russian/custom_localization/DI_custom_loc_l_russian.yml'.
[06:11:20][E][pdx_localize.cpp:279]: Duplicate localization key. Key 'DI_make_siblings_triggered_desc_1' is defined in both 'localization/russian/custom_localization/DI_RUS_custom_loc_l_russian.yml' and 'localization/russian/custom_localization/DI_custom_loc_l_russian.yml'.
[06:11:20][E][pdx_localize.cpp:279]: Duplicate localization key. Key 'DI_make_siblings_triggered_desc_2' is defined in both 'localization/russian/custom_localization/DI_RUS_custom_loc_l_russian.yml' and 'localization/russian/custom_localization/DI_custom_loc_l_russian.yml'.
[06:11:20][E][pdx_localize.cpp:279]: Duplicate localization key. Key 'DI_make_siblings_triggered_desc_3' is defined in both 'localization/russian/custom_localization/DI_RUS_custom_loc_l_russian.yml' and 'localization/russian/custom_localization/DI_custom_loc_l_russian.yml'.
[06:11:21][E][pdx_localize.cpp:279]: Duplicate localization key. Key 'DI_button_tt' is defined in both 'localization/russian/gui/DI_RUS_l_russian.yml' and 'localization/russian/gui/DI_l_russian.yml'.
[06:11:21][E][pdx_localize.cpp:279]: Duplicate localization key. Key 'DI_VIEW_TITLE' is defined in both 'localization/russian/gui/DI_RUS_l_russian.yml' and 'localization/russian/gui/DI_l_russian.yml'.
[06:11:21][E][pdx_localize.cpp:279]: Duplicate localization key. Key 'DI_loading' is defined in both 'localization/russian/gui/DI_RUS_l_russian.yml' and 'localization/russian/gui/DI_l_russian.yml'.
[06:11:21][E][pdx_localize.cpp:279]: Duplicate localization key. Key 'DI_char_editor_tt' is defined in both 'localization/russian/gui/DI_RUS_l_russian.yml' and 'localization/russian/gui/DI_l_russian.yml'.
[06:11:21][E][pdx_localize.cpp:279]: Duplicate localization key. Key 'DI_pinned_characters_tt' is defined in both 'localization/russian/gui/DI_RUS_l_russian.yml' and 'localization/russian/gui/DI_l_russian.yml'.
[06:11:21][E][pdx_localize.cpp:279]: Duplicate localization key. Key 'DI_char_spawner_tt' is defined in both 'localization/russian/gui/DI_RUS_l_russian.yml' and 'localization/russian/gui/DI_l_russian.yml'.
[06:11:21][E][pdx_localize.cpp:279]: Duplicate localization key. Key 'DI_army_spawner_tt' is defined in both 'localization/russian/gui/DI_RUS_l_russian.yml' and 'localization/russian/gui/DI_l_russian.yml'.
[06:11:21][E][pdx_localize.cpp:279]: Duplicate localization key. Key 'DI_diplomacy_tt' is defined in both 'localization/russian/gui/DI_RUS_l_russian.yml' and 'localization/russian/gui/DI_l_russian.yml'.
[06:11:21][E][pdx_localize.cpp:279]: Duplicate localization key. Key 'DI_artifact_creator_tt' is defined in both 'localization/russian/gui/DI_RUS_l_russian.yml' and 'localization/russian/gui/DI_l_russian.yml'.
[06:11:21][E][pdx_localize.cpp:279]: Duplicate localization key. Key 'DI_cultural_editor_window' is defined in both 'localization/russian/gui/DI_RUS_l_russian.yml' and 'localization/russian/gui/DI_l_russian.yml'.
[06:11:21][E][pdx_localize.cpp:279]: Duplicate localization key. Key 'DI_cultural_editor_window_tt' is defined in both 'localization/russian/gui/DI_RUS_l_russian.yml' and 'localization/russian/gui/DI_l_russian.yml'.
[06:11:21][E][pdx_localize.cpp:279]: Duplicate localization key. Key 'DI_faith_editor_window' is defined in both 'localization/russian/gui/DI_RUS_l_russian.yml' and 'localization/russian/gui/DI_l_russian.yml'.
[06:11:21][E][pdx_localize.cpp:279]: Duplicate localization key. Key 'DI_faith_editor_window_tt' is defined in both 'localization/russian/gui/DI_RUS_l_russian.yml' and 'localization/russian/gui/DI_l_russian.yml'.
[06:11:21][E][pdx_localize.cpp:279]: Duplicate localization key. Key 'DI_debug_mode' is defined in both 'localization/russian/gui/DI_RUS_l_russian.yml' and 'localization/russian/gui/DI_l_russian.yml'.
[06:11:21][E][pdx_localize.cpp:279]: Duplicate localization key. Key 'DI_debug_mode_tt' is defined in both 'localization/russian/gui/DI_RUS_l_russian.yml' and 'localization/russian/gui/DI_l_russian.yml'.
[06:11:21][E][pdx_localize.cpp:279]: Duplicate localization key. Key 'DI_clear_pins' is defined in both 'localization/russian/gui/DI_RUS_l_russian.yml' and 'localization/russian/gui/DI_l_russian.yml'.
[06:11:21][E][pdx_localize.cpp:279]: Duplicate localization key. Key 'DI_clear_pins_tt' is defined in both 'localization/russian/gui/DI_RUS_l_russian.yml' and 'localization/russian/gui/DI_l_russian.yml'.
[06:11:21][E][pdx_localize.cpp:279]: Duplicate localization key. Key 'DI_test_button' is defined in both 'localization/russian/gui/DI_RUS_l_russian.yml' and 'localization/russian/gui/DI_l_russian.yml'.
[06:11:21][E][pdx_localize.cpp:279]: Duplicate localization key. Key 'DI_test_button_tt' is defined in both 'localization/russian/gui/DI_RUS_l_russian.yml' and 'localization/russian/gui/DI_l_russian.yml'.
[06:11:21][E][pdx_localize.cpp:279]: Duplicate localization key. Key 'DI_char_editor' is defined in both 'localization/russian/gui/DI_RUS_l_russian.yml' and 'localization/russian/gui/DI_l_russian.yml'.
[06:11:21][E][pdx_localize.cpp:279]: Duplicate localization key. Key 'DI_tab_presents' is defined in both 'localization/russian/gui/DI_RUS_l_russian.yml' and 'localization/russian/gui/DI_l_russian.yml'.
[06:11:21][E][pdx_localize.cpp:279]: Duplicate localization key. Key 'DI_tab_skills' is defined in both 'localization/russian/gui/DI_RUS_l_russian.yml' and 'localization/russian/gui/DI_l_russian.yml'.
[06:11:21][E][pdx_localize.cpp:279]: Duplicate localization key. Key 'DI_tab_perk_points' is defined in both 'localization/russian/gui/DI_RUS_l_russian.yml' and 'localization/russian/gui/DI_l_russian.yml'.
[06:11:21][E][pdx_localize.cpp:279]: Duplicate localization key. Key 'DI_tab_modifiers' is defined in both 'localization/russian/gui/DI_RUS_l_russian.yml' and 'localization/russian/gui/DI_l_russian.yml'.
[06:11:21][E][pdx_localize.cpp:279]: Duplicate localization key. Key 'DI_tab_traits' is defined in both 'localization/russian/gui/DI_RUS_l_russian.yml' and 'localization/russian/gui/DI_l_russian.yml'.
[06:11:21][E][pdx_localize.cpp:279]: Duplicate localization key. Key 'DI_tab_sexuality' is defined in both 'localization/russian/gui/DI_RUS_l_russian.yml' and 'localization/russian/gui/DI_l_russian.yml'.
[06:11:21][E][pdx_localize.cpp:279]: Duplicate localization key. Key 'DI_tab_culture' is defined in both 'localization/russian/gui/DI_RUS_l_russian.yml' and 'localization/russian/gui/DI_l_russian.yml'.
[06:11:21][E][pdx_localize.cpp:279]: Duplicate localization key. Key 'DI_tab_religion' is defined in both 'localization/russian/gui/DI_RUS_l_russian.yml' and 'localization/russian/gui/DI_l_russian.yml'.
[06:11:21][E][pdx_localize.cpp:279]: Duplicate localization key. Key 'DI_present_char_editor' is defined in both 'localization/russian/gui/DI_RUS_l_russian.yml' and 'localization/russian/gui/DI_l_russian.yml'.
[06:11:21][E][pdx_localize.cpp:279]: Duplicate localization key. Key 'DI_present_char_editor_TT' is defined in both 'localization/russian/gui/DI_RUS_l_russian.yml' and 'localization/russian/gui/DI_l_russian.yml'.
[06:11:21][E][pdx_localize.cpp:279]: Duplicate localization key. Key 'DI_skill_char_editor' is defined in both 'localization/russian/gui/DI_RUS_l_russian.yml' and 'localization/russian/gui/DI_l_russian.yml'.
[06:11:21][E][pdx_localize.cpp:279]: Duplicate localization key. Key 'DI_skill_char_editor_TT' is defined in both 'localization/russian/gui/DI_RUS_l_russian.yml' and 'localization/russian/gui/DI_l_russian.yml'.
[06:11:21][E][pdx_localize.cpp:279]: Duplicate localization key. Key 'DI_perk_point_char_editor' is defined in both 'localization/russian/gui/DI_RUS_l_russian.yml' and 'localization/russian/gui/DI_l_russian.yml'.
[06:11:21][E][pdx_localize.cpp:279]: Duplicate localization key. Key 'DI_modifiers_char_editor' is defined in both 'localization/russian/gui/DI_RUS_l_russian.yml' and 'localization/russian/gui/DI_l_russian.yml'.
[06:11:21][E][pdx_localize.cpp:279]: Duplicate localization key. Key 'DI_modifiers_char_editor_TT' is defined in both 'localization/russian/gui/DI_RUS_l_russian.yml' and 'localization/russian/gui/DI_l_russian.yml'.
[06:11:21][E][pdx_localize.cpp:279]: Duplicate localization key. Key 'DI_traits_char_editor' is defined in both 'localization/russian/gui/DI_RUS_l_russian.yml' and 'localization/russian/gui/DI_l_russian.yml'.
[06:11:21][E][pdx_localize.cpp:279]: Duplicate localization key. Key 'DI_traits_char_editor_TT' is defined in both 'localization/russian/gui/DI_RUS_l_russian.yml' and 'localization/russian/gui/DI_l_russian.yml'.
[06:11:21][E][pdx_localize.cpp:279]: Duplicate localization key. Key 'DI_clear_all_traits' is defined in both 'localization/russian/gui/DI_RUS_l_russian.yml' and 'localization/russian/gui/DI_l_russian.yml'.
[06:11:21][E][pdx_localize.cpp:279]: Duplicate localization key. Key 'DI_sexuality_char_editor' is defined in both 'localization/russian/gui/DI_RUS_l_russian.yml' and 'localization/russian/gui/DI_l_russian.yml'.
[06:11:21][E][pdx_localize.cpp:279]: Duplicate localization key. Key 'DI_sexuality_char_editor_TT' is defined in both 'localization/russian/gui/DI_RUS_l_russian.yml' and 'localization/russian/gui/DI_l_russian.yml'.
[06:11:21][E][pdx_localize.cpp:279]: Duplicate localization key. Key 'DI_culture_group_char_editor' is defined in both 'localization/russian/gui/DI_RUS_l_russian.yml' and 'localization/russian/gui/DI_l_russian.yml'.
[06:11:21][E][pdx_localize.cpp:279]: Duplicate localization key. Key 'DI_culture_group_char_editor_TT' is defined in both 'localization/russian/gui/DI_RUS_l_russian.yml' and 'localization/russian/gui/DI_l_russian.yml'.
[06:11:21][E][pdx_localize.cpp:279]: Duplicate localization key. Key 'DI_religion_group_char_editor' is defined in both 'localization/russian/gui/DI_RUS_l_russian.yml' and 'localization/russian/gui/DI_l_russian.yml'.
[06:11:21][E][pdx_localize.cpp:279]: Duplicate localization key. Key 'DI_religion_group_char_editor_TT' is defined in both 'localization/russian/gui/DI_RUS_l_russian.yml' and 'localization/russian/gui/DI_l_russian.yml'.
[06:11:21][E][pdx_localize.cpp:279]: Duplicate localization key. Key 'DI_char_editor_present' is defined in both 'localization/russian/gui/DI_RUS_l_russian.yml' and 'localization/russian/gui/DI_l_russian.yml'.
[06:11:21][E][pdx_localize.cpp:279]: Duplicate localization key. Key 'DI_tab_lifestyle' is defined in both 'localization/russian/gui/DI_RUS_l_russian.yml' and 'localization/russian/gui/DI_l_russian.yml'.
[06:11:21][E][pdx_localize.cpp:279]: Duplicate localization key. Key 'DI_tab_health' is defined in both 'localization/russian/gui/DI_RUS_l_russian.yml' and 'localization/russian/gui/DI_l_russian.yml'.
[06:11:21][E][pdx_localize.cpp:279]: Duplicate localization key. Key 'DI_tab_innovations' is defined in both 'localization/russian/gui/DI_RUS_l_russian.yml' and 'localization/russian/gui/DI_l_russian.yml'.
[06:11:21][E][pdx_localize.cpp:279]: Duplicate localization key. Key 'DI_tab_laws' is defined in both 'localization/russian/gui/DI_RUS_l_russian.yml' and 'localization/russian/gui/DI_l_russian.yml'.
[06:11:21][E][pdx_localize.cpp:279]: Duplicate localization key. Key 'DI_generic_window_choose' is defined in both 'localization/russian/gui/DI_RUS_l_russian.yml' and 'localization/russian/gui/DI_l_russian.yml'.
[06:11:21][E][pdx_localize.cpp:279]: Duplicate localization key. Key 'DI_choose_present' is defined in both 'localization/russian/gui/DI_RUS_l_russian.yml' and 'localization/russian/gui/DI_l_russian.yml'.
[06:11:21][E][pdx_localize.cpp:279]: Duplicate localization key. Key 'DI_present_lifestyle' is defined in both 'localization/russian/gui/DI_RUS_l_russian.yml' and 'localization/russian/gui/DI_l_russian.yml'.
[06:11:21][E][pdx_localize.cpp:279]: Duplicate localization key. Key 'DI_present_lifestyle_TT' is defined in both 'localization/russian/gui/DI_RUS_l_russian.yml' and 'localization/russian/gui/DI_l_russian.yml'.
[06:11:21][E][pdx_localize.cpp:279]: Duplicate localization key. Key 'DI_present_health' is defined in both 'localization/russian/gui/DI_RUS_l_russian.yml' and 'localization/russian/gui/DI_l_russian.yml'.
[06:11:21][E][pdx_localize.cpp:279]: Duplicate localization key. Key 'DI_present_health_TT' is defined in both 'localization/russian/gui/DI_RUS_l_russian.yml' and 'localization/russian/gui/DI_l_russian.yml'.
[06:11:21][E][pdx_localize.cpp:279]: Duplicate localization key. Key 'DI_present_traits' is defined in both 'localization/russian/gui/DI_RUS_l_russian.yml' and 'localization/russian/gui/DI_l_russian.yml'.
[06:11:21][E][pdx_localize.cpp:279]: Duplicate localization key. Key 'DI_present_traits_TT' is defined in both 'localization/russian/gui/DI_RUS_l_russian.yml' and 'localization/russian/gui/DI_l_russian.yml'.
[06:11:21][E][pdx_localize.cpp:279]: Duplicate localization key. Key 'DI_present_laws' is defined in both 'localization/russian/gui/DI_RUS_l_russian.yml' and 'localization/russian/gui/DI_l_russian.yml'.
[06:11:21][E][pdx_localize.cpp:279]: Duplicate localization key. Key 'DI_present_laws_TT' is defined in both 'localization/russian/gui/DI_RUS_l_russian.yml' and 'localization/russian/gui/DI_l_russian.yml'.
[06:11:21][E][pdx_localize.cpp:279]: Duplicate localization key. Key 'DI_ce_eliminate_health_issues_button' is defined in both 'localization/russian/gui/DI_RUS_l_russian.yml' and 'localization/russian/gui/DI_l_russian.yml'.
[06:11:21][E][pdx_localize.cpp:279]: Duplicate localization key. Key 'DI_ce_eliminate_health_issues_button_tt' is defined in both 'localization/russian/gui/DI_RUS_l_russian.yml' and 'localization/russian/gui/DI_l_russian.yml'.
[06:11:21][E][pdx_localize.cpp:279]: Duplicate localization key. Key 'DI_ce_good_genes_button' is defined in both 'localization/russian/gui/DI_RUS_l_russian.yml' and 'localization/russian/gui/DI_l_russian.yml'.
[06:11:21][E][pdx_localize.cpp:279]: Duplicate localization key. Key 'DI_ce_good_genes_button_tt' is defined in both 'localization/russian/gui/DI_RUS_l_russian.yml' and 'localization/russian/gui/DI_l_russian.yml'.
[06:11:21][E][pdx_localize.cpp:279]: Duplicate localization key. Key 'DI_ce_bad_genes_button' is defined in both 'localization/russian/gui/DI_RUS_l_russian.yml' and 'localization/russian/gui/DI_l_russian.yml'.
[06:11:21][E][pdx_localize.cpp:279]: Duplicate localization key. Key 'DI_ce_bad_genes_button_tt' is defined in both 'localization/russian/gui/DI_RUS_l_russian.yml' and 'localization/russian/gui/DI_l_russian.yml'.
[06:11:21][E][pdx_localize.cpp:279]: Duplicate localization key. Key 'DI_ce_lock_stress_button' is defined in both 'localization/russian/gui/DI_RUS_l_russian.yml' and 'localization/russian/gui/DI_l_russian.yml'.
[06:11:21][E][pdx_localize.cpp:279]: Duplicate localization key. Key 'DI_ce_lock_stress_button_tt' is defined in both 'localization/russian/gui/DI_RUS_l_russian.yml' and 'localization/russian/gui/DI_l_russian.yml'.
[06:11:21][E][pdx_localize.cpp:279]: Duplicate localization key. Key 'DI_ce_lock_tyranny_button' is defined in both 'localization/russian/gui/DI_RUS_l_russian.yml' and 'localization/russian/gui/DI_l_russian.yml'.
[06:11:21][E][pdx_localize.cpp:279]: Duplicate localization key. Key 'DI_ce_lock_tyranny_button_tt' is defined in both 'localization/russian/gui/DI_RUS_l_russian.yml' and 'localization/russian/gui/DI_l_russian.yml'.
[06:11:21][E][pdx_localize.cpp:279]: Duplicate localization key. Key 'DI_ce_lock_dread_button' is defined in both 'localization/russian/gui/DI_RUS_l_russian.yml' and 'localization/russian/gui/DI_l_russian.yml'.
[06:11:21][E][pdx_localize.cpp:279]: Duplicate localization key. Key 'DI_ce_lock_dread_button_tt' is defined in both 'localization/russian/gui/DI_RUS_l_russian.yml' and 'localization/russian/gui/DI_l_russian.yml'.
[06:11:21][E][pdx_localize.cpp:279]: Duplicate localization key. Key 'DI_present_health_eliminate_issues' is defined in both 'localization/russian/gui/DI_RUS_l_russian.yml' and 'localization/russian/gui/DI_l_russian.yml'.
[06:11:21][E][pdx_localize.cpp:279]: Duplicate localization key. Key 'DI_present_health_eliminate_issues_TT' is defined in both 'localization/russian/gui/DI_RUS_l_russian.yml' and 'localization/russian/gui/DI_l_russian.yml'.
[06:11:21][E][pdx_localize.cpp:279]: Duplicate localization key. Key 'DI_present_health_good_genes' is defined in both 'localization/russian/gui/DI_RUS_l_russian.yml' and 'localization/russian/gui/DI_l_russian.yml'.
[06:11:21][E][pdx_localize.cpp:279]: Duplicate localization key. Key 'DI_present_health_good_genes_TT' is defined in both 'localization/russian/gui/DI_RUS_l_russian.yml' and 'localization/russian/gui/DI_l_russian.yml'.
[06:11:21][E][pdx_localize.cpp:279]: Duplicate localization key. Key 'DI_present_health_bad_genes' is defined in both 'localization/russian/gui/DI_RUS_l_russian.yml' and 'localization/russian/gui/DI_l_russian.yml'.
[06:11:21][E][pdx_localize.cpp:279]: Duplicate localization key. Key 'DI_present_health_bad_genes_TT' is defined in both 'localization/russian/gui/DI_RUS_l_russian.yml' and 'localization/russian/gui/DI_l_russian.yml'.
[06:11:21][E][pdx_localize.cpp:279]: Duplicate localization key. Key 'DI_present_health_no_stress_change' is defined in both 'localization/russian/gui/DI_RUS_l_russian.yml' and 'localization/russian/gui/DI_l_russian.yml'.
[06:11:21][E][pdx_localize.cpp:279]: Duplicate localization key. Key 'DI_present_health_no_stress_change_TT' is defined in both 'localization/russian/gui/DI_RUS_l_russian.yml' and 'localization/russian/gui/DI_l_russian.yml'.
[06:11:21][E][pdx_localize.cpp:279]: Duplicate localization key. Key 'DI_present_health_no_tyranny_change' is defined in both 'localization/russian/gui/DI_RUS_l_russian.yml' and 'localization/russian/gui/DI_l_russian.yml'.
[06:11:21][E][pdx_localize.cpp:279]: Duplicate localization key. Key 'DI_present_health_no_tyranny_change_TT' is defined in both 'localization/russian/gui/DI_RUS_l_russian.yml' and 'localization/russian/gui/DI_l_russian.yml'.
[06:11:21][E][pdx_localize.cpp:279]: Duplicate localization key. Key 'DI_present_health_no_dread_change' is defined in both 'localization/russian/gui/DI_RUS_l_russian.yml' and 'localization/russian/gui/DI_l_russian.yml'.
[06:11:21][E][pdx_localize.cpp:279]: Duplicate localization key. Key 'DI_present_health_no_dread_change_TT' is defined in both 'localization/russian/gui/DI_RUS_l_russian.yml' and 'localization/russian/gui/DI_l_russian.yml'.
[06:11:21][E][pdx_localize.cpp:279]: Duplicate localization key. Key 'DI_ce_randomize_personality_button' is defined in both 'localization/russian/gui/DI_RUS_l_russian.yml' and 'localization/russian/gui/DI_l_russian.yml'.
[06:11:21][E][pdx_localize.cpp:279]: Duplicate localization key. Key 'DI_ce_randomize_personality_button_tt' is defined in both 'localization/russian/gui/DI_RUS_l_russian.yml' and 'localization/russian/gui/DI_l_russian.yml'.
[06:11:21][E][pdx_localize.cpp:279]: Duplicate localization key. Key 'DI_ce_special_traits_button' is defined in both 'localization/russian/gui/DI_RUS_l_russian.yml' and 'localization/russian/gui/DI_l_russian.yml'.
[06:11:21][E][pdx_localize.cpp:279]: Duplicate localization key. Key 'DI_ce_special_traits_button_tt' is defined in both 'localization/russian/gui/DI_RUS_l_russian.yml' and 'localization/russian/gui/DI_l_russian.yml'.
[06:11:21][E][pdx_localize.cpp:279]: Duplicate localization key. Key 'DI_ce_commander_traits_button' is defined in both 'localization/russian/gui/DI_RUS_l_russian.yml' and 'localization/russian/gui/DI_l_russian.yml'.
[06:11:21][E][pdx_localize.cpp:279]: Duplicate localization key. Key 'DI_ce_commander_traits_button_tt' is defined in both 'localization/russian/gui/DI_RUS_l_russian.yml' and 'localization/russian/gui/DI_l_russian.yml'.
[06:11:21][E][pdx_localize.cpp:279]: Duplicate localization key. Key 'DI_ce_education_traits_button' is defined in both 'localization/russian/gui/DI_RUS_l_russian.yml' and 'localization/russian/gui/DI_l_russian.yml'.
[06:11:21][E][pdx_localize.cpp:279]: Duplicate localization key. Key 'DI_ce_education_traits_button_tt' is defined in both 'localization/russian/gui/DI_RUS_l_russian.yml' and 'localization/russian/gui/DI_l_russian.yml'.
[06:11:21][E][pdx_localize.cpp:279]: Duplicate localization key. Key 'DI_ce_boost_education_button' is defined in both 'localization/russian/gui/DI_RUS_l_russian.yml' and 'localization/russian/gui/DI_l_russian.yml'.
[06:11:21][E][pdx_localize.cpp:279]: Duplicate localization key. Key 'DI_ce_boost_education_button_tt' is defined in both 'localization/russian/gui/DI_RUS_l_russian.yml' and 'localization/russian/gui/DI_l_russian.yml'.
[06:11:21][E][pdx_localize.cpp:279]: Duplicate localization key. Key 'DI_ce_aggressive_traits_button' is defined in both 'localization/russian/gui/DI_RUS_l_russian.yml' and 'localization/russian/gui/DI_l_russian.yml'.
[06:11:21][E][pdx_localize.cpp:279]: Duplicate localization key. Key 'DI_ce_aggressive_traits_button_tt' is defined in both 'localization/russian/gui/DI_RUS_l_russian.yml' and 'localization/russian/gui/DI_l_russian.yml'.
[06:11:21][E][pdx_localize.cpp:279]: Duplicate localization key. Key 'DI_ce_timid_traits_button' is defined in both 'localization/russian/gui/DI_RUS_l_russian.yml' and 'localization/russian/gui/DI_l_russian.yml'.
[06:11:21][E][pdx_localize.cpp:279]: Duplicate localization key. Key 'DI_ce_timid_traits_button_tt' is defined in both 'localization/russian/gui/DI_RUS_l_russian.yml' and 'localization/russian/gui/DI_l_russian.yml'.
[06:11:21][E][pdx_localize.cpp:279]: Duplicate localization key. Key 'DI_ce_correct_personality_button' is defined in both 'localization/russian/gui/DI_RUS_l_russian.yml' and 'localization/russian/gui/DI_l_russian.yml'.
[06:11:21][E][pdx_localize.cpp:279]: Duplicate localization key. Key 'DI_ce_correct_personality_button_tt' is defined in both 'localization/russian/gui/DI_RUS_l_russian.yml' and 'localization/russian/gui/DI_l_russian.yml'.
[06:11:21][E][pdx_localize.cpp:279]: Duplicate localization key. Key 'DI_ce_giant_traits_button' is defined in both 'localization/russian/gui/DI_RUS_l_russian.yml' and 'localization/russian/gui/DI_l_russian.yml'.
[06:11:21][E][pdx_localize.cpp:279]: Duplicate localization key. Key 'DI_ce_giant_traits_button_tt' is defined in both 'localization/russian/gui/DI_RUS_l_russian.yml' and 'localization/russian/gui/DI_l_russian.yml'.
[06:11:21][E][pdx_localize.cpp:279]: Duplicate localization key. Key 'DI_ce_dwarf_traits_button' is defined in both 'localization/russian/gui/DI_RUS_l_russian.yml' and 'localization/russian/gui/DI_l_russian.yml'.
[06:11:21][E][pdx_localize.cpp:279]: Duplicate localization key. Key 'DI_ce_dwarf_traits_button_tt' is defined in both 'localization/russian/gui/DI_RUS_l_russian.yml' and 'localization/russian/gui/DI_l_russian.yml'.
[06:11:21][E][pdx_localize.cpp:279]: Duplicate localization key. Key 'DI_ce_albino_traits_button' is defined in both 'localization/russian/gui/DI_RUS_l_russian.yml' and 'localization/russian/gui/DI_l_russian.yml'.
[06:11:21][E][pdx_localize.cpp:279]: Duplicate localization key. Key 'DI_ce_albino_traits_button_tt' is defined in both 'localization/russian/gui/DI_RUS_l_russian.yml' and 'localization/russian/gui/DI_l_russian.yml'.
[06:11:21][E][pdx_localize.cpp:279]: Duplicate localization key. Key 'DI_present_traits_randomize' is defined in both 'localization/russian/gui/DI_RUS_l_russian.yml' and 'localization/russian/gui/DI_l_russian.yml'.
[06:11:21][E][pdx_localize.cpp:279]: Duplicate localization key. Key 'DI_present_traits_randomize_TT' is defined in both 'localization/russian/gui/DI_RUS_l_russian.yml' and 'localization/russian/gui/DI_l_russian.yml'.
[06:11:21][E][pdx_localize.cpp:279]: Duplicate localization key. Key 'DI_present_traits_special' is defined in both 'localization/russian/gui/DI_RUS_l_russian.yml' and 'localization/russian/gui/DI_l_russian.yml'.
[06:11:21][E][pdx_localize.cpp:279]: Duplicate localization key. Key 'DI_present_traits_special_TT' is defined in both 'localization/russian/gui/DI_RUS_l_russian.yml' and 'localization/russian/gui/DI_l_russian.yml'.
[06:11:21][E][pdx_localize.cpp:279]: Duplicate localization key. Key 'DI_present_traits_commander' is defined in both 'localization/russian/gui/DI_RUS_l_russian.yml' and 'localization/russian/gui/DI_l_russian.yml'.
[06:11:21][E][pdx_localize.cpp:279]: Duplicate localization key. Key 'DI_present_traits_commander_TT' is defined in both 'localization/russian/gui/DI_RUS_l_russian.yml' and 'localization/russian/gui/DI_l_russian.yml'.
[06:11:21][E][pdx_localize.cpp:279]: Duplicate localization key. Key 'DI_present_traits_giant' is defined in both 'localization/russian/gui/DI_RUS_l_russian.yml' and 'localization/russian/gui/DI_l_russian.yml'.
[06:11:21][E][pdx_localize.cpp:279]: Duplicate localization key. Key 'DI_present_traits_giant_TT' is defined in both 'localization/russian/gui/DI_RUS_l_russian.yml' and 'localization/russian/gui/DI_l_russian.yml'.
[06:11:21][E][pdx_localize.cpp:279]: Duplicate localization key. Key 'DI_present_traits_midget' is defined in both 'localization/russian/gui/DI_RUS_l_russian.yml' and 'localization/russian/gui/DI_l_russian.yml'.
[06:11:21][E][pdx_localize.cpp:279]: Duplicate localization key. Key 'DI_present_traits_midget_TT' is defined in both 'localization/russian/gui/DI_RUS_l_russian.yml' and 'localization/russian/gui/DI_l_russian.yml'.
[06:11:21][E][pdx_localize.cpp:279]: Duplicate localization key. Key 'DI_present_traits_ghostly' is defined in both 'localization/russian/gui/DI_RUS_l_russian.yml' and 'localization/russian/gui/DI_l_russian.yml'.
[06:11:21][E][pdx_localize.cpp:279]: Duplicate localization key. Key 'DI_present_traits_ghostly_TT' is defined in both 'localization/russian/gui/DI_RUS_l_russian.yml' and 'localization/russian/gui/DI_l_russian.yml'.
[06:11:21][E][pdx_localize.cpp:279]: Duplicate localization key. Key 'DI_ce_gender_equality_button' is defined in both 'localization/russian/gui/DI_RUS_l_russian.yml' and 'localization/russian/gui/DI_l_russian.yml'.
[06:11:21][E][pdx_localize.cpp:279]: Duplicate localization key. Key 'DI_ce_gender_equality_button_tt' is defined in both 'localization/russian/gui/DI_RUS_l_russian.yml' and 'localization/russian/gui/DI_l_russian.yml'.
[06:11:21][E][pdx_localize.cpp:279]: Duplicate localization key. Key 'DI_ce_inverse_genders_button' is defined in both 'localization/russian/gui/DI_RUS_l_russian.yml' and 'localization/russian/gui/DI_l_russian.yml'.
[06:11:21][E][pdx_localize.cpp:279]: Duplicate localization key. Key 'DI_ce_inverse_genders_button_tt' is defined in both 'localization/russian/gui/DI_RUS_l_russian.yml' and 'localization/russian/gui/DI_l_russian.yml'.
[06:11:21][E][pdx_localize.cpp:279]: Duplicate localization key. Key 'DI_ce_female_dominated_button' is defined in both 'localization/russian/gui/DI_RUS_l_russian.yml' and 'localization/russian/gui/DI_l_russian.yml'.
[06:11:21][E][pdx_localize.cpp:279]: Duplicate localization key. Key 'DI_ce_female_dominated_button_tt' is defined in both 'localization/russian/gui/DI_RUS_l_russian.yml' and 'localization/russian/gui/DI_l_russian.yml'.
[06:11:21][E][pdx_localize.cpp:279]: Duplicate localization key. Key 'DI_ce_male_dominated_button' is defined in both 'localization/russian/gui/DI_RUS_l_russian.yml' and 'localization/russian/gui/DI_l_russian.yml'.
[06:11:21][E][pdx_localize.cpp:279]: Duplicate localization key. Key 'DI_ce_male_dominated_button_tt' is defined in both 'localization/russian/gui/DI_RUS_l_russian.yml' and 'localization/russian/gui/DI_l_russian.yml'.
[06:11:21][E][pdx_localize.cpp:279]: Duplicate localization key. Key 'DI_ce_temporal_hof_button' is defined in both 'localization/russian/gui/DI_RUS_l_russian.yml' and 'localization/russian/gui/DI_l_russian.yml'.
[06:11:21][E][pdx_localize.cpp:279]: Duplicate localization key. Key 'DI_ce_temporal_hof_button_tt' is defined in both 'localization/russian/gui/DI_RUS_l_russian.yml' and 'localization/russian/gui/DI_l_russian.yml'.
[06:11:21][E][pdx_localize.cpp:279]: Duplicate localization key. Key 'DI_present_laws_gender_equality' is defined in both 'localization/russian/gui/DI_RUS_l_russian.yml' and 'localization/russian/gui/DI_l_russian.yml'.
[06:11:21][E][pdx_localize.cpp:279]: Duplicate localization key. Key 'DI_present_laws_gender_equality_TT' is defined in both 'localization/russian/gui/DI_RUS_l_russian.yml' and 'localization/russian/gui/DI_l_russian.yml'.
[06:11:21][E][pdx_localize.cpp:279]: Duplicate localization key. Key 'DI_present_laws_gender_inverse' is defined in both 'localization/russian/gui/DI_RUS_l_russian.yml' and 'localization/russian/gui/DI_l_russian.yml'.
[06:11:21][E][pdx_localize.cpp:279]: Duplicate localization key. Key 'DI_present_laws_gender_inverse_TT' is defined in both 'localization/russian/gui/DI_RUS_l_russian.yml' and 'localization/russian/gui/DI_l_russian.yml'.
[06:11:21][E][pdx_localize.cpp:279]: Duplicate localization key. Key 'DI_present_laws_gender_female_dominated' is defined in both 'localization/russian/gui/DI_RUS_l_russian.yml' and 'localization/russian/gui/DI_l_russian.yml'.
[06:11:21][E][pdx_localize.cpp:279]: Duplicate localization key. Key 'DI_present_laws_gender_female_dominated_TT' is defined in both 'localization/russian/gui/DI_RUS_l_russian.yml' and 'localization/russian/gui/DI_l_russian.yml'.
[06:11:21][E][pdx_localize.cpp:279]: Duplicate localization key. Key 'DI_present_laws_gender_male_dominated' is defined in both 'localization/russian/gui/DI_RUS_l_russian.yml' and 'localization/russian/gui/DI_l_russian.yml'.
[06:11:21][E][pdx_localize.cpp:279]: Duplicate localization key. Key 'DI_present_laws_gender_male_dominated_TT' is defined in both 'localization/russian/gui/DI_RUS_l_russian.yml' and 'localization/russian/gui/DI_l_russian.yml'.
[06:11:21][E][pdx_localize.cpp:279]: Duplicate localization key. Key 'DI_ce_tab_titles' is defined in both 'localization/russian/gui/DI_RUS_l_russian.yml' and 'localization/russian/gui/DI_l_russian.yml'.
[06:11:21][E][pdx_localize.cpp:279]: Duplicate localization key. Key 'DI_ce_tab_crown_authority' is defined in both 'localization/russian/gui/DI_RUS_l_russian.yml' and 'localization/russian/gui/DI_l_russian.yml'.
[06:11:21][E][pdx_localize.cpp:279]: Duplicate localization key. Key 'DI_ce_take_realm_titles_button' is defined in both 'localization/russian/gui/DI_RUS_l_russian.yml' and 'localization/russian/gui/DI_l_russian.yml'.
[06:11:21][E][pdx_localize.cpp:279]: Duplicate localization key. Key 'DI_ce_take_realm_titles_button_tt' is defined in both 'localization/russian/gui/DI_RUS_l_russian.yml' and 'localization/russian/gui/DI_l_russian.yml'.
[06:11:21][E][pdx_localize.cpp:279]: Duplicate localization key. Key 'DI_ce_take_sub_realm_titles_button' is defined in both 'localization/russian/gui/DI_RUS_l_russian.yml' and 'localization/russian/gui/DI_l_russian.yml'.
[06:11:21][E][pdx_localize.cpp:279]: Duplicate localization key. Key 'DI_ce_take_sub_realm_titles_button_tt' is defined in both 'localization/russian/gui/DI_RUS_l_russian.yml' and 'localization/russian/gui/DI_l_russian.yml'.
[06:11:21][E][pdx_localize.cpp:279]: Duplicate localization key. Key 'DI_ce_take_vassal_titles_button' is defined in both 'localization/russian/gui/DI_RUS_l_russian.yml' and 'localization/russian/gui/DI_l_russian.yml'.
[06:11:21][E][pdx_localize.cpp:279]: Duplicate localization key. Key 'DI_ce_take_vassal_titles_button_tt' is defined in both 'localization/russian/gui/DI_RUS_l_russian.yml' and 'localization/russian/gui/DI_l_russian.yml'.
[06:11:21][E][pdx_localize.cpp:279]: Duplicate localization key. Key 'DI_ce_take_personal_titles_button' is defined in both 'localization/russian/gui/DI_RUS_l_russian.yml' and 'localization/russian/gui/DI_l_russian.yml'.
[06:11:21][E][pdx_localize.cpp:279]: Duplicate localization key. Key 'DI_ce_take_personal_titles_button_tt' is defined in both 'localization/russian/gui/DI_RUS_l_russian.yml' and 'localization/russian/gui/DI_l_russian.yml'.
[06:11:21][E][pdx_localize.cpp:279]: Duplicate localization key. Key 'DI_ce_take_primary_title_button' is defined in both 'localization/russian/gui/DI_RUS_l_russian.yml' and 'localization/russian/gui/DI_l_russian.yml'.
[06:11:21][E][pdx_localize.cpp:279]: Duplicate localization key. Key 'DI_ce_take_primary_title_button_tt' is defined in both 'localization/russian/gui/DI_RUS_l_russian.yml' and 'localization/russian/gui/DI_l_russian.yml'.
[06:11:21][E][pdx_localize.cpp:279]: Duplicate localization key. Key 'DI_ce_crown_authority_1_button' is defined in both 'localization/russian/gui/DI_RUS_l_russian.yml' and 'localization/russian/gui/DI_l_russian.yml'.
[06:11:21][E][pdx_localize.cpp:279]: Duplicate localization key. Key 'DI_ce_crown_authority_1_button_tt' is defined in both 'localization/russian/gui/DI_RUS_l_russian.yml' and 'localization/russian/gui/DI_l_russian.yml'.
[06:11:21][E][pdx_localize.cpp:279]: Duplicate localization key. Key 'DI_ce_crown_authority_2_button' is defined in both 'localization/russian/gui/DI_RUS_l_russian.yml' and 'localization/russian/gui/DI_l_russian.yml'.
[06:11:21][E][pdx_localize.cpp:279]: Duplicate localization key. Key 'DI_ce_crown_authority_2_button_tt' is defined in both 'localization/russian/gui/DI_RUS_l_russian.yml' and 'localization/russian/gui/DI_l_russian.yml'.
[06:11:21][E][pdx_localize.cpp:279]: Duplicate localization key. Key 'DI_ce_crown_authority_3_button' is defined in both 'localization/russian/gui/DI_RUS_l_russian.yml' and 'localization/russian/gui/DI_l_russian.yml'.
[06:11:21][E][pdx_localize.cpp:279]: Duplicate localization key. Key 'DI_ce_crown_authority_3_button_tt' is defined in both 'localization/russian/gui/DI_RUS_l_russian.yml' and 'localization/russian/gui/DI_l_russian.yml'.
[06:11:21][E][pdx_localize.cpp:279]: Duplicate localization key. Key 'DI_ce_crown_authority_4_button' is defined in both 'localization/russian/gui/DI_RUS_l_russian.yml' and 'localization/russian/gui/DI_l_russian.yml'.
[06:11:21][E][pdx_localize.cpp:279]: Duplicate localization key. Key 'DI_ce_crown_authority_4_button_tt' is defined in both 'localization/russian/gui/DI_RUS_l_russian.yml' and 'localization/russian/gui/DI_l_russian.yml'.
[06:11:21][E][pdx_localize.cpp:279]: Duplicate localization key. Key 'DI_skills' is defined in both 'localization/russian/gui/DI_RUS_l_russian.yml' and 'localization/russian/gui/DI_l_russian.yml'.
[06:11:21][E][pdx_localize.cpp:279]: Duplicate localization key. Key 'DI_skill_diplomacy_tt' is defined in both 'localization/russian/gui/DI_RUS_l_russian.yml' and 'localization/russian/gui/DI_l_russian.yml'.
[06:11:21][E][pdx_localize.cpp:279]: Duplicate localization key. Key 'DI_skill_martial_tt' is defined in both 'localization/russian/gui/DI_RUS_l_russian.yml' and 'localization/russian/gui/DI_l_russian.yml'.
[06:11:21][E][pdx_localize.cpp:279]: Duplicate localization key. Key 'DI_skill_stewardship_tt' is defined in both 'localization/russian/gui/DI_RUS_l_russian.yml' and 'localization/russian/gui/DI_l_russian.yml'.
[06:11:21][E][pdx_localize.cpp:279]: Duplicate localization key. Key 'DI_skill_intrigue_tt' is defined in both 'localization/russian/gui/DI_RUS_l_russian.yml' and 'localization/russian/gui/DI_l_russian.yml'.
[06:11:21][E][pdx_localize.cpp:279]: Duplicate localization key. Key 'DI_skill_learning_tt' is defined in both 'localization/russian/gui/DI_RUS_l_russian.yml' and 'localization/russian/gui/DI_l_russian.yml'.
[06:11:21][E][pdx_localize.cpp:279]: Duplicate localization key. Key 'DI_skill_prowess_tt' is defined in both 'localization/russian/gui/DI_RUS_l_russian.yml' and 'localization/russian/gui/DI_l_russian.yml'.
[06:11:21][E][pdx_localize.cpp:279]: Duplicate localization key. Key 'DI_perk_points' is defined in both 'localization/russian/gui/DI_RUS_l_russian.yml' and 'localization/russian/gui/DI_l_russian.yml'.
[06:11:21][E][pdx_localize.cpp:279]: Duplicate localization key. Key 'DI_diplomacy_node' is defined in both 'localization/russian/gui/DI_RUS_l_russian.yml' and 'localization/russian/gui/DI_l_russian.yml'.
[06:11:21][E][pdx_localize.cpp:279]: Duplicate localization key. Key 'DI_perk_point_diplomacy_tt' is defined in both 'localization/russian/gui/DI_RUS_l_russian.yml' and 'localization/russian/gui/DI_l_russian.yml'.
[06:11:21][E][pdx_localize.cpp:279]: Duplicate localization key. Key 'DI_martial_node' is defined in both 'localization/russian/gui/DI_RUS_l_russian.yml' and 'localization/russian/gui/DI_l_russian.yml'.
[06:11:21][E][pdx_localize.cpp:279]: Duplicate localization key. Key 'DI_perk_point_martial_tt' is defined in both 'localization/russian/gui/DI_RUS_l_russian.yml' and 'localization/russian/gui/DI_l_russian.yml'.
[06:11:21][E][pdx_localize.cpp:279]: Duplicate localization key. Key 'DI_stewardship_node' is defined in both 'localization/russian/gui/DI_RUS_l_russian.yml' and 'localization/russian/gui/DI_l_russian.yml'.
[06:11:21][E][pdx_localize.cpp:279]: Duplicate localization key. Key 'DI_perk_point_stewardship_tt' is defined in both 'localization/russian/gui/DI_RUS_l_russian.yml' and 'localization/russian/gui/DI_l_russian.yml'.
[06:11:21][E][pdx_localize.cpp:279]: Duplicate localization key. Key 'DI_intrigue_node' is defined in both 'localization/russian/gui/DI_RUS_l_russian.yml' and 'localization/russian/gui/DI_l_russian.yml'.
[06:11:21][E][pdx_localize.cpp:279]: Duplicate localization key. Key 'DI_perk_point_intrigue_tt' is defined in both 'localization/russian/gui/DI_RUS_l_russian.yml' and 'localization/russian/gui/DI_l_russian.yml'.
[06:11:21][E][pdx_localize.cpp:279]: Duplicate localization key. Key 'DI_learning_node' is defined in both 'localization/russian/gui/DI_RUS_l_russian.yml' and 'localization/russian/gui/DI_l_russian.yml'.
[06:11:21][E][pdx_localize.cpp:279]: Duplicate localization key. Key 'DI_perk_point_learning_tt' is defined in both 'localization/russian/gui/DI_RUS_l_russian.yml' and 'localization/russian/gui/DI_l_russian.yml'.
[06:11:21][E][pdx_localize.cpp:279]: Duplicate localization key. Key 'DI_perk_point_tt' is defined in both 'localization/russian/gui/DI_RUS_l_russian.yml' and 'localization/russian/gui/DI_l_russian.yml'.
[06:11:21][E][pdx_localize.cpp:279]: Duplicate localization key. Key 'DI_ce_lifestyle_button' is defined in both 'localization/russian/gui/DI_RUS_l_russian.yml' and 'localization/russian/gui/DI_l_russian.yml'.
[06:11:21][E][pdx_localize.cpp:279]: Duplicate localization key. Key 'DI_ce_lifestyle_button_tt' is defined in both 'localization/russian/gui/DI_RUS_l_russian.yml' and 'localization/russian/gui/DI_l_russian.yml'.
[06:11:21][E][pdx_localize.cpp:279]: Duplicate localization key. Key 'DI_ce_all_lifestyle_button' is defined in both 'localization/russian/gui/DI_RUS_l_russian.yml' and 'localization/russian/gui/DI_l_russian.yml'.
[06:11:21][E][pdx_localize.cpp:279]: Duplicate localization key. Key 'DI_ce_all_lifestyle_button_tt' is defined in both 'localization/russian/gui/DI_RUS_l_russian.yml' and 'localization/russian/gui/DI_l_russian.yml'.
[06:11:21][E][pdx_localize.cpp:279]: Duplicate localization key. Key 'DI_modifiers' is defined in both 'localization/russian/gui/DI_RUS_l_russian.yml' and 'localization/russian/gui/DI_l_russian.yml'.
[06:11:21][E][pdx_localize.cpp:279]: Duplicate localization key. Key 'DI_modifier_maa_type' is defined in both 'localization/russian/gui/DI_RUS_l_russian.yml' and 'localization/russian/gui/DI_l_russian.yml'.
[06:11:21][E][pdx_localize.cpp:279]: Duplicate localization key. Key 'DI_clear_modifiers' is defined in both 'localization/russian/gui/DI_RUS_l_russian.yml' and 'localization/russian/gui/DI_l_russian.yml'.
[06:11:21][E][pdx_localize.cpp:279]: Duplicate localization key. Key 'DI_clear_modifiers_tt' is defined in both 'localization/russian/gui/DI_RUS_l_russian.yml' and 'localization/russian/gui/DI_l_russian.yml'.
[06:11:21][E][pdx_localize.cpp:279]: Duplicate localization key. Key 'DI_ce_tab_prestige' is defined in both 'localization/russian/gui/DI_RUS_l_russian.yml' and 'localization/russian/gui/DI_l_russian.yml'.
[06:11:21][E][pdx_localize.cpp:279]: Duplicate localization key. Key 'DI_ce_tab_piety' is defined in both 'localization/russian/gui/DI_RUS_l_russian.yml' and 'localization/russian/gui/DI_l_russian.yml'.
[06:11:21][E][pdx_localize.cpp:279]: Duplicate localization key. Key 'DI_ce_tab_income' is defined in both 'localization/russian/gui/DI_RUS_l_russian.yml' and 'localization/russian/gui/DI_l_russian.yml'.
[06:11:21][E][pdx_localize.cpp:279]: Duplicate localization key. Key 'DI_ce_tab_opinion' is defined in both 'localization/russian/gui/DI_RUS_l_russian.yml' and 'localization/russian/gui/DI_l_russian.yml'.
[06:11:21][E][pdx_localize.cpp:279]: Duplicate localization key. Key 'DI_ce_tab_health' is defined in both 'localization/russian/gui/DI_RUS_l_russian.yml' and 'localization/russian/gui/DI_l_russian.yml'.
[06:11:21][E][pdx_localize.cpp:279]: Duplicate localization key. Key 'DI_ce_tab_intrigue' is defined in both 'localization/russian/gui/DI_RUS_l_russian.yml' and 'localization/russian/gui/DI_l_russian.yml'.
[06:11:21][E][pdx_localize.cpp:279]: Duplicate localization key. Key 'DI_ce_tab_authority' is defined in both 'localization/russian/gui/DI_RUS_l_russian.yml' and 'localization/russian/gui/DI_l_russian.yml'.
[06:11:21][E][pdx_localize.cpp:279]: Duplicate localization key. Key 'DI_ce_tab_provincial' is defined in both 'localization/russian/gui/DI_RUS_l_russian.yml' and 'localization/russian/gui/DI_l_russian.yml'.
[06:11:21][E][pdx_localize.cpp:279]: Duplicate localization key. Key 'DI_ce_tab_governing' is defined in both 'localization/russian/gui/DI_RUS_l_russian.yml' and 'localization/russian/gui/DI_l_russian.yml'.
[06:11:21][E][pdx_localize.cpp:279]: Duplicate localization key. Key 'DI_ce_tab_military' is defined in both 'localization/russian/gui/DI_RUS_l_russian.yml' and 'localization/russian/gui/DI_l_russian.yml'.
[06:11:21][E][pdx_localize.cpp:279]: Duplicate localization key. Key 'DI_ce_tab_learning' is defined in both 'localization/russian/gui/DI_RUS_l_russian.yml' and 'localization/russian/gui/DI_l_russian.yml'.
[06:11:21][E][pdx_localize.cpp:279]: Duplicate localization key. Key 'DI_ce_tab_maa' is defined in both 'localization/russian/gui/DI_RUS_l_russian.yml' and 'localization/russian/gui/DI_l_russian.yml'.
[06:11:21][E][pdx_localize.cpp:279]: Duplicate localization key. Key 'DI_ce_tab_custom' is defined in both 'localization/russian/gui/DI_RUS_l_russian.yml' and 'localization/russian/gui/DI_l_russian.yml'.
[06:11:21][E][pdx_localize.cpp:279]: Duplicate localization key. Key 'DI_custom_modifiers' is defined in both 'localization/russian/gui/DI_RUS_l_russian.yml' and 'localization/russian/gui/DI_l_russian.yml'.
[06:11:21][E][pdx_localize.cpp:279]: Duplicate localization key. Key 'DI_prestige_modifiers' is defined in both 'localization/russian/gui/DI_RUS_l_russian.yml' and 'localization/russian/gui/DI_l_russian.yml'.
[06:11:21][E][pdx_localize.cpp:279]: Duplicate localization key. Key 'DI_prestige_modifiers_tt' is defined in both 'localization/russian/gui/DI_RUS_l_russian.yml' and 'localization/russian/gui/DI_l_russian.yml'.
[06:11:21][E][pdx_localize.cpp:279]: Duplicate localization key. Key 'DI_piety_modifiers' is defined in both 'localization/russian/gui/DI_RUS_l_russian.yml' and 'localization/russian/gui/DI_l_russian.yml'.
[06:11:21][E][pdx_localize.cpp:279]: Duplicate localization key. Key 'DI_piety_modifiers_tt' is defined in both 'localization/russian/gui/DI_RUS_l_russian.yml' and 'localization/russian/gui/DI_l_russian.yml'.
[06:11:21][E][pdx_localize.cpp:279]: Duplicate localization key. Key 'DI_income_modifiers' is defined in both 'localization/russian/gui/DI_RUS_l_russian.yml' and 'localization/russian/gui/DI_l_russian.yml'.
[06:11:21][E][pdx_localize.cpp:279]: Duplicate localization key. Key 'DI_income_modifiers_tt' is defined in both 'localization/russian/gui/DI_RUS_l_russian.yml' and 'localization/russian/gui/DI_l_russian.yml'.
[06:11:21][E][pdx_localize.cpp:279]: Duplicate localization key. Key 'DI_opinion_modifiers' is defined in both 'localization/russian/gui/DI_RUS_l_russian.yml' and 'localization/russian/gui/DI_l_russian.yml'.
[06:11:21][E][pdx_localize.cpp:279]: Duplicate localization key. Key 'DI_opinion_modifiers_tt' is defined in both 'localization/russian/gui/DI_RUS_l_russian.yml' and 'localization/russian/gui/DI_l_russian.yml'.
[06:11:21][E][pdx_localize.cpp:279]: Duplicate localization key. Key 'DI_health_modifiers' is defined in both 'localization/russian/gui/DI_RUS_l_russian.yml' and 'localization/russian/gui/DI_l_russian.yml'.
[06:11:21][E][pdx_localize.cpp:279]: Duplicate localization key. Key 'DI_health_modifiers_tt' is defined in both 'localization/russian/gui/DI_RUS_l_russian.yml' and 'localization/russian/gui/DI_l_russian.yml'.
[06:11:21][E][pdx_localize.cpp:279]: Duplicate localization key. Key 'DI_intrigue_modifiers' is defined in both 'localization/russian/gui/DI_RUS_l_russian.yml' and 'localization/russian/gui/DI_l_russian.yml'.
[06:11:21][E][pdx_localize.cpp:279]: Duplicate localization key. Key 'DI_intrigue_modifiers_tt' is defined in both 'localization/russian/gui/DI_RUS_l_russian.yml' and 'localization/russian/gui/DI_l_russian.yml'.
[06:11:21][E][pdx_localize.cpp:279]: Duplicate localization key. Key 'DI_authority_modifiers' is defined in both 'localization/russian/gui/DI_RUS_l_russian.yml' and 'localization/russian/gui/DI_l_russian.yml'.
[06:11:21][E][pdx_localize.cpp:279]: Duplicate localization key. Key 'DI_authority_modifiers_tt' is defined in both 'localization/russian/gui/DI_RUS_l_russian.yml' and 'localization/russian/gui/DI_l_russian.yml'.
[06:11:21][E][pdx_localize.cpp:279]: Duplicate localization key. Key 'DI_provincial_modifiers' is defined in both 'localization/russian/gui/DI_RUS_l_russian.yml' and 'localization/russian/gui/DI_l_russian.yml'.
[06:11:21][E][pdx_localize.cpp:279]: Duplicate localization key. Key 'DI_provincial_modifiers_tt' is defined in both 'localization/russian/gui/DI_RUS_l_russian.yml' and 'localization/russian/gui/DI_l_russian.yml'.
[06:11:21][E][pdx_localize.cpp:279]: Duplicate localization key. Key 'DI_governing_modifiers' is defined in both 'localization/russian/gui/DI_RUS_l_russian.yml' and 'localization/russian/gui/DI_l_russian.yml'.
[06:11:21][E][pdx_localize.cpp:279]: Duplicate localization key. Key 'DI_governing_modifiers_tt' is defined in both 'localization/russian/gui/DI_RUS_l_russian.yml' and 'localization/russian/gui/DI_l_russian.yml'.
[06:11:21][E][pdx_localize.cpp:279]: Duplicate localization key. Key 'DI_military_modifiers' is defined in both 'localization/russian/gui/DI_RUS_l_russian.yml' and 'localization/russian/gui/DI_l_russian.yml'.
[06:11:21][E][pdx_localize.cpp:279]: Duplicate localization key. Key 'DI_military_modifiers_tt' is defined in both 'localization/russian/gui/DI_RUS_l_russian.yml' and 'localization/russian/gui/DI_l_russian.yml'.
[06:11:21][E][pdx_localize.cpp:279]: Duplicate localization key. Key 'DI_learning_modifiers' is defined in both 'localization/russian/gui/DI_RUS_l_russian.yml' and 'localization/russian/gui/DI_l_russian.yml'.
[06:11:21][E][pdx_localize.cpp:279]: Duplicate localization key. Key 'DI_learning_modifiers_tt' is defined in both 'localization/russian/gui/DI_RUS_l_russian.yml' and 'localization/russian/gui/DI_l_russian.yml'.
[06:11:21][E][pdx_localize.cpp:279]: Duplicate localization key. Key 'DI_maa_modifiers' is defined in both 'localization/russian/gui/DI_RUS_l_russian.yml' and 'localization/russian/gui/DI_l_russian.yml'.
[06:11:21][E][pdx_localize.cpp:279]: Duplicate localization key. Key 'DI_modifier_neg' is defined in both 'localization/russian/gui/DI_RUS_l_russian.yml' and 'localization/russian/gui/DI_l_russian.yml'.
[06:11:21][E][pdx_localize.cpp:279]: Duplicate localization key. Key 'DI_modifier_mult' is defined in both 'localization/russian/gui/DI_RUS_l_russian.yml' and 'localization/russian/gui/DI_l_russian.yml'.
[06:11:21][E][pdx_localize.cpp:279]: Duplicate localization key. Key 'DI_modifier_increment' is defined in both 'localization/russian/gui/DI_RUS_l_russian.yml' and 'localization/russian/gui/DI_l_russian.yml'.
[06:11:21][E][pdx_localize.cpp:279]: Duplicate localization key. Key 'DI_increment_broken' is defined in both 'localization/russian/gui/DI_RUS_l_russian.yml' and 'localization/russian/gui/DI_l_russian.yml'.
[06:11:21][E][pdx_localize.cpp:279]: Duplicate localization key. Key 'DI_modifiers_desc' is defined in both 'localization/russian/gui/DI_RUS_l_russian.yml' and 'localization/russian/gui/DI_l_russian.yml'.
[06:11:21][E][pdx_localize.cpp:279]: Duplicate localization key. Key 'DI_modifier_add_remove' is defined in both 'localization/russian/gui/DI_RUS_l_russian.yml' and 'localization/russian/gui/DI_l_russian.yml'.
[06:11:21][E][pdx_localize.cpp:279]: Duplicate localization key. Key 'DI_space_marines' is defined in both 'localization/russian/gui/DI_RUS_l_russian.yml' and 'localization/russian/gui/DI_l_russian.yml'.
[06:11:21][E][pdx_localize.cpp:279]: Duplicate localization key. Key 'DI_contraceptive' is defined in both 'localization/russian/gui/DI_RUS_l_russian.yml' and 'localization/russian/gui/DI_l_russian.yml'.
[06:11:21][E][pdx_localize.cpp:279]: Duplicate localization key. Key 'DI_immune_to_schemes' is defined in both 'localization/russian/gui/DI_RUS_l_russian.yml' and 'localization/russian/gui/DI_l_russian.yml'.
[06:11:21][E][pdx_localize.cpp:279]: Duplicate localization key. Key 'DI_ultra_build' is defined in both 'localization/russian/gui/DI_RUS_l_russian.yml' and 'localization/russian/gui/DI_l_russian.yml'.
[06:11:21][E][pdx_localize.cpp:279]: Duplicate localization key. Key 'DI_building_slots' is defined in both 'localization/russian/gui/DI_RUS_l_russian.yml' and 'localization/russian/gui/DI_l_russian.yml'.
[06:11:21][E][pdx_localize.cpp:279]: Duplicate localization key. Key 'DI_one_building_slot' is defined in both 'localization/russian/gui/DI_RUS_l_russian.yml' and 'localization/russian/gui/DI_l_russian.yml'.
[06:11:21][E][pdx_localize.cpp:279]: Duplicate localization key. Key 'DI_domain_limit' is defined in both 'localization/russian/gui/DI_RUS_l_russian.yml' and 'localization/russian/gui/DI_l_russian.yml'.
[06:11:21][E][pdx_localize.cpp:279]: Duplicate localization key. Key 'DI_money_printer' is defined in both 'localization/russian/gui/DI_RUS_l_russian.yml' and 'localization/russian/gui/DI_l_russian.yml'.
[06:11:21][E][pdx_localize.cpp:279]: Duplicate localization key. Key 'DI_perma_health' is defined in both 'localization/russian/gui/DI_RUS_l_russian.yml' and 'localization/russian/gui/DI_l_russian.yml'.
[06:11:21][E][pdx_localize.cpp:279]: Duplicate localization key. Key 'DI_trait_xp_boost' is defined in both 'localization/russian/gui/DI_RUS_l_russian.yml' and 'localization/russian/gui/DI_l_russian.yml'.
[06:11:21][E][pdx_localize.cpp:279]: Duplicate localization key. Key 'DI_commander_trait_xp_boost' is defined in both 'localization/russian/gui/DI_RUS_l_russian.yml' and 'localization/russian/gui/DI_l_russian.yml'.
[06:11:21][E][pdx_localize.cpp:279]: Duplicate localization key. Key 'DI_godlike_inheritance' is defined in both 'localization/russian/gui/DI_RUS_l_russian.yml' and 'localization/russian/gui/DI_l_russian.yml'.
[06:11:21][E][pdx_localize.cpp:279]: Duplicate localization key. Key 'DI_true_rulers' is defined in both 'localization/russian/gui/DI_RUS_l_russian.yml' and 'localization/russian/gui/DI_l_russian.yml'.
[06:11:21][E][pdx_localize.cpp:279]: Duplicate localization key. Key 'DI_plague_doctor' is defined in both 'localization/russian/gui/DI_RUS_l_russian.yml' and 'localization/russian/gui/DI_l_russian.yml'.
[06:11:21][E][pdx_localize.cpp:279]: Duplicate localization key. Key 'DI_imperial_march' is defined in both 'localization/russian/gui/DI_RUS_l_russian.yml' and 'localization/russian/gui/DI_l_russian.yml'.
[06:11:21][E][pdx_localize.cpp:279]: Duplicate localization key. Key 'DI_dread_lord' is defined in both 'localization/russian/gui/DI_RUS_l_russian.yml' and 'localization/russian/gui/DI_l_russian.yml'.
[06:11:21][E][pdx_localize.cpp:279]: Duplicate localization key. Key 'DI_lifestyle_mastery' is defined in both 'localization/russian/gui/DI_RUS_l_russian.yml' and 'localization/russian/gui/DI_l_russian.yml'.
[06:11:21][E][pdx_localize.cpp:279]: Duplicate localization key. Key 'DI_travel_speed' is defined in both 'localization/russian/gui/DI_RUS_l_russian.yml' and 'localization/russian/gui/DI_l_russian.yml'.
[06:11:21][E][pdx_localize.cpp:279]: Duplicate localization key. Key 'DI_travel_safety' is defined in both 'localization/russian/gui/DI_RUS_l_russian.yml' and 'localization/russian/gui/DI_l_russian.yml'.
[06:11:21][E][pdx_localize.cpp:279]: Duplicate localization key. Key 'DI_legend_spread' is defined in both 'localization/russian/gui/DI_RUS_l_russian.yml' and 'localization/russian/gui/DI_l_russian.yml'.
[06:11:21][E][pdx_localize.cpp:279]: Duplicate localization key. Key 'DI_prestige_printer' is defined in both 'localization/russian/gui/DI_RUS_l_russian.yml' and 'localization/russian/gui/DI_l_russian.yml'.
[06:11:21][E][pdx_localize.cpp:279]: Duplicate localization key. Key 'DI_piety_printer' is defined in both 'localization/russian/gui/DI_RUS_l_russian.yml' and 'localization/russian/gui/DI_l_russian.yml'.
[06:11:21][E][pdx_localize.cpp:279]: Duplicate localization key. Key 'DI_everybody_loves_me' is defined in both 'localization/russian/gui/DI_RUS_l_russian.yml' and 'localization/russian/gui/DI_l_russian.yml'.
[06:11:21][E][pdx_localize.cpp:279]: Duplicate localization key. Key 'DI_full_stomachs' is defined in both 'localization/russian/gui/DI_RUS_l_russian.yml' and 'localization/russian/gui/DI_l_russian.yml'.
[06:11:21][E][pdx_localize.cpp:279]: Duplicate localization key. Key 'DI_meritorious' is defined in both 'localization/russian/gui/DI_RUS_l_russian.yml' and 'localization/russian/gui/DI_l_russian.yml'.
[06:11:21][E][pdx_localize.cpp:279]: Duplicate localization key. Key 'no_legitimacy_change' is defined in both 'localization/russian/gui/DI_RUS_l_russian.yml' and 'localization/russian/gui/DI_l_russian.yml'.
[06:11:21][E][pdx_localize.cpp:279]: Duplicate localization key. Key 'DI_traits' is defined in both 'localization/russian/gui/DI_RUS_l_russian.yml' and 'localization/russian/gui/DI_l_russian.yml'.
[06:11:21][E][pdx_localize.cpp:279]: Duplicate localization key. Key 'DI_trait_window_tooltip' is defined in both 'localization/russian/gui/DI_RUS_l_russian.yml' and 'localization/russian/gui/DI_l_russian.yml'.
[06:11:21][E][pdx_localize.cpp:279]: Duplicate localization key. Key 'DI_ce_tab_physical' is defined in both 'localization/russian/gui/DI_RUS_l_russian.yml' and 'localization/russian/gui/DI_l_russian.yml'.
[06:11:21][E][pdx_localize.cpp:279]: Duplicate localization key. Key 'DI_ce_tab_education' is defined in both 'localization/russian/gui/DI_RUS_l_russian.yml' and 'localization/russian/gui/DI_l_russian.yml'.
[06:11:21][E][pdx_localize.cpp:279]: Duplicate localization key. Key 'DI_ce_tab_commander' is defined in both 'localization/russian/gui/DI_RUS_l_russian.yml' and 'localization/russian/gui/DI_l_russian.yml'.
[06:11:21][E][pdx_localize.cpp:279]: Duplicate localization key. Key 'DI_ce_tab_lifestyle' is defined in both 'localization/russian/gui/DI_RUS_l_russian.yml' and 'localization/russian/gui/DI_l_russian.yml'.
[06:11:21][E][pdx_localize.cpp:279]: Duplicate localization key. Key 'DI_ce_tab_personality' is defined in both 'localization/russian/gui/DI_RUS_l_russian.yml' and 'localization/russian/gui/DI_l_russian.yml'.
[06:11:21][E][pdx_localize.cpp:279]: Duplicate localization key. Key 'DI_ce_tab_fame' is defined in both 'localization/russian/gui/DI_RUS_l_russian.yml' and 'localization/russian/gui/DI_l_russian.yml'.
[06:11:21][E][pdx_localize.cpp:279]: Duplicate localization key. Key 'DI_ce_tab_other' is defined in both 'localization/russian/gui/DI_RUS_l_russian.yml' and 'localization/russian/gui/DI_l_russian.yml'.
[06:11:21][E][pdx_localize.cpp:279]: Duplicate localization key. Key 'DI_ce_tab_tracked' is defined in both 'localization/russian/gui/DI_RUS_l_russian.yml' and 'localization/russian/gui/DI_l_russian.yml'.
[06:11:21][E][pdx_localize.cpp:279]: Duplicate localization key. Key 'DI_ce_tab_pinned' is defined in both 'localization/russian/gui/DI_RUS_l_russian.yml' and 'localization/russian/gui/DI_l_russian.yml'.
[06:11:21][E][pdx_localize.cpp:279]: Duplicate localization key. Key 'DI_pinned_traits' is defined in both 'localization/russian/gui/DI_RUS_l_russian.yml' and 'localization/russian/gui/DI_l_russian.yml'.
[06:11:21][E][pdx_localize.cpp:279]: Duplicate localization key. Key 'DI_pinned_traits_tt' is defined in both 'localization/russian/gui/DI_RUS_l_russian.yml' and 'localization/russian/gui/DI_l_russian.yml'.
[06:11:21][E][pdx_localize.cpp:279]: Duplicate localization key. Key 'DI_trait_button_tt' is defined in both 'localization/russian/gui/DI_RUS_l_russian.yml' and 'localization/russian/gui/DI_l_russian.yml'.
[06:11:21][E][pdx_localize.cpp:279]: Duplicate localization key. Key 'DI_trait_xp_button_tt' is defined in both 'localization/russian/gui/DI_RUS_l_russian.yml' and 'localization/russian/gui/DI_l_russian.yml'.
[06:11:21][E][pdx_localize.cpp:279]: Duplicate localization key. Key 'DI_tracked_trait_marker_tt' is defined in both 'localization/russian/gui/DI_RUS_l_russian.yml' and 'localization/russian/gui/DI_l_russian.yml'.
[06:11:21][E][pdx_localize.cpp:279]: Duplicate localization key. Key 'DI_physical_traits' is defined in both 'localization/russian/gui/DI_RUS_l_russian.yml' and 'localization/russian/gui/DI_l_russian.yml'.
[06:11:21][E][pdx_localize.cpp:279]: Duplicate localization key. Key 'DI_physical_traits_tt' is defined in both 'localization/russian/gui/DI_RUS_l_russian.yml' and 'localization/russian/gui/DI_l_russian.yml'.
[06:11:21][E][pdx_localize.cpp:279]: Duplicate localization key. Key 'DI_education_traits' is defined in both 'localization/russian/gui/DI_RUS_l_russian.yml' and 'localization/russian/gui/DI_l_russian.yml'.
[06:11:21][E][pdx_localize.cpp:279]: Duplicate localization key. Key 'DI_education_traits_tt' is defined in both 'localization/russian/gui/DI_RUS_l_russian.yml' and 'localization/russian/gui/DI_l_russian.yml'.
[06:11:21][E][pdx_localize.cpp:279]: Duplicate localization key. Key 'DI_commander_traits' is defined in both 'localization/russian/gui/DI_RUS_l_russian.yml' and 'localization/russian/gui/DI_l_russian.yml'.
[06:11:21][E][pdx_localize.cpp:279]: Duplicate localization key. Key 'DI_commander_traits_tt' is defined in both 'localization/russian/gui/DI_RUS_l_russian.yml' and 'localization/russian/gui/DI_l_russian.yml'.
[06:11:21][E][pdx_localize.cpp:279]: Duplicate localization key. Key 'DI_lifestyle_traits' is defined in both 'localization/russian/gui/DI_RUS_l_russian.yml' and 'localization/russian/gui/DI_l_russian.yml'.
[06:11:21][E][pdx_localize.cpp:279]: Duplicate localization key. Key 'DI_lifestyle_traits_tt' is defined in both 'localization/russian/gui/DI_RUS_l_russian.yml' and 'localization/russian/gui/DI_l_russian.yml'.
[06:11:21][E][pdx_localize.cpp:279]: Duplicate localization key. Key 'DI_personality_traits' is defined in both 'localization/russian/gui/DI_RUS_l_russian.yml' and 'localization/russian/gui/DI_l_russian.yml'.
[06:11:21][E][pdx_localize.cpp:279]: Duplicate localization key. Key 'DI_personality_traits_tt' is defined in both 'localization/russian/gui/DI_RUS_l_russian.yml' and 'localization/russian/gui/DI_l_russian.yml'.
[06:11:21][E][pdx_localize.cpp:279]: Duplicate localization key. Key 'DI_health_traits' is defined in both 'localization/russian/gui/DI_RUS_l_russian.yml' and 'localization/russian/gui/DI_l_russian.yml'.
[06:11:21][E][pdx_localize.cpp:279]: Duplicate localization key. Key 'DI_health_traits_tt' is defined in both 'localization/russian/gui/DI_RUS_l_russian.yml' and 'localization/russian/gui/DI_l_russian.yml'.
[06:11:21][E][pdx_localize.cpp:279]: Duplicate localization key. Key 'DI_fame_traits' is defined in both 'localization/russian/gui/DI_RUS_l_russian.yml' and 'localization/russian/gui/DI_l_russian.yml'.
[06:11:21][E][pdx_localize.cpp:279]: Duplicate localization key. Key 'DI_fame_traits_tt' is defined in both 'localization/russian/gui/DI_RUS_l_russian.yml' and 'localization/russian/gui/DI_l_russian.yml'.
[06:11:21][E][pdx_localize.cpp:279]: Duplicate localization key. Key 'DI_other_traits' is defined in both 'localization/russian/gui/DI_RUS_l_russian.yml' and 'localization/russian/gui/DI_l_russian.yml'.
[06:11:21][E][pdx_localize.cpp:279]: Duplicate localization key. Key 'DI_other_traits_tt' is defined in both 'localization/russian/gui/DI_RUS_l_russian.yml' and 'localization/russian/gui/DI_l_russian.yml'.
[06:11:21][E][pdx_localize.cpp:279]: Duplicate localization key. Key 'DI_tracked_traits' is defined in both 'localization/russian/gui/DI_RUS_l_russian.yml' and 'localization/russian/gui/DI_l_russian.yml'.
[06:11:21][E][pdx_localize.cpp:279]: Duplicate localization key. Key 'DI_tracked_traits_tt' is defined in both 'localization/russian/gui/DI_RUS_l_russian.yml' and 'localization/russian/gui/DI_l_russian.yml'.
[06:11:21][E][pdx_localize.cpp:279]: Duplicate localization key. Key 'trait_nnn_challenger' is defined in both 'localization/russian/gui/DI_RUS_l_russian.yml' and 'localization/russian/gui/DI_l_russian.yml'.
[06:11:21][E][pdx_localize.cpp:279]: Duplicate localization key. Key 'trait_nnn_challenger_desc' is defined in both 'localization/russian/gui/DI_RUS_l_russian.yml' and 'localization/russian/gui/DI_l_russian.yml'.
[06:11:21][E][pdx_localize.cpp:279]: Duplicate localization key. Key 'trait_nnn_challenger_character_desc' is defined in both 'localization/russian/gui/DI_RUS_l_russian.yml' and 'localization/russian/gui/DI_l_russian.yml'.
[06:11:21][E][pdx_localize.cpp:279]: Duplicate localization key. Key 'trait_build_speed_cheat' is defined in both 'localization/russian/gui/DI_RUS_l_russian.yml' and 'localization/russian/gui/DI_l_russian.yml'.
[06:11:21][E][pdx_localize.cpp:279]: Duplicate localization key. Key 'trait_build_speed_cheat_desc' is defined in both 'localization/russian/gui/DI_RUS_l_russian.yml' and 'localization/russian/gui/DI_l_russian.yml'.
[06:11:21][E][pdx_localize.cpp:279]: Duplicate localization key. Key 'trait_build_speed_cheat_character_desc' is defined in both 'localization/russian/gui/DI_RUS_l_russian.yml' and 'localization/russian/gui/DI_l_russian.yml'.
[06:11:21][E][pdx_localize.cpp:279]: Duplicate localization key. Key 'trait_stress_gain_remove' is defined in both 'localization/russian/gui/DI_RUS_l_russian.yml' and 'localization/russian/gui/DI_l_russian.yml'.
[06:11:21][E][pdx_localize.cpp:279]: Duplicate localization key. Key 'trait_stress_gain_remove_desc' is defined in both 'localization/russian/gui/DI_RUS_l_russian.yml' and 'localization/russian/gui/DI_l_russian.yml'.
[06:11:21][E][pdx_localize.cpp:279]: Duplicate localization key. Key 'trait_stress_gain_remove_character_desc' is defined in both 'localization/russian/gui/DI_RUS_l_russian.yml' and 'localization/russian/gui/DI_l_russian.yml'.
[06:11:21][E][pdx_localize.cpp:279]: Duplicate localization key. Key 'trait_tyranny_gain_remove' is defined in both 'localization/russian/gui/DI_RUS_l_russian.yml' and 'localization/russian/gui/DI_l_russian.yml'.
[06:11:21][E][pdx_localize.cpp:279]: Duplicate localization key. Key 'trait_tyranny_gain_remove_desc' is defined in both 'localization/russian/gui/DI_RUS_l_russian.yml' and 'localization/russian/gui/DI_l_russian.yml'.
[06:11:21][E][pdx_localize.cpp:279]: Duplicate localization key. Key 'trait_tyranny_gain_remove_character_desc' is defined in both 'localization/russian/gui/DI_RUS_l_russian.yml' and 'localization/russian/gui/DI_l_russian.yml'.
[06:11:21][E][pdx_localize.cpp:279]: Duplicate localization key. Key 'trait_boost_stats' is defined in both 'localization/russian/gui/DI_RUS_l_russian.yml' and 'localization/russian/gui/DI_l_russian.yml'.
[06:11:21][E][pdx_localize.cpp:279]: Duplicate localization key. Key 'trait_boost_stats_desc' is defined in both 'localization/russian/gui/DI_RUS_l_russian.yml' and 'localization/russian/gui/DI_l_russian.yml'.
[06:11:21][E][pdx_localize.cpp:279]: Duplicate localization key. Key 'trait_boost_stats_character_desc' is defined in both 'localization/russian/gui/DI_RUS_l_russian.yml' and 'localization/russian/gui/DI_l_russian.yml'.
[06:11:21][E][pdx_localize.cpp:279]: Duplicate localization key. Key 'trait_100_stat_man' is defined in both 'localization/russian/gui/DI_RUS_l_russian.yml' and 'localization/russian/gui/DI_l_russian.yml'.
[06:11:21][E][pdx_localize.cpp:279]: Duplicate localization key. Key 'trait_100_stat_man_desc' is defined in both 'localization/russian/gui/DI_RUS_l_russian.yml' and 'localization/russian/gui/DI_l_russian.yml'.
[06:11:21][E][pdx_localize.cpp:279]: Duplicate localization key. Key 'trait_100_stat_man_character_desc' is defined in both 'localization/russian/gui/DI_RUS_l_russian.yml' and 'localization/russian/gui/DI_l_russian.yml'.
[06:11:21][E][pdx_localize.cpp:279]: Duplicate localization key. Key 'trait_DI_immortal' is defined in both 'localization/russian/gui/DI_RUS_l_russian.yml' and 'localization/russian/gui/DI_l_russian.yml'.
[06:11:21][E][pdx_localize.cpp:279]: Duplicate localization key. Key 'trait_DI_immortal_desc' is defined in both 'localization/russian/gui/DI_RUS_l_russian.yml' and 'localization/russian/gui/DI_l_russian.yml'.
[06:11:21][E][pdx_localize.cpp:279]: Duplicate localization key. Key 'trait_DI_immortal_character_desc' is defined in both 'localization/russian/gui/DI_RUS_l_russian.yml' and 'localization/russian/gui/DI_l_russian.yml'.
[06:11:21][E][pdx_localize.cpp:279]: Duplicate localization key. Key 'DI_sexuality' is defined in both 'localization/russian/gui/DI_RUS_l_russian.yml' and 'localization/russian/gui/DI_l_russian.yml'.
[06:11:21][E][pdx_localize.cpp:279]: Duplicate localization key. Key 'DI_sexuality_ho' is defined in both 'localization/russian/gui/DI_RUS_l_russian.yml' and 'localization/russian/gui/DI_l_russian.yml'.
[06:11:21][E][pdx_localize.cpp:279]: Duplicate localization key. Key 'DI_sexuality_he' is defined in both 'localization/russian/gui/DI_RUS_l_russian.yml' and 'localization/russian/gui/DI_l_russian.yml'.
[06:11:21][E][pdx_localize.cpp:279]: Duplicate localization key. Key 'DI_sexuality_bi' is defined in both 'localization/russian/gui/DI_RUS_l_russian.yml' and 'localization/russian/gui/DI_l_russian.yml'.
[06:11:21][E][pdx_localize.cpp:279]: Duplicate localization key. Key 'DI_sexuality_as' is defined in both 'localization/russian/gui/DI_RUS_l_russian.yml' and 'localization/russian/gui/DI_l_russian.yml'.
[06:11:21][E][pdx_localize.cpp:279]: Duplicate localization key. Key 'DI_culture_menu_title' is defined in both 'localization/russian/gui/DI_RUS_l_russian.yml' and 'localization/russian/gui/DI_l_russian.yml'.
[06:11:21][E][pdx_localize.cpp:279]: Duplicate localization key. Key 'DI_change_to_my_culture' is defined in both 'localization/russian/gui/DI_RUS_l_russian.yml' and 'localization/russian/gui/DI_l_russian.yml'.
[06:11:21][E][pdx_localize.cpp:279]: Duplicate localization key. Key 'DI_change_to_my_culture_tt' is defined in both 'localization/russian/gui/DI_RUS_l_russian.yml' and 'localization/russian/gui/DI_l_russian.yml'.
[06:11:21][E][pdx_localize.cpp:279]: Duplicate localization key. Key 'DI_change_counties_to_my_culture' is defined in both 'localization/russian/gui/DI_RUS_l_russian.yml' and 'localization/russian/gui/DI_l_russian.yml'.
[06:11:21][E][pdx_localize.cpp:279]: Duplicate localization key. Key 'DI_change_counties_to_my_culture_tt' is defined in both 'localization/russian/gui/DI_RUS_l_russian.yml' and 'localization/russian/gui/DI_l_russian.yml'.
[06:11:21][E][pdx_localize.cpp:279]: Duplicate localization key. Key 'DI_religion_menu_title' is defined in both 'localization/russian/gui/DI_RUS_l_russian.yml' and 'localization/russian/gui/DI_l_russian.yml'.
[06:11:21][E][pdx_localize.cpp:279]: Duplicate localization key. Key 'DI_change_to_my_religion' is defined in both 'localization/russian/gui/DI_RUS_l_russian.yml' and 'localization/russian/gui/DI_l_russian.yml'.
[06:11:21][E][pdx_localize.cpp:279]: Duplicate localization key. Key 'DI_change_to_my_religion_tt' is defined in both 'localization/russian/gui/DI_RUS_l_russian.yml' and 'localization/russian/gui/DI_l_russian.yml'.
[06:11:21][E][pdx_localize.cpp:279]: Duplicate localization key. Key 'DI_change_counties_to_my_religion' is defined in both 'localization/russian/gui/DI_RUS_l_russian.yml' and 'localization/russian/gui/DI_l_russian.yml'.
[06:11:21][E][pdx_localize.cpp:279]: Duplicate localization key. Key 'DI_change_counties_to_my_religion_tt' is defined in both 'localization/russian/gui/DI_RUS_l_russian.yml' and 'localization/russian/gui/DI_l_russian.yml'.
[06:11:21][E][pdx_localize.cpp:279]: Duplicate localization key. Key 'DI_pinned_characters' is defined in both 'localization/russian/gui/DI_RUS_l_russian.yml' and 'localization/russian/gui/DI_l_russian.yml'.
[06:11:21][E][pdx_localize.cpp:279]: Duplicate localization key. Key 'DI_pinned_characters_no_match' is defined in both 'localization/russian/gui/DI_RUS_l_russian.yml' and 'localization/russian/gui/DI_l_russian.yml'.
[06:11:21][E][pdx_localize.cpp:279]: Duplicate localization key. Key 'DI_pinned_char_var' is defined in both 'localization/russian/gui/DI_RUS_l_russian.yml' and 'localization/russian/gui/DI_l_russian.yml'.
[06:11:21][E][pdx_localize.cpp:279]: Duplicate localization key. Key 'DI_pinned_single_view' is defined in both 'localization/russian/gui/DI_RUS_l_russian.yml' and 'localization/russian/gui/DI_l_russian.yml'.
[06:11:21][E][pdx_localize.cpp:279]: Duplicate localization key. Key 'DI_primary_pinned_character' is defined in both 'localization/russian/gui/DI_RUS_l_russian.yml' and 'localization/russian/gui/DI_l_russian.yml'.
[06:11:21][E][pdx_localize.cpp:279]: Duplicate localization key. Key 'DI_increment' is defined in both 'localization/russian/gui/DI_RUS_l_russian.yml' and 'localization/russian/gui/DI_l_russian.yml'.
[06:11:21][E][pdx_localize.cpp:279]: Duplicate localization key. Key 'DI_increment_tt' is defined in both 'localization/russian/gui/DI_RUS_l_russian.yml' and 'localization/russian/gui/DI_l_russian.yml'.
[06:11:21][E][pdx_localize.cpp:279]: Duplicate localization key. Key 'DI_age' is defined in both 'localization/russian/gui/DI_RUS_l_russian.yml' and 'localization/russian/gui/DI_l_russian.yml'.
[06:11:21][E][pdx_localize.cpp:279]: Duplicate localization key. Key 'DI_kill_tt' is defined in both 'localization/russian/gui/DI_RUS_l_russian.yml' and 'localization/russian/gui/DI_l_russian.yml'.
[06:11:21][E][pdx_localize.cpp:279]: Duplicate localization key. Key 'DI_vassalize_tt' is defined in both 'localization/russian/gui/DI_RUS_l_russian.yml' and 'localization/russian/gui/DI_l_russian.yml'.
[06:11:21][E][pdx_localize.cpp:279]: Duplicate localization key. Key 'DI_STRESS_TOOLTIP' is defined in both 'localization/russian/gui/DI_RUS_l_russian.yml' and 'localization/russian/gui/DI_l_russian.yml'.
[06:11:21][E][pdx_localize.cpp:279]: Duplicate localization key. Key 'DI_pinned_age' is defined in both 'localization/russian/gui/DI_RUS_l_russian.yml' and 'localization/russian/gui/DI_l_russian.yml'.
[06:11:21][E][pdx_localize.cpp:279]: Duplicate localization key. Key 'DI_PC_diplomacy' is defined in both 'localization/russian/gui/DI_RUS_l_russian.yml' and 'localization/russian/gui/DI_l_russian.yml'.
[06:11:21][E][pdx_localize.cpp:279]: Duplicate localization key. Key 'DI_PC_martial' is defined in both 'localization/russian/gui/DI_RUS_l_russian.yml' and 'localization/russian/gui/DI_l_russian.yml'.
[06:11:21][E][pdx_localize.cpp:279]: Duplicate localization key. Key 'DI_PC_stewardship' is defined in both 'localization/russian/gui/DI_RUS_l_russian.yml' and 'localization/russian/gui/DI_l_russian.yml'.
[06:11:21][E][pdx_localize.cpp:279]: Duplicate localization key. Key 'DI_PC_intrigue' is defined in both 'localization/russian/gui/DI_RUS_l_russian.yml' and 'localization/russian/gui/DI_l_russian.yml'.
[06:11:21][E][pdx_localize.cpp:279]: Duplicate localization key. Key 'DI_PC_learning' is defined in both 'localization/russian/gui/DI_RUS_l_russian.yml' and 'localization/russian/gui/DI_l_russian.yml'.
[06:11:21][E][pdx_localize.cpp:279]: Duplicate localization key. Key 'DI_PC_prowess' is defined in both 'localization/russian/gui/DI_RUS_l_russian.yml' and 'localization/russian/gui/DI_l_russian.yml'.
[06:11:21][E][pdx_localize.cpp:279]: Duplicate localization key. Key 'DI_PC_gold' is defined in both 'localization/russian/gui/DI_RUS_l_russian.yml' and 'localization/russian/gui/DI_l_russian.yml'.
[06:11:21][E][pdx_localize.cpp:279]: Duplicate localization key. Key 'DI_PC_prestige' is defined in both 'localization/russian/gui/DI_RUS_l_russian.yml' and 'localization/russian/gui/DI_l_russian.yml'.
[06:11:21][E][pdx_localize.cpp:279]: Duplicate localization key. Key 'DI_PC_piety' is defined in both 'localization/russian/gui/DI_RUS_l_russian.yml' and 'localization/russian/gui/DI_l_russian.yml'.
[06:11:21][E][pdx_localize.cpp:279]: Duplicate localization key. Key 'DI_PC_dprestige' is defined in both 'localization/russian/gui/DI_RUS_l_russian.yml' and 'localization/russian/gui/DI_l_russian.yml'.
[06:11:21][E][pdx_localize.cpp:279]: Duplicate localization key. Key 'DI_PC_influence' is defined in both 'localization/russian/gui/DI_RUS_l_russian.yml' and 'localization/russian/gui/DI_l_russian.yml'.
[06:11:21][E][pdx_localize.cpp:279]: Duplicate localization key. Key 'DI_PC_provisions' is defined in both 'localization/russian/gui/DI_RUS_l_russian.yml' and 'localization/russian/gui/DI_l_russian.yml'.
[06:11:21][E][pdx_localize.cpp:279]: Duplicate localization key. Key 'DI_PC_herd' is defined in both 'localization/russian/gui/DI_RUS_l_russian.yml' and 'localization/russian/gui/DI_l_russian.yml'.
[06:11:21][E][pdx_localize.cpp:279]: Duplicate localization key. Key 'DI_PC_barter_goods' is defined in both 'localization/russian/gui/DI_RUS_l_russian.yml' and 'localization/russian/gui/DI_l_russian.yml'.
[06:11:21][E][pdx_localize.cpp:279]: Duplicate localization key. Key 'DI_PC_treasury' is defined in both 'localization/russian/gui/DI_RUS_l_russian.yml' and 'localization/russian/gui/DI_l_russian.yml'.
[06:11:21][E][pdx_localize.cpp:279]: Duplicate localization key. Key 'DI_PC_merit_level' is defined in both 'localization/russian/gui/DI_RUS_l_russian.yml' and 'localization/russian/gui/DI_l_russian.yml'.
[06:11:21][E][pdx_localize.cpp:279]: Duplicate localization key. Key 'DI_apply_skill' is defined in both 'localization/russian/gui/DI_RUS_l_russian.yml' and 'localization/russian/gui/DI_l_russian.yml'.
[06:11:21][E][pdx_localize.cpp:279]: Duplicate localization key. Key 'DI_execute_tt' is defined in both 'localization/russian/gui/DI_RUS_l_russian.yml' and 'localization/russian/gui/DI_l_russian.yml'.
[06:11:21][E][pdx_localize.cpp:279]: Duplicate localization key. Key 'DI_house_arrest_tt' is defined in both 'localization/russian/gui/DI_RUS_l_russian.yml' and 'localization/russian/gui/DI_l_russian.yml'.
[06:11:21][E][pdx_localize.cpp:279]: Duplicate localization key. Key 'DI_imprison_tt' is defined in both 'localization/russian/gui/DI_RUS_l_russian.yml' and 'localization/russian/gui/DI_l_russian.yml'.
[06:11:21][E][pdx_localize.cpp:279]: Duplicate localization key. Key 'DI_pin_living' is defined in both 'localization/russian/gui/DI_RUS_l_russian.yml' and 'localization/russian/gui/DI_l_russian.yml'.
[06:11:21][E][pdx_localize.cpp:279]: Duplicate localization key. Key 'DI_pin_living_tt' is defined in both 'localization/russian/gui/DI_RUS_l_russian.yml' and 'localization/russian/gui/DI_l_russian.yml'.
[06:11:21][E][pdx_localize.cpp:279]: Duplicate localization key. Key 'DI_pin_pinned' is defined in both 'localization/russian/gui/DI_RUS_l_russian.yml' and 'localization/russian/gui/DI_l_russian.yml'.
[06:11:21][E][pdx_localize.cpp:279]: Duplicate localization key. Key 'DI_pin_pinned_tt' is defined in both 'localization/russian/gui/DI_RUS_l_russian.yml' and 'localization/russian/gui/DI_l_russian.yml'.
[06:11:21][E][pdx_localize.cpp:279]: Duplicate localization key. Key 'DI_PC_religion_tt' is defined in both 'localization/russian/gui/DI_RUS_l_russian.yml' and 'localization/russian/gui/DI_l_russian.yml'.
[06:11:21][E][pdx_localize.cpp:279]: Duplicate localization key. Key 'DI_PC_culture_tt' is defined in both 'localization/russian/gui/DI_RUS_l_russian.yml' and 'localization/russian/gui/DI_l_russian.yml'.
[06:11:21][E][pdx_localize.cpp:279]: Duplicate localization key. Key 'DI_PC_title_tt' is defined in both 'localization/russian/gui/DI_RUS_l_russian.yml' and 'localization/russian/gui/DI_l_russian.yml'.
[06:11:21][E][pdx_localize.cpp:279]: Duplicate localization key. Key 'DI_PC_title_options' is defined in both 'localization/russian/gui/DI_RUS_l_russian.yml' and 'localization/russian/gui/DI_l_russian.yml'.
[06:11:21][E][pdx_localize.cpp:279]: Duplicate localization key. Key 'DI_PC_title_options_tt' is defined in both 'localization/russian/gui/DI_RUS_l_russian.yml' and 'localization/russian/gui/DI_l_russian.yml'.
[06:11:21][E][pdx_localize.cpp:279]: Duplicate localization key. Key 'DI_unpin_tt' is defined in both 'localization/russian/gui/DI_RUS_l_russian.yml' and 'localization/russian/gui/DI_l_russian.yml'.
[06:11:21][E][pdx_localize.cpp:279]: Duplicate localization key. Key 'DI_title_manager' is defined in both 'localization/russian/gui/DI_RUS_l_russian.yml' and 'localization/russian/gui/DI_l_russian.yml'.
[06:11:21][E][pdx_localize.cpp:279]: Duplicate localization key. Key 'DI_title_manager_tt' is defined in both 'localization/russian/gui/DI_RUS_l_russian.yml' and 'localization/russian/gui/DI_l_russian.yml'.
[06:11:21][E][pdx_localize.cpp:279]: Duplicate localization key. Key 'DI_tab_filter' is defined in both 'localization/russian/gui/DI_RUS_l_russian.yml' and 'localization/russian/gui/DI_l_russian.yml'.
[06:11:21][E][pdx_localize.cpp:279]: Duplicate localization key. Key 'DI_tab_filter_tt' is defined in both 'localization/russian/gui/DI_RUS_l_russian.yml' and 'localization/russian/gui/DI_l_russian.yml'.
[06:11:21][E][pdx_localize.cpp:279]: Duplicate localization key. Key 'DI_tab_quick_actions' is defined in both 'localization/russian/gui/DI_RUS_l_russian.yml' and 'localization/russian/gui/DI_l_russian.yml'.
[06:11:21][E][pdx_localize.cpp:279]: Duplicate localization key. Key 'DI_tab_quick_actions_tt' is defined in both 'localization/russian/gui/DI_RUS_l_russian.yml' and 'localization/russian/gui/DI_l_russian.yml'.
[06:11:21][E][pdx_localize.cpp:279]: Duplicate localization key. Key 'DI_tab_conversion' is defined in both 'localization/russian/gui/DI_RUS_l_russian.yml' and 'localization/russian/gui/DI_l_russian.yml'.
[06:11:21][E][pdx_localize.cpp:279]: Duplicate localization key. Key 'DI_tab_conversion_tt' is defined in both 'localization/russian/gui/DI_RUS_l_russian.yml' and 'localization/russian/gui/DI_l_russian.yml'.
[06:11:21][E][pdx_localize.cpp:279]: Duplicate localization key. Key 'DI_tab_province_management' is defined in both 'localization/russian/gui/DI_RUS_l_russian.yml' and 'localization/russian/gui/DI_l_russian.yml'.
[06:11:21][E][pdx_localize.cpp:279]: Duplicate localization key. Key 'DI_tab_province_management_tt' is defined in both 'localization/russian/gui/DI_RUS_l_russian.yml' and 'localization/russian/gui/DI_l_russian.yml'.
[06:11:21][E][pdx_localize.cpp:279]: Duplicate localization key. Key 'DI_toggle_all_pinned_titles' is defined in both 'localization/russian/gui/DI_RUS_l_russian.yml' and 'localization/russian/gui/DI_l_russian.yml'.
[06:11:21][E][pdx_localize.cpp:279]: Duplicate localization key. Key 'DI_toggle_all_pinned_titles_tt' is defined in both 'localization/russian/gui/DI_RUS_l_russian.yml' and 'localization/russian/gui/DI_l_russian.yml'.
[06:11:21][E][pdx_localize.cpp:279]: Duplicate localization key. Key 'DI_clear_all_pinned_titles' is defined in both 'localization/russian/gui/DI_RUS_l_russian.yml' and 'localization/russian/gui/DI_l_russian.yml'.
[06:11:21][E][pdx_localize.cpp:279]: Duplicate localization key. Key 'DI_unpin_selected_titles' is defined in both 'localization/russian/gui/DI_RUS_l_russian.yml' and 'localization/russian/gui/DI_l_russian.yml'.
[06:11:21][E][pdx_localize.cpp:279]: Duplicate localization key. Key 'DI_pinned_characters_titles' is defined in both 'localization/russian/gui/DI_RUS_l_russian.yml' and 'localization/russian/gui/DI_l_russian.yml'.
[06:11:21][E][pdx_localize.cpp:279]: Duplicate localization key. Key 'DI_sort_by_rank' is defined in both 'localization/russian/gui/DI_RUS_l_russian.yml' and 'localization/russian/gui/DI_l_russian.yml'.
[06:11:21][E][pdx_localize.cpp:279]: Duplicate localization key. Key 'DI_select_empires' is defined in both 'localization/russian/gui/DI_RUS_l_russian.yml' and 'localization/russian/gui/DI_l_russian.yml'.
[06:11:21][E][pdx_localize.cpp:279]: Duplicate localization key. Key 'DI_select_empires_tt' is defined in both 'localization/russian/gui/DI_RUS_l_russian.yml' and 'localization/russian/gui/DI_l_russian.yml'.
[06:11:21][E][pdx_localize.cpp:279]: Duplicate localization key. Key 'DI_select_kingdoms' is defined in both 'localization/russian/gui/DI_RUS_l_russian.yml' and 'localization/russian/gui/DI_l_russian.yml'.
[06:11:21][E][pdx_localize.cpp:279]: Duplicate localization key. Key 'DI_select_kingdoms_tt' is defined in both 'localization/russian/gui/DI_RUS_l_russian.yml' and 'localization/russian/gui/DI_l_russian.yml'.
[06:11:21][E][pdx_localize.cpp:279]: Duplicate localization key. Key 'DI_select_duchies' is defined in both 'localization/russian/gui/DI_RUS_l_russian.yml' and 'localization/russian/gui/DI_l_russian.yml'.
[06:11:21][E][pdx_localize.cpp:279]: Duplicate localization key. Key 'DI_select_duchies_tt' is defined in both 'localization/russian/gui/DI_RUS_l_russian.yml' and 'localization/russian/gui/DI_l_russian.yml'.
[06:11:21][E][pdx_localize.cpp:279]: Duplicate localization key. Key 'DI_select_counties' is defined in both 'localization/russian/gui/DI_RUS_l_russian.yml' and 'localization/russian/gui/DI_l_russian.yml'.
[06:11:21][E][pdx_localize.cpp:279]: Duplicate localization key. Key 'DI_select_counties_tt' is defined in both 'localization/russian/gui/DI_RUS_l_russian.yml' and 'localization/russian/gui/DI_l_russian.yml'.
[06:11:21][E][pdx_localize.cpp:279]: Duplicate localization key. Key 'DI_claim_titles' is defined in both 'localization/russian/gui/DI_RUS_l_russian.yml' and 'localization/russian/gui/DI_l_russian.yml'.
[06:11:21][E][pdx_localize.cpp:279]: Duplicate localization key. Key 'DI_take_titles' is defined in both 'localization/russian/gui/DI_RUS_l_russian.yml' and 'localization/russian/gui/DI_l_russian.yml'.
[06:11:21][E][pdx_localize.cpp:279]: Duplicate localization key. Key 'DI_destroy_titles' is defined in both 'localization/russian/gui/DI_RUS_l_russian.yml' and 'localization/russian/gui/DI_l_russian.yml'.
[06:11:21][E][pdx_localize.cpp:279]: Duplicate localization key. Key 'DI_convert_religion' is defined in both 'localization/russian/gui/DI_RUS_l_russian.yml' and 'localization/russian/gui/DI_l_russian.yml'.
[06:11:21][E][pdx_localize.cpp:279]: Duplicate localization key. Key 'DI_convert_culture' is defined in both 'localization/russian/gui/DI_RUS_l_russian.yml' and 'localization/russian/gui/DI_l_russian.yml'.
[06:11:21][E][pdx_localize.cpp:279]: Duplicate localization key. Key 'DI_convert_dejure' is defined in both 'localization/russian/gui/DI_RUS_l_russian.yml' and 'localization/russian/gui/DI_l_russian.yml'.
[06:11:21][E][pdx_localize.cpp:279]: Duplicate localization key. Key 'DI_remove_holding' is defined in both 'localization/russian/gui/DI_RUS_l_russian.yml' and 'localization/russian/gui/DI_l_russian.yml'.
[06:11:21][E][pdx_localize.cpp:279]: Duplicate localization key. Key 'DI_remove_holding_tt' is defined in both 'localization/russian/gui/DI_RUS_l_russian.yml' and 'localization/russian/gui/DI_l_russian.yml'.
[06:11:21][E][pdx_localize.cpp:279]: Duplicate localization key. Key 'DI_add_building_slot' is defined in both 'localization/russian/gui/DI_RUS_l_russian.yml' and 'localization/russian/gui/DI_l_russian.yml'.
[06:11:21][E][pdx_localize.cpp:279]: Duplicate localization key. Key 'DI_add_building_slot_tt' is defined in both 'localization/russian/gui/DI_RUS_l_russian.yml' and 'localization/russian/gui/DI_l_russian.yml'.
[06:11:21][E][pdx_localize.cpp:279]: Duplicate localization key. Key 'DI_set_holding_type' is defined in both 'localization/russian/gui/DI_RUS_l_russian.yml' and 'localization/russian/gui/DI_l_russian.yml'.
[06:11:21][E][pdx_localize.cpp:279]: Duplicate localization key. Key 'DI_set_holding_type_tt' is defined in both 'localization/russian/gui/DI_RUS_l_russian.yml' and 'localization/russian/gui/DI_l_russian.yml'.
[06:11:21][E][pdx_localize.cpp:279]: Duplicate localization key. Key 'DI_remove_buildings' is defined in both 'localization/russian/gui/DI_RUS_l_russian.yml' and 'localization/russian/gui/DI_l_russian.yml'.
[06:11:21][E][pdx_localize.cpp:279]: Duplicate localization key. Key 'DI_max_building_upgrades' is defined in both 'localization/russian/gui/DI_RUS_l_russian.yml' and 'localization/russian/gui/DI_l_russian.yml'.
[06:11:21][E][pdx_localize.cpp:279]: Duplicate localization key. Key 'DI_generate_buildings' is defined in both 'localization/russian/gui/DI_RUS_l_russian.yml' and 'localization/russian/gui/DI_l_russian.yml'.
[06:11:21][E][pdx_localize.cpp:279]: Duplicate localization key. Key 'DI_construct_building' is defined in both 'localization/russian/gui/DI_RUS_l_russian.yml' and 'localization/russian/gui/DI_l_russian.yml'.
[06:11:21][E][pdx_localize.cpp:279]: Duplicate localization key. Key 'DI_select_holding_type' is defined in both 'localization/russian/gui/DI_RUS_l_russian.yml' and 'localization/russian/gui/DI_l_russian.yml'.
[06:11:21][E][pdx_localize.cpp:279]: Duplicate localization key. Key 'DI_already_county_capital_tt' is defined in both 'localization/russian/gui/DI_RUS_l_russian.yml' and 'localization/russian/gui/DI_l_russian.yml'.
[06:11:21][E][pdx_localize.cpp:279]: Duplicate localization key. Key 'DI_make_county_capital_tt' is defined in both 'localization/russian/gui/DI_RUS_l_russian.yml' and 'localization/russian/gui/DI_l_russian.yml'.
[06:11:21][E][pdx_localize.cpp:279]: Duplicate localization key. Key 'DI_selected_over_pinned_tt' is defined in both 'localization/russian/gui/DI_RUS_l_russian.yml' and 'localization/russian/gui/DI_l_russian.yml'.
[06:11:21][E][pdx_localize.cpp:279]: Duplicate localization key. Key 'DI_pinned_over_pinned_tt' is defined in both 'localization/russian/gui/DI_RUS_l_russian.yml' and 'localization/russian/gui/DI_l_russian.yml'.
[06:11:21][E][pdx_localize.cpp:279]: Duplicate localization key. Key 'DI_create_dejure_liege_title' is defined in both 'localization/russian/gui/DI_RUS_l_russian.yml' and 'localization/russian/gui/DI_l_russian.yml'.
[06:11:21][E][pdx_localize.cpp:279]: Duplicate localization key. Key 'DI_create_dejure_liege_title_tt' is defined in both 'localization/russian/gui/DI_RUS_l_russian.yml' and 'localization/russian/gui/DI_l_russian.yml'.
[06:11:21][E][pdx_localize.cpp:279]: Duplicate localization key. Key 'DI_create_dejure_vassal_titles' is defined in both 'localization/russian/gui/DI_RUS_l_russian.yml' and 'localization/russian/gui/DI_l_russian.yml'.
[06:11:21][E][pdx_localize.cpp:279]: Duplicate localization key. Key 'DI_create_dejure_vassal_titles_tt' is defined in both 'localization/russian/gui/DI_RUS_l_russian.yml' and 'localization/russian/gui/DI_l_russian.yml'.
[06:11:21][E][pdx_localize.cpp:279]: Duplicate localization key. Key 'DI_create_entire_dejure_tree' is defined in both 'localization/russian/gui/DI_RUS_l_russian.yml' and 'localization/russian/gui/DI_l_russian.yml'.
[06:11:21][E][pdx_localize.cpp:279]: Duplicate localization key. Key 'DI_create_entire_dejure_tree_tt' is defined in both 'localization/russian/gui/DI_RUS_l_russian.yml' and 'localization/russian/gui/DI_l_russian.yml'.
[06:11:21][E][pdx_localize.cpp:279]: Duplicate localization key. Key 'game_concept_tribe_holding' is defined in both 'localization/russian/gui/DI_RUS_l_russian.yml' and 'localization/russian/gui/DI_l_russian.yml'.
[06:11:21][E][pdx_localize.cpp:279]: Duplicate localization key. Key 'DI_dejure_title' is defined in both 'localization/russian/gui/DI_RUS_l_russian.yml' and 'localization/russian/gui/DI_l_russian.yml'.
[06:11:21][E][pdx_localize.cpp:279]: Duplicate localization key. Key 'DI_event_manager_title' is defined in both 'localization/russian/gui/DI_RUS_l_russian.yml' and 'localization/russian/gui/DI_l_russian.yml'.
[06:11:21][E][pdx_localize.cpp:279]: Duplicate localization key. Key 'DI_event_manager_tt' is defined in both 'localization/russian/gui/DI_RUS_l_russian.yml' and 'localization/russian/gui/DI_l_russian.yml'.
[06:11:21][E][pdx_localize.cpp:279]: Duplicate localization key. Key 'DI_em_example_event' is defined in both 'localization/russian/gui/DI_RUS_l_russian.yml' and 'localization/russian/gui/DI_l_russian.yml'.
[06:11:21][E][pdx_localize.cpp:279]: Duplicate localization key. Key 'DI_em_pregnancy' is defined in both 'localization/russian/gui/DI_RUS_l_russian.yml' and 'localization/russian/gui/DI_l_russian.yml'.
[06:11:21][E][pdx_localize.cpp:279]: Duplicate localization key. Key 'DI_em_harm' is defined in both 'localization/russian/gui/DI_RUS_l_russian.yml' and 'localization/russian/gui/DI_l_russian.yml'.
[06:11:21][E][pdx_localize.cpp:279]: Duplicate localization key. Key 'DI_char_spawner' is defined in both 'localization/russian/gui/DI_RUS_l_russian.yml' and 'localization/russian/gui/DI_l_russian.yml'.
[06:11:21][E][pdx_localize.cpp:279]: Duplicate localization key. Key 'DI_char_spawner_female' is defined in both 'localization/russian/gui/DI_RUS_l_russian.yml' and 'localization/russian/gui/DI_l_russian.yml'.
[06:11:21][E][pdx_localize.cpp:279]: Duplicate localization key. Key 'DI_char_spawner_no_traits' is defined in both 'localization/russian/gui/DI_RUS_l_russian.yml' and 'localization/russian/gui/DI_l_russian.yml'.
[06:11:21][E][pdx_localize.cpp:279]: Duplicate localization key. Key 'DI_char_spawner_100_stat_man' is defined in both 'localization/russian/gui/DI_RUS_l_russian.yml' and 'localization/russian/gui/DI_l_russian.yml'.
[06:11:21][E][pdx_localize.cpp:279]: Duplicate localization key. Key 'DI_char_spawner_good_traits' is defined in both 'localization/russian/gui/DI_RUS_l_russian.yml' and 'localization/russian/gui/DI_l_russian.yml'.
[06:11:21][E][pdx_localize.cpp:279]: Duplicate localization key. Key 'DI_char_spawner_immortal' is defined in both 'localization/russian/gui/DI_RUS_l_russian.yml' and 'localization/russian/gui/DI_l_russian.yml'.
[06:11:21][E][pdx_localize.cpp:279]: Duplicate localization key. Key 'DI_char_spawner_origins' is defined in both 'localization/russian/gui/DI_RUS_l_russian.yml' and 'localization/russian/gui/DI_l_russian.yml'.
[06:11:21][E][pdx_localize.cpp:279]: Duplicate localization key. Key 'DI_char_spawner_culture' is defined in both 'localization/russian/gui/DI_RUS_l_russian.yml' and 'localization/russian/gui/DI_l_russian.yml'.
[06:11:21][E][pdx_localize.cpp:279]: Duplicate localization key. Key 'DI_char_spawner_faith' is defined in both 'localization/russian/gui/DI_RUS_l_russian.yml' and 'localization/russian/gui/DI_l_russian.yml'.
[06:11:21][E][pdx_localize.cpp:279]: Duplicate localization key. Key 'DI_char_spawner_origin_target' is defined in both 'localization/russian/gui/DI_RUS_l_russian.yml' and 'localization/russian/gui/DI_l_russian.yml'.
[06:11:21][E][pdx_localize.cpp:279]: Duplicate localization key. Key 'DI_char_spawner_origin_target_tt' is defined in both 'localization/russian/gui/DI_RUS_l_russian.yml' and 'localization/russian/gui/DI_l_russian.yml'.
[06:11:21][E][pdx_localize.cpp:279]: Duplicate localization key. Key 'DI_char_spawner_origin_random' is defined in both 'localization/russian/gui/DI_RUS_l_russian.yml' and 'localization/russian/gui/DI_l_russian.yml'.
[06:11:21][E][pdx_localize.cpp:279]: Duplicate localization key. Key 'DI_char_spawner_random_culture_tt' is defined in both 'localization/russian/gui/DI_RUS_l_russian.yml' and 'localization/russian/gui/DI_l_russian.yml'.
[06:11:21][E][pdx_localize.cpp:279]: Duplicate localization key. Key 'DI_char_spawner_random_faith_tt' is defined in both 'localization/russian/gui/DI_RUS_l_russian.yml' and 'localization/russian/gui/DI_l_russian.yml'.
[06:11:21][E][pdx_localize.cpp:279]: Duplicate localization key. Key 'DI_char_spawner_select_culture_tt' is defined in both 'localization/russian/gui/DI_RUS_l_russian.yml' and 'localization/russian/gui/DI_l_russian.yml'.
[06:11:21][E][pdx_localize.cpp:279]: Duplicate localization key. Key 'DI_char_spawner_select_faith_tt' is defined in both 'localization/russian/gui/DI_RUS_l_russian.yml' and 'localization/russian/gui/DI_l_russian.yml'.
[06:11:21][E][pdx_localize.cpp:279]: Duplicate localization key. Key 'DI_char_spawner_select_faith' is defined in both 'localization/russian/gui/DI_RUS_l_russian.yml' and 'localization/russian/gui/DI_l_russian.yml'.
[06:11:21][E][pdx_localize.cpp:279]: Duplicate localization key. Key 'DI_char_spawner_random_options' is defined in both 'localization/russian/gui/DI_RUS_l_russian.yml' and 'localization/russian/gui/DI_l_russian.yml'.
[06:11:21][E][pdx_localize.cpp:279]: Duplicate localization key. Key 'DI_char_spawner_random_culture_title' is defined in both 'localization/russian/gui/DI_RUS_l_russian.yml' and 'localization/russian/gui/DI_l_russian.yml'.
[06:11:21][E][pdx_localize.cpp:279]: Duplicate localization key. Key 'DI_char_spawner_random_faith_title' is defined in both 'localization/russian/gui/DI_RUS_l_russian.yml' and 'localization/russian/gui/DI_l_russian.yml'.
[06:11:21][E][pdx_localize.cpp:279]: Duplicate localization key. Key 'DI_char_spawner_random_global' is defined in both 'localization/russian/gui/DI_RUS_l_russian.yml' and 'localization/russian/gui/DI_l_russian.yml'.
[06:11:21][E][pdx_localize.cpp:279]: Duplicate localization key. Key 'DI_char_spawner_random_same_heritage' is defined in both 'localization/russian/gui/DI_RUS_l_russian.yml' and 'localization/russian/gui/DI_l_russian.yml'.
[06:11:21][E][pdx_localize.cpp:279]: Duplicate localization key. Key 'DI_char_spawner_random_same_language' is defined in both 'localization/russian/gui/DI_RUS_l_russian.yml' and 'localization/russian/gui/DI_l_russian.yml'.
[06:11:21][E][pdx_localize.cpp:279]: Duplicate localization key. Key 'DI_char_spawner_random_same_religion' is defined in both 'localization/russian/gui/DI_RUS_l_russian.yml' and 'localization/russian/gui/DI_l_russian.yml'.
[06:11:21][E][pdx_localize.cpp:279]: Duplicate localization key. Key 'DI_char_spawner_random_same_family' is defined in both 'localization/russian/gui/DI_RUS_l_russian.yml' and 'localization/russian/gui/DI_l_russian.yml'.
[06:11:21][E][pdx_localize.cpp:279]: Duplicate localization key. Key 'DI_char_spawner_random_realm' is defined in both 'localization/russian/gui/DI_RUS_l_russian.yml' and 'localization/russian/gui/DI_l_russian.yml'.
[06:11:21][E][pdx_localize.cpp:279]: Duplicate localization key. Key 'DI_char_spawner_random_low_acceptance' is defined in both 'localization/russian/gui/DI_RUS_l_russian.yml' and 'localization/russian/gui/DI_l_russian.yml'.
[06:11:21][E][pdx_localize.cpp:279]: Duplicate localization key. Key 'DI_char_spawner_random_moderate_acceptance' is defined in both 'localization/russian/gui/DI_RUS_l_russian.yml' and 'localization/russian/gui/DI_l_russian.yml'.
[06:11:21][E][pdx_localize.cpp:279]: Duplicate localization key. Key 'DI_char_spawner_random_high_acceptance' is defined in both 'localization/russian/gui/DI_RUS_l_russian.yml' and 'localization/russian/gui/DI_l_russian.yml'.
[06:11:21][E][pdx_localize.cpp:279]: Duplicate localization key. Key 'DI_char_spawner_random_faith_accepted' is defined in both 'localization/russian/gui/DI_RUS_l_russian.yml' and 'localization/russian/gui/DI_l_russian.yml'.
[06:11:21][E][pdx_localize.cpp:279]: Duplicate localization key. Key 'DI_char_spawner_random_faith_astray' is defined in both 'localization/russian/gui/DI_RUS_l_russian.yml' and 'localization/russian/gui/DI_l_russian.yml'.
[06:11:21][E][pdx_localize.cpp:279]: Duplicate localization key. Key 'DI_char_spawner_random_faith_hostile' is defined in both 'localization/russian/gui/DI_RUS_l_russian.yml' and 'localization/russian/gui/DI_l_russian.yml'.
[06:11:21][E][pdx_localize.cpp:279]: Duplicate localization key. Key 'DI_family_char_spawner' is defined in both 'localization/russian/gui/DI_RUS_l_russian.yml' and 'localization/russian/gui/DI_l_russian.yml'.
[06:11:21][E][pdx_localize.cpp:279]: Duplicate localization key. Key 'DI_family_char_spawner_tt' is defined in both 'localization/russian/gui/DI_RUS_l_russian.yml' and 'localization/russian/gui/DI_l_russian.yml'.
[06:11:21][E][pdx_localize.cpp:279]: Duplicate localization key. Key 'DI_councillors_char_spawner' is defined in both 'localization/russian/gui/DI_RUS_l_russian.yml' and 'localization/russian/gui/DI_l_russian.yml'.
[06:11:21][E][pdx_localize.cpp:279]: Duplicate localization key. Key 'DI_councillors_char_spawner_tt' is defined in both 'localization/russian/gui/DI_RUS_l_russian.yml' and 'localization/russian/gui/DI_l_russian.yml'.
[06:11:21][E][pdx_localize.cpp:279]: Duplicate localization key. Key 'DI_court_char_spawner' is defined in both 'localization/russian/gui/DI_RUS_l_russian.yml' and 'localization/russian/gui/DI_l_russian.yml'.
[06:11:21][E][pdx_localize.cpp:279]: Duplicate localization key. Key 'DI_court_char_spawner_tt' is defined in both 'localization/russian/gui/DI_RUS_l_russian.yml' and 'localization/russian/gui/DI_l_russian.yml'.
[06:11:21][E][pdx_localize.cpp:279]: Duplicate localization key. Key 'DI_char_spawner_age_increment_tt' is defined in both 'localization/russian/gui/DI_RUS_l_russian.yml' and 'localization/russian/gui/DI_l_russian.yml'.
[06:11:21][E][pdx_localize.cpp:279]: Duplicate localization key. Key 'DI_char_spawner_count_increment_tt' is defined in both 'localization/russian/gui/DI_RUS_l_russian.yml' and 'localization/russian/gui/DI_l_russian.yml'.
[06:11:21][E][pdx_localize.cpp:279]: Duplicate localization key. Key 'DI_char_spawner_count_increment' is defined in both 'localization/russian/gui/DI_RUS_l_russian.yml' and 'localization/russian/gui/DI_l_russian.yml'.
[06:11:21][E][pdx_localize.cpp:279]: Duplicate localization key. Key 'DI_char_spawner_age_increment' is defined in both 'localization/russian/gui/DI_RUS_l_russian.yml' and 'localization/russian/gui/DI_l_russian.yml'.
[06:11:21][E][pdx_localize.cpp:279]: Duplicate localization key. Key 'DI_parent' is defined in both 'localization/russian/gui/DI_RUS_l_russian.yml' and 'localization/russian/gui/DI_l_russian.yml'.
[06:11:21][E][pdx_localize.cpp:279]: Duplicate localization key. Key 'DI_parent_tt' is defined in both 'localization/russian/gui/DI_RUS_l_russian.yml' and 'localization/russian/gui/DI_l_russian.yml'.
[06:11:21][E][pdx_localize.cpp:279]: Duplicate localization key. Key 'DI_child' is defined in both 'localization/russian/gui/DI_RUS_l_russian.yml' and 'localization/russian/gui/DI_l_russian.yml'.
[06:11:21][E][pdx_localize.cpp:279]: Duplicate localization key. Key 'DI_child_tt' is defined in both 'localization/russian/gui/DI_RUS_l_russian.yml' and 'localization/russian/gui/DI_l_russian.yml'.
[06:11:21][E][pdx_localize.cpp:279]: Duplicate localization key. Key 'DI_sibling' is defined in both 'localization/russian/gui/DI_RUS_l_russian.yml' and 'localization/russian/gui/DI_l_russian.yml'.
[06:11:21][E][pdx_localize.cpp:279]: Duplicate localization key. Key 'DI_sibling_tt' is defined in both 'localization/russian/gui/DI_RUS_l_russian.yml' and 'localization/russian/gui/DI_l_russian.yml'.
[06:11:21][E][pdx_localize.cpp:279]: Duplicate localization key. Key 'DI_spouse' is defined in both 'localization/russian/gui/DI_RUS_l_russian.yml' and 'localization/russian/gui/DI_l_russian.yml'.
[06:11:21][E][pdx_localize.cpp:279]: Duplicate localization key. Key 'DI_spouse_tt' is defined in both 'localization/russian/gui/DI_RUS_l_russian.yml' and 'localization/russian/gui/DI_l_russian.yml'.
[06:11:21][E][pdx_localize.cpp:279]: Duplicate localization key. Key 'DI_martial_councillor' is defined in both 'localization/russian/gui/DI_RUS_l_russian.yml' and 'localization/russian/gui/DI_l_russian.yml'.
[06:11:21][E][pdx_localize.cpp:279]: Duplicate localization key. Key 'DI_martial_councillor_tt' is defined in both 'localization/russian/gui/DI_RUS_l_russian.yml' and 'localization/russian/gui/DI_l_russian.yml'.
[06:11:21][E][pdx_localize.cpp:279]: Duplicate localization key. Key 'DI_diplomacy_councillor' is defined in both 'localization/russian/gui/DI_RUS_l_russian.yml' and 'localization/russian/gui/DI_l_russian.yml'.
[06:11:21][E][pdx_localize.cpp:279]: Duplicate localization key. Key 'DI_diplomacy_councillor_tt' is defined in both 'localization/russian/gui/DI_RUS_l_russian.yml' and 'localization/russian/gui/DI_l_russian.yml'.
[06:11:21][E][pdx_localize.cpp:279]: Duplicate localization key. Key 'DI_stewardship_councillor' is defined in both 'localization/russian/gui/DI_RUS_l_russian.yml' and 'localization/russian/gui/DI_l_russian.yml'.
[06:11:21][E][pdx_localize.cpp:279]: Duplicate localization key. Key 'DI_stewardship_councillor_tt' is defined in both 'localization/russian/gui/DI_RUS_l_russian.yml' and 'localization/russian/gui/DI_l_russian.yml'.
[06:11:21][E][pdx_localize.cpp:279]: Duplicate localization key. Key 'DI_intrigue_councillor' is defined in both 'localization/russian/gui/DI_RUS_l_russian.yml' and 'localization/russian/gui/DI_l_russian.yml'.
[06:11:21][E][pdx_localize.cpp:279]: Duplicate localization key. Key 'DI_intrigue_councillor_tt' is defined in both 'localization/russian/gui/DI_RUS_l_russian.yml' and 'localization/russian/gui/DI_l_russian.yml'.
[06:11:21][E][pdx_localize.cpp:279]: Duplicate localization key. Key 'DI_learning_councillor' is defined in both 'localization/russian/gui/DI_RUS_l_russian.yml' and 'localization/russian/gui/DI_l_russian.yml'.
[06:11:21][E][pdx_localize.cpp:279]: Duplicate localization key. Key 'DI_learning_councillor_tt' is defined in both 'localization/russian/gui/DI_RUS_l_russian.yml' and 'localization/russian/gui/DI_l_russian.yml'.
[06:11:21][E][pdx_localize.cpp:279]: Duplicate localization key. Key 'improved_stats_effect_TT' is defined in both 'localization/russian/gui/DI_RUS_l_russian.yml' and 'localization/russian/gui/DI_l_russian.yml'.
[06:11:21][E][pdx_localize.cpp:279]: Duplicate localization key. Key 'DI_commander' is defined in both 'localization/russian/gui/DI_RUS_l_russian.yml' and 'localization/russian/gui/DI_l_russian.yml'.
[06:11:21][E][pdx_localize.cpp:279]: Duplicate localization key. Key 'DI_commander_tt' is defined in both 'localization/russian/gui/DI_RUS_l_russian.yml' and 'localization/russian/gui/DI_l_russian.yml'.
[06:11:21][E][pdx_localize.cpp:279]: Duplicate localization key. Key 'DI_knight' is defined in both 'localization/russian/gui/DI_RUS_l_russian.yml' and 'localization/russian/gui/DI_l_russian.yml'.
[06:11:21][E][pdx_localize.cpp:279]: Duplicate localization key. Key 'DI_knight_tt' is defined in both 'localization/russian/gui/DI_RUS_l_russian.yml' and 'localization/russian/gui/DI_l_russian.yml'.
[06:11:21][E][pdx_localize.cpp:279]: Duplicate localization key. Key 'DI_normal_courtier' is defined in both 'localization/russian/gui/DI_RUS_l_russian.yml' and 'localization/russian/gui/DI_l_russian.yml'.
[06:11:21][E][pdx_localize.cpp:279]: Duplicate localization key. Key 'DI_normal_courtier_tt' is defined in both 'localization/russian/gui/DI_RUS_l_russian.yml' and 'localization/russian/gui/DI_l_russian.yml'.
[06:11:21][E][pdx_localize.cpp:279]: Duplicate localization key. Key 'DI_low_normal_courtier' is defined in both 'localization/russian/gui/DI_RUS_l_russian.yml' and 'localization/russian/gui/DI_l_russian.yml'.
[06:11:21][E][pdx_localize.cpp:279]: Duplicate localization key. Key 'DI_low_normal_courtier_tt' is defined in both 'localization/russian/gui/DI_RUS_l_russian.yml' and 'localization/russian/gui/DI_l_russian.yml'.
[06:11:21][E][pdx_localize.cpp:279]: Duplicate localization key. Key 'DI_court_physician' is defined in both 'localization/russian/gui/DI_RUS_l_russian.yml' and 'localization/russian/gui/DI_l_russian.yml'.
[06:11:21][E][pdx_localize.cpp:279]: Duplicate localization key. Key 'DI_cultural_emissary' is defined in both 'localization/russian/gui/DI_RUS_l_russian.yml' and 'localization/russian/gui/DI_l_russian.yml'.
[06:11:21][E][pdx_localize.cpp:279]: Duplicate localization key. Key 'DI_keeper_of_swans' is defined in both 'localization/russian/gui/DI_RUS_l_russian.yml' and 'localization/russian/gui/DI_l_russian.yml'.
[06:11:21][E][pdx_localize.cpp:279]: Duplicate localization key. Key 'DI_chief_qadi' is defined in both 'localization/russian/gui/DI_RUS_l_russian.yml' and 'localization/russian/gui/DI_l_russian.yml'.
[06:11:21][E][pdx_localize.cpp:279]: Duplicate localization key. Key 'DI_garuda' is defined in both 'localization/russian/gui/DI_RUS_l_russian.yml' and 'localization/russian/gui/DI_l_russian.yml'.
[06:11:21][E][pdx_localize.cpp:279]: Duplicate localization key. Key 'DI_court_gardener' is defined in both 'localization/russian/gui/DI_RUS_l_russian.yml' and 'localization/russian/gui/DI_l_russian.yml'.
[06:11:21][E][pdx_localize.cpp:279]: Duplicate localization key. Key 'DI_chief_eunuch' is defined in both 'localization/russian/gui/DI_RUS_l_russian.yml' and 'localization/russian/gui/DI_l_russian.yml'.
[06:11:21][E][pdx_localize.cpp:279]: Duplicate localization key. Key 'DI_lady_in_waiting' is defined in both 'localization/russian/gui/DI_RUS_l_russian.yml' and 'localization/russian/gui/DI_l_russian.yml'.
[06:11:21][E][pdx_localize.cpp:279]: Duplicate localization key. Key 'DI_court_antiquarian' is defined in both 'localization/russian/gui/DI_RUS_l_russian.yml' and 'localization/russian/gui/DI_l_russian.yml'.
[06:11:21][E][pdx_localize.cpp:279]: Duplicate localization key. Key 'DI_court_tutor' is defined in both 'localization/russian/gui/DI_RUS_l_russian.yml' and 'localization/russian/gui/DI_l_russian.yml'.
[06:11:21][E][pdx_localize.cpp:279]: Duplicate localization key. Key 'DI_court_food_taster' is defined in both 'localization/russian/gui/DI_RUS_l_russian.yml' and 'localization/russian/gui/DI_l_russian.yml'.
[06:11:21][E][pdx_localize.cpp:279]: Duplicate localization key. Key 'DI_court_master_of_horse' is defined in both 'localization/russian/gui/DI_RUS_l_russian.yml' and 'localization/russian/gui/DI_l_russian.yml'.
[06:11:21][E][pdx_localize.cpp:279]: Duplicate localization key. Key 'DI_court_master_of_hunt' is defined in both 'localization/russian/gui/DI_RUS_l_russian.yml' and 'localization/russian/gui/DI_l_russian.yml'.
[06:11:21][E][pdx_localize.cpp:279]: Duplicate localization key. Key 'DI_court_royal_architect' is defined in both 'localization/russian/gui/DI_RUS_l_russian.yml' and 'localization/russian/gui/DI_l_russian.yml'.
[06:11:21][E][pdx_localize.cpp:279]: Duplicate localization key. Key 'DI_court_high_almoner' is defined in both 'localization/russian/gui/DI_RUS_l_russian.yml' and 'localization/russian/gui/DI_l_russian.yml'.
[06:11:21][E][pdx_localize.cpp:279]: Duplicate localization key. Key 'DI_court_seneschal' is defined in both 'localization/russian/gui/DI_RUS_l_russian.yml' and 'localization/russian/gui/DI_l_russian.yml'.
[06:11:21][E][pdx_localize.cpp:279]: Duplicate localization key. Key 'DI_court_cupbearer' is defined in both 'localization/russian/gui/DI_RUS_l_russian.yml' and 'localization/russian/gui/DI_l_russian.yml'.
[06:11:21][E][pdx_localize.cpp:279]: Duplicate localization key. Key 'DI_court_jester' is defined in both 'localization/russian/gui/DI_RUS_l_russian.yml' and 'localization/russian/gui/DI_l_russian.yml'.
[06:11:21][E][pdx_localize.cpp:279]: Duplicate localization key. Key 'DI_court_poet' is defined in both 'localization/russian/gui/DI_RUS_l_russian.yml' and 'localization/russian/gui/DI_l_russian.yml'.
[06:11:21][E][pdx_localize.cpp:279]: Duplicate localization key. Key 'DI_court_musician' is defined in both 'localization/russian/gui/DI_RUS_l_russian.yml' and 'localization/russian/gui/DI_l_russian.yml'.
[06:11:21][E][pdx_localize.cpp:279]: Duplicate localization key. Key 'DI_court_bodyguard' is defined in both 'localization/russian/gui/DI_RUS_l_russian.yml' and 'localization/russian/gui/DI_l_russian.yml'.
[06:11:21][E][pdx_localize.cpp:279]: Duplicate localization key. Key 'DI_court_champion' is defined in both 'localization/russian/gui/DI_RUS_l_russian.yml' and 'localization/russian/gui/DI_l_russian.yml'.
[06:11:21][E][pdx_localize.cpp:279]: Duplicate localization key. Key 'DI_court_executioner' is defined in both 'localization/russian/gui/DI_RUS_l_russian.yml' and 'localization/russian/gui/DI_l_russian.yml'.
[06:11:21][E][pdx_localize.cpp:279]: Duplicate localization key. Key 'DI_court_artificer' is defined in both 'localization/russian/gui/DI_RUS_l_russian.yml' and 'localization/russian/gui/DI_l_russian.yml'.
[06:11:21][E][pdx_localize.cpp:279]: Duplicate localization key. Key 'DI_army_spawner' is defined in both 'localization/russian/gui/DI_RUS_l_russian.yml' and 'localization/russian/gui/DI_l_russian.yml'.
[06:11:21][E][pdx_localize.cpp:279]: Duplicate localization key. Key 'DI_army_spawner_increment' is defined in both 'localization/russian/gui/DI_RUS_l_russian.yml' and 'localization/russian/gui/DI_l_russian.yml'.
[06:11:21][E][pdx_localize.cpp:279]: Duplicate localization key. Key 'DI_other_army_spawner' is defined in both 'localization/russian/gui/DI_RUS_l_russian.yml' and 'localization/russian/gui/DI_l_russian.yml'.
[06:11:21][E][pdx_localize.cpp:279]: Duplicate localization key. Key 'DI_army_spawner_increment_tt' is defined in both 'localization/russian/gui/DI_RUS_l_russian.yml' and 'localization/russian/gui/DI_l_russian.yml'.
[06:11:21][E][pdx_localize.cpp:279]: Duplicate localization key. Key 'DI_warning_levy' is defined in both 'localization/russian/gui/DI_RUS_l_russian.yml' and 'localization/russian/gui/DI_l_russian.yml'.
[06:11:21][E][pdx_localize.cpp:279]: Duplicate localization key. Key 'DI_diplomacy' is defined in both 'localization/russian/gui/DI_RUS_l_russian.yml' and 'localization/russian/gui/DI_l_russian.yml'.
[06:11:21][E][pdx_localize.cpp:279]: Duplicate localization key. Key 'DI_select_character' is defined in both 'localization/russian/gui/DI_RUS_l_russian.yml' and 'localization/russian/gui/DI_l_russian.yml'.
[06:11:21][E][pdx_localize.cpp:279]: Duplicate localization key. Key 'DI_primary_character' is defined in both 'localization/russian/gui/DI_RUS_l_russian.yml' and 'localization/russian/gui/DI_l_russian.yml'.
[06:11:21][E][pdx_localize.cpp:279]: Duplicate localization key. Key 'DI_secondary_character' is defined in both 'localization/russian/gui/DI_RUS_l_russian.yml' and 'localization/russian/gui/DI_l_russian.yml'.
[06:11:21][E][pdx_localize.cpp:279]: Duplicate localization key. Key 'DI_tertiary_character' is defined in both 'localization/russian/gui/DI_RUS_l_russian.yml' and 'localization/russian/gui/DI_l_russian.yml'.
[06:11:21][E][pdx_localize.cpp:279]: Duplicate localization key. Key 'DI_tab_relations' is defined in both 'localization/russian/gui/DI_RUS_l_russian.yml' and 'localization/russian/gui/DI_l_russian.yml'.
[06:11:21][E][pdx_localize.cpp:279]: Duplicate localization key. Key 'DI_tab_treaties' is defined in both 'localization/russian/gui/DI_RUS_l_russian.yml' and 'localization/russian/gui/DI_l_russian.yml'.
[06:11:21][E][pdx_localize.cpp:279]: Duplicate localization key. Key 'DI_tab_wars' is defined in both 'localization/russian/gui/DI_RUS_l_russian.yml' and 'localization/russian/gui/DI_l_russian.yml'.
[06:11:21][E][pdx_localize.cpp:279]: Duplicate localization key. Key 'DI_tab_family' is defined in both 'localization/russian/gui/DI_RUS_l_russian.yml' and 'localization/russian/gui/DI_l_russian.yml'.
[06:11:21][E][pdx_localize.cpp:279]: Duplicate localization key. Key 'DI_test' is defined in both 'localization/russian/gui/DI_RUS_l_russian.yml' and 'localization/russian/gui/DI_l_russian.yml'.
[06:11:21][E][pdx_localize.cpp:279]: Duplicate localization key. Key 'DI_clear_primary' is defined in both 'localization/russian/gui/DI_RUS_l_russian.yml' and 'localization/russian/gui/DI_l_russian.yml'.
[06:11:21][E][pdx_localize.cpp:279]: Duplicate localization key. Key 'DI_clear_secondary' is defined in both 'localization/russian/gui/DI_RUS_l_russian.yml' and 'localization/russian/gui/DI_l_russian.yml'.
[06:11:21][E][pdx_localize.cpp:279]: Duplicate localization key. Key 'DI_clear_tertiary' is defined in both 'localization/russian/gui/DI_RUS_l_russian.yml' and 'localization/russian/gui/DI_l_russian.yml'.
[06:11:21][E][pdx_localize.cpp:279]: Duplicate localization key. Key 'DI_relations_tt' is defined in both 'localization/russian/gui/DI_RUS_l_russian.yml' and 'localization/russian/gui/DI_l_russian.yml'.
[06:11:21][E][pdx_localize.cpp:279]: Duplicate localization key. Key 'DI_placeholder_tt' is defined in both 'localization/russian/gui/DI_RUS_l_russian.yml' and 'localization/russian/gui/DI_l_russian.yml'.
[06:11:21][E][pdx_localize.cpp:279]: Duplicate localization key. Key 'DI_reset_relations' is defined in both 'localization/russian/gui/DI_RUS_l_russian.yml' and 'localization/russian/gui/DI_l_russian.yml'.
[06:11:21][E][pdx_localize.cpp:279]: Duplicate localization key. Key 'DI_reset_relations_tt' is defined in both 'localization/russian/gui/DI_RUS_l_russian.yml' and 'localization/russian/gui/DI_l_russian.yml'.
[06:11:21][E][pdx_localize.cpp:279]: Duplicate localization key. Key 'DI_good_relations' is defined in both 'localization/russian/gui/DI_RUS_l_russian.yml' and 'localization/russian/gui/DI_l_russian.yml'.
[06:11:21][E][pdx_localize.cpp:279]: Duplicate localization key. Key 'DI_bad_relations' is defined in both 'localization/russian/gui/DI_RUS_l_russian.yml' and 'localization/russian/gui/DI_l_russian.yml'.
[06:11:21][E][pdx_localize.cpp:279]: Duplicate localization key. Key 'DI_reset_pinned_relations' is defined in both 'localization/russian/gui/DI_RUS_l_russian.yml' and 'localization/russian/gui/DI_l_russian.yml'.
[06:11:21][E][pdx_localize.cpp:279]: Duplicate localization key. Key 'DI_reset_pinned_relations_tt' is defined in both 'localization/russian/gui/DI_RUS_l_russian.yml' and 'localization/russian/gui/DI_l_russian.yml'.
[06:11:21][E][pdx_localize.cpp:279]: Duplicate localization key. Key 'DI_reset_all_pinned_relations' is defined in both 'localization/russian/gui/DI_RUS_l_russian.yml' and 'localization/russian/gui/DI_l_russian.yml'.
[06:11:21][E][pdx_localize.cpp:279]: Duplicate localization key. Key 'DI_reset_all_pinned_relations_tt' is defined in both 'localization/russian/gui/DI_RUS_l_russian.yml' and 'localization/russian/gui/DI_l_russian.yml'.
[06:11:21][E][pdx_localize.cpp:279]: Duplicate localization key. Key 'DI_apply_relations' is defined in both 'localization/russian/gui/DI_RUS_l_russian.yml' and 'localization/russian/gui/DI_l_russian.yml'.
[06:11:21][E][pdx_localize.cpp:279]: Duplicate localization key. Key 'DI_apply_relations_tt' is defined in both 'localization/russian/gui/DI_RUS_l_russian.yml' and 'localization/russian/gui/DI_l_russian.yml'.
[06:11:21][E][pdx_localize.cpp:279]: Duplicate localization key. Key 'DI_apply_pinned_relations' is defined in both 'localization/russian/gui/DI_RUS_l_russian.yml' and 'localization/russian/gui/DI_l_russian.yml'.
[06:11:21][E][pdx_localize.cpp:279]: Duplicate localization key. Key 'DI_apply_pinned_relations_tt' is defined in both 'localization/russian/gui/DI_RUS_l_russian.yml' and 'localization/russian/gui/DI_l_russian.yml'.
[06:11:21][E][pdx_localize.cpp:279]: Duplicate localization key. Key 'DI_apply_all_pinned_relations' is defined in both 'localization/russian/gui/DI_RUS_l_russian.yml' and 'localization/russian/gui/DI_l_russian.yml'.
[06:11:21][E][pdx_localize.cpp:279]: Duplicate localization key. Key 'DI_apply_all_pinned_relations_tt' is defined in both 'localization/russian/gui/DI_RUS_l_russian.yml' and 'localization/russian/gui/DI_l_russian.yml'.
[06:11:21][E][pdx_localize.cpp:279]: Duplicate localization key. Key 'DI_relation_add_compatibility_tt' is defined in both 'localization/russian/gui/DI_RUS_l_russian.yml' and 'localization/russian/gui/DI_l_russian.yml'.
[06:11:21][E][pdx_localize.cpp:279]: Duplicate localization key. Key 'DI_dip_treaty_button' is defined in both 'localization/russian/gui/DI_RUS_l_russian.yml' and 'localization/russian/gui/DI_l_russian.yml'.
[06:11:21][E][pdx_localize.cpp:279]: Duplicate localization key. Key 'DI_dip_treaty_button_tt' is defined in both 'localization/russian/gui/DI_RUS_l_russian.yml' and 'localization/russian/gui/DI_l_russian.yml'.
[06:11:21][E][pdx_localize.cpp:279]: Duplicate localization key. Key 'DI_dip_alliance_button' is defined in both 'localization/russian/gui/DI_RUS_l_russian.yml' and 'localization/russian/gui/DI_l_russian.yml'.
[06:11:21][E][pdx_localize.cpp:279]: Duplicate localization key. Key 'DI_dip_alliance_button_tt' is defined in both 'localization/russian/gui/DI_RUS_l_russian.yml' and 'localization/russian/gui/DI_l_russian.yml'.
[06:11:21][E][pdx_localize.cpp:279]: Duplicate localization key. Key 'DI_dip_vassalize_button' is defined in both 'localization/russian/gui/DI_RUS_l_russian.yml' and 'localization/russian/gui/DI_l_russian.yml'.
[06:11:21][E][pdx_localize.cpp:279]: Duplicate localization key. Key 'DI_dip_vassalize_button_tt' is defined in both 'localization/russian/gui/DI_RUS_l_russian.yml' and 'localization/russian/gui/DI_l_russian.yml'.
[06:11:21][E][pdx_localize.cpp:279]: Duplicate localization key. Key 'DI_dip_take_titles_button' is defined in both 'localization/russian/gui/DI_RUS_l_russian.yml' and 'localization/russian/gui/DI_l_russian.yml'.
[06:11:21][E][pdx_localize.cpp:279]: Duplicate localization key. Key 'DI_dip_take_titles_button_tt' is defined in both 'localization/russian/gui/DI_RUS_l_russian.yml' and 'localization/russian/gui/DI_l_russian.yml'.
[06:11:21][E][pdx_localize.cpp:279]: Duplicate localization key. Key 'DI_all_treaty' is defined in both 'localization/russian/gui/DI_RUS_l_russian.yml' and 'localization/russian/gui/DI_l_russian.yml'.
[06:11:21][E][pdx_localize.cpp:279]: Duplicate localization key. Key 'DI_all_treaty_tt' is defined in both 'localization/russian/gui/DI_RUS_l_russian.yml' and 'localization/russian/gui/DI_l_russian.yml'.
[06:11:21][E][pdx_localize.cpp:279]: Duplicate localization key. Key 'DI_all_break_treaty' is defined in both 'localization/russian/gui/DI_RUS_l_russian.yml' and 'localization/russian/gui/DI_l_russian.yml'.
[06:11:21][E][pdx_localize.cpp:279]: Duplicate localization key. Key 'DI_all_break_treaty_tt' is defined in both 'localization/russian/gui/DI_RUS_l_russian.yml' and 'localization/russian/gui/DI_l_russian.yml'.
[06:11:21][E][pdx_localize.cpp:279]: Duplicate localization key. Key 'DI_every_pinned_treaty' is defined in both 'localization/russian/gui/DI_RUS_l_russian.yml' and 'localization/russian/gui/DI_l_russian.yml'.
[06:11:21][E][pdx_localize.cpp:279]: Duplicate localization key. Key 'DI_every_pinned_treaty_tt' is defined in both 'localization/russian/gui/DI_RUS_l_russian.yml' and 'localization/russian/gui/DI_l_russian.yml'.
[06:11:21][E][pdx_localize.cpp:279]: Duplicate localization key. Key 'DI_all_alliance' is defined in both 'localization/russian/gui/DI_RUS_l_russian.yml' and 'localization/russian/gui/DI_l_russian.yml'.
[06:11:21][E][pdx_localize.cpp:279]: Duplicate localization key. Key 'DI_all_alliance_tt' is defined in both 'localization/russian/gui/DI_RUS_l_russian.yml' and 'localization/russian/gui/DI_l_russian.yml'.
[06:11:21][E][pdx_localize.cpp:279]: Duplicate localization key. Key 'DI_all_break_alliance' is defined in both 'localization/russian/gui/DI_RUS_l_russian.yml' and 'localization/russian/gui/DI_l_russian.yml'.
[06:11:21][E][pdx_localize.cpp:279]: Duplicate localization key. Key 'DI_all_break_alliance_tt' is defined in both 'localization/russian/gui/DI_RUS_l_russian.yml' and 'localization/russian/gui/DI_l_russian.yml'.
[06:11:21][E][pdx_localize.cpp:279]: Duplicate localization key. Key 'DI_every_pinned_alliance' is defined in both 'localization/russian/gui/DI_RUS_l_russian.yml' and 'localization/russian/gui/DI_l_russian.yml'.
[06:11:21][E][pdx_localize.cpp:279]: Duplicate localization key. Key 'DI_every_pinned_alliance_tt' is defined in both 'localization/russian/gui/DI_RUS_l_russian.yml' and 'localization/russian/gui/DI_l_russian.yml'.
[06:11:21][E][pdx_localize.cpp:279]: Duplicate localization key. Key 'DI_dip_perma' is defined in both 'localization/russian/gui/DI_RUS_l_russian.yml' and 'localization/russian/gui/DI_l_russian.yml'.
[06:11:21][E][pdx_localize.cpp:279]: Duplicate localization key. Key 'DI_dip_war_button' is defined in both 'localization/russian/gui/DI_RUS_l_russian.yml' and 'localization/russian/gui/DI_l_russian.yml'.
[06:11:21][E][pdx_localize.cpp:279]: Duplicate localization key. Key 'DI_dip_war_button_tt' is defined in both 'localization/russian/gui/DI_RUS_l_russian.yml' and 'localization/russian/gui/DI_l_russian.yml'.
[06:11:21][E][pdx_localize.cpp:279]: Duplicate localization key. Key 'DI_dip_casus_belli_button' is defined in both 'localization/russian/gui/DI_RUS_l_russian.yml' and 'localization/russian/gui/DI_l_russian.yml'.
[06:11:21][E][pdx_localize.cpp:279]: Duplicate localization key. Key 'DI_dip_casus_belli_button_tt' is defined in both 'localization/russian/gui/DI_RUS_l_russian.yml' and 'localization/russian/gui/DI_l_russian.yml'.
[06:11:21][E][pdx_localize.cpp:279]: Duplicate localization key. Key 'DI_casus_belli' is defined in both 'localization/russian/gui/DI_RUS_l_russian.yml' and 'localization/russian/gui/DI_l_russian.yml'.
[06:11:21][E][pdx_localize.cpp:279]: Duplicate localization key. Key 'DI_county_conquest' is defined in both 'localization/russian/gui/DI_RUS_l_russian.yml' and 'localization/russian/gui/DI_l_russian.yml'.
[06:11:21][E][pdx_localize.cpp:279]: Duplicate localization key. Key 'DI_county_conquest_tt' is defined in both 'localization/russian/gui/DI_RUS_l_russian.yml' and 'localization/russian/gui/DI_l_russian.yml'.
[06:11:21][E][pdx_localize.cpp:279]: Duplicate localization key. Key 'DI_dip_select_titles_button' is defined in both 'localization/russian/gui/DI_RUS_l_russian.yml' and 'localization/russian/gui/DI_l_russian.yml'.
[06:11:21][E][pdx_localize.cpp:279]: Duplicate localization key. Key 'DI_dip_select_titles_button_tt' is defined in both 'localization/russian/gui/DI_RUS_l_russian.yml' and 'localization/russian/gui/DI_l_russian.yml'.
[06:11:21][E][pdx_localize.cpp:279]: Duplicate localization key. Key 'DI_dip_end_war_button' is defined in both 'localization/russian/gui/DI_RUS_l_russian.yml' and 'localization/russian/gui/DI_l_russian.yml'.
[06:11:21][E][pdx_localize.cpp:279]: Duplicate localization key. Key 'DI_dip_end_war_button_tt' is defined in both 'localization/russian/gui/DI_RUS_l_russian.yml' and 'localization/russian/gui/DI_l_russian.yml'.
[06:11:21][E][pdx_localize.cpp:279]: Duplicate localization key. Key 'DI_all_war' is defined in both 'localization/russian/gui/DI_RUS_l_russian.yml' and 'localization/russian/gui/DI_l_russian.yml'.
[06:11:21][E][pdx_localize.cpp:279]: Duplicate localization key. Key 'DI_all_end_war' is defined in both 'localization/russian/gui/DI_RUS_l_russian.yml' and 'localization/russian/gui/DI_l_russian.yml'.
[06:11:21][E][pdx_localize.cpp:279]: Duplicate localization key. Key 'DI_every_pinned_war' is defined in both 'localization/russian/gui/DI_RUS_l_russian.yml' and 'localization/russian/gui/DI_l_russian.yml'.
[06:11:21][E][pdx_localize.cpp:279]: Duplicate localization key. Key 'DI_dip_adoption_button' is defined in both 'localization/russian/gui/DI_RUS_l_russian.yml' and 'localization/russian/gui/DI_l_russian.yml'.
[06:11:21][E][pdx_localize.cpp:279]: Duplicate localization key. Key 'DI_dip_adoption_button_tt' is defined in both 'localization/russian/gui/DI_RUS_l_russian.yml' and 'localization/russian/gui/DI_l_russian.yml'.
[06:11:21][E][pdx_localize.cpp:279]: Duplicate localization key. Key 'DI_dip_adoption_house_button' is defined in both 'localization/russian/gui/DI_RUS_l_russian.yml' and 'localization/russian/gui/DI_l_russian.yml'.
[06:11:21][E][pdx_localize.cpp:279]: Duplicate localization key. Key 'DI_dip_adoption_house_button_tt' is defined in both 'localization/russian/gui/DI_RUS_l_russian.yml' and 'localization/russian/gui/DI_l_russian.yml'.
[06:11:21][E][pdx_localize.cpp:279]: Duplicate localization key. Key 'DI_dip_impregnate_button' is defined in both 'localization/russian/gui/DI_RUS_l_russian.yml' and 'localization/russian/gui/DI_l_russian.yml'.
[06:11:21][E][pdx_localize.cpp:279]: Duplicate localization key. Key 'DI_dip_impregnate_button_tt' is defined in both 'localization/russian/gui/DI_RUS_l_russian.yml' and 'localization/russian/gui/DI_l_russian.yml'.
[06:11:21][E][pdx_localize.cpp:279]: Duplicate localization key. Key 'DI_dip_preg_gender_male_button' is defined in both 'localization/russian/gui/DI_RUS_l_russian.yml' and 'localization/russian/gui/DI_l_russian.yml'.
[06:11:21][E][pdx_localize.cpp:279]: Duplicate localization key. Key 'DI_dip_preg_gender_male_button_tt' is defined in both 'localization/russian/gui/DI_RUS_l_russian.yml' and 'localization/russian/gui/DI_l_russian.yml'.
[06:11:21][E][pdx_localize.cpp:279]: Duplicate localization key. Key 'DI_dip_preg_gender_female_button' is defined in both 'localization/russian/gui/DI_RUS_l_russian.yml' and 'localization/russian/gui/DI_l_russian.yml'.
[06:11:21][E][pdx_localize.cpp:279]: Duplicate localization key. Key 'DI_dip_preg_gender_female_button_tt' is defined in both 'localization/russian/gui/DI_RUS_l_russian.yml' and 'localization/russian/gui/DI_l_russian.yml'.
[06:11:21][E][pdx_localize.cpp:279]: Duplicate localization key. Key 'DI_dip_set_real_father_button' is defined in both 'localization/russian/gui/DI_RUS_l_russian.yml' and 'localization/russian/gui/DI_l_russian.yml'.
[06:11:21][E][pdx_localize.cpp:279]: Duplicate localization key. Key 'DI_dip_set_real_father_button_tt' is defined in both 'localization/russian/gui/DI_RUS_l_russian.yml' and 'localization/russian/gui/DI_l_russian.yml'.
[06:11:21][E][pdx_localize.cpp:279]: Duplicate localization key. Key 'DI_dip_set_father_as_real_father_button' is defined in both 'localization/russian/gui/DI_RUS_l_russian.yml' and 'localization/russian/gui/DI_l_russian.yml'.
[06:11:21][E][pdx_localize.cpp:279]: Duplicate localization key. Key 'DI_dip_set_father_as_real_father_button_tt' is defined in both 'localization/russian/gui/DI_RUS_l_russian.yml' and 'localization/russian/gui/DI_l_russian.yml'.
[06:11:21][E][pdx_localize.cpp:279]: Duplicate localization key. Key 'DI_dip_marry_button' is defined in both 'localization/russian/gui/DI_RUS_l_russian.yml' and 'localization/russian/gui/DI_l_russian.yml'.
[06:11:21][E][pdx_localize.cpp:279]: Duplicate localization key. Key 'DI_dip_marry_button_tt' is defined in both 'localization/russian/gui/DI_RUS_l_russian.yml' and 'localization/russian/gui/DI_l_russian.yml'.
[06:11:21][E][pdx_localize.cpp:279]: Duplicate localization key. Key 'DI_dip_marry_matrilineal_button' is defined in both 'localization/russian/gui/DI_RUS_l_russian.yml' and 'localization/russian/gui/DI_l_russian.yml'.
[06:11:21][E][pdx_localize.cpp:279]: Duplicate localization key. Key 'DI_dip_marry_matrilineal_button_tt' is defined in both 'localization/russian/gui/DI_RUS_l_russian.yml' and 'localization/russian/gui/DI_l_russian.yml'.
[06:11:21][E][pdx_localize.cpp:279]: Duplicate localization key. Key 'DI_dip_divorce_button' is defined in both 'localization/russian/gui/DI_RUS_l_russian.yml' and 'localization/russian/gui/DI_l_russian.yml'.
[06:11:21][E][pdx_localize.cpp:279]: Duplicate localization key. Key 'DI_dip_divorce_button_tt' is defined in both 'localization/russian/gui/DI_RUS_l_russian.yml' and 'localization/russian/gui/DI_l_russian.yml'.
[06:11:21][E][pdx_localize.cpp:279]: Duplicate localization key. Key 'DI_dip_add_concubine_button' is defined in both 'localization/russian/gui/DI_RUS_l_russian.yml' and 'localization/russian/gui/DI_l_russian.yml'.
[06:11:21][E][pdx_localize.cpp:279]: Duplicate localization key. Key 'DI_dip_add_concubine_button_tt' is defined in both 'localization/russian/gui/DI_RUS_l_russian.yml' and 'localization/russian/gui/DI_l_russian.yml'.
[06:11:21][E][pdx_localize.cpp:279]: Duplicate localization key. Key 'DI_dip_remove_concubine_button' is defined in both 'localization/russian/gui/DI_RUS_l_russian.yml' and 'localization/russian/gui/DI_l_russian.yml'.
[06:11:21][E][pdx_localize.cpp:279]: Duplicate localization key. Key 'DI_dip_remove_concubine_button_tt' is defined in both 'localization/russian/gui/DI_RUS_l_russian.yml' and 'localization/russian/gui/DI_l_russian.yml'.
[06:11:21][E][pdx_localize.cpp:279]: Duplicate localization key. Key 'DI_dip_arrange_betrothal_button' is defined in both 'localization/russian/gui/DI_RUS_l_russian.yml' and 'localization/russian/gui/DI_l_russian.yml'.
[06:11:21][E][pdx_localize.cpp:279]: Duplicate localization key. Key 'DI_dip_arrange_betrothal_button_tt' is defined in both 'localization/russian/gui/DI_RUS_l_russian.yml' and 'localization/russian/gui/DI_l_russian.yml'.
[06:11:21][E][pdx_localize.cpp:279]: Duplicate localization key. Key 'DI_dip_arrange_betrothal_matrilineal_button' is defined in both 'localization/russian/gui/DI_RUS_l_russian.yml' and 'localization/russian/gui/DI_l_russian.yml'.
[06:11:21][E][pdx_localize.cpp:279]: Duplicate localization key. Key 'DI_dip_arrange_betrothal_matrilineal_button_tt' is defined in both 'localization/russian/gui/DI_RUS_l_russian.yml' and 'localization/russian/gui/DI_l_russian.yml'.
[06:11:21][E][pdx_localize.cpp:279]: Duplicate localization key. Key 'DI_dip_break_betrothal_button' is defined in both 'localization/russian/gui/DI_RUS_l_russian.yml' and 'localization/russian/gui/DI_l_russian.yml'.
[06:11:21][E][pdx_localize.cpp:279]: Duplicate localization key. Key 'DI_dip_break_betrothal_button_tt' is defined in both 'localization/russian/gui/DI_RUS_l_russian.yml' and 'localization/russian/gui/DI_l_russian.yml'.
[06:11:21][E][pdx_localize.cpp:279]: Duplicate localization key. Key 'DI_dip_make_siblings_button' is defined in both 'localization/russian/gui/DI_RUS_l_russian.yml' and 'localization/russian/gui/DI_l_russian.yml'.
[06:11:21][E][pdx_localize.cpp:279]: Duplicate localization key. Key 'DI_dip_make_siblings_button_tt' is defined in both 'localization/russian/gui/DI_RUS_l_russian.yml' and 'localization/russian/gui/DI_l_russian.yml'.
[06:11:21][E][pdx_localize.cpp:279]: Duplicate localization key. Key 'DI_dip_create_cadet_branch_button' is defined in both 'localization/russian/gui/DI_RUS_l_russian.yml' and 'localization/russian/gui/DI_l_russian.yml'.
[06:11:21][E][pdx_localize.cpp:279]: Duplicate localization key. Key 'DI_dip_create_cadet_branch_button_tt' is defined in both 'localization/russian/gui/DI_RUS_l_russian.yml' and 'localization/russian/gui/DI_l_russian.yml'.
[06:11:21][E][pdx_localize.cpp:279]: Duplicate localization key. Key 'DI_artifact_creator' is defined in both 'localization/russian/gui/DI_RUS_l_russian.yml' and 'localization/russian/gui/DI_l_russian.yml'.
[06:11:21][E][pdx_localize.cpp:279]: Duplicate localization key. Key 'DI_artifact_list' is defined in both 'localization/russian/gui/DI_RUS_l_russian.yml' and 'localization/russian/gui/DI_l_russian.yml'.
[06:11:21][E][pdx_localize.cpp:279]: Duplicate localization key. Key 'DI_artifact_type' is defined in both 'localization/russian/gui/DI_RUS_l_russian.yml' and 'localization/russian/gui/DI_l_russian.yml'.
[06:11:21][E][pdx_localize.cpp:279]: Duplicate localization key. Key 'DI_artifact_quality' is defined in both 'localization/russian/gui/DI_RUS_l_russian.yml' and 'localization/russian/gui/DI_l_russian.yml'.
[06:11:21][E][pdx_localize.cpp:279]: Duplicate localization key. Key 'DI_artifact_category' is defined in both 'localization/russian/gui/DI_RUS_l_russian.yml' and 'localization/russian/gui/DI_l_russian.yml'.
[06:11:21][E][pdx_localize.cpp:279]: Duplicate localization key. Key 'DI_artifact_subtype' is defined in both 'localization/russian/gui/DI_RUS_l_russian.yml' and 'localization/russian/gui/DI_l_russian.yml'.
[06:11:21][E][pdx_localize.cpp:279]: Duplicate localization key. Key 'DI_artifact_create' is defined in both 'localization/russian/gui/DI_RUS_l_russian.yml' and 'localization/russian/gui/DI_l_russian.yml'.
[06:11:21][E][pdx_localize.cpp:279]: Duplicate localization key. Key 'DI_artifact_list_title' is defined in both 'localization/russian/gui/DI_RUS_l_russian.yml' and 'localization/russian/gui/DI_l_russian.yml'.
[06:11:21][E][pdx_localize.cpp:279]: Duplicate localization key. Key 'DI_tt_take_artifact' is defined in both 'localization/russian/gui/DI_RUS_l_russian.yml' and 'localization/russian/gui/DI_l_russian.yml'.
[06:11:21][E][pdx_localize.cpp:279]: Duplicate localization key. Key 'DI_destroy_artifact_tt' is defined in both 'localization/russian/gui/DI_RUS_l_russian.yml' and 'localization/russian/gui/DI_l_russian.yml'.
[06:11:21][E][pdx_localize.cpp:279]: Duplicate localization key. Key 'DI_quality_common_loc' is defined in both 'localization/russian/gui/DI_RUS_l_russian.yml' and 'localization/russian/gui/DI_l_russian.yml'.
[06:11:21][E][pdx_localize.cpp:279]: Duplicate localization key. Key 'DI_quality_masterwork_loc' is defined in both 'localization/russian/gui/DI_RUS_l_russian.yml' and 'localization/russian/gui/DI_l_russian.yml'.
[06:11:21][E][pdx_localize.cpp:279]: Duplicate localization key. Key 'DI_quality_famed_loc' is defined in both 'localization/russian/gui/DI_RUS_l_russian.yml' and 'localization/russian/gui/DI_l_russian.yml'.
[06:11:21][E][pdx_localize.cpp:279]: Duplicate localization key. Key 'DI_quality_illustrious_loc' is defined in both 'localization/russian/gui/DI_RUS_l_russian.yml' and 'localization/russian/gui/DI_l_russian.yml'.
[06:11:21][E][pdx_localize.cpp:279]: Duplicate localization key. Key 'DI_artifact_category_display_loc' is defined in both 'localization/russian/gui/DI_RUS_l_russian.yml' and 'localization/russian/gui/DI_l_russian.yml'.
[06:11:21][E][pdx_localize.cpp:279]: Duplicate localization key. Key 'DI_artifact_subtype_display_loc' is defined in both 'localization/russian/gui/DI_RUS_l_russian.yml' and 'localization/russian/gui/DI_l_russian.yml'.
[06:11:21][E][pdx_localize.cpp:279]: Duplicate localization key. Key 'DI_artifact_quality_display_loc' is defined in both 'localization/russian/gui/DI_RUS_l_russian.yml' and 'localization/russian/gui/DI_l_russian.yml'.
[06:11:21][E][pdx_localize.cpp:279]: Duplicate localization key. Key 'DI_ce_convert_counties' is defined in both 'localization/russian/gui/DI_RUS_l_russian.yml' and 'localization/russian/gui/DI_l_russian.yml'.
[06:11:21][E][pdx_localize.cpp:279]: Duplicate localization key. Key 'DI_ce_convert_counties_tt' is defined in both 'localization/russian/gui/DI_RUS_l_russian.yml' and 'localization/russian/gui/DI_l_russian.yml'.
[06:11:21][E][pdx_localize.cpp:279]: Duplicate localization key. Key 'DI_ce_convert_all_pinned' is defined in both 'localization/russian/gui/DI_RUS_l_russian.yml' and 'localization/russian/gui/DI_l_russian.yml'.
[06:11:21][E][pdx_localize.cpp:279]: Duplicate localization key. Key 'DI_ce_convert_all_pinned_tt' is defined in both 'localization/russian/gui/DI_RUS_l_russian.yml' and 'localization/russian/gui/DI_l_russian.yml'.
[06:11:21][E][pdx_localize.cpp:279]: Duplicate localization key. Key 'DI_ce_convert_copy' is defined in both 'localization/russian/gui/DI_RUS_l_russian.yml' and 'localization/russian/gui/DI_l_russian.yml'.
[06:11:21][E][pdx_localize.cpp:279]: Duplicate localization key. Key 'DI_ce_convert_copy_tt' is defined in both 'localization/russian/gui/DI_RUS_l_russian.yml' and 'localization/russian/gui/DI_l_russian.yml'.
[06:11:21][E][pdx_localize.cpp:279]: Duplicate localization key. Key 'DI_ce_convert_to_player' is defined in both 'localization/russian/gui/DI_RUS_l_russian.yml' and 'localization/russian/gui/DI_l_russian.yml'.
[06:11:21][E][pdx_localize.cpp:279]: Duplicate localization key. Key 'DI_ce_convert_to_player_tt' is defined in both 'localization/russian/gui/DI_RUS_l_russian.yml' and 'localization/russian/gui/DI_l_russian.yml'.
[06:11:21][E][pdx_localize.cpp:279]: Duplicate localization key. Key 'DI_ce_convert_all_pinned_counties' is defined in both 'localization/russian/gui/DI_RUS_l_russian.yml' and 'localization/russian/gui/DI_l_russian.yml'.
[06:11:21][E][pdx_localize.cpp:279]: Duplicate localization key. Key 'DI_ce_convert_all_pinned_counties_tt' is defined in both 'localization/russian/gui/DI_RUS_l_russian.yml' and 'localization/russian/gui/DI_l_russian.yml'.
[06:11:21][E][pdx_localize.cpp:279]: Duplicate localization key. Key 'DI_ce_convert_to_player_counties' is defined in both 'localization/russian/gui/DI_RUS_l_russian.yml' and 'localization/russian/gui/DI_l_russian.yml'.
[06:11:21][E][pdx_localize.cpp:279]: Duplicate localization key. Key 'DI_ce_convert_to_player_counties_tt' is defined in both 'localization/russian/gui/DI_RUS_l_russian.yml' and 'localization/russian/gui/DI_l_russian.yml'.
[06:11:21][E][pdx_localize.cpp:279]: Duplicate localization key. Key 'DI_ce_convert_to_own_counties' is defined in both 'localization/russian/gui/DI_RUS_l_russian.yml' and 'localization/russian/gui/DI_l_russian.yml'.
[06:11:21][E][pdx_localize.cpp:279]: Duplicate localization key. Key 'DI_ce_convert_to_own_counties_tt' is defined in both 'localization/russian/gui/DI_RUS_l_russian.yml' and 'localization/russian/gui/DI_l_russian.yml'.
[06:11:21][E][pdx_localize.cpp:279]: Duplicate localization key. Key 'DI_innovation_selection_tab' is defined in both 'localization/russian/gui/DI_RUS_l_russian.yml' and 'localization/russian/gui/DI_l_russian.yml'.
[06:11:21][E][pdx_localize.cpp:279]: Duplicate localization key. Key 'DI_culture_convert_tab' is defined in both 'localization/russian/gui/DI_RUS_l_russian.yml' and 'localization/russian/gui/DI_l_russian.yml'.
[06:11:21][E][pdx_localize.cpp:279]: Duplicate localization key. Key 'DI_culture_convert' is defined in both 'localization/russian/gui/DI_RUS_l_russian.yml' and 'localization/russian/gui/DI_l_russian.yml'.
[06:11:21][E][pdx_localize.cpp:279]: Duplicate localization key. Key 'DI_CLEAR_ALL_TRADITIONS' is defined in both 'localization/russian/gui/DI_RUS_l_russian.yml' and 'localization/russian/gui/DI_l_russian.yml'.
[06:11:21][E][pdx_localize.cpp:279]: Duplicate localization key. Key 'DI_COPY_TRADITIONS_LABEL' is defined in both 'localization/russian/gui/DI_RUS_l_russian.yml' and 'localization/russian/gui/DI_l_russian.yml'.
[06:11:21][E][pdx_localize.cpp:279]: Duplicate localization key. Key 'DI_copy_traditions_tt' is defined in both 'localization/russian/gui/DI_RUS_l_russian.yml' and 'localization/russian/gui/DI_l_russian.yml'.
[06:11:21][E][pdx_localize.cpp:279]: Duplicate localization key. Key 'DI_edit_tradition' is defined in both 'localization/russian/gui/DI_RUS_l_russian.yml' and 'localization/russian/gui/DI_l_russian.yml'.
[06:11:21][E][pdx_localize.cpp:279]: Duplicate localization key. Key 'DI_all_traditions' is defined in both 'localization/russian/gui/DI_RUS_l_russian.yml' and 'localization/russian/gui/DI_l_russian.yml'.
[06:11:21][E][pdx_localize.cpp:279]: Duplicate localization key. Key 'DI_culture_convert_characters' is defined in both 'localization/russian/gui/DI_RUS_l_russian.yml' and 'localization/russian/gui/DI_l_russian.yml'.
[06:11:21][E][pdx_localize.cpp:279]: Duplicate localization key. Key 'DI_culture_convert_counties' is defined in both 'localization/russian/gui/DI_RUS_l_russian.yml' and 'localization/russian/gui/DI_l_russian.yml'.
[06:11:21][E][pdx_localize.cpp:279]: Duplicate localization key. Key 'DI_culture_to_edit' is defined in both 'localization/russian/gui/DI_RUS_l_russian.yml' and 'localization/russian/gui/DI_l_russian.yml'.
[06:11:21][E][pdx_localize.cpp:279]: Duplicate localization key. Key 'DI_culture_to_copy' is defined in both 'localization/russian/gui/DI_RUS_l_russian.yml' and 'localization/russian/gui/DI_l_russian.yml'.
[06:11:21][E][pdx_localize.cpp:279]: Duplicate localization key. Key 'DI_people' is defined in both 'localization/russian/gui/DI_RUS_l_russian.yml' and 'localization/russian/gui/DI_l_russian.yml'.
[06:11:21][E][pdx_localize.cpp:279]: Duplicate localization key. Key 'DI_convert_every_courtier_culture' is defined in both 'localization/russian/gui/DI_RUS_l_russian.yml' and 'localization/russian/gui/DI_l_russian.yml'.
[06:11:21][E][pdx_localize.cpp:279]: Duplicate localization key. Key 'DI_convert_every_courtier_culture_tt' is defined in both 'localization/russian/gui/DI_RUS_l_russian.yml' and 'localization/russian/gui/DI_l_russian.yml'.
[06:11:21][E][pdx_localize.cpp:279]: Duplicate localization key. Key 'DI_convert_every_vassal_culture' is defined in both 'localization/russian/gui/DI_RUS_l_russian.yml' and 'localization/russian/gui/DI_l_russian.yml'.
[06:11:21][E][pdx_localize.cpp:279]: Duplicate localization key. Key 'DI_convert_every_vassal_culture_tt' is defined in both 'localization/russian/gui/DI_RUS_l_russian.yml' and 'localization/russian/gui/DI_l_russian.yml'.
[06:11:21][E][pdx_localize.cpp:279]: Duplicate localization key. Key 'DI_counties' is defined in both 'localization/russian/gui/DI_RUS_l_russian.yml' and 'localization/russian/gui/DI_l_russian.yml'.
[06:11:21][E][pdx_localize.cpp:279]: Duplicate localization key. Key 'DI_realm' is defined in both 'localization/russian/gui/DI_RUS_l_russian.yml' and 'localization/russian/gui/DI_l_russian.yml'.
[06:11:21][E][pdx_localize.cpp:279]: Duplicate localization key. Key 'DI_convert_realm_culture' is defined in both 'localization/russian/gui/DI_RUS_l_russian.yml' and 'localization/russian/gui/DI_l_russian.yml'.
[06:11:21][E][pdx_localize.cpp:279]: Duplicate localization key. Key 'DI_convert_realm_culture_tt' is defined in both 'localization/russian/gui/DI_RUS_l_russian.yml' and 'localization/russian/gui/DI_l_russian.yml'.
[06:11:21][E][pdx_localize.cpp:279]: Duplicate localization key. Key 'DI_convert_all_pinned_realm_culture' is defined in both 'localization/russian/gui/DI_RUS_l_russian.yml' and 'localization/russian/gui/DI_l_russian.yml'.
[06:11:21][E][pdx_localize.cpp:279]: Duplicate localization key. Key 'DI_convert_all_pinned_realm_culture_tt' is defined in both 'localization/russian/gui/DI_RUS_l_russian.yml' and 'localization/russian/gui/DI_l_russian.yml'.
[06:11:21][E][pdx_localize.cpp:279]: Duplicate localization key. Key 'DI_convert_all_pinned_to_player_culture' is defined in both 'localization/russian/gui/DI_RUS_l_russian.yml' and 'localization/russian/gui/DI_l_russian.yml'.
[06:11:21][E][pdx_localize.cpp:279]: Duplicate localization key. Key 'DI_convert_all_pinned_to_player_culture_tt' is defined in both 'localization/russian/gui/DI_RUS_l_russian.yml' and 'localization/russian/gui/DI_l_russian.yml'.
[06:11:21][E][pdx_localize.cpp:279]: Duplicate localization key. Key 'DI_quick_convert_player_realm_culture' is defined in both 'localization/russian/gui/DI_RUS_l_russian.yml' and 'localization/russian/gui/DI_l_russian.yml'.
[06:11:21][E][pdx_localize.cpp:279]: Duplicate localization key. Key 'DI_quick_convert_player_realm_culture_tt' is defined in both 'localization/russian/gui/DI_RUS_l_russian.yml' and 'localization/russian/gui/DI_l_russian.yml'.
[06:11:21][E][pdx_localize.cpp:279]: Duplicate localization key. Key 'DI_sub_realm' is defined in both 'localization/russian/gui/DI_RUS_l_russian.yml' and 'localization/russian/gui/DI_l_russian.yml'.
[06:11:21][E][pdx_localize.cpp:279]: Duplicate localization key. Key 'DI_convert_sub_realm_culture' is defined in both 'localization/russian/gui/DI_RUS_l_russian.yml' and 'localization/russian/gui/DI_l_russian.yml'.
[06:11:21][E][pdx_localize.cpp:279]: Duplicate localization key. Key 'DI_convert_sub_realm_culture_tt' is defined in both 'localization/russian/gui/DI_RUS_l_russian.yml' and 'localization/russian/gui/DI_l_russian.yml'.
[06:11:21][E][pdx_localize.cpp:279]: Duplicate localization key. Key 'DI_convert_all_pinned_sub_realm_culture' is defined in both 'localization/russian/gui/DI_RUS_l_russian.yml' and 'localization/russian/gui/DI_l_russian.yml'.
[06:11:21][E][pdx_localize.cpp:279]: Duplicate localization key. Key 'DI_convert_all_pinned_sub_realm_culture_tt' is defined in both 'localization/russian/gui/DI_RUS_l_russian.yml' and 'localization/russian/gui/DI_l_russian.yml'.
[06:11:21][E][pdx_localize.cpp:279]: Duplicate localization key. Key 'DI_convert_all_pinned_to_player_sub_realm_culture' is defined in both 'localization/russian/gui/DI_RUS_l_russian.yml' and 'localization/russian/gui/DI_l_russian.yml'.
[06:11:21][E][pdx_localize.cpp:279]: Duplicate localization key. Key 'DI_convert_all_pinned_to_player_sub_realm_culture_tt' is defined in both 'localization/russian/gui/DI_RUS_l_russian.yml' and 'localization/russian/gui/DI_l_russian.yml'.
[06:11:21][E][pdx_localize.cpp:279]: Duplicate localization key. Key 'DI_quick_convert_player_sub_realm_culture' is defined in both 'localization/russian/gui/DI_RUS_l_russian.yml' and 'localization/russian/gui/DI_l_russian.yml'.
[06:11:21][E][pdx_localize.cpp:279]: Duplicate localization key. Key 'DI_quick_convert_player_sub_realm_culture_tt' is defined in both 'localization/russian/gui/DI_RUS_l_russian.yml' and 'localization/russian/gui/DI_l_russian.yml'.
[06:11:21][E][pdx_localize.cpp:279]: Duplicate localization key. Key 'DI_all_innovations' is defined in both 'localization/russian/gui/DI_RUS_l_russian.yml' and 'localization/russian/gui/DI_l_russian.yml'.
[06:11:21][E][pdx_localize.cpp:279]: Duplicate localization key. Key 'DI_innovations_by_era' is defined in both 'localization/russian/gui/DI_RUS_l_russian.yml' and 'localization/russian/gui/DI_l_russian.yml'.
[06:11:21][E][pdx_localize.cpp:279]: Duplicate localization key. Key 'DI_add_all_innovations' is defined in both 'localization/russian/gui/DI_RUS_l_russian.yml' and 'localization/russian/gui/DI_l_russian.yml'.
[06:11:21][E][pdx_localize.cpp:279]: Duplicate localization key. Key 'DI_remove_all_innovations' is defined in both 'localization/russian/gui/DI_RUS_l_russian.yml' and 'localization/russian/gui/DI_l_russian.yml'.
[06:11:21][E][pdx_localize.cpp:279]: Duplicate localization key. Key 'DI_martial_custom_window_title' is defined in both 'localization/russian/gui/DI_RUS_l_russian.yml' and 'localization/russian/gui/DI_l_russian.yml'.
[06:11:21][E][pdx_localize.cpp:279]: Duplicate localization key. Key 'DI_ethos_window_title' is defined in both 'localization/russian/gui/DI_RUS_l_russian.yml' and 'localization/russian/gui/DI_l_russian.yml'.
[06:11:21][E][pdx_localize.cpp:279]: Duplicate localization key. Key 'DI_heritage_window_title' is defined in both 'localization/russian/gui/DI_RUS_l_russian.yml' and 'localization/russian/gui/DI_l_russian.yml'.
[06:11:21][E][pdx_localize.cpp:279]: Duplicate localization key. Key 'DI_language_window_title' is defined in both 'localization/russian/gui/DI_RUS_l_russian.yml' and 'localization/russian/gui/DI_l_russian.yml'.
[06:11:21][E][pdx_localize.cpp:279]: Duplicate localization key. Key 'DI_FAITH_EDITOR_TITLE' is defined in both 'localization/russian/gui/DI_RUS_l_russian.yml' and 'localization/russian/gui/DI_l_russian.yml'.
[06:11:21][E][pdx_localize.cpp:279]: Duplicate localization key. Key 'DI_select_tenet' is defined in both 'localization/russian/gui/DI_RUS_l_russian.yml' and 'localization/russian/gui/DI_l_russian.yml'.
[06:11:21][E][pdx_localize.cpp:279]: Duplicate localization key. Key 'DI_add_tenet' is defined in both 'localization/russian/gui/DI_RUS_l_russian.yml' and 'localization/russian/gui/DI_l_russian.yml'.
[06:11:21][E][pdx_localize.cpp:279]: Duplicate localization key. Key 'DI_fe_add_tenet_tooltip' is defined in both 'localization/russian/gui/DI_RUS_l_russian.yml' and 'localization/russian/gui/DI_l_russian.yml'.
[06:11:21][E][pdx_localize.cpp:279]: Duplicate localization key. Key 'DI_fe_replace_tenet_tooltip' is defined in both 'localization/russian/gui/DI_RUS_l_russian.yml' and 'localization/russian/gui/DI_l_russian.yml'.
[06:11:21][E][pdx_localize.cpp:279]: Duplicate localization key. Key 'DI_other_tenets_heading' is defined in both 'localization/russian/gui/DI_RUS_l_russian.yml' and 'localization/russian/gui/DI_l_russian.yml'.
[06:11:21][E][pdx_localize.cpp:279]: Duplicate localization key. Key 'interaction_category_cheat_menu' is defined in both 'localization/russian/gui/DI_RUS_l_russian.yml' and 'localization/russian/gui/DI_l_russian.yml'.
[06:11:21][E][pdx_localize.cpp:279]: Duplicate localization key. Key 'DI_open_cheat_menu' is defined in both 'localization/russian/gui/DI_RUS_l_russian.yml' and 'localization/russian/gui/DI_l_russian.yml'.
[06:11:21][E][pdx_localize.cpp:279]: Duplicate localization key. Key 'DI_close_cheat_menu' is defined in both 'localization/russian/gui/DI_RUS_l_russian.yml' and 'localization/russian/gui/DI_l_russian.yml'.
[06:11:21][E][pdx_localize.cpp:279]: Duplicate localization key. Key 'DI_cheat_menu_desc' is defined in both 'localization/russian/gui/DI_RUS_l_russian.yml' and 'localization/russian/gui/DI_l_russian.yml'.
[06:11:21][E][pdx_localize.cpp:279]: Duplicate localization key. Key 'DI_pin_character_interaction' is defined in both 'localization/russian/gui/DI_RUS_l_russian.yml' and 'localization/russian/gui/DI_l_russian.yml'.
[06:11:21][E][pdx_localize.cpp:279]: Duplicate localization key. Key 'DI_pin_character' is defined in both 'localization/russian/gui/DI_RUS_l_russian.yml' and 'localization/russian/gui/DI_l_russian.yml'.
[06:11:21][E][pdx_localize.cpp:279]: Duplicate localization key. Key 'DI_pin_vassals' is defined in both 'localization/russian/gui/DI_RUS_l_russian.yml' and 'localization/russian/gui/DI_l_russian.yml'.
[06:11:21][E][pdx_localize.cpp:279]: Duplicate localization key. Key 'DI_pin_courtiers' is defined in both 'localization/russian/gui/DI_RUS_l_russian.yml' and 'localization/russian/gui/DI_l_russian.yml'.
[06:11:21][E][pdx_localize.cpp:279]: Duplicate localization key. Key 'DI_pin_councillors' is defined in both 'localization/russian/gui/DI_RUS_l_russian.yml' and 'localization/russian/gui/DI_l_russian.yml'.
[06:11:21][E][pdx_localize.cpp:279]: Duplicate localization key. Key 'DI_pin_house' is defined in both 'localization/russian/gui/DI_RUS_l_russian.yml' and 'localization/russian/gui/DI_l_russian.yml'.
[06:11:21][E][pdx_localize.cpp:279]: Duplicate localization key. Key 'DI_pin_dynasty' is defined in both 'localization/russian/gui/DI_RUS_l_russian.yml' and 'localization/russian/gui/DI_l_russian.yml'.
[06:11:21][E][pdx_localize.cpp:279]: Duplicate localization key. Key 'DI_pin_lovers' is defined in both 'localization/russian/gui/DI_RUS_l_russian.yml' and 'localization/russian/gui/DI_l_russian.yml'.
[06:11:21][E][pdx_localize.cpp:279]: Duplicate localization key. Key 'DI_pin_bloc' is defined in both 'localization/russian/gui/DI_RUS_l_russian.yml' and 'localization/russian/gui/DI_l_russian.yml'.
[06:11:21][E][pdx_localize.cpp:279]: Duplicate localization key. Key 'DI_pin_faith_members' is defined in both 'localization/russian/gui/DI_RUS_l_russian.yml' and 'localization/russian/gui/DI_l_russian.yml'.
[06:11:21][E][pdx_localize.cpp:279]: Duplicate localization key. Key 'DI_pin_culture_members' is defined in both 'localization/russian/gui/DI_RUS_l_russian.yml' and 'localization/russian/gui/DI_l_russian.yml'.
[06:11:21][E][pdx_localize.cpp:279]: Duplicate localization key. Key 'DI_pin_close_family' is defined in both 'localization/russian/gui/DI_RUS_l_russian.yml' and 'localization/russian/gui/DI_l_russian.yml'.
[06:11:21][E][pdx_localize.cpp:279]: Duplicate localization key. Key 'DI_pin_extended_family' is defined in both 'localization/russian/gui/DI_RUS_l_russian.yml' and 'localization/russian/gui/DI_l_russian.yml'.
[06:11:21][E][pdx_localize.cpp:279]: Duplicate localization key. Key 'DI_pin_title_interaction' is defined in both 'localization/russian/gui/DI_RUS_l_russian.yml' and 'localization/russian/gui/DI_l_russian.yml'.
[06:11:21][E][pdx_localize.cpp:279]: Duplicate localization key. Key 'DI_pin_character_titles' is defined in both 'localization/russian/gui/DI_RUS_l_russian.yml' and 'localization/russian/gui/DI_l_russian.yml'.
[06:11:21][E][pdx_localize.cpp:279]: Duplicate localization key. Key 'DI_pin_vassal_titles' is defined in both 'localization/russian/gui/DI_RUS_l_russian.yml' and 'localization/russian/gui/DI_l_russian.yml'.
[06:11:21][E][pdx_localize.cpp:279]: Duplicate localization key. Key 'DI_pin_sub_realm_titles' is defined in both 'localization/russian/gui/DI_RUS_l_russian.yml' and 'localization/russian/gui/DI_l_russian.yml'.
[06:11:21][E][pdx_localize.cpp:279]: Duplicate localization key. Key 'DI_pin_realm_titles' is defined in both 'localization/russian/gui/DI_RUS_l_russian.yml' and 'localization/russian/gui/DI_l_russian.yml'.
[06:11:21][E][pdx_localize.cpp:279]: Duplicate localization key. Key 'DI_change_character_interaction' is defined in both 'localization/russian/gui/DI_RUS_l_russian.yml' and 'localization/russian/gui/DI_l_russian.yml'.
[06:11:21][E][pdx_localize.cpp:279]: Duplicate localization key. Key 'DI_change_character_desc' is defined in both 'localization/russian/gui/DI_RUS_l_russian.yml' and 'localization/russian/gui/DI_l_russian.yml'.
[06:11:21][E][pdx_localize.cpp:279]: Duplicate localization key. Key 'DI_change_character_name_interaction' is defined in both 'localization/russian/gui/DI_RUS_l_russian.yml' and 'localization/russian/gui/DI_l_russian.yml'.
[06:11:21][E][pdx_localize.cpp:279]: Duplicate localization key. Key 'DI_change_character_name_desc' is defined in both 'localization/russian/gui/DI_RUS_l_russian.yml' and 'localization/russian/gui/DI_l_russian.yml'.
[06:11:21][E][pdx_localize.cpp:279]: Duplicate localization key. Key 'DI_change_religion_interaction' is defined in both 'localization/russian/gui/DI_RUS_l_russian.yml' and 'localization/russian/gui/DI_l_russian.yml'.
[06:11:21][E][pdx_localize.cpp:279]: Duplicate localization key. Key 'DI_change_religion_desc' is defined in both 'localization/russian/gui/DI_RUS_l_russian.yml' and 'localization/russian/gui/DI_l_russian.yml'.
[06:11:21][E][pdx_localize.cpp:279]: Duplicate localization key. Key 'DI_change_culture_interaction' is defined in both 'localization/russian/gui/DI_RUS_l_russian.yml' and 'localization/russian/gui/DI_l_russian.yml'.
[06:11:21][E][pdx_localize.cpp:279]: Duplicate localization key. Key 'DI_change_culture_desc' is defined in both 'localization/russian/gui/DI_RUS_l_russian.yml' and 'localization/russian/gui/DI_l_russian.yml'.
[06:11:21][E][pdx_localize.cpp:279]: Duplicate localization key. Key 'DI_change_dynasty_interaction' is defined in both 'localization/russian/gui/DI_RUS_l_russian.yml' and 'localization/russian/gui/DI_l_russian.yml'.
[06:11:21][E][pdx_localize.cpp:279]: Duplicate localization key. Key 'DI_change_dynasty_desc' is defined in both 'localization/russian/gui/DI_RUS_l_russian.yml' and 'localization/russian/gui/DI_l_russian.yml'.
[06:11:21][E][pdx_localize.cpp:279]: Duplicate localization key. Key 'DI_char_modify_vassal_contract_interaction' is defined in both 'localization/russian/gui/DI_RUS_l_russian.yml' and 'localization/russian/gui/DI_l_russian.yml'.
[06:11:21][E][pdx_localize.cpp:279]: Duplicate localization key. Key 'DI_char_modify_vassal_contract_inter_desc' is defined in both 'localization/russian/gui/DI_RUS_l_russian.yml' and 'localization/russian/gui/DI_l_russian.yml'.
[06:11:21][E][pdx_localize.cpp:279]: Duplicate localization key. Key 'DI_modify_vassal_mod_vassal_contract_interaction' is defined in both 'localization/russian/gui/DI_RUS_l_russian.yml' and 'localization/russian/gui/DI_l_russian.yml'.
[06:11:21][E][pdx_localize.cpp:279]: Duplicate localization key. Key 'DI_modify_vassal_mod_vassal_contract_desc' is defined in both 'localization/russian/gui/DI_RUS_l_russian.yml' and 'localization/russian/gui/DI_l_russian.yml'.
[06:11:21][E][pdx_localize.cpp:279]: Duplicate localization key. Key 'DI_arrange_marriage_interaction' is defined in both 'localization/russian/gui/DI_RUS_l_russian.yml' and 'localization/russian/gui/DI_l_russian.yml'.
[06:11:21][E][pdx_localize.cpp:279]: Duplicate localization key. Key 'DI_arrange_marriage_desc' is defined in both 'localization/russian/gui/DI_RUS_l_russian.yml' and 'localization/russian/gui/DI_l_russian.yml'.
[06:11:21][E][pdx_localize.cpp:279]: Duplicate localization key. Key 'DI_learn_language_interaction' is defined in both 'localization/russian/gui/DI_RUS_l_russian.yml' and 'localization/russian/gui/DI_l_russian.yml'.
[06:11:21][E][pdx_localize.cpp:279]: Duplicate localization key. Key 'DI_break_betrothal_interaction' is defined in both 'localization/russian/gui/DI_RUS_l_russian.yml' and 'localization/russian/gui/DI_l_russian.yml'.
[06:11:21][E][pdx_localize.cpp:279]: Duplicate localization key. Key 'DI_break_betrothal_desc' is defined in both 'localization/russian/gui/DI_RUS_l_russian.yml' and 'localization/russian/gui/DI_l_russian.yml'.
[06:11:21][E][pdx_localize.cpp:279]: Duplicate localization key. Key 'DI_divorce_character_interaction' is defined in both 'localization/russian/gui/DI_RUS_l_russian.yml' and 'localization/russian/gui/DI_l_russian.yml'.
[06:11:21][E][pdx_localize.cpp:279]: Duplicate localization key. Key 'DI_divorce_character_desc' is defined in both 'localization/russian/gui/DI_RUS_l_russian.yml' and 'localization/russian/gui/DI_l_russian.yml'.
[06:11:21][E][pdx_localize.cpp:279]: Duplicate localization key. Key 'DI_designate_heir_interaction' is defined in both 'localization/russian/gui/DI_RUS_l_russian.yml' and 'localization/russian/gui/DI_l_russian.yml'.
[06:11:21][E][pdx_localize.cpp:279]: Duplicate localization key. Key 'DI_designate_heir_desc' is defined in both 'localization/russian/gui/DI_RUS_l_russian.yml' and 'localization/russian/gui/DI_l_russian.yml'.
[06:11:21][E][pdx_localize.cpp:279]: Duplicate localization key. Key 'DI_adopt_male_interaction' is defined in both 'localization/russian/gui/DI_RUS_l_russian.yml' and 'localization/russian/gui/DI_l_russian.yml'.
[06:11:21][E][pdx_localize.cpp:279]: Duplicate localization key. Key 'DI_adopt_female_interaction' is defined in both 'localization/russian/gui/DI_RUS_l_russian.yml' and 'localization/russian/gui/DI_l_russian.yml'.
[06:11:21][E][pdx_localize.cpp:279]: Duplicate localization key. Key 'DI_adopt' is defined in both 'localization/russian/gui/DI_RUS_l_russian.yml' and 'localization/russian/gui/DI_l_russian.yml'.
[06:11:21][E][pdx_localize.cpp:279]: Duplicate localization key. Key 'DI_disown_interaction' is defined in both 'localization/russian/gui/DI_RUS_l_russian.yml' and 'localization/russian/gui/DI_l_russian.yml'.
[06:11:21][E][pdx_localize.cpp:279]: Duplicate localization key. Key 'DI_disown_desc' is defined in both 'localization/russian/gui/DI_RUS_l_russian.yml' and 'localization/russian/gui/DI_l_russian.yml'.
[06:11:21][E][pdx_localize.cpp:279]: Duplicate localization key. Key 'DI_murder_interaction' is defined in both 'localization/russian/gui/DI_RUS_l_russian.yml' and 'localization/russian/gui/DI_l_russian.yml'.
[06:11:21][E][pdx_localize.cpp:279]: Duplicate localization key. Key 'DI_murder_desc' is defined in both 'localization/russian/gui/DI_RUS_l_russian.yml' and 'localization/russian/gui/DI_l_russian.yml'.
[06:11:21][E][pdx_localize.cpp:279]: Duplicate localization key. Key 'DI_imprison_interaction' is defined in both 'localization/russian/gui/DI_RUS_l_russian.yml' and 'localization/russian/gui/DI_l_russian.yml'.
[06:11:21][E][pdx_localize.cpp:279]: Duplicate localization key. Key 'DI_imprison_desc' is defined in both 'localization/russian/gui/DI_RUS_l_russian.yml' and 'localization/russian/gui/DI_l_russian.yml'.
[06:11:21][E][pdx_localize.cpp:279]: Duplicate localization key. Key 'DI_claim_title_interaction' is defined in both 'localization/russian/gui/DI_RUS_l_russian.yml' and 'localization/russian/gui/DI_l_russian.yml'.
[06:11:21][E][pdx_localize.cpp:279]: Duplicate localization key. Key 'DI_claim_title_desc' is defined in both 'localization/russian/gui/DI_RUS_l_russian.yml' and 'localization/russian/gui/DI_l_russian.yml'.
[06:11:21][E][pdx_localize.cpp:279]: Duplicate localization key. Key 'DI_remove_claims_on_player_interaction' is defined in both 'localization/russian/gui/DI_RUS_l_russian.yml' and 'localization/russian/gui/DI_l_russian.yml'.
[06:11:21][E][pdx_localize.cpp:279]: Duplicate localization key. Key 'DI_remove_claims_on_player_desc' is defined in both 'localization/russian/gui/DI_RUS_l_russian.yml' and 'localization/russian/gui/DI_l_russian.yml'.
[06:11:21][E][pdx_localize.cpp:279]: Duplicate localization key. Key 'DI_remove_all_claims_interaction' is defined in both 'localization/russian/gui/DI_RUS_l_russian.yml' and 'localization/russian/gui/DI_l_russian.yml'.
[06:11:21][E][pdx_localize.cpp:279]: Duplicate localization key. Key 'DI_remove_all_claims_desc' is defined in both 'localization/russian/gui/DI_RUS_l_russian.yml' and 'localization/russian/gui/DI_l_russian.yml'.
[06:11:21][E][pdx_localize.cpp:279]: Duplicate localization key. Key 'DI_revoke_title_interaction' is defined in both 'localization/russian/gui/DI_RUS_l_russian.yml' and 'localization/russian/gui/DI_l_russian.yml'.
[06:11:21][E][pdx_localize.cpp:279]: Duplicate localization key. Key 'DI_revoke_title_desc' is defined in both 'localization/russian/gui/DI_RUS_l_russian.yml' and 'localization/russian/gui/DI_l_russian.yml'.
[06:11:21][E][pdx_localize.cpp:279]: Duplicate localization key. Key 'DI_vassalize_interaction' is defined in both 'localization/russian/gui/DI_RUS_l_russian.yml' and 'localization/russian/gui/DI_l_russian.yml'.
[06:11:21][E][pdx_localize.cpp:279]: Duplicate localization key. Key 'DI_vassalize_desc' is defined in both 'localization/russian/gui/DI_RUS_l_russian.yml' and 'localization/russian/gui/DI_l_russian.yml'.
[06:11:21][E][pdx_localize.cpp:279]: Duplicate localization key. Key 'DI_add_to_court_interaction' is defined in both 'localization/russian/gui/DI_RUS_l_russian.yml' and 'localization/russian/gui/DI_l_russian.yml'.
[06:11:21][E][pdx_localize.cpp:279]: Duplicate localization key. Key 'DI_add_to_court_0' is defined in both 'localization/russian/gui/DI_RUS_l_russian.yml' and 'localization/russian/gui/DI_l_russian.yml'.
[06:11:21][E][pdx_localize.cpp:279]: Duplicate localization key. Key 'DI_add_to_court_1' is defined in both 'localization/russian/gui/DI_RUS_l_russian.yml' and 'localization/russian/gui/DI_l_russian.yml'.
[06:11:21][E][pdx_localize.cpp:279]: Duplicate localization key. Key 'DI_add_to_court_desc' is defined in both 'localization/russian/gui/DI_RUS_l_russian.yml' and 'localization/russian/gui/DI_l_russian.yml'.
[06:11:21][E][pdx_localize.cpp:279]: Duplicate localization key. Key 'DI_add_concubine_interaction' is defined in both 'localization/russian/gui/DI_RUS_l_russian.yml' and 'localization/russian/gui/DI_l_russian.yml'.
[06:11:21][E][pdx_localize.cpp:279]: Duplicate localization key. Key 'DI_add_concubine_desc' is defined in both 'localization/russian/gui/DI_RUS_l_russian.yml' and 'localization/russian/gui/DI_l_russian.yml'.
[06:11:21][E][pdx_localize.cpp:279]: Duplicate localization key. Key 'DI_remove_concubine_interaction' is defined in both 'localization/russian/gui/DI_RUS_l_russian.yml' and 'localization/russian/gui/DI_l_russian.yml'.
[06:11:21][E][pdx_localize.cpp:279]: Duplicate localization key. Key 'DI_remove_concubine_desc' is defined in both 'localization/russian/gui/DI_RUS_l_russian.yml' and 'localization/russian/gui/DI_l_russian.yml'.
[06:11:21][E][pdx_localize.cpp:279]: Duplicate localization key. Key 'DI_impregnate_interaction' is defined in both 'localization/russian/gui/DI_RUS_l_russian.yml' and 'localization/russian/gui/DI_l_russian.yml'.
[06:11:21][E][pdx_localize.cpp:279]: Duplicate localization key. Key 'DI_impregnate_cheat_desc' is defined in both 'localization/russian/gui/DI_RUS_l_russian.yml' and 'localization/russian/gui/DI_l_russian.yml'.
[06:11:21][E][pdx_localize.cpp:279]: Duplicate localization key. Key 'DI_impregnate_one_child' is defined in both 'localization/russian/gui/DI_RUS_l_russian.yml' and 'localization/russian/gui/DI_l_russian.yml'.
[06:11:21][E][pdx_localize.cpp:279]: Duplicate localization key. Key 'DI_impregnate_twins' is defined in both 'localization/russian/gui/DI_RUS_l_russian.yml' and 'localization/russian/gui/DI_l_russian.yml'.
[06:11:21][E][pdx_localize.cpp:279]: Duplicate localization key. Key 'DI_impregnate_triplets' is defined in both 'localization/russian/gui/DI_RUS_l_russian.yml' and 'localization/russian/gui/DI_l_russian.yml'.
[06:11:21][E][pdx_localize.cpp:279]: Duplicate localization key. Key 'DI_impregnate_by_spouse_1' is defined in both 'localization/russian/gui/DI_RUS_l_russian.yml' and 'localization/russian/gui/DI_l_russian.yml'.
[06:11:21][E][pdx_localize.cpp:279]: Duplicate localization key. Key 'DI_impregnate_by_spouse_2' is defined in both 'localization/russian/gui/DI_RUS_l_russian.yml' and 'localization/russian/gui/DI_l_russian.yml'.
[06:11:21][E][pdx_localize.cpp:279]: Duplicate localization key. Key 'DI_impregnate_by_spouse_3' is defined in both 'localization/russian/gui/DI_RUS_l_russian.yml' and 'localization/russian/gui/DI_l_russian.yml'.
[06:11:21][E][pdx_localize.cpp:279]: Duplicate localization key. Key 'DI_sleep_with_character' is defined in both 'localization/russian/gui/DI_RUS_l_russian.yml' and 'localization/russian/gui/DI_l_russian.yml'.
[06:11:21][E][pdx_localize.cpp:279]: Duplicate localization key. Key 'DI_add_hook_interaction' is defined in both 'localization/russian/gui/DI_RUS_l_russian.yml' and 'localization/russian/gui/DI_l_russian.yml'.
[06:11:21][E][pdx_localize.cpp:279]: Duplicate localization key. Key 'DI_add_loyalty_hook_interaction' is defined in both 'localization/russian/gui/DI_RUS_l_russian.yml' and 'localization/russian/gui/DI_l_russian.yml'.
[06:11:21][E][pdx_localize.cpp:279]: Duplicate localization key. Key 'DI_add_hook_desc' is defined in both 'localization/russian/gui/DI_RUS_l_russian.yml' and 'localization/russian/gui/DI_l_russian.yml'.
[06:11:21][E][pdx_localize.cpp:279]: Duplicate localization key. Key 'DI_excommunicate_interaction' is defined in both 'localization/russian/gui/DI_RUS_l_russian.yml' and 'localization/russian/gui/DI_l_russian.yml'.
[06:11:21][E][pdx_localize.cpp:279]: Duplicate localization key. Key 'DI_excommunicate_desc' is defined in both 'localization/russian/gui/DI_RUS_l_russian.yml' and 'localization/russian/gui/DI_l_russian.yml'.
[06:11:21][E][pdx_localize.cpp:279]: Duplicate localization key. Key 'DI_remove_excommunication_interaction' is defined in both 'localization/russian/gui/DI_RUS_l_russian.yml' and 'localization/russian/gui/DI_l_russian.yml'.
[06:11:21][E][pdx_localize.cpp:279]: Duplicate localization key. Key 'DI_remove_excommunication_desc' is defined in both 'localization/russian/gui/DI_RUS_l_russian.yml' and 'localization/russian/gui/DI_l_russian.yml'.
[06:11:21][E][pdx_localize.cpp:279]: Duplicate localization key. Key 'DI_commit_suicide_interaction' is defined in both 'localization/russian/gui/DI_RUS_l_russian.yml' and 'localization/russian/gui/DI_l_russian.yml'.
[06:11:21][E][pdx_localize.cpp:279]: Duplicate localization key. Key 'DI_commit_suicide_desc' is defined in both 'localization/russian/gui/DI_RUS_l_russian.yml' and 'localization/russian/gui/DI_l_russian.yml'.
[06:11:21][E][pdx_localize.cpp:279]: Duplicate localization key. Key 'DI_take_title_interaction' is defined in both 'localization/russian/gui/DI_RUS_l_russian.yml' and 'localization/russian/gui/DI_l_russian.yml'.
[06:11:21][E][pdx_localize.cpp:279]: Duplicate localization key. Key 'DI_take_title_desc' is defined in both 'localization/russian/gui/DI_RUS_l_russian.yml' and 'localization/russian/gui/DI_l_russian.yml'.
[06:11:21][E][pdx_localize.cpp:279]: Duplicate localization key. Key 'DI_change_every_county' is defined in both 'localization/russian/gui/DI_RUS_l_russian.yml' and 'localization/russian/gui/DI_l_russian.yml'.
[06:11:21][E][pdx_localize.cpp:279]: Duplicate localization key. Key 'DI_change_every_county_control' is defined in both 'localization/russian/gui/DI_RUS_l_russian.yml' and 'localization/russian/gui/DI_l_russian.yml'.
[06:11:21][E][pdx_localize.cpp:279]: Duplicate localization key. Key 'DI_change_every_county_development' is defined in both 'localization/russian/gui/DI_RUS_l_russian.yml' and 'localization/russian/gui/DI_l_russian.yml'.
[06:11:21][E][pdx_localize.cpp:279]: Duplicate localization key. Key 'DI_change_religion_every_county' is defined in both 'localization/russian/gui/DI_RUS_l_russian.yml' and 'localization/russian/gui/DI_l_russian.yml'.
[06:11:21][E][pdx_localize.cpp:279]: Duplicate localization key. Key 'DI_change_culture_every_county' is defined in both 'localization/russian/gui/DI_RUS_l_russian.yml' and 'localization/russian/gui/DI_l_russian.yml'.
[06:11:21][E][pdx_localize.cpp:279]: Duplicate localization key. Key 'DI_change_opinion_interaction' is defined in both 'localization/russian/gui/DI_RUS_l_russian.yml' and 'localization/russian/gui/DI_l_russian.yml'.
[06:11:21][E][pdx_localize.cpp:279]: Duplicate localization key. Key 'DI_change_character_weight_interaction' is defined in both 'localization/russian/gui/DI_RUS_l_russian.yml' and 'localization/russian/gui/DI_l_russian.yml'.
[06:11:21][E][pdx_localize.cpp:279]: Duplicate localization key. Key 'DI_set_relation_interaction' is defined in both 'localization/russian/gui/DI_RUS_l_russian.yml' and 'localization/russian/gui/DI_l_russian.yml'.
[06:11:21][E][pdx_localize.cpp:279]: Duplicate localization key. Key 'DI_set_potential_friend' is defined in both 'localization/russian/gui/DI_RUS_l_russian.yml' and 'localization/russian/gui/DI_l_russian.yml'.
[06:11:21][E][pdx_localize.cpp:279]: Duplicate localization key. Key 'DI_remove_potential_friend' is defined in both 'localization/russian/gui/DI_RUS_l_russian.yml' and 'localization/russian/gui/DI_l_russian.yml'.
[06:11:21][E][pdx_localize.cpp:279]: Duplicate localization key. Key 'DI_set_potential_rival' is defined in both 'localization/russian/gui/DI_RUS_l_russian.yml' and 'localization/russian/gui/DI_l_russian.yml'.
[06:11:21][E][pdx_localize.cpp:279]: Duplicate localization key. Key 'DI_remove_potential_rival' is defined in both 'localization/russian/gui/DI_RUS_l_russian.yml' and 'localization/russian/gui/DI_l_russian.yml'.
[06:11:21][E][pdx_localize.cpp:279]: Duplicate localization key. Key 'DI_set_potential_lover' is defined in both 'localization/russian/gui/DI_RUS_l_russian.yml' and 'localization/russian/gui/DI_l_russian.yml'.
[06:11:21][E][pdx_localize.cpp:279]: Duplicate localization key. Key 'DI_remove_potential_lover' is defined in both 'localization/russian/gui/DI_RUS_l_russian.yml' and 'localization/russian/gui/DI_l_russian.yml'.
[06:11:21][E][pdx_localize.cpp:279]: Duplicate localization key. Key 'DI_set_friend' is defined in both 'localization/russian/gui/DI_RUS_l_russian.yml' and 'localization/russian/gui/DI_l_russian.yml'.
[06:11:21][E][pdx_localize.cpp:279]: Duplicate localization key. Key 'DI_remove_friend' is defined in both 'localization/russian/gui/DI_RUS_l_russian.yml' and 'localization/russian/gui/DI_l_russian.yml'.
[06:11:21][E][pdx_localize.cpp:279]: Duplicate localization key. Key 'DI_set_rival' is defined in both 'localization/russian/gui/DI_RUS_l_russian.yml' and 'localization/russian/gui/DI_l_russian.yml'.
[06:11:21][E][pdx_localize.cpp:279]: Duplicate localization key. Key 'DI_remove_rival' is defined in both 'localization/russian/gui/DI_RUS_l_russian.yml' and 'localization/russian/gui/DI_l_russian.yml'.
[06:11:21][E][pdx_localize.cpp:279]: Duplicate localization key. Key 'DI_set_lover' is defined in both 'localization/russian/gui/DI_RUS_l_russian.yml' and 'localization/russian/gui/DI_l_russian.yml'.
[06:11:21][E][pdx_localize.cpp:279]: Duplicate localization key. Key 'DI_remove_lover' is defined in both 'localization/russian/gui/DI_RUS_l_russian.yml' and 'localization/russian/gui/DI_l_russian.yml'.
[06:11:21][E][pdx_localize.cpp:279]: Duplicate localization key. Key 'DI_set_best_friend' is defined in both 'localization/russian/gui/DI_RUS_l_russian.yml' and 'localization/russian/gui/DI_l_russian.yml'.
[06:11:21][E][pdx_localize.cpp:279]: Duplicate localization key. Key 'DI_remove_best_friend' is defined in both 'localization/russian/gui/DI_RUS_l_russian.yml' and 'localization/russian/gui/DI_l_russian.yml'.
[06:11:21][E][pdx_localize.cpp:279]: Duplicate localization key. Key 'DI_set_nemesis' is defined in both 'localization/russian/gui/DI_RUS_l_russian.yml' and 'localization/russian/gui/DI_l_russian.yml'.
[06:11:21][E][pdx_localize.cpp:279]: Duplicate localization key. Key 'DI_remove_nemesis' is defined in both 'localization/russian/gui/DI_RUS_l_russian.yml' and 'localization/russian/gui/DI_l_russian.yml'.
[06:11:21][E][pdx_localize.cpp:279]: Duplicate localization key. Key 'DI_set_soulmate' is defined in both 'localization/russian/gui/DI_RUS_l_russian.yml' and 'localization/russian/gui/DI_l_russian.yml'.
[06:11:21][E][pdx_localize.cpp:279]: Duplicate localization key. Key 'DI_remove_soulmate' is defined in both 'localization/russian/gui/DI_RUS_l_russian.yml' and 'localization/russian/gui/DI_l_russian.yml'.
[06:11:21][E][pdx_localize.cpp:279]: Duplicate localization key. Key 'DI_set_bully' is defined in both 'localization/russian/gui/DI_RUS_l_russian.yml' and 'localization/russian/gui/DI_l_russian.yml'.
[06:11:21][E][pdx_localize.cpp:279]: Duplicate localization key. Key 'DI_remove_bully' is defined in both 'localization/russian/gui/DI_RUS_l_russian.yml' and 'localization/russian/gui/DI_l_russian.yml'.
[06:11:21][E][pdx_localize.cpp:279]: Duplicate localization key. Key 'DI_set_victim' is defined in both 'localization/russian/gui/DI_RUS_l_russian.yml' and 'localization/russian/gui/DI_l_russian.yml'.
[06:11:21][E][pdx_localize.cpp:279]: Duplicate localization key. Key 'DI_remove_victim' is defined in both 'localization/russian/gui/DI_RUS_l_russian.yml' and 'localization/russian/gui/DI_l_russian.yml'.
[06:11:21][E][pdx_localize.cpp:279]: Duplicate localization key. Key 'DI_remove_child_interaction' is defined in both 'localization/russian/gui/DI_RUS_l_russian.yml' and 'localization/russian/gui/DI_l_russian.yml'.
[06:11:21][E][pdx_localize.cpp:279]: Duplicate localization key. Key 'DI_remove_child_desc' is defined in both 'localization/russian/gui/DI_RUS_l_russian.yml' and 'localization/russian/gui/DI_l_russian.yml'.
[06:11:21][E][pdx_localize.cpp:279]: Duplicate localization key. Key 'DI_toggle_menu_button_interaction' is defined in both 'localization/russian/gui/DI_RUS_l_russian.yml' and 'localization/russian/gui/DI_l_russian.yml'.
[06:11:21][E][pdx_localize.cpp:279]: Duplicate localization key. Key 'DI_change_government' is defined in both 'localization/russian/gui/DI_RUS_l_russian.yml' and 'localization/russian/gui/DI_l_russian.yml'.
[06:11:21][E][pdx_localize.cpp:279]: Duplicate localization key. Key 'DI_change_government_desc' is defined in both 'localization/russian/gui/DI_RUS_l_russian.yml' and 'localization/russian/gui/DI_l_russian.yml'.
[06:11:21][E][pdx_localize.cpp:279]: Duplicate localization key. Key 'DI_change_government_feudal' is defined in both 'localization/russian/gui/DI_RUS_l_russian.yml' and 'localization/russian/gui/DI_l_russian.yml'.
[06:11:21][E][pdx_localize.cpp:279]: Duplicate localization key. Key 'DI_change_government_clan' is defined in both 'localization/russian/gui/DI_RUS_l_russian.yml' and 'localization/russian/gui/DI_l_russian.yml'.
[06:11:21][E][pdx_localize.cpp:279]: Duplicate localization key. Key 'DI_change_government_tribal' is defined in both 'localization/russian/gui/DI_RUS_l_russian.yml' and 'localization/russian/gui/DI_l_russian.yml'.
[06:11:21][E][pdx_localize.cpp:279]: Duplicate localization key. Key 'DI_change_government_feudal_full' is defined in both 'localization/russian/gui/DI_RUS_l_russian.yml' and 'localization/russian/gui/DI_l_russian.yml'.
[06:11:21][E][pdx_localize.cpp:279]: Duplicate localization key. Key 'DI_change_government_clan_full' is defined in both 'localization/russian/gui/DI_RUS_l_russian.yml' and 'localization/russian/gui/DI_l_russian.yml'.
[06:11:21][E][pdx_localize.cpp:279]: Duplicate localization key. Key 'DI_change_government_tribal_full' is defined in both 'localization/russian/gui/DI_RUS_l_russian.yml' and 'localization/russian/gui/DI_l_russian.yml'.
[06:11:21][E][pdx_localize.cpp:279]: Duplicate localization key. Key 'DI_change_government_administrative' is defined in both 'localization/russian/gui/DI_RUS_l_russian.yml' and 'localization/russian/gui/DI_l_russian.yml'.
[06:11:21][E][pdx_localize.cpp:279]: Duplicate localization key. Key 'DI_change_succession' is defined in both 'localization/russian/gui/DI_RUS_l_russian.yml' and 'localization/russian/gui/DI_l_russian.yml'.
[06:11:21][E][pdx_localize.cpp:279]: Duplicate localization key. Key 'DI_change_succession_desc' is defined in both 'localization/russian/gui/DI_RUS_l_russian.yml' and 'localization/russian/gui/DI_l_russian.yml'.
[06:11:21][E][pdx_localize.cpp:279]: Duplicate localization key. Key 'DI_change_succession_single' is defined in both 'localization/russian/gui/DI_RUS_l_russian.yml' and 'localization/russian/gui/DI_l_russian.yml'.
[06:11:21][E][pdx_localize.cpp:279]: Duplicate localization key. Key 'DI_change_succession_single_youngest' is defined in both 'localization/russian/gui/DI_RUS_l_russian.yml' and 'localization/russian/gui/DI_l_russian.yml'.
[06:11:21][E][pdx_localize.cpp:279]: Duplicate localization key. Key 'DI_contraceptive_interaction' is defined in both 'localization/russian/gui/DI_RUS_l_russian.yml' and 'localization/russian/gui/DI_l_russian.yml'.
[06:11:21][E][pdx_localize.cpp:279]: Duplicate localization key. Key 'DI_contraceptive_desc' is defined in both 'localization/russian/gui/DI_RUS_l_russian.yml' and 'localization/russian/gui/DI_l_russian.yml'.
[06:11:21][E][pdx_localize.cpp:279]: Duplicate localization key. Key 'DI_end_pregnancy_interaction' is defined in both 'localization/russian/gui/DI_RUS_l_russian.yml' and 'localization/russian/gui/DI_l_russian.yml'.
[06:11:21][E][pdx_localize.cpp:279]: Duplicate localization key. Key 'DI_end_pregnancy_desc' is defined in both 'localization/russian/gui/DI_RUS_l_russian.yml' and 'localization/russian/gui/DI_l_russian.yml'.
[06:11:21][E][pdx_localize.cpp:279]: Duplicate localization key. Key 'DI_add_secrets_interaction' is defined in both 'localization/russian/gui/DI_RUS_l_russian.yml' and 'localization/russian/gui/DI_l_russian.yml'.
[06:11:21][E][pdx_localize.cpp:279]: Duplicate localization key. Key 'DI_add_secrets_desc' is defined in both 'localization/russian/gui/DI_RUS_l_russian.yml' and 'localization/russian/gui/DI_l_russian.yml'.
[06:11:21][E][pdx_localize.cpp:279]: Duplicate localization key. Key 'DI_remove_secrets_interaction' is defined in both 'localization/russian/gui/DI_RUS_l_russian.yml' and 'localization/russian/gui/DI_l_russian.yml'.
[06:11:21][E][pdx_localize.cpp:279]: Duplicate localization key. Key 'DI_remove_secrets_desc' is defined in both 'localization/russian/gui/DI_RUS_l_russian.yml' and 'localization/russian/gui/DI_l_russian.yml'.
[06:11:21][E][pdx_localize.cpp:279]: Duplicate localization key. Key 'DI_reveal_secrets_interaction' is defined in both 'localization/russian/gui/DI_RUS_l_russian.yml' and 'localization/russian/gui/DI_l_russian.yml'.
[06:11:21][E][pdx_localize.cpp:279]: Duplicate localization key. Key 'DI_reveal_secrets_desc' is defined in both 'localization/russian/gui/DI_RUS_l_russian.yml' and 'localization/russian/gui/DI_l_russian.yml'.
[06:11:21][E][pdx_localize.cpp:279]: Duplicate localization key. Key 'DI_start_diarchy_interaction' is defined in both 'localization/russian/gui/DI_RUS_l_russian.yml' and 'localization/russian/gui/DI_l_russian.yml'.
[06:11:21][E][pdx_localize.cpp:279]: Duplicate localization key. Key 'DI_start_diarchy_desc' is defined in both 'localization/russian/gui/DI_RUS_l_russian.yml' and 'localization/russian/gui/DI_l_russian.yml'.
[06:11:21][E][pdx_localize.cpp:279]: Duplicate localization key. Key 'DI_start_diarchy_player_desc' is defined in both 'localization/russian/gui/DI_RUS_l_russian.yml' and 'localization/russian/gui/DI_l_russian.yml'.
[06:11:21][E][pdx_localize.cpp:279]: Duplicate localization key. Key 'DI_start_diarchy_npc_desc' is defined in both 'localization/russian/gui/DI_RUS_l_russian.yml' and 'localization/russian/gui/DI_l_russian.yml'.
[06:11:21][E][pdx_localize.cpp:279]: Duplicate localization key. Key 'DI_end_diarchy_interaction' is defined in both 'localization/russian/gui/DI_RUS_l_russian.yml' and 'localization/russian/gui/DI_l_russian.yml'.
[06:11:21][E][pdx_localize.cpp:279]: Duplicate localization key. Key 'DI_end_diarchy_desc' is defined in both 'localization/russian/gui/DI_RUS_l_russian.yml' and 'localization/russian/gui/DI_l_russian.yml'.
[06:11:21][E][pdx_localize.cpp:279]: Duplicate localization key. Key 'DI_swing_scales_interaction' is defined in both 'localization/russian/gui/DI_RUS_l_russian.yml' and 'localization/russian/gui/DI_l_russian.yml'.
[06:11:21][E][pdx_localize.cpp:279]: Duplicate localization key. Key 'DI_swing_scales_interaction_desc' is defined in both 'localization/russian/gui/DI_RUS_l_russian.yml' and 'localization/russian/gui/DI_l_russian.yml'.
[06:11:21][E][pdx_localize.cpp:279]: Duplicate localization key. Key 'swing_scales_0' is defined in both 'localization/russian/gui/DI_RUS_l_russian.yml' and 'localization/russian/gui/DI_l_russian.yml'.
[06:11:21][E][pdx_localize.cpp:279]: Duplicate localization key. Key 'swing_scales_50' is defined in both 'localization/russian/gui/DI_RUS_l_russian.yml' and 'localization/russian/gui/DI_l_russian.yml'.
[06:11:21][E][pdx_localize.cpp:279]: Duplicate localization key. Key 'swing_scales_100' is defined in both 'localization/russian/gui/DI_RUS_l_russian.yml' and 'localization/russian/gui/DI_l_russian.yml'.
[06:11:21][E][pdx_localize.cpp:279]: Duplicate localization key. Key 'DI_white_peace_all_wars' is defined in both 'localization/russian/gui/DI_RUS_l_russian.yml' and 'localization/russian/gui/DI_l_russian.yml'.
[06:11:21][E][pdx_localize.cpp:279]: Duplicate localization key. Key 'DI_lose_all_wars' is defined in both 'localization/russian/gui/DI_RUS_l_russian.yml' and 'localization/russian/gui/DI_l_russian.yml'.
[06:11:21][E][pdx_localize.cpp:279]: Duplicate localization key. Key 'DI_win_all_wars' is defined in both 'localization/russian/gui/DI_RUS_l_russian.yml' and 'localization/russian/gui/DI_l_russian.yml'.
[06:11:21][E][pdx_localize.cpp:279]: Duplicate localization key. Key 'DI_player_win_wars' is defined in both 'localization/russian/gui/DI_RUS_l_russian.yml' and 'localization/russian/gui/DI_l_russian.yml'.
[06:11:21][E][pdx_localize.cpp:279]: Duplicate localization key. Key 'DI_white_peace_player' is defined in both 'localization/russian/gui/DI_RUS_l_russian.yml' and 'localization/russian/gui/DI_l_russian.yml'.
[06:11:21][E][pdx_localize.cpp:279]: Duplicate localization key. Key 'DI_vassals_white_peace' is defined in both 'localization/russian/gui/DI_RUS_l_russian.yml' and 'localization/russian/gui/DI_l_russian.yml'.
[06:11:21][E][pdx_localize.cpp:279]: Duplicate localization key. Key 'DI_take_all_titles_interaction' is defined in both 'localization/russian/gui/DI_RUS_l_russian.yml' and 'localization/russian/gui/DI_l_russian.yml'.
[06:11:21][E][pdx_localize.cpp:279]: Duplicate localization key. Key 'DI_take_all_titles_desc' is defined in both 'localization/russian/gui/DI_RUS_l_russian.yml' and 'localization/russian/gui/DI_l_russian.yml'.
[06:11:21][E][pdx_localize.cpp:279]: Duplicate localization key. Key 'DI_end_wars_interaction' is defined in both 'localization/russian/gui/DI_RUS_l_russian.yml' and 'localization/russian/gui/DI_l_russian.yml'.
[06:11:21][E][pdx_localize.cpp:279]: Duplicate localization key. Key 'DI_end_wars_desc' is defined in both 'localization/russian/gui/DI_RUS_l_russian.yml' and 'localization/russian/gui/DI_l_russian.yml'.
[06:11:21][E][pdx_localize.cpp:279]: Duplicate localization key. Key 'DI_take_sub_realm_titles' is defined in both 'localization/russian/gui/DI_RUS_l_russian.yml' and 'localization/russian/gui/DI_l_russian.yml'.
[06:11:21][E][pdx_localize.cpp:279]: Duplicate localization key. Key 'DI_take_character_titles' is defined in both 'localization/russian/gui/DI_RUS_l_russian.yml' and 'localization/russian/gui/DI_l_russian.yml'.
[06:11:21][E][pdx_localize.cpp:279]: Duplicate localization key. Key 'DI_change_house_name_interaction' is defined in both 'localization/russian/gui/DI_RUS_l_russian.yml' and 'localization/russian/gui/DI_l_russian.yml'.
[06:11:21][E][pdx_localize.cpp:279]: Duplicate localization key. Key 'DI_change_house_name_desc' is defined in both 'localization/russian/gui/DI_RUS_l_russian.yml' and 'localization/russian/gui/DI_l_russian.yml'.
[06:11:21][E][pdx_localize.cpp:279]: Duplicate localization key. Key 'DI_changeHouseName.t' is defined in both 'localization/russian/gui/DI_RUS_l_russian.yml' and 'localization/russian/gui/DI_l_russian.yml'.
[06:11:21][E][pdx_localize.cpp:279]: Duplicate localization key. Key 'DI_changeHouseName.d' is defined in both 'localization/russian/gui/DI_RUS_l_russian.yml' and 'localization/russian/gui/DI_l_russian.yml'.
[06:11:21][E][pdx_localize.cpp:279]: Duplicate localization key. Key 'DI_abdicate' is defined in both 'localization/russian/gui/DI_RUS_l_russian.yml' and 'localization/russian/gui/DI_l_russian.yml'.
[06:11:21][E][pdx_localize.cpp:279]: Duplicate localization key. Key 'DI_reset_story_variables' is defined in both 'localization/russian/gui/DI_RUS_l_russian.yml' and 'localization/russian/gui/DI_l_russian.yml'.
[06:11:21][E][pdx_localize.cpp:279]: Duplicate localization key. Key 'DI_reset_story_variables_desc' is defined in both 'localization/russian/gui/DI_RUS_l_russian.yml' and 'localization/russian/gui/DI_l_russian.yml'.
[06:11:21][E][pdx_localize.cpp:279]: Duplicate localization key. Key 'DI_permanent_health' is defined in both 'localization/russian/gui/DI_RUS_l_russian.yml' and 'localization/russian/gui/DI_l_russian.yml'.
[06:11:21][E][pdx_localize.cpp:279]: Duplicate localization key. Key 'DI_permanent_health_desc' is defined in both 'localization/russian/gui/DI_RUS_l_russian.yml' and 'localization/russian/gui/DI_l_russian.yml'.
[06:11:21][E][pdx_localize.cpp:279]: Duplicate localization key. Key 'no_lifestyle_diplomacy' is defined in both 'localization/russian/gui/DI_RUS_l_russian.yml' and 'localization/russian/gui/DI_l_russian.yml'.
[06:11:21][E][pdx_localize.cpp:279]: Duplicate localization key. Key 'no_lifestyle_martial' is defined in both 'localization/russian/gui/DI_RUS_l_russian.yml' and 'localization/russian/gui/DI_l_russian.yml'.
[06:11:21][E][pdx_localize.cpp:279]: Duplicate localization key. Key 'no_lifestyle_stewardship' is defined in both 'localization/russian/gui/DI_RUS_l_russian.yml' and 'localization/russian/gui/DI_l_russian.yml'.
[06:11:21][E][pdx_localize.cpp:279]: Duplicate localization key. Key 'no_lifestyle_intrigue' is defined in both 'localization/russian/gui/DI_RUS_l_russian.yml' and 'localization/russian/gui/DI_l_russian.yml'.
[06:11:21][E][pdx_localize.cpp:279]: Duplicate localization key. Key 'no_lifestyle_learning' is defined in both 'localization/russian/gui/DI_RUS_l_russian.yml' and 'localization/russian/gui/DI_l_russian.yml'.
[06:11:21][E][pdx_localize.cpp:279]: Duplicate localization key. Key 'no_lifestyle_wandering' is defined in both 'localization/russian/gui/DI_RUS_l_russian.yml' and 'localization/russian/gui/DI_l_russian.yml'.
[06:11:21][E][pdx_localize.cpp:279]: Duplicate localization key. Key 'no_stress_change' is defined in both 'localization/russian/gui/DI_RUS_l_russian.yml' and 'localization/russian/gui/DI_l_russian.yml'.
[06:11:21][E][pdx_localize.cpp:279]: Duplicate localization key. Key 'no_tyranny_change' is defined in both 'localization/russian/gui/DI_RUS_l_russian.yml' and 'localization/russian/gui/DI_l_russian.yml'.
[06:11:21][E][pdx_localize.cpp:279]: Duplicate localization key. Key 'no_dread_change' is defined in both 'localization/russian/gui/DI_RUS_l_russian.yml' and 'localization/russian/gui/DI_l_russian.yml'.
[06:11:21][E][pdx_localize.cpp:279]: Duplicate localization key. Key 'DI_spawn_legend_interaction' is defined in both 'localization/russian/gui/DI_RUS_l_russian.yml' and 'localization/russian/gui/DI_l_russian.yml'.
[06:11:21][E][pdx_localize.cpp:279]: Duplicate localization key. Key 'DI_inspire_inspiration_interaction' is defined in both 'localization/russian/gui/DI_RUS_l_russian.yml' and 'localization/russian/gui/DI_l_russian.yml'.
[06:11:21][E][pdx_localize.cpp:279]: Duplicate localization key. Key 'DI_sponsor_inspiration_interaction' is defined in both 'localization/russian/gui/DI_RUS_l_russian.yml' and 'localization/russian/gui/DI_l_russian.yml'.
[06:11:21][E][pdx_localize.cpp:279]: Duplicate localization key. Key 'actor_secondary_DI_arrange_marriage_interaction' is defined in both 'localization/russian/gui/DI_RUS_l_russian.yml' and 'localization/russian/gui/DI_l_russian.yml'.
[06:11:21][E][pdx_localize.cpp:279]: Duplicate localization key. Key 'DI_cultural_acceptance_interaction' is defined in both 'localization/russian/gui/DI_RUS_l_russian.yml' and 'localization/russian/gui/DI_l_russian.yml'.
[06:11:21][E][pdx_localize.cpp:279]: Duplicate localization key. Key 'DI_make_independent_interaction' is defined in both 'localization/russian/gui/DI_RUS_l_russian.yml' and 'localization/russian/gui/DI_l_russian.yml'.
[06:11:21][E][pdx_localize.cpp:279]: Duplicate localization key. Key 'DI_take_hostage_interaction' is defined in both 'localization/russian/gui/DI_RUS_l_russian.yml' and 'localization/russian/gui/DI_l_russian.yml'.
[06:11:21][E][pdx_localize.cpp:279]: Duplicate localization key. Key 'DI_release_hostage_interaction' is defined in both 'localization/russian/gui/DI_RUS_l_russian.yml' and 'localization/russian/gui/DI_l_russian.yml'.
[06:11:21][E][pdx_localize.cpp:279]: Duplicate localization key. Key 'DI_make_laamp_interaction' is defined in both 'localization/russian/gui/DI_RUS_l_russian.yml' and 'localization/russian/gui/DI_l_russian.yml'.
[06:11:21][E][pdx_localize.cpp:279]: Duplicate localization key. Key 'DI_move_domicile_interaction' is defined in both 'localization/russian/gui/DI_RUS_l_russian.yml' and 'localization/russian/gui/DI_l_russian.yml'.
[06:11:21][E][pdx_localize.cpp:279]: Duplicate localization key. Key 'DI_populate_contracts_interaction' is defined in both 'localization/russian/gui/DI_RUS_l_russian.yml' and 'localization/russian/gui/DI_l_russian.yml'.
[06:11:21][E][pdx_localize.cpp:279]: Duplicate localization key. Key 'DI_infinite_schemes_interaction' is defined in both 'localization/russian/gui/DI_RUS_l_russian.yml' and 'localization/russian/gui/DI_l_russian.yml'.
[06:11:21][E][pdx_localize.cpp:279]: Duplicate localization key. Key 'DI_antagonize_court_interaction' is defined in both 'localization/russian/gui/DI_RUS_l_russian.yml' and 'localization/russian/gui/DI_l_russian.yml'.
[06:11:21][E][pdx_localize.cpp:279]: Duplicate localization key. Key 'DI_buff_schemes_interaction' is defined in both 'localization/russian/gui/DI_RUS_l_russian.yml' and 'localization/russian/gui/DI_l_russian.yml'.
[06:11:21][E][pdx_localize.cpp:279]: Duplicate localization key. Key 'used_lifetime_invasion' is defined in both 'localization/russian/gui/DI_RUS_l_russian.yml' and 'localization/russian/gui/DI_l_russian.yml'.
[06:11:21][E][pdx_localize.cpp:279]: Duplicate localization key. Key 'declared_major_religious_war_flag' is defined in both 'localization/russian/gui/DI_RUS_l_russian.yml' and 'localization/russian/gui/DI_l_russian.yml'.
[06:11:21][E][pdx_localize.cpp:279]: Duplicate localization key. Key 'DI_remove_character_flags_interaction' is defined in both 'localization/russian/gui/DI_RUS_l_russian.yml' and 'localization/russian/gui/DI_l_russian.yml'.
[06:11:21][E][pdx_localize.cpp:279]: Duplicate localization key. Key 'DI_add_character_flags_interaction' is defined in both 'localization/russian/gui/DI_RUS_l_russian.yml' and 'localization/russian/gui/DI_l_russian.yml'.
[06:11:21][E][pdx_localize.cpp:279]: Duplicate localization key. Key 'DI_take_artifact_interaction' is defined in both 'localization/russian/gui/DI_RUS_l_russian.yml' and 'localization/russian/gui/DI_l_russian.yml'.
[06:11:21][E][pdx_localize.cpp:279]: Duplicate localization key. Key 'DI_make_house_head_interaction' is defined in both 'localization/russian/gui/DI_RUS_l_russian.yml' and 'localization/russian/gui/DI_l_russian.yml'.
[06:11:21][E][pdx_localize.cpp:279]: Duplicate localization key. Key 'DI_remove_hook_interaction' is defined in both 'localization/russian/gui/DI_RUS_l_russian.yml' and 'localization/russian/gui/DI_l_russian.yml'.
[06:11:21][E][pdx_localize.cpp:279]: Duplicate localization key. Key 'DI_make_tributary_interaction' is defined in both 'localization/russian/gui/DI_RUS_l_russian.yml' and 'localization/russian/gui/DI_l_russian.yml'.
[06:11:21][E][pdx_localize.cpp:279]: Duplicate localization key. Key 'DI_change_government_extended' is defined in both 'localization/russian/gui/DI_RUS_l_russian.yml' and 'localization/russian/gui/DI_l_russian.yml'.
[06:11:21][E][pdx_localize.cpp:279]: Duplicate localization key. Key 'DI_change_government_nomad' is defined in both 'localization/russian/gui/DI_RUS_l_russian.yml' and 'localization/russian/gui/DI_l_russian.yml'.
[06:11:21][E][pdx_localize.cpp:279]: Duplicate localization key. Key 'DI_change_government_republic' is defined in both 'localization/russian/gui/DI_RUS_l_russian.yml' and 'localization/russian/gui/DI_l_russian.yml'.
[06:11:21][E][pdx_localize.cpp:279]: Duplicate localization key. Key 'DI_change_government_theocracy' is defined in both 'localization/russian/gui/DI_RUS_l_russian.yml' and 'localization/russian/gui/DI_l_russian.yml'.
[06:11:21][E][pdx_localize.cpp:279]: Duplicate localization key. Key 'DI_change_government_landless_adventurer' is defined in both 'localization/russian/gui/DI_RUS_l_russian.yml' and 'localization/russian/gui/DI_l_russian.yml'.
[06:11:21][E][pdx_localize.cpp:279]: Duplicate localization key. Key 'DI_change_government_herder' is defined in both 'localization/russian/gui/DI_RUS_l_russian.yml' and 'localization/russian/gui/DI_l_russian.yml'.
[06:11:21][E][pdx_localize.cpp:279]: Duplicate localization key. Key 'DI_change_government_celestial' is defined in both 'localization/russian/gui/DI_RUS_l_russian.yml' and 'localization/russian/gui/DI_l_russian.yml'.
[06:11:21][E][pdx_localize.cpp:279]: Duplicate localization key. Key 'DI_change_government_japan_administrative' is defined in both 'localization/russian/gui/DI_RUS_l_russian.yml' and 'localization/russian/gui/DI_l_russian.yml'.
[06:11:21][E][pdx_localize.cpp:279]: Duplicate localization key. Key 'DI_change_government_japan_feudal' is defined in both 'localization/russian/gui/DI_RUS_l_russian.yml' and 'localization/russian/gui/DI_l_russian.yml'.
[06:11:21][E][pdx_localize.cpp:279]: Duplicate localization key. Key 'DI_change_government_wanua' is defined in both 'localization/russian/gui/DI_RUS_l_russian.yml' and 'localization/russian/gui/DI_l_russian.yml'.
[06:11:21][E][pdx_localize.cpp:279]: Duplicate localization key. Key 'DI_change_government_mandala' is defined in both 'localization/russian/gui/DI_RUS_l_russian.yml' and 'localization/russian/gui/DI_l_russian.yml'.
[06:11:21][E][pdx_localize.cpp:279]: Duplicate localization key. Key 'DI_change_government_steppe_admin' is defined in both 'localization/russian/gui/DI_RUS_l_russian.yml' and 'localization/russian/gui/DI_l_russian.yml'.
[06:11:21][E][pdx_localize.cpp:279]: Duplicate localization key. Key 'DI_change_government_meritocratic' is defined in both 'localization/russian/gui/DI_RUS_l_russian.yml' and 'localization/russian/gui/DI_l_russian.yml'.
[06:11:21][E][pdx_localize.cpp:279]: Duplicate localization key. Key 'DI_sex_interaction_t' is defined in both 'localization/russian/gui/DI_RUS_l_russian.yml' and 'localization/russian/gui/DI_l_russian.yml'.
[06:11:21][E][pdx_localize.cpp:279]: Duplicate localization key. Key 'DI_cadetBranch_interaction' is defined in both 'localization/russian/gui/DI_RUS_l_russian.yml' and 'localization/russian/gui/DI_l_russian.yml'.
[06:11:21][E][pdx_localize.cpp:279]: Duplicate localization key. Key 'DI_cadetBranch_interaction_1.desc' is defined in both 'localization/russian/gui/DI_RUS_l_russian.yml' and 'localization/russian/gui/DI_l_russian.yml'.
[06:11:21][E][pdx_localize.cpp:279]: Duplicate localization key. Key 'DI_cadetBranch_event_1.t' is defined in both 'localization/russian/gui/DI_RUS_l_russian.yml' and 'localization/russian/gui/DI_l_russian.yml'.
[06:11:21][E][pdx_localize.cpp:279]: Duplicate localization key. Key 'DI_cadetBranch_event_1.desc' is defined in both 'localization/russian/gui/DI_RUS_l_russian.yml' and 'localization/russian/gui/DI_l_russian.yml'.
[06:11:21][E][pdx_localize.cpp:279]: Duplicate localization key. Key 'DI_cadetBranch_event_option.1' is defined in both 'localization/russian/gui/DI_RUS_l_russian.yml' and 'localization/russian/gui/DI_l_russian.yml'.
[06:11:21][E][pdx_localize.cpp:279]: Duplicate localization key. Key 'DI_cadetBranch_event_tooltip.1' is defined in both 'localization/russian/gui/DI_RUS_l_russian.yml' and 'localization/russian/gui/DI_l_russian.yml'.
[06:11:21][E][pdx_localize.cpp:279]: Duplicate localization key. Key 'random_secret' is defined in both 'localization/russian/gui/DI_RUS_l_russian.yml' and 'localization/russian/gui/DI_l_russian.yml'.
[06:11:21][E][pdx_localize.cpp:279]: Duplicate localization key. Key 'every_secret' is defined in both 'localization/russian/gui/DI_RUS_l_russian.yml' and 'localization/russian/gui/DI_l_russian.yml'.
[06:11:21][E][pdx_localize.cpp:279]: Duplicate localization key. Key 'DI_char_editor.1.title' is defined in both 'localization/russian/gui/DI_RUS_l_russian.yml' and 'localization/russian/gui/DI_l_russian.yml'.
[06:11:21][E][pdx_localize.cpp:279]: Duplicate localization key. Key 'DI_char_editor.1.desc' is defined in both 'localization/russian/gui/DI_RUS_l_russian.yml' and 'localization/russian/gui/DI_l_russian.yml'.
[06:11:21][E][pdx_localize.cpp:279]: Duplicate localization key. Key 'DI_char_editor.1.option' is defined in both 'localization/russian/gui/DI_RUS_l_russian.yml' and 'localization/russian/gui/DI_l_russian.yml'.
[06:11:21][E][pdx_localize.cpp:279]: Duplicate localization key. Key 'DI_default_text' is defined in both 'localization/russian/gui/DI_RUS_l_russian.yml' and 'localization/russian/gui/DI_l_russian.yml'.
[06:11:21][E][pdx_localize.cpp:279]: Duplicate localization key. Key 'artifact_return' is defined in both 'localization/russian/gui/DI_RUS_l_russian.yml' and 'localization/russian/gui/DI_l_russian.yml'.
[06:11:21][E][pdx_localize.cpp:279]: Duplicate localization key. Key 'DI_artifact_desc' is defined in both 'localization/russian/gui/DI_RUS_l_russian.yml' and 'localization/russian/gui/DI_l_russian.yml'.
[06:11:21][E][pdx_localize.cpp:279]: Duplicate localization key. Key 'DI_artifact_desc_append' is defined in both 'localization/russian/gui/DI_RUS_l_russian.yml' and 'localization/russian/gui/DI_l_russian.yml'.
[06:11:21][E][pdx_localize.cpp:279]: Duplicate localization key. Key 'DI_artifact_new_desc' is defined in both 'localization/russian/gui/DI_RUS_l_russian.yml' and 'localization/russian/gui/DI_l_russian.yml'.
[06:11:21][E][pdx_localize.cpp:279]: Duplicate localization key. Key 'DI_artifact_append_desc' is defined in both 'localization/russian/gui/DI_RUS_l_russian.yml' and 'localization/russian/gui/DI_l_russian.yml'.
[06:11:21][E][pdx_localize.cpp:279]: Duplicate localization key. Key 'DI_pregnancy_test' is defined in both 'localization/russian/gui/DI_RUS_l_russian.yml' and 'localization/russian/gui/DI_l_russian.yml'.
[06:11:21][E][pdx_localize.cpp:279]: Duplicate localization key. Key 'DI_char_editor.1' is defined in both 'localization/russian/gui/DI_RUS_l_russian.yml' and 'localization/russian/gui/DI_l_russian.yml'.
[06:11:21][E][pdx_localize.cpp:279]: Duplicate localization key. Key 'DI_test_desc' is defined in both 'localization/russian/gui/DI_RUS_l_russian.yml' and 'localization/russian/gui/DI_l_russian.yml'.
[06:11:21][E][pdx_localize.cpp:279]: Duplicate localization key. Key 'DI_custom_text' is defined in both 'localization/russian/gui/DI_RUS_l_russian.yml' and 'localization/russian/gui/DI_l_russian.yml'.
[06:11:21][E][pdx_localize.cpp:279]: Duplicate localization key. Key 'houseName' is defined in both 'localization/russian/gui/DI_RUS_l_russian.yml' and 'localization/russian/gui/DI_l_russian.yml'.
[06:11:21][E][pdx_localize.cpp:279]: Duplicate localization key. Key 'DI_get_house_name' is defined in both 'localization/russian/gui/DI_RUS_l_russian.yml' and 'localization/russian/gui/DI_l_russian.yml'.
[06:11:21][E][pdx_localize.cpp:279]: Duplicate localization key. Key 'CHEAT_ACTIONS' is defined in both 'localization/russian/gui/DI_RUS_l_russian.yml' and 'localization/russian/gui/DI_l_russian.yml'.
[06:11:21][E][pdx_localize.cpp:279]: Duplicate localization key. Key 'castle_loc' is defined in both 'localization/russian/gui/DI_RUS_l_russian.yml' and 'localization/russian/gui/DI_l_russian.yml'.
[06:11:21][E][pdx_localize.cpp:279]: Duplicate localization key. Key 'temple_loc' is defined in both 'localization/russian/gui/DI_RUS_l_russian.yml' and 'localization/russian/gui/DI_l_russian.yml'.
[06:11:21][E][pdx_localize.cpp:279]: Duplicate localization key. Key 'city_loc' is defined in both 'localization/russian/gui/DI_RUS_l_russian.yml' and 'localization/russian/gui/DI_l_russian.yml'.
[06:11:21][E][pdx_localize.cpp:279]: Duplicate localization key. Key 'tribal_loc' is defined in both 'localization/russian/gui/DI_RUS_l_russian.yml' and 'localization/russian/gui/DI_l_russian.yml'.
[06:11:21][E][pdx_localize.cpp:279]: Duplicate localization key. Key 'DI_nomad_loc' is defined in both 'localization/russian/gui/DI_RUS_l_russian.yml' and 'localization/russian/gui/DI_l_russian.yml'.
[06:11:21][E][pdx_localize.cpp:279]: Duplicate localization key. Key 'DI_herder_loc' is defined in both 'localization/russian/gui/DI_RUS_l_russian.yml' and 'localization/russian/gui/DI_l_russian.yml'.
[06:11:21][E][pdx_localize.cpp:279]: Duplicate localization key. Key 'DI_temple_citadel_loc' is defined in both 'localization/russian/gui/DI_RUS_l_russian.yml' and 'localization/russian/gui/DI_l_russian.yml'.
[06:11:21][E][pdx_localize.cpp:279]: Duplicate localization key. Key 'empty_loc' is defined in both 'localization/russian/gui/DI_RUS_l_russian.yml' and 'localization/russian/gui/DI_l_russian.yml'.
[06:11:21][E][pdx_localize.cpp:279]: Duplicate localization key. Key 'sort_rank_loc' is defined in both 'localization/russian/gui/DI_RUS_l_russian.yml' and 'localization/russian/gui/DI_l_russian.yml'.
[06:11:21][E][pdx_localize.cpp:279]: Duplicate localization key. Key 'DI_hegemony_loc' is defined in both 'localization/russian/gui/DI_RUS_l_russian.yml' and 'localization/russian/gui/DI_l_russian.yml'.
[06:11:21][E][pdx_localize.cpp:279]: Duplicate localization key. Key 'Empire_loc' is defined in both 'localization/russian/gui/DI_RUS_l_russian.yml' and 'localization/russian/gui/DI_l_russian.yml'.
[06:11:21][E][pdx_localize.cpp:279]: Duplicate localization key. Key 'Kingdom_loc' is defined in both 'localization/russian/gui/DI_RUS_l_russian.yml' and 'localization/russian/gui/DI_l_russian.yml'.
[06:11:21][E][pdx_localize.cpp:279]: Duplicate localization key. Key 'Duchy_loc' is defined in both 'localization/russian/gui/DI_RUS_l_russian.yml' and 'localization/russian/gui/DI_l_russian.yml'.
[06:11:21][E][pdx_localize.cpp:279]: Duplicate localization key. Key 'County_loc' is defined in both 'localization/russian/gui/DI_RUS_l_russian.yml' and 'localization/russian/gui/DI_l_russian.yml'.
[06:11:21][E][pdx_localize.cpp:279]: Duplicate localization key. Key 'pinned_characters_loc' is defined in both 'localization/russian/gui/DI_RUS_l_russian.yml' and 'localization/russian/gui/DI_l_russian.yml'.
[06:11:21][E][pdx_localize.cpp:279]: Duplicate localization key. Key 'unpin_selected_loc' is defined in both 'localization/russian/gui/DI_RUS_l_russian.yml' and 'localization/russian/gui/DI_l_russian.yml'.
[06:11:21][E][pdx_localize.cpp:279]: Duplicate localization key. Key 'clear_pinned_loc' is defined in both 'localization/russian/gui/DI_RUS_l_russian.yml' and 'localization/russian/gui/DI_l_russian.yml'.
[06:11:21][E][pdx_localize.cpp:279]: Duplicate localization key. Key 'DI_province_manager_filter_loc' is defined in both 'localization/russian/gui/DI_RUS_l_russian.yml' and 'localization/russian/gui/DI_l_russian.yml'.
[06:11:21][E][pdx_localize.cpp:279]: Duplicate localization key. Key 'DI_province_filter_all_loc' is defined in both 'localization/russian/gui/DI_RUS_l_russian.yml' and 'localization/russian/gui/DI_l_russian.yml'.
[06:11:21][E][pdx_localize.cpp:279]: Duplicate localization key. Key 'DI_province_filter_hide_loc' is defined in both 'localization/russian/gui/DI_RUS_l_russian.yml' and 'localization/russian/gui/DI_l_russian.yml'.
[06:11:21][E][pdx_localize.cpp:279]: Duplicate localization key. Key 'DI_province_filter_capital_loc' is defined in both 'localization/russian/gui/DI_RUS_l_russian.yml' and 'localization/russian/gui/DI_l_russian.yml'.
[06:11:21][E][pdx_localize.cpp:279]: Duplicate localization key. Key 'DI_province_filter_empty_loc' is defined in both 'localization/russian/gui/DI_RUS_l_russian.yml' and 'localization/russian/gui/DI_l_russian.yml'.
[06:11:21][E][pdx_localize.cpp:279]: Duplicate localization key. Key 'DI_category_pedestal_loc' is defined in both 'localization/russian/gui/DI_RUS_l_russian.yml' and 'localization/russian/gui/DI_l_russian.yml'.
[06:11:21][E][pdx_localize.cpp:279]: Duplicate localization key. Key 'DI_category_furniture_loc' is defined in both 'localization/russian/gui/DI_RUS_l_russian.yml' and 'localization/russian/gui/DI_l_russian.yml'.
[06:11:21][E][pdx_localize.cpp:279]: Duplicate localization key. Key 'DI_category_ornament_loc' is defined in both 'localization/russian/gui/DI_RUS_l_russian.yml' and 'localization/russian/gui/DI_l_russian.yml'.
[06:11:21][E][pdx_localize.cpp:279]: Duplicate localization key. Key 'DI_subtype_small_box_loc' is defined in both 'localization/russian/gui/DI_RUS_l_russian.yml' and 'localization/russian/gui/DI_l_russian.yml'.
[06:11:21][E][pdx_localize.cpp:279]: Duplicate localization key. Key 'DI_subtype_medium_box_loc' is defined in both 'localization/russian/gui/DI_RUS_l_russian.yml' and 'localization/russian/gui/DI_l_russian.yml'.
[06:11:21][E][pdx_localize.cpp:279]: Duplicate localization key. Key 'DI_subtype_crown_loc' is defined in both 'localization/russian/gui/DI_RUS_l_russian.yml' and 'localization/russian/gui/DI_l_russian.yml'.
[06:11:21][E][pdx_localize.cpp:279]: Duplicate localization key. Key 'DI_subtype_divan_loc' is defined in both 'localization/russian/gui/DI_RUS_l_russian.yml' and 'localization/russian/gui/DI_l_russian.yml'.
[06:11:21][E][pdx_localize.cpp:279]: Duplicate localization key. Key 'DI_subtype_table_loc' is defined in both 'localization/russian/gui/DI_RUS_l_russian.yml' and 'localization/russian/gui/DI_l_russian.yml'.
[06:11:21][E][pdx_localize.cpp:279]: Duplicate localization key. Key 'DI_subtype_small_shield_loc' is defined in both 'localization/russian/gui/DI_RUS_l_russian.yml' and 'localization/russian/gui/DI_l_russian.yml'.
[06:11:21][E][pdx_localize.cpp:279]: Duplicate localization key. Key 'DI_subtype_large_shield_loc' is defined in both 'localization/russian/gui/DI_RUS_l_russian.yml' and 'localization/russian/gui/DI_l_russian.yml'.
[06:11:21][E][pdx_localize.cpp:279]: Duplicate localization key. Key 'DI_category_alchemy_loc' is defined in both 'localization/russian/gui/DI_RUS_l_russian.yml' and 'localization/russian/gui/DI_l_russian.yml'.
[06:11:21][E][pdx_localize.cpp:279]: Duplicate localization key. Key 'DI_category_armor_loc' is defined in both 'localization/russian/gui/DI_RUS_l_russian.yml' and 'localization/russian/gui/DI_l_russian.yml'.
[06:11:21][E][pdx_localize.cpp:279]: Duplicate localization key. Key 'DI_category_book_loc' is defined in both 'localization/russian/gui/DI_RUS_l_russian.yml' and 'localization/russian/gui/DI_l_russian.yml'.
[06:11:21][E][pdx_localize.cpp:279]: Duplicate localization key. Key 'DI_category_regalia_loc' is defined in both 'localization/russian/gui/DI_RUS_l_russian.yml' and 'localization/russian/gui/DI_l_russian.yml'.
[06:11:21][E][pdx_localize.cpp:279]: Duplicate localization key. Key 'DI_category_throne_loc' is defined in both 'localization/russian/gui/DI_RUS_l_russian.yml' and 'localization/russian/gui/DI_l_russian.yml'.
[06:11:21][E][pdx_localize.cpp:279]: Duplicate localization key. Key 'DI_category_tournament_loc' is defined in both 'localization/russian/gui/DI_RUS_l_russian.yml' and 'localization/russian/gui/DI_l_russian.yml'.
[06:11:21][E][pdx_localize.cpp:279]: Duplicate localization key. Key 'DI_category_trinket_loc' is defined in both 'localization/russian/gui/DI_RUS_l_russian.yml' and 'localization/russian/gui/DI_l_russian.yml'.
[06:11:21][E][pdx_localize.cpp:279]: Duplicate localization key. Key 'DI_category_weapon_loc' is defined in both 'localization/russian/gui/DI_RUS_l_russian.yml' and 'localization/russian/gui/DI_l_russian.yml'.
[06:11:21][E][pdx_localize.cpp:279]: Duplicate localization key. Key 'DI_subtype_animal_hide_big_loc' is defined in both 'localization/russian/gui/DI_RUS_l_russian.yml' and 'localization/russian/gui/DI_l_russian.yml'.
[06:11:21][E][pdx_localize.cpp:279]: Duplicate localization key. Key 'DI_subtype_animal_hide_loc' is defined in both 'localization/russian/gui/DI_RUS_l_russian.yml' and 'localization/russian/gui/DI_l_russian.yml'.
[06:11:21][E][pdx_localize.cpp:279]: Duplicate localization key. Key 'DI_subtype_animal_skull_loc' is defined in both 'localization/russian/gui/DI_RUS_l_russian.yml' and 'localization/russian/gui/DI_l_russian.yml'.
[06:11:21][E][pdx_localize.cpp:279]: Duplicate localization key. Key 'DI_subtype_animal_trinket_loc' is defined in both 'localization/russian/gui/DI_RUS_l_russian.yml' and 'localization/russian/gui/DI_l_russian.yml'.
[06:11:21][E][pdx_localize.cpp:279]: Duplicate localization key. Key 'DI_subtype_armor_brigandine_loc' is defined in both 'localization/russian/gui/DI_RUS_l_russian.yml' and 'localization/russian/gui/DI_l_russian.yml'.
[06:11:21][E][pdx_localize.cpp:279]: Duplicate localization key. Key 'DI_subtype_armor_lamellar_loc' is defined in both 'localization/russian/gui/DI_RUS_l_russian.yml' and 'localization/russian/gui/DI_l_russian.yml'.
[06:11:21][E][pdx_localize.cpp:279]: Duplicate localization key. Key 'DI_subtype_armor_laminar_loc' is defined in both 'localization/russian/gui/DI_RUS_l_russian.yml' and 'localization/russian/gui/DI_l_russian.yml'.
[06:11:21][E][pdx_localize.cpp:279]: Duplicate localization key. Key 'DI_subtype_armor_mail_loc' is defined in both 'localization/russian/gui/DI_RUS_l_russian.yml' and 'localization/russian/gui/DI_l_russian.yml'.
[06:11:21][E][pdx_localize.cpp:279]: Duplicate localization key. Key 'DI_subtype_armor_plate_loc' is defined in both 'localization/russian/gui/DI_RUS_l_russian.yml' and 'localization/russian/gui/DI_l_russian.yml'.
[06:11:21][E][pdx_localize.cpp:279]: Duplicate localization key. Key 'DI_subtype_armor_scale_loc' is defined in both 'localization/russian/gui/DI_RUS_l_russian.yml' and 'localization/russian/gui/DI_l_russian.yml'.
[06:11:21][E][pdx_localize.cpp:279]: Duplicate localization key. Key 'DI_subtype_axe_loc' is defined in both 'localization/russian/gui/DI_RUS_l_russian.yml' and 'localization/russian/gui/DI_l_russian.yml'.
[06:11:21][E][pdx_localize.cpp:279]: Duplicate localization key. Key 'DI_subtype_bird_feather_loc' is defined in both 'localization/russian/gui/DI_RUS_l_russian.yml' and 'localization/russian/gui/DI_l_russian.yml'.
[06:11:21][E][pdx_localize.cpp:279]: Duplicate localization key. Key 'DI_subtype_book_loc' is defined in both 'localization/russian/gui/DI_RUS_l_russian.yml' and 'localization/russian/gui/DI_l_russian.yml'.
[06:11:21][E][pdx_localize.cpp:279]: Duplicate localization key. Key 'DI_subtype_bow_loc' is defined in both 'localization/russian/gui/DI_RUS_l_russian.yml' and 'localization/russian/gui/DI_l_russian.yml'.
[06:11:21][E][pdx_localize.cpp:279]: Duplicate localization key. Key 'DI_subtype_bowl_loc' is defined in both 'localization/russian/gui/DI_RUS_l_russian.yml' and 'localization/russian/gui/DI_l_russian.yml'.
[06:11:21][E][pdx_localize.cpp:279]: Duplicate localization key. Key 'DI_subtype_box_loc' is defined in both 'localization/russian/gui/DI_RUS_l_russian.yml' and 'localization/russian/gui/DI_l_russian.yml'.
[06:11:21][E][pdx_localize.cpp:279]: Duplicate localization key. Key 'DI_subtype_brooch_loc' is defined in both 'localization/russian/gui/DI_RUS_l_russian.yml' and 'localization/russian/gui/DI_l_russian.yml'.
[06:11:21][E][pdx_localize.cpp:279]: Duplicate localization key. Key 'DI_subtype_brooch_pedestal_loc' is defined in both 'localization/russian/gui/DI_RUS_l_russian.yml' and 'localization/russian/gui/DI_l_russian.yml'.
[06:11:21][E][pdx_localize.cpp:279]: Duplicate localization key. Key 'DI_subtype_cabinet_loc' is defined in both 'localization/russian/gui/DI_RUS_l_russian.yml' and 'localization/russian/gui/DI_l_russian.yml'.
[06:11:21][E][pdx_localize.cpp:279]: Duplicate localization key. Key 'DI_subtype_chest_loc' is defined in both 'localization/russian/gui/DI_RUS_l_russian.yml' and 'localization/russian/gui/DI_l_russian.yml'.
[06:11:21][E][pdx_localize.cpp:279]: Duplicate localization key. Key 'DI_subtype_chronicle_loc' is defined in both 'localization/russian/gui/DI_RUS_l_russian.yml' and 'localization/russian/gui/DI_l_russian.yml'.
[06:11:21][E][pdx_localize.cpp:279]: Duplicate localization key. Key 'DI_subtype_composite_loc' is defined in both 'localization/russian/gui/DI_RUS_l_russian.yml' and 'localization/russian/gui/DI_l_russian.yml'.
[06:11:21][E][pdx_localize.cpp:279]: Duplicate localization key. Key 'DI_subtype_crossbow_loc' is defined in both 'localization/russian/gui/DI_RUS_l_russian.yml' and 'localization/russian/gui/DI_l_russian.yml'.
[06:11:21][E][pdx_localize.cpp:279]: Duplicate localization key. Key 'DI_subtype_dagger_loc' is defined in both 'localization/russian/gui/DI_RUS_l_russian.yml' and 'localization/russian/gui/DI_l_russian.yml'.
[06:11:21][E][pdx_localize.cpp:279]: Duplicate localization key. Key 'DI_subtype_elixir_loc' is defined in both 'localization/russian/gui/DI_RUS_l_russian.yml' and 'localization/russian/gui/DI_l_russian.yml'.
[06:11:21][E][pdx_localize.cpp:279]: Duplicate localization key. Key 'DI_subtype_goblet_loc' is defined in both 'localization/russian/gui/DI_RUS_l_russian.yml' and 'localization/russian/gui/DI_l_russian.yml'.
[06:11:21][E][pdx_localize.cpp:279]: Duplicate localization key. Key 'DI_subtype_hammer_loc' is defined in both 'localization/russian/gui/DI_RUS_l_russian.yml' and 'localization/russian/gui/DI_l_russian.yml'.
[06:11:21][E][pdx_localize.cpp:279]: Duplicate localization key. Key 'DI_subtype_helmet_loc' is defined in both 'localization/russian/gui/DI_RUS_l_russian.yml' and 'localization/russian/gui/DI_l_russian.yml'.
[06:11:21][E][pdx_localize.cpp:279]: Duplicate localization key. Key 'DI_subtype_helmet_simple_loc' is defined in both 'localization/russian/gui/DI_RUS_l_russian.yml' and 'localization/russian/gui/DI_l_russian.yml'.
[06:11:21][E][pdx_localize.cpp:279]: Duplicate localization key. Key 'DI_subtype_journal_loc' is defined in both 'localization/russian/gui/DI_RUS_l_russian.yml' and 'localization/russian/gui/DI_l_russian.yml'.
[06:11:21][E][pdx_localize.cpp:279]: Duplicate localization key. Key 'DI_subtype_jug_loc' is defined in both 'localization/russian/gui/DI_RUS_l_russian.yml' and 'localization/russian/gui/DI_l_russian.yml'.
[06:11:21][E][pdx_localize.cpp:279]: Duplicate localization key. Key 'DI_subtype_longbow_loc' is defined in both 'localization/russian/gui/DI_RUS_l_russian.yml' and 'localization/russian/gui/DI_l_russian.yml'.
[06:11:21][E][pdx_localize.cpp:279]: Duplicate localization key. Key 'DI_subtype_mace_loc' is defined in both 'localization/russian/gui/DI_RUS_l_russian.yml' and 'localization/russian/gui/DI_l_russian.yml'.
[06:11:21][E][pdx_localize.cpp:279]: Duplicate localization key. Key 'DI_subtype_miscellaneous_loc' is defined in both 'localization/russian/gui/DI_RUS_l_russian.yml' and 'localization/russian/gui/DI_l_russian.yml'.
[06:11:21][E][pdx_localize.cpp:279]: Duplicate localization key. Key 'DI_subtype_miscellaneous_when_not_court_loc' is defined in both 'localization/russian/gui/DI_RUS_l_russian.yml' and 'localization/russian/gui/DI_l_russian.yml'.
[06:11:21][E][pdx_localize.cpp:279]: Duplicate localization key. Key 'DI_subtype_necklace_loc' is defined in both 'localization/russian/gui/DI_RUS_l_russian.yml' and 'localization/russian/gui/DI_l_russian.yml'.
[06:11:21][E][pdx_localize.cpp:279]: Duplicate localization key. Key 'DI_subtype_necklace_pedestal_loc' is defined in both 'localization/russian/gui/DI_RUS_l_russian.yml' and 'localization/russian/gui/DI_l_russian.yml'.
[06:11:21][E][pdx_localize.cpp:279]: Duplicate localization key. Key 'DI_subtype_panacea_loc' is defined in both 'localization/russian/gui/DI_RUS_l_russian.yml' and 'localization/russian/gui/DI_l_russian.yml'.
[06:11:21][E][pdx_localize.cpp:279]: Duplicate localization key. Key 'DI_subtype_pas_darmes_spurs_loc' is defined in both 'localization/russian/gui/DI_RUS_l_russian.yml' and 'localization/russian/gui/DI_l_russian.yml'.
[06:11:21][E][pdx_localize.cpp:279]: Duplicate localization key. Key 'DI_subtype_pas_darmes_token_loc' is defined in both 'localization/russian/gui/DI_RUS_l_russian.yml' and 'localization/russian/gui/DI_l_russian.yml'.
[06:11:21][E][pdx_localize.cpp:279]: Duplicate localization key. Key 'DI_subtype_pedestal_loc' is defined in both 'localization/russian/gui/DI_RUS_l_russian.yml' and 'localization/russian/gui/DI_l_russian.yml'.
[06:11:21][E][pdx_localize.cpp:279]: Duplicate localization key. Key 'DI_subtype_philosophers_stone_loc' is defined in both 'localization/russian/gui/DI_RUS_l_russian.yml' and 'localization/russian/gui/DI_l_russian.yml'.
[06:11:21][E][pdx_localize.cpp:279]: Duplicate localization key. Key 'DI_subtype_plate_loc' is defined in both 'localization/russian/gui/DI_RUS_l_russian.yml' and 'localization/russian/gui/DI_l_russian.yml'.
[06:11:21][E][pdx_localize.cpp:279]: Duplicate localization key. Key 'DI_subtype_regalia_loc' is defined in both 'localization/russian/gui/DI_RUS_l_russian.yml' and 'localization/russian/gui/DI_l_russian.yml'.
[06:11:21][E][pdx_localize.cpp:279]: Duplicate localization key. Key 'DI_subtype_regalia_simple_loc' is defined in both 'localization/russian/gui/DI_RUS_l_russian.yml' and 'localization/russian/gui/DI_l_russian.yml'.
[06:11:21][E][pdx_localize.cpp:279]: Duplicate localization key. Key 'DI_subtype_ring_loc' is defined in both 'localization/russian/gui/DI_RUS_l_russian.yml' and 'localization/russian/gui/DI_l_russian.yml'.
[06:11:21][E][pdx_localize.cpp:279]: Duplicate localization key. Key 'DI_subtype_scepter_pedestal_loc' is defined in both 'localization/russian/gui/DI_RUS_l_russian.yml' and 'localization/russian/gui/DI_l_russian.yml'.
[06:11:21][E][pdx_localize.cpp:279]: Duplicate localization key. Key 'DI_subtype_scientific_apparatus_loc' is defined in both 'localization/russian/gui/DI_RUS_l_russian.yml' and 'localization/russian/gui/DI_l_russian.yml'.
[06:11:21][E][pdx_localize.cpp:279]: Duplicate localization key. Key 'DI_subtype_sculpture_loc' is defined in both 'localization/russian/gui/DI_RUS_l_russian.yml' and 'localization/russian/gui/DI_l_russian.yml'.
[06:11:21][E][pdx_localize.cpp:279]: Duplicate localization key. Key 'DI_subtype_seal_of_investiture_court_loc' is defined in both 'localization/russian/gui/DI_RUS_l_russian.yml' and 'localization/russian/gui/DI_l_russian.yml'.
[06:11:21][E][pdx_localize.cpp:279]: Duplicate localization key. Key 'DI_subtype_seal_of_investiture_loc' is defined in both 'localization/russian/gui/DI_RUS_l_russian.yml' and 'localization/russian/gui/DI_l_russian.yml'.
[06:11:21][E][pdx_localize.cpp:279]: Duplicate localization key. Key 'DI_subtype_spear_loc' is defined in both 'localization/russian/gui/DI_RUS_l_russian.yml' and 'localization/russian/gui/DI_l_russian.yml'.
[06:11:21][E][pdx_localize.cpp:279]: Duplicate localization key. Key 'DI_subtype_sword_loc' is defined in both 'localization/russian/gui/DI_RUS_l_russian.yml' and 'localization/russian/gui/DI_l_russian.yml'.
[06:11:21][E][pdx_localize.cpp:279]: Duplicate localization key. Key 'DI_subtype_tapestry_loc' is defined in both 'localization/russian/gui/DI_RUS_l_russian.yml' and 'localization/russian/gui/DI_l_russian.yml'.
[06:11:21][E][pdx_localize.cpp:279]: Duplicate localization key. Key 'DI_subtype_throne_loc' is defined in both 'localization/russian/gui/DI_RUS_l_russian.yml' and 'localization/russian/gui/DI_l_russian.yml'.
[06:11:21][E][pdx_localize.cpp:279]: Duplicate localization key. Key 'DI_subtype_throne_special_loc' is defined in both 'localization/russian/gui/DI_RUS_l_russian.yml' and 'localization/russian/gui/DI_l_russian.yml'.
[06:11:21][E][pdx_localize.cpp:279]: Duplicate localization key. Key 'DI_subtype_tournament_favor_loc' is defined in both 'localization/russian/gui/DI_RUS_l_russian.yml' and 'localization/russian/gui/DI_l_russian.yml'.
[06:11:21][E][pdx_localize.cpp:279]: Duplicate localization key. Key 'DI_subtype_tun_barrel_loc' is defined in both 'localization/russian/gui/DI_RUS_l_russian.yml' and 'localization/russian/gui/DI_l_russian.yml'.
[06:11:21][E][pdx_localize.cpp:279]: Duplicate localization key. Key 'DI_subtype_urn_loc' is defined in both 'localization/russian/gui/DI_RUS_l_russian.yml' and 'localization/russian/gui/DI_l_russian.yml'.
[06:11:21][E][pdx_localize.cpp:279]: Duplicate localization key. Key 'DI_subtype_wall_big_loc' is defined in both 'localization/russian/gui/DI_RUS_l_russian.yml' and 'localization/russian/gui/DI_l_russian.yml'.
[06:11:21][E][pdx_localize.cpp:279]: Duplicate localization key. Key 'DI_subtype_wall_icon_court_large_loc' is defined in both 'localization/russian/gui/DI_RUS_l_russian.yml' and 'localization/russian/gui/DI_l_russian.yml'.
[06:11:21][E][pdx_localize.cpp:279]: Duplicate localization key. Key 'DI_subtype_wall_icon_court_small_loc' is defined in both 'localization/russian/gui/DI_RUS_l_russian.yml' and 'localization/russian/gui/DI_l_russian.yml'.
[06:11:21][E][pdx_localize.cpp:279]: Duplicate localization key. Key 'DI_subtype_wall_shield_loc' is defined in both 'localization/russian/gui/DI_RUS_l_russian.yml' and 'localization/russian/gui/DI_l_russian.yml'.
[06:11:21][E][pdx_localize.cpp:279]: Duplicate localization key. Key 'DI_subtype_wall_shield_special_loc' is defined in both 'localization/russian/gui/DI_RUS_l_russian.yml' and 'localization/russian/gui/DI_l_russian.yml'.
[06:11:21][E][pdx_localize.cpp:279]: Duplicate localization key. Key 'DI_subtype_wall_small_loc' is defined in both 'localization/russian/gui/DI_RUS_l_russian.yml' and 'localization/russian/gui/DI_l_russian.yml'.
[06:11:21][E][pdx_localize.cpp:279]: Duplicate localization key. Key 'CHARACTER_IN_LOCATION_MISSING' is defined in both 'localization/russian/agot/gui/agot_common_l_russian.yml' and 'localization/russian/gui/asoiaf_character_window_l_russian.yml'.
[06:11:22][E][pdx_localize.cpp:279]: Duplicate localization key. Key 'DRAGON_PREFIX' is defined in both 'localization/russian/valyrian_modifiers_l_russian.yml' and 'localization/russian/modifiers/valyrian_modifiers_l_russian.yml'.
[06:11:22][E][pdx_localize.cpp:279]: Duplicate localization key. Key 'scheme_dragon_horn' is defined in both 'localization/russian/valyrian_modifiers_l_russian.yml' and 'localization/russian/modifiers/valyrian_modifiers_l_russian.yml'.
[06:11:22][E][pdx_localize.cpp:279]: Duplicate localization key. Key 'scheme_dragon_whip' is defined in both 'localization/russian/valyrian_modifiers_l_russian.yml' and 'localization/russian/modifiers/valyrian_modifiers_l_russian.yml'.
[06:11:22][E][pdx_localize.cpp:279]: Duplicate localization key. Key 'scheme_valyrian_book' is defined in both 'localization/russian/valyrian_modifiers_l_russian.yml' and 'localization/russian/modifiers/valyrian_modifiers_l_russian.yml'.
[06:11:22][E][pdx_localize.cpp:279]: Duplicate localization key. Key 'scheme_dragon_horn_enchanted' is defined in both 'localization/russian/valyrian_modifiers_l_russian.yml' and 'localization/russian/modifiers/valyrian_modifiers_l_russian.yml'.
[06:11:22][E][pdx_localize.cpp:279]: Duplicate localization key. Key 'artifact_dragon_bond_enchanted' is defined in both 'localization/russian/valyrian_modifiers_l_russian.yml' and 'localization/russian/modifiers/valyrian_modifiers_l_russian.yml'.
[06:11:22][E][pdx_localize.cpp:279]: Duplicate localization key. Key 'artifact_health_penalty_4_modifier' is defined in both 'localization/russian/valyrian_modifiers_l_russian.yml' and 'localization/russian/modifiers/valyrian_modifiers_l_russian.yml'.
[06:12:59][E][pdxassetutil.cpp:1009]: Duplicate texture 'ethiopian_atlas_diffuse.dds' found (current path 'gfx/models/buildings/special/Karhold/ethiopian_atlas_diffuse.dds', previous path 'gfx/models/buildings/holdings/atlas/ethiopian/ethiopian_atlas_diffuse.dds')
[06:12:59][E][pdxassetutil.cpp:1009]: Duplicate texture 'ethiopian_atlas_diffuse.dds' found (current path 'gfx/models/buildings/special/Runestone/ethiopian_atlas_diffuse.dds', previous path 'gfx/models/buildings/holdings/atlas/ethiopian/ethiopian_atlas_diffuse.dds')
[06:13:04][E][pdxassetutil.cpp:1053]: Failed to find texture 'gfx/models/buildings/special/ep3_patras_castle_01_a/ep3_patras_castle_ground_diffuse.dds'
[06:13:04][E][virtualfilesystem.cpp:456]: Could not find texture due to 'VFSOpen Error: gfx/models/buildings/special/high_hermitage/gfx/models/buildings/special/ep3_patras_castle_01_a/ep3_patras_castle_ground_diffuse.dds not found'
[06:13:04][E][pdxassetutil.cpp:1053]: Failed to find texture 'gfx/models/buildings/special/ep3_patras_castle_01_a/ep3_patras_castle_ground_properties.dds'
[06:13:04][E][virtualfilesystem.cpp:456]: Could not find texture due to 'VFSOpen Error: gfx/models/buildings/special/high_hermitage/gfx/models/buildings/special/ep3_patras_castle_01_a/ep3_patras_castle_ground_properties.dds not found'
[06:13:04][E][pdxassetutil.cpp:1053]: Failed to find texture 'gfx/models/buildings/special/ep3_patras_castle_01_a/ep3_patras_castle_ground_normal.dds'
[06:13:04][E][virtualfilesystem.cpp:456]: Could not find texture due to 'VFSOpen Error: gfx/models/buildings/special/high_hermitage/gfx/models/buildings/special/ep3_patras_castle_01_a/ep3_patras_castle_ground_normal.dds not found'
[06:13:04][E][pdxassetutil.cpp:1053]: Failed to find texture 'gfx/models/buildings/special/ep3_patras_castle_01_a/ep3_patras_castle_01_a_unique.dds'
[06:13:04][E][virtualfilesystem.cpp:456]: Could not find texture due to 'VFSOpen Error: gfx/models/buildings/special/high_hermitage/gfx/models/buildings/special/ep3_patras_castle_01_a/ep3_patras_castle_01_a_unique.dds not found'
[06:13:05][E][pdxassetutil.cpp:1053]: Failed to find texture 'gfx/models/debug/no_properties.dds'
[06:13:05][E][virtualfilesystem.cpp:456]: Could not find texture due to 'VFSOpen Error: gfx/models/buildings/special/castamere/gfx/models/debug/no_properties.dds not found'
[06:13:05][E][pdxassetutil.cpp:1053]: Failed to find texture 'gfx/models/debug/no_normal.dds'
[06:13:05][E][virtualfilesystem.cpp:456]: Could not find texture due to 'VFSOpen Error: gfx/models/buildings/special/castamere/gfx/models/debug/no_normal.dds not found'
[06:13:05][E][pdxassetutil.cpp:1053]: Failed to find texture 'gfx/models/debug/no_properties.dds'
[06:13:05][E][virtualfilesystem.cpp:456]: Could not find texture due to 'VFSOpen Error: gfx/models/buildings/special/castamere/gfx/models/debug/no_properties.dds not found'
[06:13:05][E][pdxassetutil.cpp:1053]: Failed to find texture 'gfx/models/debug/no_normal.dds'
[06:13:05][E][virtualfilesystem.cpp:456]: Could not find texture due to 'VFSOpen Error: gfx/models/buildings/special/castamere/gfx/models/debug/no_normal.dds not found'
[06:13:06][E][pdxassetutil.cpp:1053]: Failed to find texture 'gfx/models/buildings/holdings/atlas/ethiopian/ethiopian_atlas_properties.dds'
[06:13:06][E][virtualfilesystem.cpp:456]: Could not find texture due to 'VFSOpen Error: gfx/models/buildings/special/Karhold/gfx/models/buildings/holdings/atlas/ethiopian/ethiopian_atlas_properties.dds not found'
[06:13:06][E][pdxassetutil.cpp:1053]: Failed to find texture 'gfx/models/buildings/holdings/atlas/ethiopian/ethiopian_atlas_normal.dds'
[06:13:06][E][virtualfilesystem.cpp:456]: Could not find texture due to 'VFSOpen Error: gfx/models/buildings/special/Karhold/gfx/models/buildings/holdings/atlas/ethiopian/ethiopian_atlas_normal.dds not found'
[06:13:07][E][pdxassetutil.cpp:1053]: Failed to find texture 'gfx/models/debug/no_properties.dds'
[06:13:07][E][virtualfilesystem.cpp:456]: Could not find texture due to 'VFSOpen Error: gfx/models/buildings/special/castamere/gfx/models/debug/no_properties.dds not found'
[06:13:07][E][pdxassetutil.cpp:1053]: Failed to find texture 'gfx/models/debug/no_normal.dds'
[06:13:07][E][virtualfilesystem.cpp:456]: Could not find texture due to 'VFSOpen Error: gfx/models/buildings/special/castamere/gfx/models/debug/no_normal.dds not found'
[06:13:07][E][pdxassetutil.cpp:1053]: Failed to find texture 'gfx/models/debug/no_properties.dds'
[06:13:07][E][virtualfilesystem.cpp:456]: Could not find texture due to 'VFSOpen Error: gfx/models/buildings/special/castamere/gfx/models/debug/no_properties.dds not found'
[06:13:07][E][pdxassetutil.cpp:1053]: Failed to find texture 'gfx/models/debug/no_normal.dds'
[06:13:07][E][virtualfilesystem.cpp:456]: Could not find texture due to 'VFSOpen Error: gfx/models/buildings/special/castamere/gfx/models/debug/no_normal.dds not found'
[06:13:09][E][pdxassetutil.cpp:1053]: Failed to find texture 'gfx/models/debug/no_properties.dds'
[06:13:09][E][virtualfilesystem.cpp:456]: Could not find texture due to 'VFSOpen Error: gfx/models/buildings/special/castamere/gfx/models/debug/no_properties.dds not found'
[06:13:09][E][pdxassetutil.cpp:1053]: Failed to find texture 'gfx/models/debug/no_normal.dds'
[06:13:09][E][virtualfilesystem.cpp:456]: Could not find texture due to 'VFSOpen Error: gfx/models/buildings/special/castamere/gfx/models/debug/no_normal.dds not found'
[06:13:09][E][pdxassetutil.cpp:1053]: Failed to find texture 'gfx/models/debug/no_properties.dds'
[06:13:09][E][virtualfilesystem.cpp:456]: Could not find texture due to 'VFSOpen Error: gfx/models/buildings/special/castamere/gfx/models/debug/no_properties.dds not found'
[06:13:09][E][pdxassetutil.cpp:1053]: Failed to find texture 'gfx/models/debug/no_normal.dds'
[06:13:09][E][virtualfilesystem.cpp:456]: Could not find texture due to 'VFSOpen Error: gfx/models/buildings/special/castamere/gfx/models/debug/no_normal.dds not found'
[06:13:09][E][pdxassetutil.cpp:1053]: Failed to find texture 'gfx/models/debug/no_properties.dds'
[06:13:09][E][virtualfilesystem.cpp:456]: Could not find texture due to 'VFSOpen Error: gfx/models/buildings/special/castamere/gfx/models/debug/no_properties.dds not found'
[06:13:09][E][pdxassetutil.cpp:1053]: Failed to find texture 'gfx/models/debug/no_normal.dds'
[06:13:09][E][virtualfilesystem.cpp:456]: Could not find texture due to 'VFSOpen Error: gfx/models/buildings/special/castamere/gfx/models/debug/no_normal.dds not found'
[06:13:43][E][decision_type.cpp:224]: show_notifications_decision has 'ai_check_interval'/'ai_check_interval_by_tier' that's negative or unset. Setting to 0 instead
[06:13:47][E][pdx_persistent_reader.cpp:216]: Error: "Unexpected token: confucian_education_xp_gain_mult, near line: 4047" in file: "common/modifiers/DI_modifiers.txt" near line: 4047
[06:13:50][E][jomini_eventtarget.cpp:692]: Failed to find a valid event target link 'house_Blackfyre' at file: common/scripted_triggers/tgc_loaded_trigger.txt line: 127 (tgc_blackfyre_equipment_trigger)
[06:13:50][E][portraitaccessories.cpp:159]: accessory group [clothes:brightboar_swordsman_armour] has an invalid accessory "male_clothes_secular_brightboar_swordsman"
[06:13:50][E][portraitaccessories.cpp:159]: accessory group [clothes:brightboar_swordsman_armour] has an invalid accessory "female_clothes_secular_brightboar_swordsman"
[06:13:50][E][portraitaccessories.cpp:159]: accessory group [clothes:brightboar_swordsman_armour] has an invalid accessory "male_clothes_secular_brightboar_swordsman"
[06:13:50][E][portraitaccessories.cpp:159]: accessory group [clothes:brightboar_swordsman_armour] has an invalid accessory "female_clothes_secular_brightboar_swordsman"
[06:13:50][E][portraitaccessories.cpp:159]: accessory group [clothes:golden_company_armor_blackfyre] has an invalid accessory "male_clothes_captainsArmor_blackfyreAlt_01"
[06:13:50][E][portraitaccessories.cpp:159]: accessory group [clothes:golden_company_armor_blackfyre] has an invalid accessory "male_clothes_captainsArmorMetal_blackfyreAlt_01"
[06:13:50][E][portraitaccessories.cpp:159]: accessory group [clothes:golden_company_armor_blackfyre] has an invalid accessory "male_clothes_ornateVest_blackfyreAlt_01"
[06:13:50][E][portraitaccessories.cpp:159]: accessory group [clothes:golden_company_armor_blackfyre] has an invalid accessory "male_clothes_standardVest_blackfyreAlt_01"
[06:13:50][E][portraitaccessories.cpp:159]: accessory group [clothes:golden_company_armor_blackfyre] has an invalid accessory "male_clothes_platedVest_blackfyreAlt_01"
[06:13:50][E][portraitaccessories.cpp:159]: accessory group [clothes:golden_company_armor_blackfyre] has an invalid accessory "male_clothes_captainsArmor_blackfyreAlt_01"
[06:13:50][E][portraitaccessories.cpp:159]: accessory group [clothes:golden_company_armor_blackfyre] has an invalid accessory "male_clothes_captainsArmorMetal_blackfyreAlt_01"
[06:13:50][E][portraitaccessories.cpp:159]: accessory group [clothes:golden_company_armor_blackfyre] has an invalid accessory "male_clothes_ornateVest_blackfyreAlt_01"
[06:13:50][E][portraitaccessories.cpp:159]: accessory group [clothes:golden_company_armor_blackfyre] has an invalid accessory "male_clothes_standardVest_blackfyreAlt_01"
[06:13:50][E][portraitaccessories.cpp:159]: accessory group [clothes:golden_company_armor_blackfyre] has an invalid accessory "male_clothes_platedVest_blackfyreAlt_01"
[06:13:50][E][portraitaccessories.cpp:159]: accessory group [headgear:tgc_helmets] has an invalid accessory "male_headgear_tgc_helm_blackfyre_01"
[06:13:50][E][portraitaccessories.cpp:159]: accessory group [headgear:tgc_helmets] has an invalid accessory "male_headgear_tgc_helm_blackfyreAlt_01"
[06:13:50][E][portraitaccessories.cpp:159]: accessory group [headgear:tgc_helmets] has an invalid accessory "male_headgear_tgc_helm_blackfyre_02"
[06:13:50][E][portraitaccessories.cpp:159]: accessory group [headgear:tgc_helmets] has an invalid accessory "male_headgear_tgc_helm_blackfyreAlt_02"
[06:13:50][E][portraitaccessories.cpp:159]: accessory group [headgear:tgc_helmets] has an invalid accessory "male_headgear_tgc_helm_blackfyre_03"
[06:13:50][E][portraitaccessories.cpp:159]: accessory group [headgear:tgc_helmets] has an invalid accessory "male_headgear_tgc_helm_blackfyreAlt_03"
[06:13:50][E][portraitaccessories.cpp:159]: accessory group [headgear:tgc_helmets] has an invalid accessory "male_headgear_tgc_helm_blackfyre_01"
[06:13:50][E][portraitaccessories.cpp:159]: accessory group [headgear:tgc_helmets] has an invalid accessory "male_headgear_tgc_helm_blackfyreAlt_01"
[06:13:50][E][portraitaccessories.cpp:159]: accessory group [headgear:tgc_helmets] has an invalid accessory "male_headgear_tgc_helm_blackfyre_02"
[06:13:50][E][portraitaccessories.cpp:159]: accessory group [headgear:tgc_helmets] has an invalid accessory "male_headgear_tgc_helm_blackfyreAlt_02"
[06:13:50][E][portraitaccessories.cpp:159]: accessory group [headgear:tgc_helmets] has an invalid accessory "male_headgear_tgc_helm_blackfyre_03"
[06:13:50][E][portraitaccessories.cpp:159]: accessory group [headgear:tgc_helmets] has an invalid accessory "male_headgear_tgc_helm_blackfyreAlt_03"
[06:13:50][E][portraitaccessories.cpp:159]: accessory group [legwear:tgc_pants_blackfyre] has an invalid accessory "male_legwear_captainsPants_blackfyreAlt_01"
[06:13:50][E][portraitaccessories.cpp:159]: accessory group [legwear:tgc_pants_blackfyre] has an invalid accessory "male_legwear_standardPants_blackfyreAlt_01"
[06:13:50][E][portraitaccessories.cpp:159]: accessory group [legwear:tgc_pants_blackfyre] has an invalid accessory "male_legwear_twoSwordsPants_blackfyreAlt_01"
[06:13:50][E][portraitaccessories.cpp:159]: accessory group [legwear:tgc_pants_blackfyre] has an invalid accessory "male_legwear_captainsPants_blackfyreAlt_01"
[06:13:50][E][portraitaccessories.cpp:159]: accessory group [legwear:tgc_pants_blackfyre] has an invalid accessory "male_legwear_standardPants_blackfyreAlt_01"
[06:13:50][E][portraitaccessories.cpp:159]: accessory group [legwear:tgc_pants_blackfyre] has an invalid accessory "male_legwear_twoSwordsPants_blackfyreAlt_01"
[06:13:50][E][pdx_persistent_reader.cpp:216]: Error: "Failed to read key reference: 1453_end_date: 1453_end_date, near line: 3
Failed to read key reference: rhomaion_name_of_byzantium: rhomaion_name_of_byzantium, near line: 3
Failed to read key reference: default_mongol_invasion: default_mongol_invasion, near line: 3
Failed to read key reference: random_ruler_placement_off: random_ruler_placement_off, near line: 3
Failed to read key reference: launch_historical: launch_historical, near line: 3
Failed to read key reference: fp1_scandi_adventurers_apocalyptic: fp1_scandi_adventurers_apocalyptic, near line: 3
Failed to read key reference: dissolution_after_caliph_death: dissolution_after_caliph_death, near line: 3
Failed to read key reference: default_seljuk_invasion: default_seljuk_invasion, near line: 3
Failed to read key reference: situation_the_great_steppe_toggle_on: situation_the_great_steppe_toggle_on, near line: 3
Failed to read key reference: struggle_iberia_toggle_on: struggle_iberia_toggle_on, near line: 3
Failed to read key reference: struggle_persia_toggle_on: struggle_persia_toggle_on, near line: 3
Failed to read key reference: historicity_ruler_of_munster_historical_toirdelbach: historicity_ruler_of_munster_historical_toirdelbach, near line: 3
Failed to read key reference: historicity_norman_conquest_default_random: historicity_norman_conquest_default_random, near line: 3
Failed to read key reference: tibet_nomad_region_on: tibet_nomad_region_on, near line: 3
Failed to read key reference: sami_nomad_region_on: sami_nomad_region_on, near line: 3
Failed to read key reference: arabia_nomad_region_on: arabia_nomad_region_on, near line: 3
Failed to read key reference: sahel_nomad_region_on: sahel_nomad_region_on, near line: 3
Failed to read key reference: horn_of_africa_nomad_region_on: horn_of_africa_nomad_region_on, near line: 3
Failed to read key reference: historicity_extra_admin_egypt_gameplay_not_administrative: historicity_extra_admin_egypt_gameplay_not_administrative, near line: 3
Failed to read key reference: historicity_extra_admin_arabia_gameplay_not_administrative: historicity_extra_admin_arabia_gameplay_not_administrative, near line: 3
Failed to read key reference: historicity_extra_admin_ghana_gameplay_not_administrative: historicity_extra_admin_ghana_gameplay_not_administrative, near line: 3
Failed to read key reference: historicity_extra_admin_kabulistan_gameplay_not_administrative: historicity_extra_admin_kabulistan_gameplay_not_administrative, near line: 3
Failed to read key reference: historicity_extra_admin_persia_gameplay_not_administrative: historicity_extra_admin_persia_gameplay_not_administrative, near line: 3
Failed to read key reference: historicity_extra_admin_maghreb_gameplay_not_administrative: historicity_extra_admin_maghreb_gameplay_not_administrative, near line: 3
Failed to read key reference: historicity_extra_admin_tamilakam_gameplay_not_administrative: historicity_extra_admin_tamilakam_gameplay_not_administrative, near line: 3
Failed to read key reference: historicity_extra_admin_carolingians_gameplay_not_administrative: historicity_extra_admin_carolingians_gameplay_not_administrative, near line: 3
Failed to read key reference: historicity_extra_admin_player_wherever_gameplay_not_administrative: historicity_extra_admin_player_wherever_gameplay_not_administrative, near line: 3
Failed to read key reference: historicity_frankokratia_fourth_crusade: historicity_frankokratia_fourth_crusade, near line: 3
Failed to read key reference: silk_road_starting_innovations_preset: silk_road_starting_innovations_preset, near line: 3
Failed to read key reference: ACR_RE_tradition_slots_plus_95: ACR_RE_tradition_slots_plus_95, near line: 3
Failed to read key reference: ACR_RE_tradition_cost_free: ACR_RE_tradition_cost_free, near line: 3
Failed to read key reference: ACR_RE_tradition_cooldown_none: ACR_RE_tradition_cooldown_none, near line: 3
Failed to read key reference: ACR_RE_truce_duration_5: ACR_RE_truce_duration_5, near line: 3
Failed to read key reference: ACR_RE_truce_scope_player_primary: ACR_RE_truce_scope_player_primary, near line: 3
Failed to read key reference: ACR_RE_council_task_speed_1_month: ACR_RE_council_task_speed_1_month, near line: 3
Failed to read key reference: HM_RE_rule_player_free_functions_enabled: HM_RE_rule_player_free_functions_enabled, near line: 3
Failed to read key reference: HM_RE_rule_change_holding_type_cost_very_cheap: HM_RE_rule_change_holding_type_cost_very_cheap, near line: 3
Failed to read key reference: HM_RE_rule_change_holding_type_cooldown_very_short: HM_RE_rule_change_holding_type_cooldown_very_short, near line: 3
Failed to read key reference: HM_RE_rule_can_replace_buildings_vassals: HM_RE_rule_can_replace_buildings_vassals, near line: 3
Failed to read key reference: HM_RE_rule_can_feudalize_holdings_vassals: HM_RE_rule_can_feudalize_holdings_vassals, near line: 3
Failed to read key reference: HM_RE_value_construct_buildings_gold_cost_cap_very_cheap: HM_RE_value_construct_buildings_gold_cost_cap_very_cheap, near line: 3
Failed to read key reference: HM_RE_rule_player_extra_slots_enabled: HM_RE_rule_player_extra_slots_enabled, near line: 3
Failed to read key reference: HM_RE_rule_player_slot_base_cost_very_cheap: HM_RE_rule_player_slot_base_cost_very_cheap, near line: 3
Failed to read key reference: HM_RE_rule_player_slot_step_cost_very_cheap: HM_RE_rule_player_slot_step_cost_very_cheap, near line: 3
Failed to read key reference: HM_RE_rule_construction_time_cost_free: HM_RE_rule_construction_time_cost_free, near line: 3
Failed to read key reference: HM_RE_build_all_button_on: HM_RE_build_all_button_on, near line: 3
Failed to read key reference: HM_RE_upgrade_all_button_on: HM_RE_upgrade_all_button_on, near line: 3
Failed to read key reference: HM_RE_make_nomad_button_on: HM_RE_make_nomad_button_on, near line: 3
Failed to read key reference: HM_RE_make_temple_citadel_button_on: HM_RE_make_temple_citadel_button_on, near line: 3
Failed to read key reference: HM_RE_player_add_slots_decision_on: HM_RE_player_add_slots_decision_on, near line: 3
Failed to read key reference: HM_RE_player_add_slots_decision_base_cost_very_cheap: HM_RE_player_add_slots_decision_base_cost_very_cheap, near line: 3
Failed to read key reference: HM_RE_player_cost_gold: HM_RE_player_cost_gold, near line: 3
Failed to read key reference: HM_RE_rule_ai_extra_slots_disabled: HM_RE_rule_ai_extra_slots_disabled, near line: 3
Failed to read key reference: HM_RE_rule_ai_slot_base_cost_very_expensive: HM_RE_rule_ai_slot_base_cost_very_expensive, near line: 3
Failed to read key reference: HM_RE_rule_ai_slot_step_cost_very_expensive: HM_RE_rule_ai_slot_step_cost_very_expensive, near line: 3" in file: "" near line: 3
[06:13:50][E][pdx_persistent_reader.cpp:216]: Error: "Failed to read key reference: 1453_end_date: 1453_end_date, near line: 8
Failed to read key reference: rhomaion_name_of_byzantium: rhomaion_name_of_byzantium, near line: 8
Failed to read key reference: default_mongol_invasion: default_mongol_invasion, near line: 8
Failed to read key reference: random_ruler_placement_off: random_ruler_placement_off, near line: 8
Failed to read key reference: launch_historical: launch_historical, near line: 8
Failed to read key reference: fp1_scandi_adventurers_apocalyptic: fp1_scandi_adventurers_apocalyptic, near line: 8
Failed to read key reference: dissolution_after_caliph_death: dissolution_after_caliph_death, near line: 8
Failed to read key reference: default_seljuk_invasion: default_seljuk_invasion, near line: 8
Failed to read key reference: situation_the_great_steppe_toggle_on: situation_the_great_steppe_toggle_on, near line: 8
Failed to read key reference: struggle_iberia_toggle_on: struggle_iberia_toggle_on, near line: 8
Failed to read key reference: struggle_persia_toggle_on: struggle_persia_toggle_on, near line: 8
Failed to read key reference: historicity_ruler_of_munster_historical_toirdelbach: historicity_ruler_of_munster_historical_toirdelbach, near line: 8
Failed to read key reference: historicity_norman_conquest_default_random: historicity_norman_conquest_default_random, near line: 8
Failed to read key reference: tibet_nomad_region_on: tibet_nomad_region_on, near line: 8
Failed to read key reference: sami_nomad_region_on: sami_nomad_region_on, near line: 8
Failed to read key reference: arabia_nomad_region_on: arabia_nomad_region_on, near line: 8
Failed to read key reference: sahel_nomad_region_on: sahel_nomad_region_on, near line: 8
Failed to read key reference: horn_of_africa_nomad_region_on: horn_of_africa_nomad_region_on, near line: 8
Failed to read key reference: historicity_extra_admin_egypt_gameplay_not_administrative: historicity_extra_admin_egypt_gameplay_not_administrative, near line: 8
Failed to read key reference: historicity_extra_admin_arabia_gameplay_not_administrative: historicity_extra_admin_arabia_gameplay_not_administrative, near line: 8
Failed to read key reference: historicity_extra_admin_ghana_gameplay_not_administrative: historicity_extra_admin_ghana_gameplay_not_administrative, near line: 8
Failed to read key reference: historicity_extra_admin_kabulistan_gameplay_not_administrative: historicity_extra_admin_kabulistan_gameplay_not_administrative, near line: 8
Failed to read key reference: historicity_extra_admin_persia_gameplay_not_administrative: historicity_extra_admin_persia_gameplay_not_administrative, near line: 8
Failed to read key reference: historicity_extra_admin_maghreb_gameplay_not_administrative: historicity_extra_admin_maghreb_gameplay_not_administrative, near line: 8
Failed to read key reference: historicity_extra_admin_tamilakam_gameplay_not_administrative: historicity_extra_admin_tamilakam_gameplay_not_administrative, near line: 8
Failed to read key reference: historicity_extra_admin_carolingians_gameplay_not_administrative: historicity_extra_admin_carolingians_gameplay_not_administrative, near line: 8
Failed to read key reference: historicity_extra_admin_player_wherever_gameplay_not_administrative: historicity_extra_admin_player_wherever_gameplay_not_administrative, near line: 8
Failed to read key reference: historicity_frankokratia_fourth_crusade: historicity_frankokratia_fourth_crusade, near line: 8
Failed to read key reference: silk_road_starting_innovations_preset: silk_road_starting_innovations_preset, near line: 8
Failed to read key reference: ACR_RE_tradition_slots_plus_95: ACR_RE_tradition_slots_plus_95, near line: 8
Failed to read key reference: ACR_RE_tradition_cost_free: ACR_RE_tradition_cost_free, near line: 8
Failed to read key reference: ACR_RE_tradition_cooldown_none: ACR_RE_tradition_cooldown_none, near line: 8
Failed to read key reference: ACR_RE_truce_duration_5: ACR_RE_truce_duration_5, near line: 8
Failed to read key reference: ACR_RE_truce_scope_player_primary: ACR_RE_truce_scope_player_primary, near line: 8
Failed to read key reference: ACR_RE_council_task_speed_1_month: ACR_RE_council_task_speed_1_month, near line: 8
Failed to read key reference: HM_RE_rule_player_free_functions_enabled: HM_RE_rule_player_free_functions_enabled, near line: 8
Failed to read key reference: HM_RE_rule_change_holding_type_cost_very_cheap: HM_RE_rule_change_holding_type_cost_very_cheap, near line: 8
Failed to read key reference: HM_RE_rule_change_holding_type_cooldown_very_short: HM_RE_rule_change_holding_type_cooldown_very_short, near line: 8
Failed to read key reference: HM_RE_rule_can_replace_buildings_vassals: HM_RE_rule_can_replace_buildings_vassals, near line: 8
Failed to read key reference: HM_RE_rule_can_feudalize_holdings_vassals: HM_RE_rule_can_feudalize_holdings_vassals, near line: 8
Failed to read key reference: HM_RE_value_construct_buildings_gold_cost_cap_very_cheap: HM_RE_value_construct_buildings_gold_cost_cap_very_cheap, near line: 8
Failed to read key reference: HM_RE_rule_player_extra_slots_enabled: HM_RE_rule_player_extra_slots_enabled, near line: 8
Failed to read key reference: HM_RE_rule_player_slot_base_cost_very_cheap: HM_RE_rule_player_slot_base_cost_very_cheap, near line: 8
Failed to read key reference: HM_RE_rule_player_slot_step_cost_very_cheap: HM_RE_rule_player_slot_step_cost_very_cheap, near line: 8
Failed to read key reference: HM_RE_rule_construction_time_cost_free: HM_RE_rule_construction_time_cost_free, near line: 8
Failed to read key reference: HM_RE_build_all_button_on: HM_RE_build_all_button_on, near line: 8
Failed to read key reference: HM_RE_upgrade_all_button_on: HM_RE_upgrade_all_button_on, near line: 8
Failed to read key reference: HM_RE_make_nomad_button_on: HM_RE_make_nomad_button_on, near line: 8
Failed to read key reference: HM_RE_make_temple_citadel_button_on: HM_RE_make_temple_citadel_button_on, near line: 8
Failed to read key reference: HM_RE_player_add_slots_decision_on: HM_RE_player_add_slots_decision_on, near line: 8
Failed to read key reference: HM_RE_player_add_slots_decision_base_cost_very_cheap: HM_RE_player_add_slots_decision_base_cost_very_cheap, near line: 8
Failed to read key reference: HM_RE_player_cost_gold: HM_RE_player_cost_gold, near line: 8
Failed to read key reference: HM_RE_rule_ai_extra_slots_disabled: HM_RE_rule_ai_extra_slots_disabled, near line: 8
Failed to read key reference: HM_RE_rule_ai_slot_base_cost_very_expensive: HM_RE_rule_ai_slot_base_cost_very_expensive, near line: 8
Failed to read key reference: HM_RE_rule_ai_slot_step_cost_very_expensive: HM_RE_rule_ai_slot_step_cost_very_expensive, near line: 8" in file: "" near line: 8
[06:13:52][E][title_links.cpp:214]: Failed to fetch a valid landed title 'e_hre' at location 'file: common/scripted_guis/DI_char_editor_present_sgui.txt line: 1589 (DI_ce_female_dominated:effect)'
[06:13:52][E][title_links.cpp:214]: Failed to fetch a valid landed title 'e_hre' at location 'file: common/character_interactions/DI_character_interaction.txt line: 4622 (DI_change_succession:on_accept)'
[06:13:52][E][title_links.cpp:214]: Failed to fetch a valid landed title 'e_hre' at location 'file: common/character_interactions/DI_character_interaction.txt line: 4624 (DI_change_succession:on_accept)'
[06:13:52][E][title_links.cpp:214]: Failed to fetch a valid landed title 'e_hre' at location 'file: common/character_interactions/DI_character_interaction.txt line: 4637 (DI_change_succession:on_accept)'
[06:13:52][E][title_links.cpp:214]: Failed to fetch a valid landed title 'e_hre' at location 'file: common/character_interactions/DI_character_interaction.txt line: 4639 (DI_change_succession:on_accept)'
[06:13:52][E][jomini_eventtarget.h:291]: Failed to find 'varangian' from database for link 'trait' at file: common/scripted_effects/DI_char_spawner_effects.txt line: 1232 (DI_akolouthos_traits_effect)
[06:13:52][E][jomini_script_system.cpp:303]: Script system error!
  Error: add_innovation effect [ target: Not found in database class CCultureInnovationTypeDatabase ]
  Script location: file: common/character_interactions/DI_character_interaction.txt line: 4616 (DI_change_succession:on_accept)

[06:13:52][E][jomini_effect.cpp:139]: PostValidate of effect 'add_innovation' returned false at file: common/character_interactions/DI_character_interaction.txt line: 4616 (DI_change_succession:on_accept)
[06:13:52][E][jomini_script_system.cpp:303]: Script system error!
  Error: add_innovation effect [ target: Not found in database class CCultureInnovationTypeDatabase ]
  Script location: file: common/character_interactions/DI_character_interaction.txt line: 4631 (DI_change_succession:on_accept)

[06:13:52][E][jomini_effect.cpp:139]: PostValidate of effect 'add_innovation' returned false at file: common/character_interactions/DI_character_interaction.txt line: 4631 (DI_change_succession:on_accept)
[06:13:52][E][jomini_script_system.cpp:303]: Script system error!
  Error: has_game_rule trigger [ Invalid database object 'show_armor_enabled' ]
  Script location: file: gfx/portraits/portrait_modifiers/01_cloaks_base.txt line: 1333 (cloaks:weight)

[06:13:52][E][jomini_trigger.cpp:243]: PostValidate of trigger 'has_game_rule' returned false at file: gfx/portraits/portrait_modifiers/01_cloaks_base.txt line: 1333 (cloaks:weight)
[06:13:52][E][jomini_script_system.cpp:303]: Script system error!
  Error: has_game_rule trigger [ Invalid database object 'show_armor_enabled' ]
  Script location: file: gfx/portraits/portrait_modifiers/01_cloaks_base.txt line: 1338 (cloaks:weight)

[06:13:52][E][jomini_trigger.cpp:243]: PostValidate of trigger 'has_game_rule' returned false at file: gfx/portraits/portrait_modifiers/01_cloaks_base.txt line: 1338 (cloaks:weight)
[06:13:52][E][jomini_script_system.cpp:303]: Script system error!
  Error: has_game_rule trigger [ Invalid database object 'show_armor_enabled' ]
  Script location: file: gfx/portraits/portrait_modifiers/01_cloaks_base.txt line: 1642 (cloaks:weight)

[06:13:52][E][jomini_trigger.cpp:243]: PostValidate of trigger 'has_game_rule' returned false at file: gfx/portraits/portrait_modifiers/01_cloaks_base.txt line: 1642 (cloaks:weight)
[06:13:52][E][jomini_script_system.cpp:303]: Script system error!
  Error: has_game_rule trigger [ Invalid database object 'show_armor_enabled' ]
  Script location: file: gfx/portraits/portrait_modifiers/01_cloaks_base.txt line: 1684 (cloaks:weight)

[06:13:52][E][jomini_trigger.cpp:243]: PostValidate of trigger 'has_game_rule' returned false at file: gfx/portraits/portrait_modifiers/01_cloaks_base.txt line: 1684 (cloaks:weight)
[06:13:52][E][jomini_script_system.cpp:303]: Script system error!
  Error: has_game_rule trigger [ Invalid database object 'show_armor_enabled' ]
  Script location: file: gfx/portraits/portrait_modifiers/01_legwear_base.txt line: 871 (legwear:weight)

[06:13:52][E][jomini_trigger.cpp:243]: PostValidate of trigger 'has_game_rule' returned false at file: gfx/portraits/portrait_modifiers/01_legwear_base.txt line: 871 (legwear:weight)
[06:13:52][E][jomini_script_system.cpp:303]: Script system error!
  Error: has_game_rule trigger [ Invalid database object 'show_armor_enabled' ]
  Script location: file: gfx/portraits/portrait_modifiers/01_legwear_base.txt line: 898 (legwear:weight)

[06:13:52][E][jomini_trigger.cpp:243]: PostValidate of trigger 'has_game_rule' returned false at file: gfx/portraits/portrait_modifiers/01_legwear_base.txt line: 898 (legwear:weight)
[06:13:52][E][jomini_script_system.cpp:303]: Script system error!
  Error: has_game_rule trigger [ Invalid database object 'show_armor_enabled' ]
  Script location: file: gfx/portraits/portrait_modifiers/01_legwear_base.txt line: 937 (legwear:weight)

[06:13:52][E][jomini_trigger.cpp:243]: PostValidate of trigger 'has_game_rule' returned false at file: gfx/portraits/portrait_modifiers/01_legwear_base.txt line: 937 (legwear:weight)
[06:13:52][E][jomini_script_system.cpp:303]: Script system error!
  Error: has_game_rule trigger [ Invalid database object 'show_armor_enabled' ]
  Script location: file: gfx/portraits/portrait_modifiers/05_clothes_situational.txt line: 616 (clothes_situational:weight)

[06:13:52][E][jomini_trigger.cpp:243]: PostValidate of trigger 'has_game_rule' returned false at file: gfx/portraits/portrait_modifiers/05_clothes_situational.txt line: 616 (clothes_situational:weight)
[06:13:52][E][jomini_script_system.cpp:303]: Script system error!
  Error: has_game_rule trigger [ Invalid database object 'show_armor_enabled' ]
  Script location: file: gfx/portraits/portrait_modifiers/05_clothes_situational.txt line: 1062 (clothes_situational:weight)

[06:13:52][E][jomini_trigger.cpp:243]: PostValidate of trigger 'has_game_rule' returned false at file: gfx/portraits/portrait_modifiers/05_clothes_situational.txt line: 1062 (clothes_situational:weight)
[06:13:52][E][jomini_script_system.cpp:303]: Script system error!
  Error: has_game_rule trigger [ Invalid database object 'show_armor_enabled' ]
  Script location: file: gfx/portraits/portrait_modifiers/05_clothes_situational.txt line: 1109 (clothes_situational:weight)

[06:13:52][E][jomini_trigger.cpp:243]: PostValidate of trigger 'has_game_rule' returned false at file: gfx/portraits/portrait_modifiers/05_clothes_situational.txt line: 1109 (clothes_situational:weight)
[06:13:52][E][jomini_script_system.cpp:303]: Script system error!
  Error: has_game_rule trigger [ Invalid database object 'show_armor_enabled' ]
  Script location: file: gfx/portraits/portrait_modifiers/05_clothes_situational.txt line: 1158 (clothes_situational:weight)

[06:13:52][E][jomini_trigger.cpp:243]: PostValidate of trigger 'has_game_rule' returned false at file: gfx/portraits/portrait_modifiers/05_clothes_situational.txt line: 1158 (clothes_situational:weight)
[06:13:52][E][jomini_script_system.cpp:303]: Script system error!
  Error: has_game_rule trigger [ Invalid database object 'show_armor_enabled' ]
  Script location: file: gfx/portraits/portrait_modifiers/05_clothes_situational.txt line: 1202 (clothes_situational:weight)

[06:13:52][E][jomini_trigger.cpp:243]: PostValidate of trigger 'has_game_rule' returned false at file: gfx/portraits/portrait_modifiers/05_clothes_situational.txt line: 1202 (clothes_situational:weight)
[06:13:52][E][jomini_script_system.cpp:303]: Script system error!
  Error: has_game_rule trigger [ Invalid database object 'show_armor_enabled' ]
  Script location: file: gfx/portraits/portrait_modifiers/05_clothes_situational.txt line: 1248 (clothes_situational:weight)

[06:13:52][E][jomini_trigger.cpp:243]: PostValidate of trigger 'has_game_rule' returned false at file: gfx/portraits/portrait_modifiers/05_clothes_situational.txt line: 1248 (clothes_situational:weight)
[06:13:52][E][jomini_script_system.cpp:303]: Script system error!
  Error: has_game_rule trigger [ Invalid database object 'show_armor_enabled' ]
  Script location: file: gfx/portraits/portrait_modifiers/05_clothes_situational.txt line: 1292 (clothes_situational:weight)

[06:13:52][E][jomini_trigger.cpp:243]: PostValidate of trigger 'has_game_rule' returned false at file: gfx/portraits/portrait_modifiers/05_clothes_situational.txt line: 1292 (clothes_situational:weight)
[06:13:52][E][jomini_script_system.cpp:303]: Script system error!
  Error: has_game_rule trigger [ Invalid database object 'show_armor_enabled' ]
  Script location: file: gfx/portraits/portrait_modifiers/05_clothes_situational.txt line: 1338 (clothes_situational:weight)

[06:13:52][E][jomini_trigger.cpp:243]: PostValidate of trigger 'has_game_rule' returned false at file: gfx/portraits/portrait_modifiers/05_clothes_situational.txt line: 1338 (clothes_situational:weight)
[06:13:52][E][jomini_script_system.cpp:303]: Script system error!
  Error: has_game_rule trigger [ Invalid database object 'show_armor_enabled' ]
  Script location: file: gfx/portraits/portrait_modifiers/05_clothes_situational.txt line: 1382 (clothes_situational:weight)

[06:13:52][E][jomini_trigger.cpp:243]: PostValidate of trigger 'has_game_rule' returned false at file: gfx/portraits/portrait_modifiers/05_clothes_situational.txt line: 1382 (clothes_situational:weight)
[06:13:52][E][jomini_script_system.cpp:303]: Script system error!
  Error: has_game_rule trigger [ Invalid database object 'show_armor_enabled' ]
  Script location: file: gfx/portraits/portrait_modifiers/05_clothes_situational.txt line: 1428 (clothes_situational:weight)

[06:13:52][E][jomini_trigger.cpp:243]: PostValidate of trigger 'has_game_rule' returned false at file: gfx/portraits/portrait_modifiers/05_clothes_situational.txt line: 1428 (clothes_situational:weight)
[06:13:52][E][jomini_script_system.cpp:303]: Script system error!
  Error: has_game_rule trigger [ Invalid database object 'show_armor_enabled' ]
  Script location: file: gfx/portraits/portrait_modifiers/05_clothes_situational.txt line: 1472 (clothes_situational:weight)

[06:13:52][E][jomini_trigger.cpp:243]: PostValidate of trigger 'has_game_rule' returned false at file: gfx/portraits/portrait_modifiers/05_clothes_situational.txt line: 1472 (clothes_situational:weight)
[06:13:52][E][jomini_script_system.cpp:303]: Script system error!
  Error: has_game_rule trigger [ Invalid database object 'show_armor_enabled' ]
  Script location: file: gfx/portraits/portrait_modifiers/05_clothes_situational.txt line: 1518 (clothes_situational:weight)

[06:13:52][E][jomini_trigger.cpp:243]: PostValidate of trigger 'has_game_rule' returned false at file: gfx/portraits/portrait_modifiers/05_clothes_situational.txt line: 1518 (clothes_situational:weight)
[06:13:52][E][jomini_script_system.cpp:303]: Script system error!
  Error: has_game_rule trigger [ Invalid database object 'show_armor_enabled' ]
  Script location: file: gfx/portraits/portrait_modifiers/05_clothes_situational.txt line: 1562 (clothes_situational:weight)

[06:13:52][E][jomini_trigger.cpp:243]: PostValidate of trigger 'has_game_rule' returned false at file: gfx/portraits/portrait_modifiers/05_clothes_situational.txt line: 1562 (clothes_situational:weight)
[06:13:52][E][jomini_script_system.cpp:303]: Script system error!
  Error: has_game_rule trigger [ Invalid database object 'show_armor_enabled' ]
  Script location: file: gfx/portraits/portrait_modifiers/05_headgear_situational.txt line: 338 (headgear_situational:weight)

[06:13:52][E][jomini_trigger.cpp:243]: PostValidate of trigger 'has_game_rule' returned false at file: gfx/portraits/portrait_modifiers/05_headgear_situational.txt line: 338 (headgear_situational:weight)
[06:13:52][E][jomini_script_system.cpp:303]: Script system error!
  Error: has_game_rule trigger [ Invalid database object 'show_armor_enabled' ]
  Script location: file: gfx/portraits/portrait_modifiers/05_headgear_situational.txt line: 395 (headgear_situational:weight)

[06:13:52][E][jomini_trigger.cpp:243]: PostValidate of trigger 'has_game_rule' returned false at file: gfx/portraits/portrait_modifiers/05_headgear_situational.txt line: 395 (headgear_situational:weight)
[06:13:52][E][jomini_script_system.cpp:303]: Script system error!
  Error: has_game_rule trigger [ Invalid database object 'show_armor_enabled' ]
  Script location: file: gfx/portraits/portrait_modifiers/05_headgear_situational.txt line: 3127 (headgear_situational:weight)

[06:13:52][E][jomini_trigger.cpp:243]: PostValidate of trigger 'has_game_rule' returned false at file: gfx/portraits/portrait_modifiers/05_headgear_situational.txt line: 3127 (headgear_situational:weight)
[06:13:52][E][jomini_script_system.cpp:303]: Script system error!
  Error: has_game_rule trigger [ Invalid database object 'show_armor_enabled' ]
  Script location: file: gfx/portraits/portrait_modifiers/05_headgear_situational.txt line: 3174 (headgear_situational:weight)

[06:13:52][E][jomini_trigger.cpp:243]: PostValidate of trigger 'has_game_rule' returned false at file: gfx/portraits/portrait_modifiers/05_headgear_situational.txt line: 3174 (headgear_situational:weight)
[06:13:52][E][jomini_script_system.cpp:303]: Script system error!
  Error: has_game_rule trigger [ Invalid database object 'show_armor_enabled' ]
  Script location: file: gfx/portraits/portrait_modifiers/05_headgear_situational.txt line: 3222 (headgear_situational:weight)

[06:13:52][E][jomini_trigger.cpp:243]: PostValidate of trigger 'has_game_rule' returned false at file: gfx/portraits/portrait_modifiers/05_headgear_situational.txt line: 3222 (headgear_situational:weight)
[06:13:52][E][jomini_script_system.cpp:303]: Script system error!
  Error: has_game_rule trigger [ Invalid database object 'show_armor_enabled' ]
  Script location: file: gfx/portraits/portrait_modifiers/05_headgear_situational.txt line: 3266 (headgear_situational:weight)

[06:13:52][E][jomini_trigger.cpp:243]: PostValidate of trigger 'has_game_rule' returned false at file: gfx/portraits/portrait_modifiers/05_headgear_situational.txt line: 3266 (headgear_situational:weight)
[06:13:52][E][jomini_script_system.cpp:303]: Script system error!
  Error: has_game_rule trigger [ Invalid database object 'show_armor_enabled' ]
  Script location: file: gfx/portraits/portrait_modifiers/05_headgear_situational.txt line: 3310 (headgear_situational:weight)

[06:13:52][E][jomini_trigger.cpp:243]: PostValidate of trigger 'has_game_rule' returned false at file: gfx/portraits/portrait_modifiers/05_headgear_situational.txt line: 3310 (headgear_situational:weight)
[06:13:52][E][jomini_script_system.cpp:303]: Script system error!
  Error: has_game_rule trigger [ Invalid database object 'show_armor_enabled' ]
  Script location: file: gfx/portraits/portrait_modifiers/05_headgear_situational.txt line: 3355 (headgear_situational:weight)

[06:13:52][E][jomini_trigger.cpp:243]: PostValidate of trigger 'has_game_rule' returned false at file: gfx/portraits/portrait_modifiers/05_headgear_situational.txt line: 3355 (headgear_situational:weight)
[06:13:52][E][jomini_script_system.cpp:303]: Script system error!
  Error: is_struggle_type trigger [ Invalid database object 'persian_struggle' ]
  Script location: file: common/character_interactions/DI_character_interaction.txt line: 1415 (DI_arrange_marriage_interaction:is_shown)

[06:13:52][E][jomini_trigger.cpp:243]: PostValidate of trigger 'is_struggle_type' returned false at file: common/character_interactions/DI_character_interaction.txt line: 1415 (DI_arrange_marriage_interaction:is_shown)
[06:13:52][E][jomini_script_system.cpp:303]: Script system error!
  Error: has_struggle_phase_parameter trigger [ Bool phase parameter 'can_trade_piety_for_marriage_acceptance' does not exist ]
  Script location: file: common/character_interactions/DI_character_interaction.txt line: 1416 (DI_arrange_marriage_interaction:is_shown)

[06:13:52][E][jomini_trigger.cpp:243]: PostValidate of trigger 'has_struggle_phase_parameter' returned false at file: common/character_interactions/DI_character_interaction.txt line: 1416 (DI_arrange_marriage_interaction:is_shown)
[06:13:52][E][jomini_script_system.cpp:303]: Script system error!
  Error: is_struggle_type trigger [ Invalid database object 'persian_struggle' ]
  Script location: file: common/character_interactions/DI_character_interaction.txt line: 1424 (DI_arrange_marriage_interaction:is_valid)

[06:13:52][E][jomini_trigger.cpp:243]: PostValidate of trigger 'is_struggle_type' returned false at file: common/character_interactions/DI_character_interaction.txt line: 1424 (DI_arrange_marriage_interaction:is_valid)
[06:13:52][E][jomini_script_system.cpp:303]: Script system error!
  Error: is_struggle_type trigger [ Invalid database object 'persian_struggle' ]
  Script location: file: common/character_interactions/DI_character_interaction.txt line: 1430 (DI_arrange_marriage_interaction:is_valid)

[06:13:52][E][jomini_trigger.cpp:243]: PostValidate of trigger 'is_struggle_type' returned false at file: common/character_interactions/DI_character_interaction.txt line: 1430 (DI_arrange_marriage_interaction:is_valid)
[06:13:52][E][jomini_script_system.cpp:303]: Script system error!
  Error: is_in_family trigger [ Invalid database object 'rf_abrahamic' ]
  Script location: file: common/scripted_effects/DI_char_spawner_effects.txt line: 1464 (DI_char_spawner_resolve_origin_effect)

[06:13:52][E][jomini_trigger.cpp:243]: PostValidate of trigger 'is_in_family' returned false at file: common/scripted_effects/DI_char_spawner_effects.txt line: 1464 (DI_char_spawner_resolve_origin_effect)
[06:13:52][E][jomini_script_system.cpp:303]: Script system error!
  Error: is_in_family trigger [ Invalid database object 'rf_abrahamic' ]
  Script location: file: common/scripted_effects/DI_char_spawner_effects.txt line: 1466 (DI_char_spawner_resolve_origin_effect)

[06:13:52][E][jomini_trigger.cpp:243]: PostValidate of trigger 'is_in_family' returned false at file: common/scripted_effects/DI_char_spawner_effects.txt line: 1466 (DI_char_spawner_resolve_origin_effect)
[06:13:52][E][jomini_script_system.cpp:303]: Script system error!
  Error: is_in_family trigger [ Invalid database object 'rf_eastern' ]
  Script location: file: common/scripted_effects/DI_char_spawner_effects.txt line: 1470 (DI_char_spawner_resolve_origin_effect)

[06:13:52][E][jomini_trigger.cpp:243]: PostValidate of trigger 'is_in_family' returned false at file: common/scripted_effects/DI_char_spawner_effects.txt line: 1470 (DI_char_spawner_resolve_origin_effect)
[06:13:52][E][jomini_script_system.cpp:303]: Script system error!
  Error: is_in_family trigger [ Invalid database object 'rf_eastern' ]
  Script location: file: common/scripted_effects/DI_char_spawner_effects.txt line: 1472 (DI_char_spawner_resolve_origin_effect)

[06:13:52][E][jomini_trigger.cpp:243]: PostValidate of trigger 'is_in_family' returned false at file: common/scripted_effects/DI_char_spawner_effects.txt line: 1472 (DI_char_spawner_resolve_origin_effect)
[06:13:52][E][jomini_script_system.cpp:303]: Script system error!
  Error: is_in_family trigger [ Invalid database object 'rf_sinitic' ]
  Script location: file: common/scripted_effects/DI_char_spawner_effects.txt line: 1476 (DI_char_spawner_resolve_origin_effect)

[06:13:52][E][jomini_trigger.cpp:243]: PostValidate of trigger 'is_in_family' returned false at file: common/scripted_effects/DI_char_spawner_effects.txt line: 1476 (DI_char_spawner_resolve_origin_effect)
[06:13:52][E][jomini_script_system.cpp:303]: Script system error!
  Error: is_in_family trigger [ Invalid database object 'rf_sinitic' ]
  Script location: file: common/scripted_effects/DI_char_spawner_effects.txt line: 1478 (DI_char_spawner_resolve_origin_effect)

[06:13:52][E][jomini_trigger.cpp:243]: PostValidate of trigger 'is_in_family' returned false at file: common/scripted_effects/DI_char_spawner_effects.txt line: 1478 (DI_char_spawner_resolve_origin_effect)
[06:13:52][E][jomini_script_system.cpp:303]: Script system error!
  Error: is_in_family trigger [ Invalid database object 'rf_pagan' ]
  Script location: file: common/scripted_effects/DI_char_spawner_effects.txt line: 1482 (DI_char_spawner_resolve_origin_effect)

[06:13:52][E][jomini_trigger.cpp:243]: PostValidate of trigger 'is_in_family' returned false at file: common/scripted_effects/DI_char_spawner_effects.txt line: 1482 (DI_char_spawner_resolve_origin_effect)
[06:13:52][E][jomini_script_system.cpp:303]: Script system error!
  Error: is_in_family trigger [ Invalid database object 'rf_pagan' ]
  Script location: file: common/scripted_effects/DI_char_spawner_effects.txt line: 1484 (DI_char_spawner_resolve_origin_effect)

[06:13:52][E][jomini_trigger.cpp:243]: PostValidate of trigger 'is_in_family' returned false at file: common/scripted_effects/DI_char_spawner_effects.txt line: 1484 (DI_char_spawner_resolve_origin_effect)
[06:13:52][E][jomini_script_system.cpp:303]: Script system error!
  Error: has_game_rule trigger [ Invalid database object 'tgc_enabled_enabled' ]
  Script location: file: common/scripted_triggers/tgc_loaded_trigger.txt line: 11 (tgc_standard_equipment_trigger)

[06:13:52][E][jomini_trigger.cpp:243]: PostValidate of trigger 'has_game_rule' returned false at file: common/scripted_triggers/tgc_loaded_trigger.txt line: 11 (tgc_standard_equipment_trigger)
[06:13:52][E][jomini_script_system.cpp:303]: Script system error!
  Error: has_game_rule trigger [ Invalid database object 'tgc_enabled_enabled' ]
  Script location: file: common/scripted_triggers/tgc_loaded_trigger.txt line: 59 (tgc_captain_equipment_trigger)

[06:13:52][E][jomini_trigger.cpp:243]: PostValidate of trigger 'has_game_rule' returned false at file: common/scripted_triggers/tgc_loaded_trigger.txt line: 59 (tgc_captain_equipment_trigger)
[06:13:52][E][jomini_script_system.cpp:303]: Script system error!
  Error: has_game_rule trigger [ Invalid database object 'tgc_enabled_enabled' ]
  Script location: file: common/scripted_triggers/tgc_loaded_trigger.txt line: 94 (tgc_blackfyre_or_targ_equipment_trigger)

[06:13:52][E][jomini_trigger.cpp:243]: PostValidate of trigger 'has_game_rule' returned false at file: common/scripted_triggers/tgc_loaded_trigger.txt line: 94 (tgc_blackfyre_or_targ_equipment_trigger)
[06:13:52][E][jomini_script_system.cpp:303]: Script system error!
  Error: has_game_rule trigger [ Invalid database object 'tgc_blackfyre_enabled' ]
  Script location: file: common/scripted_triggers/tgc_loaded_trigger.txt line: 104 (tgc_blackfyre_equipment_trigger)

[06:13:52][E][jomini_trigger.cpp:243]: PostValidate of trigger 'has_game_rule' returned false at file: common/scripted_triggers/tgc_loaded_trigger.txt line: 104 (tgc_blackfyre_equipment_trigger)
[06:13:52][E][jomini_script_system.cpp:303]: Script system error!
  Error: has_game_rule trigger [ Invalid database object 'tgc_faegon_enabled' ]
  Script location: file: common/scripted_triggers/tgc_loaded_trigger.txt line: 120 (tgc_blackfyre_equipment_trigger)

[06:13:52][E][jomini_trigger.cpp:243]: PostValidate of trigger 'has_game_rule' returned false at file: common/scripted_triggers/tgc_loaded_trigger.txt line: 120 (tgc_blackfyre_equipment_trigger)
[06:13:52][E][jomini_script_system.cpp:303]: Script system error!
  Error: has_game_rule trigger [ Invalid database object 'tgc_faegon_enabled' ]
  Script location: file: common/scripted_triggers/tgc_loaded_trigger.txt line: 140 (tgc_targaryen_equipment_trigger)

[06:13:52][E][jomini_trigger.cpp:243]: PostValidate of trigger 'has_game_rule' returned false at file: common/scripted_triggers/tgc_loaded_trigger.txt line: 140 (tgc_targaryen_equipment_trigger)
[06:13:52][E][jomini_script_system.cpp:303]: Script system error!
  Error: has_game_rule trigger [ Invalid database object 'tgc_enabled_enabled' ]
  Script location: file: common/scripted_triggers/tgc_loaded_trigger.txt line: 163 (tgc_blackfyre_house_equipment_trigger)

[06:13:52][E][jomini_trigger.cpp:243]: PostValidate of trigger 'has_game_rule' returned false at file: common/scripted_triggers/tgc_loaded_trigger.txt line: 163 (tgc_blackfyre_house_equipment_trigger)
[06:13:52][E][jomini_script_system.cpp:303]: Script system error!
  Error: has_game_rule trigger [ Invalid database object 'tgc_blackfyre_enabled' ]
  Script location: file: common/scripted_triggers/tgc_loaded_trigger.txt line: 164 (tgc_blackfyre_house_equipment_trigger)

[06:13:52][E][jomini_trigger.cpp:243]: PostValidate of trigger 'has_game_rule' returned false at file: common/scripted_triggers/tgc_loaded_trigger.txt line: 164 (tgc_blackfyre_house_equipment_trigger)
[06:13:52][E][jomini_effect.cpp:1161]: Flag 'unknown_holding' is used but is never set. Setting it in an unused scripted trigger or effect does not count
[06:13:52][E][jomini_effect.cpp:1161]: Flag 'monastery_holding' is used but is never set. Setting it in an unused scripted trigger or effect does not count
[06:13:52][E][jomini_effect.cpp:1161]: Flag 'ruin_holding' is used but is never set. Setting it in an unused scripted trigger or effect does not count
[06:13:52][E][jomini_effect.cpp:1161]: Flag 'settlement_holding' is used but is never set. Setting it in an unused scripted trigger or effect does not count
[06:13:52][E][jomini_effect.cpp:1161]: Flag 'wilderness_holding' is used but is never set. Setting it in an unused scripted trigger or effect does not count
[06:13:52][E][jomini_effect.cpp:1161]: Flag 'pirate_den_holding' is used but is never set. Setting it in an unused scripted trigger or effect does not count
[06:13:52][E][jomini_effect.cpp:1145]: Flag 'all_found' is set but is never used. Note that use in localization doesn't count due to technical limitations. Use in unused scripted triggers and effects also does not count
[06:13:52][E][jomini_effect.cpp:1145]: Flag 'DI_subtype_throne' is set but is never used. Note that use in localization doesn't count due to technical limitations. Use in unused scripted triggers and effects also does not count
[06:13:52][E][jomini_effect.cpp:1145]: Flag 'global' is set but is never used. Note that use in localization doesn't count due to technical limitations. Use in unused scripted triggers and effects also does not count
[06:13:52][E][jomini_effect.cpp:1161]: Variable 'brightboar_enabled' is used but is never set. Setting it in an unused scripted trigger or effect does not count
[06:13:52][E][jomini_effect.cpp:1161]: Variable 'tgc_enabled' is used but is never set. Setting it in an unused scripted trigger or effect does not count
[06:13:52][E][jomini_effect.cpp:1161]: Variable 'swordman_armor_artifact' is used but is never set. Setting it in an unused scripted trigger or effect does not count
[06:13:52][E][jomini_effect.cpp:1161]: Variable 'captains_sword' is used but is never set. Setting it in an unused scripted trigger or effect does not count
[06:13:52][E][jomini_effect.cpp:1161]: Variable 'kingsguard_choice' is used but is never set. Setting it in an unused scripted trigger or effect does not count
[06:13:52][E][jomini_effect.cpp:1161]: Variable 'app_enabled' is used but is never set. Setting it in an unused scripted trigger or effect does not count
[06:13:52][E][jomini_effect.cpp:1161]: Variable 'Aotk_enabled' is used but is never set. Setting it in an unused scripted trigger or effect does not count
[06:13:52][E][jomini_effect.cpp:1145]: Variable 'DI_artifact_category_display' is set but is never used. Note that use in localization doesn't count due to technical limitations. Use in unused scripted triggers and effects also does not count
[06:13:52][E][jomini_effect.cpp:1145]: Variable 'COWAGOT_is_loaded' is set but is never used. Note that use in localization doesn't count due to technical limitations. Use in unused scripted triggers and effects also does not count
[06:13:52][E][jomini_effect.cpp:1145]: Variable 'DI_artifact_quality_display' is set but is never used. Note that use in localization doesn't count due to technical limitations. Use in unused scripted triggers and effects also does not count
[06:13:52][E][jomini_effect.cpp:1145]: Variable 'DI_artifact_subtype_display' is set but is never used. Note that use in localization doesn't count due to technical limitations. Use in unused scripted triggers and effects also does not count
[06:13:52][E][static_modifier.cpp:200]: Modifier 'lucerys_gun_modifier' was not used by the script or code but exists in the database, this is a waste
[06:13:52][E][static_modifier.cpp:200]: Modifier 'asoiaf_stark_throne_modifier' was not used by the script or code but exists in the database, this is a waste
[06:13:58][E][jomini_eventmanager.cpp:372]: Event buy_valyrian_mask.0001 is orphaned
[06:13:58][E][jomini_eventmanager.cpp:372]: Event asoiaf_young_griff_landing_events.2 is orphaned
[06:13:58][E][pdx_assert.cpp:619]: Assertion failed: Achievements not loaded correctly
[06:14:00][E][jomini_effect.cpp:1161]: Flag 'unknown_holding' is used but is never set. Setting it in an unused scripted trigger or effect does not count
[06:14:00][E][jomini_effect.cpp:1161]: Flag 'monastery_holding' is used but is never set. Setting it in an unused scripted trigger or effect does not count
[06:14:00][E][jomini_effect.cpp:1161]: Flag 'ruin_holding' is used but is never set. Setting it in an unused scripted trigger or effect does not count
[06:14:00][E][jomini_effect.cpp:1161]: Flag 'settlement_holding' is used but is never set. Setting it in an unused scripted trigger or effect does not count
[06:14:00][E][jomini_effect.cpp:1161]: Flag 'wilderness_holding' is used but is never set. Setting it in an unused scripted trigger or effect does not count
[06:14:00][E][jomini_effect.cpp:1161]: Flag 'pirate_den_holding' is used but is never set. Setting it in an unused scripted trigger or effect does not count
[06:14:00][E][jomini_effect.cpp:1145]: Flag 'all_found' is set but is never used. Note that use in localization doesn't count due to technical limitations. Use in unused scripted triggers and effects also does not count
[06:14:00][E][jomini_effect.cpp:1145]: Flag 'DI_subtype_throne' is set but is never used. Note that use in localization doesn't count due to technical limitations. Use in unused scripted triggers and effects also does not count
[06:14:00][E][jomini_effect.cpp:1145]: Flag 'global' is set but is never used. Note that use in localization doesn't count due to technical limitations. Use in unused scripted triggers and effects also does not count
[06:14:00][E][jomini_effect.cpp:1161]: Variable 'brightboar_enabled' is used but is never set. Setting it in an unused scripted trigger or effect does not count
[06:14:00][E][jomini_effect.cpp:1161]: Variable 'tgc_enabled' is used but is never set. Setting it in an unused scripted trigger or effect does not count
[06:14:00][E][jomini_effect.cpp:1161]: Variable 'swordman_armor_artifact' is used but is never set. Setting it in an unused scripted trigger or effect does not count
[06:14:00][E][jomini_effect.cpp:1161]: Variable 'captains_sword' is used but is never set. Setting it in an unused scripted trigger or effect does not count
[06:14:00][E][jomini_effect.cpp:1161]: Variable 'kingsguard_choice' is used but is never set. Setting it in an unused scripted trigger or effect does not count
[06:14:00][E][jomini_effect.cpp:1161]: Variable 'app_enabled' is used but is never set. Setting it in an unused scripted trigger or effect does not count
[06:14:00][E][jomini_effect.cpp:1161]: Variable 'Aotk_enabled' is used but is never set. Setting it in an unused scripted trigger or effect does not count
[06:14:00][E][jomini_effect.cpp:1145]: Variable 'DI_artifact_category_display' is set but is never used. Note that use in localization doesn't count due to technical limitations. Use in unused scripted triggers and effects also does not count
[06:14:00][E][jomini_effect.cpp:1145]: Variable 'COWAGOT_is_loaded' is set but is never used. Note that use in localization doesn't count due to technical limitations. Use in unused scripted triggers and effects also does not count
[06:14:00][E][jomini_effect.cpp:1145]: Variable 'DI_artifact_quality_display' is set but is never used. Note that use in localization doesn't count due to technical limitations. Use in unused scripted triggers and effects also does not count
[06:14:00][E][jomini_effect.cpp:1145]: Variable 'DI_artifact_subtype_display' is set but is never used. Note that use in localization doesn't count due to technical limitations. Use in unused scripted triggers and effects also does not count
