"IssueClass","Attribution","Evidence","LogLine","Component","Owner","Message"
"Encoding_warnings","Resolved source path","common/scripted_effects/zz_agot_plus_fix_child_effects.txt","9753","lexer.cpp:306","AGOT+ | Исправления совместимости","File 'common/scripted_effects/zz_agot_plus_fix_child_effects.txt' should be in utf8-bom encoding (will try to use it anyways)"
"Triggers_effects_and_syntax","Resolved source path","common/decisions/asoiaf_house_branch_decisions.txt","9754","pdx_persistent_reader.cpp:216","AGOT+","Error: ""Unexpected token: decision_has_second_step, near line: 112
Unexpected token: decision_custom_widget_container, near line: 113"" in file: ""common/decisions/asoiaf_house_branch_decisions.txt"" near line: 118"
"Triggers_effects_and_syntax","Resolved source path","common/decisions/asoiaf_house_branch_decisions.txt","9756","pdx_persistent_reader.cpp:216","AGOT+","Error: ""Unexpected token: decision_has_second_step, near line: 481
Unexpected token: decision_custom_widget_container, near line: 482"" in file: ""common/decisions/asoiaf_house_branch_decisions.txt"" near line: 487"
"Triggers_effects_and_syntax","Resolved source path","common/decisions/asoiaf_house_branch_decisions.txt","9759","pdx_persistent_reader.cpp:216","AGOT+","Error: ""Unexpected token: decision_has_second_step, near line: 586
Unexpected token: decision_custom_widget_container, near line: 587"" in file: ""common/decisions/asoiaf_house_branch_decisions.txt"" near line: 592"
"Triggers_effects_and_syntax","Resolved source path","common/decisions/asoiaf_house_branch_decisions.txt","9762","pdx_persistent_reader.cpp:216","AGOT+","Error: ""Unexpected token: decision_has_second_step, near line: 702
Unexpected token: decision_custom_widget_container, near line: 703"" in file: ""common/decisions/asoiaf_house_branch_decisions.txt"" near line: 708"
"Triggers_effects_and_syntax","Resolved source path","gfx/portraits/portrait_modifiers/asoiaf_character_custom_flags.txt","9904","pdx_persistent_reader.cpp:216","AGOT+ | Исправления совместимости","Error: ""Unknown trigger: portrait_wear_lannister_armour_torso_courtiers, near line: 11965"" in file: ""gfx/portraits/portrait_modifiers/asoiaf_character_custom_flags.txt"" near line: 11965"
"Triggers_effects_and_syntax","Resolved source path","gfx/portraits/portrait_modifiers/asoiaf_character_custom_flags.txt","9944","pdx_persistent_reader.cpp:216","AGOT+ | Исправления совместимости","Error: ""Unexpected token: accesory, near line: 17857"" in file: ""gfx/portraits/portrait_modifiers/asoiaf_character_custom_flags.txt"" near line: 17857"
"Triggers_effects_and_syntax","Resolved source path","gfx/portraits/portrait_modifiers/asoiaf_clothes.txt","9950","jomini_eventtarget.cpp:692","AGOT+","Failed to find a valid event target link 'has_religion' at file: gfx/portraits/portrait_modifiers/asoiaf_clothes.txt line: 1092 (asoiaf_drowned_man_clothes_modifiers:weight)"
"Triggers_effects_and_syntax","Resolved source path","gfx/portraits/portrait_modifiers/asoiaf_clothes.txt","9951","pdx_persistent_reader.cpp:216","AGOT+","Error: ""Unknown trigger: liege.has_religion, near line: 1092"" in file: ""gfx/portraits/portrait_modifiers/asoiaf_clothes.txt"" near line: 1093"
"Triggers_effects_and_syntax","Resolved source path","gfx/portraits/portrait_modifiers/asoiaf_clothes.txt","9952","jomini_eventtarget.cpp:692","AGOT+","Failed to find a valid event target link 'has_religion' at file: gfx/portraits/portrait_modifiers/asoiaf_clothes.txt line: 1176 (asoiaf_drowned_man_clothes_modifiers:weight)"
"Triggers_effects_and_syntax","Resolved source path","gfx/portraits/portrait_modifiers/asoiaf_clothes.txt","9953","pdx_persistent_reader.cpp:216","AGOT+","Error: ""Unknown trigger: liege.has_religion, near line: 1176"" in file: ""gfx/portraits/portrait_modifiers/asoiaf_clothes.txt"" near line: 1181"
"Triggers_effects_and_syntax","Resolved source path","gfx/portraits/portrait_modifiers/asoiaf_headgear_crowns.txt","9963","pdx_persistent_reader.cpp:216","AGOT+","Error: ""Unknown trigger: is_character_baratheon_3, near line: 81"" in file: ""gfx/portraits/portrait_modifiers/asoiaf_headgear_crowns.txt"" near line: 83"
"Triggers_effects_and_syntax","Resolved source path","gfx/portraits/portrait_modifiers/asoiaf_headgear_crowns.txt","9964","pdx_persistent_reader.cpp:216","AGOT+","Error: ""Unknown trigger: is_character_baratheon_3, near line: 165"" in file: ""gfx/portraits/portrait_modifiers/asoiaf_headgear_crowns.txt"" near line: 167"
"Triggers_effects_and_syntax","Resolved source path","gfx/portraits/portrait_modifiers/asoiaf_headgear_crowns.txt","9965","pdx_persistent_reader.cpp:216","AGOT+","Error: ""Unknown trigger: is_character_baratheon_4, near line: 264"" in file: ""gfx/portraits/portrait_modifiers/asoiaf_headgear_crowns.txt"" near line: 269"
"Triggers_effects_and_syntax","Resolved source path","gfx/portraits/portrait_modifiers/asoiaf_headgear_crowns.txt","9966","pdx_persistent_reader.cpp:216","AGOT+","Error: ""Unknown trigger: is_character_baratheon_4, near line: 330"" in file: ""gfx/portraits/portrait_modifiers/asoiaf_headgear_crowns.txt"" near line: 335"
"Triggers_effects_and_syntax","Resolved source path","gfx/portraits/portrait_modifiers/asoiaf_headgear_crowns.txt","9967","pdx_persistent_reader.cpp:216","AGOT+","Error: ""Unknown trigger: is_character_baratheon_5, near line: 645
Unknown trigger: is_character_baratheon_6, near line: 646
Unknown trigger: is_character_baratheon_7, near line: 647"" in file: ""gfx/portraits/portrait_modifiers/asoiaf_headgear_crowns.txt"" near line: 651"
"Triggers_effects_and_syntax","Resolved source path","gfx/portraits/portrait_modifiers/asoiaf_headgear_crowns.txt","9970","pdx_persistent_reader.cpp:216","AGOT+","Error: ""Unknown trigger: is_character_baratheon_5, near line: 694
Unknown trigger: is_character_baratheon_6, near line: 695
Unknown trigger: is_character_baratheon_7, near line: 696"" in file: ""gfx/portraits/portrait_modifiers/asoiaf_headgear_crowns.txt"" near line: 700"
"Triggers_effects_and_syntax","Resolved source path","common/scripted_character_templates/asoiaf_invader_templates.txt","9977","pdx_persistent_reader.cpp:216","AGOT+ | Исправления совместимости","Error: ""Unknown trigger: is_dead, near line: 81"" in file: ""common/scripted_character_templates/asoiaf_invader_templates.txt"" near line: 84"
"Triggers_effects_and_syntax","Resolved source path","events/asoiaf_canon_children_events/asoiaf_canon_children_targaryen_events.txt","9996","pdx_persistent_reader.cpp:216","AGOT+","Error: ""Unknown trigger: asoiaf_canon_children_Targaryen_101_trigger, near line: 737"" in file: ""events/asoiaf_canon_children_events/asoiaf_canon_children_targaryen_events.txt"" near line: 738"
"Triggers_effects_and_syntax","Resolved source path","events/asoiaf_canon_children_events/asoiaf_canon_children_targaryen_events.txt","9997","pdx_persistent_reader.cpp:216","AGOT+","Error: ""Unknown effect: asoiaf_canon_children_Targaryen_101_birth_effect, near line: 741"" in file: ""events/asoiaf_canon_children_events/asoiaf_canon_children_targaryen_events.txt"" near line: 742"
"Triggers_effects_and_syntax","Resolved source path","events/asoiaf_canon_children_events/asoiaf_canon_children_targaryen_events.txt","9998","pdx_persistent_reader.cpp:216","AGOT+","Error: ""Unknown effect: asoiaf_canon_children_Targaryen_100_birth_effect, near line: 749"" in file: ""events/asoiaf_canon_children_events/asoiaf_canon_children_targaryen_events.txt"" near line: 750"
"Triggers_effects_and_syntax","Resolved source path","events/asoiaf_canon_children_events/asoiaf_canon_children_targaryen_events.txt","9999","pdx_persistent_reader.cpp:216","AGOT+","Error: ""Unknown effect: asoiaf_canon_children_Targaryen_99_birth_effect, near line: 757"" in file: ""events/asoiaf_canon_children_events/asoiaf_canon_children_targaryen_events.txt"" near line: 758"
"Triggers_effects_and_syntax","Resolved source path","events/asoiaf_canon_children_events/asoiaf_canon_children_targaryen_events.txt","10000","pdx_persistent_reader.cpp:216","AGOT+","Error: ""Unknown effect: asoiaf_canon_children_Targaryen_98_birth_effect, near line: 765"" in file: ""events/asoiaf_canon_children_events/asoiaf_canon_children_targaryen_events.txt"" near line: 766"
"Triggers_effects_and_syntax","Resolved source path","events/asoiaf_canon_children_events/asoiaf_canon_children_targaryen_events.txt","10001","pdx_persistent_reader.cpp:216","AGOT+","Error: ""Unknown trigger: asoiaf_canon_children_Targaryen_104_trigger, near line: 777"" in file: ""events/asoiaf_canon_children_events/asoiaf_canon_children_targaryen_events.txt"" near line: 778"
"Triggers_effects_and_syntax","Resolved source path","events/asoiaf_canon_children_events/asoiaf_canon_children_targaryen_events.txt","10002","pdx_persistent_reader.cpp:216","AGOT+","Error: ""Unknown effect: asoiaf_canon_children_Targaryen_104_birth_effect, near line: 781"" in file: ""events/asoiaf_canon_children_events/asoiaf_canon_children_targaryen_events.txt"" near line: 782"
"Triggers_effects_and_syntax","Resolved source path","events/asoiaf_canon_children_events/asoiaf_canon_children_targaryen_events.txt","10003","pdx_persistent_reader.cpp:216","AGOT+","Error: ""Unknown trigger: asoiaf_canon_children_Targaryen_103_trigger, near line: 785"" in file: ""events/asoiaf_canon_children_events/asoiaf_canon_children_targaryen_events.txt"" near line: 786"
"Triggers_effects_and_syntax","Resolved source path","events/asoiaf_canon_children_events/asoiaf_canon_children_targaryen_events.txt","10004","pdx_persistent_reader.cpp:216","AGOT+","Error: ""Unknown effect: asoiaf_canon_children_Targaryen_103_birth_effect, near line: 789"" in file: ""events/asoiaf_canon_children_events/asoiaf_canon_children_targaryen_events.txt"" near line: 790"
"Triggers_effects_and_syntax","Resolved source path","events/asoiaf_canon_children_events/asoiaf_canon_children_targaryen_events.txt","10005","pdx_persistent_reader.cpp:216","AGOT+","Error: ""Unknown trigger: asoiaf_canon_children_Targaryen_102_trigger, near line: 793"" in file: ""events/asoiaf_canon_children_events/asoiaf_canon_children_targaryen_events.txt"" near line: 794"
"Triggers_effects_and_syntax","Resolved source path","events/asoiaf_canon_children_events/asoiaf_canon_children_targaryen_events.txt","10006","pdx_persistent_reader.cpp:216","AGOT+","Error: ""Unknown effect: asoiaf_canon_children_Targaryen_102_birth_effect, near line: 797"" in file: ""events/asoiaf_canon_children_events/asoiaf_canon_children_targaryen_events.txt"" near line: 798"
"Triggers_effects_and_syntax","Resolved source path","events/asoiaf_mega_war_events.txt","10019","pdx_persistent_reader.cpp:216","AGOT+","Error: ""Unknown effect: asoiaf_mega_war_effect, near line: 8"" in file: ""events/asoiaf_mega_war_events.txt"" near line: 9"
"Triggers_effects_and_syntax","Resolved source path","common/character_interactions/asoiaf_character_interactions.txt","10035","pdx_persistent_reader.cpp:216","AGOT+ | Исправления совместимости","Error: ""Unknown trigger: is_busy_in_events_localised, near line: 150 (expanded from file: common/character_interactions/asoiaf_character_interactions.txt line: 151)"" in file: ""common/character_interactions/asoiaf_character_interactions.txt"" near line: 157"
"Triggers_effects_and_syntax","Resolved source path","common/on_action/asoiaf_army_on_actions.txt","10046","pdx_persistent_reader.cpp:216","AGOT+","Error: ""Unknown trigger: defender, near line: 89"" in file: ""common/on_action/asoiaf_army_on_actions.txt"" near line: 90"
"Triggers_effects_and_syntax","Resolved source path","common/on_action/asoiaf_army_on_actions.txt","10047","pdx_persistent_reader.cpp:216","AGOT+","Error: ""Unknown trigger: defender, near line: 226"" in file: ""common/on_action/asoiaf_army_on_actions.txt"" near line: 227"
"Triggers_effects_and_syntax","Resolved source path","common/on_action/asoiaf_pregnancy_childbirth_on_actions.txt","10048","pdx_persistent_reader.cpp:216","AGOT+","Error: ""Unknown trigger: asoiaf_canon_children_Targaryen_101_trigger, near line: 613"" in file: ""common/on_action/asoiaf_pregnancy_childbirth_on_actions.txt"" near line: 614"
"Triggers_effects_and_syntax","Resolved source path","common/on_action/asoiaf_pregnancy_childbirth_on_actions.txt","10049","pdx_persistent_reader.cpp:216","AGOT+","Error: ""Unknown trigger: asoiaf_canon_children_Targaryen_102_trigger, near line: 625
Unknown trigger: asoiaf_canon_children_Targaryen_103_trigger, near line: 626
Unknown trigger: asoiaf_canon_children_Targaryen_104_trigger, near line: 627"" in file: ""common/on_action/asoiaf_pregnancy_childbirth_on_actions.txt"" near line: 628"
"Dragon_schemes","Resolved source path","common/on_action/asoiaf_yearly_on_actions.txt","10052","jomini_effect.cpp:914","AGOT+ | Исправления совместимости","Failed to read 'target' for 'start_scheme' at file: common/on_action/asoiaf_yearly_on_actions.txt line: 417 (asoiaf_canon_children_dragon_bonding_maintenance)"
"Dragon_schemes","Resolved source path","common/on_action/asoiaf_yearly_on_actions.txt","10053","jomini_effect.cpp:914","AGOT+ | Исправления совместимости","Failed to read 'target' for 'start_scheme' at file: common/on_action/asoiaf_yearly_on_actions.txt line: 458 (asoiaf_canon_children_dragon_bonding_maintenance)"
"Dragon_schemes","Resolved source path","common/on_action/asoiaf_yearly_on_actions.txt","10054","jomini_effect.cpp:914","AGOT+ | Исправления совместимости","Failed to read 'target' for 'start_scheme' at file: common/on_action/asoiaf_yearly_on_actions.txt line: 499 (asoiaf_canon_children_dragon_bonding_maintenance)"
"Dragon_schemes","Resolved source path","common/on_action/asoiaf_yearly_on_actions.txt","10055","jomini_effect.cpp:914","AGOT+ | Исправления совместимости","Failed to read 'target' for 'start_scheme' at file: common/on_action/asoiaf_yearly_on_actions.txt line: 540 (asoiaf_canon_children_dragon_bonding_maintenance)"
"Dragon_schemes","Resolved source path","common/on_action/asoiaf_yearly_on_actions.txt","10056","jomini_effect.cpp:914","AGOT+ | Исправления совместимости","Failed to read 'target' for 'start_scheme' at file: common/on_action/asoiaf_yearly_on_actions.txt line: 581 (asoiaf_canon_children_dragon_bonding_maintenance)"
"Dragon_schemes","Resolved source path","common/on_action/asoiaf_yearly_on_actions.txt","10057","jomini_effect.cpp:914","AGOT+ | Исправления совместимости","Failed to read 'target' for 'start_scheme' at file: common/on_action/asoiaf_yearly_on_actions.txt line: 622 (asoiaf_canon_children_dragon_bonding_maintenance)"
"Dragon_schemes","Resolved source path","common/on_action/asoiaf_yearly_on_actions.txt","10058","jomini_effect.cpp:914","AGOT+ | Исправления совместимости","Failed to read 'target' for 'start_scheme' at file: common/on_action/asoiaf_yearly_on_actions.txt line: 663 (asoiaf_canon_children_dragon_bonding_maintenance)"
"Dragon_schemes","Resolved source path","common/on_action/asoiaf_yearly_on_actions.txt","10059","jomini_effect.cpp:914","AGOT+ | Исправления совместимости","Failed to read 'target' for 'start_scheme' at file: common/on_action/asoiaf_yearly_on_actions.txt line: 704 (asoiaf_canon_children_dragon_bonding_maintenance)"
"Dragon_schemes","Resolved source path","common/on_action/asoiaf_yearly_on_actions.txt","10060","jomini_effect.cpp:914","AGOT+ | Исправления совместимости","Failed to read 'target' for 'start_scheme' at file: common/on_action/asoiaf_yearly_on_actions.txt line: 745 (asoiaf_canon_children_dragon_bonding_maintenance)"
"Dragon_schemes","Resolved source path","common/on_action/asoiaf_yearly_on_actions.txt","10061","jomini_effect.cpp:914","AGOT+ | Исправления совместимости","Failed to read 'target' for 'start_scheme' at file: common/on_action/asoiaf_yearly_on_actions.txt line: 786 (asoiaf_canon_children_dragon_bonding_maintenance)"
"On_action_structure","Resolved source path","common/on_action/agot_on_actions/test_title_on_actions.txt","10064","jomini_onaction.cpp:153","AGOT+ | Исправления совместимости","There is more than one '_pTrigger' defined:file: common/on_action/agot_on_actions/test_title_on_actions.txt line: 179 (agot_on_title_inheritance_lannister_baratheon_coa)"
"On_action_structure","Resolved source path","common/on_action/agot_on_actions/test_title_on_actions.txt","10065","jomini_onaction.cpp:161","AGOT+ | Исправления совместимости","There is more than one 'effect' defined using most recent:file: common/on_action/agot_on_actions/test_title_on_actions.txt line: 190 (agot_on_title_inheritance_lannister_baratheon_coa)"
"Triggers_effects_and_syntax","Resolved source path","common/on_action/agot_on_actions/test_title_on_actions.txt","10066","pdx_persistent_reader.cpp:216","AGOT+ | Исправления совместимости","Error: ""Unknown effect: start_diarchy, near line: 233"" in file: ""common/on_action/agot_on_actions/test_title_on_actions.txt"" near line: 235"
"Triggers_effects_and_syntax","Resolved source path","common/on_action/agot_on_actions/test_title_on_actions.txt","10067","pdx_persistent_reader.cpp:216","AGOT+ | Исправления совместимости","Error: ""Unknown effect: asoiaf_destroy_crownlands_title_effect, near line: 449"" in file: ""common/on_action/agot_on_actions/test_title_on_actions.txt"" near line: 450"
"Localization","Verified trait definition","common/traits/asoiaf_canon_children_traits.txt: asoiaf_Targaryen_12_trait","10068","jomini_dynamicdescription.cpp:66","","Unrecognized loc key trait_asoiaf_Targaryen_12_trait. asoiaf_Targaryen_12_trait"
"Localization","Verified trait definition","common/traits/asoiaf_canon_children_traits.txt: asoiaf_Targaryen_13_trait","10069","jomini_dynamicdescription.cpp:66","","Unrecognized loc key trait_asoiaf_Targaryen_13_trait. asoiaf_Targaryen_13_trait"
"Localization","Verified trait definition","common/traits/asoiaf_canon_children_traits.txt: asoiaf_Targaryen_14_trait","10070","jomini_dynamicdescription.cpp:66","","Unrecognized loc key trait_asoiaf_Targaryen_14_trait. asoiaf_Targaryen_14_trait"
"Localization","Verified trait definition","common/traits/asoiaf_canon_children_traits.txt: asoiaf_Targaryen_15_trait","10071","jomini_dynamicdescription.cpp:66","","Unrecognized loc key trait_asoiaf_Targaryen_15_trait. asoiaf_Targaryen_15_trait"
"Localization","Verified trait definition","common/traits/asoiaf_canon_children_traits.txt: asoiaf_Targaryen_16_trait","10072","jomini_dynamicdescription.cpp:66","","Unrecognized loc key trait_asoiaf_Targaryen_16_trait. asoiaf_Targaryen_16_trait"
"Localization","Verified trait definition","common/traits/asoiaf_canon_children_traits.txt: asoiaf_Targaryen_17_trait","10073","jomini_dynamicdescription.cpp:66","","Unrecognized loc key trait_asoiaf_Targaryen_17_trait. asoiaf_Targaryen_17_trait"
"Localization","Verified trait definition","common/traits/asoiaf_canon_children_traits.txt: asoiaf_Targaryen_20_trait","10074","jomini_dynamicdescription.cpp:66","","Unrecognized loc key trait_asoiaf_Targaryen_20_trait. asoiaf_Targaryen_20_trait"
"Localization","Verified trait definition","common/traits/asoiaf_canon_children_traits.txt: asoiaf_Targaryen_21_trait","10075","jomini_dynamicdescription.cpp:66","","Unrecognized loc key trait_asoiaf_Targaryen_21_trait. asoiaf_Targaryen_21_trait"
"Localization","Verified trait definition","common/traits/asoiaf_canon_children_traits.txt: asoiaf_Targaryen_22_trait","10076","jomini_dynamicdescription.cpp:66","","Unrecognized loc key trait_asoiaf_Targaryen_22_trait. asoiaf_Targaryen_22_trait"
"Localization","Verified trait definition","common/traits/asoiaf_canon_children_traits.txt: asoiaf_Targaryen_23_trait","10077","jomini_dynamicdescription.cpp:66","","Unrecognized loc key trait_asoiaf_Targaryen_23_trait. asoiaf_Targaryen_23_trait"
"Localization","Verified trait definition","common/traits/asoiaf_canon_children_traits.txt: asoiaf_Targaryen_24_trait","10078","jomini_dynamicdescription.cpp:66","","Unrecognized loc key trait_asoiaf_Targaryen_24_trait. asoiaf_Targaryen_24_trait"
"Localization","Verified trait definition","common/traits/asoiaf_canon_children_traits.txt: asoiaf_Targaryen_25_trait","10079","jomini_dynamicdescription.cpp:66","","Unrecognized loc key trait_asoiaf_Targaryen_25_trait. asoiaf_Targaryen_25_trait"
"Localization","Verified trait definition","common/traits/asoiaf_canon_children_traits.txt: asoiaf_Targaryen_26_trait","10080","jomini_dynamicdescription.cpp:66","","Unrecognized loc key trait_asoiaf_Targaryen_26_trait. asoiaf_Targaryen_26_trait"
"Localization","Verified trait definition","common/traits/asoiaf_canon_children_traits.txt: asoiaf_Targaryen_28_trait","10081","jomini_dynamicdescription.cpp:66","","Unrecognized loc key trait_asoiaf_Targaryen_28_trait. asoiaf_Targaryen_28_trait"
"Localization","Verified trait definition","common/traits/asoiaf_canon_children_traits.txt: asoiaf_Targaryen_27_trait","10082","jomini_dynamicdescription.cpp:66","","Unrecognized loc key trait_asoiaf_Targaryen_27_trait. asoiaf_Targaryen_27_trait"
"Localization","Verified trait definition","common/traits/asoiaf_canon_children_traits.txt: asoiaf_Targaryen_29_trait","10083","jomini_dynamicdescription.cpp:66","","Unrecognized loc key trait_asoiaf_Targaryen_29_trait. asoiaf_Targaryen_29_trait"
"Localization","Verified trait definition","common/traits/asoiaf_canon_children_traits.txt: asoiaf_Targaryen_30_trait","10084","jomini_dynamicdescription.cpp:66","","Unrecognized loc key trait_asoiaf_Targaryen_30_trait. asoiaf_Targaryen_30_trait"
"Localization","Verified trait definition","common/traits/asoiaf_canon_children_traits.txt: asoiaf_Targaryen_31_trait","10085","jomini_dynamicdescription.cpp:66","","Unrecognized loc key trait_asoiaf_Targaryen_31_trait. asoiaf_Targaryen_31_trait"
"Localization","Verified trait definition","common/traits/asoiaf_canon_children_traits.txt: asoiaf_Targaryen_32_trait","10086","jomini_dynamicdescription.cpp:66","","Unrecognized loc key trait_asoiaf_Targaryen_32_trait. asoiaf_Targaryen_32_trait"
"Localization","Verified trait definition","common/traits/asoiaf_canon_children_traits.txt: asoiaf_Targaryen_33_trait","10087","jomini_dynamicdescription.cpp:66","","Unrecognized loc key trait_asoiaf_Targaryen_33_trait. asoiaf_Targaryen_33_trait"
"Localization","Verified trait definition","common/traits/asoiaf_canon_children_traits.txt: asoiaf_Targaryen_34_trait","10088","jomini_dynamicdescription.cpp:66","","Unrecognized loc key trait_asoiaf_Targaryen_34_trait. asoiaf_Targaryen_34_trait"
"Localization","Verified trait definition","common/traits/asoiaf_canon_children_traits.txt: asoiaf_Targaryen_35_trait","10089","jomini_dynamicdescription.cpp:66","","Unrecognized loc key trait_asoiaf_Targaryen_35_trait. asoiaf_Targaryen_35_trait"
"Localization","Verified trait definition","common/traits/asoiaf_canon_children_traits.txt: asoiaf_Targaryen_36_trait","10090","jomini_dynamicdescription.cpp:66","","Unrecognized loc key trait_asoiaf_Targaryen_36_trait. asoiaf_Targaryen_36_trait"
"Localization","Verified trait definition","common/traits/asoiaf_canon_children_traits.txt: asoiaf_Targaryen_37_trait","10091","jomini_dynamicdescription.cpp:66","","Unrecognized loc key trait_asoiaf_Targaryen_37_trait. asoiaf_Targaryen_37_trait"
"Localization","Verified trait definition","common/traits/asoiaf_canon_children_traits.txt: asoiaf_Targaryen_38_trait","10092","jomini_dynamicdescription.cpp:66","","Unrecognized loc key trait_asoiaf_Targaryen_38_trait. asoiaf_Targaryen_38_trait"
"Localization","Verified trait definition","common/traits/asoiaf_canon_children_traits.txt: asoiaf_Targaryen_40_trait","10093","jomini_dynamicdescription.cpp:66","","Unrecognized loc key trait_asoiaf_Targaryen_40_trait. asoiaf_Targaryen_40_trait"
"Localization","Verified trait definition","common/traits/asoiaf_canon_children_traits.txt: asoiaf_Targaryen_39_trait","10094","jomini_dynamicdescription.cpp:66","","Unrecognized loc key trait_asoiaf_Targaryen_39_trait. asoiaf_Targaryen_39_trait"
"Localization","Verified trait definition","common/traits/asoiaf_canon_children_traits.txt: asoiaf_Targaryen_41_trait","10095","jomini_dynamicdescription.cpp:66","","Unrecognized loc key trait_asoiaf_Targaryen_41_trait. asoiaf_Targaryen_41_trait"
"Localization","Verified trait definition","common/traits/asoiaf_canon_children_traits.txt: asoiaf_Targaryen_42_trait","10096","jomini_dynamicdescription.cpp:66","","Unrecognized loc key trait_asoiaf_Targaryen_42_trait. asoiaf_Targaryen_42_trait"
"Localization","Verified trait definition","common/traits/asoiaf_canon_children_traits.txt: asoiaf_Targaryen_43_trait","10097","jomini_dynamicdescription.cpp:66","","Unrecognized loc key trait_asoiaf_Targaryen_43_trait. asoiaf_Targaryen_43_trait"
"Localization","Verified trait definition","common/traits/asoiaf_canon_children_traits.txt: asoiaf_Targaryen_44_trait","10098","jomini_dynamicdescription.cpp:66","","Unrecognized loc key trait_asoiaf_Targaryen_44_trait. asoiaf_Targaryen_44_trait"
"Localization","Verified trait definition","common/traits/asoiaf_canon_children_traits.txt: asoiaf_Targaryen_45_trait","10099","jomini_dynamicdescription.cpp:66","","Unrecognized loc key trait_asoiaf_Targaryen_45_trait. asoiaf_Targaryen_45_trait"
"Localization","Verified trait definition","common/traits/asoiaf_canon_children_traits.txt: asoiaf_Targaryen_46_trait","10100","jomini_dynamicdescription.cpp:66","","Unrecognized loc key trait_asoiaf_Targaryen_46_trait. asoiaf_Targaryen_46_trait"
"Localization","Verified trait definition","common/traits/asoiaf_canon_children_traits.txt: asoiaf_Targaryen_47_trait","10101","jomini_dynamicdescription.cpp:66","","Unrecognized loc key trait_asoiaf_Targaryen_47_trait. asoiaf_Targaryen_47_trait"
"Localization","Verified trait definition","common/traits/asoiaf_canon_children_traits.txt: asoiaf_Targaryen_48_trait","10102","jomini_dynamicdescription.cpp:66","","Unrecognized loc key trait_asoiaf_Targaryen_48_trait. asoiaf_Targaryen_48_trait"
"Localization","Verified trait definition","common/traits/asoiaf_canon_children_traits.txt: asoiaf_Targaryen_49_trait","10103","jomini_dynamicdescription.cpp:66","","Unrecognized loc key trait_asoiaf_Targaryen_49_trait. asoiaf_Targaryen_49_trait"
"Localization","Verified trait definition","common/traits/asoiaf_canon_children_traits.txt: asoiaf_Targaryen_50_trait","10104","jomini_dynamicdescription.cpp:66","","Unrecognized loc key trait_asoiaf_Targaryen_50_trait. asoiaf_Targaryen_50_trait"
"Localization","Verified trait definition","common/traits/asoiaf_canon_children_traits.txt: asoiaf_Targaryen_51_trait","10105","jomini_dynamicdescription.cpp:66","","Unrecognized loc key trait_asoiaf_Targaryen_51_trait. asoiaf_Targaryen_51_trait"
"Localization","Verified trait definition","common/traits/asoiaf_canon_children_traits.txt: asoiaf_Targaryen_52_trait","10106","jomini_dynamicdescription.cpp:66","","Unrecognized loc key trait_asoiaf_Targaryen_52_trait. asoiaf_Targaryen_52_trait"
"Localization","Verified trait definition","common/traits/asoiaf_canon_children_traits.txt: asoiaf_Targaryen_53_trait","10107","jomini_dynamicdescription.cpp:66","","Unrecognized loc key trait_asoiaf_Targaryen_53_trait. asoiaf_Targaryen_53_trait"
"Localization","Verified trait definition","common/traits/asoiaf_canon_children_traits.txt: asoiaf_Targaryen_54_trait","10108","jomini_dynamicdescription.cpp:66","","Unrecognized loc key trait_asoiaf_Targaryen_54_trait. asoiaf_Targaryen_54_trait"
"Localization","Verified trait definition","common/traits/asoiaf_canon_children_traits.txt: asoiaf_Targaryen_55_trait","10109","jomini_dynamicdescription.cpp:66","","Unrecognized loc key trait_asoiaf_Targaryen_55_trait. asoiaf_Targaryen_55_trait"
"Localization","Verified trait definition","common/traits/asoiaf_canon_children_traits.txt: asoiaf_Targaryen_55_1_trait","10110","jomini_dynamicdescription.cpp:66","","Unrecognized loc key trait_asoiaf_Targaryen_55_1_trait. asoiaf_Targaryen_55_1_trait"
"Localization","Verified trait definition","common/traits/asoiaf_canon_children_traits.txt: asoiaf_Targaryen_56_trait","10111","jomini_dynamicdescription.cpp:66","","Unrecognized loc key trait_asoiaf_Targaryen_56_trait. asoiaf_Targaryen_56_trait"
"Localization","Verified trait definition","common/traits/asoiaf_canon_children_traits.txt: asoiaf_Targaryen_57_trait","10112","jomini_dynamicdescription.cpp:66","","Unrecognized loc key trait_asoiaf_Targaryen_57_trait. asoiaf_Targaryen_57_trait"
"Localization","Verified trait definition","common/traits/asoiaf_canon_children_traits.txt: asoiaf_Targaryen_58_trait","10113","jomini_dynamicdescription.cpp:66","","Unrecognized loc key trait_asoiaf_Targaryen_58_trait. asoiaf_Targaryen_58_trait"
"Localization","Verified trait definition","common/traits/asoiaf_canon_children_traits.txt: asoiaf_Hammer_1_trait","10114","jomini_dynamicdescription.cpp:66","","Unrecognized loc key trait_asoiaf_Hammer_1_trait. asoiaf_Hammer_1_trait"
"Localization","Verified trait definition","common/traits/asoiaf_canon_children_traits.txt: asoiaf_Hammer_2_trait","10115","jomini_dynamicdescription.cpp:66","","Unrecognized loc key trait_asoiaf_Hammer_2_trait. asoiaf_Hammer_2_trait"
"Localization","Verified trait definition","common/traits/asoiaf_canon_children_traits.txt: asoiaf_White_1_trait","10116","jomini_dynamicdescription.cpp:66","","Unrecognized loc key trait_asoiaf_White_1_trait. asoiaf_White_1_trait"
"Localization","Verified trait definition","common/traits/asoiaf_canon_children_traits.txt: asoiaf_Farseed_1_trait","10117","jomini_dynamicdescription.cpp:66","","Unrecognized loc key trait_asoiaf_Farseed_1_trait. asoiaf_Farseed_1_trait"
"Localization","Verified trait definition","common/traits/asoiaf_canon_children_traits.txt: asoiaf_Targaryen_59_trait","10118","jomini_dynamicdescription.cpp:66","","Unrecognized loc key trait_asoiaf_Targaryen_59_trait. asoiaf_Targaryen_59_trait"
"Localization","Verified trait definition","common/traits/asoiaf_canon_children_traits.txt: asoiaf_Targaryen_60_trait","10119","jomini_dynamicdescription.cpp:66","","Unrecognized loc key trait_asoiaf_Targaryen_60_trait. asoiaf_Targaryen_60_trait"
"Localization","Verified trait definition","common/traits/asoiaf_canon_children_traits.txt: asoiaf_Targaryen_61_trait","10120","jomini_dynamicdescription.cpp:66","","Unrecognized loc key trait_asoiaf_Targaryen_61_trait. asoiaf_Targaryen_61_trait"
"Localization","Verified trait definition","common/traits/asoiaf_canon_children_traits.txt: asoiaf_Targaryen_62_trait","10121","jomini_dynamicdescription.cpp:66","","Unrecognized loc key trait_asoiaf_Targaryen_62_trait. asoiaf_Targaryen_62_trait"
"Localization","Verified trait definition","common/traits/asoiaf_canon_children_traits.txt: asoiaf_Targaryen_131_trait","10122","jomini_dynamicdescription.cpp:66","","Unrecognized loc key trait_asoiaf_Targaryen_131_trait. asoiaf_Targaryen_131_trait"
"Localization","Verified trait definition","common/traits/asoiaf_canon_children_traits.txt: asoiaf_Targaryen_63_trait","10123","jomini_dynamicdescription.cpp:66","","Unrecognized loc key trait_asoiaf_Targaryen_63_trait. asoiaf_Targaryen_63_trait"
"Localization","Verified trait definition","common/traits/asoiaf_canon_children_traits.txt: asoiaf_Targaryen_64_trait","10124","jomini_dynamicdescription.cpp:66","","Unrecognized loc key trait_asoiaf_Targaryen_64_trait. asoiaf_Targaryen_64_trait"
"Localization","Verified trait definition","common/traits/asoiaf_canon_children_traits.txt: asoiaf_Targaryen_65_trait","10125","jomini_dynamicdescription.cpp:66","","Unrecognized loc key trait_asoiaf_Targaryen_65_trait. asoiaf_Targaryen_65_trait"
"Localization","Verified trait definition","common/traits/asoiaf_canon_children_traits.txt: asoiaf_Targaryen_66_trait","10126","jomini_dynamicdescription.cpp:66","","Unrecognized loc key trait_asoiaf_Targaryen_66_trait. asoiaf_Targaryen_66_trait"
"Localization","Verified trait definition","common/traits/asoiaf_canon_children_traits.txt: asoiaf_Targaryen_67_trait","10127","jomini_dynamicdescription.cpp:66","","Unrecognized loc key trait_asoiaf_Targaryen_67_trait. asoiaf_Targaryen_67_trait"
"Localization","Verified trait definition","common/traits/asoiaf_canon_children_traits.txt: asoiaf_Targaryen_68_trait","10128","jomini_dynamicdescription.cpp:66","","Unrecognized loc key trait_asoiaf_Targaryen_68_trait. asoiaf_Targaryen_68_trait"
"Localization","Verified trait definition","common/traits/asoiaf_canon_children_traits.txt: asoiaf_Targaryen_69_trait","10129","jomini_dynamicdescription.cpp:66","","Unrecognized loc key trait_asoiaf_Targaryen_69_trait. asoiaf_Targaryen_69_trait"
"Localization","Verified trait definition","common/traits/asoiaf_canon_children_traits.txt: asoiaf_Targaryen_70_trait","10130","jomini_dynamicdescription.cpp:66","","Unrecognized loc key trait_asoiaf_Targaryen_70_trait. asoiaf_Targaryen_70_trait"
"Localization","Verified trait definition","common/traits/asoiaf_canon_children_traits.txt: asoiaf_Targaryen_61_1_trait","10131","jomini_dynamicdescription.cpp:66","","Unrecognized loc key trait_asoiaf_Targaryen_61_1_trait. asoiaf_Targaryen_61_1_trait"
"Localization","Verified trait definition","common/traits/asoiaf_canon_children_traits.txt: asoiaf_Targaryen_71_trait","10132","jomini_dynamicdescription.cpp:66","","Unrecognized loc key trait_asoiaf_Targaryen_71_trait. asoiaf_Targaryen_71_trait"
"Localization","Verified trait definition","common/traits/asoiaf_canon_children_traits.txt: asoiaf_Targaryen_72_trait","10133","jomini_dynamicdescription.cpp:66","","Unrecognized loc key trait_asoiaf_Targaryen_72_trait. asoiaf_Targaryen_72_trait"
"Localization","Verified trait definition","common/traits/asoiaf_canon_children_traits.txt: asoiaf_Targaryen_73_trait","10134","jomini_dynamicdescription.cpp:66","","Unrecognized loc key trait_asoiaf_Targaryen_73_trait. asoiaf_Targaryen_73_trait"
"Localization","Verified trait definition","common/traits/asoiaf_canon_children_traits.txt: asoiaf_Targaryen_74_trait","10135","jomini_dynamicdescription.cpp:66","","Unrecognized loc key trait_asoiaf_Targaryen_74_trait. asoiaf_Targaryen_74_trait"
"Localization","Verified trait definition","common/traits/asoiaf_canon_children_traits.txt: asoiaf_Targaryen_75_trait","10136","jomini_dynamicdescription.cpp:66","","Unrecognized loc key trait_asoiaf_Targaryen_75_trait. asoiaf_Targaryen_75_trait"
"Localization","Verified trait definition","common/traits/asoiaf_canon_children_traits.txt: asoiaf_Targaryen_76_trait","10137","jomini_dynamicdescription.cpp:66","","Unrecognized loc key trait_asoiaf_Targaryen_76_trait. asoiaf_Targaryen_76_trait"
"Localization","Verified trait definition","common/traits/asoiaf_canon_children_traits.txt: asoiaf_Targaryen_77_trait","10138","jomini_dynamicdescription.cpp:66","","Unrecognized loc key trait_asoiaf_Targaryen_77_trait. asoiaf_Targaryen_77_trait"
"Localization","Verified trait definition","common/traits/asoiaf_canon_children_traits.txt: asoiaf_Targaryen_78_trait","10139","jomini_dynamicdescription.cpp:66","","Unrecognized loc key trait_asoiaf_Targaryen_78_trait. asoiaf_Targaryen_78_trait"
"Localization","Verified trait definition","common/traits/asoiaf_canon_children_traits.txt: asoiaf_Targaryen_79_trait","10140","jomini_dynamicdescription.cpp:66","","Unrecognized loc key trait_asoiaf_Targaryen_79_trait. asoiaf_Targaryen_79_trait"
"Localization","Verified trait definition","common/traits/asoiaf_canon_children_traits.txt: asoiaf_Targaryen_80_trait","10141","jomini_dynamicdescription.cpp:66","","Unrecognized loc key trait_asoiaf_Targaryen_80_trait. asoiaf_Targaryen_80_trait"
"Localization","Verified trait definition","common/traits/asoiaf_canon_children_traits.txt: asoiaf_Targaryen_81_trait","10142","jomini_dynamicdescription.cpp:66","","Unrecognized loc key trait_asoiaf_Targaryen_81_trait. asoiaf_Targaryen_81_trait"
"Localization","Verified trait definition","common/traits/asoiaf_canon_children_traits.txt: asoiaf_Targaryen_82_trait","10143","jomini_dynamicdescription.cpp:66","","Unrecognized loc key trait_asoiaf_Targaryen_82_trait. asoiaf_Targaryen_82_trait"
"Localization","Verified trait definition","common/traits/asoiaf_canon_children_traits.txt: asoiaf_Targaryen_83_trait","10144","jomini_dynamicdescription.cpp:66","","Unrecognized loc key trait_asoiaf_Targaryen_83_trait. asoiaf_Targaryen_83_trait"
"Localization","Verified trait definition","common/traits/asoiaf_canon_children_traits.txt: asoiaf_Targaryen_84_trait","10145","jomini_dynamicdescription.cpp:66","","Unrecognized loc key trait_asoiaf_Targaryen_84_trait. asoiaf_Targaryen_84_trait"
"Localization","Verified trait definition","common/traits/asoiaf_canon_children_traits.txt: asoiaf_Targaryen_85_trait","10146","jomini_dynamicdescription.cpp:66","","Unrecognized loc key trait_asoiaf_Targaryen_85_trait. asoiaf_Targaryen_85_trait"
"Localization","Verified trait definition","common/traits/asoiaf_canon_children_traits.txt: asoiaf_Targaryen_88_trait","10147","jomini_dynamicdescription.cpp:66","","Unrecognized loc key trait_asoiaf_Targaryen_88_trait. asoiaf_Targaryen_88_trait"
"Localization","Verified trait definition","common/traits/asoiaf_canon_children_traits.txt: asoiaf_Targaryen_89_trait","10148","jomini_dynamicdescription.cpp:66","","Unrecognized loc key trait_asoiaf_Targaryen_89_trait. asoiaf_Targaryen_89_trait"
"Localization","Verified trait definition","common/traits/asoiaf_canon_children_traits.txt: asoiaf_Targaryen_90_trait","10149","jomini_dynamicdescription.cpp:66","","Unrecognized loc key trait_asoiaf_Targaryen_90_trait. asoiaf_Targaryen_90_trait"
"Localization","Verified trait definition","common/traits/asoiaf_canon_children_traits.txt: asoiaf_Targaryen_91_trait","10150","jomini_dynamicdescription.cpp:66","","Unrecognized loc key trait_asoiaf_Targaryen_91_trait. asoiaf_Targaryen_91_trait"
"Localization","Verified trait definition","common/traits/asoiaf_canon_children_traits.txt: asoiaf_Targaryen_134_trait","10151","jomini_dynamicdescription.cpp:66","","Unrecognized loc key trait_asoiaf_Targaryen_134_trait. asoiaf_Targaryen_134_trait"
"Localization","Verified trait definition","common/traits/asoiaf_canon_children_traits.txt: asoiaf_Targaryen_132_trait","10152","jomini_dynamicdescription.cpp:66","","Unrecognized loc key trait_asoiaf_Targaryen_132_trait. asoiaf_Targaryen_132_trait"
"Localization","Verified trait definition","common/traits/asoiaf_canon_children_traits.txt: asoiaf_Targaryen_133_trait","10153","jomini_dynamicdescription.cpp:66","","Unrecognized loc key trait_asoiaf_Targaryen_133_trait. asoiaf_Targaryen_133_trait"
"Localization","Verified trait definition","common/traits/asoiaf_canon_children_traits.txt: asoiaf_Targaryen_92_trait","10154","jomini_dynamicdescription.cpp:66","","Unrecognized loc key trait_asoiaf_Targaryen_92_trait. asoiaf_Targaryen_92_trait"
"Localization","Verified trait definition","common/traits/asoiaf_canon_children_traits.txt: asoiaf_Targaryen_93_trait","10155","jomini_dynamicdescription.cpp:66","","Unrecognized loc key trait_asoiaf_Targaryen_93_trait. asoiaf_Targaryen_93_trait"
"Localization","Verified trait definition","common/traits/asoiaf_canon_children_traits.txt: asoiaf_Targaryen_135_trait","10156","jomini_dynamicdescription.cpp:66","","Unrecognized loc key trait_asoiaf_Targaryen_135_trait. asoiaf_Targaryen_135_trait"
"Localization","Verified trait definition","common/traits/asoiaf_canon_children_traits.txt: asoiaf_Targaryen_94_trait","10157","jomini_dynamicdescription.cpp:66","","Unrecognized loc key trait_asoiaf_Targaryen_94_trait. asoiaf_Targaryen_94_trait"
"Localization","Verified trait definition","common/traits/asoiaf_canon_children_traits.txt: asoiaf_Targaryen_95_trait","10158","jomini_dynamicdescription.cpp:66","","Unrecognized loc key trait_asoiaf_Targaryen_95_trait. asoiaf_Targaryen_95_trait"
"Localization","Verified trait definition","common/traits/asoiaf_canon_children_traits.txt: asoiaf_Targaryen_96_trait","10159","jomini_dynamicdescription.cpp:66","","Unrecognized loc key trait_asoiaf_Targaryen_96_trait. asoiaf_Targaryen_96_trait"
"Localization","Verified trait definition","common/traits/asoiaf_canon_children_traits.txt: asoiaf_Targaryen_97_trait","10160","jomini_dynamicdescription.cpp:66","","Unrecognized loc key trait_asoiaf_Targaryen_97_trait. asoiaf_Targaryen_97_trait"
"Localization","Verified trait definition","common/traits/asoiaf_canon_children_traits.txt: asoiaf_Targaryen_98_trait","10161","jomini_dynamicdescription.cpp:66","","Unrecognized loc key trait_asoiaf_Targaryen_98_trait. asoiaf_Targaryen_98_trait"
"Localization","Verified trait definition","common/traits/asoiaf_canon_children_traits.txt: asoiaf_Targaryen_99_trait","10162","jomini_dynamicdescription.cpp:66","","Unrecognized loc key trait_asoiaf_Targaryen_99_trait. asoiaf_Targaryen_99_trait"
"Localization","Verified trait definition","common/traits/asoiaf_canon_children_traits.txt: asoiaf_Targaryen_100_trait","10163","jomini_dynamicdescription.cpp:66","","Unrecognized loc key trait_asoiaf_Targaryen_100_trait. asoiaf_Targaryen_100_trait"
"Localization","Verified trait definition","common/traits/asoiaf_canon_children_traits.txt: asoiaf_Targaryen_101_trait","10164","jomini_dynamicdescription.cpp:66","","Unrecognized loc key trait_asoiaf_Targaryen_101_trait. asoiaf_Targaryen_101_trait"
"Localization","Verified trait definition","common/traits/asoiaf_canon_children_traits.txt: asoiaf_Targaryen_102_trait","10165","jomini_dynamicdescription.cpp:66","","Unrecognized loc key trait_asoiaf_Targaryen_102_trait. asoiaf_Targaryen_102_trait"
"Localization","Verified trait definition","common/traits/asoiaf_canon_children_traits.txt: asoiaf_Targaryen_103_trait","10166","jomini_dynamicdescription.cpp:66","","Unrecognized loc key trait_asoiaf_Targaryen_103_trait. asoiaf_Targaryen_103_trait"
"Localization","Verified trait definition","common/traits/asoiaf_canon_children_traits.txt: asoiaf_Targaryen_104_trait","10167","jomini_dynamicdescription.cpp:66","","Unrecognized loc key trait_asoiaf_Targaryen_104_trait. asoiaf_Targaryen_104_trait"
"Localization","Verified trait definition","common/traits/asoiaf_canon_children_traits.txt: asoiaf_Targaryen_105_trait","10168","jomini_dynamicdescription.cpp:66","","Unrecognized loc key trait_asoiaf_Targaryen_105_trait. asoiaf_Targaryen_105_trait"
"Localization","Verified trait definition","common/traits/asoiaf_canon_children_traits.txt: asoiaf_Targaryen_106_trait","10169","jomini_dynamicdescription.cpp:66","","Unrecognized loc key trait_asoiaf_Targaryen_106_trait. asoiaf_Targaryen_106_trait"
"Localization","Verified trait definition","common/traits/asoiaf_canon_children_traits.txt: asoiaf_Targaryen_107_trait","10170","jomini_dynamicdescription.cpp:66","","Unrecognized loc key trait_asoiaf_Targaryen_107_trait. asoiaf_Targaryen_107_trait"
"Localization","Verified trait definition","common/traits/asoiaf_canon_children_traits.txt: asoiaf_Targaryen_108_trait","10171","jomini_dynamicdescription.cpp:66","","Unrecognized loc key trait_asoiaf_Targaryen_108_trait. asoiaf_Targaryen_108_trait"
"Localization","Verified trait definition","common/traits/asoiaf_canon_children_traits.txt: asoiaf_Targaryen_109_trait","10172","jomini_dynamicdescription.cpp:66","","Unrecognized loc key trait_asoiaf_Targaryen_109_trait. asoiaf_Targaryen_109_trait"
"Localization","Verified trait definition","common/traits/asoiaf_canon_children_traits.txt: asoiaf_Targaryen_110_trait","10173","jomini_dynamicdescription.cpp:66","","Unrecognized loc key trait_asoiaf_Targaryen_110_trait. asoiaf_Targaryen_110_trait"
"Localization","Verified trait definition","common/traits/asoiaf_canon_children_traits.txt: asoiaf_Targaryen_111_trait","10174","jomini_dynamicdescription.cpp:66","","Unrecognized loc key trait_asoiaf_Targaryen_111_trait. asoiaf_Targaryen_111_trait"
"Localization","Verified trait definition","common/traits/asoiaf_canon_children_traits.txt: asoiaf_Targaryen_112_trait","10175","jomini_dynamicdescription.cpp:66","","Unrecognized loc key trait_asoiaf_Targaryen_112_trait. asoiaf_Targaryen_112_trait"
"Localization","Verified trait definition","common/traits/asoiaf_canon_children_traits.txt: asoiaf_Targaryen_113_trait","10176","jomini_dynamicdescription.cpp:66","","Unrecognized loc key trait_asoiaf_Targaryen_113_trait. asoiaf_Targaryen_113_trait"
"Localization","Verified trait definition","common/traits/asoiaf_canon_children_traits.txt: asoiaf_Targaryen_114_trait","10177","jomini_dynamicdescription.cpp:66","","Unrecognized loc key trait_asoiaf_Targaryen_114_trait. asoiaf_Targaryen_114_trait"
"Localization","Verified trait definition","common/traits/asoiaf_canon_children_traits.txt: asoiaf_Targaryen_115_trait","10178","jomini_dynamicdescription.cpp:66","","Unrecognized loc key trait_asoiaf_Targaryen_115_trait. asoiaf_Targaryen_115_trait"
"Localization","Verified trait definition","common/traits/asoiaf_canon_children_traits.txt: asoiaf_Targaryen_116_trait","10179","jomini_dynamicdescription.cpp:66","","Unrecognized loc key trait_asoiaf_Targaryen_116_trait. asoiaf_Targaryen_116_trait"
"Localization","Verified trait definition","common/traits/asoiaf_canon_children_traits.txt: asoiaf_Targaryen_117_trait","10180","jomini_dynamicdescription.cpp:66","","Unrecognized loc key trait_asoiaf_Targaryen_117_trait. asoiaf_Targaryen_117_trait"
"Localization","Verified trait definition","common/traits/asoiaf_canon_children_traits.txt: asoiaf_Targaryen_118_trait","10181","jomini_dynamicdescription.cpp:66","","Unrecognized loc key trait_asoiaf_Targaryen_118_trait. asoiaf_Targaryen_118_trait"
"Localization","Verified trait definition","common/traits/asoiaf_canon_children_traits.txt: asoiaf_Targaryen_119_trait","10182","jomini_dynamicdescription.cpp:66","","Unrecognized loc key trait_asoiaf_Targaryen_119_trait. asoiaf_Targaryen_119_trait"
"Localization","Verified trait definition","common/traits/asoiaf_canon_children_traits.txt: asoiaf_Targaryen_120_trait","10183","jomini_dynamicdescription.cpp:66","","Unrecognized loc key trait_asoiaf_Targaryen_120_trait. asoiaf_Targaryen_120_trait"
"Localization","Verified trait definition","common/traits/asoiaf_canon_children_traits.txt: asoiaf_Targaryen_121_trait","10184","jomini_dynamicdescription.cpp:66","","Unrecognized loc key trait_asoiaf_Targaryen_121_trait. asoiaf_Targaryen_121_trait"
"Localization","Verified trait definition","common/traits/asoiaf_canon_children_traits.txt: asoiaf_Targaryen_122_trait","10185","jomini_dynamicdescription.cpp:66","","Unrecognized loc key trait_asoiaf_Targaryen_122_trait. asoiaf_Targaryen_122_trait"
"Localization","Verified trait definition","common/traits/asoiaf_canon_children_traits.txt: asoiaf_Targaryen_123_trait","10186","jomini_dynamicdescription.cpp:66","","Unrecognized loc key trait_asoiaf_Targaryen_123_trait. asoiaf_Targaryen_123_trait"
"Localization","Verified trait definition","common/traits/asoiaf_canon_children_traits.txt: asoiaf_Targaryen_124_trait","10187","jomini_dynamicdescription.cpp:66","","Unrecognized loc key trait_asoiaf_Targaryen_124_trait. asoiaf_Targaryen_124_trait"
"Localization","Verified trait definition","common/traits/asoiaf_canon_children_traits.txt: asoiaf_Targaryen_125_trait","10188","jomini_dynamicdescription.cpp:66","","Unrecognized loc key trait_asoiaf_Targaryen_125_trait. asoiaf_Targaryen_125_trait"
"Localization","Verified trait definition","common/traits/asoiaf_canon_children_traits.txt: asoiaf_Targaryen_126_trait","10189","jomini_dynamicdescription.cpp:66","","Unrecognized loc key trait_asoiaf_Targaryen_126_trait. asoiaf_Targaryen_126_trait"
"Localization","Verified trait definition","common/traits/asoiaf_canon_children_traits.txt: asoiaf_Targaryen_127_trait","10190","jomini_dynamicdescription.cpp:66","","Unrecognized loc key trait_asoiaf_Targaryen_127_trait. asoiaf_Targaryen_127_trait"
"Localization","Verified trait definition","common/traits/asoiaf_canon_children_traits.txt: asoiaf_Targaryen_128_trait","10191","jomini_dynamicdescription.cpp:66","","Unrecognized loc key trait_asoiaf_Targaryen_128_trait. asoiaf_Targaryen_128_trait"
"Localization","Verified trait definition","common/traits/asoiaf_canon_children_traits.txt: asoiaf_Targaryen_129_trait","10192","jomini_dynamicdescription.cpp:66","","Unrecognized loc key trait_asoiaf_Targaryen_129_trait. asoiaf_Targaryen_129_trait"
"Localization","Verified trait definition","common/traits/asoiaf_canon_children_traits.txt: asoiaf_Targaryen_130_trait","10193","jomini_dynamicdescription.cpp:66","","Unrecognized loc key trait_asoiaf_Targaryen_130_trait. asoiaf_Targaryen_130_trait"
"Localization","Verified trait definition","common/traits/asoiaf_canon_children_traits.txt: asoiaf_Targaryen_1_trait","10194","jomini_dynamicdescription.cpp:66","","Unrecognized loc key trait_asoiaf_Targaryen_1_trait. asoiaf_Targaryen_1_trait"
"Localization","Verified trait definition","common/traits/asoiaf_canon_children_traits.txt: asoiaf_Targaryen_2_trait","10195","jomini_dynamicdescription.cpp:66","","Unrecognized loc key trait_asoiaf_Targaryen_2_trait. asoiaf_Targaryen_2_trait"
"Localization","Verified trait definition","common/traits/asoiaf_canon_children_traits.txt: asoiaf_Targaryen_3_trait","10196","jomini_dynamicdescription.cpp:66","","Unrecognized loc key trait_asoiaf_Targaryen_3_trait. asoiaf_Targaryen_3_trait"
"Localization","Verified trait definition","common/traits/asoiaf_canon_children_traits.txt: asoiaf_Targaryen_4_trait","10197","jomini_dynamicdescription.cpp:66","","Unrecognized loc key trait_asoiaf_Targaryen_4_trait. asoiaf_Targaryen_4_trait"
"Localization","Verified trait definition","common/traits/asoiaf_canon_children_traits.txt: asoiaf_Targaryen_5_trait","10198","jomini_dynamicdescription.cpp:66","","Unrecognized loc key trait_asoiaf_Targaryen_5_trait. asoiaf_Targaryen_5_trait"
"Localization","Verified trait definition","common/traits/asoiaf_canon_children_traits.txt: asoiaf_Targaryen_6_trait","10199","jomini_dynamicdescription.cpp:66","","Unrecognized loc key trait_asoiaf_Targaryen_6_trait. asoiaf_Targaryen_6_trait"
"Localization","Verified trait definition","common/traits/asoiaf_canon_children_traits.txt: asoiaf_Targaryen_7_trait","10200","jomini_dynamicdescription.cpp:66","","Unrecognized loc key trait_asoiaf_Targaryen_7_trait. asoiaf_Targaryen_7_trait"
"Localization","Verified trait definition","common/traits/asoiaf_canon_children_traits.txt: asoiaf_Targaryen_8_trait","10201","jomini_dynamicdescription.cpp:66","","Unrecognized loc key trait_asoiaf_Targaryen_8_trait. asoiaf_Targaryen_8_trait"
"Localization","Verified trait definition","common/traits/asoiaf_canon_children_traits.txt: asoiaf_Targaryen_9_trait","10202","jomini_dynamicdescription.cpp:66","","Unrecognized loc key trait_asoiaf_Targaryen_9_trait. asoiaf_Targaryen_9_trait"
"Localization","Verified trait definition","common/traits/asoiaf_canon_children_traits.txt: asoiaf_Targaryen_10_trait","10203","jomini_dynamicdescription.cpp:66","","Unrecognized loc key trait_asoiaf_Targaryen_10_trait. asoiaf_Targaryen_10_trait"
"Localization","Verified trait definition","common/traits/asoiaf_canon_children_traits.txt: asoiaf_Targaryen_11_trait","10204","jomini_dynamicdescription.cpp:66","","Unrecognized loc key trait_asoiaf_Targaryen_11_trait. asoiaf_Targaryen_11_trait"
"Localization","Verified trait definition","common/traits/asoiaf_canon_children_traits.txt: asoiaf_Velaryon_10_trait","10205","jomini_dynamicdescription.cpp:66","","Unrecognized loc key trait_asoiaf_Velaryon_10_trait. asoiaf_Velaryon_10_trait"
"Localization","Verified trait definition","common/traits/asoiaf_canon_children_traits.txt: asoiaf_Velaryon_11_trait","10206","jomini_dynamicdescription.cpp:66","","Unrecognized loc key trait_asoiaf_Velaryon_11_trait. asoiaf_Velaryon_11_trait"
"Localization","Verified trait definition","common/traits/asoiaf_canon_children_traits.txt: asoiaf_Velaryon_12_trait","10207","jomini_dynamicdescription.cpp:66","","Unrecognized loc key trait_asoiaf_Velaryon_12_trait. asoiaf_Velaryon_12_trait"
"Localization","Verified trait definition","common/traits/asoiaf_canon_children_traits.txt: asoiaf_Velaryon_13_trait","10208","jomini_dynamicdescription.cpp:66","","Unrecognized loc key trait_asoiaf_Velaryon_13_trait. asoiaf_Velaryon_13_trait"
"Localization","Verified trait definition","common/traits/asoiaf_canon_children_traits.txt: asoiaf_Velaryon_14_trait","10209","jomini_dynamicdescription.cpp:66","","Unrecognized loc key trait_asoiaf_Velaryon_14_trait. asoiaf_Velaryon_14_trait"
"Localization","Verified trait definition","common/traits/asoiaf_canon_children_traits.txt: asoiaf_Velaryon_15_trait","10210","jomini_dynamicdescription.cpp:66","","Unrecognized loc key trait_asoiaf_Velaryon_15_trait. asoiaf_Velaryon_15_trait"
"Localization","Verified trait definition","common/traits/asoiaf_canon_children_traits.txt: asoiaf_Velaryon_16_trait","10211","jomini_dynamicdescription.cpp:66","","Unrecognized loc key trait_asoiaf_Velaryon_16_trait. asoiaf_Velaryon_16_trait"
"Localization","Verified trait definition","common/traits/asoiaf_canon_children_traits.txt: asoiaf_Velaryon_20_trait","10212","jomini_dynamicdescription.cpp:66","","Unrecognized loc key trait_asoiaf_Velaryon_20_trait. asoiaf_Velaryon_20_trait"
"Localization","Verified trait definition","common/traits/asoiaf_canon_children_traits.txt: asoiaf_Velaryon_21_trait","10213","jomini_dynamicdescription.cpp:66","","Unrecognized loc key trait_asoiaf_Velaryon_21_trait. asoiaf_Velaryon_21_trait"
"Localization","Verified trait definition","common/traits/asoiaf_canon_children_traits.txt: asoiaf_Velaryon_23_trait","10214","jomini_dynamicdescription.cpp:66","","Unrecognized loc key trait_asoiaf_Velaryon_23_trait. asoiaf_Velaryon_23_trait"
"Localization","Verified trait definition","common/traits/asoiaf_canon_children_traits.txt: asoiaf_Velaryon_24_trait","10215","jomini_dynamicdescription.cpp:66","","Unrecognized loc key trait_asoiaf_Velaryon_24_trait. asoiaf_Velaryon_24_trait"
"Localization","Verified trait definition","common/traits/asoiaf_canon_children_traits.txt: asoiaf_Velaryon_25_trait","10216","jomini_dynamicdescription.cpp:66","","Unrecognized loc key trait_asoiaf_Velaryon_25_trait. asoiaf_Velaryon_25_trait"
"Localization","Verified trait definition","common/traits/asoiaf_canon_children_traits.txt: asoiaf_Velaryon_26_trait","10217","jomini_dynamicdescription.cpp:66","","Unrecognized loc key trait_asoiaf_Velaryon_26_trait. asoiaf_Velaryon_26_trait"
"Localization","Verified trait definition","common/traits/asoiaf_canon_children_traits.txt: asoiaf_Velaryon_31_trait","10218","jomini_dynamicdescription.cpp:66","","Unrecognized loc key trait_asoiaf_Velaryon_31_trait. asoiaf_Velaryon_31_trait"
"Localization","Verified trait definition","common/traits/asoiaf_canon_children_traits.txt: asoiaf_Velaryon_34_trait","10219","jomini_dynamicdescription.cpp:66","","Unrecognized loc key trait_asoiaf_Velaryon_34_trait. asoiaf_Velaryon_34_trait"
"Localization","Verified trait definition","common/traits/asoiaf_canon_children_traits.txt: asoiaf_Velaryon_35_trait","10220","jomini_dynamicdescription.cpp:66","","Unrecognized loc key trait_asoiaf_Velaryon_35_trait. asoiaf_Velaryon_35_trait"
"Localization","Verified trait definition","common/traits/asoiaf_canon_children_traits.txt: asoiaf_Velaryon_43_trait","10221","jomini_dynamicdescription.cpp:66","","Unrecognized loc key trait_asoiaf_Velaryon_43_trait. asoiaf_Velaryon_43_trait"
"Localization","Verified trait definition","common/traits/asoiaf_canon_children_traits.txt: asoiaf_Velaryon_44_trait","10222","jomini_dynamicdescription.cpp:66","","Unrecognized loc key trait_asoiaf_Velaryon_44_trait. asoiaf_Velaryon_44_trait"
"Localization","Verified trait definition","common/traits/asoiaf_canon_children_traits.txt: asoiaf_Velaryon_45_trait","10223","jomini_dynamicdescription.cpp:66","","Unrecognized loc key trait_asoiaf_Velaryon_45_trait. asoiaf_Velaryon_45_trait"
"Localization","Verified trait definition","common/traits/asoiaf_canon_children_traits.txt: asoiaf_Velaryon_53_trait","10224","jomini_dynamicdescription.cpp:66","","Unrecognized loc key trait_asoiaf_Velaryon_53_trait. asoiaf_Velaryon_53_trait"
"Localization","Verified trait definition","common/traits/asoiaf_canon_children_traits.txt: asoiaf_Velaryon_54_trait","10225","jomini_dynamicdescription.cpp:66","","Unrecognized loc key trait_asoiaf_Velaryon_54_trait. asoiaf_Velaryon_54_trait"
"Localization","Verified trait definition","common/traits/asoiaf_canon_children_traits.txt: asoiaf_Velaryon_56_trait","10226","jomini_dynamicdescription.cpp:66","","Unrecognized loc key trait_asoiaf_Velaryon_56_trait. asoiaf_Velaryon_56_trait"
"Localization","Verified trait definition","common/traits/asoiaf_canon_children_traits.txt: asoiaf_Velaryon_57_trait","10227","jomini_dynamicdescription.cpp:66","","Unrecognized loc key trait_asoiaf_Velaryon_57_trait. asoiaf_Velaryon_57_trait"
"Localization","Verified trait definition","common/traits/asoiaf_canon_children_traits.txt: asoiaf_Velaryon_58_trait","10228","jomini_dynamicdescription.cpp:66","","Unrecognized loc key trait_asoiaf_Velaryon_58_trait. asoiaf_Velaryon_58_trait"
"Localization","Verified trait definition","common/traits/asoiaf_canon_children_traits.txt: asoiaf_Velaryon_59_trait","10229","jomini_dynamicdescription.cpp:66","","Unrecognized loc key trait_asoiaf_Velaryon_59_trait. asoiaf_Velaryon_59_trait"
"Localization","Verified trait definition","common/traits/asoiaf_canon_children_traits.txt: asoiaf_Velaryon_60_trait","10230","jomini_dynamicdescription.cpp:66","","Unrecognized loc key trait_asoiaf_Velaryon_60_trait. asoiaf_Velaryon_60_trait"
"Localization","Verified trait definition","common/traits/asoiaf_canon_children_traits.txt: asoiaf_Velaryon_61_trait","10231","jomini_dynamicdescription.cpp:66","","Unrecognized loc key trait_asoiaf_Velaryon_61_trait. asoiaf_Velaryon_61_trait"
"Localization","Verified trait definition","common/traits/asoiaf_canon_children_traits.txt: asoiaf_Velaryon_62_trait","10232","jomini_dynamicdescription.cpp:66","","Unrecognized loc key trait_asoiaf_Velaryon_62_trait. asoiaf_Velaryon_62_trait"
"Localization","Verified trait definition","common/traits/asoiaf_canon_children_traits.txt: asoiaf_Velaryon_63_trait","10233","jomini_dynamicdescription.cpp:66","","Unrecognized loc key trait_asoiaf_Velaryon_63_trait. asoiaf_Velaryon_63_trait"
"Localization","Verified trait definition","common/traits/asoiaf_canon_children_traits.txt: asoiaf_Velaryon_1_trait","10234","jomini_dynamicdescription.cpp:66","","Unrecognized loc key trait_asoiaf_Velaryon_1_trait. asoiaf_Velaryon_1_trait"
"Localization","Verified trait definition","common/traits/asoiaf_canon_children_traits.txt: asoiaf_Velaryon_2_trait","10235","jomini_dynamicdescription.cpp:66","","Unrecognized loc key trait_asoiaf_Velaryon_2_trait. asoiaf_Velaryon_2_trait"
"Localization","Verified trait definition","common/traits/asoiaf_canon_children_traits.txt: asoiaf_Velaryon_3_trait","10236","jomini_dynamicdescription.cpp:66","","Unrecognized loc key trait_asoiaf_Velaryon_3_trait. asoiaf_Velaryon_3_trait"
"Localization","Verified trait definition","common/traits/asoiaf_canon_children_traits.txt: asoiaf_Velaryon_4_trait","10237","jomini_dynamicdescription.cpp:66","","Unrecognized loc key trait_asoiaf_Velaryon_4_trait. asoiaf_Velaryon_4_trait"
"Localization","Verified trait definition","common/traits/asoiaf_canon_children_traits.txt: asoiaf_Velaryon_5_trait","10238","jomini_dynamicdescription.cpp:66","","Unrecognized loc key trait_asoiaf_Velaryon_5_trait. asoiaf_Velaryon_5_trait"
"Localization","Verified trait definition","common/traits/asoiaf_canon_children_traits.txt: asoiaf_Velaryon_6_trait","10239","jomini_dynamicdescription.cpp:66","","Unrecognized loc key trait_asoiaf_Velaryon_6_trait. asoiaf_Velaryon_6_trait"
"Localization","Verified trait definition","common/traits/asoiaf_canon_children_traits.txt: asoiaf_Velaryon_7_trait","10240","jomini_dynamicdescription.cpp:66","","Unrecognized loc key trait_asoiaf_Velaryon_7_trait. asoiaf_Velaryon_7_trait"
"Localization","Verified trait definition","common/traits/asoiaf_canon_children_traits.txt: asoiaf_Velaryon_7_b_trait","10241","jomini_dynamicdescription.cpp:66","","Unrecognized loc key trait_asoiaf_Velaryon_7_b_trait. asoiaf_Velaryon_7_b_trait"
"Localization","Verified trait definition","common/traits/asoiaf_canon_children_traits.txt: asoiaf_Velaryon_8_trait","10242","jomini_dynamicdescription.cpp:66","","Unrecognized loc key trait_asoiaf_Velaryon_8_trait. asoiaf_Velaryon_8_trait"
"Localization","Verified trait definition","common/traits/asoiaf_canon_children_traits.txt: asoiaf_Velaryon_9_trait","10243","jomini_dynamicdescription.cpp:66","","Unrecognized loc key trait_asoiaf_Velaryon_9_trait. asoiaf_Velaryon_9_trait"
"Localization","Verified trait definition","common/traits/asoiaf_canon_children_traits.txt: asoiaf_Stark_84_trait","10244","jomini_dynamicdescription.cpp:66","","Unrecognized loc key trait_asoiaf_Stark_84_trait. asoiaf_Stark_84_trait"
"Localization","Verified trait definition","common/traits/asoiaf_canon_children_traits.txt: asoiaf_Stark_86_trait","10245","jomini_dynamicdescription.cpp:66","","Unrecognized loc key trait_asoiaf_Stark_86_trait. asoiaf_Stark_86_trait"
"Localization","Verified trait definition","common/traits/asoiaf_canon_children_traits.txt: asoiaf_Stark_87_trait","10246","jomini_dynamicdescription.cpp:66","","Unrecognized loc key trait_asoiaf_Stark_87_trait. asoiaf_Stark_87_trait"
"Localization","Verified trait definition","common/traits/asoiaf_canon_children_traits.txt: asoiaf_Stark_88_trait","10247","jomini_dynamicdescription.cpp:66","","Unrecognized loc key trait_asoiaf_Stark_88_trait. asoiaf_Stark_88_trait"
"Localization","Verified trait definition","common/traits/asoiaf_canon_children_traits.txt: asoiaf_Stark_94_trait","10248","jomini_dynamicdescription.cpp:66","","Unrecognized loc key trait_asoiaf_Stark_94_trait. asoiaf_Stark_94_trait"
"Localization","Verified trait definition","common/traits/asoiaf_canon_children_traits.txt: asoiaf_Stark_95_trait","10249","jomini_dynamicdescription.cpp:66","","Unrecognized loc key trait_asoiaf_Stark_95_trait. asoiaf_Stark_95_trait"
"Localization","Verified trait definition","common/traits/asoiaf_canon_children_traits.txt: asoiaf_Stark_96_trait","10250","jomini_dynamicdescription.cpp:66","","Unrecognized loc key trait_asoiaf_Stark_96_trait. asoiaf_Stark_96_trait"
"Localization","Verified trait definition","common/traits/asoiaf_canon_children_traits.txt: asoiaf_Stark_97_trait","10251","jomini_dynamicdescription.cpp:66","","Unrecognized loc key trait_asoiaf_Stark_97_trait. asoiaf_Stark_97_trait"
"Localization","Verified trait definition","common/traits/asoiaf_canon_children_traits.txt: asoiaf_Stark_98_trait","10252","jomini_dynamicdescription.cpp:66","","Unrecognized loc key trait_asoiaf_Stark_98_trait. asoiaf_Stark_98_trait"
"Localization","Verified trait definition","common/traits/asoiaf_canon_children_traits.txt: asoiaf_Stark_99_trait","10253","jomini_dynamicdescription.cpp:66","","Unrecognized loc key trait_asoiaf_Stark_99_trait. asoiaf_Stark_99_trait"
"Localization","Verified trait definition","common/traits/asoiaf_canon_children_traits.txt: asoiaf_Stark_100_trait","10254","jomini_dynamicdescription.cpp:66","","Unrecognized loc key trait_asoiaf_Stark_100_trait. asoiaf_Stark_100_trait"
"Localization","Verified trait definition","common/traits/asoiaf_canon_children_traits.txt: asoiaf_Stark_101_trait","10255","jomini_dynamicdescription.cpp:66","","Unrecognized loc key trait_asoiaf_Stark_101_trait. asoiaf_Stark_101_trait"
"Localization","Verified trait definition","common/traits/asoiaf_canon_children_traits.txt: asoiaf_Stark_102_trait","10256","jomini_dynamicdescription.cpp:66","","Unrecognized loc key trait_asoiaf_Stark_102_trait. asoiaf_Stark_102_trait"
"Localization","Verified trait definition","common/traits/asoiaf_canon_children_traits.txt: asoiaf_Stark_103_trait","10257","jomini_dynamicdescription.cpp:66","","Unrecognized loc key trait_asoiaf_Stark_103_trait. asoiaf_Stark_103_trait"
"Localization","Verified trait definition","common/traits/asoiaf_canon_children_traits.txt: asoiaf_Stark_1_trait","10258","jomini_dynamicdescription.cpp:66","","Unrecognized loc key trait_asoiaf_Stark_1_trait. asoiaf_Stark_1_trait"
"Localization","Verified trait definition","common/traits/asoiaf_canon_children_traits.txt: asoiaf_Stark_2_trait","10259","jomini_dynamicdescription.cpp:66","","Unrecognized loc key trait_asoiaf_Stark_2_trait. asoiaf_Stark_2_trait"
"Localization","Verified trait definition","common/traits/asoiaf_canon_children_traits.txt: asoiaf_Stark_3_trait","10260","jomini_dynamicdescription.cpp:66","","Unrecognized loc key trait_asoiaf_Stark_3_trait. asoiaf_Stark_3_trait"
"Localization","Verified trait definition","common/traits/asoiaf_canon_children_traits.txt: asoiaf_Stark_5_trait","10261","jomini_dynamicdescription.cpp:66","","Unrecognized loc key trait_asoiaf_Stark_5_trait. asoiaf_Stark_5_trait"
"Localization","Verified trait definition","common/traits/asoiaf_canon_children_traits.txt: asoiaf_Stark_4_trait","10262","jomini_dynamicdescription.cpp:66","","Unrecognized loc key trait_asoiaf_Stark_4_trait. asoiaf_Stark_4_trait"
"Localization","Verified trait definition","common/traits/asoiaf_canon_children_traits.txt: asoiaf_Stark_6_trait","10263","jomini_dynamicdescription.cpp:66","","Unrecognized loc key trait_asoiaf_Stark_6_trait. asoiaf_Stark_6_trait"
"Localization","Verified trait definition","common/traits/asoiaf_canon_children_traits.txt: asoiaf_Stark_7_trait","10264","jomini_dynamicdescription.cpp:66","","Unrecognized loc key trait_asoiaf_Stark_7_trait. asoiaf_Stark_7_trait"
"Localization","Verified trait definition","common/traits/asoiaf_canon_children_traits.txt: asoiaf_Stark_8_trait","10265","jomini_dynamicdescription.cpp:66","","Unrecognized loc key trait_asoiaf_Stark_8_trait. asoiaf_Stark_8_trait"
"Localization","Verified trait definition","common/traits/asoiaf_canon_children_traits.txt: asoiaf_Stark_9_trait","10266","jomini_dynamicdescription.cpp:66","","Unrecognized loc key trait_asoiaf_Stark_9_trait. asoiaf_Stark_9_trait"
"Localization","Verified trait definition","common/traits/asoiaf_canon_children_traits.txt: asoiaf_Stark_10_trait","10267","jomini_dynamicdescription.cpp:66","","Unrecognized loc key trait_asoiaf_Stark_10_trait. asoiaf_Stark_10_trait"
"Localization","Verified trait definition","common/traits/asoiaf_canon_children_traits.txt: asoiaf_Stark_11_trait","10268","jomini_dynamicdescription.cpp:66","","Unrecognized loc key trait_asoiaf_Stark_11_trait. asoiaf_Stark_11_trait"
"Localization","Verified trait definition","common/traits/asoiaf_canon_children_traits.txt: asoiaf_Karstark_4_trait","10269","jomini_dynamicdescription.cpp:66","","Unrecognized loc key trait_asoiaf_Karstark_4_trait. asoiaf_Karstark_4_trait"
"Localization","Verified trait definition","common/traits/asoiaf_canon_children_traits.txt: asoiaf_Reed_1_trait","10270","jomini_dynamicdescription.cpp:66","","Unrecognized loc key trait_asoiaf_Reed_1_trait. asoiaf_Reed_1_trait"
"Localization","Verified trait definition","common/traits/asoiaf_canon_children_traits.txt: asoiaf_Reed_2_trait","10271","jomini_dynamicdescription.cpp:66","","Unrecognized loc key trait_asoiaf_Reed_2_trait. asoiaf_Reed_2_trait"
"Localization","Verified trait definition","common/traits/asoiaf_canon_children_traits.txt: asoiaf_Reed_3_trait","10272","jomini_dynamicdescription.cpp:66","","Unrecognized loc key trait_asoiaf_Reed_3_trait. asoiaf_Reed_3_trait"
"Localization","Verified trait definition","common/traits/asoiaf_canon_children_traits.txt: asoiaf_Baratheon_71_trait","10273","jomini_dynamicdescription.cpp:66","","Unrecognized loc key trait_asoiaf_Baratheon_71_trait. asoiaf_Baratheon_71_trait"
"Localization","Verified trait definition","common/traits/asoiaf_canon_children_traits.txt: asoiaf_Baratheon_75_trait","10274","jomini_dynamicdescription.cpp:66","","Unrecognized loc key trait_asoiaf_Baratheon_75_trait. asoiaf_Baratheon_75_trait"
"Localization","Verified trait definition","common/traits/asoiaf_canon_children_traits.txt: asoiaf_Baratheon_1_trait","10275","jomini_dynamicdescription.cpp:66","","Unrecognized loc key trait_asoiaf_Baratheon_1_trait. asoiaf_Baratheon_1_trait"
"Localization","Verified trait definition","common/traits/asoiaf_canon_children_traits.txt: asoiaf_Baratheon_2_trait","10276","jomini_dynamicdescription.cpp:66","","Unrecognized loc key trait_asoiaf_Baratheon_2_trait. asoiaf_Baratheon_2_trait"
"Localization","Verified trait definition","common/traits/asoiaf_canon_children_traits.txt: asoiaf_Baratheon_3_trait","10277","jomini_dynamicdescription.cpp:66","","Unrecognized loc key trait_asoiaf_Baratheon_3_trait. asoiaf_Baratheon_3_trait"
"Localization","Verified trait definition","common/traits/asoiaf_canon_children_traits.txt: asoiaf_Baratheon_4_trait","10278","jomini_dynamicdescription.cpp:66","","Unrecognized loc key trait_asoiaf_Baratheon_4_trait. asoiaf_Baratheon_4_trait"
"Localization","Verified trait definition","common/traits/asoiaf_canon_children_traits.txt: asoiaf_Baratheon_2_1_trait","10279","jomini_dynamicdescription.cpp:66","","Unrecognized loc key trait_asoiaf_Baratheon_2_1_trait. asoiaf_Baratheon_2_1_trait"
"Localization","Verified trait definition","common/traits/asoiaf_canon_children_traits.txt: asoiaf_Baratheon_5_trait","10280","jomini_dynamicdescription.cpp:66","","Unrecognized loc key trait_asoiaf_Baratheon_5_trait. asoiaf_Baratheon_5_trait"
"Localization","Verified trait definition","common/traits/asoiaf_canon_children_traits.txt: asoiaf_Baratheon_6_trait","10281","jomini_dynamicdescription.cpp:66","","Unrecognized loc key trait_asoiaf_Baratheon_6_trait. asoiaf_Baratheon_6_trait"
"Localization","Verified trait definition","common/traits/asoiaf_canon_children_traits.txt: asoiaf_Baratheon_7_trait","10282","jomini_dynamicdescription.cpp:66","","Unrecognized loc key trait_asoiaf_Baratheon_7_trait. asoiaf_Baratheon_7_trait"
"Localization","Verified trait definition","common/traits/asoiaf_canon_children_traits.txt: asoiaf_Baratheon_3_1_trait","10283","jomini_dynamicdescription.cpp:66","","Unrecognized loc key trait_asoiaf_Baratheon_3_1_trait. asoiaf_Baratheon_3_1_trait"
"Localization","Verified trait definition","common/traits/asoiaf_canon_children_traits.txt: asoiaf_Baratheon_3_2_trait","10284","jomini_dynamicdescription.cpp:66","","Unrecognized loc key trait_asoiaf_Baratheon_3_2_trait. asoiaf_Baratheon_3_2_trait"
"Localization","Verified trait definition","common/traits/asoiaf_canon_children_traits.txt: asoiaf_Baratheon_3_3_trait","10285","jomini_dynamicdescription.cpp:66","","Unrecognized loc key trait_asoiaf_Baratheon_3_3_trait. asoiaf_Baratheon_3_3_trait"
"Localization","Verified trait definition","common/traits/asoiaf_canon_children_traits.txt: asoiaf_Baratheon_13_trait","10286","jomini_dynamicdescription.cpp:66","","Unrecognized loc key trait_asoiaf_Baratheon_13_trait. asoiaf_Baratheon_13_trait"
"Localization","Verified trait definition","common/traits/asoiaf_canon_children_traits.txt: asoiaf_Cole_11_trait","10287","jomini_dynamicdescription.cpp:66","","Unrecognized loc key trait_asoiaf_Cole_11_trait. asoiaf_Cole_11_trait"
"Localization","Verified trait definition","common/traits/asoiaf_canon_children_traits.txt: asoiaf_Lannister_129_trait","10288","jomini_dynamicdescription.cpp:66","","Unrecognized loc key trait_asoiaf_Lannister_129_trait. asoiaf_Lannister_129_trait"
"Localization","Verified trait definition","common/traits/asoiaf_canon_children_traits.txt: asoiaf_Lannister_1_trait","10289","jomini_dynamicdescription.cpp:66","","Unrecognized loc key trait_asoiaf_Lannister_1_trait. asoiaf_Lannister_1_trait"
"Localization","Verified trait definition","common/traits/asoiaf_canon_children_traits.txt: asoiaf_Lannister_2_trait","10290","jomini_dynamicdescription.cpp:66","","Unrecognized loc key trait_asoiaf_Lannister_2_trait. asoiaf_Lannister_2_trait"
"Localization","Verified trait definition","common/traits/asoiaf_canon_children_traits.txt: asoiaf_Lannister_3_trait","10291","jomini_dynamicdescription.cpp:66","","Unrecognized loc key trait_asoiaf_Lannister_3_trait. asoiaf_Lannister_3_trait"
"Localization","Verified trait definition","common/traits/asoiaf_canon_children_traits.txt: asoiaf_Lannister_4_trait","10292","jomini_dynamicdescription.cpp:66","","Unrecognized loc key trait_asoiaf_Lannister_4_trait. asoiaf_Lannister_4_trait"
"Localization","Verified trait definition","common/traits/asoiaf_canon_children_traits.txt: asoiaf_Lannister_5_trait","10293","jomini_dynamicdescription.cpp:66","","Unrecognized loc key trait_asoiaf_Lannister_5_trait. asoiaf_Lannister_5_trait"
"Localization","Verified trait definition","common/traits/asoiaf_canon_children_traits.txt: asoiaf_Lannister_6_trait","10294","jomini_dynamicdescription.cpp:66","","Unrecognized loc key trait_asoiaf_Lannister_6_trait. asoiaf_Lannister_6_trait"
"Localization","Verified trait definition","common/traits/asoiaf_canon_children_traits.txt: asoiaf_Lannister_7_trait","10295","jomini_dynamicdescription.cpp:66","","Unrecognized loc key trait_asoiaf_Lannister_7_trait. asoiaf_Lannister_7_trait"
"Localization","Verified trait definition","common/traits/asoiaf_canon_children_traits.txt: asoiaf_Lannister_8_trait","10296","jomini_dynamicdescription.cpp:66","","Unrecognized loc key trait_asoiaf_Lannister_8_trait. asoiaf_Lannister_8_trait"
"Localization","Verified trait definition","common/traits/asoiaf_canon_children_traits.txt: asoiaf_Lannister_9_trait","10297","jomini_dynamicdescription.cpp:66","","Unrecognized loc key trait_asoiaf_Lannister_9_trait. asoiaf_Lannister_9_trait"
"Localization","Verified trait definition","common/traits/asoiaf_canon_children_traits.txt: asoiaf_Lannister_10_trait","10298","jomini_dynamicdescription.cpp:66","","Unrecognized loc key trait_asoiaf_Lannister_10_trait. asoiaf_Lannister_10_trait"
"Localization","Verified trait definition","common/traits/asoiaf_canon_children_traits.txt: asoiaf_Lannister_11_trait","10299","jomini_dynamicdescription.cpp:66","","Unrecognized loc key trait_asoiaf_Lannister_11_trait. asoiaf_Lannister_11_trait"
"Localization","Verified trait definition","common/traits/asoiaf_canon_children_traits.txt: asoiaf_Lannister_12_trait","10300","jomini_dynamicdescription.cpp:66","","Unrecognized loc key trait_asoiaf_Lannister_12_trait. asoiaf_Lannister_12_trait"
"Localization","Verified trait definition","common/traits/asoiaf_canon_children_traits.txt: asoiaf_Arryn_80_trait","10301","jomini_dynamicdescription.cpp:66","","Unrecognized loc key trait_asoiaf_Arryn_80_trait. asoiaf_Arryn_80_trait"
"Localization","Verified trait definition","common/traits/asoiaf_canon_children_traits.txt: asoiaf_Arryn_84_trait","10302","jomini_dynamicdescription.cpp:66","","Unrecognized loc key trait_asoiaf_Arryn_84_trait. asoiaf_Arryn_84_trait"
"Localization","Verified trait definition","common/traits/asoiaf_canon_children_traits.txt: asoiaf_Arryn_3_trait","10303","jomini_dynamicdescription.cpp:66","","Unrecognized loc key trait_asoiaf_Arryn_3_trait. asoiaf_Arryn_3_trait"
"Localization","Verified trait definition","common/traits/asoiaf_canon_children_traits.txt: asoiaf_Arryn_7_trait","10304","jomini_dynamicdescription.cpp:66","","Unrecognized loc key trait_asoiaf_Arryn_7_trait. asoiaf_Arryn_7_trait"
"Localization","Verified trait definition","common/traits/asoiaf_canon_children_traits.txt: asoiaf_Arryn_8_trait","10305","jomini_dynamicdescription.cpp:66","","Unrecognized loc key trait_asoiaf_Arryn_8_trait. asoiaf_Arryn_8_trait"
"Localization","Verified trait definition","common/traits/asoiaf_canon_children_traits.txt: asoiaf_Arryn_3_1_trait","10306","jomini_dynamicdescription.cpp:66","","Unrecognized loc key trait_asoiaf_Arryn_3_1_trait. asoiaf_Arryn_3_1_trait"
"Localization","Verified trait definition","common/traits/asoiaf_canon_children_traits.txt: asoiaf_Arryn_3_2_trait","10307","jomini_dynamicdescription.cpp:66","","Unrecognized loc key trait_asoiaf_Arryn_3_2_trait. asoiaf_Arryn_3_2_trait"
"Localization","Verified trait definition","common/traits/asoiaf_canon_children_traits.txt: asoiaf_Baelish_2_trait","10308","jomini_dynamicdescription.cpp:66","","Unrecognized loc key trait_asoiaf_Baelish_2_trait. asoiaf_Baelish_2_trait"
"Localization","Verified trait definition","common/traits/asoiaf_canon_children_traits.txt: asoiaf_Hightower_90_trait","10309","jomini_dynamicdescription.cpp:66","","Unrecognized loc key trait_asoiaf_Hightower_90_trait. asoiaf_Hightower_90_trait"
"Localization","Verified trait definition","common/traits/asoiaf_canon_children_traits.txt: asoiaf_Hightower_96_trait","10310","jomini_dynamicdescription.cpp:66","","Unrecognized loc key trait_asoiaf_Hightower_96_trait. asoiaf_Hightower_96_trait"
"Localization","Verified trait definition","common/traits/asoiaf_canon_children_traits.txt: asoiaf_Hightower_97_trait","10311","jomini_dynamicdescription.cpp:66","","Unrecognized loc key trait_asoiaf_Hightower_97_trait. asoiaf_Hightower_97_trait"
"Localization","Verified trait definition","common/traits/asoiaf_canon_children_traits.txt: asoiaf_Hightower_98_trait","10312","jomini_dynamicdescription.cpp:66","","Unrecognized loc key trait_asoiaf_Hightower_98_trait. asoiaf_Hightower_98_trait"
"Localization","Verified trait definition","common/traits/asoiaf_canon_children_traits.txt: asoiaf_Hightower_99_trait","10313","jomini_dynamicdescription.cpp:66","","Unrecognized loc key trait_asoiaf_Hightower_99_trait. asoiaf_Hightower_99_trait"
"Localization","Verified trait definition","common/traits/asoiaf_canon_children_traits.txt: asoiaf_Tyrell_4_trait","10314","jomini_dynamicdescription.cpp:66","","Unrecognized loc key trait_asoiaf_Tyrell_4_trait. asoiaf_Tyrell_4_trait"
"Localization","Verified trait definition","common/traits/asoiaf_canon_children_traits.txt: asoiaf_Tyrell_8_trait","10315","jomini_dynamicdescription.cpp:66","","Unrecognized loc key trait_asoiaf_Tyrell_8_trait. asoiaf_Tyrell_8_trait"
"Localization","Verified trait definition","common/traits/asoiaf_canon_children_traits.txt: asoiaf_Tyrell_9_trait","10316","jomini_dynamicdescription.cpp:66","","Unrecognized loc key trait_asoiaf_Tyrell_9_trait. asoiaf_Tyrell_9_trait"
"Localization","Verified trait definition","common/traits/asoiaf_canon_children_traits.txt: asoiaf_Tyrell_10_trait","10317","jomini_dynamicdescription.cpp:66","","Unrecognized loc key trait_asoiaf_Tyrell_10_trait. asoiaf_Tyrell_10_trait"
"Localization","Verified trait definition","common/traits/asoiaf_canon_children_traits.txt: asoiaf_Tyrell_11_trait","10318","jomini_dynamicdescription.cpp:66","","Unrecognized loc key trait_asoiaf_Tyrell_11_trait. asoiaf_Tyrell_11_trait"
"Localization","Verified trait definition","common/traits/asoiaf_canon_children_traits.txt: asoiaf_Tyrell_12_trait","10319","jomini_dynamicdescription.cpp:66","","Unrecognized loc key trait_asoiaf_Tyrell_12_trait. asoiaf_Tyrell_12_trait"
"Localization","Verified trait definition","common/traits/asoiaf_canon_children_traits.txt: asoiaf_Tyrell_13_trait","10320","jomini_dynamicdescription.cpp:66","","Unrecognized loc key trait_asoiaf_Tyrell_13_trait. asoiaf_Tyrell_13_trait"
"Localization","Verified trait definition","common/traits/asoiaf_canon_children_traits.txt: asoiaf_Tyrell_14_trait","10321","jomini_dynamicdescription.cpp:66","","Unrecognized loc key trait_asoiaf_Tyrell_14_trait. asoiaf_Tyrell_14_trait"
"Localization","Verified trait definition","common/traits/asoiaf_canon_children_traits.txt: asoiaf_Tarly_1_trait","10322","jomini_dynamicdescription.cpp:66","","Unrecognized loc key trait_asoiaf_Tarly_1_trait. asoiaf_Tarly_1_trait"
"Localization","Verified trait definition","common/traits/asoiaf_canon_children_traits.txt: asoiaf_Tarly_2_trait","10323","jomini_dynamicdescription.cpp:66","","Unrecognized loc key trait_asoiaf_Tarly_2_trait. asoiaf_Tarly_2_trait"
"Localization","Verified trait definition","common/traits/asoiaf_canon_children_traits.txt: asoiaf_Tarly_3_trait","10324","jomini_dynamicdescription.cpp:66","","Unrecognized loc key trait_asoiaf_Tarly_3_trait. asoiaf_Tarly_3_trait"
"Localization","Verified trait definition","common/traits/asoiaf_canon_children_traits.txt: asoiaf_Tarly_4_trait","10325","jomini_dynamicdescription.cpp:66","","Unrecognized loc key trait_asoiaf_Tarly_4_trait. asoiaf_Tarly_4_trait"
"Localization","Verified trait definition","common/traits/asoiaf_canon_children_traits.txt: asoiaf_Tarly_5_trait","10326","jomini_dynamicdescription.cpp:66","","Unrecognized loc key trait_asoiaf_Tarly_5_trait. asoiaf_Tarly_5_trait"
"Localization","Verified trait definition","common/traits/asoiaf_canon_children_traits.txt: asoiaf_Tarly_6_trait","10327","jomini_dynamicdescription.cpp:66","","Unrecognized loc key trait_asoiaf_Tarly_6_trait. asoiaf_Tarly_6_trait"
"Localization","Verified trait definition","common/traits/asoiaf_canon_children_traits.txt: asoiaf_Martell_4_trait","10328","jomini_dynamicdescription.cpp:66","","Unrecognized loc key trait_asoiaf_Martell_4_trait. asoiaf_Martell_4_trait"
"Localization","Verified trait definition","common/traits/asoiaf_canon_children_traits.txt: asoiaf_Martell_9_trait","10329","jomini_dynamicdescription.cpp:66","","Unrecognized loc key trait_asoiaf_Martell_9_trait. asoiaf_Martell_9_trait"
"Localization","Verified trait definition","common/traits/asoiaf_canon_children_traits.txt: asoiaf_Martell_10_trait","10330","jomini_dynamicdescription.cpp:66","","Unrecognized loc key trait_asoiaf_Martell_10_trait. asoiaf_Martell_10_trait"
"Localization","Verified trait definition","common/traits/asoiaf_canon_children_traits.txt: asoiaf_Martell_11_trait","10331","jomini_dynamicdescription.cpp:66","","Unrecognized loc key trait_asoiaf_Martell_11_trait. asoiaf_Martell_11_trait"
"Localization","Verified trait definition","common/traits/asoiaf_canon_children_traits.txt: asoiaf_Dayne_1_trait","10332","jomini_dynamicdescription.cpp:66","","Unrecognized loc key trait_asoiaf_Dayne_1_trait. asoiaf_Dayne_1_trait"
"Localization","Verified trait definition","common/traits/asoiaf_canon_children_traits.txt: asoiaf_Dayne_3_trait","10333","jomini_dynamicdescription.cpp:66","","Unrecognized loc key trait_asoiaf_Dayne_3_trait. asoiaf_Dayne_3_trait"
"Localization","Verified trait definition","common/traits/asoiaf_canon_children_traits.txt: asoiaf_Dayne_5_trait","10334","jomini_dynamicdescription.cpp:66","","Unrecognized loc key trait_asoiaf_Dayne_5_trait. asoiaf_Dayne_5_trait"
"Localization","Verified trait definition","common/traits/asoiaf_canon_children_traits.txt: asoiaf_Dayne_4_trait","10335","jomini_dynamicdescription.cpp:66","","Unrecognized loc key trait_asoiaf_Dayne_4_trait. asoiaf_Dayne_4_trait"
"Localization","Verified trait definition","common/traits/asoiaf_canon_children_traits.txt: asoiaf_Dayne_6_trait","10336","jomini_dynamicdescription.cpp:66","","Unrecognized loc key trait_asoiaf_Dayne_6_trait. asoiaf_Dayne_6_trait"
"Localization","Verified trait definition","common/traits/asoiaf_canon_children_traits.txt: asoiaf_Dayne_7_trait","10337","jomini_dynamicdescription.cpp:66","","Unrecognized loc key trait_asoiaf_Dayne_7_trait. asoiaf_Dayne_7_trait"
"Localization","Verified trait definition","common/traits/asoiaf_canon_children_traits.txt: asoiaf_Tully_1_trait","10338","jomini_dynamicdescription.cpp:66","","Unrecognized loc key trait_asoiaf_Tully_1_trait. asoiaf_Tully_1_trait"
"Localization","Verified trait definition","common/traits/asoiaf_canon_children_traits.txt: asoiaf_Tully_9_trait","10339","jomini_dynamicdescription.cpp:66","","Unrecognized loc key trait_asoiaf_Tully_9_trait. asoiaf_Tully_9_trait"
"Localization","Verified trait definition","common/traits/asoiaf_canon_children_traits.txt: asoiaf_Tully_2_trait","10340","jomini_dynamicdescription.cpp:66","","Unrecognized loc key trait_asoiaf_Tully_2_trait. asoiaf_Tully_2_trait"
"Localization","Verified trait definition","common/traits/asoiaf_canon_children_traits.txt: asoiaf_Tully_3_trait","10341","jomini_dynamicdescription.cpp:66","","Unrecognized loc key trait_asoiaf_Tully_3_trait. asoiaf_Tully_3_trait"
"Localization","Verified trait definition","common/traits/asoiaf_canon_children_traits.txt: asoiaf_Tully_4_trait","10342","jomini_dynamicdescription.cpp:66","","Unrecognized loc key trait_asoiaf_Tully_4_trait. asoiaf_Tully_4_trait"
"Localization","Verified trait definition","common/traits/asoiaf_canon_children_traits.txt: asoiaf_Tully_5_trait","10343","jomini_dynamicdescription.cpp:66","","Unrecognized loc key trait_asoiaf_Tully_5_trait. asoiaf_Tully_5_trait"
"Localization","Verified trait definition","common/traits/asoiaf_canon_children_traits.txt: asoiaf_Tully_6_trait","10344","jomini_dynamicdescription.cpp:66","","Unrecognized loc key trait_asoiaf_Tully_6_trait. asoiaf_Tully_6_trait"
"Localization","Verified trait definition","common/traits/asoiaf_canon_children_traits.txt: asoiaf_Tully_7_trait","10345","jomini_dynamicdescription.cpp:66","","Unrecognized loc key trait_asoiaf_Tully_7_trait. asoiaf_Tully_7_trait"
"Localization","Verified trait definition","common/traits/asoiaf_canon_children_traits.txt: asoiaf_Tully_8_trait","10346","jomini_dynamicdescription.cpp:66","","Unrecognized loc key trait_asoiaf_Tully_8_trait. asoiaf_Tully_8_trait"
"Localization","Verified trait definition","common/traits/asoiaf_canon_children_traits.txt: asoiaf_Strong_28_trait","10347","jomini_dynamicdescription.cpp:66","","Unrecognized loc key trait_asoiaf_Strong_28_trait. asoiaf_Strong_28_trait"
"Localization","Verified trait definition","common/traits/asoiaf_canon_children_traits.txt: asoiaf_Strong_29_trait","10348","jomini_dynamicdescription.cpp:66","","Unrecognized loc key trait_asoiaf_Strong_29_trait. asoiaf_Strong_29_trait"
"Localization","Verified trait definition","common/traits/asoiaf_canon_children_traits.txt: asoiaf_Strong_34_trait","10349","jomini_dynamicdescription.cpp:66","","Unrecognized loc key trait_asoiaf_Strong_34_trait. asoiaf_Strong_34_trait"
"Localization","Verified trait definition","common/traits/asoiaf_canon_children_traits.txt: asoiaf_Strong_30_trait","10350","jomini_dynamicdescription.cpp:66","","Unrecognized loc key trait_asoiaf_Strong_30_trait. asoiaf_Strong_30_trait"
"Localization","Verified trait definition","common/traits/asoiaf_canon_children_traits.txt: asoiaf_Strong_31_trait","10351","jomini_dynamicdescription.cpp:66","","Unrecognized loc key trait_asoiaf_Strong_31_trait. asoiaf_Strong_31_trait"
"Localization","Verified trait definition","common/traits/asoiaf_canon_children_traits.txt: asoiaf_Strong_32_trait","10352","jomini_dynamicdescription.cpp:66","","Unrecognized loc key trait_asoiaf_Strong_32_trait. asoiaf_Strong_32_trait"
"Localization","Verified trait definition","common/traits/asoiaf_canon_children_traits.txt: asoiaf_Strong_33_trait","10353","jomini_dynamicdescription.cpp:66","","Unrecognized loc key trait_asoiaf_Strong_33_trait. asoiaf_Strong_33_trait"
"Localization","Verified trait definition","common/traits/asoiaf_canon_children_traits.txt: asoiaf_Greyjoy_5_trait","10354","jomini_dynamicdescription.cpp:66","","Unrecognized loc key trait_asoiaf_Greyjoy_5_trait. asoiaf_Greyjoy_5_trait"
"Localization","Verified trait definition","common/traits/asoiaf_canon_children_traits.txt: asoiaf_Greyjoy_11_trait","10355","jomini_dynamicdescription.cpp:66","","Unrecognized loc key trait_asoiaf_Greyjoy_11_trait. asoiaf_Greyjoy_11_trait"
"Localization","Verified trait definition","common/traits/asoiaf_canon_children_traits.txt: asoiaf_Greyjoy_12_trait","10356","jomini_dynamicdescription.cpp:66","","Unrecognized loc key trait_asoiaf_Greyjoy_12_trait. asoiaf_Greyjoy_12_trait"
"Localization","Verified trait definition","common/traits/asoiaf_canon_children_traits.txt: asoiaf_Greyjoy_13_trait","10357","jomini_dynamicdescription.cpp:66","","Unrecognized loc key trait_asoiaf_Greyjoy_13_trait. asoiaf_Greyjoy_13_trait"
"Localization","Verified trait definition","common/traits/asoiaf_canon_children_traits.txt: asoiaf_Greyjoy_14_trait","10358","jomini_dynamicdescription.cpp:66","","Unrecognized loc key trait_asoiaf_Greyjoy_14_trait. asoiaf_Greyjoy_14_trait"
"Localization","Verified trait definition","common/traits/asoiaf_crown_death_traits.txt: asoiaf_aegon_I_crown_death_trait","10359","jomini_dynamicdescription.cpp:66","","Unrecognized loc key trait_asoiaf_aegon_I_crown_death_trait. asoiaf_aegon_I_crown_death_trait"
"Localization","Verified trait definition","common/traits/asoiaf_crown_death_traits.txt: asoiaf_aegon_I_crown_lotd_death_trait","10360","jomini_dynamicdescription.cpp:66","","Unrecognized loc key trait_asoiaf_aegon_I_crown_lotd_death_trait. asoiaf_aegon_I_crown_lotd_death_trait"
"Localization","Verified trait definition","common/traits/asoiaf_crown_death_traits.txt: asoiaf_visenya_crown_death_trait","10361","jomini_dynamicdescription.cpp:66","","Unrecognized loc key trait_asoiaf_visenya_crown_death_trait. asoiaf_visenya_crown_death_trait"
"Localization","Verified trait definition","common/traits/asoiaf_crown_death_traits.txt: asoiaf_rhaenys_crown_death_trait","10362","jomini_dynamicdescription.cpp:66","","Unrecognized loc key trait_asoiaf_rhaenys_crown_death_trait. asoiaf_rhaenys_crown_death_trait"
"Localization","Verified trait definition","common/traits/asoiaf_crown_death_traits.txt: asoiaf_aenys_I_crown_death_trait","10363","jomini_dynamicdescription.cpp:66","","Unrecognized loc key trait_asoiaf_aenys_I_crown_death_trait. asoiaf_aenys_I_crown_death_trait"
"Localization","Verified trait definition","common/traits/asoiaf_crown_death_traits.txt: asoiaf_jaehaerys_I_crown_death_trait","10364","jomini_dynamicdescription.cpp:66","","Unrecognized loc key trait_asoiaf_jaehaerys_I_crown_death_trait. asoiaf_jaehaerys_I_crown_death_trait"
"Localization","Verified trait definition","common/traits/asoiaf_crown_death_traits.txt: asoiaf_alysanne_crown_death_trait","10365","jomini_dynamicdescription.cpp:66","","Unrecognized loc key trait_asoiaf_alysanne_crown_death_trait. asoiaf_alysanne_crown_death_trait"
"Localization","Verified trait definition","common/traits/asoiaf_crown_death_traits.txt: asoiaf_daemon_stepstone_crown_death_trait","10366","jomini_dynamicdescription.cpp:66","","Unrecognized loc key trait_asoiaf_daemon_stepstone_crown_death_trait. asoiaf_daemon_stepstone_crown_death_trait"
"Localization","Verified trait definition","common/traits/asoiaf_crown_death_traits.txt: asoiaf_daemon_queen_stepstone_crown_death_trait","10367","jomini_dynamicdescription.cpp:66","","Unrecognized loc key trait_asoiaf_daemon_queen_stepstone_crown_death_trait. asoiaf_daemon_queen_stepstone_crown_death_trait"
"Localization","Verified trait definition","common/traits/asoiaf_crown_death_traits.txt: asoiaf_aegon_III_crown_death_trait","10368","jomini_dynamicdescription.cpp:66","","Unrecognized loc key trait_asoiaf_aegon_III_crown_death_trait. asoiaf_aegon_III_crown_death_trait"
"Localization","Verified trait definition","common/traits/asoiaf_crown_death_traits.txt: asoiaf_baelor_I_crown_death_trait","10369","jomini_dynamicdescription.cpp:66","","Unrecognized loc key trait_asoiaf_baelor_I_crown_death_trait. asoiaf_baelor_I_crown_death_trait"
"Localization","Verified trait definition","common/traits/asoiaf_crown_death_traits.txt: asoiaf_aegon_IV_crown_death_trait","10370","jomini_dynamicdescription.cpp:66","","Unrecognized loc key trait_asoiaf_aegon_IV_crown_death_trait. asoiaf_aegon_IV_crown_death_trait"
"Localization","Verified trait definition","common/traits/asoiaf_crown_death_traits.txt: asoiaf_daemonblackfyre_crown_death_trait","10371","jomini_dynamicdescription.cpp:66","","Unrecognized loc key trait_asoiaf_daemonblackfyre_crown_death_trait. asoiaf_daemonblackfyre_crown_death_trait"
"Localization","Verified trait definition","common/traits/asoiaf_crown_death_traits.txt: asoiaf_necklace_shieraseastar_crown_death_trait","10372","jomini_dynamicdescription.cpp:66","","Unrecognized loc key trait_asoiaf_necklace_shieraseastar_crown_death_trait. asoiaf_necklace_shieraseastar_crown_death_trait"
"Localization","Verified trait definition","common/traits/asoiaf_crown_death_traits.txt: asoiaf_maekar_crown_death_trait","10373","jomini_dynamicdescription.cpp:66","","Unrecognized loc key trait_asoiaf_maekar_crown_death_trait. asoiaf_maekar_crown_death_trait"
"Localization","Verified trait definition","common/traits/asoiaf_crown_death_traits.txt: asoiaf_aerys_II_crown_death_trait","10374","jomini_dynamicdescription.cpp:66","","Unrecognized loc key trait_asoiaf_aerys_II_crown_death_trait. asoiaf_aerys_II_crown_death_trait"
"Localization","Verified trait definition","common/traits/asoiaf_crown_death_traits.txt: asoiaf_rhaella_crown_death_trait","10375","jomini_dynamicdescription.cpp:66","","Unrecognized loc key trait_asoiaf_rhaella_crown_death_trait. asoiaf_rhaella_crown_death_trait"
"Localization","Verified trait definition","common/traits/asoiaf_crown_death_traits.txt: asoiaf_robert_I_crown_death_trait","10376","jomini_dynamicdescription.cpp:66","","Unrecognized loc key trait_asoiaf_robert_I_crown_death_trait. asoiaf_robert_I_crown_death_trait"
"Localization","Verified trait definition","common/traits/asoiaf_crown_death_traits.txt: asoiaf_robert_I_crown_vanilla_death_trait","10377","jomini_dynamicdescription.cpp:66","","Unrecognized loc key trait_asoiaf_robert_I_crown_vanilla_death_trait. asoiaf_robert_I_crown_vanilla_death_trait"
"Localization","Verified trait definition","common/traits/asoiaf_crown_death_traits.txt: asoiaf_joffrey_I_crown_death_trait","10378","jomini_dynamicdescription.cpp:66","","Unrecognized loc key trait_asoiaf_joffrey_I_crown_death_trait. asoiaf_joffrey_I_crown_death_trait"
"Localization","Verified trait definition","common/traits/asoiaf_crown_death_traits.txt: asoiaf_joffrey_I_crown_vanilla_death_trait","10379","jomini_dynamicdescription.cpp:66","","Unrecognized loc key trait_asoiaf_joffrey_I_crown_vanilla_death_trait. asoiaf_joffrey_I_crown_vanilla_death_trait"
"Localization","Verified trait definition","common/traits/asoiaf_crown_death_traits.txt: asoiaf_stannis_crown_death_trait","10380","jomini_dynamicdescription.cpp:66","","Unrecognized loc key trait_asoiaf_stannis_crown_death_trait. asoiaf_stannis_crown_death_trait"
"Localization","Verified trait definition","common/traits/asoiaf_crown_death_traits.txt: asoiaf_renly_crown_death_trait","10381","jomini_dynamicdescription.cpp:66","","Unrecognized loc key trait_asoiaf_renly_crown_death_trait. asoiaf_renly_crown_death_trait"
"Localization","Verified trait definition","common/traits/asoiaf_crown_death_traits.txt: asoiaf_renly_crown_vanilla_death_trait","10382","jomini_dynamicdescription.cpp:66","","Unrecognized loc key trait_asoiaf_renly_crown_vanilla_death_trait. asoiaf_renly_crown_vanilla_death_trait"
"Localization","Verified trait definition","common/traits/asoiaf_crown_death_traits.txt: asoiaf_daenerys_crown_death_trait","10383","jomini_dynamicdescription.cpp:66","","Unrecognized loc key trait_asoiaf_daenerys_crown_death_trait. asoiaf_daenerys_crown_death_trait"
"Localization","Verified trait definition","common/traits/asoiaf_crown_death_traits.txt: asoiaf_driftwood_1_crown_death_trait","10384","jomini_dynamicdescription.cpp:66","","Unrecognized loc key trait_asoiaf_driftwood_1_crown_death_trait. asoiaf_driftwood_1_crown_death_trait"
"Localization","Verified trait definition","common/traits/asoiaf_crown_death_traits.txt: asoiaf_valyrian_2_crown_death_trait","10385","jomini_dynamicdescription.cpp:66","","Unrecognized loc key trait_asoiaf_valyrian_2_crown_death_trait. asoiaf_valyrian_2_crown_death_trait"
"Localization","Verified trait definition","common/traits/asoiaf_crown_death_traits.txt: asoiaf_westerosi_valyrian_1_crown_death_trait","10386","jomini_dynamicdescription.cpp:66","","Unrecognized loc key trait_asoiaf_westerosi_valyrian_1_crown_death_trait. asoiaf_westerosi_valyrian_1_crown_death_trait"
"Localization","Verified trait definition","common/traits/asoiaf_crown_death_traits.txt: asoiaf_westerosi_valyrian_2_crown_death_trait","10387","jomini_dynamicdescription.cpp:66","","Unrecognized loc key trait_asoiaf_westerosi_valyrian_2_crown_death_trait. asoiaf_westerosi_valyrian_2_crown_death_trait"
"Localization","Verified trait definition","common/traits/asoiaf_crown_death_traits.txt: asoiaf_beyondthewall_crown_death_trait","10388","jomini_dynamicdescription.cpp:66","","Unrecognized loc key trait_asoiaf_beyondthewall_crown_death_trait. asoiaf_beyondthewall_crown_death_trait"
"Localization","Verified trait definition","common/traits/asoiaf_crown_death_traits.txt: asoiaf_iron_isles_crown_death_trait","10389","jomini_dynamicdescription.cpp:66","","Unrecognized loc key trait_asoiaf_iron_isles_crown_death_trait. asoiaf_iron_isles_crown_death_trait"
"Localization","Verified trait definition","common/traits/asoiaf_crown_death_traits.txt: asoiaf_riverlands_crown_death_trait","10390","jomini_dynamicdescription.cpp:66","","Unrecognized loc key trait_asoiaf_riverlands_crown_death_trait. asoiaf_riverlands_crown_death_trait"
"Localization","Verified trait definition","common/traits/asoiaf_crown_death_traits.txt: asoiaf_blackwood_crown_death_trait","10391","jomini_dynamicdescription.cpp:66","","Unrecognized loc key trait_asoiaf_blackwood_crown_death_trait. asoiaf_blackwood_crown_death_trait"
"Localization","Verified trait definition","common/traits/asoiaf_crown_death_traits.txt: asoiaf_bolton_crown_death_trait","10392","jomini_dynamicdescription.cpp:66","","Unrecognized loc key trait_asoiaf_bolton_crown_death_trait. asoiaf_bolton_crown_death_trait"
"Localization","Verified trait definition","common/traits/asoiaf_crown_death_traits.txt: asoiaf_cargyll_crown_death_trait","10393","jomini_dynamicdescription.cpp:66","","Unrecognized loc key trait_asoiaf_cargyll_crown_death_trait. asoiaf_cargyll_crown_death_trait"
"Localization","Verified trait definition","common/traits/asoiaf_crown_death_traits.txt: asoiaf_crown_of_winter_crown_death_trait","10394","jomini_dynamicdescription.cpp:66","","Unrecognized loc key trait_asoiaf_crown_of_winter_crown_death_trait. asoiaf_crown_of_winter_crown_death_trait"
"Localization","Verified trait definition","common/traits/asoiaf_crown_death_traits.txt: asoiaf_crown_of_winter_crown_vanilla_death_trait","10395","jomini_dynamicdescription.cpp:66","","Unrecognized loc key trait_asoiaf_crown_of_winter_crown_vanilla_death_trait. asoiaf_crown_of_winter_crown_vanilla_death_trait"
"Localization","Verified trait definition","common/traits/asoiaf_crown_death_traits.txt: asoiaf_dayne_crown_death_trait","10396","jomini_dynamicdescription.cpp:66","","Unrecognized loc key trait_asoiaf_dayne_crown_death_trait. asoiaf_dayne_crown_death_trait"
"Localization","Verified trait definition","common/traits/asoiaf_crown_death_traits.txt: asoiaf_dorne_crown_death_trait","10397","jomini_dynamicdescription.cpp:66","","Unrecognized loc key trait_asoiaf_dorne_crown_death_trait. asoiaf_dorne_crown_death_trait"
"Localization","Verified trait definition","common/traits/asoiaf_crown_death_traits.txt: asoiaf_dustin_crown_death_trait","10398","jomini_dynamicdescription.cpp:66","","Unrecognized loc key trait_asoiaf_dustin_crown_death_trait. asoiaf_dustin_crown_death_trait"
"Localization","Verified trait definition","common/traits/asoiaf_crown_death_traits.txt: asoiaf_falcon_crown_death_trait","10399","jomini_dynamicdescription.cpp:66","","Unrecognized loc key trait_asoiaf_falcon_crown_death_trait. asoiaf_falcon_crown_death_trait"
"Localization","Verified trait definition","common/traits/asoiaf_crown_death_traits.txt: asoiaf_florent_crown_death_trait","10400","jomini_dynamicdescription.cpp:66","","Unrecognized loc key trait_asoiaf_florent_crown_death_trait. asoiaf_florent_crown_death_trait"
"Localization","Verified trait definition","common/traits/asoiaf_crown_death_traits.txt: asoiaf_frey_crown_death_trait","10401","jomini_dynamicdescription.cpp:66","","Unrecognized loc key trait_asoiaf_frey_crown_death_trait. asoiaf_frey_crown_death_trait"
"Localization","Verified trait definition","common/traits/asoiaf_crown_death_traits.txt: asoiaf_greyjoy_crown_death_trait","10402","jomini_dynamicdescription.cpp:66","","Unrecognized loc key trait_asoiaf_greyjoy_crown_death_trait. asoiaf_greyjoy_crown_death_trait"
"Localization","Verified trait definition","common/traits/asoiaf_crown_death_traits.txt: asoiaf_harlaw_crown_death_trait","10403","jomini_dynamicdescription.cpp:66","","Unrecognized loc key trait_asoiaf_harlaw_crown_death_trait. asoiaf_harlaw_crown_death_trait"
"Localization","Verified trait definition","common/traits/asoiaf_crown_death_traits.txt: asoiaf_hightower_crown_death_trait","10404","jomini_dynamicdescription.cpp:66","","Unrecognized loc key trait_asoiaf_hightower_crown_death_trait. asoiaf_hightower_crown_death_trait"
"Localization","Verified trait definition","common/traits/asoiaf_crown_death_traits.txt: asoiaf_iron_stag_crown_death_trait","10405","jomini_dynamicdescription.cpp:66","","Unrecognized loc key trait_asoiaf_iron_stag_crown_death_trait. asoiaf_iron_stag_crown_death_trait"
"Localization","Verified trait definition","common/traits/asoiaf_crown_death_traits.txt: asoiaf_manderly_crown_death_trait","10406","jomini_dynamicdescription.cpp:66","","Unrecognized loc key trait_asoiaf_manderly_crown_death_trait. asoiaf_manderly_crown_death_trait"
"Localization","Verified trait definition","common/traits/asoiaf_crown_death_traits.txt: asoiaf_reach_crown_death_trait","10407","jomini_dynamicdescription.cpp:66","","Unrecognized loc key trait_asoiaf_reach_crown_death_trait. asoiaf_reach_crown_death_trait"
"Localization","Verified trait definition","common/traits/asoiaf_crown_death_traits.txt: asoiaf_redwyne_crown_death_trait","10408","jomini_dynamicdescription.cpp:66","","Unrecognized loc key trait_asoiaf_redwyne_crown_death_trait. asoiaf_redwyne_crown_death_trait"
"Localization","Verified trait definition","common/traits/asoiaf_crown_death_traits.txt: asoiaf_reed_crown_death_trait","10409","jomini_dynamicdescription.cpp:66","","Unrecognized loc key trait_asoiaf_reed_crown_death_trait. asoiaf_reed_crown_death_trait"
"Localization","Verified trait definition","common/traits/asoiaf_crown_death_traits.txt: asoiaf_royce_crown_death_trait","10410","jomini_dynamicdescription.cpp:66","","Unrecognized loc key trait_asoiaf_royce_crown_death_trait. asoiaf_royce_crown_death_trait"
"Localization","Verified trait definition","common/traits/asoiaf_crown_death_traits.txt: asoiaf_stormlands_crown_death_trait","10411","jomini_dynamicdescription.cpp:66","","Unrecognized loc key trait_asoiaf_stormlands_crown_death_trait. asoiaf_stormlands_crown_death_trait"
"Localization","Verified trait definition","common/traits/asoiaf_crown_death_traits.txt: asoiaf_tarly_crown_death_trait","10412","jomini_dynamicdescription.cpp:66","","Unrecognized loc key trait_asoiaf_tarly_crown_death_trait. asoiaf_tarly_crown_death_trait"
"Localization","Verified trait definition","common/traits/asoiaf_crown_death_traits.txt: asoiaf_tarth_crown_death_trait","10413","jomini_dynamicdescription.cpp:66","","Unrecognized loc key trait_asoiaf_tarth_crown_death_trait. asoiaf_tarth_crown_death_trait"
"Localization","Verified trait definition","common/traits/asoiaf_crown_death_traits.txt: asoiaf_tully_crown_death_trait","10414","jomini_dynamicdescription.cpp:66","","Unrecognized loc key trait_asoiaf_tully_crown_death_trait. asoiaf_tully_crown_death_trait"
"Localization","Verified trait definition","common/traits/asoiaf_crown_death_traits.txt: asoiaf_umber_crown_death_trait","10415","jomini_dynamicdescription.cpp:66","","Unrecognized loc key trait_asoiaf_umber_crown_death_trait. asoiaf_umber_crown_death_trait"
"Localization","Verified trait definition","common/traits/asoiaf_crown_death_traits.txt: asoiaf_westerlands_crown_death_trait","10416","jomini_dynamicdescription.cpp:66","","Unrecognized loc key trait_asoiaf_westerlands_crown_death_trait. asoiaf_westerlands_crown_death_trait"
"Localization","Verified trait definition","common/traits/asoiaf_crown_death_traits.txt: asoiaf_westerlands_2_crown_death_trait","10417","jomini_dynamicdescription.cpp:66","","Unrecognized loc key trait_asoiaf_westerlands_2_crown_death_trait. asoiaf_westerlands_2_crown_death_trait"
"Localization","Verified trait definition","common/traits/asoiaf_crown_death_traits.txt: asoiaf_wall_crown_death_trait","10418","jomini_dynamicdescription.cpp:66","","Unrecognized loc key trait_asoiaf_wall_crown_death_trait. asoiaf_wall_crown_death_trait"
"Localization","Verified trait definition","common/traits/asoiaf_crown_death_traits.txt: asoiaf_westerling_crown_death_trait","10419","jomini_dynamicdescription.cpp:66","","Unrecognized loc key trait_asoiaf_westerling_crown_death_trait. asoiaf_westerling_crown_death_trait"
"Localization","Verified trait definition","common/traits/asoiaf_crown_death_traits.txt: asoiaf_tides_crown_death_trait","10420","jomini_dynamicdescription.cpp:66","","Unrecognized loc key trait_asoiaf_tides_crown_death_trait. asoiaf_tides_crown_death_trait"
"Localization","Verified trait definition","common/traits/asoiaf_crown_death_traits.txt: asoiaf_gardener_peace_crown_death_trait","10421","jomini_dynamicdescription.cpp:66","","Unrecognized loc key trait_asoiaf_gardener_peace_crown_death_trait. asoiaf_gardener_peace_crown_death_trait"
"Localization","Verified trait definition","common/traits/asoiaf_crown_death_traits.txt: asoiaf_gardener_war_iron_crown_death_trait","10422","jomini_dynamicdescription.cpp:66","","Unrecognized loc key trait_asoiaf_gardener_war_iron_crown_death_trait. asoiaf_gardener_war_iron_crown_death_trait"
"Localization","Verified trait definition","common/traits/asoiaf_crown_death_traits.txt: asoiaf_mudd_crown_death_trait","10423","jomini_dynamicdescription.cpp:66","","Unrecognized loc key trait_asoiaf_mudd_crown_death_trait. asoiaf_mudd_crown_death_trait"
"Localization","Verified trait definition","common/traits/asoiaf_crown_death_traits.txt: asoiaf_grey_king_rusted_crown_death_trait","10424","jomini_dynamicdescription.cpp:66","","Unrecognized loc key trait_asoiaf_grey_king_rusted_crown_death_trait. asoiaf_grey_king_rusted_crown_death_trait"
"Localization","Verified trait definition","common/traits/asoiaf_crown_death_traits.txt: asoiaf_nights_king_crown_death_trait","10425","jomini_dynamicdescription.cpp:66","","Unrecognized loc key trait_asoiaf_nights_king_crown_death_trait. asoiaf_nights_king_crown_death_trait"
"Localization","Verified trait definition","common/traits/asoiaf_crown_death_traits.txt: asoiaf_nights_king_replica_crown_death_trait","10426","jomini_dynamicdescription.cpp:66","","Unrecognized loc key trait_asoiaf_nights_king_replica_crown_death_trait. asoiaf_nights_king_replica_crown_death_trait"
"Localization","Verified trait definition","common/traits/asoiaf_crown_death_traits.txt: asoiaf_true_winter_crown_death_trait","10427","jomini_dynamicdescription.cpp:66","","Unrecognized loc key trait_asoiaf_true_winter_crown_death_trait. asoiaf_true_winter_crown_death_trait"
"Localization","Verified trait definition","common/traits/asoiaf_crown_death_traits.txt: asoiaf_crown_of_the_seven_crown_death_trait","10428","jomini_dynamicdescription.cpp:66","","Unrecognized loc key trait_asoiaf_crown_of_the_seven_crown_death_trait. asoiaf_crown_of_the_seven_crown_death_trait"
"Localization","Verified trait definition","common/traits/asoiaf_crown_death_traits.txt: asoiaf_old_gods_crown_death_trait","10429","jomini_dynamicdescription.cpp:66","","Unrecognized loc key trait_asoiaf_old_gods_crown_death_trait. asoiaf_old_gods_crown_death_trait"
"Localization","Verified trait definition","common/traits/asoiaf_crown_death_traits.txt: asoiaf_rhllor_crown_death_trait","10430","jomini_dynamicdescription.cpp:66","","Unrecognized loc key trait_asoiaf_rhllor_crown_death_trait. asoiaf_rhllor_crown_death_trait"
"Localization","Verified trait definition","common/traits/asoiaf_crown_death_traits.txt: asoiaf_circlet_of_rhllor_crown_death_trait","10431","jomini_dynamicdescription.cpp:66","","Unrecognized loc key trait_asoiaf_circlet_of_rhllor_crown_death_trait. asoiaf_circlet_of_rhllor_crown_death_trait"
"Localization","Verified trait definition","common/traits/asoiaf_crown_death_traits.txt: asoiaf_hugor_crown_death_trait","10432","jomini_dynamicdescription.cpp:66","","Unrecognized loc key trait_asoiaf_hugor_crown_death_trait. asoiaf_hugor_crown_death_trait"
"Localization","Verified trait definition","common/traits/asoiaf_crown_death_traits.txt: asoiaf_jeyne_westerling_crown_death_trait","10433","jomini_dynamicdescription.cpp:66","","Unrecognized loc key trait_asoiaf_jeyne_westerling_crown_death_trait. asoiaf_jeyne_westerling_crown_death_trait"
"Localization","Verified trait definition","common/traits/asoiaf_crown_death_traits.txt: asoiaf_winter_roses_crown_death_trait","10434","jomini_dynamicdescription.cpp:66","","Unrecognized loc key trait_asoiaf_winter_roses_crown_death_trait. asoiaf_winter_roses_crown_death_trait"
"Localization","Verified trait definition","common/traits/asoiaf_crown_death_traits.txt: asoiaf_qolab_generic_crown_death_trait","10435","jomini_dynamicdescription.cpp:66","","Unrecognized loc key trait_asoiaf_qolab_generic_crown_death_trait. asoiaf_qolab_generic_crown_death_trait"
"Localization","Verified trait definition","common/traits/asoiaf_crown_death_traits.txt: asoiaf_qolab_baelor_crown_death_trait","10436","jomini_dynamicdescription.cpp:66","","Unrecognized loc key trait_asoiaf_qolab_baelor_crown_death_trait. asoiaf_qolab_baelor_crown_death_trait"
"Localization","Verified trait definition","common/traits/asoiaf_crown_death_traits.txt: asoiaf_qolab_gardener_crown_death_trait","10437","jomini_dynamicdescription.cpp:66","","Unrecognized loc key trait_asoiaf_qolab_gardener_crown_death_trait. asoiaf_qolab_gardener_crown_death_trait"
"Localization","Verified trait definition","common/traits/asoiaf_crown_death_traits.txt: asoiaf_qolab_03_crown_death_trait","10438","jomini_dynamicdescription.cpp:66","","Unrecognized loc key trait_asoiaf_qolab_03_crown_death_trait. asoiaf_qolab_03_crown_death_trait"
"Localization","Verified trait definition","common/traits/asoiaf_crown_death_traits.txt: asoiaf_qolab_04_crown_death_trait","10439","jomini_dynamicdescription.cpp:66","","Unrecognized loc key trait_asoiaf_qolab_04_crown_death_trait. asoiaf_qolab_04_crown_death_trait"
"Localization","Verified trait definition","common/traits/asoiaf_crown_death_traits.txt: asoiaf_qolab_05_crown_death_trait","10440","jomini_dynamicdescription.cpp:66","","Unrecognized loc key trait_asoiaf_qolab_05_crown_death_trait. asoiaf_qolab_05_crown_death_trait"
"Localization","Verified trait definition","common/traits/asoiaf_crown_death_traits.txt: asoiaf_qolab_06_crown_death_trait","10441","jomini_dynamicdescription.cpp:66","","Unrecognized loc key trait_asoiaf_qolab_06_crown_death_trait. asoiaf_qolab_06_crown_death_trait"
"Localization","Verified trait definition","common/traits/asoiaf_crown_death_traits.txt: asoiaf_qolab_winter_roses_crown_death_trait","10442","jomini_dynamicdescription.cpp:66","","Unrecognized loc key trait_asoiaf_qolab_winter_roses_crown_death_trait. asoiaf_qolab_winter_roses_crown_death_trait"
"Localization","Verified trait definition","common/traits/asoiaf_crown_death_traits.txt: asoiaf_deep_winter_roses_crown_death_trait","10443","jomini_dynamicdescription.cpp:66","","Unrecognized loc key trait_asoiaf_deep_winter_roses_crown_death_trait. asoiaf_deep_winter_roses_crown_death_trait"
"Localization","Verified trait definition","common/traits/asoiaf_crown_death_traits.txt: asoiaf_crown_of_bear_island_crown_death_trait","10444","jomini_dynamicdescription.cpp:66","","Unrecognized loc key trait_asoiaf_crown_of_bear_island_crown_death_trait. asoiaf_crown_of_bear_island_crown_death_trait"
"Localization","Verified trait definition","common/traits/asoiaf_crown_death_traits.txt: asoiaf_crown_of_hearts_home_crown_death_trait","10445","jomini_dynamicdescription.cpp:66","","Unrecognized loc key trait_asoiaf_crown_of_hearts_home_crown_death_trait. asoiaf_crown_of_hearts_home_crown_death_trait"
"Localization","Verified trait definition","common/traits/asoiaf_crown_death_traits.txt: asoiaf_crown_of_darklyn_crown_death_trait","10446","jomini_dynamicdescription.cpp:66","","Unrecognized loc key trait_asoiaf_crown_of_darklyn_crown_death_trait. asoiaf_crown_of_darklyn_crown_death_trait"
"Localization","Verified trait definition","common/traits/asoiaf_crown_death_traits.txt: asoiaf_crown_of_dondarrion_crown_death_trait","10447","jomini_dynamicdescription.cpp:66","","Unrecognized loc key trait_asoiaf_crown_of_dondarrion_crown_death_trait. asoiaf_crown_of_dondarrion_crown_death_trait"
"Localization","Verified trait definition","common/traits/asoiaf_crown_death_traits.txt: asoiaf_crown_of_castamere_crown_death_trait","10448","jomini_dynamicdescription.cpp:66","","Unrecognized loc key trait_asoiaf_crown_of_castamere_crown_death_trait. asoiaf_crown_of_castamere_crown_death_trait"
"Localization","Verified trait definition","common/traits/asoiaf_crown_death_traits.txt: asoiaf_crown_of_deep_den_crown_death_trait","10449","jomini_dynamicdescription.cpp:66","","Unrecognized loc key trait_asoiaf_crown_of_deep_den_crown_death_trait. asoiaf_crown_of_deep_den_crown_death_trait"
"Localization","Verified trait definition","common/traits/asoiaf_crown_death_traits.txt: asoiaf_crown_of_hellholt_crown_death_trait","10450","jomini_dynamicdescription.cpp:66","","Unrecognized loc key trait_asoiaf_crown_of_hellholt_crown_death_trait. asoiaf_crown_of_hellholt_crown_death_trait"
"Localization","Verified trait definition","common/traits/asoiaf_crown_death_traits.txt: asoiaf_crown_of_the_banefort_crown_death_trait","10451","jomini_dynamicdescription.cpp:66","","Unrecognized loc key trait_asoiaf_crown_of_the_banefort_crown_death_trait. asoiaf_crown_of_the_banefort_crown_death_trait"
"Localization","Verified trait definition","common/traits/asoiaf_crown_death_traits.txt: asoiaf_crown_of_crakehall_crown_death_trait","10452","jomini_dynamicdescription.cpp:66","","Unrecognized loc key trait_asoiaf_crown_of_crakehall_crown_death_trait. asoiaf_crown_of_crakehall_crown_death_trait"
"Triggers_effects_and_syntax","Resolved source path","common/modifiers/asoiaf_artifact_modifiers.txt","10457","pdx_persistent_reader.cpp:216","AGOT+","Error: ""Unexpected token: westerman_opinion, near line: 6"" in file: ""common/modifiers/asoiaf_artifact_modifiers.txt"" near line: 6"
"Encoding_warnings","Resolved source path","common/modifiers/zz_agot_plus_fix_modifiers.txt","10461","lexer.cpp:306","AGOT+ | Исправления совместимости","File 'common/modifiers/zz_agot_plus_fix_modifiers.txt' should be in utf8-bom encoding (will try to use it anyways)"
"Artifact_templates_and_arguments","Resolved source path","common/scripted_effects/asoiaf_scripted_effects_artifacts.txt","10470","jomini_script_argument.cpp:192","AGOT+","Compiling source for  failed for unknown arguments: CREATOR. At file: common/scripted_effects/asoiaf_scripted_effects_artifacts.txt line: 1832 (agot_create_artifact_robertI_crown_effect)"
"Artifact_templates_and_arguments","Resolved source path","common/scripted_effects/asoiaf_scripted_effects_artifacts.txt","10471","jomini_script_argument.cpp:192","AGOT+","Compiling source for  failed for unknown arguments: CREATOR. At file: common/scripted_effects/asoiaf_scripted_effects_artifacts.txt line: 1832 (agot_create_artifact_robertI_crown_effect)"
"Artifact_templates_and_arguments","Resolved source path","common/scripted_effects/asoiaf_scripted_effects_artifacts.txt","10472","jomini_script_argument.cpp:192","AGOT+","Compiling source for  failed for unknown arguments: CREATOR. At file: common/scripted_effects/asoiaf_scripted_effects_artifacts.txt line: 1954 (agot_create_artifact_renly_crown_effect)"
"Artifact_templates_and_arguments","Resolved source path","common/scripted_effects/asoiaf_scripted_effects_artifacts.txt","10473","jomini_script_argument.cpp:192","AGOT+","Compiling source for  failed for unknown arguments: CREATOR. At file: common/scripted_effects/asoiaf_scripted_effects_artifacts.txt line: 1954 (agot_create_artifact_renly_crown_effect)"
"Artifact_templates_and_arguments","Resolved source path","common/scripted_effects/asoiaf_scripted_effects_artifacts.txt","10474","jomini_script_argument.cpp:192","AGOT+","Compiling source for  failed for unknown arguments: CREATOR. At file: common/scripted_effects/asoiaf_scripted_effects_artifacts.txt line: 2068 (agot_create_artifact_joffreyI_crown_effect)"
"Artifact_templates_and_arguments","Resolved source path","common/scripted_effects/asoiaf_scripted_effects_artifacts.txt","10475","jomini_script_argument.cpp:192","AGOT+","Compiling source for  failed for unknown arguments: CREATOR. At file: common/scripted_effects/asoiaf_scripted_effects_artifacts.txt line: 2068 (agot_create_artifact_joffreyI_crown_effect)"
"Triggers_effects_and_syntax","Resolved source path","common/scripted_effects/asoiaf_setup_effects.txt","10476","pdx_persistent_reader.cpp:216","AGOT+ | Исправления совместимости","Error: ""Unknown effect: exists, near line: 1386"" in file: ""common/scripted_effects/asoiaf_setup_effects.txt"" near line: 1387"
"Triggers_effects_and_syntax","Resolved source path","common/scripted_effects/asoiaf_setup_effects.txt","10477","pdx_persistent_reader.cpp:216","AGOT+ | Исправления совместимости","Error: ""Unknown effect: exists, near line: 1390"" in file: ""common/scripted_effects/asoiaf_setup_effects.txt"" near line: 1396"
"Triggers_effects_and_syntax","Resolved source path","common/scripted_effects/asoiaf_setup_effects.txt","10478","pdx_persistent_reader.cpp:216","AGOT+ | Исправления совместимости","Error: ""Unknown effect: exists, near line: 2170"" in file: ""common/scripted_effects/asoiaf_setup_effects.txt"" near line: 2176"
"Triggers_effects_and_syntax","Resolved source path","common/scripted_effects/asoiaf_setup_effects.txt","10479","pdx_persistent_reader.cpp:216","AGOT+ | Исправления совместимости","Error: ""Unknown effect: exists, near line: 2430
Unknown effect: exists, near line: 2431"" in file: ""common/scripted_effects/asoiaf_setup_effects.txt"" near line: 2436"
"Triggers_effects_and_syntax","Resolved source path","common/scripted_effects/asoiaf_setup_effects.txt","10481","pdx_persistent_reader.cpp:216","AGOT+ | Исправления совместимости","Error: ""Unknown trigger: has_claim, near line: 2483
Unknown trigger: has_claim, near line: 2484"" in file: ""common/scripted_effects/asoiaf_setup_effects.txt"" near line: 2485"
"Triggers_effects_and_syntax","Resolved source path","common/scripted_effects/asoiaf_setup_effects.txt","10483","pdx_persistent_reader.cpp:216","AGOT+ | Исправления совместимости","Error: ""Unknown effect: exists, near line: 2493"" in file: ""common/scripted_effects/asoiaf_setup_effects.txt"" near line: 2497"
"Triggers_effects_and_syntax","Resolved source path","common/scripted_effects/asoiaf_setup_effects.txt","10484","pdx_persistent_reader.cpp:216","AGOT+ | Исправления совместимости","Error: ""Unknown effect: exists, near line: 2498"" in file: ""common/scripted_effects/asoiaf_setup_effects.txt"" near line: 2501"
"Triggers_effects_and_syntax","Resolved source path","common/scripted_effects/asoiaf_setup_effects.txt","10485","pdx_persistent_reader.cpp:216","AGOT+ | Исправления совместимости","Error: ""Unknown effect: exists, near line: 2635"" in file: ""common/scripted_effects/asoiaf_setup_effects.txt"" near line: 2640"
"Localization","Resolved source path","common/scripted_effects/asoiaf_setup_effects.txt","10486","jomini_dynamicdescription.cpp:66","AGOT+ | Исправления совместимости","Unrecognized loc key Alyrie. file: common/scripted_effects/asoiaf_setup_effects.txt line: 2665 (asoiaf_got_names_effect)"
"Triggers_effects_and_syntax","Resolved source path","common/scripted_effects/asoiaf_setup_effects.txt","10487","pdx_persistent_reader.cpp:216","AGOT+ | Исправления совместимости","Error: ""Unknown trigger: asoiaf_underaged, near line: 2906"" in file: ""common/scripted_effects/asoiaf_setup_effects.txt"" near line: 2907"
"Triggers_effects_and_syntax","Resolved source path","common/scripted_effects/asoiaf_setup_effects.txt","10488","pdx_persistent_reader.cpp:216","AGOT+ | Исправления совместимости","Error: ""Unknown trigger: asoiaf_underaged, near line: 2919"" in file: ""common/scripted_effects/asoiaf_setup_effects.txt"" near line: 2920"
"Triggers_effects_and_syntax","Resolved source path","common/scripted_effects/asoiaf_setup_effects.txt","10489","pdx_persistent_reader.cpp:216","AGOT+ | Исправления совместимости","Error: ""Unknown trigger: asoiaf_underaged, near line: 2932"" in file: ""common/scripted_effects/asoiaf_setup_effects.txt"" near line: 2933"
"Triggers_effects_and_syntax","Resolved source path","common/scripted_effects/asoiaf_setup_effects.txt","10490","pdx_persistent_reader.cpp:216","AGOT+ | Исправления совместимости","Error: ""Unknown trigger: asoiaf_underaged, near line: 2945"" in file: ""common/scripted_effects/asoiaf_setup_effects.txt"" near line: 2946"
"Triggers_effects_and_syntax","Resolved source path","common/scripted_effects/asoiaf_setup_effects.txt","10491","pdx_persistent_reader.cpp:216","AGOT+ | Исправления совместимости","Error: ""Unknown trigger: asoiaf_underaged, near line: 2958"" in file: ""common/scripted_effects/asoiaf_setup_effects.txt"" near line: 2959"
"Triggers_effects_and_syntax","Resolved source path","common/scripted_effects/asoiaf_setup_effects.txt","10492","pdx_persistent_reader.cpp:216","AGOT+ | Исправления совместимости","Error: ""Unknown trigger: asoiaf_underaged, near line: 2971"" in file: ""common/scripted_effects/asoiaf_setup_effects.txt"" near line: 2972"
"Triggers_effects_and_syntax","Resolved source path","common/scripted_effects/asoiaf_setup_effects.txt","10493","pdx_persistent_reader.cpp:216","AGOT+ | Исправления совместимости","Error: ""Unknown trigger: asoiaf_underaged, near line: 2984"" in file: ""common/scripted_effects/asoiaf_setup_effects.txt"" near line: 2985"
"Triggers_effects_and_syntax","Resolved source path","common/scripted_effects/asoiaf_setup_effects.txt","10494","pdx_persistent_reader.cpp:216","AGOT+ | Исправления совместимости","Error: ""Unknown trigger: asoiaf_underaged, near line: 2997"" in file: ""common/scripted_effects/asoiaf_setup_effects.txt"" near line: 2998"
"Triggers_effects_and_syntax","Resolved source path","common/scripted_effects/asoiaf_setup_effects.txt","10495","pdx_persistent_reader.cpp:216","AGOT+ | Исправления совместимости","Error: ""Unknown trigger: asoiaf_underaged, near line: 3010"" in file: ""common/scripted_effects/asoiaf_setup_effects.txt"" near line: 3011"
"Triggers_effects_and_syntax","Resolved source path","common/scripted_effects/asoiaf_setup_effects.txt","10496","pdx_persistent_reader.cpp:216","AGOT+ | Исправления совместимости","Error: ""Unknown trigger: asoiaf_underaged, near line: 3023"" in file: ""common/scripted_effects/asoiaf_setup_effects.txt"" near line: 3024"
"Triggers_effects_and_syntax","Resolved source path","common/scripted_effects/asoiaf_setup_effects.txt","10497","pdx_persistent_reader.cpp:216","AGOT+ | Исправления совместимости","Error: ""Unknown trigger: asoiaf_underaged, near line: 3036"" in file: ""common/scripted_effects/asoiaf_setup_effects.txt"" near line: 3037"
"Triggers_effects_and_syntax","Resolved source path","common/scripted_effects/asoiaf_setup_effects.txt","10498","pdx_persistent_reader.cpp:216","AGOT+ | Исправления совместимости","Error: ""Unknown trigger: asoiaf_underaged, near line: 3049"" in file: ""common/scripted_effects/asoiaf_setup_effects.txt"" near line: 3050"
"Triggers_effects_and_syntax","Resolved source path","common/scripted_effects/asoiaf_setup_effects.txt","10499","pdx_persistent_reader.cpp:216","AGOT+ | Исправления совместимости","Error: ""Unknown trigger: asoiaf_underaged, near line: 3062"" in file: ""common/scripted_effects/asoiaf_setup_effects.txt"" near line: 3063"
"Triggers_effects_and_syntax","Resolved source path","common/scripted_effects/asoiaf_setup_effects.txt","10500","pdx_persistent_reader.cpp:216","AGOT+ | Исправления совместимости","Error: ""Unknown trigger: asoiaf_underaged, near line: 3075"" in file: ""common/scripted_effects/asoiaf_setup_effects.txt"" near line: 3076"
"Triggers_effects_and_syntax","Resolved source path","common/scripted_effects/asoiaf_setup_effects.txt","10501","pdx_persistent_reader.cpp:216","AGOT+ | Исправления совместимости","Error: ""Unknown trigger: asoiaf_underaged, near line: 3088"" in file: ""common/scripted_effects/asoiaf_setup_effects.txt"" near line: 3089"
"Triggers_effects_and_syntax","Resolved source path","common/scripted_effects/asoiaf_setup_effects.txt","10502","pdx_persistent_reader.cpp:216","AGOT+ | Исправления совместимости","Error: ""Unknown trigger: asoiaf_underaged, near line: 3101"" in file: ""common/scripted_effects/asoiaf_setup_effects.txt"" near line: 3102"
"Triggers_effects_and_syntax","Resolved source path","common/scripted_effects/asoiaf_setup_effects.txt","10503","pdx_persistent_reader.cpp:216","AGOT+ | Исправления совместимости","Error: ""Unknown trigger: asoiaf_underaged, near line: 3114"" in file: ""common/scripted_effects/asoiaf_setup_effects.txt"" near line: 3115"
"Triggers_effects_and_syntax","Resolved source path","common/scripted_effects/asoiaf_setup_effects.txt","10504","pdx_persistent_reader.cpp:216","AGOT+ | Исправления совместимости","Error: ""Unknown trigger: asoiaf_underaged, near line: 3127"" in file: ""common/scripted_effects/asoiaf_setup_effects.txt"" near line: 3128"
"Triggers_effects_and_syntax","Resolved source path","common/scripted_effects/asoiaf_setup_effects.txt","10505","pdx_persistent_reader.cpp:216","AGOT+ | Исправления совместимости","Error: ""Unknown trigger: asoiaf_underaged, near line: 3140"" in file: ""common/scripted_effects/asoiaf_setup_effects.txt"" near line: 3141"
"Triggers_effects_and_syntax","Resolved source path","common/scripted_effects/asoiaf_setup_effects.txt","10506","pdx_persistent_reader.cpp:216","AGOT+ | Исправления совместимости","Error: ""Unknown trigger: asoiaf_underaged, near line: 3153"" in file: ""common/scripted_effects/asoiaf_setup_effects.txt"" near line: 3154"
"Triggers_effects_and_syntax","Resolved source path","common/scripted_effects/asoiaf_setup_effects.txt","10507","pdx_persistent_reader.cpp:216","AGOT+ | Исправления совместимости","Error: ""Unknown trigger: asoiaf_underaged, near line: 3166"" in file: ""common/scripted_effects/asoiaf_setup_effects.txt"" near line: 3167"
"Triggers_effects_and_syntax","Resolved source path","common/scripted_effects/asoiaf_setup_effects.txt","10508","pdx_persistent_reader.cpp:216","AGOT+ | Исправления совместимости","Error: ""Unknown trigger: asoiaf_underaged, near line: 3179"" in file: ""common/scripted_effects/asoiaf_setup_effects.txt"" near line: 3180"
"Triggers_effects_and_syntax","Resolved source path","common/scripted_effects/asoiaf_setup_effects.txt","10509","pdx_persistent_reader.cpp:216","AGOT+ | Исправления совместимости","Error: ""Unknown trigger: asoiaf_underaged, near line: 3192"" in file: ""common/scripted_effects/asoiaf_setup_effects.txt"" near line: 3193"
"Triggers_effects_and_syntax","Resolved source path","common/scripted_effects/asoiaf_setup_effects.txt","10510","pdx_persistent_reader.cpp:216","AGOT+ | Исправления совместимости","Error: ""Unknown trigger: asoiaf_underaged, near line: 3205"" in file: ""common/scripted_effects/asoiaf_setup_effects.txt"" near line: 3206"
"Triggers_effects_and_syntax","Resolved source path","common/scripted_effects/asoiaf_setup_effects.txt","10511","pdx_persistent_reader.cpp:216","AGOT+ | Исправления совместимости","Error: ""Unknown trigger: asoiaf_underaged, near line: 3218"" in file: ""common/scripted_effects/asoiaf_setup_effects.txt"" near line: 3219"
"Triggers_effects_and_syntax","Resolved source path","common/scripted_effects/asoiaf_setup_effects.txt","10512","pdx_persistent_reader.cpp:216","AGOT+ | Исправления совместимости","Error: ""Unknown trigger: asoiaf_underaged, near line: 3231"" in file: ""common/scripted_effects/asoiaf_setup_effects.txt"" near line: 3232"
"Triggers_effects_and_syntax","Resolved source path","common/scripted_effects/asoiaf_setup_effects.txt","10513","pdx_persistent_reader.cpp:216","AGOT+ | Исправления совместимости","Error: ""Unknown trigger: asoiaf_underaged, near line: 3244"" in file: ""common/scripted_effects/asoiaf_setup_effects.txt"" near line: 3245"
"Triggers_effects_and_syntax","Resolved source path","common/scripted_effects/asoiaf_setup_effects.txt","10514","pdx_persistent_reader.cpp:216","AGOT+ | Исправления совместимости","Error: ""Unknown trigger: asoiaf_underaged, near line: 3257"" in file: ""common/scripted_effects/asoiaf_setup_effects.txt"" near line: 3258"
"Triggers_effects_and_syntax","Resolved source path","common/scripted_effects/asoiaf_setup_effects.txt","10515","pdx_persistent_reader.cpp:216","AGOT+ | Исправления совместимости","Error: ""Unknown trigger: asoiaf_underaged, near line: 3270"" in file: ""common/scripted_effects/asoiaf_setup_effects.txt"" near line: 3271"
"Triggers_effects_and_syntax","Resolved source path","common/scripted_effects/asoiaf_setup_effects.txt","10516","pdx_persistent_reader.cpp:216","AGOT+ | Исправления совместимости","Error: ""Unknown trigger: asoiaf_underaged, near line: 3283"" in file: ""common/scripted_effects/asoiaf_setup_effects.txt"" near line: 3284"
"Triggers_effects_and_syntax","Resolved source path","common/scripted_effects/asoiaf_setup_effects.txt","10517","pdx_persistent_reader.cpp:216","AGOT+ | Исправления совместимости","Error: ""Unknown trigger: asoiaf_underaged, near line: 3296"" in file: ""common/scripted_effects/asoiaf_setup_effects.txt"" near line: 3297"
"Triggers_effects_and_syntax","Resolved source path","common/scripted_effects/asoiaf_setup_effects.txt","10518","pdx_persistent_reader.cpp:216","AGOT+ | Исправления совместимости","Error: ""Unknown trigger: asoiaf_underaged, near line: 3309"" in file: ""common/scripted_effects/asoiaf_setup_effects.txt"" near line: 3310"
"Triggers_effects_and_syntax","Resolved source path","common/scripted_effects/asoiaf_setup_effects.txt","10519","pdx_persistent_reader.cpp:216","AGOT+ | Исправления совместимости","Error: ""Unknown trigger: asoiaf_underaged, near line: 3322"" in file: ""common/scripted_effects/asoiaf_setup_effects.txt"" near line: 3323"
"Triggers_effects_and_syntax","Resolved source path","common/scripted_effects/asoiaf_setup_effects.txt","10520","pdx_persistent_reader.cpp:216","AGOT+ | Исправления совместимости","Error: ""Unknown trigger: asoiaf_underaged, near line: 3335"" in file: ""common/scripted_effects/asoiaf_setup_effects.txt"" near line: 3336"
"Triggers_effects_and_syntax","Resolved source path","common/scripted_effects/asoiaf_setup_effects.txt","10521","pdx_persistent_reader.cpp:216","AGOT+ | Исправления совместимости","Error: ""Unknown trigger: asoiaf_underaged, near line: 3348"" in file: ""common/scripted_effects/asoiaf_setup_effects.txt"" near line: 3349"
"Triggers_effects_and_syntax","Resolved source path","common/scripted_effects/asoiaf_setup_effects.txt","10522","pdx_persistent_reader.cpp:216","AGOT+ | Исправления совместимости","Error: ""Unknown trigger: asoiaf_underaged, near line: 3361"" in file: ""common/scripted_effects/asoiaf_setup_effects.txt"" near line: 3362"
"Triggers_effects_and_syntax","Resolved source path","common/scripted_effects/asoiaf_setup_effects.txt","10523","pdx_persistent_reader.cpp:216","AGOT+ | Исправления совместимости","Error: ""Unknown trigger: asoiaf_underaged, near line: 3374"" in file: ""common/scripted_effects/asoiaf_setup_effects.txt"" near line: 3375"
"Triggers_effects_and_syntax","Resolved source path","common/scripted_effects/asoiaf_setup_effects.txt","10524","pdx_persistent_reader.cpp:216","AGOT+ | Исправления совместимости","Error: ""Unknown trigger: asoiaf_underaged, near line: 3387"" in file: ""common/scripted_effects/asoiaf_setup_effects.txt"" near line: 3388"
"Triggers_effects_and_syntax","Resolved source path","common/scripted_effects/asoiaf_setup_effects.txt","10525","pdx_persistent_reader.cpp:216","AGOT+ | Исправления совместимости","Error: ""Unknown trigger: asoiaf_underaged, near line: 3400"" in file: ""common/scripted_effects/asoiaf_setup_effects.txt"" near line: 3401"
"Triggers_effects_and_syntax","Resolved source path","common/scripted_effects/asoiaf_setup_effects.txt","10526","pdx_persistent_reader.cpp:216","AGOT+ | Исправления совместимости","Error: ""Unknown trigger: asoiaf_underaged, near line: 3413"" in file: ""common/scripted_effects/asoiaf_setup_effects.txt"" near line: 3414"
"Triggers_effects_and_syntax","Resolved source path","common/scripted_effects/asoiaf_setup_effects.txt","10527","pdx_persistent_reader.cpp:216","AGOT+ | Исправления совместимости","Error: ""Unknown trigger: asoiaf_underaged, near line: 3426"" in file: ""common/scripted_effects/asoiaf_setup_effects.txt"" near line: 3427"
"Triggers_effects_and_syntax","Resolved source path","common/scripted_effects/asoiaf_setup_effects.txt","10528","pdx_persistent_reader.cpp:216","AGOT+ | Исправления совместимости","Error: ""Unknown trigger: asoiaf_underaged, near line: 3439"" in file: ""common/scripted_effects/asoiaf_setup_effects.txt"" near line: 3440"
"Triggers_effects_and_syntax","Resolved source path","common/scripted_effects/asoiaf_setup_effects.txt","10529","pdx_persistent_reader.cpp:216","AGOT+ | Исправления совместимости","Error: ""Unknown trigger: asoiaf_underaged, near line: 3452"" in file: ""common/scripted_effects/asoiaf_setup_effects.txt"" near line: 3453"
"Triggers_effects_and_syntax","Resolved source path","common/scripted_effects/asoiaf_setup_effects.txt","10530","pdx_persistent_reader.cpp:216","AGOT+ | Исправления совместимости","Error: ""Unknown trigger: asoiaf_underaged, near line: 3465"" in file: ""common/scripted_effects/asoiaf_setup_effects.txt"" near line: 3466"
"Triggers_effects_and_syntax","Resolved source path","common/scripted_effects/asoiaf_setup_effects.txt","10531","pdx_persistent_reader.cpp:216","AGOT+ | Исправления совместимости","Error: ""Unknown trigger: asoiaf_underaged, near line: 3478"" in file: ""common/scripted_effects/asoiaf_setup_effects.txt"" near line: 3479"
"Triggers_effects_and_syntax","Resolved source path","common/scripted_effects/asoiaf_setup_effects.txt","10532","pdx_persistent_reader.cpp:216","AGOT+ | Исправления совместимости","Error: ""Unknown trigger: asoiaf_underaged, near line: 3491"" in file: ""common/scripted_effects/asoiaf_setup_effects.txt"" near line: 3492"
"Triggers_effects_and_syntax","Resolved source path","common/scripted_effects/asoiaf_setup_effects.txt","10533","pdx_persistent_reader.cpp:216","AGOT+ | Исправления совместимости","Error: ""Unknown trigger: asoiaf_underaged, near line: 3504"" in file: ""common/scripted_effects/asoiaf_setup_effects.txt"" near line: 3505"
"Triggers_effects_and_syntax","Resolved source path","common/scripted_effects/asoiaf_setup_effects.txt","10534","pdx_persistent_reader.cpp:216","AGOT+ | Исправления совместимости","Error: ""Unknown trigger: asoiaf_underaged, near line: 3517"" in file: ""common/scripted_effects/asoiaf_setup_effects.txt"" near line: 3518"
"Triggers_effects_and_syntax","Resolved source path","common/scripted_effects/asoiaf_setup_effects.txt","10535","pdx_persistent_reader.cpp:216","AGOT+ | Исправления совместимости","Error: ""Unknown trigger: asoiaf_underaged, near line: 3530"" in file: ""common/scripted_effects/asoiaf_setup_effects.txt"" near line: 3531"
"Triggers_effects_and_syntax","Resolved source path","common/scripted_effects/asoiaf_setup_effects.txt","10536","pdx_persistent_reader.cpp:216","AGOT+ | Исправления совместимости","Error: ""Unknown trigger: asoiaf_underaged, near line: 3543"" in file: ""common/scripted_effects/asoiaf_setup_effects.txt"" near line: 3544"
"Triggers_effects_and_syntax","Resolved source path","common/scripted_effects/asoiaf_setup_effects.txt","10537","pdx_persistent_reader.cpp:216","AGOT+ | Исправления совместимости","Error: ""Unknown trigger: asoiaf_underaged, near line: 3556"" in file: ""common/scripted_effects/asoiaf_setup_effects.txt"" near line: 3557"
"Triggers_effects_and_syntax","Resolved source path","common/scripted_effects/asoiaf_setup_effects.txt","10538","pdx_persistent_reader.cpp:216","AGOT+ | Исправления совместимости","Error: ""Unknown trigger: asoiaf_underaged, near line: 3569"" in file: ""common/scripted_effects/asoiaf_setup_effects.txt"" near line: 3570"
"Triggers_effects_and_syntax","Resolved source path","common/scripted_effects/asoiaf_setup_effects.txt","10539","pdx_persistent_reader.cpp:216","AGOT+ | Исправления совместимости","Error: ""Unknown trigger: asoiaf_underaged, near line: 3582"" in file: ""common/scripted_effects/asoiaf_setup_effects.txt"" near line: 3583"
"Triggers_effects_and_syntax","Resolved source path","common/scripted_effects/asoiaf_setup_effects.txt","10540","pdx_persistent_reader.cpp:216","AGOT+ | Исправления совместимости","Error: ""Unknown trigger: asoiaf_underaged, near line: 3595"" in file: ""common/scripted_effects/asoiaf_setup_effects.txt"" near line: 3596"
"Triggers_effects_and_syntax","Resolved source path","common/scripted_effects/asoiaf_setup_effects.txt","10541","pdx_persistent_reader.cpp:216","AGOT+ | Исправления совместимости","Error: ""Unknown trigger: asoiaf_underaged, near line: 3608"" in file: ""common/scripted_effects/asoiaf_setup_effects.txt"" near line: 3609"
"Triggers_effects_and_syntax","Resolved source path","common/scripted_effects/asoiaf_setup_effects.txt","10542","pdx_persistent_reader.cpp:216","AGOT+ | Исправления совместимости","Error: ""Unknown trigger: asoiaf_underaged, near line: 3621"" in file: ""common/scripted_effects/asoiaf_setup_effects.txt"" near line: 3622"
"Triggers_effects_and_syntax","Resolved source path","common/scripted_effects/asoiaf_setup_effects.txt","10543","pdx_persistent_reader.cpp:216","AGOT+ | Исправления совместимости","Error: ""Unknown trigger: asoiaf_underaged, near line: 3634"" in file: ""common/scripted_effects/asoiaf_setup_effects.txt"" near line: 3635"
"Triggers_effects_and_syntax","Resolved source path","common/scripted_effects/asoiaf_setup_effects.txt","10544","pdx_persistent_reader.cpp:216","AGOT+ | Исправления совместимости","Error: ""Unknown trigger: asoiaf_underaged, near line: 3647"" in file: ""common/scripted_effects/asoiaf_setup_effects.txt"" near line: 3648"
"Triggers_effects_and_syntax","Resolved source path","common/scripted_effects/asoiaf_setup_effects.txt","10545","pdx_persistent_reader.cpp:216","AGOT+ | Исправления совместимости","Error: ""Unknown trigger: asoiaf_underaged, near line: 3660"" in file: ""common/scripted_effects/asoiaf_setup_effects.txt"" near line: 3661"
"Triggers_effects_and_syntax","Resolved source path","common/scripted_effects/asoiaf_setup_effects.txt","10546","pdx_persistent_reader.cpp:216","AGOT+ | Исправления совместимости","Error: ""Unknown trigger: asoiaf_underaged, near line: 3673"" in file: ""common/scripted_effects/asoiaf_setup_effects.txt"" near line: 3674"
"Triggers_effects_and_syntax","Resolved source path","common/scripted_effects/asoiaf_setup_effects.txt","10547","pdx_persistent_reader.cpp:216","AGOT+ | Исправления совместимости","Error: ""Unknown trigger: asoiaf_underaged, near line: 3686"" in file: ""common/scripted_effects/asoiaf_setup_effects.txt"" near line: 3687"
"Triggers_effects_and_syntax","Resolved source path","common/scripted_effects/asoiaf_setup_effects.txt","10548","pdx_persistent_reader.cpp:216","AGOT+ | Исправления совместимости","Error: ""Unknown trigger: asoiaf_underaged, near line: 3699"" in file: ""common/scripted_effects/asoiaf_setup_effects.txt"" near line: 3700"
"Triggers_effects_and_syntax","Resolved source path","common/scripted_effects/asoiaf_setup_effects.txt","10549","pdx_persistent_reader.cpp:216","AGOT+ | Исправления совместимости","Error: ""Unknown trigger: asoiaf_underaged, near line: 3712"" in file: ""common/scripted_effects/asoiaf_setup_effects.txt"" near line: 3713"
"Triggers_effects_and_syntax","Resolved source path","common/scripted_effects/asoiaf_setup_effects.txt","10550","pdx_persistent_reader.cpp:216","AGOT+ | Исправления совместимости","Error: ""Unknown trigger: asoiaf_underaged, near line: 3725"" in file: ""common/scripted_effects/asoiaf_setup_effects.txt"" near line: 3726"
"Triggers_effects_and_syntax","Resolved source path","common/scripted_effects/asoiaf_setup_effects.txt","10551","pdx_persistent_reader.cpp:216","AGOT+ | Исправления совместимости","Error: ""Unknown trigger: asoiaf_underaged, near line: 3738"" in file: ""common/scripted_effects/asoiaf_setup_effects.txt"" near line: 3739"
"Triggers_effects_and_syntax","Resolved source path","common/scripted_effects/asoiaf_setup_effects.txt","10552","pdx_persistent_reader.cpp:216","AGOT+ | Исправления совместимости","Error: ""Unknown trigger: asoiaf_underaged, near line: 3751"" in file: ""common/scripted_effects/asoiaf_setup_effects.txt"" near line: 3752"
"Triggers_effects_and_syntax","Resolved source path","common/scripted_effects/asoiaf_setup_effects.txt","10553","pdx_persistent_reader.cpp:216","AGOT+ | Исправления совместимости","Error: ""Unknown trigger: asoiaf_underaged, near line: 3764"" in file: ""common/scripted_effects/asoiaf_setup_effects.txt"" near line: 3765"
"Triggers_effects_and_syntax","Resolved source path","common/scripted_effects/asoiaf_setup_effects.txt","10554","pdx_persistent_reader.cpp:216","AGOT+ | Исправления совместимости","Error: ""Unknown trigger: asoiaf_underaged, near line: 3777"" in file: ""common/scripted_effects/asoiaf_setup_effects.txt"" near line: 3778"
"Triggers_effects_and_syntax","Resolved source path","common/scripted_effects/asoiaf_setup_effects.txt","10555","pdx_persistent_reader.cpp:216","AGOT+ | Исправления совместимости","Error: ""Unknown trigger: asoiaf_underaged, near line: 3790"" in file: ""common/scripted_effects/asoiaf_setup_effects.txt"" near line: 3791"
"Triggers_effects_and_syntax","Resolved source path","common/scripted_effects/asoiaf_setup_effects.txt","10556","pdx_persistent_reader.cpp:216","AGOT+ | Исправления совместимости","Error: ""Unknown trigger: asoiaf_underaged, near line: 3803"" in file: ""common/scripted_effects/asoiaf_setup_effects.txt"" near line: 3804"
"Triggers_effects_and_syntax","Resolved source path","common/scripted_effects/asoiaf_setup_effects.txt","10557","pdx_persistent_reader.cpp:216","AGOT+ | Исправления совместимости","Error: ""Unknown trigger: asoiaf_underaged, near line: 3816"" in file: ""common/scripted_effects/asoiaf_setup_effects.txt"" near line: 3817"
"Triggers_effects_and_syntax","Resolved source path","common/scripted_effects/asoiaf_setup_effects.txt","10558","pdx_persistent_reader.cpp:216","AGOT+ | Исправления совместимости","Error: ""Unknown trigger: asoiaf_underaged, near line: 3829"" in file: ""common/scripted_effects/asoiaf_setup_effects.txt"" near line: 3830"
"Triggers_effects_and_syntax","Resolved source path","common/scripted_effects/asoiaf_setup_effects.txt","10559","pdx_persistent_reader.cpp:216","AGOT+ | Исправления совместимости","Error: ""Unknown trigger: asoiaf_underaged, near line: 3842"" in file: ""common/scripted_effects/asoiaf_setup_effects.txt"" near line: 3843"
"Triggers_effects_and_syntax","Resolved source path","common/scripted_effects/asoiaf_setup_effects.txt","10560","pdx_persistent_reader.cpp:216","AGOT+ | Исправления совместимости","Error: ""Unknown trigger: asoiaf_underaged, near line: 3855"" in file: ""common/scripted_effects/asoiaf_setup_effects.txt"" near line: 3856"
"Triggers_effects_and_syntax","Resolved source path","common/scripted_effects/asoiaf_setup_effects.txt","10561","pdx_persistent_reader.cpp:216","AGOT+ | Исправления совместимости","Error: ""Unknown trigger: asoiaf_underaged, near line: 3868"" in file: ""common/scripted_effects/asoiaf_setup_effects.txt"" near line: 3869"
"Triggers_effects_and_syntax","Resolved source path","common/scripted_effects/asoiaf_setup_effects.txt","10562","pdx_persistent_reader.cpp:216","AGOT+ | Исправления совместимости","Error: ""Unknown trigger: asoiaf_underaged, near line: 3881"" in file: ""common/scripted_effects/asoiaf_setup_effects.txt"" near line: 3882"
"Triggers_effects_and_syntax","Resolved source path","common/scripted_effects/asoiaf_setup_effects.txt","10563","pdx_persistent_reader.cpp:216","AGOT+ | Исправления совместимости","Error: ""Unknown trigger: asoiaf_underaged, near line: 3894"" in file: ""common/scripted_effects/asoiaf_setup_effects.txt"" near line: 3895"
"Triggers_effects_and_syntax","Resolved source path","common/scripted_effects/asoiaf_setup_effects.txt","10564","pdx_persistent_reader.cpp:216","AGOT+ | Исправления совместимости","Error: ""Unknown trigger: asoiaf_underaged, near line: 3907"" in file: ""common/scripted_effects/asoiaf_setup_effects.txt"" near line: 3908"
"Triggers_effects_and_syntax","Resolved source path","common/scripted_effects/asoiaf_setup_effects.txt","10565","pdx_persistent_reader.cpp:216","AGOT+ | Исправления совместимости","Error: ""Unknown trigger: asoiaf_underaged, near line: 3920"" in file: ""common/scripted_effects/asoiaf_setup_effects.txt"" near line: 3921"
"Triggers_effects_and_syntax","Resolved source path","common/scripted_effects/asoiaf_setup_effects.txt","10566","pdx_persistent_reader.cpp:216","AGOT+ | Исправления совместимости","Error: ""Unknown trigger: asoiaf_underaged, near line: 3933"" in file: ""common/scripted_effects/asoiaf_setup_effects.txt"" near line: 3934"
"Triggers_effects_and_syntax","Resolved source path","common/scripted_effects/asoiaf_setup_effects.txt","10567","pdx_persistent_reader.cpp:216","AGOT+ | Исправления совместимости","Error: ""Unknown trigger: asoiaf_underaged, near line: 3946"" in file: ""common/scripted_effects/asoiaf_setup_effects.txt"" near line: 3947"
"Triggers_effects_and_syntax","Resolved source path","common/scripted_effects/asoiaf_setup_effects.txt","10568","pdx_persistent_reader.cpp:216","AGOT+ | Исправления совместимости","Error: ""Unknown trigger: asoiaf_underaged, near line: 3959"" in file: ""common/scripted_effects/asoiaf_setup_effects.txt"" near line: 3960"
"Triggers_effects_and_syntax","Resolved source path","common/scripted_effects/asoiaf_setup_effects.txt","10569","pdx_persistent_reader.cpp:216","AGOT+ | Исправления совместимости","Error: ""Unknown trigger: asoiaf_underaged, near line: 3972"" in file: ""common/scripted_effects/asoiaf_setup_effects.txt"" near line: 3973"
"Triggers_effects_and_syntax","Resolved source path","common/scripted_effects/asoiaf_setup_effects.txt","10570","pdx_persistent_reader.cpp:216","AGOT+ | Исправления совместимости","Error: ""Unknown trigger: asoiaf_underaged, near line: 3985"" in file: ""common/scripted_effects/asoiaf_setup_effects.txt"" near line: 3986"
"Triggers_effects_and_syntax","Resolved source path","common/scripted_effects/asoiaf_setup_effects.txt","10571","pdx_persistent_reader.cpp:216","AGOT+ | Исправления совместимости","Error: ""Unknown trigger: asoiaf_underaged, near line: 3998"" in file: ""common/scripted_effects/asoiaf_setup_effects.txt"" near line: 3999"
"Triggers_effects_and_syntax","Resolved source path","common/scripted_effects/asoiaf_setup_effects.txt","10572","pdx_persistent_reader.cpp:216","AGOT+ | Исправления совместимости","Error: ""Unknown trigger: asoiaf_underaged, near line: 4011"" in file: ""common/scripted_effects/asoiaf_setup_effects.txt"" near line: 4012"
"Triggers_effects_and_syntax","Resolved source path","common/scripted_effects/asoiaf_setup_effects.txt","10573","pdx_persistent_reader.cpp:216","AGOT+ | Исправления совместимости","Error: ""Unknown trigger: asoiaf_underaged, near line: 4024"" in file: ""common/scripted_effects/asoiaf_setup_effects.txt"" near line: 4025"
"Triggers_effects_and_syntax","Resolved source path","common/scripted_effects/asoiaf_setup_effects.txt","10574","pdx_persistent_reader.cpp:216","AGOT+ | Исправления совместимости","Error: ""Unknown trigger: asoiaf_underaged, near line: 4037"" in file: ""common/scripted_effects/asoiaf_setup_effects.txt"" near line: 4038"
"Triggers_effects_and_syntax","Resolved source path","common/scripted_effects/asoiaf_setup_effects.txt","10575","pdx_persistent_reader.cpp:216","AGOT+ | Исправления совместимости","Error: ""Unknown trigger: asoiaf_underaged, near line: 4050"" in file: ""common/scripted_effects/asoiaf_setup_effects.txt"" near line: 4051"
"Triggers_effects_and_syntax","Resolved source path","common/scripted_effects/asoiaf_setup_effects.txt","10576","pdx_persistent_reader.cpp:216","AGOT+ | Исправления совместимости","Error: ""Unknown trigger: asoiaf_underaged, near line: 4063"" in file: ""common/scripted_effects/asoiaf_setup_effects.txt"" near line: 4064"
"Triggers_effects_and_syntax","Resolved source path","common/scripted_effects/asoiaf_setup_effects.txt","10577","pdx_persistent_reader.cpp:216","AGOT+ | Исправления совместимости","Error: ""Unknown trigger: asoiaf_underaged, near line: 4076"" in file: ""common/scripted_effects/asoiaf_setup_effects.txt"" near line: 4077"
"Triggers_effects_and_syntax","Resolved source path","common/scripted_effects/asoiaf_setup_effects.txt","10578","pdx_persistent_reader.cpp:216","AGOT+ | Исправления совместимости","Error: ""Unknown trigger: asoiaf_underaged, near line: 4089"" in file: ""common/scripted_effects/asoiaf_setup_effects.txt"" near line: 4090"
"Triggers_effects_and_syntax","Resolved source path","common/scripted_effects/asoiaf_setup_effects.txt","10579","pdx_persistent_reader.cpp:216","AGOT+ | Исправления совместимости","Error: ""Unknown trigger: asoiaf_underaged, near line: 4102"" in file: ""common/scripted_effects/asoiaf_setup_effects.txt"" near line: 4103"
"Triggers_effects_and_syntax","Resolved source path","common/scripted_effects/asoiaf_setup_effects.txt","10580","pdx_persistent_reader.cpp:216","AGOT+ | Исправления совместимости","Error: ""Unknown trigger: asoiaf_underaged, near line: 4117"" in file: ""common/scripted_effects/asoiaf_setup_effects.txt"" near line: 4118"
"Triggers_effects_and_syntax","Resolved source path","common/scripted_effects/asoiaf_setup_effects.txt","10581","pdx_persistent_reader.cpp:216","AGOT+ | Исправления совместимости","Error: ""Unknown trigger: asoiaf_underaged, near line: 4130"" in file: ""common/scripted_effects/asoiaf_setup_effects.txt"" near line: 4131"
"Triggers_effects_and_syntax","Resolved source path","common/scripted_effects/asoiaf_setup_effects.txt","10582","pdx_persistent_reader.cpp:216","AGOT+ | Исправления совместимости","Error: ""Unknown trigger: asoiaf_underaged, near line: 4143"" in file: ""common/scripted_effects/asoiaf_setup_effects.txt"" near line: 4144"
"Triggers_effects_and_syntax","Resolved source path","common/scripted_effects/asoiaf_setup_effects.txt","10583","pdx_persistent_reader.cpp:216","AGOT+ | Исправления совместимости","Error: ""Unknown trigger: asoiaf_underaged, near line: 4156"" in file: ""common/scripted_effects/asoiaf_setup_effects.txt"" near line: 4157"
"Triggers_effects_and_syntax","Resolved source path","common/scripted_effects/asoiaf_setup_effects.txt","10584","pdx_persistent_reader.cpp:216","AGOT+ | Исправления совместимости","Error: ""Unknown trigger: asoiaf_underaged, near line: 4171"" in file: ""common/scripted_effects/asoiaf_setup_effects.txt"" near line: 4172"
"Triggers_effects_and_syntax","Resolved source path","common/scripted_effects/asoiaf_setup_effects.txt","10585","pdx_persistent_reader.cpp:216","AGOT+ | Исправления совместимости","Error: ""Unknown trigger: asoiaf_underaged, near line: 4184"" in file: ""common/scripted_effects/asoiaf_setup_effects.txt"" near line: 4185"
"Triggers_effects_and_syntax","Resolved source path","common/scripted_effects/asoiaf_setup_effects.txt","10586","pdx_persistent_reader.cpp:216","AGOT+ | Исправления совместимости","Error: ""Unknown trigger: asoiaf_underaged, near line: 4197"" in file: ""common/scripted_effects/asoiaf_setup_effects.txt"" near line: 4198"
"Triggers_effects_and_syntax","Resolved source path","common/scripted_effects/asoiaf_setup_effects.txt","10587","pdx_persistent_reader.cpp:216","AGOT+ | Исправления совместимости","Error: ""Unknown trigger: asoiaf_underaged, near line: 4210"" in file: ""common/scripted_effects/asoiaf_setup_effects.txt"" near line: 4211"
"Triggers_effects_and_syntax","Resolved source path","common/scripted_effects/asoiaf_setup_effects.txt","10588","pdx_persistent_reader.cpp:216","AGOT+ | Исправления совместимости","Error: ""Unknown trigger: asoiaf_underaged, near line: 4223"" in file: ""common/scripted_effects/asoiaf_setup_effects.txt"" near line: 4224"
"Triggers_effects_and_syntax","Resolved source path","common/scripted_effects/asoiaf_setup_effects.txt","10589","pdx_persistent_reader.cpp:216","AGOT+ | Исправления совместимости","Error: ""Unknown trigger: asoiaf_underaged, near line: 4236"" in file: ""common/scripted_effects/asoiaf_setup_effects.txt"" near line: 4237"
"Triggers_effects_and_syntax","Resolved source path","common/scripted_effects/asoiaf_setup_effects.txt","10590","pdx_persistent_reader.cpp:216","AGOT+ | Исправления совместимости","Error: ""Unknown trigger: asoiaf_underaged, near line: 4249"" in file: ""common/scripted_effects/asoiaf_setup_effects.txt"" near line: 4250"
"Triggers_effects_and_syntax","Resolved source path","common/scripted_effects/asoiaf_setup_effects.txt","10591","pdx_persistent_reader.cpp:216","AGOT+ | Исправления совместимости","Error: ""Unknown trigger: asoiaf_underaged, near line: 4262"" in file: ""common/scripted_effects/asoiaf_setup_effects.txt"" near line: 4263"
"Triggers_effects_and_syntax","Resolved source path","common/scripted_effects/asoiaf_setup_effects.txt","10592","pdx_persistent_reader.cpp:216","AGOT+ | Исправления совместимости","Error: ""Unknown trigger: asoiaf_underaged, near line: 4275"" in file: ""common/scripted_effects/asoiaf_setup_effects.txt"" near line: 4276"
"Triggers_effects_and_syntax","Resolved source path","common/scripted_effects/asoiaf_setup_effects.txt","10593","pdx_persistent_reader.cpp:216","AGOT+ | Исправления совместимости","Error: ""Unknown trigger: asoiaf_underaged, near line: 4288"" in file: ""common/scripted_effects/asoiaf_setup_effects.txt"" near line: 4289"
"Triggers_effects_and_syntax","Resolved source path","common/scripted_effects/asoiaf_setup_effects.txt","10594","pdx_persistent_reader.cpp:216","AGOT+ | Исправления совместимости","Error: ""Unknown trigger: is_dead, near line: 4939"" in file: ""common/scripted_effects/asoiaf_setup_effects.txt"" near line: 4939"
"Triggers_effects_and_syntax","Resolved source path","common/scripted_effects/asoiaf_setup_effects.txt","10595","pdx_persistent_reader.cpp:216","AGOT+ | Исправления совместимости","Error: ""Unknown trigger: is_dead, near line: 5609"" in file: ""common/scripted_effects/asoiaf_setup_effects.txt"" near line: 5609"
"Triggers_effects_and_syntax","Resolved source path","common/scripted_effects/asoiaf_setup_effects.txt","10596","pdx_persistent_reader.cpp:216","AGOT+ | Исправления совместимости","Error: ""Unknown trigger: has_claim, near line: 5650"" in file: ""common/scripted_effects/asoiaf_setup_effects.txt"" near line: 5650"
"Triggers_effects_and_syntax","Resolved source path","common/scripted_effects/asoiaf_setup_effects.txt","10597","pdx_persistent_reader.cpp:216","AGOT+ | Исправления совместимости","Error: ""Unknown trigger: has_claim, near line: 7555"" in file: ""common/scripted_effects/asoiaf_setup_effects.txt"" near line: 7555"
"Triggers_effects_and_syntax","Resolved source path","common/scripted_effects/asoiaf_setup_effects.txt","10598","pdx_persistent_reader.cpp:216","AGOT+ | Исправления совместимости","Error: ""Unknown trigger: has_claim, near line: 7559"" in file: ""common/scripted_effects/asoiaf_setup_effects.txt"" near line: 7559"
"Triggers_effects_and_syntax","Resolved source path","common/scripted_effects/asoiaf_setup_effects.txt","10599","pdx_persistent_reader.cpp:216","AGOT+ | Исправления совместимости","Error: ""Unknown trigger: has_claim, near line: 7626"" in file: ""common/scripted_effects/asoiaf_setup_effects.txt"" near line: 7626"
"Triggers_effects_and_syntax","Resolved source path","common/scripted_effects/asoiaf_setup_effects.txt","10600","pdx_persistent_reader.cpp:216","AGOT+ | Исправления совместимости","Error: ""Unknown trigger: has_claim, near line: 7630"" in file: ""common/scripted_effects/asoiaf_setup_effects.txt"" near line: 7630"
"Triggers_effects_and_syntax","Resolved source path","common/scripted_effects/asoiaf_setup_effects.txt","10601","pdx_persistent_reader.cpp:216","AGOT+ | Исправления совместимости","Error: ""Unknown trigger: has_claim, near line: 7698"" in file: ""common/scripted_effects/asoiaf_setup_effects.txt"" near line: 7698"
"Triggers_effects_and_syntax","Resolved source path","common/scripted_effects/asoiaf_setup_effects.txt","10602","pdx_persistent_reader.cpp:216","AGOT+ | Исправления совместимости","Error: ""Unknown trigger: has_claim, near line: 7702"" in file: ""common/scripted_effects/asoiaf_setup_effects.txt"" near line: 7702"
"Triggers_effects_and_syntax","Resolved source path","common/scripted_effects/asoiaf_setup_effects.txt","10603","pdx_persistent_reader.cpp:216","AGOT+ | Исправления совместимости","Error: ""Unknown trigger: has_claim, near line: 7708"" in file: ""common/scripted_effects/asoiaf_setup_effects.txt"" near line: 7708"
"Triggers_effects_and_syntax","Resolved source path","common/scripted_effects/asoiaf_setup_effects.txt","10604","pdx_persistent_reader.cpp:216","AGOT+ | Исправления совместимости","Error: ""Unknown trigger: has_claim, near line: 7712"" in file: ""common/scripted_effects/asoiaf_setup_effects.txt"" near line: 7712"
"Triggers_effects_and_syntax","Resolved source path","common/scripted_effects/asoiaf_setup_effects.txt","10605","pdx_persistent_reader.cpp:216","AGOT+ | Исправления совместимости","Error: ""Unknown trigger: has_claim, near line: 7733"" in file: ""common/scripted_effects/asoiaf_setup_effects.txt"" near line: 7733"
"Triggers_effects_and_syntax","Resolved source path","common/scripted_effects/asoiaf_setup_effects.txt","10606","pdx_persistent_reader.cpp:216","AGOT+ | Исправления совместимости","Error: ""Unknown trigger: has_claim, near line: 7737"" in file: ""common/scripted_effects/asoiaf_setup_effects.txt"" near line: 7737"
"Triggers_effects_and_syntax","Resolved source path","common/scripted_effects/asoiaf_setup_effects.txt","10607","pdx_persistent_reader.cpp:216","AGOT+ | Исправления совместимости","Error: ""Unknown trigger: has_claim, near line: 7757"" in file: ""common/scripted_effects/asoiaf_setup_effects.txt"" near line: 7757"
"Triggers_effects_and_syntax","Resolved source path","common/scripted_effects/asoiaf_setup_effects.txt","10608","pdx_persistent_reader.cpp:216","AGOT+ | Исправления совместимости","Error: ""Unknown trigger: has_claim, near line: 7761"" in file: ""common/scripted_effects/asoiaf_setup_effects.txt"" near line: 7761"
"Triggers_effects_and_syntax","Resolved source path","common/scripted_effects/asoiaf_setup_effects.txt","10609","pdx_persistent_reader.cpp:216","AGOT+ | Исправления совместимости","Error: ""Unknown effect: exists, near line: 11535"" in file: ""common/scripted_effects/asoiaf_setup_effects.txt"" near line: 11540"
"Triggers_effects_and_syntax","Resolved source path","common/scripted_effects/asoiaf_canon_children_effects.txt","10612","pdx_persistent_reader.cpp:216","AGOT+ | Исправления совместимости","Error: ""Unknown effect: trait, near line: 3711"" in file: ""common/scripted_effects/asoiaf_canon_children_effects.txt"" near line: 3717"
"Dragon_schemes","Resolved source path","common/scripted_effects/asoiaf_canon_children_effects.txt","10613","jomini_effect.cpp:914","AGOT+ | Исправления совместимости","Failed to read 'target' for 'start_scheme' at file: common/scripted_effects/asoiaf_canon_children_effects.txt line: 4381 (asoiaf_canon_children_Targaryen_30_birth_effect:after_creation)"
"Dragon_schemes","Resolved source path","common/scripted_effects/asoiaf_canon_children_effects.txt","10614","jomini_effect.cpp:914","AGOT+ | Исправления совместимости","Failed to read 'target' for 'start_scheme' at file: common/scripted_effects/asoiaf_canon_children_effects.txt line: 4476 (asoiaf_canon_children_Targaryen_31_birth_effect:after_creation)"
"Dragon_schemes","Resolved source path","common/scripted_effects/asoiaf_canon_children_effects.txt","10615","jomini_effect.cpp:914","AGOT+ | Исправления совместимости","Failed to read 'target' for 'start_scheme' at file: common/scripted_effects/asoiaf_canon_children_effects.txt line: 4630 (asoiaf_canon_children_Targaryen_33_birth_effect:after_creation)"
"Dragon_schemes","Resolved source path","common/scripted_effects/asoiaf_canon_children_effects.txt","10616","jomini_effect.cpp:914","AGOT+ | Исправления совместимости","Failed to read 'target' for 'start_scheme' at file: common/scripted_effects/asoiaf_canon_children_effects.txt line: 4792 (asoiaf_canon_children_Targaryen_35_birth_effect:after_creation)"
"Dragon_schemes","Resolved source path","common/scripted_effects/asoiaf_canon_children_effects.txt","10617","jomini_effect.cpp:914","AGOT+ | Исправления совместимости","Failed to read 'target' for 'start_scheme' at file: common/scripted_effects/asoiaf_canon_children_effects.txt line: 4883 (asoiaf_canon_children_Targaryen_36_birth_effect:after_creation)"
"Dragon_schemes","Resolved source path","common/scripted_effects/asoiaf_canon_children_effects.txt","10618","jomini_effect.cpp:914","AGOT+ | Исправления совместимости","Failed to read 'target' for 'start_scheme' at file: common/scripted_effects/asoiaf_canon_children_effects.txt line: 5183 (asoiaf_canon_children_Targaryen_41_and_42_birth_effect:after_creation)"
"Dragon_schemes","Resolved source path","common/scripted_effects/asoiaf_canon_children_effects.txt","10619","jomini_effect.cpp:914","AGOT+ | Исправления совместимости","Failed to read 'target' for 'start_scheme' at file: common/scripted_effects/asoiaf_canon_children_effects.txt line: 5419 (asoiaf_canon_children_Targaryen_45_birth_effect:after_creation)"
"Dragon_schemes","Resolved source path","common/scripted_effects/asoiaf_canon_children_effects.txt","10620","jomini_effect.cpp:914","AGOT+ | Исправления совместимости","Failed to read 'target' for 'start_scheme' at file: common/scripted_effects/asoiaf_canon_children_effects.txt line: 5553 (asoiaf_canon_children_Targaryen_47_birth_effect:after_creation)"
"Dragon_schemes","Resolved source path","common/scripted_effects/asoiaf_canon_children_effects.txt","10621","jomini_effect.cpp:914","AGOT+ | Исправления совместимости","Failed to read 'target' for 'start_scheme' at file: common/scripted_effects/asoiaf_canon_children_effects.txt line: 6333 (asoiaf_canon_children_Targaryen_59_birth_effect:after_creation)"
"Dragon_schemes","Resolved source path","common/scripted_effects/asoiaf_canon_children_effects.txt","10622","jomini_effect.cpp:914","AGOT+ | Исправления совместимости","Failed to read 'target' for 'start_scheme' at file: common/scripted_effects/asoiaf_canon_children_effects.txt line: 6441 (asoiaf_canon_children_Targaryen_60_birth_effect:after_creation)"
"Dragon_schemes","Resolved source path","common/scripted_effects/asoiaf_canon_children_effects.txt","10623","jomini_effect.cpp:914","AGOT+ | Исправления совместимости","Failed to read 'target' for 'start_scheme' at file: common/scripted_effects/asoiaf_canon_children_effects.txt line: 6544 (asoiaf_canon_children_Targaryen_61_birth_effect:after_creation)"
"Dragon_schemes","Resolved source path","common/scripted_effects/asoiaf_canon_children_effects.txt","10624","jomini_effect.cpp:914","AGOT+ | Исправления совместимости","Failed to read 'target' for 'start_scheme' at file: common/scripted_effects/asoiaf_canon_children_effects.txt line: 6731 (asoiaf_canon_children_Targaryen_63_birth_effect:after_creation)"
"Dragon_schemes","Resolved source path","common/scripted_effects/asoiaf_canon_children_effects.txt","10625","jomini_effect.cpp:914","AGOT+ | Исправления совместимости","Failed to read 'target' for 'start_scheme' at file: common/scripted_effects/asoiaf_canon_children_effects.txt line: 6898 (asoiaf_canon_children_Targaryen_65_birth_effect:after_creation)"
"Dragon_schemes","Resolved source path","common/scripted_effects/asoiaf_canon_children_effects.txt","10626","jomini_effect.cpp:914","AGOT+ | Исправления совместимости","Failed to read 'target' for 'start_scheme' at file: common/scripted_effects/asoiaf_canon_children_effects.txt line: 7022 (asoiaf_canon_children_Targaryen_66_birth_effect:after_creation)"
"Dragon_schemes","Resolved source path","common/scripted_effects/asoiaf_canon_children_effects.txt","10627","jomini_effect.cpp:914","AGOT+ | Исправления совместимости","Failed to read 'target' for 'start_scheme' at file: common/scripted_effects/asoiaf_canon_children_effects.txt line: 7133 (asoiaf_canon_children_Targaryen_67_birth_effect:after_creation)"
"Triggers_effects_and_syntax","Resolved source path","common/scripted_effects/asoiaf_canon_children_effects.txt","10628","pdx_persistent_reader.cpp:216","AGOT+ | Исправления совместимости","Error: ""Unknown trigger: every_dynasty_member, near line: 7152"" in file: ""common/scripted_effects/asoiaf_canon_children_effects.txt"" near line: 7156"
"Triggers_effects_and_syntax","Resolved source path","common/scripted_effects/asoiaf_canon_children_effects.txt","10629","pdx_persistent_reader.cpp:216","AGOT+ | Исправления совместимости","Error: ""Unknown trigger: every_dynasty_member, near line: 7170"" in file: ""common/scripted_effects/asoiaf_canon_children_effects.txt"" near line: 7174"
"Dragon_schemes","Resolved source path","common/scripted_effects/asoiaf_canon_children_effects.txt","10630","jomini_effect.cpp:914","AGOT+ | Исправления совместимости","Failed to read 'target' for 'start_scheme' at file: common/scripted_effects/asoiaf_canon_children_effects.txt line: 7284 (asoiaf_canon_children_Targaryen_68_birth_effect:after_creation)"
"Triggers_effects_and_syntax","Resolved source path","common/scripted_effects/asoiaf_canon_children_effects.txt","10631","pdx_persistent_reader.cpp:216","AGOT+ | Исправления совместимости","Error: ""Unknown trigger: every_dynasty_member, near line: 7309"" in file: ""common/scripted_effects/asoiaf_canon_children_effects.txt"" near line: 7313"
"Triggers_effects_and_syntax","Resolved source path","common/scripted_effects/asoiaf_canon_children_effects.txt","10632","pdx_persistent_reader.cpp:216","AGOT+ | Исправления совместимости","Error: ""Unknown trigger: every_dynasty_member, near line: 7315"" in file: ""common/scripted_effects/asoiaf_canon_children_effects.txt"" near line: 7319"
"Triggers_effects_and_syntax","Resolved source path","common/scripted_effects/asoiaf_canon_children_effects.txt","10633","pdx_persistent_reader.cpp:216","AGOT+ | Исправления совместимости","Error: ""Unknown trigger: every_dynasty_member, near line: 7333"" in file: ""common/scripted_effects/asoiaf_canon_children_effects.txt"" near line: 7337"
"Triggers_effects_and_syntax","Resolved source path","common/scripted_effects/asoiaf_canon_children_effects.txt","10634","pdx_persistent_reader.cpp:216","AGOT+ | Исправления совместимости","Error: ""Unknown trigger: every_dynasty_member, near line: 7339"" in file: ""common/scripted_effects/asoiaf_canon_children_effects.txt"" near line: 7343"
"Dragon_schemes","Resolved source path","common/scripted_effects/asoiaf_canon_children_effects.txt","10635","jomini_effect.cpp:914","AGOT+ | Исправления совместимости","Failed to read 'target' for 'start_scheme' at file: common/scripted_effects/asoiaf_canon_children_effects.txt line: 7427 (asoiaf_canon_children_Targaryen_69_birth_effect:after_creation)"
"Dragon_schemes","Resolved source path","common/scripted_effects/asoiaf_canon_children_effects.txt","10636","jomini_effect.cpp:914","AGOT+ | Исправления совместимости","Failed to read 'target' for 'start_scheme' at file: common/scripted_effects/asoiaf_canon_children_effects.txt line: 7515 (asoiaf_canon_children_Targaryen_70_birth_effect:after_creation)"
"Dragon_schemes","Resolved source path","common/scripted_effects/asoiaf_canon_children_effects.txt","10637","jomini_effect.cpp:914","AGOT+ | Исправления совместимости","Failed to read 'target' for 'start_scheme' at file: common/scripted_effects/asoiaf_canon_children_effects.txt line: 7842 (asoiaf_canon_children_Targaryen_75_birth_effect:after_creation)"
"Dragon_schemes","Resolved source path","common/scripted_effects/asoiaf_canon_children_effects.txt","10638","jomini_effect.cpp:914","AGOT+ | Исправления совместимости","Failed to read 'target' for 'start_scheme' at file: common/scripted_effects/asoiaf_canon_children_effects.txt line: 7996 (asoiaf_canon_children_Targaryen_76_birth_effect:after_creation)"
"Dragon_schemes","Resolved source path","common/scripted_effects/asoiaf_canon_children_effects.txt","10639","jomini_effect.cpp:914","AGOT+ | Исправления совместимости","Failed to read 'target' for 'start_scheme' at file: common/scripted_effects/asoiaf_canon_children_effects.txt line: 8143 (asoiaf_canon_children_Targaryen_77_birth_effect:after_creation)"
"Triggers_effects_and_syntax","Resolved source path","common/scripted_effects/asoiaf_canon_children_effects.txt","10640","pdx_persistent_reader.cpp:216","AGOT+ | Исправления совместимости","Error: ""Unknown trigger: any_spouse.house, near line: 8155"" in file: ""common/scripted_effects/asoiaf_canon_children_effects.txt"" near line: 8155"
"Dragon_schemes","Resolved source path","common/scripted_effects/asoiaf_canon_children_effects.txt","10641","jomini_effect.cpp:914","AGOT+ | Исправления совместимости","Failed to read 'target' for 'start_scheme' at file: common/scripted_effects/asoiaf_canon_children_effects.txt line: 8285 (asoiaf_canon_children_Targaryen_78_birth_effect:after_creation)"
"Dragon_schemes","Resolved source path","common/scripted_effects/asoiaf_canon_children_effects.txt","10646","jomini_effect.cpp:914","AGOT+ | Исправления совместимости","Failed to read 'target' for 'start_scheme' at file: common/scripted_effects/asoiaf_canon_children_effects.txt line: 11746 (asoiaf_canon_children_Velaryon_34_birth_effect:after_creation)"
"Dragon_schemes","Resolved source path","common/scripted_effects/asoiaf_canon_children_effects.txt","10647","jomini_effect.cpp:914","AGOT+ | Исправления совместимости","Failed to read 'target' for 'start_scheme' at file: common/scripted_effects/asoiaf_canon_children_effects.txt line: 11831 (asoiaf_canon_children_Velaryon_35_birth_effect:after_creation)"
"Dragon_schemes","Resolved source path","common/on_action/asoiaf_yearly_on_actions.txt","10818","jomini_script_system.cpp:303","AGOT+ | Исправления совместимости","Script system error!
  Error: start_scheme effect [ No targets are set. Did you mean to use 'targets_nothing = yes'? ]
  Script location: file: common/on_action/asoiaf_yearly_on_actions.txt line: 415 (asoiaf_canon_children_dragon_bonding_maintenance)"
"Dragon_schemes","Resolved source path","common/on_action/asoiaf_yearly_on_actions.txt","10822","jomini_script_system.cpp:303","AGOT+ | Исправления совместимости","Script system error!
  Error: start_scheme effect [ Can't start a scheme with an incompatible target type ]
  Script location: file: common/on_action/asoiaf_yearly_on_actions.txt line: 415 (asoiaf_canon_children_dragon_bonding_maintenance)"
"Dragon_schemes","Resolved source path","common/on_action/asoiaf_yearly_on_actions.txt","10826","jomini_script_system.cpp:303","AGOT+ | Исправления совместимости","Script system error!
  Error: start_scheme effect [ No targets are set. Did you mean to use 'targets_nothing = yes'? ]
  Script location: file: common/on_action/asoiaf_yearly_on_actions.txt line: 456 (asoiaf_canon_children_dragon_bonding_maintenance)"
"Dragon_schemes","Resolved source path","common/on_action/asoiaf_yearly_on_actions.txt","10830","jomini_script_system.cpp:303","AGOT+ | Исправления совместимости","Script system error!
  Error: start_scheme effect [ Can't start a scheme with an incompatible target type ]
  Script location: file: common/on_action/asoiaf_yearly_on_actions.txt line: 456 (asoiaf_canon_children_dragon_bonding_maintenance)"
"Dragon_schemes","Resolved source path","common/on_action/asoiaf_yearly_on_actions.txt","10834","jomini_script_system.cpp:303","AGOT+ | Исправления совместимости","Script system error!
  Error: start_scheme effect [ No targets are set. Did you mean to use 'targets_nothing = yes'? ]
  Script location: file: common/on_action/asoiaf_yearly_on_actions.txt line: 497 (asoiaf_canon_children_dragon_bonding_maintenance)"
"Dragon_schemes","Resolved source path","common/on_action/asoiaf_yearly_on_actions.txt","10838","jomini_script_system.cpp:303","AGOT+ | Исправления совместимости","Script system error!
  Error: start_scheme effect [ Can't start a scheme with an incompatible target type ]
  Script location: file: common/on_action/asoiaf_yearly_on_actions.txt line: 497 (asoiaf_canon_children_dragon_bonding_maintenance)"
"Dragon_schemes","Resolved source path","common/on_action/asoiaf_yearly_on_actions.txt","10842","jomini_script_system.cpp:303","AGOT+ | Исправления совместимости","Script system error!
  Error: start_scheme effect [ No targets are set. Did you mean to use 'targets_nothing = yes'? ]
  Script location: file: common/on_action/asoiaf_yearly_on_actions.txt line: 538 (asoiaf_canon_children_dragon_bonding_maintenance)"
"Dragon_schemes","Resolved source path","common/on_action/asoiaf_yearly_on_actions.txt","10846","jomini_script_system.cpp:303","AGOT+ | Исправления совместимости","Script system error!
  Error: start_scheme effect [ Can't start a scheme with an incompatible target type ]
  Script location: file: common/on_action/asoiaf_yearly_on_actions.txt line: 538 (asoiaf_canon_children_dragon_bonding_maintenance)"
"Dragon_schemes","Resolved source path","common/on_action/asoiaf_yearly_on_actions.txt","10850","jomini_script_system.cpp:303","AGOT+ | Исправления совместимости","Script system error!
  Error: start_scheme effect [ No targets are set. Did you mean to use 'targets_nothing = yes'? ]
  Script location: file: common/on_action/asoiaf_yearly_on_actions.txt line: 579 (asoiaf_canon_children_dragon_bonding_maintenance)"
"Dragon_schemes","Resolved source path","common/on_action/asoiaf_yearly_on_actions.txt","10854","jomini_script_system.cpp:303","AGOT+ | Исправления совместимости","Script system error!
  Error: start_scheme effect [ Can't start a scheme with an incompatible target type ]
  Script location: file: common/on_action/asoiaf_yearly_on_actions.txt line: 579 (asoiaf_canon_children_dragon_bonding_maintenance)"
"Dragon_schemes","Resolved source path","common/on_action/asoiaf_yearly_on_actions.txt","10858","jomini_script_system.cpp:303","AGOT+ | Исправления совместимости","Script system error!
  Error: start_scheme effect [ No targets are set. Did you mean to use 'targets_nothing = yes'? ]
  Script location: file: common/on_action/asoiaf_yearly_on_actions.txt line: 620 (asoiaf_canon_children_dragon_bonding_maintenance)"
"Dragon_schemes","Resolved source path","common/on_action/asoiaf_yearly_on_actions.txt","10862","jomini_script_system.cpp:303","AGOT+ | Исправления совместимости","Script system error!
  Error: start_scheme effect [ Can't start a scheme with an incompatible target type ]
  Script location: file: common/on_action/asoiaf_yearly_on_actions.txt line: 620 (asoiaf_canon_children_dragon_bonding_maintenance)"
"Dragon_schemes","Resolved source path","common/on_action/asoiaf_yearly_on_actions.txt","10866","jomini_script_system.cpp:303","AGOT+ | Исправления совместимости","Script system error!
  Error: start_scheme effect [ No targets are set. Did you mean to use 'targets_nothing = yes'? ]
  Script location: file: common/on_action/asoiaf_yearly_on_actions.txt line: 661 (asoiaf_canon_children_dragon_bonding_maintenance)"
"Dragon_schemes","Resolved source path","common/on_action/asoiaf_yearly_on_actions.txt","10870","jomini_script_system.cpp:303","AGOT+ | Исправления совместимости","Script system error!
  Error: start_scheme effect [ Can't start a scheme with an incompatible target type ]
  Script location: file: common/on_action/asoiaf_yearly_on_actions.txt line: 661 (asoiaf_canon_children_dragon_bonding_maintenance)"
"Dragon_schemes","Resolved source path","common/on_action/asoiaf_yearly_on_actions.txt","10874","jomini_script_system.cpp:303","AGOT+ | Исправления совместимости","Script system error!
  Error: start_scheme effect [ No targets are set. Did you mean to use 'targets_nothing = yes'? ]
  Script location: file: common/on_action/asoiaf_yearly_on_actions.txt line: 702 (asoiaf_canon_children_dragon_bonding_maintenance)"
"Dragon_schemes","Resolved source path","common/on_action/asoiaf_yearly_on_actions.txt","10878","jomini_script_system.cpp:303","AGOT+ | Исправления совместимости","Script system error!
  Error: start_scheme effect [ Can't start a scheme with an incompatible target type ]
  Script location: file: common/on_action/asoiaf_yearly_on_actions.txt line: 702 (asoiaf_canon_children_dragon_bonding_maintenance)"
"Dragon_schemes","Resolved source path","common/on_action/asoiaf_yearly_on_actions.txt","10882","jomini_script_system.cpp:303","AGOT+ | Исправления совместимости","Script system error!
  Error: start_scheme effect [ No targets are set. Did you mean to use 'targets_nothing = yes'? ]
  Script location: file: common/on_action/asoiaf_yearly_on_actions.txt line: 743 (asoiaf_canon_children_dragon_bonding_maintenance)"
"Dragon_schemes","Resolved source path","common/on_action/asoiaf_yearly_on_actions.txt","10886","jomini_script_system.cpp:303","AGOT+ | Исправления совместимости","Script system error!
  Error: start_scheme effect [ Can't start a scheme with an incompatible target type ]
  Script location: file: common/on_action/asoiaf_yearly_on_actions.txt line: 743 (asoiaf_canon_children_dragon_bonding_maintenance)"
"Dragon_schemes","Resolved source path","common/on_action/asoiaf_yearly_on_actions.txt","10890","jomini_script_system.cpp:303","AGOT+ | Исправления совместимости","Script system error!
  Error: start_scheme effect [ No targets are set. Did you mean to use 'targets_nothing = yes'? ]
  Script location: file: common/on_action/asoiaf_yearly_on_actions.txt line: 784 (asoiaf_canon_children_dragon_bonding_maintenance)"
"Dragon_schemes","Resolved source path","common/on_action/asoiaf_yearly_on_actions.txt","10894","jomini_script_system.cpp:303","AGOT+ | Исправления совместимости","Script system error!
  Error: start_scheme effect [ Can't start a scheme with an incompatible target type ]
  Script location: file: common/on_action/asoiaf_yearly_on_actions.txt line: 784 (asoiaf_canon_children_dragon_bonding_maintenance)"
"Artifact_templates_and_arguments","Resolved source path","common/scripted_effects/asoiaf_scripted_effects_artifacts.txt","10929","jomini_script_system.cpp:303","AGOT+","Script system error!
  Error: create_artifact effect [ Invalid artifact template 'vs_dark_sister_template' ]
  Script location: file: common/scripted_effects/asoiaf_scripted_effects_artifacts.txt line: 1233 (agot_create_artifact_vs_dark_sister_effect[args#3618947653])"
"Artifact_templates_and_arguments","Resolved source path","common/scripted_effects/asoiaf_scripted_effects_artifacts.txt","10933","jomini_script_system.cpp:303","AGOT+","Script system error!
  Error: create_artifact effect [ Invalid artifact template 'vs_dark_sister_template' ]
  Script location: file: common/scripted_effects/asoiaf_scripted_effects_artifacts.txt line: 1261 (agot_create_artifact_vs_dark_sister_effect[args#3618947653])"
"Artifact_templates_and_arguments","Resolved source path","common/scripted_effects/asoiaf_scripted_effects_artifacts.txt","10937","jomini_script_system.cpp:303","AGOT+","Script system error!
  Error: create_artifact effect [ Invalid artifact template 'vs_dark_sister_template' ]
  Script location: file: common/scripted_effects/asoiaf_scripted_effects_artifacts.txt line: 1291 (agot_create_artifact_vs_dark_sister_effect[args#3618947653])"
"Artifact_templates_and_arguments","Resolved source path","common/scripted_effects/asoiaf_scripted_effects_artifacts.txt","10941","jomini_script_system.cpp:303","AGOT+","Script system error!
  Error: create_artifact effect [ Invalid artifact template 'vs_dark_sister_template' ]
  Script location: file: common/scripted_effects/asoiaf_scripted_effects_artifacts.txt line: 1233 (agot_create_artifact_vs_dark_sister_effect[args#141906969])"
"Artifact_templates_and_arguments","Resolved source path","common/scripted_effects/asoiaf_scripted_effects_artifacts.txt","10945","jomini_script_system.cpp:303","AGOT+","Script system error!
  Error: create_artifact effect [ Invalid artifact template 'vs_dark_sister_template' ]
  Script location: file: common/scripted_effects/asoiaf_scripted_effects_artifacts.txt line: 1261 (agot_create_artifact_vs_dark_sister_effect[args#141906969])"
"Artifact_templates_and_arguments","Resolved source path","common/scripted_effects/asoiaf_scripted_effects_artifacts.txt","10949","jomini_script_system.cpp:303","AGOT+","Script system error!
  Error: create_artifact effect [ Invalid artifact template 'vs_dark_sister_template' ]
  Script location: file: common/scripted_effects/asoiaf_scripted_effects_artifacts.txt line: 1291 (agot_create_artifact_vs_dark_sister_effect[args#141906969])"
"Artifact_templates_and_arguments","Resolved source path","common/scripted_effects/asoiaf_scripted_effects_artifacts.txt","10953","jomini_script_system.cpp:303","AGOT+","Script system error!
  Error: create_artifact effect [ Invalid artifact template 'vs_heartsbane_template' ]
  Script location: file: common/scripted_effects/asoiaf_scripted_effects_artifacts.txt line: 235 (agot_create_artifact_vs_heartsbane_effect[args#3618947653])"
"Artifact_templates_and_arguments","Resolved source path","common/scripted_effects/asoiaf_scripted_effects_artifacts.txt","10957","jomini_script_system.cpp:303","AGOT+","Script system error!
  Error: create_artifact effect [ Invalid artifact template 'vs_heartsbane_template' ]
  Script location: file: common/scripted_effects/asoiaf_scripted_effects_artifacts.txt line: 253 (agot_create_artifact_vs_heartsbane_effect[args#3618947653])"
"Artifact_templates_and_arguments","Resolved source path","common/scripted_effects/asoiaf_scripted_effects_artifacts.txt","10961","jomini_script_system.cpp:303","AGOT+","Script system error!
  Error: create_artifact effect [ Invalid artifact template 'vs_ice_template' ]
  Script location: file: common/scripted_effects/asoiaf_scripted_effects_artifacts.txt line: 10 (agot_create_artifact_vs_ice_effect[args#3618947653])"
"Artifact_templates_and_arguments","Resolved source path","common/scripted_effects/asoiaf_scripted_effects_artifacts.txt","10965","jomini_script_system.cpp:303","AGOT+","Script system error!
  Error: create_artifact effect [ Invalid artifact template 'vs_ice_template' ]
  Script location: file: common/scripted_effects/asoiaf_scripted_effects_artifacts.txt line: 30 (agot_create_artifact_vs_ice_effect[args#3618947653])"
"Artifact_templates_and_arguments","Resolved source path","common/scripted_effects/asoiaf_scripted_effects_artifacts.txt","10969","jomini_script_system.cpp:303","AGOT+","Script system error!
  Error: create_artifact effect [ Invalid artifact template 'vs_longclaw_template' ]
  Script location: file: common/scripted_effects/asoiaf_scripted_effects_artifacts.txt line: 401 (agot_create_artifact_vs_longclaw_effect[args#3618947653])"
"Artifact_templates_and_arguments","Resolved source path","common/scripted_effects/asoiaf_scripted_effects_artifacts.txt","10973","jomini_script_system.cpp:303","AGOT+","Script system error!
  Error: create_artifact effect [ Invalid artifact template 'vs_longclaw_template' ]
  Script location: file: common/scripted_effects/asoiaf_scripted_effects_artifacts.txt line: 421 (agot_create_artifact_vs_longclaw_effect[args#3618947653])"
"Artifact_templates_and_arguments","Resolved source path","common/scripted_effects/asoiaf_scripted_effects_artifacts.txt","10993","jomini_script_system.cpp:303","AGOT+","Script system error!
  Error: create_artifact effect [ Invalid artifact template 'vs_widows_wail_template' ]
  Script location: file: common/scripted_effects/asoiaf_scripted_effects_artifacts.txt line: 866 (agot_create_artifact_vs_widows_wail_effect[args#2270358642])"
"Artifact_templates_and_arguments","Resolved source path","common/scripted_effects/asoiaf_scripted_effects_artifacts.txt","10997","jomini_script_system.cpp:303","AGOT+","Script system error!
  Error: create_artifact effect [ Invalid artifact template 'vs_widows_wail_template' ]
  Script location: file: common/scripted_effects/asoiaf_scripted_effects_artifacts.txt line: 881 (agot_create_artifact_vs_widows_wail_effect[args#2270358642])"
"Artifact_templates_and_arguments","Resolved source path","common/scripted_effects/asoiaf_scripted_effects_artifacts.txt","11001","jomini_script_system.cpp:303","AGOT+","Script system error!
  Error: create_artifact effect [ Invalid artifact template 'vs_widows_wail_template' ]
  Script location: file: common/scripted_effects/asoiaf_scripted_effects_artifacts.txt line: 866 (agot_create_artifact_vs_widows_wail_effect[args#2373236391])"
"Artifact_templates_and_arguments","Resolved source path","common/scripted_effects/asoiaf_scripted_effects_artifacts.txt","11005","jomini_script_system.cpp:303","AGOT+","Script system error!
  Error: create_artifact effect [ Invalid artifact template 'vs_widows_wail_template' ]
  Script location: file: common/scripted_effects/asoiaf_scripted_effects_artifacts.txt line: 881 (agot_create_artifact_vs_widows_wail_effect[args#2373236391])"
"Artifact_templates_and_arguments","Resolved source path","common/scripted_effects/asoiaf_scripted_effects_artifacts.txt","11009","jomini_script_system.cpp:303","AGOT+","Script system error!
  Error: create_artifact effect [ Invalid artifact template 'vs_oathkeeper_template' ]
  Script location: file: common/scripted_effects/asoiaf_scripted_effects_artifacts.txt line: 667 (agot_create_artifact_vs_oathkeeper_effect[args#2373236391])"
"Artifact_templates_and_arguments","Resolved source path","common/scripted_effects/asoiaf_scripted_effects_artifacts.txt","11013","jomini_script_system.cpp:303","AGOT+","Script system error!
  Error: create_artifact effect [ Invalid artifact template 'vs_oathkeeper_template' ]
  Script location: file: common/scripted_effects/asoiaf_scripted_effects_artifacts.txt line: 682 (agot_create_artifact_vs_oathkeeper_effect[args#2373236391])"
"Artifact_templates_and_arguments","Resolved source path","common/scripted_effects/asoiaf_scripted_effects_artifacts.txt","11029","jomini_script_system.cpp:303","AGOT+","Script system error!
  Error: create_artifact effect [ Invalid artifact template 'vs_dark_sister_template' ]
  Script location: file: common/scripted_effects/asoiaf_scripted_effects_artifacts.txt line: 1233 (agot_create_artifact_vs_dark_sister_effect[args#979117111])"
"Artifact_templates_and_arguments","Resolved source path","common/scripted_effects/asoiaf_scripted_effects_artifacts.txt","11033","jomini_script_system.cpp:303","AGOT+","Script system error!
  Error: create_artifact effect [ Invalid artifact template 'vs_dark_sister_template' ]
  Script location: file: common/scripted_effects/asoiaf_scripted_effects_artifacts.txt line: 1261 (agot_create_artifact_vs_dark_sister_effect[args#979117111])"
"Artifact_templates_and_arguments","Resolved source path","common/scripted_effects/asoiaf_scripted_effects_artifacts.txt","11037","jomini_script_system.cpp:303","AGOT+","Script system error!
  Error: create_artifact effect [ Invalid artifact template 'vs_dark_sister_template' ]
  Script location: file: common/scripted_effects/asoiaf_scripted_effects_artifacts.txt line: 1291 (agot_create_artifact_vs_dark_sister_effect[args#979117111])"
"Artifact_templates_and_arguments","Resolved source path","common/scripted_effects/asoiaf_scripted_effects_artifacts.txt","11041","jomini_script_system.cpp:303","AGOT+","Script system error!
  Error: create_artifact effect [ Invalid artifact template 'vs_heartsbane_template' ]
  Script location: file: common/scripted_effects/asoiaf_scripted_effects_artifacts.txt line: 235 (agot_create_artifact_vs_heartsbane_effect[args#979117111])"
"Artifact_templates_and_arguments","Resolved source path","common/scripted_effects/asoiaf_scripted_effects_artifacts.txt","11045","jomini_script_system.cpp:303","AGOT+","Script system error!
  Error: create_artifact effect [ Invalid artifact template 'vs_heartsbane_template' ]
  Script location: file: common/scripted_effects/asoiaf_scripted_effects_artifacts.txt line: 253 (agot_create_artifact_vs_heartsbane_effect[args#979117111])"
"Artifact_templates_and_arguments","Resolved source path","common/scripted_effects/asoiaf_scripted_effects_artifacts.txt","11049","jomini_script_system.cpp:303","AGOT+","Script system error!
  Error: create_artifact effect [ Invalid artifact template 'vs_ice_template' ]
  Script location: file: common/scripted_effects/asoiaf_scripted_effects_artifacts.txt line: 10 (agot_create_artifact_vs_ice_effect[args#979117111])"
"Artifact_templates_and_arguments","Resolved source path","common/scripted_effects/asoiaf_scripted_effects_artifacts.txt","11053","jomini_script_system.cpp:303","AGOT+","Script system error!
  Error: create_artifact effect [ Invalid artifact template 'vs_ice_template' ]
  Script location: file: common/scripted_effects/asoiaf_scripted_effects_artifacts.txt line: 30 (agot_create_artifact_vs_ice_effect[args#979117111])"
"Artifact_templates_and_arguments","Resolved source path","common/scripted_effects/asoiaf_scripted_effects_artifacts.txt","11057","jomini_script_system.cpp:303","AGOT+","Script system error!
  Error: create_artifact effect [ Invalid artifact template 'vs_longclaw_template' ]
  Script location: file: common/scripted_effects/asoiaf_scripted_effects_artifacts.txt line: 401 (agot_create_artifact_vs_longclaw_effect[args#979117111])"
"Artifact_templates_and_arguments","Resolved source path","common/scripted_effects/asoiaf_scripted_effects_artifacts.txt","11061","jomini_script_system.cpp:303","AGOT+","Script system error!
  Error: create_artifact effect [ Invalid artifact template 'vs_longclaw_template' ]
  Script location: file: common/scripted_effects/asoiaf_scripted_effects_artifacts.txt line: 421 (agot_create_artifact_vs_longclaw_effect[args#979117111])"
"Dragon_schemes","Resolved source path","common/scripted_effects/asoiaf_canon_children_effects.txt","11081","jomini_script_system.cpp:303","AGOT+ | Исправления совместимости","Script system error!
  Error: start_scheme effect [ No targets are set. Did you mean to use 'targets_nothing = yes'? ]
  Script location: file: common/scripted_effects/asoiaf_canon_children_effects.txt line: 4379 (asoiaf_canon_children_Targaryen_30_birth_effect:after_creation)"
"Dragon_schemes","Resolved source path","common/scripted_effects/asoiaf_canon_children_effects.txt","11085","jomini_script_system.cpp:303","AGOT+ | Исправления совместимости","Script system error!
  Error: start_scheme effect [ Can't start a scheme with an incompatible target type ]
  Script location: file: common/scripted_effects/asoiaf_canon_children_effects.txt line: 4379 (asoiaf_canon_children_Targaryen_30_birth_effect:after_creation)"
"Dragon_schemes","Resolved source path","common/scripted_effects/asoiaf_canon_children_effects.txt","11089","jomini_script_system.cpp:303","AGOT+ | Исправления совместимости","Script system error!
  Error: start_scheme effect [ No targets are set. Did you mean to use 'targets_nothing = yes'? ]
  Script location: file: common/scripted_effects/asoiaf_canon_children_effects.txt line: 4474 (asoiaf_canon_children_Targaryen_31_birth_effect:after_creation)"
"Dragon_schemes","Resolved source path","common/scripted_effects/asoiaf_canon_children_effects.txt","11093","jomini_script_system.cpp:303","AGOT+ | Исправления совместимости","Script system error!
  Error: start_scheme effect [ Can't start a scheme with an incompatible target type ]
  Script location: file: common/scripted_effects/asoiaf_canon_children_effects.txt line: 4474 (asoiaf_canon_children_Targaryen_31_birth_effect:after_creation)"
"Dragon_schemes","Resolved source path","common/scripted_effects/asoiaf_canon_children_effects.txt","11097","jomini_script_system.cpp:303","AGOT+ | Исправления совместимости","Script system error!
  Error: start_scheme effect [ No targets are set. Did you mean to use 'targets_nothing = yes'? ]
  Script location: file: common/scripted_effects/asoiaf_canon_children_effects.txt line: 4628 (asoiaf_canon_children_Targaryen_33_birth_effect:after_creation)"
"Dragon_schemes","Resolved source path","common/scripted_effects/asoiaf_canon_children_effects.txt","11101","jomini_script_system.cpp:303","AGOT+ | Исправления совместимости","Script system error!
  Error: start_scheme effect [ Can't start a scheme with an incompatible target type ]
  Script location: file: common/scripted_effects/asoiaf_canon_children_effects.txt line: 4628 (asoiaf_canon_children_Targaryen_33_birth_effect:after_creation)"
"Dragon_schemes","Resolved source path","common/scripted_effects/asoiaf_canon_children_effects.txt","11105","jomini_script_system.cpp:303","AGOT+ | Исправления совместимости","Script system error!
  Error: start_scheme effect [ No targets are set. Did you mean to use 'targets_nothing = yes'? ]
  Script location: file: common/scripted_effects/asoiaf_canon_children_effects.txt line: 4790 (asoiaf_canon_children_Targaryen_35_birth_effect:after_creation)"
"Dragon_schemes","Resolved source path","common/scripted_effects/asoiaf_canon_children_effects.txt","11109","jomini_script_system.cpp:303","AGOT+ | Исправления совместимости","Script system error!
  Error: start_scheme effect [ Can't start a scheme with an incompatible target type ]
  Script location: file: common/scripted_effects/asoiaf_canon_children_effects.txt line: 4790 (asoiaf_canon_children_Targaryen_35_birth_effect:after_creation)"
"Dragon_schemes","Resolved source path","common/scripted_effects/asoiaf_canon_children_effects.txt","11113","jomini_script_system.cpp:303","AGOT+ | Исправления совместимости","Script system error!
  Error: start_scheme effect [ No targets are set. Did you mean to use 'targets_nothing = yes'? ]
  Script location: file: common/scripted_effects/asoiaf_canon_children_effects.txt line: 4881 (asoiaf_canon_children_Targaryen_36_birth_effect:after_creation)"
"Dragon_schemes","Resolved source path","common/scripted_effects/asoiaf_canon_children_effects.txt","11117","jomini_script_system.cpp:303","AGOT+ | Исправления совместимости","Script system error!
  Error: start_scheme effect [ Can't start a scheme with an incompatible target type ]
  Script location: file: common/scripted_effects/asoiaf_canon_children_effects.txt line: 4881 (asoiaf_canon_children_Targaryen_36_birth_effect:after_creation)"
"Dragon_schemes","Resolved source path","common/scripted_effects/asoiaf_canon_children_effects.txt","11121","jomini_script_system.cpp:303","AGOT+ | Исправления совместимости","Script system error!
  Error: start_scheme effect [ No targets are set. Did you mean to use 'targets_nothing = yes'? ]
  Script location: file: common/scripted_effects/asoiaf_canon_children_effects.txt line: 5181 (asoiaf_canon_children_Targaryen_41_and_42_birth_effect:after_creation)"
"Dragon_schemes","Resolved source path","common/scripted_effects/asoiaf_canon_children_effects.txt","11125","jomini_script_system.cpp:303","AGOT+ | Исправления совместимости","Script system error!
  Error: start_scheme effect [ Can't start a scheme with an incompatible target type ]
  Script location: file: common/scripted_effects/asoiaf_canon_children_effects.txt line: 5181 (asoiaf_canon_children_Targaryen_41_and_42_birth_effect:after_creation)"
"Dragon_schemes","Resolved source path","common/scripted_effects/asoiaf_canon_children_effects.txt","11129","jomini_script_system.cpp:303","AGOT+ | Исправления совместимости","Script system error!
  Error: start_scheme effect [ No targets are set. Did you mean to use 'targets_nothing = yes'? ]
  Script location: file: common/scripted_effects/asoiaf_canon_children_effects.txt line: 5417 (asoiaf_canon_children_Targaryen_45_birth_effect:after_creation)"
"Dragon_schemes","Resolved source path","common/scripted_effects/asoiaf_canon_children_effects.txt","11133","jomini_script_system.cpp:303","AGOT+ | Исправления совместимости","Script system error!
  Error: start_scheme effect [ Can't start a scheme with an incompatible target type ]
  Script location: file: common/scripted_effects/asoiaf_canon_children_effects.txt line: 5417 (asoiaf_canon_children_Targaryen_45_birth_effect:after_creation)"
"Dragon_schemes","Resolved source path","common/scripted_effects/asoiaf_canon_children_effects.txt","11137","jomini_script_system.cpp:303","AGOT+ | Исправления совместимости","Script system error!
  Error: start_scheme effect [ No targets are set. Did you mean to use 'targets_nothing = yes'? ]
  Script location: file: common/scripted_effects/asoiaf_canon_children_effects.txt line: 5551 (asoiaf_canon_children_Targaryen_47_birth_effect:after_creation)"
"Dragon_schemes","Resolved source path","common/scripted_effects/asoiaf_canon_children_effects.txt","11141","jomini_script_system.cpp:303","AGOT+ | Исправления совместимости","Script system error!
  Error: start_scheme effect [ Can't start a scheme with an incompatible target type ]
  Script location: file: common/scripted_effects/asoiaf_canon_children_effects.txt line: 5551 (asoiaf_canon_children_Targaryen_47_birth_effect:after_creation)"
"Dragon_schemes","Resolved source path","common/scripted_effects/asoiaf_canon_children_effects.txt","11145","jomini_script_system.cpp:303","AGOT+ | Исправления совместимости","Script system error!
  Error: start_scheme effect [ No targets are set. Did you mean to use 'targets_nothing = yes'? ]
  Script location: file: common/scripted_effects/asoiaf_canon_children_effects.txt line: 6331 (asoiaf_canon_children_Targaryen_59_birth_effect:after_creation)"
"Dragon_schemes","Resolved source path","common/scripted_effects/asoiaf_canon_children_effects.txt","11149","jomini_script_system.cpp:303","AGOT+ | Исправления совместимости","Script system error!
  Error: start_scheme effect [ Can't start a scheme with an incompatible target type ]
  Script location: file: common/scripted_effects/asoiaf_canon_children_effects.txt line: 6331 (asoiaf_canon_children_Targaryen_59_birth_effect:after_creation)"
"Dragon_schemes","Resolved source path","common/scripted_effects/asoiaf_canon_children_effects.txt","11153","jomini_script_system.cpp:303","AGOT+ | Исправления совместимости","Script system error!
  Error: start_scheme effect [ No targets are set. Did you mean to use 'targets_nothing = yes'? ]
  Script location: file: common/scripted_effects/asoiaf_canon_children_effects.txt line: 6439 (asoiaf_canon_children_Targaryen_60_birth_effect:after_creation)"
"Dragon_schemes","Resolved source path","common/scripted_effects/asoiaf_canon_children_effects.txt","11157","jomini_script_system.cpp:303","AGOT+ | Исправления совместимости","Script system error!
  Error: start_scheme effect [ Can't start a scheme with an incompatible target type ]
  Script location: file: common/scripted_effects/asoiaf_canon_children_effects.txt line: 6439 (asoiaf_canon_children_Targaryen_60_birth_effect:after_creation)"
"Dragon_schemes","Resolved source path","common/scripted_effects/asoiaf_canon_children_effects.txt","11161","jomini_script_system.cpp:303","AGOT+ | Исправления совместимости","Script system error!
  Error: start_scheme effect [ No targets are set. Did you mean to use 'targets_nothing = yes'? ]
  Script location: file: common/scripted_effects/asoiaf_canon_children_effects.txt line: 6542 (asoiaf_canon_children_Targaryen_61_birth_effect:after_creation)"
"Dragon_schemes","Resolved source path","common/scripted_effects/asoiaf_canon_children_effects.txt","11165","jomini_script_system.cpp:303","AGOT+ | Исправления совместимости","Script system error!
  Error: start_scheme effect [ Can't start a scheme with an incompatible target type ]
  Script location: file: common/scripted_effects/asoiaf_canon_children_effects.txt line: 6542 (asoiaf_canon_children_Targaryen_61_birth_effect:after_creation)"
"Dragon_schemes","Resolved source path","common/scripted_effects/asoiaf_canon_children_effects.txt","11169","jomini_script_system.cpp:303","AGOT+ | Исправления совместимости","Script system error!
  Error: start_scheme effect [ No targets are set. Did you mean to use 'targets_nothing = yes'? ]
  Script location: file: common/scripted_effects/asoiaf_canon_children_effects.txt line: 6729 (asoiaf_canon_children_Targaryen_63_birth_effect:after_creation)"
"Dragon_schemes","Resolved source path","common/scripted_effects/asoiaf_canon_children_effects.txt","11173","jomini_script_system.cpp:303","AGOT+ | Исправления совместимости","Script system error!
  Error: start_scheme effect [ Can't start a scheme with an incompatible target type ]
  Script location: file: common/scripted_effects/asoiaf_canon_children_effects.txt line: 6729 (asoiaf_canon_children_Targaryen_63_birth_effect:after_creation)"
"Dragon_schemes","Resolved source path","common/scripted_effects/asoiaf_canon_children_effects.txt","11177","jomini_script_system.cpp:303","AGOT+ | Исправления совместимости","Script system error!
  Error: start_scheme effect [ No targets are set. Did you mean to use 'targets_nothing = yes'? ]
  Script location: file: common/scripted_effects/asoiaf_canon_children_effects.txt line: 6896 (asoiaf_canon_children_Targaryen_65_birth_effect:after_creation)"
"Dragon_schemes","Resolved source path","common/scripted_effects/asoiaf_canon_children_effects.txt","11181","jomini_script_system.cpp:303","AGOT+ | Исправления совместимости","Script system error!
  Error: start_scheme effect [ Can't start a scheme with an incompatible target type ]
  Script location: file: common/scripted_effects/asoiaf_canon_children_effects.txt line: 6896 (asoiaf_canon_children_Targaryen_65_birth_effect:after_creation)"
"Dragon_schemes","Resolved source path","common/scripted_effects/asoiaf_canon_children_effects.txt","11185","jomini_script_system.cpp:303","AGOT+ | Исправления совместимости","Script system error!
  Error: start_scheme effect [ No targets are set. Did you mean to use 'targets_nothing = yes'? ]
  Script location: file: common/scripted_effects/asoiaf_canon_children_effects.txt line: 7020 (asoiaf_canon_children_Targaryen_66_birth_effect:after_creation)"
"Dragon_schemes","Resolved source path","common/scripted_effects/asoiaf_canon_children_effects.txt","11189","jomini_script_system.cpp:303","AGOT+ | Исправления совместимости","Script system error!
  Error: start_scheme effect [ Can't start a scheme with an incompatible target type ]
  Script location: file: common/scripted_effects/asoiaf_canon_children_effects.txt line: 7020 (asoiaf_canon_children_Targaryen_66_birth_effect:after_creation)"
"Dragon_schemes","Resolved source path","common/scripted_effects/asoiaf_canon_children_effects.txt","11193","jomini_script_system.cpp:303","AGOT+ | Исправления совместимости","Script system error!
  Error: start_scheme effect [ No targets are set. Did you mean to use 'targets_nothing = yes'? ]
  Script location: file: common/scripted_effects/asoiaf_canon_children_effects.txt line: 7131 (asoiaf_canon_children_Targaryen_67_birth_effect:after_creation)"
"Dragon_schemes","Resolved source path","common/scripted_effects/asoiaf_canon_children_effects.txt","11197","jomini_script_system.cpp:303","AGOT+ | Исправления совместимости","Script system error!
  Error: start_scheme effect [ Can't start a scheme with an incompatible target type ]
  Script location: file: common/scripted_effects/asoiaf_canon_children_effects.txt line: 7131 (asoiaf_canon_children_Targaryen_67_birth_effect:after_creation)"
"Dragon_schemes","Resolved source path","common/scripted_effects/asoiaf_canon_children_effects.txt","11201","jomini_script_system.cpp:303","AGOT+ | Исправления совместимости","Script system error!
  Error: start_scheme effect [ No targets are set. Did you mean to use 'targets_nothing = yes'? ]
  Script location: file: common/scripted_effects/asoiaf_canon_children_effects.txt line: 7282 (asoiaf_canon_children_Targaryen_68_birth_effect:after_creation)"
"Dragon_schemes","Resolved source path","common/scripted_effects/asoiaf_canon_children_effects.txt","11205","jomini_script_system.cpp:303","AGOT+ | Исправления совместимости","Script system error!
  Error: start_scheme effect [ Can't start a scheme with an incompatible target type ]
  Script location: file: common/scripted_effects/asoiaf_canon_children_effects.txt line: 7282 (asoiaf_canon_children_Targaryen_68_birth_effect:after_creation)"
"Dragon_schemes","Resolved source path","common/scripted_effects/asoiaf_canon_children_effects.txt","11209","jomini_script_system.cpp:303","AGOT+ | Исправления совместимости","Script system error!
  Error: start_scheme effect [ No targets are set. Did you mean to use 'targets_nothing = yes'? ]
  Script location: file: common/scripted_effects/asoiaf_canon_children_effects.txt line: 7425 (asoiaf_canon_children_Targaryen_69_birth_effect:after_creation)"
"Dragon_schemes","Resolved source path","common/scripted_effects/asoiaf_canon_children_effects.txt","11213","jomini_script_system.cpp:303","AGOT+ | Исправления совместимости","Script system error!
  Error: start_scheme effect [ Can't start a scheme with an incompatible target type ]
  Script location: file: common/scripted_effects/asoiaf_canon_children_effects.txt line: 7425 (asoiaf_canon_children_Targaryen_69_birth_effect:after_creation)"
"Dragon_schemes","Resolved source path","common/scripted_effects/asoiaf_canon_children_effects.txt","11217","jomini_script_system.cpp:303","AGOT+ | Исправления совместимости","Script system error!
  Error: start_scheme effect [ No targets are set. Did you mean to use 'targets_nothing = yes'? ]
  Script location: file: common/scripted_effects/asoiaf_canon_children_effects.txt line: 7513 (asoiaf_canon_children_Targaryen_70_birth_effect:after_creation)"
"Dragon_schemes","Resolved source path","common/scripted_effects/asoiaf_canon_children_effects.txt","11221","jomini_script_system.cpp:303","AGOT+ | Исправления совместимости","Script system error!
  Error: start_scheme effect [ Can't start a scheme with an incompatible target type ]
  Script location: file: common/scripted_effects/asoiaf_canon_children_effects.txt line: 7513 (asoiaf_canon_children_Targaryen_70_birth_effect:after_creation)"
"Dragon_schemes","Resolved source path","common/scripted_effects/asoiaf_canon_children_effects.txt","11225","jomini_script_system.cpp:303","AGOT+ | Исправления совместимости","Script system error!
  Error: start_scheme effect [ No targets are set. Did you mean to use 'targets_nothing = yes'? ]
  Script location: file: common/scripted_effects/asoiaf_canon_children_effects.txt line: 7840 (asoiaf_canon_children_Targaryen_75_birth_effect:after_creation)"
"Dragon_schemes","Resolved source path","common/scripted_effects/asoiaf_canon_children_effects.txt","11229","jomini_script_system.cpp:303","AGOT+ | Исправления совместимости","Script system error!
  Error: start_scheme effect [ Can't start a scheme with an incompatible target type ]
  Script location: file: common/scripted_effects/asoiaf_canon_children_effects.txt line: 7840 (asoiaf_canon_children_Targaryen_75_birth_effect:after_creation)"
"Dragon_schemes","Resolved source path","common/scripted_effects/asoiaf_canon_children_effects.txt","11233","jomini_script_system.cpp:303","AGOT+ | Исправления совместимости","Script system error!
  Error: start_scheme effect [ No targets are set. Did you mean to use 'targets_nothing = yes'? ]
  Script location: file: common/scripted_effects/asoiaf_canon_children_effects.txt line: 7994 (asoiaf_canon_children_Targaryen_76_birth_effect:after_creation)"
"Dragon_schemes","Resolved source path","common/scripted_effects/asoiaf_canon_children_effects.txt","11237","jomini_script_system.cpp:303","AGOT+ | Исправления совместимости","Script system error!
  Error: start_scheme effect [ Can't start a scheme with an incompatible target type ]
  Script location: file: common/scripted_effects/asoiaf_canon_children_effects.txt line: 7994 (asoiaf_canon_children_Targaryen_76_birth_effect:after_creation)"
"Dragon_schemes","Resolved source path","common/scripted_effects/asoiaf_canon_children_effects.txt","11241","jomini_script_system.cpp:303","AGOT+ | Исправления совместимости","Script system error!
  Error: start_scheme effect [ No targets are set. Did you mean to use 'targets_nothing = yes'? ]
  Script location: file: common/scripted_effects/asoiaf_canon_children_effects.txt line: 8141 (asoiaf_canon_children_Targaryen_77_birth_effect:after_creation)"
"Dragon_schemes","Resolved source path","common/scripted_effects/asoiaf_canon_children_effects.txt","11245","jomini_script_system.cpp:303","AGOT+ | Исправления совместимости","Script system error!
  Error: start_scheme effect [ Can't start a scheme with an incompatible target type ]
  Script location: file: common/scripted_effects/asoiaf_canon_children_effects.txt line: 8141 (asoiaf_canon_children_Targaryen_77_birth_effect:after_creation)"
"Dragon_schemes","Resolved source path","common/scripted_effects/asoiaf_canon_children_effects.txt","11249","jomini_script_system.cpp:303","AGOT+ | Исправления совместимости","Script system error!
  Error: start_scheme effect [ No targets are set. Did you mean to use 'targets_nothing = yes'? ]
  Script location: file: common/scripted_effects/asoiaf_canon_children_effects.txt line: 8283 (asoiaf_canon_children_Targaryen_78_birth_effect:after_creation)"
"Dragon_schemes","Resolved source path","common/scripted_effects/asoiaf_canon_children_effects.txt","11253","jomini_script_system.cpp:303","AGOT+ | Исправления совместимости","Script system error!
  Error: start_scheme effect [ Can't start a scheme with an incompatible target type ]
  Script location: file: common/scripted_effects/asoiaf_canon_children_effects.txt line: 8283 (asoiaf_canon_children_Targaryen_78_birth_effect:after_creation)"
"Dragon_schemes","Resolved source path","common/scripted_effects/asoiaf_canon_children_effects.txt","11257","jomini_script_system.cpp:303","AGOT+ | Исправления совместимости","Script system error!
  Error: start_scheme effect [ No targets are set. Did you mean to use 'targets_nothing = yes'? ]
  Script location: file: common/scripted_effects/asoiaf_canon_children_effects.txt line: 11744 (asoiaf_canon_children_Velaryon_34_birth_effect:after_creation)"
"Dragon_schemes","Resolved source path","common/scripted_effects/asoiaf_canon_children_effects.txt","11261","jomini_script_system.cpp:303","AGOT+ | Исправления совместимости","Script system error!
  Error: start_scheme effect [ Can't start a scheme with an incompatible target type ]
  Script location: file: common/scripted_effects/asoiaf_canon_children_effects.txt line: 11744 (asoiaf_canon_children_Velaryon_34_birth_effect:after_creation)"
"Dragon_schemes","Resolved source path","common/scripted_effects/asoiaf_canon_children_effects.txt","11265","jomini_script_system.cpp:303","AGOT+ | Исправления совместимости","Script system error!
  Error: start_scheme effect [ No targets are set. Did you mean to use 'targets_nothing = yes'? ]
  Script location: file: common/scripted_effects/asoiaf_canon_children_effects.txt line: 11829 (asoiaf_canon_children_Velaryon_35_birth_effect:after_creation)"
"Dragon_schemes","Resolved source path","common/scripted_effects/asoiaf_canon_children_effects.txt","11269","jomini_script_system.cpp:303","AGOT+ | Исправления совместимости","Script system error!
  Error: start_scheme effect [ Can't start a scheme with an incompatible target type ]
  Script location: file: common/scripted_effects/asoiaf_canon_children_effects.txt line: 11829 (asoiaf_canon_children_Velaryon_35_birth_effect:after_creation)"
"Artifact_templates_and_arguments","Resolved source path","common/scripted_effects/asoiaf_scripted_effects_artifacts.txt","11273","jomini_script_system.cpp:303","AGOT+","Script system error!
  Error: create_artifact effect [ Invalid artifact template 'vs_oathkeeper_template' ]
  Script location: file: common/scripted_effects/asoiaf_scripted_effects_artifacts.txt line: 717 (asoiaf_create_artifact_oathkeeper_effect_decision[args#1247474068])"
"Artifact_templates_and_arguments","Resolved source path","common/scripted_effects/asoiaf_scripted_effects_artifacts.txt","11277","jomini_script_system.cpp:303","AGOT+","Script system error!
  Error: create_artifact effect [ Invalid artifact template 'vs_oathkeeper_template' ]
  Script location: file: common/scripted_effects/asoiaf_scripted_effects_artifacts.txt line: 737 (asoiaf_create_artifact_oathkeeper_effect_decision[args#1247474068])"
"Artifact_templates_and_arguments","Resolved source path","common/scripted_effects/asoiaf_scripted_effects_artifacts.txt","11281","jomini_script_system.cpp:303","AGOT+","Script system error!
  Error: create_artifact effect [ Invalid artifact template 'vs_widows_wail_template' ]
  Script location: file: common/scripted_effects/asoiaf_scripted_effects_artifacts.txt line: 916 (asoiaf_create_artifact_widows_wail_effect_decision[args#1247474068])"
"Artifact_templates_and_arguments","Resolved source path","common/scripted_effects/asoiaf_scripted_effects_artifacts.txt","11285","jomini_script_system.cpp:303","AGOT+","Script system error!
  Error: create_artifact effect [ Invalid artifact template 'vs_widows_wail_template' ]
  Script location: file: common/scripted_effects/asoiaf_scripted_effects_artifacts.txt line: 936 (asoiaf_create_artifact_widows_wail_effect_decision[args#1247474068])"
"Artifact_templates_and_arguments","Resolved source path","common/scripted_effects/asoiaf_scripted_effects_artifacts.txt","11289","jomini_script_system.cpp:303","AGOT+","Script system error!
  Error: create_artifact effect [ Invalid artifact template 'vs_widows_wail_template' ]
  Script location: file: common/scripted_effects/asoiaf_scripted_effects_artifacts.txt line: 785 (agot_create_artifact_vs_widows_wail_historical_effect[args#2425720076])"
"Artifact_templates_and_arguments","Resolved source path","common/scripted_effects/asoiaf_scripted_effects_artifacts.txt","11293","jomini_script_system.cpp:303","AGOT+","Script system error!
  Error: create_artifact effect [ Invalid artifact template 'vs_widows_wail_template' ]
  Script location: file: common/scripted_effects/asoiaf_scripted_effects_artifacts.txt line: 805 (agot_create_artifact_vs_widows_wail_historical_effect[args#2425720076])"
"Artifact_templates_and_arguments","Resolved source path","common/scripted_effects/asoiaf_scripted_effects_artifacts.txt","11313","jomini_script_system.cpp:303","AGOT+","Script system error!
  Error: create_artifact effect [ Invalid artifact template 'vs_longclaw_template' ]
  Script location: file: common/scripted_effects/asoiaf_scripted_effects_artifacts.txt line: 401 (agot_create_artifact_vs_longclaw_effect[args#2425720076])"
"Artifact_templates_and_arguments","Resolved source path","common/scripted_effects/asoiaf_scripted_effects_artifacts.txt","11317","jomini_script_system.cpp:303","AGOT+","Script system error!
  Error: create_artifact effect [ Invalid artifact template 'vs_longclaw_template' ]
  Script location: file: common/scripted_effects/asoiaf_scripted_effects_artifacts.txt line: 421 (agot_create_artifact_vs_longclaw_effect[args#2425720076])"
"Artifact_templates_and_arguments","Resolved source path","common/scripted_effects/asoiaf_scripted_effects_artifacts.txt","11321","jomini_script_system.cpp:303","AGOT+","Script system error!
  Error: create_artifact effect [ Invalid artifact template 'vs_ice_template' ]
  Script location: file: common/scripted_effects/asoiaf_scripted_effects_artifacts.txt line: 10 (agot_create_artifact_vs_ice_effect[args#2425720076])"
"Artifact_templates_and_arguments","Resolved source path","common/scripted_effects/asoiaf_scripted_effects_artifacts.txt","11325","jomini_script_system.cpp:303","AGOT+","Script system error!
  Error: create_artifact effect [ Invalid artifact template 'vs_ice_template' ]
  Script location: file: common/scripted_effects/asoiaf_scripted_effects_artifacts.txt line: 30 (agot_create_artifact_vs_ice_effect[args#2425720076])"
"Artifact_templates_and_arguments","Resolved source path","common/scripted_effects/asoiaf_scripted_effects_artifacts.txt","11329","jomini_script_system.cpp:303","AGOT+","Script system error!
  Error: create_artifact effect [ Invalid artifact template 'vs_heartsbane_template' ]
  Script location: file: common/scripted_effects/asoiaf_scripted_effects_artifacts.txt line: 235 (agot_create_artifact_vs_heartsbane_effect[args#2425720076])"
"Artifact_templates_and_arguments","Resolved source path","common/scripted_effects/asoiaf_scripted_effects_artifacts.txt","11333","jomini_script_system.cpp:303","AGOT+","Script system error!
  Error: create_artifact effect [ Invalid artifact template 'vs_heartsbane_template' ]
  Script location: file: common/scripted_effects/asoiaf_scripted_effects_artifacts.txt line: 253 (agot_create_artifact_vs_heartsbane_effect[args#2425720076])"
"Artifact_templates_and_arguments","Resolved source path","common/scripted_effects/asoiaf_scripted_effects_artifacts.txt","11337","jomini_script_system.cpp:303","AGOT+","Script system error!
  Error: create_artifact effect [ Invalid artifact template 'vs_dark_sister_template' ]
  Script location: file: common/scripted_effects/asoiaf_scripted_effects_artifacts.txt line: 1233 (agot_create_artifact_vs_dark_sister_effect[args#2425720076])"
"Artifact_templates_and_arguments","Resolved source path","common/scripted_effects/asoiaf_scripted_effects_artifacts.txt","11341","jomini_script_system.cpp:303","AGOT+","Script system error!
  Error: create_artifact effect [ Invalid artifact template 'vs_dark_sister_template' ]
  Script location: file: common/scripted_effects/asoiaf_scripted_effects_artifacts.txt line: 1261 (agot_create_artifact_vs_dark_sister_effect[args#2425720076])"
"Artifact_templates_and_arguments","Resolved source path","common/scripted_effects/asoiaf_scripted_effects_artifacts.txt","11345","jomini_script_system.cpp:303","AGOT+","Script system error!
  Error: create_artifact effect [ Invalid artifact template 'vs_dark_sister_template' ]
  Script location: file: common/scripted_effects/asoiaf_scripted_effects_artifacts.txt line: 1291 (agot_create_artifact_vs_dark_sister_effect[args#2425720076])"
"Character_history","Resolved source path","history/characters/asoiaf_char_dummies.txt","11889","pdx_persistent_reader.cpp:216","AGOT+","Error: ""Failed to read key reference: Forrester_asoiaf_1: Forrester_asoiaf_1, near line: 5190"" in file: ""history/characters/asoiaf_char_dummies.txt"" near line: 5190"
"Character_history","Resolved source path","history/characters/asoiaf_char_dummies.txt","11890","pdx_persistent_reader.cpp:216","AGOT+","Error: ""Unexpected token: birth, near line: 6606"" in file: ""history/characters/asoiaf_char_dummies.txt"" near line: 6606"
"Character_history","Resolved source path","history/characters/asoiaf_char_dummies.txt","11891","pdx_persistent_reader.cpp:216","AGOT+","Error: ""Unexpected token: effect, near line: 6607"" in file: ""history/characters/asoiaf_char_dummies.txt"" near line: 6607"
"Character_history","Resolved source path","history/characters/asoiaf_char_dummies.txt","11892","history.cpp:1014","AGOT+","No birth date for character at: file: history/characters/asoiaf_char_dummies.txt line: 6597"
"Character_history","Resolved source path","history/characters/asoiaf_char_dummies.txt","11893","pdx_persistent_reader.cpp:216","AGOT+","Error: ""Failed to read key reference: none: none, near line: 6647"" in file: ""history/characters/asoiaf_char_dummies.txt"" near line: 6647"
"Character_history","Resolved source path","history/characters/asoiaf_char_stormlands.txt","11894","pdx_persistent_reader.cpp:216","AGOT+","Error: ""Failed to read key reference: Baratheon_asoiaf_baby: Baratheon_asoiaf_baby, near line: 7"" in file: ""history/characters/asoiaf_char_stormlands.txt"" near line: 7"
"Character_history","Resolved source path","history/characters/asoiaf_char_vanity.txt","11895","pdx_persistent_reader.cpp:216","AGOT+","Error: ""Failed to read key reference: asoiaf_Toth_1: asoiaf_Toth_1, near line: 54"" in file: ""history/characters/asoiaf_char_vanity.txt"" near line: 54"
"Character_history","Resolved source path","history/characters/asoiaf_char_vanity.txt","11896","pdx_persistent_reader.cpp:216","AGOT+","Error: ""Failed to read key reference: asoiaf_Toth_rs_1: asoiaf_Toth_rs_1, near line: 84"" in file: ""history/characters/asoiaf_char_vanity.txt"" near line: 84"
"Character_history","Resolved source path","history/characters/asoiaf_char_vanity.txt","11897","pdx_persistent_reader.cpp:216","AGOT+","Error: ""Failed to read key reference: asoiaf_Erik_father: asoiaf_Erik_father, near line: 185"" in file: ""history/characters/asoiaf_char_vanity.txt"" near line: 185"
"Character_history","Resolved source path","history/characters/asoiaf_char_vanity.txt","11898","pdx_persistent_reader.cpp:216","AGOT+","Error: ""Failed to read key reference: asoiaf_Erik_mother: asoiaf_Erik_mother, near line: 215"" in file: ""history/characters/asoiaf_char_vanity.txt"" near line: 215"
"Character_history","Resolved source path","history/characters/asoiaf_char_vanity.txt","11899","pdx_persistent_reader.cpp:216","AGOT+","Error: ""Failed to read key reference: asoiaf_Henry_mother: asoiaf_Henry_mother, near line: 299"" in file: ""history/characters/asoiaf_char_vanity.txt"" near line: 299"
"Character_history","Resolved source path","history/characters/asoiaf_char_vanity.txt","11900","pdx_persistent_reader.cpp:216","AGOT+","Error: ""Failed to read key reference: asoiaf_Martin: asoiaf_Martin, near line: 347"" in file: ""history/characters/asoiaf_char_vanity.txt"" near line: 347"
"Character_history","Resolved source path","history/characters/asoiaf_char_vanity.txt","11901","pdx_persistent_reader.cpp:216","AGOT+","Error: ""Failed to read key reference: asoiaf_Kobyla_1: asoiaf_Kobyla_1, near line: 398"" in file: ""history/characters/asoiaf_char_vanity.txt"" near line: 398"
"Character_history","Resolved source path","history/characters/asoiaf_char_vanity.txt","11902","pdx_persistent_reader.cpp:216","AGOT+","Error: ""Failed to read key reference: asoiaf_Ronov_1: asoiaf_Ronov_1, near line: 522"" in file: ""history/characters/asoiaf_char_vanity.txt"" near line: 522"
"Character_history","Resolved source path","history/characters/asoiaf_char_vanity.txt","11903","pdx_persistent_reader.cpp:216","AGOT+","Error: ""Failed to read key reference: asoiaf_Ronov_rs_1: asoiaf_Ronov_rs_1, near line: 556"" in file: ""history/characters/asoiaf_char_vanity.txt"" near line: 556"
"Character_history","Resolved source path","history/characters/asoiaf_char_vanity.txt","11904","pdx_persistent_reader.cpp:216","AGOT+","Error: ""Failed to read key reference: asoiaf_Ronov_2: asoiaf_Ronov_2, near line: 583"" in file: ""history/characters/asoiaf_char_vanity.txt"" near line: 583"
"Character_history","Resolved source path","history/characters/asoiaf_char_vanity.txt","11905","pdx_persistent_reader.cpp:216","AGOT+","Error: ""Failed to read key reference: asoiaf_Ronov_rs_2: asoiaf_Ronov_rs_2, near line: 626"" in file: ""history/characters/asoiaf_char_vanity.txt"" near line: 626"
"Character_history","Resolved source path","history/characters/asoiaf_char_vanity.txt","11906","pdx_persistent_reader.cpp:216","AGOT+","Error: ""Failed to read key reference: asoiaf_Ronov_3: asoiaf_Ronov_3, near line: 653"" in file: ""history/characters/asoiaf_char_vanity.txt"" near line: 653"
"Character_history","Resolved source path","history/characters/asoiaf_char_vanity.txt","11907","pdx_persistent_reader.cpp:216","AGOT+","Error: ""Failed to read key reference: asoiaf_Ronov_rs_3: asoiaf_Ronov_rs_3, near line: 696"" in file: ""history/characters/asoiaf_char_vanity.txt"" near line: 696"
"Character_history","Resolved source path","history/characters/asoiaf_char_vanity.txt","11908","pdx_persistent_reader.cpp:216","AGOT+","Error: ""Failed to read key reference: asoiaf_Ronov_4: asoiaf_Ronov_4, near line: 723"" in file: ""history/characters/asoiaf_char_vanity.txt"" near line: 723"
"Character_history","Resolved source path","history/characters/asoiaf_char_vanity.txt","11909","pdx_persistent_reader.cpp:216","AGOT+","Error: ""Failed to read key reference: asoiaf_Ronov_5: asoiaf_Ronov_5, near line: 760"" in file: ""history/characters/asoiaf_char_vanity.txt"" near line: 760"
"Character_history","Resolved source path","history/characters/asoiaf_char_vanity.txt","11910","pdx_persistent_reader.cpp:216","AGOT+","Error: ""Failed to read key reference: asoiaf_Leipa_1: asoiaf_Leipa_1, near line: 797"" in file: ""history/characters/asoiaf_char_vanity.txt"" near line: 797"
"Character_history","Resolved source path","history/characters/asoiaf_char_vanity.txt","11911","pdx_persistent_reader.cpp:216","AGOT+","Error: ""Failed to read key reference: asoiaf_Leipa_rs_1: asoiaf_Leipa_rs_1, near line: 837"" in file: ""history/characters/asoiaf_char_vanity.txt"" near line: 837"
"Character_history","Resolved source path","history/characters/asoiaf_char_vanity.txt","11912","pdx_persistent_reader.cpp:216","AGOT+","Error: ""Failed to read key reference: asoiaf_Ronov_6: asoiaf_Ronov_6, near line: 864"" in file: ""history/characters/asoiaf_char_vanity.txt"" near line: 864"
"Character_history","Resolved source path","history/characters/asoiaf_char_vanity.txt","11913","pdx_persistent_reader.cpp:216","AGOT+","Error: ""Failed to read key reference: asoiaf_Ronov_rs_6: asoiaf_Ronov_rs_6, near line: 904"" in file: ""history/characters/asoiaf_char_vanity.txt"" near line: 904"
"Character_history","Resolved source path","history/characters/asoiaf_char_vanity.txt","11914","pdx_persistent_reader.cpp:216","AGOT+","Error: ""Failed to read key reference: asoiaf_Leipa_2: asoiaf_Leipa_2, near line: 936"" in file: ""history/characters/asoiaf_char_vanity.txt"" near line: 936"
"Character_history","Resolved source path","history/characters/asoiaf_char_vanity.txt","11915","pdx_persistent_reader.cpp:216","AGOT+","Error: ""Failed to read key reference: asoiaf_Leipa_rs_2: asoiaf_Leipa_rs_2, near line: 973"" in file: ""history/characters/asoiaf_char_vanity.txt"" near line: 973"
"Character_history","Resolved source path","history/characters/asoiaf_char_vanity.txt","11916","pdx_persistent_reader.cpp:216","AGOT+","Error: ""Failed to read key reference: asoiaf_Leipa_3: asoiaf_Leipa_3, near line: 1000"" in file: ""history/characters/asoiaf_char_vanity.txt"" near line: 1000"
"Character_history","Resolved source path","history/characters/asoiaf_char_vanity.txt","11917","pdx_persistent_reader.cpp:216","AGOT+","Error: ""Failed to read key reference: asoiaf_Leipa_rs_3: asoiaf_Leipa_rs_3, near line: 1051"" in file: ""history/characters/asoiaf_char_vanity.txt"" near line: 1051"
"Character_history","Resolved source path","history/characters/asoiaf_char_vanity.txt","11918","pdx_persistent_reader.cpp:216","AGOT+","Error: ""Failed to read key reference: asoiaf_Leipa_4: asoiaf_Leipa_4, near line: 1084"" in file: ""history/characters/asoiaf_char_vanity.txt"" near line: 1084"
"Character_history","Resolved source path","history/characters/asoiaf_char_vanity.txt","11919","pdx_persistent_reader.cpp:216","AGOT+","Error: ""Failed to read key reference: asoiaf_Leipa_rs_4: asoiaf_Leipa_rs_4, near line: 1129"" in file: ""history/characters/asoiaf_char_vanity.txt"" near line: 1129"
"Character_history","Resolved source path","history/characters/asoiaf_char_vanity.txt","11920","pdx_persistent_reader.cpp:216","AGOT+","Error: ""Failed to read key reference: asoiaf_Leipa_5: asoiaf_Leipa_5, near line: 1156"" in file: ""history/characters/asoiaf_char_vanity.txt"" near line: 1156"
"Character_history","Resolved source path","history/characters/asoiaf_char_vanity.txt","11921","pdx_persistent_reader.cpp:216","AGOT+","Error: ""Failed to read key reference: asoiaf_Leipa_6: asoiaf_Leipa_6, near line: 1186"" in file: ""history/characters/asoiaf_char_vanity.txt"" near line: 1186"
"Character_history","Resolved source path","history/characters/asoiaf_char_vanity.txt","11922","pdx_persistent_reader.cpp:216","AGOT+","Error: ""Failed to read key reference: asoiaf_Leipa_7: asoiaf_Leipa_7, near line: 1216"" in file: ""history/characters/asoiaf_char_vanity.txt"" near line: 1216"
"Character_history","Resolved source path","history/characters/asoiaf_char_vanity.txt","11923","pdx_persistent_reader.cpp:216","AGOT+","Error: ""Failed to read key reference: asoiaf_Leipa_8: asoiaf_Leipa_8, near line: 1253"" in file: ""history/characters/asoiaf_char_vanity.txt"" near line: 1253"
"Character_history","Resolved source path","history/characters/asoiaf_char_vanity.txt","11924","pdx_persistent_reader.cpp:216","AGOT+","Error: ""Failed to read key reference: asoiaf_Leipa_9: asoiaf_Leipa_9, near line: 1283"" in file: ""history/characters/asoiaf_char_vanity.txt"" near line: 1283"
"Character_history","Resolved source path","history/characters/asoiaf_char_vanity.txt","11925","pdx_persistent_reader.cpp:216","AGOT+","Error: ""Failed to read key reference: asoiaf_Leipa_10: asoiaf_Leipa_10, near line: 1320"" in file: ""history/characters/asoiaf_char_vanity.txt"" near line: 1320"
"Character_history","Resolved source path","history/characters/asoiaf_char_vanity.txt","11926","pdx_persistent_reader.cpp:216","AGOT+","Error: ""Failed to read key reference: asoiaf_Leipa_rs_10: asoiaf_Leipa_rs_10, near line: 1357"" in file: ""history/characters/asoiaf_char_vanity.txt"" near line: 1357"
"Character_history","Resolved source path","history/characters/asoiaf_char_vanity.txt","11927","pdx_persistent_reader.cpp:216","AGOT+","Error: ""Failed to read key reference: asoiaf_Leipa_11: asoiaf_Leipa_11, near line: 1384"" in file: ""history/characters/asoiaf_char_vanity.txt"" near line: 1384"
"Character_history","Resolved source path","history/characters/asoiaf_char_vanity.txt","11928","pdx_persistent_reader.cpp:216","AGOT+","Error: ""Failed to read key reference: asoiaf_Leipa_rs_11: asoiaf_Leipa_rs_11, near line: 1421"" in file: ""history/characters/asoiaf_char_vanity.txt"" near line: 1421"
"Character_history","Resolved source path","history/characters/asoiaf_char_vanity.txt","11929","pdx_persistent_reader.cpp:216","AGOT+","Error: ""Failed to read key reference: asoiaf_Capon_1: asoiaf_Capon_1, near line: 1451"" in file: ""history/characters/asoiaf_char_vanity.txt"" near line: 1451"
"Character_history","Resolved source path","history/characters/asoiaf_char_vanity.txt","11930","pdx_persistent_reader.cpp:216","AGOT+","Error: ""Failed to read key reference: asoiaf_Capon_rs_1: asoiaf_Capon_rs_1, near line: 1499"" in file: ""history/characters/asoiaf_char_vanity.txt"" near line: 1499"
"Character_history","Resolved source path","history/characters/asoiaf_char_vanity.txt","11931","pdx_persistent_reader.cpp:216","AGOT+","Error: ""Failed to read key reference: asoiaf_Leipa_13: asoiaf_Leipa_13, near line: 1633"" in file: ""history/characters/asoiaf_char_vanity.txt"" near line: 1633"
"Character_history","Resolved source path","history/characters/asoiaf_char_vanity.txt","11932","pdx_persistent_reader.cpp:216","AGOT+","Error: ""Failed to read key reference: asoiaf_Leipa_14: asoiaf_Leipa_14, near line: 1663"" in file: ""history/characters/asoiaf_char_vanity.txt"" near line: 1663"
"Character_history","Resolved source path","history/characters/asoiaf_char_vanity.txt","11933","pdx_persistent_reader.cpp:216","AGOT+","Error: ""Failed to read key reference: asoiaf_Leipa_15: asoiaf_Leipa_15, near line: 1700"" in file: ""history/characters/asoiaf_char_vanity.txt"" near line: 1700"
"Character_history","Resolved source path","history/characters/asoiaf_char_vanity.txt","11934","pdx_persistent_reader.cpp:216","AGOT+","Error: ""Failed to read key reference: asoiaf_Leipa_16: asoiaf_Leipa_16, near line: 1737"" in file: ""history/characters/asoiaf_char_vanity.txt"" near line: 1737"
"Character_history","Resolved source path","history/characters/asoiaf_char_vanity.txt","11935","pdx_persistent_reader.cpp:216","AGOT+","Error: ""Failed to read key reference: asoiaf_Leipa_17: asoiaf_Leipa_17, near line: 1767"" in file: ""history/characters/asoiaf_char_vanity.txt"" near line: 1767"
"Character_history","Resolved source path","history/characters/asoiaf_char_vanity.txt","11936","pdx_persistent_reader.cpp:216","AGOT+","Error: ""Failed to read key reference: asoiaf_Lichtenburg_1: asoiaf_Lichtenburg_1, near line: 1806"" in file: ""history/characters/asoiaf_char_vanity.txt"" near line: 1806"
"Character_history","Resolved source path","history/characters/asoiaf_char_vanity.txt","11937","pdx_persistent_reader.cpp:216","AGOT+","Error: ""Failed to read key reference: asoiaf_Lichtenburg_rs_1: asoiaf_Lichtenburg_rs_1, near line: 1846"" in file: ""history/characters/asoiaf_char_vanity.txt"" near line: 1846"
"Character_history","Resolved source path","history/characters/asoiaf_char_vanity.txt","11938","pdx_persistent_reader.cpp:216","AGOT+","Error: ""Failed to read key reference: asoiaf_Lichtenburg_rs_2: asoiaf_Lichtenburg_rs_2, near line: 1872"" in file: ""history/characters/asoiaf_char_vanity.txt"" near line: 1872"
"Character_history","Resolved source path","history/characters/asoiaf_char_vanity.txt","11939","pdx_persistent_reader.cpp:216","AGOT+","Error: ""Failed to read key reference: asoiaf_Lichtenburg_2: asoiaf_Lichtenburg_2, near line: 1902"" in file: ""history/characters/asoiaf_char_vanity.txt"" near line: 1902"
"Character_history","Resolved source path","history/characters/asoiaf_char_vanity.txt","11940","pdx_persistent_reader.cpp:216","AGOT+","Error: ""Failed to read key reference: asoiaf_Lichtenburg_3: asoiaf_Lichtenburg_3, near line: 1939"" in file: ""history/characters/asoiaf_char_vanity.txt"" near line: 1939"
"Character_history","Resolved source path","history/characters/asoiaf_char_vanity.txt","11941","pdx_persistent_reader.cpp:216","AGOT+","Error: ""Failed to read key reference: asoiaf_Lichtenburg_rs_3: asoiaf_Lichtenburg_rs_3, near line: 1976"" in file: ""history/characters/asoiaf_char_vanity.txt"" near line: 1976"
"Character_history","Resolved source path","history/characters/asoiaf_char_vanity.txt","11942","pdx_persistent_reader.cpp:216","AGOT+","Error: ""Failed to read key reference: asoiaf_Lichtenburg_4: asoiaf_Lichtenburg_4, near line: 2003"" in file: ""history/characters/asoiaf_char_vanity.txt"" near line: 2003"
"Character_history","Resolved source path","history/characters/asoiaf_char_vanity.txt","11943","pdx_persistent_reader.cpp:216","AGOT+","Error: ""Failed to read key reference: asoiaf_Lichtenburg_rs_4: asoiaf_Lichtenburg_rs_4, near line: 2043"" in file: ""history/characters/asoiaf_char_vanity.txt"" near line: 2043"
"Character_history","Resolved source path","history/characters/asoiaf_char_vanity.txt","11944","pdx_persistent_reader.cpp:216","AGOT+","Error: ""Failed to read key reference: asoiaf_Lichtenburg_5: asoiaf_Lichtenburg_5, near line: 2075"" in file: ""history/characters/asoiaf_char_vanity.txt"" near line: 2075"
"Character_history","Resolved source path","history/characters/asoiaf_char_vanity.txt","11945","pdx_persistent_reader.cpp:216","AGOT+","Error: ""Failed to read key reference: asoiaf_Lichtenburg_rs_5: asoiaf_Lichtenburg_rs_5, near line: 2112"" in file: ""history/characters/asoiaf_char_vanity.txt"" near line: 2112"
"Character_history","Resolved source path","history/characters/asoiaf_char_vanity.txt","11946","pdx_persistent_reader.cpp:216","AGOT+","Error: ""Failed to read key reference: asoiaf_Zleb_1: asoiaf_Zleb_1, near line: 2139"" in file: ""history/characters/asoiaf_char_vanity.txt"" near line: 2139"
"Character_history","Resolved source path","history/characters/asoiaf_char_vanity.txt","11947","pdx_persistent_reader.cpp:216","AGOT+","Error: ""Failed to read key reference: asoiaf_Zleb_rs_1: asoiaf_Zleb_rs_1, near line: 2176"" in file: ""history/characters/asoiaf_char_vanity.txt"" near line: 2176"
"Character_history","Resolved source path","history/characters/asoiaf_char_vanity.txt","11948","pdx_persistent_reader.cpp:216","AGOT+","Error: ""Failed to read key reference: asoiaf_Lichtenburg_6: asoiaf_Lichtenburg_6, near line: 2203"" in file: ""history/characters/asoiaf_char_vanity.txt"" near line: 2203"
"Character_history","Resolved source path","history/characters/asoiaf_char_vanity.txt","11949","pdx_persistent_reader.cpp:216","AGOT+","Error: ""Failed to read key reference: asoiaf_Lichtenburg_7: asoiaf_Lichtenburg_7, near line: 2240"" in file: ""history/characters/asoiaf_char_vanity.txt"" near line: 2240"
"Character_history","Resolved source path","history/characters/asoiaf_char_vanity.txt","11950","pdx_persistent_reader.cpp:216","AGOT+","Error: ""Failed to read key reference: asoiaf_Lichtenburg_rs_7: asoiaf_Lichtenburg_rs_7, near line: 2277"" in file: ""history/characters/asoiaf_char_vanity.txt"" near line: 2277"
"Character_history","Resolved source path","history/characters/asoiaf_char_vanity.txt","11951","pdx_persistent_reader.cpp:216","AGOT+","Error: ""Failed to read key reference: asoiaf_Lichtenburg_8: asoiaf_Lichtenburg_8, near line: 2307"" in file: ""history/characters/asoiaf_char_vanity.txt"" near line: 2307"
"Character_history","Resolved source path","history/characters/asoiaf_char_vanity.txt","11952","pdx_persistent_reader.cpp:216","AGOT+","Error: ""Failed to read key reference: asoiaf_Bitov_1: asoiaf_Bitov_1, near line: 2346"" in file: ""history/characters/asoiaf_char_vanity.txt"" near line: 2346"
"Character_history","Resolved source path","history/characters/asoiaf_char_vanity.txt","11953","pdx_persistent_reader.cpp:216","AGOT+","Error: ""Failed to read key reference: asoiaf_Bitov_rs_1: asoiaf_Bitov_rs_1, near line: 2383"" in file: ""history/characters/asoiaf_char_vanity.txt"" near line: 2383"
"Character_history","Resolved source path","history/characters/asoiaf_char_vanity.txt","11954","pdx_persistent_reader.cpp:216","AGOT+","Error: ""Failed to read key reference: asoiaf_Bitov_2: asoiaf_Bitov_2, near line: 2410"" in file: ""history/characters/asoiaf_char_vanity.txt"" near line: 2410"
"Character_history","Resolved source path","history/characters/asoiaf_char_vanity.txt","11955","pdx_persistent_reader.cpp:216","AGOT+","Error: ""Failed to read key reference: asoiaf_Bitov_3: asoiaf_Bitov_3, near line: 2447"" in file: ""history/characters/asoiaf_char_vanity.txt"" near line: 2447"
"Character_history","Resolved source path","history/characters/asoiaf_char_vanity.txt","11956","pdx_persistent_reader.cpp:216","AGOT+","Error: ""Failed to read key reference: asoiaf_Bitov_rs_3: asoiaf_Bitov_rs_3, near line: 2484"" in file: ""history/characters/asoiaf_char_vanity.txt"" near line: 2484"
"Character_history","Resolved source path","history/characters/asoiaf_char_vanity.txt","11957","pdx_persistent_reader.cpp:216","AGOT+","Error: ""Failed to read key reference: asoiaf_Bitov_4: asoiaf_Bitov_4, near line: 2511"" in file: ""history/characters/asoiaf_char_vanity.txt"" near line: 2511"
"Character_history","Resolved source path","history/characters/asoiaf_char_vanity.txt","11958","pdx_persistent_reader.cpp:216","AGOT+","Error: ""Failed to read key reference: asoiaf_Bitov_5: asoiaf_Bitov_5, near line: 2544"" in file: ""history/characters/asoiaf_char_vanity.txt"" near line: 2544"
"Character_history","Resolved source path","history/characters/asoiaf_char_vanity.txt","11959","pdx_persistent_reader.cpp:216","AGOT+","Error: ""Failed to read key reference: asoiaf_Bitov_6: asoiaf_Bitov_6, near line: 2574"" in file: ""history/characters/asoiaf_char_vanity.txt"" near line: 2574"
"Character_history","Resolved source path","history/characters/asoiaf_char_vanity.txt","11960","pdx_persistent_reader.cpp:216","AGOT+","Error: ""Failed to read key reference: asoiaf_Bitov_7: asoiaf_Bitov_7, near line: 2611"" in file: ""history/characters/asoiaf_char_vanity.txt"" near line: 2611"
"Character_history","Resolved source path","history/characters/asoiaf_char_vanity.txt","11961","pdx_persistent_reader.cpp:216","AGOT+","Error: ""Failed to read key reference: asoiaf_Bitov_8: asoiaf_Bitov_8, near line: 2650"" in file: ""history/characters/asoiaf_char_vanity.txt"" near line: 2650"
"Character_history","Resolved source path","history/characters/asoiaf_char_vanity.txt","11962","pdx_persistent_reader.cpp:216","AGOT+","Error: ""Failed to read key reference: asoiaf_Bitov_rs_8: asoiaf_Bitov_rs_8, near line: 2687"" in file: ""history/characters/asoiaf_char_vanity.txt"" near line: 2687"
"Character_history","Resolved source path","history/characters/asoiaf_char_vanity.txt","11963","pdx_persistent_reader.cpp:216","AGOT+","Error: ""Failed to read key reference: asoiaf_Bitov_9: asoiaf_Bitov_9, near line: 2714"" in file: ""history/characters/asoiaf_char_vanity.txt"" near line: 2714"
"Character_history","Resolved source path","history/characters/asoiaf_char_vanity.txt","11964","pdx_persistent_reader.cpp:216","AGOT+","Error: ""Failed to read key reference: asoiaf_Bitov_10: asoiaf_Bitov_10, near line: 2746"" in file: ""history/characters/asoiaf_char_vanity.txt"" near line: 2746"
"Character_history","Resolved source path","history/characters/asoiaf_char_vanity.txt","11965","pdx_persistent_reader.cpp:216","AGOT+","Error: ""Failed to read key reference: asoiaf_Bitov_11: asoiaf_Bitov_11, near line: 2783"" in file: ""history/characters/asoiaf_char_vanity.txt"" near line: 2783"
"Character_history","Resolved source path","history/characters/asoiaf_char_vanity.txt","11966","pdx_persistent_reader.cpp:216","AGOT+","Error: ""Failed to read key reference: asoiaf_Bitov_rs_11: asoiaf_Bitov_rs_11, near line: 2820"" in file: ""history/characters/asoiaf_char_vanity.txt"" near line: 2820"
"Character_history","Resolved source path","history/characters/asoiaf_char_vanity.txt","11967","pdx_persistent_reader.cpp:216","AGOT+","Error: ""Failed to read key reference: asoiaf_Bitov_12: asoiaf_Bitov_12, near line: 2847"" in file: ""history/characters/asoiaf_char_vanity.txt"" near line: 2847"
"Character_history","Resolved source path","history/characters/asoiaf_char_vanity.txt","11968","pdx_persistent_reader.cpp:216","AGOT+","Error: ""Failed to read key reference: asoiaf_Bitov_rs_12: asoiaf_Bitov_rs_12, near line: 2884"" in file: ""history/characters/asoiaf_char_vanity.txt"" near line: 2884"
"Character_history","Resolved source path","history/characters/asoiaf_char_vanity.txt","11969","pdx_persistent_reader.cpp:216","AGOT+","Error: ""Failed to read key reference: asoiaf_Bitov_13: asoiaf_Bitov_13, near line: 2911"" in file: ""history/characters/asoiaf_char_vanity.txt"" near line: 2911"
"Character_history","Resolved source path","history/characters/asoiaf_char_vanity.txt","11970","pdx_persistent_reader.cpp:216","AGOT+","Error: ""Failed to read key reference: asoiaf_Bitov_14: asoiaf_Bitov_14, near line: 2948"" in file: ""history/characters/asoiaf_char_vanity.txt"" near line: 2948"
"Character_history","Resolved source path","history/characters/asoiaf_char_vanity.txt","11971","pdx_persistent_reader.cpp:216","AGOT+","Error: ""Failed to read key reference: asoiaf_Bitov_15: asoiaf_Bitov_15, near line: 2985"" in file: ""history/characters/asoiaf_char_vanity.txt"" near line: 2985"
"Character_history","Resolved source path","history/characters/asoiaf_char_vanity.txt","11972","pdx_persistent_reader.cpp:216","AGOT+","Error: ""Failed to read key reference: asoiaf_Bitov_16: asoiaf_Bitov_16, near line: 3022"" in file: ""history/characters/asoiaf_char_vanity.txt"" near line: 3022"
"Character_history","Resolved source path","history/characters/asoiaf_char_vanity.txt","11973","pdx_persistent_reader.cpp:216","AGOT+","Error: ""Failed to read key reference: asoiaf_Bitov_17: asoiaf_Bitov_17, near line: 3059"" in file: ""history/characters/asoiaf_char_vanity.txt"" near line: 3059"
"Character_history","Resolved source path","history/characters/asoiaf_char_vanity.txt","11974","pdx_persistent_reader.cpp:216","AGOT+","Error: ""Failed to read key reference: asoiaf_Bitov_rs_17: asoiaf_Bitov_rs_17, near line: 3096"" in file: ""history/characters/asoiaf_char_vanity.txt"" near line: 3096"
"Character_history","Resolved source path","history/characters/asoiaf_char_vanity.txt","11975","pdx_persistent_reader.cpp:216","AGOT+","Error: ""Failed to read key reference: asoiaf_Bitov_18: asoiaf_Bitov_18, near line: 3123"" in file: ""history/characters/asoiaf_char_vanity.txt"" near line: 3123"
"Character_history","Resolved source path","history/characters/asoiaf_char_vanity.txt","11976","pdx_persistent_reader.cpp:216","AGOT+","Error: ""Failed to read key reference: asoiaf_Bitov_rs_18: asoiaf_Bitov_rs_18, near line: 3160"" in file: ""history/characters/asoiaf_char_vanity.txt"" near line: 3160"
"Character_history","Resolved source path","history/characters/asoiaf_char_vanity.txt","11977","pdx_persistent_reader.cpp:216","AGOT+","Error: ""Failed to read key reference: asoiaf_Bitov_19: asoiaf_Bitov_19, near line: 3187"" in file: ""history/characters/asoiaf_char_vanity.txt"" near line: 3187"
"Character_history","Resolved source path","history/characters/asoiaf_char_vanity.txt","11978","pdx_persistent_reader.cpp:216","AGOT+","Error: ""Failed to read key reference: asoiaf_Bitov_20: asoiaf_Bitov_20, near line: 3224"" in file: ""history/characters/asoiaf_char_vanity.txt"" near line: 3224"
"Character_history","Resolved source path","history/characters/asoiaf_char_vanity.txt","11979","pdx_persistent_reader.cpp:216","AGOT+","Error: ""Failed to read key reference: asoiaf_Bitov_21: asoiaf_Bitov_21, near line: 3261"" in file: ""history/characters/asoiaf_char_vanity.txt"" near line: 3261"
"Character_history","Resolved source path","history/characters/asoiaf_char_vanity.txt","11980","pdx_persistent_reader.cpp:216","AGOT+","Error: ""Failed to read key reference: asoiaf_Bitov_22: asoiaf_Bitov_22, near line: 3291"" in file: ""history/characters/asoiaf_char_vanity.txt"" near line: 3291"
"Character_history","Resolved source path","history/characters/asoiaf_char_vanity.txt","11981","pdx_persistent_reader.cpp:216","AGOT+","Error: ""Failed to read key reference: asoiaf_Bitov_23: asoiaf_Bitov_23, near line: 3328"" in file: ""history/characters/asoiaf_char_vanity.txt"" near line: 3328"
"Character_history","Resolved source path","history/characters/asoiaf_char_vanity.txt","11982","pdx_persistent_reader.cpp:216","AGOT+","Error: ""Failed to read key reference: asoiaf_Bitov_24: asoiaf_Bitov_24, near line: 3365"" in file: ""history/characters/asoiaf_char_vanity.txt"" near line: 3365"
"Character_history","Resolved source path","history/characters/asoiaf_char_vanity.txt","11983","pdx_persistent_reader.cpp:216","AGOT+","Error: ""Failed to read key reference: asoiaf_Bitov_rs_24: asoiaf_Bitov_rs_24, near line: 3402"" in file: ""history/characters/asoiaf_char_vanity.txt"" near line: 3402"
"Character_history","Resolved source path","history/characters/asoiaf_char_vanity.txt","11984","pdx_persistent_reader.cpp:216","AGOT+","Error: ""Failed to read key reference: asoiaf_Bitov_25: asoiaf_Bitov_25, near line: 3429"" in file: ""history/characters/asoiaf_char_vanity.txt"" near line: 3429"
"Character_history","Resolved source path","history/characters/asoiaf_char_vanity.txt","11985","pdx_persistent_reader.cpp:216","AGOT+","Error: ""Failed to read key reference: asoiaf_Bitov_26: asoiaf_Bitov_26, near line: 3466"" in file: ""history/characters/asoiaf_char_vanity.txt"" near line: 3466"
"Character_history","Resolved source path","history/characters/asoiaf_char_vanity.txt","11986","pdx_persistent_reader.cpp:216","AGOT+","Error: ""Failed to read key reference: asoiaf_Bitov_27: asoiaf_Bitov_27, near line: 3503"" in file: ""history/characters/asoiaf_char_vanity.txt"" near line: 3503"
"Character_history","Resolved source path","history/characters/asoiaf_char_vanity.txt","11987","pdx_persistent_reader.cpp:216","AGOT+","Error: ""Failed to read key reference: asoiaf_Bitov_28: asoiaf_Bitov_28, near line: 3533"" in file: ""history/characters/asoiaf_char_vanity.txt"" near line: 3533"
"Character_history","Resolved source path","history/characters/asoiaf_char_vanity.txt","11988","pdx_persistent_reader.cpp:216","AGOT+","Error: ""Failed to read key reference: asoiaf_Bitov_29: asoiaf_Bitov_29, near line: 3563"" in file: ""history/characters/asoiaf_char_vanity.txt"" near line: 3563"
"Character_history","Resolved source path","history/characters/asoiaf_char_vanity.txt","11989","pdx_persistent_reader.cpp:216","AGOT+","Error: ""Failed to read key reference: asoiaf_Bitov_rs_29: asoiaf_Bitov_rs_29, near line: 3600"" in file: ""history/characters/asoiaf_char_vanity.txt"" near line: 3600"
"Character_history","Resolved source path","history/characters/asoiaf_char_vanity.txt","11990","pdx_persistent_reader.cpp:216","AGOT+","Error: ""Failed to read key reference: asoiaf_Bitov_30: asoiaf_Bitov_30, near line: 3627"" in file: ""history/characters/asoiaf_char_vanity.txt"" near line: 3627"
"Character_history","Resolved source path","history/characters/asoiaf_char_stormlands.txt","11991","jomini_script_system.cpp:303","AGOT+","Script system error!
  Error: add_trait effect [ target: Not found in database class CTraitDatabase ]
  Script location: file: history/characters/asoiaf_char_stormlands.txt line: 152"
"Secondary_PostValidate","Resolved source path","history/characters/asoiaf_char_stormlands.txt","11995","jomini_effect.cpp:139","AGOT+","PostValidate of effect 'add_trait' returned false at file: history/characters/asoiaf_char_stormlands.txt line: 152"
