"BeforeCount","AfterCount","Difference","Category","Owner","ExampleLine","Component","Message","Signature"
"5","0","-5","History / title / faith reference error","AGOT+ | Исправления совместимости","10818","faith_links.cpp:223","Failed to scope to faith 'rhllor' at file: common/scripted_effects/asoiaf_setup_effects.txt line: 8439 (asoiaf_got_traits_effect)","faith_links.cpp:223 Failed to scope to faith 'rhllor' at file: common/scripted_effects/asoiaf_setup_effects.txt line: * (asoiaf_got_traits_effect)"
"2","0","-2","Script / database error","AGOT+","11532","jomini_effect.cpp:139","PostValidate of effect 'add_character_modifier' returned false at file: common/scripted_effects/asoiaf_assign_inactive_traits_effects.txt line: 813 (asoiaf_assign_inactive_traits_effect)","jomini_effect.cpp:139 PostValidate of effect 'add_character_modifier' returned false at file: common/scripted_effects/asoiaf_assign_inactive_traits_effects.txt line: * (asoiaf_assign_inactive_traits_effect)"
"1","0","-1","Script / database error","AGOT+","12552","jomini_effect.cpp:139","PostValidate of effect 'add_character_modifier' returned false at file: common/scripted_effects/asoiaf_canon_children_effects.txt line: 13359 (asoiaf_canon_children_Greyjoy_13_birth_effect:after_creation)","jomini_effect.cpp:139 PostValidate of effect 'add_character_modifier' returned false at file: common/scripted_effects/asoiaf_canon_children_effects.txt line: * (asoiaf_canon_children_Greyjoy_13_birth_effect:after_creation)"
"3","0","-3","Script / database error","AGOT+ | Исправления совместимости","11492","jomini_effect.cpp:139","PostValidate of effect 'add_trait' returned false at file: common/scripted_effects/asoiaf_setup_effects.txt line: 4310 (asoiaf_got_traits_effect)","jomini_effect.cpp:139 PostValidate of effect 'add_trait' returned false at file: common/scripted_effects/asoiaf_setup_effects.txt line: * (asoiaf_got_traits_effect)"
"1","0","-1","Script / database error","AGOT+","11792","jomini_effect.cpp:139","PostValidate of effect 'create_character' returned false at file: common/scripted_effects/asoiaf_canon_children_effects.txt line: 3248 (asoiaf_canon_children_Arryn_3_1_birth_effect)","jomini_effect.cpp:139 PostValidate of effect 'create_character' returned false at file: common/scripted_effects/asoiaf_canon_children_effects.txt line: * (asoiaf_canon_children_Arryn_3_1_birth_effect)"
"1","0","-1","Script / database error","AGOT+","11797","jomini_effect.cpp:139","PostValidate of effect 'create_character' returned false at file: common/scripted_effects/asoiaf_canon_children_effects.txt line: 3288 (asoiaf_canon_children_Arryn_3_2_birth_effect)","jomini_effect.cpp:139 PostValidate of effect 'create_character' returned false at file: common/scripted_effects/asoiaf_canon_children_effects.txt line: * (asoiaf_canon_children_Arryn_3_2_birth_effect)"
"1","0","-1","Script / database error","AGOT+","11787","jomini_effect.cpp:139","PostValidate of effect 'create_character' returned false at file: common/scripted_effects/asoiaf_canon_children_effects.txt line: 3203 (asoiaf_canon_children_Arryn_7_birth_effect)","jomini_effect.cpp:139 PostValidate of effect 'create_character' returned false at file: common/scripted_effects/asoiaf_canon_children_effects.txt line: * (asoiaf_canon_children_Arryn_7_birth_effect)"
"1","0","-1","Script / database error","AGOT+","11802","jomini_effect.cpp:139","PostValidate of effect 'create_character' returned false at file: common/scripted_effects/asoiaf_canon_children_effects.txt line: 3327 (asoiaf_canon_children_Arryn_8_birth_effect)","jomini_effect.cpp:139 PostValidate of effect 'create_character' returned false at file: common/scripted_effects/asoiaf_canon_children_effects.txt line: * (asoiaf_canon_children_Arryn_8_birth_effect)"
"1","0","-1","Script / database error","AGOT+","11667","jomini_effect.cpp:139","PostValidate of effect 'create_character' returned false at file: common/scripted_effects/asoiaf_canon_children_effects.txt line: 1364 (asoiaf_canon_children_Baratheon_1_birth_effect)","jomini_effect.cpp:139 PostValidate of effect 'create_character' returned false at file: common/scripted_effects/asoiaf_canon_children_effects.txt line: * (asoiaf_canon_children_Baratheon_1_birth_effect)"
"1","0","-1","Script / database error","AGOT+","11722","jomini_effect.cpp:139","PostValidate of effect 'create_character' returned false at file: common/scripted_effects/asoiaf_canon_children_effects.txt line: 2314 (asoiaf_canon_children_Baratheon_13_birth_effect)","jomini_effect.cpp:139 PostValidate of effect 'create_character' returned false at file: common/scripted_effects/asoiaf_canon_children_effects.txt line: * (asoiaf_canon_children_Baratheon_13_birth_effect)"
"1","0","-1","Script / database error","AGOT+","11687","jomini_effect.cpp:139","PostValidate of effect 'create_character' returned false at file: common/scripted_effects/asoiaf_canon_children_effects.txt line: 1634 (asoiaf_canon_children_Baratheon_2_1_birth_effect)","jomini_effect.cpp:139 PostValidate of effect 'create_character' returned false at file: common/scripted_effects/asoiaf_canon_children_effects.txt line: * (asoiaf_canon_children_Baratheon_2_1_birth_effect)"
"1","0","-1","Script / database error","AGOT+","11672","jomini_effect.cpp:139","PostValidate of effect 'create_character' returned false at file: common/scripted_effects/asoiaf_canon_children_effects.txt line: 1423 (asoiaf_canon_children_Baratheon_2_birth_effect)","jomini_effect.cpp:139 PostValidate of effect 'create_character' returned false at file: common/scripted_effects/asoiaf_canon_children_effects.txt line: * (asoiaf_canon_children_Baratheon_2_birth_effect)"
"1","0","-1","Script / database error","AGOT+","11707","jomini_effect.cpp:139","PostValidate of effect 'create_character' returned false at file: common/scripted_effects/asoiaf_canon_children_effects.txt line: 2167 (asoiaf_canon_children_Baratheon_3_1_birth_effect)","jomini_effect.cpp:139 PostValidate of effect 'create_character' returned false at file: common/scripted_effects/asoiaf_canon_children_effects.txt line: * (asoiaf_canon_children_Baratheon_3_1_birth_effect)"
"1","0","-1","Script / database error","AGOT+","11712","jomini_effect.cpp:139","PostValidate of effect 'create_character' returned false at file: common/scripted_effects/asoiaf_canon_children_effects.txt line: 2216 (asoiaf_canon_children_Baratheon_3_2_birth_effect)","jomini_effect.cpp:139 PostValidate of effect 'create_character' returned false at file: common/scripted_effects/asoiaf_canon_children_effects.txt line: * (asoiaf_canon_children_Baratheon_3_2_birth_effect)"
"1","0","-1","Script / database error","AGOT+","11717","jomini_effect.cpp:139","PostValidate of effect 'create_character' returned false at file: common/scripted_effects/asoiaf_canon_children_effects.txt line: 2265 (asoiaf_canon_children_Baratheon_3_3_birth_effect)","jomini_effect.cpp:139 PostValidate of effect 'create_character' returned false at file: common/scripted_effects/asoiaf_canon_children_effects.txt line: * (asoiaf_canon_children_Baratheon_3_3_birth_effect)"
"1","0","-1","Script / database error","AGOT+","11677","jomini_effect.cpp:139","PostValidate of effect 'create_character' returned false at file: common/scripted_effects/asoiaf_canon_children_effects.txt line: 1488 (asoiaf_canon_children_Baratheon_3_birth_effect)","jomini_effect.cpp:139 PostValidate of effect 'create_character' returned false at file: common/scripted_effects/asoiaf_canon_children_effects.txt line: * (asoiaf_canon_children_Baratheon_3_birth_effect)"
"1","0","-1","Script / database error","AGOT+","11682","jomini_effect.cpp:139","PostValidate of effect 'create_character' returned false at file: common/scripted_effects/asoiaf_canon_children_effects.txt line: 1560 (asoiaf_canon_children_Baratheon_4_birth_effect)","jomini_effect.cpp:139 PostValidate of effect 'create_character' returned false at file: common/scripted_effects/asoiaf_canon_children_effects.txt line: * (asoiaf_canon_children_Baratheon_4_birth_effect)"
"1","0","-1","Script / database error","AGOT+","11692","jomini_effect.cpp:139","PostValidate of effect 'create_character' returned false at file: common/scripted_effects/asoiaf_canon_children_effects.txt line: 1706 (asoiaf_canon_children_Baratheon_5_birth_effect)","jomini_effect.cpp:139 PostValidate of effect 'create_character' returned false at file: common/scripted_effects/asoiaf_canon_children_effects.txt line: * (asoiaf_canon_children_Baratheon_5_birth_effect)"
"1","0","-1","Script / database error","AGOT+","11697","jomini_effect.cpp:139","PostValidate of effect 'create_character' returned false at file: common/scripted_effects/asoiaf_canon_children_effects.txt line: 1854 (asoiaf_canon_children_Baratheon_6_birth_effect)","jomini_effect.cpp:139 PostValidate of effect 'create_character' returned false at file: common/scripted_effects/asoiaf_canon_children_effects.txt line: * (asoiaf_canon_children_Baratheon_6_birth_effect)"
"1","0","-1","Script / database error","AGOT+","11702","jomini_effect.cpp:139","PostValidate of effect 'create_character' returned false at file: common/scripted_effects/asoiaf_canon_children_effects.txt line: 1996 (asoiaf_canon_children_Baratheon_7_birth_effect)","jomini_effect.cpp:139 PostValidate of effect 'create_character' returned false at file: common/scripted_effects/asoiaf_canon_children_effects.txt line: * (asoiaf_canon_children_Baratheon_7_birth_effect)"
"1","0","-1","Script / database error","AGOT+","12457","jomini_effect.cpp:139","PostValidate of effect 'create_character' returned false at file: common/scripted_effects/asoiaf_canon_children_effects.txt line: 12356 (asoiaf_canon_children_Dayne_3_birth_effect)","jomini_effect.cpp:139 PostValidate of effect 'create_character' returned false at file: common/scripted_effects/asoiaf_canon_children_effects.txt line: * (asoiaf_canon_children_Dayne_3_birth_effect)"
"1","0","-1","Script / database error","AGOT+","12467","jomini_effect.cpp:139","PostValidate of effect 'create_character' returned false at file: common/scripted_effects/asoiaf_canon_children_effects.txt line: 12453 (asoiaf_canon_children_Dayne_4_birth_effect)","jomini_effect.cpp:139 PostValidate of effect 'create_character' returned false at file: common/scripted_effects/asoiaf_canon_children_effects.txt line: * (asoiaf_canon_children_Dayne_4_birth_effect)"
"1","0","-1","Script / database error","AGOT+","12462","jomini_effect.cpp:139","PostValidate of effect 'create_character' returned false at file: common/scripted_effects/asoiaf_canon_children_effects.txt line: 12389 (asoiaf_canon_children_Dayne_5_birth_effect)","jomini_effect.cpp:139 PostValidate of effect 'create_character' returned false at file: common/scripted_effects/asoiaf_canon_children_effects.txt line: * (asoiaf_canon_children_Dayne_5_birth_effect)"
"1","0","-1","Script / database error","AGOT+","12472","jomini_effect.cpp:139","PostValidate of effect 'create_character' returned false at file: common/scripted_effects/asoiaf_canon_children_effects.txt line: 12506 (asoiaf_canon_children_Dayne_6_birth_effect)","jomini_effect.cpp:139 PostValidate of effect 'create_character' returned false at file: common/scripted_effects/asoiaf_canon_children_effects.txt line: * (asoiaf_canon_children_Dayne_6_birth_effect)"
"1","0","-1","Script / database error","AGOT+","12477","jomini_effect.cpp:139","PostValidate of effect 'create_character' returned false at file: common/scripted_effects/asoiaf_canon_children_effects.txt line: 12545 (asoiaf_canon_children_Dayne_7_birth_effect)","jomini_effect.cpp:139 PostValidate of effect 'create_character' returned false at file: common/scripted_effects/asoiaf_canon_children_effects.txt line: * (asoiaf_canon_children_Dayne_7_birth_effect)"
"1","0","-1","Script / database error","AGOT+","12537","jomini_effect.cpp:139","PostValidate of effect 'create_character' returned false at file: common/scripted_effects/asoiaf_canon_children_effects.txt line: 13222 (asoiaf_canon_children_Greyjoy_11_birth_effect)","jomini_effect.cpp:139 PostValidate of effect 'create_character' returned false at file: common/scripted_effects/asoiaf_canon_children_effects.txt line: * (asoiaf_canon_children_Greyjoy_11_birth_effect)"
"1","0","-1","Script / database error","AGOT+","12542","jomini_effect.cpp:139","PostValidate of effect 'create_character' returned false at file: common/scripted_effects/asoiaf_canon_children_effects.txt line: 13279 (asoiaf_canon_children_Greyjoy_12_birth_effect)","jomini_effect.cpp:139 PostValidate of effect 'create_character' returned false at file: common/scripted_effects/asoiaf_canon_children_effects.txt line: * (asoiaf_canon_children_Greyjoy_12_birth_effect)"
"1","0","-1","Script / database error","AGOT+","12547","jomini_effect.cpp:139","PostValidate of effect 'create_character' returned false at file: common/scripted_effects/asoiaf_canon_children_effects.txt line: 13333 (asoiaf_canon_children_Greyjoy_13_birth_effect)","jomini_effect.cpp:139 PostValidate of effect 'create_character' returned false at file: common/scripted_effects/asoiaf_canon_children_effects.txt line: * (asoiaf_canon_children_Greyjoy_13_birth_effect)"
"1","0","-1","Script / database error","AGOT+","12557","jomini_effect.cpp:139","PostValidate of effect 'create_character' returned false at file: common/scripted_effects/asoiaf_canon_children_effects.txt line: 13408 (asoiaf_canon_children_Greyjoy_14_birth_effect)","jomini_effect.cpp:139 PostValidate of effect 'create_character' returned false at file: common/scripted_effects/asoiaf_canon_children_effects.txt line: * (asoiaf_canon_children_Greyjoy_14_birth_effect)"
"1","0","-1","Script / database error","AGOT+","12037","jomini_effect.cpp:139","PostValidate of effect 'create_character' returned false at file: common/scripted_effects/asoiaf_canon_children_effects.txt line: 6181 (asoiaf_canon_children_Hammer_1_birth_effect)","jomini_effect.cpp:139 PostValidate of effect 'create_character' returned false at file: common/scripted_effects/asoiaf_canon_children_effects.txt line: * (asoiaf_canon_children_Hammer_1_birth_effect)"
"1","0","-1","Script / database error","AGOT+","12042","jomini_effect.cpp:139","PostValidate of effect 'create_character' returned false at file: common/scripted_effects/asoiaf_canon_children_effects.txt line: 6234 (asoiaf_canon_children_Hammer_2_birth_effect)","jomini_effect.cpp:139 PostValidate of effect 'create_character' returned false at file: common/scripted_effects/asoiaf_canon_children_effects.txt line: * (asoiaf_canon_children_Hammer_2_birth_effect)"
"1","0","-1","Script / database error","AGOT+","11867","jomini_effect.cpp:139","PostValidate of effect 'create_character' returned false at file: common/scripted_effects/asoiaf_canon_children_effects.txt line: 4094 (asoiaf_canon_children_Hightower_96_birth_effect)","jomini_effect.cpp:139 PostValidate of effect 'create_character' returned false at file: common/scripted_effects/asoiaf_canon_children_effects.txt line: * (asoiaf_canon_children_Hightower_96_birth_effect)"
"1","0","-1","Script / database error","AGOT+","11872","jomini_effect.cpp:139","PostValidate of effect 'create_character' returned false at file: common/scripted_effects/asoiaf_canon_children_effects.txt line: 4139 (asoiaf_canon_children_Hightower_97_birth_effect)","jomini_effect.cpp:139 PostValidate of effect 'create_character' returned false at file: common/scripted_effects/asoiaf_canon_children_effects.txt line: * (asoiaf_canon_children_Hightower_97_birth_effect)"
"1","0","-1","Script / database error","AGOT+","11877","jomini_effect.cpp:139","PostValidate of effect 'create_character' returned false at file: common/scripted_effects/asoiaf_canon_children_effects.txt line: 4196 (asoiaf_canon_children_Hightower_98_birth_effect)","jomini_effect.cpp:139 PostValidate of effect 'create_character' returned false at file: common/scripted_effects/asoiaf_canon_children_effects.txt line: * (asoiaf_canon_children_Hightower_98_birth_effect)"
"1","0","-1","Script / database error","AGOT+","11882","jomini_effect.cpp:139","PostValidate of effect 'create_character' returned false at file: common/scripted_effects/asoiaf_canon_children_effects.txt line: 4238 (asoiaf_canon_children_Hightower_99_birth_effect)","jomini_effect.cpp:139 PostValidate of effect 'create_character' returned false at file: common/scripted_effects/asoiaf_canon_children_effects.txt line: * (asoiaf_canon_children_Hightower_99_birth_effect)"
"1","0","-1","Script / database error","AGOT+","11727","jomini_effect.cpp:139","PostValidate of effect 'create_character' returned false at file: common/scripted_effects/asoiaf_canon_children_effects.txt line: 2374 (asoiaf_canon_children_Lannister_1_birth_effect)","jomini_effect.cpp:139 PostValidate of effect 'create_character' returned false at file: common/scripted_effects/asoiaf_canon_children_effects.txt line: * (asoiaf_canon_children_Lannister_1_birth_effect)"
"2","0","-2","Script / database error","AGOT+","11772","jomini_effect.cpp:139","PostValidate of effect 'create_character' returned false at file: common/scripted_effects/asoiaf_canon_children_effects.txt line: 3042 (asoiaf_canon_children_Lannister_10_and_11_birth_effect)","jomini_effect.cpp:139 PostValidate of effect 'create_character' returned false at file: common/scripted_effects/asoiaf_canon_children_effects.txt line: * (asoiaf_canon_children_Lannister_10_and_11_birth_effect)"
"1","0","-1","Script / database error","AGOT+","11782","jomini_effect.cpp:139","PostValidate of effect 'create_character' returned false at file: common/scripted_effects/asoiaf_canon_children_effects.txt line: 3142 (asoiaf_canon_children_Lannister_12_birth_effect)","jomini_effect.cpp:139 PostValidate of effect 'create_character' returned false at file: common/scripted_effects/asoiaf_canon_children_effects.txt line: * (asoiaf_canon_children_Lannister_12_birth_effect)"
"1","0","-1","Script / database error","AGOT+","11732","jomini_effect.cpp:139","PostValidate of effect 'create_character' returned false at file: common/scripted_effects/asoiaf_canon_children_effects.txt line: 2458 (asoiaf_canon_children_Lannister_2_birth_effect)","jomini_effect.cpp:139 PostValidate of effect 'create_character' returned false at file: common/scripted_effects/asoiaf_canon_children_effects.txt line: * (asoiaf_canon_children_Lannister_2_birth_effect)"
"1","0","-1","Script / database error","AGOT+","11737","jomini_effect.cpp:139","PostValidate of effect 'create_character' returned false at file: common/scripted_effects/asoiaf_canon_children_effects.txt line: 2530 (asoiaf_canon_children_Lannister_3_birth_effect)","jomini_effect.cpp:139 PostValidate of effect 'create_character' returned false at file: common/scripted_effects/asoiaf_canon_children_effects.txt line: * (asoiaf_canon_children_Lannister_3_birth_effect)"
"1","0","-1","Script / database error","AGOT+","11742","jomini_effect.cpp:139","PostValidate of effect 'create_character' returned false at file: common/scripted_effects/asoiaf_canon_children_effects.txt line: 2581 (asoiaf_canon_children_Lannister_4_birth_effect)","jomini_effect.cpp:139 PostValidate of effect 'create_character' returned false at file: common/scripted_effects/asoiaf_canon_children_effects.txt line: * (asoiaf_canon_children_Lannister_4_birth_effect)"
"1","0","-1","Script / database error","AGOT+","11747","jomini_effect.cpp:139","PostValidate of effect 'create_character' returned false at file: common/scripted_effects/asoiaf_canon_children_effects.txt line: 2635 (asoiaf_canon_children_Lannister_5_birth_effect)","jomini_effect.cpp:139 PostValidate of effect 'create_character' returned false at file: common/scripted_effects/asoiaf_canon_children_effects.txt line: * (asoiaf_canon_children_Lannister_5_birth_effect)"
"2","0","-2","Script / database error","AGOT+","11752","jomini_effect.cpp:139","PostValidate of effect 'create_character' returned false at file: common/scripted_effects/asoiaf_canon_children_effects.txt line: 2706 (asoiaf_canon_children_Lannister_6_and_7_birth_effect)","jomini_effect.cpp:139 PostValidate of effect 'create_character' returned false at file: common/scripted_effects/asoiaf_canon_children_effects.txt line: * (asoiaf_canon_children_Lannister_6_and_7_birth_effect)"
"1","0","-1","Script / database error","AGOT+","11762","jomini_effect.cpp:139","PostValidate of effect 'create_character' returned false at file: common/scripted_effects/asoiaf_canon_children_effects.txt line: 2866 (asoiaf_canon_children_Lannister_8_birth_effect)","jomini_effect.cpp:139 PostValidate of effect 'create_character' returned false at file: common/scripted_effects/asoiaf_canon_children_effects.txt line: * (asoiaf_canon_children_Lannister_8_birth_effect)"
"1","0","-1","Script / database error","AGOT+","11767","jomini_effect.cpp:139","PostValidate of effect 'create_character' returned false at file: common/scripted_effects/asoiaf_canon_children_effects.txt line: 2987 (asoiaf_canon_children_Lannister_9_birth_effect)","jomini_effect.cpp:139 PostValidate of effect 'create_character' returned false at file: common/scripted_effects/asoiaf_canon_children_effects.txt line: * (asoiaf_canon_children_Lannister_9_birth_effect)"
"1","0","-1","Script / database error","AGOT+","12447","jomini_effect.cpp:139","PostValidate of effect 'create_character' returned false at file: common/scripted_effects/asoiaf_canon_children_effects.txt line: 12220 (asoiaf_canon_children_Martell_10_birth_effect)","jomini_effect.cpp:139 PostValidate of effect 'create_character' returned false at file: common/scripted_effects/asoiaf_canon_children_effects.txt line: * (asoiaf_canon_children_Martell_10_birth_effect)"
"1","0","-1","Script / database error","AGOT+","12452","jomini_effect.cpp:139","PostValidate of effect 'create_character' returned false at file: common/scripted_effects/asoiaf_canon_children_effects.txt line: 12285 (asoiaf_canon_children_Martell_11_birth_effect)","jomini_effect.cpp:139 PostValidate of effect 'create_character' returned false at file: common/scripted_effects/asoiaf_canon_children_effects.txt line: * (asoiaf_canon_children_Martell_11_birth_effect)"
"1","0","-1","Script / database error","AGOT+","12442","jomini_effect.cpp:139","PostValidate of effect 'create_character' returned false at file: common/scripted_effects/asoiaf_canon_children_effects.txt line: 12159 (asoiaf_canon_children_Martell_9_birth_effect)","jomini_effect.cpp:139 PostValidate of effect 'create_character' returned false at file: common/scripted_effects/asoiaf_canon_children_effects.txt line: * (asoiaf_canon_children_Martell_9_birth_effect)"
"1","0","-1","Script / database error","AGOT+","11657","jomini_effect.cpp:139","PostValidate of effect 'create_character' returned false at file: common/scripted_effects/asoiaf_canon_children_effects.txt line: 1252 (asoiaf_canon_children_Reed_2_birth_effect)","jomini_effect.cpp:139 PostValidate of effect 'create_character' returned false at file: common/scripted_effects/asoiaf_canon_children_effects.txt line: * (asoiaf_canon_children_Reed_2_birth_effect)"
"1","0","-1","Script / database error","AGOT+","11662","jomini_effect.cpp:139","PostValidate of effect 'create_character' returned false at file: common/scripted_effects/asoiaf_canon_children_effects.txt line: 1304 (asoiaf_canon_children_Reed_3_birth_effect)","jomini_effect.cpp:139 PostValidate of effect 'create_character' returned false at file: common/scripted_effects/asoiaf_canon_children_effects.txt line: * (asoiaf_canon_children_Reed_3_birth_effect)"
"1","0","-1","Script / database error","AGOT+","11647","jomini_effect.cpp:139","PostValidate of effect 'create_character' returned false at file: common/scripted_effects/asoiaf_canon_children_effects.txt line: 1159 (asoiaf_canon_children_Stark_10_birth_effect)","jomini_effect.cpp:139 PostValidate of effect 'create_character' returned false at file: common/scripted_effects/asoiaf_canon_children_effects.txt line: * (asoiaf_canon_children_Stark_10_birth_effect)"
"1","0","-1","Script / database error","AGOT+","11592","jomini_effect.cpp:139","PostValidate of effect 'create_character' returned false at file: common/scripted_effects/asoiaf_canon_children_effects.txt line: 585 (asoiaf_canon_children_Stark_100_birth_effect)","jomini_effect.cpp:139 PostValidate of effect 'create_character' returned false at file: common/scripted_effects/asoiaf_canon_children_effects.txt line: * (asoiaf_canon_children_Stark_100_birth_effect)"
"1","0","-1","Script / database error","AGOT+","11597","jomini_effect.cpp:139","PostValidate of effect 'create_character' returned false at file: common/scripted_effects/asoiaf_canon_children_effects.txt line: 618 (asoiaf_canon_children_Stark_101_birth_effect)","jomini_effect.cpp:139 PostValidate of effect 'create_character' returned false at file: common/scripted_effects/asoiaf_canon_children_effects.txt line: * (asoiaf_canon_children_Stark_101_birth_effect)"
"1","0","-1","Script / database error","AGOT+","11602","jomini_effect.cpp:139","PostValidate of effect 'create_character' returned false at file: common/scripted_effects/asoiaf_canon_children_effects.txt line: 651 (asoiaf_canon_children_Stark_102_birth_effect)","jomini_effect.cpp:139 PostValidate of effect 'create_character' returned false at file: common/scripted_effects/asoiaf_canon_children_effects.txt line: * (asoiaf_canon_children_Stark_102_birth_effect)"
"1","0","-1","Script / database error","AGOT+","11607","jomini_effect.cpp:139","PostValidate of effect 'create_character' returned false at file: common/scripted_effects/asoiaf_canon_children_effects.txt line: 696 (asoiaf_canon_children_Stark_103_birth_effect)","jomini_effect.cpp:139 PostValidate of effect 'create_character' returned false at file: common/scripted_effects/asoiaf_canon_children_effects.txt line: * (asoiaf_canon_children_Stark_103_birth_effect)"
"1","0","-1","Script / database error","AGOT+","11652","jomini_effect.cpp:139","PostValidate of effect 'create_character' returned false at file: common/scripted_effects/asoiaf_canon_children_effects.txt line: 1204 (asoiaf_canon_children_Stark_11_birth_effect)","jomini_effect.cpp:139 PostValidate of effect 'create_character' returned false at file: common/scripted_effects/asoiaf_canon_children_effects.txt line: * (asoiaf_canon_children_Stark_11_birth_effect)"
"1","0","-1","Script / database error","AGOT+","11612","jomini_effect.cpp:139","PostValidate of effect 'create_character' returned false at file: common/scripted_effects/asoiaf_canon_children_effects.txt line: 729 (asoiaf_canon_children_Stark_2_birth_effect)","jomini_effect.cpp:139 PostValidate of effect 'create_character' returned false at file: common/scripted_effects/asoiaf_canon_children_effects.txt line: * (asoiaf_canon_children_Stark_2_birth_effect)"
"1","0","-1","Script / database error","AGOT+","11617","jomini_effect.cpp:139","PostValidate of effect 'create_character' returned false at file: common/scripted_effects/asoiaf_canon_children_effects.txt line: 790 (asoiaf_canon_children_Stark_3_birth_effect)","jomini_effect.cpp:139 PostValidate of effect 'create_character' returned false at file: common/scripted_effects/asoiaf_canon_children_effects.txt line: * (asoiaf_canon_children_Stark_3_birth_effect)"
"1","0","-1","Script / database error","AGOT+","11627","jomini_effect.cpp:139","PostValidate of effect 'create_character' returned false at file: common/scripted_effects/asoiaf_canon_children_effects.txt line: 918 (asoiaf_canon_children_Stark_4_birth_effect)","jomini_effect.cpp:139 PostValidate of effect 'create_character' returned false at file: common/scripted_effects/asoiaf_canon_children_effects.txt line: * (asoiaf_canon_children_Stark_4_birth_effect)"
"1","0","-1","Script / database error","AGOT+","11622","jomini_effect.cpp:139","PostValidate of effect 'create_character' returned false at file: common/scripted_effects/asoiaf_canon_children_effects.txt line: 856 (asoiaf_canon_children_Stark_5_birth_effect)","jomini_effect.cpp:139 PostValidate of effect 'create_character' returned false at file: common/scripted_effects/asoiaf_canon_children_effects.txt line: * (asoiaf_canon_children_Stark_5_birth_effect)"
"1","0","-1","Script / database error","AGOT+","11632","jomini_effect.cpp:139","PostValidate of effect 'create_character' returned false at file: common/scripted_effects/asoiaf_canon_children_effects.txt line: 977 (asoiaf_canon_children_Stark_6_birth_effect)","jomini_effect.cpp:139 PostValidate of effect 'create_character' returned false at file: common/scripted_effects/asoiaf_canon_children_effects.txt line: * (asoiaf_canon_children_Stark_6_birth_effect)"
"1","0","-1","Script / database error","AGOT+","12417","jomini_effect.cpp:139","PostValidate of effect 'create_character' returned false at file: common/scripted_effects/asoiaf_canon_children_effects.txt line: 11571 (asoiaf_canon_children_Stark_7_birth_effect)","jomini_effect.cpp:139 PostValidate of effect 'create_character' returned false at file: common/scripted_effects/asoiaf_canon_children_effects.txt line: * (asoiaf_canon_children_Stark_7_birth_effect)"
"1","0","-1","Script / database error","AGOT+","11637","jomini_effect.cpp:139","PostValidate of effect 'create_character' returned false at file: common/scripted_effects/asoiaf_canon_children_effects.txt line: 1045 (asoiaf_canon_children_Stark_8_birth_effect)","jomini_effect.cpp:139 PostValidate of effect 'create_character' returned false at file: common/scripted_effects/asoiaf_canon_children_effects.txt line: * (asoiaf_canon_children_Stark_8_birth_effect)"
"1","0","-1","Script / database error","AGOT+","11547","jomini_effect.cpp:139","PostValidate of effect 'create_character' returned false at file: common/scripted_effects/asoiaf_canon_children_effects.txt line: 124 (asoiaf_canon_children_Stark_86_birth_effect)","jomini_effect.cpp:139 PostValidate of effect 'create_character' returned false at file: common/scripted_effects/asoiaf_canon_children_effects.txt line: * (asoiaf_canon_children_Stark_86_birth_effect)"
"1","0","-1","Script / database error","AGOT+","11552","jomini_effect.cpp:139","PostValidate of effect 'create_character' returned false at file: common/scripted_effects/asoiaf_canon_children_effects.txt line: 180 (asoiaf_canon_children_Stark_87_birth_effect)","jomini_effect.cpp:139 PostValidate of effect 'create_character' returned false at file: common/scripted_effects/asoiaf_canon_children_effects.txt line: * (asoiaf_canon_children_Stark_87_birth_effect)"
"1","0","-1","Script / database error","AGOT+","11557","jomini_effect.cpp:139","PostValidate of effect 'create_character' returned false at file: common/scripted_effects/asoiaf_canon_children_effects.txt line: 219 (asoiaf_canon_children_Stark_88_birth_effect)","jomini_effect.cpp:139 PostValidate of effect 'create_character' returned false at file: common/scripted_effects/asoiaf_canon_children_effects.txt line: * (asoiaf_canon_children_Stark_88_birth_effect)"
"1","0","-1","Script / database error","AGOT+","11642","jomini_effect.cpp:139","PostValidate of effect 'create_character' returned false at file: common/scripted_effects/asoiaf_canon_children_effects.txt line: 1099 (asoiaf_canon_children_Stark_9_birth_effect)","jomini_effect.cpp:139 PostValidate of effect 'create_character' returned false at file: common/scripted_effects/asoiaf_canon_children_effects.txt line: * (asoiaf_canon_children_Stark_9_birth_effect)"
"1","0","-1","Script / database error","AGOT+","11562","jomini_effect.cpp:139","PostValidate of effect 'create_character' returned false at file: common/scripted_effects/asoiaf_canon_children_effects.txt line: 356 (asoiaf_canon_children_Stark_94_birth_effect)","jomini_effect.cpp:139 PostValidate of effect 'create_character' returned false at file: common/scripted_effects/asoiaf_canon_children_effects.txt line: * (asoiaf_canon_children_Stark_94_birth_effect)"
"1","0","-1","Script / database error","AGOT+","11567","jomini_effect.cpp:139","PostValidate of effect 'create_character' returned false at file: common/scripted_effects/asoiaf_canon_children_effects.txt line: 418 (asoiaf_canon_children_Stark_95_birth_effect)","jomini_effect.cpp:139 PostValidate of effect 'create_character' returned false at file: common/scripted_effects/asoiaf_canon_children_effects.txt line: * (asoiaf_canon_children_Stark_95_birth_effect)"
"1","0","-1","Script / database error","AGOT+","11572","jomini_effect.cpp:139","PostValidate of effect 'create_character' returned false at file: common/scripted_effects/asoiaf_canon_children_effects.txt line: 451 (asoiaf_canon_children_Stark_96_birth_effect)","jomini_effect.cpp:139 PostValidate of effect 'create_character' returned false at file: common/scripted_effects/asoiaf_canon_children_effects.txt line: * (asoiaf_canon_children_Stark_96_birth_effect)"
"1","0","-1","Script / database error","AGOT+","11577","jomini_effect.cpp:139","PostValidate of effect 'create_character' returned false at file: common/scripted_effects/asoiaf_canon_children_effects.txt line: 484 (asoiaf_canon_children_Stark_97_birth_effect)","jomini_effect.cpp:139 PostValidate of effect 'create_character' returned false at file: common/scripted_effects/asoiaf_canon_children_effects.txt line: * (asoiaf_canon_children_Stark_97_birth_effect)"
"1","0","-1","Script / database error","AGOT+","11582","jomini_effect.cpp:139","PostValidate of effect 'create_character' returned false at file: common/scripted_effects/asoiaf_canon_children_effects.txt line: 517 (asoiaf_canon_children_Stark_98_birth_effect)","jomini_effect.cpp:139 PostValidate of effect 'create_character' returned false at file: common/scripted_effects/asoiaf_canon_children_effects.txt line: * (asoiaf_canon_children_Stark_98_birth_effect)"
"1","0","-1","Script / database error","AGOT+","11587","jomini_effect.cpp:139","PostValidate of effect 'create_character' returned false at file: common/scripted_effects/asoiaf_canon_children_effects.txt line: 550 (asoiaf_canon_children_Stark_99_birth_effect)","jomini_effect.cpp:139 PostValidate of effect 'create_character' returned false at file: common/scripted_effects/asoiaf_canon_children_effects.txt line: * (asoiaf_canon_children_Stark_99_birth_effect)"
"1","0","-1","Script / database error","AGOT+","12517","jomini_effect.cpp:139","PostValidate of effect 'create_character' returned false at file: common/scripted_effects/asoiaf_canon_children_effects.txt line: 13026 (asoiaf_canon_children_Strong_30_birth_effect)","jomini_effect.cpp:139 PostValidate of effect 'create_character' returned false at file: common/scripted_effects/asoiaf_canon_children_effects.txt line: * (asoiaf_canon_children_Strong_30_birth_effect)"
"1","0","-1","Script / database error","AGOT+","12522","jomini_effect.cpp:139","PostValidate of effect 'create_character' returned false at file: common/scripted_effects/asoiaf_canon_children_effects.txt line: 13080 (asoiaf_canon_children_Strong_31_birth_effect)","jomini_effect.cpp:139 PostValidate of effect 'create_character' returned false at file: common/scripted_effects/asoiaf_canon_children_effects.txt line: * (asoiaf_canon_children_Strong_31_birth_effect)"
"1","0","-1","Script / database error","AGOT+","12527","jomini_effect.cpp:139","PostValidate of effect 'create_character' returned false at file: common/scripted_effects/asoiaf_canon_children_effects.txt line: 13150 (asoiaf_canon_children_Strong_32_birth_effect)","jomini_effect.cpp:139 PostValidate of effect 'create_character' returned false at file: common/scripted_effects/asoiaf_canon_children_effects.txt line: * (asoiaf_canon_children_Strong_32_birth_effect)"
"1","0","-1","Script / database error","AGOT+","12532","jomini_effect.cpp:139","PostValidate of effect 'create_character' returned false at file: common/scripted_effects/asoiaf_canon_children_effects.txt line: 13183 (asoiaf_canon_children_Strong_33_birth_effect)","jomini_effect.cpp:139 PostValidate of effect 'create_character' returned false at file: common/scripted_effects/asoiaf_canon_children_effects.txt line: * (asoiaf_canon_children_Strong_33_birth_effect)"
"1","0","-1","Script / database error","AGOT+","12512","jomini_effect.cpp:139","PostValidate of effect 'create_character' returned false at file: common/scripted_effects/asoiaf_canon_children_effects.txt line: 12913 (asoiaf_canon_children_Strong_34_birth_effect)","jomini_effect.cpp:139 PostValidate of effect 'create_character' returned false at file: common/scripted_effects/asoiaf_canon_children_effects.txt line: * (asoiaf_canon_children_Strong_34_birth_effect)"
"1","0","-1","Script / database error","AGOT+","12362","jomini_effect.cpp:139","PostValidate of effect 'create_character' returned false at file: common/scripted_effects/asoiaf_canon_children_effects.txt line: 10874 (asoiaf_canon_children_Targaryen_1_birth_effect)","jomini_effect.cpp:139 PostValidate of effect 'create_character' returned false at file: common/scripted_effects/asoiaf_canon_children_effects.txt line: * (asoiaf_canon_children_Targaryen_1_birth_effect)"
"1","0","-1","Script / database error","AGOT+","12407","jomini_effect.cpp:139","PostValidate of effect 'create_character' returned false at file: common/scripted_effects/asoiaf_canon_children_effects.txt line: 11450 (asoiaf_canon_children_Targaryen_10_birth_effect)","jomini_effect.cpp:139 PostValidate of effect 'create_character' returned false at file: common/scripted_effects/asoiaf_canon_children_effects.txt line: * (asoiaf_canon_children_Targaryen_10_birth_effect)"
"1","0","-1","Script / database error","AGOT+","12242","jomini_effect.cpp:139","PostValidate of effect 'create_character' returned false at file: common/scripted_effects/asoiaf_canon_children_effects.txt line: 9480 (asoiaf_canon_children_Targaryen_107_birth_effect)","jomini_effect.cpp:139 PostValidate of effect 'create_character' returned false at file: common/scripted_effects/asoiaf_canon_children_effects.txt line: * (asoiaf_canon_children_Targaryen_107_birth_effect)"
"1","0","-1","Script / database error","AGOT+","12247","jomini_effect.cpp:139","PostValidate of effect 'create_character' returned false at file: common/scripted_effects/asoiaf_canon_children_effects.txt line: 9539 (asoiaf_canon_children_Targaryen_108_birth_effect)","jomini_effect.cpp:139 PostValidate of effect 'create_character' returned false at file: common/scripted_effects/asoiaf_canon_children_effects.txt line: * (asoiaf_canon_children_Targaryen_108_birth_effect)"
"1","0","-1","Script / database error","AGOT+","12252","jomini_effect.cpp:139","PostValidate of effect 'create_character' returned false at file: common/scripted_effects/asoiaf_canon_children_effects.txt line: 9607 (asoiaf_canon_children_Targaryen_109_birth_effect)","jomini_effect.cpp:139 PostValidate of effect 'create_character' returned false at file: common/scripted_effects/asoiaf_canon_children_effects.txt line: * (asoiaf_canon_children_Targaryen_109_birth_effect)"
"1","0","-1","Script / database error","AGOT+","12412","jomini_effect.cpp:139","PostValidate of effect 'create_character' returned false at file: common/scripted_effects/asoiaf_canon_children_effects.txt line: 11487 (asoiaf_canon_children_Targaryen_11_birth_effect)","jomini_effect.cpp:139 PostValidate of effect 'create_character' returned false at file: common/scripted_effects/asoiaf_canon_children_effects.txt line: * (asoiaf_canon_children_Targaryen_11_birth_effect)"
"1","0","-1","Script / database error","AGOT+","12257","jomini_effect.cpp:139","PostValidate of effect 'create_character' returned false at file: common/scripted_effects/asoiaf_canon_children_effects.txt line: 9665 (asoiaf_canon_children_Targaryen_110_birth_effect)","jomini_effect.cpp:139 PostValidate of effect 'create_character' returned false at file: common/scripted_effects/asoiaf_canon_children_effects.txt line: * (asoiaf_canon_children_Targaryen_110_birth_effect)"
"1","0","-1","Script / database error","AGOT+","12262","jomini_effect.cpp:139","PostValidate of effect 'create_character' returned false at file: common/scripted_effects/asoiaf_canon_children_effects.txt line: 9735 (asoiaf_canon_children_Targaryen_111_birth_effect)","jomini_effect.cpp:139 PostValidate of effect 'create_character' returned false at file: common/scripted_effects/asoiaf_canon_children_effects.txt line: * (asoiaf_canon_children_Targaryen_111_birth_effect)"
"1","0","-1","Script / database error","AGOT+","12267","jomini_effect.cpp:139","PostValidate of effect 'create_character' returned false at file: common/scripted_effects/asoiaf_canon_children_effects.txt line: 9801 (asoiaf_canon_children_Targaryen_112_birth_effect)","jomini_effect.cpp:139 PostValidate of effect 'create_character' returned false at file: common/scripted_effects/asoiaf_canon_children_effects.txt line: * (asoiaf_canon_children_Targaryen_112_birth_effect)"
"1","0","-1","Script / database error","AGOT+","12272","jomini_effect.cpp:139","PostValidate of effect 'create_character' returned false at file: common/scripted_effects/asoiaf_canon_children_effects.txt line: 9852 (asoiaf_canon_children_Targaryen_113_birth_effect)","jomini_effect.cpp:139 PostValidate of effect 'create_character' returned false at file: common/scripted_effects/asoiaf_canon_children_effects.txt line: * (asoiaf_canon_children_Targaryen_113_birth_effect)"
"1","0","-1","Script / database error","AGOT+","12277","jomini_effect.cpp:139","PostValidate of effect 'create_character' returned false at file: common/scripted_effects/asoiaf_canon_children_effects.txt line: 9894 (asoiaf_canon_children_Targaryen_114_birth_effect)","jomini_effect.cpp:139 PostValidate of effect 'create_character' returned false at file: common/scripted_effects/asoiaf_canon_children_effects.txt line: * (asoiaf_canon_children_Targaryen_114_birth_effect)"
"2","0","-2","Script / database error","AGOT+","12282","jomini_effect.cpp:139","PostValidate of effect 'create_character' returned false at file: common/scripted_effects/asoiaf_canon_children_effects.txt line: 9936 (asoiaf_canon_children_Targaryen_115_and_116_birth_effect)","jomini_effect.cpp:139 PostValidate of effect 'create_character' returned false at file: common/scripted_effects/asoiaf_canon_children_effects.txt line: * (asoiaf_canon_children_Targaryen_115_and_116_birth_effect)"
"1","0","-1","Script / database error","AGOT+","12292","jomini_effect.cpp:139","PostValidate of effect 'create_character' returned false at file: common/scripted_effects/asoiaf_canon_children_effects.txt line: 10042 (asoiaf_canon_children_Targaryen_117_birth_effect)","jomini_effect.cpp:139 PostValidate of effect 'create_character' returned false at file: common/scripted_effects/asoiaf_canon_children_effects.txt line: * (asoiaf_canon_children_Targaryen_117_birth_effect)"
"1","0","-1","Script / database error","AGOT+","12297","jomini_effect.cpp:139","PostValidate of effect 'create_character' returned false at file: common/scripted_effects/asoiaf_canon_children_effects.txt line: 10101 (asoiaf_canon_children_Targaryen_118_birth_effect)","jomini_effect.cpp:139 PostValidate of effect 'create_character' returned false at file: common/scripted_effects/asoiaf_canon_children_effects.txt line: * (asoiaf_canon_children_Targaryen_118_birth_effect)"
"1","0","-1","Script / database error","AGOT+","12302","jomini_effect.cpp:139","PostValidate of effect 'create_character' returned false at file: common/scripted_effects/asoiaf_canon_children_effects.txt line: 10161 (asoiaf_canon_children_Targaryen_119_birth_effect)","jomini_effect.cpp:139 PostValidate of effect 'create_character' returned false at file: common/scripted_effects/asoiaf_canon_children_effects.txt line: * (asoiaf_canon_children_Targaryen_119_birth_effect)"
"1","0","-1","Script / database error","AGOT+","12307","jomini_effect.cpp:139","PostValidate of effect 'create_character' returned false at file: common/scripted_effects/asoiaf_canon_children_effects.txt line: 10237 (asoiaf_canon_children_Targaryen_120_birth_effect)","jomini_effect.cpp:139 PostValidate of effect 'create_character' returned false at file: common/scripted_effects/asoiaf_canon_children_effects.txt line: * (asoiaf_canon_children_Targaryen_120_birth_effect)"
"1","0","-1","Script / database error","AGOT+","12312","jomini_effect.cpp:139","PostValidate of effect 'create_character' returned false at file: common/scripted_effects/asoiaf_canon_children_effects.txt line: 10294 (asoiaf_canon_children_Targaryen_121_birth_effect)","jomini_effect.cpp:139 PostValidate of effect 'create_character' returned false at file: common/scripted_effects/asoiaf_canon_children_effects.txt line: * (asoiaf_canon_children_Targaryen_121_birth_effect)"
"1","0","-1","Script / database error","AGOT+","12317","jomini_effect.cpp:139","PostValidate of effect 'create_character' returned false at file: common/scripted_effects/asoiaf_canon_children_effects.txt line: 10347 (asoiaf_canon_children_Targaryen_122_birth_effect)","jomini_effect.cpp:139 PostValidate of effect 'create_character' returned false at file: common/scripted_effects/asoiaf_canon_children_effects.txt line: * (asoiaf_canon_children_Targaryen_122_birth_effect)"
"1","0","-1","Script / database error","AGOT+","12322","jomini_effect.cpp:139","PostValidate of effect 'create_character' returned false at file: common/scripted_effects/asoiaf_canon_children_effects.txt line: 10404 (asoiaf_canon_children_Targaryen_123_birth_effect)","jomini_effect.cpp:139 PostValidate of effect 'create_character' returned false at file: common/scripted_effects/asoiaf_canon_children_effects.txt line: * (asoiaf_canon_children_Targaryen_123_birth_effect)"
"1","0","-1","Script / database error","AGOT+","12327","jomini_effect.cpp:139","PostValidate of effect 'create_character' returned false at file: common/scripted_effects/asoiaf_canon_children_effects.txt line: 10464 (asoiaf_canon_children_Targaryen_124_birth_effect)","jomini_effect.cpp:139 PostValidate of effect 'create_character' returned false at file: common/scripted_effects/asoiaf_canon_children_effects.txt line: * (asoiaf_canon_children_Targaryen_124_birth_effect)"
"1","0","-1","Script / database error","AGOT+","12332","jomini_effect.cpp:139","PostValidate of effect 'create_character' returned false at file: common/scripted_effects/asoiaf_canon_children_effects.txt line: 10523 (asoiaf_canon_children_Targaryen_125_birth_effect)","jomini_effect.cpp:139 PostValidate of effect 'create_character' returned false at file: common/scripted_effects/asoiaf_canon_children_effects.txt line: * (asoiaf_canon_children_Targaryen_125_birth_effect)"
"1","0","-1","Script / database error","AGOT+","12337","jomini_effect.cpp:139","PostValidate of effect 'create_character' returned false at file: common/scripted_effects/asoiaf_canon_children_effects.txt line: 10573 (asoiaf_canon_children_Targaryen_126_birth_effect)","jomini_effect.cpp:139 PostValidate of effect 'create_character' returned false at file: common/scripted_effects/asoiaf_canon_children_effects.txt line: * (asoiaf_canon_children_Targaryen_126_birth_effect)"
"1","0","-1","Script / database error","AGOT+","12342","jomini_effect.cpp:139","PostValidate of effect 'create_character' returned false at file: common/scripted_effects/asoiaf_canon_children_effects.txt line: 10635 (asoiaf_canon_children_Targaryen_127_birth_effect)","jomini_effect.cpp:139 PostValidate of effect 'create_character' returned false at file: common/scripted_effects/asoiaf_canon_children_effects.txt line: * (asoiaf_canon_children_Targaryen_127_birth_effect)"
"1","0","-1","Script / database error","AGOT+","12347","jomini_effect.cpp:139","PostValidate of effect 'create_character' returned false at file: common/scripted_effects/asoiaf_canon_children_effects.txt line: 10691 (asoiaf_canon_children_Targaryen_128_birth_effect)","jomini_effect.cpp:139 PostValidate of effect 'create_character' returned false at file: common/scripted_effects/asoiaf_canon_children_effects.txt line: * (asoiaf_canon_children_Targaryen_128_birth_effect)"
"1","0","-1","Script / database error","AGOT+","12352","jomini_effect.cpp:139","PostValidate of effect 'create_character' returned false at file: common/scripted_effects/asoiaf_canon_children_effects.txt line: 10745 (asoiaf_canon_children_Targaryen_129_birth_effect)","jomini_effect.cpp:139 PostValidate of effect 'create_character' returned false at file: common/scripted_effects/asoiaf_canon_children_effects.txt line: * (asoiaf_canon_children_Targaryen_129_birth_effect)"
"1","0","-1","Script / database error","AGOT+","12357","jomini_effect.cpp:139","PostValidate of effect 'create_character' returned false at file: common/scripted_effects/asoiaf_canon_children_effects.txt line: 10813 (asoiaf_canon_children_Targaryen_130_birth_effect)","jomini_effect.cpp:139 PostValidate of effect 'create_character' returned false at file: common/scripted_effects/asoiaf_canon_children_effects.txt line: * (asoiaf_canon_children_Targaryen_130_birth_effect)"
"1","0","-1","Script / database error","AGOT+","12067","jomini_effect.cpp:139","PostValidate of effect 'create_character' returned false at file: common/scripted_effects/asoiaf_canon_children_effects.txt line: 6620 (asoiaf_canon_children_Targaryen_131_birth_effect)","jomini_effect.cpp:139 PostValidate of effect 'create_character' returned false at file: common/scripted_effects/asoiaf_canon_children_effects.txt line: * (asoiaf_canon_children_Targaryen_131_birth_effect)"
"2","0","-2","Script / database error","AGOT+","12212","jomini_effect.cpp:139","PostValidate of effect 'create_character' returned false at file: common/scripted_effects/asoiaf_canon_children_effects.txt line: 9055 (asoiaf_canon_children_Targaryen_132_and_133_birth_effect)","jomini_effect.cpp:139 PostValidate of effect 'create_character' returned false at file: common/scripted_effects/asoiaf_canon_children_effects.txt line: * (asoiaf_canon_children_Targaryen_132_and_133_birth_effect)"
"1","0","-1","Script / database error","AGOT+","12207","jomini_effect.cpp:139","PostValidate of effect 'create_character' returned false at file: common/scripted_effects/asoiaf_canon_children_effects.txt line: 9013 (asoiaf_canon_children_Targaryen_134_birth_effect)","jomini_effect.cpp:139 PostValidate of effect 'create_character' returned false at file: common/scripted_effects/asoiaf_canon_children_effects.txt line: * (asoiaf_canon_children_Targaryen_134_birth_effect)"
"1","0","-1","Script / database error","AGOT+","12232","jomini_effect.cpp:139","PostValidate of effect 'create_character' returned false at file: common/scripted_effects/asoiaf_canon_children_effects.txt line: 9254 (asoiaf_canon_children_Targaryen_135_birth_effect)","jomini_effect.cpp:139 PostValidate of effect 'create_character' returned false at file: common/scripted_effects/asoiaf_canon_children_effects.txt line: * (asoiaf_canon_children_Targaryen_135_birth_effect)"
"1","0","-1","Script / database error","AGOT+","12367","jomini_effect.cpp:139","PostValidate of effect 'create_character' returned false at file: common/scripted_effects/asoiaf_canon_children_effects.txt line: 10929 (asoiaf_canon_children_Targaryen_2_birth_effect)","jomini_effect.cpp:139 PostValidate of effect 'create_character' returned false at file: common/scripted_effects/asoiaf_canon_children_effects.txt line: * (asoiaf_canon_children_Targaryen_2_birth_effect)"
"1","0","-1","Script / database error","AGOT+","12372","jomini_effect.cpp:139","PostValidate of effect 'create_character' returned false at file: common/scripted_effects/asoiaf_canon_children_effects.txt line: 10991 (asoiaf_canon_children_Targaryen_3_birth_effect)","jomini_effect.cpp:139 PostValidate of effect 'create_character' returned false at file: common/scripted_effects/asoiaf_canon_children_effects.txt line: * (asoiaf_canon_children_Targaryen_3_birth_effect)"
"1","0","-1","Script / database error","AGOT+","11887","jomini_effect.cpp:139","PostValidate of effect 'create_character' returned false at file: common/scripted_effects/asoiaf_canon_children_effects.txt line: 4312 (asoiaf_canon_children_Targaryen_30_birth_effect)","jomini_effect.cpp:139 PostValidate of effect 'create_character' returned false at file: common/scripted_effects/asoiaf_canon_children_effects.txt line: * (asoiaf_canon_children_Targaryen_30_birth_effect)"
"1","0","-1","Script / database error","AGOT+","11892","jomini_effect.cpp:139","PostValidate of effect 'create_character' returned false at file: common/scripted_effects/asoiaf_canon_children_effects.txt line: 4395 (asoiaf_canon_children_Targaryen_31_birth_effect)","jomini_effect.cpp:139 PostValidate of effect 'create_character' returned false at file: common/scripted_effects/asoiaf_canon_children_effects.txt line: * (asoiaf_canon_children_Targaryen_31_birth_effect)"
"1","0","-1","Script / database error","AGOT+","11897","jomini_effect.cpp:139","PostValidate of effect 'create_character' returned false at file: common/scripted_effects/asoiaf_canon_children_effects.txt line: 4502 (asoiaf_canon_children_Targaryen_32_birth_effect)","jomini_effect.cpp:139 PostValidate of effect 'create_character' returned false at file: common/scripted_effects/asoiaf_canon_children_effects.txt line: * (asoiaf_canon_children_Targaryen_32_birth_effect)"
"1","0","-1","Script / database error","AGOT+","11902","jomini_effect.cpp:139","PostValidate of effect 'create_character' returned false at file: common/scripted_effects/asoiaf_canon_children_effects.txt line: 4556 (asoiaf_canon_children_Targaryen_33_birth_effect)","jomini_effect.cpp:139 PostValidate of effect 'create_character' returned false at file: common/scripted_effects/asoiaf_canon_children_effects.txt line: * (asoiaf_canon_children_Targaryen_33_birth_effect)"
"1","0","-1","Script / database error","AGOT+","11907","jomini_effect.cpp:139","PostValidate of effect 'create_character' returned false at file: common/scripted_effects/asoiaf_canon_children_effects.txt line: 4644 (asoiaf_canon_children_Targaryen_34_birth_effect)","jomini_effect.cpp:139 PostValidate of effect 'create_character' returned false at file: common/scripted_effects/asoiaf_canon_children_effects.txt line: * (asoiaf_canon_children_Targaryen_34_birth_effect)"
"1","0","-1","Script / database error","AGOT+","11912","jomini_effect.cpp:139","PostValidate of effect 'create_character' returned false at file: common/scripted_effects/asoiaf_canon_children_effects.txt line: 4696 (asoiaf_canon_children_Targaryen_35_birth_effect)","jomini_effect.cpp:139 PostValidate of effect 'create_character' returned false at file: common/scripted_effects/asoiaf_canon_children_effects.txt line: * (asoiaf_canon_children_Targaryen_35_birth_effect)"
"1","0","-1","Script / database error","AGOT+","11917","jomini_effect.cpp:139","PostValidate of effect 'create_character' returned false at file: common/scripted_effects/asoiaf_canon_children_effects.txt line: 4806 (asoiaf_canon_children_Targaryen_36_birth_effect)","jomini_effect.cpp:139 PostValidate of effect 'create_character' returned false at file: common/scripted_effects/asoiaf_canon_children_effects.txt line: * (asoiaf_canon_children_Targaryen_36_birth_effect)"
"1","0","-1","Script / database error","AGOT+","11922","jomini_effect.cpp:139","PostValidate of effect 'create_character' returned false at file: common/scripted_effects/asoiaf_canon_children_effects.txt line: 4897 (asoiaf_canon_children_Targaryen_37_birth_effect)","jomini_effect.cpp:139 PostValidate of effect 'create_character' returned false at file: common/scripted_effects/asoiaf_canon_children_effects.txt line: * (asoiaf_canon_children_Targaryen_37_birth_effect)"
"1","0","-1","Script / database error","AGOT+","11927","jomini_effect.cpp:139","PostValidate of effect 'create_character' returned false at file: common/scripted_effects/asoiaf_canon_children_effects.txt line: 4946 (asoiaf_canon_children_Targaryen_38_birth_effect)","jomini_effect.cpp:139 PostValidate of effect 'create_character' returned false at file: common/scripted_effects/asoiaf_canon_children_effects.txt line: * (asoiaf_canon_children_Targaryen_38_birth_effect)"
"1","0","-1","Script / database error","AGOT+","11937","jomini_effect.cpp:139","PostValidate of effect 'create_character' returned false at file: common/scripted_effects/asoiaf_canon_children_effects.txt line: 5041 (asoiaf_canon_children_Targaryen_39_birth_effect)","jomini_effect.cpp:139 PostValidate of effect 'create_character' returned false at file: common/scripted_effects/asoiaf_canon_children_effects.txt line: * (asoiaf_canon_children_Targaryen_39_birth_effect)"
"1","0","-1","Script / database error","AGOT+","12377","jomini_effect.cpp:139","PostValidate of effect 'create_character' returned false at file: common/scripted_effects/asoiaf_canon_children_effects.txt line: 11081 (asoiaf_canon_children_Targaryen_4_birth_effect)","jomini_effect.cpp:139 PostValidate of effect 'create_character' returned false at file: common/scripted_effects/asoiaf_canon_children_effects.txt line: * (asoiaf_canon_children_Targaryen_4_birth_effect)"
"1","0","-1","Script / database error","AGOT+","11932","jomini_effect.cpp:139","PostValidate of effect 'create_character' returned false at file: common/scripted_effects/asoiaf_canon_children_effects.txt line: 4993 (asoiaf_canon_children_Targaryen_40_birth_effect)","jomini_effect.cpp:139 PostValidate of effect 'create_character' returned false at file: common/scripted_effects/asoiaf_canon_children_effects.txt line: * (asoiaf_canon_children_Targaryen_40_birth_effect)"
"2","0","-2","Script / database error","AGOT+","11942","jomini_effect.cpp:139","PostValidate of effect 'create_character' returned false at file: common/scripted_effects/asoiaf_canon_children_effects.txt line: 5117 (asoiaf_canon_children_Targaryen_41_and_42_birth_effect)","jomini_effect.cpp:139 PostValidate of effect 'create_character' returned false at file: common/scripted_effects/asoiaf_canon_children_effects.txt line: * (asoiaf_canon_children_Targaryen_41_and_42_birth_effect)"
"1","0","-1","Script / database error","AGOT+","11952","jomini_effect.cpp:139","PostValidate of effect 'create_character' returned false at file: common/scripted_effects/asoiaf_canon_children_effects.txt line: 5261 (asoiaf_canon_children_Targaryen_43_birth_effect)","jomini_effect.cpp:139 PostValidate of effect 'create_character' returned false at file: common/scripted_effects/asoiaf_canon_children_effects.txt line: * (asoiaf_canon_children_Targaryen_43_birth_effect)"
"1","0","-1","Script / database error","AGOT+","11957","jomini_effect.cpp:139","PostValidate of effect 'create_character' returned false at file: common/scripted_effects/asoiaf_canon_children_effects.txt line: 5303 (asoiaf_canon_children_Targaryen_44_birth_effect)","jomini_effect.cpp:139 PostValidate of effect 'create_character' returned false at file: common/scripted_effects/asoiaf_canon_children_effects.txt line: * (asoiaf_canon_children_Targaryen_44_birth_effect)"
"1","0","-1","Script / database error","AGOT+","11962","jomini_effect.cpp:139","PostValidate of effect 'create_character' returned false at file: common/scripted_effects/asoiaf_canon_children_effects.txt line: 5353 (asoiaf_canon_children_Targaryen_45_birth_effect)","jomini_effect.cpp:139 PostValidate of effect 'create_character' returned false at file: common/scripted_effects/asoiaf_canon_children_effects.txt line: * (asoiaf_canon_children_Targaryen_45_birth_effect)"
"1","0","-1","Script / database error","AGOT+","11967","jomini_effect.cpp:139","PostValidate of effect 'create_character' returned false at file: common/scripted_effects/asoiaf_canon_children_effects.txt line: 5433 (asoiaf_canon_children_Targaryen_46_birth_effect)","jomini_effect.cpp:139 PostValidate of effect 'create_character' returned false at file: common/scripted_effects/asoiaf_canon_children_effects.txt line: * (asoiaf_canon_children_Targaryen_46_birth_effect)"
"1","0","-1","Script / database error","AGOT+","11972","jomini_effect.cpp:139","PostValidate of effect 'create_character' returned false at file: common/scripted_effects/asoiaf_canon_children_effects.txt line: 5488 (asoiaf_canon_children_Targaryen_47_birth_effect)","jomini_effect.cpp:139 PostValidate of effect 'create_character' returned false at file: common/scripted_effects/asoiaf_canon_children_effects.txt line: * (asoiaf_canon_children_Targaryen_47_birth_effect)"
"1","0","-1","Script / database error","AGOT+","11977","jomini_effect.cpp:139","PostValidate of effect 'create_character' returned false at file: common/scripted_effects/asoiaf_canon_children_effects.txt line: 5567 (asoiaf_canon_children_Targaryen_48_birth_effect)","jomini_effect.cpp:139 PostValidate of effect 'create_character' returned false at file: common/scripted_effects/asoiaf_canon_children_effects.txt line: * (asoiaf_canon_children_Targaryen_48_birth_effect)"
"1","0","-1","Script / database error","AGOT+","11982","jomini_effect.cpp:139","PostValidate of effect 'create_character' returned false at file: common/scripted_effects/asoiaf_canon_children_effects.txt line: 5632 (asoiaf_canon_children_Targaryen_49_birth_effect)","jomini_effect.cpp:139 PostValidate of effect 'create_character' returned false at file: common/scripted_effects/asoiaf_canon_children_effects.txt line: * (asoiaf_canon_children_Targaryen_49_birth_effect)"
"1","0","-1","Script / database error","AGOT+","12382","jomini_effect.cpp:139","PostValidate of effect 'create_character' returned false at file: common/scripted_effects/asoiaf_canon_children_effects.txt line: 11124 (asoiaf_canon_children_Targaryen_5_birth_effect)","jomini_effect.cpp:139 PostValidate of effect 'create_character' returned false at file: common/scripted_effects/asoiaf_canon_children_effects.txt line: * (asoiaf_canon_children_Targaryen_5_birth_effect)"
"1","0","-1","Script / database error","AGOT+","11987","jomini_effect.cpp:139","PostValidate of effect 'create_character' returned false at file: common/scripted_effects/asoiaf_canon_children_effects.txt line: 5698 (asoiaf_canon_children_Targaryen_50_birth_effect)","jomini_effect.cpp:139 PostValidate of effect 'create_character' returned false at file: common/scripted_effects/asoiaf_canon_children_effects.txt line: * (asoiaf_canon_children_Targaryen_50_birth_effect)"
"1","0","-1","Script / database error","AGOT+","11992","jomini_effect.cpp:139","PostValidate of effect 'create_character' returned false at file: common/scripted_effects/asoiaf_canon_children_effects.txt line: 5752 (asoiaf_canon_children_Targaryen_51_birth_effect)","jomini_effect.cpp:139 PostValidate of effect 'create_character' returned false at file: common/scripted_effects/asoiaf_canon_children_effects.txt line: * (asoiaf_canon_children_Targaryen_51_birth_effect)"
"1","0","-1","Script / database error","AGOT+","11997","jomini_effect.cpp:139","PostValidate of effect 'create_character' returned false at file: common/scripted_effects/asoiaf_canon_children_effects.txt line: 5816 (asoiaf_canon_children_Targaryen_52_birth_effect)","jomini_effect.cpp:139 PostValidate of effect 'create_character' returned false at file: common/scripted_effects/asoiaf_canon_children_effects.txt line: * (asoiaf_canon_children_Targaryen_52_birth_effect)"
"1","0","-1","Script / database error","AGOT+","12002","jomini_effect.cpp:139","PostValidate of effect 'create_character' returned false at file: common/scripted_effects/asoiaf_canon_children_effects.txt line: 5870 (asoiaf_canon_children_Targaryen_53_birth_effect)","jomini_effect.cpp:139 PostValidate of effect 'create_character' returned false at file: common/scripted_effects/asoiaf_canon_children_effects.txt line: * (asoiaf_canon_children_Targaryen_53_birth_effect)"
"1","0","-1","Script / database error","AGOT+","12007","jomini_effect.cpp:139","PostValidate of effect 'create_character' returned false at file: common/scripted_effects/asoiaf_canon_children_effects.txt line: 5913 (asoiaf_canon_children_Targaryen_54_birth_effect)","jomini_effect.cpp:139 PostValidate of effect 'create_character' returned false at file: common/scripted_effects/asoiaf_canon_children_effects.txt line: * (asoiaf_canon_children_Targaryen_54_birth_effect)"
"1","0","-1","Script / database error","AGOT+","12017","jomini_effect.cpp:139","PostValidate of effect 'create_character' returned false at file: common/scripted_effects/asoiaf_canon_children_effects.txt line: 6016 (asoiaf_canon_children_Targaryen_55_1_birth_effect)","jomini_effect.cpp:139 PostValidate of effect 'create_character' returned false at file: common/scripted_effects/asoiaf_canon_children_effects.txt line: * (asoiaf_canon_children_Targaryen_55_1_birth_effect)"
"1","0","-1","Script / database error","AGOT+","12012","jomini_effect.cpp:139","PostValidate of effect 'create_character' returned false at file: common/scripted_effects/asoiaf_canon_children_effects.txt line: 5956 (asoiaf_canon_children_Targaryen_55_birth_effect)","jomini_effect.cpp:139 PostValidate of effect 'create_character' returned false at file: common/scripted_effects/asoiaf_canon_children_effects.txt line: * (asoiaf_canon_children_Targaryen_55_birth_effect)"
"1","0","-1","Script / database error","AGOT+","12022","jomini_effect.cpp:139","PostValidate of effect 'create_character' returned false at file: common/scripted_effects/asoiaf_canon_children_effects.txt line: 6074 (asoiaf_canon_children_Targaryen_56_birth_effect)","jomini_effect.cpp:139 PostValidate of effect 'create_character' returned false at file: common/scripted_effects/asoiaf_canon_children_effects.txt line: * (asoiaf_canon_children_Targaryen_56_birth_effect)"
"1","0","-1","Script / database error","AGOT+","12027","jomini_effect.cpp:139","PostValidate of effect 'create_character' returned false at file: common/scripted_effects/asoiaf_canon_children_effects.txt line: 6111 (asoiaf_canon_children_Targaryen_57_birth_effect)","jomini_effect.cpp:139 PostValidate of effect 'create_character' returned false at file: common/scripted_effects/asoiaf_canon_children_effects.txt line: * (asoiaf_canon_children_Targaryen_57_birth_effect)"
"1","0","-1","Script / database error","AGOT+","12032","jomini_effect.cpp:139","PostValidate of effect 'create_character' returned false at file: common/scripted_effects/asoiaf_canon_children_effects.txt line: 6146 (asoiaf_canon_children_Targaryen_58_birth_effect)","jomini_effect.cpp:139 PostValidate of effect 'create_character' returned false at file: common/scripted_effects/asoiaf_canon_children_effects.txt line: * (asoiaf_canon_children_Targaryen_58_birth_effect)"
"1","0","-1","Script / database error","AGOT+","12047","jomini_effect.cpp:139","PostValidate of effect 'create_character' returned false at file: common/scripted_effects/asoiaf_canon_children_effects.txt line: 6269 (asoiaf_canon_children_Targaryen_59_birth_effect)","jomini_effect.cpp:139 PostValidate of effect 'create_character' returned false at file: common/scripted_effects/asoiaf_canon_children_effects.txt line: * (asoiaf_canon_children_Targaryen_59_birth_effect)"
"1","0","-1","Script / database error","AGOT+","12387","jomini_effect.cpp:139","PostValidate of effect 'create_character' returned false at file: common/scripted_effects/asoiaf_canon_children_effects.txt line: 11167 (asoiaf_canon_children_Targaryen_6_birth_effect)","jomini_effect.cpp:139 PostValidate of effect 'create_character' returned false at file: common/scripted_effects/asoiaf_canon_children_effects.txt line: * (asoiaf_canon_children_Targaryen_6_birth_effect)"
"1","0","-1","Script / database error","AGOT+","12052","jomini_effect.cpp:139","PostValidate of effect 'create_character' returned false at file: common/scripted_effects/asoiaf_canon_children_effects.txt line: 6353 (asoiaf_canon_children_Targaryen_60_birth_effect)","jomini_effect.cpp:139 PostValidate of effect 'create_character' returned false at file: common/scripted_effects/asoiaf_canon_children_effects.txt line: * (asoiaf_canon_children_Targaryen_60_birth_effect)"
"1","0","-1","Script / database error","AGOT+","12112","jomini_effect.cpp:139","PostValidate of effect 'create_character' returned false at file: common/scripted_effects/asoiaf_canon_children_effects.txt line: 7530 (asoiaf_canon_children_Targaryen_61_1_birth_effect)","jomini_effect.cpp:139 PostValidate of effect 'create_character' returned false at file: common/scripted_effects/asoiaf_canon_children_effects.txt line: * (asoiaf_canon_children_Targaryen_61_1_birth_effect)"
"1","0","-1","Script / database error","AGOT+","12057","jomini_effect.cpp:139","PostValidate of effect 'create_character' returned false at file: common/scripted_effects/asoiaf_canon_children_effects.txt line: 6455 (asoiaf_canon_children_Targaryen_61_birth_effect)","jomini_effect.cpp:139 PostValidate of effect 'create_character' returned false at file: common/scripted_effects/asoiaf_canon_children_effects.txt line: * (asoiaf_canon_children_Targaryen_61_birth_effect)"
"1","0","-1","Script / database error","AGOT+","12062","jomini_effect.cpp:139","PostValidate of effect 'create_character' returned false at file: common/scripted_effects/asoiaf_canon_children_effects.txt line: 6558 (asoiaf_canon_children_Targaryen_62_birth_effect)","jomini_effect.cpp:139 PostValidate of effect 'create_character' returned false at file: common/scripted_effects/asoiaf_canon_children_effects.txt line: * (asoiaf_canon_children_Targaryen_62_birth_effect)"
"1","0","-1","Script / database error","AGOT+","12072","jomini_effect.cpp:139","PostValidate of effect 'create_character' returned false at file: common/scripted_effects/asoiaf_canon_children_effects.txt line: 6663 (asoiaf_canon_children_Targaryen_63_birth_effect)","jomini_effect.cpp:139 PostValidate of effect 'create_character' returned false at file: common/scripted_effects/asoiaf_canon_children_effects.txt line: * (asoiaf_canon_children_Targaryen_63_birth_effect)"
"1","0","-1","Script / database error","AGOT+","12077","jomini_effect.cpp:139","PostValidate of effect 'create_character' returned false at file: common/scripted_effects/asoiaf_canon_children_effects.txt line: 6757 (asoiaf_canon_children_Targaryen_64_birth_effect)","jomini_effect.cpp:139 PostValidate of effect 'create_character' returned false at file: common/scripted_effects/asoiaf_canon_children_effects.txt line: * (asoiaf_canon_children_Targaryen_64_birth_effect)"
"1","0","-1","Script / database error","AGOT+","12082","jomini_effect.cpp:139","PostValidate of effect 'create_character' returned false at file: common/scripted_effects/asoiaf_canon_children_effects.txt line: 6818 (asoiaf_canon_children_Targaryen_65_birth_effect)","jomini_effect.cpp:139 PostValidate of effect 'create_character' returned false at file: common/scripted_effects/asoiaf_canon_children_effects.txt line: * (asoiaf_canon_children_Targaryen_65_birth_effect)"
"1","0","-1","Script / database error","AGOT+","12087","jomini_effect.cpp:139","PostValidate of effect 'create_character' returned false at file: common/scripted_effects/asoiaf_canon_children_effects.txt line: 6951 (asoiaf_canon_children_Targaryen_66_birth_effect)","jomini_effect.cpp:139 PostValidate of effect 'create_character' returned false at file: common/scripted_effects/asoiaf_canon_children_effects.txt line: * (asoiaf_canon_children_Targaryen_66_birth_effect)"
"1","0","-1","Script / database error","AGOT+","12092","jomini_effect.cpp:139","PostValidate of effect 'create_character' returned false at file: common/scripted_effects/asoiaf_canon_children_effects.txt line: 7050 (asoiaf_canon_children_Targaryen_67_birth_effect)","jomini_effect.cpp:139 PostValidate of effect 'create_character' returned false at file: common/scripted_effects/asoiaf_canon_children_effects.txt line: * (asoiaf_canon_children_Targaryen_67_birth_effect)"
"1","0","-1","Script / database error","AGOT+","12097","jomini_effect.cpp:139","PostValidate of effect 'create_character' returned false at file: common/scripted_effects/asoiaf_canon_children_effects.txt line: 7216 (asoiaf_canon_children_Targaryen_68_birth_effect)","jomini_effect.cpp:139 PostValidate of effect 'create_character' returned false at file: common/scripted_effects/asoiaf_canon_children_effects.txt line: * (asoiaf_canon_children_Targaryen_68_birth_effect)"
"1","0","-1","Script / database error","AGOT+","12102","jomini_effect.cpp:139","PostValidate of effect 'create_character' returned false at file: common/scripted_effects/asoiaf_canon_children_effects.txt line: 7355 (asoiaf_canon_children_Targaryen_69_birth_effect)","jomini_effect.cpp:139 PostValidate of effect 'create_character' returned false at file: common/scripted_effects/asoiaf_canon_children_effects.txt line: * (asoiaf_canon_children_Targaryen_69_birth_effect)"
"1","0","-1","Script / database error","AGOT+","12392","jomini_effect.cpp:139","PostValidate of effect 'create_character' returned false at file: common/scripted_effects/asoiaf_canon_children_effects.txt line: 11211 (asoiaf_canon_children_Targaryen_7_birth_effect)","jomini_effect.cpp:139 PostValidate of effect 'create_character' returned false at file: common/scripted_effects/asoiaf_canon_children_effects.txt line: * (asoiaf_canon_children_Targaryen_7_birth_effect)"
"1","0","-1","Script / database error","AGOT+","12107","jomini_effect.cpp:139","PostValidate of effect 'create_character' returned false at file: common/scripted_effects/asoiaf_canon_children_effects.txt line: 7442 (asoiaf_canon_children_Targaryen_70_birth_effect)","jomini_effect.cpp:139 PostValidate of effect 'create_character' returned false at file: common/scripted_effects/asoiaf_canon_children_effects.txt line: * (asoiaf_canon_children_Targaryen_70_birth_effect)"
"2","0","-2","Script / database error","AGOT+","12117","jomini_effect.cpp:139","PostValidate of effect 'create_character' returned false at file: common/scripted_effects/asoiaf_canon_children_effects.txt line: 7609 (asoiaf_canon_children_Targaryen_71_and_72_birth_effect)","jomini_effect.cpp:139 PostValidate of effect 'create_character' returned false at file: common/scripted_effects/asoiaf_canon_children_effects.txt line: * (asoiaf_canon_children_Targaryen_71_and_72_birth_effect)"
"1","0","-1","Script / database error","AGOT+","12127","jomini_effect.cpp:139","PostValidate of effect 'create_character' returned false at file: common/scripted_effects/asoiaf_canon_children_effects.txt line: 7713 (asoiaf_canon_children_Targaryen_73_birth_effect)","jomini_effect.cpp:139 PostValidate of effect 'create_character' returned false at file: common/scripted_effects/asoiaf_canon_children_effects.txt line: * (asoiaf_canon_children_Targaryen_73_birth_effect)"
"1","0","-1","Script / database error","AGOT+","12132","jomini_effect.cpp:139","PostValidate of effect 'create_character' returned false at file: common/scripted_effects/asoiaf_canon_children_effects.txt line: 7760 (asoiaf_canon_children_Targaryen_75_birth_effect)","jomini_effect.cpp:139 PostValidate of effect 'create_character' returned false at file: common/scripted_effects/asoiaf_canon_children_effects.txt line: * (asoiaf_canon_children_Targaryen_75_birth_effect)"
"1","0","-1","Script / database error","AGOT+","12137","jomini_effect.cpp:139","PostValidate of effect 'create_character' returned false at file: common/scripted_effects/asoiaf_canon_children_effects.txt line: 7916 (asoiaf_canon_children_Targaryen_76_birth_effect)","jomini_effect.cpp:139 PostValidate of effect 'create_character' returned false at file: common/scripted_effects/asoiaf_canon_children_effects.txt line: * (asoiaf_canon_children_Targaryen_76_birth_effect)"
"1","0","-1","Script / database error","AGOT+","12142","jomini_effect.cpp:139","PostValidate of effect 'create_character' returned false at file: common/scripted_effects/asoiaf_canon_children_effects.txt line: 8064 (asoiaf_canon_children_Targaryen_77_birth_effect)","jomini_effect.cpp:139 PostValidate of effect 'create_character' returned false at file: common/scripted_effects/asoiaf_canon_children_effects.txt line: * (asoiaf_canon_children_Targaryen_77_birth_effect)"
"1","0","-1","Script / database error","AGOT+","12147","jomini_effect.cpp:139","PostValidate of effect 'create_character' returned false at file: common/scripted_effects/asoiaf_canon_children_effects.txt line: 8220 (asoiaf_canon_children_Targaryen_78_birth_effect)","jomini_effect.cpp:139 PostValidate of effect 'create_character' returned false at file: common/scripted_effects/asoiaf_canon_children_effects.txt line: * (asoiaf_canon_children_Targaryen_78_birth_effect)"
"1","0","-1","Script / database error","AGOT+","12152","jomini_effect.cpp:139","PostValidate of effect 'create_character' returned false at file: common/scripted_effects/asoiaf_canon_children_effects.txt line: 8306 (asoiaf_canon_children_Targaryen_79_birth_effect)","jomini_effect.cpp:139 PostValidate of effect 'create_character' returned false at file: common/scripted_effects/asoiaf_canon_children_effects.txt line: * (asoiaf_canon_children_Targaryen_79_birth_effect)"
"1","0","-1","Script / database error","AGOT+","12397","jomini_effect.cpp:139","PostValidate of effect 'create_character' returned false at file: common/scripted_effects/asoiaf_canon_children_effects.txt line: 11254 (asoiaf_canon_children_Targaryen_8_birth_effect)","jomini_effect.cpp:139 PostValidate of effect 'create_character' returned false at file: common/scripted_effects/asoiaf_canon_children_effects.txt line: * (asoiaf_canon_children_Targaryen_8_birth_effect)"
"1","0","-1","Script / database error","AGOT+","12157","jomini_effect.cpp:139","PostValidate of effect 'create_character' returned false at file: common/scripted_effects/asoiaf_canon_children_effects.txt line: 8370 (asoiaf_canon_children_Targaryen_80_birth_effect)","jomini_effect.cpp:139 PostValidate of effect 'create_character' returned false at file: common/scripted_effects/asoiaf_canon_children_effects.txt line: * (asoiaf_canon_children_Targaryen_80_birth_effect)"
"1","0","-1","Script / database error","AGOT+","12162","jomini_effect.cpp:139","PostValidate of effect 'create_character' returned false at file: common/scripted_effects/asoiaf_canon_children_effects.txt line: 8427 (asoiaf_canon_children_Targaryen_81_birth_effect)","jomini_effect.cpp:139 PostValidate of effect 'create_character' returned false at file: common/scripted_effects/asoiaf_canon_children_effects.txt line: * (asoiaf_canon_children_Targaryen_81_birth_effect)"
"1","0","-1","Script / database error","AGOT+","12167","jomini_effect.cpp:139","PostValidate of effect 'create_character' returned false at file: common/scripted_effects/asoiaf_canon_children_effects.txt line: 8495 (asoiaf_canon_children_Targaryen_82_birth_effect)","jomini_effect.cpp:139 PostValidate of effect 'create_character' returned false at file: common/scripted_effects/asoiaf_canon_children_effects.txt line: * (asoiaf_canon_children_Targaryen_82_birth_effect)"
"1","0","-1","Script / database error","AGOT+","12172","jomini_effect.cpp:139","PostValidate of effect 'create_character' returned false at file: common/scripted_effects/asoiaf_canon_children_effects.txt line: 8564 (asoiaf_canon_children_Targaryen_83_birth_effect)","jomini_effect.cpp:139 PostValidate of effect 'create_character' returned false at file: common/scripted_effects/asoiaf_canon_children_effects.txt line: * (asoiaf_canon_children_Targaryen_83_birth_effect)"
"1","0","-1","Script / database error","AGOT+","12177","jomini_effect.cpp:139","PostValidate of effect 'create_character' returned false at file: common/scripted_effects/asoiaf_canon_children_effects.txt line: 8622 (asoiaf_canon_children_Targaryen_84_birth_effect)","jomini_effect.cpp:139 PostValidate of effect 'create_character' returned false at file: common/scripted_effects/asoiaf_canon_children_effects.txt line: * (asoiaf_canon_children_Targaryen_84_birth_effect)"
"1","0","-1","Script / database error","AGOT+","12182","jomini_effect.cpp:139","PostValidate of effect 'create_character' returned false at file: common/scripted_effects/asoiaf_canon_children_effects.txt line: 8675 (asoiaf_canon_children_Targaryen_85_birth_effect)","jomini_effect.cpp:139 PostValidate of effect 'create_character' returned false at file: common/scripted_effects/asoiaf_canon_children_effects.txt line: * (asoiaf_canon_children_Targaryen_85_birth_effect)"
"1","0","-1","Script / database error","AGOT+","12187","jomini_effect.cpp:139","PostValidate of effect 'create_character' returned false at file: common/scripted_effects/asoiaf_canon_children_effects.txt line: 8736 (asoiaf_canon_children_Targaryen_88_birth_effect)","jomini_effect.cpp:139 PostValidate of effect 'create_character' returned false at file: common/scripted_effects/asoiaf_canon_children_effects.txt line: * (asoiaf_canon_children_Targaryen_88_birth_effect)"
"1","0","-1","Script / database error","AGOT+","12192","jomini_effect.cpp:139","PostValidate of effect 'create_character' returned false at file: common/scripted_effects/asoiaf_canon_children_effects.txt line: 8804 (asoiaf_canon_children_Targaryen_89_birth_effect)","jomini_effect.cpp:139 PostValidate of effect 'create_character' returned false at file: common/scripted_effects/asoiaf_canon_children_effects.txt line: * (asoiaf_canon_children_Targaryen_89_birth_effect)"
"1","0","-1","Script / database error","AGOT+","12402","jomini_effect.cpp:139","PostValidate of effect 'create_character' returned false at file: common/scripted_effects/asoiaf_canon_children_effects.txt line: 11314 (asoiaf_canon_children_Targaryen_9_birth_effect)","jomini_effect.cpp:139 PostValidate of effect 'create_character' returned false at file: common/scripted_effects/asoiaf_canon_children_effects.txt line: * (asoiaf_canon_children_Targaryen_9_birth_effect)"
"1","0","-1","Script / database error","AGOT+","12197","jomini_effect.cpp:139","PostValidate of effect 'create_character' returned false at file: common/scripted_effects/asoiaf_canon_children_effects.txt line: 8887 (asoiaf_canon_children_Targaryen_90_birth_effect)","jomini_effect.cpp:139 PostValidate of effect 'create_character' returned false at file: common/scripted_effects/asoiaf_canon_children_effects.txt line: * (asoiaf_canon_children_Targaryen_90_birth_effect)"
"1","0","-1","Script / database error","AGOT+","12202","jomini_effect.cpp:139","PostValidate of effect 'create_character' returned false at file: common/scripted_effects/asoiaf_canon_children_effects.txt line: 8948 (asoiaf_canon_children_Targaryen_91_birth_effect)","jomini_effect.cpp:139 PostValidate of effect 'create_character' returned false at file: common/scripted_effects/asoiaf_canon_children_effects.txt line: * (asoiaf_canon_children_Targaryen_91_birth_effect)"
"2","0","-2","Script / database error","AGOT+","12222","jomini_effect.cpp:139","PostValidate of effect 'create_character' returned false at file: common/scripted_effects/asoiaf_canon_children_effects.txt line: 9139 (asoiaf_canon_children_Targaryen_92_and_93_birth_effect)","jomini_effect.cpp:139 PostValidate of effect 'create_character' returned false at file: common/scripted_effects/asoiaf_canon_children_effects.txt line: * (asoiaf_canon_children_Targaryen_92_and_93_birth_effect)"
"1","0","-1","Script / database error","AGOT+","12237","jomini_effect.cpp:139","PostValidate of effect 'create_character' returned false at file: common/scripted_effects/asoiaf_canon_children_effects.txt line: 9306 (asoiaf_canon_children_Targaryen_94_birth_effect)","jomini_effect.cpp:139 PostValidate of effect 'create_character' returned false at file: common/scripted_effects/asoiaf_canon_children_effects.txt line: * (asoiaf_canon_children_Targaryen_94_birth_effect)"
"1","0","-1","Script / database error","AGOT+","11842","jomini_effect.cpp:139","PostValidate of effect 'create_character' returned false at file: common/scripted_effects/asoiaf_canon_children_effects.txt line: 3849 (asoiaf_canon_children_Tarly_2_birth_effect)","jomini_effect.cpp:139 PostValidate of effect 'create_character' returned false at file: common/scripted_effects/asoiaf_canon_children_effects.txt line: * (asoiaf_canon_children_Tarly_2_birth_effect)"
"1","0","-1","Script / database error","AGOT+","11847","jomini_effect.cpp:139","PostValidate of effect 'create_character' returned false at file: common/scripted_effects/asoiaf_canon_children_effects.txt line: 3915 (asoiaf_canon_children_Tarly_3_birth_effect)","jomini_effect.cpp:139 PostValidate of effect 'create_character' returned false at file: common/scripted_effects/asoiaf_canon_children_effects.txt line: * (asoiaf_canon_children_Tarly_3_birth_effect)"
"1","0","-1","Script / database error","AGOT+","11852","jomini_effect.cpp:139","PostValidate of effect 'create_character' returned false at file: common/scripted_effects/asoiaf_canon_children_effects.txt line: 3967 (asoiaf_canon_children_Tarly_4_birth_effect)","jomini_effect.cpp:139 PostValidate of effect 'create_character' returned false at file: common/scripted_effects/asoiaf_canon_children_effects.txt line: * (asoiaf_canon_children_Tarly_4_birth_effect)"
"1","0","-1","Script / database error","AGOT+","11857","jomini_effect.cpp:139","PostValidate of effect 'create_character' returned false at file: common/scripted_effects/asoiaf_canon_children_effects.txt line: 3999 (asoiaf_canon_children_Tarly_5_birth_effect)","jomini_effect.cpp:139 PostValidate of effect 'create_character' returned false at file: common/scripted_effects/asoiaf_canon_children_effects.txt line: * (asoiaf_canon_children_Tarly_5_birth_effect)"
"1","0","-1","Script / database error","AGOT+","11862","jomini_effect.cpp:139","PostValidate of effect 'create_character' returned false at file: common/scripted_effects/asoiaf_canon_children_effects.txt line: 4031 (asoiaf_canon_children_Tarly_6_birth_effect)","jomini_effect.cpp:139 PostValidate of effect 'create_character' returned false at file: common/scripted_effects/asoiaf_canon_children_effects.txt line: * (asoiaf_canon_children_Tarly_6_birth_effect)"
"1","0","-1","Script / database error","AGOT+","12482","jomini_effect.cpp:139","PostValidate of effect 'create_character' returned false at file: common/scripted_effects/asoiaf_canon_children_effects.txt line: 12606 (asoiaf_canon_children_Tully_2_birth_effect)","jomini_effect.cpp:139 PostValidate of effect 'create_character' returned false at file: common/scripted_effects/asoiaf_canon_children_effects.txt line: * (asoiaf_canon_children_Tully_2_birth_effect)"
"1","0","-1","Script / database error","AGOT+","12487","jomini_effect.cpp:139","PostValidate of effect 'create_character' returned false at file: common/scripted_effects/asoiaf_canon_children_effects.txt line: 12647 (asoiaf_canon_children_Tully_3_birth_effect)","jomini_effect.cpp:139 PostValidate of effect 'create_character' returned false at file: common/scripted_effects/asoiaf_canon_children_effects.txt line: * (asoiaf_canon_children_Tully_3_birth_effect)"
"1","0","-1","Script / database error","AGOT+","12492","jomini_effect.cpp:139","PostValidate of effect 'create_character' returned false at file: common/scripted_effects/asoiaf_canon_children_effects.txt line: 12688 (asoiaf_canon_children_Tully_4_birth_effect)","jomini_effect.cpp:139 PostValidate of effect 'create_character' returned false at file: common/scripted_effects/asoiaf_canon_children_effects.txt line: * (asoiaf_canon_children_Tully_4_birth_effect)"
"1","0","-1","Script / database error","AGOT+","12497","jomini_effect.cpp:139","PostValidate of effect 'create_character' returned false at file: common/scripted_effects/asoiaf_canon_children_effects.txt line: 12749 (asoiaf_canon_children_Tully_6_birth_effect)","jomini_effect.cpp:139 PostValidate of effect 'create_character' returned false at file: common/scripted_effects/asoiaf_canon_children_effects.txt line: * (asoiaf_canon_children_Tully_6_birth_effect)"
"1","0","-1","Script / database error","AGOT+","12502","jomini_effect.cpp:139","PostValidate of effect 'create_character' returned false at file: common/scripted_effects/asoiaf_canon_children_effects.txt line: 12801 (asoiaf_canon_children_Tully_7_birth_effect)","jomini_effect.cpp:139 PostValidate of effect 'create_character' returned false at file: common/scripted_effects/asoiaf_canon_children_effects.txt line: * (asoiaf_canon_children_Tully_7_birth_effect)"
"1","0","-1","Script / database error","AGOT+","12507","jomini_effect.cpp:139","PostValidate of effect 'create_character' returned false at file: common/scripted_effects/asoiaf_canon_children_effects.txt line: 12854 (asoiaf_canon_children_Tully_8_birth_effect)","jomini_effect.cpp:139 PostValidate of effect 'create_character' returned false at file: common/scripted_effects/asoiaf_canon_children_effects.txt line: * (asoiaf_canon_children_Tully_8_birth_effect)"
"1","0","-1","Script / database error","AGOT+","11817","jomini_effect.cpp:139","PostValidate of effect 'create_character' returned false at file: common/scripted_effects/asoiaf_canon_children_effects.txt line: 3495 (asoiaf_canon_children_Tyrell_10_birth_effect)","jomini_effect.cpp:139 PostValidate of effect 'create_character' returned false at file: common/scripted_effects/asoiaf_canon_children_effects.txt line: * (asoiaf_canon_children_Tyrell_10_birth_effect)"
"1","0","-1","Script / database error","AGOT+","11822","jomini_effect.cpp:139","PostValidate of effect 'create_character' returned false at file: common/scripted_effects/asoiaf_canon_children_effects.txt line: 3548 (asoiaf_canon_children_Tyrell_11_birth_effect)","jomini_effect.cpp:139 PostValidate of effect 'create_character' returned false at file: common/scripted_effects/asoiaf_canon_children_effects.txt line: * (asoiaf_canon_children_Tyrell_11_birth_effect)"
"1","0","-1","Script / database error","AGOT+","11827","jomini_effect.cpp:139","PostValidate of effect 'create_character' returned false at file: common/scripted_effects/asoiaf_canon_children_effects.txt line: 3616 (asoiaf_canon_children_Tyrell_12_birth_effect)","jomini_effect.cpp:139 PostValidate of effect 'create_character' returned false at file: common/scripted_effects/asoiaf_canon_children_effects.txt line: * (asoiaf_canon_children_Tyrell_12_birth_effect)"
"1","0","-1","Script / database error","AGOT+","11832","jomini_effect.cpp:139","PostValidate of effect 'create_character' returned false at file: common/scripted_effects/asoiaf_canon_children_effects.txt line: 3678 (asoiaf_canon_children_Tyrell_13_birth_effect)","jomini_effect.cpp:139 PostValidate of effect 'create_character' returned false at file: common/scripted_effects/asoiaf_canon_children_effects.txt line: * (asoiaf_canon_children_Tyrell_13_birth_effect)"
"1","0","-1","Script / database error","AGOT+","11837","jomini_effect.cpp:139","PostValidate of effect 'create_character' returned false at file: common/scripted_effects/asoiaf_canon_children_effects.txt line: 3762 (asoiaf_canon_children_Tyrell_14_birth_effect)","jomini_effect.cpp:139 PostValidate of effect 'create_character' returned false at file: common/scripted_effects/asoiaf_canon_children_effects.txt line: * (asoiaf_canon_children_Tyrell_14_birth_effect)"
"1","0","-1","Script / database error","AGOT+","11807","jomini_effect.cpp:139","PostValidate of effect 'create_character' returned false at file: common/scripted_effects/asoiaf_canon_children_effects.txt line: 3392 (asoiaf_canon_children_Tyrell_8_birth_effect)","jomini_effect.cpp:139 PostValidate of effect 'create_character' returned false at file: common/scripted_effects/asoiaf_canon_children_effects.txt line: * (asoiaf_canon_children_Tyrell_8_birth_effect)"
"1","0","-1","Script / database error","AGOT+","11812","jomini_effect.cpp:139","PostValidate of effect 'create_character' returned false at file: common/scripted_effects/asoiaf_canon_children_effects.txt line: 3456 (asoiaf_canon_children_Tyrell_9_birth_effect)","jomini_effect.cpp:139 PostValidate of effect 'create_character' returned false at file: common/scripted_effects/asoiaf_canon_children_effects.txt line: * (asoiaf_canon_children_Tyrell_9_birth_effect)"
"1","0","-1","Script / database error","AGOT+","12422","jomini_effect.cpp:139","PostValidate of effect 'create_character' returned false at file: common/scripted_effects/asoiaf_canon_children_effects.txt line: 11669 (asoiaf_canon_children_Velaryon_34_birth_effect)","jomini_effect.cpp:139 PostValidate of effect 'create_character' returned false at file: common/scripted_effects/asoiaf_canon_children_effects.txt line: * (asoiaf_canon_children_Velaryon_34_birth_effect)"
"1","0","-1","Script / database error","AGOT+","12427","jomini_effect.cpp:139","PostValidate of effect 'create_character' returned false at file: common/scripted_effects/asoiaf_canon_children_effects.txt line: 11760 (asoiaf_canon_children_Velaryon_35_birth_effect)","jomini_effect.cpp:139 PostValidate of effect 'create_character' returned false at file: common/scripted_effects/asoiaf_canon_children_effects.txt line: * (asoiaf_canon_children_Velaryon_35_birth_effect)"
"1","0","-1","Script / database error","AGOT+","12432","jomini_effect.cpp:139","PostValidate of effect 'create_character' returned false at file: common/scripted_effects/asoiaf_canon_children_effects.txt line: 11861 (asoiaf_canon_children_Velaryon_43_birth_effect)","jomini_effect.cpp:139 PostValidate of effect 'create_character' returned false at file: common/scripted_effects/asoiaf_canon_children_effects.txt line: * (asoiaf_canon_children_Velaryon_43_birth_effect)"
"1","0","-1","Script / database error","AGOT+","12437","jomini_effect.cpp:139","PostValidate of effect 'create_character' returned false at file: common/scripted_effects/asoiaf_canon_children_effects.txt line: 11994 (asoiaf_canon_children_Velaryon_44_birth_effect)","jomini_effect.cpp:139 PostValidate of effect 'create_character' returned false at file: common/scripted_effects/asoiaf_canon_children_effects.txt line: * (asoiaf_canon_children_Velaryon_44_birth_effect)"
"2","0","-2","Script / database error","AGOT+","11387","jomini_effect.cpp:139","PostValidate of effect 'create_character' returned false at file: events/asoiaf_young_griff_landing_events.txt line: 76 (asoiaf_young_griff_landing_events.3:immediate)","jomini_effect.cpp:139 PostValidate of effect 'create_character' returned false at file: events/asoiaf_young_griff_landing_events.txt line: * (asoiaf_young_griff_landing_events.3:immediate)"
"1","0","-1","Script / database error","AGOT+ | Исправления совместимости","12582","jomini_effect.cpp:139","PostValidate of effect 'make_trait_inactive' returned false at file: common/scripted_effects/asoiaf_agot_overwrite_effects.txt line: 49 (agot_scenario_rr_toj_create_baby_snow_effect)","jomini_effect.cpp:139 PostValidate of effect 'make_trait_inactive' returned false at file: common/scripted_effects/asoiaf_agot_overwrite_effects.txt line: * (agot_scenario_rr_toj_create_baby_snow_effect)"
"2","0","-2","Script / database error","AGOT+","11527","jomini_effect.cpp:139","PostValidate of effect 'make_trait_inactive' returned false at file: common/scripted_effects/asoiaf_assign_inactive_traits_effects.txt line: 92 (asoiaf_assign_inactive_traits_effect)","jomini_effect.cpp:139 PostValidate of effect 'make_trait_inactive' returned false at file: common/scripted_effects/asoiaf_assign_inactive_traits_effects.txt line: * (asoiaf_assign_inactive_traits_effect)"
"1","0","-1","Script / database error","AGOT+ | Исправления совместимости","11522","jomini_effect.cpp:139","PostValidate of effect 'make_trait_inactive' returned false at file: common/scripted_effects/asoiaf_targaryen_invasion_claimants_effects.txt line: 79 (asoiaf_targaryen_invasion_claimants_spawn_aegon_effect:after_creation)","jomini_effect.cpp:139 PostValidate of effect 'make_trait_inactive' returned false at file: common/scripted_effects/asoiaf_targaryen_invasion_claimants_effects.txt line: * (asoiaf_targaryen_invasion_claimants_spawn_aegon_effect:after_creation)"
"4","0","-4","Script / database error","AGOT+","12562","jomini_effect.cpp:139","PostValidate of effect 'remove_trait' returned false at file: common/scripted_effects/asoiaf_clear_traits_effects.txt line: 777 (asoiaf_clear_lifestyle_traits_effect)","jomini_effect.cpp:139 PostValidate of effect 'remove_trait' returned false at file: common/scripted_effects/asoiaf_clear_traits_effects.txt line: * (asoiaf_clear_lifestyle_traits_effect)"
"1","0","-1","Script / database error","AGOT+ | Исправления совместимости","11502","jomini_effect.cpp:139","PostValidate of effect 'remove_trait' returned false at file: common/scripted_effects/asoiaf_setup_effects.txt line: 5470 (asoiaf_got_traits_effect)","jomini_effect.cpp:139 PostValidate of effect 'remove_trait' returned false at file: common/scripted_effects/asoiaf_setup_effects.txt line: * (asoiaf_got_traits_effect)"
"2","0","-2","Script / database error","AGOT+ | Исправления совместимости","11512","jomini_effect.cpp:139","PostValidate of effect 'set_focus' returned false at file: common/scripted_effects/asoiaf_setup_effects.txt line: 6249 (asoiaf_got_traits_effect)","jomini_effect.cpp:139 PostValidate of effect 'set_focus' returned false at file: common/scripted_effects/asoiaf_setup_effects.txt line: * (asoiaf_got_traits_effect)"
"1","0","-1","Script / database error","A Game of Thrones","10035","jomini_eventmanager.cpp:428","Duplicated event ID 'agot_activity_commission_crown.0001' found. New Location: 'file: events/activities/agot_coronation_activity/agot_coronation_crown_commission_events.txt line: 3 (agot_activity_commission_crown.0001)', Previous Location: 'file: events/activities/agot_coronation_activity/agot_coronation_crown_commission_events.txt line: 3 (agot_activity_commission_crown.0001)'","jomini_eventmanager.cpp:428 Duplicated event ID 'agot_activity_commission_crown.0001' found. New Location: 'file: events/activities/agot_coronation_activity/agot_coronation_crown_commission_events.txt line: * (agot_activity_commission_crown.0001)', Previous Location: 'file: events/activities/agot_coronation_activity/agot_coronation_crown_commission_events.txt line: * (agot_activity_commission_crown.0001)'"
"1","0","-1","Script / database error","","10790","jomini_onaction.cpp:29","No on_action scripted with tag asoiaf_alternative_arryn_sigil cannot link","jomini_onaction.cpp:29 No on_action scripted with tag asoiaf_alternative_arryn_sigil cannot link"
"1","0","-1","Script / database error","AGOT+","11538","jomini_script_system.cpp:303","Script system error!
  Error: add_character_modifier effect [ Invalid database object 'asoiaf_Greyjoy_13_alt_modifier' ]
  Script location: file: common/scripted_effects/asoiaf_assign_inactive_traits_effects.txt line: 2606 (asoiaf_assign_inactive_traits_effect)","jomini_script_system.cpp:303 Script system error!
  Error: add_character_modifier effect [ Invalid database object 'asoiaf_Greyjoy_13_alt_modifier' ]
  Script location: file: common/scripted_effects/asoiaf_assign_inactive_traits_effects.txt line: * (asoiaf_assign_inactive_traits_effect)"
"1","0","-1","Script / database error","AGOT+","12548","jomini_script_system.cpp:303","Script system error!
  Error: add_character_modifier effect [ Invalid database object 'asoiaf_Greyjoy_13_alt_modifier' ]
  Script location: file: common/scripted_effects/asoiaf_canon_children_effects.txt line: 13359 (asoiaf_canon_children_Greyjoy_13_birth_effect:after_creation)","jomini_script_system.cpp:303 Script system error!
  Error: add_character_modifier effect [ Invalid database object 'asoiaf_Greyjoy_13_alt_modifier' ]
  Script location: file: common/scripted_effects/asoiaf_canon_children_effects.txt line: * (asoiaf_canon_children_Greyjoy_13_birth_effect:after_creation)"
"1","0","-1","Script / database error","AGOT+","11528","jomini_script_system.cpp:303","Script system error!
  Error: add_character_modifier effect [ Invalid database object 'asoiaf_Targaryen_95_modifier' ]
  Script location: file: common/scripted_effects/asoiaf_assign_inactive_traits_effects.txt line: 813 (asoiaf_assign_inactive_traits_effect)","jomini_script_system.cpp:303 Script system error!
  Error: add_character_modifier effect [ Invalid database object 'asoiaf_Targaryen_95_modifier' ]
  Script location: file: common/scripted_effects/asoiaf_assign_inactive_traits_effects.txt line: * (asoiaf_assign_inactive_traits_effect)"
"1","0","-1","Script / database error","AGOT+","11030","jomini_script_system.cpp:303","Script system error!
  Error: add_character_modifier effect [ Modifier 'asoiaf_Greyjoy_13_alt_modifier' doesn't match expected type 'character', due to 'none' ]
  Script location: file: common/scripted_effects/asoiaf_assign_inactive_traits_effects.txt line: 2606 (asoiaf_assign_inactive_traits_effect)","jomini_script_system.cpp:303 Script system error!
  Error: add_character_modifier effect [ Modifier 'asoiaf_Greyjoy_13_alt_modifier' doesn't match expected type 'character', due to 'none' ]
  Script location: file: common/scripted_effects/asoiaf_assign_inactive_traits_effects.txt line: * (asoiaf_assign_inactive_traits_effect)"
"1","0","-1","Script / database error","AGOT+","11290","jomini_script_system.cpp:303","Script system error!
  Error: add_character_modifier effect [ Modifier 'asoiaf_Greyjoy_13_alt_modifier' doesn't match expected type 'character', due to 'none' ]
  Script location: file: common/scripted_effects/asoiaf_canon_children_effects.txt line: 13359 (asoiaf_canon_children_Greyjoy_13_birth_effect:after_creation)","jomini_script_system.cpp:303 Script system error!
  Error: add_character_modifier effect [ Modifier 'asoiaf_Greyjoy_13_alt_modifier' doesn't match expected type 'character', due to 'none' ]
  Script location: file: common/scripted_effects/asoiaf_canon_children_effects.txt line: * (asoiaf_canon_children_Greyjoy_13_birth_effect:after_creation)"
"1","0","-1","Script / database error","AGOT+","11026","jomini_script_system.cpp:303","Script system error!
  Error: add_character_modifier effect [ Modifier 'asoiaf_Targaryen_95_modifier' doesn't match expected type 'character', due to 'none' ]
  Script location: file: common/scripted_effects/asoiaf_assign_inactive_traits_effects.txt line: 813 (asoiaf_assign_inactive_traits_effect)","jomini_script_system.cpp:303 Script system error!
  Error: add_character_modifier effect [ Modifier 'asoiaf_Targaryen_95_modifier' doesn't match expected type 'character', due to 'none' ]
  Script location: file: common/scripted_effects/asoiaf_assign_inactive_traits_effects.txt line: * (asoiaf_assign_inactive_traits_effect)"
"3","0","-3","Script / database error","AGOT+ | Исправления совместимости","11488","jomini_script_system.cpp:303","Script system error!
  Error: add_trait effect [ target: Not found in database class CTraitDatabase ]
  Script location: file: common/scripted_effects/asoiaf_setup_effects.txt line: 4310 (asoiaf_got_traits_effect)","jomini_script_system.cpp:303 Script system error!
  Error: add_trait effect [ target: Not found in database class CTraitDatabase ]
  Script location: file: common/scripted_effects/asoiaf_setup_effects.txt line: * (asoiaf_got_traits_effect)"
"1","0","-1","Script / database error","AGOT+","11788","jomini_script_system.cpp:303","Script system error!
  Error: create_character effect [ Cannot specify both location and employer ]
  Script location: file: common/scripted_effects/asoiaf_canon_children_effects.txt line: 3248 (asoiaf_canon_children_Arryn_3_1_birth_effect)","jomini_script_system.cpp:303 Script system error!
  Error: create_character effect [ Cannot specify both location and employer ]
  Script location: file: common/scripted_effects/asoiaf_canon_children_effects.txt line: * (asoiaf_canon_children_Arryn_3_1_birth_effect)"
"1","0","-1","Script / database error","AGOT+","11793","jomini_script_system.cpp:303","Script system error!
  Error: create_character effect [ Cannot specify both location and employer ]
  Script location: file: common/scripted_effects/asoiaf_canon_children_effects.txt line: 3288 (asoiaf_canon_children_Arryn_3_2_birth_effect)","jomini_script_system.cpp:303 Script system error!
  Error: create_character effect [ Cannot specify both location and employer ]
  Script location: file: common/scripted_effects/asoiaf_canon_children_effects.txt line: * (asoiaf_canon_children_Arryn_3_2_birth_effect)"
"1","0","-1","Script / database error","AGOT+","11783","jomini_script_system.cpp:303","Script system error!
  Error: create_character effect [ Cannot specify both location and employer ]
  Script location: file: common/scripted_effects/asoiaf_canon_children_effects.txt line: 3203 (asoiaf_canon_children_Arryn_7_birth_effect)","jomini_script_system.cpp:303 Script system error!
  Error: create_character effect [ Cannot specify both location and employer ]
  Script location: file: common/scripted_effects/asoiaf_canon_children_effects.txt line: * (asoiaf_canon_children_Arryn_7_birth_effect)"
"1","0","-1","Script / database error","AGOT+","11798","jomini_script_system.cpp:303","Script system error!
  Error: create_character effect [ Cannot specify both location and employer ]
  Script location: file: common/scripted_effects/asoiaf_canon_children_effects.txt line: 3327 (asoiaf_canon_children_Arryn_8_birth_effect)","jomini_script_system.cpp:303 Script system error!
  Error: create_character effect [ Cannot specify both location and employer ]
  Script location: file: common/scripted_effects/asoiaf_canon_children_effects.txt line: * (asoiaf_canon_children_Arryn_8_birth_effect)"
"1","0","-1","Script / database error","AGOT+","11663","jomini_script_system.cpp:303","Script system error!
  Error: create_character effect [ Cannot specify both location and employer ]
  Script location: file: common/scripted_effects/asoiaf_canon_children_effects.txt line: 1364 (asoiaf_canon_children_Baratheon_1_birth_effect)","jomini_script_system.cpp:303 Script system error!
  Error: create_character effect [ Cannot specify both location and employer ]
  Script location: file: common/scripted_effects/asoiaf_canon_children_effects.txt line: * (asoiaf_canon_children_Baratheon_1_birth_effect)"
"1","0","-1","Script / database error","AGOT+","11718","jomini_script_system.cpp:303","Script system error!
  Error: create_character effect [ Cannot specify both location and employer ]
  Script location: file: common/scripted_effects/asoiaf_canon_children_effects.txt line: 2314 (asoiaf_canon_children_Baratheon_13_birth_effect)","jomini_script_system.cpp:303 Script system error!
  Error: create_character effect [ Cannot specify both location and employer ]
  Script location: file: common/scripted_effects/asoiaf_canon_children_effects.txt line: * (asoiaf_canon_children_Baratheon_13_birth_effect)"
"1","0","-1","Script / database error","AGOT+","11683","jomini_script_system.cpp:303","Script system error!
  Error: create_character effect [ Cannot specify both location and employer ]
  Script location: file: common/scripted_effects/asoiaf_canon_children_effects.txt line: 1634 (asoiaf_canon_children_Baratheon_2_1_birth_effect)","jomini_script_system.cpp:303 Script system error!
  Error: create_character effect [ Cannot specify both location and employer ]
  Script location: file: common/scripted_effects/asoiaf_canon_children_effects.txt line: * (asoiaf_canon_children_Baratheon_2_1_birth_effect)"
"1","0","-1","Script / database error","AGOT+","11668","jomini_script_system.cpp:303","Script system error!
  Error: create_character effect [ Cannot specify both location and employer ]
  Script location: file: common/scripted_effects/asoiaf_canon_children_effects.txt line: 1423 (asoiaf_canon_children_Baratheon_2_birth_effect)","jomini_script_system.cpp:303 Script system error!
  Error: create_character effect [ Cannot specify both location and employer ]
  Script location: file: common/scripted_effects/asoiaf_canon_children_effects.txt line: * (asoiaf_canon_children_Baratheon_2_birth_effect)"
"1","0","-1","Script / database error","AGOT+","11703","jomini_script_system.cpp:303","Script system error!
  Error: create_character effect [ Cannot specify both location and employer ]
  Script location: file: common/scripted_effects/asoiaf_canon_children_effects.txt line: 2167 (asoiaf_canon_children_Baratheon_3_1_birth_effect)","jomini_script_system.cpp:303 Script system error!
  Error: create_character effect [ Cannot specify both location and employer ]
  Script location: file: common/scripted_effects/asoiaf_canon_children_effects.txt line: * (asoiaf_canon_children_Baratheon_3_1_birth_effect)"
"1","0","-1","Script / database error","AGOT+","11708","jomini_script_system.cpp:303","Script system error!
  Error: create_character effect [ Cannot specify both location and employer ]
  Script location: file: common/scripted_effects/asoiaf_canon_children_effects.txt line: 2216 (asoiaf_canon_children_Baratheon_3_2_birth_effect)","jomini_script_system.cpp:303 Script system error!
  Error: create_character effect [ Cannot specify both location and employer ]
  Script location: file: common/scripted_effects/asoiaf_canon_children_effects.txt line: * (asoiaf_canon_children_Baratheon_3_2_birth_effect)"
"1","0","-1","Script / database error","AGOT+","11713","jomini_script_system.cpp:303","Script system error!
  Error: create_character effect [ Cannot specify both location and employer ]
  Script location: file: common/scripted_effects/asoiaf_canon_children_effects.txt line: 2265 (asoiaf_canon_children_Baratheon_3_3_birth_effect)","jomini_script_system.cpp:303 Script system error!
  Error: create_character effect [ Cannot specify both location and employer ]
  Script location: file: common/scripted_effects/asoiaf_canon_children_effects.txt line: * (asoiaf_canon_children_Baratheon_3_3_birth_effect)"
"1","0","-1","Script / database error","AGOT+","11673","jomini_script_system.cpp:303","Script system error!
  Error: create_character effect [ Cannot specify both location and employer ]
  Script location: file: common/scripted_effects/asoiaf_canon_children_effects.txt line: 1488 (asoiaf_canon_children_Baratheon_3_birth_effect)","jomini_script_system.cpp:303 Script system error!
  Error: create_character effect [ Cannot specify both location and employer ]
  Script location: file: common/scripted_effects/asoiaf_canon_children_effects.txt line: * (asoiaf_canon_children_Baratheon_3_birth_effect)"
"1","0","-1","Script / database error","AGOT+","11678","jomini_script_system.cpp:303","Script system error!
  Error: create_character effect [ Cannot specify both location and employer ]
  Script location: file: common/scripted_effects/asoiaf_canon_children_effects.txt line: 1560 (asoiaf_canon_children_Baratheon_4_birth_effect)","jomini_script_system.cpp:303 Script system error!
  Error: create_character effect [ Cannot specify both location and employer ]
  Script location: file: common/scripted_effects/asoiaf_canon_children_effects.txt line: * (asoiaf_canon_children_Baratheon_4_birth_effect)"
"1","0","-1","Script / database error","AGOT+","11688","jomini_script_system.cpp:303","Script system error!
  Error: create_character effect [ Cannot specify both location and employer ]
  Script location: file: common/scripted_effects/asoiaf_canon_children_effects.txt line: 1706 (asoiaf_canon_children_Baratheon_5_birth_effect)","jomini_script_system.cpp:303 Script system error!
  Error: create_character effect [ Cannot specify both location and employer ]
  Script location: file: common/scripted_effects/asoiaf_canon_children_effects.txt line: * (asoiaf_canon_children_Baratheon_5_birth_effect)"
"1","0","-1","Script / database error","AGOT+","11693","jomini_script_system.cpp:303","Script system error!
  Error: create_character effect [ Cannot specify both location and employer ]
  Script location: file: common/scripted_effects/asoiaf_canon_children_effects.txt line: 1854 (asoiaf_canon_children_Baratheon_6_birth_effect)","jomini_script_system.cpp:303 Script system error!
  Error: create_character effect [ Cannot specify both location and employer ]
  Script location: file: common/scripted_effects/asoiaf_canon_children_effects.txt line: * (asoiaf_canon_children_Baratheon_6_birth_effect)"
"1","0","-1","Script / database error","AGOT+","11698","jomini_script_system.cpp:303","Script system error!
  Error: create_character effect [ Cannot specify both location and employer ]
  Script location: file: common/scripted_effects/asoiaf_canon_children_effects.txt line: 1996 (asoiaf_canon_children_Baratheon_7_birth_effect)","jomini_script_system.cpp:303 Script system error!
  Error: create_character effect [ Cannot specify both location and employer ]
  Script location: file: common/scripted_effects/asoiaf_canon_children_effects.txt line: * (asoiaf_canon_children_Baratheon_7_birth_effect)"
"1","0","-1","Script / database error","AGOT+","12453","jomini_script_system.cpp:303","Script system error!
  Error: create_character effect [ Cannot specify both location and employer ]
  Script location: file: common/scripted_effects/asoiaf_canon_children_effects.txt line: 12356 (asoiaf_canon_children_Dayne_3_birth_effect)","jomini_script_system.cpp:303 Script system error!
  Error: create_character effect [ Cannot specify both location and employer ]
  Script location: file: common/scripted_effects/asoiaf_canon_children_effects.txt line: * (asoiaf_canon_children_Dayne_3_birth_effect)"
"1","0","-1","Script / database error","AGOT+","12463","jomini_script_system.cpp:303","Script system error!
  Error: create_character effect [ Cannot specify both location and employer ]
  Script location: file: common/scripted_effects/asoiaf_canon_children_effects.txt line: 12453 (asoiaf_canon_children_Dayne_4_birth_effect)","jomini_script_system.cpp:303 Script system error!
  Error: create_character effect [ Cannot specify both location and employer ]
  Script location: file: common/scripted_effects/asoiaf_canon_children_effects.txt line: * (asoiaf_canon_children_Dayne_4_birth_effect)"
"1","0","-1","Script / database error","AGOT+","12458","jomini_script_system.cpp:303","Script system error!
  Error: create_character effect [ Cannot specify both location and employer ]
  Script location: file: common/scripted_effects/asoiaf_canon_children_effects.txt line: 12389 (asoiaf_canon_children_Dayne_5_birth_effect)","jomini_script_system.cpp:303 Script system error!
  Error: create_character effect [ Cannot specify both location and employer ]
  Script location: file: common/scripted_effects/asoiaf_canon_children_effects.txt line: * (asoiaf_canon_children_Dayne_5_birth_effect)"
"1","0","-1","Script / database error","AGOT+","12468","jomini_script_system.cpp:303","Script system error!
  Error: create_character effect [ Cannot specify both location and employer ]
  Script location: file: common/scripted_effects/asoiaf_canon_children_effects.txt line: 12506 (asoiaf_canon_children_Dayne_6_birth_effect)","jomini_script_system.cpp:303 Script system error!
  Error: create_character effect [ Cannot specify both location and employer ]
  Script location: file: common/scripted_effects/asoiaf_canon_children_effects.txt line: * (asoiaf_canon_children_Dayne_6_birth_effect)"
"1","0","-1","Script / database error","AGOT+","12473","jomini_script_system.cpp:303","Script system error!
  Error: create_character effect [ Cannot specify both location and employer ]
  Script location: file: common/scripted_effects/asoiaf_canon_children_effects.txt line: 12545 (asoiaf_canon_children_Dayne_7_birth_effect)","jomini_script_system.cpp:303 Script system error!
  Error: create_character effect [ Cannot specify both location and employer ]
  Script location: file: common/scripted_effects/asoiaf_canon_children_effects.txt line: * (asoiaf_canon_children_Dayne_7_birth_effect)"
"1","0","-1","Script / database error","AGOT+","12533","jomini_script_system.cpp:303","Script system error!
  Error: create_character effect [ Cannot specify both location and employer ]
  Script location: file: common/scripted_effects/asoiaf_canon_children_effects.txt line: 13222 (asoiaf_canon_children_Greyjoy_11_birth_effect)","jomini_script_system.cpp:303 Script system error!
  Error: create_character effect [ Cannot specify both location and employer ]
  Script location: file: common/scripted_effects/asoiaf_canon_children_effects.txt line: * (asoiaf_canon_children_Greyjoy_11_birth_effect)"
"1","0","-1","Script / database error","AGOT+","12538","jomini_script_system.cpp:303","Script system error!
  Error: create_character effect [ Cannot specify both location and employer ]
  Script location: file: common/scripted_effects/asoiaf_canon_children_effects.txt line: 13279 (asoiaf_canon_children_Greyjoy_12_birth_effect)","jomini_script_system.cpp:303 Script system error!
  Error: create_character effect [ Cannot specify both location and employer ]
  Script location: file: common/scripted_effects/asoiaf_canon_children_effects.txt line: * (asoiaf_canon_children_Greyjoy_12_birth_effect)"
"1","0","-1","Script / database error","AGOT+","12543","jomini_script_system.cpp:303","Script system error!
  Error: create_character effect [ Cannot specify both location and employer ]
  Script location: file: common/scripted_effects/asoiaf_canon_children_effects.txt line: 13333 (asoiaf_canon_children_Greyjoy_13_birth_effect)","jomini_script_system.cpp:303 Script system error!
  Error: create_character effect [ Cannot specify both location and employer ]
  Script location: file: common/scripted_effects/asoiaf_canon_children_effects.txt line: * (asoiaf_canon_children_Greyjoy_13_birth_effect)"
"1","0","-1","Script / database error","AGOT+","12553","jomini_script_system.cpp:303","Script system error!
  Error: create_character effect [ Cannot specify both location and employer ]
  Script location: file: common/scripted_effects/asoiaf_canon_children_effects.txt line: 13408 (asoiaf_canon_children_Greyjoy_14_birth_effect)","jomini_script_system.cpp:303 Script system error!
  Error: create_character effect [ Cannot specify both location and employer ]
  Script location: file: common/scripted_effects/asoiaf_canon_children_effects.txt line: * (asoiaf_canon_children_Greyjoy_14_birth_effect)"
"1","0","-1","Script / database error","AGOT+","12033","jomini_script_system.cpp:303","Script system error!
  Error: create_character effect [ Cannot specify both location and employer ]
  Script location: file: common/scripted_effects/asoiaf_canon_children_effects.txt line: 6181 (asoiaf_canon_children_Hammer_1_birth_effect)","jomini_script_system.cpp:303 Script system error!
  Error: create_character effect [ Cannot specify both location and employer ]
  Script location: file: common/scripted_effects/asoiaf_canon_children_effects.txt line: * (asoiaf_canon_children_Hammer_1_birth_effect)"
"1","0","-1","Script / database error","AGOT+","12038","jomini_script_system.cpp:303","Script system error!
  Error: create_character effect [ Cannot specify both location and employer ]
  Script location: file: common/scripted_effects/asoiaf_canon_children_effects.txt line: 6234 (asoiaf_canon_children_Hammer_2_birth_effect)","jomini_script_system.cpp:303 Script system error!
  Error: create_character effect [ Cannot specify both location and employer ]
  Script location: file: common/scripted_effects/asoiaf_canon_children_effects.txt line: * (asoiaf_canon_children_Hammer_2_birth_effect)"
"1","0","-1","Script / database error","AGOT+","11863","jomini_script_system.cpp:303","Script system error!
  Error: create_character effect [ Cannot specify both location and employer ]
  Script location: file: common/scripted_effects/asoiaf_canon_children_effects.txt line: 4094 (asoiaf_canon_children_Hightower_96_birth_effect)","jomini_script_system.cpp:303 Script system error!
  Error: create_character effect [ Cannot specify both location and employer ]
  Script location: file: common/scripted_effects/asoiaf_canon_children_effects.txt line: * (asoiaf_canon_children_Hightower_96_birth_effect)"
"1","0","-1","Script / database error","AGOT+","11868","jomini_script_system.cpp:303","Script system error!
  Error: create_character effect [ Cannot specify both location and employer ]
  Script location: file: common/scripted_effects/asoiaf_canon_children_effects.txt line: 4139 (asoiaf_canon_children_Hightower_97_birth_effect)","jomini_script_system.cpp:303 Script system error!
  Error: create_character effect [ Cannot specify both location and employer ]
  Script location: file: common/scripted_effects/asoiaf_canon_children_effects.txt line: * (asoiaf_canon_children_Hightower_97_birth_effect)"
"1","0","-1","Script / database error","AGOT+","11873","jomini_script_system.cpp:303","Script system error!
  Error: create_character effect [ Cannot specify both location and employer ]
  Script location: file: common/scripted_effects/asoiaf_canon_children_effects.txt line: 4196 (asoiaf_canon_children_Hightower_98_birth_effect)","jomini_script_system.cpp:303 Script system error!
  Error: create_character effect [ Cannot specify both location and employer ]
  Script location: file: common/scripted_effects/asoiaf_canon_children_effects.txt line: * (asoiaf_canon_children_Hightower_98_birth_effect)"
"1","0","-1","Script / database error","AGOT+","11878","jomini_script_system.cpp:303","Script system error!
  Error: create_character effect [ Cannot specify both location and employer ]
  Script location: file: common/scripted_effects/asoiaf_canon_children_effects.txt line: 4238 (asoiaf_canon_children_Hightower_99_birth_effect)","jomini_script_system.cpp:303 Script system error!
  Error: create_character effect [ Cannot specify both location and employer ]
  Script location: file: common/scripted_effects/asoiaf_canon_children_effects.txt line: * (asoiaf_canon_children_Hightower_99_birth_effect)"
"1","0","-1","Script / database error","AGOT+","11723","jomini_script_system.cpp:303","Script system error!
  Error: create_character effect [ Cannot specify both location and employer ]
  Script location: file: common/scripted_effects/asoiaf_canon_children_effects.txt line: 2374 (asoiaf_canon_children_Lannister_1_birth_effect)","jomini_script_system.cpp:303 Script system error!
  Error: create_character effect [ Cannot specify both location and employer ]
  Script location: file: common/scripted_effects/asoiaf_canon_children_effects.txt line: * (asoiaf_canon_children_Lannister_1_birth_effect)"
"2","0","-2","Script / database error","AGOT+","11768","jomini_script_system.cpp:303","Script system error!
  Error: create_character effect [ Cannot specify both location and employer ]
  Script location: file: common/scripted_effects/asoiaf_canon_children_effects.txt line: 3042 (asoiaf_canon_children_Lannister_10_and_11_birth_effect)","jomini_script_system.cpp:303 Script system error!
  Error: create_character effect [ Cannot specify both location and employer ]
  Script location: file: common/scripted_effects/asoiaf_canon_children_effects.txt line: * (asoiaf_canon_children_Lannister_10_and_11_birth_effect)"
"1","0","-1","Script / database error","AGOT+","11778","jomini_script_system.cpp:303","Script system error!
  Error: create_character effect [ Cannot specify both location and employer ]
  Script location: file: common/scripted_effects/asoiaf_canon_children_effects.txt line: 3142 (asoiaf_canon_children_Lannister_12_birth_effect)","jomini_script_system.cpp:303 Script system error!
  Error: create_character effect [ Cannot specify both location and employer ]
  Script location: file: common/scripted_effects/asoiaf_canon_children_effects.txt line: * (asoiaf_canon_children_Lannister_12_birth_effect)"
"1","0","-1","Script / database error","AGOT+","11728","jomini_script_system.cpp:303","Script system error!
  Error: create_character effect [ Cannot specify both location and employer ]
  Script location: file: common/scripted_effects/asoiaf_canon_children_effects.txt line: 2458 (asoiaf_canon_children_Lannister_2_birth_effect)","jomini_script_system.cpp:303 Script system error!
  Error: create_character effect [ Cannot specify both location and employer ]
  Script location: file: common/scripted_effects/asoiaf_canon_children_effects.txt line: * (asoiaf_canon_children_Lannister_2_birth_effect)"
"1","0","-1","Script / database error","AGOT+","11733","jomini_script_system.cpp:303","Script system error!
  Error: create_character effect [ Cannot specify both location and employer ]
  Script location: file: common/scripted_effects/asoiaf_canon_children_effects.txt line: 2530 (asoiaf_canon_children_Lannister_3_birth_effect)","jomini_script_system.cpp:303 Script system error!
  Error: create_character effect [ Cannot specify both location and employer ]
  Script location: file: common/scripted_effects/asoiaf_canon_children_effects.txt line: * (asoiaf_canon_children_Lannister_3_birth_effect)"
"1","0","-1","Script / database error","AGOT+","11738","jomini_script_system.cpp:303","Script system error!
  Error: create_character effect [ Cannot specify both location and employer ]
  Script location: file: common/scripted_effects/asoiaf_canon_children_effects.txt line: 2581 (asoiaf_canon_children_Lannister_4_birth_effect)","jomini_script_system.cpp:303 Script system error!
  Error: create_character effect [ Cannot specify both location and employer ]
  Script location: file: common/scripted_effects/asoiaf_canon_children_effects.txt line: * (asoiaf_canon_children_Lannister_4_birth_effect)"
"1","0","-1","Script / database error","AGOT+","11743","jomini_script_system.cpp:303","Script system error!
  Error: create_character effect [ Cannot specify both location and employer ]
  Script location: file: common/scripted_effects/asoiaf_canon_children_effects.txt line: 2635 (asoiaf_canon_children_Lannister_5_birth_effect)","jomini_script_system.cpp:303 Script system error!
  Error: create_character effect [ Cannot specify both location and employer ]
  Script location: file: common/scripted_effects/asoiaf_canon_children_effects.txt line: * (asoiaf_canon_children_Lannister_5_birth_effect)"
"2","0","-2","Script / database error","AGOT+","11748","jomini_script_system.cpp:303","Script system error!
  Error: create_character effect [ Cannot specify both location and employer ]
  Script location: file: common/scripted_effects/asoiaf_canon_children_effects.txt line: 2706 (asoiaf_canon_children_Lannister_6_and_7_birth_effect)","jomini_script_system.cpp:303 Script system error!
  Error: create_character effect [ Cannot specify both location and employer ]
  Script location: file: common/scripted_effects/asoiaf_canon_children_effects.txt line: * (asoiaf_canon_children_Lannister_6_and_7_birth_effect)"
"1","0","-1","Script / database error","AGOT+","11758","jomini_script_system.cpp:303","Script system error!
  Error: create_character effect [ Cannot specify both location and employer ]
  Script location: file: common/scripted_effects/asoiaf_canon_children_effects.txt line: 2866 (asoiaf_canon_children_Lannister_8_birth_effect)","jomini_script_system.cpp:303 Script system error!
  Error: create_character effect [ Cannot specify both location and employer ]
  Script location: file: common/scripted_effects/asoiaf_canon_children_effects.txt line: * (asoiaf_canon_children_Lannister_8_birth_effect)"
"1","0","-1","Script / database error","AGOT+","11763","jomini_script_system.cpp:303","Script system error!
  Error: create_character effect [ Cannot specify both location and employer ]
  Script location: file: common/scripted_effects/asoiaf_canon_children_effects.txt line: 2987 (asoiaf_canon_children_Lannister_9_birth_effect)","jomini_script_system.cpp:303 Script system error!
  Error: create_character effect [ Cannot specify both location and employer ]
  Script location: file: common/scripted_effects/asoiaf_canon_children_effects.txt line: * (asoiaf_canon_children_Lannister_9_birth_effect)"
"1","0","-1","Script / database error","AGOT+","12443","jomini_script_system.cpp:303","Script system error!
  Error: create_character effect [ Cannot specify both location and employer ]
  Script location: file: common/scripted_effects/asoiaf_canon_children_effects.txt line: 12220 (asoiaf_canon_children_Martell_10_birth_effect)","jomini_script_system.cpp:303 Script system error!
  Error: create_character effect [ Cannot specify both location and employer ]
  Script location: file: common/scripted_effects/asoiaf_canon_children_effects.txt line: * (asoiaf_canon_children_Martell_10_birth_effect)"
"1","0","-1","Script / database error","AGOT+","12448","jomini_script_system.cpp:303","Script system error!
  Error: create_character effect [ Cannot specify both location and employer ]
  Script location: file: common/scripted_effects/asoiaf_canon_children_effects.txt line: 12285 (asoiaf_canon_children_Martell_11_birth_effect)","jomini_script_system.cpp:303 Script system error!
  Error: create_character effect [ Cannot specify both location and employer ]
  Script location: file: common/scripted_effects/asoiaf_canon_children_effects.txt line: * (asoiaf_canon_children_Martell_11_birth_effect)"
"1","0","-1","Script / database error","AGOT+","12438","jomini_script_system.cpp:303","Script system error!
  Error: create_character effect [ Cannot specify both location and employer ]
  Script location: file: common/scripted_effects/asoiaf_canon_children_effects.txt line: 12159 (asoiaf_canon_children_Martell_9_birth_effect)","jomini_script_system.cpp:303 Script system error!
  Error: create_character effect [ Cannot specify both location and employer ]
  Script location: file: common/scripted_effects/asoiaf_canon_children_effects.txt line: * (asoiaf_canon_children_Martell_9_birth_effect)"
"1","0","-1","Script / database error","AGOT+","11653","jomini_script_system.cpp:303","Script system error!
  Error: create_character effect [ Cannot specify both location and employer ]
  Script location: file: common/scripted_effects/asoiaf_canon_children_effects.txt line: 1252 (asoiaf_canon_children_Reed_2_birth_effect)","jomini_script_system.cpp:303 Script system error!
  Error: create_character effect [ Cannot specify both location and employer ]
  Script location: file: common/scripted_effects/asoiaf_canon_children_effects.txt line: * (asoiaf_canon_children_Reed_2_birth_effect)"
"1","0","-1","Script / database error","AGOT+","11658","jomini_script_system.cpp:303","Script system error!
  Error: create_character effect [ Cannot specify both location and employer ]
  Script location: file: common/scripted_effects/asoiaf_canon_children_effects.txt line: 1304 (asoiaf_canon_children_Reed_3_birth_effect)","jomini_script_system.cpp:303 Script system error!
  Error: create_character effect [ Cannot specify both location and employer ]
  Script location: file: common/scripted_effects/asoiaf_canon_children_effects.txt line: * (asoiaf_canon_children_Reed_3_birth_effect)"
"1","0","-1","Script / database error","AGOT+","11643","jomini_script_system.cpp:303","Script system error!
  Error: create_character effect [ Cannot specify both location and employer ]
  Script location: file: common/scripted_effects/asoiaf_canon_children_effects.txt line: 1159 (asoiaf_canon_children_Stark_10_birth_effect)","jomini_script_system.cpp:303 Script system error!
  Error: create_character effect [ Cannot specify both location and employer ]
  Script location: file: common/scripted_effects/asoiaf_canon_children_effects.txt line: * (asoiaf_canon_children_Stark_10_birth_effect)"
"1","0","-1","Script / database error","AGOT+","11588","jomini_script_system.cpp:303","Script system error!
  Error: create_character effect [ Cannot specify both location and employer ]
  Script location: file: common/scripted_effects/asoiaf_canon_children_effects.txt line: 585 (asoiaf_canon_children_Stark_100_birth_effect)","jomini_script_system.cpp:303 Script system error!
  Error: create_character effect [ Cannot specify both location and employer ]
  Script location: file: common/scripted_effects/asoiaf_canon_children_effects.txt line: * (asoiaf_canon_children_Stark_100_birth_effect)"
"1","0","-1","Script / database error","AGOT+","11593","jomini_script_system.cpp:303","Script system error!
  Error: create_character effect [ Cannot specify both location and employer ]
  Script location: file: common/scripted_effects/asoiaf_canon_children_effects.txt line: 618 (asoiaf_canon_children_Stark_101_birth_effect)","jomini_script_system.cpp:303 Script system error!
  Error: create_character effect [ Cannot specify both location and employer ]
  Script location: file: common/scripted_effects/asoiaf_canon_children_effects.txt line: * (asoiaf_canon_children_Stark_101_birth_effect)"
"1","0","-1","Script / database error","AGOT+","11598","jomini_script_system.cpp:303","Script system error!
  Error: create_character effect [ Cannot specify both location and employer ]
  Script location: file: common/scripted_effects/asoiaf_canon_children_effects.txt line: 651 (asoiaf_canon_children_Stark_102_birth_effect)","jomini_script_system.cpp:303 Script system error!
  Error: create_character effect [ Cannot specify both location and employer ]
  Script location: file: common/scripted_effects/asoiaf_canon_children_effects.txt line: * (asoiaf_canon_children_Stark_102_birth_effect)"
"1","0","-1","Script / database error","AGOT+","11603","jomini_script_system.cpp:303","Script system error!
  Error: create_character effect [ Cannot specify both location and employer ]
  Script location: file: common/scripted_effects/asoiaf_canon_children_effects.txt line: 696 (asoiaf_canon_children_Stark_103_birth_effect)","jomini_script_system.cpp:303 Script system error!
  Error: create_character effect [ Cannot specify both location and employer ]
  Script location: file: common/scripted_effects/asoiaf_canon_children_effects.txt line: * (asoiaf_canon_children_Stark_103_birth_effect)"
"1","0","-1","Script / database error","AGOT+","11648","jomini_script_system.cpp:303","Script system error!
  Error: create_character effect [ Cannot specify both location and employer ]
  Script location: file: common/scripted_effects/asoiaf_canon_children_effects.txt line: 1204 (asoiaf_canon_children_Stark_11_birth_effect)","jomini_script_system.cpp:303 Script system error!
  Error: create_character effect [ Cannot specify both location and employer ]
  Script location: file: common/scripted_effects/asoiaf_canon_children_effects.txt line: * (asoiaf_canon_children_Stark_11_birth_effect)"
"1","0","-1","Script / database error","AGOT+","11608","jomini_script_system.cpp:303","Script system error!
  Error: create_character effect [ Cannot specify both location and employer ]
  Script location: file: common/scripted_effects/asoiaf_canon_children_effects.txt line: 729 (asoiaf_canon_children_Stark_2_birth_effect)","jomini_script_system.cpp:303 Script system error!
  Error: create_character effect [ Cannot specify both location and employer ]
  Script location: file: common/scripted_effects/asoiaf_canon_children_effects.txt line: * (asoiaf_canon_children_Stark_2_birth_effect)"
"1","0","-1","Script / database error","AGOT+","11613","jomini_script_system.cpp:303","Script system error!
  Error: create_character effect [ Cannot specify both location and employer ]
  Script location: file: common/scripted_effects/asoiaf_canon_children_effects.txt line: 790 (asoiaf_canon_children_Stark_3_birth_effect)","jomini_script_system.cpp:303 Script system error!
  Error: create_character effect [ Cannot specify both location and employer ]
  Script location: file: common/scripted_effects/asoiaf_canon_children_effects.txt line: * (asoiaf_canon_children_Stark_3_birth_effect)"
"1","0","-1","Script / database error","AGOT+","11623","jomini_script_system.cpp:303","Script system error!
  Error: create_character effect [ Cannot specify both location and employer ]
  Script location: file: common/scripted_effects/asoiaf_canon_children_effects.txt line: 918 (asoiaf_canon_children_Stark_4_birth_effect)","jomini_script_system.cpp:303 Script system error!
  Error: create_character effect [ Cannot specify both location and employer ]
  Script location: file: common/scripted_effects/asoiaf_canon_children_effects.txt line: * (asoiaf_canon_children_Stark_4_birth_effect)"
"1","0","-1","Script / database error","AGOT+","11618","jomini_script_system.cpp:303","Script system error!
  Error: create_character effect [ Cannot specify both location and employer ]
  Script location: file: common/scripted_effects/asoiaf_canon_children_effects.txt line: 856 (asoiaf_canon_children_Stark_5_birth_effect)","jomini_script_system.cpp:303 Script system error!
  Error: create_character effect [ Cannot specify both location and employer ]
  Script location: file: common/scripted_effects/asoiaf_canon_children_effects.txt line: * (asoiaf_canon_children_Stark_5_birth_effect)"
"1","0","-1","Script / database error","AGOT+","11628","jomini_script_system.cpp:303","Script system error!
  Error: create_character effect [ Cannot specify both location and employer ]
  Script location: file: common/scripted_effects/asoiaf_canon_children_effects.txt line: 977 (asoiaf_canon_children_Stark_6_birth_effect)","jomini_script_system.cpp:303 Script system error!
  Error: create_character effect [ Cannot specify both location and employer ]
  Script location: file: common/scripted_effects/asoiaf_canon_children_effects.txt line: * (asoiaf_canon_children_Stark_6_birth_effect)"
"1","0","-1","Script / database error","AGOT+","12413","jomini_script_system.cpp:303","Script system error!
  Error: create_character effect [ Cannot specify both location and employer ]
  Script location: file: common/scripted_effects/asoiaf_canon_children_effects.txt line: 11571 (asoiaf_canon_children_Stark_7_birth_effect)","jomini_script_system.cpp:303 Script system error!
  Error: create_character effect [ Cannot specify both location and employer ]
  Script location: file: common/scripted_effects/asoiaf_canon_children_effects.txt line: * (asoiaf_canon_children_Stark_7_birth_effect)"
"1","0","-1","Script / database error","AGOT+","11633","jomini_script_system.cpp:303","Script system error!
  Error: create_character effect [ Cannot specify both location and employer ]
  Script location: file: common/scripted_effects/asoiaf_canon_children_effects.txt line: 1045 (asoiaf_canon_children_Stark_8_birth_effect)","jomini_script_system.cpp:303 Script system error!
  Error: create_character effect [ Cannot specify both location and employer ]
  Script location: file: common/scripted_effects/asoiaf_canon_children_effects.txt line: * (asoiaf_canon_children_Stark_8_birth_effect)"
"1","0","-1","Script / database error","AGOT+","11543","jomini_script_system.cpp:303","Script system error!
  Error: create_character effect [ Cannot specify both location and employer ]
  Script location: file: common/scripted_effects/asoiaf_canon_children_effects.txt line: 124 (asoiaf_canon_children_Stark_86_birth_effect)","jomini_script_system.cpp:303 Script system error!
  Error: create_character effect [ Cannot specify both location and employer ]
  Script location: file: common/scripted_effects/asoiaf_canon_children_effects.txt line: * (asoiaf_canon_children_Stark_86_birth_effect)"
"1","0","-1","Script / database error","AGOT+","11548","jomini_script_system.cpp:303","Script system error!
  Error: create_character effect [ Cannot specify both location and employer ]
  Script location: file: common/scripted_effects/asoiaf_canon_children_effects.txt line: 180 (asoiaf_canon_children_Stark_87_birth_effect)","jomini_script_system.cpp:303 Script system error!
  Error: create_character effect [ Cannot specify both location and employer ]
  Script location: file: common/scripted_effects/asoiaf_canon_children_effects.txt line: * (asoiaf_canon_children_Stark_87_birth_effect)"
"1","0","-1","Script / database error","AGOT+","11553","jomini_script_system.cpp:303","Script system error!
  Error: create_character effect [ Cannot specify both location and employer ]
  Script location: file: common/scripted_effects/asoiaf_canon_children_effects.txt line: 219 (asoiaf_canon_children_Stark_88_birth_effect)","jomini_script_system.cpp:303 Script system error!
  Error: create_character effect [ Cannot specify both location and employer ]
  Script location: file: common/scripted_effects/asoiaf_canon_children_effects.txt line: * (asoiaf_canon_children_Stark_88_birth_effect)"
"1","0","-1","Script / database error","AGOT+","11638","jomini_script_system.cpp:303","Script system error!
  Error: create_character effect [ Cannot specify both location and employer ]
  Script location: file: common/scripted_effects/asoiaf_canon_children_effects.txt line: 1099 (asoiaf_canon_children_Stark_9_birth_effect)","jomini_script_system.cpp:303 Script system error!
  Error: create_character effect [ Cannot specify both location and employer ]
  Script location: file: common/scripted_effects/asoiaf_canon_children_effects.txt line: * (asoiaf_canon_children_Stark_9_birth_effect)"
"1","0","-1","Script / database error","AGOT+","11558","jomini_script_system.cpp:303","Script system error!
  Error: create_character effect [ Cannot specify both location and employer ]
  Script location: file: common/scripted_effects/asoiaf_canon_children_effects.txt line: 356 (asoiaf_canon_children_Stark_94_birth_effect)","jomini_script_system.cpp:303 Script system error!
  Error: create_character effect [ Cannot specify both location and employer ]
  Script location: file: common/scripted_effects/asoiaf_canon_children_effects.txt line: * (asoiaf_canon_children_Stark_94_birth_effect)"
"1","0","-1","Script / database error","AGOT+","11563","jomini_script_system.cpp:303","Script system error!
  Error: create_character effect [ Cannot specify both location and employer ]
  Script location: file: common/scripted_effects/asoiaf_canon_children_effects.txt line: 418 (asoiaf_canon_children_Stark_95_birth_effect)","jomini_script_system.cpp:303 Script system error!
  Error: create_character effect [ Cannot specify both location and employer ]
  Script location: file: common/scripted_effects/asoiaf_canon_children_effects.txt line: * (asoiaf_canon_children_Stark_95_birth_effect)"
"1","0","-1","Script / database error","AGOT+","11568","jomini_script_system.cpp:303","Script system error!
  Error: create_character effect [ Cannot specify both location and employer ]
  Script location: file: common/scripted_effects/asoiaf_canon_children_effects.txt line: 451 (asoiaf_canon_children_Stark_96_birth_effect)","jomini_script_system.cpp:303 Script system error!
  Error: create_character effect [ Cannot specify both location and employer ]
  Script location: file: common/scripted_effects/asoiaf_canon_children_effects.txt line: * (asoiaf_canon_children_Stark_96_birth_effect)"
"1","0","-1","Script / database error","AGOT+","11573","jomini_script_system.cpp:303","Script system error!
  Error: create_character effect [ Cannot specify both location and employer ]
  Script location: file: common/scripted_effects/asoiaf_canon_children_effects.txt line: 484 (asoiaf_canon_children_Stark_97_birth_effect)","jomini_script_system.cpp:303 Script system error!
  Error: create_character effect [ Cannot specify both location and employer ]
  Script location: file: common/scripted_effects/asoiaf_canon_children_effects.txt line: * (asoiaf_canon_children_Stark_97_birth_effect)"
"1","0","-1","Script / database error","AGOT+","11578","jomini_script_system.cpp:303","Script system error!
  Error: create_character effect [ Cannot specify both location and employer ]
  Script location: file: common/scripted_effects/asoiaf_canon_children_effects.txt line: 517 (asoiaf_canon_children_Stark_98_birth_effect)","jomini_script_system.cpp:303 Script system error!
  Error: create_character effect [ Cannot specify both location and employer ]
  Script location: file: common/scripted_effects/asoiaf_canon_children_effects.txt line: * (asoiaf_canon_children_Stark_98_birth_effect)"
"1","0","-1","Script / database error","AGOT+","11583","jomini_script_system.cpp:303","Script system error!
  Error: create_character effect [ Cannot specify both location and employer ]
  Script location: file: common/scripted_effects/asoiaf_canon_children_effects.txt line: 550 (asoiaf_canon_children_Stark_99_birth_effect)","jomini_script_system.cpp:303 Script system error!
  Error: create_character effect [ Cannot specify both location and employer ]
  Script location: file: common/scripted_effects/asoiaf_canon_children_effects.txt line: * (asoiaf_canon_children_Stark_99_birth_effect)"
"1","0","-1","Script / database error","AGOT+","12513","jomini_script_system.cpp:303","Script system error!
  Error: create_character effect [ Cannot specify both location and employer ]
  Script location: file: common/scripted_effects/asoiaf_canon_children_effects.txt line: 13026 (asoiaf_canon_children_Strong_30_birth_effect)","jomini_script_system.cpp:303 Script system error!
  Error: create_character effect [ Cannot specify both location and employer ]
  Script location: file: common/scripted_effects/asoiaf_canon_children_effects.txt line: * (asoiaf_canon_children_Strong_30_birth_effect)"
"1","0","-1","Script / database error","AGOT+","12518","jomini_script_system.cpp:303","Script system error!
  Error: create_character effect [ Cannot specify both location and employer ]
  Script location: file: common/scripted_effects/asoiaf_canon_children_effects.txt line: 13080 (asoiaf_canon_children_Strong_31_birth_effect)","jomini_script_system.cpp:303 Script system error!
  Error: create_character effect [ Cannot specify both location and employer ]
  Script location: file: common/scripted_effects/asoiaf_canon_children_effects.txt line: * (asoiaf_canon_children_Strong_31_birth_effect)"
"1","0","-1","Script / database error","AGOT+","12523","jomini_script_system.cpp:303","Script system error!
  Error: create_character effect [ Cannot specify both location and employer ]
  Script location: file: common/scripted_effects/asoiaf_canon_children_effects.txt line: 13150 (asoiaf_canon_children_Strong_32_birth_effect)","jomini_script_system.cpp:303 Script system error!
  Error: create_character effect [ Cannot specify both location and employer ]
  Script location: file: common/scripted_effects/asoiaf_canon_children_effects.txt line: * (asoiaf_canon_children_Strong_32_birth_effect)"
"1","0","-1","Script / database error","AGOT+","12528","jomini_script_system.cpp:303","Script system error!
  Error: create_character effect [ Cannot specify both location and employer ]
  Script location: file: common/scripted_effects/asoiaf_canon_children_effects.txt line: 13183 (asoiaf_canon_children_Strong_33_birth_effect)","jomini_script_system.cpp:303 Script system error!
  Error: create_character effect [ Cannot specify both location and employer ]
  Script location: file: common/scripted_effects/asoiaf_canon_children_effects.txt line: * (asoiaf_canon_children_Strong_33_birth_effect)"
"1","0","-1","Script / database error","AGOT+","12508","jomini_script_system.cpp:303","Script system error!
  Error: create_character effect [ Cannot specify both location and employer ]
  Script location: file: common/scripted_effects/asoiaf_canon_children_effects.txt line: 12913 (asoiaf_canon_children_Strong_34_birth_effect)","jomini_script_system.cpp:303 Script system error!
  Error: create_character effect [ Cannot specify both location and employer ]
  Script location: file: common/scripted_effects/asoiaf_canon_children_effects.txt line: * (asoiaf_canon_children_Strong_34_birth_effect)"
"1","0","-1","Script / database error","AGOT+","12358","jomini_script_system.cpp:303","Script system error!
  Error: create_character effect [ Cannot specify both location and employer ]
  Script location: file: common/scripted_effects/asoiaf_canon_children_effects.txt line: 10874 (asoiaf_canon_children_Targaryen_1_birth_effect)","jomini_script_system.cpp:303 Script system error!
  Error: create_character effect [ Cannot specify both location and employer ]
  Script location: file: common/scripted_effects/asoiaf_canon_children_effects.txt line: * (asoiaf_canon_children_Targaryen_1_birth_effect)"
"1","0","-1","Script / database error","AGOT+","12403","jomini_script_system.cpp:303","Script system error!
  Error: create_character effect [ Cannot specify both location and employer ]
  Script location: file: common/scripted_effects/asoiaf_canon_children_effects.txt line: 11450 (asoiaf_canon_children_Targaryen_10_birth_effect)","jomini_script_system.cpp:303 Script system error!
  Error: create_character effect [ Cannot specify both location and employer ]
  Script location: file: common/scripted_effects/asoiaf_canon_children_effects.txt line: * (asoiaf_canon_children_Targaryen_10_birth_effect)"
"1","0","-1","Script / database error","AGOT+","12238","jomini_script_system.cpp:303","Script system error!
  Error: create_character effect [ Cannot specify both location and employer ]
  Script location: file: common/scripted_effects/asoiaf_canon_children_effects.txt line: 9480 (asoiaf_canon_children_Targaryen_107_birth_effect)","jomini_script_system.cpp:303 Script system error!
  Error: create_character effect [ Cannot specify both location and employer ]
  Script location: file: common/scripted_effects/asoiaf_canon_children_effects.txt line: * (asoiaf_canon_children_Targaryen_107_birth_effect)"
"1","0","-1","Script / database error","AGOT+","12243","jomini_script_system.cpp:303","Script system error!
  Error: create_character effect [ Cannot specify both location and employer ]
  Script location: file: common/scripted_effects/asoiaf_canon_children_effects.txt line: 9539 (asoiaf_canon_children_Targaryen_108_birth_effect)","jomini_script_system.cpp:303 Script system error!
  Error: create_character effect [ Cannot specify both location and employer ]
  Script location: file: common/scripted_effects/asoiaf_canon_children_effects.txt line: * (asoiaf_canon_children_Targaryen_108_birth_effect)"
"1","0","-1","Script / database error","AGOT+","12248","jomini_script_system.cpp:303","Script system error!
  Error: create_character effect [ Cannot specify both location and employer ]
  Script location: file: common/scripted_effects/asoiaf_canon_children_effects.txt line: 9607 (asoiaf_canon_children_Targaryen_109_birth_effect)","jomini_script_system.cpp:303 Script system error!
  Error: create_character effect [ Cannot specify both location and employer ]
  Script location: file: common/scripted_effects/asoiaf_canon_children_effects.txt line: * (asoiaf_canon_children_Targaryen_109_birth_effect)"
"1","0","-1","Script / database error","AGOT+","12408","jomini_script_system.cpp:303","Script system error!
  Error: create_character effect [ Cannot specify both location and employer ]
  Script location: file: common/scripted_effects/asoiaf_canon_children_effects.txt line: 11487 (asoiaf_canon_children_Targaryen_11_birth_effect)","jomini_script_system.cpp:303 Script system error!
  Error: create_character effect [ Cannot specify both location and employer ]
  Script location: file: common/scripted_effects/asoiaf_canon_children_effects.txt line: * (asoiaf_canon_children_Targaryen_11_birth_effect)"
"1","0","-1","Script / database error","AGOT+","12253","jomini_script_system.cpp:303","Script system error!
  Error: create_character effect [ Cannot specify both location and employer ]
  Script location: file: common/scripted_effects/asoiaf_canon_children_effects.txt line: 9665 (asoiaf_canon_children_Targaryen_110_birth_effect)","jomini_script_system.cpp:303 Script system error!
  Error: create_character effect [ Cannot specify both location and employer ]
  Script location: file: common/scripted_effects/asoiaf_canon_children_effects.txt line: * (asoiaf_canon_children_Targaryen_110_birth_effect)"
"1","0","-1","Script / database error","AGOT+","12258","jomini_script_system.cpp:303","Script system error!
  Error: create_character effect [ Cannot specify both location and employer ]
  Script location: file: common/scripted_effects/asoiaf_canon_children_effects.txt line: 9735 (asoiaf_canon_children_Targaryen_111_birth_effect)","jomini_script_system.cpp:303 Script system error!
  Error: create_character effect [ Cannot specify both location and employer ]
  Script location: file: common/scripted_effects/asoiaf_canon_children_effects.txt line: * (asoiaf_canon_children_Targaryen_111_birth_effect)"
"1","0","-1","Script / database error","AGOT+","12263","jomini_script_system.cpp:303","Script system error!
  Error: create_character effect [ Cannot specify both location and employer ]
  Script location: file: common/scripted_effects/asoiaf_canon_children_effects.txt line: 9801 (asoiaf_canon_children_Targaryen_112_birth_effect)","jomini_script_system.cpp:303 Script system error!
  Error: create_character effect [ Cannot specify both location and employer ]
  Script location: file: common/scripted_effects/asoiaf_canon_children_effects.txt line: * (asoiaf_canon_children_Targaryen_112_birth_effect)"
"1","0","-1","Script / database error","AGOT+","12268","jomini_script_system.cpp:303","Script system error!
  Error: create_character effect [ Cannot specify both location and employer ]
  Script location: file: common/scripted_effects/asoiaf_canon_children_effects.txt line: 9852 (asoiaf_canon_children_Targaryen_113_birth_effect)","jomini_script_system.cpp:303 Script system error!
  Error: create_character effect [ Cannot specify both location and employer ]
  Script location: file: common/scripted_effects/asoiaf_canon_children_effects.txt line: * (asoiaf_canon_children_Targaryen_113_birth_effect)"
"1","0","-1","Script / database error","AGOT+","12273","jomini_script_system.cpp:303","Script system error!
  Error: create_character effect [ Cannot specify both location and employer ]
  Script location: file: common/scripted_effects/asoiaf_canon_children_effects.txt line: 9894 (asoiaf_canon_children_Targaryen_114_birth_effect)","jomini_script_system.cpp:303 Script system error!
  Error: create_character effect [ Cannot specify both location and employer ]
  Script location: file: common/scripted_effects/asoiaf_canon_children_effects.txt line: * (asoiaf_canon_children_Targaryen_114_birth_effect)"
"2","0","-2","Script / database error","AGOT+","12278","jomini_script_system.cpp:303","Script system error!
  Error: create_character effect [ Cannot specify both location and employer ]
  Script location: file: common/scripted_effects/asoiaf_canon_children_effects.txt line: 9936 (asoiaf_canon_children_Targaryen_115_and_116_birth_effect)","jomini_script_system.cpp:303 Script system error!
  Error: create_character effect [ Cannot specify both location and employer ]
  Script location: file: common/scripted_effects/asoiaf_canon_children_effects.txt line: * (asoiaf_canon_children_Targaryen_115_and_116_birth_effect)"
"1","0","-1","Script / database error","AGOT+","12288","jomini_script_system.cpp:303","Script system error!
  Error: create_character effect [ Cannot specify both location and employer ]
  Script location: file: common/scripted_effects/asoiaf_canon_children_effects.txt line: 10042 (asoiaf_canon_children_Targaryen_117_birth_effect)","jomini_script_system.cpp:303 Script system error!
  Error: create_character effect [ Cannot specify both location and employer ]
  Script location: file: common/scripted_effects/asoiaf_canon_children_effects.txt line: * (asoiaf_canon_children_Targaryen_117_birth_effect)"
"1","0","-1","Script / database error","AGOT+","12293","jomini_script_system.cpp:303","Script system error!
  Error: create_character effect [ Cannot specify both location and employer ]
  Script location: file: common/scripted_effects/asoiaf_canon_children_effects.txt line: 10101 (asoiaf_canon_children_Targaryen_118_birth_effect)","jomini_script_system.cpp:303 Script system error!
  Error: create_character effect [ Cannot specify both location and employer ]
  Script location: file: common/scripted_effects/asoiaf_canon_children_effects.txt line: * (asoiaf_canon_children_Targaryen_118_birth_effect)"
"1","0","-1","Script / database error","AGOT+","12298","jomini_script_system.cpp:303","Script system error!
  Error: create_character effect [ Cannot specify both location and employer ]
  Script location: file: common/scripted_effects/asoiaf_canon_children_effects.txt line: 10161 (asoiaf_canon_children_Targaryen_119_birth_effect)","jomini_script_system.cpp:303 Script system error!
  Error: create_character effect [ Cannot specify both location and employer ]
  Script location: file: common/scripted_effects/asoiaf_canon_children_effects.txt line: * (asoiaf_canon_children_Targaryen_119_birth_effect)"
"1","0","-1","Script / database error","AGOT+","12303","jomini_script_system.cpp:303","Script system error!
  Error: create_character effect [ Cannot specify both location and employer ]
  Script location: file: common/scripted_effects/asoiaf_canon_children_effects.txt line: 10237 (asoiaf_canon_children_Targaryen_120_birth_effect)","jomini_script_system.cpp:303 Script system error!
  Error: create_character effect [ Cannot specify both location and employer ]
  Script location: file: common/scripted_effects/asoiaf_canon_children_effects.txt line: * (asoiaf_canon_children_Targaryen_120_birth_effect)"
"1","0","-1","Script / database error","AGOT+","12308","jomini_script_system.cpp:303","Script system error!
  Error: create_character effect [ Cannot specify both location and employer ]
  Script location: file: common/scripted_effects/asoiaf_canon_children_effects.txt line: 10294 (asoiaf_canon_children_Targaryen_121_birth_effect)","jomini_script_system.cpp:303 Script system error!
  Error: create_character effect [ Cannot specify both location and employer ]
  Script location: file: common/scripted_effects/asoiaf_canon_children_effects.txt line: * (asoiaf_canon_children_Targaryen_121_birth_effect)"
"1","0","-1","Script / database error","AGOT+","12313","jomini_script_system.cpp:303","Script system error!
  Error: create_character effect [ Cannot specify both location and employer ]
  Script location: file: common/scripted_effects/asoiaf_canon_children_effects.txt line: 10347 (asoiaf_canon_children_Targaryen_122_birth_effect)","jomini_script_system.cpp:303 Script system error!
  Error: create_character effect [ Cannot specify both location and employer ]
  Script location: file: common/scripted_effects/asoiaf_canon_children_effects.txt line: * (asoiaf_canon_children_Targaryen_122_birth_effect)"
"1","0","-1","Script / database error","AGOT+","12318","jomini_script_system.cpp:303","Script system error!
  Error: create_character effect [ Cannot specify both location and employer ]
  Script location: file: common/scripted_effects/asoiaf_canon_children_effects.txt line: 10404 (asoiaf_canon_children_Targaryen_123_birth_effect)","jomini_script_system.cpp:303 Script system error!
  Error: create_character effect [ Cannot specify both location and employer ]
  Script location: file: common/scripted_effects/asoiaf_canon_children_effects.txt line: * (asoiaf_canon_children_Targaryen_123_birth_effect)"
"1","0","-1","Script / database error","AGOT+","12323","jomini_script_system.cpp:303","Script system error!
  Error: create_character effect [ Cannot specify both location and employer ]
  Script location: file: common/scripted_effects/asoiaf_canon_children_effects.txt line: 10464 (asoiaf_canon_children_Targaryen_124_birth_effect)","jomini_script_system.cpp:303 Script system error!
  Error: create_character effect [ Cannot specify both location and employer ]
  Script location: file: common/scripted_effects/asoiaf_canon_children_effects.txt line: * (asoiaf_canon_children_Targaryen_124_birth_effect)"
"1","0","-1","Script / database error","AGOT+","12328","jomini_script_system.cpp:303","Script system error!
  Error: create_character effect [ Cannot specify both location and employer ]
  Script location: file: common/scripted_effects/asoiaf_canon_children_effects.txt line: 10523 (asoiaf_canon_children_Targaryen_125_birth_effect)","jomini_script_system.cpp:303 Script system error!
  Error: create_character effect [ Cannot specify both location and employer ]
  Script location: file: common/scripted_effects/asoiaf_canon_children_effects.txt line: * (asoiaf_canon_children_Targaryen_125_birth_effect)"
"1","0","-1","Script / database error","AGOT+","12333","jomini_script_system.cpp:303","Script system error!
  Error: create_character effect [ Cannot specify both location and employer ]
  Script location: file: common/scripted_effects/asoiaf_canon_children_effects.txt line: 10573 (asoiaf_canon_children_Targaryen_126_birth_effect)","jomini_script_system.cpp:303 Script system error!
  Error: create_character effect [ Cannot specify both location and employer ]
  Script location: file: common/scripted_effects/asoiaf_canon_children_effects.txt line: * (asoiaf_canon_children_Targaryen_126_birth_effect)"
"1","0","-1","Script / database error","AGOT+","12338","jomini_script_system.cpp:303","Script system error!
  Error: create_character effect [ Cannot specify both location and employer ]
  Script location: file: common/scripted_effects/asoiaf_canon_children_effects.txt line: 10635 (asoiaf_canon_children_Targaryen_127_birth_effect)","jomini_script_system.cpp:303 Script system error!
  Error: create_character effect [ Cannot specify both location and employer ]
  Script location: file: common/scripted_effects/asoiaf_canon_children_effects.txt line: * (asoiaf_canon_children_Targaryen_127_birth_effect)"
"1","0","-1","Script / database error","AGOT+","12343","jomini_script_system.cpp:303","Script system error!
  Error: create_character effect [ Cannot specify both location and employer ]
  Script location: file: common/scripted_effects/asoiaf_canon_children_effects.txt line: 10691 (asoiaf_canon_children_Targaryen_128_birth_effect)","jomini_script_system.cpp:303 Script system error!
  Error: create_character effect [ Cannot specify both location and employer ]
  Script location: file: common/scripted_effects/asoiaf_canon_children_effects.txt line: * (asoiaf_canon_children_Targaryen_128_birth_effect)"
"1","0","-1","Script / database error","AGOT+","12348","jomini_script_system.cpp:303","Script system error!
  Error: create_character effect [ Cannot specify both location and employer ]
  Script location: file: common/scripted_effects/asoiaf_canon_children_effects.txt line: 10745 (asoiaf_canon_children_Targaryen_129_birth_effect)","jomini_script_system.cpp:303 Script system error!
  Error: create_character effect [ Cannot specify both location and employer ]
  Script location: file: common/scripted_effects/asoiaf_canon_children_effects.txt line: * (asoiaf_canon_children_Targaryen_129_birth_effect)"
"1","0","-1","Script / database error","AGOT+","12353","jomini_script_system.cpp:303","Script system error!
  Error: create_character effect [ Cannot specify both location and employer ]
  Script location: file: common/scripted_effects/asoiaf_canon_children_effects.txt line: 10813 (asoiaf_canon_children_Targaryen_130_birth_effect)","jomini_script_system.cpp:303 Script system error!
  Error: create_character effect [ Cannot specify both location and employer ]
  Script location: file: common/scripted_effects/asoiaf_canon_children_effects.txt line: * (asoiaf_canon_children_Targaryen_130_birth_effect)"
"1","0","-1","Script / database error","AGOT+","12063","jomini_script_system.cpp:303","Script system error!
  Error: create_character effect [ Cannot specify both location and employer ]
  Script location: file: common/scripted_effects/asoiaf_canon_children_effects.txt line: 6620 (asoiaf_canon_children_Targaryen_131_birth_effect)","jomini_script_system.cpp:303 Script system error!
  Error: create_character effect [ Cannot specify both location and employer ]
  Script location: file: common/scripted_effects/asoiaf_canon_children_effects.txt line: * (asoiaf_canon_children_Targaryen_131_birth_effect)"
"2","0","-2","Script / database error","AGOT+","12208","jomini_script_system.cpp:303","Script system error!
  Error: create_character effect [ Cannot specify both location and employer ]
  Script location: file: common/scripted_effects/asoiaf_canon_children_effects.txt line: 9055 (asoiaf_canon_children_Targaryen_132_and_133_birth_effect)","jomini_script_system.cpp:303 Script system error!
  Error: create_character effect [ Cannot specify both location and employer ]
  Script location: file: common/scripted_effects/asoiaf_canon_children_effects.txt line: * (asoiaf_canon_children_Targaryen_132_and_133_birth_effect)"
"1","0","-1","Script / database error","AGOT+","12203","jomini_script_system.cpp:303","Script system error!
  Error: create_character effect [ Cannot specify both location and employer ]
  Script location: file: common/scripted_effects/asoiaf_canon_children_effects.txt line: 9013 (asoiaf_canon_children_Targaryen_134_birth_effect)","jomini_script_system.cpp:303 Script system error!
  Error: create_character effect [ Cannot specify both location and employer ]
  Script location: file: common/scripted_effects/asoiaf_canon_children_effects.txt line: * (asoiaf_canon_children_Targaryen_134_birth_effect)"
"1","0","-1","Script / database error","AGOT+","12228","jomini_script_system.cpp:303","Script system error!
  Error: create_character effect [ Cannot specify both location and employer ]
  Script location: file: common/scripted_effects/asoiaf_canon_children_effects.txt line: 9254 (asoiaf_canon_children_Targaryen_135_birth_effect)","jomini_script_system.cpp:303 Script system error!
  Error: create_character effect [ Cannot specify both location and employer ]
  Script location: file: common/scripted_effects/asoiaf_canon_children_effects.txt line: * (asoiaf_canon_children_Targaryen_135_birth_effect)"
"1","0","-1","Script / database error","AGOT+","12363","jomini_script_system.cpp:303","Script system error!
  Error: create_character effect [ Cannot specify both location and employer ]
  Script location: file: common/scripted_effects/asoiaf_canon_children_effects.txt line: 10929 (asoiaf_canon_children_Targaryen_2_birth_effect)","jomini_script_system.cpp:303 Script system error!
  Error: create_character effect [ Cannot specify both location and employer ]
  Script location: file: common/scripted_effects/asoiaf_canon_children_effects.txt line: * (asoiaf_canon_children_Targaryen_2_birth_effect)"
"1","0","-1","Script / database error","AGOT+","12368","jomini_script_system.cpp:303","Script system error!
  Error: create_character effect [ Cannot specify both location and employer ]
  Script location: file: common/scripted_effects/asoiaf_canon_children_effects.txt line: 10991 (asoiaf_canon_children_Targaryen_3_birth_effect)","jomini_script_system.cpp:303 Script system error!
  Error: create_character effect [ Cannot specify both location and employer ]
  Script location: file: common/scripted_effects/asoiaf_canon_children_effects.txt line: * (asoiaf_canon_children_Targaryen_3_birth_effect)"
"1","0","-1","Script / database error","AGOT+","11883","jomini_script_system.cpp:303","Script system error!
  Error: create_character effect [ Cannot specify both location and employer ]
  Script location: file: common/scripted_effects/asoiaf_canon_children_effects.txt line: 4312 (asoiaf_canon_children_Targaryen_30_birth_effect)","jomini_script_system.cpp:303 Script system error!
  Error: create_character effect [ Cannot specify both location and employer ]
  Script location: file: common/scripted_effects/asoiaf_canon_children_effects.txt line: * (asoiaf_canon_children_Targaryen_30_birth_effect)"
"1","0","-1","Script / database error","AGOT+","11888","jomini_script_system.cpp:303","Script system error!
  Error: create_character effect [ Cannot specify both location and employer ]
  Script location: file: common/scripted_effects/asoiaf_canon_children_effects.txt line: 4395 (asoiaf_canon_children_Targaryen_31_birth_effect)","jomini_script_system.cpp:303 Script system error!
  Error: create_character effect [ Cannot specify both location and employer ]
  Script location: file: common/scripted_effects/asoiaf_canon_children_effects.txt line: * (asoiaf_canon_children_Targaryen_31_birth_effect)"
"1","0","-1","Script / database error","AGOT+","11893","jomini_script_system.cpp:303","Script system error!
  Error: create_character effect [ Cannot specify both location and employer ]
  Script location: file: common/scripted_effects/asoiaf_canon_children_effects.txt line: 4502 (asoiaf_canon_children_Targaryen_32_birth_effect)","jomini_script_system.cpp:303 Script system error!
  Error: create_character effect [ Cannot specify both location and employer ]
  Script location: file: common/scripted_effects/asoiaf_canon_children_effects.txt line: * (asoiaf_canon_children_Targaryen_32_birth_effect)"
"1","0","-1","Script / database error","AGOT+","11898","jomini_script_system.cpp:303","Script system error!
  Error: create_character effect [ Cannot specify both location and employer ]
  Script location: file: common/scripted_effects/asoiaf_canon_children_effects.txt line: 4556 (asoiaf_canon_children_Targaryen_33_birth_effect)","jomini_script_system.cpp:303 Script system error!
  Error: create_character effect [ Cannot specify both location and employer ]
  Script location: file: common/scripted_effects/asoiaf_canon_children_effects.txt line: * (asoiaf_canon_children_Targaryen_33_birth_effect)"
"1","0","-1","Script / database error","AGOT+","11903","jomini_script_system.cpp:303","Script system error!
  Error: create_character effect [ Cannot specify both location and employer ]
  Script location: file: common/scripted_effects/asoiaf_canon_children_effects.txt line: 4644 (asoiaf_canon_children_Targaryen_34_birth_effect)","jomini_script_system.cpp:303 Script system error!
  Error: create_character effect [ Cannot specify both location and employer ]
  Script location: file: common/scripted_effects/asoiaf_canon_children_effects.txt line: * (asoiaf_canon_children_Targaryen_34_birth_effect)"
"1","0","-1","Script / database error","AGOT+","11908","jomini_script_system.cpp:303","Script system error!
  Error: create_character effect [ Cannot specify both location and employer ]
  Script location: file: common/scripted_effects/asoiaf_canon_children_effects.txt line: 4696 (asoiaf_canon_children_Targaryen_35_birth_effect)","jomini_script_system.cpp:303 Script system error!
  Error: create_character effect [ Cannot specify both location and employer ]
  Script location: file: common/scripted_effects/asoiaf_canon_children_effects.txt line: * (asoiaf_canon_children_Targaryen_35_birth_effect)"
"1","0","-1","Script / database error","AGOT+","11913","jomini_script_system.cpp:303","Script system error!
  Error: create_character effect [ Cannot specify both location and employer ]
  Script location: file: common/scripted_effects/asoiaf_canon_children_effects.txt line: 4806 (asoiaf_canon_children_Targaryen_36_birth_effect)","jomini_script_system.cpp:303 Script system error!
  Error: create_character effect [ Cannot specify both location and employer ]
  Script location: file: common/scripted_effects/asoiaf_canon_children_effects.txt line: * (asoiaf_canon_children_Targaryen_36_birth_effect)"
"1","0","-1","Script / database error","AGOT+","11918","jomini_script_system.cpp:303","Script system error!
  Error: create_character effect [ Cannot specify both location and employer ]
  Script location: file: common/scripted_effects/asoiaf_canon_children_effects.txt line: 4897 (asoiaf_canon_children_Targaryen_37_birth_effect)","jomini_script_system.cpp:303 Script system error!
  Error: create_character effect [ Cannot specify both location and employer ]
  Script location: file: common/scripted_effects/asoiaf_canon_children_effects.txt line: * (asoiaf_canon_children_Targaryen_37_birth_effect)"
"1","0","-1","Script / database error","AGOT+","11923","jomini_script_system.cpp:303","Script system error!
  Error: create_character effect [ Cannot specify both location and employer ]
  Script location: file: common/scripted_effects/asoiaf_canon_children_effects.txt line: 4946 (asoiaf_canon_children_Targaryen_38_birth_effect)","jomini_script_system.cpp:303 Script system error!
  Error: create_character effect [ Cannot specify both location and employer ]
  Script location: file: common/scripted_effects/asoiaf_canon_children_effects.txt line: * (asoiaf_canon_children_Targaryen_38_birth_effect)"
"1","0","-1","Script / database error","AGOT+","11933","jomini_script_system.cpp:303","Script system error!
  Error: create_character effect [ Cannot specify both location and employer ]
  Script location: file: common/scripted_effects/asoiaf_canon_children_effects.txt line: 5041 (asoiaf_canon_children_Targaryen_39_birth_effect)","jomini_script_system.cpp:303 Script system error!
  Error: create_character effect [ Cannot specify both location and employer ]
  Script location: file: common/scripted_effects/asoiaf_canon_children_effects.txt line: * (asoiaf_canon_children_Targaryen_39_birth_effect)"
"1","0","-1","Script / database error","AGOT+","12373","jomini_script_system.cpp:303","Script system error!
  Error: create_character effect [ Cannot specify both location and employer ]
  Script location: file: common/scripted_effects/asoiaf_canon_children_effects.txt line: 11081 (asoiaf_canon_children_Targaryen_4_birth_effect)","jomini_script_system.cpp:303 Script system error!
  Error: create_character effect [ Cannot specify both location and employer ]
  Script location: file: common/scripted_effects/asoiaf_canon_children_effects.txt line: * (asoiaf_canon_children_Targaryen_4_birth_effect)"
"1","0","-1","Script / database error","AGOT+","11928","jomini_script_system.cpp:303","Script system error!
  Error: create_character effect [ Cannot specify both location and employer ]
  Script location: file: common/scripted_effects/asoiaf_canon_children_effects.txt line: 4993 (asoiaf_canon_children_Targaryen_40_birth_effect)","jomini_script_system.cpp:303 Script system error!
  Error: create_character effect [ Cannot specify both location and employer ]
  Script location: file: common/scripted_effects/asoiaf_canon_children_effects.txt line: * (asoiaf_canon_children_Targaryen_40_birth_effect)"
"2","0","-2","Script / database error","AGOT+","11938","jomini_script_system.cpp:303","Script system error!
  Error: create_character effect [ Cannot specify both location and employer ]
  Script location: file: common/scripted_effects/asoiaf_canon_children_effects.txt line: 5117 (asoiaf_canon_children_Targaryen_41_and_42_birth_effect)","jomini_script_system.cpp:303 Script system error!
  Error: create_character effect [ Cannot specify both location and employer ]
  Script location: file: common/scripted_effects/asoiaf_canon_children_effects.txt line: * (asoiaf_canon_children_Targaryen_41_and_42_birth_effect)"
"1","0","-1","Script / database error","AGOT+","11948","jomini_script_system.cpp:303","Script system error!
  Error: create_character effect [ Cannot specify both location and employer ]
  Script location: file: common/scripted_effects/asoiaf_canon_children_effects.txt line: 5261 (asoiaf_canon_children_Targaryen_43_birth_effect)","jomini_script_system.cpp:303 Script system error!
  Error: create_character effect [ Cannot specify both location and employer ]
  Script location: file: common/scripted_effects/asoiaf_canon_children_effects.txt line: * (asoiaf_canon_children_Targaryen_43_birth_effect)"
"1","0","-1","Script / database error","AGOT+","11953","jomini_script_system.cpp:303","Script system error!
  Error: create_character effect [ Cannot specify both location and employer ]
  Script location: file: common/scripted_effects/asoiaf_canon_children_effects.txt line: 5303 (asoiaf_canon_children_Targaryen_44_birth_effect)","jomini_script_system.cpp:303 Script system error!
  Error: create_character effect [ Cannot specify both location and employer ]
  Script location: file: common/scripted_effects/asoiaf_canon_children_effects.txt line: * (asoiaf_canon_children_Targaryen_44_birth_effect)"
"1","0","-1","Script / database error","AGOT+","11958","jomini_script_system.cpp:303","Script system error!
  Error: create_character effect [ Cannot specify both location and employer ]
  Script location: file: common/scripted_effects/asoiaf_canon_children_effects.txt line: 5353 (asoiaf_canon_children_Targaryen_45_birth_effect)","jomini_script_system.cpp:303 Script system error!
  Error: create_character effect [ Cannot specify both location and employer ]
  Script location: file: common/scripted_effects/asoiaf_canon_children_effects.txt line: * (asoiaf_canon_children_Targaryen_45_birth_effect)"
"1","0","-1","Script / database error","AGOT+","11963","jomini_script_system.cpp:303","Script system error!
  Error: create_character effect [ Cannot specify both location and employer ]
  Script location: file: common/scripted_effects/asoiaf_canon_children_effects.txt line: 5433 (asoiaf_canon_children_Targaryen_46_birth_effect)","jomini_script_system.cpp:303 Script system error!
  Error: create_character effect [ Cannot specify both location and employer ]
  Script location: file: common/scripted_effects/asoiaf_canon_children_effects.txt line: * (asoiaf_canon_children_Targaryen_46_birth_effect)"
"1","0","-1","Script / database error","AGOT+","11968","jomini_script_system.cpp:303","Script system error!
  Error: create_character effect [ Cannot specify both location and employer ]
  Script location: file: common/scripted_effects/asoiaf_canon_children_effects.txt line: 5488 (asoiaf_canon_children_Targaryen_47_birth_effect)","jomini_script_system.cpp:303 Script system error!
  Error: create_character effect [ Cannot specify both location and employer ]
  Script location: file: common/scripted_effects/asoiaf_canon_children_effects.txt line: * (asoiaf_canon_children_Targaryen_47_birth_effect)"
"1","0","-1","Script / database error","AGOT+","11973","jomini_script_system.cpp:303","Script system error!
  Error: create_character effect [ Cannot specify both location and employer ]
  Script location: file: common/scripted_effects/asoiaf_canon_children_effects.txt line: 5567 (asoiaf_canon_children_Targaryen_48_birth_effect)","jomini_script_system.cpp:303 Script system error!
  Error: create_character effect [ Cannot specify both location and employer ]
  Script location: file: common/scripted_effects/asoiaf_canon_children_effects.txt line: * (asoiaf_canon_children_Targaryen_48_birth_effect)"
"1","0","-1","Script / database error","AGOT+","11978","jomini_script_system.cpp:303","Script system error!
  Error: create_character effect [ Cannot specify both location and employer ]
  Script location: file: common/scripted_effects/asoiaf_canon_children_effects.txt line: 5632 (asoiaf_canon_children_Targaryen_49_birth_effect)","jomini_script_system.cpp:303 Script system error!
  Error: create_character effect [ Cannot specify both location and employer ]
  Script location: file: common/scripted_effects/asoiaf_canon_children_effects.txt line: * (asoiaf_canon_children_Targaryen_49_birth_effect)"
"1","0","-1","Script / database error","AGOT+","12378","jomini_script_system.cpp:303","Script system error!
  Error: create_character effect [ Cannot specify both location and employer ]
  Script location: file: common/scripted_effects/asoiaf_canon_children_effects.txt line: 11124 (asoiaf_canon_children_Targaryen_5_birth_effect)","jomini_script_system.cpp:303 Script system error!
  Error: create_character effect [ Cannot specify both location and employer ]
  Script location: file: common/scripted_effects/asoiaf_canon_children_effects.txt line: * (asoiaf_canon_children_Targaryen_5_birth_effect)"
"1","0","-1","Script / database error","AGOT+","11983","jomini_script_system.cpp:303","Script system error!
  Error: create_character effect [ Cannot specify both location and employer ]
  Script location: file: common/scripted_effects/asoiaf_canon_children_effects.txt line: 5698 (asoiaf_canon_children_Targaryen_50_birth_effect)","jomini_script_system.cpp:303 Script system error!
  Error: create_character effect [ Cannot specify both location and employer ]
  Script location: file: common/scripted_effects/asoiaf_canon_children_effects.txt line: * (asoiaf_canon_children_Targaryen_50_birth_effect)"
"1","0","-1","Script / database error","AGOT+","11988","jomini_script_system.cpp:303","Script system error!
  Error: create_character effect [ Cannot specify both location and employer ]
  Script location: file: common/scripted_effects/asoiaf_canon_children_effects.txt line: 5752 (asoiaf_canon_children_Targaryen_51_birth_effect)","jomini_script_system.cpp:303 Script system error!
  Error: create_character effect [ Cannot specify both location and employer ]
  Script location: file: common/scripted_effects/asoiaf_canon_children_effects.txt line: * (asoiaf_canon_children_Targaryen_51_birth_effect)"
"1","0","-1","Script / database error","AGOT+","11993","jomini_script_system.cpp:303","Script system error!
  Error: create_character effect [ Cannot specify both location and employer ]
  Script location: file: common/scripted_effects/asoiaf_canon_children_effects.txt line: 5816 (asoiaf_canon_children_Targaryen_52_birth_effect)","jomini_script_system.cpp:303 Script system error!
  Error: create_character effect [ Cannot specify both location and employer ]
  Script location: file: common/scripted_effects/asoiaf_canon_children_effects.txt line: * (asoiaf_canon_children_Targaryen_52_birth_effect)"
"1","0","-1","Script / database error","AGOT+","11998","jomini_script_system.cpp:303","Script system error!
  Error: create_character effect [ Cannot specify both location and employer ]
  Script location: file: common/scripted_effects/asoiaf_canon_children_effects.txt line: 5870 (asoiaf_canon_children_Targaryen_53_birth_effect)","jomini_script_system.cpp:303 Script system error!
  Error: create_character effect [ Cannot specify both location and employer ]
  Script location: file: common/scripted_effects/asoiaf_canon_children_effects.txt line: * (asoiaf_canon_children_Targaryen_53_birth_effect)"
"1","0","-1","Script / database error","AGOT+","12003","jomini_script_system.cpp:303","Script system error!
  Error: create_character effect [ Cannot specify both location and employer ]
  Script location: file: common/scripted_effects/asoiaf_canon_children_effects.txt line: 5913 (asoiaf_canon_children_Targaryen_54_birth_effect)","jomini_script_system.cpp:303 Script system error!
  Error: create_character effect [ Cannot specify both location and employer ]
  Script location: file: common/scripted_effects/asoiaf_canon_children_effects.txt line: * (asoiaf_canon_children_Targaryen_54_birth_effect)"
"1","0","-1","Script / database error","AGOT+","12013","jomini_script_system.cpp:303","Script system error!
  Error: create_character effect [ Cannot specify both location and employer ]
  Script location: file: common/scripted_effects/asoiaf_canon_children_effects.txt line: 6016 (asoiaf_canon_children_Targaryen_55_1_birth_effect)","jomini_script_system.cpp:303 Script system error!
  Error: create_character effect [ Cannot specify both location and employer ]
  Script location: file: common/scripted_effects/asoiaf_canon_children_effects.txt line: * (asoiaf_canon_children_Targaryen_55_1_birth_effect)"
"1","0","-1","Script / database error","AGOT+","12008","jomini_script_system.cpp:303","Script system error!
  Error: create_character effect [ Cannot specify both location and employer ]
  Script location: file: common/scripted_effects/asoiaf_canon_children_effects.txt line: 5956 (asoiaf_canon_children_Targaryen_55_birth_effect)","jomini_script_system.cpp:303 Script system error!
  Error: create_character effect [ Cannot specify both location and employer ]
  Script location: file: common/scripted_effects/asoiaf_canon_children_effects.txt line: * (asoiaf_canon_children_Targaryen_55_birth_effect)"
"1","0","-1","Script / database error","AGOT+","12018","jomini_script_system.cpp:303","Script system error!
  Error: create_character effect [ Cannot specify both location and employer ]
  Script location: file: common/scripted_effects/asoiaf_canon_children_effects.txt line: 6074 (asoiaf_canon_children_Targaryen_56_birth_effect)","jomini_script_system.cpp:303 Script system error!
  Error: create_character effect [ Cannot specify both location and employer ]
  Script location: file: common/scripted_effects/asoiaf_canon_children_effects.txt line: * (asoiaf_canon_children_Targaryen_56_birth_effect)"
"1","0","-1","Script / database error","AGOT+","12023","jomini_script_system.cpp:303","Script system error!
  Error: create_character effect [ Cannot specify both location and employer ]
  Script location: file: common/scripted_effects/asoiaf_canon_children_effects.txt line: 6111 (asoiaf_canon_children_Targaryen_57_birth_effect)","jomini_script_system.cpp:303 Script system error!
  Error: create_character effect [ Cannot specify both location and employer ]
  Script location: file: common/scripted_effects/asoiaf_canon_children_effects.txt line: * (asoiaf_canon_children_Targaryen_57_birth_effect)"
"1","0","-1","Script / database error","AGOT+","12028","jomini_script_system.cpp:303","Script system error!
  Error: create_character effect [ Cannot specify both location and employer ]
  Script location: file: common/scripted_effects/asoiaf_canon_children_effects.txt line: 6146 (asoiaf_canon_children_Targaryen_58_birth_effect)","jomini_script_system.cpp:303 Script system error!
  Error: create_character effect [ Cannot specify both location and employer ]
  Script location: file: common/scripted_effects/asoiaf_canon_children_effects.txt line: * (asoiaf_canon_children_Targaryen_58_birth_effect)"
"1","0","-1","Script / database error","AGOT+","12043","jomini_script_system.cpp:303","Script system error!
  Error: create_character effect [ Cannot specify both location and employer ]
  Script location: file: common/scripted_effects/asoiaf_canon_children_effects.txt line: 6269 (asoiaf_canon_children_Targaryen_59_birth_effect)","jomini_script_system.cpp:303 Script system error!
  Error: create_character effect [ Cannot specify both location and employer ]
  Script location: file: common/scripted_effects/asoiaf_canon_children_effects.txt line: * (asoiaf_canon_children_Targaryen_59_birth_effect)"
"1","0","-1","Script / database error","AGOT+","12383","jomini_script_system.cpp:303","Script system error!
  Error: create_character effect [ Cannot specify both location and employer ]
  Script location: file: common/scripted_effects/asoiaf_canon_children_effects.txt line: 11167 (asoiaf_canon_children_Targaryen_6_birth_effect)","jomini_script_system.cpp:303 Script system error!
  Error: create_character effect [ Cannot specify both location and employer ]
  Script location: file: common/scripted_effects/asoiaf_canon_children_effects.txt line: * (asoiaf_canon_children_Targaryen_6_birth_effect)"
"1","0","-1","Script / database error","AGOT+","12048","jomini_script_system.cpp:303","Script system error!
  Error: create_character effect [ Cannot specify both location and employer ]
  Script location: file: common/scripted_effects/asoiaf_canon_children_effects.txt line: 6353 (asoiaf_canon_children_Targaryen_60_birth_effect)","jomini_script_system.cpp:303 Script system error!
  Error: create_character effect [ Cannot specify both location and employer ]
  Script location: file: common/scripted_effects/asoiaf_canon_children_effects.txt line: * (asoiaf_canon_children_Targaryen_60_birth_effect)"
"1","0","-1","Script / database error","AGOT+","12108","jomini_script_system.cpp:303","Script system error!
  Error: create_character effect [ Cannot specify both location and employer ]
  Script location: file: common/scripted_effects/asoiaf_canon_children_effects.txt line: 7530 (asoiaf_canon_children_Targaryen_61_1_birth_effect)","jomini_script_system.cpp:303 Script system error!
  Error: create_character effect [ Cannot specify both location and employer ]
  Script location: file: common/scripted_effects/asoiaf_canon_children_effects.txt line: * (asoiaf_canon_children_Targaryen_61_1_birth_effect)"
"1","0","-1","Script / database error","AGOT+","12053","jomini_script_system.cpp:303","Script system error!
  Error: create_character effect [ Cannot specify both location and employer ]
  Script location: file: common/scripted_effects/asoiaf_canon_children_effects.txt line: 6455 (asoiaf_canon_children_Targaryen_61_birth_effect)","jomini_script_system.cpp:303 Script system error!
  Error: create_character effect [ Cannot specify both location and employer ]
  Script location: file: common/scripted_effects/asoiaf_canon_children_effects.txt line: * (asoiaf_canon_children_Targaryen_61_birth_effect)"
"1","0","-1","Script / database error","AGOT+","12058","jomini_script_system.cpp:303","Script system error!
  Error: create_character effect [ Cannot specify both location and employer ]
  Script location: file: common/scripted_effects/asoiaf_canon_children_effects.txt line: 6558 (asoiaf_canon_children_Targaryen_62_birth_effect)","jomini_script_system.cpp:303 Script system error!
  Error: create_character effect [ Cannot specify both location and employer ]
  Script location: file: common/scripted_effects/asoiaf_canon_children_effects.txt line: * (asoiaf_canon_children_Targaryen_62_birth_effect)"
"1","0","-1","Script / database error","AGOT+","12068","jomini_script_system.cpp:303","Script system error!
  Error: create_character effect [ Cannot specify both location and employer ]
  Script location: file: common/scripted_effects/asoiaf_canon_children_effects.txt line: 6663 (asoiaf_canon_children_Targaryen_63_birth_effect)","jomini_script_system.cpp:303 Script system error!
  Error: create_character effect [ Cannot specify both location and employer ]
  Script location: file: common/scripted_effects/asoiaf_canon_children_effects.txt line: * (asoiaf_canon_children_Targaryen_63_birth_effect)"
"1","0","-1","Script / database error","AGOT+","12073","jomini_script_system.cpp:303","Script system error!
  Error: create_character effect [ Cannot specify both location and employer ]
  Script location: file: common/scripted_effects/asoiaf_canon_children_effects.txt line: 6757 (asoiaf_canon_children_Targaryen_64_birth_effect)","jomini_script_system.cpp:303 Script system error!
  Error: create_character effect [ Cannot specify both location and employer ]
  Script location: file: common/scripted_effects/asoiaf_canon_children_effects.txt line: * (asoiaf_canon_children_Targaryen_64_birth_effect)"
"1","0","-1","Script / database error","AGOT+","12078","jomini_script_system.cpp:303","Script system error!
  Error: create_character effect [ Cannot specify both location and employer ]
  Script location: file: common/scripted_effects/asoiaf_canon_children_effects.txt line: 6818 (asoiaf_canon_children_Targaryen_65_birth_effect)","jomini_script_system.cpp:303 Script system error!
  Error: create_character effect [ Cannot specify both location and employer ]
  Script location: file: common/scripted_effects/asoiaf_canon_children_effects.txt line: * (asoiaf_canon_children_Targaryen_65_birth_effect)"
"1","0","-1","Script / database error","AGOT+","12083","jomini_script_system.cpp:303","Script system error!
  Error: create_character effect [ Cannot specify both location and employer ]
  Script location: file: common/scripted_effects/asoiaf_canon_children_effects.txt line: 6951 (asoiaf_canon_children_Targaryen_66_birth_effect)","jomini_script_system.cpp:303 Script system error!
  Error: create_character effect [ Cannot specify both location and employer ]
  Script location: file: common/scripted_effects/asoiaf_canon_children_effects.txt line: * (asoiaf_canon_children_Targaryen_66_birth_effect)"
"1","0","-1","Script / database error","AGOT+","12088","jomini_script_system.cpp:303","Script system error!
  Error: create_character effect [ Cannot specify both location and employer ]
  Script location: file: common/scripted_effects/asoiaf_canon_children_effects.txt line: 7050 (asoiaf_canon_children_Targaryen_67_birth_effect)","jomini_script_system.cpp:303 Script system error!
  Error: create_character effect [ Cannot specify both location and employer ]
  Script location: file: common/scripted_effects/asoiaf_canon_children_effects.txt line: * (asoiaf_canon_children_Targaryen_67_birth_effect)"
"1","0","-1","Script / database error","AGOT+","12093","jomini_script_system.cpp:303","Script system error!
  Error: create_character effect [ Cannot specify both location and employer ]
  Script location: file: common/scripted_effects/asoiaf_canon_children_effects.txt line: 7216 (asoiaf_canon_children_Targaryen_68_birth_effect)","jomini_script_system.cpp:303 Script system error!
  Error: create_character effect [ Cannot specify both location and employer ]
  Script location: file: common/scripted_effects/asoiaf_canon_children_effects.txt line: * (asoiaf_canon_children_Targaryen_68_birth_effect)"
"1","0","-1","Script / database error","AGOT+","12098","jomini_script_system.cpp:303","Script system error!
  Error: create_character effect [ Cannot specify both location and employer ]
  Script location: file: common/scripted_effects/asoiaf_canon_children_effects.txt line: 7355 (asoiaf_canon_children_Targaryen_69_birth_effect)","jomini_script_system.cpp:303 Script system error!
  Error: create_character effect [ Cannot specify both location and employer ]
  Script location: file: common/scripted_effects/asoiaf_canon_children_effects.txt line: * (asoiaf_canon_children_Targaryen_69_birth_effect)"
"1","0","-1","Script / database error","AGOT+","12388","jomini_script_system.cpp:303","Script system error!
  Error: create_character effect [ Cannot specify both location and employer ]
  Script location: file: common/scripted_effects/asoiaf_canon_children_effects.txt line: 11211 (asoiaf_canon_children_Targaryen_7_birth_effect)","jomini_script_system.cpp:303 Script system error!
  Error: create_character effect [ Cannot specify both location and employer ]
  Script location: file: common/scripted_effects/asoiaf_canon_children_effects.txt line: * (asoiaf_canon_children_Targaryen_7_birth_effect)"
"1","0","-1","Script / database error","AGOT+","12103","jomini_script_system.cpp:303","Script system error!
  Error: create_character effect [ Cannot specify both location and employer ]
  Script location: file: common/scripted_effects/asoiaf_canon_children_effects.txt line: 7442 (asoiaf_canon_children_Targaryen_70_birth_effect)","jomini_script_system.cpp:303 Script system error!
  Error: create_character effect [ Cannot specify both location and employer ]
  Script location: file: common/scripted_effects/asoiaf_canon_children_effects.txt line: * (asoiaf_canon_children_Targaryen_70_birth_effect)"
"2","0","-2","Script / database error","AGOT+","12113","jomini_script_system.cpp:303","Script system error!
  Error: create_character effect [ Cannot specify both location and employer ]
  Script location: file: common/scripted_effects/asoiaf_canon_children_effects.txt line: 7609 (asoiaf_canon_children_Targaryen_71_and_72_birth_effect)","jomini_script_system.cpp:303 Script system error!
  Error: create_character effect [ Cannot specify both location and employer ]
  Script location: file: common/scripted_effects/asoiaf_canon_children_effects.txt line: * (asoiaf_canon_children_Targaryen_71_and_72_birth_effect)"
"1","0","-1","Script / database error","AGOT+","12123","jomini_script_system.cpp:303","Script system error!
  Error: create_character effect [ Cannot specify both location and employer ]
  Script location: file: common/scripted_effects/asoiaf_canon_children_effects.txt line: 7713 (asoiaf_canon_children_Targaryen_73_birth_effect)","jomini_script_system.cpp:303 Script system error!
  Error: create_character effect [ Cannot specify both location and employer ]
  Script location: file: common/scripted_effects/asoiaf_canon_children_effects.txt line: * (asoiaf_canon_children_Targaryen_73_birth_effect)"
"1","0","-1","Script / database error","AGOT+","12128","jomini_script_system.cpp:303","Script system error!
  Error: create_character effect [ Cannot specify both location and employer ]
  Script location: file: common/scripted_effects/asoiaf_canon_children_effects.txt line: 7760 (asoiaf_canon_children_Targaryen_75_birth_effect)","jomini_script_system.cpp:303 Script system error!
  Error: create_character effect [ Cannot specify both location and employer ]
  Script location: file: common/scripted_effects/asoiaf_canon_children_effects.txt line: * (asoiaf_canon_children_Targaryen_75_birth_effect)"
"1","0","-1","Script / database error","AGOT+","12133","jomini_script_system.cpp:303","Script system error!
  Error: create_character effect [ Cannot specify both location and employer ]
  Script location: file: common/scripted_effects/asoiaf_canon_children_effects.txt line: 7916 (asoiaf_canon_children_Targaryen_76_birth_effect)","jomini_script_system.cpp:303 Script system error!
  Error: create_character effect [ Cannot specify both location and employer ]
  Script location: file: common/scripted_effects/asoiaf_canon_children_effects.txt line: * (asoiaf_canon_children_Targaryen_76_birth_effect)"
"1","0","-1","Script / database error","AGOT+","12138","jomini_script_system.cpp:303","Script system error!
  Error: create_character effect [ Cannot specify both location and employer ]
  Script location: file: common/scripted_effects/asoiaf_canon_children_effects.txt line: 8064 (asoiaf_canon_children_Targaryen_77_birth_effect)","jomini_script_system.cpp:303 Script system error!
  Error: create_character effect [ Cannot specify both location and employer ]
  Script location: file: common/scripted_effects/asoiaf_canon_children_effects.txt line: * (asoiaf_canon_children_Targaryen_77_birth_effect)"
"1","0","-1","Script / database error","AGOT+","12143","jomini_script_system.cpp:303","Script system error!
  Error: create_character effect [ Cannot specify both location and employer ]
  Script location: file: common/scripted_effects/asoiaf_canon_children_effects.txt line: 8220 (asoiaf_canon_children_Targaryen_78_birth_effect)","jomini_script_system.cpp:303 Script system error!
  Error: create_character effect [ Cannot specify both location and employer ]
  Script location: file: common/scripted_effects/asoiaf_canon_children_effects.txt line: * (asoiaf_canon_children_Targaryen_78_birth_effect)"
"1","0","-1","Script / database error","AGOT+","12148","jomini_script_system.cpp:303","Script system error!
  Error: create_character effect [ Cannot specify both location and employer ]
  Script location: file: common/scripted_effects/asoiaf_canon_children_effects.txt line: 8306 (asoiaf_canon_children_Targaryen_79_birth_effect)","jomini_script_system.cpp:303 Script system error!
  Error: create_character effect [ Cannot specify both location and employer ]
  Script location: file: common/scripted_effects/asoiaf_canon_children_effects.txt line: * (asoiaf_canon_children_Targaryen_79_birth_effect)"
"1","0","-1","Script / database error","AGOT+","12393","jomini_script_system.cpp:303","Script system error!
  Error: create_character effect [ Cannot specify both location and employer ]
  Script location: file: common/scripted_effects/asoiaf_canon_children_effects.txt line: 11254 (asoiaf_canon_children_Targaryen_8_birth_effect)","jomini_script_system.cpp:303 Script system error!
  Error: create_character effect [ Cannot specify both location and employer ]
  Script location: file: common/scripted_effects/asoiaf_canon_children_effects.txt line: * (asoiaf_canon_children_Targaryen_8_birth_effect)"
"1","0","-1","Script / database error","AGOT+","12153","jomini_script_system.cpp:303","Script system error!
  Error: create_character effect [ Cannot specify both location and employer ]
  Script location: file: common/scripted_effects/asoiaf_canon_children_effects.txt line: 8370 (asoiaf_canon_children_Targaryen_80_birth_effect)","jomini_script_system.cpp:303 Script system error!
  Error: create_character effect [ Cannot specify both location and employer ]
  Script location: file: common/scripted_effects/asoiaf_canon_children_effects.txt line: * (asoiaf_canon_children_Targaryen_80_birth_effect)"
"1","0","-1","Script / database error","AGOT+","12158","jomini_script_system.cpp:303","Script system error!
  Error: create_character effect [ Cannot specify both location and employer ]
  Script location: file: common/scripted_effects/asoiaf_canon_children_effects.txt line: 8427 (asoiaf_canon_children_Targaryen_81_birth_effect)","jomini_script_system.cpp:303 Script system error!
  Error: create_character effect [ Cannot specify both location and employer ]
  Script location: file: common/scripted_effects/asoiaf_canon_children_effects.txt line: * (asoiaf_canon_children_Targaryen_81_birth_effect)"
"1","0","-1","Script / database error","AGOT+","12163","jomini_script_system.cpp:303","Script system error!
  Error: create_character effect [ Cannot specify both location and employer ]
  Script location: file: common/scripted_effects/asoiaf_canon_children_effects.txt line: 8495 (asoiaf_canon_children_Targaryen_82_birth_effect)","jomini_script_system.cpp:303 Script system error!
  Error: create_character effect [ Cannot specify both location and employer ]
  Script location: file: common/scripted_effects/asoiaf_canon_children_effects.txt line: * (asoiaf_canon_children_Targaryen_82_birth_effect)"
"1","0","-1","Script / database error","AGOT+","12168","jomini_script_system.cpp:303","Script system error!
  Error: create_character effect [ Cannot specify both location and employer ]
  Script location: file: common/scripted_effects/asoiaf_canon_children_effects.txt line: 8564 (asoiaf_canon_children_Targaryen_83_birth_effect)","jomini_script_system.cpp:303 Script system error!
  Error: create_character effect [ Cannot specify both location and employer ]
  Script location: file: common/scripted_effects/asoiaf_canon_children_effects.txt line: * (asoiaf_canon_children_Targaryen_83_birth_effect)"
"1","0","-1","Script / database error","AGOT+","12173","jomini_script_system.cpp:303","Script system error!
  Error: create_character effect [ Cannot specify both location and employer ]
  Script location: file: common/scripted_effects/asoiaf_canon_children_effects.txt line: 8622 (asoiaf_canon_children_Targaryen_84_birth_effect)","jomini_script_system.cpp:303 Script system error!
  Error: create_character effect [ Cannot specify both location and employer ]
  Script location: file: common/scripted_effects/asoiaf_canon_children_effects.txt line: * (asoiaf_canon_children_Targaryen_84_birth_effect)"
"1","0","-1","Script / database error","AGOT+","12178","jomini_script_system.cpp:303","Script system error!
  Error: create_character effect [ Cannot specify both location and employer ]
  Script location: file: common/scripted_effects/asoiaf_canon_children_effects.txt line: 8675 (asoiaf_canon_children_Targaryen_85_birth_effect)","jomini_script_system.cpp:303 Script system error!
  Error: create_character effect [ Cannot specify both location and employer ]
  Script location: file: common/scripted_effects/asoiaf_canon_children_effects.txt line: * (asoiaf_canon_children_Targaryen_85_birth_effect)"
"1","0","-1","Script / database error","AGOT+","12183","jomini_script_system.cpp:303","Script system error!
  Error: create_character effect [ Cannot specify both location and employer ]
  Script location: file: common/scripted_effects/asoiaf_canon_children_effects.txt line: 8736 (asoiaf_canon_children_Targaryen_88_birth_effect)","jomini_script_system.cpp:303 Script system error!
  Error: create_character effect [ Cannot specify both location and employer ]
  Script location: file: common/scripted_effects/asoiaf_canon_children_effects.txt line: * (asoiaf_canon_children_Targaryen_88_birth_effect)"
"1","0","-1","Script / database error","AGOT+","12188","jomini_script_system.cpp:303","Script system error!
  Error: create_character effect [ Cannot specify both location and employer ]
  Script location: file: common/scripted_effects/asoiaf_canon_children_effects.txt line: 8804 (asoiaf_canon_children_Targaryen_89_birth_effect)","jomini_script_system.cpp:303 Script system error!
  Error: create_character effect [ Cannot specify both location and employer ]
  Script location: file: common/scripted_effects/asoiaf_canon_children_effects.txt line: * (asoiaf_canon_children_Targaryen_89_birth_effect)"
"1","0","-1","Script / database error","AGOT+","12398","jomini_script_system.cpp:303","Script system error!
  Error: create_character effect [ Cannot specify both location and employer ]
  Script location: file: common/scripted_effects/asoiaf_canon_children_effects.txt line: 11314 (asoiaf_canon_children_Targaryen_9_birth_effect)","jomini_script_system.cpp:303 Script system error!
  Error: create_character effect [ Cannot specify both location and employer ]
  Script location: file: common/scripted_effects/asoiaf_canon_children_effects.txt line: * (asoiaf_canon_children_Targaryen_9_birth_effect)"
"1","0","-1","Script / database error","AGOT+","12193","jomini_script_system.cpp:303","Script system error!
  Error: create_character effect [ Cannot specify both location and employer ]
  Script location: file: common/scripted_effects/asoiaf_canon_children_effects.txt line: 8887 (asoiaf_canon_children_Targaryen_90_birth_effect)","jomini_script_system.cpp:303 Script system error!
  Error: create_character effect [ Cannot specify both location and employer ]
  Script location: file: common/scripted_effects/asoiaf_canon_children_effects.txt line: * (asoiaf_canon_children_Targaryen_90_birth_effect)"
"1","0","-1","Script / database error","AGOT+","12198","jomini_script_system.cpp:303","Script system error!
  Error: create_character effect [ Cannot specify both location and employer ]
  Script location: file: common/scripted_effects/asoiaf_canon_children_effects.txt line: 8948 (asoiaf_canon_children_Targaryen_91_birth_effect)","jomini_script_system.cpp:303 Script system error!
  Error: create_character effect [ Cannot specify both location and employer ]
  Script location: file: common/scripted_effects/asoiaf_canon_children_effects.txt line: * (asoiaf_canon_children_Targaryen_91_birth_effect)"
"2","0","-2","Script / database error","AGOT+","12218","jomini_script_system.cpp:303","Script system error!
  Error: create_character effect [ Cannot specify both location and employer ]
  Script location: file: common/scripted_effects/asoiaf_canon_children_effects.txt line: 9139 (asoiaf_canon_children_Targaryen_92_and_93_birth_effect)","jomini_script_system.cpp:303 Script system error!
  Error: create_character effect [ Cannot specify both location and employer ]
  Script location: file: common/scripted_effects/asoiaf_canon_children_effects.txt line: * (asoiaf_canon_children_Targaryen_92_and_93_birth_effect)"
"1","0","-1","Script / database error","AGOT+","12233","jomini_script_system.cpp:303","Script system error!
  Error: create_character effect [ Cannot specify both location and employer ]
  Script location: file: common/scripted_effects/asoiaf_canon_children_effects.txt line: 9306 (asoiaf_canon_children_Targaryen_94_birth_effect)","jomini_script_system.cpp:303 Script system error!
  Error: create_character effect [ Cannot specify both location and employer ]
  Script location: file: common/scripted_effects/asoiaf_canon_children_effects.txt line: * (asoiaf_canon_children_Targaryen_94_birth_effect)"
"1","0","-1","Script / database error","AGOT+","11838","jomini_script_system.cpp:303","Script system error!
  Error: create_character effect [ Cannot specify both location and employer ]
  Script location: file: common/scripted_effects/asoiaf_canon_children_effects.txt line: 3849 (asoiaf_canon_children_Tarly_2_birth_effect)","jomini_script_system.cpp:303 Script system error!
  Error: create_character effect [ Cannot specify both location and employer ]
  Script location: file: common/scripted_effects/asoiaf_canon_children_effects.txt line: * (asoiaf_canon_children_Tarly_2_birth_effect)"
"1","0","-1","Script / database error","AGOT+","11843","jomini_script_system.cpp:303","Script system error!
  Error: create_character effect [ Cannot specify both location and employer ]
  Script location: file: common/scripted_effects/asoiaf_canon_children_effects.txt line: 3915 (asoiaf_canon_children_Tarly_3_birth_effect)","jomini_script_system.cpp:303 Script system error!
  Error: create_character effect [ Cannot specify both location and employer ]
  Script location: file: common/scripted_effects/asoiaf_canon_children_effects.txt line: * (asoiaf_canon_children_Tarly_3_birth_effect)"
"1","0","-1","Script / database error","AGOT+","11848","jomini_script_system.cpp:303","Script system error!
  Error: create_character effect [ Cannot specify both location and employer ]
  Script location: file: common/scripted_effects/asoiaf_canon_children_effects.txt line: 3967 (asoiaf_canon_children_Tarly_4_birth_effect)","jomini_script_system.cpp:303 Script system error!
  Error: create_character effect [ Cannot specify both location and employer ]
  Script location: file: common/scripted_effects/asoiaf_canon_children_effects.txt line: * (asoiaf_canon_children_Tarly_4_birth_effect)"
"1","0","-1","Script / database error","AGOT+","11853","jomini_script_system.cpp:303","Script system error!
  Error: create_character effect [ Cannot specify both location and employer ]
  Script location: file: common/scripted_effects/asoiaf_canon_children_effects.txt line: 3999 (asoiaf_canon_children_Tarly_5_birth_effect)","jomini_script_system.cpp:303 Script system error!
  Error: create_character effect [ Cannot specify both location and employer ]
  Script location: file: common/scripted_effects/asoiaf_canon_children_effects.txt line: * (asoiaf_canon_children_Tarly_5_birth_effect)"
"1","0","-1","Script / database error","AGOT+","11858","jomini_script_system.cpp:303","Script system error!
  Error: create_character effect [ Cannot specify both location and employer ]
  Script location: file: common/scripted_effects/asoiaf_canon_children_effects.txt line: 4031 (asoiaf_canon_children_Tarly_6_birth_effect)","jomini_script_system.cpp:303 Script system error!
  Error: create_character effect [ Cannot specify both location and employer ]
  Script location: file: common/scripted_effects/asoiaf_canon_children_effects.txt line: * (asoiaf_canon_children_Tarly_6_birth_effect)"
"1","0","-1","Script / database error","AGOT+","12478","jomini_script_system.cpp:303","Script system error!
  Error: create_character effect [ Cannot specify both location and employer ]
  Script location: file: common/scripted_effects/asoiaf_canon_children_effects.txt line: 12606 (asoiaf_canon_children_Tully_2_birth_effect)","jomini_script_system.cpp:303 Script system error!
  Error: create_character effect [ Cannot specify both location and employer ]
  Script location: file: common/scripted_effects/asoiaf_canon_children_effects.txt line: * (asoiaf_canon_children_Tully_2_birth_effect)"
"1","0","-1","Script / database error","AGOT+","12483","jomini_script_system.cpp:303","Script system error!
  Error: create_character effect [ Cannot specify both location and employer ]
  Script location: file: common/scripted_effects/asoiaf_canon_children_effects.txt line: 12647 (asoiaf_canon_children_Tully_3_birth_effect)","jomini_script_system.cpp:303 Script system error!
  Error: create_character effect [ Cannot specify both location and employer ]
  Script location: file: common/scripted_effects/asoiaf_canon_children_effects.txt line: * (asoiaf_canon_children_Tully_3_birth_effect)"
"1","0","-1","Script / database error","AGOT+","12488","jomini_script_system.cpp:303","Script system error!
  Error: create_character effect [ Cannot specify both location and employer ]
  Script location: file: common/scripted_effects/asoiaf_canon_children_effects.txt line: 12688 (asoiaf_canon_children_Tully_4_birth_effect)","jomini_script_system.cpp:303 Script system error!
  Error: create_character effect [ Cannot specify both location and employer ]
  Script location: file: common/scripted_effects/asoiaf_canon_children_effects.txt line: * (asoiaf_canon_children_Tully_4_birth_effect)"
"1","0","-1","Script / database error","AGOT+","12493","jomini_script_system.cpp:303","Script system error!
  Error: create_character effect [ Cannot specify both location and employer ]
  Script location: file: common/scripted_effects/asoiaf_canon_children_effects.txt line: 12749 (asoiaf_canon_children_Tully_6_birth_effect)","jomini_script_system.cpp:303 Script system error!
  Error: create_character effect [ Cannot specify both location and employer ]
  Script location: file: common/scripted_effects/asoiaf_canon_children_effects.txt line: * (asoiaf_canon_children_Tully_6_birth_effect)"
"1","0","-1","Script / database error","AGOT+","12498","jomini_script_system.cpp:303","Script system error!
  Error: create_character effect [ Cannot specify both location and employer ]
  Script location: file: common/scripted_effects/asoiaf_canon_children_effects.txt line: 12801 (asoiaf_canon_children_Tully_7_birth_effect)","jomini_script_system.cpp:303 Script system error!
  Error: create_character effect [ Cannot specify both location and employer ]
  Script location: file: common/scripted_effects/asoiaf_canon_children_effects.txt line: * (asoiaf_canon_children_Tully_7_birth_effect)"
"1","0","-1","Script / database error","AGOT+","12503","jomini_script_system.cpp:303","Script system error!
  Error: create_character effect [ Cannot specify both location and employer ]
  Script location: file: common/scripted_effects/asoiaf_canon_children_effects.txt line: 12854 (asoiaf_canon_children_Tully_8_birth_effect)","jomini_script_system.cpp:303 Script system error!
  Error: create_character effect [ Cannot specify both location and employer ]
  Script location: file: common/scripted_effects/asoiaf_canon_children_effects.txt line: * (asoiaf_canon_children_Tully_8_birth_effect)"
"1","0","-1","Script / database error","AGOT+","11813","jomini_script_system.cpp:303","Script system error!
  Error: create_character effect [ Cannot specify both location and employer ]
  Script location: file: common/scripted_effects/asoiaf_canon_children_effects.txt line: 3495 (asoiaf_canon_children_Tyrell_10_birth_effect)","jomini_script_system.cpp:303 Script system error!
  Error: create_character effect [ Cannot specify both location and employer ]
  Script location: file: common/scripted_effects/asoiaf_canon_children_effects.txt line: * (asoiaf_canon_children_Tyrell_10_birth_effect)"
"1","0","-1","Script / database error","AGOT+","11818","jomini_script_system.cpp:303","Script system error!
  Error: create_character effect [ Cannot specify both location and employer ]
  Script location: file: common/scripted_effects/asoiaf_canon_children_effects.txt line: 3548 (asoiaf_canon_children_Tyrell_11_birth_effect)","jomini_script_system.cpp:303 Script system error!
  Error: create_character effect [ Cannot specify both location and employer ]
  Script location: file: common/scripted_effects/asoiaf_canon_children_effects.txt line: * (asoiaf_canon_children_Tyrell_11_birth_effect)"
"1","0","-1","Script / database error","AGOT+","11823","jomini_script_system.cpp:303","Script system error!
  Error: create_character effect [ Cannot specify both location and employer ]
  Script location: file: common/scripted_effects/asoiaf_canon_children_effects.txt line: 3616 (asoiaf_canon_children_Tyrell_12_birth_effect)","jomini_script_system.cpp:303 Script system error!
  Error: create_character effect [ Cannot specify both location and employer ]
  Script location: file: common/scripted_effects/asoiaf_canon_children_effects.txt line: * (asoiaf_canon_children_Tyrell_12_birth_effect)"
"1","0","-1","Script / database error","AGOT+","11828","jomini_script_system.cpp:303","Script system error!
  Error: create_character effect [ Cannot specify both location and employer ]
  Script location: file: common/scripted_effects/asoiaf_canon_children_effects.txt line: 3678 (asoiaf_canon_children_Tyrell_13_birth_effect)","jomini_script_system.cpp:303 Script system error!
  Error: create_character effect [ Cannot specify both location and employer ]
  Script location: file: common/scripted_effects/asoiaf_canon_children_effects.txt line: * (asoiaf_canon_children_Tyrell_13_birth_effect)"
"1","0","-1","Script / database error","AGOT+","11833","jomini_script_system.cpp:303","Script system error!
  Error: create_character effect [ Cannot specify both location and employer ]
  Script location: file: common/scripted_effects/asoiaf_canon_children_effects.txt line: 3762 (asoiaf_canon_children_Tyrell_14_birth_effect)","jomini_script_system.cpp:303 Script system error!
  Error: create_character effect [ Cannot specify both location and employer ]
  Script location: file: common/scripted_effects/asoiaf_canon_children_effects.txt line: * (asoiaf_canon_children_Tyrell_14_birth_effect)"
"1","0","-1","Script / database error","AGOT+","11803","jomini_script_system.cpp:303","Script system error!
  Error: create_character effect [ Cannot specify both location and employer ]
  Script location: file: common/scripted_effects/asoiaf_canon_children_effects.txt line: 3392 (asoiaf_canon_children_Tyrell_8_birth_effect)","jomini_script_system.cpp:303 Script system error!
  Error: create_character effect [ Cannot specify both location and employer ]
  Script location: file: common/scripted_effects/asoiaf_canon_children_effects.txt line: * (asoiaf_canon_children_Tyrell_8_birth_effect)"
"1","0","-1","Script / database error","AGOT+","11808","jomini_script_system.cpp:303","Script system error!
  Error: create_character effect [ Cannot specify both location and employer ]
  Script location: file: common/scripted_effects/asoiaf_canon_children_effects.txt line: 3456 (asoiaf_canon_children_Tyrell_9_birth_effect)","jomini_script_system.cpp:303 Script system error!
  Error: create_character effect [ Cannot specify both location and employer ]
  Script location: file: common/scripted_effects/asoiaf_canon_children_effects.txt line: * (asoiaf_canon_children_Tyrell_9_birth_effect)"
"1","0","-1","Script / database error","AGOT+","12418","jomini_script_system.cpp:303","Script system error!
  Error: create_character effect [ Cannot specify both location and employer ]
  Script location: file: common/scripted_effects/asoiaf_canon_children_effects.txt line: 11669 (asoiaf_canon_children_Velaryon_34_birth_effect)","jomini_script_system.cpp:303 Script system error!
  Error: create_character effect [ Cannot specify both location and employer ]
  Script location: file: common/scripted_effects/asoiaf_canon_children_effects.txt line: * (asoiaf_canon_children_Velaryon_34_birth_effect)"
"1","0","-1","Script / database error","AGOT+","12423","jomini_script_system.cpp:303","Script system error!
  Error: create_character effect [ Cannot specify both location and employer ]
  Script location: file: common/scripted_effects/asoiaf_canon_children_effects.txt line: 11760 (asoiaf_canon_children_Velaryon_35_birth_effect)","jomini_script_system.cpp:303 Script system error!
  Error: create_character effect [ Cannot specify both location and employer ]
  Script location: file: common/scripted_effects/asoiaf_canon_children_effects.txt line: * (asoiaf_canon_children_Velaryon_35_birth_effect)"
"1","0","-1","Script / database error","AGOT+","12428","jomini_script_system.cpp:303","Script system error!
  Error: create_character effect [ Cannot specify both location and employer ]
  Script location: file: common/scripted_effects/asoiaf_canon_children_effects.txt line: 11861 (asoiaf_canon_children_Velaryon_43_birth_effect)","jomini_script_system.cpp:303 Script system error!
  Error: create_character effect [ Cannot specify both location and employer ]
  Script location: file: common/scripted_effects/asoiaf_canon_children_effects.txt line: * (asoiaf_canon_children_Velaryon_43_birth_effect)"
"1","0","-1","Script / database error","AGOT+","12433","jomini_script_system.cpp:303","Script system error!
  Error: create_character effect [ Cannot specify both location and employer ]
  Script location: file: common/scripted_effects/asoiaf_canon_children_effects.txt line: 11994 (asoiaf_canon_children_Velaryon_44_birth_effect)","jomini_script_system.cpp:303 Script system error!
  Error: create_character effect [ Cannot specify both location and employer ]
  Script location: file: common/scripted_effects/asoiaf_canon_children_effects.txt line: * (asoiaf_canon_children_Velaryon_44_birth_effect)"
"2","0","-2","Script / database error","AGOT+","11383","jomini_script_system.cpp:303","Script system error!
  Error: create_character effect [ Invalid/missing location or employer ]
  Script location: file: events/asoiaf_young_griff_landing_events.txt line: 76 (asoiaf_young_griff_landing_events.3:immediate)","jomini_script_system.cpp:303 Script system error!
  Error: create_character effect [ Invalid/missing location or employer ]
  Script location: file: events/asoiaf_young_griff_landing_events.txt line: * (asoiaf_young_griff_landing_events.3:immediate)"
"1","0","-1","Script / database error","AGOT+","11034","jomini_script_system.cpp:303","Script system error!
  Error: give_nickname effect [ Cannot find nick_the_imp in nickname database ]
  Script location: file: common/scripted_effects/asoiaf_canon_children_effects.txt line: 2899 (asoiaf_canon_children_Lannister_8_birth_effect:after_creation)","jomini_script_system.cpp:303 Script system error!
  Error: give_nickname effect [ Cannot find nick_the_imp in nickname database ]
  Script location: file: common/scripted_effects/asoiaf_canon_children_effects.txt line: * (asoiaf_canon_children_Lannister_8_birth_effect:after_creation)"
"1","0","-1","Script / database error","AGOT+","12652","jomini_script_system.cpp:303","Script system error!
  Error: has_activity_type trigger [ target: Not found in database class CActivityTypeDatabase ]
  Script location: file: gfx/interface/illustrations/scripted_illustrations/ingame.txt line: 116 (character_view_bg:trigger)","jomini_script_system.cpp:303 Script system error!
  Error: has_activity_type trigger [ target: Not found in database class CActivityTypeDatabase ]
  Script location: file: gfx/interface/illustrations/scripted_illustrations/ingame.txt line: * (character_view_bg:trigger)"
"4","0","-4","Script / database error","AGOT+","12762","jomini_script_system.cpp:303","Script system error!
  Error: has_activity_type trigger [ target: Not found in database class CActivityTypeDatabase ]
  Script location: file: gfx/portraits/portrait_modifiers/asoiaf_character_custom_flags.txt line: 15774 (asoiaf_custom_character_clothes:weight)","jomini_script_system.cpp:303 Script system error!
  Error: has_activity_type trigger [ target: Not found in database class CActivityTypeDatabase ]
  Script location: file: gfx/portraits/portrait_modifiers/asoiaf_character_custom_flags.txt line: * (asoiaf_custom_character_clothes:weight)"
"6","0","-6","Script / database error","AGOT+","12787","jomini_script_system.cpp:303","Script system error!
  Error: has_activity_type trigger [ target: Not found in database class CActivityTypeDatabase ]
  Script location: file: gfx/portraits/portrait_modifiers/asoiaf_hairs_custom_flags.txt line: 4083 (asoiaf_hairs_custom_appearances:weight)","jomini_script_system.cpp:303 Script system error!
  Error: has_activity_type trigger [ target: Not found in database class CActivityTypeDatabase ]
  Script location: file: gfx/portraits/portrait_modifiers/asoiaf_hairs_custom_flags.txt line: * (asoiaf_hairs_custom_appearances:weight)"
"1","0","-1","Script / database error","AGOT+","12613","jomini_script_system.cpp:303","Script system error!
  Error: has_clothing_gfx trigger [ Unknown gfx culture flag riverman_main ]
  Script location: file: common/scripted_triggers/asoiaf_cultural_portrait_triggers.txt line: 83 (asoiaf_riverman_portrait_trigger)","jomini_script_system.cpp:303 Script system error!
  Error: has_clothing_gfx trigger [ Unknown gfx culture flag riverman_main ]
  Script location: file: common/scripted_triggers/asoiaf_cultural_portrait_triggers.txt line: * (asoiaf_riverman_portrait_trigger)"
"1","0","-1","Script / database error","AGOT+","12842","jomini_script_system.cpp:303","Script system error!
  Error: has_game_rule trigger [ Invalid database object 'asoiaf_alternative_arryn_sigil_rule_off' ]
  Script location: file: common/on_action/asoiaf_marriage_concubinage_on_actions.txt line: 56 (asoiaf_rhaenyra_personal_coa_marriage)","jomini_script_system.cpp:303 Script system error!
  Error: has_game_rule trigger [ Invalid database object 'asoiaf_alternative_arryn_sigil_rule_off' ]
  Script location: file: common/on_action/asoiaf_marriage_concubinage_on_actions.txt line: * (asoiaf_rhaenyra_personal_coa_marriage)"
"1","0","-1","Script / database error","AGOT+","12847","jomini_script_system.cpp:303","Script system error!
  Error: has_game_rule trigger [ Invalid database object 'asoiaf_alternative_arryn_sigil_rule_on' ]
  Script location: file: common/on_action/asoiaf_marriage_concubinage_on_actions.txt line: 73 (asoiaf_rhaenyra_personal_coa_marriage)","jomini_script_system.cpp:303 Script system error!
  Error: has_game_rule trigger [ Invalid database object 'asoiaf_alternative_arryn_sigil_rule_on' ]
  Script location: file: common/on_action/asoiaf_marriage_concubinage_on_actions.txt line: * (asoiaf_rhaenyra_personal_coa_marriage)"
"1","0","-1","Script / database error","AGOT+","12782","jomini_script_system.cpp:303","Script system error!
  Error: has_game_rule trigger [ Invalid database object 'show_armor_enabled' ]
  Script location: file: gfx/portraits/portrait_modifiers/asoiaf_clothes_situational.txt line: 97 (asoiaf_clothes_situational:weight)","jomini_script_system.cpp:303 Script system error!
  Error: has_game_rule trigger [ Invalid database object 'show_armor_enabled' ]
  Script location: file: gfx/portraits/portrait_modifiers/asoiaf_clothes_situational.txt line: * (asoiaf_clothes_situational:weight)"
"1","0","-1","Script / database error","AGOT+","12817","jomini_script_system.cpp:303","Script system error!
  Error: has_game_rule trigger [ Invalid database object 'show_armor_enabled' ]
  Script location: file: gfx/portraits/portrait_modifiers/asoiaf_headgear_situational.txt line: 182 (asoiaf_headgear_situational:weight)","jomini_script_system.cpp:303 Script system error!
  Error: has_game_rule trigger [ Invalid database object 'show_armor_enabled' ]
  Script location: file: gfx/portraits/portrait_modifiers/asoiaf_headgear_situational.txt line: * (asoiaf_headgear_situational:weight)"
"1","0","-1","Script / database error","AGOT+ | Исправления совместимости","12593","jomini_script_system.cpp:303","Script system error!
  Error: has_nickname trigger [ Nickname nick_the_ironrod not found in the nickname database ]
  Script location: file: common/scripted_effects/asoiaf_setup_effects.txt line: 10704 (asoiaf_got_traits_effect)","jomini_script_system.cpp:303 Script system error!
  Error: has_nickname trigger [ Nickname nick_the_ironrod not found in the nickname database ]
  Script location: file: common/scripted_effects/asoiaf_setup_effects.txt line: * (asoiaf_got_traits_effect)"
"1","0","-1","Script / database error","AGOT+","12605","jomini_script_system.cpp:303","Script system error!
  Error: has_trait trigger [ Cannot find lifestyle_blademaster_2_history in trait database ]
  Script location: file: common/scripted_effects/asoiaf_clear_traits_effects.txt line: 805 (asoiaf_clear_lifestyle_traits_effect)","jomini_script_system.cpp:303 Script system error!
  Error: has_trait trigger [ Cannot find lifestyle_blademaster_2_history in trait database ]
  Script location: file: common/scripted_effects/asoiaf_clear_traits_effects.txt line: * (asoiaf_clear_lifestyle_traits_effect)"
"1","0","-1","Script / database error","AGOT+","12609","jomini_script_system.cpp:303","Script system error!
  Error: has_trait trigger [ Cannot find lifestyle_blademaster_3_history in trait database ]
  Script location: file: common/scripted_effects/asoiaf_clear_traits_effects.txt line: 811 (asoiaf_clear_lifestyle_traits_effect)","jomini_script_system.cpp:303 Script system error!
  Error: has_trait trigger [ Cannot find lifestyle_blademaster_3_history in trait database ]
  Script location: file: common/scripted_effects/asoiaf_clear_traits_effects.txt line: * (asoiaf_clear_lifestyle_traits_effect)"
"1","0","-1","Script / database error","AGOT+","12597","jomini_script_system.cpp:303","Script system error!
  Error: has_trait trigger [ Cannot find lifestyle_hunter_2_history in trait database ]
  Script location: file: common/scripted_effects/asoiaf_clear_traits_effects.txt line: 775 (asoiaf_clear_lifestyle_traits_effect)","jomini_script_system.cpp:303 Script system error!
  Error: has_trait trigger [ Cannot find lifestyle_hunter_2_history in trait database ]
  Script location: file: common/scripted_effects/asoiaf_clear_traits_effects.txt line: * (asoiaf_clear_lifestyle_traits_effect)"
"1","0","-1","Script / database error","AGOT+","12601","jomini_script_system.cpp:303","Script system error!
  Error: has_trait trigger [ Cannot find lifestyle_hunter_3_history in trait database ]
  Script location: file: common/scripted_effects/asoiaf_clear_traits_effects.txt line: 781 (asoiaf_clear_lifestyle_traits_effect)","jomini_script_system.cpp:303 Script system error!
  Error: has_trait trigger [ Cannot find lifestyle_hunter_3_history in trait database ]
  Script location: file: common/scripted_effects/asoiaf_clear_traits_effects.txt line: * (asoiaf_clear_lifestyle_traits_effect)"
"1","0","-1","Script / database error","AGOT+ | Исправления совместимости","12578","jomini_script_system.cpp:303","Script system error!
  Error: make_trait_inactive effect [ target: Not found in database class CTraitDatabase ]
  Script location: file: common/scripted_effects/asoiaf_agot_overwrite_effects.txt line: 49 (agot_scenario_rr_toj_create_baby_snow_effect)","jomini_script_system.cpp:303 Script system error!
  Error: make_trait_inactive effect [ target: Not found in database class CTraitDatabase ]
  Script location: file: common/scripted_effects/asoiaf_agot_overwrite_effects.txt line: * (agot_scenario_rr_toj_create_baby_snow_effect)"
"2","0","-2","Script / database error","AGOT+","11523","jomini_script_system.cpp:303","Script system error!
  Error: make_trait_inactive effect [ target: Not found in database class CTraitDatabase ]
  Script location: file: common/scripted_effects/asoiaf_assign_inactive_traits_effects.txt line: 92 (asoiaf_assign_inactive_traits_effect)","jomini_script_system.cpp:303 Script system error!
  Error: make_trait_inactive effect [ target: Not found in database class CTraitDatabase ]
  Script location: file: common/scripted_effects/asoiaf_assign_inactive_traits_effects.txt line: * (asoiaf_assign_inactive_traits_effect)"
"1","0","-1","Script / database error","AGOT+ | Исправления совместимости","11518","jomini_script_system.cpp:303","Script system error!
  Error: make_trait_inactive effect [ target: Not found in database class CTraitDatabase ]
  Script location: file: common/scripted_effects/asoiaf_targaryen_invasion_claimants_effects.txt line: 79 (asoiaf_targaryen_invasion_claimants_spawn_aegon_effect:after_creation)","jomini_script_system.cpp:303 Script system error!
  Error: make_trait_inactive effect [ target: Not found in database class CTraitDatabase ]
  Script location: file: common/scripted_effects/asoiaf_targaryen_invasion_claimants_effects.txt line: * (asoiaf_targaryen_invasion_claimants_spawn_aegon_effect:after_creation)"
"4","0","-4","Script / database error","AGOT+","12558","jomini_script_system.cpp:303","Script system error!
  Error: remove_trait effect [ target: Not found in database class CTraitDatabase ]
  Script location: file: common/scripted_effects/asoiaf_clear_traits_effects.txt line: 777 (asoiaf_clear_lifestyle_traits_effect)","jomini_script_system.cpp:303 Script system error!
  Error: remove_trait effect [ target: Not found in database class CTraitDatabase ]
  Script location: file: common/scripted_effects/asoiaf_clear_traits_effects.txt line: * (asoiaf_clear_lifestyle_traits_effect)"
"1","0","-1","Script / database error","AGOT+ | Исправления совместимости","11498","jomini_script_system.cpp:303","Script system error!
  Error: remove_trait effect [ target: Not found in database class CTraitDatabase ]
  Script location: file: common/scripted_effects/asoiaf_setup_effects.txt line: 5470 (asoiaf_got_traits_effect)","jomini_script_system.cpp:303 Script system error!
  Error: remove_trait effect [ target: Not found in database class CTraitDatabase ]
  Script location: file: common/scripted_effects/asoiaf_setup_effects.txt line: * (asoiaf_got_traits_effect)"
"1","0","-1","Script / database error","AGOT+ | Исправления совместимости","11513","jomini_script_system.cpp:303","Script system error!
  Error: set_focus effect [ Invalid database object 'bossy' ]
  Script location: file: common/scripted_effects/asoiaf_setup_effects.txt line: 6669 (asoiaf_got_traits_effect)","jomini_script_system.cpp:303 Script system error!
  Error: set_focus effect [ Invalid database object 'bossy' ]
  Script location: file: common/scripted_effects/asoiaf_setup_effects.txt line: * (asoiaf_got_traits_effect)"
"1","0","-1","Script / database error","AGOT+ | Исправления совместимости","11508","jomini_script_system.cpp:303","Script system error!
  Error: set_focus effect [ Invalid database object 'education_stewardhip' ]
  Script location: file: common/scripted_effects/asoiaf_setup_effects.txt line: 6249 (asoiaf_got_traits_effect)","jomini_script_system.cpp:303 Script system error!
  Error: set_focus effect [ Invalid database object 'education_stewardhip' ]
  Script location: file: common/scripted_effects/asoiaf_setup_effects.txt line: * (asoiaf_got_traits_effect)"
"1","0","-1","Script / database error","AGOT+","12656","jomini_trigger.cpp:243","PostValidate of trigger 'has_activity_type' returned false at file: gfx/interface/illustrations/scripted_illustrations/ingame.txt line: 116 (character_view_bg:trigger)","jomini_trigger.cpp:243 PostValidate of trigger 'has_activity_type' returned false at file: gfx/interface/illustrations/scripted_illustrations/ingame.txt line: * (character_view_bg:trigger)"
"4","0","-4","Script / database error","AGOT+","12766","jomini_trigger.cpp:243","PostValidate of trigger 'has_activity_type' returned false at file: gfx/portraits/portrait_modifiers/asoiaf_character_custom_flags.txt line: 15774 (asoiaf_custom_character_clothes:weight)","jomini_trigger.cpp:243 PostValidate of trigger 'has_activity_type' returned false at file: gfx/portraits/portrait_modifiers/asoiaf_character_custom_flags.txt line: * (asoiaf_custom_character_clothes:weight)"
"6","0","-6","Script / database error","AGOT+","12791","jomini_trigger.cpp:243","PostValidate of trigger 'has_activity_type' returned false at file: gfx/portraits/portrait_modifiers/asoiaf_hairs_custom_flags.txt line: 4083 (asoiaf_hairs_custom_appearances:weight)","jomini_trigger.cpp:243 PostValidate of trigger 'has_activity_type' returned false at file: gfx/portraits/portrait_modifiers/asoiaf_hairs_custom_flags.txt line: * (asoiaf_hairs_custom_appearances:weight)"
"2","0","-2","Script / database error","AGOT+","12846","jomini_trigger.cpp:243","PostValidate of trigger 'has_game_rule' returned false at file: common/on_action/asoiaf_marriage_concubinage_on_actions.txt line: 56 (asoiaf_rhaenyra_personal_coa_marriage)","jomini_trigger.cpp:243 PostValidate of trigger 'has_game_rule' returned false at file: common/on_action/asoiaf_marriage_concubinage_on_actions.txt line: * (asoiaf_rhaenyra_personal_coa_marriage)"
"1","0","-1","Script / database error","AGOT+","12786","jomini_trigger.cpp:243","PostValidate of trigger 'has_game_rule' returned false at file: gfx/portraits/portrait_modifiers/asoiaf_clothes_situational.txt line: 97 (asoiaf_clothes_situational:weight)","jomini_trigger.cpp:243 PostValidate of trigger 'has_game_rule' returned false at file: gfx/portraits/portrait_modifiers/asoiaf_clothes_situational.txt line: * (asoiaf_clothes_situational:weight)"
"1","0","-1","Script / database error","AGOT+","12821","jomini_trigger.cpp:243","PostValidate of trigger 'has_game_rule' returned false at file: gfx/portraits/portrait_modifiers/asoiaf_headgear_situational.txt line: 182 (asoiaf_headgear_situational:weight)","jomini_trigger.cpp:243 PostValidate of trigger 'has_game_rule' returned false at file: gfx/portraits/portrait_modifiers/asoiaf_headgear_situational.txt line: * (asoiaf_headgear_situational:weight)"
"1","0","-1","History / title / faith reference error","AGOT+","10816","title_links.cpp:214","Failed to fetch a valid landed title 'c_blood_point' at location 'file: common/on_action/agot_on_actions/test_title_on_actions.txt line: 1030 (asoiaf_daemon_loses_stepstone_claims)'","title_links.cpp:214 Failed to fetch a valid landed title 'c_blood_point' at location 'file: common/on_action/agot_on_actions/test_title_on_actions.txt line: * (asoiaf_daemon_loses_stepstone_claims)'"
