[16:10:18][dlc_descriptor.cpp:70] [original line 1] Invalid supported_version in file: mod/ugc_2261468688.mod line: 6
[16:12:16][pdxassetutil.cpp:1009] [original line 1192] Duplicate texture 'ep3_patras_castle_01_a_unique.dds' found (current path 'gfx/models/buildings/special/high_hermitage/ep3_patras_castle_01_a_unique.dds', previous path 'gfx/models/buildings/special/ep3_patras_castle_01_a/ep3_patras_castle_01_a_unique.dds')
[16:12:16][pdxassetutil.cpp:1009] [original line 1193] Duplicate texture 'ep3_patras_castle_ground_diffuse.dds' found (current path 'gfx/models/buildings/special/high_hermitage/ep3_patras_castle_ground_diffuse.dds', previous path 'gfx/models/buildings/special/ep3_patras_castle_01_a/ep3_patras_castle_ground_diffuse.dds')
[16:12:16][pdxassetutil.cpp:1009] [original line 1194] Duplicate texture 'ep3_patras_castle_ground_normal.dds' found (current path 'gfx/models/buildings/special/high_hermitage/ep3_patras_castle_ground_normal.dds', previous path 'gfx/models/buildings/special/ep3_patras_castle_01_a/ep3_patras_castle_ground_normal.dds')
[16:12:16][pdxassetutil.cpp:1009] [original line 1195] Duplicate texture 'ep3_patras_castle_ground_properties.dds' found (current path 'gfx/models/buildings/special/high_hermitage/ep3_patras_castle_ground_properties.dds', previous path 'gfx/models/buildings/special/ep3_patras_castle_01_a/ep3_patras_castle_ground_properties.dds')
[16:12:16][pdxassetutil.cpp:1009] [original line 1196] Duplicate texture 'ethiopian_atlas_diffuse.dds' found (current path 'gfx/models/buildings/special/Karhold/ethiopian_atlas_diffuse.dds', previous path 'gfx/models/buildings/holdings/atlas/ethiopian/ethiopian_atlas_diffuse.dds')
[16:12:16][pdxassetutil.cpp:1009] [original line 1197] Duplicate texture 'ethiopian_atlas_diffuse.dds' found (current path 'gfx/models/buildings/special/Runestone/ethiopian_atlas_diffuse.dds', previous path 'gfx/models/buildings/holdings/atlas/ethiopian/ethiopian_atlas_diffuse.dds')
[16:12:16][pdxassetutil.cpp:1009] [original line 1198] Duplicate texture 'ethiopian_atlas_normal.dds' found (current path 'gfx/models/buildings/special/Karhold/ethiopian_atlas_normal.dds', previous path 'gfx/models/buildings/holdings/atlas/ethiopian/ethiopian_atlas_normal.dds')
[16:12:16][pdxassetutil.cpp:1009] [original line 1199] Duplicate texture 'ethiopian_atlas_normal.dds' found (current path 'gfx/models/buildings/special/Runestone/ethiopian_atlas_normal.dds', previous path 'gfx/models/buildings/holdings/atlas/ethiopian/ethiopian_atlas_normal.dds')
[16:12:16][pdxassetutil.cpp:1009] [original line 1200] Duplicate texture 'ethiopian_atlas_properties.dds' found (current path 'gfx/models/buildings/special/Karhold/ethiopian_atlas_properties.dds', previous path 'gfx/models/buildings/holdings/atlas/ethiopian/ethiopian_atlas_properties.dds')
[16:12:16][pdxassetutil.cpp:1009] [original line 1201] Duplicate texture 'ethiopian_atlas_properties.dds' found (current path 'gfx/models/buildings/special/Runestone/ethiopian_atlas_properties.dds', previous path 'gfx/models/buildings/holdings/atlas/ethiopian/ethiopian_atlas_properties.dds')
[16:12:16][pdxassetutil.cpp:1009] [original line 1202] Duplicate texture 'male_cloaks_secular_shouldercape_01_diffuse.dds' found (current path 'gfx/models/portraits/m_cloaks/asoiaf/asoiaf_westerlands/asoiaf_lannister_cloaks/asoiaf_lannister_cloak_royal/male_cloaks_secular_shouldercape_01_diffuse.dds', previous path 'gfx/models/portraits/m_cloaks/agot/shouldercape/male_cloaks_secular_shouldercape_01_diffuse.dds')
[16:12:16][pdxassetutil.cpp:1009] [original line 1203] Duplicate texture 'male_cloaks_secular_shouldercape_01_masks.dds' found (current path 'gfx/models/portraits/m_cloaks/asoiaf/asoiaf_westerlands/asoiaf_lannister_cloaks/asoiaf_lannister_cloak_royal/male_cloaks_secular_shouldercape_01_masks.dds', previous path 'gfx/models/portraits/m_cloaks/agot/shouldercape/male_cloaks_secular_shouldercape_01_masks.dds')
[16:12:16][pdxassetutil.cpp:1009] [original line 1204] Duplicate texture 'male_cloaks_secular_shouldercape_01_normal.dds' found (current path 'gfx/models/portraits/m_cloaks/asoiaf/asoiaf_westerlands/asoiaf_lannister_cloaks/asoiaf_lannister_cloak_royal/male_cloaks_secular_shouldercape_01_normal.dds', previous path 'gfx/models/portraits/m_cloaks/agot/shouldercape/male_cloaks_secular_shouldercape_01_normal.dds')
[16:12:16][pdxassetutil.cpp:1009] [original line 1205] Duplicate texture 'male_cloaks_secular_shouldercape_01_properties.dds' found (current path 'gfx/models/portraits/m_cloaks/asoiaf/asoiaf_westerlands/asoiaf_lannister_cloaks/asoiaf_lannister_cloak_royal/male_cloaks_secular_shouldercape_01_properties.dds', previous path 'gfx/models/portraits/m_cloaks/agot/shouldercape/male_cloaks_secular_shouldercape_01_properties.dds')
[16:12:19][pdxassetutil.cpp:556] [original line 1206] UV-Set: 1 in mesh 'crag_crenelation' in file 'gfx/models/buildings/special/crag/crag.mesh' has no valid triangle to use when calculating texture streaming factor. Texture streaming needs a triangle with an area.
[16:12:19][pdxassetutil.cpp:556] [original line 1207] UV-Set: 1 in mesh 'gold_ball' in file 'gfx/models/buildings/special/cow_blackhaven/cow_blackhaven.mesh' has no valid triangle to use when calculating texture streaming factor. Texture streaming needs a triangle with an area.
[16:12:19][pdxassetutil.cpp:556] [original line 1208] UV-Set: 1 in mesh 'crag_stone_ground' in file 'gfx/models/buildings/special/cow_blackhaven/cow_blackhaven.mesh' has no valid triangle to use when calculating texture streaming factor. Texture streaming needs a triangle with an area.
[16:12:19][pdxassetutil.cpp:1763] [original line 1209] pdxmesh [cow_blackhaven_mesh] is out of sync with its meshsettings. [blackhaven_rockShape] is not in use in file: gfx/models/buildings/special/cow_blackhaven/cow_blackhaven.mesh
[16:12:19][pdxassetutil.cpp:1763] [original line 1210] pdxmesh [crag_mesh] is out of sync with its meshsettings. [lannisport_dgShape] is not in use in file: gfx/models/buildings/special/crag/crag.mesh
[16:12:19][pdxassetutil.cpp:1763] [original line 1211] pdxmesh [crag_mesh] is out of sync with its meshsettings. [lannisport_lkShape] is not in use in file: gfx/models/buildings/special/crag/crag.mesh
[16:12:19][pdxassetutil.cpp:1763] [original line 1212] pdxmesh [crag_mesh] is out of sync with its meshsettings. [lannisport_lpShape] is not in use in file: gfx/models/buildings/special/crag/crag.mesh
[16:12:20][pdxassetutil.cpp:1763] [original line 1213] pdxmesh [building_special_lonely_light_04] is out of sync with its meshsettings. [dock_tower_wood] is not in use in file: gfx/models/buildings/special/Lonely Light/building_special_lonely_light_04.mesh
[16:12:22][pdxassetutil.cpp:1763] [original line 1214] pdxmesh [starpike_mesh] is out of sync with its meshsettings. [starpike_ground] is not in use in file: gfx/models/buildings/special/starpike/starpike.mesh
[16:12:22][pdxassetutil.cpp:1763] [original line 1215] pdxmesh [starpike_mesh] is out of sync with its meshsettings. [starpike_lower] is not in use in file: gfx/models/buildings/special/starpike/starpike.mesh
[16:12:22][pdxassetutil.cpp:1763] [original line 1216] pdxmesh [high_hermitage_mesh] is out of sync with its meshsettings. [ep3_basilica_sant_apollinare_nuovo_decalShape] is not in use in file: gfx/models/buildings/special/high_hermitage/high_hermitage.mesh
[16:12:22][pdxassetutil.cpp:556] [original line 1217] UV-Set: 1 in mesh 'pole_town' in file 'gfx/models/buildings/special/planky town/planky_town.mesh' has no valid triangle to use when calculating texture streaming factor. Texture streaming needs a triangle with an area.
[16:12:23][pdxassetutil.cpp:556] [original line 1218] UV-Set: 1 in mesh 'rooksrest_stone_ground' in file 'gfx/models/buildings/special/rooksrest/rooksrest.mesh' has no valid triangle to use when calculating texture streaming factor. Texture streaming needs a triangle with an area.
[16:12:24][pdxassetutil.cpp:556] [original line 1219] UV-Set: 0 in mesh 'lift' in file 'gfx/models/buildings/special/castamere/24castamere_3.mesh' has no valid triangle to use when calculating texture streaming factor. Texture streaming needs a triangle with an area.
[16:12:24][pdxassetutil.cpp:1053] [original line 1220] Failed to find texture 'building_backup_atlas_properties.dds'
[16:12:24][virtualfilesystem.cpp:456] [original line 1221] Could not find texture due to 'VFSOpen Error: gfx/models/buildings/special/castamere/building_backup_atlas_properties.dds not found'
[16:12:24][pdxassetutil.cpp:1053] [original line 1222] Failed to find texture 'building_backup_atlas_normal.dds'
[16:12:24][virtualfilesystem.cpp:456] [original line 1223] Could not find texture due to 'VFSOpen Error: gfx/models/buildings/special/castamere/building_backup_atlas_normal.dds not found'
[16:12:24][pdxassetutil.cpp:556] [original line 1224] UV-Set: 0 in mesh 'pallet' in file 'gfx/models/buildings/special/castamere/24castamere_3.mesh' has no valid triangle to use when calculating texture streaming factor. Texture streaming needs a triangle with an area.
[16:12:24][pdxassetutil.cpp:1053] [original line 1225] Failed to find texture 'building_backup_atlas_properties.dds'
[16:12:24][virtualfilesystem.cpp:456] [original line 1226] Could not find texture due to 'VFSOpen Error: gfx/models/buildings/special/castamere/building_backup_atlas_properties.dds not found'
[16:12:24][pdxassetutil.cpp:1053] [original line 1227] Failed to find texture 'building_backup_atlas_normal.dds'
[16:12:24][virtualfilesystem.cpp:456] [original line 1228] Could not find texture due to 'VFSOpen Error: gfx/models/buildings/special/castamere/building_backup_atlas_normal.dds not found'
[16:12:25][pdxassetutil.cpp:556] [original line 1229] UV-Set: 1 in mesh 'ashemark_stone_ground' in file 'gfx/models/buildings/special/ashemark/ashemark.mesh' has no valid triangle to use when calculating texture streaming factor. Texture streaming needs a triangle with an area.
[16:12:25][pdxassetutil.cpp:1763] [original line 1230] pdxmesh [building_palestone_sword_01_mesh] is out of sync with its meshsettings. [casterlyrock_rockShape] is not in use in file: gfx/models/buildings/special/palestone_sword/building_palestone_sword_01.mesh
[16:12:25][pdxassetutil.cpp:556] [original line 1231] UV-Set: 1 in mesh 'lannisport_dgShape' in file 'gfx/models/buildings/special/fanghill/fanghill.mesh' has no valid triangle to use when calculating texture streaming factor. Texture streaming needs a triangle with an area.
[16:12:26][pdxassetutil.cpp:556] [original line 1232] UV-Set: 0 in mesh 'lift' in file 'gfx/models/buildings/special/castamere/24castamere_2.mesh' has no valid triangle to use when calculating texture streaming factor. Texture streaming needs a triangle with an area.
[16:12:26][pdxassetutil.cpp:1053] [original line 1233] Failed to find texture 'building_backup_atlas_properties.dds'
[16:12:26][virtualfilesystem.cpp:456] [original line 1234] Could not find texture due to 'VFSOpen Error: gfx/models/buildings/special/castamere/building_backup_atlas_properties.dds not found'
[16:12:26][pdxassetutil.cpp:1053] [original line 1235] Failed to find texture 'building_backup_atlas_normal.dds'
[16:12:26][virtualfilesystem.cpp:456] [original line 1236] Could not find texture due to 'VFSOpen Error: gfx/models/buildings/special/castamere/building_backup_atlas_normal.dds not found'
[16:12:26][pdxassetutil.cpp:556] [original line 1237] UV-Set: 0 in mesh 'pallet' in file 'gfx/models/buildings/special/castamere/24castamere_2.mesh' has no valid triangle to use when calculating texture streaming factor. Texture streaming needs a triangle with an area.
[16:12:26][pdxassetutil.cpp:1053] [original line 1238] Failed to find texture 'building_backup_atlas_properties.dds'
[16:12:26][virtualfilesystem.cpp:456] [original line 1239] Could not find texture due to 'VFSOpen Error: gfx/models/buildings/special/castamere/building_backup_atlas_properties.dds not found'
[16:12:26][pdxassetutil.cpp:1053] [original line 1240] Failed to find texture 'building_backup_atlas_normal.dds'
[16:12:26][virtualfilesystem.cpp:456] [original line 1241] Could not find texture due to 'VFSOpen Error: gfx/models/buildings/special/castamere/building_backup_atlas_normal.dds not found'
[16:12:27][pdxassetutil.cpp:556] [original line 1242] UV-Set: 1 in mesh 'crag_upper' in file 'gfx/models/buildings/special/crag/crag_level_2.mesh' has no valid triangle to use when calculating texture streaming factor. Texture streaming needs a triangle with an area.
[16:12:27][pdxassetutil.cpp:556] [original line 1243] UV-Set: 1 in mesh 'crag_upper' in file 'gfx/models/buildings/special/crag/crag_level_2.mesh' has no valid triangle to use when calculating texture streaming factor. Texture streaming needs a triangle with an area.
[16:12:27][pdxassetutil.cpp:556] [original line 1244] UV-Set: 1 in mesh 'crag_stone_ground' in file 'gfx/models/buildings/special/crag/crag_level_2.mesh' has no valid triangle to use when calculating texture streaming factor. Texture streaming needs a triangle with an area.
[16:12:27][pdxassetutil.cpp:1763] [original line 1245] pdxmesh [crag_level_2_mesh] is out of sync with its meshsettings. [lannisport_dgShape] is not in use in file: gfx/models/buildings/special/crag/crag_level_2.mesh
[16:12:27][pdxassetutil.cpp:1763] [original line 1246] pdxmesh [crag_level_2_mesh] is out of sync with its meshsettings. [lannisport_lkShape] is not in use in file: gfx/models/buildings/special/crag/crag_level_2.mesh
[16:12:27][pdxassetutil.cpp:1763] [original line 1247] pdxmesh [crag_level_2_mesh] is out of sync with its meshsettings. [lannisport_lpShape] is not in use in file: gfx/models/buildings/special/crag/crag_level_2.mesh
[16:12:27][pdxassetutil.cpp:1763] [original line 1248] pdxmesh [building_special_sisterton_mesh] is out of sync with its meshsettings. [sisteron_rough_walls] is not in use in file: gfx/models/buildings/special/sisterton/building_special_sisterton.mesh
[16:12:28][pdxassetutil.cpp:556] [original line 1249] UV-Set: 0 in mesh 'building_griffin_roost_castle' in file 'gfx/models/buildings/special/griffins roost/building_special_griffins_roost.mesh' has no valid triangle to use when calculating texture streaming factor. Texture streaming needs a triangle with an area.
[16:12:28][pdxassetutil.cpp:556] [original line 1250] UV-Set: 1 in mesh 'rooksrest_stone_ground' in file 'gfx/models/buildings/special/rooksrest/rooksrest2.mesh' has no valid triangle to use when calculating texture streaming factor. Texture streaming needs a triangle with an area.
[16:12:28][pdxassetutil.cpp:556] [original line 1251] UV-Set: 1 in mesh 'rooksrest_stone' in file 'gfx/models/buildings/special/rooksrest/rooksrest2.mesh' has no valid triangle to use when calculating texture streaming factor. Texture streaming needs a triangle with an area.
[16:12:28][pdxassetutil.cpp:556] [original line 1252] UV-Set: 0 in mesh 'griffin_roost_roof' in file 'gfx/models/buildings/special/griffins roost/building_special_griffins_roost.mesh' has no valid triangle to use when calculating texture streaming factor. Texture streaming needs a triangle with an area.
[16:12:28][pdxassetutil.cpp:1763] [original line 1253] pdxmesh [lordsport_mesh] is out of sync with its meshsettings. [iron] is not in use in file: gfx/models/buildings/special/lordsport/lordsport.mesh
[16:12:28][pdxassetutil.cpp:1763] [original line 1254] pdxmesh [lordsport_mesh] is out of sync with its meshsettings. [lordsport_stone_ground] is not in use in file: gfx/models/buildings/special/lordsport/lordsport.mesh
[16:12:29][pdxassetutil.cpp:1763] [original line 1255] pdxmesh [building_special_yronwood_mesh] is out of sync with its meshsettings. [fp2_building_special_alhambra_01_palm_treeShape] is not in use in file: gfx/models/buildings/special/yronwood/building_special_yronwood.mesh
[16:12:30][pdxassetutil.cpp:556] [original line 1256] UV-Set: 0 in mesh 'the_ground' in file 'gfx/models/buildings/special/deepwood_motte/deepwood_motte.mesh' has no valid triangle to use when calculating texture streaming factor. Texture streaming needs a triangle with an area.
[16:12:30][pdxassetutil.cpp:556] [original line 1257] UV-Set: 1 in mesh 'building_special_evenfall_1Shape' in file 'gfx/models/buildings/special/Evenfall/building_special_evenfall.mesh' has no valid triangle to use when calculating texture streaming factor. Texture streaming needs a triangle with an area.
[16:12:30][pdxassetutil.cpp:556] [original line 1258] UV-Set: 1 in mesh 'building_special_evenfall_2Shape' in file 'gfx/models/buildings/special/Evenfall/building_special_evenfall.mesh' has no valid triangle to use when calculating texture streaming factor. Texture streaming needs a triangle with an area.
[16:12:30][pdxassetutil.cpp:1763] [original line 1259] pdxmesh [building_special_evenfall_mesh] is out of sync with its meshsettings. [building_special_evenfall_4Shape] is not in use in file: gfx/models/buildings/special/Evenfall/building_special_evenfall.mesh
[16:12:30][pdxassetutil.cpp:1763] [original line 1260] pdxmesh [building_special_evenfall_mesh] is out of sync with its meshsettings. [building_special_evenfall_cellsShape] is not in use in file: gfx/models/buildings/special/Evenfall/building_special_evenfall.mesh
[16:12:30][pdxassetutil.cpp:1763] [original line 1261] pdxmesh [building_special_evenfall_mesh] is out of sync with its meshsettings. [fp4_legendary_western_palace_01_aShape] is not in use in file: gfx/models/buildings/special/Evenfall/building_special_evenfall.mesh
[16:12:30][pdxassetutil.cpp:556] [original line 1262] UV-Set: 0 in mesh 'bronze_bell' in file 'gfx/models/buildings/special/seagaurd/building_seagard_01.mesh' has no valid triangle to use when calculating texture streaming factor. Texture streaming needs a triangle with an area.
[16:12:30][pdxassetutil.cpp:556] [original line 1263] UV-Set: 0 in mesh 'bellchain' in file 'gfx/models/buildings/special/seagaurd/building_seagard_01.mesh' has no valid triangle to use when calculating texture streaming factor. Texture streaming needs a triangle with an area.
[16:12:30][pdxassetutil.cpp:1763] [original line 1264] pdxmesh [building_seagard_01_mesh] is out of sync with its meshsettings. [City] is not in use in file: gfx/models/buildings/special/seagaurd/building_seagard_01.mesh
[16:12:30][pdxassetutil.cpp:1763] [original line 1265] pdxmesh [building_seagard_01_mesh] is out of sync with its meshsettings. [building_western_castle_0Shape4] is not in use in file: gfx/models/buildings/special/seagaurd/building_seagard_01.mesh
[16:12:30][pdxassetutil.cpp:1763] [original line 1266] pdxmesh [building_seagard_01_mesh] is out of sync with its meshsettings. [western_walls_04_a1Shape] is not in use in file: gfx/models/buildings/special/seagaurd/building_seagard_01.mesh
[16:12:30][pdxassetutil.cpp:1763] [original line 1267] pdxmesh [building_seagard_01_mesh] is out of sync with its meshsettings. [western_walls_04_a1Shape1] is not in use in file: gfx/models/buildings/special/seagaurd/building_seagard_01.mesh
[16:12:30][pdxassetutil.cpp:1763] [original line 1268] pdxmesh [building_seagard_01_mesh] is out of sync with its meshsettings. [western_walls_04_a1Shape2] is not in use in file: gfx/models/buildings/special/seagaurd/building_seagard_01.mesh
[16:12:30][pdxassetutil.cpp:1763] [original line 1269] pdxmesh [building_seagard_01_mesh] is out of sync with its meshsettings. [western_walls_04_a1Shape3] is not in use in file: gfx/models/buildings/special/seagaurd/building_seagard_01.mesh
[16:12:30][pdxassetutil.cpp:1763] [original line 1270] pdxmesh [building_seagard_01_mesh] is out of sync with its meshsettings. [pallet] is not in use in file: gfx/models/buildings/special/seagaurd/building_seagard_01.mesh
[16:12:30][pdxassetutil.cpp:1763] [original line 1271] pdxmesh [building_seagard_01_mesh] is out of sync with its meshsettings. [lift] is not in use in file: gfx/models/buildings/special/seagaurd/building_seagard_01.mesh
[16:12:30][pdxassetutil.cpp:1763] [original line 1272] pdxmesh [building_seagard_01_mesh] is out of sync with its meshsettings. [hillfort_01] is not in use in file: gfx/models/buildings/special/seagaurd/building_seagard_01.mesh
[16:12:30][pdxassetutil.cpp:1763] [original line 1273] pdxmesh [building_seagard_01_mesh] is out of sync with its meshsettings. [building_special_stormsend_castle_cliffsShape] is not in use in file: gfx/models/buildings/special/seagaurd/building_seagard_01.mesh
[16:12:30][pdxassetutil.cpp:556] [original line 1274] UV-Set: 0 in mesh 'lift' in file 'gfx/models/buildings/special/castamere/castamere_restored.mesh' has no valid triangle to use when calculating texture streaming factor. Texture streaming needs a triangle with an area.
[16:12:30][pdxassetutil.cpp:1053] [original line 1275] Failed to find texture 'building_backup_atlas_properties.dds'
[16:12:30][virtualfilesystem.cpp:456] [original line 1276] Could not find texture due to 'VFSOpen Error: gfx/models/buildings/special/castamere/building_backup_atlas_properties.dds not found'
[16:12:30][pdxassetutil.cpp:1053] [original line 1277] Failed to find texture 'building_backup_atlas_normal.dds'
[16:12:30][virtualfilesystem.cpp:456] [original line 1278] Could not find texture due to 'VFSOpen Error: gfx/models/buildings/special/castamere/building_backup_atlas_normal.dds not found'
[16:12:30][pdxassetutil.cpp:556] [original line 1279] UV-Set: 0 in mesh 'windmill' in file 'gfx/models/buildings/special/castamere/castamere_restored.mesh' has no valid triangle to use when calculating texture streaming factor. Texture streaming needs a triangle with an area.
[16:12:30][pdxassetutil.cpp:1053] [original line 1280] Failed to find texture 'building_backup_atlas_properties.dds'
[16:12:30][virtualfilesystem.cpp:456] [original line 1281] Could not find texture due to 'VFSOpen Error: gfx/models/buildings/special/castamere/building_backup_atlas_properties.dds not found'
[16:12:30][pdxassetutil.cpp:1053] [original line 1282] Failed to find texture 'building_backup_atlas_normal.dds'
[16:12:30][virtualfilesystem.cpp:456] [original line 1283] Could not find texture due to 'VFSOpen Error: gfx/models/buildings/special/castamere/building_backup_atlas_normal.dds not found'
[16:12:30][pdxassetutil.cpp:556] [original line 1284] UV-Set: 0 in mesh 'pallet' in file 'gfx/models/buildings/special/castamere/castamere_restored.mesh' has no valid triangle to use when calculating texture streaming factor. Texture streaming needs a triangle with an area.
[16:12:30][pdxassetutil.cpp:1053] [original line 1285] Failed to find texture 'building_backup_atlas_properties.dds'
[16:12:30][virtualfilesystem.cpp:456] [original line 1286] Could not find texture due to 'VFSOpen Error: gfx/models/buildings/special/castamere/building_backup_atlas_properties.dds not found'
[16:12:30][pdxassetutil.cpp:1053] [original line 1287] Failed to find texture 'building_backup_atlas_normal.dds'
[16:12:30][virtualfilesystem.cpp:456] [original line 1288] Could not find texture due to 'VFSOpen Error: gfx/models/buildings/special/castamere/building_backup_atlas_normal.dds not found'
[16:12:30][pdxassetutil.cpp:556] [original line 1289] UV-Set: 0 in mesh 'building_mediterranean_city_02' in file 'gfx/models/buildings/special/the_arbor/the_arbor.mesh' has no valid triangle to use when calculating texture streaming factor. Texture streaming needs a triangle with an area.
[16:12:31][pdxassetutil.cpp:556] [original line 1290] UV-Set: 1 in mesh 'crag_upper' in file 'gfx/models/buildings/special/crag/crag_level_1.mesh' has no valid triangle to use when calculating texture streaming factor. Texture streaming needs a triangle with an area.
[16:12:31][pdxassetutil.cpp:556] [original line 1291] UV-Set: 1 in mesh 'crag_upper' in file 'gfx/models/buildings/special/crag/crag_level_1.mesh' has no valid triangle to use when calculating texture streaming factor. Texture streaming needs a triangle with an area.
[16:12:31][pdxassetutil.cpp:556] [original line 1292] UV-Set: 1 in mesh 'crag_stone_ground' in file 'gfx/models/buildings/special/crag/crag_level_1.mesh' has no valid triangle to use when calculating texture streaming factor. Texture streaming needs a triangle with an area.
[16:12:31][pdxassetutil.cpp:556] [original line 1293] UV-Set: 1 in mesh 'crag_windows' in file 'gfx/models/buildings/special/crag/crag_level_1.mesh' has no valid triangle to use when calculating texture streaming factor. Texture streaming needs a triangle with an area.
[16:12:31][pdxassetutil.cpp:1763] [original line 1294] pdxmesh [crag_level_1_mesh] is out of sync with its meshsettings. [lannisport_dgShape] is not in use in file: gfx/models/buildings/special/crag/crag_level_1.mesh
[16:12:31][pdxassetutil.cpp:1763] [original line 1295] pdxmesh [crag_level_1_mesh] is out of sync with its meshsettings. [lannisport_lkShape] is not in use in file: gfx/models/buildings/special/crag/crag_level_1.mesh
[16:12:31][pdxassetutil.cpp:1763] [original line 1296] pdxmesh [crag_level_1_mesh] is out of sync with its meshsettings. [lannisport_lpShape] is not in use in file: gfx/models/buildings/special/crag/crag_level_1.mesh
[16:12:32][pdxassetutil.cpp:1763] [original line 1297] pdxmesh [building_special_duskendale_mesh] is out of sync with its meshsettings. [farm_mediterranean] is not in use in file: gfx/models/buildings/special/duskendale/building_special_duskendale.mesh
[16:12:32][pdxassetutil.cpp:1763] [original line 1298] pdxmesh [building_special_duskendale_mesh] is out of sync with its meshsettings. [farm_mediterranean_vines] is not in use in file: gfx/models/buildings/special/duskendale/building_special_duskendale.mesh
[16:12:32][pdxassetutil.cpp:1763] [original line 1299] pdxmesh [building_special_duskendale_mesh] is out of sync with its meshsettings. [farm_mediterranean_decal] is not in use in file: gfx/models/buildings/special/duskendale/building_special_duskendale.mesh
[16:12:32][pdxassetutil.cpp:1763] [original line 1300] pdxmesh [building_special_duskendale_mesh] is out of sync with its meshsettings. [building_mediterranean_city_02] is not in use in file: gfx/models/buildings/special/duskendale/building_special_duskendale.mesh
[16:12:33][pdxassetutil.cpp:556] [original line 1301] UV-Set: 1 in mesh 'dunstonbury_stone_ground' in file 'gfx/models/buildings/special/whitegrove/whitegrove.mesh' has no valid triangle to use when calculating texture streaming factor. Texture streaming needs a triangle with an area.
[16:12:33][pdxassetutil.cpp:1763] [original line 1302] pdxmesh [whitegrove_mesh] is out of sync with its meshsettings. [whitegrove_roof] is not in use in file: gfx/models/buildings/special/whitegrove/whitegrove.mesh
[16:12:33][pdxassetutil.cpp:1763] [original line 1303] pdxmesh [whitegrove_mesh] is out of sync with its meshsettings. [whitegrove_upper] is not in use in file: gfx/models/buildings/special/whitegrove/whitegrove.mesh
[16:12:33][pdxassetutil.cpp:1763] [original line 1304] pdxmesh [whitegrove_mesh] is out of sync with its meshsettings. [whitegrove_stone_ground] is not in use in file: gfx/models/buildings/special/whitegrove/whitegrove.mesh
[16:12:33][pdxassetutil.cpp:1763] [original line 1305] pdxmesh [whitegrove_mesh] is out of sync with its meshsettings. [whitegrove_windows] is not in use in file: gfx/models/buildings/special/whitegrove/whitegrove.mesh
[16:12:33][pdxassetutil.cpp:556] [original line 1306] UV-Set: 2 in mesh 'building_western' in file 'gfx/models/buildings/special/Ten Towers/cow_building_special_ten_towers.mesh' has no valid triangle to use when calculating texture streaming factor. Texture streaming needs a triangle with an area.
[16:12:33][pdxassetutil.cpp:556] [original line 1307] UV-Set: 2 in mesh 'celtic_01' in file 'gfx/models/buildings/special/Ten Towers/cow_building_special_ten_towers.mesh' has no valid triangle to use when calculating texture streaming factor. Texture streaming needs a triangle with an area.
[16:12:33][pdxassetutil.cpp:556] [original line 1308] UV-Set: 1 in mesh 'dunstonbury_upper' in file 'gfx/models/buildings/special/dunstonbury/dunstonbury.mesh' has no valid triangle to use when calculating texture streaming factor. Texture streaming needs a triangle with an area.
[16:12:33][pdxassetutil.cpp:556] [original line 1309] UV-Set: 3 in mesh 'dunstonbury_upper' in file 'gfx/models/buildings/special/dunstonbury/dunstonbury.mesh' has no valid triangle to use when calculating texture streaming factor. Texture streaming needs a triangle with an area.
[16:12:33][pdxassetutil.cpp:2002] [original line 1310] Asset "gfx/models/buildings/special/dunstonbury/dunstonbury.mesh" has more than 3 UV channels. This is not supported and will be ignored.
[16:12:33][pdxassetutil.cpp:556] [original line 1311] UV-Set: 1 in mesh 'dunstonbury_stone_ground' in file 'gfx/models/buildings/special/dunstonbury/dunstonbury.mesh' has no valid triangle to use when calculating texture streaming factor. Texture streaming needs a triangle with an area.
[16:12:33][pdxassetutil.cpp:556] [original line 1312] UV-Set: 1 in mesh 'dunstonbury_windows' in file 'gfx/models/buildings/special/dunstonbury/dunstonbury.mesh' has no valid triangle to use when calculating texture streaming factor. Texture streaming needs a triangle with an area.
[16:12:51][pdx_entity.cpp:666] [original line 1313] Failed to find entity "western_walls_05_entity" for attachment in
[16:12:51][pdx_entity.cpp:666] [original line 1314] Failed to find entity "western_walls_06_entity" for attachment in
[16:12:51][pdx_entity.cpp:666] [original line 1315] Failed to find entity "western_walls_07_entity" for attachment in
[16:12:51][pdx_entity.cpp:666] [original line 1316] Failed to find entity "india_walls_05_entity" for attachment in
[16:12:51][pdx_entity.cpp:666] [original line 1317] Failed to find entity "india_walls_06_entity" for attachment in
[16:12:51][pdx_entity.cpp:666] [original line 1318] Failed to find entity "india_walls_07_entity" for attachment in
[16:12:51][pdx_entity.cpp:666] [original line 1319] Failed to find entity "mediterranean_walls_05_entity" for attachment in
[16:12:51][pdx_entity.cpp:666] [original line 1320] Failed to find entity "mediterranean_walls_06_entity" for attachment in
[16:12:51][pdx_entity.cpp:666] [original line 1321] Failed to find entity "mediterranean_walls_07_entity" for attachment in
[16:12:51][pdx_entity.cpp:666] [original line 1322] Failed to find entity "fp2_building_iberian_wall_05_entity" for attachment in
[16:12:51][pdx_entity.cpp:666] [original line 1323] Failed to find entity "fp2_building_iberian_wall_06_entity" for attachment in
[16:12:51][pdx_entity.cpp:666] [original line 1324] Failed to find entity "fp2_building_iberian_wall_07_entity" for attachment in
[16:12:51][pdx_entity.cpp:666] [original line 1325] Failed to find entity "walls_05_marrakesh_entity" for attachment in
[16:12:51][pdx_entity.cpp:666] [original line 1326] Failed to find entity "western_walls_05_paris_entity" for attachment in
[16:12:51][pdx_entity.cpp:666] [original line 1327] Failed to find entity "western_walls_07_london_entity" for attachment in
[16:12:51][pdx_entity.cpp:666] [original line 1328] Failed to find entity "western_walls_06_london_entity" for attachment in
[16:12:51][pdx_entity.cpp:666] [original line 1329] Failed to find entity "western_walls_05_london_entity" for attachment in
[16:12:51][pdx_entity.cpp:666] [original line 1330] Failed to find entity "mediterranean_walls_05_thes_entity" for attachment in
[16:12:51][pdx_entity.cpp:666] [original line 1331] Failed to find entity "mena_walls_05_entity" for attachment in
[16:12:51][pdx_entity.cpp:666] [original line 1332] Failed to find entity "mena_walls_06_entity" for attachment in
[16:12:51][pdx_entity.cpp:666] [original line 1333] Failed to find entity "mena_walls_07_entity" for attachment in
[16:12:51][pdx_entity.cpp:666] [original line 1334] Failed to find entity "mediterranean_walls_05_genoa_entity" for attachment in
[16:12:51][pdx_entity.cpp:666] [original line 1335] Failed to find entity "mediterranean_walls_05_rome_entity" for attachment in
[16:12:51][pdx_entity.cpp:666] [original line 1336] Failed to find entity "mediterranean_walls_05_constantinople_entity" for attachment in
[16:12:52][portraitaccessories.cpp:65] [original line 1337] could not find entity [smc_alicent_dress_03_entity] - file: gfx/portraits/accessories/smc_clothing.txt line: 24 (female_clothes_smc_alicent_dress_03)
[16:12:52][portraitaccessories.cpp:65] [original line 1338] could not find entity [smc_alicent_dress_04_entity] - file: gfx/portraits/accessories/smc_clothing.txt line: 28 (female_clothes_smc_alicent_dress_04)
[16:12:58][decision_type.cpp:224] [original line 1339] asoiaf_greyjoy_cadets_decision has 'ai_check_interval'/'ai_check_interval_by_tier' that's negative or unset. Setting to 0 instead
[16:12:58][decision_type.cpp:224] [original line 1340] asoiaf_baelish_cadets_decision has 'ai_check_interval'/'ai_check_interval_by_tier' that's negative or unset. Setting to 0 instead
[16:12:58][decision_type.cpp:224] [original line 1341] asoiaf_harlaw_cadets_decision has 'ai_check_interval'/'ai_check_interval_by_tier' that's negative or unset. Setting to 0 instead
[16:12:58][decision_type.cpp:224] [original line 1342] asoiaf_jon_targ_cadet_branch_decision has 'ai_check_interval'/'ai_check_interval_by_tier' that's negative or unset. Setting to 0 instead
[16:12:58][decision_type.cpp:224] [original line 1343] asoiaf_aegon_II_greens_cadet_branch_decision has 'ai_check_interval'/'ai_check_interval_by_tier' that's negative or unset. Setting to 0 instead
[16:12:58][jomini_dynamicdescription.cpp:66] [original line 1344] Unrecognized loc key show_notifications_decision_tooltip. show_notifications_decision
[16:12:58][decision_type.cpp:224] [original line 1345] show_notifications_decision has 'ai_check_interval'/'ai_check_interval_by_tier' that's negative or unset. Setting to 0 instead
[16:12:59][character_currency_effects_impl.cpp:227] [original line 1346] Negative value in remove_short_term_gold: -450. file: events/decisions_events/buy_ruby_crown_events.txt line: 54 (buy_ruby_crown.0999:immediate)
[16:13:00][portraitcontext.cpp:239] [original line 1347] Trying to read gene props_right a second time at file: common/bookmark_portraits/bookmark_299_asha_greyjoy.txt line: 215 (bookmark_299_asha_greyjoy)
[16:13:01][jomini_eventmanager.cpp:428] [original line 1348] Duplicated event ID 'agot_activity_commission_crown.0001' found. New Location: 'file: events/activities/agot_coronation_activity/agot_activity_events_crown_commission.txt line: 3 (agot_activity_commission_crown.0001)', Previous Location: 'file: events/activities/agot_coronation_activity/agot_activity_events_crown_commission.txt line: 3 (agot_activity_commission_crown.0001)'
[16:13:01][portraitcontext.cpp:239] [original line 1349] Trying to read gene props_right a second time at file: common/bookmark_portraits/bookmark_99_aurion_varezys.txt line: 211 (bookmark_99_aurion_varezys)
[16:13:04][pdx_persistent_reader.cpp:216] [original line 1350] Error: "Unexpected token: rhoynish_religion_opinion, near line: 1760" in file: "common/buildings/yy_agotcities_special_buildings_westeros.txt" near line: 1760
[16:13:04][pdx_persistent_reader.cpp:216] [original line 1351] Error: "Unexpected token: rhoynish_religion_opinion, near line: 1767" in file: "common/buildings/yy_agotcities_special_buildings_westeros.txt" near line: 1767
[16:13:04][pdx_persistent_reader.cpp:216] [original line 1352] Error: "Unknown trigger: holding, near line: 2364" in file: "common/buildings/yy_agotcities_special_buildings_westeros.txt" near line: 2369
[16:13:04][pdx_persistent_reader.cpp:216] [original line 1353] Error: "Unexpected token: confucian_education_xp_gain_mult, near line: 4047" in file: "common/modifiers/DI_modifiers.txt" near line: 4047
[16:13:04][pdx_persistent_reader.cpp:216] [original line 1354] Error: "Unexpected token: valeman_opinion, near line: 447" in file: "common/modifiers/ntc_artifact_modifiers.txt" near line: 447
[16:13:04][pdx_persistent_reader.cpp:216] [original line 1355] Error: "Unexpected token: valeman_opinion, near line: 456" in file: "common/modifiers/ntc_artifact_modifiers.txt" near line: 456
[16:13:04][pdx_persistent_reader.cpp:216] [original line 1356] Error: "Unexpected token: valeman_opinion, near line: 605" in file: "common/modifiers/ntc_artifact_modifiers.txt" near line: 605
[16:13:07][jomini_script_argument.cpp:227] [original line 1357] Compiling source for agot_create_artifact_aegon_i_crown_effect failed for missing arguments: CREATOR. At file: common/scripted_effects/00_agot_artifact_crowns_effects.txt line: 78 (agot_create_artifact_aegon_i_crown_effect)
[16:13:07][jomini_script_argument.cpp:227] [original line 1358] Compiling source for agot_create_artifact_aenys_crown_effect failed for missing arguments: CREATOR. At file: common/scripted_effects/00_agot_artifact_crowns_effects.txt line: 228 (agot_create_artifact_aenys_crown_effect)
[16:13:07][jomini_script_argument.cpp:227] [original line 1359] Compiling source for agot_create_artifact_jaehaerys_crown_effect failed for missing arguments: CREATOR. At file: common/scripted_effects/00_agot_artifact_crowns_effects.txt line: 314 (agot_create_artifact_jaehaerys_crown_effect)
[16:13:07][jomini_script_argument.cpp:227] [original line 1360] Compiling source for agot_create_artifact_aegon_iii_crown_effect failed for missing arguments: CREATOR. At file: common/scripted_effects/00_agot_artifact_crowns_effects.txt line: 434 (agot_create_artifact_aegon_iii_crown_effect)
[16:13:07][jomini_script_argument.cpp:227] [original line 1361] Compiling source for agot_create_artifact_baelors_crown_effect failed for missing arguments: CREATOR. At file: common/scripted_effects/00_agot_artifact_crowns_effects.txt line: 498 (agot_create_artifact_baelors_crown_effect)
[16:13:07][jomini_script_argument.cpp:227] [original line 1362] Compiling source for agot_create_artifact_aegon_iv_crown_effect failed for missing arguments: CREATOR. At file: common/scripted_effects/00_agot_artifact_crowns_effects.txt line: 594 (agot_create_artifact_aegon_iv_crown_effect)
[16:13:07][jomini_script_argument.cpp:227] [original line 1363] Compiling source for agot_create_artifact_maekars_crown_effect failed for missing arguments: CREATOR. At file: common/scripted_effects/00_agot_artifact_crowns_effects.txt line: 672 (agot_create_artifact_maekars_crown_effect)
[16:13:07][jomini_script_argument.cpp:227] [original line 1364] Compiling source for agot_create_artifact_visenya_circlet_effect failed for missing arguments: CREATOR. At file: common/scripted_effects/00_agot_artifact_crowns_effects.txt line: 837 (agot_create_artifact_visenya_circlet_effect)
[16:13:07][pdx_locstring.cpp:93] [original line 1365] Key is missing localization: test_crush_desc
[16:13:07][pdx_locstring.cpp:93] [original line 1366] Key is missing localization: test_crush_desc
[16:13:07][pdx_locstring.cpp:93] [original line 1367] Key is missing localization: test_crush_desc
[16:13:07][pdx_locstring.cpp:93] [original line 1368] Key is missing localization: test_crush_desc
[16:13:07][pdx_locstring.cpp:93] [original line 1369] Key is missing localization: test_crush_desc
[16:13:07][pdx_locstring.cpp:93] [original line 1370] Key is missing localization: test_crush_desc
[16:13:07][pdx_persistent_reader.cpp:216] [original line 1371] Error: "Unknown effect: agot_8299_4_1_acok_scenario_setup, near line: 89" in file: "common/scripted_effects/00_agot_scenario_setup_effects.txt" near line: 90
[16:13:08][jomini_eventtarget.cpp:692] [original line 1372] Failed to find a valid event target link 'house_Blackfyre' at file: common/scripted_triggers/tgc_loaded_trigger.txt line: 127 (tgc_blackfyre_equipment_trigger)
[16:13:08][portraitaccessories.cpp:159] [original line 1373] accessory group [headgear:tgc_helmets] has an invalid accessory "male_headgear_tgc_helm_blackfyre_01"
[16:13:08][portraitaccessories.cpp:159] [original line 1374] accessory group [headgear:tgc_helmets] has an invalid accessory "male_headgear_tgc_helm_blackfyreAlt_01"
[16:13:08][portraitaccessories.cpp:159] [original line 1375] accessory group [headgear:tgc_helmets] has an invalid accessory "male_headgear_tgc_helm_blackfyre_02"
[16:13:08][portraitaccessories.cpp:159] [original line 1376] accessory group [headgear:tgc_helmets] has an invalid accessory "male_headgear_tgc_helm_blackfyreAlt_02"
[16:13:08][portraitaccessories.cpp:159] [original line 1377] accessory group [headgear:tgc_helmets] has an invalid accessory "male_headgear_tgc_helm_blackfyre_03"
[16:13:08][portraitaccessories.cpp:159] [original line 1378] accessory group [headgear:tgc_helmets] has an invalid accessory "male_headgear_tgc_helm_blackfyreAlt_03"
[16:13:08][portraitaccessories.cpp:159] [original line 1379] accessory group [headgear:tgc_helmets] has an invalid accessory "male_headgear_tgc_helm_blackfyre_01"
[16:13:08][portraitaccessories.cpp:159] [original line 1380] accessory group [headgear:tgc_helmets] has an invalid accessory "male_headgear_tgc_helm_blackfyreAlt_01"
[16:13:08][portraitaccessories.cpp:159] [original line 1381] accessory group [headgear:tgc_helmets] has an invalid accessory "male_headgear_tgc_helm_blackfyre_02"
[16:13:08][portraitaccessories.cpp:159] [original line 1382] accessory group [headgear:tgc_helmets] has an invalid accessory "male_headgear_tgc_helm_blackfyreAlt_02"
[16:13:08][portraitaccessories.cpp:159] [original line 1383] accessory group [headgear:tgc_helmets] has an invalid accessory "male_headgear_tgc_helm_blackfyre_03"
[16:13:08][portraitaccessories.cpp:159] [original line 1384] accessory group [headgear:tgc_helmets] has an invalid accessory "male_headgear_tgc_helm_blackfyreAlt_03"
[16:13:08][portraitaccessories.cpp:159] [original line 1385] accessory group [legwear:tgc_pants_blackfyre] has an invalid accessory "male_legwear_captainsPants_blackfyreAlt_01"
[16:13:08][portraitaccessories.cpp:159] [original line 1386] accessory group [legwear:tgc_pants_blackfyre] has an invalid accessory "male_legwear_standardPants_blackfyreAlt_01"
[16:13:08][portraitaccessories.cpp:159] [original line 1387] accessory group [legwear:tgc_pants_blackfyre] has an invalid accessory "male_legwear_twoSwordsPants_blackfyreAlt_01"
[16:13:08][portraitaccessories.cpp:159] [original line 1388] accessory group [legwear:tgc_pants_blackfyre] has an invalid accessory "male_legwear_captainsPants_blackfyreAlt_01"
[16:13:08][portraitaccessories.cpp:159] [original line 1389] accessory group [legwear:tgc_pants_blackfyre] has an invalid accessory "male_legwear_standardPants_blackfyreAlt_01"
[16:13:08][portraitaccessories.cpp:159] [original line 1390] accessory group [legwear:tgc_pants_blackfyre] has an invalid accessory "male_legwear_twoSwordsPants_blackfyreAlt_01"
[16:13:08][portraitaccessories.cpp:159] [original line 1391] accessory group [clothes:brightboar_swordsman_armour] has an invalid accessory "male_clothes_secular_brightboar_swordsman"
[16:13:08][portraitaccessories.cpp:159] [original line 1392] accessory group [clothes:brightboar_swordsman_armour] has an invalid accessory "female_clothes_secular_brightboar_swordsman"
[16:13:08][portraitaccessories.cpp:159] [original line 1393] accessory group [clothes:brightboar_swordsman_armour] has an invalid accessory "male_clothes_secular_brightboar_swordsman"
[16:13:08][portraitaccessories.cpp:159] [original line 1394] accessory group [clothes:brightboar_swordsman_armour] has an invalid accessory "female_clothes_secular_brightboar_swordsman"
[16:13:08][portraitaccessories.cpp:159] [original line 1395] accessory group [clothes:golden_company_armor_blackfyre] has an invalid accessory "male_clothes_captainsArmor_blackfyreAlt_01"
[16:13:08][portraitaccessories.cpp:159] [original line 1396] accessory group [clothes:golden_company_armor_blackfyre] has an invalid accessory "male_clothes_captainsArmorMetal_blackfyreAlt_01"
[16:13:08][portraitaccessories.cpp:159] [original line 1397] accessory group [clothes:golden_company_armor_blackfyre] has an invalid accessory "male_clothes_ornateVest_blackfyreAlt_01"
[16:13:08][portraitaccessories.cpp:159] [original line 1398] accessory group [clothes:golden_company_armor_blackfyre] has an invalid accessory "male_clothes_standardVest_blackfyreAlt_01"
[16:13:08][portraitaccessories.cpp:159] [original line 1399] accessory group [clothes:golden_company_armor_blackfyre] has an invalid accessory "male_clothes_platedVest_blackfyreAlt_01"
[16:13:08][portraitaccessories.cpp:159] [original line 1400] accessory group [clothes:golden_company_armor_blackfyre] has an invalid accessory "male_clothes_captainsArmor_blackfyreAlt_01"
[16:13:08][portraitaccessories.cpp:159] [original line 1401] accessory group [clothes:golden_company_armor_blackfyre] has an invalid accessory "male_clothes_captainsArmorMetal_blackfyreAlt_01"
[16:13:08][portraitaccessories.cpp:159] [original line 1402] accessory group [clothes:golden_company_armor_blackfyre] has an invalid accessory "male_clothes_ornateVest_blackfyreAlt_01"
[16:13:08][portraitaccessories.cpp:159] [original line 1403] accessory group [clothes:golden_company_armor_blackfyre] has an invalid accessory "male_clothes_standardVest_blackfyreAlt_01"
[16:13:08][portraitaccessories.cpp:159] [original line 1404] accessory group [clothes:golden_company_armor_blackfyre] has an invalid accessory "male_clothes_platedVest_blackfyreAlt_01"
[16:13:08][pdx_persistent_reader.cpp:216] [original line 1405] Error: "Failed to read key reference: 1453_end_date: 1453_end_date, near line: 3
Failed to read key reference: rhomaion_name_of_byzantium: rhomaion_name_of_byzantium, near line: 3
Failed to read key reference: default_mongol_invasion: default_mongol_invasion, near line: 3
Failed to read key reference: random_ruler_placement_off: random_ruler_placement_off, near line: 3
Failed to read key reference: launch_historical: launch_historical, near line: 3
Failed to read key reference: fp1_scandi_adventurers_apocalyptic: fp1_scandi_adventurers_apocalyptic, near line: 3
Failed to read key reference: dissolution_after_caliph_death: dissolution_after_caliph_death, near line: 3
Failed to read key reference: default_seljuk_invasion: default_seljuk_invasion, near line: 3
Failed to read key reference: situation_the_great_steppe_toggle_on: situation_the_great_steppe_toggle_on, near line: 3
Failed to read key reference: struggle_iberia_toggle_on: struggle_iberia_toggle_on, near line: 3
Failed to read key reference: struggle_persia_toggle_on: struggle_persia_toggle_on, near line: 3
Failed to read key reference: historicity_ruler_of_munster_historical_toirdelbach: historicity_ruler_of_munster_historical_toirdelbach, near line: 3
Failed to read key reference: historicity_norman_conquest_default_random: historicity_norman_conquest_default_random, near line: 3
Failed to read key reference: tibet_nomad_region_on: tibet_nomad_region_on, near line: 3
Failed to read key reference: sami_nomad_region_on: sami_nomad_region_on, near line: 3
Failed to read key reference: arabia_nomad_region_on: arabia_nomad_region_on, near line: 3
Failed to read key reference: sahel_nomad_region_on: sahel_nomad_region_on, near line: 3
Failed to read key reference: horn_of_africa_nomad_region_on: horn_of_africa_nomad_region_on, near line: 3
Failed to read key reference: historicity_extra_admin_egypt_gameplay_not_administrative: historicity_extra_admin_egypt_gameplay_not_administrative, near line: 3
Failed to read key reference: historicity_extra_admin_arabia_gameplay_not_administrative: historicity_extra_admin_arabia_gameplay_not_administrative, near line: 3
Failed to read key reference: historicity_extra_admin_ghana_gameplay_not_administrative: historicity_extra_admin_ghana_gameplay_not_administrative, near line: 3
Failed to read key reference: historicity_extra_admin_kabulistan_gameplay_not_administrative: historicity_extra_admin_kabulistan_gameplay_not_administrative, near line: 3
Failed to read key reference: historicity_extra_admin_persia_gameplay_not_administrative: historicity_extra_admin_persia_gameplay_not_administrative, near line: 3
Failed to read key reference: historicity_extra_admin_maghreb_gameplay_not_administrative: historicity_extra_admin_maghreb_gameplay_not_administrative, near line: 3
Failed to read key reference: historicity_extra_admin_tamilakam_gameplay_not_administrative: historicity_extra_admin_tamilakam_gameplay_not_administrative, near line: 3
Failed to read key reference: historicity_extra_admin_carolingians_gameplay_not_administrative: historicity_extra_admin_carolingians_gameplay_not_administrative, near line: 3
Failed to read key reference: historicity_extra_admin_player_wherever_gameplay_not_administrative: historicity_extra_admin_player_wherever_gameplay_not_administrative, near line: 3
Failed to read key reference: historicity_frankokratia_fourth_crusade: historicity_frankokratia_fourth_crusade, near line: 3
Failed to read key reference: silk_road_starting_innovations_preset: silk_road_starting_innovations_preset, near line: 3
Failed to read key reference: ACR_RE_tradition_slots_plus_95: ACR_RE_tradition_slots_plus_95, near line: 3
Failed to read key reference: ACR_RE_tradition_cost_free: ACR_RE_tradition_cost_free, near line: 3
Failed to read key reference: ACR_RE_tradition_cooldown_none: ACR_RE_tradition_cooldown_none, near line: 3
Failed to read key reference: ACR_RE_truce_duration_5: ACR_RE_truce_duration_5, near line: 3
Failed to read key reference: ACR_RE_truce_scope_player_primary: ACR_RE_truce_scope_player_primary, near line: 3
Failed to read key reference: ACR_RE_council_task_speed_1_month: ACR_RE_council_task_speed_1_month, near line: 3
Failed to read key reference: HM_RE_rule_player_free_functions_enabled: HM_RE_rule_player_free_functions_enabled, near line: 3
Failed to read key reference: HM_RE_rule_change_holding_type_cost_very_cheap: HM_RE_rule_change_holding_type_cost_very_cheap, near line: 3
Failed to read key reference: HM_RE_rule_change_holding_type_cooldown_very_short: HM_RE_rule_change_holding_type_cooldown_very_short, near line: 3
Failed to read key reference: HM_RE_rule_can_replace_buildings_vassals: HM_RE_rule_can_replace_buildings_vassals, near line: 3
Failed to read key reference: HM_RE_rule_can_feudalize_holdings_vassals: HM_RE_rule_can_feudalize_holdings_vassals, near line: 3
Failed to read key reference: HM_RE_value_construct_buildings_gold_cost_cap_very_cheap: HM_RE_value_construct_buildings_gold_cost_cap_very_cheap, near line: 3
Failed to read key reference: HM_RE_rule_player_extra_slots_enabled: HM_RE_rule_player_extra_slots_enabled, near line: 3
Failed to read key reference: HM_RE_rule_player_slot_base_cost_very_cheap: HM_RE_rule_player_slot_base_cost_very_cheap, near line: 3
Failed to read key reference: HM_RE_rule_player_slot_step_cost_very_cheap: HM_RE_rule_player_slot_step_cost_very_cheap, near line: 3
Failed to read key reference: HM_RE_rule_construction_time_cost_free: HM_RE_rule_construction_time_cost_free, near line: 3
Failed to read key reference: HM_RE_build_all_button_on: HM_RE_build_all_button_on, near line: 3
Failed to read key reference: HM_RE_upgrade_all_button_on: HM_RE_upgrade_all_button_on, near line: 3
Failed to read key reference: HM_RE_make_nomad_button_on: HM_RE_make_nomad_button_on, near line: 3
Failed to read key reference: HM_RE_make_temple_citadel_button_on: HM_RE_make_temple_citadel_button_on, near line: 3
Failed to read key reference: HM_RE_player_add_slots_decision_on: HM_RE_player_add_slots_decision_on, near line: 3
Failed to read key reference: HM_RE_player_add_slots_decision_base_cost_very_cheap: HM_RE_player_add_slots_decision_base_cost_very_cheap, near line: 3
Failed to read key reference: HM_RE_player_cost_gold: HM_RE_player_cost_gold, near line: 3
Failed to read key reference: HM_RE_rule_ai_extra_slots_disabled: HM_RE_rule_ai_extra_slots_disabled, near line: 3
Failed to read key reference: HM_RE_rule_ai_slot_base_cost_very_expensive: HM_RE_rule_ai_slot_base_cost_very_expensive, near line: 3
Failed to read key reference: HM_RE_rule_ai_slot_step_cost_very_expensive: HM_RE_rule_ai_slot_step_cost_very_expensive, near line: 3" in file: "" near line: 3
[16:13:08][pdx_persistent_reader.cpp:216] [original line 1460] Error: "Failed to read key reference: 1453_end_date: 1453_end_date, near line: 8
Failed to read key reference: rhomaion_name_of_byzantium: rhomaion_name_of_byzantium, near line: 8
Failed to read key reference: default_mongol_invasion: default_mongol_invasion, near line: 8
Failed to read key reference: random_ruler_placement_off: random_ruler_placement_off, near line: 8
Failed to read key reference: launch_historical: launch_historical, near line: 8
Failed to read key reference: fp1_scandi_adventurers_apocalyptic: fp1_scandi_adventurers_apocalyptic, near line: 8
Failed to read key reference: dissolution_after_caliph_death: dissolution_after_caliph_death, near line: 8
Failed to read key reference: default_seljuk_invasion: default_seljuk_invasion, near line: 8
Failed to read key reference: situation_the_great_steppe_toggle_on: situation_the_great_steppe_toggle_on, near line: 8
Failed to read key reference: struggle_iberia_toggle_on: struggle_iberia_toggle_on, near line: 8
Failed to read key reference: struggle_persia_toggle_on: struggle_persia_toggle_on, near line: 8
Failed to read key reference: historicity_ruler_of_munster_historical_toirdelbach: historicity_ruler_of_munster_historical_toirdelbach, near line: 8
Failed to read key reference: historicity_norman_conquest_default_random: historicity_norman_conquest_default_random, near line: 8
Failed to read key reference: tibet_nomad_region_on: tibet_nomad_region_on, near line: 8
Failed to read key reference: sami_nomad_region_on: sami_nomad_region_on, near line: 8
Failed to read key reference: arabia_nomad_region_on: arabia_nomad_region_on, near line: 8
Failed to read key reference: sahel_nomad_region_on: sahel_nomad_region_on, near line: 8
Failed to read key reference: horn_of_africa_nomad_region_on: horn_of_africa_nomad_region_on, near line: 8
Failed to read key reference: historicity_extra_admin_egypt_gameplay_not_administrative: historicity_extra_admin_egypt_gameplay_not_administrative, near line: 8
Failed to read key reference: historicity_extra_admin_arabia_gameplay_not_administrative: historicity_extra_admin_arabia_gameplay_not_administrative, near line: 8
Failed to read key reference: historicity_extra_admin_ghana_gameplay_not_administrative: historicity_extra_admin_ghana_gameplay_not_administrative, near line: 8
Failed to read key reference: historicity_extra_admin_kabulistan_gameplay_not_administrative: historicity_extra_admin_kabulistan_gameplay_not_administrative, near line: 8
Failed to read key reference: historicity_extra_admin_persia_gameplay_not_administrative: historicity_extra_admin_persia_gameplay_not_administrative, near line: 8
Failed to read key reference: historicity_extra_admin_maghreb_gameplay_not_administrative: historicity_extra_admin_maghreb_gameplay_not_administrative, near line: 8
Failed to read key reference: historicity_extra_admin_tamilakam_gameplay_not_administrative: historicity_extra_admin_tamilakam_gameplay_not_administrative, near line: 8
Failed to read key reference: historicity_extra_admin_carolingians_gameplay_not_administrative: historicity_extra_admin_carolingians_gameplay_not_administrative, near line: 8
Failed to read key reference: historicity_extra_admin_player_wherever_gameplay_not_administrative: historicity_extra_admin_player_wherever_gameplay_not_administrative, near line: 8
Failed to read key reference: historicity_frankokratia_fourth_crusade: historicity_frankokratia_fourth_crusade, near line: 8
Failed to read key reference: silk_road_starting_innovations_preset: silk_road_starting_innovations_preset, near line: 8
Failed to read key reference: ACR_RE_tradition_slots_plus_95: ACR_RE_tradition_slots_plus_95, near line: 8
Failed to read key reference: ACR_RE_tradition_cost_free: ACR_RE_tradition_cost_free, near line: 8
Failed to read key reference: ACR_RE_tradition_cooldown_none: ACR_RE_tradition_cooldown_none, near line: 8
Failed to read key reference: ACR_RE_truce_duration_5: ACR_RE_truce_duration_5, near line: 8
Failed to read key reference: ACR_RE_truce_scope_player_primary: ACR_RE_truce_scope_player_primary, near line: 8
Failed to read key reference: ACR_RE_council_task_speed_1_month: ACR_RE_council_task_speed_1_month, near line: 8
Failed to read key reference: HM_RE_rule_player_free_functions_enabled: HM_RE_rule_player_free_functions_enabled, near line: 8
Failed to read key reference: HM_RE_rule_change_holding_type_cost_very_cheap: HM_RE_rule_change_holding_type_cost_very_cheap, near line: 8
Failed to read key reference: HM_RE_rule_change_holding_type_cooldown_very_short: HM_RE_rule_change_holding_type_cooldown_very_short, near line: 8
Failed to read key reference: HM_RE_rule_can_replace_buildings_vassals: HM_RE_rule_can_replace_buildings_vassals, near line: 8
Failed to read key reference: HM_RE_rule_can_feudalize_holdings_vassals: HM_RE_rule_can_feudalize_holdings_vassals, near line: 8
Failed to read key reference: HM_RE_value_construct_buildings_gold_cost_cap_very_cheap: HM_RE_value_construct_buildings_gold_cost_cap_very_cheap, near line: 8
Failed to read key reference: HM_RE_rule_player_extra_slots_enabled: HM_RE_rule_player_extra_slots_enabled, near line: 8
Failed to read key reference: HM_RE_rule_player_slot_base_cost_very_cheap: HM_RE_rule_player_slot_base_cost_very_cheap, near line: 8
Failed to read key reference: HM_RE_rule_player_slot_step_cost_very_cheap: HM_RE_rule_player_slot_step_cost_very_cheap, near line: 8
Failed to read key reference: HM_RE_rule_construction_time_cost_free: HM_RE_rule_construction_time_cost_free, near line: 8
Failed to read key reference: HM_RE_build_all_button_on: HM_RE_build_all_button_on, near line: 8
Failed to read key reference: HM_RE_upgrade_all_button_on: HM_RE_upgrade_all_button_on, near line: 8
Failed to read key reference: HM_RE_make_nomad_button_on: HM_RE_make_nomad_button_on, near line: 8
Failed to read key reference: HM_RE_make_temple_citadel_button_on: HM_RE_make_temple_citadel_button_on, near line: 8
Failed to read key reference: HM_RE_player_add_slots_decision_on: HM_RE_player_add_slots_decision_on, near line: 8
Failed to read key reference: HM_RE_player_add_slots_decision_base_cost_very_cheap: HM_RE_player_add_slots_decision_base_cost_very_cheap, near line: 8
Failed to read key reference: HM_RE_player_cost_gold: HM_RE_player_cost_gold, near line: 8
Failed to read key reference: HM_RE_rule_ai_extra_slots_disabled: HM_RE_rule_ai_extra_slots_disabled, near line: 8
Failed to read key reference: HM_RE_rule_ai_slot_base_cost_very_expensive: HM_RE_rule_ai_slot_base_cost_very_expensive, near line: 8
Failed to read key reference: HM_RE_rule_ai_slot_step_cost_very_expensive: HM_RE_rule_ai_slot_step_cost_very_expensive, near line: 8" in file: "" near line: 8
[16:13:08][coat_of_arms_render_description.cpp:190] [original line 1515] Failed to find textured emblem texture at path: gfx/coat_of_arms/colored_emblems/asoiaf_unicorn.dds near file: common/coat_of_arms/coat_of_arms/personal_coas_dynamic.txt line: 1080
[16:13:08][coat_of_arms_render_description.cpp:190] [original line 1516] Failed to find textured emblem texture at path: gfx/coat_of_arms/colored_emblems/vale_seldon_rayonne.dds near file: common/coat_of_arms/coat_of_arms/riverland_dynasties.txt line: 120
[16:13:08][coat_of_arms_render_description.cpp:190] [original line 1517] Failed to find textured emblem texture at path: gfx/coat_of_arms/colored_emblems/ce_bottom_solid.dds near file: common/coat_of_arms/coat_of_arms/test_reach_dynasties.txt line: 1302
[16:13:08][coat_of_arms_render_description.cpp:190] [original line 1518] Failed to find textured emblem texture at path: gfx/coat_of_arms/colored_emblems/north_wibberly.dds near file: common/coat_of_arms/coat_of_arms/northern_dynasties.txt line: 1337
[16:13:08][coat_of_arms_render_description.cpp:190] [original line 1519] Failed to find textured emblem texture at path: gfx/coat_of_arms/colored_emblems/re_block_02.dds near file: common/coat_of_arms/coat_of_arms/test_reach_dynasties.txt line: 1699
[16:13:08][coat_of_arms_render_description.cpp:190] [original line 1520] Failed to find textured emblem texture at path: gfx/coat_of_arms/colored_emblems/re_block_02.dds near file: common/coat_of_arms/coat_of_arms/test_reach_dynasties.txt line: 1781
[16:13:08][coat_of_arms_render_description.cpp:190] [original line 1521] Failed to find textured emblem texture at path: gfx/coat_of_arms/colored_emblems/ce_bottom_solid.dds near file: common/coat_of_arms/coat_of_arms/reach_dynasties.txt line: 1708
[16:13:08][coat_of_arms_render_description.cpp:190] [original line 1522] Failed to find textured emblem texture at path: gfx/coat_of_arms/colored_emblems/asoiaf_unicorn.dds near file: common/coat_of_arms/coat_of_arms/test_personal_coas.txt line: 2130
[16:13:08][coat_of_arms_render_description.cpp:190] [original line 1523] Failed to find textured emblem texture at path: gfx/coat_of_arms/colored_emblems/north_wibberly.dds near file: common/coat_of_arms/coat_of_arms/test_northern_dynasties.txt line: 981
[16:13:08][coat_of_arms_render_description.cpp:190] [original line 1524] Failed to find textured emblem texture at path: gfx/coat_of_arms/colored_emblems/re_block_02.dds near file: common/coat_of_arms/coat_of_arms/reach_dynasties.txt line: 1882
[16:13:09][coat_of_arms_render_description.cpp:190] [original line 1525] Failed to find textured emblem texture at path: gfx/coat_of_arms/colored_emblems/vale_seldon_rayonne.dds near file: common/coat_of_arms/coat_of_arms/test_riverland_dynasties.txt line: 735
[16:13:09][coat_of_arms_render_description.cpp:190] [original line 1526] Failed to find textured emblem texture at path: gfx/coat_of_arms/colored_emblems/re_block_02.dds near file: common/coat_of_arms/coat_of_arms/reach_dynasties.txt line: 192
[16:13:09][opinion_modifier.cpp:83] [original line 1527] Modifier 'funded_my_expedition' shouldn't have a duration and monthly_change at the same time!
[16:13:09][opinion_modifier.cpp:83] [original line 1528] Modifier 'sent_relative_to_valyria' shouldn't have a duration and monthly_change at the same time!
[16:13:10][artifact_feature.cpp:33] [original line 1529] Missing loc key 'feature_dragon_whip_black'
[16:13:10][artifact_feature.cpp:33] [original line 1530] Missing loc key 'feature_dragon_whip_silver'
[16:13:10][artifact_feature.cpp:33] [original line 1531] Missing loc key 'feature_dragon_whip_bronze'
[16:13:10][artifact_visual_type.cpp:31] [original line 1532] Artifact visual type 'asoiaf_hound_armour_visuals' has no defined assets
[16:13:10][title_links.cpp:214] [original line 1533] Failed to fetch a valid landed title 'e_hre' at location 'file: common/scripted_guis/DI_char_editor_present_sgui.txt line: 1589 (DI_ce_female_dominated:effect)'
[16:13:10][title_links.cpp:214] [original line 1534] Failed to fetch a valid landed title 'e_hre' at location 'file: common/character_interactions/DI_character_interaction.txt line: 4622 (DI_change_succession:on_accept)'
[16:13:10][title_links.cpp:214] [original line 1535] Failed to fetch a valid landed title 'e_hre' at location 'file: common/character_interactions/DI_character_interaction.txt line: 4624 (DI_change_succession:on_accept)'
[16:13:10][title_links.cpp:214] [original line 1536] Failed to fetch a valid landed title 'e_hre' at location 'file: common/character_interactions/DI_character_interaction.txt line: 4637 (DI_change_succession:on_accept)'
[16:13:10][title_links.cpp:214] [original line 1537] Failed to fetch a valid landed title 'e_hre' at location 'file: common/character_interactions/DI_character_interaction.txt line: 4639 (DI_change_succession:on_accept)'
[16:13:10][title_links.cpp:214] [original line 1538] Failed to fetch a valid landed title 'b_graced_castle' at location 'file: common/on_action/cowagot_province_on_actions.txt line: 242 (set_provinces_on_actions)'
[16:13:10][title_links.cpp:214] [original line 1539] Failed to fetch a valid landed title 'b_cheesemonger_manse' at location 'file: common/on_action/cowagot_province_on_actions.txt line: 246 (set_provinces_on_actions)'
[16:13:10][jomini_eventtarget.h:291] [original line 1540] Failed to find 'varangian' from database for link 'trait' at file: common/scripted_effects/DI_char_spawner_effects.txt line: 1232 (DI_akolouthos_traits_effect)
[16:13:10][jomini_eventmanager.cpp:119] [original line 1541] 'agot_cities.5000' does not have a valid namespace
[16:13:10][jomini_script_system.cpp:303] [original line 1542] Script system error!
  Error: trigger_event effect [ Event [agot_cities.5000] not found ]
  Script location: file: common/buildings/yy_agotcities_special_buildings_westeros.txt line: 1827 (planky_town_special:on_complete)
[16:13:10][jomini_eventmanager.cpp:119] [original line 1546] 'agot_cities.5000' does not have a valid namespace
[16:13:10][jomini_script_system.cpp:303] [original line 1547] Script system error!
  Error: trigger_event effect [ Event [agot_cities.5000] not found ]
  Script location: file: common/buildings/yy_agotcities_special_buildings_westeros.txt line: 1993 (agot_castamere_03:on_complete)
[16:13:10][jomini_eventmanager.cpp:119] [original line 1551] 'agot_cities.5000' does not have a valid namespace
[16:13:10][jomini_script_system.cpp:303] [original line 1552] Script system error!
  Error: trigger_event effect [ Event [agot_cities.5000] not found ]
  Script location: file: common/buildings/yy_agotcities_special_buildings_westeros.txt line: 2295 (24castamere_03:on_complete)
[16:13:10][jomini_script_system.cpp:303] [original line 1556] Script system error!
  Error: create_artifact effect [ Invalid artifact template 'vs_blackfyre_template' ]
  Script location: file: common/scripted_effects/00_agot_artifact_vs_sword_effects_override.txt line: 13 (agot_create_artifact_vs_blackfyre_effect[args#3618947653])
[16:13:10][jomini_script_system.cpp:303] [original line 1560] Script system error!
  Error: create_artifact effect [ Invalid artifact template 'vs_blackfyre_template' ]
  Script location: file: common/scripted_effects/00_agot_artifact_vs_sword_effects_override.txt line: 31 (agot_create_artifact_vs_blackfyre_effect[args#3618947653])
[16:13:10][jomini_script_system.cpp:303] [original line 1564] Script system error!
  Error: create_artifact effect [ Invalid artifact template 'vs_blackfyre_template' ]
  Script location: file: common/scripted_effects/00_agot_artifact_vs_sword_effects_override.txt line: 13 (agot_create_artifact_vs_blackfyre_effect[args#141906969])
[16:13:10][jomini_script_system.cpp:303] [original line 1568] Script system error!
  Error: create_artifact effect [ Invalid artifact template 'vs_blackfyre_template' ]
  Script location: file: common/scripted_effects/00_agot_artifact_vs_sword_effects_override.txt line: 31 (agot_create_artifact_vs_blackfyre_effect[args#141906969])
[16:13:10][jomini_script_system.cpp:303] [original line 1572] Script system error!
  Error: create_artifact effect [ Invalid artifact template 'vs_pincer_template' ]
  Script location: file: common/scripted_effects/00_agot_artifact_vs_sword_effects_override.txt line: 604 (agot_create_artifact_vs_pincer_effect[args#3618947653])
[16:13:10][jomini_script_system.cpp:303] [original line 1576] Script system error!
  Error: create_artifact effect [ Invalid artifact template 'vs_pincer_template' ]
  Script location: file: common/scripted_effects/00_agot_artifact_vs_sword_effects_override.txt line: 630 (agot_create_artifact_vs_pincer_effect[args#3618947653])
[16:13:10][jomini_script_system.cpp:303] [original line 1580] Script system error!
  Error: create_artifact effect [ Invalid artifact template 'vs_seafoam_template' ]
  Script location: file: common/scripted_effects/00_agot_artifact_vs_sword_effects_override.txt line: 455 (agot_create_artifact_vs_seafoam_effect[args#3618947653])
[16:13:10][jomini_script_system.cpp:303] [original line 1584] Script system error!
  Error: create_artifact effect [ Invalid artifact template 'vs_seafoam_template' ]
  Script location: file: common/scripted_effects/00_agot_artifact_vs_sword_effects_override.txt line: 475 (agot_create_artifact_vs_seafoam_effect[args#3618947653])
[16:13:10][jomini_script_system.cpp:303] [original line 1588] Script system error!
  Error: create_artifact effect [ Invalid static modifier 'artifact_personal_scheme_power_add_5_modifier' ]
  Script location: file: common/scripted_effects/00_lotd_artifact_creation_effects.txt line: 8 (create_artifact_subterfuge_effect[args#141906969])
[16:13:10][jomini_script_system.cpp:303] [original line 1592] Script system error!
  Error: create_artifact effect [ Invalid artifact template 'vs_blackfyre_template' ]
  Script location: file: common/scripted_effects/00_agot_artifact_vs_sword_effects_override.txt line: 13 (agot_create_artifact_vs_blackfyre_effect[args#979117111])
[16:13:10][jomini_script_system.cpp:303] [original line 1596] Script system error!
  Error: create_artifact effect [ Invalid artifact template 'vs_blackfyre_template' ]
  Script location: file: common/scripted_effects/00_agot_artifact_vs_sword_effects_override.txt line: 31 (agot_create_artifact_vs_blackfyre_effect[args#979117111])
[16:13:10][jomini_script_system.cpp:303] [original line 1600] Script system error!
  Error: create_artifact effect [ Invalid artifact template 'vs_pincer_template' ]
  Script location: file: common/scripted_effects/00_agot_artifact_vs_sword_effects_override.txt line: 604 (agot_create_artifact_vs_pincer_effect[args#979117111])
[16:13:10][jomini_script_system.cpp:303] [original line 1604] Script system error!
  Error: create_artifact effect [ Invalid artifact template 'vs_pincer_template' ]
  Script location: file: common/scripted_effects/00_agot_artifact_vs_sword_effects_override.txt line: 630 (agot_create_artifact_vs_pincer_effect[args#979117111])
[16:13:10][jomini_script_system.cpp:303] [original line 1608] Script system error!
  Error: create_artifact effect [ Invalid artifact template 'vs_seafoam_template' ]
  Script location: file: common/scripted_effects/00_agot_artifact_vs_sword_effects_override.txt line: 455 (agot_create_artifact_vs_seafoam_effect[args#979117111])
[16:13:10][jomini_script_system.cpp:303] [original line 1612] Script system error!
  Error: create_artifact effect [ Invalid artifact template 'vs_seafoam_template' ]
  Script location: file: common/scripted_effects/00_agot_artifact_vs_sword_effects_override.txt line: 475 (agot_create_artifact_vs_seafoam_effect[args#979117111])
[16:13:10][jomini_script_system.cpp:303] [original line 1616] Script system error!
  Error: create_artifact effect [ Invalid artifact template 'vs_seafoam_template' ]
  Script location: file: common/scripted_effects/00_agot_artifact_vs_sword_effects_override.txt line: 455 (agot_create_artifact_vs_seafoam_effect[args#2425720076])
[16:13:10][jomini_script_system.cpp:303] [original line 1620] Script system error!
  Error: create_artifact effect [ Invalid artifact template 'vs_seafoam_template' ]
  Script location: file: common/scripted_effects/00_agot_artifact_vs_sword_effects_override.txt line: 475 (agot_create_artifact_vs_seafoam_effect[args#2425720076])
[16:13:10][jomini_script_system.cpp:303] [original line 1624] Script system error!
  Error: create_artifact effect [ Invalid artifact template 'vs_pincer_template' ]
  Script location: file: common/scripted_effects/00_agot_artifact_vs_sword_effects_override.txt line: 604 (agot_create_artifact_vs_pincer_effect[args#2425720076])
[16:13:10][jomini_script_system.cpp:303] [original line 1628] Script system error!
  Error: create_artifact effect [ Invalid artifact template 'vs_pincer_template' ]
  Script location: file: common/scripted_effects/00_agot_artifact_vs_sword_effects_override.txt line: 630 (agot_create_artifact_vs_pincer_effect[args#2425720076])
[16:13:10][jomini_script_system.cpp:303] [original line 1632] Script system error!
  Error: create_artifact effect [ Invalid artifact template 'vs_blackfyre_template' ]
  Script location: file: common/scripted_effects/00_agot_artifact_vs_sword_effects_override.txt line: 13 (agot_create_artifact_vs_blackfyre_effect[args#2425720076])
[16:13:10][jomini_script_system.cpp:303] [original line 1636] Script system error!
  Error: create_artifact effect [ Invalid artifact template 'vs_blackfyre_template' ]
  Script location: file: common/scripted_effects/00_agot_artifact_vs_sword_effects_override.txt line: 31 (agot_create_artifact_vs_blackfyre_effect[args#2425720076])
[16:13:10][jomini_script_system.cpp:303] [original line 1640] Script system error!
  Error: set_culture_pillar effect [ Invalid database object 'language_agot_lhazaar' ]
  Script location: file: common/scripted_guis/DI_cultural_editor_pillars_sgui.txt line: 620 (DI_language_agot_lhazaar_sgui:effect)
[16:13:10][jomini_effect.cpp:139] [original line 1644] PostValidate of effect 'set_culture_pillar' returned false at file: common/scripted_guis/DI_cultural_editor_pillars_sgui.txt line: 620 (DI_language_agot_lhazaar_sgui:effect)
[16:13:10][jomini_script_system.cpp:303] [original line 1645] Script system error!
  Error: add_innovation effect [ target: Not found in database class CCultureInnovationTypeDatabase ]
  Script location: file: common/character_interactions/DI_character_interaction.txt line: 4616 (DI_change_succession:on_accept)
[16:13:10][jomini_effect.cpp:139] [original line 1649] PostValidate of effect 'add_innovation' returned false at file: common/character_interactions/DI_character_interaction.txt line: 4616 (DI_change_succession:on_accept)
[16:13:10][jomini_script_system.cpp:303] [original line 1650] Script system error!
  Error: add_innovation effect [ target: Not found in database class CCultureInnovationTypeDatabase ]
  Script location: file: common/character_interactions/DI_character_interaction.txt line: 4631 (DI_change_succession:on_accept)
[16:13:10][jomini_effect.cpp:139] [original line 1654] PostValidate of effect 'add_innovation' returned false at file: common/character_interactions/DI_character_interaction.txt line: 4631 (DI_change_succession:on_accept)
[16:13:10][jomini_script_system.cpp:303] [original line 1655] Script system error!
  Error: add_building effect [ Invalid database object 'common_trade_03' ]
  Script location: file: common/on_action/cowagot_province_on_actions.txt line: 174 (set_provinces_on_actions)
[16:13:10][jomini_effect.cpp:139] [original line 1659] PostValidate of effect 'add_building' returned false at file: common/on_action/cowagot_province_on_actions.txt line: 174 (set_provinces_on_actions)
[16:13:10][jomini_script_system.cpp:303] [original line 1660] Script system error!
  Error: remove_building effect [ Invalid database object 'ironwood_01' ]
  Script location: file: common/on_action/cowagot_province_on_actions.txt line: 214 (set_provinces_on_actions)
[16:13:10][jomini_effect.cpp:139] [original line 1664] PostValidate of effect 'remove_building' returned false at file: common/on_action/cowagot_province_on_actions.txt line: 214 (set_provinces_on_actions)
[16:13:10][jomini_script_system.cpp:303] [original line 1665] Script system error!
  Error: add_special_building_slot effect [ Invalid database object 'bearisland_01' ]
  Script location: file: common/on_action/cowagot_province_on_actions.txt line: 273 (set_provinces_on_actions)
[16:13:10][jomini_effect.cpp:139] [original line 1669] PostValidate of effect 'add_special_building_slot' returned false at file: common/on_action/cowagot_province_on_actions.txt line: 273 (set_provinces_on_actions)
[16:13:10][jomini_script_system.cpp:303] [original line 1670] Script system error!
  Error: add_special_building effect [ Invalid database object 'bearisland_01' ]
  Script location: file: common/on_action/cowagot_province_on_actions.txt line: 274 (set_provinces_on_actions)
[16:13:10][jomini_effect.cpp:139] [original line 1674] PostValidate of effect 'add_special_building' returned false at file: common/on_action/cowagot_province_on_actions.txt line: 274 (set_provinces_on_actions)
[16:13:10][jomini_script_system.cpp:303] [original line 1675] Script system error!
  Error: add_special_building_slot effect [ Invalid database object 'harlaw_mines_01' ]
  Script location: file: common/on_action/cowagot_province_on_actions.txt line: 335 (harlaw_building_check_on_actions)
[16:13:10][jomini_effect.cpp:139] [original line 1679] PostValidate of effect 'add_special_building_slot' returned false at file: common/on_action/cowagot_province_on_actions.txt line: 335 (harlaw_building_check_on_actions)
[16:13:10][jomini_script_system.cpp:303] [original line 1680] Script system error!
  Error: learn_language effect [ Invalid database object 'language_arabic' ]
  Script location: file: common/scripted_effects/DI_court_position_spawner_overrides.txt line: 14 (DI_court_position_post_spawn_effect[args#2101251318])
[16:13:10][jomini_effect.cpp:139] [original line 1684] PostValidate of effect 'learn_language' returned false at file: common/scripted_effects/DI_court_position_spawner_overrides.txt line: 14 (DI_court_position_post_spawn_effect[args#2101251318])
[16:13:10][jomini_script_system.cpp:303] [original line 1685] Script system error!
  Error: learn_language effect [ Invalid database object 'language_latin' ]
  Script location: file: common/scripted_effects/DI_court_position_spawner_overrides.txt line: 16 (DI_court_position_post_spawn_effect[args#2101251318])
[16:13:10][jomini_effect.cpp:139] [original line 1689] PostValidate of effect 'learn_language' returned false at file: common/scripted_effects/DI_court_position_spawner_overrides.txt line: 16 (DI_court_position_post_spawn_effect[args#2101251318])
[16:13:10][jomini_script_system.cpp:303] [original line 1690] Script system error!
  Error: learn_language effect [ Invalid database object 'language_greek' ]
  Script location: file: common/scripted_effects/DI_court_position_spawner_overrides.txt line: 15 (DI_court_position_post_spawn_effect[args#2101251318])
[16:13:10][jomini_effect.cpp:139] [original line 1694] PostValidate of effect 'learn_language' returned false at file: common/scripted_effects/DI_court_position_spawner_overrides.txt line: 15 (DI_court_position_post_spawn_effect[args#2101251318])
[16:13:10][jomini_script_system.cpp:303] [original line 1695] Script system error!
  Error: learn_language effect [ Invalid database object 'language_norse' ]
  Script location: file: common/scripted_effects/DI_court_position_spawner_overrides.txt line: 17 (DI_court_position_post_spawn_effect[args#2101251318])
[16:13:10][jomini_effect.cpp:139] [original line 1699] PostValidate of effect 'learn_language' returned false at file: common/scripted_effects/DI_court_position_spawner_overrides.txt line: 17 (DI_court_position_post_spawn_effect[args#2101251318])
[16:13:10][jomini_script_system.cpp:303] [original line 1700] Script system error!
  Error: learn_language effect [ Invalid database object 'language_norse' ]
  Script location: file: common/scripted_effects/DI_court_position_spawner_overrides.txt line: 29 (DI_court_position_post_spawn_effect[args#2101251318])
[16:13:10][jomini_effect.cpp:139] [original line 1704] PostValidate of effect 'learn_language' returned false at file: common/scripted_effects/DI_court_position_spawner_overrides.txt line: 29 (DI_court_position_post_spawn_effect[args#2101251318])
[16:13:10][jomini_script_system.cpp:303] [original line 1705] Script system error!
  Error: learn_language effect [ Invalid database object 'language_arabic' ]
  Script location: file: common/scripted_effects/DI_court_position_spawner_overrides.txt line: 26 (DI_court_position_post_spawn_effect[args#2101251318])
[16:13:10][jomini_effect.cpp:139] [original line 1709] PostValidate of effect 'learn_language' returned false at file: common/scripted_effects/DI_court_position_spawner_overrides.txt line: 26 (DI_court_position_post_spawn_effect[args#2101251318])
[16:13:10][jomini_script_system.cpp:303] [original line 1710] Script system error!
  Error: learn_language effect [ Invalid database object 'language_greek' ]
  Script location: file: common/scripted_effects/DI_court_position_spawner_overrides.txt line: 27 (DI_court_position_post_spawn_effect[args#2101251318])
[16:13:10][jomini_effect.cpp:139] [original line 1714] PostValidate of effect 'learn_language' returned false at file: common/scripted_effects/DI_court_position_spawner_overrides.txt line: 27 (DI_court_position_post_spawn_effect[args#2101251318])
[16:13:10][jomini_script_system.cpp:303] [original line 1715] Script system error!
  Error: learn_language effect [ Invalid database object 'language_latin' ]
  Script location: file: common/scripted_effects/DI_court_position_spawner_overrides.txt line: 28 (DI_court_position_post_spawn_effect[args#2101251318])
[16:13:10][jomini_effect.cpp:139] [original line 1719] PostValidate of effect 'learn_language' returned false at file: common/scripted_effects/DI_court_position_spawner_overrides.txt line: 28 (DI_court_position_post_spawn_effect[args#2101251318])
[16:13:10][jomini_script_system.cpp:303] [original line 1720] Script system error!
  Error: add_trait effect [ target: Not found in database class CTraitDatabase ]
  Script location: file: common/scripted_effects/DI_present_effects.txt line: 20 (DI_personality_trait_randomizer_effect)
[16:13:10][jomini_effect.cpp:139] [original line 1724] PostValidate of effect 'add_trait' returned false at file: common/scripted_effects/DI_present_effects.txt line: 20 (DI_personality_trait_randomizer_effect)
[16:13:10][jomini_script_system.cpp:303] [original line 1725] Script system error!
  Error: add_trait effect [ target: Not found in database class CTraitDatabase ]
  Script location: file: common/scripted_effects/DI_present_effects.txt line: 21 (DI_personality_trait_randomizer_effect)
[16:13:10][jomini_effect.cpp:139] [original line 1729] PostValidate of effect 'add_trait' returned false at file: common/scripted_effects/DI_present_effects.txt line: 21 (DI_personality_trait_randomizer_effect)
[16:13:10][jomini_script_system.cpp:303] [original line 1730] Script system error!
  Error: remove_trait effect [ target: Not found in database class CTraitDatabase ]
  Script location: file: common/scripted_effects/DI_present_effects.txt line: 85 (DI_clear_personality_traits_effect)
[16:13:10][jomini_effect.cpp:139] [original line 1734] PostValidate of effect 'remove_trait' returned false at file: common/scripted_effects/DI_present_effects.txt line: 85 (DI_clear_personality_traits_effect)
[16:13:10][jomini_script_system.cpp:303] [original line 1735] Script system error!
  Error: remove_trait effect [ target: Not found in database class CTraitDatabase ]
  Script location: file: common/scripted_effects/DI_present_effects.txt line: 86 (DI_clear_personality_traits_effect)
[16:13:10][jomini_effect.cpp:139] [original line 1739] PostValidate of effect 'remove_trait' returned false at file: common/scripted_effects/DI_present_effects.txt line: 86 (DI_clear_personality_traits_effect)
[16:13:10][pdx_persistent_reader.cpp:216] [original line 1740] Error: "Unknown modifier type: bond_with_dragon_scheme_success_chance_add, near line: 17
Unknown modifier type: bond_with_dragon_scheme_scheme_success_chance_add, near line: 24" in file: "common/modifier_definition_formats/agot_scheme_definitions.txt" near line: 29
[16:13:10][jomini_script_system.cpp:303] [original line 1742] Script system error!
  Error: has_trait trigger [ Cannot find honorable in trait database ]
  Script location: file: common/scripted_effects/DI_present_effects.txt line: 85 (DI_clear_personality_traits_effect)
[16:13:10][jomini_script_system.cpp:303] [original line 1746] Script system error!
  Error: has_trait trigger [ Cannot find ruthless in trait database ]
  Script location: file: common/scripted_effects/DI_present_effects.txt line: 86 (DI_clear_personality_traits_effect)
[16:13:10][jomini_script_system.cpp:303] [original line 1750] Script system error!
  Error: has_game_rule trigger [ Invalid database object 'show_armor_enabled' ]
  Script location: file: gfx/portraits/portrait_modifiers/01_cloaks_base.txt line: 1333 (cloaks:weight)
[16:13:10][jomini_trigger.cpp:243] [original line 1754] PostValidate of trigger 'has_game_rule' returned false at file: gfx/portraits/portrait_modifiers/01_cloaks_base.txt line: 1333 (cloaks:weight)
[16:13:10][jomini_script_system.cpp:303] [original line 1755] Script system error!
  Error: has_game_rule trigger [ Invalid database object 'show_armor_enabled' ]
  Script location: file: gfx/portraits/portrait_modifiers/01_cloaks_base.txt line: 1338 (cloaks:weight)
[16:13:10][jomini_trigger.cpp:243] [original line 1759] PostValidate of trigger 'has_game_rule' returned false at file: gfx/portraits/portrait_modifiers/01_cloaks_base.txt line: 1338 (cloaks:weight)
[16:13:10][jomini_script_system.cpp:303] [original line 1760] Script system error!
  Error: has_game_rule trigger [ Invalid database object 'show_armor_enabled' ]
  Script location: file: gfx/portraits/portrait_modifiers/01_cloaks_base.txt line: 1642 (cloaks:weight)
[16:13:10][jomini_trigger.cpp:243] [original line 1764] PostValidate of trigger 'has_game_rule' returned false at file: gfx/portraits/portrait_modifiers/01_cloaks_base.txt line: 1642 (cloaks:weight)
[16:13:10][jomini_script_system.cpp:303] [original line 1765] Script system error!
  Error: has_game_rule trigger [ Invalid database object 'show_armor_enabled' ]
  Script location: file: gfx/portraits/portrait_modifiers/01_cloaks_base.txt line: 1684 (cloaks:weight)
[16:13:10][jomini_trigger.cpp:243] [original line 1769] PostValidate of trigger 'has_game_rule' returned false at file: gfx/portraits/portrait_modifiers/01_cloaks_base.txt line: 1684 (cloaks:weight)
[16:13:10][jomini_script_system.cpp:303] [original line 1770] Script system error!
  Error: has_game_rule trigger [ Invalid database object 'show_armor_enabled' ]
  Script location: file: gfx/portraits/portrait_modifiers/01_legwear_base.txt line: 871 (legwear:weight)
[16:13:10][jomini_trigger.cpp:243] [original line 1774] PostValidate of trigger 'has_game_rule' returned false at file: gfx/portraits/portrait_modifiers/01_legwear_base.txt line: 871 (legwear:weight)
[16:13:10][jomini_script_system.cpp:303] [original line 1775] Script system error!
  Error: has_game_rule trigger [ Invalid database object 'show_armor_enabled' ]
  Script location: file: gfx/portraits/portrait_modifiers/01_legwear_base.txt line: 898 (legwear:weight)
[16:13:10][jomini_trigger.cpp:243] [original line 1779] PostValidate of trigger 'has_game_rule' returned false at file: gfx/portraits/portrait_modifiers/01_legwear_base.txt line: 898 (legwear:weight)
[16:13:10][jomini_script_system.cpp:303] [original line 1780] Script system error!
  Error: has_game_rule trigger [ Invalid database object 'show_armor_enabled' ]
  Script location: file: gfx/portraits/portrait_modifiers/01_legwear_base.txt line: 937 (legwear:weight)
[16:13:10][jomini_trigger.cpp:243] [original line 1784] PostValidate of trigger 'has_game_rule' returned false at file: gfx/portraits/portrait_modifiers/01_legwear_base.txt line: 937 (legwear:weight)
[16:13:10][jomini_script_system.cpp:303] [original line 1785] Script system error!
  Error: has_game_rule trigger [ Invalid database object 'show_armor_enabled' ]
  Script location: file: gfx/portraits/portrait_modifiers/05_clothes_situational.txt line: 616 (clothes_situational:weight)
[16:13:10][jomini_trigger.cpp:243] [original line 1789] PostValidate of trigger 'has_game_rule' returned false at file: gfx/portraits/portrait_modifiers/05_clothes_situational.txt line: 616 (clothes_situational:weight)
[16:13:10][jomini_script_system.cpp:303] [original line 1790] Script system error!
  Error: has_game_rule trigger [ Invalid database object 'show_armor_enabled' ]
  Script location: file: gfx/portraits/portrait_modifiers/05_clothes_situational.txt line: 1062 (clothes_situational:weight)
[16:13:10][jomini_trigger.cpp:243] [original line 1794] PostValidate of trigger 'has_game_rule' returned false at file: gfx/portraits/portrait_modifiers/05_clothes_situational.txt line: 1062 (clothes_situational:weight)
[16:13:10][jomini_script_system.cpp:303] [original line 1795] Script system error!
  Error: has_game_rule trigger [ Invalid database object 'show_armor_enabled' ]
  Script location: file: gfx/portraits/portrait_modifiers/05_clothes_situational.txt line: 1109 (clothes_situational:weight)
[16:13:10][jomini_trigger.cpp:243] [original line 1799] PostValidate of trigger 'has_game_rule' returned false at file: gfx/portraits/portrait_modifiers/05_clothes_situational.txt line: 1109 (clothes_situational:weight)
[16:13:10][jomini_script_system.cpp:303] [original line 1800] Script system error!
  Error: has_game_rule trigger [ Invalid database object 'show_armor_enabled' ]
  Script location: file: gfx/portraits/portrait_modifiers/05_clothes_situational.txt line: 1158 (clothes_situational:weight)
[16:13:10][jomini_trigger.cpp:243] [original line 1804] PostValidate of trigger 'has_game_rule' returned false at file: gfx/portraits/portrait_modifiers/05_clothes_situational.txt line: 1158 (clothes_situational:weight)
[16:13:10][jomini_script_system.cpp:303] [original line 1805] Script system error!
  Error: has_game_rule trigger [ Invalid database object 'show_armor_enabled' ]
  Script location: file: gfx/portraits/portrait_modifiers/05_clothes_situational.txt line: 1202 (clothes_situational:weight)
[16:13:10][jomini_trigger.cpp:243] [original line 1809] PostValidate of trigger 'has_game_rule' returned false at file: gfx/portraits/portrait_modifiers/05_clothes_situational.txt line: 1202 (clothes_situational:weight)
[16:13:10][jomini_script_system.cpp:303] [original line 1810] Script system error!
  Error: has_game_rule trigger [ Invalid database object 'show_armor_enabled' ]
  Script location: file: gfx/portraits/portrait_modifiers/05_clothes_situational.txt line: 1248 (clothes_situational:weight)
[16:13:10][jomini_trigger.cpp:243] [original line 1814] PostValidate of trigger 'has_game_rule' returned false at file: gfx/portraits/portrait_modifiers/05_clothes_situational.txt line: 1248 (clothes_situational:weight)
[16:13:10][jomini_script_system.cpp:303] [original line 1815] Script system error!
  Error: has_game_rule trigger [ Invalid database object 'show_armor_enabled' ]
  Script location: file: gfx/portraits/portrait_modifiers/05_clothes_situational.txt line: 1292 (clothes_situational:weight)
[16:13:10][jomini_trigger.cpp:243] [original line 1819] PostValidate of trigger 'has_game_rule' returned false at file: gfx/portraits/portrait_modifiers/05_clothes_situational.txt line: 1292 (clothes_situational:weight)
[16:13:10][jomini_script_system.cpp:303] [original line 1820] Script system error!
  Error: has_game_rule trigger [ Invalid database object 'show_armor_enabled' ]
  Script location: file: gfx/portraits/portrait_modifiers/05_clothes_situational.txt line: 1338 (clothes_situational:weight)
[16:13:10][jomini_trigger.cpp:243] [original line 1824] PostValidate of trigger 'has_game_rule' returned false at file: gfx/portraits/portrait_modifiers/05_clothes_situational.txt line: 1338 (clothes_situational:weight)
[16:13:10][jomini_script_system.cpp:303] [original line 1825] Script system error!
  Error: has_game_rule trigger [ Invalid database object 'show_armor_enabled' ]
  Script location: file: gfx/portraits/portrait_modifiers/05_clothes_situational.txt line: 1382 (clothes_situational:weight)
[16:13:10][jomini_trigger.cpp:243] [original line 1829] PostValidate of trigger 'has_game_rule' returned false at file: gfx/portraits/portrait_modifiers/05_clothes_situational.txt line: 1382 (clothes_situational:weight)
[16:13:10][jomini_script_system.cpp:303] [original line 1830] Script system error!
  Error: has_game_rule trigger [ Invalid database object 'show_armor_enabled' ]
  Script location: file: gfx/portraits/portrait_modifiers/05_clothes_situational.txt line: 1428 (clothes_situational:weight)
[16:13:10][jomini_trigger.cpp:243] [original line 1834] PostValidate of trigger 'has_game_rule' returned false at file: gfx/portraits/portrait_modifiers/05_clothes_situational.txt line: 1428 (clothes_situational:weight)
[16:13:10][jomini_script_system.cpp:303] [original line 1835] Script system error!
  Error: has_game_rule trigger [ Invalid database object 'show_armor_enabled' ]
  Script location: file: gfx/portraits/portrait_modifiers/05_clothes_situational.txt line: 1472 (clothes_situational:weight)
[16:13:10][jomini_trigger.cpp:243] [original line 1839] PostValidate of trigger 'has_game_rule' returned false at file: gfx/portraits/portrait_modifiers/05_clothes_situational.txt line: 1472 (clothes_situational:weight)
[16:13:10][jomini_script_system.cpp:303] [original line 1840] Script system error!
  Error: has_game_rule trigger [ Invalid database object 'show_armor_enabled' ]
  Script location: file: gfx/portraits/portrait_modifiers/05_clothes_situational.txt line: 1518 (clothes_situational:weight)
[16:13:10][jomini_trigger.cpp:243] [original line 1844] PostValidate of trigger 'has_game_rule' returned false at file: gfx/portraits/portrait_modifiers/05_clothes_situational.txt line: 1518 (clothes_situational:weight)
[16:13:10][jomini_script_system.cpp:303] [original line 1845] Script system error!
  Error: has_game_rule trigger [ Invalid database object 'show_armor_enabled' ]
  Script location: file: gfx/portraits/portrait_modifiers/05_clothes_situational.txt line: 1562 (clothes_situational:weight)
[16:13:10][jomini_trigger.cpp:243] [original line 1849] PostValidate of trigger 'has_game_rule' returned false at file: gfx/portraits/portrait_modifiers/05_clothes_situational.txt line: 1562 (clothes_situational:weight)
[16:13:10][jomini_script_system.cpp:303] [original line 1850] Script system error!
  Error: has_game_rule trigger [ Invalid database object 'show_armor_enabled' ]
  Script location: file: gfx/portraits/portrait_modifiers/05_headgear_situational.txt line: 338 (headgear_situational:weight)
[16:13:10][jomini_trigger.cpp:243] [original line 1854] PostValidate of trigger 'has_game_rule' returned false at file: gfx/portraits/portrait_modifiers/05_headgear_situational.txt line: 338 (headgear_situational:weight)
[16:13:10][jomini_script_system.cpp:303] [original line 1855] Script system error!
  Error: has_game_rule trigger [ Invalid database object 'show_armor_enabled' ]
  Script location: file: gfx/portraits/portrait_modifiers/05_headgear_situational.txt line: 395 (headgear_situational:weight)
[16:13:10][jomini_trigger.cpp:243] [original line 1859] PostValidate of trigger 'has_game_rule' returned false at file: gfx/portraits/portrait_modifiers/05_headgear_situational.txt line: 395 (headgear_situational:weight)
[16:13:10][jomini_script_system.cpp:303] [original line 1860] Script system error!
  Error: has_game_rule trigger [ Invalid database object 'show_armor_enabled' ]
  Script location: file: gfx/portraits/portrait_modifiers/05_headgear_situational.txt line: 3127 (headgear_situational:weight)
[16:13:10][jomini_trigger.cpp:243] [original line 1864] PostValidate of trigger 'has_game_rule' returned false at file: gfx/portraits/portrait_modifiers/05_headgear_situational.txt line: 3127 (headgear_situational:weight)
[16:13:10][jomini_script_system.cpp:303] [original line 1865] Script system error!
  Error: has_game_rule trigger [ Invalid database object 'show_armor_enabled' ]
  Script location: file: gfx/portraits/portrait_modifiers/05_headgear_situational.txt line: 3174 (headgear_situational:weight)
[16:13:10][jomini_trigger.cpp:243] [original line 1869] PostValidate of trigger 'has_game_rule' returned false at file: gfx/portraits/portrait_modifiers/05_headgear_situational.txt line: 3174 (headgear_situational:weight)
[16:13:10][jomini_script_system.cpp:303] [original line 1870] Script system error!
  Error: has_game_rule trigger [ Invalid database object 'show_armor_enabled' ]
  Script location: file: gfx/portraits/portrait_modifiers/05_headgear_situational.txt line: 3222 (headgear_situational:weight)
[16:13:10][jomini_trigger.cpp:243] [original line 1874] PostValidate of trigger 'has_game_rule' returned false at file: gfx/portraits/portrait_modifiers/05_headgear_situational.txt line: 3222 (headgear_situational:weight)
[16:13:10][jomini_script_system.cpp:303] [original line 1875] Script system error!
  Error: has_game_rule trigger [ Invalid database object 'show_armor_enabled' ]
  Script location: file: gfx/portraits/portrait_modifiers/05_headgear_situational.txt line: 3266 (headgear_situational:weight)
[16:13:10][jomini_trigger.cpp:243] [original line 1879] PostValidate of trigger 'has_game_rule' returned false at file: gfx/portraits/portrait_modifiers/05_headgear_situational.txt line: 3266 (headgear_situational:weight)
[16:13:10][jomini_script_system.cpp:303] [original line 1880] Script system error!
  Error: has_game_rule trigger [ Invalid database object 'show_armor_enabled' ]
  Script location: file: gfx/portraits/portrait_modifiers/05_headgear_situational.txt line: 3310 (headgear_situational:weight)
[16:13:10][jomini_trigger.cpp:243] [original line 1884] PostValidate of trigger 'has_game_rule' returned false at file: gfx/portraits/portrait_modifiers/05_headgear_situational.txt line: 3310 (headgear_situational:weight)
[16:13:10][jomini_script_system.cpp:303] [original line 1885] Script system error!
  Error: has_game_rule trigger [ Invalid database object 'show_armor_enabled' ]
  Script location: file: gfx/portraits/portrait_modifiers/05_headgear_situational.txt line: 3355 (headgear_situational:weight)
[16:13:10][jomini_trigger.cpp:243] [original line 1889] PostValidate of trigger 'has_game_rule' returned false at file: gfx/portraits/portrait_modifiers/05_headgear_situational.txt line: 3355 (headgear_situational:weight)
[16:13:10][jomini_script_system.cpp:303] [original line 1890] Script system error!
  Error: is_struggle_type trigger [ Invalid database object 'persian_struggle' ]
  Script location: file: common/character_interactions/DI_character_interaction.txt line: 1415 (DI_arrange_marriage_interaction:is_shown)
[16:13:10][jomini_trigger.cpp:243] [original line 1894] PostValidate of trigger 'is_struggle_type' returned false at file: common/character_interactions/DI_character_interaction.txt line: 1415 (DI_arrange_marriage_interaction:is_shown)
[16:13:10][jomini_script_system.cpp:303] [original line 1895] Script system error!
  Error: has_struggle_phase_parameter trigger [ Bool phase parameter 'can_trade_piety_for_marriage_acceptance' does not exist ]
  Script location: file: common/character_interactions/DI_character_interaction.txt line: 1416 (DI_arrange_marriage_interaction:is_shown)
[16:13:10][jomini_trigger.cpp:243] [original line 1899] PostValidate of trigger 'has_struggle_phase_parameter' returned false at file: common/character_interactions/DI_character_interaction.txt line: 1416 (DI_arrange_marriage_interaction:is_shown)
[16:13:10][jomini_script_system.cpp:303] [original line 1900] Script system error!
  Error: is_struggle_type trigger [ Invalid database object 'persian_struggle' ]
  Script location: file: common/character_interactions/DI_character_interaction.txt line: 1424 (DI_arrange_marriage_interaction:is_valid)
[16:13:10][jomini_trigger.cpp:243] [original line 1904] PostValidate of trigger 'is_struggle_type' returned false at file: common/character_interactions/DI_character_interaction.txt line: 1424 (DI_arrange_marriage_interaction:is_valid)
[16:13:10][jomini_script_system.cpp:303] [original line 1905] Script system error!
  Error: is_struggle_type trigger [ Invalid database object 'persian_struggle' ]
  Script location: file: common/character_interactions/DI_character_interaction.txt line: 1430 (DI_arrange_marriage_interaction:is_valid)
[16:13:10][jomini_trigger.cpp:243] [original line 1909] PostValidate of trigger 'is_struggle_type' returned false at file: common/character_interactions/DI_character_interaction.txt line: 1430 (DI_arrange_marriage_interaction:is_valid)
[16:13:10][jomini_script_system.cpp:303] [original line 1910] Script system error!
  Error: has_game_rule trigger [ Invalid database object 'agot_shatter_empires' ]
  Script location: file: common/on_action/ntc_artifacts_startdate.txt line: 128 (ntc_artifact_shattered_kingdoms)
[16:13:10][jomini_trigger.cpp:243] [original line 1914] PostValidate of trigger 'has_game_rule' returned false at file: common/on_action/ntc_artifacts_startdate.txt line: 128 (ntc_artifact_shattered_kingdoms)
[16:13:10][jomini_script_system.cpp:303] [original line 1915] Script system error!
  Error: is_in_family trigger [ Invalid database object 'rf_abrahamic' ]
  Script location: file: common/scripted_effects/DI_char_spawner_effects.txt line: 1464 (DI_char_spawner_resolve_origin_effect)
[16:13:10][jomini_trigger.cpp:243] [original line 1919] PostValidate of trigger 'is_in_family' returned false at file: common/scripted_effects/DI_char_spawner_effects.txt line: 1464 (DI_char_spawner_resolve_origin_effect)
[16:13:10][jomini_script_system.cpp:303] [original line 1920] Script system error!
  Error: is_in_family trigger [ Invalid database object 'rf_abrahamic' ]
  Script location: file: common/scripted_effects/DI_char_spawner_effects.txt line: 1466 (DI_char_spawner_resolve_origin_effect)
[16:13:10][jomini_trigger.cpp:243] [original line 1924] PostValidate of trigger 'is_in_family' returned false at file: common/scripted_effects/DI_char_spawner_effects.txt line: 1466 (DI_char_spawner_resolve_origin_effect)
[16:13:10][jomini_script_system.cpp:303] [original line 1925] Script system error!
  Error: is_in_family trigger [ Invalid database object 'rf_eastern' ]
  Script location: file: common/scripted_effects/DI_char_spawner_effects.txt line: 1470 (DI_char_spawner_resolve_origin_effect)
[16:13:10][jomini_trigger.cpp:243] [original line 1929] PostValidate of trigger 'is_in_family' returned false at file: common/scripted_effects/DI_char_spawner_effects.txt line: 1470 (DI_char_spawner_resolve_origin_effect)
[16:13:10][jomini_script_system.cpp:303] [original line 1930] Script system error!
  Error: is_in_family trigger [ Invalid database object 'rf_eastern' ]
  Script location: file: common/scripted_effects/DI_char_spawner_effects.txt line: 1472 (DI_char_spawner_resolve_origin_effect)
[16:13:10][jomini_trigger.cpp:243] [original line 1934] PostValidate of trigger 'is_in_family' returned false at file: common/scripted_effects/DI_char_spawner_effects.txt line: 1472 (DI_char_spawner_resolve_origin_effect)
[16:13:10][jomini_script_system.cpp:303] [original line 1935] Script system error!
  Error: is_in_family trigger [ Invalid database object 'rf_sinitic' ]
  Script location: file: common/scripted_effects/DI_char_spawner_effects.txt line: 1476 (DI_char_spawner_resolve_origin_effect)
[16:13:10][jomini_trigger.cpp:243] [original line 1939] PostValidate of trigger 'is_in_family' returned false at file: common/scripted_effects/DI_char_spawner_effects.txt line: 1476 (DI_char_spawner_resolve_origin_effect)
[16:13:10][jomini_script_system.cpp:303] [original line 1940] Script system error!
  Error: is_in_family trigger [ Invalid database object 'rf_sinitic' ]
  Script location: file: common/scripted_effects/DI_char_spawner_effects.txt line: 1478 (DI_char_spawner_resolve_origin_effect)
[16:13:10][jomini_trigger.cpp:243] [original line 1944] PostValidate of trigger 'is_in_family' returned false at file: common/scripted_effects/DI_char_spawner_effects.txt line: 1478 (DI_char_spawner_resolve_origin_effect)
[16:13:10][jomini_script_system.cpp:303] [original line 1945] Script system error!
  Error: is_in_family trigger [ Invalid database object 'rf_pagan' ]
  Script location: file: common/scripted_effects/DI_char_spawner_effects.txt line: 1482 (DI_char_spawner_resolve_origin_effect)
[16:13:10][jomini_trigger.cpp:243] [original line 1949] PostValidate of trigger 'is_in_family' returned false at file: common/scripted_effects/DI_char_spawner_effects.txt line: 1482 (DI_char_spawner_resolve_origin_effect)
[16:13:10][jomini_script_system.cpp:303] [original line 1950] Script system error!
  Error: is_in_family trigger [ Invalid database object 'rf_pagan' ]
  Script location: file: common/scripted_effects/DI_char_spawner_effects.txt line: 1484 (DI_char_spawner_resolve_origin_effect)
[16:13:10][jomini_trigger.cpp:243] [original line 1954] PostValidate of trigger 'is_in_family' returned false at file: common/scripted_effects/DI_char_spawner_effects.txt line: 1484 (DI_char_spawner_resolve_origin_effect)
[16:13:10][jomini_script_system.cpp:303] [original line 1955] Script system error!
  Error: has_cultural_parameter trigger [ Bool culture parameter 'can_build_quarries_in_hills' does not exist ]
  Script location: file: common/scripted_triggers/cowagot_building_requirement_triggers.txt line: 12 (building_quarries_requirement_terrain)
[16:13:10][jomini_trigger.cpp:243] [original line 1959] PostValidate of trigger 'has_cultural_parameter' returned false at file: common/scripted_triggers/cowagot_building_requirement_triggers.txt line: 12 (building_quarries_requirement_terrain)
[16:13:10][jomini_script_system.cpp:303] [original line 1960] Script system error!
  Error: has_game_rule trigger [ Invalid database object 'tgc_enabled_enabled' ]
  Script location: file: common/scripted_triggers/tgc_loaded_trigger.txt line: 11 (tgc_standard_equipment_trigger)
[16:13:10][jomini_trigger.cpp:243] [original line 1964] PostValidate of trigger 'has_game_rule' returned false at file: common/scripted_triggers/tgc_loaded_trigger.txt line: 11 (tgc_standard_equipment_trigger)
[16:13:10][jomini_script_system.cpp:303] [original line 1965] Script system error!
  Error: has_game_rule trigger [ Invalid database object 'tgc_enabled_enabled' ]
  Script location: file: common/scripted_triggers/tgc_loaded_trigger.txt line: 59 (tgc_captain_equipment_trigger)
[16:13:10][jomini_trigger.cpp:243] [original line 1969] PostValidate of trigger 'has_game_rule' returned false at file: common/scripted_triggers/tgc_loaded_trigger.txt line: 59 (tgc_captain_equipment_trigger)
[16:13:10][jomini_script_system.cpp:303] [original line 1970] Script system error!
  Error: has_game_rule trigger [ Invalid database object 'tgc_enabled_enabled' ]
  Script location: file: common/scripted_triggers/tgc_loaded_trigger.txt line: 94 (tgc_blackfyre_or_targ_equipment_trigger)
[16:13:10][jomini_trigger.cpp:243] [original line 1974] PostValidate of trigger 'has_game_rule' returned false at file: common/scripted_triggers/tgc_loaded_trigger.txt line: 94 (tgc_blackfyre_or_targ_equipment_trigger)
[16:13:10][jomini_script_system.cpp:303] [original line 1975] Script system error!
  Error: has_game_rule trigger [ Invalid database object 'tgc_blackfyre_enabled' ]
  Script location: file: common/scripted_triggers/tgc_loaded_trigger.txt line: 104 (tgc_blackfyre_equipment_trigger)
[16:13:10][jomini_trigger.cpp:243] [original line 1979] PostValidate of trigger 'has_game_rule' returned false at file: common/scripted_triggers/tgc_loaded_trigger.txt line: 104 (tgc_blackfyre_equipment_trigger)
[16:13:10][jomini_script_system.cpp:303] [original line 1980] Script system error!
  Error: has_game_rule trigger [ Invalid database object 'tgc_faegon_enabled' ]
  Script location: file: common/scripted_triggers/tgc_loaded_trigger.txt line: 120 (tgc_blackfyre_equipment_trigger)
[16:13:10][jomini_trigger.cpp:243] [original line 1984] PostValidate of trigger 'has_game_rule' returned false at file: common/scripted_triggers/tgc_loaded_trigger.txt line: 120 (tgc_blackfyre_equipment_trigger)
[16:13:10][jomini_script_system.cpp:303] [original line 1985] Script system error!
  Error: has_game_rule trigger [ Invalid database object 'tgc_faegon_enabled' ]
  Script location: file: common/scripted_triggers/tgc_loaded_trigger.txt line: 140 (tgc_targaryen_equipment_trigger)
[16:13:10][jomini_trigger.cpp:243] [original line 1989] PostValidate of trigger 'has_game_rule' returned false at file: common/scripted_triggers/tgc_loaded_trigger.txt line: 140 (tgc_targaryen_equipment_trigger)
[16:13:10][jomini_script_system.cpp:303] [original line 1990] Script system error!
  Error: has_game_rule trigger [ Invalid database object 'tgc_enabled_enabled' ]
  Script location: file: common/scripted_triggers/tgc_loaded_trigger.txt line: 163 (tgc_blackfyre_house_equipment_trigger)
[16:13:10][jomini_trigger.cpp:243] [original line 1994] PostValidate of trigger 'has_game_rule' returned false at file: common/scripted_triggers/tgc_loaded_trigger.txt line: 163 (tgc_blackfyre_house_equipment_trigger)
[16:13:10][jomini_script_system.cpp:303] [original line 1995] Script system error!
  Error: has_game_rule trigger [ Invalid database object 'tgc_blackfyre_enabled' ]
  Script location: file: common/scripted_triggers/tgc_loaded_trigger.txt line: 164 (tgc_blackfyre_house_equipment_trigger)
[16:13:10][jomini_trigger.cpp:243] [original line 1999] PostValidate of trigger 'has_game_rule' returned false at file: common/scripted_triggers/tgc_loaded_trigger.txt line: 164 (tgc_blackfyre_house_equipment_trigger)
[16:13:10][jomini_effect.cpp:1161] [original line 2000] Flag 'unknown_holding' is used but is never set. Setting it in an unused scripted trigger or effect does not count
[16:13:10][jomini_effect.cpp:1161] [original line 2001] Flag 'blackDarkRed' is used but is never set. Setting it in an unused scripted trigger or effect does not count
[16:13:10][jomini_effect.cpp:1161] [original line 2002] Flag 'monastery_holding' is used but is never set. Setting it in an unused scripted trigger or effect does not count
[16:13:10][jomini_effect.cpp:1161] [original line 2003] Flag 'wilderness_holding' is used but is never set. Setting it in an unused scripted trigger or effect does not count
[16:13:10][jomini_effect.cpp:1161] [original line 2004] Flag 'pirate_den_holding' is used but is never set. Setting it in an unused scripted trigger or effect does not count
[16:13:10][jomini_effect.cpp:1161] [original line 2005] Flag 'iceFire' is used but is never set. Setting it in an unused scripted trigger or effect does not count
[16:13:10][jomini_effect.cpp:1161] [original line 2006] Flag 'highlight_special_buildings_map' is used but is never set. Setting it in an unused scripted trigger or effect does not count
[16:13:10][jomini_effect.cpp:1161] [original line 2007] Flag 'settlement_holding' is used but is never set. Setting it in an unused scripted trigger or effect does not count
[16:13:10][jomini_effect.cpp:1161] [original line 2008] Flag 'roland_crown' is used but is never set. Setting it in an unused scripted trigger or effect does not count
[16:13:10][jomini_effect.cpp:1161] [original line 2009] Flag 'ruin_holding' is used but is never set. Setting it in an unused scripted trigger or effect does not count
[16:13:10][jomini_effect.cpp:1145] [original line 2010] Flag 'all_found' is set but is never used. Note that use in localization doesn't count due to technical limitations. Use in unused scripted triggers and effects also does not count
[16:13:10][jomini_effect.cpp:1145] [original line 2011] Flag 'highlight_cow_provinces_map' is set but is never used. Note that use in localization doesn't count due to technical limitations. Use in unused scripted triggers and effects also does not count
[16:13:10][jomini_effect.cpp:1145] [original line 2012] Flag 'DI_subtype_throne' is set but is never used. Note that use in localization doesn't count due to technical limitations. Use in unused scripted triggers and effects also does not count
[16:13:10][jomini_effect.cpp:1145] [original line 2013] Flag 'global' is set but is never used. Note that use in localization doesn't count due to technical limitations. Use in unused scripted triggers and effects also does not count
[16:13:10][jomini_effect.cpp:1161] [original line 2014] Variable 'blackfyre' is used but is never set. Setting it in an unused scripted trigger or effect does not count
[16:13:10][jomini_effect.cpp:1161] [original line 2015] Variable 'is_Durrandon_51' is used but is never set. Setting it in an unused scripted trigger or effect does not count
[16:13:10][jomini_effect.cpp:1161] [original line 2016] Variable 'brightboar_enabled' is used but is never set. Setting it in an unused scripted trigger or effect does not count
[16:13:10][jomini_effect.cpp:1161] [original line 2017] Variable 'captains_sword' is used but is never set. Setting it in an unused scripted trigger or effect does not count
[16:13:10][jomini_effect.cpp:1161] [original line 2018] Variable 'kingsguard_choice' is used but is never set. Setting it in an unused scripted trigger or effect does not count
[16:13:10][jomini_effect.cpp:1161] [original line 2019] Variable 'Aotk_enabled' is used but is never set. Setting it in an unused scripted trigger or effect does not count
[16:13:10][jomini_effect.cpp:1161] [original line 2020] Variable 'is_baratheon_6' is used but is never set. Setting it in an unused scripted trigger or effect does not count
[16:13:10][jomini_effect.cpp:1161] [original line 2021] Variable 'app_enabled' is used but is never set. Setting it in an unused scripted trigger or effect does not count
[16:13:10][jomini_effect.cpp:1161] [original line 2022] Variable 'maekars_crown' is used but is never set. Setting it in an unused scripted trigger or effect does not count
[16:13:10][jomini_effect.cpp:1161] [original line 2023] Variable 'seafoam' is used but is never set. Setting it in an unused scripted trigger or effect does not count
[16:13:10][jomini_effect.cpp:1161] [original line 2024] Variable 'tgc_enabled' is used but is never set. Setting it in an unused scripted trigger or effect does not count
[16:13:10][jomini_effect.cpp:1161] [original line 2025] Variable 'darksister' is used but is never set. Setting it in an unused scripted trigger or effect does not count
[16:13:10][jomini_effect.cpp:1161] [original line 2026] Variable 'crown_aegon_baelor_artifact' is used but is never set. Setting it in an unused scripted trigger or effect does not count
[16:13:10][jomini_effect.cpp:1161] [original line 2027] Variable 'highlight_cow_provinces_map' is used but is never set. Setting it in an unused scripted trigger or effect does not count
[16:13:10][jomini_effect.cpp:1161] [original line 2028] Variable 'swordman_armor_artifact' is used but is never set. Setting it in an unused scripted trigger or effect does not count
[16:13:10][jomini_effect.cpp:1145] [original line 2029] Variable 'seafoam_artifact' is set but is never used. Note that use in localization doesn't count due to technical limitations. Use in unused scripted triggers and effects also does not count
[16:13:10][jomini_effect.cpp:1145] [original line 2030] Variable 'DI_artifact_subtype_display' is set but is never used. Note that use in localization doesn't count due to technical limitations. Use in unused scripted triggers and effects also does not count
[16:13:10][jomini_effect.cpp:1145] [original line 2031] Variable 'COWAGOT_is_loaded' is set but is never used. Note that use in localization doesn't count due to technical limitations. Use in unused scripted triggers and effects also does not count
[16:13:10][jomini_effect.cpp:1145] [original line 2032] Variable 'DI_artifact_quality_display' is set but is never used. Note that use in localization doesn't count due to technical limitations. Use in unused scripted triggers and effects also does not count
[16:13:10][jomini_effect.cpp:1145] [original line 2033] Variable 'DI_artifact_category_display' is set but is never used. Note that use in localization doesn't count due to technical limitations. Use in unused scripted triggers and effects also does not count
[16:13:10][jomini_effect.cpp:1145] [original line 2034] Variable 'pincer_artifact' is set but is never used. Note that use in localization doesn't count due to technical limitations. Use in unused scripted triggers and effects also does not count
[16:13:10][jomini_effect.cpp:1145] [original line 2035] Variable 'blackfyre_artifact' is set but is never used. Note that use in localization doesn't count due to technical limitations. Use in unused scripted triggers and effects also does not count
[16:13:10][static_modifier.cpp:200] [original line 2036] Modifier 'lucerys_gun_modifier' was not used by the script or code but exists in the database, this is a waste
[16:13:10][static_modifier.cpp:200] [original line 2037] Modifier 'artifact_monthly_piety_negative_1_modifier' was not used by the script or code but exists in the database, this is a waste
[16:13:10][static_modifier.cpp:200] [original line 2038] Modifier 'artifact_monthly_martial_lifestyle_xp_1_negative_modifier' was not used by the script or code but exists in the database, this is a waste
[16:13:10][static_modifier.cpp:200] [original line 2039] Modifier 'asoiaf_oathkeeper_modifier' was not used by the script or code but exists in the database, this is a waste
[16:13:10][static_modifier.cpp:200] [original line 2040] Modifier 'asoiaf_stark_throne_modifier' was not used by the script or code but exists in the database, this is a waste
[16:13:10][static_modifier.cpp:200] [original line 2041] Modifier 'asoiaf_Karstark_4_modifier' was not used by the script or code but exists in the database, this is a waste
[16:13:10][portraitanimations.cpp:110] [original line 2042] Unknown animation state 'throneRoom_twoHandedPassiveFat1_entry' scripted for portrait animation 'valyrian_invasion_vs_spear_1_1' in modifier 'throneRoom_two_handed_passive_1_fat' (part 'torso', type 'male')
[16:13:10][portraitanimations.cpp:110] [original line 2043] Unknown animation state 'throneRoom_twoHandedPassiveFat1_entry' scripted for portrait animation 'valyrian_invasion_vs_spear_1_1' in modifier 'throneRoom_two_handed_passive_1_dwarf' (part 'torso', type 'male')
[16:13:10][portraitanimations.cpp:110] [original line 2044] Unknown animation state 'throneRoom_twoHandedPassiveFatDwarf1_entry' scripted for portrait animation 'valyrian_invasion_vs_spear_1_1' in modifier 'throneRoom_two_handed_passive_1_fat_dwarf' (part 'torso', type 'male')
[16:13:10][portraitanimations.cpp:110] [original line 2045] Unknown animation state 'throneRoom_twoHandedPassiveFatDwarf1_entry' scripted for portrait animation 'valyrian_invasion_vs_spear_1_1' in modifier 'throneRoom_two_handed_passive_1_pregnant' (part 'torso', type 'male')
[16:13:10][portraitanimations.cpp:110] [original line 2046] Unknown animation state 'throneRoom_twoHandedPassiveFatDwarf1_entry' scripted for portrait animation 'valyrian_invasion_vs_spear_1_1' in modifier 'throneRoom_two_handed_passive_1_pregnant_dwarf' (part 'torso', type 'male')
[16:13:10][portraitanimations.cpp:110] [original line 2047] Unknown animation state 'throneRoom_twoHandedPassiveFatDwarf1_entry' scripted for portrait animation 'valyrian_invasion_vs_spear_1_1' in modifier 'throneRoom_two_handed_passive_1_pregnant_fat_dwarf' (part 'torso', type 'male')
[16:13:10][portraitanimations.cpp:110] [original line 2048] Unknown animation state 'throneRoom_twoHandedPassiveFat1_entry' scripted for portrait animation 'valyrian_invasion_vs_spear_1_1' in modifier 'throneRoom_two_handed_passive_1_fat' (part 'torso', type 'female')
[16:13:10][portraitanimations.cpp:110] [original line 2049] Unknown animation state 'throneRoom_twoHandedPassiveFat1_entry' scripted for portrait animation 'valyrian_invasion_vs_spear_1_1' in modifier 'throneRoom_two_handed_passive_1_dwarf' (part 'torso', type 'female')
[16:13:10][portraitanimations.cpp:110] [original line 2050] Unknown animation state 'throneRoom_twoHandedPassiveFatDwarf1_entry' scripted for portrait animation 'valyrian_invasion_vs_spear_1_1' in modifier 'throneRoom_two_handed_passive_1_fat_dwarf' (part 'torso', type 'female')
[16:13:10][portraitanimations.cpp:110] [original line 2051] Unknown animation state 'throneRoom_twoHandedPassiveFatDwarf1_entry' scripted for portrait animation 'valyrian_invasion_vs_spear_1_1' in modifier 'throneRoom_two_handed_passive_1_pregnant' (part 'torso', type 'female')
[16:13:10][portraitanimations.cpp:110] [original line 2052] Unknown animation state 'throneRoom_twoHandedPassiveFatDwarf1_entry' scripted for portrait animation 'valyrian_invasion_vs_spear_1_1' in modifier 'throneRoom_two_handed_passive_1_pregnant_dwarf' (part 'torso', type 'female')
[16:13:10][portraitanimations.cpp:110] [original line 2053] Unknown animation state 'throneRoom_twoHandedPassiveFatDwarf1_entry' scripted for portrait animation 'valyrian_invasion_vs_spear_1_1' in modifier 'throneRoom_two_handed_passive_1_pregnant_fat_dwarf' (part 'torso', type 'female')
[16:13:10][portraitanimations.cpp:110] [original line 2054] Unknown animation state 'throneRoom_twoHandedPassiveFat1_entry' scripted for portrait animation 'valyrian_invasion_vs_spear_1_1' in modifier 'throneRoom_two_handed_passive_1_fat' (part 'torso', type 'boy')
[16:13:10][portraitanimations.cpp:110] [original line 2055] Unknown animation state 'throneRoom_twoHandedPassiveFat1_entry' scripted for portrait animation 'valyrian_invasion_vs_spear_1_1' in modifier 'throneRoom_two_handed_passive_1_dwarf' (part 'torso', type 'boy')
[16:13:10][portraitanimations.cpp:110] [original line 2056] Unknown animation state 'throneRoom_twoHandedPassiveFatDwarf1_entry' scripted for portrait animation 'valyrian_invasion_vs_spear_1_1' in modifier 'throneRoom_two_handed_passive_1_fat_dwarf' (part 'torso', type 'boy')
[16:13:10][portraitanimations.cpp:110] [original line 2057] Unknown animation state 'throneRoom_twoHandedPassiveFatDwarf1_entry' scripted for portrait animation 'valyrian_invasion_vs_spear_1_1' in modifier 'throneRoom_two_handed_passive_1_pregnant' (part 'torso', type 'boy')
[16:13:10][portraitanimations.cpp:110] [original line 2058] Unknown animation state 'throneRoom_twoHandedPassiveFatDwarf1_entry' scripted for portrait animation 'valyrian_invasion_vs_spear_1_1' in modifier 'throneRoom_two_handed_passive_1_pregnant_dwarf' (part 'torso', type 'boy')
[16:13:10][portraitanimations.cpp:110] [original line 2059] Unknown animation state 'throneRoom_twoHandedPassiveFatDwarf1_entry' scripted for portrait animation 'valyrian_invasion_vs_spear_1_1' in modifier 'throneRoom_two_handed_passive_1_pregnant_fat_dwarf' (part 'torso', type 'boy')
[16:13:10][portraitanimations.cpp:110] [original line 2060] Unknown animation state 'throneRoom_twoHandedPassiveFat1_entry' scripted for portrait animation 'valyrian_invasion_vs_spear_1_1' in modifier 'throneRoom_two_handed_passive_1_fat' (part 'torso', type 'girl')
[16:13:10][portraitanimations.cpp:110] [original line 2061] Unknown animation state 'throneRoom_twoHandedPassiveFat1_entry' scripted for portrait animation 'valyrian_invasion_vs_spear_1_1' in modifier 'throneRoom_two_handed_passive_1_dwarf' (part 'torso', type 'girl')
[16:13:10][portraitanimations.cpp:110] [original line 2062] Unknown animation state 'throneRoom_twoHandedPassiveFatDwarf1_entry' scripted for portrait animation 'valyrian_invasion_vs_spear_1_1' in modifier 'throneRoom_two_handed_passive_1_fat_dwarf' (part 'torso', type 'girl')
[16:13:10][portraitanimations.cpp:110] [original line 2063] Unknown animation state 'throneRoom_twoHandedPassiveFatDwarf1_entry' scripted for portrait animation 'valyrian_invasion_vs_spear_1_1' in modifier 'throneRoom_two_handed_passive_1_pregnant' (part 'torso', type 'girl')
[16:13:10][portraitanimations.cpp:110] [original line 2064] Unknown animation state 'throneRoom_twoHandedPassiveFatDwarf1_entry' scripted for portrait animation 'valyrian_invasion_vs_spear_1_1' in modifier 'throneRoom_two_handed_passive_1_pregnant_dwarf' (part 'torso', type 'girl')
[16:13:10][portraitanimations.cpp:110] [original line 2065] Unknown animation state 'throneRoom_twoHandedPassiveFatDwarf1_entry' scripted for portrait animation 'valyrian_invasion_vs_spear_1_1' in modifier 'throneRoom_two_handed_passive_1_pregnant_fat_dwarf' (part 'torso', type 'girl')
[16:13:10][portraitanimations.cpp:110] [original line 2066] Unknown animation state 'throneRoom_twoHandedPassiveFat1_entry' scripted for portrait animation 'valyrian_invasion_vs_halberd_1' in modifier 'throneRoom_two_handed_passive_1_fat' (part 'torso', type 'male')
[16:13:10][portraitanimations.cpp:110] [original line 2067] Unknown animation state 'throneRoom_twoHandedPassiveFat1_entry' scripted for portrait animation 'valyrian_invasion_vs_halberd_1' in modifier 'throneRoom_two_handed_passive_1_dwarf' (part 'torso', type 'male')
[16:13:10][portraitanimations.cpp:110] [original line 2068] Unknown animation state 'throneRoom_twoHandedPassiveFatDwarf1_entry' scripted for portrait animation 'valyrian_invasion_vs_halberd_1' in modifier 'throneRoom_two_handed_passive_1_fat_dwarf' (part 'torso', type 'male')
[16:13:10][portraitanimations.cpp:110] [original line 2069] Unknown animation state 'throneRoom_twoHandedPassiveFatDwarf1_entry' scripted for portrait animation 'valyrian_invasion_vs_halberd_1' in modifier 'throneRoom_two_handed_passive_1_pregnant' (part 'torso', type 'male')
[16:13:10][portraitanimations.cpp:110] [original line 2070] Unknown animation state 'throneRoom_twoHandedPassiveFatDwarf1_entry' scripted for portrait animation 'valyrian_invasion_vs_halberd_1' in modifier 'throneRoom_two_handed_passive_1_pregnant_dwarf' (part 'torso', type 'male')
[16:13:10][portraitanimations.cpp:110] [original line 2071] Unknown animation state 'throneRoom_twoHandedPassiveFatDwarf1_entry' scripted for portrait animation 'valyrian_invasion_vs_halberd_1' in modifier 'throneRoom_two_handed_passive_1_pregnant_fat_dwarf' (part 'torso', type 'male')
[16:13:10][portraitanimations.cpp:110] [original line 2072] Unknown animation state 'throneRoom_twoHandedPassiveFat1_entry' scripted for portrait animation 'valyrian_invasion_vs_halberd_1' in modifier 'throneRoom_two_handed_passive_1_fat' (part 'torso', type 'female')
[16:13:10][portraitanimations.cpp:110] [original line 2073] Unknown animation state 'throneRoom_twoHandedPassiveFat1_entry' scripted for portrait animation 'valyrian_invasion_vs_halberd_1' in modifier 'throneRoom_two_handed_passive_1_dwarf' (part 'torso', type 'female')
[16:13:10][portraitanimations.cpp:110] [original line 2074] Unknown animation state 'throneRoom_twoHandedPassiveFatDwarf1_entry' scripted for portrait animation 'valyrian_invasion_vs_halberd_1' in modifier 'throneRoom_two_handed_passive_1_fat_dwarf' (part 'torso', type 'female')
[16:13:10][portraitanimations.cpp:110] [original line 2075] Unknown animation state 'throneRoom_twoHandedPassiveFatDwarf1_entry' scripted for portrait animation 'valyrian_invasion_vs_halberd_1' in modifier 'throneRoom_two_handed_passive_1_pregnant' (part 'torso', type 'female')
[16:13:10][portraitanimations.cpp:110] [original line 2076] Unknown animation state 'throneRoom_twoHandedPassiveFatDwarf1_entry' scripted for portrait animation 'valyrian_invasion_vs_halberd_1' in modifier 'throneRoom_two_handed_passive_1_pregnant_dwarf' (part 'torso', type 'female')
[16:13:10][portraitanimations.cpp:110] [original line 2077] Unknown animation state 'throneRoom_twoHandedPassiveFatDwarf1_entry' scripted for portrait animation 'valyrian_invasion_vs_halberd_1' in modifier 'throneRoom_two_handed_passive_1_pregnant_fat_dwarf' (part 'torso', type 'female')
[16:13:10][portraitanimations.cpp:110] [original line 2078] Unknown animation state 'throneRoom_twoHandedPassiveFat1_entry' scripted for portrait animation 'valyrian_invasion_vs_halberd_1' in modifier 'throneRoom_two_handed_passive_1_fat' (part 'torso', type 'boy')
[16:13:10][portraitanimations.cpp:110] [original line 2079] Unknown animation state 'throneRoom_twoHandedPassiveFat1_entry' scripted for portrait animation 'valyrian_invasion_vs_halberd_1' in modifier 'throneRoom_two_handed_passive_1_dwarf' (part 'torso', type 'boy')
[16:13:10][portraitanimations.cpp:110] [original line 2080] Unknown animation state 'throneRoom_twoHandedPassiveFatDwarf1_entry' scripted for portrait animation 'valyrian_invasion_vs_halberd_1' in modifier 'throneRoom_two_handed_passive_1_fat_dwarf' (part 'torso', type 'boy')
[16:13:10][portraitanimations.cpp:110] [original line 2081] Unknown animation state 'throneRoom_twoHandedPassiveFatDwarf1_entry' scripted for portrait animation 'valyrian_invasion_vs_halberd_1' in modifier 'throneRoom_two_handed_passive_1_pregnant' (part 'torso', type 'boy')
[16:13:10][portraitanimations.cpp:110] [original line 2082] Unknown animation state 'throneRoom_twoHandedPassiveFatDwarf1_entry' scripted for portrait animation 'valyrian_invasion_vs_halberd_1' in modifier 'throneRoom_two_handed_passive_1_pregnant_dwarf' (part 'torso', type 'boy')
[16:13:10][portraitanimations.cpp:110] [original line 2083] Unknown animation state 'throneRoom_twoHandedPassiveFatDwarf1_entry' scripted for portrait animation 'valyrian_invasion_vs_halberd_1' in modifier 'throneRoom_two_handed_passive_1_pregnant_fat_dwarf' (part 'torso', type 'boy')
[16:13:10][portraitanimations.cpp:110] [original line 2084] Unknown animation state 'throneRoom_twoHandedPassiveFat1_entry' scripted for portrait animation 'valyrian_invasion_vs_halberd_1' in modifier 'throneRoom_two_handed_passive_1_fat' (part 'torso', type 'girl')
[16:13:10][portraitanimations.cpp:110] [original line 2085] Unknown animation state 'throneRoom_twoHandedPassiveFat1_entry' scripted for portrait animation 'valyrian_invasion_vs_halberd_1' in modifier 'throneRoom_two_handed_passive_1_dwarf' (part 'torso', type 'girl')
[16:13:10][portraitanimations.cpp:110] [original line 2086] Unknown animation state 'throneRoom_twoHandedPassiveFatDwarf1_entry' scripted for portrait animation 'valyrian_invasion_vs_halberd_1' in modifier 'throneRoom_two_handed_passive_1_fat_dwarf' (part 'torso', type 'girl')
[16:13:10][portraitanimations.cpp:110] [original line 2087] Unknown animation state 'throneRoom_twoHandedPassiveFatDwarf1_entry' scripted for portrait animation 'valyrian_invasion_vs_halberd_1' in modifier 'throneRoom_two_handed_passive_1_pregnant' (part 'torso', type 'girl')
[16:13:10][portraitanimations.cpp:110] [original line 2088] Unknown animation state 'throneRoom_twoHandedPassiveFatDwarf1_entry' scripted for portrait animation 'valyrian_invasion_vs_halberd_1' in modifier 'throneRoom_two_handed_passive_1_pregnant_dwarf' (part 'torso', type 'girl')
[16:13:10][portraitanimations.cpp:110] [original line 2089] Unknown animation state 'throneRoom_twoHandedPassiveFatDwarf1_entry' scripted for portrait animation 'valyrian_invasion_vs_halberd_1' in modifier 'throneRoom_two_handed_passive_1_pregnant_fat_dwarf' (part 'torso', type 'girl')
[16:13:12][game_icons.cpp:746] [original line 2090] file gfx/interface/icons/building_types/icon_building_ten_towers.dds doesn't exist, referenced from building 'agot_ten_towers_01'
[16:13:12][game_icons.cpp:746] [original line 2091] file gfx/interface/icons/building_types/icon_riverrun.dds doesn't exist, referenced from building 'oldstones_old_final'
[16:13:12][game_icons.cpp:746] [original line 2092] file gfx/interface/icons/building_types/icon_riverrun.dds doesn't exist, referenced from building 'oldstones_old_new'
[16:13:12][game_icons.cpp:746] [original line 2093] file gfx/interface/icons/building_types/icon_riverrun.dds doesn't exist, referenced from building 'oldstones_restored_final'
[16:13:15][jomini_eventmanager.cpp:372] [original line 2094] Event buy_valyrian_mask.0001 is orphaned
[16:13:15][jomini_eventmanager.cpp:372] [original line 2095] Event asoiaf_mega_war_events.0001 is orphaned
[16:13:15][jomini_eventmanager.cpp:372] [original line 2096] Event asoiaf_young_griff_landing_events.2 is orphaned
[16:13:15][pdx_assert.cpp:619] [original line 2097] Assertion failed: Achievements not loaded correctly
[16:13:16][databases.h:36] [original line 2098] Key rf_valyrian not found at Database: common/religion/religion_family_types
[16:13:16][databases.h:36] [original line 2099] Key tgp_minister_recruit_courtiers_decision not found at Database: common/decisions
[16:13:18][jomini_effect.cpp:1161] [original line 2100] Flag 'unknown_holding' is used but is never set. Setting it in an unused scripted trigger or effect does not count
[16:13:18][jomini_effect.cpp:1161] [original line 2101] Flag 'blackDarkRed' is used but is never set. Setting it in an unused scripted trigger or effect does not count
[16:13:18][jomini_effect.cpp:1161] [original line 2102] Flag 'monastery_holding' is used but is never set. Setting it in an unused scripted trigger or effect does not count
[16:13:18][jomini_effect.cpp:1161] [original line 2103] Flag 'wilderness_holding' is used but is never set. Setting it in an unused scripted trigger or effect does not count
[16:13:18][jomini_effect.cpp:1161] [original line 2104] Flag 'pirate_den_holding' is used but is never set. Setting it in an unused scripted trigger or effect does not count
[16:13:18][jomini_effect.cpp:1161] [original line 2105] Flag 'iceFire' is used but is never set. Setting it in an unused scripted trigger or effect does not count
[16:13:18][jomini_effect.cpp:1161] [original line 2106] Flag 'highlight_special_buildings_map' is used but is never set. Setting it in an unused scripted trigger or effect does not count
[16:13:18][jomini_effect.cpp:1161] [original line 2107] Flag 'settlement_holding' is used but is never set. Setting it in an unused scripted trigger or effect does not count
[16:13:18][jomini_effect.cpp:1161] [original line 2108] Flag 'roland_crown' is used but is never set. Setting it in an unused scripted trigger or effect does not count
[16:13:18][jomini_effect.cpp:1161] [original line 2109] Flag 'ruin_holding' is used but is never set. Setting it in an unused scripted trigger or effect does not count
[16:13:18][jomini_effect.cpp:1145] [original line 2110] Flag 'all_found' is set but is never used. Note that use in localization doesn't count due to technical limitations. Use in unused scripted triggers and effects also does not count
[16:13:18][jomini_effect.cpp:1145] [original line 2111] Flag 'highlight_cow_provinces_map' is set but is never used. Note that use in localization doesn't count due to technical limitations. Use in unused scripted triggers and effects also does not count
[16:13:18][jomini_effect.cpp:1145] [original line 2112] Flag 'DI_subtype_throne' is set but is never used. Note that use in localization doesn't count due to technical limitations. Use in unused scripted triggers and effects also does not count
[16:13:18][jomini_effect.cpp:1145] [original line 2113] Flag 'global' is set but is never used. Note that use in localization doesn't count due to technical limitations. Use in unused scripted triggers and effects also does not count
[16:13:18][jomini_effect.cpp:1161] [original line 2114] Variable 'blackfyre' is used but is never set. Setting it in an unused scripted trigger or effect does not count
[16:13:18][jomini_effect.cpp:1161] [original line 2115] Variable 'is_Durrandon_51' is used but is never set. Setting it in an unused scripted trigger or effect does not count
[16:13:18][jomini_effect.cpp:1161] [original line 2116] Variable 'brightboar_enabled' is used but is never set. Setting it in an unused scripted trigger or effect does not count
[16:13:18][jomini_effect.cpp:1161] [original line 2117] Variable 'captains_sword' is used but is never set. Setting it in an unused scripted trigger or effect does not count
[16:13:18][jomini_effect.cpp:1161] [original line 2118] Variable 'kingsguard_choice' is used but is never set. Setting it in an unused scripted trigger or effect does not count
[16:13:18][jomini_effect.cpp:1161] [original line 2119] Variable 'Aotk_enabled' is used but is never set. Setting it in an unused scripted trigger or effect does not count
[16:13:18][jomini_effect.cpp:1161] [original line 2120] Variable 'is_baratheon_6' is used but is never set. Setting it in an unused scripted trigger or effect does not count
[16:13:18][jomini_effect.cpp:1161] [original line 2121] Variable 'app_enabled' is used but is never set. Setting it in an unused scripted trigger or effect does not count
[16:13:18][jomini_effect.cpp:1161] [original line 2122] Variable 'maekars_crown' is used but is never set. Setting it in an unused scripted trigger or effect does not count
[16:13:18][jomini_effect.cpp:1161] [original line 2123] Variable 'seafoam' is used but is never set. Setting it in an unused scripted trigger or effect does not count
[16:13:18][jomini_effect.cpp:1161] [original line 2124] Variable 'tgc_enabled' is used but is never set. Setting it in an unused scripted trigger or effect does not count
[16:13:18][jomini_effect.cpp:1161] [original line 2125] Variable 'darksister' is used but is never set. Setting it in an unused scripted trigger or effect does not count
[16:13:18][jomini_effect.cpp:1161] [original line 2126] Variable 'crown_aegon_baelor_artifact' is used but is never set. Setting it in an unused scripted trigger or effect does not count
[16:13:18][jomini_effect.cpp:1161] [original line 2127] Variable 'highlight_cow_provinces_map' is used but is never set. Setting it in an unused scripted trigger or effect does not count
[16:13:18][jomini_effect.cpp:1161] [original line 2128] Variable 'swordman_armor_artifact' is used but is never set. Setting it in an unused scripted trigger or effect does not count
[16:13:18][jomini_effect.cpp:1145] [original line 2129] Variable 'seafoam_artifact' is set but is never used. Note that use in localization doesn't count due to technical limitations. Use in unused scripted triggers and effects also does not count
[16:13:18][jomini_effect.cpp:1145] [original line 2130] Variable 'DI_artifact_subtype_display' is set but is never used. Note that use in localization doesn't count due to technical limitations. Use in unused scripted triggers and effects also does not count
[16:13:18][jomini_effect.cpp:1145] [original line 2131] Variable 'COWAGOT_is_loaded' is set but is never used. Note that use in localization doesn't count due to technical limitations. Use in unused scripted triggers and effects also does not count
[16:13:18][jomini_effect.cpp:1145] [original line 2132] Variable 'DI_artifact_quality_display' is set but is never used. Note that use in localization doesn't count due to technical limitations. Use in unused scripted triggers and effects also does not count
[16:13:18][jomini_effect.cpp:1145] [original line 2133] Variable 'DI_artifact_category_display' is set but is never used. Note that use in localization doesn't count due to technical limitations. Use in unused scripted triggers and effects also does not count
[16:13:18][jomini_effect.cpp:1145] [original line 2134] Variable 'pincer_artifact' is set but is never used. Note that use in localization doesn't count due to technical limitations. Use in unused scripted triggers and effects also does not count
[16:13:18][jomini_effect.cpp:1145] [original line 2135] Variable 'blackfyre_artifact' is set but is never used. Note that use in localization doesn't count due to technical limitations. Use in unused scripted triggers and effects also does not count
[16:13:18][history.cpp:644] [original line 2136] Referencing non-existent character in script link character:Gardener_75
[16:13:18][history.cpp:644] [original line 2137] Referencing non-existent character in script link character:Gardener_75
[16:13:18][history.cpp:644] [original line 2138] Referencing non-existent character in script link character:Dormund_1
[16:13:18][history.cpp:644] [original line 2139] Referencing non-existent character in script link character:Dormund_1
[16:13:18][history.cpp:644] [original line 2140] Referencing non-existent character in script link character:Broome_rs_54
[16:13:18][history.cpp:644] [original line 2141] Referencing non-existent character in script link character:Dormund_1
[16:13:18][history.cpp:644] [original line 2142] Referencing non-existent character in script link character:Dormund_1
[16:13:18][history.cpp:644] [original line 2143] Referencing non-existent character in script link character:Hotah_rs_2
[16:13:18][history.cpp:644] [original line 2144] Referencing non-existent character in script link character:Hotah_rs_2
[16:13:18][history.cpp:644] [original line 2145] Referencing non-existent character in script link character:asoiaf_Targaryen_61_1
[16:13:18][history.cpp:644] [original line 2146] Referencing non-existent character in script link character:asoiaf_Targaryen_61_1
[16:13:18][history.cpp:644] [original line 2147] Referencing non-existent character in script link character:Targaryen_61_1
[16:13:18][history.cpp:644] [original line 2148] Referencing non-existent character in script link character:Targaryen_61_1
[16:13:18][history.cpp:644] [original line 2149] Referencing non-existent character in script link character:Targaryen_61_1
[16:13:18][history.cpp:644] [original line 2150] Referencing non-existent character in script link character:Targaryen_61_1