[15:50:52][E][dlc_descriptor.cpp:70]: Invalid supported_version in file: mod/ugc_2261468688.mod line: 6
[15:50:53][E][lexer.cpp:306]: File 'common/defines/zzzz_agot_di_rusbar_culture_defines.txt' should be in utf8-bom encoding (will try to use it anyways)
[15:50:53][E][lexer.cpp:306]: File 'common/defines/zzzz_agot_di_rusbar_holdings_defines.txt' should be in utf8-bom encoding (will try to use it anyways)
[15:50:53][E][lexer.cpp:306]: File 'common/defines/zzzz_agot_di_rusbar_lifestyle_defines.txt' should be in utf8-bom encoding (will try to use it anyways)
[15:51:04][E][pdx_localize.cpp:279]: Duplicate localization key. Key 'agot_dragon_laid_clutch_1' is defined in both 'localization/russian/more_dragon_eggs_decisions_l_russian.yml' and 'localization/russian/agot/agot_memories_l_russian.yml'.
[15:51:04][E][pdx_localize.cpp:279]: Duplicate localization key. Key 'agot_laid_clutch_desc_1' is defined in both 'localization/russian/more_dragon_eggs_decisions_l_russian.yml' and 'localization/russian/agot/agot_memories_l_russian.yml'.
[15:51:04][E][pdx_localize.cpp:279]: Duplicate localization key. Key 'agot_laid_clutch_desc_second_perspective_1' is defined in both 'localization/russian/more_dragon_eggs_decisions_l_russian.yml' and 'localization/russian/agot/agot_memories_l_russian.yml'.
[15:51:04][E][pdx_localize.cpp:279]: Duplicate localization key. Key 'agot_laid_clutch_desc_third_perspective_1' is defined in both 'localization/russian/more_dragon_eggs_decisions_l_russian.yml' and 'localization/russian/agot/agot_memories_l_russian.yml'.
[15:51:04][E][pdx_localize.cpp:279]: Duplicate localization key. Key 'agot_dragon_laid_clutch_2' is defined in both 'localization/russian/more_dragon_eggs_decisions_l_russian.yml' and 'localization/russian/agot/agot_memories_l_russian.yml'.
[15:51:04][E][pdx_localize.cpp:279]: Duplicate localization key. Key 'agot_laid_clutch_desc_2' is defined in both 'localization/russian/more_dragon_eggs_decisions_l_russian.yml' and 'localization/russian/agot/agot_memories_l_russian.yml'.
[15:51:04][E][pdx_localize.cpp:279]: Duplicate localization key. Key 'agot_laid_clutch_desc_second_perspective_2' is defined in both 'localization/russian/more_dragon_eggs_decisions_l_russian.yml' and 'localization/russian/agot/agot_memories_l_russian.yml'.
[15:51:04][E][pdx_localize.cpp:279]: Duplicate localization key. Key 'agot_laid_clutch_desc_third_perspective_2' is defined in both 'localization/russian/more_dragon_eggs_decisions_l_russian.yml' and 'localization/russian/agot/agot_memories_l_russian.yml'.
[15:51:04][E][pdx_localize.cpp:279]: Duplicate localization key. Key 'agot_dragon_laid_clutch_3' is defined in both 'localization/russian/more_dragon_eggs_decisions_l_russian.yml' and 'localization/russian/agot/agot_memories_l_russian.yml'.
[15:51:04][E][pdx_localize.cpp:279]: Duplicate localization key. Key 'agot_laid_clutch_desc_3' is defined in both 'localization/russian/more_dragon_eggs_decisions_l_russian.yml' and 'localization/russian/agot/agot_memories_l_russian.yml'.
[15:51:04][E][pdx_localize.cpp:279]: Duplicate localization key. Key 'agot_laid_clutch_desc_second_perspective_3' is defined in both 'localization/russian/more_dragon_eggs_decisions_l_russian.yml' and 'localization/russian/agot/agot_memories_l_russian.yml'.
[15:51:04][E][pdx_localize.cpp:279]: Duplicate localization key. Key 'agot_laid_clutch_desc_third_perspective_3' is defined in both 'localization/russian/more_dragon_eggs_decisions_l_russian.yml' and 'localization/russian/agot/agot_memories_l_russian.yml'.
[15:51:04][E][pdx_localize.cpp:279]: Duplicate localization key. Key 'agot_dragon_laid_clutch_4' is defined in both 'localization/russian/more_dragon_eggs_decisions_l_russian.yml' and 'localization/russian/agot/agot_memories_l_russian.yml'.
[15:51:04][E][pdx_localize.cpp:279]: Duplicate localization key. Key 'agot_laid_clutch_desc_4' is defined in both 'localization/russian/more_dragon_eggs_decisions_l_russian.yml' and 'localization/russian/agot/agot_memories_l_russian.yml'.
[15:51:04][E][pdx_localize.cpp:279]: Duplicate localization key. Key 'agot_laid_clutch_desc_second_perspective_4' is defined in both 'localization/russian/more_dragon_eggs_decisions_l_russian.yml' and 'localization/russian/agot/agot_memories_l_russian.yml'.
[15:51:04][E][pdx_localize.cpp:279]: Duplicate localization key. Key 'agot_laid_clutch_desc_third_perspective_4' is defined in both 'localization/russian/more_dragon_eggs_decisions_l_russian.yml' and 'localization/russian/agot/agot_memories_l_russian.yml'.
[15:51:04][E][pdx_localize.cpp:279]: Duplicate localization key. Key 'agot_dragon_laid_clutch_5' is defined in both 'localization/russian/more_dragon_eggs_decisions_l_russian.yml' and 'localization/russian/agot/agot_memories_l_russian.yml'.
[15:51:04][E][pdx_localize.cpp:279]: Duplicate localization key. Key 'agot_laid_clutch_desc_5' is defined in both 'localization/russian/more_dragon_eggs_decisions_l_russian.yml' and 'localization/russian/agot/agot_memories_l_russian.yml'.
[15:51:04][E][pdx_localize.cpp:279]: Duplicate localization key. Key 'agot_laid_clutch_desc_second_perspective_5' is defined in both 'localization/russian/more_dragon_eggs_decisions_l_russian.yml' and 'localization/russian/agot/agot_memories_l_russian.yml'.
[15:51:04][E][pdx_localize.cpp:279]: Duplicate localization key. Key 'agot_laid_clutch_desc_third_perspective_5' is defined in both 'localization/russian/more_dragon_eggs_decisions_l_russian.yml' and 'localization/russian/agot/agot_memories_l_russian.yml'.
[15:51:04][E][pdx_localize.cpp:279]: Duplicate localization key. Key 'agot_dragon_maintenance.0802.t' is defined in both 'localization/russian/more_dragon_eggs_events_l_russian.yml' and 'localization/russian/agot/event_localization/agot_dragon_maintenance_l_russian.yml'.
[15:51:04][E][pdx_localize.cpp:279]: Duplicate localization key. Key 'agot_dragon_maintenance.0802.desc' is defined in both 'localization/russian/more_dragon_eggs_events_l_russian.yml' and 'localization/russian/agot/event_localization/agot_dragon_maintenance_l_russian.yml'.
[15:51:04][E][pdx_localize.cpp:279]: Duplicate localization key. Key 'agot_filler_crownlands.0004.t' is defined in both 'localization/russian/more_dragon_eggs_events_l_russian.yml' and 'localization/russian/agot/event_localization/filler_events/agot_filler_events_crownlands_l_russian.yml'.
[15:51:04][E][pdx_localize.cpp:279]: Duplicate localization key. Key 'agot_filler_crownlands.0004.desc' is defined in both 'localization/russian/more_dragon_eggs_events_l_russian.yml' and 'localization/russian/agot/event_localization/filler_events/agot_filler_events_crownlands_l_russian.yml'.
[15:51:04][E][pdx_localize.cpp:279]: Duplicate localization key. Key 'agot_filler_crownlands.0004.a' is defined in both 'localization/russian/more_dragon_eggs_events_l_russian.yml' and 'localization/russian/agot/event_localization/filler_events/agot_filler_events_crownlands_l_russian.yml'.
[15:51:04][E][pdx_localize.cpp:279]: Duplicate localization key. Key 'agot_filler_crownlands.0004.tt' is defined in both 'localization/russian/more_dragon_eggs_events_l_russian.yml' and 'localization/russian/agot/event_localization/filler_events/agot_filler_events_crownlands_l_russian.yml'.
[15:51:04][E][pdx_localize.cpp:279]: Duplicate localization key. Key 'DIAnd1' is defined in both 'localization/russian/custom_localization/DI_RUS_custom_loc_l_russian.yml' and 'localization/russian/custom_localization/DI_custom_loc_l_russian.yml'.
[15:51:04][E][pdx_localize.cpp:279]: Duplicate localization key. Key 'DIAnd2' is defined in both 'localization/russian/custom_localization/DI_RUS_custom_loc_l_russian.yml' and 'localization/russian/custom_localization/DI_custom_loc_l_russian.yml'.
[15:51:04][E][pdx_localize.cpp:279]: Duplicate localization key. Key 'DIOf1' is defined in both 'localization/russian/custom_localization/DI_RUS_custom_loc_l_russian.yml' and 'localization/russian/custom_localization/DI_custom_loc_l_russian.yml'.
[15:51:04][E][pdx_localize.cpp:279]: Duplicate localization key. Key 'DIOf2' is defined in both 'localization/russian/custom_localization/DI_RUS_custom_loc_l_russian.yml' and 'localization/russian/custom_localization/DI_custom_loc_l_russian.yml'.
[15:51:04][E][pdx_localize.cpp:279]: Duplicate localization key. Key 'DI_primary_character_0' is defined in both 'localization/russian/custom_localization/DI_RUS_custom_loc_l_russian.yml' and 'localization/russian/custom_localization/DI_custom_loc_l_russian.yml'.
[15:51:04][E][pdx_localize.cpp:279]: Duplicate localization key. Key 'DI_primary_character_1' is defined in both 'localization/russian/custom_localization/DI_RUS_custom_loc_l_russian.yml' and 'localization/russian/custom_localization/DI_custom_loc_l_russian.yml'.
[15:51:04][E][pdx_localize.cpp:279]: Duplicate localization key. Key 'DI_primary_character_2' is defined in both 'localization/russian/custom_localization/DI_RUS_custom_loc_l_russian.yml' and 'localization/russian/custom_localization/DI_custom_loc_l_russian.yml'.
[15:51:04][E][pdx_localize.cpp:279]: Duplicate localization key. Key 'DI_secondary_character_0' is defined in both 'localization/russian/custom_localization/DI_RUS_custom_loc_l_russian.yml' and 'localization/russian/custom_localization/DI_custom_loc_l_russian.yml'.
[15:51:04][E][pdx_localize.cpp:279]: Duplicate localization key. Key 'DI_secondary_character_1' is defined in both 'localization/russian/custom_localization/DI_RUS_custom_loc_l_russian.yml' and 'localization/russian/custom_localization/DI_custom_loc_l_russian.yml'.
[15:51:04][E][pdx_localize.cpp:279]: Duplicate localization key. Key 'DI_tertiary_character_0' is defined in both 'localization/russian/custom_localization/DI_RUS_custom_loc_l_russian.yml' and 'localization/russian/custom_localization/DI_custom_loc_l_russian.yml'.
[15:51:04][E][pdx_localize.cpp:279]: Duplicate localization key. Key 'DI_tertiary_character_1' is defined in both 'localization/russian/custom_localization/DI_RUS_custom_loc_l_russian.yml' and 'localization/russian/custom_localization/DI_custom_loc_l_russian.yml'.
[15:51:04][E][pdx_localize.cpp:279]: Duplicate localization key. Key 'DI_tertiary_character_2' is defined in both 'localization/russian/custom_localization/DI_RUS_custom_loc_l_russian.yml' and 'localization/russian/custom_localization/DI_custom_loc_l_russian.yml'.
[15:51:04][E][pdx_localize.cpp:279]: Duplicate localization key. Key 'DIAdopt' is defined in both 'localization/russian/custom_localization/DI_RUS_custom_loc_l_russian.yml' and 'localization/russian/custom_localization/DI_custom_loc_l_russian.yml'.
[15:51:04][E][pdx_localize.cpp:279]: Duplicate localization key. Key 'DIAdopts' is defined in both 'localization/russian/custom_localization/DI_RUS_custom_loc_l_russian.yml' and 'localization/russian/custom_localization/DI_custom_loc_l_russian.yml'.
[15:51:04][E][pdx_localize.cpp:279]: Duplicate localization key. Key 'DI_father_check_1' is defined in both 'localization/russian/custom_localization/DI_RUS_custom_loc_l_russian.yml' and 'localization/russian/custom_localization/DI_custom_loc_l_russian.yml'.
[15:51:04][E][pdx_localize.cpp:279]: Duplicate localization key. Key 'DI_father_check_2' is defined in both 'localization/russian/custom_localization/DI_RUS_custom_loc_l_russian.yml' and 'localization/russian/custom_localization/DI_custom_loc_l_russian.yml'.
[15:51:04][E][pdx_localize.cpp:279]: Duplicate localization key. Key 'DI_betrothed_check_1' is defined in both 'localization/russian/custom_localization/DI_RUS_custom_loc_l_russian.yml' and 'localization/russian/custom_localization/DI_custom_loc_l_russian.yml'.
[15:51:04][E][pdx_localize.cpp:279]: Duplicate localization key. Key 'DI_betrothed_check_2' is defined in both 'localization/russian/custom_localization/DI_RUS_custom_loc_l_russian.yml' and 'localization/russian/custom_localization/DI_custom_loc_l_russian.yml'.
[15:51:04][E][pdx_localize.cpp:279]: Duplicate localization key. Key 'DI_choose_primary_character' is defined in both 'localization/russian/custom_localization/DI_RUS_custom_loc_l_russian.yml' and 'localization/russian/custom_localization/DI_custom_loc_l_russian.yml'.
[15:51:04][E][pdx_localize.cpp:279]: Duplicate localization key. Key 'DI_choose_secondary_character' is defined in both 'localization/russian/custom_localization/DI_RUS_custom_loc_l_russian.yml' and 'localization/russian/custom_localization/DI_custom_loc_l_russian.yml'.
[15:51:04][E][pdx_localize.cpp:279]: Duplicate localization key. Key 'DI_choose_tertiary_character' is defined in both 'localization/russian/custom_localization/DI_RUS_custom_loc_l_russian.yml' and 'localization/russian/custom_localization/DI_custom_loc_l_russian.yml'.
[15:51:04][E][pdx_localize.cpp:279]: Duplicate localization key. Key 'DI_choose_primary_and_secondary_characters' is defined in both 'localization/russian/custom_localization/DI_RUS_custom_loc_l_russian.yml' and 'localization/russian/custom_localization/DI_custom_loc_l_russian.yml'.
[15:51:04][E][pdx_localize.cpp:279]: Duplicate localization key. Key 'DI_choose_primary_and_tertiary_characters' is defined in both 'localization/russian/custom_localization/DI_RUS_custom_loc_l_russian.yml' and 'localization/russian/custom_localization/DI_custom_loc_l_russian.yml'.
[15:51:04][E][pdx_localize.cpp:279]: Duplicate localization key. Key 'DI_adoption_triggered_desc_1' is defined in both 'localization/russian/custom_localization/DI_RUS_custom_loc_l_russian.yml' and 'localization/russian/custom_localization/DI_custom_loc_l_russian.yml'.
[15:51:04][E][pdx_localize.cpp:279]: Duplicate localization key. Key 'DI_adoption_triggered_desc_2' is defined in both 'localization/russian/custom_localization/DI_RUS_custom_loc_l_russian.yml' and 'localization/russian/custom_localization/DI_custom_loc_l_russian.yml'.
[15:51:04][E][pdx_localize.cpp:279]: Duplicate localization key. Key 'DI_adoption_triggered_desc_3' is defined in both 'localization/russian/custom_localization/DI_RUS_custom_loc_l_russian.yml' and 'localization/russian/custom_localization/DI_custom_loc_l_russian.yml'.
[15:51:04][E][pdx_localize.cpp:279]: Duplicate localization key. Key 'DI_adoption_triggered_desc_4' is defined in both 'localization/russian/custom_localization/DI_RUS_custom_loc_l_russian.yml' and 'localization/russian/custom_localization/DI_custom_loc_l_russian.yml'.
[15:51:04][E][pdx_localize.cpp:279]: Duplicate localization key. Key 'DI_adoption_triggered_desc_5' is defined in both 'localization/russian/custom_localization/DI_RUS_custom_loc_l_russian.yml' and 'localization/russian/custom_localization/DI_custom_loc_l_russian.yml'.
[15:51:04][E][pdx_localize.cpp:279]: Duplicate localization key. Key 'DI_adoption_house_triggered_desc_1' is defined in both 'localization/russian/custom_localization/DI_RUS_custom_loc_l_russian.yml' and 'localization/russian/custom_localization/DI_custom_loc_l_russian.yml'.
[15:51:04][E][pdx_localize.cpp:279]: Duplicate localization key. Key 'DI_cadet_branch_triggered_desc_1' is defined in both 'localization/russian/custom_localization/DI_RUS_custom_loc_l_russian.yml' and 'localization/russian/custom_localization/DI_custom_loc_l_russian.yml'.
[15:51:04][E][pdx_localize.cpp:279]: Duplicate localization key. Key 'DI_cadet_branch_triggered_desc_2' is defined in both 'localization/russian/custom_localization/DI_RUS_custom_loc_l_russian.yml' and 'localization/russian/custom_localization/DI_custom_loc_l_russian.yml'.
[15:51:04][E][pdx_localize.cpp:279]: Duplicate localization key. Key 'DI_cadet_branch_triggered_desc_3' is defined in both 'localization/russian/custom_localization/DI_RUS_custom_loc_l_russian.yml' and 'localization/russian/custom_localization/DI_custom_loc_l_russian.yml'.
[15:51:04][E][pdx_localize.cpp:279]: Duplicate localization key. Key 'DI_pregnancy_triggered_desc_1' is defined in both 'localization/russian/custom_localization/DI_RUS_custom_loc_l_russian.yml' and 'localization/russian/custom_localization/DI_custom_loc_l_russian.yml'.
[15:51:04][E][pdx_localize.cpp:279]: Duplicate localization key. Key 'DI_pregnancy_triggered_desc_2' is defined in both 'localization/russian/custom_localization/DI_RUS_custom_loc_l_russian.yml' and 'localization/russian/custom_localization/DI_custom_loc_l_russian.yml'.
[15:51:04][E][pdx_localize.cpp:279]: Duplicate localization key. Key 'DI_pregnancy_triggered_desc_3' is defined in both 'localization/russian/custom_localization/DI_RUS_custom_loc_l_russian.yml' and 'localization/russian/custom_localization/DI_custom_loc_l_russian.yml'.
[15:51:04][E][pdx_localize.cpp:279]: Duplicate localization key. Key 'DI_set_real_father_triggered_desc_1' is defined in both 'localization/russian/custom_localization/DI_RUS_custom_loc_l_russian.yml' and 'localization/russian/custom_localization/DI_custom_loc_l_russian.yml'.
[15:51:04][E][pdx_localize.cpp:279]: Duplicate localization key. Key 'DI_set_real_father_triggered_desc_2' is defined in both 'localization/russian/custom_localization/DI_RUS_custom_loc_l_russian.yml' and 'localization/russian/custom_localization/DI_custom_loc_l_russian.yml'.
[15:51:04][E][pdx_localize.cpp:279]: Duplicate localization key. Key 'DI_set_real_father_triggered_desc_3' is defined in both 'localization/russian/custom_localization/DI_RUS_custom_loc_l_russian.yml' and 'localization/russian/custom_localization/DI_custom_loc_l_russian.yml'.
[15:51:04][E][pdx_localize.cpp:279]: Duplicate localization key. Key 'DI_set_father_as_real_father_triggered_desc_1' is defined in both 'localization/russian/custom_localization/DI_RUS_custom_loc_l_russian.yml' and 'localization/russian/custom_localization/DI_custom_loc_l_russian.yml'.
[15:51:04][E][pdx_localize.cpp:279]: Duplicate localization key. Key 'DI_set_father_as_real_father_triggered_desc_2' is defined in both 'localization/russian/custom_localization/DI_RUS_custom_loc_l_russian.yml' and 'localization/russian/custom_localization/DI_custom_loc_l_russian.yml'.
[15:51:04][E][pdx_localize.cpp:279]: Duplicate localization key. Key 'DI_marry_triggered_desc_1' is defined in both 'localization/russian/custom_localization/DI_RUS_custom_loc_l_russian.yml' and 'localization/russian/custom_localization/DI_custom_loc_l_russian.yml'.
[15:51:04][E][pdx_localize.cpp:279]: Duplicate localization key. Key 'DI_marry_triggered_desc_2' is defined in both 'localization/russian/custom_localization/DI_RUS_custom_loc_l_russian.yml' and 'localization/russian/custom_localization/DI_custom_loc_l_russian.yml'.
[15:51:04][E][pdx_localize.cpp:279]: Duplicate localization key. Key 'DI_marry_triggered_desc_3' is defined in both 'localization/russian/custom_localization/DI_RUS_custom_loc_l_russian.yml' and 'localization/russian/custom_localization/DI_custom_loc_l_russian.yml'.
[15:51:04][E][pdx_localize.cpp:279]: Duplicate localization key. Key 'DI_add_concubine_triggered_desc_1' is defined in both 'localization/russian/custom_localization/DI_RUS_custom_loc_l_russian.yml' and 'localization/russian/custom_localization/DI_custom_loc_l_russian.yml'.
[15:51:04][E][pdx_localize.cpp:279]: Duplicate localization key. Key 'DI_add_concubine_triggered_desc_2' is defined in both 'localization/russian/custom_localization/DI_RUS_custom_loc_l_russian.yml' and 'localization/russian/custom_localization/DI_custom_loc_l_russian.yml'.
[15:51:04][E][pdx_localize.cpp:279]: Duplicate localization key. Key 'DI_add_concubine_triggered_desc_3' is defined in both 'localization/russian/custom_localization/DI_RUS_custom_loc_l_russian.yml' and 'localization/russian/custom_localization/DI_custom_loc_l_russian.yml'.
[15:51:04][E][pdx_localize.cpp:279]: Duplicate localization key. Key 'DI_add_concubine_triggered_desc_4' is defined in both 'localization/russian/custom_localization/DI_RUS_custom_loc_l_russian.yml' and 'localization/russian/custom_localization/DI_custom_loc_l_russian.yml'.
[15:51:04][E][pdx_localize.cpp:279]: Duplicate localization key. Key 'DI_add_concubine_triggered_desc_5' is defined in both 'localization/russian/custom_localization/DI_RUS_custom_loc_l_russian.yml' and 'localization/russian/custom_localization/DI_custom_loc_l_russian.yml'.
[15:51:04][E][pdx_localize.cpp:279]: Duplicate localization key. Key 'DI_remove_concubine_triggered_desc_1' is defined in both 'localization/russian/custom_localization/DI_RUS_custom_loc_l_russian.yml' and 'localization/russian/custom_localization/DI_custom_loc_l_russian.yml'.
[15:51:04][E][pdx_localize.cpp:279]: Duplicate localization key. Key 'DI_betrothal_triggered_desc_1' is defined in both 'localization/russian/custom_localization/DI_RUS_custom_loc_l_russian.yml' and 'localization/russian/custom_localization/DI_custom_loc_l_russian.yml'.
[15:51:04][E][pdx_localize.cpp:279]: Duplicate localization key. Key 'DI_betrothal_triggered_desc_2' is defined in both 'localization/russian/custom_localization/DI_RUS_custom_loc_l_russian.yml' and 'localization/russian/custom_localization/DI_custom_loc_l_russian.yml'.
[15:51:04][E][pdx_localize.cpp:279]: Duplicate localization key. Key 'DI_break_betrothal_triggered_desc_1' is defined in both 'localization/russian/custom_localization/DI_RUS_custom_loc_l_russian.yml' and 'localization/russian/custom_localization/DI_custom_loc_l_russian.yml'.
[15:51:04][E][pdx_localize.cpp:279]: Duplicate localization key. Key 'DI_divorce_triggered_desc_1' is defined in both 'localization/russian/custom_localization/DI_RUS_custom_loc_l_russian.yml' and 'localization/russian/custom_localization/DI_custom_loc_l_russian.yml'.
[15:51:04][E][pdx_localize.cpp:279]: Duplicate localization key. Key 'DI_make_siblings_triggered_desc_1' is defined in both 'localization/russian/custom_localization/DI_RUS_custom_loc_l_russian.yml' and 'localization/russian/custom_localization/DI_custom_loc_l_russian.yml'.
[15:51:04][E][pdx_localize.cpp:279]: Duplicate localization key. Key 'DI_make_siblings_triggered_desc_2' is defined in both 'localization/russian/custom_localization/DI_RUS_custom_loc_l_russian.yml' and 'localization/russian/custom_localization/DI_custom_loc_l_russian.yml'.
[15:51:04][E][pdx_localize.cpp:279]: Duplicate localization key. Key 'DI_make_siblings_triggered_desc_3' is defined in both 'localization/russian/custom_localization/DI_RUS_custom_loc_l_russian.yml' and 'localization/russian/custom_localization/DI_custom_loc_l_russian.yml'.
[15:51:05][E][pdx_localize.cpp:279]: Duplicate localization key. Key 'DI_button_tt' is defined in both 'localization/russian/gui/DI_RUS_l_russian.yml' and 'localization/russian/gui/DI_l_russian.yml'.
[15:51:05][E][pdx_localize.cpp:279]: Duplicate localization key. Key 'DI_VIEW_TITLE' is defined in both 'localization/russian/gui/DI_RUS_l_russian.yml' and 'localization/russian/gui/DI_l_russian.yml'.
[15:51:05][E][pdx_localize.cpp:279]: Duplicate localization key. Key 'DI_loading' is defined in both 'localization/russian/gui/DI_RUS_l_russian.yml' and 'localization/russian/gui/DI_l_russian.yml'.
[15:51:05][E][pdx_localize.cpp:279]: Duplicate localization key. Key 'DI_char_editor_tt' is defined in both 'localization/russian/gui/DI_RUS_l_russian.yml' and 'localization/russian/gui/DI_l_russian.yml'.
[15:51:05][E][pdx_localize.cpp:279]: Duplicate localization key. Key 'DI_pinned_characters_tt' is defined in both 'localization/russian/gui/DI_RUS_l_russian.yml' and 'localization/russian/gui/DI_l_russian.yml'.
[15:51:05][E][pdx_localize.cpp:279]: Duplicate localization key. Key 'DI_char_spawner_tt' is defined in both 'localization/russian/gui/DI_RUS_l_russian.yml' and 'localization/russian/gui/DI_l_russian.yml'.
[15:51:05][E][pdx_localize.cpp:279]: Duplicate localization key. Key 'DI_army_spawner_tt' is defined in both 'localization/russian/gui/DI_RUS_l_russian.yml' and 'localization/russian/gui/DI_l_russian.yml'.
[15:51:05][E][pdx_localize.cpp:279]: Duplicate localization key. Key 'DI_diplomacy_tt' is defined in both 'localization/russian/gui/DI_RUS_l_russian.yml' and 'localization/russian/gui/DI_l_russian.yml'.
[15:51:05][E][pdx_localize.cpp:279]: Duplicate localization key. Key 'DI_artifact_creator_tt' is defined in both 'localization/russian/gui/DI_RUS_l_russian.yml' and 'localization/russian/gui/DI_l_russian.yml'.
[15:51:05][E][pdx_localize.cpp:279]: Duplicate localization key. Key 'DI_cultural_editor_window' is defined in both 'localization/russian/gui/DI_RUS_l_russian.yml' and 'localization/russian/gui/DI_l_russian.yml'.
[15:51:05][E][pdx_localize.cpp:279]: Duplicate localization key. Key 'DI_cultural_editor_window_tt' is defined in both 'localization/russian/gui/DI_RUS_l_russian.yml' and 'localization/russian/gui/DI_l_russian.yml'.
[15:51:05][E][pdx_localize.cpp:279]: Duplicate localization key. Key 'DI_faith_editor_window' is defined in both 'localization/russian/gui/DI_RUS_l_russian.yml' and 'localization/russian/gui/DI_l_russian.yml'.
[15:51:05][E][pdx_localize.cpp:279]: Duplicate localization key. Key 'DI_faith_editor_window_tt' is defined in both 'localization/russian/gui/DI_RUS_l_russian.yml' and 'localization/russian/gui/DI_l_russian.yml'.
[15:51:05][E][pdx_localize.cpp:279]: Duplicate localization key. Key 'DI_debug_mode' is defined in both 'localization/russian/gui/DI_RUS_l_russian.yml' and 'localization/russian/gui/DI_l_russian.yml'.
[15:51:05][E][pdx_localize.cpp:279]: Duplicate localization key. Key 'DI_debug_mode_tt' is defined in both 'localization/russian/gui/DI_RUS_l_russian.yml' and 'localization/russian/gui/DI_l_russian.yml'.
[15:51:05][E][pdx_localize.cpp:279]: Duplicate localization key. Key 'DI_clear_pins' is defined in both 'localization/russian/gui/DI_RUS_l_russian.yml' and 'localization/russian/gui/DI_l_russian.yml'.
[15:51:05][E][pdx_localize.cpp:279]: Duplicate localization key. Key 'DI_clear_pins_tt' is defined in both 'localization/russian/gui/DI_RUS_l_russian.yml' and 'localization/russian/gui/DI_l_russian.yml'.
[15:51:05][E][pdx_localize.cpp:279]: Duplicate localization key. Key 'DI_test_button' is defined in both 'localization/russian/gui/DI_RUS_l_russian.yml' and 'localization/russian/gui/DI_l_russian.yml'.
[15:51:05][E][pdx_localize.cpp:279]: Duplicate localization key. Key 'DI_test_button_tt' is defined in both 'localization/russian/gui/DI_RUS_l_russian.yml' and 'localization/russian/gui/DI_l_russian.yml'.
[15:51:05][E][pdx_localize.cpp:279]: Duplicate localization key. Key 'DI_char_editor' is defined in both 'localization/russian/gui/DI_RUS_l_russian.yml' and 'localization/russian/gui/DI_l_russian.yml'.
[15:51:05][E][pdx_localize.cpp:279]: Duplicate localization key. Key 'DI_tab_presents' is defined in both 'localization/russian/gui/DI_RUS_l_russian.yml' and 'localization/russian/gui/DI_l_russian.yml'.
[15:51:05][E][pdx_localize.cpp:279]: Duplicate localization key. Key 'DI_tab_skills' is defined in both 'localization/russian/gui/DI_RUS_l_russian.yml' and 'localization/russian/gui/DI_l_russian.yml'.
[15:51:05][E][pdx_localize.cpp:279]: Duplicate localization key. Key 'DI_tab_perk_points' is defined in both 'localization/russian/gui/DI_RUS_l_russian.yml' and 'localization/russian/gui/DI_l_russian.yml'.
[15:51:05][E][pdx_localize.cpp:279]: Duplicate localization key. Key 'DI_tab_modifiers' is defined in both 'localization/russian/gui/DI_RUS_l_russian.yml' and 'localization/russian/gui/DI_l_russian.yml'.
[15:51:05][E][pdx_localize.cpp:279]: Duplicate localization key. Key 'DI_tab_traits' is defined in both 'localization/russian/gui/DI_RUS_l_russian.yml' and 'localization/russian/gui/DI_l_russian.yml'.
[15:51:05][E][pdx_localize.cpp:279]: Duplicate localization key. Key 'DI_tab_sexuality' is defined in both 'localization/russian/gui/DI_RUS_l_russian.yml' and 'localization/russian/gui/DI_l_russian.yml'.
[15:51:05][E][pdx_localize.cpp:279]: Duplicate localization key. Key 'DI_tab_culture' is defined in both 'localization/russian/gui/DI_RUS_l_russian.yml' and 'localization/russian/gui/DI_l_russian.yml'.
[15:51:05][E][pdx_localize.cpp:279]: Duplicate localization key. Key 'DI_tab_religion' is defined in both 'localization/russian/gui/DI_RUS_l_russian.yml' and 'localization/russian/gui/DI_l_russian.yml'.
[15:51:05][E][pdx_localize.cpp:279]: Duplicate localization key. Key 'DI_present_char_editor' is defined in both 'localization/russian/gui/DI_RUS_l_russian.yml' and 'localization/russian/gui/DI_l_russian.yml'.
[15:51:05][E][pdx_localize.cpp:279]: Duplicate localization key. Key 'DI_present_char_editor_TT' is defined in both 'localization/russian/gui/DI_RUS_l_russian.yml' and 'localization/russian/gui/DI_l_russian.yml'.
[15:51:05][E][pdx_localize.cpp:279]: Duplicate localization key. Key 'DI_skill_char_editor' is defined in both 'localization/russian/gui/DI_RUS_l_russian.yml' and 'localization/russian/gui/DI_l_russian.yml'.
[15:51:05][E][pdx_localize.cpp:279]: Duplicate localization key. Key 'DI_skill_char_editor_TT' is defined in both 'localization/russian/gui/DI_RUS_l_russian.yml' and 'localization/russian/gui/DI_l_russian.yml'.
[15:51:05][E][pdx_localize.cpp:279]: Duplicate localization key. Key 'DI_perk_point_char_editor' is defined in both 'localization/russian/gui/DI_RUS_l_russian.yml' and 'localization/russian/gui/DI_l_russian.yml'.
[15:51:05][E][pdx_localize.cpp:279]: Duplicate localization key. Key 'DI_modifiers_char_editor' is defined in both 'localization/russian/gui/DI_RUS_l_russian.yml' and 'localization/russian/gui/DI_l_russian.yml'.
[15:51:05][E][pdx_localize.cpp:279]: Duplicate localization key. Key 'DI_modifiers_char_editor_TT' is defined in both 'localization/russian/gui/DI_RUS_l_russian.yml' and 'localization/russian/gui/DI_l_russian.yml'.
[15:51:05][E][pdx_localize.cpp:279]: Duplicate localization key. Key 'DI_traits_char_editor' is defined in both 'localization/russian/gui/DI_RUS_l_russian.yml' and 'localization/russian/gui/DI_l_russian.yml'.
[15:51:05][E][pdx_localize.cpp:279]: Duplicate localization key. Key 'DI_traits_char_editor_TT' is defined in both 'localization/russian/gui/DI_RUS_l_russian.yml' and 'localization/russian/gui/DI_l_russian.yml'.
[15:51:05][E][pdx_localize.cpp:279]: Duplicate localization key. Key 'DI_clear_all_traits' is defined in both 'localization/russian/gui/DI_RUS_l_russian.yml' and 'localization/russian/gui/DI_l_russian.yml'.
[15:51:05][E][pdx_localize.cpp:279]: Duplicate localization key. Key 'DI_sexuality_char_editor' is defined in both 'localization/russian/gui/DI_RUS_l_russian.yml' and 'localization/russian/gui/DI_l_russian.yml'.
[15:51:05][E][pdx_localize.cpp:279]: Duplicate localization key. Key 'DI_sexuality_char_editor_TT' is defined in both 'localization/russian/gui/DI_RUS_l_russian.yml' and 'localization/russian/gui/DI_l_russian.yml'.
[15:51:05][E][pdx_localize.cpp:279]: Duplicate localization key. Key 'DI_culture_group_char_editor' is defined in both 'localization/russian/gui/DI_RUS_l_russian.yml' and 'localization/russian/gui/DI_l_russian.yml'.
[15:51:05][E][pdx_localize.cpp:279]: Duplicate localization key. Key 'DI_culture_group_char_editor_TT' is defined in both 'localization/russian/gui/DI_RUS_l_russian.yml' and 'localization/russian/gui/DI_l_russian.yml'.
[15:51:05][E][pdx_localize.cpp:279]: Duplicate localization key. Key 'DI_religion_group_char_editor' is defined in both 'localization/russian/gui/DI_RUS_l_russian.yml' and 'localization/russian/gui/DI_l_russian.yml'.
[15:51:05][E][pdx_localize.cpp:279]: Duplicate localization key. Key 'DI_religion_group_char_editor_TT' is defined in both 'localization/russian/gui/DI_RUS_l_russian.yml' and 'localization/russian/gui/DI_l_russian.yml'.
[15:51:05][E][pdx_localize.cpp:279]: Duplicate localization key. Key 'DI_char_editor_present' is defined in both 'localization/russian/gui/DI_RUS_l_russian.yml' and 'localization/russian/gui/DI_l_russian.yml'.
[15:51:05][E][pdx_localize.cpp:279]: Duplicate localization key. Key 'DI_tab_lifestyle' is defined in both 'localization/russian/gui/DI_RUS_l_russian.yml' and 'localization/russian/gui/DI_l_russian.yml'.
[15:51:05][E][pdx_localize.cpp:279]: Duplicate localization key. Key 'DI_tab_health' is defined in both 'localization/russian/gui/DI_RUS_l_russian.yml' and 'localization/russian/gui/DI_l_russian.yml'.
[15:51:05][E][pdx_localize.cpp:279]: Duplicate localization key. Key 'DI_tab_innovations' is defined in both 'localization/russian/gui/DI_RUS_l_russian.yml' and 'localization/russian/gui/DI_l_russian.yml'.
[15:51:05][E][pdx_localize.cpp:279]: Duplicate localization key. Key 'DI_tab_laws' is defined in both 'localization/russian/gui/DI_RUS_l_russian.yml' and 'localization/russian/gui/DI_l_russian.yml'.
[15:51:05][E][pdx_localize.cpp:279]: Duplicate localization key. Key 'DI_generic_window_choose' is defined in both 'localization/russian/gui/DI_RUS_l_russian.yml' and 'localization/russian/gui/DI_l_russian.yml'.
[15:51:05][E][pdx_localize.cpp:279]: Duplicate localization key. Key 'DI_choose_present' is defined in both 'localization/russian/gui/DI_RUS_l_russian.yml' and 'localization/russian/gui/DI_l_russian.yml'.
[15:51:05][E][pdx_localize.cpp:279]: Duplicate localization key. Key 'DI_present_lifestyle' is defined in both 'localization/russian/gui/DI_RUS_l_russian.yml' and 'localization/russian/gui/DI_l_russian.yml'.
[15:51:05][E][pdx_localize.cpp:279]: Duplicate localization key. Key 'DI_present_lifestyle_TT' is defined in both 'localization/russian/gui/DI_RUS_l_russian.yml' and 'localization/russian/gui/DI_l_russian.yml'.
[15:51:05][E][pdx_localize.cpp:279]: Duplicate localization key. Key 'DI_present_health' is defined in both 'localization/russian/gui/DI_RUS_l_russian.yml' and 'localization/russian/gui/DI_l_russian.yml'.
[15:51:05][E][pdx_localize.cpp:279]: Duplicate localization key. Key 'DI_present_health_TT' is defined in both 'localization/russian/gui/DI_RUS_l_russian.yml' and 'localization/russian/gui/DI_l_russian.yml'.
[15:51:05][E][pdx_localize.cpp:279]: Duplicate localization key. Key 'DI_present_traits' is defined in both 'localization/russian/gui/DI_RUS_l_russian.yml' and 'localization/russian/gui/DI_l_russian.yml'.
[15:51:05][E][pdx_localize.cpp:279]: Duplicate localization key. Key 'DI_present_traits_TT' is defined in both 'localization/russian/gui/DI_RUS_l_russian.yml' and 'localization/russian/gui/DI_l_russian.yml'.
[15:51:05][E][pdx_localize.cpp:279]: Duplicate localization key. Key 'DI_present_laws' is defined in both 'localization/russian/gui/DI_RUS_l_russian.yml' and 'localization/russian/gui/DI_l_russian.yml'.
[15:51:05][E][pdx_localize.cpp:279]: Duplicate localization key. Key 'DI_present_laws_TT' is defined in both 'localization/russian/gui/DI_RUS_l_russian.yml' and 'localization/russian/gui/DI_l_russian.yml'.
[15:51:05][E][pdx_localize.cpp:279]: Duplicate localization key. Key 'DI_ce_eliminate_health_issues_button' is defined in both 'localization/russian/gui/DI_RUS_l_russian.yml' and 'localization/russian/gui/DI_l_russian.yml'.
[15:51:05][E][pdx_localize.cpp:279]: Duplicate localization key. Key 'DI_ce_eliminate_health_issues_button_tt' is defined in both 'localization/russian/gui/DI_RUS_l_russian.yml' and 'localization/russian/gui/DI_l_russian.yml'.
[15:51:05][E][pdx_localize.cpp:279]: Duplicate localization key. Key 'DI_ce_good_genes_button' is defined in both 'localization/russian/gui/DI_RUS_l_russian.yml' and 'localization/russian/gui/DI_l_russian.yml'.
[15:51:05][E][pdx_localize.cpp:279]: Duplicate localization key. Key 'DI_ce_good_genes_button_tt' is defined in both 'localization/russian/gui/DI_RUS_l_russian.yml' and 'localization/russian/gui/DI_l_russian.yml'.
[15:51:05][E][pdx_localize.cpp:279]: Duplicate localization key. Key 'DI_ce_bad_genes_button' is defined in both 'localization/russian/gui/DI_RUS_l_russian.yml' and 'localization/russian/gui/DI_l_russian.yml'.
[15:51:05][E][pdx_localize.cpp:279]: Duplicate localization key. Key 'DI_ce_bad_genes_button_tt' is defined in both 'localization/russian/gui/DI_RUS_l_russian.yml' and 'localization/russian/gui/DI_l_russian.yml'.
[15:51:05][E][pdx_localize.cpp:279]: Duplicate localization key. Key 'DI_ce_lock_stress_button' is defined in both 'localization/russian/gui/DI_RUS_l_russian.yml' and 'localization/russian/gui/DI_l_russian.yml'.
[15:51:05][E][pdx_localize.cpp:279]: Duplicate localization key. Key 'DI_ce_lock_stress_button_tt' is defined in both 'localization/russian/gui/DI_RUS_l_russian.yml' and 'localization/russian/gui/DI_l_russian.yml'.
[15:51:05][E][pdx_localize.cpp:279]: Duplicate localization key. Key 'DI_ce_lock_tyranny_button' is defined in both 'localization/russian/gui/DI_RUS_l_russian.yml' and 'localization/russian/gui/DI_l_russian.yml'.
[15:51:05][E][pdx_localize.cpp:279]: Duplicate localization key. Key 'DI_ce_lock_tyranny_button_tt' is defined in both 'localization/russian/gui/DI_RUS_l_russian.yml' and 'localization/russian/gui/DI_l_russian.yml'.
[15:51:05][E][pdx_localize.cpp:279]: Duplicate localization key. Key 'DI_ce_lock_dread_button' is defined in both 'localization/russian/gui/DI_RUS_l_russian.yml' and 'localization/russian/gui/DI_l_russian.yml'.
[15:51:05][E][pdx_localize.cpp:279]: Duplicate localization key. Key 'DI_ce_lock_dread_button_tt' is defined in both 'localization/russian/gui/DI_RUS_l_russian.yml' and 'localization/russian/gui/DI_l_russian.yml'.
[15:51:05][E][pdx_localize.cpp:279]: Duplicate localization key. Key 'DI_present_health_eliminate_issues' is defined in both 'localization/russian/gui/DI_RUS_l_russian.yml' and 'localization/russian/gui/DI_l_russian.yml'.
[15:51:05][E][pdx_localize.cpp:279]: Duplicate localization key. Key 'DI_present_health_eliminate_issues_TT' is defined in both 'localization/russian/gui/DI_RUS_l_russian.yml' and 'localization/russian/gui/DI_l_russian.yml'.
[15:51:05][E][pdx_localize.cpp:279]: Duplicate localization key. Key 'DI_present_health_good_genes' is defined in both 'localization/russian/gui/DI_RUS_l_russian.yml' and 'localization/russian/gui/DI_l_russian.yml'.
[15:51:05][E][pdx_localize.cpp:279]: Duplicate localization key. Key 'DI_present_health_good_genes_TT' is defined in both 'localization/russian/gui/DI_RUS_l_russian.yml' and 'localization/russian/gui/DI_l_russian.yml'.
[15:51:05][E][pdx_localize.cpp:279]: Duplicate localization key. Key 'DI_present_health_bad_genes' is defined in both 'localization/russian/gui/DI_RUS_l_russian.yml' and 'localization/russian/gui/DI_l_russian.yml'.
[15:51:05][E][pdx_localize.cpp:279]: Duplicate localization key. Key 'DI_present_health_bad_genes_TT' is defined in both 'localization/russian/gui/DI_RUS_l_russian.yml' and 'localization/russian/gui/DI_l_russian.yml'.
[15:51:05][E][pdx_localize.cpp:279]: Duplicate localization key. Key 'DI_present_health_no_stress_change' is defined in both 'localization/russian/gui/DI_RUS_l_russian.yml' and 'localization/russian/gui/DI_l_russian.yml'.
[15:51:05][E][pdx_localize.cpp:279]: Duplicate localization key. Key 'DI_present_health_no_stress_change_TT' is defined in both 'localization/russian/gui/DI_RUS_l_russian.yml' and 'localization/russian/gui/DI_l_russian.yml'.
[15:51:05][E][pdx_localize.cpp:279]: Duplicate localization key. Key 'DI_present_health_no_tyranny_change' is defined in both 'localization/russian/gui/DI_RUS_l_russian.yml' and 'localization/russian/gui/DI_l_russian.yml'.
[15:51:05][E][pdx_localize.cpp:279]: Duplicate localization key. Key 'DI_present_health_no_tyranny_change_TT' is defined in both 'localization/russian/gui/DI_RUS_l_russian.yml' and 'localization/russian/gui/DI_l_russian.yml'.
[15:51:05][E][pdx_localize.cpp:279]: Duplicate localization key. Key 'DI_present_health_no_dread_change' is defined in both 'localization/russian/gui/DI_RUS_l_russian.yml' and 'localization/russian/gui/DI_l_russian.yml'.
[15:51:05][E][pdx_localize.cpp:279]: Duplicate localization key. Key 'DI_present_health_no_dread_change_TT' is defined in both 'localization/russian/gui/DI_RUS_l_russian.yml' and 'localization/russian/gui/DI_l_russian.yml'.
[15:51:05][E][pdx_localize.cpp:279]: Duplicate localization key. Key 'DI_ce_randomize_personality_button' is defined in both 'localization/russian/gui/DI_RUS_l_russian.yml' and 'localization/russian/gui/DI_l_russian.yml'.
[15:51:05][E][pdx_localize.cpp:279]: Duplicate localization key. Key 'DI_ce_randomize_personality_button_tt' is defined in both 'localization/russian/gui/DI_RUS_l_russian.yml' and 'localization/russian/gui/DI_l_russian.yml'.
[15:51:05][E][pdx_localize.cpp:279]: Duplicate localization key. Key 'DI_ce_special_traits_button' is defined in both 'localization/russian/gui/DI_RUS_l_russian.yml' and 'localization/russian/gui/DI_l_russian.yml'.
[15:51:05][E][pdx_localize.cpp:279]: Duplicate localization key. Key 'DI_ce_special_traits_button_tt' is defined in both 'localization/russian/gui/DI_RUS_l_russian.yml' and 'localization/russian/gui/DI_l_russian.yml'.
[15:51:05][E][pdx_localize.cpp:279]: Duplicate localization key. Key 'DI_ce_commander_traits_button' is defined in both 'localization/russian/gui/DI_RUS_l_russian.yml' and 'localization/russian/gui/DI_l_russian.yml'.
[15:51:05][E][pdx_localize.cpp:279]: Duplicate localization key. Key 'DI_ce_commander_traits_button_tt' is defined in both 'localization/russian/gui/DI_RUS_l_russian.yml' and 'localization/russian/gui/DI_l_russian.yml'.
[15:51:05][E][pdx_localize.cpp:279]: Duplicate localization key. Key 'DI_ce_education_traits_button' is defined in both 'localization/russian/gui/DI_RUS_l_russian.yml' and 'localization/russian/gui/DI_l_russian.yml'.
[15:51:05][E][pdx_localize.cpp:279]: Duplicate localization key. Key 'DI_ce_education_traits_button_tt' is defined in both 'localization/russian/gui/DI_RUS_l_russian.yml' and 'localization/russian/gui/DI_l_russian.yml'.
[15:51:05][E][pdx_localize.cpp:279]: Duplicate localization key. Key 'DI_ce_boost_education_button' is defined in both 'localization/russian/gui/DI_RUS_l_russian.yml' and 'localization/russian/gui/DI_l_russian.yml'.
[15:51:05][E][pdx_localize.cpp:279]: Duplicate localization key. Key 'DI_ce_boost_education_button_tt' is defined in both 'localization/russian/gui/DI_RUS_l_russian.yml' and 'localization/russian/gui/DI_l_russian.yml'.
[15:51:05][E][pdx_localize.cpp:279]: Duplicate localization key. Key 'DI_ce_aggressive_traits_button' is defined in both 'localization/russian/gui/DI_RUS_l_russian.yml' and 'localization/russian/gui/DI_l_russian.yml'.
[15:51:05][E][pdx_localize.cpp:279]: Duplicate localization key. Key 'DI_ce_aggressive_traits_button_tt' is defined in both 'localization/russian/gui/DI_RUS_l_russian.yml' and 'localization/russian/gui/DI_l_russian.yml'.
[15:51:05][E][pdx_localize.cpp:279]: Duplicate localization key. Key 'DI_ce_timid_traits_button' is defined in both 'localization/russian/gui/DI_RUS_l_russian.yml' and 'localization/russian/gui/DI_l_russian.yml'.
[15:51:05][E][pdx_localize.cpp:279]: Duplicate localization key. Key 'DI_ce_timid_traits_button_tt' is defined in both 'localization/russian/gui/DI_RUS_l_russian.yml' and 'localization/russian/gui/DI_l_russian.yml'.
[15:51:05][E][pdx_localize.cpp:279]: Duplicate localization key. Key 'DI_ce_correct_personality_button' is defined in both 'localization/russian/gui/DI_RUS_l_russian.yml' and 'localization/russian/gui/DI_l_russian.yml'.
[15:51:05][E][pdx_localize.cpp:279]: Duplicate localization key. Key 'DI_ce_correct_personality_button_tt' is defined in both 'localization/russian/gui/DI_RUS_l_russian.yml' and 'localization/russian/gui/DI_l_russian.yml'.
[15:51:05][E][pdx_localize.cpp:279]: Duplicate localization key. Key 'DI_ce_giant_traits_button' is defined in both 'localization/russian/gui/DI_RUS_l_russian.yml' and 'localization/russian/gui/DI_l_russian.yml'.
[15:51:05][E][pdx_localize.cpp:279]: Duplicate localization key. Key 'DI_ce_giant_traits_button_tt' is defined in both 'localization/russian/gui/DI_RUS_l_russian.yml' and 'localization/russian/gui/DI_l_russian.yml'.
[15:51:05][E][pdx_localize.cpp:279]: Duplicate localization key. Key 'DI_ce_dwarf_traits_button' is defined in both 'localization/russian/gui/DI_RUS_l_russian.yml' and 'localization/russian/gui/DI_l_russian.yml'.
[15:51:05][E][pdx_localize.cpp:279]: Duplicate localization key. Key 'DI_ce_dwarf_traits_button_tt' is defined in both 'localization/russian/gui/DI_RUS_l_russian.yml' and 'localization/russian/gui/DI_l_russian.yml'.
[15:51:05][E][pdx_localize.cpp:279]: Duplicate localization key. Key 'DI_ce_albino_traits_button' is defined in both 'localization/russian/gui/DI_RUS_l_russian.yml' and 'localization/russian/gui/DI_l_russian.yml'.
[15:51:05][E][pdx_localize.cpp:279]: Duplicate localization key. Key 'DI_ce_albino_traits_button_tt' is defined in both 'localization/russian/gui/DI_RUS_l_russian.yml' and 'localization/russian/gui/DI_l_russian.yml'.
[15:51:05][E][pdx_localize.cpp:279]: Duplicate localization key. Key 'DI_present_traits_randomize' is defined in both 'localization/russian/gui/DI_RUS_l_russian.yml' and 'localization/russian/gui/DI_l_russian.yml'.
[15:51:05][E][pdx_localize.cpp:279]: Duplicate localization key. Key 'DI_present_traits_randomize_TT' is defined in both 'localization/russian/gui/DI_RUS_l_russian.yml' and 'localization/russian/gui/DI_l_russian.yml'.
[15:51:05][E][pdx_localize.cpp:279]: Duplicate localization key. Key 'DI_present_traits_special' is defined in both 'localization/russian/gui/DI_RUS_l_russian.yml' and 'localization/russian/gui/DI_l_russian.yml'.
[15:51:05][E][pdx_localize.cpp:279]: Duplicate localization key. Key 'DI_present_traits_special_TT' is defined in both 'localization/russian/gui/DI_RUS_l_russian.yml' and 'localization/russian/gui/DI_l_russian.yml'.
[15:51:05][E][pdx_localize.cpp:279]: Duplicate localization key. Key 'DI_present_traits_commander' is defined in both 'localization/russian/gui/DI_RUS_l_russian.yml' and 'localization/russian/gui/DI_l_russian.yml'.
[15:51:05][E][pdx_localize.cpp:279]: Duplicate localization key. Key 'DI_present_traits_commander_TT' is defined in both 'localization/russian/gui/DI_RUS_l_russian.yml' and 'localization/russian/gui/DI_l_russian.yml'.
[15:51:05][E][pdx_localize.cpp:279]: Duplicate localization key. Key 'DI_present_traits_giant' is defined in both 'localization/russian/gui/DI_RUS_l_russian.yml' and 'localization/russian/gui/DI_l_russian.yml'.
[15:51:05][E][pdx_localize.cpp:279]: Duplicate localization key. Key 'DI_present_traits_giant_TT' is defined in both 'localization/russian/gui/DI_RUS_l_russian.yml' and 'localization/russian/gui/DI_l_russian.yml'.
[15:51:05][E][pdx_localize.cpp:279]: Duplicate localization key. Key 'DI_present_traits_midget' is defined in both 'localization/russian/gui/DI_RUS_l_russian.yml' and 'localization/russian/gui/DI_l_russian.yml'.
[15:51:05][E][pdx_localize.cpp:279]: Duplicate localization key. Key 'DI_present_traits_midget_TT' is defined in both 'localization/russian/gui/DI_RUS_l_russian.yml' and 'localization/russian/gui/DI_l_russian.yml'.
[15:51:05][E][pdx_localize.cpp:279]: Duplicate localization key. Key 'DI_present_traits_ghostly' is defined in both 'localization/russian/gui/DI_RUS_l_russian.yml' and 'localization/russian/gui/DI_l_russian.yml'.
[15:51:05][E][pdx_localize.cpp:279]: Duplicate localization key. Key 'DI_present_traits_ghostly_TT' is defined in both 'localization/russian/gui/DI_RUS_l_russian.yml' and 'localization/russian/gui/DI_l_russian.yml'.
[15:51:05][E][pdx_localize.cpp:279]: Duplicate localization key. Key 'DI_ce_gender_equality_button' is defined in both 'localization/russian/gui/DI_RUS_l_russian.yml' and 'localization/russian/gui/DI_l_russian.yml'.
[15:51:05][E][pdx_localize.cpp:279]: Duplicate localization key. Key 'DI_ce_gender_equality_button_tt' is defined in both 'localization/russian/gui/DI_RUS_l_russian.yml' and 'localization/russian/gui/DI_l_russian.yml'.
[15:51:05][E][pdx_localize.cpp:279]: Duplicate localization key. Key 'DI_ce_inverse_genders_button' is defined in both 'localization/russian/gui/DI_RUS_l_russian.yml' and 'localization/russian/gui/DI_l_russian.yml'.
[15:51:05][E][pdx_localize.cpp:279]: Duplicate localization key. Key 'DI_ce_inverse_genders_button_tt' is defined in both 'localization/russian/gui/DI_RUS_l_russian.yml' and 'localization/russian/gui/DI_l_russian.yml'.
[15:51:05][E][pdx_localize.cpp:279]: Duplicate localization key. Key 'DI_ce_female_dominated_button' is defined in both 'localization/russian/gui/DI_RUS_l_russian.yml' and 'localization/russian/gui/DI_l_russian.yml'.
[15:51:05][E][pdx_localize.cpp:279]: Duplicate localization key. Key 'DI_ce_female_dominated_button_tt' is defined in both 'localization/russian/gui/DI_RUS_l_russian.yml' and 'localization/russian/gui/DI_l_russian.yml'.
[15:51:05][E][pdx_localize.cpp:279]: Duplicate localization key. Key 'DI_ce_male_dominated_button' is defined in both 'localization/russian/gui/DI_RUS_l_russian.yml' and 'localization/russian/gui/DI_l_russian.yml'.
[15:51:05][E][pdx_localize.cpp:279]: Duplicate localization key. Key 'DI_ce_male_dominated_button_tt' is defined in both 'localization/russian/gui/DI_RUS_l_russian.yml' and 'localization/russian/gui/DI_l_russian.yml'.
[15:51:05][E][pdx_localize.cpp:279]: Duplicate localization key. Key 'DI_ce_temporal_hof_button' is defined in both 'localization/russian/gui/DI_RUS_l_russian.yml' and 'localization/russian/gui/DI_l_russian.yml'.
[15:51:05][E][pdx_localize.cpp:279]: Duplicate localization key. Key 'DI_ce_temporal_hof_button_tt' is defined in both 'localization/russian/gui/DI_RUS_l_russian.yml' and 'localization/russian/gui/DI_l_russian.yml'.
[15:51:05][E][pdx_localize.cpp:279]: Duplicate localization key. Key 'DI_present_laws_gender_equality' is defined in both 'localization/russian/gui/DI_RUS_l_russian.yml' and 'localization/russian/gui/DI_l_russian.yml'.
[15:51:05][E][pdx_localize.cpp:279]: Duplicate localization key. Key 'DI_present_laws_gender_equality_TT' is defined in both 'localization/russian/gui/DI_RUS_l_russian.yml' and 'localization/russian/gui/DI_l_russian.yml'.
[15:51:05][E][pdx_localize.cpp:279]: Duplicate localization key. Key 'DI_present_laws_gender_inverse' is defined in both 'localization/russian/gui/DI_RUS_l_russian.yml' and 'localization/russian/gui/DI_l_russian.yml'.
[15:51:05][E][pdx_localize.cpp:279]: Duplicate localization key. Key 'DI_present_laws_gender_inverse_TT' is defined in both 'localization/russian/gui/DI_RUS_l_russian.yml' and 'localization/russian/gui/DI_l_russian.yml'.
[15:51:05][E][pdx_localize.cpp:279]: Duplicate localization key. Key 'DI_present_laws_gender_female_dominated' is defined in both 'localization/russian/gui/DI_RUS_l_russian.yml' and 'localization/russian/gui/DI_l_russian.yml'.
[15:51:05][E][pdx_localize.cpp:279]: Duplicate localization key. Key 'DI_present_laws_gender_female_dominated_TT' is defined in both 'localization/russian/gui/DI_RUS_l_russian.yml' and 'localization/russian/gui/DI_l_russian.yml'.
[15:51:05][E][pdx_localize.cpp:279]: Duplicate localization key. Key 'DI_present_laws_gender_male_dominated' is defined in both 'localization/russian/gui/DI_RUS_l_russian.yml' and 'localization/russian/gui/DI_l_russian.yml'.
[15:51:05][E][pdx_localize.cpp:279]: Duplicate localization key. Key 'DI_present_laws_gender_male_dominated_TT' is defined in both 'localization/russian/gui/DI_RUS_l_russian.yml' and 'localization/russian/gui/DI_l_russian.yml'.
[15:51:05][E][pdx_localize.cpp:279]: Duplicate localization key. Key 'DI_ce_tab_titles' is defined in both 'localization/russian/gui/DI_RUS_l_russian.yml' and 'localization/russian/gui/DI_l_russian.yml'.
[15:51:05][E][pdx_localize.cpp:279]: Duplicate localization key. Key 'DI_ce_tab_crown_authority' is defined in both 'localization/russian/gui/DI_RUS_l_russian.yml' and 'localization/russian/gui/DI_l_russian.yml'.
[15:51:05][E][pdx_localize.cpp:279]: Duplicate localization key. Key 'DI_ce_take_realm_titles_button' is defined in both 'localization/russian/gui/DI_RUS_l_russian.yml' and 'localization/russian/gui/DI_l_russian.yml'.
[15:51:05][E][pdx_localize.cpp:279]: Duplicate localization key. Key 'DI_ce_take_realm_titles_button_tt' is defined in both 'localization/russian/gui/DI_RUS_l_russian.yml' and 'localization/russian/gui/DI_l_russian.yml'.
[15:51:05][E][pdx_localize.cpp:279]: Duplicate localization key. Key 'DI_ce_take_sub_realm_titles_button' is defined in both 'localization/russian/gui/DI_RUS_l_russian.yml' and 'localization/russian/gui/DI_l_russian.yml'.
[15:51:05][E][pdx_localize.cpp:279]: Duplicate localization key. Key 'DI_ce_take_sub_realm_titles_button_tt' is defined in both 'localization/russian/gui/DI_RUS_l_russian.yml' and 'localization/russian/gui/DI_l_russian.yml'.
[15:51:05][E][pdx_localize.cpp:279]: Duplicate localization key. Key 'DI_ce_take_vassal_titles_button' is defined in both 'localization/russian/gui/DI_RUS_l_russian.yml' and 'localization/russian/gui/DI_l_russian.yml'.
[15:51:05][E][pdx_localize.cpp:279]: Duplicate localization key. Key 'DI_ce_take_vassal_titles_button_tt' is defined in both 'localization/russian/gui/DI_RUS_l_russian.yml' and 'localization/russian/gui/DI_l_russian.yml'.
[15:51:05][E][pdx_localize.cpp:279]: Duplicate localization key. Key 'DI_ce_take_personal_titles_button' is defined in both 'localization/russian/gui/DI_RUS_l_russian.yml' and 'localization/russian/gui/DI_l_russian.yml'.
[15:51:05][E][pdx_localize.cpp:279]: Duplicate localization key. Key 'DI_ce_take_personal_titles_button_tt' is defined in both 'localization/russian/gui/DI_RUS_l_russian.yml' and 'localization/russian/gui/DI_l_russian.yml'.
[15:51:05][E][pdx_localize.cpp:279]: Duplicate localization key. Key 'DI_ce_take_primary_title_button' is defined in both 'localization/russian/gui/DI_RUS_l_russian.yml' and 'localization/russian/gui/DI_l_russian.yml'.
[15:51:05][E][pdx_localize.cpp:279]: Duplicate localization key. Key 'DI_ce_take_primary_title_button_tt' is defined in both 'localization/russian/gui/DI_RUS_l_russian.yml' and 'localization/russian/gui/DI_l_russian.yml'.
[15:51:05][E][pdx_localize.cpp:279]: Duplicate localization key. Key 'DI_ce_crown_authority_1_button' is defined in both 'localization/russian/gui/DI_RUS_l_russian.yml' and 'localization/russian/gui/DI_l_russian.yml'.
[15:51:05][E][pdx_localize.cpp:279]: Duplicate localization key. Key 'DI_ce_crown_authority_1_button_tt' is defined in both 'localization/russian/gui/DI_RUS_l_russian.yml' and 'localization/russian/gui/DI_l_russian.yml'.
[15:51:05][E][pdx_localize.cpp:279]: Duplicate localization key. Key 'DI_ce_crown_authority_2_button' is defined in both 'localization/russian/gui/DI_RUS_l_russian.yml' and 'localization/russian/gui/DI_l_russian.yml'.
[15:51:05][E][pdx_localize.cpp:279]: Duplicate localization key. Key 'DI_ce_crown_authority_2_button_tt' is defined in both 'localization/russian/gui/DI_RUS_l_russian.yml' and 'localization/russian/gui/DI_l_russian.yml'.
[15:51:05][E][pdx_localize.cpp:279]: Duplicate localization key. Key 'DI_ce_crown_authority_3_button' is defined in both 'localization/russian/gui/DI_RUS_l_russian.yml' and 'localization/russian/gui/DI_l_russian.yml'.
[15:51:05][E][pdx_localize.cpp:279]: Duplicate localization key. Key 'DI_ce_crown_authority_3_button_tt' is defined in both 'localization/russian/gui/DI_RUS_l_russian.yml' and 'localization/russian/gui/DI_l_russian.yml'.
[15:51:05][E][pdx_localize.cpp:279]: Duplicate localization key. Key 'DI_ce_crown_authority_4_button' is defined in both 'localization/russian/gui/DI_RUS_l_russian.yml' and 'localization/russian/gui/DI_l_russian.yml'.
[15:51:05][E][pdx_localize.cpp:279]: Duplicate localization key. Key 'DI_ce_crown_authority_4_button_tt' is defined in both 'localization/russian/gui/DI_RUS_l_russian.yml' and 'localization/russian/gui/DI_l_russian.yml'.
[15:51:05][E][pdx_localize.cpp:279]: Duplicate localization key. Key 'DI_skills' is defined in both 'localization/russian/gui/DI_RUS_l_russian.yml' and 'localization/russian/gui/DI_l_russian.yml'.
[15:51:05][E][pdx_localize.cpp:279]: Duplicate localization key. Key 'DI_skill_diplomacy_tt' is defined in both 'localization/russian/gui/DI_RUS_l_russian.yml' and 'localization/russian/gui/DI_l_russian.yml'.
[15:51:05][E][pdx_localize.cpp:279]: Duplicate localization key. Key 'DI_skill_martial_tt' is defined in both 'localization/russian/gui/DI_RUS_l_russian.yml' and 'localization/russian/gui/DI_l_russian.yml'.
[15:51:05][E][pdx_localize.cpp:279]: Duplicate localization key. Key 'DI_skill_stewardship_tt' is defined in both 'localization/russian/gui/DI_RUS_l_russian.yml' and 'localization/russian/gui/DI_l_russian.yml'.
[15:51:05][E][pdx_localize.cpp:279]: Duplicate localization key. Key 'DI_skill_intrigue_tt' is defined in both 'localization/russian/gui/DI_RUS_l_russian.yml' and 'localization/russian/gui/DI_l_russian.yml'.
[15:51:05][E][pdx_localize.cpp:279]: Duplicate localization key. Key 'DI_skill_learning_tt' is defined in both 'localization/russian/gui/DI_RUS_l_russian.yml' and 'localization/russian/gui/DI_l_russian.yml'.
[15:51:05][E][pdx_localize.cpp:279]: Duplicate localization key. Key 'DI_skill_prowess_tt' is defined in both 'localization/russian/gui/DI_RUS_l_russian.yml' and 'localization/russian/gui/DI_l_russian.yml'.
[15:51:05][E][pdx_localize.cpp:279]: Duplicate localization key. Key 'DI_perk_points' is defined in both 'localization/russian/gui/DI_RUS_l_russian.yml' and 'localization/russian/gui/DI_l_russian.yml'.
[15:51:05][E][pdx_localize.cpp:279]: Duplicate localization key. Key 'DI_diplomacy_node' is defined in both 'localization/russian/gui/DI_RUS_l_russian.yml' and 'localization/russian/gui/DI_l_russian.yml'.
[15:51:05][E][pdx_localize.cpp:279]: Duplicate localization key. Key 'DI_perk_point_diplomacy_tt' is defined in both 'localization/russian/gui/DI_RUS_l_russian.yml' and 'localization/russian/gui/DI_l_russian.yml'.
[15:51:05][E][pdx_localize.cpp:279]: Duplicate localization key. Key 'DI_martial_node' is defined in both 'localization/russian/gui/DI_RUS_l_russian.yml' and 'localization/russian/gui/DI_l_russian.yml'.
[15:51:05][E][pdx_localize.cpp:279]: Duplicate localization key. Key 'DI_perk_point_martial_tt' is defined in both 'localization/russian/gui/DI_RUS_l_russian.yml' and 'localization/russian/gui/DI_l_russian.yml'.
[15:51:05][E][pdx_localize.cpp:279]: Duplicate localization key. Key 'DI_stewardship_node' is defined in both 'localization/russian/gui/DI_RUS_l_russian.yml' and 'localization/russian/gui/DI_l_russian.yml'.
[15:51:05][E][pdx_localize.cpp:279]: Duplicate localization key. Key 'DI_perk_point_stewardship_tt' is defined in both 'localization/russian/gui/DI_RUS_l_russian.yml' and 'localization/russian/gui/DI_l_russian.yml'.
[15:51:05][E][pdx_localize.cpp:279]: Duplicate localization key. Key 'DI_intrigue_node' is defined in both 'localization/russian/gui/DI_RUS_l_russian.yml' and 'localization/russian/gui/DI_l_russian.yml'.
[15:51:05][E][pdx_localize.cpp:279]: Duplicate localization key. Key 'DI_perk_point_intrigue_tt' is defined in both 'localization/russian/gui/DI_RUS_l_russian.yml' and 'localization/russian/gui/DI_l_russian.yml'.
[15:51:05][E][pdx_localize.cpp:279]: Duplicate localization key. Key 'DI_learning_node' is defined in both 'localization/russian/gui/DI_RUS_l_russian.yml' and 'localization/russian/gui/DI_l_russian.yml'.
[15:51:05][E][pdx_localize.cpp:279]: Duplicate localization key. Key 'DI_perk_point_learning_tt' is defined in both 'localization/russian/gui/DI_RUS_l_russian.yml' and 'localization/russian/gui/DI_l_russian.yml'.
[15:51:05][E][pdx_localize.cpp:279]: Duplicate localization key. Key 'DI_perk_point_tt' is defined in both 'localization/russian/gui/DI_RUS_l_russian.yml' and 'localization/russian/gui/DI_l_russian.yml'.
[15:51:05][E][pdx_localize.cpp:279]: Duplicate localization key. Key 'DI_ce_lifestyle_button' is defined in both 'localization/russian/gui/DI_RUS_l_russian.yml' and 'localization/russian/gui/DI_l_russian.yml'.
[15:51:05][E][pdx_localize.cpp:279]: Duplicate localization key. Key 'DI_ce_lifestyle_button_tt' is defined in both 'localization/russian/gui/DI_RUS_l_russian.yml' and 'localization/russian/gui/DI_l_russian.yml'.
[15:51:05][E][pdx_localize.cpp:279]: Duplicate localization key. Key 'DI_ce_all_lifestyle_button' is defined in both 'localization/russian/gui/DI_RUS_l_russian.yml' and 'localization/russian/gui/DI_l_russian.yml'.
[15:51:05][E][pdx_localize.cpp:279]: Duplicate localization key. Key 'DI_ce_all_lifestyle_button_tt' is defined in both 'localization/russian/gui/DI_RUS_l_russian.yml' and 'localization/russian/gui/DI_l_russian.yml'.
[15:51:05][E][pdx_localize.cpp:279]: Duplicate localization key. Key 'DI_modifiers' is defined in both 'localization/russian/gui/DI_RUS_l_russian.yml' and 'localization/russian/gui/DI_l_russian.yml'.
[15:51:05][E][pdx_localize.cpp:279]: Duplicate localization key. Key 'DI_modifier_maa_type' is defined in both 'localization/russian/gui/DI_RUS_l_russian.yml' and 'localization/russian/gui/DI_l_russian.yml'.
[15:51:05][E][pdx_localize.cpp:279]: Duplicate localization key. Key 'DI_clear_modifiers' is defined in both 'localization/russian/gui/DI_RUS_l_russian.yml' and 'localization/russian/gui/DI_l_russian.yml'.
[15:51:05][E][pdx_localize.cpp:279]: Duplicate localization key. Key 'DI_clear_modifiers_tt' is defined in both 'localization/russian/gui/DI_RUS_l_russian.yml' and 'localization/russian/gui/DI_l_russian.yml'.
[15:51:05][E][pdx_localize.cpp:279]: Duplicate localization key. Key 'DI_ce_tab_prestige' is defined in both 'localization/russian/gui/DI_RUS_l_russian.yml' and 'localization/russian/gui/DI_l_russian.yml'.
[15:51:05][E][pdx_localize.cpp:279]: Duplicate localization key. Key 'DI_ce_tab_piety' is defined in both 'localization/russian/gui/DI_RUS_l_russian.yml' and 'localization/russian/gui/DI_l_russian.yml'.
[15:51:05][E][pdx_localize.cpp:279]: Duplicate localization key. Key 'DI_ce_tab_income' is defined in both 'localization/russian/gui/DI_RUS_l_russian.yml' and 'localization/russian/gui/DI_l_russian.yml'.
[15:51:05][E][pdx_localize.cpp:279]: Duplicate localization key. Key 'DI_ce_tab_opinion' is defined in both 'localization/russian/gui/DI_RUS_l_russian.yml' and 'localization/russian/gui/DI_l_russian.yml'.
[15:51:05][E][pdx_localize.cpp:279]: Duplicate localization key. Key 'DI_ce_tab_health' is defined in both 'localization/russian/gui/DI_RUS_l_russian.yml' and 'localization/russian/gui/DI_l_russian.yml'.
[15:51:05][E][pdx_localize.cpp:279]: Duplicate localization key. Key 'DI_ce_tab_intrigue' is defined in both 'localization/russian/gui/DI_RUS_l_russian.yml' and 'localization/russian/gui/DI_l_russian.yml'.
[15:51:05][E][pdx_localize.cpp:279]: Duplicate localization key. Key 'DI_ce_tab_authority' is defined in both 'localization/russian/gui/DI_RUS_l_russian.yml' and 'localization/russian/gui/DI_l_russian.yml'.
[15:51:05][E][pdx_localize.cpp:279]: Duplicate localization key. Key 'DI_ce_tab_provincial' is defined in both 'localization/russian/gui/DI_RUS_l_russian.yml' and 'localization/russian/gui/DI_l_russian.yml'.
[15:51:05][E][pdx_localize.cpp:279]: Duplicate localization key. Key 'DI_ce_tab_governing' is defined in both 'localization/russian/gui/DI_RUS_l_russian.yml' and 'localization/russian/gui/DI_l_russian.yml'.
[15:51:05][E][pdx_localize.cpp:279]: Duplicate localization key. Key 'DI_ce_tab_military' is defined in both 'localization/russian/gui/DI_RUS_l_russian.yml' and 'localization/russian/gui/DI_l_russian.yml'.
[15:51:05][E][pdx_localize.cpp:279]: Duplicate localization key. Key 'DI_ce_tab_learning' is defined in both 'localization/russian/gui/DI_RUS_l_russian.yml' and 'localization/russian/gui/DI_l_russian.yml'.
[15:51:05][E][pdx_localize.cpp:279]: Duplicate localization key. Key 'DI_ce_tab_maa' is defined in both 'localization/russian/gui/DI_RUS_l_russian.yml' and 'localization/russian/gui/DI_l_russian.yml'.
[15:51:05][E][pdx_localize.cpp:279]: Duplicate localization key. Key 'DI_ce_tab_custom' is defined in both 'localization/russian/gui/DI_RUS_l_russian.yml' and 'localization/russian/gui/DI_l_russian.yml'.
[15:51:05][E][pdx_localize.cpp:279]: Duplicate localization key. Key 'DI_custom_modifiers' is defined in both 'localization/russian/gui/DI_RUS_l_russian.yml' and 'localization/russian/gui/DI_l_russian.yml'.
[15:51:05][E][pdx_localize.cpp:279]: Duplicate localization key. Key 'DI_prestige_modifiers' is defined in both 'localization/russian/gui/DI_RUS_l_russian.yml' and 'localization/russian/gui/DI_l_russian.yml'.
[15:51:05][E][pdx_localize.cpp:279]: Duplicate localization key. Key 'DI_prestige_modifiers_tt' is defined in both 'localization/russian/gui/DI_RUS_l_russian.yml' and 'localization/russian/gui/DI_l_russian.yml'.
[15:51:05][E][pdx_localize.cpp:279]: Duplicate localization key. Key 'DI_piety_modifiers' is defined in both 'localization/russian/gui/DI_RUS_l_russian.yml' and 'localization/russian/gui/DI_l_russian.yml'.
[15:51:05][E][pdx_localize.cpp:279]: Duplicate localization key. Key 'DI_piety_modifiers_tt' is defined in both 'localization/russian/gui/DI_RUS_l_russian.yml' and 'localization/russian/gui/DI_l_russian.yml'.
[15:51:05][E][pdx_localize.cpp:279]: Duplicate localization key. Key 'DI_income_modifiers' is defined in both 'localization/russian/gui/DI_RUS_l_russian.yml' and 'localization/russian/gui/DI_l_russian.yml'.
[15:51:05][E][pdx_localize.cpp:279]: Duplicate localization key. Key 'DI_income_modifiers_tt' is defined in both 'localization/russian/gui/DI_RUS_l_russian.yml' and 'localization/russian/gui/DI_l_russian.yml'.
[15:51:05][E][pdx_localize.cpp:279]: Duplicate localization key. Key 'DI_opinion_modifiers' is defined in both 'localization/russian/gui/DI_RUS_l_russian.yml' and 'localization/russian/gui/DI_l_russian.yml'.
[15:51:05][E][pdx_localize.cpp:279]: Duplicate localization key. Key 'DI_opinion_modifiers_tt' is defined in both 'localization/russian/gui/DI_RUS_l_russian.yml' and 'localization/russian/gui/DI_l_russian.yml'.
[15:51:05][E][pdx_localize.cpp:279]: Duplicate localization key. Key 'DI_health_modifiers' is defined in both 'localization/russian/gui/DI_RUS_l_russian.yml' and 'localization/russian/gui/DI_l_russian.yml'.
[15:51:05][E][pdx_localize.cpp:279]: Duplicate localization key. Key 'DI_health_modifiers_tt' is defined in both 'localization/russian/gui/DI_RUS_l_russian.yml' and 'localization/russian/gui/DI_l_russian.yml'.
[15:51:05][E][pdx_localize.cpp:279]: Duplicate localization key. Key 'DI_intrigue_modifiers' is defined in both 'localization/russian/gui/DI_RUS_l_russian.yml' and 'localization/russian/gui/DI_l_russian.yml'.
[15:51:05][E][pdx_localize.cpp:279]: Duplicate localization key. Key 'DI_intrigue_modifiers_tt' is defined in both 'localization/russian/gui/DI_RUS_l_russian.yml' and 'localization/russian/gui/DI_l_russian.yml'.
[15:51:05][E][pdx_localize.cpp:279]: Duplicate localization key. Key 'DI_authority_modifiers' is defined in both 'localization/russian/gui/DI_RUS_l_russian.yml' and 'localization/russian/gui/DI_l_russian.yml'.
[15:51:05][E][pdx_localize.cpp:279]: Duplicate localization key. Key 'DI_authority_modifiers_tt' is defined in both 'localization/russian/gui/DI_RUS_l_russian.yml' and 'localization/russian/gui/DI_l_russian.yml'.
[15:51:05][E][pdx_localize.cpp:279]: Duplicate localization key. Key 'DI_provincial_modifiers' is defined in both 'localization/russian/gui/DI_RUS_l_russian.yml' and 'localization/russian/gui/DI_l_russian.yml'.
[15:51:05][E][pdx_localize.cpp:279]: Duplicate localization key. Key 'DI_provincial_modifiers_tt' is defined in both 'localization/russian/gui/DI_RUS_l_russian.yml' and 'localization/russian/gui/DI_l_russian.yml'.
[15:51:05][E][pdx_localize.cpp:279]: Duplicate localization key. Key 'DI_governing_modifiers' is defined in both 'localization/russian/gui/DI_RUS_l_russian.yml' and 'localization/russian/gui/DI_l_russian.yml'.
[15:51:05][E][pdx_localize.cpp:279]: Duplicate localization key. Key 'DI_governing_modifiers_tt' is defined in both 'localization/russian/gui/DI_RUS_l_russian.yml' and 'localization/russian/gui/DI_l_russian.yml'.
[15:51:05][E][pdx_localize.cpp:279]: Duplicate localization key. Key 'DI_military_modifiers' is defined in both 'localization/russian/gui/DI_RUS_l_russian.yml' and 'localization/russian/gui/DI_l_russian.yml'.
[15:51:05][E][pdx_localize.cpp:279]: Duplicate localization key. Key 'DI_military_modifiers_tt' is defined in both 'localization/russian/gui/DI_RUS_l_russian.yml' and 'localization/russian/gui/DI_l_russian.yml'.
[15:51:05][E][pdx_localize.cpp:279]: Duplicate localization key. Key 'DI_learning_modifiers' is defined in both 'localization/russian/gui/DI_RUS_l_russian.yml' and 'localization/russian/gui/DI_l_russian.yml'.
[15:51:05][E][pdx_localize.cpp:279]: Duplicate localization key. Key 'DI_learning_modifiers_tt' is defined in both 'localization/russian/gui/DI_RUS_l_russian.yml' and 'localization/russian/gui/DI_l_russian.yml'.
[15:51:05][E][pdx_localize.cpp:279]: Duplicate localization key. Key 'DI_maa_modifiers' is defined in both 'localization/russian/gui/DI_RUS_l_russian.yml' and 'localization/russian/gui/DI_l_russian.yml'.
[15:51:05][E][pdx_localize.cpp:279]: Duplicate localization key. Key 'DI_modifier_neg' is defined in both 'localization/russian/gui/DI_RUS_l_russian.yml' and 'localization/russian/gui/DI_l_russian.yml'.
[15:51:05][E][pdx_localize.cpp:279]: Duplicate localization key. Key 'DI_modifier_mult' is defined in both 'localization/russian/gui/DI_RUS_l_russian.yml' and 'localization/russian/gui/DI_l_russian.yml'.
[15:51:05][E][pdx_localize.cpp:279]: Duplicate localization key. Key 'DI_modifier_increment' is defined in both 'localization/russian/gui/DI_RUS_l_russian.yml' and 'localization/russian/gui/DI_l_russian.yml'.
[15:51:05][E][pdx_localize.cpp:279]: Duplicate localization key. Key 'DI_increment_broken' is defined in both 'localization/russian/gui/DI_RUS_l_russian.yml' and 'localization/russian/gui/DI_l_russian.yml'.
[15:51:05][E][pdx_localize.cpp:279]: Duplicate localization key. Key 'DI_modifiers_desc' is defined in both 'localization/russian/gui/DI_RUS_l_russian.yml' and 'localization/russian/gui/DI_l_russian.yml'.
[15:51:05][E][pdx_localize.cpp:279]: Duplicate localization key. Key 'DI_modifier_add_remove' is defined in both 'localization/russian/gui/DI_RUS_l_russian.yml' and 'localization/russian/gui/DI_l_russian.yml'.
[15:51:05][E][pdx_localize.cpp:279]: Duplicate localization key. Key 'DI_space_marines' is defined in both 'localization/russian/gui/DI_RUS_l_russian.yml' and 'localization/russian/gui/DI_l_russian.yml'.
[15:51:05][E][pdx_localize.cpp:279]: Duplicate localization key. Key 'DI_contraceptive' is defined in both 'localization/russian/gui/DI_RUS_l_russian.yml' and 'localization/russian/gui/DI_l_russian.yml'.
[15:51:05][E][pdx_localize.cpp:279]: Duplicate localization key. Key 'DI_immune_to_schemes' is defined in both 'localization/russian/gui/DI_RUS_l_russian.yml' and 'localization/russian/gui/DI_l_russian.yml'.
[15:51:05][E][pdx_localize.cpp:279]: Duplicate localization key. Key 'DI_ultra_build' is defined in both 'localization/russian/gui/DI_RUS_l_russian.yml' and 'localization/russian/gui/DI_l_russian.yml'.
[15:51:05][E][pdx_localize.cpp:279]: Duplicate localization key. Key 'DI_building_slots' is defined in both 'localization/russian/gui/DI_RUS_l_russian.yml' and 'localization/russian/gui/DI_l_russian.yml'.
[15:51:05][E][pdx_localize.cpp:279]: Duplicate localization key. Key 'DI_one_building_slot' is defined in both 'localization/russian/gui/DI_RUS_l_russian.yml' and 'localization/russian/gui/DI_l_russian.yml'.
[15:51:05][E][pdx_localize.cpp:279]: Duplicate localization key. Key 'DI_domain_limit' is defined in both 'localization/russian/gui/DI_RUS_l_russian.yml' and 'localization/russian/gui/DI_l_russian.yml'.
[15:51:05][E][pdx_localize.cpp:279]: Duplicate localization key. Key 'DI_money_printer' is defined in both 'localization/russian/gui/DI_RUS_l_russian.yml' and 'localization/russian/gui/DI_l_russian.yml'.
[15:51:05][E][pdx_localize.cpp:279]: Duplicate localization key. Key 'DI_perma_health' is defined in both 'localization/russian/gui/DI_RUS_l_russian.yml' and 'localization/russian/gui/DI_l_russian.yml'.
[15:51:05][E][pdx_localize.cpp:279]: Duplicate localization key. Key 'DI_trait_xp_boost' is defined in both 'localization/russian/gui/DI_RUS_l_russian.yml' and 'localization/russian/gui/DI_l_russian.yml'.
[15:51:05][E][pdx_localize.cpp:279]: Duplicate localization key. Key 'DI_commander_trait_xp_boost' is defined in both 'localization/russian/gui/DI_RUS_l_russian.yml' and 'localization/russian/gui/DI_l_russian.yml'.
[15:51:05][E][pdx_localize.cpp:279]: Duplicate localization key. Key 'DI_godlike_inheritance' is defined in both 'localization/russian/gui/DI_RUS_l_russian.yml' and 'localization/russian/gui/DI_l_russian.yml'.
[15:51:05][E][pdx_localize.cpp:279]: Duplicate localization key. Key 'DI_true_rulers' is defined in both 'localization/russian/gui/DI_RUS_l_russian.yml' and 'localization/russian/gui/DI_l_russian.yml'.
[15:51:05][E][pdx_localize.cpp:279]: Duplicate localization key. Key 'DI_plague_doctor' is defined in both 'localization/russian/gui/DI_RUS_l_russian.yml' and 'localization/russian/gui/DI_l_russian.yml'.
[15:51:05][E][pdx_localize.cpp:279]: Duplicate localization key. Key 'DI_imperial_march' is defined in both 'localization/russian/gui/DI_RUS_l_russian.yml' and 'localization/russian/gui/DI_l_russian.yml'.
[15:51:05][E][pdx_localize.cpp:279]: Duplicate localization key. Key 'DI_dread_lord' is defined in both 'localization/russian/gui/DI_RUS_l_russian.yml' and 'localization/russian/gui/DI_l_russian.yml'.
[15:51:05][E][pdx_localize.cpp:279]: Duplicate localization key. Key 'DI_lifestyle_mastery' is defined in both 'localization/russian/gui/DI_RUS_l_russian.yml' and 'localization/russian/gui/DI_l_russian.yml'.
[15:51:05][E][pdx_localize.cpp:279]: Duplicate localization key. Key 'DI_travel_speed' is defined in both 'localization/russian/gui/DI_RUS_l_russian.yml' and 'localization/russian/gui/DI_l_russian.yml'.
[15:51:05][E][pdx_localize.cpp:279]: Duplicate localization key. Key 'DI_travel_safety' is defined in both 'localization/russian/gui/DI_RUS_l_russian.yml' and 'localization/russian/gui/DI_l_russian.yml'.
[15:51:05][E][pdx_localize.cpp:279]: Duplicate localization key. Key 'DI_legend_spread' is defined in both 'localization/russian/gui/DI_RUS_l_russian.yml' and 'localization/russian/gui/DI_l_russian.yml'.
[15:51:05][E][pdx_localize.cpp:279]: Duplicate localization key. Key 'DI_prestige_printer' is defined in both 'localization/russian/gui/DI_RUS_l_russian.yml' and 'localization/russian/gui/DI_l_russian.yml'.
[15:51:05][E][pdx_localize.cpp:279]: Duplicate localization key. Key 'DI_piety_printer' is defined in both 'localization/russian/gui/DI_RUS_l_russian.yml' and 'localization/russian/gui/DI_l_russian.yml'.
[15:51:05][E][pdx_localize.cpp:279]: Duplicate localization key. Key 'DI_everybody_loves_me' is defined in both 'localization/russian/gui/DI_RUS_l_russian.yml' and 'localization/russian/gui/DI_l_russian.yml'.
[15:51:05][E][pdx_localize.cpp:279]: Duplicate localization key. Key 'DI_full_stomachs' is defined in both 'localization/russian/gui/DI_RUS_l_russian.yml' and 'localization/russian/gui/DI_l_russian.yml'.
[15:51:05][E][pdx_localize.cpp:279]: Duplicate localization key. Key 'DI_meritorious' is defined in both 'localization/russian/gui/DI_RUS_l_russian.yml' and 'localization/russian/gui/DI_l_russian.yml'.
[15:51:05][E][pdx_localize.cpp:279]: Duplicate localization key. Key 'no_legitimacy_change' is defined in both 'localization/russian/gui/DI_RUS_l_russian.yml' and 'localization/russian/gui/DI_l_russian.yml'.
[15:51:05][E][pdx_localize.cpp:279]: Duplicate localization key. Key 'DI_traits' is defined in both 'localization/russian/gui/DI_RUS_l_russian.yml' and 'localization/russian/gui/DI_l_russian.yml'.
[15:51:05][E][pdx_localize.cpp:279]: Duplicate localization key. Key 'DI_trait_window_tooltip' is defined in both 'localization/russian/gui/DI_RUS_l_russian.yml' and 'localization/russian/gui/DI_l_russian.yml'.
[15:51:05][E][pdx_localize.cpp:279]: Duplicate localization key. Key 'DI_ce_tab_physical' is defined in both 'localization/russian/gui/DI_RUS_l_russian.yml' and 'localization/russian/gui/DI_l_russian.yml'.
[15:51:05][E][pdx_localize.cpp:279]: Duplicate localization key. Key 'DI_ce_tab_education' is defined in both 'localization/russian/gui/DI_RUS_l_russian.yml' and 'localization/russian/gui/DI_l_russian.yml'.
[15:51:05][E][pdx_localize.cpp:279]: Duplicate localization key. Key 'DI_ce_tab_commander' is defined in both 'localization/russian/gui/DI_RUS_l_russian.yml' and 'localization/russian/gui/DI_l_russian.yml'.
[15:51:05][E][pdx_localize.cpp:279]: Duplicate localization key. Key 'DI_ce_tab_lifestyle' is defined in both 'localization/russian/gui/DI_RUS_l_russian.yml' and 'localization/russian/gui/DI_l_russian.yml'.
[15:51:05][E][pdx_localize.cpp:279]: Duplicate localization key. Key 'DI_ce_tab_personality' is defined in both 'localization/russian/gui/DI_RUS_l_russian.yml' and 'localization/russian/gui/DI_l_russian.yml'.
[15:51:05][E][pdx_localize.cpp:279]: Duplicate localization key. Key 'DI_ce_tab_fame' is defined in both 'localization/russian/gui/DI_RUS_l_russian.yml' and 'localization/russian/gui/DI_l_russian.yml'.
[15:51:05][E][pdx_localize.cpp:279]: Duplicate localization key. Key 'DI_ce_tab_other' is defined in both 'localization/russian/gui/DI_RUS_l_russian.yml' and 'localization/russian/gui/DI_l_russian.yml'.
[15:51:05][E][pdx_localize.cpp:279]: Duplicate localization key. Key 'DI_ce_tab_tracked' is defined in both 'localization/russian/gui/DI_RUS_l_russian.yml' and 'localization/russian/gui/DI_l_russian.yml'.
[15:51:05][E][pdx_localize.cpp:279]: Duplicate localization key. Key 'DI_ce_tab_pinned' is defined in both 'localization/russian/gui/DI_RUS_l_russian.yml' and 'localization/russian/gui/DI_l_russian.yml'.
[15:51:05][E][pdx_localize.cpp:279]: Duplicate localization key. Key 'DI_pinned_traits' is defined in both 'localization/russian/gui/DI_RUS_l_russian.yml' and 'localization/russian/gui/DI_l_russian.yml'.
[15:51:05][E][pdx_localize.cpp:279]: Duplicate localization key. Key 'DI_pinned_traits_tt' is defined in both 'localization/russian/gui/DI_RUS_l_russian.yml' and 'localization/russian/gui/DI_l_russian.yml'.
[15:51:05][E][pdx_localize.cpp:279]: Duplicate localization key. Key 'DI_trait_button_tt' is defined in both 'localization/russian/gui/DI_RUS_l_russian.yml' and 'localization/russian/gui/DI_l_russian.yml'.
[15:51:05][E][pdx_localize.cpp:279]: Duplicate localization key. Key 'DI_trait_xp_button_tt' is defined in both 'localization/russian/gui/DI_RUS_l_russian.yml' and 'localization/russian/gui/DI_l_russian.yml'.
[15:51:05][E][pdx_localize.cpp:279]: Duplicate localization key. Key 'DI_tracked_trait_marker_tt' is defined in both 'localization/russian/gui/DI_RUS_l_russian.yml' and 'localization/russian/gui/DI_l_russian.yml'.
[15:51:05][E][pdx_localize.cpp:279]: Duplicate localization key. Key 'DI_physical_traits' is defined in both 'localization/russian/gui/DI_RUS_l_russian.yml' and 'localization/russian/gui/DI_l_russian.yml'.
[15:51:05][E][pdx_localize.cpp:279]: Duplicate localization key. Key 'DI_physical_traits_tt' is defined in both 'localization/russian/gui/DI_RUS_l_russian.yml' and 'localization/russian/gui/DI_l_russian.yml'.
[15:51:05][E][pdx_localize.cpp:279]: Duplicate localization key. Key 'DI_education_traits' is defined in both 'localization/russian/gui/DI_RUS_l_russian.yml' and 'localization/russian/gui/DI_l_russian.yml'.
[15:51:05][E][pdx_localize.cpp:279]: Duplicate localization key. Key 'DI_education_traits_tt' is defined in both 'localization/russian/gui/DI_RUS_l_russian.yml' and 'localization/russian/gui/DI_l_russian.yml'.
[15:51:05][E][pdx_localize.cpp:279]: Duplicate localization key. Key 'DI_commander_traits' is defined in both 'localization/russian/gui/DI_RUS_l_russian.yml' and 'localization/russian/gui/DI_l_russian.yml'.
[15:51:05][E][pdx_localize.cpp:279]: Duplicate localization key. Key 'DI_commander_traits_tt' is defined in both 'localization/russian/gui/DI_RUS_l_russian.yml' and 'localization/russian/gui/DI_l_russian.yml'.
[15:51:05][E][pdx_localize.cpp:279]: Duplicate localization key. Key 'DI_lifestyle_traits' is defined in both 'localization/russian/gui/DI_RUS_l_russian.yml' and 'localization/russian/gui/DI_l_russian.yml'.
[15:51:05][E][pdx_localize.cpp:279]: Duplicate localization key. Key 'DI_lifestyle_traits_tt' is defined in both 'localization/russian/gui/DI_RUS_l_russian.yml' and 'localization/russian/gui/DI_l_russian.yml'.
[15:51:05][E][pdx_localize.cpp:279]: Duplicate localization key. Key 'DI_personality_traits' is defined in both 'localization/russian/gui/DI_RUS_l_russian.yml' and 'localization/russian/gui/DI_l_russian.yml'.
[15:51:05][E][pdx_localize.cpp:279]: Duplicate localization key. Key 'DI_personality_traits_tt' is defined in both 'localization/russian/gui/DI_RUS_l_russian.yml' and 'localization/russian/gui/DI_l_russian.yml'.
[15:51:05][E][pdx_localize.cpp:279]: Duplicate localization key. Key 'DI_health_traits' is defined in both 'localization/russian/gui/DI_RUS_l_russian.yml' and 'localization/russian/gui/DI_l_russian.yml'.
[15:51:05][E][pdx_localize.cpp:279]: Duplicate localization key. Key 'DI_health_traits_tt' is defined in both 'localization/russian/gui/DI_RUS_l_russian.yml' and 'localization/russian/gui/DI_l_russian.yml'.
[15:51:05][E][pdx_localize.cpp:279]: Duplicate localization key. Key 'DI_fame_traits' is defined in both 'localization/russian/gui/DI_RUS_l_russian.yml' and 'localization/russian/gui/DI_l_russian.yml'.
[15:51:05][E][pdx_localize.cpp:279]: Duplicate localization key. Key 'DI_fame_traits_tt' is defined in both 'localization/russian/gui/DI_RUS_l_russian.yml' and 'localization/russian/gui/DI_l_russian.yml'.
[15:51:05][E][pdx_localize.cpp:279]: Duplicate localization key. Key 'DI_other_traits' is defined in both 'localization/russian/gui/DI_RUS_l_russian.yml' and 'localization/russian/gui/DI_l_russian.yml'.
[15:51:05][E][pdx_localize.cpp:279]: Duplicate localization key. Key 'DI_other_traits_tt' is defined in both 'localization/russian/gui/DI_RUS_l_russian.yml' and 'localization/russian/gui/DI_l_russian.yml'.
[15:51:05][E][pdx_localize.cpp:279]: Duplicate localization key. Key 'DI_tracked_traits' is defined in both 'localization/russian/gui/DI_RUS_l_russian.yml' and 'localization/russian/gui/DI_l_russian.yml'.
[15:51:05][E][pdx_localize.cpp:279]: Duplicate localization key. Key 'DI_tracked_traits_tt' is defined in both 'localization/russian/gui/DI_RUS_l_russian.yml' and 'localization/russian/gui/DI_l_russian.yml'.
[15:51:05][E][pdx_localize.cpp:279]: Duplicate localization key. Key 'trait_nnn_challenger' is defined in both 'localization/russian/gui/DI_RUS_l_russian.yml' and 'localization/russian/gui/DI_l_russian.yml'.
[15:51:05][E][pdx_localize.cpp:279]: Duplicate localization key. Key 'trait_nnn_challenger_desc' is defined in both 'localization/russian/gui/DI_RUS_l_russian.yml' and 'localization/russian/gui/DI_l_russian.yml'.
[15:51:05][E][pdx_localize.cpp:279]: Duplicate localization key. Key 'trait_nnn_challenger_character_desc' is defined in both 'localization/russian/gui/DI_RUS_l_russian.yml' and 'localization/russian/gui/DI_l_russian.yml'.
[15:51:05][E][pdx_localize.cpp:279]: Duplicate localization key. Key 'trait_build_speed_cheat' is defined in both 'localization/russian/gui/DI_RUS_l_russian.yml' and 'localization/russian/gui/DI_l_russian.yml'.
[15:51:05][E][pdx_localize.cpp:279]: Duplicate localization key. Key 'trait_build_speed_cheat_desc' is defined in both 'localization/russian/gui/DI_RUS_l_russian.yml' and 'localization/russian/gui/DI_l_russian.yml'.
[15:51:05][E][pdx_localize.cpp:279]: Duplicate localization key. Key 'trait_build_speed_cheat_character_desc' is defined in both 'localization/russian/gui/DI_RUS_l_russian.yml' and 'localization/russian/gui/DI_l_russian.yml'.
[15:51:05][E][pdx_localize.cpp:279]: Duplicate localization key. Key 'trait_stress_gain_remove' is defined in both 'localization/russian/gui/DI_RUS_l_russian.yml' and 'localization/russian/gui/DI_l_russian.yml'.
[15:51:05][E][pdx_localize.cpp:279]: Duplicate localization key. Key 'trait_stress_gain_remove_desc' is defined in both 'localization/russian/gui/DI_RUS_l_russian.yml' and 'localization/russian/gui/DI_l_russian.yml'.
[15:51:05][E][pdx_localize.cpp:279]: Duplicate localization key. Key 'trait_stress_gain_remove_character_desc' is defined in both 'localization/russian/gui/DI_RUS_l_russian.yml' and 'localization/russian/gui/DI_l_russian.yml'.
[15:51:05][E][pdx_localize.cpp:279]: Duplicate localization key. Key 'trait_tyranny_gain_remove' is defined in both 'localization/russian/gui/DI_RUS_l_russian.yml' and 'localization/russian/gui/DI_l_russian.yml'.
[15:51:05][E][pdx_localize.cpp:279]: Duplicate localization key. Key 'trait_tyranny_gain_remove_desc' is defined in both 'localization/russian/gui/DI_RUS_l_russian.yml' and 'localization/russian/gui/DI_l_russian.yml'.
[15:51:05][E][pdx_localize.cpp:279]: Duplicate localization key. Key 'trait_tyranny_gain_remove_character_desc' is defined in both 'localization/russian/gui/DI_RUS_l_russian.yml' and 'localization/russian/gui/DI_l_russian.yml'.
[15:51:05][E][pdx_localize.cpp:279]: Duplicate localization key. Key 'trait_boost_stats' is defined in both 'localization/russian/gui/DI_RUS_l_russian.yml' and 'localization/russian/gui/DI_l_russian.yml'.
[15:51:05][E][pdx_localize.cpp:279]: Duplicate localization key. Key 'trait_boost_stats_desc' is defined in both 'localization/russian/gui/DI_RUS_l_russian.yml' and 'localization/russian/gui/DI_l_russian.yml'.
[15:51:05][E][pdx_localize.cpp:279]: Duplicate localization key. Key 'trait_boost_stats_character_desc' is defined in both 'localization/russian/gui/DI_RUS_l_russian.yml' and 'localization/russian/gui/DI_l_russian.yml'.
[15:51:05][E][pdx_localize.cpp:279]: Duplicate localization key. Key 'trait_100_stat_man' is defined in both 'localization/russian/gui/DI_RUS_l_russian.yml' and 'localization/russian/gui/DI_l_russian.yml'.
[15:51:05][E][pdx_localize.cpp:279]: Duplicate localization key. Key 'trait_100_stat_man_desc' is defined in both 'localization/russian/gui/DI_RUS_l_russian.yml' and 'localization/russian/gui/DI_l_russian.yml'.
[15:51:05][E][pdx_localize.cpp:279]: Duplicate localization key. Key 'trait_100_stat_man_character_desc' is defined in both 'localization/russian/gui/DI_RUS_l_russian.yml' and 'localization/russian/gui/DI_l_russian.yml'.
[15:51:05][E][pdx_localize.cpp:279]: Duplicate localization key. Key 'trait_DI_immortal' is defined in both 'localization/russian/gui/DI_RUS_l_russian.yml' and 'localization/russian/gui/DI_l_russian.yml'.
[15:51:05][E][pdx_localize.cpp:279]: Duplicate localization key. Key 'trait_DI_immortal_desc' is defined in both 'localization/russian/gui/DI_RUS_l_russian.yml' and 'localization/russian/gui/DI_l_russian.yml'.
[15:51:05][E][pdx_localize.cpp:279]: Duplicate localization key. Key 'trait_DI_immortal_character_desc' is defined in both 'localization/russian/gui/DI_RUS_l_russian.yml' and 'localization/russian/gui/DI_l_russian.yml'.
[15:51:05][E][pdx_localize.cpp:279]: Duplicate localization key. Key 'DI_sexuality' is defined in both 'localization/russian/gui/DI_RUS_l_russian.yml' and 'localization/russian/gui/DI_l_russian.yml'.
[15:51:05][E][pdx_localize.cpp:279]: Duplicate localization key. Key 'DI_sexuality_ho' is defined in both 'localization/russian/gui/DI_RUS_l_russian.yml' and 'localization/russian/gui/DI_l_russian.yml'.
[15:51:05][E][pdx_localize.cpp:279]: Duplicate localization key. Key 'DI_sexuality_he' is defined in both 'localization/russian/gui/DI_RUS_l_russian.yml' and 'localization/russian/gui/DI_l_russian.yml'.
[15:51:05][E][pdx_localize.cpp:279]: Duplicate localization key. Key 'DI_sexuality_bi' is defined in both 'localization/russian/gui/DI_RUS_l_russian.yml' and 'localization/russian/gui/DI_l_russian.yml'.
[15:51:05][E][pdx_localize.cpp:279]: Duplicate localization key. Key 'DI_sexuality_as' is defined in both 'localization/russian/gui/DI_RUS_l_russian.yml' and 'localization/russian/gui/DI_l_russian.yml'.
[15:51:05][E][pdx_localize.cpp:279]: Duplicate localization key. Key 'DI_culture_menu_title' is defined in both 'localization/russian/gui/DI_RUS_l_russian.yml' and 'localization/russian/gui/DI_l_russian.yml'.
[15:51:05][E][pdx_localize.cpp:279]: Duplicate localization key. Key 'DI_change_to_my_culture' is defined in both 'localization/russian/gui/DI_RUS_l_russian.yml' and 'localization/russian/gui/DI_l_russian.yml'.
[15:51:05][E][pdx_localize.cpp:279]: Duplicate localization key. Key 'DI_change_to_my_culture_tt' is defined in both 'localization/russian/gui/DI_RUS_l_russian.yml' and 'localization/russian/gui/DI_l_russian.yml'.
[15:51:05][E][pdx_localize.cpp:279]: Duplicate localization key. Key 'DI_change_counties_to_my_culture' is defined in both 'localization/russian/gui/DI_RUS_l_russian.yml' and 'localization/russian/gui/DI_l_russian.yml'.
[15:51:05][E][pdx_localize.cpp:279]: Duplicate localization key. Key 'DI_change_counties_to_my_culture_tt' is defined in both 'localization/russian/gui/DI_RUS_l_russian.yml' and 'localization/russian/gui/DI_l_russian.yml'.
[15:51:05][E][pdx_localize.cpp:279]: Duplicate localization key. Key 'DI_religion_menu_title' is defined in both 'localization/russian/gui/DI_RUS_l_russian.yml' and 'localization/russian/gui/DI_l_russian.yml'.
[15:51:05][E][pdx_localize.cpp:279]: Duplicate localization key. Key 'DI_change_to_my_religion' is defined in both 'localization/russian/gui/DI_RUS_l_russian.yml' and 'localization/russian/gui/DI_l_russian.yml'.
[15:51:05][E][pdx_localize.cpp:279]: Duplicate localization key. Key 'DI_change_to_my_religion_tt' is defined in both 'localization/russian/gui/DI_RUS_l_russian.yml' and 'localization/russian/gui/DI_l_russian.yml'.
[15:51:05][E][pdx_localize.cpp:279]: Duplicate localization key. Key 'DI_change_counties_to_my_religion' is defined in both 'localization/russian/gui/DI_RUS_l_russian.yml' and 'localization/russian/gui/DI_l_russian.yml'.
[15:51:05][E][pdx_localize.cpp:279]: Duplicate localization key. Key 'DI_change_counties_to_my_religion_tt' is defined in both 'localization/russian/gui/DI_RUS_l_russian.yml' and 'localization/russian/gui/DI_l_russian.yml'.
[15:51:05][E][pdx_localize.cpp:279]: Duplicate localization key. Key 'DI_pinned_characters' is defined in both 'localization/russian/gui/DI_RUS_l_russian.yml' and 'localization/russian/gui/DI_l_russian.yml'.
[15:51:05][E][pdx_localize.cpp:279]: Duplicate localization key. Key 'DI_pinned_characters_no_match' is defined in both 'localization/russian/gui/DI_RUS_l_russian.yml' and 'localization/russian/gui/DI_l_russian.yml'.
[15:51:05][E][pdx_localize.cpp:279]: Duplicate localization key. Key 'DI_pinned_char_var' is defined in both 'localization/russian/gui/DI_RUS_l_russian.yml' and 'localization/russian/gui/DI_l_russian.yml'.
[15:51:05][E][pdx_localize.cpp:279]: Duplicate localization key. Key 'DI_pinned_single_view' is defined in both 'localization/russian/gui/DI_RUS_l_russian.yml' and 'localization/russian/gui/DI_l_russian.yml'.
[15:51:05][E][pdx_localize.cpp:279]: Duplicate localization key. Key 'DI_primary_pinned_character' is defined in both 'localization/russian/gui/DI_RUS_l_russian.yml' and 'localization/russian/gui/DI_l_russian.yml'.
[15:51:05][E][pdx_localize.cpp:279]: Duplicate localization key. Key 'DI_increment' is defined in both 'localization/russian/gui/DI_RUS_l_russian.yml' and 'localization/russian/gui/DI_l_russian.yml'.
[15:51:05][E][pdx_localize.cpp:279]: Duplicate localization key. Key 'DI_increment_tt' is defined in both 'localization/russian/gui/DI_RUS_l_russian.yml' and 'localization/russian/gui/DI_l_russian.yml'.
[15:51:05][E][pdx_localize.cpp:279]: Duplicate localization key. Key 'DI_age' is defined in both 'localization/russian/gui/DI_RUS_l_russian.yml' and 'localization/russian/gui/DI_l_russian.yml'.
[15:51:05][E][pdx_localize.cpp:279]: Duplicate localization key. Key 'DI_kill_tt' is defined in both 'localization/russian/gui/DI_RUS_l_russian.yml' and 'localization/russian/gui/DI_l_russian.yml'.
[15:51:05][E][pdx_localize.cpp:279]: Duplicate localization key. Key 'DI_vassalize_tt' is defined in both 'localization/russian/gui/DI_RUS_l_russian.yml' and 'localization/russian/gui/DI_l_russian.yml'.
[15:51:05][E][pdx_localize.cpp:279]: Duplicate localization key. Key 'DI_STRESS_TOOLTIP' is defined in both 'localization/russian/gui/DI_RUS_l_russian.yml' and 'localization/russian/gui/DI_l_russian.yml'.
[15:51:05][E][pdx_localize.cpp:279]: Duplicate localization key. Key 'DI_pinned_age' is defined in both 'localization/russian/gui/DI_RUS_l_russian.yml' and 'localization/russian/gui/DI_l_russian.yml'.
[15:51:05][E][pdx_localize.cpp:279]: Duplicate localization key. Key 'DI_PC_diplomacy' is defined in both 'localization/russian/gui/DI_RUS_l_russian.yml' and 'localization/russian/gui/DI_l_russian.yml'.
[15:51:05][E][pdx_localize.cpp:279]: Duplicate localization key. Key 'DI_PC_martial' is defined in both 'localization/russian/gui/DI_RUS_l_russian.yml' and 'localization/russian/gui/DI_l_russian.yml'.
[15:51:05][E][pdx_localize.cpp:279]: Duplicate localization key. Key 'DI_PC_stewardship' is defined in both 'localization/russian/gui/DI_RUS_l_russian.yml' and 'localization/russian/gui/DI_l_russian.yml'.
[15:51:05][E][pdx_localize.cpp:279]: Duplicate localization key. Key 'DI_PC_intrigue' is defined in both 'localization/russian/gui/DI_RUS_l_russian.yml' and 'localization/russian/gui/DI_l_russian.yml'.
[15:51:05][E][pdx_localize.cpp:279]: Duplicate localization key. Key 'DI_PC_learning' is defined in both 'localization/russian/gui/DI_RUS_l_russian.yml' and 'localization/russian/gui/DI_l_russian.yml'.
[15:51:05][E][pdx_localize.cpp:279]: Duplicate localization key. Key 'DI_PC_prowess' is defined in both 'localization/russian/gui/DI_RUS_l_russian.yml' and 'localization/russian/gui/DI_l_russian.yml'.
[15:51:05][E][pdx_localize.cpp:279]: Duplicate localization key. Key 'DI_PC_gold' is defined in both 'localization/russian/gui/DI_RUS_l_russian.yml' and 'localization/russian/gui/DI_l_russian.yml'.
[15:51:05][E][pdx_localize.cpp:279]: Duplicate localization key. Key 'DI_PC_prestige' is defined in both 'localization/russian/gui/DI_RUS_l_russian.yml' and 'localization/russian/gui/DI_l_russian.yml'.
[15:51:05][E][pdx_localize.cpp:279]: Duplicate localization key. Key 'DI_PC_piety' is defined in both 'localization/russian/gui/DI_RUS_l_russian.yml' and 'localization/russian/gui/DI_l_russian.yml'.
[15:51:05][E][pdx_localize.cpp:279]: Duplicate localization key. Key 'DI_PC_dprestige' is defined in both 'localization/russian/gui/DI_RUS_l_russian.yml' and 'localization/russian/gui/DI_l_russian.yml'.
[15:51:05][E][pdx_localize.cpp:279]: Duplicate localization key. Key 'DI_PC_influence' is defined in both 'localization/russian/gui/DI_RUS_l_russian.yml' and 'localization/russian/gui/DI_l_russian.yml'.
[15:51:05][E][pdx_localize.cpp:279]: Duplicate localization key. Key 'DI_PC_provisions' is defined in both 'localization/russian/gui/DI_RUS_l_russian.yml' and 'localization/russian/gui/DI_l_russian.yml'.
[15:51:05][E][pdx_localize.cpp:279]: Duplicate localization key. Key 'DI_PC_herd' is defined in both 'localization/russian/gui/DI_RUS_l_russian.yml' and 'localization/russian/gui/DI_l_russian.yml'.
[15:51:05][E][pdx_localize.cpp:279]: Duplicate localization key. Key 'DI_PC_barter_goods' is defined in both 'localization/russian/gui/DI_RUS_l_russian.yml' and 'localization/russian/gui/DI_l_russian.yml'.
[15:51:05][E][pdx_localize.cpp:279]: Duplicate localization key. Key 'DI_PC_treasury' is defined in both 'localization/russian/gui/DI_RUS_l_russian.yml' and 'localization/russian/gui/DI_l_russian.yml'.
[15:51:05][E][pdx_localize.cpp:279]: Duplicate localization key. Key 'DI_PC_merit_level' is defined in both 'localization/russian/gui/DI_RUS_l_russian.yml' and 'localization/russian/gui/DI_l_russian.yml'.
[15:51:05][E][pdx_localize.cpp:279]: Duplicate localization key. Key 'DI_apply_skill' is defined in both 'localization/russian/gui/DI_RUS_l_russian.yml' and 'localization/russian/gui/DI_l_russian.yml'.
[15:51:05][E][pdx_localize.cpp:279]: Duplicate localization key. Key 'DI_execute_tt' is defined in both 'localization/russian/gui/DI_RUS_l_russian.yml' and 'localization/russian/gui/DI_l_russian.yml'.
[15:51:05][E][pdx_localize.cpp:279]: Duplicate localization key. Key 'DI_house_arrest_tt' is defined in both 'localization/russian/gui/DI_RUS_l_russian.yml' and 'localization/russian/gui/DI_l_russian.yml'.
[15:51:05][E][pdx_localize.cpp:279]: Duplicate localization key. Key 'DI_imprison_tt' is defined in both 'localization/russian/gui/DI_RUS_l_russian.yml' and 'localization/russian/gui/DI_l_russian.yml'.
[15:51:05][E][pdx_localize.cpp:279]: Duplicate localization key. Key 'DI_pin_living' is defined in both 'localization/russian/gui/DI_RUS_l_russian.yml' and 'localization/russian/gui/DI_l_russian.yml'.
[15:51:05][E][pdx_localize.cpp:279]: Duplicate localization key. Key 'DI_pin_living_tt' is defined in both 'localization/russian/gui/DI_RUS_l_russian.yml' and 'localization/russian/gui/DI_l_russian.yml'.
[15:51:05][E][pdx_localize.cpp:279]: Duplicate localization key. Key 'DI_pin_pinned' is defined in both 'localization/russian/gui/DI_RUS_l_russian.yml' and 'localization/russian/gui/DI_l_russian.yml'.
[15:51:05][E][pdx_localize.cpp:279]: Duplicate localization key. Key 'DI_pin_pinned_tt' is defined in both 'localization/russian/gui/DI_RUS_l_russian.yml' and 'localization/russian/gui/DI_l_russian.yml'.
[15:51:05][E][pdx_localize.cpp:279]: Duplicate localization key. Key 'DI_PC_religion_tt' is defined in both 'localization/russian/gui/DI_RUS_l_russian.yml' and 'localization/russian/gui/DI_l_russian.yml'.
[15:51:05][E][pdx_localize.cpp:279]: Duplicate localization key. Key 'DI_PC_culture_tt' is defined in both 'localization/russian/gui/DI_RUS_l_russian.yml' and 'localization/russian/gui/DI_l_russian.yml'.
[15:51:05][E][pdx_localize.cpp:279]: Duplicate localization key. Key 'DI_PC_title_tt' is defined in both 'localization/russian/gui/DI_RUS_l_russian.yml' and 'localization/russian/gui/DI_l_russian.yml'.
[15:51:05][E][pdx_localize.cpp:279]: Duplicate localization key. Key 'DI_PC_title_options' is defined in both 'localization/russian/gui/DI_RUS_l_russian.yml' and 'localization/russian/gui/DI_l_russian.yml'.
[15:51:05][E][pdx_localize.cpp:279]: Duplicate localization key. Key 'DI_PC_title_options_tt' is defined in both 'localization/russian/gui/DI_RUS_l_russian.yml' and 'localization/russian/gui/DI_l_russian.yml'.
[15:51:05][E][pdx_localize.cpp:279]: Duplicate localization key. Key 'DI_unpin_tt' is defined in both 'localization/russian/gui/DI_RUS_l_russian.yml' and 'localization/russian/gui/DI_l_russian.yml'.
[15:51:05][E][pdx_localize.cpp:279]: Duplicate localization key. Key 'DI_title_manager' is defined in both 'localization/russian/gui/DI_RUS_l_russian.yml' and 'localization/russian/gui/DI_l_russian.yml'.
[15:51:05][E][pdx_localize.cpp:279]: Duplicate localization key. Key 'DI_title_manager_tt' is defined in both 'localization/russian/gui/DI_RUS_l_russian.yml' and 'localization/russian/gui/DI_l_russian.yml'.
[15:51:05][E][pdx_localize.cpp:279]: Duplicate localization key. Key 'DI_tab_filter' is defined in both 'localization/russian/gui/DI_RUS_l_russian.yml' and 'localization/russian/gui/DI_l_russian.yml'.
[15:51:05][E][pdx_localize.cpp:279]: Duplicate localization key. Key 'DI_tab_filter_tt' is defined in both 'localization/russian/gui/DI_RUS_l_russian.yml' and 'localization/russian/gui/DI_l_russian.yml'.
[15:51:05][E][pdx_localize.cpp:279]: Duplicate localization key. Key 'DI_tab_quick_actions' is defined in both 'localization/russian/gui/DI_RUS_l_russian.yml' and 'localization/russian/gui/DI_l_russian.yml'.
[15:51:05][E][pdx_localize.cpp:279]: Duplicate localization key. Key 'DI_tab_quick_actions_tt' is defined in both 'localization/russian/gui/DI_RUS_l_russian.yml' and 'localization/russian/gui/DI_l_russian.yml'.
[15:51:05][E][pdx_localize.cpp:279]: Duplicate localization key. Key 'DI_tab_conversion' is defined in both 'localization/russian/gui/DI_RUS_l_russian.yml' and 'localization/russian/gui/DI_l_russian.yml'.
[15:51:05][E][pdx_localize.cpp:279]: Duplicate localization key. Key 'DI_tab_conversion_tt' is defined in both 'localization/russian/gui/DI_RUS_l_russian.yml' and 'localization/russian/gui/DI_l_russian.yml'.
[15:51:05][E][pdx_localize.cpp:279]: Duplicate localization key. Key 'DI_tab_province_management' is defined in both 'localization/russian/gui/DI_RUS_l_russian.yml' and 'localization/russian/gui/DI_l_russian.yml'.
[15:51:05][E][pdx_localize.cpp:279]: Duplicate localization key. Key 'DI_tab_province_management_tt' is defined in both 'localization/russian/gui/DI_RUS_l_russian.yml' and 'localization/russian/gui/DI_l_russian.yml'.
[15:51:05][E][pdx_localize.cpp:279]: Duplicate localization key. Key 'DI_toggle_all_pinned_titles' is defined in both 'localization/russian/gui/DI_RUS_l_russian.yml' and 'localization/russian/gui/DI_l_russian.yml'.
[15:51:05][E][pdx_localize.cpp:279]: Duplicate localization key. Key 'DI_toggle_all_pinned_titles_tt' is defined in both 'localization/russian/gui/DI_RUS_l_russian.yml' and 'localization/russian/gui/DI_l_russian.yml'.
[15:51:05][E][pdx_localize.cpp:279]: Duplicate localization key. Key 'DI_clear_all_pinned_titles' is defined in both 'localization/russian/gui/DI_RUS_l_russian.yml' and 'localization/russian/gui/DI_l_russian.yml'.
[15:51:05][E][pdx_localize.cpp:279]: Duplicate localization key. Key 'DI_unpin_selected_titles' is defined in both 'localization/russian/gui/DI_RUS_l_russian.yml' and 'localization/russian/gui/DI_l_russian.yml'.
[15:51:05][E][pdx_localize.cpp:279]: Duplicate localization key. Key 'DI_pinned_characters_titles' is defined in both 'localization/russian/gui/DI_RUS_l_russian.yml' and 'localization/russian/gui/DI_l_russian.yml'.
[15:51:05][E][pdx_localize.cpp:279]: Duplicate localization key. Key 'DI_sort_by_rank' is defined in both 'localization/russian/gui/DI_RUS_l_russian.yml' and 'localization/russian/gui/DI_l_russian.yml'.
[15:51:05][E][pdx_localize.cpp:279]: Duplicate localization key. Key 'DI_select_empires' is defined in both 'localization/russian/gui/DI_RUS_l_russian.yml' and 'localization/russian/gui/DI_l_russian.yml'.
[15:51:05][E][pdx_localize.cpp:279]: Duplicate localization key. Key 'DI_select_empires_tt' is defined in both 'localization/russian/gui/DI_RUS_l_russian.yml' and 'localization/russian/gui/DI_l_russian.yml'.
[15:51:05][E][pdx_localize.cpp:279]: Duplicate localization key. Key 'DI_select_kingdoms' is defined in both 'localization/russian/gui/DI_RUS_l_russian.yml' and 'localization/russian/gui/DI_l_russian.yml'.
[15:51:05][E][pdx_localize.cpp:279]: Duplicate localization key. Key 'DI_select_kingdoms_tt' is defined in both 'localization/russian/gui/DI_RUS_l_russian.yml' and 'localization/russian/gui/DI_l_russian.yml'.
[15:51:05][E][pdx_localize.cpp:279]: Duplicate localization key. Key 'DI_select_duchies' is defined in both 'localization/russian/gui/DI_RUS_l_russian.yml' and 'localization/russian/gui/DI_l_russian.yml'.
[15:51:05][E][pdx_localize.cpp:279]: Duplicate localization key. Key 'DI_select_duchies_tt' is defined in both 'localization/russian/gui/DI_RUS_l_russian.yml' and 'localization/russian/gui/DI_l_russian.yml'.
[15:51:05][E][pdx_localize.cpp:279]: Duplicate localization key. Key 'DI_select_counties' is defined in both 'localization/russian/gui/DI_RUS_l_russian.yml' and 'localization/russian/gui/DI_l_russian.yml'.
[15:51:05][E][pdx_localize.cpp:279]: Duplicate localization key. Key 'DI_select_counties_tt' is defined in both 'localization/russian/gui/DI_RUS_l_russian.yml' and 'localization/russian/gui/DI_l_russian.yml'.
[15:51:05][E][pdx_localize.cpp:279]: Duplicate localization key. Key 'DI_claim_titles' is defined in both 'localization/russian/gui/DI_RUS_l_russian.yml' and 'localization/russian/gui/DI_l_russian.yml'.
[15:51:05][E][pdx_localize.cpp:279]: Duplicate localization key. Key 'DI_take_titles' is defined in both 'localization/russian/gui/DI_RUS_l_russian.yml' and 'localization/russian/gui/DI_l_russian.yml'.
[15:51:05][E][pdx_localize.cpp:279]: Duplicate localization key. Key 'DI_destroy_titles' is defined in both 'localization/russian/gui/DI_RUS_l_russian.yml' and 'localization/russian/gui/DI_l_russian.yml'.
[15:51:05][E][pdx_localize.cpp:279]: Duplicate localization key. Key 'DI_convert_religion' is defined in both 'localization/russian/gui/DI_RUS_l_russian.yml' and 'localization/russian/gui/DI_l_russian.yml'.
[15:51:05][E][pdx_localize.cpp:279]: Duplicate localization key. Key 'DI_convert_culture' is defined in both 'localization/russian/gui/DI_RUS_l_russian.yml' and 'localization/russian/gui/DI_l_russian.yml'.
[15:51:05][E][pdx_localize.cpp:279]: Duplicate localization key. Key 'DI_convert_dejure' is defined in both 'localization/russian/gui/DI_RUS_l_russian.yml' and 'localization/russian/gui/DI_l_russian.yml'.
[15:51:05][E][pdx_localize.cpp:279]: Duplicate localization key. Key 'DI_remove_holding' is defined in both 'localization/russian/gui/DI_RUS_l_russian.yml' and 'localization/russian/gui/DI_l_russian.yml'.
[15:51:05][E][pdx_localize.cpp:279]: Duplicate localization key. Key 'DI_remove_holding_tt' is defined in both 'localization/russian/gui/DI_RUS_l_russian.yml' and 'localization/russian/gui/DI_l_russian.yml'.
[15:51:05][E][pdx_localize.cpp:279]: Duplicate localization key. Key 'DI_add_building_slot' is defined in both 'localization/russian/gui/DI_RUS_l_russian.yml' and 'localization/russian/gui/DI_l_russian.yml'.
[15:51:05][E][pdx_localize.cpp:279]: Duplicate localization key. Key 'DI_add_building_slot_tt' is defined in both 'localization/russian/gui/DI_RUS_l_russian.yml' and 'localization/russian/gui/DI_l_russian.yml'.
[15:51:05][E][pdx_localize.cpp:279]: Duplicate localization key. Key 'DI_set_holding_type' is defined in both 'localization/russian/gui/DI_RUS_l_russian.yml' and 'localization/russian/gui/DI_l_russian.yml'.
[15:51:05][E][pdx_localize.cpp:279]: Duplicate localization key. Key 'DI_set_holding_type_tt' is defined in both 'localization/russian/gui/DI_RUS_l_russian.yml' and 'localization/russian/gui/DI_l_russian.yml'.
[15:51:05][E][pdx_localize.cpp:279]: Duplicate localization key. Key 'DI_remove_buildings' is defined in both 'localization/russian/gui/DI_RUS_l_russian.yml' and 'localization/russian/gui/DI_l_russian.yml'.
[15:51:05][E][pdx_localize.cpp:279]: Duplicate localization key. Key 'DI_max_building_upgrades' is defined in both 'localization/russian/gui/DI_RUS_l_russian.yml' and 'localization/russian/gui/DI_l_russian.yml'.
[15:51:05][E][pdx_localize.cpp:279]: Duplicate localization key. Key 'DI_generate_buildings' is defined in both 'localization/russian/gui/DI_RUS_l_russian.yml' and 'localization/russian/gui/DI_l_russian.yml'.
[15:51:05][E][pdx_localize.cpp:279]: Duplicate localization key. Key 'DI_construct_building' is defined in both 'localization/russian/gui/DI_RUS_l_russian.yml' and 'localization/russian/gui/DI_l_russian.yml'.
[15:51:05][E][pdx_localize.cpp:279]: Duplicate localization key. Key 'DI_select_holding_type' is defined in both 'localization/russian/gui/DI_RUS_l_russian.yml' and 'localization/russian/gui/DI_l_russian.yml'.
[15:51:05][E][pdx_localize.cpp:279]: Duplicate localization key. Key 'DI_already_county_capital_tt' is defined in both 'localization/russian/gui/DI_RUS_l_russian.yml' and 'localization/russian/gui/DI_l_russian.yml'.
[15:51:05][E][pdx_localize.cpp:279]: Duplicate localization key. Key 'DI_make_county_capital_tt' is defined in both 'localization/russian/gui/DI_RUS_l_russian.yml' and 'localization/russian/gui/DI_l_russian.yml'.
[15:51:05][E][pdx_localize.cpp:279]: Duplicate localization key. Key 'DI_selected_over_pinned_tt' is defined in both 'localization/russian/gui/DI_RUS_l_russian.yml' and 'localization/russian/gui/DI_l_russian.yml'.
[15:51:05][E][pdx_localize.cpp:279]: Duplicate localization key. Key 'DI_pinned_over_pinned_tt' is defined in both 'localization/russian/gui/DI_RUS_l_russian.yml' and 'localization/russian/gui/DI_l_russian.yml'.
[15:51:05][E][pdx_localize.cpp:279]: Duplicate localization key. Key 'DI_create_dejure_liege_title' is defined in both 'localization/russian/gui/DI_RUS_l_russian.yml' and 'localization/russian/gui/DI_l_russian.yml'.
[15:51:05][E][pdx_localize.cpp:279]: Duplicate localization key. Key 'DI_create_dejure_liege_title_tt' is defined in both 'localization/russian/gui/DI_RUS_l_russian.yml' and 'localization/russian/gui/DI_l_russian.yml'.
[15:51:05][E][pdx_localize.cpp:279]: Duplicate localization key. Key 'DI_create_dejure_vassal_titles' is defined in both 'localization/russian/gui/DI_RUS_l_russian.yml' and 'localization/russian/gui/DI_l_russian.yml'.
[15:51:05][E][pdx_localize.cpp:279]: Duplicate localization key. Key 'DI_create_dejure_vassal_titles_tt' is defined in both 'localization/russian/gui/DI_RUS_l_russian.yml' and 'localization/russian/gui/DI_l_russian.yml'.
[15:51:05][E][pdx_localize.cpp:279]: Duplicate localization key. Key 'DI_create_entire_dejure_tree' is defined in both 'localization/russian/gui/DI_RUS_l_russian.yml' and 'localization/russian/gui/DI_l_russian.yml'.
[15:51:05][E][pdx_localize.cpp:279]: Duplicate localization key. Key 'DI_create_entire_dejure_tree_tt' is defined in both 'localization/russian/gui/DI_RUS_l_russian.yml' and 'localization/russian/gui/DI_l_russian.yml'.
[15:51:05][E][pdx_localize.cpp:279]: Duplicate localization key. Key 'game_concept_tribe_holding' is defined in both 'localization/russian/gui/DI_RUS_l_russian.yml' and 'localization/russian/gui/DI_l_russian.yml'.
[15:51:05][E][pdx_localize.cpp:279]: Duplicate localization key. Key 'DI_dejure_title' is defined in both 'localization/russian/gui/DI_RUS_l_russian.yml' and 'localization/russian/gui/DI_l_russian.yml'.
[15:51:05][E][pdx_localize.cpp:279]: Duplicate localization key. Key 'DI_event_manager_title' is defined in both 'localization/russian/gui/DI_RUS_l_russian.yml' and 'localization/russian/gui/DI_l_russian.yml'.
[15:51:05][E][pdx_localize.cpp:279]: Duplicate localization key. Key 'DI_event_manager_tt' is defined in both 'localization/russian/gui/DI_RUS_l_russian.yml' and 'localization/russian/gui/DI_l_russian.yml'.
[15:51:05][E][pdx_localize.cpp:279]: Duplicate localization key. Key 'DI_em_example_event' is defined in both 'localization/russian/gui/DI_RUS_l_russian.yml' and 'localization/russian/gui/DI_l_russian.yml'.
[15:51:05][E][pdx_localize.cpp:279]: Duplicate localization key. Key 'DI_em_pregnancy' is defined in both 'localization/russian/gui/DI_RUS_l_russian.yml' and 'localization/russian/gui/DI_l_russian.yml'.
[15:51:05][E][pdx_localize.cpp:279]: Duplicate localization key. Key 'DI_em_harm' is defined in both 'localization/russian/gui/DI_RUS_l_russian.yml' and 'localization/russian/gui/DI_l_russian.yml'.
[15:51:05][E][pdx_localize.cpp:279]: Duplicate localization key. Key 'DI_char_spawner' is defined in both 'localization/russian/gui/DI_RUS_l_russian.yml' and 'localization/russian/gui/DI_l_russian.yml'.
[15:51:05][E][pdx_localize.cpp:279]: Duplicate localization key. Key 'DI_char_spawner_female' is defined in both 'localization/russian/gui/DI_RUS_l_russian.yml' and 'localization/russian/gui/DI_l_russian.yml'.
[15:51:05][E][pdx_localize.cpp:279]: Duplicate localization key. Key 'DI_char_spawner_no_traits' is defined in both 'localization/russian/gui/DI_RUS_l_russian.yml' and 'localization/russian/gui/DI_l_russian.yml'.
[15:51:05][E][pdx_localize.cpp:279]: Duplicate localization key. Key 'DI_char_spawner_100_stat_man' is defined in both 'localization/russian/gui/DI_RUS_l_russian.yml' and 'localization/russian/gui/DI_l_russian.yml'.
[15:51:05][E][pdx_localize.cpp:279]: Duplicate localization key. Key 'DI_char_spawner_good_traits' is defined in both 'localization/russian/gui/DI_RUS_l_russian.yml' and 'localization/russian/gui/DI_l_russian.yml'.
[15:51:05][E][pdx_localize.cpp:279]: Duplicate localization key. Key 'DI_char_spawner_immortal' is defined in both 'localization/russian/gui/DI_RUS_l_russian.yml' and 'localization/russian/gui/DI_l_russian.yml'.
[15:51:05][E][pdx_localize.cpp:279]: Duplicate localization key. Key 'DI_char_spawner_origins' is defined in both 'localization/russian/gui/DI_RUS_l_russian.yml' and 'localization/russian/gui/DI_l_russian.yml'.
[15:51:05][E][pdx_localize.cpp:279]: Duplicate localization key. Key 'DI_char_spawner_culture' is defined in both 'localization/russian/gui/DI_RUS_l_russian.yml' and 'localization/russian/gui/DI_l_russian.yml'.
[15:51:05][E][pdx_localize.cpp:279]: Duplicate localization key. Key 'DI_char_spawner_faith' is defined in both 'localization/russian/gui/DI_RUS_l_russian.yml' and 'localization/russian/gui/DI_l_russian.yml'.
[15:51:05][E][pdx_localize.cpp:279]: Duplicate localization key. Key 'DI_char_spawner_origin_target' is defined in both 'localization/russian/gui/DI_RUS_l_russian.yml' and 'localization/russian/gui/DI_l_russian.yml'.
[15:51:05][E][pdx_localize.cpp:279]: Duplicate localization key. Key 'DI_char_spawner_origin_target_tt' is defined in both 'localization/russian/gui/DI_RUS_l_russian.yml' and 'localization/russian/gui/DI_l_russian.yml'.
[15:51:05][E][pdx_localize.cpp:279]: Duplicate localization key. Key 'DI_char_spawner_origin_random' is defined in both 'localization/russian/gui/DI_RUS_l_russian.yml' and 'localization/russian/gui/DI_l_russian.yml'.
[15:51:05][E][pdx_localize.cpp:279]: Duplicate localization key. Key 'DI_char_spawner_random_culture_tt' is defined in both 'localization/russian/gui/DI_RUS_l_russian.yml' and 'localization/russian/gui/DI_l_russian.yml'.
[15:51:05][E][pdx_localize.cpp:279]: Duplicate localization key. Key 'DI_char_spawner_random_faith_tt' is defined in both 'localization/russian/gui/DI_RUS_l_russian.yml' and 'localization/russian/gui/DI_l_russian.yml'.
[15:51:05][E][pdx_localize.cpp:279]: Duplicate localization key. Key 'DI_char_spawner_select_culture_tt' is defined in both 'localization/russian/gui/DI_RUS_l_russian.yml' and 'localization/russian/gui/DI_l_russian.yml'.
[15:51:05][E][pdx_localize.cpp:279]: Duplicate localization key. Key 'DI_char_spawner_select_faith_tt' is defined in both 'localization/russian/gui/DI_RUS_l_russian.yml' and 'localization/russian/gui/DI_l_russian.yml'.
[15:51:05][E][pdx_localize.cpp:279]: Duplicate localization key. Key 'DI_char_spawner_select_faith' is defined in both 'localization/russian/gui/DI_RUS_l_russian.yml' and 'localization/russian/gui/DI_l_russian.yml'.
[15:51:05][E][pdx_localize.cpp:279]: Duplicate localization key. Key 'DI_char_spawner_random_options' is defined in both 'localization/russian/gui/DI_RUS_l_russian.yml' and 'localization/russian/gui/DI_l_russian.yml'.
[15:51:05][E][pdx_localize.cpp:279]: Duplicate localization key. Key 'DI_char_spawner_random_culture_title' is defined in both 'localization/russian/gui/DI_RUS_l_russian.yml' and 'localization/russian/gui/DI_l_russian.yml'.
[15:51:05][E][pdx_localize.cpp:279]: Duplicate localization key. Key 'DI_char_spawner_random_faith_title' is defined in both 'localization/russian/gui/DI_RUS_l_russian.yml' and 'localization/russian/gui/DI_l_russian.yml'.
[15:51:05][E][pdx_localize.cpp:279]: Duplicate localization key. Key 'DI_char_spawner_random_global' is defined in both 'localization/russian/gui/DI_RUS_l_russian.yml' and 'localization/russian/gui/DI_l_russian.yml'.
[15:51:05][E][pdx_localize.cpp:279]: Duplicate localization key. Key 'DI_char_spawner_random_same_heritage' is defined in both 'localization/russian/gui/DI_RUS_l_russian.yml' and 'localization/russian/gui/DI_l_russian.yml'.
[15:51:05][E][pdx_localize.cpp:279]: Duplicate localization key. Key 'DI_char_spawner_random_same_language' is defined in both 'localization/russian/gui/DI_RUS_l_russian.yml' and 'localization/russian/gui/DI_l_russian.yml'.
[15:51:05][E][pdx_localize.cpp:279]: Duplicate localization key. Key 'DI_char_spawner_random_same_religion' is defined in both 'localization/russian/gui/DI_RUS_l_russian.yml' and 'localization/russian/gui/DI_l_russian.yml'.
[15:51:05][E][pdx_localize.cpp:279]: Duplicate localization key. Key 'DI_char_spawner_random_same_family' is defined in both 'localization/russian/gui/DI_RUS_l_russian.yml' and 'localization/russian/gui/DI_l_russian.yml'.
[15:51:05][E][pdx_localize.cpp:279]: Duplicate localization key. Key 'DI_char_spawner_random_realm' is defined in both 'localization/russian/gui/DI_RUS_l_russian.yml' and 'localization/russian/gui/DI_l_russian.yml'.
[15:51:05][E][pdx_localize.cpp:279]: Duplicate localization key. Key 'DI_char_spawner_random_low_acceptance' is defined in both 'localization/russian/gui/DI_RUS_l_russian.yml' and 'localization/russian/gui/DI_l_russian.yml'.
[15:51:05][E][pdx_localize.cpp:279]: Duplicate localization key. Key 'DI_char_spawner_random_moderate_acceptance' is defined in both 'localization/russian/gui/DI_RUS_l_russian.yml' and 'localization/russian/gui/DI_l_russian.yml'.
[15:51:05][E][pdx_localize.cpp:279]: Duplicate localization key. Key 'DI_char_spawner_random_high_acceptance' is defined in both 'localization/russian/gui/DI_RUS_l_russian.yml' and 'localization/russian/gui/DI_l_russian.yml'.
[15:51:05][E][pdx_localize.cpp:279]: Duplicate localization key. Key 'DI_char_spawner_random_faith_accepted' is defined in both 'localization/russian/gui/DI_RUS_l_russian.yml' and 'localization/russian/gui/DI_l_russian.yml'.
[15:51:05][E][pdx_localize.cpp:279]: Duplicate localization key. Key 'DI_char_spawner_random_faith_astray' is defined in both 'localization/russian/gui/DI_RUS_l_russian.yml' and 'localization/russian/gui/DI_l_russian.yml'.
[15:51:05][E][pdx_localize.cpp:279]: Duplicate localization key. Key 'DI_char_spawner_random_faith_hostile' is defined in both 'localization/russian/gui/DI_RUS_l_russian.yml' and 'localization/russian/gui/DI_l_russian.yml'.
[15:51:05][E][pdx_localize.cpp:279]: Duplicate localization key. Key 'DI_family_char_spawner' is defined in both 'localization/russian/gui/DI_RUS_l_russian.yml' and 'localization/russian/gui/DI_l_russian.yml'.
[15:51:05][E][pdx_localize.cpp:279]: Duplicate localization key. Key 'DI_family_char_spawner_tt' is defined in both 'localization/russian/gui/DI_RUS_l_russian.yml' and 'localization/russian/gui/DI_l_russian.yml'.
[15:51:05][E][pdx_localize.cpp:279]: Duplicate localization key. Key 'DI_councillors_char_spawner' is defined in both 'localization/russian/gui/DI_RUS_l_russian.yml' and 'localization/russian/gui/DI_l_russian.yml'.
[15:51:05][E][pdx_localize.cpp:279]: Duplicate localization key. Key 'DI_councillors_char_spawner_tt' is defined in both 'localization/russian/gui/DI_RUS_l_russian.yml' and 'localization/russian/gui/DI_l_russian.yml'.
[15:51:05][E][pdx_localize.cpp:279]: Duplicate localization key. Key 'DI_court_char_spawner' is defined in both 'localization/russian/gui/DI_RUS_l_russian.yml' and 'localization/russian/gui/DI_l_russian.yml'.
[15:51:05][E][pdx_localize.cpp:279]: Duplicate localization key. Key 'DI_court_char_spawner_tt' is defined in both 'localization/russian/gui/DI_RUS_l_russian.yml' and 'localization/russian/gui/DI_l_russian.yml'.
[15:51:05][E][pdx_localize.cpp:279]: Duplicate localization key. Key 'DI_char_spawner_age_increment_tt' is defined in both 'localization/russian/gui/DI_RUS_l_russian.yml' and 'localization/russian/gui/DI_l_russian.yml'.
[15:51:05][E][pdx_localize.cpp:279]: Duplicate localization key. Key 'DI_char_spawner_count_increment_tt' is defined in both 'localization/russian/gui/DI_RUS_l_russian.yml' and 'localization/russian/gui/DI_l_russian.yml'.
[15:51:05][E][pdx_localize.cpp:279]: Duplicate localization key. Key 'DI_char_spawner_count_increment' is defined in both 'localization/russian/gui/DI_RUS_l_russian.yml' and 'localization/russian/gui/DI_l_russian.yml'.
[15:51:05][E][pdx_localize.cpp:279]: Duplicate localization key. Key 'DI_char_spawner_age_increment' is defined in both 'localization/russian/gui/DI_RUS_l_russian.yml' and 'localization/russian/gui/DI_l_russian.yml'.
[15:51:05][E][pdx_localize.cpp:279]: Duplicate localization key. Key 'DI_parent' is defined in both 'localization/russian/gui/DI_RUS_l_russian.yml' and 'localization/russian/gui/DI_l_russian.yml'.
[15:51:05][E][pdx_localize.cpp:279]: Duplicate localization key. Key 'DI_parent_tt' is defined in both 'localization/russian/gui/DI_RUS_l_russian.yml' and 'localization/russian/gui/DI_l_russian.yml'.
[15:51:05][E][pdx_localize.cpp:279]: Duplicate localization key. Key 'DI_child' is defined in both 'localization/russian/gui/DI_RUS_l_russian.yml' and 'localization/russian/gui/DI_l_russian.yml'.
[15:51:05][E][pdx_localize.cpp:279]: Duplicate localization key. Key 'DI_child_tt' is defined in both 'localization/russian/gui/DI_RUS_l_russian.yml' and 'localization/russian/gui/DI_l_russian.yml'.
[15:51:05][E][pdx_localize.cpp:279]: Duplicate localization key. Key 'DI_sibling' is defined in both 'localization/russian/gui/DI_RUS_l_russian.yml' and 'localization/russian/gui/DI_l_russian.yml'.
[15:51:05][E][pdx_localize.cpp:279]: Duplicate localization key. Key 'DI_sibling_tt' is defined in both 'localization/russian/gui/DI_RUS_l_russian.yml' and 'localization/russian/gui/DI_l_russian.yml'.
[15:51:05][E][pdx_localize.cpp:279]: Duplicate localization key. Key 'DI_spouse' is defined in both 'localization/russian/gui/DI_RUS_l_russian.yml' and 'localization/russian/gui/DI_l_russian.yml'.
[15:51:05][E][pdx_localize.cpp:279]: Duplicate localization key. Key 'DI_spouse_tt' is defined in both 'localization/russian/gui/DI_RUS_l_russian.yml' and 'localization/russian/gui/DI_l_russian.yml'.
[15:51:05][E][pdx_localize.cpp:279]: Duplicate localization key. Key 'DI_martial_councillor' is defined in both 'localization/russian/gui/DI_RUS_l_russian.yml' and 'localization/russian/gui/DI_l_russian.yml'.
[15:51:05][E][pdx_localize.cpp:279]: Duplicate localization key. Key 'DI_martial_councillor_tt' is defined in both 'localization/russian/gui/DI_RUS_l_russian.yml' and 'localization/russian/gui/DI_l_russian.yml'.
[15:51:05][E][pdx_localize.cpp:279]: Duplicate localization key. Key 'DI_diplomacy_councillor' is defined in both 'localization/russian/gui/DI_RUS_l_russian.yml' and 'localization/russian/gui/DI_l_russian.yml'.
[15:51:05][E][pdx_localize.cpp:279]: Duplicate localization key. Key 'DI_diplomacy_councillor_tt' is defined in both 'localization/russian/gui/DI_RUS_l_russian.yml' and 'localization/russian/gui/DI_l_russian.yml'.
[15:51:05][E][pdx_localize.cpp:279]: Duplicate localization key. Key 'DI_stewardship_councillor' is defined in both 'localization/russian/gui/DI_RUS_l_russian.yml' and 'localization/russian/gui/DI_l_russian.yml'.
[15:51:05][E][pdx_localize.cpp:279]: Duplicate localization key. Key 'DI_stewardship_councillor_tt' is defined in both 'localization/russian/gui/DI_RUS_l_russian.yml' and 'localization/russian/gui/DI_l_russian.yml'.
[15:51:05][E][pdx_localize.cpp:279]: Duplicate localization key. Key 'DI_intrigue_councillor' is defined in both 'localization/russian/gui/DI_RUS_l_russian.yml' and 'localization/russian/gui/DI_l_russian.yml'.
[15:51:05][E][pdx_localize.cpp:279]: Duplicate localization key. Key 'DI_intrigue_councillor_tt' is defined in both 'localization/russian/gui/DI_RUS_l_russian.yml' and 'localization/russian/gui/DI_l_russian.yml'.
[15:51:05][E][pdx_localize.cpp:279]: Duplicate localization key. Key 'DI_learning_councillor' is defined in both 'localization/russian/gui/DI_RUS_l_russian.yml' and 'localization/russian/gui/DI_l_russian.yml'.
[15:51:05][E][pdx_localize.cpp:279]: Duplicate localization key. Key 'DI_learning_councillor_tt' is defined in both 'localization/russian/gui/DI_RUS_l_russian.yml' and 'localization/russian/gui/DI_l_russian.yml'.
[15:51:05][E][pdx_localize.cpp:279]: Duplicate localization key. Key 'improved_stats_effect_TT' is defined in both 'localization/russian/gui/DI_RUS_l_russian.yml' and 'localization/russian/gui/DI_l_russian.yml'.
[15:51:05][E][pdx_localize.cpp:279]: Duplicate localization key. Key 'DI_commander' is defined in both 'localization/russian/gui/DI_RUS_l_russian.yml' and 'localization/russian/gui/DI_l_russian.yml'.
[15:51:05][E][pdx_localize.cpp:279]: Duplicate localization key. Key 'DI_commander_tt' is defined in both 'localization/russian/gui/DI_RUS_l_russian.yml' and 'localization/russian/gui/DI_l_russian.yml'.
[15:51:05][E][pdx_localize.cpp:279]: Duplicate localization key. Key 'DI_knight' is defined in both 'localization/russian/gui/DI_RUS_l_russian.yml' and 'localization/russian/gui/DI_l_russian.yml'.
[15:51:05][E][pdx_localize.cpp:279]: Duplicate localization key. Key 'DI_knight_tt' is defined in both 'localization/russian/gui/DI_RUS_l_russian.yml' and 'localization/russian/gui/DI_l_russian.yml'.
[15:51:05][E][pdx_localize.cpp:279]: Duplicate localization key. Key 'DI_normal_courtier' is defined in both 'localization/russian/gui/DI_RUS_l_russian.yml' and 'localization/russian/gui/DI_l_russian.yml'.
[15:51:05][E][pdx_localize.cpp:279]: Duplicate localization key. Key 'DI_normal_courtier_tt' is defined in both 'localization/russian/gui/DI_RUS_l_russian.yml' and 'localization/russian/gui/DI_l_russian.yml'.
[15:51:05][E][pdx_localize.cpp:279]: Duplicate localization key. Key 'DI_low_normal_courtier' is defined in both 'localization/russian/gui/DI_RUS_l_russian.yml' and 'localization/russian/gui/DI_l_russian.yml'.
[15:51:05][E][pdx_localize.cpp:279]: Duplicate localization key. Key 'DI_low_normal_courtier_tt' is defined in both 'localization/russian/gui/DI_RUS_l_russian.yml' and 'localization/russian/gui/DI_l_russian.yml'.
[15:51:05][E][pdx_localize.cpp:279]: Duplicate localization key. Key 'DI_court_physician' is defined in both 'localization/russian/gui/DI_RUS_l_russian.yml' and 'localization/russian/gui/DI_l_russian.yml'.
[15:51:05][E][pdx_localize.cpp:279]: Duplicate localization key. Key 'DI_cultural_emissary' is defined in both 'localization/russian/gui/DI_RUS_l_russian.yml' and 'localization/russian/gui/DI_l_russian.yml'.
[15:51:05][E][pdx_localize.cpp:279]: Duplicate localization key. Key 'DI_keeper_of_swans' is defined in both 'localization/russian/gui/DI_RUS_l_russian.yml' and 'localization/russian/gui/DI_l_russian.yml'.
[15:51:05][E][pdx_localize.cpp:279]: Duplicate localization key. Key 'DI_chief_qadi' is defined in both 'localization/russian/gui/DI_RUS_l_russian.yml' and 'localization/russian/gui/DI_l_russian.yml'.
[15:51:05][E][pdx_localize.cpp:279]: Duplicate localization key. Key 'DI_garuda' is defined in both 'localization/russian/gui/DI_RUS_l_russian.yml' and 'localization/russian/gui/DI_l_russian.yml'.
[15:51:05][E][pdx_localize.cpp:279]: Duplicate localization key. Key 'DI_court_gardener' is defined in both 'localization/russian/gui/DI_RUS_l_russian.yml' and 'localization/russian/gui/DI_l_russian.yml'.
[15:51:05][E][pdx_localize.cpp:279]: Duplicate localization key. Key 'DI_chief_eunuch' is defined in both 'localization/russian/gui/DI_RUS_l_russian.yml' and 'localization/russian/gui/DI_l_russian.yml'.
[15:51:05][E][pdx_localize.cpp:279]: Duplicate localization key. Key 'DI_lady_in_waiting' is defined in both 'localization/russian/gui/DI_RUS_l_russian.yml' and 'localization/russian/gui/DI_l_russian.yml'.
[15:51:05][E][pdx_localize.cpp:279]: Duplicate localization key. Key 'DI_court_antiquarian' is defined in both 'localization/russian/gui/DI_RUS_l_russian.yml' and 'localization/russian/gui/DI_l_russian.yml'.
[15:51:05][E][pdx_localize.cpp:279]: Duplicate localization key. Key 'DI_court_tutor' is defined in both 'localization/russian/gui/DI_RUS_l_russian.yml' and 'localization/russian/gui/DI_l_russian.yml'.
[15:51:05][E][pdx_localize.cpp:279]: Duplicate localization key. Key 'DI_court_food_taster' is defined in both 'localization/russian/gui/DI_RUS_l_russian.yml' and 'localization/russian/gui/DI_l_russian.yml'.
[15:51:05][E][pdx_localize.cpp:279]: Duplicate localization key. Key 'DI_court_master_of_horse' is defined in both 'localization/russian/gui/DI_RUS_l_russian.yml' and 'localization/russian/gui/DI_l_russian.yml'.
[15:51:05][E][pdx_localize.cpp:279]: Duplicate localization key. Key 'DI_court_master_of_hunt' is defined in both 'localization/russian/gui/DI_RUS_l_russian.yml' and 'localization/russian/gui/DI_l_russian.yml'.
[15:51:05][E][pdx_localize.cpp:279]: Duplicate localization key. Key 'DI_court_royal_architect' is defined in both 'localization/russian/gui/DI_RUS_l_russian.yml' and 'localization/russian/gui/DI_l_russian.yml'.
[15:51:05][E][pdx_localize.cpp:279]: Duplicate localization key. Key 'DI_court_high_almoner' is defined in both 'localization/russian/gui/DI_RUS_l_russian.yml' and 'localization/russian/gui/DI_l_russian.yml'.
[15:51:05][E][pdx_localize.cpp:279]: Duplicate localization key. Key 'DI_court_seneschal' is defined in both 'localization/russian/gui/DI_RUS_l_russian.yml' and 'localization/russian/gui/DI_l_russian.yml'.
[15:51:05][E][pdx_localize.cpp:279]: Duplicate localization key. Key 'DI_court_cupbearer' is defined in both 'localization/russian/gui/DI_RUS_l_russian.yml' and 'localization/russian/gui/DI_l_russian.yml'.
[15:51:05][E][pdx_localize.cpp:279]: Duplicate localization key. Key 'DI_court_jester' is defined in both 'localization/russian/gui/DI_RUS_l_russian.yml' and 'localization/russian/gui/DI_l_russian.yml'.
[15:51:05][E][pdx_localize.cpp:279]: Duplicate localization key. Key 'DI_court_poet' is defined in both 'localization/russian/gui/DI_RUS_l_russian.yml' and 'localization/russian/gui/DI_l_russian.yml'.
[15:51:05][E][pdx_localize.cpp:279]: Duplicate localization key. Key 'DI_court_musician' is defined in both 'localization/russian/gui/DI_RUS_l_russian.yml' and 'localization/russian/gui/DI_l_russian.yml'.
[15:51:05][E][pdx_localize.cpp:279]: Duplicate localization key. Key 'DI_court_bodyguard' is defined in both 'localization/russian/gui/DI_RUS_l_russian.yml' and 'localization/russian/gui/DI_l_russian.yml'.
[15:51:05][E][pdx_localize.cpp:279]: Duplicate localization key. Key 'DI_court_champion' is defined in both 'localization/russian/gui/DI_RUS_l_russian.yml' and 'localization/russian/gui/DI_l_russian.yml'.
[15:51:05][E][pdx_localize.cpp:279]: Duplicate localization key. Key 'DI_court_executioner' is defined in both 'localization/russian/gui/DI_RUS_l_russian.yml' and 'localization/russian/gui/DI_l_russian.yml'.
[15:51:05][E][pdx_localize.cpp:279]: Duplicate localization key. Key 'DI_court_artificer' is defined in both 'localization/russian/gui/DI_RUS_l_russian.yml' and 'localization/russian/gui/DI_l_russian.yml'.
[15:51:05][E][pdx_localize.cpp:279]: Duplicate localization key. Key 'DI_army_spawner' is defined in both 'localization/russian/gui/DI_RUS_l_russian.yml' and 'localization/russian/gui/DI_l_russian.yml'.
[15:51:05][E][pdx_localize.cpp:279]: Duplicate localization key. Key 'DI_army_spawner_increment' is defined in both 'localization/russian/gui/DI_RUS_l_russian.yml' and 'localization/russian/gui/DI_l_russian.yml'.
[15:51:05][E][pdx_localize.cpp:279]: Duplicate localization key. Key 'DI_other_army_spawner' is defined in both 'localization/russian/gui/DI_RUS_l_russian.yml' and 'localization/russian/gui/DI_l_russian.yml'.
[15:51:05][E][pdx_localize.cpp:279]: Duplicate localization key. Key 'DI_army_spawner_increment_tt' is defined in both 'localization/russian/gui/DI_RUS_l_russian.yml' and 'localization/russian/gui/DI_l_russian.yml'.
[15:51:05][E][pdx_localize.cpp:279]: Duplicate localization key. Key 'DI_warning_levy' is defined in both 'localization/russian/gui/DI_RUS_l_russian.yml' and 'localization/russian/gui/DI_l_russian.yml'.
[15:51:05][E][pdx_localize.cpp:279]: Duplicate localization key. Key 'DI_diplomacy' is defined in both 'localization/russian/gui/DI_RUS_l_russian.yml' and 'localization/russian/gui/DI_l_russian.yml'.
[15:51:05][E][pdx_localize.cpp:279]: Duplicate localization key. Key 'DI_select_character' is defined in both 'localization/russian/gui/DI_RUS_l_russian.yml' and 'localization/russian/gui/DI_l_russian.yml'.
[15:51:05][E][pdx_localize.cpp:279]: Duplicate localization key. Key 'DI_primary_character' is defined in both 'localization/russian/gui/DI_RUS_l_russian.yml' and 'localization/russian/gui/DI_l_russian.yml'.
[15:51:05][E][pdx_localize.cpp:279]: Duplicate localization key. Key 'DI_secondary_character' is defined in both 'localization/russian/gui/DI_RUS_l_russian.yml' and 'localization/russian/gui/DI_l_russian.yml'.
[15:51:05][E][pdx_localize.cpp:279]: Duplicate localization key. Key 'DI_tertiary_character' is defined in both 'localization/russian/gui/DI_RUS_l_russian.yml' and 'localization/russian/gui/DI_l_russian.yml'.
[15:51:05][E][pdx_localize.cpp:279]: Duplicate localization key. Key 'DI_tab_relations' is defined in both 'localization/russian/gui/DI_RUS_l_russian.yml' and 'localization/russian/gui/DI_l_russian.yml'.
[15:51:05][E][pdx_localize.cpp:279]: Duplicate localization key. Key 'DI_tab_treaties' is defined in both 'localization/russian/gui/DI_RUS_l_russian.yml' and 'localization/russian/gui/DI_l_russian.yml'.
[15:51:05][E][pdx_localize.cpp:279]: Duplicate localization key. Key 'DI_tab_wars' is defined in both 'localization/russian/gui/DI_RUS_l_russian.yml' and 'localization/russian/gui/DI_l_russian.yml'.
[15:51:05][E][pdx_localize.cpp:279]: Duplicate localization key. Key 'DI_tab_family' is defined in both 'localization/russian/gui/DI_RUS_l_russian.yml' and 'localization/russian/gui/DI_l_russian.yml'.
[15:51:05][E][pdx_localize.cpp:279]: Duplicate localization key. Key 'DI_test' is defined in both 'localization/russian/gui/DI_RUS_l_russian.yml' and 'localization/russian/gui/DI_l_russian.yml'.
[15:51:05][E][pdx_localize.cpp:279]: Duplicate localization key. Key 'DI_clear_primary' is defined in both 'localization/russian/gui/DI_RUS_l_russian.yml' and 'localization/russian/gui/DI_l_russian.yml'.
[15:51:05][E][pdx_localize.cpp:279]: Duplicate localization key. Key 'DI_clear_secondary' is defined in both 'localization/russian/gui/DI_RUS_l_russian.yml' and 'localization/russian/gui/DI_l_russian.yml'.
[15:51:05][E][pdx_localize.cpp:279]: Duplicate localization key. Key 'DI_clear_tertiary' is defined in both 'localization/russian/gui/DI_RUS_l_russian.yml' and 'localization/russian/gui/DI_l_russian.yml'.
[15:51:05][E][pdx_localize.cpp:279]: Duplicate localization key. Key 'DI_relations_tt' is defined in both 'localization/russian/gui/DI_RUS_l_russian.yml' and 'localization/russian/gui/DI_l_russian.yml'.
[15:51:05][E][pdx_localize.cpp:279]: Duplicate localization key. Key 'DI_placeholder_tt' is defined in both 'localization/russian/gui/DI_RUS_l_russian.yml' and 'localization/russian/gui/DI_l_russian.yml'.
[15:51:05][E][pdx_localize.cpp:279]: Duplicate localization key. Key 'DI_reset_relations' is defined in both 'localization/russian/gui/DI_RUS_l_russian.yml' and 'localization/russian/gui/DI_l_russian.yml'.
[15:51:05][E][pdx_localize.cpp:279]: Duplicate localization key. Key 'DI_reset_relations_tt' is defined in both 'localization/russian/gui/DI_RUS_l_russian.yml' and 'localization/russian/gui/DI_l_russian.yml'.
[15:51:05][E][pdx_localize.cpp:279]: Duplicate localization key. Key 'DI_good_relations' is defined in both 'localization/russian/gui/DI_RUS_l_russian.yml' and 'localization/russian/gui/DI_l_russian.yml'.
[15:51:05][E][pdx_localize.cpp:279]: Duplicate localization key. Key 'DI_bad_relations' is defined in both 'localization/russian/gui/DI_RUS_l_russian.yml' and 'localization/russian/gui/DI_l_russian.yml'.
[15:51:05][E][pdx_localize.cpp:279]: Duplicate localization key. Key 'DI_reset_pinned_relations' is defined in both 'localization/russian/gui/DI_RUS_l_russian.yml' and 'localization/russian/gui/DI_l_russian.yml'.
[15:51:05][E][pdx_localize.cpp:279]: Duplicate localization key. Key 'DI_reset_pinned_relations_tt' is defined in both 'localization/russian/gui/DI_RUS_l_russian.yml' and 'localization/russian/gui/DI_l_russian.yml'.
[15:51:05][E][pdx_localize.cpp:279]: Duplicate localization key. Key 'DI_reset_all_pinned_relations' is defined in both 'localization/russian/gui/DI_RUS_l_russian.yml' and 'localization/russian/gui/DI_l_russian.yml'.
[15:51:05][E][pdx_localize.cpp:279]: Duplicate localization key. Key 'DI_reset_all_pinned_relations_tt' is defined in both 'localization/russian/gui/DI_RUS_l_russian.yml' and 'localization/russian/gui/DI_l_russian.yml'.
[15:51:05][E][pdx_localize.cpp:279]: Duplicate localization key. Key 'DI_apply_relations' is defined in both 'localization/russian/gui/DI_RUS_l_russian.yml' and 'localization/russian/gui/DI_l_russian.yml'.
[15:51:05][E][pdx_localize.cpp:279]: Duplicate localization key. Key 'DI_apply_relations_tt' is defined in both 'localization/russian/gui/DI_RUS_l_russian.yml' and 'localization/russian/gui/DI_l_russian.yml'.
[15:51:05][E][pdx_localize.cpp:279]: Duplicate localization key. Key 'DI_apply_pinned_relations' is defined in both 'localization/russian/gui/DI_RUS_l_russian.yml' and 'localization/russian/gui/DI_l_russian.yml'.
[15:51:05][E][pdx_localize.cpp:279]: Duplicate localization key. Key 'DI_apply_pinned_relations_tt' is defined in both 'localization/russian/gui/DI_RUS_l_russian.yml' and 'localization/russian/gui/DI_l_russian.yml'.
[15:51:05][E][pdx_localize.cpp:279]: Duplicate localization key. Key 'DI_apply_all_pinned_relations' is defined in both 'localization/russian/gui/DI_RUS_l_russian.yml' and 'localization/russian/gui/DI_l_russian.yml'.
[15:51:05][E][pdx_localize.cpp:279]: Duplicate localization key. Key 'DI_apply_all_pinned_relations_tt' is defined in both 'localization/russian/gui/DI_RUS_l_russian.yml' and 'localization/russian/gui/DI_l_russian.yml'.
[15:51:05][E][pdx_localize.cpp:279]: Duplicate localization key. Key 'DI_relation_add_compatibility_tt' is defined in both 'localization/russian/gui/DI_RUS_l_russian.yml' and 'localization/russian/gui/DI_l_russian.yml'.
[15:51:05][E][pdx_localize.cpp:279]: Duplicate localization key. Key 'DI_dip_treaty_button' is defined in both 'localization/russian/gui/DI_RUS_l_russian.yml' and 'localization/russian/gui/DI_l_russian.yml'.
[15:51:05][E][pdx_localize.cpp:279]: Duplicate localization key. Key 'DI_dip_treaty_button_tt' is defined in both 'localization/russian/gui/DI_RUS_l_russian.yml' and 'localization/russian/gui/DI_l_russian.yml'.
[15:51:05][E][pdx_localize.cpp:279]: Duplicate localization key. Key 'DI_dip_alliance_button' is defined in both 'localization/russian/gui/DI_RUS_l_russian.yml' and 'localization/russian/gui/DI_l_russian.yml'.
[15:51:05][E][pdx_localize.cpp:279]: Duplicate localization key. Key 'DI_dip_alliance_button_tt' is defined in both 'localization/russian/gui/DI_RUS_l_russian.yml' and 'localization/russian/gui/DI_l_russian.yml'.
[15:51:05][E][pdx_localize.cpp:279]: Duplicate localization key. Key 'DI_dip_vassalize_button' is defined in both 'localization/russian/gui/DI_RUS_l_russian.yml' and 'localization/russian/gui/DI_l_russian.yml'.
[15:51:05][E][pdx_localize.cpp:279]: Duplicate localization key. Key 'DI_dip_vassalize_button_tt' is defined in both 'localization/russian/gui/DI_RUS_l_russian.yml' and 'localization/russian/gui/DI_l_russian.yml'.
[15:51:05][E][pdx_localize.cpp:279]: Duplicate localization key. Key 'DI_dip_take_titles_button' is defined in both 'localization/russian/gui/DI_RUS_l_russian.yml' and 'localization/russian/gui/DI_l_russian.yml'.
[15:51:05][E][pdx_localize.cpp:279]: Duplicate localization key. Key 'DI_dip_take_titles_button_tt' is defined in both 'localization/russian/gui/DI_RUS_l_russian.yml' and 'localization/russian/gui/DI_l_russian.yml'.
[15:51:05][E][pdx_localize.cpp:279]: Duplicate localization key. Key 'DI_all_treaty' is defined in both 'localization/russian/gui/DI_RUS_l_russian.yml' and 'localization/russian/gui/DI_l_russian.yml'.
[15:51:05][E][pdx_localize.cpp:279]: Duplicate localization key. Key 'DI_all_treaty_tt' is defined in both 'localization/russian/gui/DI_RUS_l_russian.yml' and 'localization/russian/gui/DI_l_russian.yml'.
[15:51:05][E][pdx_localize.cpp:279]: Duplicate localization key. Key 'DI_all_break_treaty' is defined in both 'localization/russian/gui/DI_RUS_l_russian.yml' and 'localization/russian/gui/DI_l_russian.yml'.
[15:51:05][E][pdx_localize.cpp:279]: Duplicate localization key. Key 'DI_all_break_treaty_tt' is defined in both 'localization/russian/gui/DI_RUS_l_russian.yml' and 'localization/russian/gui/DI_l_russian.yml'.
[15:51:05][E][pdx_localize.cpp:279]: Duplicate localization key. Key 'DI_every_pinned_treaty' is defined in both 'localization/russian/gui/DI_RUS_l_russian.yml' and 'localization/russian/gui/DI_l_russian.yml'.
[15:51:05][E][pdx_localize.cpp:279]: Duplicate localization key. Key 'DI_every_pinned_treaty_tt' is defined in both 'localization/russian/gui/DI_RUS_l_russian.yml' and 'localization/russian/gui/DI_l_russian.yml'.
[15:51:05][E][pdx_localize.cpp:279]: Duplicate localization key. Key 'DI_all_alliance' is defined in both 'localization/russian/gui/DI_RUS_l_russian.yml' and 'localization/russian/gui/DI_l_russian.yml'.
[15:51:05][E][pdx_localize.cpp:279]: Duplicate localization key. Key 'DI_all_alliance_tt' is defined in both 'localization/russian/gui/DI_RUS_l_russian.yml' and 'localization/russian/gui/DI_l_russian.yml'.
[15:51:05][E][pdx_localize.cpp:279]: Duplicate localization key. Key 'DI_all_break_alliance' is defined in both 'localization/russian/gui/DI_RUS_l_russian.yml' and 'localization/russian/gui/DI_l_russian.yml'.
[15:51:05][E][pdx_localize.cpp:279]: Duplicate localization key. Key 'DI_all_break_alliance_tt' is defined in both 'localization/russian/gui/DI_RUS_l_russian.yml' and 'localization/russian/gui/DI_l_russian.yml'.
[15:51:05][E][pdx_localize.cpp:279]: Duplicate localization key. Key 'DI_every_pinned_alliance' is defined in both 'localization/russian/gui/DI_RUS_l_russian.yml' and 'localization/russian/gui/DI_l_russian.yml'.
[15:51:05][E][pdx_localize.cpp:279]: Duplicate localization key. Key 'DI_every_pinned_alliance_tt' is defined in both 'localization/russian/gui/DI_RUS_l_russian.yml' and 'localization/russian/gui/DI_l_russian.yml'.
[15:51:05][E][pdx_localize.cpp:279]: Duplicate localization key. Key 'DI_dip_perma' is defined in both 'localization/russian/gui/DI_RUS_l_russian.yml' and 'localization/russian/gui/DI_l_russian.yml'.
[15:51:05][E][pdx_localize.cpp:279]: Duplicate localization key. Key 'DI_dip_war_button' is defined in both 'localization/russian/gui/DI_RUS_l_russian.yml' and 'localization/russian/gui/DI_l_russian.yml'.
[15:51:05][E][pdx_localize.cpp:279]: Duplicate localization key. Key 'DI_dip_war_button_tt' is defined in both 'localization/russian/gui/DI_RUS_l_russian.yml' and 'localization/russian/gui/DI_l_russian.yml'.
[15:51:05][E][pdx_localize.cpp:279]: Duplicate localization key. Key 'DI_dip_casus_belli_button' is defined in both 'localization/russian/gui/DI_RUS_l_russian.yml' and 'localization/russian/gui/DI_l_russian.yml'.
[15:51:05][E][pdx_localize.cpp:279]: Duplicate localization key. Key 'DI_dip_casus_belli_button_tt' is defined in both 'localization/russian/gui/DI_RUS_l_russian.yml' and 'localization/russian/gui/DI_l_russian.yml'.
[15:51:05][E][pdx_localize.cpp:279]: Duplicate localization key. Key 'DI_casus_belli' is defined in both 'localization/russian/gui/DI_RUS_l_russian.yml' and 'localization/russian/gui/DI_l_russian.yml'.
[15:51:05][E][pdx_localize.cpp:279]: Duplicate localization key. Key 'DI_county_conquest' is defined in both 'localization/russian/gui/DI_RUS_l_russian.yml' and 'localization/russian/gui/DI_l_russian.yml'.
[15:51:05][E][pdx_localize.cpp:279]: Duplicate localization key. Key 'DI_county_conquest_tt' is defined in both 'localization/russian/gui/DI_RUS_l_russian.yml' and 'localization/russian/gui/DI_l_russian.yml'.
[15:51:05][E][pdx_localize.cpp:279]: Duplicate localization key. Key 'DI_dip_select_titles_button' is defined in both 'localization/russian/gui/DI_RUS_l_russian.yml' and 'localization/russian/gui/DI_l_russian.yml'.
[15:51:05][E][pdx_localize.cpp:279]: Duplicate localization key. Key 'DI_dip_select_titles_button_tt' is defined in both 'localization/russian/gui/DI_RUS_l_russian.yml' and 'localization/russian/gui/DI_l_russian.yml'.
[15:51:05][E][pdx_localize.cpp:279]: Duplicate localization key. Key 'DI_dip_end_war_button' is defined in both 'localization/russian/gui/DI_RUS_l_russian.yml' and 'localization/russian/gui/DI_l_russian.yml'.
[15:51:05][E][pdx_localize.cpp:279]: Duplicate localization key. Key 'DI_dip_end_war_button_tt' is defined in both 'localization/russian/gui/DI_RUS_l_russian.yml' and 'localization/russian/gui/DI_l_russian.yml'.
[15:51:05][E][pdx_localize.cpp:279]: Duplicate localization key. Key 'DI_all_war' is defined in both 'localization/russian/gui/DI_RUS_l_russian.yml' and 'localization/russian/gui/DI_l_russian.yml'.
[15:51:05][E][pdx_localize.cpp:279]: Duplicate localization key. Key 'DI_all_end_war' is defined in both 'localization/russian/gui/DI_RUS_l_russian.yml' and 'localization/russian/gui/DI_l_russian.yml'.
[15:51:05][E][pdx_localize.cpp:279]: Duplicate localization key. Key 'DI_every_pinned_war' is defined in both 'localization/russian/gui/DI_RUS_l_russian.yml' and 'localization/russian/gui/DI_l_russian.yml'.
[15:51:05][E][pdx_localize.cpp:279]: Duplicate localization key. Key 'DI_dip_adoption_button' is defined in both 'localization/russian/gui/DI_RUS_l_russian.yml' and 'localization/russian/gui/DI_l_russian.yml'.
[15:51:05][E][pdx_localize.cpp:279]: Duplicate localization key. Key 'DI_dip_adoption_button_tt' is defined in both 'localization/russian/gui/DI_RUS_l_russian.yml' and 'localization/russian/gui/DI_l_russian.yml'.
[15:51:05][E][pdx_localize.cpp:279]: Duplicate localization key. Key 'DI_dip_adoption_house_button' is defined in both 'localization/russian/gui/DI_RUS_l_russian.yml' and 'localization/russian/gui/DI_l_russian.yml'.
[15:51:05][E][pdx_localize.cpp:279]: Duplicate localization key. Key 'DI_dip_adoption_house_button_tt' is defined in both 'localization/russian/gui/DI_RUS_l_russian.yml' and 'localization/russian/gui/DI_l_russian.yml'.
[15:51:05][E][pdx_localize.cpp:279]: Duplicate localization key. Key 'DI_dip_impregnate_button' is defined in both 'localization/russian/gui/DI_RUS_l_russian.yml' and 'localization/russian/gui/DI_l_russian.yml'.
[15:51:05][E][pdx_localize.cpp:279]: Duplicate localization key. Key 'DI_dip_impregnate_button_tt' is defined in both 'localization/russian/gui/DI_RUS_l_russian.yml' and 'localization/russian/gui/DI_l_russian.yml'.
[15:51:05][E][pdx_localize.cpp:279]: Duplicate localization key. Key 'DI_dip_preg_gender_male_button' is defined in both 'localization/russian/gui/DI_RUS_l_russian.yml' and 'localization/russian/gui/DI_l_russian.yml'.
[15:51:05][E][pdx_localize.cpp:279]: Duplicate localization key. Key 'DI_dip_preg_gender_male_button_tt' is defined in both 'localization/russian/gui/DI_RUS_l_russian.yml' and 'localization/russian/gui/DI_l_russian.yml'.
[15:51:05][E][pdx_localize.cpp:279]: Duplicate localization key. Key 'DI_dip_preg_gender_female_button' is defined in both 'localization/russian/gui/DI_RUS_l_russian.yml' and 'localization/russian/gui/DI_l_russian.yml'.
[15:51:05][E][pdx_localize.cpp:279]: Duplicate localization key. Key 'DI_dip_preg_gender_female_button_tt' is defined in both 'localization/russian/gui/DI_RUS_l_russian.yml' and 'localization/russian/gui/DI_l_russian.yml'.
[15:51:05][E][pdx_localize.cpp:279]: Duplicate localization key. Key 'DI_dip_set_real_father_button' is defined in both 'localization/russian/gui/DI_RUS_l_russian.yml' and 'localization/russian/gui/DI_l_russian.yml'.
[15:51:05][E][pdx_localize.cpp:279]: Duplicate localization key. Key 'DI_dip_set_real_father_button_tt' is defined in both 'localization/russian/gui/DI_RUS_l_russian.yml' and 'localization/russian/gui/DI_l_russian.yml'.
[15:51:05][E][pdx_localize.cpp:279]: Duplicate localization key. Key 'DI_dip_set_father_as_real_father_button' is defined in both 'localization/russian/gui/DI_RUS_l_russian.yml' and 'localization/russian/gui/DI_l_russian.yml'.
[15:51:05][E][pdx_localize.cpp:279]: Duplicate localization key. Key 'DI_dip_set_father_as_real_father_button_tt' is defined in both 'localization/russian/gui/DI_RUS_l_russian.yml' and 'localization/russian/gui/DI_l_russian.yml'.
[15:51:05][E][pdx_localize.cpp:279]: Duplicate localization key. Key 'DI_dip_marry_button' is defined in both 'localization/russian/gui/DI_RUS_l_russian.yml' and 'localization/russian/gui/DI_l_russian.yml'.
[15:51:05][E][pdx_localize.cpp:279]: Duplicate localization key. Key 'DI_dip_marry_button_tt' is defined in both 'localization/russian/gui/DI_RUS_l_russian.yml' and 'localization/russian/gui/DI_l_russian.yml'.
[15:51:05][E][pdx_localize.cpp:279]: Duplicate localization key. Key 'DI_dip_marry_matrilineal_button' is defined in both 'localization/russian/gui/DI_RUS_l_russian.yml' and 'localization/russian/gui/DI_l_russian.yml'.
[15:51:05][E][pdx_localize.cpp:279]: Duplicate localization key. Key 'DI_dip_marry_matrilineal_button_tt' is defined in both 'localization/russian/gui/DI_RUS_l_russian.yml' and 'localization/russian/gui/DI_l_russian.yml'.
[15:51:05][E][pdx_localize.cpp:279]: Duplicate localization key. Key 'DI_dip_divorce_button' is defined in both 'localization/russian/gui/DI_RUS_l_russian.yml' and 'localization/russian/gui/DI_l_russian.yml'.
[15:51:05][E][pdx_localize.cpp:279]: Duplicate localization key. Key 'DI_dip_divorce_button_tt' is defined in both 'localization/russian/gui/DI_RUS_l_russian.yml' and 'localization/russian/gui/DI_l_russian.yml'.
[15:51:05][E][pdx_localize.cpp:279]: Duplicate localization key. Key 'DI_dip_add_concubine_button' is defined in both 'localization/russian/gui/DI_RUS_l_russian.yml' and 'localization/russian/gui/DI_l_russian.yml'.
[15:51:05][E][pdx_localize.cpp:279]: Duplicate localization key. Key 'DI_dip_add_concubine_button_tt' is defined in both 'localization/russian/gui/DI_RUS_l_russian.yml' and 'localization/russian/gui/DI_l_russian.yml'.
[15:51:05][E][pdx_localize.cpp:279]: Duplicate localization key. Key 'DI_dip_remove_concubine_button' is defined in both 'localization/russian/gui/DI_RUS_l_russian.yml' and 'localization/russian/gui/DI_l_russian.yml'.
[15:51:05][E][pdx_localize.cpp:279]: Duplicate localization key. Key 'DI_dip_remove_concubine_button_tt' is defined in both 'localization/russian/gui/DI_RUS_l_russian.yml' and 'localization/russian/gui/DI_l_russian.yml'.
[15:51:05][E][pdx_localize.cpp:279]: Duplicate localization key. Key 'DI_dip_arrange_betrothal_button' is defined in both 'localization/russian/gui/DI_RUS_l_russian.yml' and 'localization/russian/gui/DI_l_russian.yml'.
[15:51:05][E][pdx_localize.cpp:279]: Duplicate localization key. Key 'DI_dip_arrange_betrothal_button_tt' is defined in both 'localization/russian/gui/DI_RUS_l_russian.yml' and 'localization/russian/gui/DI_l_russian.yml'.
[15:51:05][E][pdx_localize.cpp:279]: Duplicate localization key. Key 'DI_dip_arrange_betrothal_matrilineal_button' is defined in both 'localization/russian/gui/DI_RUS_l_russian.yml' and 'localization/russian/gui/DI_l_russian.yml'.
[15:51:05][E][pdx_localize.cpp:279]: Duplicate localization key. Key 'DI_dip_arrange_betrothal_matrilineal_button_tt' is defined in both 'localization/russian/gui/DI_RUS_l_russian.yml' and 'localization/russian/gui/DI_l_russian.yml'.
[15:51:05][E][pdx_localize.cpp:279]: Duplicate localization key. Key 'DI_dip_break_betrothal_button' is defined in both 'localization/russian/gui/DI_RUS_l_russian.yml' and 'localization/russian/gui/DI_l_russian.yml'.
[15:51:05][E][pdx_localize.cpp:279]: Duplicate localization key. Key 'DI_dip_break_betrothal_button_tt' is defined in both 'localization/russian/gui/DI_RUS_l_russian.yml' and 'localization/russian/gui/DI_l_russian.yml'.
[15:51:05][E][pdx_localize.cpp:279]: Duplicate localization key. Key 'DI_dip_make_siblings_button' is defined in both 'localization/russian/gui/DI_RUS_l_russian.yml' and 'localization/russian/gui/DI_l_russian.yml'.
[15:51:05][E][pdx_localize.cpp:279]: Duplicate localization key. Key 'DI_dip_make_siblings_button_tt' is defined in both 'localization/russian/gui/DI_RUS_l_russian.yml' and 'localization/russian/gui/DI_l_russian.yml'.
[15:51:05][E][pdx_localize.cpp:279]: Duplicate localization key. Key 'DI_dip_create_cadet_branch_button' is defined in both 'localization/russian/gui/DI_RUS_l_russian.yml' and 'localization/russian/gui/DI_l_russian.yml'.
[15:51:05][E][pdx_localize.cpp:279]: Duplicate localization key. Key 'DI_dip_create_cadet_branch_button_tt' is defined in both 'localization/russian/gui/DI_RUS_l_russian.yml' and 'localization/russian/gui/DI_l_russian.yml'.
[15:51:05][E][pdx_localize.cpp:279]: Duplicate localization key. Key 'DI_artifact_creator' is defined in both 'localization/russian/gui/DI_RUS_l_russian.yml' and 'localization/russian/gui/DI_l_russian.yml'.
[15:51:05][E][pdx_localize.cpp:279]: Duplicate localization key. Key 'DI_artifact_list' is defined in both 'localization/russian/gui/DI_RUS_l_russian.yml' and 'localization/russian/gui/DI_l_russian.yml'.
[15:51:05][E][pdx_localize.cpp:279]: Duplicate localization key. Key 'DI_artifact_type' is defined in both 'localization/russian/gui/DI_RUS_l_russian.yml' and 'localization/russian/gui/DI_l_russian.yml'.
[15:51:05][E][pdx_localize.cpp:279]: Duplicate localization key. Key 'DI_artifact_quality' is defined in both 'localization/russian/gui/DI_RUS_l_russian.yml' and 'localization/russian/gui/DI_l_russian.yml'.
[15:51:05][E][pdx_localize.cpp:279]: Duplicate localization key. Key 'DI_artifact_category' is defined in both 'localization/russian/gui/DI_RUS_l_russian.yml' and 'localization/russian/gui/DI_l_russian.yml'.
[15:51:05][E][pdx_localize.cpp:279]: Duplicate localization key. Key 'DI_artifact_subtype' is defined in both 'localization/russian/gui/DI_RUS_l_russian.yml' and 'localization/russian/gui/DI_l_russian.yml'.
[15:51:05][E][pdx_localize.cpp:279]: Duplicate localization key. Key 'DI_artifact_create' is defined in both 'localization/russian/gui/DI_RUS_l_russian.yml' and 'localization/russian/gui/DI_l_russian.yml'.
[15:51:05][E][pdx_localize.cpp:279]: Duplicate localization key. Key 'DI_artifact_list_title' is defined in both 'localization/russian/gui/DI_RUS_l_russian.yml' and 'localization/russian/gui/DI_l_russian.yml'.
[15:51:05][E][pdx_localize.cpp:279]: Duplicate localization key. Key 'DI_tt_take_artifact' is defined in both 'localization/russian/gui/DI_RUS_l_russian.yml' and 'localization/russian/gui/DI_l_russian.yml'.
[15:51:05][E][pdx_localize.cpp:279]: Duplicate localization key. Key 'DI_destroy_artifact_tt' is defined in both 'localization/russian/gui/DI_RUS_l_russian.yml' and 'localization/russian/gui/DI_l_russian.yml'.
[15:51:05][E][pdx_localize.cpp:279]: Duplicate localization key. Key 'DI_quality_common_loc' is defined in both 'localization/russian/gui/DI_RUS_l_russian.yml' and 'localization/russian/gui/DI_l_russian.yml'.
[15:51:05][E][pdx_localize.cpp:279]: Duplicate localization key. Key 'DI_quality_masterwork_loc' is defined in both 'localization/russian/gui/DI_RUS_l_russian.yml' and 'localization/russian/gui/DI_l_russian.yml'.
[15:51:05][E][pdx_localize.cpp:279]: Duplicate localization key. Key 'DI_quality_famed_loc' is defined in both 'localization/russian/gui/DI_RUS_l_russian.yml' and 'localization/russian/gui/DI_l_russian.yml'.
[15:51:05][E][pdx_localize.cpp:279]: Duplicate localization key. Key 'DI_quality_illustrious_loc' is defined in both 'localization/russian/gui/DI_RUS_l_russian.yml' and 'localization/russian/gui/DI_l_russian.yml'.
[15:51:05][E][pdx_localize.cpp:279]: Duplicate localization key. Key 'DI_artifact_category_display_loc' is defined in both 'localization/russian/gui/DI_RUS_l_russian.yml' and 'localization/russian/gui/DI_l_russian.yml'.
[15:51:05][E][pdx_localize.cpp:279]: Duplicate localization key. Key 'DI_artifact_subtype_display_loc' is defined in both 'localization/russian/gui/DI_RUS_l_russian.yml' and 'localization/russian/gui/DI_l_russian.yml'.
[15:51:05][E][pdx_localize.cpp:279]: Duplicate localization key. Key 'DI_artifact_quality_display_loc' is defined in both 'localization/russian/gui/DI_RUS_l_russian.yml' and 'localization/russian/gui/DI_l_russian.yml'.
[15:51:05][E][pdx_localize.cpp:279]: Duplicate localization key. Key 'DI_ce_convert_counties' is defined in both 'localization/russian/gui/DI_RUS_l_russian.yml' and 'localization/russian/gui/DI_l_russian.yml'.
[15:51:05][E][pdx_localize.cpp:279]: Duplicate localization key. Key 'DI_ce_convert_counties_tt' is defined in both 'localization/russian/gui/DI_RUS_l_russian.yml' and 'localization/russian/gui/DI_l_russian.yml'.
[15:51:05][E][pdx_localize.cpp:279]: Duplicate localization key. Key 'DI_ce_convert_all_pinned' is defined in both 'localization/russian/gui/DI_RUS_l_russian.yml' and 'localization/russian/gui/DI_l_russian.yml'.
[15:51:05][E][pdx_localize.cpp:279]: Duplicate localization key. Key 'DI_ce_convert_all_pinned_tt' is defined in both 'localization/russian/gui/DI_RUS_l_russian.yml' and 'localization/russian/gui/DI_l_russian.yml'.
[15:51:05][E][pdx_localize.cpp:279]: Duplicate localization key. Key 'DI_ce_convert_copy' is defined in both 'localization/russian/gui/DI_RUS_l_russian.yml' and 'localization/russian/gui/DI_l_russian.yml'.
[15:51:05][E][pdx_localize.cpp:279]: Duplicate localization key. Key 'DI_ce_convert_copy_tt' is defined in both 'localization/russian/gui/DI_RUS_l_russian.yml' and 'localization/russian/gui/DI_l_russian.yml'.
[15:51:05][E][pdx_localize.cpp:279]: Duplicate localization key. Key 'DI_ce_convert_to_player' is defined in both 'localization/russian/gui/DI_RUS_l_russian.yml' and 'localization/russian/gui/DI_l_russian.yml'.
[15:51:05][E][pdx_localize.cpp:279]: Duplicate localization key. Key 'DI_ce_convert_to_player_tt' is defined in both 'localization/russian/gui/DI_RUS_l_russian.yml' and 'localization/russian/gui/DI_l_russian.yml'.
[15:51:05][E][pdx_localize.cpp:279]: Duplicate localization key. Key 'DI_ce_convert_all_pinned_counties' is defined in both 'localization/russian/gui/DI_RUS_l_russian.yml' and 'localization/russian/gui/DI_l_russian.yml'.
[15:51:05][E][pdx_localize.cpp:279]: Duplicate localization key. Key 'DI_ce_convert_all_pinned_counties_tt' is defined in both 'localization/russian/gui/DI_RUS_l_russian.yml' and 'localization/russian/gui/DI_l_russian.yml'.
[15:51:05][E][pdx_localize.cpp:279]: Duplicate localization key. Key 'DI_ce_convert_to_player_counties' is defined in both 'localization/russian/gui/DI_RUS_l_russian.yml' and 'localization/russian/gui/DI_l_russian.yml'.
[15:51:05][E][pdx_localize.cpp:279]: Duplicate localization key. Key 'DI_ce_convert_to_player_counties_tt' is defined in both 'localization/russian/gui/DI_RUS_l_russian.yml' and 'localization/russian/gui/DI_l_russian.yml'.
[15:51:05][E][pdx_localize.cpp:279]: Duplicate localization key. Key 'DI_ce_convert_to_own_counties' is defined in both 'localization/russian/gui/DI_RUS_l_russian.yml' and 'localization/russian/gui/DI_l_russian.yml'.
[15:51:05][E][pdx_localize.cpp:279]: Duplicate localization key. Key 'DI_ce_convert_to_own_counties_tt' is defined in both 'localization/russian/gui/DI_RUS_l_russian.yml' and 'localization/russian/gui/DI_l_russian.yml'.
[15:51:05][E][pdx_localize.cpp:279]: Duplicate localization key. Key 'DI_innovation_selection_tab' is defined in both 'localization/russian/gui/DI_RUS_l_russian.yml' and 'localization/russian/gui/DI_l_russian.yml'.
[15:51:05][E][pdx_localize.cpp:279]: Duplicate localization key. Key 'DI_culture_convert_tab' is defined in both 'localization/russian/gui/DI_RUS_l_russian.yml' and 'localization/russian/gui/DI_l_russian.yml'.
[15:51:05][E][pdx_localize.cpp:279]: Duplicate localization key. Key 'DI_culture_convert' is defined in both 'localization/russian/gui/DI_RUS_l_russian.yml' and 'localization/russian/gui/DI_l_russian.yml'.
[15:51:05][E][pdx_localize.cpp:279]: Duplicate localization key. Key 'DI_CLEAR_ALL_TRADITIONS' is defined in both 'localization/russian/gui/DI_RUS_l_russian.yml' and 'localization/russian/gui/DI_l_russian.yml'.
[15:51:05][E][pdx_localize.cpp:279]: Duplicate localization key. Key 'DI_COPY_TRADITIONS_LABEL' is defined in both 'localization/russian/gui/DI_RUS_l_russian.yml' and 'localization/russian/gui/DI_l_russian.yml'.
[15:51:05][E][pdx_localize.cpp:279]: Duplicate localization key. Key 'DI_copy_traditions_tt' is defined in both 'localization/russian/gui/DI_RUS_l_russian.yml' and 'localization/russian/gui/DI_l_russian.yml'.
[15:51:05][E][pdx_localize.cpp:279]: Duplicate localization key. Key 'DI_edit_tradition' is defined in both 'localization/russian/gui/DI_RUS_l_russian.yml' and 'localization/russian/gui/DI_l_russian.yml'.
[15:51:05][E][pdx_localize.cpp:279]: Duplicate localization key. Key 'DI_all_traditions' is defined in both 'localization/russian/gui/DI_RUS_l_russian.yml' and 'localization/russian/gui/DI_l_russian.yml'.
[15:51:05][E][pdx_localize.cpp:279]: Duplicate localization key. Key 'DI_culture_convert_characters' is defined in both 'localization/russian/gui/DI_RUS_l_russian.yml' and 'localization/russian/gui/DI_l_russian.yml'.
[15:51:05][E][pdx_localize.cpp:279]: Duplicate localization key. Key 'DI_culture_convert_counties' is defined in both 'localization/russian/gui/DI_RUS_l_russian.yml' and 'localization/russian/gui/DI_l_russian.yml'.
[15:51:05][E][pdx_localize.cpp:279]: Duplicate localization key. Key 'DI_culture_to_edit' is defined in both 'localization/russian/gui/DI_RUS_l_russian.yml' and 'localization/russian/gui/DI_l_russian.yml'.
[15:51:05][E][pdx_localize.cpp:279]: Duplicate localization key. Key 'DI_culture_to_copy' is defined in both 'localization/russian/gui/DI_RUS_l_russian.yml' and 'localization/russian/gui/DI_l_russian.yml'.
[15:51:05][E][pdx_localize.cpp:279]: Duplicate localization key. Key 'DI_people' is defined in both 'localization/russian/gui/DI_RUS_l_russian.yml' and 'localization/russian/gui/DI_l_russian.yml'.
[15:51:05][E][pdx_localize.cpp:279]: Duplicate localization key. Key 'DI_convert_every_courtier_culture' is defined in both 'localization/russian/gui/DI_RUS_l_russian.yml' and 'localization/russian/gui/DI_l_russian.yml'.
[15:51:05][E][pdx_localize.cpp:279]: Duplicate localization key. Key 'DI_convert_every_courtier_culture_tt' is defined in both 'localization/russian/gui/DI_RUS_l_russian.yml' and 'localization/russian/gui/DI_l_russian.yml'.
[15:51:05][E][pdx_localize.cpp:279]: Duplicate localization key. Key 'DI_convert_every_vassal_culture' is defined in both 'localization/russian/gui/DI_RUS_l_russian.yml' and 'localization/russian/gui/DI_l_russian.yml'.
[15:51:05][E][pdx_localize.cpp:279]: Duplicate localization key. Key 'DI_convert_every_vassal_culture_tt' is defined in both 'localization/russian/gui/DI_RUS_l_russian.yml' and 'localization/russian/gui/DI_l_russian.yml'.
[15:51:05][E][pdx_localize.cpp:279]: Duplicate localization key. Key 'DI_counties' is defined in both 'localization/russian/gui/DI_RUS_l_russian.yml' and 'localization/russian/gui/DI_l_russian.yml'.
[15:51:05][E][pdx_localize.cpp:279]: Duplicate localization key. Key 'DI_realm' is defined in both 'localization/russian/gui/DI_RUS_l_russian.yml' and 'localization/russian/gui/DI_l_russian.yml'.
[15:51:05][E][pdx_localize.cpp:279]: Duplicate localization key. Key 'DI_convert_realm_culture' is defined in both 'localization/russian/gui/DI_RUS_l_russian.yml' and 'localization/russian/gui/DI_l_russian.yml'.
[15:51:05][E][pdx_localize.cpp:279]: Duplicate localization key. Key 'DI_convert_realm_culture_tt' is defined in both 'localization/russian/gui/DI_RUS_l_russian.yml' and 'localization/russian/gui/DI_l_russian.yml'.
[15:51:05][E][pdx_localize.cpp:279]: Duplicate localization key. Key 'DI_convert_all_pinned_realm_culture' is defined in both 'localization/russian/gui/DI_RUS_l_russian.yml' and 'localization/russian/gui/DI_l_russian.yml'.
[15:51:05][E][pdx_localize.cpp:279]: Duplicate localization key. Key 'DI_convert_all_pinned_realm_culture_tt' is defined in both 'localization/russian/gui/DI_RUS_l_russian.yml' and 'localization/russian/gui/DI_l_russian.yml'.
[15:51:05][E][pdx_localize.cpp:279]: Duplicate localization key. Key 'DI_convert_all_pinned_to_player_culture' is defined in both 'localization/russian/gui/DI_RUS_l_russian.yml' and 'localization/russian/gui/DI_l_russian.yml'.
[15:51:05][E][pdx_localize.cpp:279]: Duplicate localization key. Key 'DI_convert_all_pinned_to_player_culture_tt' is defined in both 'localization/russian/gui/DI_RUS_l_russian.yml' and 'localization/russian/gui/DI_l_russian.yml'.
[15:51:05][E][pdx_localize.cpp:279]: Duplicate localization key. Key 'DI_quick_convert_player_realm_culture' is defined in both 'localization/russian/gui/DI_RUS_l_russian.yml' and 'localization/russian/gui/DI_l_russian.yml'.
[15:51:05][E][pdx_localize.cpp:279]: Duplicate localization key. Key 'DI_quick_convert_player_realm_culture_tt' is defined in both 'localization/russian/gui/DI_RUS_l_russian.yml' and 'localization/russian/gui/DI_l_russian.yml'.
[15:51:05][E][pdx_localize.cpp:279]: Duplicate localization key. Key 'DI_sub_realm' is defined in both 'localization/russian/gui/DI_RUS_l_russian.yml' and 'localization/russian/gui/DI_l_russian.yml'.
[15:51:05][E][pdx_localize.cpp:279]: Duplicate localization key. Key 'DI_convert_sub_realm_culture' is defined in both 'localization/russian/gui/DI_RUS_l_russian.yml' and 'localization/russian/gui/DI_l_russian.yml'.
[15:51:05][E][pdx_localize.cpp:279]: Duplicate localization key. Key 'DI_convert_sub_realm_culture_tt' is defined in both 'localization/russian/gui/DI_RUS_l_russian.yml' and 'localization/russian/gui/DI_l_russian.yml'.
[15:51:05][E][pdx_localize.cpp:279]: Duplicate localization key. Key 'DI_convert_all_pinned_sub_realm_culture' is defined in both 'localization/russian/gui/DI_RUS_l_russian.yml' and 'localization/russian/gui/DI_l_russian.yml'.
[15:51:05][E][pdx_localize.cpp:279]: Duplicate localization key. Key 'DI_convert_all_pinned_sub_realm_culture_tt' is defined in both 'localization/russian/gui/DI_RUS_l_russian.yml' and 'localization/russian/gui/DI_l_russian.yml'.
[15:51:05][E][pdx_localize.cpp:279]: Duplicate localization key. Key 'DI_convert_all_pinned_to_player_sub_realm_culture' is defined in both 'localization/russian/gui/DI_RUS_l_russian.yml' and 'localization/russian/gui/DI_l_russian.yml'.
[15:51:05][E][pdx_localize.cpp:279]: Duplicate localization key. Key 'DI_convert_all_pinned_to_player_sub_realm_culture_tt' is defined in both 'localization/russian/gui/DI_RUS_l_russian.yml' and 'localization/russian/gui/DI_l_russian.yml'.
[15:51:05][E][pdx_localize.cpp:279]: Duplicate localization key. Key 'DI_quick_convert_player_sub_realm_culture' is defined in both 'localization/russian/gui/DI_RUS_l_russian.yml' and 'localization/russian/gui/DI_l_russian.yml'.
[15:51:05][E][pdx_localize.cpp:279]: Duplicate localization key. Key 'DI_quick_convert_player_sub_realm_culture_tt' is defined in both 'localization/russian/gui/DI_RUS_l_russian.yml' and 'localization/russian/gui/DI_l_russian.yml'.
[15:51:05][E][pdx_localize.cpp:279]: Duplicate localization key. Key 'DI_all_innovations' is defined in both 'localization/russian/gui/DI_RUS_l_russian.yml' and 'localization/russian/gui/DI_l_russian.yml'.
[15:51:05][E][pdx_localize.cpp:279]: Duplicate localization key. Key 'DI_innovations_by_era' is defined in both 'localization/russian/gui/DI_RUS_l_russian.yml' and 'localization/russian/gui/DI_l_russian.yml'.
[15:51:05][E][pdx_localize.cpp:279]: Duplicate localization key. Key 'DI_add_all_innovations' is defined in both 'localization/russian/gui/DI_RUS_l_russian.yml' and 'localization/russian/gui/DI_l_russian.yml'.
[15:51:05][E][pdx_localize.cpp:279]: Duplicate localization key. Key 'DI_remove_all_innovations' is defined in both 'localization/russian/gui/DI_RUS_l_russian.yml' and 'localization/russian/gui/DI_l_russian.yml'.
[15:51:05][E][pdx_localize.cpp:279]: Duplicate localization key. Key 'DI_martial_custom_window_title' is defined in both 'localization/russian/gui/DI_RUS_l_russian.yml' and 'localization/russian/gui/DI_l_russian.yml'.
[15:51:05][E][pdx_localize.cpp:279]: Duplicate localization key. Key 'DI_ethos_window_title' is defined in both 'localization/russian/gui/DI_RUS_l_russian.yml' and 'localization/russian/gui/DI_l_russian.yml'.
[15:51:05][E][pdx_localize.cpp:279]: Duplicate localization key. Key 'DI_heritage_window_title' is defined in both 'localization/russian/gui/DI_RUS_l_russian.yml' and 'localization/russian/gui/DI_l_russian.yml'.
[15:51:05][E][pdx_localize.cpp:279]: Duplicate localization key. Key 'DI_language_window_title' is defined in both 'localization/russian/gui/DI_RUS_l_russian.yml' and 'localization/russian/gui/DI_l_russian.yml'.
[15:51:05][E][pdx_localize.cpp:279]: Duplicate localization key. Key 'DI_FAITH_EDITOR_TITLE' is defined in both 'localization/russian/gui/DI_RUS_l_russian.yml' and 'localization/russian/gui/DI_l_russian.yml'.
[15:51:05][E][pdx_localize.cpp:279]: Duplicate localization key. Key 'DI_select_tenet' is defined in both 'localization/russian/gui/DI_RUS_l_russian.yml' and 'localization/russian/gui/DI_l_russian.yml'.
[15:51:05][E][pdx_localize.cpp:279]: Duplicate localization key. Key 'DI_add_tenet' is defined in both 'localization/russian/gui/DI_RUS_l_russian.yml' and 'localization/russian/gui/DI_l_russian.yml'.
[15:51:05][E][pdx_localize.cpp:279]: Duplicate localization key. Key 'DI_fe_add_tenet_tooltip' is defined in both 'localization/russian/gui/DI_RUS_l_russian.yml' and 'localization/russian/gui/DI_l_russian.yml'.
[15:51:05][E][pdx_localize.cpp:279]: Duplicate localization key. Key 'DI_fe_replace_tenet_tooltip' is defined in both 'localization/russian/gui/DI_RUS_l_russian.yml' and 'localization/russian/gui/DI_l_russian.yml'.
[15:51:05][E][pdx_localize.cpp:279]: Duplicate localization key. Key 'DI_other_tenets_heading' is defined in both 'localization/russian/gui/DI_RUS_l_russian.yml' and 'localization/russian/gui/DI_l_russian.yml'.
[15:51:05][E][pdx_localize.cpp:279]: Duplicate localization key. Key 'interaction_category_cheat_menu' is defined in both 'localization/russian/gui/DI_RUS_l_russian.yml' and 'localization/russian/gui/DI_l_russian.yml'.
[15:51:05][E][pdx_localize.cpp:279]: Duplicate localization key. Key 'DI_open_cheat_menu' is defined in both 'localization/russian/gui/DI_RUS_l_russian.yml' and 'localization/russian/gui/DI_l_russian.yml'.
[15:51:05][E][pdx_localize.cpp:279]: Duplicate localization key. Key 'DI_close_cheat_menu' is defined in both 'localization/russian/gui/DI_RUS_l_russian.yml' and 'localization/russian/gui/DI_l_russian.yml'.
[15:51:05][E][pdx_localize.cpp:279]: Duplicate localization key. Key 'DI_cheat_menu_desc' is defined in both 'localization/russian/gui/DI_RUS_l_russian.yml' and 'localization/russian/gui/DI_l_russian.yml'.
[15:51:05][E][pdx_localize.cpp:279]: Duplicate localization key. Key 'DI_pin_character_interaction' is defined in both 'localization/russian/gui/DI_RUS_l_russian.yml' and 'localization/russian/gui/DI_l_russian.yml'.
[15:51:05][E][pdx_localize.cpp:279]: Duplicate localization key. Key 'DI_pin_character' is defined in both 'localization/russian/gui/DI_RUS_l_russian.yml' and 'localization/russian/gui/DI_l_russian.yml'.
[15:51:05][E][pdx_localize.cpp:279]: Duplicate localization key. Key 'DI_pin_vassals' is defined in both 'localization/russian/gui/DI_RUS_l_russian.yml' and 'localization/russian/gui/DI_l_russian.yml'.
[15:51:05][E][pdx_localize.cpp:279]: Duplicate localization key. Key 'DI_pin_courtiers' is defined in both 'localization/russian/gui/DI_RUS_l_russian.yml' and 'localization/russian/gui/DI_l_russian.yml'.
[15:51:05][E][pdx_localize.cpp:279]: Duplicate localization key. Key 'DI_pin_councillors' is defined in both 'localization/russian/gui/DI_RUS_l_russian.yml' and 'localization/russian/gui/DI_l_russian.yml'.
[15:51:05][E][pdx_localize.cpp:279]: Duplicate localization key. Key 'DI_pin_house' is defined in both 'localization/russian/gui/DI_RUS_l_russian.yml' and 'localization/russian/gui/DI_l_russian.yml'.
[15:51:05][E][pdx_localize.cpp:279]: Duplicate localization key. Key 'DI_pin_dynasty' is defined in both 'localization/russian/gui/DI_RUS_l_russian.yml' and 'localization/russian/gui/DI_l_russian.yml'.
[15:51:05][E][pdx_localize.cpp:279]: Duplicate localization key. Key 'DI_pin_lovers' is defined in both 'localization/russian/gui/DI_RUS_l_russian.yml' and 'localization/russian/gui/DI_l_russian.yml'.
[15:51:05][E][pdx_localize.cpp:279]: Duplicate localization key. Key 'DI_pin_bloc' is defined in both 'localization/russian/gui/DI_RUS_l_russian.yml' and 'localization/russian/gui/DI_l_russian.yml'.
[15:51:05][E][pdx_localize.cpp:279]: Duplicate localization key. Key 'DI_pin_faith_members' is defined in both 'localization/russian/gui/DI_RUS_l_russian.yml' and 'localization/russian/gui/DI_l_russian.yml'.
[15:51:05][E][pdx_localize.cpp:279]: Duplicate localization key. Key 'DI_pin_culture_members' is defined in both 'localization/russian/gui/DI_RUS_l_russian.yml' and 'localization/russian/gui/DI_l_russian.yml'.
[15:51:05][E][pdx_localize.cpp:279]: Duplicate localization key. Key 'DI_pin_close_family' is defined in both 'localization/russian/gui/DI_RUS_l_russian.yml' and 'localization/russian/gui/DI_l_russian.yml'.
[15:51:05][E][pdx_localize.cpp:279]: Duplicate localization key. Key 'DI_pin_extended_family' is defined in both 'localization/russian/gui/DI_RUS_l_russian.yml' and 'localization/russian/gui/DI_l_russian.yml'.
[15:51:05][E][pdx_localize.cpp:279]: Duplicate localization key. Key 'DI_pin_title_interaction' is defined in both 'localization/russian/gui/DI_RUS_l_russian.yml' and 'localization/russian/gui/DI_l_russian.yml'.
[15:51:05][E][pdx_localize.cpp:279]: Duplicate localization key. Key 'DI_pin_character_titles' is defined in both 'localization/russian/gui/DI_RUS_l_russian.yml' and 'localization/russian/gui/DI_l_russian.yml'.
[15:51:05][E][pdx_localize.cpp:279]: Duplicate localization key. Key 'DI_pin_vassal_titles' is defined in both 'localization/russian/gui/DI_RUS_l_russian.yml' and 'localization/russian/gui/DI_l_russian.yml'.
[15:51:05][E][pdx_localize.cpp:279]: Duplicate localization key. Key 'DI_pin_sub_realm_titles' is defined in both 'localization/russian/gui/DI_RUS_l_russian.yml' and 'localization/russian/gui/DI_l_russian.yml'.
[15:51:05][E][pdx_localize.cpp:279]: Duplicate localization key. Key 'DI_pin_realm_titles' is defined in both 'localization/russian/gui/DI_RUS_l_russian.yml' and 'localization/russian/gui/DI_l_russian.yml'.
[15:51:05][E][pdx_localize.cpp:279]: Duplicate localization key. Key 'DI_change_character_interaction' is defined in both 'localization/russian/gui/DI_RUS_l_russian.yml' and 'localization/russian/gui/DI_l_russian.yml'.
[15:51:05][E][pdx_localize.cpp:279]: Duplicate localization key. Key 'DI_change_character_desc' is defined in both 'localization/russian/gui/DI_RUS_l_russian.yml' and 'localization/russian/gui/DI_l_russian.yml'.
[15:51:05][E][pdx_localize.cpp:279]: Duplicate localization key. Key 'DI_change_character_name_interaction' is defined in both 'localization/russian/gui/DI_RUS_l_russian.yml' and 'localization/russian/gui/DI_l_russian.yml'.
[15:51:05][E][pdx_localize.cpp:279]: Duplicate localization key. Key 'DI_change_character_name_desc' is defined in both 'localization/russian/gui/DI_RUS_l_russian.yml' and 'localization/russian/gui/DI_l_russian.yml'.
[15:51:05][E][pdx_localize.cpp:279]: Duplicate localization key. Key 'DI_change_religion_interaction' is defined in both 'localization/russian/gui/DI_RUS_l_russian.yml' and 'localization/russian/gui/DI_l_russian.yml'.
[15:51:05][E][pdx_localize.cpp:279]: Duplicate localization key. Key 'DI_change_religion_desc' is defined in both 'localization/russian/gui/DI_RUS_l_russian.yml' and 'localization/russian/gui/DI_l_russian.yml'.
[15:51:05][E][pdx_localize.cpp:279]: Duplicate localization key. Key 'DI_change_culture_interaction' is defined in both 'localization/russian/gui/DI_RUS_l_russian.yml' and 'localization/russian/gui/DI_l_russian.yml'.
[15:51:05][E][pdx_localize.cpp:279]: Duplicate localization key. Key 'DI_change_culture_desc' is defined in both 'localization/russian/gui/DI_RUS_l_russian.yml' and 'localization/russian/gui/DI_l_russian.yml'.
[15:51:05][E][pdx_localize.cpp:279]: Duplicate localization key. Key 'DI_change_dynasty_interaction' is defined in both 'localization/russian/gui/DI_RUS_l_russian.yml' and 'localization/russian/gui/DI_l_russian.yml'.
[15:51:05][E][pdx_localize.cpp:279]: Duplicate localization key. Key 'DI_change_dynasty_desc' is defined in both 'localization/russian/gui/DI_RUS_l_russian.yml' and 'localization/russian/gui/DI_l_russian.yml'.
[15:51:05][E][pdx_localize.cpp:279]: Duplicate localization key. Key 'DI_char_modify_vassal_contract_interaction' is defined in both 'localization/russian/gui/DI_RUS_l_russian.yml' and 'localization/russian/gui/DI_l_russian.yml'.
[15:51:05][E][pdx_localize.cpp:279]: Duplicate localization key. Key 'DI_char_modify_vassal_contract_inter_desc' is defined in both 'localization/russian/gui/DI_RUS_l_russian.yml' and 'localization/russian/gui/DI_l_russian.yml'.
[15:51:05][E][pdx_localize.cpp:279]: Duplicate localization key. Key 'DI_modify_vassal_mod_vassal_contract_interaction' is defined in both 'localization/russian/gui/DI_RUS_l_russian.yml' and 'localization/russian/gui/DI_l_russian.yml'.
[15:51:05][E][pdx_localize.cpp:279]: Duplicate localization key. Key 'DI_modify_vassal_mod_vassal_contract_desc' is defined in both 'localization/russian/gui/DI_RUS_l_russian.yml' and 'localization/russian/gui/DI_l_russian.yml'.
[15:51:05][E][pdx_localize.cpp:279]: Duplicate localization key. Key 'DI_arrange_marriage_interaction' is defined in both 'localization/russian/gui/DI_RUS_l_russian.yml' and 'localization/russian/gui/DI_l_russian.yml'.
[15:51:05][E][pdx_localize.cpp:279]: Duplicate localization key. Key 'DI_arrange_marriage_desc' is defined in both 'localization/russian/gui/DI_RUS_l_russian.yml' and 'localization/russian/gui/DI_l_russian.yml'.
[15:51:05][E][pdx_localize.cpp:279]: Duplicate localization key. Key 'DI_learn_language_interaction' is defined in both 'localization/russian/gui/DI_RUS_l_russian.yml' and 'localization/russian/gui/DI_l_russian.yml'.
[15:51:05][E][pdx_localize.cpp:279]: Duplicate localization key. Key 'DI_break_betrothal_interaction' is defined in both 'localization/russian/gui/DI_RUS_l_russian.yml' and 'localization/russian/gui/DI_l_russian.yml'.
[15:51:05][E][pdx_localize.cpp:279]: Duplicate localization key. Key 'DI_break_betrothal_desc' is defined in both 'localization/russian/gui/DI_RUS_l_russian.yml' and 'localization/russian/gui/DI_l_russian.yml'.
[15:51:05][E][pdx_localize.cpp:279]: Duplicate localization key. Key 'DI_divorce_character_interaction' is defined in both 'localization/russian/gui/DI_RUS_l_russian.yml' and 'localization/russian/gui/DI_l_russian.yml'.
[15:51:05][E][pdx_localize.cpp:279]: Duplicate localization key. Key 'DI_divorce_character_desc' is defined in both 'localization/russian/gui/DI_RUS_l_russian.yml' and 'localization/russian/gui/DI_l_russian.yml'.
[15:51:05][E][pdx_localize.cpp:279]: Duplicate localization key. Key 'DI_designate_heir_interaction' is defined in both 'localization/russian/gui/DI_RUS_l_russian.yml' and 'localization/russian/gui/DI_l_russian.yml'.
[15:51:05][E][pdx_localize.cpp:279]: Duplicate localization key. Key 'DI_designate_heir_desc' is defined in both 'localization/russian/gui/DI_RUS_l_russian.yml' and 'localization/russian/gui/DI_l_russian.yml'.
[15:51:05][E][pdx_localize.cpp:279]: Duplicate localization key. Key 'DI_adopt_male_interaction' is defined in both 'localization/russian/gui/DI_RUS_l_russian.yml' and 'localization/russian/gui/DI_l_russian.yml'.
[15:51:05][E][pdx_localize.cpp:279]: Duplicate localization key. Key 'DI_adopt_female_interaction' is defined in both 'localization/russian/gui/DI_RUS_l_russian.yml' and 'localization/russian/gui/DI_l_russian.yml'.
[15:51:05][E][pdx_localize.cpp:279]: Duplicate localization key. Key 'DI_adopt' is defined in both 'localization/russian/gui/DI_RUS_l_russian.yml' and 'localization/russian/gui/DI_l_russian.yml'.
[15:51:05][E][pdx_localize.cpp:279]: Duplicate localization key. Key 'DI_disown_interaction' is defined in both 'localization/russian/gui/DI_RUS_l_russian.yml' and 'localization/russian/gui/DI_l_russian.yml'.
[15:51:05][E][pdx_localize.cpp:279]: Duplicate localization key. Key 'DI_disown_desc' is defined in both 'localization/russian/gui/DI_RUS_l_russian.yml' and 'localization/russian/gui/DI_l_russian.yml'.
[15:51:05][E][pdx_localize.cpp:279]: Duplicate localization key. Key 'DI_murder_interaction' is defined in both 'localization/russian/gui/DI_RUS_l_russian.yml' and 'localization/russian/gui/DI_l_russian.yml'.
[15:51:05][E][pdx_localize.cpp:279]: Duplicate localization key. Key 'DI_murder_desc' is defined in both 'localization/russian/gui/DI_RUS_l_russian.yml' and 'localization/russian/gui/DI_l_russian.yml'.
[15:51:05][E][pdx_localize.cpp:279]: Duplicate localization key. Key 'DI_imprison_interaction' is defined in both 'localization/russian/gui/DI_RUS_l_russian.yml' and 'localization/russian/gui/DI_l_russian.yml'.
[15:51:05][E][pdx_localize.cpp:279]: Duplicate localization key. Key 'DI_imprison_desc' is defined in both 'localization/russian/gui/DI_RUS_l_russian.yml' and 'localization/russian/gui/DI_l_russian.yml'.
[15:51:05][E][pdx_localize.cpp:279]: Duplicate localization key. Key 'DI_claim_title_interaction' is defined in both 'localization/russian/gui/DI_RUS_l_russian.yml' and 'localization/russian/gui/DI_l_russian.yml'.
[15:51:05][E][pdx_localize.cpp:279]: Duplicate localization key. Key 'DI_claim_title_desc' is defined in both 'localization/russian/gui/DI_RUS_l_russian.yml' and 'localization/russian/gui/DI_l_russian.yml'.
[15:51:05][E][pdx_localize.cpp:279]: Duplicate localization key. Key 'DI_remove_claims_on_player_interaction' is defined in both 'localization/russian/gui/DI_RUS_l_russian.yml' and 'localization/russian/gui/DI_l_russian.yml'.
[15:51:05][E][pdx_localize.cpp:279]: Duplicate localization key. Key 'DI_remove_claims_on_player_desc' is defined in both 'localization/russian/gui/DI_RUS_l_russian.yml' and 'localization/russian/gui/DI_l_russian.yml'.
[15:51:05][E][pdx_localize.cpp:279]: Duplicate localization key. Key 'DI_remove_all_claims_interaction' is defined in both 'localization/russian/gui/DI_RUS_l_russian.yml' and 'localization/russian/gui/DI_l_russian.yml'.
[15:51:05][E][pdx_localize.cpp:279]: Duplicate localization key. Key 'DI_remove_all_claims_desc' is defined in both 'localization/russian/gui/DI_RUS_l_russian.yml' and 'localization/russian/gui/DI_l_russian.yml'.
[15:51:05][E][pdx_localize.cpp:279]: Duplicate localization key. Key 'DI_revoke_title_interaction' is defined in both 'localization/russian/gui/DI_RUS_l_russian.yml' and 'localization/russian/gui/DI_l_russian.yml'.
[15:51:05][E][pdx_localize.cpp:279]: Duplicate localization key. Key 'DI_revoke_title_desc' is defined in both 'localization/russian/gui/DI_RUS_l_russian.yml' and 'localization/russian/gui/DI_l_russian.yml'.
[15:51:05][E][pdx_localize.cpp:279]: Duplicate localization key. Key 'DI_vassalize_interaction' is defined in both 'localization/russian/gui/DI_RUS_l_russian.yml' and 'localization/russian/gui/DI_l_russian.yml'.
[15:51:05][E][pdx_localize.cpp:279]: Duplicate localization key. Key 'DI_vassalize_desc' is defined in both 'localization/russian/gui/DI_RUS_l_russian.yml' and 'localization/russian/gui/DI_l_russian.yml'.
[15:51:05][E][pdx_localize.cpp:279]: Duplicate localization key. Key 'DI_add_to_court_interaction' is defined in both 'localization/russian/gui/DI_RUS_l_russian.yml' and 'localization/russian/gui/DI_l_russian.yml'.
[15:51:05][E][pdx_localize.cpp:279]: Duplicate localization key. Key 'DI_add_to_court_0' is defined in both 'localization/russian/gui/DI_RUS_l_russian.yml' and 'localization/russian/gui/DI_l_russian.yml'.
[15:51:05][E][pdx_localize.cpp:279]: Duplicate localization key. Key 'DI_add_to_court_1' is defined in both 'localization/russian/gui/DI_RUS_l_russian.yml' and 'localization/russian/gui/DI_l_russian.yml'.
[15:51:05][E][pdx_localize.cpp:279]: Duplicate localization key. Key 'DI_add_to_court_desc' is defined in both 'localization/russian/gui/DI_RUS_l_russian.yml' and 'localization/russian/gui/DI_l_russian.yml'.
[15:51:05][E][pdx_localize.cpp:279]: Duplicate localization key. Key 'DI_add_concubine_interaction' is defined in both 'localization/russian/gui/DI_RUS_l_russian.yml' and 'localization/russian/gui/DI_l_russian.yml'.
[15:51:05][E][pdx_localize.cpp:279]: Duplicate localization key. Key 'DI_add_concubine_desc' is defined in both 'localization/russian/gui/DI_RUS_l_russian.yml' and 'localization/russian/gui/DI_l_russian.yml'.
[15:51:05][E][pdx_localize.cpp:279]: Duplicate localization key. Key 'DI_remove_concubine_interaction' is defined in both 'localization/russian/gui/DI_RUS_l_russian.yml' and 'localization/russian/gui/DI_l_russian.yml'.
[15:51:05][E][pdx_localize.cpp:279]: Duplicate localization key. Key 'DI_remove_concubine_desc' is defined in both 'localization/russian/gui/DI_RUS_l_russian.yml' and 'localization/russian/gui/DI_l_russian.yml'.
[15:51:05][E][pdx_localize.cpp:279]: Duplicate localization key. Key 'DI_impregnate_interaction' is defined in both 'localization/russian/gui/DI_RUS_l_russian.yml' and 'localization/russian/gui/DI_l_russian.yml'.
[15:51:05][E][pdx_localize.cpp:279]: Duplicate localization key. Key 'DI_impregnate_cheat_desc' is defined in both 'localization/russian/gui/DI_RUS_l_russian.yml' and 'localization/russian/gui/DI_l_russian.yml'.
[15:51:05][E][pdx_localize.cpp:279]: Duplicate localization key. Key 'DI_impregnate_one_child' is defined in both 'localization/russian/gui/DI_RUS_l_russian.yml' and 'localization/russian/gui/DI_l_russian.yml'.
[15:51:05][E][pdx_localize.cpp:279]: Duplicate localization key. Key 'DI_impregnate_twins' is defined in both 'localization/russian/gui/DI_RUS_l_russian.yml' and 'localization/russian/gui/DI_l_russian.yml'.
[15:51:05][E][pdx_localize.cpp:279]: Duplicate localization key. Key 'DI_impregnate_triplets' is defined in both 'localization/russian/gui/DI_RUS_l_russian.yml' and 'localization/russian/gui/DI_l_russian.yml'.
[15:51:05][E][pdx_localize.cpp:279]: Duplicate localization key. Key 'DI_impregnate_by_spouse_1' is defined in both 'localization/russian/gui/DI_RUS_l_russian.yml' and 'localization/russian/gui/DI_l_russian.yml'.
[15:51:05][E][pdx_localize.cpp:279]: Duplicate localization key. Key 'DI_impregnate_by_spouse_2' is defined in both 'localization/russian/gui/DI_RUS_l_russian.yml' and 'localization/russian/gui/DI_l_russian.yml'.
[15:51:05][E][pdx_localize.cpp:279]: Duplicate localization key. Key 'DI_impregnate_by_spouse_3' is defined in both 'localization/russian/gui/DI_RUS_l_russian.yml' and 'localization/russian/gui/DI_l_russian.yml'.
[15:51:05][E][pdx_localize.cpp:279]: Duplicate localization key. Key 'DI_sleep_with_character' is defined in both 'localization/russian/gui/DI_RUS_l_russian.yml' and 'localization/russian/gui/DI_l_russian.yml'.
[15:51:05][E][pdx_localize.cpp:279]: Duplicate localization key. Key 'DI_add_hook_interaction' is defined in both 'localization/russian/gui/DI_RUS_l_russian.yml' and 'localization/russian/gui/DI_l_russian.yml'.
[15:51:05][E][pdx_localize.cpp:279]: Duplicate localization key. Key 'DI_add_loyalty_hook_interaction' is defined in both 'localization/russian/gui/DI_RUS_l_russian.yml' and 'localization/russian/gui/DI_l_russian.yml'.
[15:51:05][E][pdx_localize.cpp:279]: Duplicate localization key. Key 'DI_add_hook_desc' is defined in both 'localization/russian/gui/DI_RUS_l_russian.yml' and 'localization/russian/gui/DI_l_russian.yml'.
[15:51:05][E][pdx_localize.cpp:279]: Duplicate localization key. Key 'DI_excommunicate_interaction' is defined in both 'localization/russian/gui/DI_RUS_l_russian.yml' and 'localization/russian/gui/DI_l_russian.yml'.
[15:51:05][E][pdx_localize.cpp:279]: Duplicate localization key. Key 'DI_excommunicate_desc' is defined in both 'localization/russian/gui/DI_RUS_l_russian.yml' and 'localization/russian/gui/DI_l_russian.yml'.
[15:51:05][E][pdx_localize.cpp:279]: Duplicate localization key. Key 'DI_remove_excommunication_interaction' is defined in both 'localization/russian/gui/DI_RUS_l_russian.yml' and 'localization/russian/gui/DI_l_russian.yml'.
[15:51:05][E][pdx_localize.cpp:279]: Duplicate localization key. Key 'DI_remove_excommunication_desc' is defined in both 'localization/russian/gui/DI_RUS_l_russian.yml' and 'localization/russian/gui/DI_l_russian.yml'.
[15:51:05][E][pdx_localize.cpp:279]: Duplicate localization key. Key 'DI_commit_suicide_interaction' is defined in both 'localization/russian/gui/DI_RUS_l_russian.yml' and 'localization/russian/gui/DI_l_russian.yml'.
[15:51:05][E][pdx_localize.cpp:279]: Duplicate localization key. Key 'DI_commit_suicide_desc' is defined in both 'localization/russian/gui/DI_RUS_l_russian.yml' and 'localization/russian/gui/DI_l_russian.yml'.
[15:51:05][E][pdx_localize.cpp:279]: Duplicate localization key. Key 'DI_take_title_interaction' is defined in both 'localization/russian/gui/DI_RUS_l_russian.yml' and 'localization/russian/gui/DI_l_russian.yml'.
[15:51:05][E][pdx_localize.cpp:279]: Duplicate localization key. Key 'DI_take_title_desc' is defined in both 'localization/russian/gui/DI_RUS_l_russian.yml' and 'localization/russian/gui/DI_l_russian.yml'.
[15:51:05][E][pdx_localize.cpp:279]: Duplicate localization key. Key 'DI_change_every_county' is defined in both 'localization/russian/gui/DI_RUS_l_russian.yml' and 'localization/russian/gui/DI_l_russian.yml'.
[15:51:05][E][pdx_localize.cpp:279]: Duplicate localization key. Key 'DI_change_every_county_control' is defined in both 'localization/russian/gui/DI_RUS_l_russian.yml' and 'localization/russian/gui/DI_l_russian.yml'.
[15:51:05][E][pdx_localize.cpp:279]: Duplicate localization key. Key 'DI_change_every_county_development' is defined in both 'localization/russian/gui/DI_RUS_l_russian.yml' and 'localization/russian/gui/DI_l_russian.yml'.
[15:51:05][E][pdx_localize.cpp:279]: Duplicate localization key. Key 'DI_change_religion_every_county' is defined in both 'localization/russian/gui/DI_RUS_l_russian.yml' and 'localization/russian/gui/DI_l_russian.yml'.
[15:51:05][E][pdx_localize.cpp:279]: Duplicate localization key. Key 'DI_change_culture_every_county' is defined in both 'localization/russian/gui/DI_RUS_l_russian.yml' and 'localization/russian/gui/DI_l_russian.yml'.
[15:51:05][E][pdx_localize.cpp:279]: Duplicate localization key. Key 'DI_change_opinion_interaction' is defined in both 'localization/russian/gui/DI_RUS_l_russian.yml' and 'localization/russian/gui/DI_l_russian.yml'.
[15:51:05][E][pdx_localize.cpp:279]: Duplicate localization key. Key 'DI_change_character_weight_interaction' is defined in both 'localization/russian/gui/DI_RUS_l_russian.yml' and 'localization/russian/gui/DI_l_russian.yml'.
[15:51:05][E][pdx_localize.cpp:279]: Duplicate localization key. Key 'DI_set_relation_interaction' is defined in both 'localization/russian/gui/DI_RUS_l_russian.yml' and 'localization/russian/gui/DI_l_russian.yml'.
[15:51:05][E][pdx_localize.cpp:279]: Duplicate localization key. Key 'DI_set_potential_friend' is defined in both 'localization/russian/gui/DI_RUS_l_russian.yml' and 'localization/russian/gui/DI_l_russian.yml'.
[15:51:05][E][pdx_localize.cpp:279]: Duplicate localization key. Key 'DI_remove_potential_friend' is defined in both 'localization/russian/gui/DI_RUS_l_russian.yml' and 'localization/russian/gui/DI_l_russian.yml'.
[15:51:05][E][pdx_localize.cpp:279]: Duplicate localization key. Key 'DI_set_potential_rival' is defined in both 'localization/russian/gui/DI_RUS_l_russian.yml' and 'localization/russian/gui/DI_l_russian.yml'.
[15:51:05][E][pdx_localize.cpp:279]: Duplicate localization key. Key 'DI_remove_potential_rival' is defined in both 'localization/russian/gui/DI_RUS_l_russian.yml' and 'localization/russian/gui/DI_l_russian.yml'.
[15:51:05][E][pdx_localize.cpp:279]: Duplicate localization key. Key 'DI_set_potential_lover' is defined in both 'localization/russian/gui/DI_RUS_l_russian.yml' and 'localization/russian/gui/DI_l_russian.yml'.
[15:51:05][E][pdx_localize.cpp:279]: Duplicate localization key. Key 'DI_remove_potential_lover' is defined in both 'localization/russian/gui/DI_RUS_l_russian.yml' and 'localization/russian/gui/DI_l_russian.yml'.
[15:51:05][E][pdx_localize.cpp:279]: Duplicate localization key. Key 'DI_set_friend' is defined in both 'localization/russian/gui/DI_RUS_l_russian.yml' and 'localization/russian/gui/DI_l_russian.yml'.
[15:51:05][E][pdx_localize.cpp:279]: Duplicate localization key. Key 'DI_remove_friend' is defined in both 'localization/russian/gui/DI_RUS_l_russian.yml' and 'localization/russian/gui/DI_l_russian.yml'.
[15:51:05][E][pdx_localize.cpp:279]: Duplicate localization key. Key 'DI_set_rival' is defined in both 'localization/russian/gui/DI_RUS_l_russian.yml' and 'localization/russian/gui/DI_l_russian.yml'.
[15:51:05][E][pdx_localize.cpp:279]: Duplicate localization key. Key 'DI_remove_rival' is defined in both 'localization/russian/gui/DI_RUS_l_russian.yml' and 'localization/russian/gui/DI_l_russian.yml'.
[15:51:05][E][pdx_localize.cpp:279]: Duplicate localization key. Key 'DI_set_lover' is defined in both 'localization/russian/gui/DI_RUS_l_russian.yml' and 'localization/russian/gui/DI_l_russian.yml'.
[15:51:05][E][pdx_localize.cpp:279]: Duplicate localization key. Key 'DI_remove_lover' is defined in both 'localization/russian/gui/DI_RUS_l_russian.yml' and 'localization/russian/gui/DI_l_russian.yml'.
[15:51:05][E][pdx_localize.cpp:279]: Duplicate localization key. Key 'DI_set_best_friend' is defined in both 'localization/russian/gui/DI_RUS_l_russian.yml' and 'localization/russian/gui/DI_l_russian.yml'.
[15:51:05][E][pdx_localize.cpp:279]: Duplicate localization key. Key 'DI_remove_best_friend' is defined in both 'localization/russian/gui/DI_RUS_l_russian.yml' and 'localization/russian/gui/DI_l_russian.yml'.
[15:51:05][E][pdx_localize.cpp:279]: Duplicate localization key. Key 'DI_set_nemesis' is defined in both 'localization/russian/gui/DI_RUS_l_russian.yml' and 'localization/russian/gui/DI_l_russian.yml'.
[15:51:05][E][pdx_localize.cpp:279]: Duplicate localization key. Key 'DI_remove_nemesis' is defined in both 'localization/russian/gui/DI_RUS_l_russian.yml' and 'localization/russian/gui/DI_l_russian.yml'.
[15:51:05][E][pdx_localize.cpp:279]: Duplicate localization key. Key 'DI_set_soulmate' is defined in both 'localization/russian/gui/DI_RUS_l_russian.yml' and 'localization/russian/gui/DI_l_russian.yml'.
[15:51:05][E][pdx_localize.cpp:279]: Duplicate localization key. Key 'DI_remove_soulmate' is defined in both 'localization/russian/gui/DI_RUS_l_russian.yml' and 'localization/russian/gui/DI_l_russian.yml'.
[15:51:05][E][pdx_localize.cpp:279]: Duplicate localization key. Key 'DI_set_bully' is defined in both 'localization/russian/gui/DI_RUS_l_russian.yml' and 'localization/russian/gui/DI_l_russian.yml'.
[15:51:05][E][pdx_localize.cpp:279]: Duplicate localization key. Key 'DI_remove_bully' is defined in both 'localization/russian/gui/DI_RUS_l_russian.yml' and 'localization/russian/gui/DI_l_russian.yml'.
[15:51:05][E][pdx_localize.cpp:279]: Duplicate localization key. Key 'DI_set_victim' is defined in both 'localization/russian/gui/DI_RUS_l_russian.yml' and 'localization/russian/gui/DI_l_russian.yml'.
[15:51:05][E][pdx_localize.cpp:279]: Duplicate localization key. Key 'DI_remove_victim' is defined in both 'localization/russian/gui/DI_RUS_l_russian.yml' and 'localization/russian/gui/DI_l_russian.yml'.
[15:51:05][E][pdx_localize.cpp:279]: Duplicate localization key. Key 'DI_remove_child_interaction' is defined in both 'localization/russian/gui/DI_RUS_l_russian.yml' and 'localization/russian/gui/DI_l_russian.yml'.
[15:51:05][E][pdx_localize.cpp:279]: Duplicate localization key. Key 'DI_remove_child_desc' is defined in both 'localization/russian/gui/DI_RUS_l_russian.yml' and 'localization/russian/gui/DI_l_russian.yml'.
[15:51:05][E][pdx_localize.cpp:279]: Duplicate localization key. Key 'DI_toggle_menu_button_interaction' is defined in both 'localization/russian/gui/DI_RUS_l_russian.yml' and 'localization/russian/gui/DI_l_russian.yml'.
[15:51:05][E][pdx_localize.cpp:279]: Duplicate localization key. Key 'DI_change_government' is defined in both 'localization/russian/gui/DI_RUS_l_russian.yml' and 'localization/russian/gui/DI_l_russian.yml'.
[15:51:05][E][pdx_localize.cpp:279]: Duplicate localization key. Key 'DI_change_government_desc' is defined in both 'localization/russian/gui/DI_RUS_l_russian.yml' and 'localization/russian/gui/DI_l_russian.yml'.
[15:51:05][E][pdx_localize.cpp:279]: Duplicate localization key. Key 'DI_change_government_feudal' is defined in both 'localization/russian/gui/DI_RUS_l_russian.yml' and 'localization/russian/gui/DI_l_russian.yml'.
[15:51:05][E][pdx_localize.cpp:279]: Duplicate localization key. Key 'DI_change_government_clan' is defined in both 'localization/russian/gui/DI_RUS_l_russian.yml' and 'localization/russian/gui/DI_l_russian.yml'.
[15:51:05][E][pdx_localize.cpp:279]: Duplicate localization key. Key 'DI_change_government_tribal' is defined in both 'localization/russian/gui/DI_RUS_l_russian.yml' and 'localization/russian/gui/DI_l_russian.yml'.
[15:51:05][E][pdx_localize.cpp:279]: Duplicate localization key. Key 'DI_change_government_feudal_full' is defined in both 'localization/russian/gui/DI_RUS_l_russian.yml' and 'localization/russian/gui/DI_l_russian.yml'.
[15:51:05][E][pdx_localize.cpp:279]: Duplicate localization key. Key 'DI_change_government_clan_full' is defined in both 'localization/russian/gui/DI_RUS_l_russian.yml' and 'localization/russian/gui/DI_l_russian.yml'.
[15:51:05][E][pdx_localize.cpp:279]: Duplicate localization key. Key 'DI_change_government_tribal_full' is defined in both 'localization/russian/gui/DI_RUS_l_russian.yml' and 'localization/russian/gui/DI_l_russian.yml'.
[15:51:05][E][pdx_localize.cpp:279]: Duplicate localization key. Key 'DI_change_government_administrative' is defined in both 'localization/russian/gui/DI_RUS_l_russian.yml' and 'localization/russian/gui/DI_l_russian.yml'.
[15:51:05][E][pdx_localize.cpp:279]: Duplicate localization key. Key 'DI_change_succession' is defined in both 'localization/russian/gui/DI_RUS_l_russian.yml' and 'localization/russian/gui/DI_l_russian.yml'.
[15:51:05][E][pdx_localize.cpp:279]: Duplicate localization key. Key 'DI_change_succession_desc' is defined in both 'localization/russian/gui/DI_RUS_l_russian.yml' and 'localization/russian/gui/DI_l_russian.yml'.
[15:51:05][E][pdx_localize.cpp:279]: Duplicate localization key. Key 'DI_change_succession_single' is defined in both 'localization/russian/gui/DI_RUS_l_russian.yml' and 'localization/russian/gui/DI_l_russian.yml'.
[15:51:05][E][pdx_localize.cpp:279]: Duplicate localization key. Key 'DI_change_succession_single_youngest' is defined in both 'localization/russian/gui/DI_RUS_l_russian.yml' and 'localization/russian/gui/DI_l_russian.yml'.
[15:51:05][E][pdx_localize.cpp:279]: Duplicate localization key. Key 'DI_contraceptive_interaction' is defined in both 'localization/russian/gui/DI_RUS_l_russian.yml' and 'localization/russian/gui/DI_l_russian.yml'.
[15:51:05][E][pdx_localize.cpp:279]: Duplicate localization key. Key 'DI_contraceptive_desc' is defined in both 'localization/russian/gui/DI_RUS_l_russian.yml' and 'localization/russian/gui/DI_l_russian.yml'.
[15:51:05][E][pdx_localize.cpp:279]: Duplicate localization key. Key 'DI_end_pregnancy_interaction' is defined in both 'localization/russian/gui/DI_RUS_l_russian.yml' and 'localization/russian/gui/DI_l_russian.yml'.
[15:51:05][E][pdx_localize.cpp:279]: Duplicate localization key. Key 'DI_end_pregnancy_desc' is defined in both 'localization/russian/gui/DI_RUS_l_russian.yml' and 'localization/russian/gui/DI_l_russian.yml'.
[15:51:05][E][pdx_localize.cpp:279]: Duplicate localization key. Key 'DI_add_secrets_interaction' is defined in both 'localization/russian/gui/DI_RUS_l_russian.yml' and 'localization/russian/gui/DI_l_russian.yml'.
[15:51:05][E][pdx_localize.cpp:279]: Duplicate localization key. Key 'DI_add_secrets_desc' is defined in both 'localization/russian/gui/DI_RUS_l_russian.yml' and 'localization/russian/gui/DI_l_russian.yml'.
[15:51:05][E][pdx_localize.cpp:279]: Duplicate localization key. Key 'DI_remove_secrets_interaction' is defined in both 'localization/russian/gui/DI_RUS_l_russian.yml' and 'localization/russian/gui/DI_l_russian.yml'.
[15:51:05][E][pdx_localize.cpp:279]: Duplicate localization key. Key 'DI_remove_secrets_desc' is defined in both 'localization/russian/gui/DI_RUS_l_russian.yml' and 'localization/russian/gui/DI_l_russian.yml'.
[15:51:05][E][pdx_localize.cpp:279]: Duplicate localization key. Key 'DI_reveal_secrets_interaction' is defined in both 'localization/russian/gui/DI_RUS_l_russian.yml' and 'localization/russian/gui/DI_l_russian.yml'.
[15:51:05][E][pdx_localize.cpp:279]: Duplicate localization key. Key 'DI_reveal_secrets_desc' is defined in both 'localization/russian/gui/DI_RUS_l_russian.yml' and 'localization/russian/gui/DI_l_russian.yml'.
[15:51:05][E][pdx_localize.cpp:279]: Duplicate localization key. Key 'DI_start_diarchy_interaction' is defined in both 'localization/russian/gui/DI_RUS_l_russian.yml' and 'localization/russian/gui/DI_l_russian.yml'.
[15:51:05][E][pdx_localize.cpp:279]: Duplicate localization key. Key 'DI_start_diarchy_desc' is defined in both 'localization/russian/gui/DI_RUS_l_russian.yml' and 'localization/russian/gui/DI_l_russian.yml'.
[15:51:05][E][pdx_localize.cpp:279]: Duplicate localization key. Key 'DI_start_diarchy_player_desc' is defined in both 'localization/russian/gui/DI_RUS_l_russian.yml' and 'localization/russian/gui/DI_l_russian.yml'.
[15:51:05][E][pdx_localize.cpp:279]: Duplicate localization key. Key 'DI_start_diarchy_npc_desc' is defined in both 'localization/russian/gui/DI_RUS_l_russian.yml' and 'localization/russian/gui/DI_l_russian.yml'.
[15:51:05][E][pdx_localize.cpp:279]: Duplicate localization key. Key 'DI_end_diarchy_interaction' is defined in both 'localization/russian/gui/DI_RUS_l_russian.yml' and 'localization/russian/gui/DI_l_russian.yml'.
[15:51:05][E][pdx_localize.cpp:279]: Duplicate localization key. Key 'DI_end_diarchy_desc' is defined in both 'localization/russian/gui/DI_RUS_l_russian.yml' and 'localization/russian/gui/DI_l_russian.yml'.
[15:51:05][E][pdx_localize.cpp:279]: Duplicate localization key. Key 'DI_swing_scales_interaction' is defined in both 'localization/russian/gui/DI_RUS_l_russian.yml' and 'localization/russian/gui/DI_l_russian.yml'.
[15:51:05][E][pdx_localize.cpp:279]: Duplicate localization key. Key 'DI_swing_scales_interaction_desc' is defined in both 'localization/russian/gui/DI_RUS_l_russian.yml' and 'localization/russian/gui/DI_l_russian.yml'.
[15:51:05][E][pdx_localize.cpp:279]: Duplicate localization key. Key 'swing_scales_0' is defined in both 'localization/russian/gui/DI_RUS_l_russian.yml' and 'localization/russian/gui/DI_l_russian.yml'.
[15:51:05][E][pdx_localize.cpp:279]: Duplicate localization key. Key 'swing_scales_50' is defined in both 'localization/russian/gui/DI_RUS_l_russian.yml' and 'localization/russian/gui/DI_l_russian.yml'.
[15:51:05][E][pdx_localize.cpp:279]: Duplicate localization key. Key 'swing_scales_100' is defined in both 'localization/russian/gui/DI_RUS_l_russian.yml' and 'localization/russian/gui/DI_l_russian.yml'.
[15:51:05][E][pdx_localize.cpp:279]: Duplicate localization key. Key 'DI_white_peace_all_wars' is defined in both 'localization/russian/gui/DI_RUS_l_russian.yml' and 'localization/russian/gui/DI_l_russian.yml'.
[15:51:05][E][pdx_localize.cpp:279]: Duplicate localization key. Key 'DI_lose_all_wars' is defined in both 'localization/russian/gui/DI_RUS_l_russian.yml' and 'localization/russian/gui/DI_l_russian.yml'.
[15:51:05][E][pdx_localize.cpp:279]: Duplicate localization key. Key 'DI_win_all_wars' is defined in both 'localization/russian/gui/DI_RUS_l_russian.yml' and 'localization/russian/gui/DI_l_russian.yml'.
[15:51:05][E][pdx_localize.cpp:279]: Duplicate localization key. Key 'DI_player_win_wars' is defined in both 'localization/russian/gui/DI_RUS_l_russian.yml' and 'localization/russian/gui/DI_l_russian.yml'.
[15:51:05][E][pdx_localize.cpp:279]: Duplicate localization key. Key 'DI_white_peace_player' is defined in both 'localization/russian/gui/DI_RUS_l_russian.yml' and 'localization/russian/gui/DI_l_russian.yml'.
[15:51:05][E][pdx_localize.cpp:279]: Duplicate localization key. Key 'DI_vassals_white_peace' is defined in both 'localization/russian/gui/DI_RUS_l_russian.yml' and 'localization/russian/gui/DI_l_russian.yml'.
[15:51:05][E][pdx_localize.cpp:279]: Duplicate localization key. Key 'DI_take_all_titles_interaction' is defined in both 'localization/russian/gui/DI_RUS_l_russian.yml' and 'localization/russian/gui/DI_l_russian.yml'.
[15:51:05][E][pdx_localize.cpp:279]: Duplicate localization key. Key 'DI_take_all_titles_desc' is defined in both 'localization/russian/gui/DI_RUS_l_russian.yml' and 'localization/russian/gui/DI_l_russian.yml'.
[15:51:05][E][pdx_localize.cpp:279]: Duplicate localization key. Key 'DI_end_wars_interaction' is defined in both 'localization/russian/gui/DI_RUS_l_russian.yml' and 'localization/russian/gui/DI_l_russian.yml'.
[15:51:05][E][pdx_localize.cpp:279]: Duplicate localization key. Key 'DI_end_wars_desc' is defined in both 'localization/russian/gui/DI_RUS_l_russian.yml' and 'localization/russian/gui/DI_l_russian.yml'.
[15:51:05][E][pdx_localize.cpp:279]: Duplicate localization key. Key 'DI_take_sub_realm_titles' is defined in both 'localization/russian/gui/DI_RUS_l_russian.yml' and 'localization/russian/gui/DI_l_russian.yml'.
[15:51:05][E][pdx_localize.cpp:279]: Duplicate localization key. Key 'DI_take_character_titles' is defined in both 'localization/russian/gui/DI_RUS_l_russian.yml' and 'localization/russian/gui/DI_l_russian.yml'.
[15:51:05][E][pdx_localize.cpp:279]: Duplicate localization key. Key 'DI_change_house_name_interaction' is defined in both 'localization/russian/gui/DI_RUS_l_russian.yml' and 'localization/russian/gui/DI_l_russian.yml'.
[15:51:05][E][pdx_localize.cpp:279]: Duplicate localization key. Key 'DI_change_house_name_desc' is defined in both 'localization/russian/gui/DI_RUS_l_russian.yml' and 'localization/russian/gui/DI_l_russian.yml'.
[15:51:05][E][pdx_localize.cpp:279]: Duplicate localization key. Key 'DI_changeHouseName.t' is defined in both 'localization/russian/gui/DI_RUS_l_russian.yml' and 'localization/russian/gui/DI_l_russian.yml'.
[15:51:05][E][pdx_localize.cpp:279]: Duplicate localization key. Key 'DI_changeHouseName.d' is defined in both 'localization/russian/gui/DI_RUS_l_russian.yml' and 'localization/russian/gui/DI_l_russian.yml'.
[15:51:05][E][pdx_localize.cpp:279]: Duplicate localization key. Key 'DI_abdicate' is defined in both 'localization/russian/gui/DI_RUS_l_russian.yml' and 'localization/russian/gui/DI_l_russian.yml'.
[15:51:05][E][pdx_localize.cpp:279]: Duplicate localization key. Key 'DI_reset_story_variables' is defined in both 'localization/russian/gui/DI_RUS_l_russian.yml' and 'localization/russian/gui/DI_l_russian.yml'.
[15:51:05][E][pdx_localize.cpp:279]: Duplicate localization key. Key 'DI_reset_story_variables_desc' is defined in both 'localization/russian/gui/DI_RUS_l_russian.yml' and 'localization/russian/gui/DI_l_russian.yml'.
[15:51:05][E][pdx_localize.cpp:279]: Duplicate localization key. Key 'DI_permanent_health' is defined in both 'localization/russian/gui/DI_RUS_l_russian.yml' and 'localization/russian/gui/DI_l_russian.yml'.
[15:51:05][E][pdx_localize.cpp:279]: Duplicate localization key. Key 'DI_permanent_health_desc' is defined in both 'localization/russian/gui/DI_RUS_l_russian.yml' and 'localization/russian/gui/DI_l_russian.yml'.
[15:51:05][E][pdx_localize.cpp:279]: Duplicate localization key. Key 'no_lifestyle_diplomacy' is defined in both 'localization/russian/gui/DI_RUS_l_russian.yml' and 'localization/russian/gui/DI_l_russian.yml'.
[15:51:05][E][pdx_localize.cpp:279]: Duplicate localization key. Key 'no_lifestyle_martial' is defined in both 'localization/russian/gui/DI_RUS_l_russian.yml' and 'localization/russian/gui/DI_l_russian.yml'.
[15:51:05][E][pdx_localize.cpp:279]: Duplicate localization key. Key 'no_lifestyle_stewardship' is defined in both 'localization/russian/gui/DI_RUS_l_russian.yml' and 'localization/russian/gui/DI_l_russian.yml'.
[15:51:05][E][pdx_localize.cpp:279]: Duplicate localization key. Key 'no_lifestyle_intrigue' is defined in both 'localization/russian/gui/DI_RUS_l_russian.yml' and 'localization/russian/gui/DI_l_russian.yml'.
[15:51:05][E][pdx_localize.cpp:279]: Duplicate localization key. Key 'no_lifestyle_learning' is defined in both 'localization/russian/gui/DI_RUS_l_russian.yml' and 'localization/russian/gui/DI_l_russian.yml'.
[15:51:05][E][pdx_localize.cpp:279]: Duplicate localization key. Key 'no_lifestyle_wandering' is defined in both 'localization/russian/gui/DI_RUS_l_russian.yml' and 'localization/russian/gui/DI_l_russian.yml'.
[15:51:05][E][pdx_localize.cpp:279]: Duplicate localization key. Key 'no_stress_change' is defined in both 'localization/russian/gui/DI_RUS_l_russian.yml' and 'localization/russian/gui/DI_l_russian.yml'.
[15:51:05][E][pdx_localize.cpp:279]: Duplicate localization key. Key 'no_tyranny_change' is defined in both 'localization/russian/gui/DI_RUS_l_russian.yml' and 'localization/russian/gui/DI_l_russian.yml'.
[15:51:05][E][pdx_localize.cpp:279]: Duplicate localization key. Key 'no_dread_change' is defined in both 'localization/russian/gui/DI_RUS_l_russian.yml' and 'localization/russian/gui/DI_l_russian.yml'.
[15:51:05][E][pdx_localize.cpp:279]: Duplicate localization key. Key 'DI_spawn_legend_interaction' is defined in both 'localization/russian/gui/DI_RUS_l_russian.yml' and 'localization/russian/gui/DI_l_russian.yml'.
[15:51:05][E][pdx_localize.cpp:279]: Duplicate localization key. Key 'DI_inspire_inspiration_interaction' is defined in both 'localization/russian/gui/DI_RUS_l_russian.yml' and 'localization/russian/gui/DI_l_russian.yml'.
[15:51:05][E][pdx_localize.cpp:279]: Duplicate localization key. Key 'DI_sponsor_inspiration_interaction' is defined in both 'localization/russian/gui/DI_RUS_l_russian.yml' and 'localization/russian/gui/DI_l_russian.yml'.
[15:51:05][E][pdx_localize.cpp:279]: Duplicate localization key. Key 'actor_secondary_DI_arrange_marriage_interaction' is defined in both 'localization/russian/gui/DI_RUS_l_russian.yml' and 'localization/russian/gui/DI_l_russian.yml'.
[15:51:05][E][pdx_localize.cpp:279]: Duplicate localization key. Key 'DI_cultural_acceptance_interaction' is defined in both 'localization/russian/gui/DI_RUS_l_russian.yml' and 'localization/russian/gui/DI_l_russian.yml'.
[15:51:05][E][pdx_localize.cpp:279]: Duplicate localization key. Key 'DI_make_independent_interaction' is defined in both 'localization/russian/gui/DI_RUS_l_russian.yml' and 'localization/russian/gui/DI_l_russian.yml'.
[15:51:05][E][pdx_localize.cpp:279]: Duplicate localization key. Key 'DI_take_hostage_interaction' is defined in both 'localization/russian/gui/DI_RUS_l_russian.yml' and 'localization/russian/gui/DI_l_russian.yml'.
[15:51:05][E][pdx_localize.cpp:279]: Duplicate localization key. Key 'DI_release_hostage_interaction' is defined in both 'localization/russian/gui/DI_RUS_l_russian.yml' and 'localization/russian/gui/DI_l_russian.yml'.
[15:51:05][E][pdx_localize.cpp:279]: Duplicate localization key. Key 'DI_make_laamp_interaction' is defined in both 'localization/russian/gui/DI_RUS_l_russian.yml' and 'localization/russian/gui/DI_l_russian.yml'.
[15:51:05][E][pdx_localize.cpp:279]: Duplicate localization key. Key 'DI_move_domicile_interaction' is defined in both 'localization/russian/gui/DI_RUS_l_russian.yml' and 'localization/russian/gui/DI_l_russian.yml'.
[15:51:05][E][pdx_localize.cpp:279]: Duplicate localization key. Key 'DI_populate_contracts_interaction' is defined in both 'localization/russian/gui/DI_RUS_l_russian.yml' and 'localization/russian/gui/DI_l_russian.yml'.
[15:51:05][E][pdx_localize.cpp:279]: Duplicate localization key. Key 'DI_infinite_schemes_interaction' is defined in both 'localization/russian/gui/DI_RUS_l_russian.yml' and 'localization/russian/gui/DI_l_russian.yml'.
[15:51:05][E][pdx_localize.cpp:279]: Duplicate localization key. Key 'DI_antagonize_court_interaction' is defined in both 'localization/russian/gui/DI_RUS_l_russian.yml' and 'localization/russian/gui/DI_l_russian.yml'.
[15:51:05][E][pdx_localize.cpp:279]: Duplicate localization key. Key 'DI_buff_schemes_interaction' is defined in both 'localization/russian/gui/DI_RUS_l_russian.yml' and 'localization/russian/gui/DI_l_russian.yml'.
[15:51:05][E][pdx_localize.cpp:279]: Duplicate localization key. Key 'used_lifetime_invasion' is defined in both 'localization/russian/gui/DI_RUS_l_russian.yml' and 'localization/russian/gui/DI_l_russian.yml'.
[15:51:05][E][pdx_localize.cpp:279]: Duplicate localization key. Key 'declared_major_religious_war_flag' is defined in both 'localization/russian/gui/DI_RUS_l_russian.yml' and 'localization/russian/gui/DI_l_russian.yml'.
[15:51:05][E][pdx_localize.cpp:279]: Duplicate localization key. Key 'DI_remove_character_flags_interaction' is defined in both 'localization/russian/gui/DI_RUS_l_russian.yml' and 'localization/russian/gui/DI_l_russian.yml'.
[15:51:05][E][pdx_localize.cpp:279]: Duplicate localization key. Key 'DI_add_character_flags_interaction' is defined in both 'localization/russian/gui/DI_RUS_l_russian.yml' and 'localization/russian/gui/DI_l_russian.yml'.
[15:51:05][E][pdx_localize.cpp:279]: Duplicate localization key. Key 'DI_take_artifact_interaction' is defined in both 'localization/russian/gui/DI_RUS_l_russian.yml' and 'localization/russian/gui/DI_l_russian.yml'.
[15:51:05][E][pdx_localize.cpp:279]: Duplicate localization key. Key 'DI_make_house_head_interaction' is defined in both 'localization/russian/gui/DI_RUS_l_russian.yml' and 'localization/russian/gui/DI_l_russian.yml'.
[15:51:05][E][pdx_localize.cpp:279]: Duplicate localization key. Key 'DI_remove_hook_interaction' is defined in both 'localization/russian/gui/DI_RUS_l_russian.yml' and 'localization/russian/gui/DI_l_russian.yml'.
[15:51:05][E][pdx_localize.cpp:279]: Duplicate localization key. Key 'DI_make_tributary_interaction' is defined in both 'localization/russian/gui/DI_RUS_l_russian.yml' and 'localization/russian/gui/DI_l_russian.yml'.
[15:51:05][E][pdx_localize.cpp:279]: Duplicate localization key. Key 'DI_change_government_extended' is defined in both 'localization/russian/gui/DI_RUS_l_russian.yml' and 'localization/russian/gui/DI_l_russian.yml'.
[15:51:05][E][pdx_localize.cpp:279]: Duplicate localization key. Key 'DI_change_government_nomad' is defined in both 'localization/russian/gui/DI_RUS_l_russian.yml' and 'localization/russian/gui/DI_l_russian.yml'.
[15:51:05][E][pdx_localize.cpp:279]: Duplicate localization key. Key 'DI_change_government_republic' is defined in both 'localization/russian/gui/DI_RUS_l_russian.yml' and 'localization/russian/gui/DI_l_russian.yml'.
[15:51:05][E][pdx_localize.cpp:279]: Duplicate localization key. Key 'DI_change_government_theocracy' is defined in both 'localization/russian/gui/DI_RUS_l_russian.yml' and 'localization/russian/gui/DI_l_russian.yml'.
[15:51:05][E][pdx_localize.cpp:279]: Duplicate localization key. Key 'DI_change_government_landless_adventurer' is defined in both 'localization/russian/gui/DI_RUS_l_russian.yml' and 'localization/russian/gui/DI_l_russian.yml'.
[15:51:05][E][pdx_localize.cpp:279]: Duplicate localization key. Key 'DI_change_government_herder' is defined in both 'localization/russian/gui/DI_RUS_l_russian.yml' and 'localization/russian/gui/DI_l_russian.yml'.
[15:51:05][E][pdx_localize.cpp:279]: Duplicate localization key. Key 'DI_change_government_celestial' is defined in both 'localization/russian/gui/DI_RUS_l_russian.yml' and 'localization/russian/gui/DI_l_russian.yml'.
[15:51:05][E][pdx_localize.cpp:279]: Duplicate localization key. Key 'DI_change_government_japan_administrative' is defined in both 'localization/russian/gui/DI_RUS_l_russian.yml' and 'localization/russian/gui/DI_l_russian.yml'.
[15:51:05][E][pdx_localize.cpp:279]: Duplicate localization key. Key 'DI_change_government_japan_feudal' is defined in both 'localization/russian/gui/DI_RUS_l_russian.yml' and 'localization/russian/gui/DI_l_russian.yml'.
[15:51:05][E][pdx_localize.cpp:279]: Duplicate localization key. Key 'DI_change_government_wanua' is defined in both 'localization/russian/gui/DI_RUS_l_russian.yml' and 'localization/russian/gui/DI_l_russian.yml'.
[15:51:05][E][pdx_localize.cpp:279]: Duplicate localization key. Key 'DI_change_government_mandala' is defined in both 'localization/russian/gui/DI_RUS_l_russian.yml' and 'localization/russian/gui/DI_l_russian.yml'.
[15:51:05][E][pdx_localize.cpp:279]: Duplicate localization key. Key 'DI_change_government_steppe_admin' is defined in both 'localization/russian/gui/DI_RUS_l_russian.yml' and 'localization/russian/gui/DI_l_russian.yml'.
[15:51:05][E][pdx_localize.cpp:279]: Duplicate localization key. Key 'DI_change_government_meritocratic' is defined in both 'localization/russian/gui/DI_RUS_l_russian.yml' and 'localization/russian/gui/DI_l_russian.yml'.
[15:51:05][E][pdx_localize.cpp:279]: Duplicate localization key. Key 'DI_sex_interaction_t' is defined in both 'localization/russian/gui/DI_RUS_l_russian.yml' and 'localization/russian/gui/DI_l_russian.yml'.
[15:51:05][E][pdx_localize.cpp:279]: Duplicate localization key. Key 'DI_cadetBranch_interaction' is defined in both 'localization/russian/gui/DI_RUS_l_russian.yml' and 'localization/russian/gui/DI_l_russian.yml'.
[15:51:05][E][pdx_localize.cpp:279]: Duplicate localization key. Key 'DI_cadetBranch_interaction_1.desc' is defined in both 'localization/russian/gui/DI_RUS_l_russian.yml' and 'localization/russian/gui/DI_l_russian.yml'.
[15:51:05][E][pdx_localize.cpp:279]: Duplicate localization key. Key 'DI_cadetBranch_event_1.t' is defined in both 'localization/russian/gui/DI_RUS_l_russian.yml' and 'localization/russian/gui/DI_l_russian.yml'.
[15:51:05][E][pdx_localize.cpp:279]: Duplicate localization key. Key 'DI_cadetBranch_event_1.desc' is defined in both 'localization/russian/gui/DI_RUS_l_russian.yml' and 'localization/russian/gui/DI_l_russian.yml'.
[15:51:05][E][pdx_localize.cpp:279]: Duplicate localization key. Key 'DI_cadetBranch_event_option.1' is defined in both 'localization/russian/gui/DI_RUS_l_russian.yml' and 'localization/russian/gui/DI_l_russian.yml'.
[15:51:05][E][pdx_localize.cpp:279]: Duplicate localization key. Key 'DI_cadetBranch_event_tooltip.1' is defined in both 'localization/russian/gui/DI_RUS_l_russian.yml' and 'localization/russian/gui/DI_l_russian.yml'.
[15:51:05][E][pdx_localize.cpp:279]: Duplicate localization key. Key 'random_secret' is defined in both 'localization/russian/gui/DI_RUS_l_russian.yml' and 'localization/russian/gui/DI_l_russian.yml'.
[15:51:05][E][pdx_localize.cpp:279]: Duplicate localization key. Key 'every_secret' is defined in both 'localization/russian/gui/DI_RUS_l_russian.yml' and 'localization/russian/gui/DI_l_russian.yml'.
[15:51:05][E][pdx_localize.cpp:279]: Duplicate localization key. Key 'DI_char_editor.1.title' is defined in both 'localization/russian/gui/DI_RUS_l_russian.yml' and 'localization/russian/gui/DI_l_russian.yml'.
[15:51:05][E][pdx_localize.cpp:279]: Duplicate localization key. Key 'DI_char_editor.1.desc' is defined in both 'localization/russian/gui/DI_RUS_l_russian.yml' and 'localization/russian/gui/DI_l_russian.yml'.
[15:51:05][E][pdx_localize.cpp:279]: Duplicate localization key. Key 'DI_char_editor.1.option' is defined in both 'localization/russian/gui/DI_RUS_l_russian.yml' and 'localization/russian/gui/DI_l_russian.yml'.
[15:51:05][E][pdx_localize.cpp:279]: Duplicate localization key. Key 'DI_default_text' is defined in both 'localization/russian/gui/DI_RUS_l_russian.yml' and 'localization/russian/gui/DI_l_russian.yml'.
[15:51:05][E][pdx_localize.cpp:279]: Duplicate localization key. Key 'artifact_return' is defined in both 'localization/russian/gui/DI_RUS_l_russian.yml' and 'localization/russian/gui/DI_l_russian.yml'.
[15:51:05][E][pdx_localize.cpp:279]: Duplicate localization key. Key 'DI_artifact_desc' is defined in both 'localization/russian/gui/DI_RUS_l_russian.yml' and 'localization/russian/gui/DI_l_russian.yml'.
[15:51:05][E][pdx_localize.cpp:279]: Duplicate localization key. Key 'DI_artifact_desc_append' is defined in both 'localization/russian/gui/DI_RUS_l_russian.yml' and 'localization/russian/gui/DI_l_russian.yml'.
[15:51:05][E][pdx_localize.cpp:279]: Duplicate localization key. Key 'DI_artifact_new_desc' is defined in both 'localization/russian/gui/DI_RUS_l_russian.yml' and 'localization/russian/gui/DI_l_russian.yml'.
[15:51:05][E][pdx_localize.cpp:279]: Duplicate localization key. Key 'DI_artifact_append_desc' is defined in both 'localization/russian/gui/DI_RUS_l_russian.yml' and 'localization/russian/gui/DI_l_russian.yml'.
[15:51:05][E][pdx_localize.cpp:279]: Duplicate localization key. Key 'DI_pregnancy_test' is defined in both 'localization/russian/gui/DI_RUS_l_russian.yml' and 'localization/russian/gui/DI_l_russian.yml'.
[15:51:05][E][pdx_localize.cpp:279]: Duplicate localization key. Key 'DI_char_editor.1' is defined in both 'localization/russian/gui/DI_RUS_l_russian.yml' and 'localization/russian/gui/DI_l_russian.yml'.
[15:51:05][E][pdx_localize.cpp:279]: Duplicate localization key. Key 'DI_test_desc' is defined in both 'localization/russian/gui/DI_RUS_l_russian.yml' and 'localization/russian/gui/DI_l_russian.yml'.
[15:51:05][E][pdx_localize.cpp:279]: Duplicate localization key. Key 'DI_custom_text' is defined in both 'localization/russian/gui/DI_RUS_l_russian.yml' and 'localization/russian/gui/DI_l_russian.yml'.
[15:51:05][E][pdx_localize.cpp:279]: Duplicate localization key. Key 'houseName' is defined in both 'localization/russian/gui/DI_RUS_l_russian.yml' and 'localization/russian/gui/DI_l_russian.yml'.
[15:51:05][E][pdx_localize.cpp:279]: Duplicate localization key. Key 'DI_get_house_name' is defined in both 'localization/russian/gui/DI_RUS_l_russian.yml' and 'localization/russian/gui/DI_l_russian.yml'.
[15:51:05][E][pdx_localize.cpp:279]: Duplicate localization key. Key 'CHEAT_ACTIONS' is defined in both 'localization/russian/gui/DI_RUS_l_russian.yml' and 'localization/russian/gui/DI_l_russian.yml'.
[15:51:05][E][pdx_localize.cpp:279]: Duplicate localization key. Key 'castle_loc' is defined in both 'localization/russian/gui/DI_RUS_l_russian.yml' and 'localization/russian/gui/DI_l_russian.yml'.
[15:51:05][E][pdx_localize.cpp:279]: Duplicate localization key. Key 'temple_loc' is defined in both 'localization/russian/gui/DI_RUS_l_russian.yml' and 'localization/russian/gui/DI_l_russian.yml'.
[15:51:05][E][pdx_localize.cpp:279]: Duplicate localization key. Key 'city_loc' is defined in both 'localization/russian/gui/DI_RUS_l_russian.yml' and 'localization/russian/gui/DI_l_russian.yml'.
[15:51:05][E][pdx_localize.cpp:279]: Duplicate localization key. Key 'tribal_loc' is defined in both 'localization/russian/gui/DI_RUS_l_russian.yml' and 'localization/russian/gui/DI_l_russian.yml'.
[15:51:05][E][pdx_localize.cpp:279]: Duplicate localization key. Key 'DI_nomad_loc' is defined in both 'localization/russian/gui/DI_RUS_l_russian.yml' and 'localization/russian/gui/DI_l_russian.yml'.
[15:51:05][E][pdx_localize.cpp:279]: Duplicate localization key. Key 'DI_herder_loc' is defined in both 'localization/russian/gui/DI_RUS_l_russian.yml' and 'localization/russian/gui/DI_l_russian.yml'.
[15:51:05][E][pdx_localize.cpp:279]: Duplicate localization key. Key 'DI_temple_citadel_loc' is defined in both 'localization/russian/gui/DI_RUS_l_russian.yml' and 'localization/russian/gui/DI_l_russian.yml'.
[15:51:05][E][pdx_localize.cpp:279]: Duplicate localization key. Key 'empty_loc' is defined in both 'localization/russian/gui/DI_RUS_l_russian.yml' and 'localization/russian/gui/DI_l_russian.yml'.
[15:51:05][E][pdx_localize.cpp:279]: Duplicate localization key. Key 'sort_rank_loc' is defined in both 'localization/russian/gui/DI_RUS_l_russian.yml' and 'localization/russian/gui/DI_l_russian.yml'.
[15:51:05][E][pdx_localize.cpp:279]: Duplicate localization key. Key 'DI_hegemony_loc' is defined in both 'localization/russian/gui/DI_RUS_l_russian.yml' and 'localization/russian/gui/DI_l_russian.yml'.
[15:51:05][E][pdx_localize.cpp:279]: Duplicate localization key. Key 'Empire_loc' is defined in both 'localization/russian/gui/DI_RUS_l_russian.yml' and 'localization/russian/gui/DI_l_russian.yml'.
[15:51:05][E][pdx_localize.cpp:279]: Duplicate localization key. Key 'Kingdom_loc' is defined in both 'localization/russian/gui/DI_RUS_l_russian.yml' and 'localization/russian/gui/DI_l_russian.yml'.
[15:51:05][E][pdx_localize.cpp:279]: Duplicate localization key. Key 'Duchy_loc' is defined in both 'localization/russian/gui/DI_RUS_l_russian.yml' and 'localization/russian/gui/DI_l_russian.yml'.
[15:51:05][E][pdx_localize.cpp:279]: Duplicate localization key. Key 'County_loc' is defined in both 'localization/russian/gui/DI_RUS_l_russian.yml' and 'localization/russian/gui/DI_l_russian.yml'.
[15:51:05][E][pdx_localize.cpp:279]: Duplicate localization key. Key 'pinned_characters_loc' is defined in both 'localization/russian/gui/DI_RUS_l_russian.yml' and 'localization/russian/gui/DI_l_russian.yml'.
[15:51:05][E][pdx_localize.cpp:279]: Duplicate localization key. Key 'unpin_selected_loc' is defined in both 'localization/russian/gui/DI_RUS_l_russian.yml' and 'localization/russian/gui/DI_l_russian.yml'.
[15:51:05][E][pdx_localize.cpp:279]: Duplicate localization key. Key 'clear_pinned_loc' is defined in both 'localization/russian/gui/DI_RUS_l_russian.yml' and 'localization/russian/gui/DI_l_russian.yml'.
[15:51:05][E][pdx_localize.cpp:279]: Duplicate localization key. Key 'DI_province_manager_filter_loc' is defined in both 'localization/russian/gui/DI_RUS_l_russian.yml' and 'localization/russian/gui/DI_l_russian.yml'.
[15:51:05][E][pdx_localize.cpp:279]: Duplicate localization key. Key 'DI_province_filter_all_loc' is defined in both 'localization/russian/gui/DI_RUS_l_russian.yml' and 'localization/russian/gui/DI_l_russian.yml'.
[15:51:05][E][pdx_localize.cpp:279]: Duplicate localization key. Key 'DI_province_filter_hide_loc' is defined in both 'localization/russian/gui/DI_RUS_l_russian.yml' and 'localization/russian/gui/DI_l_russian.yml'.
[15:51:05][E][pdx_localize.cpp:279]: Duplicate localization key. Key 'DI_province_filter_capital_loc' is defined in both 'localization/russian/gui/DI_RUS_l_russian.yml' and 'localization/russian/gui/DI_l_russian.yml'.
[15:51:05][E][pdx_localize.cpp:279]: Duplicate localization key. Key 'DI_province_filter_empty_loc' is defined in both 'localization/russian/gui/DI_RUS_l_russian.yml' and 'localization/russian/gui/DI_l_russian.yml'.
[15:51:05][E][pdx_localize.cpp:279]: Duplicate localization key. Key 'DI_category_pedestal_loc' is defined in both 'localization/russian/gui/DI_RUS_l_russian.yml' and 'localization/russian/gui/DI_l_russian.yml'.
[15:51:05][E][pdx_localize.cpp:279]: Duplicate localization key. Key 'DI_category_furniture_loc' is defined in both 'localization/russian/gui/DI_RUS_l_russian.yml' and 'localization/russian/gui/DI_l_russian.yml'.
[15:51:05][E][pdx_localize.cpp:279]: Duplicate localization key. Key 'DI_category_ornament_loc' is defined in both 'localization/russian/gui/DI_RUS_l_russian.yml' and 'localization/russian/gui/DI_l_russian.yml'.
[15:51:05][E][pdx_localize.cpp:279]: Duplicate localization key. Key 'DI_subtype_small_box_loc' is defined in both 'localization/russian/gui/DI_RUS_l_russian.yml' and 'localization/russian/gui/DI_l_russian.yml'.
[15:51:05][E][pdx_localize.cpp:279]: Duplicate localization key. Key 'DI_subtype_medium_box_loc' is defined in both 'localization/russian/gui/DI_RUS_l_russian.yml' and 'localization/russian/gui/DI_l_russian.yml'.
[15:51:05][E][pdx_localize.cpp:279]: Duplicate localization key. Key 'DI_subtype_crown_loc' is defined in both 'localization/russian/gui/DI_RUS_l_russian.yml' and 'localization/russian/gui/DI_l_russian.yml'.
[15:51:05][E][pdx_localize.cpp:279]: Duplicate localization key. Key 'DI_subtype_divan_loc' is defined in both 'localization/russian/gui/DI_RUS_l_russian.yml' and 'localization/russian/gui/DI_l_russian.yml'.
[15:51:05][E][pdx_localize.cpp:279]: Duplicate localization key. Key 'DI_subtype_table_loc' is defined in both 'localization/russian/gui/DI_RUS_l_russian.yml' and 'localization/russian/gui/DI_l_russian.yml'.
[15:51:05][E][pdx_localize.cpp:279]: Duplicate localization key. Key 'DI_subtype_small_shield_loc' is defined in both 'localization/russian/gui/DI_RUS_l_russian.yml' and 'localization/russian/gui/DI_l_russian.yml'.
[15:51:05][E][pdx_localize.cpp:279]: Duplicate localization key. Key 'DI_subtype_large_shield_loc' is defined in both 'localization/russian/gui/DI_RUS_l_russian.yml' and 'localization/russian/gui/DI_l_russian.yml'.
[15:51:05][E][pdx_localize.cpp:279]: Duplicate localization key. Key 'DI_category_alchemy_loc' is defined in both 'localization/russian/gui/DI_RUS_l_russian.yml' and 'localization/russian/gui/DI_l_russian.yml'.
[15:51:05][E][pdx_localize.cpp:279]: Duplicate localization key. Key 'DI_category_armor_loc' is defined in both 'localization/russian/gui/DI_RUS_l_russian.yml' and 'localization/russian/gui/DI_l_russian.yml'.
[15:51:05][E][pdx_localize.cpp:279]: Duplicate localization key. Key 'DI_category_book_loc' is defined in both 'localization/russian/gui/DI_RUS_l_russian.yml' and 'localization/russian/gui/DI_l_russian.yml'.
[15:51:05][E][pdx_localize.cpp:279]: Duplicate localization key. Key 'DI_category_regalia_loc' is defined in both 'localization/russian/gui/DI_RUS_l_russian.yml' and 'localization/russian/gui/DI_l_russian.yml'.
[15:51:05][E][pdx_localize.cpp:279]: Duplicate localization key. Key 'DI_category_throne_loc' is defined in both 'localization/russian/gui/DI_RUS_l_russian.yml' and 'localization/russian/gui/DI_l_russian.yml'.
[15:51:05][E][pdx_localize.cpp:279]: Duplicate localization key. Key 'DI_category_tournament_loc' is defined in both 'localization/russian/gui/DI_RUS_l_russian.yml' and 'localization/russian/gui/DI_l_russian.yml'.
[15:51:05][E][pdx_localize.cpp:279]: Duplicate localization key. Key 'DI_category_trinket_loc' is defined in both 'localization/russian/gui/DI_RUS_l_russian.yml' and 'localization/russian/gui/DI_l_russian.yml'.
[15:51:05][E][pdx_localize.cpp:279]: Duplicate localization key. Key 'DI_category_weapon_loc' is defined in both 'localization/russian/gui/DI_RUS_l_russian.yml' and 'localization/russian/gui/DI_l_russian.yml'.
[15:51:05][E][pdx_localize.cpp:279]: Duplicate localization key. Key 'DI_subtype_animal_hide_big_loc' is defined in both 'localization/russian/gui/DI_RUS_l_russian.yml' and 'localization/russian/gui/DI_l_russian.yml'.
[15:51:05][E][pdx_localize.cpp:279]: Duplicate localization key. Key 'DI_subtype_animal_hide_loc' is defined in both 'localization/russian/gui/DI_RUS_l_russian.yml' and 'localization/russian/gui/DI_l_russian.yml'.
[15:51:05][E][pdx_localize.cpp:279]: Duplicate localization key. Key 'DI_subtype_animal_skull_loc' is defined in both 'localization/russian/gui/DI_RUS_l_russian.yml' and 'localization/russian/gui/DI_l_russian.yml'.
[15:51:05][E][pdx_localize.cpp:279]: Duplicate localization key. Key 'DI_subtype_animal_trinket_loc' is defined in both 'localization/russian/gui/DI_RUS_l_russian.yml' and 'localization/russian/gui/DI_l_russian.yml'.
[15:51:05][E][pdx_localize.cpp:279]: Duplicate localization key. Key 'DI_subtype_armor_brigandine_loc' is defined in both 'localization/russian/gui/DI_RUS_l_russian.yml' and 'localization/russian/gui/DI_l_russian.yml'.
[15:51:05][E][pdx_localize.cpp:279]: Duplicate localization key. Key 'DI_subtype_armor_lamellar_loc' is defined in both 'localization/russian/gui/DI_RUS_l_russian.yml' and 'localization/russian/gui/DI_l_russian.yml'.
[15:51:05][E][pdx_localize.cpp:279]: Duplicate localization key. Key 'DI_subtype_armor_laminar_loc' is defined in both 'localization/russian/gui/DI_RUS_l_russian.yml' and 'localization/russian/gui/DI_l_russian.yml'.
[15:51:05][E][pdx_localize.cpp:279]: Duplicate localization key. Key 'DI_subtype_armor_mail_loc' is defined in both 'localization/russian/gui/DI_RUS_l_russian.yml' and 'localization/russian/gui/DI_l_russian.yml'.
[15:51:05][E][pdx_localize.cpp:279]: Duplicate localization key. Key 'DI_subtype_armor_plate_loc' is defined in both 'localization/russian/gui/DI_RUS_l_russian.yml' and 'localization/russian/gui/DI_l_russian.yml'.
[15:51:05][E][pdx_localize.cpp:279]: Duplicate localization key. Key 'DI_subtype_armor_scale_loc' is defined in both 'localization/russian/gui/DI_RUS_l_russian.yml' and 'localization/russian/gui/DI_l_russian.yml'.
[15:51:05][E][pdx_localize.cpp:279]: Duplicate localization key. Key 'DI_subtype_axe_loc' is defined in both 'localization/russian/gui/DI_RUS_l_russian.yml' and 'localization/russian/gui/DI_l_russian.yml'.
[15:51:05][E][pdx_localize.cpp:279]: Duplicate localization key. Key 'DI_subtype_bird_feather_loc' is defined in both 'localization/russian/gui/DI_RUS_l_russian.yml' and 'localization/russian/gui/DI_l_russian.yml'.
[15:51:05][E][pdx_localize.cpp:279]: Duplicate localization key. Key 'DI_subtype_book_loc' is defined in both 'localization/russian/gui/DI_RUS_l_russian.yml' and 'localization/russian/gui/DI_l_russian.yml'.
[15:51:05][E][pdx_localize.cpp:279]: Duplicate localization key. Key 'DI_subtype_bow_loc' is defined in both 'localization/russian/gui/DI_RUS_l_russian.yml' and 'localization/russian/gui/DI_l_russian.yml'.
[15:51:05][E][pdx_localize.cpp:279]: Duplicate localization key. Key 'DI_subtype_bowl_loc' is defined in both 'localization/russian/gui/DI_RUS_l_russian.yml' and 'localization/russian/gui/DI_l_russian.yml'.
[15:51:05][E][pdx_localize.cpp:279]: Duplicate localization key. Key 'DI_subtype_box_loc' is defined in both 'localization/russian/gui/DI_RUS_l_russian.yml' and 'localization/russian/gui/DI_l_russian.yml'.
[15:51:05][E][pdx_localize.cpp:279]: Duplicate localization key. Key 'DI_subtype_brooch_loc' is defined in both 'localization/russian/gui/DI_RUS_l_russian.yml' and 'localization/russian/gui/DI_l_russian.yml'.
[15:51:05][E][pdx_localize.cpp:279]: Duplicate localization key. Key 'DI_subtype_brooch_pedestal_loc' is defined in both 'localization/russian/gui/DI_RUS_l_russian.yml' and 'localization/russian/gui/DI_l_russian.yml'.
[15:51:05][E][pdx_localize.cpp:279]: Duplicate localization key. Key 'DI_subtype_cabinet_loc' is defined in both 'localization/russian/gui/DI_RUS_l_russian.yml' and 'localization/russian/gui/DI_l_russian.yml'.
[15:51:05][E][pdx_localize.cpp:279]: Duplicate localization key. Key 'DI_subtype_chest_loc' is defined in both 'localization/russian/gui/DI_RUS_l_russian.yml' and 'localization/russian/gui/DI_l_russian.yml'.
[15:51:05][E][pdx_localize.cpp:279]: Duplicate localization key. Key 'DI_subtype_chronicle_loc' is defined in both 'localization/russian/gui/DI_RUS_l_russian.yml' and 'localization/russian/gui/DI_l_russian.yml'.
[15:51:05][E][pdx_localize.cpp:279]: Duplicate localization key. Key 'DI_subtype_composite_loc' is defined in both 'localization/russian/gui/DI_RUS_l_russian.yml' and 'localization/russian/gui/DI_l_russian.yml'.
[15:51:05][E][pdx_localize.cpp:279]: Duplicate localization key. Key 'DI_subtype_crossbow_loc' is defined in both 'localization/russian/gui/DI_RUS_l_russian.yml' and 'localization/russian/gui/DI_l_russian.yml'.
[15:51:05][E][pdx_localize.cpp:279]: Duplicate localization key. Key 'DI_subtype_dagger_loc' is defined in both 'localization/russian/gui/DI_RUS_l_russian.yml' and 'localization/russian/gui/DI_l_russian.yml'.
[15:51:05][E][pdx_localize.cpp:279]: Duplicate localization key. Key 'DI_subtype_elixir_loc' is defined in both 'localization/russian/gui/DI_RUS_l_russian.yml' and 'localization/russian/gui/DI_l_russian.yml'.
[15:51:05][E][pdx_localize.cpp:279]: Duplicate localization key. Key 'DI_subtype_goblet_loc' is defined in both 'localization/russian/gui/DI_RUS_l_russian.yml' and 'localization/russian/gui/DI_l_russian.yml'.
[15:51:05][E][pdx_localize.cpp:279]: Duplicate localization key. Key 'DI_subtype_hammer_loc' is defined in both 'localization/russian/gui/DI_RUS_l_russian.yml' and 'localization/russian/gui/DI_l_russian.yml'.
[15:51:05][E][pdx_localize.cpp:279]: Duplicate localization key. Key 'DI_subtype_helmet_loc' is defined in both 'localization/russian/gui/DI_RUS_l_russian.yml' and 'localization/russian/gui/DI_l_russian.yml'.
[15:51:05][E][pdx_localize.cpp:279]: Duplicate localization key. Key 'DI_subtype_helmet_simple_loc' is defined in both 'localization/russian/gui/DI_RUS_l_russian.yml' and 'localization/russian/gui/DI_l_russian.yml'.
[15:51:05][E][pdx_localize.cpp:279]: Duplicate localization key. Key 'DI_subtype_journal_loc' is defined in both 'localization/russian/gui/DI_RUS_l_russian.yml' and 'localization/russian/gui/DI_l_russian.yml'.
[15:51:05][E][pdx_localize.cpp:279]: Duplicate localization key. Key 'DI_subtype_jug_loc' is defined in both 'localization/russian/gui/DI_RUS_l_russian.yml' and 'localization/russian/gui/DI_l_russian.yml'.
[15:51:05][E][pdx_localize.cpp:279]: Duplicate localization key. Key 'DI_subtype_longbow_loc' is defined in both 'localization/russian/gui/DI_RUS_l_russian.yml' and 'localization/russian/gui/DI_l_russian.yml'.
[15:51:05][E][pdx_localize.cpp:279]: Duplicate localization key. Key 'DI_subtype_mace_loc' is defined in both 'localization/russian/gui/DI_RUS_l_russian.yml' and 'localization/russian/gui/DI_l_russian.yml'.
[15:51:05][E][pdx_localize.cpp:279]: Duplicate localization key. Key 'DI_subtype_miscellaneous_loc' is defined in both 'localization/russian/gui/DI_RUS_l_russian.yml' and 'localization/russian/gui/DI_l_russian.yml'.
[15:51:05][E][pdx_localize.cpp:279]: Duplicate localization key. Key 'DI_subtype_miscellaneous_when_not_court_loc' is defined in both 'localization/russian/gui/DI_RUS_l_russian.yml' and 'localization/russian/gui/DI_l_russian.yml'.
[15:51:05][E][pdx_localize.cpp:279]: Duplicate localization key. Key 'DI_subtype_necklace_loc' is defined in both 'localization/russian/gui/DI_RUS_l_russian.yml' and 'localization/russian/gui/DI_l_russian.yml'.
[15:51:05][E][pdx_localize.cpp:279]: Duplicate localization key. Key 'DI_subtype_necklace_pedestal_loc' is defined in both 'localization/russian/gui/DI_RUS_l_russian.yml' and 'localization/russian/gui/DI_l_russian.yml'.
[15:51:05][E][pdx_localize.cpp:279]: Duplicate localization key. Key 'DI_subtype_panacea_loc' is defined in both 'localization/russian/gui/DI_RUS_l_russian.yml' and 'localization/russian/gui/DI_l_russian.yml'.
[15:51:05][E][pdx_localize.cpp:279]: Duplicate localization key. Key 'DI_subtype_pas_darmes_spurs_loc' is defined in both 'localization/russian/gui/DI_RUS_l_russian.yml' and 'localization/russian/gui/DI_l_russian.yml'.
[15:51:05][E][pdx_localize.cpp:279]: Duplicate localization key. Key 'DI_subtype_pas_darmes_token_loc' is defined in both 'localization/russian/gui/DI_RUS_l_russian.yml' and 'localization/russian/gui/DI_l_russian.yml'.
[15:51:05][E][pdx_localize.cpp:279]: Duplicate localization key. Key 'DI_subtype_pedestal_loc' is defined in both 'localization/russian/gui/DI_RUS_l_russian.yml' and 'localization/russian/gui/DI_l_russian.yml'.
[15:51:05][E][pdx_localize.cpp:279]: Duplicate localization key. Key 'DI_subtype_philosophers_stone_loc' is defined in both 'localization/russian/gui/DI_RUS_l_russian.yml' and 'localization/russian/gui/DI_l_russian.yml'.
[15:51:05][E][pdx_localize.cpp:279]: Duplicate localization key. Key 'DI_subtype_plate_loc' is defined in both 'localization/russian/gui/DI_RUS_l_russian.yml' and 'localization/russian/gui/DI_l_russian.yml'.
[15:51:05][E][pdx_localize.cpp:279]: Duplicate localization key. Key 'DI_subtype_regalia_loc' is defined in both 'localization/russian/gui/DI_RUS_l_russian.yml' and 'localization/russian/gui/DI_l_russian.yml'.
[15:51:05][E][pdx_localize.cpp:279]: Duplicate localization key. Key 'DI_subtype_regalia_simple_loc' is defined in both 'localization/russian/gui/DI_RUS_l_russian.yml' and 'localization/russian/gui/DI_l_russian.yml'.
[15:51:05][E][pdx_localize.cpp:279]: Duplicate localization key. Key 'DI_subtype_ring_loc' is defined in both 'localization/russian/gui/DI_RUS_l_russian.yml' and 'localization/russian/gui/DI_l_russian.yml'.
[15:51:05][E][pdx_localize.cpp:279]: Duplicate localization key. Key 'DI_subtype_scepter_pedestal_loc' is defined in both 'localization/russian/gui/DI_RUS_l_russian.yml' and 'localization/russian/gui/DI_l_russian.yml'.
[15:51:05][E][pdx_localize.cpp:279]: Duplicate localization key. Key 'DI_subtype_scientific_apparatus_loc' is defined in both 'localization/russian/gui/DI_RUS_l_russian.yml' and 'localization/russian/gui/DI_l_russian.yml'.
[15:51:05][E][pdx_localize.cpp:279]: Duplicate localization key. Key 'DI_subtype_sculpture_loc' is defined in both 'localization/russian/gui/DI_RUS_l_russian.yml' and 'localization/russian/gui/DI_l_russian.yml'.
[15:51:05][E][pdx_localize.cpp:279]: Duplicate localization key. Key 'DI_subtype_seal_of_investiture_court_loc' is defined in both 'localization/russian/gui/DI_RUS_l_russian.yml' and 'localization/russian/gui/DI_l_russian.yml'.
[15:51:05][E][pdx_localize.cpp:279]: Duplicate localization key. Key 'DI_subtype_seal_of_investiture_loc' is defined in both 'localization/russian/gui/DI_RUS_l_russian.yml' and 'localization/russian/gui/DI_l_russian.yml'.
[15:51:05][E][pdx_localize.cpp:279]: Duplicate localization key. Key 'DI_subtype_spear_loc' is defined in both 'localization/russian/gui/DI_RUS_l_russian.yml' and 'localization/russian/gui/DI_l_russian.yml'.
[15:51:05][E][pdx_localize.cpp:279]: Duplicate localization key. Key 'DI_subtype_sword_loc' is defined in both 'localization/russian/gui/DI_RUS_l_russian.yml' and 'localization/russian/gui/DI_l_russian.yml'.
[15:51:05][E][pdx_localize.cpp:279]: Duplicate localization key. Key 'DI_subtype_tapestry_loc' is defined in both 'localization/russian/gui/DI_RUS_l_russian.yml' and 'localization/russian/gui/DI_l_russian.yml'.
[15:51:05][E][pdx_localize.cpp:279]: Duplicate localization key. Key 'DI_subtype_throne_loc' is defined in both 'localization/russian/gui/DI_RUS_l_russian.yml' and 'localization/russian/gui/DI_l_russian.yml'.
[15:51:05][E][pdx_localize.cpp:279]: Duplicate localization key. Key 'DI_subtype_throne_special_loc' is defined in both 'localization/russian/gui/DI_RUS_l_russian.yml' and 'localization/russian/gui/DI_l_russian.yml'.
[15:51:05][E][pdx_localize.cpp:279]: Duplicate localization key. Key 'DI_subtype_tournament_favor_loc' is defined in both 'localization/russian/gui/DI_RUS_l_russian.yml' and 'localization/russian/gui/DI_l_russian.yml'.
[15:51:05][E][pdx_localize.cpp:279]: Duplicate localization key. Key 'DI_subtype_tun_barrel_loc' is defined in both 'localization/russian/gui/DI_RUS_l_russian.yml' and 'localization/russian/gui/DI_l_russian.yml'.
[15:51:05][E][pdx_localize.cpp:279]: Duplicate localization key. Key 'DI_subtype_urn_loc' is defined in both 'localization/russian/gui/DI_RUS_l_russian.yml' and 'localization/russian/gui/DI_l_russian.yml'.
[15:51:05][E][pdx_localize.cpp:279]: Duplicate localization key. Key 'DI_subtype_wall_big_loc' is defined in both 'localization/russian/gui/DI_RUS_l_russian.yml' and 'localization/russian/gui/DI_l_russian.yml'.
[15:51:05][E][pdx_localize.cpp:279]: Duplicate localization key. Key 'DI_subtype_wall_icon_court_large_loc' is defined in both 'localization/russian/gui/DI_RUS_l_russian.yml' and 'localization/russian/gui/DI_l_russian.yml'.
[15:51:05][E][pdx_localize.cpp:279]: Duplicate localization key. Key 'DI_subtype_wall_icon_court_small_loc' is defined in both 'localization/russian/gui/DI_RUS_l_russian.yml' and 'localization/russian/gui/DI_l_russian.yml'.
[15:51:05][E][pdx_localize.cpp:279]: Duplicate localization key. Key 'DI_subtype_wall_shield_loc' is defined in both 'localization/russian/gui/DI_RUS_l_russian.yml' and 'localization/russian/gui/DI_l_russian.yml'.
[15:51:05][E][pdx_localize.cpp:279]: Duplicate localization key. Key 'DI_subtype_wall_shield_special_loc' is defined in both 'localization/russian/gui/DI_RUS_l_russian.yml' and 'localization/russian/gui/DI_l_russian.yml'.
[15:51:05][E][pdx_localize.cpp:279]: Duplicate localization key. Key 'DI_subtype_wall_small_loc' is defined in both 'localization/russian/gui/DI_RUS_l_russian.yml' and 'localization/russian/gui/DI_l_russian.yml'.
[15:51:11][E][lexer.cpp:306]: File 'gui/scripted_widgets/agot_di_rusbar_widgets.txt' should be in utf8-bom encoding (will try to use it anyways)
[15:51:36][E][pdxassetutil.cpp:1009]: Duplicate texture 'ethiopian_atlas_diffuse.dds' found (current path 'gfx/models/buildings/special/Karhold/ethiopian_atlas_diffuse.dds', previous path 'gfx/models/buildings/holdings/atlas/ethiopian/ethiopian_atlas_diffuse.dds')
[15:51:36][E][pdxassetutil.cpp:1009]: Duplicate texture 'ethiopian_atlas_diffuse.dds' found (current path 'gfx/models/buildings/special/Runestone/ethiopian_atlas_diffuse.dds', previous path 'gfx/models/buildings/holdings/atlas/ethiopian/ethiopian_atlas_diffuse.dds')
[15:51:54][E][lexer.cpp:306]: File 'common/game_rules/agot_di_rusbar_culture_rules.txt' should be in utf8-bom encoding (will try to use it anyways)
[15:51:54][E][lexer.cpp:306]: File 'common/script_values/agot_di_rusbar_character_values.txt' should be in utf8-bom encoding (will try to use it anyways)
[15:51:54][E][lexer.cpp:306]: File 'common/script_values/agot_di_rusbar_court_values.txt' should be in utf8-bom encoding (will try to use it anyways)
[15:51:54][E][lexer.cpp:306]: File 'common/script_values/agot_di_rusbar_holding_values.txt' should be in utf8-bom encoding (will try to use it anyways)
[15:51:54][E][lexer.cpp:306]: File 'common/script_values/zzzz_agot_di_rusbar_culture_values.txt' should be in utf8-bom encoding (will try to use it anyways)
[15:51:55][E][lexer.cpp:306]: File 'common/scripted_triggers/agot_di_rusbar_blessings_triggers.txt' should be in utf8-bom encoding (will try to use it anyways)
[15:51:55][E][lexer.cpp:306]: File 'common/scripted_triggers/agot_di_rusbar_character_triggers.txt' should be in utf8-bom encoding (will try to use it anyways)
[15:51:55][E][lexer.cpp:306]: File 'common/scripted_triggers/agot_di_rusbar_court_triggers.txt' should be in utf8-bom encoding (will try to use it anyways)
[15:51:55][E][lexer.cpp:306]: File 'common/scripted_triggers/agot_di_rusbar_holding_triggers.txt' should be in utf8-bom encoding (will try to use it anyways)
[15:51:55][E][lexer.cpp:306]: File 'common/scripted_triggers/agot_di_rusbar_lifestyle_mastery_triggers.txt' should be in utf8-bom encoding (will try to use it anyways)
[15:51:55][E][lexer.cpp:306]: File 'common/scripted_effects/agot_di_rusbar_character_effects.txt' should be in utf8-bom encoding (will try to use it anyways)
[15:51:55][E][lexer.cpp:306]: File 'common/scripted_effects/agot_di_rusbar_court_completion_effects.txt' should be in utf8-bom encoding (will try to use it anyways)
[15:51:55][E][lexer.cpp:306]: File 'common/scripted_effects/agot_di_rusbar_court_education_effects.txt' should be in utf8-bom encoding (will try to use it anyways)
[15:51:55][E][lexer.cpp:306]: File 'common/scripted_effects/agot_di_rusbar_court_effects.txt' should be in utf8-bom encoding (will try to use it anyways)
[15:51:55][E][lexer.cpp:306]: File 'common/scripted_effects/agot_di_rusbar_court_profiles.txt' should be in utf8-bom encoding (will try to use it anyways)
[15:51:55][E][lexer.cpp:306]: File 'common/scripted_effects/agot_di_rusbar_culture_effects.txt' should be in utf8-bom encoding (will try to use it anyways)
[15:51:55][E][lexer.cpp:306]: File 'common/scripted_effects/agot_di_rusbar_lifestyle_mastery_effects.txt' should be in utf8-bom encoding (will try to use it anyways)
[15:51:55][E][lexer.cpp:306]: File 'common/scripted_effects/agot_di_rusbar_special_training_effects.txt' should be in utf8-bom encoding (will try to use it anyways)
[15:51:55][E][decision_type.cpp:224]: show_notifications_decision has 'ai_check_interval'/'ai_check_interval_by_tier' that's negative or unset. Setting to 0 instead
[15:51:56][E][lexer.cpp:306]: File 'common/scripted_guis/agot_di_rusbar_court_gui.txt' should be in utf8-bom encoding (will try to use it anyways)
[15:51:56][E][lexer.cpp:306]: File 'common/scripted_guis/agot_di_rusbar_holding_gui.txt' should be in utf8-bom encoding (will try to use it anyways)
[15:51:56][E][lexer.cpp:306]: File 'common/character_interactions/agot_di_rusbar_character_interactions.txt' should be in utf8-bom encoding (will try to use it anyways)
[15:51:56][E][lexer.cpp:306]: File 'common/character_interactions/agot_di_rusbar_court_interactions.txt' should be in utf8-bom encoding (will try to use it anyways)
[15:51:56][E][lexer.cpp:306]: File 'common/character_interactions/agot_di_rusbar_special_training_interactions.txt' should be in utf8-bom encoding (will try to use it anyways)
[15:51:56][E][lexer.cpp:306]: File 'common/character_interactions/agot_di_rusbar_valyrian_gods_interaction.txt' should be in utf8-bom encoding (will try to use it anyways)
[15:51:56][E][lexer.cpp:306]: File 'common/on_action/agot_di_rusbar_culture_on_actions.txt' should be in utf8-bom encoding (will try to use it anyways)
[15:51:56][E][lexer.cpp:306]: File 'common/on_action/agot_di_rusbar_lifestyle_mastery_on_actions.txt' should be in utf8-bom encoding (will try to use it anyways)
[15:51:57][E][pdx_persistent_reader.cpp:216]: Error: "Unexpected token: confucian_education_xp_gain_mult, near line: 4047" in file: "common/modifiers/DI_modifiers.txt" near line: 4047
[15:51:57][E][lexer.cpp:306]: File 'common/modifiers/agot_di_rusbar_lifestyle_mastery.txt' should be in utf8-bom encoding (will try to use it anyways)
[15:51:57][E][lexer.cpp:306]: File 'common/culture/innovations/agot_di_rusbar_system_innovations.txt' should be in utf8-bom encoding (will try to use it anyways)
[15:51:59][E][lexer.cpp:306]: File 'common/script_values/agot_di_rusbar_character_values.txt' should be in utf8-bom encoding (will try to use it anyways)
[15:51:59][E][lexer.cpp:306]: File 'common/script_values/agot_di_rusbar_court_values.txt' should be in utf8-bom encoding (will try to use it anyways)
[15:51:59][E][lexer.cpp:306]: File 'common/script_values/agot_di_rusbar_holding_values.txt' should be in utf8-bom encoding (will try to use it anyways)
[15:51:59][E][lexer.cpp:306]: File 'common/script_values/zzzz_agot_di_rusbar_culture_values.txt' should be in utf8-bom encoding (will try to use it anyways)
[15:52:00][E][jomini_eventtarget.cpp:692]: Failed to find a valid event target link 'house_Blackfyre' at file: common/scripted_triggers/tgc_loaded_trigger.txt line: 127 (tgc_blackfyre_equipment_trigger)
[15:52:00][E][portraitaccessories.cpp:159]: accessory group [clothes:brightboar_swordsman_armour] has an invalid accessory "male_clothes_secular_brightboar_swordsman"
[15:52:00][E][portraitaccessories.cpp:159]: accessory group [clothes:brightboar_swordsman_armour] has an invalid accessory "female_clothes_secular_brightboar_swordsman"
[15:52:00][E][portraitaccessories.cpp:159]: accessory group [clothes:brightboar_swordsman_armour] has an invalid accessory "male_clothes_secular_brightboar_swordsman"
[15:52:00][E][portraitaccessories.cpp:159]: accessory group [clothes:brightboar_swordsman_armour] has an invalid accessory "female_clothes_secular_brightboar_swordsman"
[15:52:00][E][portraitaccessories.cpp:159]: accessory group [clothes:asoiaf_all_armours] has an invalid accessory "male_clothes_asoiaf_nights_watch_leather"
[15:52:00][E][portraitaccessories.cpp:159]: accessory group [clothes:asoiaf_all_armours] has an invalid accessory "male_clothes_asoiaf_kingsguard_armour_default"
[15:52:00][E][portraitaccessories.cpp:159]: accessory group [clothes:asoiaf_all_armours] has an invalid accessory "male_clothes_asoiaf_gold_cloak_armour"
[15:52:00][E][portraitaccessories.cpp:159]: accessory group [clothes:asoiaf_all_armours] has an invalid accessory "male_clothes_asoiaf_dragonstone_armour_high"
[15:52:00][E][portraitaccessories.cpp:159]: accessory group [clothes:asoiaf_all_armours] has an invalid accessory "male_clothes_asoiaf_dragonstone_armour_high_rhllor"
[15:52:00][E][portraitaccessories.cpp:159]: accessory group [clothes:asoiaf_all_armours] has an invalid accessory "male_clothes_asoiaf_dragonstone_armour_low"
[15:52:00][E][portraitaccessories.cpp:159]: accessory group [clothes:asoiaf_all_armours] has an invalid accessory "male_clothes_asoiaf_lannister_armour_royal"
[15:52:00][E][portraitaccessories.cpp:159]: accessory group [clothes:asoiaf_all_armours] has an invalid accessory "male_clothes_asoiaf_lannister_armour_dynast"
[15:52:00][E][portraitaccessories.cpp:159]: accessory group [clothes:asoiaf_all_armours] has an invalid accessory "male_clothes_asoiaf_lannister_armour_high"
[15:52:00][E][portraitaccessories.cpp:159]: accessory group [clothes:asoiaf_all_armours] has an invalid accessory "male_clothes_asoiaf_lannister_armour_light"
[15:52:00][E][portraitaccessories.cpp:159]: accessory group [clothes:asoiaf_all_armours] has an invalid accessory "male_clothes_asoiaf_hound_armour"
[15:52:00][E][portraitaccessories.cpp:159]: accessory group [clothes:asoiaf_all_armours] has an invalid accessory "male_clothes_asoiaf_north_armour_high"
[15:52:00][E][portraitaccessories.cpp:159]: accessory group [clothes:asoiaf_all_armours] has an invalid accessory "male_clothes_asoiaf_north_armour_low"
[15:52:00][E][portraitaccessories.cpp:159]: accessory group [clothes:asoiaf_all_armours] has an invalid accessory "male_clothes_asoiaf_stark_armour_high"
[15:52:00][E][portraitaccessories.cpp:159]: accessory group [clothes:asoiaf_all_armours] has an invalid accessory "male_clothes_asoiaf_stark_armour_low"
[15:52:00][E][portraitaccessories.cpp:159]: accessory group [clothes:asoiaf_all_armours] has an invalid accessory "male_clothes_asoiaf_manderly_armour_dynast"
[15:52:00][E][portraitaccessories.cpp:159]: accessory group [clothes:asoiaf_all_armours] has an invalid accessory "male_clothes_asoiaf_manderly_armour_dynast_coa"
[15:52:00][E][portraitaccessories.cpp:159]: accessory group [clothes:asoiaf_all_armours] has an invalid accessory "male_clothes_asoiaf_manderly_armour_low"
[15:52:00][E][portraitaccessories.cpp:159]: accessory group [clothes:asoiaf_all_armours] has an invalid accessory "male_clothes_asoiaf_manderly_armour_low_coa"
[15:52:00][E][portraitaccessories.cpp:159]: accessory group [clothes:asoiaf_all_armours] has an invalid accessory "male_clothes_asoiaf_bolton_armour_dynast"
[15:52:00][E][portraitaccessories.cpp:159]: accessory group [clothes:asoiaf_all_armours] has an invalid accessory "male_clothes_asoiaf_bolton_armour_high"
[15:52:00][E][portraitaccessories.cpp:159]: accessory group [clothes:asoiaf_all_armours] has an invalid accessory "male_clothes_asoiaf_bolton_armour_low"
[15:52:00][E][portraitaccessories.cpp:159]: accessory group [clothes:asoiaf_all_armours] has an invalid accessory "male_clothes_asoiaf_umber_armour_dynast"
[15:52:00][E][portraitaccessories.cpp:159]: accessory group [clothes:asoiaf_all_armours] has an invalid accessory "male_clothes_asoiaf_umber_armour_dynast_coa"
[15:52:00][E][portraitaccessories.cpp:159]: accessory group [clothes:asoiaf_all_armours] has an invalid accessory "male_clothes_asoiaf_umber_armour_low"
[15:52:00][E][portraitaccessories.cpp:159]: accessory group [clothes:asoiaf_all_armours] has an invalid accessory "male_clothes_asoiaf_umber_armour_low_coa"
[15:52:00][E][portraitaccessories.cpp:159]: accessory group [clothes:asoiaf_all_armours] has an invalid accessory "male_clothes_asoiaf_tyrell_armour_dynast"
[15:52:00][E][portraitaccessories.cpp:159]: accessory group [clothes:asoiaf_all_armours] has an invalid accessory "male_clothes_asoiaf_tyrell_armour_high"
[15:52:00][E][portraitaccessories.cpp:159]: accessory group [clothes:asoiaf_all_armours] has an invalid accessory "male_clothes_asoiaf_greyjoy_armour_dynast"
[15:52:00][E][portraitaccessories.cpp:159]: accessory group [clothes:asoiaf_all_armours] has an invalid accessory "male_clothes_asoiaf_greyjoy_armour_high"
[15:52:00][E][portraitaccessories.cpp:159]: accessory group [clothes:asoiaf_all_armours] has an invalid accessory "male_clothes_asoiaf_ironborn_armour_dynast_coa"
[15:52:00][E][portraitaccessories.cpp:159]: accessory group [clothes:asoiaf_all_armours] has an invalid accessory "male_clothes_asoiaf_ironborn_armour_high_coa"
[15:52:00][E][portraitaccessories.cpp:159]: accessory group [clothes:asoiaf_all_armours] has an invalid accessory "female_clothes_asoiaf_gold_cloak_armour"
[15:52:00][E][portraitaccessories.cpp:159]: accessory group [clothes:asoiaf_all_armours] has an invalid accessory "female_clothes_asoiaf_dragonstone_armour_high"
[15:52:00][E][portraitaccessories.cpp:159]: accessory group [clothes:asoiaf_all_armours] has an invalid accessory "female_clothes_asoiaf_dragonstone_armour_high_rhllor"
[15:52:00][E][portraitaccessories.cpp:159]: accessory group [clothes:asoiaf_all_armours] has an invalid accessory "female_clothes_asoiaf_dragonstone_armour_low"
[15:52:00][E][portraitaccessories.cpp:159]: accessory group [clothes:asoiaf_all_armours] has an invalid accessory "female_clothes_asoiaf_lannister_armour_royal"
[15:52:00][E][portraitaccessories.cpp:159]: accessory group [clothes:asoiaf_all_armours] has an invalid accessory "female_clothes_asoiaf_lannister_armour_dynast"
[15:52:00][E][portraitaccessories.cpp:159]: accessory group [clothes:asoiaf_all_armours] has an invalid accessory "female_clothes_asoiaf_lannister_armour_high"
[15:52:00][E][portraitaccessories.cpp:159]: accessory group [clothes:asoiaf_all_armours] has an invalid accessory "female_clothes_asoiaf_lannister_armour_light"
[15:52:00][E][portraitaccessories.cpp:159]: accessory group [clothes:asoiaf_all_armours] has an invalid accessory "female_clothes_asoiaf_hound_armour"
[15:52:00][E][portraitaccessories.cpp:159]: accessory group [clothes:asoiaf_all_armours] has an invalid accessory "female_clothes_asoiaf_north_armour_high"
[15:52:00][E][portraitaccessories.cpp:159]: accessory group [clothes:asoiaf_all_armours] has an invalid accessory "female_clothes_asoiaf_north_armour_low"
[15:52:00][E][portraitaccessories.cpp:159]: accessory group [clothes:asoiaf_all_armours] has an invalid accessory "female_clothes_asoiaf_stark_armour_high"
[15:52:00][E][portraitaccessories.cpp:159]: accessory group [clothes:asoiaf_all_armours] has an invalid accessory "female_clothes_asoiaf_stark_armour_low"
[15:52:00][E][portraitaccessories.cpp:159]: accessory group [clothes:asoiaf_all_armours] has an invalid accessory "female_clothes_asoiaf_manderly_armour_dynast"
[15:52:00][E][portraitaccessories.cpp:159]: accessory group [clothes:asoiaf_all_armours] has an invalid accessory "female_clothes_asoiaf_manderly_armour_dynast_coa"
[15:52:00][E][portraitaccessories.cpp:159]: accessory group [clothes:asoiaf_all_armours] has an invalid accessory "female_clothes_asoiaf_manderly_armour_low"
[15:52:00][E][portraitaccessories.cpp:159]: accessory group [clothes:asoiaf_all_armours] has an invalid accessory "female_clothes_asoiaf_manderly_armour_low_coa"
[15:52:00][E][portraitaccessories.cpp:159]: accessory group [clothes:asoiaf_all_armours] has an invalid accessory "female_clothes_asoiaf_bolton_armour_dynast"
[15:52:00][E][portraitaccessories.cpp:159]: accessory group [clothes:asoiaf_all_armours] has an invalid accessory "female_clothes_asoiaf_bolton_armour_high"
[15:52:00][E][portraitaccessories.cpp:159]: accessory group [clothes:asoiaf_all_armours] has an invalid accessory "female_clothes_asoiaf_bolton_armour_low"
[15:52:00][E][portraitaccessories.cpp:159]: accessory group [clothes:asoiaf_all_armours] has an invalid accessory "female_clothes_asoiaf_umber_armour_dynast"
[15:52:00][E][portraitaccessories.cpp:159]: accessory group [clothes:asoiaf_all_armours] has an invalid accessory "female_clothes_asoiaf_umber_armour_dynast_coa"
[15:52:00][E][portraitaccessories.cpp:159]: accessory group [clothes:asoiaf_all_armours] has an invalid accessory "female_clothes_asoiaf_umber_armour_low"
[15:52:00][E][portraitaccessories.cpp:159]: accessory group [clothes:asoiaf_all_armours] has an invalid accessory "female_clothes_asoiaf_umber_armour_low_coa"
[15:52:00][E][portraitaccessories.cpp:159]: accessory group [clothes:asoiaf_all_armours] has an invalid accessory "female_clothes_asoiaf_greyjoy_armour_dynast"
[15:52:00][E][portraitaccessories.cpp:159]: accessory group [clothes:asoiaf_all_armours] has an invalid accessory "female_clothes_asoiaf_greyjoy_armour_high"
[15:52:00][E][portraitaccessories.cpp:159]: accessory group [clothes:asoiaf_all_armours] has an invalid accessory "female_clothes_asoiaf_ironborn_armour_dynast_coa"
[15:52:00][E][portraitaccessories.cpp:159]: accessory group [clothes:asoiaf_all_armours] has an invalid accessory "female_clothes_asoiaf_ironborn_armour_high_coa"
[15:52:00][E][portraitaccessories.cpp:159]: accessory group [clothes:asoiaf_all_armours] has an invalid accessory "male_clothes_asoiaf_nights_watch_leather"
[15:52:00][E][portraitaccessories.cpp:159]: accessory group [clothes:asoiaf_all_armours] has an invalid accessory "male_clothes_asoiaf_kingsguard_armour_default"
[15:52:00][E][portraitaccessories.cpp:159]: accessory group [clothes:asoiaf_all_armours] has an invalid accessory "male_clothes_asoiaf_gold_cloak_armour"
[15:52:00][E][portraitaccessories.cpp:159]: accessory group [clothes:asoiaf_all_armours] has an invalid accessory "male_clothes_asoiaf_dragonstone_armour_high"
[15:52:00][E][portraitaccessories.cpp:159]: accessory group [clothes:asoiaf_all_armours] has an invalid accessory "male_clothes_asoiaf_dragonstone_armour_high_rhllor"
[15:52:00][E][portraitaccessories.cpp:159]: accessory group [clothes:asoiaf_all_armours] has an invalid accessory "male_clothes_asoiaf_dragonstone_armour_low"
[15:52:00][E][portraitaccessories.cpp:159]: accessory group [clothes:asoiaf_all_armours] has an invalid accessory "male_clothes_asoiaf_lannister_armour_royal"
[15:52:00][E][portraitaccessories.cpp:159]: accessory group [clothes:asoiaf_all_armours] has an invalid accessory "male_clothes_asoiaf_lannister_armour_dynast"
[15:52:00][E][portraitaccessories.cpp:159]: accessory group [clothes:asoiaf_all_armours] has an invalid accessory "male_clothes_asoiaf_lannister_armour_high"
[15:52:00][E][portraitaccessories.cpp:159]: accessory group [clothes:asoiaf_all_armours] has an invalid accessory "male_clothes_asoiaf_lannister_armour_light"
[15:52:00][E][portraitaccessories.cpp:159]: accessory group [clothes:asoiaf_all_armours] has an invalid accessory "male_clothes_asoiaf_hound_armour"
[15:52:00][E][portraitaccessories.cpp:159]: accessory group [clothes:asoiaf_all_armours] has an invalid accessory "male_clothes_asoiaf_north_armour_high"
[15:52:00][E][portraitaccessories.cpp:159]: accessory group [clothes:asoiaf_all_armours] has an invalid accessory "male_clothes_asoiaf_north_armour_low"
[15:52:00][E][portraitaccessories.cpp:159]: accessory group [clothes:asoiaf_all_armours] has an invalid accessory "male_clothes_asoiaf_stark_armour_high"
[15:52:00][E][portraitaccessories.cpp:159]: accessory group [clothes:asoiaf_all_armours] has an invalid accessory "male_clothes_asoiaf_stark_armour_low"
[15:52:00][E][portraitaccessories.cpp:159]: accessory group [clothes:asoiaf_all_armours] has an invalid accessory "male_clothes_asoiaf_manderly_armour_dynast"
[15:52:00][E][portraitaccessories.cpp:159]: accessory group [clothes:asoiaf_all_armours] has an invalid accessory "male_clothes_asoiaf_manderly_armour_dynast_coa"
[15:52:00][E][portraitaccessories.cpp:159]: accessory group [clothes:asoiaf_all_armours] has an invalid accessory "male_clothes_asoiaf_manderly_armour_low"
[15:52:00][E][portraitaccessories.cpp:159]: accessory group [clothes:asoiaf_all_armours] has an invalid accessory "male_clothes_asoiaf_manderly_armour_low_coa"
[15:52:00][E][portraitaccessories.cpp:159]: accessory group [clothes:asoiaf_all_armours] has an invalid accessory "male_clothes_asoiaf_bolton_armour_dynast"
[15:52:00][E][portraitaccessories.cpp:159]: accessory group [clothes:asoiaf_all_armours] has an invalid accessory "male_clothes_asoiaf_bolton_armour_high"
[15:52:00][E][portraitaccessories.cpp:159]: accessory group [clothes:asoiaf_all_armours] has an invalid accessory "male_clothes_asoiaf_bolton_armour_low"
[15:52:00][E][portraitaccessories.cpp:159]: accessory group [clothes:asoiaf_all_armours] has an invalid accessory "male_clothes_asoiaf_umber_armour_dynast"
[15:52:00][E][portraitaccessories.cpp:159]: accessory group [clothes:asoiaf_all_armours] has an invalid accessory "male_clothes_asoiaf_umber_armour_dynast_coa"
[15:52:00][E][portraitaccessories.cpp:159]: accessory group [clothes:asoiaf_all_armours] has an invalid accessory "male_clothes_asoiaf_umber_armour_low"
[15:52:00][E][portraitaccessories.cpp:159]: accessory group [clothes:asoiaf_all_armours] has an invalid accessory "male_clothes_asoiaf_umber_armour_low_coa"
[15:52:00][E][portraitaccessories.cpp:159]: accessory group [clothes:asoiaf_all_armours] has an invalid accessory "male_clothes_asoiaf_tyrell_armour_dynast"
[15:52:00][E][portraitaccessories.cpp:159]: accessory group [clothes:asoiaf_all_armours] has an invalid accessory "male_clothes_asoiaf_tyrell_armour_high"
[15:52:00][E][portraitaccessories.cpp:159]: accessory group [clothes:asoiaf_all_armours] has an invalid accessory "male_clothes_asoiaf_greyjoy_armour_dynast"
[15:52:00][E][portraitaccessories.cpp:159]: accessory group [clothes:asoiaf_all_armours] has an invalid accessory "male_clothes_asoiaf_greyjoy_armour_high"
[15:52:00][E][portraitaccessories.cpp:159]: accessory group [clothes:asoiaf_all_armours] has an invalid accessory "male_clothes_asoiaf_ironborn_armour_dynast_coa"
[15:52:00][E][portraitaccessories.cpp:159]: accessory group [clothes:asoiaf_all_armours] has an invalid accessory "male_clothes_asoiaf_ironborn_armour_high_coa"
[15:52:00][E][portraitaccessories.cpp:159]: accessory group [clothes:asoiaf_all_armours] has an invalid accessory "female_clothes_asoiaf_gold_cloak_armour"
[15:52:00][E][portraitaccessories.cpp:159]: accessory group [clothes:asoiaf_all_armours] has an invalid accessory "female_clothes_asoiaf_dragonstone_armour_high"
[15:52:00][E][portraitaccessories.cpp:159]: accessory group [clothes:asoiaf_all_armours] has an invalid accessory "female_clothes_asoiaf_dragonstone_armour_high_rhllor"
[15:52:00][E][portraitaccessories.cpp:159]: accessory group [clothes:asoiaf_all_armours] has an invalid accessory "female_clothes_asoiaf_dragonstone_armour_low"
[15:52:00][E][portraitaccessories.cpp:159]: accessory group [clothes:asoiaf_all_armours] has an invalid accessory "female_clothes_asoiaf_lannister_armour_royal"
[15:52:00][E][portraitaccessories.cpp:159]: accessory group [clothes:asoiaf_all_armours] has an invalid accessory "female_clothes_asoiaf_lannister_armour_dynast"
[15:52:00][E][portraitaccessories.cpp:159]: accessory group [clothes:asoiaf_all_armours] has an invalid accessory "female_clothes_asoiaf_lannister_armour_high"
[15:52:00][E][portraitaccessories.cpp:159]: accessory group [clothes:asoiaf_all_armours] has an invalid accessory "female_clothes_asoiaf_lannister_armour_light"
[15:52:00][E][portraitaccessories.cpp:159]: accessory group [clothes:asoiaf_all_armours] has an invalid accessory "female_clothes_asoiaf_hound_armour"
[15:52:00][E][portraitaccessories.cpp:159]: accessory group [clothes:asoiaf_all_armours] has an invalid accessory "female_clothes_asoiaf_north_armour_high"
[15:52:00][E][portraitaccessories.cpp:159]: accessory group [clothes:asoiaf_all_armours] has an invalid accessory "female_clothes_asoiaf_north_armour_low"
[15:52:00][E][portraitaccessories.cpp:159]: accessory group [clothes:asoiaf_all_armours] has an invalid accessory "female_clothes_asoiaf_stark_armour_high"
[15:52:00][E][portraitaccessories.cpp:159]: accessory group [clothes:asoiaf_all_armours] has an invalid accessory "female_clothes_asoiaf_stark_armour_low"
[15:52:00][E][portraitaccessories.cpp:159]: accessory group [clothes:asoiaf_all_armours] has an invalid accessory "female_clothes_asoiaf_manderly_armour_dynast"
[15:52:00][E][portraitaccessories.cpp:159]: accessory group [clothes:asoiaf_all_armours] has an invalid accessory "female_clothes_asoiaf_manderly_armour_dynast_coa"
[15:52:00][E][portraitaccessories.cpp:159]: accessory group [clothes:asoiaf_all_armours] has an invalid accessory "female_clothes_asoiaf_manderly_armour_low"
[15:52:00][E][portraitaccessories.cpp:159]: accessory group [clothes:asoiaf_all_armours] has an invalid accessory "female_clothes_asoiaf_manderly_armour_low_coa"
[15:52:00][E][portraitaccessories.cpp:159]: accessory group [clothes:asoiaf_all_armours] has an invalid accessory "female_clothes_asoiaf_bolton_armour_dynast"
[15:52:00][E][portraitaccessories.cpp:159]: accessory group [clothes:asoiaf_all_armours] has an invalid accessory "female_clothes_asoiaf_bolton_armour_high"
[15:52:00][E][portraitaccessories.cpp:159]: accessory group [clothes:asoiaf_all_armours] has an invalid accessory "female_clothes_asoiaf_bolton_armour_low"
[15:52:00][E][portraitaccessories.cpp:159]: accessory group [clothes:asoiaf_all_armours] has an invalid accessory "female_clothes_asoiaf_umber_armour_dynast"
[15:52:00][E][portraitaccessories.cpp:159]: accessory group [clothes:asoiaf_all_armours] has an invalid accessory "female_clothes_asoiaf_umber_armour_dynast_coa"
[15:52:00][E][portraitaccessories.cpp:159]: accessory group [clothes:asoiaf_all_armours] has an invalid accessory "female_clothes_asoiaf_umber_armour_low"
[15:52:00][E][portraitaccessories.cpp:159]: accessory group [clothes:asoiaf_all_armours] has an invalid accessory "female_clothes_asoiaf_umber_armour_low_coa"
[15:52:00][E][portraitaccessories.cpp:159]: accessory group [clothes:asoiaf_all_armours] has an invalid accessory "female_clothes_asoiaf_greyjoy_armour_dynast"
[15:52:00][E][portraitaccessories.cpp:159]: accessory group [clothes:asoiaf_all_armours] has an invalid accessory "female_clothes_asoiaf_greyjoy_armour_high"
[15:52:00][E][portraitaccessories.cpp:159]: accessory group [clothes:asoiaf_all_armours] has an invalid accessory "female_clothes_asoiaf_ironborn_armour_dynast_coa"
[15:52:00][E][portraitaccessories.cpp:159]: accessory group [clothes:asoiaf_all_armours] has an invalid accessory "female_clothes_asoiaf_ironborn_armour_high_coa"
[15:52:00][E][portraitaccessories.cpp:159]: accessory group [clothes:asoiaf_unique_clothes] has an invalid accessory "male_clothes_asoiaf_bolton_tunic"
[15:52:00][E][portraitaccessories.cpp:159]: accessory group [clothes:asoiaf_unique_clothes] has an invalid accessory "male_clothes_asoiaf_bolton_tunic_roose"
[15:52:00][E][portraitaccessories.cpp:159]: accessory group [clothes:asoiaf_unique_clothes] has an invalid accessory "male_clothes_asoiaf_north_jerkin_1"
[15:52:00][E][portraitaccessories.cpp:159]: accessory group [clothes:asoiaf_unique_clothes] has an invalid accessory "male_clothes_asoiaf_north_jerkin_2_high"
[15:52:00][E][portraitaccessories.cpp:159]: accessory group [clothes:asoiaf_unique_clothes] has an invalid accessory "male_clothes_asoiaf_north_jerkin_2_low"
[15:52:00][E][portraitaccessories.cpp:159]: accessory group [clothes:asoiaf_unique_clothes] has an invalid accessory "male_clothes_asoiaf_north_jerkin_2_coa"
[15:52:00][E][portraitaccessories.cpp:159]: accessory group [clothes:asoiaf_unique_clothes] has an invalid accessory "male_clothes_asoiaf_north_tunic_1_high"
[15:52:00][E][portraitaccessories.cpp:159]: accessory group [clothes:asoiaf_unique_clothes] has an invalid accessory "male_clothes_asoiaf_north_tunic_1_low"
[15:52:00][E][portraitaccessories.cpp:159]: accessory group [clothes:asoiaf_unique_clothes] has an invalid accessory "male_clothes_asoiaf_north_tunic_1_coa"
[15:52:00][E][portraitaccessories.cpp:159]: accessory group [clothes:asoiaf_unique_clothes] has an invalid accessory "male_clothes_asoiaf_stormlands_stannis_clothes_1"
[15:52:00][E][portraitaccessories.cpp:159]: accessory group [clothes:asoiaf_unique_clothes] has an invalid accessory "male_clothes_asoiaf_stormlands_overcoat_1_high"
[15:52:00][E][portraitaccessories.cpp:159]: accessory group [clothes:asoiaf_unique_clothes] has an invalid accessory "male_clothes_asoiaf_stormlands_overcoat_1_low"
[15:52:00][E][portraitaccessories.cpp:159]: accessory group [clothes:asoiaf_unique_clothes] has an invalid accessory "male_clothes_asoiaf_stormlands_overcoat_1_coa"
[15:52:00][E][portraitaccessories.cpp:159]: accessory group [clothes:asoiaf_unique_clothes] has an invalid accessory "male_clothes_asoiaf_vale_baelish_tunic_1"
[15:52:00][E][portraitaccessories.cpp:159]: accessory group [clothes:asoiaf_unique_clothes] has an invalid accessory "male_clothes_asoiaf_vale_baelish_tunic_1_sigil"
[15:52:00][E][portraitaccessories.cpp:159]: accessory group [clothes:asoiaf_unique_clothes] has an invalid accessory "male_clothes_asoiaf_stepstones_pirate_prince_tunic"
[15:52:00][E][portraitaccessories.cpp:159]: accessory group [clothes:asoiaf_unique_clothes] has an invalid accessory "male_clothes_asoiaf_westerlands_tywin_tunic_1"
[15:52:00][E][portraitaccessories.cpp:159]: accessory group [clothes:asoiaf_unique_clothes] has an invalid accessory "male_clothes_asoiaf_kingsguard_tunic"
[15:52:00][E][portraitaccessories.cpp:159]: accessory group [clothes:asoiaf_unique_clothes] has an invalid accessory "male_clothes_asoiaf_reach_tunic_1_high"
[15:52:00][E][portraitaccessories.cpp:159]: accessory group [clothes:asoiaf_unique_clothes] has an invalid accessory "male_clothes_asoiaf_reach_tunic_1_low"
[15:52:00][E][portraitaccessories.cpp:159]: accessory group [clothes:asoiaf_unique_clothes] has an invalid accessory "male_clothes_asoiaf_reach_tunic_1_coa"
[15:52:00][E][portraitaccessories.cpp:159]: accessory group [clothes:asoiaf_unique_clothes] has an invalid accessory "male_clothes_asoiaf_reach_tunic_1_tyrion"
[15:52:00][E][portraitaccessories.cpp:159]: accessory group [clothes:asoiaf_unique_clothes] has an invalid accessory "male_clothes_asoiaf_reach_tunic_1_tyrion_ceremonial"
[15:52:00][E][portraitaccessories.cpp:159]: accessory group [clothes:asoiaf_unique_clothes] has an invalid accessory "male_clothes_asoiaf_crownlands_tunic_1_joffrey_sash"
[15:52:00][E][portraitaccessories.cpp:159]: accessory group [clothes:asoiaf_unique_clothes] has an invalid accessory "male_clothes_asoiaf_crownlands_tunic_1_joffrey_no_clasps"
[15:52:00][E][portraitaccessories.cpp:159]: accessory group [clothes:asoiaf_unique_clothes] has an invalid accessory "male_clothes_asoiaf_crownlands_tunic_1_joffrey_no_clasps_leather"
[15:52:00][E][portraitaccessories.cpp:159]: accessory group [clothes:asoiaf_unique_clothes] has an invalid accessory "male_clothes_asoiaf_crownlands_tunic_1_joffrey_mourning"
[15:52:00][E][portraitaccessories.cpp:159]: accessory group [clothes:asoiaf_unique_clothes] has an invalid accessory "male_clothes_asoiaf_crownlands_tunic_1_tommen"
[15:52:00][E][portraitaccessories.cpp:159]: accessory group [clothes:asoiaf_unique_clothes] has an invalid accessory "male_clothes_asoiaf_crownlands_tunic_1_tommen_necklace"
[15:52:00][E][portraitaccessories.cpp:159]: accessory group [clothes:asoiaf_unique_clothes] has an invalid accessory "male_clothes_asoiaf_crownlands_tunic_1_necklace"
[15:52:00][E][portraitaccessories.cpp:159]: accessory group [clothes:asoiaf_unique_clothes] has an invalid accessory "male_clothes_asoiaf_crownlands_tunic_1_high_sash"
[15:52:00][E][portraitaccessories.cpp:159]: accessory group [clothes:asoiaf_unique_clothes] has an invalid accessory "male_clothes_asoiaf_crownlands_tunic_1_high"
[15:52:00][E][portraitaccessories.cpp:159]: accessory group [clothes:asoiaf_unique_clothes] has an invalid accessory "male_clothes_asoiaf_crownlands_tunic_1_low_sash"
[15:52:00][E][portraitaccessories.cpp:159]: accessory group [clothes:asoiaf_unique_clothes] has an invalid accessory "male_clothes_asoiaf_crownlands_tunic_1_low"
[15:52:00][E][portraitaccessories.cpp:159]: accessory group [clothes:asoiaf_unique_clothes] has an invalid accessory "male_clothes_asoiaf_crownlands_tunic_1_coa_sash"
[15:52:00][E][portraitaccessories.cpp:159]: accessory group [clothes:asoiaf_unique_clothes] has an invalid accessory "male_clothes_asoiaf_crownlands_tunic_1_coa"
[15:52:00][E][portraitaccessories.cpp:159]: accessory group [clothes:asoiaf_unique_clothes] has an invalid accessory "male_clothes_asoiaf_knights_jerkin_high"
[15:52:00][E][portraitaccessories.cpp:159]: accessory group [clothes:asoiaf_unique_clothes] has an invalid accessory "male_clothes_asoiaf_knights_jerkin_low"
[15:52:00][E][portraitaccessories.cpp:159]: accessory group [clothes:asoiaf_unique_clothes] has an invalid accessory "male_clothes_asoiaf_knights_jerkin_coa"
[15:52:00][E][portraitaccessories.cpp:159]: accessory group [clothes:asoiaf_unique_clothes] has an invalid accessory "male_clothes_asoiaf_knights_jerkin_ramsay"
[15:52:00][E][portraitaccessories.cpp:159]: accessory group [clothes:asoiaf_unique_clothes] has an invalid accessory "male_clothes_asoiaf_knights_jerkin_bronn"
[15:52:00][E][portraitaccessories.cpp:159]: accessory group [clothes:asoiaf_unique_clothes] has an invalid accessory "male_clothes_asoiaf_knights_jerkin_lancel"
[15:52:00][E][portraitaccessories.cpp:159]: accessory group [clothes:asoiaf_unique_clothes] has an invalid accessory "male_clothes_asoiaf_knights_jerkin_radzig"
[15:52:00][E][portraitaccessories.cpp:159]: accessory group [clothes:asoiaf_unique_clothes] has an invalid accessory "male_clothes_asoiaf_leather_jerkin_1_north"
[15:52:00][E][portraitaccessories.cpp:159]: accessory group [clothes:asoiaf_unique_clothes] has an invalid accessory "male_clothes_asoiaf_leather_jerkin_1_high"
[15:52:00][E][portraitaccessories.cpp:159]: accessory group [clothes:asoiaf_unique_clothes] has an invalid accessory "male_clothes_asoiaf_leather_jerkin_1_low"
[15:52:00][E][portraitaccessories.cpp:159]: accessory group [clothes:asoiaf_unique_clothes] has an invalid accessory "male_clothes_asoiaf_leather_jerkin_1_coa"
[15:52:00][E][portraitaccessories.cpp:159]: accessory group [clothes:asoiaf_unique_clothes] has an invalid accessory "male_clothes_asoiaf_leather_jerkin_1_eddard"
[15:52:00][E][portraitaccessories.cpp:159]: accessory group [clothes:asoiaf_unique_clothes] has an invalid accessory "male_clothes_asoiaf_leather_jerkin_1_jon"
[15:52:00][E][portraitaccessories.cpp:159]: accessory group [clothes:asoiaf_unique_clothes] has an invalid accessory "male_clothes_asoiaf_blacksmith_apron"
[15:52:00][E][portraitaccessories.cpp:159]: accessory group [clothes:asoiaf_unique_clothes] has an invalid accessory "male_clothes_asoiaf_huntsman_jerkin"
[15:52:00][E][portraitaccessories.cpp:159]: accessory group [clothes:asoiaf_unique_clothes] has an invalid accessory "male_clothes_asoiaf_executioner_jerkin"
[15:52:00][E][portraitaccessories.cpp:159]: accessory group [clothes:asoiaf_unique_clothes] has an invalid accessory "female_clothes_asoiaf_westeros_dress_1_high"
[15:52:00][E][portraitaccessories.cpp:159]: accessory group [clothes:asoiaf_unique_clothes] has an invalid accessory "female_clothes_asoiaf_westeros_dress_1_low"
[15:52:00][E][portraitaccessories.cpp:159]: accessory group [clothes:asoiaf_unique_clothes] has an invalid accessory "female_clothes_asoiaf_westeros_dress_1_coa"
[15:52:00][E][portraitaccessories.cpp:159]: accessory group [clothes:asoiaf_unique_clothes] has an invalid accessory "female_clothes_asoiaf_westeros_dress_2_high"
[15:52:00][E][portraitaccessories.cpp:159]: accessory group [clothes:asoiaf_unique_clothes] has an invalid accessory "female_clothes_asoiaf_westeros_dress_2_low"
[15:52:00][E][portraitaccessories.cpp:159]: accessory group [clothes:asoiaf_unique_clothes] has an invalid accessory "female_clothes_asoiaf_westeros_dress_2_coa"
[15:52:00][E][portraitaccessories.cpp:159]: accessory group [clothes:asoiaf_unique_clothes] has an invalid accessory "female_clothes_asoiaf_north_dress_1_high"
[15:52:00][E][portraitaccessories.cpp:159]: accessory group [clothes:asoiaf_unique_clothes] has an invalid accessory "female_clothes_asoiaf_north_dress_1_low"
[15:52:00][E][portraitaccessories.cpp:159]: accessory group [clothes:asoiaf_unique_clothes] has an invalid accessory "female_clothes_asoiaf_north_dress_1_catelyn"
[15:52:00][E][portraitaccessories.cpp:159]: accessory group [clothes:asoiaf_unique_clothes] has an invalid accessory "female_clothes_asoiaf_north_dress_1_catelyn_ceremonial"
[15:52:00][E][portraitaccessories.cpp:159]: accessory group [clothes:asoiaf_unique_clothes] has an invalid accessory "female_clothes_asoiaf_north_dress_1_sansa"
[15:52:00][E][portraitaccessories.cpp:159]: accessory group [clothes:asoiaf_unique_clothes] has an invalid accessory "female_clothes_asoiaf_north_dress_1_rhaena"
[15:52:00][E][portraitaccessories.cpp:159]: accessory group [clothes:asoiaf_unique_clothes] has an invalid accessory "female_clothes_asoiaf_north_dress_2"
[15:52:00][E][portraitaccessories.cpp:159]: accessory group [clothes:asoiaf_unique_clothes] has an invalid accessory "female_clothes_asoiaf_westerlands_mourning_1"
[15:52:00][E][portraitaccessories.cpp:159]: accessory group [clothes:asoiaf_unique_clothes] has an invalid accessory "female_clothes_asoiaf_reach_gown_1"
[15:52:00][E][portraitaccessories.cpp:159]: accessory group [clothes:asoiaf_unique_clothes] has an invalid accessory "female_clothes_asoiaf_handmaiden_dress_1"
[15:52:00][E][portraitaccessories.cpp:159]: accessory group [clothes:asoiaf_unique_clothes] has an invalid accessory "female_clothes_asoiaf_handmaiden_dress_2"
[15:52:00][E][portraitaccessories.cpp:159]: accessory group [clothes:asoiaf_unique_clothes] has an invalid accessory "female_clothes_asoiaf_blacksmith_apron"
[15:52:00][E][portraitaccessories.cpp:159]: accessory group [clothes:asoiaf_unique_clothes] has an invalid accessory "female_clothes_asoiaf_huntsman_jerkin"
[15:52:00][E][portraitaccessories.cpp:159]: accessory group [clothes:asoiaf_unique_clothes] has an invalid accessory "female_clothes_asoiaf_executioner_jerkin"
[15:52:00][E][portraitaccessories.cpp:159]: accessory group [clothes:asoiaf_unique_clothes] has an invalid accessory "male_clothes_asoiaf_bolton_tunic"
[15:52:00][E][portraitaccessories.cpp:159]: accessory group [clothes:asoiaf_unique_clothes] has an invalid accessory "male_clothes_asoiaf_bolton_tunic_roose"
[15:52:00][E][portraitaccessories.cpp:159]: accessory group [clothes:asoiaf_unique_clothes] has an invalid accessory "male_clothes_asoiaf_north_jerkin_1"
[15:52:00][E][portraitaccessories.cpp:159]: accessory group [clothes:asoiaf_unique_clothes] has an invalid accessory "male_clothes_asoiaf_north_jerkin_2_high"
[15:52:00][E][portraitaccessories.cpp:159]: accessory group [clothes:asoiaf_unique_clothes] has an invalid accessory "male_clothes_asoiaf_north_jerkin_2_low"
[15:52:00][E][portraitaccessories.cpp:159]: accessory group [clothes:asoiaf_unique_clothes] has an invalid accessory "male_clothes_asoiaf_north_jerkin_2_coa"
[15:52:00][E][portraitaccessories.cpp:159]: accessory group [clothes:asoiaf_unique_clothes] has an invalid accessory "male_clothes_asoiaf_north_tunic_1_high"
[15:52:00][E][portraitaccessories.cpp:159]: accessory group [clothes:asoiaf_unique_clothes] has an invalid accessory "male_clothes_asoiaf_north_tunic_1_low"
[15:52:00][E][portraitaccessories.cpp:159]: accessory group [clothes:asoiaf_unique_clothes] has an invalid accessory "male_clothes_asoiaf_north_tunic_1_coa"
[15:52:00][E][portraitaccessories.cpp:159]: accessory group [clothes:asoiaf_unique_clothes] has an invalid accessory "male_clothes_asoiaf_stormlands_stannis_clothes_1"
[15:52:00][E][portraitaccessories.cpp:159]: accessory group [clothes:asoiaf_unique_clothes] has an invalid accessory "male_clothes_asoiaf_stormlands_overcoat_1_high"
[15:52:00][E][portraitaccessories.cpp:159]: accessory group [clothes:asoiaf_unique_clothes] has an invalid accessory "male_clothes_asoiaf_stormlands_overcoat_1_low"
[15:52:00][E][portraitaccessories.cpp:159]: accessory group [clothes:asoiaf_unique_clothes] has an invalid accessory "male_clothes_asoiaf_stormlands_overcoat_1_coa"
[15:52:00][E][portraitaccessories.cpp:159]: accessory group [clothes:asoiaf_unique_clothes] has an invalid accessory "male_clothes_asoiaf_vale_baelish_tunic_1"
[15:52:00][E][portraitaccessories.cpp:159]: accessory group [clothes:asoiaf_unique_clothes] has an invalid accessory "male_clothes_asoiaf_vale_baelish_tunic_1_sigil"
[15:52:00][E][portraitaccessories.cpp:159]: accessory group [clothes:asoiaf_unique_clothes] has an invalid accessory "male_clothes_asoiaf_stepstones_pirate_prince_tunic"
[15:52:00][E][portraitaccessories.cpp:159]: accessory group [clothes:asoiaf_unique_clothes] has an invalid accessory "male_clothes_asoiaf_westerlands_tywin_tunic_1"
[15:52:00][E][portraitaccessories.cpp:159]: accessory group [clothes:asoiaf_unique_clothes] has an invalid accessory "male_clothes_asoiaf_kingsguard_tunic"
[15:52:00][E][portraitaccessories.cpp:159]: accessory group [clothes:asoiaf_unique_clothes] has an invalid accessory "male_clothes_asoiaf_reach_tunic_1_high"
[15:52:00][E][portraitaccessories.cpp:159]: accessory group [clothes:asoiaf_unique_clothes] has an invalid accessory "male_clothes_asoiaf_reach_tunic_1_low"
[15:52:00][E][portraitaccessories.cpp:159]: accessory group [clothes:asoiaf_unique_clothes] has an invalid accessory "male_clothes_asoiaf_reach_tunic_1_coa"
[15:52:00][E][portraitaccessories.cpp:159]: accessory group [clothes:asoiaf_unique_clothes] has an invalid accessory "male_clothes_asoiaf_reach_tunic_1_tyrion"
[15:52:00][E][portraitaccessories.cpp:159]: accessory group [clothes:asoiaf_unique_clothes] has an invalid accessory "male_clothes_asoiaf_reach_tunic_1_tyrion_ceremonial"
[15:52:00][E][portraitaccessories.cpp:159]: accessory group [clothes:asoiaf_unique_clothes] has an invalid accessory "male_clothes_asoiaf_crownlands_tunic_1_joffrey_sash"
[15:52:00][E][portraitaccessories.cpp:159]: accessory group [clothes:asoiaf_unique_clothes] has an invalid accessory "male_clothes_asoiaf_crownlands_tunic_1_joffrey_no_clasps"
[15:52:00][E][portraitaccessories.cpp:159]: accessory group [clothes:asoiaf_unique_clothes] has an invalid accessory "male_clothes_asoiaf_crownlands_tunic_1_joffrey_no_clasps_leather"
[15:52:00][E][portraitaccessories.cpp:159]: accessory group [clothes:asoiaf_unique_clothes] has an invalid accessory "male_clothes_asoiaf_crownlands_tunic_1_joffrey_mourning"
[15:52:00][E][portraitaccessories.cpp:159]: accessory group [clothes:asoiaf_unique_clothes] has an invalid accessory "male_clothes_asoiaf_crownlands_tunic_1_tommen"
[15:52:00][E][portraitaccessories.cpp:159]: accessory group [clothes:asoiaf_unique_clothes] has an invalid accessory "male_clothes_asoiaf_crownlands_tunic_1_tommen_necklace"
[15:52:00][E][portraitaccessories.cpp:159]: accessory group [clothes:asoiaf_unique_clothes] has an invalid accessory "male_clothes_asoiaf_crownlands_tunic_1_necklace"
[15:52:00][E][portraitaccessories.cpp:159]: accessory group [clothes:asoiaf_unique_clothes] has an invalid accessory "male_clothes_asoiaf_crownlands_tunic_1_high_sash"
[15:52:00][E][portraitaccessories.cpp:159]: accessory group [clothes:asoiaf_unique_clothes] has an invalid accessory "male_clothes_asoiaf_crownlands_tunic_1_high"
[15:52:00][E][portraitaccessories.cpp:159]: accessory group [clothes:asoiaf_unique_clothes] has an invalid accessory "male_clothes_asoiaf_crownlands_tunic_1_low_sash"
[15:52:00][E][portraitaccessories.cpp:159]: accessory group [clothes:asoiaf_unique_clothes] has an invalid accessory "male_clothes_asoiaf_crownlands_tunic_1_low"
[15:52:00][E][portraitaccessories.cpp:159]: accessory group [clothes:asoiaf_unique_clothes] has an invalid accessory "male_clothes_asoiaf_crownlands_tunic_1_coa_sash"
[15:52:00][E][portraitaccessories.cpp:159]: accessory group [clothes:asoiaf_unique_clothes] has an invalid accessory "male_clothes_asoiaf_crownlands_tunic_1_coa"
[15:52:00][E][portraitaccessories.cpp:159]: accessory group [clothes:asoiaf_unique_clothes] has an invalid accessory "male_clothes_asoiaf_knights_jerkin_high"
[15:52:00][E][portraitaccessories.cpp:159]: accessory group [clothes:asoiaf_unique_clothes] has an invalid accessory "male_clothes_asoiaf_knights_jerkin_low"
[15:52:00][E][portraitaccessories.cpp:159]: accessory group [clothes:asoiaf_unique_clothes] has an invalid accessory "male_clothes_asoiaf_knights_jerkin_coa"
[15:52:00][E][portraitaccessories.cpp:159]: accessory group [clothes:asoiaf_unique_clothes] has an invalid accessory "male_clothes_asoiaf_knights_jerkin_ramsay"
[15:52:00][E][portraitaccessories.cpp:159]: accessory group [clothes:asoiaf_unique_clothes] has an invalid accessory "male_clothes_asoiaf_knights_jerkin_bronn"
[15:52:00][E][portraitaccessories.cpp:159]: accessory group [clothes:asoiaf_unique_clothes] has an invalid accessory "male_clothes_asoiaf_knights_jerkin_lancel"
[15:52:00][E][portraitaccessories.cpp:159]: accessory group [clothes:asoiaf_unique_clothes] has an invalid accessory "male_clothes_asoiaf_knights_jerkin_radzig"
[15:52:00][E][portraitaccessories.cpp:159]: accessory group [clothes:asoiaf_unique_clothes] has an invalid accessory "male_clothes_asoiaf_leather_jerkin_1_north"
[15:52:00][E][portraitaccessories.cpp:159]: accessory group [clothes:asoiaf_unique_clothes] has an invalid accessory "male_clothes_asoiaf_leather_jerkin_1_high"
[15:52:00][E][portraitaccessories.cpp:159]: accessory group [clothes:asoiaf_unique_clothes] has an invalid accessory "male_clothes_asoiaf_leather_jerkin_1_low"
[15:52:00][E][portraitaccessories.cpp:159]: accessory group [clothes:asoiaf_unique_clothes] has an invalid accessory "male_clothes_asoiaf_leather_jerkin_1_coa"
[15:52:00][E][portraitaccessories.cpp:159]: accessory group [clothes:asoiaf_unique_clothes] has an invalid accessory "male_clothes_asoiaf_leather_jerkin_1_eddard"
[15:52:00][E][portraitaccessories.cpp:159]: accessory group [clothes:asoiaf_unique_clothes] has an invalid accessory "male_clothes_asoiaf_leather_jerkin_1_jon"
[15:52:00][E][portraitaccessories.cpp:159]: accessory group [clothes:asoiaf_unique_clothes] has an invalid accessory "male_clothes_asoiaf_blacksmith_apron"
[15:52:00][E][portraitaccessories.cpp:159]: accessory group [clothes:asoiaf_unique_clothes] has an invalid accessory "male_clothes_asoiaf_huntsman_jerkin"
[15:52:00][E][portraitaccessories.cpp:159]: accessory group [clothes:asoiaf_unique_clothes] has an invalid accessory "male_clothes_asoiaf_executioner_jerkin"
[15:52:00][E][portraitaccessories.cpp:159]: accessory group [clothes:asoiaf_unique_clothes] has an invalid accessory "female_clothes_asoiaf_westeros_dress_1_high"
[15:52:00][E][portraitaccessories.cpp:159]: accessory group [clothes:asoiaf_unique_clothes] has an invalid accessory "female_clothes_asoiaf_westeros_dress_1_low"
[15:52:00][E][portraitaccessories.cpp:159]: accessory group [clothes:asoiaf_unique_clothes] has an invalid accessory "female_clothes_asoiaf_westeros_dress_1_coa"
[15:52:00][E][portraitaccessories.cpp:159]: accessory group [clothes:asoiaf_unique_clothes] has an invalid accessory "female_clothes_asoiaf_westeros_dress_2_high"
[15:52:00][E][portraitaccessories.cpp:159]: accessory group [clothes:asoiaf_unique_clothes] has an invalid accessory "female_clothes_asoiaf_westeros_dress_2_low"
[15:52:00][E][portraitaccessories.cpp:159]: accessory group [clothes:asoiaf_unique_clothes] has an invalid accessory "female_clothes_asoiaf_westeros_dress_2_coa"
[15:52:00][E][portraitaccessories.cpp:159]: accessory group [clothes:asoiaf_unique_clothes] has an invalid accessory "female_clothes_asoiaf_north_dress_1_high"
[15:52:00][E][portraitaccessories.cpp:159]: accessory group [clothes:asoiaf_unique_clothes] has an invalid accessory "female_clothes_asoiaf_north_dress_1_low"
[15:52:00][E][portraitaccessories.cpp:159]: accessory group [clothes:asoiaf_unique_clothes] has an invalid accessory "female_clothes_asoiaf_north_dress_1_catelyn"
[15:52:00][E][portraitaccessories.cpp:159]: accessory group [clothes:asoiaf_unique_clothes] has an invalid accessory "female_clothes_asoiaf_north_dress_1_catelyn_ceremonial"
[15:52:00][E][portraitaccessories.cpp:159]: accessory group [clothes:asoiaf_unique_clothes] has an invalid accessory "female_clothes_asoiaf_north_dress_1_sansa"
[15:52:00][E][portraitaccessories.cpp:159]: accessory group [clothes:asoiaf_unique_clothes] has an invalid accessory "female_clothes_asoiaf_north_dress_1_rhaena"
[15:52:00][E][portraitaccessories.cpp:159]: accessory group [clothes:asoiaf_unique_clothes] has an invalid accessory "female_clothes_asoiaf_north_dress_2"
[15:52:00][E][portraitaccessories.cpp:159]: accessory group [clothes:asoiaf_unique_clothes] has an invalid accessory "female_clothes_asoiaf_westerlands_mourning_1"
[15:52:00][E][portraitaccessories.cpp:159]: accessory group [clothes:asoiaf_unique_clothes] has an invalid accessory "female_clothes_asoiaf_reach_gown_1"
[15:52:00][E][portraitaccessories.cpp:159]: accessory group [clothes:asoiaf_unique_clothes] has an invalid accessory "female_clothes_asoiaf_handmaiden_dress_1"
[15:52:00][E][portraitaccessories.cpp:159]: accessory group [clothes:asoiaf_unique_clothes] has an invalid accessory "female_clothes_asoiaf_handmaiden_dress_2"
[15:52:00][E][portraitaccessories.cpp:159]: accessory group [clothes:asoiaf_unique_clothes] has an invalid accessory "female_clothes_asoiaf_blacksmith_apron"
[15:52:00][E][portraitaccessories.cpp:159]: accessory group [clothes:asoiaf_unique_clothes] has an invalid accessory "female_clothes_asoiaf_huntsman_jerkin"
[15:52:00][E][portraitaccessories.cpp:159]: accessory group [clothes:asoiaf_unique_clothes] has an invalid accessory "female_clothes_asoiaf_executioner_jerkin"
[15:52:00][E][portraitaccessories.cpp:159]: accessory group [clothes:asoiaf_maester_clothes] has an invalid accessory "male_clothes_asoiaf_maester_robes_black"
[15:52:00][E][portraitaccessories.cpp:159]: accessory group [clothes:asoiaf_maester_clothes] has an invalid accessory "male_clothes_asoiaf_maester_robes_tan"
[15:52:00][E][portraitaccessories.cpp:159]: accessory group [clothes:asoiaf_maester_clothes] has an invalid accessory "male_clothes_asoiaf_maester_robes_brown"
[15:52:00][E][portraitaccessories.cpp:159]: accessory group [clothes:asoiaf_maester_clothes] has an invalid accessory "male_clothes_asoiaf_maester_robes_pale_blue"
[15:52:00][E][portraitaccessories.cpp:159]: accessory group [clothes:asoiaf_maester_clothes] has an invalid accessory "male_clothes_asoiaf_maester_robes_pale_green"
[15:52:00][E][portraitaccessories.cpp:159]: accessory group [clothes:asoiaf_maester_clothes] has an invalid accessory "male_clothes_asoiaf_maester_robes_grey"
[15:52:00][E][portraitaccessories.cpp:159]: accessory group [clothes:asoiaf_maester_clothes] has an invalid accessory "male_clothes_asoiaf_maester_robes_black"
[15:52:00][E][portraitaccessories.cpp:159]: accessory group [clothes:asoiaf_maester_clothes] has an invalid accessory "male_clothes_asoiaf_maester_robes_tan"
[15:52:00][E][portraitaccessories.cpp:159]: accessory group [clothes:asoiaf_maester_clothes] has an invalid accessory "male_clothes_asoiaf_maester_robes_brown"
[15:52:00][E][portraitaccessories.cpp:159]: accessory group [clothes:asoiaf_maester_clothes] has an invalid accessory "male_clothes_asoiaf_maester_robes_pale_blue"
[15:52:00][E][portraitaccessories.cpp:159]: accessory group [clothes:asoiaf_maester_clothes] has an invalid accessory "male_clothes_asoiaf_maester_robes_pale_green"
[15:52:00][E][portraitaccessories.cpp:159]: accessory group [clothes:asoiaf_maester_clothes] has an invalid accessory "male_clothes_asoiaf_maester_robes_grey"
[15:52:00][E][portraitaccessories.cpp:159]: accessory group [clothes:asoiaf_religious_clothes] has an invalid accessory "male_clothes_asoiaf_septon_robes_1"
[15:52:00][E][portraitaccessories.cpp:159]: accessory group [clothes:asoiaf_religious_clothes] has an invalid accessory "male_clothes_asoiaf_septon_robes_2"
[15:52:00][E][portraitaccessories.cpp:159]: accessory group [clothes:asoiaf_religious_clothes] has an invalid accessory "male_clothes_asoiaf_drowned_man_robes_low"
[15:52:00][E][portraitaccessories.cpp:159]: accessory group [clothes:asoiaf_religious_clothes] has an invalid accessory "male_clothes_asoiaf_drowned_man_robes_high"
[15:52:00][E][portraitaccessories.cpp:159]: accessory group [clothes:asoiaf_religious_clothes] has an invalid accessory "female_clothes_asoiaf_septa_robes"
[15:52:00][E][portraitaccessories.cpp:159]: accessory group [clothes:asoiaf_religious_clothes] has an invalid accessory "female_clothes_asoiaf_silent_sister_robes"
[15:52:00][E][portraitaccessories.cpp:159]: accessory group [clothes:asoiaf_religious_clothes] has an invalid accessory "male_clothes_asoiaf_septon_robes_1"
[15:52:00][E][portraitaccessories.cpp:159]: accessory group [clothes:asoiaf_religious_clothes] has an invalid accessory "male_clothes_asoiaf_septon_robes_2"
[15:52:00][E][portraitaccessories.cpp:159]: accessory group [clothes:asoiaf_religious_clothes] has an invalid accessory "male_clothes_asoiaf_drowned_man_robes_low"
[15:52:00][E][portraitaccessories.cpp:159]: accessory group [clothes:asoiaf_religious_clothes] has an invalid accessory "male_clothes_asoiaf_drowned_man_robes_high"
[15:52:00][E][portraitaccessories.cpp:159]: accessory group [clothes:asoiaf_religious_clothes] has an invalid accessory "female_clothes_asoiaf_septa_robes"
[15:52:00][E][portraitaccessories.cpp:159]: accessory group [clothes:asoiaf_religious_clothes] has an invalid accessory "female_clothes_asoiaf_silent_sister_robes"
[15:52:00][E][portraitaccessories.cpp:159]: accessory group [clothes:golden_company_armor_blackfyre] has an invalid accessory "male_clothes_captainsArmor_blackfyreAlt_01"
[15:52:00][E][portraitaccessories.cpp:159]: accessory group [clothes:golden_company_armor_blackfyre] has an invalid accessory "male_clothes_captainsArmorMetal_blackfyreAlt_01"
[15:52:00][E][portraitaccessories.cpp:159]: accessory group [clothes:golden_company_armor_blackfyre] has an invalid accessory "male_clothes_ornateVest_blackfyreAlt_01"
[15:52:00][E][portraitaccessories.cpp:159]: accessory group [clothes:golden_company_armor_blackfyre] has an invalid accessory "male_clothes_standardVest_blackfyreAlt_01"
[15:52:00][E][portraitaccessories.cpp:159]: accessory group [clothes:golden_company_armor_blackfyre] has an invalid accessory "male_clothes_platedVest_blackfyreAlt_01"
[15:52:00][E][portraitaccessories.cpp:159]: accessory group [clothes:golden_company_armor_blackfyre] has an invalid accessory "male_clothes_captainsArmor_blackfyreAlt_01"
[15:52:00][E][portraitaccessories.cpp:159]: accessory group [clothes:golden_company_armor_blackfyre] has an invalid accessory "male_clothes_captainsArmorMetal_blackfyreAlt_01"
[15:52:00][E][portraitaccessories.cpp:159]: accessory group [clothes:golden_company_armor_blackfyre] has an invalid accessory "male_clothes_ornateVest_blackfyreAlt_01"
[15:52:00][E][portraitaccessories.cpp:159]: accessory group [clothes:golden_company_armor_blackfyre] has an invalid accessory "male_clothes_standardVest_blackfyreAlt_01"
[15:52:00][E][portraitaccessories.cpp:159]: accessory group [clothes:golden_company_armor_blackfyre] has an invalid accessory "male_clothes_platedVest_blackfyreAlt_01"
[15:52:00][E][portraitaccessories.cpp:159]: accessory group [cloaks:asoiaf_lannister_war_cloak] has an invalid accessory "male_cloak_secular_asoiaf_lannister_war_plate_2_cloak"
[15:52:00][E][portraitaccessories.cpp:159]: accessory group [cloaks:asoiaf_lannister_war_cloak] has an invalid accessory "female_cloak_secular_asoiaf_lannister_war_plate_2_cloak"
[15:52:00][E][portraitaccessories.cpp:159]: accessory group [cloaks:asoiaf_lannister_war_cloak] has an invalid accessory "male_cloak_secular_asoiaf_lannister_war_plate_2_cloak"
[15:52:00][E][portraitaccessories.cpp:159]: accessory group [cloaks:asoiaf_lannister_war_cloak] has an invalid accessory "female_cloak_secular_asoiaf_lannister_war_plate_2_cloak"
[15:52:00][E][portraitaccessories.cpp:159]: accessory group [cloaks:asoiaf_unique_cloaks] has an invalid accessory "male_cloak_asoiaf_stormlands_stannis_cloak_1"
[15:52:00][E][portraitaccessories.cpp:159]: accessory group [cloaks:asoiaf_unique_cloaks] has an invalid accessory "male_cloak_asoiaf_nights_watch_cloak_1"
[15:52:00][E][portraitaccessories.cpp:159]: accessory group [cloaks:asoiaf_unique_cloaks] has an invalid accessory "male_cloak_asoiaf_gold_cloak_cloak"
[15:52:00][E][portraitaccessories.cpp:159]: accessory group [cloaks:asoiaf_unique_cloaks] has an invalid accessory "male_cloaks_asoiaf_lannister_cloak_royal"
[15:52:00][E][portraitaccessories.cpp:159]: accessory group [cloaks:asoiaf_unique_cloaks] has an invalid accessory "male_cloak_asoiaf_kingsguard_cloak_default"
[15:52:00][E][portraitaccessories.cpp:159]: accessory group [cloaks:asoiaf_unique_cloaks] has an invalid accessory "male_cloak_asoiaf_manderly_cloak_dynast"
[15:52:00][E][portraitaccessories.cpp:159]: accessory group [cloaks:asoiaf_unique_cloaks] has an invalid accessory "male_cloak_asoiaf_manderly_cloak_dynast_coa"
[15:52:00][E][portraitaccessories.cpp:159]: accessory group [cloaks:asoiaf_unique_cloaks] has an invalid accessory "female_cloak_asoiaf_nights_watch_cloak_1"
[15:52:00][E][portraitaccessories.cpp:159]: accessory group [cloaks:asoiaf_unique_cloaks] has an invalid accessory "female_cloak_asoiaf_gold_cloak_cloak"
[15:52:00][E][portraitaccessories.cpp:159]: accessory group [cloaks:asoiaf_unique_cloaks] has an invalid accessory "female_cloaks_asoiaf_lannister_cloak_royal"
[15:52:00][E][portraitaccessories.cpp:159]: accessory group [cloaks:asoiaf_unique_cloaks] has an invalid accessory "female_cloak_asoiaf_manderly_cloak_dynast"
[15:52:00][E][portraitaccessories.cpp:159]: accessory group [cloaks:asoiaf_unique_cloaks] has an invalid accessory "female_cloak_asoiaf_manderly_cloak_dynast_coa"
[15:52:00][E][portraitaccessories.cpp:159]: accessory group [cloaks:asoiaf_unique_cloaks] has an invalid accessory "male_cloak_asoiaf_stormlands_stannis_cloak_1"
[15:52:00][E][portraitaccessories.cpp:159]: accessory group [cloaks:asoiaf_unique_cloaks] has an invalid accessory "male_cloak_asoiaf_nights_watch_cloak_1"
[15:52:00][E][portraitaccessories.cpp:159]: accessory group [cloaks:asoiaf_unique_cloaks] has an invalid accessory "male_cloak_asoiaf_gold_cloak_cloak"
[15:52:00][E][portraitaccessories.cpp:159]: accessory group [cloaks:asoiaf_unique_cloaks] has an invalid accessory "male_cloaks_asoiaf_lannister_cloak_royal"
[15:52:00][E][portraitaccessories.cpp:159]: accessory group [cloaks:asoiaf_unique_cloaks] has an invalid accessory "male_cloak_asoiaf_kingsguard_cloak_default"
[15:52:00][E][portraitaccessories.cpp:159]: accessory group [cloaks:asoiaf_unique_cloaks] has an invalid accessory "male_cloak_asoiaf_manderly_cloak_dynast"
[15:52:00][E][portraitaccessories.cpp:159]: accessory group [cloaks:asoiaf_unique_cloaks] has an invalid accessory "male_cloak_asoiaf_manderly_cloak_dynast_coa"
[15:52:00][E][portraitaccessories.cpp:159]: accessory group [cloaks:asoiaf_unique_cloaks] has an invalid accessory "female_cloak_asoiaf_nights_watch_cloak_1"
[15:52:00][E][portraitaccessories.cpp:159]: accessory group [cloaks:asoiaf_unique_cloaks] has an invalid accessory "female_cloak_asoiaf_gold_cloak_cloak"
[15:52:00][E][portraitaccessories.cpp:159]: accessory group [cloaks:asoiaf_unique_cloaks] has an invalid accessory "female_cloaks_asoiaf_lannister_cloak_royal"
[15:52:00][E][portraitaccessories.cpp:159]: accessory group [cloaks:asoiaf_unique_cloaks] has an invalid accessory "female_cloak_asoiaf_manderly_cloak_dynast"
[15:52:00][E][portraitaccessories.cpp:159]: accessory group [cloaks:asoiaf_unique_cloaks] has an invalid accessory "female_cloak_asoiaf_manderly_cloak_dynast_coa"
[15:52:00][E][portraitaccessories.cpp:159]: accessory group [headgear:crowns_of_westeros] has an invalid accessory "jaehaera_crown"
[15:52:00][E][portraitaccessories.cpp:159]: accessory group [headgear:crowns_of_westeros] has an invalid accessory "daeron_the_daring_crown"
[15:52:00][E][portraitaccessories.cpp:159]: accessory group [headgear:crowns_of_westeros] has an invalid accessory "maegor_brightflame_crown"
[15:52:00][E][portraitaccessories.cpp:159]: accessory group [headgear:crowns_of_westeros] has an invalid accessory "seven_dragon_crown"
[15:52:00][E][portraitaccessories.cpp:159]: accessory group [headgear:crowns_of_westeros] has an invalid accessory "elaena_crown_default"
[15:52:00][E][portraitaccessories.cpp:159]: accessory group [headgear:crowns_of_westeros] has an invalid accessory "elaena_crown_red"
[15:52:00][E][portraitaccessories.cpp:159]: accessory group [headgear:crowns_of_westeros] has an invalid accessory "matarys_crown"
[15:52:00][E][portraitaccessories.cpp:159]: accessory group [headgear:crowns_of_westeros] has an invalid accessory "maegor_brightflame_crown"
[15:52:00][E][portraitaccessories.cpp:159]: accessory group [headgear:crowns_of_westeros] has an invalid accessory "elaena_crown_black"
[15:52:00][E][portraitaccessories.cpp:159]: accessory group [headgear:crowns_of_westeros] has an invalid accessory "aemon_blackfyre_crown"
[15:52:00][E][portraitaccessories.cpp:159]: accessory group [headgear:crowns_of_westeros] has an invalid accessory "elaena_crown_red_and_black"
[15:52:00][E][portraitaccessories.cpp:159]: accessory group [headgear:crowns_of_westeros] has an invalid accessory "jaehaera_crown"
[15:52:00][E][portraitaccessories.cpp:159]: accessory group [headgear:crowns_of_westeros] has an invalid accessory "female_jaehaera_crown"
[15:52:00][E][portraitaccessories.cpp:159]: accessory group [headgear:crowns_of_westeros] has an invalid accessory "female_daeron_the_daring_crown"
[15:52:00][E][portraitaccessories.cpp:159]: accessory group [headgear:crowns_of_westeros] has an invalid accessory "female_maegor_brightflame_crown"
[15:52:00][E][portraitaccessories.cpp:159]: accessory group [headgear:crowns_of_westeros] has an invalid accessory "female_seven_dragon_crown"
[15:52:00][E][portraitaccessories.cpp:159]: accessory group [headgear:crowns_of_westeros] has an invalid accessory "female_elaena_crown_default"
[15:52:00][E][portraitaccessories.cpp:159]: accessory group [headgear:crowns_of_westeros] has an invalid accessory "female_elaena_crown_red"
[15:52:00][E][portraitaccessories.cpp:159]: accessory group [headgear:crowns_of_westeros] has an invalid accessory "female_matarys_crown"
[15:52:00][E][portraitaccessories.cpp:159]: accessory group [headgear:crowns_of_westeros] has an invalid accessory "female_maegor_brightflame_crown"
[15:52:00][E][portraitaccessories.cpp:159]: accessory group [headgear:crowns_of_westeros] has an invalid accessory "female_elaena_crown_black"
[15:52:00][E][portraitaccessories.cpp:159]: accessory group [headgear:crowns_of_westeros] has an invalid accessory "female_aemon_blackfyre_crown"
[15:52:00][E][portraitaccessories.cpp:159]: accessory group [headgear:crowns_of_westeros] has an invalid accessory "female_elaena_crown_red_and_black"
[15:52:00][E][portraitaccessories.cpp:159]: accessory group [headgear:crowns_of_westeros] has an invalid accessory "female_jaehaera_crown"
[15:52:00][E][portraitaccessories.cpp:159]: accessory group [headgear:crowns_of_westeros] has an invalid accessory "jaehaera_crown"
[15:52:00][E][portraitaccessories.cpp:159]: accessory group [headgear:crowns_of_westeros] has an invalid accessory "daeron_the_daring_crown"
[15:52:00][E][portraitaccessories.cpp:159]: accessory group [headgear:crowns_of_westeros] has an invalid accessory "maegor_brightflame_crown"
[15:52:00][E][portraitaccessories.cpp:159]: accessory group [headgear:crowns_of_westeros] has an invalid accessory "seven_dragon_crown"
[15:52:00][E][portraitaccessories.cpp:159]: accessory group [headgear:crowns_of_westeros] has an invalid accessory "elaena_crown_default"
[15:52:00][E][portraitaccessories.cpp:159]: accessory group [headgear:crowns_of_westeros] has an invalid accessory "elaena_crown_red"
[15:52:00][E][portraitaccessories.cpp:159]: accessory group [headgear:crowns_of_westeros] has an invalid accessory "matarys_crown"
[15:52:00][E][portraitaccessories.cpp:159]: accessory group [headgear:crowns_of_westeros] has an invalid accessory "maegor_brightflame_crown"
[15:52:00][E][portraitaccessories.cpp:159]: accessory group [headgear:crowns_of_westeros] has an invalid accessory "elaena_crown_black"
[15:52:00][E][portraitaccessories.cpp:159]: accessory group [headgear:crowns_of_westeros] has an invalid accessory "aemon_blackfyre_crown"
[15:52:00][E][portraitaccessories.cpp:159]: accessory group [headgear:crowns_of_westeros] has an invalid accessory "elaena_crown_red_and_black"
[15:52:00][E][portraitaccessories.cpp:159]: accessory group [headgear:crowns_of_westeros] has an invalid accessory "jaehaera_crown"
[15:52:00][E][portraitaccessories.cpp:159]: accessory group [headgear:crowns_of_westeros] has an invalid accessory "female_jaehaera_crown"
[15:52:00][E][portraitaccessories.cpp:159]: accessory group [headgear:crowns_of_westeros] has an invalid accessory "female_daeron_the_daring_crown"
[15:52:00][E][portraitaccessories.cpp:159]: accessory group [headgear:crowns_of_westeros] has an invalid accessory "female_maegor_brightflame_crown"
[15:52:00][E][portraitaccessories.cpp:159]: accessory group [headgear:crowns_of_westeros] has an invalid accessory "female_seven_dragon_crown"
[15:52:00][E][portraitaccessories.cpp:159]: accessory group [headgear:crowns_of_westeros] has an invalid accessory "female_elaena_crown_default"
[15:52:00][E][portraitaccessories.cpp:159]: accessory group [headgear:crowns_of_westeros] has an invalid accessory "female_elaena_crown_red"
[15:52:00][E][portraitaccessories.cpp:159]: accessory group [headgear:crowns_of_westeros] has an invalid accessory "female_matarys_crown"
[15:52:00][E][portraitaccessories.cpp:159]: accessory group [headgear:crowns_of_westeros] has an invalid accessory "female_maegor_brightflame_crown"
[15:52:00][E][portraitaccessories.cpp:159]: accessory group [headgear:crowns_of_westeros] has an invalid accessory "female_elaena_crown_black"
[15:52:00][E][portraitaccessories.cpp:159]: accessory group [headgear:crowns_of_westeros] has an invalid accessory "female_aemon_blackfyre_crown"
[15:52:00][E][portraitaccessories.cpp:159]: accessory group [headgear:crowns_of_westeros] has an invalid accessory "female_elaena_crown_red_and_black"
[15:52:00][E][portraitaccessories.cpp:159]: accessory group [headgear:crowns_of_westeros] has an invalid accessory "female_jaehaera_crown"
[15:52:00][E][portraitaccessories.cpp:159]: accessory group [headgear:asoiaf_all_helms] has an invalid accessory "male_headgear_asoiaf_nights_watch_hood"
[15:52:00][E][portraitaccessories.cpp:159]: accessory group [headgear:asoiaf_all_helms] has an invalid accessory "male_headgear_asoiaf_nights_watch_coif"
[15:52:00][E][portraitaccessories.cpp:159]: accessory group [headgear:asoiaf_all_helms] has an invalid accessory "male_headgear_asoiaf_kingsguard_helm_default"
[15:52:00][E][portraitaccessories.cpp:159]: accessory group [headgear:asoiaf_all_helms] has an invalid accessory "male_headgear_asoiaf_dragonstone_helm"
[15:52:00][E][portraitaccessories.cpp:159]: accessory group [headgear:asoiaf_all_helms] has an invalid accessory "male_headgear_asoiaf_dragonstone_helm_2"
[15:52:00][E][portraitaccessories.cpp:159]: accessory group [headgear:asoiaf_all_helms] has an invalid accessory "male_headgear_asoiaf_north_helm_high"
[15:52:00][E][portraitaccessories.cpp:159]: accessory group [headgear:asoiaf_all_helms] has an invalid accessory "male_headgear_asoiaf_north_helm_low"
[15:52:00][E][portraitaccessories.cpp:159]: accessory group [headgear:asoiaf_all_helms] has an invalid accessory "male_headgear_asoiaf_stark_helm_high"
[15:52:00][E][portraitaccessories.cpp:159]: accessory group [headgear:asoiaf_all_helms] has an invalid accessory "male_headgear_asoiaf_stark_helm_low"
[15:52:00][E][portraitaccessories.cpp:159]: accessory group [headgear:asoiaf_all_helms] has an invalid accessory "male_headgear_asoiaf_manderly_helm_low"
[15:52:00][E][portraitaccessories.cpp:159]: accessory group [headgear:asoiaf_all_helms] has an invalid accessory "male_headgear_asoiaf_manderly_helm_low_coa"
[15:52:00][E][portraitaccessories.cpp:159]: accessory group [headgear:asoiaf_all_helms] has an invalid accessory "male_headgear_asoiaf_bolton_helm_high"
[15:52:00][E][portraitaccessories.cpp:159]: accessory group [headgear:asoiaf_all_helms] has an invalid accessory "male_headgear_asoiaf_bolton_helm_low"
[15:52:00][E][portraitaccessories.cpp:159]: accessory group [headgear:asoiaf_all_helms] has an invalid accessory "male_headgear_asoiaf_umber_helm_dynast"
[15:52:00][E][portraitaccessories.cpp:159]: accessory group [headgear:asoiaf_all_helms] has an invalid accessory "male_headgear_asoiaf_umber_helm_dynast_coa"
[15:52:00][E][portraitaccessories.cpp:159]: accessory group [headgear:asoiaf_all_helms] has an invalid accessory "male_headgear_asoiaf_umber_helm_low"
[15:52:00][E][portraitaccessories.cpp:159]: accessory group [headgear:asoiaf_all_helms] has an invalid accessory "male_headgear_secular_asoiaf_lannister_plate_2_helm_closed"
[15:52:00][E][portraitaccessories.cpp:159]: accessory group [headgear:asoiaf_all_helms] has an invalid accessory "male_headgear_asoiaf_hound_helm"
[15:52:00][E][portraitaccessories.cpp:159]: accessory group [headgear:asoiaf_all_helms] has an invalid accessory "male_headgear_asoiaf_gold_cloak_helm"
[15:52:00][E][portraitaccessories.cpp:159]: accessory group [headgear:asoiaf_all_helms] has an invalid accessory "male_headgear_asoiaf_tyrell_helm_dynast"
[15:52:00][E][portraitaccessories.cpp:159]: accessory group [headgear:asoiaf_all_helms] has an invalid accessory "male_headgear_asoiaf_tyrell_helm_high"
[15:52:00][E][portraitaccessories.cpp:159]: accessory group [headgear:asoiaf_all_helms] has an invalid accessory "male_headgear_asoiaf_tyrell_helm_low"
[15:52:00][E][portraitaccessories.cpp:159]: accessory group [headgear:asoiaf_all_helms] has an invalid accessory "male_headgear_asoiaf_greyjoy_helm_high"
[15:52:00][E][portraitaccessories.cpp:159]: accessory group [headgear:asoiaf_all_helms] has an invalid accessory "male_headgear_asoiaf_ironborn_helm_high_coa"
[15:52:00][E][portraitaccessories.cpp:159]: accessory group [headgear:asoiaf_all_helms] has an invalid accessory "female_headgear_asoiaf_dragonstone_helm"
[15:52:00][E][portraitaccessories.cpp:159]: accessory group [headgear:asoiaf_all_helms] has an invalid accessory "female_headgear_asoiaf_dragonstone_helm_2"
[15:52:00][E][portraitaccessories.cpp:159]: accessory group [headgear:asoiaf_all_helms] has an invalid accessory "female_headgear_asoiaf_north_helm_high"
[15:52:00][E][portraitaccessories.cpp:159]: accessory group [headgear:asoiaf_all_helms] has an invalid accessory "female_headgear_asoiaf_north_helm_low"
[15:52:00][E][portraitaccessories.cpp:159]: accessory group [headgear:asoiaf_all_helms] has an invalid accessory "female_headgear_asoiaf_stark_helm_high"
[15:52:00][E][portraitaccessories.cpp:159]: accessory group [headgear:asoiaf_all_helms] has an invalid accessory "female_headgear_asoiaf_stark_helm_low"
[15:52:00][E][portraitaccessories.cpp:159]: accessory group [headgear:asoiaf_all_helms] has an invalid accessory "female_headgear_asoiaf_manderly_helm_low"
[15:52:00][E][portraitaccessories.cpp:159]: accessory group [headgear:asoiaf_all_helms] has an invalid accessory "female_headgear_asoiaf_manderly_helm_low_coa"
[15:52:00][E][portraitaccessories.cpp:159]: accessory group [headgear:asoiaf_all_helms] has an invalid accessory "female_headgear_asoiaf_bolton_helm_high"
[15:52:00][E][portraitaccessories.cpp:159]: accessory group [headgear:asoiaf_all_helms] has an invalid accessory "female_headgear_asoiaf_bolton_helm_low"
[15:52:00][E][portraitaccessories.cpp:159]: accessory group [headgear:asoiaf_all_helms] has an invalid accessory "female_headgear_asoiaf_umber_helm_dynast"
[15:52:00][E][portraitaccessories.cpp:159]: accessory group [headgear:asoiaf_all_helms] has an invalid accessory "female_headgear_asoiaf_umber_helm_dynast_coa"
[15:52:00][E][portraitaccessories.cpp:159]: accessory group [headgear:asoiaf_all_helms] has an invalid accessory "female_headgear_asoiaf_umber_helm_low"
[15:52:00][E][portraitaccessories.cpp:159]: accessory group [headgear:asoiaf_all_helms] has an invalid accessory "female_headgear_secular_asoiaf_lannister_plate_2_helm_closed"
[15:52:00][E][portraitaccessories.cpp:159]: accessory group [headgear:asoiaf_all_helms] has an invalid accessory "female_headgear_asoiaf_hound_helm"
[15:52:00][E][portraitaccessories.cpp:159]: accessory group [headgear:asoiaf_all_helms] has an invalid accessory "female_headgear_asoiaf_gold_cloak_helm"
[15:52:00][E][portraitaccessories.cpp:159]: accessory group [headgear:asoiaf_all_helms] has an invalid accessory "female_headgear_asoiaf_greyjoy_helm_high"
[15:52:00][E][portraitaccessories.cpp:159]: accessory group [headgear:asoiaf_all_helms] has an invalid accessory "female_headgear_asoiaf_ironborn_helm_high_coa"
[15:52:00][E][portraitaccessories.cpp:159]: accessory group [headgear:asoiaf_all_helms] has an invalid accessory "male_headgear_asoiaf_nights_watch_hood"
[15:52:00][E][portraitaccessories.cpp:159]: accessory group [headgear:asoiaf_all_helms] has an invalid accessory "male_headgear_asoiaf_nights_watch_coif"
[15:52:00][E][portraitaccessories.cpp:159]: accessory group [headgear:asoiaf_all_helms] has an invalid accessory "male_headgear_asoiaf_kingsguard_helm_default"
[15:52:00][E][portraitaccessories.cpp:159]: accessory group [headgear:asoiaf_all_helms] has an invalid accessory "male_headgear_asoiaf_dragonstone_helm"
[15:52:00][E][portraitaccessories.cpp:159]: accessory group [headgear:asoiaf_all_helms] has an invalid accessory "male_headgear_asoiaf_dragonstone_helm_2"
[15:52:00][E][portraitaccessories.cpp:159]: accessory group [headgear:asoiaf_all_helms] has an invalid accessory "male_headgear_asoiaf_north_helm_high"
[15:52:00][E][portraitaccessories.cpp:159]: accessory group [headgear:asoiaf_all_helms] has an invalid accessory "male_headgear_asoiaf_north_helm_low"
[15:52:00][E][portraitaccessories.cpp:159]: accessory group [headgear:asoiaf_all_helms] has an invalid accessory "male_headgear_asoiaf_stark_helm_high"
[15:52:00][E][portraitaccessories.cpp:159]: accessory group [headgear:asoiaf_all_helms] has an invalid accessory "male_headgear_asoiaf_stark_helm_low"
[15:52:00][E][portraitaccessories.cpp:159]: accessory group [headgear:asoiaf_all_helms] has an invalid accessory "male_headgear_asoiaf_manderly_helm_low"
[15:52:00][E][portraitaccessories.cpp:159]: accessory group [headgear:asoiaf_all_helms] has an invalid accessory "male_headgear_asoiaf_manderly_helm_low_coa"
[15:52:00][E][portraitaccessories.cpp:159]: accessory group [headgear:asoiaf_all_helms] has an invalid accessory "male_headgear_asoiaf_bolton_helm_high"
[15:52:00][E][portraitaccessories.cpp:159]: accessory group [headgear:asoiaf_all_helms] has an invalid accessory "male_headgear_asoiaf_bolton_helm_low"
[15:52:00][E][portraitaccessories.cpp:159]: accessory group [headgear:asoiaf_all_helms] has an invalid accessory "male_headgear_asoiaf_umber_helm_dynast"
[15:52:00][E][portraitaccessories.cpp:159]: accessory group [headgear:asoiaf_all_helms] has an invalid accessory "male_headgear_asoiaf_umber_helm_dynast_coa"
[15:52:00][E][portraitaccessories.cpp:159]: accessory group [headgear:asoiaf_all_helms] has an invalid accessory "male_headgear_asoiaf_umber_helm_low"
[15:52:00][E][portraitaccessories.cpp:159]: accessory group [headgear:asoiaf_all_helms] has an invalid accessory "male_headgear_secular_asoiaf_lannister_plate_2_helm_closed"
[15:52:00][E][portraitaccessories.cpp:159]: accessory group [headgear:asoiaf_all_helms] has an invalid accessory "male_headgear_asoiaf_hound_helm"
[15:52:00][E][portraitaccessories.cpp:159]: accessory group [headgear:asoiaf_all_helms] has an invalid accessory "male_headgear_asoiaf_gold_cloak_helm"
[15:52:00][E][portraitaccessories.cpp:159]: accessory group [headgear:asoiaf_all_helms] has an invalid accessory "male_headgear_asoiaf_tyrell_helm_dynast"
[15:52:00][E][portraitaccessories.cpp:159]: accessory group [headgear:asoiaf_all_helms] has an invalid accessory "male_headgear_asoiaf_tyrell_helm_high"
[15:52:00][E][portraitaccessories.cpp:159]: accessory group [headgear:asoiaf_all_helms] has an invalid accessory "male_headgear_asoiaf_tyrell_helm_low"
[15:52:00][E][portraitaccessories.cpp:159]: accessory group [headgear:asoiaf_all_helms] has an invalid accessory "male_headgear_asoiaf_greyjoy_helm_high"
[15:52:00][E][portraitaccessories.cpp:159]: accessory group [headgear:asoiaf_all_helms] has an invalid accessory "male_headgear_asoiaf_ironborn_helm_high_coa"
[15:52:00][E][portraitaccessories.cpp:159]: accessory group [headgear:asoiaf_all_helms] has an invalid accessory "female_headgear_asoiaf_dragonstone_helm"
[15:52:00][E][portraitaccessories.cpp:159]: accessory group [headgear:asoiaf_all_helms] has an invalid accessory "female_headgear_asoiaf_dragonstone_helm_2"
[15:52:00][E][portraitaccessories.cpp:159]: accessory group [headgear:asoiaf_all_helms] has an invalid accessory "female_headgear_asoiaf_north_helm_high"
[15:52:00][E][portraitaccessories.cpp:159]: accessory group [headgear:asoiaf_all_helms] has an invalid accessory "female_headgear_asoiaf_north_helm_low"
[15:52:00][E][portraitaccessories.cpp:159]: accessory group [headgear:asoiaf_all_helms] has an invalid accessory "female_headgear_asoiaf_stark_helm_high"
[15:52:00][E][portraitaccessories.cpp:159]: accessory group [headgear:asoiaf_all_helms] has an invalid accessory "female_headgear_asoiaf_stark_helm_low"
[15:52:00][E][portraitaccessories.cpp:159]: accessory group [headgear:asoiaf_all_helms] has an invalid accessory "female_headgear_asoiaf_manderly_helm_low"
[15:52:00][E][portraitaccessories.cpp:159]: accessory group [headgear:asoiaf_all_helms] has an invalid accessory "female_headgear_asoiaf_manderly_helm_low_coa"
[15:52:00][E][portraitaccessories.cpp:159]: accessory group [headgear:asoiaf_all_helms] has an invalid accessory "female_headgear_asoiaf_bolton_helm_high"
[15:52:00][E][portraitaccessories.cpp:159]: accessory group [headgear:asoiaf_all_helms] has an invalid accessory "female_headgear_asoiaf_bolton_helm_low"
[15:52:00][E][portraitaccessories.cpp:159]: accessory group [headgear:asoiaf_all_helms] has an invalid accessory "female_headgear_asoiaf_umber_helm_dynast"
[15:52:00][E][portraitaccessories.cpp:159]: accessory group [headgear:asoiaf_all_helms] has an invalid accessory "female_headgear_asoiaf_umber_helm_dynast_coa"
[15:52:00][E][portraitaccessories.cpp:159]: accessory group [headgear:asoiaf_all_helms] has an invalid accessory "female_headgear_asoiaf_umber_helm_low"
[15:52:00][E][portraitaccessories.cpp:159]: accessory group [headgear:asoiaf_all_helms] has an invalid accessory "female_headgear_secular_asoiaf_lannister_plate_2_helm_closed"
[15:52:00][E][portraitaccessories.cpp:159]: accessory group [headgear:asoiaf_all_helms] has an invalid accessory "female_headgear_asoiaf_hound_helm"
[15:52:00][E][portraitaccessories.cpp:159]: accessory group [headgear:asoiaf_all_helms] has an invalid accessory "female_headgear_asoiaf_gold_cloak_helm"
[15:52:00][E][portraitaccessories.cpp:159]: accessory group [headgear:asoiaf_all_helms] has an invalid accessory "female_headgear_asoiaf_greyjoy_helm_high"
[15:52:00][E][portraitaccessories.cpp:159]: accessory group [headgear:asoiaf_all_helms] has an invalid accessory "female_headgear_asoiaf_ironborn_helm_high_coa"
[15:52:00][E][portraitaccessories.cpp:159]: accessory group [headgear:asoiaf_unique_headgears] has an invalid accessory "male_headgear_secular_asoiaf_crown_aerys_II"
[15:52:00][E][portraitaccessories.cpp:159]: accessory group [headgear:asoiaf_unique_headgears] has an invalid accessory "male_headgear_secular_asoiaf_crown_robert_I"
[15:52:00][E][portraitaccessories.cpp:159]: accessory group [headgear:asoiaf_unique_headgears] has an invalid accessory "male_headgear_secular_asoiaf_crown_renly"
[15:52:00][E][portraitaccessories.cpp:159]: accessory group [headgear:asoiaf_unique_headgears] has an invalid accessory "male_headgear_secular_asoiaf_crown_baratheon_tyrell"
[15:52:00][E][portraitaccessories.cpp:159]: accessory group [headgear:asoiaf_unique_headgears] has an invalid accessory "male_headgear_secular_asoiaf_crown_joffrey_I"
[15:52:00][E][portraitaccessories.cpp:159]: accessory group [headgear:asoiaf_unique_headgears] has an invalid accessory "male_headgear_asoiaf_crown_of_winter"
[15:52:00][E][portraitaccessories.cpp:159]: accessory group [headgear:asoiaf_unique_headgears] has an invalid accessory "male_headgear_asoiaf_sansa_crown"
[15:52:00][E][portraitaccessories.cpp:159]: accessory group [headgear:asoiaf_unique_headgears] has an invalid accessory "male_headgear_asoiaf_executioner_cowl"
[15:52:00][E][portraitaccessories.cpp:159]: accessory group [headgear:asoiaf_unique_headgears] has an invalid accessory "female_headgear_secular_asoiaf_crown_aerys_II"
[15:52:00][E][portraitaccessories.cpp:159]: accessory group [headgear:asoiaf_unique_headgears] has an invalid accessory "female_headgear_secular_asoiaf_crown_robert_I"
[15:52:00][E][portraitaccessories.cpp:159]: accessory group [headgear:asoiaf_unique_headgears] has an invalid accessory "female_headgear_secular_asoiaf_crown_renly"
[15:52:00][E][portraitaccessories.cpp:159]: accessory group [headgear:asoiaf_unique_headgears] has an invalid accessory "female_headgear_secular_asoiaf_crown_baratheon_tyrell"
[15:52:00][E][portraitaccessories.cpp:159]: accessory group [headgear:asoiaf_unique_headgears] has an invalid accessory "female_headgear_secular_asoiaf_crown_joffrey_I"
[15:52:00][E][portraitaccessories.cpp:159]: accessory group [headgear:asoiaf_unique_headgears] has an invalid accessory "female_headgear_asoiaf_crown_of_winter"
[15:52:00][E][portraitaccessories.cpp:159]: accessory group [headgear:asoiaf_unique_headgears] has an invalid accessory "female_headgear_asoiaf_sansa_crown"
[15:52:00][E][portraitaccessories.cpp:159]: accessory group [headgear:asoiaf_unique_headgears] has an invalid accessory "female_headgear_asoiaf_reach_headdress_1"
[15:52:00][E][portraitaccessories.cpp:159]: accessory group [headgear:asoiaf_unique_headgears] has an invalid accessory "female_headgear_asoiaf_septa_wimple"
[15:52:00][E][portraitaccessories.cpp:159]: accessory group [headgear:asoiaf_unique_headgears] has an invalid accessory "female_headgear_asoiaf_silent_sister_hood"
[15:52:00][E][portraitaccessories.cpp:159]: accessory group [headgear:asoiaf_unique_headgears] has an invalid accessory "female_headgear_asoiaf_executioner_cowl"
[15:52:00][E][portraitaccessories.cpp:159]: accessory group [headgear:asoiaf_unique_headgears] has an invalid accessory "male_headgear_secular_asoiaf_crown_aerys_II"
[15:52:00][E][portraitaccessories.cpp:159]: accessory group [headgear:asoiaf_unique_headgears] has an invalid accessory "male_headgear_secular_asoiaf_crown_robert_I"
[15:52:00][E][portraitaccessories.cpp:159]: accessory group [headgear:asoiaf_unique_headgears] has an invalid accessory "male_headgear_secular_asoiaf_crown_renly"
[15:52:00][E][portraitaccessories.cpp:159]: accessory group [headgear:asoiaf_unique_headgears] has an invalid accessory "male_headgear_secular_asoiaf_crown_baratheon_tyrell"
[15:52:00][E][portraitaccessories.cpp:159]: accessory group [headgear:asoiaf_unique_headgears] has an invalid accessory "male_headgear_secular_asoiaf_crown_joffrey_I"
[15:52:00][E][portraitaccessories.cpp:159]: accessory group [headgear:asoiaf_unique_headgears] has an invalid accessory "male_headgear_asoiaf_crown_of_winter"
[15:52:00][E][portraitaccessories.cpp:159]: accessory group [headgear:asoiaf_unique_headgears] has an invalid accessory "male_headgear_asoiaf_sansa_crown"
[15:52:00][E][portraitaccessories.cpp:159]: accessory group [headgear:asoiaf_unique_headgears] has an invalid accessory "male_headgear_asoiaf_executioner_cowl"
[15:52:00][E][portraitaccessories.cpp:159]: accessory group [headgear:asoiaf_unique_headgears] has an invalid accessory "female_headgear_secular_asoiaf_crown_aerys_II"
[15:52:00][E][portraitaccessories.cpp:159]: accessory group [headgear:asoiaf_unique_headgears] has an invalid accessory "female_headgear_secular_asoiaf_crown_robert_I"
[15:52:00][E][portraitaccessories.cpp:159]: accessory group [headgear:asoiaf_unique_headgears] has an invalid accessory "female_headgear_secular_asoiaf_crown_renly"
[15:52:00][E][portraitaccessories.cpp:159]: accessory group [headgear:asoiaf_unique_headgears] has an invalid accessory "female_headgear_secular_asoiaf_crown_baratheon_tyrell"
[15:52:00][E][portraitaccessories.cpp:159]: accessory group [headgear:asoiaf_unique_headgears] has an invalid accessory "female_headgear_secular_asoiaf_crown_joffrey_I"
[15:52:00][E][portraitaccessories.cpp:159]: accessory group [headgear:asoiaf_unique_headgears] has an invalid accessory "female_headgear_asoiaf_crown_of_winter"
[15:52:00][E][portraitaccessories.cpp:159]: accessory group [headgear:asoiaf_unique_headgears] has an invalid accessory "female_headgear_asoiaf_sansa_crown"
[15:52:00][E][portraitaccessories.cpp:159]: accessory group [headgear:asoiaf_unique_headgears] has an invalid accessory "female_headgear_asoiaf_reach_headdress_1"
[15:52:00][E][portraitaccessories.cpp:159]: accessory group [headgear:asoiaf_unique_headgears] has an invalid accessory "female_headgear_asoiaf_septa_wimple"
[15:52:00][E][portraitaccessories.cpp:159]: accessory group [headgear:asoiaf_unique_headgears] has an invalid accessory "female_headgear_asoiaf_silent_sister_hood"
[15:52:00][E][portraitaccessories.cpp:159]: accessory group [headgear:asoiaf_unique_headgears] has an invalid accessory "female_headgear_asoiaf_executioner_cowl"
[15:52:00][E][portraitaccessories.cpp:159]: accessory group [headgear:asoiaf_nights_watch_headgears] has an invalid accessory "male_headgear_asoiaf_nights_watch_hood"
[15:52:00][E][portraitaccessories.cpp:159]: accessory group [headgear:asoiaf_nights_watch_headgears] has an invalid accessory "male_headgear_asoiaf_nights_watch_coif"
[15:52:00][E][portraitaccessories.cpp:159]: accessory group [headgear:asoiaf_nights_watch_headgears] has an invalid accessory "male_headgear_asoiaf_nights_watch_hood"
[15:52:00][E][portraitaccessories.cpp:159]: accessory group [headgear:asoiaf_nights_watch_headgears] has an invalid accessory "male_headgear_asoiaf_nights_watch_coif"
[15:52:00][E][portraitaccessories.cpp:159]: accessory group [headgear:tgc_helmets] has an invalid accessory "male_headgear_tgc_helm_blackfyre_01"
[15:52:00][E][portraitaccessories.cpp:159]: accessory group [headgear:tgc_helmets] has an invalid accessory "male_headgear_tgc_helm_blackfyreAlt_01"
[15:52:00][E][portraitaccessories.cpp:159]: accessory group [headgear:tgc_helmets] has an invalid accessory "male_headgear_tgc_helm_blackfyre_02"
[15:52:00][E][portraitaccessories.cpp:159]: accessory group [headgear:tgc_helmets] has an invalid accessory "male_headgear_tgc_helm_blackfyreAlt_02"
[15:52:00][E][portraitaccessories.cpp:159]: accessory group [headgear:tgc_helmets] has an invalid accessory "male_headgear_tgc_helm_blackfyre_03"
[15:52:00][E][portraitaccessories.cpp:159]: accessory group [headgear:tgc_helmets] has an invalid accessory "male_headgear_tgc_helm_blackfyreAlt_03"
[15:52:00][E][portraitaccessories.cpp:159]: accessory group [headgear:tgc_helmets] has an invalid accessory "male_headgear_tgc_helm_blackfyre_01"
[15:52:00][E][portraitaccessories.cpp:159]: accessory group [headgear:tgc_helmets] has an invalid accessory "male_headgear_tgc_helm_blackfyreAlt_01"
[15:52:00][E][portraitaccessories.cpp:159]: accessory group [headgear:tgc_helmets] has an invalid accessory "male_headgear_tgc_helm_blackfyre_02"
[15:52:00][E][portraitaccessories.cpp:159]: accessory group [headgear:tgc_helmets] has an invalid accessory "male_headgear_tgc_helm_blackfyreAlt_02"
[15:52:00][E][portraitaccessories.cpp:159]: accessory group [headgear:tgc_helmets] has an invalid accessory "male_headgear_tgc_helm_blackfyre_03"
[15:52:00][E][portraitaccessories.cpp:159]: accessory group [headgear:tgc_helmets] has an invalid accessory "male_headgear_tgc_helm_blackfyreAlt_03"
[15:52:00][E][portraitaccessories.cpp:159]: accessory group [legwear:asoiaf_all_legwears] has an invalid accessory "male_legwear_asoiaf_kingsguard_legs_default"
[15:52:00][E][portraitaccessories.cpp:159]: accessory group [legwear:asoiaf_all_legwears] has an invalid accessory "male_legwear_asoiaf_kingsguard_legs_boots"
[15:52:00][E][portraitaccessories.cpp:159]: accessory group [legwear:asoiaf_all_legwears] has an invalid accessory "male_legwear_asoiaf_dragonstone_legs"
[15:52:00][E][portraitaccessories.cpp:159]: accessory group [legwear:asoiaf_all_legwears] has an invalid accessory "male_legwear_asoiaf_north_legs"
[15:52:00][E][portraitaccessories.cpp:159]: accessory group [legwear:asoiaf_all_legwears] has an invalid accessory "male_legwear_asoiaf_stark_legs"
[15:52:00][E][portraitaccessories.cpp:159]: accessory group [legwear:asoiaf_all_legwears] has an invalid accessory "male_legwear_asoiaf_manderly_legs"
[15:52:00][E][portraitaccessories.cpp:159]: accessory group [legwear:asoiaf_all_legwears] has an invalid accessory "male_legwear_asoiaf_bolton_legs"
[15:52:00][E][portraitaccessories.cpp:159]: accessory group [legwear:asoiaf_all_legwears] has an invalid accessory "male_legwear_asoiaf_umber_legs"
[15:52:00][E][portraitaccessories.cpp:159]: accessory group [legwear:asoiaf_all_legwears] has an invalid accessory "male_legwear_asoiaf_umber_legs_coa"
[15:52:00][E][portraitaccessories.cpp:159]: accessory group [legwear:asoiaf_all_legwears] has an invalid accessory "male_legwear_asoiaf_lannister_legs_dynast"
[15:52:00][E][portraitaccessories.cpp:159]: accessory group [legwear:asoiaf_all_legwears] has an invalid accessory "male_legwear_asoiaf_lannister_legs_light"
[15:52:00][E][portraitaccessories.cpp:159]: accessory group [legwear:asoiaf_all_legwears] has an invalid accessory "male_legwear_asoiaf_hound_legs"
[15:52:00][E][portraitaccessories.cpp:159]: accessory group [legwear:asoiaf_all_legwears] has an invalid accessory "male_legwear_asoiaf_gold_cloak_legs"
[15:52:00][E][portraitaccessories.cpp:159]: accessory group [legwear:asoiaf_all_legwears] has an invalid accessory "male_legwear_asoiaf_tyrell_legs"
[15:52:00][E][portraitaccessories.cpp:159]: accessory group [legwear:asoiaf_all_legwears] has an invalid accessory "male_legwear_asoiaf_beaked_shoes"
[15:52:00][E][portraitaccessories.cpp:159]: accessory group [legwear:asoiaf_all_legwears] has an invalid accessory "male_legwear_asoiaf_greyjoy_legs"
[15:52:00][E][portraitaccessories.cpp:159]: accessory group [legwear:asoiaf_all_legwears] has an invalid accessory "male_legwear_asoiaf_ironborn_legs_coa"
[15:52:00][E][portraitaccessories.cpp:159]: accessory group [legwear:asoiaf_all_legwears] has an invalid accessory "male_legwear_asoiaf_nights_watch_legs"
[15:52:00][E][portraitaccessories.cpp:159]: accessory group [legwear:asoiaf_all_legwears] has an invalid accessory "male_legwear_asoiaf_slippers_1"
[15:52:00][E][portraitaccessories.cpp:159]: accessory group [legwear:asoiaf_all_legwears] has an invalid accessory "male_legwear_asoiaf_leather_boots_1"
[15:52:00][E][portraitaccessories.cpp:159]: accessory group [legwear:asoiaf_all_legwears] has an invalid accessory "male_legwear_asoiaf_leather_boots_2"
[15:52:00][E][portraitaccessories.cpp:159]: accessory group [legwear:asoiaf_all_legwears] has an invalid accessory "male_legwear_asoiaf_leather_boots_3"
[15:52:00][E][portraitaccessories.cpp:159]: accessory group [legwear:asoiaf_all_legwears] has an invalid accessory "male_legwear_asoiaf_leather_boots_4"
[15:52:00][E][portraitaccessories.cpp:159]: accessory group [legwear:asoiaf_all_legwears] has an invalid accessory "male_legwear_asoiaf_leather_boots_5"
[15:52:00][E][portraitaccessories.cpp:159]: accessory group [legwear:asoiaf_all_legwears] has an invalid accessory "male_legwear_asoiaf_leather_boots_6"
[15:52:00][E][portraitaccessories.cpp:159]: accessory group [legwear:asoiaf_all_legwears] has an invalid accessory "male_legwear_asoiaf_leather_boots_7"
[15:52:00][E][portraitaccessories.cpp:159]: accessory group [legwear:asoiaf_all_legwears] has an invalid accessory "male_legwear_asoiaf_blacksmith_legs"
[15:52:00][E][portraitaccessories.cpp:159]: accessory group [legwear:asoiaf_all_legwears] has an invalid accessory "male_legwear_asoiaf_huntsman_legs"
[15:52:00][E][portraitaccessories.cpp:159]: accessory group [legwear:asoiaf_all_legwears] has an invalid accessory "male_legwear_asoiaf_executioner_legs"
[15:52:00][E][portraitaccessories.cpp:159]: accessory group [legwear:asoiaf_all_legwears] has an invalid accessory "female_legwear_asoiaf_dragonstone_legs"
[15:52:00][E][portraitaccessories.cpp:159]: accessory group [legwear:asoiaf_all_legwears] has an invalid accessory "female_legwear_asoiaf_north_legs"
[15:52:00][E][portraitaccessories.cpp:159]: accessory group [legwear:asoiaf_all_legwears] has an invalid accessory "female_legwear_asoiaf_stark_legs"
[15:52:00][E][portraitaccessories.cpp:159]: accessory group [legwear:asoiaf_all_legwears] has an invalid accessory "female_legwear_asoiaf_manderly_legs"
[15:52:00][E][portraitaccessories.cpp:159]: accessory group [legwear:asoiaf_all_legwears] has an invalid accessory "female_legwear_asoiaf_bolton_legs"
[15:52:00][E][portraitaccessories.cpp:159]: accessory group [legwear:asoiaf_all_legwears] has an invalid accessory "female_legwear_asoiaf_umber_legs"
[15:52:00][E][portraitaccessories.cpp:159]: accessory group [legwear:asoiaf_all_legwears] has an invalid accessory "female_legwear_asoiaf_umber_legs_coa"
[15:52:00][E][portraitaccessories.cpp:159]: accessory group [legwear:asoiaf_all_legwears] has an invalid accessory "female_legwear_asoiaf_lannister_legs_dynast"
[15:52:00][E][portraitaccessories.cpp:159]: accessory group [legwear:asoiaf_all_legwears] has an invalid accessory "female_legwear_asoiaf_lannister_legs_light"
[15:52:00][E][portraitaccessories.cpp:159]: accessory group [legwear:asoiaf_all_legwears] has an invalid accessory "female_legwear_asoiaf_hound_legs"
[15:52:00][E][portraitaccessories.cpp:159]: accessory group [legwear:asoiaf_all_legwears] has an invalid accessory "female_legwear_asoiaf_gold_cloak_legs"
[15:52:00][E][portraitaccessories.cpp:159]: accessory group [legwear:asoiaf_all_legwears] has an invalid accessory "female_legwear_asoiaf_dorne_sandals"
[15:52:00][E][portraitaccessories.cpp:159]: accessory group [legwear:asoiaf_all_legwears] has an invalid accessory "female_legwear_asoiaf_greyjoy_legs"
[15:52:00][E][portraitaccessories.cpp:159]: accessory group [legwear:asoiaf_all_legwears] has an invalid accessory "female_legwear_asoiaf_ironborn_legs_coa"
[15:52:00][E][portraitaccessories.cpp:159]: accessory group [legwear:asoiaf_all_legwears] has an invalid accessory "female_legwear_asoiaf_leather_boots_1"
[15:52:00][E][portraitaccessories.cpp:159]: accessory group [legwear:asoiaf_all_legwears] has an invalid accessory "female_legwear_asoiaf_shoes_1"
[15:52:00][E][portraitaccessories.cpp:159]: accessory group [legwear:asoiaf_all_legwears] has an invalid accessory "female_legwear_asoiaf_blacksmith_legs"
[15:52:00][E][portraitaccessories.cpp:159]: accessory group [legwear:asoiaf_all_legwears] has an invalid accessory "female_legwear_asoiaf_huntsman_legs"
[15:52:00][E][portraitaccessories.cpp:159]: accessory group [legwear:asoiaf_all_legwears] has an invalid accessory "female_legwear_asoiaf_executioner_legs"
[15:52:00][E][portraitaccessories.cpp:159]: accessory group [legwear:asoiaf_all_legwears] has an invalid accessory "male_legwear_asoiaf_kingsguard_legs_default"
[15:52:00][E][portraitaccessories.cpp:159]: accessory group [legwear:asoiaf_all_legwears] has an invalid accessory "male_legwear_asoiaf_kingsguard_legs_boots"
[15:52:00][E][portraitaccessories.cpp:159]: accessory group [legwear:asoiaf_all_legwears] has an invalid accessory "male_legwear_asoiaf_dragonstone_legs"
[15:52:00][E][portraitaccessories.cpp:159]: accessory group [legwear:asoiaf_all_legwears] has an invalid accessory "male_legwear_asoiaf_north_legs"
[15:52:00][E][portraitaccessories.cpp:159]: accessory group [legwear:asoiaf_all_legwears] has an invalid accessory "male_legwear_asoiaf_stark_legs"
[15:52:00][E][portraitaccessories.cpp:159]: accessory group [legwear:asoiaf_all_legwears] has an invalid accessory "male_legwear_asoiaf_manderly_legs"
[15:52:00][E][portraitaccessories.cpp:159]: accessory group [legwear:asoiaf_all_legwears] has an invalid accessory "male_legwear_asoiaf_bolton_legs"
[15:52:00][E][portraitaccessories.cpp:159]: accessory group [legwear:asoiaf_all_legwears] has an invalid accessory "male_legwear_asoiaf_umber_legs"
[15:52:00][E][portraitaccessories.cpp:159]: accessory group [legwear:asoiaf_all_legwears] has an invalid accessory "male_legwear_asoiaf_umber_legs_coa"
[15:52:00][E][portraitaccessories.cpp:159]: accessory group [legwear:asoiaf_all_legwears] has an invalid accessory "male_legwear_asoiaf_lannister_legs_dynast"
[15:52:00][E][portraitaccessories.cpp:159]: accessory group [legwear:asoiaf_all_legwears] has an invalid accessory "male_legwear_asoiaf_lannister_legs_light"
[15:52:00][E][portraitaccessories.cpp:159]: accessory group [legwear:asoiaf_all_legwears] has an invalid accessory "male_legwear_asoiaf_hound_legs"
[15:52:00][E][portraitaccessories.cpp:159]: accessory group [legwear:asoiaf_all_legwears] has an invalid accessory "male_legwear_asoiaf_gold_cloak_legs"
[15:52:00][E][portraitaccessories.cpp:159]: accessory group [legwear:asoiaf_all_legwears] has an invalid accessory "male_legwear_asoiaf_tyrell_legs"
[15:52:00][E][portraitaccessories.cpp:159]: accessory group [legwear:asoiaf_all_legwears] has an invalid accessory "male_legwear_asoiaf_beaked_shoes"
[15:52:00][E][portraitaccessories.cpp:159]: accessory group [legwear:asoiaf_all_legwears] has an invalid accessory "male_legwear_asoiaf_greyjoy_legs"
[15:52:00][E][portraitaccessories.cpp:159]: accessory group [legwear:asoiaf_all_legwears] has an invalid accessory "male_legwear_asoiaf_ironborn_legs_coa"
[15:52:00][E][portraitaccessories.cpp:159]: accessory group [legwear:asoiaf_all_legwears] has an invalid accessory "male_legwear_asoiaf_nights_watch_legs"
[15:52:00][E][portraitaccessories.cpp:159]: accessory group [legwear:asoiaf_all_legwears] has an invalid accessory "male_legwear_asoiaf_slippers_1"
[15:52:00][E][portraitaccessories.cpp:159]: accessory group [legwear:asoiaf_all_legwears] has an invalid accessory "male_legwear_asoiaf_leather_boots_1"
[15:52:00][E][portraitaccessories.cpp:159]: accessory group [legwear:asoiaf_all_legwears] has an invalid accessory "male_legwear_asoiaf_leather_boots_2"
[15:52:00][E][portraitaccessories.cpp:159]: accessory group [legwear:asoiaf_all_legwears] has an invalid accessory "male_legwear_asoiaf_leather_boots_3"
[15:52:00][E][portraitaccessories.cpp:159]: accessory group [legwear:asoiaf_all_legwears] has an invalid accessory "male_legwear_asoiaf_leather_boots_4"
[15:52:00][E][portraitaccessories.cpp:159]: accessory group [legwear:asoiaf_all_legwears] has an invalid accessory "male_legwear_asoiaf_leather_boots_5"
[15:52:00][E][portraitaccessories.cpp:159]: accessory group [legwear:asoiaf_all_legwears] has an invalid accessory "male_legwear_asoiaf_leather_boots_6"
[15:52:00][E][portraitaccessories.cpp:159]: accessory group [legwear:asoiaf_all_legwears] has an invalid accessory "male_legwear_asoiaf_leather_boots_7"
[15:52:00][E][portraitaccessories.cpp:159]: accessory group [legwear:asoiaf_all_legwears] has an invalid accessory "male_legwear_asoiaf_blacksmith_legs"
[15:52:00][E][portraitaccessories.cpp:159]: accessory group [legwear:asoiaf_all_legwears] has an invalid accessory "male_legwear_asoiaf_huntsman_legs"
[15:52:00][E][portraitaccessories.cpp:159]: accessory group [legwear:asoiaf_all_legwears] has an invalid accessory "male_legwear_asoiaf_executioner_legs"
[15:52:00][E][portraitaccessories.cpp:159]: accessory group [legwear:asoiaf_all_legwears] has an invalid accessory "female_legwear_asoiaf_dragonstone_legs"
[15:52:00][E][portraitaccessories.cpp:159]: accessory group [legwear:asoiaf_all_legwears] has an invalid accessory "female_legwear_asoiaf_north_legs"
[15:52:00][E][portraitaccessories.cpp:159]: accessory group [legwear:asoiaf_all_legwears] has an invalid accessory "female_legwear_asoiaf_stark_legs"
[15:52:00][E][portraitaccessories.cpp:159]: accessory group [legwear:asoiaf_all_legwears] has an invalid accessory "female_legwear_asoiaf_manderly_legs"
[15:52:00][E][portraitaccessories.cpp:159]: accessory group [legwear:asoiaf_all_legwears] has an invalid accessory "female_legwear_asoiaf_bolton_legs"
[15:52:00][E][portraitaccessories.cpp:159]: accessory group [legwear:asoiaf_all_legwears] has an invalid accessory "female_legwear_asoiaf_umber_legs"
[15:52:00][E][portraitaccessories.cpp:159]: accessory group [legwear:asoiaf_all_legwears] has an invalid accessory "female_legwear_asoiaf_umber_legs_coa"
[15:52:00][E][portraitaccessories.cpp:159]: accessory group [legwear:asoiaf_all_legwears] has an invalid accessory "female_legwear_asoiaf_lannister_legs_dynast"
[15:52:00][E][portraitaccessories.cpp:159]: accessory group [legwear:asoiaf_all_legwears] has an invalid accessory "female_legwear_asoiaf_lannister_legs_light"
[15:52:00][E][portraitaccessories.cpp:159]: accessory group [legwear:asoiaf_all_legwears] has an invalid accessory "female_legwear_asoiaf_hound_legs"
[15:52:00][E][portraitaccessories.cpp:159]: accessory group [legwear:asoiaf_all_legwears] has an invalid accessory "female_legwear_asoiaf_gold_cloak_legs"
[15:52:00][E][portraitaccessories.cpp:159]: accessory group [legwear:asoiaf_all_legwears] has an invalid accessory "female_legwear_asoiaf_dorne_sandals"
[15:52:00][E][portraitaccessories.cpp:159]: accessory group [legwear:asoiaf_all_legwears] has an invalid accessory "female_legwear_asoiaf_greyjoy_legs"
[15:52:00][E][portraitaccessories.cpp:159]: accessory group [legwear:asoiaf_all_legwears] has an invalid accessory "female_legwear_asoiaf_ironborn_legs_coa"
[15:52:00][E][portraitaccessories.cpp:159]: accessory group [legwear:asoiaf_all_legwears] has an invalid accessory "female_legwear_asoiaf_leather_boots_1"
[15:52:00][E][portraitaccessories.cpp:159]: accessory group [legwear:asoiaf_all_legwears] has an invalid accessory "female_legwear_asoiaf_shoes_1"
[15:52:00][E][portraitaccessories.cpp:159]: accessory group [legwear:asoiaf_all_legwears] has an invalid accessory "female_legwear_asoiaf_blacksmith_legs"
[15:52:00][E][portraitaccessories.cpp:159]: accessory group [legwear:asoiaf_all_legwears] has an invalid accessory "female_legwear_asoiaf_huntsman_legs"
[15:52:00][E][portraitaccessories.cpp:159]: accessory group [legwear:asoiaf_all_legwears] has an invalid accessory "female_legwear_asoiaf_executioner_legs"
[15:52:00][E][portraitaccessories.cpp:159]: accessory group [legwear:tgc_pants_blackfyre] has an invalid accessory "male_legwear_captainsPants_blackfyreAlt_01"
[15:52:00][E][portraitaccessories.cpp:159]: accessory group [legwear:tgc_pants_blackfyre] has an invalid accessory "male_legwear_standardPants_blackfyreAlt_01"
[15:52:00][E][portraitaccessories.cpp:159]: accessory group [legwear:tgc_pants_blackfyre] has an invalid accessory "male_legwear_twoSwordsPants_blackfyreAlt_01"
[15:52:00][E][portraitaccessories.cpp:159]: accessory group [legwear:tgc_pants_blackfyre] has an invalid accessory "male_legwear_captainsPants_blackfyreAlt_01"
[15:52:00][E][portraitaccessories.cpp:159]: accessory group [legwear:tgc_pants_blackfyre] has an invalid accessory "male_legwear_standardPants_blackfyreAlt_01"
[15:52:00][E][portraitaccessories.cpp:159]: accessory group [legwear:tgc_pants_blackfyre] has an invalid accessory "male_legwear_twoSwordsPants_blackfyreAlt_01"
[15:52:00][E][portraitaccessories.cpp:159]: accessory group [special_accessories_jewelry:asoiaf_unique_jewellery] has an invalid accessory "male_jewellery_asoiaf_maester_chain_1"
[15:52:00][E][portraitaccessories.cpp:159]: accessory group [special_accessories_jewelry:asoiaf_unique_jewellery] has an invalid accessory "male_jewellery_asoiaf_maester_chain_2"
[15:52:00][E][portraitaccessories.cpp:159]: accessory group [special_accessories_jewelry:asoiaf_unique_jewellery] has an invalid accessory "male_jewellery_asoiaf_maester_chain_3"
[15:52:00][E][portraitaccessories.cpp:159]: accessory group [special_accessories_jewelry:asoiaf_unique_jewellery] has an invalid accessory "male_jewellery_asoiaf_maester_chain_4"
[15:52:00][E][portraitaccessories.cpp:159]: accessory group [special_accessories_jewelry:asoiaf_unique_jewellery] has an invalid accessory "male_jewellery_asoiaf_maester_chain_5"
[15:52:00][E][portraitaccessories.cpp:159]: accessory group [special_accessories_jewelry:asoiaf_unique_jewellery] has an invalid accessory "female_jewellery_asoiaf_lion_necklace_gold"
[15:52:00][E][portraitaccessories.cpp:159]: accessory group [special_accessories_jewelry:asoiaf_unique_jewellery] has an invalid accessory "female_jewellery_asoiaf_lion_necklace_silver"
[15:52:00][E][portraitaccessories.cpp:159]: accessory group [special_accessories_jewelry:asoiaf_unique_jewellery] has an invalid accessory "male_jewellery_asoiaf_maester_chain_1"
[15:52:00][E][portraitaccessories.cpp:159]: accessory group [special_accessories_jewelry:asoiaf_unique_jewellery] has an invalid accessory "male_jewellery_asoiaf_maester_chain_2"
[15:52:00][E][portraitaccessories.cpp:159]: accessory group [special_accessories_jewelry:asoiaf_unique_jewellery] has an invalid accessory "male_jewellery_asoiaf_maester_chain_3"
[15:52:00][E][portraitaccessories.cpp:159]: accessory group [special_accessories_jewelry:asoiaf_unique_jewellery] has an invalid accessory "male_jewellery_asoiaf_maester_chain_4"
[15:52:00][E][portraitaccessories.cpp:159]: accessory group [special_accessories_jewelry:asoiaf_unique_jewellery] has an invalid accessory "male_jewellery_asoiaf_maester_chain_5"
[15:52:00][E][portraitaccessories.cpp:159]: accessory group [special_accessories_jewelry:asoiaf_unique_jewellery] has an invalid accessory "female_jewellery_asoiaf_lion_necklace_gold"
[15:52:00][E][portraitaccessories.cpp:159]: accessory group [special_accessories_jewelry:asoiaf_unique_jewellery] has an invalid accessory "female_jewellery_asoiaf_lion_necklace_silver"
[15:52:00][E][portraitaccessories.cpp:159]: accessory group [special_accessories_jewelry:asoiaf_generic_jewellery] has an invalid accessory "male_jewellery_asoiaf_shark_tooth_necklace"
[15:52:00][E][portraitaccessories.cpp:159]: accessory group [special_accessories_jewelry:asoiaf_generic_jewellery] has an invalid accessory "female_jewellery_asoiaf_shark_tooth_necklace"
[15:52:00][E][portraitaccessories.cpp:159]: accessory group [special_accessories_jewelry:asoiaf_generic_jewellery] has an invalid accessory "female_jewellery_asoiaf_emerald_necklace"
[15:52:00][E][portraitaccessories.cpp:159]: accessory group [special_accessories_jewelry:asoiaf_generic_jewellery] has an invalid accessory "male_jewellery_asoiaf_shark_tooth_necklace"
[15:52:00][E][portraitaccessories.cpp:159]: accessory group [special_accessories_jewelry:asoiaf_generic_jewellery] has an invalid accessory "female_jewellery_asoiaf_shark_tooth_necklace"
[15:52:00][E][portraitaccessories.cpp:159]: accessory group [special_accessories_jewelry:asoiaf_generic_jewellery] has an invalid accessory "female_jewellery_asoiaf_emerald_necklace"
[15:52:00][E][portraitaccessories.cpp:159]: accessory group [special_accessories_jewelry:asoiaf_fots_religious_jewellery] has an invalid accessory "male_jewellery_asoiaf_septon_necklace_1"
[15:52:00][E][portraitaccessories.cpp:159]: accessory group [special_accessories_jewelry:asoiaf_fots_religious_jewellery] has an invalid accessory "male_jewellery_asoiaf_septon_necklace_1"
[15:52:00][E][pdx_persistent_reader.cpp:216]: Error: "Failed to read key reference: : , near line: 3
Failed to read key reference: : , near line: 3
Failed to read key reference: : , near line: 3
Failed to read key reference: : , near line: 3
Failed to read key reference: : , near line: 3
Failed to read key reference: : , near line: 3
Failed to read key reference: : , near line: 3
Failed to read key reference: : , near line: 3
Failed to read key reference: : , near line: 3
Failed to read key reference: : , near line: 3
Failed to read key reference: : , near line: 3
Failed to read key reference: : , near line: 3
Failed to read key reference: : , near line: 3
Failed to read key reference: : , near line: 3
Failed to read key reference: : , near line: 3
Failed to read key reference: : , near line: 3
Failed to read key reference: : , near line: 3
Failed to read key reference: : , near line: 3
Failed to read key reference: : , near line: 3
Failed to read key reference: : , near line: 3
Failed to read key reference: : , near line: 3
Failed to read key reference: : , near line: 3
Failed to read key reference: : , near line: 3
Failed to read key reference: : , near line: 3
Failed to read key reference: : , near line: 3
Failed to read key reference: : , near line: 3
Failed to read key reference: : , near line: 3
Failed to read key reference: : , near line: 3
Failed to read key reference: : , near line: 3
Failed to read key reference: : , near line: 3
Failed to read key reference: : , near line: 3
Failed to read key reference: : , near line: 3
Failed to read key reference: : , near line: 3
Failed to read key reference: : , near line: 3
Failed to read key reference: : , near line: 3
Failed to read key reference: : , near line: 3
Failed to read key reference: : , near line: 3
Failed to read key reference: : , near line: 3
Failed to read key reference: : , near line: 3
Failed to read key reference: : , near line: 3
Failed to read key reference: : , near line: 3
Failed to read key reference: : , near line: 3
Failed to read key reference: : , near line: 3
Failed to read key reference: : , near line: 3
Failed to read key reference: : , near line: 3
Failed to read key reference: : , near line: 3
Failed to read key reference: : , near line: 3
Failed to read key reference: : , near line: 3
Failed to read key reference: : , near line: 3
Failed to read key reference: : , near line: 3
Failed to read key reference: : , near line: 3
Failed to read key reference: : , near line: 3
Failed to read key reference: : , near line: 3
Failed to read key reference: : , near line: 3
Failed to read key reference: : , near line: 3
Failed to read key reference: show_dynamic_crowns_enabled: show_dynamic_crowns_enabled, near line: 3
Failed to read key reference: hide_crowns_without_coronation_enabled: hide_crowns_without_coronation_enabled, near line: 3
Failed to read key reference: limited_hybrd_crowns_enabled: limited_hybrd_crowns_enabled, near line: 3
Failed to read key reference: asoiaf_westeros_culture_fix_rule_on: asoiaf_westeros_culture_fix_rule_on, near line: 3
Failed to read key reference: asoiaf_westeros_heresy_fix_rule_on: asoiaf_westeros_heresy_fix_rule_on, near line: 3
Failed to read key reference: asoiaf_sexuality_fix_rule_on: asoiaf_sexuality_fix_rule_on, near line: 3
Failed to read key reference: asoiaf_fertility_health_boost_rule_off: asoiaf_fertility_health_boost_rule_off, near line: 3
Failed to read key reference: asoiaf_got_names_rule_off: asoiaf_got_names_rule_off, near line: 3
Failed to read key reference: asoiaf_got_traits_rule_on: asoiaf_got_traits_rule_on, near line: 3
Failed to read key reference: asoiaf_alternative_ages_rule_on: asoiaf_alternative_ages_rule_on, near line: 3
Failed to read key reference: asoiaf_hbo_velaryons_rule_off: asoiaf_hbo_velaryons_rule_off, near line: 3
Failed to read key reference: asoiaf_alternative_dayne_sigil_rule_off: asoiaf_alternative_dayne_sigil_rule_off, near line: 3
Failed to read key reference: asoiaf_new_dnas_valyrian_rule_on: asoiaf_new_dnas_valyrian_rule_on, near line: 3
Failed to read key reference: asoiaf_new_dnas_north_rule_on: asoiaf_new_dnas_north_rule_on, near line: 3
Failed to read key reference: asoiaf_new_dnas_crownlands_rule_on: asoiaf_new_dnas_crownlands_rule_on, near line: 3
Failed to read key reference: asoiaf_new_dnas_vale_rule_on: asoiaf_new_dnas_vale_rule_on, near line: 3
Failed to read key reference: asoiaf_new_dnas_riverlands_rule_on: asoiaf_new_dnas_riverlands_rule_on, near line: 3
Failed to read key reference: asoiaf_new_dnas_westerlands_rule_on: asoiaf_new_dnas_westerlands_rule_on, near line: 3
Failed to read key reference: asoiaf_new_dnas_reach_rule_on: asoiaf_new_dnas_reach_rule_on, near line: 3
Failed to read key reference: asoiaf_new_dnas_stormlands_rule_on: asoiaf_new_dnas_stormlands_rule_on, near line: 3
Failed to read key reference: asoiaf_new_dnas_dorne_rule_on: asoiaf_new_dnas_dorne_rule_on, near line: 3
Failed to read key reference: asoiaf_new_dnas_iron_isles_rule_on: asoiaf_new_dnas_iron_isles_rule_on, near line: 3
Failed to read key reference: asoiaf_new_dnas_beyond_the_wall_rule_on: asoiaf_new_dnas_beyond_the_wall_rule_on, near line: 3
Failed to read key reference: asoiaf_new_dnas_essos_rule_on: asoiaf_new_dnas_essos_rule_on, near line: 3
Failed to read key reference: asoiaf_new_clothes_valyrian_rule_on: asoiaf_new_clothes_valyrian_rule_on, near line: 3
Failed to read key reference: asoiaf_new_clothes_north_rule_on: asoiaf_new_clothes_north_rule_on, near line: 3
Failed to read key reference: asoiaf_new_clothes_crownlands_rule_on: asoiaf_new_clothes_crownlands_rule_on, near line: 3
Failed to read key reference: asoiaf_new_clothes_vale_rule_on: asoiaf_new_clothes_vale_rule_on, near line: 3
Failed to read key reference: asoiaf_new_clothes_riverlands_rule_on: asoiaf_new_clothes_riverlands_rule_on, near line: 3
Failed to read key reference: asoiaf_new_clothes_westerlands_rule_on: asoiaf_new_clothes_westerlands_rule_on, near line: 3
Failed to read key reference: asoiaf_new_clothes_reach_rule_on: asoiaf_new_clothes_reach_rule_on, near line: 3
Failed to read key reference: asoiaf_new_clothes_stormlands_rule_on: asoiaf_new_clothes_stormlands_rule_on, near line: 3
Failed to read key reference: asoiaf_new_clothes_dorne_rule_on: asoiaf_new_clothes_dorne_rule_on, near line: 3
Failed to read key reference: asoiaf_new_clothes_iron_isles_rule_on: asoiaf_new_clothes_iron_isles_rule_on, near line: 3
Failed to read key reference: asoiaf_new_clothes_essos_rule_on: asoiaf_new_clothes_essos_rule_on, near line: 3
Failed to read key reference: asoiaf_canon_children_rule_on: asoiaf_canon_children_rule_on, near line: 3
Failed to read key reference: asoiaf_canon_children_pregnancy_negation_rule_off: asoiaf_canon_children_pregnancy_negation_rule_off, near line: 3
Failed to read key reference: asoiaf_canon_children_dragon_bonding_rule_off: asoiaf_canon_children_dragon_bonding_rule_off, near line: 3
Failed to read key reference: asoiaf_assisted_ruler_capture_off: asoiaf_assisted_ruler_capture_off, near line: 3
Failed to read key reference: asoiaf_spousal_claims_off: asoiaf_spousal_claims_off, near line: 3
Failed to read key reference: asoiaf_lord_paramount_contract_fix_on: asoiaf_lord_paramount_contract_fix_on, near line: 3" in file: "" near line: 3
[15:52:00][E][pdx_persistent_reader.cpp:216]: Error: "Failed to read key reference: show_dynamic_crowns_enabled: show_dynamic_crowns_enabled, near line: 8
Failed to read key reference: hide_crowns_without_coronation_enabled: hide_crowns_without_coronation_enabled, near line: 8
Failed to read key reference: limited_hybrd_crowns_enabled: limited_hybrd_crowns_enabled, near line: 8
Failed to read key reference: asoiaf_westeros_culture_fix_rule_off: asoiaf_westeros_culture_fix_rule_off, near line: 8
Failed to read key reference: asoiaf_westeros_heresy_fix_rule_off: asoiaf_westeros_heresy_fix_rule_off, near line: 8
Failed to read key reference: asoiaf_sexuality_fix_rule_off: asoiaf_sexuality_fix_rule_off, near line: 8
Failed to read key reference: asoiaf_fertility_health_boost_rule_off: asoiaf_fertility_health_boost_rule_off, near line: 8
Failed to read key reference: asoiaf_got_names_rule_off: asoiaf_got_names_rule_off, near line: 8
Failed to read key reference: asoiaf_got_traits_rule_off: asoiaf_got_traits_rule_off, near line: 8
Failed to read key reference: asoiaf_alternative_ages_rule_off: asoiaf_alternative_ages_rule_off, near line: 8
Failed to read key reference: asoiaf_hbo_velaryons_rule_off: asoiaf_hbo_velaryons_rule_off, near line: 8
Failed to read key reference: asoiaf_alternative_dayne_sigil_rule_off: asoiaf_alternative_dayne_sigil_rule_off, near line: 8
Failed to read key reference: asoiaf_new_dnas_valyrian_rule_on: asoiaf_new_dnas_valyrian_rule_on, near line: 8
Failed to read key reference: asoiaf_new_dnas_north_rule_on: asoiaf_new_dnas_north_rule_on, near line: 8
Failed to read key reference: asoiaf_new_dnas_crownlands_rule_on: asoiaf_new_dnas_crownlands_rule_on, near line: 8
Failed to read key reference: asoiaf_new_dnas_vale_rule_on: asoiaf_new_dnas_vale_rule_on, near line: 8
Failed to read key reference: asoiaf_new_dnas_riverlands_rule_on: asoiaf_new_dnas_riverlands_rule_on, near line: 8
Failed to read key reference: asoiaf_new_dnas_westerlands_rule_on: asoiaf_new_dnas_westerlands_rule_on, near line: 8
Failed to read key reference: asoiaf_new_dnas_reach_rule_on: asoiaf_new_dnas_reach_rule_on, near line: 8
Failed to read key reference: asoiaf_new_dnas_stormlands_rule_on: asoiaf_new_dnas_stormlands_rule_on, near line: 8
Failed to read key reference: asoiaf_new_dnas_dorne_rule_on: asoiaf_new_dnas_dorne_rule_on, near line: 8
Failed to read key reference: asoiaf_new_dnas_iron_isles_rule_on: asoiaf_new_dnas_iron_isles_rule_on, near line: 8
Failed to read key reference: asoiaf_new_dnas_beyond_the_wall_rule_on: asoiaf_new_dnas_beyond_the_wall_rule_on, near line: 8
Failed to read key reference: asoiaf_new_dnas_essos_rule_on: asoiaf_new_dnas_essos_rule_on, near line: 8
Failed to read key reference: asoiaf_new_clothes_valyrian_rule_on: asoiaf_new_clothes_valyrian_rule_on, near line: 8
Failed to read key reference: asoiaf_new_clothes_north_rule_on: asoiaf_new_clothes_north_rule_on, near line: 8
Failed to read key reference: asoiaf_new_clothes_crownlands_rule_on: asoiaf_new_clothes_crownlands_rule_on, near line: 8
Failed to read key reference: asoiaf_new_clothes_vale_rule_on: asoiaf_new_clothes_vale_rule_on, near line: 8
Failed to read key reference: asoiaf_new_clothes_riverlands_rule_on: asoiaf_new_clothes_riverlands_rule_on, near line: 8
Failed to read key reference: asoiaf_new_clothes_westerlands_rule_on: asoiaf_new_clothes_westerlands_rule_on, near line: 8
Failed to read key reference: asoiaf_new_clothes_reach_rule_on: asoiaf_new_clothes_reach_rule_on, near line: 8
Failed to read key reference: asoiaf_new_clothes_stormlands_rule_on: asoiaf_new_clothes_stormlands_rule_on, near line: 8
Failed to read key reference: asoiaf_new_clothes_dorne_rule_on: asoiaf_new_clothes_dorne_rule_on, near line: 8
Failed to read key reference: asoiaf_new_clothes_iron_isles_rule_on: asoiaf_new_clothes_iron_isles_rule_on, near line: 8
Failed to read key reference: asoiaf_new_clothes_essos_rule_on: asoiaf_new_clothes_essos_rule_on, near line: 8
Failed to read key reference: asoiaf_canon_children_rule_off: asoiaf_canon_children_rule_off, near line: 8
Failed to read key reference: asoiaf_canon_children_pregnancy_negation_rule_off: asoiaf_canon_children_pregnancy_negation_rule_off, near line: 8
Failed to read key reference: asoiaf_canon_children_dragon_bonding_rule_off: asoiaf_canon_children_dragon_bonding_rule_off, near line: 8
Failed to read key reference: asoiaf_assisted_ruler_capture_off: asoiaf_assisted_ruler_capture_off, near line: 8
Failed to read key reference: asoiaf_spousal_claims_off: asoiaf_spousal_claims_off, near line: 8
Failed to read key reference: asoiaf_lord_paramount_contract_fix_on: asoiaf_lord_paramount_contract_fix_on, near line: 8" in file: "" near line: 8
[15:52:00][E][pdx_persistent_reader.cpp:216]: Error: "Failed to read key reference: show_dynamic_crowns_enabled: show_dynamic_crowns_enabled, near line: 13
Failed to read key reference: hide_crowns_without_coronation_enabled: hide_crowns_without_coronation_enabled, near line: 13
Failed to read key reference: limited_hybrd_crowns_enabled: limited_hybrd_crowns_enabled, near line: 13
Failed to read key reference: asoiaf_westeros_culture_fix_rule_off: asoiaf_westeros_culture_fix_rule_off, near line: 13
Failed to read key reference: asoiaf_westeros_heresy_fix_rule_off: asoiaf_westeros_heresy_fix_rule_off, near line: 13
Failed to read key reference: asoiaf_sexuality_fix_rule_off: asoiaf_sexuality_fix_rule_off, near line: 13
Failed to read key reference: asoiaf_fertility_health_boost_rule_off: asoiaf_fertility_health_boost_rule_off, near line: 13
Failed to read key reference: asoiaf_got_names_rule_off: asoiaf_got_names_rule_off, near line: 13
Failed to read key reference: asoiaf_got_traits_rule_off: asoiaf_got_traits_rule_off, near line: 13
Failed to read key reference: asoiaf_alternative_ages_rule_off: asoiaf_alternative_ages_rule_off, near line: 13
Failed to read key reference: asoiaf_hbo_velaryons_rule_off: asoiaf_hbo_velaryons_rule_off, near line: 13
Failed to read key reference: asoiaf_alternative_dayne_sigil_rule_off: asoiaf_alternative_dayne_sigil_rule_off, near line: 13
Failed to read key reference: asoiaf_new_dnas_valyrian_rule_on: asoiaf_new_dnas_valyrian_rule_on, near line: 13
Failed to read key reference: asoiaf_new_dnas_north_rule_on: asoiaf_new_dnas_north_rule_on, near line: 13
Failed to read key reference: asoiaf_new_dnas_crownlands_rule_on: asoiaf_new_dnas_crownlands_rule_on, near line: 13
Failed to read key reference: asoiaf_new_dnas_vale_rule_on: asoiaf_new_dnas_vale_rule_on, near line: 13
Failed to read key reference: asoiaf_new_dnas_riverlands_rule_on: asoiaf_new_dnas_riverlands_rule_on, near line: 13
Failed to read key reference: asoiaf_new_dnas_westerlands_rule_on: asoiaf_new_dnas_westerlands_rule_on, near line: 13
Failed to read key reference: asoiaf_new_dnas_reach_rule_on: asoiaf_new_dnas_reach_rule_on, near line: 13
Failed to read key reference: asoiaf_new_dnas_stormlands_rule_on: asoiaf_new_dnas_stormlands_rule_on, near line: 13
Failed to read key reference: asoiaf_new_dnas_dorne_rule_on: asoiaf_new_dnas_dorne_rule_on, near line: 13
Failed to read key reference: asoiaf_new_dnas_iron_isles_rule_on: asoiaf_new_dnas_iron_isles_rule_on, near line: 13
Failed to read key reference: asoiaf_new_dnas_beyond_the_wall_rule_on: asoiaf_new_dnas_beyond_the_wall_rule_on, near line: 13
Failed to read key reference: asoiaf_new_dnas_essos_rule_on: asoiaf_new_dnas_essos_rule_on, near line: 13
Failed to read key reference: asoiaf_new_clothes_valyrian_rule_on: asoiaf_new_clothes_valyrian_rule_on, near line: 13
Failed to read key reference: asoiaf_new_clothes_north_rule_on: asoiaf_new_clothes_north_rule_on, near line: 13
Failed to read key reference: asoiaf_new_clothes_crownlands_rule_on: asoiaf_new_clothes_crownlands_rule_on, near line: 13
Failed to read key reference: asoiaf_new_clothes_vale_rule_on: asoiaf_new_clothes_vale_rule_on, near line: 13
Failed to read key reference: asoiaf_new_clothes_riverlands_rule_on: asoiaf_new_clothes_riverlands_rule_on, near line: 13
Failed to read key reference: asoiaf_new_clothes_westerlands_rule_on: asoiaf_new_clothes_westerlands_rule_on, near line: 13
Failed to read key reference: asoiaf_new_clothes_reach_rule_on: asoiaf_new_clothes_reach_rule_on, near line: 13
Failed to read key reference: asoiaf_new_clothes_stormlands_rule_on: asoiaf_new_clothes_stormlands_rule_on, near line: 13
Failed to read key reference: asoiaf_new_clothes_dorne_rule_on: asoiaf_new_clothes_dorne_rule_on, near line: 13
Failed to read key reference: asoiaf_new_clothes_iron_isles_rule_on: asoiaf_new_clothes_iron_isles_rule_on, near line: 13
Failed to read key reference: asoiaf_new_clothes_essos_rule_on: asoiaf_new_clothes_essos_rule_on, near line: 13
Failed to read key reference: asoiaf_canon_children_rule_off: asoiaf_canon_children_rule_off, near line: 13
Failed to read key reference: asoiaf_canon_children_pregnancy_negation_rule_off: asoiaf_canon_children_pregnancy_negation_rule_off, near line: 13
Failed to read key reference: asoiaf_canon_children_dragon_bonding_rule_off: asoiaf_canon_children_dragon_bonding_rule_off, near line: 13
Failed to read key reference: asoiaf_assisted_ruler_capture_off: asoiaf_assisted_ruler_capture_off, near line: 13
Failed to read key reference: asoiaf_spousal_claims_off: asoiaf_spousal_claims_off, near line: 13
Failed to read key reference: asoiaf_lord_paramount_contract_fix_on: asoiaf_lord_paramount_contract_fix_on, near line: 13" in file: "" near line: 13
[15:52:01][E][title_links.cpp:214]: Failed to fetch a valid landed title 'e_hre' at location 'file: common/scripted_guis/DI_char_editor_present_sgui.txt line: 1589 (DI_ce_female_dominated:effect)'
[15:52:01][E][title_links.cpp:214]: Failed to fetch a valid landed title 'e_hre' at location 'file: common/character_interactions/DI_character_interaction.txt line: 4622 (DI_change_succession:on_accept)'
[15:52:01][E][title_links.cpp:214]: Failed to fetch a valid landed title 'e_hre' at location 'file: common/character_interactions/DI_character_interaction.txt line: 4624 (DI_change_succession:on_accept)'
[15:52:01][E][title_links.cpp:214]: Failed to fetch a valid landed title 'e_hre' at location 'file: common/character_interactions/DI_character_interaction.txt line: 4637 (DI_change_succession:on_accept)'
[15:52:01][E][title_links.cpp:214]: Failed to fetch a valid landed title 'e_hre' at location 'file: common/character_interactions/DI_character_interaction.txt line: 4639 (DI_change_succession:on_accept)'
[15:52:01][E][jomini_eventtarget.h:291]: Failed to find 'varangian' from database for link 'trait' at file: common/scripted_effects/DI_char_spawner_effects.txt line: 1232 (DI_akolouthos_traits_effect)
[15:52:01][E][jomini_script_system.cpp:303]: Script system error!
  Error: add_innovation effect [ target: Not found in database class CCultureInnovationTypeDatabase ]
  Script location: file: common/character_interactions/DI_character_interaction.txt line: 4616 (DI_change_succession:on_accept)

[15:52:01][E][jomini_effect.cpp:139]: PostValidate of effect 'add_innovation' returned false at file: common/character_interactions/DI_character_interaction.txt line: 4616 (DI_change_succession:on_accept)
[15:52:01][E][jomini_script_system.cpp:303]: Script system error!
  Error: add_innovation effect [ target: Not found in database class CCultureInnovationTypeDatabase ]
  Script location: file: common/character_interactions/DI_character_interaction.txt line: 4631 (DI_change_succession:on_accept)

[15:52:01][E][jomini_effect.cpp:139]: PostValidate of effect 'add_innovation' returned false at file: common/character_interactions/DI_character_interaction.txt line: 4631 (DI_change_succession:on_accept)
[15:52:01][E][jomini_script_system.cpp:303]: Script system error!
  Error: has_game_rule trigger [ Invalid database object 'show_armor_enabled' ]
  Script location: file: gfx/portraits/portrait_modifiers/01_cloaks_base.txt line: 1333 (cloaks:weight)

[15:52:01][E][jomini_trigger.cpp:243]: PostValidate of trigger 'has_game_rule' returned false at file: gfx/portraits/portrait_modifiers/01_cloaks_base.txt line: 1333 (cloaks:weight)
[15:52:01][E][jomini_script_system.cpp:303]: Script system error!
  Error: has_game_rule trigger [ Invalid database object 'show_armor_enabled' ]
  Script location: file: gfx/portraits/portrait_modifiers/01_cloaks_base.txt line: 1338 (cloaks:weight)

[15:52:01][E][jomini_trigger.cpp:243]: PostValidate of trigger 'has_game_rule' returned false at file: gfx/portraits/portrait_modifiers/01_cloaks_base.txt line: 1338 (cloaks:weight)
[15:52:01][E][jomini_script_system.cpp:303]: Script system error!
  Error: has_game_rule trigger [ Invalid database object 'show_armor_enabled' ]
  Script location: file: gfx/portraits/portrait_modifiers/01_cloaks_base.txt line: 1642 (cloaks:weight)

[15:52:01][E][jomini_trigger.cpp:243]: PostValidate of trigger 'has_game_rule' returned false at file: gfx/portraits/portrait_modifiers/01_cloaks_base.txt line: 1642 (cloaks:weight)
[15:52:01][E][jomini_script_system.cpp:303]: Script system error!
  Error: has_game_rule trigger [ Invalid database object 'show_armor_enabled' ]
  Script location: file: gfx/portraits/portrait_modifiers/01_cloaks_base.txt line: 1684 (cloaks:weight)

[15:52:01][E][jomini_trigger.cpp:243]: PostValidate of trigger 'has_game_rule' returned false at file: gfx/portraits/portrait_modifiers/01_cloaks_base.txt line: 1684 (cloaks:weight)
[15:52:01][E][jomini_script_system.cpp:303]: Script system error!
  Error: has_game_rule trigger [ Invalid database object 'asoiaf_new_clothes_reach_rule_on' ]
  Script location: file: gfx/portraits/portrait_modifiers/01_clothes_base.txt line: 5061 (clothes_base:weight)

[15:52:01][E][jomini_trigger.cpp:243]: PostValidate of trigger 'has_game_rule' returned false at file: gfx/portraits/portrait_modifiers/01_clothes_base.txt line: 5061 (clothes_base:weight)
[15:52:01][E][jomini_script_system.cpp:303]: Script system error!
  Error: has_game_rule trigger [ Invalid database object 'asoiaf_new_clothes_reach_rule_on' ]
  Script location: file: gfx/portraits/portrait_modifiers/01_clothes_base.txt line: 5116 (clothes_base:weight)

[15:52:01][E][jomini_trigger.cpp:243]: PostValidate of trigger 'has_game_rule' returned false at file: gfx/portraits/portrait_modifiers/01_clothes_base.txt line: 5116 (clothes_base:weight)
[15:52:01][E][jomini_script_system.cpp:303]: Script system error!
  Error: has_game_rule trigger [ Invalid database object 'asoiaf_new_clothes_reach_rule_on' ]
  Script location: file: gfx/portraits/portrait_modifiers/01_clothes_base.txt line: 5165 (clothes_base:weight)

[15:52:01][E][jomini_trigger.cpp:243]: PostValidate of trigger 'has_game_rule' returned false at file: gfx/portraits/portrait_modifiers/01_clothes_base.txt line: 5165 (clothes_base:weight)
[15:52:01][E][jomini_script_system.cpp:303]: Script system error!
  Error: has_game_rule trigger [ Invalid database object 'asoiaf_new_clothes_reach_rule_on' ]
  Script location: file: gfx/portraits/portrait_modifiers/01_clothes_base.txt line: 5220 (clothes_base:weight)

[15:52:01][E][jomini_trigger.cpp:243]: PostValidate of trigger 'has_game_rule' returned false at file: gfx/portraits/portrait_modifiers/01_clothes_base.txt line: 5220 (clothes_base:weight)
[15:52:01][E][jomini_script_system.cpp:303]: Script system error!
  Error: has_game_rule trigger [ Invalid database object 'asoiaf_new_clothes_crownlands_rule_on' ]
  Script location: file: gfx/portraits/portrait_modifiers/01_clothes_base.txt line: 5277 (clothes_base:weight)

[15:52:01][E][jomini_trigger.cpp:243]: PostValidate of trigger 'has_game_rule' returned false at file: gfx/portraits/portrait_modifiers/01_clothes_base.txt line: 5277 (clothes_base:weight)
[15:52:01][E][jomini_script_system.cpp:303]: Script system error!
  Error: has_game_rule trigger [ Invalid database object 'asoiaf_new_clothes_crownlands_rule_on' ]
  Script location: file: gfx/portraits/portrait_modifiers/01_clothes_base.txt line: 5326 (clothes_base:weight)

[15:52:01][E][jomini_trigger.cpp:243]: PostValidate of trigger 'has_game_rule' returned false at file: gfx/portraits/portrait_modifiers/01_clothes_base.txt line: 5326 (clothes_base:weight)
[15:52:01][E][jomini_script_system.cpp:303]: Script system error!
  Error: has_game_rule trigger [ Invalid database object 'asoiaf_new_clothes_crownlands_rule_on' ]
  Script location: file: gfx/portraits/portrait_modifiers/01_clothes_base.txt line: 5381 (clothes_base:weight)

[15:52:01][E][jomini_trigger.cpp:243]: PostValidate of trigger 'has_game_rule' returned false at file: gfx/portraits/portrait_modifiers/01_clothes_base.txt line: 5381 (clothes_base:weight)
[15:52:01][E][jomini_script_system.cpp:303]: Script system error!
  Error: has_game_rule trigger [ Invalid database object 'asoiaf_new_clothes_crownlands_rule_on' ]
  Script location: file: gfx/portraits/portrait_modifiers/01_clothes_base.txt line: 5424 (clothes_base:weight)

[15:52:01][E][jomini_trigger.cpp:243]: PostValidate of trigger 'has_game_rule' returned false at file: gfx/portraits/portrait_modifiers/01_clothes_base.txt line: 5424 (clothes_base:weight)
[15:52:01][E][jomini_script_system.cpp:303]: Script system error!
  Error: has_game_rule trigger [ Invalid database object 'asoiaf_new_clothes_crownlands_rule_on' ]
  Script location: file: gfx/portraits/portrait_modifiers/01_clothes_base.txt line: 5473 (clothes_base:weight)

[15:52:01][E][jomini_trigger.cpp:243]: PostValidate of trigger 'has_game_rule' returned false at file: gfx/portraits/portrait_modifiers/01_clothes_base.txt line: 5473 (clothes_base:weight)
[15:52:01][E][jomini_script_system.cpp:303]: Script system error!
  Error: has_game_rule trigger [ Invalid database object 'asoiaf_new_clothes_crownlands_rule_on' ]
  Script location: file: gfx/portraits/portrait_modifiers/01_clothes_base.txt line: 5522 (clothes_base:weight)

[15:52:01][E][jomini_trigger.cpp:243]: PostValidate of trigger 'has_game_rule' returned false at file: gfx/portraits/portrait_modifiers/01_clothes_base.txt line: 5522 (clothes_base:weight)
[15:52:01][E][jomini_script_system.cpp:303]: Script system error!
  Error: has_game_rule trigger [ Invalid database object 'asoiaf_new_clothes_crownlands_rule_on' ]
  Script location: file: gfx/portraits/portrait_modifiers/01_clothes_base.txt line: 5577 (clothes_base:weight)

[15:52:01][E][jomini_trigger.cpp:243]: PostValidate of trigger 'has_game_rule' returned false at file: gfx/portraits/portrait_modifiers/01_clothes_base.txt line: 5577 (clothes_base:weight)
[15:52:01][E][jomini_script_system.cpp:303]: Script system error!
  Error: has_game_rule trigger [ Invalid database object 'asoiaf_new_clothes_crownlands_rule_on' ]
  Script location: file: gfx/portraits/portrait_modifiers/01_clothes_base.txt line: 5643 (clothes_base:weight)

[15:52:01][E][jomini_trigger.cpp:243]: PostValidate of trigger 'has_game_rule' returned false at file: gfx/portraits/portrait_modifiers/01_clothes_base.txt line: 5643 (clothes_base:weight)
[15:52:01][E][jomini_script_system.cpp:303]: Script system error!
  Error: has_game_rule trigger [ Invalid database object 'asoiaf_new_clothes_crownlands_rule_on' ]
  Script location: file: gfx/portraits/portrait_modifiers/01_clothes_base.txt line: 5705 (clothes_base:weight)

[15:52:01][E][jomini_trigger.cpp:243]: PostValidate of trigger 'has_game_rule' returned false at file: gfx/portraits/portrait_modifiers/01_clothes_base.txt line: 5705 (clothes_base:weight)
[15:52:01][E][jomini_script_system.cpp:303]: Script system error!
  Error: has_game_rule trigger [ Invalid database object 'asoiaf_new_clothes_crownlands_rule_on' ]
  Script location: file: gfx/portraits/portrait_modifiers/01_clothes_base.txt line: 5773 (clothes_base:weight)

[15:52:01][E][jomini_trigger.cpp:243]: PostValidate of trigger 'has_game_rule' returned false at file: gfx/portraits/portrait_modifiers/01_clothes_base.txt line: 5773 (clothes_base:weight)
[15:52:01][E][jomini_script_system.cpp:303]: Script system error!
  Error: has_game_rule trigger [ Invalid database object 'asoiaf_new_clothes_crownlands_rule_on' ]
  Script location: file: gfx/portraits/portrait_modifiers/01_clothes_base.txt line: 5836 (clothes_base:weight)

[15:52:01][E][jomini_trigger.cpp:243]: PostValidate of trigger 'has_game_rule' returned false at file: gfx/portraits/portrait_modifiers/01_clothes_base.txt line: 5836 (clothes_base:weight)
[15:52:01][E][jomini_script_system.cpp:303]: Script system error!
  Error: has_game_rule trigger [ Invalid database object 'asoiaf_new_clothes_crownlands_rule_on' ]
  Script location: file: gfx/portraits/portrait_modifiers/01_clothes_base.txt line: 5897 (clothes_base:weight)

[15:52:01][E][jomini_trigger.cpp:243]: PostValidate of trigger 'has_game_rule' returned false at file: gfx/portraits/portrait_modifiers/01_clothes_base.txt line: 5897 (clothes_base:weight)
[15:52:01][E][jomini_script_system.cpp:303]: Script system error!
  Error: has_game_rule trigger [ Invalid database object 'asoiaf_new_clothes_crownlands_rule_on' ]
  Script location: file: gfx/portraits/portrait_modifiers/01_clothes_base.txt line: 5958 (clothes_base:weight)

[15:52:01][E][jomini_trigger.cpp:243]: PostValidate of trigger 'has_game_rule' returned false at file: gfx/portraits/portrait_modifiers/01_clothes_base.txt line: 5958 (clothes_base:weight)
[15:52:01][E][jomini_script_system.cpp:303]: Script system error!
  Error: has_game_rule trigger [ Invalid database object 'asoiaf_new_clothes_crownlands_rule_on' ]
  Script location: file: gfx/portraits/portrait_modifiers/01_clothes_base.txt line: 6069 (clothes_base:weight)

[15:52:01][E][jomini_trigger.cpp:243]: PostValidate of trigger 'has_game_rule' returned false at file: gfx/portraits/portrait_modifiers/01_clothes_base.txt line: 6069 (clothes_base:weight)
[15:52:01][E][jomini_script_system.cpp:303]: Script system error!
  Error: has_game_rule trigger [ Invalid database object 'asoiaf_new_clothes_crownlands_rule_on' ]
  Script location: file: gfx/portraits/portrait_modifiers/01_clothes_base.txt line: 6157 (clothes_base:weight)

[15:52:01][E][jomini_trigger.cpp:243]: PostValidate of trigger 'has_game_rule' returned false at file: gfx/portraits/portrait_modifiers/01_clothes_base.txt line: 6157 (clothes_base:weight)
[15:52:01][E][jomini_script_system.cpp:303]: Script system error!
  Error: has_game_rule trigger [ Invalid database object 'asoiaf_new_clothes_crownlands_rule_on' ]
  Script location: file: gfx/portraits/portrait_modifiers/01_clothes_base.txt line: 6262 (clothes_base:weight)

[15:52:01][E][jomini_trigger.cpp:243]: PostValidate of trigger 'has_game_rule' returned false at file: gfx/portraits/portrait_modifiers/01_clothes_base.txt line: 6262 (clothes_base:weight)
[15:52:01][E][jomini_script_system.cpp:303]: Script system error!
  Error: has_game_rule trigger [ Invalid database object 'asoiaf_new_clothes_westerlands_rule_on' ]
  Script location: file: gfx/portraits/portrait_modifiers/01_clothes_base.txt line: 6383 (clothes_base:weight)

[15:52:01][E][jomini_trigger.cpp:243]: PostValidate of trigger 'has_game_rule' returned false at file: gfx/portraits/portrait_modifiers/01_clothes_base.txt line: 6383 (clothes_base:weight)
[15:52:01][E][jomini_script_system.cpp:303]: Script system error!
  Error: has_game_rule trigger [ Invalid database object 'asoiaf_new_clothes_stormlands_rule_on' ]
  Script location: file: gfx/portraits/portrait_modifiers/01_clothes_base.txt line: 6467 (clothes_base:weight)

[15:52:01][E][jomini_trigger.cpp:243]: PostValidate of trigger 'has_game_rule' returned false at file: gfx/portraits/portrait_modifiers/01_clothes_base.txt line: 6467 (clothes_base:weight)
[15:52:01][E][jomini_script_system.cpp:303]: Script system error!
  Error: has_game_rule trigger [ Invalid database object 'asoiaf_new_clothes_stormlands_rule_on' ]
  Script location: file: gfx/portraits/portrait_modifiers/01_clothes_base.txt line: 6536 (clothes_base:weight)

[15:52:01][E][jomini_trigger.cpp:243]: PostValidate of trigger 'has_game_rule' returned false at file: gfx/portraits/portrait_modifiers/01_clothes_base.txt line: 6536 (clothes_base:weight)
[15:52:01][E][jomini_script_system.cpp:303]: Script system error!
  Error: has_game_rule trigger [ Invalid database object 'asoiaf_new_clothes_stormlands_rule_on' ]
  Script location: file: gfx/portraits/portrait_modifiers/01_clothes_base.txt line: 6618 (clothes_base:weight)

[15:52:01][E][jomini_trigger.cpp:243]: PostValidate of trigger 'has_game_rule' returned false at file: gfx/portraits/portrait_modifiers/01_clothes_base.txt line: 6618 (clothes_base:weight)
[15:52:01][E][jomini_script_system.cpp:303]: Script system error!
  Error: has_game_rule trigger [ Invalid database object 'asoiaf_new_clothes_north_rule_on' ]
  Script location: file: gfx/portraits/portrait_modifiers/01_clothes_base.txt line: 6716 (clothes_base:weight)

[15:52:01][E][jomini_trigger.cpp:243]: PostValidate of trigger 'has_game_rule' returned false at file: gfx/portraits/portrait_modifiers/01_clothes_base.txt line: 6716 (clothes_base:weight)
[15:52:01][E][jomini_script_system.cpp:303]: Script system error!
  Error: has_game_rule trigger [ Invalid database object 'asoiaf_new_clothes_north_rule_on' ]
  Script location: file: gfx/portraits/portrait_modifiers/01_clothes_base.txt line: 6812 (clothes_base:weight)

[15:52:01][E][jomini_trigger.cpp:243]: PostValidate of trigger 'has_game_rule' returned false at file: gfx/portraits/portrait_modifiers/01_clothes_base.txt line: 6812 (clothes_base:weight)
[15:52:01][E][jomini_script_system.cpp:303]: Script system error!
  Error: has_game_rule trigger [ Invalid database object 'asoiaf_new_clothes_north_rule_on' ]
  Script location: file: gfx/portraits/portrait_modifiers/01_clothes_base.txt line: 6871 (clothes_base:weight)

[15:52:01][E][jomini_trigger.cpp:243]: PostValidate of trigger 'has_game_rule' returned false at file: gfx/portraits/portrait_modifiers/01_clothes_base.txt line: 6871 (clothes_base:weight)
[15:52:01][E][jomini_script_system.cpp:303]: Script system error!
  Error: has_game_rule trigger [ Invalid database object 'asoiaf_new_clothes_north_rule_on' ]
  Script location: file: gfx/portraits/portrait_modifiers/01_clothes_base.txt line: 6932 (clothes_base:weight)

[15:52:01][E][jomini_trigger.cpp:243]: PostValidate of trigger 'has_game_rule' returned false at file: gfx/portraits/portrait_modifiers/01_clothes_base.txt line: 6932 (clothes_base:weight)
[15:52:01][E][jomini_script_system.cpp:303]: Script system error!
  Error: has_game_rule trigger [ Invalid database object 'asoiaf_new_clothes_north_rule_on' ]
  Script location: file: gfx/portraits/portrait_modifiers/01_clothes_base.txt line: 7001 (clothes_base:weight)

[15:52:01][E][jomini_trigger.cpp:243]: PostValidate of trigger 'has_game_rule' returned false at file: gfx/portraits/portrait_modifiers/01_clothes_base.txt line: 7001 (clothes_base:weight)
[15:52:01][E][jomini_script_system.cpp:303]: Script system error!
  Error: has_game_rule trigger [ Invalid database object 'asoiaf_new_clothes_north_rule_on' ]
  Script location: file: gfx/portraits/portrait_modifiers/01_clothes_base.txt line: 7070 (clothes_base:weight)

[15:52:01][E][jomini_trigger.cpp:243]: PostValidate of trigger 'has_game_rule' returned false at file: gfx/portraits/portrait_modifiers/01_clothes_base.txt line: 7070 (clothes_base:weight)
[15:52:01][E][jomini_script_system.cpp:303]: Script system error!
  Error: has_game_rule trigger [ Invalid database object 'asoiaf_new_clothes_north_rule_on' ]
  Script location: file: gfx/portraits/portrait_modifiers/01_clothes_base.txt line: 7127 (clothes_base:weight)

[15:52:01][E][jomini_trigger.cpp:243]: PostValidate of trigger 'has_game_rule' returned false at file: gfx/portraits/portrait_modifiers/01_clothes_base.txt line: 7127 (clothes_base:weight)
[15:52:01][E][jomini_script_system.cpp:303]: Script system error!
  Error: has_game_rule trigger [ Invalid database object 'asoiaf_new_clothes_north_rule_on' ]
  Script location: file: gfx/portraits/portrait_modifiers/01_clothes_base.txt line: 7182 (clothes_base:weight)

[15:52:01][E][jomini_trigger.cpp:243]: PostValidate of trigger 'has_game_rule' returned false at file: gfx/portraits/portrait_modifiers/01_clothes_base.txt line: 7182 (clothes_base:weight)
[15:52:01][E][jomini_script_system.cpp:303]: Script system error!
  Error: has_game_rule trigger [ Invalid database object 'asoiaf_new_clothes_north_rule_on' ]
  Script location: file: gfx/portraits/portrait_modifiers/01_clothes_base.txt line: 7237 (clothes_base:weight)

[15:52:01][E][jomini_trigger.cpp:243]: PostValidate of trigger 'has_game_rule' returned false at file: gfx/portraits/portrait_modifiers/01_clothes_base.txt line: 7237 (clothes_base:weight)
[15:52:01][E][jomini_script_system.cpp:303]: Script system error!
  Error: has_game_rule trigger [ Invalid database object 'asoiaf_new_clothes_north_rule_on' ]
  Script location: file: gfx/portraits/portrait_modifiers/01_clothes_base.txt line: 7294 (clothes_base:weight)

[15:52:01][E][jomini_trigger.cpp:243]: PostValidate of trigger 'has_game_rule' returned false at file: gfx/portraits/portrait_modifiers/01_clothes_base.txt line: 7294 (clothes_base:weight)
[15:52:01][E][jomini_script_system.cpp:303]: Script system error!
  Error: has_game_rule trigger [ Invalid database object 'asoiaf_new_clothes_north_rule_on' ]
  Script location: file: gfx/portraits/portrait_modifiers/01_clothes_base.txt line: 7343 (clothes_base:weight)

[15:52:01][E][jomini_trigger.cpp:243]: PostValidate of trigger 'has_game_rule' returned false at file: gfx/portraits/portrait_modifiers/01_clothes_base.txt line: 7343 (clothes_base:weight)
[15:52:01][E][jomini_script_system.cpp:303]: Script system error!
  Error: has_game_rule trigger [ Invalid database object 'asoiaf_new_clothes_north_rule_on' ]
  Script location: file: gfx/portraits/portrait_modifiers/01_clothes_base.txt line: 7398 (clothes_base:weight)

[15:52:01][E][jomini_trigger.cpp:243]: PostValidate of trigger 'has_game_rule' returned false at file: gfx/portraits/portrait_modifiers/01_clothes_base.txt line: 7398 (clothes_base:weight)
[15:52:01][E][jomini_script_system.cpp:303]: Script system error!
  Error: has_game_rule trigger [ Invalid database object 'asoiaf_new_clothes_north_rule_on' ]
  Script location: file: gfx/portraits/portrait_modifiers/01_clothes_base.txt line: 7461 (clothes_base:weight)

[15:52:01][E][jomini_trigger.cpp:243]: PostValidate of trigger 'has_game_rule' returned false at file: gfx/portraits/portrait_modifiers/01_clothes_base.txt line: 7461 (clothes_base:weight)
[15:52:01][E][jomini_script_system.cpp:303]: Script system error!
  Error: has_game_rule trigger [ Invalid database object 'asoiaf_new_clothes_crownlands_rule_on' ]
  Script location: file: gfx/portraits/portrait_modifiers/01_clothes_base.txt line: 7518 (clothes_base:weight)

[15:52:01][E][jomini_trigger.cpp:243]: PostValidate of trigger 'has_game_rule' returned false at file: gfx/portraits/portrait_modifiers/01_clothes_base.txt line: 7518 (clothes_base:weight)
[15:52:01][E][jomini_script_system.cpp:303]: Script system error!
  Error: has_game_rule trigger [ Invalid database object 'asoiaf_new_clothes_crownlands_rule_on' ]
  Script location: file: gfx/portraits/portrait_modifiers/01_clothes_base.txt line: 7567 (clothes_base:weight)

[15:52:01][E][jomini_trigger.cpp:243]: PostValidate of trigger 'has_game_rule' returned false at file: gfx/portraits/portrait_modifiers/01_clothes_base.txt line: 7567 (clothes_base:weight)
[15:52:01][E][jomini_script_system.cpp:303]: Script system error!
  Error: has_game_rule trigger [ Invalid database object 'asoiaf_new_clothes_crownlands_rule_on' ]
  Script location: file: gfx/portraits/portrait_modifiers/01_clothes_base.txt line: 7622 (clothes_base:weight)

[15:52:01][E][jomini_trigger.cpp:243]: PostValidate of trigger 'has_game_rule' returned false at file: gfx/portraits/portrait_modifiers/01_clothes_base.txt line: 7622 (clothes_base:weight)
[15:52:01][E][jomini_script_system.cpp:303]: Script system error!
  Error: has_game_rule trigger [ Invalid database object 'show_dynamic_crowns_enabled' ]
  Script location: file: gfx/portraits/portrait_modifiers/01_headgear_base.txt line: 7146 (headgear_base:weight)

[15:52:01][E][jomini_trigger.cpp:243]: PostValidate of trigger 'has_game_rule' returned false at file: gfx/portraits/portrait_modifiers/01_headgear_base.txt line: 7146 (headgear_base:weight)
[15:52:01][E][jomini_script_system.cpp:303]: Script system error!
  Error: has_game_rule trigger [ Invalid database object 'show_dynamic_crowns_enabled' ]
  Script location: file: gfx/portraits/portrait_modifiers/01_headgear_base.txt line: 7174 (headgear_base:weight)

[15:52:01][E][jomini_trigger.cpp:243]: PostValidate of trigger 'has_game_rule' returned false at file: gfx/portraits/portrait_modifiers/01_headgear_base.txt line: 7174 (headgear_base:weight)
[15:52:01][E][jomini_script_system.cpp:303]: Script system error!
  Error: has_game_rule trigger [ Invalid database object 'show_dynamic_crowns_enabled' ]
  Script location: file: gfx/portraits/portrait_modifiers/01_headgear_base.txt line: 7258 (headgear_base:weight)

[15:52:01][E][jomini_trigger.cpp:243]: PostValidate of trigger 'has_game_rule' returned false at file: gfx/portraits/portrait_modifiers/01_headgear_base.txt line: 7258 (headgear_base:weight)
[15:52:01][E][jomini_script_system.cpp:303]: Script system error!
  Error: has_game_rule trigger [ Invalid database object 'show_dynamic_crowns_enabled' ]
  Script location: file: gfx/portraits/portrait_modifiers/01_headgear_base.txt line: 7310 (headgear_base:weight)

[15:52:01][E][jomini_trigger.cpp:243]: PostValidate of trigger 'has_game_rule' returned false at file: gfx/portraits/portrait_modifiers/01_headgear_base.txt line: 7310 (headgear_base:weight)
[15:52:01][E][jomini_script_system.cpp:303]: Script system error!
  Error: has_game_rule trigger [ Invalid database object 'show_dynamic_crowns_enabled' ]
  Script location: file: gfx/portraits/portrait_modifiers/01_headgear_base.txt line: 7445 (headgear_base:weight)

[15:52:01][E][jomini_trigger.cpp:243]: PostValidate of trigger 'has_game_rule' returned false at file: gfx/portraits/portrait_modifiers/01_headgear_base.txt line: 7445 (headgear_base:weight)
[15:52:01][E][jomini_script_system.cpp:303]: Script system error!
  Error: has_game_rule trigger [ Invalid database object 'show_dynamic_crowns_enabled' ]
  Script location: file: gfx/portraits/portrait_modifiers/01_headgear_base.txt line: 7476 (headgear_base:weight)

[15:52:01][E][jomini_trigger.cpp:243]: PostValidate of trigger 'has_game_rule' returned false at file: gfx/portraits/portrait_modifiers/01_headgear_base.txt line: 7476 (headgear_base:weight)
[15:52:01][E][jomini_script_system.cpp:303]: Script system error!
  Error: has_game_rule trigger [ Invalid database object 'show_dynamic_crowns_enabled' ]
  Script location: file: gfx/portraits/portrait_modifiers/01_headgear_base.txt line: 7539 (headgear_base:weight)

[15:52:01][E][jomini_trigger.cpp:243]: PostValidate of trigger 'has_game_rule' returned false at file: gfx/portraits/portrait_modifiers/01_headgear_base.txt line: 7539 (headgear_base:weight)
[15:52:01][E][jomini_script_system.cpp:303]: Script system error!
  Error: has_game_rule trigger [ Invalid database object 'show_dynamic_crowns_enabled' ]
  Script location: file: gfx/portraits/portrait_modifiers/01_headgear_base.txt line: 7561 (headgear_base:weight)

[15:52:01][E][jomini_trigger.cpp:243]: PostValidate of trigger 'has_game_rule' returned false at file: gfx/portraits/portrait_modifiers/01_headgear_base.txt line: 7561 (headgear_base:weight)
[15:52:01][E][jomini_script_system.cpp:303]: Script system error!
  Error: has_game_rule trigger [ Invalid database object 'show_dynamic_crowns_enabled' ]
  Script location: file: gfx/portraits/portrait_modifiers/01_headgear_base.txt line: 7583 (headgear_base:weight)

[15:52:01][E][jomini_trigger.cpp:243]: PostValidate of trigger 'has_game_rule' returned false at file: gfx/portraits/portrait_modifiers/01_headgear_base.txt line: 7583 (headgear_base:weight)
[15:52:01][E][jomini_script_system.cpp:303]: Script system error!
  Error: has_game_rule trigger [ Invalid database object 'show_dynamic_crowns_enabled' ]
  Script location: file: gfx/portraits/portrait_modifiers/01_headgear_base.txt line: 7605 (headgear_base:weight)

[15:52:01][E][jomini_trigger.cpp:243]: PostValidate of trigger 'has_game_rule' returned false at file: gfx/portraits/portrait_modifiers/01_headgear_base.txt line: 7605 (headgear_base:weight)
[15:52:01][E][jomini_script_system.cpp:303]: Script system error!
  Error: has_game_rule trigger [ Invalid database object 'show_dynamic_crowns_enabled' ]
  Script location: file: gfx/portraits/portrait_modifiers/01_headgear_base.txt line: 7627 (headgear_base:weight)

[15:52:01][E][jomini_trigger.cpp:243]: PostValidate of trigger 'has_game_rule' returned false at file: gfx/portraits/portrait_modifiers/01_headgear_base.txt line: 7627 (headgear_base:weight)
[15:52:01][E][jomini_script_system.cpp:303]: Script system error!
  Error: has_game_rule trigger [ Invalid database object 'show_dynamic_crowns_enabled' ]
  Script location: file: gfx/portraits/portrait_modifiers/01_headgear_base.txt line: 7649 (headgear_base:weight)

[15:52:01][E][jomini_trigger.cpp:243]: PostValidate of trigger 'has_game_rule' returned false at file: gfx/portraits/portrait_modifiers/01_headgear_base.txt line: 7649 (headgear_base:weight)
[15:52:01][E][jomini_script_system.cpp:303]: Script system error!
  Error: has_game_rule trigger [ Invalid database object 'show_dynamic_crowns_enabled' ]
  Script location: file: gfx/portraits/portrait_modifiers/01_headgear_base.txt line: 7671 (headgear_base:weight)

[15:52:01][E][jomini_trigger.cpp:243]: PostValidate of trigger 'has_game_rule' returned false at file: gfx/portraits/portrait_modifiers/01_headgear_base.txt line: 7671 (headgear_base:weight)
[15:52:01][E][jomini_script_system.cpp:303]: Script system error!
  Error: has_game_rule trigger [ Invalid database object 'show_dynamic_crowns_enabled' ]
  Script location: file: gfx/portraits/portrait_modifiers/01_headgear_base.txt line: 7704 (headgear_base:weight)

[15:52:01][E][jomini_trigger.cpp:243]: PostValidate of trigger 'has_game_rule' returned false at file: gfx/portraits/portrait_modifiers/01_headgear_base.txt line: 7704 (headgear_base:weight)
[15:52:01][E][jomini_script_system.cpp:303]: Script system error!
  Error: has_game_rule trigger [ Invalid database object 'show_dynamic_crowns_enabled' ]
  Script location: file: gfx/portraits/portrait_modifiers/01_headgear_base.txt line: 7726 (headgear_base:weight)

[15:52:01][E][jomini_trigger.cpp:243]: PostValidate of trigger 'has_game_rule' returned false at file: gfx/portraits/portrait_modifiers/01_headgear_base.txt line: 7726 (headgear_base:weight)
[15:52:01][E][jomini_script_system.cpp:303]: Script system error!
  Error: has_game_rule trigger [ Invalid database object 'show_dynamic_crowns_enabled' ]
  Script location: file: gfx/portraits/portrait_modifiers/01_headgear_base.txt line: 7748 (headgear_base:weight)

[15:52:01][E][jomini_trigger.cpp:243]: PostValidate of trigger 'has_game_rule' returned false at file: gfx/portraits/portrait_modifiers/01_headgear_base.txt line: 7748 (headgear_base:weight)
[15:52:01][E][jomini_script_system.cpp:303]: Script system error!
  Error: has_game_rule trigger [ Invalid database object 'show_dynamic_crowns_enabled' ]
  Script location: file: gfx/portraits/portrait_modifiers/01_headgear_base.txt line: 7770 (headgear_base:weight)

[15:52:01][E][jomini_trigger.cpp:243]: PostValidate of trigger 'has_game_rule' returned false at file: gfx/portraits/portrait_modifiers/01_headgear_base.txt line: 7770 (headgear_base:weight)
[15:52:01][E][jomini_script_system.cpp:303]: Script system error!
  Error: has_game_rule trigger [ Invalid database object 'show_dynamic_crowns_enabled' ]
  Script location: file: gfx/portraits/portrait_modifiers/01_headgear_base.txt line: 7792 (headgear_base:weight)

[15:52:01][E][jomini_trigger.cpp:243]: PostValidate of trigger 'has_game_rule' returned false at file: gfx/portraits/portrait_modifiers/01_headgear_base.txt line: 7792 (headgear_base:weight)
[15:52:01][E][jomini_script_system.cpp:303]: Script system error!
  Error: has_game_rule trigger [ Invalid database object 'show_dynamic_crowns_enabled' ]
  Script location: file: gfx/portraits/portrait_modifiers/01_headgear_base.txt line: 7814 (headgear_base:weight)

[15:52:01][E][jomini_trigger.cpp:243]: PostValidate of trigger 'has_game_rule' returned false at file: gfx/portraits/portrait_modifiers/01_headgear_base.txt line: 7814 (headgear_base:weight)
[15:52:01][E][jomini_script_system.cpp:303]: Script system error!
  Error: has_game_rule trigger [ Invalid database object 'show_dynamic_crowns_enabled' ]
  Script location: file: gfx/portraits/portrait_modifiers/01_headgear_base.txt line: 7839 (headgear_base:weight)

[15:52:01][E][jomini_trigger.cpp:243]: PostValidate of trigger 'has_game_rule' returned false at file: gfx/portraits/portrait_modifiers/01_headgear_base.txt line: 7839 (headgear_base:weight)
[15:52:01][E][jomini_script_system.cpp:303]: Script system error!
  Error: has_game_rule trigger [ Invalid database object 'show_dynamic_crowns_enabled' ]
  Script location: file: gfx/portraits/portrait_modifiers/01_headgear_base.txt line: 7870 (headgear_base:weight)

[15:52:01][E][jomini_trigger.cpp:243]: PostValidate of trigger 'has_game_rule' returned false at file: gfx/portraits/portrait_modifiers/01_headgear_base.txt line: 7870 (headgear_base:weight)
[15:52:01][E][jomini_script_system.cpp:303]: Script system error!
  Error: has_game_rule trigger [ Invalid database object 'show_dynamic_crowns_enabled' ]
  Script location: file: gfx/portraits/portrait_modifiers/01_headgear_base.txt line: 7913 (headgear_base:weight)

[15:52:01][E][jomini_trigger.cpp:243]: PostValidate of trigger 'has_game_rule' returned false at file: gfx/portraits/portrait_modifiers/01_headgear_base.txt line: 7913 (headgear_base:weight)
[15:52:01][E][jomini_script_system.cpp:303]: Script system error!
  Error: has_game_rule trigger [ Invalid database object 'show_dynamic_crowns_enabled' ]
  Script location: file: gfx/portraits/portrait_modifiers/01_headgear_base.txt line: 7939 (headgear_base:weight)

[15:52:01][E][jomini_trigger.cpp:243]: PostValidate of trigger 'has_game_rule' returned false at file: gfx/portraits/portrait_modifiers/01_headgear_base.txt line: 7939 (headgear_base:weight)
[15:52:01][E][jomini_script_system.cpp:303]: Script system error!
  Error: has_game_rule trigger [ Invalid database object 'show_dynamic_crowns_enabled' ]
  Script location: file: gfx/portraits/portrait_modifiers/01_headgear_base.txt line: 7961 (headgear_base:weight)

[15:52:01][E][jomini_trigger.cpp:243]: PostValidate of trigger 'has_game_rule' returned false at file: gfx/portraits/portrait_modifiers/01_headgear_base.txt line: 7961 (headgear_base:weight)
[15:52:01][E][jomini_script_system.cpp:303]: Script system error!
  Error: has_game_rule trigger [ Invalid database object 'show_dynamic_crowns_enabled' ]
  Script location: file: gfx/portraits/portrait_modifiers/01_headgear_base.txt line: 7983 (headgear_base:weight)

[15:52:01][E][jomini_trigger.cpp:243]: PostValidate of trigger 'has_game_rule' returned false at file: gfx/portraits/portrait_modifiers/01_headgear_base.txt line: 7983 (headgear_base:weight)
[15:52:01][E][jomini_script_system.cpp:303]: Script system error!
  Error: has_game_rule trigger [ Invalid database object 'show_dynamic_crowns_enabled' ]
  Script location: file: gfx/portraits/portrait_modifiers/01_headgear_base.txt line: 8005 (headgear_base:weight)

[15:52:01][E][jomini_trigger.cpp:243]: PostValidate of trigger 'has_game_rule' returned false at file: gfx/portraits/portrait_modifiers/01_headgear_base.txt line: 8005 (headgear_base:weight)
[15:52:01][E][jomini_script_system.cpp:303]: Script system error!
  Error: has_game_rule trigger [ Invalid database object 'show_dynamic_crowns_enabled' ]
  Script location: file: gfx/portraits/portrait_modifiers/01_headgear_base.txt line: 8027 (headgear_base:weight)

[15:52:01][E][jomini_trigger.cpp:243]: PostValidate of trigger 'has_game_rule' returned false at file: gfx/portraits/portrait_modifiers/01_headgear_base.txt line: 8027 (headgear_base:weight)
[15:52:01][E][jomini_script_system.cpp:303]: Script system error!
  Error: has_game_rule trigger [ Invalid database object 'show_dynamic_crowns_enabled' ]
  Script location: file: gfx/portraits/portrait_modifiers/01_headgear_base.txt line: 8049 (headgear_base:weight)

[15:52:01][E][jomini_trigger.cpp:243]: PostValidate of trigger 'has_game_rule' returned false at file: gfx/portraits/portrait_modifiers/01_headgear_base.txt line: 8049 (headgear_base:weight)
[15:52:01][E][jomini_script_system.cpp:303]: Script system error!
  Error: has_game_rule trigger [ Invalid database object 'show_dynamic_crowns_enabled' ]
  Script location: file: gfx/portraits/portrait_modifiers/01_headgear_base.txt line: 8071 (headgear_base:weight)

[15:52:01][E][jomini_trigger.cpp:243]: PostValidate of trigger 'has_game_rule' returned false at file: gfx/portraits/portrait_modifiers/01_headgear_base.txt line: 8071 (headgear_base:weight)
[15:52:01][E][jomini_script_system.cpp:303]: Script system error!
  Error: has_game_rule trigger [ Invalid database object 'show_dynamic_crowns_enabled' ]
  Script location: file: gfx/portraits/portrait_modifiers/01_headgear_base.txt line: 8093 (headgear_base:weight)

[15:52:01][E][jomini_trigger.cpp:243]: PostValidate of trigger 'has_game_rule' returned false at file: gfx/portraits/portrait_modifiers/01_headgear_base.txt line: 8093 (headgear_base:weight)
[15:52:01][E][jomini_script_system.cpp:303]: Script system error!
  Error: has_game_rule trigger [ Invalid database object 'show_dynamic_crowns_enabled' ]
  Script location: file: gfx/portraits/portrait_modifiers/01_headgear_base.txt line: 8115 (headgear_base:weight)

[15:52:01][E][jomini_trigger.cpp:243]: PostValidate of trigger 'has_game_rule' returned false at file: gfx/portraits/portrait_modifiers/01_headgear_base.txt line: 8115 (headgear_base:weight)
[15:52:01][E][jomini_script_system.cpp:303]: Script system error!
  Error: has_game_rule trigger [ Invalid database object 'show_dynamic_crowns_enabled' ]
  Script location: file: gfx/portraits/portrait_modifiers/01_headgear_base.txt line: 8137 (headgear_base:weight)

[15:52:01][E][jomini_trigger.cpp:243]: PostValidate of trigger 'has_game_rule' returned false at file: gfx/portraits/portrait_modifiers/01_headgear_base.txt line: 8137 (headgear_base:weight)
[15:52:01][E][jomini_script_system.cpp:303]: Script system error!
  Error: has_game_rule trigger [ Invalid database object 'show_dynamic_crowns_enabled' ]
  Script location: file: gfx/portraits/portrait_modifiers/01_headgear_base.txt line: 8180 (headgear_base:weight)

[15:52:01][E][jomini_trigger.cpp:243]: PostValidate of trigger 'has_game_rule' returned false at file: gfx/portraits/portrait_modifiers/01_headgear_base.txt line: 8180 (headgear_base:weight)
[15:52:01][E][jomini_script_system.cpp:303]: Script system error!
  Error: has_game_rule trigger [ Invalid database object 'show_dynamic_crowns_enabled' ]
  Script location: file: gfx/portraits/portrait_modifiers/01_headgear_base.txt line: 8202 (headgear_base:weight)

[15:52:01][E][jomini_trigger.cpp:243]: PostValidate of trigger 'has_game_rule' returned false at file: gfx/portraits/portrait_modifiers/01_headgear_base.txt line: 8202 (headgear_base:weight)
[15:52:01][E][jomini_script_system.cpp:303]: Script system error!
  Error: has_game_rule trigger [ Invalid database object 'show_dynamic_crowns_enabled' ]
  Script location: file: gfx/portraits/portrait_modifiers/01_headgear_base.txt line: 8224 (headgear_base:weight)

[15:52:01][E][jomini_trigger.cpp:243]: PostValidate of trigger 'has_game_rule' returned false at file: gfx/portraits/portrait_modifiers/01_headgear_base.txt line: 8224 (headgear_base:weight)
[15:52:01][E][jomini_script_system.cpp:303]: Script system error!
  Error: has_game_rule trigger [ Invalid database object 'show_dynamic_crowns_enabled' ]
  Script location: file: gfx/portraits/portrait_modifiers/01_headgear_base.txt line: 8246 (headgear_base:weight)

[15:52:01][E][jomini_trigger.cpp:243]: PostValidate of trigger 'has_game_rule' returned false at file: gfx/portraits/portrait_modifiers/01_headgear_base.txt line: 8246 (headgear_base:weight)
[15:52:01][E][jomini_script_system.cpp:303]: Script system error!
  Error: has_game_rule trigger [ Invalid database object 'show_dynamic_crowns_enabled' ]
  Script location: file: gfx/portraits/portrait_modifiers/01_headgear_base.txt line: 8268 (headgear_base:weight)

[15:52:01][E][jomini_trigger.cpp:243]: PostValidate of trigger 'has_game_rule' returned false at file: gfx/portraits/portrait_modifiers/01_headgear_base.txt line: 8268 (headgear_base:weight)
[15:52:01][E][jomini_script_system.cpp:303]: Script system error!
  Error: has_game_rule trigger [ Invalid database object 'show_dynamic_crowns_enabled' ]
  Script location: file: gfx/portraits/portrait_modifiers/01_headgear_base.txt line: 8290 (headgear_base:weight)

[15:52:01][E][jomini_trigger.cpp:243]: PostValidate of trigger 'has_game_rule' returned false at file: gfx/portraits/portrait_modifiers/01_headgear_base.txt line: 8290 (headgear_base:weight)
[15:52:01][E][jomini_script_system.cpp:303]: Script system error!
  Error: has_game_rule trigger [ Invalid database object 'show_dynamic_crowns_enabled' ]
  Script location: file: gfx/portraits/portrait_modifiers/01_headgear_base.txt line: 8312 (headgear_base:weight)

[15:52:01][E][jomini_trigger.cpp:243]: PostValidate of trigger 'has_game_rule' returned false at file: gfx/portraits/portrait_modifiers/01_headgear_base.txt line: 8312 (headgear_base:weight)
[15:52:01][E][jomini_script_system.cpp:303]: Script system error!
  Error: has_game_rule trigger [ Invalid database object 'show_dynamic_crowns_enabled' ]
  Script location: file: gfx/portraits/portrait_modifiers/01_headgear_base.txt line: 8335 (headgear_base:weight)

[15:52:01][E][jomini_trigger.cpp:243]: PostValidate of trigger 'has_game_rule' returned false at file: gfx/portraits/portrait_modifiers/01_headgear_base.txt line: 8335 (headgear_base:weight)
[15:52:01][E][jomini_script_system.cpp:303]: Script system error!
  Error: has_game_rule trigger [ Invalid database object 'show_dynamic_crowns_enabled' ]
  Script location: file: gfx/portraits/portrait_modifiers/01_headgear_base.txt line: 8357 (headgear_base:weight)

[15:52:01][E][jomini_trigger.cpp:243]: PostValidate of trigger 'has_game_rule' returned false at file: gfx/portraits/portrait_modifiers/01_headgear_base.txt line: 8357 (headgear_base:weight)
[15:52:01][E][jomini_script_system.cpp:303]: Script system error!
  Error: has_game_rule trigger [ Invalid database object 'show_dynamic_crowns_enabled' ]
  Script location: file: gfx/portraits/portrait_modifiers/01_headgear_base.txt line: 8388 (headgear_base:weight)

[15:52:01][E][jomini_trigger.cpp:243]: PostValidate of trigger 'has_game_rule' returned false at file: gfx/portraits/portrait_modifiers/01_headgear_base.txt line: 8388 (headgear_base:weight)
[15:52:01][E][jomini_script_system.cpp:303]: Script system error!
  Error: has_game_rule trigger [ Invalid database object 'show_dynamic_crowns_enabled' ]
  Script location: file: gfx/portraits/portrait_modifiers/01_headgear_base.txt line: 8410 (headgear_base:weight)

[15:52:01][E][jomini_trigger.cpp:243]: PostValidate of trigger 'has_game_rule' returned false at file: gfx/portraits/portrait_modifiers/01_headgear_base.txt line: 8410 (headgear_base:weight)
[15:52:01][E][jomini_script_system.cpp:303]: Script system error!
  Error: has_game_rule trigger [ Invalid database object 'show_dynamic_crowns_enabled' ]
  Script location: file: gfx/portraits/portrait_modifiers/01_headgear_base.txt line: 8432 (headgear_base:weight)

[15:52:01][E][jomini_trigger.cpp:243]: PostValidate of trigger 'has_game_rule' returned false at file: gfx/portraits/portrait_modifiers/01_headgear_base.txt line: 8432 (headgear_base:weight)
[15:52:01][E][jomini_script_system.cpp:303]: Script system error!
  Error: has_game_rule trigger [ Invalid database object 'show_dynamic_crowns_enabled' ]
  Script location: file: gfx/portraits/portrait_modifiers/01_headgear_base.txt line: 8454 (headgear_base:weight)

[15:52:01][E][jomini_trigger.cpp:243]: PostValidate of trigger 'has_game_rule' returned false at file: gfx/portraits/portrait_modifiers/01_headgear_base.txt line: 8454 (headgear_base:weight)
[15:52:01][E][jomini_script_system.cpp:303]: Script system error!
  Error: has_game_rule trigger [ Invalid database object 'show_dynamic_crowns_enabled' ]
  Script location: file: gfx/portraits/portrait_modifiers/01_headgear_base.txt line: 8476 (headgear_base:weight)

[15:52:01][E][jomini_trigger.cpp:243]: PostValidate of trigger 'has_game_rule' returned false at file: gfx/portraits/portrait_modifiers/01_headgear_base.txt line: 8476 (headgear_base:weight)
[15:52:01][E][jomini_script_system.cpp:303]: Script system error!
  Error: has_game_rule trigger [ Invalid database object 'show_dynamic_crowns_enabled' ]
  Script location: file: gfx/portraits/portrait_modifiers/01_headgear_base.txt line: 8498 (headgear_base:weight)

[15:52:01][E][jomini_trigger.cpp:243]: PostValidate of trigger 'has_game_rule' returned false at file: gfx/portraits/portrait_modifiers/01_headgear_base.txt line: 8498 (headgear_base:weight)
[15:52:01][E][jomini_script_system.cpp:303]: Script system error!
  Error: has_game_rule trigger [ Invalid database object 'show_dynamic_crowns_enabled' ]
  Script location: file: gfx/portraits/portrait_modifiers/01_headgear_base.txt line: 8520 (headgear_base:weight)

[15:52:01][E][jomini_trigger.cpp:243]: PostValidate of trigger 'has_game_rule' returned false at file: gfx/portraits/portrait_modifiers/01_headgear_base.txt line: 8520 (headgear_base:weight)
[15:52:01][E][jomini_script_system.cpp:303]: Script system error!
  Error: has_game_rule trigger [ Invalid database object 'show_dynamic_crowns_enabled' ]
  Script location: file: gfx/portraits/portrait_modifiers/01_headgear_base.txt line: 8542 (headgear_base:weight)

[15:52:01][E][jomini_trigger.cpp:243]: PostValidate of trigger 'has_game_rule' returned false at file: gfx/portraits/portrait_modifiers/01_headgear_base.txt line: 8542 (headgear_base:weight)
[15:52:01][E][jomini_script_system.cpp:303]: Script system error!
  Error: has_game_rule trigger [ Invalid database object 'show_dynamic_crowns_enabled' ]
  Script location: file: gfx/portraits/portrait_modifiers/01_headgear_base.txt line: 8564 (headgear_base:weight)

[15:52:01][E][jomini_trigger.cpp:243]: PostValidate of trigger 'has_game_rule' returned false at file: gfx/portraits/portrait_modifiers/01_headgear_base.txt line: 8564 (headgear_base:weight)
[15:52:01][E][jomini_script_system.cpp:303]: Script system error!
  Error: has_game_rule trigger [ Invalid database object 'show_dynamic_crowns_enabled' ]
  Script location: file: gfx/portraits/portrait_modifiers/01_headgear_base.txt line: 8622 (headgear_base:weight)

[15:52:01][E][jomini_trigger.cpp:243]: PostValidate of trigger 'has_game_rule' returned false at file: gfx/portraits/portrait_modifiers/01_headgear_base.txt line: 8622 (headgear_base:weight)
[15:52:01][E][jomini_script_system.cpp:303]: Script system error!
  Error: has_game_rule trigger [ Invalid database object 'show_dynamic_crowns_enabled' ]
  Script location: file: gfx/portraits/portrait_modifiers/01_headgear_base.txt line: 8684 (headgear_base:weight)

[15:52:01][E][jomini_trigger.cpp:243]: PostValidate of trigger 'has_game_rule' returned false at file: gfx/portraits/portrait_modifiers/01_headgear_base.txt line: 8684 (headgear_base:weight)
[15:52:01][E][jomini_script_system.cpp:303]: Script system error!
  Error: has_game_rule trigger [ Invalid database object 'show_dynamic_crowns_enabled' ]
  Script location: file: gfx/portraits/portrait_modifiers/01_headgear_base.txt line: 8728 (headgear_base:weight)

[15:52:01][E][jomini_trigger.cpp:243]: PostValidate of trigger 'has_game_rule' returned false at file: gfx/portraits/portrait_modifiers/01_headgear_base.txt line: 8728 (headgear_base:weight)
[15:52:01][E][jomini_script_system.cpp:303]: Script system error!
  Error: has_game_rule trigger [ Invalid database object 'show_dynamic_crowns_enabled' ]
  Script location: file: gfx/portraits/portrait_modifiers/01_headgear_base.txt line: 8780 (headgear_base:weight)

[15:52:01][E][jomini_trigger.cpp:243]: PostValidate of trigger 'has_game_rule' returned false at file: gfx/portraits/portrait_modifiers/01_headgear_base.txt line: 8780 (headgear_base:weight)
[15:52:01][E][jomini_script_system.cpp:303]: Script system error!
  Error: has_game_rule trigger [ Invalid database object 'show_dynamic_crowns_enabled' ]
  Script location: file: gfx/portraits/portrait_modifiers/01_headgear_base.txt line: 8836 (headgear_base:weight)

[15:52:01][E][jomini_trigger.cpp:243]: PostValidate of trigger 'has_game_rule' returned false at file: gfx/portraits/portrait_modifiers/01_headgear_base.txt line: 8836 (headgear_base:weight)
[15:52:01][E][jomini_script_system.cpp:303]: Script system error!
  Error: has_game_rule trigger [ Invalid database object 'show_dynamic_crowns_enabled' ]
  Script location: file: gfx/portraits/portrait_modifiers/01_headgear_base.txt line: 8989 (headgear_base:weight)

[15:52:01][E][jomini_trigger.cpp:243]: PostValidate of trigger 'has_game_rule' returned false at file: gfx/portraits/portrait_modifiers/01_headgear_base.txt line: 8989 (headgear_base:weight)
[15:52:01][E][jomini_script_system.cpp:303]: Script system error!
  Error: has_game_rule trigger [ Invalid database object 'show_dynamic_crowns_enabled' ]
  Script location: file: gfx/portraits/portrait_modifiers/01_headgear_base.txt line: 9035 (headgear_base:weight)

[15:52:01][E][jomini_trigger.cpp:243]: PostValidate of trigger 'has_game_rule' returned false at file: gfx/portraits/portrait_modifiers/01_headgear_base.txt line: 9035 (headgear_base:weight)
[15:52:01][E][jomini_script_system.cpp:303]: Script system error!
  Error: has_game_rule trigger [ Invalid database object 'show_dynamic_crowns_enabled' ]
  Script location: file: gfx/portraits/portrait_modifiers/01_headgear_base.txt line: 9218 (headgear_base:weight)

[15:52:01][E][jomini_trigger.cpp:243]: PostValidate of trigger 'has_game_rule' returned false at file: gfx/portraits/portrait_modifiers/01_headgear_base.txt line: 9218 (headgear_base:weight)
[15:52:01][E][jomini_script_system.cpp:303]: Script system error!
  Error: has_game_rule trigger [ Invalid database object 'show_dynamic_crowns_enabled' ]
  Script location: file: gfx/portraits/portrait_modifiers/01_headgear_base.txt line: 9240 (headgear_base:weight)

[15:52:01][E][jomini_trigger.cpp:243]: PostValidate of trigger 'has_game_rule' returned false at file: gfx/portraits/portrait_modifiers/01_headgear_base.txt line: 9240 (headgear_base:weight)
[15:52:01][E][jomini_script_system.cpp:303]: Script system error!
  Error: has_game_rule trigger [ Invalid database object 'show_dynamic_crowns_enabled' ]
  Script location: file: gfx/portraits/portrait_modifiers/01_headgear_base.txt line: 9262 (headgear_base:weight)

[15:52:01][E][jomini_trigger.cpp:243]: PostValidate of trigger 'has_game_rule' returned false at file: gfx/portraits/portrait_modifiers/01_headgear_base.txt line: 9262 (headgear_base:weight)
[15:52:01][E][jomini_script_system.cpp:303]: Script system error!
  Error: has_game_rule trigger [ Invalid database object 'show_dynamic_crowns_enabled' ]
  Script location: file: gfx/portraits/portrait_modifiers/01_headgear_base.txt line: 9284 (headgear_base:weight)

[15:52:01][E][jomini_trigger.cpp:243]: PostValidate of trigger 'has_game_rule' returned false at file: gfx/portraits/portrait_modifiers/01_headgear_base.txt line: 9284 (headgear_base:weight)
[15:52:01][E][jomini_script_system.cpp:303]: Script system error!
  Error: has_game_rule trigger [ Invalid database object 'show_armor_enabled' ]
  Script location: file: gfx/portraits/portrait_modifiers/01_legwear_base.txt line: 871 (legwear:weight)

[15:52:01][E][jomini_trigger.cpp:243]: PostValidate of trigger 'has_game_rule' returned false at file: gfx/portraits/portrait_modifiers/01_legwear_base.txt line: 871 (legwear:weight)
[15:52:01][E][jomini_script_system.cpp:303]: Script system error!
  Error: has_game_rule trigger [ Invalid database object 'show_armor_enabled' ]
  Script location: file: gfx/portraits/portrait_modifiers/01_legwear_base.txt line: 898 (legwear:weight)

[15:52:01][E][jomini_trigger.cpp:243]: PostValidate of trigger 'has_game_rule' returned false at file: gfx/portraits/portrait_modifiers/01_legwear_base.txt line: 898 (legwear:weight)
[15:52:01][E][jomini_script_system.cpp:303]: Script system error!
  Error: has_game_rule trigger [ Invalid database object 'show_armor_enabled' ]
  Script location: file: gfx/portraits/portrait_modifiers/01_legwear_base.txt line: 937 (legwear:weight)

[15:52:01][E][jomini_trigger.cpp:243]: PostValidate of trigger 'has_game_rule' returned false at file: gfx/portraits/portrait_modifiers/01_legwear_base.txt line: 937 (legwear:weight)
[15:52:01][E][jomini_script_system.cpp:303]: Script system error!
  Error: has_game_rule trigger [ Invalid database object 'show_armor_enabled' ]
  Script location: file: gfx/portraits/portrait_modifiers/05_clothes_situational.txt line: 616 (clothes_situational:weight)

[15:52:01][E][jomini_trigger.cpp:243]: PostValidate of trigger 'has_game_rule' returned false at file: gfx/portraits/portrait_modifiers/05_clothes_situational.txt line: 616 (clothes_situational:weight)
[15:52:01][E][jomini_script_system.cpp:303]: Script system error!
  Error: has_game_rule trigger [ Invalid database object 'show_armor_enabled' ]
  Script location: file: gfx/portraits/portrait_modifiers/05_clothes_situational.txt line: 1062 (clothes_situational:weight)

[15:52:01][E][jomini_trigger.cpp:243]: PostValidate of trigger 'has_game_rule' returned false at file: gfx/portraits/portrait_modifiers/05_clothes_situational.txt line: 1062 (clothes_situational:weight)
[15:52:01][E][jomini_script_system.cpp:303]: Script system error!
  Error: has_game_rule trigger [ Invalid database object 'show_armor_enabled' ]
  Script location: file: gfx/portraits/portrait_modifiers/05_clothes_situational.txt line: 1109 (clothes_situational:weight)

[15:52:01][E][jomini_trigger.cpp:243]: PostValidate of trigger 'has_game_rule' returned false at file: gfx/portraits/portrait_modifiers/05_clothes_situational.txt line: 1109 (clothes_situational:weight)
[15:52:01][E][jomini_script_system.cpp:303]: Script system error!
  Error: has_game_rule trigger [ Invalid database object 'show_armor_enabled' ]
  Script location: file: gfx/portraits/portrait_modifiers/05_clothes_situational.txt line: 1158 (clothes_situational:weight)

[15:52:01][E][jomini_trigger.cpp:243]: PostValidate of trigger 'has_game_rule' returned false at file: gfx/portraits/portrait_modifiers/05_clothes_situational.txt line: 1158 (clothes_situational:weight)
[15:52:01][E][jomini_script_system.cpp:303]: Script system error!
  Error: has_game_rule trigger [ Invalid database object 'show_armor_enabled' ]
  Script location: file: gfx/portraits/portrait_modifiers/05_clothes_situational.txt line: 1202 (clothes_situational:weight)

[15:52:01][E][jomini_trigger.cpp:243]: PostValidate of trigger 'has_game_rule' returned false at file: gfx/portraits/portrait_modifiers/05_clothes_situational.txt line: 1202 (clothes_situational:weight)
[15:52:01][E][jomini_script_system.cpp:303]: Script system error!
  Error: has_game_rule trigger [ Invalid database object 'show_armor_enabled' ]
  Script location: file: gfx/portraits/portrait_modifiers/05_clothes_situational.txt line: 1248 (clothes_situational:weight)

[15:52:01][E][jomini_trigger.cpp:243]: PostValidate of trigger 'has_game_rule' returned false at file: gfx/portraits/portrait_modifiers/05_clothes_situational.txt line: 1248 (clothes_situational:weight)
[15:52:01][E][jomini_script_system.cpp:303]: Script system error!
  Error: has_game_rule trigger [ Invalid database object 'show_armor_enabled' ]
  Script location: file: gfx/portraits/portrait_modifiers/05_clothes_situational.txt line: 1292 (clothes_situational:weight)

[15:52:01][E][jomini_trigger.cpp:243]: PostValidate of trigger 'has_game_rule' returned false at file: gfx/portraits/portrait_modifiers/05_clothes_situational.txt line: 1292 (clothes_situational:weight)
[15:52:01][E][jomini_script_system.cpp:303]: Script system error!
  Error: has_game_rule trigger [ Invalid database object 'show_armor_enabled' ]
  Script location: file: gfx/portraits/portrait_modifiers/05_clothes_situational.txt line: 1338 (clothes_situational:weight)

[15:52:01][E][jomini_trigger.cpp:243]: PostValidate of trigger 'has_game_rule' returned false at file: gfx/portraits/portrait_modifiers/05_clothes_situational.txt line: 1338 (clothes_situational:weight)
[15:52:01][E][jomini_script_system.cpp:303]: Script system error!
  Error: has_game_rule trigger [ Invalid database object 'show_armor_enabled' ]
  Script location: file: gfx/portraits/portrait_modifiers/05_clothes_situational.txt line: 1382 (clothes_situational:weight)

[15:52:01][E][jomini_trigger.cpp:243]: PostValidate of trigger 'has_game_rule' returned false at file: gfx/portraits/portrait_modifiers/05_clothes_situational.txt line: 1382 (clothes_situational:weight)
[15:52:01][E][jomini_script_system.cpp:303]: Script system error!
  Error: has_game_rule trigger [ Invalid database object 'show_armor_enabled' ]
  Script location: file: gfx/portraits/portrait_modifiers/05_clothes_situational.txt line: 1428 (clothes_situational:weight)

[15:52:01][E][jomini_trigger.cpp:243]: PostValidate of trigger 'has_game_rule' returned false at file: gfx/portraits/portrait_modifiers/05_clothes_situational.txt line: 1428 (clothes_situational:weight)
[15:52:01][E][jomini_script_system.cpp:303]: Script system error!
  Error: has_game_rule trigger [ Invalid database object 'show_armor_enabled' ]
  Script location: file: gfx/portraits/portrait_modifiers/05_clothes_situational.txt line: 1472 (clothes_situational:weight)

[15:52:01][E][jomini_trigger.cpp:243]: PostValidate of trigger 'has_game_rule' returned false at file: gfx/portraits/portrait_modifiers/05_clothes_situational.txt line: 1472 (clothes_situational:weight)
[15:52:01][E][jomini_script_system.cpp:303]: Script system error!
  Error: has_game_rule trigger [ Invalid database object 'show_armor_enabled' ]
  Script location: file: gfx/portraits/portrait_modifiers/05_clothes_situational.txt line: 1518 (clothes_situational:weight)

[15:52:01][E][jomini_trigger.cpp:243]: PostValidate of trigger 'has_game_rule' returned false at file: gfx/portraits/portrait_modifiers/05_clothes_situational.txt line: 1518 (clothes_situational:weight)
[15:52:01][E][jomini_script_system.cpp:303]: Script system error!
  Error: has_game_rule trigger [ Invalid database object 'show_armor_enabled' ]
  Script location: file: gfx/portraits/portrait_modifiers/05_clothes_situational.txt line: 1562 (clothes_situational:weight)

[15:52:01][E][jomini_trigger.cpp:243]: PostValidate of trigger 'has_game_rule' returned false at file: gfx/portraits/portrait_modifiers/05_clothes_situational.txt line: 1562 (clothes_situational:weight)
[15:52:01][E][jomini_script_system.cpp:303]: Script system error!
  Error: has_game_rule trigger [ Invalid database object 'show_armor_enabled' ]
  Script location: file: gfx/portraits/portrait_modifiers/05_headgear_situational.txt line: 338 (headgear_situational:weight)

[15:52:01][E][jomini_trigger.cpp:243]: PostValidate of trigger 'has_game_rule' returned false at file: gfx/portraits/portrait_modifiers/05_headgear_situational.txt line: 338 (headgear_situational:weight)
[15:52:01][E][jomini_script_system.cpp:303]: Script system error!
  Error: has_game_rule trigger [ Invalid database object 'show_armor_enabled' ]
  Script location: file: gfx/portraits/portrait_modifiers/05_headgear_situational.txt line: 395 (headgear_situational:weight)

[15:52:01][E][jomini_trigger.cpp:243]: PostValidate of trigger 'has_game_rule' returned false at file: gfx/portraits/portrait_modifiers/05_headgear_situational.txt line: 395 (headgear_situational:weight)
[15:52:01][E][jomini_script_system.cpp:303]: Script system error!
  Error: has_game_rule trigger [ Invalid database object 'show_armor_enabled' ]
  Script location: file: gfx/portraits/portrait_modifiers/05_headgear_situational.txt line: 3127 (headgear_situational:weight)

[15:52:01][E][jomini_trigger.cpp:243]: PostValidate of trigger 'has_game_rule' returned false at file: gfx/portraits/portrait_modifiers/05_headgear_situational.txt line: 3127 (headgear_situational:weight)
[15:52:01][E][jomini_script_system.cpp:303]: Script system error!
  Error: has_game_rule trigger [ Invalid database object 'show_armor_enabled' ]
  Script location: file: gfx/portraits/portrait_modifiers/05_headgear_situational.txt line: 3174 (headgear_situational:weight)

[15:52:01][E][jomini_trigger.cpp:243]: PostValidate of trigger 'has_game_rule' returned false at file: gfx/portraits/portrait_modifiers/05_headgear_situational.txt line: 3174 (headgear_situational:weight)
[15:52:01][E][jomini_script_system.cpp:303]: Script system error!
  Error: has_game_rule trigger [ Invalid database object 'show_armor_enabled' ]
  Script location: file: gfx/portraits/portrait_modifiers/05_headgear_situational.txt line: 3222 (headgear_situational:weight)

[15:52:01][E][jomini_trigger.cpp:243]: PostValidate of trigger 'has_game_rule' returned false at file: gfx/portraits/portrait_modifiers/05_headgear_situational.txt line: 3222 (headgear_situational:weight)
[15:52:01][E][jomini_script_system.cpp:303]: Script system error!
  Error: has_game_rule trigger [ Invalid database object 'show_armor_enabled' ]
  Script location: file: gfx/portraits/portrait_modifiers/05_headgear_situational.txt line: 3266 (headgear_situational:weight)

[15:52:01][E][jomini_trigger.cpp:243]: PostValidate of trigger 'has_game_rule' returned false at file: gfx/portraits/portrait_modifiers/05_headgear_situational.txt line: 3266 (headgear_situational:weight)
[15:52:01][E][jomini_script_system.cpp:303]: Script system error!
  Error: has_game_rule trigger [ Invalid database object 'show_armor_enabled' ]
  Script location: file: gfx/portraits/portrait_modifiers/05_headgear_situational.txt line: 3310 (headgear_situational:weight)

[15:52:01][E][jomini_trigger.cpp:243]: PostValidate of trigger 'has_game_rule' returned false at file: gfx/portraits/portrait_modifiers/05_headgear_situational.txt line: 3310 (headgear_situational:weight)
[15:52:01][E][jomini_script_system.cpp:303]: Script system error!
  Error: has_game_rule trigger [ Invalid database object 'show_armor_enabled' ]
  Script location: file: gfx/portraits/portrait_modifiers/05_headgear_situational.txt line: 3355 (headgear_situational:weight)

[15:52:01][E][jomini_trigger.cpp:243]: PostValidate of trigger 'has_game_rule' returned false at file: gfx/portraits/portrait_modifiers/05_headgear_situational.txt line: 3355 (headgear_situational:weight)
[15:52:01][E][jomini_script_system.cpp:303]: Script system error!
  Error: is_struggle_type trigger [ Invalid database object 'persian_struggle' ]
  Script location: file: common/character_interactions/DI_character_interaction.txt line: 1415 (DI_arrange_marriage_interaction:is_shown)

[15:52:01][E][jomini_trigger.cpp:243]: PostValidate of trigger 'is_struggle_type' returned false at file: common/character_interactions/DI_character_interaction.txt line: 1415 (DI_arrange_marriage_interaction:is_shown)
[15:52:01][E][jomini_script_system.cpp:303]: Script system error!
  Error: has_struggle_phase_parameter trigger [ Bool phase parameter 'can_trade_piety_for_marriage_acceptance' does not exist ]
  Script location: file: common/character_interactions/DI_character_interaction.txt line: 1416 (DI_arrange_marriage_interaction:is_shown)

[15:52:01][E][jomini_trigger.cpp:243]: PostValidate of trigger 'has_struggle_phase_parameter' returned false at file: common/character_interactions/DI_character_interaction.txt line: 1416 (DI_arrange_marriage_interaction:is_shown)
[15:52:01][E][jomini_script_system.cpp:303]: Script system error!
  Error: is_struggle_type trigger [ Invalid database object 'persian_struggle' ]
  Script location: file: common/character_interactions/DI_character_interaction.txt line: 1424 (DI_arrange_marriage_interaction:is_valid)

[15:52:01][E][jomini_trigger.cpp:243]: PostValidate of trigger 'is_struggle_type' returned false at file: common/character_interactions/DI_character_interaction.txt line: 1424 (DI_arrange_marriage_interaction:is_valid)
[15:52:01][E][jomini_script_system.cpp:303]: Script system error!
  Error: is_struggle_type trigger [ Invalid database object 'persian_struggle' ]
  Script location: file: common/character_interactions/DI_character_interaction.txt line: 1430 (DI_arrange_marriage_interaction:is_valid)

[15:52:01][E][jomini_trigger.cpp:243]: PostValidate of trigger 'is_struggle_type' returned false at file: common/character_interactions/DI_character_interaction.txt line: 1430 (DI_arrange_marriage_interaction:is_valid)
[15:52:01][E][jomini_script_system.cpp:303]: Script system error!
  Error: is_in_family trigger [ Invalid database object 'rf_abrahamic' ]
  Script location: file: common/scripted_effects/DI_char_spawner_effects.txt line: 1464 (DI_char_spawner_resolve_origin_effect)

[15:52:01][E][jomini_trigger.cpp:243]: PostValidate of trigger 'is_in_family' returned false at file: common/scripted_effects/DI_char_spawner_effects.txt line: 1464 (DI_char_spawner_resolve_origin_effect)
[15:52:01][E][jomini_script_system.cpp:303]: Script system error!
  Error: is_in_family trigger [ Invalid database object 'rf_abrahamic' ]
  Script location: file: common/scripted_effects/DI_char_spawner_effects.txt line: 1466 (DI_char_spawner_resolve_origin_effect)

[15:52:01][E][jomini_trigger.cpp:243]: PostValidate of trigger 'is_in_family' returned false at file: common/scripted_effects/DI_char_spawner_effects.txt line: 1466 (DI_char_spawner_resolve_origin_effect)
[15:52:01][E][jomini_script_system.cpp:303]: Script system error!
  Error: is_in_family trigger [ Invalid database object 'rf_eastern' ]
  Script location: file: common/scripted_effects/DI_char_spawner_effects.txt line: 1470 (DI_char_spawner_resolve_origin_effect)

[15:52:01][E][jomini_trigger.cpp:243]: PostValidate of trigger 'is_in_family' returned false at file: common/scripted_effects/DI_char_spawner_effects.txt line: 1470 (DI_char_spawner_resolve_origin_effect)
[15:52:01][E][jomini_script_system.cpp:303]: Script system error!
  Error: is_in_family trigger [ Invalid database object 'rf_eastern' ]
  Script location: file: common/scripted_effects/DI_char_spawner_effects.txt line: 1472 (DI_char_spawner_resolve_origin_effect)

[15:52:01][E][jomini_trigger.cpp:243]: PostValidate of trigger 'is_in_family' returned false at file: common/scripted_effects/DI_char_spawner_effects.txt line: 1472 (DI_char_spawner_resolve_origin_effect)
[15:52:01][E][jomini_script_system.cpp:303]: Script system error!
  Error: is_in_family trigger [ Invalid database object 'rf_sinitic' ]
  Script location: file: common/scripted_effects/DI_char_spawner_effects.txt line: 1476 (DI_char_spawner_resolve_origin_effect)

[15:52:01][E][jomini_trigger.cpp:243]: PostValidate of trigger 'is_in_family' returned false at file: common/scripted_effects/DI_char_spawner_effects.txt line: 1476 (DI_char_spawner_resolve_origin_effect)
[15:52:01][E][jomini_script_system.cpp:303]: Script system error!
  Error: is_in_family trigger [ Invalid database object 'rf_sinitic' ]
  Script location: file: common/scripted_effects/DI_char_spawner_effects.txt line: 1478 (DI_char_spawner_resolve_origin_effect)

[15:52:01][E][jomini_trigger.cpp:243]: PostValidate of trigger 'is_in_family' returned false at file: common/scripted_effects/DI_char_spawner_effects.txt line: 1478 (DI_char_spawner_resolve_origin_effect)
[15:52:01][E][jomini_script_system.cpp:303]: Script system error!
  Error: is_in_family trigger [ Invalid database object 'rf_pagan' ]
  Script location: file: common/scripted_effects/DI_char_spawner_effects.txt line: 1482 (DI_char_spawner_resolve_origin_effect)

[15:52:01][E][jomini_trigger.cpp:243]: PostValidate of trigger 'is_in_family' returned false at file: common/scripted_effects/DI_char_spawner_effects.txt line: 1482 (DI_char_spawner_resolve_origin_effect)
[15:52:01][E][jomini_script_system.cpp:303]: Script system error!
  Error: is_in_family trigger [ Invalid database object 'rf_pagan' ]
  Script location: file: common/scripted_effects/DI_char_spawner_effects.txt line: 1484 (DI_char_spawner_resolve_origin_effect)

[15:52:01][E][jomini_trigger.cpp:243]: PostValidate of trigger 'is_in_family' returned false at file: common/scripted_effects/DI_char_spawner_effects.txt line: 1484 (DI_char_spawner_resolve_origin_effect)
[15:52:01][E][jomini_script_system.cpp:303]: Script system error!
  Error: has_game_rule trigger [ Invalid database object 'show_crowns_without_coronation_enabled' ]
  Script location: file: common/scripted_triggers/00_agot_crown_triggers.txt line: 145 (agot_default_wear_crown_trigger)

[15:52:01][E][jomini_trigger.cpp:243]: PostValidate of trigger 'has_game_rule' returned false at file: common/scripted_triggers/00_agot_crown_triggers.txt line: 145 (agot_default_wear_crown_trigger)
[15:52:01][E][jomini_script_system.cpp:303]: Script system error!
  Error: has_game_rule trigger [ Invalid database object 'show_crowns_without_coronation_enabled' ]
  Script location: file: common/scripted_triggers/00_agot_crown_triggers.txt line: 150 (agot_default_wear_crown_trigger)

[15:52:01][E][jomini_trigger.cpp:243]: PostValidate of trigger 'has_game_rule' returned false at file: common/scripted_triggers/00_agot_crown_triggers.txt line: 150 (agot_default_wear_crown_trigger)
[15:52:01][E][jomini_script_system.cpp:303]: Script system error!
  Error: has_game_rule trigger [ Invalid database object 'show_crowns_without_coronation_enabled' ]
  Script location: file: common/scripted_triggers/00_agot_crown_triggers.txt line: 187 (agot_default_wear_crown_trigger)

[15:52:01][E][jomini_trigger.cpp:243]: PostValidate of trigger 'has_game_rule' returned false at file: common/scripted_triggers/00_agot_crown_triggers.txt line: 187 (agot_default_wear_crown_trigger)
[15:52:01][E][jomini_script_system.cpp:303]: Script system error!
  Error: has_game_rule trigger [ Invalid database object 'show_crowns_without_coronation_enabled' ]
  Script location: file: common/scripted_triggers/00_agot_crown_triggers.txt line: 193 (agot_default_wear_crown_trigger)

[15:52:01][E][jomini_trigger.cpp:243]: PostValidate of trigger 'has_game_rule' returned false at file: common/scripted_triggers/00_agot_crown_triggers.txt line: 193 (agot_default_wear_crown_trigger)
[15:52:01][E][jomini_script_system.cpp:303]: Script system error!
  Error: has_game_rule trigger [ Invalid database object 'tgc_enabled_enabled' ]
  Script location: file: common/scripted_triggers/tgc_loaded_trigger.txt line: 11 (tgc_standard_equipment_trigger)

[15:52:01][E][jomini_trigger.cpp:243]: PostValidate of trigger 'has_game_rule' returned false at file: common/scripted_triggers/tgc_loaded_trigger.txt line: 11 (tgc_standard_equipment_trigger)
[15:52:01][E][jomini_script_system.cpp:303]: Script system error!
  Error: has_game_rule trigger [ Invalid database object 'tgc_enabled_enabled' ]
  Script location: file: common/scripted_triggers/tgc_loaded_trigger.txt line: 59 (tgc_captain_equipment_trigger)

[15:52:01][E][jomini_trigger.cpp:243]: PostValidate of trigger 'has_game_rule' returned false at file: common/scripted_triggers/tgc_loaded_trigger.txt line: 59 (tgc_captain_equipment_trigger)
[15:52:01][E][jomini_script_system.cpp:303]: Script system error!
  Error: has_game_rule trigger [ Invalid database object 'tgc_enabled_enabled' ]
  Script location: file: common/scripted_triggers/tgc_loaded_trigger.txt line: 94 (tgc_blackfyre_or_targ_equipment_trigger)

[15:52:01][E][jomini_trigger.cpp:243]: PostValidate of trigger 'has_game_rule' returned false at file: common/scripted_triggers/tgc_loaded_trigger.txt line: 94 (tgc_blackfyre_or_targ_equipment_trigger)
[15:52:01][E][jomini_script_system.cpp:303]: Script system error!
  Error: has_game_rule trigger [ Invalid database object 'tgc_blackfyre_enabled' ]
  Script location: file: common/scripted_triggers/tgc_loaded_trigger.txt line: 104 (tgc_blackfyre_equipment_trigger)

[15:52:01][E][jomini_trigger.cpp:243]: PostValidate of trigger 'has_game_rule' returned false at file: common/scripted_triggers/tgc_loaded_trigger.txt line: 104 (tgc_blackfyre_equipment_trigger)
[15:52:01][E][jomini_script_system.cpp:303]: Script system error!
  Error: has_game_rule trigger [ Invalid database object 'tgc_faegon_enabled' ]
  Script location: file: common/scripted_triggers/tgc_loaded_trigger.txt line: 120 (tgc_blackfyre_equipment_trigger)

[15:52:01][E][jomini_trigger.cpp:243]: PostValidate of trigger 'has_game_rule' returned false at file: common/scripted_triggers/tgc_loaded_trigger.txt line: 120 (tgc_blackfyre_equipment_trigger)
[15:52:01][E][jomini_script_system.cpp:303]: Script system error!
  Error: has_game_rule trigger [ Invalid database object 'tgc_faegon_enabled' ]
  Script location: file: common/scripted_triggers/tgc_loaded_trigger.txt line: 140 (tgc_targaryen_equipment_trigger)

[15:52:01][E][jomini_trigger.cpp:243]: PostValidate of trigger 'has_game_rule' returned false at file: common/scripted_triggers/tgc_loaded_trigger.txt line: 140 (tgc_targaryen_equipment_trigger)
[15:52:01][E][jomini_script_system.cpp:303]: Script system error!
  Error: has_game_rule trigger [ Invalid database object 'tgc_enabled_enabled' ]
  Script location: file: common/scripted_triggers/tgc_loaded_trigger.txt line: 163 (tgc_blackfyre_house_equipment_trigger)

[15:52:01][E][jomini_trigger.cpp:243]: PostValidate of trigger 'has_game_rule' returned false at file: common/scripted_triggers/tgc_loaded_trigger.txt line: 163 (tgc_blackfyre_house_equipment_trigger)
[15:52:01][E][jomini_script_system.cpp:303]: Script system error!
  Error: has_game_rule trigger [ Invalid database object 'tgc_blackfyre_enabled' ]
  Script location: file: common/scripted_triggers/tgc_loaded_trigger.txt line: 164 (tgc_blackfyre_house_equipment_trigger)

[15:52:01][E][jomini_trigger.cpp:243]: PostValidate of trigger 'has_game_rule' returned false at file: common/scripted_triggers/tgc_loaded_trigger.txt line: 164 (tgc_blackfyre_house_equipment_trigger)
[15:52:01][E][jomini_effect.cpp:1161]: Flag 'agot_ruins_ghoyan_drohe_01' is used but is never set. Setting it in an unused scripted trigger or effect does not count
[15:52:01][E][jomini_effect.cpp:1161]: Flag 'agot_ruins_home_port_02' is used but is never set. Setting it in an unused scripted trigger or effect does not count
[15:52:01][E][jomini_effect.cpp:1161]: Flag 'agot_jewel_of_the_qhoyne_01' is used but is never set. Setting it in an unused scripted trigger or effect does not count
[15:52:01][E][jomini_effect.cpp:1161]: Flag 'agot_ruins_ny_sar_03' is used but is never set. Setting it in an unused scripted trigger or effect does not count
[15:52:01][E][jomini_effect.cpp:1161]: Flag 'agot_wrecks_of_dagger_lake_01' is used but is never set. Setting it in an unused scripted trigger or effect does not count
[15:52:01][E][jomini_effect.cpp:1161]: Flag 'broadarch_01' is used but is never set. Setting it in an unused scripted trigger or effect does not count
[15:52:01][E][jomini_effect.cpp:1161]: Flag 'agot_castamere_02' is used but is never set. Setting it in an unused scripted trigger or effect does not count
[15:52:01][E][jomini_effect.cpp:1161]: Flag '24castamere_03' is used but is never set. Setting it in an unused scripted trigger or effect does not count
[15:52:01][E][jomini_effect.cpp:1161]: Flag 'settlement_holding' is used but is never set. Setting it in an unused scripted trigger or effect does not count
[15:52:01][E][jomini_effect.cpp:1161]: Flag 'agot_lonely_light_03' is used but is never set. Setting it in an unused scripted trigger or effect does not count
[15:52:01][E][jomini_effect.cpp:1161]: Flag 'agot_tianos_bastion_03' is used but is never set. Setting it in an unused scripted trigger or effect does not count
[15:52:01][E][jomini_effect.cpp:1161]: Flag 'agot_golden_granary_01' is used but is never set. Setting it in an unused scripted trigger or effect does not count
[15:52:01][E][jomini_effect.cpp:1161]: Flag 'agot_ruins_temple_of_the_womb_03' is used but is never set. Setting it in an unused scripted trigger or effect does not count
[15:52:01][E][jomini_effect.cpp:1161]: Flag 'oldstones_restored_final' is used but is never set. Setting it in an unused scripted trigger or effect does not count
[15:52:01][E][jomini_effect.cpp:1161]: Flag 'deepwood_motte_01' is used but is never set. Setting it in an unused scripted trigger or effect does not count
[15:52:01][E][jomini_effect.cpp:1161]: Flag 'agot_ruins_gate_of_the_mother_01' is used but is never set. Setting it in an unused scripted trigger or effect does not count
[15:52:01][E][jomini_effect.cpp:1161]: Flag 'agot_ruins_palace_of_sorrows_02' is used but is never set. Setting it in an unused scripted trigger or effect does not count
[15:52:01][E][jomini_effect.cpp:1161]: Flag 'ruin_holding' is used but is never set. Setting it in an unused scripted trigger or effect does not count
[15:52:01][E][jomini_effect.cpp:1161]: Flag 'monastery_holding' is used but is never set. Setting it in an unused scripted trigger or effect does not count
[15:52:01][E][jomini_effect.cpp:1161]: Flag 'agot_norvos_caves_01' is used but is never set. Setting it in an unused scripted trigger or effect does not count
[15:52:01][E][jomini_effect.cpp:1161]: Flag 'agot_ruins_fogs_touch_quarter_01' is used but is never set. Setting it in an unused scripted trigger or effect does not count
[15:52:01][E][jomini_effect.cpp:1161]: Flag 'agot_the_obsidian_gatehouse_01' is used but is never set. Setting it in an unused scripted trigger or effect does not count
[15:52:01][E][jomini_effect.cpp:1161]: Flag 'agot_ruins_home_port_03' is used but is never set. Setting it in an unused scripted trigger or effect does not count
[15:52:01][E][jomini_effect.cpp:1161]: Flag 'crag_full' is used but is never set. Setting it in an unused scripted trigger or effect does not count
[15:52:01][E][jomini_effect.cpp:1161]: Flag 'agot_tianos_bastion_01' is used but is never set. Setting it in an unused scripted trigger or effect does not count
[15:52:01][E][jomini_effect.cpp:1161]: Flag 'flint_tower_01' is used but is never set. Setting it in an unused scripted trigger or effect does not count
[15:52:01][E][jomini_effect.cpp:1161]: Flag 'agot_ruins_foreign_port_01' is used but is never set. Setting it in an unused scripted trigger or effect does not count
[15:52:01][E][jomini_effect.cpp:1161]: Flag 'agot_ruin_agot_dead_goose_tree_01' is used but is never set. Setting it in an unused scripted trigger or effect does not count
[15:52:01][E][jomini_effect.cpp:1161]: Flag 'agot_castamere_03' is used but is never set. Setting it in an unused scripted trigger or effect does not count
[15:52:01][E][jomini_effect.cpp:1161]: Flag 'agot_crossroads_market_01' is used but is never set. Setting it in an unused scripted trigger or effect does not count
[15:52:01][E][jomini_effect.cpp:1161]: Flag 'agot_hall_of_the_streets_01' is used but is never set. Setting it in an unused scripted trigger or effect does not count
[15:52:01][E][jomini_effect.cpp:1161]: Flag 'agot_goat_fort_01' is used but is never set. Setting it in an unused scripted trigger or effect does not count
[15:52:01][E][jomini_effect.cpp:1161]: Flag 'agot_ruins_festival_calle_02' is used but is never set. Setting it in an unused scripted trigger or effect does not count
[15:52:01][E][jomini_effect.cpp:1161]: Flag 'agot_helanah_fort_01' is used but is never set. Setting it in an unused scripted trigger or effect does not count
[15:52:01][E][jomini_effect.cpp:1161]: Flag 'wilderness_holding' is used but is never set. Setting it in an unused scripted trigger or effect does not count
[15:52:01][E][jomini_effect.cpp:1161]: Flag 'agot_onyx_palace_01' is used but is never set. Setting it in an unused scripted trigger or effect does not count
[15:52:01][E][jomini_effect.cpp:1161]: Flag 'agot_ruins_ar_noy_02' is used but is never set. Setting it in an unused scripted trigger or effect does not count
[15:52:01][E][jomini_effect.cpp:1161]: Flag 'agot_bloody_axe_pass_01' is used but is never set. Setting it in an unused scripted trigger or effect does not count
[15:52:01][E][jomini_effect.cpp:1161]: Flag 'fanghill_01' is used but is never set. Setting it in an unused scripted trigger or effect does not count
[15:52:01][E][jomini_effect.cpp:1161]: Flag 'agot_revosghar_01' is used but is never set. Setting it in an unused scripted trigger or effect does not count
[15:52:01][E][jomini_effect.cpp:1161]: Flag 'agot_grand_slave_markets_of_qohor_01' is used but is never set. Setting it in an unused scripted trigger or effect does not count
[15:52:01][E][jomini_effect.cpp:1161]: Flag 'agot_ruins_ghoyan_drohe_03' is used but is never set. Setting it in an unused scripted trigger or effect does not count
[15:52:01][E][jomini_effect.cpp:1161]: Flag 'the_arbor_01' is used but is never set. Setting it in an unused scripted trigger or effect does not count
[15:52:01][E][jomini_effect.cpp:1161]: Flag 'agot_ruins_bridge_of_dreams_02' is used but is never set. Setting it in an unused scripted trigger or effect does not count
[15:52:01][E][jomini_effect.cpp:1161]: Flag 'oldstones_old_new' is used but is never set. Setting it in an unused scripted trigger or effect does not count
[15:52:01][E][jomini_effect.cpp:1161]: Flag 'agot_sinners_steps_01' is used but is never set. Setting it in an unused scripted trigger or effect does not count
[15:52:01][E][jomini_effect.cpp:1161]: Flag 'agot_ruins_tianos_bastion_03' is used but is never set. Setting it in an unused scripted trigger or effect does not count
[15:52:01][E][jomini_effect.cpp:1161]: Flag 'unknown_holding' is used but is never set. Setting it in an unused scripted trigger or effect does not count
[15:52:01][E][jomini_effect.cpp:1161]: Flag 'agot_red_temple_lorath_01' is used but is never set. Setting it in an unused scripted trigger or effect does not count
[15:52:01][E][jomini_effect.cpp:1161]: Flag 'crag_03' is used but is never set. Setting it in an unused scripted trigger or effect does not count
[15:52:01][E][jomini_effect.cpp:1161]: Flag 'agot_braided_barracks_01' is used but is never set. Setting it in an unused scripted trigger or effect does not count
[15:52:01][E][jomini_effect.cpp:1161]: Flag 'agot_ruins_ar_noy_01' is used but is never set. Setting it in an unused scripted trigger or effect does not count
[15:52:01][E][jomini_effect.cpp:1161]: Flag 'agot_ruins_foreign_port_03' is used but is never set. Setting it in an unused scripted trigger or effect does not count
[15:52:01][E][jomini_effect.cpp:1161]: Flag 'agot_ruins_ny_sar_01' is used but is never set. Setting it in an unused scripted trigger or effect does not count
[15:52:01][E][jomini_effect.cpp:1161]: Flag 'agot_ruins_tianos_bastion_05' is used but is never set. Setting it in an unused scripted trigger or effect does not count
[15:52:01][E][jomini_effect.cpp:1161]: Flag 'agot_sanguine_pyramid_01' is used but is never set. Setting it in an unused scripted trigger or effect does not count
[15:52:01][E][jomini_effect.cpp:1161]: Flag 'agot_ruins_palace_of_sorrows_04' is used but is never set. Setting it in an unused scripted trigger or effect does not count
[15:52:01][E][jomini_effect.cpp:1161]: Flag 'cow_duskendale_01' is used but is never set. Setting it in an unused scripted trigger or effect does not count
[15:52:01][E][jomini_effect.cpp:1161]: Flag 'agot_lonely_light_02' is used but is never set. Setting it in an unused scripted trigger or effect does not count
[15:52:01][E][jomini_effect.cpp:1161]: Flag 'agot_temple_of_the_piercing_light_01' is used but is never set. Setting it in an unused scripted trigger or effect does not count
[15:52:01][E][jomini_effect.cpp:1161]: Flag 'agot_barbate_fortress_01' is used but is never set. Setting it in an unused scripted trigger or effect does not count
[15:52:01][E][jomini_effect.cpp:1161]: Flag 'agot_ebon_ridge_01' is used but is never set. Setting it in an unused scripted trigger or effect does not count
[15:52:01][E][jomini_effect.cpp:1161]: Flag '24castamere_01' is used but is never set. Setting it in an unused scripted trigger or effect does not count
[15:52:01][E][jomini_effect.cpp:1161]: Flag 'agot_yaghorsosten_harbor_01' is used but is never set. Setting it in an unused scripted trigger or effect does not count
[15:52:01][E][jomini_effect.cpp:1161]: Flag 'hornhill_01' is used but is never set. Setting it in an unused scripted trigger or effect does not count
[15:52:01][E][jomini_effect.cpp:1161]: Flag 'agot_bear_trap_01' is used but is never set. Setting it in an unused scripted trigger or effect does not count
[15:52:01][E][jomini_effect.cpp:1161]: Flag 'agot_turtle_lake_01' is used but is never set. Setting it in an unused scripted trigger or effect does not count
[15:52:01][E][jomini_effect.cpp:1161]: Flag 'agot_dorenrashi_01' is used but is never set. Setting it in an unused scripted trigger or effect does not count
[15:52:01][E][jomini_effect.cpp:1161]: Flag 'agot_ruins_bridge_of_dreams_01' is used but is never set. Setting it in an unused scripted trigger or effect does not count
[15:52:01][E][jomini_effect.cpp:1161]: Flag 'agot_green_marble_quarries_01' is used but is never set. Setting it in an unused scripted trigger or effect does not count
[15:52:01][E][jomini_effect.cpp:1161]: Flag 'agot_leviathan_beach_01' is used but is never set. Setting it in an unused scripted trigger or effect does not count
[15:52:01][E][jomini_effect.cpp:1161]: Flag 'agot_ruins_ny_sar_02' is used but is never set. Setting it in an unused scripted trigger or effect does not count
[15:52:01][E][jomini_effect.cpp:1161]: Flag 'agot_lonely_light_05' is used but is never set. Setting it in an unused scripted trigger or effect does not count
[15:52:01][E][jomini_effect.cpp:1161]: Flag 'high_hermitage_01' is used but is never set. Setting it in an unused scripted trigger or effect does not count
[15:52:01][E][jomini_effect.cpp:1161]: Flag 'agot_tianos_bastion_02' is used but is never set. Setting it in an unused scripted trigger or effect does not count
[15:52:01][E][jomini_effect.cpp:1161]: Flag 'agot_the_silver_mountain_01' is used but is never set. Setting it in an unused scripted trigger or effect does not count
[15:52:01][E][jomini_effect.cpp:1161]: Flag 'pirate_den_holding' is used but is never set. Setting it in an unused scripted trigger or effect does not count
[15:52:01][E][jomini_effect.cpp:1161]: Flag 'agot_lonely_light_04' is used but is never set. Setting it in an unused scripted trigger or effect does not count
[15:52:01][E][jomini_effect.cpp:1161]: Flag 'agot_low_port_01' is used but is never set. Setting it in an unused scripted trigger or effect does not count
[15:52:01][E][jomini_effect.cpp:1161]: Flag 'agot_third_eye_refuge_01' is used but is never set. Setting it in an unused scripted trigger or effect does not count
[15:52:01][E][jomini_effect.cpp:1161]: Flag 'agot_ruins_tianos_bastion_04' is used but is never set. Setting it in an unused scripted trigger or effect does not count
[15:52:01][E][jomini_effect.cpp:1161]: Flag 'agot_jorreblenon_01' is used but is never set. Setting it in an unused scripted trigger or effect does not count
[15:52:01][E][jomini_effect.cpp:1161]: Flag 'agot_ruins_gate_of_the_mother_03' is used but is never set. Setting it in an unused scripted trigger or effect does not count
[15:52:01][E][jomini_effect.cpp:1161]: Flag 'agot_khals_run_01' is used but is never set. Setting it in an unused scripted trigger or effect does not count
[15:52:01][E][jomini_effect.cpp:1161]: Flag 'crag_01' is used but is never set. Setting it in an unused scripted trigger or effect does not count
[15:52:01][E][jomini_effect.cpp:1161]: Flag 'agot_ruins_home_port_01' is used but is never set. Setting it in an unused scripted trigger or effect does not count
[15:52:01][E][jomini_effect.cpp:1161]: Flag 'agot_port_ampnavath_01' is used but is never set. Setting it in an unused scripted trigger or effect does not count
[15:52:01][E][jomini_effect.cpp:1161]: Flag 'agot_ruins_temple_of_the_womb_01' is used but is never set. Setting it in an unused scripted trigger or effect does not count
[15:52:01][E][jomini_effect.cpp:1161]: Flag 'agot_hairy_port_01' is used but is never set. Setting it in an unused scripted trigger or effect does not count
[15:52:01][E][jomini_effect.cpp:1161]: Flag 'agot_ruins_fogs_touch_quarter_03' is used but is never set. Setting it in an unused scripted trigger or effect does not count
[15:52:01][E][jomini_effect.cpp:1161]: Flag 'palestone_sword_01' is used but is never set. Setting it in an unused scripted trigger or effect does not count
[15:52:01][E][jomini_effect.cpp:1161]: Flag 'agot_breakwater_01' is used but is never set. Setting it in an unused scripted trigger or effect does not count
[15:52:01][E][jomini_effect.cpp:1161]: Flag 'ashemark_01' is used but is never set. Setting it in an unused scripted trigger or effect does not count
[15:52:01][E][jomini_effect.cpp:1161]: Flag 'agot_qohor_digores_01' is used but is never set. Setting it in an unused scripted trigger or effect does not count
[15:52:01][E][jomini_effect.cpp:1161]: Flag 'agot_ruins_tianos_bastion_01' is used but is never set. Setting it in an unused scripted trigger or effect does not count
[15:52:01][E][jomini_effect.cpp:1161]: Flag 'agot_smiths_walls_01' is used but is never set. Setting it in an unused scripted trigger or effect does not count
[15:52:01][E][jomini_effect.cpp:1161]: Flag 'agot_ruins_festival_calle_03' is used but is never set. Setting it in an unused scripted trigger or effect does not count
[15:52:01][E][jomini_effect.cpp:1161]: Flag 'agot_ruins_festival_calle_01' is used but is never set. Setting it in an unused scripted trigger or effect does not count
[15:52:01][E][jomini_effect.cpp:1161]: Flag 'agot_meletista_01' is used but is never set. Setting it in an unused scripted trigger or effect does not count
[15:52:01][E][jomini_effect.cpp:1161]: Flag 'agot_carillon_walls_01' is used but is never set. Setting it in an unused scripted trigger or effect does not count
[15:52:01][E][jomini_effect.cpp:1161]: Flag 'agot_ruins_fogs_touch_quarter_02' is used but is never set. Setting it in an unused scripted trigger or effect does not count
[15:52:01][E][jomini_effect.cpp:1161]: Flag 'cow_runestone_01' is used but is never set. Setting it in an unused scripted trigger or effect does not count
[15:52:01][E][jomini_effect.cpp:1161]: Flag 'agot_vostmont_01' is used but is never set. Setting it in an unused scripted trigger or effect does not count
[15:52:01][E][jomini_effect.cpp:1161]: Flag 'agot_ruins_ar_noy_03' is used but is never set. Setting it in an unused scripted trigger or effect does not count
[15:52:01][E][jomini_effect.cpp:1161]: Flag 'agot_ruins_palace_of_sorrows_01' is used but is never set. Setting it in an unused scripted trigger or effect does not count
[15:52:01][E][jomini_effect.cpp:1161]: Flag 'ironwrath_01' is used but is never set. Setting it in an unused scripted trigger or effect does not count
[15:52:01][E][jomini_effect.cpp:1161]: Flag 'seagard_01' is used but is never set. Setting it in an unused scripted trigger or effect does not count
[15:52:01][E][jomini_effect.cpp:1161]: Flag 'agot_forest_of_steel_01' is used but is never set. Setting it in an unused scripted trigger or effect does not count
[15:52:01][E][jomini_effect.cpp:1161]: Flag 'agot_ruins_ghoyan_drohe_02' is used but is never set. Setting it in an unused scripted trigger or effect does not count
[15:52:01][E][jomini_effect.cpp:1161]: Flag 'agot_noyne_watch_01' is used but is never set. Setting it in an unused scripted trigger or effect does not count
[15:52:01][E][jomini_effect.cpp:1161]: Flag 'agot_harvest_hall_01' is used but is never set. Setting it in an unused scripted trigger or effect does not count
[15:52:01][E][jomini_effect.cpp:1161]: Flag 'agot_the_bower_01' is used but is never set. Setting it in an unused scripted trigger or effect does not count
[15:52:01][E][jomini_effect.cpp:1161]: Flag 'agot_ruins_gate_of_the_mother_02' is used but is never set. Setting it in an unused scripted trigger or effect does not count
[15:52:01][E][jomini_effect.cpp:1161]: Flag 'agot_ruins_bridge_of_dreams_03' is used but is never set. Setting it in an unused scripted trigger or effect does not count
[15:52:01][E][jomini_effect.cpp:1161]: Flag 'agot_fisher_hall_01' is used but is never set. Setting it in an unused scripted trigger or effect does not count
[15:52:01][E][jomini_effect.cpp:1161]: Flag 'agot_qohor_docks_01' is used but is never set. Setting it in an unused scripted trigger or effect does not count
[15:52:01][E][jomini_effect.cpp:1161]: Flag 'agot_ruins_tianos_bastion_02' is used but is never set. Setting it in an unused scripted trigger or effect does not count
[15:52:01][E][jomini_effect.cpp:1161]: Flag 'agot_rivermans_haunt_01' is used but is never set. Setting it in an unused scripted trigger or effect does not count
[15:52:01][E][jomini_effect.cpp:1161]: Flag 'yronwood_01' is used but is never set. Setting it in an unused scripted trigger or effect does not count
[15:52:01][E][jomini_effect.cpp:1161]: Flag 'agot_ruins_temple_of_the_womb_02' is used but is never set. Setting it in an unused scripted trigger or effect does not count
[15:52:01][E][jomini_effect.cpp:1161]: Flag 'planky_town_special' is used but is never set. Setting it in an unused scripted trigger or effect does not count
[15:52:01][E][jomini_effect.cpp:1161]: Flag 'agot_high_port_01' is used but is never set. Setting it in an unused scripted trigger or effect does not count
[15:52:01][E][jomini_effect.cpp:1161]: Flag 'agot_brewery_grove_01' is used but is never set. Setting it in an unused scripted trigger or effect does not count
[15:52:01][E][jomini_effect.cpp:1161]: Flag 'agot_ruins_foreign_port_02' is used but is never set. Setting it in an unused scripted trigger or effect does not count
[15:52:01][E][jomini_effect.cpp:1161]: Flag 'oldstones_old_final' is used but is never set. Setting it in an unused scripted trigger or effect does not count
[15:52:01][E][jomini_effect.cpp:1161]: Flag 'crag_02' is used but is never set. Setting it in an unused scripted trigger or effect does not count
[15:52:01][E][jomini_effect.cpp:1161]: Flag 'agot_the_perch_01' is used but is never set. Setting it in an unused scripted trigger or effect does not count
[15:52:01][E][jomini_effect.cpp:1161]: Flag 'agot_ruins_palace_of_sorrows_03' is used but is never set. Setting it in an unused scripted trigger or effect does not count
[15:52:01][E][jomini_effect.cpp:1161]: Flag 'agot_darkwash_watch_01' is used but is never set. Setting it in an unused scripted trigger or effect does not count
[15:52:01][E][jomini_effect.cpp:1161]: Flag 'agot_whitegrove_01' is used but is never set. Setting it in an unused scripted trigger or effect does not count
[15:52:01][E][jomini_effect.cpp:1161]: Flag 'agot_the_maw_01' is used but is never set. Setting it in an unused scripted trigger or effect does not count
[15:52:01][E][jomini_effect.cpp:1161]: Flag '24castamere_02' is used but is never set. Setting it in an unused scripted trigger or effect does not count
[15:52:01][E][jomini_effect.cpp:1161]: Flag 'agot_ruins_palace_of_sorrows_05' is used but is never set. Setting it in an unused scripted trigger or effect does not count
[15:52:01][E][jomini_effect.cpp:1145]: Flag 'hold' is set but is never used. Note that use in localization doesn't count due to technical limitations. Use in unused scripted triggers and effects also does not count
[15:52:01][E][jomini_effect.cpp:1145]: Flag 'shivers' is set but is never used. Note that use in localization doesn't count due to technical limitations. Use in unused scripted triggers and effects also does not count
[15:52:01][E][jomini_effect.cpp:1145]: Flag 'DI_subtype_throne' is set but is never used. Note that use in localization doesn't count due to technical limitations. Use in unused scripted triggers and effects also does not count
[15:52:01][E][jomini_effect.cpp:1145]: Flag 'global' is set but is never used. Note that use in localization doesn't count due to technical limitations. Use in unused scripted triggers and effects also does not count
[15:52:01][E][jomini_effect.cpp:1145]: Flag 'all_found' is set but is never used. Note that use in localization doesn't count due to technical limitations. Use in unused scripted triggers and effects also does not count
[15:52:01][E][jomini_effect.cpp:1145]: Flag 'pact' is set but is never used. Note that use in localization doesn't count due to technical limitations. Use in unused scripted triggers and effects also does not count
[15:52:01][E][jomini_effect.cpp:1161]: Variable 'crown_branstark_artifact' is used but is never set. Setting it in an unused scripted trigger or effect does not count
[15:52:01][E][jomini_effect.cpp:1161]: Variable 'crown_maesteraemon_artifact' is used but is never set. Setting it in an unused scripted trigger or effect does not count
[15:52:01][E][jomini_effect.cpp:1161]: Variable 'crown_of_sansa_artifact' is used but is never set. Setting it in an unused scripted trigger or effect does not count
[15:52:01][E][jomini_effect.cpp:1161]: Variable 'crown_showaerys_artifact' is used but is never set. Setting it in an unused scripted trigger or effect does not count
[15:52:01][E][jomini_effect.cpp:1161]: Variable 'crown_baelorbreakspear_generic_artifact' is used but is never set. Setting it in an unused scripted trigger or effect does not count
[15:52:01][E][jomini_effect.cpp:1161]: Variable 'crown_of_stone_hedge_artifact' is used but is never set. Setting it in an unused scripted trigger or effect does not count
[15:52:01][E][jomini_effect.cpp:1161]: Variable 'crown_of_goldengrove_artifact' is used but is never set. Setting it in an unused scripted trigger or effect does not count
[15:52:01][E][jomini_effect.cpp:1161]: Variable 'stormlands_crown_historic_artifact' is used but is never set. Setting it in an unused scripted trigger or effect does not count
[15:52:01][E][jomini_effect.cpp:1161]: Variable 'crown_margaerytyrell_artifact' is used but is never set. Setting it in an unused scripted trigger or effect does not count
[15:52:01][E][jomini_effect.cpp:1161]: Variable 'snowflower_crown_artifact' is used but is never set. Setting it in an unused scripted trigger or effect does not count
[15:52:01][E][jomini_effect.cpp:1161]: Variable 'roland_arryn_crown_artifact' is used but is never set. Setting it in an unused scripted trigger or effect does not count
[15:52:01][E][jomini_effect.cpp:1161]: Variable 'crown_lancellannister_artifact' is used but is never set. Setting it in an unused scripted trigger or effect does not count
[15:52:01][E][jomini_effect.cpp:1161]: Variable 'crown_aegonsonofjaehaerys_artifact' is used but is never set. Setting it in an unused scripted trigger or effect does not count
[15:52:01][E][jomini_effect.cpp:1161]: Variable 'crown_maelysblackfyre_artifact' is used but is never set. Setting it in an unused scripted trigger or effect does not count
[15:52:01][E][jomini_effect.cpp:1161]: Variable 'brightboar_enabled' is used but is never set. Setting it in an unused scripted trigger or effect does not count
[15:52:01][E][jomini_effect.cpp:1161]: Variable 'elaena_crown_red_and_black_artifact' is used but is never set. Setting it in an unused scripted trigger or effect does not count
[15:52:01][E][jomini_effect.cpp:1161]: Variable 'asoiaf_enabled' is used but is never set. Setting it in an unused scripted trigger or effect does not count
[15:52:01][E][jomini_effect.cpp:1161]: Variable 'crown_of_the_red_keep_artifact' is used but is never set. Setting it in an unused scripted trigger or effect does not count
[15:52:01][E][jomini_effect.cpp:1161]: Variable 'crown_daemon_ii_blackfyre_artifact' is used but is never set. Setting it in an unused scripted trigger or effect does not count
[15:52:01][E][jomini_effect.cpp:1161]: Variable 'westerosi_valyrian_crown2_blackfyre_artifact' is used but is never set. Setting it in an unused scripted trigger or effect does not count
[15:52:01][E][jomini_effect.cpp:1161]: Variable 'vaellatargaryen_crown_artifact' is used but is never set. Setting it in an unused scripted trigger or effect does not count
[15:52:01][E][jomini_effect.cpp:1161]: Variable 'crown_valarr_artifact' is used but is never set. Setting it in an unused scripted trigger or effect does not count
[15:52:01][E][jomini_effect.cpp:1161]: Variable 'winterwing_crown_artifact' is used but is never set. Setting it in an unused scripted trigger or effect does not count
[15:52:01][E][jomini_effect.cpp:1161]: Variable 'garlandgardener_crown_artifact' is used but is never set. Setting it in an unused scripted trigger or effect does not count
[15:52:01][E][jomini_effect.cpp:1161]: Variable 'mockingbird_circlet_artifact' is used but is never set. Setting it in an unused scripted trigger or effect does not count
[15:52:01][E][jomini_effect.cpp:1161]: Variable 'reindeer_crown_artifact' is used but is never set. Setting it in an unused scripted trigger or effect does not count
[15:52:01][E][jomini_effect.cpp:1161]: Variable 'falcon_crown_historic_artifact' is used but is never set. Setting it in an unused scripted trigger or effect does not count
[15:52:01][E][jomini_effect.cpp:1161]: Variable 'valyrian_crown2_targaryen_artifact' is used but is never set. Setting it in an unused scripted trigger or effect does not count
[15:52:01][E][jomini_effect.cpp:1161]: Variable 'crown_aenysblackfyre_artifact' is used but is never set. Setting it in an unused scripted trigger or effect does not count
[15:52:01][E][jomini_effect.cpp:1161]: Variable 'crown_of_jon_north_artifact' is used but is never set. Setting it in an unused scripted trigger or effect does not count
[15:52:01][E][jomini_effect.cpp:1161]: Variable 'jaehaerys_valyrian_variant_artifact' is used but is never set. Setting it in an unused scripted trigger or effect does not count
[15:52:01][E][jomini_effect.cpp:1161]: Variable 'argella_crown_artifact' is used but is never set. Setting it in an unused scripted trigger or effect does not count
[15:52:01][E][jomini_effect.cpp:1161]: Variable 'jaehaerys_variant_2_artifact' is used but is never set. Setting it in an unused scripted trigger or effect does not count
[15:52:01][E][jomini_effect.cpp:1161]: Variable 'crown_aemonsonofjaehaerys_artifact' is used but is never set. Setting it in an unused scripted trigger or effect does not count
[15:52:01][E][jomini_effect.cpp:1161]: Variable 'crown_orysbaratheon_artifact' is used but is never set. Setting it in an unused scripted trigger or effect does not count
[15:52:01][E][jomini_effect.cpp:1161]: Variable 'crown_of_jon_icefire_artifact' is used but is never set. Setting it in an unused scripted trigger or effect does not count
[15:52:01][E][jomini_effect.cpp:1161]: Variable 'aegon_variant_3_artifact' is used but is never set. Setting it in an unused scripted trigger or effect does not count
[15:52:01][E][jomini_effect.cpp:1161]: Variable 'crown_greenpyre_artifact' is used but is never set. Setting it in an unused scripted trigger or effect does not count
[15:52:01][E][jomini_effect.cpp:1161]: Variable 'jaehaerys_variant_1_artifact' is used but is never set. Setting it in an unused scripted trigger or effect does not count
[15:52:01][E][jomini_effect.cpp:1161]: Variable 'crown_aegonblackfyre_artifact' is used but is never set. Setting it in an unused scripted trigger or effect does not count
[15:52:01][E][jomini_effect.cpp:1161]: Variable 'captains_sword' is used but is never set. Setting it in an unused scripted trigger or effect does not count
[15:52:01][E][jomini_effect.cpp:1161]: Variable 'showaegon_crown_02_artifact' is used but is never set. Setting it in an unused scripted trigger or effect does not count
[15:52:01][E][jomini_effect.cpp:1161]: Variable 'crown_of_the_grey_king_artifact' is used but is never set. Setting it in an unused scripted trigger or effect does not count
[15:52:01][E][jomini_effect.cpp:1161]: Variable 'Crowns_westeros_enabled' is used but is never set. Setting it in an unused scripted trigger or effect does not count
[15:52:01][E][jomini_effect.cpp:1161]: Variable 'crown_rhaegar_artifact' is used but is never set. Setting it in an unused scripted trigger or effect does not count
[15:52:01][E][jomini_effect.cpp:1161]: Variable 'crown_geroldlannister_artifact' is used but is never set. Setting it in an unused scripted trigger or effect does not count
[15:52:01][E][jomini_effect.cpp:1161]: Variable 'bracken_crown_artifact' is used but is never set. Setting it in an unused scripted trigger or effect does not count
[15:52:01][E][jomini_effect.cpp:1161]: Variable 'crown_robbstark_artifact' is used but is never set. Setting it in an unused scripted trigger or effect does not count
[15:52:01][E][jomini_effect.cpp:1161]: Variable 'kingsguard_choice' is used but is never set. Setting it in an unused scripted trigger or effect does not count
[15:52:01][E][jomini_effect.cpp:1161]: Variable 'crown_of_harrenhall_artifact' is used but is never set. Setting it in an unused scripted trigger or effect does not count
[15:52:01][E][jomini_effect.cpp:1161]: Variable 'sharra_arryn_crown_artifact' is used but is never set. Setting it in an unused scripted trigger or effect does not count
[15:52:01][E][jomini_effect.cpp:1161]: Variable 'roland_crown_bandit' is used but is never set. Setting it in an unused scripted trigger or effect does not count
[15:52:01][E][jomini_effect.cpp:1161]: Variable 'crown_duncandragonfly_artifact' is used but is never set. Setting it in an unused scripted trigger or effect does not count
[15:52:01][E][jomini_effect.cpp:1161]: Variable 'crown_of_yronwood_artifact' is used but is never set. Setting it in an unused scripted trigger or effect does not count
[15:52:01][E][jomini_effect.cpp:1161]: Variable 'crown_jonsnowtargaryen_artifact' is used but is never set. Setting it in an unused scripted trigger or effect does not count
[15:52:01][E][jomini_effect.cpp:1161]: Variable 'massey_crown_artifact' is used but is never set. Setting it in an unused scripted trigger or effect does not count
[15:52:01][E][jomini_effect.cpp:1161]: Variable 'elaena_crown_black_artifact' is used but is never set. Setting it in an unused scripted trigger or effect does not count
[15:52:01][E][jomini_effect.cpp:1161]: Variable 'aemma_tiara_generic_artifact' is used but is never set. Setting it in an unused scripted trigger or effect does not count
[15:52:01][E][jomini_effect.cpp:1161]: Variable 'crown_alicenthightower_artifact' is used but is never set. Setting it in an unused scripted trigger or effect does not count
[15:52:01][E][jomini_effect.cpp:1161]: Variable 'cersei_tiara_artifact' is used but is never set. Setting it in an unused scripted trigger or effect does not count
[15:52:01][E][jomini_effect.cpp:1161]: Variable 'crown_of_weirwood_artifact' is used but is never set. Setting it in an unused scripted trigger or effect does not count
[15:52:01][E][jomini_effect.cpp:1161]: Variable 'crown_daena_artifact' is used but is never set. Setting it in an unused scripted trigger or effect does not count
[15:52:01][E][jomini_effect.cpp:1161]: Variable 'aereatargaryen_crown_02_artifact' is used but is never set. Setting it in an unused scripted trigger or effect does not count
[15:52:01][E][jomini_effect.cpp:1161]: Variable 'fab_never_silent_sister' is used but is never set. Setting it in an unused scripted trigger or effect does not count
[15:52:01][E][jomini_effect.cpp:1161]: Variable 'showrhaenyra_crown_02_artifact' is used but is never set. Setting it in an unused scripted trigger or effect does not count
[15:52:01][E][jomini_effect.cpp:1161]: Variable 'maegor_brightflame_crown_artifact' is used but is never set. Setting it in an unused scripted trigger or effect does not count
[15:52:01][E][jomini_effect.cpp:1161]: Variable 'crown_stepstone_artifact' is used but is never set. Setting it in an unused scripted trigger or effect does not count
[15:52:01][E][jomini_effect.cpp:1161]: Variable 'crown_haegonblackfyre_artifact' is used but is never set. Setting it in an unused scripted trigger or effect does not count
[15:52:01][E][jomini_effect.cpp:1161]: Variable 'garthgoldhand_crown_artifact' is used but is never set. Setting it in an unused scripted trigger or effect does not count
[15:52:01][E][jomini_effect.cpp:1161]: Variable 'crown_mors_martell_artifact' is used but is never set. Setting it in an unused scripted trigger or effect does not count
[15:52:01][E][jomini_effect.cpp:1161]: Variable 'elaena_crown_red_artifact' is used but is never set. Setting it in an unused scripted trigger or effect does not count
[15:52:01][E][jomini_effect.cpp:1161]: Variable 'crown_brightflame_artifact' is used but is never set. Setting it in an unused scripted trigger or effect does not count
[15:52:01][E][jomini_effect.cpp:1161]: Variable 'crown_of_the_mountain_and_vale_artifact' is used but is never set. Setting it in an unused scripted trigger or effect does not count
[15:52:01][E][jomini_effect.cpp:1161]: Variable 'aereatargaryen_crown_01_artifact' is used but is never set. Setting it in an unused scripted trigger or effect does not count
[15:52:01][E][jomini_effect.cpp:1161]: Variable 'calla_blackfyre_circlet_artifact' is used but is never set. Setting it in an unused scripted trigger or effect does not count
[15:52:01][E][jomini_effect.cpp:1161]: Variable 'crown_rhaenatargaryen_artifact' is used but is never set. Setting it in an unused scripted trigger or effect does not count
[15:52:01][E][jomini_effect.cpp:1161]: Variable 'crown_viserys_son_of_aenys_02_artifact' is used but is never set. Setting it in an unused scripted trigger or effect does not count
[15:52:01][E][jomini_effect.cpp:1161]: Variable 'winterrose_crown_artifact' is used but is never set. Setting it in an unused scripted trigger or effect does not count
[15:52:01][E][jomini_effect.cpp:1161]: Variable 'crown_of_winter_historic_artifact' is used but is never set. Setting it in an unused scripted trigger or effect does not count
[15:52:01][E][jomini_effect.cpp:1161]: Variable 'crown_matarys_artifact' is used but is never set. Setting it in an unused scripted trigger or effect does not count
[15:52:01][E][jomini_effect.cpp:1161]: Variable 'valyrian_crown2_blackfyre_artifact' is used but is never set. Setting it in an unused scripted trigger or effect does not count
[15:52:01][E][jomini_effect.cpp:1161]: Variable 'westerlands2_crown_historic_artifact' is used but is never set. Setting it in an unused scripted trigger or effect does not count
[15:52:01][E][jomini_effect.cpp:1161]: Variable 'crown_aegontheuncrowned_artifact' is used but is never set. Setting it in an unused scripted trigger or effect does not count
[15:52:01][E][jomini_effect.cpp:1161]: Variable 'crown_gardener_war_artifact' is used but is never set. Setting it in an unused scripted trigger or effect does not count
[15:52:01][E][jomini_effect.cpp:1161]: Variable 'circlet_of_the_seven_artifact' is used but is never set. Setting it in an unused scripted trigger or effect does not count
[15:52:01][E][jomini_effect.cpp:1161]: Variable 'crown_jacaerysvelaryon_artifact' is used but is never set. Setting it in an unused scripted trigger or effect does not count
[15:52:01][E][jomini_effect.cpp:1161]: Variable 'app_enabled' is used but is never set. Setting it in an unused scripted trigger or effect does not count
[15:52:01][E][jomini_effect.cpp:1161]: Variable 'crown_viserys_son_of_aenys_artifact' is used but is never set. Setting it in an unused scripted trigger or effect does not count
[15:52:01][E][jomini_effect.cpp:1161]: Variable 'showrhaenyra_crown_01_artifact' is used but is never set. Setting it in an unused scripted trigger or effect does not count
[15:52:01][E][jomini_effect.cpp:1161]: Variable 'crown_laenorvelaryon_artifact' is used but is never set. Setting it in an unused scripted trigger or effect does not count
[15:52:01][E][jomini_effect.cpp:1161]: Variable 'crown_aliandra_martell_artifact' is used but is never set. Setting it in an unused scripted trigger or effect does not count
[15:52:01][E][jomini_effect.cpp:1161]: Variable 'cersei_red_tiara_artifact' is used but is never set. Setting it in an unused scripted trigger or effect does not count
[15:52:01][E][jomini_effect.cpp:1161]: Variable 'circlet_of_stark_artifact' is used but is never set. Setting it in an unused scripted trigger or effect does not count
[15:52:01][E][jomini_effect.cpp:1161]: Variable 'crown_shieraseastar_artifact' is used but is never set. Setting it in an unused scripted trigger or effect does not count
[15:52:01][E][jomini_effect.cpp:1161]: Variable 'crown_tyboltthunderbolt_artifact' is used but is never set. Setting it in an unused scripted trigger or effect does not count
[15:52:01][E][jomini_effect.cpp:1161]: Variable 'bittersteel_crown_artifact' is used but is never set. Setting it in an unused scripted trigger or effect does not count
[15:52:01][E][jomini_effect.cpp:1161]: Variable 'joffrey_show_crown_artifact' is used but is never set. Setting it in an unused scripted trigger or effect does not count
[15:52:01][E][jomini_effect.cpp:1161]: Variable 'crown_aemond_artifact' is used but is never set. Setting it in an unused scripted trigger or effect does not count
[15:52:01][E][jomini_effect.cpp:1161]: Variable 'jaehaera_crown_artifact' is used but is never set. Setting it in an unused scripted trigger or effect does not count
[15:52:01][E][jomini_effect.cpp:1161]: Variable 'wolfswood_crown_artifact' is used but is never set. Setting it in an unused scripted trigger or effect does not count
[15:52:01][E][jomini_effect.cpp:1161]: Variable 'seven_dragon_crown_artifact' is used but is never set. Setting it in an unused scripted trigger or effect does not count
[15:52:01][E][jomini_effect.cpp:1161]: Variable 'aemma_tiara_artifact' is used but is never set. Setting it in an unused scripted trigger or effect does not count
[15:52:01][E][jomini_effect.cpp:1161]: Variable 'crown_viserysiii_artifact' is used but is never set. Setting it in an unused scripted trigger or effect does not count
[15:52:01][E][jomini_effect.cpp:1161]: Variable 'myrcella_circlet_artifact' is used but is never set. Setting it in an unused scripted trigger or effect does not count
[15:52:01][E][jomini_effect.cpp:1161]: Variable 'circlet_of_seastar_artifact' is used but is never set. Setting it in an unused scripted trigger or effect does not count
[15:52:01][E][jomini_effect.cpp:1161]: Variable 'crown_of_the_golden_tree_artifact' is used but is never set. Setting it in an unused scripted trigger or effect does not count
[15:52:01][E][jomini_effect.cpp:1161]: Variable 'tgc_enabled' is used but is never set. Setting it in an unused scripted trigger or effect does not count
[15:52:01][E][jomini_effect.cpp:1161]: Variable 'crown_baelon_artifact' is used but is never set. Setting it in an unused scripted trigger or effect does not count
[15:52:01][E][jomini_effect.cpp:1161]: Variable 'crown_goldfyre_artifact' is used but is never set. Setting it in an unused scripted trigger or effect does not count
[15:52:01][E][jomini_effect.cpp:1161]: Variable 'elaena_crown_default_artifact' is used but is never set. Setting it in an unused scripted trigger or effect does not count
[15:52:01][E][jomini_effect.cpp:1161]: Variable 'crown_of_oldtown_tall_artifact' is used but is never set. Setting it in an unused scripted trigger or effect does not count
[15:52:01][E][jomini_effect.cpp:1161]: Variable 'crown_of_connington_artifact' is used but is never set. Setting it in an unused scripted trigger or effect does not count
[15:52:01][E][jomini_effect.cpp:1161]: Variable 'crown_vaegon_artifact' is used but is never set. Setting it in an unused scripted trigger or effect does not count
[15:52:01][E][jomini_effect.cpp:1161]: Variable 'crown_of_bloodraven_artifact' is used but is never set. Setting it in an unused scripted trigger or effect does not count
[15:52:01][E][jomini_effect.cpp:1161]: Variable 'showrhaenyra_crown_03_artifact' is used but is never set. Setting it in an unused scripted trigger or effect does not count
[15:52:01][E][jomini_effect.cpp:1161]: Variable 'crown_gardener_peace_artifact' is used but is never set. Setting it in an unused scripted trigger or effect does not count
[15:52:01][E][jomini_effect.cpp:1161]: Variable 'aemon_blackfyre_crown_artifact' is used but is never set. Setting it in an unused scripted trigger or effect does not count
[15:52:01][E][jomini_effect.cpp:1161]: Variable 'duskendale_crown_01_artifact' is used but is never set. Setting it in an unused scripted trigger or effect does not count
[15:52:01][E][jomini_effect.cpp:1161]: Variable 'crown_rhaenysvelaryon_artifact' is used but is never set. Setting it in an unused scripted trigger or effect does not count
[15:52:01][E][jomini_effect.cpp:1161]: Variable 'showaegon_crown_01_artifact' is used but is never set. Setting it in an unused scripted trigger or effect does not count
[15:52:01][E][jomini_effect.cpp:1161]: Variable 'aegon_variant_2_artifact' is used but is never set. Setting it in an unused scripted trigger or effect does not count
[15:52:01][E][jomini_effect.cpp:1161]: Variable 'crown_alyssavelaryon_artifact' is used but is never set. Setting it in an unused scripted trigger or effect does not count
[15:52:01][E][jomini_effect.cpp:1161]: Variable 'crown_of_oldtown_artifact' is used but is never set. Setting it in an unused scripted trigger or effect does not count
[15:52:01][E][jomini_effect.cpp:1161]: Variable 'daenerys_daughterofjaehaerys_crown_artifact' is used but is never set. Setting it in an unused scripted trigger or effect does not count
[15:52:01][E][jomini_effect.cpp:1161]: Variable 'crown_of_the_iron_throne_artifact' is used but is never set. Setting it in an unused scripted trigger or effect does not count
[15:52:01][E][jomini_effect.cpp:1161]: Variable 'crown_jonsnow_artifact' is used but is never set. Setting it in an unused scripted trigger or effect does not count
[15:52:01][E][jomini_effect.cpp:1161]: Variable 'crown_orysbaratheon_generic_artifact' is used but is never set. Setting it in an unused scripted trigger or effect does not count
[15:52:01][E][jomini_effect.cpp:1161]: Variable 'crown_baelorbreakspear_artifact' is used but is never set. Setting it in an unused scripted trigger or effect does not count
[15:52:01][E][jomini_effect.cpp:1161]: Variable 'crown_celtigar_artifact' is used but is never set. Setting it in an unused scripted trigger or effect does not count
[15:52:01][E][jomini_effect.cpp:1161]: Variable 'crown_of_robert_baratheon_artifact' is used but is never set. Setting it in an unused scripted trigger or effect does not count
[15:52:01][E][jomini_effect.cpp:1161]: Variable 'aegon_variant_4_artifact' is used but is never set. Setting it in an unused scripted trigger or effect does not count
[15:52:01][E][jomini_effect.cpp:1161]: Variable 'crown_of_renly_baratheon_artifact' is used but is never set. Setting it in an unused scripted trigger or effect does not count
[15:52:01][E][jomini_effect.cpp:1161]: Variable 'swordman_armor_artifact' is used but is never set. Setting it in an unused scripted trigger or effect does not count
[15:52:01][E][jomini_effect.cpp:1161]: Variable 'baldric_durrandon_crown_artifact' is used but is never set. Setting it in an unused scripted trigger or effect does not count
[15:52:01][E][jomini_effect.cpp:1161]: Variable 'crown_hugor_of_the_hill_artifact' is used but is never set. Setting it in an unused scripted trigger or effect does not count
[15:52:01][E][jomini_effect.cpp:1161]: Variable 'crown_of_sharp_point_artifact' is used but is never set. Setting it in an unused scripted trigger or effect does not count
[15:52:01][E][jomini_effect.cpp:1161]: Variable 'daeron_the_daring_crown_artifact' is used but is never set. Setting it in an unused scripted trigger or effect does not count
[15:52:01][E][jomini_effect.cpp:1161]: Variable 'emberrose_crown_artifact' is used but is never set. Setting it in an unused scripted trigger or effect does not count
[15:52:01][E][jomini_effect.cpp:1161]: Variable 'crown_seawyrm_artifact' is used but is never set. Setting it in an unused scripted trigger or effect does not count
[15:52:01][E][jomini_effect.cpp:1161]: Variable 'crown_aegonvi_artifact' is used but is never set. Setting it in an unused scripted trigger or effect does not count
[15:52:01][E][jomini_effect.cpp:1161]: Variable 'aegon_variant_1_artifact' is used but is never set. Setting it in an unused scripted trigger or effect does not count
[15:52:01][E][jomini_effect.cpp:1161]: Variable 'crown_of_cersei_ruler_artifact' is used but is never set. Setting it in an unused scripted trigger or effect does not count
[15:52:01][E][jomini_effect.cpp:1161]: Variable 'crown_of_estermont_artifact' is used but is never set. Setting it in an unused scripted trigger or effect does not count
[15:52:01][E][jomini_effect.cpp:1161]: Variable 'Aotk_enabled' is used but is never set. Setting it in an unused scripted trigger or effect does not count
[15:52:01][E][jomini_effect.cpp:1161]: Variable 'crown_mariah_martell_artifact' is used but is never set. Setting it in an unused scripted trigger or effect does not count
[15:52:01][E][jomini_effect.cpp:1161]: Variable 'circlet_bethablackwood_artifact' is used but is never set. Setting it in an unused scripted trigger or effect does not count
[15:52:01][E][jomini_effect.cpp:1145]: Variable 'fab_infant_aegon_fate_scheduled' is set but is never used. Note that use in localization doesn't count due to technical limitations. Use in unused scripted triggers and effects also does not count
[15:52:01][E][jomini_effect.cpp:1145]: Variable 'fab_rego_hunt_watch' is set but is never used. Note that use in localization doesn't count due to technical limitations. Use in unused scripted triggers and effects also does not count
[15:52:01][E][jomini_effect.cpp:1145]: Variable 'DI_artifact_subtype_display' is set but is never used. Note that use in localization doesn't count due to technical limitations. Use in unused scripted triggers and effects also does not count
[15:52:01][E][jomini_effect.cpp:1145]: Variable 'COWAGOT_is_loaded' is set but is never used. Note that use in localization doesn't count due to technical limitations. Use in unused scripted triggers and effects also does not count
[15:52:01][E][jomini_effect.cpp:1145]: Variable 'fab_vaegon_sent_to_citadel' is set but is never used. Note that use in localization doesn't count due to technical limitations. Use in unused scripted triggers and effects also does not count
[15:52:01][E][jomini_effect.cpp:1145]: Variable 'fab_rego_killers_found' is set but is never used. Note that use in localization doesn't count due to technical limitations. Use in unused scripted triggers and effects also does not count
[15:52:01][E][jomini_effect.cpp:1145]: Variable 'fab_viserra_ride_resolved' is set but is never used. Note that use in localization doesn't count due to technical limitations. Use in unused scripted triggers and effects also does not count
[15:52:01][E][jomini_effect.cpp:1145]: Variable 'fab_saera_confined' is set but is never used. Note that use in localization doesn't count due to technical limitations. Use in unused scripted triggers and effects also does not count
[15:52:01][E][jomini_effect.cpp:1145]: Variable 'fab_ourfury_orys_sworn' is set but is never used. Note that use in localization doesn't count due to technical limitations. Use in unused scripted triggers and effects also does not count
[15:52:01][E][jomini_effect.cpp:1145]: Variable 'fab_ourfury_king_withdrew' is set but is never used. Note that use in localization doesn't count due to technical limitations. Use in unused scripted triggers and effects also does not count
[15:52:01][E][jomini_effect.cpp:1145]: Variable 'fab_rego_unavenged' is set but is never used. Note that use in localization doesn't count due to technical limitations. Use in unused scripted triggers and effects also does not count
[15:52:01][E][jomini_effect.cpp:1145]: Variable 'fab_saera_in_lys' is set but is never used. Note that use in localization doesn't count due to technical limitations. Use in unused scripted triggers and effects also does not count
[15:52:01][E][jomini_effect.cpp:1145]: Variable 'fab_ourfury_orys_seized' is set but is never used. Note that use in localization doesn't count due to technical limitations. Use in unused scripted triggers and effects also does not count
[15:52:01][E][jomini_effect.cpp:1145]: Variable 'fab_ourfury_reputation_spread' is set but is never used. Note that use in localization doesn't count due to technical limitations. Use in unused scripted triggers and effects also does not count
[15:52:01][E][jomini_effect.cpp:1145]: Variable 'fab_saera_reconciled_early' is set but is never used. Note that use in localization doesn't count due to technical limitations. Use in unused scripted triggers and effects also does not count
[15:52:01][E][jomini_effect.cpp:1145]: Variable 'fab_ourfury_rainwood_route' is set but is never used. Note that use in localization doesn't count due to technical limitations. Use in unused scripted triggers and effects also does not count
[15:52:01][E][jomini_effect.cpp:1145]: Variable 'fab_ourfury_dragonstone_envoy' is set but is never used. Note that use in localization doesn't count due to technical limitations. Use in unused scripted triggers and effects also does not count
[15:52:01][E][jomini_effect.cpp:1145]: Variable 'DI_artifact_quality_display' is set but is never used. Note that use in localization doesn't count due to technical limitations. Use in unused scripted triggers and effects also does not count
[15:52:01][E][jomini_effect.cpp:1145]: Variable 'fab_ourfury_argella_wed_orys' is set but is never used. Note that use in localization doesn't count due to technical limitations. Use in unused scripted triggers and effects also does not count
[15:52:01][E][jomini_effect.cpp:1145]: Variable 'fab_dorne_war_of_knives' is set but is never used. Note that use in localization doesn't count due to technical limitations. Use in unused scripted triggers and effects also does not count
[15:52:01][E][jomini_effect.cpp:1145]: Variable 'fab_ourfury_marchers_released' is set but is never used. Note that use in localization doesn't count due to technical limitations. Use in unused scripted triggers and effects also does not count
[15:52:01][E][jomini_effect.cpp:1145]: Variable 'dark_sister_artifact' is set but is never used. Note that use in localization doesn't count due to technical limitations. Use in unused scripted triggers and effects also does not count
[15:52:01][E][jomini_effect.cpp:1145]: Variable 'fab_baelon_never_remarries' is set but is never used. Note that use in localization doesn't count due to technical limitations. Use in unused scripted triggers and effects also does not count
[15:52:01][E][jomini_effect.cpp:1145]: Variable 'fab_saera_roy_exiled' is set but is never used. Note that use in localization doesn't count due to technical limitations. Use in unused scripted triggers and effects also does not count
[15:52:01][E][jomini_effect.cpp:1145]: Variable 'fab_north_slain_dragon' is set but is never used. Note that use in localization doesn't count due to technical limitations. Use in unused scripted triggers and effects also does not count
[15:52:01][E][jomini_effect.cpp:1145]: Variable 'fab_maegelle_joined_faith' is set but is never used. Note that use in localization doesn't count due to technical limitations. Use in unused scripted triggers and effects also does not count
[15:52:01][E][jomini_effect.cpp:1145]: Variable 'fab_ourfury_meraxes_slain' is set but is never used. Note that use in localization doesn't count due to technical limitations. Use in unused scripted triggers and effects also does not count
[15:52:01][E][jomini_effect.cpp:1145]: Variable 'fab_aemon_tarth_refused' is set but is never used. Note that use in localization doesn't count due to technical limitations. Use in unused scripted triggers and effects also does not count
[15:52:01][E][jomini_effect.cpp:1145]: Variable 'fab_ourfury_orys_sent_home' is set but is never used. Note that use in localization doesn't count due to technical limitations. Use in unused scripted triggers and effects also does not count
[15:52:01][E][jomini_effect.cpp:1145]: Variable 'fab_ourfury_duel_won' is set but is never used. Note that use in localization doesn't count due to technical limitations. Use in unused scripted triggers and effects also does not count
[15:52:01][E][jomini_effect.cpp:1145]: Variable 'DI_artifact_category_display' is set but is never used. Note that use in localization doesn't count due to technical limitations. Use in unused scripted triggers and effects also does not count
[15:52:01][E][portraitaccessories.cpp:82]: No 'node', 'shared_pose_entity', or 'at_root_of_entity' defined for for portrait accessory 'maesteraemon_crown'
[15:52:02][E][portraitaccessories.cpp:82]: No 'node', 'shared_pose_entity', or 'at_root_of_entity' defined for for portrait accessory 'maesteraemon_crown'
[15:52:03][E][jomini_eventmanager.cpp:372]: Event buy_valyrian_mask.0001 is orphaned
[15:52:03][E][pdx_assert.cpp:619]: Assertion failed: Achievements not loaded correctly
[15:52:04][E][jomini_effect.cpp:1161]: Flag 'agot_ruins_ghoyan_drohe_01' is used but is never set. Setting it in an unused scripted trigger or effect does not count
[15:52:04][E][jomini_effect.cpp:1161]: Flag 'agot_ruins_home_port_02' is used but is never set. Setting it in an unused scripted trigger or effect does not count
[15:52:04][E][jomini_effect.cpp:1161]: Flag 'agot_jewel_of_the_qhoyne_01' is used but is never set. Setting it in an unused scripted trigger or effect does not count
[15:52:04][E][jomini_effect.cpp:1161]: Flag 'agot_ruins_ny_sar_03' is used but is never set. Setting it in an unused scripted trigger or effect does not count
[15:52:04][E][jomini_effect.cpp:1161]: Flag 'agot_wrecks_of_dagger_lake_01' is used but is never set. Setting it in an unused scripted trigger or effect does not count
[15:52:04][E][jomini_effect.cpp:1161]: Flag 'broadarch_01' is used but is never set. Setting it in an unused scripted trigger or effect does not count
[15:52:04][E][jomini_effect.cpp:1161]: Flag 'agot_castamere_02' is used but is never set. Setting it in an unused scripted trigger or effect does not count
[15:52:04][E][jomini_effect.cpp:1161]: Flag '24castamere_03' is used but is never set. Setting it in an unused scripted trigger or effect does not count
[15:52:04][E][jomini_effect.cpp:1161]: Flag 'settlement_holding' is used but is never set. Setting it in an unused scripted trigger or effect does not count
[15:52:04][E][jomini_effect.cpp:1161]: Flag 'agot_lonely_light_03' is used but is never set. Setting it in an unused scripted trigger or effect does not count
[15:52:04][E][jomini_effect.cpp:1161]: Flag 'agot_tianos_bastion_03' is used but is never set. Setting it in an unused scripted trigger or effect does not count
[15:52:04][E][jomini_effect.cpp:1161]: Flag 'agot_golden_granary_01' is used but is never set. Setting it in an unused scripted trigger or effect does not count
[15:52:04][E][jomini_effect.cpp:1161]: Flag 'agot_ruins_temple_of_the_womb_03' is used but is never set. Setting it in an unused scripted trigger or effect does not count
[15:52:04][E][jomini_effect.cpp:1161]: Flag 'oldstones_restored_final' is used but is never set. Setting it in an unused scripted trigger or effect does not count
[15:52:04][E][jomini_effect.cpp:1161]: Flag 'deepwood_motte_01' is used but is never set. Setting it in an unused scripted trigger or effect does not count
[15:52:04][E][jomini_effect.cpp:1161]: Flag 'agot_ruins_gate_of_the_mother_01' is used but is never set. Setting it in an unused scripted trigger or effect does not count
[15:52:04][E][jomini_effect.cpp:1161]: Flag 'agot_ruins_palace_of_sorrows_02' is used but is never set. Setting it in an unused scripted trigger or effect does not count
[15:52:04][E][jomini_effect.cpp:1161]: Flag 'ruin_holding' is used but is never set. Setting it in an unused scripted trigger or effect does not count
[15:52:04][E][jomini_effect.cpp:1161]: Flag 'monastery_holding' is used but is never set. Setting it in an unused scripted trigger or effect does not count
[15:52:04][E][jomini_effect.cpp:1161]: Flag 'agot_norvos_caves_01' is used but is never set. Setting it in an unused scripted trigger or effect does not count
[15:52:04][E][jomini_effect.cpp:1161]: Flag 'agot_ruins_fogs_touch_quarter_01' is used but is never set. Setting it in an unused scripted trigger or effect does not count
[15:52:04][E][jomini_effect.cpp:1161]: Flag 'agot_the_obsidian_gatehouse_01' is used but is never set. Setting it in an unused scripted trigger or effect does not count
[15:52:04][E][jomini_effect.cpp:1161]: Flag 'agot_ruins_home_port_03' is used but is never set. Setting it in an unused scripted trigger or effect does not count
[15:52:04][E][jomini_effect.cpp:1161]: Flag 'crag_full' is used but is never set. Setting it in an unused scripted trigger or effect does not count
[15:52:04][E][jomini_effect.cpp:1161]: Flag 'agot_tianos_bastion_01' is used but is never set. Setting it in an unused scripted trigger or effect does not count
[15:52:04][E][jomini_effect.cpp:1161]: Flag 'flint_tower_01' is used but is never set. Setting it in an unused scripted trigger or effect does not count
[15:52:04][E][jomini_effect.cpp:1161]: Flag 'agot_ruins_foreign_port_01' is used but is never set. Setting it in an unused scripted trigger or effect does not count
[15:52:04][E][jomini_effect.cpp:1161]: Flag 'agot_ruin_agot_dead_goose_tree_01' is used but is never set. Setting it in an unused scripted trigger or effect does not count
[15:52:04][E][jomini_effect.cpp:1161]: Flag 'agot_castamere_03' is used but is never set. Setting it in an unused scripted trigger or effect does not count
[15:52:04][E][jomini_effect.cpp:1161]: Flag 'agot_crossroads_market_01' is used but is never set. Setting it in an unused scripted trigger or effect does not count
[15:52:04][E][jomini_effect.cpp:1161]: Flag 'agot_hall_of_the_streets_01' is used but is never set. Setting it in an unused scripted trigger or effect does not count
[15:52:04][E][jomini_effect.cpp:1161]: Flag 'agot_goat_fort_01' is used but is never set. Setting it in an unused scripted trigger or effect does not count
[15:52:04][E][jomini_effect.cpp:1161]: Flag 'agot_ruins_festival_calle_02' is used but is never set. Setting it in an unused scripted trigger or effect does not count
[15:52:04][E][jomini_effect.cpp:1161]: Flag 'agot_helanah_fort_01' is used but is never set. Setting it in an unused scripted trigger or effect does not count
[15:52:04][E][jomini_effect.cpp:1161]: Flag 'wilderness_holding' is used but is never set. Setting it in an unused scripted trigger or effect does not count
[15:52:04][E][jomini_effect.cpp:1161]: Flag 'agot_onyx_palace_01' is used but is never set. Setting it in an unused scripted trigger or effect does not count
[15:52:04][E][jomini_effect.cpp:1161]: Flag 'agot_ruins_ar_noy_02' is used but is never set. Setting it in an unused scripted trigger or effect does not count
[15:52:04][E][jomini_effect.cpp:1161]: Flag 'agot_bloody_axe_pass_01' is used but is never set. Setting it in an unused scripted trigger or effect does not count
[15:52:04][E][jomini_effect.cpp:1161]: Flag 'fanghill_01' is used but is never set. Setting it in an unused scripted trigger or effect does not count
[15:52:04][E][jomini_effect.cpp:1161]: Flag 'agot_revosghar_01' is used but is never set. Setting it in an unused scripted trigger or effect does not count
[15:52:04][E][jomini_effect.cpp:1161]: Flag 'agot_grand_slave_markets_of_qohor_01' is used but is never set. Setting it in an unused scripted trigger or effect does not count
[15:52:04][E][jomini_effect.cpp:1161]: Flag 'agot_ruins_ghoyan_drohe_03' is used but is never set. Setting it in an unused scripted trigger or effect does not count
[15:52:04][E][jomini_effect.cpp:1161]: Flag 'the_arbor_01' is used but is never set. Setting it in an unused scripted trigger or effect does not count
[15:52:04][E][jomini_effect.cpp:1161]: Flag 'agot_ruins_bridge_of_dreams_02' is used but is never set. Setting it in an unused scripted trigger or effect does not count
[15:52:04][E][jomini_effect.cpp:1161]: Flag 'oldstones_old_new' is used but is never set. Setting it in an unused scripted trigger or effect does not count
[15:52:04][E][jomini_effect.cpp:1161]: Flag 'agot_sinners_steps_01' is used but is never set. Setting it in an unused scripted trigger or effect does not count
[15:52:04][E][jomini_effect.cpp:1161]: Flag 'agot_ruins_tianos_bastion_03' is used but is never set. Setting it in an unused scripted trigger or effect does not count
[15:52:04][E][jomini_effect.cpp:1161]: Flag 'unknown_holding' is used but is never set. Setting it in an unused scripted trigger or effect does not count
[15:52:04][E][jomini_effect.cpp:1161]: Flag 'agot_red_temple_lorath_01' is used but is never set. Setting it in an unused scripted trigger or effect does not count
[15:52:04][E][jomini_effect.cpp:1161]: Flag 'crag_03' is used but is never set. Setting it in an unused scripted trigger or effect does not count
[15:52:04][E][jomini_effect.cpp:1161]: Flag 'agot_braided_barracks_01' is used but is never set. Setting it in an unused scripted trigger or effect does not count
[15:52:04][E][jomini_effect.cpp:1161]: Flag 'agot_ruins_ar_noy_01' is used but is never set. Setting it in an unused scripted trigger or effect does not count
[15:52:04][E][jomini_effect.cpp:1161]: Flag 'agot_ruins_foreign_port_03' is used but is never set. Setting it in an unused scripted trigger or effect does not count
[15:52:04][E][jomini_effect.cpp:1161]: Flag 'agot_ruins_ny_sar_01' is used but is never set. Setting it in an unused scripted trigger or effect does not count
[15:52:04][E][jomini_effect.cpp:1161]: Flag 'agot_ruins_tianos_bastion_05' is used but is never set. Setting it in an unused scripted trigger or effect does not count
[15:52:04][E][jomini_effect.cpp:1161]: Flag 'agot_sanguine_pyramid_01' is used but is never set. Setting it in an unused scripted trigger or effect does not count
[15:52:04][E][jomini_effect.cpp:1161]: Flag 'agot_ruins_palace_of_sorrows_04' is used but is never set. Setting it in an unused scripted trigger or effect does not count
[15:52:04][E][jomini_effect.cpp:1161]: Flag 'cow_duskendale_01' is used but is never set. Setting it in an unused scripted trigger or effect does not count
[15:52:04][E][jomini_effect.cpp:1161]: Flag 'agot_lonely_light_02' is used but is never set. Setting it in an unused scripted trigger or effect does not count
[15:52:04][E][jomini_effect.cpp:1161]: Flag 'agot_temple_of_the_piercing_light_01' is used but is never set. Setting it in an unused scripted trigger or effect does not count
[15:52:04][E][jomini_effect.cpp:1161]: Flag 'agot_barbate_fortress_01' is used but is never set. Setting it in an unused scripted trigger or effect does not count
[15:52:04][E][jomini_effect.cpp:1161]: Flag 'agot_ebon_ridge_01' is used but is never set. Setting it in an unused scripted trigger or effect does not count
[15:52:04][E][jomini_effect.cpp:1161]: Flag '24castamere_01' is used but is never set. Setting it in an unused scripted trigger or effect does not count
[15:52:04][E][jomini_effect.cpp:1161]: Flag 'agot_yaghorsosten_harbor_01' is used but is never set. Setting it in an unused scripted trigger or effect does not count
[15:52:04][E][jomini_effect.cpp:1161]: Flag 'hornhill_01' is used but is never set. Setting it in an unused scripted trigger or effect does not count
[15:52:04][E][jomini_effect.cpp:1161]: Flag 'agot_bear_trap_01' is used but is never set. Setting it in an unused scripted trigger or effect does not count
[15:52:04][E][jomini_effect.cpp:1161]: Flag 'agot_turtle_lake_01' is used but is never set. Setting it in an unused scripted trigger or effect does not count
[15:52:04][E][jomini_effect.cpp:1161]: Flag 'agot_dorenrashi_01' is used but is never set. Setting it in an unused scripted trigger or effect does not count
[15:52:04][E][jomini_effect.cpp:1161]: Flag 'agot_ruins_bridge_of_dreams_01' is used but is never set. Setting it in an unused scripted trigger or effect does not count
[15:52:04][E][jomini_effect.cpp:1161]: Flag 'agot_green_marble_quarries_01' is used but is never set. Setting it in an unused scripted trigger or effect does not count
[15:52:04][E][jomini_effect.cpp:1161]: Flag 'agot_leviathan_beach_01' is used but is never set. Setting it in an unused scripted trigger or effect does not count
[15:52:04][E][jomini_effect.cpp:1161]: Flag 'agot_ruins_ny_sar_02' is used but is never set. Setting it in an unused scripted trigger or effect does not count
[15:52:04][E][jomini_effect.cpp:1161]: Flag 'agot_lonely_light_05' is used but is never set. Setting it in an unused scripted trigger or effect does not count
[15:52:04][E][jomini_effect.cpp:1161]: Flag 'high_hermitage_01' is used but is never set. Setting it in an unused scripted trigger or effect does not count
[15:52:04][E][jomini_effect.cpp:1161]: Flag 'agot_tianos_bastion_02' is used but is never set. Setting it in an unused scripted trigger or effect does not count
[15:52:04][E][jomini_effect.cpp:1161]: Flag 'agot_the_silver_mountain_01' is used but is never set. Setting it in an unused scripted trigger or effect does not count
[15:52:04][E][jomini_effect.cpp:1161]: Flag 'pirate_den_holding' is used but is never set. Setting it in an unused scripted trigger or effect does not count
[15:52:04][E][jomini_effect.cpp:1161]: Flag 'agot_lonely_light_04' is used but is never set. Setting it in an unused scripted trigger or effect does not count
[15:52:04][E][jomini_effect.cpp:1161]: Flag 'agot_low_port_01' is used but is never set. Setting it in an unused scripted trigger or effect does not count
[15:52:04][E][jomini_effect.cpp:1161]: Flag 'agot_third_eye_refuge_01' is used but is never set. Setting it in an unused scripted trigger or effect does not count
[15:52:04][E][jomini_effect.cpp:1161]: Flag 'agot_ruins_tianos_bastion_04' is used but is never set. Setting it in an unused scripted trigger or effect does not count
[15:52:04][E][jomini_effect.cpp:1161]: Flag 'agot_jorreblenon_01' is used but is never set. Setting it in an unused scripted trigger or effect does not count
[15:52:04][E][jomini_effect.cpp:1161]: Flag 'agot_ruins_gate_of_the_mother_03' is used but is never set. Setting it in an unused scripted trigger or effect does not count
[15:52:04][E][jomini_effect.cpp:1161]: Flag 'agot_khals_run_01' is used but is never set. Setting it in an unused scripted trigger or effect does not count
[15:52:04][E][jomini_effect.cpp:1161]: Flag 'crag_01' is used but is never set. Setting it in an unused scripted trigger or effect does not count
[15:52:04][E][jomini_effect.cpp:1161]: Flag 'agot_ruins_home_port_01' is used but is never set. Setting it in an unused scripted trigger or effect does not count
[15:52:04][E][jomini_effect.cpp:1161]: Flag 'agot_port_ampnavath_01' is used but is never set. Setting it in an unused scripted trigger or effect does not count
[15:52:04][E][jomini_effect.cpp:1161]: Flag 'agot_ruins_temple_of_the_womb_01' is used but is never set. Setting it in an unused scripted trigger or effect does not count
[15:52:04][E][jomini_effect.cpp:1161]: Flag 'agot_hairy_port_01' is used but is never set. Setting it in an unused scripted trigger or effect does not count
[15:52:04][E][jomini_effect.cpp:1161]: Flag 'agot_ruins_fogs_touch_quarter_03' is used but is never set. Setting it in an unused scripted trigger or effect does not count
[15:52:04][E][jomini_effect.cpp:1161]: Flag 'palestone_sword_01' is used but is never set. Setting it in an unused scripted trigger or effect does not count
[15:52:04][E][jomini_effect.cpp:1161]: Flag 'agot_breakwater_01' is used but is never set. Setting it in an unused scripted trigger or effect does not count
[15:52:04][E][jomini_effect.cpp:1161]: Flag 'ashemark_01' is used but is never set. Setting it in an unused scripted trigger or effect does not count
[15:52:04][E][jomini_effect.cpp:1161]: Flag 'agot_qohor_digores_01' is used but is never set. Setting it in an unused scripted trigger or effect does not count
[15:52:04][E][jomini_effect.cpp:1161]: Flag 'agot_ruins_tianos_bastion_01' is used but is never set. Setting it in an unused scripted trigger or effect does not count
[15:52:04][E][jomini_effect.cpp:1161]: Flag 'agot_smiths_walls_01' is used but is never set. Setting it in an unused scripted trigger or effect does not count
[15:52:04][E][jomini_effect.cpp:1161]: Flag 'agot_ruins_festival_calle_03' is used but is never set. Setting it in an unused scripted trigger or effect does not count
[15:52:04][E][jomini_effect.cpp:1161]: Flag 'agot_ruins_festival_calle_01' is used but is never set. Setting it in an unused scripted trigger or effect does not count
[15:52:04][E][jomini_effect.cpp:1161]: Flag 'agot_meletista_01' is used but is never set. Setting it in an unused scripted trigger or effect does not count
[15:52:04][E][jomini_effect.cpp:1161]: Flag 'agot_carillon_walls_01' is used but is never set. Setting it in an unused scripted trigger or effect does not count
[15:52:04][E][jomini_effect.cpp:1161]: Flag 'agot_ruins_fogs_touch_quarter_02' is used but is never set. Setting it in an unused scripted trigger or effect does not count
[15:52:04][E][jomini_effect.cpp:1161]: Flag 'cow_runestone_01' is used but is never set. Setting it in an unused scripted trigger or effect does not count
[15:52:04][E][jomini_effect.cpp:1161]: Flag 'agot_vostmont_01' is used but is never set. Setting it in an unused scripted trigger or effect does not count
[15:52:04][E][jomini_effect.cpp:1161]: Flag 'agot_ruins_ar_noy_03' is used but is never set. Setting it in an unused scripted trigger or effect does not count
[15:52:04][E][jomini_effect.cpp:1161]: Flag 'agot_ruins_palace_of_sorrows_01' is used but is never set. Setting it in an unused scripted trigger or effect does not count
[15:52:04][E][jomini_effect.cpp:1161]: Flag 'ironwrath_01' is used but is never set. Setting it in an unused scripted trigger or effect does not count
[15:52:04][E][jomini_effect.cpp:1161]: Flag 'seagard_01' is used but is never set. Setting it in an unused scripted trigger or effect does not count
[15:52:04][E][jomini_effect.cpp:1161]: Flag 'agot_forest_of_steel_01' is used but is never set. Setting it in an unused scripted trigger or effect does not count
[15:52:04][E][jomini_effect.cpp:1161]: Flag 'agot_ruins_ghoyan_drohe_02' is used but is never set. Setting it in an unused scripted trigger or effect does not count
[15:52:04][E][jomini_effect.cpp:1161]: Flag 'agot_noyne_watch_01' is used but is never set. Setting it in an unused scripted trigger or effect does not count
[15:52:04][E][jomini_effect.cpp:1161]: Flag 'agot_harvest_hall_01' is used but is never set. Setting it in an unused scripted trigger or effect does not count
[15:52:04][E][jomini_effect.cpp:1161]: Flag 'agot_the_bower_01' is used but is never set. Setting it in an unused scripted trigger or effect does not count
[15:52:04][E][jomini_effect.cpp:1161]: Flag 'agot_ruins_gate_of_the_mother_02' is used but is never set. Setting it in an unused scripted trigger or effect does not count
[15:52:04][E][jomini_effect.cpp:1161]: Flag 'agot_ruins_bridge_of_dreams_03' is used but is never set. Setting it in an unused scripted trigger or effect does not count
[15:52:04][E][jomini_effect.cpp:1161]: Flag 'agot_fisher_hall_01' is used but is never set. Setting it in an unused scripted trigger or effect does not count
[15:52:04][E][jomini_effect.cpp:1161]: Flag 'agot_qohor_docks_01' is used but is never set. Setting it in an unused scripted trigger or effect does not count
[15:52:04][E][jomini_effect.cpp:1161]: Flag 'agot_ruins_tianos_bastion_02' is used but is never set. Setting it in an unused scripted trigger or effect does not count
[15:52:04][E][jomini_effect.cpp:1161]: Flag 'agot_rivermans_haunt_01' is used but is never set. Setting it in an unused scripted trigger or effect does not count
[15:52:04][E][jomini_effect.cpp:1161]: Flag 'yronwood_01' is used but is never set. Setting it in an unused scripted trigger or effect does not count
[15:52:04][E][jomini_effect.cpp:1161]: Flag 'agot_ruins_temple_of_the_womb_02' is used but is never set. Setting it in an unused scripted trigger or effect does not count
[15:52:04][E][jomini_effect.cpp:1161]: Flag 'planky_town_special' is used but is never set. Setting it in an unused scripted trigger or effect does not count
[15:52:04][E][jomini_effect.cpp:1161]: Flag 'agot_high_port_01' is used but is never set. Setting it in an unused scripted trigger or effect does not count
[15:52:04][E][jomini_effect.cpp:1161]: Flag 'agot_brewery_grove_01' is used but is never set. Setting it in an unused scripted trigger or effect does not count
[15:52:04][E][jomini_effect.cpp:1161]: Flag 'agot_ruins_foreign_port_02' is used but is never set. Setting it in an unused scripted trigger or effect does not count
[15:52:04][E][jomini_effect.cpp:1161]: Flag 'oldstones_old_final' is used but is never set. Setting it in an unused scripted trigger or effect does not count
[15:52:04][E][jomini_effect.cpp:1161]: Flag 'crag_02' is used but is never set. Setting it in an unused scripted trigger or effect does not count
[15:52:04][E][jomini_effect.cpp:1161]: Flag 'agot_the_perch_01' is used but is never set. Setting it in an unused scripted trigger or effect does not count
[15:52:04][E][jomini_effect.cpp:1161]: Flag 'agot_ruins_palace_of_sorrows_03' is used but is never set. Setting it in an unused scripted trigger or effect does not count
[15:52:04][E][jomini_effect.cpp:1161]: Flag 'agot_darkwash_watch_01' is used but is never set. Setting it in an unused scripted trigger or effect does not count
[15:52:04][E][jomini_effect.cpp:1161]: Flag 'agot_whitegrove_01' is used but is never set. Setting it in an unused scripted trigger or effect does not count
[15:52:04][E][jomini_effect.cpp:1161]: Flag 'agot_the_maw_01' is used but is never set. Setting it in an unused scripted trigger or effect does not count
[15:52:04][E][jomini_effect.cpp:1161]: Flag '24castamere_02' is used but is never set. Setting it in an unused scripted trigger or effect does not count
[15:52:04][E][jomini_effect.cpp:1161]: Flag 'agot_ruins_palace_of_sorrows_05' is used but is never set. Setting it in an unused scripted trigger or effect does not count
[15:52:04][E][jomini_effect.cpp:1145]: Flag 'hold' is set but is never used. Note that use in localization doesn't count due to technical limitations. Use in unused scripted triggers and effects also does not count
[15:52:04][E][jomini_effect.cpp:1145]: Flag 'shivers' is set but is never used. Note that use in localization doesn't count due to technical limitations. Use in unused scripted triggers and effects also does not count
[15:52:04][E][jomini_effect.cpp:1145]: Flag 'DI_subtype_throne' is set but is never used. Note that use in localization doesn't count due to technical limitations. Use in unused scripted triggers and effects also does not count
[15:52:04][E][jomini_effect.cpp:1145]: Flag 'global' is set but is never used. Note that use in localization doesn't count due to technical limitations. Use in unused scripted triggers and effects also does not count
[15:52:04][E][jomini_effect.cpp:1145]: Flag 'all_found' is set but is never used. Note that use in localization doesn't count due to technical limitations. Use in unused scripted triggers and effects also does not count
[15:52:04][E][jomini_effect.cpp:1145]: Flag 'pact' is set but is never used. Note that use in localization doesn't count due to technical limitations. Use in unused scripted triggers and effects also does not count
[15:52:04][E][jomini_effect.cpp:1161]: Variable 'crown_branstark_artifact' is used but is never set. Setting it in an unused scripted trigger or effect does not count
[15:52:04][E][jomini_effect.cpp:1161]: Variable 'crown_maesteraemon_artifact' is used but is never set. Setting it in an unused scripted trigger or effect does not count
[15:52:04][E][jomini_effect.cpp:1161]: Variable 'crown_of_sansa_artifact' is used but is never set. Setting it in an unused scripted trigger or effect does not count
[15:52:04][E][jomini_effect.cpp:1161]: Variable 'crown_showaerys_artifact' is used but is never set. Setting it in an unused scripted trigger or effect does not count
[15:52:04][E][jomini_effect.cpp:1161]: Variable 'crown_baelorbreakspear_generic_artifact' is used but is never set. Setting it in an unused scripted trigger or effect does not count
[15:52:04][E][jomini_effect.cpp:1161]: Variable 'crown_of_stone_hedge_artifact' is used but is never set. Setting it in an unused scripted trigger or effect does not count
[15:52:04][E][jomini_effect.cpp:1161]: Variable 'crown_of_goldengrove_artifact' is used but is never set. Setting it in an unused scripted trigger or effect does not count
[15:52:04][E][jomini_effect.cpp:1161]: Variable 'stormlands_crown_historic_artifact' is used but is never set. Setting it in an unused scripted trigger or effect does not count
[15:52:04][E][jomini_effect.cpp:1161]: Variable 'crown_margaerytyrell_artifact' is used but is never set. Setting it in an unused scripted trigger or effect does not count
[15:52:04][E][jomini_effect.cpp:1161]: Variable 'snowflower_crown_artifact' is used but is never set. Setting it in an unused scripted trigger or effect does not count
[15:52:04][E][jomini_effect.cpp:1161]: Variable 'roland_arryn_crown_artifact' is used but is never set. Setting it in an unused scripted trigger or effect does not count
[15:52:04][E][jomini_effect.cpp:1161]: Variable 'crown_lancellannister_artifact' is used but is never set. Setting it in an unused scripted trigger or effect does not count
[15:52:04][E][jomini_effect.cpp:1161]: Variable 'crown_aegonsonofjaehaerys_artifact' is used but is never set. Setting it in an unused scripted trigger or effect does not count
[15:52:04][E][jomini_effect.cpp:1161]: Variable 'crown_maelysblackfyre_artifact' is used but is never set. Setting it in an unused scripted trigger or effect does not count
[15:52:04][E][jomini_effect.cpp:1161]: Variable 'brightboar_enabled' is used but is never set. Setting it in an unused scripted trigger or effect does not count
[15:52:04][E][jomini_effect.cpp:1161]: Variable 'elaena_crown_red_and_black_artifact' is used but is never set. Setting it in an unused scripted trigger or effect does not count
[15:52:04][E][jomini_effect.cpp:1161]: Variable 'asoiaf_enabled' is used but is never set. Setting it in an unused scripted trigger or effect does not count
[15:52:04][E][jomini_effect.cpp:1161]: Variable 'crown_of_the_red_keep_artifact' is used but is never set. Setting it in an unused scripted trigger or effect does not count
[15:52:04][E][jomini_effect.cpp:1161]: Variable 'crown_daemon_ii_blackfyre_artifact' is used but is never set. Setting it in an unused scripted trigger or effect does not count
[15:52:04][E][jomini_effect.cpp:1161]: Variable 'westerosi_valyrian_crown2_blackfyre_artifact' is used but is never set. Setting it in an unused scripted trigger or effect does not count
[15:52:04][E][jomini_effect.cpp:1161]: Variable 'vaellatargaryen_crown_artifact' is used but is never set. Setting it in an unused scripted trigger or effect does not count
[15:52:04][E][jomini_effect.cpp:1161]: Variable 'crown_valarr_artifact' is used but is never set. Setting it in an unused scripted trigger or effect does not count
[15:52:04][E][jomini_effect.cpp:1161]: Variable 'winterwing_crown_artifact' is used but is never set. Setting it in an unused scripted trigger or effect does not count
[15:52:04][E][jomini_effect.cpp:1161]: Variable 'garlandgardener_crown_artifact' is used but is never set. Setting it in an unused scripted trigger or effect does not count
[15:52:04][E][jomini_effect.cpp:1161]: Variable 'mockingbird_circlet_artifact' is used but is never set. Setting it in an unused scripted trigger or effect does not count
[15:52:04][E][jomini_effect.cpp:1161]: Variable 'reindeer_crown_artifact' is used but is never set. Setting it in an unused scripted trigger or effect does not count
[15:52:04][E][jomini_effect.cpp:1161]: Variable 'falcon_crown_historic_artifact' is used but is never set. Setting it in an unused scripted trigger or effect does not count
[15:52:04][E][jomini_effect.cpp:1161]: Variable 'valyrian_crown2_targaryen_artifact' is used but is never set. Setting it in an unused scripted trigger or effect does not count
[15:52:04][E][jomini_effect.cpp:1161]: Variable 'crown_aenysblackfyre_artifact' is used but is never set. Setting it in an unused scripted trigger or effect does not count
[15:52:04][E][jomini_effect.cpp:1161]: Variable 'crown_of_jon_north_artifact' is used but is never set. Setting it in an unused scripted trigger or effect does not count
[15:52:04][E][jomini_effect.cpp:1161]: Variable 'jaehaerys_valyrian_variant_artifact' is used but is never set. Setting it in an unused scripted trigger or effect does not count
[15:52:04][E][jomini_effect.cpp:1161]: Variable 'argella_crown_artifact' is used but is never set. Setting it in an unused scripted trigger or effect does not count
[15:52:04][E][jomini_effect.cpp:1161]: Variable 'jaehaerys_variant_2_artifact' is used but is never set. Setting it in an unused scripted trigger or effect does not count
[15:52:04][E][jomini_effect.cpp:1161]: Variable 'crown_aemonsonofjaehaerys_artifact' is used but is never set. Setting it in an unused scripted trigger or effect does not count
[15:52:04][E][jomini_effect.cpp:1161]: Variable 'crown_orysbaratheon_artifact' is used but is never set. Setting it in an unused scripted trigger or effect does not count
[15:52:04][E][jomini_effect.cpp:1161]: Variable 'crown_of_jon_icefire_artifact' is used but is never set. Setting it in an unused scripted trigger or effect does not count
[15:52:04][E][jomini_effect.cpp:1161]: Variable 'aegon_variant_3_artifact' is used but is never set. Setting it in an unused scripted trigger or effect does not count
[15:52:04][E][jomini_effect.cpp:1161]: Variable 'crown_greenpyre_artifact' is used but is never set. Setting it in an unused scripted trigger or effect does not count
[15:52:04][E][jomini_effect.cpp:1161]: Variable 'jaehaerys_variant_1_artifact' is used but is never set. Setting it in an unused scripted trigger or effect does not count
[15:52:04][E][jomini_effect.cpp:1161]: Variable 'crown_aegonblackfyre_artifact' is used but is never set. Setting it in an unused scripted trigger or effect does not count
[15:52:04][E][jomini_effect.cpp:1161]: Variable 'captains_sword' is used but is never set. Setting it in an unused scripted trigger or effect does not count
[15:52:04][E][jomini_effect.cpp:1161]: Variable 'showaegon_crown_02_artifact' is used but is never set. Setting it in an unused scripted trigger or effect does not count
[15:52:04][E][jomini_effect.cpp:1161]: Variable 'crown_of_the_grey_king_artifact' is used but is never set. Setting it in an unused scripted trigger or effect does not count
[15:52:04][E][jomini_effect.cpp:1161]: Variable 'Crowns_westeros_enabled' is used but is never set. Setting it in an unused scripted trigger or effect does not count
[15:52:04][E][jomini_effect.cpp:1161]: Variable 'crown_rhaegar_artifact' is used but is never set. Setting it in an unused scripted trigger or effect does not count
[15:52:04][E][jomini_effect.cpp:1161]: Variable 'crown_geroldlannister_artifact' is used but is never set. Setting it in an unused scripted trigger or effect does not count
[15:52:04][E][jomini_effect.cpp:1161]: Variable 'bracken_crown_artifact' is used but is never set. Setting it in an unused scripted trigger or effect does not count
[15:52:04][E][jomini_effect.cpp:1161]: Variable 'crown_robbstark_artifact' is used but is never set. Setting it in an unused scripted trigger or effect does not count
[15:52:04][E][jomini_effect.cpp:1161]: Variable 'kingsguard_choice' is used but is never set. Setting it in an unused scripted trigger or effect does not count
[15:52:04][E][jomini_effect.cpp:1161]: Variable 'crown_of_harrenhall_artifact' is used but is never set. Setting it in an unused scripted trigger or effect does not count
[15:52:04][E][jomini_effect.cpp:1161]: Variable 'sharra_arryn_crown_artifact' is used but is never set. Setting it in an unused scripted trigger or effect does not count
[15:52:04][E][jomini_effect.cpp:1161]: Variable 'roland_crown_bandit' is used but is never set. Setting it in an unused scripted trigger or effect does not count
[15:52:04][E][jomini_effect.cpp:1161]: Variable 'crown_duncandragonfly_artifact' is used but is never set. Setting it in an unused scripted trigger or effect does not count
[15:52:04][E][jomini_effect.cpp:1161]: Variable 'crown_of_yronwood_artifact' is used but is never set. Setting it in an unused scripted trigger or effect does not count
[15:52:04][E][jomini_effect.cpp:1161]: Variable 'crown_jonsnowtargaryen_artifact' is used but is never set. Setting it in an unused scripted trigger or effect does not count
[15:52:04][E][jomini_effect.cpp:1161]: Variable 'massey_crown_artifact' is used but is never set. Setting it in an unused scripted trigger or effect does not count
[15:52:04][E][jomini_effect.cpp:1161]: Variable 'elaena_crown_black_artifact' is used but is never set. Setting it in an unused scripted trigger or effect does not count
[15:52:04][E][jomini_effect.cpp:1161]: Variable 'aemma_tiara_generic_artifact' is used but is never set. Setting it in an unused scripted trigger or effect does not count
[15:52:04][E][jomini_effect.cpp:1161]: Variable 'crown_alicenthightower_artifact' is used but is never set. Setting it in an unused scripted trigger or effect does not count
[15:52:04][E][jomini_effect.cpp:1161]: Variable 'cersei_tiara_artifact' is used but is never set. Setting it in an unused scripted trigger or effect does not count
[15:52:04][E][jomini_effect.cpp:1161]: Variable 'crown_of_weirwood_artifact' is used but is never set. Setting it in an unused scripted trigger or effect does not count
[15:52:04][E][jomini_effect.cpp:1161]: Variable 'crown_daena_artifact' is used but is never set. Setting it in an unused scripted trigger or effect does not count
[15:52:04][E][jomini_effect.cpp:1161]: Variable 'aereatargaryen_crown_02_artifact' is used but is never set. Setting it in an unused scripted trigger or effect does not count
[15:52:04][E][jomini_effect.cpp:1161]: Variable 'fab_never_silent_sister' is used but is never set. Setting it in an unused scripted trigger or effect does not count
[15:52:04][E][jomini_effect.cpp:1161]: Variable 'showrhaenyra_crown_02_artifact' is used but is never set. Setting it in an unused scripted trigger or effect does not count
[15:52:04][E][jomini_effect.cpp:1161]: Variable 'maegor_brightflame_crown_artifact' is used but is never set. Setting it in an unused scripted trigger or effect does not count
[15:52:04][E][jomini_effect.cpp:1161]: Variable 'crown_stepstone_artifact' is used but is never set. Setting it in an unused scripted trigger or effect does not count
[15:52:04][E][jomini_effect.cpp:1161]: Variable 'crown_haegonblackfyre_artifact' is used but is never set. Setting it in an unused scripted trigger or effect does not count
[15:52:04][E][jomini_effect.cpp:1161]: Variable 'garthgoldhand_crown_artifact' is used but is never set. Setting it in an unused scripted trigger or effect does not count
[15:52:04][E][jomini_effect.cpp:1161]: Variable 'crown_mors_martell_artifact' is used but is never set. Setting it in an unused scripted trigger or effect does not count
[15:52:04][E][jomini_effect.cpp:1161]: Variable 'elaena_crown_red_artifact' is used but is never set. Setting it in an unused scripted trigger or effect does not count
[15:52:04][E][jomini_effect.cpp:1161]: Variable 'crown_brightflame_artifact' is used but is never set. Setting it in an unused scripted trigger or effect does not count
[15:52:04][E][jomini_effect.cpp:1161]: Variable 'crown_of_the_mountain_and_vale_artifact' is used but is never set. Setting it in an unused scripted trigger or effect does not count
[15:52:04][E][jomini_effect.cpp:1161]: Variable 'aereatargaryen_crown_01_artifact' is used but is never set. Setting it in an unused scripted trigger or effect does not count
[15:52:04][E][jomini_effect.cpp:1161]: Variable 'calla_blackfyre_circlet_artifact' is used but is never set. Setting it in an unused scripted trigger or effect does not count
[15:52:04][E][jomini_effect.cpp:1161]: Variable 'crown_rhaenatargaryen_artifact' is used but is never set. Setting it in an unused scripted trigger or effect does not count
[15:52:04][E][jomini_effect.cpp:1161]: Variable 'crown_viserys_son_of_aenys_02_artifact' is used but is never set. Setting it in an unused scripted trigger or effect does not count
[15:52:04][E][jomini_effect.cpp:1161]: Variable 'winterrose_crown_artifact' is used but is never set. Setting it in an unused scripted trigger or effect does not count
[15:52:04][E][jomini_effect.cpp:1161]: Variable 'crown_of_winter_historic_artifact' is used but is never set. Setting it in an unused scripted trigger or effect does not count
[15:52:04][E][jomini_effect.cpp:1161]: Variable 'crown_matarys_artifact' is used but is never set. Setting it in an unused scripted trigger or effect does not count
[15:52:04][E][jomini_effect.cpp:1161]: Variable 'valyrian_crown2_blackfyre_artifact' is used but is never set. Setting it in an unused scripted trigger or effect does not count
[15:52:04][E][jomini_effect.cpp:1161]: Variable 'westerlands2_crown_historic_artifact' is used but is never set. Setting it in an unused scripted trigger or effect does not count
[15:52:04][E][jomini_effect.cpp:1161]: Variable 'crown_aegontheuncrowned_artifact' is used but is never set. Setting it in an unused scripted trigger or effect does not count
[15:52:04][E][jomini_effect.cpp:1161]: Variable 'crown_gardener_war_artifact' is used but is never set. Setting it in an unused scripted trigger or effect does not count
[15:52:04][E][jomini_effect.cpp:1161]: Variable 'circlet_of_the_seven_artifact' is used but is never set. Setting it in an unused scripted trigger or effect does not count
[15:52:04][E][jomini_effect.cpp:1161]: Variable 'crown_jacaerysvelaryon_artifact' is used but is never set. Setting it in an unused scripted trigger or effect does not count
[15:52:04][E][jomini_effect.cpp:1161]: Variable 'app_enabled' is used but is never set. Setting it in an unused scripted trigger or effect does not count
[15:52:04][E][jomini_effect.cpp:1161]: Variable 'crown_viserys_son_of_aenys_artifact' is used but is never set. Setting it in an unused scripted trigger or effect does not count
[15:52:04][E][jomini_effect.cpp:1161]: Variable 'showrhaenyra_crown_01_artifact' is used but is never set. Setting it in an unused scripted trigger or effect does not count
[15:52:04][E][jomini_effect.cpp:1161]: Variable 'crown_laenorvelaryon_artifact' is used but is never set. Setting it in an unused scripted trigger or effect does not count
[15:52:04][E][jomini_effect.cpp:1161]: Variable 'crown_aliandra_martell_artifact' is used but is never set. Setting it in an unused scripted trigger or effect does not count
[15:52:04][E][jomini_effect.cpp:1161]: Variable 'cersei_red_tiara_artifact' is used but is never set. Setting it in an unused scripted trigger or effect does not count
[15:52:04][E][jomini_effect.cpp:1161]: Variable 'circlet_of_stark_artifact' is used but is never set. Setting it in an unused scripted trigger or effect does not count
[15:52:04][E][jomini_effect.cpp:1161]: Variable 'crown_shieraseastar_artifact' is used but is never set. Setting it in an unused scripted trigger or effect does not count
[15:52:04][E][jomini_effect.cpp:1161]: Variable 'crown_tyboltthunderbolt_artifact' is used but is never set. Setting it in an unused scripted trigger or effect does not count
[15:52:04][E][jomini_effect.cpp:1161]: Variable 'bittersteel_crown_artifact' is used but is never set. Setting it in an unused scripted trigger or effect does not count
[15:52:04][E][jomini_effect.cpp:1161]: Variable 'joffrey_show_crown_artifact' is used but is never set. Setting it in an unused scripted trigger or effect does not count
[15:52:04][E][jomini_effect.cpp:1161]: Variable 'crown_aemond_artifact' is used but is never set. Setting it in an unused scripted trigger or effect does not count
[15:52:04][E][jomini_effect.cpp:1161]: Variable 'jaehaera_crown_artifact' is used but is never set. Setting it in an unused scripted trigger or effect does not count
[15:52:04][E][jomini_effect.cpp:1161]: Variable 'wolfswood_crown_artifact' is used but is never set. Setting it in an unused scripted trigger or effect does not count
[15:52:04][E][jomini_effect.cpp:1161]: Variable 'seven_dragon_crown_artifact' is used but is never set. Setting it in an unused scripted trigger or effect does not count
[15:52:04][E][jomini_effect.cpp:1161]: Variable 'aemma_tiara_artifact' is used but is never set. Setting it in an unused scripted trigger or effect does not count
[15:52:04][E][jomini_effect.cpp:1161]: Variable 'crown_viserysiii_artifact' is used but is never set. Setting it in an unused scripted trigger or effect does not count
[15:52:04][E][jomini_effect.cpp:1161]: Variable 'myrcella_circlet_artifact' is used but is never set. Setting it in an unused scripted trigger or effect does not count
[15:52:04][E][jomini_effect.cpp:1161]: Variable 'circlet_of_seastar_artifact' is used but is never set. Setting it in an unused scripted trigger or effect does not count
[15:52:04][E][jomini_effect.cpp:1161]: Variable 'crown_of_the_golden_tree_artifact' is used but is never set. Setting it in an unused scripted trigger or effect does not count
[15:52:04][E][jomini_effect.cpp:1161]: Variable 'tgc_enabled' is used but is never set. Setting it in an unused scripted trigger or effect does not count
[15:52:04][E][jomini_effect.cpp:1161]: Variable 'crown_baelon_artifact' is used but is never set. Setting it in an unused scripted trigger or effect does not count
[15:52:04][E][jomini_effect.cpp:1161]: Variable 'crown_goldfyre_artifact' is used but is never set. Setting it in an unused scripted trigger or effect does not count
[15:52:04][E][jomini_effect.cpp:1161]: Variable 'elaena_crown_default_artifact' is used but is never set. Setting it in an unused scripted trigger or effect does not count
[15:52:04][E][jomini_effect.cpp:1161]: Variable 'crown_of_oldtown_tall_artifact' is used but is never set. Setting it in an unused scripted trigger or effect does not count
[15:52:04][E][jomini_effect.cpp:1161]: Variable 'crown_of_connington_artifact' is used but is never set. Setting it in an unused scripted trigger or effect does not count
[15:52:04][E][jomini_effect.cpp:1161]: Variable 'crown_vaegon_artifact' is used but is never set. Setting it in an unused scripted trigger or effect does not count
[15:52:04][E][jomini_effect.cpp:1161]: Variable 'crown_of_bloodraven_artifact' is used but is never set. Setting it in an unused scripted trigger or effect does not count
[15:52:04][E][jomini_effect.cpp:1161]: Variable 'showrhaenyra_crown_03_artifact' is used but is never set. Setting it in an unused scripted trigger or effect does not count
[15:52:04][E][jomini_effect.cpp:1161]: Variable 'crown_gardener_peace_artifact' is used but is never set. Setting it in an unused scripted trigger or effect does not count
[15:52:04][E][jomini_effect.cpp:1161]: Variable 'aemon_blackfyre_crown_artifact' is used but is never set. Setting it in an unused scripted trigger or effect does not count
[15:52:04][E][jomini_effect.cpp:1161]: Variable 'duskendale_crown_01_artifact' is used but is never set. Setting it in an unused scripted trigger or effect does not count
[15:52:04][E][jomini_effect.cpp:1161]: Variable 'crown_rhaenysvelaryon_artifact' is used but is never set. Setting it in an unused scripted trigger or effect does not count
[15:52:04][E][jomini_effect.cpp:1161]: Variable 'showaegon_crown_01_artifact' is used but is never set. Setting it in an unused scripted trigger or effect does not count
[15:52:04][E][jomini_effect.cpp:1161]: Variable 'aegon_variant_2_artifact' is used but is never set. Setting it in an unused scripted trigger or effect does not count
[15:52:04][E][jomini_effect.cpp:1161]: Variable 'crown_alyssavelaryon_artifact' is used but is never set. Setting it in an unused scripted trigger or effect does not count
[15:52:04][E][jomini_effect.cpp:1161]: Variable 'crown_of_oldtown_artifact' is used but is never set. Setting it in an unused scripted trigger or effect does not count
[15:52:04][E][jomini_effect.cpp:1161]: Variable 'daenerys_daughterofjaehaerys_crown_artifact' is used but is never set. Setting it in an unused scripted trigger or effect does not count
[15:52:04][E][jomini_effect.cpp:1161]: Variable 'crown_of_the_iron_throne_artifact' is used but is never set. Setting it in an unused scripted trigger or effect does not count
[15:52:04][E][jomini_effect.cpp:1161]: Variable 'crown_jonsnow_artifact' is used but is never set. Setting it in an unused scripted trigger or effect does not count
[15:52:04][E][jomini_effect.cpp:1161]: Variable 'crown_orysbaratheon_generic_artifact' is used but is never set. Setting it in an unused scripted trigger or effect does not count
[15:52:04][E][jomini_effect.cpp:1161]: Variable 'crown_baelorbreakspear_artifact' is used but is never set. Setting it in an unused scripted trigger or effect does not count
[15:52:04][E][jomini_effect.cpp:1161]: Variable 'crown_celtigar_artifact' is used but is never set. Setting it in an unused scripted trigger or effect does not count
[15:52:04][E][jomini_effect.cpp:1161]: Variable 'crown_of_robert_baratheon_artifact' is used but is never set. Setting it in an unused scripted trigger or effect does not count
[15:52:04][E][jomini_effect.cpp:1161]: Variable 'aegon_variant_4_artifact' is used but is never set. Setting it in an unused scripted trigger or effect does not count
[15:52:04][E][jomini_effect.cpp:1161]: Variable 'crown_of_renly_baratheon_artifact' is used but is never set. Setting it in an unused scripted trigger or effect does not count
[15:52:04][E][jomini_effect.cpp:1161]: Variable 'swordman_armor_artifact' is used but is never set. Setting it in an unused scripted trigger or effect does not count
[15:52:04][E][jomini_effect.cpp:1161]: Variable 'baldric_durrandon_crown_artifact' is used but is never set. Setting it in an unused scripted trigger or effect does not count
[15:52:04][E][jomini_effect.cpp:1161]: Variable 'crown_hugor_of_the_hill_artifact' is used but is never set. Setting it in an unused scripted trigger or effect does not count
[15:52:04][E][jomini_effect.cpp:1161]: Variable 'crown_of_sharp_point_artifact' is used but is never set. Setting it in an unused scripted trigger or effect does not count
[15:52:04][E][jomini_effect.cpp:1161]: Variable 'daeron_the_daring_crown_artifact' is used but is never set. Setting it in an unused scripted trigger or effect does not count
[15:52:04][E][jomini_effect.cpp:1161]: Variable 'emberrose_crown_artifact' is used but is never set. Setting it in an unused scripted trigger or effect does not count
[15:52:04][E][jomini_effect.cpp:1161]: Variable 'crown_seawyrm_artifact' is used but is never set. Setting it in an unused scripted trigger or effect does not count
[15:52:04][E][jomini_effect.cpp:1161]: Variable 'crown_aegonvi_artifact' is used but is never set. Setting it in an unused scripted trigger or effect does not count
[15:52:04][E][jomini_effect.cpp:1161]: Variable 'aegon_variant_1_artifact' is used but is never set. Setting it in an unused scripted trigger or effect does not count
[15:52:04][E][jomini_effect.cpp:1161]: Variable 'crown_of_cersei_ruler_artifact' is used but is never set. Setting it in an unused scripted trigger or effect does not count
[15:52:04][E][jomini_effect.cpp:1161]: Variable 'crown_of_estermont_artifact' is used but is never set. Setting it in an unused scripted trigger or effect does not count
[15:52:04][E][jomini_effect.cpp:1161]: Variable 'Aotk_enabled' is used but is never set. Setting it in an unused scripted trigger or effect does not count
[15:52:04][E][jomini_effect.cpp:1161]: Variable 'crown_mariah_martell_artifact' is used but is never set. Setting it in an unused scripted trigger or effect does not count
[15:52:04][E][jomini_effect.cpp:1161]: Variable 'circlet_bethablackwood_artifact' is used but is never set. Setting it in an unused scripted trigger or effect does not count
[15:52:04][E][jomini_effect.cpp:1145]: Variable 'fab_infant_aegon_fate_scheduled' is set but is never used. Note that use in localization doesn't count due to technical limitations. Use in unused scripted triggers and effects also does not count
[15:52:04][E][jomini_effect.cpp:1145]: Variable 'fab_rego_hunt_watch' is set but is never used. Note that use in localization doesn't count due to technical limitations. Use in unused scripted triggers and effects also does not count
[15:52:04][E][jomini_effect.cpp:1145]: Variable 'DI_artifact_subtype_display' is set but is never used. Note that use in localization doesn't count due to technical limitations. Use in unused scripted triggers and effects also does not count
[15:52:04][E][jomini_effect.cpp:1145]: Variable 'COWAGOT_is_loaded' is set but is never used. Note that use in localization doesn't count due to technical limitations. Use in unused scripted triggers and effects also does not count
[15:52:04][E][jomini_effect.cpp:1145]: Variable 'fab_vaegon_sent_to_citadel' is set but is never used. Note that use in localization doesn't count due to technical limitations. Use in unused scripted triggers and effects also does not count
[15:52:04][E][jomini_effect.cpp:1145]: Variable 'fab_rego_killers_found' is set but is never used. Note that use in localization doesn't count due to technical limitations. Use in unused scripted triggers and effects also does not count
[15:52:04][E][jomini_effect.cpp:1145]: Variable 'fab_viserra_ride_resolved' is set but is never used. Note that use in localization doesn't count due to technical limitations. Use in unused scripted triggers and effects also does not count
[15:52:04][E][jomini_effect.cpp:1145]: Variable 'fab_saera_confined' is set but is never used. Note that use in localization doesn't count due to technical limitations. Use in unused scripted triggers and effects also does not count
[15:52:04][E][jomini_effect.cpp:1145]: Variable 'fab_ourfury_orys_sworn' is set but is never used. Note that use in localization doesn't count due to technical limitations. Use in unused scripted triggers and effects also does not count
[15:52:04][E][jomini_effect.cpp:1145]: Variable 'fab_ourfury_king_withdrew' is set but is never used. Note that use in localization doesn't count due to technical limitations. Use in unused scripted triggers and effects also does not count
[15:52:04][E][jomini_effect.cpp:1145]: Variable 'fab_rego_unavenged' is set but is never used. Note that use in localization doesn't count due to technical limitations. Use in unused scripted triggers and effects also does not count
[15:52:04][E][jomini_effect.cpp:1145]: Variable 'fab_saera_in_lys' is set but is never used. Note that use in localization doesn't count due to technical limitations. Use in unused scripted triggers and effects also does not count
[15:52:04][E][jomini_effect.cpp:1145]: Variable 'fab_ourfury_orys_seized' is set but is never used. Note that use in localization doesn't count due to technical limitations. Use in unused scripted triggers and effects also does not count
[15:52:04][E][jomini_effect.cpp:1145]: Variable 'fab_ourfury_reputation_spread' is set but is never used. Note that use in localization doesn't count due to technical limitations. Use in unused scripted triggers and effects also does not count
[15:52:04][E][jomini_effect.cpp:1145]: Variable 'fab_saera_reconciled_early' is set but is never used. Note that use in localization doesn't count due to technical limitations. Use in unused scripted triggers and effects also does not count
[15:52:04][E][jomini_effect.cpp:1145]: Variable 'fab_ourfury_rainwood_route' is set but is never used. Note that use in localization doesn't count due to technical limitations. Use in unused scripted triggers and effects also does not count
[15:52:04][E][jomini_effect.cpp:1145]: Variable 'fab_ourfury_dragonstone_envoy' is set but is never used. Note that use in localization doesn't count due to technical limitations. Use in unused scripted triggers and effects also does not count
[15:52:04][E][jomini_effect.cpp:1145]: Variable 'DI_artifact_quality_display' is set but is never used. Note that use in localization doesn't count due to technical limitations. Use in unused scripted triggers and effects also does not count
[15:52:04][E][jomini_effect.cpp:1145]: Variable 'fab_ourfury_argella_wed_orys' is set but is never used. Note that use in localization doesn't count due to technical limitations. Use in unused scripted triggers and effects also does not count
[15:52:04][E][jomini_effect.cpp:1145]: Variable 'fab_dorne_war_of_knives' is set but is never used. Note that use in localization doesn't count due to technical limitations. Use in unused scripted triggers and effects also does not count
[15:52:04][E][jomini_effect.cpp:1145]: Variable 'fab_ourfury_marchers_released' is set but is never used. Note that use in localization doesn't count due to technical limitations. Use in unused scripted triggers and effects also does not count
[15:52:04][E][jomini_effect.cpp:1145]: Variable 'dark_sister_artifact' is set but is never used. Note that use in localization doesn't count due to technical limitations. Use in unused scripted triggers and effects also does not count
[15:52:04][E][jomini_effect.cpp:1145]: Variable 'fab_baelon_never_remarries' is set but is never used. Note that use in localization doesn't count due to technical limitations. Use in unused scripted triggers and effects also does not count
[15:52:04][E][jomini_effect.cpp:1145]: Variable 'fab_saera_roy_exiled' is set but is never used. Note that use in localization doesn't count due to technical limitations. Use in unused scripted triggers and effects also does not count
[15:52:04][E][jomini_effect.cpp:1145]: Variable 'fab_north_slain_dragon' is set but is never used. Note that use in localization doesn't count due to technical limitations. Use in unused scripted triggers and effects also does not count
[15:52:04][E][jomini_effect.cpp:1145]: Variable 'fab_maegelle_joined_faith' is set but is never used. Note that use in localization doesn't count due to technical limitations. Use in unused scripted triggers and effects also does not count
[15:52:04][E][jomini_effect.cpp:1145]: Variable 'fab_ourfury_meraxes_slain' is set but is never used. Note that use in localization doesn't count due to technical limitations. Use in unused scripted triggers and effects also does not count
[15:52:04][E][jomini_effect.cpp:1145]: Variable 'fab_aemon_tarth_refused' is set but is never used. Note that use in localization doesn't count due to technical limitations. Use in unused scripted triggers and effects also does not count
[15:52:04][E][jomini_effect.cpp:1145]: Variable 'fab_ourfury_orys_sent_home' is set but is never used. Note that use in localization doesn't count due to technical limitations. Use in unused scripted triggers and effects also does not count
[15:52:04][E][jomini_effect.cpp:1145]: Variable 'fab_ourfury_duel_won' is set but is never used. Note that use in localization doesn't count due to technical limitations. Use in unused scripted triggers and effects also does not count
[15:52:04][E][jomini_effect.cpp:1145]: Variable 'DI_artifact_category_display' is set but is never used. Note that use in localization doesn't count due to technical limitations. Use in unused scripted triggers and effects also does not count
[15:52:04][E][history.cpp:644]: Referencing non-existent character in script link character:fab_aurion
[15:52:04][E][history.cpp:644]: Referencing non-existent character in script link character:fab_aurion
