[14:28:53][dlc_descriptor.cpp:70] [original line 1] Invalid supported_version in file: mod/ugc_2261468688.mod line: 6
[14:30:46][virtualfilesystem.cpp:456] [original line 1255] Could not find texture due to 'VFSOpen Error: gfx/models/buildings/special/castamere/building_backup_atlas_properties.dds not found'
[14:30:46][virtualfilesystem.cpp:456] [original line 1257] Could not find texture due to 'VFSOpen Error: gfx/models/buildings/special/castamere/building_backup_atlas_normal.dds not found'
[14:30:46][virtualfilesystem.cpp:456] [original line 1260] Could not find texture due to 'VFSOpen Error: gfx/models/buildings/special/castamere/building_backup_atlas_properties.dds not found'
[14:30:46][virtualfilesystem.cpp:456] [original line 1262] Could not find texture due to 'VFSOpen Error: gfx/models/buildings/special/castamere/building_backup_atlas_normal.dds not found'
[14:30:47][virtualfilesystem.cpp:456] [original line 1272] Could not find texture due to 'VFSOpen Error: gfx/models/buildings/special/castamere/building_backup_atlas_properties.dds not found'
[14:30:47][virtualfilesystem.cpp:456] [original line 1274] Could not find texture due to 'VFSOpen Error: gfx/models/buildings/special/castamere/building_backup_atlas_normal.dds not found'
[14:30:47][virtualfilesystem.cpp:456] [original line 1277] Could not find texture due to 'VFSOpen Error: gfx/models/buildings/special/castamere/building_backup_atlas_properties.dds not found'
[14:30:47][virtualfilesystem.cpp:456] [original line 1279] Could not find texture due to 'VFSOpen Error: gfx/models/buildings/special/castamere/building_backup_atlas_normal.dds not found'
[14:30:50][virtualfilesystem.cpp:456] [original line 1331] Could not find texture due to 'VFSOpen Error: gfx/models/buildings/special/castamere/building_backup_atlas_properties.dds not found'
[14:30:50][virtualfilesystem.cpp:456] [original line 1333] Could not find texture due to 'VFSOpen Error: gfx/models/buildings/special/castamere/building_backup_atlas_normal.dds not found'
[14:30:50][virtualfilesystem.cpp:456] [original line 1336] Could not find texture due to 'VFSOpen Error: gfx/models/buildings/special/castamere/building_backup_atlas_properties.dds not found'
[14:30:50][virtualfilesystem.cpp:456] [original line 1338] Could not find texture due to 'VFSOpen Error: gfx/models/buildings/special/castamere/building_backup_atlas_normal.dds not found'
[14:30:50][virtualfilesystem.cpp:456] [original line 1341] Could not find texture due to 'VFSOpen Error: gfx/models/buildings/special/castamere/building_backup_atlas_properties.dds not found'
[14:30:50][virtualfilesystem.cpp:456] [original line 1343] Could not find texture due to 'VFSOpen Error: gfx/models/buildings/special/castamere/building_backup_atlas_normal.dds not found'
[14:31:08][pdx_persistent_reader.cpp:216] [original line 1438] Error: "Unexpected token: decision_has_second_step, near line: 112
Unexpected token: decision_custom_widget_container, near line: 113" in file: "common/decisions/asoiaf_house_branch_decisions.txt" near line: 118
[14:31:08][pdx_persistent_reader.cpp:216] [original line 1440] Error: "Unexpected token: decision_has_second_step, near line: 481
Unexpected token: decision_custom_widget_container, near line: 482" in file: "common/decisions/asoiaf_house_branch_decisions.txt" near line: 487
[14:31:08][decision_type.cpp:224] [original line 1442] asoiaf_greyjoy_cadets_decision has 'ai_check_interval'/'ai_check_interval_by_tier' that's negative or unset. Setting to 0 instead
[14:31:08][pdx_persistent_reader.cpp:216] [original line 1443] Error: "Unexpected token: decision_has_second_step, near line: 586
Unexpected token: decision_custom_widget_container, near line: 587" in file: "common/decisions/asoiaf_house_branch_decisions.txt" near line: 592
[14:31:08][decision_type.cpp:224] [original line 1445] asoiaf_baelish_cadets_decision has 'ai_check_interval'/'ai_check_interval_by_tier' that's negative or unset. Setting to 0 instead
[14:31:08][pdx_persistent_reader.cpp:216] [original line 1446] Error: "Unexpected token: decision_has_second_step, near line: 702
Unexpected token: decision_custom_widget_container, near line: 703" in file: "common/decisions/asoiaf_house_branch_decisions.txt" near line: 708
[14:31:08][decision_type.cpp:224] [original line 1448] asoiaf_harlaw_cadets_decision has 'ai_check_interval'/'ai_check_interval_by_tier' that's negative or unset. Setting to 0 instead
[14:31:08][decision_type.cpp:224] [original line 1449] asoiaf_jon_targ_cadet_branch_decision has 'ai_check_interval'/'ai_check_interval_by_tier' that's negative or unset. Setting to 0 instead
[14:31:08][decision_type.cpp:224] [original line 1450] asoiaf_aegon_II_greens_cadet_branch_decision has 'ai_check_interval'/'ai_check_interval_by_tier' that's negative or unset. Setting to 0 instead
[14:31:08][jomini_dynamicdescription.cpp:66] [original line 1451] Unrecognized loc key show_notifications_decision_tooltip. show_notifications_decision
[14:31:08][decision_type.cpp:224] [original line 1452] show_notifications_decision has 'ai_check_interval'/'ai_check_interval_by_tier' that's negative or unset. Setting to 0 instead
[14:31:09][pdx_persistent_reader.cpp:216] [original line 2261] Error: "Unknown trigger: is_dead, near line: 81" in file: "common/scripted_character_templates/asoiaf_invader_templates.txt" near line: 84
[14:31:09][pdx_persistent_reader.cpp:216] [original line 9904] Error: "Unknown trigger: portrait_wear_lannister_armour_torso_courtiers, near line: 11965" in file: "gfx/portraits/portrait_modifiers/asoiaf_character_custom_flags.txt" near line: 11965
[14:31:09][pdx_persistent_reader.cpp:216] [original line 9944] Error: "Unexpected token: accesory, near line: 17857" in file: "gfx/portraits/portrait_modifiers/asoiaf_character_custom_flags.txt" near line: 17857
[14:31:09][jomini_scriptvalue.h:459] [original line 9946] Cannot use GetMinValue without a value set
[14:31:09][jomini_eventtarget.cpp:692] [original line 9950] Failed to find a valid event target link 'has_religion' at file: gfx/portraits/portrait_modifiers/asoiaf_clothes.txt line: 1092 (asoiaf_drowned_man_clothes_modifiers:weight)
[14:31:09][pdx_persistent_reader.cpp:216] [original line 9951] Error: "Unknown trigger: liege.has_religion, near line: 1092" in file: "gfx/portraits/portrait_modifiers/asoiaf_clothes.txt" near line: 1093
[14:31:09][jomini_eventtarget.cpp:692] [original line 9952] Failed to find a valid event target link 'has_religion' at file: gfx/portraits/portrait_modifiers/asoiaf_clothes.txt line: 1176 (asoiaf_drowned_man_clothes_modifiers:weight)
[14:31:09][pdx_persistent_reader.cpp:216] [original line 9953] Error: "Unknown trigger: liege.has_religion, near line: 1176" in file: "gfx/portraits/portrait_modifiers/asoiaf_clothes.txt" near line: 1181
[14:31:09][pdx_persistent_reader.cpp:216] [original line 9958] Error: "Unknown trigger: is_busy_in_events_localised, near line: 150 (expanded from file: common/character_interactions/asoiaf_character_interactions.txt line: 151)" in file: "common/character_interactions/asoiaf_character_interactions.txt" near line: 157
[14:31:09][pdx_persistent_reader.cpp:216] [original line 9964] Error: "Unknown trigger: is_character_baratheon_3, near line: 81" in file: "gfx/portraits/portrait_modifiers/asoiaf_headgear_crowns.txt" near line: 83
[14:31:09][pdx_persistent_reader.cpp:216] [original line 9965] Error: "Unknown trigger: is_character_baratheon_3, near line: 165" in file: "gfx/portraits/portrait_modifiers/asoiaf_headgear_crowns.txt" near line: 167
[14:31:09][pdx_persistent_reader.cpp:216] [original line 9966] Error: "Unknown trigger: is_character_baratheon_4, near line: 264" in file: "gfx/portraits/portrait_modifiers/asoiaf_headgear_crowns.txt" near line: 269
[14:31:09][pdx_persistent_reader.cpp:216] [original line 9967] Error: "Unknown trigger: is_character_baratheon_4, near line: 330" in file: "gfx/portraits/portrait_modifiers/asoiaf_headgear_crowns.txt" near line: 335
[14:31:09][pdx_persistent_reader.cpp:216] [original line 9968] Error: "Unknown trigger: is_character_baratheon_5, near line: 645
Unknown trigger: is_character_baratheon_6, near line: 646
Unknown trigger: is_character_baratheon_7, near line: 647" in file: "gfx/portraits/portrait_modifiers/asoiaf_headgear_crowns.txt" near line: 651
[14:31:09][pdx_persistent_reader.cpp:216] [original line 9971] Error: "Unknown trigger: is_character_baratheon_5, near line: 694
Unknown trigger: is_character_baratheon_6, near line: 695
Unknown trigger: is_character_baratheon_7, near line: 696" in file: "gfx/portraits/portrait_modifiers/asoiaf_headgear_crowns.txt" near line: 700
[14:31:09][pdx_persistent_reader.cpp:216] [original line 10031] Error: "Unknown effect: asoiaf_mega_war_effect, near line: 8" in file: "events/asoiaf_mega_war_events.txt" near line: 9
[14:31:09][pdx_persistent_reader.cpp:216] [original line 10034] Error: "Unknown trigger: asoiaf_canon_children_Targaryen_101_trigger, near line: 737" in file: "events/asoiaf_canon_children_events/asoiaf_canon_children_targaryen_events.txt" near line: 738
[14:31:09][pdx_persistent_reader.cpp:216] [original line 10035] Error: "Unknown effect: asoiaf_canon_children_Targaryen_101_birth_effect, near line: 741" in file: "events/asoiaf_canon_children_events/asoiaf_canon_children_targaryen_events.txt" near line: 742
[14:31:09][pdx_persistent_reader.cpp:216] [original line 10036] Error: "Unknown effect: asoiaf_canon_children_Targaryen_100_birth_effect, near line: 749" in file: "events/asoiaf_canon_children_events/asoiaf_canon_children_targaryen_events.txt" near line: 750
[14:31:09][pdx_persistent_reader.cpp:216] [original line 10037] Error: "Unknown effect: asoiaf_canon_children_Targaryen_99_birth_effect, near line: 757" in file: "events/asoiaf_canon_children_events/asoiaf_canon_children_targaryen_events.txt" near line: 758
[14:31:09][pdx_persistent_reader.cpp:216] [original line 10038] Error: "Unknown effect: asoiaf_canon_children_Targaryen_98_birth_effect, near line: 765" in file: "events/asoiaf_canon_children_events/asoiaf_canon_children_targaryen_events.txt" near line: 766
[14:31:09][pdx_persistent_reader.cpp:216] [original line 10039] Error: "Unknown trigger: asoiaf_canon_children_Targaryen_104_trigger, near line: 777" in file: "events/asoiaf_canon_children_events/asoiaf_canon_children_targaryen_events.txt" near line: 778
[14:31:09][pdx_persistent_reader.cpp:216] [original line 10040] Error: "Unknown effect: asoiaf_canon_children_Targaryen_104_birth_effect, near line: 781" in file: "events/asoiaf_canon_children_events/asoiaf_canon_children_targaryen_events.txt" near line: 782
[14:31:09][pdx_persistent_reader.cpp:216] [original line 10041] Error: "Unknown trigger: asoiaf_canon_children_Targaryen_103_trigger, near line: 785" in file: "events/asoiaf_canon_children_events/asoiaf_canon_children_targaryen_events.txt" near line: 786
[14:31:09][pdx_persistent_reader.cpp:216] [original line 10042] Error: "Unknown effect: asoiaf_canon_children_Targaryen_103_birth_effect, near line: 789" in file: "events/asoiaf_canon_children_events/asoiaf_canon_children_targaryen_events.txt" near line: 790
[14:31:09][pdx_persistent_reader.cpp:216] [original line 10043] Error: "Unknown trigger: asoiaf_canon_children_Targaryen_102_trigger, near line: 793" in file: "events/asoiaf_canon_children_events/asoiaf_canon_children_targaryen_events.txt" near line: 794
[14:31:09][pdx_persistent_reader.cpp:216] [original line 10044] Error: "Unknown effect: asoiaf_canon_children_Targaryen_102_birth_effect, near line: 797" in file: "events/asoiaf_canon_children_events/asoiaf_canon_children_targaryen_events.txt" near line: 798
[14:31:09][character_currency_effects_impl.cpp:227] [original line 10045] Negative value in remove_short_term_gold: -450. file: events/decisions_events/buy_ruby_crown_events.txt line: 54 (buy_ruby_crown.0999:immediate)
[14:31:10][jomini_eventmanager.cpp:428] [original line 10046] Duplicated event ID 'agot_activity_commission_crown.0001' found. New Location: 'file: events/activities/agot_coronation_activity/agot_activity_events_crown_commission.txt line: 3 (agot_activity_commission_crown.0001)', Previous Location: 'file: events/activities/agot_coronation_activity/agot_activity_events_crown_commission.txt line: 3 (agot_activity_commission_crown.0001)'
[14:31:10][pdx_persistent_reader.cpp:216] [original line 10047] Error: "Unknown trigger: defender, near line: 89" in file: "common/on_action/asoiaf_army_on_actions.txt" near line: 90
[14:31:10][pdx_persistent_reader.cpp:216] [original line 10048] Error: "Unknown trigger: defender, near line: 226" in file: "common/on_action/asoiaf_army_on_actions.txt" near line: 227
[14:31:10][pdx_persistent_reader.cpp:216] [original line 10049] Error: "Unknown trigger: asoiaf_canon_children_Targaryen_101_trigger, near line: 613" in file: "common/on_action/asoiaf_pregnancy_childbirth_on_actions.txt" near line: 614
[14:31:10][pdx_persistent_reader.cpp:216] [original line 10050] Error: "Unknown trigger: asoiaf_canon_children_Targaryen_102_trigger, near line: 625
Unknown trigger: asoiaf_canon_children_Targaryen_103_trigger, near line: 626
Unknown trigger: asoiaf_canon_children_Targaryen_104_trigger, near line: 627" in file: "common/on_action/asoiaf_pregnancy_childbirth_on_actions.txt" near line: 628
[14:31:10][jomini_effect.cpp:914] [original line 10053] Failed to read 'target' for 'start_scheme' at file: common/on_action/asoiaf_yearly_on_actions.txt line: 417 (asoiaf_canon_children_dragon_bonding_maintenance)
[14:31:10][jomini_effect.cpp:914] [original line 10054] Failed to read 'target' for 'start_scheme' at file: common/on_action/asoiaf_yearly_on_actions.txt line: 458 (asoiaf_canon_children_dragon_bonding_maintenance)
[14:31:10][jomini_effect.cpp:914] [original line 10055] Failed to read 'target' for 'start_scheme' at file: common/on_action/asoiaf_yearly_on_actions.txt line: 499 (asoiaf_canon_children_dragon_bonding_maintenance)
[14:31:10][jomini_effect.cpp:914] [original line 10056] Failed to read 'target' for 'start_scheme' at file: common/on_action/asoiaf_yearly_on_actions.txt line: 540 (asoiaf_canon_children_dragon_bonding_maintenance)
[14:31:10][jomini_effect.cpp:914] [original line 10057] Failed to read 'target' for 'start_scheme' at file: common/on_action/asoiaf_yearly_on_actions.txt line: 581 (asoiaf_canon_children_dragon_bonding_maintenance)
[14:31:10][jomini_effect.cpp:914] [original line 10058] Failed to read 'target' for 'start_scheme' at file: common/on_action/asoiaf_yearly_on_actions.txt line: 622 (asoiaf_canon_children_dragon_bonding_maintenance)
[14:31:10][jomini_effect.cpp:914] [original line 10059] Failed to read 'target' for 'start_scheme' at file: common/on_action/asoiaf_yearly_on_actions.txt line: 663 (asoiaf_canon_children_dragon_bonding_maintenance)
[14:31:10][jomini_effect.cpp:914] [original line 10060] Failed to read 'target' for 'start_scheme' at file: common/on_action/asoiaf_yearly_on_actions.txt line: 704 (asoiaf_canon_children_dragon_bonding_maintenance)
[14:31:10][jomini_effect.cpp:914] [original line 10061] Failed to read 'target' for 'start_scheme' at file: common/on_action/asoiaf_yearly_on_actions.txt line: 745 (asoiaf_canon_children_dragon_bonding_maintenance)
[14:31:10][jomini_effect.cpp:914] [original line 10062] Failed to read 'target' for 'start_scheme' at file: common/on_action/asoiaf_yearly_on_actions.txt line: 786 (asoiaf_canon_children_dragon_bonding_maintenance)
[14:31:10][jomini_onaction.cpp:153] [original line 10063] There is more than one '_pTrigger' defined:file: common/on_action/agot_on_actions/test_title_on_actions.txt line: 179 (agot_on_title_inheritance_lannister_baratheon_coa)
[14:31:10][jomini_onaction.cpp:161] [original line 10064] There is more than one 'effect' defined using most recent:file: common/on_action/agot_on_actions/test_title_on_actions.txt line: 190 (agot_on_title_inheritance_lannister_baratheon_coa)
[14:31:10][pdx_persistent_reader.cpp:216] [original line 10065] Error: "Unknown effect: start_diarchy, near line: 233" in file: "common/on_action/agot_on_actions/test_title_on_actions.txt" near line: 235
[14:31:10][pdx_persistent_reader.cpp:216] [original line 10066] Error: "Unknown effect: asoiaf_destroy_crownlands_title_effect, near line: 449" in file: "common/on_action/agot_on_actions/test_title_on_actions.txt" near line: 450
[14:31:10][pdx_persistent_reader.cpp:216] [original line 10067] Error: "Unexpected token: confucian_education_xp_gain_mult, near line: 4047" in file: "common/modifiers/DI_modifiers.txt" near line: 4047
[14:31:10][pdx_persistent_reader.cpp:216] [original line 10068] Error: "Unexpected token: westerman_opinion, near line: 6" in file: "common/modifiers/asoiaf_artifact_modifiers.txt" near line: 6
[14:31:10][pdx_persistent_reader.cpp:216] [original line 10069] Error: "Unexpected token: valeman_opinion, near line: 447" in file: "common/modifiers/ntc_artifact_modifiers.txt" near line: 447
[14:31:10][pdx_persistent_reader.cpp:216] [original line 10070] Error: "Unexpected token: valeman_opinion, near line: 456" in file: "common/modifiers/ntc_artifact_modifiers.txt" near line: 456
[14:31:10][pdx_persistent_reader.cpp:216] [original line 10071] Error: "Unexpected token: valeman_opinion, near line: 605" in file: "common/modifiers/ntc_artifact_modifiers.txt" near line: 605
[14:31:10][pdx_persistent_reader.cpp:216] [original line 10072] Error: "Unexpected token: rhoynish_religion_opinion, near line: 1760" in file: "common/buildings/yy_agotcities_special_buildings_westeros.txt" near line: 1760
[14:31:10][pdx_persistent_reader.cpp:216] [original line 10073] Error: "Unexpected token: rhoynish_religion_opinion, near line: 1767" in file: "common/buildings/yy_agotcities_special_buildings_westeros.txt" near line: 1767
[14:31:10][pdx_persistent_reader.cpp:216] [original line 10074] Error: "Unknown trigger: holding, near line: 2364" in file: "common/buildings/yy_agotcities_special_buildings_westeros.txt" near line: 2369
[14:31:17][jomini_script_argument.cpp:227] [original line 10075] Compiling source for agot_create_artifact_aegon_i_crown_effect failed for missing arguments: CREATOR. At file: common/scripted_effects/00_agot_artifact_crowns_effects.txt line: 78 (agot_create_artifact_aegon_i_crown_effect)
[14:31:17][jomini_script_argument.cpp:227] [original line 10076] Compiling source for agot_create_artifact_aenys_crown_effect failed for missing arguments: CREATOR. At file: common/scripted_effects/00_agot_artifact_crowns_effects.txt line: 228 (agot_create_artifact_aenys_crown_effect)
[14:31:17][jomini_script_argument.cpp:227] [original line 10077] Compiling source for agot_create_artifact_jaehaerys_crown_effect failed for missing arguments: CREATOR. At file: common/scripted_effects/00_agot_artifact_crowns_effects.txt line: 314 (agot_create_artifact_jaehaerys_crown_effect)
[14:31:17][jomini_script_argument.cpp:227] [original line 10078] Compiling source for agot_create_artifact_aegon_iii_crown_effect failed for missing arguments: CREATOR. At file: common/scripted_effects/00_agot_artifact_crowns_effects.txt line: 434 (agot_create_artifact_aegon_iii_crown_effect)
[14:31:17][jomini_script_argument.cpp:227] [original line 10079] Compiling source for agot_create_artifact_baelors_crown_effect failed for missing arguments: CREATOR. At file: common/scripted_effects/00_agot_artifact_crowns_effects.txt line: 498 (agot_create_artifact_baelors_crown_effect)
[14:31:17][jomini_script_argument.cpp:227] [original line 10080] Compiling source for agot_create_artifact_aegon_iv_crown_effect failed for missing arguments: CREATOR. At file: common/scripted_effects/00_agot_artifact_crowns_effects.txt line: 594 (agot_create_artifact_aegon_iv_crown_effect)
[14:31:17][jomini_script_argument.cpp:227] [original line 10081] Compiling source for agot_create_artifact_maekars_crown_effect failed for missing arguments: CREATOR. At file: common/scripted_effects/00_agot_artifact_crowns_effects.txt line: 672 (agot_create_artifact_maekars_crown_effect)
[14:31:17][jomini_script_argument.cpp:227] [original line 10082] Compiling source for agot_create_artifact_visenya_circlet_effect failed for missing arguments: CREATOR. At file: common/scripted_effects/00_agot_artifact_crowns_effects.txt line: 837 (agot_create_artifact_visenya_circlet_effect)
[14:31:17][jomini_script_argument.cpp:192] [original line 10083] Compiling source for  failed for unknown arguments: CREATOR. At file: common/scripted_effects/asoiaf_scripted_effects_artifacts.txt line: 1832 (agot_create_artifact_robertI_crown_effect)
[14:31:17][jomini_script_argument.cpp:192] [original line 10084] Compiling source for  failed for unknown arguments: CREATOR. At file: common/scripted_effects/asoiaf_scripted_effects_artifacts.txt line: 1832 (agot_create_artifact_robertI_crown_effect)
[14:31:17][jomini_script_argument.cpp:192] [original line 10085] Compiling source for  failed for unknown arguments: CREATOR. At file: common/scripted_effects/asoiaf_scripted_effects_artifacts.txt line: 1954 (agot_create_artifact_renly_crown_effect)
[14:31:17][jomini_script_argument.cpp:192] [original line 10086] Compiling source for  failed for unknown arguments: CREATOR. At file: common/scripted_effects/asoiaf_scripted_effects_artifacts.txt line: 1954 (agot_create_artifact_renly_crown_effect)
[14:31:17][jomini_script_argument.cpp:192] [original line 10087] Compiling source for  failed for unknown arguments: CREATOR. At file: common/scripted_effects/asoiaf_scripted_effects_artifacts.txt line: 2068 (agot_create_artifact_joffreyI_crown_effect)
[14:31:17][jomini_script_argument.cpp:192] [original line 10088] Compiling source for  failed for unknown arguments: CREATOR. At file: common/scripted_effects/asoiaf_scripted_effects_artifacts.txt line: 2068 (agot_create_artifact_joffreyI_crown_effect)
[14:31:17][pdx_persistent_reader.cpp:216] [original line 10089] Error: "Unknown effect: exists, near line: 1386" in file: "common/scripted_effects/asoiaf_setup_effects.txt" near line: 1387
[14:31:17][pdx_persistent_reader.cpp:216] [original line 10090] Error: "Unknown effect: exists, near line: 1390" in file: "common/scripted_effects/asoiaf_setup_effects.txt" near line: 1396
[14:31:17][pdx_persistent_reader.cpp:216] [original line 10091] Error: "Unknown effect: exists, near line: 2170" in file: "common/scripted_effects/asoiaf_setup_effects.txt" near line: 2176
[14:31:17][pdx_persistent_reader.cpp:216] [original line 10092] Error: "Unknown effect: exists, near line: 2430
Unknown effect: exists, near line: 2431" in file: "common/scripted_effects/asoiaf_setup_effects.txt" near line: 2436
[14:31:17][pdx_persistent_reader.cpp:216] [original line 10094] Error: "Unknown trigger: has_claim, near line: 2483
Unknown trigger: has_claim, near line: 2484" in file: "common/scripted_effects/asoiaf_setup_effects.txt" near line: 2485
[14:31:17][pdx_persistent_reader.cpp:216] [original line 10096] Error: "Unknown effect: exists, near line: 2493" in file: "common/scripted_effects/asoiaf_setup_effects.txt" near line: 2497
[14:31:17][pdx_persistent_reader.cpp:216] [original line 10097] Error: "Unknown effect: exists, near line: 2498" in file: "common/scripted_effects/asoiaf_setup_effects.txt" near line: 2501
[14:31:17][pdx_persistent_reader.cpp:216] [original line 10098] Error: "Unknown effect: exists, near line: 2635" in file: "common/scripted_effects/asoiaf_setup_effects.txt" near line: 2640
[14:31:17][pdx_persistent_reader.cpp:216] [original line 10099] Error: "Unknown trigger: is_dead, near line: 5581" in file: "common/scripted_effects/asoiaf_setup_effects.txt" near line: 5581
[14:31:17][pdx_persistent_reader.cpp:216] [original line 10100] Error: "Unknown trigger: is_dead, near line: 6251" in file: "common/scripted_effects/asoiaf_setup_effects.txt" near line: 6251
[14:31:17][pdx_persistent_reader.cpp:216] [original line 10101] Error: "Unknown trigger: has_claim, near line: 6292" in file: "common/scripted_effects/asoiaf_setup_effects.txt" near line: 6292
[14:31:17][pdx_persistent_reader.cpp:216] [original line 10102] Error: "Unknown trigger: has_claim, near line: 8197" in file: "common/scripted_effects/asoiaf_setup_effects.txt" near line: 8197
[14:31:17][pdx_persistent_reader.cpp:216] [original line 10103] Error: "Unknown trigger: has_claim, near line: 8201" in file: "common/scripted_effects/asoiaf_setup_effects.txt" near line: 8201
[14:31:17][pdx_persistent_reader.cpp:216] [original line 10104] Error: "Unknown trigger: has_claim, near line: 8268" in file: "common/scripted_effects/asoiaf_setup_effects.txt" near line: 8268
[14:31:17][pdx_persistent_reader.cpp:216] [original line 10105] Error: "Unknown trigger: has_claim, near line: 8272" in file: "common/scripted_effects/asoiaf_setup_effects.txt" near line: 8272
[14:31:17][pdx_persistent_reader.cpp:216] [original line 10106] Error: "Unknown trigger: has_claim, near line: 8340" in file: "common/scripted_effects/asoiaf_setup_effects.txt" near line: 8340
[14:31:17][pdx_persistent_reader.cpp:216] [original line 10107] Error: "Unknown trigger: has_claim, near line: 8344" in file: "common/scripted_effects/asoiaf_setup_effects.txt" near line: 8344
[14:31:17][pdx_persistent_reader.cpp:216] [original line 10108] Error: "Unknown trigger: has_claim, near line: 8350" in file: "common/scripted_effects/asoiaf_setup_effects.txt" near line: 8350
[14:31:17][pdx_persistent_reader.cpp:216] [original line 10109] Error: "Unknown trigger: has_claim, near line: 8354" in file: "common/scripted_effects/asoiaf_setup_effects.txt" near line: 8354
[14:31:17][pdx_persistent_reader.cpp:216] [original line 10110] Error: "Unknown trigger: has_claim, near line: 8375" in file: "common/scripted_effects/asoiaf_setup_effects.txt" near line: 8375
[14:31:17][pdx_persistent_reader.cpp:216] [original line 10111] Error: "Unknown trigger: has_claim, near line: 8379" in file: "common/scripted_effects/asoiaf_setup_effects.txt" near line: 8379
[14:31:17][pdx_persistent_reader.cpp:216] [original line 10112] Error: "Unknown trigger: has_claim, near line: 8399" in file: "common/scripted_effects/asoiaf_setup_effects.txt" near line: 8399
[14:31:17][pdx_persistent_reader.cpp:216] [original line 10113] Error: "Unknown trigger: has_claim, near line: 8403" in file: "common/scripted_effects/asoiaf_setup_effects.txt" near line: 8403
[14:31:17][pdx_persistent_reader.cpp:216] [original line 10114] Error: "Unknown effect: exists, near line: 12177" in file: "common/scripted_effects/asoiaf_setup_effects.txt" near line: 12182
[14:31:17][pdx_locstring.cpp:93] [original line 10115] Key is missing localization: test_crush_desc
[14:31:17][pdx_locstring.cpp:93] [original line 10116] Key is missing localization: test_crush_desc
[14:31:17][pdx_persistent_reader.cpp:216] [original line 10117] Error: "Unknown effect: trait, near line: 3711" in file: "common/scripted_effects/asoiaf_canon_children_effects.txt" near line: 3717
[14:31:17][jomini_effect.cpp:914] [original line 10118] Failed to read 'target' for 'start_scheme' at file: common/scripted_effects/asoiaf_canon_children_effects.txt line: 4381 (asoiaf_canon_children_Targaryen_30_birth_effect:after_creation)
[14:31:17][jomini_effect.cpp:914] [original line 10119] Failed to read 'target' for 'start_scheme' at file: common/scripted_effects/asoiaf_canon_children_effects.txt line: 4476 (asoiaf_canon_children_Targaryen_31_birth_effect:after_creation)
[14:31:17][jomini_effect.cpp:914] [original line 10120] Failed to read 'target' for 'start_scheme' at file: common/scripted_effects/asoiaf_canon_children_effects.txt line: 4630 (asoiaf_canon_children_Targaryen_33_birth_effect:after_creation)
[14:31:17][jomini_effect.cpp:914] [original line 10121] Failed to read 'target' for 'start_scheme' at file: common/scripted_effects/asoiaf_canon_children_effects.txt line: 4792 (asoiaf_canon_children_Targaryen_35_birth_effect:after_creation)
[14:31:17][jomini_effect.cpp:914] [original line 10122] Failed to read 'target' for 'start_scheme' at file: common/scripted_effects/asoiaf_canon_children_effects.txt line: 4883 (asoiaf_canon_children_Targaryen_36_birth_effect:after_creation)
[14:31:17][jomini_effect.cpp:914] [original line 10123] Failed to read 'target' for 'start_scheme' at file: common/scripted_effects/asoiaf_canon_children_effects.txt line: 5183 (asoiaf_canon_children_Targaryen_41_and_42_birth_effect:after_creation)
[14:31:17][jomini_effect.cpp:914] [original line 10124] Failed to read 'target' for 'start_scheme' at file: common/scripted_effects/asoiaf_canon_children_effects.txt line: 5419 (asoiaf_canon_children_Targaryen_45_birth_effect:after_creation)
[14:31:17][jomini_effect.cpp:914] [original line 10125] Failed to read 'target' for 'start_scheme' at file: common/scripted_effects/asoiaf_canon_children_effects.txt line: 5553 (asoiaf_canon_children_Targaryen_47_birth_effect:after_creation)
[14:31:17][jomini_effect.cpp:914] [original line 10126] Failed to read 'target' for 'start_scheme' at file: common/scripted_effects/asoiaf_canon_children_effects.txt line: 6333 (asoiaf_canon_children_Targaryen_59_birth_effect:after_creation)
[14:31:17][jomini_effect.cpp:914] [original line 10127] Failed to read 'target' for 'start_scheme' at file: common/scripted_effects/asoiaf_canon_children_effects.txt line: 6441 (asoiaf_canon_children_Targaryen_60_birth_effect:after_creation)
[14:31:17][jomini_effect.cpp:914] [original line 10128] Failed to read 'target' for 'start_scheme' at file: common/scripted_effects/asoiaf_canon_children_effects.txt line: 6544 (asoiaf_canon_children_Targaryen_61_birth_effect:after_creation)
[14:31:17][jomini_effect.cpp:914] [original line 10129] Failed to read 'target' for 'start_scheme' at file: common/scripted_effects/asoiaf_canon_children_effects.txt line: 6731 (asoiaf_canon_children_Targaryen_63_birth_effect:after_creation)
[14:31:17][jomini_effect.cpp:914] [original line 10130] Failed to read 'target' for 'start_scheme' at file: common/scripted_effects/asoiaf_canon_children_effects.txt line: 6898 (asoiaf_canon_children_Targaryen_65_birth_effect:after_creation)
[14:31:17][jomini_effect.cpp:914] [original line 10131] Failed to read 'target' for 'start_scheme' at file: common/scripted_effects/asoiaf_canon_children_effects.txt line: 7022 (asoiaf_canon_children_Targaryen_66_birth_effect:after_creation)
[14:31:17][jomini_effect.cpp:914] [original line 10132] Failed to read 'target' for 'start_scheme' at file: common/scripted_effects/asoiaf_canon_children_effects.txt line: 7133 (asoiaf_canon_children_Targaryen_67_birth_effect:after_creation)
[14:31:17][pdx_persistent_reader.cpp:216] [original line 10133] Error: "Unknown trigger: every_dynasty_member, near line: 7152" in file: "common/scripted_effects/asoiaf_canon_children_effects.txt" near line: 7156
[14:31:17][pdx_persistent_reader.cpp:216] [original line 10134] Error: "Unknown trigger: every_dynasty_member, near line: 7170" in file: "common/scripted_effects/asoiaf_canon_children_effects.txt" near line: 7174
[14:31:17][jomini_effect.cpp:914] [original line 10135] Failed to read 'target' for 'start_scheme' at file: common/scripted_effects/asoiaf_canon_children_effects.txt line: 7284 (asoiaf_canon_children_Targaryen_68_birth_effect:after_creation)
[14:31:17][pdx_persistent_reader.cpp:216] [original line 10136] Error: "Unknown trigger: every_dynasty_member, near line: 7309" in file: "common/scripted_effects/asoiaf_canon_children_effects.txt" near line: 7313
[14:31:17][pdx_persistent_reader.cpp:216] [original line 10137] Error: "Unknown trigger: every_dynasty_member, near line: 7315" in file: "common/scripted_effects/asoiaf_canon_children_effects.txt" near line: 7319
[14:31:17][pdx_persistent_reader.cpp:216] [original line 10138] Error: "Unknown trigger: every_dynasty_member, near line: 7333" in file: "common/scripted_effects/asoiaf_canon_children_effects.txt" near line: 7337
[14:31:17][pdx_persistent_reader.cpp:216] [original line 10139] Error: "Unknown trigger: every_dynasty_member, near line: 7339" in file: "common/scripted_effects/asoiaf_canon_children_effects.txt" near line: 7343
[14:31:17][jomini_effect.cpp:914] [original line 10140] Failed to read 'target' for 'start_scheme' at file: common/scripted_effects/asoiaf_canon_children_effects.txt line: 7427 (asoiaf_canon_children_Targaryen_69_birth_effect:after_creation)
[14:31:17][jomini_effect.cpp:914] [original line 10141] Failed to read 'target' for 'start_scheme' at file: common/scripted_effects/asoiaf_canon_children_effects.txt line: 7515 (asoiaf_canon_children_Targaryen_70_birth_effect:after_creation)
[14:31:17][jomini_effect.cpp:914] [original line 10142] Failed to read 'target' for 'start_scheme' at file: common/scripted_effects/asoiaf_canon_children_effects.txt line: 7842 (asoiaf_canon_children_Targaryen_75_birth_effect:after_creation)
[14:31:17][jomini_effect.cpp:914] [original line 10143] Failed to read 'target' for 'start_scheme' at file: common/scripted_effects/asoiaf_canon_children_effects.txt line: 7996 (asoiaf_canon_children_Targaryen_76_birth_effect:after_creation)
[14:31:17][jomini_effect.cpp:914] [original line 10144] Failed to read 'target' for 'start_scheme' at file: common/scripted_effects/asoiaf_canon_children_effects.txt line: 8143 (asoiaf_canon_children_Targaryen_77_birth_effect:after_creation)
[14:31:17][pdx_persistent_reader.cpp:216] [original line 10145] Error: "Unknown trigger: any_spouse.house, near line: 8155" in file: "common/scripted_effects/asoiaf_canon_children_effects.txt" near line: 8155
[14:31:17][jomini_effect.cpp:914] [original line 10146] Failed to read 'target' for 'start_scheme' at file: common/scripted_effects/asoiaf_canon_children_effects.txt line: 8285 (asoiaf_canon_children_Targaryen_78_birth_effect:after_creation)
[14:31:17][pdx_locstring.cpp:93] [original line 10147] Key is missing localization: test_crush_desc
[14:31:17][pdx_locstring.cpp:93] [original line 10148] Key is missing localization: test_crush_desc
[14:31:17][pdx_locstring.cpp:93] [original line 10149] Key is missing localization: test_crush_desc
[14:31:17][pdx_locstring.cpp:93] [original line 10150] Key is missing localization: test_crush_desc
[14:31:17][jomini_effect.cpp:914] [original line 10151] Failed to read 'target' for 'start_scheme' at file: common/scripted_effects/asoiaf_canon_children_effects.txt line: 11746 (asoiaf_canon_children_Velaryon_34_birth_effect:after_creation)
[14:31:17][jomini_effect.cpp:914] [original line 10152] Failed to read 'target' for 'start_scheme' at file: common/scripted_effects/asoiaf_canon_children_effects.txt line: 11831 (asoiaf_canon_children_Velaryon_35_birth_effect:after_creation)
[14:31:17][pdx_persistent_reader.cpp:216] [original line 10153] Error: "Unknown effect: agot_8299_4_1_acok_scenario_setup, near line: 89" in file: "common/scripted_effects/00_agot_scenario_setup_effects.txt" near line: 90
[14:31:18][jomini_eventtarget.cpp:692] [original line 10154] Failed to find a valid event target link 'house_Blackfyre' at file: common/scripted_triggers/tgc_loaded_trigger.txt line: 127 (tgc_blackfyre_equipment_trigger)
[14:31:18][pdx_persistent_reader.cpp:216] [original line 10187] Error: "Failed to read key reference: 1453_end_date: 1453_end_date, near line: 3
Failed to read key reference: rhomaion_name_of_byzantium: rhomaion_name_of_byzantium, near line: 3
Failed to read key reference: default_mongol_invasion: default_mongol_invasion, near line: 3
Failed to read key reference: random_ruler_placement_off: random_ruler_placement_off, near line: 3
Failed to read key reference: launch_historical: launch_historical, near line: 3
Failed to read key reference: fp1_scandi_adventurers_apocalyptic: fp1_scandi_adventurers_apocalyptic, near line: 3
Failed to read key reference: dissolution_after_caliph_death: dissolution_after_caliph_death, near line: 3
Failed to read key reference: default_seljuk_invasion: default_seljuk_invasion, near line: 3
Failed to read key reference: situation_the_great_steppe_toggle_on: situation_the_great_steppe_toggle_on, near line: 3
Failed to read key reference: struggle_iberia_toggle_on: struggle_iberia_toggle_on, near line: 3
Failed to read key reference: struggle_persia_toggle_on: struggle_persia_toggle_on, near line: 3
Failed to read key reference: historicity_ruler_of_munster_historical_toirdelbach: historicity_ruler_of_munster_historical_toirdelbach, near line: 3
Failed to read key reference: historicity_norman_conquest_default_random: historicity_norman_conquest_default_random, near line: 3
Failed to read key reference: tibet_nomad_region_on: tibet_nomad_region_on, near line: 3
Failed to read key reference: sami_nomad_region_on: sami_nomad_region_on, near line: 3
Failed to read key reference: arabia_nomad_region_on: arabia_nomad_region_on, near line: 3
Failed to read key reference: sahel_nomad_region_on: sahel_nomad_region_on, near line: 3
Failed to read key reference: horn_of_africa_nomad_region_on: horn_of_africa_nomad_region_on, near line: 3
Failed to read key reference: historicity_extra_admin_egypt_gameplay_not_administrative: historicity_extra_admin_egypt_gameplay_not_administrative, near line: 3
Failed to read key reference: historicity_extra_admin_arabia_gameplay_not_administrative: historicity_extra_admin_arabia_gameplay_not_administrative, near line: 3
Failed to read key reference: historicity_extra_admin_ghana_gameplay_not_administrative: historicity_extra_admin_ghana_gameplay_not_administrative, near line: 3
Failed to read key reference: historicity_extra_admin_kabulistan_gameplay_not_administrative: historicity_extra_admin_kabulistan_gameplay_not_administrative, near line: 3
Failed to read key reference: historicity_extra_admin_persia_gameplay_not_administrative: historicity_extra_admin_persia_gameplay_not_administrative, near line: 3
Failed to read key reference: historicity_extra_admin_maghreb_gameplay_not_administrative: historicity_extra_admin_maghreb_gameplay_not_administrative, near line: 3
Failed to read key reference: historicity_extra_admin_tamilakam_gameplay_not_administrative: historicity_extra_admin_tamilakam_gameplay_not_administrative, near line: 3
Failed to read key reference: historicity_extra_admin_carolingians_gameplay_not_administrative: historicity_extra_admin_carolingians_gameplay_not_administrative, near line: 3
Failed to read key reference: historicity_extra_admin_player_wherever_gameplay_not_administrative: historicity_extra_admin_player_wherever_gameplay_not_administrative, near line: 3
Failed to read key reference: historicity_frankokratia_fourth_crusade: historicity_frankokratia_fourth_crusade, near line: 3
Failed to read key reference: silk_road_starting_innovations_preset: silk_road_starting_innovations_preset, near line: 3
Failed to read key reference: ACR_RE_tradition_slots_plus_95: ACR_RE_tradition_slots_plus_95, near line: 3
Failed to read key reference: ACR_RE_tradition_cost_free: ACR_RE_tradition_cost_free, near line: 3
Failed to read key reference: ACR_RE_tradition_cooldown_none: ACR_RE_tradition_cooldown_none, near line: 3
Failed to read key reference: ACR_RE_truce_duration_5: ACR_RE_truce_duration_5, near line: 3
Failed to read key reference: ACR_RE_truce_scope_player_primary: ACR_RE_truce_scope_player_primary, near line: 3
Failed to read key reference: ACR_RE_council_task_speed_1_month: ACR_RE_council_task_speed_1_month, near line: 3
Failed to read key reference: HM_RE_rule_player_free_functions_enabled: HM_RE_rule_player_free_functions_enabled, near line: 3
Failed to read key reference: HM_RE_rule_change_holding_type_cost_very_cheap: HM_RE_rule_change_holding_type_cost_very_cheap, near line: 3
Failed to read key reference: HM_RE_rule_change_holding_type_cooldown_very_short: HM_RE_rule_change_holding_type_cooldown_very_short, near line: 3
Failed to read key reference: HM_RE_rule_can_replace_buildings_vassals: HM_RE_rule_can_replace_buildings_vassals, near line: 3
Failed to read key reference: HM_RE_rule_can_feudalize_holdings_vassals: HM_RE_rule_can_feudalize_holdings_vassals, near line: 3
Failed to read key reference: HM_RE_value_construct_buildings_gold_cost_cap_very_cheap: HM_RE_value_construct_buildings_gold_cost_cap_very_cheap, near line: 3
Failed to read key reference: HM_RE_rule_player_extra_slots_enabled: HM_RE_rule_player_extra_slots_enabled, near line: 3
Failed to read key reference: HM_RE_rule_player_slot_base_cost_very_cheap: HM_RE_rule_player_slot_base_cost_very_cheap, near line: 3
Failed to read key reference: HM_RE_rule_player_slot_step_cost_very_cheap: HM_RE_rule_player_slot_step_cost_very_cheap, near line: 3
Failed to read key reference: HM_RE_rule_construction_time_cost_free: HM_RE_rule_construction_time_cost_free, near line: 3
Failed to read key reference: HM_RE_build_all_button_on: HM_RE_build_all_button_on, near line: 3
Failed to read key reference: HM_RE_upgrade_all_button_on: HM_RE_upgrade_all_button_on, near line: 3
Failed to read key reference: HM_RE_make_nomad_button_on: HM_RE_make_nomad_button_on, near line: 3
Failed to read key reference: HM_RE_make_temple_citadel_button_on: HM_RE_make_temple_citadel_button_on, near line: 3
Failed to read key reference: HM_RE_player_add_slots_decision_on: HM_RE_player_add_slots_decision_on, near line: 3
Failed to read key reference: HM_RE_player_add_slots_decision_base_cost_very_cheap: HM_RE_player_add_slots_decision_base_cost_very_cheap, near line: 3
Failed to read key reference: HM_RE_player_cost_gold: HM_RE_player_cost_gold, near line: 3
Failed to read key reference: HM_RE_rule_ai_extra_slots_disabled: HM_RE_rule_ai_extra_slots_disabled, near line: 3
Failed to read key reference: HM_RE_rule_ai_slot_base_cost_very_expensive: HM_RE_rule_ai_slot_base_cost_very_expensive, near line: 3
Failed to read key reference: HM_RE_rule_ai_slot_step_cost_very_expensive: HM_RE_rule_ai_slot_step_cost_very_expensive, near line: 3" in file: "" near line: 3
[14:31:18][pdx_persistent_reader.cpp:216] [original line 10242] Error: "Failed to read key reference: 1453_end_date: 1453_end_date, near line: 8
Failed to read key reference: rhomaion_name_of_byzantium: rhomaion_name_of_byzantium, near line: 8
Failed to read key reference: default_mongol_invasion: default_mongol_invasion, near line: 8
Failed to read key reference: random_ruler_placement_off: random_ruler_placement_off, near line: 8
Failed to read key reference: launch_historical: launch_historical, near line: 8
Failed to read key reference: fp1_scandi_adventurers_apocalyptic: fp1_scandi_adventurers_apocalyptic, near line: 8
Failed to read key reference: dissolution_after_caliph_death: dissolution_after_caliph_death, near line: 8
Failed to read key reference: default_seljuk_invasion: default_seljuk_invasion, near line: 8
Failed to read key reference: situation_the_great_steppe_toggle_on: situation_the_great_steppe_toggle_on, near line: 8
Failed to read key reference: struggle_iberia_toggle_on: struggle_iberia_toggle_on, near line: 8
Failed to read key reference: struggle_persia_toggle_on: struggle_persia_toggle_on, near line: 8
Failed to read key reference: historicity_ruler_of_munster_historical_toirdelbach: historicity_ruler_of_munster_historical_toirdelbach, near line: 8
Failed to read key reference: historicity_norman_conquest_default_random: historicity_norman_conquest_default_random, near line: 8
Failed to read key reference: tibet_nomad_region_on: tibet_nomad_region_on, near line: 8
Failed to read key reference: sami_nomad_region_on: sami_nomad_region_on, near line: 8
Failed to read key reference: arabia_nomad_region_on: arabia_nomad_region_on, near line: 8
Failed to read key reference: sahel_nomad_region_on: sahel_nomad_region_on, near line: 8
Failed to read key reference: horn_of_africa_nomad_region_on: horn_of_africa_nomad_region_on, near line: 8
Failed to read key reference: historicity_extra_admin_egypt_gameplay_not_administrative: historicity_extra_admin_egypt_gameplay_not_administrative, near line: 8
Failed to read key reference: historicity_extra_admin_arabia_gameplay_not_administrative: historicity_extra_admin_arabia_gameplay_not_administrative, near line: 8
Failed to read key reference: historicity_extra_admin_ghana_gameplay_not_administrative: historicity_extra_admin_ghana_gameplay_not_administrative, near line: 8
Failed to read key reference: historicity_extra_admin_kabulistan_gameplay_not_administrative: historicity_extra_admin_kabulistan_gameplay_not_administrative, near line: 8
Failed to read key reference: historicity_extra_admin_persia_gameplay_not_administrative: historicity_extra_admin_persia_gameplay_not_administrative, near line: 8
Failed to read key reference: historicity_extra_admin_maghreb_gameplay_not_administrative: historicity_extra_admin_maghreb_gameplay_not_administrative, near line: 8
Failed to read key reference: historicity_extra_admin_tamilakam_gameplay_not_administrative: historicity_extra_admin_tamilakam_gameplay_not_administrative, near line: 8
Failed to read key reference: historicity_extra_admin_carolingians_gameplay_not_administrative: historicity_extra_admin_carolingians_gameplay_not_administrative, near line: 8
Failed to read key reference: historicity_extra_admin_player_wherever_gameplay_not_administrative: historicity_extra_admin_player_wherever_gameplay_not_administrative, near line: 8
Failed to read key reference: historicity_frankokratia_fourth_crusade: historicity_frankokratia_fourth_crusade, near line: 8
Failed to read key reference: silk_road_starting_innovations_preset: silk_road_starting_innovations_preset, near line: 8
Failed to read key reference: ACR_RE_tradition_slots_plus_95: ACR_RE_tradition_slots_plus_95, near line: 8
Failed to read key reference: ACR_RE_tradition_cost_free: ACR_RE_tradition_cost_free, near line: 8
Failed to read key reference: ACR_RE_tradition_cooldown_none: ACR_RE_tradition_cooldown_none, near line: 8
Failed to read key reference: ACR_RE_truce_duration_5: ACR_RE_truce_duration_5, near line: 8
Failed to read key reference: ACR_RE_truce_scope_player_primary: ACR_RE_truce_scope_player_primary, near line: 8
Failed to read key reference: ACR_RE_council_task_speed_1_month: ACR_RE_council_task_speed_1_month, near line: 8
Failed to read key reference: HM_RE_rule_player_free_functions_enabled: HM_RE_rule_player_free_functions_enabled, near line: 8
Failed to read key reference: HM_RE_rule_change_holding_type_cost_very_cheap: HM_RE_rule_change_holding_type_cost_very_cheap, near line: 8
Failed to read key reference: HM_RE_rule_change_holding_type_cooldown_very_short: HM_RE_rule_change_holding_type_cooldown_very_short, near line: 8
Failed to read key reference: HM_RE_rule_can_replace_buildings_vassals: HM_RE_rule_can_replace_buildings_vassals, near line: 8
Failed to read key reference: HM_RE_rule_can_feudalize_holdings_vassals: HM_RE_rule_can_feudalize_holdings_vassals, near line: 8
Failed to read key reference: HM_RE_value_construct_buildings_gold_cost_cap_very_cheap: HM_RE_value_construct_buildings_gold_cost_cap_very_cheap, near line: 8
Failed to read key reference: HM_RE_rule_player_extra_slots_enabled: HM_RE_rule_player_extra_slots_enabled, near line: 8
Failed to read key reference: HM_RE_rule_player_slot_base_cost_very_cheap: HM_RE_rule_player_slot_base_cost_very_cheap, near line: 8
Failed to read key reference: HM_RE_rule_player_slot_step_cost_very_cheap: HM_RE_rule_player_slot_step_cost_very_cheap, near line: 8
Failed to read key reference: HM_RE_rule_construction_time_cost_free: HM_RE_rule_construction_time_cost_free, near line: 8
Failed to read key reference: HM_RE_build_all_button_on: HM_RE_build_all_button_on, near line: 8
Failed to read key reference: HM_RE_upgrade_all_button_on: HM_RE_upgrade_all_button_on, near line: 8
Failed to read key reference: HM_RE_make_nomad_button_on: HM_RE_make_nomad_button_on, near line: 8
Failed to read key reference: HM_RE_make_temple_citadel_button_on: HM_RE_make_temple_citadel_button_on, near line: 8
Failed to read key reference: HM_RE_player_add_slots_decision_on: HM_RE_player_add_slots_decision_on, near line: 8
Failed to read key reference: HM_RE_player_add_slots_decision_base_cost_very_cheap: HM_RE_player_add_slots_decision_base_cost_very_cheap, near line: 8
Failed to read key reference: HM_RE_player_cost_gold: HM_RE_player_cost_gold, near line: 8
Failed to read key reference: HM_RE_rule_ai_extra_slots_disabled: HM_RE_rule_ai_extra_slots_disabled, near line: 8
Failed to read key reference: HM_RE_rule_ai_slot_base_cost_very_expensive: HM_RE_rule_ai_slot_base_cost_very_expensive, near line: 8
Failed to read key reference: HM_RE_rule_ai_slot_step_cost_very_expensive: HM_RE_rule_ai_slot_step_cost_very_expensive, near line: 8" in file: "" near line: 8
[14:31:19][opinion_modifier.cpp:83] [original line 10309] Modifier 'funded_my_expedition' shouldn't have a duration and monthly_change at the same time!
[14:31:19][opinion_modifier.cpp:83] [original line 10310] Modifier 'sent_relative_to_valyria' shouldn't have a duration and monthly_change at the same time!
[14:31:19][artifact_feature.cpp:33] [original line 10311] Missing loc key 'feature_dragon_whip_black'
[14:31:19][artifact_feature.cpp:33] [original line 10312] Missing loc key 'feature_dragon_whip_silver'
[14:31:19][artifact_feature.cpp:33] [original line 10313] Missing loc key 'feature_dragon_whip_bronze'
[14:31:19][title_links.cpp:214] [original line 10315] Failed to fetch a valid landed title 'e_hre' at location 'file: common/scripted_guis/DI_char_editor_present_sgui.txt line: 1589 (DI_ce_female_dominated:effect)'
[14:31:19][title_links.cpp:214] [original line 10316] Failed to fetch a valid landed title 'e_hre' at location 'file: common/character_interactions/DI_character_interaction.txt line: 4622 (DI_change_succession:on_accept)'
[14:31:19][title_links.cpp:214] [original line 10317] Failed to fetch a valid landed title 'e_hre' at location 'file: common/character_interactions/DI_character_interaction.txt line: 4624 (DI_change_succession:on_accept)'
[14:31:19][title_links.cpp:214] [original line 10318] Failed to fetch a valid landed title 'e_hre' at location 'file: common/character_interactions/DI_character_interaction.txt line: 4637 (DI_change_succession:on_accept)'
[14:31:19][title_links.cpp:214] [original line 10319] Failed to fetch a valid landed title 'e_hre' at location 'file: common/character_interactions/DI_character_interaction.txt line: 4639 (DI_change_succession:on_accept)'
[14:31:19][title_links.cpp:214] [original line 10320] Failed to fetch a valid landed title 'b_graced_castle' at location 'file: common/on_action/cowagot_province_on_actions.txt line: 242 (set_provinces_on_actions)'
[14:31:19][title_links.cpp:214] [original line 10321] Failed to fetch a valid landed title 'b_cheesemonger_manse' at location 'file: common/on_action/cowagot_province_on_actions.txt line: 246 (set_provinces_on_actions)'
[14:31:19][jomini_eventtarget.h:291] [original line 10322] Failed to find 'varangian' from database for link 'trait' at file: common/scripted_effects/DI_char_spawner_effects.txt line: 1232 (DI_akolouthos_traits_effect)
[14:31:19][pdx_persistent_reader.cpp:216] [original line 10323] Error: "Unknown modifier type: bond_with_dragon_scheme_success_chance_add, near line: 17
Unknown modifier type: bond_with_dragon_scheme_scheme_success_chance_add, near line: 24" in file: "common/modifier_definition_formats/agot_scheme_definitions.txt" near line: 29
[14:31:19][jomini_script_system.cpp:303] [original line 10325] Script system error!
  Error: start_scheme effect [ No targets are set. Did you mean to use 'targets_nothing = yes'? ]
  Script location: file: common/on_action/asoiaf_yearly_on_actions.txt line: 415 (asoiaf_canon_children_dragon_bonding_maintenance)
[14:31:19][jomini_script_system.cpp:303] [original line 10329] Script system error!
  Error: start_scheme effect [ Can't start a scheme with an incompatible target type ]
  Script location: file: common/on_action/asoiaf_yearly_on_actions.txt line: 415 (asoiaf_canon_children_dragon_bonding_maintenance)
[14:31:19][jomini_script_system.cpp:303] [original line 10333] Script system error!
  Error: start_scheme effect [ No targets are set. Did you mean to use 'targets_nothing = yes'? ]
  Script location: file: common/on_action/asoiaf_yearly_on_actions.txt line: 456 (asoiaf_canon_children_dragon_bonding_maintenance)
[14:31:19][jomini_script_system.cpp:303] [original line 10337] Script system error!
  Error: start_scheme effect [ Can't start a scheme with an incompatible target type ]
  Script location: file: common/on_action/asoiaf_yearly_on_actions.txt line: 456 (asoiaf_canon_children_dragon_bonding_maintenance)
[14:31:19][jomini_script_system.cpp:303] [original line 10341] Script system error!
  Error: start_scheme effect [ No targets are set. Did you mean to use 'targets_nothing = yes'? ]
  Script location: file: common/on_action/asoiaf_yearly_on_actions.txt line: 497 (asoiaf_canon_children_dragon_bonding_maintenance)
[14:31:19][jomini_script_system.cpp:303] [original line 10345] Script system error!
  Error: start_scheme effect [ Can't start a scheme with an incompatible target type ]
  Script location: file: common/on_action/asoiaf_yearly_on_actions.txt line: 497 (asoiaf_canon_children_dragon_bonding_maintenance)
[14:31:19][jomini_script_system.cpp:303] [original line 10349] Script system error!
  Error: start_scheme effect [ No targets are set. Did you mean to use 'targets_nothing = yes'? ]
  Script location: file: common/on_action/asoiaf_yearly_on_actions.txt line: 538 (asoiaf_canon_children_dragon_bonding_maintenance)
[14:31:19][jomini_script_system.cpp:303] [original line 10353] Script system error!
  Error: start_scheme effect [ Can't start a scheme with an incompatible target type ]
  Script location: file: common/on_action/asoiaf_yearly_on_actions.txt line: 538 (asoiaf_canon_children_dragon_bonding_maintenance)
[14:31:19][jomini_script_system.cpp:303] [original line 10357] Script system error!
  Error: start_scheme effect [ No targets are set. Did you mean to use 'targets_nothing = yes'? ]
  Script location: file: common/on_action/asoiaf_yearly_on_actions.txt line: 579 (asoiaf_canon_children_dragon_bonding_maintenance)
[14:31:19][jomini_script_system.cpp:303] [original line 10361] Script system error!
  Error: start_scheme effect [ Can't start a scheme with an incompatible target type ]
  Script location: file: common/on_action/asoiaf_yearly_on_actions.txt line: 579 (asoiaf_canon_children_dragon_bonding_maintenance)
[14:31:19][jomini_script_system.cpp:303] [original line 10365] Script system error!
  Error: start_scheme effect [ No targets are set. Did you mean to use 'targets_nothing = yes'? ]
  Script location: file: common/on_action/asoiaf_yearly_on_actions.txt line: 620 (asoiaf_canon_children_dragon_bonding_maintenance)
[14:31:19][jomini_script_system.cpp:303] [original line 10369] Script system error!
  Error: start_scheme effect [ Can't start a scheme with an incompatible target type ]
  Script location: file: common/on_action/asoiaf_yearly_on_actions.txt line: 620 (asoiaf_canon_children_dragon_bonding_maintenance)
[14:31:19][jomini_script_system.cpp:303] [original line 10373] Script system error!
  Error: start_scheme effect [ No targets are set. Did you mean to use 'targets_nothing = yes'? ]
  Script location: file: common/on_action/asoiaf_yearly_on_actions.txt line: 661 (asoiaf_canon_children_dragon_bonding_maintenance)
[14:31:19][jomini_script_system.cpp:303] [original line 10377] Script system error!
  Error: start_scheme effect [ Can't start a scheme with an incompatible target type ]
  Script location: file: common/on_action/asoiaf_yearly_on_actions.txt line: 661 (asoiaf_canon_children_dragon_bonding_maintenance)
[14:31:19][jomini_script_system.cpp:303] [original line 10381] Script system error!
  Error: start_scheme effect [ No targets are set. Did you mean to use 'targets_nothing = yes'? ]
  Script location: file: common/on_action/asoiaf_yearly_on_actions.txt line: 702 (asoiaf_canon_children_dragon_bonding_maintenance)
[14:31:19][jomini_script_system.cpp:303] [original line 10385] Script system error!
  Error: start_scheme effect [ Can't start a scheme with an incompatible target type ]
  Script location: file: common/on_action/asoiaf_yearly_on_actions.txt line: 702 (asoiaf_canon_children_dragon_bonding_maintenance)
[14:31:19][jomini_script_system.cpp:303] [original line 10389] Script system error!
  Error: start_scheme effect [ No targets are set. Did you mean to use 'targets_nothing = yes'? ]
  Script location: file: common/on_action/asoiaf_yearly_on_actions.txt line: 743 (asoiaf_canon_children_dragon_bonding_maintenance)
[14:31:19][jomini_script_system.cpp:303] [original line 10393] Script system error!
  Error: start_scheme effect [ Can't start a scheme with an incompatible target type ]
  Script location: file: common/on_action/asoiaf_yearly_on_actions.txt line: 743 (asoiaf_canon_children_dragon_bonding_maintenance)
[14:31:19][jomini_script_system.cpp:303] [original line 10397] Script system error!
  Error: start_scheme effect [ No targets are set. Did you mean to use 'targets_nothing = yes'? ]
  Script location: file: common/on_action/asoiaf_yearly_on_actions.txt line: 784 (asoiaf_canon_children_dragon_bonding_maintenance)
[14:31:19][jomini_script_system.cpp:303] [original line 10401] Script system error!
  Error: start_scheme effect [ Can't start a scheme with an incompatible target type ]
  Script location: file: common/on_action/asoiaf_yearly_on_actions.txt line: 784 (asoiaf_canon_children_dragon_bonding_maintenance)
[14:31:19][jomini_eventmanager.cpp:119] [original line 10405] 'agot_cities.5000' does not have a valid namespace
[14:31:19][jomini_script_system.cpp:303] [original line 10406] Script system error!
  Error: trigger_event effect [ Event [agot_cities.5000] not found ]
  Script location: file: common/buildings/yy_agotcities_special_buildings_westeros.txt line: 1827 (planky_town_special:on_complete)
[14:31:19][jomini_eventmanager.cpp:119] [original line 10410] 'agot_cities.5000' does not have a valid namespace
[14:31:19][jomini_script_system.cpp:303] [original line 10411] Script system error!
  Error: trigger_event effect [ Event [agot_cities.5000] not found ]
  Script location: file: common/buildings/yy_agotcities_special_buildings_westeros.txt line: 1993 (agot_castamere_03:on_complete)
[14:31:19][jomini_eventmanager.cpp:119] [original line 10415] 'agot_cities.5000' does not have a valid namespace
[14:31:19][jomini_script_system.cpp:303] [original line 10416] Script system error!
  Error: trigger_event effect [ Event [agot_cities.5000] not found ]
  Script location: file: common/buildings/yy_agotcities_special_buildings_westeros.txt line: 2295 (24castamere_03:on_complete)
[14:31:19][jomini_script_system.cpp:303] [original line 10420] Script system error!
  Error: create_artifact effect [ Invalid artifact template 'vs_blackfyre_template' ]
  Script location: file: common/scripted_effects/00_agot_artifact_vs_sword_effects_override.txt line: 13 (agot_create_artifact_vs_blackfyre_effect[args#3618947653])
[14:31:19][jomini_script_system.cpp:303] [original line 10424] Script system error!
  Error: create_artifact effect [ Invalid artifact template 'vs_blackfyre_template' ]
  Script location: file: common/scripted_effects/00_agot_artifact_vs_sword_effects_override.txt line: 31 (agot_create_artifact_vs_blackfyre_effect[args#3618947653])
[14:31:19][jomini_script_system.cpp:303] [original line 10428] Script system error!
  Error: create_artifact effect [ Invalid artifact template 'vs_blackfyre_template' ]
  Script location: file: common/scripted_effects/00_agot_artifact_vs_sword_effects_override.txt line: 13 (agot_create_artifact_vs_blackfyre_effect[args#141906969])
[14:31:19][jomini_script_system.cpp:303] [original line 10432] Script system error!
  Error: create_artifact effect [ Invalid artifact template 'vs_blackfyre_template' ]
  Script location: file: common/scripted_effects/00_agot_artifact_vs_sword_effects_override.txt line: 31 (agot_create_artifact_vs_blackfyre_effect[args#141906969])
[14:31:19][jomini_script_system.cpp:303] [original line 10436] Script system error!
  Error: create_artifact effect [ Invalid artifact template 'vs_dark_sister_template' ]
  Script location: file: common/scripted_effects/asoiaf_scripted_effects_artifacts.txt line: 1233 (agot_create_artifact_vs_dark_sister_effect[args#3618947653])
[14:31:19][jomini_script_system.cpp:303] [original line 10440] Script system error!
  Error: create_artifact effect [ Invalid artifact template 'vs_dark_sister_template' ]
  Script location: file: common/scripted_effects/asoiaf_scripted_effects_artifacts.txt line: 1261 (agot_create_artifact_vs_dark_sister_effect[args#3618947653])
[14:31:19][jomini_script_system.cpp:303] [original line 10444] Script system error!
  Error: create_artifact effect [ Invalid artifact template 'vs_dark_sister_template' ]
  Script location: file: common/scripted_effects/asoiaf_scripted_effects_artifacts.txt line: 1291 (agot_create_artifact_vs_dark_sister_effect[args#3618947653])
[14:31:19][jomini_script_system.cpp:303] [original line 10448] Script system error!
  Error: create_artifact effect [ Invalid artifact template 'vs_dark_sister_template' ]
  Script location: file: common/scripted_effects/asoiaf_scripted_effects_artifacts.txt line: 1233 (agot_create_artifact_vs_dark_sister_effect[args#141906969])
[14:31:19][jomini_script_system.cpp:303] [original line 10452] Script system error!
  Error: create_artifact effect [ Invalid artifact template 'vs_dark_sister_template' ]
  Script location: file: common/scripted_effects/asoiaf_scripted_effects_artifacts.txt line: 1261 (agot_create_artifact_vs_dark_sister_effect[args#141906969])
[14:31:19][jomini_script_system.cpp:303] [original line 10456] Script system error!
  Error: create_artifact effect [ Invalid artifact template 'vs_dark_sister_template' ]
  Script location: file: common/scripted_effects/asoiaf_scripted_effects_artifacts.txt line: 1291 (agot_create_artifact_vs_dark_sister_effect[args#141906969])
[14:31:19][jomini_script_system.cpp:303] [original line 10460] Script system error!
  Error: create_artifact effect [ Invalid artifact template 'vs_heartsbane_template' ]
  Script location: file: common/scripted_effects/asoiaf_scripted_effects_artifacts.txt line: 235 (agot_create_artifact_vs_heartsbane_effect[args#3618947653])
[14:31:19][jomini_script_system.cpp:303] [original line 10464] Script system error!
  Error: create_artifact effect [ Invalid artifact template 'vs_heartsbane_template' ]
  Script location: file: common/scripted_effects/asoiaf_scripted_effects_artifacts.txt line: 253 (agot_create_artifact_vs_heartsbane_effect[args#3618947653])
[14:31:19][jomini_script_system.cpp:303] [original line 10468] Script system error!
  Error: create_artifact effect [ Invalid artifact template 'vs_ice_template' ]
  Script location: file: common/scripted_effects/asoiaf_scripted_effects_artifacts.txt line: 10 (agot_create_artifact_vs_ice_effect[args#3618947653])
[14:31:19][jomini_script_system.cpp:303] [original line 10472] Script system error!
  Error: create_artifact effect [ Invalid artifact template 'vs_ice_template' ]
  Script location: file: common/scripted_effects/asoiaf_scripted_effects_artifacts.txt line: 30 (agot_create_artifact_vs_ice_effect[args#3618947653])
[14:31:19][jomini_script_system.cpp:303] [original line 10476] Script system error!
  Error: create_artifact effect [ Invalid artifact template 'vs_longclaw_template' ]
  Script location: file: common/scripted_effects/asoiaf_scripted_effects_artifacts.txt line: 401 (agot_create_artifact_vs_longclaw_effect[args#3618947653])
[14:31:19][jomini_script_system.cpp:303] [original line 10480] Script system error!
  Error: create_artifact effect [ Invalid artifact template 'vs_longclaw_template' ]
  Script location: file: common/scripted_effects/asoiaf_scripted_effects_artifacts.txt line: 421 (agot_create_artifact_vs_longclaw_effect[args#3618947653])
[14:31:19][jomini_script_system.cpp:303] [original line 10484] Script system error!
  Error: create_artifact effect [ Invalid artifact template 'vs_pincer_template' ]
  Script location: file: common/scripted_effects/00_agot_artifact_vs_sword_effects_override.txt line: 604 (agot_create_artifact_vs_pincer_effect[args#3618947653])
[14:31:19][jomini_script_system.cpp:303] [original line 10488] Script system error!
  Error: create_artifact effect [ Invalid artifact template 'vs_pincer_template' ]
  Script location: file: common/scripted_effects/00_agot_artifact_vs_sword_effects_override.txt line: 630 (agot_create_artifact_vs_pincer_effect[args#3618947653])
[14:31:19][jomini_script_system.cpp:303] [original line 10492] Script system error!
  Error: create_artifact effect [ Invalid artifact template 'vs_seafoam_template' ]
  Script location: file: common/scripted_effects/00_agot_artifact_vs_sword_effects_override.txt line: 455 (agot_create_artifact_vs_seafoam_effect[args#3618947653])
[14:31:19][jomini_script_system.cpp:303] [original line 10496] Script system error!
  Error: create_artifact effect [ Invalid artifact template 'vs_seafoam_template' ]
  Script location: file: common/scripted_effects/00_agot_artifact_vs_sword_effects_override.txt line: 475 (agot_create_artifact_vs_seafoam_effect[args#3618947653])
[14:31:19][jomini_script_system.cpp:303] [original line 10500] Script system error!
  Error: create_artifact effect [ Invalid artifact template 'vs_widows_wail_template' ]
  Script location: file: common/scripted_effects/asoiaf_scripted_effects_artifacts.txt line: 866 (agot_create_artifact_vs_widows_wail_effect[args#2270358642])
[14:31:19][jomini_script_system.cpp:303] [original line 10504] Script system error!
  Error: create_artifact effect [ Invalid artifact template 'vs_widows_wail_template' ]
  Script location: file: common/scripted_effects/asoiaf_scripted_effects_artifacts.txt line: 881 (agot_create_artifact_vs_widows_wail_effect[args#2270358642])
[14:31:19][jomini_script_system.cpp:303] [original line 10508] Script system error!
  Error: create_artifact effect [ Invalid artifact template 'vs_widows_wail_template' ]
  Script location: file: common/scripted_effects/asoiaf_scripted_effects_artifacts.txt line: 866 (agot_create_artifact_vs_widows_wail_effect[args#2373236391])
[14:31:19][jomini_script_system.cpp:303] [original line 10512] Script system error!
  Error: create_artifact effect [ Invalid artifact template 'vs_widows_wail_template' ]
  Script location: file: common/scripted_effects/asoiaf_scripted_effects_artifacts.txt line: 881 (agot_create_artifact_vs_widows_wail_effect[args#2373236391])
[14:31:19][jomini_script_system.cpp:303] [original line 10516] Script system error!
  Error: create_artifact effect [ Invalid artifact template 'vs_oathkeeper_template' ]
  Script location: file: common/scripted_effects/asoiaf_scripted_effects_artifacts.txt line: 667 (agot_create_artifact_vs_oathkeeper_effect[args#2373236391])
[14:31:19][jomini_script_system.cpp:303] [original line 10520] Script system error!
  Error: create_artifact effect [ Invalid artifact template 'vs_oathkeeper_template' ]
  Script location: file: common/scripted_effects/asoiaf_scripted_effects_artifacts.txt line: 682 (agot_create_artifact_vs_oathkeeper_effect[args#2373236391])
[14:31:19][jomini_script_system.cpp:303] [original line 10524] Script system error!
  Error: create_artifact effect [ Invalid static modifier 'artifact_personal_scheme_power_add_5_modifier' ]
  Script location: file: common/scripted_effects/00_lotd_artifact_creation_effects.txt line: 8 (create_artifact_subterfuge_effect[args#141906969])
[14:31:19][jomini_script_system.cpp:303] [original line 10528] Script system error!
  Error: create_artifact effect [ Invalid artifact template 'vs_blackfyre_template' ]
  Script location: file: common/scripted_effects/00_agot_artifact_vs_sword_effects_override.txt line: 13 (agot_create_artifact_vs_blackfyre_effect[args#979117111])
[14:31:19][jomini_script_system.cpp:303] [original line 10532] Script system error!
  Error: create_artifact effect [ Invalid artifact template 'vs_blackfyre_template' ]
  Script location: file: common/scripted_effects/00_agot_artifact_vs_sword_effects_override.txt line: 31 (agot_create_artifact_vs_blackfyre_effect[args#979117111])
[14:31:19][jomini_script_system.cpp:303] [original line 10536] Script system error!
  Error: create_artifact effect [ Invalid artifact template 'vs_dark_sister_template' ]
  Script location: file: common/scripted_effects/asoiaf_scripted_effects_artifacts.txt line: 1233 (agot_create_artifact_vs_dark_sister_effect[args#979117111])
[14:31:19][jomini_script_system.cpp:303] [original line 10540] Script system error!
  Error: create_artifact effect [ Invalid artifact template 'vs_dark_sister_template' ]
  Script location: file: common/scripted_effects/asoiaf_scripted_effects_artifacts.txt line: 1261 (agot_create_artifact_vs_dark_sister_effect[args#979117111])
[14:31:19][jomini_script_system.cpp:303] [original line 10544] Script system error!
  Error: create_artifact effect [ Invalid artifact template 'vs_dark_sister_template' ]
  Script location: file: common/scripted_effects/asoiaf_scripted_effects_artifacts.txt line: 1291 (agot_create_artifact_vs_dark_sister_effect[args#979117111])
[14:31:19][jomini_script_system.cpp:303] [original line 10548] Script system error!
  Error: start_scheme effect [ No targets are set. Did you mean to use 'targets_nothing = yes'? ]
  Script location: file: common/scripted_effects/asoiaf_canon_children_effects.txt line: 4379 (asoiaf_canon_children_Targaryen_30_birth_effect:after_creation)
[14:31:19][jomini_script_system.cpp:303] [original line 10552] Script system error!
  Error: start_scheme effect [ Can't start a scheme with an incompatible target type ]
  Script location: file: common/scripted_effects/asoiaf_canon_children_effects.txt line: 4379 (asoiaf_canon_children_Targaryen_30_birth_effect:after_creation)
[14:31:19][jomini_script_system.cpp:303] [original line 10556] Script system error!
  Error: create_artifact effect [ Invalid artifact template 'vs_heartsbane_template' ]
  Script location: file: common/scripted_effects/asoiaf_scripted_effects_artifacts.txt line: 235 (agot_create_artifact_vs_heartsbane_effect[args#979117111])
[14:31:19][jomini_script_system.cpp:303] [original line 10560] Script system error!
  Error: create_artifact effect [ Invalid artifact template 'vs_heartsbane_template' ]
  Script location: file: common/scripted_effects/asoiaf_scripted_effects_artifacts.txt line: 253 (agot_create_artifact_vs_heartsbane_effect[args#979117111])
[14:31:19][jomini_script_system.cpp:303] [original line 10564] Script system error!
  Error: start_scheme effect [ No targets are set. Did you mean to use 'targets_nothing = yes'? ]
  Script location: file: common/scripted_effects/asoiaf_canon_children_effects.txt line: 4474 (asoiaf_canon_children_Targaryen_31_birth_effect:after_creation)
[14:31:19][jomini_script_system.cpp:303] [original line 10568] Script system error!
  Error: start_scheme effect [ Can't start a scheme with an incompatible target type ]
  Script location: file: common/scripted_effects/asoiaf_canon_children_effects.txt line: 4474 (asoiaf_canon_children_Targaryen_31_birth_effect:after_creation)
[14:31:19][jomini_script_system.cpp:303] [original line 10572] Script system error!
  Error: create_artifact effect [ Invalid artifact template 'vs_ice_template' ]
  Script location: file: common/scripted_effects/asoiaf_scripted_effects_artifacts.txt line: 10 (agot_create_artifact_vs_ice_effect[args#979117111])
[14:31:19][jomini_script_system.cpp:303] [original line 10576] Script system error!
  Error: start_scheme effect [ No targets are set. Did you mean to use 'targets_nothing = yes'? ]
  Script location: file: common/scripted_effects/asoiaf_canon_children_effects.txt line: 4628 (asoiaf_canon_children_Targaryen_33_birth_effect:after_creation)
[14:31:19][jomini_script_system.cpp:303] [original line 10580] Script system error!
  Error: start_scheme effect [ Can't start a scheme with an incompatible target type ]
  Script location: file: common/scripted_effects/asoiaf_canon_children_effects.txt line: 4628 (asoiaf_canon_children_Targaryen_33_birth_effect:after_creation)
[14:31:19][jomini_script_system.cpp:303] [original line 10584] Script system error!
  Error: create_artifact effect [ Invalid artifact template 'vs_ice_template' ]
  Script location: file: common/scripted_effects/asoiaf_scripted_effects_artifacts.txt line: 30 (agot_create_artifact_vs_ice_effect[args#979117111])
[14:31:19][jomini_script_system.cpp:303] [original line 10588] Script system error!
  Error: start_scheme effect [ No targets are set. Did you mean to use 'targets_nothing = yes'? ]
  Script location: file: common/scripted_effects/asoiaf_canon_children_effects.txt line: 4790 (asoiaf_canon_children_Targaryen_35_birth_effect:after_creation)
[14:31:19][jomini_script_system.cpp:303] [original line 10592] Script system error!
  Error: start_scheme effect [ Can't start a scheme with an incompatible target type ]
  Script location: file: common/scripted_effects/asoiaf_canon_children_effects.txt line: 4790 (asoiaf_canon_children_Targaryen_35_birth_effect:after_creation)
[14:31:19][jomini_script_system.cpp:303] [original line 10596] Script system error!
  Error: create_artifact effect [ Invalid artifact template 'vs_longclaw_template' ]
  Script location: file: common/scripted_effects/asoiaf_scripted_effects_artifacts.txt line: 401 (agot_create_artifact_vs_longclaw_effect[args#979117111])
[14:31:19][jomini_script_system.cpp:303] [original line 10600] Script system error!
  Error: create_artifact effect [ Invalid artifact template 'vs_longclaw_template' ]
  Script location: file: common/scripted_effects/asoiaf_scripted_effects_artifacts.txt line: 421 (agot_create_artifact_vs_longclaw_effect[args#979117111])
[14:31:19][jomini_script_system.cpp:303] [original line 10604] Script system error!
  Error: start_scheme effect [ No targets are set. Did you mean to use 'targets_nothing = yes'? ]
  Script location: file: common/scripted_effects/asoiaf_canon_children_effects.txt line: 4881 (asoiaf_canon_children_Targaryen_36_birth_effect:after_creation)
[14:31:19][jomini_script_system.cpp:303] [original line 10608] Script system error!
  Error: start_scheme effect [ Can't start a scheme with an incompatible target type ]
  Script location: file: common/scripted_effects/asoiaf_canon_children_effects.txt line: 4881 (asoiaf_canon_children_Targaryen_36_birth_effect:after_creation)
[14:31:19][jomini_script_system.cpp:303] [original line 10612] Script system error!
  Error: create_artifact effect [ Invalid artifact template 'vs_pincer_template' ]
  Script location: file: common/scripted_effects/00_agot_artifact_vs_sword_effects_override.txt line: 604 (agot_create_artifact_vs_pincer_effect[args#979117111])
[14:31:19][jomini_script_system.cpp:303] [original line 10616] Script system error!
  Error: create_artifact effect [ Invalid artifact template 'vs_pincer_template' ]
  Script location: file: common/scripted_effects/00_agot_artifact_vs_sword_effects_override.txt line: 630 (agot_create_artifact_vs_pincer_effect[args#979117111])
[14:31:19][jomini_script_system.cpp:303] [original line 10620] Script system error!
  Error: start_scheme effect [ No targets are set. Did you mean to use 'targets_nothing = yes'? ]
  Script location: file: common/scripted_effects/asoiaf_canon_children_effects.txt line: 5181 (asoiaf_canon_children_Targaryen_41_and_42_birth_effect:after_creation)
[14:31:19][jomini_script_system.cpp:303] [original line 10624] Script system error!
  Error: start_scheme effect [ Can't start a scheme with an incompatible target type ]
  Script location: file: common/scripted_effects/asoiaf_canon_children_effects.txt line: 5181 (asoiaf_canon_children_Targaryen_41_and_42_birth_effect:after_creation)
[14:31:19][jomini_script_system.cpp:303] [original line 10628] Script system error!
  Error: create_artifact effect [ Invalid artifact template 'vs_seafoam_template' ]
  Script location: file: common/scripted_effects/00_agot_artifact_vs_sword_effects_override.txt line: 455 (agot_create_artifact_vs_seafoam_effect[args#979117111])
[14:31:19][jomini_script_system.cpp:303] [original line 10632] Script system error!
  Error: create_artifact effect [ Invalid artifact template 'vs_seafoam_template' ]
  Script location: file: common/scripted_effects/00_agot_artifact_vs_sword_effects_override.txt line: 475 (agot_create_artifact_vs_seafoam_effect[args#979117111])
[14:31:19][jomini_script_system.cpp:303] [original line 10636] Script system error!
  Error: start_scheme effect [ No targets are set. Did you mean to use 'targets_nothing = yes'? ]
  Script location: file: common/scripted_effects/asoiaf_canon_children_effects.txt line: 5417 (asoiaf_canon_children_Targaryen_45_birth_effect:after_creation)
[14:31:19][jomini_script_system.cpp:303] [original line 10640] Script system error!
  Error: start_scheme effect [ Can't start a scheme with an incompatible target type ]
  Script location: file: common/scripted_effects/asoiaf_canon_children_effects.txt line: 5417 (asoiaf_canon_children_Targaryen_45_birth_effect:after_creation)
[14:31:19][jomini_script_system.cpp:303] [original line 10644] Script system error!
  Error: start_scheme effect [ No targets are set. Did you mean to use 'targets_nothing = yes'? ]
  Script location: file: common/scripted_effects/asoiaf_canon_children_effects.txt line: 5551 (asoiaf_canon_children_Targaryen_47_birth_effect:after_creation)
[14:31:19][jomini_script_system.cpp:303] [original line 10648] Script system error!
  Error: start_scheme effect [ Can't start a scheme with an incompatible target type ]
  Script location: file: common/scripted_effects/asoiaf_canon_children_effects.txt line: 5551 (asoiaf_canon_children_Targaryen_47_birth_effect:after_creation)
[14:31:19][jomini_script_system.cpp:303] [original line 10652] Script system error!
  Error: start_scheme effect [ No targets are set. Did you mean to use 'targets_nothing = yes'? ]
  Script location: file: common/scripted_effects/asoiaf_canon_children_effects.txt line: 6331 (asoiaf_canon_children_Targaryen_59_birth_effect:after_creation)
[14:31:19][jomini_script_system.cpp:303] [original line 10656] Script system error!
  Error: start_scheme effect [ Can't start a scheme with an incompatible target type ]
  Script location: file: common/scripted_effects/asoiaf_canon_children_effects.txt line: 6331 (asoiaf_canon_children_Targaryen_59_birth_effect:after_creation)
[14:31:19][jomini_script_system.cpp:303] [original line 10660] Script system error!
  Error: start_scheme effect [ No targets are set. Did you mean to use 'targets_nothing = yes'? ]
  Script location: file: common/scripted_effects/asoiaf_canon_children_effects.txt line: 6439 (asoiaf_canon_children_Targaryen_60_birth_effect:after_creation)
[14:31:19][jomini_script_system.cpp:303] [original line 10664] Script system error!
  Error: start_scheme effect [ Can't start a scheme with an incompatible target type ]
  Script location: file: common/scripted_effects/asoiaf_canon_children_effects.txt line: 6439 (asoiaf_canon_children_Targaryen_60_birth_effect:after_creation)
[14:31:19][jomini_script_system.cpp:303] [original line 10668] Script system error!
  Error: start_scheme effect [ No targets are set. Did you mean to use 'targets_nothing = yes'? ]
  Script location: file: common/scripted_effects/asoiaf_canon_children_effects.txt line: 6542 (asoiaf_canon_children_Targaryen_61_birth_effect:after_creation)
[14:31:19][jomini_script_system.cpp:303] [original line 10672] Script system error!
  Error: start_scheme effect [ Can't start a scheme with an incompatible target type ]
  Script location: file: common/scripted_effects/asoiaf_canon_children_effects.txt line: 6542 (asoiaf_canon_children_Targaryen_61_birth_effect:after_creation)
[14:31:19][jomini_script_system.cpp:303] [original line 10676] Script system error!
  Error: start_scheme effect [ No targets are set. Did you mean to use 'targets_nothing = yes'? ]
  Script location: file: common/scripted_effects/asoiaf_canon_children_effects.txt line: 6729 (asoiaf_canon_children_Targaryen_63_birth_effect:after_creation)
[14:31:19][jomini_script_system.cpp:303] [original line 10680] Script system error!
  Error: start_scheme effect [ Can't start a scheme with an incompatible target type ]
  Script location: file: common/scripted_effects/asoiaf_canon_children_effects.txt line: 6729 (asoiaf_canon_children_Targaryen_63_birth_effect:after_creation)
[14:31:19][jomini_script_system.cpp:303] [original line 10684] Script system error!
  Error: start_scheme effect [ No targets are set. Did you mean to use 'targets_nothing = yes'? ]
  Script location: file: common/scripted_effects/asoiaf_canon_children_effects.txt line: 6896 (asoiaf_canon_children_Targaryen_65_birth_effect:after_creation)
[14:31:19][jomini_script_system.cpp:303] [original line 10688] Script system error!
  Error: start_scheme effect [ Can't start a scheme with an incompatible target type ]
  Script location: file: common/scripted_effects/asoiaf_canon_children_effects.txt line: 6896 (asoiaf_canon_children_Targaryen_65_birth_effect:after_creation)
[14:31:19][jomini_script_system.cpp:303] [original line 10692] Script system error!
  Error: start_scheme effect [ No targets are set. Did you mean to use 'targets_nothing = yes'? ]
  Script location: file: common/scripted_effects/asoiaf_canon_children_effects.txt line: 7020 (asoiaf_canon_children_Targaryen_66_birth_effect:after_creation)
[14:31:19][jomini_script_system.cpp:303] [original line 10696] Script system error!
  Error: start_scheme effect [ Can't start a scheme with an incompatible target type ]
  Script location: file: common/scripted_effects/asoiaf_canon_children_effects.txt line: 7020 (asoiaf_canon_children_Targaryen_66_birth_effect:after_creation)
[14:31:19][jomini_script_system.cpp:303] [original line 10700] Script system error!
  Error: start_scheme effect [ No targets are set. Did you mean to use 'targets_nothing = yes'? ]
  Script location: file: common/scripted_effects/asoiaf_canon_children_effects.txt line: 7131 (asoiaf_canon_children_Targaryen_67_birth_effect:after_creation)
[14:31:19][jomini_script_system.cpp:303] [original line 10704] Script system error!
  Error: start_scheme effect [ Can't start a scheme with an incompatible target type ]
  Script location: file: common/scripted_effects/asoiaf_canon_children_effects.txt line: 7131 (asoiaf_canon_children_Targaryen_67_birth_effect:after_creation)
[14:31:19][jomini_script_system.cpp:303] [original line 10708] Script system error!
  Error: start_scheme effect [ No targets are set. Did you mean to use 'targets_nothing = yes'? ]
  Script location: file: common/scripted_effects/asoiaf_canon_children_effects.txt line: 7282 (asoiaf_canon_children_Targaryen_68_birth_effect:after_creation)
[14:31:19][jomini_script_system.cpp:303] [original line 10712] Script system error!
  Error: start_scheme effect [ Can't start a scheme with an incompatible target type ]
  Script location: file: common/scripted_effects/asoiaf_canon_children_effects.txt line: 7282 (asoiaf_canon_children_Targaryen_68_birth_effect:after_creation)
[14:31:19][jomini_script_system.cpp:303] [original line 10716] Script system error!
  Error: start_scheme effect [ No targets are set. Did you mean to use 'targets_nothing = yes'? ]
  Script location: file: common/scripted_effects/asoiaf_canon_children_effects.txt line: 7425 (asoiaf_canon_children_Targaryen_69_birth_effect:after_creation)
[14:31:19][jomini_script_system.cpp:303] [original line 10720] Script system error!
  Error: start_scheme effect [ Can't start a scheme with an incompatible target type ]
  Script location: file: common/scripted_effects/asoiaf_canon_children_effects.txt line: 7425 (asoiaf_canon_children_Targaryen_69_birth_effect:after_creation)
[14:31:19][jomini_script_system.cpp:303] [original line 10724] Script system error!
  Error: start_scheme effect [ No targets are set. Did you mean to use 'targets_nothing = yes'? ]
  Script location: file: common/scripted_effects/asoiaf_canon_children_effects.txt line: 7513 (asoiaf_canon_children_Targaryen_70_birth_effect:after_creation)
[14:31:19][jomini_script_system.cpp:303] [original line 10728] Script system error!
  Error: start_scheme effect [ Can't start a scheme with an incompatible target type ]
  Script location: file: common/scripted_effects/asoiaf_canon_children_effects.txt line: 7513 (asoiaf_canon_children_Targaryen_70_birth_effect:after_creation)
[14:31:19][jomini_script_system.cpp:303] [original line 10732] Script system error!
  Error: start_scheme effect [ No targets are set. Did you mean to use 'targets_nothing = yes'? ]
  Script location: file: common/scripted_effects/asoiaf_canon_children_effects.txt line: 7840 (asoiaf_canon_children_Targaryen_75_birth_effect:after_creation)
[14:31:19][jomini_script_system.cpp:303] [original line 10736] Script system error!
  Error: start_scheme effect [ Can't start a scheme with an incompatible target type ]
  Script location: file: common/scripted_effects/asoiaf_canon_children_effects.txt line: 7840 (asoiaf_canon_children_Targaryen_75_birth_effect:after_creation)
[14:31:19][jomini_script_system.cpp:303] [original line 10740] Script system error!
  Error: start_scheme effect [ No targets are set. Did you mean to use 'targets_nothing = yes'? ]
  Script location: file: common/scripted_effects/asoiaf_canon_children_effects.txt line: 7994 (asoiaf_canon_children_Targaryen_76_birth_effect:after_creation)
[14:31:19][jomini_script_system.cpp:303] [original line 10744] Script system error!
  Error: start_scheme effect [ Can't start a scheme with an incompatible target type ]
  Script location: file: common/scripted_effects/asoiaf_canon_children_effects.txt line: 7994 (asoiaf_canon_children_Targaryen_76_birth_effect:after_creation)
[14:31:19][jomini_script_system.cpp:303] [original line 10748] Script system error!
  Error: start_scheme effect [ No targets are set. Did you mean to use 'targets_nothing = yes'? ]
  Script location: file: common/scripted_effects/asoiaf_canon_children_effects.txt line: 8141 (asoiaf_canon_children_Targaryen_77_birth_effect:after_creation)
[14:31:19][jomini_script_system.cpp:303] [original line 10752] Script system error!
  Error: start_scheme effect [ Can't start a scheme with an incompatible target type ]
  Script location: file: common/scripted_effects/asoiaf_canon_children_effects.txt line: 8141 (asoiaf_canon_children_Targaryen_77_birth_effect:after_creation)
[14:31:19][jomini_script_system.cpp:303] [original line 10756] Script system error!
  Error: start_scheme effect [ No targets are set. Did you mean to use 'targets_nothing = yes'? ]
  Script location: file: common/scripted_effects/asoiaf_canon_children_effects.txt line: 8283 (asoiaf_canon_children_Targaryen_78_birth_effect:after_creation)
[14:31:19][jomini_script_system.cpp:303] [original line 10760] Script system error!
  Error: start_scheme effect [ Can't start a scheme with an incompatible target type ]
  Script location: file: common/scripted_effects/asoiaf_canon_children_effects.txt line: 8283 (asoiaf_canon_children_Targaryen_78_birth_effect:after_creation)
[14:31:19][jomini_script_system.cpp:303] [original line 10764] Script system error!
  Error: start_scheme effect [ No targets are set. Did you mean to use 'targets_nothing = yes'? ]
  Script location: file: common/scripted_effects/asoiaf_canon_children_effects.txt line: 11744 (asoiaf_canon_children_Velaryon_34_birth_effect:after_creation)
[14:31:19][jomini_script_system.cpp:303] [original line 10768] Script system error!
  Error: start_scheme effect [ Can't start a scheme with an incompatible target type ]
  Script location: file: common/scripted_effects/asoiaf_canon_children_effects.txt line: 11744 (asoiaf_canon_children_Velaryon_34_birth_effect:after_creation)
[14:31:19][jomini_script_system.cpp:303] [original line 10772] Script system error!
  Error: start_scheme effect [ No targets are set. Did you mean to use 'targets_nothing = yes'? ]
  Script location: file: common/scripted_effects/asoiaf_canon_children_effects.txt line: 11829 (asoiaf_canon_children_Velaryon_35_birth_effect:after_creation)
[14:31:19][jomini_script_system.cpp:303] [original line 10776] Script system error!
  Error: start_scheme effect [ Can't start a scheme with an incompatible target type ]
  Script location: file: common/scripted_effects/asoiaf_canon_children_effects.txt line: 11829 (asoiaf_canon_children_Velaryon_35_birth_effect:after_creation)
[14:31:19][jomini_script_system.cpp:303] [original line 10780] Script system error!
  Error: create_artifact effect [ Invalid artifact template 'vs_oathkeeper_template' ]
  Script location: file: common/scripted_effects/asoiaf_scripted_effects_artifacts.txt line: 717 (asoiaf_create_artifact_oathkeeper_effect_decision[args#1247474068])
[14:31:19][jomini_script_system.cpp:303] [original line 10784] Script system error!
  Error: create_artifact effect [ Invalid artifact template 'vs_oathkeeper_template' ]
  Script location: file: common/scripted_effects/asoiaf_scripted_effects_artifacts.txt line: 737 (asoiaf_create_artifact_oathkeeper_effect_decision[args#1247474068])
[14:31:19][jomini_script_system.cpp:303] [original line 10788] Script system error!
  Error: create_artifact effect [ Invalid artifact template 'vs_widows_wail_template' ]
  Script location: file: common/scripted_effects/asoiaf_scripted_effects_artifacts.txt line: 916 (asoiaf_create_artifact_widows_wail_effect_decision[args#1247474068])
[14:31:19][jomini_script_system.cpp:303] [original line 10792] Script system error!
  Error: create_artifact effect [ Invalid artifact template 'vs_widows_wail_template' ]
  Script location: file: common/scripted_effects/asoiaf_scripted_effects_artifacts.txt line: 936 (asoiaf_create_artifact_widows_wail_effect_decision[args#1247474068])
[14:31:19][jomini_script_system.cpp:303] [original line 10796] Script system error!
  Error: create_artifact effect [ Invalid artifact template 'vs_widows_wail_template' ]
  Script location: file: common/scripted_effects/asoiaf_scripted_effects_artifacts.txt line: 785 (agot_create_artifact_vs_widows_wail_historical_effect[args#2425720076])
[14:31:19][jomini_script_system.cpp:303] [original line 10800] Script system error!
  Error: create_artifact effect [ Invalid artifact template 'vs_widows_wail_template' ]
  Script location: file: common/scripted_effects/asoiaf_scripted_effects_artifacts.txt line: 805 (agot_create_artifact_vs_widows_wail_historical_effect[args#2425720076])
[14:31:19][jomini_script_system.cpp:303] [original line 10804] Script system error!
  Error: create_artifact effect [ Invalid artifact template 'vs_seafoam_template' ]
  Script location: file: common/scripted_effects/00_agot_artifact_vs_sword_effects_override.txt line: 455 (agot_create_artifact_vs_seafoam_effect[args#2425720076])
[14:31:19][jomini_script_system.cpp:303] [original line 10808] Script system error!
  Error: create_artifact effect [ Invalid artifact template 'vs_seafoam_template' ]
  Script location: file: common/scripted_effects/00_agot_artifact_vs_sword_effects_override.txt line: 475 (agot_create_artifact_vs_seafoam_effect[args#2425720076])
[14:31:19][jomini_script_system.cpp:303] [original line 10812] Script system error!
  Error: create_artifact effect [ Invalid artifact template 'vs_pincer_template' ]
  Script location: file: common/scripted_effects/00_agot_artifact_vs_sword_effects_override.txt line: 604 (agot_create_artifact_vs_pincer_effect[args#2425720076])
[14:31:19][jomini_script_system.cpp:303] [original line 10816] Script system error!
  Error: create_artifact effect [ Invalid artifact template 'vs_pincer_template' ]
  Script location: file: common/scripted_effects/00_agot_artifact_vs_sword_effects_override.txt line: 630 (agot_create_artifact_vs_pincer_effect[args#2425720076])
[14:31:19][jomini_script_system.cpp:303] [original line 10820] Script system error!
  Error: create_artifact effect [ Invalid artifact template 'vs_longclaw_template' ]
  Script location: file: common/scripted_effects/asoiaf_scripted_effects_artifacts.txt line: 401 (agot_create_artifact_vs_longclaw_effect[args#2425720076])
[14:31:19][jomini_script_system.cpp:303] [original line 10824] Script system error!
  Error: create_artifact effect [ Invalid artifact template 'vs_longclaw_template' ]
  Script location: file: common/scripted_effects/asoiaf_scripted_effects_artifacts.txt line: 421 (agot_create_artifact_vs_longclaw_effect[args#2425720076])
[14:31:19][jomini_script_system.cpp:303] [original line 10828] Script system error!
  Error: create_artifact effect [ Invalid artifact template 'vs_ice_template' ]
  Script location: file: common/scripted_effects/asoiaf_scripted_effects_artifacts.txt line: 10 (agot_create_artifact_vs_ice_effect[args#2425720076])
[14:31:19][jomini_script_system.cpp:303] [original line 10832] Script system error!
  Error: create_artifact effect [ Invalid artifact template 'vs_ice_template' ]
  Script location: file: common/scripted_effects/asoiaf_scripted_effects_artifacts.txt line: 30 (agot_create_artifact_vs_ice_effect[args#2425720076])
[14:31:19][jomini_script_system.cpp:303] [original line 10836] Script system error!
  Error: create_artifact effect [ Invalid artifact template 'vs_heartsbane_template' ]
  Script location: file: common/scripted_effects/asoiaf_scripted_effects_artifacts.txt line: 235 (agot_create_artifact_vs_heartsbane_effect[args#2425720076])
[14:31:19][jomini_script_system.cpp:303] [original line 10840] Script system error!
  Error: create_artifact effect [ Invalid artifact template 'vs_heartsbane_template' ]
  Script location: file: common/scripted_effects/asoiaf_scripted_effects_artifacts.txt line: 253 (agot_create_artifact_vs_heartsbane_effect[args#2425720076])
[14:31:19][jomini_script_system.cpp:303] [original line 10844] Script system error!
  Error: create_artifact effect [ Invalid artifact template 'vs_dark_sister_template' ]
  Script location: file: common/scripted_effects/asoiaf_scripted_effects_artifacts.txt line: 1233 (agot_create_artifact_vs_dark_sister_effect[args#2425720076])
[14:31:19][jomini_script_system.cpp:303] [original line 10848] Script system error!
  Error: create_artifact effect [ Invalid artifact template 'vs_dark_sister_template' ]
  Script location: file: common/scripted_effects/asoiaf_scripted_effects_artifacts.txt line: 1261 (agot_create_artifact_vs_dark_sister_effect[args#2425720076])
[14:31:19][jomini_script_system.cpp:303] [original line 10852] Script system error!
  Error: create_artifact effect [ Invalid artifact template 'vs_dark_sister_template' ]
  Script location: file: common/scripted_effects/asoiaf_scripted_effects_artifacts.txt line: 1291 (agot_create_artifact_vs_dark_sister_effect[args#2425720076])
[14:31:19][jomini_script_system.cpp:303] [original line 10856] Script system error!
  Error: create_artifact effect [ Invalid artifact template 'vs_blackfyre_template' ]
  Script location: file: common/scripted_effects/00_agot_artifact_vs_sword_effects_override.txt line: 13 (agot_create_artifact_vs_blackfyre_effect[args#2425720076])
[14:31:19][jomini_script_system.cpp:303] [original line 10860] Script system error!
  Error: create_artifact effect [ Invalid artifact template 'vs_blackfyre_template' ]
  Script location: file: common/scripted_effects/00_agot_artifact_vs_sword_effects_override.txt line: 31 (agot_create_artifact_vs_blackfyre_effect[args#2425720076])
[14:31:19][jomini_script_system.cpp:303] [original line 10864] Script system error!
  Error: set_culture_pillar effect [ Invalid database object 'language_agot_lhazaar' ]
  Script location: file: common/scripted_guis/DI_cultural_editor_pillars_sgui.txt line: 620 (DI_language_agot_lhazaar_sgui:effect)
[14:31:19][jomini_effect.cpp:139] [original line 10868] PostValidate of effect 'set_culture_pillar' returned false at file: common/scripted_guis/DI_cultural_editor_pillars_sgui.txt line: 620 (DI_language_agot_lhazaar_sgui:effect)
[14:31:19][jomini_script_system.cpp:303] [original line 10869] Script system error!
  Error: add_innovation effect [ target: Not found in database class CCultureInnovationTypeDatabase ]
  Script location: file: common/character_interactions/DI_character_interaction.txt line: 4616 (DI_change_succession:on_accept)
[14:31:19][jomini_effect.cpp:139] [original line 10873] PostValidate of effect 'add_innovation' returned false at file: common/character_interactions/DI_character_interaction.txt line: 4616 (DI_change_succession:on_accept)
[14:31:19][jomini_script_system.cpp:303] [original line 10874] Script system error!
  Error: add_innovation effect [ target: Not found in database class CCultureInnovationTypeDatabase ]
  Script location: file: common/character_interactions/DI_character_interaction.txt line: 4631 (DI_change_succession:on_accept)
[14:31:19][jomini_effect.cpp:139] [original line 10878] PostValidate of effect 'add_innovation' returned false at file: common/character_interactions/DI_character_interaction.txt line: 4631 (DI_change_succession:on_accept)
[14:31:19][jomini_script_system.cpp:303] [original line 10879] Script system error!
  Error: add_building effect [ Invalid database object 'common_trade_03' ]
  Script location: file: common/on_action/cowagot_province_on_actions.txt line: 174 (set_provinces_on_actions)
[14:31:19][jomini_effect.cpp:139] [original line 10883] PostValidate of effect 'add_building' returned false at file: common/on_action/cowagot_province_on_actions.txt line: 174 (set_provinces_on_actions)
[14:31:19][jomini_script_system.cpp:303] [original line 10884] Script system error!
  Error: remove_building effect [ Invalid database object 'ironwood_01' ]
  Script location: file: common/on_action/cowagot_province_on_actions.txt line: 214 (set_provinces_on_actions)
[14:31:19][jomini_effect.cpp:139] [original line 10888] PostValidate of effect 'remove_building' returned false at file: common/on_action/cowagot_province_on_actions.txt line: 214 (set_provinces_on_actions)
[14:31:19][jomini_script_system.cpp:303] [original line 10889] Script system error!
  Error: add_special_building_slot effect [ Invalid database object 'bearisland_01' ]
  Script location: file: common/on_action/cowagot_province_on_actions.txt line: 273 (set_provinces_on_actions)
[14:31:19][jomini_effect.cpp:139] [original line 10893] PostValidate of effect 'add_special_building_slot' returned false at file: common/on_action/cowagot_province_on_actions.txt line: 273 (set_provinces_on_actions)
[14:31:19][jomini_script_system.cpp:303] [original line 10894] Script system error!
  Error: add_special_building effect [ Invalid database object 'bearisland_01' ]
  Script location: file: common/on_action/cowagot_province_on_actions.txt line: 274 (set_provinces_on_actions)
[14:31:19][jomini_effect.cpp:139] [original line 10898] PostValidate of effect 'add_special_building' returned false at file: common/on_action/cowagot_province_on_actions.txt line: 274 (set_provinces_on_actions)
[14:31:19][jomini_script_system.cpp:303] [original line 10899] Script system error!
  Error: add_special_building_slot effect [ Invalid database object 'harlaw_mines_01' ]
  Script location: file: common/on_action/cowagot_province_on_actions.txt line: 335 (harlaw_building_check_on_actions)
[14:31:19][jomini_effect.cpp:139] [original line 10903] PostValidate of effect 'add_special_building_slot' returned false at file: common/on_action/cowagot_province_on_actions.txt line: 335 (harlaw_building_check_on_actions)
[14:31:19][jomini_script_system.cpp:303] [original line 10904] Script system error!
  Error: learn_language effect [ Invalid database object 'language_greek' ]
  Script location: file: common/scripted_effects/DI_court_position_spawner_overrides.txt line: 15 (DI_court_position_post_spawn_effect[args#2101251318])
[14:31:19][jomini_effect.cpp:139] [original line 10908] PostValidate of effect 'learn_language' returned false at file: common/scripted_effects/DI_court_position_spawner_overrides.txt line: 15 (DI_court_position_post_spawn_effect[args#2101251318])
[14:31:19][jomini_script_system.cpp:303] [original line 10909] Script system error!
  Error: learn_language effect [ Invalid database object 'language_arabic' ]
  Script location: file: common/scripted_effects/DI_court_position_spawner_overrides.txt line: 14 (DI_court_position_post_spawn_effect[args#2101251318])
[14:31:19][jomini_effect.cpp:139] [original line 10913] PostValidate of effect 'learn_language' returned false at file: common/scripted_effects/DI_court_position_spawner_overrides.txt line: 14 (DI_court_position_post_spawn_effect[args#2101251318])
[14:31:19][jomini_script_system.cpp:303] [original line 10914] Script system error!
  Error: learn_language effect [ Invalid database object 'language_latin' ]
  Script location: file: common/scripted_effects/DI_court_position_spawner_overrides.txt line: 16 (DI_court_position_post_spawn_effect[args#2101251318])
[14:31:19][jomini_effect.cpp:139] [original line 10918] PostValidate of effect 'learn_language' returned false at file: common/scripted_effects/DI_court_position_spawner_overrides.txt line: 16 (DI_court_position_post_spawn_effect[args#2101251318])
[14:31:19][jomini_script_system.cpp:303] [original line 10919] Script system error!
  Error: learn_language effect [ Invalid database object 'language_norse' ]
  Script location: file: common/scripted_effects/DI_court_position_spawner_overrides.txt line: 17 (DI_court_position_post_spawn_effect[args#2101251318])
[14:31:19][jomini_effect.cpp:139] [original line 10923] PostValidate of effect 'learn_language' returned false at file: common/scripted_effects/DI_court_position_spawner_overrides.txt line: 17 (DI_court_position_post_spawn_effect[args#2101251318])
[14:31:19][jomini_script_system.cpp:303] [original line 10924] Script system error!
  Error: learn_language effect [ Invalid database object 'language_latin' ]
  Script location: file: common/scripted_effects/DI_court_position_spawner_overrides.txt line: 28 (DI_court_position_post_spawn_effect[args#2101251318])
[14:31:19][jomini_effect.cpp:139] [original line 10928] PostValidate of effect 'learn_language' returned false at file: common/scripted_effects/DI_court_position_spawner_overrides.txt line: 28 (DI_court_position_post_spawn_effect[args#2101251318])
[14:31:19][jomini_script_system.cpp:303] [original line 10929] Script system error!
  Error: learn_language effect [ Invalid database object 'language_arabic' ]
  Script location: file: common/scripted_effects/DI_court_position_spawner_overrides.txt line: 26 (DI_court_position_post_spawn_effect[args#2101251318])
[14:31:19][jomini_effect.cpp:139] [original line 10933] PostValidate of effect 'learn_language' returned false at file: common/scripted_effects/DI_court_position_spawner_overrides.txt line: 26 (DI_court_position_post_spawn_effect[args#2101251318])
[14:31:19][jomini_script_system.cpp:303] [original line 10934] Script system error!
  Error: learn_language effect [ Invalid database object 'language_greek' ]
  Script location: file: common/scripted_effects/DI_court_position_spawner_overrides.txt line: 27 (DI_court_position_post_spawn_effect[args#2101251318])
[14:31:19][jomini_effect.cpp:139] [original line 10938] PostValidate of effect 'learn_language' returned false at file: common/scripted_effects/DI_court_position_spawner_overrides.txt line: 27 (DI_court_position_post_spawn_effect[args#2101251318])
[14:31:19][jomini_script_system.cpp:303] [original line 10939] Script system error!
  Error: learn_language effect [ Invalid database object 'language_norse' ]
  Script location: file: common/scripted_effects/DI_court_position_spawner_overrides.txt line: 29 (DI_court_position_post_spawn_effect[args#2101251318])
[14:31:19][jomini_effect.cpp:139] [original line 10943] PostValidate of effect 'learn_language' returned false at file: common/scripted_effects/DI_court_position_spawner_overrides.txt line: 29 (DI_court_position_post_spawn_effect[args#2101251318])
[14:31:19][jomini_script_system.cpp:303] [original line 10944] Script system error!
  Error: add_trait effect [ target: Not found in database class CTraitDatabase ]
  Script location: file: common/scripted_effects/DI_present_effects.txt line: 20 (DI_personality_trait_randomizer_effect)
[14:31:19][jomini_effect.cpp:139] [original line 10948] PostValidate of effect 'add_trait' returned false at file: common/scripted_effects/DI_present_effects.txt line: 20 (DI_personality_trait_randomizer_effect)
[14:31:19][jomini_script_system.cpp:303] [original line 10949] Script system error!
  Error: add_trait effect [ target: Not found in database class CTraitDatabase ]
  Script location: file: common/scripted_effects/DI_present_effects.txt line: 21 (DI_personality_trait_randomizer_effect)
[14:31:19][jomini_effect.cpp:139] [original line 10953] PostValidate of effect 'add_trait' returned false at file: common/scripted_effects/DI_present_effects.txt line: 21 (DI_personality_trait_randomizer_effect)
[14:31:19][jomini_script_system.cpp:303] [original line 10954] Script system error!
  Error: remove_trait effect [ target: Not found in database class CTraitDatabase ]
  Script location: file: common/scripted_effects/DI_present_effects.txt line: 85 (DI_clear_personality_traits_effect)
[14:31:19][jomini_effect.cpp:139] [original line 10958] PostValidate of effect 'remove_trait' returned false at file: common/scripted_effects/DI_present_effects.txt line: 85 (DI_clear_personality_traits_effect)
[14:31:19][jomini_script_system.cpp:303] [original line 10959] Script system error!
  Error: remove_trait effect [ target: Not found in database class CTraitDatabase ]
  Script location: file: common/scripted_effects/DI_present_effects.txt line: 86 (DI_clear_personality_traits_effect)
[14:31:19][jomini_effect.cpp:139] [original line 10963] PostValidate of effect 'remove_trait' returned false at file: common/scripted_effects/DI_present_effects.txt line: 86 (DI_clear_personality_traits_effect)
[14:31:19][jomini_script_system.cpp:303] [original line 10964] Script system error!
  Error: has_trait trigger [ Cannot find honorable in trait database ]
  Script location: file: common/scripted_effects/DI_present_effects.txt line: 85 (DI_clear_personality_traits_effect)
[14:31:19][jomini_script_system.cpp:303] [original line 10968] Script system error!
  Error: has_trait trigger [ Cannot find ruthless in trait database ]
  Script location: file: common/scripted_effects/DI_present_effects.txt line: 86 (DI_clear_personality_traits_effect)
[14:31:19][jomini_script_system.cpp:303] [original line 10972] Script system error!
  Error: has_game_rule trigger [ Invalid database object 'show_armor_enabled' ]
  Script location: file: gfx/portraits/portrait_modifiers/01_cloaks_base.txt line: 1333 (cloaks:weight)
[14:31:19][jomini_trigger.cpp:243] [original line 10976] PostValidate of trigger 'has_game_rule' returned false at file: gfx/portraits/portrait_modifiers/01_cloaks_base.txt line: 1333 (cloaks:weight)
[14:31:19][jomini_script_system.cpp:303] [original line 10977] Script system error!
  Error: has_game_rule trigger [ Invalid database object 'show_armor_enabled' ]
  Script location: file: gfx/portraits/portrait_modifiers/01_cloaks_base.txt line: 1338 (cloaks:weight)
[14:31:19][jomini_trigger.cpp:243] [original line 10981] PostValidate of trigger 'has_game_rule' returned false at file: gfx/portraits/portrait_modifiers/01_cloaks_base.txt line: 1338 (cloaks:weight)
[14:31:19][jomini_script_system.cpp:303] [original line 10982] Script system error!
  Error: has_game_rule trigger [ Invalid database object 'show_armor_enabled' ]
  Script location: file: gfx/portraits/portrait_modifiers/01_cloaks_base.txt line: 1642 (cloaks:weight)
[14:31:19][jomini_trigger.cpp:243] [original line 10986] PostValidate of trigger 'has_game_rule' returned false at file: gfx/portraits/portrait_modifiers/01_cloaks_base.txt line: 1642 (cloaks:weight)
[14:31:19][jomini_script_system.cpp:303] [original line 10987] Script system error!
  Error: has_game_rule trigger [ Invalid database object 'show_armor_enabled' ]
  Script location: file: gfx/portraits/portrait_modifiers/01_cloaks_base.txt line: 1684 (cloaks:weight)
[14:31:19][jomini_trigger.cpp:243] [original line 10991] PostValidate of trigger 'has_game_rule' returned false at file: gfx/portraits/portrait_modifiers/01_cloaks_base.txt line: 1684 (cloaks:weight)
[14:31:19][jomini_script_system.cpp:303] [original line 10992] Script system error!
  Error: has_game_rule trigger [ Invalid database object 'show_armor_enabled' ]
  Script location: file: gfx/portraits/portrait_modifiers/01_legwear_base.txt line: 871 (legwear:weight)
[14:31:19][jomini_trigger.cpp:243] [original line 10996] PostValidate of trigger 'has_game_rule' returned false at file: gfx/portraits/portrait_modifiers/01_legwear_base.txt line: 871 (legwear:weight)
[14:31:19][jomini_script_system.cpp:303] [original line 10997] Script system error!
  Error: has_game_rule trigger [ Invalid database object 'show_armor_enabled' ]
  Script location: file: gfx/portraits/portrait_modifiers/01_legwear_base.txt line: 898 (legwear:weight)
[14:31:19][jomini_trigger.cpp:243] [original line 11001] PostValidate of trigger 'has_game_rule' returned false at file: gfx/portraits/portrait_modifiers/01_legwear_base.txt line: 898 (legwear:weight)
[14:31:19][jomini_script_system.cpp:303] [original line 11002] Script system error!
  Error: has_game_rule trigger [ Invalid database object 'show_armor_enabled' ]
  Script location: file: gfx/portraits/portrait_modifiers/01_legwear_base.txt line: 937 (legwear:weight)
[14:31:19][jomini_trigger.cpp:243] [original line 11006] PostValidate of trigger 'has_game_rule' returned false at file: gfx/portraits/portrait_modifiers/01_legwear_base.txt line: 937 (legwear:weight)
[14:31:19][jomini_script_system.cpp:303] [original line 11007] Script system error!
  Error: has_game_rule trigger [ Invalid database object 'show_armor_enabled' ]
  Script location: file: gfx/portraits/portrait_modifiers/05_clothes_situational.txt line: 616 (clothes_situational:weight)
[14:31:19][jomini_trigger.cpp:243] [original line 11011] PostValidate of trigger 'has_game_rule' returned false at file: gfx/portraits/portrait_modifiers/05_clothes_situational.txt line: 616 (clothes_situational:weight)
[14:31:19][jomini_script_system.cpp:303] [original line 11012] Script system error!
  Error: has_game_rule trigger [ Invalid database object 'show_armor_enabled' ]
  Script location: file: gfx/portraits/portrait_modifiers/05_clothes_situational.txt line: 1062 (clothes_situational:weight)
[14:31:19][jomini_trigger.cpp:243] [original line 11016] PostValidate of trigger 'has_game_rule' returned false at file: gfx/portraits/portrait_modifiers/05_clothes_situational.txt line: 1062 (clothes_situational:weight)
[14:31:19][jomini_script_system.cpp:303] [original line 11017] Script system error!
  Error: has_game_rule trigger [ Invalid database object 'show_armor_enabled' ]
  Script location: file: gfx/portraits/portrait_modifiers/05_clothes_situational.txt line: 1109 (clothes_situational:weight)
[14:31:19][jomini_trigger.cpp:243] [original line 11021] PostValidate of trigger 'has_game_rule' returned false at file: gfx/portraits/portrait_modifiers/05_clothes_situational.txt line: 1109 (clothes_situational:weight)
[14:31:19][jomini_script_system.cpp:303] [original line 11022] Script system error!
  Error: has_game_rule trigger [ Invalid database object 'show_armor_enabled' ]
  Script location: file: gfx/portraits/portrait_modifiers/05_clothes_situational.txt line: 1158 (clothes_situational:weight)
[14:31:19][jomini_trigger.cpp:243] [original line 11026] PostValidate of trigger 'has_game_rule' returned false at file: gfx/portraits/portrait_modifiers/05_clothes_situational.txt line: 1158 (clothes_situational:weight)
[14:31:19][jomini_script_system.cpp:303] [original line 11027] Script system error!
  Error: has_game_rule trigger [ Invalid database object 'show_armor_enabled' ]
  Script location: file: gfx/portraits/portrait_modifiers/05_clothes_situational.txt line: 1202 (clothes_situational:weight)
[14:31:19][jomini_trigger.cpp:243] [original line 11031] PostValidate of trigger 'has_game_rule' returned false at file: gfx/portraits/portrait_modifiers/05_clothes_situational.txt line: 1202 (clothes_situational:weight)
[14:31:19][jomini_script_system.cpp:303] [original line 11032] Script system error!
  Error: has_game_rule trigger [ Invalid database object 'show_armor_enabled' ]
  Script location: file: gfx/portraits/portrait_modifiers/05_clothes_situational.txt line: 1248 (clothes_situational:weight)
[14:31:19][jomini_trigger.cpp:243] [original line 11036] PostValidate of trigger 'has_game_rule' returned false at file: gfx/portraits/portrait_modifiers/05_clothes_situational.txt line: 1248 (clothes_situational:weight)
[14:31:19][jomini_script_system.cpp:303] [original line 11037] Script system error!
  Error: has_game_rule trigger [ Invalid database object 'show_armor_enabled' ]
  Script location: file: gfx/portraits/portrait_modifiers/05_clothes_situational.txt line: 1292 (clothes_situational:weight)
[14:31:19][jomini_trigger.cpp:243] [original line 11041] PostValidate of trigger 'has_game_rule' returned false at file: gfx/portraits/portrait_modifiers/05_clothes_situational.txt line: 1292 (clothes_situational:weight)
[14:31:19][jomini_script_system.cpp:303] [original line 11042] Script system error!
  Error: has_game_rule trigger [ Invalid database object 'show_armor_enabled' ]
  Script location: file: gfx/portraits/portrait_modifiers/05_clothes_situational.txt line: 1338 (clothes_situational:weight)
[14:31:19][jomini_trigger.cpp:243] [original line 11046] PostValidate of trigger 'has_game_rule' returned false at file: gfx/portraits/portrait_modifiers/05_clothes_situational.txt line: 1338 (clothes_situational:weight)
[14:31:19][jomini_script_system.cpp:303] [original line 11047] Script system error!
  Error: has_game_rule trigger [ Invalid database object 'show_armor_enabled' ]
  Script location: file: gfx/portraits/portrait_modifiers/05_clothes_situational.txt line: 1382 (clothes_situational:weight)
[14:31:19][jomini_trigger.cpp:243] [original line 11051] PostValidate of trigger 'has_game_rule' returned false at file: gfx/portraits/portrait_modifiers/05_clothes_situational.txt line: 1382 (clothes_situational:weight)
[14:31:19][jomini_script_system.cpp:303] [original line 11052] Script system error!
  Error: has_game_rule trigger [ Invalid database object 'show_armor_enabled' ]
  Script location: file: gfx/portraits/portrait_modifiers/05_clothes_situational.txt line: 1428 (clothes_situational:weight)
[14:31:19][jomini_trigger.cpp:243] [original line 11056] PostValidate of trigger 'has_game_rule' returned false at file: gfx/portraits/portrait_modifiers/05_clothes_situational.txt line: 1428 (clothes_situational:weight)
[14:31:19][jomini_script_system.cpp:303] [original line 11057] Script system error!
  Error: has_game_rule trigger [ Invalid database object 'show_armor_enabled' ]
  Script location: file: gfx/portraits/portrait_modifiers/05_clothes_situational.txt line: 1472 (clothes_situational:weight)
[14:31:19][jomini_trigger.cpp:243] [original line 11061] PostValidate of trigger 'has_game_rule' returned false at file: gfx/portraits/portrait_modifiers/05_clothes_situational.txt line: 1472 (clothes_situational:weight)
[14:31:19][jomini_script_system.cpp:303] [original line 11062] Script system error!
  Error: has_game_rule trigger [ Invalid database object 'show_armor_enabled' ]
  Script location: file: gfx/portraits/portrait_modifiers/05_clothes_situational.txt line: 1518 (clothes_situational:weight)
[14:31:19][jomini_trigger.cpp:243] [original line 11066] PostValidate of trigger 'has_game_rule' returned false at file: gfx/portraits/portrait_modifiers/05_clothes_situational.txt line: 1518 (clothes_situational:weight)
[14:31:19][jomini_script_system.cpp:303] [original line 11067] Script system error!
  Error: has_game_rule trigger [ Invalid database object 'show_armor_enabled' ]
  Script location: file: gfx/portraits/portrait_modifiers/05_clothes_situational.txt line: 1562 (clothes_situational:weight)
[14:31:19][jomini_trigger.cpp:243] [original line 11071] PostValidate of trigger 'has_game_rule' returned false at file: gfx/portraits/portrait_modifiers/05_clothes_situational.txt line: 1562 (clothes_situational:weight)
[14:31:19][jomini_script_system.cpp:303] [original line 11072] Script system error!
  Error: has_game_rule trigger [ Invalid database object 'show_armor_enabled' ]
  Script location: file: gfx/portraits/portrait_modifiers/05_headgear_situational.txt line: 338 (headgear_situational:weight)
[14:31:19][jomini_trigger.cpp:243] [original line 11076] PostValidate of trigger 'has_game_rule' returned false at file: gfx/portraits/portrait_modifiers/05_headgear_situational.txt line: 338 (headgear_situational:weight)
[14:31:19][jomini_script_system.cpp:303] [original line 11077] Script system error!
  Error: has_game_rule trigger [ Invalid database object 'show_armor_enabled' ]
  Script location: file: gfx/portraits/portrait_modifiers/05_headgear_situational.txt line: 395 (headgear_situational:weight)
[14:31:19][jomini_trigger.cpp:243] [original line 11081] PostValidate of trigger 'has_game_rule' returned false at file: gfx/portraits/portrait_modifiers/05_headgear_situational.txt line: 395 (headgear_situational:weight)
[14:31:19][jomini_script_system.cpp:303] [original line 11082] Script system error!
  Error: has_game_rule trigger [ Invalid database object 'show_armor_enabled' ]
  Script location: file: gfx/portraits/portrait_modifiers/05_headgear_situational.txt line: 3127 (headgear_situational:weight)
[14:31:19][jomini_trigger.cpp:243] [original line 11086] PostValidate of trigger 'has_game_rule' returned false at file: gfx/portraits/portrait_modifiers/05_headgear_situational.txt line: 3127 (headgear_situational:weight)
[14:31:19][jomini_script_system.cpp:303] [original line 11087] Script system error!
  Error: has_game_rule trigger [ Invalid database object 'show_armor_enabled' ]
  Script location: file: gfx/portraits/portrait_modifiers/05_headgear_situational.txt line: 3174 (headgear_situational:weight)
[14:31:19][jomini_trigger.cpp:243] [original line 11091] PostValidate of trigger 'has_game_rule' returned false at file: gfx/portraits/portrait_modifiers/05_headgear_situational.txt line: 3174 (headgear_situational:weight)
[14:31:19][jomini_script_system.cpp:303] [original line 11092] Script system error!
  Error: has_game_rule trigger [ Invalid database object 'show_armor_enabled' ]
  Script location: file: gfx/portraits/portrait_modifiers/05_headgear_situational.txt line: 3222 (headgear_situational:weight)
[14:31:19][jomini_trigger.cpp:243] [original line 11096] PostValidate of trigger 'has_game_rule' returned false at file: gfx/portraits/portrait_modifiers/05_headgear_situational.txt line: 3222 (headgear_situational:weight)
[14:31:19][jomini_script_system.cpp:303] [original line 11097] Script system error!
  Error: has_game_rule trigger [ Invalid database object 'show_armor_enabled' ]
  Script location: file: gfx/portraits/portrait_modifiers/05_headgear_situational.txt line: 3266 (headgear_situational:weight)
[14:31:19][jomini_trigger.cpp:243] [original line 11101] PostValidate of trigger 'has_game_rule' returned false at file: gfx/portraits/portrait_modifiers/05_headgear_situational.txt line: 3266 (headgear_situational:weight)
[14:31:19][jomini_script_system.cpp:303] [original line 11102] Script system error!
  Error: has_game_rule trigger [ Invalid database object 'show_armor_enabled' ]
  Script location: file: gfx/portraits/portrait_modifiers/05_headgear_situational.txt line: 3310 (headgear_situational:weight)
[14:31:19][jomini_trigger.cpp:243] [original line 11106] PostValidate of trigger 'has_game_rule' returned false at file: gfx/portraits/portrait_modifiers/05_headgear_situational.txt line: 3310 (headgear_situational:weight)
[14:31:19][jomini_script_system.cpp:303] [original line 11107] Script system error!
  Error: has_game_rule trigger [ Invalid database object 'show_armor_enabled' ]
  Script location: file: gfx/portraits/portrait_modifiers/05_headgear_situational.txt line: 3355 (headgear_situational:weight)
[14:31:19][jomini_trigger.cpp:243] [original line 11111] PostValidate of trigger 'has_game_rule' returned false at file: gfx/portraits/portrait_modifiers/05_headgear_situational.txt line: 3355 (headgear_situational:weight)
[14:31:19][jomini_script_system.cpp:303] [original line 11112] Script system error!
  Error: is_struggle_type trigger [ Invalid database object 'persian_struggle' ]
  Script location: file: common/character_interactions/DI_character_interaction.txt line: 1415 (DI_arrange_marriage_interaction:is_shown)
[14:31:19][jomini_trigger.cpp:243] [original line 11116] PostValidate of trigger 'is_struggle_type' returned false at file: common/character_interactions/DI_character_interaction.txt line: 1415 (DI_arrange_marriage_interaction:is_shown)
[14:31:19][jomini_script_system.cpp:303] [original line 11117] Script system error!
  Error: has_struggle_phase_parameter trigger [ Bool phase parameter 'can_trade_piety_for_marriage_acceptance' does not exist ]
  Script location: file: common/character_interactions/DI_character_interaction.txt line: 1416 (DI_arrange_marriage_interaction:is_shown)
[14:31:19][jomini_trigger.cpp:243] [original line 11121] PostValidate of trigger 'has_struggle_phase_parameter' returned false at file: common/character_interactions/DI_character_interaction.txt line: 1416 (DI_arrange_marriage_interaction:is_shown)
[14:31:19][jomini_script_system.cpp:303] [original line 11122] Script system error!
  Error: is_struggle_type trigger [ Invalid database object 'persian_struggle' ]
  Script location: file: common/character_interactions/DI_character_interaction.txt line: 1424 (DI_arrange_marriage_interaction:is_valid)
[14:31:19][jomini_trigger.cpp:243] [original line 11126] PostValidate of trigger 'is_struggle_type' returned false at file: common/character_interactions/DI_character_interaction.txt line: 1424 (DI_arrange_marriage_interaction:is_valid)
[14:31:19][jomini_script_system.cpp:303] [original line 11127] Script system error!
  Error: is_struggle_type trigger [ Invalid database object 'persian_struggle' ]
  Script location: file: common/character_interactions/DI_character_interaction.txt line: 1430 (DI_arrange_marriage_interaction:is_valid)
[14:31:19][jomini_trigger.cpp:243] [original line 11131] PostValidate of trigger 'is_struggle_type' returned false at file: common/character_interactions/DI_character_interaction.txt line: 1430 (DI_arrange_marriage_interaction:is_valid)
[14:31:19][jomini_script_system.cpp:303] [original line 11132] Script system error!
  Error: has_game_rule trigger [ Invalid database object 'agot_shatter_empires' ]
  Script location: file: common/on_action/ntc_artifacts_startdate.txt line: 128 (ntc_artifact_shattered_kingdoms)
[14:31:19][jomini_trigger.cpp:243] [original line 11136] PostValidate of trigger 'has_game_rule' returned false at file: common/on_action/ntc_artifacts_startdate.txt line: 128 (ntc_artifact_shattered_kingdoms)
[14:31:19][jomini_script_system.cpp:303] [original line 11137] Script system error!
  Error: is_in_family trigger [ Invalid database object 'rf_abrahamic' ]
  Script location: file: common/scripted_effects/DI_char_spawner_effects.txt line: 1464 (DI_char_spawner_resolve_origin_effect)
[14:31:19][jomini_trigger.cpp:243] [original line 11141] PostValidate of trigger 'is_in_family' returned false at file: common/scripted_effects/DI_char_spawner_effects.txt line: 1464 (DI_char_spawner_resolve_origin_effect)
[14:31:19][jomini_script_system.cpp:303] [original line 11142] Script system error!
  Error: is_in_family trigger [ Invalid database object 'rf_abrahamic' ]
  Script location: file: common/scripted_effects/DI_char_spawner_effects.txt line: 1466 (DI_char_spawner_resolve_origin_effect)
[14:31:19][jomini_trigger.cpp:243] [original line 11146] PostValidate of trigger 'is_in_family' returned false at file: common/scripted_effects/DI_char_spawner_effects.txt line: 1466 (DI_char_spawner_resolve_origin_effect)
[14:31:19][jomini_script_system.cpp:303] [original line 11147] Script system error!
  Error: is_in_family trigger [ Invalid database object 'rf_eastern' ]
  Script location: file: common/scripted_effects/DI_char_spawner_effects.txt line: 1470 (DI_char_spawner_resolve_origin_effect)
[14:31:19][jomini_trigger.cpp:243] [original line 11151] PostValidate of trigger 'is_in_family' returned false at file: common/scripted_effects/DI_char_spawner_effects.txt line: 1470 (DI_char_spawner_resolve_origin_effect)
[14:31:19][jomini_script_system.cpp:303] [original line 11152] Script system error!
  Error: is_in_family trigger [ Invalid database object 'rf_eastern' ]
  Script location: file: common/scripted_effects/DI_char_spawner_effects.txt line: 1472 (DI_char_spawner_resolve_origin_effect)
[14:31:19][jomini_trigger.cpp:243] [original line 11156] PostValidate of trigger 'is_in_family' returned false at file: common/scripted_effects/DI_char_spawner_effects.txt line: 1472 (DI_char_spawner_resolve_origin_effect)
[14:31:19][jomini_script_system.cpp:303] [original line 11157] Script system error!
  Error: is_in_family trigger [ Invalid database object 'rf_sinitic' ]
  Script location: file: common/scripted_effects/DI_char_spawner_effects.txt line: 1476 (DI_char_spawner_resolve_origin_effect)
[14:31:19][jomini_trigger.cpp:243] [original line 11161] PostValidate of trigger 'is_in_family' returned false at file: common/scripted_effects/DI_char_spawner_effects.txt line: 1476 (DI_char_spawner_resolve_origin_effect)
[14:31:19][jomini_script_system.cpp:303] [original line 11162] Script system error!
  Error: is_in_family trigger [ Invalid database object 'rf_sinitic' ]
  Script location: file: common/scripted_effects/DI_char_spawner_effects.txt line: 1478 (DI_char_spawner_resolve_origin_effect)
[14:31:19][jomini_trigger.cpp:243] [original line 11166] PostValidate of trigger 'is_in_family' returned false at file: common/scripted_effects/DI_char_spawner_effects.txt line: 1478 (DI_char_spawner_resolve_origin_effect)
[14:31:19][jomini_script_system.cpp:303] [original line 11167] Script system error!
  Error: is_in_family trigger [ Invalid database object 'rf_pagan' ]
  Script location: file: common/scripted_effects/DI_char_spawner_effects.txt line: 1482 (DI_char_spawner_resolve_origin_effect)
[14:31:19][jomini_trigger.cpp:243] [original line 11171] PostValidate of trigger 'is_in_family' returned false at file: common/scripted_effects/DI_char_spawner_effects.txt line: 1482 (DI_char_spawner_resolve_origin_effect)
[14:31:19][jomini_script_system.cpp:303] [original line 11172] Script system error!
  Error: is_in_family trigger [ Invalid database object 'rf_pagan' ]
  Script location: file: common/scripted_effects/DI_char_spawner_effects.txt line: 1484 (DI_char_spawner_resolve_origin_effect)
[14:31:19][jomini_trigger.cpp:243] [original line 11176] PostValidate of trigger 'is_in_family' returned false at file: common/scripted_effects/DI_char_spawner_effects.txt line: 1484 (DI_char_spawner_resolve_origin_effect)
[14:31:19][jomini_script_system.cpp:303] [original line 11177] Script system error!
  Error: has_cultural_parameter trigger [ Bool culture parameter 'can_build_quarries_in_hills' does not exist ]
  Script location: file: common/scripted_triggers/cowagot_building_requirement_triggers.txt line: 12 (building_quarries_requirement_terrain)
[14:31:19][jomini_trigger.cpp:243] [original line 11181] PostValidate of trigger 'has_cultural_parameter' returned false at file: common/scripted_triggers/cowagot_building_requirement_triggers.txt line: 12 (building_quarries_requirement_terrain)
[14:31:19][jomini_script_system.cpp:303] [original line 11182] Script system error!
  Error: has_game_rule trigger [ Invalid database object 'tgc_enabled_enabled' ]
  Script location: file: common/scripted_triggers/tgc_loaded_trigger.txt line: 11 (tgc_standard_equipment_trigger)
[14:31:19][jomini_trigger.cpp:243] [original line 11186] PostValidate of trigger 'has_game_rule' returned false at file: common/scripted_triggers/tgc_loaded_trigger.txt line: 11 (tgc_standard_equipment_trigger)
[14:31:19][jomini_script_system.cpp:303] [original line 11187] Script system error!
  Error: has_game_rule trigger [ Invalid database object 'tgc_enabled_enabled' ]
  Script location: file: common/scripted_triggers/tgc_loaded_trigger.txt line: 59 (tgc_captain_equipment_trigger)
[14:31:19][jomini_trigger.cpp:243] [original line 11191] PostValidate of trigger 'has_game_rule' returned false at file: common/scripted_triggers/tgc_loaded_trigger.txt line: 59 (tgc_captain_equipment_trigger)
[14:31:19][jomini_script_system.cpp:303] [original line 11192] Script system error!
  Error: has_game_rule trigger [ Invalid database object 'tgc_enabled_enabled' ]
  Script location: file: common/scripted_triggers/tgc_loaded_trigger.txt line: 94 (tgc_blackfyre_or_targ_equipment_trigger)
[14:31:19][jomini_trigger.cpp:243] [original line 11196] PostValidate of trigger 'has_game_rule' returned false at file: common/scripted_triggers/tgc_loaded_trigger.txt line: 94 (tgc_blackfyre_or_targ_equipment_trigger)
[14:31:19][jomini_script_system.cpp:303] [original line 11197] Script system error!
  Error: has_game_rule trigger [ Invalid database object 'tgc_blackfyre_enabled' ]
  Script location: file: common/scripted_triggers/tgc_loaded_trigger.txt line: 104 (tgc_blackfyre_equipment_trigger)
[14:31:19][jomini_trigger.cpp:243] [original line 11201] PostValidate of trigger 'has_game_rule' returned false at file: common/scripted_triggers/tgc_loaded_trigger.txt line: 104 (tgc_blackfyre_equipment_trigger)
[14:31:19][jomini_script_system.cpp:303] [original line 11202] Script system error!
  Error: has_game_rule trigger [ Invalid database object 'tgc_faegon_enabled' ]
  Script location: file: common/scripted_triggers/tgc_loaded_trigger.txt line: 120 (tgc_blackfyre_equipment_trigger)
[14:31:19][jomini_trigger.cpp:243] [original line 11206] PostValidate of trigger 'has_game_rule' returned false at file: common/scripted_triggers/tgc_loaded_trigger.txt line: 120 (tgc_blackfyre_equipment_trigger)
[14:31:19][jomini_script_system.cpp:303] [original line 11207] Script system error!
  Error: has_game_rule trigger [ Invalid database object 'tgc_faegon_enabled' ]
  Script location: file: common/scripted_triggers/tgc_loaded_trigger.txt line: 140 (tgc_targaryen_equipment_trigger)
[14:31:19][jomini_trigger.cpp:243] [original line 11211] PostValidate of trigger 'has_game_rule' returned false at file: common/scripted_triggers/tgc_loaded_trigger.txt line: 140 (tgc_targaryen_equipment_trigger)
[14:31:19][jomini_script_system.cpp:303] [original line 11212] Script system error!
  Error: has_game_rule trigger [ Invalid database object 'tgc_enabled_enabled' ]
  Script location: file: common/scripted_triggers/tgc_loaded_trigger.txt line: 163 (tgc_blackfyre_house_equipment_trigger)
[14:31:19][jomini_trigger.cpp:243] [original line 11216] PostValidate of trigger 'has_game_rule' returned false at file: common/scripted_triggers/tgc_loaded_trigger.txt line: 163 (tgc_blackfyre_house_equipment_trigger)
[14:31:19][jomini_script_system.cpp:303] [original line 11217] Script system error!
  Error: has_game_rule trigger [ Invalid database object 'tgc_blackfyre_enabled' ]
  Script location: file: common/scripted_triggers/tgc_loaded_trigger.txt line: 164 (tgc_blackfyre_house_equipment_trigger)
[14:31:19][jomini_trigger.cpp:243] [original line 11221] PostValidate of trigger 'has_game_rule' returned false at file: common/scripted_triggers/tgc_loaded_trigger.txt line: 164 (tgc_blackfyre_house_equipment_trigger)
[14:31:19][jomini_effect.cpp:1161] [original line 11222] Flag 'unknown_holding' is used but is never set. Setting it in an unused scripted trigger or effect does not count
[14:31:19][jomini_effect.cpp:1161] [original line 11223] Flag 'highlight_special_buildings_map' is used but is never set. Setting it in an unused scripted trigger or effect does not count
[14:31:19][jomini_effect.cpp:1161] [original line 11224] Flag 'pirate_den_holding' is used but is never set. Setting it in an unused scripted trigger or effect does not count
[14:31:19][jomini_effect.cpp:1161] [original line 11225] Flag 'blackDarkRed' is used but is never set. Setting it in an unused scripted trigger or effect does not count
[14:31:19][jomini_effect.cpp:1161] [original line 11226] Flag 'faegon' is used but is never set. Setting it in an unused scripted trigger or effect does not count
[14:31:19][jomini_effect.cpp:1161] [original line 11227] Flag 'iceFire' is used but is never set. Setting it in an unused scripted trigger or effect does not count
[14:31:19][jomini_effect.cpp:1161] [original line 11228] Flag 'dany' is used but is never set. Setting it in an unused scripted trigger or effect does not count
[14:31:19][jomini_effect.cpp:1161] [original line 11229] Flag 'viserys' is used but is never set. Setting it in an unused scripted trigger or effect does not count
[14:31:19][jomini_effect.cpp:1161] [original line 11230] Flag 'roland_crown' is used but is never set. Setting it in an unused scripted trigger or effect does not count
[14:31:19][jomini_effect.cpp:1161] [original line 11231] Flag 'monastery_holding' is used but is never set. Setting it in an unused scripted trigger or effect does not count
[14:31:19][jomini_effect.cpp:1161] [original line 11232] Flag 'wilderness_holding' is used but is never set. Setting it in an unused scripted trigger or effect does not count
[14:31:19][jomini_effect.cpp:1161] [original line 11233] Flag 'ruin_holding' is used but is never set. Setting it in an unused scripted trigger or effect does not count
[14:31:19][jomini_effect.cpp:1161] [original line 11234] Flag 'settlement_holding' is used but is never set. Setting it in an unused scripted trigger or effect does not count
[14:31:19][jomini_effect.cpp:1145] [original line 11235] Flag 'highlight_cow_provinces_map' is set but is never used. Note that use in localization doesn't count due to technical limitations. Use in unused scripted triggers and effects also does not count
[14:31:19][jomini_effect.cpp:1145] [original line 11236] Flag 'DI_subtype_throne' is set but is never used. Note that use in localization doesn't count due to technical limitations. Use in unused scripted triggers and effects also does not count
[14:31:19][jomini_effect.cpp:1145] [original line 11237] Flag 'all_found' is set but is never used. Note that use in localization doesn't count due to technical limitations. Use in unused scripted triggers and effects also does not count
[14:31:19][jomini_effect.cpp:1145] [original line 11238] Flag 'global' is set but is never used. Note that use in localization doesn't count due to technical limitations. Use in unused scripted triggers and effects also does not count
[14:31:19][jomini_effect.cpp:1161] [original line 11239] Variable 'asoiaf_Stark_3_cc' is used but is never set. Setting it in an unused scripted trigger or effect does not count
[14:31:19][jomini_effect.cpp:1161] [original line 11240] Variable 'faegon_main_character' is used but is never set. Setting it in an unused scripted trigger or effect does not count
[14:31:19][jomini_effect.cpp:1161] [original line 11241] Variable 'captains_sword' is used but is never set. Setting it in an unused scripted trigger or effect does not count
[14:31:19][jomini_effect.cpp:1161] [original line 11242] Variable 'asoiaf_Stark_87_cc' is used but is never set. Setting it in an unused scripted trigger or effect does not count
[14:31:19][jomini_effect.cpp:1161] [original line 11243] Variable 'crown_aegon_baelor_artifact' is used but is never set. Setting it in an unused scripted trigger or effect does not count
[14:31:19][jomini_effect.cpp:1161] [original line 11244] Variable 'asoiaf_canon_children_Targaryen_99_born_variable' is used but is never set. Setting it in an unused scripted trigger or effect does not count
[14:31:19][jomini_effect.cpp:1161] [original line 11245] Variable 'highlight_cow_provinces_map' is used but is never set. Setting it in an unused scripted trigger or effect does not count
[14:31:19][jomini_effect.cpp:1161] [original line 11246] Variable 'asoiaf_Stark_5_cc' is used but is never set. Setting it in an unused scripted trigger or effect does not count
[14:31:19][jomini_effect.cpp:1161] [original line 11247] Variable 'kingsguard_armour' is used but is never set. Setting it in an unused scripted trigger or effect does not count
[14:31:19][jomini_effect.cpp:1161] [original line 11248] Variable 'seafoam' is used but is never set. Setting it in an unused scripted trigger or effect does not count
[14:31:19][jomini_effect.cpp:1161] [original line 11249] Variable 'blackfyre' is used but is never set. Setting it in an unused scripted trigger or effect does not count
[14:31:19][jomini_effect.cpp:1161] [original line 11250] Variable 'asoiaf_Stark_101_cc' is used but is never set. Setting it in an unused scripted trigger or effect does not count
[14:31:19][jomini_effect.cpp:1161] [original line 11251] Variable 'maekars_crown' is used but is never set. Setting it in an unused scripted trigger or effect does not count
[14:31:19][jomini_effect.cpp:1161] [original line 11252] Variable 'asoiaf_Stark_99_cc' is used but is never set. Setting it in an unused scripted trigger or effect does not count
[14:31:19][jomini_effect.cpp:1161] [original line 11253] Variable 'asoiaf_Stark_103_cc' is used but is never set. Setting it in an unused scripted trigger or effect does not count
[14:31:19][jomini_effect.cpp:1161] [original line 11254] Variable 'asoiaf_Stark_88_cc' is used but is never set. Setting it in an unused scripted trigger or effect does not count
[14:31:19][jomini_effect.cpp:1161] [original line 11255] Variable 'asoiaf_canon_children_Targaryen_98_born_variable' is used but is never set. Setting it in an unused scripted trigger or effect does not count
[14:31:19][jomini_effect.cpp:1161] [original line 11256] Variable 'app_enabled' is used but is never set. Setting it in an unused scripted trigger or effect does not count
[14:31:19][jomini_effect.cpp:1161] [original line 11257] Variable 'asoiaf_Stark_95_cc' is used but is never set. Setting it in an unused scripted trigger or effect does not count
[14:31:19][jomini_effect.cpp:1161] [original line 11258] Variable 'is_baratheon_6' is used but is never set. Setting it in an unused scripted trigger or effect does not count
[14:31:19][jomini_effect.cpp:1161] [original line 11259] Variable 'asoiaf_canon_children_Targaryen_100_born_variable' is used but is never set. Setting it in an unused scripted trigger or effect does not count
[14:31:19][jomini_effect.cpp:1161] [original line 11260] Variable 'kingsguard_choice' is used but is never set. Setting it in an unused scripted trigger or effect does not count
[14:31:19][jomini_effect.cpp:1161] [original line 11261] Variable 'tgc_enabled' is used but is never set. Setting it in an unused scripted trigger or effect does not count
[14:31:19][jomini_effect.cpp:1161] [original line 11262] Variable 'asoiaf_Stark_6_cc' is used but is never set. Setting it in an unused scripted trigger or effect does not count
[14:31:19][jomini_effect.cpp:1161] [original line 11263] Variable 'asoiaf_canon_children_Targaryen_101_born_variable' is used but is never set. Setting it in an unused scripted trigger or effect does not count
[14:31:19][jomini_effect.cpp:1161] [original line 11264] Variable 'asoiaf_Stark_7_cc' is used but is never set. Setting it in an unused scripted trigger or effect does not count
[14:31:19][jomini_effect.cpp:1161] [original line 11265] Variable 'asoiaf_Stark_10_cc' is used but is never set. Setting it in an unused scripted trigger or effect does not count
[14:31:19][jomini_effect.cpp:1161] [original line 11266] Variable 'asoiaf_Stark_4_cc' is used but is never set. Setting it in an unused scripted trigger or effect does not count
[14:31:19][jomini_effect.cpp:1161] [original line 11267] Variable 'asoiaf_Stark_8_cc' is used but is never set. Setting it in an unused scripted trigger or effect does not count
[14:31:19][jomini_effect.cpp:1161] [original line 11268] Variable 'asoiaf_Stark_102_cc' is used but is never set. Setting it in an unused scripted trigger or effect does not count
[14:31:19][jomini_effect.cpp:1161] [original line 11269] Variable 'is_Durrandon_51' is used but is never set. Setting it in an unused scripted trigger or effect does not count
[14:31:19][jomini_effect.cpp:1161] [original line 11270] Variable 'asoiaf_Stark_2_cc' is used but is never set. Setting it in an unused scripted trigger or effect does not count
[14:31:19][jomini_effect.cpp:1161] [original line 11271] Variable 'asoiaf_Stark_1_cc' is used but is never set. Setting it in an unused scripted trigger or effect does not count
[14:31:19][jomini_effect.cpp:1161] [original line 11272] Variable 'asoiaf_Stark_86_cc' is used but is never set. Setting it in an unused scripted trigger or effect does not count
[14:31:19][jomini_effect.cpp:1161] [original line 11273] Variable 'asoiaf_Stark_94_cc' is used but is never set. Setting it in an unused scripted trigger or effect does not count
[14:31:19][jomini_effect.cpp:1161] [original line 11274] Variable 'asoiaf_Stark_97_cc' is used but is never set. Setting it in an unused scripted trigger or effect does not count
[14:31:19][jomini_effect.cpp:1161] [original line 11275] Variable 'asoiaf_Stark_98_cc' is used but is never set. Setting it in an unused scripted trigger or effect does not count
[14:31:19][jomini_effect.cpp:1161] [original line 11276] Variable 'asoiaf_Stark_96_cc' is used but is never set. Setting it in an unused scripted trigger or effect does not count
[14:31:19][jomini_effect.cpp:1161] [original line 11277] Variable 'swordman_armor_artifact' is used but is never set. Setting it in an unused scripted trigger or effect does not count
[14:31:19][jomini_effect.cpp:1161] [original line 11278] Variable 'is_jon_snow' is used but is never set. Setting it in an unused scripted trigger or effect does not count
[14:31:19][jomini_effect.cpp:1161] [original line 11279] Variable 'asoiaf_Stark_84_cc' is used but is never set. Setting it in an unused scripted trigger or effect does not count
[14:31:19][jomini_effect.cpp:1161] [original line 11280] Variable 'asoiaf_Stark_11_cc' is used but is never set. Setting it in an unused scripted trigger or effect does not count
[14:31:19][jomini_effect.cpp:1161] [original line 11281] Variable 'asoiaf_Stark_9_cc' is used but is never set. Setting it in an unused scripted trigger or effect does not count
[14:31:19][jomini_effect.cpp:1161] [original line 11282] Variable 'Aotk_enabled' is used but is never set. Setting it in an unused scripted trigger or effect does not count
[14:31:19][jomini_effect.cpp:1161] [original line 11283] Variable 'darksister' is used but is never set. Setting it in an unused scripted trigger or effect does not count
[14:31:19][jomini_effect.cpp:1161] [original line 11284] Variable 'brightboar_enabled' is used but is never set. Setting it in an unused scripted trigger or effect does not count
[14:31:19][jomini_effect.cpp:1161] [original line 11285] Variable 'asoiaf_Stark_100_cc' is used but is never set. Setting it in an unused scripted trigger or effect does not count
[14:31:19][jomini_effect.cpp:1145] [original line 11286] Variable 'pincer_artifact' is set but is never used. Note that use in localization doesn't count due to technical limitations. Use in unused scripted triggers and effects also does not count
[14:31:19][jomini_effect.cpp:1145] [original line 11287] Variable 'agot_faegon_jon_snow_char' is set but is never used. Note that use in localization doesn't count due to technical limitations. Use in unused scripted triggers and effects also does not count
[14:31:19][jomini_effect.cpp:1145] [original line 11288] Variable 'asoiaf_canon_children_Stark_1_born_variable' is set but is never used. Note that use in localization doesn't count due to technical limitations. Use in unused scripted triggers and effects also does not count
[14:31:19][jomini_effect.cpp:1145] [original line 11289] Variable 'asoiaf_canon_children_Targaryen_95_born_variable' is set but is never used. Note that use in localization doesn't count due to technical limitations. Use in unused scripted triggers and effects also does not count
[14:31:19][jomini_effect.cpp:1145] [original line 11290] Variable 'asoiaf_canon_children_Baelish_2_born_variable' is set but is never used. Note that use in localization doesn't count due to technical limitations. Use in unused scripted triggers and effects also does not count
[14:31:19][jomini_effect.cpp:1145] [original line 11291] Variable 'blackfyre_artifact' is set but is never used. Note that use in localization doesn't count due to technical limitations. Use in unused scripted triggers and effects also does not count
[14:31:19][jomini_effect.cpp:1145] [original line 11292] Variable 'asoiaf_canon_children_Lannister_129_born_variable' is set but is never used. Note that use in localization doesn't count due to technical limitations. Use in unused scripted triggers and effects also does not count
[14:31:19][jomini_effect.cpp:1145] [original line 11293] Variable 'asoiaf_canon_children_Targaryen_29_born_variable' is set but is never used. Note that use in localization doesn't count due to technical limitations. Use in unused scripted triggers and effects also does not count
[14:31:19][jomini_effect.cpp:1145] [original line 11294] Variable 'asoiaf_canon_children_Baratheon_baby_born_variable' is set but is never used. Note that use in localization doesn't count due to technical limitations. Use in unused scripted triggers and effects also does not count
[14:31:19][jomini_effect.cpp:1145] [original line 11295] Variable 'asoiaf_is_red_vipers_spear' is set but is never used. Note that use in localization doesn't count due to technical limitations. Use in unused scripted triggers and effects also does not count
[14:31:19][jomini_effect.cpp:1145] [original line 11296] Variable 'dark_sister_artifact' is set but is never used. Note that use in localization doesn't count due to technical limitations. Use in unused scripted triggers and effects also does not count
[14:31:19][jomini_effect.cpp:1145] [original line 11297] Variable 'asoiaf_canon_children_Arryn_84_born_variable' is set but is never used. Note that use in localization doesn't count due to technical limitations. Use in unused scripted triggers and effects also does not count
[14:31:19][jomini_effect.cpp:1145] [original line 11298] Variable 'asoiaf_canon_children_Tully_1_born_variable' is set but is never used. Note that use in localization doesn't count due to technical limitations. Use in unused scripted triggers and effects also does not count
[14:31:19][jomini_effect.cpp:1145] [original line 11299] Variable 'COWAGOT_is_loaded' is set but is never used. Note that use in localization doesn't count due to technical limitations. Use in unused scripted triggers and effects also does not count
[14:31:19][jomini_effect.cpp:1145] [original line 11300] Variable 'color_grading' is set but is never used. Note that use in localization doesn't count due to technical limitations. Use in unused scripted triggers and effects also does not count
[14:31:19][jomini_effect.cpp:1145] [original line 11301] Variable 'asoiaf_canon_children_Targaryen_27_born_variable' is set but is never used. Note that use in localization doesn't count due to technical limitations. Use in unused scripted triggers and effects also does not count
[14:31:19][jomini_effect.cpp:1145] [original line 11302] Variable 'DI_artifact_quality_display' is set but is never used. Note that use in localization doesn't count due to technical limitations. Use in unused scripted triggers and effects also does not count
[14:31:19][jomini_effect.cpp:1145] [original line 11303] Variable 'asoiaf_canon_children_Martell_4_born_variable' is set but is never used. Note that use in localization doesn't count due to technical limitations. Use in unused scripted triggers and effects also does not count
[14:31:19][jomini_effect.cpp:1145] [original line 11304] Variable 'asoiaf_canon_children_Baratheon_75_born_variable' is set but is never used. Note that use in localization doesn't count due to technical limitations. Use in unused scripted triggers and effects also does not count
[14:31:19][jomini_effect.cpp:1145] [original line 11305] Variable 'asoiaf_canon_children_Arryn_80_born_variable' is set but is never used. Note that use in localization doesn't count due to technical limitations. Use in unused scripted triggers and effects also does not count
[14:31:19][jomini_effect.cpp:1145] [original line 11306] Variable 'asoiaf_canon_children_Cole_11_born_variable' is set but is never used. Note that use in localization doesn't count due to technical limitations. Use in unused scripted triggers and effects also does not count
[14:31:19][jomini_effect.cpp:1145] [original line 11307] Variable 'asoiaf_canon_children_Hightower_90_born_variable' is set but is never used. Note that use in localization doesn't count due to technical limitations. Use in unused scripted triggers and effects also does not count
[14:31:19][jomini_effect.cpp:1145] [original line 11308] Variable 'asoiaf_canon_children_Targaryen_28_born_variable' is set but is never used. Note that use in localization doesn't count due to technical limitations. Use in unused scripted triggers and effects also does not count
[14:31:19][jomini_effect.cpp:1145] [original line 11309] Variable 'asoiaf_canon_children_Strong_29_born_variable' is set but is never used. Note that use in localization doesn't count due to technical limitations. Use in unused scripted triggers and effects also does not count
[14:31:19][jomini_effect.cpp:1145] [original line 11310] Variable 'DI_artifact_category_display' is set but is never used. Note that use in localization doesn't count due to technical limitations. Use in unused scripted triggers and effects also does not count
[14:31:19][jomini_effect.cpp:1145] [original line 11311] Variable 'asoiaf_canon_children_Targaryen_96_born_variable' is set but is never used. Note that use in localization doesn't count due to technical limitations. Use in unused scripted triggers and effects also does not count
[14:31:19][jomini_effect.cpp:1145] [original line 11312] Variable 'asoiaf_canon_children_Strong_28_born_variable' is set but is never used. Note that use in localization doesn't count due to technical limitations. Use in unused scripted triggers and effects also does not count
[14:31:19][jomini_effect.cpp:1145] [original line 11313] Variable 'seafoam_artifact' is set but is never used. Note that use in localization doesn't count due to technical limitations. Use in unused scripted triggers and effects also does not count
[14:31:19][jomini_effect.cpp:1145] [original line 11314] Variable 'asoiaf_canon_children_Tully_9_born_variable' is set but is never used. Note that use in localization doesn't count due to technical limitations. Use in unused scripted triggers and effects also does not count
[14:31:19][jomini_effect.cpp:1145] [original line 11315] Variable 'asoiaf_canon_children_Tyrell_4_born_variable' is set but is never used. Note that use in localization doesn't count due to technical limitations. Use in unused scripted triggers and effects also does not count
[14:31:19][jomini_effect.cpp:1145] [original line 11316] Variable 'asoiaf_canon_children_Arryn_3_born_variable' is set but is never used. Note that use in localization doesn't count due to technical limitations. Use in unused scripted triggers and effects also does not count
[14:31:19][jomini_effect.cpp:1145] [original line 11317] Variable 'asoiaf_canon_children_Karstark_4_born_variable' is set but is never used. Note that use in localization doesn't count due to technical limitations. Use in unused scripted triggers and effects also does not count
[14:31:19][jomini_effect.cpp:1145] [original line 11318] Variable 'color' is set but is never used. Note that use in localization doesn't count due to technical limitations. Use in unused scripted triggers and effects also does not count
[14:31:19][jomini_effect.cpp:1145] [original line 11319] Variable 'asoiaf_canon_children_Dayne_1_born_variable' is set but is never used. Note that use in localization doesn't count due to technical limitations. Use in unused scripted triggers and effects also does not count
[14:31:19][jomini_effect.cpp:1145] [original line 11320] Variable 'asoiaf_is_needle' is set but is never used. Note that use in localization doesn't count due to technical limitations. Use in unused scripted triggers and effects also does not count
[14:31:19][jomini_effect.cpp:1145] [original line 11321] Variable 'agot_faegon_jae_birth_year' is set but is never used. Note that use in localization doesn't count due to technical limitations. Use in unused scripted triggers and effects also does not count
[14:31:19][jomini_effect.cpp:1145] [original line 11322] Variable 'asoiaf_canon_children_Greyjoy_5_born_variable' is set but is never used. Note that use in localization doesn't count due to technical limitations. Use in unused scripted triggers and effects also does not count
[14:31:19][jomini_effect.cpp:1145] [original line 11323] Variable 'asoiaf_canon_children_Reed_1_born_variable' is set but is never used. Note that use in localization doesn't count due to technical limitations. Use in unused scripted triggers and effects also does not count
[14:31:19][jomini_effect.cpp:1145] [original line 11324] Variable 'asoiaf_is_krakenfall' is set but is never used. Note that use in localization doesn't count due to technical limitations. Use in unused scripted triggers and effects also does not count
[14:31:19][jomini_effect.cpp:1145] [original line 11325] Variable 'asoiaf_canon_children_Velaryon_31_born_variable' is set but is never used. Note that use in localization doesn't count due to technical limitations. Use in unused scripted triggers and effects also does not count
[14:31:19][jomini_effect.cpp:1145] [original line 11326] Variable 'asoiaf_canon_children_Stark_84_born_variable' is set but is never used. Note that use in localization doesn't count due to technical limitations. Use in unused scripted triggers and effects also does not count
[14:31:19][jomini_effect.cpp:1145] [original line 11327] Variable 'DI_artifact_subtype_display' is set but is never used. Note that use in localization doesn't count due to technical limitations. Use in unused scripted triggers and effects also does not count
[14:31:19][jomini_effect.cpp:1145] [original line 11328] Variable 'asoiaf_canon_children_Tarly_1_born_variable' is set but is never used. Note that use in localization doesn't count due to technical limitations. Use in unused scripted triggers and effects also does not count
[14:31:19][jomini_effect.cpp:1161] [original line 11329] Event target 'asoiaf_targaryen_invasion_claimant' is used but is never set. Setting it in an unused scripted trigger or effect does not count
[14:31:19][static_modifier.cpp:200] [original line 11330] Modifier 'lucerys_gun_modifier' was not used by the script or code but exists in the database, this is a waste
[14:31:19][static_modifier.cpp:200] [original line 11331] Modifier 'artifact_monthly_piety_negative_1_modifier' was not used by the script or code but exists in the database, this is a waste
[14:31:19][static_modifier.cpp:200] [original line 11332] Modifier 'artifact_monthly_martial_lifestyle_xp_1_negative_modifier' was not used by the script or code but exists in the database, this is a waste
[14:31:19][static_modifier.cpp:200] [original line 11333] Modifier 'asoiaf_oathkeeper_modifier' was not used by the script or code but exists in the database, this is a waste
[14:31:19][static_modifier.cpp:200] [original line 11334] Modifier 'asoiaf_stark_throne_modifier' was not used by the script or code but exists in the database, this is a waste
[14:31:19][static_modifier.cpp:200] [original line 11335] Modifier 'asoiaf_Karstark_4_modifier' was not used by the script or code but exists in the database, this is a waste
[14:31:24][jomini_eventmanager.cpp:372] [original line 11388] Event asoiaf_mega_war_events.0001 is orphaned
[14:31:24][jomini_eventmanager.cpp:372] [original line 11389] Event asoiaf_young_griff_landing_events.2 is orphaned
[14:31:24][jomini_eventmanager.cpp:372] [original line 11390] Event buy_valyrian_mask.0001 is orphaned
[14:31:24][pdx_assert.cpp:619] [original line 11391] Assertion failed: Achievements not loaded correctly
[14:31:24][databases.h:36] [original line 11392] Key rf_valyrian not found at Database: common/religion/religion_family_types
[14:31:24][databases.h:36] [original line 11393] Key tgp_minister_recruit_courtiers_decision not found at Database: common/decisions
[14:31:25][pdx_persistent_reader.cpp:216] [original line 11394] Error: "Failed to read key reference: Forrester_asoiaf_1: Forrester_asoiaf_1, near line: 5190" in file: "history/characters/asoiaf_char_dummies.txt" near line: 5190
[14:31:25][pdx_persistent_reader.cpp:216] [original line 11395] Error: "Unexpected token: birth, near line: 6606" in file: "history/characters/asoiaf_char_dummies.txt" near line: 6606
[14:31:25][pdx_persistent_reader.cpp:216] [original line 11396] Error: "Unexpected token: effect, near line: 6607" in file: "history/characters/asoiaf_char_dummies.txt" near line: 6607
[14:31:25][history.cpp:1014] [original line 11397] No birth date for character at: file: history/characters/asoiaf_char_dummies.txt line: 6597
[14:31:25][pdx_persistent_reader.cpp:216] [original line 11398] Error: "Failed to read key reference: none: none, near line: 6647" in file: "history/characters/asoiaf_char_dummies.txt" near line: 6647
[14:31:25][pdx_persistent_reader.cpp:216] [original line 11399] Error: "Failed to read key reference: Baratheon_asoiaf_baby: Baratheon_asoiaf_baby, near line: 7" in file: "history/characters/asoiaf_char_stormlands.txt" near line: 7
[14:31:25][pdx_persistent_reader.cpp:216] [original line 11400] Error: "Failed to read key reference: asoiaf_Toth_1: asoiaf_Toth_1, near line: 54" in file: "history/characters/asoiaf_char_vanity.txt" near line: 54
[14:31:25][pdx_persistent_reader.cpp:216] [original line 11401] Error: "Failed to read key reference: asoiaf_Toth_rs_1: asoiaf_Toth_rs_1, near line: 84" in file: "history/characters/asoiaf_char_vanity.txt" near line: 84
[14:31:25][pdx_persistent_reader.cpp:216] [original line 11402] Error: "Failed to read key reference: asoiaf_Erik_father: asoiaf_Erik_father, near line: 185" in file: "history/characters/asoiaf_char_vanity.txt" near line: 185
[14:31:25][pdx_persistent_reader.cpp:216] [original line 11403] Error: "Failed to read key reference: asoiaf_Erik_mother: asoiaf_Erik_mother, near line: 215" in file: "history/characters/asoiaf_char_vanity.txt" near line: 215
[14:31:25][pdx_persistent_reader.cpp:216] [original line 11404] Error: "Failed to read key reference: asoiaf_Henry_mother: asoiaf_Henry_mother, near line: 299" in file: "history/characters/asoiaf_char_vanity.txt" near line: 299
[14:31:25][pdx_persistent_reader.cpp:216] [original line 11405] Error: "Failed to read key reference: asoiaf_Martin: asoiaf_Martin, near line: 347" in file: "history/characters/asoiaf_char_vanity.txt" near line: 347
[14:31:25][pdx_persistent_reader.cpp:216] [original line 11406] Error: "Failed to read key reference: asoiaf_Kobyla_1: asoiaf_Kobyla_1, near line: 398" in file: "history/characters/asoiaf_char_vanity.txt" near line: 398
[14:31:25][pdx_persistent_reader.cpp:216] [original line 11407] Error: "Failed to read key reference: asoiaf_Ronov_1: asoiaf_Ronov_1, near line: 522" in file: "history/characters/asoiaf_char_vanity.txt" near line: 522
[14:31:25][pdx_persistent_reader.cpp:216] [original line 11408] Error: "Failed to read key reference: asoiaf_Ronov_rs_1: asoiaf_Ronov_rs_1, near line: 556" in file: "history/characters/asoiaf_char_vanity.txt" near line: 556
[14:31:25][pdx_persistent_reader.cpp:216] [original line 11409] Error: "Failed to read key reference: asoiaf_Ronov_2: asoiaf_Ronov_2, near line: 583" in file: "history/characters/asoiaf_char_vanity.txt" near line: 583
[14:31:25][pdx_persistent_reader.cpp:216] [original line 11410] Error: "Failed to read key reference: asoiaf_Ronov_rs_2: asoiaf_Ronov_rs_2, near line: 626" in file: "history/characters/asoiaf_char_vanity.txt" near line: 626
[14:31:25][pdx_persistent_reader.cpp:216] [original line 11411] Error: "Failed to read key reference: asoiaf_Ronov_3: asoiaf_Ronov_3, near line: 653" in file: "history/characters/asoiaf_char_vanity.txt" near line: 653
[14:31:25][pdx_persistent_reader.cpp:216] [original line 11412] Error: "Failed to read key reference: asoiaf_Ronov_rs_3: asoiaf_Ronov_rs_3, near line: 696" in file: "history/characters/asoiaf_char_vanity.txt" near line: 696
[14:31:25][pdx_persistent_reader.cpp:216] [original line 11413] Error: "Failed to read key reference: asoiaf_Ronov_4: asoiaf_Ronov_4, near line: 723" in file: "history/characters/asoiaf_char_vanity.txt" near line: 723
[14:31:25][pdx_persistent_reader.cpp:216] [original line 11414] Error: "Failed to read key reference: asoiaf_Ronov_5: asoiaf_Ronov_5, near line: 760" in file: "history/characters/asoiaf_char_vanity.txt" near line: 760
[14:31:25][pdx_persistent_reader.cpp:216] [original line 11415] Error: "Failed to read key reference: asoiaf_Leipa_1: asoiaf_Leipa_1, near line: 797" in file: "history/characters/asoiaf_char_vanity.txt" near line: 797
[14:31:25][pdx_persistent_reader.cpp:216] [original line 11416] Error: "Failed to read key reference: asoiaf_Leipa_rs_1: asoiaf_Leipa_rs_1, near line: 837" in file: "history/characters/asoiaf_char_vanity.txt" near line: 837
[14:31:25][pdx_persistent_reader.cpp:216] [original line 11417] Error: "Failed to read key reference: asoiaf_Ronov_6: asoiaf_Ronov_6, near line: 864" in file: "history/characters/asoiaf_char_vanity.txt" near line: 864
[14:31:25][pdx_persistent_reader.cpp:216] [original line 11418] Error: "Failed to read key reference: asoiaf_Ronov_rs_6: asoiaf_Ronov_rs_6, near line: 904" in file: "history/characters/asoiaf_char_vanity.txt" near line: 904
[14:31:25][pdx_persistent_reader.cpp:216] [original line 11419] Error: "Failed to read key reference: asoiaf_Leipa_2: asoiaf_Leipa_2, near line: 936" in file: "history/characters/asoiaf_char_vanity.txt" near line: 936
[14:31:25][pdx_persistent_reader.cpp:216] [original line 11420] Error: "Failed to read key reference: asoiaf_Leipa_rs_2: asoiaf_Leipa_rs_2, near line: 973" in file: "history/characters/asoiaf_char_vanity.txt" near line: 973
[14:31:25][pdx_persistent_reader.cpp:216] [original line 11421] Error: "Failed to read key reference: asoiaf_Leipa_3: asoiaf_Leipa_3, near line: 1000" in file: "history/characters/asoiaf_char_vanity.txt" near line: 1000
[14:31:25][pdx_persistent_reader.cpp:216] [original line 11422] Error: "Failed to read key reference: asoiaf_Leipa_rs_3: asoiaf_Leipa_rs_3, near line: 1051" in file: "history/characters/asoiaf_char_vanity.txt" near line: 1051
[14:31:25][pdx_persistent_reader.cpp:216] [original line 11423] Error: "Failed to read key reference: asoiaf_Leipa_4: asoiaf_Leipa_4, near line: 1084" in file: "history/characters/asoiaf_char_vanity.txt" near line: 1084
[14:31:25][pdx_persistent_reader.cpp:216] [original line 11424] Error: "Failed to read key reference: asoiaf_Leipa_rs_4: asoiaf_Leipa_rs_4, near line: 1129" in file: "history/characters/asoiaf_char_vanity.txt" near line: 1129
[14:31:25][pdx_persistent_reader.cpp:216] [original line 11425] Error: "Failed to read key reference: asoiaf_Leipa_5: asoiaf_Leipa_5, near line: 1156" in file: "history/characters/asoiaf_char_vanity.txt" near line: 1156
[14:31:25][pdx_persistent_reader.cpp:216] [original line 11426] Error: "Failed to read key reference: asoiaf_Leipa_6: asoiaf_Leipa_6, near line: 1186" in file: "history/characters/asoiaf_char_vanity.txt" near line: 1186
[14:31:25][pdx_persistent_reader.cpp:216] [original line 11427] Error: "Failed to read key reference: asoiaf_Leipa_7: asoiaf_Leipa_7, near line: 1216" in file: "history/characters/asoiaf_char_vanity.txt" near line: 1216
[14:31:25][pdx_persistent_reader.cpp:216] [original line 11428] Error: "Failed to read key reference: asoiaf_Leipa_8: asoiaf_Leipa_8, near line: 1253" in file: "history/characters/asoiaf_char_vanity.txt" near line: 1253
[14:31:25][pdx_persistent_reader.cpp:216] [original line 11429] Error: "Failed to read key reference: asoiaf_Leipa_9: asoiaf_Leipa_9, near line: 1283" in file: "history/characters/asoiaf_char_vanity.txt" near line: 1283
[14:31:25][pdx_persistent_reader.cpp:216] [original line 11430] Error: "Failed to read key reference: asoiaf_Leipa_10: asoiaf_Leipa_10, near line: 1320" in file: "history/characters/asoiaf_char_vanity.txt" near line: 1320
[14:31:25][pdx_persistent_reader.cpp:216] [original line 11431] Error: "Failed to read key reference: asoiaf_Leipa_rs_10: asoiaf_Leipa_rs_10, near line: 1357" in file: "history/characters/asoiaf_char_vanity.txt" near line: 1357
[14:31:25][pdx_persistent_reader.cpp:216] [original line 11432] Error: "Failed to read key reference: asoiaf_Leipa_11: asoiaf_Leipa_11, near line: 1384" in file: "history/characters/asoiaf_char_vanity.txt" near line: 1384
[14:31:25][pdx_persistent_reader.cpp:216] [original line 11433] Error: "Failed to read key reference: asoiaf_Leipa_rs_11: asoiaf_Leipa_rs_11, near line: 1421" in file: "history/characters/asoiaf_char_vanity.txt" near line: 1421
[14:31:25][pdx_persistent_reader.cpp:216] [original line 11434] Error: "Failed to read key reference: asoiaf_Capon_1: asoiaf_Capon_1, near line: 1451" in file: "history/characters/asoiaf_char_vanity.txt" near line: 1451
[14:31:25][pdx_persistent_reader.cpp:216] [original line 11435] Error: "Failed to read key reference: asoiaf_Capon_rs_1: asoiaf_Capon_rs_1, near line: 1499" in file: "history/characters/asoiaf_char_vanity.txt" near line: 1499
[14:31:25][pdx_persistent_reader.cpp:216] [original line 11436] Error: "Failed to read key reference: asoiaf_Leipa_13: asoiaf_Leipa_13, near line: 1633" in file: "history/characters/asoiaf_char_vanity.txt" near line: 1633
[14:31:25][pdx_persistent_reader.cpp:216] [original line 11437] Error: "Failed to read key reference: asoiaf_Leipa_14: asoiaf_Leipa_14, near line: 1663" in file: "history/characters/asoiaf_char_vanity.txt" near line: 1663
[14:31:25][pdx_persistent_reader.cpp:216] [original line 11438] Error: "Failed to read key reference: asoiaf_Leipa_15: asoiaf_Leipa_15, near line: 1700" in file: "history/characters/asoiaf_char_vanity.txt" near line: 1700
[14:31:25][pdx_persistent_reader.cpp:216] [original line 11439] Error: "Failed to read key reference: asoiaf_Leipa_16: asoiaf_Leipa_16, near line: 1737" in file: "history/characters/asoiaf_char_vanity.txt" near line: 1737
[14:31:25][pdx_persistent_reader.cpp:216] [original line 11440] Error: "Failed to read key reference: asoiaf_Leipa_17: asoiaf_Leipa_17, near line: 1767" in file: "history/characters/asoiaf_char_vanity.txt" near line: 1767
[14:31:25][pdx_persistent_reader.cpp:216] [original line 11441] Error: "Failed to read key reference: asoiaf_Lichtenburg_1: asoiaf_Lichtenburg_1, near line: 1806" in file: "history/characters/asoiaf_char_vanity.txt" near line: 1806
[14:31:25][pdx_persistent_reader.cpp:216] [original line 11442] Error: "Failed to read key reference: asoiaf_Lichtenburg_rs_1: asoiaf_Lichtenburg_rs_1, near line: 1846" in file: "history/characters/asoiaf_char_vanity.txt" near line: 1846
[14:31:25][pdx_persistent_reader.cpp:216] [original line 11443] Error: "Failed to read key reference: asoiaf_Lichtenburg_rs_2: asoiaf_Lichtenburg_rs_2, near line: 1872" in file: "history/characters/asoiaf_char_vanity.txt" near line: 1872
[14:31:25][pdx_persistent_reader.cpp:216] [original line 11444] Error: "Failed to read key reference: asoiaf_Lichtenburg_2: asoiaf_Lichtenburg_2, near line: 1902" in file: "history/characters/asoiaf_char_vanity.txt" near line: 1902
[14:31:25][pdx_persistent_reader.cpp:216] [original line 11445] Error: "Failed to read key reference: asoiaf_Lichtenburg_3: asoiaf_Lichtenburg_3, near line: 1939" in file: "history/characters/asoiaf_char_vanity.txt" near line: 1939
[14:31:25][pdx_persistent_reader.cpp:216] [original line 11446] Error: "Failed to read key reference: asoiaf_Lichtenburg_rs_3: asoiaf_Lichtenburg_rs_3, near line: 1976" in file: "history/characters/asoiaf_char_vanity.txt" near line: 1976
[14:31:25][pdx_persistent_reader.cpp:216] [original line 11447] Error: "Failed to read key reference: asoiaf_Lichtenburg_4: asoiaf_Lichtenburg_4, near line: 2003" in file: "history/characters/asoiaf_char_vanity.txt" near line: 2003
[14:31:25][pdx_persistent_reader.cpp:216] [original line 11448] Error: "Failed to read key reference: asoiaf_Lichtenburg_rs_4: asoiaf_Lichtenburg_rs_4, near line: 2043" in file: "history/characters/asoiaf_char_vanity.txt" near line: 2043
[14:31:25][pdx_persistent_reader.cpp:216] [original line 11449] Error: "Failed to read key reference: asoiaf_Lichtenburg_5: asoiaf_Lichtenburg_5, near line: 2075" in file: "history/characters/asoiaf_char_vanity.txt" near line: 2075
[14:31:25][pdx_persistent_reader.cpp:216] [original line 11450] Error: "Failed to read key reference: asoiaf_Lichtenburg_rs_5: asoiaf_Lichtenburg_rs_5, near line: 2112" in file: "history/characters/asoiaf_char_vanity.txt" near line: 2112
[14:31:25][pdx_persistent_reader.cpp:216] [original line 11451] Error: "Failed to read key reference: asoiaf_Zleb_1: asoiaf_Zleb_1, near line: 2139" in file: "history/characters/asoiaf_char_vanity.txt" near line: 2139
[14:31:25][pdx_persistent_reader.cpp:216] [original line 11452] Error: "Failed to read key reference: asoiaf_Zleb_rs_1: asoiaf_Zleb_rs_1, near line: 2176" in file: "history/characters/asoiaf_char_vanity.txt" near line: 2176
[14:31:25][pdx_persistent_reader.cpp:216] [original line 11453] Error: "Failed to read key reference: asoiaf_Lichtenburg_6: asoiaf_Lichtenburg_6, near line: 2203" in file: "history/characters/asoiaf_char_vanity.txt" near line: 2203
[14:31:25][pdx_persistent_reader.cpp:216] [original line 11454] Error: "Failed to read key reference: asoiaf_Lichtenburg_7: asoiaf_Lichtenburg_7, near line: 2240" in file: "history/characters/asoiaf_char_vanity.txt" near line: 2240
[14:31:25][pdx_persistent_reader.cpp:216] [original line 11455] Error: "Failed to read key reference: asoiaf_Lichtenburg_rs_7: asoiaf_Lichtenburg_rs_7, near line: 2277" in file: "history/characters/asoiaf_char_vanity.txt" near line: 2277
[14:31:25][pdx_persistent_reader.cpp:216] [original line 11456] Error: "Failed to read key reference: asoiaf_Lichtenburg_8: asoiaf_Lichtenburg_8, near line: 2307" in file: "history/characters/asoiaf_char_vanity.txt" near line: 2307
[14:31:25][pdx_persistent_reader.cpp:216] [original line 11457] Error: "Failed to read key reference: asoiaf_Bitov_1: asoiaf_Bitov_1, near line: 2346" in file: "history/characters/asoiaf_char_vanity.txt" near line: 2346
[14:31:25][pdx_persistent_reader.cpp:216] [original line 11458] Error: "Failed to read key reference: asoiaf_Bitov_rs_1: asoiaf_Bitov_rs_1, near line: 2383" in file: "history/characters/asoiaf_char_vanity.txt" near line: 2383
[14:31:25][pdx_persistent_reader.cpp:216] [original line 11459] Error: "Failed to read key reference: asoiaf_Bitov_2: asoiaf_Bitov_2, near line: 2410" in file: "history/characters/asoiaf_char_vanity.txt" near line: 2410
[14:31:25][pdx_persistent_reader.cpp:216] [original line 11460] Error: "Failed to read key reference: asoiaf_Bitov_3: asoiaf_Bitov_3, near line: 2447" in file: "history/characters/asoiaf_char_vanity.txt" near line: 2447
[14:31:25][pdx_persistent_reader.cpp:216] [original line 11461] Error: "Failed to read key reference: asoiaf_Bitov_rs_3: asoiaf_Bitov_rs_3, near line: 2484" in file: "history/characters/asoiaf_char_vanity.txt" near line: 2484
[14:31:25][pdx_persistent_reader.cpp:216] [original line 11462] Error: "Failed to read key reference: asoiaf_Bitov_4: asoiaf_Bitov_4, near line: 2511" in file: "history/characters/asoiaf_char_vanity.txt" near line: 2511
[14:31:25][pdx_persistent_reader.cpp:216] [original line 11463] Error: "Failed to read key reference: asoiaf_Bitov_5: asoiaf_Bitov_5, near line: 2544" in file: "history/characters/asoiaf_char_vanity.txt" near line: 2544
[14:31:25][pdx_persistent_reader.cpp:216] [original line 11464] Error: "Failed to read key reference: asoiaf_Bitov_6: asoiaf_Bitov_6, near line: 2574" in file: "history/characters/asoiaf_char_vanity.txt" near line: 2574
[14:31:25][pdx_persistent_reader.cpp:216] [original line 11465] Error: "Failed to read key reference: asoiaf_Bitov_7: asoiaf_Bitov_7, near line: 2611" in file: "history/characters/asoiaf_char_vanity.txt" near line: 2611
[14:31:25][pdx_persistent_reader.cpp:216] [original line 11466] Error: "Failed to read key reference: asoiaf_Bitov_8: asoiaf_Bitov_8, near line: 2650" in file: "history/characters/asoiaf_char_vanity.txt" near line: 2650
[14:31:25][pdx_persistent_reader.cpp:216] [original line 11467] Error: "Failed to read key reference: asoiaf_Bitov_rs_8: asoiaf_Bitov_rs_8, near line: 2687" in file: "history/characters/asoiaf_char_vanity.txt" near line: 2687
[14:31:25][pdx_persistent_reader.cpp:216] [original line 11468] Error: "Failed to read key reference: asoiaf_Bitov_9: asoiaf_Bitov_9, near line: 2714" in file: "history/characters/asoiaf_char_vanity.txt" near line: 2714
[14:31:25][pdx_persistent_reader.cpp:216] [original line 11469] Error: "Failed to read key reference: asoiaf_Bitov_10: asoiaf_Bitov_10, near line: 2746" in file: "history/characters/asoiaf_char_vanity.txt" near line: 2746
[14:31:25][pdx_persistent_reader.cpp:216] [original line 11470] Error: "Failed to read key reference: asoiaf_Bitov_11: asoiaf_Bitov_11, near line: 2783" in file: "history/characters/asoiaf_char_vanity.txt" near line: 2783
[14:31:25][pdx_persistent_reader.cpp:216] [original line 11471] Error: "Failed to read key reference: asoiaf_Bitov_rs_11: asoiaf_Bitov_rs_11, near line: 2820" in file: "history/characters/asoiaf_char_vanity.txt" near line: 2820
[14:31:25][pdx_persistent_reader.cpp:216] [original line 11472] Error: "Failed to read key reference: asoiaf_Bitov_12: asoiaf_Bitov_12, near line: 2847" in file: "history/characters/asoiaf_char_vanity.txt" near line: 2847
[14:31:25][pdx_persistent_reader.cpp:216] [original line 11473] Error: "Failed to read key reference: asoiaf_Bitov_rs_12: asoiaf_Bitov_rs_12, near line: 2884" in file: "history/characters/asoiaf_char_vanity.txt" near line: 2884
[14:31:25][pdx_persistent_reader.cpp:216] [original line 11474] Error: "Failed to read key reference: asoiaf_Bitov_13: asoiaf_Bitov_13, near line: 2911" in file: "history/characters/asoiaf_char_vanity.txt" near line: 2911
[14:31:25][pdx_persistent_reader.cpp:216] [original line 11475] Error: "Failed to read key reference: asoiaf_Bitov_14: asoiaf_Bitov_14, near line: 2948" in file: "history/characters/asoiaf_char_vanity.txt" near line: 2948
[14:31:25][pdx_persistent_reader.cpp:216] [original line 11476] Error: "Failed to read key reference: asoiaf_Bitov_15: asoiaf_Bitov_15, near line: 2985" in file: "history/characters/asoiaf_char_vanity.txt" near line: 2985
[14:31:25][pdx_persistent_reader.cpp:216] [original line 11477] Error: "Failed to read key reference: asoiaf_Bitov_16: asoiaf_Bitov_16, near line: 3022" in file: "history/characters/asoiaf_char_vanity.txt" near line: 3022
[14:31:25][pdx_persistent_reader.cpp:216] [original line 11478] Error: "Failed to read key reference: asoiaf_Bitov_17: asoiaf_Bitov_17, near line: 3059" in file: "history/characters/asoiaf_char_vanity.txt" near line: 3059
[14:31:25][pdx_persistent_reader.cpp:216] [original line 11479] Error: "Failed to read key reference: asoiaf_Bitov_rs_17: asoiaf_Bitov_rs_17, near line: 3096" in file: "history/characters/asoiaf_char_vanity.txt" near line: 3096
[14:31:25][pdx_persistent_reader.cpp:216] [original line 11480] Error: "Failed to read key reference: asoiaf_Bitov_18: asoiaf_Bitov_18, near line: 3123" in file: "history/characters/asoiaf_char_vanity.txt" near line: 3123
[14:31:25][pdx_persistent_reader.cpp:216] [original line 11481] Error: "Failed to read key reference: asoiaf_Bitov_rs_18: asoiaf_Bitov_rs_18, near line: 3160" in file: "history/characters/asoiaf_char_vanity.txt" near line: 3160
[14:31:25][pdx_persistent_reader.cpp:216] [original line 11482] Error: "Failed to read key reference: asoiaf_Bitov_19: asoiaf_Bitov_19, near line: 3187" in file: "history/characters/asoiaf_char_vanity.txt" near line: 3187
[14:31:25][pdx_persistent_reader.cpp:216] [original line 11483] Error: "Failed to read key reference: asoiaf_Bitov_20: asoiaf_Bitov_20, near line: 3224" in file: "history/characters/asoiaf_char_vanity.txt" near line: 3224
[14:31:25][pdx_persistent_reader.cpp:216] [original line 11484] Error: "Failed to read key reference: asoiaf_Bitov_21: asoiaf_Bitov_21, near line: 3261" in file: "history/characters/asoiaf_char_vanity.txt" near line: 3261
[14:31:25][pdx_persistent_reader.cpp:216] [original line 11485] Error: "Failed to read key reference: asoiaf_Bitov_22: asoiaf_Bitov_22, near line: 3291" in file: "history/characters/asoiaf_char_vanity.txt" near line: 3291
[14:31:25][pdx_persistent_reader.cpp:216] [original line 11486] Error: "Failed to read key reference: asoiaf_Bitov_23: asoiaf_Bitov_23, near line: 3328" in file: "history/characters/asoiaf_char_vanity.txt" near line: 3328
[14:31:25][pdx_persistent_reader.cpp:216] [original line 11487] Error: "Failed to read key reference: asoiaf_Bitov_24: asoiaf_Bitov_24, near line: 3365" in file: "history/characters/asoiaf_char_vanity.txt" near line: 3365
[14:31:25][pdx_persistent_reader.cpp:216] [original line 11488] Error: "Failed to read key reference: asoiaf_Bitov_rs_24: asoiaf_Bitov_rs_24, near line: 3402" in file: "history/characters/asoiaf_char_vanity.txt" near line: 3402
[14:31:25][pdx_persistent_reader.cpp:216] [original line 11489] Error: "Failed to read key reference: asoiaf_Bitov_25: asoiaf_Bitov_25, near line: 3429" in file: "history/characters/asoiaf_char_vanity.txt" near line: 3429
[14:31:25][pdx_persistent_reader.cpp:216] [original line 11490] Error: "Failed to read key reference: asoiaf_Bitov_26: asoiaf_Bitov_26, near line: 3466" in file: "history/characters/asoiaf_char_vanity.txt" near line: 3466
[14:31:25][pdx_persistent_reader.cpp:216] [original line 11491] Error: "Failed to read key reference: asoiaf_Bitov_27: asoiaf_Bitov_27, near line: 3503" in file: "history/characters/asoiaf_char_vanity.txt" near line: 3503
[14:31:25][pdx_persistent_reader.cpp:216] [original line 11492] Error: "Failed to read key reference: asoiaf_Bitov_28: asoiaf_Bitov_28, near line: 3533" in file: "history/characters/asoiaf_char_vanity.txt" near line: 3533
[14:31:25][pdx_persistent_reader.cpp:216] [original line 11493] Error: "Failed to read key reference: asoiaf_Bitov_29: asoiaf_Bitov_29, near line: 3563" in file: "history/characters/asoiaf_char_vanity.txt" near line: 3563
[14:31:25][pdx_persistent_reader.cpp:216] [original line 11494] Error: "Failed to read key reference: asoiaf_Bitov_rs_29: asoiaf_Bitov_rs_29, near line: 3600" in file: "history/characters/asoiaf_char_vanity.txt" near line: 3600
[14:31:25][pdx_persistent_reader.cpp:216] [original line 11495] Error: "Failed to read key reference: asoiaf_Bitov_30: asoiaf_Bitov_30, near line: 3627" in file: "history/characters/asoiaf_char_vanity.txt" near line: 3627
[14:31:25][jomini_script_system.cpp:303] [original line 11496] Script system error!
  Error: add_trait effect [ target: Not found in database class CTraitDatabase ]
  Script location: file: history/characters/asoiaf_char_stormlands.txt line: 152
[14:31:25][jomini_effect.cpp:139] [original line 11500] PostValidate of effect 'add_trait' returned false at file: history/characters/asoiaf_char_stormlands.txt line: 152
[14:31:25][jomini_effect.cpp:1161] [original line 11501] Flag 'unknown_holding' is used but is never set. Setting it in an unused scripted trigger or effect does not count
[14:31:25][jomini_effect.cpp:1161] [original line 11502] Flag 'highlight_special_buildings_map' is used but is never set. Setting it in an unused scripted trigger or effect does not count
[14:31:25][jomini_effect.cpp:1161] [original line 11503] Flag 'pirate_den_holding' is used but is never set. Setting it in an unused scripted trigger or effect does not count
[14:31:25][jomini_effect.cpp:1161] [original line 11504] Flag 'blackDarkRed' is used but is never set. Setting it in an unused scripted trigger or effect does not count
[14:31:25][jomini_effect.cpp:1161] [original line 11505] Flag 'faegon' is used but is never set. Setting it in an unused scripted trigger or effect does not count
[14:31:25][jomini_effect.cpp:1161] [original line 11506] Flag 'iceFire' is used but is never set. Setting it in an unused scripted trigger or effect does not count
[14:31:25][jomini_effect.cpp:1161] [original line 11507] Flag 'dany' is used but is never set. Setting it in an unused scripted trigger or effect does not count
[14:31:25][jomini_effect.cpp:1161] [original line 11508] Flag 'viserys' is used but is never set. Setting it in an unused scripted trigger or effect does not count
[14:31:25][jomini_effect.cpp:1161] [original line 11509] Flag 'roland_crown' is used but is never set. Setting it in an unused scripted trigger or effect does not count
[14:31:25][jomini_effect.cpp:1161] [original line 11510] Flag 'monastery_holding' is used but is never set. Setting it in an unused scripted trigger or effect does not count
[14:31:25][jomini_effect.cpp:1161] [original line 11511] Flag 'wilderness_holding' is used but is never set. Setting it in an unused scripted trigger or effect does not count
[14:31:25][jomini_effect.cpp:1161] [original line 11512] Flag 'ruin_holding' is used but is never set. Setting it in an unused scripted trigger or effect does not count
[14:31:25][jomini_effect.cpp:1161] [original line 11513] Flag 'settlement_holding' is used but is never set. Setting it in an unused scripted trigger or effect does not count
[14:31:25][jomini_effect.cpp:1145] [original line 11514] Flag 'highlight_cow_provinces_map' is set but is never used. Note that use in localization doesn't count due to technical limitations. Use in unused scripted triggers and effects also does not count
[14:31:25][jomini_effect.cpp:1145] [original line 11515] Flag 'DI_subtype_throne' is set but is never used. Note that use in localization doesn't count due to technical limitations. Use in unused scripted triggers and effects also does not count
[14:31:25][jomini_effect.cpp:1145] [original line 11516] Flag 'all_found' is set but is never used. Note that use in localization doesn't count due to technical limitations. Use in unused scripted triggers and effects also does not count
[14:31:25][jomini_effect.cpp:1145] [original line 11517] Flag 'global' is set but is never used. Note that use in localization doesn't count due to technical limitations. Use in unused scripted triggers and effects also does not count
[14:31:25][jomini_effect.cpp:1161] [original line 11518] Variable 'asoiaf_Stark_3_cc' is used but is never set. Setting it in an unused scripted trigger or effect does not count
[14:31:25][jomini_effect.cpp:1161] [original line 11519] Variable 'faegon_main_character' is used but is never set. Setting it in an unused scripted trigger or effect does not count
[14:31:25][jomini_effect.cpp:1161] [original line 11520] Variable 'captains_sword' is used but is never set. Setting it in an unused scripted trigger or effect does not count
[14:31:25][jomini_effect.cpp:1161] [original line 11521] Variable 'asoiaf_Stark_87_cc' is used but is never set. Setting it in an unused scripted trigger or effect does not count
[14:31:25][jomini_effect.cpp:1161] [original line 11522] Variable 'crown_aegon_baelor_artifact' is used but is never set. Setting it in an unused scripted trigger or effect does not count
[14:31:25][jomini_effect.cpp:1161] [original line 11523] Variable 'asoiaf_canon_children_Targaryen_99_born_variable' is used but is never set. Setting it in an unused scripted trigger or effect does not count
[14:31:25][jomini_effect.cpp:1161] [original line 11524] Variable 'highlight_cow_provinces_map' is used but is never set. Setting it in an unused scripted trigger or effect does not count
[14:31:25][jomini_effect.cpp:1161] [original line 11525] Variable 'asoiaf_Stark_5_cc' is used but is never set. Setting it in an unused scripted trigger or effect does not count
[14:31:25][jomini_effect.cpp:1161] [original line 11526] Variable 'kingsguard_armour' is used but is never set. Setting it in an unused scripted trigger or effect does not count
[14:31:25][jomini_effect.cpp:1161] [original line 11527] Variable 'seafoam' is used but is never set. Setting it in an unused scripted trigger or effect does not count
[14:31:25][jomini_effect.cpp:1161] [original line 11528] Variable 'blackfyre' is used but is never set. Setting it in an unused scripted trigger or effect does not count
[14:31:25][jomini_effect.cpp:1161] [original line 11529] Variable 'asoiaf_Stark_101_cc' is used but is never set. Setting it in an unused scripted trigger or effect does not count
[14:31:25][jomini_effect.cpp:1161] [original line 11530] Variable 'maekars_crown' is used but is never set. Setting it in an unused scripted trigger or effect does not count
[14:31:25][jomini_effect.cpp:1161] [original line 11531] Variable 'asoiaf_Stark_99_cc' is used but is never set. Setting it in an unused scripted trigger or effect does not count
[14:31:25][jomini_effect.cpp:1161] [original line 11532] Variable 'asoiaf_Stark_103_cc' is used but is never set. Setting it in an unused scripted trigger or effect does not count
[14:31:25][jomini_effect.cpp:1161] [original line 11533] Variable 'asoiaf_Stark_88_cc' is used but is never set. Setting it in an unused scripted trigger or effect does not count
[14:31:25][jomini_effect.cpp:1161] [original line 11534] Variable 'asoiaf_canon_children_Targaryen_98_born_variable' is used but is never set. Setting it in an unused scripted trigger or effect does not count
[14:31:25][jomini_effect.cpp:1161] [original line 11535] Variable 'app_enabled' is used but is never set. Setting it in an unused scripted trigger or effect does not count
[14:31:25][jomini_effect.cpp:1161] [original line 11536] Variable 'asoiaf_Stark_95_cc' is used but is never set. Setting it in an unused scripted trigger or effect does not count
[14:31:25][jomini_effect.cpp:1161] [original line 11537] Variable 'is_baratheon_6' is used but is never set. Setting it in an unused scripted trigger or effect does not count
[14:31:25][jomini_effect.cpp:1161] [original line 11538] Variable 'asoiaf_canon_children_Targaryen_100_born_variable' is used but is never set. Setting it in an unused scripted trigger or effect does not count
[14:31:25][jomini_effect.cpp:1161] [original line 11539] Variable 'kingsguard_choice' is used but is never set. Setting it in an unused scripted trigger or effect does not count
[14:31:25][jomini_effect.cpp:1161] [original line 11540] Variable 'tgc_enabled' is used but is never set. Setting it in an unused scripted trigger or effect does not count
[14:31:25][jomini_effect.cpp:1161] [original line 11541] Variable 'asoiaf_Stark_6_cc' is used but is never set. Setting it in an unused scripted trigger or effect does not count
[14:31:25][jomini_effect.cpp:1161] [original line 11542] Variable 'asoiaf_canon_children_Targaryen_101_born_variable' is used but is never set. Setting it in an unused scripted trigger or effect does not count
[14:31:25][jomini_effect.cpp:1161] [original line 11543] Variable 'asoiaf_Stark_7_cc' is used but is never set. Setting it in an unused scripted trigger or effect does not count
[14:31:25][jomini_effect.cpp:1161] [original line 11544] Variable 'asoiaf_Stark_10_cc' is used but is never set. Setting it in an unused scripted trigger or effect does not count
[14:31:25][jomini_effect.cpp:1161] [original line 11545] Variable 'asoiaf_Stark_4_cc' is used but is never set. Setting it in an unused scripted trigger or effect does not count
[14:31:25][jomini_effect.cpp:1161] [original line 11546] Variable 'asoiaf_Stark_8_cc' is used but is never set. Setting it in an unused scripted trigger or effect does not count
[14:31:25][jomini_effect.cpp:1161] [original line 11547] Variable 'asoiaf_Stark_102_cc' is used but is never set. Setting it in an unused scripted trigger or effect does not count
[14:31:25][jomini_effect.cpp:1161] [original line 11548] Variable 'is_Durrandon_51' is used but is never set. Setting it in an unused scripted trigger or effect does not count
[14:31:25][jomini_effect.cpp:1161] [original line 11549] Variable 'asoiaf_Stark_2_cc' is used but is never set. Setting it in an unused scripted trigger or effect does not count
[14:31:25][jomini_effect.cpp:1161] [original line 11550] Variable 'asoiaf_Stark_1_cc' is used but is never set. Setting it in an unused scripted trigger or effect does not count
[14:31:25][jomini_effect.cpp:1161] [original line 11551] Variable 'asoiaf_Stark_86_cc' is used but is never set. Setting it in an unused scripted trigger or effect does not count
[14:31:25][jomini_effect.cpp:1161] [original line 11552] Variable 'asoiaf_Stark_94_cc' is used but is never set. Setting it in an unused scripted trigger or effect does not count
[14:31:25][jomini_effect.cpp:1161] [original line 11553] Variable 'asoiaf_Stark_97_cc' is used but is never set. Setting it in an unused scripted trigger or effect does not count
[14:31:25][jomini_effect.cpp:1161] [original line 11554] Variable 'asoiaf_Stark_98_cc' is used but is never set. Setting it in an unused scripted trigger or effect does not count
[14:31:25][jomini_effect.cpp:1161] [original line 11555] Variable 'asoiaf_Stark_96_cc' is used but is never set. Setting it in an unused scripted trigger or effect does not count
[14:31:25][jomini_effect.cpp:1161] [original line 11556] Variable 'swordman_armor_artifact' is used but is never set. Setting it in an unused scripted trigger or effect does not count
[14:31:25][jomini_effect.cpp:1161] [original line 11557] Variable 'is_jon_snow' is used but is never set. Setting it in an unused scripted trigger or effect does not count
[14:31:25][jomini_effect.cpp:1161] [original line 11558] Variable 'asoiaf_Stark_84_cc' is used but is never set. Setting it in an unused scripted trigger or effect does not count
[14:31:25][jomini_effect.cpp:1161] [original line 11559] Variable 'asoiaf_Stark_11_cc' is used but is never set. Setting it in an unused scripted trigger or effect does not count
[14:31:25][jomini_effect.cpp:1161] [original line 11560] Variable 'asoiaf_Stark_9_cc' is used but is never set. Setting it in an unused scripted trigger or effect does not count
[14:31:25][jomini_effect.cpp:1161] [original line 11561] Variable 'Aotk_enabled' is used but is never set. Setting it in an unused scripted trigger or effect does not count
[14:31:25][jomini_effect.cpp:1161] [original line 11562] Variable 'darksister' is used but is never set. Setting it in an unused scripted trigger or effect does not count
[14:31:25][jomini_effect.cpp:1161] [original line 11563] Variable 'brightboar_enabled' is used but is never set. Setting it in an unused scripted trigger or effect does not count
[14:31:25][jomini_effect.cpp:1161] [original line 11564] Variable 'asoiaf_Stark_100_cc' is used but is never set. Setting it in an unused scripted trigger or effect does not count
[14:31:25][jomini_effect.cpp:1145] [original line 11565] Variable 'pincer_artifact' is set but is never used. Note that use in localization doesn't count due to technical limitations. Use in unused scripted triggers and effects also does not count
[14:31:25][jomini_effect.cpp:1145] [original line 11566] Variable 'agot_faegon_jon_snow_char' is set but is never used. Note that use in localization doesn't count due to technical limitations. Use in unused scripted triggers and effects also does not count
[14:31:25][jomini_effect.cpp:1145] [original line 11567] Variable 'asoiaf_canon_children_Stark_1_born_variable' is set but is never used. Note that use in localization doesn't count due to technical limitations. Use in unused scripted triggers and effects also does not count
[14:31:25][jomini_effect.cpp:1145] [original line 11568] Variable 'asoiaf_canon_children_Targaryen_95_born_variable' is set but is never used. Note that use in localization doesn't count due to technical limitations. Use in unused scripted triggers and effects also does not count
[14:31:25][jomini_effect.cpp:1145] [original line 11569] Variable 'asoiaf_canon_children_Baelish_2_born_variable' is set but is never used. Note that use in localization doesn't count due to technical limitations. Use in unused scripted triggers and effects also does not count
[14:31:25][jomini_effect.cpp:1145] [original line 11570] Variable 'blackfyre_artifact' is set but is never used. Note that use in localization doesn't count due to technical limitations. Use in unused scripted triggers and effects also does not count
[14:31:25][jomini_effect.cpp:1145] [original line 11571] Variable 'asoiaf_canon_children_Lannister_129_born_variable' is set but is never used. Note that use in localization doesn't count due to technical limitations. Use in unused scripted triggers and effects also does not count
[14:31:25][jomini_effect.cpp:1145] [original line 11572] Variable 'asoiaf_canon_children_Targaryen_29_born_variable' is set but is never used. Note that use in localization doesn't count due to technical limitations. Use in unused scripted triggers and effects also does not count
[14:31:25][jomini_effect.cpp:1145] [original line 11573] Variable 'asoiaf_canon_children_Baratheon_baby_born_variable' is set but is never used. Note that use in localization doesn't count due to technical limitations. Use in unused scripted triggers and effects also does not count
[14:31:25][jomini_effect.cpp:1145] [original line 11574] Variable 'asoiaf_is_red_vipers_spear' is set but is never used. Note that use in localization doesn't count due to technical limitations. Use in unused scripted triggers and effects also does not count
[14:31:25][jomini_effect.cpp:1145] [original line 11575] Variable 'dark_sister_artifact' is set but is never used. Note that use in localization doesn't count due to technical limitations. Use in unused scripted triggers and effects also does not count
[14:31:25][jomini_effect.cpp:1145] [original line 11576] Variable 'asoiaf_canon_children_Arryn_84_born_variable' is set but is never used. Note that use in localization doesn't count due to technical limitations. Use in unused scripted triggers and effects also does not count
[14:31:25][jomini_effect.cpp:1145] [original line 11577] Variable 'asoiaf_canon_children_Tully_1_born_variable' is set but is never used. Note that use in localization doesn't count due to technical limitations. Use in unused scripted triggers and effects also does not count
[14:31:25][jomini_effect.cpp:1145] [original line 11578] Variable 'COWAGOT_is_loaded' is set but is never used. Note that use in localization doesn't count due to technical limitations. Use in unused scripted triggers and effects also does not count
[14:31:25][jomini_effect.cpp:1145] [original line 11579] Variable 'color_grading' is set but is never used. Note that use in localization doesn't count due to technical limitations. Use in unused scripted triggers and effects also does not count
[14:31:25][jomini_effect.cpp:1145] [original line 11580] Variable 'asoiaf_canon_children_Targaryen_27_born_variable' is set but is never used. Note that use in localization doesn't count due to technical limitations. Use in unused scripted triggers and effects also does not count
[14:31:25][jomini_effect.cpp:1145] [original line 11581] Variable 'DI_artifact_quality_display' is set but is never used. Note that use in localization doesn't count due to technical limitations. Use in unused scripted triggers and effects also does not count
[14:31:25][jomini_effect.cpp:1145] [original line 11582] Variable 'asoiaf_canon_children_Martell_4_born_variable' is set but is never used. Note that use in localization doesn't count due to technical limitations. Use in unused scripted triggers and effects also does not count
[14:31:25][jomini_effect.cpp:1145] [original line 11583] Variable 'asoiaf_canon_children_Baratheon_75_born_variable' is set but is never used. Note that use in localization doesn't count due to technical limitations. Use in unused scripted triggers and effects also does not count
[14:31:25][jomini_effect.cpp:1145] [original line 11584] Variable 'asoiaf_canon_children_Arryn_80_born_variable' is set but is never used. Note that use in localization doesn't count due to technical limitations. Use in unused scripted triggers and effects also does not count
[14:31:25][jomini_effect.cpp:1145] [original line 11585] Variable 'asoiaf_canon_children_Cole_11_born_variable' is set but is never used. Note that use in localization doesn't count due to technical limitations. Use in unused scripted triggers and effects also does not count
[14:31:25][jomini_effect.cpp:1145] [original line 11586] Variable 'asoiaf_canon_children_Hightower_90_born_variable' is set but is never used. Note that use in localization doesn't count due to technical limitations. Use in unused scripted triggers and effects also does not count
[14:31:25][jomini_effect.cpp:1145] [original line 11587] Variable 'asoiaf_canon_children_Targaryen_28_born_variable' is set but is never used. Note that use in localization doesn't count due to technical limitations. Use in unused scripted triggers and effects also does not count
[14:31:25][jomini_effect.cpp:1145] [original line 11588] Variable 'asoiaf_canon_children_Strong_29_born_variable' is set but is never used. Note that use in localization doesn't count due to technical limitations. Use in unused scripted triggers and effects also does not count
[14:31:25][jomini_effect.cpp:1145] [original line 11589] Variable 'DI_artifact_category_display' is set but is never used. Note that use in localization doesn't count due to technical limitations. Use in unused scripted triggers and effects also does not count
[14:31:25][jomini_effect.cpp:1145] [original line 11590] Variable 'asoiaf_canon_children_Targaryen_96_born_variable' is set but is never used. Note that use in localization doesn't count due to technical limitations. Use in unused scripted triggers and effects also does not count
[14:31:25][jomini_effect.cpp:1145] [original line 11591] Variable 'asoiaf_canon_children_Strong_28_born_variable' is set but is never used. Note that use in localization doesn't count due to technical limitations. Use in unused scripted triggers and effects also does not count
[14:31:25][jomini_effect.cpp:1145] [original line 11592] Variable 'seafoam_artifact' is set but is never used. Note that use in localization doesn't count due to technical limitations. Use in unused scripted triggers and effects also does not count
[14:31:25][jomini_effect.cpp:1145] [original line 11593] Variable 'asoiaf_canon_children_Tully_9_born_variable' is set but is never used. Note that use in localization doesn't count due to technical limitations. Use in unused scripted triggers and effects also does not count
[14:31:25][jomini_effect.cpp:1145] [original line 11594] Variable 'asoiaf_canon_children_Tyrell_4_born_variable' is set but is never used. Note that use in localization doesn't count due to technical limitations. Use in unused scripted triggers and effects also does not count
[14:31:25][jomini_effect.cpp:1145] [original line 11595] Variable 'asoiaf_canon_children_Arryn_3_born_variable' is set but is never used. Note that use in localization doesn't count due to technical limitations. Use in unused scripted triggers and effects also does not count
[14:31:25][jomini_effect.cpp:1145] [original line 11596] Variable 'asoiaf_canon_children_Karstark_4_born_variable' is set but is never used. Note that use in localization doesn't count due to technical limitations. Use in unused scripted triggers and effects also does not count
[14:31:25][jomini_effect.cpp:1145] [original line 11597] Variable 'color' is set but is never used. Note that use in localization doesn't count due to technical limitations. Use in unused scripted triggers and effects also does not count
[14:31:25][jomini_effect.cpp:1145] [original line 11598] Variable 'asoiaf_canon_children_Dayne_1_born_variable' is set but is never used. Note that use in localization doesn't count due to technical limitations. Use in unused scripted triggers and effects also does not count
[14:31:25][jomini_effect.cpp:1145] [original line 11599] Variable 'asoiaf_is_needle' is set but is never used. Note that use in localization doesn't count due to technical limitations. Use in unused scripted triggers and effects also does not count
[14:31:25][jomini_effect.cpp:1145] [original line 11600] Variable 'agot_faegon_jae_birth_year' is set but is never used. Note that use in localization doesn't count due to technical limitations. Use in unused scripted triggers and effects also does not count
[14:31:25][jomini_effect.cpp:1145] [original line 11601] Variable 'asoiaf_canon_children_Greyjoy_5_born_variable' is set but is never used. Note that use in localization doesn't count due to technical limitations. Use in unused scripted triggers and effects also does not count
[14:31:25][jomini_effect.cpp:1145] [original line 11602] Variable 'asoiaf_canon_children_Reed_1_born_variable' is set but is never used. Note that use in localization doesn't count due to technical limitations. Use in unused scripted triggers and effects also does not count
[14:31:25][jomini_effect.cpp:1145] [original line 11603] Variable 'asoiaf_is_krakenfall' is set but is never used. Note that use in localization doesn't count due to technical limitations. Use in unused scripted triggers and effects also does not count
[14:31:25][jomini_effect.cpp:1145] [original line 11604] Variable 'asoiaf_canon_children_Velaryon_31_born_variable' is set but is never used. Note that use in localization doesn't count due to technical limitations. Use in unused scripted triggers and effects also does not count
[14:31:25][jomini_effect.cpp:1145] [original line 11605] Variable 'asoiaf_canon_children_Stark_84_born_variable' is set but is never used. Note that use in localization doesn't count due to technical limitations. Use in unused scripted triggers and effects also does not count
[14:31:25][jomini_effect.cpp:1145] [original line 11606] Variable 'DI_artifact_subtype_display' is set but is never used. Note that use in localization doesn't count due to technical limitations. Use in unused scripted triggers and effects also does not count
[14:31:25][jomini_effect.cpp:1145] [original line 11607] Variable 'asoiaf_canon_children_Tarly_1_born_variable' is set but is never used. Note that use in localization doesn't count due to technical limitations. Use in unused scripted triggers and effects also does not count
[14:31:25][jomini_effect.cpp:1161] [original line 11608] Event target 'asoiaf_targaryen_invasion_claimant' is used but is never set. Setting it in an unused scripted trigger or effect does not count
[14:31:25][history.cpp:644] [original line 11609] Referencing non-existent character in script link character:Gardener_75
[14:31:25][history.cpp:644] [original line 11610] Referencing non-existent character in script link character:Gardener_75
[14:31:25][history.cpp:644] [original line 11611] Referencing non-existent character in script link character:Dormund_1
[14:31:25][history.cpp:644] [original line 11612] Referencing non-existent character in script link character:Dormund_1
[14:31:25][history.cpp:644] [original line 11613] Referencing non-existent character in script link character:Broome_rs_54
[14:31:25][history.cpp:644] [original line 11614] Referencing non-existent character in script link character:Dormund_1
[14:31:25][history.cpp:644] [original line 11615] Referencing non-existent character in script link character:Dormund_1
[14:31:25][history.cpp:644] [original line 11616] Referencing non-existent character in script link character:Hotah_rs_2
[14:31:25][history.cpp:644] [original line 11617] Referencing non-existent character in script link character:Hotah_rs_2
[14:31:25][history.cpp:644] [original line 11618] Referencing non-existent character in script link character:asoiaf_Targaryen_61_1
[14:31:25][history.cpp:644] [original line 11619] Referencing non-existent character in script link character:asoiaf_Targaryen_61_1
[14:31:25][history.cpp:644] [original line 11620] Referencing non-existent character in script link character:Stark_asoiaf_87
[14:31:25][history.cpp:644] [original line 11621] Referencing non-existent character in script link character:Stark_asoiaf_88
[14:31:25][history.cpp:644] [original line 11622] Referencing non-existent character in script link character:Stark_asoiaf_94
[14:31:25][history.cpp:644] [original line 11623] Referencing non-existent character in script link character:Stark_asoiaf_95
[14:31:25][history.cpp:644] [original line 11624] Referencing non-existent character in script link character:Stark_asoiaf_96
[14:31:25][history.cpp:644] [original line 11625] Referencing non-existent character in script link character:Stark_asoiaf_97
[14:31:25][history.cpp:644] [original line 11626] Referencing non-existent character in script link character:Stark_asoiaf_98
[14:31:25][history.cpp:644] [original line 11627] Referencing non-existent character in script link character:Stark_asoiaf_99
[14:31:25][history.cpp:644] [original line 11628] Referencing non-existent character in script link character:Stark_asoiaf_100
[14:31:25][history.cpp:644] [original line 11629] Referencing non-existent character in script link character:Stark_asoiaf_101
[14:31:25][history.cpp:644] [original line 11630] Referencing non-existent character in script link character:Stark_asoiaf_102
[14:31:25][history.cpp:644] [original line 11631] Referencing non-existent character in script link character:Stark_asoiaf_103
[14:31:25][history.cpp:644] [original line 11632] Referencing non-existent character in script link character:Arryn_asoiaf_7
[14:31:25][history.cpp:644] [original line 11633] Referencing non-existent character in script link character:Tyrell_asoiaf_9
[14:31:25][history.cpp:644] [original line 11634] Referencing non-existent character in script link character:Tyrell_asoiaf_10
[14:31:25][history.cpp:644] [original line 11635] Referencing non-existent character in script link character:Hightower_asoiaf_96
[14:31:25][history.cpp:644] [original line 11636] Referencing non-existent character in script link character:Hightower_asoiaf_98
[14:31:25][history.cpp:644] [original line 11637] Referencing non-existent character in script link character:Targaryen_asoiaf_30
[14:31:25][history.cpp:644] [original line 11638] Referencing non-existent character in script link character:Targaryen_asoiaf_31
[14:31:25][history.cpp:644] [original line 11639] Referencing non-existent character in script link character:Targaryen_asoiaf_32
[14:31:25][history.cpp:644] [original line 11640] Referencing non-existent character in script link character:Targaryen_asoiaf_33
[14:31:25][history.cpp:644] [original line 11641] Referencing non-existent character in script link character:Targaryen_asoiaf_34
[14:31:25][history.cpp:644] [original line 11642] Referencing non-existent character in script link character:Targaryen_asoiaf_37
[14:31:25][history.cpp:644] [original line 11643] Referencing non-existent character in script link character:Targaryen_asoiaf_38
[14:31:25][history.cpp:644] [original line 11644] Referencing non-existent character in script link character:Targaryen_asoiaf_40
[14:31:25][history.cpp:644] [original line 11645] Referencing non-existent character in script link character:Targaryen_asoiaf_39
[14:31:25][history.cpp:644] [original line 11646] Referencing non-existent character in script link character:Targaryen_asoiaf_41
[14:31:25][history.cpp:644] [original line 11647] Referencing non-existent character in script link character:Targaryen_asoiaf_42
[14:31:25][history.cpp:644] [original line 11648] Referencing non-existent character in script link character:Targaryen_asoiaf_43
[14:31:25][history.cpp:644] [original line 11649] Referencing non-existent character in script link character:Targaryen_asoiaf_44
[14:31:25][history.cpp:644] [original line 11650] Referencing non-existent character in script link character:Targaryen_asoiaf_49
[14:31:25][history.cpp:644] [original line 11651] Referencing non-existent character in script link character:Targaryen_asoiaf_52
[14:31:25][history.cpp:644] [original line 11652] Referencing non-existent character in script link character:Targaryen_asoiaf_53
[14:31:25][history.cpp:644] [original line 11653] Referencing non-existent character in script link character:Targaryen_asoiaf_54
[14:31:25][history.cpp:644] [original line 11654] Referencing non-existent character in script link character:Targaryen_asoiaf_55
[14:31:25][history.cpp:644] [original line 11655] Referencing non-existent character in script link character:Targaryen_asoiaf_55_1
[14:31:25][history.cpp:644] [original line 11656] Referencing non-existent character in script link character:Targaryen_asoiaf_56
[14:31:25][history.cpp:644] [original line 11657] Referencing non-existent character in script link character:Targaryen_asoiaf_57
[14:31:25][history.cpp:644] [original line 11658] Referencing non-existent character in script link character:Targaryen_asoiaf_58
[14:31:25][history.cpp:644] [original line 11659] Referencing non-existent character in script link character:Hammer_asoiaf_2
[14:31:25][history.cpp:644] [original line 11660] Referencing non-existent character in script link character:Targaryen_asoiaf_62
[14:31:25][history.cpp:644] [original line 11661] Referencing non-existent character in script link character:Targaryen_asoiaf_131
[14:31:25][history.cpp:644] [original line 11662] Referencing non-existent character in script link character:Targaryen_asoiaf_64
[14:31:25][history.cpp:644] [original line 11663] Referencing non-existent character in script link character:Targaryen_asoiaf_61_1
[14:31:25][history.cpp:644] [original line 11664] Referencing non-existent character in script link character:Targaryen_asoiaf_80
[14:31:25][history.cpp:644] [original line 11665] Referencing non-existent character in script link character:Targaryen_asoiaf_88
[14:31:25][history.cpp:644] [original line 11666] Referencing non-existent character in script link character:Targaryen_asoiaf_91
[14:31:25][history.cpp:644] [original line 11667] Referencing non-existent character in script link character:Targaryen_asoiaf_134
[14:31:25][history.cpp:644] [original line 11668] Referencing non-existent character in script link character:Targaryen_asoiaf_132
[14:31:25][history.cpp:644] [original line 11669] Referencing non-existent character in script link character:Targaryen_asoiaf_133
[14:31:25][history.cpp:644] [original line 11670] Referencing non-existent character in script link character:Targaryen_asoiaf_92
[14:31:25][history.cpp:644] [original line 11671] Referencing non-existent character in script link character:Targaryen_asoiaf_93
[14:31:25][history.cpp:644] [original line 11672] Referencing non-existent character in script link character:Targaryen_asoiaf_135
[14:31:25][history.cpp:644] [original line 11673] Referencing non-existent character in script link character:Targaryen_asoiaf_94
[14:31:25][history.cpp:644] [original line 11674] Referencing non-existent character in script link character:Targaryen_asoiaf_108
[14:31:25][history.cpp:644] [original line 11675] Referencing non-existent character in script link character:Targaryen_asoiaf_109
[14:31:25][history.cpp:644] [original line 11676] Referencing non-existent character in script link character:Targaryen_asoiaf_112
[14:31:25][history.cpp:644] [original line 11677] Referencing non-existent character in script link character:Targaryen_asoiaf_113
[14:31:25][history.cpp:644] [original line 11678] Referencing non-existent character in script link character:Targaryen_asoiaf_114
[14:31:25][history.cpp:644] [original line 11679] Referencing non-existent character in script link character:Targaryen_asoiaf_115
[14:31:25][history.cpp:644] [original line 11680] Referencing non-existent character in script link character:Targaryen_asoiaf_116
[14:31:25][history.cpp:644] [original line 11681] Referencing non-existent character in script link character:Targaryen_asoiaf_117
[14:31:25][history.cpp:644] [original line 11682] Referencing non-existent character in script link character:Targaryen_asoiaf_121
[14:31:25][history.cpp:644] [original line 11683] Referencing non-existent character in script link character:Targaryen_asoiaf_123
[14:31:25][history.cpp:644] [original line 11684] Referencing non-existent character in script link character:Targaryen_asoiaf_124
[14:31:25][history.cpp:644] [original line 11685] Referencing non-existent character in script link character:Targaryen_asoiaf_125
[14:31:25][history.cpp:644] [original line 11686] Referencing non-existent character in script link character:Targaryen_asoiaf_4
[14:31:25][history.cpp:644] [original line 11687] Referencing non-existent character in script link character:Targaryen_asoiaf_5
[14:31:25][history.cpp:644] [original line 11688] Referencing non-existent character in script link character:Targaryen_asoiaf_6
[14:31:25][history.cpp:644] [original line 11689] Referencing non-existent character in script link character:Targaryen_asoiaf_7
[14:31:25][history.cpp:644] [original line 11690] Referencing non-existent character in script link character:Dayne_asoiaf_3
[14:31:25][history.cpp:644] [original line 11691] Referencing non-existent character in script link character:Dayne_asoiaf_6
[14:31:25][history.cpp:644] [original line 11692] Referencing non-existent character in script link character:Dayne_asoiaf_7
[14:31:25][history.cpp:644] [original line 11693] Referencing non-existent character in script link character:Tully_asoiaf_2
[14:31:25][history.cpp:644] [original line 11694] Referencing non-existent character in script link character:Tully_asoiaf_3
[14:31:25][history.cpp:644] [original line 11695] Referencing non-existent character in script link character:Tully_asoiaf_8
[14:31:25][history.cpp:644] [original line 11696] Referencing non-existent character in script link character:Strong_asoiaf_32
[14:31:25][history.cpp:644] [original line 11697] Referencing non-existent character in script link character:Strong_asoiaf_33
[14:31:25][history.cpp:644] [original line 11698] Referencing non-existent character in script link character:Greyjoy_asoiaf_11
[14:31:25][history.cpp:644] [original line 11699] Referencing non-existent character in script link character:Greyjoy_asoiaf_12
[14:31:25][history.cpp:644] [original line 11700] Referencing non-existent character in script link character:Targaryen_61_1
[14:31:25][history.cpp:644] [original line 11701] Referencing non-existent character in script link character:Targaryen_61_1
[14:31:25][history.cpp:644] [original line 11702] Referencing non-existent character in script link character:Targaryen_61_1
[14:31:25][history.cpp:644] [original line 11703] Referencing non-existent character in script link character:Targaryen_61_1