LogLine,Category,Attribution,Symbols,Evidence,SourceMods,Component,OriginalOwner,Files,Message,PriorLogLine
1192,mesh_duplicates,Symbol shared with other sources,female_cloaks_secular_shouldercape_01_mesh,AGOT+: gfx/models/portraits/f_cloaks/asoiaf/asoiaf_westerlands/asoiaf_lannister_cloaks/f_asoiaf_lannister_cloak_royal/f_asoiaf_lannister_cloak_royal.asset:2 | AGOT+: gfx/models/portraits/f_cloaks/asoiaf/asoiaf_westerlands/asoiaf_lannister_cloaks/f_asoiaf_lannister_cloak_royal/f_asoiaf_lannister_cloak_royal.asset:30,A Game of Thrones | AGOT+,pdx_3dtypes.cpp:145,,,"a 3d-type with the name ""female_cloaks_secular_shouldercape_01_mesh"" already exists!",1192
1193,mesh_blendshape,Direct file,,gfx/models/portraits/f_clothes/asoiaf/asoiaf_westerlands/asoiaf_lannister_armours/f_asoiaf_lannister_armour_high/f_asoiaf_lannister_armour_high.mesh | gfx/models/portraits/f_clothes/asoiaf/asoiaf_westerlands/asoiaf_lannister_armours/f_asoiaf_lannister_armour_high/f_asoiaf_lannister_armour_high_bs_breast_size_max.mesh,,pdx_blend_shape_database.cpp:149,AGOT+,gfx/models/portraits/f_clothes/asoiaf/asoiaf_westerlands/asoiaf_lannister_armours/f_asoiaf_lannister_armour_high/f_asoiaf_lannister_armour_high.mesh | gfx/models/portraits/f_clothes/asoiaf/asoiaf_westerlands/asoiaf_lannister_armours/f_asoiaf_lannister_armour_high/f_asoiaf_lannister_armour_high_bs_breast_size_max.mesh,Blend shape: gfx/models/portraits/f_clothes/asoiaf/asoiaf_westerlands/asoiaf_lannister_armours/f_asoiaf_lannister_armour_high/f_asoiaf_lannister_armour_high_bs_breast_size_max.mesh has fewer meshes than its base object: gfx/models/portraits/f_clothes/asoiaf/asoiaf_westerlands/asoiaf_lannister_armours/f_asoiaf_lannister_armour_high/f_asoiaf_lannister_armour_high.mesh,1193
1194,mesh_blendshape,Direct file,,gfx/models/portraits/f_clothes/asoiaf/asoiaf_westerlands/asoiaf_lannister_armours/f_asoiaf_lannister_armour_high/f_asoiaf_lannister_armour_high.mesh | gfx/models/portraits/f_clothes/asoiaf/asoiaf_westerlands/asoiaf_lannister_armours/f_asoiaf_lannister_armour_high/f_asoiaf_lannister_armour_high_bs_breast_size_min.mesh,,pdx_blend_shape_database.cpp:149,AGOT+,gfx/models/portraits/f_clothes/asoiaf/asoiaf_westerlands/asoiaf_lannister_armours/f_asoiaf_lannister_armour_high/f_asoiaf_lannister_armour_high.mesh | gfx/models/portraits/f_clothes/asoiaf/asoiaf_westerlands/asoiaf_lannister_armours/f_asoiaf_lannister_armour_high/f_asoiaf_lannister_armour_high_bs_breast_size_min.mesh,Blend shape: gfx/models/portraits/f_clothes/asoiaf/asoiaf_westerlands/asoiaf_lannister_armours/f_asoiaf_lannister_armour_high/f_asoiaf_lannister_armour_high_bs_breast_size_min.mesh has fewer meshes than its base object: gfx/models/portraits/f_clothes/asoiaf/asoiaf_westerlands/asoiaf_lannister_armours/f_asoiaf_lannister_armour_high/f_asoiaf_lannister_armour_high.mesh,1194
1195,mesh_blendshape,Direct file,,gfx/models/portraits/f_clothes/asoiaf/asoiaf_westerlands/asoiaf_lannister_armours/f_asoiaf_lannister_armour_high/f_asoiaf_lannister_armour_high.mesh | gfx/models/portraits/f_clothes/asoiaf/asoiaf_westerlands/asoiaf_lannister_armours/f_asoiaf_lannister_armour_high/f_asoiaf_lannister_armour_high_bs_pregnant.mesh,,pdx_blend_shape_database.cpp:149,AGOT+,gfx/models/portraits/f_clothes/asoiaf/asoiaf_westerlands/asoiaf_lannister_armours/f_asoiaf_lannister_armour_high/f_asoiaf_lannister_armour_high.mesh | gfx/models/portraits/f_clothes/asoiaf/asoiaf_westerlands/asoiaf_lannister_armours/f_asoiaf_lannister_armour_high/f_asoiaf_lannister_armour_high_bs_pregnant.mesh,Blend shape: gfx/models/portraits/f_clothes/asoiaf/asoiaf_westerlands/asoiaf_lannister_armours/f_asoiaf_lannister_armour_high/f_asoiaf_lannister_armour_high_bs_pregnant.mesh has fewer meshes than its base object: gfx/models/portraits/f_clothes/asoiaf/asoiaf_westerlands/asoiaf_lannister_armours/f_asoiaf_lannister_armour_high/f_asoiaf_lannister_armour_high.mesh,1195
1196,mesh_blendshape,Direct file,,gfx/models/portraits/f_clothes/asoiaf/asoiaf_westerlands/asoiaf_lannister_armours/f_asoiaf_lannister_armour_high/f_asoiaf_lannister_armour_high.mesh | gfx/models/portraits/f_clothes/asoiaf/asoiaf_westerlands/asoiaf_lannister_armours/f_asoiaf_lannister_armour_high/f_asoiaf_lannister_armour_high_bs_fat.mesh,,pdx_blend_shape_database.cpp:149,AGOT+,gfx/models/portraits/f_clothes/asoiaf/asoiaf_westerlands/asoiaf_lannister_armours/f_asoiaf_lannister_armour_high/f_asoiaf_lannister_armour_high.mesh | gfx/models/portraits/f_clothes/asoiaf/asoiaf_westerlands/asoiaf_lannister_armours/f_asoiaf_lannister_armour_high/f_asoiaf_lannister_armour_high_bs_fat.mesh,Blend shape: gfx/models/portraits/f_clothes/asoiaf/asoiaf_westerlands/asoiaf_lannister_armours/f_asoiaf_lannister_armour_high/f_asoiaf_lannister_armour_high_bs_fat.mesh has fewer meshes than its base object: gfx/models/portraits/f_clothes/asoiaf/asoiaf_westerlands/asoiaf_lannister_armours/f_asoiaf_lannister_armour_high/f_asoiaf_lannister_armour_high.mesh,1196
1197,mesh_blendshape,Direct file,,gfx/models/portraits/f_clothes/asoiaf/asoiaf_westerlands/asoiaf_lannister_armours/f_asoiaf_lannister_armour_high/f_asoiaf_lannister_armour_high.mesh | gfx/models/portraits/f_clothes/asoiaf/asoiaf_westerlands/asoiaf_lannister_armours/f_asoiaf_lannister_armour_high/f_asoiaf_lannister_armour_high_bs_gaunt.mesh,,pdx_blend_shape_database.cpp:149,AGOT+,gfx/models/portraits/f_clothes/asoiaf/asoiaf_westerlands/asoiaf_lannister_armours/f_asoiaf_lannister_armour_high/f_asoiaf_lannister_armour_high.mesh | gfx/models/portraits/f_clothes/asoiaf/asoiaf_westerlands/asoiaf_lannister_armours/f_asoiaf_lannister_armour_high/f_asoiaf_lannister_armour_high_bs_gaunt.mesh,Blend shape: gfx/models/portraits/f_clothes/asoiaf/asoiaf_westerlands/asoiaf_lannister_armours/f_asoiaf_lannister_armour_high/f_asoiaf_lannister_armour_high_bs_gaunt.mesh has fewer meshes than its base object: gfx/models/portraits/f_clothes/asoiaf/asoiaf_westerlands/asoiaf_lannister_armours/f_asoiaf_lannister_armour_high/f_asoiaf_lannister_armour_high.mesh,1197
1198,mesh_blendshape,Direct file,,gfx/models/portraits/f_clothes/asoiaf/asoiaf_westerlands/asoiaf_lannister_armours/f_asoiaf_lannister_armour_high/f_asoiaf_lannister_armour_high.mesh | gfx/models/portraits/f_clothes/asoiaf/asoiaf_westerlands/asoiaf_lannister_armours/f_asoiaf_lannister_armour_high/f_asoiaf_lannister_armour_high_bs_muscular.mesh,,pdx_blend_shape_database.cpp:149,AGOT+,gfx/models/portraits/f_clothes/asoiaf/asoiaf_westerlands/asoiaf_lannister_armours/f_asoiaf_lannister_armour_high/f_asoiaf_lannister_armour_high.mesh | gfx/models/portraits/f_clothes/asoiaf/asoiaf_westerlands/asoiaf_lannister_armours/f_asoiaf_lannister_armour_high/f_asoiaf_lannister_armour_high_bs_muscular.mesh,Blend shape: gfx/models/portraits/f_clothes/asoiaf/asoiaf_westerlands/asoiaf_lannister_armours/f_asoiaf_lannister_armour_high/f_asoiaf_lannister_armour_high_bs_muscular.mesh has fewer meshes than its base object: gfx/models/portraits/f_clothes/asoiaf/asoiaf_westerlands/asoiaf_lannister_armours/f_asoiaf_lannister_armour_high/f_asoiaf_lannister_armour_high.mesh,1198
1199,mesh_blendshape,Direct file,,gfx/models/portraits/f_clothes/asoiaf/asoiaf_westerlands/asoiaf_lannister_armours/f_asoiaf_lannister_armour_high/f_asoiaf_lannister_armour_high.mesh | gfx/models/portraits/f_clothes/asoiaf/asoiaf_westerlands/asoiaf_lannister_armours/f_asoiaf_lannister_armour_high/f_asoiaf_lannister_armour_high_bs_old.mesh,,pdx_blend_shape_database.cpp:149,AGOT+,gfx/models/portraits/f_clothes/asoiaf/asoiaf_westerlands/asoiaf_lannister_armours/f_asoiaf_lannister_armour_high/f_asoiaf_lannister_armour_high.mesh | gfx/models/portraits/f_clothes/asoiaf/asoiaf_westerlands/asoiaf_lannister_armours/f_asoiaf_lannister_armour_high/f_asoiaf_lannister_armour_high_bs_old.mesh,Blend shape: gfx/models/portraits/f_clothes/asoiaf/asoiaf_westerlands/asoiaf_lannister_armours/f_asoiaf_lannister_armour_high/f_asoiaf_lannister_armour_high_bs_old.mesh has fewer meshes than its base object: gfx/models/portraits/f_clothes/asoiaf/asoiaf_westerlands/asoiaf_lannister_armours/f_asoiaf_lannister_armour_high/f_asoiaf_lannister_armour_high.mesh,1199
1200,mesh_blendshape,Direct file,,gfx/models/portraits/f_clothes/asoiaf/asoiaf_westerlands/asoiaf_lannister_armours/f_asoiaf_lannister_armour_high/f_asoiaf_lannister_armour_high.mesh | gfx/models/portraits/f_clothes/asoiaf/asoiaf_westerlands/asoiaf_lannister_armours/f_asoiaf_lannister_armour_high/f_asoiaf_lannister_armour_high_bs_dwarf.mesh,,pdx_blend_shape_database.cpp:149,AGOT+,gfx/models/portraits/f_clothes/asoiaf/asoiaf_westerlands/asoiaf_lannister_armours/f_asoiaf_lannister_armour_high/f_asoiaf_lannister_armour_high.mesh | gfx/models/portraits/f_clothes/asoiaf/asoiaf_westerlands/asoiaf_lannister_armours/f_asoiaf_lannister_armour_high/f_asoiaf_lannister_armour_high_bs_dwarf.mesh,Blend shape: gfx/models/portraits/f_clothes/asoiaf/asoiaf_westerlands/asoiaf_lannister_armours/f_asoiaf_lannister_armour_high/f_asoiaf_lannister_armour_high_bs_dwarf.mesh has fewer meshes than its base object: gfx/models/portraits/f_clothes/asoiaf/asoiaf_westerlands/asoiaf_lannister_armours/f_asoiaf_lannister_armour_high/f_asoiaf_lannister_armour_high.mesh,1200
1201,mesh_blendshape,Direct file,,gfx/models/portraits/f_clothes/asoiaf/asoiaf_westerlands/asoiaf_lannister_armours/f_asoiaf_lannister_armour_high/f_asoiaf_lannister_armour_high.mesh | gfx/models/portraits/f_clothes/asoiaf/asoiaf_westerlands/asoiaf_lannister_armours/f_asoiaf_lannister_armour_high/f_asoiaf_lannister_armour_high_bs_infant.mesh,,pdx_blend_shape_database.cpp:149,AGOT+,gfx/models/portraits/f_clothes/asoiaf/asoiaf_westerlands/asoiaf_lannister_armours/f_asoiaf_lannister_armour_high/f_asoiaf_lannister_armour_high.mesh | gfx/models/portraits/f_clothes/asoiaf/asoiaf_westerlands/asoiaf_lannister_armours/f_asoiaf_lannister_armour_high/f_asoiaf_lannister_armour_high_bs_infant.mesh,Blend shape: gfx/models/portraits/f_clothes/asoiaf/asoiaf_westerlands/asoiaf_lannister_armours/f_asoiaf_lannister_armour_high/f_asoiaf_lannister_armour_high_bs_infant.mesh has fewer meshes than its base object: gfx/models/portraits/f_clothes/asoiaf/asoiaf_westerlands/asoiaf_lannister_armours/f_asoiaf_lannister_armour_high/f_asoiaf_lannister_armour_high.mesh,1201
1202,mesh_duplicates,Symbol shared with other sources,male_cloaks_secular_shouldercape_01_mesh,AGOT+: gfx/models/portraits/m_cloaks/asoiaf/asoiaf_westerlands/asoiaf_lannister_cloaks/asoiaf_lannister_cloak_royal/asoiaf_lannister_cloak_royal.asset:2 | AGOT+: gfx/models/portraits/m_cloaks/asoiaf/asoiaf_westerlands/asoiaf_lannister_cloaks/asoiaf_lannister_cloak_royal/asoiaf_lannister_cloak_royal.asset:28,A Game of Thrones | AGOT+,pdx_3dtypes.cpp:145,,,"a 3d-type with the name ""male_cloaks_secular_shouldercape_01_mesh"" already exists!",1202
1203,mesh_blendshape,Source/resource paths include AGOT+,,gfx/models/portraits/m_legwear/asoiaf/asoiaf_iron_isles/asoiaf_ironborn_legs_coa/asoiaf_ironborn_legs_coa.mesh,,pdx_blend_shape_database.cpp:26,AGOT+ | Unresolved file,gfx/models/portraits/m_legwear/asoiaf/asoiaf_iron_isles/asoiaf_ironborn_legs_coa/asoiaf_greyjoy_legs_bs_no_left_leg.mesh | gfx/models/portraits/m_legwear/asoiaf/asoiaf_iron_isles/asoiaf_ironborn_legs_coa/asoiaf_ironborn_legs_coa.mesh,Blendshape file gfx/models/portraits/m_legwear/asoiaf/asoiaf_iron_isles/asoiaf_ironborn_legs_coa/asoiaf_greyjoy_legs_bs_no_left_leg.mesh not found. Relevant mesh file: gfx/models/portraits/m_legwear/asoiaf/asoiaf_iron_isles/asoiaf_ironborn_legs_coa/asoiaf_ironborn_legs_coa.mesh,1203
1214,mesh_duplicates,Source/resource paths include AGOT+,,gfx/models/portraits/m_cloaks/asoiaf/asoiaf_westerlands/asoiaf_lannister_cloaks/asoiaf_lannister_cloak_royal/male_cloaks_secular_shouldercape_01_diffuse.dds,,pdxassetutil.cpp:1009,A Game of Thrones | AGOT+,gfx/models/portraits/m_cloaks/agot/shouldercape/male_cloaks_secular_shouldercape_01_diffuse.dds | gfx/models/portraits/m_cloaks/asoiaf/asoiaf_westerlands/asoiaf_lannister_cloaks/asoiaf_lannister_cloak_royal/male_cloaks_secular_shouldercape_01_diffuse.dds,"Duplicate texture 'male_cloaks_secular_shouldercape_01_diffuse.dds' found (current path 'gfx/models/portraits/m_cloaks/asoiaf/asoiaf_westerlands/asoiaf_lannister_cloaks/asoiaf_lannister_cloak_royal/male_cloaks_secular_shouldercape_01_diffuse.dds', previous path 'gfx/models/portraits/m_cloaks/agot/shouldercape/male_cloaks_secular_shouldercape_01_diffuse.dds')",1214
1215,mesh_duplicates,Source/resource paths include AGOT+,,gfx/models/portraits/m_cloaks/asoiaf/asoiaf_westerlands/asoiaf_lannister_cloaks/asoiaf_lannister_cloak_royal/male_cloaks_secular_shouldercape_01_masks.dds,,pdxassetutil.cpp:1009,A Game of Thrones | AGOT+,gfx/models/portraits/m_cloaks/agot/shouldercape/male_cloaks_secular_shouldercape_01_masks.dds | gfx/models/portraits/m_cloaks/asoiaf/asoiaf_westerlands/asoiaf_lannister_cloaks/asoiaf_lannister_cloak_royal/male_cloaks_secular_shouldercape_01_masks.dds,"Duplicate texture 'male_cloaks_secular_shouldercape_01_masks.dds' found (current path 'gfx/models/portraits/m_cloaks/asoiaf/asoiaf_westerlands/asoiaf_lannister_cloaks/asoiaf_lannister_cloak_royal/male_cloaks_secular_shouldercape_01_masks.dds', previous path 'gfx/models/portraits/m_cloaks/agot/shouldercape/male_cloaks_secular_shouldercape_01_masks.dds')",1215
1216,mesh_duplicates,Source/resource paths include AGOT+,,gfx/models/portraits/m_cloaks/asoiaf/asoiaf_westerlands/asoiaf_lannister_cloaks/asoiaf_lannister_cloak_royal/male_cloaks_secular_shouldercape_01_normal.dds,,pdxassetutil.cpp:1009,A Game of Thrones | AGOT+,gfx/models/portraits/m_cloaks/agot/shouldercape/male_cloaks_secular_shouldercape_01_normal.dds | gfx/models/portraits/m_cloaks/asoiaf/asoiaf_westerlands/asoiaf_lannister_cloaks/asoiaf_lannister_cloak_royal/male_cloaks_secular_shouldercape_01_normal.dds,"Duplicate texture 'male_cloaks_secular_shouldercape_01_normal.dds' found (current path 'gfx/models/portraits/m_cloaks/asoiaf/asoiaf_westerlands/asoiaf_lannister_cloaks/asoiaf_lannister_cloak_royal/male_cloaks_secular_shouldercape_01_normal.dds', previous path 'gfx/models/portraits/m_cloaks/agot/shouldercape/male_cloaks_secular_shouldercape_01_normal.dds')",1216
1217,mesh_duplicates,Source/resource paths include AGOT+,,gfx/models/portraits/m_cloaks/asoiaf/asoiaf_westerlands/asoiaf_lannister_cloaks/asoiaf_lannister_cloak_royal/male_cloaks_secular_shouldercape_01_properties.dds,,pdxassetutil.cpp:1009,A Game of Thrones | AGOT+,gfx/models/portraits/m_cloaks/agot/shouldercape/male_cloaks_secular_shouldercape_01_properties.dds | gfx/models/portraits/m_cloaks/asoiaf/asoiaf_westerlands/asoiaf_lannister_cloaks/asoiaf_lannister_cloak_royal/male_cloaks_secular_shouldercape_01_properties.dds,"Duplicate texture 'male_cloaks_secular_shouldercape_01_properties.dds' found (current path 'gfx/models/portraits/m_cloaks/asoiaf/asoiaf_westerlands/asoiaf_lannister_cloaks/asoiaf_lannister_cloak_royal/male_cloaks_secular_shouldercape_01_properties.dds', previous path 'gfx/models/portraits/m_cloaks/agot/shouldercape/male_cloaks_secular_shouldercape_01_properties.dds')",1217
1219,mesh_uv,Direct file,,gfx/models/portraits/m_headgears/asoiaf/asoiaf_reach/asoiaf_tyrell_helm_low/asoiaf_tyrell_helm_low.mesh,,pdxassetutil.cpp:2002,AGOT+,gfx/models/portraits/m_headgears/asoiaf/asoiaf_reach/asoiaf_tyrell_helm_low/asoiaf_tyrell_helm_low.mesh,"Asset ""gfx/models/portraits/m_headgears/asoiaf/asoiaf_reach/asoiaf_tyrell_helm_low/asoiaf_tyrell_helm_low.mesh"" has more than 3 UV channels. This is not supported and will be ignored.",1219
1222,mesh_uv,Direct file,,gfx/models/portraits/f_legwear/asoiaf/asoiaf_crownlands/f_asoiaf_gold_cloak_legs/f_asoiaf_gold_cloak_legs.mesh,,pdxassetutil.cpp:2002,AGOT+,gfx/models/portraits/f_legwear/asoiaf/asoiaf_crownlands/f_asoiaf_gold_cloak_legs/f_asoiaf_gold_cloak_legs.mesh,"Asset ""gfx/models/portraits/f_legwear/asoiaf/asoiaf_crownlands/f_asoiaf_gold_cloak_legs/f_asoiaf_gold_cloak_legs.mesh"" has more than 3 UV channels. This is not supported and will be ignored.",1222
1224,mesh_uv,Direct file,,gfx/models/portraits/m_clothes/asoiaf/asoiaf_crownlands/asoiaf_dragonstone/asoiaf_dragonstone_armour_low/asoiaf_dragonstone_armour_low.mesh,,pdxassetutil.cpp:2002,AGOT+,gfx/models/portraits/m_clothes/asoiaf/asoiaf_crownlands/asoiaf_dragonstone/asoiaf_dragonstone_armour_low/asoiaf_dragonstone_armour_low.mesh,"Asset ""gfx/models/portraits/m_clothes/asoiaf/asoiaf_crownlands/asoiaf_dragonstone/asoiaf_dragonstone_armour_low/asoiaf_dragonstone_armour_low.mesh"" has more than 3 UV channels. This is not supported and will be ignored.",1224
1225,mesh_uv,Direct file,,gfx/models/portraits/m_legwear/asoiaf/asoiaf_generic/asoiaf_slippers_1/asoiaf_slippers_1.mesh,,pdxassetutil.cpp:2002,AGOT+,gfx/models/portraits/m_legwear/asoiaf/asoiaf_generic/asoiaf_slippers_1/asoiaf_slippers_1.mesh,"Asset ""gfx/models/portraits/m_legwear/asoiaf/asoiaf_generic/asoiaf_slippers_1/asoiaf_slippers_1.mesh"" has more than 3 UV channels. This is not supported and will be ignored.",1225
1229,mesh_uv,Direct file,,gfx/models/portraits/f_clothes/asoiaf/asoiaf_crownlands/asoiaf_dragonstone/f_asoiaf_dragonstone_armour_low/f_asoiaf_dragonstone_armour_low.mesh,,pdxassetutil.cpp:2002,AGOT+,gfx/models/portraits/f_clothes/asoiaf/asoiaf_crownlands/asoiaf_dragonstone/f_asoiaf_dragonstone_armour_low/f_asoiaf_dragonstone_armour_low.mesh,"Asset ""gfx/models/portraits/f_clothes/asoiaf/asoiaf_crownlands/asoiaf_dragonstone/f_asoiaf_dragonstone_armour_low/f_asoiaf_dragonstone_armour_low.mesh"" has more than 3 UV channels. This is not supported and will be ignored.",1229
1230,mesh_uv,Direct file,,gfx/models/portraits/m_clothes/asoiaf/asoiaf_iron_isles/asoiaf_greyjoy_armour_dynast/asoiaf_greyjoy_armour_dynast.mesh,,pdxassetutil.cpp:2002,AGOT+,gfx/models/portraits/m_clothes/asoiaf/asoiaf_iron_isles/asoiaf_greyjoy_armour_dynast/asoiaf_greyjoy_armour_dynast.mesh,"Asset ""gfx/models/portraits/m_clothes/asoiaf/asoiaf_iron_isles/asoiaf_greyjoy_armour_dynast/asoiaf_greyjoy_armour_dynast.mesh"" has more than 3 UV channels. This is not supported and will be ignored.",1230
1231,mesh_uv,Direct file,,gfx/models/portraits/m_clothes/asoiaf/asoiaf_iron_isles/asoiaf_greyjoy_armour_dynast/asoiaf_greyjoy_armour_dynast.mesh,,pdxassetutil.cpp:2002,AGOT+,gfx/models/portraits/m_clothes/asoiaf/asoiaf_iron_isles/asoiaf_greyjoy_armour_dynast/asoiaf_greyjoy_armour_dynast.mesh,"Asset ""gfx/models/portraits/m_clothes/asoiaf/asoiaf_iron_isles/asoiaf_greyjoy_armour_dynast/asoiaf_greyjoy_armour_dynast.mesh"" has more than 3 UV channels. This is not supported and will be ignored.",1231
1233,mesh_uv,Direct file,,gfx/models/portraits/m_jewellery/asoiaf/asoiaf_generic/asoiaf_shark_tooth_necklace/asoiaf_shark_tooth_necklace.mesh,,pdxassetutil.cpp:2002,AGOT+,gfx/models/portraits/m_jewellery/asoiaf/asoiaf_generic/asoiaf_shark_tooth_necklace/asoiaf_shark_tooth_necklace.mesh,"Asset ""gfx/models/portraits/m_jewellery/asoiaf/asoiaf_generic/asoiaf_shark_tooth_necklace/asoiaf_shark_tooth_necklace.mesh"" has more than 3 UV channels. This is not supported and will be ignored.",1233
1234,mesh_uv,Direct file,,gfx/models/portraits/m_jewellery/asoiaf/asoiaf_religious_jewellery/asoiaf_septon_jewellery/asoiaf_septon_necklace_1/asoiaf_septon_necklace_1.mesh,,pdxassetutil.cpp:2002,AGOT+,gfx/models/portraits/m_jewellery/asoiaf/asoiaf_religious_jewellery/asoiaf_septon_jewellery/asoiaf_septon_necklace_1/asoiaf_septon_necklace_1.mesh,"Asset ""gfx/models/portraits/m_jewellery/asoiaf/asoiaf_religious_jewellery/asoiaf_septon_jewellery/asoiaf_septon_necklace_1/asoiaf_septon_necklace_1.mesh"" has more than 3 UV channels. This is not supported and will be ignored.",1234
1235,mesh_uv,Direct file,,gfx/models/portraits/f_clothes/asoiaf/asoiaf_north/asoiaf_manderly_armours/f_asoiaf_manderly_armour_low/f_asoiaf_manderly_armour_low.mesh,,pdxassetutil.cpp:556,AGOT+,gfx/models/portraits/f_clothes/asoiaf/asoiaf_north/asoiaf_manderly_armours/f_asoiaf_manderly_armour_low/f_asoiaf_manderly_armour_low.mesh,UV-Set: 1 in mesh 'f_asoiaf_manderly_armour_lowShape' in file 'gfx/models/portraits/f_clothes/asoiaf/asoiaf_north/asoiaf_manderly_armours/f_asoiaf_manderly_armour_low/f_asoiaf_manderly_armour_low.mesh' has no valid triangle to use when calculating texture streaming factor. Texture streaming needs a triangle with an area.,1235
1236,mesh_uv,Direct file,,gfx/models/portraits/f_cloaks/asoiaf/asoiaf_nights_watch/f_asoiaf_nights_watch_cloak_1/f_asoiaf_nights_watch_cloak_1.mesh,,pdxassetutil.cpp:556,AGOT+,gfx/models/portraits/f_cloaks/asoiaf/asoiaf_nights_watch/f_asoiaf_nights_watch_cloak_1/f_asoiaf_nights_watch_cloak_1.mesh,UV-Set: 1 in mesh 'f_asoiaf_nights_watch_cloak_1Shape' in file 'gfx/models/portraits/f_cloaks/asoiaf/asoiaf_nights_watch/f_asoiaf_nights_watch_cloak_1/f_asoiaf_nights_watch_cloak_1.mesh' has no valid triangle to use when calculating texture streaming factor. Texture streaming needs a triangle with an area.,1236
1237,mesh_uv,Direct file,,gfx/models/portraits/f_cloaks/asoiaf/asoiaf_nights_watch/f_asoiaf_nights_watch_cloak_1/f_asoiaf_nights_watch_cloak_1.mesh,,pdxassetutil.cpp:556,AGOT+,gfx/models/portraits/f_cloaks/asoiaf/asoiaf_nights_watch/f_asoiaf_nights_watch_cloak_1/f_asoiaf_nights_watch_cloak_1.mesh,UV-Set: 2 in mesh 'f_asoiaf_nights_watch_cloak_1Shape' in file 'gfx/models/portraits/f_cloaks/asoiaf/asoiaf_nights_watch/f_asoiaf_nights_watch_cloak_1/f_asoiaf_nights_watch_cloak_1.mesh' has no valid triangle to use when calculating texture streaming factor. Texture streaming needs a triangle with an area.,1237
1240,mesh_uv,Direct file,,gfx/models/portraits/f_cloaks/asoiaf/asoiaf_nights_watch/f_asoiaf_nights_watch_cloak_1/f_asoiaf_nights_watch_cloak_1.mesh,,pdxassetutil.cpp:556,AGOT+,gfx/models/portraits/f_cloaks/asoiaf/asoiaf_nights_watch/f_asoiaf_nights_watch_cloak_1/f_asoiaf_nights_watch_cloak_1.mesh,UV-Set: 1 in mesh 'f_asoiaf_nights_watch_cloak_1Shape' in file 'gfx/models/portraits/f_cloaks/asoiaf/asoiaf_nights_watch/f_asoiaf_nights_watch_cloak_1/f_asoiaf_nights_watch_cloak_1.mesh' has no valid triangle to use when calculating texture streaming factor. Texture streaming needs a triangle with an area.,1240
1241,mesh_uv,Direct file,,gfx/models/portraits/m_cloaks/asoiaf/asoiaf_crownlands/asoiaf_gold_cloak_cloak/asoiaf_gold_cloak_cloak.mesh,,pdxassetutil.cpp:2002,AGOT+,gfx/models/portraits/m_cloaks/asoiaf/asoiaf_crownlands/asoiaf_gold_cloak_cloak/asoiaf_gold_cloak_cloak.mesh,"Asset ""gfx/models/portraits/m_cloaks/asoiaf/asoiaf_crownlands/asoiaf_gold_cloak_cloak/asoiaf_gold_cloak_cloak.mesh"" has more than 3 UV channels. This is not supported and will be ignored.",1241
1242,mesh_uv,Direct file,,gfx/models/portraits/m_legwear/asoiaf/asoiaf_generic/asoiaf_leather_boots_6/asoiaf_leather_boots_6.mesh,,pdxassetutil.cpp:2002,AGOT+,gfx/models/portraits/m_legwear/asoiaf/asoiaf_generic/asoiaf_leather_boots_6/asoiaf_leather_boots_6.mesh,"Asset ""gfx/models/portraits/m_legwear/asoiaf/asoiaf_generic/asoiaf_leather_boots_6/asoiaf_leather_boots_6.mesh"" has more than 3 UV channels. This is not supported and will be ignored.",1242
1244,mesh_uv,Direct file,,gfx/models/portraits/m_legwear/asoiaf/asoiaf_crownlands/asoiaf_dragonstone_legs/asoiaf_dragonstone_legs.mesh,,pdxassetutil.cpp:2002,AGOT+,gfx/models/portraits/m_legwear/asoiaf/asoiaf_crownlands/asoiaf_dragonstone_legs/asoiaf_dragonstone_legs.mesh,"Asset ""gfx/models/portraits/m_legwear/asoiaf/asoiaf_crownlands/asoiaf_dragonstone_legs/asoiaf_dragonstone_legs.mesh"" has more than 3 UV channels. This is not supported and will be ignored.",1244
1246,mesh_uv,Direct file,,gfx/models/portraits/m_legwear/asoiaf/asoiaf_generic/asoiaf_leather_boots_1/asoiaf_leather_boots_1.mesh,,pdxassetutil.cpp:2002,AGOT+,gfx/models/portraits/m_legwear/asoiaf/asoiaf_generic/asoiaf_leather_boots_1/asoiaf_leather_boots_1.mesh,"Asset ""gfx/models/portraits/m_legwear/asoiaf/asoiaf_generic/asoiaf_leather_boots_1/asoiaf_leather_boots_1.mesh"" has more than 3 UV channels. This is not supported and will be ignored.",1246
1247,mesh_uv,Direct file,,gfx/models/portraits/f_cloaks/asoiaf/asoiaf_crownlands/f_asoiaf_gold_cloak_cloak/f_asoiaf_gold_cloak_cloak.mesh,,pdxassetutil.cpp:2002,AGOT+,gfx/models/portraits/f_cloaks/asoiaf/asoiaf_crownlands/f_asoiaf_gold_cloak_cloak/f_asoiaf_gold_cloak_cloak.mesh,"Asset ""gfx/models/portraits/f_cloaks/asoiaf/asoiaf_crownlands/f_asoiaf_gold_cloak_cloak/f_asoiaf_gold_cloak_cloak.mesh"" has more than 3 UV channels. This is not supported and will be ignored.",1247
1248,mesh_uv,Direct file,,gfx/models/portraits/m_legwear/asoiaf/asoiaf_crownlands/asoiaf_gold_cloak_legs/asoiaf_gold_cloak_legs.mesh,,pdxassetutil.cpp:2002,AGOT+,gfx/models/portraits/m_legwear/asoiaf/asoiaf_crownlands/asoiaf_gold_cloak_legs/asoiaf_gold_cloak_legs.mesh,"Asset ""gfx/models/portraits/m_legwear/asoiaf/asoiaf_crownlands/asoiaf_gold_cloak_legs/asoiaf_gold_cloak_legs.mesh"" has more than 3 UV channels. This is not supported and will be ignored.",1248
1250,mesh_uv,Direct file,,gfx/models/portraits/m_legwear/asoiaf/asoiaf_iron_isles/asoiaf_greyjoy_legs/asoiaf_greyjoy_legs.mesh,,pdxassetutil.cpp:2002,AGOT+,gfx/models/portraits/m_legwear/asoiaf/asoiaf_iron_isles/asoiaf_greyjoy_legs/asoiaf_greyjoy_legs.mesh,"Asset ""gfx/models/portraits/m_legwear/asoiaf/asoiaf_iron_isles/asoiaf_greyjoy_legs/asoiaf_greyjoy_legs.mesh"" has more than 3 UV channels. This is not supported and will be ignored.",1250
1251,mesh_uv,Direct file,,gfx/models/portraits/m_clothes/asoiaf/asoiaf_reach/asoiaf_tyrell_armour_high/asoiaf_tyrell_armour_high.mesh,,pdxassetutil.cpp:2002,AGOT+,gfx/models/portraits/m_clothes/asoiaf/asoiaf_reach/asoiaf_tyrell_armour_high/asoiaf_tyrell_armour_high.mesh,"Asset ""gfx/models/portraits/m_clothes/asoiaf/asoiaf_reach/asoiaf_tyrell_armour_high/asoiaf_tyrell_armour_high.mesh"" has more than 3 UV channels. This is not supported and will be ignored.",1251
1252,mesh_uv,Direct file,,gfx/models/portraits/m_clothes/asoiaf/asoiaf_stepstones/asoiaf_pirate_prince_tunic/asoiaf_pirate_prince_tunic.mesh,,pdxassetutil.cpp:2002,AGOT+,gfx/models/portraits/m_clothes/asoiaf/asoiaf_stepstones/asoiaf_pirate_prince_tunic/asoiaf_pirate_prince_tunic.mesh,"Asset ""gfx/models/portraits/m_clothes/asoiaf/asoiaf_stepstones/asoiaf_pirate_prince_tunic/asoiaf_pirate_prince_tunic.mesh"" has more than 3 UV channels. This is not supported and will be ignored.",1252
1263,mesh_uv,Direct file,,gfx/models/portraits/f_legwear/asoiaf/asoiaf_iron_isles/f_asoiaf_greyjoy_legs/f_asoiaf_greyjoy_legs.mesh,,pdxassetutil.cpp:2002,AGOT+,gfx/models/portraits/f_legwear/asoiaf/asoiaf_iron_isles/f_asoiaf_greyjoy_legs/f_asoiaf_greyjoy_legs.mesh,"Asset ""gfx/models/portraits/f_legwear/asoiaf/asoiaf_iron_isles/f_asoiaf_greyjoy_legs/f_asoiaf_greyjoy_legs.mesh"" has more than 3 UV channels. This is not supported and will be ignored.",1263
1292,mesh_uv,Direct file,,gfx/models/court/rooms/asoiaf_red_keep/asoiaf_court_red_keep.mesh,,pdxassetutil.cpp:556,AGOT+,gfx/models/court/rooms/asoiaf_red_keep/asoiaf_court_red_keep.mesh,UV-Set: 1 in mesh 'asoiaf_red_keep_wallsShape' in file 'gfx/models/court/rooms/asoiaf_red_keep/asoiaf_court_red_keep.mesh' has no valid triangle to use when calculating texture streaming factor. Texture streaming needs a triangle with an area.,1293
1267,mesh_uv,Direct file,,gfx/models/portraits/f_clothes/asoiaf/asoiaf_westerlands/asoiaf_westerlands_mourning_1/f_asoiaf_westerlands_mourning_1.mesh,,pdxassetutil.cpp:556,AGOT+,gfx/models/portraits/f_clothes/asoiaf/asoiaf_westerlands/asoiaf_westerlands_mourning_1/f_asoiaf_westerlands_mourning_1.mesh,UV-Set: 1 in mesh 'f_asoiaf_westerlands_mourning_1Shape' in file 'gfx/models/portraits/f_clothes/asoiaf/asoiaf_westerlands/asoiaf_westerlands_mourning_1/f_asoiaf_westerlands_mourning_1.mesh' has no valid triangle to use when calculating texture streaming factor. Texture streaming needs a triangle with an area.,1267
1268,mesh_uv,Direct file,,gfx/models/portraits/m_legwear/asoiaf/asoiaf_generic/asoiaf_leather_boots_2/asoiaf_leather_boots_2.mesh,,pdxassetutil.cpp:556,AGOT+,gfx/models/portraits/m_legwear/asoiaf/asoiaf_generic/asoiaf_leather_boots_2/asoiaf_leather_boots_2.mesh,UV-Set: 1 in mesh 'asoiaf_leather_boots_2Shape' in file 'gfx/models/portraits/m_legwear/asoiaf/asoiaf_generic/asoiaf_leather_boots_2/asoiaf_leather_boots_2.mesh' has no valid triangle to use when calculating texture streaming factor. Texture streaming needs a triangle with an area.,1268
1279,mesh_uv,Direct file,,gfx/models/portraits/f_clothes/asoiaf/asoiaf_north/asoiaf_manderly_armours/f_asoiaf_manderly_armour_low/f_asoiaf_manderly_armour_low.mesh,,pdxassetutil.cpp:556,AGOT+,gfx/models/portraits/f_clothes/asoiaf/asoiaf_north/asoiaf_manderly_armours/f_asoiaf_manderly_armour_low/f_asoiaf_manderly_armour_low.mesh,UV-Set: 1 in mesh 'f_asoiaf_manderly_armour_lowShape' in file 'gfx/models/portraits/f_clothes/asoiaf/asoiaf_north/asoiaf_manderly_armours/f_asoiaf_manderly_armour_low/f_asoiaf_manderly_armour_low.mesh' has no valid triangle to use when calculating texture streaming factor. Texture streaming needs a triangle with an area.,1279
1286,mesh_uv,Direct file,,gfx/models/portraits/m_clothes/asoiaf/asoiaf_westerlands/asoiaf_tywin_tunics/asoiaf_tywin_tunic_1/asoiaf_tywin_tunic_1.mesh,,pdxassetutil.cpp:556,AGOT+,gfx/models/portraits/m_clothes/asoiaf/asoiaf_westerlands/asoiaf_tywin_tunics/asoiaf_tywin_tunic_1/asoiaf_tywin_tunic_1.mesh,UV-Set: 1 in mesh 'asoiaf_tywin_tunic_1Shape' in file 'gfx/models/portraits/m_clothes/asoiaf/asoiaf_westerlands/asoiaf_tywin_tunics/asoiaf_tywin_tunic_1/asoiaf_tywin_tunic_1.mesh' has no valid triangle to use when calculating texture streaming factor. Texture streaming needs a triangle with an area.,1286
1287,mesh_uv,Direct file,,gfx/models/portraits/f_legwear/asoiaf/asoiaf_generic/f_asoiaf_shoes_1/f_asoiaf_shoes_1.mesh,,pdxassetutil.cpp:556,AGOT+,gfx/models/portraits/f_legwear/asoiaf/asoiaf_generic/f_asoiaf_shoes_1/f_asoiaf_shoes_1.mesh,UV-Set: 1 in mesh 'f_asoiaf_shoes_1Shape' in file 'gfx/models/portraits/f_legwear/asoiaf/asoiaf_generic/f_asoiaf_shoes_1/f_asoiaf_shoes_1.mesh' has no valid triangle to use when calculating texture streaming factor. Texture streaming needs a triangle with an area.,1287
1288,mesh_uv,Direct file,,gfx/models/portraits/m_clothes/asoiaf/asoiaf_iron_isles/asoiaf_ironborn_armour_dynast_coa/asoiaf_ironborn_armour_dynast_coa.mesh,,pdxassetutil.cpp:2002,AGOT+,gfx/models/portraits/m_clothes/asoiaf/asoiaf_iron_isles/asoiaf_ironborn_armour_dynast_coa/asoiaf_ironborn_armour_dynast_coa.mesh,"Asset ""gfx/models/portraits/m_clothes/asoiaf/asoiaf_iron_isles/asoiaf_ironborn_armour_dynast_coa/asoiaf_ironborn_armour_dynast_coa.mesh"" has more than 3 UV channels. This is not supported and will be ignored.",1288
1289,mesh_uv,Direct file,,gfx/models/portraits/m_clothes/asoiaf/asoiaf_iron_isles/asoiaf_ironborn_armour_dynast_coa/asoiaf_ironborn_armour_dynast_coa.mesh,,pdxassetutil.cpp:2002,AGOT+,gfx/models/portraits/m_clothes/asoiaf/asoiaf_iron_isles/asoiaf_ironborn_armour_dynast_coa/asoiaf_ironborn_armour_dynast_coa.mesh,"Asset ""gfx/models/portraits/m_clothes/asoiaf/asoiaf_iron_isles/asoiaf_ironborn_armour_dynast_coa/asoiaf_ironborn_armour_dynast_coa.mesh"" has more than 3 UV channels. This is not supported and will be ignored.",1289
1290,mesh_uv,Direct file,,gfx/models/portraits/m_legwear/asoiaf/asoiaf_iron_isles/asoiaf_ironborn_legs_coa/asoiaf_ironborn_legs_coa.mesh,,pdxassetutil.cpp:2002,AGOT+,gfx/models/portraits/m_legwear/asoiaf/asoiaf_iron_isles/asoiaf_ironborn_legs_coa/asoiaf_ironborn_legs_coa.mesh,"Asset ""gfx/models/portraits/m_legwear/asoiaf/asoiaf_iron_isles/asoiaf_ironborn_legs_coa/asoiaf_ironborn_legs_coa.mesh"" has more than 3 UV channels. This is not supported and will be ignored.",1290
1293,mesh_uv,Direct file,,gfx/models/portraits/m_clothes/asoiaf/asoiaf_iron_isles/asoiaf_greyjoy_armour_high/asoiaf_greyjoy_armour_high.mesh,,pdxassetutil.cpp:2002,AGOT+,gfx/models/portraits/m_clothes/asoiaf/asoiaf_iron_isles/asoiaf_greyjoy_armour_high/asoiaf_greyjoy_armour_high.mesh,"Asset ""gfx/models/portraits/m_clothes/asoiaf/asoiaf_iron_isles/asoiaf_greyjoy_armour_high/asoiaf_greyjoy_armour_high.mesh"" has more than 3 UV channels. This is not supported and will be ignored.",1292
1298,mesh_uv,Direct file,,gfx/models/portraits/m_clothes/asoiaf/asoiaf_religious_clothing/asoiaf_drowned_man_robes/asoiaf_drowned_man_robes_low/asoiaf_drowned_man_robes_low.mesh,,pdxassetutil.cpp:2002,AGOT+,gfx/models/portraits/m_clothes/asoiaf/asoiaf_religious_clothing/asoiaf_drowned_man_robes/asoiaf_drowned_man_robes_low/asoiaf_drowned_man_robes_low.mesh,"Asset ""gfx/models/portraits/m_clothes/asoiaf/asoiaf_religious_clothing/asoiaf_drowned_man_robes/asoiaf_drowned_man_robes_low/asoiaf_drowned_man_robes_low.mesh"" has more than 3 UV channels. This is not supported and will be ignored.",1298
1299,mesh_uv,Direct file,,gfx/models/portraits/f_clothes/asoiaf/asoiaf_crownlands/f_asoiaf_gold_cloak_armour/f_asoiaf_gold_cloak_armour.mesh,,pdxassetutil.cpp:2002,AGOT+,gfx/models/portraits/f_clothes/asoiaf/asoiaf_crownlands/f_asoiaf_gold_cloak_armour/f_asoiaf_gold_cloak_armour.mesh,"Asset ""gfx/models/portraits/f_clothes/asoiaf/asoiaf_crownlands/f_asoiaf_gold_cloak_armour/f_asoiaf_gold_cloak_armour.mesh"" has more than 3 UV channels. This is not supported and will be ignored.",1299
1300,mesh_uv,Direct file,,gfx/models/portraits/m_cloaks/asoiaf/asoiaf_nights_watch/asoiaf_nights_watch_cloak_1/asoiaf_nights_watch_cloak_1.mesh,,pdxassetutil.cpp:556,AGOT+,gfx/models/portraits/m_cloaks/asoiaf/asoiaf_nights_watch/asoiaf_nights_watch_cloak_1/asoiaf_nights_watch_cloak_1.mesh,UV-Set: 1 in mesh 'asoiaf_nights_watch_cloak_1Shape' in file 'gfx/models/portraits/m_cloaks/asoiaf/asoiaf_nights_watch/asoiaf_nights_watch_cloak_1/asoiaf_nights_watch_cloak_1.mesh' has no valid triangle to use when calculating texture streaming factor. Texture streaming needs a triangle with an area.,1302
1301,mesh_uv,Direct file,,gfx/models/portraits/m_cloaks/asoiaf/asoiaf_nights_watch/asoiaf_nights_watch_cloak_1/asoiaf_nights_watch_cloak_1.mesh,,pdxassetutil.cpp:556,AGOT+,gfx/models/portraits/m_cloaks/asoiaf/asoiaf_nights_watch/asoiaf_nights_watch_cloak_1/asoiaf_nights_watch_cloak_1.mesh,UV-Set: 2 in mesh 'asoiaf_nights_watch_cloak_1Shape' in file 'gfx/models/portraits/m_cloaks/asoiaf/asoiaf_nights_watch/asoiaf_nights_watch_cloak_1/asoiaf_nights_watch_cloak_1.mesh' has no valid triangle to use when calculating texture streaming factor. Texture streaming needs a triangle with an area.,1303
1304,mesh_uv,Direct file,,gfx/models/portraits/m_cloaks/asoiaf/asoiaf_nights_watch/asoiaf_nights_watch_cloak_1/asoiaf_nights_watch_cloak_1.mesh,,pdxassetutil.cpp:556,AGOT+,gfx/models/portraits/m_cloaks/asoiaf/asoiaf_nights_watch/asoiaf_nights_watch_cloak_1/asoiaf_nights_watch_cloak_1.mesh,UV-Set: 1 in mesh 'asoiaf_nights_watch_cloak_1Shape' in file 'gfx/models/portraits/m_cloaks/asoiaf/asoiaf_nights_watch/asoiaf_nights_watch_cloak_1/asoiaf_nights_watch_cloak_1.mesh' has no valid triangle to use when calculating texture streaming factor. Texture streaming needs a triangle with an area.,1304
1305,mesh_uv,Direct file,,gfx/models/portraits/m_headgears/asoiaf/asoiaf_crownlands/asoiaf_gold_cloak_helm/asoiaf_gold_cloak_helm.mesh,,pdxassetutil.cpp:2002,AGOT+,gfx/models/portraits/m_headgears/asoiaf/asoiaf_crownlands/asoiaf_gold_cloak_helm/asoiaf_gold_cloak_helm.mesh,"Asset ""gfx/models/portraits/m_headgears/asoiaf/asoiaf_crownlands/asoiaf_gold_cloak_helm/asoiaf_gold_cloak_helm.mesh"" has more than 3 UV channels. This is not supported and will be ignored.",1305
1306,mesh_uv,Direct file,,gfx/models/portraits/f_headgears/asoiaf/asoiaf_crownlands/f_asoiaf_gold_cloak_helm/f_asoiaf_gold_cloak_helm.mesh,,pdxassetutil.cpp:2002,AGOT+,gfx/models/portraits/f_headgears/asoiaf/asoiaf_crownlands/f_asoiaf_gold_cloak_helm/f_asoiaf_gold_cloak_helm.mesh,"Asset ""gfx/models/portraits/f_headgears/asoiaf/asoiaf_crownlands/f_asoiaf_gold_cloak_helm/f_asoiaf_gold_cloak_helm.mesh"" has more than 3 UV channels. This is not supported and will be ignored.",1306
1307,mesh_uv,Direct file,,gfx/models/portraits/m_legwear/asoiaf/asoiaf_nights_watch/asoiaf_nights_watch_legs/asoiaf_nights_watch_legs.mesh,,pdxassetutil.cpp:556,AGOT+,gfx/models/portraits/m_legwear/asoiaf/asoiaf_nights_watch/asoiaf_nights_watch_legs/asoiaf_nights_watch_legs.mesh,UV-Set: 1 in mesh 'asoiaf_nights_watch_legsShape' in file 'gfx/models/portraits/m_legwear/asoiaf/asoiaf_nights_watch/asoiaf_nights_watch_legs/asoiaf_nights_watch_legs.mesh' has no valid triangle to use when calculating texture streaming factor. Texture streaming needs a triangle with an area.,1307
1308,mesh_uv,Direct file,,gfx/models/portraits/m_clothes/asoiaf/asoiaf_religious_clothing/asoiaf_septon_robes/asoiaf_septon_robes_2/asoiaf_septon_robes_2.mesh,,pdxassetutil.cpp:2002,AGOT+,gfx/models/portraits/m_clothes/asoiaf/asoiaf_religious_clothing/asoiaf_septon_robes/asoiaf_septon_robes_2/asoiaf_septon_robes_2.mesh,"Asset ""gfx/models/portraits/m_clothes/asoiaf/asoiaf_religious_clothing/asoiaf_septon_robes/asoiaf_septon_robes_2/asoiaf_septon_robes_2.mesh"" has more than 3 UV channels. This is not supported and will be ignored.",1308
1310,mesh_uv,Direct file,,gfx/models/portraits/m_headgears/asoiaf/asoiaf_nights_watch/asoiaf_nights_watch_hood/asoiaf_nights_watch_hood.mesh,,pdxassetutil.cpp:2002,AGOT+,gfx/models/portraits/m_headgears/asoiaf/asoiaf_nights_watch/asoiaf_nights_watch_hood/asoiaf_nights_watch_hood.mesh,"Asset ""gfx/models/portraits/m_headgears/asoiaf/asoiaf_nights_watch/asoiaf_nights_watch_hood/asoiaf_nights_watch_hood.mesh"" has more than 3 UV channels. This is not supported and will be ignored.",1310
1344,mesh_uv,Direct file,,gfx/models/portraits/f_legwear/asoiaf/asoiaf_crownlands/f_asoiaf_dragonstone_legs/f_asoiaf_dragonstone_legs.mesh,,pdxassetutil.cpp:2002,AGOT+,gfx/models/portraits/f_legwear/asoiaf/asoiaf_crownlands/f_asoiaf_dragonstone_legs/f_asoiaf_dragonstone_legs.mesh,"Asset ""gfx/models/portraits/f_legwear/asoiaf/asoiaf_crownlands/f_asoiaf_dragonstone_legs/f_asoiaf_dragonstone_legs.mesh"" has more than 3 UV channels. This is not supported and will be ignored.",1344
1346,mesh_uv,Direct file,,gfx/models/portraits/m_clothes/asoiaf/asoiaf_religious_clothing/asoiaf_drowned_man_robes/asoiaf_drowned_man_robes_high/asoiaf_drowned_man_robes_high.mesh,,pdxassetutil.cpp:2002,AGOT+,gfx/models/portraits/m_clothes/asoiaf/asoiaf_religious_clothing/asoiaf_drowned_man_robes/asoiaf_drowned_man_robes_high/asoiaf_drowned_man_robes_high.mesh,"Asset ""gfx/models/portraits/m_clothes/asoiaf/asoiaf_religious_clothing/asoiaf_drowned_man_robes/asoiaf_drowned_man_robes_high/asoiaf_drowned_man_robes_high.mesh"" has more than 3 UV channels. This is not supported and will be ignored.",1346
1354,mesh_uv,Direct file,,gfx/models/portraits/f_jewellery/asoiaf/asoiaf_generic/asoiaf_shark_tooth_necklace/f_asoiaf_shark_tooth_necklace.mesh,,pdxassetutil.cpp:2002,AGOT+,gfx/models/portraits/f_jewellery/asoiaf/asoiaf_generic/asoiaf_shark_tooth_necklace/f_asoiaf_shark_tooth_necklace.mesh,"Asset ""gfx/models/portraits/f_jewellery/asoiaf/asoiaf_generic/asoiaf_shark_tooth_necklace/f_asoiaf_shark_tooth_necklace.mesh"" has more than 3 UV channels. This is not supported and will be ignored.",1354
1355,mesh_uv,Direct file,,gfx/models/portraits/m_legwear/asoiaf/asoiaf_generic/asoiaf_leather_boots_4/asoiaf_leather_boots_4.mesh,,pdxassetutil.cpp:2002,AGOT+,gfx/models/portraits/m_legwear/asoiaf/asoiaf_generic/asoiaf_leather_boots_4/asoiaf_leather_boots_4.mesh,"Asset ""gfx/models/portraits/m_legwear/asoiaf/asoiaf_generic/asoiaf_leather_boots_4/asoiaf_leather_boots_4.mesh"" has more than 3 UV channels. This is not supported and will be ignored.",1355
1360,mesh_uv,Direct file,,gfx/models/portraits/m_clothes/asoiaf/asoiaf_crownlands/asoiaf_gold_cloak_armour/asoiaf_gold_cloak_armour.mesh,,pdxassetutil.cpp:2002,AGOT+,gfx/models/portraits/m_clothes/asoiaf/asoiaf_crownlands/asoiaf_gold_cloak_armour/asoiaf_gold_cloak_armour.mesh,"Asset ""gfx/models/portraits/m_clothes/asoiaf/asoiaf_crownlands/asoiaf_gold_cloak_armour/asoiaf_gold_cloak_armour.mesh"" has more than 3 UV channels. This is not supported and will be ignored.",1360
1361,mesh_uv,Direct file,,gfx/models/portraits/m_headgears/asoiaf/asoiaf_reach/asoiaf_tyrell_helm_high/asoiaf_tyrell_helm_high.mesh,,pdxassetutil.cpp:2002,AGOT+,gfx/models/portraits/m_headgears/asoiaf/asoiaf_reach/asoiaf_tyrell_helm_high/asoiaf_tyrell_helm_high.mesh,"Asset ""gfx/models/portraits/m_headgears/asoiaf/asoiaf_reach/asoiaf_tyrell_helm_high/asoiaf_tyrell_helm_high.mesh"" has more than 3 UV channels. This is not supported and will be ignored.",1361
1362,mesh_uv,Direct file,,gfx/models/portraits/m_clothes/asoiaf/asoiaf_iron_isles/asoiaf_ironborn_armour_high_coa/asoiaf_ironborn_armour_high_coa.mesh,,pdxassetutil.cpp:2002,AGOT+,gfx/models/portraits/m_clothes/asoiaf/asoiaf_iron_isles/asoiaf_ironborn_armour_high_coa/asoiaf_ironborn_armour_high_coa.mesh,"Asset ""gfx/models/portraits/m_clothes/asoiaf/asoiaf_iron_isles/asoiaf_ironborn_armour_high_coa/asoiaf_ironborn_armour_high_coa.mesh"" has more than 3 UV channels. This is not supported and will be ignored.",1362
1363,mesh_uv,Direct file,,gfx/models/portraits/m_clothes/asoiaf/asoiaf_nights_watch/asoiaf_nights_watch_leather/asoiaf_nights_watch_leather.mesh,,pdxassetutil.cpp:556,AGOT+,gfx/models/portraits/m_clothes/asoiaf/asoiaf_nights_watch/asoiaf_nights_watch_leather/asoiaf_nights_watch_leather.mesh,UV-Set: 1 in mesh 'asoiaf_nights_watch_leatherShape' in file 'gfx/models/portraits/m_clothes/asoiaf/asoiaf_nights_watch/asoiaf_nights_watch_leather/asoiaf_nights_watch_leather.mesh' has no valid triangle to use when calculating texture streaming factor. Texture streaming needs a triangle with an area.,1363
1364,mesh_uv,Direct file,,gfx/models/portraits/m_clothes/asoiaf/asoiaf_religious_clothing/asoiaf_septon_robes/asoiaf_septon_robes_1/asoiaf_septon_robes_1.mesh,,pdxassetutil.cpp:2002,AGOT+,gfx/models/portraits/m_clothes/asoiaf/asoiaf_religious_clothing/asoiaf_septon_robes/asoiaf_septon_robes_1/asoiaf_septon_robes_1.mesh,"Asset ""gfx/models/portraits/m_clothes/asoiaf/asoiaf_religious_clothing/asoiaf_septon_robes/asoiaf_septon_robes_1/asoiaf_septon_robes_1.mesh"" has more than 3 UV channels. This is not supported and will be ignored.",1364
1365,mesh_uv,Direct file,,gfx/models/portraits/f_legwear/asoiaf/asoiaf_generic/f_asoiaf_leather_boots_1/f_asoiaf_leather_boots_1.mesh,,pdxassetutil.cpp:2002,AGOT+,gfx/models/portraits/f_legwear/asoiaf/asoiaf_generic/f_asoiaf_leather_boots_1/f_asoiaf_leather_boots_1.mesh,"Asset ""gfx/models/portraits/f_legwear/asoiaf/asoiaf_generic/f_asoiaf_leather_boots_1/f_asoiaf_leather_boots_1.mesh"" has more than 3 UV channels. This is not supported and will be ignored.",1365
1372,mesh_uv,Direct file,,gfx/models/court/rooms/asoiaf_storms_end/asoiaf_court_storms_end.mesh,,pdxassetutil.cpp:556,AGOT+,gfx/models/court/rooms/asoiaf_storms_end/asoiaf_court_storms_end.mesh,UV-Set: 2 in mesh 'asoiaf_storms_end_chapletsShape' in file 'gfx/models/court/rooms/asoiaf_storms_end/asoiaf_court_storms_end.mesh' has no valid triangle to use when calculating texture streaming factor. Texture streaming needs a triangle with an area.,1372
1371,mesh_uv,Direct file,,gfx/models/portraits/f_clothes/asoiaf/asoiaf_religious_clothing/asoiaf_silent_sister_robes/f_asoiaf_silent_sister_robes.mesh,,pdxassetutil.cpp:2002,AGOT+,gfx/models/portraits/f_clothes/asoiaf/asoiaf_religious_clothing/asoiaf_silent_sister_robes/f_asoiaf_silent_sister_robes.mesh,"Asset ""gfx/models/portraits/f_clothes/asoiaf/asoiaf_religious_clothing/asoiaf_silent_sister_robes/f_asoiaf_silent_sister_robes.mesh"" has more than 3 UV channels. This is not supported and will be ignored.",1371
1380,mesh_uv,Direct file,,gfx/models/court/rooms/asoiaf_storms_end/asoiaf_court_storms_end.mesh,,pdxassetutil.cpp:556,AGOT+,gfx/models/court/rooms/asoiaf_storms_end/asoiaf_court_storms_end.mesh,UV-Set: 2 in mesh 'asoiaf_storms_end_chapletsShape' in file 'gfx/models/court/rooms/asoiaf_storms_end/asoiaf_court_storms_end.mesh' has no valid triangle to use when calculating texture streaming factor. Texture streaming needs a triangle with an area.,1380
1381,mesh_uv,Direct file,,gfx/models/court/rooms/asoiaf_storms_end/asoiaf_court_storms_end.mesh,,pdxassetutil.cpp:556,AGOT+,gfx/models/court/rooms/asoiaf_storms_end/asoiaf_court_storms_end.mesh,UV-Set: 2 in mesh 'asoiaf_storms_end_chapletsShape' in file 'gfx/models/court/rooms/asoiaf_storms_end/asoiaf_court_storms_end.mesh' has no valid triangle to use when calculating texture streaming factor. Texture streaming needs a triangle with an area.,1381
1382,mesh_uv,Direct file,,gfx/models/court/rooms/asoiaf_storms_end/asoiaf_court_storms_end.mesh,,pdxassetutil.cpp:556,AGOT+,gfx/models/court/rooms/asoiaf_storms_end/asoiaf_court_storms_end.mesh,UV-Set: 2 in mesh 'asoiaf_storms_end_chapletsShape' in file 'gfx/models/court/rooms/asoiaf_storms_end/asoiaf_court_storms_end.mesh' has no valid triangle to use when calculating texture streaming factor. Texture streaming needs a triangle with an area.,1382
1383,mesh_uv,Direct file,,gfx/models/court/rooms/asoiaf_storms_end/asoiaf_court_storms_end.mesh,,pdxassetutil.cpp:556,AGOT+,gfx/models/court/rooms/asoiaf_storms_end/asoiaf_court_storms_end.mesh,UV-Set: 2 in mesh 'asoiaf_storms_end_chapletsShape' in file 'gfx/models/court/rooms/asoiaf_storms_end/asoiaf_court_storms_end.mesh' has no valid triangle to use when calculating texture streaming factor. Texture streaming needs a triangle with an area.,1383
1384,mesh_uv,Direct file,,gfx/models/court/rooms/asoiaf_storms_end/asoiaf_court_storms_end.mesh,,pdxassetutil.cpp:556,AGOT+,gfx/models/court/rooms/asoiaf_storms_end/asoiaf_court_storms_end.mesh,UV-Set: 2 in mesh 'asoiaf_storms_end_chapletsShape' in file 'gfx/models/court/rooms/asoiaf_storms_end/asoiaf_court_storms_end.mesh' has no valid triangle to use when calculating texture streaming factor. Texture streaming needs a triangle with an area.,1384
1385,mesh_uv,Direct file,,gfx/models/court/rooms/asoiaf_storms_end/asoiaf_court_storms_end.mesh,,pdxassetutil.cpp:556,AGOT+,gfx/models/court/rooms/asoiaf_storms_end/asoiaf_court_storms_end.mesh,UV-Set: 2 in mesh 'asoiaf_storms_end_chapletsShape' in file 'gfx/models/court/rooms/asoiaf_storms_end/asoiaf_court_storms_end.mesh' has no valid triangle to use when calculating texture streaming factor. Texture streaming needs a triangle with an area.,1385
1386,mesh_uv,Direct file,,gfx/models/court/rooms/asoiaf_storms_end/asoiaf_court_storms_end.mesh,,pdxassetutil.cpp:556,AGOT+,gfx/models/court/rooms/asoiaf_storms_end/asoiaf_court_storms_end.mesh,UV-Set: 2 in mesh 'asoiaf_storms_end_wallsShape' in file 'gfx/models/court/rooms/asoiaf_storms_end/asoiaf_court_storms_end.mesh' has no valid triangle to use when calculating texture streaming factor. Texture streaming needs a triangle with an area.,1386
1387,mesh_uv,Direct file,,gfx/models/court/rooms/asoiaf_storms_end/asoiaf_court_storms_end.mesh,,pdxassetutil.cpp:556,AGOT+,gfx/models/court/rooms/asoiaf_storms_end/asoiaf_court_storms_end.mesh,UV-Set: 2 in mesh 'asoiaf_storms_end_wallsShape' in file 'gfx/models/court/rooms/asoiaf_storms_end/asoiaf_court_storms_end.mesh' has no valid triangle to use when calculating texture streaming factor. Texture streaming needs a triangle with an area.,1387
1388,mesh_uv,Direct file,,gfx/models/court/rooms/asoiaf_storms_end/asoiaf_court_storms_end.mesh,,pdxassetutil.cpp:556,AGOT+,gfx/models/court/rooms/asoiaf_storms_end/asoiaf_court_storms_end.mesh,UV-Set: 2 in mesh 'asoiaf_storms_end_wallsShape' in file 'gfx/models/court/rooms/asoiaf_storms_end/asoiaf_court_storms_end.mesh' has no valid triangle to use when calculating texture streaming factor. Texture streaming needs a triangle with an area.,1388
1389,mesh_uv,Direct file,,gfx/models/court/rooms/asoiaf_storms_end/asoiaf_court_storms_end.mesh,,pdxassetutil.cpp:556,AGOT+,gfx/models/court/rooms/asoiaf_storms_end/asoiaf_court_storms_end.mesh,UV-Set: 2 in mesh 'asoiaf_storms_end_wallsShape' in file 'gfx/models/court/rooms/asoiaf_storms_end/asoiaf_court_storms_end.mesh' has no valid triangle to use when calculating texture streaming factor. Texture streaming needs a triangle with an area.,1389
1390,mesh_uv,Direct file,,gfx/models/court/rooms/asoiaf_storms_end/asoiaf_court_storms_end.mesh,,pdxassetutil.cpp:556,AGOT+,gfx/models/court/rooms/asoiaf_storms_end/asoiaf_court_storms_end.mesh,UV-Set: 2 in mesh 'asoiaf_storms_end_wallsShape' in file 'gfx/models/court/rooms/asoiaf_storms_end/asoiaf_court_storms_end.mesh' has no valid triangle to use when calculating texture streaming factor. Texture streaming needs a triangle with an area.,1390
1391,mesh_uv,Direct file,,gfx/models/court/rooms/asoiaf_storms_end/asoiaf_court_storms_end.mesh,,pdxassetutil.cpp:556,AGOT+,gfx/models/court/rooms/asoiaf_storms_end/asoiaf_court_storms_end.mesh,UV-Set: 2 in mesh 'asoiaf_storms_end_wallsShape' in file 'gfx/models/court/rooms/asoiaf_storms_end/asoiaf_court_storms_end.mesh' has no valid triangle to use when calculating texture streaming factor. Texture streaming needs a triangle with an area.,1391
1392,mesh_uv,Direct file,,gfx/models/court/rooms/asoiaf_storms_end/asoiaf_court_storms_end.mesh,,pdxassetutil.cpp:556,AGOT+,gfx/models/court/rooms/asoiaf_storms_end/asoiaf_court_storms_end.mesh,UV-Set: 2 in mesh 'asoiaf_storms_end_wallsShape' in file 'gfx/models/court/rooms/asoiaf_storms_end/asoiaf_court_storms_end.mesh' has no valid triangle to use when calculating texture streaming factor. Texture streaming needs a triangle with an area.,1392
1393,mesh_uv,Direct file,,gfx/models/court/rooms/asoiaf_storms_end/asoiaf_court_storms_end.mesh,,pdxassetutil.cpp:556,AGOT+,gfx/models/court/rooms/asoiaf_storms_end/asoiaf_court_storms_end.mesh,UV-Set: 2 in mesh 'asoiaf_storms_end_wallsShape' in file 'gfx/models/court/rooms/asoiaf_storms_end/asoiaf_court_storms_end.mesh' has no valid triangle to use when calculating texture streaming factor. Texture streaming needs a triangle with an area.,1393
1394,mesh_uv,Direct file,,gfx/models/court/rooms/asoiaf_storms_end/asoiaf_court_storms_end.mesh,,pdxassetutil.cpp:556,AGOT+,gfx/models/court/rooms/asoiaf_storms_end/asoiaf_court_storms_end.mesh,UV-Set: 2 in mesh 'asoiaf_storms_end_wallsShape' in file 'gfx/models/court/rooms/asoiaf_storms_end/asoiaf_court_storms_end.mesh' has no valid triangle to use when calculating texture streaming factor. Texture streaming needs a triangle with an area.,1394
1395,mesh_uv,Direct file,,gfx/models/court/rooms/asoiaf_storms_end/asoiaf_court_storms_end.mesh,,pdxassetutil.cpp:556,AGOT+,gfx/models/court/rooms/asoiaf_storms_end/asoiaf_court_storms_end.mesh,UV-Set: 2 in mesh 'asoiaf_storms_end_wallsShape' in file 'gfx/models/court/rooms/asoiaf_storms_end/asoiaf_court_storms_end.mesh' has no valid triangle to use when calculating texture streaming factor. Texture streaming needs a triangle with an area.,1395
1396,mesh_uv,Direct file,,gfx/models/court/rooms/asoiaf_storms_end/asoiaf_court_storms_end.mesh,,pdxassetutil.cpp:556,AGOT+,gfx/models/court/rooms/asoiaf_storms_end/asoiaf_court_storms_end.mesh,UV-Set: 2 in mesh 'asoiaf_storms_end_decorationsShape' in file 'gfx/models/court/rooms/asoiaf_storms_end/asoiaf_court_storms_end.mesh' has no valid triangle to use when calculating texture streaming factor. Texture streaming needs a triangle with an area.,1396
1397,mesh_uv,Direct file,,gfx/models/court/rooms/asoiaf_storms_end/asoiaf_court_storms_end.mesh,,pdxassetutil.cpp:556,AGOT+,gfx/models/court/rooms/asoiaf_storms_end/asoiaf_court_storms_end.mesh,UV-Set: 2 in mesh 'asoiaf_storms_end_decorationsShape' in file 'gfx/models/court/rooms/asoiaf_storms_end/asoiaf_court_storms_end.mesh' has no valid triangle to use when calculating texture streaming factor. Texture streaming needs a triangle with an area.,1397
1398,mesh_uv,Direct file,,gfx/models/court/rooms/asoiaf_storms_end/asoiaf_court_storms_end.mesh,,pdxassetutil.cpp:556,AGOT+,gfx/models/court/rooms/asoiaf_storms_end/asoiaf_court_storms_end.mesh,UV-Set: 2 in mesh 'asoiaf_storms_end_decorationsShape' in file 'gfx/models/court/rooms/asoiaf_storms_end/asoiaf_court_storms_end.mesh' has no valid triangle to use when calculating texture streaming factor. Texture streaming needs a triangle with an area.,1398
1399,mesh_uv,Direct file,,gfx/models/court/rooms/asoiaf_storms_end/asoiaf_court_storms_end.mesh,,pdxassetutil.cpp:556,AGOT+,gfx/models/court/rooms/asoiaf_storms_end/asoiaf_court_storms_end.mesh,UV-Set: 2 in mesh 'asoiaf_storms_end_decorationsShape' in file 'gfx/models/court/rooms/asoiaf_storms_end/asoiaf_court_storms_end.mesh' has no valid triangle to use when calculating texture streaming factor. Texture streaming needs a triangle with an area.,1399
1400,mesh_blendshape,Symbol only in AGOT+ effective text,female_clothes_asoiaf_lannister_armour_high_entity,AGOT+: gfx/portraits/accessories/asoiaf_clothes.txt:393 | AGOT+: gfx/models/portraits/f_clothes/asoiaf/asoiaf_westerlands/asoiaf_lannister_armours/f_asoiaf_lannister_armour_high/f_asoiaf_lannister_armour_high.asset:35,AGOT+,pdx_entity.cpp:585,,,"Could not find blend shape ""female_clothes_f_asoiaf_lannister_armour_high_bs_breast_size_max"" for attribute ""bs_body_breast_size_max"" in entity ""female_clothes_asoiaf_lannister_armour_high_entity""",1400
1401,mesh_blendshape,Symbol only in AGOT+ effective text,female_clothes_asoiaf_lannister_armour_high_entity,AGOT+: gfx/portraits/accessories/asoiaf_clothes.txt:393 | AGOT+: gfx/models/portraits/f_clothes/asoiaf/asoiaf_westerlands/asoiaf_lannister_armours/f_asoiaf_lannister_armour_high/f_asoiaf_lannister_armour_high.asset:35,AGOT+,pdx_entity.cpp:585,,,"Could not find blend shape ""female_clothes_f_asoiaf_lannister_armour_high_bs_breast_size_min"" for attribute ""bs_body_breast_size_min"" in entity ""female_clothes_asoiaf_lannister_armour_high_entity""",1401
1402,mesh_blendshape,Symbol only in AGOT+ effective text,female_clothes_asoiaf_lannister_armour_high_entity,AGOT+: gfx/portraits/accessories/asoiaf_clothes.txt:393 | AGOT+: gfx/models/portraits/f_clothes/asoiaf/asoiaf_westerlands/asoiaf_lannister_armours/f_asoiaf_lannister_armour_high/f_asoiaf_lannister_armour_high.asset:35,AGOT+,pdx_entity.cpp:585,,,"Could not find blend shape ""female_clothes_f_asoiaf_lannister_armour_high_bs_pregnant"" for attribute ""bs_body_pregnant_1"" in entity ""female_clothes_asoiaf_lannister_armour_high_entity""",1402
1403,mesh_blendshape,Symbol only in AGOT+ effective text,female_clothes_asoiaf_lannister_armour_high_entity,AGOT+: gfx/portraits/accessories/asoiaf_clothes.txt:393 | AGOT+: gfx/models/portraits/f_clothes/asoiaf/asoiaf_westerlands/asoiaf_lannister_armours/f_asoiaf_lannister_armour_high/f_asoiaf_lannister_armour_high.asset:35,AGOT+,pdx_entity.cpp:585,,,"Could not find blend shape ""female_clothes_f_asoiaf_lannister_armour_high_bs_fat"" for attribute ""bs_body_fat_1"" in entity ""female_clothes_asoiaf_lannister_armour_high_entity""",1403
1404,mesh_blendshape,Symbol only in AGOT+ effective text,female_clothes_asoiaf_lannister_armour_high_entity,AGOT+: gfx/portraits/accessories/asoiaf_clothes.txt:393 | AGOT+: gfx/models/portraits/f_clothes/asoiaf/asoiaf_westerlands/asoiaf_lannister_armours/f_asoiaf_lannister_armour_high/f_asoiaf_lannister_armour_high.asset:35,AGOT+,pdx_entity.cpp:585,,,"Could not find blend shape ""female_clothes_f_asoiaf_lannister_armour_high_bs_gaunt"" for attribute ""bs_body_gaunt_1"" in entity ""female_clothes_asoiaf_lannister_armour_high_entity""",1404
1405,mesh_blendshape,Symbol only in AGOT+ effective text,female_clothes_asoiaf_lannister_armour_high_entity,AGOT+: gfx/portraits/accessories/asoiaf_clothes.txt:393 | AGOT+: gfx/models/portraits/f_clothes/asoiaf/asoiaf_westerlands/asoiaf_lannister_armours/f_asoiaf_lannister_armour_high/f_asoiaf_lannister_armour_high.asset:35,AGOT+,pdx_entity.cpp:585,,,"Could not find blend shape ""female_clothes_f_asoiaf_lannister_armour_high_bs_muscular"" for attribute ""bs_body_muscular_1"" in entity ""female_clothes_asoiaf_lannister_armour_high_entity""",1405
1406,mesh_blendshape,Symbol only in AGOT+ effective text,female_clothes_asoiaf_lannister_armour_high_entity,AGOT+: gfx/portraits/accessories/asoiaf_clothes.txt:393 | AGOT+: gfx/models/portraits/f_clothes/asoiaf/asoiaf_westerlands/asoiaf_lannister_armours/f_asoiaf_lannister_armour_high/f_asoiaf_lannister_armour_high.asset:35,AGOT+,pdx_entity.cpp:585,,,"Could not find blend shape ""female_clothes_f_asoiaf_lannister_armour_high_bs_old"" for attribute ""bs_body_old_1"" in entity ""female_clothes_asoiaf_lannister_armour_high_entity""",1406
1407,mesh_blendshape,Symbol only in AGOT+ effective text,female_clothes_asoiaf_lannister_armour_high_entity,AGOT+: gfx/portraits/accessories/asoiaf_clothes.txt:393 | AGOT+: gfx/models/portraits/f_clothes/asoiaf/asoiaf_westerlands/asoiaf_lannister_armours/f_asoiaf_lannister_armour_high/f_asoiaf_lannister_armour_high.asset:35,AGOT+,pdx_entity.cpp:585,,,"Could not find blend shape ""female_clothes_f_asoiaf_lannister_armour_high_bs_dwarf"" for attribute ""bs_body_dwarf_1"" in entity ""female_clothes_asoiaf_lannister_armour_high_entity""",1407
1408,mesh_blendshape,Symbol only in AGOT+ effective text,female_clothes_asoiaf_lannister_armour_high_entity,AGOT+: gfx/portraits/accessories/asoiaf_clothes.txt:393 | AGOT+: gfx/models/portraits/f_clothes/asoiaf/asoiaf_westerlands/asoiaf_lannister_armours/f_asoiaf_lannister_armour_high/f_asoiaf_lannister_armour_high.asset:35,AGOT+,pdx_entity.cpp:585,,,"Could not find blend shape ""female_clothes_f_asoiaf_lannister_armour_high_bs_infant"" for attribute ""bs_body_infant_1"" in entity ""female_clothes_asoiaf_lannister_armour_high_entity""",1408
1433,accessory_entity,Direct file,,gfx/portraits/accessories/asoiaf_cloaks.txt,,portraitaccessories.cpp:65,AGOT+,gfx/portraits/accessories/asoiaf_cloaks.txt,could not find entity [female_cloak_asoiaf_stannis_cloak_1] - file: gfx/portraits/accessories/asoiaf_cloaks.txt line: 51 (female_cloak_asoiaf_stormlands_stannis_cloak_1),1433
1434,accessory_entity,Direct file,,gfx/portraits/accessories/asoiaf_clothes.txt,,portraitaccessories.cpp:65,AGOT+,gfx/portraits/accessories/asoiaf_clothes.txt,could not find entity [female_clothes_asoiaf_stannis_clothes_1] - file: gfx/portraits/accessories/asoiaf_clothes.txt line: 426 (female_clothes_asoiaf_stormlands_stannis_clothes_1),1434
1435,accessory_entity,Direct file,,gfx/portraits/accessories/asoiaf_jewellery.txt,,portraitaccessories.cpp:65,AGOT+,gfx/portraits/accessories/asoiaf_jewellery.txt,could not find entity [female_jewellery_asoiaf_septon_necklace_1] - file: gfx/portraits/accessories/asoiaf_jewellery.txt line: 34 (female_jewellery_asoiaf_septon_necklace_1),1435
1438,ai_decisions,Symbol only in AGOT+ effective text,asoiaf_greyjoy_cadets_decision,AGOT+ | Исправления совместимости: common/decisions/asoiaf_house_branch_decisions.txt:448,AGOT+ | Исправления совместимости,decision_type.cpp:224,,,asoiaf_greyjoy_cadets_decision has 'ai_check_interval'/'ai_check_interval_by_tier' that's negative or unset. Setting to 0 instead,1682
1439,ai_decisions,Symbol only in AGOT+ effective text,asoiaf_baelish_cadets_decision,AGOT+ | Исправления совместимости: common/decisions/asoiaf_house_branch_decisions.txt:553,AGOT+ | Исправления совместимости,decision_type.cpp:224,,,asoiaf_baelish_cadets_decision has 'ai_check_interval'/'ai_check_interval_by_tier' that's negative or unset. Setting to 0 instead,1683
1440,ai_decisions,Symbol only in AGOT+ effective text,asoiaf_harlaw_cadets_decision,AGOT+ | Исправления совместимости: common/decisions/asoiaf_house_branch_decisions.txt:661,AGOT+ | Исправления совместимости,decision_type.cpp:224,,,asoiaf_harlaw_cadets_decision has 'ai_check_interval'/'ai_check_interval_by_tier' that's negative or unset. Setting to 0 instead,1684
1441,ai_decisions,Symbol only in AGOT+ effective text,asoiaf_jon_targ_cadet_branch_decision,AGOT+: common/decisions/asoiaf_jon_targ_cadet_branch_decision.txt:1,AGOT+,decision_type.cpp:224,,,asoiaf_jon_targ_cadet_branch_decision has 'ai_check_interval'/'ai_check_interval_by_tier' that's negative or unset. Setting to 0 instead,1685
1442,ai_decisions,Symbol only in AGOT+ effective text,asoiaf_aegon_II_greens_cadet_branch_decision,AGOT+: common/decisions/asoiaf_jon_targ_cadet_branch_decision.txt:68,AGOT+,decision_type.cpp:224,,,asoiaf_aegon_II_greens_cadet_branch_decision has 'ai_check_interval'/'ai_check_interval_by_tier' that's negative or unset. Setting to 0 instead,1686
1445,portrait_templates,Direct file,,gfx/portraits/portrait_modifiers/asoiaf_character_custom_flags.txt,,dnamodifier.cpp:24,AGOT+ | Исправления совместимости,gfx/portraits/portrait_modifiers/asoiaf_character_custom_flags.txt,could not find gene [secondary_headgear]. file: gfx/portraits/portrait_modifiers/asoiaf_character_custom_flags.txt line: 16 (asoiaf_no_crowns_modifiers),1689
1446,portrait_templates,Direct file,,gfx/portraits/portrait_modifiers/asoiaf_character_custom_flags.txt,,dnamodifier.cpp:46,AGOT+ | Исправления совместимости,gfx/portraits/portrait_modifiers/asoiaf_character_custom_flags.txt,gene is invalid at file: gfx/portraits/portrait_modifiers/asoiaf_character_custom_flags.txt line: 14 (asoiaf_no_crowns_modifiers),1690
1447,portrait_templates,Direct file,,gfx/portraits/portrait_modifiers/asoiaf_character_custom_flags.txt,,dnamodifier.cpp:455,AGOT+ | Исправления совместимости,gfx/portraits/portrait_modifiers/asoiaf_character_custom_flags.txt,"Mismatch in gene type - only accessory is expected here, near file: gfx/portraits/portrait_modifiers/asoiaf_character_custom_flags.txt line: 14 (asoiaf_no_crowns_modifiers)",1691
1448,portrait_templates,Direct file,,gfx/portraits/portrait_modifiers/asoiaf_character_custom_flags.txt,,dnamodifier.cpp:330,AGOT+ | Исправления совместимости,gfx/portraits/portrait_modifiers/asoiaf_character_custom_flags.txt,could not find template [no_headgear]. file: gfx/portraits/portrait_modifiers/asoiaf_character_custom_flags.txt line: 14 (asoiaf_no_crowns_modifiers),1692
1449,portrait_templates,Direct file,,gfx/portraits/portrait_modifiers/asoiaf_character_custom_flags.txt,,dnamodifier.cpp:330,AGOT+ | Исправления совместимости,gfx/portraits/portrait_modifiers/asoiaf_character_custom_flags.txt,could not find template [no_headgear]. file: gfx/portraits/portrait_modifiers/asoiaf_character_custom_flags.txt line: 20 (asoiaf_no_crowns_modifiers),1693
1450,portrait_templates,Direct file,,gfx/portraits/portrait_modifiers/asoiaf_character_custom_flags.txt,,dnamodifier.cpp:330,AGOT+ | Исправления совместимости,gfx/portraits/portrait_modifiers/asoiaf_character_custom_flags.txt,could not find template [none]. file: gfx/portraits/portrait_modifiers/asoiaf_character_custom_flags.txt line: 159 (asoiaf_red_priest_necklace_age_modifiers),1694
1451,portrait_templates,Direct file,,gfx/portraits/portrait_modifiers/asoiaf_character_custom_flags.txt,,dnamodifier.cpp:330,AGOT+ | Исправления совместимости,gfx/portraits/portrait_modifiers/asoiaf_character_custom_flags.txt,could not find template [none]. file: gfx/portraits/portrait_modifiers/asoiaf_character_custom_flags.txt line: 219 (asoiaf_immortality_visuals),1695
1452,portrait_templates,Direct file,,gfx/portraits/portrait_modifiers/asoiaf_character_custom_flags.txt,,dnamodifier.cpp:330,AGOT+ | Исправления совместимости,gfx/portraits/portrait_modifiers/asoiaf_character_custom_flags.txt,could not find template [one_eyed_gem_saphire]. file: gfx/portraits/portrait_modifiers/asoiaf_character_custom_flags.txt line: 348 (asoiaf_misc_dna),1696
1453,portrait_templates,Direct file,,gfx/portraits/portrait_modifiers/asoiaf_character_custom_flags.txt,,dnamodifier.cpp:330,AGOT+ | Исправления совместимости,gfx/portraits/portrait_modifiers/asoiaf_character_custom_flags.txt,could not find template [none]. file: gfx/portraits/portrait_modifiers/asoiaf_character_custom_flags.txt line: 1251 (asoiaf_custom_character_colourations),1697
1454,portrait_templates,Direct file,,gfx/portraits/portrait_modifiers/asoiaf_character_custom_flags.txt,,dnamodifier.cpp:330,AGOT+ | Исправления совместимости,gfx/portraits/portrait_modifiers/asoiaf_character_custom_flags.txt,could not find template [none]. file: gfx/portraits/portrait_modifiers/asoiaf_character_custom_flags.txt line: 1257 (asoiaf_custom_character_colourations),1698
1455,portrait_templates,Direct file,,gfx/portraits/portrait_modifiers/asoiaf_character_custom_flags.txt,,dnamodifier.cpp:330,AGOT+ | Исправления совместимости,gfx/portraits/portrait_modifiers/asoiaf_character_custom_flags.txt,could not find template [none]. file: gfx/portraits/portrait_modifiers/asoiaf_character_custom_flags.txt line: 1269 (asoiaf_custom_character_colourations),1699
1456,portrait_templates,Direct file,,gfx/portraits/portrait_modifiers/asoiaf_character_custom_flags.txt,,dnamodifier.cpp:330,AGOT+ | Исправления совместимости,gfx/portraits/portrait_modifiers/asoiaf_character_custom_flags.txt,could not find template [none]. file: gfx/portraits/portrait_modifiers/asoiaf_character_custom_flags.txt line: 1330 (asoiaf_custom_character_colourations),1700
1457,portrait_templates,Direct file,,gfx/portraits/portrait_modifiers/asoiaf_character_custom_flags.txt,,dnamodifier.cpp:330,AGOT+ | Исправления совместимости,gfx/portraits/portrait_modifiers/asoiaf_character_custom_flags.txt,could not find template [none]. file: gfx/portraits/portrait_modifiers/asoiaf_character_custom_flags.txt line: 1336 (asoiaf_custom_character_colourations),1701
1458,portrait_templates,Direct file,,gfx/portraits/portrait_modifiers/asoiaf_character_custom_flags.txt,,dnamodifier.cpp:330,AGOT+ | Исправления совместимости,gfx/portraits/portrait_modifiers/asoiaf_character_custom_flags.txt,could not find template [none]. file: gfx/portraits/portrait_modifiers/asoiaf_character_custom_flags.txt line: 1342 (asoiaf_custom_character_colourations),1702
1459,portrait_templates,Direct file,,gfx/portraits/portrait_modifiers/asoiaf_character_custom_flags.txt,,dnamodifier.cpp:330,AGOT+ | Исправления совместимости,gfx/portraits/portrait_modifiers/asoiaf_character_custom_flags.txt,could not find template [none]. file: gfx/portraits/portrait_modifiers/asoiaf_character_custom_flags.txt line: 1348 (asoiaf_custom_character_colourations),1703
1460,portrait_templates,Direct file,,gfx/portraits/portrait_modifiers/asoiaf_character_custom_flags.txt,,dnamodifier.cpp:330,AGOT+ | Исправления совместимости,gfx/portraits/portrait_modifiers/asoiaf_character_custom_flags.txt,could not find template [none]. file: gfx/portraits/portrait_modifiers/asoiaf_character_custom_flags.txt line: 1354 (asoiaf_custom_character_colourations),1704
1461,portrait_templates,Direct file,,gfx/portraits/portrait_modifiers/asoiaf_character_custom_flags.txt,,dnamodifier.cpp:330,AGOT+ | Исправления совместимости,gfx/portraits/portrait_modifiers/asoiaf_character_custom_flags.txt,could not find template [none]. file: gfx/portraits/portrait_modifiers/asoiaf_character_custom_flags.txt line: 1409 (asoiaf_custom_character_colourations),1705
1462,portrait_templates,Direct file,,gfx/portraits/portrait_modifiers/asoiaf_character_custom_flags.txt,,dnamodifier.cpp:330,AGOT+ | Исправления совместимости,gfx/portraits/portrait_modifiers/asoiaf_character_custom_flags.txt,could not find template [none]. file: gfx/portraits/portrait_modifiers/asoiaf_character_custom_flags.txt line: 1415 (asoiaf_custom_character_colourations),1706
1463,portrait_templates,Direct file,,gfx/portraits/portrait_modifiers/asoiaf_character_custom_flags.txt,,dnamodifier.cpp:330,AGOT+ | Исправления совместимости,gfx/portraits/portrait_modifiers/asoiaf_character_custom_flags.txt,could not find template [none]. file: gfx/portraits/portrait_modifiers/asoiaf_character_custom_flags.txt line: 1421 (asoiaf_custom_character_colourations),1707
1464,portrait_templates,Direct file,,gfx/portraits/portrait_modifiers/asoiaf_character_custom_flags.txt,,dnamodifier.cpp:330,AGOT+ | Исправления совместимости,gfx/portraits/portrait_modifiers/asoiaf_character_custom_flags.txt,could not find template [none]. file: gfx/portraits/portrait_modifiers/asoiaf_character_custom_flags.txt line: 1427 (asoiaf_custom_character_colourations),1708
1465,portrait_templates,Direct file,,gfx/portraits/portrait_modifiers/asoiaf_character_custom_flags.txt,,dnamodifier.cpp:330,AGOT+ | Исправления совместимости,gfx/portraits/portrait_modifiers/asoiaf_character_custom_flags.txt,could not find template [none]. file: gfx/portraits/portrait_modifiers/asoiaf_character_custom_flags.txt line: 1433 (asoiaf_custom_character_colourations),1709
1466,portrait_templates,Direct file,,gfx/portraits/portrait_modifiers/asoiaf_character_custom_flags.txt,,dnamodifier.cpp:330,AGOT+ | Исправления совместимости,gfx/portraits/portrait_modifiers/asoiaf_character_custom_flags.txt,could not find template [none]. file: gfx/portraits/portrait_modifiers/asoiaf_character_custom_flags.txt line: 1896 (asoiaf_custom_character_colourations),1710
1467,portrait_templates,Direct file,,gfx/portraits/portrait_modifiers/asoiaf_character_custom_flags.txt,,dnamodifier.cpp:330,AGOT+ | Исправления совместимости,gfx/portraits/portrait_modifiers/asoiaf_character_custom_flags.txt,could not find template [none]. file: gfx/portraits/portrait_modifiers/asoiaf_character_custom_flags.txt line: 1902 (asoiaf_custom_character_colourations),1711
1468,portrait_templates,Direct file,,gfx/portraits/portrait_modifiers/asoiaf_character_custom_flags.txt,,dnamodifier.cpp:330,AGOT+ | Исправления совместимости,gfx/portraits/portrait_modifiers/asoiaf_character_custom_flags.txt,could not find template [none]. file: gfx/portraits/portrait_modifiers/asoiaf_character_custom_flags.txt line: 1908 (asoiaf_custom_character_colourations),1712
1469,portrait_templates,Direct file,,gfx/portraits/portrait_modifiers/asoiaf_character_custom_flags.txt,,dnamodifier.cpp:330,AGOT+ | Исправления совместимости,gfx/portraits/portrait_modifiers/asoiaf_character_custom_flags.txt,could not find template [none]. file: gfx/portraits/portrait_modifiers/asoiaf_character_custom_flags.txt line: 1914 (asoiaf_custom_character_colourations),1713
1470,portrait_templates,Direct file,,gfx/portraits/portrait_modifiers/asoiaf_character_custom_flags.txt,,dnamodifier.cpp:330,AGOT+ | Исправления совместимости,gfx/portraits/portrait_modifiers/asoiaf_character_custom_flags.txt,could not find template [none]. file: gfx/portraits/portrait_modifiers/asoiaf_character_custom_flags.txt line: 1969 (asoiaf_custom_character_colourations),1714
1471,portrait_templates,Direct file,,gfx/portraits/portrait_modifiers/asoiaf_character_custom_flags.txt,,dnamodifier.cpp:330,AGOT+ | Исправления совместимости,gfx/portraits/portrait_modifiers/asoiaf_character_custom_flags.txt,could not find template [none]. file: gfx/portraits/portrait_modifiers/asoiaf_character_custom_flags.txt line: 1975 (asoiaf_custom_character_colourations),1715
1472,portrait_templates,Direct file,,gfx/portraits/portrait_modifiers/asoiaf_character_custom_flags.txt,,dnamodifier.cpp:330,AGOT+ | Исправления совместимости,gfx/portraits/portrait_modifiers/asoiaf_character_custom_flags.txt,could not find template [none]. file: gfx/portraits/portrait_modifiers/asoiaf_character_custom_flags.txt line: 1981 (asoiaf_custom_character_colourations),1716
1473,portrait_templates,Direct file,,gfx/portraits/portrait_modifiers/asoiaf_character_custom_flags.txt,,dnamodifier.cpp:330,AGOT+ | Исправления совместимости,gfx/portraits/portrait_modifiers/asoiaf_character_custom_flags.txt,could not find template [none]. file: gfx/portraits/portrait_modifiers/asoiaf_character_custom_flags.txt line: 1987 (asoiaf_custom_character_colourations),1717
1474,portrait_templates,Direct file,,gfx/portraits/portrait_modifiers/asoiaf_character_custom_flags.txt,,dnamodifier.cpp:330,AGOT+ | Исправления совместимости,gfx/portraits/portrait_modifiers/asoiaf_character_custom_flags.txt,could not find template [none]. file: gfx/portraits/portrait_modifiers/asoiaf_character_custom_flags.txt line: 1993 (asoiaf_custom_character_colourations),1718
1475,portrait_templates,Direct file,,gfx/portraits/portrait_modifiers/asoiaf_character_custom_flags.txt,,dnamodifier.cpp:330,AGOT+ | Исправления совместимости,gfx/portraits/portrait_modifiers/asoiaf_character_custom_flags.txt,could not find template [none]. file: gfx/portraits/portrait_modifiers/asoiaf_character_custom_flags.txt line: 2449 (asoiaf_custom_character_colourations),1719
1476,portrait_templates,Direct file,,gfx/portraits/portrait_modifiers/asoiaf_character_custom_flags.txt,,dnamodifier.cpp:330,AGOT+ | Исправления совместимости,gfx/portraits/portrait_modifiers/asoiaf_character_custom_flags.txt,could not find template [none]. file: gfx/portraits/portrait_modifiers/asoiaf_character_custom_flags.txt line: 2455 (asoiaf_custom_character_colourations),1720
1477,portrait_templates,Direct file,,gfx/portraits/portrait_modifiers/asoiaf_character_custom_flags.txt,,dnamodifier.cpp:330,AGOT+ | Исправления совместимости,gfx/portraits/portrait_modifiers/asoiaf_character_custom_flags.txt,could not find template [none]. file: gfx/portraits/portrait_modifiers/asoiaf_character_custom_flags.txt line: 2461 (asoiaf_custom_character_colourations),1721
1478,portrait_templates,Direct file,,gfx/portraits/portrait_modifiers/asoiaf_character_custom_flags.txt,,dnamodifier.cpp:330,AGOT+ | Исправления совместимости,gfx/portraits/portrait_modifiers/asoiaf_character_custom_flags.txt,could not find template [none]. file: gfx/portraits/portrait_modifiers/asoiaf_character_custom_flags.txt line: 2965 (asoiaf_custom_character_colourations),1722
1479,portrait_templates,Direct file,,gfx/portraits/portrait_modifiers/asoiaf_character_custom_flags.txt,,dnamodifier.cpp:330,AGOT+ | Исправления совместимости,gfx/portraits/portrait_modifiers/asoiaf_character_custom_flags.txt,could not find template [none]. file: gfx/portraits/portrait_modifiers/asoiaf_character_custom_flags.txt line: 2971 (asoiaf_custom_character_colourations),1723
1480,portrait_templates,Direct file,,gfx/portraits/portrait_modifiers/asoiaf_character_custom_flags.txt,,dnamodifier.cpp:330,AGOT+ | Исправления совместимости,gfx/portraits/portrait_modifiers/asoiaf_character_custom_flags.txt,could not find template [none]. file: gfx/portraits/portrait_modifiers/asoiaf_character_custom_flags.txt line: 2977 (asoiaf_custom_character_colourations),1724
1481,portrait_templates,Direct file,,gfx/portraits/portrait_modifiers/asoiaf_character_custom_flags.txt,,dnamodifier.cpp:330,AGOT+ | Исправления совместимости,gfx/portraits/portrait_modifiers/asoiaf_character_custom_flags.txt,could not find template [none]. file: gfx/portraits/portrait_modifiers/asoiaf_character_custom_flags.txt line: 2983 (asoiaf_custom_character_colourations),1725
1482,portrait_templates,Direct file,,gfx/portraits/portrait_modifiers/asoiaf_character_custom_flags.txt,,dnamodifier.cpp:330,AGOT+ | Исправления совместимости,gfx/portraits/portrait_modifiers/asoiaf_character_custom_flags.txt,could not find template [none]. file: gfx/portraits/portrait_modifiers/asoiaf_character_custom_flags.txt line: 2989 (asoiaf_custom_character_colourations),1726
1483,portrait_templates,Direct file,,gfx/portraits/portrait_modifiers/asoiaf_character_custom_flags.txt,,dnamodifier.cpp:330,AGOT+ | Исправления совместимости,gfx/portraits/portrait_modifiers/asoiaf_character_custom_flags.txt,could not find template [none]. file: gfx/portraits/portrait_modifiers/asoiaf_character_custom_flags.txt line: 3047 (asoiaf_custom_character_colourations),1727
1484,portrait_templates,Direct file,,gfx/portraits/portrait_modifiers/asoiaf_character_custom_flags.txt,,dnamodifier.cpp:330,AGOT+ | Исправления совместимости,gfx/portraits/portrait_modifiers/asoiaf_character_custom_flags.txt,could not find template [none]. file: gfx/portraits/portrait_modifiers/asoiaf_character_custom_flags.txt line: 3053 (asoiaf_custom_character_colourations),1728
1485,portrait_templates,Direct file,,gfx/portraits/portrait_modifiers/asoiaf_character_custom_flags.txt,,dnamodifier.cpp:330,AGOT+ | Исправления совместимости,gfx/portraits/portrait_modifiers/asoiaf_character_custom_flags.txt,could not find template [none]. file: gfx/portraits/portrait_modifiers/asoiaf_character_custom_flags.txt line: 3059 (asoiaf_custom_character_colourations),1729
1486,portrait_templates,Direct file,,gfx/portraits/portrait_modifiers/asoiaf_character_custom_flags.txt,,dnamodifier.cpp:330,AGOT+ | Исправления совместимости,gfx/portraits/portrait_modifiers/asoiaf_character_custom_flags.txt,could not find template [none]. file: gfx/portraits/portrait_modifiers/asoiaf_character_custom_flags.txt line: 3065 (asoiaf_custom_character_colourations),1730
1487,portrait_templates,Direct file,,gfx/portraits/portrait_modifiers/asoiaf_character_custom_flags.txt,,dnamodifier.cpp:330,AGOT+ | Исправления совместимости,gfx/portraits/portrait_modifiers/asoiaf_character_custom_flags.txt,could not find template [none]. file: gfx/portraits/portrait_modifiers/asoiaf_character_custom_flags.txt line: 3071 (asoiaf_custom_character_colourations),1731
1488,portrait_templates,Direct file,,gfx/portraits/portrait_modifiers/asoiaf_character_custom_flags.txt,,dnamodifier.cpp:330,AGOT+ | Исправления совместимости,gfx/portraits/portrait_modifiers/asoiaf_character_custom_flags.txt,could not find template [none]. file: gfx/portraits/portrait_modifiers/asoiaf_character_custom_flags.txt line: 3519 (asoiaf_custom_character_colourations),1732
1489,portrait_templates,Direct file,,gfx/portraits/portrait_modifiers/asoiaf_character_custom_flags.txt,,dnamodifier.cpp:330,AGOT+ | Исправления совместимости,gfx/portraits/portrait_modifiers/asoiaf_character_custom_flags.txt,could not find template [none]. file: gfx/portraits/portrait_modifiers/asoiaf_character_custom_flags.txt line: 3525 (asoiaf_custom_character_colourations),1733
1490,portrait_templates,Direct file,,gfx/portraits/portrait_modifiers/asoiaf_character_custom_flags.txt,,dnamodifier.cpp:330,AGOT+ | Исправления совместимости,gfx/portraits/portrait_modifiers/asoiaf_character_custom_flags.txt,could not find template [none]. file: gfx/portraits/portrait_modifiers/asoiaf_character_custom_flags.txt line: 3531 (asoiaf_custom_character_colourations),1734
1491,portrait_templates,Direct file,,gfx/portraits/portrait_modifiers/asoiaf_character_custom_flags.txt,,dnamodifier.cpp:330,AGOT+ | Исправления совместимости,gfx/portraits/portrait_modifiers/asoiaf_character_custom_flags.txt,could not find template [none]. file: gfx/portraits/portrait_modifiers/asoiaf_character_custom_flags.txt line: 3598 (asoiaf_custom_character_colourations),1735
1492,portrait_templates,Direct file,,gfx/portraits/portrait_modifiers/asoiaf_character_custom_flags.txt,,dnamodifier.cpp:330,AGOT+ | Исправления совместимости,gfx/portraits/portrait_modifiers/asoiaf_character_custom_flags.txt,could not find template [none]. file: gfx/portraits/portrait_modifiers/asoiaf_character_custom_flags.txt line: 3604 (asoiaf_custom_character_colourations),1736
1493,portrait_templates,Direct file,,gfx/portraits/portrait_modifiers/asoiaf_character_custom_flags.txt,,dnamodifier.cpp:330,AGOT+ | Исправления совместимости,gfx/portraits/portrait_modifiers/asoiaf_character_custom_flags.txt,could not find template [none]. file: gfx/portraits/portrait_modifiers/asoiaf_character_custom_flags.txt line: 3610 (asoiaf_custom_character_colourations),1737
1494,portrait_templates,Direct file,,gfx/portraits/portrait_modifiers/asoiaf_character_custom_flags.txt,,dnamodifier.cpp:330,AGOT+ | Исправления совместимости,gfx/portraits/portrait_modifiers/asoiaf_character_custom_flags.txt,could not find template [complexion_beauty_2]. file: gfx/portraits/portrait_modifiers/asoiaf_character_custom_flags.txt line: 3849 (asoiaf_custom_character_colourations),1738
1495,portrait_templates,Direct file,,gfx/portraits/portrait_modifiers/asoiaf_character_custom_flags.txt,,dnamodifier.cpp:330,AGOT+ | Исправления совместимости,gfx/portraits/portrait_modifiers/asoiaf_character_custom_flags.txt,could not find template [none]. file: gfx/portraits/portrait_modifiers/asoiaf_character_custom_flags.txt line: 3913 (asoiaf_custom_character_colourations),1739
1496,portrait_templates,Direct file,,gfx/portraits/portrait_modifiers/asoiaf_character_custom_flags.txt,,dnamodifier.cpp:330,AGOT+ | Исправления совместимости,gfx/portraits/portrait_modifiers/asoiaf_character_custom_flags.txt,could not find template [none]. file: gfx/portraits/portrait_modifiers/asoiaf_character_custom_flags.txt line: 3919 (asoiaf_custom_character_colourations),1740
1497,portrait_templates,Direct file,,gfx/portraits/portrait_modifiers/asoiaf_character_custom_flags.txt,,dnamodifier.cpp:330,AGOT+ | Исправления совместимости,gfx/portraits/portrait_modifiers/asoiaf_character_custom_flags.txt,could not find template [none]. file: gfx/portraits/portrait_modifiers/asoiaf_character_custom_flags.txt line: 3925 (asoiaf_custom_character_colourations),1741
1498,portrait_templates,Direct file,,gfx/portraits/portrait_modifiers/asoiaf_character_custom_flags.txt,,dnamodifier.cpp:330,AGOT+ | Исправления совместимости,gfx/portraits/portrait_modifiers/asoiaf_character_custom_flags.txt,could not find template [none]. file: gfx/portraits/portrait_modifiers/asoiaf_character_custom_flags.txt line: 3931 (asoiaf_custom_character_colourations),1742
1499,portrait_templates,Direct file,,gfx/portraits/portrait_modifiers/asoiaf_character_custom_flags.txt,,dnamodifier.cpp:330,AGOT+ | Исправления совместимости,gfx/portraits/portrait_modifiers/asoiaf_character_custom_flags.txt,could not find template [none]. file: gfx/portraits/portrait_modifiers/asoiaf_character_custom_flags.txt line: 3937 (asoiaf_custom_character_colourations),1743
1500,portrait_templates,Direct file,,gfx/portraits/portrait_modifiers/asoiaf_character_custom_flags.txt,,dnamodifier.cpp:330,AGOT+ | Исправления совместимости,gfx/portraits/portrait_modifiers/asoiaf_character_custom_flags.txt,could not find template [none]. file: gfx/portraits/portrait_modifiers/asoiaf_character_custom_flags.txt line: 4065 (asoiaf_custom_character_colourations),1744
1501,portrait_templates,Direct file,,gfx/portraits/portrait_modifiers/asoiaf_character_custom_flags.txt,,dnamodifier.cpp:330,AGOT+ | Исправления совместимости,gfx/portraits/portrait_modifiers/asoiaf_character_custom_flags.txt,could not find template [none]. file: gfx/portraits/portrait_modifiers/asoiaf_character_custom_flags.txt line: 4071 (asoiaf_custom_character_colourations),1745
1502,portrait_templates,Direct file,,gfx/portraits/portrait_modifiers/asoiaf_character_custom_flags.txt,,dnamodifier.cpp:330,AGOT+ | Исправления совместимости,gfx/portraits/portrait_modifiers/asoiaf_character_custom_flags.txt,could not find template [none]. file: gfx/portraits/portrait_modifiers/asoiaf_character_custom_flags.txt line: 4077 (asoiaf_custom_character_colourations),1746
1503,portrait_templates,Direct file,,gfx/portraits/portrait_modifiers/asoiaf_character_custom_flags.txt,,dnamodifier.cpp:330,AGOT+ | Исправления совместимости,gfx/portraits/portrait_modifiers/asoiaf_character_custom_flags.txt,could not find template [body_hair_average]. file: gfx/portraits/portrait_modifiers/asoiaf_character_custom_flags.txt line: 4179 (asoiaf_custom_character_colourations),1747
1504,portrait_templates,Direct file,,gfx/portraits/portrait_modifiers/asoiaf_character_custom_flags.txt,,dnamodifier.cpp:330,AGOT+ | Исправления совместимости,gfx/portraits/portrait_modifiers/asoiaf_character_custom_flags.txt,could not find template [none]. file: gfx/portraits/portrait_modifiers/asoiaf_character_custom_flags.txt line: 4427 (asoiaf_custom_character_colourations),1748
1505,portrait_templates,Direct file,,gfx/portraits/portrait_modifiers/asoiaf_character_custom_flags.txt,,dnamodifier.cpp:330,AGOT+ | Исправления совместимости,gfx/portraits/portrait_modifiers/asoiaf_character_custom_flags.txt,could not find template [none]. file: gfx/portraits/portrait_modifiers/asoiaf_character_custom_flags.txt line: 4433 (asoiaf_custom_character_colourations),1749
1506,portrait_templates,Direct file,,gfx/portraits/portrait_modifiers/asoiaf_character_custom_flags.txt,,dnamodifier.cpp:330,AGOT+ | Исправления совместимости,gfx/portraits/portrait_modifiers/asoiaf_character_custom_flags.txt,could not find template [none]. file: gfx/portraits/portrait_modifiers/asoiaf_character_custom_flags.txt line: 4439 (asoiaf_custom_character_colourations),1750
1507,portrait_templates,Direct file,,gfx/portraits/portrait_modifiers/asoiaf_character_custom_flags.txt,,dnamodifier.cpp:330,AGOT+ | Исправления совместимости,gfx/portraits/portrait_modifiers/asoiaf_character_custom_flags.txt,could not find template [none]. file: gfx/portraits/portrait_modifiers/asoiaf_character_custom_flags.txt line: 4671 (asoiaf_custom_character_colourations),1751
1508,portrait_templates,Direct file,,gfx/portraits/portrait_modifiers/asoiaf_character_custom_flags.txt,,dnamodifier.cpp:330,AGOT+ | Исправления совместимости,gfx/portraits/portrait_modifiers/asoiaf_character_custom_flags.txt,could not find template [none]. file: gfx/portraits/portrait_modifiers/asoiaf_character_custom_flags.txt line: 4677 (asoiaf_custom_character_colourations),1752
1509,portrait_templates,Direct file,,gfx/portraits/portrait_modifiers/asoiaf_character_custom_flags.txt,,dnamodifier.cpp:330,AGOT+ | Исправления совместимости,gfx/portraits/portrait_modifiers/asoiaf_character_custom_flags.txt,could not find template [none]. file: gfx/portraits/portrait_modifiers/asoiaf_character_custom_flags.txt line: 4683 (asoiaf_custom_character_colourations),1753
1510,portrait_templates,Direct file,,gfx/portraits/portrait_modifiers/asoiaf_character_custom_flags.txt,,dnamodifier.cpp:330,AGOT+ | Исправления совместимости,gfx/portraits/portrait_modifiers/asoiaf_character_custom_flags.txt,could not find template [none]. file: gfx/portraits/portrait_modifiers/asoiaf_character_custom_flags.txt line: 4689 (asoiaf_custom_character_colourations),1754
1511,portrait_templates,Direct file,,gfx/portraits/portrait_modifiers/asoiaf_character_custom_flags.txt,,dnamodifier.cpp:330,AGOT+ | Исправления совместимости,gfx/portraits/portrait_modifiers/asoiaf_character_custom_flags.txt,could not find template [none]. file: gfx/portraits/portrait_modifiers/asoiaf_character_custom_flags.txt line: 4695 (asoiaf_custom_character_colourations),1755
1512,portrait_templates,Direct file,,gfx/portraits/portrait_modifiers/asoiaf_character_custom_flags.txt,,dnamodifier.cpp:330,AGOT+ | Исправления совместимости,gfx/portraits/portrait_modifiers/asoiaf_character_custom_flags.txt,could not find template [none]. file: gfx/portraits/portrait_modifiers/asoiaf_character_custom_flags.txt line: 4765 (asoiaf_custom_character_colourations),1756
1513,portrait_templates,Direct file,,gfx/portraits/portrait_modifiers/asoiaf_character_custom_flags.txt,,dnamodifier.cpp:330,AGOT+ | Исправления совместимости,gfx/portraits/portrait_modifiers/asoiaf_character_custom_flags.txt,could not find template [none]. file: gfx/portraits/portrait_modifiers/asoiaf_character_custom_flags.txt line: 4777 (asoiaf_custom_character_colourations),1757
1514,portrait_templates,Direct file,,gfx/portraits/portrait_modifiers/asoiaf_character_custom_flags.txt,,dnamodifier.cpp:330,AGOT+ | Исправления совместимости,gfx/portraits/portrait_modifiers/asoiaf_character_custom_flags.txt,could not find template [none]. file: gfx/portraits/portrait_modifiers/asoiaf_character_custom_flags.txt line: 4783 (asoiaf_custom_character_colourations),1758
1515,portrait_templates,Direct file,,gfx/portraits/portrait_modifiers/asoiaf_character_custom_flags.txt,,dnamodifier.cpp:330,AGOT+ | Исправления совместимости,gfx/portraits/portrait_modifiers/asoiaf_character_custom_flags.txt,could not find template [none]. file: gfx/portraits/portrait_modifiers/asoiaf_character_custom_flags.txt line: 4859 (asoiaf_custom_character_colourations),1759
1516,portrait_templates,Direct file,,gfx/portraits/portrait_modifiers/asoiaf_character_custom_flags.txt,,dnamodifier.cpp:330,AGOT+ | Исправления совместимости,gfx/portraits/portrait_modifiers/asoiaf_character_custom_flags.txt,could not find template [none]. file: gfx/portraits/portrait_modifiers/asoiaf_character_custom_flags.txt line: 4865 (asoiaf_custom_character_colourations),1760
1517,portrait_templates,Direct file,,gfx/portraits/portrait_modifiers/asoiaf_character_custom_flags.txt,,dnamodifier.cpp:330,AGOT+ | Исправления совместимости,gfx/portraits/portrait_modifiers/asoiaf_character_custom_flags.txt,could not find template [none]. file: gfx/portraits/portrait_modifiers/asoiaf_character_custom_flags.txt line: 4871 (asoiaf_custom_character_colourations),1761
1518,portrait_templates,Direct file,,gfx/portraits/portrait_modifiers/asoiaf_character_custom_flags.txt,,dnamodifier.cpp:330,AGOT+ | Исправления совместимости,gfx/portraits/portrait_modifiers/asoiaf_character_custom_flags.txt,could not find template [none]. file: gfx/portraits/portrait_modifiers/asoiaf_character_custom_flags.txt line: 5036 (asoiaf_custom_character_colourations),1762
1519,portrait_templates,Direct file,,gfx/portraits/portrait_modifiers/asoiaf_character_custom_flags.txt,,dnamodifier.cpp:330,AGOT+ | Исправления совместимости,gfx/portraits/portrait_modifiers/asoiaf_character_custom_flags.txt,could not find template [none]. file: gfx/portraits/portrait_modifiers/asoiaf_character_custom_flags.txt line: 5042 (asoiaf_custom_character_colourations),1763
1520,portrait_templates,Direct file,,gfx/portraits/portrait_modifiers/asoiaf_character_custom_flags.txt,,dnamodifier.cpp:330,AGOT+ | Исправления совместимости,gfx/portraits/portrait_modifiers/asoiaf_character_custom_flags.txt,could not find template [none]. file: gfx/portraits/portrait_modifiers/asoiaf_character_custom_flags.txt line: 5048 (asoiaf_custom_character_colourations),1764
1521,portrait_templates,Direct file,,gfx/portraits/portrait_modifiers/asoiaf_character_custom_flags.txt,,dnamodifier.cpp:330,AGOT+ | Исправления совместимости,gfx/portraits/portrait_modifiers/asoiaf_character_custom_flags.txt,could not find template [none]. file: gfx/portraits/portrait_modifiers/asoiaf_character_custom_flags.txt line: 5054 (asoiaf_custom_character_colourations),1765
1522,portrait_templates,Direct file,,gfx/portraits/portrait_modifiers/asoiaf_character_custom_flags.txt,,dnamodifier.cpp:330,AGOT+ | Исправления совместимости,gfx/portraits/portrait_modifiers/asoiaf_character_custom_flags.txt,could not find template [none]. file: gfx/portraits/portrait_modifiers/asoiaf_character_custom_flags.txt line: 5060 (asoiaf_custom_character_colourations),1766
1523,portrait_templates,Direct file,,gfx/portraits/portrait_modifiers/asoiaf_character_custom_flags.txt,,dnamodifier.cpp:330,AGOT+ | Исправления совместимости,gfx/portraits/portrait_modifiers/asoiaf_character_custom_flags.txt,could not find template [none]. file: gfx/portraits/portrait_modifiers/asoiaf_character_custom_flags.txt line: 5234 (asoiaf_custom_character_colourations),1767
1524,portrait_templates,Direct file,,gfx/portraits/portrait_modifiers/asoiaf_character_custom_flags.txt,,dnamodifier.cpp:330,AGOT+ | Исправления совместимости,gfx/portraits/portrait_modifiers/asoiaf_character_custom_flags.txt,could not find template [none]. file: gfx/portraits/portrait_modifiers/asoiaf_character_custom_flags.txt line: 5240 (asoiaf_custom_character_colourations),1768
1525,portrait_templates,Direct file,,gfx/portraits/portrait_modifiers/asoiaf_character_custom_flags.txt,,dnamodifier.cpp:330,AGOT+ | Исправления совместимости,gfx/portraits/portrait_modifiers/asoiaf_character_custom_flags.txt,could not find template [none]. file: gfx/portraits/portrait_modifiers/asoiaf_character_custom_flags.txt line: 5246 (asoiaf_custom_character_colourations),1769
1526,portrait_templates,Direct file,,gfx/portraits/portrait_modifiers/asoiaf_character_custom_flags.txt,,dnamodifier.cpp:330,AGOT+ | Исправления совместимости,gfx/portraits/portrait_modifiers/asoiaf_character_custom_flags.txt,could not find template [none]. file: gfx/portraits/portrait_modifiers/asoiaf_character_custom_flags.txt line: 5252 (asoiaf_custom_character_colourations),1770
1527,portrait_templates,Direct file,,gfx/portraits/portrait_modifiers/asoiaf_character_custom_flags.txt,,dnamodifier.cpp:330,AGOT+ | Исправления совместимости,gfx/portraits/portrait_modifiers/asoiaf_character_custom_flags.txt,could not find template [none]. file: gfx/portraits/portrait_modifiers/asoiaf_character_custom_flags.txt line: 5258 (asoiaf_custom_character_colourations),1771
1528,portrait_templates,Direct file,,gfx/portraits/portrait_modifiers/asoiaf_character_custom_flags.txt,,dnamodifier.cpp:330,AGOT+ | Исправления совместимости,gfx/portraits/portrait_modifiers/asoiaf_character_custom_flags.txt,could not find template [none]. file: gfx/portraits/portrait_modifiers/asoiaf_character_custom_flags.txt line: 5362 (asoiaf_custom_character_colourations),1772
1529,portrait_templates,Direct file,,gfx/portraits/portrait_modifiers/asoiaf_character_custom_flags.txt,,dnamodifier.cpp:330,AGOT+ | Исправления совместимости,gfx/portraits/portrait_modifiers/asoiaf_character_custom_flags.txt,could not find template [none]. file: gfx/portraits/portrait_modifiers/asoiaf_character_custom_flags.txt line: 5368 (asoiaf_custom_character_colourations),1773
1530,portrait_templates,Direct file,,gfx/portraits/portrait_modifiers/asoiaf_character_custom_flags.txt,,dnamodifier.cpp:330,AGOT+ | Исправления совместимости,gfx/portraits/portrait_modifiers/asoiaf_character_custom_flags.txt,could not find template [none]. file: gfx/portraits/portrait_modifiers/asoiaf_character_custom_flags.txt line: 5374 (asoiaf_custom_character_colourations),1774
1531,portrait_templates,Direct file,,gfx/portraits/portrait_modifiers/asoiaf_character_custom_flags.txt,,dnamodifier.cpp:330,AGOT+ | Исправления совместимости,gfx/portraits/portrait_modifiers/asoiaf_character_custom_flags.txt,could not find template [none]. file: gfx/portraits/portrait_modifiers/asoiaf_character_custom_flags.txt line: 5380 (asoiaf_custom_character_colourations),1775
1532,portrait_templates,Direct file,,gfx/portraits/portrait_modifiers/asoiaf_character_custom_flags.txt,,dnamodifier.cpp:330,AGOT+ | Исправления совместимости,gfx/portraits/portrait_modifiers/asoiaf_character_custom_flags.txt,could not find template [none]. file: gfx/portraits/portrait_modifiers/asoiaf_character_custom_flags.txt line: 5386 (asoiaf_custom_character_colourations),1776
1533,portrait_templates,Direct file,,gfx/portraits/portrait_modifiers/asoiaf_character_custom_flags.txt,,dnamodifier.cpp:330,AGOT+ | Исправления совместимости,gfx/portraits/portrait_modifiers/asoiaf_character_custom_flags.txt,could not find template [none]. file: gfx/portraits/portrait_modifiers/asoiaf_character_custom_flags.txt line: 6158 (asoiaf_custom_character_colourations),1777
1534,portrait_templates,Direct file,,gfx/portraits/portrait_modifiers/asoiaf_character_custom_flags.txt,,dnamodifier.cpp:330,AGOT+ | Исправления совместимости,gfx/portraits/portrait_modifiers/asoiaf_character_custom_flags.txt,could not find template [none]. file: gfx/portraits/portrait_modifiers/asoiaf_character_custom_flags.txt line: 6164 (asoiaf_custom_character_colourations),1778
1535,portrait_templates,Direct file,,gfx/portraits/portrait_modifiers/asoiaf_character_custom_flags.txt,,dnamodifier.cpp:330,AGOT+ | Исправления совместимости,gfx/portraits/portrait_modifiers/asoiaf_character_custom_flags.txt,could not find template [none]. file: gfx/portraits/portrait_modifiers/asoiaf_character_custom_flags.txt line: 6176 (asoiaf_custom_character_colourations),1779
1536,portrait_templates,Direct file,,gfx/portraits/portrait_modifiers/asoiaf_character_custom_flags.txt,,dnamodifier.cpp:330,AGOT+ | Исправления совместимости,gfx/portraits/portrait_modifiers/asoiaf_character_custom_flags.txt,could not find template [none]. file: gfx/portraits/portrait_modifiers/asoiaf_character_custom_flags.txt line: 6182 (asoiaf_custom_character_colourations),1780
1537,portrait_templates,Direct file,,gfx/portraits/portrait_modifiers/asoiaf_character_custom_flags.txt,,dnamodifier.cpp:330,AGOT+ | Исправления совместимости,gfx/portraits/portrait_modifiers/asoiaf_character_custom_flags.txt,could not find template [none]. file: gfx/portraits/portrait_modifiers/asoiaf_character_custom_flags.txt line: 6252 (asoiaf_custom_character_colourations),1781
1538,portrait_templates,Direct file,,gfx/portraits/portrait_modifiers/asoiaf_character_custom_flags.txt,,dnamodifier.cpp:330,AGOT+ | Исправления совместимости,gfx/portraits/portrait_modifiers/asoiaf_character_custom_flags.txt,could not find template [none]. file: gfx/portraits/portrait_modifiers/asoiaf_character_custom_flags.txt line: 6258 (asoiaf_custom_character_colourations),1782
1539,portrait_templates,Direct file,,gfx/portraits/portrait_modifiers/asoiaf_character_custom_flags.txt,,dnamodifier.cpp:330,AGOT+ | Исправления совместимости,gfx/portraits/portrait_modifiers/asoiaf_character_custom_flags.txt,could not find template [none]. file: gfx/portraits/portrait_modifiers/asoiaf_character_custom_flags.txt line: 6264 (asoiaf_custom_character_colourations),1783
1540,portrait_templates,Direct file,,gfx/portraits/portrait_modifiers/asoiaf_character_custom_flags.txt,,dnamodifier.cpp:330,AGOT+ | Исправления совместимости,gfx/portraits/portrait_modifiers/asoiaf_character_custom_flags.txt,could not find template [none]. file: gfx/portraits/portrait_modifiers/asoiaf_character_custom_flags.txt line: 6270 (asoiaf_custom_character_colourations),1784
1541,portrait_templates,Direct file,,gfx/portraits/portrait_modifiers/asoiaf_character_custom_flags.txt,,dnamodifier.cpp:330,AGOT+ | Исправления совместимости,gfx/portraits/portrait_modifiers/asoiaf_character_custom_flags.txt,could not find template [none]. file: gfx/portraits/portrait_modifiers/asoiaf_character_custom_flags.txt line: 6334 (asoiaf_custom_character_colourations),1785
1542,portrait_templates,Direct file,,gfx/portraits/portrait_modifiers/asoiaf_character_custom_flags.txt,,dnamodifier.cpp:330,AGOT+ | Исправления совместимости,gfx/portraits/portrait_modifiers/asoiaf_character_custom_flags.txt,could not find template [none]. file: gfx/portraits/portrait_modifiers/asoiaf_character_custom_flags.txt line: 6340 (asoiaf_custom_character_colourations),1786
1543,portrait_templates,Direct file,,gfx/portraits/portrait_modifiers/asoiaf_character_custom_flags.txt,,dnamodifier.cpp:330,AGOT+ | Исправления совместимости,gfx/portraits/portrait_modifiers/asoiaf_character_custom_flags.txt,could not find template [none]. file: gfx/portraits/portrait_modifiers/asoiaf_character_custom_flags.txt line: 6346 (asoiaf_custom_character_colourations),1787
1544,portrait_templates,Direct file,,gfx/portraits/portrait_modifiers/asoiaf_character_custom_flags.txt,,dnamodifier.cpp:330,AGOT+ | Исправления совместимости,gfx/portraits/portrait_modifiers/asoiaf_character_custom_flags.txt,could not find template [none]. file: gfx/portraits/portrait_modifiers/asoiaf_character_custom_flags.txt line: 6352 (asoiaf_custom_character_colourations),1788
1545,portrait_templates,Direct file,,gfx/portraits/portrait_modifiers/asoiaf_character_custom_flags.txt,,dnamodifier.cpp:330,AGOT+ | Исправления совместимости,gfx/portraits/portrait_modifiers/asoiaf_character_custom_flags.txt,could not find template [none]. file: gfx/portraits/portrait_modifiers/asoiaf_character_custom_flags.txt line: 6358 (asoiaf_custom_character_colourations),1789
1546,portrait_templates,Direct file,,gfx/portraits/portrait_modifiers/asoiaf_character_custom_flags.txt,,dnamodifier.cpp:330,AGOT+ | Исправления совместимости,gfx/portraits/portrait_modifiers/asoiaf_character_custom_flags.txt,could not find template [none]. file: gfx/portraits/portrait_modifiers/asoiaf_character_custom_flags.txt line: 6492 (asoiaf_custom_character_colourations),1790
1547,portrait_templates,Direct file,,gfx/portraits/portrait_modifiers/asoiaf_character_custom_flags.txt,,dnamodifier.cpp:330,AGOT+ | Исправления совместимости,gfx/portraits/portrait_modifiers/asoiaf_character_custom_flags.txt,could not find template [none]. file: gfx/portraits/portrait_modifiers/asoiaf_character_custom_flags.txt line: 6498 (asoiaf_custom_character_colourations),1791
1548,portrait_templates,Direct file,,gfx/portraits/portrait_modifiers/asoiaf_character_custom_flags.txt,,dnamodifier.cpp:330,AGOT+ | Исправления совместимости,gfx/portraits/portrait_modifiers/asoiaf_character_custom_flags.txt,could not find template [none]. file: gfx/portraits/portrait_modifiers/asoiaf_character_custom_flags.txt line: 6504 (asoiaf_custom_character_colourations),1792
1549,portrait_templates,Direct file,,gfx/portraits/portrait_modifiers/asoiaf_character_custom_flags.txt,,dnamodifier.cpp:330,AGOT+ | Исправления совместимости,gfx/portraits/portrait_modifiers/asoiaf_character_custom_flags.txt,could not find template [none]. file: gfx/portraits/portrait_modifiers/asoiaf_character_custom_flags.txt line: 7292 (asoiaf_custom_character_colourations),1793
1550,portrait_templates,Direct file,,gfx/portraits/portrait_modifiers/asoiaf_character_custom_flags.txt,,dnamodifier.cpp:330,AGOT+ | Исправления совместимости,gfx/portraits/portrait_modifiers/asoiaf_character_custom_flags.txt,could not find template [none]. file: gfx/portraits/portrait_modifiers/asoiaf_character_custom_flags.txt line: 7298 (asoiaf_custom_character_colourations),1794
1551,portrait_templates,Direct file,,gfx/portraits/portrait_modifiers/asoiaf_character_custom_flags.txt,,dnamodifier.cpp:330,AGOT+ | Исправления совместимости,gfx/portraits/portrait_modifiers/asoiaf_character_custom_flags.txt,could not find template [none]. file: gfx/portraits/portrait_modifiers/asoiaf_character_custom_flags.txt line: 7304 (asoiaf_custom_character_colourations),1795
1552,portrait_templates,Direct file,,gfx/portraits/portrait_modifiers/asoiaf_character_custom_flags.txt,,dnamodifier.cpp:330,AGOT+ | Исправления совместимости,gfx/portraits/portrait_modifiers/asoiaf_character_custom_flags.txt,could not find template [none]. file: gfx/portraits/portrait_modifiers/asoiaf_character_custom_flags.txt line: 7726 (asoiaf_custom_character_colourations),1796
1553,portrait_templates,Direct file,,gfx/portraits/portrait_modifiers/asoiaf_character_custom_flags.txt,,dnamodifier.cpp:330,AGOT+ | Исправления совместимости,gfx/portraits/portrait_modifiers/asoiaf_character_custom_flags.txt,could not find template [none]. file: gfx/portraits/portrait_modifiers/asoiaf_character_custom_flags.txt line: 7732 (asoiaf_custom_character_colourations),1797
1554,portrait_templates,Direct file,,gfx/portraits/portrait_modifiers/asoiaf_character_custom_flags.txt,,dnamodifier.cpp:330,AGOT+ | Исправления совместимости,gfx/portraits/portrait_modifiers/asoiaf_character_custom_flags.txt,could not find template [none]. file: gfx/portraits/portrait_modifiers/asoiaf_character_custom_flags.txt line: 7738 (asoiaf_custom_character_colourations),1798
1555,portrait_templates,Direct file,,gfx/portraits/portrait_modifiers/asoiaf_character_custom_flags.txt,,dnamodifier.cpp:330,AGOT+ | Исправления совместимости,gfx/portraits/portrait_modifiers/asoiaf_character_custom_flags.txt,could not find template [none]. file: gfx/portraits/portrait_modifiers/asoiaf_character_custom_flags.txt line: 7744 (asoiaf_custom_character_colourations),1799
1556,portrait_templates,Direct file,,gfx/portraits/portrait_modifiers/asoiaf_character_custom_flags.txt,,dnamodifier.cpp:330,AGOT+ | Исправления совместимости,gfx/portraits/portrait_modifiers/asoiaf_character_custom_flags.txt,could not find template [none]. file: gfx/portraits/portrait_modifiers/asoiaf_character_custom_flags.txt line: 7750 (asoiaf_custom_character_colourations),1800
1557,portrait_templates,Direct file,,gfx/portraits/portrait_modifiers/asoiaf_character_custom_flags.txt,,dnamodifier.cpp:330,AGOT+ | Исправления совместимости,gfx/portraits/portrait_modifiers/asoiaf_character_custom_flags.txt,could not find template [none]. file: gfx/portraits/portrait_modifiers/asoiaf_character_custom_flags.txt line: 8872 (asoiaf_custom_character_colourations),1801
1558,portrait_templates,Direct file,,gfx/portraits/portrait_modifiers/asoiaf_character_custom_flags.txt,,dnamodifier.cpp:330,AGOT+ | Исправления совместимости,gfx/portraits/portrait_modifiers/asoiaf_character_custom_flags.txt,could not find template [none]. file: gfx/portraits/portrait_modifiers/asoiaf_character_custom_flags.txt line: 8878 (asoiaf_custom_character_colourations),1802
1559,portrait_templates,Direct file,,gfx/portraits/portrait_modifiers/asoiaf_character_custom_flags.txt,,dnamodifier.cpp:330,AGOT+ | Исправления совместимости,gfx/portraits/portrait_modifiers/asoiaf_character_custom_flags.txt,could not find template [none]. file: gfx/portraits/portrait_modifiers/asoiaf_character_custom_flags.txt line: 8884 (asoiaf_custom_character_colourations),1803
1560,portrait_templates,Direct file,,gfx/portraits/portrait_modifiers/asoiaf_character_custom_flags.txt,,dnamodifier.cpp:330,AGOT+ | Исправления совместимости,gfx/portraits/portrait_modifiers/asoiaf_character_custom_flags.txt,could not find template [none]. file: gfx/portraits/portrait_modifiers/asoiaf_character_custom_flags.txt line: 8890 (asoiaf_custom_character_colourations),1804
1561,portrait_templates,Direct file,,gfx/portraits/portrait_modifiers/asoiaf_character_custom_flags.txt,,dnamodifier.cpp:330,AGOT+ | Исправления совместимости,gfx/portraits/portrait_modifiers/asoiaf_character_custom_flags.txt,could not find template [none]. file: gfx/portraits/portrait_modifiers/asoiaf_character_custom_flags.txt line: 8896 (asoiaf_custom_character_colourations),1805
1562,portrait_templates,Direct file,,gfx/portraits/portrait_modifiers/asoiaf_character_custom_flags.txt,,dnamodifier.cpp:330,AGOT+ | Исправления совместимости,gfx/portraits/portrait_modifiers/asoiaf_character_custom_flags.txt,could not find template [none]. file: gfx/portraits/portrait_modifiers/asoiaf_character_custom_flags.txt line: 8951 (asoiaf_custom_character_colourations),1806
1563,portrait_templates,Direct file,,gfx/portraits/portrait_modifiers/asoiaf_character_custom_flags.txt,,dnamodifier.cpp:330,AGOT+ | Исправления совместимости,gfx/portraits/portrait_modifiers/asoiaf_character_custom_flags.txt,could not find template [none]. file: gfx/portraits/portrait_modifiers/asoiaf_character_custom_flags.txt line: 8963 (asoiaf_custom_character_colourations),1807
1564,portrait_templates,Direct file,,gfx/portraits/portrait_modifiers/asoiaf_character_custom_flags.txt,,dnamodifier.cpp:330,AGOT+ | Исправления совместимости,gfx/portraits/portrait_modifiers/asoiaf_character_custom_flags.txt,could not find template [none]. file: gfx/portraits/portrait_modifiers/asoiaf_character_custom_flags.txt line: 8969 (asoiaf_custom_character_colourations),1808
1565,portrait_templates,Direct file,,gfx/portraits/portrait_modifiers/asoiaf_character_custom_flags.txt,,dnamodifier.cpp:330,AGOT+ | Исправления совместимости,gfx/portraits/portrait_modifiers/asoiaf_character_custom_flags.txt,could not find template [none]. file: gfx/portraits/portrait_modifiers/asoiaf_character_custom_flags.txt line: 8975 (asoiaf_custom_character_colourations),1809
1566,portrait_templates,Direct file,,gfx/portraits/portrait_modifiers/asoiaf_character_custom_flags.txt,,dnamodifier.cpp:330,AGOT+ | Исправления совместимости,gfx/portraits/portrait_modifiers/asoiaf_character_custom_flags.txt,could not find template [none]. file: gfx/portraits/portrait_modifiers/asoiaf_character_custom_flags.txt line: 9459 (asoiaf_custom_character_colourations),1810
1567,portrait_templates,Direct file,,gfx/portraits/portrait_modifiers/asoiaf_character_custom_flags.txt,,dnamodifier.cpp:330,AGOT+ | Исправления совместимости,gfx/portraits/portrait_modifiers/asoiaf_character_custom_flags.txt,could not find template [none]. file: gfx/portraits/portrait_modifiers/asoiaf_character_custom_flags.txt line: 9465 (asoiaf_custom_character_colourations),1811
1568,portrait_templates,Direct file,,gfx/portraits/portrait_modifiers/asoiaf_character_custom_flags.txt,,dnamodifier.cpp:330,AGOT+ | Исправления совместимости,gfx/portraits/portrait_modifiers/asoiaf_character_custom_flags.txt,could not find template [none]. file: gfx/portraits/portrait_modifiers/asoiaf_character_custom_flags.txt line: 9471 (asoiaf_custom_character_colourations),1812
1569,portrait_templates,Direct file,,gfx/portraits/portrait_modifiers/asoiaf_character_custom_flags.txt,,dnamodifier.cpp:330,AGOT+ | Исправления совместимости,gfx/portraits/portrait_modifiers/asoiaf_character_custom_flags.txt,could not find template [none]. file: gfx/portraits/portrait_modifiers/asoiaf_character_custom_flags.txt line: 9477 (asoiaf_custom_character_colourations),1813
1570,portrait_templates,Direct file,,gfx/portraits/portrait_modifiers/asoiaf_character_custom_flags.txt,,dnamodifier.cpp:330,AGOT+ | Исправления совместимости,gfx/portraits/portrait_modifiers/asoiaf_character_custom_flags.txt,could not find template [none]. file: gfx/portraits/portrait_modifiers/asoiaf_character_custom_flags.txt line: 9483 (asoiaf_custom_character_colourations),1814
1571,portrait_templates,Direct file,,gfx/portraits/portrait_modifiers/asoiaf_character_custom_flags.txt,,dnamodifier.cpp:330,AGOT+ | Исправления совместимости,gfx/portraits/portrait_modifiers/asoiaf_character_custom_flags.txt,could not find template [none]. file: gfx/portraits/portrait_modifiers/asoiaf_character_custom_flags.txt line: 10639 (asoiaf_custom_character_colourations),1815
1572,portrait_templates,Direct file,,gfx/portraits/portrait_modifiers/asoiaf_character_custom_flags.txt,,dnamodifier.cpp:330,AGOT+ | Исправления совместимости,gfx/portraits/portrait_modifiers/asoiaf_character_custom_flags.txt,could not find template [none]. file: gfx/portraits/portrait_modifiers/asoiaf_character_custom_flags.txt line: 10645 (asoiaf_custom_character_colourations),1816
1573,portrait_templates,Direct file,,gfx/portraits/portrait_modifiers/asoiaf_character_custom_flags.txt,,dnamodifier.cpp:330,AGOT+ | Исправления совместимости,gfx/portraits/portrait_modifiers/asoiaf_character_custom_flags.txt,could not find template [none]. file: gfx/portraits/portrait_modifiers/asoiaf_character_custom_flags.txt line: 10651 (asoiaf_custom_character_colourations),1817
1574,portrait_templates,Direct file,,gfx/portraits/portrait_modifiers/asoiaf_character_custom_flags.txt,,dnamodifier.cpp:330,AGOT+ | Исправления совместимости,gfx/portraits/portrait_modifiers/asoiaf_character_custom_flags.txt,could not find template [none]. file: gfx/portraits/portrait_modifiers/asoiaf_character_custom_flags.txt line: 10657 (asoiaf_custom_character_colourations),1818
1575,portrait_templates,Direct file,,gfx/portraits/portrait_modifiers/asoiaf_character_custom_flags.txt,,dnamodifier.cpp:330,AGOT+ | Исправления совместимости,gfx/portraits/portrait_modifiers/asoiaf_character_custom_flags.txt,could not find template [none]. file: gfx/portraits/portrait_modifiers/asoiaf_character_custom_flags.txt line: 10663 (asoiaf_custom_character_colourations),1819
1576,portrait_templates,Direct file,,gfx/portraits/portrait_modifiers/asoiaf_character_custom_flags.txt,,dnamodifier.cpp:330,AGOT+ | Исправления совместимости,gfx/portraits/portrait_modifiers/asoiaf_character_custom_flags.txt,could not find template [none]. file: gfx/portraits/portrait_modifiers/asoiaf_character_custom_flags.txt line: 10767 (asoiaf_custom_character_colourations),1820
1577,portrait_templates,Direct file,,gfx/portraits/portrait_modifiers/asoiaf_character_custom_flags.txt,,dnamodifier.cpp:330,AGOT+ | Исправления совместимости,gfx/portraits/portrait_modifiers/asoiaf_character_custom_flags.txt,could not find template [none]. file: gfx/portraits/portrait_modifiers/asoiaf_character_custom_flags.txt line: 10773 (asoiaf_custom_character_colourations),1821
1578,portrait_templates,Direct file,,gfx/portraits/portrait_modifiers/asoiaf_character_custom_flags.txt,,dnamodifier.cpp:330,AGOT+ | Исправления совместимости,gfx/portraits/portrait_modifiers/asoiaf_character_custom_flags.txt,could not find template [none]. file: gfx/portraits/portrait_modifiers/asoiaf_character_custom_flags.txt line: 10785 (asoiaf_custom_character_colourations),1822
1579,portrait_templates,Direct file,,gfx/portraits/portrait_modifiers/asoiaf_character_custom_flags.txt,,dnamodifier.cpp:330,AGOT+ | Исправления совместимости,gfx/portraits/portrait_modifiers/asoiaf_character_custom_flags.txt,could not find template [none]. file: gfx/portraits/portrait_modifiers/asoiaf_character_custom_flags.txt line: 10791 (asoiaf_custom_character_colourations),1823
1580,portrait_rules,Direct file,,gfx/portraits/portrait_modifiers/asoiaf_character_custom_flags.txt,,pdx_persistent_reader.cpp:216,AGOT+ | Исправления совместимости,gfx/portraits/portrait_modifiers/asoiaf_character_custom_flags.txt,"Error: ""Unknown trigger: portrait_wear_lannister_armour_torso_courtiers, near line: 11965"" in file: ""gfx/portraits/portrait_modifiers/asoiaf_character_custom_flags.txt"" near line: 11965",1824
1581,portrait_templates,Direct file,,gfx/portraits/portrait_modifiers/asoiaf_character_custom_flags.txt,,dnamodifier.cpp:330,AGOT+ | Исправления совместимости,gfx/portraits/portrait_modifiers/asoiaf_character_custom_flags.txt,could not find template [none]. file: gfx/portraits/portrait_modifiers/asoiaf_character_custom_flags.txt line: 12215 (asoiaf_custom_character_colourations),1825
1582,portrait_templates,Direct file,,gfx/portraits/portrait_modifiers/asoiaf_character_custom_flags.txt,,dnamodifier.cpp:330,AGOT+ | Исправления совместимости,gfx/portraits/portrait_modifiers/asoiaf_character_custom_flags.txt,could not find template [none]. file: gfx/portraits/portrait_modifiers/asoiaf_character_custom_flags.txt line: 12221 (asoiaf_custom_character_colourations),1826
1583,portrait_templates,Direct file,,gfx/portraits/portrait_modifiers/asoiaf_character_custom_flags.txt,,dnamodifier.cpp:330,AGOT+ | Исправления совместимости,gfx/portraits/portrait_modifiers/asoiaf_character_custom_flags.txt,could not find template [none]. file: gfx/portraits/portrait_modifiers/asoiaf_character_custom_flags.txt line: 12227 (asoiaf_custom_character_colourations),1827
1584,portrait_templates,Direct file,,gfx/portraits/portrait_modifiers/asoiaf_character_custom_flags.txt,,dnamodifier.cpp:330,AGOT+ | Исправления совместимости,gfx/portraits/portrait_modifiers/asoiaf_character_custom_flags.txt,could not find template [none]. file: gfx/portraits/portrait_modifiers/asoiaf_character_custom_flags.txt line: 12233 (asoiaf_custom_character_colourations),1828
1585,portrait_templates,Direct file,,gfx/portraits/portrait_modifiers/asoiaf_character_custom_flags.txt,,dnamodifier.cpp:330,AGOT+ | Исправления совместимости,gfx/portraits/portrait_modifiers/asoiaf_character_custom_flags.txt,could not find template [none]. file: gfx/portraits/portrait_modifiers/asoiaf_character_custom_flags.txt line: 12239 (asoiaf_custom_character_colourations),1829
1586,portrait_templates,Direct file,,gfx/portraits/portrait_modifiers/asoiaf_character_custom_flags.txt,,dnamodifier.cpp:330,AGOT+ | Исправления совместимости,gfx/portraits/portrait_modifiers/asoiaf_character_custom_flags.txt,could not find template [none]. file: gfx/portraits/portrait_modifiers/asoiaf_character_custom_flags.txt line: 12791 (asoiaf_custom_character_colourations),1830
1587,portrait_templates,Direct file,,gfx/portraits/portrait_modifiers/asoiaf_character_custom_flags.txt,,dnamodifier.cpp:330,AGOT+ | Исправления совместимости,gfx/portraits/portrait_modifiers/asoiaf_character_custom_flags.txt,could not find template [none]. file: gfx/portraits/portrait_modifiers/asoiaf_character_custom_flags.txt line: 12797 (asoiaf_custom_character_colourations),1831
1588,portrait_templates,Direct file,,gfx/portraits/portrait_modifiers/asoiaf_character_custom_flags.txt,,dnamodifier.cpp:330,AGOT+ | Исправления совместимости,gfx/portraits/portrait_modifiers/asoiaf_character_custom_flags.txt,could not find template [none]. file: gfx/portraits/portrait_modifiers/asoiaf_character_custom_flags.txt line: 12803 (asoiaf_custom_character_colourations),1832
1589,portrait_templates,Direct file,,gfx/portraits/portrait_modifiers/asoiaf_character_custom_flags.txt,,dnamodifier.cpp:330,AGOT+ | Исправления совместимости,gfx/portraits/portrait_modifiers/asoiaf_character_custom_flags.txt,could not find template [none]. file: gfx/portraits/portrait_modifiers/asoiaf_character_custom_flags.txt line: 12809 (asoiaf_custom_character_colourations),1833
1590,portrait_templates,Direct file,,gfx/portraits/portrait_modifiers/asoiaf_character_custom_flags.txt,,dnamodifier.cpp:330,AGOT+ | Исправления совместимости,gfx/portraits/portrait_modifiers/asoiaf_character_custom_flags.txt,could not find template [none]. file: gfx/portraits/portrait_modifiers/asoiaf_character_custom_flags.txt line: 12815 (asoiaf_custom_character_colourations),1834
1591,portrait_templates,Direct file,,gfx/portraits/portrait_modifiers/asoiaf_character_custom_flags.txt,,dnamodifier.cpp:330,AGOT+ | Исправления совместимости,gfx/portraits/portrait_modifiers/asoiaf_character_custom_flags.txt,could not find template [none]. file: gfx/portraits/portrait_modifiers/asoiaf_character_custom_flags.txt line: 13014 (asoiaf_custom_character_colourations),1835
1592,portrait_templates,Direct file,,gfx/portraits/portrait_modifiers/asoiaf_character_custom_flags.txt,,dnamodifier.cpp:330,AGOT+ | Исправления совместимости,gfx/portraits/portrait_modifiers/asoiaf_character_custom_flags.txt,could not find template [none]. file: gfx/portraits/portrait_modifiers/asoiaf_character_custom_flags.txt line: 13020 (asoiaf_custom_character_colourations),1836
1593,portrait_templates,Direct file,,gfx/portraits/portrait_modifiers/asoiaf_character_custom_flags.txt,,dnamodifier.cpp:330,AGOT+ | Исправления совместимости,gfx/portraits/portrait_modifiers/asoiaf_character_custom_flags.txt,could not find template [none]. file: gfx/portraits/portrait_modifiers/asoiaf_character_custom_flags.txt line: 13026 (asoiaf_custom_character_colourations),1837
1594,portrait_templates,Direct file,,gfx/portraits/portrait_modifiers/asoiaf_character_custom_flags.txt,,dnamodifier.cpp:330,AGOT+ | Исправления совместимости,gfx/portraits/portrait_modifiers/asoiaf_character_custom_flags.txt,could not find template [none]. file: gfx/portraits/portrait_modifiers/asoiaf_character_custom_flags.txt line: 13032 (asoiaf_custom_character_colourations),1838
1595,portrait_templates,Direct file,,gfx/portraits/portrait_modifiers/asoiaf_character_custom_flags.txt,,dnamodifier.cpp:330,AGOT+ | Исправления совместимости,gfx/portraits/portrait_modifiers/asoiaf_character_custom_flags.txt,could not find template [none]. file: gfx/portraits/portrait_modifiers/asoiaf_character_custom_flags.txt line: 13038 (asoiaf_custom_character_colourations),1839
1596,portrait_templates,Direct file,,gfx/portraits/portrait_modifiers/asoiaf_character_custom_flags.txt,,dnamodifier.cpp:330,AGOT+ | Исправления совместимости,gfx/portraits/portrait_modifiers/asoiaf_character_custom_flags.txt,could not find template [none]. file: gfx/portraits/portrait_modifiers/asoiaf_character_custom_flags.txt line: 13609 (asoiaf_custom_character_colourations),1840
1597,portrait_templates,Direct file,,gfx/portraits/portrait_modifiers/asoiaf_character_custom_flags.txt,,dnamodifier.cpp:330,AGOT+ | Исправления совместимости,gfx/portraits/portrait_modifiers/asoiaf_character_custom_flags.txt,could not find template [none]. file: gfx/portraits/portrait_modifiers/asoiaf_character_custom_flags.txt line: 13615 (asoiaf_custom_character_colourations),1841
1598,portrait_templates,Direct file,,gfx/portraits/portrait_modifiers/asoiaf_character_custom_flags.txt,,dnamodifier.cpp:330,AGOT+ | Исправления совместимости,gfx/portraits/portrait_modifiers/asoiaf_character_custom_flags.txt,could not find template [none]. file: gfx/portraits/portrait_modifiers/asoiaf_character_custom_flags.txt line: 13621 (asoiaf_custom_character_colourations),1842
1599,portrait_templates,Direct file,,gfx/portraits/portrait_modifiers/asoiaf_character_custom_flags.txt,,dnamodifier.cpp:330,AGOT+ | Исправления совместимости,gfx/portraits/portrait_modifiers/asoiaf_character_custom_flags.txt,could not find template [none]. file: gfx/portraits/portrait_modifiers/asoiaf_character_custom_flags.txt line: 13627 (asoiaf_custom_character_colourations),1843
1600,portrait_templates,Direct file,,gfx/portraits/portrait_modifiers/asoiaf_character_custom_flags.txt,,dnamodifier.cpp:330,AGOT+ | Исправления совместимости,gfx/portraits/portrait_modifiers/asoiaf_character_custom_flags.txt,could not find template [none]. file: gfx/portraits/portrait_modifiers/asoiaf_character_custom_flags.txt line: 13788 (asoiaf_custom_character_colourations),1844
1601,portrait_templates,Direct file,,gfx/portraits/portrait_modifiers/asoiaf_character_custom_flags.txt,,dnamodifier.cpp:330,AGOT+ | Исправления совместимости,gfx/portraits/portrait_modifiers/asoiaf_character_custom_flags.txt,could not find template [none]. file: gfx/portraits/portrait_modifiers/asoiaf_character_custom_flags.txt line: 13794 (asoiaf_custom_character_colourations),1845
1602,portrait_templates,Direct file,,gfx/portraits/portrait_modifiers/asoiaf_character_custom_flags.txt,,dnamodifier.cpp:330,AGOT+ | Исправления совместимости,gfx/portraits/portrait_modifiers/asoiaf_character_custom_flags.txt,could not find template [none]. file: gfx/portraits/portrait_modifiers/asoiaf_character_custom_flags.txt line: 13800 (asoiaf_custom_character_colourations),1846
1603,portrait_templates,Direct file,,gfx/portraits/portrait_modifiers/asoiaf_character_custom_flags.txt,,dnamodifier.cpp:330,AGOT+ | Исправления совместимости,gfx/portraits/portrait_modifiers/asoiaf_character_custom_flags.txt,could not find template [none]. file: gfx/portraits/portrait_modifiers/asoiaf_character_custom_flags.txt line: 13806 (asoiaf_custom_character_colourations),1847
1604,portrait_templates,Direct file,,gfx/portraits/portrait_modifiers/asoiaf_character_custom_flags.txt,,dnamodifier.cpp:330,AGOT+ | Исправления совместимости,gfx/portraits/portrait_modifiers/asoiaf_character_custom_flags.txt,could not find template [none]. file: gfx/portraits/portrait_modifiers/asoiaf_character_custom_flags.txt line: 13812 (asoiaf_custom_character_colourations),1848
1605,portrait_templates,Direct file,,gfx/portraits/portrait_modifiers/asoiaf_character_custom_flags.txt,,dnamodifier.cpp:330,AGOT+ | Исправления совместимости,gfx/portraits/portrait_modifiers/asoiaf_character_custom_flags.txt,could not find template [none]. file: gfx/portraits/portrait_modifiers/asoiaf_character_custom_flags.txt line: 14180 (asoiaf_custom_character_colourations),1849
1606,portrait_templates,Direct file,,gfx/portraits/portrait_modifiers/asoiaf_character_custom_flags.txt,,dnamodifier.cpp:330,AGOT+ | Исправления совместимости,gfx/portraits/portrait_modifiers/asoiaf_character_custom_flags.txt,could not find template [none]. file: gfx/portraits/portrait_modifiers/asoiaf_character_custom_flags.txt line: 14186 (asoiaf_custom_character_colourations),1850
1607,portrait_templates,Direct file,,gfx/portraits/portrait_modifiers/asoiaf_character_custom_flags.txt,,dnamodifier.cpp:330,AGOT+ | Исправления совместимости,gfx/portraits/portrait_modifiers/asoiaf_character_custom_flags.txt,could not find template [none]. file: gfx/portraits/portrait_modifiers/asoiaf_character_custom_flags.txt line: 14192 (asoiaf_custom_character_colourations),1851
1608,portrait_templates,Direct file,,gfx/portraits/portrait_modifiers/asoiaf_character_custom_flags.txt,,dnamodifier.cpp:330,AGOT+ | Исправления совместимости,gfx/portraits/portrait_modifiers/asoiaf_character_custom_flags.txt,could not find template [none]. file: gfx/portraits/portrait_modifiers/asoiaf_character_custom_flags.txt line: 14198 (asoiaf_custom_character_colourations),1852
1609,portrait_templates,Direct file,,gfx/portraits/portrait_modifiers/asoiaf_character_custom_flags.txt,,dnamodifier.cpp:330,AGOT+ | Исправления совместимости,gfx/portraits/portrait_modifiers/asoiaf_character_custom_flags.txt,could not find template [none]. file: gfx/portraits/portrait_modifiers/asoiaf_character_custom_flags.txt line: 14204 (asoiaf_custom_character_colourations),1853
1610,portrait_templates,Direct file,,gfx/portraits/portrait_modifiers/asoiaf_character_custom_flags.txt,,dnamodifier.cpp:330,AGOT+ | Исправления совместимости,gfx/portraits/portrait_modifiers/asoiaf_character_custom_flags.txt,could not find template [none]. file: gfx/portraits/portrait_modifiers/asoiaf_character_custom_flags.txt line: 14561 (asoiaf_custom_character_colourations),1854
1611,portrait_templates,Direct file,,gfx/portraits/portrait_modifiers/asoiaf_character_custom_flags.txt,,dnamodifier.cpp:330,AGOT+ | Исправления совместимости,gfx/portraits/portrait_modifiers/asoiaf_character_custom_flags.txt,could not find template [none]. file: gfx/portraits/portrait_modifiers/asoiaf_character_custom_flags.txt line: 14567 (asoiaf_custom_character_colourations),1855
1612,portrait_templates,Direct file,,gfx/portraits/portrait_modifiers/asoiaf_character_custom_flags.txt,,dnamodifier.cpp:330,AGOT+ | Исправления совместимости,gfx/portraits/portrait_modifiers/asoiaf_character_custom_flags.txt,could not find template [none]. file: gfx/portraits/portrait_modifiers/asoiaf_character_custom_flags.txt line: 14573 (asoiaf_custom_character_colourations),1856
1613,portrait_templates,Direct file,,gfx/portraits/portrait_modifiers/asoiaf_character_custom_flags.txt,,dnamodifier.cpp:330,AGOT+ | Исправления совместимости,gfx/portraits/portrait_modifiers/asoiaf_character_custom_flags.txt,could not find template [none]. file: gfx/portraits/portrait_modifiers/asoiaf_character_custom_flags.txt line: 14579 (asoiaf_custom_character_colourations),1857
1614,portrait_templates,Direct file,,gfx/portraits/portrait_modifiers/asoiaf_character_custom_flags.txt,,dnamodifier.cpp:330,AGOT+ | Исправления совместимости,gfx/portraits/portrait_modifiers/asoiaf_character_custom_flags.txt,could not find template [none]. file: gfx/portraits/portrait_modifiers/asoiaf_character_custom_flags.txt line: 14585 (asoiaf_custom_character_colourations),1858
1615,portrait_templates,Direct file,,gfx/portraits/portrait_modifiers/asoiaf_character_custom_flags.txt,,dnamodifier.cpp:330,AGOT+ | Исправления совместимости,gfx/portraits/portrait_modifiers/asoiaf_character_custom_flags.txt,could not find template [none]. file: gfx/portraits/portrait_modifiers/asoiaf_character_custom_flags.txt line: 14640 (asoiaf_custom_character_colourations),1859
1616,portrait_templates,Direct file,,gfx/portraits/portrait_modifiers/asoiaf_character_custom_flags.txt,,dnamodifier.cpp:330,AGOT+ | Исправления совместимости,gfx/portraits/portrait_modifiers/asoiaf_character_custom_flags.txt,could not find template [none]. file: gfx/portraits/portrait_modifiers/asoiaf_character_custom_flags.txt line: 14646 (asoiaf_custom_character_colourations),1860
1617,portrait_templates,Direct file,,gfx/portraits/portrait_modifiers/asoiaf_character_custom_flags.txt,,dnamodifier.cpp:330,AGOT+ | Исправления совместимости,gfx/portraits/portrait_modifiers/asoiaf_character_custom_flags.txt,could not find template [none]. file: gfx/portraits/portrait_modifiers/asoiaf_character_custom_flags.txt line: 14652 (asoiaf_custom_character_colourations),1861
1618,portrait_templates,Direct file,,gfx/portraits/portrait_modifiers/asoiaf_character_custom_flags.txt,,dnamodifier.cpp:330,AGOT+ | Исправления совместимости,gfx/portraits/portrait_modifiers/asoiaf_character_custom_flags.txt,could not find template [none]. file: gfx/portraits/portrait_modifiers/asoiaf_character_custom_flags.txt line: 14658 (asoiaf_custom_character_colourations),1862
1619,portrait_templates,Direct file,,gfx/portraits/portrait_modifiers/asoiaf_character_custom_flags.txt,,dnamodifier.cpp:330,AGOT+ | Исправления совместимости,gfx/portraits/portrait_modifiers/asoiaf_character_custom_flags.txt,could not find template [none]. file: gfx/portraits/portrait_modifiers/asoiaf_character_custom_flags.txt line: 14664 (asoiaf_custom_character_colourations),1863
1620,portrait_rules,Direct file,,gfx/portraits/portrait_modifiers/asoiaf_character_custom_flags.txt,,pdx_persistent_reader.cpp:216,AGOT+ | Исправления совместимости,gfx/portraits/portrait_modifiers/asoiaf_character_custom_flags.txt,"Error: ""Unexpected token: accesory, near line: 17857"" in file: ""gfx/portraits/portrait_modifiers/asoiaf_character_custom_flags.txt"" near line: 17857",1864
1621,portrait_templates,Direct file,,gfx/portraits/portrait_modifiers/asoiaf_character_custom_flags.txt,,dnamodifier.cpp:338,AGOT+ | Исправления совместимости,gfx/portraits/portrait_modifiers/asoiaf_character_custom_flags.txt,Need a value set. file: gfx/portraits/portrait_modifiers/asoiaf_character_custom_flags.txt line: 17853 (asoiaf_custom_character_clothes),1865
1623,portrait_templates,Direct file,,gfx/portraits/portrait_modifiers/asoiaf_character_custom_flags.txt,,dnamodifier.cpp:330,AGOT+ | Исправления совместимости,gfx/portraits/portrait_modifiers/asoiaf_character_custom_flags.txt,could not find template [asoiaf_fots_religious_clothes]. file: gfx/portraits/portrait_modifiers/asoiaf_character_custom_flags.txt line: 19159 (asoiaf_custom_character_clothes),1867
1624,portrait_templates,Direct file,,gfx/portraits/portrait_modifiers/asoiaf_character_custom_flags.txt,,dnamodifier.cpp:469,AGOT+ | Исправления совместимости,gfx/portraits/portrait_modifiers/asoiaf_character_custom_flags.txt,"Failed to find accessory group for asoiaf_fots_religious_clothes, near file: gfx/portraits/portrait_modifiers/asoiaf_character_custom_flags.txt line: 19159 (asoiaf_custom_character_clothes)",1868
1625,portrait_templates,Direct file,,gfx/portraits/portrait_modifiers/asoiaf_clothes.txt,,dnamodifier.cpp:481,AGOT+,gfx/portraits/portrait_modifiers/asoiaf_clothes.txt,"Can't find accessory 'male_clothes_religious_catholic_high_1' in gene template religious_catholic_high_clothes, near file: gfx/portraits/portrait_modifiers/asoiaf_clothes.txt line: 797 (asoiaf_septon_clothes_modifiers)",1869
1626,portrait_rules,Direct file,,gfx/portraits/portrait_modifiers/asoiaf_clothes.txt,,jomini_eventtarget.cpp:692,AGOT+,gfx/portraits/portrait_modifiers/asoiaf_clothes.txt,Failed to find a valid event target link 'has_religion' at file: gfx/portraits/portrait_modifiers/asoiaf_clothes.txt line: 1092 (asoiaf_drowned_man_clothes_modifiers:weight),1870
1627,portrait_rules,Direct file,,gfx/portraits/portrait_modifiers/asoiaf_clothes.txt,,pdx_persistent_reader.cpp:216,AGOT+,gfx/portraits/portrait_modifiers/asoiaf_clothes.txt,"Error: ""Unknown trigger: liege.has_religion, near line: 1092"" in file: ""gfx/portraits/portrait_modifiers/asoiaf_clothes.txt"" near line: 1093",1871
1628,portrait_rules,Direct file,,gfx/portraits/portrait_modifiers/asoiaf_clothes.txt,,jomini_eventtarget.cpp:692,AGOT+,gfx/portraits/portrait_modifiers/asoiaf_clothes.txt,Failed to find a valid event target link 'has_religion' at file: gfx/portraits/portrait_modifiers/asoiaf_clothes.txt line: 1176 (asoiaf_drowned_man_clothes_modifiers:weight),1872
1629,portrait_rules,Direct file,,gfx/portraits/portrait_modifiers/asoiaf_clothes.txt,,pdx_persistent_reader.cpp:216,AGOT+,gfx/portraits/portrait_modifiers/asoiaf_clothes.txt,"Error: ""Unknown trigger: liege.has_religion, near line: 1176"" in file: ""gfx/portraits/portrait_modifiers/asoiaf_clothes.txt"" near line: 1181",1873
1630,portrait_templates,Direct file,,gfx/portraits/portrait_modifiers/asoiaf_clothes_armor.txt,,dnamodifier.cpp:481,AGOT+,gfx/portraits/portrait_modifiers/asoiaf_clothes_armor.txt,"Can't find accessory 'male_legwear_asoiaf_hound_legs' in gene template asoiaf_all_legwears, near file: gfx/portraits/portrait_modifiers/asoiaf_clothes_armor.txt line: 6706 (asoiaf_clothes_armor)",1874
1631,portrait_templates,Direct file,,gfx/portraits/portrait_modifiers/asoiaf_dragon_appearance_flags.txt,,dnamodifier.cpp:330,AGOT+,gfx/portraits/portrait_modifiers/asoiaf_dragon_appearance_flags.txt,could not find template [dragon_horns_small]. file: gfx/portraits/portrait_modifiers/asoiaf_dragon_appearance_flags.txt line: 98 (asoiaf_dragon_appearances),1875
1632,portrait_templates,Direct file,,gfx/portraits/portrait_modifiers/asoiaf_dragon_appearance_flags.txt,,dnamodifier.cpp:330,AGOT+,gfx/portraits/portrait_modifiers/asoiaf_dragon_appearance_flags.txt,could not find template [dragon_horns_small]. file: gfx/portraits/portrait_modifiers/asoiaf_dragon_appearance_flags.txt line: 522 (asoiaf_dragon_appearances),1876
1633,portrait_templates,Direct file,,gfx/portraits/portrait_modifiers/asoiaf_hairs_custom_flags.txt,,dnamodifier.cpp:481,AGOT+ | Исправления совместимости,gfx/portraits/portrait_modifiers/asoiaf_hairs_custom_flags.txt,"Can't find accessory 'male_hair_fp1_09' in gene template agot_all_hairstyles, near file: gfx/portraits/portrait_modifiers/asoiaf_hairs_custom_flags.txt line: 1911 (asoiaf_hairs_custom_appearances)",1877
1634,portrait_templates,Direct file,,gfx/portraits/portrait_modifiers/asoiaf_headgear_armor.txt,,dnamodifier.cpp:330,AGOT+,gfx/portraits/portrait_modifiers/asoiaf_headgear_armor.txt,could not find template [head_top_height_neg]. file: gfx/portraits/portrait_modifiers/asoiaf_headgear_armor.txt line: 3409 (asoiaf_headgear_armor),1878
1635,portrait_templates,Direct file,,gfx/portraits/portrait_modifiers/asoiaf_headgear_armor.txt,,dnamodifier.cpp:330,AGOT+,gfx/portraits/portrait_modifiers/asoiaf_headgear_armor.txt,could not find template [head_top_height_neg]. file: gfx/portraits/portrait_modifiers/asoiaf_headgear_armor.txt line: 3548 (asoiaf_headgear_armor),1879
1636,portrait_templates,Direct file,,gfx/portraits/portrait_modifiers/asoiaf_headgear_armor.txt,,dnamodifier.cpp:330,AGOT+,gfx/portraits/portrait_modifiers/asoiaf_headgear_armor.txt,could not find template [head_top_height_neg]. file: gfx/portraits/portrait_modifiers/asoiaf_headgear_armor.txt line: 3679 (asoiaf_headgear_armor),1880
1637,portrait_templates,Direct file,,gfx/portraits/portrait_modifiers/asoiaf_headgear_armor.txt,,dnamodifier.cpp:330,AGOT+,gfx/portraits/portrait_modifiers/asoiaf_headgear_armor.txt,could not find template [head_top_height_neg]. file: gfx/portraits/portrait_modifiers/asoiaf_headgear_armor.txt line: 4026 (asoiaf_headgear_armor),1881
1638,portrait_templates,Direct file,,gfx/portraits/portrait_modifiers/asoiaf_headgear_armor.txt,,dnamodifier.cpp:330,AGOT+,gfx/portraits/portrait_modifiers/asoiaf_headgear_armor.txt,could not find template [head_top_height_neg]. file: gfx/portraits/portrait_modifiers/asoiaf_headgear_armor.txt line: 4144 (asoiaf_headgear_armor),1882
1639,portrait_rules,Direct file,,gfx/portraits/portrait_modifiers/asoiaf_headgear_crowns.txt,,pdx_persistent_reader.cpp:216,AGOT+,gfx/portraits/portrait_modifiers/asoiaf_headgear_crowns.txt,"Error: ""Unknown trigger: is_character_baratheon_3, near line: 81"" in file: ""gfx/portraits/portrait_modifiers/asoiaf_headgear_crowns.txt"" near line: 83",1883
1640,portrait_rules,Direct file,,gfx/portraits/portrait_modifiers/asoiaf_headgear_crowns.txt,,pdx_persistent_reader.cpp:216,AGOT+,gfx/portraits/portrait_modifiers/asoiaf_headgear_crowns.txt,"Error: ""Unknown trigger: is_character_baratheon_3, near line: 165"" in file: ""gfx/portraits/portrait_modifiers/asoiaf_headgear_crowns.txt"" near line: 167",1884
1641,portrait_rules,Direct file,,gfx/portraits/portrait_modifiers/asoiaf_headgear_crowns.txt,,pdx_persistent_reader.cpp:216,AGOT+,gfx/portraits/portrait_modifiers/asoiaf_headgear_crowns.txt,"Error: ""Unknown trigger: is_character_baratheon_4, near line: 264"" in file: ""gfx/portraits/portrait_modifiers/asoiaf_headgear_crowns.txt"" near line: 269",1885
1642,portrait_rules,Direct file,,gfx/portraits/portrait_modifiers/asoiaf_headgear_crowns.txt,,pdx_persistent_reader.cpp:216,AGOT+,gfx/portraits/portrait_modifiers/asoiaf_headgear_crowns.txt,"Error: ""Unknown trigger: is_character_baratheon_4, near line: 330"" in file: ""gfx/portraits/portrait_modifiers/asoiaf_headgear_crowns.txt"" near line: 335",1886
1643,portrait_rules,Direct file,,gfx/portraits/portrait_modifiers/asoiaf_headgear_crowns.txt,,pdx_persistent_reader.cpp:216,AGOT+,gfx/portraits/portrait_modifiers/asoiaf_headgear_crowns.txt,"Error: ""Unknown trigger: is_character_baratheon_5, near line: 645
Unknown trigger: is_character_baratheon_6, near line: 646
Unknown trigger: is_character_baratheon_7, near line: 647"" in file: ""gfx/portraits/portrait_modifiers/asoiaf_headgear_crowns.txt"" near line: 651",1887
1646,portrait_rules,Direct file,,gfx/portraits/portrait_modifiers/asoiaf_headgear_crowns.txt,,pdx_persistent_reader.cpp:216,AGOT+,gfx/portraits/portrait_modifiers/asoiaf_headgear_crowns.txt,"Error: ""Unknown trigger: is_character_baratheon_5, near line: 694
Unknown trigger: is_character_baratheon_6, near line: 695
Unknown trigger: is_character_baratheon_7, near line: 696"" in file: ""gfx/portraits/portrait_modifiers/asoiaf_headgear_crowns.txt"" near line: 700",1890
1649,portrait_templates,Direct file,,gfx/portraits/portrait_modifiers/asoiaf_legwear_armour.txt,,dnamodifier.cpp:481,AGOT+,gfx/portraits/portrait_modifiers/asoiaf_legwear_armour.txt,"Can't find accessory 'male_legwear_asoiaf_kingsguard_legs_1' in gene template asoiaf_all_legwears, near file: gfx/portraits/portrait_modifiers/asoiaf_legwear_armour.txt line: 9 (asoiaf_legwear)",1893
1650,portrait_templates,Direct file,,gfx/portraits/portrait_modifiers/asoiaf_legwear_armour.txt,,dnamodifier.cpp:481,AGOT+,gfx/portraits/portrait_modifiers/asoiaf_legwear_armour.txt,"Can't find accessory 'male_legwear_asoiaf_kingsguard_legs_2' in gene template asoiaf_all_legwears, near file: gfx/portraits/portrait_modifiers/asoiaf_legwear_armour.txt line: 40 (asoiaf_legwear)",1894
1651,portrait_templates,Direct file,,gfx/portraits/portrait_modifiers/asoiaf_legwear_armour.txt,,dnamodifier.cpp:330,AGOT+,gfx/portraits/portrait_modifiers/asoiaf_legwear_armour.txt,could not find template [high_valyrian_war_legwear]. file: gfx/portraits/portrait_modifiers/asoiaf_legwear_armour.txt line: 91 (asoiaf_legwear),1895
1652,portrait_templates,Direct file,,gfx/portraits/portrait_modifiers/asoiaf_legwear_armour.txt,,dnamodifier.cpp:330,AGOT+,gfx/portraits/portrait_modifiers/asoiaf_legwear_armour.txt,could not find template [stormlands_war_04_legwear]. file: gfx/portraits/portrait_modifiers/asoiaf_legwear_armour.txt line: 114 (asoiaf_legwear),1896
1672,localization,Symbol only in AGOT+ effective text,test_crush_desc,AGOT+ | Исправления совместимости: common/scripted_effects/asoiaf_canon_children_effects.txt:2864 | AGOT+ | Исправления совместимости: common/scripted_effects/asoiaf_canon_children_effects.txt:2866 | AGOT+ | Исправления совместимости: common/scripted_effects/asoiaf_canon_children_effects.txt:9348 | AGOT+ | Исправления совместимости: common/scripted_effects/asoiaf_canon_children_effects.txt:9350 | AGOT+ | Исправления совместимости: common/scripted_effects/asoiaf_canon_children_effects.txt:9543 | AGOT+ | Исправления совместимости: common/scripted_effects/asoiaf_canon_children_effects.txt:9545,AGOT+ | Исправления совместимости,pdx_locstring.cpp:93,,,Key is missing localization: test_crush_desc,1922
1673,localization,Symbol only in AGOT+ effective text,test_crush_desc,AGOT+ | Исправления совместимости: common/scripted_effects/asoiaf_canon_children_effects.txt:2864 | AGOT+ | Исправления совместимости: common/scripted_effects/asoiaf_canon_children_effects.txt:2866 | AGOT+ | Исправления совместимости: common/scripted_effects/asoiaf_canon_children_effects.txt:9348 | AGOT+ | Исправления совместимости: common/scripted_effects/asoiaf_canon_children_effects.txt:9350 | AGOT+ | Исправления совместимости: common/scripted_effects/asoiaf_canon_children_effects.txt:9543 | AGOT+ | Исправления совместимости: common/scripted_effects/asoiaf_canon_children_effects.txt:9545,AGOT+ | Исправления совместимости,pdx_locstring.cpp:93,,,Key is missing localization: test_crush_desc,1923
1674,localization,Symbol only in AGOT+ effective text,test_crush_desc,AGOT+ | Исправления совместимости: common/scripted_effects/asoiaf_canon_children_effects.txt:2864 | AGOT+ | Исправления совместимости: common/scripted_effects/asoiaf_canon_children_effects.txt:2866 | AGOT+ | Исправления совместимости: common/scripted_effects/asoiaf_canon_children_effects.txt:9348 | AGOT+ | Исправления совместимости: common/scripted_effects/asoiaf_canon_children_effects.txt:9350 | AGOT+ | Исправления совместимости: common/scripted_effects/asoiaf_canon_children_effects.txt:9543 | AGOT+ | Исправления совместимости: common/scripted_effects/asoiaf_canon_children_effects.txt:9545,AGOT+ | Исправления совместимости,pdx_locstring.cpp:93,,,Key is missing localization: test_crush_desc,1924
1675,localization,Symbol only in AGOT+ effective text,test_crush_desc,AGOT+ | Исправления совместимости: common/scripted_effects/asoiaf_canon_children_effects.txt:2864 | AGOT+ | Исправления совместимости: common/scripted_effects/asoiaf_canon_children_effects.txt:2866 | AGOT+ | Исправления совместимости: common/scripted_effects/asoiaf_canon_children_effects.txt:9348 | AGOT+ | Исправления совместимости: common/scripted_effects/asoiaf_canon_children_effects.txt:9350 | AGOT+ | Исправления совместимости: common/scripted_effects/asoiaf_canon_children_effects.txt:9543 | AGOT+ | Исправления совместимости: common/scripted_effects/asoiaf_canon_children_effects.txt:9545,AGOT+ | Исправления совместимости,pdx_locstring.cpp:93,,,Key is missing localization: test_crush_desc,1925
1676,localization,Symbol only in AGOT+ effective text,test_crush_desc,AGOT+ | Исправления совместимости: common/scripted_effects/asoiaf_canon_children_effects.txt:2864 | AGOT+ | Исправления совместимости: common/scripted_effects/asoiaf_canon_children_effects.txt:2866 | AGOT+ | Исправления совместимости: common/scripted_effects/asoiaf_canon_children_effects.txt:9348 | AGOT+ | Исправления совместимости: common/scripted_effects/asoiaf_canon_children_effects.txt:9350 | AGOT+ | Исправления совместимости: common/scripted_effects/asoiaf_canon_children_effects.txt:9543 | AGOT+ | Исправления совместимости: common/scripted_effects/asoiaf_canon_children_effects.txt:9545,AGOT+ | Исправления совместимости,pdx_locstring.cpp:93,,,Key is missing localization: test_crush_desc,1926
1677,localization,Symbol only in AGOT+ effective text,test_crush_desc,AGOT+ | Исправления совместимости: common/scripted_effects/asoiaf_canon_children_effects.txt:2864 | AGOT+ | Исправления совместимости: common/scripted_effects/asoiaf_canon_children_effects.txt:2866 | AGOT+ | Исправления совместимости: common/scripted_effects/asoiaf_canon_children_effects.txt:9348 | AGOT+ | Исправления совместимости: common/scripted_effects/asoiaf_canon_children_effects.txt:9350 | AGOT+ | Исправления совместимости: common/scripted_effects/asoiaf_canon_children_effects.txt:9543 | AGOT+ | Исправления совместимости: common/scripted_effects/asoiaf_canon_children_effects.txt:9545,AGOT+ | Исправления совместимости,pdx_locstring.cpp:93,,,Key is missing localization: test_crush_desc,1927
1824,heraldry,Source/resource paths include AGOT+,,common/coat_of_arms/coat_of_arms/test_reach_dynasties.txt,,coat_of_arms_render_description.cpp:190,AGOT+ | Unresolved file,common/coat_of_arms/coat_of_arms/test_reach_dynasties.txt | gfx/coat_of_arms/colored_emblems/ce_bottom_solid.dds,Failed to find textured emblem texture at path: gfx/coat_of_arms/colored_emblems/ce_bottom_solid.dds near file: common/coat_of_arms/coat_of_arms/test_reach_dynasties.txt line: 1302,2074
1826,heraldry,Source/resource paths include AGOT+,,common/coat_of_arms/coat_of_arms/test_reach_dynasties.txt,,coat_of_arms_render_description.cpp:190,AGOT+ | Unresolved file,common/coat_of_arms/coat_of_arms/test_reach_dynasties.txt | gfx/coat_of_arms/colored_emblems/re_block_02.dds,Failed to find textured emblem texture at path: gfx/coat_of_arms/colored_emblems/re_block_02.dds near file: common/coat_of_arms/coat_of_arms/test_reach_dynasties.txt line: 1699,2076
1827,heraldry,Source/resource paths include AGOT+,,common/coat_of_arms/coat_of_arms/test_reach_dynasties.txt,,coat_of_arms_render_description.cpp:190,AGOT+ | Unresolved file,common/coat_of_arms/coat_of_arms/test_reach_dynasties.txt | gfx/coat_of_arms/colored_emblems/re_block_02.dds,Failed to find textured emblem texture at path: gfx/coat_of_arms/colored_emblems/re_block_02.dds near file: common/coat_of_arms/coat_of_arms/test_reach_dynasties.txt line: 1781,2077
1829,heraldry,Source/resource paths include AGOT+,,common/coat_of_arms/coat_of_arms/test_personal_coas.txt,,coat_of_arms_render_description.cpp:190,AGOT+ | Unresolved file,common/coat_of_arms/coat_of_arms/test_personal_coas.txt | gfx/coat_of_arms/colored_emblems/asoiaf_unicorn.dds,Failed to find textured emblem texture at path: gfx/coat_of_arms/colored_emblems/asoiaf_unicorn.dds near file: common/coat_of_arms/coat_of_arms/test_personal_coas.txt line: 2130,2079
1830,heraldry,Source/resource paths include AGOT+,,common/coat_of_arms/coat_of_arms/test_northern_dynasties.txt,,coat_of_arms_render_description.cpp:190,AGOT+ | Unresolved file,common/coat_of_arms/coat_of_arms/test_northern_dynasties.txt | gfx/coat_of_arms/colored_emblems/north_wibberly.dds,Failed to find textured emblem texture at path: gfx/coat_of_arms/colored_emblems/north_wibberly.dds near file: common/coat_of_arms/coat_of_arms/test_northern_dynasties.txt line: 981,2080
1832,heraldry,Source/resource paths include AGOT+,,common/coat_of_arms/coat_of_arms/test_riverland_dynasties.txt,,coat_of_arms_render_description.cpp:190,AGOT+ | Unresolved file,common/coat_of_arms/coat_of_arms/test_riverland_dynasties.txt | gfx/coat_of_arms/colored_emblems/vale_seldon_rayonne.dds,Failed to find textured emblem texture at path: gfx/coat_of_arms/colored_emblems/vale_seldon_rayonne.dds near file: common/coat_of_arms/coat_of_arms/test_riverland_dynasties.txt line: 735,2082
1839,artifact_visuals,Symbol only in AGOT+ effective text,asoiaf_hound_armour_visuals,AGOT+ | Исправления совместимости: common/scripted_effects/asoiaf_scripted_effects_artifacts.txt:2561 | AGOT+: common/artifacts/visuals/asoiaf_visuals.txt:100,AGOT+ | AGOT+ | Исправления совместимости,artifact_visual_type.cpp:31,,,Artifact visual type 'asoiaf_hound_armour_visuals' has no defined assets,2089
2361,variable_not_set,Symbol only in AGOT+ effective text,asoiaf_Stark_8_cc,AGOT+: common/customizable_localization/asoiaf_historical_character_loc.txt:153,AGOT+,jomini_effect.cpp:1161,,,Variable 'asoiaf_Stark_8_cc' is used but is never set. Setting it in an unused scripted trigger or effect does not count,2585
2327,variable_not_set,Symbol only in AGOT+ effective text,asoiaf_Stark_84_cc,AGOT+: common/customizable_localization/asoiaf_historical_character_loc.txt:6,AGOT+,jomini_effect.cpp:1161,,,Variable 'asoiaf_Stark_84_cc' is used but is never set. Setting it in an unused scripted trigger or effect does not count,2586
2363,variable_not_set,Symbol only in AGOT+ effective text,asoiaf_Stark_96_cc,AGOT+: common/customizable_localization/asoiaf_historical_character_loc.txt:48,AGOT+,jomini_effect.cpp:1161,,,Variable 'asoiaf_Stark_96_cc' is used but is never set. Setting it in an unused scripted trigger or effect does not count,2615
2355,variable_not_set,Symbol only in AGOT+ effective text,is_jon_snow,AGOT+ | Исправления совместимости: gfx/portraits/portrait_modifiers/asoiaf_hairs_custom_flags.txt:174 | AGOT+ | Исправления совместимости: gfx/portraits/portrait_modifiers/asoiaf_hairs_custom_flags.txt:1565 | AGOT+ | Исправления совместимости: gfx/portraits/portrait_modifiers/asoiaf_character_custom_flags.txt:1737 | AGOT+ | Исправления совместимости: gfx/portraits/portrait_modifiers/asoiaf_character_custom_flags.txt:17639 | AGOT+: gfx/portraits/portrait_modifiers/asoiaf_beards_custom_flags.txt:2416,AGOT+ | AGOT+ | Исправления совместимости,jomini_effect.cpp:1161,,,Variable 'is_jon_snow' is used but is never set. Setting it in an unused scripted trigger or effect does not count,2612
2329,variable_not_set,Symbol only in AGOT+ effective text,asoiaf_Stark_97_cc,AGOT+: common/customizable_localization/asoiaf_historical_character_loc.txt:55,AGOT+,jomini_effect.cpp:1161,,,Variable 'asoiaf_Stark_97_cc' is used but is never set. Setting it in an unused scripted trigger or effect does not count,2604
2356,variable_not_set,Symbol only in AGOT+ effective text,kingsguard_armour,AGOT+ | Исправления совместимости: gfx/portraits/portrait_modifiers/asoiaf_headgear_situational.txt:175 | AGOT+ | Исправления совместимости: gfx/portraits/portrait_modifiers/asoiaf_clothes_situational.txt:90 | AGOT+: gfx/portraits/portrait_modifiers/asoiaf_legwear_armour.txt:23,AGOT+ | AGOT+ | Исправления совместимости,jomini_effect.cpp:1161,,,Variable 'kingsguard_armour' is used but is never set. Setting it in an unused scripted trigger or effect does not count,2607
2362,variable_not_set,Symbol only in AGOT+ effective text,asoiaf_Stark_99_cc,AGOT+: common/customizable_localization/asoiaf_historical_character_loc.txt:69,AGOT+,jomini_effect.cpp:1161,,,Variable 'asoiaf_Stark_99_cc' is used but is never set. Setting it in an unused scripted trigger or effect does not count,2591
2334,variable_not_set,Symbol only in AGOT+ effective text,asoiaf_Stark_2_cc,AGOT+: common/customizable_localization/asoiaf_historical_character_loc.txt:111,AGOT+,jomini_effect.cpp:1161,,,Variable 'asoiaf_Stark_2_cc' is used but is never set. Setting it in an unused scripted trigger or effect does not count,2609
2348,variable_not_set,Symbol only in AGOT+ effective text,asoiaf_Stark_101_cc,AGOT+: common/customizable_localization/asoiaf_historical_character_loc.txt:83,AGOT+,jomini_effect.cpp:1161,,,Variable 'asoiaf_Stark_101_cc' is used but is never set. Setting it in an unused scripted trigger or effect does not count,2583
2336,variable_not_set,Symbol only in AGOT+ effective text,asoiaf_Stark_1_cc,AGOT+: common/customizable_localization/asoiaf_historical_character_loc.txt:104,AGOT+,jomini_effect.cpp:1161,,,Variable 'asoiaf_Stark_1_cc' is used but is never set. Setting it in an unused scripted trigger or effect does not count,2611
2335,variable_not_set,Symbol only in AGOT+ effective text,asoiaf_Stark_87_cc,AGOT+: common/customizable_localization/asoiaf_historical_character_loc.txt:20,AGOT+,jomini_effect.cpp:1161,,,Variable 'asoiaf_Stark_87_cc' is used but is never set. Setting it in an unused scripted trigger or effect does not count,2587
2347,variable_not_set,Symbol only in AGOT+ effective text,asoiaf_Stark_95_cc,AGOT+: common/customizable_localization/asoiaf_historical_character_loc.txt:41,AGOT+,jomini_effect.cpp:1161,,,Variable 'asoiaf_Stark_95_cc' is used but is never set. Setting it in an unused scripted trigger or effect does not count,2613
2326,variable_not_set,Symbol only in AGOT+ effective text,asoiaf_Stark_11_cc,AGOT+: common/customizable_localization/asoiaf_historical_character_loc.txt:174,AGOT+,jomini_effect.cpp:1161,,,Variable 'asoiaf_Stark_11_cc' is used but is never set. Setting it in an unused scripted trigger or effect does not count,2616
2365,variable_not_set,Symbol only in AGOT+ effective text,asoiaf_Stark_9_cc,AGOT+: common/customizable_localization/asoiaf_historical_character_loc.txt:160,AGOT+,jomini_effect.cpp:1161,,,Variable 'asoiaf_Stark_9_cc' is used but is never set. Setting it in an unused scripted trigger or effect does not count,2614
2353,variable_not_set,Symbol only in AGOT+ effective text,asoiaf_Stark_88_cc,AGOT+: common/customizable_localization/asoiaf_historical_character_loc.txt:27,AGOT+,jomini_effect.cpp:1161,,,Variable 'asoiaf_Stark_88_cc' is used but is never set. Setting it in an unused scripted trigger or effect does not count,2578
2345,variable_not_set,Symbol only in AGOT+ effective text,asoiaf_Stark_100_cc,AGOT+: common/customizable_localization/asoiaf_historical_character_loc.txt:76,AGOT+,jomini_effect.cpp:1161,,,Variable 'asoiaf_Stark_100_cc' is used but is never set. Setting it in an unused scripted trigger or effect does not count,2592
2352,variable_not_set,Symbol only in AGOT+ effective text,asoiaf_Stark_3_cc,AGOT+: common/customizable_localization/asoiaf_historical_character_loc.txt:118,AGOT+,jomini_effect.cpp:1161,,,Variable 'asoiaf_Stark_3_cc' is used but is never set. Setting it in an unused scripted trigger or effect does not count,2605
2359,variable_not_set,Symbol only in AGOT+ effective text,asoiaf_Stark_5_cc,AGOT+: common/customizable_localization/asoiaf_historical_character_loc.txt:125,AGOT+,jomini_effect.cpp:1161,,,Variable 'asoiaf_Stark_5_cc' is used but is never set. Setting it in an unused scripted trigger or effect does not count,2600
2339,variable_not_set,Symbol only in AGOT+ effective text,asoiaf_Stark_6_cc,AGOT+: common/customizable_localization/asoiaf_historical_character_loc.txt:139,AGOT+,jomini_effect.cpp:1161,,,Variable 'asoiaf_Stark_6_cc' is used but is never set. Setting it in an unused scripted trigger or effect does not count,2593
2324,variable_not_set,Symbol only in AGOT+ effective text,asoiaf_Stark_102_cc,AGOT+: common/customizable_localization/asoiaf_historical_character_loc.txt:90,AGOT+,jomini_effect.cpp:1161,,,Variable 'asoiaf_Stark_102_cc' is used but is never set. Setting it in an unused scripted trigger or effect does not count,2579
2343,variable_not_set,Symbol only in AGOT+ effective text,asoiaf_Stark_94_cc,AGOT+: common/customizable_localization/asoiaf_historical_character_loc.txt:34,AGOT+,jomini_effect.cpp:1161,,,Variable 'asoiaf_Stark_94_cc' is used but is never set. Setting it in an unused scripted trigger or effect does not count,2574
2331,variable_not_set,Symbol only in AGOT+ effective text,faegon_main_character,AGOT+ | Исправления совместимости: common/on_action/agot_on_actions/test_title_on_actions.txt:815 | AGOT+ | Исправления совместимости: common/on_action/agot_on_actions/test_title_on_actions.txt:816 | AGOT+ | Исправления совместимости: common/on_action/agot_on_actions/test_title_on_actions.txt:817,AGOT+ | Исправления совместимости,jomini_effect.cpp:1161,,,Variable 'faegon_main_character' is used but is never set. Setting it in an unused scripted trigger or effect does not count,2599
2349,variable_not_set,Symbol only in AGOT+ effective text,asoiaf_Stark_10_cc,AGOT+: common/customizable_localization/asoiaf_historical_character_loc.txt:167,AGOT+,jomini_effect.cpp:1161,,,Variable 'asoiaf_Stark_10_cc' is used but is never set. Setting it in an unused scripted trigger or effect does not count,2603
2346,variable_not_set,Symbol only in AGOT+ effective text,asoiaf_Stark_4_cc,AGOT+: common/customizable_localization/asoiaf_historical_character_loc.txt:132,AGOT+,jomini_effect.cpp:1161,,,Variable 'asoiaf_Stark_4_cc' is used but is never set. Setting it in an unused scripted trigger or effect does not count,2610
2364,variable_not_set,Symbol only in AGOT+ effective text,asoiaf_Stark_98_cc,AGOT+: common/customizable_localization/asoiaf_historical_character_loc.txt:62,AGOT+,jomini_effect.cpp:1161,,,Variable 'asoiaf_Stark_98_cc' is used but is never set. Setting it in an unused scripted trigger or effect does not count,2596
2344,variable_not_set,Symbol only in AGOT+ effective text,asoiaf_Stark_103_cc,AGOT+: common/customizable_localization/asoiaf_historical_character_loc.txt:97,AGOT+,jomini_effect.cpp:1161,,,Variable 'asoiaf_Stark_103_cc' is used but is never set. Setting it in an unused scripted trigger or effect does not count,2577
2358,variable_not_set,Symbol only in AGOT+ effective text,asoiaf_Stark_86_cc,AGOT+: common/customizable_localization/asoiaf_historical_character_loc.txt:13,AGOT+,jomini_effect.cpp:1161,,,Variable 'asoiaf_Stark_86_cc' is used but is never set. Setting it in an unused scripted trigger or effect does not count,2601
2338,variable_not_set,Symbol only in AGOT+ effective text,asoiaf_Stark_7_cc,AGOT+: common/customizable_localization/asoiaf_historical_character_loc.txt:146,AGOT+,jomini_effect.cpp:1161,,,Variable 'asoiaf_Stark_7_cc' is used but is never set. Setting it in an unused scripted trigger or effect does not count,2589
2407,variable_unused,Symbol only in AGOT+ effective text,asoiaf_is_needle,AGOT+ | Исправления совместимости: common/scripted_effects/asoiaf_scripted_effects_artifacts.txt:1459 | AGOT+ | Исправления совместимости: common/scripted_effects/asoiaf_scripted_effects_artifacts.txt:1507,AGOT+ | Исправления совместимости,jomini_effect.cpp:1145,,,Variable 'asoiaf_is_needle' is set but is never used. Note that use in localization doesn't count due to technical limitations. Use in unused scripted triggers and effects also does not count,2653
2391,variable_unused,Symbol only in AGOT+ effective text,asoiaf_canon_children_Cole_11_born_variable,AGOT+ | Исправления совместимости: common/scripted_effects/asoiaf_assign_inactive_traits_effects.txt:1810,AGOT+ | Исправления совместимости,jomini_effect.cpp:1145,,,Variable 'asoiaf_canon_children_Cole_11_born_variable' is set but is never used. Note that use in localization doesn't count due to technical limitations. Use in unused scripted triggers and effects also does not count,2656
2372,variable_unused,Symbol only in AGOT+ effective text,asoiaf_canon_children_Reed_1_born_variable,AGOT+ | Исправления совместимости: common/scripted_effects/asoiaf_assign_inactive_traits_effects.txt:1621,AGOT+ | Исправления совместимости,jomini_effect.cpp:1145,,,Variable 'asoiaf_canon_children_Reed_1_born_variable' is set but is never used. Note that use in localization doesn't count due to technical limitations. Use in unused scripted triggers and effects also does not count,2645
2408,variable_unused,Symbol only in AGOT+ effective text,asoiaf_canon_children_Targaryen_27_born_variable,AGOT+ | Исправления совместимости: common/scripted_effects/asoiaf_assign_inactive_traits_effects.txt:22,AGOT+ | Исправления совместимости,jomini_effect.cpp:1145,,,Variable 'asoiaf_canon_children_Targaryen_27_born_variable' is set but is never used. Note that use in localization doesn't count due to technical limitations. Use in unused scripted triggers and effects also does not count,2624
2394,variable_unused,Symbol only in AGOT+ effective text,asoiaf_canon_children_Karstark_4_born_variable,AGOT+ | Исправления совместимости: common/scripted_effects/asoiaf_assign_inactive_traits_effects.txt:1609,AGOT+ | Исправления совместимости,jomini_effect.cpp:1145,,,Variable 'asoiaf_canon_children_Karstark_4_born_variable' is set but is never used. Note that use in localization doesn't count due to technical limitations. Use in unused scripted triggers and effects also does not count,2617
2382,variable_unused,Symbol only in AGOT+ effective text,asoiaf_canon_children_Targaryen_28_born_variable,AGOT+ | Исправления совместимости: common/scripted_effects/asoiaf_assign_inactive_traits_effects.txt:11,AGOT+ | Исправления совместимости,jomini_effect.cpp:1145,,,Variable 'asoiaf_canon_children_Targaryen_28_born_variable' is set but is never used. Note that use in localization doesn't count due to technical limitations. Use in unused scripted triggers and effects also does not count,2642
2409,variable_unused,Symbol only in AGOT+ effective text,asoiaf_canon_children_Baelish_2_born_variable,AGOT+ | Исправления совместимости: common/scripted_effects/asoiaf_assign_inactive_traits_effects.txt:2057,AGOT+ | Исправления совместимости,jomini_effect.cpp:1145,,,Variable 'asoiaf_canon_children_Baelish_2_born_variable' is set but is never used. Note that use in localization doesn't count due to technical limitations. Use in unused scripted triggers and effects also does not count,2622
2396,variable_unused,Symbol shared with other sources,dark_sister_artifact,AGOT+ | Исправления совместимости: common/scripted_effects/asoiaf_scripted_effects_artifacts.txt:1320,AGOT+ | Исправления совместимости | Legacy Of The Dragon,jomini_effect.cpp:1145,,,Variable 'dark_sister_artifact' is set but is never used. Note that use in localization doesn't count due to technical limitations. Use in unused scripted triggers and effects also does not count,2626
2376,variable_unused,Symbol only in AGOT+ effective text,asoiaf_canon_children_Arryn_3_born_variable,AGOT+ | Исправления совместимости: common/scripted_effects/asoiaf_assign_inactive_traits_effects.txt:1990,AGOT+ | Исправления совместимости,jomini_effect.cpp:1145,,,Variable 'asoiaf_canon_children_Arryn_3_born_variable' is set but is never used. Note that use in localization doesn't count due to technical limitations. Use in unused scripted triggers and effects also does not count,2643
2400,variable_unused,Symbol only in AGOT+ effective text,agot_faegon_jae_birth_year,AGOT+ | Исправления совместимости: common/scripted_effects/asoiaf_agot_overwrite_effects.txt:56,AGOT+ | Исправления совместимости,jomini_effect.cpp:1145,,,Variable 'agot_faegon_jae_birth_year' is set but is never used. Note that use in localization doesn't count due to technical limitations. Use in unused scripted triggers and effects also does not count,2628
2403,variable_unused,Symbol only in AGOT+ effective text,asoiaf_is_krakenfall,AGOT+ | Исправления совместимости: common/scripted_effects/asoiaf_scripted_effects_artifacts.txt:1170 | AGOT+ | Исправления совместимости: common/scripted_effects/asoiaf_scripted_effects_artifacts.txt:1202,AGOT+ | Исправления совместимости,jomini_effect.cpp:1145,,,Variable 'asoiaf_is_krakenfall' is set but is never used. Note that use in localization doesn't count due to technical limitations. Use in unused scripted triggers and effects also does not count,2649
2384,variable_unused,Symbol only in AGOT+ effective text,asoiaf_canon_children_Baratheon_baby_born_variable,AGOT+ | Исправления совместимости: common/scripted_effects/asoiaf_assign_inactive_traits_effects.txt:1721,AGOT+ | Исправления совместимости,jomini_effect.cpp:1145,,,Variable 'asoiaf_canon_children_Baratheon_baby_born_variable' is set but is never used. Note that use in localization doesn't count due to technical limitations. Use in unused scripted triggers and effects also does not count,2618
2398,variable_unused,Symbol only in AGOT+ effective text,asoiaf_canon_children_Targaryen_95_born_variable,AGOT+ | Исправления совместимости: common/scripted_effects/asoiaf_assign_inactive_traits_effects.txt:814,AGOT+ | Исправления совместимости,jomini_effect.cpp:1145,,,Variable 'asoiaf_canon_children_Targaryen_95_born_variable' is set but is never used. Note that use in localization doesn't count due to technical limitations. Use in unused scripted triggers and effects also does not count,2648
2379,variable_unused,Symbol only in AGOT+ effective text,asoiaf_canon_children_Arryn_84_born_variable,AGOT+ | Исправления совместимости: common/scripted_effects/asoiaf_assign_inactive_traits_effects.txt:1979,AGOT+ | Исправления совместимости,jomini_effect.cpp:1145,,,Variable 'asoiaf_canon_children_Arryn_84_born_variable' is set but is never used. Note that use in localization doesn't count due to technical limitations. Use in unused scripted triggers and effects also does not count,2634
2393,variable_unused,Symbol only in AGOT+ effective text,asoiaf_is_red_vipers_spear,AGOT+ | Исправления совместимости: common/scripted_effects/asoiaf_scripted_effects_artifacts.txt:1629,AGOT+ | Исправления совместимости,jomini_effect.cpp:1145,,,Variable 'asoiaf_is_red_vipers_spear' is set but is never used. Note that use in localization doesn't count due to technical limitations. Use in unused scripted triggers and effects also does not count,2641
2374,variable_unused,Symbol only in AGOT+ effective text,agot_faegon_jon_snow_char,AGOT+ | Исправления совместимости: common/scripted_effects/asoiaf_agot_overwrite_effects.txt:52,AGOT+ | Исправления совместимости,jomini_effect.cpp:1145,,,Variable 'agot_faegon_jon_snow_char' is set but is never used. Note that use in localization doesn't count due to technical limitations. Use in unused scripted triggers and effects also does not count,2639
2399,variable_unused,Symbol only in AGOT+ effective text,asoiaf_canon_children_Stark_1_born_variable,AGOT+ | Исправления совместимости: common/scripted_effects/asoiaf_assign_inactive_traits_effects.txt:1441,AGOT+ | Исправления совместимости,jomini_effect.cpp:1145,,,Variable 'asoiaf_canon_children_Stark_1_born_variable' is set but is never used. Note that use in localization doesn't count due to technical limitations. Use in unused scripted triggers and effects also does not count,2636
2406,variable_unused,Symbol only in AGOT+ effective text,asoiaf_canon_children_Strong_29_born_variable,AGOT+ | Исправления совместимости: common/scripted_effects/asoiaf_assign_inactive_traits_effects.txt:2498,AGOT+ | Исправления совместимости,jomini_effect.cpp:1145,,,Variable 'asoiaf_canon_children_Strong_29_born_variable' is set but is never used. Note that use in localization doesn't count due to technical limitations. Use in unused scripted triggers and effects also does not count,2640
2402,variable_unused,Symbol only in AGOT+ effective text,asoiaf_canon_children_Tyrell_4_born_variable,AGOT+ | Исправления совместимости: common/scripted_effects/asoiaf_assign_inactive_traits_effects.txt:2125,AGOT+ | Исправления совместимости,jomini_effect.cpp:1145,,,Variable 'asoiaf_canon_children_Tyrell_4_born_variable' is set but is never used. Note that use in localization doesn't count due to technical limitations. Use in unused scripted triggers and effects also does not count,2659
2377,variable_unused,Symbol only in AGOT+ effective text,asoiaf_canon_children_Baratheon_75_born_variable,AGOT+ | Исправления совместимости: common/scripted_effects/asoiaf_assign_inactive_traits_effects.txt:1666,AGOT+ | Исправления совместимости,jomini_effect.cpp:1145,,,Variable 'asoiaf_canon_children_Baratheon_75_born_variable' is set but is never used. Note that use in localization doesn't count due to technical limitations. Use in unused scripted triggers and effects also does not count,2647
2395,variable_unused,Symbol only in AGOT+ effective text,asoiaf_canon_children_Stark_84_born_variable,AGOT+ | Исправления совместимости: common/scripted_effects/asoiaf_assign_inactive_traits_effects.txt:1287,AGOT+ | Исправления совместимости,jomini_effect.cpp:1145,,,Variable 'asoiaf_canon_children_Stark_84_born_variable' is set but is never used. Note that use in localization doesn't count due to technical limitations. Use in unused scripted triggers and effects also does not count,2646
2390,variable_unused,Symbol only in AGOT+ effective text,asoiaf_canon_children_Arryn_80_born_variable,AGOT+ | Исправления совместимости: common/scripted_effects/asoiaf_assign_inactive_traits_effects.txt:1968,AGOT+ | Исправления совместимости,jomini_effect.cpp:1145,,,Variable 'asoiaf_canon_children_Arryn_80_born_variable' is set but is never used. Note that use in localization doesn't count due to technical limitations. Use in unused scripted triggers and effects also does not count,2651
2385,variable_unused,Symbol only in AGOT+ effective text,asoiaf_canon_children_Targaryen_96_born_variable,AGOT+ | Исправления совместимости: common/scripted_effects/asoiaf_assign_inactive_traits_effects.txt:825,AGOT+ | Исправления совместимости,jomini_effect.cpp:1145,,,Variable 'asoiaf_canon_children_Targaryen_96_born_variable' is set but is never used. Note that use in localization doesn't count due to technical limitations. Use in unused scripted triggers and effects also does not count,2627
2401,variable_unused,Symbol only in AGOT+ effective text,color,AGOT+ | Исправления совместимости: common/scripted_effects/asoiaf_agot_overwrite_effects.txt:294 | AGOT+ | Исправления совместимости: common/scripted_effects/asoiaf_agot_overwrite_effects.txt:529 | AGOT+ | Исправления совместимости: common/scripted_effects/asoiaf_agot_overwrite_effects.txt:756 | AGOT+ | Исправления совместимости: common/scripted_effects/asoiaf_agot_overwrite_effects.txt:983 | AGOT+ | Исправления совместимости: common/scripted_effects/asoiaf_agot_overwrite_effects.txt:1210 | AGOT+ | Исправления совместимости: common/scripted_effects/asoiaf_agot_overwrite_effects.txt:1437 | AGOT+ | Исправления совместимости: common/scripted_effects/asoiaf_agot_overwrite_effects.txt:1664,AGOT+ | Исправления совместимости,jomini_effect.cpp:1145,,,Variable 'color' is set but is never used. Note that use in localization doesn't count due to technical limitations. Use in unused scripted triggers and effects also does not count,2650
2375,variable_unused,Symbol only in AGOT+ effective text,asoiaf_canon_children_Strong_28_born_variable,AGOT+ | Исправления совместимости: common/scripted_effects/asoiaf_assign_inactive_traits_effects.txt:2487,AGOT+ | Исправления совместимости,jomini_effect.cpp:1145,,,Variable 'asoiaf_canon_children_Strong_28_born_variable' is set but is never used. Note that use in localization doesn't count due to technical limitations. Use in unused scripted triggers and effects also does not count,2633
2388,variable_unused,Symbol only in AGOT+ effective text,asoiaf_canon_children_Hightower_90_born_variable,AGOT+ | Исправления совместимости: common/scripted_effects/asoiaf_assign_inactive_traits_effects.txt:2069,AGOT+ | Исправления совместимости,jomini_effect.cpp:1145,,,Variable 'asoiaf_canon_children_Hightower_90_born_variable' is set but is never used. Note that use in localization doesn't count due to technical limitations. Use in unused scripted triggers and effects also does not count,2632
2368,variable_unused,Symbol only in AGOT+ effective text,asoiaf_canon_children_Martell_4_born_variable,AGOT+ | Исправления совместимости: common/scripted_effects/asoiaf_assign_inactive_traits_effects.txt:2279,AGOT+ | Исправления совместимости,jomini_effect.cpp:1145,,,Variable 'asoiaf_canon_children_Martell_4_born_variable' is set but is never used. Note that use in localization doesn't count due to technical limitations. Use in unused scripted triggers and effects also does not count,2635
2369,variable_unused,Symbol only in AGOT+ effective text,asoiaf_canon_children_Greyjoy_5_born_variable,AGOT+ | Исправления совместимости: common/scripted_effects/asoiaf_assign_inactive_traits_effects.txt:2564,AGOT+ | Исправления совместимости,jomini_effect.cpp:1145,,,Variable 'asoiaf_canon_children_Greyjoy_5_born_variable' is set but is never used. Note that use in localization doesn't count due to technical limitations. Use in unused scripted triggers and effects also does not count,2637
2386,variable_unused,Symbol only in AGOT+ effective text,color_grading,AGOT+ | Исправления совместимости: common/scripted_effects/asoiaf_agot_overwrite_effects.txt:289 | AGOT+ | Исправления совместимости: common/scripted_effects/asoiaf_agot_overwrite_effects.txt:524 | AGOT+ | Исправления совместимости: common/scripted_effects/asoiaf_agot_overwrite_effects.txt:751 | AGOT+ | Исправления совместимости: common/scripted_effects/asoiaf_agot_overwrite_effects.txt:978 | AGOT+ | Исправления совместимости: common/scripted_effects/asoiaf_agot_overwrite_effects.txt:1205 | AGOT+ | Исправления совместимости: common/scripted_effects/asoiaf_agot_overwrite_effects.txt:1432 | AGOT+ | Исправления совместимости: common/scripted_effects/asoiaf_agot_overwrite_effects.txt:1659,AGOT+ | Исправления совместимости,jomini_effect.cpp:1145,,,Variable 'color_grading' is set but is never used. Note that use in localization doesn't count due to technical limitations. Use in unused scripted triggers and effects also does not count,2629
2392,variable_unused,Symbol only in AGOT+ effective text,asoiaf_canon_children_Velaryon_31_born_variable,AGOT+ | Исправления совместимости: common/scripted_effects/asoiaf_assign_inactive_traits_effects.txt:1232,AGOT+ | Исправления совместимости,jomini_effect.cpp:1145,,,Variable 'asoiaf_canon_children_Velaryon_31_born_variable' is set but is never used. Note that use in localization doesn't count due to technical limitations. Use in unused scripted triggers and effects also does not count,2621
2370,variable_unused,Symbol only in AGOT+ effective text,asoiaf_canon_children_Tully_1_born_variable,AGOT+ | Исправления совместимости: common/scripted_effects/asoiaf_assign_inactive_traits_effects.txt:2389,AGOT+ | Исправления совместимости,jomini_effect.cpp:1145,,,Variable 'asoiaf_canon_children_Tully_1_born_variable' is set but is never used. Note that use in localization doesn't count due to technical limitations. Use in unused scripted triggers and effects also does not count,2630
2371,variable_unused,Symbol only in AGOT+ effective text,asoiaf_canon_children_Tully_9_born_variable,AGOT+ | Исправления совместимости: common/scripted_effects/asoiaf_assign_inactive_traits_effects.txt:2400,AGOT+ | Исправления совместимости,jomini_effect.cpp:1145,,,Variable 'asoiaf_canon_children_Tully_9_born_variable' is set but is never used. Note that use in localization doesn't count due to technical limitations. Use in unused scripted triggers and effects also does not count,2638
2404,variable_unused,Symbol only in AGOT+ effective text,asoiaf_canon_children_Dayne_1_born_variable,AGOT+ | Исправления совместимости: common/scripted_effects/asoiaf_assign_inactive_traits_effects.txt:2323,AGOT+ | Исправления совместимости,jomini_effect.cpp:1145,,,Variable 'asoiaf_canon_children_Dayne_1_born_variable' is set but is never used. Note that use in localization doesn't count due to technical limitations. Use in unused scripted triggers and effects also does not count,2654
2373,variable_unused,Symbol only in AGOT+ effective text,asoiaf_canon_children_Tarly_1_born_variable,AGOT+ | Исправления совместимости: common/scripted_effects/asoiaf_assign_inactive_traits_effects.txt:2213,AGOT+ | Исправления совместимости,jomini_effect.cpp:1145,,,Variable 'asoiaf_canon_children_Tarly_1_born_variable' is set but is never used. Note that use in localization doesn't count due to technical limitations. Use in unused scripted triggers and effects also does not count,2658
2389,variable_unused,Symbol only in AGOT+ effective text,asoiaf_canon_children_Targaryen_29_born_variable,AGOT+ | Исправления совместимости: common/scripted_effects/asoiaf_assign_inactive_traits_effects.txt:33,AGOT+ | Исправления совместимости,jomini_effect.cpp:1145,,,Variable 'asoiaf_canon_children_Targaryen_29_born_variable' is set but is never used. Note that use in localization doesn't count due to technical limitations. Use in unused scripted triggers and effects also does not count,2657
2381,variable_unused,Symbol only in AGOT+ effective text,asoiaf_canon_children_Lannister_129_born_variable,AGOT+ | Исправления совместимости: common/scripted_effects/asoiaf_assign_inactive_traits_effects.txt:1824,AGOT+ | Исправления совместимости,jomini_effect.cpp:1145,,,Variable 'asoiaf_canon_children_Lannister_129_born_variable' is set but is never used. Note that use in localization doesn't count due to technical limitations. Use in unused scripted triggers and effects also does not count,2620
2410,variable_not_set,Symbol only in AGOT+ effective text,asoiaf_targaryen_invasion_claimant,AGOT+ | Исправления совместимости: common/scripted_effects/asoiaf_targaryen_invasion_claimants_effects.txt:140,AGOT+ | Исправления совместимости,jomini_effect.cpp:1161,,,Event target 'asoiaf_targaryen_invasion_claimant' is used but is never set. Setting it in an unused scripted trigger or effect does not count,2660
2414,modifier_unused,Symbol only in AGOT+ effective text,asoiaf_oathkeeper_modifier,AGOT+ | Исправления совместимости: common/modifiers/asoiaf_artifact_modifiers.txt:1,AGOT+ | Исправления совместимости,static_modifier.cpp:200,,,"Modifier 'asoiaf_oathkeeper_modifier' was not used by the script or code but exists in the database, this is a waste",2664
2415,modifier_unused,Symbol only in AGOT+ effective text,asoiaf_stark_throne_modifier,AGOT+ | Исправления совместимости: common/scripted_effects/asoiaf_scripted_effects_artifacts.txt:2384 | AGOT+ | Исправления совместимости: common/modifiers/asoiaf_artifact_modifiers.txt:50,AGOT+ | Исправления совместимости,static_modifier.cpp:200,,,"Modifier 'asoiaf_stark_throne_modifier' was not used by the script or code but exists in the database, this is a waste",2665
2416,modifier_unused,Symbol only in AGOT+ effective text,asoiaf_Karstark_4_modifier,AGOT+: common/modifiers/asoiaf_canon_children_modifiers.txt:987,AGOT+,static_modifier.cpp:200,,,"Modifier 'asoiaf_Karstark_4_modifier' was not used by the script or code but exists in the database, this is a waste",2666
2470,orphan_events,Symbol only in AGOT+ effective text,asoiaf_mega_war_events.0001,AGOT+ | Исправления совместимости: events/asoiaf_mega_war_events.txt:3,AGOT+ | Исправления совместимости,jomini_eventmanager.cpp:372,,,Event asoiaf_mega_war_events.0001 is orphaned,2720
2471,orphan_events,Symbol only in AGOT+ effective text,asoiaf_young_griff_landing_events.2,AGOT+ | Исправления совместимости: events/asoiaf_young_griff_landing_events.txt:30,AGOT+ | Исправления совместимости,jomini_eventmanager.cpp:372,,,Event asoiaf_young_griff_landing_events.2 is orphaned,2721
2529,variable_not_set,Symbol only in AGOT+ effective text,asoiaf_Stark_8_cc,AGOT+: common/customizable_localization/asoiaf_historical_character_loc.txt:153,AGOT+,jomini_effect.cpp:1161,,,Variable 'asoiaf_Stark_8_cc' is used but is never set. Setting it in an unused scripted trigger or effect does not count,2753
2495,variable_not_set,Symbol only in AGOT+ effective text,asoiaf_Stark_84_cc,AGOT+: common/customizable_localization/asoiaf_historical_character_loc.txt:6,AGOT+,jomini_effect.cpp:1161,,,Variable 'asoiaf_Stark_84_cc' is used but is never set. Setting it in an unused scripted trigger or effect does not count,2754
2531,variable_not_set,Symbol only in AGOT+ effective text,asoiaf_Stark_96_cc,AGOT+: common/customizable_localization/asoiaf_historical_character_loc.txt:48,AGOT+,jomini_effect.cpp:1161,,,Variable 'asoiaf_Stark_96_cc' is used but is never set. Setting it in an unused scripted trigger or effect does not count,2783
2523,variable_not_set,Symbol only in AGOT+ effective text,is_jon_snow,AGOT+ | Исправления совместимости: gfx/portraits/portrait_modifiers/asoiaf_hairs_custom_flags.txt:174 | AGOT+ | Исправления совместимости: gfx/portraits/portrait_modifiers/asoiaf_hairs_custom_flags.txt:1565 | AGOT+ | Исправления совместимости: gfx/portraits/portrait_modifiers/asoiaf_character_custom_flags.txt:1737 | AGOT+ | Исправления совместимости: gfx/portraits/portrait_modifiers/asoiaf_character_custom_flags.txt:17639 | AGOT+: gfx/portraits/portrait_modifiers/asoiaf_beards_custom_flags.txt:2416,AGOT+ | AGOT+ | Исправления совместимости,jomini_effect.cpp:1161,,,Variable 'is_jon_snow' is used but is never set. Setting it in an unused scripted trigger or effect does not count,2780
2497,variable_not_set,Symbol only in AGOT+ effective text,asoiaf_Stark_97_cc,AGOT+: common/customizable_localization/asoiaf_historical_character_loc.txt:55,AGOT+,jomini_effect.cpp:1161,,,Variable 'asoiaf_Stark_97_cc' is used but is never set. Setting it in an unused scripted trigger or effect does not count,2772
2524,variable_not_set,Symbol only in AGOT+ effective text,kingsguard_armour,AGOT+ | Исправления совместимости: gfx/portraits/portrait_modifiers/asoiaf_headgear_situational.txt:175 | AGOT+ | Исправления совместимости: gfx/portraits/portrait_modifiers/asoiaf_clothes_situational.txt:90 | AGOT+: gfx/portraits/portrait_modifiers/asoiaf_legwear_armour.txt:23,AGOT+ | AGOT+ | Исправления совместимости,jomini_effect.cpp:1161,,,Variable 'kingsguard_armour' is used but is never set. Setting it in an unused scripted trigger or effect does not count,2775
2530,variable_not_set,Symbol only in AGOT+ effective text,asoiaf_Stark_99_cc,AGOT+: common/customizable_localization/asoiaf_historical_character_loc.txt:69,AGOT+,jomini_effect.cpp:1161,,,Variable 'asoiaf_Stark_99_cc' is used but is never set. Setting it in an unused scripted trigger or effect does not count,2759
2502,variable_not_set,Symbol only in AGOT+ effective text,asoiaf_Stark_2_cc,AGOT+: common/customizable_localization/asoiaf_historical_character_loc.txt:111,AGOT+,jomini_effect.cpp:1161,,,Variable 'asoiaf_Stark_2_cc' is used but is never set. Setting it in an unused scripted trigger or effect does not count,2777
2516,variable_not_set,Symbol only in AGOT+ effective text,asoiaf_Stark_101_cc,AGOT+: common/customizable_localization/asoiaf_historical_character_loc.txt:83,AGOT+,jomini_effect.cpp:1161,,,Variable 'asoiaf_Stark_101_cc' is used but is never set. Setting it in an unused scripted trigger or effect does not count,2751
2504,variable_not_set,Symbol only in AGOT+ effective text,asoiaf_Stark_1_cc,AGOT+: common/customizable_localization/asoiaf_historical_character_loc.txt:104,AGOT+,jomini_effect.cpp:1161,,,Variable 'asoiaf_Stark_1_cc' is used but is never set. Setting it in an unused scripted trigger or effect does not count,2779
2503,variable_not_set,Symbol only in AGOT+ effective text,asoiaf_Stark_87_cc,AGOT+: common/customizable_localization/asoiaf_historical_character_loc.txt:20,AGOT+,jomini_effect.cpp:1161,,,Variable 'asoiaf_Stark_87_cc' is used but is never set. Setting it in an unused scripted trigger or effect does not count,2755
2515,variable_not_set,Symbol only in AGOT+ effective text,asoiaf_Stark_95_cc,AGOT+: common/customizable_localization/asoiaf_historical_character_loc.txt:41,AGOT+,jomini_effect.cpp:1161,,,Variable 'asoiaf_Stark_95_cc' is used but is never set. Setting it in an unused scripted trigger or effect does not count,2781
2494,variable_not_set,Symbol only in AGOT+ effective text,asoiaf_Stark_11_cc,AGOT+: common/customizable_localization/asoiaf_historical_character_loc.txt:174,AGOT+,jomini_effect.cpp:1161,,,Variable 'asoiaf_Stark_11_cc' is used but is never set. Setting it in an unused scripted trigger or effect does not count,2784
2533,variable_not_set,Symbol only in AGOT+ effective text,asoiaf_Stark_9_cc,AGOT+: common/customizable_localization/asoiaf_historical_character_loc.txt:160,AGOT+,jomini_effect.cpp:1161,,,Variable 'asoiaf_Stark_9_cc' is used but is never set. Setting it in an unused scripted trigger or effect does not count,2782
2521,variable_not_set,Symbol only in AGOT+ effective text,asoiaf_Stark_88_cc,AGOT+: common/customizable_localization/asoiaf_historical_character_loc.txt:27,AGOT+,jomini_effect.cpp:1161,,,Variable 'asoiaf_Stark_88_cc' is used but is never set. Setting it in an unused scripted trigger or effect does not count,2746
2513,variable_not_set,Symbol only in AGOT+ effective text,asoiaf_Stark_100_cc,AGOT+: common/customizable_localization/asoiaf_historical_character_loc.txt:76,AGOT+,jomini_effect.cpp:1161,,,Variable 'asoiaf_Stark_100_cc' is used but is never set. Setting it in an unused scripted trigger or effect does not count,2760
2520,variable_not_set,Symbol only in AGOT+ effective text,asoiaf_Stark_3_cc,AGOT+: common/customizable_localization/asoiaf_historical_character_loc.txt:118,AGOT+,jomini_effect.cpp:1161,,,Variable 'asoiaf_Stark_3_cc' is used but is never set. Setting it in an unused scripted trigger or effect does not count,2773
2527,variable_not_set,Symbol only in AGOT+ effective text,asoiaf_Stark_5_cc,AGOT+: common/customizable_localization/asoiaf_historical_character_loc.txt:125,AGOT+,jomini_effect.cpp:1161,,,Variable 'asoiaf_Stark_5_cc' is used but is never set. Setting it in an unused scripted trigger or effect does not count,2768
2507,variable_not_set,Symbol only in AGOT+ effective text,asoiaf_Stark_6_cc,AGOT+: common/customizable_localization/asoiaf_historical_character_loc.txt:139,AGOT+,jomini_effect.cpp:1161,,,Variable 'asoiaf_Stark_6_cc' is used but is never set. Setting it in an unused scripted trigger or effect does not count,2761
2492,variable_not_set,Symbol only in AGOT+ effective text,asoiaf_Stark_102_cc,AGOT+: common/customizable_localization/asoiaf_historical_character_loc.txt:90,AGOT+,jomini_effect.cpp:1161,,,Variable 'asoiaf_Stark_102_cc' is used but is never set. Setting it in an unused scripted trigger or effect does not count,2747
2511,variable_not_set,Symbol only in AGOT+ effective text,asoiaf_Stark_94_cc,AGOT+: common/customizable_localization/asoiaf_historical_character_loc.txt:34,AGOT+,jomini_effect.cpp:1161,,,Variable 'asoiaf_Stark_94_cc' is used but is never set. Setting it in an unused scripted trigger or effect does not count,2742
2499,variable_not_set,Symbol only in AGOT+ effective text,faegon_main_character,AGOT+ | Исправления совместимости: common/on_action/agot_on_actions/test_title_on_actions.txt:815 | AGOT+ | Исправления совместимости: common/on_action/agot_on_actions/test_title_on_actions.txt:816 | AGOT+ | Исправления совместимости: common/on_action/agot_on_actions/test_title_on_actions.txt:817,AGOT+ | Исправления совместимости,jomini_effect.cpp:1161,,,Variable 'faegon_main_character' is used but is never set. Setting it in an unused scripted trigger or effect does not count,2767
2517,variable_not_set,Symbol only in AGOT+ effective text,asoiaf_Stark_10_cc,AGOT+: common/customizable_localization/asoiaf_historical_character_loc.txt:167,AGOT+,jomini_effect.cpp:1161,,,Variable 'asoiaf_Stark_10_cc' is used but is never set. Setting it in an unused scripted trigger or effect does not count,2771
2514,variable_not_set,Symbol only in AGOT+ effective text,asoiaf_Stark_4_cc,AGOT+: common/customizable_localization/asoiaf_historical_character_loc.txt:132,AGOT+,jomini_effect.cpp:1161,,,Variable 'asoiaf_Stark_4_cc' is used but is never set. Setting it in an unused scripted trigger or effect does not count,2778
2532,variable_not_set,Symbol only in AGOT+ effective text,asoiaf_Stark_98_cc,AGOT+: common/customizable_localization/asoiaf_historical_character_loc.txt:62,AGOT+,jomini_effect.cpp:1161,,,Variable 'asoiaf_Stark_98_cc' is used but is never set. Setting it in an unused scripted trigger or effect does not count,2764
2512,variable_not_set,Symbol only in AGOT+ effective text,asoiaf_Stark_103_cc,AGOT+: common/customizable_localization/asoiaf_historical_character_loc.txt:97,AGOT+,jomini_effect.cpp:1161,,,Variable 'asoiaf_Stark_103_cc' is used but is never set. Setting it in an unused scripted trigger or effect does not count,2745
2526,variable_not_set,Symbol only in AGOT+ effective text,asoiaf_Stark_86_cc,AGOT+: common/customizable_localization/asoiaf_historical_character_loc.txt:13,AGOT+,jomini_effect.cpp:1161,,,Variable 'asoiaf_Stark_86_cc' is used but is never set. Setting it in an unused scripted trigger or effect does not count,2769
2506,variable_not_set,Symbol only in AGOT+ effective text,asoiaf_Stark_7_cc,AGOT+: common/customizable_localization/asoiaf_historical_character_loc.txt:146,AGOT+,jomini_effect.cpp:1161,,,Variable 'asoiaf_Stark_7_cc' is used but is never set. Setting it in an unused scripted trigger or effect does not count,2757
2575,variable_unused,Symbol only in AGOT+ effective text,asoiaf_is_needle,AGOT+ | Исправления совместимости: common/scripted_effects/asoiaf_scripted_effects_artifacts.txt:1459 | AGOT+ | Исправления совместимости: common/scripted_effects/asoiaf_scripted_effects_artifacts.txt:1507,AGOT+ | Исправления совместимости,jomini_effect.cpp:1145,,,Variable 'asoiaf_is_needle' is set but is never used. Note that use in localization doesn't count due to technical limitations. Use in unused scripted triggers and effects also does not count,2821
2559,variable_unused,Symbol only in AGOT+ effective text,asoiaf_canon_children_Cole_11_born_variable,AGOT+ | Исправления совместимости: common/scripted_effects/asoiaf_assign_inactive_traits_effects.txt:1810,AGOT+ | Исправления совместимости,jomini_effect.cpp:1145,,,Variable 'asoiaf_canon_children_Cole_11_born_variable' is set but is never used. Note that use in localization doesn't count due to technical limitations. Use in unused scripted triggers and effects also does not count,2824
2540,variable_unused,Symbol only in AGOT+ effective text,asoiaf_canon_children_Reed_1_born_variable,AGOT+ | Исправления совместимости: common/scripted_effects/asoiaf_assign_inactive_traits_effects.txt:1621,AGOT+ | Исправления совместимости,jomini_effect.cpp:1145,,,Variable 'asoiaf_canon_children_Reed_1_born_variable' is set but is never used. Note that use in localization doesn't count due to technical limitations. Use in unused scripted triggers and effects also does not count,2813
2576,variable_unused,Symbol only in AGOT+ effective text,asoiaf_canon_children_Targaryen_27_born_variable,AGOT+ | Исправления совместимости: common/scripted_effects/asoiaf_assign_inactive_traits_effects.txt:22,AGOT+ | Исправления совместимости,jomini_effect.cpp:1145,,,Variable 'asoiaf_canon_children_Targaryen_27_born_variable' is set but is never used. Note that use in localization doesn't count due to technical limitations. Use in unused scripted triggers and effects also does not count,2792
2562,variable_unused,Symbol only in AGOT+ effective text,asoiaf_canon_children_Karstark_4_born_variable,AGOT+ | Исправления совместимости: common/scripted_effects/asoiaf_assign_inactive_traits_effects.txt:1609,AGOT+ | Исправления совместимости,jomini_effect.cpp:1145,,,Variable 'asoiaf_canon_children_Karstark_4_born_variable' is set but is never used. Note that use in localization doesn't count due to technical limitations. Use in unused scripted triggers and effects also does not count,2785
2550,variable_unused,Symbol only in AGOT+ effective text,asoiaf_canon_children_Targaryen_28_born_variable,AGOT+ | Исправления совместимости: common/scripted_effects/asoiaf_assign_inactive_traits_effects.txt:11,AGOT+ | Исправления совместимости,jomini_effect.cpp:1145,,,Variable 'asoiaf_canon_children_Targaryen_28_born_variable' is set but is never used. Note that use in localization doesn't count due to technical limitations. Use in unused scripted triggers and effects also does not count,2810
2577,variable_unused,Symbol only in AGOT+ effective text,asoiaf_canon_children_Baelish_2_born_variable,AGOT+ | Исправления совместимости: common/scripted_effects/asoiaf_assign_inactive_traits_effects.txt:2057,AGOT+ | Исправления совместимости,jomini_effect.cpp:1145,,,Variable 'asoiaf_canon_children_Baelish_2_born_variable' is set but is never used. Note that use in localization doesn't count due to technical limitations. Use in unused scripted triggers and effects also does not count,2790
2564,variable_unused,Symbol shared with other sources,dark_sister_artifact,AGOT+ | Исправления совместимости: common/scripted_effects/asoiaf_scripted_effects_artifacts.txt:1320,AGOT+ | Исправления совместимости | Legacy Of The Dragon,jomini_effect.cpp:1145,,,Variable 'dark_sister_artifact' is set but is never used. Note that use in localization doesn't count due to technical limitations. Use in unused scripted triggers and effects also does not count,2794
2544,variable_unused,Symbol only in AGOT+ effective text,asoiaf_canon_children_Arryn_3_born_variable,AGOT+ | Исправления совместимости: common/scripted_effects/asoiaf_assign_inactive_traits_effects.txt:1990,AGOT+ | Исправления совместимости,jomini_effect.cpp:1145,,,Variable 'asoiaf_canon_children_Arryn_3_born_variable' is set but is never used. Note that use in localization doesn't count due to technical limitations. Use in unused scripted triggers and effects also does not count,2811
2568,variable_unused,Symbol only in AGOT+ effective text,agot_faegon_jae_birth_year,AGOT+ | Исправления совместимости: common/scripted_effects/asoiaf_agot_overwrite_effects.txt:56,AGOT+ | Исправления совместимости,jomini_effect.cpp:1145,,,Variable 'agot_faegon_jae_birth_year' is set but is never used. Note that use in localization doesn't count due to technical limitations. Use in unused scripted triggers and effects also does not count,2796
2571,variable_unused,Symbol only in AGOT+ effective text,asoiaf_is_krakenfall,AGOT+ | Исправления совместимости: common/scripted_effects/asoiaf_scripted_effects_artifacts.txt:1170 | AGOT+ | Исправления совместимости: common/scripted_effects/asoiaf_scripted_effects_artifacts.txt:1202,AGOT+ | Исправления совместимости,jomini_effect.cpp:1145,,,Variable 'asoiaf_is_krakenfall' is set but is never used. Note that use in localization doesn't count due to technical limitations. Use in unused scripted triggers and effects also does not count,2817
2552,variable_unused,Symbol only in AGOT+ effective text,asoiaf_canon_children_Baratheon_baby_born_variable,AGOT+ | Исправления совместимости: common/scripted_effects/asoiaf_assign_inactive_traits_effects.txt:1721,AGOT+ | Исправления совместимости,jomini_effect.cpp:1145,,,Variable 'asoiaf_canon_children_Baratheon_baby_born_variable' is set but is never used. Note that use in localization doesn't count due to technical limitations. Use in unused scripted triggers and effects also does not count,2786
2566,variable_unused,Symbol only in AGOT+ effective text,asoiaf_canon_children_Targaryen_95_born_variable,AGOT+ | Исправления совместимости: common/scripted_effects/asoiaf_assign_inactive_traits_effects.txt:814,AGOT+ | Исправления совместимости,jomini_effect.cpp:1145,,,Variable 'asoiaf_canon_children_Targaryen_95_born_variable' is set but is never used. Note that use in localization doesn't count due to technical limitations. Use in unused scripted triggers and effects also does not count,2816
2547,variable_unused,Symbol only in AGOT+ effective text,asoiaf_canon_children_Arryn_84_born_variable,AGOT+ | Исправления совместимости: common/scripted_effects/asoiaf_assign_inactive_traits_effects.txt:1979,AGOT+ | Исправления совместимости,jomini_effect.cpp:1145,,,Variable 'asoiaf_canon_children_Arryn_84_born_variable' is set but is never used. Note that use in localization doesn't count due to technical limitations. Use in unused scripted triggers and effects also does not count,2802
2561,variable_unused,Symbol only in AGOT+ effective text,asoiaf_is_red_vipers_spear,AGOT+ | Исправления совместимости: common/scripted_effects/asoiaf_scripted_effects_artifacts.txt:1629,AGOT+ | Исправления совместимости,jomini_effect.cpp:1145,,,Variable 'asoiaf_is_red_vipers_spear' is set but is never used. Note that use in localization doesn't count due to technical limitations. Use in unused scripted triggers and effects also does not count,2809
2542,variable_unused,Symbol only in AGOT+ effective text,agot_faegon_jon_snow_char,AGOT+ | Исправления совместимости: common/scripted_effects/asoiaf_agot_overwrite_effects.txt:52,AGOT+ | Исправления совместимости,jomini_effect.cpp:1145,,,Variable 'agot_faegon_jon_snow_char' is set but is never used. Note that use in localization doesn't count due to technical limitations. Use in unused scripted triggers and effects also does not count,2807
2567,variable_unused,Symbol only in AGOT+ effective text,asoiaf_canon_children_Stark_1_born_variable,AGOT+ | Исправления совместимости: common/scripted_effects/asoiaf_assign_inactive_traits_effects.txt:1441,AGOT+ | Исправления совместимости,jomini_effect.cpp:1145,,,Variable 'asoiaf_canon_children_Stark_1_born_variable' is set but is never used. Note that use in localization doesn't count due to technical limitations. Use in unused scripted triggers and effects also does not count,2804
2574,variable_unused,Symbol only in AGOT+ effective text,asoiaf_canon_children_Strong_29_born_variable,AGOT+ | Исправления совместимости: common/scripted_effects/asoiaf_assign_inactive_traits_effects.txt:2498,AGOT+ | Исправления совместимости,jomini_effect.cpp:1145,,,Variable 'asoiaf_canon_children_Strong_29_born_variable' is set but is never used. Note that use in localization doesn't count due to technical limitations. Use in unused scripted triggers and effects also does not count,2808
2570,variable_unused,Symbol only in AGOT+ effective text,asoiaf_canon_children_Tyrell_4_born_variable,AGOT+ | Исправления совместимости: common/scripted_effects/asoiaf_assign_inactive_traits_effects.txt:2125,AGOT+ | Исправления совместимости,jomini_effect.cpp:1145,,,Variable 'asoiaf_canon_children_Tyrell_4_born_variable' is set but is never used. Note that use in localization doesn't count due to technical limitations. Use in unused scripted triggers and effects also does not count,2827
2545,variable_unused,Symbol only in AGOT+ effective text,asoiaf_canon_children_Baratheon_75_born_variable,AGOT+ | Исправления совместимости: common/scripted_effects/asoiaf_assign_inactive_traits_effects.txt:1666,AGOT+ | Исправления совместимости,jomini_effect.cpp:1145,,,Variable 'asoiaf_canon_children_Baratheon_75_born_variable' is set but is never used. Note that use in localization doesn't count due to technical limitations. Use in unused scripted triggers and effects also does not count,2815
2563,variable_unused,Symbol only in AGOT+ effective text,asoiaf_canon_children_Stark_84_born_variable,AGOT+ | Исправления совместимости: common/scripted_effects/asoiaf_assign_inactive_traits_effects.txt:1287,AGOT+ | Исправления совместимости,jomini_effect.cpp:1145,,,Variable 'asoiaf_canon_children_Stark_84_born_variable' is set but is never used. Note that use in localization doesn't count due to technical limitations. Use in unused scripted triggers and effects also does not count,2814
2558,variable_unused,Symbol only in AGOT+ effective text,asoiaf_canon_children_Arryn_80_born_variable,AGOT+ | Исправления совместимости: common/scripted_effects/asoiaf_assign_inactive_traits_effects.txt:1968,AGOT+ | Исправления совместимости,jomini_effect.cpp:1145,,,Variable 'asoiaf_canon_children_Arryn_80_born_variable' is set but is never used. Note that use in localization doesn't count due to technical limitations. Use in unused scripted triggers and effects also does not count,2819
2553,variable_unused,Symbol only in AGOT+ effective text,asoiaf_canon_children_Targaryen_96_born_variable,AGOT+ | Исправления совместимости: common/scripted_effects/asoiaf_assign_inactive_traits_effects.txt:825,AGOT+ | Исправления совместимости,jomini_effect.cpp:1145,,,Variable 'asoiaf_canon_children_Targaryen_96_born_variable' is set but is never used. Note that use in localization doesn't count due to technical limitations. Use in unused scripted triggers and effects also does not count,2795
2569,variable_unused,Symbol only in AGOT+ effective text,color,AGOT+ | Исправления совместимости: common/scripted_effects/asoiaf_agot_overwrite_effects.txt:294 | AGOT+ | Исправления совместимости: common/scripted_effects/asoiaf_agot_overwrite_effects.txt:529 | AGOT+ | Исправления совместимости: common/scripted_effects/asoiaf_agot_overwrite_effects.txt:756 | AGOT+ | Исправления совместимости: common/scripted_effects/asoiaf_agot_overwrite_effects.txt:983 | AGOT+ | Исправления совместимости: common/scripted_effects/asoiaf_agot_overwrite_effects.txt:1210 | AGOT+ | Исправления совместимости: common/scripted_effects/asoiaf_agot_overwrite_effects.txt:1437 | AGOT+ | Исправления совместимости: common/scripted_effects/asoiaf_agot_overwrite_effects.txt:1664,AGOT+ | Исправления совместимости,jomini_effect.cpp:1145,,,Variable 'color' is set but is never used. Note that use in localization doesn't count due to technical limitations. Use in unused scripted triggers and effects also does not count,2818
2543,variable_unused,Symbol only in AGOT+ effective text,asoiaf_canon_children_Strong_28_born_variable,AGOT+ | Исправления совместимости: common/scripted_effects/asoiaf_assign_inactive_traits_effects.txt:2487,AGOT+ | Исправления совместимости,jomini_effect.cpp:1145,,,Variable 'asoiaf_canon_children_Strong_28_born_variable' is set but is never used. Note that use in localization doesn't count due to technical limitations. Use in unused scripted triggers and effects also does not count,2801
2556,variable_unused,Symbol only in AGOT+ effective text,asoiaf_canon_children_Hightower_90_born_variable,AGOT+ | Исправления совместимости: common/scripted_effects/asoiaf_assign_inactive_traits_effects.txt:2069,AGOT+ | Исправления совместимости,jomini_effect.cpp:1145,,,Variable 'asoiaf_canon_children_Hightower_90_born_variable' is set but is never used. Note that use in localization doesn't count due to technical limitations. Use in unused scripted triggers and effects also does not count,2800
2536,variable_unused,Symbol only in AGOT+ effective text,asoiaf_canon_children_Martell_4_born_variable,AGOT+ | Исправления совместимости: common/scripted_effects/asoiaf_assign_inactive_traits_effects.txt:2279,AGOT+ | Исправления совместимости,jomini_effect.cpp:1145,,,Variable 'asoiaf_canon_children_Martell_4_born_variable' is set but is never used. Note that use in localization doesn't count due to technical limitations. Use in unused scripted triggers and effects also does not count,2803
2537,variable_unused,Symbol only in AGOT+ effective text,asoiaf_canon_children_Greyjoy_5_born_variable,AGOT+ | Исправления совместимости: common/scripted_effects/asoiaf_assign_inactive_traits_effects.txt:2564,AGOT+ | Исправления совместимости,jomini_effect.cpp:1145,,,Variable 'asoiaf_canon_children_Greyjoy_5_born_variable' is set but is never used. Note that use in localization doesn't count due to technical limitations. Use in unused scripted triggers and effects also does not count,2805
2554,variable_unused,Symbol only in AGOT+ effective text,color_grading,AGOT+ | Исправления совместимости: common/scripted_effects/asoiaf_agot_overwrite_effects.txt:289 | AGOT+ | Исправления совместимости: common/scripted_effects/asoiaf_agot_overwrite_effects.txt:524 | AGOT+ | Исправления совместимости: common/scripted_effects/asoiaf_agot_overwrite_effects.txt:751 | AGOT+ | Исправления совместимости: common/scripted_effects/asoiaf_agot_overwrite_effects.txt:978 | AGOT+ | Исправления совместимости: common/scripted_effects/asoiaf_agot_overwrite_effects.txt:1205 | AGOT+ | Исправления совместимости: common/scripted_effects/asoiaf_agot_overwrite_effects.txt:1432 | AGOT+ | Исправления совместимости: common/scripted_effects/asoiaf_agot_overwrite_effects.txt:1659,AGOT+ | Исправления совместимости,jomini_effect.cpp:1145,,,Variable 'color_grading' is set but is never used. Note that use in localization doesn't count due to technical limitations. Use in unused scripted triggers and effects also does not count,2797
2560,variable_unused,Symbol only in AGOT+ effective text,asoiaf_canon_children_Velaryon_31_born_variable,AGOT+ | Исправления совместимости: common/scripted_effects/asoiaf_assign_inactive_traits_effects.txt:1232,AGOT+ | Исправления совместимости,jomini_effect.cpp:1145,,,Variable 'asoiaf_canon_children_Velaryon_31_born_variable' is set but is never used. Note that use in localization doesn't count due to technical limitations. Use in unused scripted triggers and effects also does not count,2789
2538,variable_unused,Symbol only in AGOT+ effective text,asoiaf_canon_children_Tully_1_born_variable,AGOT+ | Исправления совместимости: common/scripted_effects/asoiaf_assign_inactive_traits_effects.txt:2389,AGOT+ | Исправления совместимости,jomini_effect.cpp:1145,,,Variable 'asoiaf_canon_children_Tully_1_born_variable' is set but is never used. Note that use in localization doesn't count due to technical limitations. Use in unused scripted triggers and effects also does not count,2798
2539,variable_unused,Symbol only in AGOT+ effective text,asoiaf_canon_children_Tully_9_born_variable,AGOT+ | Исправления совместимости: common/scripted_effects/asoiaf_assign_inactive_traits_effects.txt:2400,AGOT+ | Исправления совместимости,jomini_effect.cpp:1145,,,Variable 'asoiaf_canon_children_Tully_9_born_variable' is set but is never used. Note that use in localization doesn't count due to technical limitations. Use in unused scripted triggers and effects also does not count,2806
2572,variable_unused,Symbol only in AGOT+ effective text,asoiaf_canon_children_Dayne_1_born_variable,AGOT+ | Исправления совместимости: common/scripted_effects/asoiaf_assign_inactive_traits_effects.txt:2323,AGOT+ | Исправления совместимости,jomini_effect.cpp:1145,,,Variable 'asoiaf_canon_children_Dayne_1_born_variable' is set but is never used. Note that use in localization doesn't count due to technical limitations. Use in unused scripted triggers and effects also does not count,2822
2541,variable_unused,Symbol only in AGOT+ effective text,asoiaf_canon_children_Tarly_1_born_variable,AGOT+ | Исправления совместимости: common/scripted_effects/asoiaf_assign_inactive_traits_effects.txt:2213,AGOT+ | Исправления совместимости,jomini_effect.cpp:1145,,,Variable 'asoiaf_canon_children_Tarly_1_born_variable' is set but is never used. Note that use in localization doesn't count due to technical limitations. Use in unused scripted triggers and effects also does not count,2826
2557,variable_unused,Symbol only in AGOT+ effective text,asoiaf_canon_children_Targaryen_29_born_variable,AGOT+ | Исправления совместимости: common/scripted_effects/asoiaf_assign_inactive_traits_effects.txt:33,AGOT+ | Исправления совместимости,jomini_effect.cpp:1145,,,Variable 'asoiaf_canon_children_Targaryen_29_born_variable' is set but is never used. Note that use in localization doesn't count due to technical limitations. Use in unused scripted triggers and effects also does not count,2825
2549,variable_unused,Symbol only in AGOT+ effective text,asoiaf_canon_children_Lannister_129_born_variable,AGOT+ | Исправления совместимости: common/scripted_effects/asoiaf_assign_inactive_traits_effects.txt:1824,AGOT+ | Исправления совместимости,jomini_effect.cpp:1145,,,Variable 'asoiaf_canon_children_Lannister_129_born_variable' is set but is never used. Note that use in localization doesn't count due to technical limitations. Use in unused scripted triggers and effects also does not count,2788
2578,variable_not_set,Symbol only in AGOT+ effective text,asoiaf_targaryen_invasion_claimant,AGOT+ | Исправления совместимости: common/scripted_effects/asoiaf_targaryen_invasion_claimants_effects.txt:140,AGOT+ | Исправления совместимости,jomini_effect.cpp:1161,,,Event target 'asoiaf_targaryen_invasion_claimant' is used but is never set. Setting it in an unused scripted trigger or effect does not count,2828
2581,character_links,Symbol only in AGOT+ effective text,Dormund_1,AGOT+ | Исправления совместимости: common/scripted_effects/asoiaf_setup_effects.txt:2659 | AGOT+ | Исправления совместимости: common/scripted_effects/asoiaf_setup_effects.txt:11255,AGOT+ | Исправления совместимости,history.cpp:644,,,Referencing non-existent character in script link character:Dormund_1,2831
2582,character_links,Symbol only in AGOT+ effective text,Dormund_1,AGOT+ | Исправления совместимости: common/scripted_effects/asoiaf_setup_effects.txt:2659 | AGOT+ | Исправления совместимости: common/scripted_effects/asoiaf_setup_effects.txt:11255,AGOT+ | Исправления совместимости,history.cpp:644,,,Referencing non-existent character in script link character:Dormund_1,2832
2583,character_links,Symbol only in AGOT+ effective text,Broome_rs_54,AGOT+ | Исправления совместимости: common/scripted_effects/asoiaf_setup_effects.txt:5766,AGOT+ | Исправления совместимости,history.cpp:644,,,Referencing non-existent character in script link character:Broome_rs_54,2833
2584,character_links,Symbol only in AGOT+ effective text,Dormund_1,AGOT+ | Исправления совместимости: common/scripted_effects/asoiaf_setup_effects.txt:2659 | AGOT+ | Исправления совместимости: common/scripted_effects/asoiaf_setup_effects.txt:11255,AGOT+ | Исправления совместимости,history.cpp:644,,,Referencing non-existent character in script link character:Dormund_1,2834
2585,character_links,Symbol only in AGOT+ effective text,Dormund_1,AGOT+ | Исправления совместимости: common/scripted_effects/asoiaf_setup_effects.txt:2659 | AGOT+ | Исправления совместимости: common/scripted_effects/asoiaf_setup_effects.txt:11255,AGOT+ | Исправления совместимости,history.cpp:644,,,Referencing non-existent character in script link character:Dormund_1,2835
2586,character_links,Symbol only in AGOT+ effective text,Hotah_rs_2,AGOT+ | Исправления совместимости: common/scripted_effects/asoiaf_setup_effects.txt:12175,AGOT+ | Исправления совместимости,history.cpp:644,,,Referencing non-existent character in script link character:Hotah_rs_2,2836
2587,character_links,Symbol only in AGOT+ effective text,Hotah_rs_2,AGOT+ | Исправления совместимости: common/scripted_effects/asoiaf_setup_effects.txt:12175,AGOT+ | Исправления совместимости,history.cpp:644,,,Referencing non-existent character in script link character:Hotah_rs_2,2837
2588,character_links,Symbol only in AGOT+ effective text,asoiaf_Targaryen_61_1,AGOT+ | Исправления совместимости: common/scripted_effects/asoiaf_assign_inactive_traits_effects.txt:519,AGOT+ | Исправления совместимости,history.cpp:644,,,Referencing non-existent character in script link character:asoiaf_Targaryen_61_1,2838
2589,character_links,Symbol only in AGOT+ effective text,asoiaf_Targaryen_61_1,AGOT+ | Исправления совместимости: common/scripted_effects/asoiaf_assign_inactive_traits_effects.txt:519,AGOT+ | Исправления совместимости,history.cpp:644,,,Referencing non-existent character in script link character:asoiaf_Targaryen_61_1,2839
2590,character_links,Symbol only in AGOT+ effective text,Targaryen_61_1,AGOT+ | Исправления совместимости: common/scripted_effects/asoiaf_canon_children_effects.txt:13932,AGOT+ | Исправления совместимости,history.cpp:644,,,Referencing non-existent character in script link character:Targaryen_61_1,2840
2591,character_links,Symbol only in AGOT+ effective text,Targaryen_61_1,AGOT+ | Исправления совместимости: common/scripted_effects/asoiaf_canon_children_effects.txt:13932,AGOT+ | Исправления совместимости,history.cpp:644,,,Referencing non-existent character in script link character:Targaryen_61_1,2841
2592,character_links,Symbol only in AGOT+ effective text,Targaryen_61_1,AGOT+ | Исправления совместимости: common/scripted_effects/asoiaf_canon_children_effects.txt:13932,AGOT+ | Исправления совместимости,history.cpp:644,,,Referencing non-existent character in script link character:Targaryen_61_1,2842
2593,character_links,Symbol only in AGOT+ effective text,Targaryen_61_1,AGOT+ | Исправления совместимости: common/scripted_effects/asoiaf_canon_children_effects.txt:13932,AGOT+ | Исправления совместимости,history.cpp:644,,,Referencing non-existent character in script link character:Targaryen_61_1,2843
