[10:39:16][dlc_descriptor.cpp:70] [original line 1] Invalid supported_version in file: mod/ugc_2261468688.mod line: 6
[10:40:20][virtualfilesystem.cpp:456] [original line 1255] Could not find texture due to 'VFSOpen Error: gfx/models/buildings/special/castamere/building_backup_atlas_properties.dds not found'
[10:40:20][virtualfilesystem.cpp:456] [original line 1257] Could not find texture due to 'VFSOpen Error: gfx/models/buildings/special/castamere/building_backup_atlas_normal.dds not found'
[10:40:20][virtualfilesystem.cpp:456] [original line 1260] Could not find texture due to 'VFSOpen Error: gfx/models/buildings/special/castamere/building_backup_atlas_properties.dds not found'
[10:40:20][virtualfilesystem.cpp:456] [original line 1262] Could not find texture due to 'VFSOpen Error: gfx/models/buildings/special/castamere/building_backup_atlas_normal.dds not found'
[10:40:21][virtualfilesystem.cpp:456] [original line 1271] Could not find texture due to 'VFSOpen Error: gfx/models/buildings/special/castamere/building_backup_atlas_properties.dds not found'
[10:40:21][virtualfilesystem.cpp:456] [original line 1273] Could not find texture due to 'VFSOpen Error: gfx/models/buildings/special/castamere/building_backup_atlas_normal.dds not found'
[10:40:21][virtualfilesystem.cpp:456] [original line 1276] Could not find texture due to 'VFSOpen Error: gfx/models/buildings/special/castamere/building_backup_atlas_properties.dds not found'
[10:40:21][virtualfilesystem.cpp:456] [original line 1278] Could not find texture due to 'VFSOpen Error: gfx/models/buildings/special/castamere/building_backup_atlas_normal.dds not found'
[10:40:23][virtualfilesystem.cpp:456] [original line 1331] Could not find texture due to 'VFSOpen Error: gfx/models/buildings/special/castamere/building_backup_atlas_properties.dds not found'
[10:40:23][virtualfilesystem.cpp:456] [original line 1333] Could not find texture due to 'VFSOpen Error: gfx/models/buildings/special/castamere/building_backup_atlas_normal.dds not found'
[10:40:23][virtualfilesystem.cpp:456] [original line 1336] Could not find texture due to 'VFSOpen Error: gfx/models/buildings/special/castamere/building_backup_atlas_properties.dds not found'
[10:40:23][virtualfilesystem.cpp:456] [original line 1338] Could not find texture due to 'VFSOpen Error: gfx/models/buildings/special/castamere/building_backup_atlas_normal.dds not found'
[10:40:23][virtualfilesystem.cpp:456] [original line 1341] Could not find texture due to 'VFSOpen Error: gfx/models/buildings/special/castamere/building_backup_atlas_properties.dds not found'
[10:40:23][virtualfilesystem.cpp:456] [original line 1343] Could not find texture due to 'VFSOpen Error: gfx/models/buildings/special/castamere/building_backup_atlas_normal.dds not found'
[10:40:47][decision_type.cpp:224] [original line 1438] asoiaf_greyjoy_cadets_decision has 'ai_check_interval'/'ai_check_interval_by_tier' that's negative or unset. Setting to 0 instead
[10:40:47][decision_type.cpp:224] [original line 1439] asoiaf_baelish_cadets_decision has 'ai_check_interval'/'ai_check_interval_by_tier' that's negative or unset. Setting to 0 instead
[10:40:47][decision_type.cpp:224] [original line 1440] asoiaf_harlaw_cadets_decision has 'ai_check_interval'/'ai_check_interval_by_tier' that's negative or unset. Setting to 0 instead
[10:40:47][decision_type.cpp:224] [original line 1441] asoiaf_jon_targ_cadet_branch_decision has 'ai_check_interval'/'ai_check_interval_by_tier' that's negative or unset. Setting to 0 instead
[10:40:47][decision_type.cpp:224] [original line 1442] asoiaf_aegon_II_greens_cadet_branch_decision has 'ai_check_interval'/'ai_check_interval_by_tier' that's negative or unset. Setting to 0 instead
[10:40:47][jomini_dynamicdescription.cpp:66] [original line 1443] Unrecognized loc key show_notifications_decision_tooltip. show_notifications_decision
[10:40:47][decision_type.cpp:224] [original line 1444] show_notifications_decision has 'ai_check_interval'/'ai_check_interval_by_tier' that's negative or unset. Setting to 0 instead
[10:40:47][pdx_persistent_reader.cpp:216] [original line 1580] Error: "Unknown trigger: portrait_wear_lannister_armour_torso_courtiers, near line: 11965" in file: "gfx/portraits/portrait_modifiers/asoiaf_character_custom_flags.txt" near line: 11965
[10:40:47][pdx_persistent_reader.cpp:216] [original line 1620] Error: "Unexpected token: accesory, near line: 17857" in file: "gfx/portraits/portrait_modifiers/asoiaf_character_custom_flags.txt" near line: 17857
[10:40:47][jomini_scriptvalue.h:459] [original line 1622] Cannot use GetMinValue without a value set
[10:40:47][jomini_eventtarget.cpp:692] [original line 1626] Failed to find a valid event target link 'has_religion' at file: gfx/portraits/portrait_modifiers/asoiaf_clothes.txt line: 1092 (asoiaf_drowned_man_clothes_modifiers:weight)
[10:40:47][pdx_persistent_reader.cpp:216] [original line 1627] Error: "Unknown trigger: liege.has_religion, near line: 1092" in file: "gfx/portraits/portrait_modifiers/asoiaf_clothes.txt" near line: 1093
[10:40:47][jomini_eventtarget.cpp:692] [original line 1628] Failed to find a valid event target link 'has_religion' at file: gfx/portraits/portrait_modifiers/asoiaf_clothes.txt line: 1176 (asoiaf_drowned_man_clothes_modifiers:weight)
[10:40:47][pdx_persistent_reader.cpp:216] [original line 1629] Error: "Unknown trigger: liege.has_religion, near line: 1176" in file: "gfx/portraits/portrait_modifiers/asoiaf_clothes.txt" near line: 1181
[10:40:47][pdx_persistent_reader.cpp:216] [original line 1639] Error: "Unknown trigger: is_character_baratheon_3, near line: 81" in file: "gfx/portraits/portrait_modifiers/asoiaf_headgear_crowns.txt" near line: 83
[10:40:47][pdx_persistent_reader.cpp:216] [original line 1640] Error: "Unknown trigger: is_character_baratheon_3, near line: 165" in file: "gfx/portraits/portrait_modifiers/asoiaf_headgear_crowns.txt" near line: 167
[10:40:47][pdx_persistent_reader.cpp:216] [original line 1641] Error: "Unknown trigger: is_character_baratheon_4, near line: 264" in file: "gfx/portraits/portrait_modifiers/asoiaf_headgear_crowns.txt" near line: 269
[10:40:47][pdx_persistent_reader.cpp:216] [original line 1642] Error: "Unknown trigger: is_character_baratheon_4, near line: 330" in file: "gfx/portraits/portrait_modifiers/asoiaf_headgear_crowns.txt" near line: 335
[10:40:47][pdx_persistent_reader.cpp:216] [original line 1643] Error: "Unknown trigger: is_character_baratheon_5, near line: 645
Unknown trigger: is_character_baratheon_6, near line: 646
Unknown trigger: is_character_baratheon_7, near line: 647" in file: "gfx/portraits/portrait_modifiers/asoiaf_headgear_crowns.txt" near line: 651
[10:40:47][pdx_persistent_reader.cpp:216] [original line 1646] Error: "Unknown trigger: is_character_baratheon_5, near line: 694
Unknown trigger: is_character_baratheon_6, near line: 695
Unknown trigger: is_character_baratheon_7, near line: 696" in file: "gfx/portraits/portrait_modifiers/asoiaf_headgear_crowns.txt" near line: 700
[10:40:47][character_currency_effects_impl.cpp:227] [original line 1653] Negative value in remove_short_term_gold: -450. file: events/decisions_events/buy_ruby_crown_events.txt line: 54 (buy_ruby_crown.0999:immediate)
[10:40:48][jomini_eventmanager.cpp:428] [original line 1655] Duplicated event ID 'agot_activity_commission_crown.0001' found. New Location: 'file: events/activities/agot_coronation_activity/agot_activity_events_crown_commission.txt line: 3 (agot_activity_commission_crown.0001)', Previous Location: 'file: events/activities/agot_coronation_activity/agot_activity_events_crown_commission.txt line: 3 (agot_activity_commission_crown.0001)'
[10:40:51][pdx_persistent_reader.cpp:216] [original line 1657] Error: "Unexpected token: rhoynish_religion_opinion, near line: 1760" in file: "common/buildings/yy_agotcities_special_buildings_westeros.txt" near line: 1760
[10:40:51][pdx_persistent_reader.cpp:216] [original line 1658] Error: "Unexpected token: rhoynish_religion_opinion, near line: 1767" in file: "common/buildings/yy_agotcities_special_buildings_westeros.txt" near line: 1767
[10:40:51][pdx_persistent_reader.cpp:216] [original line 1659] Error: "Unknown trigger: holding, near line: 2364" in file: "common/buildings/yy_agotcities_special_buildings_westeros.txt" near line: 2369
[10:40:51][pdx_persistent_reader.cpp:216] [original line 1660] Error: "Unexpected token: confucian_education_xp_gain_mult, near line: 4047" in file: "common/modifiers/DI_modifiers.txt" near line: 4047
[10:40:51][pdx_persistent_reader.cpp:216] [original line 1661] Error: "Unexpected token: valeman_opinion, near line: 447" in file: "common/modifiers/ntc_artifact_modifiers.txt" near line: 447
[10:40:51][pdx_persistent_reader.cpp:216] [original line 1662] Error: "Unexpected token: valeman_opinion, near line: 456" in file: "common/modifiers/ntc_artifact_modifiers.txt" near line: 456
[10:40:51][pdx_persistent_reader.cpp:216] [original line 1663] Error: "Unexpected token: valeman_opinion, near line: 605" in file: "common/modifiers/ntc_artifact_modifiers.txt" near line: 605
[10:40:53][jomini_script_argument.cpp:227] [original line 1664] Compiling source for agot_create_artifact_aegon_i_crown_effect failed for missing arguments: CREATOR. At file: common/scripted_effects/00_agot_artifact_crowns_effects.txt line: 78 (agot_create_artifact_aegon_i_crown_effect)
[10:40:53][jomini_script_argument.cpp:227] [original line 1665] Compiling source for agot_create_artifact_aenys_crown_effect failed for missing arguments: CREATOR. At file: common/scripted_effects/00_agot_artifact_crowns_effects.txt line: 228 (agot_create_artifact_aenys_crown_effect)
[10:40:53][jomini_script_argument.cpp:227] [original line 1666] Compiling source for agot_create_artifact_jaehaerys_crown_effect failed for missing arguments: CREATOR. At file: common/scripted_effects/00_agot_artifact_crowns_effects.txt line: 314 (agot_create_artifact_jaehaerys_crown_effect)
[10:40:53][jomini_script_argument.cpp:227] [original line 1667] Compiling source for agot_create_artifact_aegon_iii_crown_effect failed for missing arguments: CREATOR. At file: common/scripted_effects/00_agot_artifact_crowns_effects.txt line: 434 (agot_create_artifact_aegon_iii_crown_effect)
[10:40:53][jomini_script_argument.cpp:227] [original line 1668] Compiling source for agot_create_artifact_baelors_crown_effect failed for missing arguments: CREATOR. At file: common/scripted_effects/00_agot_artifact_crowns_effects.txt line: 498 (agot_create_artifact_baelors_crown_effect)
[10:40:53][jomini_script_argument.cpp:227] [original line 1669] Compiling source for agot_create_artifact_aegon_iv_crown_effect failed for missing arguments: CREATOR. At file: common/scripted_effects/00_agot_artifact_crowns_effects.txt line: 594 (agot_create_artifact_aegon_iv_crown_effect)
[10:40:53][jomini_script_argument.cpp:227] [original line 1670] Compiling source for agot_create_artifact_maekars_crown_effect failed for missing arguments: CREATOR. At file: common/scripted_effects/00_agot_artifact_crowns_effects.txt line: 672 (agot_create_artifact_maekars_crown_effect)
[10:40:53][jomini_script_argument.cpp:227] [original line 1671] Compiling source for agot_create_artifact_visenya_circlet_effect failed for missing arguments: CREATOR. At file: common/scripted_effects/00_agot_artifact_crowns_effects.txt line: 837 (agot_create_artifact_visenya_circlet_effect)
[10:40:54][pdx_locstring.cpp:93] [original line 1672] Key is missing localization: test_crush_desc
[10:40:54][pdx_locstring.cpp:93] [original line 1673] Key is missing localization: test_crush_desc
[10:40:54][pdx_locstring.cpp:93] [original line 1674] Key is missing localization: test_crush_desc
[10:40:54][pdx_locstring.cpp:93] [original line 1675] Key is missing localization: test_crush_desc
[10:40:54][pdx_locstring.cpp:93] [original line 1676] Key is missing localization: test_crush_desc
[10:40:54][pdx_locstring.cpp:93] [original line 1677] Key is missing localization: test_crush_desc
[10:40:54][pdx_persistent_reader.cpp:216] [original line 1678] Error: "Unknown effect: agot_8299_4_1_acok_scenario_setup, near line: 89" in file: "common/scripted_effects/00_agot_scenario_setup_effects.txt" near line: 90
[10:40:54][jomini_eventtarget.cpp:692] [original line 1679] Failed to find a valid event target link 'house_Blackfyre' at file: common/scripted_triggers/tgc_loaded_trigger.txt line: 127 (tgc_blackfyre_equipment_trigger)
[10:40:54][pdx_persistent_reader.cpp:216] [original line 1712] Error: "Failed to read key reference: 1453_end_date: 1453_end_date, near line: 3
Failed to read key reference: rhomaion_name_of_byzantium: rhomaion_name_of_byzantium, near line: 3
Failed to read key reference: default_mongol_invasion: default_mongol_invasion, near line: 3
Failed to read key reference: random_ruler_placement_off: random_ruler_placement_off, near line: 3
Failed to read key reference: launch_historical: launch_historical, near line: 3
Failed to read key reference: fp1_scandi_adventurers_apocalyptic: fp1_scandi_adventurers_apocalyptic, near line: 3
Failed to read key reference: dissolution_after_caliph_death: dissolution_after_caliph_death, near line: 3
Failed to read key reference: default_seljuk_invasion: default_seljuk_invasion, near line: 3
Failed to read key reference: situation_the_great_steppe_toggle_on: situation_the_great_steppe_toggle_on, near line: 3
Failed to read key reference: struggle_iberia_toggle_on: struggle_iberia_toggle_on, near line: 3
Failed to read key reference: struggle_persia_toggle_on: struggle_persia_toggle_on, near line: 3
Failed to read key reference: historicity_ruler_of_munster_historical_toirdelbach: historicity_ruler_of_munster_historical_toirdelbach, near line: 3
Failed to read key reference: historicity_norman_conquest_default_random: historicity_norman_conquest_default_random, near line: 3
Failed to read key reference: tibet_nomad_region_on: tibet_nomad_region_on, near line: 3
Failed to read key reference: sami_nomad_region_on: sami_nomad_region_on, near line: 3
Failed to read key reference: arabia_nomad_region_on: arabia_nomad_region_on, near line: 3
Failed to read key reference: sahel_nomad_region_on: sahel_nomad_region_on, near line: 3
Failed to read key reference: horn_of_africa_nomad_region_on: horn_of_africa_nomad_region_on, near line: 3
Failed to read key reference: historicity_extra_admin_egypt_gameplay_not_administrative: historicity_extra_admin_egypt_gameplay_not_administrative, near line: 3
Failed to read key reference: historicity_extra_admin_arabia_gameplay_not_administrative: historicity_extra_admin_arabia_gameplay_not_administrative, near line: 3
Failed to read key reference: historicity_extra_admin_ghana_gameplay_not_administrative: historicity_extra_admin_ghana_gameplay_not_administrative, near line: 3
Failed to read key reference: historicity_extra_admin_kabulistan_gameplay_not_administrative: historicity_extra_admin_kabulistan_gameplay_not_administrative, near line: 3
Failed to read key reference: historicity_extra_admin_persia_gameplay_not_administrative: historicity_extra_admin_persia_gameplay_not_administrative, near line: 3
Failed to read key reference: historicity_extra_admin_maghreb_gameplay_not_administrative: historicity_extra_admin_maghreb_gameplay_not_administrative, near line: 3
Failed to read key reference: historicity_extra_admin_tamilakam_gameplay_not_administrative: historicity_extra_admin_tamilakam_gameplay_not_administrative, near line: 3
Failed to read key reference: historicity_extra_admin_carolingians_gameplay_not_administrative: historicity_extra_admin_carolingians_gameplay_not_administrative, near line: 3
Failed to read key reference: historicity_extra_admin_player_wherever_gameplay_not_administrative: historicity_extra_admin_player_wherever_gameplay_not_administrative, near line: 3
Failed to read key reference: historicity_frankokratia_fourth_crusade: historicity_frankokratia_fourth_crusade, near line: 3
Failed to read key reference: silk_road_starting_innovations_preset: silk_road_starting_innovations_preset, near line: 3
Failed to read key reference: ACR_RE_tradition_slots_plus_95: ACR_RE_tradition_slots_plus_95, near line: 3
Failed to read key reference: ACR_RE_tradition_cost_free: ACR_RE_tradition_cost_free, near line: 3
Failed to read key reference: ACR_RE_tradition_cooldown_none: ACR_RE_tradition_cooldown_none, near line: 3
Failed to read key reference: ACR_RE_truce_duration_5: ACR_RE_truce_duration_5, near line: 3
Failed to read key reference: ACR_RE_truce_scope_player_primary: ACR_RE_truce_scope_player_primary, near line: 3
Failed to read key reference: ACR_RE_council_task_speed_1_month: ACR_RE_council_task_speed_1_month, near line: 3
Failed to read key reference: HM_RE_rule_player_free_functions_enabled: HM_RE_rule_player_free_functions_enabled, near line: 3
Failed to read key reference: HM_RE_rule_change_holding_type_cost_very_cheap: HM_RE_rule_change_holding_type_cost_very_cheap, near line: 3
Failed to read key reference: HM_RE_rule_change_holding_type_cooldown_very_short: HM_RE_rule_change_holding_type_cooldown_very_short, near line: 3
Failed to read key reference: HM_RE_rule_can_replace_buildings_vassals: HM_RE_rule_can_replace_buildings_vassals, near line: 3
Failed to read key reference: HM_RE_rule_can_feudalize_holdings_vassals: HM_RE_rule_can_feudalize_holdings_vassals, near line: 3
Failed to read key reference: HM_RE_value_construct_buildings_gold_cost_cap_very_cheap: HM_RE_value_construct_buildings_gold_cost_cap_very_cheap, near line: 3
Failed to read key reference: HM_RE_rule_player_extra_slots_enabled: HM_RE_rule_player_extra_slots_enabled, near line: 3
Failed to read key reference: HM_RE_rule_player_slot_base_cost_very_cheap: HM_RE_rule_player_slot_base_cost_very_cheap, near line: 3
Failed to read key reference: HM_RE_rule_player_slot_step_cost_very_cheap: HM_RE_rule_player_slot_step_cost_very_cheap, near line: 3
Failed to read key reference: HM_RE_rule_construction_time_cost_free: HM_RE_rule_construction_time_cost_free, near line: 3
Failed to read key reference: HM_RE_build_all_button_on: HM_RE_build_all_button_on, near line: 3
Failed to read key reference: HM_RE_upgrade_all_button_on: HM_RE_upgrade_all_button_on, near line: 3
Failed to read key reference: HM_RE_make_nomad_button_on: HM_RE_make_nomad_button_on, near line: 3
Failed to read key reference: HM_RE_make_temple_citadel_button_on: HM_RE_make_temple_citadel_button_on, near line: 3
Failed to read key reference: HM_RE_player_add_slots_decision_on: HM_RE_player_add_slots_decision_on, near line: 3
Failed to read key reference: HM_RE_player_add_slots_decision_base_cost_very_cheap: HM_RE_player_add_slots_decision_base_cost_very_cheap, near line: 3
Failed to read key reference: HM_RE_player_cost_gold: HM_RE_player_cost_gold, near line: 3
Failed to read key reference: HM_RE_rule_ai_extra_slots_disabled: HM_RE_rule_ai_extra_slots_disabled, near line: 3
Failed to read key reference: HM_RE_rule_ai_slot_base_cost_very_expensive: HM_RE_rule_ai_slot_base_cost_very_expensive, near line: 3
Failed to read key reference: HM_RE_rule_ai_slot_step_cost_very_expensive: HM_RE_rule_ai_slot_step_cost_very_expensive, near line: 3" in file: "" near line: 3
[10:40:54][pdx_persistent_reader.cpp:216] [original line 1767] Error: "Failed to read key reference: 1453_end_date: 1453_end_date, near line: 8
Failed to read key reference: rhomaion_name_of_byzantium: rhomaion_name_of_byzantium, near line: 8
Failed to read key reference: default_mongol_invasion: default_mongol_invasion, near line: 8
Failed to read key reference: random_ruler_placement_off: random_ruler_placement_off, near line: 8
Failed to read key reference: launch_historical: launch_historical, near line: 8
Failed to read key reference: fp1_scandi_adventurers_apocalyptic: fp1_scandi_adventurers_apocalyptic, near line: 8
Failed to read key reference: dissolution_after_caliph_death: dissolution_after_caliph_death, near line: 8
Failed to read key reference: default_seljuk_invasion: default_seljuk_invasion, near line: 8
Failed to read key reference: situation_the_great_steppe_toggle_on: situation_the_great_steppe_toggle_on, near line: 8
Failed to read key reference: struggle_iberia_toggle_on: struggle_iberia_toggle_on, near line: 8
Failed to read key reference: struggle_persia_toggle_on: struggle_persia_toggle_on, near line: 8
Failed to read key reference: historicity_ruler_of_munster_historical_toirdelbach: historicity_ruler_of_munster_historical_toirdelbach, near line: 8
Failed to read key reference: historicity_norman_conquest_default_random: historicity_norman_conquest_default_random, near line: 8
Failed to read key reference: tibet_nomad_region_on: tibet_nomad_region_on, near line: 8
Failed to read key reference: sami_nomad_region_on: sami_nomad_region_on, near line: 8
Failed to read key reference: arabia_nomad_region_on: arabia_nomad_region_on, near line: 8
Failed to read key reference: sahel_nomad_region_on: sahel_nomad_region_on, near line: 8
Failed to read key reference: horn_of_africa_nomad_region_on: horn_of_africa_nomad_region_on, near line: 8
Failed to read key reference: historicity_extra_admin_egypt_gameplay_not_administrative: historicity_extra_admin_egypt_gameplay_not_administrative, near line: 8
Failed to read key reference: historicity_extra_admin_arabia_gameplay_not_administrative: historicity_extra_admin_arabia_gameplay_not_administrative, near line: 8
Failed to read key reference: historicity_extra_admin_ghana_gameplay_not_administrative: historicity_extra_admin_ghana_gameplay_not_administrative, near line: 8
Failed to read key reference: historicity_extra_admin_kabulistan_gameplay_not_administrative: historicity_extra_admin_kabulistan_gameplay_not_administrative, near line: 8
Failed to read key reference: historicity_extra_admin_persia_gameplay_not_administrative: historicity_extra_admin_persia_gameplay_not_administrative, near line: 8
Failed to read key reference: historicity_extra_admin_maghreb_gameplay_not_administrative: historicity_extra_admin_maghreb_gameplay_not_administrative, near line: 8
Failed to read key reference: historicity_extra_admin_tamilakam_gameplay_not_administrative: historicity_extra_admin_tamilakam_gameplay_not_administrative, near line: 8
Failed to read key reference: historicity_extra_admin_carolingians_gameplay_not_administrative: historicity_extra_admin_carolingians_gameplay_not_administrative, near line: 8
Failed to read key reference: historicity_extra_admin_player_wherever_gameplay_not_administrative: historicity_extra_admin_player_wherever_gameplay_not_administrative, near line: 8
Failed to read key reference: historicity_frankokratia_fourth_crusade: historicity_frankokratia_fourth_crusade, near line: 8
Failed to read key reference: silk_road_starting_innovations_preset: silk_road_starting_innovations_preset, near line: 8
Failed to read key reference: ACR_RE_tradition_slots_plus_95: ACR_RE_tradition_slots_plus_95, near line: 8
Failed to read key reference: ACR_RE_tradition_cost_free: ACR_RE_tradition_cost_free, near line: 8
Failed to read key reference: ACR_RE_tradition_cooldown_none: ACR_RE_tradition_cooldown_none, near line: 8
Failed to read key reference: ACR_RE_truce_duration_5: ACR_RE_truce_duration_5, near line: 8
Failed to read key reference: ACR_RE_truce_scope_player_primary: ACR_RE_truce_scope_player_primary, near line: 8
Failed to read key reference: ACR_RE_council_task_speed_1_month: ACR_RE_council_task_speed_1_month, near line: 8
Failed to read key reference: HM_RE_rule_player_free_functions_enabled: HM_RE_rule_player_free_functions_enabled, near line: 8
Failed to read key reference: HM_RE_rule_change_holding_type_cost_very_cheap: HM_RE_rule_change_holding_type_cost_very_cheap, near line: 8
Failed to read key reference: HM_RE_rule_change_holding_type_cooldown_very_short: HM_RE_rule_change_holding_type_cooldown_very_short, near line: 8
Failed to read key reference: HM_RE_rule_can_replace_buildings_vassals: HM_RE_rule_can_replace_buildings_vassals, near line: 8
Failed to read key reference: HM_RE_rule_can_feudalize_holdings_vassals: HM_RE_rule_can_feudalize_holdings_vassals, near line: 8
Failed to read key reference: HM_RE_value_construct_buildings_gold_cost_cap_very_cheap: HM_RE_value_construct_buildings_gold_cost_cap_very_cheap, near line: 8
Failed to read key reference: HM_RE_rule_player_extra_slots_enabled: HM_RE_rule_player_extra_slots_enabled, near line: 8
Failed to read key reference: HM_RE_rule_player_slot_base_cost_very_cheap: HM_RE_rule_player_slot_base_cost_very_cheap, near line: 8
Failed to read key reference: HM_RE_rule_player_slot_step_cost_very_cheap: HM_RE_rule_player_slot_step_cost_very_cheap, near line: 8
Failed to read key reference: HM_RE_rule_construction_time_cost_free: HM_RE_rule_construction_time_cost_free, near line: 8
Failed to read key reference: HM_RE_build_all_button_on: HM_RE_build_all_button_on, near line: 8
Failed to read key reference: HM_RE_upgrade_all_button_on: HM_RE_upgrade_all_button_on, near line: 8
Failed to read key reference: HM_RE_make_nomad_button_on: HM_RE_make_nomad_button_on, near line: 8
Failed to read key reference: HM_RE_make_temple_citadel_button_on: HM_RE_make_temple_citadel_button_on, near line: 8
Failed to read key reference: HM_RE_player_add_slots_decision_on: HM_RE_player_add_slots_decision_on, near line: 8
Failed to read key reference: HM_RE_player_add_slots_decision_base_cost_very_cheap: HM_RE_player_add_slots_decision_base_cost_very_cheap, near line: 8
Failed to read key reference: HM_RE_player_cost_gold: HM_RE_player_cost_gold, near line: 8
Failed to read key reference: HM_RE_rule_ai_extra_slots_disabled: HM_RE_rule_ai_extra_slots_disabled, near line: 8
Failed to read key reference: HM_RE_rule_ai_slot_base_cost_very_expensive: HM_RE_rule_ai_slot_base_cost_very_expensive, near line: 8
Failed to read key reference: HM_RE_rule_ai_slot_step_cost_very_expensive: HM_RE_rule_ai_slot_step_cost_very_expensive, near line: 8" in file: "" near line: 8
[10:40:56][opinion_modifier.cpp:83] [original line 1834] Modifier 'funded_my_expedition' shouldn't have a duration and monthly_change at the same time!
[10:40:56][opinion_modifier.cpp:83] [original line 1835] Modifier 'sent_relative_to_valyria' shouldn't have a duration and monthly_change at the same time!
[10:40:56][artifact_feature.cpp:33] [original line 1836] Missing loc key 'feature_dragon_whip_black'
[10:40:56][artifact_feature.cpp:33] [original line 1837] Missing loc key 'feature_dragon_whip_silver'
[10:40:56][artifact_feature.cpp:33] [original line 1838] Missing loc key 'feature_dragon_whip_bronze'
[10:40:56][title_links.cpp:214] [original line 1840] Failed to fetch a valid landed title 'e_hre' at location 'file: common/scripted_guis/DI_char_editor_present_sgui.txt line: 1589 (DI_ce_female_dominated:effect)'
[10:40:56][title_links.cpp:214] [original line 1841] Failed to fetch a valid landed title 'e_hre' at location 'file: common/character_interactions/DI_character_interaction.txt line: 4622 (DI_change_succession:on_accept)'
[10:40:56][title_links.cpp:214] [original line 1842] Failed to fetch a valid landed title 'e_hre' at location 'file: common/character_interactions/DI_character_interaction.txt line: 4624 (DI_change_succession:on_accept)'
[10:40:56][title_links.cpp:214] [original line 1843] Failed to fetch a valid landed title 'e_hre' at location 'file: common/character_interactions/DI_character_interaction.txt line: 4637 (DI_change_succession:on_accept)'
[10:40:56][title_links.cpp:214] [original line 1844] Failed to fetch a valid landed title 'e_hre' at location 'file: common/character_interactions/DI_character_interaction.txt line: 4639 (DI_change_succession:on_accept)'
[10:40:56][title_links.cpp:214] [original line 1845] Failed to fetch a valid landed title 'b_graced_castle' at location 'file: common/on_action/cowagot_province_on_actions.txt line: 242 (set_provinces_on_actions)'
[10:40:56][title_links.cpp:214] [original line 1846] Failed to fetch a valid landed title 'b_cheesemonger_manse' at location 'file: common/on_action/cowagot_province_on_actions.txt line: 246 (set_provinces_on_actions)'
[10:40:56][jomini_eventtarget.h:291] [original line 1847] Failed to find 'varangian' from database for link 'trait' at file: common/scripted_effects/DI_char_spawner_effects.txt line: 1232 (DI_akolouthos_traits_effect)
[10:40:56][jomini_eventmanager.cpp:119] [original line 1848] 'agot_cities.5000' does not have a valid namespace
[10:40:56][jomini_script_system.cpp:303] [original line 1849] Script system error!
  Error: trigger_event effect [ Event [agot_cities.5000] not found ]
  Script location: file: common/buildings/yy_agotcities_special_buildings_westeros.txt line: 1827 (planky_town_special:on_complete)
[10:40:56][jomini_eventmanager.cpp:119] [original line 1853] 'agot_cities.5000' does not have a valid namespace
[10:40:56][jomini_script_system.cpp:303] [original line 1854] Script system error!
  Error: trigger_event effect [ Event [agot_cities.5000] not found ]
  Script location: file: common/buildings/yy_agotcities_special_buildings_westeros.txt line: 1993 (agot_castamere_03:on_complete)
[10:40:56][jomini_eventmanager.cpp:119] [original line 1858] 'agot_cities.5000' does not have a valid namespace
[10:40:56][jomini_script_system.cpp:303] [original line 1859] Script system error!
  Error: trigger_event effect [ Event [agot_cities.5000] not found ]
  Script location: file: common/buildings/yy_agotcities_special_buildings_westeros.txt line: 2295 (24castamere_03:on_complete)
[10:40:56][jomini_script_system.cpp:303] [original line 1863] Script system error!
  Error: create_artifact effect [ Invalid artifact template 'vs_blackfyre_template' ]
  Script location: file: common/scripted_effects/00_agot_artifact_vs_sword_effects_override.txt line: 13 (agot_create_artifact_vs_blackfyre_effect[args#3618947653])
[10:40:56][jomini_script_system.cpp:303] [original line 1867] Script system error!
  Error: create_artifact effect [ Invalid artifact template 'vs_blackfyre_template' ]
  Script location: file: common/scripted_effects/00_agot_artifact_vs_sword_effects_override.txt line: 31 (agot_create_artifact_vs_blackfyre_effect[args#3618947653])
[10:40:56][jomini_script_system.cpp:303] [original line 1871] Script system error!
  Error: create_artifact effect [ Invalid artifact template 'vs_blackfyre_template' ]
  Script location: file: common/scripted_effects/00_agot_artifact_vs_sword_effects_override.txt line: 13 (agot_create_artifact_vs_blackfyre_effect[args#141906969])
[10:40:56][jomini_script_system.cpp:303] [original line 1875] Script system error!
  Error: create_artifact effect [ Invalid artifact template 'vs_blackfyre_template' ]
  Script location: file: common/scripted_effects/00_agot_artifact_vs_sword_effects_override.txt line: 31 (agot_create_artifact_vs_blackfyre_effect[args#141906969])
[10:40:56][jomini_script_system.cpp:303] [original line 1879] Script system error!
  Error: create_artifact effect [ Invalid artifact template 'vs_pincer_template' ]
  Script location: file: common/scripted_effects/00_agot_artifact_vs_sword_effects_override.txt line: 604 (agot_create_artifact_vs_pincer_effect[args#3618947653])
[10:40:56][jomini_script_system.cpp:303] [original line 1883] Script system error!
  Error: create_artifact effect [ Invalid artifact template 'vs_pincer_template' ]
  Script location: file: common/scripted_effects/00_agot_artifact_vs_sword_effects_override.txt line: 630 (agot_create_artifact_vs_pincer_effect[args#3618947653])
[10:40:56][jomini_script_system.cpp:303] [original line 1887] Script system error!
  Error: create_artifact effect [ Invalid artifact template 'vs_seafoam_template' ]
  Script location: file: common/scripted_effects/00_agot_artifact_vs_sword_effects_override.txt line: 455 (agot_create_artifact_vs_seafoam_effect[args#3618947653])
[10:40:56][jomini_script_system.cpp:303] [original line 1891] Script system error!
  Error: create_artifact effect [ Invalid artifact template 'vs_seafoam_template' ]
  Script location: file: common/scripted_effects/00_agot_artifact_vs_sword_effects_override.txt line: 475 (agot_create_artifact_vs_seafoam_effect[args#3618947653])
[10:40:56][jomini_script_system.cpp:303] [original line 1895] Script system error!
  Error: create_artifact effect [ Invalid static modifier 'artifact_personal_scheme_power_add_5_modifier' ]
  Script location: file: common/scripted_effects/00_lotd_artifact_creation_effects.txt line: 8 (create_artifact_subterfuge_effect[args#141906969])
[10:40:56][jomini_script_system.cpp:303] [original line 1899] Script system error!
  Error: create_artifact effect [ Invalid artifact template 'vs_blackfyre_template' ]
  Script location: file: common/scripted_effects/00_agot_artifact_vs_sword_effects_override.txt line: 13 (agot_create_artifact_vs_blackfyre_effect[args#979117111])
[10:40:56][jomini_script_system.cpp:303] [original line 1903] Script system error!
  Error: create_artifact effect [ Invalid artifact template 'vs_blackfyre_template' ]
  Script location: file: common/scripted_effects/00_agot_artifact_vs_sword_effects_override.txt line: 31 (agot_create_artifact_vs_blackfyre_effect[args#979117111])
[10:40:56][jomini_script_system.cpp:303] [original line 1907] Script system error!
  Error: create_artifact effect [ Invalid artifact template 'vs_pincer_template' ]
  Script location: file: common/scripted_effects/00_agot_artifact_vs_sword_effects_override.txt line: 604 (agot_create_artifact_vs_pincer_effect[args#979117111])
[10:40:56][jomini_script_system.cpp:303] [original line 1911] Script system error!
  Error: create_artifact effect [ Invalid artifact template 'vs_pincer_template' ]
  Script location: file: common/scripted_effects/00_agot_artifact_vs_sword_effects_override.txt line: 630 (agot_create_artifact_vs_pincer_effect[args#979117111])
[10:40:56][jomini_script_system.cpp:303] [original line 1915] Script system error!
  Error: create_artifact effect [ Invalid artifact template 'vs_seafoam_template' ]
  Script location: file: common/scripted_effects/00_agot_artifact_vs_sword_effects_override.txt line: 455 (agot_create_artifact_vs_seafoam_effect[args#979117111])
[10:40:56][jomini_script_system.cpp:303] [original line 1919] Script system error!
  Error: create_artifact effect [ Invalid artifact template 'vs_seafoam_template' ]
  Script location: file: common/scripted_effects/00_agot_artifact_vs_sword_effects_override.txt line: 475 (agot_create_artifact_vs_seafoam_effect[args#979117111])
[10:40:56][jomini_script_system.cpp:303] [original line 1923] Script system error!
  Error: create_artifact effect [ Invalid artifact template 'vs_seafoam_template' ]
  Script location: file: common/scripted_effects/00_agot_artifact_vs_sword_effects_override.txt line: 455 (agot_create_artifact_vs_seafoam_effect[args#2425720076])
[10:40:56][jomini_script_system.cpp:303] [original line 1927] Script system error!
  Error: create_artifact effect [ Invalid artifact template 'vs_seafoam_template' ]
  Script location: file: common/scripted_effects/00_agot_artifact_vs_sword_effects_override.txt line: 475 (agot_create_artifact_vs_seafoam_effect[args#2425720076])
[10:40:56][jomini_script_system.cpp:303] [original line 1931] Script system error!
  Error: create_artifact effect [ Invalid artifact template 'vs_pincer_template' ]
  Script location: file: common/scripted_effects/00_agot_artifact_vs_sword_effects_override.txt line: 604 (agot_create_artifact_vs_pincer_effect[args#2425720076])
[10:40:56][jomini_script_system.cpp:303] [original line 1935] Script system error!
  Error: create_artifact effect [ Invalid artifact template 'vs_pincer_template' ]
  Script location: file: common/scripted_effects/00_agot_artifact_vs_sword_effects_override.txt line: 630 (agot_create_artifact_vs_pincer_effect[args#2425720076])
[10:40:56][jomini_script_system.cpp:303] [original line 1939] Script system error!
  Error: create_artifact effect [ Invalid artifact template 'vs_blackfyre_template' ]
  Script location: file: common/scripted_effects/00_agot_artifact_vs_sword_effects_override.txt line: 13 (agot_create_artifact_vs_blackfyre_effect[args#2425720076])
[10:40:56][jomini_script_system.cpp:303] [original line 1943] Script system error!
  Error: create_artifact effect [ Invalid artifact template 'vs_blackfyre_template' ]
  Script location: file: common/scripted_effects/00_agot_artifact_vs_sword_effects_override.txt line: 31 (agot_create_artifact_vs_blackfyre_effect[args#2425720076])
[10:40:56][jomini_script_system.cpp:303] [original line 1947] Script system error!
  Error: set_culture_pillar effect [ Invalid database object 'language_agot_lhazaar' ]
  Script location: file: common/scripted_guis/DI_cultural_editor_pillars_sgui.txt line: 620 (DI_language_agot_lhazaar_sgui:effect)
[10:40:56][jomini_effect.cpp:139] [original line 1951] PostValidate of effect 'set_culture_pillar' returned false at file: common/scripted_guis/DI_cultural_editor_pillars_sgui.txt line: 620 (DI_language_agot_lhazaar_sgui:effect)
[10:40:56][jomini_script_system.cpp:303] [original line 1952] Script system error!
  Error: add_innovation effect [ target: Not found in database class CCultureInnovationTypeDatabase ]
  Script location: file: common/character_interactions/DI_character_interaction.txt line: 4616 (DI_change_succession:on_accept)
[10:40:56][jomini_effect.cpp:139] [original line 1956] PostValidate of effect 'add_innovation' returned false at file: common/character_interactions/DI_character_interaction.txt line: 4616 (DI_change_succession:on_accept)
[10:40:56][jomini_script_system.cpp:303] [original line 1957] Script system error!
  Error: add_innovation effect [ target: Not found in database class CCultureInnovationTypeDatabase ]
  Script location: file: common/character_interactions/DI_character_interaction.txt line: 4631 (DI_change_succession:on_accept)
[10:40:56][jomini_effect.cpp:139] [original line 1961] PostValidate of effect 'add_innovation' returned false at file: common/character_interactions/DI_character_interaction.txt line: 4631 (DI_change_succession:on_accept)
[10:40:56][jomini_script_system.cpp:303] [original line 1962] Script system error!
  Error: add_building effect [ Invalid database object 'common_trade_03' ]
  Script location: file: common/on_action/cowagot_province_on_actions.txt line: 174 (set_provinces_on_actions)
[10:40:56][jomini_effect.cpp:139] [original line 1966] PostValidate of effect 'add_building' returned false at file: common/on_action/cowagot_province_on_actions.txt line: 174 (set_provinces_on_actions)
[10:40:56][jomini_script_system.cpp:303] [original line 1967] Script system error!
  Error: remove_building effect [ Invalid database object 'ironwood_01' ]
  Script location: file: common/on_action/cowagot_province_on_actions.txt line: 214 (set_provinces_on_actions)
[10:40:56][jomini_effect.cpp:139] [original line 1971] PostValidate of effect 'remove_building' returned false at file: common/on_action/cowagot_province_on_actions.txt line: 214 (set_provinces_on_actions)
[10:40:56][jomini_script_system.cpp:303] [original line 1972] Script system error!
  Error: add_special_building_slot effect [ Invalid database object 'bearisland_01' ]
  Script location: file: common/on_action/cowagot_province_on_actions.txt line: 273 (set_provinces_on_actions)
[10:40:56][jomini_effect.cpp:139] [original line 1976] PostValidate of effect 'add_special_building_slot' returned false at file: common/on_action/cowagot_province_on_actions.txt line: 273 (set_provinces_on_actions)
[10:40:56][jomini_script_system.cpp:303] [original line 1977] Script system error!
  Error: add_special_building effect [ Invalid database object 'bearisland_01' ]
  Script location: file: common/on_action/cowagot_province_on_actions.txt line: 274 (set_provinces_on_actions)
[10:40:56][jomini_effect.cpp:139] [original line 1981] PostValidate of effect 'add_special_building' returned false at file: common/on_action/cowagot_province_on_actions.txt line: 274 (set_provinces_on_actions)
[10:40:56][jomini_script_system.cpp:303] [original line 1982] Script system error!
  Error: add_special_building_slot effect [ Invalid database object 'harlaw_mines_01' ]
  Script location: file: common/on_action/cowagot_province_on_actions.txt line: 335 (harlaw_building_check_on_actions)
[10:40:56][jomini_effect.cpp:139] [original line 1986] PostValidate of effect 'add_special_building_slot' returned false at file: common/on_action/cowagot_province_on_actions.txt line: 335 (harlaw_building_check_on_actions)
[10:40:56][jomini_script_system.cpp:303] [original line 1987] Script system error!
  Error: learn_language effect [ Invalid database object 'language_latin' ]
  Script location: file: common/scripted_effects/DI_court_position_spawner_overrides.txt line: 16 (DI_court_position_post_spawn_effect[args#2101251318])
[10:40:56][jomini_effect.cpp:139] [original line 1991] PostValidate of effect 'learn_language' returned false at file: common/scripted_effects/DI_court_position_spawner_overrides.txt line: 16 (DI_court_position_post_spawn_effect[args#2101251318])
[10:40:56][jomini_script_system.cpp:303] [original line 1992] Script system error!
  Error: learn_language effect [ Invalid database object 'language_arabic' ]
  Script location: file: common/scripted_effects/DI_court_position_spawner_overrides.txt line: 14 (DI_court_position_post_spawn_effect[args#2101251318])
[10:40:56][jomini_effect.cpp:139] [original line 1996] PostValidate of effect 'learn_language' returned false at file: common/scripted_effects/DI_court_position_spawner_overrides.txt line: 14 (DI_court_position_post_spawn_effect[args#2101251318])
[10:40:56][jomini_script_system.cpp:303] [original line 1997] Script system error!
  Error: learn_language effect [ Invalid database object 'language_greek' ]
  Script location: file: common/scripted_effects/DI_court_position_spawner_overrides.txt line: 15 (DI_court_position_post_spawn_effect[args#2101251318])
[10:40:56][jomini_effect.cpp:139] [original line 2001] PostValidate of effect 'learn_language' returned false at file: common/scripted_effects/DI_court_position_spawner_overrides.txt line: 15 (DI_court_position_post_spawn_effect[args#2101251318])
[10:40:56][jomini_script_system.cpp:303] [original line 2002] Script system error!
  Error: learn_language effect [ Invalid database object 'language_norse' ]
  Script location: file: common/scripted_effects/DI_court_position_spawner_overrides.txt line: 17 (DI_court_position_post_spawn_effect[args#2101251318])
[10:40:56][jomini_effect.cpp:139] [original line 2006] PostValidate of effect 'learn_language' returned false at file: common/scripted_effects/DI_court_position_spawner_overrides.txt line: 17 (DI_court_position_post_spawn_effect[args#2101251318])
[10:40:56][jomini_script_system.cpp:303] [original line 2007] Script system error!
  Error: learn_language effect [ Invalid database object 'language_arabic' ]
  Script location: file: common/scripted_effects/DI_court_position_spawner_overrides.txt line: 26 (DI_court_position_post_spawn_effect[args#2101251318])
[10:40:56][jomini_effect.cpp:139] [original line 2011] PostValidate of effect 'learn_language' returned false at file: common/scripted_effects/DI_court_position_spawner_overrides.txt line: 26 (DI_court_position_post_spawn_effect[args#2101251318])
[10:40:56][jomini_script_system.cpp:303] [original line 2012] Script system error!
  Error: learn_language effect [ Invalid database object 'language_greek' ]
  Script location: file: common/scripted_effects/DI_court_position_spawner_overrides.txt line: 27 (DI_court_position_post_spawn_effect[args#2101251318])
[10:40:56][jomini_effect.cpp:139] [original line 2016] PostValidate of effect 'learn_language' returned false at file: common/scripted_effects/DI_court_position_spawner_overrides.txt line: 27 (DI_court_position_post_spawn_effect[args#2101251318])
[10:40:56][jomini_script_system.cpp:303] [original line 2017] Script system error!
  Error: learn_language effect [ Invalid database object 'language_latin' ]
  Script location: file: common/scripted_effects/DI_court_position_spawner_overrides.txt line: 28 (DI_court_position_post_spawn_effect[args#2101251318])
[10:40:56][jomini_effect.cpp:139] [original line 2021] PostValidate of effect 'learn_language' returned false at file: common/scripted_effects/DI_court_position_spawner_overrides.txt line: 28 (DI_court_position_post_spawn_effect[args#2101251318])
[10:40:56][jomini_script_system.cpp:303] [original line 2022] Script system error!
  Error: learn_language effect [ Invalid database object 'language_norse' ]
  Script location: file: common/scripted_effects/DI_court_position_spawner_overrides.txt line: 29 (DI_court_position_post_spawn_effect[args#2101251318])
[10:40:56][jomini_effect.cpp:139] [original line 2026] PostValidate of effect 'learn_language' returned false at file: common/scripted_effects/DI_court_position_spawner_overrides.txt line: 29 (DI_court_position_post_spawn_effect[args#2101251318])
[10:40:56][jomini_script_system.cpp:303] [original line 2027] Script system error!
  Error: add_trait effect [ target: Not found in database class CTraitDatabase ]
  Script location: file: common/scripted_effects/DI_present_effects.txt line: 20 (DI_personality_trait_randomizer_effect)
[10:40:56][jomini_effect.cpp:139] [original line 2031] PostValidate of effect 'add_trait' returned false at file: common/scripted_effects/DI_present_effects.txt line: 20 (DI_personality_trait_randomizer_effect)
[10:40:56][jomini_script_system.cpp:303] [original line 2032] Script system error!
  Error: add_trait effect [ target: Not found in database class CTraitDatabase ]
  Script location: file: common/scripted_effects/DI_present_effects.txt line: 21 (DI_personality_trait_randomizer_effect)
[10:40:56][jomini_effect.cpp:139] [original line 2036] PostValidate of effect 'add_trait' returned false at file: common/scripted_effects/DI_present_effects.txt line: 21 (DI_personality_trait_randomizer_effect)
[10:40:56][jomini_script_system.cpp:303] [original line 2037] Script system error!
  Error: remove_trait effect [ target: Not found in database class CTraitDatabase ]
  Script location: file: common/scripted_effects/DI_present_effects.txt line: 85 (DI_clear_personality_traits_effect)
[10:40:56][jomini_effect.cpp:139] [original line 2041] PostValidate of effect 'remove_trait' returned false at file: common/scripted_effects/DI_present_effects.txt line: 85 (DI_clear_personality_traits_effect)
[10:40:56][jomini_script_system.cpp:303] [original line 2042] Script system error!
  Error: remove_trait effect [ target: Not found in database class CTraitDatabase ]
  Script location: file: common/scripted_effects/DI_present_effects.txt line: 86 (DI_clear_personality_traits_effect)
[10:40:56][jomini_effect.cpp:139] [original line 2046] PostValidate of effect 'remove_trait' returned false at file: common/scripted_effects/DI_present_effects.txt line: 86 (DI_clear_personality_traits_effect)
[10:40:56][pdx_persistent_reader.cpp:216] [original line 2047] Error: "Unknown modifier type: bond_with_dragon_scheme_success_chance_add, near line: 17
Unknown modifier type: bond_with_dragon_scheme_scheme_success_chance_add, near line: 24" in file: "common/modifier_definition_formats/agot_scheme_definitions.txt" near line: 29
[10:40:56][jomini_script_system.cpp:303] [original line 2049] Script system error!
  Error: has_trait trigger [ Cannot find honorable in trait database ]
  Script location: file: common/scripted_effects/DI_present_effects.txt line: 85 (DI_clear_personality_traits_effect)
[10:40:56][jomini_script_system.cpp:303] [original line 2053] Script system error!
  Error: has_trait trigger [ Cannot find ruthless in trait database ]
  Script location: file: common/scripted_effects/DI_present_effects.txt line: 86 (DI_clear_personality_traits_effect)
[10:40:56][jomini_script_system.cpp:303] [original line 2057] Script system error!
  Error: has_game_rule trigger [ Invalid database object 'show_armor_enabled' ]
  Script location: file: gfx/portraits/portrait_modifiers/01_cloaks_base.txt line: 1333 (cloaks:weight)
[10:40:56][jomini_trigger.cpp:243] [original line 2061] PostValidate of trigger 'has_game_rule' returned false at file: gfx/portraits/portrait_modifiers/01_cloaks_base.txt line: 1333 (cloaks:weight)
[10:40:56][jomini_script_system.cpp:303] [original line 2062] Script system error!
  Error: has_game_rule trigger [ Invalid database object 'show_armor_enabled' ]
  Script location: file: gfx/portraits/portrait_modifiers/01_cloaks_base.txt line: 1338 (cloaks:weight)
[10:40:56][jomini_trigger.cpp:243] [original line 2066] PostValidate of trigger 'has_game_rule' returned false at file: gfx/portraits/portrait_modifiers/01_cloaks_base.txt line: 1338 (cloaks:weight)
[10:40:56][jomini_script_system.cpp:303] [original line 2067] Script system error!
  Error: has_game_rule trigger [ Invalid database object 'show_armor_enabled' ]
  Script location: file: gfx/portraits/portrait_modifiers/01_cloaks_base.txt line: 1642 (cloaks:weight)
[10:40:56][jomini_trigger.cpp:243] [original line 2071] PostValidate of trigger 'has_game_rule' returned false at file: gfx/portraits/portrait_modifiers/01_cloaks_base.txt line: 1642 (cloaks:weight)
[10:40:56][jomini_script_system.cpp:303] [original line 2072] Script system error!
  Error: has_game_rule trigger [ Invalid database object 'show_armor_enabled' ]
  Script location: file: gfx/portraits/portrait_modifiers/01_cloaks_base.txt line: 1684 (cloaks:weight)
[10:40:56][jomini_trigger.cpp:243] [original line 2076] PostValidate of trigger 'has_game_rule' returned false at file: gfx/portraits/portrait_modifiers/01_cloaks_base.txt line: 1684 (cloaks:weight)
[10:40:56][jomini_script_system.cpp:303] [original line 2077] Script system error!
  Error: has_game_rule trigger [ Invalid database object 'show_armor_enabled' ]
  Script location: file: gfx/portraits/portrait_modifiers/01_legwear_base.txt line: 871 (legwear:weight)
[10:40:56][jomini_trigger.cpp:243] [original line 2081] PostValidate of trigger 'has_game_rule' returned false at file: gfx/portraits/portrait_modifiers/01_legwear_base.txt line: 871 (legwear:weight)
[10:40:56][jomini_script_system.cpp:303] [original line 2082] Script system error!
  Error: has_game_rule trigger [ Invalid database object 'show_armor_enabled' ]
  Script location: file: gfx/portraits/portrait_modifiers/01_legwear_base.txt line: 898 (legwear:weight)
[10:40:56][jomini_trigger.cpp:243] [original line 2086] PostValidate of trigger 'has_game_rule' returned false at file: gfx/portraits/portrait_modifiers/01_legwear_base.txt line: 898 (legwear:weight)
[10:40:56][jomini_script_system.cpp:303] [original line 2087] Script system error!
  Error: has_game_rule trigger [ Invalid database object 'show_armor_enabled' ]
  Script location: file: gfx/portraits/portrait_modifiers/01_legwear_base.txt line: 937 (legwear:weight)
[10:40:56][jomini_trigger.cpp:243] [original line 2091] PostValidate of trigger 'has_game_rule' returned false at file: gfx/portraits/portrait_modifiers/01_legwear_base.txt line: 937 (legwear:weight)
[10:40:56][jomini_script_system.cpp:303] [original line 2092] Script system error!
  Error: has_game_rule trigger [ Invalid database object 'show_armor_enabled' ]
  Script location: file: gfx/portraits/portrait_modifiers/05_clothes_situational.txt line: 616 (clothes_situational:weight)
[10:40:56][jomini_trigger.cpp:243] [original line 2096] PostValidate of trigger 'has_game_rule' returned false at file: gfx/portraits/portrait_modifiers/05_clothes_situational.txt line: 616 (clothes_situational:weight)
[10:40:56][jomini_script_system.cpp:303] [original line 2097] Script system error!
  Error: has_game_rule trigger [ Invalid database object 'show_armor_enabled' ]
  Script location: file: gfx/portraits/portrait_modifiers/05_clothes_situational.txt line: 1062 (clothes_situational:weight)
[10:40:56][jomini_trigger.cpp:243] [original line 2101] PostValidate of trigger 'has_game_rule' returned false at file: gfx/portraits/portrait_modifiers/05_clothes_situational.txt line: 1062 (clothes_situational:weight)
[10:40:56][jomini_script_system.cpp:303] [original line 2102] Script system error!
  Error: has_game_rule trigger [ Invalid database object 'show_armor_enabled' ]
  Script location: file: gfx/portraits/portrait_modifiers/05_clothes_situational.txt line: 1109 (clothes_situational:weight)
[10:40:56][jomini_trigger.cpp:243] [original line 2106] PostValidate of trigger 'has_game_rule' returned false at file: gfx/portraits/portrait_modifiers/05_clothes_situational.txt line: 1109 (clothes_situational:weight)
[10:40:56][jomini_script_system.cpp:303] [original line 2107] Script system error!
  Error: has_game_rule trigger [ Invalid database object 'show_armor_enabled' ]
  Script location: file: gfx/portraits/portrait_modifiers/05_clothes_situational.txt line: 1158 (clothes_situational:weight)
[10:40:56][jomini_trigger.cpp:243] [original line 2111] PostValidate of trigger 'has_game_rule' returned false at file: gfx/portraits/portrait_modifiers/05_clothes_situational.txt line: 1158 (clothes_situational:weight)
[10:40:56][jomini_script_system.cpp:303] [original line 2112] Script system error!
  Error: has_game_rule trigger [ Invalid database object 'show_armor_enabled' ]
  Script location: file: gfx/portraits/portrait_modifiers/05_clothes_situational.txt line: 1202 (clothes_situational:weight)
[10:40:56][jomini_trigger.cpp:243] [original line 2116] PostValidate of trigger 'has_game_rule' returned false at file: gfx/portraits/portrait_modifiers/05_clothes_situational.txt line: 1202 (clothes_situational:weight)
[10:40:56][jomini_script_system.cpp:303] [original line 2117] Script system error!
  Error: has_game_rule trigger [ Invalid database object 'show_armor_enabled' ]
  Script location: file: gfx/portraits/portrait_modifiers/05_clothes_situational.txt line: 1248 (clothes_situational:weight)
[10:40:56][jomini_trigger.cpp:243] [original line 2121] PostValidate of trigger 'has_game_rule' returned false at file: gfx/portraits/portrait_modifiers/05_clothes_situational.txt line: 1248 (clothes_situational:weight)
[10:40:56][jomini_script_system.cpp:303] [original line 2122] Script system error!
  Error: has_game_rule trigger [ Invalid database object 'show_armor_enabled' ]
  Script location: file: gfx/portraits/portrait_modifiers/05_clothes_situational.txt line: 1292 (clothes_situational:weight)
[10:40:56][jomini_trigger.cpp:243] [original line 2126] PostValidate of trigger 'has_game_rule' returned false at file: gfx/portraits/portrait_modifiers/05_clothes_situational.txt line: 1292 (clothes_situational:weight)
[10:40:56][jomini_script_system.cpp:303] [original line 2127] Script system error!
  Error: has_game_rule trigger [ Invalid database object 'show_armor_enabled' ]
  Script location: file: gfx/portraits/portrait_modifiers/05_clothes_situational.txt line: 1338 (clothes_situational:weight)
[10:40:56][jomini_trigger.cpp:243] [original line 2131] PostValidate of trigger 'has_game_rule' returned false at file: gfx/portraits/portrait_modifiers/05_clothes_situational.txt line: 1338 (clothes_situational:weight)
[10:40:56][jomini_script_system.cpp:303] [original line 2132] Script system error!
  Error: has_game_rule trigger [ Invalid database object 'show_armor_enabled' ]
  Script location: file: gfx/portraits/portrait_modifiers/05_clothes_situational.txt line: 1382 (clothes_situational:weight)
[10:40:56][jomini_trigger.cpp:243] [original line 2136] PostValidate of trigger 'has_game_rule' returned false at file: gfx/portraits/portrait_modifiers/05_clothes_situational.txt line: 1382 (clothes_situational:weight)
[10:40:56][jomini_script_system.cpp:303] [original line 2137] Script system error!
  Error: has_game_rule trigger [ Invalid database object 'show_armor_enabled' ]
  Script location: file: gfx/portraits/portrait_modifiers/05_clothes_situational.txt line: 1428 (clothes_situational:weight)
[10:40:56][jomini_trigger.cpp:243] [original line 2141] PostValidate of trigger 'has_game_rule' returned false at file: gfx/portraits/portrait_modifiers/05_clothes_situational.txt line: 1428 (clothes_situational:weight)
[10:40:56][jomini_script_system.cpp:303] [original line 2142] Script system error!
  Error: has_game_rule trigger [ Invalid database object 'show_armor_enabled' ]
  Script location: file: gfx/portraits/portrait_modifiers/05_clothes_situational.txt line: 1472 (clothes_situational:weight)
[10:40:56][jomini_trigger.cpp:243] [original line 2146] PostValidate of trigger 'has_game_rule' returned false at file: gfx/portraits/portrait_modifiers/05_clothes_situational.txt line: 1472 (clothes_situational:weight)
[10:40:56][jomini_script_system.cpp:303] [original line 2147] Script system error!
  Error: has_game_rule trigger [ Invalid database object 'show_armor_enabled' ]
  Script location: file: gfx/portraits/portrait_modifiers/05_clothes_situational.txt line: 1518 (clothes_situational:weight)
[10:40:56][jomini_trigger.cpp:243] [original line 2151] PostValidate of trigger 'has_game_rule' returned false at file: gfx/portraits/portrait_modifiers/05_clothes_situational.txt line: 1518 (clothes_situational:weight)
[10:40:56][jomini_script_system.cpp:303] [original line 2152] Script system error!
  Error: has_game_rule trigger [ Invalid database object 'show_armor_enabled' ]
  Script location: file: gfx/portraits/portrait_modifiers/05_clothes_situational.txt line: 1562 (clothes_situational:weight)
[10:40:56][jomini_trigger.cpp:243] [original line 2156] PostValidate of trigger 'has_game_rule' returned false at file: gfx/portraits/portrait_modifiers/05_clothes_situational.txt line: 1562 (clothes_situational:weight)
[10:40:56][jomini_script_system.cpp:303] [original line 2157] Script system error!
  Error: has_game_rule trigger [ Invalid database object 'show_armor_enabled' ]
  Script location: file: gfx/portraits/portrait_modifiers/05_headgear_situational.txt line: 338 (headgear_situational:weight)
[10:40:56][jomini_trigger.cpp:243] [original line 2161] PostValidate of trigger 'has_game_rule' returned false at file: gfx/portraits/portrait_modifiers/05_headgear_situational.txt line: 338 (headgear_situational:weight)
[10:40:56][jomini_script_system.cpp:303] [original line 2162] Script system error!
  Error: has_game_rule trigger [ Invalid database object 'show_armor_enabled' ]
  Script location: file: gfx/portraits/portrait_modifiers/05_headgear_situational.txt line: 395 (headgear_situational:weight)
[10:40:56][jomini_trigger.cpp:243] [original line 2166] PostValidate of trigger 'has_game_rule' returned false at file: gfx/portraits/portrait_modifiers/05_headgear_situational.txt line: 395 (headgear_situational:weight)
[10:40:56][jomini_script_system.cpp:303] [original line 2167] Script system error!
  Error: has_game_rule trigger [ Invalid database object 'show_armor_enabled' ]
  Script location: file: gfx/portraits/portrait_modifiers/05_headgear_situational.txt line: 3127 (headgear_situational:weight)
[10:40:56][jomini_trigger.cpp:243] [original line 2171] PostValidate of trigger 'has_game_rule' returned false at file: gfx/portraits/portrait_modifiers/05_headgear_situational.txt line: 3127 (headgear_situational:weight)
[10:40:56][jomini_script_system.cpp:303] [original line 2172] Script system error!
  Error: has_game_rule trigger [ Invalid database object 'show_armor_enabled' ]
  Script location: file: gfx/portraits/portrait_modifiers/05_headgear_situational.txt line: 3174 (headgear_situational:weight)
[10:40:56][jomini_trigger.cpp:243] [original line 2176] PostValidate of trigger 'has_game_rule' returned false at file: gfx/portraits/portrait_modifiers/05_headgear_situational.txt line: 3174 (headgear_situational:weight)
[10:40:56][jomini_script_system.cpp:303] [original line 2177] Script system error!
  Error: has_game_rule trigger [ Invalid database object 'show_armor_enabled' ]
  Script location: file: gfx/portraits/portrait_modifiers/05_headgear_situational.txt line: 3222 (headgear_situational:weight)
[10:40:56][jomini_trigger.cpp:243] [original line 2181] PostValidate of trigger 'has_game_rule' returned false at file: gfx/portraits/portrait_modifiers/05_headgear_situational.txt line: 3222 (headgear_situational:weight)
[10:40:56][jomini_script_system.cpp:303] [original line 2182] Script system error!
  Error: has_game_rule trigger [ Invalid database object 'show_armor_enabled' ]
  Script location: file: gfx/portraits/portrait_modifiers/05_headgear_situational.txt line: 3266 (headgear_situational:weight)
[10:40:56][jomini_trigger.cpp:243] [original line 2186] PostValidate of trigger 'has_game_rule' returned false at file: gfx/portraits/portrait_modifiers/05_headgear_situational.txt line: 3266 (headgear_situational:weight)
[10:40:56][jomini_script_system.cpp:303] [original line 2187] Script system error!
  Error: has_game_rule trigger [ Invalid database object 'show_armor_enabled' ]
  Script location: file: gfx/portraits/portrait_modifiers/05_headgear_situational.txt line: 3310 (headgear_situational:weight)
[10:40:56][jomini_trigger.cpp:243] [original line 2191] PostValidate of trigger 'has_game_rule' returned false at file: gfx/portraits/portrait_modifiers/05_headgear_situational.txt line: 3310 (headgear_situational:weight)
[10:40:56][jomini_script_system.cpp:303] [original line 2192] Script system error!
  Error: has_game_rule trigger [ Invalid database object 'show_armor_enabled' ]
  Script location: file: gfx/portraits/portrait_modifiers/05_headgear_situational.txt line: 3355 (headgear_situational:weight)
[10:40:56][jomini_trigger.cpp:243] [original line 2196] PostValidate of trigger 'has_game_rule' returned false at file: gfx/portraits/portrait_modifiers/05_headgear_situational.txt line: 3355 (headgear_situational:weight)
[10:40:56][jomini_script_system.cpp:303] [original line 2197] Script system error!
  Error: is_struggle_type trigger [ Invalid database object 'persian_struggle' ]
  Script location: file: common/character_interactions/DI_character_interaction.txt line: 1415 (DI_arrange_marriage_interaction:is_shown)
[10:40:56][jomini_trigger.cpp:243] [original line 2201] PostValidate of trigger 'is_struggle_type' returned false at file: common/character_interactions/DI_character_interaction.txt line: 1415 (DI_arrange_marriage_interaction:is_shown)
[10:40:56][jomini_script_system.cpp:303] [original line 2202] Script system error!
  Error: has_struggle_phase_parameter trigger [ Bool phase parameter 'can_trade_piety_for_marriage_acceptance' does not exist ]
  Script location: file: common/character_interactions/DI_character_interaction.txt line: 1416 (DI_arrange_marriage_interaction:is_shown)
[10:40:56][jomini_trigger.cpp:243] [original line 2206] PostValidate of trigger 'has_struggle_phase_parameter' returned false at file: common/character_interactions/DI_character_interaction.txt line: 1416 (DI_arrange_marriage_interaction:is_shown)
[10:40:56][jomini_script_system.cpp:303] [original line 2207] Script system error!
  Error: is_struggle_type trigger [ Invalid database object 'persian_struggle' ]
  Script location: file: common/character_interactions/DI_character_interaction.txt line: 1424 (DI_arrange_marriage_interaction:is_valid)
[10:40:56][jomini_trigger.cpp:243] [original line 2211] PostValidate of trigger 'is_struggle_type' returned false at file: common/character_interactions/DI_character_interaction.txt line: 1424 (DI_arrange_marriage_interaction:is_valid)
[10:40:56][jomini_script_system.cpp:303] [original line 2212] Script system error!
  Error: is_struggle_type trigger [ Invalid database object 'persian_struggle' ]
  Script location: file: common/character_interactions/DI_character_interaction.txt line: 1430 (DI_arrange_marriage_interaction:is_valid)
[10:40:56][jomini_trigger.cpp:243] [original line 2216] PostValidate of trigger 'is_struggle_type' returned false at file: common/character_interactions/DI_character_interaction.txt line: 1430 (DI_arrange_marriage_interaction:is_valid)
[10:40:56][jomini_script_system.cpp:303] [original line 2217] Script system error!
  Error: has_game_rule trigger [ Invalid database object 'agot_shatter_empires' ]
  Script location: file: common/on_action/ntc_artifacts_startdate.txt line: 128 (ntc_artifact_shattered_kingdoms)
[10:40:56][jomini_trigger.cpp:243] [original line 2221] PostValidate of trigger 'has_game_rule' returned false at file: common/on_action/ntc_artifacts_startdate.txt line: 128 (ntc_artifact_shattered_kingdoms)
[10:40:56][jomini_script_system.cpp:303] [original line 2222] Script system error!
  Error: is_in_family trigger [ Invalid database object 'rf_abrahamic' ]
  Script location: file: common/scripted_effects/DI_char_spawner_effects.txt line: 1464 (DI_char_spawner_resolve_origin_effect)
[10:40:56][jomini_trigger.cpp:243] [original line 2226] PostValidate of trigger 'is_in_family' returned false at file: common/scripted_effects/DI_char_spawner_effects.txt line: 1464 (DI_char_spawner_resolve_origin_effect)
[10:40:56][jomini_script_system.cpp:303] [original line 2227] Script system error!
  Error: is_in_family trigger [ Invalid database object 'rf_abrahamic' ]
  Script location: file: common/scripted_effects/DI_char_spawner_effects.txt line: 1466 (DI_char_spawner_resolve_origin_effect)
[10:40:56][jomini_trigger.cpp:243] [original line 2231] PostValidate of trigger 'is_in_family' returned false at file: common/scripted_effects/DI_char_spawner_effects.txt line: 1466 (DI_char_spawner_resolve_origin_effect)
[10:40:56][jomini_script_system.cpp:303] [original line 2232] Script system error!
  Error: is_in_family trigger [ Invalid database object 'rf_eastern' ]
  Script location: file: common/scripted_effects/DI_char_spawner_effects.txt line: 1470 (DI_char_spawner_resolve_origin_effect)
[10:40:56][jomini_trigger.cpp:243] [original line 2236] PostValidate of trigger 'is_in_family' returned false at file: common/scripted_effects/DI_char_spawner_effects.txt line: 1470 (DI_char_spawner_resolve_origin_effect)
[10:40:56][jomini_script_system.cpp:303] [original line 2237] Script system error!
  Error: is_in_family trigger [ Invalid database object 'rf_eastern' ]
  Script location: file: common/scripted_effects/DI_char_spawner_effects.txt line: 1472 (DI_char_spawner_resolve_origin_effect)
[10:40:56][jomini_trigger.cpp:243] [original line 2241] PostValidate of trigger 'is_in_family' returned false at file: common/scripted_effects/DI_char_spawner_effects.txt line: 1472 (DI_char_spawner_resolve_origin_effect)
[10:40:56][jomini_script_system.cpp:303] [original line 2242] Script system error!
  Error: is_in_family trigger [ Invalid database object 'rf_sinitic' ]
  Script location: file: common/scripted_effects/DI_char_spawner_effects.txt line: 1476 (DI_char_spawner_resolve_origin_effect)
[10:40:56][jomini_trigger.cpp:243] [original line 2246] PostValidate of trigger 'is_in_family' returned false at file: common/scripted_effects/DI_char_spawner_effects.txt line: 1476 (DI_char_spawner_resolve_origin_effect)
[10:40:56][jomini_script_system.cpp:303] [original line 2247] Script system error!
  Error: is_in_family trigger [ Invalid database object 'rf_sinitic' ]
  Script location: file: common/scripted_effects/DI_char_spawner_effects.txt line: 1478 (DI_char_spawner_resolve_origin_effect)
[10:40:56][jomini_trigger.cpp:243] [original line 2251] PostValidate of trigger 'is_in_family' returned false at file: common/scripted_effects/DI_char_spawner_effects.txt line: 1478 (DI_char_spawner_resolve_origin_effect)
[10:40:56][jomini_script_system.cpp:303] [original line 2252] Script system error!
  Error: is_in_family trigger [ Invalid database object 'rf_pagan' ]
  Script location: file: common/scripted_effects/DI_char_spawner_effects.txt line: 1482 (DI_char_spawner_resolve_origin_effect)
[10:40:56][jomini_trigger.cpp:243] [original line 2256] PostValidate of trigger 'is_in_family' returned false at file: common/scripted_effects/DI_char_spawner_effects.txt line: 1482 (DI_char_spawner_resolve_origin_effect)
[10:40:56][jomini_script_system.cpp:303] [original line 2257] Script system error!
  Error: is_in_family trigger [ Invalid database object 'rf_pagan' ]
  Script location: file: common/scripted_effects/DI_char_spawner_effects.txt line: 1484 (DI_char_spawner_resolve_origin_effect)
[10:40:56][jomini_trigger.cpp:243] [original line 2261] PostValidate of trigger 'is_in_family' returned false at file: common/scripted_effects/DI_char_spawner_effects.txt line: 1484 (DI_char_spawner_resolve_origin_effect)
[10:40:56][jomini_script_system.cpp:303] [original line 2262] Script system error!
  Error: has_cultural_parameter trigger [ Bool culture parameter 'can_build_quarries_in_hills' does not exist ]
  Script location: file: common/scripted_triggers/cowagot_building_requirement_triggers.txt line: 12 (building_quarries_requirement_terrain)
[10:40:56][jomini_trigger.cpp:243] [original line 2266] PostValidate of trigger 'has_cultural_parameter' returned false at file: common/scripted_triggers/cowagot_building_requirement_triggers.txt line: 12 (building_quarries_requirement_terrain)
[10:40:56][jomini_script_system.cpp:303] [original line 2267] Script system error!
  Error: has_game_rule trigger [ Invalid database object 'tgc_enabled_enabled' ]
  Script location: file: common/scripted_triggers/tgc_loaded_trigger.txt line: 11 (tgc_standard_equipment_trigger)
[10:40:56][jomini_trigger.cpp:243] [original line 2271] PostValidate of trigger 'has_game_rule' returned false at file: common/scripted_triggers/tgc_loaded_trigger.txt line: 11 (tgc_standard_equipment_trigger)
[10:40:56][jomini_script_system.cpp:303] [original line 2272] Script system error!
  Error: has_game_rule trigger [ Invalid database object 'tgc_enabled_enabled' ]
  Script location: file: common/scripted_triggers/tgc_loaded_trigger.txt line: 59 (tgc_captain_equipment_trigger)
[10:40:56][jomini_trigger.cpp:243] [original line 2276] PostValidate of trigger 'has_game_rule' returned false at file: common/scripted_triggers/tgc_loaded_trigger.txt line: 59 (tgc_captain_equipment_trigger)
[10:40:56][jomini_script_system.cpp:303] [original line 2277] Script system error!
  Error: has_game_rule trigger [ Invalid database object 'tgc_enabled_enabled' ]
  Script location: file: common/scripted_triggers/tgc_loaded_trigger.txt line: 94 (tgc_blackfyre_or_targ_equipment_trigger)
[10:40:56][jomini_trigger.cpp:243] [original line 2281] PostValidate of trigger 'has_game_rule' returned false at file: common/scripted_triggers/tgc_loaded_trigger.txt line: 94 (tgc_blackfyre_or_targ_equipment_trigger)
[10:40:56][jomini_script_system.cpp:303] [original line 2282] Script system error!
  Error: has_game_rule trigger [ Invalid database object 'tgc_blackfyre_enabled' ]
  Script location: file: common/scripted_triggers/tgc_loaded_trigger.txt line: 104 (tgc_blackfyre_equipment_trigger)
[10:40:56][jomini_trigger.cpp:243] [original line 2286] PostValidate of trigger 'has_game_rule' returned false at file: common/scripted_triggers/tgc_loaded_trigger.txt line: 104 (tgc_blackfyre_equipment_trigger)
[10:40:56][jomini_script_system.cpp:303] [original line 2287] Script system error!
  Error: has_game_rule trigger [ Invalid database object 'tgc_faegon_enabled' ]
  Script location: file: common/scripted_triggers/tgc_loaded_trigger.txt line: 120 (tgc_blackfyre_equipment_trigger)
[10:40:56][jomini_trigger.cpp:243] [original line 2291] PostValidate of trigger 'has_game_rule' returned false at file: common/scripted_triggers/tgc_loaded_trigger.txt line: 120 (tgc_blackfyre_equipment_trigger)
[10:40:56][jomini_script_system.cpp:303] [original line 2292] Script system error!
  Error: has_game_rule trigger [ Invalid database object 'tgc_faegon_enabled' ]
  Script location: file: common/scripted_triggers/tgc_loaded_trigger.txt line: 140 (tgc_targaryen_equipment_trigger)
[10:40:56][jomini_trigger.cpp:243] [original line 2296] PostValidate of trigger 'has_game_rule' returned false at file: common/scripted_triggers/tgc_loaded_trigger.txt line: 140 (tgc_targaryen_equipment_trigger)
[10:40:56][jomini_script_system.cpp:303] [original line 2297] Script system error!
  Error: has_game_rule trigger [ Invalid database object 'tgc_enabled_enabled' ]
  Script location: file: common/scripted_triggers/tgc_loaded_trigger.txt line: 163 (tgc_blackfyre_house_equipment_trigger)
[10:40:56][jomini_trigger.cpp:243] [original line 2301] PostValidate of trigger 'has_game_rule' returned false at file: common/scripted_triggers/tgc_loaded_trigger.txt line: 163 (tgc_blackfyre_house_equipment_trigger)
[10:40:56][jomini_script_system.cpp:303] [original line 2302] Script system error!
  Error: has_game_rule trigger [ Invalid database object 'tgc_blackfyre_enabled' ]
  Script location: file: common/scripted_triggers/tgc_loaded_trigger.txt line: 164 (tgc_blackfyre_house_equipment_trigger)
[10:40:56][jomini_trigger.cpp:243] [original line 2306] PostValidate of trigger 'has_game_rule' returned false at file: common/scripted_triggers/tgc_loaded_trigger.txt line: 164 (tgc_blackfyre_house_equipment_trigger)
[10:40:56][jomini_effect.cpp:1161] [original line 2307] Flag 'unknown_holding' is used but is never set. Setting it in an unused scripted trigger or effect does not count
[10:40:56][jomini_effect.cpp:1161] [original line 2308] Flag 'pirate_den_holding' is used but is never set. Setting it in an unused scripted trigger or effect does not count
[10:40:56][jomini_effect.cpp:1161] [original line 2309] Flag 'monastery_holding' is used but is never set. Setting it in an unused scripted trigger or effect does not count
[10:40:56][jomini_effect.cpp:1161] [original line 2310] Flag 'iceFire' is used but is never set. Setting it in an unused scripted trigger or effect does not count
[10:40:56][jomini_effect.cpp:1161] [original line 2311] Flag 'highlight_special_buildings_map' is used but is never set. Setting it in an unused scripted trigger or effect does not count
[10:40:56][jomini_effect.cpp:1161] [original line 2312] Flag 'settlement_holding' is used but is never set. Setting it in an unused scripted trigger or effect does not count
[10:40:56][jomini_effect.cpp:1161] [original line 2313] Flag 'blackDarkRed' is used but is never set. Setting it in an unused scripted trigger or effect does not count
[10:40:56][jomini_effect.cpp:1161] [original line 2314] Flag 'dany' is used but is never set. Setting it in an unused scripted trigger or effect does not count
[10:40:56][jomini_effect.cpp:1161] [original line 2315] Flag 'viserys' is used but is never set. Setting it in an unused scripted trigger or effect does not count
[10:40:56][jomini_effect.cpp:1161] [original line 2316] Flag 'faegon' is used but is never set. Setting it in an unused scripted trigger or effect does not count
[10:40:56][jomini_effect.cpp:1161] [original line 2317] Flag 'wilderness_holding' is used but is never set. Setting it in an unused scripted trigger or effect does not count
[10:40:56][jomini_effect.cpp:1161] [original line 2318] Flag 'roland_crown' is used but is never set. Setting it in an unused scripted trigger or effect does not count
[10:40:56][jomini_effect.cpp:1161] [original line 2319] Flag 'ruin_holding' is used but is never set. Setting it in an unused scripted trigger or effect does not count
[10:40:56][jomini_effect.cpp:1145] [original line 2320] Flag 'highlight_cow_provinces_map' is set but is never used. Note that use in localization doesn't count due to technical limitations. Use in unused scripted triggers and effects also does not count
[10:40:56][jomini_effect.cpp:1145] [original line 2321] Flag 'DI_subtype_throne' is set but is never used. Note that use in localization doesn't count due to technical limitations. Use in unused scripted triggers and effects also does not count
[10:40:56][jomini_effect.cpp:1145] [original line 2322] Flag 'all_found' is set but is never used. Note that use in localization doesn't count due to technical limitations. Use in unused scripted triggers and effects also does not count
[10:40:56][jomini_effect.cpp:1145] [original line 2323] Flag 'global' is set but is never used. Note that use in localization doesn't count due to technical limitations. Use in unused scripted triggers and effects also does not count
[10:40:56][jomini_effect.cpp:1161] [original line 2324] Variable 'asoiaf_Stark_102_cc' is used but is never set. Setting it in an unused scripted trigger or effect does not count
[10:40:56][jomini_effect.cpp:1161] [original line 2325] Variable 'swordman_armor_artifact' is used but is never set. Setting it in an unused scripted trigger or effect does not count
[10:40:56][jomini_effect.cpp:1161] [original line 2326] Variable 'asoiaf_Stark_11_cc' is used but is never set. Setting it in an unused scripted trigger or effect does not count
[10:40:56][jomini_effect.cpp:1161] [original line 2327] Variable 'asoiaf_Stark_84_cc' is used but is never set. Setting it in an unused scripted trigger or effect does not count
[10:40:56][jomini_effect.cpp:1161] [original line 2328] Variable 'kingsguard_choice' is used but is never set. Setting it in an unused scripted trigger or effect does not count
[10:40:56][jomini_effect.cpp:1161] [original line 2329] Variable 'asoiaf_Stark_97_cc' is used but is never set. Setting it in an unused scripted trigger or effect does not count
[10:40:56][jomini_effect.cpp:1161] [original line 2330] Variable 'highlight_cow_provinces_map' is used but is never set. Setting it in an unused scripted trigger or effect does not count
[10:40:56][jomini_effect.cpp:1161] [original line 2331] Variable 'faegon_main_character' is used but is never set. Setting it in an unused scripted trigger or effect does not count
[10:40:56][jomini_effect.cpp:1161] [original line 2332] Variable 'crown_aegon_baelor_artifact' is used but is never set. Setting it in an unused scripted trigger or effect does not count
[10:40:56][jomini_effect.cpp:1161] [original line 2333] Variable 'Aotk_enabled' is used but is never set. Setting it in an unused scripted trigger or effect does not count
[10:40:56][jomini_effect.cpp:1161] [original line 2334] Variable 'asoiaf_Stark_2_cc' is used but is never set. Setting it in an unused scripted trigger or effect does not count
[10:40:56][jomini_effect.cpp:1161] [original line 2335] Variable 'asoiaf_Stark_87_cc' is used but is never set. Setting it in an unused scripted trigger or effect does not count
[10:40:56][jomini_effect.cpp:1161] [original line 2336] Variable 'asoiaf_Stark_1_cc' is used but is never set. Setting it in an unused scripted trigger or effect does not count
[10:40:56][jomini_effect.cpp:1161] [original line 2337] Variable 'captains_sword' is used but is never set. Setting it in an unused scripted trigger or effect does not count
[10:40:56][jomini_effect.cpp:1161] [original line 2338] Variable 'asoiaf_Stark_7_cc' is used but is never set. Setting it in an unused scripted trigger or effect does not count
[10:40:56][jomini_effect.cpp:1161] [original line 2339] Variable 'asoiaf_Stark_6_cc' is used but is never set. Setting it in an unused scripted trigger or effect does not count
[10:40:56][jomini_effect.cpp:1161] [original line 2340] Variable 'tgc_enabled' is used but is never set. Setting it in an unused scripted trigger or effect does not count
[10:40:56][jomini_effect.cpp:1161] [original line 2341] Variable 'app_enabled' is used but is never set. Setting it in an unused scripted trigger or effect does not count
[10:40:56][jomini_effect.cpp:1161] [original line 2342] Variable 'maekars_crown' is used but is never set. Setting it in an unused scripted trigger or effect does not count
[10:40:56][jomini_effect.cpp:1161] [original line 2343] Variable 'asoiaf_Stark_94_cc' is used but is never set. Setting it in an unused scripted trigger or effect does not count
[10:40:56][jomini_effect.cpp:1161] [original line 2344] Variable 'asoiaf_Stark_103_cc' is used but is never set. Setting it in an unused scripted trigger or effect does not count
[10:40:56][jomini_effect.cpp:1161] [original line 2345] Variable 'asoiaf_Stark_100_cc' is used but is never set. Setting it in an unused scripted trigger or effect does not count
[10:40:56][jomini_effect.cpp:1161] [original line 2346] Variable 'asoiaf_Stark_4_cc' is used but is never set. Setting it in an unused scripted trigger or effect does not count
[10:40:56][jomini_effect.cpp:1161] [original line 2347] Variable 'asoiaf_Stark_95_cc' is used but is never set. Setting it in an unused scripted trigger or effect does not count
[10:40:56][jomini_effect.cpp:1161] [original line 2348] Variable 'asoiaf_Stark_101_cc' is used but is never set. Setting it in an unused scripted trigger or effect does not count
[10:40:56][jomini_effect.cpp:1161] [original line 2349] Variable 'asoiaf_Stark_10_cc' is used but is never set. Setting it in an unused scripted trigger or effect does not count
[10:40:56][jomini_effect.cpp:1161] [original line 2350] Variable 'darksister' is used but is never set. Setting it in an unused scripted trigger or effect does not count
[10:40:56][jomini_effect.cpp:1161] [original line 2351] Variable 'blackfyre' is used but is never set. Setting it in an unused scripted trigger or effect does not count
[10:40:56][jomini_effect.cpp:1161] [original line 2352] Variable 'asoiaf_Stark_3_cc' is used but is never set. Setting it in an unused scripted trigger or effect does not count
[10:40:56][jomini_effect.cpp:1161] [original line 2353] Variable 'asoiaf_Stark_88_cc' is used but is never set. Setting it in an unused scripted trigger or effect does not count
[10:40:56][jomini_effect.cpp:1161] [original line 2354] Variable 'brightboar_enabled' is used but is never set. Setting it in an unused scripted trigger or effect does not count
[10:40:56][jomini_effect.cpp:1161] [original line 2355] Variable 'is_jon_snow' is used but is never set. Setting it in an unused scripted trigger or effect does not count
[10:40:56][jomini_effect.cpp:1161] [original line 2356] Variable 'kingsguard_armour' is used but is never set. Setting it in an unused scripted trigger or effect does not count
[10:40:56][jomini_effect.cpp:1161] [original line 2357] Variable 'is_baratheon_6' is used but is never set. Setting it in an unused scripted trigger or effect does not count
[10:40:56][jomini_effect.cpp:1161] [original line 2358] Variable 'asoiaf_Stark_86_cc' is used but is never set. Setting it in an unused scripted trigger or effect does not count
[10:40:56][jomini_effect.cpp:1161] [original line 2359] Variable 'asoiaf_Stark_5_cc' is used but is never set. Setting it in an unused scripted trigger or effect does not count
[10:40:56][jomini_effect.cpp:1161] [original line 2360] Variable 'seafoam' is used but is never set. Setting it in an unused scripted trigger or effect does not count
[10:40:56][jomini_effect.cpp:1161] [original line 2361] Variable 'asoiaf_Stark_8_cc' is used but is never set. Setting it in an unused scripted trigger or effect does not count
[10:40:56][jomini_effect.cpp:1161] [original line 2362] Variable 'asoiaf_Stark_99_cc' is used but is never set. Setting it in an unused scripted trigger or effect does not count
[10:40:56][jomini_effect.cpp:1161] [original line 2363] Variable 'asoiaf_Stark_96_cc' is used but is never set. Setting it in an unused scripted trigger or effect does not count
[10:40:56][jomini_effect.cpp:1161] [original line 2364] Variable 'asoiaf_Stark_98_cc' is used but is never set. Setting it in an unused scripted trigger or effect does not count
[10:40:56][jomini_effect.cpp:1161] [original line 2365] Variable 'asoiaf_Stark_9_cc' is used but is never set. Setting it in an unused scripted trigger or effect does not count
[10:40:56][jomini_effect.cpp:1161] [original line 2366] Variable 'is_Durrandon_51' is used but is never set. Setting it in an unused scripted trigger or effect does not count
[10:40:56][jomini_effect.cpp:1145] [original line 2367] Variable 'blackfyre_artifact' is set but is never used. Note that use in localization doesn't count due to technical limitations. Use in unused scripted triggers and effects also does not count
[10:40:56][jomini_effect.cpp:1145] [original line 2368] Variable 'asoiaf_canon_children_Martell_4_born_variable' is set but is never used. Note that use in localization doesn't count due to technical limitations. Use in unused scripted triggers and effects also does not count
[10:40:56][jomini_effect.cpp:1145] [original line 2369] Variable 'asoiaf_canon_children_Greyjoy_5_born_variable' is set but is never used. Note that use in localization doesn't count due to technical limitations. Use in unused scripted triggers and effects also does not count
[10:40:56][jomini_effect.cpp:1145] [original line 2370] Variable 'asoiaf_canon_children_Tully_1_born_variable' is set but is never used. Note that use in localization doesn't count due to technical limitations. Use in unused scripted triggers and effects also does not count
[10:40:56][jomini_effect.cpp:1145] [original line 2371] Variable 'asoiaf_canon_children_Tully_9_born_variable' is set but is never used. Note that use in localization doesn't count due to technical limitations. Use in unused scripted triggers and effects also does not count
[10:40:56][jomini_effect.cpp:1145] [original line 2372] Variable 'asoiaf_canon_children_Reed_1_born_variable' is set but is never used. Note that use in localization doesn't count due to technical limitations. Use in unused scripted triggers and effects also does not count
[10:40:56][jomini_effect.cpp:1145] [original line 2373] Variable 'asoiaf_canon_children_Tarly_1_born_variable' is set but is never used. Note that use in localization doesn't count due to technical limitations. Use in unused scripted triggers and effects also does not count
[10:40:56][jomini_effect.cpp:1145] [original line 2374] Variable 'agot_faegon_jon_snow_char' is set but is never used. Note that use in localization doesn't count due to technical limitations. Use in unused scripted triggers and effects also does not count
[10:40:56][jomini_effect.cpp:1145] [original line 2375] Variable 'asoiaf_canon_children_Strong_28_born_variable' is set but is never used. Note that use in localization doesn't count due to technical limitations. Use in unused scripted triggers and effects also does not count
[10:40:56][jomini_effect.cpp:1145] [original line 2376] Variable 'asoiaf_canon_children_Arryn_3_born_variable' is set but is never used. Note that use in localization doesn't count due to technical limitations. Use in unused scripted triggers and effects also does not count
[10:40:56][jomini_effect.cpp:1145] [original line 2377] Variable 'asoiaf_canon_children_Baratheon_75_born_variable' is set but is never used. Note that use in localization doesn't count due to technical limitations. Use in unused scripted triggers and effects also does not count
[10:40:56][jomini_effect.cpp:1145] [original line 2378] Variable 'DI_artifact_quality_display' is set but is never used. Note that use in localization doesn't count due to technical limitations. Use in unused scripted triggers and effects also does not count
[10:40:56][jomini_effect.cpp:1145] [original line 2379] Variable 'asoiaf_canon_children_Arryn_84_born_variable' is set but is never used. Note that use in localization doesn't count due to technical limitations. Use in unused scripted triggers and effects also does not count
[10:40:56][jomini_effect.cpp:1145] [original line 2380] Variable 'COWAGOT_is_loaded' is set but is never used. Note that use in localization doesn't count due to technical limitations. Use in unused scripted triggers and effects also does not count
[10:40:56][jomini_effect.cpp:1145] [original line 2381] Variable 'asoiaf_canon_children_Lannister_129_born_variable' is set but is never used. Note that use in localization doesn't count due to technical limitations. Use in unused scripted triggers and effects also does not count
[10:40:56][jomini_effect.cpp:1145] [original line 2382] Variable 'asoiaf_canon_children_Targaryen_28_born_variable' is set but is never used. Note that use in localization doesn't count due to technical limitations. Use in unused scripted triggers and effects also does not count
[10:40:56][jomini_effect.cpp:1145] [original line 2383] Variable 'DI_artifact_category_display' is set but is never used. Note that use in localization doesn't count due to technical limitations. Use in unused scripted triggers and effects also does not count
[10:40:56][jomini_effect.cpp:1145] [original line 2384] Variable 'asoiaf_canon_children_Baratheon_baby_born_variable' is set but is never used. Note that use in localization doesn't count due to technical limitations. Use in unused scripted triggers and effects also does not count
[10:40:56][jomini_effect.cpp:1145] [original line 2385] Variable 'asoiaf_canon_children_Targaryen_96_born_variable' is set but is never used. Note that use in localization doesn't count due to technical limitations. Use in unused scripted triggers and effects also does not count
[10:40:56][jomini_effect.cpp:1145] [original line 2386] Variable 'color_grading' is set but is never used. Note that use in localization doesn't count due to technical limitations. Use in unused scripted triggers and effects also does not count
[10:40:56][jomini_effect.cpp:1145] [original line 2387] Variable 'DI_artifact_subtype_display' is set but is never used. Note that use in localization doesn't count due to technical limitations. Use in unused scripted triggers and effects also does not count
[10:40:56][jomini_effect.cpp:1145] [original line 2388] Variable 'asoiaf_canon_children_Hightower_90_born_variable' is set but is never used. Note that use in localization doesn't count due to technical limitations. Use in unused scripted triggers and effects also does not count
[10:40:56][jomini_effect.cpp:1145] [original line 2389] Variable 'asoiaf_canon_children_Targaryen_29_born_variable' is set but is never used. Note that use in localization doesn't count due to technical limitations. Use in unused scripted triggers and effects also does not count
[10:40:56][jomini_effect.cpp:1145] [original line 2390] Variable 'asoiaf_canon_children_Arryn_80_born_variable' is set but is never used. Note that use in localization doesn't count due to technical limitations. Use in unused scripted triggers and effects also does not count
[10:40:56][jomini_effect.cpp:1145] [original line 2391] Variable 'asoiaf_canon_children_Cole_11_born_variable' is set but is never used. Note that use in localization doesn't count due to technical limitations. Use in unused scripted triggers and effects also does not count
[10:40:56][jomini_effect.cpp:1145] [original line 2392] Variable 'asoiaf_canon_children_Velaryon_31_born_variable' is set but is never used. Note that use in localization doesn't count due to technical limitations. Use in unused scripted triggers and effects also does not count
[10:40:56][jomini_effect.cpp:1145] [original line 2393] Variable 'asoiaf_is_red_vipers_spear' is set but is never used. Note that use in localization doesn't count due to technical limitations. Use in unused scripted triggers and effects also does not count
[10:40:56][jomini_effect.cpp:1145] [original line 2394] Variable 'asoiaf_canon_children_Karstark_4_born_variable' is set but is never used. Note that use in localization doesn't count due to technical limitations. Use in unused scripted triggers and effects also does not count
[10:40:56][jomini_effect.cpp:1145] [original line 2395] Variable 'asoiaf_canon_children_Stark_84_born_variable' is set but is never used. Note that use in localization doesn't count due to technical limitations. Use in unused scripted triggers and effects also does not count
[10:40:56][jomini_effect.cpp:1145] [original line 2396] Variable 'dark_sister_artifact' is set but is never used. Note that use in localization doesn't count due to technical limitations. Use in unused scripted triggers and effects also does not count
[10:40:56][jomini_effect.cpp:1145] [original line 2397] Variable 'seafoam_artifact' is set but is never used. Note that use in localization doesn't count due to technical limitations. Use in unused scripted triggers and effects also does not count
[10:40:56][jomini_effect.cpp:1145] [original line 2398] Variable 'asoiaf_canon_children_Targaryen_95_born_variable' is set but is never used. Note that use in localization doesn't count due to technical limitations. Use in unused scripted triggers and effects also does not count
[10:40:56][jomini_effect.cpp:1145] [original line 2399] Variable 'asoiaf_canon_children_Stark_1_born_variable' is set but is never used. Note that use in localization doesn't count due to technical limitations. Use in unused scripted triggers and effects also does not count
[10:40:56][jomini_effect.cpp:1145] [original line 2400] Variable 'agot_faegon_jae_birth_year' is set but is never used. Note that use in localization doesn't count due to technical limitations. Use in unused scripted triggers and effects also does not count
[10:40:56][jomini_effect.cpp:1145] [original line 2401] Variable 'color' is set but is never used. Note that use in localization doesn't count due to technical limitations. Use in unused scripted triggers and effects also does not count
[10:40:56][jomini_effect.cpp:1145] [original line 2402] Variable 'asoiaf_canon_children_Tyrell_4_born_variable' is set but is never used. Note that use in localization doesn't count due to technical limitations. Use in unused scripted triggers and effects also does not count
[10:40:56][jomini_effect.cpp:1145] [original line 2403] Variable 'asoiaf_is_krakenfall' is set but is never used. Note that use in localization doesn't count due to technical limitations. Use in unused scripted triggers and effects also does not count
[10:40:56][jomini_effect.cpp:1145] [original line 2404] Variable 'asoiaf_canon_children_Dayne_1_born_variable' is set but is never used. Note that use in localization doesn't count due to technical limitations. Use in unused scripted triggers and effects also does not count
[10:40:56][jomini_effect.cpp:1145] [original line 2405] Variable 'pincer_artifact' is set but is never used. Note that use in localization doesn't count due to technical limitations. Use in unused scripted triggers and effects also does not count
[10:40:56][jomini_effect.cpp:1145] [original line 2406] Variable 'asoiaf_canon_children_Strong_29_born_variable' is set but is never used. Note that use in localization doesn't count due to technical limitations. Use in unused scripted triggers and effects also does not count
[10:40:56][jomini_effect.cpp:1145] [original line 2407] Variable 'asoiaf_is_needle' is set but is never used. Note that use in localization doesn't count due to technical limitations. Use in unused scripted triggers and effects also does not count
[10:40:56][jomini_effect.cpp:1145] [original line 2408] Variable 'asoiaf_canon_children_Targaryen_27_born_variable' is set but is never used. Note that use in localization doesn't count due to technical limitations. Use in unused scripted triggers and effects also does not count
[10:40:56][jomini_effect.cpp:1145] [original line 2409] Variable 'asoiaf_canon_children_Baelish_2_born_variable' is set but is never used. Note that use in localization doesn't count due to technical limitations. Use in unused scripted triggers and effects also does not count
[10:40:56][jomini_effect.cpp:1161] [original line 2410] Event target 'asoiaf_targaryen_invasion_claimant' is used but is never set. Setting it in an unused scripted trigger or effect does not count
[10:40:56][static_modifier.cpp:200] [original line 2411] Modifier 'lucerys_gun_modifier' was not used by the script or code but exists in the database, this is a waste
[10:40:56][static_modifier.cpp:200] [original line 2412] Modifier 'artifact_monthly_piety_negative_1_modifier' was not used by the script or code but exists in the database, this is a waste
[10:40:56][static_modifier.cpp:200] [original line 2413] Modifier 'artifact_monthly_martial_lifestyle_xp_1_negative_modifier' was not used by the script or code but exists in the database, this is a waste
[10:40:56][static_modifier.cpp:200] [original line 2414] Modifier 'asoiaf_oathkeeper_modifier' was not used by the script or code but exists in the database, this is a waste
[10:40:56][static_modifier.cpp:200] [original line 2415] Modifier 'asoiaf_stark_throne_modifier' was not used by the script or code but exists in the database, this is a waste
[10:40:56][static_modifier.cpp:200] [original line 2416] Modifier 'asoiaf_Karstark_4_modifier' was not used by the script or code but exists in the database, this is a waste
[10:40:59][jomini_eventmanager.cpp:372] [original line 2469] Event buy_valyrian_mask.0001 is orphaned
[10:40:59][jomini_eventmanager.cpp:372] [original line 2470] Event asoiaf_mega_war_events.0001 is orphaned
[10:40:59][jomini_eventmanager.cpp:372] [original line 2471] Event asoiaf_young_griff_landing_events.2 is orphaned
[10:41:00][pdx_assert.cpp:619] [original line 2472] Assertion failed: Achievements not loaded correctly
[10:41:00][databases.h:36] [original line 2473] Key rf_valyrian not found at Database: common/religion/religion_family_types
[10:41:00][databases.h:36] [original line 2474] Key tgp_minister_recruit_courtiers_decision not found at Database: common/decisions
[10:41:01][jomini_effect.cpp:1161] [original line 2475] Flag 'unknown_holding' is used but is never set. Setting it in an unused scripted trigger or effect does not count
[10:41:01][jomini_effect.cpp:1161] [original line 2476] Flag 'pirate_den_holding' is used but is never set. Setting it in an unused scripted trigger or effect does not count
[10:41:01][jomini_effect.cpp:1161] [original line 2477] Flag 'monastery_holding' is used but is never set. Setting it in an unused scripted trigger or effect does not count
[10:41:01][jomini_effect.cpp:1161] [original line 2478] Flag 'iceFire' is used but is never set. Setting it in an unused scripted trigger or effect does not count
[10:41:01][jomini_effect.cpp:1161] [original line 2479] Flag 'highlight_special_buildings_map' is used but is never set. Setting it in an unused scripted trigger or effect does not count
[10:41:01][jomini_effect.cpp:1161] [original line 2480] Flag 'settlement_holding' is used but is never set. Setting it in an unused scripted trigger or effect does not count
[10:41:01][jomini_effect.cpp:1161] [original line 2481] Flag 'blackDarkRed' is used but is never set. Setting it in an unused scripted trigger or effect does not count
[10:41:01][jomini_effect.cpp:1161] [original line 2482] Flag 'dany' is used but is never set. Setting it in an unused scripted trigger or effect does not count
[10:41:01][jomini_effect.cpp:1161] [original line 2483] Flag 'viserys' is used but is never set. Setting it in an unused scripted trigger or effect does not count
[10:41:01][jomini_effect.cpp:1161] [original line 2484] Flag 'faegon' is used but is never set. Setting it in an unused scripted trigger or effect does not count
[10:41:01][jomini_effect.cpp:1161] [original line 2485] Flag 'wilderness_holding' is used but is never set. Setting it in an unused scripted trigger or effect does not count
[10:41:01][jomini_effect.cpp:1161] [original line 2486] Flag 'roland_crown' is used but is never set. Setting it in an unused scripted trigger or effect does not count
[10:41:01][jomini_effect.cpp:1161] [original line 2487] Flag 'ruin_holding' is used but is never set. Setting it in an unused scripted trigger or effect does not count
[10:41:01][jomini_effect.cpp:1145] [original line 2488] Flag 'highlight_cow_provinces_map' is set but is never used. Note that use in localization doesn't count due to technical limitations. Use in unused scripted triggers and effects also does not count
[10:41:01][jomini_effect.cpp:1145] [original line 2489] Flag 'DI_subtype_throne' is set but is never used. Note that use in localization doesn't count due to technical limitations. Use in unused scripted triggers and effects also does not count
[10:41:01][jomini_effect.cpp:1145] [original line 2490] Flag 'all_found' is set but is never used. Note that use in localization doesn't count due to technical limitations. Use in unused scripted triggers and effects also does not count
[10:41:01][jomini_effect.cpp:1145] [original line 2491] Flag 'global' is set but is never used. Note that use in localization doesn't count due to technical limitations. Use in unused scripted triggers and effects also does not count
[10:41:01][jomini_effect.cpp:1161] [original line 2492] Variable 'asoiaf_Stark_102_cc' is used but is never set. Setting it in an unused scripted trigger or effect does not count
[10:41:01][jomini_effect.cpp:1161] [original line 2493] Variable 'swordman_armor_artifact' is used but is never set. Setting it in an unused scripted trigger or effect does not count
[10:41:01][jomini_effect.cpp:1161] [original line 2494] Variable 'asoiaf_Stark_11_cc' is used but is never set. Setting it in an unused scripted trigger or effect does not count
[10:41:01][jomini_effect.cpp:1161] [original line 2495] Variable 'asoiaf_Stark_84_cc' is used but is never set. Setting it in an unused scripted trigger or effect does not count
[10:41:01][jomini_effect.cpp:1161] [original line 2496] Variable 'kingsguard_choice' is used but is never set. Setting it in an unused scripted trigger or effect does not count
[10:41:01][jomini_effect.cpp:1161] [original line 2497] Variable 'asoiaf_Stark_97_cc' is used but is never set. Setting it in an unused scripted trigger or effect does not count
[10:41:01][jomini_effect.cpp:1161] [original line 2498] Variable 'highlight_cow_provinces_map' is used but is never set. Setting it in an unused scripted trigger or effect does not count
[10:41:01][jomini_effect.cpp:1161] [original line 2499] Variable 'faegon_main_character' is used but is never set. Setting it in an unused scripted trigger or effect does not count
[10:41:01][jomini_effect.cpp:1161] [original line 2500] Variable 'crown_aegon_baelor_artifact' is used but is never set. Setting it in an unused scripted trigger or effect does not count
[10:41:01][jomini_effect.cpp:1161] [original line 2501] Variable 'Aotk_enabled' is used but is never set. Setting it in an unused scripted trigger or effect does not count
[10:41:01][jomini_effect.cpp:1161] [original line 2502] Variable 'asoiaf_Stark_2_cc' is used but is never set. Setting it in an unused scripted trigger or effect does not count
[10:41:01][jomini_effect.cpp:1161] [original line 2503] Variable 'asoiaf_Stark_87_cc' is used but is never set. Setting it in an unused scripted trigger or effect does not count
[10:41:01][jomini_effect.cpp:1161] [original line 2504] Variable 'asoiaf_Stark_1_cc' is used but is never set. Setting it in an unused scripted trigger or effect does not count
[10:41:01][jomini_effect.cpp:1161] [original line 2505] Variable 'captains_sword' is used but is never set. Setting it in an unused scripted trigger or effect does not count
[10:41:01][jomini_effect.cpp:1161] [original line 2506] Variable 'asoiaf_Stark_7_cc' is used but is never set. Setting it in an unused scripted trigger or effect does not count
[10:41:01][jomini_effect.cpp:1161] [original line 2507] Variable 'asoiaf_Stark_6_cc' is used but is never set. Setting it in an unused scripted trigger or effect does not count
[10:41:01][jomini_effect.cpp:1161] [original line 2508] Variable 'tgc_enabled' is used but is never set. Setting it in an unused scripted trigger or effect does not count
[10:41:01][jomini_effect.cpp:1161] [original line 2509] Variable 'app_enabled' is used but is never set. Setting it in an unused scripted trigger or effect does not count
[10:41:01][jomini_effect.cpp:1161] [original line 2510] Variable 'maekars_crown' is used but is never set. Setting it in an unused scripted trigger or effect does not count
[10:41:01][jomini_effect.cpp:1161] [original line 2511] Variable 'asoiaf_Stark_94_cc' is used but is never set. Setting it in an unused scripted trigger or effect does not count
[10:41:01][jomini_effect.cpp:1161] [original line 2512] Variable 'asoiaf_Stark_103_cc' is used but is never set. Setting it in an unused scripted trigger or effect does not count
[10:41:01][jomini_effect.cpp:1161] [original line 2513] Variable 'asoiaf_Stark_100_cc' is used but is never set. Setting it in an unused scripted trigger or effect does not count
[10:41:01][jomini_effect.cpp:1161] [original line 2514] Variable 'asoiaf_Stark_4_cc' is used but is never set. Setting it in an unused scripted trigger or effect does not count
[10:41:01][jomini_effect.cpp:1161] [original line 2515] Variable 'asoiaf_Stark_95_cc' is used but is never set. Setting it in an unused scripted trigger or effect does not count
[10:41:01][jomini_effect.cpp:1161] [original line 2516] Variable 'asoiaf_Stark_101_cc' is used but is never set. Setting it in an unused scripted trigger or effect does not count
[10:41:01][jomini_effect.cpp:1161] [original line 2517] Variable 'asoiaf_Stark_10_cc' is used but is never set. Setting it in an unused scripted trigger or effect does not count
[10:41:01][jomini_effect.cpp:1161] [original line 2518] Variable 'darksister' is used but is never set. Setting it in an unused scripted trigger or effect does not count
[10:41:01][jomini_effect.cpp:1161] [original line 2519] Variable 'blackfyre' is used but is never set. Setting it in an unused scripted trigger or effect does not count
[10:41:01][jomini_effect.cpp:1161] [original line 2520] Variable 'asoiaf_Stark_3_cc' is used but is never set. Setting it in an unused scripted trigger or effect does not count
[10:41:01][jomini_effect.cpp:1161] [original line 2521] Variable 'asoiaf_Stark_88_cc' is used but is never set. Setting it in an unused scripted trigger or effect does not count
[10:41:01][jomini_effect.cpp:1161] [original line 2522] Variable 'brightboar_enabled' is used but is never set. Setting it in an unused scripted trigger or effect does not count
[10:41:01][jomini_effect.cpp:1161] [original line 2523] Variable 'is_jon_snow' is used but is never set. Setting it in an unused scripted trigger or effect does not count
[10:41:01][jomini_effect.cpp:1161] [original line 2524] Variable 'kingsguard_armour' is used but is never set. Setting it in an unused scripted trigger or effect does not count
[10:41:01][jomini_effect.cpp:1161] [original line 2525] Variable 'is_baratheon_6' is used but is never set. Setting it in an unused scripted trigger or effect does not count
[10:41:01][jomini_effect.cpp:1161] [original line 2526] Variable 'asoiaf_Stark_86_cc' is used but is never set. Setting it in an unused scripted trigger or effect does not count
[10:41:01][jomini_effect.cpp:1161] [original line 2527] Variable 'asoiaf_Stark_5_cc' is used but is never set. Setting it in an unused scripted trigger or effect does not count
[10:41:01][jomini_effect.cpp:1161] [original line 2528] Variable 'seafoam' is used but is never set. Setting it in an unused scripted trigger or effect does not count
[10:41:01][jomini_effect.cpp:1161] [original line 2529] Variable 'asoiaf_Stark_8_cc' is used but is never set. Setting it in an unused scripted trigger or effect does not count
[10:41:01][jomini_effect.cpp:1161] [original line 2530] Variable 'asoiaf_Stark_99_cc' is used but is never set. Setting it in an unused scripted trigger or effect does not count
[10:41:01][jomini_effect.cpp:1161] [original line 2531] Variable 'asoiaf_Stark_96_cc' is used but is never set. Setting it in an unused scripted trigger or effect does not count
[10:41:01][jomini_effect.cpp:1161] [original line 2532] Variable 'asoiaf_Stark_98_cc' is used but is never set. Setting it in an unused scripted trigger or effect does not count
[10:41:01][jomini_effect.cpp:1161] [original line 2533] Variable 'asoiaf_Stark_9_cc' is used but is never set. Setting it in an unused scripted trigger or effect does not count
[10:41:01][jomini_effect.cpp:1161] [original line 2534] Variable 'is_Durrandon_51' is used but is never set. Setting it in an unused scripted trigger or effect does not count
[10:41:01][jomini_effect.cpp:1145] [original line 2535] Variable 'blackfyre_artifact' is set but is never used. Note that use in localization doesn't count due to technical limitations. Use in unused scripted triggers and effects also does not count
[10:41:01][jomini_effect.cpp:1145] [original line 2536] Variable 'asoiaf_canon_children_Martell_4_born_variable' is set but is never used. Note that use in localization doesn't count due to technical limitations. Use in unused scripted triggers and effects also does not count
[10:41:01][jomini_effect.cpp:1145] [original line 2537] Variable 'asoiaf_canon_children_Greyjoy_5_born_variable' is set but is never used. Note that use in localization doesn't count due to technical limitations. Use in unused scripted triggers and effects also does not count
[10:41:01][jomini_effect.cpp:1145] [original line 2538] Variable 'asoiaf_canon_children_Tully_1_born_variable' is set but is never used. Note that use in localization doesn't count due to technical limitations. Use in unused scripted triggers and effects also does not count
[10:41:01][jomini_effect.cpp:1145] [original line 2539] Variable 'asoiaf_canon_children_Tully_9_born_variable' is set but is never used. Note that use in localization doesn't count due to technical limitations. Use in unused scripted triggers and effects also does not count
[10:41:01][jomini_effect.cpp:1145] [original line 2540] Variable 'asoiaf_canon_children_Reed_1_born_variable' is set but is never used. Note that use in localization doesn't count due to technical limitations. Use in unused scripted triggers and effects also does not count
[10:41:01][jomini_effect.cpp:1145] [original line 2541] Variable 'asoiaf_canon_children_Tarly_1_born_variable' is set but is never used. Note that use in localization doesn't count due to technical limitations. Use in unused scripted triggers and effects also does not count
[10:41:01][jomini_effect.cpp:1145] [original line 2542] Variable 'agot_faegon_jon_snow_char' is set but is never used. Note that use in localization doesn't count due to technical limitations. Use in unused scripted triggers and effects also does not count
[10:41:01][jomini_effect.cpp:1145] [original line 2543] Variable 'asoiaf_canon_children_Strong_28_born_variable' is set but is never used. Note that use in localization doesn't count due to technical limitations. Use in unused scripted triggers and effects also does not count
[10:41:01][jomini_effect.cpp:1145] [original line 2544] Variable 'asoiaf_canon_children_Arryn_3_born_variable' is set but is never used. Note that use in localization doesn't count due to technical limitations. Use in unused scripted triggers and effects also does not count
[10:41:01][jomini_effect.cpp:1145] [original line 2545] Variable 'asoiaf_canon_children_Baratheon_75_born_variable' is set but is never used. Note that use in localization doesn't count due to technical limitations. Use in unused scripted triggers and effects also does not count
[10:41:01][jomini_effect.cpp:1145] [original line 2546] Variable 'DI_artifact_quality_display' is set but is never used. Note that use in localization doesn't count due to technical limitations. Use in unused scripted triggers and effects also does not count
[10:41:01][jomini_effect.cpp:1145] [original line 2547] Variable 'asoiaf_canon_children_Arryn_84_born_variable' is set but is never used. Note that use in localization doesn't count due to technical limitations. Use in unused scripted triggers and effects also does not count
[10:41:01][jomini_effect.cpp:1145] [original line 2548] Variable 'COWAGOT_is_loaded' is set but is never used. Note that use in localization doesn't count due to technical limitations. Use in unused scripted triggers and effects also does not count
[10:41:01][jomini_effect.cpp:1145] [original line 2549] Variable 'asoiaf_canon_children_Lannister_129_born_variable' is set but is never used. Note that use in localization doesn't count due to technical limitations. Use in unused scripted triggers and effects also does not count
[10:41:01][jomini_effect.cpp:1145] [original line 2550] Variable 'asoiaf_canon_children_Targaryen_28_born_variable' is set but is never used. Note that use in localization doesn't count due to technical limitations. Use in unused scripted triggers and effects also does not count
[10:41:01][jomini_effect.cpp:1145] [original line 2551] Variable 'DI_artifact_category_display' is set but is never used. Note that use in localization doesn't count due to technical limitations. Use in unused scripted triggers and effects also does not count
[10:41:01][jomini_effect.cpp:1145] [original line 2552] Variable 'asoiaf_canon_children_Baratheon_baby_born_variable' is set but is never used. Note that use in localization doesn't count due to technical limitations. Use in unused scripted triggers and effects also does not count
[10:41:01][jomini_effect.cpp:1145] [original line 2553] Variable 'asoiaf_canon_children_Targaryen_96_born_variable' is set but is never used. Note that use in localization doesn't count due to technical limitations. Use in unused scripted triggers and effects also does not count
[10:41:01][jomini_effect.cpp:1145] [original line 2554] Variable 'color_grading' is set but is never used. Note that use in localization doesn't count due to technical limitations. Use in unused scripted triggers and effects also does not count
[10:41:01][jomini_effect.cpp:1145] [original line 2555] Variable 'DI_artifact_subtype_display' is set but is never used. Note that use in localization doesn't count due to technical limitations. Use in unused scripted triggers and effects also does not count
[10:41:01][jomini_effect.cpp:1145] [original line 2556] Variable 'asoiaf_canon_children_Hightower_90_born_variable' is set but is never used. Note that use in localization doesn't count due to technical limitations. Use in unused scripted triggers and effects also does not count
[10:41:01][jomini_effect.cpp:1145] [original line 2557] Variable 'asoiaf_canon_children_Targaryen_29_born_variable' is set but is never used. Note that use in localization doesn't count due to technical limitations. Use in unused scripted triggers and effects also does not count
[10:41:01][jomini_effect.cpp:1145] [original line 2558] Variable 'asoiaf_canon_children_Arryn_80_born_variable' is set but is never used. Note that use in localization doesn't count due to technical limitations. Use in unused scripted triggers and effects also does not count
[10:41:01][jomini_effect.cpp:1145] [original line 2559] Variable 'asoiaf_canon_children_Cole_11_born_variable' is set but is never used. Note that use in localization doesn't count due to technical limitations. Use in unused scripted triggers and effects also does not count
[10:41:01][jomini_effect.cpp:1145] [original line 2560] Variable 'asoiaf_canon_children_Velaryon_31_born_variable' is set but is never used. Note that use in localization doesn't count due to technical limitations. Use in unused scripted triggers and effects also does not count
[10:41:01][jomini_effect.cpp:1145] [original line 2561] Variable 'asoiaf_is_red_vipers_spear' is set but is never used. Note that use in localization doesn't count due to technical limitations. Use in unused scripted triggers and effects also does not count
[10:41:01][jomini_effect.cpp:1145] [original line 2562] Variable 'asoiaf_canon_children_Karstark_4_born_variable' is set but is never used. Note that use in localization doesn't count due to technical limitations. Use in unused scripted triggers and effects also does not count
[10:41:01][jomini_effect.cpp:1145] [original line 2563] Variable 'asoiaf_canon_children_Stark_84_born_variable' is set but is never used. Note that use in localization doesn't count due to technical limitations. Use in unused scripted triggers and effects also does not count
[10:41:01][jomini_effect.cpp:1145] [original line 2564] Variable 'dark_sister_artifact' is set but is never used. Note that use in localization doesn't count due to technical limitations. Use in unused scripted triggers and effects also does not count
[10:41:01][jomini_effect.cpp:1145] [original line 2565] Variable 'seafoam_artifact' is set but is never used. Note that use in localization doesn't count due to technical limitations. Use in unused scripted triggers and effects also does not count
[10:41:01][jomini_effect.cpp:1145] [original line 2566] Variable 'asoiaf_canon_children_Targaryen_95_born_variable' is set but is never used. Note that use in localization doesn't count due to technical limitations. Use in unused scripted triggers and effects also does not count
[10:41:01][jomini_effect.cpp:1145] [original line 2567] Variable 'asoiaf_canon_children_Stark_1_born_variable' is set but is never used. Note that use in localization doesn't count due to technical limitations. Use in unused scripted triggers and effects also does not count
[10:41:01][jomini_effect.cpp:1145] [original line 2568] Variable 'agot_faegon_jae_birth_year' is set but is never used. Note that use in localization doesn't count due to technical limitations. Use in unused scripted triggers and effects also does not count
[10:41:01][jomini_effect.cpp:1145] [original line 2569] Variable 'color' is set but is never used. Note that use in localization doesn't count due to technical limitations. Use in unused scripted triggers and effects also does not count
[10:41:01][jomini_effect.cpp:1145] [original line 2570] Variable 'asoiaf_canon_children_Tyrell_4_born_variable' is set but is never used. Note that use in localization doesn't count due to technical limitations. Use in unused scripted triggers and effects also does not count
[10:41:01][jomini_effect.cpp:1145] [original line 2571] Variable 'asoiaf_is_krakenfall' is set but is never used. Note that use in localization doesn't count due to technical limitations. Use in unused scripted triggers and effects also does not count
[10:41:01][jomini_effect.cpp:1145] [original line 2572] Variable 'asoiaf_canon_children_Dayne_1_born_variable' is set but is never used. Note that use in localization doesn't count due to technical limitations. Use in unused scripted triggers and effects also does not count
[10:41:01][jomini_effect.cpp:1145] [original line 2573] Variable 'pincer_artifact' is set but is never used. Note that use in localization doesn't count due to technical limitations. Use in unused scripted triggers and effects also does not count
[10:41:01][jomini_effect.cpp:1145] [original line 2574] Variable 'asoiaf_canon_children_Strong_29_born_variable' is set but is never used. Note that use in localization doesn't count due to technical limitations. Use in unused scripted triggers and effects also does not count
[10:41:01][jomini_effect.cpp:1145] [original line 2575] Variable 'asoiaf_is_needle' is set but is never used. Note that use in localization doesn't count due to technical limitations. Use in unused scripted triggers and effects also does not count
[10:41:01][jomini_effect.cpp:1145] [original line 2576] Variable 'asoiaf_canon_children_Targaryen_27_born_variable' is set but is never used. Note that use in localization doesn't count due to technical limitations. Use in unused scripted triggers and effects also does not count
[10:41:01][jomini_effect.cpp:1145] [original line 2577] Variable 'asoiaf_canon_children_Baelish_2_born_variable' is set but is never used. Note that use in localization doesn't count due to technical limitations. Use in unused scripted triggers and effects also does not count
[10:41:01][jomini_effect.cpp:1161] [original line 2578] Event target 'asoiaf_targaryen_invasion_claimant' is used but is never set. Setting it in an unused scripted trigger or effect does not count
[10:41:01][history.cpp:644] [original line 2579] Referencing non-existent character in script link character:Gardener_75
[10:41:01][history.cpp:644] [original line 2580] Referencing non-existent character in script link character:Gardener_75
[10:41:01][history.cpp:644] [original line 2581] Referencing non-existent character in script link character:Dormund_1
[10:41:01][history.cpp:644] [original line 2582] Referencing non-existent character in script link character:Dormund_1
[10:41:01][history.cpp:644] [original line 2583] Referencing non-existent character in script link character:Broome_rs_54
[10:41:01][history.cpp:644] [original line 2584] Referencing non-existent character in script link character:Dormund_1
[10:41:01][history.cpp:644] [original line 2585] Referencing non-existent character in script link character:Dormund_1
[10:41:01][history.cpp:644] [original line 2586] Referencing non-existent character in script link character:Hotah_rs_2
[10:41:01][history.cpp:644] [original line 2587] Referencing non-existent character in script link character:Hotah_rs_2
[10:41:01][history.cpp:644] [original line 2588] Referencing non-existent character in script link character:asoiaf_Targaryen_61_1
[10:41:01][history.cpp:644] [original line 2589] Referencing non-existent character in script link character:asoiaf_Targaryen_61_1
[10:41:01][history.cpp:644] [original line 2590] Referencing non-existent character in script link character:Targaryen_61_1
[10:41:01][history.cpp:644] [original line 2591] Referencing non-existent character in script link character:Targaryen_61_1
[10:41:01][history.cpp:644] [original line 2592] Referencing non-existent character in script link character:Targaryen_61_1
[10:41:01][history.cpp:644] [original line 2593] Referencing non-existent character in script link character:Targaryen_61_1