[03:45:44][dlc_descriptor.cpp:70] [original line 1] Invalid supported_version in file: mod/ugc_2261468688.mod line: 6
[03:47:45][virtualfilesystem.cpp:456] [original line 1255] Could not find texture due to 'VFSOpen Error: gfx/models/buildings/special/castamere/building_backup_atlas_properties.dds not found'
[03:47:45][virtualfilesystem.cpp:456] [original line 1257] Could not find texture due to 'VFSOpen Error: gfx/models/buildings/special/castamere/building_backup_atlas_normal.dds not found'
[03:47:45][virtualfilesystem.cpp:456] [original line 1260] Could not find texture due to 'VFSOpen Error: gfx/models/buildings/special/castamere/building_backup_atlas_properties.dds not found'
[03:47:45][virtualfilesystem.cpp:456] [original line 1262] Could not find texture due to 'VFSOpen Error: gfx/models/buildings/special/castamere/building_backup_atlas_normal.dds not found'
[03:47:46][virtualfilesystem.cpp:456] [original line 1272] Could not find texture due to 'VFSOpen Error: gfx/models/buildings/special/castamere/building_backup_atlas_properties.dds not found'
[03:47:46][virtualfilesystem.cpp:456] [original line 1274] Could not find texture due to 'VFSOpen Error: gfx/models/buildings/special/castamere/building_backup_atlas_normal.dds not found'
[03:47:46][virtualfilesystem.cpp:456] [original line 1277] Could not find texture due to 'VFSOpen Error: gfx/models/buildings/special/castamere/building_backup_atlas_properties.dds not found'
[03:47:46][virtualfilesystem.cpp:456] [original line 1279] Could not find texture due to 'VFSOpen Error: gfx/models/buildings/special/castamere/building_backup_atlas_normal.dds not found'
[03:47:49][virtualfilesystem.cpp:456] [original line 1331] Could not find texture due to 'VFSOpen Error: gfx/models/buildings/special/castamere/building_backup_atlas_properties.dds not found'
[03:47:49][virtualfilesystem.cpp:456] [original line 1333] Could not find texture due to 'VFSOpen Error: gfx/models/buildings/special/castamere/building_backup_atlas_normal.dds not found'
[03:47:49][virtualfilesystem.cpp:456] [original line 1336] Could not find texture due to 'VFSOpen Error: gfx/models/buildings/special/castamere/building_backup_atlas_properties.dds not found'
[03:47:49][virtualfilesystem.cpp:456] [original line 1338] Could not find texture due to 'VFSOpen Error: gfx/models/buildings/special/castamere/building_backup_atlas_normal.dds not found'
[03:47:49][virtualfilesystem.cpp:456] [original line 1341] Could not find texture due to 'VFSOpen Error: gfx/models/buildings/special/castamere/building_backup_atlas_properties.dds not found'
[03:47:49][virtualfilesystem.cpp:456] [original line 1343] Could not find texture due to 'VFSOpen Error: gfx/models/buildings/special/castamere/building_backup_atlas_normal.dds not found'
[03:48:15][pdx_persistent_reader.cpp:216] [original line 9753] Error: "Unexpected token: decision_has_second_step, near line: 112
Unexpected token: decision_custom_widget_container, near line: 113" in file: "common/decisions/asoiaf_house_branch_decisions.txt" near line: 118
[03:48:15][pdx_persistent_reader.cpp:216] [original line 9755] Error: "Unexpected token: decision_has_second_step, near line: 481
Unexpected token: decision_custom_widget_container, near line: 482" in file: "common/decisions/asoiaf_house_branch_decisions.txt" near line: 487
[03:48:15][decision_type.cpp:224] [original line 9757] asoiaf_greyjoy_cadets_decision has 'ai_check_interval'/'ai_check_interval_by_tier' that's negative or unset. Setting to 0 instead
[03:48:15][pdx_persistent_reader.cpp:216] [original line 9758] Error: "Unexpected token: decision_has_second_step, near line: 586
Unexpected token: decision_custom_widget_container, near line: 587" in file: "common/decisions/asoiaf_house_branch_decisions.txt" near line: 592
[03:48:15][decision_type.cpp:224] [original line 9760] asoiaf_baelish_cadets_decision has 'ai_check_interval'/'ai_check_interval_by_tier' that's negative or unset. Setting to 0 instead
[03:48:15][pdx_persistent_reader.cpp:216] [original line 9761] Error: "Unexpected token: decision_has_second_step, near line: 702
Unexpected token: decision_custom_widget_container, near line: 703" in file: "common/decisions/asoiaf_house_branch_decisions.txt" near line: 708
[03:48:15][decision_type.cpp:224] [original line 9763] asoiaf_harlaw_cadets_decision has 'ai_check_interval'/'ai_check_interval_by_tier' that's negative or unset. Setting to 0 instead
[03:48:15][decision_type.cpp:224] [original line 9764] asoiaf_jon_targ_cadet_branch_decision has 'ai_check_interval'/'ai_check_interval_by_tier' that's negative or unset. Setting to 0 instead
[03:48:15][decision_type.cpp:224] [original line 9765] asoiaf_aegon_II_greens_cadet_branch_decision has 'ai_check_interval'/'ai_check_interval_by_tier' that's negative or unset. Setting to 0 instead
[03:48:15][jomini_dynamicdescription.cpp:66] [original line 9766] Unrecognized loc key show_notifications_decision_tooltip. show_notifications_decision
[03:48:15][decision_type.cpp:224] [original line 9767] show_notifications_decision has 'ai_check_interval'/'ai_check_interval_by_tier' that's negative or unset. Setting to 0 instead
[03:48:15][pdx_persistent_reader.cpp:216] [original line 9903] Error: "Unknown trigger: portrait_wear_lannister_armour_torso_courtiers, near line: 11965" in file: "gfx/portraits/portrait_modifiers/asoiaf_character_custom_flags.txt" near line: 11965
[03:48:15][pdx_persistent_reader.cpp:216] [original line 9943] Error: "Unexpected token: accesory, near line: 17857" in file: "gfx/portraits/portrait_modifiers/asoiaf_character_custom_flags.txt" near line: 17857
[03:48:15][jomini_scriptvalue.h:459] [original line 9945] Cannot use GetMinValue without a value set
[03:48:15][jomini_eventtarget.cpp:692] [original line 9949] Failed to find a valid event target link 'has_religion' at file: gfx/portraits/portrait_modifiers/asoiaf_clothes.txt line: 1092 (asoiaf_drowned_man_clothes_modifiers:weight)
[03:48:15][pdx_persistent_reader.cpp:216] [original line 9950] Error: "Unknown trigger: liege.has_religion, near line: 1092" in file: "gfx/portraits/portrait_modifiers/asoiaf_clothes.txt" near line: 1093
[03:48:15][jomini_eventtarget.cpp:692] [original line 9951] Failed to find a valid event target link 'has_religion' at file: gfx/portraits/portrait_modifiers/asoiaf_clothes.txt line: 1176 (asoiaf_drowned_man_clothes_modifiers:weight)
[03:48:15][pdx_persistent_reader.cpp:216] [original line 9952] Error: "Unknown trigger: liege.has_religion, near line: 1176" in file: "gfx/portraits/portrait_modifiers/asoiaf_clothes.txt" near line: 1181
[03:48:15][pdx_persistent_reader.cpp:216] [original line 9962] Error: "Unknown trigger: is_character_baratheon_3, near line: 81" in file: "gfx/portraits/portrait_modifiers/asoiaf_headgear_crowns.txt" near line: 83
[03:48:15][pdx_persistent_reader.cpp:216] [original line 9963] Error: "Unknown trigger: is_character_baratheon_3, near line: 165" in file: "gfx/portraits/portrait_modifiers/asoiaf_headgear_crowns.txt" near line: 167
[03:48:15][pdx_persistent_reader.cpp:216] [original line 9964] Error: "Unknown trigger: is_character_baratheon_4, near line: 264" in file: "gfx/portraits/portrait_modifiers/asoiaf_headgear_crowns.txt" near line: 269
[03:48:15][pdx_persistent_reader.cpp:216] [original line 9965] Error: "Unknown trigger: is_character_baratheon_4, near line: 330" in file: "gfx/portraits/portrait_modifiers/asoiaf_headgear_crowns.txt" near line: 335
[03:48:15][pdx_persistent_reader.cpp:216] [original line 9966] Error: "Unknown trigger: is_character_baratheon_5, near line: 645
Unknown trigger: is_character_baratheon_6, near line: 646
Unknown trigger: is_character_baratheon_7, near line: 647" in file: "gfx/portraits/portrait_modifiers/asoiaf_headgear_crowns.txt" near line: 651
[03:48:15][pdx_persistent_reader.cpp:216] [original line 9969] Error: "Unknown trigger: is_character_baratheon_5, near line: 694
Unknown trigger: is_character_baratheon_6, near line: 695
Unknown trigger: is_character_baratheon_7, near line: 696" in file: "gfx/portraits/portrait_modifiers/asoiaf_headgear_crowns.txt" near line: 700
[03:48:16][pdx_persistent_reader.cpp:216] [original line 9994] Error: "Unknown trigger: asoiaf_canon_children_Targaryen_101_trigger, near line: 737" in file: "events/asoiaf_canon_children_events/asoiaf_canon_children_targaryen_events.txt" near line: 738
[03:48:16][pdx_persistent_reader.cpp:216] [original line 9995] Error: "Unknown effect: asoiaf_canon_children_Targaryen_101_birth_effect, near line: 741" in file: "events/asoiaf_canon_children_events/asoiaf_canon_children_targaryen_events.txt" near line: 742
[03:48:16][pdx_persistent_reader.cpp:216] [original line 9996] Error: "Unknown effect: asoiaf_canon_children_Targaryen_100_birth_effect, near line: 749" in file: "events/asoiaf_canon_children_events/asoiaf_canon_children_targaryen_events.txt" near line: 750
[03:48:16][pdx_persistent_reader.cpp:216] [original line 9997] Error: "Unknown effect: asoiaf_canon_children_Targaryen_99_birth_effect, near line: 757" in file: "events/asoiaf_canon_children_events/asoiaf_canon_children_targaryen_events.txt" near line: 758
[03:48:16][pdx_persistent_reader.cpp:216] [original line 9998] Error: "Unknown effect: asoiaf_canon_children_Targaryen_98_birth_effect, near line: 765" in file: "events/asoiaf_canon_children_events/asoiaf_canon_children_targaryen_events.txt" near line: 766
[03:48:16][pdx_persistent_reader.cpp:216] [original line 9999] Error: "Unknown trigger: asoiaf_canon_children_Targaryen_104_trigger, near line: 777" in file: "events/asoiaf_canon_children_events/asoiaf_canon_children_targaryen_events.txt" near line: 778
[03:48:16][pdx_persistent_reader.cpp:216] [original line 10000] Error: "Unknown effect: asoiaf_canon_children_Targaryen_104_birth_effect, near line: 781" in file: "events/asoiaf_canon_children_events/asoiaf_canon_children_targaryen_events.txt" near line: 782
[03:48:16][pdx_persistent_reader.cpp:216] [original line 10001] Error: "Unknown trigger: asoiaf_canon_children_Targaryen_103_trigger, near line: 785" in file: "events/asoiaf_canon_children_events/asoiaf_canon_children_targaryen_events.txt" near line: 786
[03:48:16][pdx_persistent_reader.cpp:216] [original line 10002] Error: "Unknown effect: asoiaf_canon_children_Targaryen_103_birth_effect, near line: 789" in file: "events/asoiaf_canon_children_events/asoiaf_canon_children_targaryen_events.txt" near line: 790
[03:48:16][pdx_persistent_reader.cpp:216] [original line 10003] Error: "Unknown trigger: asoiaf_canon_children_Targaryen_102_trigger, near line: 793" in file: "events/asoiaf_canon_children_events/asoiaf_canon_children_targaryen_events.txt" near line: 794
[03:48:16][pdx_persistent_reader.cpp:216] [original line 10004] Error: "Unknown effect: asoiaf_canon_children_Targaryen_102_birth_effect, near line: 797" in file: "events/asoiaf_canon_children_events/asoiaf_canon_children_targaryen_events.txt" near line: 798
[03:48:16][character_currency_effects_impl.cpp:227] [original line 10015] Negative value in remove_short_term_gold: -450. file: events/decisions_events/buy_ruby_crown_events.txt line: 54 (buy_ruby_crown.0999:immediate)
[03:48:16][pdx_persistent_reader.cpp:216] [original line 10017] Error: "Unknown effect: asoiaf_mega_war_effect, near line: 8" in file: "events/asoiaf_mega_war_events.txt" near line: 9
[03:48:16][pdx_persistent_reader.cpp:216] [original line 10033] Error: "Unknown trigger: is_busy_in_events_localised, near line: 150 (expanded from file: common/character_interactions/asoiaf_character_interactions.txt line: 151)" in file: "common/character_interactions/asoiaf_character_interactions.txt" near line: 157
[03:48:17][jomini_eventmanager.cpp:428] [original line 10034] Duplicated event ID 'agot_activity_commission_crown.0001' found. New Location: 'file: events/activities/agot_coronation_activity/agot_activity_events_crown_commission.txt line: 3 (agot_activity_commission_crown.0001)', Previous Location: 'file: events/activities/agot_coronation_activity/agot_activity_events_crown_commission.txt line: 3 (agot_activity_commission_crown.0001)'
[03:48:17][pdx_persistent_reader.cpp:216] [original line 10035] Error: "Unknown trigger: defender, near line: 89" in file: "common/on_action/asoiaf_army_on_actions.txt" near line: 90
[03:48:17][pdx_persistent_reader.cpp:216] [original line 10036] Error: "Unknown trigger: defender, near line: 226" in file: "common/on_action/asoiaf_army_on_actions.txt" near line: 227
[03:48:17][pdx_persistent_reader.cpp:216] [original line 10046] Error: "Unknown trigger: asoiaf_canon_children_Targaryen_101_trigger, near line: 613" in file: "common/on_action/asoiaf_pregnancy_childbirth_on_actions.txt" near line: 614
[03:48:17][pdx_persistent_reader.cpp:216] [original line 10047] Error: "Unknown trigger: asoiaf_canon_children_Targaryen_102_trigger, near line: 625
Unknown trigger: asoiaf_canon_children_Targaryen_103_trigger, near line: 626
Unknown trigger: asoiaf_canon_children_Targaryen_104_trigger, near line: 627" in file: "common/on_action/asoiaf_pregnancy_childbirth_on_actions.txt" near line: 628
[03:48:18][jomini_onaction.cpp:153] [original line 10052] There is more than one '_pTrigger' defined:file: common/on_action/agot_on_actions/test_title_on_actions.txt line: 179 (agot_on_title_inheritance_lannister_baratheon_coa)
[03:48:18][jomini_onaction.cpp:161] [original line 10053] There is more than one 'effect' defined using most recent:file: common/on_action/agot_on_actions/test_title_on_actions.txt line: 190 (agot_on_title_inheritance_lannister_baratheon_coa)
[03:48:18][pdx_persistent_reader.cpp:216] [original line 10054] Error: "Unknown effect: start_diarchy, near line: 233" in file: "common/on_action/agot_on_actions/test_title_on_actions.txt" near line: 235
[03:48:18][pdx_persistent_reader.cpp:216] [original line 10055] Error: "Unknown effect: asoiaf_destroy_crownlands_title_effect, near line: 449" in file: "common/on_action/agot_on_actions/test_title_on_actions.txt" near line: 450
[03:48:19][pdx_persistent_reader.cpp:216] [original line 10056] Error: "Unexpected token: rhoynish_religion_opinion, near line: 1760" in file: "common/buildings/yy_agotcities_special_buildings_westeros.txt" near line: 1760
[03:48:19][pdx_persistent_reader.cpp:216] [original line 10057] Error: "Unexpected token: rhoynish_religion_opinion, near line: 1767" in file: "common/buildings/yy_agotcities_special_buildings_westeros.txt" near line: 1767
[03:48:19][pdx_persistent_reader.cpp:216] [original line 10058] Error: "Unknown trigger: holding, near line: 2364" in file: "common/buildings/yy_agotcities_special_buildings_westeros.txt" near line: 2369
[03:48:19][pdx_persistent_reader.cpp:216] [original line 10059] Error: "Unexpected token: confucian_education_xp_gain_mult, near line: 4047" in file: "common/modifiers/DI_modifiers.txt" near line: 4047
[03:48:20][pdx_persistent_reader.cpp:216] [original line 10060] Error: "Unexpected token: valeman_opinion, near line: 447" in file: "common/modifiers/ntc_artifact_modifiers.txt" near line: 447
[03:48:20][pdx_persistent_reader.cpp:216] [original line 10061] Error: "Unexpected token: valeman_opinion, near line: 456" in file: "common/modifiers/ntc_artifact_modifiers.txt" near line: 456
[03:48:20][pdx_persistent_reader.cpp:216] [original line 10062] Error: "Unexpected token: valeman_opinion, near line: 605" in file: "common/modifiers/ntc_artifact_modifiers.txt" near line: 605
[03:48:22][jomini_script_argument.cpp:227] [original line 10063] Compiling source for agot_create_artifact_aegon_i_crown_effect failed for missing arguments: CREATOR. At file: common/scripted_effects/00_agot_artifact_crowns_effects.txt line: 78 (agot_create_artifact_aegon_i_crown_effect)
[03:48:22][jomini_script_argument.cpp:227] [original line 10064] Compiling source for agot_create_artifact_aenys_crown_effect failed for missing arguments: CREATOR. At file: common/scripted_effects/00_agot_artifact_crowns_effects.txt line: 228 (agot_create_artifact_aenys_crown_effect)
[03:48:22][jomini_script_argument.cpp:227] [original line 10065] Compiling source for agot_create_artifact_jaehaerys_crown_effect failed for missing arguments: CREATOR. At file: common/scripted_effects/00_agot_artifact_crowns_effects.txt line: 314 (agot_create_artifact_jaehaerys_crown_effect)
[03:48:22][jomini_script_argument.cpp:227] [original line 10066] Compiling source for agot_create_artifact_aegon_iii_crown_effect failed for missing arguments: CREATOR. At file: common/scripted_effects/00_agot_artifact_crowns_effects.txt line: 434 (agot_create_artifact_aegon_iii_crown_effect)
[03:48:22][jomini_script_argument.cpp:227] [original line 10067] Compiling source for agot_create_artifact_baelors_crown_effect failed for missing arguments: CREATOR. At file: common/scripted_effects/00_agot_artifact_crowns_effects.txt line: 498 (agot_create_artifact_baelors_crown_effect)
[03:48:22][jomini_script_argument.cpp:227] [original line 10068] Compiling source for agot_create_artifact_aegon_iv_crown_effect failed for missing arguments: CREATOR. At file: common/scripted_effects/00_agot_artifact_crowns_effects.txt line: 594 (agot_create_artifact_aegon_iv_crown_effect)
[03:48:22][jomini_script_argument.cpp:227] [original line 10069] Compiling source for agot_create_artifact_maekars_crown_effect failed for missing arguments: CREATOR. At file: common/scripted_effects/00_agot_artifact_crowns_effects.txt line: 672 (agot_create_artifact_maekars_crown_effect)
[03:48:22][jomini_script_argument.cpp:227] [original line 10070] Compiling source for agot_create_artifact_visenya_circlet_effect failed for missing arguments: CREATOR. At file: common/scripted_effects/00_agot_artifact_crowns_effects.txt line: 837 (agot_create_artifact_visenya_circlet_effect)
[03:48:22][pdx_locstring.cpp:93] [original line 10071] Key is missing localization: test_crush_desc
[03:48:22][pdx_locstring.cpp:93] [original line 10072] Key is missing localization: test_crush_desc
[03:48:22][pdx_locstring.cpp:93] [original line 10073] Key is missing localization: test_crush_desc
[03:48:22][pdx_locstring.cpp:93] [original line 10074] Key is missing localization: test_crush_desc
[03:48:22][pdx_locstring.cpp:93] [original line 10075] Key is missing localization: test_crush_desc
[03:48:22][pdx_locstring.cpp:93] [original line 10076] Key is missing localization: test_crush_desc
[03:48:22][pdx_persistent_reader.cpp:216] [original line 10077] Error: "Unknown effect: agot_8299_4_1_acok_scenario_setup, near line: 89" in file: "common/scripted_effects/00_agot_scenario_setup_effects.txt" near line: 90
[03:48:23][jomini_eventtarget.cpp:692] [original line 10078] Failed to find a valid event target link 'house_Blackfyre' at file: common/scripted_triggers/tgc_loaded_trigger.txt line: 127 (tgc_blackfyre_equipment_trigger)
[03:48:23][pdx_persistent_reader.cpp:216] [original line 10111] Error: "Failed to read key reference: 1453_end_date: 1453_end_date, near line: 3
Failed to read key reference: rhomaion_name_of_byzantium: rhomaion_name_of_byzantium, near line: 3
Failed to read key reference: default_mongol_invasion: default_mongol_invasion, near line: 3
Failed to read key reference: random_ruler_placement_off: random_ruler_placement_off, near line: 3
Failed to read key reference: launch_historical: launch_historical, near line: 3
Failed to read key reference: fp1_scandi_adventurers_apocalyptic: fp1_scandi_adventurers_apocalyptic, near line: 3
Failed to read key reference: dissolution_after_caliph_death: dissolution_after_caliph_death, near line: 3
Failed to read key reference: default_seljuk_invasion: default_seljuk_invasion, near line: 3
Failed to read key reference: situation_the_great_steppe_toggle_on: situation_the_great_steppe_toggle_on, near line: 3
Failed to read key reference: struggle_iberia_toggle_on: struggle_iberia_toggle_on, near line: 3
Failed to read key reference: struggle_persia_toggle_on: struggle_persia_toggle_on, near line: 3
Failed to read key reference: historicity_ruler_of_munster_historical_toirdelbach: historicity_ruler_of_munster_historical_toirdelbach, near line: 3
Failed to read key reference: historicity_norman_conquest_default_random: historicity_norman_conquest_default_random, near line: 3
Failed to read key reference: tibet_nomad_region_on: tibet_nomad_region_on, near line: 3
Failed to read key reference: sami_nomad_region_on: sami_nomad_region_on, near line: 3
Failed to read key reference: arabia_nomad_region_on: arabia_nomad_region_on, near line: 3
Failed to read key reference: sahel_nomad_region_on: sahel_nomad_region_on, near line: 3
Failed to read key reference: horn_of_africa_nomad_region_on: horn_of_africa_nomad_region_on, near line: 3
Failed to read key reference: historicity_extra_admin_egypt_gameplay_not_administrative: historicity_extra_admin_egypt_gameplay_not_administrative, near line: 3
Failed to read key reference: historicity_extra_admin_arabia_gameplay_not_administrative: historicity_extra_admin_arabia_gameplay_not_administrative, near line: 3
Failed to read key reference: historicity_extra_admin_ghana_gameplay_not_administrative: historicity_extra_admin_ghana_gameplay_not_administrative, near line: 3
Failed to read key reference: historicity_extra_admin_kabulistan_gameplay_not_administrative: historicity_extra_admin_kabulistan_gameplay_not_administrative, near line: 3
Failed to read key reference: historicity_extra_admin_persia_gameplay_not_administrative: historicity_extra_admin_persia_gameplay_not_administrative, near line: 3
Failed to read key reference: historicity_extra_admin_maghreb_gameplay_not_administrative: historicity_extra_admin_maghreb_gameplay_not_administrative, near line: 3
Failed to read key reference: historicity_extra_admin_tamilakam_gameplay_not_administrative: historicity_extra_admin_tamilakam_gameplay_not_administrative, near line: 3
Failed to read key reference: historicity_extra_admin_carolingians_gameplay_not_administrative: historicity_extra_admin_carolingians_gameplay_not_administrative, near line: 3
Failed to read key reference: historicity_extra_admin_player_wherever_gameplay_not_administrative: historicity_extra_admin_player_wherever_gameplay_not_administrative, near line: 3
Failed to read key reference: historicity_frankokratia_fourth_crusade: historicity_frankokratia_fourth_crusade, near line: 3
Failed to read key reference: silk_road_starting_innovations_preset: silk_road_starting_innovations_preset, near line: 3
Failed to read key reference: ACR_RE_tradition_slots_plus_95: ACR_RE_tradition_slots_plus_95, near line: 3
Failed to read key reference: ACR_RE_tradition_cost_free: ACR_RE_tradition_cost_free, near line: 3
Failed to read key reference: ACR_RE_tradition_cooldown_none: ACR_RE_tradition_cooldown_none, near line: 3
Failed to read key reference: ACR_RE_truce_duration_5: ACR_RE_truce_duration_5, near line: 3
Failed to read key reference: ACR_RE_truce_scope_player_primary: ACR_RE_truce_scope_player_primary, near line: 3
Failed to read key reference: ACR_RE_council_task_speed_1_month: ACR_RE_council_task_speed_1_month, near line: 3
Failed to read key reference: HM_RE_rule_player_free_functions_enabled: HM_RE_rule_player_free_functions_enabled, near line: 3
Failed to read key reference: HM_RE_rule_change_holding_type_cost_very_cheap: HM_RE_rule_change_holding_type_cost_very_cheap, near line: 3
Failed to read key reference: HM_RE_rule_change_holding_type_cooldown_very_short: HM_RE_rule_change_holding_type_cooldown_very_short, near line: 3
Failed to read key reference: HM_RE_rule_can_replace_buildings_vassals: HM_RE_rule_can_replace_buildings_vassals, near line: 3
Failed to read key reference: HM_RE_rule_can_feudalize_holdings_vassals: HM_RE_rule_can_feudalize_holdings_vassals, near line: 3
Failed to read key reference: HM_RE_value_construct_buildings_gold_cost_cap_very_cheap: HM_RE_value_construct_buildings_gold_cost_cap_very_cheap, near line: 3
Failed to read key reference: HM_RE_rule_player_extra_slots_enabled: HM_RE_rule_player_extra_slots_enabled, near line: 3
Failed to read key reference: HM_RE_rule_player_slot_base_cost_very_cheap: HM_RE_rule_player_slot_base_cost_very_cheap, near line: 3
Failed to read key reference: HM_RE_rule_player_slot_step_cost_very_cheap: HM_RE_rule_player_slot_step_cost_very_cheap, near line: 3
Failed to read key reference: HM_RE_rule_construction_time_cost_free: HM_RE_rule_construction_time_cost_free, near line: 3
Failed to read key reference: HM_RE_build_all_button_on: HM_RE_build_all_button_on, near line: 3
Failed to read key reference: HM_RE_upgrade_all_button_on: HM_RE_upgrade_all_button_on, near line: 3
Failed to read key reference: HM_RE_make_nomad_button_on: HM_RE_make_nomad_button_on, near line: 3
Failed to read key reference: HM_RE_make_temple_citadel_button_on: HM_RE_make_temple_citadel_button_on, near line: 3
Failed to read key reference: HM_RE_player_add_slots_decision_on: HM_RE_player_add_slots_decision_on, near line: 3
Failed to read key reference: HM_RE_player_add_slots_decision_base_cost_very_cheap: HM_RE_player_add_slots_decision_base_cost_very_cheap, near line: 3
Failed to read key reference: HM_RE_player_cost_gold: HM_RE_player_cost_gold, near line: 3
Failed to read key reference: HM_RE_rule_ai_extra_slots_disabled: HM_RE_rule_ai_extra_slots_disabled, near line: 3
Failed to read key reference: HM_RE_rule_ai_slot_base_cost_very_expensive: HM_RE_rule_ai_slot_base_cost_very_expensive, near line: 3
Failed to read key reference: HM_RE_rule_ai_slot_step_cost_very_expensive: HM_RE_rule_ai_slot_step_cost_very_expensive, near line: 3" in file: "" near line: 3
[03:48:23][pdx_persistent_reader.cpp:216] [original line 10166] Error: "Failed to read key reference: 1453_end_date: 1453_end_date, near line: 8
Failed to read key reference: rhomaion_name_of_byzantium: rhomaion_name_of_byzantium, near line: 8
Failed to read key reference: default_mongol_invasion: default_mongol_invasion, near line: 8
Failed to read key reference: random_ruler_placement_off: random_ruler_placement_off, near line: 8
Failed to read key reference: launch_historical: launch_historical, near line: 8
Failed to read key reference: fp1_scandi_adventurers_apocalyptic: fp1_scandi_adventurers_apocalyptic, near line: 8
Failed to read key reference: dissolution_after_caliph_death: dissolution_after_caliph_death, near line: 8
Failed to read key reference: default_seljuk_invasion: default_seljuk_invasion, near line: 8
Failed to read key reference: situation_the_great_steppe_toggle_on: situation_the_great_steppe_toggle_on, near line: 8
Failed to read key reference: struggle_iberia_toggle_on: struggle_iberia_toggle_on, near line: 8
Failed to read key reference: struggle_persia_toggle_on: struggle_persia_toggle_on, near line: 8
Failed to read key reference: historicity_ruler_of_munster_historical_toirdelbach: historicity_ruler_of_munster_historical_toirdelbach, near line: 8
Failed to read key reference: historicity_norman_conquest_default_random: historicity_norman_conquest_default_random, near line: 8
Failed to read key reference: tibet_nomad_region_on: tibet_nomad_region_on, near line: 8
Failed to read key reference: sami_nomad_region_on: sami_nomad_region_on, near line: 8
Failed to read key reference: arabia_nomad_region_on: arabia_nomad_region_on, near line: 8
Failed to read key reference: sahel_nomad_region_on: sahel_nomad_region_on, near line: 8
Failed to read key reference: horn_of_africa_nomad_region_on: horn_of_africa_nomad_region_on, near line: 8
Failed to read key reference: historicity_extra_admin_egypt_gameplay_not_administrative: historicity_extra_admin_egypt_gameplay_not_administrative, near line: 8
Failed to read key reference: historicity_extra_admin_arabia_gameplay_not_administrative: historicity_extra_admin_arabia_gameplay_not_administrative, near line: 8
Failed to read key reference: historicity_extra_admin_ghana_gameplay_not_administrative: historicity_extra_admin_ghana_gameplay_not_administrative, near line: 8
Failed to read key reference: historicity_extra_admin_kabulistan_gameplay_not_administrative: historicity_extra_admin_kabulistan_gameplay_not_administrative, near line: 8
Failed to read key reference: historicity_extra_admin_persia_gameplay_not_administrative: historicity_extra_admin_persia_gameplay_not_administrative, near line: 8
Failed to read key reference: historicity_extra_admin_maghreb_gameplay_not_administrative: historicity_extra_admin_maghreb_gameplay_not_administrative, near line: 8
Failed to read key reference: historicity_extra_admin_tamilakam_gameplay_not_administrative: historicity_extra_admin_tamilakam_gameplay_not_administrative, near line: 8
Failed to read key reference: historicity_extra_admin_carolingians_gameplay_not_administrative: historicity_extra_admin_carolingians_gameplay_not_administrative, near line: 8
Failed to read key reference: historicity_extra_admin_player_wherever_gameplay_not_administrative: historicity_extra_admin_player_wherever_gameplay_not_administrative, near line: 8
Failed to read key reference: historicity_frankokratia_fourth_crusade: historicity_frankokratia_fourth_crusade, near line: 8
Failed to read key reference: silk_road_starting_innovations_preset: silk_road_starting_innovations_preset, near line: 8
Failed to read key reference: ACR_RE_tradition_slots_plus_95: ACR_RE_tradition_slots_plus_95, near line: 8
Failed to read key reference: ACR_RE_tradition_cost_free: ACR_RE_tradition_cost_free, near line: 8
Failed to read key reference: ACR_RE_tradition_cooldown_none: ACR_RE_tradition_cooldown_none, near line: 8
Failed to read key reference: ACR_RE_truce_duration_5: ACR_RE_truce_duration_5, near line: 8
Failed to read key reference: ACR_RE_truce_scope_player_primary: ACR_RE_truce_scope_player_primary, near line: 8
Failed to read key reference: ACR_RE_council_task_speed_1_month: ACR_RE_council_task_speed_1_month, near line: 8
Failed to read key reference: HM_RE_rule_player_free_functions_enabled: HM_RE_rule_player_free_functions_enabled, near line: 8
Failed to read key reference: HM_RE_rule_change_holding_type_cost_very_cheap: HM_RE_rule_change_holding_type_cost_very_cheap, near line: 8
Failed to read key reference: HM_RE_rule_change_holding_type_cooldown_very_short: HM_RE_rule_change_holding_type_cooldown_very_short, near line: 8
Failed to read key reference: HM_RE_rule_can_replace_buildings_vassals: HM_RE_rule_can_replace_buildings_vassals, near line: 8
Failed to read key reference: HM_RE_rule_can_feudalize_holdings_vassals: HM_RE_rule_can_feudalize_holdings_vassals, near line: 8
Failed to read key reference: HM_RE_value_construct_buildings_gold_cost_cap_very_cheap: HM_RE_value_construct_buildings_gold_cost_cap_very_cheap, near line: 8
Failed to read key reference: HM_RE_rule_player_extra_slots_enabled: HM_RE_rule_player_extra_slots_enabled, near line: 8
Failed to read key reference: HM_RE_rule_player_slot_base_cost_very_cheap: HM_RE_rule_player_slot_base_cost_very_cheap, near line: 8
Failed to read key reference: HM_RE_rule_player_slot_step_cost_very_cheap: HM_RE_rule_player_slot_step_cost_very_cheap, near line: 8
Failed to read key reference: HM_RE_rule_construction_time_cost_free: HM_RE_rule_construction_time_cost_free, near line: 8
Failed to read key reference: HM_RE_build_all_button_on: HM_RE_build_all_button_on, near line: 8
Failed to read key reference: HM_RE_upgrade_all_button_on: HM_RE_upgrade_all_button_on, near line: 8
Failed to read key reference: HM_RE_make_nomad_button_on: HM_RE_make_nomad_button_on, near line: 8
Failed to read key reference: HM_RE_make_temple_citadel_button_on: HM_RE_make_temple_citadel_button_on, near line: 8
Failed to read key reference: HM_RE_player_add_slots_decision_on: HM_RE_player_add_slots_decision_on, near line: 8
Failed to read key reference: HM_RE_player_add_slots_decision_base_cost_very_cheap: HM_RE_player_add_slots_decision_base_cost_very_cheap, near line: 8
Failed to read key reference: HM_RE_player_cost_gold: HM_RE_player_cost_gold, near line: 8
Failed to read key reference: HM_RE_rule_ai_extra_slots_disabled: HM_RE_rule_ai_extra_slots_disabled, near line: 8
Failed to read key reference: HM_RE_rule_ai_slot_base_cost_very_expensive: HM_RE_rule_ai_slot_base_cost_very_expensive, near line: 8
Failed to read key reference: HM_RE_rule_ai_slot_step_cost_very_expensive: HM_RE_rule_ai_slot_step_cost_very_expensive, near line: 8" in file: "" near line: 8
[03:48:24][opinion_modifier.cpp:83] [original line 10233] Modifier 'funded_my_expedition' shouldn't have a duration and monthly_change at the same time!
[03:48:24][opinion_modifier.cpp:83] [original line 10234] Modifier 'sent_relative_to_valyria' shouldn't have a duration and monthly_change at the same time!
[03:48:24][artifact_feature.cpp:33] [original line 10235] Missing loc key 'feature_dragon_whip_black'
[03:48:24][artifact_feature.cpp:33] [original line 10236] Missing loc key 'feature_dragon_whip_silver'
[03:48:24][artifact_feature.cpp:33] [original line 10237] Missing loc key 'feature_dragon_whip_bronze'
[03:48:24][title_links.cpp:214] [original line 10239] Failed to fetch a valid landed title 'e_hre' at location 'file: common/scripted_guis/DI_char_editor_present_sgui.txt line: 1589 (DI_ce_female_dominated:effect)'
[03:48:24][title_links.cpp:214] [original line 10240] Failed to fetch a valid landed title 'e_hre' at location 'file: common/character_interactions/DI_character_interaction.txt line: 4622 (DI_change_succession:on_accept)'
[03:48:24][title_links.cpp:214] [original line 10241] Failed to fetch a valid landed title 'e_hre' at location 'file: common/character_interactions/DI_character_interaction.txt line: 4624 (DI_change_succession:on_accept)'
[03:48:24][title_links.cpp:214] [original line 10242] Failed to fetch a valid landed title 'e_hre' at location 'file: common/character_interactions/DI_character_interaction.txt line: 4637 (DI_change_succession:on_accept)'
[03:48:24][title_links.cpp:214] [original line 10243] Failed to fetch a valid landed title 'e_hre' at location 'file: common/character_interactions/DI_character_interaction.txt line: 4639 (DI_change_succession:on_accept)'
[03:48:24][title_links.cpp:214] [original line 10244] Failed to fetch a valid landed title 'b_graced_castle' at location 'file: common/on_action/cowagot_province_on_actions.txt line: 242 (set_provinces_on_actions)'
[03:48:24][title_links.cpp:214] [original line 10245] Failed to fetch a valid landed title 'b_cheesemonger_manse' at location 'file: common/on_action/cowagot_province_on_actions.txt line: 246 (set_provinces_on_actions)'
[03:48:24][jomini_eventtarget.h:291] [original line 10246] Failed to find 'varangian' from database for link 'trait' at file: common/scripted_effects/DI_char_spawner_effects.txt line: 1232 (DI_akolouthos_traits_effect)
[03:48:24][jomini_eventmanager.cpp:119] [original line 10247] 'agot_cities.5000' does not have a valid namespace
[03:48:24][jomini_script_system.cpp:303] [original line 10248] Script system error!
  Error: trigger_event effect [ Event [agot_cities.5000] not found ]
  Script location: file: common/buildings/yy_agotcities_special_buildings_westeros.txt line: 1827 (planky_town_special:on_complete)
[03:48:24][jomini_eventmanager.cpp:119] [original line 10252] 'agot_cities.5000' does not have a valid namespace
[03:48:24][jomini_script_system.cpp:303] [original line 10253] Script system error!
  Error: trigger_event effect [ Event [agot_cities.5000] not found ]
  Script location: file: common/buildings/yy_agotcities_special_buildings_westeros.txt line: 1993 (agot_castamere_03:on_complete)
[03:48:24][jomini_eventmanager.cpp:119] [original line 10257] 'agot_cities.5000' does not have a valid namespace
[03:48:24][jomini_script_system.cpp:303] [original line 10258] Script system error!
  Error: trigger_event effect [ Event [agot_cities.5000] not found ]
  Script location: file: common/buildings/yy_agotcities_special_buildings_westeros.txt line: 2295 (24castamere_03:on_complete)
[03:48:24][jomini_script_system.cpp:303] [original line 10262] Script system error!
  Error: create_artifact effect [ Invalid artifact template 'vs_blackfyre_template' ]
  Script location: file: common/scripted_effects/00_agot_artifact_vs_sword_effects_override.txt line: 13 (agot_create_artifact_vs_blackfyre_effect[args#3618947653])
[03:48:24][jomini_script_system.cpp:303] [original line 10266] Script system error!
  Error: create_artifact effect [ Invalid artifact template 'vs_blackfyre_template' ]
  Script location: file: common/scripted_effects/00_agot_artifact_vs_sword_effects_override.txt line: 31 (agot_create_artifact_vs_blackfyre_effect[args#3618947653])
[03:48:24][jomini_script_system.cpp:303] [original line 10270] Script system error!
  Error: create_artifact effect [ Invalid artifact template 'vs_blackfyre_template' ]
  Script location: file: common/scripted_effects/00_agot_artifact_vs_sword_effects_override.txt line: 13 (agot_create_artifact_vs_blackfyre_effect[args#141906969])
[03:48:24][jomini_script_system.cpp:303] [original line 10274] Script system error!
  Error: create_artifact effect [ Invalid artifact template 'vs_blackfyre_template' ]
  Script location: file: common/scripted_effects/00_agot_artifact_vs_sword_effects_override.txt line: 31 (agot_create_artifact_vs_blackfyre_effect[args#141906969])
[03:48:24][jomini_script_system.cpp:303] [original line 10278] Script system error!
  Error: create_artifact effect [ Invalid artifact template 'vs_pincer_template' ]
  Script location: file: common/scripted_effects/00_agot_artifact_vs_sword_effects_override.txt line: 604 (agot_create_artifact_vs_pincer_effect[args#3618947653])
[03:48:24][jomini_script_system.cpp:303] [original line 10282] Script system error!
  Error: create_artifact effect [ Invalid artifact template 'vs_pincer_template' ]
  Script location: file: common/scripted_effects/00_agot_artifact_vs_sword_effects_override.txt line: 630 (agot_create_artifact_vs_pincer_effect[args#3618947653])
[03:48:24][jomini_script_system.cpp:303] [original line 10286] Script system error!
  Error: create_artifact effect [ Invalid artifact template 'vs_seafoam_template' ]
  Script location: file: common/scripted_effects/00_agot_artifact_vs_sword_effects_override.txt line: 455 (agot_create_artifact_vs_seafoam_effect[args#3618947653])
[03:48:24][jomini_script_system.cpp:303] [original line 10290] Script system error!
  Error: create_artifact effect [ Invalid artifact template 'vs_seafoam_template' ]
  Script location: file: common/scripted_effects/00_agot_artifact_vs_sword_effects_override.txt line: 475 (agot_create_artifact_vs_seafoam_effect[args#3618947653])
[03:48:24][jomini_script_system.cpp:303] [original line 10294] Script system error!
  Error: create_artifact effect [ Invalid static modifier 'artifact_personal_scheme_power_add_5_modifier' ]
  Script location: file: common/scripted_effects/00_lotd_artifact_creation_effects.txt line: 8 (create_artifact_subterfuge_effect[args#141906969])
[03:48:24][jomini_script_system.cpp:303] [original line 10298] Script system error!
  Error: create_artifact effect [ Invalid artifact template 'vs_blackfyre_template' ]
  Script location: file: common/scripted_effects/00_agot_artifact_vs_sword_effects_override.txt line: 13 (agot_create_artifact_vs_blackfyre_effect[args#979117111])
[03:48:24][jomini_script_system.cpp:303] [original line 10302] Script system error!
  Error: create_artifact effect [ Invalid artifact template 'vs_blackfyre_template' ]
  Script location: file: common/scripted_effects/00_agot_artifact_vs_sword_effects_override.txt line: 31 (agot_create_artifact_vs_blackfyre_effect[args#979117111])
[03:48:24][jomini_script_system.cpp:303] [original line 10306] Script system error!
  Error: create_artifact effect [ Invalid artifact template 'vs_pincer_template' ]
  Script location: file: common/scripted_effects/00_agot_artifact_vs_sword_effects_override.txt line: 604 (agot_create_artifact_vs_pincer_effect[args#979117111])
[03:48:24][jomini_script_system.cpp:303] [original line 10310] Script system error!
  Error: create_artifact effect [ Invalid artifact template 'vs_pincer_template' ]
  Script location: file: common/scripted_effects/00_agot_artifact_vs_sword_effects_override.txt line: 630 (agot_create_artifact_vs_pincer_effect[args#979117111])
[03:48:24][jomini_script_system.cpp:303] [original line 10314] Script system error!
  Error: create_artifact effect [ Invalid artifact template 'vs_seafoam_template' ]
  Script location: file: common/scripted_effects/00_agot_artifact_vs_sword_effects_override.txt line: 455 (agot_create_artifact_vs_seafoam_effect[args#979117111])
[03:48:24][jomini_script_system.cpp:303] [original line 10318] Script system error!
  Error: create_artifact effect [ Invalid artifact template 'vs_seafoam_template' ]
  Script location: file: common/scripted_effects/00_agot_artifact_vs_sword_effects_override.txt line: 475 (agot_create_artifact_vs_seafoam_effect[args#979117111])
[03:48:24][jomini_script_system.cpp:303] [original line 10322] Script system error!
  Error: create_artifact effect [ Invalid artifact template 'vs_seafoam_template' ]
  Script location: file: common/scripted_effects/00_agot_artifact_vs_sword_effects_override.txt line: 455 (agot_create_artifact_vs_seafoam_effect[args#2425720076])
[03:48:24][jomini_script_system.cpp:303] [original line 10326] Script system error!
  Error: create_artifact effect [ Invalid artifact template 'vs_seafoam_template' ]
  Script location: file: common/scripted_effects/00_agot_artifact_vs_sword_effects_override.txt line: 475 (agot_create_artifact_vs_seafoam_effect[args#2425720076])
[03:48:24][jomini_script_system.cpp:303] [original line 10330] Script system error!
  Error: create_artifact effect [ Invalid artifact template 'vs_pincer_template' ]
  Script location: file: common/scripted_effects/00_agot_artifact_vs_sword_effects_override.txt line: 604 (agot_create_artifact_vs_pincer_effect[args#2425720076])
[03:48:24][jomini_script_system.cpp:303] [original line 10334] Script system error!
  Error: create_artifact effect [ Invalid artifact template 'vs_pincer_template' ]
  Script location: file: common/scripted_effects/00_agot_artifact_vs_sword_effects_override.txt line: 630 (agot_create_artifact_vs_pincer_effect[args#2425720076])
[03:48:24][jomini_script_system.cpp:303] [original line 10338] Script system error!
  Error: create_artifact effect [ Invalid artifact template 'vs_blackfyre_template' ]
  Script location: file: common/scripted_effects/00_agot_artifact_vs_sword_effects_override.txt line: 13 (agot_create_artifact_vs_blackfyre_effect[args#2425720076])
[03:48:24][jomini_script_system.cpp:303] [original line 10342] Script system error!
  Error: create_artifact effect [ Invalid artifact template 'vs_blackfyre_template' ]
  Script location: file: common/scripted_effects/00_agot_artifact_vs_sword_effects_override.txt line: 31 (agot_create_artifact_vs_blackfyre_effect[args#2425720076])
[03:48:24][jomini_script_system.cpp:303] [original line 10346] Script system error!
  Error: set_culture_pillar effect [ Invalid database object 'language_agot_lhazaar' ]
  Script location: file: common/scripted_guis/DI_cultural_editor_pillars_sgui.txt line: 620 (DI_language_agot_lhazaar_sgui:effect)
[03:48:24][jomini_effect.cpp:139] [original line 10350] PostValidate of effect 'set_culture_pillar' returned false at file: common/scripted_guis/DI_cultural_editor_pillars_sgui.txt line: 620 (DI_language_agot_lhazaar_sgui:effect)
[03:48:24][jomini_script_system.cpp:303] [original line 10351] Script system error!
  Error: add_innovation effect [ target: Not found in database class CCultureInnovationTypeDatabase ]
  Script location: file: common/character_interactions/DI_character_interaction.txt line: 4616 (DI_change_succession:on_accept)
[03:48:24][jomini_effect.cpp:139] [original line 10355] PostValidate of effect 'add_innovation' returned false at file: common/character_interactions/DI_character_interaction.txt line: 4616 (DI_change_succession:on_accept)
[03:48:24][jomini_script_system.cpp:303] [original line 10356] Script system error!
  Error: add_innovation effect [ target: Not found in database class CCultureInnovationTypeDatabase ]
  Script location: file: common/character_interactions/DI_character_interaction.txt line: 4631 (DI_change_succession:on_accept)
[03:48:24][jomini_effect.cpp:139] [original line 10360] PostValidate of effect 'add_innovation' returned false at file: common/character_interactions/DI_character_interaction.txt line: 4631 (DI_change_succession:on_accept)
[03:48:24][jomini_script_system.cpp:303] [original line 10361] Script system error!
  Error: add_building effect [ Invalid database object 'common_trade_03' ]
  Script location: file: common/on_action/cowagot_province_on_actions.txt line: 174 (set_provinces_on_actions)
[03:48:24][jomini_effect.cpp:139] [original line 10365] PostValidate of effect 'add_building' returned false at file: common/on_action/cowagot_province_on_actions.txt line: 174 (set_provinces_on_actions)
[03:48:24][jomini_script_system.cpp:303] [original line 10366] Script system error!
  Error: remove_building effect [ Invalid database object 'ironwood_01' ]
  Script location: file: common/on_action/cowagot_province_on_actions.txt line: 214 (set_provinces_on_actions)
[03:48:24][jomini_effect.cpp:139] [original line 10370] PostValidate of effect 'remove_building' returned false at file: common/on_action/cowagot_province_on_actions.txt line: 214 (set_provinces_on_actions)
[03:48:24][jomini_script_system.cpp:303] [original line 10371] Script system error!
  Error: add_special_building_slot effect [ Invalid database object 'bearisland_01' ]
  Script location: file: common/on_action/cowagot_province_on_actions.txt line: 273 (set_provinces_on_actions)
[03:48:24][jomini_effect.cpp:139] [original line 10375] PostValidate of effect 'add_special_building_slot' returned false at file: common/on_action/cowagot_province_on_actions.txt line: 273 (set_provinces_on_actions)
[03:48:24][jomini_script_system.cpp:303] [original line 10376] Script system error!
  Error: add_special_building effect [ Invalid database object 'bearisland_01' ]
  Script location: file: common/on_action/cowagot_province_on_actions.txt line: 274 (set_provinces_on_actions)
[03:48:24][jomini_effect.cpp:139] [original line 10380] PostValidate of effect 'add_special_building' returned false at file: common/on_action/cowagot_province_on_actions.txt line: 274 (set_provinces_on_actions)
[03:48:24][jomini_script_system.cpp:303] [original line 10381] Script system error!
  Error: add_special_building_slot effect [ Invalid database object 'harlaw_mines_01' ]
  Script location: file: common/on_action/cowagot_province_on_actions.txt line: 335 (harlaw_building_check_on_actions)
[03:48:24][jomini_effect.cpp:139] [original line 10385] PostValidate of effect 'add_special_building_slot' returned false at file: common/on_action/cowagot_province_on_actions.txt line: 335 (harlaw_building_check_on_actions)
[03:48:24][jomini_script_system.cpp:303] [original line 10386] Script system error!
  Error: learn_language effect [ Invalid database object 'language_arabic' ]
  Script location: file: common/scripted_effects/DI_court_position_spawner_overrides.txt line: 14 (DI_court_position_post_spawn_effect[args#2101251318])
[03:48:24][jomini_effect.cpp:139] [original line 10390] PostValidate of effect 'learn_language' returned false at file: common/scripted_effects/DI_court_position_spawner_overrides.txt line: 14 (DI_court_position_post_spawn_effect[args#2101251318])
[03:48:24][jomini_script_system.cpp:303] [original line 10391] Script system error!
  Error: learn_language effect [ Invalid database object 'language_greek' ]
  Script location: file: common/scripted_effects/DI_court_position_spawner_overrides.txt line: 15 (DI_court_position_post_spawn_effect[args#2101251318])
[03:48:24][jomini_effect.cpp:139] [original line 10395] PostValidate of effect 'learn_language' returned false at file: common/scripted_effects/DI_court_position_spawner_overrides.txt line: 15 (DI_court_position_post_spawn_effect[args#2101251318])
[03:48:24][jomini_script_system.cpp:303] [original line 10396] Script system error!
  Error: learn_language effect [ Invalid database object 'language_latin' ]
  Script location: file: common/scripted_effects/DI_court_position_spawner_overrides.txt line: 16 (DI_court_position_post_spawn_effect[args#2101251318])
[03:48:24][jomini_effect.cpp:139] [original line 10400] PostValidate of effect 'learn_language' returned false at file: common/scripted_effects/DI_court_position_spawner_overrides.txt line: 16 (DI_court_position_post_spawn_effect[args#2101251318])
[03:48:24][jomini_script_system.cpp:303] [original line 10401] Script system error!
  Error: learn_language effect [ Invalid database object 'language_norse' ]
  Script location: file: common/scripted_effects/DI_court_position_spawner_overrides.txt line: 17 (DI_court_position_post_spawn_effect[args#2101251318])
[03:48:24][jomini_effect.cpp:139] [original line 10405] PostValidate of effect 'learn_language' returned false at file: common/scripted_effects/DI_court_position_spawner_overrides.txt line: 17 (DI_court_position_post_spawn_effect[args#2101251318])
[03:48:24][jomini_script_system.cpp:303] [original line 10406] Script system error!
  Error: learn_language effect [ Invalid database object 'language_latin' ]
  Script location: file: common/scripted_effects/DI_court_position_spawner_overrides.txt line: 28 (DI_court_position_post_spawn_effect[args#2101251318])
[03:48:24][jomini_effect.cpp:139] [original line 10410] PostValidate of effect 'learn_language' returned false at file: common/scripted_effects/DI_court_position_spawner_overrides.txt line: 28 (DI_court_position_post_spawn_effect[args#2101251318])
[03:48:24][jomini_script_system.cpp:303] [original line 10411] Script system error!
  Error: learn_language effect [ Invalid database object 'language_arabic' ]
  Script location: file: common/scripted_effects/DI_court_position_spawner_overrides.txt line: 26 (DI_court_position_post_spawn_effect[args#2101251318])
[03:48:24][jomini_effect.cpp:139] [original line 10415] PostValidate of effect 'learn_language' returned false at file: common/scripted_effects/DI_court_position_spawner_overrides.txt line: 26 (DI_court_position_post_spawn_effect[args#2101251318])
[03:48:24][jomini_script_system.cpp:303] [original line 10416] Script system error!
  Error: learn_language effect [ Invalid database object 'language_greek' ]
  Script location: file: common/scripted_effects/DI_court_position_spawner_overrides.txt line: 27 (DI_court_position_post_spawn_effect[args#2101251318])
[03:48:24][jomini_effect.cpp:139] [original line 10420] PostValidate of effect 'learn_language' returned false at file: common/scripted_effects/DI_court_position_spawner_overrides.txt line: 27 (DI_court_position_post_spawn_effect[args#2101251318])
[03:48:24][jomini_script_system.cpp:303] [original line 10421] Script system error!
  Error: learn_language effect [ Invalid database object 'language_norse' ]
  Script location: file: common/scripted_effects/DI_court_position_spawner_overrides.txt line: 29 (DI_court_position_post_spawn_effect[args#2101251318])
[03:48:24][jomini_effect.cpp:139] [original line 10425] PostValidate of effect 'learn_language' returned false at file: common/scripted_effects/DI_court_position_spawner_overrides.txt line: 29 (DI_court_position_post_spawn_effect[args#2101251318])
[03:48:24][jomini_script_system.cpp:303] [original line 10426] Script system error!
  Error: add_trait effect [ target: Not found in database class CTraitDatabase ]
  Script location: file: common/scripted_effects/DI_present_effects.txt line: 20 (DI_personality_trait_randomizer_effect)
[03:48:24][jomini_effect.cpp:139] [original line 10430] PostValidate of effect 'add_trait' returned false at file: common/scripted_effects/DI_present_effects.txt line: 20 (DI_personality_trait_randomizer_effect)
[03:48:24][jomini_script_system.cpp:303] [original line 10431] Script system error!
  Error: add_trait effect [ target: Not found in database class CTraitDatabase ]
  Script location: file: common/scripted_effects/DI_present_effects.txt line: 21 (DI_personality_trait_randomizer_effect)
[03:48:24][jomini_effect.cpp:139] [original line 10435] PostValidate of effect 'add_trait' returned false at file: common/scripted_effects/DI_present_effects.txt line: 21 (DI_personality_trait_randomizer_effect)
[03:48:24][jomini_script_system.cpp:303] [original line 10436] Script system error!
  Error: remove_trait effect [ target: Not found in database class CTraitDatabase ]
  Script location: file: common/scripted_effects/DI_present_effects.txt line: 85 (DI_clear_personality_traits_effect)
[03:48:24][jomini_effect.cpp:139] [original line 10440] PostValidate of effect 'remove_trait' returned false at file: common/scripted_effects/DI_present_effects.txt line: 85 (DI_clear_personality_traits_effect)
[03:48:24][jomini_script_system.cpp:303] [original line 10441] Script system error!
  Error: remove_trait effect [ target: Not found in database class CTraitDatabase ]
  Script location: file: common/scripted_effects/DI_present_effects.txt line: 86 (DI_clear_personality_traits_effect)
[03:48:24][jomini_effect.cpp:139] [original line 10445] PostValidate of effect 'remove_trait' returned false at file: common/scripted_effects/DI_present_effects.txt line: 86 (DI_clear_personality_traits_effect)
[03:48:24][pdx_persistent_reader.cpp:216] [original line 10446] Error: "Unknown modifier type: bond_with_dragon_scheme_success_chance_add, near line: 17
Unknown modifier type: bond_with_dragon_scheme_scheme_success_chance_add, near line: 24" in file: "common/modifier_definition_formats/agot_scheme_definitions.txt" near line: 29
[03:48:24][jomini_script_system.cpp:303] [original line 10448] Script system error!
  Error: has_trait trigger [ Cannot find honorable in trait database ]
  Script location: file: common/scripted_effects/DI_present_effects.txt line: 85 (DI_clear_personality_traits_effect)
[03:48:24][jomini_script_system.cpp:303] [original line 10452] Script system error!
  Error: has_trait trigger [ Cannot find ruthless in trait database ]
  Script location: file: common/scripted_effects/DI_present_effects.txt line: 86 (DI_clear_personality_traits_effect)
[03:48:25][jomini_script_system.cpp:303] [original line 10456] Script system error!
  Error: has_game_rule trigger [ Invalid database object 'show_armor_enabled' ]
  Script location: file: gfx/portraits/portrait_modifiers/01_cloaks_base.txt line: 1333 (cloaks:weight)
[03:48:25][jomini_trigger.cpp:243] [original line 10460] PostValidate of trigger 'has_game_rule' returned false at file: gfx/portraits/portrait_modifiers/01_cloaks_base.txt line: 1333 (cloaks:weight)
[03:48:25][jomini_script_system.cpp:303] [original line 10461] Script system error!
  Error: has_game_rule trigger [ Invalid database object 'show_armor_enabled' ]
  Script location: file: gfx/portraits/portrait_modifiers/01_cloaks_base.txt line: 1338 (cloaks:weight)
[03:48:25][jomini_trigger.cpp:243] [original line 10465] PostValidate of trigger 'has_game_rule' returned false at file: gfx/portraits/portrait_modifiers/01_cloaks_base.txt line: 1338 (cloaks:weight)
[03:48:25][jomini_script_system.cpp:303] [original line 10466] Script system error!
  Error: has_game_rule trigger [ Invalid database object 'show_armor_enabled' ]
  Script location: file: gfx/portraits/portrait_modifiers/01_cloaks_base.txt line: 1642 (cloaks:weight)
[03:48:25][jomini_trigger.cpp:243] [original line 10470] PostValidate of trigger 'has_game_rule' returned false at file: gfx/portraits/portrait_modifiers/01_cloaks_base.txt line: 1642 (cloaks:weight)
[03:48:25][jomini_script_system.cpp:303] [original line 10471] Script system error!
  Error: has_game_rule trigger [ Invalid database object 'show_armor_enabled' ]
  Script location: file: gfx/portraits/portrait_modifiers/01_cloaks_base.txt line: 1684 (cloaks:weight)
[03:48:25][jomini_trigger.cpp:243] [original line 10475] PostValidate of trigger 'has_game_rule' returned false at file: gfx/portraits/portrait_modifiers/01_cloaks_base.txt line: 1684 (cloaks:weight)
[03:48:25][jomini_script_system.cpp:303] [original line 10476] Script system error!
  Error: has_game_rule trigger [ Invalid database object 'show_armor_enabled' ]
  Script location: file: gfx/portraits/portrait_modifiers/01_legwear_base.txt line: 871 (legwear:weight)
[03:48:25][jomini_trigger.cpp:243] [original line 10480] PostValidate of trigger 'has_game_rule' returned false at file: gfx/portraits/portrait_modifiers/01_legwear_base.txt line: 871 (legwear:weight)
[03:48:25][jomini_script_system.cpp:303] [original line 10481] Script system error!
  Error: has_game_rule trigger [ Invalid database object 'show_armor_enabled' ]
  Script location: file: gfx/portraits/portrait_modifiers/01_legwear_base.txt line: 898 (legwear:weight)
[03:48:25][jomini_trigger.cpp:243] [original line 10485] PostValidate of trigger 'has_game_rule' returned false at file: gfx/portraits/portrait_modifiers/01_legwear_base.txt line: 898 (legwear:weight)
[03:48:25][jomini_script_system.cpp:303] [original line 10486] Script system error!
  Error: has_game_rule trigger [ Invalid database object 'show_armor_enabled' ]
  Script location: file: gfx/portraits/portrait_modifiers/01_legwear_base.txt line: 937 (legwear:weight)
[03:48:25][jomini_trigger.cpp:243] [original line 10490] PostValidate of trigger 'has_game_rule' returned false at file: gfx/portraits/portrait_modifiers/01_legwear_base.txt line: 937 (legwear:weight)
[03:48:25][jomini_script_system.cpp:303] [original line 10491] Script system error!
  Error: has_game_rule trigger [ Invalid database object 'show_armor_enabled' ]
  Script location: file: gfx/portraits/portrait_modifiers/05_clothes_situational.txt line: 616 (clothes_situational:weight)
[03:48:25][jomini_trigger.cpp:243] [original line 10495] PostValidate of trigger 'has_game_rule' returned false at file: gfx/portraits/portrait_modifiers/05_clothes_situational.txt line: 616 (clothes_situational:weight)
[03:48:25][jomini_script_system.cpp:303] [original line 10496] Script system error!
  Error: has_game_rule trigger [ Invalid database object 'show_armor_enabled' ]
  Script location: file: gfx/portraits/portrait_modifiers/05_clothes_situational.txt line: 1062 (clothes_situational:weight)
[03:48:25][jomini_trigger.cpp:243] [original line 10500] PostValidate of trigger 'has_game_rule' returned false at file: gfx/portraits/portrait_modifiers/05_clothes_situational.txt line: 1062 (clothes_situational:weight)
[03:48:25][jomini_script_system.cpp:303] [original line 10501] Script system error!
  Error: has_game_rule trigger [ Invalid database object 'show_armor_enabled' ]
  Script location: file: gfx/portraits/portrait_modifiers/05_clothes_situational.txt line: 1109 (clothes_situational:weight)
[03:48:25][jomini_trigger.cpp:243] [original line 10505] PostValidate of trigger 'has_game_rule' returned false at file: gfx/portraits/portrait_modifiers/05_clothes_situational.txt line: 1109 (clothes_situational:weight)
[03:48:25][jomini_script_system.cpp:303] [original line 10506] Script system error!
  Error: has_game_rule trigger [ Invalid database object 'show_armor_enabled' ]
  Script location: file: gfx/portraits/portrait_modifiers/05_clothes_situational.txt line: 1158 (clothes_situational:weight)
[03:48:25][jomini_trigger.cpp:243] [original line 10510] PostValidate of trigger 'has_game_rule' returned false at file: gfx/portraits/portrait_modifiers/05_clothes_situational.txt line: 1158 (clothes_situational:weight)
[03:48:25][jomini_script_system.cpp:303] [original line 10511] Script system error!
  Error: has_game_rule trigger [ Invalid database object 'show_armor_enabled' ]
  Script location: file: gfx/portraits/portrait_modifiers/05_clothes_situational.txt line: 1202 (clothes_situational:weight)
[03:48:25][jomini_trigger.cpp:243] [original line 10515] PostValidate of trigger 'has_game_rule' returned false at file: gfx/portraits/portrait_modifiers/05_clothes_situational.txt line: 1202 (clothes_situational:weight)
[03:48:25][jomini_script_system.cpp:303] [original line 10516] Script system error!
  Error: has_game_rule trigger [ Invalid database object 'show_armor_enabled' ]
  Script location: file: gfx/portraits/portrait_modifiers/05_clothes_situational.txt line: 1248 (clothes_situational:weight)
[03:48:25][jomini_trigger.cpp:243] [original line 10520] PostValidate of trigger 'has_game_rule' returned false at file: gfx/portraits/portrait_modifiers/05_clothes_situational.txt line: 1248 (clothes_situational:weight)
[03:48:25][jomini_script_system.cpp:303] [original line 10521] Script system error!
  Error: has_game_rule trigger [ Invalid database object 'show_armor_enabled' ]
  Script location: file: gfx/portraits/portrait_modifiers/05_clothes_situational.txt line: 1292 (clothes_situational:weight)
[03:48:25][jomini_trigger.cpp:243] [original line 10525] PostValidate of trigger 'has_game_rule' returned false at file: gfx/portraits/portrait_modifiers/05_clothes_situational.txt line: 1292 (clothes_situational:weight)
[03:48:25][jomini_script_system.cpp:303] [original line 10526] Script system error!
  Error: has_game_rule trigger [ Invalid database object 'show_armor_enabled' ]
  Script location: file: gfx/portraits/portrait_modifiers/05_clothes_situational.txt line: 1338 (clothes_situational:weight)
[03:48:25][jomini_trigger.cpp:243] [original line 10530] PostValidate of trigger 'has_game_rule' returned false at file: gfx/portraits/portrait_modifiers/05_clothes_situational.txt line: 1338 (clothes_situational:weight)
[03:48:25][jomini_script_system.cpp:303] [original line 10531] Script system error!
  Error: has_game_rule trigger [ Invalid database object 'show_armor_enabled' ]
  Script location: file: gfx/portraits/portrait_modifiers/05_clothes_situational.txt line: 1382 (clothes_situational:weight)
[03:48:25][jomini_trigger.cpp:243] [original line 10535] PostValidate of trigger 'has_game_rule' returned false at file: gfx/portraits/portrait_modifiers/05_clothes_situational.txt line: 1382 (clothes_situational:weight)
[03:48:25][jomini_script_system.cpp:303] [original line 10536] Script system error!
  Error: has_game_rule trigger [ Invalid database object 'show_armor_enabled' ]
  Script location: file: gfx/portraits/portrait_modifiers/05_clothes_situational.txt line: 1428 (clothes_situational:weight)
[03:48:25][jomini_trigger.cpp:243] [original line 10540] PostValidate of trigger 'has_game_rule' returned false at file: gfx/portraits/portrait_modifiers/05_clothes_situational.txt line: 1428 (clothes_situational:weight)
[03:48:25][jomini_script_system.cpp:303] [original line 10541] Script system error!
  Error: has_game_rule trigger [ Invalid database object 'show_armor_enabled' ]
  Script location: file: gfx/portraits/portrait_modifiers/05_clothes_situational.txt line: 1472 (clothes_situational:weight)
[03:48:25][jomini_trigger.cpp:243] [original line 10545] PostValidate of trigger 'has_game_rule' returned false at file: gfx/portraits/portrait_modifiers/05_clothes_situational.txt line: 1472 (clothes_situational:weight)
[03:48:25][jomini_script_system.cpp:303] [original line 10546] Script system error!
  Error: has_game_rule trigger [ Invalid database object 'show_armor_enabled' ]
  Script location: file: gfx/portraits/portrait_modifiers/05_clothes_situational.txt line: 1518 (clothes_situational:weight)
[03:48:25][jomini_trigger.cpp:243] [original line 10550] PostValidate of trigger 'has_game_rule' returned false at file: gfx/portraits/portrait_modifiers/05_clothes_situational.txt line: 1518 (clothes_situational:weight)
[03:48:25][jomini_script_system.cpp:303] [original line 10551] Script system error!
  Error: has_game_rule trigger [ Invalid database object 'show_armor_enabled' ]
  Script location: file: gfx/portraits/portrait_modifiers/05_clothes_situational.txt line: 1562 (clothes_situational:weight)
[03:48:25][jomini_trigger.cpp:243] [original line 10555] PostValidate of trigger 'has_game_rule' returned false at file: gfx/portraits/portrait_modifiers/05_clothes_situational.txt line: 1562 (clothes_situational:weight)
[03:48:25][jomini_script_system.cpp:303] [original line 10556] Script system error!
  Error: has_game_rule trigger [ Invalid database object 'show_armor_enabled' ]
  Script location: file: gfx/portraits/portrait_modifiers/05_headgear_situational.txt line: 338 (headgear_situational:weight)
[03:48:25][jomini_trigger.cpp:243] [original line 10560] PostValidate of trigger 'has_game_rule' returned false at file: gfx/portraits/portrait_modifiers/05_headgear_situational.txt line: 338 (headgear_situational:weight)
[03:48:25][jomini_script_system.cpp:303] [original line 10561] Script system error!
  Error: has_game_rule trigger [ Invalid database object 'show_armor_enabled' ]
  Script location: file: gfx/portraits/portrait_modifiers/05_headgear_situational.txt line: 395 (headgear_situational:weight)
[03:48:25][jomini_trigger.cpp:243] [original line 10565] PostValidate of trigger 'has_game_rule' returned false at file: gfx/portraits/portrait_modifiers/05_headgear_situational.txt line: 395 (headgear_situational:weight)
[03:48:25][jomini_script_system.cpp:303] [original line 10566] Script system error!
  Error: has_game_rule trigger [ Invalid database object 'show_armor_enabled' ]
  Script location: file: gfx/portraits/portrait_modifiers/05_headgear_situational.txt line: 3127 (headgear_situational:weight)
[03:48:25][jomini_trigger.cpp:243] [original line 10570] PostValidate of trigger 'has_game_rule' returned false at file: gfx/portraits/portrait_modifiers/05_headgear_situational.txt line: 3127 (headgear_situational:weight)
[03:48:25][jomini_script_system.cpp:303] [original line 10571] Script system error!
  Error: has_game_rule trigger [ Invalid database object 'show_armor_enabled' ]
  Script location: file: gfx/portraits/portrait_modifiers/05_headgear_situational.txt line: 3174 (headgear_situational:weight)
[03:48:25][jomini_trigger.cpp:243] [original line 10575] PostValidate of trigger 'has_game_rule' returned false at file: gfx/portraits/portrait_modifiers/05_headgear_situational.txt line: 3174 (headgear_situational:weight)
[03:48:25][jomini_script_system.cpp:303] [original line 10576] Script system error!
  Error: has_game_rule trigger [ Invalid database object 'show_armor_enabled' ]
  Script location: file: gfx/portraits/portrait_modifiers/05_headgear_situational.txt line: 3222 (headgear_situational:weight)
[03:48:25][jomini_trigger.cpp:243] [original line 10580] PostValidate of trigger 'has_game_rule' returned false at file: gfx/portraits/portrait_modifiers/05_headgear_situational.txt line: 3222 (headgear_situational:weight)
[03:48:25][jomini_script_system.cpp:303] [original line 10581] Script system error!
  Error: has_game_rule trigger [ Invalid database object 'show_armor_enabled' ]
  Script location: file: gfx/portraits/portrait_modifiers/05_headgear_situational.txt line: 3266 (headgear_situational:weight)
[03:48:25][jomini_trigger.cpp:243] [original line 10585] PostValidate of trigger 'has_game_rule' returned false at file: gfx/portraits/portrait_modifiers/05_headgear_situational.txt line: 3266 (headgear_situational:weight)
[03:48:25][jomini_script_system.cpp:303] [original line 10586] Script system error!
  Error: has_game_rule trigger [ Invalid database object 'show_armor_enabled' ]
  Script location: file: gfx/portraits/portrait_modifiers/05_headgear_situational.txt line: 3310 (headgear_situational:weight)
[03:48:25][jomini_trigger.cpp:243] [original line 10590] PostValidate of trigger 'has_game_rule' returned false at file: gfx/portraits/portrait_modifiers/05_headgear_situational.txt line: 3310 (headgear_situational:weight)
[03:48:25][jomini_script_system.cpp:303] [original line 10591] Script system error!
  Error: has_game_rule trigger [ Invalid database object 'show_armor_enabled' ]
  Script location: file: gfx/portraits/portrait_modifiers/05_headgear_situational.txt line: 3355 (headgear_situational:weight)
[03:48:25][jomini_trigger.cpp:243] [original line 10595] PostValidate of trigger 'has_game_rule' returned false at file: gfx/portraits/portrait_modifiers/05_headgear_situational.txt line: 3355 (headgear_situational:weight)
[03:48:25][jomini_script_system.cpp:303] [original line 10596] Script system error!
  Error: is_struggle_type trigger [ Invalid database object 'persian_struggle' ]
  Script location: file: common/character_interactions/DI_character_interaction.txt line: 1415 (DI_arrange_marriage_interaction:is_shown)
[03:48:25][jomini_trigger.cpp:243] [original line 10600] PostValidate of trigger 'is_struggle_type' returned false at file: common/character_interactions/DI_character_interaction.txt line: 1415 (DI_arrange_marriage_interaction:is_shown)
[03:48:25][jomini_script_system.cpp:303] [original line 10601] Script system error!
  Error: has_struggle_phase_parameter trigger [ Bool phase parameter 'can_trade_piety_for_marriage_acceptance' does not exist ]
  Script location: file: common/character_interactions/DI_character_interaction.txt line: 1416 (DI_arrange_marriage_interaction:is_shown)
[03:48:25][jomini_trigger.cpp:243] [original line 10605] PostValidate of trigger 'has_struggle_phase_parameter' returned false at file: common/character_interactions/DI_character_interaction.txt line: 1416 (DI_arrange_marriage_interaction:is_shown)
[03:48:25][jomini_script_system.cpp:303] [original line 10606] Script system error!
  Error: is_struggle_type trigger [ Invalid database object 'persian_struggle' ]
  Script location: file: common/character_interactions/DI_character_interaction.txt line: 1424 (DI_arrange_marriage_interaction:is_valid)
[03:48:25][jomini_trigger.cpp:243] [original line 10610] PostValidate of trigger 'is_struggle_type' returned false at file: common/character_interactions/DI_character_interaction.txt line: 1424 (DI_arrange_marriage_interaction:is_valid)
[03:48:25][jomini_script_system.cpp:303] [original line 10611] Script system error!
  Error: is_struggle_type trigger [ Invalid database object 'persian_struggle' ]
  Script location: file: common/character_interactions/DI_character_interaction.txt line: 1430 (DI_arrange_marriage_interaction:is_valid)
[03:48:25][jomini_trigger.cpp:243] [original line 10615] PostValidate of trigger 'is_struggle_type' returned false at file: common/character_interactions/DI_character_interaction.txt line: 1430 (DI_arrange_marriage_interaction:is_valid)
[03:48:25][jomini_script_system.cpp:303] [original line 10616] Script system error!
  Error: has_game_rule trigger [ Invalid database object 'agot_shatter_empires' ]
  Script location: file: common/on_action/ntc_artifacts_startdate.txt line: 128 (ntc_artifact_shattered_kingdoms)
[03:48:25][jomini_trigger.cpp:243] [original line 10620] PostValidate of trigger 'has_game_rule' returned false at file: common/on_action/ntc_artifacts_startdate.txt line: 128 (ntc_artifact_shattered_kingdoms)
[03:48:25][jomini_script_system.cpp:303] [original line 10621] Script system error!
  Error: is_in_family trigger [ Invalid database object 'rf_abrahamic' ]
  Script location: file: common/scripted_effects/DI_char_spawner_effects.txt line: 1464 (DI_char_spawner_resolve_origin_effect)
[03:48:25][jomini_trigger.cpp:243] [original line 10625] PostValidate of trigger 'is_in_family' returned false at file: common/scripted_effects/DI_char_spawner_effects.txt line: 1464 (DI_char_spawner_resolve_origin_effect)
[03:48:25][jomini_script_system.cpp:303] [original line 10626] Script system error!
  Error: is_in_family trigger [ Invalid database object 'rf_abrahamic' ]
  Script location: file: common/scripted_effects/DI_char_spawner_effects.txt line: 1466 (DI_char_spawner_resolve_origin_effect)
[03:48:25][jomini_trigger.cpp:243] [original line 10630] PostValidate of trigger 'is_in_family' returned false at file: common/scripted_effects/DI_char_spawner_effects.txt line: 1466 (DI_char_spawner_resolve_origin_effect)
[03:48:25][jomini_script_system.cpp:303] [original line 10631] Script system error!
  Error: is_in_family trigger [ Invalid database object 'rf_eastern' ]
  Script location: file: common/scripted_effects/DI_char_spawner_effects.txt line: 1470 (DI_char_spawner_resolve_origin_effect)
[03:48:25][jomini_trigger.cpp:243] [original line 10635] PostValidate of trigger 'is_in_family' returned false at file: common/scripted_effects/DI_char_spawner_effects.txt line: 1470 (DI_char_spawner_resolve_origin_effect)
[03:48:25][jomini_script_system.cpp:303] [original line 10636] Script system error!
  Error: is_in_family trigger [ Invalid database object 'rf_eastern' ]
  Script location: file: common/scripted_effects/DI_char_spawner_effects.txt line: 1472 (DI_char_spawner_resolve_origin_effect)
[03:48:25][jomini_trigger.cpp:243] [original line 10640] PostValidate of trigger 'is_in_family' returned false at file: common/scripted_effects/DI_char_spawner_effects.txt line: 1472 (DI_char_spawner_resolve_origin_effect)
[03:48:25][jomini_script_system.cpp:303] [original line 10641] Script system error!
  Error: is_in_family trigger [ Invalid database object 'rf_sinitic' ]
  Script location: file: common/scripted_effects/DI_char_spawner_effects.txt line: 1476 (DI_char_spawner_resolve_origin_effect)
[03:48:25][jomini_trigger.cpp:243] [original line 10645] PostValidate of trigger 'is_in_family' returned false at file: common/scripted_effects/DI_char_spawner_effects.txt line: 1476 (DI_char_spawner_resolve_origin_effect)
[03:48:25][jomini_script_system.cpp:303] [original line 10646] Script system error!
  Error: is_in_family trigger [ Invalid database object 'rf_sinitic' ]
  Script location: file: common/scripted_effects/DI_char_spawner_effects.txt line: 1478 (DI_char_spawner_resolve_origin_effect)
[03:48:25][jomini_trigger.cpp:243] [original line 10650] PostValidate of trigger 'is_in_family' returned false at file: common/scripted_effects/DI_char_spawner_effects.txt line: 1478 (DI_char_spawner_resolve_origin_effect)
[03:48:25][jomini_script_system.cpp:303] [original line 10651] Script system error!
  Error: is_in_family trigger [ Invalid database object 'rf_pagan' ]
  Script location: file: common/scripted_effects/DI_char_spawner_effects.txt line: 1482 (DI_char_spawner_resolve_origin_effect)
[03:48:25][jomini_trigger.cpp:243] [original line 10655] PostValidate of trigger 'is_in_family' returned false at file: common/scripted_effects/DI_char_spawner_effects.txt line: 1482 (DI_char_spawner_resolve_origin_effect)
[03:48:25][jomini_script_system.cpp:303] [original line 10656] Script system error!
  Error: is_in_family trigger [ Invalid database object 'rf_pagan' ]
  Script location: file: common/scripted_effects/DI_char_spawner_effects.txt line: 1484 (DI_char_spawner_resolve_origin_effect)
[03:48:25][jomini_trigger.cpp:243] [original line 10660] PostValidate of trigger 'is_in_family' returned false at file: common/scripted_effects/DI_char_spawner_effects.txt line: 1484 (DI_char_spawner_resolve_origin_effect)
[03:48:25][jomini_script_system.cpp:303] [original line 10661] Script system error!
  Error: has_cultural_parameter trigger [ Bool culture parameter 'can_build_quarries_in_hills' does not exist ]
  Script location: file: common/scripted_triggers/cowagot_building_requirement_triggers.txt line: 12 (building_quarries_requirement_terrain)
[03:48:25][jomini_trigger.cpp:243] [original line 10665] PostValidate of trigger 'has_cultural_parameter' returned false at file: common/scripted_triggers/cowagot_building_requirement_triggers.txt line: 12 (building_quarries_requirement_terrain)
[03:48:25][jomini_script_system.cpp:303] [original line 10666] Script system error!
  Error: has_game_rule trigger [ Invalid database object 'tgc_enabled_enabled' ]
  Script location: file: common/scripted_triggers/tgc_loaded_trigger.txt line: 11 (tgc_standard_equipment_trigger)
[03:48:25][jomini_trigger.cpp:243] [original line 10670] PostValidate of trigger 'has_game_rule' returned false at file: common/scripted_triggers/tgc_loaded_trigger.txt line: 11 (tgc_standard_equipment_trigger)
[03:48:25][jomini_script_system.cpp:303] [original line 10671] Script system error!
  Error: has_game_rule trigger [ Invalid database object 'tgc_enabled_enabled' ]
  Script location: file: common/scripted_triggers/tgc_loaded_trigger.txt line: 59 (tgc_captain_equipment_trigger)
[03:48:25][jomini_trigger.cpp:243] [original line 10675] PostValidate of trigger 'has_game_rule' returned false at file: common/scripted_triggers/tgc_loaded_trigger.txt line: 59 (tgc_captain_equipment_trigger)
[03:48:25][jomini_script_system.cpp:303] [original line 10676] Script system error!
  Error: has_game_rule trigger [ Invalid database object 'tgc_enabled_enabled' ]
  Script location: file: common/scripted_triggers/tgc_loaded_trigger.txt line: 94 (tgc_blackfyre_or_targ_equipment_trigger)
[03:48:25][jomini_trigger.cpp:243] [original line 10680] PostValidate of trigger 'has_game_rule' returned false at file: common/scripted_triggers/tgc_loaded_trigger.txt line: 94 (tgc_blackfyre_or_targ_equipment_trigger)
[03:48:25][jomini_script_system.cpp:303] [original line 10681] Script system error!
  Error: has_game_rule trigger [ Invalid database object 'tgc_blackfyre_enabled' ]
  Script location: file: common/scripted_triggers/tgc_loaded_trigger.txt line: 104 (tgc_blackfyre_equipment_trigger)
[03:48:25][jomini_trigger.cpp:243] [original line 10685] PostValidate of trigger 'has_game_rule' returned false at file: common/scripted_triggers/tgc_loaded_trigger.txt line: 104 (tgc_blackfyre_equipment_trigger)
[03:48:25][jomini_script_system.cpp:303] [original line 10686] Script system error!
  Error: has_game_rule trigger [ Invalid database object 'tgc_faegon_enabled' ]
  Script location: file: common/scripted_triggers/tgc_loaded_trigger.txt line: 120 (tgc_blackfyre_equipment_trigger)
[03:48:25][jomini_trigger.cpp:243] [original line 10690] PostValidate of trigger 'has_game_rule' returned false at file: common/scripted_triggers/tgc_loaded_trigger.txt line: 120 (tgc_blackfyre_equipment_trigger)
[03:48:25][jomini_script_system.cpp:303] [original line 10691] Script system error!
  Error: has_game_rule trigger [ Invalid database object 'tgc_faegon_enabled' ]
  Script location: file: common/scripted_triggers/tgc_loaded_trigger.txt line: 140 (tgc_targaryen_equipment_trigger)
[03:48:25][jomini_trigger.cpp:243] [original line 10695] PostValidate of trigger 'has_game_rule' returned false at file: common/scripted_triggers/tgc_loaded_trigger.txt line: 140 (tgc_targaryen_equipment_trigger)
[03:48:25][jomini_script_system.cpp:303] [original line 10696] Script system error!
  Error: has_game_rule trigger [ Invalid database object 'tgc_enabled_enabled' ]
  Script location: file: common/scripted_triggers/tgc_loaded_trigger.txt line: 163 (tgc_blackfyre_house_equipment_trigger)
[03:48:25][jomini_trigger.cpp:243] [original line 10700] PostValidate of trigger 'has_game_rule' returned false at file: common/scripted_triggers/tgc_loaded_trigger.txt line: 163 (tgc_blackfyre_house_equipment_trigger)
[03:48:25][jomini_script_system.cpp:303] [original line 10701] Script system error!
  Error: has_game_rule trigger [ Invalid database object 'tgc_blackfyre_enabled' ]
  Script location: file: common/scripted_triggers/tgc_loaded_trigger.txt line: 164 (tgc_blackfyre_house_equipment_trigger)
[03:48:25][jomini_trigger.cpp:243] [original line 10705] PostValidate of trigger 'has_game_rule' returned false at file: common/scripted_triggers/tgc_loaded_trigger.txt line: 164 (tgc_blackfyre_house_equipment_trigger)
[03:48:25][jomini_effect.cpp:1161] [original line 10706] Flag 'viserys' is used but is never set. Setting it in an unused scripted trigger or effect does not count
[03:48:25][jomini_effect.cpp:1161] [original line 10707] Flag 'faegon' is used but is never set. Setting it in an unused scripted trigger or effect does not count
[03:48:25][jomini_effect.cpp:1161] [original line 10708] Flag 'roland_crown' is used but is never set. Setting it in an unused scripted trigger or effect does not count
[03:48:25][jomini_effect.cpp:1161] [original line 10709] Flag 'dany' is used but is never set. Setting it in an unused scripted trigger or effect does not count
[03:48:25][jomini_effect.cpp:1161] [original line 10710] Flag 'unknown_holding' is used but is never set. Setting it in an unused scripted trigger or effect does not count
[03:48:25][jomini_effect.cpp:1161] [original line 10711] Flag 'iceFire' is used but is never set. Setting it in an unused scripted trigger or effect does not count
[03:48:25][jomini_effect.cpp:1161] [original line 10712] Flag 'pirate_den_holding' is used but is never set. Setting it in an unused scripted trigger or effect does not count
[03:48:25][jomini_effect.cpp:1161] [original line 10713] Flag 'monastery_holding' is used but is never set. Setting it in an unused scripted trigger or effect does not count
[03:48:25][jomini_effect.cpp:1161] [original line 10714] Flag 'ruin_holding' is used but is never set. Setting it in an unused scripted trigger or effect does not count
[03:48:25][jomini_effect.cpp:1161] [original line 10715] Flag 'blackDarkRed' is used but is never set. Setting it in an unused scripted trigger or effect does not count
[03:48:25][jomini_effect.cpp:1161] [original line 10716] Flag 'settlement_holding' is used but is never set. Setting it in an unused scripted trigger or effect does not count
[03:48:25][jomini_effect.cpp:1161] [original line 10717] Flag 'highlight_special_buildings_map' is used but is never set. Setting it in an unused scripted trigger or effect does not count
[03:48:25][jomini_effect.cpp:1161] [original line 10718] Flag 'wilderness_holding' is used but is never set. Setting it in an unused scripted trigger or effect does not count
[03:48:25][jomini_effect.cpp:1145] [original line 10719] Flag 'highlight_cow_provinces_map' is set but is never used. Note that use in localization doesn't count due to technical limitations. Use in unused scripted triggers and effects also does not count
[03:48:25][jomini_effect.cpp:1145] [original line 10720] Flag 'all_found' is set but is never used. Note that use in localization doesn't count due to technical limitations. Use in unused scripted triggers and effects also does not count
[03:48:25][jomini_effect.cpp:1145] [original line 10721] Flag 'DI_subtype_throne' is set but is never used. Note that use in localization doesn't count due to technical limitations. Use in unused scripted triggers and effects also does not count
[03:48:25][jomini_effect.cpp:1145] [original line 10722] Flag 'global' is set but is never used. Note that use in localization doesn't count due to technical limitations. Use in unused scripted triggers and effects also does not count
[03:48:25][jomini_effect.cpp:1161] [original line 10723] Variable 'Aotk_enabled' is used but is never set. Setting it in an unused scripted trigger or effect does not count
[03:48:25][jomini_effect.cpp:1161] [original line 10724] Variable 'asoiaf_Stark_101_cc' is used but is never set. Setting it in an unused scripted trigger or effect does not count
[03:48:25][jomini_effect.cpp:1161] [original line 10725] Variable 'highlight_cow_provinces_map' is used but is never set. Setting it in an unused scripted trigger or effect does not count
[03:48:25][jomini_effect.cpp:1161] [original line 10726] Variable 'faegon_main_character' is used but is never set. Setting it in an unused scripted trigger or effect does not count
[03:48:25][jomini_effect.cpp:1161] [original line 10727] Variable 'asoiaf_canon_children_Targaryen_98_born_variable' is used but is never set. Setting it in an unused scripted trigger or effect does not count
[03:48:25][jomini_effect.cpp:1161] [original line 10728] Variable 'asoiaf_Stark_103_cc' is used but is never set. Setting it in an unused scripted trigger or effect does not count
[03:48:25][jomini_effect.cpp:1161] [original line 10729] Variable 'asoiaf_canon_children_Targaryen_100_born_variable' is used but is never set. Setting it in an unused scripted trigger or effect does not count
[03:48:25][jomini_effect.cpp:1161] [original line 10730] Variable 'is_Durrandon_51' is used but is never set. Setting it in an unused scripted trigger or effect does not count
[03:48:25][jomini_effect.cpp:1161] [original line 10731] Variable 'asoiaf_Stark_7_cc' is used but is never set. Setting it in an unused scripted trigger or effect does not count
[03:48:25][jomini_effect.cpp:1161] [original line 10732] Variable 'asoiaf_Stark_96_cc' is used but is never set. Setting it in an unused scripted trigger or effect does not count
[03:48:25][jomini_effect.cpp:1161] [original line 10733] Variable 'asoiaf_Stark_8_cc' is used but is never set. Setting it in an unused scripted trigger or effect does not count
[03:48:25][jomini_effect.cpp:1161] [original line 10734] Variable 'darksister' is used but is never set. Setting it in an unused scripted trigger or effect does not count
[03:48:25][jomini_effect.cpp:1161] [original line 10735] Variable 'asoiaf_Stark_6_cc' is used but is never set. Setting it in an unused scripted trigger or effect does not count
[03:48:25][jomini_effect.cpp:1161] [original line 10736] Variable 'asoiaf_canon_children_Targaryen_101_born_variable' is used but is never set. Setting it in an unused scripted trigger or effect does not count
[03:48:25][jomini_effect.cpp:1161] [original line 10737] Variable 'captains_sword' is used but is never set. Setting it in an unused scripted trigger or effect does not count
[03:48:25][jomini_effect.cpp:1161] [original line 10738] Variable 'crown_aegon_baelor_artifact' is used but is never set. Setting it in an unused scripted trigger or effect does not count
[03:48:25][jomini_effect.cpp:1161] [original line 10739] Variable 'brightboar_enabled' is used but is never set. Setting it in an unused scripted trigger or effect does not count
[03:48:25][jomini_effect.cpp:1161] [original line 10740] Variable 'tgc_enabled' is used but is never set. Setting it in an unused scripted trigger or effect does not count
[03:48:25][jomini_effect.cpp:1161] [original line 10741] Variable 'asoiaf_Stark_4_cc' is used but is never set. Setting it in an unused scripted trigger or effect does not count
[03:48:25][jomini_effect.cpp:1161] [original line 10742] Variable 'asoiaf_Stark_94_cc' is used but is never set. Setting it in an unused scripted trigger or effect does not count
[03:48:25][jomini_effect.cpp:1161] [original line 10743] Variable 'asoiaf_Stark_87_cc' is used but is never set. Setting it in an unused scripted trigger or effect does not count
[03:48:25][jomini_effect.cpp:1161] [original line 10744] Variable 'blackfyre' is used but is never set. Setting it in an unused scripted trigger or effect does not count
[03:48:25][jomini_effect.cpp:1161] [original line 10745] Variable 'asoiaf_Stark_100_cc' is used but is never set. Setting it in an unused scripted trigger or effect does not count
[03:48:25][jomini_effect.cpp:1161] [original line 10746] Variable 'maekars_crown' is used but is never set. Setting it in an unused scripted trigger or effect does not count
[03:48:25][jomini_effect.cpp:1161] [original line 10747] Variable 'asoiaf_Stark_98_cc' is used but is never set. Setting it in an unused scripted trigger or effect does not count
[03:48:25][jomini_effect.cpp:1161] [original line 10748] Variable 'asoiaf_Stark_86_cc' is used but is never set. Setting it in an unused scripted trigger or effect does not count
[03:48:25][jomini_effect.cpp:1161] [original line 10749] Variable 'swordman_armor_artifact' is used but is never set. Setting it in an unused scripted trigger or effect does not count
[03:48:25][jomini_effect.cpp:1161] [original line 10750] Variable 'asoiaf_canon_children_Targaryen_99_born_variable' is used but is never set. Setting it in an unused scripted trigger or effect does not count
[03:48:25][jomini_effect.cpp:1161] [original line 10751] Variable 'asoiaf_Stark_1_cc' is used but is never set. Setting it in an unused scripted trigger or effect does not count
[03:48:25][jomini_effect.cpp:1161] [original line 10752] Variable 'asoiaf_Stark_84_cc' is used but is never set. Setting it in an unused scripted trigger or effect does not count
[03:48:25][jomini_effect.cpp:1161] [original line 10753] Variable 'asoiaf_Stark_5_cc' is used but is never set. Setting it in an unused scripted trigger or effect does not count
[03:48:25][jomini_effect.cpp:1161] [original line 10754] Variable 'asoiaf_Stark_88_cc' is used but is never set. Setting it in an unused scripted trigger or effect does not count
[03:48:25][jomini_effect.cpp:1161] [original line 10755] Variable 'kingsguard_armour' is used but is never set. Setting it in an unused scripted trigger or effect does not count
[03:48:25][jomini_effect.cpp:1161] [original line 10756] Variable 'kingsguard_choice' is used but is never set. Setting it in an unused scripted trigger or effect does not count
[03:48:25][jomini_effect.cpp:1161] [original line 10757] Variable 'app_enabled' is used but is never set. Setting it in an unused scripted trigger or effect does not count
[03:48:25][jomini_effect.cpp:1161] [original line 10758] Variable 'asoiaf_Stark_11_cc' is used but is never set. Setting it in an unused scripted trigger or effect does not count
[03:48:25][jomini_effect.cpp:1161] [original line 10759] Variable 'asoiaf_Stark_99_cc' is used but is never set. Setting it in an unused scripted trigger or effect does not count
[03:48:25][jomini_effect.cpp:1161] [original line 10760] Variable 'is_jon_snow' is used but is never set. Setting it in an unused scripted trigger or effect does not count
[03:48:25][jomini_effect.cpp:1161] [original line 10761] Variable 'is_baratheon_6' is used but is never set. Setting it in an unused scripted trigger or effect does not count
[03:48:25][jomini_effect.cpp:1161] [original line 10762] Variable 'asoiaf_Stark_97_cc' is used but is never set. Setting it in an unused scripted trigger or effect does not count
[03:48:25][jomini_effect.cpp:1161] [original line 10763] Variable 'seafoam' is used but is never set. Setting it in an unused scripted trigger or effect does not count
[03:48:25][jomini_effect.cpp:1161] [original line 10764] Variable 'asoiaf_Stark_10_cc' is used but is never set. Setting it in an unused scripted trigger or effect does not count
[03:48:25][jomini_effect.cpp:1161] [original line 10765] Variable 'asoiaf_Stark_95_cc' is used but is never set. Setting it in an unused scripted trigger or effect does not count
[03:48:25][jomini_effect.cpp:1161] [original line 10766] Variable 'asoiaf_Stark_3_cc' is used but is never set. Setting it in an unused scripted trigger or effect does not count
[03:48:25][jomini_effect.cpp:1161] [original line 10767] Variable 'asoiaf_Stark_102_cc' is used but is never set. Setting it in an unused scripted trigger or effect does not count
[03:48:25][jomini_effect.cpp:1161] [original line 10768] Variable 'asoiaf_Stark_9_cc' is used but is never set. Setting it in an unused scripted trigger or effect does not count
[03:48:25][jomini_effect.cpp:1161] [original line 10769] Variable 'asoiaf_Stark_2_cc' is used but is never set. Setting it in an unused scripted trigger or effect does not count
[03:48:25][jomini_effect.cpp:1145] [original line 10770] Variable 'DI_artifact_subtype_display' is set but is never used. Note that use in localization doesn't count due to technical limitations. Use in unused scripted triggers and effects also does not count
[03:48:25][jomini_effect.cpp:1145] [original line 10771] Variable 'asoiaf_canon_children_Reed_1_born_variable' is set but is never used. Note that use in localization doesn't count due to technical limitations. Use in unused scripted triggers and effects also does not count
[03:48:25][jomini_effect.cpp:1145] [original line 10772] Variable 'asoiaf_canon_children_Arryn_80_born_variable' is set but is never used. Note that use in localization doesn't count due to technical limitations. Use in unused scripted triggers and effects also does not count
[03:48:25][jomini_effect.cpp:1145] [original line 10773] Variable 'asoiaf_is_krakenfall' is set but is never used. Note that use in localization doesn't count due to technical limitations. Use in unused scripted triggers and effects also does not count
[03:48:25][jomini_effect.cpp:1145] [original line 10774] Variable 'agot_faegon_jon_snow_char' is set but is never used. Note that use in localization doesn't count due to technical limitations. Use in unused scripted triggers and effects also does not count
[03:48:25][jomini_effect.cpp:1145] [original line 10775] Variable 'asoiaf_canon_children_Targaryen_27_born_variable' is set but is never used. Note that use in localization doesn't count due to technical limitations. Use in unused scripted triggers and effects also does not count
[03:48:25][jomini_effect.cpp:1145] [original line 10776] Variable 'asoiaf_canon_children_Tully_9_born_variable' is set but is never used. Note that use in localization doesn't count due to technical limitations. Use in unused scripted triggers and effects also does not count
[03:48:25][jomini_effect.cpp:1145] [original line 10777] Variable 'asoiaf_canon_children_Velaryon_31_born_variable' is set but is never used. Note that use in localization doesn't count due to technical limitations. Use in unused scripted triggers and effects also does not count
[03:48:25][jomini_effect.cpp:1145] [original line 10778] Variable 'seafoam_artifact' is set but is never used. Note that use in localization doesn't count due to technical limitations. Use in unused scripted triggers and effects also does not count
[03:48:25][jomini_effect.cpp:1145] [original line 10779] Variable 'dark_sister_artifact' is set but is never used. Note that use in localization doesn't count due to technical limitations. Use in unused scripted triggers and effects also does not count
[03:48:25][jomini_effect.cpp:1145] [original line 10780] Variable 'asoiaf_canon_children_Arryn_84_born_variable' is set but is never used. Note that use in localization doesn't count due to technical limitations. Use in unused scripted triggers and effects also does not count
[03:48:25][jomini_effect.cpp:1145] [original line 10781] Variable 'blackfyre_artifact' is set but is never used. Note that use in localization doesn't count due to technical limitations. Use in unused scripted triggers and effects also does not count
[03:48:25][jomini_effect.cpp:1145] [original line 10782] Variable 'asoiaf_canon_children_Stark_84_born_variable' is set but is never used. Note that use in localization doesn't count due to technical limitations. Use in unused scripted triggers and effects also does not count
[03:48:25][jomini_effect.cpp:1145] [original line 10783] Variable 'asoiaf_canon_children_Martell_4_born_variable' is set but is never used. Note that use in localization doesn't count due to technical limitations. Use in unused scripted triggers and effects also does not count
[03:48:25][jomini_effect.cpp:1145] [original line 10784] Variable 'COWAGOT_is_loaded' is set but is never used. Note that use in localization doesn't count due to technical limitations. Use in unused scripted triggers and effects also does not count
[03:48:25][jomini_effect.cpp:1145] [original line 10785] Variable 'color_grading' is set but is never used. Note that use in localization doesn't count due to technical limitations. Use in unused scripted triggers and effects also does not count
[03:48:25][jomini_effect.cpp:1145] [original line 10786] Variable 'asoiaf_canon_children_Dayne_1_born_variable' is set but is never used. Note that use in localization doesn't count due to technical limitations. Use in unused scripted triggers and effects also does not count
[03:48:25][jomini_effect.cpp:1145] [original line 10787] Variable 'asoiaf_canon_children_Tarly_1_born_variable' is set but is never used. Note that use in localization doesn't count due to technical limitations. Use in unused scripted triggers and effects also does not count
[03:48:25][jomini_effect.cpp:1145] [original line 10788] Variable 'asoiaf_is_needle' is set but is never used. Note that use in localization doesn't count due to technical limitations. Use in unused scripted triggers and effects also does not count
[03:48:25][jomini_effect.cpp:1145] [original line 10789] Variable 'DI_artifact_quality_display' is set but is never used. Note that use in localization doesn't count due to technical limitations. Use in unused scripted triggers and effects also does not count
[03:48:25][jomini_effect.cpp:1145] [original line 10790] Variable 'asoiaf_canon_children_Targaryen_28_born_variable' is set but is never used. Note that use in localization doesn't count due to technical limitations. Use in unused scripted triggers and effects also does not count
[03:48:25][jomini_effect.cpp:1145] [original line 10791] Variable 'asoiaf_canon_children_Targaryen_29_born_variable' is set but is never used. Note that use in localization doesn't count due to technical limitations. Use in unused scripted triggers and effects also does not count
[03:48:25][jomini_effect.cpp:1145] [original line 10792] Variable 'asoiaf_canon_children_Karstark_4_born_variable' is set but is never used. Note that use in localization doesn't count due to technical limitations. Use in unused scripted triggers and effects also does not count
[03:48:25][jomini_effect.cpp:1145] [original line 10793] Variable 'asoiaf_canon_children_Strong_28_born_variable' is set but is never used. Note that use in localization doesn't count due to technical limitations. Use in unused scripted triggers and effects also does not count
[03:48:25][jomini_effect.cpp:1145] [original line 10794] Variable 'asoiaf_canon_children_Hightower_90_born_variable' is set but is never used. Note that use in localization doesn't count due to technical limitations. Use in unused scripted triggers and effects also does not count
[03:48:25][jomini_effect.cpp:1145] [original line 10795] Variable 'asoiaf_canon_children_Tyrell_4_born_variable' is set but is never used. Note that use in localization doesn't count due to technical limitations. Use in unused scripted triggers and effects also does not count
[03:48:25][jomini_effect.cpp:1145] [original line 10796] Variable 'asoiaf_canon_children_Greyjoy_5_born_variable' is set but is never used. Note that use in localization doesn't count due to technical limitations. Use in unused scripted triggers and effects also does not count
[03:48:25][jomini_effect.cpp:1145] [original line 10797] Variable 'asoiaf_canon_children_Strong_29_born_variable' is set but is never used. Note that use in localization doesn't count due to technical limitations. Use in unused scripted triggers and effects also does not count
[03:48:25][jomini_effect.cpp:1145] [original line 10798] Variable 'pincer_artifact' is set but is never used. Note that use in localization doesn't count due to technical limitations. Use in unused scripted triggers and effects also does not count
[03:48:25][jomini_effect.cpp:1145] [original line 10799] Variable 'asoiaf_is_red_vipers_spear' is set but is never used. Note that use in localization doesn't count due to technical limitations. Use in unused scripted triggers and effects also does not count
[03:48:25][jomini_effect.cpp:1145] [original line 10800] Variable 'asoiaf_canon_children_Arryn_3_born_variable' is set but is never used. Note that use in localization doesn't count due to technical limitations. Use in unused scripted triggers and effects also does not count
[03:48:25][jomini_effect.cpp:1145] [original line 10801] Variable 'asoiaf_canon_children_Tully_1_born_variable' is set but is never used. Note that use in localization doesn't count due to technical limitations. Use in unused scripted triggers and effects also does not count
[03:48:25][jomini_effect.cpp:1145] [original line 10802] Variable 'color' is set but is never used. Note that use in localization doesn't count due to technical limitations. Use in unused scripted triggers and effects also does not count
[03:48:25][jomini_effect.cpp:1145] [original line 10803] Variable 'asoiaf_canon_children_Stark_1_born_variable' is set but is never used. Note that use in localization doesn't count due to technical limitations. Use in unused scripted triggers and effects also does not count
[03:48:25][jomini_effect.cpp:1145] [original line 10804] Variable 'asoiaf_canon_children_Lannister_129_born_variable' is set but is never used. Note that use in localization doesn't count due to technical limitations. Use in unused scripted triggers and effects also does not count
[03:48:25][jomini_effect.cpp:1145] [original line 10805] Variable 'agot_faegon_jae_birth_year' is set but is never used. Note that use in localization doesn't count due to technical limitations. Use in unused scripted triggers and effects also does not count
[03:48:25][jomini_effect.cpp:1145] [original line 10806] Variable 'asoiaf_canon_children_Cole_11_born_variable' is set but is never used. Note that use in localization doesn't count due to technical limitations. Use in unused scripted triggers and effects also does not count
[03:48:25][jomini_effect.cpp:1145] [original line 10807] Variable 'asoiaf_canon_children_Targaryen_96_born_variable' is set but is never used. Note that use in localization doesn't count due to technical limitations. Use in unused scripted triggers and effects also does not count
[03:48:25][jomini_effect.cpp:1145] [original line 10808] Variable 'asoiaf_canon_children_Targaryen_95_born_variable' is set but is never used. Note that use in localization doesn't count due to technical limitations. Use in unused scripted triggers and effects also does not count
[03:48:25][jomini_effect.cpp:1145] [original line 10809] Variable 'asoiaf_canon_children_Baelish_2_born_variable' is set but is never used. Note that use in localization doesn't count due to technical limitations. Use in unused scripted triggers and effects also does not count
[03:48:25][jomini_effect.cpp:1145] [original line 10810] Variable 'DI_artifact_category_display' is set but is never used. Note that use in localization doesn't count due to technical limitations. Use in unused scripted triggers and effects also does not count
[03:48:25][jomini_effect.cpp:1145] [original line 10811] Variable 'asoiaf_canon_children_Baratheon_baby_born_variable' is set but is never used. Note that use in localization doesn't count due to technical limitations. Use in unused scripted triggers and effects also does not count
[03:48:25][jomini_effect.cpp:1145] [original line 10812] Variable 'asoiaf_canon_children_Baratheon_75_born_variable' is set but is never used. Note that use in localization doesn't count due to technical limitations. Use in unused scripted triggers and effects also does not count
[03:48:25][jomini_effect.cpp:1161] [original line 10813] Event target 'asoiaf_targaryen_invasion_claimant' is used but is never set. Setting it in an unused scripted trigger or effect does not count
[03:48:25][static_modifier.cpp:200] [original line 10814] Modifier 'lucerys_gun_modifier' was not used by the script or code but exists in the database, this is a waste
[03:48:25][static_modifier.cpp:200] [original line 10815] Modifier 'artifact_monthly_piety_negative_1_modifier' was not used by the script or code but exists in the database, this is a waste
[03:48:25][static_modifier.cpp:200] [original line 10816] Modifier 'artifact_monthly_martial_lifestyle_xp_1_negative_modifier' was not used by the script or code but exists in the database, this is a waste
[03:48:25][static_modifier.cpp:200] [original line 10817] Modifier 'asoiaf_oathkeeper_modifier' was not used by the script or code but exists in the database, this is a waste
[03:48:25][static_modifier.cpp:200] [original line 10818] Modifier 'asoiaf_stark_throne_modifier' was not used by the script or code but exists in the database, this is a waste
[03:48:25][static_modifier.cpp:200] [original line 10819] Modifier 'asoiaf_Karstark_4_modifier' was not used by the script or code but exists in the database, this is a waste
[03:48:31][jomini_eventmanager.cpp:372] [original line 10872] Event buy_valyrian_mask.0001 is orphaned
[03:48:31][jomini_eventmanager.cpp:372] [original line 10873] Event asoiaf_young_griff_landing_events.2 is orphaned
[03:48:31][jomini_eventmanager.cpp:372] [original line 10874] Event asoiaf_mega_war_events.0001 is orphaned
[03:48:31][pdx_assert.cpp:619] [original line 10875] Assertion failed: Achievements not loaded correctly
[03:48:31][databases.h:36] [original line 10876] Key rf_valyrian not found at Database: common/religion/religion_family_types
[03:48:31][databases.h:36] [original line 10877] Key tgp_minister_recruit_courtiers_decision not found at Database: common/decisions
[03:48:32][pdx_persistent_reader.cpp:216] [original line 10878] Error: "Failed to read key reference: Forrester_asoiaf_1: Forrester_asoiaf_1, near line: 5190" in file: "history/characters/asoiaf_char_dummies.txt" near line: 5190
[03:48:32][pdx_persistent_reader.cpp:216] [original line 10879] Error: "Unexpected token: birth, near line: 6606" in file: "history/characters/asoiaf_char_dummies.txt" near line: 6606
[03:48:32][pdx_persistent_reader.cpp:216] [original line 10880] Error: "Unexpected token: effect, near line: 6607" in file: "history/characters/asoiaf_char_dummies.txt" near line: 6607
[03:48:32][history.cpp:1014] [original line 10881] No birth date for character at: file: history/characters/asoiaf_char_dummies.txt line: 6597
[03:48:32][pdx_persistent_reader.cpp:216] [original line 10882] Error: "Failed to read key reference: none: none, near line: 6647" in file: "history/characters/asoiaf_char_dummies.txt" near line: 6647
[03:48:32][pdx_persistent_reader.cpp:216] [original line 10883] Error: "Failed to read key reference: Baratheon_asoiaf_baby: Baratheon_asoiaf_baby, near line: 7" in file: "history/characters/asoiaf_char_stormlands.txt" near line: 7
[03:48:32][pdx_persistent_reader.cpp:216] [original line 10884] Error: "Failed to read key reference: asoiaf_Toth_1: asoiaf_Toth_1, near line: 54" in file: "history/characters/asoiaf_char_vanity.txt" near line: 54
[03:48:32][pdx_persistent_reader.cpp:216] [original line 10885] Error: "Failed to read key reference: asoiaf_Toth_rs_1: asoiaf_Toth_rs_1, near line: 84" in file: "history/characters/asoiaf_char_vanity.txt" near line: 84
[03:48:32][pdx_persistent_reader.cpp:216] [original line 10886] Error: "Failed to read key reference: asoiaf_Erik_father: asoiaf_Erik_father, near line: 185" in file: "history/characters/asoiaf_char_vanity.txt" near line: 185
[03:48:32][pdx_persistent_reader.cpp:216] [original line 10887] Error: "Failed to read key reference: asoiaf_Erik_mother: asoiaf_Erik_mother, near line: 215" in file: "history/characters/asoiaf_char_vanity.txt" near line: 215
[03:48:32][pdx_persistent_reader.cpp:216] [original line 10888] Error: "Failed to read key reference: asoiaf_Henry_mother: asoiaf_Henry_mother, near line: 299" in file: "history/characters/asoiaf_char_vanity.txt" near line: 299
[03:48:32][pdx_persistent_reader.cpp:216] [original line 10889] Error: "Failed to read key reference: asoiaf_Martin: asoiaf_Martin, near line: 347" in file: "history/characters/asoiaf_char_vanity.txt" near line: 347
[03:48:32][pdx_persistent_reader.cpp:216] [original line 10890] Error: "Failed to read key reference: asoiaf_Kobyla_1: asoiaf_Kobyla_1, near line: 398" in file: "history/characters/asoiaf_char_vanity.txt" near line: 398
[03:48:32][pdx_persistent_reader.cpp:216] [original line 10891] Error: "Failed to read key reference: asoiaf_Ronov_1: asoiaf_Ronov_1, near line: 522" in file: "history/characters/asoiaf_char_vanity.txt" near line: 522
[03:48:32][pdx_persistent_reader.cpp:216] [original line 10892] Error: "Failed to read key reference: asoiaf_Ronov_rs_1: asoiaf_Ronov_rs_1, near line: 556" in file: "history/characters/asoiaf_char_vanity.txt" near line: 556
[03:48:32][pdx_persistent_reader.cpp:216] [original line 10893] Error: "Failed to read key reference: asoiaf_Ronov_2: asoiaf_Ronov_2, near line: 583" in file: "history/characters/asoiaf_char_vanity.txt" near line: 583
[03:48:32][pdx_persistent_reader.cpp:216] [original line 10894] Error: "Failed to read key reference: asoiaf_Ronov_rs_2: asoiaf_Ronov_rs_2, near line: 626" in file: "history/characters/asoiaf_char_vanity.txt" near line: 626
[03:48:32][pdx_persistent_reader.cpp:216] [original line 10895] Error: "Failed to read key reference: asoiaf_Ronov_3: asoiaf_Ronov_3, near line: 653" in file: "history/characters/asoiaf_char_vanity.txt" near line: 653
[03:48:32][pdx_persistent_reader.cpp:216] [original line 10896] Error: "Failed to read key reference: asoiaf_Ronov_rs_3: asoiaf_Ronov_rs_3, near line: 696" in file: "history/characters/asoiaf_char_vanity.txt" near line: 696
[03:48:32][pdx_persistent_reader.cpp:216] [original line 10897] Error: "Failed to read key reference: asoiaf_Ronov_4: asoiaf_Ronov_4, near line: 723" in file: "history/characters/asoiaf_char_vanity.txt" near line: 723
[03:48:32][pdx_persistent_reader.cpp:216] [original line 10898] Error: "Failed to read key reference: asoiaf_Ronov_5: asoiaf_Ronov_5, near line: 760" in file: "history/characters/asoiaf_char_vanity.txt" near line: 760
[03:48:32][pdx_persistent_reader.cpp:216] [original line 10899] Error: "Failed to read key reference: asoiaf_Leipa_1: asoiaf_Leipa_1, near line: 797" in file: "history/characters/asoiaf_char_vanity.txt" near line: 797
[03:48:32][pdx_persistent_reader.cpp:216] [original line 10900] Error: "Failed to read key reference: asoiaf_Leipa_rs_1: asoiaf_Leipa_rs_1, near line: 837" in file: "history/characters/asoiaf_char_vanity.txt" near line: 837
[03:48:32][pdx_persistent_reader.cpp:216] [original line 10901] Error: "Failed to read key reference: asoiaf_Ronov_6: asoiaf_Ronov_6, near line: 864" in file: "history/characters/asoiaf_char_vanity.txt" near line: 864
[03:48:32][pdx_persistent_reader.cpp:216] [original line 10902] Error: "Failed to read key reference: asoiaf_Ronov_rs_6: asoiaf_Ronov_rs_6, near line: 904" in file: "history/characters/asoiaf_char_vanity.txt" near line: 904
[03:48:32][pdx_persistent_reader.cpp:216] [original line 10903] Error: "Failed to read key reference: asoiaf_Leipa_2: asoiaf_Leipa_2, near line: 936" in file: "history/characters/asoiaf_char_vanity.txt" near line: 936
[03:48:32][pdx_persistent_reader.cpp:216] [original line 10904] Error: "Failed to read key reference: asoiaf_Leipa_rs_2: asoiaf_Leipa_rs_2, near line: 973" in file: "history/characters/asoiaf_char_vanity.txt" near line: 973
[03:48:32][pdx_persistent_reader.cpp:216] [original line 10905] Error: "Failed to read key reference: asoiaf_Leipa_3: asoiaf_Leipa_3, near line: 1000" in file: "history/characters/asoiaf_char_vanity.txt" near line: 1000
[03:48:32][pdx_persistent_reader.cpp:216] [original line 10906] Error: "Failed to read key reference: asoiaf_Leipa_rs_3: asoiaf_Leipa_rs_3, near line: 1051" in file: "history/characters/asoiaf_char_vanity.txt" near line: 1051
[03:48:32][pdx_persistent_reader.cpp:216] [original line 10907] Error: "Failed to read key reference: asoiaf_Leipa_4: asoiaf_Leipa_4, near line: 1084" in file: "history/characters/asoiaf_char_vanity.txt" near line: 1084
[03:48:32][pdx_persistent_reader.cpp:216] [original line 10908] Error: "Failed to read key reference: asoiaf_Leipa_rs_4: asoiaf_Leipa_rs_4, near line: 1129" in file: "history/characters/asoiaf_char_vanity.txt" near line: 1129
[03:48:32][pdx_persistent_reader.cpp:216] [original line 10909] Error: "Failed to read key reference: asoiaf_Leipa_5: asoiaf_Leipa_5, near line: 1156" in file: "history/characters/asoiaf_char_vanity.txt" near line: 1156
[03:48:32][pdx_persistent_reader.cpp:216] [original line 10910] Error: "Failed to read key reference: asoiaf_Leipa_6: asoiaf_Leipa_6, near line: 1186" in file: "history/characters/asoiaf_char_vanity.txt" near line: 1186
[03:48:32][pdx_persistent_reader.cpp:216] [original line 10911] Error: "Failed to read key reference: asoiaf_Leipa_7: asoiaf_Leipa_7, near line: 1216" in file: "history/characters/asoiaf_char_vanity.txt" near line: 1216
[03:48:32][pdx_persistent_reader.cpp:216] [original line 10912] Error: "Failed to read key reference: asoiaf_Leipa_8: asoiaf_Leipa_8, near line: 1253" in file: "history/characters/asoiaf_char_vanity.txt" near line: 1253
[03:48:32][pdx_persistent_reader.cpp:216] [original line 10913] Error: "Failed to read key reference: asoiaf_Leipa_9: asoiaf_Leipa_9, near line: 1283" in file: "history/characters/asoiaf_char_vanity.txt" near line: 1283
[03:48:32][pdx_persistent_reader.cpp:216] [original line 10914] Error: "Failed to read key reference: asoiaf_Leipa_10: asoiaf_Leipa_10, near line: 1320" in file: "history/characters/asoiaf_char_vanity.txt" near line: 1320
[03:48:32][pdx_persistent_reader.cpp:216] [original line 10915] Error: "Failed to read key reference: asoiaf_Leipa_rs_10: asoiaf_Leipa_rs_10, near line: 1357" in file: "history/characters/asoiaf_char_vanity.txt" near line: 1357
[03:48:32][pdx_persistent_reader.cpp:216] [original line 10916] Error: "Failed to read key reference: asoiaf_Leipa_11: asoiaf_Leipa_11, near line: 1384" in file: "history/characters/asoiaf_char_vanity.txt" near line: 1384
[03:48:32][pdx_persistent_reader.cpp:216] [original line 10917] Error: "Failed to read key reference: asoiaf_Leipa_rs_11: asoiaf_Leipa_rs_11, near line: 1421" in file: "history/characters/asoiaf_char_vanity.txt" near line: 1421
[03:48:32][pdx_persistent_reader.cpp:216] [original line 10918] Error: "Failed to read key reference: asoiaf_Capon_1: asoiaf_Capon_1, near line: 1451" in file: "history/characters/asoiaf_char_vanity.txt" near line: 1451
[03:48:32][pdx_persistent_reader.cpp:216] [original line 10919] Error: "Failed to read key reference: asoiaf_Capon_rs_1: asoiaf_Capon_rs_1, near line: 1499" in file: "history/characters/asoiaf_char_vanity.txt" near line: 1499
[03:48:32][pdx_persistent_reader.cpp:216] [original line 10920] Error: "Failed to read key reference: asoiaf_Leipa_13: asoiaf_Leipa_13, near line: 1633" in file: "history/characters/asoiaf_char_vanity.txt" near line: 1633
[03:48:32][pdx_persistent_reader.cpp:216] [original line 10921] Error: "Failed to read key reference: asoiaf_Leipa_14: asoiaf_Leipa_14, near line: 1663" in file: "history/characters/asoiaf_char_vanity.txt" near line: 1663
[03:48:32][pdx_persistent_reader.cpp:216] [original line 10922] Error: "Failed to read key reference: asoiaf_Leipa_15: asoiaf_Leipa_15, near line: 1700" in file: "history/characters/asoiaf_char_vanity.txt" near line: 1700
[03:48:32][pdx_persistent_reader.cpp:216] [original line 10923] Error: "Failed to read key reference: asoiaf_Leipa_16: asoiaf_Leipa_16, near line: 1737" in file: "history/characters/asoiaf_char_vanity.txt" near line: 1737
[03:48:32][pdx_persistent_reader.cpp:216] [original line 10924] Error: "Failed to read key reference: asoiaf_Leipa_17: asoiaf_Leipa_17, near line: 1767" in file: "history/characters/asoiaf_char_vanity.txt" near line: 1767
[03:48:32][pdx_persistent_reader.cpp:216] [original line 10925] Error: "Failed to read key reference: asoiaf_Lichtenburg_1: asoiaf_Lichtenburg_1, near line: 1806" in file: "history/characters/asoiaf_char_vanity.txt" near line: 1806
[03:48:32][pdx_persistent_reader.cpp:216] [original line 10926] Error: "Failed to read key reference: asoiaf_Lichtenburg_rs_1: asoiaf_Lichtenburg_rs_1, near line: 1846" in file: "history/characters/asoiaf_char_vanity.txt" near line: 1846
[03:48:32][pdx_persistent_reader.cpp:216] [original line 10927] Error: "Failed to read key reference: asoiaf_Lichtenburg_rs_2: asoiaf_Lichtenburg_rs_2, near line: 1872" in file: "history/characters/asoiaf_char_vanity.txt" near line: 1872
[03:48:32][pdx_persistent_reader.cpp:216] [original line 10928] Error: "Failed to read key reference: asoiaf_Lichtenburg_2: asoiaf_Lichtenburg_2, near line: 1902" in file: "history/characters/asoiaf_char_vanity.txt" near line: 1902
[03:48:32][pdx_persistent_reader.cpp:216] [original line 10929] Error: "Failed to read key reference: asoiaf_Lichtenburg_3: asoiaf_Lichtenburg_3, near line: 1939" in file: "history/characters/asoiaf_char_vanity.txt" near line: 1939
[03:48:32][pdx_persistent_reader.cpp:216] [original line 10930] Error: "Failed to read key reference: asoiaf_Lichtenburg_rs_3: asoiaf_Lichtenburg_rs_3, near line: 1976" in file: "history/characters/asoiaf_char_vanity.txt" near line: 1976
[03:48:32][pdx_persistent_reader.cpp:216] [original line 10931] Error: "Failed to read key reference: asoiaf_Lichtenburg_4: asoiaf_Lichtenburg_4, near line: 2003" in file: "history/characters/asoiaf_char_vanity.txt" near line: 2003
[03:48:32][pdx_persistent_reader.cpp:216] [original line 10932] Error: "Failed to read key reference: asoiaf_Lichtenburg_rs_4: asoiaf_Lichtenburg_rs_4, near line: 2043" in file: "history/characters/asoiaf_char_vanity.txt" near line: 2043
[03:48:32][pdx_persistent_reader.cpp:216] [original line 10933] Error: "Failed to read key reference: asoiaf_Lichtenburg_5: asoiaf_Lichtenburg_5, near line: 2075" in file: "history/characters/asoiaf_char_vanity.txt" near line: 2075
[03:48:32][pdx_persistent_reader.cpp:216] [original line 10934] Error: "Failed to read key reference: asoiaf_Lichtenburg_rs_5: asoiaf_Lichtenburg_rs_5, near line: 2112" in file: "history/characters/asoiaf_char_vanity.txt" near line: 2112
[03:48:32][pdx_persistent_reader.cpp:216] [original line 10935] Error: "Failed to read key reference: asoiaf_Zleb_1: asoiaf_Zleb_1, near line: 2139" in file: "history/characters/asoiaf_char_vanity.txt" near line: 2139
[03:48:32][pdx_persistent_reader.cpp:216] [original line 10936] Error: "Failed to read key reference: asoiaf_Zleb_rs_1: asoiaf_Zleb_rs_1, near line: 2176" in file: "history/characters/asoiaf_char_vanity.txt" near line: 2176
[03:48:32][pdx_persistent_reader.cpp:216] [original line 10937] Error: "Failed to read key reference: asoiaf_Lichtenburg_6: asoiaf_Lichtenburg_6, near line: 2203" in file: "history/characters/asoiaf_char_vanity.txt" near line: 2203
[03:48:32][pdx_persistent_reader.cpp:216] [original line 10938] Error: "Failed to read key reference: asoiaf_Lichtenburg_7: asoiaf_Lichtenburg_7, near line: 2240" in file: "history/characters/asoiaf_char_vanity.txt" near line: 2240
[03:48:32][pdx_persistent_reader.cpp:216] [original line 10939] Error: "Failed to read key reference: asoiaf_Lichtenburg_rs_7: asoiaf_Lichtenburg_rs_7, near line: 2277" in file: "history/characters/asoiaf_char_vanity.txt" near line: 2277
[03:48:32][pdx_persistent_reader.cpp:216] [original line 10940] Error: "Failed to read key reference: asoiaf_Lichtenburg_8: asoiaf_Lichtenburg_8, near line: 2307" in file: "history/characters/asoiaf_char_vanity.txt" near line: 2307
[03:48:32][pdx_persistent_reader.cpp:216] [original line 10941] Error: "Failed to read key reference: asoiaf_Bitov_1: asoiaf_Bitov_1, near line: 2346" in file: "history/characters/asoiaf_char_vanity.txt" near line: 2346
[03:48:32][pdx_persistent_reader.cpp:216] [original line 10942] Error: "Failed to read key reference: asoiaf_Bitov_rs_1: asoiaf_Bitov_rs_1, near line: 2383" in file: "history/characters/asoiaf_char_vanity.txt" near line: 2383
[03:48:32][pdx_persistent_reader.cpp:216] [original line 10943] Error: "Failed to read key reference: asoiaf_Bitov_2: asoiaf_Bitov_2, near line: 2410" in file: "history/characters/asoiaf_char_vanity.txt" near line: 2410
[03:48:32][pdx_persistent_reader.cpp:216] [original line 10944] Error: "Failed to read key reference: asoiaf_Bitov_3: asoiaf_Bitov_3, near line: 2447" in file: "history/characters/asoiaf_char_vanity.txt" near line: 2447
[03:48:32][pdx_persistent_reader.cpp:216] [original line 10945] Error: "Failed to read key reference: asoiaf_Bitov_rs_3: asoiaf_Bitov_rs_3, near line: 2484" in file: "history/characters/asoiaf_char_vanity.txt" near line: 2484
[03:48:32][pdx_persistent_reader.cpp:216] [original line 10946] Error: "Failed to read key reference: asoiaf_Bitov_4: asoiaf_Bitov_4, near line: 2511" in file: "history/characters/asoiaf_char_vanity.txt" near line: 2511
[03:48:32][pdx_persistent_reader.cpp:216] [original line 10947] Error: "Failed to read key reference: asoiaf_Bitov_5: asoiaf_Bitov_5, near line: 2544" in file: "history/characters/asoiaf_char_vanity.txt" near line: 2544
[03:48:32][pdx_persistent_reader.cpp:216] [original line 10948] Error: "Failed to read key reference: asoiaf_Bitov_6: asoiaf_Bitov_6, near line: 2574" in file: "history/characters/asoiaf_char_vanity.txt" near line: 2574
[03:48:32][pdx_persistent_reader.cpp:216] [original line 10949] Error: "Failed to read key reference: asoiaf_Bitov_7: asoiaf_Bitov_7, near line: 2611" in file: "history/characters/asoiaf_char_vanity.txt" near line: 2611
[03:48:32][pdx_persistent_reader.cpp:216] [original line 10950] Error: "Failed to read key reference: asoiaf_Bitov_8: asoiaf_Bitov_8, near line: 2650" in file: "history/characters/asoiaf_char_vanity.txt" near line: 2650
[03:48:32][pdx_persistent_reader.cpp:216] [original line 10951] Error: "Failed to read key reference: asoiaf_Bitov_rs_8: asoiaf_Bitov_rs_8, near line: 2687" in file: "history/characters/asoiaf_char_vanity.txt" near line: 2687
[03:48:32][pdx_persistent_reader.cpp:216] [original line 10952] Error: "Failed to read key reference: asoiaf_Bitov_9: asoiaf_Bitov_9, near line: 2714" in file: "history/characters/asoiaf_char_vanity.txt" near line: 2714
[03:48:32][pdx_persistent_reader.cpp:216] [original line 10953] Error: "Failed to read key reference: asoiaf_Bitov_10: asoiaf_Bitov_10, near line: 2746" in file: "history/characters/asoiaf_char_vanity.txt" near line: 2746
[03:48:32][pdx_persistent_reader.cpp:216] [original line 10954] Error: "Failed to read key reference: asoiaf_Bitov_11: asoiaf_Bitov_11, near line: 2783" in file: "history/characters/asoiaf_char_vanity.txt" near line: 2783
[03:48:32][pdx_persistent_reader.cpp:216] [original line 10955] Error: "Failed to read key reference: asoiaf_Bitov_rs_11: asoiaf_Bitov_rs_11, near line: 2820" in file: "history/characters/asoiaf_char_vanity.txt" near line: 2820
[03:48:32][pdx_persistent_reader.cpp:216] [original line 10956] Error: "Failed to read key reference: asoiaf_Bitov_12: asoiaf_Bitov_12, near line: 2847" in file: "history/characters/asoiaf_char_vanity.txt" near line: 2847
[03:48:32][pdx_persistent_reader.cpp:216] [original line 10957] Error: "Failed to read key reference: asoiaf_Bitov_rs_12: asoiaf_Bitov_rs_12, near line: 2884" in file: "history/characters/asoiaf_char_vanity.txt" near line: 2884
[03:48:32][pdx_persistent_reader.cpp:216] [original line 10958] Error: "Failed to read key reference: asoiaf_Bitov_13: asoiaf_Bitov_13, near line: 2911" in file: "history/characters/asoiaf_char_vanity.txt" near line: 2911
[03:48:32][pdx_persistent_reader.cpp:216] [original line 10959] Error: "Failed to read key reference: asoiaf_Bitov_14: asoiaf_Bitov_14, near line: 2948" in file: "history/characters/asoiaf_char_vanity.txt" near line: 2948
[03:48:32][pdx_persistent_reader.cpp:216] [original line 10960] Error: "Failed to read key reference: asoiaf_Bitov_15: asoiaf_Bitov_15, near line: 2985" in file: "history/characters/asoiaf_char_vanity.txt" near line: 2985
[03:48:32][pdx_persistent_reader.cpp:216] [original line 10961] Error: "Failed to read key reference: asoiaf_Bitov_16: asoiaf_Bitov_16, near line: 3022" in file: "history/characters/asoiaf_char_vanity.txt" near line: 3022
[03:48:32][pdx_persistent_reader.cpp:216] [original line 10962] Error: "Failed to read key reference: asoiaf_Bitov_17: asoiaf_Bitov_17, near line: 3059" in file: "history/characters/asoiaf_char_vanity.txt" near line: 3059
[03:48:32][pdx_persistent_reader.cpp:216] [original line 10963] Error: "Failed to read key reference: asoiaf_Bitov_rs_17: asoiaf_Bitov_rs_17, near line: 3096" in file: "history/characters/asoiaf_char_vanity.txt" near line: 3096
[03:48:32][pdx_persistent_reader.cpp:216] [original line 10964] Error: "Failed to read key reference: asoiaf_Bitov_18: asoiaf_Bitov_18, near line: 3123" in file: "history/characters/asoiaf_char_vanity.txt" near line: 3123
[03:48:32][pdx_persistent_reader.cpp:216] [original line 10965] Error: "Failed to read key reference: asoiaf_Bitov_rs_18: asoiaf_Bitov_rs_18, near line: 3160" in file: "history/characters/asoiaf_char_vanity.txt" near line: 3160
[03:48:32][pdx_persistent_reader.cpp:216] [original line 10966] Error: "Failed to read key reference: asoiaf_Bitov_19: asoiaf_Bitov_19, near line: 3187" in file: "history/characters/asoiaf_char_vanity.txt" near line: 3187
[03:48:32][pdx_persistent_reader.cpp:216] [original line 10967] Error: "Failed to read key reference: asoiaf_Bitov_20: asoiaf_Bitov_20, near line: 3224" in file: "history/characters/asoiaf_char_vanity.txt" near line: 3224
[03:48:32][pdx_persistent_reader.cpp:216] [original line 10968] Error: "Failed to read key reference: asoiaf_Bitov_21: asoiaf_Bitov_21, near line: 3261" in file: "history/characters/asoiaf_char_vanity.txt" near line: 3261
[03:48:32][pdx_persistent_reader.cpp:216] [original line 10969] Error: "Failed to read key reference: asoiaf_Bitov_22: asoiaf_Bitov_22, near line: 3291" in file: "history/characters/asoiaf_char_vanity.txt" near line: 3291
[03:48:32][pdx_persistent_reader.cpp:216] [original line 10970] Error: "Failed to read key reference: asoiaf_Bitov_23: asoiaf_Bitov_23, near line: 3328" in file: "history/characters/asoiaf_char_vanity.txt" near line: 3328
[03:48:32][pdx_persistent_reader.cpp:216] [original line 10971] Error: "Failed to read key reference: asoiaf_Bitov_24: asoiaf_Bitov_24, near line: 3365" in file: "history/characters/asoiaf_char_vanity.txt" near line: 3365
[03:48:32][pdx_persistent_reader.cpp:216] [original line 10972] Error: "Failed to read key reference: asoiaf_Bitov_rs_24: asoiaf_Bitov_rs_24, near line: 3402" in file: "history/characters/asoiaf_char_vanity.txt" near line: 3402
[03:48:32][pdx_persistent_reader.cpp:216] [original line 10973] Error: "Failed to read key reference: asoiaf_Bitov_25: asoiaf_Bitov_25, near line: 3429" in file: "history/characters/asoiaf_char_vanity.txt" near line: 3429
[03:48:32][pdx_persistent_reader.cpp:216] [original line 10974] Error: "Failed to read key reference: asoiaf_Bitov_26: asoiaf_Bitov_26, near line: 3466" in file: "history/characters/asoiaf_char_vanity.txt" near line: 3466
[03:48:32][pdx_persistent_reader.cpp:216] [original line 10975] Error: "Failed to read key reference: asoiaf_Bitov_27: asoiaf_Bitov_27, near line: 3503" in file: "history/characters/asoiaf_char_vanity.txt" near line: 3503
[03:48:32][pdx_persistent_reader.cpp:216] [original line 10976] Error: "Failed to read key reference: asoiaf_Bitov_28: asoiaf_Bitov_28, near line: 3533" in file: "history/characters/asoiaf_char_vanity.txt" near line: 3533
[03:48:32][pdx_persistent_reader.cpp:216] [original line 10977] Error: "Failed to read key reference: asoiaf_Bitov_29: asoiaf_Bitov_29, near line: 3563" in file: "history/characters/asoiaf_char_vanity.txt" near line: 3563
[03:48:32][pdx_persistent_reader.cpp:216] [original line 10978] Error: "Failed to read key reference: asoiaf_Bitov_rs_29: asoiaf_Bitov_rs_29, near line: 3600" in file: "history/characters/asoiaf_char_vanity.txt" near line: 3600
[03:48:32][pdx_persistent_reader.cpp:216] [original line 10979] Error: "Failed to read key reference: asoiaf_Bitov_30: asoiaf_Bitov_30, near line: 3627" in file: "history/characters/asoiaf_char_vanity.txt" near line: 3627
[03:48:32][jomini_script_system.cpp:303] [original line 10980] Script system error!
  Error: add_trait effect [ target: Not found in database class CTraitDatabase ]
  Script location: file: history/characters/asoiaf_char_stormlands.txt line: 152
[03:48:32][jomini_effect.cpp:139] [original line 10984] PostValidate of effect 'add_trait' returned false at file: history/characters/asoiaf_char_stormlands.txt line: 152
[03:48:32][jomini_effect.cpp:1161] [original line 10985] Flag 'viserys' is used but is never set. Setting it in an unused scripted trigger or effect does not count
[03:48:32][jomini_effect.cpp:1161] [original line 10986] Flag 'faegon' is used but is never set. Setting it in an unused scripted trigger or effect does not count
[03:48:32][jomini_effect.cpp:1161] [original line 10987] Flag 'roland_crown' is used but is never set. Setting it in an unused scripted trigger or effect does not count
[03:48:32][jomini_effect.cpp:1161] [original line 10988] Flag 'dany' is used but is never set. Setting it in an unused scripted trigger or effect does not count
[03:48:32][jomini_effect.cpp:1161] [original line 10989] Flag 'unknown_holding' is used but is never set. Setting it in an unused scripted trigger or effect does not count
[03:48:32][jomini_effect.cpp:1161] [original line 10990] Flag 'iceFire' is used but is never set. Setting it in an unused scripted trigger or effect does not count
[03:48:32][jomini_effect.cpp:1161] [original line 10991] Flag 'pirate_den_holding' is used but is never set. Setting it in an unused scripted trigger or effect does not count
[03:48:32][jomini_effect.cpp:1161] [original line 10992] Flag 'monastery_holding' is used but is never set. Setting it in an unused scripted trigger or effect does not count
[03:48:32][jomini_effect.cpp:1161] [original line 10993] Flag 'ruin_holding' is used but is never set. Setting it in an unused scripted trigger or effect does not count
[03:48:32][jomini_effect.cpp:1161] [original line 10994] Flag 'blackDarkRed' is used but is never set. Setting it in an unused scripted trigger or effect does not count
[03:48:32][jomini_effect.cpp:1161] [original line 10995] Flag 'settlement_holding' is used but is never set. Setting it in an unused scripted trigger or effect does not count
[03:48:32][jomini_effect.cpp:1161] [original line 10996] Flag 'highlight_special_buildings_map' is used but is never set. Setting it in an unused scripted trigger or effect does not count
[03:48:32][jomini_effect.cpp:1161] [original line 10997] Flag 'wilderness_holding' is used but is never set. Setting it in an unused scripted trigger or effect does not count
[03:48:32][jomini_effect.cpp:1145] [original line 10998] Flag 'highlight_cow_provinces_map' is set but is never used. Note that use in localization doesn't count due to technical limitations. Use in unused scripted triggers and effects also does not count
[03:48:32][jomini_effect.cpp:1145] [original line 10999] Flag 'all_found' is set but is never used. Note that use in localization doesn't count due to technical limitations. Use in unused scripted triggers and effects also does not count
[03:48:32][jomini_effect.cpp:1145] [original line 11000] Flag 'DI_subtype_throne' is set but is never used. Note that use in localization doesn't count due to technical limitations. Use in unused scripted triggers and effects also does not count
[03:48:32][jomini_effect.cpp:1145] [original line 11001] Flag 'global' is set but is never used. Note that use in localization doesn't count due to technical limitations. Use in unused scripted triggers and effects also does not count
[03:48:32][jomini_effect.cpp:1161] [original line 11002] Variable 'Aotk_enabled' is used but is never set. Setting it in an unused scripted trigger or effect does not count
[03:48:32][jomini_effect.cpp:1161] [original line 11003] Variable 'asoiaf_Stark_101_cc' is used but is never set. Setting it in an unused scripted trigger or effect does not count
[03:48:32][jomini_effect.cpp:1161] [original line 11004] Variable 'highlight_cow_provinces_map' is used but is never set. Setting it in an unused scripted trigger or effect does not count
[03:48:32][jomini_effect.cpp:1161] [original line 11005] Variable 'faegon_main_character' is used but is never set. Setting it in an unused scripted trigger or effect does not count
[03:48:32][jomini_effect.cpp:1161] [original line 11006] Variable 'asoiaf_canon_children_Targaryen_98_born_variable' is used but is never set. Setting it in an unused scripted trigger or effect does not count
[03:48:32][jomini_effect.cpp:1161] [original line 11007] Variable 'asoiaf_Stark_103_cc' is used but is never set. Setting it in an unused scripted trigger or effect does not count
[03:48:32][jomini_effect.cpp:1161] [original line 11008] Variable 'asoiaf_canon_children_Targaryen_100_born_variable' is used but is never set. Setting it in an unused scripted trigger or effect does not count
[03:48:32][jomini_effect.cpp:1161] [original line 11009] Variable 'is_Durrandon_51' is used but is never set. Setting it in an unused scripted trigger or effect does not count
[03:48:32][jomini_effect.cpp:1161] [original line 11010] Variable 'asoiaf_Stark_7_cc' is used but is never set. Setting it in an unused scripted trigger or effect does not count
[03:48:32][jomini_effect.cpp:1161] [original line 11011] Variable 'asoiaf_Stark_96_cc' is used but is never set. Setting it in an unused scripted trigger or effect does not count
[03:48:32][jomini_effect.cpp:1161] [original line 11012] Variable 'asoiaf_Stark_8_cc' is used but is never set. Setting it in an unused scripted trigger or effect does not count
[03:48:32][jomini_effect.cpp:1161] [original line 11013] Variable 'darksister' is used but is never set. Setting it in an unused scripted trigger or effect does not count
[03:48:32][jomini_effect.cpp:1161] [original line 11014] Variable 'asoiaf_Stark_6_cc' is used but is never set. Setting it in an unused scripted trigger or effect does not count
[03:48:32][jomini_effect.cpp:1161] [original line 11015] Variable 'asoiaf_canon_children_Targaryen_101_born_variable' is used but is never set. Setting it in an unused scripted trigger or effect does not count
[03:48:32][jomini_effect.cpp:1161] [original line 11016] Variable 'captains_sword' is used but is never set. Setting it in an unused scripted trigger or effect does not count
[03:48:32][jomini_effect.cpp:1161] [original line 11017] Variable 'crown_aegon_baelor_artifact' is used but is never set. Setting it in an unused scripted trigger or effect does not count
[03:48:32][jomini_effect.cpp:1161] [original line 11018] Variable 'brightboar_enabled' is used but is never set. Setting it in an unused scripted trigger or effect does not count
[03:48:32][jomini_effect.cpp:1161] [original line 11019] Variable 'tgc_enabled' is used but is never set. Setting it in an unused scripted trigger or effect does not count
[03:48:32][jomini_effect.cpp:1161] [original line 11020] Variable 'asoiaf_Stark_4_cc' is used but is never set. Setting it in an unused scripted trigger or effect does not count
[03:48:32][jomini_effect.cpp:1161] [original line 11021] Variable 'asoiaf_Stark_94_cc' is used but is never set. Setting it in an unused scripted trigger or effect does not count
[03:48:32][jomini_effect.cpp:1161] [original line 11022] Variable 'asoiaf_Stark_87_cc' is used but is never set. Setting it in an unused scripted trigger or effect does not count
[03:48:32][jomini_effect.cpp:1161] [original line 11023] Variable 'blackfyre' is used but is never set. Setting it in an unused scripted trigger or effect does not count
[03:48:32][jomini_effect.cpp:1161] [original line 11024] Variable 'asoiaf_Stark_100_cc' is used but is never set. Setting it in an unused scripted trigger or effect does not count
[03:48:32][jomini_effect.cpp:1161] [original line 11025] Variable 'maekars_crown' is used but is never set. Setting it in an unused scripted trigger or effect does not count
[03:48:32][jomini_effect.cpp:1161] [original line 11026] Variable 'asoiaf_Stark_98_cc' is used but is never set. Setting it in an unused scripted trigger or effect does not count
[03:48:32][jomini_effect.cpp:1161] [original line 11027] Variable 'asoiaf_Stark_86_cc' is used but is never set. Setting it in an unused scripted trigger or effect does not count
[03:48:32][jomini_effect.cpp:1161] [original line 11028] Variable 'swordman_armor_artifact' is used but is never set. Setting it in an unused scripted trigger or effect does not count
[03:48:32][jomini_effect.cpp:1161] [original line 11029] Variable 'asoiaf_canon_children_Targaryen_99_born_variable' is used but is never set. Setting it in an unused scripted trigger or effect does not count
[03:48:32][jomini_effect.cpp:1161] [original line 11030] Variable 'asoiaf_Stark_1_cc' is used but is never set. Setting it in an unused scripted trigger or effect does not count
[03:48:32][jomini_effect.cpp:1161] [original line 11031] Variable 'asoiaf_Stark_84_cc' is used but is never set. Setting it in an unused scripted trigger or effect does not count
[03:48:32][jomini_effect.cpp:1161] [original line 11032] Variable 'asoiaf_Stark_5_cc' is used but is never set. Setting it in an unused scripted trigger or effect does not count
[03:48:32][jomini_effect.cpp:1161] [original line 11033] Variable 'asoiaf_Stark_88_cc' is used but is never set. Setting it in an unused scripted trigger or effect does not count
[03:48:32][jomini_effect.cpp:1161] [original line 11034] Variable 'kingsguard_armour' is used but is never set. Setting it in an unused scripted trigger or effect does not count
[03:48:32][jomini_effect.cpp:1161] [original line 11035] Variable 'kingsguard_choice' is used but is never set. Setting it in an unused scripted trigger or effect does not count
[03:48:32][jomini_effect.cpp:1161] [original line 11036] Variable 'app_enabled' is used but is never set. Setting it in an unused scripted trigger or effect does not count
[03:48:32][jomini_effect.cpp:1161] [original line 11037] Variable 'asoiaf_Stark_11_cc' is used but is never set. Setting it in an unused scripted trigger or effect does not count
[03:48:32][jomini_effect.cpp:1161] [original line 11038] Variable 'asoiaf_Stark_99_cc' is used but is never set. Setting it in an unused scripted trigger or effect does not count
[03:48:32][jomini_effect.cpp:1161] [original line 11039] Variable 'is_jon_snow' is used but is never set. Setting it in an unused scripted trigger or effect does not count
[03:48:32][jomini_effect.cpp:1161] [original line 11040] Variable 'is_baratheon_6' is used but is never set. Setting it in an unused scripted trigger or effect does not count
[03:48:32][jomini_effect.cpp:1161] [original line 11041] Variable 'asoiaf_Stark_97_cc' is used but is never set. Setting it in an unused scripted trigger or effect does not count
[03:48:32][jomini_effect.cpp:1161] [original line 11042] Variable 'seafoam' is used but is never set. Setting it in an unused scripted trigger or effect does not count
[03:48:32][jomini_effect.cpp:1161] [original line 11043] Variable 'asoiaf_Stark_10_cc' is used but is never set. Setting it in an unused scripted trigger or effect does not count
[03:48:32][jomini_effect.cpp:1161] [original line 11044] Variable 'asoiaf_Stark_95_cc' is used but is never set. Setting it in an unused scripted trigger or effect does not count
[03:48:32][jomini_effect.cpp:1161] [original line 11045] Variable 'asoiaf_Stark_3_cc' is used but is never set. Setting it in an unused scripted trigger or effect does not count
[03:48:32][jomini_effect.cpp:1161] [original line 11046] Variable 'asoiaf_Stark_102_cc' is used but is never set. Setting it in an unused scripted trigger or effect does not count
[03:48:32][jomini_effect.cpp:1161] [original line 11047] Variable 'asoiaf_Stark_9_cc' is used but is never set. Setting it in an unused scripted trigger or effect does not count
[03:48:32][jomini_effect.cpp:1161] [original line 11048] Variable 'asoiaf_Stark_2_cc' is used but is never set. Setting it in an unused scripted trigger or effect does not count
[03:48:32][jomini_effect.cpp:1145] [original line 11049] Variable 'DI_artifact_subtype_display' is set but is never used. Note that use in localization doesn't count due to technical limitations. Use in unused scripted triggers and effects also does not count
[03:48:32][jomini_effect.cpp:1145] [original line 11050] Variable 'asoiaf_canon_children_Reed_1_born_variable' is set but is never used. Note that use in localization doesn't count due to technical limitations. Use in unused scripted triggers and effects also does not count
[03:48:32][jomini_effect.cpp:1145] [original line 11051] Variable 'asoiaf_canon_children_Arryn_80_born_variable' is set but is never used. Note that use in localization doesn't count due to technical limitations. Use in unused scripted triggers and effects also does not count
[03:48:32][jomini_effect.cpp:1145] [original line 11052] Variable 'asoiaf_is_krakenfall' is set but is never used. Note that use in localization doesn't count due to technical limitations. Use in unused scripted triggers and effects also does not count
[03:48:32][jomini_effect.cpp:1145] [original line 11053] Variable 'agot_faegon_jon_snow_char' is set but is never used. Note that use in localization doesn't count due to technical limitations. Use in unused scripted triggers and effects also does not count
[03:48:32][jomini_effect.cpp:1145] [original line 11054] Variable 'asoiaf_canon_children_Targaryen_27_born_variable' is set but is never used. Note that use in localization doesn't count due to technical limitations. Use in unused scripted triggers and effects also does not count
[03:48:32][jomini_effect.cpp:1145] [original line 11055] Variable 'asoiaf_canon_children_Tully_9_born_variable' is set but is never used. Note that use in localization doesn't count due to technical limitations. Use in unused scripted triggers and effects also does not count
[03:48:32][jomini_effect.cpp:1145] [original line 11056] Variable 'asoiaf_canon_children_Velaryon_31_born_variable' is set but is never used. Note that use in localization doesn't count due to technical limitations. Use in unused scripted triggers and effects also does not count
[03:48:32][jomini_effect.cpp:1145] [original line 11057] Variable 'seafoam_artifact' is set but is never used. Note that use in localization doesn't count due to technical limitations. Use in unused scripted triggers and effects also does not count
[03:48:32][jomini_effect.cpp:1145] [original line 11058] Variable 'dark_sister_artifact' is set but is never used. Note that use in localization doesn't count due to technical limitations. Use in unused scripted triggers and effects also does not count
[03:48:32][jomini_effect.cpp:1145] [original line 11059] Variable 'asoiaf_canon_children_Arryn_84_born_variable' is set but is never used. Note that use in localization doesn't count due to technical limitations. Use in unused scripted triggers and effects also does not count
[03:48:32][jomini_effect.cpp:1145] [original line 11060] Variable 'blackfyre_artifact' is set but is never used. Note that use in localization doesn't count due to technical limitations. Use in unused scripted triggers and effects also does not count
[03:48:32][jomini_effect.cpp:1145] [original line 11061] Variable 'asoiaf_canon_children_Stark_84_born_variable' is set but is never used. Note that use in localization doesn't count due to technical limitations. Use in unused scripted triggers and effects also does not count
[03:48:32][jomini_effect.cpp:1145] [original line 11062] Variable 'asoiaf_canon_children_Martell_4_born_variable' is set but is never used. Note that use in localization doesn't count due to technical limitations. Use in unused scripted triggers and effects also does not count
[03:48:32][jomini_effect.cpp:1145] [original line 11063] Variable 'COWAGOT_is_loaded' is set but is never used. Note that use in localization doesn't count due to technical limitations. Use in unused scripted triggers and effects also does not count
[03:48:32][jomini_effect.cpp:1145] [original line 11064] Variable 'color_grading' is set but is never used. Note that use in localization doesn't count due to technical limitations. Use in unused scripted triggers and effects also does not count
[03:48:32][jomini_effect.cpp:1145] [original line 11065] Variable 'asoiaf_canon_children_Dayne_1_born_variable' is set but is never used. Note that use in localization doesn't count due to technical limitations. Use in unused scripted triggers and effects also does not count
[03:48:32][jomini_effect.cpp:1145] [original line 11066] Variable 'asoiaf_canon_children_Tarly_1_born_variable' is set but is never used. Note that use in localization doesn't count due to technical limitations. Use in unused scripted triggers and effects also does not count
[03:48:32][jomini_effect.cpp:1145] [original line 11067] Variable 'asoiaf_is_needle' is set but is never used. Note that use in localization doesn't count due to technical limitations. Use in unused scripted triggers and effects also does not count
[03:48:32][jomini_effect.cpp:1145] [original line 11068] Variable 'DI_artifact_quality_display' is set but is never used. Note that use in localization doesn't count due to technical limitations. Use in unused scripted triggers and effects also does not count
[03:48:32][jomini_effect.cpp:1145] [original line 11069] Variable 'asoiaf_canon_children_Targaryen_28_born_variable' is set but is never used. Note that use in localization doesn't count due to technical limitations. Use in unused scripted triggers and effects also does not count
[03:48:32][jomini_effect.cpp:1145] [original line 11070] Variable 'asoiaf_canon_children_Targaryen_29_born_variable' is set but is never used. Note that use in localization doesn't count due to technical limitations. Use in unused scripted triggers and effects also does not count
[03:48:32][jomini_effect.cpp:1145] [original line 11071] Variable 'asoiaf_canon_children_Karstark_4_born_variable' is set but is never used. Note that use in localization doesn't count due to technical limitations. Use in unused scripted triggers and effects also does not count
[03:48:32][jomini_effect.cpp:1145] [original line 11072] Variable 'asoiaf_canon_children_Strong_28_born_variable' is set but is never used. Note that use in localization doesn't count due to technical limitations. Use in unused scripted triggers and effects also does not count
[03:48:32][jomini_effect.cpp:1145] [original line 11073] Variable 'asoiaf_canon_children_Hightower_90_born_variable' is set but is never used. Note that use in localization doesn't count due to technical limitations. Use in unused scripted triggers and effects also does not count
[03:48:32][jomini_effect.cpp:1145] [original line 11074] Variable 'asoiaf_canon_children_Tyrell_4_born_variable' is set but is never used. Note that use in localization doesn't count due to technical limitations. Use in unused scripted triggers and effects also does not count
[03:48:32][jomini_effect.cpp:1145] [original line 11075] Variable 'asoiaf_canon_children_Greyjoy_5_born_variable' is set but is never used. Note that use in localization doesn't count due to technical limitations. Use in unused scripted triggers and effects also does not count
[03:48:32][jomini_effect.cpp:1145] [original line 11076] Variable 'asoiaf_canon_children_Strong_29_born_variable' is set but is never used. Note that use in localization doesn't count due to technical limitations. Use in unused scripted triggers and effects also does not count
[03:48:32][jomini_effect.cpp:1145] [original line 11077] Variable 'pincer_artifact' is set but is never used. Note that use in localization doesn't count due to technical limitations. Use in unused scripted triggers and effects also does not count
[03:48:32][jomini_effect.cpp:1145] [original line 11078] Variable 'asoiaf_is_red_vipers_spear' is set but is never used. Note that use in localization doesn't count due to technical limitations. Use in unused scripted triggers and effects also does not count
[03:48:32][jomini_effect.cpp:1145] [original line 11079] Variable 'asoiaf_canon_children_Arryn_3_born_variable' is set but is never used. Note that use in localization doesn't count due to technical limitations. Use in unused scripted triggers and effects also does not count
[03:48:32][jomini_effect.cpp:1145] [original line 11080] Variable 'asoiaf_canon_children_Tully_1_born_variable' is set but is never used. Note that use in localization doesn't count due to technical limitations. Use in unused scripted triggers and effects also does not count
[03:48:32][jomini_effect.cpp:1145] [original line 11081] Variable 'color' is set but is never used. Note that use in localization doesn't count due to technical limitations. Use in unused scripted triggers and effects also does not count
[03:48:32][jomini_effect.cpp:1145] [original line 11082] Variable 'asoiaf_canon_children_Stark_1_born_variable' is set but is never used. Note that use in localization doesn't count due to technical limitations. Use in unused scripted triggers and effects also does not count
[03:48:32][jomini_effect.cpp:1145] [original line 11083] Variable 'asoiaf_canon_children_Lannister_129_born_variable' is set but is never used. Note that use in localization doesn't count due to technical limitations. Use in unused scripted triggers and effects also does not count
[03:48:32][jomini_effect.cpp:1145] [original line 11084] Variable 'agot_faegon_jae_birth_year' is set but is never used. Note that use in localization doesn't count due to technical limitations. Use in unused scripted triggers and effects also does not count
[03:48:32][jomini_effect.cpp:1145] [original line 11085] Variable 'asoiaf_canon_children_Cole_11_born_variable' is set but is never used. Note that use in localization doesn't count due to technical limitations. Use in unused scripted triggers and effects also does not count
[03:48:32][jomini_effect.cpp:1145] [original line 11086] Variable 'asoiaf_canon_children_Targaryen_96_born_variable' is set but is never used. Note that use in localization doesn't count due to technical limitations. Use in unused scripted triggers and effects also does not count
[03:48:32][jomini_effect.cpp:1145] [original line 11087] Variable 'asoiaf_canon_children_Targaryen_95_born_variable' is set but is never used. Note that use in localization doesn't count due to technical limitations. Use in unused scripted triggers and effects also does not count
[03:48:32][jomini_effect.cpp:1145] [original line 11088] Variable 'asoiaf_canon_children_Baelish_2_born_variable' is set but is never used. Note that use in localization doesn't count due to technical limitations. Use in unused scripted triggers and effects also does not count
[03:48:32][jomini_effect.cpp:1145] [original line 11089] Variable 'DI_artifact_category_display' is set but is never used. Note that use in localization doesn't count due to technical limitations. Use in unused scripted triggers and effects also does not count
[03:48:32][jomini_effect.cpp:1145] [original line 11090] Variable 'asoiaf_canon_children_Baratheon_baby_born_variable' is set but is never used. Note that use in localization doesn't count due to technical limitations. Use in unused scripted triggers and effects also does not count
[03:48:32][jomini_effect.cpp:1145] [original line 11091] Variable 'asoiaf_canon_children_Baratheon_75_born_variable' is set but is never used. Note that use in localization doesn't count due to technical limitations. Use in unused scripted triggers and effects also does not count
[03:48:32][jomini_effect.cpp:1161] [original line 11092] Event target 'asoiaf_targaryen_invasion_claimant' is used but is never set. Setting it in an unused scripted trigger or effect does not count
[03:48:32][history.cpp:644] [original line 11093] Referencing non-existent character in script link character:Gardener_75
[03:48:32][history.cpp:644] [original line 11094] Referencing non-existent character in script link character:Gardener_75
[03:48:32][history.cpp:644] [original line 11095] Referencing non-existent character in script link character:Dormund_1
[03:48:32][history.cpp:644] [original line 11096] Referencing non-existent character in script link character:Dormund_1
[03:48:32][history.cpp:644] [original line 11097] Referencing non-existent character in script link character:Broome_rs_54
[03:48:32][history.cpp:644] [original line 11098] Referencing non-existent character in script link character:Dormund_1
[03:48:32][history.cpp:644] [original line 11099] Referencing non-existent character in script link character:Dormund_1
[03:48:32][history.cpp:644] [original line 11100] Referencing non-existent character in script link character:Hotah_rs_2
[03:48:32][history.cpp:644] [original line 11101] Referencing non-existent character in script link character:Hotah_rs_2
[03:48:32][history.cpp:644] [original line 11102] Referencing non-existent character in script link character:asoiaf_Targaryen_61_1
[03:48:32][history.cpp:644] [original line 11103] Referencing non-existent character in script link character:asoiaf_Targaryen_61_1
[03:48:32][history.cpp:644] [original line 11104] Referencing non-existent character in script link character:Stark_asoiaf_87
[03:48:32][history.cpp:644] [original line 11105] Referencing non-existent character in script link character:Stark_asoiaf_88
[03:48:32][history.cpp:644] [original line 11106] Referencing non-existent character in script link character:Stark_asoiaf_94
[03:48:32][history.cpp:644] [original line 11107] Referencing non-existent character in script link character:Stark_asoiaf_95
[03:48:32][history.cpp:644] [original line 11108] Referencing non-existent character in script link character:Stark_asoiaf_96
[03:48:32][history.cpp:644] [original line 11109] Referencing non-existent character in script link character:Stark_asoiaf_97
[03:48:32][history.cpp:644] [original line 11110] Referencing non-existent character in script link character:Stark_asoiaf_98
[03:48:32][history.cpp:644] [original line 11111] Referencing non-existent character in script link character:Stark_asoiaf_99
[03:48:32][history.cpp:644] [original line 11112] Referencing non-existent character in script link character:Stark_asoiaf_100
[03:48:32][history.cpp:644] [original line 11113] Referencing non-existent character in script link character:Stark_asoiaf_101
[03:48:32][history.cpp:644] [original line 11114] Referencing non-existent character in script link character:Stark_asoiaf_102
[03:48:32][history.cpp:644] [original line 11115] Referencing non-existent character in script link character:Stark_asoiaf_103
[03:48:32][history.cpp:644] [original line 11116] Referencing non-existent character in script link character:Arryn_asoiaf_7
[03:48:32][history.cpp:644] [original line 11117] Referencing non-existent character in script link character:Tyrell_asoiaf_9
[03:48:32][history.cpp:644] [original line 11118] Referencing non-existent character in script link character:Tyrell_asoiaf_10
[03:48:32][history.cpp:644] [original line 11119] Referencing non-existent character in script link character:Hightower_asoiaf_96
[03:48:32][history.cpp:644] [original line 11120] Referencing non-existent character in script link character:Hightower_asoiaf_98
[03:48:32][history.cpp:644] [original line 11121] Referencing non-existent character in script link character:Targaryen_asoiaf_30
[03:48:32][history.cpp:644] [original line 11122] Referencing non-existent character in script link character:Targaryen_asoiaf_31
[03:48:32][history.cpp:644] [original line 11123] Referencing non-existent character in script link character:Targaryen_asoiaf_32
[03:48:32][history.cpp:644] [original line 11124] Referencing non-existent character in script link character:Targaryen_asoiaf_33
[03:48:32][history.cpp:644] [original line 11125] Referencing non-existent character in script link character:Targaryen_asoiaf_34
[03:48:32][history.cpp:644] [original line 11126] Referencing non-existent character in script link character:Targaryen_asoiaf_37
[03:48:32][history.cpp:644] [original line 11127] Referencing non-existent character in script link character:Targaryen_asoiaf_38
[03:48:32][history.cpp:644] [original line 11128] Referencing non-existent character in script link character:Targaryen_asoiaf_40
[03:48:32][history.cpp:644] [original line 11129] Referencing non-existent character in script link character:Targaryen_asoiaf_39
[03:48:32][history.cpp:644] [original line 11130] Referencing non-existent character in script link character:Targaryen_asoiaf_41
[03:48:32][history.cpp:644] [original line 11131] Referencing non-existent character in script link character:Targaryen_asoiaf_42
[03:48:32][history.cpp:644] [original line 11132] Referencing non-existent character in script link character:Targaryen_asoiaf_43
[03:48:32][history.cpp:644] [original line 11133] Referencing non-existent character in script link character:Targaryen_asoiaf_44
[03:48:32][history.cpp:644] [original line 11134] Referencing non-existent character in script link character:Targaryen_asoiaf_49
[03:48:32][history.cpp:644] [original line 11135] Referencing non-existent character in script link character:Targaryen_asoiaf_52
[03:48:32][history.cpp:644] [original line 11136] Referencing non-existent character in script link character:Targaryen_asoiaf_53
[03:48:32][history.cpp:644] [original line 11137] Referencing non-existent character in script link character:Targaryen_asoiaf_54
[03:48:32][history.cpp:644] [original line 11138] Referencing non-existent character in script link character:Targaryen_asoiaf_55
[03:48:32][history.cpp:644] [original line 11139] Referencing non-existent character in script link character:Targaryen_asoiaf_55_1
[03:48:32][history.cpp:644] [original line 11140] Referencing non-existent character in script link character:Targaryen_asoiaf_56
[03:48:32][history.cpp:644] [original line 11141] Referencing non-existent character in script link character:Targaryen_asoiaf_57
[03:48:32][history.cpp:644] [original line 11142] Referencing non-existent character in script link character:Targaryen_asoiaf_58
[03:48:32][history.cpp:644] [original line 11143] Referencing non-existent character in script link character:Hammer_asoiaf_2
[03:48:32][history.cpp:644] [original line 11144] Referencing non-existent character in script link character:Targaryen_asoiaf_62
[03:48:32][history.cpp:644] [original line 11145] Referencing non-existent character in script link character:Targaryen_asoiaf_131
[03:48:32][history.cpp:644] [original line 11146] Referencing non-existent character in script link character:Targaryen_asoiaf_64
[03:48:32][history.cpp:644] [original line 11147] Referencing non-existent character in script link character:Targaryen_asoiaf_61_1
[03:48:32][history.cpp:644] [original line 11148] Referencing non-existent character in script link character:Targaryen_asoiaf_80
[03:48:32][history.cpp:644] [original line 11149] Referencing non-existent character in script link character:Targaryen_asoiaf_88
[03:48:32][history.cpp:644] [original line 11150] Referencing non-existent character in script link character:Targaryen_asoiaf_91
[03:48:32][history.cpp:644] [original line 11151] Referencing non-existent character in script link character:Targaryen_asoiaf_134
[03:48:32][history.cpp:644] [original line 11152] Referencing non-existent character in script link character:Targaryen_asoiaf_132
[03:48:32][history.cpp:644] [original line 11153] Referencing non-existent character in script link character:Targaryen_asoiaf_133
[03:48:32][history.cpp:644] [original line 11154] Referencing non-existent character in script link character:Targaryen_asoiaf_92
[03:48:32][history.cpp:644] [original line 11155] Referencing non-existent character in script link character:Targaryen_asoiaf_93
[03:48:32][history.cpp:644] [original line 11156] Referencing non-existent character in script link character:Targaryen_asoiaf_135
[03:48:32][history.cpp:644] [original line 11157] Referencing non-existent character in script link character:Targaryen_asoiaf_94
[03:48:32][history.cpp:644] [original line 11158] Referencing non-existent character in script link character:Targaryen_asoiaf_108
[03:48:32][history.cpp:644] [original line 11159] Referencing non-existent character in script link character:Targaryen_asoiaf_109
[03:48:32][history.cpp:644] [original line 11160] Referencing non-existent character in script link character:Targaryen_asoiaf_112
[03:48:32][history.cpp:644] [original line 11161] Referencing non-existent character in script link character:Targaryen_asoiaf_113
[03:48:32][history.cpp:644] [original line 11162] Referencing non-existent character in script link character:Targaryen_asoiaf_114
[03:48:32][history.cpp:644] [original line 11163] Referencing non-existent character in script link character:Targaryen_asoiaf_115
[03:48:32][history.cpp:644] [original line 11164] Referencing non-existent character in script link character:Targaryen_asoiaf_116
[03:48:32][history.cpp:644] [original line 11165] Referencing non-existent character in script link character:Targaryen_asoiaf_117
[03:48:32][history.cpp:644] [original line 11166] Referencing non-existent character in script link character:Targaryen_asoiaf_121
[03:48:32][history.cpp:644] [original line 11167] Referencing non-existent character in script link character:Targaryen_asoiaf_123
[03:48:32][history.cpp:644] [original line 11168] Referencing non-existent character in script link character:Targaryen_asoiaf_124
[03:48:32][history.cpp:644] [original line 11169] Referencing non-existent character in script link character:Targaryen_asoiaf_125
[03:48:32][history.cpp:644] [original line 11170] Referencing non-existent character in script link character:Targaryen_asoiaf_4
[03:48:32][history.cpp:644] [original line 11171] Referencing non-existent character in script link character:Targaryen_asoiaf_5
[03:48:32][history.cpp:644] [original line 11172] Referencing non-existent character in script link character:Targaryen_asoiaf_6
[03:48:32][history.cpp:644] [original line 11173] Referencing non-existent character in script link character:Targaryen_asoiaf_7
[03:48:32][history.cpp:644] [original line 11174] Referencing non-existent character in script link character:Dayne_asoiaf_3
[03:48:32][history.cpp:644] [original line 11175] Referencing non-existent character in script link character:Dayne_asoiaf_6
[03:48:32][history.cpp:644] [original line 11176] Referencing non-existent character in script link character:Dayne_asoiaf_7
[03:48:32][history.cpp:644] [original line 11177] Referencing non-existent character in script link character:Tully_asoiaf_2
[03:48:32][history.cpp:644] [original line 11178] Referencing non-existent character in script link character:Tully_asoiaf_3
[03:48:32][history.cpp:644] [original line 11179] Referencing non-existent character in script link character:Tully_asoiaf_8
[03:48:32][history.cpp:644] [original line 11180] Referencing non-existent character in script link character:Strong_asoiaf_32
[03:48:32][history.cpp:644] [original line 11181] Referencing non-existent character in script link character:Strong_asoiaf_33
[03:48:32][history.cpp:644] [original line 11182] Referencing non-existent character in script link character:Greyjoy_asoiaf_11
[03:48:32][history.cpp:644] [original line 11183] Referencing non-existent character in script link character:Greyjoy_asoiaf_12
[03:48:32][history.cpp:644] [original line 11184] Referencing non-existent character in script link character:Targaryen_61_1
[03:48:32][history.cpp:644] [original line 11185] Referencing non-existent character in script link character:Targaryen_61_1
[03:48:32][history.cpp:644] [original line 11186] Referencing non-existent character in script link character:Targaryen_61_1
[03:48:32][history.cpp:644] [original line 11187] Referencing non-existent character in script link character:Targaryen_61_1