[14:58:08][dlc_descriptor.cpp:70] [original line 1] Invalid supported_version in file: mod/ugc_2261468688.mod line: 6
[14:58:18][pdx_localize.cpp:279] [original line 8] Duplicate localization key. Key 'dragon_egg_meraxes_desc' is defined in both 'localization/russian/dp_artifacts_l_russian.yml' and 'localization/russian/mde_artifacts_l_russian.yml'.
[14:58:18][pdx_localize.cpp:279] [original line 12] Duplicate localization key. Key 'dragon_egg_meleys_desc' is defined in both 'localization/russian/dp_artifacts_l_russian.yml' and 'localization/russian/mde_artifacts_l_russian.yml'.
[14:58:18][pdx_localize.cpp:279] [original line 13] Duplicate localization key. Key 'dragon_egg_dreamfyre_desc' is defined in both 'localization/russian/dp_artifacts_l_russian.yml' and 'localization/russian/mde_artifacts_l_russian.yml'.
[14:58:18][pdx_localize.cpp:279] [original line 16] Duplicate localization key. Key 'dragon_egg_seasmoke_desc' is defined in both 'localization/russian/dp_artifacts_l_russian.yml' and 'localization/russian/mde_artifacts_l_russian.yml'.
[14:58:18][pdx_localize.cpp:279] [original line 25] Duplicate localization key. Key 'dragon_egg_wyrmling_desc' is defined in both 'localization/russian/dp_artifacts_l_russian.yml' and 'localization/russian/mde_artifacts_l_russian.yml'.
[14:58:18][pdx_localize.cpp:279] [original line 28] Duplicate localization key. Key 'dragon_egg_morning_desc' is defined in both 'localization/russian/dp_artifacts_l_russian.yml' and 'localization/russian/mde_artifacts_l_russian.yml'.
[14:58:18][pdx_localize.cpp:279] [original line 29] Duplicate localization key. Key 'dragon_egg_the_last_desc' is defined in both 'localization/russian/dp_artifacts_l_russian.yml' and 'localization/russian/mde_artifacts_l_russian.yml'.
[14:58:18][pdx_localize.cpp:279] [original line 30] Duplicate localization key. Key 'dragon_egg_nightfyre_desc' is defined in both 'localization/russian/dp_artifacts_l_russian.yml' and 'localization/russian/mde_artifacts_l_russian.yml'.
[14:58:18][pdx_localize.cpp:279] [original line 35] Duplicate localization key. Key 'dragon_egg_rhaegal_desc' is defined in both 'localization/russian/dp_artifacts_l_russian.yml' and 'localization/russian/mde_artifacts_l_russian.yml'.
[14:58:18][pdx_localize.cpp:279] [original line 36] Duplicate localization key. Key 'dragon_egg_viserion_desc' is defined in both 'localization/russian/dp_artifacts_l_russian.yml' and 'localization/russian/mde_artifacts_l_russian.yml'.
[14:58:18][pdx_localize.cpp:279] [original line 37] Duplicate localization key. Key 'dragon_egg_serporoth_desc' is defined in both 'localization/russian/dp_artifacts_l_russian.yml' and 'localization/russian/mde_artifacts_l_russian.yml'.
[14:58:18][pdx_localize.cpp:279] [original line 38] Duplicate localization key. Key 'dragon_egg_maegor_2_desc' is defined in both 'localization/russian/dp_artifacts_l_russian.yml' and 'localization/russian/mde_artifacts_l_russian.yml'.
[14:58:18][pdx_localize.cpp:279] [original line 40] Duplicate localization key. Key 'dragon_egg_maegor_4_desc' is defined in both 'localization/russian/dp_artifacts_l_russian.yml' and 'localization/russian/mde_artifacts_l_russian.yml'.
[14:58:18][pdx_localize.cpp:279] [original line 41] Duplicate localization key. Key 'dragon_egg_maegor_5_desc' is defined in both 'localization/russian/dp_artifacts_l_russian.yml' and 'localization/russian/mde_artifacts_l_russian.yml'.
[14:58:18][pdx_localize.cpp:279] [original line 46] Duplicate localization key. Key 'dragon_egg_maegor_10_desc' is defined in both 'localization/russian/dp_artifacts_l_russian.yml' and 'localization/russian/mde_artifacts_l_russian.yml'.
[14:58:18][pdx_localize.cpp:279] [original line 48] Duplicate localization key. Key 'dragon_egg_aenys_1_desc' is defined in both 'localization/russian/dp_artifacts_l_russian.yml' and 'localization/russian/mde_artifacts_l_russian.yml'.
[14:58:18][pdx_localize.cpp:279] [original line 51] Duplicate localization key. Key 'dragon_egg_aerea_2_desc' is defined in both 'localization/russian/dp_artifacts_l_russian.yml' and 'localization/russian/mde_artifacts_l_russian.yml'.
[14:58:18][pdx_localize.cpp:279] [original line 53] Duplicate localization key. Key 'dragon_egg_daenerys_1_desc' is defined in both 'localization/russian/dp_artifacts_l_russian.yml' and 'localization/russian/mde_artifacts_l_russian.yml'.
[14:58:18][pdx_localize.cpp:279] [original line 54] Duplicate localization key. Key 'dragon_egg_aemond_1_desc' is defined in both 'localization/russian/dp_artifacts_l_russian.yml' and 'localization/russian/mde_artifacts_l_russian.yml'.
[14:58:18][pdx_localize.cpp:279] [original line 55] Duplicate localization key. Key 'dragon_egg_aemond_2_desc' is defined in both 'localization/russian/dp_artifacts_l_russian.yml' and 'localization/russian/mde_artifacts_l_russian.yml'.
[14:58:18][pdx_localize.cpp:279] [original line 56] Duplicate localization key. Key 'dragon_egg_aemond_3_desc' is defined in both 'localization/russian/dp_artifacts_l_russian.yml' and 'localization/russian/mde_artifacts_l_russian.yml'.
[14:58:18][pdx_localize.cpp:279] [original line 63] Duplicate localization key. Key 'dragon_egg_neltharion_desc' is defined in both 'localization/russian/dp_artifacts_l_russian.yml' and 'localization/russian/mde_artifacts_l_russian.yml'.
[14:58:18][pdx_localize.cpp:279] [original line 64] Duplicate localization key. Key 'dragon_egg_pythax_desc' is defined in both 'localization/russian/dp_artifacts_l_russian.yml' and 'localization/russian/mde_artifacts_l_russian.yml'.
[14:58:18][pdx_localize.cpp:279] [original line 68] Duplicate localization key. Key 'dragon_egg_dragon_ancestor_2_desc' is defined in both 'localization/russian/dp_artifacts_l_russian.yml' and 'localization/russian/mde_artifacts_l_russian.yml'.
[14:58:18][pdx_localize.cpp:279] [original line 69] Duplicate localization key. Key 'dragon_egg_dragon_ancestor_3_desc' is defined in both 'localization/russian/dp_artifacts_l_russian.yml' and 'localization/russian/mde_artifacts_l_russian.yml'.
[14:58:18][pdx_localize.cpp:279] [original line 70] Duplicate localization key. Key 'dragon_egg_dragon_ancestor_4_desc' is defined in both 'localization/russian/dp_artifacts_l_russian.yml' and 'localization/russian/mde_artifacts_l_russian.yml'.
[14:58:18][pdx_localize.cpp:279] [original line 73] Duplicate localization key. Key 'dragon_egg_vermithrax_ui_desc' is defined in both 'localization/russian/dp_artifacts_l_russian.yml' and 'localization/russian/mde_artifacts_l_russian.yml'.
[14:58:18][pdx_localize.cpp:279] [original line 74] Duplicate localization key. Key 'dragon_egg_anogaros_ui_desc' is defined in both 'localization/russian/dp_artifacts_l_russian.yml' and 'localization/russian/mde_artifacts_l_russian.yml'.
[14:58:18][pdx_localize.cpp:279] [original line 75] Duplicate localization key. Key 'dragon_egg_nessarion_ui_desc' is defined in both 'localization/russian/dp_artifacts_l_russian.yml' and 'localization/russian/mde_artifacts_l_russian.yml'.
[14:58:18][pdx_localize.cpp:279] [original line 76] Duplicate localization key. Key 'dragon_egg_archonei_ui_desc' is defined in both 'localization/russian/dp_artifacts_l_russian.yml' and 'localization/russian/mde_artifacts_l_russian.yml'.
[14:58:18][pdx_localize.cpp:279] [original line 77] Duplicate localization key. Key 'dragon_egg_balerion_ui_desc' is defined in both 'localization/russian/dp_artifacts_l_russian.yml' and 'localization/russian/mde_artifacts_l_russian.yml'.
[14:58:18][pdx_localize.cpp:279] [original line 78] Duplicate localization key. Key 'dragon_egg_meraxes_ui_desc' is defined in both 'localization/russian/dp_artifacts_l_russian.yml' and 'localization/russian/mde_artifacts_l_russian.yml'.
[14:58:18][pdx_localize.cpp:279] [original line 79] Duplicate localization key. Key 'dragon_egg_quicksilver_ui_desc' is defined in both 'localization/russian/dp_artifacts_l_russian.yml' and 'localization/russian/mde_artifacts_l_russian.yml'.
[14:58:18][pdx_localize.cpp:279] [original line 80] Duplicate localization key. Key 'dragon_egg_vhagar_ui_desc' is defined in both 'localization/russian/dp_artifacts_l_russian.yml' and 'localization/russian/mde_artifacts_l_russian.yml'.
[14:58:18][pdx_localize.cpp:279] [original line 81] Duplicate localization key. Key 'dragon_egg_caraxes_ui_desc' is defined in both 'localization/russian/dp_artifacts_l_russian.yml' and 'localization/russian/mde_artifacts_l_russian.yml'.
[14:58:18][pdx_localize.cpp:279] [original line 82] Duplicate localization key. Key 'dragon_egg_meleys_ui_desc' is defined in both 'localization/russian/dp_artifacts_l_russian.yml' and 'localization/russian/mde_artifacts_l_russian.yml'.
[14:58:18][pdx_localize.cpp:279] [original line 83] Duplicate localization key. Key 'dragon_egg_dreamfyre_ui_desc' is defined in both 'localization/russian/dp_artifacts_l_russian.yml' and 'localization/russian/mde_artifacts_l_russian.yml'.
[14:58:18][pdx_localize.cpp:279] [original line 84] Duplicate localization key. Key 'dragon_egg_vermithor_ui_desc' is defined in both 'localization/russian/dp_artifacts_l_russian.yml' and 'localization/russian/mde_artifacts_l_russian.yml'.
[14:58:18][pdx_localize.cpp:279] [original line 85] Duplicate localization key. Key 'dragon_egg_silverwing_ui_desc' is defined in both 'localization/russian/dp_artifacts_l_russian.yml' and 'localization/russian/mde_artifacts_l_russian.yml'.
[14:58:18][pdx_localize.cpp:279] [original line 86] Duplicate localization key. Key 'dragon_egg_seasmoke_ui_desc' is defined in both 'localization/russian/dp_artifacts_l_russian.yml' and 'localization/russian/mde_artifacts_l_russian.yml'.
[14:58:18][pdx_localize.cpp:279] [original line 87] Duplicate localization key. Key 'dragon_egg_sunfyre_ui_desc' is defined in both 'localization/russian/dp_artifacts_l_russian.yml' and 'localization/russian/mde_artifacts_l_russian.yml'.
[14:58:18][pdx_localize.cpp:279] [original line 88] Duplicate localization key. Key 'dragon_egg_syrax_ui_desc' is defined in both 'localization/russian/dp_artifacts_l_russian.yml' and 'localization/russian/mde_artifacts_l_russian.yml'.
[14:58:18][pdx_localize.cpp:279] [original line 89] Duplicate localization key. Key 'dragon_egg_tessarion_ui_desc' is defined in both 'localization/russian/dp_artifacts_l_russian.yml' and 'localization/russian/mde_artifacts_l_russian.yml'.
[14:58:18][pdx_localize.cpp:279] [original line 90] Duplicate localization key. Key 'dragon_egg_vermax_ui_desc' is defined in both 'localization/russian/dp_artifacts_l_russian.yml' and 'localization/russian/mde_artifacts_l_russian.yml'.
[14:58:18][pdx_localize.cpp:279] [original line 91] Duplicate localization key. Key 'dragon_egg_arrax_ui_desc' is defined in both 'localization/russian/dp_artifacts_l_russian.yml' and 'localization/russian/mde_artifacts_l_russian.yml'.
[14:58:18][pdx_localize.cpp:279] [original line 92] Duplicate localization key. Key 'dragon_egg_tyraxes_ui_desc' is defined in both 'localization/russian/dp_artifacts_l_russian.yml' and 'localization/russian/mde_artifacts_l_russian.yml'.
[14:58:18][pdx_localize.cpp:279] [original line 93] Duplicate localization key. Key 'dragon_egg_stormcloud_ui_desc' is defined in both 'localization/russian/dp_artifacts_l_russian.yml' and 'localization/russian/mde_artifacts_l_russian.yml'.
[14:58:18][pdx_localize.cpp:279] [original line 94] Duplicate localization key. Key 'dragon_egg_moondancer_ui_desc' is defined in both 'localization/russian/dp_artifacts_l_russian.yml' and 'localization/russian/mde_artifacts_l_russian.yml'.
[14:58:18][pdx_localize.cpp:279] [original line 95] Duplicate localization key. Key 'dragon_egg_wyrmling_ui_desc' is defined in both 'localization/russian/dp_artifacts_l_russian.yml' and 'localization/russian/mde_artifacts_l_russian.yml'.
[14:58:18][pdx_localize.cpp:279] [original line 96] Duplicate localization key. Key 'dragon_egg_shrykos_ui_desc' is defined in both 'localization/russian/dp_artifacts_l_russian.yml' and 'localization/russian/mde_artifacts_l_russian.yml'.
[14:58:18][pdx_localize.cpp:279] [original line 97] Duplicate localization key. Key 'dragon_egg_morghul_ui_desc' is defined in both 'localization/russian/dp_artifacts_l_russian.yml' and 'localization/russian/mde_artifacts_l_russian.yml'.
[14:58:18][pdx_localize.cpp:279] [original line 98] Duplicate localization key. Key 'dragon_egg_morning_ui_desc' is defined in both 'localization/russian/dp_artifacts_l_russian.yml' and 'localization/russian/mde_artifacts_l_russian.yml'.
[14:58:18][pdx_localize.cpp:279] [original line 99] Duplicate localization key. Key 'dragon_egg_the_last_ui_desc' is defined in both 'localization/russian/dp_artifacts_l_russian.yml' and 'localization/russian/mde_artifacts_l_russian.yml'.
[14:58:18][pdx_localize.cpp:279] [original line 100] Duplicate localization key. Key 'dragon_egg_nightfyre_ui_desc' is defined in both 'localization/russian/dp_artifacts_l_russian.yml' and 'localization/russian/mde_artifacts_l_russian.yml'.
[14:58:18][pdx_localize.cpp:279] [original line 101] Duplicate localization key. Key 'dragon_egg_cannibal_ui_desc' is defined in both 'localization/russian/dp_artifacts_l_russian.yml' and 'localization/russian/mde_artifacts_l_russian.yml'.
[14:58:18][pdx_localize.cpp:279] [original line 102] Duplicate localization key. Key 'dragon_egg_sheepstealer_ui_desc' is defined in both 'localization/russian/dp_artifacts_l_russian.yml' and 'localization/russian/mde_artifacts_l_russian.yml'.
[14:58:18][pdx_localize.cpp:279] [original line 103] Duplicate localization key. Key 'dragon_egg_grey_ghost_ui_desc' is defined in both 'localization/russian/dp_artifacts_l_russian.yml' and 'localization/russian/mde_artifacts_l_russian.yml'.
[14:58:18][pdx_localize.cpp:279] [original line 104] Duplicate localization key. Key 'dragon_egg_drogon_ui_desc' is defined in both 'localization/russian/dp_artifacts_l_russian.yml' and 'localization/russian/mde_artifacts_l_russian.yml'.
[14:58:18][pdx_localize.cpp:279] [original line 105] Duplicate localization key. Key 'dragon_egg_rhaegal_ui_desc' is defined in both 'localization/russian/dp_artifacts_l_russian.yml' and 'localization/russian/mde_artifacts_l_russian.yml'.
[14:58:18][pdx_localize.cpp:279] [original line 106] Duplicate localization key. Key 'dragon_egg_viserion_ui_desc' is defined in both 'localization/russian/dp_artifacts_l_russian.yml' and 'localization/russian/mde_artifacts_l_russian.yml'.
[14:58:18][pdx_localize.cpp:279] [original line 107] Duplicate localization key. Key 'dragon_egg_serporoth_ui_desc' is defined in both 'localization/russian/dp_artifacts_l_russian.yml' and 'localization/russian/mde_artifacts_l_russian.yml'.
[14:58:18][pdx_localize.cpp:279] [original line 108] Duplicate localization key. Key 'dragon_egg_maegor_2_ui_desc' is defined in both 'localization/russian/dp_artifacts_l_russian.yml' and 'localization/russian/mde_artifacts_l_russian.yml'.
[14:58:18][pdx_localize.cpp:279] [original line 109] Duplicate localization key. Key 'dragon_egg_maegor_3_ui_desc' is defined in both 'localization/russian/dp_artifacts_l_russian.yml' and 'localization/russian/mde_artifacts_l_russian.yml'.
[14:58:18][pdx_localize.cpp:279] [original line 110] Duplicate localization key. Key 'dragon_egg_maegor_4_ui_desc' is defined in both 'localization/russian/dp_artifacts_l_russian.yml' and 'localization/russian/mde_artifacts_l_russian.yml'.
[14:58:18][pdx_localize.cpp:279] [original line 111] Duplicate localization key. Key 'dragon_egg_maegor_5_ui_desc' is defined in both 'localization/russian/dp_artifacts_l_russian.yml' and 'localization/russian/mde_artifacts_l_russian.yml'.
[14:58:18][pdx_localize.cpp:279] [original line 112] Duplicate localization key. Key 'dragon_egg_maegor_6_ui_desc' is defined in both 'localization/russian/dp_artifacts_l_russian.yml' and 'localization/russian/mde_artifacts_l_russian.yml'.
[14:58:18][pdx_localize.cpp:279] [original line 113] Duplicate localization key. Key 'dragon_egg_maegor_7_ui_desc' is defined in both 'localization/russian/dp_artifacts_l_russian.yml' and 'localization/russian/mde_artifacts_l_russian.yml'.
[14:58:18][pdx_localize.cpp:279] [original line 114] Duplicate localization key. Key 'dragon_egg_maegor_8_ui_desc' is defined in both 'localization/russian/dp_artifacts_l_russian.yml' and 'localization/russian/mde_artifacts_l_russian.yml'.
[14:58:18][pdx_localize.cpp:279] [original line 115] Duplicate localization key. Key 'dragon_egg_maegor_9_ui_desc' is defined in both 'localization/russian/dp_artifacts_l_russian.yml' and 'localization/russian/mde_artifacts_l_russian.yml'.
[14:58:18][pdx_localize.cpp:279] [original line 116] Duplicate localization key. Key 'dragon_egg_maegor_10_ui_desc' is defined in both 'localization/russian/dp_artifacts_l_russian.yml' and 'localization/russian/mde_artifacts_l_russian.yml'.
[14:58:18][pdx_localize.cpp:279] [original line 117] Duplicate localization key. Key 'dragon_egg_maegor_11_ui_desc' is defined in both 'localization/russian/dp_artifacts_l_russian.yml' and 'localization/russian/mde_artifacts_l_russian.yml'.
[14:58:18][pdx_localize.cpp:279] [original line 118] Duplicate localization key. Key 'dragon_egg_aenys_1_ui_desc' is defined in both 'localization/russian/dp_artifacts_l_russian.yml' and 'localization/russian/mde_artifacts_l_russian.yml'.
[14:58:18][pdx_localize.cpp:279] [original line 119] Duplicate localization key. Key 'dragon_egg_aenys_2_ui_desc' is defined in both 'localization/russian/dp_artifacts_l_russian.yml' and 'localization/russian/mde_artifacts_l_russian.yml'.
[14:58:18][pdx_localize.cpp:279] [original line 120] Duplicate localization key. Key 'dragon_egg_aerea_1_ui_desc' is defined in both 'localization/russian/dp_artifacts_l_russian.yml' and 'localization/russian/mde_artifacts_l_russian.yml'.
[14:58:18][pdx_localize.cpp:279] [original line 121] Duplicate localization key. Key 'dragon_egg_aerea_2_ui_desc' is defined in both 'localization/russian/dp_artifacts_l_russian.yml' and 'localization/russian/mde_artifacts_l_russian.yml'.
[14:58:18][pdx_localize.cpp:279] [original line 122] Duplicate localization key. Key 'dragon_egg_aerea_3_ui_desc' is defined in both 'localization/russian/dp_artifacts_l_russian.yml' and 'localization/russian/mde_artifacts_l_russian.yml'.
[14:58:18][pdx_localize.cpp:279] [original line 123] Duplicate localization key. Key 'dragon_egg_daenerys_1_ui_desc' is defined in both 'localization/russian/dp_artifacts_l_russian.yml' and 'localization/russian/mde_artifacts_l_russian.yml'.
[14:58:18][pdx_localize.cpp:279] [original line 124] Duplicate localization key. Key 'dragon_egg_aemond_1_ui_desc' is defined in both 'localization/russian/dp_artifacts_l_russian.yml' and 'localization/russian/mde_artifacts_l_russian.yml'.
[14:58:18][pdx_localize.cpp:279] [original line 125] Duplicate localization key. Key 'dragon_egg_aemond_2_ui_desc' is defined in both 'localization/russian/dp_artifacts_l_russian.yml' and 'localization/russian/mde_artifacts_l_russian.yml'.
[14:58:18][pdx_localize.cpp:279] [original line 126] Duplicate localization key. Key 'dragon_egg_aemond_3_ui_desc' is defined in both 'localization/russian/dp_artifacts_l_russian.yml' and 'localization/russian/mde_artifacts_l_russian.yml'.
[14:58:18][pdx_localize.cpp:279] [original line 127] Duplicate localization key. Key 'dragon_egg_essovius_ui_desc' is defined in both 'localization/russian/dp_artifacts_l_russian.yml' and 'localization/russian/mde_artifacts_l_russian.yml'.
[14:58:18][pdx_localize.cpp:279] [original line 128] Duplicate localization key. Key 'dragon_egg_valryon_ui_desc' is defined in both 'localization/russian/dp_artifacts_l_russian.yml' and 'localization/russian/mde_artifacts_l_russian.yml'.
[14:58:18][pdx_localize.cpp:279] [original line 129] Duplicate localization key. Key 'dragon_egg_ghiscar_ui_desc' is defined in both 'localization/russian/dp_artifacts_l_russian.yml' and 'localization/russian/mde_artifacts_l_russian.yml'.
[14:58:18][pdx_localize.cpp:279] [original line 130] Duplicate localization key. Key 'dragon_egg_terrax_ui_desc' is defined in both 'localization/russian/dp_artifacts_l_russian.yml' and 'localization/russian/mde_artifacts_l_russian.yml'.
[14:58:18][pdx_localize.cpp:279] [original line 131] Duplicate localization key. Key 'dragon_egg_vassarion_ui_desc' is defined in both 'localization/russian/dp_artifacts_l_russian.yml' and 'localization/russian/mde_artifacts_l_russian.yml'.
[14:58:18][pdx_localize.cpp:279] [original line 132] Duplicate localization key. Key 'dragon_egg_rovax_ui_desc' is defined in both 'localization/russian/dp_artifacts_l_russian.yml' and 'localization/russian/mde_artifacts_l_russian.yml'.
[14:58:18][pdx_localize.cpp:279] [original line 133] Duplicate localization key. Key 'dragon_egg_neltharion_ui_desc' is defined in both 'localization/russian/dp_artifacts_l_russian.yml' and 'localization/russian/mde_artifacts_l_russian.yml'.
[14:58:18][pdx_localize.cpp:279] [original line 134] Duplicate localization key. Key 'dragon_egg_pythax_ui_desc' is defined in both 'localization/russian/dp_artifacts_l_russian.yml' and 'localization/russian/mde_artifacts_l_russian.yml'.
[14:58:18][pdx_localize.cpp:279] [original line 135] Duplicate localization key. Key 'dragon_egg_nagga_ui_desc' is defined in both 'localization/russian/dp_artifacts_l_russian.yml' and 'localization/russian/mde_artifacts_l_russian.yml'.
[14:58:18][pdx_localize.cpp:279] [original line 136] Duplicate localization key. Key 'dragon_egg_urrax_ui_desc' is defined in both 'localization/russian/dp_artifacts_l_russian.yml' and 'localization/russian/mde_artifacts_l_russian.yml'.
[14:58:18][pdx_localize.cpp:279] [original line 137] Duplicate localization key. Key 'dragon_egg_dragon_ancestor_1_ui_desc' is defined in both 'localization/russian/dp_artifacts_l_russian.yml' and 'localization/russian/mde_artifacts_l_russian.yml'.
[14:58:18][pdx_localize.cpp:279] [original line 138] Duplicate localization key. Key 'dragon_egg_dragon_ancestor_2_ui_desc' is defined in both 'localization/russian/dp_artifacts_l_russian.yml' and 'localization/russian/mde_artifacts_l_russian.yml'.
[14:58:18][pdx_localize.cpp:279] [original line 139] Duplicate localization key. Key 'dragon_egg_dragon_ancestor_3_ui_desc' is defined in both 'localization/russian/dp_artifacts_l_russian.yml' and 'localization/russian/mde_artifacts_l_russian.yml'.
[14:58:18][pdx_localize.cpp:279] [original line 140] Duplicate localization key. Key 'dragon_egg_dragon_ancestor_4_ui_desc' is defined in both 'localization/russian/dp_artifacts_l_russian.yml' and 'localization/russian/mde_artifacts_l_russian.yml'.
[14:58:18][pdx_localize.cpp:279] [original line 141] Duplicate localization key. Key 'dragon_egg_dragon_ancestor_5_ui_desc' is defined in both 'localization/russian/dp_artifacts_l_russian.yml' and 'localization/russian/mde_artifacts_l_russian.yml'.
[14:58:18][pdx_localize.cpp:279] [original line 142] Duplicate localization key. Key 'dragon_egg_dragon_ancestor_6_ui_desc' is defined in both 'localization/russian/dp_artifacts_l_russian.yml' and 'localization/russian/mde_artifacts_l_russian.yml'.
[14:58:18][pdx_localize.cpp:279] [original line 177] Duplicate localization key. Key 'nagga_desc' is defined in both 'localization/russian/mde_artifacts_l_russian.yml' and 'localization/russian/agot/gui/agot_travel_planner_window_l_russian.yml'.
[14:59:43][pdxassetutil.cpp:1009] [original line 1333] Duplicate texture 'ep3_patras_castle_01_a_unique.dds' found (current path 'gfx/models/buildings/special/high_hermitage/ep3_patras_castle_01_a_unique.dds', previous path 'gfx/models/buildings/special/ep3_patras_castle_01_a/ep3_patras_castle_01_a_unique.dds')
[14:59:43][pdxassetutil.cpp:1009] [original line 1334] Duplicate texture 'ep3_patras_castle_ground_diffuse.dds' found (current path 'gfx/models/buildings/special/high_hermitage/ep3_patras_castle_ground_diffuse.dds', previous path 'gfx/models/buildings/special/ep3_patras_castle_01_a/ep3_patras_castle_ground_diffuse.dds')
[14:59:43][pdxassetutil.cpp:1009] [original line 1335] Duplicate texture 'ep3_patras_castle_ground_normal.dds' found (current path 'gfx/models/buildings/special/high_hermitage/ep3_patras_castle_ground_normal.dds', previous path 'gfx/models/buildings/special/ep3_patras_castle_01_a/ep3_patras_castle_ground_normal.dds')
[14:59:43][pdxassetutil.cpp:1009] [original line 1336] Duplicate texture 'ep3_patras_castle_ground_properties.dds' found (current path 'gfx/models/buildings/special/high_hermitage/ep3_patras_castle_ground_properties.dds', previous path 'gfx/models/buildings/special/ep3_patras_castle_01_a/ep3_patras_castle_ground_properties.dds')
[14:59:43][pdxassetutil.cpp:1009] [original line 1337] Duplicate texture 'ethiopian_atlas_diffuse.dds' found (current path 'gfx/models/buildings/special/Karhold/ethiopian_atlas_diffuse.dds', previous path 'gfx/models/buildings/holdings/atlas/ethiopian/ethiopian_atlas_diffuse.dds')
[14:59:43][pdxassetutil.cpp:1009] [original line 1338] Duplicate texture 'ethiopian_atlas_diffuse.dds' found (current path 'gfx/models/buildings/special/Runestone/ethiopian_atlas_diffuse.dds', previous path 'gfx/models/buildings/holdings/atlas/ethiopian/ethiopian_atlas_diffuse.dds')
[14:59:43][pdxassetutil.cpp:1009] [original line 1339] Duplicate texture 'ethiopian_atlas_normal.dds' found (current path 'gfx/models/buildings/special/Karhold/ethiopian_atlas_normal.dds', previous path 'gfx/models/buildings/holdings/atlas/ethiopian/ethiopian_atlas_normal.dds')
[14:59:43][pdxassetutil.cpp:1009] [original line 1340] Duplicate texture 'ethiopian_atlas_normal.dds' found (current path 'gfx/models/buildings/special/Runestone/ethiopian_atlas_normal.dds', previous path 'gfx/models/buildings/holdings/atlas/ethiopian/ethiopian_atlas_normal.dds')
[14:59:43][pdxassetutil.cpp:1009] [original line 1341] Duplicate texture 'ethiopian_atlas_properties.dds' found (current path 'gfx/models/buildings/special/Karhold/ethiopian_atlas_properties.dds', previous path 'gfx/models/buildings/holdings/atlas/ethiopian/ethiopian_atlas_properties.dds')
[14:59:43][pdxassetutil.cpp:1009] [original line 1342] Duplicate texture 'ethiopian_atlas_properties.dds' found (current path 'gfx/models/buildings/special/Runestone/ethiopian_atlas_properties.dds', previous path 'gfx/models/buildings/holdings/atlas/ethiopian/ethiopian_atlas_properties.dds')
[14:59:43][pdxassetutil.cpp:1009] [original line 1343] Duplicate texture 'male_cloaks_secular_shouldercape_01_diffuse.dds' found (current path 'gfx/models/portraits/m_cloaks/asoiaf/asoiaf_westerlands/asoiaf_lannister_cloaks/asoiaf_lannister_cloak_royal/male_cloaks_secular_shouldercape_01_diffuse.dds', previous path 'gfx/models/portraits/m_cloaks/agot/shouldercape/male_cloaks_secular_shouldercape_01_diffuse.dds')
[14:59:43][pdxassetutil.cpp:1009] [original line 1344] Duplicate texture 'male_cloaks_secular_shouldercape_01_masks.dds' found (current path 'gfx/models/portraits/m_cloaks/asoiaf/asoiaf_westerlands/asoiaf_lannister_cloaks/asoiaf_lannister_cloak_royal/male_cloaks_secular_shouldercape_01_masks.dds', previous path 'gfx/models/portraits/m_cloaks/agot/shouldercape/male_cloaks_secular_shouldercape_01_masks.dds')
[14:59:43][pdxassetutil.cpp:1009] [original line 1345] Duplicate texture 'male_cloaks_secular_shouldercape_01_normal.dds' found (current path 'gfx/models/portraits/m_cloaks/asoiaf/asoiaf_westerlands/asoiaf_lannister_cloaks/asoiaf_lannister_cloak_royal/male_cloaks_secular_shouldercape_01_normal.dds', previous path 'gfx/models/portraits/m_cloaks/agot/shouldercape/male_cloaks_secular_shouldercape_01_normal.dds')
[14:59:43][pdxassetutil.cpp:1009] [original line 1346] Duplicate texture 'male_cloaks_secular_shouldercape_01_properties.dds' found (current path 'gfx/models/portraits/m_cloaks/asoiaf/asoiaf_westerlands/asoiaf_lannister_cloaks/asoiaf_lannister_cloak_royal/male_cloaks_secular_shouldercape_01_properties.dds', previous path 'gfx/models/portraits/m_cloaks/agot/shouldercape/male_cloaks_secular_shouldercape_01_properties.dds')
[14:59:46][pdxassetutil.cpp:556] [original line 1347] UV-Set: 1 in mesh 'crag_crenelation' in file 'gfx/models/buildings/special/crag/crag.mesh' has no valid triangle to use when calculating texture streaming factor. Texture streaming needs a triangle with an area.
[14:59:46][pdxassetutil.cpp:2002] [original line 1348] Asset "gfx/models/portraits/m_headgears/asoiaf/asoiaf_reach/asoiaf_tyrell_helm_low/asoiaf_tyrell_helm_low.mesh" has more than 3 UV channels. This is not supported and will be ignored.
[14:59:46][pdxassetutil.cpp:556] [original line 1349] UV-Set: 1 in mesh 'gold_ball' in file 'gfx/models/buildings/special/cow_blackhaven/cow_blackhaven.mesh' has no valid triangle to use when calculating texture streaming factor. Texture streaming needs a triangle with an area.
[14:59:46][pdxassetutil.cpp:556] [original line 1350] UV-Set: 1 in mesh 'crag_stone_ground' in file 'gfx/models/buildings/special/cow_blackhaven/cow_blackhaven.mesh' has no valid triangle to use when calculating texture streaming factor. Texture streaming needs a triangle with an area.
[14:59:46][pdxassetutil.cpp:2002] [original line 1351] Asset "gfx/models/portraits/f_legwear/asoiaf/asoiaf_crownlands/f_asoiaf_gold_cloak_legs/f_asoiaf_gold_cloak_legs.mesh" has more than 3 UV channels. This is not supported and will be ignored.
[14:59:47][pdxassetutil.cpp:1763] [original line 1352] pdxmesh [cow_blackhaven_mesh] is out of sync with its meshsettings. [blackhaven_rockShape] is not in use in file: gfx/models/buildings/special/cow_blackhaven/cow_blackhaven.mesh
[14:59:47][pdxassetutil.cpp:1763] [original line 1353] pdxmesh [crag_mesh] is out of sync with its meshsettings. [lannisport_dgShape] is not in use in file: gfx/models/buildings/special/crag/crag.mesh
[14:59:47][pdxassetutil.cpp:1763] [original line 1354] pdxmesh [crag_mesh] is out of sync with its meshsettings. [lannisport_lkShape] is not in use in file: gfx/models/buildings/special/crag/crag.mesh
[14:59:47][pdxassetutil.cpp:1763] [original line 1355] pdxmesh [crag_mesh] is out of sync with its meshsettings. [lannisport_lpShape] is not in use in file: gfx/models/buildings/special/crag/crag.mesh
[14:59:47][pdxassetutil.cpp:2002] [original line 1356] Asset "gfx/models/portraits/m_clothes/asoiaf/asoiaf_crownlands/asoiaf_dragonstone/asoiaf_dragonstone_armour_low/asoiaf_dragonstone_armour_low.mesh" has more than 3 UV channels. This is not supported and will be ignored.
[14:59:47][pdxassetutil.cpp:2002] [original line 1357] Asset "gfx/models/portraits/m_legwear/asoiaf/asoiaf_generic/asoiaf_slippers_1/asoiaf_slippers_1.mesh" has more than 3 UV channels. This is not supported and will be ignored.
[14:59:47][pdxassetutil.cpp:2002] [original line 1358] Asset "gfx/models/portraits/f_clothes/asoiaf/asoiaf_crownlands/asoiaf_dragonstone/f_asoiaf_dragonstone_armour_low/f_asoiaf_dragonstone_armour_low.mesh" has more than 3 UV channels. This is not supported and will be ignored.
[14:59:47][pdxassetutil.cpp:2002] [original line 1359] Asset "gfx/models/portraits/m_clothes/asoiaf/asoiaf_iron_isles/asoiaf_greyjoy_armour_dynast/asoiaf_greyjoy_armour_dynast.mesh" has more than 3 UV channels. This is not supported and will be ignored.
[14:59:47][pdxassetutil.cpp:2002] [original line 1360] Asset "gfx/models/portraits/m_clothes/asoiaf/asoiaf_iron_isles/asoiaf_greyjoy_armour_dynast/asoiaf_greyjoy_armour_dynast.mesh" has more than 3 UV channels. This is not supported and will be ignored.
[14:59:47][pdxassetutil.cpp:1763] [original line 1361] pdxmesh [building_special_lonely_light_04] is out of sync with its meshsettings. [dock_tower_wood] is not in use in file: gfx/models/buildings/special/Lonely Light/building_special_lonely_light_04.mesh
[14:59:48][pdxassetutil.cpp:2002] [original line 1362] Asset "gfx/models/portraits/m_jewellery/asoiaf/asoiaf_generic/asoiaf_shark_tooth_necklace/asoiaf_shark_tooth_necklace.mesh" has more than 3 UV channels. This is not supported and will be ignored.
[14:59:48][pdxassetutil.cpp:2002] [original line 1363] Asset "gfx/models/portraits/m_jewellery/asoiaf/asoiaf_religious_jewellery/asoiaf_septon_jewellery/asoiaf_septon_necklace_1/asoiaf_septon_necklace_1.mesh" has more than 3 UV channels. This is not supported and will be ignored.
[14:59:48][pdxassetutil.cpp:556] [original line 1364] UV-Set: 1 in mesh 'f_asoiaf_manderly_armour_lowShape' in file 'gfx/models/portraits/f_clothes/asoiaf/asoiaf_north/asoiaf_manderly_armours/f_asoiaf_manderly_armour_low/f_asoiaf_manderly_armour_low.mesh' has no valid triangle to use when calculating texture streaming factor. Texture streaming needs a triangle with an area.
[14:59:49][pdxassetutil.cpp:556] [original line 1365] UV-Set: 1 in mesh 'f_asoiaf_nights_watch_cloak_1Shape' in file 'gfx/models/portraits/f_cloaks/asoiaf/asoiaf_nights_watch/f_asoiaf_nights_watch_cloak_1/f_asoiaf_nights_watch_cloak_1.mesh' has no valid triangle to use when calculating texture streaming factor. Texture streaming needs a triangle with an area.
[14:59:49][pdxassetutil.cpp:556] [original line 1366] UV-Set: 2 in mesh 'f_asoiaf_nights_watch_cloak_1Shape' in file 'gfx/models/portraits/f_cloaks/asoiaf/asoiaf_nights_watch/f_asoiaf_nights_watch_cloak_1/f_asoiaf_nights_watch_cloak_1.mesh' has no valid triangle to use when calculating texture streaming factor. Texture streaming needs a triangle with an area.
[14:59:49][pdxassetutil.cpp:556] [original line 1367] UV-Set: 1 in mesh 'f_asoiaf_nights_watch_cloak_1Shape' in file 'gfx/models/portraits/f_cloaks/asoiaf/asoiaf_nights_watch/f_asoiaf_nights_watch_cloak_1/f_asoiaf_nights_watch_cloak_1.mesh' has no valid triangle to use when calculating texture streaming factor. Texture streaming needs a triangle with an area.
[14:59:49][pdxassetutil.cpp:1763] [original line 1368] pdxmesh [starpike_mesh] is out of sync with its meshsettings. [starpike_ground] is not in use in file: gfx/models/buildings/special/starpike/starpike.mesh
[14:59:49][pdxassetutil.cpp:1763] [original line 1369] pdxmesh [starpike_mesh] is out of sync with its meshsettings. [starpike_lower] is not in use in file: gfx/models/buildings/special/starpike/starpike.mesh
[14:59:49][pdxassetutil.cpp:2002] [original line 1370] Asset "gfx/models/portraits/m_cloaks/asoiaf/asoiaf_crownlands/asoiaf_gold_cloak_cloak/asoiaf_gold_cloak_cloak.mesh" has more than 3 UV channels. This is not supported and will be ignored.
[14:59:49][pdxassetutil.cpp:2002] [original line 1371] Asset "gfx/models/portraits/m_legwear/asoiaf/asoiaf_generic/asoiaf_leather_boots_6/asoiaf_leather_boots_6.mesh" has more than 3 UV channels. This is not supported and will be ignored.
[14:59:49][pdxassetutil.cpp:1763] [original line 1372] pdxmesh [high_hermitage_mesh] is out of sync with its meshsettings. [ep3_basilica_sant_apollinare_nuovo_decalShape] is not in use in file: gfx/models/buildings/special/high_hermitage/high_hermitage.mesh
[14:59:49][pdxassetutil.cpp:2002] [original line 1373] Asset "gfx/models/portraits/m_legwear/asoiaf/asoiaf_crownlands/asoiaf_dragonstone_legs/asoiaf_dragonstone_legs.mesh" has more than 3 UV channels. This is not supported and will be ignored.
[14:59:49][pdxassetutil.cpp:556] [original line 1374] UV-Set: 1 in mesh 'pole_town' in file 'gfx/models/buildings/special/planky town/planky_town.mesh' has no valid triangle to use when calculating texture streaming factor. Texture streaming needs a triangle with an area.
[14:59:50][pdxassetutil.cpp:2002] [original line 1375] Asset "gfx/models/portraits/m_legwear/asoiaf/asoiaf_generic/asoiaf_leather_boots_1/asoiaf_leather_boots_1.mesh" has more than 3 UV channels. This is not supported and will be ignored.
[14:59:50][pdxassetutil.cpp:2002] [original line 1376] Asset "gfx/models/portraits/f_cloaks/asoiaf/asoiaf_crownlands/f_asoiaf_gold_cloak_cloak/f_asoiaf_gold_cloak_cloak.mesh" has more than 3 UV channels. This is not supported and will be ignored.
[14:59:50][pdxassetutil.cpp:2002] [original line 1377] Asset "gfx/models/portraits/m_legwear/asoiaf/asoiaf_crownlands/asoiaf_gold_cloak_legs/asoiaf_gold_cloak_legs.mesh" has more than 3 UV channels. This is not supported and will be ignored.
[14:59:50][pdxassetutil.cpp:556] [original line 1378] UV-Set: 1 in mesh 'rooksrest_stone_ground' in file 'gfx/models/buildings/special/rooksrest/rooksrest.mesh' has no valid triangle to use when calculating texture streaming factor. Texture streaming needs a triangle with an area.
[14:59:51][pdxassetutil.cpp:2002] [original line 1379] Asset "gfx/models/portraits/m_legwear/asoiaf/asoiaf_iron_isles/asoiaf_greyjoy_legs/asoiaf_greyjoy_legs.mesh" has more than 3 UV channels. This is not supported and will be ignored.
[14:59:51][pdxassetutil.cpp:2002] [original line 1380] Asset "gfx/models/portraits/m_clothes/asoiaf/asoiaf_reach/asoiaf_tyrell_armour_high/asoiaf_tyrell_armour_high.mesh" has more than 3 UV channels. This is not supported and will be ignored.
[14:59:51][pdxassetutil.cpp:2002] [original line 1381] Asset "gfx/models/portraits/m_clothes/asoiaf/asoiaf_stepstones/asoiaf_pirate_prince_tunic/asoiaf_pirate_prince_tunic.mesh" has more than 3 UV channels. This is not supported and will be ignored.
[14:59:51][pdxassetutil.cpp:556] [original line 1382] UV-Set: 0 in mesh 'lift' in file 'gfx/models/buildings/special/castamere/24castamere_3.mesh' has no valid triangle to use when calculating texture streaming factor. Texture streaming needs a triangle with an area.
[14:59:51][pdxassetutil.cpp:1053] [original line 1383] Failed to find texture 'building_backup_atlas_properties.dds'
[14:59:51][virtualfilesystem.cpp:456] [original line 1384] Could not find texture due to 'VFSOpen Error: gfx/models/buildings/special/castamere/building_backup_atlas_properties.dds not found'
[14:59:51][pdxassetutil.cpp:1053] [original line 1385] Failed to find texture 'building_backup_atlas_normal.dds'
[14:59:51][virtualfilesystem.cpp:456] [original line 1386] Could not find texture due to 'VFSOpen Error: gfx/models/buildings/special/castamere/building_backup_atlas_normal.dds not found'
[14:59:51][pdxassetutil.cpp:556] [original line 1387] UV-Set: 0 in mesh 'pallet' in file 'gfx/models/buildings/special/castamere/24castamere_3.mesh' has no valid triangle to use when calculating texture streaming factor. Texture streaming needs a triangle with an area.
[14:59:51][pdxassetutil.cpp:1053] [original line 1388] Failed to find texture 'building_backup_atlas_properties.dds'
[14:59:51][virtualfilesystem.cpp:456] [original line 1389] Could not find texture due to 'VFSOpen Error: gfx/models/buildings/special/castamere/building_backup_atlas_properties.dds not found'
[14:59:51][pdxassetutil.cpp:1053] [original line 1390] Failed to find texture 'building_backup_atlas_normal.dds'
[14:59:51][virtualfilesystem.cpp:456] [original line 1391] Could not find texture due to 'VFSOpen Error: gfx/models/buildings/special/castamere/building_backup_atlas_normal.dds not found'
[14:59:52][pdxassetutil.cpp:2002] [original line 1392] Asset "gfx/models/portraits/f_legwear/asoiaf/asoiaf_iron_isles/f_asoiaf_greyjoy_legs/f_asoiaf_greyjoy_legs.mesh" has more than 3 UV channels. This is not supported and will be ignored.
[14:59:52][pdxassetutil.cpp:556] [original line 1393] UV-Set: 1 in mesh 'ashemark_stone_ground' in file 'gfx/models/buildings/special/ashemark/ashemark.mesh' has no valid triangle to use when calculating texture streaming factor. Texture streaming needs a triangle with an area.
[14:59:52][pdxassetutil.cpp:1763] [original line 1394] pdxmesh [building_palestone_sword_01_mesh] is out of sync with its meshsettings. [casterlyrock_rockShape] is not in use in file: gfx/models/buildings/special/palestone_sword/building_palestone_sword_01.mesh
[14:59:52][pdxassetutil.cpp:556] [original line 1395] UV-Set: 1 in mesh 'lannisport_dgShape' in file 'gfx/models/buildings/special/fanghill/fanghill.mesh' has no valid triangle to use when calculating texture streaming factor. Texture streaming needs a triangle with an area.
[14:59:53][pdxassetutil.cpp:556] [original line 1396] UV-Set: 1 in mesh 'f_asoiaf_westerlands_mourning_1Shape' in file 'gfx/models/portraits/f_clothes/asoiaf/asoiaf_westerlands/asoiaf_westerlands_mourning_1/f_asoiaf_westerlands_mourning_1.mesh' has no valid triangle to use when calculating texture streaming factor. Texture streaming needs a triangle with an area.
[14:59:53][pdxassetutil.cpp:556] [original line 1397] UV-Set: 1 in mesh 'asoiaf_leather_boots_2Shape' in file 'gfx/models/portraits/m_legwear/asoiaf/asoiaf_generic/asoiaf_leather_boots_2/asoiaf_leather_boots_2.mesh' has no valid triangle to use when calculating texture streaming factor. Texture streaming needs a triangle with an area.
[14:59:53][pdxassetutil.cpp:556] [original line 1398] UV-Set: 1 in mesh 'asoiaf_red_keep_wallsShape' in file 'gfx/models/court/rooms/asoiaf_red_keep/asoiaf_court_red_keep.mesh' has no valid triangle to use when calculating texture streaming factor. Texture streaming needs a triangle with an area.
[14:59:53][pdxassetutil.cpp:556] [original line 1399] UV-Set: 0 in mesh 'lift' in file 'gfx/models/buildings/special/castamere/24castamere_2.mesh' has no valid triangle to use when calculating texture streaming factor. Texture streaming needs a triangle with an area.
[14:59:53][pdxassetutil.cpp:1053] [original line 1400] Failed to find texture 'building_backup_atlas_properties.dds'
[14:59:53][virtualfilesystem.cpp:456] [original line 1401] Could not find texture due to 'VFSOpen Error: gfx/models/buildings/special/castamere/building_backup_atlas_properties.dds not found'
[14:59:53][pdxassetutil.cpp:1053] [original line 1402] Failed to find texture 'building_backup_atlas_normal.dds'
[14:59:53][virtualfilesystem.cpp:456] [original line 1403] Could not find texture due to 'VFSOpen Error: gfx/models/buildings/special/castamere/building_backup_atlas_normal.dds not found'
[14:59:53][pdxassetutil.cpp:556] [original line 1404] UV-Set: 0 in mesh 'pallet' in file 'gfx/models/buildings/special/castamere/24castamere_2.mesh' has no valid triangle to use when calculating texture streaming factor. Texture streaming needs a triangle with an area.
[14:59:53][pdxassetutil.cpp:1053] [original line 1405] Failed to find texture 'building_backup_atlas_properties.dds'
[14:59:53][virtualfilesystem.cpp:456] [original line 1406] Could not find texture due to 'VFSOpen Error: gfx/models/buildings/special/castamere/building_backup_atlas_properties.dds not found'
[14:59:53][pdxassetutil.cpp:1053] [original line 1407] Failed to find texture 'building_backup_atlas_normal.dds'
[14:59:53][virtualfilesystem.cpp:456] [original line 1408] Could not find texture due to 'VFSOpen Error: gfx/models/buildings/special/castamere/building_backup_atlas_normal.dds not found'
[14:59:54][pdxassetutil.cpp:556] [original line 1409] UV-Set: 1 in mesh 'f_asoiaf_manderly_armour_lowShape' in file 'gfx/models/portraits/f_clothes/asoiaf/asoiaf_north/asoiaf_manderly_armours/f_asoiaf_manderly_armour_low/f_asoiaf_manderly_armour_low.mesh' has no valid triangle to use when calculating texture streaming factor. Texture streaming needs a triangle with an area.
[14:59:54][pdxassetutil.cpp:556] [original line 1410] UV-Set: 1 in mesh 'crag_upper' in file 'gfx/models/buildings/special/crag/crag_level_2.mesh' has no valid triangle to use when calculating texture streaming factor. Texture streaming needs a triangle with an area.
[14:59:54][pdxassetutil.cpp:556] [original line 1411] UV-Set: 1 in mesh 'crag_upper' in file 'gfx/models/buildings/special/crag/crag_level_2.mesh' has no valid triangle to use when calculating texture streaming factor. Texture streaming needs a triangle with an area.
[14:59:54][pdxassetutil.cpp:556] [original line 1412] UV-Set: 1 in mesh 'crag_stone_ground' in file 'gfx/models/buildings/special/crag/crag_level_2.mesh' has no valid triangle to use when calculating texture streaming factor. Texture streaming needs a triangle with an area.
[14:59:54][pdxassetutil.cpp:1763] [original line 1413] pdxmesh [crag_level_2_mesh] is out of sync with its meshsettings. [lannisport_dgShape] is not in use in file: gfx/models/buildings/special/crag/crag_level_2.mesh
[14:59:54][pdxassetutil.cpp:1763] [original line 1414] pdxmesh [crag_level_2_mesh] is out of sync with its meshsettings. [lannisport_lkShape] is not in use in file: gfx/models/buildings/special/crag/crag_level_2.mesh
[14:59:54][pdxassetutil.cpp:1763] [original line 1415] pdxmesh [crag_level_2_mesh] is out of sync with its meshsettings. [lannisport_lpShape] is not in use in file: gfx/models/buildings/special/crag/crag_level_2.mesh
[14:59:54][pdxassetutil.cpp:556] [original line 1416] UV-Set: 1 in mesh 'asoiaf_tywin_tunic_1Shape' in file 'gfx/models/portraits/m_clothes/asoiaf/asoiaf_westerlands/asoiaf_tywin_tunics/asoiaf_tywin_tunic_1/asoiaf_tywin_tunic_1.mesh' has no valid triangle to use when calculating texture streaming factor. Texture streaming needs a triangle with an area.
[14:59:54][pdxassetutil.cpp:556] [original line 1417] UV-Set: 1 in mesh 'f_asoiaf_shoes_1Shape' in file 'gfx/models/portraits/f_legwear/asoiaf/asoiaf_generic/f_asoiaf_shoes_1/f_asoiaf_shoes_1.mesh' has no valid triangle to use when calculating texture streaming factor. Texture streaming needs a triangle with an area.
[14:59:54][pdxassetutil.cpp:2002] [original line 1418] Asset "gfx/models/portraits/m_clothes/asoiaf/asoiaf_iron_isles/asoiaf_ironborn_armour_dynast_coa/asoiaf_ironborn_armour_dynast_coa.mesh" has more than 3 UV channels. This is not supported and will be ignored.
[14:59:54][pdxassetutil.cpp:2002] [original line 1419] Asset "gfx/models/portraits/m_clothes/asoiaf/asoiaf_iron_isles/asoiaf_ironborn_armour_dynast_coa/asoiaf_ironborn_armour_dynast_coa.mesh" has more than 3 UV channels. This is not supported and will be ignored.
[14:59:54][pdxassetutil.cpp:2002] [original line 1420] Asset "gfx/models/portraits/m_legwear/asoiaf/asoiaf_iron_isles/asoiaf_ironborn_legs_coa/asoiaf_ironborn_legs_coa.mesh" has more than 3 UV channels. This is not supported and will be ignored.
[14:59:54][pdxassetutil.cpp:1763] [original line 1421] pdxmesh [building_special_sisterton_mesh] is out of sync with its meshsettings. [sisteron_rough_walls] is not in use in file: gfx/models/buildings/special/sisterton/building_special_sisterton.mesh
[14:59:54][pdxassetutil.cpp:2002] [original line 1422] Asset "gfx/models/portraits/m_clothes/asoiaf/asoiaf_iron_isles/asoiaf_greyjoy_armour_high/asoiaf_greyjoy_armour_high.mesh" has more than 3 UV channels. This is not supported and will be ignored.
[14:59:55][pdxassetutil.cpp:556] [original line 1423] UV-Set: 0 in mesh 'building_griffin_roost_castle' in file 'gfx/models/buildings/special/griffins roost/building_special_griffins_roost.mesh' has no valid triangle to use when calculating texture streaming factor. Texture streaming needs a triangle with an area.
[14:59:55][pdxassetutil.cpp:556] [original line 1424] UV-Set: 0 in mesh 'griffin_roost_roof' in file 'gfx/models/buildings/special/griffins roost/building_special_griffins_roost.mesh' has no valid triangle to use when calculating texture streaming factor. Texture streaming needs a triangle with an area.
[14:59:55][pdxassetutil.cpp:556] [original line 1425] UV-Set: 1 in mesh 'rooksrest_stone_ground' in file 'gfx/models/buildings/special/rooksrest/rooksrest2.mesh' has no valid triangle to use when calculating texture streaming factor. Texture streaming needs a triangle with an area.
[14:59:55][pdxassetutil.cpp:556] [original line 1426] UV-Set: 1 in mesh 'rooksrest_stone' in file 'gfx/models/buildings/special/rooksrest/rooksrest2.mesh' has no valid triangle to use when calculating texture streaming factor. Texture streaming needs a triangle with an area.
[14:59:55][pdxassetutil.cpp:2002] [original line 1427] Asset "gfx/models/portraits/m_clothes/asoiaf/asoiaf_religious_clothing/asoiaf_drowned_man_robes/asoiaf_drowned_man_robes_low/asoiaf_drowned_man_robes_low.mesh" has more than 3 UV channels. This is not supported and will be ignored.
[14:59:55][pdxassetutil.cpp:2002] [original line 1428] Asset "gfx/models/portraits/f_clothes/asoiaf/asoiaf_crownlands/f_asoiaf_gold_cloak_armour/f_asoiaf_gold_cloak_armour.mesh" has more than 3 UV channels. This is not supported and will be ignored.
[14:59:55][pdxassetutil.cpp:556] [original line 1429] UV-Set: 1 in mesh 'asoiaf_nights_watch_cloak_1Shape' in file 'gfx/models/portraits/m_cloaks/asoiaf/asoiaf_nights_watch/asoiaf_nights_watch_cloak_1/asoiaf_nights_watch_cloak_1.mesh' has no valid triangle to use when calculating texture streaming factor. Texture streaming needs a triangle with an area.
[14:59:55][pdxassetutil.cpp:556] [original line 1430] UV-Set: 2 in mesh 'asoiaf_nights_watch_cloak_1Shape' in file 'gfx/models/portraits/m_cloaks/asoiaf/asoiaf_nights_watch/asoiaf_nights_watch_cloak_1/asoiaf_nights_watch_cloak_1.mesh' has no valid triangle to use when calculating texture streaming factor. Texture streaming needs a triangle with an area.
[14:59:55][pdxassetutil.cpp:556] [original line 1431] UV-Set: 1 in mesh 'asoiaf_nights_watch_cloak_1Shape' in file 'gfx/models/portraits/m_cloaks/asoiaf/asoiaf_nights_watch/asoiaf_nights_watch_cloak_1/asoiaf_nights_watch_cloak_1.mesh' has no valid triangle to use when calculating texture streaming factor. Texture streaming needs a triangle with an area.
[14:59:55][pdxassetutil.cpp:2002] [original line 1432] Asset "gfx/models/portraits/m_headgears/asoiaf/asoiaf_crownlands/asoiaf_gold_cloak_helm/asoiaf_gold_cloak_helm.mesh" has more than 3 UV channels. This is not supported and will be ignored.
[14:59:55][pdxassetutil.cpp:1763] [original line 1433] pdxmesh [lordsport_mesh] is out of sync with its meshsettings. [iron] is not in use in file: gfx/models/buildings/special/lordsport/lordsport.mesh
[14:59:55][pdxassetutil.cpp:1763] [original line 1434] pdxmesh [lordsport_mesh] is out of sync with its meshsettings. [lordsport_stone_ground] is not in use in file: gfx/models/buildings/special/lordsport/lordsport.mesh
[14:59:55][pdxassetutil.cpp:2002] [original line 1435] Asset "gfx/models/portraits/f_headgears/asoiaf/asoiaf_crownlands/f_asoiaf_gold_cloak_helm/f_asoiaf_gold_cloak_helm.mesh" has more than 3 UV channels. This is not supported and will be ignored.
[14:59:56][pdxassetutil.cpp:556] [original line 1436] UV-Set: 1 in mesh 'asoiaf_nights_watch_legsShape' in file 'gfx/models/portraits/m_legwear/asoiaf/asoiaf_nights_watch/asoiaf_nights_watch_legs/asoiaf_nights_watch_legs.mesh' has no valid triangle to use when calculating texture streaming factor. Texture streaming needs a triangle with an area.
[14:59:56][pdxassetutil.cpp:2002] [original line 1437] Asset "gfx/models/portraits/m_clothes/asoiaf/asoiaf_religious_clothing/asoiaf_septon_robes/asoiaf_septon_robes_2/asoiaf_septon_robes_2.mesh" has more than 3 UV channels. This is not supported and will be ignored.
[14:59:56][pdxassetutil.cpp:1763] [original line 1438] pdxmesh [building_special_yronwood_mesh] is out of sync with its meshsettings. [fp2_building_special_alhambra_01_palm_treeShape] is not in use in file: gfx/models/buildings/special/yronwood/building_special_yronwood.mesh
[14:59:56][pdxassetutil.cpp:2002] [original line 1439] Asset "gfx/models/portraits/m_headgears/asoiaf/asoiaf_nights_watch/asoiaf_nights_watch_hood/asoiaf_nights_watch_hood.mesh" has more than 3 UV channels. This is not supported and will be ignored.
[14:59:57][pdxassetutil.cpp:556] [original line 1440] UV-Set: 0 in mesh 'the_ground' in file 'gfx/models/buildings/special/deepwood_motte/deepwood_motte.mesh' has no valid triangle to use when calculating texture streaming factor. Texture streaming needs a triangle with an area.
[14:59:57][pdxassetutil.cpp:556] [original line 1441] UV-Set: 1 in mesh 'building_special_evenfall_1Shape' in file 'gfx/models/buildings/special/Evenfall/building_special_evenfall.mesh' has no valid triangle to use when calculating texture streaming factor. Texture streaming needs a triangle with an area.
[14:59:57][pdxassetutil.cpp:556] [original line 1442] UV-Set: 1 in mesh 'building_special_evenfall_2Shape' in file 'gfx/models/buildings/special/Evenfall/building_special_evenfall.mesh' has no valid triangle to use when calculating texture streaming factor. Texture streaming needs a triangle with an area.
[14:59:57][pdxassetutil.cpp:1763] [original line 1443] pdxmesh [building_special_evenfall_mesh] is out of sync with its meshsettings. [building_special_evenfall_4Shape] is not in use in file: gfx/models/buildings/special/Evenfall/building_special_evenfall.mesh
[14:59:57][pdxassetutil.cpp:1763] [original line 1444] pdxmesh [building_special_evenfall_mesh] is out of sync with its meshsettings. [building_special_evenfall_cellsShape] is not in use in file: gfx/models/buildings/special/Evenfall/building_special_evenfall.mesh
[14:59:57][pdxassetutil.cpp:1763] [original line 1445] pdxmesh [building_special_evenfall_mesh] is out of sync with its meshsettings. [fp4_legendary_western_palace_01_aShape] is not in use in file: gfx/models/buildings/special/Evenfall/building_special_evenfall.mesh
[14:59:57][pdxassetutil.cpp:556] [original line 1446] UV-Set: 0 in mesh 'bronze_bell' in file 'gfx/models/buildings/special/seagaurd/building_seagard_01.mesh' has no valid triangle to use when calculating texture streaming factor. Texture streaming needs a triangle with an area.
[14:59:57][pdxassetutil.cpp:556] [original line 1447] UV-Set: 0 in mesh 'bellchain' in file 'gfx/models/buildings/special/seagaurd/building_seagard_01.mesh' has no valid triangle to use when calculating texture streaming factor. Texture streaming needs a triangle with an area.
[14:59:57][pdxassetutil.cpp:1763] [original line 1448] pdxmesh [building_seagard_01_mesh] is out of sync with its meshsettings. [City] is not in use in file: gfx/models/buildings/special/seagaurd/building_seagard_01.mesh
[14:59:57][pdxassetutil.cpp:1763] [original line 1449] pdxmesh [building_seagard_01_mesh] is out of sync with its meshsettings. [building_western_castle_0Shape4] is not in use in file: gfx/models/buildings/special/seagaurd/building_seagard_01.mesh
[14:59:57][pdxassetutil.cpp:1763] [original line 1450] pdxmesh [building_seagard_01_mesh] is out of sync with its meshsettings. [western_walls_04_a1Shape] is not in use in file: gfx/models/buildings/special/seagaurd/building_seagard_01.mesh
[14:59:57][pdxassetutil.cpp:1763] [original line 1451] pdxmesh [building_seagard_01_mesh] is out of sync with its meshsettings. [western_walls_04_a1Shape1] is not in use in file: gfx/models/buildings/special/seagaurd/building_seagard_01.mesh
[14:59:57][pdxassetutil.cpp:1763] [original line 1452] pdxmesh [building_seagard_01_mesh] is out of sync with its meshsettings. [western_walls_04_a1Shape2] is not in use in file: gfx/models/buildings/special/seagaurd/building_seagard_01.mesh
[14:59:57][pdxassetutil.cpp:1763] [original line 1453] pdxmesh [building_seagard_01_mesh] is out of sync with its meshsettings. [western_walls_04_a1Shape3] is not in use in file: gfx/models/buildings/special/seagaurd/building_seagard_01.mesh
[14:59:57][pdxassetutil.cpp:1763] [original line 1454] pdxmesh [building_seagard_01_mesh] is out of sync with its meshsettings. [pallet] is not in use in file: gfx/models/buildings/special/seagaurd/building_seagard_01.mesh
[14:59:57][pdxassetutil.cpp:1763] [original line 1455] pdxmesh [building_seagard_01_mesh] is out of sync with its meshsettings. [lift] is not in use in file: gfx/models/buildings/special/seagaurd/building_seagard_01.mesh
[14:59:57][pdxassetutil.cpp:1763] [original line 1456] pdxmesh [building_seagard_01_mesh] is out of sync with its meshsettings. [hillfort_01] is not in use in file: gfx/models/buildings/special/seagaurd/building_seagard_01.mesh
[14:59:57][pdxassetutil.cpp:1763] [original line 1457] pdxmesh [building_seagard_01_mesh] is out of sync with its meshsettings. [building_special_stormsend_castle_cliffsShape] is not in use in file: gfx/models/buildings/special/seagaurd/building_seagard_01.mesh
[14:59:57][pdxassetutil.cpp:556] [original line 1458] UV-Set: 0 in mesh 'lift' in file 'gfx/models/buildings/special/castamere/castamere_restored.mesh' has no valid triangle to use when calculating texture streaming factor. Texture streaming needs a triangle with an area.
[14:59:57][pdxassetutil.cpp:1053] [original line 1459] Failed to find texture 'building_backup_atlas_properties.dds'
[14:59:57][virtualfilesystem.cpp:456] [original line 1460] Could not find texture due to 'VFSOpen Error: gfx/models/buildings/special/castamere/building_backup_atlas_properties.dds not found'
[14:59:57][pdxassetutil.cpp:1053] [original line 1461] Failed to find texture 'building_backup_atlas_normal.dds'
[14:59:57][virtualfilesystem.cpp:456] [original line 1462] Could not find texture due to 'VFSOpen Error: gfx/models/buildings/special/castamere/building_backup_atlas_normal.dds not found'
[14:59:57][pdxassetutil.cpp:556] [original line 1463] UV-Set: 0 in mesh 'windmill' in file 'gfx/models/buildings/special/castamere/castamere_restored.mesh' has no valid triangle to use when calculating texture streaming factor. Texture streaming needs a triangle with an area.
[14:59:57][pdxassetutil.cpp:1053] [original line 1464] Failed to find texture 'building_backup_atlas_properties.dds'
[14:59:57][virtualfilesystem.cpp:456] [original line 1465] Could not find texture due to 'VFSOpen Error: gfx/models/buildings/special/castamere/building_backup_atlas_properties.dds not found'
[14:59:57][pdxassetutil.cpp:1053] [original line 1466] Failed to find texture 'building_backup_atlas_normal.dds'
[14:59:57][virtualfilesystem.cpp:456] [original line 1467] Could not find texture due to 'VFSOpen Error: gfx/models/buildings/special/castamere/building_backup_atlas_normal.dds not found'
[14:59:57][pdxassetutil.cpp:556] [original line 1468] UV-Set: 0 in mesh 'pallet' in file 'gfx/models/buildings/special/castamere/castamere_restored.mesh' has no valid triangle to use when calculating texture streaming factor. Texture streaming needs a triangle with an area.
[14:59:57][pdxassetutil.cpp:1053] [original line 1469] Failed to find texture 'building_backup_atlas_properties.dds'
[14:59:57][virtualfilesystem.cpp:456] [original line 1470] Could not find texture due to 'VFSOpen Error: gfx/models/buildings/special/castamere/building_backup_atlas_properties.dds not found'
[14:59:57][pdxassetutil.cpp:1053] [original line 1471] Failed to find texture 'building_backup_atlas_normal.dds'
[14:59:57][virtualfilesystem.cpp:456] [original line 1472] Could not find texture due to 'VFSOpen Error: gfx/models/buildings/special/castamere/building_backup_atlas_normal.dds not found'
[14:59:57][pdxassetutil.cpp:2002] [original line 1473] Asset "gfx/models/portraits/f_legwear/asoiaf/asoiaf_crownlands/f_asoiaf_dragonstone_legs/f_asoiaf_dragonstone_legs.mesh" has more than 3 UV channels. This is not supported and will be ignored.
[14:59:57][pdxassetutil.cpp:556] [original line 1474] UV-Set: 0 in mesh 'building_mediterranean_city_02' in file 'gfx/models/buildings/special/the_arbor/the_arbor.mesh' has no valid triangle to use when calculating texture streaming factor. Texture streaming needs a triangle with an area.
[14:59:58][pdxassetutil.cpp:2002] [original line 1475] Asset "gfx/models/portraits/m_clothes/asoiaf/asoiaf_religious_clothing/asoiaf_drowned_man_robes/asoiaf_drowned_man_robes_high/asoiaf_drowned_man_robes_high.mesh" has more than 3 UV channels. This is not supported and will be ignored.
[14:59:58][pdxassetutil.cpp:556] [original line 1476] UV-Set: 1 in mesh 'crag_upper' in file 'gfx/models/buildings/special/crag/crag_level_1.mesh' has no valid triangle to use when calculating texture streaming factor. Texture streaming needs a triangle with an area.
[14:59:58][pdxassetutil.cpp:556] [original line 1477] UV-Set: 1 in mesh 'crag_upper' in file 'gfx/models/buildings/special/crag/crag_level_1.mesh' has no valid triangle to use when calculating texture streaming factor. Texture streaming needs a triangle with an area.
[14:59:58][pdxassetutil.cpp:556] [original line 1478] UV-Set: 1 in mesh 'crag_stone_ground' in file 'gfx/models/buildings/special/crag/crag_level_1.mesh' has no valid triangle to use when calculating texture streaming factor. Texture streaming needs a triangle with an area.
[14:59:58][pdxassetutil.cpp:556] [original line 1479] UV-Set: 1 in mesh 'crag_windows' in file 'gfx/models/buildings/special/crag/crag_level_1.mesh' has no valid triangle to use when calculating texture streaming factor. Texture streaming needs a triangle with an area.
[14:59:58][pdxassetutil.cpp:1763] [original line 1480] pdxmesh [crag_level_1_mesh] is out of sync with its meshsettings. [lannisport_dgShape] is not in use in file: gfx/models/buildings/special/crag/crag_level_1.mesh
[14:59:58][pdxassetutil.cpp:1763] [original line 1481] pdxmesh [crag_level_1_mesh] is out of sync with its meshsettings. [lannisport_lkShape] is not in use in file: gfx/models/buildings/special/crag/crag_level_1.mesh
[14:59:58][pdxassetutil.cpp:1763] [original line 1482] pdxmesh [crag_level_1_mesh] is out of sync with its meshsettings. [lannisport_lpShape] is not in use in file: gfx/models/buildings/special/crag/crag_level_1.mesh
[14:59:58][pdxassetutil.cpp:2002] [original line 1483] Asset "gfx/models/portraits/f_jewellery/asoiaf/asoiaf_generic/asoiaf_shark_tooth_necklace/f_asoiaf_shark_tooth_necklace.mesh" has more than 3 UV channels. This is not supported and will be ignored.
[14:59:59][pdxassetutil.cpp:2002] [original line 1484] Asset "gfx/models/portraits/m_legwear/asoiaf/asoiaf_generic/asoiaf_leather_boots_4/asoiaf_leather_boots_4.mesh" has more than 3 UV channels. This is not supported and will be ignored.
[14:59:59][pdxassetutil.cpp:2002] [original line 1485] Asset "gfx/models/portraits/m_clothes/asoiaf/asoiaf_crownlands/asoiaf_gold_cloak_armour/asoiaf_gold_cloak_armour.mesh" has more than 3 UV channels. This is not supported and will be ignored.
[14:59:59][pdxassetutil.cpp:1763] [original line 1486] pdxmesh [building_special_duskendale_mesh] is out of sync with its meshsettings. [farm_mediterranean] is not in use in file: gfx/models/buildings/special/duskendale/building_special_duskendale.mesh
[14:59:59][pdxassetutil.cpp:1763] [original line 1487] pdxmesh [building_special_duskendale_mesh] is out of sync with its meshsettings. [farm_mediterranean_vines] is not in use in file: gfx/models/buildings/special/duskendale/building_special_duskendale.mesh
[14:59:59][pdxassetutil.cpp:1763] [original line 1488] pdxmesh [building_special_duskendale_mesh] is out of sync with its meshsettings. [farm_mediterranean_decal] is not in use in file: gfx/models/buildings/special/duskendale/building_special_duskendale.mesh
[14:59:59][pdxassetutil.cpp:1763] [original line 1489] pdxmesh [building_special_duskendale_mesh] is out of sync with its meshsettings. [building_mediterranean_city_02] is not in use in file: gfx/models/buildings/special/duskendale/building_special_duskendale.mesh
[14:59:59][pdxassetutil.cpp:2002] [original line 1490] Asset "gfx/models/portraits/m_headgears/asoiaf/asoiaf_reach/asoiaf_tyrell_helm_high/asoiaf_tyrell_helm_high.mesh" has more than 3 UV channels. This is not supported and will be ignored.
[14:59:59][pdxassetutil.cpp:2002] [original line 1491] Asset "gfx/models/portraits/m_clothes/asoiaf/asoiaf_iron_isles/asoiaf_ironborn_armour_high_coa/asoiaf_ironborn_armour_high_coa.mesh" has more than 3 UV channels. This is not supported and will be ignored.
[14:59:59][pdxassetutil.cpp:556] [original line 1492] UV-Set: 1 in mesh 'asoiaf_nights_watch_leatherShape' in file 'gfx/models/portraits/m_clothes/asoiaf/asoiaf_nights_watch/asoiaf_nights_watch_leather/asoiaf_nights_watch_leather.mesh' has no valid triangle to use when calculating texture streaming factor. Texture streaming needs a triangle with an area.
[15:00:00][pdxassetutil.cpp:2002] [original line 1493] Asset "gfx/models/portraits/m_clothes/asoiaf/asoiaf_religious_clothing/asoiaf_septon_robes/asoiaf_septon_robes_1/asoiaf_septon_robes_1.mesh" has more than 3 UV channels. This is not supported and will be ignored.
[15:00:00][pdxassetutil.cpp:2002] [original line 1494] Asset "gfx/models/portraits/f_legwear/asoiaf/asoiaf_generic/f_asoiaf_leather_boots_1/f_asoiaf_leather_boots_1.mesh" has more than 3 UV channels. This is not supported and will be ignored.
[15:00:00][pdxassetutil.cpp:556] [original line 1495] UV-Set: 1 in mesh 'dunstonbury_stone_ground' in file 'gfx/models/buildings/special/whitegrove/whitegrove.mesh' has no valid triangle to use when calculating texture streaming factor. Texture streaming needs a triangle with an area.
[15:00:00][pdxassetutil.cpp:1763] [original line 1496] pdxmesh [whitegrove_mesh] is out of sync with its meshsettings. [whitegrove_roof] is not in use in file: gfx/models/buildings/special/whitegrove/whitegrove.mesh
[15:00:00][pdxassetutil.cpp:1763] [original line 1497] pdxmesh [whitegrove_mesh] is out of sync with its meshsettings. [whitegrove_upper] is not in use in file: gfx/models/buildings/special/whitegrove/whitegrove.mesh
[15:00:00][pdxassetutil.cpp:1763] [original line 1498] pdxmesh [whitegrove_mesh] is out of sync with its meshsettings. [whitegrove_stone_ground] is not in use in file: gfx/models/buildings/special/whitegrove/whitegrove.mesh
[15:00:00][pdxassetutil.cpp:1763] [original line 1499] pdxmesh [whitegrove_mesh] is out of sync with its meshsettings. [whitegrove_windows] is not in use in file: gfx/models/buildings/special/whitegrove/whitegrove.mesh
[15:00:00][pdxassetutil.cpp:556] [original line 1500] UV-Set: 2 in mesh 'asoiaf_storms_end_chapletsShape' in file 'gfx/models/court/rooms/asoiaf_storms_end/asoiaf_court_storms_end.mesh' has no valid triangle to use when calculating texture streaming factor. Texture streaming needs a triangle with an area.
[15:00:00][pdxassetutil.cpp:2002] [original line 1501] Asset "gfx/models/portraits/f_clothes/asoiaf/asoiaf_religious_clothing/asoiaf_silent_sister_robes/f_asoiaf_silent_sister_robes.mesh" has more than 3 UV channels. This is not supported and will be ignored.
[15:00:00][pdxassetutil.cpp:556] [original line 1502] UV-Set: 2 in mesh 'building_western' in file 'gfx/models/buildings/special/Ten Towers/cow_building_special_ten_towers.mesh' has no valid triangle to use when calculating texture streaming factor. Texture streaming needs a triangle with an area.
[15:00:00][pdxassetutil.cpp:556] [original line 1503] UV-Set: 2 in mesh 'celtic_01' in file 'gfx/models/buildings/special/Ten Towers/cow_building_special_ten_towers.mesh' has no valid triangle to use when calculating texture streaming factor. Texture streaming needs a triangle with an area.
[15:00:00][pdxassetutil.cpp:556] [original line 1504] UV-Set: 1 in mesh 'dunstonbury_upper' in file 'gfx/models/buildings/special/dunstonbury/dunstonbury.mesh' has no valid triangle to use when calculating texture streaming factor. Texture streaming needs a triangle with an area.
[15:00:00][pdxassetutil.cpp:556] [original line 1505] UV-Set: 3 in mesh 'dunstonbury_upper' in file 'gfx/models/buildings/special/dunstonbury/dunstonbury.mesh' has no valid triangle to use when calculating texture streaming factor. Texture streaming needs a triangle with an area.
[15:00:00][pdxassetutil.cpp:2002] [original line 1506] Asset "gfx/models/buildings/special/dunstonbury/dunstonbury.mesh" has more than 3 UV channels. This is not supported and will be ignored.
[15:00:00][pdxassetutil.cpp:556] [original line 1507] UV-Set: 1 in mesh 'dunstonbury_stone_ground' in file 'gfx/models/buildings/special/dunstonbury/dunstonbury.mesh' has no valid triangle to use when calculating texture streaming factor. Texture streaming needs a triangle with an area.
[15:00:00][pdxassetutil.cpp:556] [original line 1508] UV-Set: 1 in mesh 'dunstonbury_windows' in file 'gfx/models/buildings/special/dunstonbury/dunstonbury.mesh' has no valid triangle to use when calculating texture streaming factor. Texture streaming needs a triangle with an area.
[15:00:00][pdxassetutil.cpp:556] [original line 1509] UV-Set: 2 in mesh 'asoiaf_storms_end_chapletsShape' in file 'gfx/models/court/rooms/asoiaf_storms_end/asoiaf_court_storms_end.mesh' has no valid triangle to use when calculating texture streaming factor. Texture streaming needs a triangle with an area.
[15:00:00][pdxassetutil.cpp:556] [original line 1510] UV-Set: 2 in mesh 'asoiaf_storms_end_chapletsShape' in file 'gfx/models/court/rooms/asoiaf_storms_end/asoiaf_court_storms_end.mesh' has no valid triangle to use when calculating texture streaming factor. Texture streaming needs a triangle with an area.
[15:00:00][pdxassetutil.cpp:556] [original line 1511] UV-Set: 2 in mesh 'asoiaf_storms_end_chapletsShape' in file 'gfx/models/court/rooms/asoiaf_storms_end/asoiaf_court_storms_end.mesh' has no valid triangle to use when calculating texture streaming factor. Texture streaming needs a triangle with an area.
[15:00:01][pdxassetutil.cpp:556] [original line 1512] UV-Set: 2 in mesh 'asoiaf_storms_end_chapletsShape' in file 'gfx/models/court/rooms/asoiaf_storms_end/asoiaf_court_storms_end.mesh' has no valid triangle to use when calculating texture streaming factor. Texture streaming needs a triangle with an area.
[15:00:01][pdxassetutil.cpp:556] [original line 1513] UV-Set: 2 in mesh 'asoiaf_storms_end_chapletsShape' in file 'gfx/models/court/rooms/asoiaf_storms_end/asoiaf_court_storms_end.mesh' has no valid triangle to use when calculating texture streaming factor. Texture streaming needs a triangle with an area.
[15:00:01][pdxassetutil.cpp:556] [original line 1514] UV-Set: 2 in mesh 'asoiaf_storms_end_chapletsShape' in file 'gfx/models/court/rooms/asoiaf_storms_end/asoiaf_court_storms_end.mesh' has no valid triangle to use when calculating texture streaming factor. Texture streaming needs a triangle with an area.
[15:00:01][pdxassetutil.cpp:556] [original line 1515] UV-Set: 2 in mesh 'asoiaf_storms_end_wallsShape' in file 'gfx/models/court/rooms/asoiaf_storms_end/asoiaf_court_storms_end.mesh' has no valid triangle to use when calculating texture streaming factor. Texture streaming needs a triangle with an area.
[15:00:01][pdxassetutil.cpp:556] [original line 1516] UV-Set: 2 in mesh 'asoiaf_storms_end_wallsShape' in file 'gfx/models/court/rooms/asoiaf_storms_end/asoiaf_court_storms_end.mesh' has no valid triangle to use when calculating texture streaming factor. Texture streaming needs a triangle with an area.
[15:00:01][pdxassetutil.cpp:556] [original line 1517] UV-Set: 2 in mesh 'asoiaf_storms_end_wallsShape' in file 'gfx/models/court/rooms/asoiaf_storms_end/asoiaf_court_storms_end.mesh' has no valid triangle to use when calculating texture streaming factor. Texture streaming needs a triangle with an area.
[15:00:01][pdxassetutil.cpp:556] [original line 1518] UV-Set: 2 in mesh 'asoiaf_storms_end_wallsShape' in file 'gfx/models/court/rooms/asoiaf_storms_end/asoiaf_court_storms_end.mesh' has no valid triangle to use when calculating texture streaming factor. Texture streaming needs a triangle with an area.
[15:00:01][pdxassetutil.cpp:556] [original line 1519] UV-Set: 2 in mesh 'asoiaf_storms_end_wallsShape' in file 'gfx/models/court/rooms/asoiaf_storms_end/asoiaf_court_storms_end.mesh' has no valid triangle to use when calculating texture streaming factor. Texture streaming needs a triangle with an area.
[15:00:01][pdxassetutil.cpp:556] [original line 1520] UV-Set: 2 in mesh 'asoiaf_storms_end_wallsShape' in file 'gfx/models/court/rooms/asoiaf_storms_end/asoiaf_court_storms_end.mesh' has no valid triangle to use when calculating texture streaming factor. Texture streaming needs a triangle with an area.
[15:00:01][pdxassetutil.cpp:556] [original line 1521] UV-Set: 2 in mesh 'asoiaf_storms_end_wallsShape' in file 'gfx/models/court/rooms/asoiaf_storms_end/asoiaf_court_storms_end.mesh' has no valid triangle to use when calculating texture streaming factor. Texture streaming needs a triangle with an area.
[15:00:01][pdxassetutil.cpp:556] [original line 1522] UV-Set: 2 in mesh 'asoiaf_storms_end_wallsShape' in file 'gfx/models/court/rooms/asoiaf_storms_end/asoiaf_court_storms_end.mesh' has no valid triangle to use when calculating texture streaming factor. Texture streaming needs a triangle with an area.
[15:00:01][pdxassetutil.cpp:556] [original line 1523] UV-Set: 2 in mesh 'asoiaf_storms_end_wallsShape' in file 'gfx/models/court/rooms/asoiaf_storms_end/asoiaf_court_storms_end.mesh' has no valid triangle to use when calculating texture streaming factor. Texture streaming needs a triangle with an area.
[15:00:01][pdxassetutil.cpp:556] [original line 1524] UV-Set: 2 in mesh 'asoiaf_storms_end_wallsShape' in file 'gfx/models/court/rooms/asoiaf_storms_end/asoiaf_court_storms_end.mesh' has no valid triangle to use when calculating texture streaming factor. Texture streaming needs a triangle with an area.
[15:00:01][pdxassetutil.cpp:556] [original line 1525] UV-Set: 2 in mesh 'asoiaf_storms_end_decorationsShape' in file 'gfx/models/court/rooms/asoiaf_storms_end/asoiaf_court_storms_end.mesh' has no valid triangle to use when calculating texture streaming factor. Texture streaming needs a triangle with an area.
[15:00:01][pdxassetutil.cpp:556] [original line 1526] UV-Set: 2 in mesh 'asoiaf_storms_end_decorationsShape' in file 'gfx/models/court/rooms/asoiaf_storms_end/asoiaf_court_storms_end.mesh' has no valid triangle to use when calculating texture streaming factor. Texture streaming needs a triangle with an area.
[15:00:01][pdxassetutil.cpp:556] [original line 1527] UV-Set: 2 in mesh 'asoiaf_storms_end_decorationsShape' in file 'gfx/models/court/rooms/asoiaf_storms_end/asoiaf_court_storms_end.mesh' has no valid triangle to use when calculating texture streaming factor. Texture streaming needs a triangle with an area.
[15:00:02][pdxassetutil.cpp:556] [original line 1528] UV-Set: 2 in mesh 'asoiaf_storms_end_decorationsShape' in file 'gfx/models/court/rooms/asoiaf_storms_end/asoiaf_court_storms_end.mesh' has no valid triangle to use when calculating texture streaming factor. Texture streaming needs a triangle with an area.
[15:00:29][pdx_entity.cpp:666] [original line 1529] Failed to find entity "western_walls_05_entity" for attachment in
[15:00:29][pdx_entity.cpp:666] [original line 1530] Failed to find entity "western_walls_06_entity" for attachment in
[15:00:29][pdx_entity.cpp:666] [original line 1531] Failed to find entity "western_walls_07_entity" for attachment in
[15:00:29][pdx_entity.cpp:666] [original line 1532] Failed to find entity "india_walls_05_entity" for attachment in
[15:00:29][pdx_entity.cpp:666] [original line 1533] Failed to find entity "india_walls_06_entity" for attachment in
[15:00:29][pdx_entity.cpp:666] [original line 1534] Failed to find entity "india_walls_07_entity" for attachment in
[15:00:29][pdx_entity.cpp:666] [original line 1535] Failed to find entity "mediterranean_walls_05_entity" for attachment in
[15:00:29][pdx_entity.cpp:666] [original line 1536] Failed to find entity "mediterranean_walls_06_entity" for attachment in
[15:00:29][pdx_entity.cpp:666] [original line 1537] Failed to find entity "mediterranean_walls_07_entity" for attachment in
[15:00:29][pdx_entity.cpp:666] [original line 1538] Failed to find entity "fp2_building_iberian_wall_05_entity" for attachment in
[15:00:29][pdx_entity.cpp:666] [original line 1539] Failed to find entity "fp2_building_iberian_wall_06_entity" for attachment in
[15:00:29][pdx_entity.cpp:666] [original line 1540] Failed to find entity "fp2_building_iberian_wall_07_entity" for attachment in
[15:00:29][pdx_entity.cpp:666] [original line 1541] Failed to find entity "walls_05_marrakesh_entity" for attachment in
[15:00:29][pdx_entity.cpp:666] [original line 1542] Failed to find entity "western_walls_05_paris_entity" for attachment in
[15:00:29][pdx_entity.cpp:666] [original line 1543] Failed to find entity "western_walls_07_london_entity" for attachment in
[15:00:29][pdx_entity.cpp:666] [original line 1544] Failed to find entity "western_walls_06_london_entity" for attachment in
[15:00:29][pdx_entity.cpp:666] [original line 1545] Failed to find entity "western_walls_05_london_entity" for attachment in
[15:00:29][pdx_entity.cpp:666] [original line 1546] Failed to find entity "mediterranean_walls_05_thes_entity" for attachment in
[15:00:29][pdx_entity.cpp:666] [original line 1547] Failed to find entity "mena_walls_05_entity" for attachment in
[15:00:29][pdx_entity.cpp:666] [original line 1548] Failed to find entity "mena_walls_06_entity" for attachment in
[15:00:29][pdx_entity.cpp:666] [original line 1549] Failed to find entity "mena_walls_07_entity" for attachment in
[15:00:29][pdx_entity.cpp:666] [original line 1550] Failed to find entity "mediterranean_walls_05_genoa_entity" for attachment in
[15:00:29][pdx_entity.cpp:666] [original line 1551] Failed to find entity "mediterranean_walls_05_rome_entity" for attachment in
[15:00:29][pdx_entity.cpp:666] [original line 1552] Failed to find entity "mediterranean_walls_05_constantinople_entity" for attachment in
[15:00:30][portraitaccessories.cpp:65] [original line 1553] could not find entity [smc_alicent_dress_03_entity] - file: gfx/portraits/accessories/smc_clothing.txt line: 24 (female_clothes_smc_alicent_dress_03)
[15:00:30][portraitaccessories.cpp:65] [original line 1554] could not find entity [smc_alicent_dress_04_entity] - file: gfx/portraits/accessories/smc_clothing.txt line: 28 (female_clothes_smc_alicent_dress_04)
[15:00:37][decision_type.cpp:224] [original line 1555] asoiaf_greyjoy_cadets_decision has 'ai_check_interval'/'ai_check_interval_by_tier' that's negative or unset. Setting to 0 instead
[15:00:37][decision_type.cpp:224] [original line 1556] asoiaf_baelish_cadets_decision has 'ai_check_interval'/'ai_check_interval_by_tier' that's negative or unset. Setting to 0 instead
[15:00:37][decision_type.cpp:224] [original line 1557] asoiaf_harlaw_cadets_decision has 'ai_check_interval'/'ai_check_interval_by_tier' that's negative or unset. Setting to 0 instead
[15:00:37][decision_type.cpp:224] [original line 1558] asoiaf_jon_targ_cadet_branch_decision has 'ai_check_interval'/'ai_check_interval_by_tier' that's negative or unset. Setting to 0 instead
[15:00:37][decision_type.cpp:224] [original line 1559] asoiaf_aegon_II_greens_cadet_branch_decision has 'ai_check_interval'/'ai_check_interval_by_tier' that's negative or unset. Setting to 0 instead
[15:00:37][jomini_dynamicdescription.cpp:66] [original line 1560] Unrecognized loc key show_notifications_decision_tooltip. show_notifications_decision
[15:00:37][decision_type.cpp:224] [original line 1561] show_notifications_decision has 'ai_check_interval'/'ai_check_interval_by_tier' that's negative or unset. Setting to 0 instead
[15:00:38][character_currency_effects_impl.cpp:227] [original line 1562] Negative value in remove_short_term_gold: -450. file: events/decisions_events/buy_ruby_crown_events.txt line: 54 (buy_ruby_crown.0999:immediate)
[15:00:39][portraitcontext.cpp:239] [original line 1563] Trying to read gene props_right a second time at file: common/bookmark_portraits/bookmark_299_asha_greyjoy.txt line: 215 (bookmark_299_asha_greyjoy)
[15:00:40][jomini_eventmanager.cpp:428] [original line 1564] Duplicated event ID 'agot_activity_commission_crown.0001' found. New Location: 'file: events/activities/agot_coronation_activity/agot_coronation_crown_commission_events.txt line: 3 (agot_activity_commission_crown.0001)', Previous Location: 'file: events/activities/agot_coronation_activity/agot_coronation_crown_commission_events.txt line: 3 (agot_activity_commission_crown.0001)'
[15:00:40][portraitcontext.cpp:239] [original line 1565] Trying to read gene props_right a second time at file: common/bookmark_portraits/bookmark_99_aurion_varezys.txt line: 211 (bookmark_99_aurion_varezys)
[15:00:43][pdx_persistent_reader.cpp:216] [original line 1566] Error: "Unexpected token: rhoynish_religion_opinion, near line: 1760" in file: "common/buildings/yy_agotcities_special_buildings_westeros.txt" near line: 1760
[15:00:43][pdx_persistent_reader.cpp:216] [original line 1567] Error: "Unexpected token: rhoynish_religion_opinion, near line: 1767" in file: "common/buildings/yy_agotcities_special_buildings_westeros.txt" near line: 1767
[15:00:43][pdx_persistent_reader.cpp:216] [original line 1568] Error: "Unknown trigger: holding, near line: 2364" in file: "common/buildings/yy_agotcities_special_buildings_westeros.txt" near line: 2369
[15:00:44][pdx_persistent_reader.cpp:216] [original line 1569] Error: "Unexpected token: confucian_education_xp_gain_mult, near line: 4047" in file: "common/modifiers/DI_modifiers.txt" near line: 4047
[15:00:44][pdx_persistent_reader.cpp:216] [original line 1570] Error: "Unexpected token: valeman_opinion, near line: 447" in file: "common/modifiers/ntc_artifact_modifiers.txt" near line: 447
[15:00:44][pdx_persistent_reader.cpp:216] [original line 1571] Error: "Unexpected token: valeman_opinion, near line: 456" in file: "common/modifiers/ntc_artifact_modifiers.txt" near line: 456
[15:00:44][pdx_persistent_reader.cpp:216] [original line 1572] Error: "Unexpected token: valeman_opinion, near line: 605" in file: "common/modifiers/ntc_artifact_modifiers.txt" near line: 605
[15:00:47][jomini_script_argument.cpp:227] [original line 1573] Compiling source for agot_create_artifact_aegon_i_crown_effect failed for missing arguments: CREATOR. At file: common/scripted_effects/00_agot_artifact_crowns_effects.txt line: 78 (agot_create_artifact_aegon_i_crown_effect)
[15:00:47][jomini_script_argument.cpp:227] [original line 1574] Compiling source for agot_create_artifact_aenys_crown_effect failed for missing arguments: CREATOR. At file: common/scripted_effects/00_agot_artifact_crowns_effects.txt line: 228 (agot_create_artifact_aenys_crown_effect)
[15:00:47][jomini_script_argument.cpp:227] [original line 1575] Compiling source for agot_create_artifact_jaehaerys_crown_effect failed for missing arguments: CREATOR. At file: common/scripted_effects/00_agot_artifact_crowns_effects.txt line: 314 (agot_create_artifact_jaehaerys_crown_effect)
[15:00:47][jomini_script_argument.cpp:227] [original line 1576] Compiling source for agot_create_artifact_aegon_iii_crown_effect failed for missing arguments: CREATOR. At file: common/scripted_effects/00_agot_artifact_crowns_effects.txt line: 434 (agot_create_artifact_aegon_iii_crown_effect)
[15:00:47][jomini_script_argument.cpp:227] [original line 1577] Compiling source for agot_create_artifact_baelors_crown_effect failed for missing arguments: CREATOR. At file: common/scripted_effects/00_agot_artifact_crowns_effects.txt line: 498 (agot_create_artifact_baelors_crown_effect)
[15:00:47][jomini_script_argument.cpp:227] [original line 1578] Compiling source for agot_create_artifact_aegon_iv_crown_effect failed for missing arguments: CREATOR. At file: common/scripted_effects/00_agot_artifact_crowns_effects.txt line: 594 (agot_create_artifact_aegon_iv_crown_effect)
[15:00:47][jomini_script_argument.cpp:227] [original line 1579] Compiling source for agot_create_artifact_maekars_crown_effect failed for missing arguments: CREATOR. At file: common/scripted_effects/00_agot_artifact_crowns_effects.txt line: 672 (agot_create_artifact_maekars_crown_effect)
[15:00:47][jomini_script_argument.cpp:227] [original line 1580] Compiling source for agot_create_artifact_visenya_circlet_effect failed for missing arguments: CREATOR. At file: common/scripted_effects/00_agot_artifact_crowns_effects.txt line: 837 (agot_create_artifact_visenya_circlet_effect)
[15:00:47][pdx_locstring.cpp:93] [original line 1581] Key is missing localization: test_crush_desc
[15:00:47][pdx_locstring.cpp:93] [original line 1582] Key is missing localization: test_crush_desc
[15:00:47][pdx_locstring.cpp:93] [original line 1583] Key is missing localization: test_crush_desc
[15:00:47][pdx_locstring.cpp:93] [original line 1584] Key is missing localization: test_crush_desc
[15:00:47][pdx_locstring.cpp:93] [original line 1585] Key is missing localization: test_crush_desc
[15:00:47][pdx_locstring.cpp:93] [original line 1586] Key is missing localization: test_crush_desc
[15:00:47][pdx_persistent_reader.cpp:216] [original line 1587] Error: "Unknown effect: agot_8299_4_1_acok_scenario_setup, near line: 89" in file: "common/scripted_effects/00_agot_scenario_setup_effects.txt" near line: 90
[15:00:48][jomini_eventtarget.cpp:692] [original line 1588] Failed to find a valid event target link 'house_Blackfyre' at file: common/scripted_triggers/tgc_loaded_trigger.txt line: 127 (tgc_blackfyre_equipment_trigger)
[15:00:48][portraitaccessories.cpp:159] [original line 1589] accessory group [legwear:tgc_pants_blackfyre] has an invalid accessory "male_legwear_captainsPants_blackfyreAlt_01"
[15:00:48][portraitaccessories.cpp:159] [original line 1590] accessory group [legwear:tgc_pants_blackfyre] has an invalid accessory "male_legwear_standardPants_blackfyreAlt_01"
[15:00:48][portraitaccessories.cpp:159] [original line 1591] accessory group [legwear:tgc_pants_blackfyre] has an invalid accessory "male_legwear_twoSwordsPants_blackfyreAlt_01"
[15:00:48][portraitaccessories.cpp:159] [original line 1592] accessory group [legwear:tgc_pants_blackfyre] has an invalid accessory "male_legwear_captainsPants_blackfyreAlt_01"
[15:00:48][portraitaccessories.cpp:159] [original line 1593] accessory group [legwear:tgc_pants_blackfyre] has an invalid accessory "male_legwear_standardPants_blackfyreAlt_01"
[15:00:48][portraitaccessories.cpp:159] [original line 1594] accessory group [legwear:tgc_pants_blackfyre] has an invalid accessory "male_legwear_twoSwordsPants_blackfyreAlt_01"
[15:00:48][portraitaccessories.cpp:159] [original line 1595] accessory group [clothes:brightboar_swordsman_armour] has an invalid accessory "male_clothes_secular_brightboar_swordsman"
[15:00:48][portraitaccessories.cpp:159] [original line 1596] accessory group [clothes:brightboar_swordsman_armour] has an invalid accessory "female_clothes_secular_brightboar_swordsman"
[15:00:48][portraitaccessories.cpp:159] [original line 1597] accessory group [clothes:brightboar_swordsman_armour] has an invalid accessory "male_clothes_secular_brightboar_swordsman"
[15:00:48][portraitaccessories.cpp:159] [original line 1598] accessory group [clothes:brightboar_swordsman_armour] has an invalid accessory "female_clothes_secular_brightboar_swordsman"
[15:00:48][portraitaccessories.cpp:159] [original line 1599] accessory group [clothes:golden_company_armor_blackfyre] has an invalid accessory "male_clothes_captainsArmor_blackfyreAlt_01"
[15:00:48][portraitaccessories.cpp:159] [original line 1600] accessory group [clothes:golden_company_armor_blackfyre] has an invalid accessory "male_clothes_captainsArmorMetal_blackfyreAlt_01"
[15:00:48][portraitaccessories.cpp:159] [original line 1601] accessory group [clothes:golden_company_armor_blackfyre] has an invalid accessory "male_clothes_ornateVest_blackfyreAlt_01"
[15:00:48][portraitaccessories.cpp:159] [original line 1602] accessory group [clothes:golden_company_armor_blackfyre] has an invalid accessory "male_clothes_standardVest_blackfyreAlt_01"
[15:00:48][portraitaccessories.cpp:159] [original line 1603] accessory group [clothes:golden_company_armor_blackfyre] has an invalid accessory "male_clothes_platedVest_blackfyreAlt_01"
[15:00:48][portraitaccessories.cpp:159] [original line 1604] accessory group [clothes:golden_company_armor_blackfyre] has an invalid accessory "male_clothes_captainsArmor_blackfyreAlt_01"
[15:00:48][portraitaccessories.cpp:159] [original line 1605] accessory group [clothes:golden_company_armor_blackfyre] has an invalid accessory "male_clothes_captainsArmorMetal_blackfyreAlt_01"
[15:00:48][portraitaccessories.cpp:159] [original line 1606] accessory group [clothes:golden_company_armor_blackfyre] has an invalid accessory "male_clothes_ornateVest_blackfyreAlt_01"
[15:00:48][portraitaccessories.cpp:159] [original line 1607] accessory group [clothes:golden_company_armor_blackfyre] has an invalid accessory "male_clothes_standardVest_blackfyreAlt_01"
[15:00:48][portraitaccessories.cpp:159] [original line 1608] accessory group [clothes:golden_company_armor_blackfyre] has an invalid accessory "male_clothes_platedVest_blackfyreAlt_01"
[15:00:48][portraitaccessories.cpp:159] [original line 1609] accessory group [headgear:tgc_helmets] has an invalid accessory "male_headgear_tgc_helm_blackfyre_01"
[15:00:48][portraitaccessories.cpp:159] [original line 1610] accessory group [headgear:tgc_helmets] has an invalid accessory "male_headgear_tgc_helm_blackfyreAlt_01"
[15:00:48][portraitaccessories.cpp:159] [original line 1611] accessory group [headgear:tgc_helmets] has an invalid accessory "male_headgear_tgc_helm_blackfyre_02"
[15:00:48][portraitaccessories.cpp:159] [original line 1612] accessory group [headgear:tgc_helmets] has an invalid accessory "male_headgear_tgc_helm_blackfyreAlt_02"
[15:00:48][portraitaccessories.cpp:159] [original line 1613] accessory group [headgear:tgc_helmets] has an invalid accessory "male_headgear_tgc_helm_blackfyre_03"
[15:00:48][portraitaccessories.cpp:159] [original line 1614] accessory group [headgear:tgc_helmets] has an invalid accessory "male_headgear_tgc_helm_blackfyreAlt_03"
[15:00:48][portraitaccessories.cpp:159] [original line 1615] accessory group [headgear:tgc_helmets] has an invalid accessory "male_headgear_tgc_helm_blackfyre_01"
[15:00:48][portraitaccessories.cpp:159] [original line 1616] accessory group [headgear:tgc_helmets] has an invalid accessory "male_headgear_tgc_helm_blackfyreAlt_01"
[15:00:48][portraitaccessories.cpp:159] [original line 1617] accessory group [headgear:tgc_helmets] has an invalid accessory "male_headgear_tgc_helm_blackfyre_02"
[15:00:48][portraitaccessories.cpp:159] [original line 1618] accessory group [headgear:tgc_helmets] has an invalid accessory "male_headgear_tgc_helm_blackfyreAlt_02"
[15:00:48][portraitaccessories.cpp:159] [original line 1619] accessory group [headgear:tgc_helmets] has an invalid accessory "male_headgear_tgc_helm_blackfyre_03"
[15:00:48][portraitaccessories.cpp:159] [original line 1620] accessory group [headgear:tgc_helmets] has an invalid accessory "male_headgear_tgc_helm_blackfyreAlt_03"
[15:00:48][pdx_persistent_reader.cpp:216] [original line 1621] Error: "Failed to read key reference: 1453_end_date: 1453_end_date, near line: 3
Failed to read key reference: rhomaion_name_of_byzantium: rhomaion_name_of_byzantium, near line: 3
Failed to read key reference: default_mongol_invasion: default_mongol_invasion, near line: 3
Failed to read key reference: random_ruler_placement_off: random_ruler_placement_off, near line: 3
Failed to read key reference: launch_historical: launch_historical, near line: 3
Failed to read key reference: fp1_scandi_adventurers_apocalyptic: fp1_scandi_adventurers_apocalyptic, near line: 3
Failed to read key reference: dissolution_after_caliph_death: dissolution_after_caliph_death, near line: 3
Failed to read key reference: default_seljuk_invasion: default_seljuk_invasion, near line: 3
Failed to read key reference: situation_the_great_steppe_toggle_on: situation_the_great_steppe_toggle_on, near line: 3
Failed to read key reference: struggle_iberia_toggle_on: struggle_iberia_toggle_on, near line: 3
Failed to read key reference: struggle_persia_toggle_on: struggle_persia_toggle_on, near line: 3
Failed to read key reference: historicity_ruler_of_munster_historical_toirdelbach: historicity_ruler_of_munster_historical_toirdelbach, near line: 3
Failed to read key reference: historicity_norman_conquest_default_random: historicity_norman_conquest_default_random, near line: 3
Failed to read key reference: tibet_nomad_region_on: tibet_nomad_region_on, near line: 3
Failed to read key reference: sami_nomad_region_on: sami_nomad_region_on, near line: 3
Failed to read key reference: arabia_nomad_region_on: arabia_nomad_region_on, near line: 3
Failed to read key reference: sahel_nomad_region_on: sahel_nomad_region_on, near line: 3
Failed to read key reference: horn_of_africa_nomad_region_on: horn_of_africa_nomad_region_on, near line: 3
Failed to read key reference: historicity_extra_admin_egypt_gameplay_not_administrative: historicity_extra_admin_egypt_gameplay_not_administrative, near line: 3
Failed to read key reference: historicity_extra_admin_arabia_gameplay_not_administrative: historicity_extra_admin_arabia_gameplay_not_administrative, near line: 3
Failed to read key reference: historicity_extra_admin_ghana_gameplay_not_administrative: historicity_extra_admin_ghana_gameplay_not_administrative, near line: 3
Failed to read key reference: historicity_extra_admin_kabulistan_gameplay_not_administrative: historicity_extra_admin_kabulistan_gameplay_not_administrative, near line: 3
Failed to read key reference: historicity_extra_admin_persia_gameplay_not_administrative: historicity_extra_admin_persia_gameplay_not_administrative, near line: 3
Failed to read key reference: historicity_extra_admin_maghreb_gameplay_not_administrative: historicity_extra_admin_maghreb_gameplay_not_administrative, near line: 3
Failed to read key reference: historicity_extra_admin_tamilakam_gameplay_not_administrative: historicity_extra_admin_tamilakam_gameplay_not_administrative, near line: 3
Failed to read key reference: historicity_extra_admin_carolingians_gameplay_not_administrative: historicity_extra_admin_carolingians_gameplay_not_administrative, near line: 3
Failed to read key reference: historicity_extra_admin_player_wherever_gameplay_not_administrative: historicity_extra_admin_player_wherever_gameplay_not_administrative, near line: 3
Failed to read key reference: historicity_frankokratia_fourth_crusade: historicity_frankokratia_fourth_crusade, near line: 3
Failed to read key reference: silk_road_starting_innovations_preset: silk_road_starting_innovations_preset, near line: 3
Failed to read key reference: ACR_RE_tradition_slots_plus_95: ACR_RE_tradition_slots_plus_95, near line: 3
Failed to read key reference: ACR_RE_tradition_cost_free: ACR_RE_tradition_cost_free, near line: 3
Failed to read key reference: ACR_RE_tradition_cooldown_none: ACR_RE_tradition_cooldown_none, near line: 3
Failed to read key reference: ACR_RE_truce_duration_5: ACR_RE_truce_duration_5, near line: 3
Failed to read key reference: ACR_RE_truce_scope_player_primary: ACR_RE_truce_scope_player_primary, near line: 3
Failed to read key reference: ACR_RE_council_task_speed_1_month: ACR_RE_council_task_speed_1_month, near line: 3
Failed to read key reference: HM_RE_rule_player_free_functions_enabled: HM_RE_rule_player_free_functions_enabled, near line: 3
Failed to read key reference: HM_RE_rule_change_holding_type_cost_very_cheap: HM_RE_rule_change_holding_type_cost_very_cheap, near line: 3
Failed to read key reference: HM_RE_rule_change_holding_type_cooldown_very_short: HM_RE_rule_change_holding_type_cooldown_very_short, near line: 3
Failed to read key reference: HM_RE_rule_can_replace_buildings_vassals: HM_RE_rule_can_replace_buildings_vassals, near line: 3
Failed to read key reference: HM_RE_rule_can_feudalize_holdings_vassals: HM_RE_rule_can_feudalize_holdings_vassals, near line: 3
Failed to read key reference: HM_RE_value_construct_buildings_gold_cost_cap_very_cheap: HM_RE_value_construct_buildings_gold_cost_cap_very_cheap, near line: 3
Failed to read key reference: HM_RE_rule_player_extra_slots_enabled: HM_RE_rule_player_extra_slots_enabled, near line: 3
Failed to read key reference: HM_RE_rule_player_slot_base_cost_very_cheap: HM_RE_rule_player_slot_base_cost_very_cheap, near line: 3
Failed to read key reference: HM_RE_rule_player_slot_step_cost_very_cheap: HM_RE_rule_player_slot_step_cost_very_cheap, near line: 3
Failed to read key reference: HM_RE_rule_construction_time_cost_free: HM_RE_rule_construction_time_cost_free, near line: 3
Failed to read key reference: HM_RE_build_all_button_on: HM_RE_build_all_button_on, near line: 3
Failed to read key reference: HM_RE_upgrade_all_button_on: HM_RE_upgrade_all_button_on, near line: 3
Failed to read key reference: HM_RE_make_nomad_button_on: HM_RE_make_nomad_button_on, near line: 3
Failed to read key reference: HM_RE_make_temple_citadel_button_on: HM_RE_make_temple_citadel_button_on, near line: 3
Failed to read key reference: HM_RE_player_add_slots_decision_on: HM_RE_player_add_slots_decision_on, near line: 3
Failed to read key reference: HM_RE_player_add_slots_decision_base_cost_very_cheap: HM_RE_player_add_slots_decision_base_cost_very_cheap, near line: 3
Failed to read key reference: HM_RE_player_cost_gold: HM_RE_player_cost_gold, near line: 3
Failed to read key reference: HM_RE_rule_ai_extra_slots_disabled: HM_RE_rule_ai_extra_slots_disabled, near line: 3
Failed to read key reference: HM_RE_rule_ai_slot_base_cost_very_expensive: HM_RE_rule_ai_slot_base_cost_very_expensive, near line: 3
Failed to read key reference: HM_RE_rule_ai_slot_step_cost_very_expensive: HM_RE_rule_ai_slot_step_cost_very_expensive, near line: 3" in file: "" near line: 3
[15:00:48][pdx_persistent_reader.cpp:216] [original line 1676] Error: "Failed to read key reference: 1453_end_date: 1453_end_date, near line: 8
Failed to read key reference: rhomaion_name_of_byzantium: rhomaion_name_of_byzantium, near line: 8
Failed to read key reference: default_mongol_invasion: default_mongol_invasion, near line: 8
Failed to read key reference: random_ruler_placement_off: random_ruler_placement_off, near line: 8
Failed to read key reference: launch_historical: launch_historical, near line: 8
Failed to read key reference: fp1_scandi_adventurers_apocalyptic: fp1_scandi_adventurers_apocalyptic, near line: 8
Failed to read key reference: dissolution_after_caliph_death: dissolution_after_caliph_death, near line: 8
Failed to read key reference: default_seljuk_invasion: default_seljuk_invasion, near line: 8
Failed to read key reference: situation_the_great_steppe_toggle_on: situation_the_great_steppe_toggle_on, near line: 8
Failed to read key reference: struggle_iberia_toggle_on: struggle_iberia_toggle_on, near line: 8
Failed to read key reference: struggle_persia_toggle_on: struggle_persia_toggle_on, near line: 8
Failed to read key reference: historicity_ruler_of_munster_historical_toirdelbach: historicity_ruler_of_munster_historical_toirdelbach, near line: 8
Failed to read key reference: historicity_norman_conquest_default_random: historicity_norman_conquest_default_random, near line: 8
Failed to read key reference: tibet_nomad_region_on: tibet_nomad_region_on, near line: 8
Failed to read key reference: sami_nomad_region_on: sami_nomad_region_on, near line: 8
Failed to read key reference: arabia_nomad_region_on: arabia_nomad_region_on, near line: 8
Failed to read key reference: sahel_nomad_region_on: sahel_nomad_region_on, near line: 8
Failed to read key reference: horn_of_africa_nomad_region_on: horn_of_africa_nomad_region_on, near line: 8
Failed to read key reference: historicity_extra_admin_egypt_gameplay_not_administrative: historicity_extra_admin_egypt_gameplay_not_administrative, near line: 8
Failed to read key reference: historicity_extra_admin_arabia_gameplay_not_administrative: historicity_extra_admin_arabia_gameplay_not_administrative, near line: 8
Failed to read key reference: historicity_extra_admin_ghana_gameplay_not_administrative: historicity_extra_admin_ghana_gameplay_not_administrative, near line: 8
Failed to read key reference: historicity_extra_admin_kabulistan_gameplay_not_administrative: historicity_extra_admin_kabulistan_gameplay_not_administrative, near line: 8
Failed to read key reference: historicity_extra_admin_persia_gameplay_not_administrative: historicity_extra_admin_persia_gameplay_not_administrative, near line: 8
Failed to read key reference: historicity_extra_admin_maghreb_gameplay_not_administrative: historicity_extra_admin_maghreb_gameplay_not_administrative, near line: 8
Failed to read key reference: historicity_extra_admin_tamilakam_gameplay_not_administrative: historicity_extra_admin_tamilakam_gameplay_not_administrative, near line: 8
Failed to read key reference: historicity_extra_admin_carolingians_gameplay_not_administrative: historicity_extra_admin_carolingians_gameplay_not_administrative, near line: 8
Failed to read key reference: historicity_extra_admin_player_wherever_gameplay_not_administrative: historicity_extra_admin_player_wherever_gameplay_not_administrative, near line: 8
Failed to read key reference: historicity_frankokratia_fourth_crusade: historicity_frankokratia_fourth_crusade, near line: 8
Failed to read key reference: silk_road_starting_innovations_preset: silk_road_starting_innovations_preset, near line: 8
Failed to read key reference: ACR_RE_tradition_slots_plus_95: ACR_RE_tradition_slots_plus_95, near line: 8
Failed to read key reference: ACR_RE_tradition_cost_free: ACR_RE_tradition_cost_free, near line: 8
Failed to read key reference: ACR_RE_tradition_cooldown_none: ACR_RE_tradition_cooldown_none, near line: 8
Failed to read key reference: ACR_RE_truce_duration_5: ACR_RE_truce_duration_5, near line: 8
Failed to read key reference: ACR_RE_truce_scope_player_primary: ACR_RE_truce_scope_player_primary, near line: 8
Failed to read key reference: ACR_RE_council_task_speed_1_month: ACR_RE_council_task_speed_1_month, near line: 8
Failed to read key reference: HM_RE_rule_player_free_functions_enabled: HM_RE_rule_player_free_functions_enabled, near line: 8
Failed to read key reference: HM_RE_rule_change_holding_type_cost_very_cheap: HM_RE_rule_change_holding_type_cost_very_cheap, near line: 8
Failed to read key reference: HM_RE_rule_change_holding_type_cooldown_very_short: HM_RE_rule_change_holding_type_cooldown_very_short, near line: 8
Failed to read key reference: HM_RE_rule_can_replace_buildings_vassals: HM_RE_rule_can_replace_buildings_vassals, near line: 8
Failed to read key reference: HM_RE_rule_can_feudalize_holdings_vassals: HM_RE_rule_can_feudalize_holdings_vassals, near line: 8
Failed to read key reference: HM_RE_value_construct_buildings_gold_cost_cap_very_cheap: HM_RE_value_construct_buildings_gold_cost_cap_very_cheap, near line: 8
Failed to read key reference: HM_RE_rule_player_extra_slots_enabled: HM_RE_rule_player_extra_slots_enabled, near line: 8
Failed to read key reference: HM_RE_rule_player_slot_base_cost_very_cheap: HM_RE_rule_player_slot_base_cost_very_cheap, near line: 8
Failed to read key reference: HM_RE_rule_player_slot_step_cost_very_cheap: HM_RE_rule_player_slot_step_cost_very_cheap, near line: 8
Failed to read key reference: HM_RE_rule_construction_time_cost_free: HM_RE_rule_construction_time_cost_free, near line: 8
Failed to read key reference: HM_RE_build_all_button_on: HM_RE_build_all_button_on, near line: 8
Failed to read key reference: HM_RE_upgrade_all_button_on: HM_RE_upgrade_all_button_on, near line: 8
Failed to read key reference: HM_RE_make_nomad_button_on: HM_RE_make_nomad_button_on, near line: 8
Failed to read key reference: HM_RE_make_temple_citadel_button_on: HM_RE_make_temple_citadel_button_on, near line: 8
Failed to read key reference: HM_RE_player_add_slots_decision_on: HM_RE_player_add_slots_decision_on, near line: 8
Failed to read key reference: HM_RE_player_add_slots_decision_base_cost_very_cheap: HM_RE_player_add_slots_decision_base_cost_very_cheap, near line: 8
Failed to read key reference: HM_RE_player_cost_gold: HM_RE_player_cost_gold, near line: 8
Failed to read key reference: HM_RE_rule_ai_extra_slots_disabled: HM_RE_rule_ai_extra_slots_disabled, near line: 8
Failed to read key reference: HM_RE_rule_ai_slot_base_cost_very_expensive: HM_RE_rule_ai_slot_base_cost_very_expensive, near line: 8
Failed to read key reference: HM_RE_rule_ai_slot_step_cost_very_expensive: HM_RE_rule_ai_slot_step_cost_very_expensive, near line: 8" in file: "" near line: 8
[15:00:48][coat_of_arms_render_description.cpp:190] [original line 1731] Failed to find textured emblem texture at path: gfx/coat_of_arms/colored_emblems/asoiaf_unicorn.dds near file: common/coat_of_arms/coat_of_arms/personal_coas_dynamic.txt line: 1080
[15:00:48][coat_of_arms_render_description.cpp:190] [original line 1732] Failed to find textured emblem texture at path: gfx/coat_of_arms/colored_emblems/vale_seldon_rayonne.dds near file: common/coat_of_arms/coat_of_arms/riverland_dynasties.txt line: 120
[15:00:48][coat_of_arms_render_description.cpp:190] [original line 1733] Failed to find textured emblem texture at path: gfx/coat_of_arms/colored_emblems/ce_bottom_solid.dds near file: common/coat_of_arms/coat_of_arms/test_reach_dynasties.txt line: 1302
[15:00:48][coat_of_arms_render_description.cpp:190] [original line 1734] Failed to find textured emblem texture at path: gfx/coat_of_arms/colored_emblems/north_wibberly.dds near file: common/coat_of_arms/coat_of_arms/northern_dynasties.txt line: 1337
[15:00:48][coat_of_arms_render_description.cpp:190] [original line 1735] Failed to find textured emblem texture at path: gfx/coat_of_arms/colored_emblems/re_block_02.dds near file: common/coat_of_arms/coat_of_arms/test_reach_dynasties.txt line: 1699
[15:00:48][coat_of_arms_render_description.cpp:190] [original line 1736] Failed to find textured emblem texture at path: gfx/coat_of_arms/colored_emblems/re_block_02.dds near file: common/coat_of_arms/coat_of_arms/test_reach_dynasties.txt line: 1781
[15:00:48][coat_of_arms_render_description.cpp:190] [original line 1737] Failed to find textured emblem texture at path: gfx/coat_of_arms/colored_emblems/ce_bottom_solid.dds near file: common/coat_of_arms/coat_of_arms/reach_dynasties.txt line: 1708
[15:00:49][coat_of_arms_render_description.cpp:190] [original line 1738] Failed to find textured emblem texture at path: gfx/coat_of_arms/colored_emblems/asoiaf_unicorn.dds near file: common/coat_of_arms/coat_of_arms/test_personal_coas.txt line: 2130
[15:00:49][coat_of_arms_render_description.cpp:190] [original line 1739] Failed to find textured emblem texture at path: gfx/coat_of_arms/colored_emblems/north_wibberly.dds near file: common/coat_of_arms/coat_of_arms/test_northern_dynasties.txt line: 981
[15:00:49][coat_of_arms_render_description.cpp:190] [original line 1740] Failed to find textured emblem texture at path: gfx/coat_of_arms/colored_emblems/re_block_02.dds near file: common/coat_of_arms/coat_of_arms/reach_dynasties.txt line: 1882
[15:00:49][coat_of_arms_render_description.cpp:190] [original line 1741] Failed to find textured emblem texture at path: gfx/coat_of_arms/colored_emblems/vale_seldon_rayonne.dds near file: common/coat_of_arms/coat_of_arms/test_riverland_dynasties.txt line: 735
[15:00:49][coat_of_arms_render_description.cpp:190] [original line 1742] Failed to find textured emblem texture at path: gfx/coat_of_arms/colored_emblems/re_block_02.dds near file: common/coat_of_arms/coat_of_arms/reach_dynasties.txt line: 192
[15:00:50][opinion_modifier.cpp:83] [original line 1743] Modifier 'funded_my_expedition' shouldn't have a duration and monthly_change at the same time!
[15:00:50][opinion_modifier.cpp:83] [original line 1744] Modifier 'sent_relative_to_valyria' shouldn't have a duration and monthly_change at the same time!
[15:00:50][artifact_feature.cpp:33] [original line 1745] Missing loc key 'feature_dragon_whip_black'
[15:00:50][artifact_feature.cpp:33] [original line 1746] Missing loc key 'feature_dragon_whip_silver'
[15:00:50][artifact_feature.cpp:33] [original line 1747] Missing loc key 'feature_dragon_whip_bronze'
[15:00:50][artifact_visual_type.cpp:31] [original line 1748] Artifact visual type 'asoiaf_hound_armour_visuals' has no defined assets
[15:00:50][title_links.cpp:214] [original line 1749] Failed to fetch a valid landed title 'e_hre' at location 'file: common/scripted_guis/DI_char_editor_present_sgui.txt line: 1589 (DI_ce_female_dominated:effect)'
[15:00:50][title_links.cpp:214] [original line 1750] Failed to fetch a valid landed title 'e_hre' at location 'file: common/character_interactions/DI_character_interaction.txt line: 4622 (DI_change_succession:on_accept)'
[15:00:50][title_links.cpp:214] [original line 1751] Failed to fetch a valid landed title 'e_hre' at location 'file: common/character_interactions/DI_character_interaction.txt line: 4624 (DI_change_succession:on_accept)'
[15:00:50][title_links.cpp:214] [original line 1752] Failed to fetch a valid landed title 'e_hre' at location 'file: common/character_interactions/DI_character_interaction.txt line: 4637 (DI_change_succession:on_accept)'
[15:00:50][title_links.cpp:214] [original line 1753] Failed to fetch a valid landed title 'e_hre' at location 'file: common/character_interactions/DI_character_interaction.txt line: 4639 (DI_change_succession:on_accept)'
[15:00:50][title_links.cpp:214] [original line 1754] Failed to fetch a valid landed title 'b_graced_castle' at location 'file: common/on_action/cowagot_province_on_actions.txt line: 242 (set_provinces_on_actions)'
[15:00:50][title_links.cpp:214] [original line 1755] Failed to fetch a valid landed title 'b_cheesemonger_manse' at location 'file: common/on_action/cowagot_province_on_actions.txt line: 246 (set_provinces_on_actions)'
[15:00:50][jomini_eventtarget.h:291] [original line 1756] Failed to find 'varangian' from database for link 'trait' at file: common/scripted_effects/DI_char_spawner_effects.txt line: 1232 (DI_akolouthos_traits_effect)
[15:00:50][jomini_eventmanager.cpp:119] [original line 1757] 'agot_cities.5000' does not have a valid namespace
[15:00:50][jomini_script_system.cpp:303] [original line 1758] Script system error!
  Error: trigger_event effect [ Event [agot_cities.5000] not found ]
  Script location: file: common/buildings/yy_agotcities_special_buildings_westeros.txt line: 1827 (planky_town_special:on_complete)
[15:00:50][jomini_eventmanager.cpp:119] [original line 1762] 'agot_cities.5000' does not have a valid namespace
[15:00:50][jomini_script_system.cpp:303] [original line 1763] Script system error!
  Error: trigger_event effect [ Event [agot_cities.5000] not found ]
  Script location: file: common/buildings/yy_agotcities_special_buildings_westeros.txt line: 1993 (agot_castamere_03:on_complete)
[15:00:50][jomini_eventmanager.cpp:119] [original line 1767] 'agot_cities.5000' does not have a valid namespace
[15:00:50][jomini_script_system.cpp:303] [original line 1768] Script system error!
  Error: trigger_event effect [ Event [agot_cities.5000] not found ]
  Script location: file: common/buildings/yy_agotcities_special_buildings_westeros.txt line: 2295 (24castamere_03:on_complete)
[15:00:50][jomini_script_system.cpp:303] [original line 1772] Script system error!
  Error: create_artifact effect [ Invalid artifact template 'vs_blackfyre_template' ]
  Script location: file: common/scripted_effects/00_agot_artifact_vs_sword_effects_override.txt line: 13 (agot_create_artifact_vs_blackfyre_effect[args#3618947653])
[15:00:50][jomini_script_system.cpp:303] [original line 1776] Script system error!
  Error: create_artifact effect [ Invalid artifact template 'vs_blackfyre_template' ]
  Script location: file: common/scripted_effects/00_agot_artifact_vs_sword_effects_override.txt line: 31 (agot_create_artifact_vs_blackfyre_effect[args#3618947653])
[15:00:50][jomini_script_system.cpp:303] [original line 1780] Script system error!
  Error: create_artifact effect [ Invalid artifact template 'vs_blackfyre_template' ]
  Script location: file: common/scripted_effects/00_agot_artifact_vs_sword_effects_override.txt line: 13 (agot_create_artifact_vs_blackfyre_effect[args#141906969])
[15:00:50][jomini_script_system.cpp:303] [original line 1784] Script system error!
  Error: create_artifact effect [ Invalid artifact template 'vs_blackfyre_template' ]
  Script location: file: common/scripted_effects/00_agot_artifact_vs_sword_effects_override.txt line: 31 (agot_create_artifact_vs_blackfyre_effect[args#141906969])
[15:00:50][jomini_script_system.cpp:303] [original line 1788] Script system error!
  Error: create_artifact effect [ Invalid artifact template 'vs_pincer_template' ]
  Script location: file: common/scripted_effects/00_agot_artifact_vs_sword_effects_override.txt line: 604 (agot_create_artifact_vs_pincer_effect[args#3618947653])
[15:00:50][jomini_script_system.cpp:303] [original line 1792] Script system error!
  Error: create_artifact effect [ Invalid artifact template 'vs_pincer_template' ]
  Script location: file: common/scripted_effects/00_agot_artifact_vs_sword_effects_override.txt line: 630 (agot_create_artifact_vs_pincer_effect[args#3618947653])
[15:00:50][jomini_script_system.cpp:303] [original line 1796] Script system error!
  Error: create_artifact effect [ Invalid artifact template 'vs_seafoam_template' ]
  Script location: file: common/scripted_effects/00_agot_artifact_vs_sword_effects_override.txt line: 455 (agot_create_artifact_vs_seafoam_effect[args#3618947653])
[15:00:50][jomini_script_system.cpp:303] [original line 1800] Script system error!
  Error: create_artifact effect [ Invalid artifact template 'vs_seafoam_template' ]
  Script location: file: common/scripted_effects/00_agot_artifact_vs_sword_effects_override.txt line: 475 (agot_create_artifact_vs_seafoam_effect[args#3618947653])
[15:00:50][jomini_script_system.cpp:303] [original line 1804] Script system error!
  Error: create_artifact effect [ Invalid static modifier 'artifact_personal_scheme_power_add_5_modifier' ]
  Script location: file: common/scripted_effects/00_lotd_artifact_creation_effects.txt line: 8 (create_artifact_subterfuge_effect[args#141906969])
[15:00:50][jomini_script_system.cpp:303] [original line 1808] Script system error!
  Error: create_artifact effect [ Invalid artifact template 'vs_blackfyre_template' ]
  Script location: file: common/scripted_effects/00_agot_artifact_vs_sword_effects_override.txt line: 13 (agot_create_artifact_vs_blackfyre_effect[args#979117111])
[15:00:50][jomini_script_system.cpp:303] [original line 1812] Script system error!
  Error: create_artifact effect [ Invalid artifact template 'vs_blackfyre_template' ]
  Script location: file: common/scripted_effects/00_agot_artifact_vs_sword_effects_override.txt line: 31 (agot_create_artifact_vs_blackfyre_effect[args#979117111])
[15:00:50][jomini_script_system.cpp:303] [original line 1816] Script system error!
  Error: create_artifact effect [ Invalid artifact template 'vs_pincer_template' ]
  Script location: file: common/scripted_effects/00_agot_artifact_vs_sword_effects_override.txt line: 604 (agot_create_artifact_vs_pincer_effect[args#979117111])
[15:00:50][jomini_script_system.cpp:303] [original line 1820] Script system error!
  Error: create_artifact effect [ Invalid artifact template 'vs_pincer_template' ]
  Script location: file: common/scripted_effects/00_agot_artifact_vs_sword_effects_override.txt line: 630 (agot_create_artifact_vs_pincer_effect[args#979117111])
[15:00:50][jomini_script_system.cpp:303] [original line 1824] Script system error!
  Error: create_artifact effect [ Invalid artifact template 'vs_seafoam_template' ]
  Script location: file: common/scripted_effects/00_agot_artifact_vs_sword_effects_override.txt line: 455 (agot_create_artifact_vs_seafoam_effect[args#979117111])
[15:00:50][jomini_script_system.cpp:303] [original line 1828] Script system error!
  Error: create_artifact effect [ Invalid artifact template 'vs_seafoam_template' ]
  Script location: file: common/scripted_effects/00_agot_artifact_vs_sword_effects_override.txt line: 475 (agot_create_artifact_vs_seafoam_effect[args#979117111])
[15:00:50][jomini_script_system.cpp:303] [original line 1832] Script system error!
  Error: create_artifact effect [ Invalid artifact template 'vs_seafoam_template' ]
  Script location: file: common/scripted_effects/00_agot_artifact_vs_sword_effects_override.txt line: 455 (agot_create_artifact_vs_seafoam_effect[args#2425720076])
[15:00:50][jomini_script_system.cpp:303] [original line 1836] Script system error!
  Error: create_artifact effect [ Invalid artifact template 'vs_seafoam_template' ]
  Script location: file: common/scripted_effects/00_agot_artifact_vs_sword_effects_override.txt line: 475 (agot_create_artifact_vs_seafoam_effect[args#2425720076])
[15:00:50][jomini_script_system.cpp:303] [original line 1840] Script system error!
  Error: create_artifact effect [ Invalid artifact template 'vs_pincer_template' ]
  Script location: file: common/scripted_effects/00_agot_artifact_vs_sword_effects_override.txt line: 604 (agot_create_artifact_vs_pincer_effect[args#2425720076])
[15:00:50][jomini_script_system.cpp:303] [original line 1844] Script system error!
  Error: create_artifact effect [ Invalid artifact template 'vs_pincer_template' ]
  Script location: file: common/scripted_effects/00_agot_artifact_vs_sword_effects_override.txt line: 630 (agot_create_artifact_vs_pincer_effect[args#2425720076])
[15:00:50][jomini_script_system.cpp:303] [original line 1848] Script system error!
  Error: create_artifact effect [ Invalid artifact template 'vs_blackfyre_template' ]
  Script location: file: common/scripted_effects/00_agot_artifact_vs_sword_effects_override.txt line: 13 (agot_create_artifact_vs_blackfyre_effect[args#2425720076])
[15:00:50][jomini_script_system.cpp:303] [original line 1852] Script system error!
  Error: create_artifact effect [ Invalid artifact template 'vs_blackfyre_template' ]
  Script location: file: common/scripted_effects/00_agot_artifact_vs_sword_effects_override.txt line: 31 (agot_create_artifact_vs_blackfyre_effect[args#2425720076])
[15:00:50][jomini_script_system.cpp:303] [original line 1856] Script system error!
  Error: set_culture_pillar effect [ Invalid database object 'language_agot_lhazaar' ]
  Script location: file: common/scripted_guis/DI_cultural_editor_pillars_sgui.txt line: 620 (DI_language_agot_lhazaar_sgui:effect)
[15:00:50][jomini_effect.cpp:139] [original line 1860] PostValidate of effect 'set_culture_pillar' returned false at file: common/scripted_guis/DI_cultural_editor_pillars_sgui.txt line: 620 (DI_language_agot_lhazaar_sgui:effect)
[15:00:50][jomini_script_system.cpp:303] [original line 1861] Script system error!
  Error: add_innovation effect [ target: Not found in database class CCultureInnovationTypeDatabase ]
  Script location: file: common/character_interactions/DI_character_interaction.txt line: 4616 (DI_change_succession:on_accept)
[15:00:50][jomini_effect.cpp:139] [original line 1865] PostValidate of effect 'add_innovation' returned false at file: common/character_interactions/DI_character_interaction.txt line: 4616 (DI_change_succession:on_accept)
[15:00:50][jomini_script_system.cpp:303] [original line 1866] Script system error!
  Error: add_innovation effect [ target: Not found in database class CCultureInnovationTypeDatabase ]
  Script location: file: common/character_interactions/DI_character_interaction.txt line: 4631 (DI_change_succession:on_accept)
[15:00:50][jomini_effect.cpp:139] [original line 1870] PostValidate of effect 'add_innovation' returned false at file: common/character_interactions/DI_character_interaction.txt line: 4631 (DI_change_succession:on_accept)
[15:00:50][jomini_script_system.cpp:303] [original line 1871] Script system error!
  Error: add_building effect [ Invalid database object 'common_trade_03' ]
  Script location: file: common/on_action/cowagot_province_on_actions.txt line: 174 (set_provinces_on_actions)
[15:00:50][jomini_effect.cpp:139] [original line 1875] PostValidate of effect 'add_building' returned false at file: common/on_action/cowagot_province_on_actions.txt line: 174 (set_provinces_on_actions)
[15:00:50][jomini_script_system.cpp:303] [original line 1876] Script system error!
  Error: remove_building effect [ Invalid database object 'ironwood_01' ]
  Script location: file: common/on_action/cowagot_province_on_actions.txt line: 214 (set_provinces_on_actions)
[15:00:50][jomini_effect.cpp:139] [original line 1880] PostValidate of effect 'remove_building' returned false at file: common/on_action/cowagot_province_on_actions.txt line: 214 (set_provinces_on_actions)
[15:00:50][jomini_script_system.cpp:303] [original line 1881] Script system error!
  Error: add_special_building_slot effect [ Invalid database object 'bearisland_01' ]
  Script location: file: common/on_action/cowagot_province_on_actions.txt line: 273 (set_provinces_on_actions)
[15:00:50][jomini_effect.cpp:139] [original line 1885] PostValidate of effect 'add_special_building_slot' returned false at file: common/on_action/cowagot_province_on_actions.txt line: 273 (set_provinces_on_actions)
[15:00:50][jomini_script_system.cpp:303] [original line 1886] Script system error!
  Error: add_special_building effect [ Invalid database object 'bearisland_01' ]
  Script location: file: common/on_action/cowagot_province_on_actions.txt line: 274 (set_provinces_on_actions)
[15:00:50][jomini_effect.cpp:139] [original line 1890] PostValidate of effect 'add_special_building' returned false at file: common/on_action/cowagot_province_on_actions.txt line: 274 (set_provinces_on_actions)
[15:00:50][jomini_script_system.cpp:303] [original line 1891] Script system error!
  Error: add_special_building_slot effect [ Invalid database object 'harlaw_mines_01' ]
  Script location: file: common/on_action/cowagot_province_on_actions.txt line: 335 (harlaw_building_check_on_actions)
[15:00:50][jomini_effect.cpp:139] [original line 1895] PostValidate of effect 'add_special_building_slot' returned false at file: common/on_action/cowagot_province_on_actions.txt line: 335 (harlaw_building_check_on_actions)
[15:00:50][jomini_script_system.cpp:303] [original line 1896] Script system error!
  Error: learn_language effect [ Invalid database object 'language_greek' ]
  Script location: file: common/scripted_effects/DI_court_position_spawner_overrides.txt line: 15 (DI_court_position_post_spawn_effect[args#2101251318])
[15:00:50][jomini_effect.cpp:139] [original line 1900] PostValidate of effect 'learn_language' returned false at file: common/scripted_effects/DI_court_position_spawner_overrides.txt line: 15 (DI_court_position_post_spawn_effect[args#2101251318])
[15:00:50][jomini_script_system.cpp:303] [original line 1901] Script system error!
  Error: learn_language effect [ Invalid database object 'language_arabic' ]
  Script location: file: common/scripted_effects/DI_court_position_spawner_overrides.txt line: 14 (DI_court_position_post_spawn_effect[args#2101251318])
[15:00:50][jomini_effect.cpp:139] [original line 1905] PostValidate of effect 'learn_language' returned false at file: common/scripted_effects/DI_court_position_spawner_overrides.txt line: 14 (DI_court_position_post_spawn_effect[args#2101251318])
[15:00:50][jomini_script_system.cpp:303] [original line 1906] Script system error!
  Error: learn_language effect [ Invalid database object 'language_latin' ]
  Script location: file: common/scripted_effects/DI_court_position_spawner_overrides.txt line: 16 (DI_court_position_post_spawn_effect[args#2101251318])
[15:00:50][jomini_effect.cpp:139] [original line 1910] PostValidate of effect 'learn_language' returned false at file: common/scripted_effects/DI_court_position_spawner_overrides.txt line: 16 (DI_court_position_post_spawn_effect[args#2101251318])
[15:00:50][jomini_script_system.cpp:303] [original line 1911] Script system error!
  Error: learn_language effect [ Invalid database object 'language_norse' ]
  Script location: file: common/scripted_effects/DI_court_position_spawner_overrides.txt line: 17 (DI_court_position_post_spawn_effect[args#2101251318])
[15:00:50][jomini_effect.cpp:139] [original line 1915] PostValidate of effect 'learn_language' returned false at file: common/scripted_effects/DI_court_position_spawner_overrides.txt line: 17 (DI_court_position_post_spawn_effect[args#2101251318])
[15:00:50][jomini_script_system.cpp:303] [original line 1916] Script system error!
  Error: learn_language effect [ Invalid database object 'language_norse' ]
  Script location: file: common/scripted_effects/DI_court_position_spawner_overrides.txt line: 29 (DI_court_position_post_spawn_effect[args#2101251318])
[15:00:50][jomini_effect.cpp:139] [original line 1920] PostValidate of effect 'learn_language' returned false at file: common/scripted_effects/DI_court_position_spawner_overrides.txt line: 29 (DI_court_position_post_spawn_effect[args#2101251318])
[15:00:50][jomini_script_system.cpp:303] [original line 1921] Script system error!
  Error: learn_language effect [ Invalid database object 'language_arabic' ]
  Script location: file: common/scripted_effects/DI_court_position_spawner_overrides.txt line: 26 (DI_court_position_post_spawn_effect[args#2101251318])
[15:00:50][jomini_effect.cpp:139] [original line 1925] PostValidate of effect 'learn_language' returned false at file: common/scripted_effects/DI_court_position_spawner_overrides.txt line: 26 (DI_court_position_post_spawn_effect[args#2101251318])
[15:00:50][jomini_script_system.cpp:303] [original line 1926] Script system error!
  Error: learn_language effect [ Invalid database object 'language_greek' ]
  Script location: file: common/scripted_effects/DI_court_position_spawner_overrides.txt line: 27 (DI_court_position_post_spawn_effect[args#2101251318])
[15:00:50][jomini_effect.cpp:139] [original line 1930] PostValidate of effect 'learn_language' returned false at file: common/scripted_effects/DI_court_position_spawner_overrides.txt line: 27 (DI_court_position_post_spawn_effect[args#2101251318])
[15:00:50][jomini_script_system.cpp:303] [original line 1931] Script system error!
  Error: learn_language effect [ Invalid database object 'language_latin' ]
  Script location: file: common/scripted_effects/DI_court_position_spawner_overrides.txt line: 28 (DI_court_position_post_spawn_effect[args#2101251318])
[15:00:50][jomini_effect.cpp:139] [original line 1935] PostValidate of effect 'learn_language' returned false at file: common/scripted_effects/DI_court_position_spawner_overrides.txt line: 28 (DI_court_position_post_spawn_effect[args#2101251318])
[15:00:50][jomini_script_system.cpp:303] [original line 1936] Script system error!
  Error: add_trait effect [ target: Not found in database class CTraitDatabase ]
  Script location: file: common/scripted_effects/DI_present_effects.txt line: 20 (DI_personality_trait_randomizer_effect)
[15:00:50][jomini_effect.cpp:139] [original line 1940] PostValidate of effect 'add_trait' returned false at file: common/scripted_effects/DI_present_effects.txt line: 20 (DI_personality_trait_randomizer_effect)
[15:00:50][jomini_script_system.cpp:303] [original line 1941] Script system error!
  Error: add_trait effect [ target: Not found in database class CTraitDatabase ]
  Script location: file: common/scripted_effects/DI_present_effects.txt line: 21 (DI_personality_trait_randomizer_effect)
[15:00:50][jomini_effect.cpp:139] [original line 1945] PostValidate of effect 'add_trait' returned false at file: common/scripted_effects/DI_present_effects.txt line: 21 (DI_personality_trait_randomizer_effect)
[15:00:50][jomini_script_system.cpp:303] [original line 1946] Script system error!
  Error: remove_trait effect [ target: Not found in database class CTraitDatabase ]
  Script location: file: common/scripted_effects/DI_present_effects.txt line: 85 (DI_clear_personality_traits_effect)
[15:00:50][jomini_effect.cpp:139] [original line 1950] PostValidate of effect 'remove_trait' returned false at file: common/scripted_effects/DI_present_effects.txt line: 85 (DI_clear_personality_traits_effect)
[15:00:50][jomini_script_system.cpp:303] [original line 1951] Script system error!
  Error: remove_trait effect [ target: Not found in database class CTraitDatabase ]
  Script location: file: common/scripted_effects/DI_present_effects.txt line: 86 (DI_clear_personality_traits_effect)
[15:00:50][jomini_effect.cpp:139] [original line 1955] PostValidate of effect 'remove_trait' returned false at file: common/scripted_effects/DI_present_effects.txt line: 86 (DI_clear_personality_traits_effect)
[15:00:50][jomini_script_system.cpp:303] [original line 1956] Script system error!
  Error: has_trait trigger [ Cannot find honorable in trait database ]
  Script location: file: common/scripted_effects/DI_present_effects.txt line: 85 (DI_clear_personality_traits_effect)
[15:00:50][jomini_script_system.cpp:303] [original line 1960] Script system error!
  Error: has_trait trigger [ Cannot find ruthless in trait database ]
  Script location: file: common/scripted_effects/DI_present_effects.txt line: 86 (DI_clear_personality_traits_effect)
[15:00:50][pdx_persistent_reader.cpp:216] [original line 1964] Error: "Unknown modifier type: bond_with_dragon_scheme_success_chance_add, near line: 17
Unknown modifier type: bond_with_dragon_scheme_scheme_success_chance_add, near line: 24" in file: "common/modifier_definition_formats/agot_scheme_definitions.txt" near line: 29
[15:00:50][jomini_script_system.cpp:303] [original line 1966] Script system error!
  Error: has_game_rule trigger [ Invalid database object 'show_armor_enabled' ]
  Script location: file: gfx/portraits/portrait_modifiers/01_cloaks_base.txt line: 1333 (cloaks:weight)
[15:00:50][jomini_trigger.cpp:243] [original line 1970] PostValidate of trigger 'has_game_rule' returned false at file: gfx/portraits/portrait_modifiers/01_cloaks_base.txt line: 1333 (cloaks:weight)
[15:00:50][jomini_script_system.cpp:303] [original line 1971] Script system error!
  Error: has_game_rule trigger [ Invalid database object 'show_armor_enabled' ]
  Script location: file: gfx/portraits/portrait_modifiers/01_cloaks_base.txt line: 1338 (cloaks:weight)
[15:00:50][jomini_trigger.cpp:243] [original line 1975] PostValidate of trigger 'has_game_rule' returned false at file: gfx/portraits/portrait_modifiers/01_cloaks_base.txt line: 1338 (cloaks:weight)
[15:00:50][jomini_script_system.cpp:303] [original line 1976] Script system error!
  Error: has_game_rule trigger [ Invalid database object 'show_armor_enabled' ]
  Script location: file: gfx/portraits/portrait_modifiers/01_cloaks_base.txt line: 1642 (cloaks:weight)
[15:00:50][jomini_trigger.cpp:243] [original line 1980] PostValidate of trigger 'has_game_rule' returned false at file: gfx/portraits/portrait_modifiers/01_cloaks_base.txt line: 1642 (cloaks:weight)
[15:00:50][jomini_script_system.cpp:303] [original line 1981] Script system error!
  Error: has_game_rule trigger [ Invalid database object 'show_armor_enabled' ]
  Script location: file: gfx/portraits/portrait_modifiers/01_cloaks_base.txt line: 1684 (cloaks:weight)
[15:00:50][jomini_trigger.cpp:243] [original line 1985] PostValidate of trigger 'has_game_rule' returned false at file: gfx/portraits/portrait_modifiers/01_cloaks_base.txt line: 1684 (cloaks:weight)
[15:00:50][jomini_script_system.cpp:303] [original line 1986] Script system error!
  Error: has_game_rule trigger [ Invalid database object 'show_armor_enabled' ]
  Script location: file: gfx/portraits/portrait_modifiers/01_legwear_base.txt line: 871 (legwear:weight)
[15:00:50][jomini_trigger.cpp:243] [original line 1990] PostValidate of trigger 'has_game_rule' returned false at file: gfx/portraits/portrait_modifiers/01_legwear_base.txt line: 871 (legwear:weight)
[15:00:50][jomini_script_system.cpp:303] [original line 1991] Script system error!
  Error: has_game_rule trigger [ Invalid database object 'show_armor_enabled' ]
  Script location: file: gfx/portraits/portrait_modifiers/01_legwear_base.txt line: 898 (legwear:weight)
[15:00:50][jomini_trigger.cpp:243] [original line 1995] PostValidate of trigger 'has_game_rule' returned false at file: gfx/portraits/portrait_modifiers/01_legwear_base.txt line: 898 (legwear:weight)
[15:00:50][jomini_script_system.cpp:303] [original line 1996] Script system error!
  Error: has_game_rule trigger [ Invalid database object 'show_armor_enabled' ]
  Script location: file: gfx/portraits/portrait_modifiers/01_legwear_base.txt line: 937 (legwear:weight)
[15:00:50][jomini_trigger.cpp:243] [original line 2000] PostValidate of trigger 'has_game_rule' returned false at file: gfx/portraits/portrait_modifiers/01_legwear_base.txt line: 937 (legwear:weight)
[15:00:50][jomini_script_system.cpp:303] [original line 2001] Script system error!
  Error: has_game_rule trigger [ Invalid database object 'show_armor_enabled' ]
  Script location: file: gfx/portraits/portrait_modifiers/05_clothes_situational.txt line: 616 (clothes_situational:weight)
[15:00:50][jomini_trigger.cpp:243] [original line 2005] PostValidate of trigger 'has_game_rule' returned false at file: gfx/portraits/portrait_modifiers/05_clothes_situational.txt line: 616 (clothes_situational:weight)
[15:00:50][jomini_script_system.cpp:303] [original line 2006] Script system error!
  Error: has_game_rule trigger [ Invalid database object 'show_armor_enabled' ]
  Script location: file: gfx/portraits/portrait_modifiers/05_clothes_situational.txt line: 1062 (clothes_situational:weight)
[15:00:50][jomini_trigger.cpp:243] [original line 2010] PostValidate of trigger 'has_game_rule' returned false at file: gfx/portraits/portrait_modifiers/05_clothes_situational.txt line: 1062 (clothes_situational:weight)
[15:00:50][jomini_script_system.cpp:303] [original line 2011] Script system error!
  Error: has_game_rule trigger [ Invalid database object 'show_armor_enabled' ]
  Script location: file: gfx/portraits/portrait_modifiers/05_clothes_situational.txt line: 1109 (clothes_situational:weight)
[15:00:50][jomini_trigger.cpp:243] [original line 2015] PostValidate of trigger 'has_game_rule' returned false at file: gfx/portraits/portrait_modifiers/05_clothes_situational.txt line: 1109 (clothes_situational:weight)
[15:00:50][jomini_script_system.cpp:303] [original line 2016] Script system error!
  Error: has_game_rule trigger [ Invalid database object 'show_armor_enabled' ]
  Script location: file: gfx/portraits/portrait_modifiers/05_clothes_situational.txt line: 1158 (clothes_situational:weight)
[15:00:50][jomini_trigger.cpp:243] [original line 2020] PostValidate of trigger 'has_game_rule' returned false at file: gfx/portraits/portrait_modifiers/05_clothes_situational.txt line: 1158 (clothes_situational:weight)
[15:00:50][jomini_script_system.cpp:303] [original line 2021] Script system error!
  Error: has_game_rule trigger [ Invalid database object 'show_armor_enabled' ]
  Script location: file: gfx/portraits/portrait_modifiers/05_clothes_situational.txt line: 1202 (clothes_situational:weight)
[15:00:50][jomini_trigger.cpp:243] [original line 2025] PostValidate of trigger 'has_game_rule' returned false at file: gfx/portraits/portrait_modifiers/05_clothes_situational.txt line: 1202 (clothes_situational:weight)
[15:00:50][jomini_script_system.cpp:303] [original line 2026] Script system error!
  Error: has_game_rule trigger [ Invalid database object 'show_armor_enabled' ]
  Script location: file: gfx/portraits/portrait_modifiers/05_clothes_situational.txt line: 1248 (clothes_situational:weight)
[15:00:50][jomini_trigger.cpp:243] [original line 2030] PostValidate of trigger 'has_game_rule' returned false at file: gfx/portraits/portrait_modifiers/05_clothes_situational.txt line: 1248 (clothes_situational:weight)
[15:00:50][jomini_script_system.cpp:303] [original line 2031] Script system error!
  Error: has_game_rule trigger [ Invalid database object 'show_armor_enabled' ]
  Script location: file: gfx/portraits/portrait_modifiers/05_clothes_situational.txt line: 1292 (clothes_situational:weight)
[15:00:50][jomini_trigger.cpp:243] [original line 2035] PostValidate of trigger 'has_game_rule' returned false at file: gfx/portraits/portrait_modifiers/05_clothes_situational.txt line: 1292 (clothes_situational:weight)
[15:00:50][jomini_script_system.cpp:303] [original line 2036] Script system error!
  Error: has_game_rule trigger [ Invalid database object 'show_armor_enabled' ]
  Script location: file: gfx/portraits/portrait_modifiers/05_clothes_situational.txt line: 1338 (clothes_situational:weight)
[15:00:50][jomini_trigger.cpp:243] [original line 2040] PostValidate of trigger 'has_game_rule' returned false at file: gfx/portraits/portrait_modifiers/05_clothes_situational.txt line: 1338 (clothes_situational:weight)
[15:00:50][jomini_script_system.cpp:303] [original line 2041] Script system error!
  Error: has_game_rule trigger [ Invalid database object 'show_armor_enabled' ]
  Script location: file: gfx/portraits/portrait_modifiers/05_clothes_situational.txt line: 1382 (clothes_situational:weight)
[15:00:50][jomini_trigger.cpp:243] [original line 2045] PostValidate of trigger 'has_game_rule' returned false at file: gfx/portraits/portrait_modifiers/05_clothes_situational.txt line: 1382 (clothes_situational:weight)
[15:00:50][jomini_script_system.cpp:303] [original line 2046] Script system error!
  Error: has_game_rule trigger [ Invalid database object 'show_armor_enabled' ]
  Script location: file: gfx/portraits/portrait_modifiers/05_clothes_situational.txt line: 1428 (clothes_situational:weight)
[15:00:50][jomini_trigger.cpp:243] [original line 2050] PostValidate of trigger 'has_game_rule' returned false at file: gfx/portraits/portrait_modifiers/05_clothes_situational.txt line: 1428 (clothes_situational:weight)
[15:00:50][jomini_script_system.cpp:303] [original line 2051] Script system error!
  Error: has_game_rule trigger [ Invalid database object 'show_armor_enabled' ]
  Script location: file: gfx/portraits/portrait_modifiers/05_clothes_situational.txt line: 1472 (clothes_situational:weight)
[15:00:50][jomini_trigger.cpp:243] [original line 2055] PostValidate of trigger 'has_game_rule' returned false at file: gfx/portraits/portrait_modifiers/05_clothes_situational.txt line: 1472 (clothes_situational:weight)
[15:00:50][jomini_script_system.cpp:303] [original line 2056] Script system error!
  Error: has_game_rule trigger [ Invalid database object 'show_armor_enabled' ]
  Script location: file: gfx/portraits/portrait_modifiers/05_clothes_situational.txt line: 1518 (clothes_situational:weight)
[15:00:50][jomini_trigger.cpp:243] [original line 2060] PostValidate of trigger 'has_game_rule' returned false at file: gfx/portraits/portrait_modifiers/05_clothes_situational.txt line: 1518 (clothes_situational:weight)
[15:00:50][jomini_script_system.cpp:303] [original line 2061] Script system error!
  Error: has_game_rule trigger [ Invalid database object 'show_armor_enabled' ]
  Script location: file: gfx/portraits/portrait_modifiers/05_clothes_situational.txt line: 1562 (clothes_situational:weight)
[15:00:50][jomini_trigger.cpp:243] [original line 2065] PostValidate of trigger 'has_game_rule' returned false at file: gfx/portraits/portrait_modifiers/05_clothes_situational.txt line: 1562 (clothes_situational:weight)
[15:00:50][jomini_script_system.cpp:303] [original line 2066] Script system error!
  Error: has_game_rule trigger [ Invalid database object 'show_armor_enabled' ]
  Script location: file: gfx/portraits/portrait_modifiers/05_headgear_situational.txt line: 338 (headgear_situational:weight)
[15:00:50][jomini_trigger.cpp:243] [original line 2070] PostValidate of trigger 'has_game_rule' returned false at file: gfx/portraits/portrait_modifiers/05_headgear_situational.txt line: 338 (headgear_situational:weight)
[15:00:50][jomini_script_system.cpp:303] [original line 2071] Script system error!
  Error: has_game_rule trigger [ Invalid database object 'show_armor_enabled' ]
  Script location: file: gfx/portraits/portrait_modifiers/05_headgear_situational.txt line: 395 (headgear_situational:weight)
[15:00:50][jomini_trigger.cpp:243] [original line 2075] PostValidate of trigger 'has_game_rule' returned false at file: gfx/portraits/portrait_modifiers/05_headgear_situational.txt line: 395 (headgear_situational:weight)
[15:00:50][jomini_script_system.cpp:303] [original line 2076] Script system error!
  Error: has_game_rule trigger [ Invalid database object 'show_armor_enabled' ]
  Script location: file: gfx/portraits/portrait_modifiers/05_headgear_situational.txt line: 3127 (headgear_situational:weight)
[15:00:50][jomini_trigger.cpp:243] [original line 2080] PostValidate of trigger 'has_game_rule' returned false at file: gfx/portraits/portrait_modifiers/05_headgear_situational.txt line: 3127 (headgear_situational:weight)
[15:00:50][jomini_script_system.cpp:303] [original line 2081] Script system error!
  Error: has_game_rule trigger [ Invalid database object 'show_armor_enabled' ]
  Script location: file: gfx/portraits/portrait_modifiers/05_headgear_situational.txt line: 3174 (headgear_situational:weight)
[15:00:50][jomini_trigger.cpp:243] [original line 2085] PostValidate of trigger 'has_game_rule' returned false at file: gfx/portraits/portrait_modifiers/05_headgear_situational.txt line: 3174 (headgear_situational:weight)
[15:00:50][jomini_script_system.cpp:303] [original line 2086] Script system error!
  Error: has_game_rule trigger [ Invalid database object 'show_armor_enabled' ]
  Script location: file: gfx/portraits/portrait_modifiers/05_headgear_situational.txt line: 3222 (headgear_situational:weight)
[15:00:50][jomini_trigger.cpp:243] [original line 2090] PostValidate of trigger 'has_game_rule' returned false at file: gfx/portraits/portrait_modifiers/05_headgear_situational.txt line: 3222 (headgear_situational:weight)
[15:00:50][jomini_script_system.cpp:303] [original line 2091] Script system error!
  Error: has_game_rule trigger [ Invalid database object 'show_armor_enabled' ]
  Script location: file: gfx/portraits/portrait_modifiers/05_headgear_situational.txt line: 3266 (headgear_situational:weight)
[15:00:50][jomini_trigger.cpp:243] [original line 2095] PostValidate of trigger 'has_game_rule' returned false at file: gfx/portraits/portrait_modifiers/05_headgear_situational.txt line: 3266 (headgear_situational:weight)
[15:00:50][jomini_script_system.cpp:303] [original line 2096] Script system error!
  Error: has_game_rule trigger [ Invalid database object 'show_armor_enabled' ]
  Script location: file: gfx/portraits/portrait_modifiers/05_headgear_situational.txt line: 3310 (headgear_situational:weight)
[15:00:50][jomini_trigger.cpp:243] [original line 2100] PostValidate of trigger 'has_game_rule' returned false at file: gfx/portraits/portrait_modifiers/05_headgear_situational.txt line: 3310 (headgear_situational:weight)
[15:00:50][jomini_script_system.cpp:303] [original line 2101] Script system error!
  Error: has_game_rule trigger [ Invalid database object 'show_armor_enabled' ]
  Script location: file: gfx/portraits/portrait_modifiers/05_headgear_situational.txt line: 3355 (headgear_situational:weight)
[15:00:50][jomini_trigger.cpp:243] [original line 2105] PostValidate of trigger 'has_game_rule' returned false at file: gfx/portraits/portrait_modifiers/05_headgear_situational.txt line: 3355 (headgear_situational:weight)
[15:00:50][jomini_script_system.cpp:303] [original line 2106] Script system error!
  Error: is_struggle_type trigger [ Invalid database object 'persian_struggle' ]
  Script location: file: common/character_interactions/DI_character_interaction.txt line: 1415 (DI_arrange_marriage_interaction:is_shown)
[15:00:50][jomini_trigger.cpp:243] [original line 2110] PostValidate of trigger 'is_struggle_type' returned false at file: common/character_interactions/DI_character_interaction.txt line: 1415 (DI_arrange_marriage_interaction:is_shown)
[15:00:50][jomini_script_system.cpp:303] [original line 2111] Script system error!
  Error: has_struggle_phase_parameter trigger [ Bool phase parameter 'can_trade_piety_for_marriage_acceptance' does not exist ]
  Script location: file: common/character_interactions/DI_character_interaction.txt line: 1416 (DI_arrange_marriage_interaction:is_shown)
[15:00:50][jomini_trigger.cpp:243] [original line 2115] PostValidate of trigger 'has_struggle_phase_parameter' returned false at file: common/character_interactions/DI_character_interaction.txt line: 1416 (DI_arrange_marriage_interaction:is_shown)
[15:00:50][jomini_script_system.cpp:303] [original line 2116] Script system error!
  Error: is_struggle_type trigger [ Invalid database object 'persian_struggle' ]
  Script location: file: common/character_interactions/DI_character_interaction.txt line: 1424 (DI_arrange_marriage_interaction:is_valid)
[15:00:50][jomini_trigger.cpp:243] [original line 2120] PostValidate of trigger 'is_struggle_type' returned false at file: common/character_interactions/DI_character_interaction.txt line: 1424 (DI_arrange_marriage_interaction:is_valid)
[15:00:50][jomini_script_system.cpp:303] [original line 2121] Script system error!
  Error: is_struggle_type trigger [ Invalid database object 'persian_struggle' ]
  Script location: file: common/character_interactions/DI_character_interaction.txt line: 1430 (DI_arrange_marriage_interaction:is_valid)
[15:00:50][jomini_trigger.cpp:243] [original line 2125] PostValidate of trigger 'is_struggle_type' returned false at file: common/character_interactions/DI_character_interaction.txt line: 1430 (DI_arrange_marriage_interaction:is_valid)
[15:00:50][jomini_script_system.cpp:303] [original line 2126] Script system error!
  Error: has_game_rule trigger [ Invalid database object 'agot_shatter_empires' ]
  Script location: file: common/on_action/ntc_artifacts_startdate.txt line: 128 (ntc_artifact_shattered_kingdoms)
[15:00:50][jomini_trigger.cpp:243] [original line 2130] PostValidate of trigger 'has_game_rule' returned false at file: common/on_action/ntc_artifacts_startdate.txt line: 128 (ntc_artifact_shattered_kingdoms)
[15:00:50][jomini_script_system.cpp:303] [original line 2131] Script system error!
  Error: is_in_family trigger [ Invalid database object 'rf_abrahamic' ]
  Script location: file: common/scripted_effects/DI_char_spawner_effects.txt line: 1464 (DI_char_spawner_resolve_origin_effect)
[15:00:50][jomini_trigger.cpp:243] [original line 2135] PostValidate of trigger 'is_in_family' returned false at file: common/scripted_effects/DI_char_spawner_effects.txt line: 1464 (DI_char_spawner_resolve_origin_effect)
[15:00:50][jomini_script_system.cpp:303] [original line 2136] Script system error!
  Error: is_in_family trigger [ Invalid database object 'rf_abrahamic' ]
  Script location: file: common/scripted_effects/DI_char_spawner_effects.txt line: 1466 (DI_char_spawner_resolve_origin_effect)
[15:00:50][jomini_trigger.cpp:243] [original line 2140] PostValidate of trigger 'is_in_family' returned false at file: common/scripted_effects/DI_char_spawner_effects.txt line: 1466 (DI_char_spawner_resolve_origin_effect)
[15:00:50][jomini_script_system.cpp:303] [original line 2141] Script system error!
  Error: is_in_family trigger [ Invalid database object 'rf_eastern' ]
  Script location: file: common/scripted_effects/DI_char_spawner_effects.txt line: 1470 (DI_char_spawner_resolve_origin_effect)
[15:00:50][jomini_trigger.cpp:243] [original line 2145] PostValidate of trigger 'is_in_family' returned false at file: common/scripted_effects/DI_char_spawner_effects.txt line: 1470 (DI_char_spawner_resolve_origin_effect)
[15:00:50][jomini_script_system.cpp:303] [original line 2146] Script system error!
  Error: is_in_family trigger [ Invalid database object 'rf_eastern' ]
  Script location: file: common/scripted_effects/DI_char_spawner_effects.txt line: 1472 (DI_char_spawner_resolve_origin_effect)
[15:00:50][jomini_trigger.cpp:243] [original line 2150] PostValidate of trigger 'is_in_family' returned false at file: common/scripted_effects/DI_char_spawner_effects.txt line: 1472 (DI_char_spawner_resolve_origin_effect)
[15:00:50][jomini_script_system.cpp:303] [original line 2151] Script system error!
  Error: is_in_family trigger [ Invalid database object 'rf_sinitic' ]
  Script location: file: common/scripted_effects/DI_char_spawner_effects.txt line: 1476 (DI_char_spawner_resolve_origin_effect)
[15:00:50][jomini_trigger.cpp:243] [original line 2155] PostValidate of trigger 'is_in_family' returned false at file: common/scripted_effects/DI_char_spawner_effects.txt line: 1476 (DI_char_spawner_resolve_origin_effect)
[15:00:50][jomini_script_system.cpp:303] [original line 2156] Script system error!
  Error: is_in_family trigger [ Invalid database object 'rf_sinitic' ]
  Script location: file: common/scripted_effects/DI_char_spawner_effects.txt line: 1478 (DI_char_spawner_resolve_origin_effect)
[15:00:50][jomini_trigger.cpp:243] [original line 2160] PostValidate of trigger 'is_in_family' returned false at file: common/scripted_effects/DI_char_spawner_effects.txt line: 1478 (DI_char_spawner_resolve_origin_effect)
[15:00:50][jomini_script_system.cpp:303] [original line 2161] Script system error!
  Error: is_in_family trigger [ Invalid database object 'rf_pagan' ]
  Script location: file: common/scripted_effects/DI_char_spawner_effects.txt line: 1482 (DI_char_spawner_resolve_origin_effect)
[15:00:50][jomini_trigger.cpp:243] [original line 2165] PostValidate of trigger 'is_in_family' returned false at file: common/scripted_effects/DI_char_spawner_effects.txt line: 1482 (DI_char_spawner_resolve_origin_effect)
[15:00:50][jomini_script_system.cpp:303] [original line 2166] Script system error!
  Error: is_in_family trigger [ Invalid database object 'rf_pagan' ]
  Script location: file: common/scripted_effects/DI_char_spawner_effects.txt line: 1484 (DI_char_spawner_resolve_origin_effect)
[15:00:50][jomini_trigger.cpp:243] [original line 2170] PostValidate of trigger 'is_in_family' returned false at file: common/scripted_effects/DI_char_spawner_effects.txt line: 1484 (DI_char_spawner_resolve_origin_effect)
[15:00:50][jomini_script_system.cpp:303] [original line 2171] Script system error!
  Error: has_cultural_parameter trigger [ Bool culture parameter 'can_build_quarries_in_hills' does not exist ]
  Script location: file: common/scripted_triggers/cowagot_building_requirement_triggers.txt line: 12 (building_quarries_requirement_terrain)
[15:00:50][jomini_trigger.cpp:243] [original line 2175] PostValidate of trigger 'has_cultural_parameter' returned false at file: common/scripted_triggers/cowagot_building_requirement_triggers.txt line: 12 (building_quarries_requirement_terrain)
[15:00:50][jomini_script_system.cpp:303] [original line 2176] Script system error!
  Error: has_game_rule trigger [ Invalid database object 'tgc_enabled_enabled' ]
  Script location: file: common/scripted_triggers/tgc_loaded_trigger.txt line: 11 (tgc_standard_equipment_trigger)
[15:00:50][jomini_trigger.cpp:243] [original line 2180] PostValidate of trigger 'has_game_rule' returned false at file: common/scripted_triggers/tgc_loaded_trigger.txt line: 11 (tgc_standard_equipment_trigger)
[15:00:50][jomini_script_system.cpp:303] [original line 2181] Script system error!
  Error: has_game_rule trigger [ Invalid database object 'tgc_enabled_enabled' ]
  Script location: file: common/scripted_triggers/tgc_loaded_trigger.txt line: 59 (tgc_captain_equipment_trigger)
[15:00:50][jomini_trigger.cpp:243] [original line 2185] PostValidate of trigger 'has_game_rule' returned false at file: common/scripted_triggers/tgc_loaded_trigger.txt line: 59 (tgc_captain_equipment_trigger)
[15:00:50][jomini_script_system.cpp:303] [original line 2186] Script system error!
  Error: has_game_rule trigger [ Invalid database object 'tgc_enabled_enabled' ]
  Script location: file: common/scripted_triggers/tgc_loaded_trigger.txt line: 94 (tgc_blackfyre_or_targ_equipment_trigger)
[15:00:50][jomini_trigger.cpp:243] [original line 2190] PostValidate of trigger 'has_game_rule' returned false at file: common/scripted_triggers/tgc_loaded_trigger.txt line: 94 (tgc_blackfyre_or_targ_equipment_trigger)
[15:00:50][jomini_script_system.cpp:303] [original line 2191] Script system error!
  Error: has_game_rule trigger [ Invalid database object 'tgc_blackfyre_enabled' ]
  Script location: file: common/scripted_triggers/tgc_loaded_trigger.txt line: 104 (tgc_blackfyre_equipment_trigger)
[15:00:50][jomini_trigger.cpp:243] [original line 2195] PostValidate of trigger 'has_game_rule' returned false at file: common/scripted_triggers/tgc_loaded_trigger.txt line: 104 (tgc_blackfyre_equipment_trigger)
[15:00:50][jomini_script_system.cpp:303] [original line 2196] Script system error!
  Error: has_game_rule trigger [ Invalid database object 'tgc_faegon_enabled' ]
  Script location: file: common/scripted_triggers/tgc_loaded_trigger.txt line: 120 (tgc_blackfyre_equipment_trigger)
[15:00:50][jomini_trigger.cpp:243] [original line 2200] PostValidate of trigger 'has_game_rule' returned false at file: common/scripted_triggers/tgc_loaded_trigger.txt line: 120 (tgc_blackfyre_equipment_trigger)
[15:00:50][jomini_script_system.cpp:303] [original line 2201] Script system error!
  Error: has_game_rule trigger [ Invalid database object 'tgc_faegon_enabled' ]
  Script location: file: common/scripted_triggers/tgc_loaded_trigger.txt line: 140 (tgc_targaryen_equipment_trigger)
[15:00:50][jomini_trigger.cpp:243] [original line 2205] PostValidate of trigger 'has_game_rule' returned false at file: common/scripted_triggers/tgc_loaded_trigger.txt line: 140 (tgc_targaryen_equipment_trigger)
[15:00:50][jomini_script_system.cpp:303] [original line 2206] Script system error!
  Error: has_game_rule trigger [ Invalid database object 'tgc_enabled_enabled' ]
  Script location: file: common/scripted_triggers/tgc_loaded_trigger.txt line: 163 (tgc_blackfyre_house_equipment_trigger)
[15:00:50][jomini_trigger.cpp:243] [original line 2210] PostValidate of trigger 'has_game_rule' returned false at file: common/scripted_triggers/tgc_loaded_trigger.txt line: 163 (tgc_blackfyre_house_equipment_trigger)
[15:00:50][jomini_script_system.cpp:303] [original line 2211] Script system error!
  Error: has_game_rule trigger [ Invalid database object 'tgc_blackfyre_enabled' ]
  Script location: file: common/scripted_triggers/tgc_loaded_trigger.txt line: 164 (tgc_blackfyre_house_equipment_trigger)
[15:00:50][jomini_trigger.cpp:243] [original line 2215] PostValidate of trigger 'has_game_rule' returned false at file: common/scripted_triggers/tgc_loaded_trigger.txt line: 164 (tgc_blackfyre_house_equipment_trigger)
[15:00:50][jomini_effect.cpp:1161] [original line 2216] Flag 'blackDarkRed' is used but is never set. Setting it in an unused scripted trigger or effect does not count
[15:00:50][jomini_effect.cpp:1161] [original line 2217] Flag 'monastery_holding' is used but is never set. Setting it in an unused scripted trigger or effect does not count
[15:00:50][jomini_effect.cpp:1161] [original line 2218] Flag 'highlight_special_buildings_map' is used but is never set. Setting it in an unused scripted trigger or effect does not count
[15:00:50][jomini_effect.cpp:1161] [original line 2219] Flag 'roland_crown' is used but is never set. Setting it in an unused scripted trigger or effect does not count
[15:00:50][jomini_effect.cpp:1161] [original line 2220] Flag 'pirate_den_holding' is used but is never set. Setting it in an unused scripted trigger or effect does not count
[15:00:50][jomini_effect.cpp:1161] [original line 2221] Flag 'iceFire' is used but is never set. Setting it in an unused scripted trigger or effect does not count
[15:00:50][jomini_effect.cpp:1161] [original line 2222] Flag 'wilderness_holding' is used but is never set. Setting it in an unused scripted trigger or effect does not count
[15:00:50][jomini_effect.cpp:1161] [original line 2223] Flag 'settlement_holding' is used but is never set. Setting it in an unused scripted trigger or effect does not count
[15:00:50][jomini_effect.cpp:1161] [original line 2224] Flag 'ruin_holding' is used but is never set. Setting it in an unused scripted trigger or effect does not count
[15:00:50][jomini_effect.cpp:1161] [original line 2225] Flag 'unknown_holding' is used but is never set. Setting it in an unused scripted trigger or effect does not count
[15:00:50][jomini_effect.cpp:1145] [original line 2226] Flag 'global' is set but is never used. Note that use in localization doesn't count due to technical limitations. Use in unused scripted triggers and effects also does not count
[15:00:50][jomini_effect.cpp:1145] [original line 2227] Flag 'DI_subtype_throne' is set but is never used. Note that use in localization doesn't count due to technical limitations. Use in unused scripted triggers and effects also does not count
[15:00:50][jomini_effect.cpp:1145] [original line 2228] Flag 'highlight_cow_provinces_map' is set but is never used. Note that use in localization doesn't count due to technical limitations. Use in unused scripted triggers and effects also does not count
[15:00:50][jomini_effect.cpp:1145] [original line 2229] Flag 'all_found' is set but is never used. Note that use in localization doesn't count due to technical limitations. Use in unused scripted triggers and effects also does not count
[15:00:50][jomini_effect.cpp:1161] [original line 2230] Variable 'tgc_enabled' is used but is never set. Setting it in an unused scripted trigger or effect does not count
[15:00:50][jomini_effect.cpp:1161] [original line 2231] Variable 'seafoam' is used but is never set. Setting it in an unused scripted trigger or effect does not count
[15:00:50][jomini_effect.cpp:1161] [original line 2232] Variable 'Aotk_enabled' is used but is never set. Setting it in an unused scripted trigger or effect does not count
[15:00:50][jomini_effect.cpp:1161] [original line 2233] Variable 'captains_sword' is used but is never set. Setting it in an unused scripted trigger or effect does not count
[15:00:50][jomini_effect.cpp:1161] [original line 2234] Variable 'blackfyre' is used but is never set. Setting it in an unused scripted trigger or effect does not count
[15:00:50][jomini_effect.cpp:1161] [original line 2235] Variable 'maekars_crown' is used but is never set. Setting it in an unused scripted trigger or effect does not count
[15:00:50][jomini_effect.cpp:1161] [original line 2236] Variable 'is_Durrandon_51' is used but is never set. Setting it in an unused scripted trigger or effect does not count
[15:00:50][jomini_effect.cpp:1161] [original line 2237] Variable 'kingsguard_choice' is used but is never set. Setting it in an unused scripted trigger or effect does not count
[15:00:50][jomini_effect.cpp:1161] [original line 2238] Variable 'is_baratheon_6' is used but is never set. Setting it in an unused scripted trigger or effect does not count
[15:00:50][jomini_effect.cpp:1161] [original line 2239] Variable 'app_enabled' is used but is never set. Setting it in an unused scripted trigger or effect does not count
[15:00:50][jomini_effect.cpp:1161] [original line 2240] Variable 'highlight_cow_provinces_map' is used but is never set. Setting it in an unused scripted trigger or effect does not count
[15:00:50][jomini_effect.cpp:1161] [original line 2241] Variable 'crown_aegon_baelor_artifact' is used but is never set. Setting it in an unused scripted trigger or effect does not count
[15:00:50][jomini_effect.cpp:1161] [original line 2242] Variable 'brightboar_enabled' is used but is never set. Setting it in an unused scripted trigger or effect does not count
[15:00:50][jomini_effect.cpp:1161] [original line 2243] Variable 'darksister' is used but is never set. Setting it in an unused scripted trigger or effect does not count
[15:00:50][jomini_effect.cpp:1161] [original line 2244] Variable 'swordman_armor_artifact' is used but is never set. Setting it in an unused scripted trigger or effect does not count
[15:00:50][jomini_effect.cpp:1145] [original line 2245] Variable 'DI_artifact_category_display' is set but is never used. Note that use in localization doesn't count due to technical limitations. Use in unused scripted triggers and effects also does not count
[15:00:50][jomini_effect.cpp:1145] [original line 2246] Variable 'blackfyre_artifact' is set but is never used. Note that use in localization doesn't count due to technical limitations. Use in unused scripted triggers and effects also does not count
[15:00:50][jomini_effect.cpp:1145] [original line 2247] Variable 'pincer_artifact' is set but is never used. Note that use in localization doesn't count due to technical limitations. Use in unused scripted triggers and effects also does not count
[15:00:50][jomini_effect.cpp:1145] [original line 2248] Variable 'COWAGOT_is_loaded' is set but is never used. Note that use in localization doesn't count due to technical limitations. Use in unused scripted triggers and effects also does not count
[15:00:50][jomini_effect.cpp:1145] [original line 2249] Variable 'seafoam_artifact' is set but is never used. Note that use in localization doesn't count due to technical limitations. Use in unused scripted triggers and effects also does not count
[15:00:50][jomini_effect.cpp:1145] [original line 2250] Variable 'DI_artifact_quality_display' is set but is never used. Note that use in localization doesn't count due to technical limitations. Use in unused scripted triggers and effects also does not count
[15:00:50][jomini_effect.cpp:1145] [original line 2251] Variable 'DI_artifact_subtype_display' is set but is never used. Note that use in localization doesn't count due to technical limitations. Use in unused scripted triggers and effects also does not count
[15:00:50][static_modifier.cpp:200] [original line 2252] Modifier 'lucerys_gun_modifier' was not used by the script or code but exists in the database, this is a waste
[15:00:50][static_modifier.cpp:200] [original line 2253] Modifier 'artifact_monthly_piety_negative_1_modifier' was not used by the script or code but exists in the database, this is a waste
[15:00:50][static_modifier.cpp:200] [original line 2254] Modifier 'artifact_monthly_martial_lifestyle_xp_1_negative_modifier' was not used by the script or code but exists in the database, this is a waste
[15:00:50][static_modifier.cpp:200] [original line 2255] Modifier 'asoiaf_oathkeeper_modifier' was not used by the script or code but exists in the database, this is a waste
[15:00:50][static_modifier.cpp:200] [original line 2256] Modifier 'asoiaf_stark_throne_modifier' was not used by the script or code but exists in the database, this is a waste
[15:00:50][static_modifier.cpp:200] [original line 2257] Modifier 'asoiaf_Karstark_4_modifier' was not used by the script or code but exists in the database, this is a waste
[15:00:51][portraitanimations.cpp:110] [original line 2258] Unknown animation state 'throneRoom_twoHandedPassiveFat1_entry' scripted for portrait animation 'valyrian_invasion_vs_spear_1_1' in modifier 'throneRoom_two_handed_passive_1_fat' (part 'torso', type 'male')
[15:00:51][portraitanimations.cpp:110] [original line 2259] Unknown animation state 'throneRoom_twoHandedPassiveFat1_entry' scripted for portrait animation 'valyrian_invasion_vs_spear_1_1' in modifier 'throneRoom_two_handed_passive_1_dwarf' (part 'torso', type 'male')
[15:00:51][portraitanimations.cpp:110] [original line 2260] Unknown animation state 'throneRoom_twoHandedPassiveFatDwarf1_entry' scripted for portrait animation 'valyrian_invasion_vs_spear_1_1' in modifier 'throneRoom_two_handed_passive_1_fat_dwarf' (part 'torso', type 'male')
[15:00:51][portraitanimations.cpp:110] [original line 2261] Unknown animation state 'throneRoom_twoHandedPassiveFatDwarf1_entry' scripted for portrait animation 'valyrian_invasion_vs_spear_1_1' in modifier 'throneRoom_two_handed_passive_1_pregnant' (part 'torso', type 'male')
[15:00:51][portraitanimations.cpp:110] [original line 2262] Unknown animation state 'throneRoom_twoHandedPassiveFatDwarf1_entry' scripted for portrait animation 'valyrian_invasion_vs_spear_1_1' in modifier 'throneRoom_two_handed_passive_1_pregnant_dwarf' (part 'torso', type 'male')
[15:00:51][portraitanimations.cpp:110] [original line 2263] Unknown animation state 'throneRoom_twoHandedPassiveFatDwarf1_entry' scripted for portrait animation 'valyrian_invasion_vs_spear_1_1' in modifier 'throneRoom_two_handed_passive_1_pregnant_fat_dwarf' (part 'torso', type 'male')
[15:00:51][portraitanimations.cpp:110] [original line 2264] Unknown animation state 'throneRoom_twoHandedPassiveFat1_entry' scripted for portrait animation 'valyrian_invasion_vs_spear_1_1' in modifier 'throneRoom_two_handed_passive_1_fat' (part 'torso', type 'female')
[15:00:51][portraitanimations.cpp:110] [original line 2265] Unknown animation state 'throneRoom_twoHandedPassiveFat1_entry' scripted for portrait animation 'valyrian_invasion_vs_spear_1_1' in modifier 'throneRoom_two_handed_passive_1_dwarf' (part 'torso', type 'female')
[15:00:51][portraitanimations.cpp:110] [original line 2266] Unknown animation state 'throneRoom_twoHandedPassiveFatDwarf1_entry' scripted for portrait animation 'valyrian_invasion_vs_spear_1_1' in modifier 'throneRoom_two_handed_passive_1_fat_dwarf' (part 'torso', type 'female')
[15:00:51][portraitanimations.cpp:110] [original line 2267] Unknown animation state 'throneRoom_twoHandedPassiveFatDwarf1_entry' scripted for portrait animation 'valyrian_invasion_vs_spear_1_1' in modifier 'throneRoom_two_handed_passive_1_pregnant' (part 'torso', type 'female')
[15:00:51][portraitanimations.cpp:110] [original line 2268] Unknown animation state 'throneRoom_twoHandedPassiveFatDwarf1_entry' scripted for portrait animation 'valyrian_invasion_vs_spear_1_1' in modifier 'throneRoom_two_handed_passive_1_pregnant_dwarf' (part 'torso', type 'female')
[15:00:51][portraitanimations.cpp:110] [original line 2269] Unknown animation state 'throneRoom_twoHandedPassiveFatDwarf1_entry' scripted for portrait animation 'valyrian_invasion_vs_spear_1_1' in modifier 'throneRoom_two_handed_passive_1_pregnant_fat_dwarf' (part 'torso', type 'female')
[15:00:51][portraitanimations.cpp:110] [original line 2270] Unknown animation state 'throneRoom_twoHandedPassiveFat1_entry' scripted for portrait animation 'valyrian_invasion_vs_spear_1_1' in modifier 'throneRoom_two_handed_passive_1_fat' (part 'torso', type 'boy')
[15:00:51][portraitanimations.cpp:110] [original line 2271] Unknown animation state 'throneRoom_twoHandedPassiveFat1_entry' scripted for portrait animation 'valyrian_invasion_vs_spear_1_1' in modifier 'throneRoom_two_handed_passive_1_dwarf' (part 'torso', type 'boy')
[15:00:51][portraitanimations.cpp:110] [original line 2272] Unknown animation state 'throneRoom_twoHandedPassiveFatDwarf1_entry' scripted for portrait animation 'valyrian_invasion_vs_spear_1_1' in modifier 'throneRoom_two_handed_passive_1_fat_dwarf' (part 'torso', type 'boy')
[15:00:51][portraitanimations.cpp:110] [original line 2273] Unknown animation state 'throneRoom_twoHandedPassiveFatDwarf1_entry' scripted for portrait animation 'valyrian_invasion_vs_spear_1_1' in modifier 'throneRoom_two_handed_passive_1_pregnant' (part 'torso', type 'boy')
[15:00:51][portraitanimations.cpp:110] [original line 2274] Unknown animation state 'throneRoom_twoHandedPassiveFatDwarf1_entry' scripted for portrait animation 'valyrian_invasion_vs_spear_1_1' in modifier 'throneRoom_two_handed_passive_1_pregnant_dwarf' (part 'torso', type 'boy')
[15:00:51][portraitanimations.cpp:110] [original line 2275] Unknown animation state 'throneRoom_twoHandedPassiveFatDwarf1_entry' scripted for portrait animation 'valyrian_invasion_vs_spear_1_1' in modifier 'throneRoom_two_handed_passive_1_pregnant_fat_dwarf' (part 'torso', type 'boy')
[15:00:51][portraitanimations.cpp:110] [original line 2276] Unknown animation state 'throneRoom_twoHandedPassiveFat1_entry' scripted for portrait animation 'valyrian_invasion_vs_spear_1_1' in modifier 'throneRoom_two_handed_passive_1_fat' (part 'torso', type 'girl')
[15:00:51][portraitanimations.cpp:110] [original line 2277] Unknown animation state 'throneRoom_twoHandedPassiveFat1_entry' scripted for portrait animation 'valyrian_invasion_vs_spear_1_1' in modifier 'throneRoom_two_handed_passive_1_dwarf' (part 'torso', type 'girl')
[15:00:51][portraitanimations.cpp:110] [original line 2278] Unknown animation state 'throneRoom_twoHandedPassiveFatDwarf1_entry' scripted for portrait animation 'valyrian_invasion_vs_spear_1_1' in modifier 'throneRoom_two_handed_passive_1_fat_dwarf' (part 'torso', type 'girl')
[15:00:51][portraitanimations.cpp:110] [original line 2279] Unknown animation state 'throneRoom_twoHandedPassiveFatDwarf1_entry' scripted for portrait animation 'valyrian_invasion_vs_spear_1_1' in modifier 'throneRoom_two_handed_passive_1_pregnant' (part 'torso', type 'girl')
[15:00:51][portraitanimations.cpp:110] [original line 2280] Unknown animation state 'throneRoom_twoHandedPassiveFatDwarf1_entry' scripted for portrait animation 'valyrian_invasion_vs_spear_1_1' in modifier 'throneRoom_two_handed_passive_1_pregnant_dwarf' (part 'torso', type 'girl')
[15:00:51][portraitanimations.cpp:110] [original line 2281] Unknown animation state 'throneRoom_twoHandedPassiveFatDwarf1_entry' scripted for portrait animation 'valyrian_invasion_vs_spear_1_1' in modifier 'throneRoom_two_handed_passive_1_pregnant_fat_dwarf' (part 'torso', type 'girl')
[15:00:51][portraitanimations.cpp:110] [original line 2282] Unknown animation state 'throneRoom_twoHandedPassiveFat1_entry' scripted for portrait animation 'valyrian_invasion_vs_halberd_1' in modifier 'throneRoom_two_handed_passive_1_fat' (part 'torso', type 'male')
[15:00:51][portraitanimations.cpp:110] [original line 2283] Unknown animation state 'throneRoom_twoHandedPassiveFat1_entry' scripted for portrait animation 'valyrian_invasion_vs_halberd_1' in modifier 'throneRoom_two_handed_passive_1_dwarf' (part 'torso', type 'male')
[15:00:51][portraitanimations.cpp:110] [original line 2284] Unknown animation state 'throneRoom_twoHandedPassiveFatDwarf1_entry' scripted for portrait animation 'valyrian_invasion_vs_halberd_1' in modifier 'throneRoom_two_handed_passive_1_fat_dwarf' (part 'torso', type 'male')
[15:00:51][portraitanimations.cpp:110] [original line 2285] Unknown animation state 'throneRoom_twoHandedPassiveFatDwarf1_entry' scripted for portrait animation 'valyrian_invasion_vs_halberd_1' in modifier 'throneRoom_two_handed_passive_1_pregnant' (part 'torso', type 'male')
[15:00:51][portraitanimations.cpp:110] [original line 2286] Unknown animation state 'throneRoom_twoHandedPassiveFatDwarf1_entry' scripted for portrait animation 'valyrian_invasion_vs_halberd_1' in modifier 'throneRoom_two_handed_passive_1_pregnant_dwarf' (part 'torso', type 'male')
[15:00:51][portraitanimations.cpp:110] [original line 2287] Unknown animation state 'throneRoom_twoHandedPassiveFatDwarf1_entry' scripted for portrait animation 'valyrian_invasion_vs_halberd_1' in modifier 'throneRoom_two_handed_passive_1_pregnant_fat_dwarf' (part 'torso', type 'male')
[15:00:51][portraitanimations.cpp:110] [original line 2288] Unknown animation state 'throneRoom_twoHandedPassiveFat1_entry' scripted for portrait animation 'valyrian_invasion_vs_halberd_1' in modifier 'throneRoom_two_handed_passive_1_fat' (part 'torso', type 'female')
[15:00:51][portraitanimations.cpp:110] [original line 2289] Unknown animation state 'throneRoom_twoHandedPassiveFat1_entry' scripted for portrait animation 'valyrian_invasion_vs_halberd_1' in modifier 'throneRoom_two_handed_passive_1_dwarf' (part 'torso', type 'female')
[15:00:51][portraitanimations.cpp:110] [original line 2290] Unknown animation state 'throneRoom_twoHandedPassiveFatDwarf1_entry' scripted for portrait animation 'valyrian_invasion_vs_halberd_1' in modifier 'throneRoom_two_handed_passive_1_fat_dwarf' (part 'torso', type 'female')
[15:00:51][portraitanimations.cpp:110] [original line 2291] Unknown animation state 'throneRoom_twoHandedPassiveFatDwarf1_entry' scripted for portrait animation 'valyrian_invasion_vs_halberd_1' in modifier 'throneRoom_two_handed_passive_1_pregnant' (part 'torso', type 'female')
[15:00:51][portraitanimations.cpp:110] [original line 2292] Unknown animation state 'throneRoom_twoHandedPassiveFatDwarf1_entry' scripted for portrait animation 'valyrian_invasion_vs_halberd_1' in modifier 'throneRoom_two_handed_passive_1_pregnant_dwarf' (part 'torso', type 'female')
[15:00:51][portraitanimations.cpp:110] [original line 2293] Unknown animation state 'throneRoom_twoHandedPassiveFatDwarf1_entry' scripted for portrait animation 'valyrian_invasion_vs_halberd_1' in modifier 'throneRoom_two_handed_passive_1_pregnant_fat_dwarf' (part 'torso', type 'female')
[15:00:51][portraitanimations.cpp:110] [original line 2294] Unknown animation state 'throneRoom_twoHandedPassiveFat1_entry' scripted for portrait animation 'valyrian_invasion_vs_halberd_1' in modifier 'throneRoom_two_handed_passive_1_fat' (part 'torso', type 'boy')
[15:00:51][portraitanimations.cpp:110] [original line 2295] Unknown animation state 'throneRoom_twoHandedPassiveFat1_entry' scripted for portrait animation 'valyrian_invasion_vs_halberd_1' in modifier 'throneRoom_two_handed_passive_1_dwarf' (part 'torso', type 'boy')
[15:00:51][portraitanimations.cpp:110] [original line 2296] Unknown animation state 'throneRoom_twoHandedPassiveFatDwarf1_entry' scripted for portrait animation 'valyrian_invasion_vs_halberd_1' in modifier 'throneRoom_two_handed_passive_1_fat_dwarf' (part 'torso', type 'boy')
[15:00:51][portraitanimations.cpp:110] [original line 2297] Unknown animation state 'throneRoom_twoHandedPassiveFatDwarf1_entry' scripted for portrait animation 'valyrian_invasion_vs_halberd_1' in modifier 'throneRoom_two_handed_passive_1_pregnant' (part 'torso', type 'boy')
[15:00:51][portraitanimations.cpp:110] [original line 2298] Unknown animation state 'throneRoom_twoHandedPassiveFatDwarf1_entry' scripted for portrait animation 'valyrian_invasion_vs_halberd_1' in modifier 'throneRoom_two_handed_passive_1_pregnant_dwarf' (part 'torso', type 'boy')
[15:00:51][portraitanimations.cpp:110] [original line 2299] Unknown animation state 'throneRoom_twoHandedPassiveFatDwarf1_entry' scripted for portrait animation 'valyrian_invasion_vs_halberd_1' in modifier 'throneRoom_two_handed_passive_1_pregnant_fat_dwarf' (part 'torso', type 'boy')
[15:00:51][portraitanimations.cpp:110] [original line 2300] Unknown animation state 'throneRoom_twoHandedPassiveFat1_entry' scripted for portrait animation 'valyrian_invasion_vs_halberd_1' in modifier 'throneRoom_two_handed_passive_1_fat' (part 'torso', type 'girl')
[15:00:51][portraitanimations.cpp:110] [original line 2301] Unknown animation state 'throneRoom_twoHandedPassiveFat1_entry' scripted for portrait animation 'valyrian_invasion_vs_halberd_1' in modifier 'throneRoom_two_handed_passive_1_dwarf' (part 'torso', type 'girl')
[15:00:51][portraitanimations.cpp:110] [original line 2302] Unknown animation state 'throneRoom_twoHandedPassiveFatDwarf1_entry' scripted for portrait animation 'valyrian_invasion_vs_halberd_1' in modifier 'throneRoom_two_handed_passive_1_fat_dwarf' (part 'torso', type 'girl')
[15:00:51][portraitanimations.cpp:110] [original line 2303] Unknown animation state 'throneRoom_twoHandedPassiveFatDwarf1_entry' scripted for portrait animation 'valyrian_invasion_vs_halberd_1' in modifier 'throneRoom_two_handed_passive_1_pregnant' (part 'torso', type 'girl')
[15:00:51][portraitanimations.cpp:110] [original line 2304] Unknown animation state 'throneRoom_twoHandedPassiveFatDwarf1_entry' scripted for portrait animation 'valyrian_invasion_vs_halberd_1' in modifier 'throneRoom_two_handed_passive_1_pregnant_dwarf' (part 'torso', type 'girl')
[15:00:51][portraitanimations.cpp:110] [original line 2305] Unknown animation state 'throneRoom_twoHandedPassiveFatDwarf1_entry' scripted for portrait animation 'valyrian_invasion_vs_halberd_1' in modifier 'throneRoom_two_handed_passive_1_pregnant_fat_dwarf' (part 'torso', type 'girl')
[15:00:52][game_icons.cpp:746] [original line 2306] file gfx/interface/icons/building_types/icon_building_ten_towers.dds doesn't exist, referenced from building 'agot_ten_towers_01'
[15:00:53][game_icons.cpp:746] [original line 2307] file gfx/interface/icons/building_types/icon_riverrun.dds doesn't exist, referenced from building 'oldstones_old_final'
[15:00:53][game_icons.cpp:746] [original line 2308] file gfx/interface/icons/building_types/icon_riverrun.dds doesn't exist, referenced from building 'oldstones_old_new'
[15:00:53][game_icons.cpp:746] [original line 2309] file gfx/interface/icons/building_types/icon_riverrun.dds doesn't exist, referenced from building 'oldstones_restored_final'
[15:00:56][jomini_eventmanager.cpp:372] [original line 2310] Event buy_valyrian_mask.0001 is orphaned
[15:00:56][jomini_eventmanager.cpp:372] [original line 2311] Event asoiaf_mega_war_events.0001 is orphaned
[15:00:56][jomini_eventmanager.cpp:372] [original line 2312] Event asoiaf_young_griff_landing_events.2 is orphaned
[15:00:56][pdx_assert.cpp:619] [original line 2313] Assertion failed: Achievements not loaded correctly
[15:00:56][databases.h:36] [original line 2314] Key rf_valyrian not found at Database: common/religion/religion_family_types
[15:00:56][databases.h:36] [original line 2315] Key tgp_minister_recruit_courtiers_decision not found at Database: common/decisions
[15:00:59][jomini_effect.cpp:1161] [original line 2316] Flag 'blackDarkRed' is used but is never set. Setting it in an unused scripted trigger or effect does not count
[15:00:59][jomini_effect.cpp:1161] [original line 2317] Flag 'monastery_holding' is used but is never set. Setting it in an unused scripted trigger or effect does not count
[15:00:59][jomini_effect.cpp:1161] [original line 2318] Flag 'highlight_special_buildings_map' is used but is never set. Setting it in an unused scripted trigger or effect does not count
[15:00:59][jomini_effect.cpp:1161] [original line 2319] Flag 'roland_crown' is used but is never set. Setting it in an unused scripted trigger or effect does not count
[15:00:59][jomini_effect.cpp:1161] [original line 2320] Flag 'pirate_den_holding' is used but is never set. Setting it in an unused scripted trigger or effect does not count
[15:00:59][jomini_effect.cpp:1161] [original line 2321] Flag 'iceFire' is used but is never set. Setting it in an unused scripted trigger or effect does not count
[15:00:59][jomini_effect.cpp:1161] [original line 2322] Flag 'wilderness_holding' is used but is never set. Setting it in an unused scripted trigger or effect does not count
[15:00:59][jomini_effect.cpp:1161] [original line 2323] Flag 'settlement_holding' is used but is never set. Setting it in an unused scripted trigger or effect does not count
[15:00:59][jomini_effect.cpp:1161] [original line 2324] Flag 'ruin_holding' is used but is never set. Setting it in an unused scripted trigger or effect does not count
[15:00:59][jomini_effect.cpp:1161] [original line 2325] Flag 'unknown_holding' is used but is never set. Setting it in an unused scripted trigger or effect does not count
[15:00:59][jomini_effect.cpp:1145] [original line 2326] Flag 'global' is set but is never used. Note that use in localization doesn't count due to technical limitations. Use in unused scripted triggers and effects also does not count
[15:00:59][jomini_effect.cpp:1145] [original line 2327] Flag 'DI_subtype_throne' is set but is never used. Note that use in localization doesn't count due to technical limitations. Use in unused scripted triggers and effects also does not count
[15:00:59][jomini_effect.cpp:1145] [original line 2328] Flag 'highlight_cow_provinces_map' is set but is never used. Note that use in localization doesn't count due to technical limitations. Use in unused scripted triggers and effects also does not count
[15:00:59][jomini_effect.cpp:1145] [original line 2329] Flag 'all_found' is set but is never used. Note that use in localization doesn't count due to technical limitations. Use in unused scripted triggers and effects also does not count
[15:00:59][jomini_effect.cpp:1161] [original line 2330] Variable 'tgc_enabled' is used but is never set. Setting it in an unused scripted trigger or effect does not count
[15:00:59][jomini_effect.cpp:1161] [original line 2331] Variable 'seafoam' is used but is never set. Setting it in an unused scripted trigger or effect does not count
[15:00:59][jomini_effect.cpp:1161] [original line 2332] Variable 'Aotk_enabled' is used but is never set. Setting it in an unused scripted trigger or effect does not count
[15:00:59][jomini_effect.cpp:1161] [original line 2333] Variable 'captains_sword' is used but is never set. Setting it in an unused scripted trigger or effect does not count
[15:00:59][jomini_effect.cpp:1161] [original line 2334] Variable 'blackfyre' is used but is never set. Setting it in an unused scripted trigger or effect does not count
[15:00:59][jomini_effect.cpp:1161] [original line 2335] Variable 'maekars_crown' is used but is never set. Setting it in an unused scripted trigger or effect does not count
[15:00:59][jomini_effect.cpp:1161] [original line 2336] Variable 'is_Durrandon_51' is used but is never set. Setting it in an unused scripted trigger or effect does not count
[15:00:59][jomini_effect.cpp:1161] [original line 2337] Variable 'kingsguard_choice' is used but is never set. Setting it in an unused scripted trigger or effect does not count
[15:00:59][jomini_effect.cpp:1161] [original line 2338] Variable 'is_baratheon_6' is used but is never set. Setting it in an unused scripted trigger or effect does not count
[15:00:59][jomini_effect.cpp:1161] [original line 2339] Variable 'app_enabled' is used but is never set. Setting it in an unused scripted trigger or effect does not count
[15:00:59][jomini_effect.cpp:1161] [original line 2340] Variable 'highlight_cow_provinces_map' is used but is never set. Setting it in an unused scripted trigger or effect does not count
[15:00:59][jomini_effect.cpp:1161] [original line 2341] Variable 'crown_aegon_baelor_artifact' is used but is never set. Setting it in an unused scripted trigger or effect does not count
[15:00:59][jomini_effect.cpp:1161] [original line 2342] Variable 'brightboar_enabled' is used but is never set. Setting it in an unused scripted trigger or effect does not count
[15:00:59][jomini_effect.cpp:1161] [original line 2343] Variable 'darksister' is used but is never set. Setting it in an unused scripted trigger or effect does not count
[15:00:59][jomini_effect.cpp:1161] [original line 2344] Variable 'swordman_armor_artifact' is used but is never set. Setting it in an unused scripted trigger or effect does not count
[15:00:59][jomini_effect.cpp:1145] [original line 2345] Variable 'DI_artifact_category_display' is set but is never used. Note that use in localization doesn't count due to technical limitations. Use in unused scripted triggers and effects also does not count
[15:00:59][jomini_effect.cpp:1145] [original line 2346] Variable 'blackfyre_artifact' is set but is never used. Note that use in localization doesn't count due to technical limitations. Use in unused scripted triggers and effects also does not count
[15:00:59][jomini_effect.cpp:1145] [original line 2347] Variable 'pincer_artifact' is set but is never used. Note that use in localization doesn't count due to technical limitations. Use in unused scripted triggers and effects also does not count
[15:00:59][jomini_effect.cpp:1145] [original line 2348] Variable 'COWAGOT_is_loaded' is set but is never used. Note that use in localization doesn't count due to technical limitations. Use in unused scripted triggers and effects also does not count
[15:00:59][jomini_effect.cpp:1145] [original line 2349] Variable 'seafoam_artifact' is set but is never used. Note that use in localization doesn't count due to technical limitations. Use in unused scripted triggers and effects also does not count
[15:00:59][jomini_effect.cpp:1145] [original line 2350] Variable 'DI_artifact_quality_display' is set but is never used. Note that use in localization doesn't count due to technical limitations. Use in unused scripted triggers and effects also does not count
[15:00:59][jomini_effect.cpp:1145] [original line 2351] Variable 'DI_artifact_subtype_display' is set but is never used. Note that use in localization doesn't count due to technical limitations. Use in unused scripted triggers and effects also does not count
[15:00:59][history.cpp:644] [original line 2352] Referencing non-existent character in script link character:Gardener_75
[15:00:59][history.cpp:644] [original line 2353] Referencing non-existent character in script link character:Gardener_75
[15:00:59][history.cpp:644] [original line 2354] Referencing non-existent character in script link character:Dormund_1
[15:00:59][history.cpp:644] [original line 2355] Referencing non-existent character in script link character:Dormund_1
[15:00:59][history.cpp:644] [original line 2356] Referencing non-existent character in script link character:Broome_rs_54
[15:00:59][history.cpp:644] [original line 2357] Referencing non-existent character in script link character:Dormund_1
[15:00:59][history.cpp:644] [original line 2358] Referencing non-existent character in script link character:Dormund_1
[15:00:59][history.cpp:644] [original line 2359] Referencing non-existent character in script link character:Hotah_rs_2
[15:00:59][history.cpp:644] [original line 2360] Referencing non-existent character in script link character:Hotah_rs_2
[15:00:59][history.cpp:644] [original line 2361] Referencing non-existent character in script link character:asoiaf_Targaryen_61_1
[15:00:59][history.cpp:644] [original line 2362] Referencing non-existent character in script link character:asoiaf_Targaryen_61_1
[15:00:59][history.cpp:644] [original line 2363] Referencing non-existent character in script link character:Targaryen_61_1
[15:00:59][history.cpp:644] [original line 2364] Referencing non-existent character in script link character:Targaryen_61_1
[15:00:59][history.cpp:644] [original line 2365] Referencing non-existent character in script link character:Targaryen_61_1
[15:00:59][history.cpp:644] [original line 2366] Referencing non-existent character in script link character:Targaryen_61_1