"LogLine","Key","Category","FirstFile","SecondFile","RepositoryDefinitions","DistinctValues","Mods"
"2","PORTRAIT_MODIFIER_custom_cloaks_female_cloak_asoiaf_nights_watch_cloak_1","Identical localization definitions","localization/russian/asoiaf_barbershop_l_russian.yml","localization/russian/asoiaf_barbershop_l_russian.yml","0","1","AGOT+ rus"
"3","dragon_egg_vermithrax_desc","Expected corrective localization override","localization/russian/dp_artifacts_l_russian.yml","localization/russian/mde_artifacts_l_russian.yml","1","2","AGOT More Dragon Eggs - Русификация | AGOT More Dragon Eggs | Исправления русификатора и совместимости"
"4","dragon_egg_anogaros_desc","Expected corrective localization override","localization/russian/dp_artifacts_l_russian.yml","localization/russian/mde_artifacts_l_russian.yml","1","2","AGOT More Dragon Eggs - Русификация | AGOT More Dragon Eggs | Исправления русификатора и совместимости"
"5","dragon_egg_nessarion_desc","Expected corrective localization override","localization/russian/dp_artifacts_l_russian.yml","localization/russian/mde_artifacts_l_russian.yml","1","2","AGOT More Dragon Eggs - Русификация | AGOT More Dragon Eggs | Исправления русификатора и совместимости"
"6","dragon_egg_archonei_desc","Expected corrective localization override","localization/russian/dp_artifacts_l_russian.yml","localization/russian/mde_artifacts_l_russian.yml","1","2","AGOT More Dragon Eggs - Русификация | AGOT More Dragon Eggs | Исправления русификатора и совместимости"
"7","dragon_egg_balerion_desc","Expected corrective localization override","localization/russian/dp_artifacts_l_russian.yml","localization/russian/mde_artifacts_l_russian.yml","1","2","AGOT More Dragon Eggs - Русификация | AGOT More Dragon Eggs | Исправления русификатора и совместимости"
"8","dragon_egg_meraxes_desc","Localization duplicate needs review","localization/russian/dp_artifacts_l_russian.yml","localization/russian/mde_artifacts_l_russian.yml","2","2","AGOT More Dragon Eggs - Русификация | AGOT More Dragon Eggs | Исправления русификатора и совместимости"
"9","dragon_egg_quicksilver_desc","Expected corrective localization override","localization/russian/dp_artifacts_l_russian.yml","localization/russian/mde_artifacts_l_russian.yml","1","2","AGOT More Dragon Eggs - Русификация | AGOT More Dragon Eggs | Исправления русификатора и совместимости"
"10","dragon_egg_vhagar_desc","Expected corrective localization override","localization/russian/dp_artifacts_l_russian.yml","localization/russian/mde_artifacts_l_russian.yml","1","2","AGOT More Dragon Eggs - Русификация | AGOT More Dragon Eggs | Исправления русификатора и совместимости"
"11","dragon_egg_caraxes_desc","Expected corrective localization override","localization/russian/dp_artifacts_l_russian.yml","localization/russian/mde_artifacts_l_russian.yml","1","2","AGOT More Dragon Eggs - Русификация | AGOT More Dragon Eggs | Исправления русификатора и совместимости"
"12","dragon_egg_meleys_desc","Localization duplicate needs review","localization/russian/dp_artifacts_l_russian.yml","localization/russian/mde_artifacts_l_russian.yml","2","2","AGOT More Dragon Eggs - Русификация | AGOT More Dragon Eggs | Исправления русификатора и совместимости"
"13","dragon_egg_dreamfyre_desc","Localization duplicate needs review","localization/russian/dp_artifacts_l_russian.yml","localization/russian/mde_artifacts_l_russian.yml","2","2","AGOT More Dragon Eggs - Русификация | AGOT More Dragon Eggs | Исправления русификатора и совместимости"
"14","dragon_egg_vermithor_desc","Expected corrective localization override","localization/russian/dp_artifacts_l_russian.yml","localization/russian/mde_artifacts_l_russian.yml","1","2","AGOT More Dragon Eggs - Русификация | AGOT More Dragon Eggs | Исправления русификатора и совместимости"
"15","dragon_egg_silverwing_desc","Expected corrective localization override","localization/russian/dp_artifacts_l_russian.yml","localization/russian/mde_artifacts_l_russian.yml","1","2","AGOT More Dragon Eggs - Русификация | AGOT More Dragon Eggs | Исправления русификатора и совместимости"
"16","dragon_egg_seasmoke_desc","Localization duplicate needs review","localization/russian/dp_artifacts_l_russian.yml","localization/russian/mde_artifacts_l_russian.yml","2","2","AGOT More Dragon Eggs - Русификация | AGOT More Dragon Eggs | Исправления русификатора и совместимости"
"17","dragon_egg_sunfyre_desc","Expected corrective localization override","localization/russian/dp_artifacts_l_russian.yml","localization/russian/mde_artifacts_l_russian.yml","1","2","AGOT More Dragon Eggs - Русификация | AGOT More Dragon Eggs | Исправления русификатора и совместимости"
"18","dragon_egg_syrax_desc","Expected corrective localization override","localization/russian/dp_artifacts_l_russian.yml","localization/russian/mde_artifacts_l_russian.yml","1","2","AGOT More Dragon Eggs - Русификация | AGOT More Dragon Eggs | Исправления русификатора и совместимости"
"19","dragon_egg_tessarion_desc","Expected corrective localization override","localization/russian/dp_artifacts_l_russian.yml","localization/russian/mde_artifacts_l_russian.yml","1","2","AGOT More Dragon Eggs - Русификация | AGOT More Dragon Eggs | Исправления русификатора и совместимости"
"20","dragon_egg_vermax_desc","Expected corrective localization override","localization/russian/dp_artifacts_l_russian.yml","localization/russian/mde_artifacts_l_russian.yml","1","2","AGOT More Dragon Eggs - Русификация | AGOT More Dragon Eggs | Исправления русификатора и совместимости"
"21","dragon_egg_arrax_desc","Expected corrective localization override","localization/russian/dp_artifacts_l_russian.yml","localization/russian/mde_artifacts_l_russian.yml","1","2","AGOT More Dragon Eggs - Русификация | AGOT More Dragon Eggs | Исправления русификатора и совместимости"
"22","dragon_egg_tyraxes_desc","Expected corrective localization override","localization/russian/dp_artifacts_l_russian.yml","localization/russian/mde_artifacts_l_russian.yml","1","2","AGOT More Dragon Eggs - Русификация | AGOT More Dragon Eggs | Исправления русификатора и совместимости"
"23","dragon_egg_stormcloud_desc","Expected corrective localization override","localization/russian/dp_artifacts_l_russian.yml","localization/russian/mde_artifacts_l_russian.yml","1","2","AGOT More Dragon Eggs - Русификация | AGOT More Dragon Eggs | Исправления русификатора и совместимости"
"24","dragon_egg_moondancer_desc","Expected corrective localization override","localization/russian/dp_artifacts_l_russian.yml","localization/russian/mde_artifacts_l_russian.yml","1","2","AGOT More Dragon Eggs - Русификация | AGOT More Dragon Eggs | Исправления русификатора и совместимости"
"25","dragon_egg_wyrmling_desc","Localization duplicate needs review","localization/russian/dp_artifacts_l_russian.yml","localization/russian/mde_artifacts_l_russian.yml","2","2","AGOT More Dragon Eggs - Русификация | AGOT More Dragon Eggs | Исправления русификатора и совместимости"
"26","dragon_egg_shrykos_desc","Expected corrective localization override","localization/russian/dp_artifacts_l_russian.yml","localization/russian/mde_artifacts_l_russian.yml","1","2","AGOT More Dragon Eggs - Русификация | AGOT More Dragon Eggs | Исправления русификатора и совместимости"
"27","dragon_egg_morghul_desc","Expected corrective localization override","localization/russian/dp_artifacts_l_russian.yml","localization/russian/mde_artifacts_l_russian.yml","1","2","AGOT More Dragon Eggs - Русификация | AGOT More Dragon Eggs | Исправления русификатора и совместимости"
"28","dragon_egg_morning_desc","Localization duplicate needs review","localization/russian/dp_artifacts_l_russian.yml","localization/russian/mde_artifacts_l_russian.yml","2","2","AGOT More Dragon Eggs - Русификация | AGOT More Dragon Eggs | Исправления русификатора и совместимости"
"29","dragon_egg_the_last_desc","Localization duplicate needs review","localization/russian/dp_artifacts_l_russian.yml","localization/russian/mde_artifacts_l_russian.yml","2","2","AGOT More Dragon Eggs - Русификация | AGOT More Dragon Eggs | Исправления русификатора и совместимости"
"30","dragon_egg_nightfyre_desc","Localization duplicate needs review","localization/russian/dp_artifacts_l_russian.yml","localization/russian/mde_artifacts_l_russian.yml","2","2","AGOT More Dragon Eggs - Русификация | AGOT More Dragon Eggs | Исправления русификатора и совместимости"
"31","dragon_egg_cannibal_desc","Expected corrective localization override","localization/russian/dp_artifacts_l_russian.yml","localization/russian/mde_artifacts_l_russian.yml","1","2","AGOT More Dragon Eggs - Русификация | AGOT More Dragon Eggs | Исправления русификатора и совместимости"
"32","dragon_egg_sheepstealer_desc","Expected corrective localization override","localization/russian/dp_artifacts_l_russian.yml","localization/russian/mde_artifacts_l_russian.yml","1","2","AGOT More Dragon Eggs - Русификация | AGOT More Dragon Eggs | Исправления русификатора и совместимости"
"33","dragon_egg_grey_ghost_desc","Expected corrective localization override","localization/russian/dp_artifacts_l_russian.yml","localization/russian/mde_artifacts_l_russian.yml","1","2","AGOT More Dragon Eggs - Русификация | AGOT More Dragon Eggs | Исправления русификатора и совместимости"
"34","dragon_egg_drogon_desc","Expected corrective localization override","localization/russian/dp_artifacts_l_russian.yml","localization/russian/mde_artifacts_l_russian.yml","1","2","AGOT More Dragon Eggs - Русификация | AGOT More Dragon Eggs | Исправления русификатора и совместимости"
"35","dragon_egg_rhaegal_desc","Localization duplicate needs review","localization/russian/dp_artifacts_l_russian.yml","localization/russian/mde_artifacts_l_russian.yml","2","2","AGOT More Dragon Eggs - Русификация | AGOT More Dragon Eggs | Исправления русификатора и совместимости"
"36","dragon_egg_viserion_desc","Localization duplicate needs review","localization/russian/dp_artifacts_l_russian.yml","localization/russian/mde_artifacts_l_russian.yml","2","2","AGOT More Dragon Eggs - Русификация | AGOT More Dragon Eggs | Исправления русификатора и совместимости"
"37","dragon_egg_serporoth_desc","Localization duplicate needs review","localization/russian/dp_artifacts_l_russian.yml","localization/russian/mde_artifacts_l_russian.yml","2","2","AGOT More Dragon Eggs - Русификация | AGOT More Dragon Eggs | Исправления русификатора и совместимости"
"38","dragon_egg_maegor_2_desc","Localization duplicate needs review","localization/russian/dp_artifacts_l_russian.yml","localization/russian/mde_artifacts_l_russian.yml","2","2","AGOT More Dragon Eggs - Русификация | AGOT More Dragon Eggs | Исправления русификатора и совместимости"
"39","dragon_egg_maegor_3_desc","Expected corrective localization override","localization/russian/dp_artifacts_l_russian.yml","localization/russian/mde_artifacts_l_russian.yml","1","2","AGOT More Dragon Eggs - Русификация | AGOT More Dragon Eggs | Исправления русификатора и совместимости"
"40","dragon_egg_maegor_4_desc","Localization duplicate needs review","localization/russian/dp_artifacts_l_russian.yml","localization/russian/mde_artifacts_l_russian.yml","2","2","AGOT More Dragon Eggs - Русификация | AGOT More Dragon Eggs | Исправления русификатора и совместимости"
"41","dragon_egg_maegor_5_desc","Localization duplicate needs review","localization/russian/dp_artifacts_l_russian.yml","localization/russian/mde_artifacts_l_russian.yml","2","2","AGOT More Dragon Eggs - Русификация | AGOT More Dragon Eggs | Исправления русификатора и совместимости"
"42","dragon_egg_maegor_6_desc","Expected corrective localization override","localization/russian/dp_artifacts_l_russian.yml","localization/russian/mde_artifacts_l_russian.yml","1","2","AGOT More Dragon Eggs - Русификация | AGOT More Dragon Eggs | Исправления русификатора и совместимости"
"43","dragon_egg_maegor_7_desc","Expected corrective localization override","localization/russian/dp_artifacts_l_russian.yml","localization/russian/mde_artifacts_l_russian.yml","1","2","AGOT More Dragon Eggs - Русификация | AGOT More Dragon Eggs | Исправления русификатора и совместимости"
"44","dragon_egg_maegor_8_desc","Expected corrective localization override","localization/russian/dp_artifacts_l_russian.yml","localization/russian/mde_artifacts_l_russian.yml","1","2","AGOT More Dragon Eggs - Русификация | AGOT More Dragon Eggs | Исправления русификатора и совместимости"
"45","dragon_egg_maegor_9_desc","Expected corrective localization override","localization/russian/dp_artifacts_l_russian.yml","localization/russian/mde_artifacts_l_russian.yml","1","2","AGOT More Dragon Eggs - Русификация | AGOT More Dragon Eggs | Исправления русификатора и совместимости"
"46","dragon_egg_maegor_10_desc","Localization duplicate needs review","localization/russian/dp_artifacts_l_russian.yml","localization/russian/mde_artifacts_l_russian.yml","2","2","AGOT More Dragon Eggs - Русификация | AGOT More Dragon Eggs | Исправления русификатора и совместимости"
"47","dragon_egg_maegor_11_desc","Expected corrective localization override","localization/russian/dp_artifacts_l_russian.yml","localization/russian/mde_artifacts_l_russian.yml","1","2","AGOT More Dragon Eggs - Русификация | AGOT More Dragon Eggs | Исправления русификатора и совместимости"
"48","dragon_egg_aenys_1_desc","Localization duplicate needs review","localization/russian/dp_artifacts_l_russian.yml","localization/russian/mde_artifacts_l_russian.yml","2","2","AGOT More Dragon Eggs - Русификация | AGOT More Dragon Eggs | Исправления русификатора и совместимости"
"49","dragon_egg_aenys_2_desc","Expected corrective localization override","localization/russian/dp_artifacts_l_russian.yml","localization/russian/mde_artifacts_l_russian.yml","1","2","AGOT More Dragon Eggs - Русификация | AGOT More Dragon Eggs | Исправления русификатора и совместимости"
"50","dragon_egg_aerea_1_desc","Expected corrective localization override","localization/russian/dp_artifacts_l_russian.yml","localization/russian/mde_artifacts_l_russian.yml","1","2","AGOT More Dragon Eggs - Русификация | AGOT More Dragon Eggs | Исправления русификатора и совместимости"
"51","dragon_egg_aerea_2_desc","Localization duplicate needs review","localization/russian/dp_artifacts_l_russian.yml","localization/russian/mde_artifacts_l_russian.yml","2","2","AGOT More Dragon Eggs - Русификация | AGOT More Dragon Eggs | Исправления русификатора и совместимости"
"52","dragon_egg_aerea_3_desc","Expected corrective localization override","localization/russian/dp_artifacts_l_russian.yml","localization/russian/mde_artifacts_l_russian.yml","1","2","AGOT More Dragon Eggs - Русификация | AGOT More Dragon Eggs | Исправления русификатора и совместимости"
"53","dragon_egg_daenerys_1_desc","Localization duplicate needs review","localization/russian/dp_artifacts_l_russian.yml","localization/russian/mde_artifacts_l_russian.yml","2","2","AGOT More Dragon Eggs - Русификация | AGOT More Dragon Eggs | Исправления русификатора и совместимости"
"54","dragon_egg_aemond_1_desc","Localization duplicate needs review","localization/russian/dp_artifacts_l_russian.yml","localization/russian/mde_artifacts_l_russian.yml","2","2","AGOT More Dragon Eggs - Русификация | AGOT More Dragon Eggs | Исправления русификатора и совместимости"
"55","dragon_egg_aemond_2_desc","Localization duplicate needs review","localization/russian/dp_artifacts_l_russian.yml","localization/russian/mde_artifacts_l_russian.yml","2","2","AGOT More Dragon Eggs - Русификация | AGOT More Dragon Eggs | Исправления русификатора и совместимости"
"56","dragon_egg_aemond_3_desc","Localization duplicate needs review","localization/russian/dp_artifacts_l_russian.yml","localization/russian/mde_artifacts_l_russian.yml","2","2","AGOT More Dragon Eggs - Русификация | AGOT More Dragon Eggs | Исправления русификатора и совместимости"
"57","dragon_egg_essovius_desc","Expected corrective localization override","localization/russian/dp_artifacts_l_russian.yml","localization/russian/mde_artifacts_l_russian.yml","1","2","AGOT More Dragon Eggs - Русификация | AGOT More Dragon Eggs | Исправления русификатора и совместимости"
"58","dragon_egg_valryon_desc","Expected corrective localization override","localization/russian/dp_artifacts_l_russian.yml","localization/russian/mde_artifacts_l_russian.yml","1","2","AGOT More Dragon Eggs - Русификация | AGOT More Dragon Eggs | Исправления русификатора и совместимости"
"59","dragon_egg_ghiscar_desc","Expected corrective localization override","localization/russian/dp_artifacts_l_russian.yml","localization/russian/mde_artifacts_l_russian.yml","1","2","AGOT More Dragon Eggs - Русификация | AGOT More Dragon Eggs | Исправления русификатора и совместимости"
"60","dragon_egg_terrax_desc","Expected corrective localization override","localization/russian/dp_artifacts_l_russian.yml","localization/russian/mde_artifacts_l_russian.yml","1","2","AGOT More Dragon Eggs - Русификация | AGOT More Dragon Eggs | Исправления русификатора и совместимости"
"61","dragon_egg_vassarion_desc","Expected corrective localization override","localization/russian/dp_artifacts_l_russian.yml","localization/russian/mde_artifacts_l_russian.yml","1","2","AGOT More Dragon Eggs - Русификация | AGOT More Dragon Eggs | Исправления русификатора и совместимости"
"62","dragon_egg_rovax_desc","Expected corrective localization override","localization/russian/dp_artifacts_l_russian.yml","localization/russian/mde_artifacts_l_russian.yml","1","2","AGOT More Dragon Eggs - Русификация | AGOT More Dragon Eggs | Исправления русификатора и совместимости"
"63","dragon_egg_neltharion_desc","Localization duplicate needs review","localization/russian/dp_artifacts_l_russian.yml","localization/russian/mde_artifacts_l_russian.yml","2","2","AGOT More Dragon Eggs - Русификация | AGOT More Dragon Eggs | Исправления русификатора и совместимости"
"64","dragon_egg_pythax_desc","Localization duplicate needs review","localization/russian/dp_artifacts_l_russian.yml","localization/russian/mde_artifacts_l_russian.yml","2","2","AGOT More Dragon Eggs - Русификация | AGOT More Dragon Eggs | Исправления русификатора и совместимости"
"65","dragon_egg_nagga_desc","Expected corrective localization override","localization/russian/dp_artifacts_l_russian.yml","localization/russian/mde_artifacts_l_russian.yml","1","2","AGOT More Dragon Eggs - Русификация | AGOT More Dragon Eggs | Исправления русификатора и совместимости"
"66","dragon_egg_urrax_desc","Expected corrective localization override","localization/russian/dp_artifacts_l_russian.yml","localization/russian/mde_artifacts_l_russian.yml","1","2","AGOT More Dragon Eggs - Русификация | AGOT More Dragon Eggs | Исправления русификатора и совместимости"
"67","dragon_egg_dragon_ancestor_1_desc","Expected corrective localization override","localization/russian/dp_artifacts_l_russian.yml","localization/russian/mde_artifacts_l_russian.yml","1","2","AGOT More Dragon Eggs - Русификация | AGOT More Dragon Eggs | Исправления русификатора и совместимости"
"68","dragon_egg_dragon_ancestor_2_desc","Localization duplicate needs review","localization/russian/dp_artifacts_l_russian.yml","localization/russian/mde_artifacts_l_russian.yml","2","2","AGOT More Dragon Eggs - Русификация | AGOT More Dragon Eggs | Исправления русификатора и совместимости"
"69","dragon_egg_dragon_ancestor_3_desc","Localization duplicate needs review","localization/russian/dp_artifacts_l_russian.yml","localization/russian/mde_artifacts_l_russian.yml","2","2","AGOT More Dragon Eggs - Русификация | AGOT More Dragon Eggs | Исправления русификатора и совместимости"
"70","dragon_egg_dragon_ancestor_4_desc","Localization duplicate needs review","localization/russian/dp_artifacts_l_russian.yml","localization/russian/mde_artifacts_l_russian.yml","2","2","AGOT More Dragon Eggs - Русификация | AGOT More Dragon Eggs | Исправления русификатора и совместимости"
"71","dragon_egg_dragon_ancestor_5_desc","Expected corrective localization override","localization/russian/dp_artifacts_l_russian.yml","localization/russian/mde_artifacts_l_russian.yml","1","2","AGOT More Dragon Eggs - Русификация | AGOT More Dragon Eggs | Исправления русификатора и совместимости"
"72","dragon_egg_dragon_ancestor_6_desc","Expected corrective localization override","localization/russian/dp_artifacts_l_russian.yml","localization/russian/mde_artifacts_l_russian.yml","1","2","AGOT More Dragon Eggs - Русификация | AGOT More Dragon Eggs | Исправления русификатора и совместимости"
"73","dragon_egg_vermithrax_ui_desc","Localization duplicate needs review","localization/russian/dp_artifacts_l_russian.yml","localization/russian/mde_artifacts_l_russian.yml","2","2","AGOT More Dragon Eggs - Русификация | AGOT More Dragon Eggs | Исправления русификатора и совместимости"
"74","dragon_egg_anogaros_ui_desc","Localization duplicate needs review","localization/russian/dp_artifacts_l_russian.yml","localization/russian/mde_artifacts_l_russian.yml","2","2","AGOT More Dragon Eggs - Русификация | AGOT More Dragon Eggs | Исправления русификатора и совместимости"
"75","dragon_egg_nessarion_ui_desc","Localization duplicate needs review","localization/russian/dp_artifacts_l_russian.yml","localization/russian/mde_artifacts_l_russian.yml","2","2","AGOT More Dragon Eggs - Русификация | AGOT More Dragon Eggs | Исправления русификатора и совместимости"
"76","dragon_egg_archonei_ui_desc","Localization duplicate needs review","localization/russian/dp_artifacts_l_russian.yml","localization/russian/mde_artifacts_l_russian.yml","2","2","AGOT More Dragon Eggs - Русификация | AGOT More Dragon Eggs | Исправления русификатора и совместимости"
"77","dragon_egg_balerion_ui_desc","Localization duplicate needs review","localization/russian/dp_artifacts_l_russian.yml","localization/russian/mde_artifacts_l_russian.yml","2","2","AGOT More Dragon Eggs - Русификация | AGOT More Dragon Eggs | Исправления русификатора и совместимости"
"78","dragon_egg_meraxes_ui_desc","Localization duplicate needs review","localization/russian/dp_artifacts_l_russian.yml","localization/russian/mde_artifacts_l_russian.yml","2","2","AGOT More Dragon Eggs - Русификация | AGOT More Dragon Eggs | Исправления русификатора и совместимости"
"79","dragon_egg_quicksilver_ui_desc","Localization duplicate needs review","localization/russian/dp_artifacts_l_russian.yml","localization/russian/mde_artifacts_l_russian.yml","2","2","AGOT More Dragon Eggs - Русификация | AGOT More Dragon Eggs | Исправления русификатора и совместимости"
"80","dragon_egg_vhagar_ui_desc","Localization duplicate needs review","localization/russian/dp_artifacts_l_russian.yml","localization/russian/mde_artifacts_l_russian.yml","2","2","AGOT More Dragon Eggs - Русификация | AGOT More Dragon Eggs | Исправления русификатора и совместимости"
"81","dragon_egg_caraxes_ui_desc","Localization duplicate needs review","localization/russian/dp_artifacts_l_russian.yml","localization/russian/mde_artifacts_l_russian.yml","2","2","AGOT More Dragon Eggs - Русификация | AGOT More Dragon Eggs | Исправления русификатора и совместимости"
"82","dragon_egg_meleys_ui_desc","Localization duplicate needs review","localization/russian/dp_artifacts_l_russian.yml","localization/russian/mde_artifacts_l_russian.yml","2","2","AGOT More Dragon Eggs - Русификация | AGOT More Dragon Eggs | Исправления русификатора и совместимости"
"83","dragon_egg_dreamfyre_ui_desc","Localization duplicate needs review","localization/russian/dp_artifacts_l_russian.yml","localization/russian/mde_artifacts_l_russian.yml","2","2","AGOT More Dragon Eggs - Русификация | AGOT More Dragon Eggs | Исправления русификатора и совместимости"
"84","dragon_egg_vermithor_ui_desc","Localization duplicate needs review","localization/russian/dp_artifacts_l_russian.yml","localization/russian/mde_artifacts_l_russian.yml","2","2","AGOT More Dragon Eggs - Русификация | AGOT More Dragon Eggs | Исправления русификатора и совместимости"
"85","dragon_egg_silverwing_ui_desc","Localization duplicate needs review","localization/russian/dp_artifacts_l_russian.yml","localization/russian/mde_artifacts_l_russian.yml","2","2","AGOT More Dragon Eggs - Русификация | AGOT More Dragon Eggs | Исправления русификатора и совместимости"
"86","dragon_egg_seasmoke_ui_desc","Localization duplicate needs review","localization/russian/dp_artifacts_l_russian.yml","localization/russian/mde_artifacts_l_russian.yml","2","2","AGOT More Dragon Eggs - Русификация | AGOT More Dragon Eggs | Исправления русификатора и совместимости"
"87","dragon_egg_sunfyre_ui_desc","Localization duplicate needs review","localization/russian/dp_artifacts_l_russian.yml","localization/russian/mde_artifacts_l_russian.yml","2","2","AGOT More Dragon Eggs - Русификация | AGOT More Dragon Eggs | Исправления русификатора и совместимости"
"88","dragon_egg_syrax_ui_desc","Localization duplicate needs review","localization/russian/dp_artifacts_l_russian.yml","localization/russian/mde_artifacts_l_russian.yml","2","2","AGOT More Dragon Eggs - Русификация | AGOT More Dragon Eggs | Исправления русификатора и совместимости"
"89","dragon_egg_tessarion_ui_desc","Localization duplicate needs review","localization/russian/dp_artifacts_l_russian.yml","localization/russian/mde_artifacts_l_russian.yml","2","2","AGOT More Dragon Eggs - Русификация | AGOT More Dragon Eggs | Исправления русификатора и совместимости"
"90","dragon_egg_vermax_ui_desc","Localization duplicate needs review","localization/russian/dp_artifacts_l_russian.yml","localization/russian/mde_artifacts_l_russian.yml","2","2","AGOT More Dragon Eggs - Русификация | AGOT More Dragon Eggs | Исправления русификатора и совместимости"
"91","dragon_egg_arrax_ui_desc","Localization duplicate needs review","localization/russian/dp_artifacts_l_russian.yml","localization/russian/mde_artifacts_l_russian.yml","2","2","AGOT More Dragon Eggs - Русификация | AGOT More Dragon Eggs | Исправления русификатора и совместимости"
"92","dragon_egg_tyraxes_ui_desc","Localization duplicate needs review","localization/russian/dp_artifacts_l_russian.yml","localization/russian/mde_artifacts_l_russian.yml","2","2","AGOT More Dragon Eggs - Русификация | AGOT More Dragon Eggs | Исправления русификатора и совместимости"
"93","dragon_egg_stormcloud_ui_desc","Localization duplicate needs review","localization/russian/dp_artifacts_l_russian.yml","localization/russian/mde_artifacts_l_russian.yml","2","2","AGOT More Dragon Eggs - Русификация | AGOT More Dragon Eggs | Исправления русификатора и совместимости"
"94","dragon_egg_moondancer_ui_desc","Localization duplicate needs review","localization/russian/dp_artifacts_l_russian.yml","localization/russian/mde_artifacts_l_russian.yml","2","2","AGOT More Dragon Eggs - Русификация | AGOT More Dragon Eggs | Исправления русификатора и совместимости"
"95","dragon_egg_wyrmling_ui_desc","Localization duplicate needs review","localization/russian/dp_artifacts_l_russian.yml","localization/russian/mde_artifacts_l_russian.yml","2","2","AGOT More Dragon Eggs - Русификация | AGOT More Dragon Eggs | Исправления русификатора и совместимости"
"96","dragon_egg_shrykos_ui_desc","Localization duplicate needs review","localization/russian/dp_artifacts_l_russian.yml","localization/russian/mde_artifacts_l_russian.yml","2","2","AGOT More Dragon Eggs - Русификация | AGOT More Dragon Eggs | Исправления русификатора и совместимости"
"97","dragon_egg_morghul_ui_desc","Localization duplicate needs review","localization/russian/dp_artifacts_l_russian.yml","localization/russian/mde_artifacts_l_russian.yml","2","2","AGOT More Dragon Eggs - Русификация | AGOT More Dragon Eggs | Исправления русификатора и совместимости"
"98","dragon_egg_morning_ui_desc","Localization duplicate needs review","localization/russian/dp_artifacts_l_russian.yml","localization/russian/mde_artifacts_l_russian.yml","2","2","AGOT More Dragon Eggs - Русификация | AGOT More Dragon Eggs | Исправления русификатора и совместимости"
"99","dragon_egg_the_last_ui_desc","Localization duplicate needs review","localization/russian/dp_artifacts_l_russian.yml","localization/russian/mde_artifacts_l_russian.yml","2","2","AGOT More Dragon Eggs - Русификация | AGOT More Dragon Eggs | Исправления русификатора и совместимости"
"100","dragon_egg_nightfyre_ui_desc","Localization duplicate needs review","localization/russian/dp_artifacts_l_russian.yml","localization/russian/mde_artifacts_l_russian.yml","2","2","AGOT More Dragon Eggs - Русификация | AGOT More Dragon Eggs | Исправления русификатора и совместимости"
"101","dragon_egg_cannibal_ui_desc","Localization duplicate needs review","localization/russian/dp_artifacts_l_russian.yml","localization/russian/mde_artifacts_l_russian.yml","2","2","AGOT More Dragon Eggs - Русификация | AGOT More Dragon Eggs | Исправления русификатора и совместимости"
"102","dragon_egg_sheepstealer_ui_desc","Localization duplicate needs review","localization/russian/dp_artifacts_l_russian.yml","localization/russian/mde_artifacts_l_russian.yml","2","2","AGOT More Dragon Eggs - Русификация | AGOT More Dragon Eggs | Исправления русификатора и совместимости"
"103","dragon_egg_grey_ghost_ui_desc","Localization duplicate needs review","localization/russian/dp_artifacts_l_russian.yml","localization/russian/mde_artifacts_l_russian.yml","2","2","AGOT More Dragon Eggs - Русификация | AGOT More Dragon Eggs | Исправления русификатора и совместимости"
"104","dragon_egg_drogon_ui_desc","Localization duplicate needs review","localization/russian/dp_artifacts_l_russian.yml","localization/russian/mde_artifacts_l_russian.yml","2","2","AGOT More Dragon Eggs - Русификация | AGOT More Dragon Eggs | Исправления русификатора и совместимости"
"105","dragon_egg_rhaegal_ui_desc","Localization duplicate needs review","localization/russian/dp_artifacts_l_russian.yml","localization/russian/mde_artifacts_l_russian.yml","2","2","AGOT More Dragon Eggs - Русификация | AGOT More Dragon Eggs | Исправления русификатора и совместимости"
"106","dragon_egg_viserion_ui_desc","Localization duplicate needs review","localization/russian/dp_artifacts_l_russian.yml","localization/russian/mde_artifacts_l_russian.yml","2","2","AGOT More Dragon Eggs - Русификация | AGOT More Dragon Eggs | Исправления русификатора и совместимости"
"107","dragon_egg_serporoth_ui_desc","Localization duplicate needs review","localization/russian/dp_artifacts_l_russian.yml","localization/russian/mde_artifacts_l_russian.yml","2","2","AGOT More Dragon Eggs - Русификация | AGOT More Dragon Eggs | Исправления русификатора и совместимости"
"108","dragon_egg_maegor_2_ui_desc","Localization duplicate needs review","localization/russian/dp_artifacts_l_russian.yml","localization/russian/mde_artifacts_l_russian.yml","2","2","AGOT More Dragon Eggs - Русификация | AGOT More Dragon Eggs | Исправления русификатора и совместимости"
"109","dragon_egg_maegor_3_ui_desc","Localization duplicate needs review","localization/russian/dp_artifacts_l_russian.yml","localization/russian/mde_artifacts_l_russian.yml","2","2","AGOT More Dragon Eggs - Русификация | AGOT More Dragon Eggs | Исправления русификатора и совместимости"
"110","dragon_egg_maegor_4_ui_desc","Localization duplicate needs review","localization/russian/dp_artifacts_l_russian.yml","localization/russian/mde_artifacts_l_russian.yml","2","2","AGOT More Dragon Eggs - Русификация | AGOT More Dragon Eggs | Исправления русификатора и совместимости"
"111","dragon_egg_maegor_5_ui_desc","Localization duplicate needs review","localization/russian/dp_artifacts_l_russian.yml","localization/russian/mde_artifacts_l_russian.yml","2","2","AGOT More Dragon Eggs - Русификация | AGOT More Dragon Eggs | Исправления русификатора и совместимости"
"112","dragon_egg_maegor_6_ui_desc","Localization duplicate needs review","localization/russian/dp_artifacts_l_russian.yml","localization/russian/mde_artifacts_l_russian.yml","2","2","AGOT More Dragon Eggs - Русификация | AGOT More Dragon Eggs | Исправления русификатора и совместимости"
"113","dragon_egg_maegor_7_ui_desc","Localization duplicate needs review","localization/russian/dp_artifacts_l_russian.yml","localization/russian/mde_artifacts_l_russian.yml","2","2","AGOT More Dragon Eggs - Русификация | AGOT More Dragon Eggs | Исправления русификатора и совместимости"
"114","dragon_egg_maegor_8_ui_desc","Localization duplicate needs review","localization/russian/dp_artifacts_l_russian.yml","localization/russian/mde_artifacts_l_russian.yml","2","2","AGOT More Dragon Eggs - Русификация | AGOT More Dragon Eggs | Исправления русификатора и совместимости"
"115","dragon_egg_maegor_9_ui_desc","Localization duplicate needs review","localization/russian/dp_artifacts_l_russian.yml","localization/russian/mde_artifacts_l_russian.yml","2","2","AGOT More Dragon Eggs - Русификация | AGOT More Dragon Eggs | Исправления русификатора и совместимости"
"116","dragon_egg_maegor_10_ui_desc","Localization duplicate needs review","localization/russian/dp_artifacts_l_russian.yml","localization/russian/mde_artifacts_l_russian.yml","2","2","AGOT More Dragon Eggs - Русификация | AGOT More Dragon Eggs | Исправления русификатора и совместимости"
"117","dragon_egg_maegor_11_ui_desc","Localization duplicate needs review","localization/russian/dp_artifacts_l_russian.yml","localization/russian/mde_artifacts_l_russian.yml","2","2","AGOT More Dragon Eggs - Русификация | AGOT More Dragon Eggs | Исправления русификатора и совместимости"
"118","dragon_egg_aenys_1_ui_desc","Localization duplicate needs review","localization/russian/dp_artifacts_l_russian.yml","localization/russian/mde_artifacts_l_russian.yml","2","2","AGOT More Dragon Eggs - Русификация | AGOT More Dragon Eggs | Исправления русификатора и совместимости"
"119","dragon_egg_aenys_2_ui_desc","Localization duplicate needs review","localization/russian/dp_artifacts_l_russian.yml","localization/russian/mde_artifacts_l_russian.yml","2","2","AGOT More Dragon Eggs - Русификация | AGOT More Dragon Eggs | Исправления русификатора и совместимости"
"120","dragon_egg_aerea_1_ui_desc","Localization duplicate needs review","localization/russian/dp_artifacts_l_russian.yml","localization/russian/mde_artifacts_l_russian.yml","2","2","AGOT More Dragon Eggs - Русификация | AGOT More Dragon Eggs | Исправления русификатора и совместимости"
"121","dragon_egg_aerea_2_ui_desc","Localization duplicate needs review","localization/russian/dp_artifacts_l_russian.yml","localization/russian/mde_artifacts_l_russian.yml","2","2","AGOT More Dragon Eggs - Русификация | AGOT More Dragon Eggs | Исправления русификатора и совместимости"
"122","dragon_egg_aerea_3_ui_desc","Localization duplicate needs review","localization/russian/dp_artifacts_l_russian.yml","localization/russian/mde_artifacts_l_russian.yml","2","2","AGOT More Dragon Eggs - Русификация | AGOT More Dragon Eggs | Исправления русификатора и совместимости"
"123","dragon_egg_daenerys_1_ui_desc","Localization duplicate needs review","localization/russian/dp_artifacts_l_russian.yml","localization/russian/mde_artifacts_l_russian.yml","2","2","AGOT More Dragon Eggs - Русификация | AGOT More Dragon Eggs | Исправления русификатора и совместимости"
"124","dragon_egg_aemond_1_ui_desc","Localization duplicate needs review","localization/russian/dp_artifacts_l_russian.yml","localization/russian/mde_artifacts_l_russian.yml","2","2","AGOT More Dragon Eggs - Русификация | AGOT More Dragon Eggs | Исправления русификатора и совместимости"
"125","dragon_egg_aemond_2_ui_desc","Localization duplicate needs review","localization/russian/dp_artifacts_l_russian.yml","localization/russian/mde_artifacts_l_russian.yml","2","2","AGOT More Dragon Eggs - Русификация | AGOT More Dragon Eggs | Исправления русификатора и совместимости"
"126","dragon_egg_aemond_3_ui_desc","Localization duplicate needs review","localization/russian/dp_artifacts_l_russian.yml","localization/russian/mde_artifacts_l_russian.yml","2","2","AGOT More Dragon Eggs - Русификация | AGOT More Dragon Eggs | Исправления русификатора и совместимости"
"127","dragon_egg_essovius_ui_desc","Localization duplicate needs review","localization/russian/dp_artifacts_l_russian.yml","localization/russian/mde_artifacts_l_russian.yml","2","2","AGOT More Dragon Eggs - Русификация | AGOT More Dragon Eggs | Исправления русификатора и совместимости"
"128","dragon_egg_valryon_ui_desc","Localization duplicate needs review","localization/russian/dp_artifacts_l_russian.yml","localization/russian/mde_artifacts_l_russian.yml","2","2","AGOT More Dragon Eggs - Русификация | AGOT More Dragon Eggs | Исправления русификатора и совместимости"
"129","dragon_egg_ghiscar_ui_desc","Localization duplicate needs review","localization/russian/dp_artifacts_l_russian.yml","localization/russian/mde_artifacts_l_russian.yml","2","2","AGOT More Dragon Eggs - Русификация | AGOT More Dragon Eggs | Исправления русификатора и совместимости"
"130","dragon_egg_terrax_ui_desc","Localization duplicate needs review","localization/russian/dp_artifacts_l_russian.yml","localization/russian/mde_artifacts_l_russian.yml","2","2","AGOT More Dragon Eggs - Русификация | AGOT More Dragon Eggs | Исправления русификатора и совместимости"
"131","dragon_egg_vassarion_ui_desc","Localization duplicate needs review","localization/russian/dp_artifacts_l_russian.yml","localization/russian/mde_artifacts_l_russian.yml","2","2","AGOT More Dragon Eggs - Русификация | AGOT More Dragon Eggs | Исправления русификатора и совместимости"
"132","dragon_egg_rovax_ui_desc","Localization duplicate needs review","localization/russian/dp_artifacts_l_russian.yml","localization/russian/mde_artifacts_l_russian.yml","2","2","AGOT More Dragon Eggs - Русификация | AGOT More Dragon Eggs | Исправления русификатора и совместимости"
"133","dragon_egg_neltharion_ui_desc","Localization duplicate needs review","localization/russian/dp_artifacts_l_russian.yml","localization/russian/mde_artifacts_l_russian.yml","2","2","AGOT More Dragon Eggs - Русификация | AGOT More Dragon Eggs | Исправления русификатора и совместимости"
"134","dragon_egg_pythax_ui_desc","Localization duplicate needs review","localization/russian/dp_artifacts_l_russian.yml","localization/russian/mde_artifacts_l_russian.yml","2","2","AGOT More Dragon Eggs - Русификация | AGOT More Dragon Eggs | Исправления русификатора и совместимости"
"135","dragon_egg_nagga_ui_desc","Localization duplicate needs review","localization/russian/dp_artifacts_l_russian.yml","localization/russian/mde_artifacts_l_russian.yml","2","2","AGOT More Dragon Eggs - Русификация | AGOT More Dragon Eggs | Исправления русификатора и совместимости"
"136","dragon_egg_urrax_ui_desc","Localization duplicate needs review","localization/russian/dp_artifacts_l_russian.yml","localization/russian/mde_artifacts_l_russian.yml","2","2","AGOT More Dragon Eggs - Русификация | AGOT More Dragon Eggs | Исправления русификатора и совместимости"
"137","dragon_egg_dragon_ancestor_1_ui_desc","Localization duplicate needs review","localization/russian/dp_artifacts_l_russian.yml","localization/russian/mde_artifacts_l_russian.yml","2","2","AGOT More Dragon Eggs - Русификация | AGOT More Dragon Eggs | Исправления русификатора и совместимости"
"138","dragon_egg_dragon_ancestor_2_ui_desc","Localization duplicate needs review","localization/russian/dp_artifacts_l_russian.yml","localization/russian/mde_artifacts_l_russian.yml","2","2","AGOT More Dragon Eggs - Русификация | AGOT More Dragon Eggs | Исправления русификатора и совместимости"
"139","dragon_egg_dragon_ancestor_3_ui_desc","Localization duplicate needs review","localization/russian/dp_artifacts_l_russian.yml","localization/russian/mde_artifacts_l_russian.yml","2","2","AGOT More Dragon Eggs - Русификация | AGOT More Dragon Eggs | Исправления русификатора и совместимости"
"140","dragon_egg_dragon_ancestor_4_ui_desc","Localization duplicate needs review","localization/russian/dp_artifacts_l_russian.yml","localization/russian/mde_artifacts_l_russian.yml","2","2","AGOT More Dragon Eggs - Русификация | AGOT More Dragon Eggs | Исправления русификатора и совместимости"
"141","dragon_egg_dragon_ancestor_5_ui_desc","Localization duplicate needs review","localization/russian/dp_artifacts_l_russian.yml","localization/russian/mde_artifacts_l_russian.yml","2","2","AGOT More Dragon Eggs - Русификация | AGOT More Dragon Eggs | Исправления русификатора и совместимости"
"142","dragon_egg_dragon_ancestor_6_ui_desc","Localization duplicate needs review","localization/russian/dp_artifacts_l_russian.yml","localization/russian/mde_artifacts_l_russian.yml","2","2","AGOT More Dragon Eggs - Русификация | AGOT More Dragon Eggs | Исправления русификатора и совместимости"
"143","agot_dragon_laid_clutch_1","Expected corrective localization override","localization/russian/more_dragon_eggs_decisions_l_russian.yml","localization/russian/agot/agot_memories_l_russian.yml","1","2","A Game of Thrones | Русификатор | AGOT More Dragon Eggs - Русификация | AGOT More Dragon Eggs | Исправления русификатора и совместимости"
"144","agot_laid_clutch_desc_1","Expected corrective localization override","localization/russian/more_dragon_eggs_decisions_l_russian.yml","localization/russian/agot/agot_memories_l_russian.yml","1","2","A Game of Thrones | Русификатор | AGOT More Dragon Eggs - Русификация | AGOT More Dragon Eggs | Исправления русификатора и совместимости"
"145","agot_laid_clutch_desc_second_perspective_1","Expected corrective localization override","localization/russian/more_dragon_eggs_decisions_l_russian.yml","localization/russian/agot/agot_memories_l_russian.yml","1","1","A Game of Thrones | Русификатор | AGOT More Dragon Eggs - Русификация | AGOT More Dragon Eggs | Исправления русификатора и совместимости"
"146","agot_laid_clutch_desc_third_perspective_1","Expected corrective localization override","localization/russian/more_dragon_eggs_decisions_l_russian.yml","localization/russian/agot/agot_memories_l_russian.yml","1","2","A Game of Thrones | Русификатор | AGOT More Dragon Eggs - Русификация | AGOT More Dragon Eggs | Исправления русификатора и совместимости"
"147","agot_dragon_laid_clutch_2","Expected corrective localization override","localization/russian/more_dragon_eggs_decisions_l_russian.yml","localization/russian/agot/agot_memories_l_russian.yml","1","2","A Game of Thrones | Русификатор | AGOT More Dragon Eggs - Русификация | AGOT More Dragon Eggs | Исправления русификатора и совместимости"
"148","agot_laid_clutch_desc_2","Expected corrective localization override","localization/russian/more_dragon_eggs_decisions_l_russian.yml","localization/russian/agot/agot_memories_l_russian.yml","1","2","A Game of Thrones | Русификатор | AGOT More Dragon Eggs - Русификация | AGOT More Dragon Eggs | Исправления русификатора и совместимости"
"149","agot_laid_clutch_desc_second_perspective_2","Expected corrective localization override","localization/russian/more_dragon_eggs_decisions_l_russian.yml","localization/russian/agot/agot_memories_l_russian.yml","1","1","A Game of Thrones | Русификатор | AGOT More Dragon Eggs - Русификация | AGOT More Dragon Eggs | Исправления русификатора и совместимости"
"150","agot_laid_clutch_desc_third_perspective_2","Expected corrective localization override","localization/russian/more_dragon_eggs_decisions_l_russian.yml","localization/russian/agot/agot_memories_l_russian.yml","1","2","A Game of Thrones | Русификатор | AGOT More Dragon Eggs - Русификация | AGOT More Dragon Eggs | Исправления русификатора и совместимости"
"151","agot_dragon_laid_clutch_3","Expected corrective localization override","localization/russian/more_dragon_eggs_decisions_l_russian.yml","localization/russian/agot/agot_memories_l_russian.yml","1","2","A Game of Thrones | Русификатор | AGOT More Dragon Eggs - Русификация | AGOT More Dragon Eggs | Исправления русификатора и совместимости"
"152","agot_laid_clutch_desc_3","Expected corrective localization override","localization/russian/more_dragon_eggs_decisions_l_russian.yml","localization/russian/agot/agot_memories_l_russian.yml","1","2","A Game of Thrones | Русификатор | AGOT More Dragon Eggs - Русификация | AGOT More Dragon Eggs | Исправления русификатора и совместимости"
"153","agot_laid_clutch_desc_second_perspective_3","Expected corrective localization override","localization/russian/more_dragon_eggs_decisions_l_russian.yml","localization/russian/agot/agot_memories_l_russian.yml","1","1","A Game of Thrones | Русификатор | AGOT More Dragon Eggs - Русификация | AGOT More Dragon Eggs | Исправления русификатора и совместимости"
"154","agot_laid_clutch_desc_third_perspective_3","Expected corrective localization override","localization/russian/more_dragon_eggs_decisions_l_russian.yml","localization/russian/agot/agot_memories_l_russian.yml","1","2","A Game of Thrones | Русификатор | AGOT More Dragon Eggs - Русификация | AGOT More Dragon Eggs | Исправления русификатора и совместимости"
"155","agot_dragon_laid_clutch_4","Expected corrective localization override","localization/russian/more_dragon_eggs_decisions_l_russian.yml","localization/russian/agot/agot_memories_l_russian.yml","1","2","A Game of Thrones | Русификатор | AGOT More Dragon Eggs - Русификация | AGOT More Dragon Eggs | Исправления русификатора и совместимости"
"156","agot_laid_clutch_desc_4","Expected corrective localization override","localization/russian/more_dragon_eggs_decisions_l_russian.yml","localization/russian/agot/agot_memories_l_russian.yml","1","2","A Game of Thrones | Русификатор | AGOT More Dragon Eggs - Русификация | AGOT More Dragon Eggs | Исправления русификатора и совместимости"
"157","agot_laid_clutch_desc_second_perspective_4","Expected corrective localization override","localization/russian/more_dragon_eggs_decisions_l_russian.yml","localization/russian/agot/agot_memories_l_russian.yml","1","2","A Game of Thrones | Русификатор | AGOT More Dragon Eggs - Русификация | AGOT More Dragon Eggs | Исправления русификатора и совместимости"
"158","agot_laid_clutch_desc_third_perspective_4","Expected corrective localization override","localization/russian/more_dragon_eggs_decisions_l_russian.yml","localization/russian/agot/agot_memories_l_russian.yml","1","2","A Game of Thrones | Русификатор | AGOT More Dragon Eggs - Русификация | AGOT More Dragon Eggs | Исправления русификатора и совместимости"
"159","agot_dragon_laid_clutch_5","Expected corrective localization override","localization/russian/more_dragon_eggs_decisions_l_russian.yml","localization/russian/agot/agot_memories_l_russian.yml","1","2","A Game of Thrones | Русификатор | AGOT More Dragon Eggs - Русификация | AGOT More Dragon Eggs | Исправления русификатора и совместимости"
"160","agot_laid_clutch_desc_5","Expected corrective localization override","localization/russian/more_dragon_eggs_decisions_l_russian.yml","localization/russian/agot/agot_memories_l_russian.yml","1","2","A Game of Thrones | Русификатор | AGOT More Dragon Eggs - Русификация | AGOT More Dragon Eggs | Исправления русификатора и совместимости"
"161","agot_laid_clutch_desc_second_perspective_5","Expected corrective localization override","localization/russian/more_dragon_eggs_decisions_l_russian.yml","localization/russian/agot/agot_memories_l_russian.yml","1","1","A Game of Thrones | Русификатор | AGOT More Dragon Eggs - Русификация | AGOT More Dragon Eggs | Исправления русификатора и совместимости"
"162","agot_laid_clutch_desc_third_perspective_5","Expected corrective localization override","localization/russian/more_dragon_eggs_decisions_l_russian.yml","localization/russian/agot/agot_memories_l_russian.yml","1","2","A Game of Thrones | Русификатор | AGOT More Dragon Eggs - Русификация | AGOT More Dragon Eggs | Исправления русификатора и совместимости"
"163","visenya_circlet_name","Reviewed same-object mod override","localization/russian/ntc_artifacts_l_russian.yml","localization/russian/agot/artifacts/agot_artifacts_l_russian.yml","0","2","A Game of Thrones | Русификатор | AGOT - Crowns of Westeros - Русификация"
"164","visenya_circlet_description","Reviewed same-object mod override","localization/russian/ntc_artifacts_l_russian.yml","localization/russian/agot/artifacts/agot_artifacts_l_russian.yml","0","2","A Game of Thrones | Русификатор | AGOT - Crowns of Westeros - Русификация"
"165","daemonblackfyre_crown_name","Reviewed same-object mod override","localization/russian/ntc_artifacts_l_russian.yml","localization/russian/agot/artifacts/agot_artifacts_l_russian.yml","0","2","A Game of Thrones | Русификатор | AGOT - Crowns of Westeros - Русификация"
"166","daemonblackfyre_crown_description","Reviewed same-object mod override","localization/russian/ntc_artifacts_l_russian.yml","localization/russian/agot/artifacts/agot_artifacts_l_russian.yml","0","2","A Game of Thrones | Русификатор | AGOT - Crowns of Westeros - Русификация"
"167","crown_of_gardener_war_iron_name","Reviewed same-object mod override","localization/russian/ntc_artifacts_l_russian.yml","localization/russian/agot/artifacts/agot_artifacts_l_russian.yml","0","2","A Game of Thrones | Русификатор | AGOT - Crowns of Westeros - Русификация"
"168","crown_of_gardener_war_iron_description","Reviewed same-object mod override","localization/russian/ntc_artifacts_l_russian.yml","localization/russian/agot/artifacts/agot_artifacts_l_russian.yml","0","2","A Game of Thrones | Русификатор | AGOT - Crowns of Westeros - Русификация"
"169","crown_of_westerling_name","Identical localization definitions","localization/russian/ntc_artifacts_l_russian.yml","localization/russian/agot/artifacts/agot_artifacts_l_russian.yml","0","1","A Game of Thrones | Русификатор | AGOT - Crowns of Westeros - Русификация"
"170","crown_of_westerling_description","Reviewed same-object mod override","localization/russian/ntc_artifacts_l_russian.yml","localization/russian/agot/artifacts/agot_artifacts_l_russian.yml","0","2","A Game of Thrones | Русификатор | AGOT - Crowns of Westeros - Русификация"
"171","agot_dragon_maintenance.0802.t","Reviewed same-object mod override","localization/russian/more_dragon_eggs_events_l_russian.yml","localization/russian/agot/event_localization/agot_dragon_maintenance_l_russian.yml","0","2","A Game of Thrones | Русификатор | AGOT More Dragon Eggs - Русификация"
"172","agot_dragon_maintenance.0802.desc","Reviewed same-object mod override","localization/russian/more_dragon_eggs_events_l_russian.yml","localization/russian/agot/event_localization/agot_dragon_maintenance_l_russian.yml","0","2","A Game of Thrones | Русификатор | AGOT More Dragon Eggs - Русификация"
"173","agot_filler_crownlands.0004.t","Expected corrective localization override","localization/russian/more_dragon_eggs_events_l_russian.yml","localization/russian/agot/event_localization/filler_events/agot_filler_events_crownlands_l_russian.yml","1","1","A Game of Thrones | Русификатор | AGOT More Dragon Eggs - Русификация | AGOT More Dragon Eggs | Исправления русификатора и совместимости"
"174","agot_filler_crownlands.0004.desc","Expected corrective localization override","localization/russian/more_dragon_eggs_events_l_russian.yml","localization/russian/agot/event_localization/filler_events/agot_filler_events_crownlands_l_russian.yml","1","2","A Game of Thrones | Русификатор | AGOT More Dragon Eggs - Русификация | AGOT More Dragon Eggs | Исправления русификатора и совместимости"
"175","agot_filler_crownlands.0004.a","Reviewed same-object mod override","localization/russian/more_dragon_eggs_events_l_russian.yml","localization/russian/agot/event_localization/filler_events/agot_filler_events_crownlands_l_russian.yml","0","2","A Game of Thrones | Русификатор | AGOT More Dragon Eggs - Русификация"
"176","agot_filler_crownlands.0004.tt","Expected corrective localization override","localization/russian/more_dragon_eggs_events_l_russian.yml","localization/russian/agot/event_localization/filler_events/agot_filler_events_crownlands_l_russian.yml","1","3","A Game of Thrones | Русификатор | AGOT More Dragon Eggs - Русификация | AGOT More Dragon Eggs | Исправления русификатора и совместимости"
"177","nagga_desc","Localization duplicate needs review","localization/russian/mde_artifacts_l_russian.yml","localization/russian/agot/gui/agot_travel_planner_window_l_russian.yml","0","2","A Game of Thrones | Русификатор | AGOT More Dragon Eggs - Русификация"
"178","PORTRAIT_MODIFIER_custom_headgear_crown_of_the_grey_king_rusted","Reviewed same-object mod override","localization/russian/agot_westeroscrowns_portrait_modifiers_l_russian.yml","localization/russian/agot/portraits/agot_portrait_modifiers_l_russian.yml","0","2","A Game of Thrones | Русификатор | AGOT - Crowns of Westeros - Русификация"
"179","PORTRAIT_MODIFIER_custom_headgear_female_crown_of_the_grey_king_rusted","Reviewed same-object mod override","localization/russian/agot_westeroscrowns_portrait_modifiers_l_russian.yml","localization/russian/agot/portraits/agot_portrait_modifiers_l_russian.yml","0","2","A Game of Thrones | Русификатор | AGOT - Crowns of Westeros - Русификация"
"180","PORTRAIT_MODIFIER_custom_headgear_crown_of_gardener_war_iron","Reviewed same-object mod override","localization/russian/agot_westeroscrowns_portrait_modifiers_l_russian.yml","localization/russian/agot/portraits/agot_portrait_modifiers_l_russian.yml","0","2","A Game of Thrones | Русификатор | AGOT - Crowns of Westeros - Русификация"
"181","PORTRAIT_MODIFIER_custom_headgear_female_crown_of_gardener_war_iron","Reviewed same-object mod override","localization/russian/agot_westeroscrowns_portrait_modifiers_l_russian.yml","localization/russian/agot/portraits/agot_portrait_modifiers_l_russian.yml","0","2","A Game of Thrones | Русификатор | AGOT - Crowns of Westeros - Русификация"
"182","artifact_vs_sword_1_name","Identical localization definitions","localization/russian/targ_artifacts_l_russian.yml","localization/russian/artifacts/targ_artifacts_l_russian.yml","0","1","Valyrian Steel | Valyrian Steel - Русификация"
"183","artifact_vs_sword_1_description","Expected external translation override","localization/russian/targ_artifacts_l_russian.yml","localization/russian/artifacts/targ_artifacts_l_russian.yml","0","2","Valyrian Steel | Valyrian Steel - Русификация"
"184","artifact_vs_sword_2_name","Identical localization definitions","localization/russian/targ_artifacts_l_russian.yml","localization/russian/artifacts/targ_artifacts_l_russian.yml","0","1","Valyrian Steel | Valyrian Steel - Русификация"
"185","artifact_vs_sword_2_description","Expected external translation override","localization/russian/targ_artifacts_l_russian.yml","localization/russian/artifacts/targ_artifacts_l_russian.yml","0","2","Valyrian Steel | Valyrian Steel - Русификация"
"186","artifact_vs_sword_3_name","Identical localization definitions","localization/russian/targ_artifacts_l_russian.yml","localization/russian/artifacts/targ_artifacts_l_russian.yml","0","1","Valyrian Steel | Valyrian Steel - Русификация"
"187","artifact_vs_sword_3_description","Expected external translation override","localization/russian/targ_artifacts_l_russian.yml","localization/russian/artifacts/targ_artifacts_l_russian.yml","0","2","Valyrian Steel | Valyrian Steel - Русификация"
"188","artifact_vs_sword_4_name","Identical localization definitions","localization/russian/targ_artifacts_l_russian.yml","localization/russian/artifacts/targ_artifacts_l_russian.yml","0","1","Valyrian Steel | Valyrian Steel - Русификация"
"189","artifact_vs_sword_4_description","Expected external translation override","localization/russian/targ_artifacts_l_russian.yml","localization/russian/artifacts/targ_artifacts_l_russian.yml","0","2","Valyrian Steel | Valyrian Steel - Русификация"
"190","artifact_vs_axe_name","Identical localization definitions","localization/russian/targ_artifacts_l_russian.yml","localization/russian/artifacts/targ_artifacts_l_russian.yml","0","1","Valyrian Steel | Valyrian Steel - Русификация"
"191","artifact_vs_axe_description","Expected external translation override","localization/russian/targ_artifacts_l_russian.yml","localization/russian/artifacts/targ_artifacts_l_russian.yml","0","2","Valyrian Steel | Valyrian Steel - Русификация"
"192","artifact_vs_mace_name","Identical localization definitions","localization/russian/targ_artifacts_l_russian.yml","localization/russian/artifacts/targ_artifacts_l_russian.yml","0","1","Valyrian Steel | Valyrian Steel - Русификация"
"193","artifact_vs_mace_description","Expected external translation override","localization/russian/targ_artifacts_l_russian.yml","localization/russian/artifacts/targ_artifacts_l_russian.yml","0","2","Valyrian Steel | Valyrian Steel - Русификация"
"194","artifact_vs_spear_1_name","Identical localization definitions","localization/russian/targ_artifacts_l_russian.yml","localization/russian/artifacts/targ_artifacts_l_russian.yml","0","1","Valyrian Steel | Valyrian Steel - Русификация"
"195","artifact_vs_spear_1_description","Expected external translation override","localization/russian/targ_artifacts_l_russian.yml","localization/russian/artifacts/targ_artifacts_l_russian.yml","0","2","Valyrian Steel | Valyrian Steel - Русификация"
"196","artifact_vs_dagger_1_name","Identical localization definitions","localization/russian/targ_artifacts_l_russian.yml","localization/russian/artifacts/targ_artifacts_l_russian.yml","0","1","Valyrian Steel | Valyrian Steel - Русификация"
"197","artifact_vs_dagger_1_description","Expected external translation override","localization/russian/targ_artifacts_l_russian.yml","localization/russian/artifacts/targ_artifacts_l_russian.yml","0","2","Valyrian Steel | Valyrian Steel - Русификация"
"198","artifact_vs_halberd_name","Identical localization definitions","localization/russian/targ_artifacts_l_russian.yml","localization/russian/artifacts/targ_artifacts_l_russian.yml","0","1","Valyrian Steel | Valyrian Steel - Русификация"
"199","artifact_vs_halberd_description","Expected external translation override","localization/russian/targ_artifacts_l_russian.yml","localization/russian/artifacts/targ_artifacts_l_russian.yml","0","2","Valyrian Steel | Valyrian Steel - Русификация"
"200","artifact_dragon_horn_name","Identical localization definitions","localization/russian/targ_artifacts_l_russian.yml","localization/russian/artifacts/targ_artifacts_l_russian.yml","0","1","Valyrian Steel | Valyrian Steel - Русификация"
"201","dragon_horn_desc","Expected external translation override","localization/russian/targ_artifacts_l_russian.yml","localization/russian/artifacts/targ_artifacts_l_russian.yml","0","2","Valyrian Steel | Valyrian Steel - Русификация"
"202","dragon_horn_end_desc","Expected external translation override","localization/russian/targ_artifacts_l_russian.yml","localization/russian/artifacts/targ_artifacts_l_russian.yml","0","2","Valyrian Steel | Valyrian Steel - Русификация"
"203","dragon_horn_silver_desc","Expected external translation override","localization/russian/targ_artifacts_l_russian.yml","localization/russian/artifacts/targ_artifacts_l_russian.yml","0","2","Valyrian Steel | Valyrian Steel - Русификация"
"204","dragon_horn_black_desc","Expected external translation override","localization/russian/targ_artifacts_l_russian.yml","localization/russian/artifacts/targ_artifacts_l_russian.yml","0","2","Valyrian Steel | Valyrian Steel - Русификация"
"205","dragon_horn_red_desc","Expected external translation override","localization/russian/targ_artifacts_l_russian.yml","localization/russian/artifacts/targ_artifacts_l_russian.yml","0","2","Valyrian Steel | Valyrian Steel - Русификация"
"206","dragon_horn_brown_desc","Expected external translation override","localization/russian/targ_artifacts_l_russian.yml","localization/russian/artifacts/targ_artifacts_l_russian.yml","0","2","Valyrian Steel | Valyrian Steel - Русификация"
"207","dragon_horn_blackGold_desc","Expected external translation override","localization/russian/targ_artifacts_l_russian.yml","localization/russian/artifacts/targ_artifacts_l_russian.yml","0","2","Valyrian Steel | Valyrian Steel - Русификация"
"208","dragon_horn_tan_desc","Expected external translation override","localization/russian/targ_artifacts_l_russian.yml","localization/russian/artifacts/targ_artifacts_l_russian.yml","0","2","Valyrian Steel | Valyrian Steel - Русификация"
"209","artifact_dragon_whip","Expected external translation override","localization/russian/targ_artifacts_l_russian.yml","localization/russian/artifacts/targ_artifacts_l_russian.yml","0","2","Valyrian Steel | Valyrian Steel - Русификация"
"210","artifact_dragon_whip_desc","Expected external translation override","localization/russian/targ_artifacts_l_russian.yml","localization/russian/artifacts/targ_artifacts_l_russian.yml","0","2","Valyrian Steel | Valyrian Steel - Русификация"
"211","artifact_valyrian_book","Identical localization definitions","localization/russian/targ_artifacts_l_russian.yml","localization/russian/artifacts/targ_artifacts_l_russian.yml","0","1","Valyrian Steel | Valyrian Steel - Русификация"
"212","valyrian_book_desc","Expected external translation override","localization/russian/targ_artifacts_l_russian.yml","localization/russian/artifacts/targ_artifacts_l_russian.yml","0","2","Valyrian Steel | Valyrian Steel - Русификация"
"213","artifact_vs_goblet_name","Identical localization definitions","localization/russian/targ_artifacts_l_russian.yml","localization/russian/artifacts/targ_artifacts_l_russian.yml","0","1","Valyrian Steel | Valyrian Steel - Русификация"
"214","artifact_vs_goblet","Identical localization definitions","localization/russian/targ_artifacts_l_russian.yml","localization/russian/artifacts/targ_artifacts_l_russian.yml","0","1","Valyrian Steel | Valyrian Steel - Русификация"
"215","artifact_vs_goblet_description","Expected external translation override","localization/russian/targ_artifacts_l_russian.yml","localization/russian/artifacts/targ_artifacts_l_russian.yml","0","2","Valyrian Steel | Valyrian Steel - Русификация"
"216","DIAnd1","Expected external translation override","localization/russian/custom_localization/DI_RUS_custom_loc_l_russian.yml","localization/russian/custom_localization/DI_custom_loc_l_russian.yml","0","2","Divine Intervention Cheat Menu | Divine Intervention CM [RUS]"
"217","DIAnd2","Identical localization definitions","localization/russian/custom_localization/DI_RUS_custom_loc_l_russian.yml","localization/russian/custom_localization/DI_custom_loc_l_russian.yml","0","1","Divine Intervention Cheat Menu | Divine Intervention CM [RUS]"
"218","DIOf1","Expected external translation override","localization/russian/custom_localization/DI_RUS_custom_loc_l_russian.yml","localization/russian/custom_localization/DI_custom_loc_l_russian.yml","0","2","Divine Intervention Cheat Menu | Divine Intervention CM [RUS]"
"219","DIOf2","Identical localization definitions","localization/russian/custom_localization/DI_RUS_custom_loc_l_russian.yml","localization/russian/custom_localization/DI_custom_loc_l_russian.yml","0","1","Divine Intervention Cheat Menu | Divine Intervention CM [RUS]"
"220","DI_primary_character_0","Expected external translation override","localization/russian/custom_localization/DI_RUS_custom_loc_l_russian.yml","localization/russian/custom_localization/DI_custom_loc_l_russian.yml","0","2","Divine Intervention Cheat Menu | Divine Intervention CM [RUS]"
"221","DI_primary_character_1","Identical localization definitions","localization/russian/custom_localization/DI_RUS_custom_loc_l_russian.yml","localization/russian/custom_localization/DI_custom_loc_l_russian.yml","0","1","Divine Intervention Cheat Menu | Divine Intervention CM [RUS]"
"222","DI_primary_character_2","Identical localization definitions","localization/russian/custom_localization/DI_RUS_custom_loc_l_russian.yml","localization/russian/custom_localization/DI_custom_loc_l_russian.yml","0","1","Divine Intervention Cheat Menu | Divine Intervention CM [RUS]"
"223","DI_secondary_character_0","Expected external translation override","localization/russian/custom_localization/DI_RUS_custom_loc_l_russian.yml","localization/russian/custom_localization/DI_custom_loc_l_russian.yml","0","2","Divine Intervention Cheat Menu | Divine Intervention CM [RUS]"
"224","DI_secondary_character_1","Identical localization definitions","localization/russian/custom_localization/DI_RUS_custom_loc_l_russian.yml","localization/russian/custom_localization/DI_custom_loc_l_russian.yml","0","1","Divine Intervention Cheat Menu | Divine Intervention CM [RUS]"
"225","DI_tertiary_character_0","Expected external translation override","localization/russian/custom_localization/DI_RUS_custom_loc_l_russian.yml","localization/russian/custom_localization/DI_custom_loc_l_russian.yml","0","2","Divine Intervention Cheat Menu | Divine Intervention CM [RUS]"
"226","DI_tertiary_character_1","Expected external translation override","localization/russian/custom_localization/DI_RUS_custom_loc_l_russian.yml","localization/russian/custom_localization/DI_custom_loc_l_russian.yml","0","2","Divine Intervention Cheat Menu | Divine Intervention CM [RUS]"
"227","DI_tertiary_character_2","Expected external translation override","localization/russian/custom_localization/DI_RUS_custom_loc_l_russian.yml","localization/russian/custom_localization/DI_custom_loc_l_russian.yml","0","2","Divine Intervention Cheat Menu | Divine Intervention CM [RUS]"
"228","DIAdopt","Expected external translation override","localization/russian/custom_localization/DI_RUS_custom_loc_l_russian.yml","localization/russian/custom_localization/DI_custom_loc_l_russian.yml","0","2","Divine Intervention Cheat Menu | Divine Intervention CM [RUS]"
"229","DIAdopts","Expected external translation override","localization/russian/custom_localization/DI_RUS_custom_loc_l_russian.yml","localization/russian/custom_localization/DI_custom_loc_l_russian.yml","0","2","Divine Intervention Cheat Menu | Divine Intervention CM [RUS]"
"230","DI_father_check_1","Expected external translation override","localization/russian/custom_localization/DI_RUS_custom_loc_l_russian.yml","localization/russian/custom_localization/DI_custom_loc_l_russian.yml","0","2","Divine Intervention Cheat Menu | Divine Intervention CM [RUS]"
"231","DI_father_check_2","Expected external translation override","localization/russian/custom_localization/DI_RUS_custom_loc_l_russian.yml","localization/russian/custom_localization/DI_custom_loc_l_russian.yml","0","2","Divine Intervention Cheat Menu | Divine Intervention CM [RUS]"
"232","DI_betrothed_check_1","Expected external translation override","localization/russian/custom_localization/DI_RUS_custom_loc_l_russian.yml","localization/russian/custom_localization/DI_custom_loc_l_russian.yml","0","2","Divine Intervention Cheat Menu | Divine Intervention CM [RUS]"
"233","DI_betrothed_check_2","Expected external translation override","localization/russian/custom_localization/DI_RUS_custom_loc_l_russian.yml","localization/russian/custom_localization/DI_custom_loc_l_russian.yml","0","2","Divine Intervention Cheat Menu | Divine Intervention CM [RUS]"
"234","DI_choose_primary_character","Expected external translation override","localization/russian/custom_localization/DI_RUS_custom_loc_l_russian.yml","localization/russian/custom_localization/DI_custom_loc_l_russian.yml","0","2","Divine Intervention Cheat Menu | Divine Intervention CM [RUS]"
"235","DI_choose_secondary_character","Expected external translation override","localization/russian/custom_localization/DI_RUS_custom_loc_l_russian.yml","localization/russian/custom_localization/DI_custom_loc_l_russian.yml","0","2","Divine Intervention Cheat Menu | Divine Intervention CM [RUS]"
"236","DI_choose_tertiary_character","Expected external translation override","localization/russian/custom_localization/DI_RUS_custom_loc_l_russian.yml","localization/russian/custom_localization/DI_custom_loc_l_russian.yml","0","2","Divine Intervention Cheat Menu | Divine Intervention CM [RUS]"
"237","DI_choose_primary_and_secondary_characters","Identical localization definitions","localization/russian/custom_localization/DI_RUS_custom_loc_l_russian.yml","localization/russian/custom_localization/DI_custom_loc_l_russian.yml","0","1","Divine Intervention Cheat Menu | Divine Intervention CM [RUS]"
"238","DI_choose_primary_and_tertiary_characters","Identical localization definitions","localization/russian/custom_localization/DI_RUS_custom_loc_l_russian.yml","localization/russian/custom_localization/DI_custom_loc_l_russian.yml","0","1","Divine Intervention Cheat Menu | Divine Intervention CM [RUS]"
"239","DI_adoption_triggered_desc_1","Expected external translation override","localization/russian/custom_localization/DI_RUS_custom_loc_l_russian.yml","localization/russian/custom_localization/DI_custom_loc_l_russian.yml","0","2","Divine Intervention Cheat Menu | Divine Intervention CM [RUS]"
"240","DI_adoption_triggered_desc_2","Expected external translation override","localization/russian/custom_localization/DI_RUS_custom_loc_l_russian.yml","localization/russian/custom_localization/DI_custom_loc_l_russian.yml","0","2","Divine Intervention Cheat Menu | Divine Intervention CM [RUS]"
"241","DI_adoption_triggered_desc_3","Expected external translation override","localization/russian/custom_localization/DI_RUS_custom_loc_l_russian.yml","localization/russian/custom_localization/DI_custom_loc_l_russian.yml","0","2","Divine Intervention Cheat Menu | Divine Intervention CM [RUS]"
"242","DI_adoption_triggered_desc_4","Expected external translation override","localization/russian/custom_localization/DI_RUS_custom_loc_l_russian.yml","localization/russian/custom_localization/DI_custom_loc_l_russian.yml","0","2","Divine Intervention Cheat Menu | Divine Intervention CM [RUS]"
"243","DI_adoption_triggered_desc_5","Expected external translation override","localization/russian/custom_localization/DI_RUS_custom_loc_l_russian.yml","localization/russian/custom_localization/DI_custom_loc_l_russian.yml","0","2","Divine Intervention Cheat Menu | Divine Intervention CM [RUS]"
"244","DI_adoption_house_triggered_desc_1","Expected external translation override","localization/russian/custom_localization/DI_RUS_custom_loc_l_russian.yml","localization/russian/custom_localization/DI_custom_loc_l_russian.yml","0","2","Divine Intervention Cheat Menu | Divine Intervention CM [RUS]"
"245","DI_cadet_branch_triggered_desc_1","Expected external translation override","localization/russian/custom_localization/DI_RUS_custom_loc_l_russian.yml","localization/russian/custom_localization/DI_custom_loc_l_russian.yml","0","2","Divine Intervention Cheat Menu | Divine Intervention CM [RUS]"
"246","DI_cadet_branch_triggered_desc_2","Expected external translation override","localization/russian/custom_localization/DI_RUS_custom_loc_l_russian.yml","localization/russian/custom_localization/DI_custom_loc_l_russian.yml","0","2","Divine Intervention Cheat Menu | Divine Intervention CM [RUS]"
"247","DI_cadet_branch_triggered_desc_3","Identical localization definitions","localization/russian/custom_localization/DI_RUS_custom_loc_l_russian.yml","localization/russian/custom_localization/DI_custom_loc_l_russian.yml","0","1","Divine Intervention Cheat Menu | Divine Intervention CM [RUS]"
"248","DI_pregnancy_triggered_desc_1","Expected external translation override","localization/russian/custom_localization/DI_RUS_custom_loc_l_russian.yml","localization/russian/custom_localization/DI_custom_loc_l_russian.yml","0","2","Divine Intervention Cheat Menu | Divine Intervention CM [RUS]"
"249","DI_pregnancy_triggered_desc_2","Expected external translation override","localization/russian/custom_localization/DI_RUS_custom_loc_l_russian.yml","localization/russian/custom_localization/DI_custom_loc_l_russian.yml","0","2","Divine Intervention Cheat Menu | Divine Intervention CM [RUS]"
"250","DI_pregnancy_triggered_desc_3","Expected external translation override","localization/russian/custom_localization/DI_RUS_custom_loc_l_russian.yml","localization/russian/custom_localization/DI_custom_loc_l_russian.yml","0","2","Divine Intervention Cheat Menu | Divine Intervention CM [RUS]"
"251","DI_set_real_father_triggered_desc_1","Expected external translation override","localization/russian/custom_localization/DI_RUS_custom_loc_l_russian.yml","localization/russian/custom_localization/DI_custom_loc_l_russian.yml","0","2","Divine Intervention Cheat Menu | Divine Intervention CM [RUS]"
"252","DI_set_real_father_triggered_desc_2","Expected external translation override","localization/russian/custom_localization/DI_RUS_custom_loc_l_russian.yml","localization/russian/custom_localization/DI_custom_loc_l_russian.yml","0","2","Divine Intervention Cheat Menu | Divine Intervention CM [RUS]"
"253","DI_set_real_father_triggered_desc_3","Expected external translation override","localization/russian/custom_localization/DI_RUS_custom_loc_l_russian.yml","localization/russian/custom_localization/DI_custom_loc_l_russian.yml","0","2","Divine Intervention Cheat Menu | Divine Intervention CM [RUS]"
"254","DI_set_father_as_real_father_triggered_desc_1","Expected external translation override","localization/russian/custom_localization/DI_RUS_custom_loc_l_russian.yml","localization/russian/custom_localization/DI_custom_loc_l_russian.yml","0","2","Divine Intervention Cheat Menu | Divine Intervention CM [RUS]"
"255","DI_set_father_as_real_father_triggered_desc_2","Expected external translation override","localization/russian/custom_localization/DI_RUS_custom_loc_l_russian.yml","localization/russian/custom_localization/DI_custom_loc_l_russian.yml","0","2","Divine Intervention Cheat Menu | Divine Intervention CM [RUS]"
"256","DI_marry_triggered_desc_1","Expected external translation override","localization/russian/custom_localization/DI_RUS_custom_loc_l_russian.yml","localization/russian/custom_localization/DI_custom_loc_l_russian.yml","0","2","Divine Intervention Cheat Menu | Divine Intervention CM [RUS]"
"257","DI_marry_triggered_desc_2","Expected external translation override","localization/russian/custom_localization/DI_RUS_custom_loc_l_russian.yml","localization/russian/custom_localization/DI_custom_loc_l_russian.yml","0","2","Divine Intervention Cheat Menu | Divine Intervention CM [RUS]"
"258","DI_marry_triggered_desc_3","Identical localization definitions","localization/russian/custom_localization/DI_RUS_custom_loc_l_russian.yml","localization/russian/custom_localization/DI_custom_loc_l_russian.yml","0","1","Divine Intervention Cheat Menu | Divine Intervention CM [RUS]"
"259","DI_add_concubine_triggered_desc_1","Expected external translation override","localization/russian/custom_localization/DI_RUS_custom_loc_l_russian.yml","localization/russian/custom_localization/DI_custom_loc_l_russian.yml","0","2","Divine Intervention Cheat Menu | Divine Intervention CM [RUS]"
"260","DI_add_concubine_triggered_desc_2","Expected external translation override","localization/russian/custom_localization/DI_RUS_custom_loc_l_russian.yml","localization/russian/custom_localization/DI_custom_loc_l_russian.yml","0","2","Divine Intervention Cheat Menu | Divine Intervention CM [RUS]"
"261","DI_add_concubine_triggered_desc_3","Expected external translation override","localization/russian/custom_localization/DI_RUS_custom_loc_l_russian.yml","localization/russian/custom_localization/DI_custom_loc_l_russian.yml","0","2","Divine Intervention Cheat Menu | Divine Intervention CM [RUS]"
"262","DI_add_concubine_triggered_desc_4","Expected external translation override","localization/russian/custom_localization/DI_RUS_custom_loc_l_russian.yml","localization/russian/custom_localization/DI_custom_loc_l_russian.yml","0","2","Divine Intervention Cheat Menu | Divine Intervention CM [RUS]"
"263","DI_add_concubine_triggered_desc_5","Expected external translation override","localization/russian/custom_localization/DI_RUS_custom_loc_l_russian.yml","localization/russian/custom_localization/DI_custom_loc_l_russian.yml","0","2","Divine Intervention Cheat Menu | Divine Intervention CM [RUS]"
"264","DI_remove_concubine_triggered_desc_1","Expected external translation override","localization/russian/custom_localization/DI_RUS_custom_loc_l_russian.yml","localization/russian/custom_localization/DI_custom_loc_l_russian.yml","0","2","Divine Intervention Cheat Menu | Divine Intervention CM [RUS]"
"265","DI_betrothal_triggered_desc_1","Expected external translation override","localization/russian/custom_localization/DI_RUS_custom_loc_l_russian.yml","localization/russian/custom_localization/DI_custom_loc_l_russian.yml","0","2","Divine Intervention Cheat Menu | Divine Intervention CM [RUS]"
"266","DI_betrothal_triggered_desc_2","Expected external translation override","localization/russian/custom_localization/DI_RUS_custom_loc_l_russian.yml","localization/russian/custom_localization/DI_custom_loc_l_russian.yml","0","2","Divine Intervention Cheat Menu | Divine Intervention CM [RUS]"
"267","DI_break_betrothal_triggered_desc_1","Expected external translation override","localization/russian/custom_localization/DI_RUS_custom_loc_l_russian.yml","localization/russian/custom_localization/DI_custom_loc_l_russian.yml","0","2","Divine Intervention Cheat Menu | Divine Intervention CM [RUS]"
"268","DI_divorce_triggered_desc_1","Expected external translation override","localization/russian/custom_localization/DI_RUS_custom_loc_l_russian.yml","localization/russian/custom_localization/DI_custom_loc_l_russian.yml","0","2","Divine Intervention Cheat Menu | Divine Intervention CM [RUS]"
"269","DI_make_siblings_triggered_desc_1","Expected external translation override","localization/russian/custom_localization/DI_RUS_custom_loc_l_russian.yml","localization/russian/custom_localization/DI_custom_loc_l_russian.yml","0","2","Divine Intervention Cheat Menu | Divine Intervention CM [RUS]"
"270","DI_make_siblings_triggered_desc_2","Expected external translation override","localization/russian/custom_localization/DI_RUS_custom_loc_l_russian.yml","localization/russian/custom_localization/DI_custom_loc_l_russian.yml","0","2","Divine Intervention Cheat Menu | Divine Intervention CM [RUS]"
"271","DI_make_siblings_triggered_desc_3","Expected external translation override","localization/russian/custom_localization/DI_RUS_custom_loc_l_russian.yml","localization/russian/custom_localization/DI_custom_loc_l_russian.yml","0","2","Divine Intervention Cheat Menu | Divine Intervention CM [RUS]"
"272","DI_button_tt","Expected corrective localization override","localization/russian/gui/DI_RUS_l_russian.yml","localization/russian/gui/DI_l_russian.yml","1","1","Divine Intervention AGOT | Русификатор | Divine Intervention Cheat Menu | Divine Intervention CM [RUS]"
"273","DI_VIEW_TITLE","Expected corrective localization override","localization/russian/gui/DI_RUS_l_russian.yml","localization/russian/gui/DI_l_russian.yml","1","1","Divine Intervention AGOT | Русификатор | Divine Intervention Cheat Menu | Divine Intervention CM [RUS]"
"274","DI_loading","Expected corrective localization override","localization/russian/gui/DI_RUS_l_russian.yml","localization/russian/gui/DI_l_russian.yml","1","2","Divine Intervention AGOT | Русификатор | Divine Intervention Cheat Menu | Divine Intervention CM [RUS]"
"275","DI_char_editor_tt","Expected corrective localization override","localization/russian/gui/DI_RUS_l_russian.yml","localization/russian/gui/DI_l_russian.yml","1","2","Divine Intervention AGOT | Русификатор | Divine Intervention Cheat Menu | Divine Intervention CM [RUS]"
"276","DI_pinned_characters_tt","Expected corrective localization override","localization/russian/gui/DI_RUS_l_russian.yml","localization/russian/gui/DI_l_russian.yml","1","2","Divine Intervention AGOT | Русификатор | Divine Intervention Cheat Menu | Divine Intervention CM [RUS]"
"277","DI_char_spawner_tt","Expected corrective localization override","localization/russian/gui/DI_RUS_l_russian.yml","localization/russian/gui/DI_l_russian.yml","1","2","Divine Intervention AGOT | Русификатор | Divine Intervention Cheat Menu | Divine Intervention CM [RUS]"
"278","DI_army_spawner_tt","Expected corrective localization override","localization/russian/gui/DI_RUS_l_russian.yml","localization/russian/gui/DI_l_russian.yml","1","2","Divine Intervention AGOT | Русификатор | Divine Intervention Cheat Menu | Divine Intervention CM [RUS]"
"279","DI_diplomacy_tt","Expected corrective localization override","localization/russian/gui/DI_RUS_l_russian.yml","localization/russian/gui/DI_l_russian.yml","1","2","Divine Intervention AGOT | Русификатор | Divine Intervention Cheat Menu | Divine Intervention CM [RUS]"
"280","DI_artifact_creator_tt","Expected corrective localization override","localization/russian/gui/DI_RUS_l_russian.yml","localization/russian/gui/DI_l_russian.yml","1","2","Divine Intervention AGOT | Русификатор | Divine Intervention Cheat Menu | Divine Intervention CM [RUS]"
"281","DI_cultural_editor_window","Expected corrective localization override","localization/russian/gui/DI_RUS_l_russian.yml","localization/russian/gui/DI_l_russian.yml","1","2","Divine Intervention AGOT | Русификатор | Divine Intervention Cheat Menu | Divine Intervention CM [RUS]"
"282","DI_cultural_editor_window_tt","Expected corrective localization override","localization/russian/gui/DI_RUS_l_russian.yml","localization/russian/gui/DI_l_russian.yml","1","2","Divine Intervention AGOT | Русификатор | Divine Intervention Cheat Menu | Divine Intervention CM [RUS]"
"283","DI_faith_editor_window","Expected corrective localization override","localization/russian/gui/DI_RUS_l_russian.yml","localization/russian/gui/DI_l_russian.yml","1","2","Divine Intervention AGOT | Русификатор | Divine Intervention Cheat Menu | Divine Intervention CM [RUS]"
"284","DI_faith_editor_window_tt","Expected corrective localization override","localization/russian/gui/DI_RUS_l_russian.yml","localization/russian/gui/DI_l_russian.yml","1","2","Divine Intervention AGOT | Русификатор | Divine Intervention Cheat Menu | Divine Intervention CM [RUS]"
"285","DI_debug_mode","Expected corrective localization override","localization/russian/gui/DI_RUS_l_russian.yml","localization/russian/gui/DI_l_russian.yml","1","2","Divine Intervention AGOT | Русификатор | Divine Intervention Cheat Menu | Divine Intervention CM [RUS]"
"286","DI_debug_mode_tt","Expected corrective localization override","localization/russian/gui/DI_RUS_l_russian.yml","localization/russian/gui/DI_l_russian.yml","1","2","Divine Intervention AGOT | Русификатор | Divine Intervention Cheat Menu | Divine Intervention CM [RUS]"
"287","DI_clear_pins","Expected corrective localization override","localization/russian/gui/DI_RUS_l_russian.yml","localization/russian/gui/DI_l_russian.yml","1","2","Divine Intervention AGOT | Русификатор | Divine Intervention Cheat Menu | Divine Intervention CM [RUS]"
"288","DI_clear_pins_tt","Expected corrective localization override","localization/russian/gui/DI_RUS_l_russian.yml","localization/russian/gui/DI_l_russian.yml","1","2","Divine Intervention AGOT | Русификатор | Divine Intervention Cheat Menu | Divine Intervention CM [RUS]"
"289","DI_test_button","Expected corrective localization override","localization/russian/gui/DI_RUS_l_russian.yml","localization/russian/gui/DI_l_russian.yml","1","2","Divine Intervention AGOT | Русификатор | Divine Intervention Cheat Menu | Divine Intervention CM [RUS]"
"290","DI_test_button_tt","Expected corrective localization override","localization/russian/gui/DI_RUS_l_russian.yml","localization/russian/gui/DI_l_russian.yml","1","2","Divine Intervention AGOT | Русификатор | Divine Intervention Cheat Menu | Divine Intervention CM [RUS]"
"291","DI_char_editor","Expected corrective localization override","localization/russian/gui/DI_RUS_l_russian.yml","localization/russian/gui/DI_l_russian.yml","1","2","Divine Intervention AGOT | Русификатор | Divine Intervention Cheat Menu | Divine Intervention CM [RUS]"
"292","DI_tab_presents","Expected corrective localization override","localization/russian/gui/DI_RUS_l_russian.yml","localization/russian/gui/DI_l_russian.yml","1","2","Divine Intervention AGOT | Русификатор | Divine Intervention Cheat Menu | Divine Intervention CM [RUS]"
"293","DI_tab_skills","Expected corrective localization override","localization/russian/gui/DI_RUS_l_russian.yml","localization/russian/gui/DI_l_russian.yml","1","2","Divine Intervention AGOT | Русификатор | Divine Intervention Cheat Menu | Divine Intervention CM [RUS]"
"294","DI_tab_perk_points","Expected corrective localization override","localization/russian/gui/DI_RUS_l_russian.yml","localization/russian/gui/DI_l_russian.yml","1","2","Divine Intervention AGOT | Русификатор | Divine Intervention Cheat Menu | Divine Intervention CM [RUS]"
"295","DI_tab_modifiers","Expected corrective localization override","localization/russian/gui/DI_RUS_l_russian.yml","localization/russian/gui/DI_l_russian.yml","1","2","Divine Intervention AGOT | Русификатор | Divine Intervention Cheat Menu | Divine Intervention CM [RUS]"
"296","DI_tab_traits","Expected corrective localization override","localization/russian/gui/DI_RUS_l_russian.yml","localization/russian/gui/DI_l_russian.yml","1","2","Divine Intervention AGOT | Русификатор | Divine Intervention Cheat Menu | Divine Intervention CM [RUS]"
"297","DI_tab_sexuality","Expected corrective localization override","localization/russian/gui/DI_RUS_l_russian.yml","localization/russian/gui/DI_l_russian.yml","1","2","Divine Intervention AGOT | Русификатор | Divine Intervention Cheat Menu | Divine Intervention CM [RUS]"
"298","DI_tab_culture","Expected corrective localization override","localization/russian/gui/DI_RUS_l_russian.yml","localization/russian/gui/DI_l_russian.yml","1","2","Divine Intervention AGOT | Русификатор | Divine Intervention Cheat Menu | Divine Intervention CM [RUS]"
"299","DI_tab_religion","Expected corrective localization override","localization/russian/gui/DI_RUS_l_russian.yml","localization/russian/gui/DI_l_russian.yml","1","2","Divine Intervention AGOT | Русификатор | Divine Intervention Cheat Menu | Divine Intervention CM [RUS]"
"300","DI_present_char_editor","Expected corrective localization override","localization/russian/gui/DI_RUS_l_russian.yml","localization/russian/gui/DI_l_russian.yml","1","2","Divine Intervention AGOT | Русификатор | Divine Intervention Cheat Menu | Divine Intervention CM [RUS]"
"301","DI_present_char_editor_TT","Expected corrective localization override","localization/russian/gui/DI_RUS_l_russian.yml","localization/russian/gui/DI_l_russian.yml","1","2","Divine Intervention AGOT | Русификатор | Divine Intervention Cheat Menu | Divine Intervention CM [RUS]"
"302","DI_skill_char_editor","Expected corrective localization override","localization/russian/gui/DI_RUS_l_russian.yml","localization/russian/gui/DI_l_russian.yml","1","2","Divine Intervention AGOT | Русификатор | Divine Intervention Cheat Menu | Divine Intervention CM [RUS]"
"303","DI_skill_char_editor_TT","Expected corrective localization override","localization/russian/gui/DI_RUS_l_russian.yml","localization/russian/gui/DI_l_russian.yml","1","2","Divine Intervention AGOT | Русификатор | Divine Intervention Cheat Menu | Divine Intervention CM [RUS]"
"304","DI_perk_point_char_editor","Expected corrective localization override","localization/russian/gui/DI_RUS_l_russian.yml","localization/russian/gui/DI_l_russian.yml","1","2","Divine Intervention AGOT | Русификатор | Divine Intervention Cheat Menu | Divine Intervention CM [RUS]"
"305","DI_modifiers_char_editor","Expected corrective localization override","localization/russian/gui/DI_RUS_l_russian.yml","localization/russian/gui/DI_l_russian.yml","1","2","Divine Intervention AGOT | Русификатор | Divine Intervention Cheat Menu | Divine Intervention CM [RUS]"
"306","DI_modifiers_char_editor_TT","Expected corrective localization override","localization/russian/gui/DI_RUS_l_russian.yml","localization/russian/gui/DI_l_russian.yml","1","2","Divine Intervention AGOT | Русификатор | Divine Intervention Cheat Menu | Divine Intervention CM [RUS]"
"307","DI_traits_char_editor","Expected corrective localization override","localization/russian/gui/DI_RUS_l_russian.yml","localization/russian/gui/DI_l_russian.yml","1","2","Divine Intervention AGOT | Русификатор | Divine Intervention Cheat Menu | Divine Intervention CM [RUS]"
"308","DI_traits_char_editor_TT","Expected corrective localization override","localization/russian/gui/DI_RUS_l_russian.yml","localization/russian/gui/DI_l_russian.yml","1","2","Divine Intervention AGOT | Русификатор | Divine Intervention Cheat Menu | Divine Intervention CM [RUS]"
"309","DI_clear_all_traits","Expected corrective localization override","localization/russian/gui/DI_RUS_l_russian.yml","localization/russian/gui/DI_l_russian.yml","1","2","Divine Intervention AGOT | Русификатор | Divine Intervention Cheat Menu | Divine Intervention CM [RUS]"
"310","DI_sexuality_char_editor","Expected corrective localization override","localization/russian/gui/DI_RUS_l_russian.yml","localization/russian/gui/DI_l_russian.yml","1","2","Divine Intervention AGOT | Русификатор | Divine Intervention Cheat Menu | Divine Intervention CM [RUS]"
"311","DI_sexuality_char_editor_TT","Expected corrective localization override","localization/russian/gui/DI_RUS_l_russian.yml","localization/russian/gui/DI_l_russian.yml","1","2","Divine Intervention AGOT | Русификатор | Divine Intervention Cheat Menu | Divine Intervention CM [RUS]"
"312","DI_culture_group_char_editor","Expected corrective localization override","localization/russian/gui/DI_RUS_l_russian.yml","localization/russian/gui/DI_l_russian.yml","1","2","Divine Intervention AGOT | Русификатор | Divine Intervention Cheat Menu | Divine Intervention CM [RUS]"
"313","DI_culture_group_char_editor_TT","Expected corrective localization override","localization/russian/gui/DI_RUS_l_russian.yml","localization/russian/gui/DI_l_russian.yml","1","2","Divine Intervention AGOT | Русификатор | Divine Intervention Cheat Menu | Divine Intervention CM [RUS]"
"314","DI_religion_group_char_editor","Expected corrective localization override","localization/russian/gui/DI_RUS_l_russian.yml","localization/russian/gui/DI_l_russian.yml","1","2","Divine Intervention AGOT | Русификатор | Divine Intervention Cheat Menu | Divine Intervention CM [RUS]"
"315","DI_religion_group_char_editor_TT","Expected corrective localization override","localization/russian/gui/DI_RUS_l_russian.yml","localization/russian/gui/DI_l_russian.yml","1","2","Divine Intervention AGOT | Русификатор | Divine Intervention Cheat Menu | Divine Intervention CM [RUS]"
"316","DI_char_editor_present","Expected corrective localization override","localization/russian/gui/DI_RUS_l_russian.yml","localization/russian/gui/DI_l_russian.yml","1","2","Divine Intervention AGOT | Русификатор | Divine Intervention Cheat Menu | Divine Intervention CM [RUS]"
"317","DI_tab_lifestyle","Expected corrective localization override","localization/russian/gui/DI_RUS_l_russian.yml","localization/russian/gui/DI_l_russian.yml","1","2","Divine Intervention AGOT | Русификатор | Divine Intervention Cheat Menu | Divine Intervention CM [RUS]"
"318","DI_tab_health","Expected corrective localization override","localization/russian/gui/DI_RUS_l_russian.yml","localization/russian/gui/DI_l_russian.yml","1","2","Divine Intervention AGOT | Русификатор | Divine Intervention Cheat Menu | Divine Intervention CM [RUS]"
"319","DI_tab_innovations","Expected corrective localization override","localization/russian/gui/DI_RUS_l_russian.yml","localization/russian/gui/DI_l_russian.yml","1","2","Divine Intervention AGOT | Русификатор | Divine Intervention Cheat Menu | Divine Intervention CM [RUS]"
"320","DI_tab_laws","Expected corrective localization override","localization/russian/gui/DI_RUS_l_russian.yml","localization/russian/gui/DI_l_russian.yml","1","2","Divine Intervention AGOT | Русификатор | Divine Intervention Cheat Menu | Divine Intervention CM [RUS]"
"321","DI_generic_window_choose","Expected corrective localization override","localization/russian/gui/DI_RUS_l_russian.yml","localization/russian/gui/DI_l_russian.yml","1","2","Divine Intervention AGOT | Русификатор | Divine Intervention Cheat Menu | Divine Intervention CM [RUS]"
"322","DI_choose_present","Expected corrective localization override","localization/russian/gui/DI_RUS_l_russian.yml","localization/russian/gui/DI_l_russian.yml","1","2","Divine Intervention AGOT | Русификатор | Divine Intervention Cheat Menu | Divine Intervention CM [RUS]"
"323","DI_present_lifestyle","Expected corrective localization override","localization/russian/gui/DI_RUS_l_russian.yml","localization/russian/gui/DI_l_russian.yml","1","2","Divine Intervention AGOT | Русификатор | Divine Intervention Cheat Menu | Divine Intervention CM [RUS]"
"324","DI_present_lifestyle_TT","Expected corrective localization override","localization/russian/gui/DI_RUS_l_russian.yml","localization/russian/gui/DI_l_russian.yml","1","2","Divine Intervention AGOT | Русификатор | Divine Intervention Cheat Menu | Divine Intervention CM [RUS]"
"325","DI_present_health","Expected corrective localization override","localization/russian/gui/DI_RUS_l_russian.yml","localization/russian/gui/DI_l_russian.yml","1","2","Divine Intervention AGOT | Русификатор | Divine Intervention Cheat Menu | Divine Intervention CM [RUS]"
"326","DI_present_health_TT","Expected corrective localization override","localization/russian/gui/DI_RUS_l_russian.yml","localization/russian/gui/DI_l_russian.yml","1","2","Divine Intervention AGOT | Русификатор | Divine Intervention Cheat Menu | Divine Intervention CM [RUS]"
"327","DI_present_traits","Expected corrective localization override","localization/russian/gui/DI_RUS_l_russian.yml","localization/russian/gui/DI_l_russian.yml","1","2","Divine Intervention AGOT | Русификатор | Divine Intervention Cheat Menu | Divine Intervention CM [RUS]"
"328","DI_present_traits_TT","Expected corrective localization override","localization/russian/gui/DI_RUS_l_russian.yml","localization/russian/gui/DI_l_russian.yml","1","2","Divine Intervention AGOT | Русификатор | Divine Intervention Cheat Menu | Divine Intervention CM [RUS]"
"329","DI_present_laws","Expected corrective localization override","localization/russian/gui/DI_RUS_l_russian.yml","localization/russian/gui/DI_l_russian.yml","1","2","Divine Intervention AGOT | Русификатор | Divine Intervention Cheat Menu | Divine Intervention CM [RUS]"
"330","DI_present_laws_TT","Expected corrective localization override","localization/russian/gui/DI_RUS_l_russian.yml","localization/russian/gui/DI_l_russian.yml","1","2","Divine Intervention AGOT | Русификатор | Divine Intervention Cheat Menu | Divine Intervention CM [RUS]"
"331","DI_ce_eliminate_health_issues_button","Expected corrective localization override","localization/russian/gui/DI_RUS_l_russian.yml","localization/russian/gui/DI_l_russian.yml","1","2","Divine Intervention AGOT | Русификатор | Divine Intervention Cheat Menu | Divine Intervention CM [RUS]"
"332","DI_ce_eliminate_health_issues_button_tt","Expected corrective localization override","localization/russian/gui/DI_RUS_l_russian.yml","localization/russian/gui/DI_l_russian.yml","1","2","Divine Intervention AGOT | Русификатор | Divine Intervention Cheat Menu | Divine Intervention CM [RUS]"
"333","DI_ce_good_genes_button","Expected corrective localization override","localization/russian/gui/DI_RUS_l_russian.yml","localization/russian/gui/DI_l_russian.yml","1","2","Divine Intervention AGOT | Русификатор | Divine Intervention Cheat Menu | Divine Intervention CM [RUS]"
"334","DI_ce_good_genes_button_tt","Expected corrective localization override","localization/russian/gui/DI_RUS_l_russian.yml","localization/russian/gui/DI_l_russian.yml","1","2","Divine Intervention AGOT | Русификатор | Divine Intervention Cheat Menu | Divine Intervention CM [RUS]"
"335","DI_ce_bad_genes_button","Expected corrective localization override","localization/russian/gui/DI_RUS_l_russian.yml","localization/russian/gui/DI_l_russian.yml","1","2","Divine Intervention AGOT | Русификатор | Divine Intervention Cheat Menu | Divine Intervention CM [RUS]"
"336","DI_ce_bad_genes_button_tt","Expected corrective localization override","localization/russian/gui/DI_RUS_l_russian.yml","localization/russian/gui/DI_l_russian.yml","1","2","Divine Intervention AGOT | Русификатор | Divine Intervention Cheat Menu | Divine Intervention CM [RUS]"
"337","DI_ce_lock_stress_button","Expected corrective localization override","localization/russian/gui/DI_RUS_l_russian.yml","localization/russian/gui/DI_l_russian.yml","1","2","Divine Intervention AGOT | Русификатор | Divine Intervention Cheat Menu | Divine Intervention CM [RUS]"
"338","DI_ce_lock_stress_button_tt","Expected corrective localization override","localization/russian/gui/DI_RUS_l_russian.yml","localization/russian/gui/DI_l_russian.yml","1","2","Divine Intervention AGOT | Русификатор | Divine Intervention Cheat Menu | Divine Intervention CM [RUS]"
"339","DI_ce_lock_tyranny_button","Expected corrective localization override","localization/russian/gui/DI_RUS_l_russian.yml","localization/russian/gui/DI_l_russian.yml","1","2","Divine Intervention AGOT | Русификатор | Divine Intervention Cheat Menu | Divine Intervention CM [RUS]"
"340","DI_ce_lock_tyranny_button_tt","Expected corrective localization override","localization/russian/gui/DI_RUS_l_russian.yml","localization/russian/gui/DI_l_russian.yml","1","2","Divine Intervention AGOT | Русификатор | Divine Intervention Cheat Menu | Divine Intervention CM [RUS]"
"341","DI_ce_lock_dread_button","Expected corrective localization override","localization/russian/gui/DI_RUS_l_russian.yml","localization/russian/gui/DI_l_russian.yml","1","2","Divine Intervention AGOT | Русификатор | Divine Intervention Cheat Menu | Divine Intervention CM [RUS]"
"342","DI_ce_lock_dread_button_tt","Expected corrective localization override","localization/russian/gui/DI_RUS_l_russian.yml","localization/russian/gui/DI_l_russian.yml","1","2","Divine Intervention AGOT | Русификатор | Divine Intervention Cheat Menu | Divine Intervention CM [RUS]"
"343","DI_present_health_eliminate_issues","Expected corrective localization override","localization/russian/gui/DI_RUS_l_russian.yml","localization/russian/gui/DI_l_russian.yml","1","2","Divine Intervention AGOT | Русификатор | Divine Intervention Cheat Menu | Divine Intervention CM [RUS]"
"344","DI_present_health_eliminate_issues_TT","Expected corrective localization override","localization/russian/gui/DI_RUS_l_russian.yml","localization/russian/gui/DI_l_russian.yml","1","2","Divine Intervention AGOT | Русификатор | Divine Intervention Cheat Menu | Divine Intervention CM [RUS]"
"345","DI_present_health_good_genes","Expected corrective localization override","localization/russian/gui/DI_RUS_l_russian.yml","localization/russian/gui/DI_l_russian.yml","1","2","Divine Intervention AGOT | Русификатор | Divine Intervention Cheat Menu | Divine Intervention CM [RUS]"
"346","DI_present_health_good_genes_TT","Expected corrective localization override","localization/russian/gui/DI_RUS_l_russian.yml","localization/russian/gui/DI_l_russian.yml","1","2","Divine Intervention AGOT | Русификатор | Divine Intervention Cheat Menu | Divine Intervention CM [RUS]"
"347","DI_present_health_bad_genes","Expected corrective localization override","localization/russian/gui/DI_RUS_l_russian.yml","localization/russian/gui/DI_l_russian.yml","1","2","Divine Intervention AGOT | Русификатор | Divine Intervention Cheat Menu | Divine Intervention CM [RUS]"
"348","DI_present_health_bad_genes_TT","Expected corrective localization override","localization/russian/gui/DI_RUS_l_russian.yml","localization/russian/gui/DI_l_russian.yml","1","2","Divine Intervention AGOT | Русификатор | Divine Intervention Cheat Menu | Divine Intervention CM [RUS]"
"349","DI_present_health_no_stress_change","Expected corrective localization override","localization/russian/gui/DI_RUS_l_russian.yml","localization/russian/gui/DI_l_russian.yml","1","2","Divine Intervention AGOT | Русификатор | Divine Intervention Cheat Menu | Divine Intervention CM [RUS]"
"350","DI_present_health_no_stress_change_TT","Expected corrective localization override","localization/russian/gui/DI_RUS_l_russian.yml","localization/russian/gui/DI_l_russian.yml","1","2","Divine Intervention AGOT | Русификатор | Divine Intervention Cheat Menu | Divine Intervention CM [RUS]"
"351","DI_present_health_no_tyranny_change","Expected corrective localization override","localization/russian/gui/DI_RUS_l_russian.yml","localization/russian/gui/DI_l_russian.yml","1","2","Divine Intervention AGOT | Русификатор | Divine Intervention Cheat Menu | Divine Intervention CM [RUS]"
"352","DI_present_health_no_tyranny_change_TT","Expected corrective localization override","localization/russian/gui/DI_RUS_l_russian.yml","localization/russian/gui/DI_l_russian.yml","1","2","Divine Intervention AGOT | Русификатор | Divine Intervention Cheat Menu | Divine Intervention CM [RUS]"
"353","DI_present_health_no_dread_change","Expected corrective localization override","localization/russian/gui/DI_RUS_l_russian.yml","localization/russian/gui/DI_l_russian.yml","1","2","Divine Intervention AGOT | Русификатор | Divine Intervention Cheat Menu | Divine Intervention CM [RUS]"
"354","DI_present_health_no_dread_change_TT","Expected corrective localization override","localization/russian/gui/DI_RUS_l_russian.yml","localization/russian/gui/DI_l_russian.yml","1","2","Divine Intervention AGOT | Русификатор | Divine Intervention Cheat Menu | Divine Intervention CM [RUS]"
"355","DI_ce_randomize_personality_button","Expected corrective localization override","localization/russian/gui/DI_RUS_l_russian.yml","localization/russian/gui/DI_l_russian.yml","1","2","Divine Intervention AGOT | Русификатор | Divine Intervention Cheat Menu | Divine Intervention CM [RUS]"
"356","DI_ce_randomize_personality_button_tt","Expected corrective localization override","localization/russian/gui/DI_RUS_l_russian.yml","localization/russian/gui/DI_l_russian.yml","1","2","Divine Intervention AGOT | Русификатор | Divine Intervention Cheat Menu | Divine Intervention CM [RUS]"
"357","DI_ce_special_traits_button","Expected corrective localization override","localization/russian/gui/DI_RUS_l_russian.yml","localization/russian/gui/DI_l_russian.yml","1","2","Divine Intervention AGOT | Русификатор | Divine Intervention Cheat Menu | Divine Intervention CM [RUS]"
"358","DI_ce_special_traits_button_tt","Expected corrective localization override","localization/russian/gui/DI_RUS_l_russian.yml","localization/russian/gui/DI_l_russian.yml","1","2","Divine Intervention AGOT | Русификатор | Divine Intervention Cheat Menu | Divine Intervention CM [RUS]"
"359","DI_ce_commander_traits_button","Expected corrective localization override","localization/russian/gui/DI_RUS_l_russian.yml","localization/russian/gui/DI_l_russian.yml","1","2","Divine Intervention AGOT | Русификатор | Divine Intervention Cheat Menu | Divine Intervention CM [RUS]"
"360","DI_ce_commander_traits_button_tt","Expected corrective localization override","localization/russian/gui/DI_RUS_l_russian.yml","localization/russian/gui/DI_l_russian.yml","1","2","Divine Intervention AGOT | Русификатор | Divine Intervention Cheat Menu | Divine Intervention CM [RUS]"
"361","DI_ce_education_traits_button","Expected corrective localization override","localization/russian/gui/DI_RUS_l_russian.yml","localization/russian/gui/DI_l_russian.yml","1","2","Divine Intervention AGOT | Русификатор | Divine Intervention Cheat Menu | Divine Intervention CM [RUS]"
"362","DI_ce_education_traits_button_tt","Expected corrective localization override","localization/russian/gui/DI_RUS_l_russian.yml","localization/russian/gui/DI_l_russian.yml","1","2","Divine Intervention AGOT | Русификатор | Divine Intervention Cheat Menu | Divine Intervention CM [RUS]"
"363","DI_ce_boost_education_button","Expected corrective localization override","localization/russian/gui/DI_RUS_l_russian.yml","localization/russian/gui/DI_l_russian.yml","1","2","Divine Intervention AGOT | Русификатор | Divine Intervention Cheat Menu | Divine Intervention CM [RUS]"
"364","DI_ce_boost_education_button_tt","Expected corrective localization override","localization/russian/gui/DI_RUS_l_russian.yml","localization/russian/gui/DI_l_russian.yml","1","2","Divine Intervention AGOT | Русификатор | Divine Intervention Cheat Menu | Divine Intervention CM [RUS]"
"365","DI_ce_aggressive_traits_button","Expected corrective localization override","localization/russian/gui/DI_RUS_l_russian.yml","localization/russian/gui/DI_l_russian.yml","1","2","Divine Intervention AGOT | Русификатор | Divine Intervention Cheat Menu | Divine Intervention CM [RUS]"
"366","DI_ce_aggressive_traits_button_tt","Expected corrective localization override","localization/russian/gui/DI_RUS_l_russian.yml","localization/russian/gui/DI_l_russian.yml","1","2","Divine Intervention AGOT | Русификатор | Divine Intervention Cheat Menu | Divine Intervention CM [RUS]"
"367","DI_ce_timid_traits_button","Expected corrective localization override","localization/russian/gui/DI_RUS_l_russian.yml","localization/russian/gui/DI_l_russian.yml","1","2","Divine Intervention AGOT | Русификатор | Divine Intervention Cheat Menu | Divine Intervention CM [RUS]"
"368","DI_ce_timid_traits_button_tt","Expected corrective localization override","localization/russian/gui/DI_RUS_l_russian.yml","localization/russian/gui/DI_l_russian.yml","1","2","Divine Intervention AGOT | Русификатор | Divine Intervention Cheat Menu | Divine Intervention CM [RUS]"
"369","DI_ce_correct_personality_button","Expected corrective localization override","localization/russian/gui/DI_RUS_l_russian.yml","localization/russian/gui/DI_l_russian.yml","1","2","Divine Intervention AGOT | Русификатор | Divine Intervention Cheat Menu | Divine Intervention CM [RUS]"
"370","DI_ce_correct_personality_button_tt","Expected corrective localization override","localization/russian/gui/DI_RUS_l_russian.yml","localization/russian/gui/DI_l_russian.yml","1","2","Divine Intervention AGOT | Русификатор | Divine Intervention Cheat Menu | Divine Intervention CM [RUS]"
"371","DI_ce_giant_traits_button","Expected corrective localization override","localization/russian/gui/DI_RUS_l_russian.yml","localization/russian/gui/DI_l_russian.yml","1","2","Divine Intervention AGOT | Русификатор | Divine Intervention Cheat Menu | Divine Intervention CM [RUS]"
"372","DI_ce_giant_traits_button_tt","Expected corrective localization override","localization/russian/gui/DI_RUS_l_russian.yml","localization/russian/gui/DI_l_russian.yml","1","2","Divine Intervention AGOT | Русификатор | Divine Intervention Cheat Menu | Divine Intervention CM [RUS]"
"373","DI_ce_dwarf_traits_button","Expected corrective localization override","localization/russian/gui/DI_RUS_l_russian.yml","localization/russian/gui/DI_l_russian.yml","1","2","Divine Intervention AGOT | Русификатор | Divine Intervention Cheat Menu | Divine Intervention CM [RUS]"
"374","DI_ce_dwarf_traits_button_tt","Expected corrective localization override","localization/russian/gui/DI_RUS_l_russian.yml","localization/russian/gui/DI_l_russian.yml","1","2","Divine Intervention AGOT | Русификатор | Divine Intervention Cheat Menu | Divine Intervention CM [RUS]"
"375","DI_ce_albino_traits_button","Expected corrective localization override","localization/russian/gui/DI_RUS_l_russian.yml","localization/russian/gui/DI_l_russian.yml","1","2","Divine Intervention AGOT | Русификатор | Divine Intervention Cheat Menu | Divine Intervention CM [RUS]"
"376","DI_ce_albino_traits_button_tt","Expected corrective localization override","localization/russian/gui/DI_RUS_l_russian.yml","localization/russian/gui/DI_l_russian.yml","1","2","Divine Intervention AGOT | Русификатор | Divine Intervention Cheat Menu | Divine Intervention CM [RUS]"
"377","DI_present_traits_randomize","Expected corrective localization override","localization/russian/gui/DI_RUS_l_russian.yml","localization/russian/gui/DI_l_russian.yml","1","2","Divine Intervention AGOT | Русификатор | Divine Intervention Cheat Menu | Divine Intervention CM [RUS]"
"378","DI_present_traits_randomize_TT","Expected corrective localization override","localization/russian/gui/DI_RUS_l_russian.yml","localization/russian/gui/DI_l_russian.yml","1","2","Divine Intervention AGOT | Русификатор | Divine Intervention Cheat Menu | Divine Intervention CM [RUS]"
"379","DI_present_traits_special","Expected corrective localization override","localization/russian/gui/DI_RUS_l_russian.yml","localization/russian/gui/DI_l_russian.yml","1","2","Divine Intervention AGOT | Русификатор | Divine Intervention Cheat Menu | Divine Intervention CM [RUS]"
"380","DI_present_traits_special_TT","Expected corrective localization override","localization/russian/gui/DI_RUS_l_russian.yml","localization/russian/gui/DI_l_russian.yml","1","2","Divine Intervention AGOT | Русификатор | Divine Intervention Cheat Menu | Divine Intervention CM [RUS]"
"381","DI_present_traits_commander","Expected corrective localization override","localization/russian/gui/DI_RUS_l_russian.yml","localization/russian/gui/DI_l_russian.yml","1","2","Divine Intervention AGOT | Русификатор | Divine Intervention Cheat Menu | Divine Intervention CM [RUS]"
"382","DI_present_traits_commander_TT","Expected corrective localization override","localization/russian/gui/DI_RUS_l_russian.yml","localization/russian/gui/DI_l_russian.yml","1","2","Divine Intervention AGOT | Русификатор | Divine Intervention Cheat Menu | Divine Intervention CM [RUS]"
"383","DI_present_traits_giant","Expected corrective localization override","localization/russian/gui/DI_RUS_l_russian.yml","localization/russian/gui/DI_l_russian.yml","1","2","Divine Intervention AGOT | Русификатор | Divine Intervention Cheat Menu | Divine Intervention CM [RUS]"
"384","DI_present_traits_giant_TT","Expected corrective localization override","localization/russian/gui/DI_RUS_l_russian.yml","localization/russian/gui/DI_l_russian.yml","1","2","Divine Intervention AGOT | Русификатор | Divine Intervention Cheat Menu | Divine Intervention CM [RUS]"
"385","DI_present_traits_midget","Expected corrective localization override","localization/russian/gui/DI_RUS_l_russian.yml","localization/russian/gui/DI_l_russian.yml","1","2","Divine Intervention AGOT | Русификатор | Divine Intervention Cheat Menu | Divine Intervention CM [RUS]"
"386","DI_present_traits_midget_TT","Expected corrective localization override","localization/russian/gui/DI_RUS_l_russian.yml","localization/russian/gui/DI_l_russian.yml","1","2","Divine Intervention AGOT | Русификатор | Divine Intervention Cheat Menu | Divine Intervention CM [RUS]"
"387","DI_present_traits_ghostly","Expected corrective localization override","localization/russian/gui/DI_RUS_l_russian.yml","localization/russian/gui/DI_l_russian.yml","1","2","Divine Intervention AGOT | Русификатор | Divine Intervention Cheat Menu | Divine Intervention CM [RUS]"
"388","DI_present_traits_ghostly_TT","Expected corrective localization override","localization/russian/gui/DI_RUS_l_russian.yml","localization/russian/gui/DI_l_russian.yml","1","2","Divine Intervention AGOT | Русификатор | Divine Intervention Cheat Menu | Divine Intervention CM [RUS]"
"389","DI_ce_gender_equality_button","Expected corrective localization override","localization/russian/gui/DI_RUS_l_russian.yml","localization/russian/gui/DI_l_russian.yml","1","2","Divine Intervention AGOT | Русификатор | Divine Intervention Cheat Menu | Divine Intervention CM [RUS]"
"390","DI_ce_gender_equality_button_tt","Expected corrective localization override","localization/russian/gui/DI_RUS_l_russian.yml","localization/russian/gui/DI_l_russian.yml","1","2","Divine Intervention AGOT | Русификатор | Divine Intervention Cheat Menu | Divine Intervention CM [RUS]"
"391","DI_ce_inverse_genders_button","Expected corrective localization override","localization/russian/gui/DI_RUS_l_russian.yml","localization/russian/gui/DI_l_russian.yml","1","2","Divine Intervention AGOT | Русификатор | Divine Intervention Cheat Menu | Divine Intervention CM [RUS]"
"392","DI_ce_inverse_genders_button_tt","Expected corrective localization override","localization/russian/gui/DI_RUS_l_russian.yml","localization/russian/gui/DI_l_russian.yml","1","2","Divine Intervention AGOT | Русификатор | Divine Intervention Cheat Menu | Divine Intervention CM [RUS]"
"393","DI_ce_female_dominated_button","Expected corrective localization override","localization/russian/gui/DI_RUS_l_russian.yml","localization/russian/gui/DI_l_russian.yml","1","2","Divine Intervention AGOT | Русификатор | Divine Intervention Cheat Menu | Divine Intervention CM [RUS]"
"394","DI_ce_female_dominated_button_tt","Expected corrective localization override","localization/russian/gui/DI_RUS_l_russian.yml","localization/russian/gui/DI_l_russian.yml","1","2","Divine Intervention AGOT | Русификатор | Divine Intervention Cheat Menu | Divine Intervention CM [RUS]"
"395","DI_ce_male_dominated_button","Expected corrective localization override","localization/russian/gui/DI_RUS_l_russian.yml","localization/russian/gui/DI_l_russian.yml","1","2","Divine Intervention AGOT | Русификатор | Divine Intervention Cheat Menu | Divine Intervention CM [RUS]"
"396","DI_ce_male_dominated_button_tt","Expected corrective localization override","localization/russian/gui/DI_RUS_l_russian.yml","localization/russian/gui/DI_l_russian.yml","1","2","Divine Intervention AGOT | Русификатор | Divine Intervention Cheat Menu | Divine Intervention CM [RUS]"
"397","DI_ce_temporal_hof_button","Expected corrective localization override","localization/russian/gui/DI_RUS_l_russian.yml","localization/russian/gui/DI_l_russian.yml","1","2","Divine Intervention AGOT | Русификатор | Divine Intervention Cheat Menu | Divine Intervention CM [RUS]"
"398","DI_ce_temporal_hof_button_tt","Expected corrective localization override","localization/russian/gui/DI_RUS_l_russian.yml","localization/russian/gui/DI_l_russian.yml","1","2","Divine Intervention AGOT | Русификатор | Divine Intervention Cheat Menu | Divine Intervention CM [RUS]"
"399","DI_present_laws_gender_equality","Expected corrective localization override","localization/russian/gui/DI_RUS_l_russian.yml","localization/russian/gui/DI_l_russian.yml","1","2","Divine Intervention AGOT | Русификатор | Divine Intervention Cheat Menu | Divine Intervention CM [RUS]"
"400","DI_present_laws_gender_equality_TT","Expected corrective localization override","localization/russian/gui/DI_RUS_l_russian.yml","localization/russian/gui/DI_l_russian.yml","1","2","Divine Intervention AGOT | Русификатор | Divine Intervention Cheat Menu | Divine Intervention CM [RUS]"
"401","DI_present_laws_gender_inverse","Expected corrective localization override","localization/russian/gui/DI_RUS_l_russian.yml","localization/russian/gui/DI_l_russian.yml","1","2","Divine Intervention AGOT | Русификатор | Divine Intervention Cheat Menu | Divine Intervention CM [RUS]"
"402","DI_present_laws_gender_inverse_TT","Expected corrective localization override","localization/russian/gui/DI_RUS_l_russian.yml","localization/russian/gui/DI_l_russian.yml","1","2","Divine Intervention AGOT | Русификатор | Divine Intervention Cheat Menu | Divine Intervention CM [RUS]"
"403","DI_present_laws_gender_female_dominated","Expected corrective localization override","localization/russian/gui/DI_RUS_l_russian.yml","localization/russian/gui/DI_l_russian.yml","1","2","Divine Intervention AGOT | Русификатор | Divine Intervention Cheat Menu | Divine Intervention CM [RUS]"
"404","DI_present_laws_gender_female_dominated_TT","Expected corrective localization override","localization/russian/gui/DI_RUS_l_russian.yml","localization/russian/gui/DI_l_russian.yml","1","2","Divine Intervention AGOT | Русификатор | Divine Intervention Cheat Menu | Divine Intervention CM [RUS]"
"405","DI_present_laws_gender_male_dominated","Expected corrective localization override","localization/russian/gui/DI_RUS_l_russian.yml","localization/russian/gui/DI_l_russian.yml","1","2","Divine Intervention AGOT | Русификатор | Divine Intervention Cheat Menu | Divine Intervention CM [RUS]"
"406","DI_present_laws_gender_male_dominated_TT","Expected corrective localization override","localization/russian/gui/DI_RUS_l_russian.yml","localization/russian/gui/DI_l_russian.yml","1","2","Divine Intervention AGOT | Русификатор | Divine Intervention Cheat Menu | Divine Intervention CM [RUS]"
"407","DI_ce_tab_titles","Expected corrective localization override","localization/russian/gui/DI_RUS_l_russian.yml","localization/russian/gui/DI_l_russian.yml","1","2","Divine Intervention AGOT | Русификатор | Divine Intervention Cheat Menu | Divine Intervention CM [RUS]"
"408","DI_ce_tab_crown_authority","Expected corrective localization override","localization/russian/gui/DI_RUS_l_russian.yml","localization/russian/gui/DI_l_russian.yml","1","2","Divine Intervention AGOT | Русификатор | Divine Intervention Cheat Menu | Divine Intervention CM [RUS]"
"409","DI_ce_take_realm_titles_button","Expected corrective localization override","localization/russian/gui/DI_RUS_l_russian.yml","localization/russian/gui/DI_l_russian.yml","1","2","Divine Intervention AGOT | Русификатор | Divine Intervention Cheat Menu | Divine Intervention CM [RUS]"
"410","DI_ce_take_realm_titles_button_tt","Expected corrective localization override","localization/russian/gui/DI_RUS_l_russian.yml","localization/russian/gui/DI_l_russian.yml","1","2","Divine Intervention AGOT | Русификатор | Divine Intervention Cheat Menu | Divine Intervention CM [RUS]"
"411","DI_ce_take_sub_realm_titles_button","Expected corrective localization override","localization/russian/gui/DI_RUS_l_russian.yml","localization/russian/gui/DI_l_russian.yml","1","2","Divine Intervention AGOT | Русификатор | Divine Intervention Cheat Menu | Divine Intervention CM [RUS]"
"412","DI_ce_take_sub_realm_titles_button_tt","Expected corrective localization override","localization/russian/gui/DI_RUS_l_russian.yml","localization/russian/gui/DI_l_russian.yml","1","2","Divine Intervention AGOT | Русификатор | Divine Intervention Cheat Menu | Divine Intervention CM [RUS]"
"413","DI_ce_take_vassal_titles_button","Expected corrective localization override","localization/russian/gui/DI_RUS_l_russian.yml","localization/russian/gui/DI_l_russian.yml","1","2","Divine Intervention AGOT | Русификатор | Divine Intervention Cheat Menu | Divine Intervention CM [RUS]"
"414","DI_ce_take_vassal_titles_button_tt","Expected corrective localization override","localization/russian/gui/DI_RUS_l_russian.yml","localization/russian/gui/DI_l_russian.yml","1","2","Divine Intervention AGOT | Русификатор | Divine Intervention Cheat Menu | Divine Intervention CM [RUS]"
"415","DI_ce_take_personal_titles_button","Expected corrective localization override","localization/russian/gui/DI_RUS_l_russian.yml","localization/russian/gui/DI_l_russian.yml","1","2","Divine Intervention AGOT | Русификатор | Divine Intervention Cheat Menu | Divine Intervention CM [RUS]"
"416","DI_ce_take_personal_titles_button_tt","Expected corrective localization override","localization/russian/gui/DI_RUS_l_russian.yml","localization/russian/gui/DI_l_russian.yml","1","2","Divine Intervention AGOT | Русификатор | Divine Intervention Cheat Menu | Divine Intervention CM [RUS]"
"417","DI_ce_take_primary_title_button","Expected corrective localization override","localization/russian/gui/DI_RUS_l_russian.yml","localization/russian/gui/DI_l_russian.yml","1","2","Divine Intervention AGOT | Русификатор | Divine Intervention Cheat Menu | Divine Intervention CM [RUS]"
"418","DI_ce_take_primary_title_button_tt","Expected corrective localization override","localization/russian/gui/DI_RUS_l_russian.yml","localization/russian/gui/DI_l_russian.yml","1","2","Divine Intervention AGOT | Русификатор | Divine Intervention Cheat Menu | Divine Intervention CM [RUS]"
"419","DI_ce_crown_authority_1_button","Expected corrective localization override","localization/russian/gui/DI_RUS_l_russian.yml","localization/russian/gui/DI_l_russian.yml","1","2","Divine Intervention AGOT | Русификатор | Divine Intervention Cheat Menu | Divine Intervention CM [RUS]"
"420","DI_ce_crown_authority_1_button_tt","Expected corrective localization override","localization/russian/gui/DI_RUS_l_russian.yml","localization/russian/gui/DI_l_russian.yml","1","2","Divine Intervention AGOT | Русификатор | Divine Intervention Cheat Menu | Divine Intervention CM [RUS]"
"421","DI_ce_crown_authority_2_button","Expected corrective localization override","localization/russian/gui/DI_RUS_l_russian.yml","localization/russian/gui/DI_l_russian.yml","1","2","Divine Intervention AGOT | Русификатор | Divine Intervention Cheat Menu | Divine Intervention CM [RUS]"
"422","DI_ce_crown_authority_2_button_tt","Expected corrective localization override","localization/russian/gui/DI_RUS_l_russian.yml","localization/russian/gui/DI_l_russian.yml","1","2","Divine Intervention AGOT | Русификатор | Divine Intervention Cheat Menu | Divine Intervention CM [RUS]"
"423","DI_ce_crown_authority_3_button","Expected corrective localization override","localization/russian/gui/DI_RUS_l_russian.yml","localization/russian/gui/DI_l_russian.yml","1","2","Divine Intervention AGOT | Русификатор | Divine Intervention Cheat Menu | Divine Intervention CM [RUS]"
"424","DI_ce_crown_authority_3_button_tt","Expected corrective localization override","localization/russian/gui/DI_RUS_l_russian.yml","localization/russian/gui/DI_l_russian.yml","1","2","Divine Intervention AGOT | Русификатор | Divine Intervention Cheat Menu | Divine Intervention CM [RUS]"
"425","DI_ce_crown_authority_4_button","Expected corrective localization override","localization/russian/gui/DI_RUS_l_russian.yml","localization/russian/gui/DI_l_russian.yml","1","2","Divine Intervention AGOT | Русификатор | Divine Intervention Cheat Menu | Divine Intervention CM [RUS]"
"426","DI_ce_crown_authority_4_button_tt","Expected corrective localization override","localization/russian/gui/DI_RUS_l_russian.yml","localization/russian/gui/DI_l_russian.yml","1","2","Divine Intervention AGOT | Русификатор | Divine Intervention Cheat Menu | Divine Intervention CM [RUS]"
"427","DI_skills","Expected corrective localization override","localization/russian/gui/DI_RUS_l_russian.yml","localization/russian/gui/DI_l_russian.yml","1","2","Divine Intervention AGOT | Русификатор | Divine Intervention Cheat Menu | Divine Intervention CM [RUS]"
"428","DI_skill_diplomacy_tt","Expected corrective localization override","localization/russian/gui/DI_RUS_l_russian.yml","localization/russian/gui/DI_l_russian.yml","1","2","Divine Intervention AGOT | Русификатор | Divine Intervention Cheat Menu | Divine Intervention CM [RUS]"
"429","DI_skill_martial_tt","Expected corrective localization override","localization/russian/gui/DI_RUS_l_russian.yml","localization/russian/gui/DI_l_russian.yml","1","2","Divine Intervention AGOT | Русификатор | Divine Intervention Cheat Menu | Divine Intervention CM [RUS]"
"430","DI_skill_stewardship_tt","Expected corrective localization override","localization/russian/gui/DI_RUS_l_russian.yml","localization/russian/gui/DI_l_russian.yml","1","2","Divine Intervention AGOT | Русификатор | Divine Intervention Cheat Menu | Divine Intervention CM [RUS]"
"431","DI_skill_intrigue_tt","Expected corrective localization override","localization/russian/gui/DI_RUS_l_russian.yml","localization/russian/gui/DI_l_russian.yml","1","2","Divine Intervention AGOT | Русификатор | Divine Intervention Cheat Menu | Divine Intervention CM [RUS]"
"432","DI_skill_learning_tt","Expected corrective localization override","localization/russian/gui/DI_RUS_l_russian.yml","localization/russian/gui/DI_l_russian.yml","1","2","Divine Intervention AGOT | Русификатор | Divine Intervention Cheat Menu | Divine Intervention CM [RUS]"
"433","DI_skill_prowess_tt","Expected corrective localization override","localization/russian/gui/DI_RUS_l_russian.yml","localization/russian/gui/DI_l_russian.yml","1","2","Divine Intervention AGOT | Русификатор | Divine Intervention Cheat Menu | Divine Intervention CM [RUS]"
"434","DI_perk_points","Expected corrective localization override","localization/russian/gui/DI_RUS_l_russian.yml","localization/russian/gui/DI_l_russian.yml","1","2","Divine Intervention AGOT | Русификатор | Divine Intervention Cheat Menu | Divine Intervention CM [RUS]"
"435","DI_diplomacy_node","Expected corrective localization override","localization/russian/gui/DI_RUS_l_russian.yml","localization/russian/gui/DI_l_russian.yml","1","2","Divine Intervention AGOT | Русификатор | Divine Intervention Cheat Menu | Divine Intervention CM [RUS]"
"436","DI_perk_point_diplomacy_tt","Expected corrective localization override","localization/russian/gui/DI_RUS_l_russian.yml","localization/russian/gui/DI_l_russian.yml","1","2","Divine Intervention AGOT | Русификатор | Divine Intervention Cheat Menu | Divine Intervention CM [RUS]"
"437","DI_martial_node","Expected corrective localization override","localization/russian/gui/DI_RUS_l_russian.yml","localization/russian/gui/DI_l_russian.yml","1","2","Divine Intervention AGOT | Русификатор | Divine Intervention Cheat Menu | Divine Intervention CM [RUS]"
"438","DI_perk_point_martial_tt","Expected corrective localization override","localization/russian/gui/DI_RUS_l_russian.yml","localization/russian/gui/DI_l_russian.yml","1","2","Divine Intervention AGOT | Русификатор | Divine Intervention Cheat Menu | Divine Intervention CM [RUS]"
"439","DI_stewardship_node","Expected corrective localization override","localization/russian/gui/DI_RUS_l_russian.yml","localization/russian/gui/DI_l_russian.yml","1","2","Divine Intervention AGOT | Русификатор | Divine Intervention Cheat Menu | Divine Intervention CM [RUS]"
"440","DI_perk_point_stewardship_tt","Expected corrective localization override","localization/russian/gui/DI_RUS_l_russian.yml","localization/russian/gui/DI_l_russian.yml","1","2","Divine Intervention AGOT | Русификатор | Divine Intervention Cheat Menu | Divine Intervention CM [RUS]"
"441","DI_intrigue_node","Expected corrective localization override","localization/russian/gui/DI_RUS_l_russian.yml","localization/russian/gui/DI_l_russian.yml","1","2","Divine Intervention AGOT | Русификатор | Divine Intervention Cheat Menu | Divine Intervention CM [RUS]"
"442","DI_perk_point_intrigue_tt","Expected corrective localization override","localization/russian/gui/DI_RUS_l_russian.yml","localization/russian/gui/DI_l_russian.yml","1","2","Divine Intervention AGOT | Русификатор | Divine Intervention Cheat Menu | Divine Intervention CM [RUS]"
"443","DI_learning_node","Expected corrective localization override","localization/russian/gui/DI_RUS_l_russian.yml","localization/russian/gui/DI_l_russian.yml","1","2","Divine Intervention AGOT | Русификатор | Divine Intervention Cheat Menu | Divine Intervention CM [RUS]"
"444","DI_perk_point_learning_tt","Expected corrective localization override","localization/russian/gui/DI_RUS_l_russian.yml","localization/russian/gui/DI_l_russian.yml","1","2","Divine Intervention AGOT | Русификатор | Divine Intervention Cheat Menu | Divine Intervention CM [RUS]"
"445","DI_perk_point_tt","Expected corrective localization override","localization/russian/gui/DI_RUS_l_russian.yml","localization/russian/gui/DI_l_russian.yml","1","2","Divine Intervention AGOT | Русификатор | Divine Intervention Cheat Menu | Divine Intervention CM [RUS]"
"446","DI_ce_lifestyle_button","Expected corrective localization override","localization/russian/gui/DI_RUS_l_russian.yml","localization/russian/gui/DI_l_russian.yml","1","2","Divine Intervention AGOT | Русификатор | Divine Intervention Cheat Menu | Divine Intervention CM [RUS]"
"447","DI_ce_lifestyle_button_tt","Expected corrective localization override","localization/russian/gui/DI_RUS_l_russian.yml","localization/russian/gui/DI_l_russian.yml","1","2","Divine Intervention AGOT | Русификатор | Divine Intervention Cheat Menu | Divine Intervention CM [RUS]"
"448","DI_ce_all_lifestyle_button","Expected corrective localization override","localization/russian/gui/DI_RUS_l_russian.yml","localization/russian/gui/DI_l_russian.yml","1","2","Divine Intervention AGOT | Русификатор | Divine Intervention Cheat Menu | Divine Intervention CM [RUS]"
"449","DI_ce_all_lifestyle_button_tt","Expected corrective localization override","localization/russian/gui/DI_RUS_l_russian.yml","localization/russian/gui/DI_l_russian.yml","1","2","Divine Intervention AGOT | Русификатор | Divine Intervention Cheat Menu | Divine Intervention CM [RUS]"
"450","DI_modifiers","Expected corrective localization override","localization/russian/gui/DI_RUS_l_russian.yml","localization/russian/gui/DI_l_russian.yml","1","2","Divine Intervention AGOT | Русификатор | Divine Intervention Cheat Menu | Divine Intervention CM [RUS]"
"451","DI_modifier_maa_type","Expected corrective localization override","localization/russian/gui/DI_RUS_l_russian.yml","localization/russian/gui/DI_l_russian.yml","1","2","Divine Intervention AGOT | Русификатор | Divine Intervention Cheat Menu | Divine Intervention CM [RUS]"
"452","DI_clear_modifiers","Expected corrective localization override","localization/russian/gui/DI_RUS_l_russian.yml","localization/russian/gui/DI_l_russian.yml","1","2","Divine Intervention AGOT | Русификатор | Divine Intervention Cheat Menu | Divine Intervention CM [RUS]"
"453","DI_clear_modifiers_tt","Expected corrective localization override","localization/russian/gui/DI_RUS_l_russian.yml","localization/russian/gui/DI_l_russian.yml","1","2","Divine Intervention AGOT | Русификатор | Divine Intervention Cheat Menu | Divine Intervention CM [RUS]"
"454","DI_ce_tab_prestige","Expected corrective localization override","localization/russian/gui/DI_RUS_l_russian.yml","localization/russian/gui/DI_l_russian.yml","1","2","Divine Intervention AGOT | Русификатор | Divine Intervention Cheat Menu | Divine Intervention CM [RUS]"
"455","DI_ce_tab_piety","Expected corrective localization override","localization/russian/gui/DI_RUS_l_russian.yml","localization/russian/gui/DI_l_russian.yml","1","2","Divine Intervention AGOT | Русификатор | Divine Intervention Cheat Menu | Divine Intervention CM [RUS]"
"456","DI_ce_tab_income","Expected corrective localization override","localization/russian/gui/DI_RUS_l_russian.yml","localization/russian/gui/DI_l_russian.yml","1","2","Divine Intervention AGOT | Русификатор | Divine Intervention Cheat Menu | Divine Intervention CM [RUS]"
"457","DI_ce_tab_opinion","Expected corrective localization override","localization/russian/gui/DI_RUS_l_russian.yml","localization/russian/gui/DI_l_russian.yml","1","2","Divine Intervention AGOT | Русификатор | Divine Intervention Cheat Menu | Divine Intervention CM [RUS]"
"458","DI_ce_tab_health","Expected corrective localization override","localization/russian/gui/DI_RUS_l_russian.yml","localization/russian/gui/DI_l_russian.yml","1","2","Divine Intervention AGOT | Русификатор | Divine Intervention Cheat Menu | Divine Intervention CM [RUS]"
"459","DI_ce_tab_intrigue","Expected corrective localization override","localization/russian/gui/DI_RUS_l_russian.yml","localization/russian/gui/DI_l_russian.yml","1","2","Divine Intervention AGOT | Русификатор | Divine Intervention Cheat Menu | Divine Intervention CM [RUS]"
"460","DI_ce_tab_authority","Expected corrective localization override","localization/russian/gui/DI_RUS_l_russian.yml","localization/russian/gui/DI_l_russian.yml","1","2","Divine Intervention AGOT | Русификатор | Divine Intervention Cheat Menu | Divine Intervention CM [RUS]"
"461","DI_ce_tab_provincial","Expected corrective localization override","localization/russian/gui/DI_RUS_l_russian.yml","localization/russian/gui/DI_l_russian.yml","1","2","Divine Intervention AGOT | Русификатор | Divine Intervention Cheat Menu | Divine Intervention CM [RUS]"
"462","DI_ce_tab_governing","Expected corrective localization override","localization/russian/gui/DI_RUS_l_russian.yml","localization/russian/gui/DI_l_russian.yml","1","2","Divine Intervention AGOT | Русификатор | Divine Intervention Cheat Menu | Divine Intervention CM [RUS]"
"463","DI_ce_tab_military","Expected corrective localization override","localization/russian/gui/DI_RUS_l_russian.yml","localization/russian/gui/DI_l_russian.yml","1","2","Divine Intervention AGOT | Русификатор | Divine Intervention Cheat Menu | Divine Intervention CM [RUS]"
"464","DI_ce_tab_learning","Expected corrective localization override","localization/russian/gui/DI_RUS_l_russian.yml","localization/russian/gui/DI_l_russian.yml","1","2","Divine Intervention AGOT | Русификатор | Divine Intervention Cheat Menu | Divine Intervention CM [RUS]"
"465","DI_ce_tab_maa","Expected corrective localization override","localization/russian/gui/DI_RUS_l_russian.yml","localization/russian/gui/DI_l_russian.yml","1","2","Divine Intervention AGOT | Русификатор | Divine Intervention Cheat Menu | Divine Intervention CM [RUS]"
"466","DI_ce_tab_custom","Expected corrective localization override","localization/russian/gui/DI_RUS_l_russian.yml","localization/russian/gui/DI_l_russian.yml","1","2","Divine Intervention AGOT | Русификатор | Divine Intervention Cheat Menu | Divine Intervention CM [RUS]"
"467","DI_custom_modifiers","Expected corrective localization override","localization/russian/gui/DI_RUS_l_russian.yml","localization/russian/gui/DI_l_russian.yml","1","2","Divine Intervention AGOT | Русификатор | Divine Intervention Cheat Menu | Divine Intervention CM [RUS]"
"468","DI_prestige_modifiers","Expected corrective localization override","localization/russian/gui/DI_RUS_l_russian.yml","localization/russian/gui/DI_l_russian.yml","1","2","Divine Intervention AGOT | Русификатор | Divine Intervention Cheat Menu | Divine Intervention CM [RUS]"
"469","DI_prestige_modifiers_tt","Expected corrective localization override","localization/russian/gui/DI_RUS_l_russian.yml","localization/russian/gui/DI_l_russian.yml","1","2","Divine Intervention AGOT | Русификатор | Divine Intervention Cheat Menu | Divine Intervention CM [RUS]"
"470","DI_piety_modifiers","Expected corrective localization override","localization/russian/gui/DI_RUS_l_russian.yml","localization/russian/gui/DI_l_russian.yml","1","2","Divine Intervention AGOT | Русификатор | Divine Intervention Cheat Menu | Divine Intervention CM [RUS]"
"471","DI_piety_modifiers_tt","Expected corrective localization override","localization/russian/gui/DI_RUS_l_russian.yml","localization/russian/gui/DI_l_russian.yml","1","2","Divine Intervention AGOT | Русификатор | Divine Intervention Cheat Menu | Divine Intervention CM [RUS]"
"472","DI_income_modifiers","Expected corrective localization override","localization/russian/gui/DI_RUS_l_russian.yml","localization/russian/gui/DI_l_russian.yml","1","2","Divine Intervention AGOT | Русификатор | Divine Intervention Cheat Menu | Divine Intervention CM [RUS]"
"473","DI_income_modifiers_tt","Expected corrective localization override","localization/russian/gui/DI_RUS_l_russian.yml","localization/russian/gui/DI_l_russian.yml","1","2","Divine Intervention AGOT | Русификатор | Divine Intervention Cheat Menu | Divine Intervention CM [RUS]"
"474","DI_opinion_modifiers","Expected corrective localization override","localization/russian/gui/DI_RUS_l_russian.yml","localization/russian/gui/DI_l_russian.yml","1","2","Divine Intervention AGOT | Русификатор | Divine Intervention Cheat Menu | Divine Intervention CM [RUS]"
"475","DI_opinion_modifiers_tt","Expected corrective localization override","localization/russian/gui/DI_RUS_l_russian.yml","localization/russian/gui/DI_l_russian.yml","1","2","Divine Intervention AGOT | Русификатор | Divine Intervention Cheat Menu | Divine Intervention CM [RUS]"
"476","DI_health_modifiers","Expected corrective localization override","localization/russian/gui/DI_RUS_l_russian.yml","localization/russian/gui/DI_l_russian.yml","1","2","Divine Intervention AGOT | Русификатор | Divine Intervention Cheat Menu | Divine Intervention CM [RUS]"
"477","DI_health_modifiers_tt","Expected corrective localization override","localization/russian/gui/DI_RUS_l_russian.yml","localization/russian/gui/DI_l_russian.yml","1","2","Divine Intervention AGOT | Русификатор | Divine Intervention Cheat Menu | Divine Intervention CM [RUS]"
"478","DI_intrigue_modifiers","Expected corrective localization override","localization/russian/gui/DI_RUS_l_russian.yml","localization/russian/gui/DI_l_russian.yml","1","2","Divine Intervention AGOT | Русификатор | Divine Intervention Cheat Menu | Divine Intervention CM [RUS]"
"479","DI_intrigue_modifiers_tt","Expected corrective localization override","localization/russian/gui/DI_RUS_l_russian.yml","localization/russian/gui/DI_l_russian.yml","1","2","Divine Intervention AGOT | Русификатор | Divine Intervention Cheat Menu | Divine Intervention CM [RUS]"
"480","DI_authority_modifiers","Expected corrective localization override","localization/russian/gui/DI_RUS_l_russian.yml","localization/russian/gui/DI_l_russian.yml","1","2","Divine Intervention AGOT | Русификатор | Divine Intervention Cheat Menu | Divine Intervention CM [RUS]"
"481","DI_authority_modifiers_tt","Expected corrective localization override","localization/russian/gui/DI_RUS_l_russian.yml","localization/russian/gui/DI_l_russian.yml","1","2","Divine Intervention AGOT | Русификатор | Divine Intervention Cheat Menu | Divine Intervention CM [RUS]"
"482","DI_provincial_modifiers","Expected corrective localization override","localization/russian/gui/DI_RUS_l_russian.yml","localization/russian/gui/DI_l_russian.yml","1","2","Divine Intervention AGOT | Русификатор | Divine Intervention Cheat Menu | Divine Intervention CM [RUS]"
"483","DI_provincial_modifiers_tt","Expected corrective localization override","localization/russian/gui/DI_RUS_l_russian.yml","localization/russian/gui/DI_l_russian.yml","1","2","Divine Intervention AGOT | Русификатор | Divine Intervention Cheat Menu | Divine Intervention CM [RUS]"
"484","DI_governing_modifiers","Expected corrective localization override","localization/russian/gui/DI_RUS_l_russian.yml","localization/russian/gui/DI_l_russian.yml","1","2","Divine Intervention AGOT | Русификатор | Divine Intervention Cheat Menu | Divine Intervention CM [RUS]"
"485","DI_governing_modifiers_tt","Expected corrective localization override","localization/russian/gui/DI_RUS_l_russian.yml","localization/russian/gui/DI_l_russian.yml","1","2","Divine Intervention AGOT | Русификатор | Divine Intervention Cheat Menu | Divine Intervention CM [RUS]"
"486","DI_military_modifiers","Expected corrective localization override","localization/russian/gui/DI_RUS_l_russian.yml","localization/russian/gui/DI_l_russian.yml","1","2","Divine Intervention AGOT | Русификатор | Divine Intervention Cheat Menu | Divine Intervention CM [RUS]"
"487","DI_military_modifiers_tt","Expected corrective localization override","localization/russian/gui/DI_RUS_l_russian.yml","localization/russian/gui/DI_l_russian.yml","1","2","Divine Intervention AGOT | Русификатор | Divine Intervention Cheat Menu | Divine Intervention CM [RUS]"
"488","DI_learning_modifiers","Expected corrective localization override","localization/russian/gui/DI_RUS_l_russian.yml","localization/russian/gui/DI_l_russian.yml","1","2","Divine Intervention AGOT | Русификатор | Divine Intervention Cheat Menu | Divine Intervention CM [RUS]"
"489","DI_learning_modifiers_tt","Expected corrective localization override","localization/russian/gui/DI_RUS_l_russian.yml","localization/russian/gui/DI_l_russian.yml","1","2","Divine Intervention AGOT | Русификатор | Divine Intervention Cheat Menu | Divine Intervention CM [RUS]"
"490","DI_maa_modifiers","Expected corrective localization override","localization/russian/gui/DI_RUS_l_russian.yml","localization/russian/gui/DI_l_russian.yml","1","2","Divine Intervention AGOT | Русификатор | Divine Intervention Cheat Menu | Divine Intervention CM [RUS]"
"491","DI_modifier_neg","Expected corrective localization override","localization/russian/gui/DI_RUS_l_russian.yml","localization/russian/gui/DI_l_russian.yml","1","2","Divine Intervention AGOT | Русификатор | Divine Intervention Cheat Menu | Divine Intervention CM [RUS]"
"492","DI_modifier_mult","Expected corrective localization override","localization/russian/gui/DI_RUS_l_russian.yml","localization/russian/gui/DI_l_russian.yml","1","2","Divine Intervention AGOT | Русификатор | Divine Intervention Cheat Menu | Divine Intervention CM [RUS]"
"493","DI_modifier_increment","Expected corrective localization override","localization/russian/gui/DI_RUS_l_russian.yml","localization/russian/gui/DI_l_russian.yml","1","2","Divine Intervention AGOT | Русификатор | Divine Intervention Cheat Menu | Divine Intervention CM [RUS]"
"494","DI_increment_broken","Expected corrective localization override","localization/russian/gui/DI_RUS_l_russian.yml","localization/russian/gui/DI_l_russian.yml","1","2","Divine Intervention AGOT | Русификатор | Divine Intervention Cheat Menu | Divine Intervention CM [RUS]"
"495","DI_modifiers_desc","Expected corrective localization override","localization/russian/gui/DI_RUS_l_russian.yml","localization/russian/gui/DI_l_russian.yml","1","2","Divine Intervention AGOT | Русификатор | Divine Intervention Cheat Menu | Divine Intervention CM [RUS]"
"496","DI_modifier_add_remove","Expected corrective localization override","localization/russian/gui/DI_RUS_l_russian.yml","localization/russian/gui/DI_l_russian.yml","1","2","Divine Intervention AGOT | Русификатор | Divine Intervention Cheat Menu | Divine Intervention CM [RUS]"
"497","DI_space_marines","Expected corrective localization override","localization/russian/gui/DI_RUS_l_russian.yml","localization/russian/gui/DI_l_russian.yml","1","2","Divine Intervention AGOT | Русификатор | Divine Intervention Cheat Menu | Divine Intervention CM [RUS]"
"498","DI_contraceptive","Expected corrective localization override","localization/russian/gui/DI_RUS_l_russian.yml","localization/russian/gui/DI_l_russian.yml","1","2","Divine Intervention AGOT | Русификатор | Divine Intervention Cheat Menu | Divine Intervention CM [RUS]"
"499","DI_immune_to_schemes","Expected corrective localization override","localization/russian/gui/DI_RUS_l_russian.yml","localization/russian/gui/DI_l_russian.yml","1","2","Divine Intervention AGOT | Русификатор | Divine Intervention Cheat Menu | Divine Intervention CM [RUS]"
"500","DI_ultra_build","Expected corrective localization override","localization/russian/gui/DI_RUS_l_russian.yml","localization/russian/gui/DI_l_russian.yml","1","2","Divine Intervention AGOT | Русификатор | Divine Intervention Cheat Menu | Divine Intervention CM [RUS]"
"501","DI_building_slots","Expected corrective localization override","localization/russian/gui/DI_RUS_l_russian.yml","localization/russian/gui/DI_l_russian.yml","1","2","Divine Intervention AGOT | Русификатор | Divine Intervention Cheat Menu | Divine Intervention CM [RUS]"
"502","DI_one_building_slot","Expected corrective localization override","localization/russian/gui/DI_RUS_l_russian.yml","localization/russian/gui/DI_l_russian.yml","1","2","Divine Intervention AGOT | Русификатор | Divine Intervention Cheat Menu | Divine Intervention CM [RUS]"
"503","DI_domain_limit","Expected corrective localization override","localization/russian/gui/DI_RUS_l_russian.yml","localization/russian/gui/DI_l_russian.yml","1","2","Divine Intervention AGOT | Русификатор | Divine Intervention Cheat Menu | Divine Intervention CM [RUS]"
"504","DI_money_printer","Expected corrective localization override","localization/russian/gui/DI_RUS_l_russian.yml","localization/russian/gui/DI_l_russian.yml","1","2","Divine Intervention AGOT | Русификатор | Divine Intervention Cheat Menu | Divine Intervention CM [RUS]"
"505","DI_perma_health","Expected corrective localization override","localization/russian/gui/DI_RUS_l_russian.yml","localization/russian/gui/DI_l_russian.yml","1","2","Divine Intervention AGOT | Русификатор | Divine Intervention Cheat Menu | Divine Intervention CM [RUS]"
"506","DI_trait_xp_boost","Expected corrective localization override","localization/russian/gui/DI_RUS_l_russian.yml","localization/russian/gui/DI_l_russian.yml","1","2","Divine Intervention AGOT | Русификатор | Divine Intervention Cheat Menu | Divine Intervention CM [RUS]"
"507","DI_commander_trait_xp_boost","Expected corrective localization override","localization/russian/gui/DI_RUS_l_russian.yml","localization/russian/gui/DI_l_russian.yml","1","2","Divine Intervention AGOT | Русификатор | Divine Intervention Cheat Menu | Divine Intervention CM [RUS]"
"508","DI_godlike_inheritance","Expected corrective localization override","localization/russian/gui/DI_RUS_l_russian.yml","localization/russian/gui/DI_l_russian.yml","1","2","Divine Intervention AGOT | Русификатор | Divine Intervention Cheat Menu | Divine Intervention CM [RUS]"
"509","DI_true_rulers","Expected corrective localization override","localization/russian/gui/DI_RUS_l_russian.yml","localization/russian/gui/DI_l_russian.yml","1","2","Divine Intervention AGOT | Русификатор | Divine Intervention Cheat Menu | Divine Intervention CM [RUS]"
"510","DI_plague_doctor","Expected corrective localization override","localization/russian/gui/DI_RUS_l_russian.yml","localization/russian/gui/DI_l_russian.yml","1","2","Divine Intervention AGOT | Русификатор | Divine Intervention Cheat Menu | Divine Intervention CM [RUS]"
"511","DI_imperial_march","Expected corrective localization override","localization/russian/gui/DI_RUS_l_russian.yml","localization/russian/gui/DI_l_russian.yml","1","2","Divine Intervention AGOT | Русификатор | Divine Intervention Cheat Menu | Divine Intervention CM [RUS]"
"512","DI_dread_lord","Expected corrective localization override","localization/russian/gui/DI_RUS_l_russian.yml","localization/russian/gui/DI_l_russian.yml","1","2","Divine Intervention AGOT | Русификатор | Divine Intervention Cheat Menu | Divine Intervention CM [RUS]"
"513","DI_lifestyle_mastery","Expected corrective localization override","localization/russian/gui/DI_RUS_l_russian.yml","localization/russian/gui/DI_l_russian.yml","1","2","Divine Intervention AGOT | Русификатор | Divine Intervention Cheat Menu | Divine Intervention CM [RUS]"
"514","DI_travel_speed","Expected corrective localization override","localization/russian/gui/DI_RUS_l_russian.yml","localization/russian/gui/DI_l_russian.yml","1","2","Divine Intervention AGOT | Русификатор | Divine Intervention Cheat Menu | Divine Intervention CM [RUS]"
"515","DI_travel_safety","Expected corrective localization override","localization/russian/gui/DI_RUS_l_russian.yml","localization/russian/gui/DI_l_russian.yml","1","2","Divine Intervention AGOT | Русификатор | Divine Intervention Cheat Menu | Divine Intervention CM [RUS]"
"516","DI_legend_spread","Expected corrective localization override","localization/russian/gui/DI_RUS_l_russian.yml","localization/russian/gui/DI_l_russian.yml","1","2","Divine Intervention AGOT | Русификатор | Divine Intervention Cheat Menu | Divine Intervention CM [RUS]"
"517","DI_prestige_printer","Expected corrective localization override","localization/russian/gui/DI_RUS_l_russian.yml","localization/russian/gui/DI_l_russian.yml","1","2","Divine Intervention AGOT | Русификатор | Divine Intervention Cheat Menu | Divine Intervention CM [RUS]"
"518","DI_piety_printer","Expected corrective localization override","localization/russian/gui/DI_RUS_l_russian.yml","localization/russian/gui/DI_l_russian.yml","1","2","Divine Intervention AGOT | Русификатор | Divine Intervention Cheat Menu | Divine Intervention CM [RUS]"
"519","DI_everybody_loves_me","Expected corrective localization override","localization/russian/gui/DI_RUS_l_russian.yml","localization/russian/gui/DI_l_russian.yml","1","2","Divine Intervention AGOT | Русификатор | Divine Intervention Cheat Menu | Divine Intervention CM [RUS]"
"520","DI_full_stomachs","Expected corrective localization override","localization/russian/gui/DI_RUS_l_russian.yml","localization/russian/gui/DI_l_russian.yml","1","2","Divine Intervention AGOT | Русификатор | Divine Intervention Cheat Menu | Divine Intervention CM [RUS]"
"521","DI_meritorious","Expected corrective localization override","localization/russian/gui/DI_RUS_l_russian.yml","localization/russian/gui/DI_l_russian.yml","1","2","Divine Intervention AGOT | Русификатор | Divine Intervention Cheat Menu | Divine Intervention CM [RUS]"
"522","no_legitimacy_change","Expected corrective localization override","localization/russian/gui/DI_RUS_l_russian.yml","localization/russian/gui/DI_l_russian.yml","1","2","Divine Intervention AGOT | Русификатор | Divine Intervention Cheat Menu | Divine Intervention CM [RUS]"
"523","DI_traits","Expected corrective localization override","localization/russian/gui/DI_RUS_l_russian.yml","localization/russian/gui/DI_l_russian.yml","1","2","Divine Intervention AGOT | Русификатор | Divine Intervention Cheat Menu | Divine Intervention CM [RUS]"
"524","DI_trait_window_tooltip","Expected corrective localization override","localization/russian/gui/DI_RUS_l_russian.yml","localization/russian/gui/DI_l_russian.yml","1","2","Divine Intervention AGOT | Русификатор | Divine Intervention Cheat Menu | Divine Intervention CM [RUS]"
"525","DI_ce_tab_physical","Expected corrective localization override","localization/russian/gui/DI_RUS_l_russian.yml","localization/russian/gui/DI_l_russian.yml","1","2","Divine Intervention AGOT | Русификатор | Divine Intervention Cheat Menu | Divine Intervention CM [RUS]"
"526","DI_ce_tab_education","Expected corrective localization override","localization/russian/gui/DI_RUS_l_russian.yml","localization/russian/gui/DI_l_russian.yml","1","2","Divine Intervention AGOT | Русификатор | Divine Intervention Cheat Menu | Divine Intervention CM [RUS]"
"527","DI_ce_tab_commander","Expected corrective localization override","localization/russian/gui/DI_RUS_l_russian.yml","localization/russian/gui/DI_l_russian.yml","1","2","Divine Intervention AGOT | Русификатор | Divine Intervention Cheat Menu | Divine Intervention CM [RUS]"
"528","DI_ce_tab_lifestyle","Expected corrective localization override","localization/russian/gui/DI_RUS_l_russian.yml","localization/russian/gui/DI_l_russian.yml","1","2","Divine Intervention AGOT | Русификатор | Divine Intervention Cheat Menu | Divine Intervention CM [RUS]"
"529","DI_ce_tab_personality","Expected corrective localization override","localization/russian/gui/DI_RUS_l_russian.yml","localization/russian/gui/DI_l_russian.yml","1","2","Divine Intervention AGOT | Русификатор | Divine Intervention Cheat Menu | Divine Intervention CM [RUS]"
"530","DI_ce_tab_fame","Expected corrective localization override","localization/russian/gui/DI_RUS_l_russian.yml","localization/russian/gui/DI_l_russian.yml","1","2","Divine Intervention AGOT | Русификатор | Divine Intervention Cheat Menu | Divine Intervention CM [RUS]"
"531","DI_ce_tab_other","Expected corrective localization override","localization/russian/gui/DI_RUS_l_russian.yml","localization/russian/gui/DI_l_russian.yml","1","2","Divine Intervention AGOT | Русификатор | Divine Intervention Cheat Menu | Divine Intervention CM [RUS]"
"532","DI_ce_tab_tracked","Expected corrective localization override","localization/russian/gui/DI_RUS_l_russian.yml","localization/russian/gui/DI_l_russian.yml","1","2","Divine Intervention AGOT | Русификатор | Divine Intervention Cheat Menu | Divine Intervention CM [RUS]"
"533","DI_ce_tab_pinned","Expected corrective localization override","localization/russian/gui/DI_RUS_l_russian.yml","localization/russian/gui/DI_l_russian.yml","1","2","Divine Intervention AGOT | Русификатор | Divine Intervention Cheat Menu | Divine Intervention CM [RUS]"
"534","DI_pinned_traits","Expected corrective localization override","localization/russian/gui/DI_RUS_l_russian.yml","localization/russian/gui/DI_l_russian.yml","1","2","Divine Intervention AGOT | Русификатор | Divine Intervention Cheat Menu | Divine Intervention CM [RUS]"
"535","DI_pinned_traits_tt","Expected corrective localization override","localization/russian/gui/DI_RUS_l_russian.yml","localization/russian/gui/DI_l_russian.yml","1","2","Divine Intervention AGOT | Русификатор | Divine Intervention Cheat Menu | Divine Intervention CM [RUS]"
"536","DI_trait_button_tt","Expected corrective localization override","localization/russian/gui/DI_RUS_l_russian.yml","localization/russian/gui/DI_l_russian.yml","1","2","Divine Intervention AGOT | Русификатор | Divine Intervention Cheat Menu | Divine Intervention CM [RUS]"
"537","DI_trait_xp_button_tt","Expected corrective localization override","localization/russian/gui/DI_RUS_l_russian.yml","localization/russian/gui/DI_l_russian.yml","1","2","Divine Intervention AGOT | Русификатор | Divine Intervention Cheat Menu | Divine Intervention CM [RUS]"
"538","DI_tracked_trait_marker_tt","Expected corrective localization override","localization/russian/gui/DI_RUS_l_russian.yml","localization/russian/gui/DI_l_russian.yml","1","2","Divine Intervention AGOT | Русификатор | Divine Intervention Cheat Menu | Divine Intervention CM [RUS]"
"539","DI_physical_traits","Expected corrective localization override","localization/russian/gui/DI_RUS_l_russian.yml","localization/russian/gui/DI_l_russian.yml","1","2","Divine Intervention AGOT | Русификатор | Divine Intervention Cheat Menu | Divine Intervention CM [RUS]"
"540","DI_physical_traits_tt","Expected corrective localization override","localization/russian/gui/DI_RUS_l_russian.yml","localization/russian/gui/DI_l_russian.yml","1","2","Divine Intervention AGOT | Русификатор | Divine Intervention Cheat Menu | Divine Intervention CM [RUS]"
"541","DI_education_traits","Expected corrective localization override","localization/russian/gui/DI_RUS_l_russian.yml","localization/russian/gui/DI_l_russian.yml","1","2","Divine Intervention AGOT | Русификатор | Divine Intervention Cheat Menu | Divine Intervention CM [RUS]"
"542","DI_education_traits_tt","Expected corrective localization override","localization/russian/gui/DI_RUS_l_russian.yml","localization/russian/gui/DI_l_russian.yml","1","2","Divine Intervention AGOT | Русификатор | Divine Intervention Cheat Menu | Divine Intervention CM [RUS]"
"543","DI_commander_traits","Expected corrective localization override","localization/russian/gui/DI_RUS_l_russian.yml","localization/russian/gui/DI_l_russian.yml","1","2","Divine Intervention AGOT | Русификатор | Divine Intervention Cheat Menu | Divine Intervention CM [RUS]"
"544","DI_commander_traits_tt","Expected corrective localization override","localization/russian/gui/DI_RUS_l_russian.yml","localization/russian/gui/DI_l_russian.yml","1","2","Divine Intervention AGOT | Русификатор | Divine Intervention Cheat Menu | Divine Intervention CM [RUS]"
"545","DI_lifestyle_traits","Expected corrective localization override","localization/russian/gui/DI_RUS_l_russian.yml","localization/russian/gui/DI_l_russian.yml","1","2","Divine Intervention AGOT | Русификатор | Divine Intervention Cheat Menu | Divine Intervention CM [RUS]"
"546","DI_lifestyle_traits_tt","Expected corrective localization override","localization/russian/gui/DI_RUS_l_russian.yml","localization/russian/gui/DI_l_russian.yml","1","2","Divine Intervention AGOT | Русификатор | Divine Intervention Cheat Menu | Divine Intervention CM [RUS]"
"547","DI_personality_traits","Expected corrective localization override","localization/russian/gui/DI_RUS_l_russian.yml","localization/russian/gui/DI_l_russian.yml","1","2","Divine Intervention AGOT | Русификатор | Divine Intervention Cheat Menu | Divine Intervention CM [RUS]"
"548","DI_personality_traits_tt","Expected corrective localization override","localization/russian/gui/DI_RUS_l_russian.yml","localization/russian/gui/DI_l_russian.yml","1","2","Divine Intervention AGOT | Русификатор | Divine Intervention Cheat Menu | Divine Intervention CM [RUS]"
"549","DI_health_traits","Expected corrective localization override","localization/russian/gui/DI_RUS_l_russian.yml","localization/russian/gui/DI_l_russian.yml","1","2","Divine Intervention AGOT | Русификатор | Divine Intervention Cheat Menu | Divine Intervention CM [RUS]"
"550","DI_health_traits_tt","Expected corrective localization override","localization/russian/gui/DI_RUS_l_russian.yml","localization/russian/gui/DI_l_russian.yml","1","2","Divine Intervention AGOT | Русификатор | Divine Intervention Cheat Menu | Divine Intervention CM [RUS]"
"551","DI_fame_traits","Expected corrective localization override","localization/russian/gui/DI_RUS_l_russian.yml","localization/russian/gui/DI_l_russian.yml","1","2","Divine Intervention AGOT | Русификатор | Divine Intervention Cheat Menu | Divine Intervention CM [RUS]"
"552","DI_fame_traits_tt","Expected corrective localization override","localization/russian/gui/DI_RUS_l_russian.yml","localization/russian/gui/DI_l_russian.yml","1","2","Divine Intervention AGOT | Русификатор | Divine Intervention Cheat Menu | Divine Intervention CM [RUS]"
"553","DI_other_traits","Expected corrective localization override","localization/russian/gui/DI_RUS_l_russian.yml","localization/russian/gui/DI_l_russian.yml","1","2","Divine Intervention AGOT | Русификатор | Divine Intervention Cheat Menu | Divine Intervention CM [RUS]"
"554","DI_other_traits_tt","Expected corrective localization override","localization/russian/gui/DI_RUS_l_russian.yml","localization/russian/gui/DI_l_russian.yml","1","2","Divine Intervention AGOT | Русификатор | Divine Intervention Cheat Menu | Divine Intervention CM [RUS]"
"555","DI_tracked_traits","Expected corrective localization override","localization/russian/gui/DI_RUS_l_russian.yml","localization/russian/gui/DI_l_russian.yml","1","2","Divine Intervention AGOT | Русификатор | Divine Intervention Cheat Menu | Divine Intervention CM [RUS]"
"556","DI_tracked_traits_tt","Expected corrective localization override","localization/russian/gui/DI_RUS_l_russian.yml","localization/russian/gui/DI_l_russian.yml","1","2","Divine Intervention AGOT | Русификатор | Divine Intervention Cheat Menu | Divine Intervention CM [RUS]"
"557","trait_nnn_challenger","Expected corrective localization override","localization/russian/gui/DI_RUS_l_russian.yml","localization/russian/gui/DI_l_russian.yml","1","2","Divine Intervention AGOT | Русификатор | Divine Intervention Cheat Menu | Divine Intervention CM [RUS]"
"558","trait_nnn_challenger_desc","Expected corrective localization override","localization/russian/gui/DI_RUS_l_russian.yml","localization/russian/gui/DI_l_russian.yml","1","1","Divine Intervention AGOT | Русификатор | Divine Intervention Cheat Menu | Divine Intervention CM [RUS]"
"559","trait_nnn_challenger_character_desc","Expected corrective localization override","localization/russian/gui/DI_RUS_l_russian.yml","localization/russian/gui/DI_l_russian.yml","1","1","Divine Intervention AGOT | Русификатор | Divine Intervention Cheat Menu | Divine Intervention CM [RUS]"
"560","trait_build_speed_cheat","Expected corrective localization override","localization/russian/gui/DI_RUS_l_russian.yml","localization/russian/gui/DI_l_russian.yml","1","2","Divine Intervention AGOT | Русификатор | Divine Intervention Cheat Menu | Divine Intervention CM [RUS]"
"561","trait_build_speed_cheat_desc","Expected corrective localization override","localization/russian/gui/DI_RUS_l_russian.yml","localization/russian/gui/DI_l_russian.yml","1","1","Divine Intervention AGOT | Русификатор | Divine Intervention Cheat Menu | Divine Intervention CM [RUS]"
"562","trait_build_speed_cheat_character_desc","Expected corrective localization override","localization/russian/gui/DI_RUS_l_russian.yml","localization/russian/gui/DI_l_russian.yml","1","1","Divine Intervention AGOT | Русификатор | Divine Intervention Cheat Menu | Divine Intervention CM [RUS]"
"563","trait_stress_gain_remove","Expected corrective localization override","localization/russian/gui/DI_RUS_l_russian.yml","localization/russian/gui/DI_l_russian.yml","1","2","Divine Intervention AGOT | Русификатор | Divine Intervention Cheat Menu | Divine Intervention CM [RUS]"
"564","trait_stress_gain_remove_desc","Expected corrective localization override","localization/russian/gui/DI_RUS_l_russian.yml","localization/russian/gui/DI_l_russian.yml","1","1","Divine Intervention AGOT | Русификатор | Divine Intervention Cheat Menu | Divine Intervention CM [RUS]"
"565","trait_stress_gain_remove_character_desc","Expected corrective localization override","localization/russian/gui/DI_RUS_l_russian.yml","localization/russian/gui/DI_l_russian.yml","1","1","Divine Intervention AGOT | Русификатор | Divine Intervention Cheat Menu | Divine Intervention CM [RUS]"
"566","trait_tyranny_gain_remove","Expected corrective localization override","localization/russian/gui/DI_RUS_l_russian.yml","localization/russian/gui/DI_l_russian.yml","1","2","Divine Intervention AGOT | Русификатор | Divine Intervention Cheat Menu | Divine Intervention CM [RUS]"
"567","trait_tyranny_gain_remove_desc","Expected corrective localization override","localization/russian/gui/DI_RUS_l_russian.yml","localization/russian/gui/DI_l_russian.yml","1","1","Divine Intervention AGOT | Русификатор | Divine Intervention Cheat Menu | Divine Intervention CM [RUS]"
"568","trait_tyranny_gain_remove_character_desc","Expected corrective localization override","localization/russian/gui/DI_RUS_l_russian.yml","localization/russian/gui/DI_l_russian.yml","1","1","Divine Intervention AGOT | Русификатор | Divine Intervention Cheat Menu | Divine Intervention CM [RUS]"
"569","trait_boost_stats","Expected corrective localization override","localization/russian/gui/DI_RUS_l_russian.yml","localization/russian/gui/DI_l_russian.yml","1","2","Divine Intervention AGOT | Русификатор | Divine Intervention Cheat Menu | Divine Intervention CM [RUS]"
"570","trait_boost_stats_desc","Expected corrective localization override","localization/russian/gui/DI_RUS_l_russian.yml","localization/russian/gui/DI_l_russian.yml","1","1","Divine Intervention AGOT | Русификатор | Divine Intervention Cheat Menu | Divine Intervention CM [RUS]"
"571","trait_boost_stats_character_desc","Expected corrective localization override","localization/russian/gui/DI_RUS_l_russian.yml","localization/russian/gui/DI_l_russian.yml","1","1","Divine Intervention AGOT | Русификатор | Divine Intervention Cheat Menu | Divine Intervention CM [RUS]"
"572","trait_100_stat_man","Expected corrective localization override","localization/russian/gui/DI_RUS_l_russian.yml","localization/russian/gui/DI_l_russian.yml","1","2","Divine Intervention AGOT | Русификатор | Divine Intervention Cheat Menu | Divine Intervention CM [RUS]"
"573","trait_100_stat_man_desc","Expected corrective localization override","localization/russian/gui/DI_RUS_l_russian.yml","localization/russian/gui/DI_l_russian.yml","1","1","Divine Intervention AGOT | Русификатор | Divine Intervention Cheat Menu | Divine Intervention CM [RUS]"
"574","trait_100_stat_man_character_desc","Expected corrective localization override","localization/russian/gui/DI_RUS_l_russian.yml","localization/russian/gui/DI_l_russian.yml","1","1","Divine Intervention AGOT | Русификатор | Divine Intervention Cheat Menu | Divine Intervention CM [RUS]"
"575","trait_DI_immortal","Expected corrective localization override","localization/russian/gui/DI_RUS_l_russian.yml","localization/russian/gui/DI_l_russian.yml","1","2","Divine Intervention AGOT | Русификатор | Divine Intervention Cheat Menu | Divine Intervention CM [RUS]"
"576","trait_DI_immortal_desc","Expected corrective localization override","localization/russian/gui/DI_RUS_l_russian.yml","localization/russian/gui/DI_l_russian.yml","1","2","Divine Intervention AGOT | Русификатор | Divine Intervention Cheat Menu | Divine Intervention CM [RUS]"
"577","trait_DI_immortal_character_desc","Expected corrective localization override","localization/russian/gui/DI_RUS_l_russian.yml","localization/russian/gui/DI_l_russian.yml","1","1","Divine Intervention AGOT | Русификатор | Divine Intervention Cheat Menu | Divine Intervention CM [RUS]"
"578","DI_sexuality","Expected corrective localization override","localization/russian/gui/DI_RUS_l_russian.yml","localization/russian/gui/DI_l_russian.yml","1","2","Divine Intervention AGOT | Русификатор | Divine Intervention Cheat Menu | Divine Intervention CM [RUS]"
"579","DI_sexuality_ho","Expected corrective localization override","localization/russian/gui/DI_RUS_l_russian.yml","localization/russian/gui/DI_l_russian.yml","1","2","Divine Intervention AGOT | Русификатор | Divine Intervention Cheat Menu | Divine Intervention CM [RUS]"
"580","DI_sexuality_he","Expected corrective localization override","localization/russian/gui/DI_RUS_l_russian.yml","localization/russian/gui/DI_l_russian.yml","1","2","Divine Intervention AGOT | Русификатор | Divine Intervention Cheat Menu | Divine Intervention CM [RUS]"
"581","DI_sexuality_bi","Expected corrective localization override","localization/russian/gui/DI_RUS_l_russian.yml","localization/russian/gui/DI_l_russian.yml","1","2","Divine Intervention AGOT | Русификатор | Divine Intervention Cheat Menu | Divine Intervention CM [RUS]"
"582","DI_sexuality_as","Expected corrective localization override","localization/russian/gui/DI_RUS_l_russian.yml","localization/russian/gui/DI_l_russian.yml","1","2","Divine Intervention AGOT | Русификатор | Divine Intervention Cheat Menu | Divine Intervention CM [RUS]"
"583","DI_culture_menu_title","Expected corrective localization override","localization/russian/gui/DI_RUS_l_russian.yml","localization/russian/gui/DI_l_russian.yml","1","2","Divine Intervention AGOT | Русификатор | Divine Intervention Cheat Menu | Divine Intervention CM [RUS]"
"584","DI_change_to_my_culture","Expected corrective localization override","localization/russian/gui/DI_RUS_l_russian.yml","localization/russian/gui/DI_l_russian.yml","1","2","Divine Intervention AGOT | Русификатор | Divine Intervention Cheat Menu | Divine Intervention CM [RUS]"
"585","DI_change_to_my_culture_tt","Expected corrective localization override","localization/russian/gui/DI_RUS_l_russian.yml","localization/russian/gui/DI_l_russian.yml","1","2","Divine Intervention AGOT | Русификатор | Divine Intervention Cheat Menu | Divine Intervention CM [RUS]"
"586","DI_change_counties_to_my_culture","Expected corrective localization override","localization/russian/gui/DI_RUS_l_russian.yml","localization/russian/gui/DI_l_russian.yml","1","2","Divine Intervention AGOT | Русификатор | Divine Intervention Cheat Menu | Divine Intervention CM [RUS]"
"587","DI_change_counties_to_my_culture_tt","Expected corrective localization override","localization/russian/gui/DI_RUS_l_russian.yml","localization/russian/gui/DI_l_russian.yml","1","2","Divine Intervention AGOT | Русификатор | Divine Intervention Cheat Menu | Divine Intervention CM [RUS]"
"588","DI_religion_menu_title","Expected corrective localization override","localization/russian/gui/DI_RUS_l_russian.yml","localization/russian/gui/DI_l_russian.yml","1","2","Divine Intervention AGOT | Русификатор | Divine Intervention Cheat Menu | Divine Intervention CM [RUS]"
"589","DI_change_to_my_religion","Expected corrective localization override","localization/russian/gui/DI_RUS_l_russian.yml","localization/russian/gui/DI_l_russian.yml","1","2","Divine Intervention AGOT | Русификатор | Divine Intervention Cheat Menu | Divine Intervention CM [RUS]"
"590","DI_change_to_my_religion_tt","Expected corrective localization override","localization/russian/gui/DI_RUS_l_russian.yml","localization/russian/gui/DI_l_russian.yml","1","2","Divine Intervention AGOT | Русификатор | Divine Intervention Cheat Menu | Divine Intervention CM [RUS]"
"591","DI_change_counties_to_my_religion","Expected corrective localization override","localization/russian/gui/DI_RUS_l_russian.yml","localization/russian/gui/DI_l_russian.yml","1","2","Divine Intervention AGOT | Русификатор | Divine Intervention Cheat Menu | Divine Intervention CM [RUS]"
"592","DI_change_counties_to_my_religion_tt","Expected corrective localization override","localization/russian/gui/DI_RUS_l_russian.yml","localization/russian/gui/DI_l_russian.yml","1","2","Divine Intervention AGOT | Русификатор | Divine Intervention Cheat Menu | Divine Intervention CM [RUS]"
"593","DI_pinned_characters","Expected corrective localization override","localization/russian/gui/DI_RUS_l_russian.yml","localization/russian/gui/DI_l_russian.yml","1","2","Divine Intervention AGOT | Русификатор | Divine Intervention Cheat Menu | Divine Intervention CM [RUS]"
"594","DI_pinned_characters_no_match","Expected corrective localization override","localization/russian/gui/DI_RUS_l_russian.yml","localization/russian/gui/DI_l_russian.yml","1","2","Divine Intervention AGOT | Русификатор | Divine Intervention Cheat Menu | Divine Intervention CM [RUS]"
"595","DI_pinned_char_var","Expected corrective localization override","localization/russian/gui/DI_RUS_l_russian.yml","localization/russian/gui/DI_l_russian.yml","1","2","Divine Intervention AGOT | Русификатор | Divine Intervention Cheat Menu | Divine Intervention CM [RUS]"
"596","DI_pinned_single_view","Expected corrective localization override","localization/russian/gui/DI_RUS_l_russian.yml","localization/russian/gui/DI_l_russian.yml","1","2","Divine Intervention AGOT | Русификатор | Divine Intervention Cheat Menu | Divine Intervention CM [RUS]"
"597","DI_primary_pinned_character","Expected corrective localization override","localization/russian/gui/DI_RUS_l_russian.yml","localization/russian/gui/DI_l_russian.yml","1","1","Divine Intervention AGOT | Русификатор | Divine Intervention Cheat Menu | Divine Intervention CM [RUS]"
"598","DI_increment","Expected corrective localization override","localization/russian/gui/DI_RUS_l_russian.yml","localization/russian/gui/DI_l_russian.yml","1","2","Divine Intervention AGOT | Русификатор | Divine Intervention Cheat Menu | Divine Intervention CM [RUS]"
"599","DI_increment_tt","Expected corrective localization override","localization/russian/gui/DI_RUS_l_russian.yml","localization/russian/gui/DI_l_russian.yml","1","2","Divine Intervention AGOT | Русификатор | Divine Intervention Cheat Menu | Divine Intervention CM [RUS]"
"600","DI_age","Expected corrective localization override","localization/russian/gui/DI_RUS_l_russian.yml","localization/russian/gui/DI_l_russian.yml","1","2","Divine Intervention AGOT | Русификатор | Divine Intervention Cheat Menu | Divine Intervention CM [RUS]"
"601","DI_kill_tt","Expected corrective localization override","localization/russian/gui/DI_RUS_l_russian.yml","localization/russian/gui/DI_l_russian.yml","1","2","Divine Intervention AGOT | Русификатор | Divine Intervention Cheat Menu | Divine Intervention CM [RUS]"
"602","DI_vassalize_tt","Expected corrective localization override","localization/russian/gui/DI_RUS_l_russian.yml","localization/russian/gui/DI_l_russian.yml","1","2","Divine Intervention AGOT | Русификатор | Divine Intervention Cheat Menu | Divine Intervention CM [RUS]"
"603","DI_STRESS_TOOLTIP","Expected corrective localization override","localization/russian/gui/DI_RUS_l_russian.yml","localization/russian/gui/DI_l_russian.yml","2","3","Divine Intervention AGOT | Русификатор | Divine Intervention Cheat Menu | Divine Intervention CM [RUS]"
"604","DI_pinned_age","Expected corrective localization override","localization/russian/gui/DI_RUS_l_russian.yml","localization/russian/gui/DI_l_russian.yml","1","1","Divine Intervention AGOT | Русификатор | Divine Intervention Cheat Menu | Divine Intervention CM [RUS]"
"605","DI_PC_diplomacy","Expected corrective localization override","localization/russian/gui/DI_RUS_l_russian.yml","localization/russian/gui/DI_l_russian.yml","1","2","Divine Intervention AGOT | Русификатор | Divine Intervention Cheat Menu | Divine Intervention CM [RUS]"
"606","DI_PC_martial","Expected corrective localization override","localization/russian/gui/DI_RUS_l_russian.yml","localization/russian/gui/DI_l_russian.yml","1","2","Divine Intervention AGOT | Русификатор | Divine Intervention Cheat Menu | Divine Intervention CM [RUS]"
"607","DI_PC_stewardship","Expected corrective localization override","localization/russian/gui/DI_RUS_l_russian.yml","localization/russian/gui/DI_l_russian.yml","1","2","Divine Intervention AGOT | Русификатор | Divine Intervention Cheat Menu | Divine Intervention CM [RUS]"
"608","DI_PC_intrigue","Expected corrective localization override","localization/russian/gui/DI_RUS_l_russian.yml","localization/russian/gui/DI_l_russian.yml","1","2","Divine Intervention AGOT | Русификатор | Divine Intervention Cheat Menu | Divine Intervention CM [RUS]"
"609","DI_PC_learning","Expected corrective localization override","localization/russian/gui/DI_RUS_l_russian.yml","localization/russian/gui/DI_l_russian.yml","1","2","Divine Intervention AGOT | Русификатор | Divine Intervention Cheat Menu | Divine Intervention CM [RUS]"
"610","DI_PC_prowess","Expected corrective localization override","localization/russian/gui/DI_RUS_l_russian.yml","localization/russian/gui/DI_l_russian.yml","1","2","Divine Intervention AGOT | Русификатор | Divine Intervention Cheat Menu | Divine Intervention CM [RUS]"
"611","DI_PC_gold","Expected corrective localization override","localization/russian/gui/DI_RUS_l_russian.yml","localization/russian/gui/DI_l_russian.yml","1","2","Divine Intervention AGOT | Русификатор | Divine Intervention Cheat Menu | Divine Intervention CM [RUS]"
"612","DI_PC_prestige","Expected corrective localization override","localization/russian/gui/DI_RUS_l_russian.yml","localization/russian/gui/DI_l_russian.yml","1","2","Divine Intervention AGOT | Русификатор | Divine Intervention Cheat Menu | Divine Intervention CM [RUS]"
"613","DI_PC_piety","Expected corrective localization override","localization/russian/gui/DI_RUS_l_russian.yml","localization/russian/gui/DI_l_russian.yml","1","2","Divine Intervention AGOT | Русификатор | Divine Intervention Cheat Menu | Divine Intervention CM [RUS]"
"614","DI_PC_dprestige","Expected corrective localization override","localization/russian/gui/DI_RUS_l_russian.yml","localization/russian/gui/DI_l_russian.yml","1","2","Divine Intervention AGOT | Русификатор | Divine Intervention Cheat Menu | Divine Intervention CM [RUS]"
"615","DI_PC_influence","Expected corrective localization override","localization/russian/gui/DI_RUS_l_russian.yml","localization/russian/gui/DI_l_russian.yml","1","2","Divine Intervention AGOT | Русификатор | Divine Intervention Cheat Menu | Divine Intervention CM [RUS]"
"616","DI_PC_provisions","Expected corrective localization override","localization/russian/gui/DI_RUS_l_russian.yml","localization/russian/gui/DI_l_russian.yml","1","2","Divine Intervention AGOT | Русификатор | Divine Intervention Cheat Menu | Divine Intervention CM [RUS]"
"617","DI_PC_herd","Expected corrective localization override","localization/russian/gui/DI_RUS_l_russian.yml","localization/russian/gui/DI_l_russian.yml","1","1","Divine Intervention AGOT | Русификатор | Divine Intervention Cheat Menu | Divine Intervention CM [RUS]"
"618","DI_PC_barter_goods","Expected corrective localization override","localization/russian/gui/DI_RUS_l_russian.yml","localization/russian/gui/DI_l_russian.yml","1","1","Divine Intervention AGOT | Русификатор | Divine Intervention Cheat Menu | Divine Intervention CM [RUS]"
"619","DI_PC_treasury","Expected corrective localization override","localization/russian/gui/DI_RUS_l_russian.yml","localization/russian/gui/DI_l_russian.yml","1","1","Divine Intervention AGOT | Русификатор | Divine Intervention Cheat Menu | Divine Intervention CM [RUS]"
"620","DI_PC_merit_level","Expected corrective localization override","localization/russian/gui/DI_RUS_l_russian.yml","localization/russian/gui/DI_l_russian.yml","1","1","Divine Intervention AGOT | Русификатор | Divine Intervention Cheat Menu | Divine Intervention CM [RUS]"
"621","DI_apply_skill","Expected corrective localization override","localization/russian/gui/DI_RUS_l_russian.yml","localization/russian/gui/DI_l_russian.yml","1","1","Divine Intervention AGOT | Русификатор | Divine Intervention Cheat Menu | Divine Intervention CM [RUS]"
"622","DI_execute_tt","Expected corrective localization override","localization/russian/gui/DI_RUS_l_russian.yml","localization/russian/gui/DI_l_russian.yml","1","2","Divine Intervention AGOT | Русификатор | Divine Intervention Cheat Menu | Divine Intervention CM [RUS]"
"623","DI_house_arrest_tt","Expected corrective localization override","localization/russian/gui/DI_RUS_l_russian.yml","localization/russian/gui/DI_l_russian.yml","1","2","Divine Intervention AGOT | Русификатор | Divine Intervention Cheat Menu | Divine Intervention CM [RUS]"
"624","DI_imprison_tt","Expected corrective localization override","localization/russian/gui/DI_RUS_l_russian.yml","localization/russian/gui/DI_l_russian.yml","1","2","Divine Intervention AGOT | Русификатор | Divine Intervention Cheat Menu | Divine Intervention CM [RUS]"
"625","DI_pin_living","Expected corrective localization override","localization/russian/gui/DI_RUS_l_russian.yml","localization/russian/gui/DI_l_russian.yml","1","2","Divine Intervention AGOT | Русификатор | Divine Intervention Cheat Menu | Divine Intervention CM [RUS]"
"626","DI_pin_living_tt","Expected corrective localization override","localization/russian/gui/DI_RUS_l_russian.yml","localization/russian/gui/DI_l_russian.yml","1","2","Divine Intervention AGOT | Русификатор | Divine Intervention Cheat Menu | Divine Intervention CM [RUS]"
"627","DI_pin_pinned","Expected corrective localization override","localization/russian/gui/DI_RUS_l_russian.yml","localization/russian/gui/DI_l_russian.yml","1","2","Divine Intervention AGOT | Русификатор | Divine Intervention Cheat Menu | Divine Intervention CM [RUS]"
"628","DI_pin_pinned_tt","Expected corrective localization override","localization/russian/gui/DI_RUS_l_russian.yml","localization/russian/gui/DI_l_russian.yml","1","2","Divine Intervention AGOT | Русификатор | Divine Intervention Cheat Menu | Divine Intervention CM [RUS]"
"629","DI_PC_religion_tt","Expected corrective localization override","localization/russian/gui/DI_RUS_l_russian.yml","localization/russian/gui/DI_l_russian.yml","1","2","Divine Intervention AGOT | Русификатор | Divine Intervention Cheat Menu | Divine Intervention CM [RUS]"
"630","DI_PC_culture_tt","Expected corrective localization override","localization/russian/gui/DI_RUS_l_russian.yml","localization/russian/gui/DI_l_russian.yml","1","2","Divine Intervention AGOT | Русификатор | Divine Intervention Cheat Menu | Divine Intervention CM [RUS]"
"631","DI_PC_title_tt","Expected corrective localization override","localization/russian/gui/DI_RUS_l_russian.yml","localization/russian/gui/DI_l_russian.yml","1","2","Divine Intervention AGOT | Русификатор | Divine Intervention Cheat Menu | Divine Intervention CM [RUS]"
"632","DI_PC_title_options","Expected corrective localization override","localization/russian/gui/DI_RUS_l_russian.yml","localization/russian/gui/DI_l_russian.yml","1","2","Divine Intervention AGOT | Русификатор | Divine Intervention Cheat Menu | Divine Intervention CM [RUS]"
"633","DI_PC_title_options_tt","Expected corrective localization override","localization/russian/gui/DI_RUS_l_russian.yml","localization/russian/gui/DI_l_russian.yml","1","2","Divine Intervention AGOT | Русификатор | Divine Intervention Cheat Menu | Divine Intervention CM [RUS]"
"634","DI_unpin_tt","Expected corrective localization override","localization/russian/gui/DI_RUS_l_russian.yml","localization/russian/gui/DI_l_russian.yml","1","2","Divine Intervention AGOT | Русификатор | Divine Intervention Cheat Menu | Divine Intervention CM [RUS]"
"635","DI_title_manager","Expected corrective localization override","localization/russian/gui/DI_RUS_l_russian.yml","localization/russian/gui/DI_l_russian.yml","1","2","Divine Intervention AGOT | Русификатор | Divine Intervention Cheat Menu | Divine Intervention CM [RUS]"
"636","DI_title_manager_tt","Expected corrective localization override","localization/russian/gui/DI_RUS_l_russian.yml","localization/russian/gui/DI_l_russian.yml","1","2","Divine Intervention AGOT | Русификатор | Divine Intervention Cheat Menu | Divine Intervention CM [RUS]"
"637","DI_tab_filter","Expected corrective localization override","localization/russian/gui/DI_RUS_l_russian.yml","localization/russian/gui/DI_l_russian.yml","1","2","Divine Intervention AGOT | Русификатор | Divine Intervention Cheat Menu | Divine Intervention CM [RUS]"
"638","DI_tab_filter_tt","Expected corrective localization override","localization/russian/gui/DI_RUS_l_russian.yml","localization/russian/gui/DI_l_russian.yml","1","2","Divine Intervention AGOT | Русификатор | Divine Intervention Cheat Menu | Divine Intervention CM [RUS]"
"639","DI_tab_quick_actions","Expected corrective localization override","localization/russian/gui/DI_RUS_l_russian.yml","localization/russian/gui/DI_l_russian.yml","1","2","Divine Intervention AGOT | Русификатор | Divine Intervention Cheat Menu | Divine Intervention CM [RUS]"
"640","DI_tab_quick_actions_tt","Expected corrective localization override","localization/russian/gui/DI_RUS_l_russian.yml","localization/russian/gui/DI_l_russian.yml","1","2","Divine Intervention AGOT | Русификатор | Divine Intervention Cheat Menu | Divine Intervention CM [RUS]"
"641","DI_tab_conversion","Expected corrective localization override","localization/russian/gui/DI_RUS_l_russian.yml","localization/russian/gui/DI_l_russian.yml","1","2","Divine Intervention AGOT | Русификатор | Divine Intervention Cheat Menu | Divine Intervention CM [RUS]"
"642","DI_tab_conversion_tt","Expected corrective localization override","localization/russian/gui/DI_RUS_l_russian.yml","localization/russian/gui/DI_l_russian.yml","1","2","Divine Intervention AGOT | Русификатор | Divine Intervention Cheat Menu | Divine Intervention CM [RUS]"
"643","DI_tab_province_management","Expected corrective localization override","localization/russian/gui/DI_RUS_l_russian.yml","localization/russian/gui/DI_l_russian.yml","1","2","Divine Intervention AGOT | Русификатор | Divine Intervention Cheat Menu | Divine Intervention CM [RUS]"
"644","DI_tab_province_management_tt","Expected corrective localization override","localization/russian/gui/DI_RUS_l_russian.yml","localization/russian/gui/DI_l_russian.yml","1","2","Divine Intervention AGOT | Русификатор | Divine Intervention Cheat Menu | Divine Intervention CM [RUS]"
"645","DI_toggle_all_pinned_titles","Expected corrective localization override","localization/russian/gui/DI_RUS_l_russian.yml","localization/russian/gui/DI_l_russian.yml","1","2","Divine Intervention AGOT | Русификатор | Divine Intervention Cheat Menu | Divine Intervention CM [RUS]"
"646","DI_toggle_all_pinned_titles_tt","Expected corrective localization override","localization/russian/gui/DI_RUS_l_russian.yml","localization/russian/gui/DI_l_russian.yml","1","2","Divine Intervention AGOT | Русификатор | Divine Intervention Cheat Menu | Divine Intervention CM [RUS]"
"647","DI_clear_all_pinned_titles","Expected corrective localization override","localization/russian/gui/DI_RUS_l_russian.yml","localization/russian/gui/DI_l_russian.yml","1","2","Divine Intervention AGOT | Русификатор | Divine Intervention Cheat Menu | Divine Intervention CM [RUS]"
"648","DI_unpin_selected_titles","Expected corrective localization override","localization/russian/gui/DI_RUS_l_russian.yml","localization/russian/gui/DI_l_russian.yml","1","2","Divine Intervention AGOT | Русификатор | Divine Intervention Cheat Menu | Divine Intervention CM [RUS]"
"649","DI_pinned_characters_titles","Expected corrective localization override","localization/russian/gui/DI_RUS_l_russian.yml","localization/russian/gui/DI_l_russian.yml","1","2","Divine Intervention AGOT | Русификатор | Divine Intervention Cheat Menu | Divine Intervention CM [RUS]"
"650","DI_sort_by_rank","Expected corrective localization override","localization/russian/gui/DI_RUS_l_russian.yml","localization/russian/gui/DI_l_russian.yml","1","2","Divine Intervention AGOT | Русификатор | Divine Intervention Cheat Menu | Divine Intervention CM [RUS]"
"651","DI_select_empires","Expected corrective localization override","localization/russian/gui/DI_RUS_l_russian.yml","localization/russian/gui/DI_l_russian.yml","1","2","Divine Intervention AGOT | Русификатор | Divine Intervention Cheat Menu | Divine Intervention CM [RUS]"
"652","DI_select_empires_tt","Expected corrective localization override","localization/russian/gui/DI_RUS_l_russian.yml","localization/russian/gui/DI_l_russian.yml","1","2","Divine Intervention AGOT | Русификатор | Divine Intervention Cheat Menu | Divine Intervention CM [RUS]"
"653","DI_select_kingdoms","Expected corrective localization override","localization/russian/gui/DI_RUS_l_russian.yml","localization/russian/gui/DI_l_russian.yml","1","2","Divine Intervention AGOT | Русификатор | Divine Intervention Cheat Menu | Divine Intervention CM [RUS]"
"654","DI_select_kingdoms_tt","Expected corrective localization override","localization/russian/gui/DI_RUS_l_russian.yml","localization/russian/gui/DI_l_russian.yml","2","2","Divine Intervention AGOT | Русификатор | Divine Intervention Cheat Menu | Divine Intervention CM [RUS]"
"655","DI_select_duchies","Expected corrective localization override","localization/russian/gui/DI_RUS_l_russian.yml","localization/russian/gui/DI_l_russian.yml","1","2","Divine Intervention AGOT | Русификатор | Divine Intervention Cheat Menu | Divine Intervention CM [RUS]"
"656","DI_select_duchies_tt","Expected corrective localization override","localization/russian/gui/DI_RUS_l_russian.yml","localization/russian/gui/DI_l_russian.yml","1","2","Divine Intervention AGOT | Русификатор | Divine Intervention Cheat Menu | Divine Intervention CM [RUS]"
"657","DI_select_counties","Expected corrective localization override","localization/russian/gui/DI_RUS_l_russian.yml","localization/russian/gui/DI_l_russian.yml","1","2","Divine Intervention AGOT | Русификатор | Divine Intervention Cheat Menu | Divine Intervention CM [RUS]"
"658","DI_select_counties_tt","Expected corrective localization override","localization/russian/gui/DI_RUS_l_russian.yml","localization/russian/gui/DI_l_russian.yml","2","3","Divine Intervention AGOT | Русификатор | Divine Intervention Cheat Menu | Divine Intervention CM [RUS]"
"659","DI_claim_titles","Expected corrective localization override","localization/russian/gui/DI_RUS_l_russian.yml","localization/russian/gui/DI_l_russian.yml","1","2","Divine Intervention AGOT | Русификатор | Divine Intervention Cheat Menu | Divine Intervention CM [RUS]"
"660","DI_take_titles","Expected corrective localization override","localization/russian/gui/DI_RUS_l_russian.yml","localization/russian/gui/DI_l_russian.yml","1","2","Divine Intervention AGOT | Русификатор | Divine Intervention Cheat Menu | Divine Intervention CM [RUS]"
"661","DI_destroy_titles","Expected corrective localization override","localization/russian/gui/DI_RUS_l_russian.yml","localization/russian/gui/DI_l_russian.yml","1","2","Divine Intervention AGOT | Русификатор | Divine Intervention Cheat Menu | Divine Intervention CM [RUS]"
"662","DI_convert_religion","Expected corrective localization override","localization/russian/gui/DI_RUS_l_russian.yml","localization/russian/gui/DI_l_russian.yml","1","2","Divine Intervention AGOT | Русификатор | Divine Intervention Cheat Menu | Divine Intervention CM [RUS]"
"663","DI_convert_culture","Expected corrective localization override","localization/russian/gui/DI_RUS_l_russian.yml","localization/russian/gui/DI_l_russian.yml","1","2","Divine Intervention AGOT | Русификатор | Divine Intervention Cheat Menu | Divine Intervention CM [RUS]"
"664","DI_convert_dejure","Expected corrective localization override","localization/russian/gui/DI_RUS_l_russian.yml","localization/russian/gui/DI_l_russian.yml","1","2","Divine Intervention AGOT | Русификатор | Divine Intervention Cheat Menu | Divine Intervention CM [RUS]"
"665","DI_remove_holding","Expected corrective localization override","localization/russian/gui/DI_RUS_l_russian.yml","localization/russian/gui/DI_l_russian.yml","1","2","Divine Intervention AGOT | Русификатор | Divine Intervention Cheat Menu | Divine Intervention CM [RUS]"
"666","DI_remove_holding_tt","Expected corrective localization override","localization/russian/gui/DI_RUS_l_russian.yml","localization/russian/gui/DI_l_russian.yml","1","2","Divine Intervention AGOT | Русификатор | Divine Intervention Cheat Menu | Divine Intervention CM [RUS]"
"667","DI_add_building_slot","Expected corrective localization override","localization/russian/gui/DI_RUS_l_russian.yml","localization/russian/gui/DI_l_russian.yml","1","2","Divine Intervention AGOT | Русификатор | Divine Intervention Cheat Menu | Divine Intervention CM [RUS]"
"668","DI_add_building_slot_tt","Expected corrective localization override","localization/russian/gui/DI_RUS_l_russian.yml","localization/russian/gui/DI_l_russian.yml","1","2","Divine Intervention AGOT | Русификатор | Divine Intervention Cheat Menu | Divine Intervention CM [RUS]"
"669","DI_set_holding_type","Expected corrective localization override","localization/russian/gui/DI_RUS_l_russian.yml","localization/russian/gui/DI_l_russian.yml","1","2","Divine Intervention AGOT | Русификатор | Divine Intervention Cheat Menu | Divine Intervention CM [RUS]"
"670","DI_set_holding_type_tt","Expected corrective localization override","localization/russian/gui/DI_RUS_l_russian.yml","localization/russian/gui/DI_l_russian.yml","1","2","Divine Intervention AGOT | Русификатор | Divine Intervention Cheat Menu | Divine Intervention CM [RUS]"
"671","DI_remove_buildings","Expected corrective localization override","localization/russian/gui/DI_RUS_l_russian.yml","localization/russian/gui/DI_l_russian.yml","1","2","Divine Intervention AGOT | Русификатор | Divine Intervention Cheat Menu | Divine Intervention CM [RUS]"
"672","DI_max_building_upgrades","Expected corrective localization override","localization/russian/gui/DI_RUS_l_russian.yml","localization/russian/gui/DI_l_russian.yml","1","2","Divine Intervention AGOT | Русификатор | Divine Intervention Cheat Menu | Divine Intervention CM [RUS]"
"673","DI_generate_buildings","Expected corrective localization override","localization/russian/gui/DI_RUS_l_russian.yml","localization/russian/gui/DI_l_russian.yml","1","2","Divine Intervention AGOT | Русификатор | Divine Intervention Cheat Menu | Divine Intervention CM [RUS]"
"674","DI_construct_building","Expected corrective localization override","localization/russian/gui/DI_RUS_l_russian.yml","localization/russian/gui/DI_l_russian.yml","1","2","Divine Intervention AGOT | Русификатор | Divine Intervention Cheat Menu | Divine Intervention CM [RUS]"
"675","DI_select_holding_type","Expected corrective localization override","localization/russian/gui/DI_RUS_l_russian.yml","localization/russian/gui/DI_l_russian.yml","1","2","Divine Intervention AGOT | Русификатор | Divine Intervention Cheat Menu | Divine Intervention CM [RUS]"
"676","DI_already_county_capital_tt","Expected corrective localization override","localization/russian/gui/DI_RUS_l_russian.yml","localization/russian/gui/DI_l_russian.yml","1","2","Divine Intervention AGOT | Русификатор | Divine Intervention Cheat Menu | Divine Intervention CM [RUS]"
"677","DI_make_county_capital_tt","Expected corrective localization override","localization/russian/gui/DI_RUS_l_russian.yml","localization/russian/gui/DI_l_russian.yml","1","2","Divine Intervention AGOT | Русификатор | Divine Intervention Cheat Menu | Divine Intervention CM [RUS]"
"678","DI_selected_over_pinned_tt","Expected corrective localization override","localization/russian/gui/DI_RUS_l_russian.yml","localization/russian/gui/DI_l_russian.yml","1","2","Divine Intervention AGOT | Русификатор | Divine Intervention Cheat Menu | Divine Intervention CM [RUS]"
"679","DI_pinned_over_pinned_tt","Expected corrective localization override","localization/russian/gui/DI_RUS_l_russian.yml","localization/russian/gui/DI_l_russian.yml","1","2","Divine Intervention AGOT | Русификатор | Divine Intervention Cheat Menu | Divine Intervention CM [RUS]"
"680","DI_create_dejure_liege_title","Expected corrective localization override","localization/russian/gui/DI_RUS_l_russian.yml","localization/russian/gui/DI_l_russian.yml","1","2","Divine Intervention AGOT | Русификатор | Divine Intervention Cheat Menu | Divine Intervention CM [RUS]"
"681","DI_create_dejure_liege_title_tt","Expected corrective localization override","localization/russian/gui/DI_RUS_l_russian.yml","localization/russian/gui/DI_l_russian.yml","1","2","Divine Intervention AGOT | Русификатор | Divine Intervention Cheat Menu | Divine Intervention CM [RUS]"
"682","DI_create_dejure_vassal_titles","Expected corrective localization override","localization/russian/gui/DI_RUS_l_russian.yml","localization/russian/gui/DI_l_russian.yml","1","2","Divine Intervention AGOT | Русификатор | Divine Intervention Cheat Menu | Divine Intervention CM [RUS]"
"683","DI_create_dejure_vassal_titles_tt","Expected corrective localization override","localization/russian/gui/DI_RUS_l_russian.yml","localization/russian/gui/DI_l_russian.yml","1","2","Divine Intervention AGOT | Русификатор | Divine Intervention Cheat Menu | Divine Intervention CM [RUS]"
"684","DI_create_entire_dejure_tree","Expected corrective localization override","localization/russian/gui/DI_RUS_l_russian.yml","localization/russian/gui/DI_l_russian.yml","1","2","Divine Intervention AGOT | Русификатор | Divine Intervention Cheat Menu | Divine Intervention CM [RUS]"
"685","DI_create_entire_dejure_tree_tt","Expected corrective localization override","localization/russian/gui/DI_RUS_l_russian.yml","localization/russian/gui/DI_l_russian.yml","1","2","Divine Intervention AGOT | Русификатор | Divine Intervention Cheat Menu | Divine Intervention CM [RUS]"
"686","game_concept_tribe_holding","Expected corrective localization override","localization/russian/gui/DI_RUS_l_russian.yml","localization/russian/gui/DI_l_russian.yml","1","1","Divine Intervention AGOT | Русификатор | Divine Intervention Cheat Menu | Divine Intervention CM [RUS]"
"687","DI_dejure_title","Expected corrective localization override","localization/russian/gui/DI_RUS_l_russian.yml","localization/russian/gui/DI_l_russian.yml","1","2","Divine Intervention AGOT | Русификатор | Divine Intervention Cheat Menu | Divine Intervention CM [RUS]"
"688","DI_event_manager_title","Expected corrective localization override","localization/russian/gui/DI_RUS_l_russian.yml","localization/russian/gui/DI_l_russian.yml","1","2","Divine Intervention AGOT | Русификатор | Divine Intervention Cheat Menu | Divine Intervention CM [RUS]"
"689","DI_event_manager_tt","Expected corrective localization override","localization/russian/gui/DI_RUS_l_russian.yml","localization/russian/gui/DI_l_russian.yml","1","2","Divine Intervention AGOT | Русификатор | Divine Intervention Cheat Menu | Divine Intervention CM [RUS]"
"690","DI_em_example_event","Expected corrective localization override","localization/russian/gui/DI_RUS_l_russian.yml","localization/russian/gui/DI_l_russian.yml","1","2","Divine Intervention AGOT | Русификатор | Divine Intervention Cheat Menu | Divine Intervention CM [RUS]"
"691","DI_em_pregnancy","Expected corrective localization override","localization/russian/gui/DI_RUS_l_russian.yml","localization/russian/gui/DI_l_russian.yml","1","2","Divine Intervention AGOT | Русификатор | Divine Intervention Cheat Menu | Divine Intervention CM [RUS]"
"692","DI_em_harm","Expected corrective localization override","localization/russian/gui/DI_RUS_l_russian.yml","localization/russian/gui/DI_l_russian.yml","1","2","Divine Intervention AGOT | Русификатор | Divine Intervention Cheat Menu | Divine Intervention CM [RUS]"
"693","DI_char_spawner","Expected corrective localization override","localization/russian/gui/DI_RUS_l_russian.yml","localization/russian/gui/DI_l_russian.yml","1","2","Divine Intervention AGOT | Русификатор | Divine Intervention Cheat Menu | Divine Intervention CM [RUS]"
"694","DI_char_spawner_female","Expected corrective localization override","localization/russian/gui/DI_RUS_l_russian.yml","localization/russian/gui/DI_l_russian.yml","1","2","Divine Intervention AGOT | Русификатор | Divine Intervention Cheat Menu | Divine Intervention CM [RUS]"
"695","DI_char_spawner_no_traits","Expected corrective localization override","localization/russian/gui/DI_RUS_l_russian.yml","localization/russian/gui/DI_l_russian.yml","1","2","Divine Intervention AGOT | Русификатор | Divine Intervention Cheat Menu | Divine Intervention CM [RUS]"
"696","DI_char_spawner_100_stat_man","Expected corrective localization override","localization/russian/gui/DI_RUS_l_russian.yml","localization/russian/gui/DI_l_russian.yml","1","2","Divine Intervention AGOT | Русификатор | Divine Intervention Cheat Menu | Divine Intervention CM [RUS]"
"697","DI_char_spawner_good_traits","Expected corrective localization override","localization/russian/gui/DI_RUS_l_russian.yml","localization/russian/gui/DI_l_russian.yml","1","2","Divine Intervention AGOT | Русификатор | Divine Intervention Cheat Menu | Divine Intervention CM [RUS]"
"698","DI_char_spawner_immortal","Expected corrective localization override","localization/russian/gui/DI_RUS_l_russian.yml","localization/russian/gui/DI_l_russian.yml","1","2","Divine Intervention AGOT | Русификатор | Divine Intervention Cheat Menu | Divine Intervention CM [RUS]"
"699","DI_char_spawner_origins","Expected corrective localization override","localization/russian/gui/DI_RUS_l_russian.yml","localization/russian/gui/DI_l_russian.yml","1","2","Divine Intervention AGOT | Русификатор | Divine Intervention Cheat Menu | Divine Intervention CM [RUS]"
"700","DI_char_spawner_culture","Expected corrective localization override","localization/russian/gui/DI_RUS_l_russian.yml","localization/russian/gui/DI_l_russian.yml","1","2","Divine Intervention AGOT | Русификатор | Divine Intervention Cheat Menu | Divine Intervention CM [RUS]"
"701","DI_char_spawner_faith","Expected corrective localization override","localization/russian/gui/DI_RUS_l_russian.yml","localization/russian/gui/DI_l_russian.yml","1","2","Divine Intervention AGOT | Русификатор | Divine Intervention Cheat Menu | Divine Intervention CM [RUS]"
"702","DI_char_spawner_origin_target","Expected corrective localization override","localization/russian/gui/DI_RUS_l_russian.yml","localization/russian/gui/DI_l_russian.yml","1","2","Divine Intervention AGOT | Русификатор | Divine Intervention Cheat Menu | Divine Intervention CM [RUS]"
"703","DI_char_spawner_origin_target_tt","Expected corrective localization override","localization/russian/gui/DI_RUS_l_russian.yml","localization/russian/gui/DI_l_russian.yml","1","2","Divine Intervention AGOT | Русификатор | Divine Intervention Cheat Menu | Divine Intervention CM [RUS]"
"704","DI_char_spawner_origin_random","Expected corrective localization override","localization/russian/gui/DI_RUS_l_russian.yml","localization/russian/gui/DI_l_russian.yml","1","2","Divine Intervention AGOT | Русификатор | Divine Intervention Cheat Menu | Divine Intervention CM [RUS]"
"705","DI_char_spawner_random_culture_tt","Expected corrective localization override","localization/russian/gui/DI_RUS_l_russian.yml","localization/russian/gui/DI_l_russian.yml","1","2","Divine Intervention AGOT | Русификатор | Divine Intervention Cheat Menu | Divine Intervention CM [RUS]"
"706","DI_char_spawner_random_faith_tt","Expected corrective localization override","localization/russian/gui/DI_RUS_l_russian.yml","localization/russian/gui/DI_l_russian.yml","1","2","Divine Intervention AGOT | Русификатор | Divine Intervention Cheat Menu | Divine Intervention CM [RUS]"
"707","DI_char_spawner_select_culture_tt","Expected corrective localization override","localization/russian/gui/DI_RUS_l_russian.yml","localization/russian/gui/DI_l_russian.yml","1","2","Divine Intervention AGOT | Русификатор | Divine Intervention Cheat Menu | Divine Intervention CM [RUS]"
"708","DI_char_spawner_select_faith_tt","Expected corrective localization override","localization/russian/gui/DI_RUS_l_russian.yml","localization/russian/gui/DI_l_russian.yml","1","2","Divine Intervention AGOT | Русификатор | Divine Intervention Cheat Menu | Divine Intervention CM [RUS]"
"709","DI_char_spawner_select_faith","Expected corrective localization override","localization/russian/gui/DI_RUS_l_russian.yml","localization/russian/gui/DI_l_russian.yml","1","2","Divine Intervention AGOT | Русификатор | Divine Intervention Cheat Menu | Divine Intervention CM [RUS]"
"710","DI_char_spawner_random_options","Expected corrective localization override","localization/russian/gui/DI_RUS_l_russian.yml","localization/russian/gui/DI_l_russian.yml","1","2","Divine Intervention AGOT | Русификатор | Divine Intervention Cheat Menu | Divine Intervention CM [RUS]"
"711","DI_char_spawner_random_culture_title","Expected corrective localization override","localization/russian/gui/DI_RUS_l_russian.yml","localization/russian/gui/DI_l_russian.yml","1","2","Divine Intervention AGOT | Русификатор | Divine Intervention Cheat Menu | Divine Intervention CM [RUS]"
"712","DI_char_spawner_random_faith_title","Expected corrective localization override","localization/russian/gui/DI_RUS_l_russian.yml","localization/russian/gui/DI_l_russian.yml","1","2","Divine Intervention AGOT | Русификатор | Divine Intervention Cheat Menu | Divine Intervention CM [RUS]"
"713","DI_char_spawner_random_global","Expected corrective localization override","localization/russian/gui/DI_RUS_l_russian.yml","localization/russian/gui/DI_l_russian.yml","1","2","Divine Intervention AGOT | Русификатор | Divine Intervention Cheat Menu | Divine Intervention CM [RUS]"
"714","DI_char_spawner_random_same_heritage","Expected corrective localization override","localization/russian/gui/DI_RUS_l_russian.yml","localization/russian/gui/DI_l_russian.yml","1","2","Divine Intervention AGOT | Русификатор | Divine Intervention Cheat Menu | Divine Intervention CM [RUS]"
"715","DI_char_spawner_random_same_language","Expected corrective localization override","localization/russian/gui/DI_RUS_l_russian.yml","localization/russian/gui/DI_l_russian.yml","1","2","Divine Intervention AGOT | Русификатор | Divine Intervention Cheat Menu | Divine Intervention CM [RUS]"
"716","DI_char_spawner_random_same_religion","Expected corrective localization override","localization/russian/gui/DI_RUS_l_russian.yml","localization/russian/gui/DI_l_russian.yml","1","2","Divine Intervention AGOT | Русификатор | Divine Intervention Cheat Menu | Divine Intervention CM [RUS]"
"717","DI_char_spawner_random_same_family","Expected corrective localization override","localization/russian/gui/DI_RUS_l_russian.yml","localization/russian/gui/DI_l_russian.yml","1","2","Divine Intervention AGOT | Русификатор | Divine Intervention Cheat Menu | Divine Intervention CM [RUS]"
"718","DI_char_spawner_random_realm","Expected corrective localization override","localization/russian/gui/DI_RUS_l_russian.yml","localization/russian/gui/DI_l_russian.yml","1","2","Divine Intervention AGOT | Русификатор | Divine Intervention Cheat Menu | Divine Intervention CM [RUS]"
"719","DI_char_spawner_random_low_acceptance","Expected corrective localization override","localization/russian/gui/DI_RUS_l_russian.yml","localization/russian/gui/DI_l_russian.yml","1","2","Divine Intervention AGOT | Русификатор | Divine Intervention Cheat Menu | Divine Intervention CM [RUS]"
"720","DI_char_spawner_random_moderate_acceptance","Expected corrective localization override","localization/russian/gui/DI_RUS_l_russian.yml","localization/russian/gui/DI_l_russian.yml","1","2","Divine Intervention AGOT | Русификатор | Divine Intervention Cheat Menu | Divine Intervention CM [RUS]"
"721","DI_char_spawner_random_high_acceptance","Expected corrective localization override","localization/russian/gui/DI_RUS_l_russian.yml","localization/russian/gui/DI_l_russian.yml","1","2","Divine Intervention AGOT | Русификатор | Divine Intervention Cheat Menu | Divine Intervention CM [RUS]"
"722","DI_char_spawner_random_faith_accepted","Expected corrective localization override","localization/russian/gui/DI_RUS_l_russian.yml","localization/russian/gui/DI_l_russian.yml","1","2","Divine Intervention AGOT | Русификатор | Divine Intervention Cheat Menu | Divine Intervention CM [RUS]"
"723","DI_char_spawner_random_faith_astray","Expected corrective localization override","localization/russian/gui/DI_RUS_l_russian.yml","localization/russian/gui/DI_l_russian.yml","1","2","Divine Intervention AGOT | Русификатор | Divine Intervention Cheat Menu | Divine Intervention CM [RUS]"
"724","DI_char_spawner_random_faith_hostile","Expected corrective localization override","localization/russian/gui/DI_RUS_l_russian.yml","localization/russian/gui/DI_l_russian.yml","1","2","Divine Intervention AGOT | Русификатор | Divine Intervention Cheat Menu | Divine Intervention CM [RUS]"
"725","DI_family_char_spawner","Expected corrective localization override","localization/russian/gui/DI_RUS_l_russian.yml","localization/russian/gui/DI_l_russian.yml","1","2","Divine Intervention AGOT | Русификатор | Divine Intervention Cheat Menu | Divine Intervention CM [RUS]"
"726","DI_family_char_spawner_tt","Expected corrective localization override","localization/russian/gui/DI_RUS_l_russian.yml","localization/russian/gui/DI_l_russian.yml","1","1","Divine Intervention AGOT | Русификатор | Divine Intervention Cheat Menu | Divine Intervention CM [RUS]"
"727","DI_councillors_char_spawner","Expected corrective localization override","localization/russian/gui/DI_RUS_l_russian.yml","localization/russian/gui/DI_l_russian.yml","1","2","Divine Intervention AGOT | Русификатор | Divine Intervention Cheat Menu | Divine Intervention CM [RUS]"
"728","DI_councillors_char_spawner_tt","Expected corrective localization override","localization/russian/gui/DI_RUS_l_russian.yml","localization/russian/gui/DI_l_russian.yml","1","1","Divine Intervention AGOT | Русификатор | Divine Intervention Cheat Menu | Divine Intervention CM [RUS]"
"729","DI_court_char_spawner","Expected corrective localization override","localization/russian/gui/DI_RUS_l_russian.yml","localization/russian/gui/DI_l_russian.yml","1","2","Divine Intervention AGOT | Русификатор | Divine Intervention Cheat Menu | Divine Intervention CM [RUS]"
"730","DI_court_char_spawner_tt","Expected corrective localization override","localization/russian/gui/DI_RUS_l_russian.yml","localization/russian/gui/DI_l_russian.yml","1","1","Divine Intervention AGOT | Русификатор | Divine Intervention Cheat Menu | Divine Intervention CM [RUS]"
"731","DI_char_spawner_age_increment_tt","Expected corrective localization override","localization/russian/gui/DI_RUS_l_russian.yml","localization/russian/gui/DI_l_russian.yml","1","2","Divine Intervention AGOT | Русификатор | Divine Intervention Cheat Menu | Divine Intervention CM [RUS]"
"732","DI_char_spawner_count_increment_tt","Expected corrective localization override","localization/russian/gui/DI_RUS_l_russian.yml","localization/russian/gui/DI_l_russian.yml","1","2","Divine Intervention AGOT | Русификатор | Divine Intervention Cheat Menu | Divine Intervention CM [RUS]"
"733","DI_char_spawner_count_increment","Expected corrective localization override","localization/russian/gui/DI_RUS_l_russian.yml","localization/russian/gui/DI_l_russian.yml","1","2","Divine Intervention AGOT | Русификатор | Divine Intervention Cheat Menu | Divine Intervention CM [RUS]"
"734","DI_char_spawner_age_increment","Expected corrective localization override","localization/russian/gui/DI_RUS_l_russian.yml","localization/russian/gui/DI_l_russian.yml","1","2","Divine Intervention AGOT | Русификатор | Divine Intervention Cheat Menu | Divine Intervention CM [RUS]"
"735","DI_parent","Expected corrective localization override","localization/russian/gui/DI_RUS_l_russian.yml","localization/russian/gui/DI_l_russian.yml","1","2","Divine Intervention AGOT | Русификатор | Divine Intervention Cheat Menu | Divine Intervention CM [RUS]"
"736","DI_parent_tt","Expected corrective localization override","localization/russian/gui/DI_RUS_l_russian.yml","localization/russian/gui/DI_l_russian.yml","1","2","Divine Intervention AGOT | Русификатор | Divine Intervention Cheat Menu | Divine Intervention CM [RUS]"
"737","DI_child","Expected corrective localization override","localization/russian/gui/DI_RUS_l_russian.yml","localization/russian/gui/DI_l_russian.yml","1","2","Divine Intervention AGOT | Русификатор | Divine Intervention Cheat Menu | Divine Intervention CM [RUS]"
"738","DI_child_tt","Expected corrective localization override","localization/russian/gui/DI_RUS_l_russian.yml","localization/russian/gui/DI_l_russian.yml","1","2","Divine Intervention AGOT | Русификатор | Divine Intervention Cheat Menu | Divine Intervention CM [RUS]"
"739","DI_sibling","Expected corrective localization override","localization/russian/gui/DI_RUS_l_russian.yml","localization/russian/gui/DI_l_russian.yml","1","2","Divine Intervention AGOT | Русификатор | Divine Intervention Cheat Menu | Divine Intervention CM [RUS]"
"740","DI_sibling_tt","Expected corrective localization override","localization/russian/gui/DI_RUS_l_russian.yml","localization/russian/gui/DI_l_russian.yml","1","2","Divine Intervention AGOT | Русификатор | Divine Intervention Cheat Menu | Divine Intervention CM [RUS]"
"741","DI_spouse","Expected corrective localization override","localization/russian/gui/DI_RUS_l_russian.yml","localization/russian/gui/DI_l_russian.yml","1","2","Divine Intervention AGOT | Русификатор | Divine Intervention Cheat Menu | Divine Intervention CM [RUS]"
"742","DI_spouse_tt","Expected corrective localization override","localization/russian/gui/DI_RUS_l_russian.yml","localization/russian/gui/DI_l_russian.yml","1","2","Divine Intervention AGOT | Русификатор | Divine Intervention Cheat Menu | Divine Intervention CM [RUS]"
"743","DI_martial_councillor","Expected corrective localization override","localization/russian/gui/DI_RUS_l_russian.yml","localization/russian/gui/DI_l_russian.yml","1","2","Divine Intervention AGOT | Русификатор | Divine Intervention Cheat Menu | Divine Intervention CM [RUS]"
"744","DI_martial_councillor_tt","Expected corrective localization override","localization/russian/gui/DI_RUS_l_russian.yml","localization/russian/gui/DI_l_russian.yml","1","1","Divine Intervention AGOT | Русификатор | Divine Intervention Cheat Menu | Divine Intervention CM [RUS]"
"745","DI_diplomacy_councillor","Expected corrective localization override","localization/russian/gui/DI_RUS_l_russian.yml","localization/russian/gui/DI_l_russian.yml","1","2","Divine Intervention AGOT | Русификатор | Divine Intervention Cheat Menu | Divine Intervention CM [RUS]"
"746","DI_diplomacy_councillor_tt","Expected corrective localization override","localization/russian/gui/DI_RUS_l_russian.yml","localization/russian/gui/DI_l_russian.yml","1","1","Divine Intervention AGOT | Русификатор | Divine Intervention Cheat Menu | Divine Intervention CM [RUS]"
"747","DI_stewardship_councillor","Expected corrective localization override","localization/russian/gui/DI_RUS_l_russian.yml","localization/russian/gui/DI_l_russian.yml","1","2","Divine Intervention AGOT | Русификатор | Divine Intervention Cheat Menu | Divine Intervention CM [RUS]"
"748","DI_stewardship_councillor_tt","Expected corrective localization override","localization/russian/gui/DI_RUS_l_russian.yml","localization/russian/gui/DI_l_russian.yml","1","1","Divine Intervention AGOT | Русификатор | Divine Intervention Cheat Menu | Divine Intervention CM [RUS]"
"749","DI_intrigue_councillor","Expected corrective localization override","localization/russian/gui/DI_RUS_l_russian.yml","localization/russian/gui/DI_l_russian.yml","1","2","Divine Intervention AGOT | Русификатор | Divine Intervention Cheat Menu | Divine Intervention CM [RUS]"
"750","DI_intrigue_councillor_tt","Expected corrective localization override","localization/russian/gui/DI_RUS_l_russian.yml","localization/russian/gui/DI_l_russian.yml","1","1","Divine Intervention AGOT | Русификатор | Divine Intervention Cheat Menu | Divine Intervention CM [RUS]"
"751","DI_learning_councillor","Expected corrective localization override","localization/russian/gui/DI_RUS_l_russian.yml","localization/russian/gui/DI_l_russian.yml","1","2","Divine Intervention AGOT | Русификатор | Divine Intervention Cheat Menu | Divine Intervention CM [RUS]"
"752","DI_learning_councillor_tt","Expected corrective localization override","localization/russian/gui/DI_RUS_l_russian.yml","localization/russian/gui/DI_l_russian.yml","1","1","Divine Intervention AGOT | Русификатор | Divine Intervention Cheat Menu | Divine Intervention CM [RUS]"
"753","improved_stats_effect_TT","Expected corrective localization override","localization/russian/gui/DI_RUS_l_russian.yml","localization/russian/gui/DI_l_russian.yml","1","1","Divine Intervention AGOT | Русификатор | Divine Intervention Cheat Menu | Divine Intervention CM [RUS]"
"754","DI_commander","Expected corrective localization override","localization/russian/gui/DI_RUS_l_russian.yml","localization/russian/gui/DI_l_russian.yml","1","2","Divine Intervention AGOT | Русификатор | Divine Intervention Cheat Menu | Divine Intervention CM [RUS]"
"755","DI_commander_tt","Expected corrective localization override","localization/russian/gui/DI_RUS_l_russian.yml","localization/russian/gui/DI_l_russian.yml","1","1","Divine Intervention AGOT | Русификатор | Divine Intervention Cheat Menu | Divine Intervention CM [RUS]"
"756","DI_knight","Expected corrective localization override","localization/russian/gui/DI_RUS_l_russian.yml","localization/russian/gui/DI_l_russian.yml","1","2","Divine Intervention AGOT | Русификатор | Divine Intervention Cheat Menu | Divine Intervention CM [RUS]"
"757","DI_knight_tt","Expected corrective localization override","localization/russian/gui/DI_RUS_l_russian.yml","localization/russian/gui/DI_l_russian.yml","1","1","Divine Intervention AGOT | Русификатор | Divine Intervention Cheat Menu | Divine Intervention CM [RUS]"
"758","DI_normal_courtier","Expected corrective localization override","localization/russian/gui/DI_RUS_l_russian.yml","localization/russian/gui/DI_l_russian.yml","1","2","Divine Intervention AGOT | Русификатор | Divine Intervention Cheat Menu | Divine Intervention CM [RUS]"
"759","DI_normal_courtier_tt","Expected corrective localization override","localization/russian/gui/DI_RUS_l_russian.yml","localization/russian/gui/DI_l_russian.yml","1","2","Divine Intervention AGOT | Русификатор | Divine Intervention Cheat Menu | Divine Intervention CM [RUS]"
"760","DI_low_normal_courtier","Expected corrective localization override","localization/russian/gui/DI_RUS_l_russian.yml","localization/russian/gui/DI_l_russian.yml","1","2","Divine Intervention AGOT | Русификатор | Divine Intervention Cheat Menu | Divine Intervention CM [RUS]"
"761","DI_low_normal_courtier_tt","Expected corrective localization override","localization/russian/gui/DI_RUS_l_russian.yml","localization/russian/gui/DI_l_russian.yml","1","2","Divine Intervention AGOT | Русификатор | Divine Intervention Cheat Menu | Divine Intervention CM [RUS]"
"762","DI_court_physician","Expected corrective localization override","localization/russian/gui/DI_RUS_l_russian.yml","localization/russian/gui/DI_l_russian.yml","1","2","Divine Intervention AGOT | Русификатор | Divine Intervention Cheat Menu | Divine Intervention CM [RUS]"
"763","DI_cultural_emissary","Expected corrective localization override","localization/russian/gui/DI_RUS_l_russian.yml","localization/russian/gui/DI_l_russian.yml","1","2","Divine Intervention AGOT | Русификатор | Divine Intervention Cheat Menu | Divine Intervention CM [RUS]"
"764","DI_keeper_of_swans","Expected corrective localization override","localization/russian/gui/DI_RUS_l_russian.yml","localization/russian/gui/DI_l_russian.yml","1","2","Divine Intervention AGOT | Русификатор | Divine Intervention Cheat Menu | Divine Intervention CM [RUS]"
"765","DI_chief_qadi","Expected corrective localization override","localization/russian/gui/DI_RUS_l_russian.yml","localization/russian/gui/DI_l_russian.yml","1","2","Divine Intervention AGOT | Русификатор | Divine Intervention Cheat Menu | Divine Intervention CM [RUS]"
"766","DI_garuda","Expected corrective localization override","localization/russian/gui/DI_RUS_l_russian.yml","localization/russian/gui/DI_l_russian.yml","1","2","Divine Intervention AGOT | Русификатор | Divine Intervention Cheat Menu | Divine Intervention CM [RUS]"
"767","DI_court_gardener","Expected corrective localization override","localization/russian/gui/DI_RUS_l_russian.yml","localization/russian/gui/DI_l_russian.yml","1","2","Divine Intervention AGOT | Русификатор | Divine Intervention Cheat Menu | Divine Intervention CM [RUS]"
"768","DI_chief_eunuch","Expected corrective localization override","localization/russian/gui/DI_RUS_l_russian.yml","localization/russian/gui/DI_l_russian.yml","1","2","Divine Intervention AGOT | Русификатор | Divine Intervention Cheat Menu | Divine Intervention CM [RUS]"
"769","DI_lady_in_waiting","Expected corrective localization override","localization/russian/gui/DI_RUS_l_russian.yml","localization/russian/gui/DI_l_russian.yml","1","2","Divine Intervention AGOT | Русификатор | Divine Intervention Cheat Menu | Divine Intervention CM [RUS]"
"770","DI_court_antiquarian","Expected corrective localization override","localization/russian/gui/DI_RUS_l_russian.yml","localization/russian/gui/DI_l_russian.yml","1","2","Divine Intervention AGOT | Русификатор | Divine Intervention Cheat Menu | Divine Intervention CM [RUS]"
"771","DI_court_tutor","Expected corrective localization override","localization/russian/gui/DI_RUS_l_russian.yml","localization/russian/gui/DI_l_russian.yml","1","2","Divine Intervention AGOT | Русификатор | Divine Intervention Cheat Menu | Divine Intervention CM [RUS]"
"772","DI_court_food_taster","Expected corrective localization override","localization/russian/gui/DI_RUS_l_russian.yml","localization/russian/gui/DI_l_russian.yml","1","2","Divine Intervention AGOT | Русификатор | Divine Intervention Cheat Menu | Divine Intervention CM [RUS]"
"773","DI_court_master_of_horse","Expected corrective localization override","localization/russian/gui/DI_RUS_l_russian.yml","localization/russian/gui/DI_l_russian.yml","1","2","Divine Intervention AGOT | Русификатор | Divine Intervention Cheat Menu | Divine Intervention CM [RUS]"
"774","DI_court_master_of_hunt","Expected corrective localization override","localization/russian/gui/DI_RUS_l_russian.yml","localization/russian/gui/DI_l_russian.yml","1","2","Divine Intervention AGOT | Русификатор | Divine Intervention Cheat Menu | Divine Intervention CM [RUS]"
"775","DI_court_royal_architect","Expected corrective localization override","localization/russian/gui/DI_RUS_l_russian.yml","localization/russian/gui/DI_l_russian.yml","1","2","Divine Intervention AGOT | Русификатор | Divine Intervention Cheat Menu | Divine Intervention CM [RUS]"
"776","DI_court_high_almoner","Expected corrective localization override","localization/russian/gui/DI_RUS_l_russian.yml","localization/russian/gui/DI_l_russian.yml","1","2","Divine Intervention AGOT | Русификатор | Divine Intervention Cheat Menu | Divine Intervention CM [RUS]"
"777","DI_court_seneschal","Expected corrective localization override","localization/russian/gui/DI_RUS_l_russian.yml","localization/russian/gui/DI_l_russian.yml","1","2","Divine Intervention AGOT | Русификатор | Divine Intervention Cheat Menu | Divine Intervention CM [RUS]"
"778","DI_court_cupbearer","Expected corrective localization override","localization/russian/gui/DI_RUS_l_russian.yml","localization/russian/gui/DI_l_russian.yml","1","2","Divine Intervention AGOT | Русификатор | Divine Intervention Cheat Menu | Divine Intervention CM [RUS]"
"779","DI_court_jester","Expected corrective localization override","localization/russian/gui/DI_RUS_l_russian.yml","localization/russian/gui/DI_l_russian.yml","1","2","Divine Intervention AGOT | Русификатор | Divine Intervention Cheat Menu | Divine Intervention CM [RUS]"
"780","DI_court_poet","Expected corrective localization override","localization/russian/gui/DI_RUS_l_russian.yml","localization/russian/gui/DI_l_russian.yml","1","2","Divine Intervention AGOT | Русификатор | Divine Intervention Cheat Menu | Divine Intervention CM [RUS]"
"781","DI_court_musician","Expected corrective localization override","localization/russian/gui/DI_RUS_l_russian.yml","localization/russian/gui/DI_l_russian.yml","1","2","Divine Intervention AGOT | Русификатор | Divine Intervention Cheat Menu | Divine Intervention CM [RUS]"
"782","DI_court_bodyguard","Expected corrective localization override","localization/russian/gui/DI_RUS_l_russian.yml","localization/russian/gui/DI_l_russian.yml","1","2","Divine Intervention AGOT | Русификатор | Divine Intervention Cheat Menu | Divine Intervention CM [RUS]"
"783","DI_court_champion","Expected corrective localization override","localization/russian/gui/DI_RUS_l_russian.yml","localization/russian/gui/DI_l_russian.yml","1","2","Divine Intervention AGOT | Русификатор | Divine Intervention Cheat Menu | Divine Intervention CM [RUS]"
"784","DI_court_executioner","Expected corrective localization override","localization/russian/gui/DI_RUS_l_russian.yml","localization/russian/gui/DI_l_russian.yml","1","2","Divine Intervention AGOT | Русификатор | Divine Intervention Cheat Menu | Divine Intervention CM [RUS]"
"785","DI_court_artificer","Expected corrective localization override","localization/russian/gui/DI_RUS_l_russian.yml","localization/russian/gui/DI_l_russian.yml","1","2","Divine Intervention AGOT | Русификатор | Divine Intervention Cheat Menu | Divine Intervention CM [RUS]"
"786","DI_army_spawner","Expected corrective localization override","localization/russian/gui/DI_RUS_l_russian.yml","localization/russian/gui/DI_l_russian.yml","1","2","Divine Intervention AGOT | Русификатор | Divine Intervention Cheat Menu | Divine Intervention CM [RUS]"
"787","DI_army_spawner_increment","Expected corrective localization override","localization/russian/gui/DI_RUS_l_russian.yml","localization/russian/gui/DI_l_russian.yml","1","2","Divine Intervention AGOT | Русификатор | Divine Intervention Cheat Menu | Divine Intervention CM [RUS]"
"788","DI_other_army_spawner","Expected corrective localization override","localization/russian/gui/DI_RUS_l_russian.yml","localization/russian/gui/DI_l_russian.yml","1","2","Divine Intervention AGOT | Русификатор | Divine Intervention Cheat Menu | Divine Intervention CM [RUS]"
"789","DI_army_spawner_increment_tt","Expected corrective localization override","localization/russian/gui/DI_RUS_l_russian.yml","localization/russian/gui/DI_l_russian.yml","1","2","Divine Intervention AGOT | Русификатор | Divine Intervention Cheat Menu | Divine Intervention CM [RUS]"
"790","DI_warning_levy","Expected corrective localization override","localization/russian/gui/DI_RUS_l_russian.yml","localization/russian/gui/DI_l_russian.yml","1","2","Divine Intervention AGOT | Русификатор | Divine Intervention Cheat Menu | Divine Intervention CM [RUS]"
"791","DI_diplomacy","Expected corrective localization override","localization/russian/gui/DI_RUS_l_russian.yml","localization/russian/gui/DI_l_russian.yml","1","2","Divine Intervention AGOT | Русификатор | Divine Intervention Cheat Menu | Divine Intervention CM [RUS]"
"792","DI_select_character","Expected corrective localization override","localization/russian/gui/DI_RUS_l_russian.yml","localization/russian/gui/DI_l_russian.yml","1","2","Divine Intervention AGOT | Русификатор | Divine Intervention Cheat Menu | Divine Intervention CM [RUS]"
"793","DI_primary_character","Expected corrective localization override","localization/russian/gui/DI_RUS_l_russian.yml","localization/russian/gui/DI_l_russian.yml","1","2","Divine Intervention AGOT | Русификатор | Divine Intervention Cheat Menu | Divine Intervention CM [RUS]"
"794","DI_secondary_character","Expected corrective localization override","localization/russian/gui/DI_RUS_l_russian.yml","localization/russian/gui/DI_l_russian.yml","1","2","Divine Intervention AGOT | Русификатор | Divine Intervention Cheat Menu | Divine Intervention CM [RUS]"
"795","DI_tertiary_character","Expected corrective localization override","localization/russian/gui/DI_RUS_l_russian.yml","localization/russian/gui/DI_l_russian.yml","1","2","Divine Intervention AGOT | Русификатор | Divine Intervention Cheat Menu | Divine Intervention CM [RUS]"
"796","DI_tab_relations","Expected corrective localization override","localization/russian/gui/DI_RUS_l_russian.yml","localization/russian/gui/DI_l_russian.yml","1","2","Divine Intervention AGOT | Русификатор | Divine Intervention Cheat Menu | Divine Intervention CM [RUS]"
"797","DI_tab_treaties","Expected corrective localization override","localization/russian/gui/DI_RUS_l_russian.yml","localization/russian/gui/DI_l_russian.yml","1","2","Divine Intervention AGOT | Русификатор | Divine Intervention Cheat Menu | Divine Intervention CM [RUS]"
"798","DI_tab_wars","Expected corrective localization override","localization/russian/gui/DI_RUS_l_russian.yml","localization/russian/gui/DI_l_russian.yml","1","2","Divine Intervention AGOT | Русификатор | Divine Intervention Cheat Menu | Divine Intervention CM [RUS]"
"799","DI_tab_family","Expected corrective localization override","localization/russian/gui/DI_RUS_l_russian.yml","localization/russian/gui/DI_l_russian.yml","1","2","Divine Intervention AGOT | Русификатор | Divine Intervention Cheat Menu | Divine Intervention CM [RUS]"
"800","DI_test","Expected corrective localization override","localization/russian/gui/DI_RUS_l_russian.yml","localization/russian/gui/DI_l_russian.yml","1","2","Divine Intervention AGOT | Русификатор | Divine Intervention Cheat Menu | Divine Intervention CM [RUS]"
"801","DI_clear_primary","Expected corrective localization override","localization/russian/gui/DI_RUS_l_russian.yml","localization/russian/gui/DI_l_russian.yml","1","2","Divine Intervention AGOT | Русификатор | Divine Intervention Cheat Menu | Divine Intervention CM [RUS]"
"802","DI_clear_secondary","Expected corrective localization override","localization/russian/gui/DI_RUS_l_russian.yml","localization/russian/gui/DI_l_russian.yml","1","2","Divine Intervention AGOT | Русификатор | Divine Intervention Cheat Menu | Divine Intervention CM [RUS]"
"803","DI_clear_tertiary","Expected corrective localization override","localization/russian/gui/DI_RUS_l_russian.yml","localization/russian/gui/DI_l_russian.yml","1","2","Divine Intervention AGOT | Русификатор | Divine Intervention Cheat Menu | Divine Intervention CM [RUS]"
"804","DI_relations_tt","Expected corrective localization override","localization/russian/gui/DI_RUS_l_russian.yml","localization/russian/gui/DI_l_russian.yml","1","2","Divine Intervention AGOT | Русификатор | Divine Intervention Cheat Menu | Divine Intervention CM [RUS]"
"805","DI_placeholder_tt","Expected corrective localization override","localization/russian/gui/DI_RUS_l_russian.yml","localization/russian/gui/DI_l_russian.yml","1","2","Divine Intervention AGOT | Русификатор | Divine Intervention Cheat Menu | Divine Intervention CM [RUS]"
"806","DI_reset_relations","Expected corrective localization override","localization/russian/gui/DI_RUS_l_russian.yml","localization/russian/gui/DI_l_russian.yml","1","2","Divine Intervention AGOT | Русификатор | Divine Intervention Cheat Menu | Divine Intervention CM [RUS]"
"807","DI_reset_relations_tt","Expected corrective localization override","localization/russian/gui/DI_RUS_l_russian.yml","localization/russian/gui/DI_l_russian.yml","1","2","Divine Intervention AGOT | Русификатор | Divine Intervention Cheat Menu | Divine Intervention CM [RUS]"
"808","DI_good_relations","Expected corrective localization override","localization/russian/gui/DI_RUS_l_russian.yml","localization/russian/gui/DI_l_russian.yml","1","2","Divine Intervention AGOT | Русификатор | Divine Intervention Cheat Menu | Divine Intervention CM [RUS]"
"809","DI_bad_relations","Expected corrective localization override","localization/russian/gui/DI_RUS_l_russian.yml","localization/russian/gui/DI_l_russian.yml","1","2","Divine Intervention AGOT | Русификатор | Divine Intervention Cheat Menu | Divine Intervention CM [RUS]"
"810","DI_reset_pinned_relations","Expected corrective localization override","localization/russian/gui/DI_RUS_l_russian.yml","localization/russian/gui/DI_l_russian.yml","1","2","Divine Intervention AGOT | Русификатор | Divine Intervention Cheat Menu | Divine Intervention CM [RUS]"
"811","DI_reset_pinned_relations_tt","Expected corrective localization override","localization/russian/gui/DI_RUS_l_russian.yml","localization/russian/gui/DI_l_russian.yml","1","2","Divine Intervention AGOT | Русификатор | Divine Intervention Cheat Menu | Divine Intervention CM [RUS]"
"812","DI_reset_all_pinned_relations","Expected corrective localization override","localization/russian/gui/DI_RUS_l_russian.yml","localization/russian/gui/DI_l_russian.yml","1","2","Divine Intervention AGOT | Русификатор | Divine Intervention Cheat Menu | Divine Intervention CM [RUS]"
"813","DI_reset_all_pinned_relations_tt","Expected corrective localization override","localization/russian/gui/DI_RUS_l_russian.yml","localization/russian/gui/DI_l_russian.yml","1","2","Divine Intervention AGOT | Русификатор | Divine Intervention Cheat Menu | Divine Intervention CM [RUS]"
"814","DI_apply_relations","Expected corrective localization override","localization/russian/gui/DI_RUS_l_russian.yml","localization/russian/gui/DI_l_russian.yml","1","2","Divine Intervention AGOT | Русификатор | Divine Intervention Cheat Menu | Divine Intervention CM [RUS]"
"815","DI_apply_relations_tt","Expected corrective localization override","localization/russian/gui/DI_RUS_l_russian.yml","localization/russian/gui/DI_l_russian.yml","1","2","Divine Intervention AGOT | Русификатор | Divine Intervention Cheat Menu | Divine Intervention CM [RUS]"
"816","DI_apply_pinned_relations","Expected corrective localization override","localization/russian/gui/DI_RUS_l_russian.yml","localization/russian/gui/DI_l_russian.yml","1","2","Divine Intervention AGOT | Русификатор | Divine Intervention Cheat Menu | Divine Intervention CM [RUS]"
"817","DI_apply_pinned_relations_tt","Expected corrective localization override","localization/russian/gui/DI_RUS_l_russian.yml","localization/russian/gui/DI_l_russian.yml","1","2","Divine Intervention AGOT | Русификатор | Divine Intervention Cheat Menu | Divine Intervention CM [RUS]"
"818","DI_apply_all_pinned_relations","Expected corrective localization override","localization/russian/gui/DI_RUS_l_russian.yml","localization/russian/gui/DI_l_russian.yml","1","2","Divine Intervention AGOT | Русификатор | Divine Intervention Cheat Menu | Divine Intervention CM [RUS]"
"819","DI_apply_all_pinned_relations_tt","Expected corrective localization override","localization/russian/gui/DI_RUS_l_russian.yml","localization/russian/gui/DI_l_russian.yml","1","2","Divine Intervention AGOT | Русификатор | Divine Intervention Cheat Menu | Divine Intervention CM [RUS]"
"820","DI_relation_add_compatibility_tt","Expected corrective localization override","localization/russian/gui/DI_RUS_l_russian.yml","localization/russian/gui/DI_l_russian.yml","1","2","Divine Intervention AGOT | Русификатор | Divine Intervention Cheat Menu | Divine Intervention CM [RUS]"
"821","DI_dip_treaty_button","Expected corrective localization override","localization/russian/gui/DI_RUS_l_russian.yml","localization/russian/gui/DI_l_russian.yml","1","2","Divine Intervention AGOT | Русификатор | Divine Intervention Cheat Menu | Divine Intervention CM [RUS]"
"822","DI_dip_treaty_button_tt","Expected corrective localization override","localization/russian/gui/DI_RUS_l_russian.yml","localization/russian/gui/DI_l_russian.yml","1","2","Divine Intervention AGOT | Русификатор | Divine Intervention Cheat Menu | Divine Intervention CM [RUS]"
"823","DI_dip_alliance_button","Expected corrective localization override","localization/russian/gui/DI_RUS_l_russian.yml","localization/russian/gui/DI_l_russian.yml","1","2","Divine Intervention AGOT | Русификатор | Divine Intervention Cheat Menu | Divine Intervention CM [RUS]"
"824","DI_dip_alliance_button_tt","Expected corrective localization override","localization/russian/gui/DI_RUS_l_russian.yml","localization/russian/gui/DI_l_russian.yml","1","2","Divine Intervention AGOT | Русификатор | Divine Intervention Cheat Menu | Divine Intervention CM [RUS]"
"825","DI_dip_vassalize_button","Expected corrective localization override","localization/russian/gui/DI_RUS_l_russian.yml","localization/russian/gui/DI_l_russian.yml","1","2","Divine Intervention AGOT | Русификатор | Divine Intervention Cheat Menu | Divine Intervention CM [RUS]"
"826","DI_dip_vassalize_button_tt","Expected corrective localization override","localization/russian/gui/DI_RUS_l_russian.yml","localization/russian/gui/DI_l_russian.yml","1","2","Divine Intervention AGOT | Русификатор | Divine Intervention Cheat Menu | Divine Intervention CM [RUS]"
"827","DI_dip_take_titles_button","Expected corrective localization override","localization/russian/gui/DI_RUS_l_russian.yml","localization/russian/gui/DI_l_russian.yml","1","2","Divine Intervention AGOT | Русификатор | Divine Intervention Cheat Menu | Divine Intervention CM [RUS]"
"828","DI_dip_take_titles_button_tt","Expected corrective localization override","localization/russian/gui/DI_RUS_l_russian.yml","localization/russian/gui/DI_l_russian.yml","1","2","Divine Intervention AGOT | Русификатор | Divine Intervention Cheat Menu | Divine Intervention CM [RUS]"
"829","DI_all_treaty","Expected corrective localization override","localization/russian/gui/DI_RUS_l_russian.yml","localization/russian/gui/DI_l_russian.yml","1","2","Divine Intervention AGOT | Русификатор | Divine Intervention Cheat Menu | Divine Intervention CM [RUS]"
"830","DI_all_treaty_tt","Expected corrective localization override","localization/russian/gui/DI_RUS_l_russian.yml","localization/russian/gui/DI_l_russian.yml","1","2","Divine Intervention AGOT | Русификатор | Divine Intervention Cheat Menu | Divine Intervention CM [RUS]"
"831","DI_all_break_treaty","Expected corrective localization override","localization/russian/gui/DI_RUS_l_russian.yml","localization/russian/gui/DI_l_russian.yml","1","2","Divine Intervention AGOT | Русификатор | Divine Intervention Cheat Menu | Divine Intervention CM [RUS]"
"832","DI_all_break_treaty_tt","Expected corrective localization override","localization/russian/gui/DI_RUS_l_russian.yml","localization/russian/gui/DI_l_russian.yml","1","2","Divine Intervention AGOT | Русификатор | Divine Intervention Cheat Menu | Divine Intervention CM [RUS]"
"833","DI_every_pinned_treaty","Expected corrective localization override","localization/russian/gui/DI_RUS_l_russian.yml","localization/russian/gui/DI_l_russian.yml","1","2","Divine Intervention AGOT | Русификатор | Divine Intervention Cheat Menu | Divine Intervention CM [RUS]"
"834","DI_every_pinned_treaty_tt","Expected corrective localization override","localization/russian/gui/DI_RUS_l_russian.yml","localization/russian/gui/DI_l_russian.yml","1","2","Divine Intervention AGOT | Русификатор | Divine Intervention Cheat Menu | Divine Intervention CM [RUS]"
"835","DI_all_alliance","Expected corrective localization override","localization/russian/gui/DI_RUS_l_russian.yml","localization/russian/gui/DI_l_russian.yml","1","2","Divine Intervention AGOT | Русификатор | Divine Intervention Cheat Menu | Divine Intervention CM [RUS]"
"836","DI_all_alliance_tt","Expected corrective localization override","localization/russian/gui/DI_RUS_l_russian.yml","localization/russian/gui/DI_l_russian.yml","1","2","Divine Intervention AGOT | Русификатор | Divine Intervention Cheat Menu | Divine Intervention CM [RUS]"
"837","DI_all_break_alliance","Expected corrective localization override","localization/russian/gui/DI_RUS_l_russian.yml","localization/russian/gui/DI_l_russian.yml","1","2","Divine Intervention AGOT | Русификатор | Divine Intervention Cheat Menu | Divine Intervention CM [RUS]"
"838","DI_all_break_alliance_tt","Expected corrective localization override","localization/russian/gui/DI_RUS_l_russian.yml","localization/russian/gui/DI_l_russian.yml","1","2","Divine Intervention AGOT | Русификатор | Divine Intervention Cheat Menu | Divine Intervention CM [RUS]"
"839","DI_every_pinned_alliance","Expected corrective localization override","localization/russian/gui/DI_RUS_l_russian.yml","localization/russian/gui/DI_l_russian.yml","1","2","Divine Intervention AGOT | Русификатор | Divine Intervention Cheat Menu | Divine Intervention CM [RUS]"
"840","DI_every_pinned_alliance_tt","Expected corrective localization override","localization/russian/gui/DI_RUS_l_russian.yml","localization/russian/gui/DI_l_russian.yml","1","2","Divine Intervention AGOT | Русификатор | Divine Intervention Cheat Menu | Divine Intervention CM [RUS]"
"841","DI_dip_perma","Expected corrective localization override","localization/russian/gui/DI_RUS_l_russian.yml","localization/russian/gui/DI_l_russian.yml","1","2","Divine Intervention AGOT | Русификатор | Divine Intervention Cheat Menu | Divine Intervention CM [RUS]"
"842","DI_dip_war_button","Expected corrective localization override","localization/russian/gui/DI_RUS_l_russian.yml","localization/russian/gui/DI_l_russian.yml","1","2","Divine Intervention AGOT | Русификатор | Divine Intervention Cheat Menu | Divine Intervention CM [RUS]"
"843","DI_dip_war_button_tt","Expected corrective localization override","localization/russian/gui/DI_RUS_l_russian.yml","localization/russian/gui/DI_l_russian.yml","1","2","Divine Intervention AGOT | Русификатор | Divine Intervention Cheat Menu | Divine Intervention CM [RUS]"
"844","DI_dip_casus_belli_button","Expected corrective localization override","localization/russian/gui/DI_RUS_l_russian.yml","localization/russian/gui/DI_l_russian.yml","1","2","Divine Intervention AGOT | Русификатор | Divine Intervention Cheat Menu | Divine Intervention CM [RUS]"
"845","DI_dip_casus_belli_button_tt","Expected corrective localization override","localization/russian/gui/DI_RUS_l_russian.yml","localization/russian/gui/DI_l_russian.yml","1","2","Divine Intervention AGOT | Русификатор | Divine Intervention Cheat Menu | Divine Intervention CM [RUS]"
"846","DI_casus_belli","Expected corrective localization override","localization/russian/gui/DI_RUS_l_russian.yml","localization/russian/gui/DI_l_russian.yml","1","2","Divine Intervention AGOT | Русификатор | Divine Intervention Cheat Menu | Divine Intervention CM [RUS]"
"847","DI_county_conquest","Expected corrective localization override","localization/russian/gui/DI_RUS_l_russian.yml","localization/russian/gui/DI_l_russian.yml","1","2","Divine Intervention AGOT | Русификатор | Divine Intervention Cheat Menu | Divine Intervention CM [RUS]"
"848","DI_county_conquest_tt","Expected corrective localization override","localization/russian/gui/DI_RUS_l_russian.yml","localization/russian/gui/DI_l_russian.yml","1","2","Divine Intervention AGOT | Русификатор | Divine Intervention Cheat Menu | Divine Intervention CM [RUS]"
"849","DI_dip_select_titles_button","Expected corrective localization override","localization/russian/gui/DI_RUS_l_russian.yml","localization/russian/gui/DI_l_russian.yml","1","2","Divine Intervention AGOT | Русификатор | Divine Intervention Cheat Menu | Divine Intervention CM [RUS]"
"850","DI_dip_select_titles_button_tt","Expected corrective localization override","localization/russian/gui/DI_RUS_l_russian.yml","localization/russian/gui/DI_l_russian.yml","1","2","Divine Intervention AGOT | Русификатор | Divine Intervention Cheat Menu | Divine Intervention CM [RUS]"
"851","DI_dip_end_war_button","Expected corrective localization override","localization/russian/gui/DI_RUS_l_russian.yml","localization/russian/gui/DI_l_russian.yml","1","2","Divine Intervention AGOT | Русификатор | Divine Intervention Cheat Menu | Divine Intervention CM [RUS]"
"852","DI_dip_end_war_button_tt","Expected corrective localization override","localization/russian/gui/DI_RUS_l_russian.yml","localization/russian/gui/DI_l_russian.yml","1","2","Divine Intervention AGOT | Русификатор | Divine Intervention Cheat Menu | Divine Intervention CM [RUS]"
"853","DI_all_war","Expected corrective localization override","localization/russian/gui/DI_RUS_l_russian.yml","localization/russian/gui/DI_l_russian.yml","1","2","Divine Intervention AGOT | Русификатор | Divine Intervention Cheat Menu | Divine Intervention CM [RUS]"
"854","DI_all_end_war","Expected corrective localization override","localization/russian/gui/DI_RUS_l_russian.yml","localization/russian/gui/DI_l_russian.yml","1","2","Divine Intervention AGOT | Русификатор | Divine Intervention Cheat Menu | Divine Intervention CM [RUS]"
"855","DI_every_pinned_war","Expected corrective localization override","localization/russian/gui/DI_RUS_l_russian.yml","localization/russian/gui/DI_l_russian.yml","1","2","Divine Intervention AGOT | Русификатор | Divine Intervention Cheat Menu | Divine Intervention CM [RUS]"
"856","DI_dip_adoption_button","Expected corrective localization override","localization/russian/gui/DI_RUS_l_russian.yml","localization/russian/gui/DI_l_russian.yml","1","2","Divine Intervention AGOT | Русификатор | Divine Intervention Cheat Menu | Divine Intervention CM [RUS]"
"857","DI_dip_adoption_button_tt","Expected corrective localization override","localization/russian/gui/DI_RUS_l_russian.yml","localization/russian/gui/DI_l_russian.yml","1","1","Divine Intervention AGOT | Русификатор | Divine Intervention Cheat Menu | Divine Intervention CM [RUS]"
"858","DI_dip_adoption_house_button","Expected corrective localization override","localization/russian/gui/DI_RUS_l_russian.yml","localization/russian/gui/DI_l_russian.yml","1","2","Divine Intervention AGOT | Русификатор | Divine Intervention Cheat Menu | Divine Intervention CM [RUS]"
"859","DI_dip_adoption_house_button_tt","Expected corrective localization override","localization/russian/gui/DI_RUS_l_russian.yml","localization/russian/gui/DI_l_russian.yml","1","2","Divine Intervention AGOT | Русификатор | Divine Intervention Cheat Menu | Divine Intervention CM [RUS]"
"860","DI_dip_impregnate_button","Expected corrective localization override","localization/russian/gui/DI_RUS_l_russian.yml","localization/russian/gui/DI_l_russian.yml","1","2","Divine Intervention AGOT | Русификатор | Divine Intervention Cheat Menu | Divine Intervention CM [RUS]"
"861","DI_dip_impregnate_button_tt","Expected corrective localization override","localization/russian/gui/DI_RUS_l_russian.yml","localization/russian/gui/DI_l_russian.yml","1","2","Divine Intervention AGOT | Русификатор | Divine Intervention Cheat Menu | Divine Intervention CM [RUS]"
"862","DI_dip_preg_gender_male_button","Expected corrective localization override","localization/russian/gui/DI_RUS_l_russian.yml","localization/russian/gui/DI_l_russian.yml","1","2","Divine Intervention AGOT | Русификатор | Divine Intervention Cheat Menu | Divine Intervention CM [RUS]"
"863","DI_dip_preg_gender_male_button_tt","Expected corrective localization override","localization/russian/gui/DI_RUS_l_russian.yml","localization/russian/gui/DI_l_russian.yml","1","2","Divine Intervention AGOT | Русификатор | Divine Intervention Cheat Menu | Divine Intervention CM [RUS]"
"864","DI_dip_preg_gender_female_button","Expected corrective localization override","localization/russian/gui/DI_RUS_l_russian.yml","localization/russian/gui/DI_l_russian.yml","1","2","Divine Intervention AGOT | Русификатор | Divine Intervention Cheat Menu | Divine Intervention CM [RUS]"
"865","DI_dip_preg_gender_female_button_tt","Expected corrective localization override","localization/russian/gui/DI_RUS_l_russian.yml","localization/russian/gui/DI_l_russian.yml","1","2","Divine Intervention AGOT | Русификатор | Divine Intervention Cheat Menu | Divine Intervention CM [RUS]"
"866","DI_dip_set_real_father_button","Expected corrective localization override","localization/russian/gui/DI_RUS_l_russian.yml","localization/russian/gui/DI_l_russian.yml","1","2","Divine Intervention AGOT | Русификатор | Divine Intervention Cheat Menu | Divine Intervention CM [RUS]"
"867","DI_dip_set_real_father_button_tt","Expected corrective localization override","localization/russian/gui/DI_RUS_l_russian.yml","localization/russian/gui/DI_l_russian.yml","1","2","Divine Intervention AGOT | Русификатор | Divine Intervention Cheat Menu | Divine Intervention CM [RUS]"
"868","DI_dip_set_father_as_real_father_button","Expected corrective localization override","localization/russian/gui/DI_RUS_l_russian.yml","localization/russian/gui/DI_l_russian.yml","1","2","Divine Intervention AGOT | Русификатор | Divine Intervention Cheat Menu | Divine Intervention CM [RUS]"
"869","DI_dip_set_father_as_real_father_button_tt","Expected corrective localization override","localization/russian/gui/DI_RUS_l_russian.yml","localization/russian/gui/DI_l_russian.yml","1","1","Divine Intervention AGOT | Русификатор | Divine Intervention Cheat Menu | Divine Intervention CM [RUS]"
"870","DI_dip_marry_button","Expected corrective localization override","localization/russian/gui/DI_RUS_l_russian.yml","localization/russian/gui/DI_l_russian.yml","1","2","Divine Intervention AGOT | Русификатор | Divine Intervention Cheat Menu | Divine Intervention CM [RUS]"
"871","DI_dip_marry_button_tt","Expected corrective localization override","localization/russian/gui/DI_RUS_l_russian.yml","localization/russian/gui/DI_l_russian.yml","1","2","Divine Intervention AGOT | Русификатор | Divine Intervention Cheat Menu | Divine Intervention CM [RUS]"
"872","DI_dip_marry_matrilineal_button","Expected corrective localization override","localization/russian/gui/DI_RUS_l_russian.yml","localization/russian/gui/DI_l_russian.yml","1","2","Divine Intervention AGOT | Русификатор | Divine Intervention Cheat Menu | Divine Intervention CM [RUS]"
"873","DI_dip_marry_matrilineal_button_tt","Expected corrective localization override","localization/russian/gui/DI_RUS_l_russian.yml","localization/russian/gui/DI_l_russian.yml","1","2","Divine Intervention AGOT | Русификатор | Divine Intervention Cheat Menu | Divine Intervention CM [RUS]"
"874","DI_dip_divorce_button","Expected corrective localization override","localization/russian/gui/DI_RUS_l_russian.yml","localization/russian/gui/DI_l_russian.yml","1","2","Divine Intervention AGOT | Русификатор | Divine Intervention Cheat Menu | Divine Intervention CM [RUS]"
"875","DI_dip_divorce_button_tt","Expected corrective localization override","localization/russian/gui/DI_RUS_l_russian.yml","localization/russian/gui/DI_l_russian.yml","1","2","Divine Intervention AGOT | Русификатор | Divine Intervention Cheat Menu | Divine Intervention CM [RUS]"
"876","DI_dip_add_concubine_button","Expected corrective localization override","localization/russian/gui/DI_RUS_l_russian.yml","localization/russian/gui/DI_l_russian.yml","1","2","Divine Intervention AGOT | Русификатор | Divine Intervention Cheat Menu | Divine Intervention CM [RUS]"
"877","DI_dip_add_concubine_button_tt","Expected corrective localization override","localization/russian/gui/DI_RUS_l_russian.yml","localization/russian/gui/DI_l_russian.yml","1","2","Divine Intervention AGOT | Русификатор | Divine Intervention Cheat Menu | Divine Intervention CM [RUS]"
"878","DI_dip_remove_concubine_button","Expected corrective localization override","localization/russian/gui/DI_RUS_l_russian.yml","localization/russian/gui/DI_l_russian.yml","1","2","Divine Intervention AGOT | Русификатор | Divine Intervention Cheat Menu | Divine Intervention CM [RUS]"
"879","DI_dip_remove_concubine_button_tt","Expected corrective localization override","localization/russian/gui/DI_RUS_l_russian.yml","localization/russian/gui/DI_l_russian.yml","1","2","Divine Intervention AGOT | Русификатор | Divine Intervention Cheat Menu | Divine Intervention CM [RUS]"
"880","DI_dip_arrange_betrothal_button","Expected corrective localization override","localization/russian/gui/DI_RUS_l_russian.yml","localization/russian/gui/DI_l_russian.yml","1","2","Divine Intervention AGOT | Русификатор | Divine Intervention Cheat Menu | Divine Intervention CM [RUS]"
"881","DI_dip_arrange_betrothal_button_tt","Expected corrective localization override","localization/russian/gui/DI_RUS_l_russian.yml","localization/russian/gui/DI_l_russian.yml","1","2","Divine Intervention AGOT | Русификатор | Divine Intervention Cheat Menu | Divine Intervention CM [RUS]"
"882","DI_dip_arrange_betrothal_matrilineal_button","Expected corrective localization override","localization/russian/gui/DI_RUS_l_russian.yml","localization/russian/gui/DI_l_russian.yml","1","2","Divine Intervention AGOT | Русификатор | Divine Intervention Cheat Menu | Divine Intervention CM [RUS]"
"883","DI_dip_arrange_betrothal_matrilineal_button_tt","Expected corrective localization override","localization/russian/gui/DI_RUS_l_russian.yml","localization/russian/gui/DI_l_russian.yml","1","2","Divine Intervention AGOT | Русификатор | Divine Intervention Cheat Menu | Divine Intervention CM [RUS]"
"884","DI_dip_break_betrothal_button","Expected corrective localization override","localization/russian/gui/DI_RUS_l_russian.yml","localization/russian/gui/DI_l_russian.yml","1","2","Divine Intervention AGOT | Русификатор | Divine Intervention Cheat Menu | Divine Intervention CM [RUS]"
"885","DI_dip_break_betrothal_button_tt","Expected corrective localization override","localization/russian/gui/DI_RUS_l_russian.yml","localization/russian/gui/DI_l_russian.yml","1","1","Divine Intervention AGOT | Русификатор | Divine Intervention Cheat Menu | Divine Intervention CM [RUS]"
"886","DI_dip_make_siblings_button","Expected corrective localization override","localization/russian/gui/DI_RUS_l_russian.yml","localization/russian/gui/DI_l_russian.yml","1","2","Divine Intervention AGOT | Русификатор | Divine Intervention Cheat Menu | Divine Intervention CM [RUS]"
"887","DI_dip_make_siblings_button_tt","Expected corrective localization override","localization/russian/gui/DI_RUS_l_russian.yml","localization/russian/gui/DI_l_russian.yml","1","2","Divine Intervention AGOT | Русификатор | Divine Intervention Cheat Menu | Divine Intervention CM [RUS]"
"888","DI_dip_create_cadet_branch_button","Expected corrective localization override","localization/russian/gui/DI_RUS_l_russian.yml","localization/russian/gui/DI_l_russian.yml","1","2","Divine Intervention AGOT | Русификатор | Divine Intervention Cheat Menu | Divine Intervention CM [RUS]"
"889","DI_dip_create_cadet_branch_button_tt","Expected corrective localization override","localization/russian/gui/DI_RUS_l_russian.yml","localization/russian/gui/DI_l_russian.yml","1","2","Divine Intervention AGOT | Русификатор | Divine Intervention Cheat Menu | Divine Intervention CM [RUS]"
"890","DI_artifact_creator","Expected corrective localization override","localization/russian/gui/DI_RUS_l_russian.yml","localization/russian/gui/DI_l_russian.yml","1","2","Divine Intervention AGOT | Русификатор | Divine Intervention Cheat Menu | Divine Intervention CM [RUS]"
"891","DI_artifact_list","Expected corrective localization override","localization/russian/gui/DI_RUS_l_russian.yml","localization/russian/gui/DI_l_russian.yml","1","2","Divine Intervention AGOT | Русификатор | Divine Intervention Cheat Menu | Divine Intervention CM [RUS]"
"892","DI_artifact_type","Expected corrective localization override","localization/russian/gui/DI_RUS_l_russian.yml","localization/russian/gui/DI_l_russian.yml","1","2","Divine Intervention AGOT | Русификатор | Divine Intervention Cheat Menu | Divine Intervention CM [RUS]"
"893","DI_artifact_quality","Expected corrective localization override","localization/russian/gui/DI_RUS_l_russian.yml","localization/russian/gui/DI_l_russian.yml","1","2","Divine Intervention AGOT | Русификатор | Divine Intervention Cheat Menu | Divine Intervention CM [RUS]"
"894","DI_artifact_category","Expected corrective localization override","localization/russian/gui/DI_RUS_l_russian.yml","localization/russian/gui/DI_l_russian.yml","1","2","Divine Intervention AGOT | Русификатор | Divine Intervention Cheat Menu | Divine Intervention CM [RUS]"
"895","DI_artifact_subtype","Expected corrective localization override","localization/russian/gui/DI_RUS_l_russian.yml","localization/russian/gui/DI_l_russian.yml","1","2","Divine Intervention AGOT | Русификатор | Divine Intervention Cheat Menu | Divine Intervention CM [RUS]"
"896","DI_artifact_create","Expected corrective localization override","localization/russian/gui/DI_RUS_l_russian.yml","localization/russian/gui/DI_l_russian.yml","1","2","Divine Intervention AGOT | Русификатор | Divine Intervention Cheat Menu | Divine Intervention CM [RUS]"
"897","DI_artifact_list_title","Expected corrective localization override","localization/russian/gui/DI_RUS_l_russian.yml","localization/russian/gui/DI_l_russian.yml","1","2","Divine Intervention AGOT | Русификатор | Divine Intervention Cheat Menu | Divine Intervention CM [RUS]"
"898","DI_tt_take_artifact","Expected corrective localization override","localization/russian/gui/DI_RUS_l_russian.yml","localization/russian/gui/DI_l_russian.yml","1","2","Divine Intervention AGOT | Русификатор | Divine Intervention Cheat Menu | Divine Intervention CM [RUS]"
"899","DI_destroy_artifact_tt","Expected corrective localization override","localization/russian/gui/DI_RUS_l_russian.yml","localization/russian/gui/DI_l_russian.yml","1","2","Divine Intervention AGOT | Русификатор | Divine Intervention Cheat Menu | Divine Intervention CM [RUS]"
"900","DI_quality_common_loc","Expected corrective localization override","localization/russian/gui/DI_RUS_l_russian.yml","localization/russian/gui/DI_l_russian.yml","1","2","Divine Intervention AGOT | Русификатор | Divine Intervention Cheat Menu | Divine Intervention CM [RUS]"
"901","DI_quality_masterwork_loc","Expected corrective localization override","localization/russian/gui/DI_RUS_l_russian.yml","localization/russian/gui/DI_l_russian.yml","1","2","Divine Intervention AGOT | Русификатор | Divine Intervention Cheat Menu | Divine Intervention CM [RUS]"
"902","DI_quality_famed_loc","Expected corrective localization override","localization/russian/gui/DI_RUS_l_russian.yml","localization/russian/gui/DI_l_russian.yml","1","2","Divine Intervention AGOT | Русификатор | Divine Intervention Cheat Menu | Divine Intervention CM [RUS]"
"903","DI_quality_illustrious_loc","Expected corrective localization override","localization/russian/gui/DI_RUS_l_russian.yml","localization/russian/gui/DI_l_russian.yml","1","2","Divine Intervention AGOT | Русификатор | Divine Intervention Cheat Menu | Divine Intervention CM [RUS]"
"904","DI_artifact_category_display_loc","Expected corrective localization override","localization/russian/gui/DI_RUS_l_russian.yml","localization/russian/gui/DI_l_russian.yml","1","1","Divine Intervention AGOT | Русификатор | Divine Intervention Cheat Menu | Divine Intervention CM [RUS]"
"905","DI_artifact_subtype_display_loc","Expected corrective localization override","localization/russian/gui/DI_RUS_l_russian.yml","localization/russian/gui/DI_l_russian.yml","1","1","Divine Intervention AGOT | Русификатор | Divine Intervention Cheat Menu | Divine Intervention CM [RUS]"
"906","DI_artifact_quality_display_loc","Expected corrective localization override","localization/russian/gui/DI_RUS_l_russian.yml","localization/russian/gui/DI_l_russian.yml","1","1","Divine Intervention AGOT | Русификатор | Divine Intervention Cheat Menu | Divine Intervention CM [RUS]"
"907","DI_ce_convert_counties","Expected corrective localization override","localization/russian/gui/DI_RUS_l_russian.yml","localization/russian/gui/DI_l_russian.yml","1","2","Divine Intervention AGOT | Русификатор | Divine Intervention Cheat Menu | Divine Intervention CM [RUS]"
"908","DI_ce_convert_counties_tt","Expected corrective localization override","localization/russian/gui/DI_RUS_l_russian.yml","localization/russian/gui/DI_l_russian.yml","1","2","Divine Intervention AGOT | Русификатор | Divine Intervention Cheat Menu | Divine Intervention CM [RUS]"
"909","DI_ce_convert_all_pinned","Expected corrective localization override","localization/russian/gui/DI_RUS_l_russian.yml","localization/russian/gui/DI_l_russian.yml","1","2","Divine Intervention AGOT | Русификатор | Divine Intervention Cheat Menu | Divine Intervention CM [RUS]"
"910","DI_ce_convert_all_pinned_tt","Expected corrective localization override","localization/russian/gui/DI_RUS_l_russian.yml","localization/russian/gui/DI_l_russian.yml","1","2","Divine Intervention AGOT | Русификатор | Divine Intervention Cheat Menu | Divine Intervention CM [RUS]"
"911","DI_ce_convert_copy","Expected corrective localization override","localization/russian/gui/DI_RUS_l_russian.yml","localization/russian/gui/DI_l_russian.yml","1","2","Divine Intervention AGOT | Русификатор | Divine Intervention Cheat Menu | Divine Intervention CM [RUS]"
"912","DI_ce_convert_copy_tt","Expected corrective localization override","localization/russian/gui/DI_RUS_l_russian.yml","localization/russian/gui/DI_l_russian.yml","1","2","Divine Intervention AGOT | Русификатор | Divine Intervention Cheat Menu | Divine Intervention CM [RUS]"
"913","DI_ce_convert_to_player","Expected corrective localization override","localization/russian/gui/DI_RUS_l_russian.yml","localization/russian/gui/DI_l_russian.yml","1","2","Divine Intervention AGOT | Русификатор | Divine Intervention Cheat Menu | Divine Intervention CM [RUS]"
"914","DI_ce_convert_to_player_tt","Expected corrective localization override","localization/russian/gui/DI_RUS_l_russian.yml","localization/russian/gui/DI_l_russian.yml","1","2","Divine Intervention AGOT | Русификатор | Divine Intervention Cheat Menu | Divine Intervention CM [RUS]"
"915","DI_ce_convert_all_pinned_counties","Expected corrective localization override","localization/russian/gui/DI_RUS_l_russian.yml","localization/russian/gui/DI_l_russian.yml","1","2","Divine Intervention AGOT | Русификатор | Divine Intervention Cheat Menu | Divine Intervention CM [RUS]"
"916","DI_ce_convert_all_pinned_counties_tt","Expected corrective localization override","localization/russian/gui/DI_RUS_l_russian.yml","localization/russian/gui/DI_l_russian.yml","1","2","Divine Intervention AGOT | Русификатор | Divine Intervention Cheat Menu | Divine Intervention CM [RUS]"
"917","DI_ce_convert_to_player_counties","Expected corrective localization override","localization/russian/gui/DI_RUS_l_russian.yml","localization/russian/gui/DI_l_russian.yml","1","2","Divine Intervention AGOT | Русификатор | Divine Intervention Cheat Menu | Divine Intervention CM [RUS]"
"918","DI_ce_convert_to_player_counties_tt","Expected corrective localization override","localization/russian/gui/DI_RUS_l_russian.yml","localization/russian/gui/DI_l_russian.yml","1","2","Divine Intervention AGOT | Русификатор | Divine Intervention Cheat Menu | Divine Intervention CM [RUS]"
"919","DI_ce_convert_to_own_counties","Expected corrective localization override","localization/russian/gui/DI_RUS_l_russian.yml","localization/russian/gui/DI_l_russian.yml","1","2","Divine Intervention AGOT | Русификатор | Divine Intervention Cheat Menu | Divine Intervention CM [RUS]"
"920","DI_ce_convert_to_own_counties_tt","Expected corrective localization override","localization/russian/gui/DI_RUS_l_russian.yml","localization/russian/gui/DI_l_russian.yml","1","2","Divine Intervention AGOT | Русификатор | Divine Intervention Cheat Menu | Divine Intervention CM [RUS]"
"921","DI_innovation_selection_tab","Expected corrective localization override","localization/russian/gui/DI_RUS_l_russian.yml","localization/russian/gui/DI_l_russian.yml","1","2","Divine Intervention AGOT | Русификатор | Divine Intervention Cheat Menu | Divine Intervention CM [RUS]"
"922","DI_culture_convert_tab","Expected corrective localization override","localization/russian/gui/DI_RUS_l_russian.yml","localization/russian/gui/DI_l_russian.yml","1","2","Divine Intervention AGOT | Русификатор | Divine Intervention Cheat Menu | Divine Intervention CM [RUS]"
"923","DI_culture_convert","Expected corrective localization override","localization/russian/gui/DI_RUS_l_russian.yml","localization/russian/gui/DI_l_russian.yml","1","2","Divine Intervention AGOT | Русификатор | Divine Intervention Cheat Menu | Divine Intervention CM [RUS]"
"924","DI_CLEAR_ALL_TRADITIONS","Expected corrective localization override","localization/russian/gui/DI_RUS_l_russian.yml","localization/russian/gui/DI_l_russian.yml","1","2","Divine Intervention AGOT | Русификатор | Divine Intervention Cheat Menu | Divine Intervention CM [RUS]"
"925","DI_COPY_TRADITIONS_LABEL","Expected corrective localization override","localization/russian/gui/DI_RUS_l_russian.yml","localization/russian/gui/DI_l_russian.yml","1","2","Divine Intervention AGOT | Русификатор | Divine Intervention Cheat Menu | Divine Intervention CM [RUS]"
"926","DI_copy_traditions_tt","Expected corrective localization override","localization/russian/gui/DI_RUS_l_russian.yml","localization/russian/gui/DI_l_russian.yml","1","2","Divine Intervention AGOT | Русификатор | Divine Intervention Cheat Menu | Divine Intervention CM [RUS]"
"927","DI_edit_tradition","Expected corrective localization override","localization/russian/gui/DI_RUS_l_russian.yml","localization/russian/gui/DI_l_russian.yml","1","2","Divine Intervention AGOT | Русификатор | Divine Intervention Cheat Menu | Divine Intervention CM [RUS]"
"928","DI_all_traditions","Expected corrective localization override","localization/russian/gui/DI_RUS_l_russian.yml","localization/russian/gui/DI_l_russian.yml","1","2","Divine Intervention AGOT | Русификатор | Divine Intervention Cheat Menu | Divine Intervention CM [RUS]"
"929","DI_culture_convert_characters","Expected corrective localization override","localization/russian/gui/DI_RUS_l_russian.yml","localization/russian/gui/DI_l_russian.yml","1","2","Divine Intervention AGOT | Русификатор | Divine Intervention Cheat Menu | Divine Intervention CM [RUS]"
"930","DI_culture_convert_counties","Expected corrective localization override","localization/russian/gui/DI_RUS_l_russian.yml","localization/russian/gui/DI_l_russian.yml","1","2","Divine Intervention AGOT | Русификатор | Divine Intervention Cheat Menu | Divine Intervention CM [RUS]"
"931","DI_culture_to_edit","Expected corrective localization override","localization/russian/gui/DI_RUS_l_russian.yml","localization/russian/gui/DI_l_russian.yml","1","2","Divine Intervention AGOT | Русификатор | Divine Intervention Cheat Menu | Divine Intervention CM [RUS]"
"932","DI_culture_to_copy","Expected corrective localization override","localization/russian/gui/DI_RUS_l_russian.yml","localization/russian/gui/DI_l_russian.yml","1","2","Divine Intervention AGOT | Русификатор | Divine Intervention Cheat Menu | Divine Intervention CM [RUS]"
"933","DI_people","Expected corrective localization override","localization/russian/gui/DI_RUS_l_russian.yml","localization/russian/gui/DI_l_russian.yml","1","2","Divine Intervention AGOT | Русификатор | Divine Intervention Cheat Menu | Divine Intervention CM [RUS]"
"934","DI_convert_every_courtier_culture","Expected corrective localization override","localization/russian/gui/DI_RUS_l_russian.yml","localization/russian/gui/DI_l_russian.yml","1","2","Divine Intervention AGOT | Русификатор | Divine Intervention Cheat Menu | Divine Intervention CM [RUS]"
"935","DI_convert_every_courtier_culture_tt","Expected corrective localization override","localization/russian/gui/DI_RUS_l_russian.yml","localization/russian/gui/DI_l_russian.yml","1","2","Divine Intervention AGOT | Русификатор | Divine Intervention Cheat Menu | Divine Intervention CM [RUS]"
"936","DI_convert_every_vassal_culture","Expected corrective localization override","localization/russian/gui/DI_RUS_l_russian.yml","localization/russian/gui/DI_l_russian.yml","1","2","Divine Intervention AGOT | Русификатор | Divine Intervention Cheat Menu | Divine Intervention CM [RUS]"
"937","DI_convert_every_vassal_culture_tt","Expected corrective localization override","localization/russian/gui/DI_RUS_l_russian.yml","localization/russian/gui/DI_l_russian.yml","1","2","Divine Intervention AGOT | Русификатор | Divine Intervention Cheat Menu | Divine Intervention CM [RUS]"
"938","DI_counties","Expected corrective localization override","localization/russian/gui/DI_RUS_l_russian.yml","localization/russian/gui/DI_l_russian.yml","1","2","Divine Intervention AGOT | Русификатор | Divine Intervention Cheat Menu | Divine Intervention CM [RUS]"
"939","DI_realm","Expected corrective localization override","localization/russian/gui/DI_RUS_l_russian.yml","localization/russian/gui/DI_l_russian.yml","1","2","Divine Intervention AGOT | Русификатор | Divine Intervention Cheat Menu | Divine Intervention CM [RUS]"
"940","DI_convert_realm_culture","Expected corrective localization override","localization/russian/gui/DI_RUS_l_russian.yml","localization/russian/gui/DI_l_russian.yml","1","2","Divine Intervention AGOT | Русификатор | Divine Intervention Cheat Menu | Divine Intervention CM [RUS]"
"941","DI_convert_realm_culture_tt","Expected corrective localization override","localization/russian/gui/DI_RUS_l_russian.yml","localization/russian/gui/DI_l_russian.yml","1","2","Divine Intervention AGOT | Русификатор | Divine Intervention Cheat Menu | Divine Intervention CM [RUS]"
"942","DI_convert_all_pinned_realm_culture","Expected corrective localization override","localization/russian/gui/DI_RUS_l_russian.yml","localization/russian/gui/DI_l_russian.yml","1","2","Divine Intervention AGOT | Русификатор | Divine Intervention Cheat Menu | Divine Intervention CM [RUS]"
"943","DI_convert_all_pinned_realm_culture_tt","Expected corrective localization override","localization/russian/gui/DI_RUS_l_russian.yml","localization/russian/gui/DI_l_russian.yml","1","2","Divine Intervention AGOT | Русификатор | Divine Intervention Cheat Menu | Divine Intervention CM [RUS]"
"944","DI_convert_all_pinned_to_player_culture","Expected corrective localization override","localization/russian/gui/DI_RUS_l_russian.yml","localization/russian/gui/DI_l_russian.yml","1","2","Divine Intervention AGOT | Русификатор | Divine Intervention Cheat Menu | Divine Intervention CM [RUS]"
"945","DI_convert_all_pinned_to_player_culture_tt","Expected corrective localization override","localization/russian/gui/DI_RUS_l_russian.yml","localization/russian/gui/DI_l_russian.yml","1","2","Divine Intervention AGOT | Русификатор | Divine Intervention Cheat Menu | Divine Intervention CM [RUS]"
"946","DI_quick_convert_player_realm_culture","Expected corrective localization override","localization/russian/gui/DI_RUS_l_russian.yml","localization/russian/gui/DI_l_russian.yml","1","2","Divine Intervention AGOT | Русификатор | Divine Intervention Cheat Menu | Divine Intervention CM [RUS]"
"947","DI_quick_convert_player_realm_culture_tt","Expected corrective localization override","localization/russian/gui/DI_RUS_l_russian.yml","localization/russian/gui/DI_l_russian.yml","1","2","Divine Intervention AGOT | Русификатор | Divine Intervention Cheat Menu | Divine Intervention CM [RUS]"
"948","DI_sub_realm","Expected corrective localization override","localization/russian/gui/DI_RUS_l_russian.yml","localization/russian/gui/DI_l_russian.yml","1","2","Divine Intervention AGOT | Русификатор | Divine Intervention Cheat Menu | Divine Intervention CM [RUS]"
"949","DI_convert_sub_realm_culture","Expected corrective localization override","localization/russian/gui/DI_RUS_l_russian.yml","localization/russian/gui/DI_l_russian.yml","1","2","Divine Intervention AGOT | Русификатор | Divine Intervention Cheat Menu | Divine Intervention CM [RUS]"
"950","DI_convert_sub_realm_culture_tt","Expected corrective localization override","localization/russian/gui/DI_RUS_l_russian.yml","localization/russian/gui/DI_l_russian.yml","1","2","Divine Intervention AGOT | Русификатор | Divine Intervention Cheat Menu | Divine Intervention CM [RUS]"
"951","DI_convert_all_pinned_sub_realm_culture","Expected corrective localization override","localization/russian/gui/DI_RUS_l_russian.yml","localization/russian/gui/DI_l_russian.yml","1","2","Divine Intervention AGOT | Русификатор | Divine Intervention Cheat Menu | Divine Intervention CM [RUS]"
"952","DI_convert_all_pinned_sub_realm_culture_tt","Expected corrective localization override","localization/russian/gui/DI_RUS_l_russian.yml","localization/russian/gui/DI_l_russian.yml","1","2","Divine Intervention AGOT | Русификатор | Divine Intervention Cheat Menu | Divine Intervention CM [RUS]"
"953","DI_convert_all_pinned_to_player_sub_realm_culture","Expected corrective localization override","localization/russian/gui/DI_RUS_l_russian.yml","localization/russian/gui/DI_l_russian.yml","1","2","Divine Intervention AGOT | Русификатор | Divine Intervention Cheat Menu | Divine Intervention CM [RUS]"
"954","DI_convert_all_pinned_to_player_sub_realm_culture_tt","Expected corrective localization override","localization/russian/gui/DI_RUS_l_russian.yml","localization/russian/gui/DI_l_russian.yml","1","2","Divine Intervention AGOT | Русификатор | Divine Intervention Cheat Menu | Divine Intervention CM [RUS]"
"955","DI_quick_convert_player_sub_realm_culture","Expected corrective localization override","localization/russian/gui/DI_RUS_l_russian.yml","localization/russian/gui/DI_l_russian.yml","1","2","Divine Intervention AGOT | Русификатор | Divine Intervention Cheat Menu | Divine Intervention CM [RUS]"
"956","DI_quick_convert_player_sub_realm_culture_tt","Expected corrective localization override","localization/russian/gui/DI_RUS_l_russian.yml","localization/russian/gui/DI_l_russian.yml","1","2","Divine Intervention AGOT | Русификатор | Divine Intervention Cheat Menu | Divine Intervention CM [RUS]"
"957","DI_all_innovations","Expected corrective localization override","localization/russian/gui/DI_RUS_l_russian.yml","localization/russian/gui/DI_l_russian.yml","1","2","Divine Intervention AGOT | Русификатор | Divine Intervention Cheat Menu | Divine Intervention CM [RUS]"
"958","DI_innovations_by_era","Expected corrective localization override","localization/russian/gui/DI_RUS_l_russian.yml","localization/russian/gui/DI_l_russian.yml","1","2","Divine Intervention AGOT | Русификатор | Divine Intervention Cheat Menu | Divine Intervention CM [RUS]"
"959","DI_add_all_innovations","Expected corrective localization override","localization/russian/gui/DI_RUS_l_russian.yml","localization/russian/gui/DI_l_russian.yml","1","2","Divine Intervention AGOT | Русификатор | Divine Intervention Cheat Menu | Divine Intervention CM [RUS]"
"960","DI_remove_all_innovations","Expected corrective localization override","localization/russian/gui/DI_RUS_l_russian.yml","localization/russian/gui/DI_l_russian.yml","1","2","Divine Intervention AGOT | Русификатор | Divine Intervention Cheat Menu | Divine Intervention CM [RUS]"
"961","DI_martial_custom_window_title","Expected corrective localization override","localization/russian/gui/DI_RUS_l_russian.yml","localization/russian/gui/DI_l_russian.yml","1","2","Divine Intervention AGOT | Русификатор | Divine Intervention Cheat Menu | Divine Intervention CM [RUS]"
"962","DI_ethos_window_title","Expected corrective localization override","localization/russian/gui/DI_RUS_l_russian.yml","localization/russian/gui/DI_l_russian.yml","1","2","Divine Intervention AGOT | Русификатор | Divine Intervention Cheat Menu | Divine Intervention CM [RUS]"
"963","DI_heritage_window_title","Expected corrective localization override","localization/russian/gui/DI_RUS_l_russian.yml","localization/russian/gui/DI_l_russian.yml","1","2","Divine Intervention AGOT | Русификатор | Divine Intervention Cheat Menu | Divine Intervention CM [RUS]"
"964","DI_language_window_title","Expected corrective localization override","localization/russian/gui/DI_RUS_l_russian.yml","localization/russian/gui/DI_l_russian.yml","1","2","Divine Intervention AGOT | Русификатор | Divine Intervention Cheat Menu | Divine Intervention CM [RUS]"
"965","DI_FAITH_EDITOR_TITLE","Expected corrective localization override","localization/russian/gui/DI_RUS_l_russian.yml","localization/russian/gui/DI_l_russian.yml","1","2","Divine Intervention AGOT | Русификатор | Divine Intervention Cheat Menu | Divine Intervention CM [RUS]"
"966","DI_select_tenet","Expected corrective localization override","localization/russian/gui/DI_RUS_l_russian.yml","localization/russian/gui/DI_l_russian.yml","1","2","Divine Intervention AGOT | Русификатор | Divine Intervention Cheat Menu | Divine Intervention CM [RUS]"
"967","DI_add_tenet","Expected corrective localization override","localization/russian/gui/DI_RUS_l_russian.yml","localization/russian/gui/DI_l_russian.yml","1","2","Divine Intervention AGOT | Русификатор | Divine Intervention Cheat Menu | Divine Intervention CM [RUS]"
"968","DI_fe_add_tenet_tooltip","Expected corrective localization override","localization/russian/gui/DI_RUS_l_russian.yml","localization/russian/gui/DI_l_russian.yml","1","2","Divine Intervention AGOT | Русификатор | Divine Intervention Cheat Menu | Divine Intervention CM [RUS]"
"969","DI_fe_replace_tenet_tooltip","Expected corrective localization override","localization/russian/gui/DI_RUS_l_russian.yml","localization/russian/gui/DI_l_russian.yml","1","2","Divine Intervention AGOT | Русификатор | Divine Intervention Cheat Menu | Divine Intervention CM [RUS]"
"970","DI_other_tenets_heading","Expected corrective localization override","localization/russian/gui/DI_RUS_l_russian.yml","localization/russian/gui/DI_l_russian.yml","1","2","Divine Intervention AGOT | Русификатор | Divine Intervention Cheat Menu | Divine Intervention CM [RUS]"
"971","interaction_category_cheat_menu","Expected corrective localization override","localization/russian/gui/DI_RUS_l_russian.yml","localization/russian/gui/DI_l_russian.yml","1","1","Divine Intervention AGOT | Русификатор | Divine Intervention Cheat Menu | Divine Intervention CM [RUS]"
"972","DI_open_cheat_menu","Expected corrective localization override","localization/russian/gui/DI_RUS_l_russian.yml","localization/russian/gui/DI_l_russian.yml","1","2","Divine Intervention AGOT | Русификатор | Divine Intervention Cheat Menu | Divine Intervention CM [RUS]"
"973","DI_close_cheat_menu","Expected corrective localization override","localization/russian/gui/DI_RUS_l_russian.yml","localization/russian/gui/DI_l_russian.yml","1","2","Divine Intervention AGOT | Русификатор | Divine Intervention Cheat Menu | Divine Intervention CM [RUS]"
"974","DI_cheat_menu_desc","Expected corrective localization override","localization/russian/gui/DI_RUS_l_russian.yml","localization/russian/gui/DI_l_russian.yml","1","2","Divine Intervention AGOT | Русификатор | Divine Intervention Cheat Menu | Divine Intervention CM [RUS]"
"975","DI_pin_character_interaction","Expected corrective localization override","localization/russian/gui/DI_RUS_l_russian.yml","localization/russian/gui/DI_l_russian.yml","1","2","Divine Intervention AGOT | Русификатор | Divine Intervention Cheat Menu | Divine Intervention CM [RUS]"
"976","DI_pin_character","Expected corrective localization override","localization/russian/gui/DI_RUS_l_russian.yml","localization/russian/gui/DI_l_russian.yml","1","2","Divine Intervention AGOT | Русификатор | Divine Intervention Cheat Menu | Divine Intervention CM [RUS]"
"977","DI_pin_vassals","Expected corrective localization override","localization/russian/gui/DI_RUS_l_russian.yml","localization/russian/gui/DI_l_russian.yml","1","2","Divine Intervention AGOT | Русификатор | Divine Intervention Cheat Menu | Divine Intervention CM [RUS]"
"978","DI_pin_courtiers","Expected corrective localization override","localization/russian/gui/DI_RUS_l_russian.yml","localization/russian/gui/DI_l_russian.yml","1","2","Divine Intervention AGOT | Русификатор | Divine Intervention Cheat Menu | Divine Intervention CM [RUS]"
"979","DI_pin_councillors","Expected corrective localization override","localization/russian/gui/DI_RUS_l_russian.yml","localization/russian/gui/DI_l_russian.yml","1","2","Divine Intervention AGOT | Русификатор | Divine Intervention Cheat Menu | Divine Intervention CM [RUS]"
"980","DI_pin_house","Expected corrective localization override","localization/russian/gui/DI_RUS_l_russian.yml","localization/russian/gui/DI_l_russian.yml","1","2","Divine Intervention AGOT | Русификатор | Divine Intervention Cheat Menu | Divine Intervention CM [RUS]"
"981","DI_pin_dynasty","Expected corrective localization override","localization/russian/gui/DI_RUS_l_russian.yml","localization/russian/gui/DI_l_russian.yml","1","2","Divine Intervention AGOT | Русификатор | Divine Intervention Cheat Menu | Divine Intervention CM [RUS]"
"982","DI_pin_lovers","Expected corrective localization override","localization/russian/gui/DI_RUS_l_russian.yml","localization/russian/gui/DI_l_russian.yml","1","2","Divine Intervention AGOT | Русификатор | Divine Intervention Cheat Menu | Divine Intervention CM [RUS]"
"983","DI_pin_bloc","Expected corrective localization override","localization/russian/gui/DI_RUS_l_russian.yml","localization/russian/gui/DI_l_russian.yml","1","2","Divine Intervention AGOT | Русификатор | Divine Intervention Cheat Menu | Divine Intervention CM [RUS]"
"984","DI_pin_faith_members","Expected corrective localization override","localization/russian/gui/DI_RUS_l_russian.yml","localization/russian/gui/DI_l_russian.yml","1","2","Divine Intervention AGOT | Русификатор | Divine Intervention Cheat Menu | Divine Intervention CM [RUS]"
"985","DI_pin_culture_members","Expected corrective localization override","localization/russian/gui/DI_RUS_l_russian.yml","localization/russian/gui/DI_l_russian.yml","1","2","Divine Intervention AGOT | Русификатор | Divine Intervention Cheat Menu | Divine Intervention CM [RUS]"
"986","DI_pin_close_family","Expected corrective localization override","localization/russian/gui/DI_RUS_l_russian.yml","localization/russian/gui/DI_l_russian.yml","1","2","Divine Intervention AGOT | Русификатор | Divine Intervention Cheat Menu | Divine Intervention CM [RUS]"
"987","DI_pin_extended_family","Expected corrective localization override","localization/russian/gui/DI_RUS_l_russian.yml","localization/russian/gui/DI_l_russian.yml","1","2","Divine Intervention AGOT | Русификатор | Divine Intervention Cheat Menu | Divine Intervention CM [RUS]"
"988","DI_pin_title_interaction","Expected corrective localization override","localization/russian/gui/DI_RUS_l_russian.yml","localization/russian/gui/DI_l_russian.yml","1","2","Divine Intervention AGOT | Русификатор | Divine Intervention Cheat Menu | Divine Intervention CM [RUS]"
"989","DI_pin_character_titles","Expected corrective localization override","localization/russian/gui/DI_RUS_l_russian.yml","localization/russian/gui/DI_l_russian.yml","1","2","Divine Intervention AGOT | Русификатор | Divine Intervention Cheat Menu | Divine Intervention CM [RUS]"
"990","DI_pin_vassal_titles","Expected corrective localization override","localization/russian/gui/DI_RUS_l_russian.yml","localization/russian/gui/DI_l_russian.yml","1","2","Divine Intervention AGOT | Русификатор | Divine Intervention Cheat Menu | Divine Intervention CM [RUS]"
"991","DI_pin_sub_realm_titles","Expected corrective localization override","localization/russian/gui/DI_RUS_l_russian.yml","localization/russian/gui/DI_l_russian.yml","1","2","Divine Intervention AGOT | Русификатор | Divine Intervention Cheat Menu | Divine Intervention CM [RUS]"
"992","DI_pin_realm_titles","Expected corrective localization override","localization/russian/gui/DI_RUS_l_russian.yml","localization/russian/gui/DI_l_russian.yml","1","2","Divine Intervention AGOT | Русификатор | Divine Intervention Cheat Menu | Divine Intervention CM [RUS]"
"993","DI_change_character_interaction","Expected corrective localization override","localization/russian/gui/DI_RUS_l_russian.yml","localization/russian/gui/DI_l_russian.yml","1","2","Divine Intervention AGOT | Русификатор | Divine Intervention Cheat Menu | Divine Intervention CM [RUS]"
"994","DI_change_character_desc","Expected corrective localization override","localization/russian/gui/DI_RUS_l_russian.yml","localization/russian/gui/DI_l_russian.yml","1","2","Divine Intervention AGOT | Русификатор | Divine Intervention Cheat Menu | Divine Intervention CM [RUS]"
"995","DI_change_character_name_interaction","Expected corrective localization override","localization/russian/gui/DI_RUS_l_russian.yml","localization/russian/gui/DI_l_russian.yml","1","2","Divine Intervention AGOT | Русификатор | Divine Intervention Cheat Menu | Divine Intervention CM [RUS]"
"996","DI_change_character_name_desc","Expected corrective localization override","localization/russian/gui/DI_RUS_l_russian.yml","localization/russian/gui/DI_l_russian.yml","1","2","Divine Intervention AGOT | Русификатор | Divine Intervention Cheat Menu | Divine Intervention CM [RUS]"
"997","DI_change_religion_interaction","Expected corrective localization override","localization/russian/gui/DI_RUS_l_russian.yml","localization/russian/gui/DI_l_russian.yml","1","2","Divine Intervention AGOT | Русификатор | Divine Intervention Cheat Menu | Divine Intervention CM [RUS]"
"998","DI_change_religion_desc","Expected corrective localization override","localization/russian/gui/DI_RUS_l_russian.yml","localization/russian/gui/DI_l_russian.yml","1","2","Divine Intervention AGOT | Русификатор | Divine Intervention Cheat Menu | Divine Intervention CM [RUS]"
"999","DI_change_culture_interaction","Expected corrective localization override","localization/russian/gui/DI_RUS_l_russian.yml","localization/russian/gui/DI_l_russian.yml","1","2","Divine Intervention AGOT | Русификатор | Divine Intervention Cheat Menu | Divine Intervention CM [RUS]"
"1000","DI_change_culture_desc","Expected corrective localization override","localization/russian/gui/DI_RUS_l_russian.yml","localization/russian/gui/DI_l_russian.yml","1","2","Divine Intervention AGOT | Русификатор | Divine Intervention Cheat Menu | Divine Intervention CM [RUS]"
"1001","DI_change_dynasty_interaction","Expected corrective localization override","localization/russian/gui/DI_RUS_l_russian.yml","localization/russian/gui/DI_l_russian.yml","1","2","Divine Intervention AGOT | Русификатор | Divine Intervention Cheat Menu | Divine Intervention CM [RUS]"
"1002","DI_change_dynasty_desc","Expected corrective localization override","localization/russian/gui/DI_RUS_l_russian.yml","localization/russian/gui/DI_l_russian.yml","1","2","Divine Intervention AGOT | Русификатор | Divine Intervention Cheat Menu | Divine Intervention CM [RUS]"
"1003","DI_char_modify_vassal_contract_interaction","Expected corrective localization override","localization/russian/gui/DI_RUS_l_russian.yml","localization/russian/gui/DI_l_russian.yml","1","2","Divine Intervention AGOT | Русификатор | Divine Intervention Cheat Menu | Divine Intervention CM [RUS]"
"1004","DI_char_modify_vassal_contract_inter_desc","Expected corrective localization override","localization/russian/gui/DI_RUS_l_russian.yml","localization/russian/gui/DI_l_russian.yml","1","2","Divine Intervention AGOT | Русификатор | Divine Intervention Cheat Menu | Divine Intervention CM [RUS]"
"1005","DI_modify_vassal_mod_vassal_contract_interaction","Expected corrective localization override","localization/russian/gui/DI_RUS_l_russian.yml","localization/russian/gui/DI_l_russian.yml","1","2","Divine Intervention AGOT | Русификатор | Divine Intervention Cheat Menu | Divine Intervention CM [RUS]"
"1006","DI_modify_vassal_mod_vassal_contract_desc","Expected corrective localization override","localization/russian/gui/DI_RUS_l_russian.yml","localization/russian/gui/DI_l_russian.yml","1","2","Divine Intervention AGOT | Русификатор | Divine Intervention Cheat Menu | Divine Intervention CM [RUS]"
"1007","DI_arrange_marriage_interaction","Expected corrective localization override","localization/russian/gui/DI_RUS_l_russian.yml","localization/russian/gui/DI_l_russian.yml","1","2","Divine Intervention AGOT | Русификатор | Divine Intervention Cheat Menu | Divine Intervention CM [RUS]"
"1008","DI_arrange_marriage_desc","Expected corrective localization override","localization/russian/gui/DI_RUS_l_russian.yml","localization/russian/gui/DI_l_russian.yml","1","2","Divine Intervention AGOT | Русификатор | Divine Intervention Cheat Menu | Divine Intervention CM [RUS]"
"1009","DI_learn_language_interaction","Expected corrective localization override","localization/russian/gui/DI_RUS_l_russian.yml","localization/russian/gui/DI_l_russian.yml","1","2","Divine Intervention AGOT | Русификатор | Divine Intervention Cheat Menu | Divine Intervention CM [RUS]"
"1010","DI_break_betrothal_interaction","Expected corrective localization override","localization/russian/gui/DI_RUS_l_russian.yml","localization/russian/gui/DI_l_russian.yml","1","2","Divine Intervention AGOT | Русификатор | Divine Intervention Cheat Menu | Divine Intervention CM [RUS]"
"1011","DI_break_betrothal_desc","Expected corrective localization override","localization/russian/gui/DI_RUS_l_russian.yml","localization/russian/gui/DI_l_russian.yml","1","2","Divine Intervention AGOT | Русификатор | Divine Intervention Cheat Menu | Divine Intervention CM [RUS]"
"1012","DI_divorce_character_interaction","Expected corrective localization override","localization/russian/gui/DI_RUS_l_russian.yml","localization/russian/gui/DI_l_russian.yml","1","2","Divine Intervention AGOT | Русификатор | Divine Intervention Cheat Menu | Divine Intervention CM [RUS]"
"1013","DI_divorce_character_desc","Expected corrective localization override","localization/russian/gui/DI_RUS_l_russian.yml","localization/russian/gui/DI_l_russian.yml","1","2","Divine Intervention AGOT | Русификатор | Divine Intervention Cheat Menu | Divine Intervention CM [RUS]"
"1014","DI_designate_heir_interaction","Expected corrective localization override","localization/russian/gui/DI_RUS_l_russian.yml","localization/russian/gui/DI_l_russian.yml","1","2","Divine Intervention AGOT | Русификатор | Divine Intervention Cheat Menu | Divine Intervention CM [RUS]"
"1015","DI_designate_heir_desc","Expected corrective localization override","localization/russian/gui/DI_RUS_l_russian.yml","localization/russian/gui/DI_l_russian.yml","1","2","Divine Intervention AGOT | Русификатор | Divine Intervention Cheat Menu | Divine Intervention CM [RUS]"
"1016","DI_adopt_male_interaction","Expected corrective localization override","localization/russian/gui/DI_RUS_l_russian.yml","localization/russian/gui/DI_l_russian.yml","1","2","Divine Intervention AGOT | Русификатор | Divine Intervention Cheat Menu | Divine Intervention CM [RUS]"
"1017","DI_adopt_female_interaction","Expected corrective localization override","localization/russian/gui/DI_RUS_l_russian.yml","localization/russian/gui/DI_l_russian.yml","1","2","Divine Intervention AGOT | Русификатор | Divine Intervention Cheat Menu | Divine Intervention CM [RUS]"
"1018","DI_adopt","Expected corrective localization override","localization/russian/gui/DI_RUS_l_russian.yml","localization/russian/gui/DI_l_russian.yml","1","2","Divine Intervention AGOT | Русификатор | Divine Intervention Cheat Menu | Divine Intervention CM [RUS]"
"1019","DI_disown_interaction","Expected corrective localization override","localization/russian/gui/DI_RUS_l_russian.yml","localization/russian/gui/DI_l_russian.yml","1","2","Divine Intervention AGOT | Русификатор | Divine Intervention Cheat Menu | Divine Intervention CM [RUS]"
"1020","DI_disown_desc","Expected corrective localization override","localization/russian/gui/DI_RUS_l_russian.yml","localization/russian/gui/DI_l_russian.yml","1","2","Divine Intervention AGOT | Русификатор | Divine Intervention Cheat Menu | Divine Intervention CM [RUS]"
"1021","DI_murder_interaction","Expected corrective localization override","localization/russian/gui/DI_RUS_l_russian.yml","localization/russian/gui/DI_l_russian.yml","1","2","Divine Intervention AGOT | Русификатор | Divine Intervention Cheat Menu | Divine Intervention CM [RUS]"
"1022","DI_murder_desc","Expected corrective localization override","localization/russian/gui/DI_RUS_l_russian.yml","localization/russian/gui/DI_l_russian.yml","1","2","Divine Intervention AGOT | Русификатор | Divine Intervention Cheat Menu | Divine Intervention CM [RUS]"
"1023","DI_imprison_interaction","Expected corrective localization override","localization/russian/gui/DI_RUS_l_russian.yml","localization/russian/gui/DI_l_russian.yml","1","2","Divine Intervention AGOT | Русификатор | Divine Intervention Cheat Menu | Divine Intervention CM [RUS]"
"1024","DI_imprison_desc","Expected corrective localization override","localization/russian/gui/DI_RUS_l_russian.yml","localization/russian/gui/DI_l_russian.yml","1","2","Divine Intervention AGOT | Русификатор | Divine Intervention Cheat Menu | Divine Intervention CM [RUS]"
"1025","DI_claim_title_interaction","Expected corrective localization override","localization/russian/gui/DI_RUS_l_russian.yml","localization/russian/gui/DI_l_russian.yml","1","2","Divine Intervention AGOT | Русификатор | Divine Intervention Cheat Menu | Divine Intervention CM [RUS]"
"1026","DI_claim_title_desc","Expected corrective localization override","localization/russian/gui/DI_RUS_l_russian.yml","localization/russian/gui/DI_l_russian.yml","1","2","Divine Intervention AGOT | Русификатор | Divine Intervention Cheat Menu | Divine Intervention CM [RUS]"
"1027","DI_remove_claims_on_player_interaction","Expected corrective localization override","localization/russian/gui/DI_RUS_l_russian.yml","localization/russian/gui/DI_l_russian.yml","1","2","Divine Intervention AGOT | Русификатор | Divine Intervention Cheat Menu | Divine Intervention CM [RUS]"
"1028","DI_remove_claims_on_player_desc","Expected corrective localization override","localization/russian/gui/DI_RUS_l_russian.yml","localization/russian/gui/DI_l_russian.yml","1","2","Divine Intervention AGOT | Русификатор | Divine Intervention Cheat Menu | Divine Intervention CM [RUS]"
"1029","DI_remove_all_claims_interaction","Expected corrective localization override","localization/russian/gui/DI_RUS_l_russian.yml","localization/russian/gui/DI_l_russian.yml","1","2","Divine Intervention AGOT | Русификатор | Divine Intervention Cheat Menu | Divine Intervention CM [RUS]"
"1030","DI_remove_all_claims_desc","Expected corrective localization override","localization/russian/gui/DI_RUS_l_russian.yml","localization/russian/gui/DI_l_russian.yml","1","2","Divine Intervention AGOT | Русификатор | Divine Intervention Cheat Menu | Divine Intervention CM [RUS]"
"1031","DI_revoke_title_interaction","Expected corrective localization override","localization/russian/gui/DI_RUS_l_russian.yml","localization/russian/gui/DI_l_russian.yml","1","2","Divine Intervention AGOT | Русификатор | Divine Intervention Cheat Menu | Divine Intervention CM [RUS]"
"1032","DI_revoke_title_desc","Expected corrective localization override","localization/russian/gui/DI_RUS_l_russian.yml","localization/russian/gui/DI_l_russian.yml","1","2","Divine Intervention AGOT | Русификатор | Divine Intervention Cheat Menu | Divine Intervention CM [RUS]"
"1033","DI_vassalize_interaction","Expected corrective localization override","localization/russian/gui/DI_RUS_l_russian.yml","localization/russian/gui/DI_l_russian.yml","1","2","Divine Intervention AGOT | Русификатор | Divine Intervention Cheat Menu | Divine Intervention CM [RUS]"
"1034","DI_vassalize_desc","Expected corrective localization override","localization/russian/gui/DI_RUS_l_russian.yml","localization/russian/gui/DI_l_russian.yml","1","2","Divine Intervention AGOT | Русификатор | Divine Intervention Cheat Menu | Divine Intervention CM [RUS]"
"1035","DI_add_to_court_interaction","Expected corrective localization override","localization/russian/gui/DI_RUS_l_russian.yml","localization/russian/gui/DI_l_russian.yml","1","1","Divine Intervention AGOT | Русификатор | Divine Intervention Cheat Menu | Divine Intervention CM [RUS]"
"1036","DI_add_to_court_0","Expected corrective localization override","localization/russian/gui/DI_RUS_l_russian.yml","localization/russian/gui/DI_l_russian.yml","1","2","Divine Intervention AGOT | Русификатор | Divine Intervention Cheat Menu | Divine Intervention CM [RUS]"
"1037","DI_add_to_court_1","Expected corrective localization override","localization/russian/gui/DI_RUS_l_russian.yml","localization/russian/gui/DI_l_russian.yml","1","2","Divine Intervention AGOT | Русификатор | Divine Intervention Cheat Menu | Divine Intervention CM [RUS]"
"1038","DI_add_to_court_desc","Expected corrective localization override","localization/russian/gui/DI_RUS_l_russian.yml","localization/russian/gui/DI_l_russian.yml","1","2","Divine Intervention AGOT | Русификатор | Divine Intervention Cheat Menu | Divine Intervention CM [RUS]"
"1039","DI_add_concubine_interaction","Expected corrective localization override","localization/russian/gui/DI_RUS_l_russian.yml","localization/russian/gui/DI_l_russian.yml","1","2","Divine Intervention AGOT | Русификатор | Divine Intervention Cheat Menu | Divine Intervention CM [RUS]"
"1040","DI_add_concubine_desc","Expected corrective localization override","localization/russian/gui/DI_RUS_l_russian.yml","localization/russian/gui/DI_l_russian.yml","1","2","Divine Intervention AGOT | Русификатор | Divine Intervention Cheat Menu | Divine Intervention CM [RUS]"
"1041","DI_remove_concubine_interaction","Expected corrective localization override","localization/russian/gui/DI_RUS_l_russian.yml","localization/russian/gui/DI_l_russian.yml","1","2","Divine Intervention AGOT | Русификатор | Divine Intervention Cheat Menu | Divine Intervention CM [RUS]"
"1042","DI_remove_concubine_desc","Expected corrective localization override","localization/russian/gui/DI_RUS_l_russian.yml","localization/russian/gui/DI_l_russian.yml","1","2","Divine Intervention AGOT | Русификатор | Divine Intervention Cheat Menu | Divine Intervention CM [RUS]"
"1043","DI_impregnate_interaction","Expected corrective localization override","localization/russian/gui/DI_RUS_l_russian.yml","localization/russian/gui/DI_l_russian.yml","1","2","Divine Intervention AGOT | Русификатор | Divine Intervention Cheat Menu | Divine Intervention CM [RUS]"
"1044","DI_impregnate_cheat_desc","Expected corrective localization override","localization/russian/gui/DI_RUS_l_russian.yml","localization/russian/gui/DI_l_russian.yml","1","2","Divine Intervention AGOT | Русификатор | Divine Intervention Cheat Menu | Divine Intervention CM [RUS]"
"1045","DI_impregnate_one_child","Expected corrective localization override","localization/russian/gui/DI_RUS_l_russian.yml","localization/russian/gui/DI_l_russian.yml","1","2","Divine Intervention AGOT | Русификатор | Divine Intervention Cheat Menu | Divine Intervention CM [RUS]"
"1046","DI_impregnate_twins","Expected corrective localization override","localization/russian/gui/DI_RUS_l_russian.yml","localization/russian/gui/DI_l_russian.yml","1","2","Divine Intervention AGOT | Русификатор | Divine Intervention Cheat Menu | Divine Intervention CM [RUS]"
"1047","DI_impregnate_triplets","Expected corrective localization override","localization/russian/gui/DI_RUS_l_russian.yml","localization/russian/gui/DI_l_russian.yml","1","2","Divine Intervention AGOT | Русификатор | Divine Intervention Cheat Menu | Divine Intervention CM [RUS]"
"1048","DI_impregnate_by_spouse_1","Expected corrective localization override","localization/russian/gui/DI_RUS_l_russian.yml","localization/russian/gui/DI_l_russian.yml","1","2","Divine Intervention AGOT | Русификатор | Divine Intervention Cheat Menu | Divine Intervention CM [RUS]"
"1049","DI_impregnate_by_spouse_2","Expected corrective localization override","localization/russian/gui/DI_RUS_l_russian.yml","localization/russian/gui/DI_l_russian.yml","1","2","Divine Intervention AGOT | Русификатор | Divine Intervention Cheat Menu | Divine Intervention CM [RUS]"
"1050","DI_impregnate_by_spouse_3","Expected corrective localization override","localization/russian/gui/DI_RUS_l_russian.yml","localization/russian/gui/DI_l_russian.yml","1","2","Divine Intervention AGOT | Русификатор | Divine Intervention Cheat Menu | Divine Intervention CM [RUS]"
"1051","DI_sleep_with_character","Expected corrective localization override","localization/russian/gui/DI_RUS_l_russian.yml","localization/russian/gui/DI_l_russian.yml","1","2","Divine Intervention AGOT | Русификатор | Divine Intervention Cheat Menu | Divine Intervention CM [RUS]"
"1052","DI_add_hook_interaction","Expected corrective localization override","localization/russian/gui/DI_RUS_l_russian.yml","localization/russian/gui/DI_l_russian.yml","1","2","Divine Intervention AGOT | Русификатор | Divine Intervention Cheat Menu | Divine Intervention CM [RUS]"
"1053","DI_add_loyalty_hook_interaction","Expected corrective localization override","localization/russian/gui/DI_RUS_l_russian.yml","localization/russian/gui/DI_l_russian.yml","1","2","Divine Intervention AGOT | Русификатор | Divine Intervention Cheat Menu | Divine Intervention CM [RUS]"
"1054","DI_add_hook_desc","Expected corrective localization override","localization/russian/gui/DI_RUS_l_russian.yml","localization/russian/gui/DI_l_russian.yml","1","2","Divine Intervention AGOT | Русификатор | Divine Intervention Cheat Menu | Divine Intervention CM [RUS]"
"1055","DI_excommunicate_interaction","Expected corrective localization override","localization/russian/gui/DI_RUS_l_russian.yml","localization/russian/gui/DI_l_russian.yml","1","2","Divine Intervention AGOT | Русификатор | Divine Intervention Cheat Menu | Divine Intervention CM [RUS]"
"1056","DI_excommunicate_desc","Expected corrective localization override","localization/russian/gui/DI_RUS_l_russian.yml","localization/russian/gui/DI_l_russian.yml","1","2","Divine Intervention AGOT | Русификатор | Divine Intervention Cheat Menu | Divine Intervention CM [RUS]"
"1057","DI_remove_excommunication_interaction","Expected corrective localization override","localization/russian/gui/DI_RUS_l_russian.yml","localization/russian/gui/DI_l_russian.yml","1","2","Divine Intervention AGOT | Русификатор | Divine Intervention Cheat Menu | Divine Intervention CM [RUS]"
"1058","DI_remove_excommunication_desc","Expected corrective localization override","localization/russian/gui/DI_RUS_l_russian.yml","localization/russian/gui/DI_l_russian.yml","1","2","Divine Intervention AGOT | Русификатор | Divine Intervention Cheat Menu | Divine Intervention CM [RUS]"
"1059","DI_commit_suicide_interaction","Expected corrective localization override","localization/russian/gui/DI_RUS_l_russian.yml","localization/russian/gui/DI_l_russian.yml","1","2","Divine Intervention AGOT | Русификатор | Divine Intervention Cheat Menu | Divine Intervention CM [RUS]"
"1060","DI_commit_suicide_desc","Expected corrective localization override","localization/russian/gui/DI_RUS_l_russian.yml","localization/russian/gui/DI_l_russian.yml","1","2","Divine Intervention AGOT | Русификатор | Divine Intervention Cheat Menu | Divine Intervention CM [RUS]"
"1061","DI_take_title_interaction","Expected corrective localization override","localization/russian/gui/DI_RUS_l_russian.yml","localization/russian/gui/DI_l_russian.yml","1","2","Divine Intervention AGOT | Русификатор | Divine Intervention Cheat Menu | Divine Intervention CM [RUS]"
"1062","DI_take_title_desc","Expected corrective localization override","localization/russian/gui/DI_RUS_l_russian.yml","localization/russian/gui/DI_l_russian.yml","1","2","Divine Intervention AGOT | Русификатор | Divine Intervention Cheat Menu | Divine Intervention CM [RUS]"
"1063","DI_change_every_county","Expected corrective localization override","localization/russian/gui/DI_RUS_l_russian.yml","localization/russian/gui/DI_l_russian.yml","1","2","Divine Intervention AGOT | Русификатор | Divine Intervention Cheat Menu | Divine Intervention CM [RUS]"
"1064","DI_change_every_county_control","Expected corrective localization override","localization/russian/gui/DI_RUS_l_russian.yml","localization/russian/gui/DI_l_russian.yml","1","2","Divine Intervention AGOT | Русификатор | Divine Intervention Cheat Menu | Divine Intervention CM [RUS]"
"1065","DI_change_every_county_development","Expected corrective localization override","localization/russian/gui/DI_RUS_l_russian.yml","localization/russian/gui/DI_l_russian.yml","1","2","Divine Intervention AGOT | Русификатор | Divine Intervention Cheat Menu | Divine Intervention CM [RUS]"
"1066","DI_change_religion_every_county","Expected corrective localization override","localization/russian/gui/DI_RUS_l_russian.yml","localization/russian/gui/DI_l_russian.yml","1","2","Divine Intervention AGOT | Русификатор | Divine Intervention Cheat Menu | Divine Intervention CM [RUS]"
"1067","DI_change_culture_every_county","Expected corrective localization override","localization/russian/gui/DI_RUS_l_russian.yml","localization/russian/gui/DI_l_russian.yml","1","2","Divine Intervention AGOT | Русификатор | Divine Intervention Cheat Menu | Divine Intervention CM [RUS]"
"1068","DI_change_opinion_interaction","Expected corrective localization override","localization/russian/gui/DI_RUS_l_russian.yml","localization/russian/gui/DI_l_russian.yml","1","2","Divine Intervention AGOT | Русификатор | Divine Intervention Cheat Menu | Divine Intervention CM [RUS]"
"1069","DI_change_character_weight_interaction","Expected corrective localization override","localization/russian/gui/DI_RUS_l_russian.yml","localization/russian/gui/DI_l_russian.yml","1","2","Divine Intervention AGOT | Русификатор | Divine Intervention Cheat Menu | Divine Intervention CM [RUS]"
"1070","DI_set_relation_interaction","Expected corrective localization override","localization/russian/gui/DI_RUS_l_russian.yml","localization/russian/gui/DI_l_russian.yml","1","2","Divine Intervention AGOT | Русификатор | Divine Intervention Cheat Menu | Divine Intervention CM [RUS]"
"1071","DI_set_potential_friend","Expected corrective localization override","localization/russian/gui/DI_RUS_l_russian.yml","localization/russian/gui/DI_l_russian.yml","1","2","Divine Intervention AGOT | Русификатор | Divine Intervention Cheat Menu | Divine Intervention CM [RUS]"
"1072","DI_remove_potential_friend","Expected corrective localization override","localization/russian/gui/DI_RUS_l_russian.yml","localization/russian/gui/DI_l_russian.yml","1","2","Divine Intervention AGOT | Русификатор | Divine Intervention Cheat Menu | Divine Intervention CM [RUS]"
"1073","DI_set_potential_rival","Expected corrective localization override","localization/russian/gui/DI_RUS_l_russian.yml","localization/russian/gui/DI_l_russian.yml","1","2","Divine Intervention AGOT | Русификатор | Divine Intervention Cheat Menu | Divine Intervention CM [RUS]"
"1074","DI_remove_potential_rival","Expected corrective localization override","localization/russian/gui/DI_RUS_l_russian.yml","localization/russian/gui/DI_l_russian.yml","1","2","Divine Intervention AGOT | Русификатор | Divine Intervention Cheat Menu | Divine Intervention CM [RUS]"
"1075","DI_set_potential_lover","Expected corrective localization override","localization/russian/gui/DI_RUS_l_russian.yml","localization/russian/gui/DI_l_russian.yml","1","2","Divine Intervention AGOT | Русификатор | Divine Intervention Cheat Menu | Divine Intervention CM [RUS]"
"1076","DI_remove_potential_lover","Expected corrective localization override","localization/russian/gui/DI_RUS_l_russian.yml","localization/russian/gui/DI_l_russian.yml","1","2","Divine Intervention AGOT | Русификатор | Divine Intervention Cheat Menu | Divine Intervention CM [RUS]"
"1077","DI_set_friend","Expected corrective localization override","localization/russian/gui/DI_RUS_l_russian.yml","localization/russian/gui/DI_l_russian.yml","1","2","Divine Intervention AGOT | Русификатор | Divine Intervention Cheat Menu | Divine Intervention CM [RUS]"
"1078","DI_remove_friend","Expected corrective localization override","localization/russian/gui/DI_RUS_l_russian.yml","localization/russian/gui/DI_l_russian.yml","1","2","Divine Intervention AGOT | Русификатор | Divine Intervention Cheat Menu | Divine Intervention CM [RUS]"
"1079","DI_set_rival","Expected corrective localization override","localization/russian/gui/DI_RUS_l_russian.yml","localization/russian/gui/DI_l_russian.yml","1","2","Divine Intervention AGOT | Русификатор | Divine Intervention Cheat Menu | Divine Intervention CM [RUS]"
"1080","DI_remove_rival","Expected corrective localization override","localization/russian/gui/DI_RUS_l_russian.yml","localization/russian/gui/DI_l_russian.yml","1","2","Divine Intervention AGOT | Русификатор | Divine Intervention Cheat Menu | Divine Intervention CM [RUS]"
"1081","DI_set_lover","Expected corrective localization override","localization/russian/gui/DI_RUS_l_russian.yml","localization/russian/gui/DI_l_russian.yml","1","2","Divine Intervention AGOT | Русификатор | Divine Intervention Cheat Menu | Divine Intervention CM [RUS]"
"1082","DI_remove_lover","Expected corrective localization override","localization/russian/gui/DI_RUS_l_russian.yml","localization/russian/gui/DI_l_russian.yml","1","2","Divine Intervention AGOT | Русификатор | Divine Intervention Cheat Menu | Divine Intervention CM [RUS]"
"1083","DI_set_best_friend","Expected corrective localization override","localization/russian/gui/DI_RUS_l_russian.yml","localization/russian/gui/DI_l_russian.yml","1","2","Divine Intervention AGOT | Русификатор | Divine Intervention Cheat Menu | Divine Intervention CM [RUS]"
"1084","DI_remove_best_friend","Expected corrective localization override","localization/russian/gui/DI_RUS_l_russian.yml","localization/russian/gui/DI_l_russian.yml","1","2","Divine Intervention AGOT | Русификатор | Divine Intervention Cheat Menu | Divine Intervention CM [RUS]"
"1085","DI_set_nemesis","Expected corrective localization override","localization/russian/gui/DI_RUS_l_russian.yml","localization/russian/gui/DI_l_russian.yml","1","2","Divine Intervention AGOT | Русификатор | Divine Intervention Cheat Menu | Divine Intervention CM [RUS]"
"1086","DI_remove_nemesis","Expected corrective localization override","localization/russian/gui/DI_RUS_l_russian.yml","localization/russian/gui/DI_l_russian.yml","1","2","Divine Intervention AGOT | Русификатор | Divine Intervention Cheat Menu | Divine Intervention CM [RUS]"
"1087","DI_set_soulmate","Expected corrective localization override","localization/russian/gui/DI_RUS_l_russian.yml","localization/russian/gui/DI_l_russian.yml","1","2","Divine Intervention AGOT | Русификатор | Divine Intervention Cheat Menu | Divine Intervention CM [RUS]"
"1088","DI_remove_soulmate","Expected corrective localization override","localization/russian/gui/DI_RUS_l_russian.yml","localization/russian/gui/DI_l_russian.yml","1","2","Divine Intervention AGOT | Русификатор | Divine Intervention Cheat Menu | Divine Intervention CM [RUS]"
"1089","DI_set_bully","Expected corrective localization override","localization/russian/gui/DI_RUS_l_russian.yml","localization/russian/gui/DI_l_russian.yml","1","2","Divine Intervention AGOT | Русификатор | Divine Intervention Cheat Menu | Divine Intervention CM [RUS]"
"1090","DI_remove_bully","Expected corrective localization override","localization/russian/gui/DI_RUS_l_russian.yml","localization/russian/gui/DI_l_russian.yml","1","2","Divine Intervention AGOT | Русификатор | Divine Intervention Cheat Menu | Divine Intervention CM [RUS]"
"1091","DI_set_victim","Expected corrective localization override","localization/russian/gui/DI_RUS_l_russian.yml","localization/russian/gui/DI_l_russian.yml","1","2","Divine Intervention AGOT | Русификатор | Divine Intervention Cheat Menu | Divine Intervention CM [RUS]"
"1092","DI_remove_victim","Expected corrective localization override","localization/russian/gui/DI_RUS_l_russian.yml","localization/russian/gui/DI_l_russian.yml","1","2","Divine Intervention AGOT | Русификатор | Divine Intervention Cheat Menu | Divine Intervention CM [RUS]"
"1093","DI_remove_child_interaction","Expected corrective localization override","localization/russian/gui/DI_RUS_l_russian.yml","localization/russian/gui/DI_l_russian.yml","1","2","Divine Intervention AGOT | Русификатор | Divine Intervention Cheat Menu | Divine Intervention CM [RUS]"
"1094","DI_remove_child_desc","Expected corrective localization override","localization/russian/gui/DI_RUS_l_russian.yml","localization/russian/gui/DI_l_russian.yml","1","2","Divine Intervention AGOT | Русификатор | Divine Intervention Cheat Menu | Divine Intervention CM [RUS]"
"1095","DI_toggle_menu_button_interaction","Expected corrective localization override","localization/russian/gui/DI_RUS_l_russian.yml","localization/russian/gui/DI_l_russian.yml","1","2","Divine Intervention AGOT | Русификатор | Divine Intervention Cheat Menu | Divine Intervention CM [RUS]"
"1096","DI_change_government","Expected corrective localization override","localization/russian/gui/DI_RUS_l_russian.yml","localization/russian/gui/DI_l_russian.yml","1","2","Divine Intervention AGOT | Русификатор | Divine Intervention Cheat Menu | Divine Intervention CM [RUS]"
"1097","DI_change_government_desc","Expected corrective localization override","localization/russian/gui/DI_RUS_l_russian.yml","localization/russian/gui/DI_l_russian.yml","1","2","Divine Intervention AGOT | Русификатор | Divine Intervention Cheat Menu | Divine Intervention CM [RUS]"
"1098","DI_change_government_feudal","Expected corrective localization override","localization/russian/gui/DI_RUS_l_russian.yml","localization/russian/gui/DI_l_russian.yml","1","2","Divine Intervention AGOT | Русификатор | Divine Intervention Cheat Menu | Divine Intervention CM [RUS]"
"1099","DI_change_government_clan","Expected corrective localization override","localization/russian/gui/DI_RUS_l_russian.yml","localization/russian/gui/DI_l_russian.yml","1","2","Divine Intervention AGOT | Русификатор | Divine Intervention Cheat Menu | Divine Intervention CM [RUS]"
"1100","DI_change_government_tribal","Expected corrective localization override","localization/russian/gui/DI_RUS_l_russian.yml","localization/russian/gui/DI_l_russian.yml","1","2","Divine Intervention AGOT | Русификатор | Divine Intervention Cheat Menu | Divine Intervention CM [RUS]"
"1101","DI_change_government_feudal_full","Expected corrective localization override","localization/russian/gui/DI_RUS_l_russian.yml","localization/russian/gui/DI_l_russian.yml","1","2","Divine Intervention AGOT | Русификатор | Divine Intervention Cheat Menu | Divine Intervention CM [RUS]"
"1102","DI_change_government_clan_full","Expected corrective localization override","localization/russian/gui/DI_RUS_l_russian.yml","localization/russian/gui/DI_l_russian.yml","1","2","Divine Intervention AGOT | Русификатор | Divine Intervention Cheat Menu | Divine Intervention CM [RUS]"
"1103","DI_change_government_tribal_full","Expected corrective localization override","localization/russian/gui/DI_RUS_l_russian.yml","localization/russian/gui/DI_l_russian.yml","1","2","Divine Intervention AGOT | Русификатор | Divine Intervention Cheat Menu | Divine Intervention CM [RUS]"
"1104","DI_change_government_administrative","Expected corrective localization override","localization/russian/gui/DI_RUS_l_russian.yml","localization/russian/gui/DI_l_russian.yml","1","2","Divine Intervention AGOT | Русификатор | Divine Intervention Cheat Menu | Divine Intervention CM [RUS]"
"1105","DI_change_succession","Expected corrective localization override","localization/russian/gui/DI_RUS_l_russian.yml","localization/russian/gui/DI_l_russian.yml","1","2","Divine Intervention AGOT | Русификатор | Divine Intervention Cheat Menu | Divine Intervention CM [RUS]"
"1106","DI_change_succession_desc","Expected corrective localization override","localization/russian/gui/DI_RUS_l_russian.yml","localization/russian/gui/DI_l_russian.yml","1","2","Divine Intervention AGOT | Русификатор | Divine Intervention Cheat Menu | Divine Intervention CM [RUS]"
"1107","DI_change_succession_single","Expected corrective localization override","localization/russian/gui/DI_RUS_l_russian.yml","localization/russian/gui/DI_l_russian.yml","1","2","Divine Intervention AGOT | Русификатор | Divine Intervention Cheat Menu | Divine Intervention CM [RUS]"
"1108","DI_change_succession_single_youngest","Expected corrective localization override","localization/russian/gui/DI_RUS_l_russian.yml","localization/russian/gui/DI_l_russian.yml","1","2","Divine Intervention AGOT | Русификатор | Divine Intervention Cheat Menu | Divine Intervention CM [RUS]"
"1109","DI_contraceptive_interaction","Expected corrective localization override","localization/russian/gui/DI_RUS_l_russian.yml","localization/russian/gui/DI_l_russian.yml","1","2","Divine Intervention AGOT | Русификатор | Divine Intervention Cheat Menu | Divine Intervention CM [RUS]"
"1110","DI_contraceptive_desc","Expected corrective localization override","localization/russian/gui/DI_RUS_l_russian.yml","localization/russian/gui/DI_l_russian.yml","1","2","Divine Intervention AGOT | Русификатор | Divine Intervention Cheat Menu | Divine Intervention CM [RUS]"
"1111","DI_end_pregnancy_interaction","Expected corrective localization override","localization/russian/gui/DI_RUS_l_russian.yml","localization/russian/gui/DI_l_russian.yml","1","2","Divine Intervention AGOT | Русификатор | Divine Intervention Cheat Menu | Divine Intervention CM [RUS]"
"1112","DI_end_pregnancy_desc","Expected corrective localization override","localization/russian/gui/DI_RUS_l_russian.yml","localization/russian/gui/DI_l_russian.yml","1","2","Divine Intervention AGOT | Русификатор | Divine Intervention Cheat Menu | Divine Intervention CM [RUS]"
"1113","DI_add_secrets_interaction","Expected corrective localization override","localization/russian/gui/DI_RUS_l_russian.yml","localization/russian/gui/DI_l_russian.yml","1","2","Divine Intervention AGOT | Русификатор | Divine Intervention Cheat Menu | Divine Intervention CM [RUS]"
"1114","DI_add_secrets_desc","Expected corrective localization override","localization/russian/gui/DI_RUS_l_russian.yml","localization/russian/gui/DI_l_russian.yml","1","2","Divine Intervention AGOT | Русификатор | Divine Intervention Cheat Menu | Divine Intervention CM [RUS]"
"1115","DI_remove_secrets_interaction","Expected corrective localization override","localization/russian/gui/DI_RUS_l_russian.yml","localization/russian/gui/DI_l_russian.yml","1","2","Divine Intervention AGOT | Русификатор | Divine Intervention Cheat Menu | Divine Intervention CM [RUS]"
"1116","DI_remove_secrets_desc","Expected corrective localization override","localization/russian/gui/DI_RUS_l_russian.yml","localization/russian/gui/DI_l_russian.yml","1","2","Divine Intervention AGOT | Русификатор | Divine Intervention Cheat Menu | Divine Intervention CM [RUS]"
"1117","DI_reveal_secrets_interaction","Expected corrective localization override","localization/russian/gui/DI_RUS_l_russian.yml","localization/russian/gui/DI_l_russian.yml","1","2","Divine Intervention AGOT | Русификатор | Divine Intervention Cheat Menu | Divine Intervention CM [RUS]"
"1118","DI_reveal_secrets_desc","Expected corrective localization override","localization/russian/gui/DI_RUS_l_russian.yml","localization/russian/gui/DI_l_russian.yml","1","2","Divine Intervention AGOT | Русификатор | Divine Intervention Cheat Menu | Divine Intervention CM [RUS]"
"1119","DI_start_diarchy_interaction","Expected corrective localization override","localization/russian/gui/DI_RUS_l_russian.yml","localization/russian/gui/DI_l_russian.yml","1","2","Divine Intervention AGOT | Русификатор | Divine Intervention Cheat Menu | Divine Intervention CM [RUS]"
"1120","DI_start_diarchy_desc","Expected corrective localization override","localization/russian/gui/DI_RUS_l_russian.yml","localization/russian/gui/DI_l_russian.yml","1","2","Divine Intervention AGOT | Русификатор | Divine Intervention Cheat Menu | Divine Intervention CM [RUS]"
"1121","DI_start_diarchy_player_desc","Expected corrective localization override","localization/russian/gui/DI_RUS_l_russian.yml","localization/russian/gui/DI_l_russian.yml","1","2","Divine Intervention AGOT | Русификатор | Divine Intervention Cheat Menu | Divine Intervention CM [RUS]"
"1122","DI_start_diarchy_npc_desc","Expected corrective localization override","localization/russian/gui/DI_RUS_l_russian.yml","localization/russian/gui/DI_l_russian.yml","1","2","Divine Intervention AGOT | Русификатор | Divine Intervention Cheat Menu | Divine Intervention CM [RUS]"
"1123","DI_end_diarchy_interaction","Expected corrective localization override","localization/russian/gui/DI_RUS_l_russian.yml","localization/russian/gui/DI_l_russian.yml","1","2","Divine Intervention AGOT | Русификатор | Divine Intervention Cheat Menu | Divine Intervention CM [RUS]"
"1124","DI_end_diarchy_desc","Expected corrective localization override","localization/russian/gui/DI_RUS_l_russian.yml","localization/russian/gui/DI_l_russian.yml","1","2","Divine Intervention AGOT | Русификатор | Divine Intervention Cheat Menu | Divine Intervention CM [RUS]"
"1125","DI_swing_scales_interaction","Expected corrective localization override","localization/russian/gui/DI_RUS_l_russian.yml","localization/russian/gui/DI_l_russian.yml","1","2","Divine Intervention AGOT | Русификатор | Divine Intervention Cheat Menu | Divine Intervention CM [RUS]"
"1126","DI_swing_scales_interaction_desc","Expected corrective localization override","localization/russian/gui/DI_RUS_l_russian.yml","localization/russian/gui/DI_l_russian.yml","1","2","Divine Intervention AGOT | Русификатор | Divine Intervention Cheat Menu | Divine Intervention CM [RUS]"
"1127","swing_scales_0","Expected corrective localization override","localization/russian/gui/DI_RUS_l_russian.yml","localization/russian/gui/DI_l_russian.yml","1","2","Divine Intervention AGOT | Русификатор | Divine Intervention Cheat Menu | Divine Intervention CM [RUS]"
"1128","swing_scales_50","Expected corrective localization override","localization/russian/gui/DI_RUS_l_russian.yml","localization/russian/gui/DI_l_russian.yml","1","2","Divine Intervention AGOT | Русификатор | Divine Intervention Cheat Menu | Divine Intervention CM [RUS]"
"1129","swing_scales_100","Expected corrective localization override","localization/russian/gui/DI_RUS_l_russian.yml","localization/russian/gui/DI_l_russian.yml","1","2","Divine Intervention AGOT | Русификатор | Divine Intervention Cheat Menu | Divine Intervention CM [RUS]"
"1130","DI_white_peace_all_wars","Expected corrective localization override","localization/russian/gui/DI_RUS_l_russian.yml","localization/russian/gui/DI_l_russian.yml","1","2","Divine Intervention AGOT | Русификатор | Divine Intervention Cheat Menu | Divine Intervention CM [RUS]"
"1131","DI_lose_all_wars","Expected corrective localization override","localization/russian/gui/DI_RUS_l_russian.yml","localization/russian/gui/DI_l_russian.yml","1","2","Divine Intervention AGOT | Русификатор | Divine Intervention Cheat Menu | Divine Intervention CM [RUS]"
"1132","DI_win_all_wars","Expected corrective localization override","localization/russian/gui/DI_RUS_l_russian.yml","localization/russian/gui/DI_l_russian.yml","1","2","Divine Intervention AGOT | Русификатор | Divine Intervention Cheat Menu | Divine Intervention CM [RUS]"
"1133","DI_player_win_wars","Expected corrective localization override","localization/russian/gui/DI_RUS_l_russian.yml","localization/russian/gui/DI_l_russian.yml","1","2","Divine Intervention AGOT | Русификатор | Divine Intervention Cheat Menu | Divine Intervention CM [RUS]"
"1134","DI_white_peace_player","Expected corrective localization override","localization/russian/gui/DI_RUS_l_russian.yml","localization/russian/gui/DI_l_russian.yml","1","2","Divine Intervention AGOT | Русификатор | Divine Intervention Cheat Menu | Divine Intervention CM [RUS]"
"1135","DI_vassals_white_peace","Expected corrective localization override","localization/russian/gui/DI_RUS_l_russian.yml","localization/russian/gui/DI_l_russian.yml","1","2","Divine Intervention AGOT | Русификатор | Divine Intervention Cheat Menu | Divine Intervention CM [RUS]"
"1136","DI_take_all_titles_interaction","Expected corrective localization override","localization/russian/gui/DI_RUS_l_russian.yml","localization/russian/gui/DI_l_russian.yml","1","2","Divine Intervention AGOT | Русификатор | Divine Intervention Cheat Menu | Divine Intervention CM [RUS]"
"1137","DI_take_all_titles_desc","Expected corrective localization override","localization/russian/gui/DI_RUS_l_russian.yml","localization/russian/gui/DI_l_russian.yml","1","2","Divine Intervention AGOT | Русификатор | Divine Intervention Cheat Menu | Divine Intervention CM [RUS]"
"1138","DI_end_wars_interaction","Expected corrective localization override","localization/russian/gui/DI_RUS_l_russian.yml","localization/russian/gui/DI_l_russian.yml","1","2","Divine Intervention AGOT | Русификатор | Divine Intervention Cheat Menu | Divine Intervention CM [RUS]"
"1139","DI_end_wars_desc","Expected corrective localization override","localization/russian/gui/DI_RUS_l_russian.yml","localization/russian/gui/DI_l_russian.yml","1","2","Divine Intervention AGOT | Русификатор | Divine Intervention Cheat Menu | Divine Intervention CM [RUS]"
"1140","DI_take_sub_realm_titles","Expected corrective localization override","localization/russian/gui/DI_RUS_l_russian.yml","localization/russian/gui/DI_l_russian.yml","1","2","Divine Intervention AGOT | Русификатор | Divine Intervention Cheat Menu | Divine Intervention CM [RUS]"
"1141","DI_take_character_titles","Expected corrective localization override","localization/russian/gui/DI_RUS_l_russian.yml","localization/russian/gui/DI_l_russian.yml","1","2","Divine Intervention AGOT | Русификатор | Divine Intervention Cheat Menu | Divine Intervention CM [RUS]"
"1142","DI_change_house_name_interaction","Expected corrective localization override","localization/russian/gui/DI_RUS_l_russian.yml","localization/russian/gui/DI_l_russian.yml","1","2","Divine Intervention AGOT | Русификатор | Divine Intervention Cheat Menu | Divine Intervention CM [RUS]"
"1143","DI_change_house_name_desc","Expected corrective localization override","localization/russian/gui/DI_RUS_l_russian.yml","localization/russian/gui/DI_l_russian.yml","1","2","Divine Intervention AGOT | Русификатор | Divine Intervention Cheat Menu | Divine Intervention CM [RUS]"
"1144","DI_changeHouseName.t","Expected corrective localization override","localization/russian/gui/DI_RUS_l_russian.yml","localization/russian/gui/DI_l_russian.yml","1","2","Divine Intervention AGOT | Русификатор | Divine Intervention Cheat Menu | Divine Intervention CM [RUS]"
"1145","DI_changeHouseName.d","Expected corrective localization override","localization/russian/gui/DI_RUS_l_russian.yml","localization/russian/gui/DI_l_russian.yml","1","2","Divine Intervention AGOT | Русификатор | Divine Intervention Cheat Menu | Divine Intervention CM [RUS]"
"1146","DI_abdicate","Expected corrective localization override","localization/russian/gui/DI_RUS_l_russian.yml","localization/russian/gui/DI_l_russian.yml","1","2","Divine Intervention AGOT | Русификатор | Divine Intervention Cheat Menu | Divine Intervention CM [RUS]"
"1147","DI_reset_story_variables","Expected corrective localization override","localization/russian/gui/DI_RUS_l_russian.yml","localization/russian/gui/DI_l_russian.yml","1","2","Divine Intervention AGOT | Русификатор | Divine Intervention Cheat Menu | Divine Intervention CM [RUS]"
"1148","DI_reset_story_variables_desc","Expected corrective localization override","localization/russian/gui/DI_RUS_l_russian.yml","localization/russian/gui/DI_l_russian.yml","1","2","Divine Intervention AGOT | Русификатор | Divine Intervention Cheat Menu | Divine Intervention CM [RUS]"
"1149","DI_permanent_health","Expected corrective localization override","localization/russian/gui/DI_RUS_l_russian.yml","localization/russian/gui/DI_l_russian.yml","1","2","Divine Intervention AGOT | Русификатор | Divine Intervention Cheat Menu | Divine Intervention CM [RUS]"
"1150","DI_permanent_health_desc","Expected corrective localization override","localization/russian/gui/DI_RUS_l_russian.yml","localization/russian/gui/DI_l_russian.yml","1","2","Divine Intervention AGOT | Русификатор | Divine Intervention Cheat Menu | Divine Intervention CM [RUS]"
"1151","no_lifestyle_diplomacy","Expected corrective localization override","localization/russian/gui/DI_RUS_l_russian.yml","localization/russian/gui/DI_l_russian.yml","1","2","Divine Intervention AGOT | Русификатор | Divine Intervention Cheat Menu | Divine Intervention CM [RUS]"
"1152","no_lifestyle_martial","Expected corrective localization override","localization/russian/gui/DI_RUS_l_russian.yml","localization/russian/gui/DI_l_russian.yml","1","2","Divine Intervention AGOT | Русификатор | Divine Intervention Cheat Menu | Divine Intervention CM [RUS]"
"1153","no_lifestyle_stewardship","Expected corrective localization override","localization/russian/gui/DI_RUS_l_russian.yml","localization/russian/gui/DI_l_russian.yml","1","2","Divine Intervention AGOT | Русификатор | Divine Intervention Cheat Menu | Divine Intervention CM [RUS]"
"1154","no_lifestyle_intrigue","Expected corrective localization override","localization/russian/gui/DI_RUS_l_russian.yml","localization/russian/gui/DI_l_russian.yml","1","2","Divine Intervention AGOT | Русификатор | Divine Intervention Cheat Menu | Divine Intervention CM [RUS]"
"1155","no_lifestyle_learning","Expected corrective localization override","localization/russian/gui/DI_RUS_l_russian.yml","localization/russian/gui/DI_l_russian.yml","1","2","Divine Intervention AGOT | Русификатор | Divine Intervention Cheat Menu | Divine Intervention CM [RUS]"
"1156","no_lifestyle_wandering","Expected corrective localization override","localization/russian/gui/DI_RUS_l_russian.yml","localization/russian/gui/DI_l_russian.yml","1","2","Divine Intervention AGOT | Русификатор | Divine Intervention Cheat Menu | Divine Intervention CM [RUS]"
"1157","no_stress_change","Expected corrective localization override","localization/russian/gui/DI_RUS_l_russian.yml","localization/russian/gui/DI_l_russian.yml","1","2","Divine Intervention AGOT | Русификатор | Divine Intervention Cheat Menu | Divine Intervention CM [RUS]"
"1158","no_tyranny_change","Expected corrective localization override","localization/russian/gui/DI_RUS_l_russian.yml","localization/russian/gui/DI_l_russian.yml","1","2","Divine Intervention AGOT | Русификатор | Divine Intervention Cheat Menu | Divine Intervention CM [RUS]"
"1159","no_dread_change","Expected corrective localization override","localization/russian/gui/DI_RUS_l_russian.yml","localization/russian/gui/DI_l_russian.yml","1","2","Divine Intervention AGOT | Русификатор | Divine Intervention Cheat Menu | Divine Intervention CM [RUS]"
"1160","DI_spawn_legend_interaction","Expected corrective localization override","localization/russian/gui/DI_RUS_l_russian.yml","localization/russian/gui/DI_l_russian.yml","1","2","Divine Intervention AGOT | Русификатор | Divine Intervention Cheat Menu | Divine Intervention CM [RUS]"
"1161","DI_inspire_inspiration_interaction","Expected corrective localization override","localization/russian/gui/DI_RUS_l_russian.yml","localization/russian/gui/DI_l_russian.yml","1","2","Divine Intervention AGOT | Русификатор | Divine Intervention Cheat Menu | Divine Intervention CM [RUS]"
"1162","DI_sponsor_inspiration_interaction","Expected corrective localization override","localization/russian/gui/DI_RUS_l_russian.yml","localization/russian/gui/DI_l_russian.yml","1","2","Divine Intervention AGOT | Русификатор | Divine Intervention Cheat Menu | Divine Intervention CM [RUS]"
"1163","actor_secondary_DI_arrange_marriage_interaction","Expected corrective localization override","localization/russian/gui/DI_RUS_l_russian.yml","localization/russian/gui/DI_l_russian.yml","1","2","Divine Intervention AGOT | Русификатор | Divine Intervention Cheat Menu | Divine Intervention CM [RUS]"
"1164","DI_cultural_acceptance_interaction","Expected corrective localization override","localization/russian/gui/DI_RUS_l_russian.yml","localization/russian/gui/DI_l_russian.yml","1","2","Divine Intervention AGOT | Русификатор | Divine Intervention Cheat Menu | Divine Intervention CM [RUS]"
"1165","DI_make_independent_interaction","Expected corrective localization override","localization/russian/gui/DI_RUS_l_russian.yml","localization/russian/gui/DI_l_russian.yml","1","2","Divine Intervention AGOT | Русификатор | Divine Intervention Cheat Menu | Divine Intervention CM [RUS]"
"1166","DI_take_hostage_interaction","Expected corrective localization override","localization/russian/gui/DI_RUS_l_russian.yml","localization/russian/gui/DI_l_russian.yml","1","2","Divine Intervention AGOT | Русификатор | Divine Intervention Cheat Menu | Divine Intervention CM [RUS]"
"1167","DI_release_hostage_interaction","Expected corrective localization override","localization/russian/gui/DI_RUS_l_russian.yml","localization/russian/gui/DI_l_russian.yml","1","2","Divine Intervention AGOT | Русификатор | Divine Intervention Cheat Menu | Divine Intervention CM [RUS]"
"1168","DI_make_laamp_interaction","Expected corrective localization override","localization/russian/gui/DI_RUS_l_russian.yml","localization/russian/gui/DI_l_russian.yml","1","2","Divine Intervention AGOT | Русификатор | Divine Intervention Cheat Menu | Divine Intervention CM [RUS]"
"1169","DI_move_domicile_interaction","Expected corrective localization override","localization/russian/gui/DI_RUS_l_russian.yml","localization/russian/gui/DI_l_russian.yml","1","2","Divine Intervention AGOT | Русификатор | Divine Intervention Cheat Menu | Divine Intervention CM [RUS]"
"1170","DI_populate_contracts_interaction","Expected corrective localization override","localization/russian/gui/DI_RUS_l_russian.yml","localization/russian/gui/DI_l_russian.yml","1","2","Divine Intervention AGOT | Русификатор | Divine Intervention Cheat Menu | Divine Intervention CM [RUS]"
"1171","DI_infinite_schemes_interaction","Expected corrective localization override","localization/russian/gui/DI_RUS_l_russian.yml","localization/russian/gui/DI_l_russian.yml","1","2","Divine Intervention AGOT | Русификатор | Divine Intervention Cheat Menu | Divine Intervention CM [RUS]"
"1172","DI_antagonize_court_interaction","Expected corrective localization override","localization/russian/gui/DI_RUS_l_russian.yml","localization/russian/gui/DI_l_russian.yml","1","2","Divine Intervention AGOT | Русификатор | Divine Intervention Cheat Menu | Divine Intervention CM [RUS]"
"1173","DI_buff_schemes_interaction","Expected corrective localization override","localization/russian/gui/DI_RUS_l_russian.yml","localization/russian/gui/DI_l_russian.yml","1","2","Divine Intervention AGOT | Русификатор | Divine Intervention Cheat Menu | Divine Intervention CM [RUS]"
"1174","used_lifetime_invasion","Expected corrective localization override","localization/russian/gui/DI_RUS_l_russian.yml","localization/russian/gui/DI_l_russian.yml","1","2","Divine Intervention AGOT | Русификатор | Divine Intervention Cheat Menu | Divine Intervention CM [RUS]"
"1175","declared_major_religious_war_flag","Expected corrective localization override","localization/russian/gui/DI_RUS_l_russian.yml","localization/russian/gui/DI_l_russian.yml","1","2","Divine Intervention AGOT | Русификатор | Divine Intervention Cheat Menu | Divine Intervention CM [RUS]"
"1176","DI_remove_character_flags_interaction","Expected corrective localization override","localization/russian/gui/DI_RUS_l_russian.yml","localization/russian/gui/DI_l_russian.yml","1","2","Divine Intervention AGOT | Русификатор | Divine Intervention Cheat Menu | Divine Intervention CM [RUS]"
"1177","DI_add_character_flags_interaction","Expected corrective localization override","localization/russian/gui/DI_RUS_l_russian.yml","localization/russian/gui/DI_l_russian.yml","1","2","Divine Intervention AGOT | Русификатор | Divine Intervention Cheat Menu | Divine Intervention CM [RUS]"
"1178","DI_take_artifact_interaction","Expected corrective localization override","localization/russian/gui/DI_RUS_l_russian.yml","localization/russian/gui/DI_l_russian.yml","1","2","Divine Intervention AGOT | Русификатор | Divine Intervention Cheat Menu | Divine Intervention CM [RUS]"
"1179","DI_make_house_head_interaction","Expected corrective localization override","localization/russian/gui/DI_RUS_l_russian.yml","localization/russian/gui/DI_l_russian.yml","1","2","Divine Intervention AGOT | Русификатор | Divine Intervention Cheat Menu | Divine Intervention CM [RUS]"
"1180","DI_remove_hook_interaction","Expected corrective localization override","localization/russian/gui/DI_RUS_l_russian.yml","localization/russian/gui/DI_l_russian.yml","1","2","Divine Intervention AGOT | Русификатор | Divine Intervention Cheat Menu | Divine Intervention CM [RUS]"
"1181","DI_make_tributary_interaction","Expected corrective localization override","localization/russian/gui/DI_RUS_l_russian.yml","localization/russian/gui/DI_l_russian.yml","1","2","Divine Intervention AGOT | Русификатор | Divine Intervention Cheat Menu | Divine Intervention CM [RUS]"
"1182","DI_change_government_extended","Expected corrective localization override","localization/russian/gui/DI_RUS_l_russian.yml","localization/russian/gui/DI_l_russian.yml","1","2","Divine Intervention AGOT | Русификатор | Divine Intervention Cheat Menu | Divine Intervention CM [RUS]"
"1183","DI_change_government_nomad","Expected corrective localization override","localization/russian/gui/DI_RUS_l_russian.yml","localization/russian/gui/DI_l_russian.yml","1","2","Divine Intervention AGOT | Русификатор | Divine Intervention Cheat Menu | Divine Intervention CM [RUS]"
"1184","DI_change_government_republic","Expected corrective localization override","localization/russian/gui/DI_RUS_l_russian.yml","localization/russian/gui/DI_l_russian.yml","1","2","Divine Intervention AGOT | Русификатор | Divine Intervention Cheat Menu | Divine Intervention CM [RUS]"
"1185","DI_change_government_theocracy","Expected corrective localization override","localization/russian/gui/DI_RUS_l_russian.yml","localization/russian/gui/DI_l_russian.yml","1","2","Divine Intervention AGOT | Русификатор | Divine Intervention Cheat Menu | Divine Intervention CM [RUS]"
"1186","DI_change_government_landless_adventurer","Expected corrective localization override","localization/russian/gui/DI_RUS_l_russian.yml","localization/russian/gui/DI_l_russian.yml","1","2","Divine Intervention AGOT | Русификатор | Divine Intervention Cheat Menu | Divine Intervention CM [RUS]"
"1187","DI_change_government_herder","Expected corrective localization override","localization/russian/gui/DI_RUS_l_russian.yml","localization/russian/gui/DI_l_russian.yml","1","2","Divine Intervention AGOT | Русификатор | Divine Intervention Cheat Menu | Divine Intervention CM [RUS]"
"1188","DI_change_government_celestial","Expected corrective localization override","localization/russian/gui/DI_RUS_l_russian.yml","localization/russian/gui/DI_l_russian.yml","1","2","Divine Intervention AGOT | Русификатор | Divine Intervention Cheat Menu | Divine Intervention CM [RUS]"
"1189","DI_change_government_japan_administrative","Expected corrective localization override","localization/russian/gui/DI_RUS_l_russian.yml","localization/russian/gui/DI_l_russian.yml","1","2","Divine Intervention AGOT | Русификатор | Divine Intervention Cheat Menu | Divine Intervention CM [RUS]"
"1190","DI_change_government_japan_feudal","Expected corrective localization override","localization/russian/gui/DI_RUS_l_russian.yml","localization/russian/gui/DI_l_russian.yml","1","2","Divine Intervention AGOT | Русификатор | Divine Intervention Cheat Menu | Divine Intervention CM [RUS]"
"1191","DI_change_government_wanua","Expected corrective localization override","localization/russian/gui/DI_RUS_l_russian.yml","localization/russian/gui/DI_l_russian.yml","1","2","Divine Intervention AGOT | Русификатор | Divine Intervention Cheat Menu | Divine Intervention CM [RUS]"
"1192","DI_change_government_mandala","Expected corrective localization override","localization/russian/gui/DI_RUS_l_russian.yml","localization/russian/gui/DI_l_russian.yml","1","2","Divine Intervention AGOT | Русификатор | Divine Intervention Cheat Menu | Divine Intervention CM [RUS]"
"1193","DI_change_government_steppe_admin","Expected corrective localization override","localization/russian/gui/DI_RUS_l_russian.yml","localization/russian/gui/DI_l_russian.yml","1","2","Divine Intervention AGOT | Русификатор | Divine Intervention Cheat Menu | Divine Intervention CM [RUS]"
"1194","DI_change_government_meritocratic","Expected corrective localization override","localization/russian/gui/DI_RUS_l_russian.yml","localization/russian/gui/DI_l_russian.yml","1","2","Divine Intervention AGOT | Русификатор | Divine Intervention Cheat Menu | Divine Intervention CM [RUS]"
"1195","DI_sex_interaction_t","Expected corrective localization override","localization/russian/gui/DI_RUS_l_russian.yml","localization/russian/gui/DI_l_russian.yml","1","2","Divine Intervention AGOT | Русификатор | Divine Intervention Cheat Menu | Divine Intervention CM [RUS]"
"1196","DI_cadetBranch_interaction","Expected corrective localization override","localization/russian/gui/DI_RUS_l_russian.yml","localization/russian/gui/DI_l_russian.yml","1","2","Divine Intervention AGOT | Русификатор | Divine Intervention Cheat Menu | Divine Intervention CM [RUS]"
"1197","DI_cadetBranch_interaction_1.desc","Expected corrective localization override","localization/russian/gui/DI_RUS_l_russian.yml","localization/russian/gui/DI_l_russian.yml","1","2","Divine Intervention AGOT | Русификатор | Divine Intervention Cheat Menu | Divine Intervention CM [RUS]"
"1198","DI_cadetBranch_event_1.t","Expected corrective localization override","localization/russian/gui/DI_RUS_l_russian.yml","localization/russian/gui/DI_l_russian.yml","1","2","Divine Intervention AGOT | Русификатор | Divine Intervention Cheat Menu | Divine Intervention CM [RUS]"
"1199","DI_cadetBranch_event_1.desc","Expected corrective localization override","localization/russian/gui/DI_RUS_l_russian.yml","localization/russian/gui/DI_l_russian.yml","1","2","Divine Intervention AGOT | Русификатор | Divine Intervention Cheat Menu | Divine Intervention CM [RUS]"
"1200","DI_cadetBranch_event_option.1","Expected corrective localization override","localization/russian/gui/DI_RUS_l_russian.yml","localization/russian/gui/DI_l_russian.yml","1","2","Divine Intervention AGOT | Русификатор | Divine Intervention Cheat Menu | Divine Intervention CM [RUS]"
"1201","DI_cadetBranch_event_tooltip.1","Expected corrective localization override","localization/russian/gui/DI_RUS_l_russian.yml","localization/russian/gui/DI_l_russian.yml","1","2","Divine Intervention AGOT | Русификатор | Divine Intervention Cheat Menu | Divine Intervention CM [RUS]"
"1202","random_secret","Expected corrective localization override","localization/russian/gui/DI_RUS_l_russian.yml","localization/russian/gui/DI_l_russian.yml","1","2","Divine Intervention AGOT | Русификатор | Divine Intervention Cheat Menu | Divine Intervention CM [RUS]"
"1203","every_secret","Expected corrective localization override","localization/russian/gui/DI_RUS_l_russian.yml","localization/russian/gui/DI_l_russian.yml","1","2","Divine Intervention AGOT | Русификатор | Divine Intervention Cheat Menu | Divine Intervention CM [RUS]"
"1204","DI_char_editor.1.title","Expected corrective localization override","localization/russian/gui/DI_RUS_l_russian.yml","localization/russian/gui/DI_l_russian.yml","1","2","Divine Intervention AGOT | Русификатор | Divine Intervention Cheat Menu | Divine Intervention CM [RUS]"
"1205","DI_char_editor.1.desc","Expected corrective localization override","localization/russian/gui/DI_RUS_l_russian.yml","localization/russian/gui/DI_l_russian.yml","1","2","Divine Intervention AGOT | Русификатор | Divine Intervention Cheat Menu | Divine Intervention CM [RUS]"
"1206","DI_char_editor.1.option","Expected corrective localization override","localization/russian/gui/DI_RUS_l_russian.yml","localization/russian/gui/DI_l_russian.yml","1","2","Divine Intervention AGOT | Русификатор | Divine Intervention Cheat Menu | Divine Intervention CM [RUS]"
"1207","DI_default_text","Expected corrective localization override","localization/russian/gui/DI_RUS_l_russian.yml","localization/russian/gui/DI_l_russian.yml","1","2","Divine Intervention AGOT | Русификатор | Divine Intervention Cheat Menu | Divine Intervention CM [RUS]"
"1208","artifact_return","Expected corrective localization override","localization/russian/gui/DI_RUS_l_russian.yml","localization/russian/gui/DI_l_russian.yml","1","2","Divine Intervention AGOT | Русификатор | Divine Intervention Cheat Menu | Divine Intervention CM [RUS]"
"1209","DI_artifact_desc","Expected corrective localization override","localization/russian/gui/DI_RUS_l_russian.yml","localization/russian/gui/DI_l_russian.yml","1","1","Divine Intervention AGOT | Русификатор | Divine Intervention Cheat Menu | Divine Intervention CM [RUS]"
"1210","DI_artifact_desc_append","Expected corrective localization override","localization/russian/gui/DI_RUS_l_russian.yml","localization/russian/gui/DI_l_russian.yml","1","1","Divine Intervention AGOT | Русификатор | Divine Intervention Cheat Menu | Divine Intervention CM [RUS]"
"1211","DI_artifact_new_desc","Expected corrective localization override","localization/russian/gui/DI_RUS_l_russian.yml","localization/russian/gui/DI_l_russian.yml","1","2","Divine Intervention AGOT | Русификатор | Divine Intervention Cheat Menu | Divine Intervention CM [RUS]"
"1212","DI_artifact_append_desc","Expected corrective localization override","localization/russian/gui/DI_RUS_l_russian.yml","localization/russian/gui/DI_l_russian.yml","1","2","Divine Intervention AGOT | Русификатор | Divine Intervention Cheat Menu | Divine Intervention CM [RUS]"
"1213","DI_pregnancy_test","Expected corrective localization override","localization/russian/gui/DI_RUS_l_russian.yml","localization/russian/gui/DI_l_russian.yml","1","2","Divine Intervention AGOT | Русификатор | Divine Intervention Cheat Menu | Divine Intervention CM [RUS]"
"1214","DI_char_editor.1","Expected corrective localization override","localization/russian/gui/DI_RUS_l_russian.yml","localization/russian/gui/DI_l_russian.yml","1","2","Divine Intervention AGOT | Русификатор | Divine Intervention Cheat Menu | Divine Intervention CM [RUS]"
"1215","DI_test_desc","Expected corrective localization override","localization/russian/gui/DI_RUS_l_russian.yml","localization/russian/gui/DI_l_russian.yml","1","2","Divine Intervention AGOT | Русификатор | Divine Intervention Cheat Menu | Divine Intervention CM [RUS]"
"1216","DI_custom_text","Expected corrective localization override","localization/russian/gui/DI_RUS_l_russian.yml","localization/russian/gui/DI_l_russian.yml","1","1","Divine Intervention AGOT | Русификатор | Divine Intervention Cheat Menu | Divine Intervention CM [RUS]"
"1217","houseName","Expected corrective localization override","localization/russian/gui/DI_RUS_l_russian.yml","localization/russian/gui/DI_l_russian.yml","1","2","Divine Intervention AGOT | Русификатор | Divine Intervention Cheat Menu | Divine Intervention CM [RUS]"
"1218","DI_get_house_name","Expected corrective localization override","localization/russian/gui/DI_RUS_l_russian.yml","localization/russian/gui/DI_l_russian.yml","1","1","Divine Intervention AGOT | Русификатор | Divine Intervention Cheat Menu | Divine Intervention CM [RUS]"
"1219","CHEAT_ACTIONS","Expected corrective localization override","localization/russian/gui/DI_RUS_l_russian.yml","localization/russian/gui/DI_l_russian.yml","1","1","Divine Intervention AGOT | Русификатор | Divine Intervention Cheat Menu | Divine Intervention CM [RUS]"
"1220","castle_loc","Expected corrective localization override","localization/russian/gui/DI_RUS_l_russian.yml","localization/russian/gui/DI_l_russian.yml","1","2","Divine Intervention AGOT | Русификатор | Divine Intervention Cheat Menu | Divine Intervention CM [RUS]"
"1221","temple_loc","Expected corrective localization override","localization/russian/gui/DI_RUS_l_russian.yml","localization/russian/gui/DI_l_russian.yml","1","2","Divine Intervention AGOT | Русификатор | Divine Intervention Cheat Menu | Divine Intervention CM [RUS]"
"1222","city_loc","Expected corrective localization override","localization/russian/gui/DI_RUS_l_russian.yml","localization/russian/gui/DI_l_russian.yml","1","2","Divine Intervention AGOT | Русификатор | Divine Intervention Cheat Menu | Divine Intervention CM [RUS]"
"1223","tribal_loc","Expected corrective localization override","localization/russian/gui/DI_RUS_l_russian.yml","localization/russian/gui/DI_l_russian.yml","1","2","Divine Intervention AGOT | Русификатор | Divine Intervention Cheat Menu | Divine Intervention CM [RUS]"
"1224","DI_nomad_loc","Expected corrective localization override","localization/russian/gui/DI_RUS_l_russian.yml","localization/russian/gui/DI_l_russian.yml","1","2","Divine Intervention AGOT | Русификатор | Divine Intervention Cheat Menu | Divine Intervention CM [RUS]"
"1225","DI_herder_loc","Expected corrective localization override","localization/russian/gui/DI_RUS_l_russian.yml","localization/russian/gui/DI_l_russian.yml","1","2","Divine Intervention AGOT | Русификатор | Divine Intervention Cheat Menu | Divine Intervention CM [RUS]"
"1226","DI_temple_citadel_loc","Expected corrective localization override","localization/russian/gui/DI_RUS_l_russian.yml","localization/russian/gui/DI_l_russian.yml","1","2","Divine Intervention AGOT | Русификатор | Divine Intervention Cheat Menu | Divine Intervention CM [RUS]"
"1227","empty_loc","Expected corrective localization override","localization/russian/gui/DI_RUS_l_russian.yml","localization/russian/gui/DI_l_russian.yml","1","2","Divine Intervention AGOT | Русификатор | Divine Intervention Cheat Menu | Divine Intervention CM [RUS]"
"1228","sort_rank_loc","Expected corrective localization override","localization/russian/gui/DI_RUS_l_russian.yml","localization/russian/gui/DI_l_russian.yml","1","2","Divine Intervention AGOT | Русификатор | Divine Intervention Cheat Menu | Divine Intervention CM [RUS]"
"1229","DI_hegemony_loc","Expected corrective localization override","localization/russian/gui/DI_RUS_l_russian.yml","localization/russian/gui/DI_l_russian.yml","1","2","Divine Intervention AGOT | Русификатор | Divine Intervention Cheat Menu | Divine Intervention CM [RUS]"
"1230","Empire_loc","Expected corrective localization override","localization/russian/gui/DI_RUS_l_russian.yml","localization/russian/gui/DI_l_russian.yml","1","2","Divine Intervention AGOT | Русификатор | Divine Intervention Cheat Menu | Divine Intervention CM [RUS]"
"1231","Kingdom_loc","Expected corrective localization override","localization/russian/gui/DI_RUS_l_russian.yml","localization/russian/gui/DI_l_russian.yml","1","2","Divine Intervention AGOT | Русификатор | Divine Intervention Cheat Menu | Divine Intervention CM [RUS]"
"1232","Duchy_loc","Expected corrective localization override","localization/russian/gui/DI_RUS_l_russian.yml","localization/russian/gui/DI_l_russian.yml","1","2","Divine Intervention AGOT | Русификатор | Divine Intervention Cheat Menu | Divine Intervention CM [RUS]"
"1233","County_loc","Expected corrective localization override","localization/russian/gui/DI_RUS_l_russian.yml","localization/russian/gui/DI_l_russian.yml","1","2","Divine Intervention AGOT | Русификатор | Divine Intervention Cheat Menu | Divine Intervention CM [RUS]"
"1234","pinned_characters_loc","Expected corrective localization override","localization/russian/gui/DI_RUS_l_russian.yml","localization/russian/gui/DI_l_russian.yml","1","2","Divine Intervention AGOT | Русификатор | Divine Intervention Cheat Menu | Divine Intervention CM [RUS]"
"1235","unpin_selected_loc","Expected corrective localization override","localization/russian/gui/DI_RUS_l_russian.yml","localization/russian/gui/DI_l_russian.yml","1","2","Divine Intervention AGOT | Русификатор | Divine Intervention Cheat Menu | Divine Intervention CM [RUS]"
"1236","clear_pinned_loc","Expected corrective localization override","localization/russian/gui/DI_RUS_l_russian.yml","localization/russian/gui/DI_l_russian.yml","1","2","Divine Intervention AGOT | Русификатор | Divine Intervention Cheat Menu | Divine Intervention CM [RUS]"
"1237","DI_province_manager_filter_loc","Expected corrective localization override","localization/russian/gui/DI_RUS_l_russian.yml","localization/russian/gui/DI_l_russian.yml","1","2","Divine Intervention AGOT | Русификатор | Divine Intervention Cheat Menu | Divine Intervention CM [RUS]"
"1238","DI_province_filter_all_loc","Expected corrective localization override","localization/russian/gui/DI_RUS_l_russian.yml","localization/russian/gui/DI_l_russian.yml","1","2","Divine Intervention AGOT | Русификатор | Divine Intervention Cheat Menu | Divine Intervention CM [RUS]"
"1239","DI_province_filter_hide_loc","Expected corrective localization override","localization/russian/gui/DI_RUS_l_russian.yml","localization/russian/gui/DI_l_russian.yml","1","2","Divine Intervention AGOT | Русификатор | Divine Intervention Cheat Menu | Divine Intervention CM [RUS]"
"1240","DI_province_filter_capital_loc","Expected corrective localization override","localization/russian/gui/DI_RUS_l_russian.yml","localization/russian/gui/DI_l_russian.yml","1","2","Divine Intervention AGOT | Русификатор | Divine Intervention Cheat Menu | Divine Intervention CM [RUS]"
"1241","DI_province_filter_empty_loc","Expected corrective localization override","localization/russian/gui/DI_RUS_l_russian.yml","localization/russian/gui/DI_l_russian.yml","1","2","Divine Intervention AGOT | Русификатор | Divine Intervention Cheat Menu | Divine Intervention CM [RUS]"
"1242","DI_category_pedestal_loc","Expected corrective localization override","localization/russian/gui/DI_RUS_l_russian.yml","localization/russian/gui/DI_l_russian.yml","1","2","Divine Intervention AGOT | Русификатор | Divine Intervention Cheat Menu | Divine Intervention CM [RUS]"
"1243","DI_category_furniture_loc","Expected corrective localization override","localization/russian/gui/DI_RUS_l_russian.yml","localization/russian/gui/DI_l_russian.yml","1","2","Divine Intervention AGOT | Русификатор | Divine Intervention Cheat Menu | Divine Intervention CM [RUS]"
"1244","DI_category_ornament_loc","Expected corrective localization override","localization/russian/gui/DI_RUS_l_russian.yml","localization/russian/gui/DI_l_russian.yml","1","2","Divine Intervention AGOT | Русификатор | Divine Intervention Cheat Menu | Divine Intervention CM [RUS]"
"1245","DI_subtype_small_box_loc","Expected corrective localization override","localization/russian/gui/DI_RUS_l_russian.yml","localization/russian/gui/DI_l_russian.yml","1","2","Divine Intervention AGOT | Русификатор | Divine Intervention Cheat Menu | Divine Intervention CM [RUS]"
"1246","DI_subtype_medium_box_loc","Expected corrective localization override","localization/russian/gui/DI_RUS_l_russian.yml","localization/russian/gui/DI_l_russian.yml","1","2","Divine Intervention AGOT | Русификатор | Divine Intervention Cheat Menu | Divine Intervention CM [RUS]"
"1247","DI_subtype_crown_loc","Expected corrective localization override","localization/russian/gui/DI_RUS_l_russian.yml","localization/russian/gui/DI_l_russian.yml","1","2","Divine Intervention AGOT | Русификатор | Divine Intervention Cheat Menu | Divine Intervention CM [RUS]"
"1248","DI_subtype_divan_loc","Expected corrective localization override","localization/russian/gui/DI_RUS_l_russian.yml","localization/russian/gui/DI_l_russian.yml","1","2","Divine Intervention AGOT | Русификатор | Divine Intervention Cheat Menu | Divine Intervention CM [RUS]"
"1249","DI_subtype_table_loc","Expected corrective localization override","localization/russian/gui/DI_RUS_l_russian.yml","localization/russian/gui/DI_l_russian.yml","1","2","Divine Intervention AGOT | Русификатор | Divine Intervention Cheat Menu | Divine Intervention CM [RUS]"
"1250","DI_subtype_small_shield_loc","Expected corrective localization override","localization/russian/gui/DI_RUS_l_russian.yml","localization/russian/gui/DI_l_russian.yml","1","2","Divine Intervention AGOT | Русификатор | Divine Intervention Cheat Menu | Divine Intervention CM [RUS]"
"1251","DI_subtype_large_shield_loc","Expected corrective localization override","localization/russian/gui/DI_RUS_l_russian.yml","localization/russian/gui/DI_l_russian.yml","1","2","Divine Intervention AGOT | Русификатор | Divine Intervention Cheat Menu | Divine Intervention CM [RUS]"
"1252","DI_category_alchemy_loc","Expected corrective localization override","localization/russian/gui/DI_RUS_l_russian.yml","localization/russian/gui/DI_l_russian.yml","1","2","Divine Intervention AGOT | Русификатор | Divine Intervention Cheat Menu | Divine Intervention CM [RUS]"
"1253","DI_category_armor_loc","Expected corrective localization override","localization/russian/gui/DI_RUS_l_russian.yml","localization/russian/gui/DI_l_russian.yml","1","2","Divine Intervention AGOT | Русификатор | Divine Intervention Cheat Menu | Divine Intervention CM [RUS]"
"1254","DI_category_book_loc","Expected corrective localization override","localization/russian/gui/DI_RUS_l_russian.yml","localization/russian/gui/DI_l_russian.yml","1","2","Divine Intervention AGOT | Русификатор | Divine Intervention Cheat Menu | Divine Intervention CM [RUS]"
"1255","DI_category_regalia_loc","Expected corrective localization override","localization/russian/gui/DI_RUS_l_russian.yml","localization/russian/gui/DI_l_russian.yml","1","2","Divine Intervention AGOT | Русификатор | Divine Intervention Cheat Menu | Divine Intervention CM [RUS]"
"1256","DI_category_throne_loc","Expected corrective localization override","localization/russian/gui/DI_RUS_l_russian.yml","localization/russian/gui/DI_l_russian.yml","1","2","Divine Intervention AGOT | Русификатор | Divine Intervention Cheat Menu | Divine Intervention CM [RUS]"
"1257","DI_category_tournament_loc","Expected corrective localization override","localization/russian/gui/DI_RUS_l_russian.yml","localization/russian/gui/DI_l_russian.yml","1","2","Divine Intervention AGOT | Русификатор | Divine Intervention Cheat Menu | Divine Intervention CM [RUS]"
"1258","DI_category_trinket_loc","Expected corrective localization override","localization/russian/gui/DI_RUS_l_russian.yml","localization/russian/gui/DI_l_russian.yml","1","2","Divine Intervention AGOT | Русификатор | Divine Intervention Cheat Menu | Divine Intervention CM [RUS]"
"1259","DI_category_weapon_loc","Expected corrective localization override","localization/russian/gui/DI_RUS_l_russian.yml","localization/russian/gui/DI_l_russian.yml","1","2","Divine Intervention AGOT | Русификатор | Divine Intervention Cheat Menu | Divine Intervention CM [RUS]"
"1260","DI_subtype_animal_hide_big_loc","Expected corrective localization override","localization/russian/gui/DI_RUS_l_russian.yml","localization/russian/gui/DI_l_russian.yml","1","2","Divine Intervention AGOT | Русификатор | Divine Intervention Cheat Menu | Divine Intervention CM [RUS]"
"1261","DI_subtype_animal_hide_loc","Expected corrective localization override","localization/russian/gui/DI_RUS_l_russian.yml","localization/russian/gui/DI_l_russian.yml","1","2","Divine Intervention AGOT | Русификатор | Divine Intervention Cheat Menu | Divine Intervention CM [RUS]"
"1262","DI_subtype_animal_skull_loc","Expected corrective localization override","localization/russian/gui/DI_RUS_l_russian.yml","localization/russian/gui/DI_l_russian.yml","1","2","Divine Intervention AGOT | Русификатор | Divine Intervention Cheat Menu | Divine Intervention CM [RUS]"
"1263","DI_subtype_animal_trinket_loc","Expected corrective localization override","localization/russian/gui/DI_RUS_l_russian.yml","localization/russian/gui/DI_l_russian.yml","1","2","Divine Intervention AGOT | Русификатор | Divine Intervention Cheat Menu | Divine Intervention CM [RUS]"
"1264","DI_subtype_armor_brigandine_loc","Expected corrective localization override","localization/russian/gui/DI_RUS_l_russian.yml","localization/russian/gui/DI_l_russian.yml","1","2","Divine Intervention AGOT | Русификатор | Divine Intervention Cheat Menu | Divine Intervention CM [RUS]"
"1265","DI_subtype_armor_lamellar_loc","Expected corrective localization override","localization/russian/gui/DI_RUS_l_russian.yml","localization/russian/gui/DI_l_russian.yml","1","2","Divine Intervention AGOT | Русификатор | Divine Intervention Cheat Menu | Divine Intervention CM [RUS]"
"1266","DI_subtype_armor_laminar_loc","Expected corrective localization override","localization/russian/gui/DI_RUS_l_russian.yml","localization/russian/gui/DI_l_russian.yml","1","2","Divine Intervention AGOT | Русификатор | Divine Intervention Cheat Menu | Divine Intervention CM [RUS]"
"1267","DI_subtype_armor_mail_loc","Expected corrective localization override","localization/russian/gui/DI_RUS_l_russian.yml","localization/russian/gui/DI_l_russian.yml","1","2","Divine Intervention AGOT | Русификатор | Divine Intervention Cheat Menu | Divine Intervention CM [RUS]"
"1268","DI_subtype_armor_plate_loc","Expected corrective localization override","localization/russian/gui/DI_RUS_l_russian.yml","localization/russian/gui/DI_l_russian.yml","1","2","Divine Intervention AGOT | Русификатор | Divine Intervention Cheat Menu | Divine Intervention CM [RUS]"
"1269","DI_subtype_armor_scale_loc","Expected corrective localization override","localization/russian/gui/DI_RUS_l_russian.yml","localization/russian/gui/DI_l_russian.yml","1","2","Divine Intervention AGOT | Русификатор | Divine Intervention Cheat Menu | Divine Intervention CM [RUS]"
"1270","DI_subtype_axe_loc","Expected corrective localization override","localization/russian/gui/DI_RUS_l_russian.yml","localization/russian/gui/DI_l_russian.yml","1","2","Divine Intervention AGOT | Русификатор | Divine Intervention Cheat Menu | Divine Intervention CM [RUS]"
"1271","DI_subtype_bird_feather_loc","Expected corrective localization override","localization/russian/gui/DI_RUS_l_russian.yml","localization/russian/gui/DI_l_russian.yml","1","2","Divine Intervention AGOT | Русификатор | Divine Intervention Cheat Menu | Divine Intervention CM [RUS]"
"1272","DI_subtype_book_loc","Expected corrective localization override","localization/russian/gui/DI_RUS_l_russian.yml","localization/russian/gui/DI_l_russian.yml","1","2","Divine Intervention AGOT | Русификатор | Divine Intervention Cheat Menu | Divine Intervention CM [RUS]"
"1273","DI_subtype_bow_loc","Expected corrective localization override","localization/russian/gui/DI_RUS_l_russian.yml","localization/russian/gui/DI_l_russian.yml","1","2","Divine Intervention AGOT | Русификатор | Divine Intervention Cheat Menu | Divine Intervention CM [RUS]"
"1274","DI_subtype_bowl_loc","Expected corrective localization override","localization/russian/gui/DI_RUS_l_russian.yml","localization/russian/gui/DI_l_russian.yml","1","2","Divine Intervention AGOT | Русификатор | Divine Intervention Cheat Menu | Divine Intervention CM [RUS]"
"1275","DI_subtype_box_loc","Expected corrective localization override","localization/russian/gui/DI_RUS_l_russian.yml","localization/russian/gui/DI_l_russian.yml","1","2","Divine Intervention AGOT | Русификатор | Divine Intervention Cheat Menu | Divine Intervention CM [RUS]"
"1276","DI_subtype_brooch_loc","Expected corrective localization override","localization/russian/gui/DI_RUS_l_russian.yml","localization/russian/gui/DI_l_russian.yml","1","2","Divine Intervention AGOT | Русификатор | Divine Intervention Cheat Menu | Divine Intervention CM [RUS]"
"1277","DI_subtype_brooch_pedestal_loc","Expected corrective localization override","localization/russian/gui/DI_RUS_l_russian.yml","localization/russian/gui/DI_l_russian.yml","1","2","Divine Intervention AGOT | Русификатор | Divine Intervention Cheat Menu | Divine Intervention CM [RUS]"
"1278","DI_subtype_cabinet_loc","Expected corrective localization override","localization/russian/gui/DI_RUS_l_russian.yml","localization/russian/gui/DI_l_russian.yml","1","2","Divine Intervention AGOT | Русификатор | Divine Intervention Cheat Menu | Divine Intervention CM [RUS]"
"1279","DI_subtype_chest_loc","Expected corrective localization override","localization/russian/gui/DI_RUS_l_russian.yml","localization/russian/gui/DI_l_russian.yml","1","2","Divine Intervention AGOT | Русификатор | Divine Intervention Cheat Menu | Divine Intervention CM [RUS]"
"1280","DI_subtype_chronicle_loc","Expected corrective localization override","localization/russian/gui/DI_RUS_l_russian.yml","localization/russian/gui/DI_l_russian.yml","1","2","Divine Intervention AGOT | Русификатор | Divine Intervention Cheat Menu | Divine Intervention CM [RUS]"
"1281","DI_subtype_composite_loc","Expected corrective localization override","localization/russian/gui/DI_RUS_l_russian.yml","localization/russian/gui/DI_l_russian.yml","1","2","Divine Intervention AGOT | Русификатор | Divine Intervention Cheat Menu | Divine Intervention CM [RUS]"
"1282","DI_subtype_crossbow_loc","Expected corrective localization override","localization/russian/gui/DI_RUS_l_russian.yml","localization/russian/gui/DI_l_russian.yml","1","2","Divine Intervention AGOT | Русификатор | Divine Intervention Cheat Menu | Divine Intervention CM [RUS]"
"1283","DI_subtype_dagger_loc","Expected corrective localization override","localization/russian/gui/DI_RUS_l_russian.yml","localization/russian/gui/DI_l_russian.yml","1","2","Divine Intervention AGOT | Русификатор | Divine Intervention Cheat Menu | Divine Intervention CM [RUS]"
"1284","DI_subtype_elixir_loc","Expected corrective localization override","localization/russian/gui/DI_RUS_l_russian.yml","localization/russian/gui/DI_l_russian.yml","1","2","Divine Intervention AGOT | Русификатор | Divine Intervention Cheat Menu | Divine Intervention CM [RUS]"
"1285","DI_subtype_goblet_loc","Expected corrective localization override","localization/russian/gui/DI_RUS_l_russian.yml","localization/russian/gui/DI_l_russian.yml","1","2","Divine Intervention AGOT | Русификатор | Divine Intervention Cheat Menu | Divine Intervention CM [RUS]"
"1286","DI_subtype_hammer_loc","Expected corrective localization override","localization/russian/gui/DI_RUS_l_russian.yml","localization/russian/gui/DI_l_russian.yml","1","2","Divine Intervention AGOT | Русификатор | Divine Intervention Cheat Menu | Divine Intervention CM [RUS]"
"1287","DI_subtype_helmet_loc","Expected corrective localization override","localization/russian/gui/DI_RUS_l_russian.yml","localization/russian/gui/DI_l_russian.yml","1","2","Divine Intervention AGOT | Русификатор | Divine Intervention Cheat Menu | Divine Intervention CM [RUS]"
"1288","DI_subtype_helmet_simple_loc","Expected corrective localization override","localization/russian/gui/DI_RUS_l_russian.yml","localization/russian/gui/DI_l_russian.yml","1","2","Divine Intervention AGOT | Русификатор | Divine Intervention Cheat Menu | Divine Intervention CM [RUS]"
"1289","DI_subtype_journal_loc","Expected corrective localization override","localization/russian/gui/DI_RUS_l_russian.yml","localization/russian/gui/DI_l_russian.yml","1","2","Divine Intervention AGOT | Русификатор | Divine Intervention Cheat Menu | Divine Intervention CM [RUS]"
"1290","DI_subtype_jug_loc","Expected corrective localization override","localization/russian/gui/DI_RUS_l_russian.yml","localization/russian/gui/DI_l_russian.yml","1","2","Divine Intervention AGOT | Русификатор | Divine Intervention Cheat Menu | Divine Intervention CM [RUS]"
"1291","DI_subtype_longbow_loc","Expected corrective localization override","localization/russian/gui/DI_RUS_l_russian.yml","localization/russian/gui/DI_l_russian.yml","1","2","Divine Intervention AGOT | Русификатор | Divine Intervention Cheat Menu | Divine Intervention CM [RUS]"
"1292","DI_subtype_mace_loc","Expected corrective localization override","localization/russian/gui/DI_RUS_l_russian.yml","localization/russian/gui/DI_l_russian.yml","1","2","Divine Intervention AGOT | Русификатор | Divine Intervention Cheat Menu | Divine Intervention CM [RUS]"
"1293","DI_subtype_miscellaneous_loc","Expected corrective localization override","localization/russian/gui/DI_RUS_l_russian.yml","localization/russian/gui/DI_l_russian.yml","1","2","Divine Intervention AGOT | Русификатор | Divine Intervention Cheat Menu | Divine Intervention CM [RUS]"
"1294","DI_subtype_miscellaneous_when_not_court_loc","Expected corrective localization override","localization/russian/gui/DI_RUS_l_russian.yml","localization/russian/gui/DI_l_russian.yml","1","2","Divine Intervention AGOT | Русификатор | Divine Intervention Cheat Menu | Divine Intervention CM [RUS]"
"1295","DI_subtype_necklace_loc","Expected corrective localization override","localization/russian/gui/DI_RUS_l_russian.yml","localization/russian/gui/DI_l_russian.yml","1","2","Divine Intervention AGOT | Русификатор | Divine Intervention Cheat Menu | Divine Intervention CM [RUS]"
"1296","DI_subtype_necklace_pedestal_loc","Expected corrective localization override","localization/russian/gui/DI_RUS_l_russian.yml","localization/russian/gui/DI_l_russian.yml","1","2","Divine Intervention AGOT | Русификатор | Divine Intervention Cheat Menu | Divine Intervention CM [RUS]"
"1297","DI_subtype_panacea_loc","Expected corrective localization override","localization/russian/gui/DI_RUS_l_russian.yml","localization/russian/gui/DI_l_russian.yml","1","2","Divine Intervention AGOT | Русификатор | Divine Intervention Cheat Menu | Divine Intervention CM [RUS]"
"1298","DI_subtype_pas_darmes_spurs_loc","Expected corrective localization override","localization/russian/gui/DI_RUS_l_russian.yml","localization/russian/gui/DI_l_russian.yml","1","2","Divine Intervention AGOT | Русификатор | Divine Intervention Cheat Menu | Divine Intervention CM [RUS]"
"1299","DI_subtype_pas_darmes_token_loc","Expected corrective localization override","localization/russian/gui/DI_RUS_l_russian.yml","localization/russian/gui/DI_l_russian.yml","1","2","Divine Intervention AGOT | Русификатор | Divine Intervention Cheat Menu | Divine Intervention CM [RUS]"
"1300","DI_subtype_pedestal_loc","Expected corrective localization override","localization/russian/gui/DI_RUS_l_russian.yml","localization/russian/gui/DI_l_russian.yml","1","2","Divine Intervention AGOT | Русификатор | Divine Intervention Cheat Menu | Divine Intervention CM [RUS]"
"1301","DI_subtype_philosophers_stone_loc","Expected corrective localization override","localization/russian/gui/DI_RUS_l_russian.yml","localization/russian/gui/DI_l_russian.yml","1","2","Divine Intervention AGOT | Русификатор | Divine Intervention Cheat Menu | Divine Intervention CM [RUS]"
"1302","DI_subtype_plate_loc","Expected corrective localization override","localization/russian/gui/DI_RUS_l_russian.yml","localization/russian/gui/DI_l_russian.yml","1","2","Divine Intervention AGOT | Русификатор | Divine Intervention Cheat Menu | Divine Intervention CM [RUS]"
"1303","DI_subtype_regalia_loc","Expected corrective localization override","localization/russian/gui/DI_RUS_l_russian.yml","localization/russian/gui/DI_l_russian.yml","1","2","Divine Intervention AGOT | Русификатор | Divine Intervention Cheat Menu | Divine Intervention CM [RUS]"
"1304","DI_subtype_regalia_simple_loc","Expected corrective localization override","localization/russian/gui/DI_RUS_l_russian.yml","localization/russian/gui/DI_l_russian.yml","1","2","Divine Intervention AGOT | Русификатор | Divine Intervention Cheat Menu | Divine Intervention CM [RUS]"
"1305","DI_subtype_ring_loc","Expected corrective localization override","localization/russian/gui/DI_RUS_l_russian.yml","localization/russian/gui/DI_l_russian.yml","1","2","Divine Intervention AGOT | Русификатор | Divine Intervention Cheat Menu | Divine Intervention CM [RUS]"
"1306","DI_subtype_scepter_pedestal_loc","Expected corrective localization override","localization/russian/gui/DI_RUS_l_russian.yml","localization/russian/gui/DI_l_russian.yml","1","2","Divine Intervention AGOT | Русификатор | Divine Intervention Cheat Menu | Divine Intervention CM [RUS]"
"1307","DI_subtype_scientific_apparatus_loc","Expected corrective localization override","localization/russian/gui/DI_RUS_l_russian.yml","localization/russian/gui/DI_l_russian.yml","1","2","Divine Intervention AGOT | Русификатор | Divine Intervention Cheat Menu | Divine Intervention CM [RUS]"
"1308","DI_subtype_sculpture_loc","Expected corrective localization override","localization/russian/gui/DI_RUS_l_russian.yml","localization/russian/gui/DI_l_russian.yml","1","2","Divine Intervention AGOT | Русификатор | Divine Intervention Cheat Menu | Divine Intervention CM [RUS]"
"1309","DI_subtype_seal_of_investiture_court_loc","Expected corrective localization override","localization/russian/gui/DI_RUS_l_russian.yml","localization/russian/gui/DI_l_russian.yml","1","2","Divine Intervention AGOT | Русификатор | Divine Intervention Cheat Menu | Divine Intervention CM [RUS]"
"1310","DI_subtype_seal_of_investiture_loc","Expected corrective localization override","localization/russian/gui/DI_RUS_l_russian.yml","localization/russian/gui/DI_l_russian.yml","1","2","Divine Intervention AGOT | Русификатор | Divine Intervention Cheat Menu | Divine Intervention CM [RUS]"
"1311","DI_subtype_spear_loc","Expected corrective localization override","localization/russian/gui/DI_RUS_l_russian.yml","localization/russian/gui/DI_l_russian.yml","1","2","Divine Intervention AGOT | Русификатор | Divine Intervention Cheat Menu | Divine Intervention CM [RUS]"
"1312","DI_subtype_sword_loc","Expected corrective localization override","localization/russian/gui/DI_RUS_l_russian.yml","localization/russian/gui/DI_l_russian.yml","1","2","Divine Intervention AGOT | Русификатор | Divine Intervention Cheat Menu | Divine Intervention CM [RUS]"
"1313","DI_subtype_tapestry_loc","Expected corrective localization override","localization/russian/gui/DI_RUS_l_russian.yml","localization/russian/gui/DI_l_russian.yml","1","2","Divine Intervention AGOT | Русификатор | Divine Intervention Cheat Menu | Divine Intervention CM [RUS]"
"1314","DI_subtype_throne_loc","Expected corrective localization override","localization/russian/gui/DI_RUS_l_russian.yml","localization/russian/gui/DI_l_russian.yml","1","2","Divine Intervention AGOT | Русификатор | Divine Intervention Cheat Menu | Divine Intervention CM [RUS]"
"1315","DI_subtype_throne_special_loc","Expected corrective localization override","localization/russian/gui/DI_RUS_l_russian.yml","localization/russian/gui/DI_l_russian.yml","1","2","Divine Intervention AGOT | Русификатор | Divine Intervention Cheat Menu | Divine Intervention CM [RUS]"
"1316","DI_subtype_tournament_favor_loc","Expected corrective localization override","localization/russian/gui/DI_RUS_l_russian.yml","localization/russian/gui/DI_l_russian.yml","1","2","Divine Intervention AGOT | Русификатор | Divine Intervention Cheat Menu | Divine Intervention CM [RUS]"
"1317","DI_subtype_tun_barrel_loc","Expected corrective localization override","localization/russian/gui/DI_RUS_l_russian.yml","localization/russian/gui/DI_l_russian.yml","1","2","Divine Intervention AGOT | Русификатор | Divine Intervention Cheat Menu | Divine Intervention CM [RUS]"
"1318","DI_subtype_urn_loc","Expected corrective localization override","localization/russian/gui/DI_RUS_l_russian.yml","localization/russian/gui/DI_l_russian.yml","1","2","Divine Intervention AGOT | Русификатор | Divine Intervention Cheat Menu | Divine Intervention CM [RUS]"
"1319","DI_subtype_wall_big_loc","Expected corrective localization override","localization/russian/gui/DI_RUS_l_russian.yml","localization/russian/gui/DI_l_russian.yml","1","2","Divine Intervention AGOT | Русификатор | Divine Intervention Cheat Menu | Divine Intervention CM [RUS]"
"1320","DI_subtype_wall_icon_court_large_loc","Expected corrective localization override","localization/russian/gui/DI_RUS_l_russian.yml","localization/russian/gui/DI_l_russian.yml","1","2","Divine Intervention AGOT | Русификатор | Divine Intervention Cheat Menu | Divine Intervention CM [RUS]"
"1321","DI_subtype_wall_icon_court_small_loc","Expected corrective localization override","localization/russian/gui/DI_RUS_l_russian.yml","localization/russian/gui/DI_l_russian.yml","1","2","Divine Intervention AGOT | Русификатор | Divine Intervention Cheat Menu | Divine Intervention CM [RUS]"
"1322","DI_subtype_wall_shield_loc","Expected corrective localization override","localization/russian/gui/DI_RUS_l_russian.yml","localization/russian/gui/DI_l_russian.yml","1","2","Divine Intervention AGOT | Русификатор | Divine Intervention Cheat Menu | Divine Intervention CM [RUS]"
"1323","DI_subtype_wall_shield_special_loc","Expected corrective localization override","localization/russian/gui/DI_RUS_l_russian.yml","localization/russian/gui/DI_l_russian.yml","1","2","Divine Intervention AGOT | Русификатор | Divine Intervention Cheat Menu | Divine Intervention CM [RUS]"
"1324","DI_subtype_wall_small_loc","Expected corrective localization override","localization/russian/gui/DI_RUS_l_russian.yml","localization/russian/gui/DI_l_russian.yml","1","2","Divine Intervention AGOT | Русификатор | Divine Intervention Cheat Menu | Divine Intervention CM [RUS]"
"1325","CHARACTER_IN_LOCATION_MISSING","Reviewed same-object mod override","localization/russian/agot/gui/agot_common_l_russian.yml","localization/russian/gui/asoiaf_character_window_l_russian.yml","0","2","A Game of Thrones | Русификатор | AGOT+ rus"
"1326","DRAGON_PREFIX","Identical localization definitions","localization/russian/valyrian_modifiers_l_russian.yml","localization/russian/modifiers/valyrian_modifiers_l_russian.yml","0","1","Valyrian Steel | Valyrian Steel - Русификация"
"1327","scheme_dragon_horn","Identical localization definitions","localization/russian/valyrian_modifiers_l_russian.yml","localization/russian/modifiers/valyrian_modifiers_l_russian.yml","0","1","Valyrian Steel | Valyrian Steel - Русификация"
"1328","scheme_dragon_whip","Expected external translation override","localization/russian/valyrian_modifiers_l_russian.yml","localization/russian/modifiers/valyrian_modifiers_l_russian.yml","0","2","Valyrian Steel | Valyrian Steel - Русификация"
"1329","scheme_valyrian_book","Identical localization definitions","localization/russian/valyrian_modifiers_l_russian.yml","localization/russian/modifiers/valyrian_modifiers_l_russian.yml","0","1","Valyrian Steel | Valyrian Steel - Русификация"
"1330","scheme_dragon_horn_enchanted","Expected external translation override","localization/russian/valyrian_modifiers_l_russian.yml","localization/russian/modifiers/valyrian_modifiers_l_russian.yml","0","2","Valyrian Steel | Valyrian Steel - Русификация"
"1331","artifact_dragon_bond_enchanted","Expected external translation override","localization/russian/valyrian_modifiers_l_russian.yml","localization/russian/modifiers/valyrian_modifiers_l_russian.yml","0","2","Valyrian Steel | Valyrian Steel - Русификация"
"1332","artifact_health_penalty_4_modifier","Expected external translation override","localization/russian/valyrian_modifiers_l_russian.yml","localization/russian/modifiers/valyrian_modifiers_l_russian.yml","0","2","Valyrian Steel | Valyrian Steel - Русификация"
