[15:10:53][dlc_descriptor.cpp:70] [original line 1] Invalid supported_version in file: mod/ugc_2261468688.mod line: 6
[15:11:33][virtualfilesystem.cpp:456] [original line 1255] Could not find texture due to 'VFSOpen Error: gfx/models/buildings/special/castamere/building_backup_atlas_properties.dds not found'
[15:11:33][virtualfilesystem.cpp:456] [original line 1257] Could not find texture due to 'VFSOpen Error: gfx/models/buildings/special/castamere/building_backup_atlas_normal.dds not found'
[15:11:33][virtualfilesystem.cpp:456] [original line 1260] Could not find texture due to 'VFSOpen Error: gfx/models/buildings/special/castamere/building_backup_atlas_properties.dds not found'
[15:11:33][virtualfilesystem.cpp:456] [original line 1262] Could not find texture due to 'VFSOpen Error: gfx/models/buildings/special/castamere/building_backup_atlas_normal.dds not found'
[15:11:34][virtualfilesystem.cpp:456] [original line 1271] Could not find texture due to 'VFSOpen Error: gfx/models/buildings/special/castamere/building_backup_atlas_properties.dds not found'
[15:11:34][virtualfilesystem.cpp:456] [original line 1273] Could not find texture due to 'VFSOpen Error: gfx/models/buildings/special/castamere/building_backup_atlas_normal.dds not found'
[15:11:34][virtualfilesystem.cpp:456] [original line 1276] Could not find texture due to 'VFSOpen Error: gfx/models/buildings/special/castamere/building_backup_atlas_properties.dds not found'
[15:11:34][virtualfilesystem.cpp:456] [original line 1278] Could not find texture due to 'VFSOpen Error: gfx/models/buildings/special/castamere/building_backup_atlas_normal.dds not found'
[15:11:36][virtualfilesystem.cpp:456] [original line 1331] Could not find texture due to 'VFSOpen Error: gfx/models/buildings/special/castamere/building_backup_atlas_properties.dds not found'
[15:11:36][virtualfilesystem.cpp:456] [original line 1333] Could not find texture due to 'VFSOpen Error: gfx/models/buildings/special/castamere/building_backup_atlas_normal.dds not found'
[15:11:36][virtualfilesystem.cpp:456] [original line 1336] Could not find texture due to 'VFSOpen Error: gfx/models/buildings/special/castamere/building_backup_atlas_properties.dds not found'
[15:11:36][virtualfilesystem.cpp:456] [original line 1338] Could not find texture due to 'VFSOpen Error: gfx/models/buildings/special/castamere/building_backup_atlas_normal.dds not found'
[15:11:36][virtualfilesystem.cpp:456] [original line 1341] Could not find texture due to 'VFSOpen Error: gfx/models/buildings/special/castamere/building_backup_atlas_properties.dds not found'
[15:11:36][virtualfilesystem.cpp:456] [original line 1343] Could not find texture due to 'VFSOpen Error: gfx/models/buildings/special/castamere/building_backup_atlas_normal.dds not found'
[15:11:51][pdx_persistent_reader.cpp:216] [original line 1438] Error: "Unexpected token: decision_has_second_step, near line: 112
Unexpected token: decision_custom_widget_container, near line: 113" in file: "common/decisions/asoiaf_house_branch_decisions.txt" near line: 118
[15:11:51][pdx_persistent_reader.cpp:216] [original line 1440] Error: "Unexpected token: decision_has_second_step, near line: 481
Unexpected token: decision_custom_widget_container, near line: 482" in file: "common/decisions/asoiaf_house_branch_decisions.txt" near line: 487
[15:11:51][decision_type.cpp:224] [original line 1442] asoiaf_greyjoy_cadets_decision has 'ai_check_interval'/'ai_check_interval_by_tier' that's negative or unset. Setting to 0 instead
[15:11:51][pdx_persistent_reader.cpp:216] [original line 1443] Error: "Unexpected token: decision_has_second_step, near line: 586
Unexpected token: decision_custom_widget_container, near line: 587" in file: "common/decisions/asoiaf_house_branch_decisions.txt" near line: 592
[15:11:51][decision_type.cpp:224] [original line 1445] asoiaf_baelish_cadets_decision has 'ai_check_interval'/'ai_check_interval_by_tier' that's negative or unset. Setting to 0 instead
[15:11:51][pdx_persistent_reader.cpp:216] [original line 1446] Error: "Unexpected token: decision_has_second_step, near line: 702
Unexpected token: decision_custom_widget_container, near line: 703" in file: "common/decisions/asoiaf_house_branch_decisions.txt" near line: 708
[15:11:51][decision_type.cpp:224] [original line 1448] asoiaf_harlaw_cadets_decision has 'ai_check_interval'/'ai_check_interval_by_tier' that's negative or unset. Setting to 0 instead
[15:11:51][decision_type.cpp:224] [original line 1449] asoiaf_jon_targ_cadet_branch_decision has 'ai_check_interval'/'ai_check_interval_by_tier' that's negative or unset. Setting to 0 instead
[15:11:51][decision_type.cpp:224] [original line 1450] asoiaf_aegon_II_greens_cadet_branch_decision has 'ai_check_interval'/'ai_check_interval_by_tier' that's negative or unset. Setting to 0 instead
[15:11:51][jomini_dynamicdescription.cpp:66] [original line 1451] Unrecognized loc key show_notifications_decision_tooltip. show_notifications_decision
[15:11:51][decision_type.cpp:224] [original line 1452] show_notifications_decision has 'ai_check_interval'/'ai_check_interval_by_tier' that's negative or unset. Setting to 0 instead
[15:11:52][pdx_persistent_reader.cpp:216] [original line 9903] Error: "Unknown trigger: portrait_wear_lannister_armour_torso_courtiers, near line: 11965" in file: "gfx/portraits/portrait_modifiers/asoiaf_character_custom_flags.txt" near line: 11965
[15:11:52][pdx_persistent_reader.cpp:216] [original line 9943] Error: "Unexpected token: accesory, near line: 17857" in file: "gfx/portraits/portrait_modifiers/asoiaf_character_custom_flags.txt" near line: 17857
[15:11:52][jomini_scriptvalue.h:459] [original line 9945] Cannot use GetMinValue without a value set
[15:11:52][jomini_eventtarget.cpp:692] [original line 9949] Failed to find a valid event target link 'has_religion' at file: gfx/portraits/portrait_modifiers/asoiaf_clothes.txt line: 1092 (asoiaf_drowned_man_clothes_modifiers:weight)
[15:11:52][pdx_persistent_reader.cpp:216] [original line 9950] Error: "Unknown trigger: liege.has_religion, near line: 1092" in file: "gfx/portraits/portrait_modifiers/asoiaf_clothes.txt" near line: 1093
[15:11:52][jomini_eventtarget.cpp:692] [original line 9951] Failed to find a valid event target link 'has_religion' at file: gfx/portraits/portrait_modifiers/asoiaf_clothes.txt line: 1176 (asoiaf_drowned_man_clothes_modifiers:weight)
[15:11:52][pdx_persistent_reader.cpp:216] [original line 9952] Error: "Unknown trigger: liege.has_religion, near line: 1176" in file: "gfx/portraits/portrait_modifiers/asoiaf_clothes.txt" near line: 1181
[15:11:52][pdx_persistent_reader.cpp:216] [original line 9954] Error: "Unknown trigger: is_busy_in_events_localised, near line: 150 (expanded from file: common/character_interactions/asoiaf_character_interactions.txt line: 151)" in file: "common/character_interactions/asoiaf_character_interactions.txt" near line: 157
[15:11:52][pdx_persistent_reader.cpp:216] [original line 9963] Error: "Unknown trigger: is_character_baratheon_3, near line: 81" in file: "gfx/portraits/portrait_modifiers/asoiaf_headgear_crowns.txt" near line: 83
[15:11:52][pdx_persistent_reader.cpp:216] [original line 9964] Error: "Unknown trigger: is_character_baratheon_3, near line: 165" in file: "gfx/portraits/portrait_modifiers/asoiaf_headgear_crowns.txt" near line: 167
[15:11:52][pdx_persistent_reader.cpp:216] [original line 9965] Error: "Unknown trigger: is_character_baratheon_4, near line: 264" in file: "gfx/portraits/portrait_modifiers/asoiaf_headgear_crowns.txt" near line: 269
[15:11:52][pdx_persistent_reader.cpp:216] [original line 9966] Error: "Unknown trigger: is_character_baratheon_4, near line: 330" in file: "gfx/portraits/portrait_modifiers/asoiaf_headgear_crowns.txt" near line: 335
[15:11:52][pdx_persistent_reader.cpp:216] [original line 9967] Error: "Unknown trigger: is_character_baratheon_5, near line: 645
Unknown trigger: is_character_baratheon_6, near line: 646
Unknown trigger: is_character_baratheon_7, near line: 647" in file: "gfx/portraits/portrait_modifiers/asoiaf_headgear_crowns.txt" near line: 651
[15:11:52][pdx_persistent_reader.cpp:216] [original line 9970] Error: "Unknown trigger: is_character_baratheon_5, near line: 694
Unknown trigger: is_character_baratheon_6, near line: 695
Unknown trigger: is_character_baratheon_7, near line: 696" in file: "gfx/portraits/portrait_modifiers/asoiaf_headgear_crowns.txt" near line: 700
[15:11:52][pdx_persistent_reader.cpp:216] [original line 10031] Error: "Unknown effect: asoiaf_mega_war_effect, near line: 8" in file: "events/asoiaf_mega_war_events.txt" near line: 9
[15:11:52][pdx_persistent_reader.cpp:216] [original line 10032] Error: "Unknown trigger: asoiaf_canon_children_Targaryen_101_trigger, near line: 737" in file: "events/asoiaf_canon_children_events/asoiaf_canon_children_targaryen_events.txt" near line: 738
[15:11:52][pdx_persistent_reader.cpp:216] [original line 10033] Error: "Unknown effect: asoiaf_canon_children_Targaryen_101_birth_effect, near line: 741" in file: "events/asoiaf_canon_children_events/asoiaf_canon_children_targaryen_events.txt" near line: 742
[15:11:52][pdx_persistent_reader.cpp:216] [original line 10034] Error: "Unknown effect: asoiaf_canon_children_Targaryen_100_birth_effect, near line: 749" in file: "events/asoiaf_canon_children_events/asoiaf_canon_children_targaryen_events.txt" near line: 750
[15:11:52][pdx_persistent_reader.cpp:216] [original line 10035] Error: "Unknown effect: asoiaf_canon_children_Targaryen_99_birth_effect, near line: 757" in file: "events/asoiaf_canon_children_events/asoiaf_canon_children_targaryen_events.txt" near line: 758
[15:11:52][pdx_persistent_reader.cpp:216] [original line 10036] Error: "Unknown effect: asoiaf_canon_children_Targaryen_98_birth_effect, near line: 765" in file: "events/asoiaf_canon_children_events/asoiaf_canon_children_targaryen_events.txt" near line: 766
[15:11:52][pdx_persistent_reader.cpp:216] [original line 10037] Error: "Unknown trigger: asoiaf_canon_children_Targaryen_104_trigger, near line: 777" in file: "events/asoiaf_canon_children_events/asoiaf_canon_children_targaryen_events.txt" near line: 778
[15:11:52][pdx_persistent_reader.cpp:216] [original line 10038] Error: "Unknown effect: asoiaf_canon_children_Targaryen_104_birth_effect, near line: 781" in file: "events/asoiaf_canon_children_events/asoiaf_canon_children_targaryen_events.txt" near line: 782
[15:11:52][pdx_persistent_reader.cpp:216] [original line 10039] Error: "Unknown trigger: asoiaf_canon_children_Targaryen_103_trigger, near line: 785" in file: "events/asoiaf_canon_children_events/asoiaf_canon_children_targaryen_events.txt" near line: 786
[15:11:52][pdx_persistent_reader.cpp:216] [original line 10040] Error: "Unknown effect: asoiaf_canon_children_Targaryen_103_birth_effect, near line: 789" in file: "events/asoiaf_canon_children_events/asoiaf_canon_children_targaryen_events.txt" near line: 790
[15:11:52][pdx_persistent_reader.cpp:216] [original line 10041] Error: "Unknown trigger: asoiaf_canon_children_Targaryen_102_trigger, near line: 793" in file: "events/asoiaf_canon_children_events/asoiaf_canon_children_targaryen_events.txt" near line: 794
[15:11:52][pdx_persistent_reader.cpp:216] [original line 10042] Error: "Unknown effect: asoiaf_canon_children_Targaryen_102_birth_effect, near line: 797" in file: "events/asoiaf_canon_children_events/asoiaf_canon_children_targaryen_events.txt" near line: 798
[15:11:52][character_currency_effects_impl.cpp:227] [original line 10044] Negative value in remove_short_term_gold: -450. file: events/decisions_events/buy_ruby_crown_events.txt line: 54 (buy_ruby_crown.0999:immediate)
[15:11:52][jomini_eventmanager.cpp:428] [original line 10045] Duplicated event ID 'agot_activity_commission_crown.0001' found. New Location: 'file: events/activities/agot_coronation_activity/agot_coronation_crown_commission_events.txt line: 3 (agot_activity_commission_crown.0001)', Previous Location: 'file: events/activities/agot_coronation_activity/agot_coronation_crown_commission_events.txt line: 3 (agot_activity_commission_crown.0001)'
[15:11:52][pdx_persistent_reader.cpp:216] [original line 10046] Error: "Unknown trigger: defender, near line: 89" in file: "common/on_action/asoiaf_army_on_actions.txt" near line: 90
[15:11:52][pdx_persistent_reader.cpp:216] [original line 10047] Error: "Unknown trigger: defender, near line: 226" in file: "common/on_action/asoiaf_army_on_actions.txt" near line: 227
[15:11:52][pdx_persistent_reader.cpp:216] [original line 10048] Error: "Unknown trigger: asoiaf_canon_children_Targaryen_101_trigger, near line: 613" in file: "common/on_action/asoiaf_pregnancy_childbirth_on_actions.txt" near line: 614
[15:11:52][pdx_persistent_reader.cpp:216] [original line 10049] Error: "Unknown trigger: asoiaf_canon_children_Targaryen_102_trigger, near line: 625
Unknown trigger: asoiaf_canon_children_Targaryen_103_trigger, near line: 626
Unknown trigger: asoiaf_canon_children_Targaryen_104_trigger, near line: 627" in file: "common/on_action/asoiaf_pregnancy_childbirth_on_actions.txt" near line: 628
[15:11:52][jomini_effect.cpp:914] [original line 10052] Failed to read 'target' for 'start_scheme' at file: common/on_action/asoiaf_yearly_on_actions.txt line: 417 (asoiaf_canon_children_dragon_bonding_maintenance)
[15:11:52][jomini_effect.cpp:914] [original line 10053] Failed to read 'target' for 'start_scheme' at file: common/on_action/asoiaf_yearly_on_actions.txt line: 458 (asoiaf_canon_children_dragon_bonding_maintenance)
[15:11:52][jomini_effect.cpp:914] [original line 10054] Failed to read 'target' for 'start_scheme' at file: common/on_action/asoiaf_yearly_on_actions.txt line: 499 (asoiaf_canon_children_dragon_bonding_maintenance)
[15:11:52][jomini_effect.cpp:914] [original line 10055] Failed to read 'target' for 'start_scheme' at file: common/on_action/asoiaf_yearly_on_actions.txt line: 540 (asoiaf_canon_children_dragon_bonding_maintenance)
[15:11:52][jomini_effect.cpp:914] [original line 10056] Failed to read 'target' for 'start_scheme' at file: common/on_action/asoiaf_yearly_on_actions.txt line: 581 (asoiaf_canon_children_dragon_bonding_maintenance)
[15:11:52][jomini_effect.cpp:914] [original line 10057] Failed to read 'target' for 'start_scheme' at file: common/on_action/asoiaf_yearly_on_actions.txt line: 622 (asoiaf_canon_children_dragon_bonding_maintenance)
[15:11:52][jomini_effect.cpp:914] [original line 10058] Failed to read 'target' for 'start_scheme' at file: common/on_action/asoiaf_yearly_on_actions.txt line: 663 (asoiaf_canon_children_dragon_bonding_maintenance)
[15:11:52][jomini_effect.cpp:914] [original line 10059] Failed to read 'target' for 'start_scheme' at file: common/on_action/asoiaf_yearly_on_actions.txt line: 704 (asoiaf_canon_children_dragon_bonding_maintenance)
[15:11:52][jomini_effect.cpp:914] [original line 10060] Failed to read 'target' for 'start_scheme' at file: common/on_action/asoiaf_yearly_on_actions.txt line: 745 (asoiaf_canon_children_dragon_bonding_maintenance)
[15:11:52][jomini_effect.cpp:914] [original line 10061] Failed to read 'target' for 'start_scheme' at file: common/on_action/asoiaf_yearly_on_actions.txt line: 786 (asoiaf_canon_children_dragon_bonding_maintenance)
[15:11:53][jomini_onaction.cpp:153] [original line 10062] There is more than one '_pTrigger' defined:file: common/on_action/agot_on_actions/test_title_on_actions.txt line: 179 (agot_on_title_inheritance_lannister_baratheon_coa)
[15:11:53][jomini_onaction.cpp:161] [original line 10063] There is more than one 'effect' defined using most recent:file: common/on_action/agot_on_actions/test_title_on_actions.txt line: 190 (agot_on_title_inheritance_lannister_baratheon_coa)
[15:11:53][pdx_persistent_reader.cpp:216] [original line 10064] Error: "Unknown effect: start_diarchy, near line: 233" in file: "common/on_action/agot_on_actions/test_title_on_actions.txt" near line: 235
[15:11:53][pdx_persistent_reader.cpp:216] [original line 10065] Error: "Unknown effect: asoiaf_destroy_crownlands_title_effect, near line: 449" in file: "common/on_action/agot_on_actions/test_title_on_actions.txt" near line: 450
[15:11:53][pdx_persistent_reader.cpp:216] [original line 10066] Error: "Unexpected token: confucian_education_xp_gain_mult, near line: 4047" in file: "common/modifiers/DI_modifiers.txt" near line: 4047
[15:11:53][pdx_persistent_reader.cpp:216] [original line 10067] Error: "Unexpected token: westerman_opinion, near line: 6" in file: "common/modifiers/asoiaf_artifact_modifiers.txt" near line: 6
[15:11:53][pdx_persistent_reader.cpp:216] [original line 10068] Error: "Unexpected token: valeman_opinion, near line: 447" in file: "common/modifiers/ntc_artifact_modifiers.txt" near line: 447
[15:11:53][pdx_persistent_reader.cpp:216] [original line 10069] Error: "Unexpected token: valeman_opinion, near line: 456" in file: "common/modifiers/ntc_artifact_modifiers.txt" near line: 456
[15:11:53][pdx_persistent_reader.cpp:216] [original line 10070] Error: "Unexpected token: valeman_opinion, near line: 605" in file: "common/modifiers/ntc_artifact_modifiers.txt" near line: 605
[15:11:53][pdx_persistent_reader.cpp:216] [original line 10071] Error: "Unexpected token: rhoynish_religion_opinion, near line: 1760" in file: "common/buildings/yy_agotcities_special_buildings_westeros.txt" near line: 1760
[15:11:53][pdx_persistent_reader.cpp:216] [original line 10072] Error: "Unexpected token: rhoynish_religion_opinion, near line: 1767" in file: "common/buildings/yy_agotcities_special_buildings_westeros.txt" near line: 1767
[15:11:53][pdx_persistent_reader.cpp:216] [original line 10073] Error: "Unknown trigger: holding, near line: 2364" in file: "common/buildings/yy_agotcities_special_buildings_westeros.txt" near line: 2369
[15:12:01][jomini_script_argument.cpp:227] [original line 10074] Compiling source for agot_create_artifact_aegon_i_crown_effect failed for missing arguments: CREATOR. At file: common/scripted_effects/00_agot_artifact_crowns_effects.txt line: 78 (agot_create_artifact_aegon_i_crown_effect)
[15:12:01][jomini_script_argument.cpp:227] [original line 10075] Compiling source for agot_create_artifact_aenys_crown_effect failed for missing arguments: CREATOR. At file: common/scripted_effects/00_agot_artifact_crowns_effects.txt line: 228 (agot_create_artifact_aenys_crown_effect)
[15:12:01][jomini_script_argument.cpp:227] [original line 10076] Compiling source for agot_create_artifact_jaehaerys_crown_effect failed for missing arguments: CREATOR. At file: common/scripted_effects/00_agot_artifact_crowns_effects.txt line: 314 (agot_create_artifact_jaehaerys_crown_effect)
[15:12:01][jomini_script_argument.cpp:227] [original line 10077] Compiling source for agot_create_artifact_aegon_iii_crown_effect failed for missing arguments: CREATOR. At file: common/scripted_effects/00_agot_artifact_crowns_effects.txt line: 434 (agot_create_artifact_aegon_iii_crown_effect)
[15:12:01][jomini_script_argument.cpp:227] [original line 10078] Compiling source for agot_create_artifact_baelors_crown_effect failed for missing arguments: CREATOR. At file: common/scripted_effects/00_agot_artifact_crowns_effects.txt line: 498 (agot_create_artifact_baelors_crown_effect)
[15:12:01][jomini_script_argument.cpp:227] [original line 10079] Compiling source for agot_create_artifact_aegon_iv_crown_effect failed for missing arguments: CREATOR. At file: common/scripted_effects/00_agot_artifact_crowns_effects.txt line: 594 (agot_create_artifact_aegon_iv_crown_effect)
[15:12:01][jomini_script_argument.cpp:227] [original line 10080] Compiling source for agot_create_artifact_maekars_crown_effect failed for missing arguments: CREATOR. At file: common/scripted_effects/00_agot_artifact_crowns_effects.txt line: 672 (agot_create_artifact_maekars_crown_effect)
[15:12:01][jomini_script_argument.cpp:227] [original line 10081] Compiling source for agot_create_artifact_visenya_circlet_effect failed for missing arguments: CREATOR. At file: common/scripted_effects/00_agot_artifact_crowns_effects.txt line: 837 (agot_create_artifact_visenya_circlet_effect)
[15:12:01][jomini_script_argument.cpp:192] [original line 10082] Compiling source for  failed for unknown arguments: CREATOR. At file: common/scripted_effects/asoiaf_scripted_effects_artifacts.txt line: 1832 (agot_create_artifact_robertI_crown_effect)
[15:12:01][jomini_script_argument.cpp:192] [original line 10083] Compiling source for  failed for unknown arguments: CREATOR. At file: common/scripted_effects/asoiaf_scripted_effects_artifacts.txt line: 1832 (agot_create_artifact_robertI_crown_effect)
[15:12:01][jomini_script_argument.cpp:192] [original line 10084] Compiling source for  failed for unknown arguments: CREATOR. At file: common/scripted_effects/asoiaf_scripted_effects_artifacts.txt line: 1954 (agot_create_artifact_renly_crown_effect)
[15:12:01][jomini_script_argument.cpp:192] [original line 10085] Compiling source for  failed for unknown arguments: CREATOR. At file: common/scripted_effects/asoiaf_scripted_effects_artifacts.txt line: 1954 (agot_create_artifact_renly_crown_effect)
[15:12:01][jomini_script_argument.cpp:192] [original line 10086] Compiling source for  failed for unknown arguments: CREATOR. At file: common/scripted_effects/asoiaf_scripted_effects_artifacts.txt line: 2068 (agot_create_artifact_joffreyI_crown_effect)
[15:12:01][jomini_script_argument.cpp:192] [original line 10087] Compiling source for  failed for unknown arguments: CREATOR. At file: common/scripted_effects/asoiaf_scripted_effects_artifacts.txt line: 2068 (agot_create_artifact_joffreyI_crown_effect)
[15:12:01][pdx_locstring.cpp:93] [original line 10088] Key is missing localization: test_crush_desc
[15:12:01][pdx_locstring.cpp:93] [original line 10089] Key is missing localization: test_crush_desc
[15:12:01][jomini_effect.cpp:914] [original line 10090] Failed to read 'target' for 'start_scheme' at file: common/scripted_effects/asoiaf_canon_children_effects.txt line: 4381 (asoiaf_canon_children_Targaryen_30_birth_effect:after_creation)
[15:12:01][jomini_effect.cpp:914] [original line 10091] Failed to read 'target' for 'start_scheme' at file: common/scripted_effects/asoiaf_canon_children_effects.txt line: 4476 (asoiaf_canon_children_Targaryen_31_birth_effect:after_creation)
[15:12:01][jomini_effect.cpp:914] [original line 10092] Failed to read 'target' for 'start_scheme' at file: common/scripted_effects/asoiaf_canon_children_effects.txt line: 4630 (asoiaf_canon_children_Targaryen_33_birth_effect:after_creation)
[15:12:01][jomini_effect.cpp:914] [original line 10093] Failed to read 'target' for 'start_scheme' at file: common/scripted_effects/asoiaf_canon_children_effects.txt line: 4792 (asoiaf_canon_children_Targaryen_35_birth_effect:after_creation)
[15:12:01][jomini_effect.cpp:914] [original line 10094] Failed to read 'target' for 'start_scheme' at file: common/scripted_effects/asoiaf_canon_children_effects.txt line: 4883 (asoiaf_canon_children_Targaryen_36_birth_effect:after_creation)
[15:12:01][jomini_effect.cpp:914] [original line 10095] Failed to read 'target' for 'start_scheme' at file: common/scripted_effects/asoiaf_canon_children_effects.txt line: 5183 (asoiaf_canon_children_Targaryen_41_and_42_birth_effect:after_creation)
[15:12:01][jomini_effect.cpp:914] [original line 10096] Failed to read 'target' for 'start_scheme' at file: common/scripted_effects/asoiaf_canon_children_effects.txt line: 5419 (asoiaf_canon_children_Targaryen_45_birth_effect:after_creation)
[15:12:01][jomini_effect.cpp:914] [original line 10097] Failed to read 'target' for 'start_scheme' at file: common/scripted_effects/asoiaf_canon_children_effects.txt line: 5553 (asoiaf_canon_children_Targaryen_47_birth_effect:after_creation)
[15:12:01][jomini_effect.cpp:914] [original line 10098] Failed to read 'target' for 'start_scheme' at file: common/scripted_effects/asoiaf_canon_children_effects.txt line: 6333 (asoiaf_canon_children_Targaryen_59_birth_effect:after_creation)
[15:12:01][jomini_effect.cpp:914] [original line 10099] Failed to read 'target' for 'start_scheme' at file: common/scripted_effects/asoiaf_canon_children_effects.txt line: 6441 (asoiaf_canon_children_Targaryen_60_birth_effect:after_creation)
[15:12:01][jomini_effect.cpp:914] [original line 10100] Failed to read 'target' for 'start_scheme' at file: common/scripted_effects/asoiaf_canon_children_effects.txt line: 6544 (asoiaf_canon_children_Targaryen_61_birth_effect:after_creation)
[15:12:01][jomini_effect.cpp:914] [original line 10101] Failed to read 'target' for 'start_scheme' at file: common/scripted_effects/asoiaf_canon_children_effects.txt line: 6731 (asoiaf_canon_children_Targaryen_63_birth_effect:after_creation)
[15:12:01][jomini_effect.cpp:914] [original line 10102] Failed to read 'target' for 'start_scheme' at file: common/scripted_effects/asoiaf_canon_children_effects.txt line: 6898 (asoiaf_canon_children_Targaryen_65_birth_effect:after_creation)
[15:12:01][jomini_effect.cpp:914] [original line 10103] Failed to read 'target' for 'start_scheme' at file: common/scripted_effects/asoiaf_canon_children_effects.txt line: 7022 (asoiaf_canon_children_Targaryen_66_birth_effect:after_creation)
[15:12:01][jomini_effect.cpp:914] [original line 10104] Failed to read 'target' for 'start_scheme' at file: common/scripted_effects/asoiaf_canon_children_effects.txt line: 7133 (asoiaf_canon_children_Targaryen_67_birth_effect:after_creation)
[15:12:01][jomini_effect.cpp:914] [original line 10105] Failed to read 'target' for 'start_scheme' at file: common/scripted_effects/asoiaf_canon_children_effects.txt line: 7284 (asoiaf_canon_children_Targaryen_68_birth_effect:after_creation)
[15:12:01][jomini_effect.cpp:914] [original line 10106] Failed to read 'target' for 'start_scheme' at file: common/scripted_effects/asoiaf_canon_children_effects.txt line: 7427 (asoiaf_canon_children_Targaryen_69_birth_effect:after_creation)
[15:12:01][jomini_effect.cpp:914] [original line 10107] Failed to read 'target' for 'start_scheme' at file: common/scripted_effects/asoiaf_canon_children_effects.txt line: 7515 (asoiaf_canon_children_Targaryen_70_birth_effect:after_creation)
[15:12:01][jomini_effect.cpp:914] [original line 10108] Failed to read 'target' for 'start_scheme' at file: common/scripted_effects/asoiaf_canon_children_effects.txt line: 7842 (asoiaf_canon_children_Targaryen_75_birth_effect:after_creation)
[15:12:01][jomini_effect.cpp:914] [original line 10109] Failed to read 'target' for 'start_scheme' at file: common/scripted_effects/asoiaf_canon_children_effects.txt line: 7996 (asoiaf_canon_children_Targaryen_76_birth_effect:after_creation)
[15:12:01][jomini_effect.cpp:914] [original line 10110] Failed to read 'target' for 'start_scheme' at file: common/scripted_effects/asoiaf_canon_children_effects.txt line: 8143 (asoiaf_canon_children_Targaryen_77_birth_effect:after_creation)
[15:12:01][jomini_effect.cpp:914] [original line 10111] Failed to read 'target' for 'start_scheme' at file: common/scripted_effects/asoiaf_canon_children_effects.txt line: 8289 (asoiaf_canon_children_Targaryen_78_birth_effect:after_creation)
[15:12:01][pdx_locstring.cpp:93] [original line 10112] Key is missing localization: test_crush_desc
[15:12:01][pdx_locstring.cpp:93] [original line 10113] Key is missing localization: test_crush_desc
[15:12:01][pdx_locstring.cpp:93] [original line 10114] Key is missing localization: test_crush_desc
[15:12:01][pdx_locstring.cpp:93] [original line 10115] Key is missing localization: test_crush_desc
[15:12:01][jomini_effect.cpp:914] [original line 10116] Failed to read 'target' for 'start_scheme' at file: common/scripted_effects/asoiaf_canon_children_effects.txt line: 11750 (asoiaf_canon_children_Velaryon_34_birth_effect:after_creation)
[15:12:01][jomini_effect.cpp:914] [original line 10117] Failed to read 'target' for 'start_scheme' at file: common/scripted_effects/asoiaf_canon_children_effects.txt line: 11835 (asoiaf_canon_children_Velaryon_35_birth_effect:after_creation)
[15:12:01][pdx_persistent_reader.cpp:216] [original line 10118] Error: "Unknown effect: agot_8299_4_1_acok_scenario_setup, near line: 89" in file: "common/scripted_effects/00_agot_scenario_setup_effects.txt" near line: 90
[15:12:02][jomini_eventtarget.cpp:692] [original line 10119] Failed to find a valid event target link 'house_Blackfyre' at file: common/scripted_triggers/tgc_loaded_trigger.txt line: 127 (tgc_blackfyre_equipment_trigger)
[15:12:02][pdx_persistent_reader.cpp:216] [original line 10152] Error: "Failed to read key reference: 1453_end_date: 1453_end_date, near line: 3
Failed to read key reference: rhomaion_name_of_byzantium: rhomaion_name_of_byzantium, near line: 3
Failed to read key reference: default_mongol_invasion: default_mongol_invasion, near line: 3
Failed to read key reference: random_ruler_placement_off: random_ruler_placement_off, near line: 3
Failed to read key reference: launch_historical: launch_historical, near line: 3
Failed to read key reference: fp1_scandi_adventurers_apocalyptic: fp1_scandi_adventurers_apocalyptic, near line: 3
Failed to read key reference: dissolution_after_caliph_death: dissolution_after_caliph_death, near line: 3
Failed to read key reference: default_seljuk_invasion: default_seljuk_invasion, near line: 3
Failed to read key reference: situation_the_great_steppe_toggle_on: situation_the_great_steppe_toggle_on, near line: 3
Failed to read key reference: struggle_iberia_toggle_on: struggle_iberia_toggle_on, near line: 3
Failed to read key reference: struggle_persia_toggle_on: struggle_persia_toggle_on, near line: 3
Failed to read key reference: historicity_ruler_of_munster_historical_toirdelbach: historicity_ruler_of_munster_historical_toirdelbach, near line: 3
Failed to read key reference: historicity_norman_conquest_default_random: historicity_norman_conquest_default_random, near line: 3
Failed to read key reference: tibet_nomad_region_on: tibet_nomad_region_on, near line: 3
Failed to read key reference: sami_nomad_region_on: sami_nomad_region_on, near line: 3
Failed to read key reference: arabia_nomad_region_on: arabia_nomad_region_on, near line: 3
Failed to read key reference: sahel_nomad_region_on: sahel_nomad_region_on, near line: 3
Failed to read key reference: horn_of_africa_nomad_region_on: horn_of_africa_nomad_region_on, near line: 3
Failed to read key reference: historicity_extra_admin_egypt_gameplay_not_administrative: historicity_extra_admin_egypt_gameplay_not_administrative, near line: 3
Failed to read key reference: historicity_extra_admin_arabia_gameplay_not_administrative: historicity_extra_admin_arabia_gameplay_not_administrative, near line: 3
Failed to read key reference: historicity_extra_admin_ghana_gameplay_not_administrative: historicity_extra_admin_ghana_gameplay_not_administrative, near line: 3
Failed to read key reference: historicity_extra_admin_kabulistan_gameplay_not_administrative: historicity_extra_admin_kabulistan_gameplay_not_administrative, near line: 3
Failed to read key reference: historicity_extra_admin_persia_gameplay_not_administrative: historicity_extra_admin_persia_gameplay_not_administrative, near line: 3
Failed to read key reference: historicity_extra_admin_maghreb_gameplay_not_administrative: historicity_extra_admin_maghreb_gameplay_not_administrative, near line: 3
Failed to read key reference: historicity_extra_admin_tamilakam_gameplay_not_administrative: historicity_extra_admin_tamilakam_gameplay_not_administrative, near line: 3
Failed to read key reference: historicity_extra_admin_carolingians_gameplay_not_administrative: historicity_extra_admin_carolingians_gameplay_not_administrative, near line: 3
Failed to read key reference: historicity_extra_admin_player_wherever_gameplay_not_administrative: historicity_extra_admin_player_wherever_gameplay_not_administrative, near line: 3
Failed to read key reference: historicity_frankokratia_fourth_crusade: historicity_frankokratia_fourth_crusade, near line: 3
Failed to read key reference: silk_road_starting_innovations_preset: silk_road_starting_innovations_preset, near line: 3
Failed to read key reference: ACR_RE_tradition_slots_plus_95: ACR_RE_tradition_slots_plus_95, near line: 3
Failed to read key reference: ACR_RE_tradition_cost_free: ACR_RE_tradition_cost_free, near line: 3
Failed to read key reference: ACR_RE_tradition_cooldown_none: ACR_RE_tradition_cooldown_none, near line: 3
Failed to read key reference: ACR_RE_truce_duration_5: ACR_RE_truce_duration_5, near line: 3
Failed to read key reference: ACR_RE_truce_scope_player_primary: ACR_RE_truce_scope_player_primary, near line: 3
Failed to read key reference: ACR_RE_council_task_speed_1_month: ACR_RE_council_task_speed_1_month, near line: 3
Failed to read key reference: HM_RE_rule_player_free_functions_enabled: HM_RE_rule_player_free_functions_enabled, near line: 3
Failed to read key reference: HM_RE_rule_change_holding_type_cost_very_cheap: HM_RE_rule_change_holding_type_cost_very_cheap, near line: 3
Failed to read key reference: HM_RE_rule_change_holding_type_cooldown_very_short: HM_RE_rule_change_holding_type_cooldown_very_short, near line: 3
Failed to read key reference: HM_RE_rule_can_replace_buildings_vassals: HM_RE_rule_can_replace_buildings_vassals, near line: 3
Failed to read key reference: HM_RE_rule_can_feudalize_holdings_vassals: HM_RE_rule_can_feudalize_holdings_vassals, near line: 3
Failed to read key reference: HM_RE_value_construct_buildings_gold_cost_cap_very_cheap: HM_RE_value_construct_buildings_gold_cost_cap_very_cheap, near line: 3
Failed to read key reference: HM_RE_rule_player_extra_slots_enabled: HM_RE_rule_player_extra_slots_enabled, near line: 3
Failed to read key reference: HM_RE_rule_player_slot_base_cost_very_cheap: HM_RE_rule_player_slot_base_cost_very_cheap, near line: 3
Failed to read key reference: HM_RE_rule_player_slot_step_cost_very_cheap: HM_RE_rule_player_slot_step_cost_very_cheap, near line: 3
Failed to read key reference: HM_RE_rule_construction_time_cost_free: HM_RE_rule_construction_time_cost_free, near line: 3
Failed to read key reference: HM_RE_build_all_button_on: HM_RE_build_all_button_on, near line: 3
Failed to read key reference: HM_RE_upgrade_all_button_on: HM_RE_upgrade_all_button_on, near line: 3
Failed to read key reference: HM_RE_make_nomad_button_on: HM_RE_make_nomad_button_on, near line: 3
Failed to read key reference: HM_RE_make_temple_citadel_button_on: HM_RE_make_temple_citadel_button_on, near line: 3
Failed to read key reference: HM_RE_player_add_slots_decision_on: HM_RE_player_add_slots_decision_on, near line: 3
Failed to read key reference: HM_RE_player_add_slots_decision_base_cost_very_cheap: HM_RE_player_add_slots_decision_base_cost_very_cheap, near line: 3
Failed to read key reference: HM_RE_player_cost_gold: HM_RE_player_cost_gold, near line: 3
Failed to read key reference: HM_RE_rule_ai_extra_slots_disabled: HM_RE_rule_ai_extra_slots_disabled, near line: 3
Failed to read key reference: HM_RE_rule_ai_slot_base_cost_very_expensive: HM_RE_rule_ai_slot_base_cost_very_expensive, near line: 3
Failed to read key reference: HM_RE_rule_ai_slot_step_cost_very_expensive: HM_RE_rule_ai_slot_step_cost_very_expensive, near line: 3" in file: "" near line: 3
[15:12:02][pdx_persistent_reader.cpp:216] [original line 10207] Error: "Failed to read key reference: 1453_end_date: 1453_end_date, near line: 8
Failed to read key reference: rhomaion_name_of_byzantium: rhomaion_name_of_byzantium, near line: 8
Failed to read key reference: default_mongol_invasion: default_mongol_invasion, near line: 8
Failed to read key reference: random_ruler_placement_off: random_ruler_placement_off, near line: 8
Failed to read key reference: launch_historical: launch_historical, near line: 8
Failed to read key reference: fp1_scandi_adventurers_apocalyptic: fp1_scandi_adventurers_apocalyptic, near line: 8
Failed to read key reference: dissolution_after_caliph_death: dissolution_after_caliph_death, near line: 8
Failed to read key reference: default_seljuk_invasion: default_seljuk_invasion, near line: 8
Failed to read key reference: situation_the_great_steppe_toggle_on: situation_the_great_steppe_toggle_on, near line: 8
Failed to read key reference: struggle_iberia_toggle_on: struggle_iberia_toggle_on, near line: 8
Failed to read key reference: struggle_persia_toggle_on: struggle_persia_toggle_on, near line: 8
Failed to read key reference: historicity_ruler_of_munster_historical_toirdelbach: historicity_ruler_of_munster_historical_toirdelbach, near line: 8
Failed to read key reference: historicity_norman_conquest_default_random: historicity_norman_conquest_default_random, near line: 8
Failed to read key reference: tibet_nomad_region_on: tibet_nomad_region_on, near line: 8
Failed to read key reference: sami_nomad_region_on: sami_nomad_region_on, near line: 8
Failed to read key reference: arabia_nomad_region_on: arabia_nomad_region_on, near line: 8
Failed to read key reference: sahel_nomad_region_on: sahel_nomad_region_on, near line: 8
Failed to read key reference: horn_of_africa_nomad_region_on: horn_of_africa_nomad_region_on, near line: 8
Failed to read key reference: historicity_extra_admin_egypt_gameplay_not_administrative: historicity_extra_admin_egypt_gameplay_not_administrative, near line: 8
Failed to read key reference: historicity_extra_admin_arabia_gameplay_not_administrative: historicity_extra_admin_arabia_gameplay_not_administrative, near line: 8
Failed to read key reference: historicity_extra_admin_ghana_gameplay_not_administrative: historicity_extra_admin_ghana_gameplay_not_administrative, near line: 8
Failed to read key reference: historicity_extra_admin_kabulistan_gameplay_not_administrative: historicity_extra_admin_kabulistan_gameplay_not_administrative, near line: 8
Failed to read key reference: historicity_extra_admin_persia_gameplay_not_administrative: historicity_extra_admin_persia_gameplay_not_administrative, near line: 8
Failed to read key reference: historicity_extra_admin_maghreb_gameplay_not_administrative: historicity_extra_admin_maghreb_gameplay_not_administrative, near line: 8
Failed to read key reference: historicity_extra_admin_tamilakam_gameplay_not_administrative: historicity_extra_admin_tamilakam_gameplay_not_administrative, near line: 8
Failed to read key reference: historicity_extra_admin_carolingians_gameplay_not_administrative: historicity_extra_admin_carolingians_gameplay_not_administrative, near line: 8
Failed to read key reference: historicity_extra_admin_player_wherever_gameplay_not_administrative: historicity_extra_admin_player_wherever_gameplay_not_administrative, near line: 8
Failed to read key reference: historicity_frankokratia_fourth_crusade: historicity_frankokratia_fourth_crusade, near line: 8
Failed to read key reference: silk_road_starting_innovations_preset: silk_road_starting_innovations_preset, near line: 8
Failed to read key reference: ACR_RE_tradition_slots_plus_95: ACR_RE_tradition_slots_plus_95, near line: 8
Failed to read key reference: ACR_RE_tradition_cost_free: ACR_RE_tradition_cost_free, near line: 8
Failed to read key reference: ACR_RE_tradition_cooldown_none: ACR_RE_tradition_cooldown_none, near line: 8
Failed to read key reference: ACR_RE_truce_duration_5: ACR_RE_truce_duration_5, near line: 8
Failed to read key reference: ACR_RE_truce_scope_player_primary: ACR_RE_truce_scope_player_primary, near line: 8
Failed to read key reference: ACR_RE_council_task_speed_1_month: ACR_RE_council_task_speed_1_month, near line: 8
Failed to read key reference: HM_RE_rule_player_free_functions_enabled: HM_RE_rule_player_free_functions_enabled, near line: 8
Failed to read key reference: HM_RE_rule_change_holding_type_cost_very_cheap: HM_RE_rule_change_holding_type_cost_very_cheap, near line: 8
Failed to read key reference: HM_RE_rule_change_holding_type_cooldown_very_short: HM_RE_rule_change_holding_type_cooldown_very_short, near line: 8
Failed to read key reference: HM_RE_rule_can_replace_buildings_vassals: HM_RE_rule_can_replace_buildings_vassals, near line: 8
Failed to read key reference: HM_RE_rule_can_feudalize_holdings_vassals: HM_RE_rule_can_feudalize_holdings_vassals, near line: 8
Failed to read key reference: HM_RE_value_construct_buildings_gold_cost_cap_very_cheap: HM_RE_value_construct_buildings_gold_cost_cap_very_cheap, near line: 8
Failed to read key reference: HM_RE_rule_player_extra_slots_enabled: HM_RE_rule_player_extra_slots_enabled, near line: 8
Failed to read key reference: HM_RE_rule_player_slot_base_cost_very_cheap: HM_RE_rule_player_slot_base_cost_very_cheap, near line: 8
Failed to read key reference: HM_RE_rule_player_slot_step_cost_very_cheap: HM_RE_rule_player_slot_step_cost_very_cheap, near line: 8
Failed to read key reference: HM_RE_rule_construction_time_cost_free: HM_RE_rule_construction_time_cost_free, near line: 8
Failed to read key reference: HM_RE_build_all_button_on: HM_RE_build_all_button_on, near line: 8
Failed to read key reference: HM_RE_upgrade_all_button_on: HM_RE_upgrade_all_button_on, near line: 8
Failed to read key reference: HM_RE_make_nomad_button_on: HM_RE_make_nomad_button_on, near line: 8
Failed to read key reference: HM_RE_make_temple_citadel_button_on: HM_RE_make_temple_citadel_button_on, near line: 8
Failed to read key reference: HM_RE_player_add_slots_decision_on: HM_RE_player_add_slots_decision_on, near line: 8
Failed to read key reference: HM_RE_player_add_slots_decision_base_cost_very_cheap: HM_RE_player_add_slots_decision_base_cost_very_cheap, near line: 8
Failed to read key reference: HM_RE_player_cost_gold: HM_RE_player_cost_gold, near line: 8
Failed to read key reference: HM_RE_rule_ai_extra_slots_disabled: HM_RE_rule_ai_extra_slots_disabled, near line: 8
Failed to read key reference: HM_RE_rule_ai_slot_base_cost_very_expensive: HM_RE_rule_ai_slot_base_cost_very_expensive, near line: 8
Failed to read key reference: HM_RE_rule_ai_slot_step_cost_very_expensive: HM_RE_rule_ai_slot_step_cost_very_expensive, near line: 8" in file: "" near line: 8
[15:12:03][opinion_modifier.cpp:83] [original line 10274] Modifier 'funded_my_expedition' shouldn't have a duration and monthly_change at the same time!
[15:12:03][opinion_modifier.cpp:83] [original line 10275] Modifier 'sent_relative_to_valyria' shouldn't have a duration and monthly_change at the same time!
[15:12:03][artifact_feature.cpp:33] [original line 10276] Missing loc key 'feature_dragon_whip_black'
[15:12:03][artifact_feature.cpp:33] [original line 10277] Missing loc key 'feature_dragon_whip_silver'
[15:12:03][artifact_feature.cpp:33] [original line 10278] Missing loc key 'feature_dragon_whip_bronze'
[15:12:03][title_links.cpp:214] [original line 10280] Failed to fetch a valid landed title 'e_hre' at location 'file: common/scripted_guis/DI_char_editor_present_sgui.txt line: 1589 (DI_ce_female_dominated:effect)'
[15:12:03][title_links.cpp:214] [original line 10281] Failed to fetch a valid landed title 'e_hre' at location 'file: common/character_interactions/DI_character_interaction.txt line: 4622 (DI_change_succession:on_accept)'
[15:12:03][title_links.cpp:214] [original line 10282] Failed to fetch a valid landed title 'e_hre' at location 'file: common/character_interactions/DI_character_interaction.txt line: 4624 (DI_change_succession:on_accept)'
[15:12:03][title_links.cpp:214] [original line 10283] Failed to fetch a valid landed title 'e_hre' at location 'file: common/character_interactions/DI_character_interaction.txt line: 4637 (DI_change_succession:on_accept)'
[15:12:03][title_links.cpp:214] [original line 10284] Failed to fetch a valid landed title 'e_hre' at location 'file: common/character_interactions/DI_character_interaction.txt line: 4639 (DI_change_succession:on_accept)'
[15:12:03][title_links.cpp:214] [original line 10285] Failed to fetch a valid landed title 'b_graced_castle' at location 'file: common/on_action/cowagot_province_on_actions.txt line: 242 (set_provinces_on_actions)'
[15:12:03][title_links.cpp:214] [original line 10286] Failed to fetch a valid landed title 'b_cheesemonger_manse' at location 'file: common/on_action/cowagot_province_on_actions.txt line: 246 (set_provinces_on_actions)'
[15:12:03][jomini_eventtarget.h:291] [original line 10287] Failed to find 'varangian' from database for link 'trait' at file: common/scripted_effects/DI_char_spawner_effects.txt line: 1232 (DI_akolouthos_traits_effect)
[15:12:03][jomini_script_system.cpp:303] [original line 10288] Script system error!
  Error: start_scheme effect [ No targets are set. Did you mean to use 'targets_nothing = yes'? ]
  Script location: file: common/on_action/asoiaf_yearly_on_actions.txt line: 415 (asoiaf_canon_children_dragon_bonding_maintenance)
[15:12:03][jomini_script_system.cpp:303] [original line 10292] Script system error!
  Error: start_scheme effect [ Can't start a scheme with an incompatible target type ]
  Script location: file: common/on_action/asoiaf_yearly_on_actions.txt line: 415 (asoiaf_canon_children_dragon_bonding_maintenance)
[15:12:03][jomini_script_system.cpp:303] [original line 10296] Script system error!
  Error: start_scheme effect [ No targets are set. Did you mean to use 'targets_nothing = yes'? ]
  Script location: file: common/on_action/asoiaf_yearly_on_actions.txt line: 456 (asoiaf_canon_children_dragon_bonding_maintenance)
[15:12:03][jomini_script_system.cpp:303] [original line 10300] Script system error!
  Error: start_scheme effect [ Can't start a scheme with an incompatible target type ]
  Script location: file: common/on_action/asoiaf_yearly_on_actions.txt line: 456 (asoiaf_canon_children_dragon_bonding_maintenance)
[15:12:03][jomini_script_system.cpp:303] [original line 10304] Script system error!
  Error: start_scheme effect [ No targets are set. Did you mean to use 'targets_nothing = yes'? ]
  Script location: file: common/on_action/asoiaf_yearly_on_actions.txt line: 497 (asoiaf_canon_children_dragon_bonding_maintenance)
[15:12:03][jomini_script_system.cpp:303] [original line 10308] Script system error!
  Error: start_scheme effect [ Can't start a scheme with an incompatible target type ]
  Script location: file: common/on_action/asoiaf_yearly_on_actions.txt line: 497 (asoiaf_canon_children_dragon_bonding_maintenance)
[15:12:03][jomini_script_system.cpp:303] [original line 10312] Script system error!
  Error: start_scheme effect [ No targets are set. Did you mean to use 'targets_nothing = yes'? ]
  Script location: file: common/on_action/asoiaf_yearly_on_actions.txt line: 538 (asoiaf_canon_children_dragon_bonding_maintenance)
[15:12:03][jomini_script_system.cpp:303] [original line 10316] Script system error!
  Error: start_scheme effect [ Can't start a scheme with an incompatible target type ]
  Script location: file: common/on_action/asoiaf_yearly_on_actions.txt line: 538 (asoiaf_canon_children_dragon_bonding_maintenance)
[15:12:03][jomini_script_system.cpp:303] [original line 10320] Script system error!
  Error: start_scheme effect [ No targets are set. Did you mean to use 'targets_nothing = yes'? ]
  Script location: file: common/on_action/asoiaf_yearly_on_actions.txt line: 579 (asoiaf_canon_children_dragon_bonding_maintenance)
[15:12:03][jomini_script_system.cpp:303] [original line 10324] Script system error!
  Error: start_scheme effect [ Can't start a scheme with an incompatible target type ]
  Script location: file: common/on_action/asoiaf_yearly_on_actions.txt line: 579 (asoiaf_canon_children_dragon_bonding_maintenance)
[15:12:03][jomini_script_system.cpp:303] [original line 10328] Script system error!
  Error: start_scheme effect [ No targets are set. Did you mean to use 'targets_nothing = yes'? ]
  Script location: file: common/on_action/asoiaf_yearly_on_actions.txt line: 620 (asoiaf_canon_children_dragon_bonding_maintenance)
[15:12:03][jomini_script_system.cpp:303] [original line 10332] Script system error!
  Error: start_scheme effect [ Can't start a scheme with an incompatible target type ]
  Script location: file: common/on_action/asoiaf_yearly_on_actions.txt line: 620 (asoiaf_canon_children_dragon_bonding_maintenance)
[15:12:03][jomini_script_system.cpp:303] [original line 10336] Script system error!
  Error: start_scheme effect [ No targets are set. Did you mean to use 'targets_nothing = yes'? ]
  Script location: file: common/on_action/asoiaf_yearly_on_actions.txt line: 661 (asoiaf_canon_children_dragon_bonding_maintenance)
[15:12:03][jomini_script_system.cpp:303] [original line 10340] Script system error!
  Error: start_scheme effect [ Can't start a scheme with an incompatible target type ]
  Script location: file: common/on_action/asoiaf_yearly_on_actions.txt line: 661 (asoiaf_canon_children_dragon_bonding_maintenance)
[15:12:03][jomini_script_system.cpp:303] [original line 10344] Script system error!
  Error: start_scheme effect [ No targets are set. Did you mean to use 'targets_nothing = yes'? ]
  Script location: file: common/on_action/asoiaf_yearly_on_actions.txt line: 702 (asoiaf_canon_children_dragon_bonding_maintenance)
[15:12:03][jomini_script_system.cpp:303] [original line 10348] Script system error!
  Error: start_scheme effect [ Can't start a scheme with an incompatible target type ]
  Script location: file: common/on_action/asoiaf_yearly_on_actions.txt line: 702 (asoiaf_canon_children_dragon_bonding_maintenance)
[15:12:03][jomini_script_system.cpp:303] [original line 10352] Script system error!
  Error: start_scheme effect [ No targets are set. Did you mean to use 'targets_nothing = yes'? ]
  Script location: file: common/on_action/asoiaf_yearly_on_actions.txt line: 743 (asoiaf_canon_children_dragon_bonding_maintenance)
[15:12:03][jomini_script_system.cpp:303] [original line 10356] Script system error!
  Error: start_scheme effect [ Can't start a scheme with an incompatible target type ]
  Script location: file: common/on_action/asoiaf_yearly_on_actions.txt line: 743 (asoiaf_canon_children_dragon_bonding_maintenance)
[15:12:03][jomini_script_system.cpp:303] [original line 10360] Script system error!
  Error: start_scheme effect [ No targets are set. Did you mean to use 'targets_nothing = yes'? ]
  Script location: file: common/on_action/asoiaf_yearly_on_actions.txt line: 784 (asoiaf_canon_children_dragon_bonding_maintenance)
[15:12:03][jomini_script_system.cpp:303] [original line 10364] Script system error!
  Error: start_scheme effect [ Can't start a scheme with an incompatible target type ]
  Script location: file: common/on_action/asoiaf_yearly_on_actions.txt line: 784 (asoiaf_canon_children_dragon_bonding_maintenance)
[15:12:03][jomini_eventmanager.cpp:119] [original line 10368] 'agot_cities.5000' does not have a valid namespace
[15:12:03][jomini_script_system.cpp:303] [original line 10369] Script system error!
  Error: trigger_event effect [ Event [agot_cities.5000] not found ]
  Script location: file: common/buildings/yy_agotcities_special_buildings_westeros.txt line: 1827 (planky_town_special:on_complete)
[15:12:03][jomini_eventmanager.cpp:119] [original line 10373] 'agot_cities.5000' does not have a valid namespace
[15:12:03][jomini_script_system.cpp:303] [original line 10374] Script system error!
  Error: trigger_event effect [ Event [agot_cities.5000] not found ]
  Script location: file: common/buildings/yy_agotcities_special_buildings_westeros.txt line: 1993 (agot_castamere_03:on_complete)
[15:12:03][jomini_eventmanager.cpp:119] [original line 10378] 'agot_cities.5000' does not have a valid namespace
[15:12:03][jomini_script_system.cpp:303] [original line 10379] Script system error!
  Error: trigger_event effect [ Event [agot_cities.5000] not found ]
  Script location: file: common/buildings/yy_agotcities_special_buildings_westeros.txt line: 2295 (24castamere_03:on_complete)
[15:12:03][jomini_script_system.cpp:303] [original line 10383] Script system error!
  Error: create_artifact effect [ Invalid artifact template 'vs_blackfyre_template' ]
  Script location: file: common/scripted_effects/00_agot_artifact_vs_sword_effects_override.txt line: 13 (agot_create_artifact_vs_blackfyre_effect[args#3618947653])
[15:12:03][jomini_script_system.cpp:303] [original line 10387] Script system error!
  Error: create_artifact effect [ Invalid artifact template 'vs_blackfyre_template' ]
  Script location: file: common/scripted_effects/00_agot_artifact_vs_sword_effects_override.txt line: 31 (agot_create_artifact_vs_blackfyre_effect[args#3618947653])
[15:12:03][jomini_script_system.cpp:303] [original line 10391] Script system error!
  Error: create_artifact effect [ Invalid artifact template 'vs_blackfyre_template' ]
  Script location: file: common/scripted_effects/00_agot_artifact_vs_sword_effects_override.txt line: 13 (agot_create_artifact_vs_blackfyre_effect[args#141906969])
[15:12:03][jomini_script_system.cpp:303] [original line 10395] Script system error!
  Error: create_artifact effect [ Invalid artifact template 'vs_blackfyre_template' ]
  Script location: file: common/scripted_effects/00_agot_artifact_vs_sword_effects_override.txt line: 31 (agot_create_artifact_vs_blackfyre_effect[args#141906969])
[15:12:03][jomini_script_system.cpp:303] [original line 10399] Script system error!
  Error: create_artifact effect [ Invalid artifact template 'vs_dark_sister_template' ]
  Script location: file: common/scripted_effects/asoiaf_scripted_effects_artifacts.txt line: 1233 (agot_create_artifact_vs_dark_sister_effect[args#3618947653])
[15:12:03][jomini_script_system.cpp:303] [original line 10403] Script system error!
  Error: create_artifact effect [ Invalid artifact template 'vs_dark_sister_template' ]
  Script location: file: common/scripted_effects/asoiaf_scripted_effects_artifacts.txt line: 1261 (agot_create_artifact_vs_dark_sister_effect[args#3618947653])
[15:12:03][jomini_script_system.cpp:303] [original line 10407] Script system error!
  Error: create_artifact effect [ Invalid artifact template 'vs_dark_sister_template' ]
  Script location: file: common/scripted_effects/asoiaf_scripted_effects_artifacts.txt line: 1291 (agot_create_artifact_vs_dark_sister_effect[args#3618947653])
[15:12:03][jomini_script_system.cpp:303] [original line 10411] Script system error!
  Error: create_artifact effect [ Invalid artifact template 'vs_dark_sister_template' ]
  Script location: file: common/scripted_effects/asoiaf_scripted_effects_artifacts.txt line: 1233 (agot_create_artifact_vs_dark_sister_effect[args#141906969])
[15:12:03][jomini_script_system.cpp:303] [original line 10415] Script system error!
  Error: create_artifact effect [ Invalid artifact template 'vs_dark_sister_template' ]
  Script location: file: common/scripted_effects/asoiaf_scripted_effects_artifacts.txt line: 1261 (agot_create_artifact_vs_dark_sister_effect[args#141906969])
[15:12:03][jomini_script_system.cpp:303] [original line 10419] Script system error!
  Error: create_artifact effect [ Invalid artifact template 'vs_dark_sister_template' ]
  Script location: file: common/scripted_effects/asoiaf_scripted_effects_artifacts.txt line: 1291 (agot_create_artifact_vs_dark_sister_effect[args#141906969])
[15:12:03][jomini_script_system.cpp:303] [original line 10423] Script system error!
  Error: create_artifact effect [ Invalid artifact template 'vs_heartsbane_template' ]
  Script location: file: common/scripted_effects/asoiaf_scripted_effects_artifacts.txt line: 235 (agot_create_artifact_vs_heartsbane_effect[args#3618947653])
[15:12:03][jomini_script_system.cpp:303] [original line 10427] Script system error!
  Error: create_artifact effect [ Invalid artifact template 'vs_heartsbane_template' ]
  Script location: file: common/scripted_effects/asoiaf_scripted_effects_artifacts.txt line: 253 (agot_create_artifact_vs_heartsbane_effect[args#3618947653])
[15:12:03][jomini_script_system.cpp:303] [original line 10431] Script system error!
  Error: create_artifact effect [ Invalid artifact template 'vs_ice_template' ]
  Script location: file: common/scripted_effects/asoiaf_scripted_effects_artifacts.txt line: 10 (agot_create_artifact_vs_ice_effect[args#3618947653])
[15:12:03][jomini_script_system.cpp:303] [original line 10435] Script system error!
  Error: create_artifact effect [ Invalid artifact template 'vs_ice_template' ]
  Script location: file: common/scripted_effects/asoiaf_scripted_effects_artifacts.txt line: 30 (agot_create_artifact_vs_ice_effect[args#3618947653])
[15:12:03][jomini_script_system.cpp:303] [original line 10439] Script system error!
  Error: create_artifact effect [ Invalid artifact template 'vs_longclaw_template' ]
  Script location: file: common/scripted_effects/asoiaf_scripted_effects_artifacts.txt line: 401 (agot_create_artifact_vs_longclaw_effect[args#3618947653])
[15:12:03][jomini_script_system.cpp:303] [original line 10443] Script system error!
  Error: create_artifact effect [ Invalid artifact template 'vs_longclaw_template' ]
  Script location: file: common/scripted_effects/asoiaf_scripted_effects_artifacts.txt line: 421 (agot_create_artifact_vs_longclaw_effect[args#3618947653])
[15:12:03][jomini_script_system.cpp:303] [original line 10447] Script system error!
  Error: create_artifact effect [ Invalid artifact template 'vs_pincer_template' ]
  Script location: file: common/scripted_effects/00_agot_artifact_vs_sword_effects_override.txt line: 604 (agot_create_artifact_vs_pincer_effect[args#3618947653])
[15:12:03][jomini_script_system.cpp:303] [original line 10451] Script system error!
  Error: create_artifact effect [ Invalid artifact template 'vs_pincer_template' ]
  Script location: file: common/scripted_effects/00_agot_artifact_vs_sword_effects_override.txt line: 630 (agot_create_artifact_vs_pincer_effect[args#3618947653])
[15:12:03][jomini_script_system.cpp:303] [original line 10455] Script system error!
  Error: create_artifact effect [ Invalid artifact template 'vs_seafoam_template' ]
  Script location: file: common/scripted_effects/00_agot_artifact_vs_sword_effects_override.txt line: 455 (agot_create_artifact_vs_seafoam_effect[args#3618947653])
[15:12:03][jomini_script_system.cpp:303] [original line 10459] Script system error!
  Error: create_artifact effect [ Invalid artifact template 'vs_seafoam_template' ]
  Script location: file: common/scripted_effects/00_agot_artifact_vs_sword_effects_override.txt line: 475 (agot_create_artifact_vs_seafoam_effect[args#3618947653])
[15:12:03][jomini_script_system.cpp:303] [original line 10463] Script system error!
  Error: create_artifact effect [ Invalid artifact template 'vs_widows_wail_template' ]
  Script location: file: common/scripted_effects/asoiaf_scripted_effects_artifacts.txt line: 866 (agot_create_artifact_vs_widows_wail_effect[args#2270358642])
[15:12:03][jomini_script_system.cpp:303] [original line 10467] Script system error!
  Error: create_artifact effect [ Invalid artifact template 'vs_widows_wail_template' ]
  Script location: file: common/scripted_effects/asoiaf_scripted_effects_artifacts.txt line: 881 (agot_create_artifact_vs_widows_wail_effect[args#2270358642])
[15:12:03][jomini_script_system.cpp:303] [original line 10471] Script system error!
  Error: create_artifact effect [ Invalid artifact template 'vs_widows_wail_template' ]
  Script location: file: common/scripted_effects/asoiaf_scripted_effects_artifacts.txt line: 866 (agot_create_artifact_vs_widows_wail_effect[args#2373236391])
[15:12:03][jomini_script_system.cpp:303] [original line 10475] Script system error!
  Error: create_artifact effect [ Invalid artifact template 'vs_widows_wail_template' ]
  Script location: file: common/scripted_effects/asoiaf_scripted_effects_artifacts.txt line: 881 (agot_create_artifact_vs_widows_wail_effect[args#2373236391])
[15:12:03][jomini_script_system.cpp:303] [original line 10479] Script system error!
  Error: create_artifact effect [ Invalid artifact template 'vs_oathkeeper_template' ]
  Script location: file: common/scripted_effects/asoiaf_scripted_effects_artifacts.txt line: 667 (agot_create_artifact_vs_oathkeeper_effect[args#2373236391])
[15:12:03][jomini_script_system.cpp:303] [original line 10483] Script system error!
  Error: create_artifact effect [ Invalid artifact template 'vs_oathkeeper_template' ]
  Script location: file: common/scripted_effects/asoiaf_scripted_effects_artifacts.txt line: 682 (agot_create_artifact_vs_oathkeeper_effect[args#2373236391])
[15:12:03][jomini_script_system.cpp:303] [original line 10487] Script system error!
  Error: create_artifact effect [ Invalid static modifier 'artifact_personal_scheme_power_add_5_modifier' ]
  Script location: file: common/scripted_effects/00_lotd_artifact_creation_effects.txt line: 8 (create_artifact_subterfuge_effect[args#141906969])
[15:12:03][jomini_script_system.cpp:303] [original line 10491] Script system error!
  Error: create_artifact effect [ Invalid artifact template 'vs_blackfyre_template' ]
  Script location: file: common/scripted_effects/00_agot_artifact_vs_sword_effects_override.txt line: 13 (agot_create_artifact_vs_blackfyre_effect[args#979117111])
[15:12:03][jomini_script_system.cpp:303] [original line 10495] Script system error!
  Error: create_artifact effect [ Invalid artifact template 'vs_blackfyre_template' ]
  Script location: file: common/scripted_effects/00_agot_artifact_vs_sword_effects_override.txt line: 31 (agot_create_artifact_vs_blackfyre_effect[args#979117111])
[15:12:03][jomini_script_system.cpp:303] [original line 10499] Script system error!
  Error: create_artifact effect [ Invalid artifact template 'vs_dark_sister_template' ]
  Script location: file: common/scripted_effects/asoiaf_scripted_effects_artifacts.txt line: 1233 (agot_create_artifact_vs_dark_sister_effect[args#979117111])
[15:12:03][jomini_script_system.cpp:303] [original line 10503] Script system error!
  Error: create_artifact effect [ Invalid artifact template 'vs_dark_sister_template' ]
  Script location: file: common/scripted_effects/asoiaf_scripted_effects_artifacts.txt line: 1261 (agot_create_artifact_vs_dark_sister_effect[args#979117111])
[15:12:03][jomini_script_system.cpp:303] [original line 10507] Script system error!
  Error: create_artifact effect [ Invalid artifact template 'vs_dark_sister_template' ]
  Script location: file: common/scripted_effects/asoiaf_scripted_effects_artifacts.txt line: 1291 (agot_create_artifact_vs_dark_sister_effect[args#979117111])
[15:12:03][jomini_script_system.cpp:303] [original line 10511] Script system error!
  Error: start_scheme effect [ No targets are set. Did you mean to use 'targets_nothing = yes'? ]
  Script location: file: common/scripted_effects/asoiaf_canon_children_effects.txt line: 4379 (asoiaf_canon_children_Targaryen_30_birth_effect:after_creation)
[15:12:03][jomini_script_system.cpp:303] [original line 10515] Script system error!
  Error: start_scheme effect [ Can't start a scheme with an incompatible target type ]
  Script location: file: common/scripted_effects/asoiaf_canon_children_effects.txt line: 4379 (asoiaf_canon_children_Targaryen_30_birth_effect:after_creation)
[15:12:03][jomini_script_system.cpp:303] [original line 10519] Script system error!
  Error: start_scheme effect [ No targets are set. Did you mean to use 'targets_nothing = yes'? ]
  Script location: file: common/scripted_effects/asoiaf_canon_children_effects.txt line: 4474 (asoiaf_canon_children_Targaryen_31_birth_effect:after_creation)
[15:12:03][jomini_script_system.cpp:303] [original line 10523] Script system error!
  Error: start_scheme effect [ Can't start a scheme with an incompatible target type ]
  Script location: file: common/scripted_effects/asoiaf_canon_children_effects.txt line: 4474 (asoiaf_canon_children_Targaryen_31_birth_effect:after_creation)
[15:12:03][jomini_script_system.cpp:303] [original line 10527] Script system error!
  Error: create_artifact effect [ Invalid artifact template 'vs_heartsbane_template' ]
  Script location: file: common/scripted_effects/asoiaf_scripted_effects_artifacts.txt line: 235 (agot_create_artifact_vs_heartsbane_effect[args#979117111])
[15:12:03][jomini_script_system.cpp:303] [original line 10531] Script system error!
  Error: create_artifact effect [ Invalid artifact template 'vs_heartsbane_template' ]
  Script location: file: common/scripted_effects/asoiaf_scripted_effects_artifacts.txt line: 253 (agot_create_artifact_vs_heartsbane_effect[args#979117111])
[15:12:03][jomini_script_system.cpp:303] [original line 10535] Script system error!
  Error: start_scheme effect [ No targets are set. Did you mean to use 'targets_nothing = yes'? ]
  Script location: file: common/scripted_effects/asoiaf_canon_children_effects.txt line: 4628 (asoiaf_canon_children_Targaryen_33_birth_effect:after_creation)
[15:12:03][jomini_script_system.cpp:303] [original line 10539] Script system error!
  Error: start_scheme effect [ Can't start a scheme with an incompatible target type ]
  Script location: file: common/scripted_effects/asoiaf_canon_children_effects.txt line: 4628 (asoiaf_canon_children_Targaryen_33_birth_effect:after_creation)
[15:12:03][jomini_script_system.cpp:303] [original line 10543] Script system error!
  Error: create_artifact effect [ Invalid artifact template 'vs_ice_template' ]
  Script location: file: common/scripted_effects/asoiaf_scripted_effects_artifacts.txt line: 10 (agot_create_artifact_vs_ice_effect[args#979117111])
[15:12:03][jomini_script_system.cpp:303] [original line 10547] Script system error!
  Error: create_artifact effect [ Invalid artifact template 'vs_ice_template' ]
  Script location: file: common/scripted_effects/asoiaf_scripted_effects_artifacts.txt line: 30 (agot_create_artifact_vs_ice_effect[args#979117111])
[15:12:03][jomini_script_system.cpp:303] [original line 10551] Script system error!
  Error: start_scheme effect [ No targets are set. Did you mean to use 'targets_nothing = yes'? ]
  Script location: file: common/scripted_effects/asoiaf_canon_children_effects.txt line: 4790 (asoiaf_canon_children_Targaryen_35_birth_effect:after_creation)
[15:12:03][jomini_script_system.cpp:303] [original line 10555] Script system error!
  Error: start_scheme effect [ Can't start a scheme with an incompatible target type ]
  Script location: file: common/scripted_effects/asoiaf_canon_children_effects.txt line: 4790 (asoiaf_canon_children_Targaryen_35_birth_effect:after_creation)
[15:12:03][jomini_script_system.cpp:303] [original line 10559] Script system error!
  Error: create_artifact effect [ Invalid artifact template 'vs_longclaw_template' ]
  Script location: file: common/scripted_effects/asoiaf_scripted_effects_artifacts.txt line: 401 (agot_create_artifact_vs_longclaw_effect[args#979117111])
[15:12:03][jomini_script_system.cpp:303] [original line 10563] Script system error!
  Error: start_scheme effect [ No targets are set. Did you mean to use 'targets_nothing = yes'? ]
  Script location: file: common/scripted_effects/asoiaf_canon_children_effects.txt line: 4881 (asoiaf_canon_children_Targaryen_36_birth_effect:after_creation)
[15:12:03][jomini_script_system.cpp:303] [original line 10567] Script system error!
  Error: start_scheme effect [ Can't start a scheme with an incompatible target type ]
  Script location: file: common/scripted_effects/asoiaf_canon_children_effects.txt line: 4881 (asoiaf_canon_children_Targaryen_36_birth_effect:after_creation)
[15:12:03][jomini_script_system.cpp:303] [original line 10571] Script system error!
  Error: create_artifact effect [ Invalid artifact template 'vs_longclaw_template' ]
  Script location: file: common/scripted_effects/asoiaf_scripted_effects_artifacts.txt line: 421 (agot_create_artifact_vs_longclaw_effect[args#979117111])
[15:12:03][jomini_script_system.cpp:303] [original line 10575] Script system error!
  Error: start_scheme effect [ No targets are set. Did you mean to use 'targets_nothing = yes'? ]
  Script location: file: common/scripted_effects/asoiaf_canon_children_effects.txt line: 5181 (asoiaf_canon_children_Targaryen_41_and_42_birth_effect:after_creation)
[15:12:03][jomini_script_system.cpp:303] [original line 10579] Script system error!
  Error: start_scheme effect [ Can't start a scheme with an incompatible target type ]
  Script location: file: common/scripted_effects/asoiaf_canon_children_effects.txt line: 5181 (asoiaf_canon_children_Targaryen_41_and_42_birth_effect:after_creation)
[15:12:03][jomini_script_system.cpp:303] [original line 10583] Script system error!
  Error: create_artifact effect [ Invalid artifact template 'vs_pincer_template' ]
  Script location: file: common/scripted_effects/00_agot_artifact_vs_sword_effects_override.txt line: 604 (agot_create_artifact_vs_pincer_effect[args#979117111])
[15:12:03][jomini_script_system.cpp:303] [original line 10587] Script system error!
  Error: create_artifact effect [ Invalid artifact template 'vs_pincer_template' ]
  Script location: file: common/scripted_effects/00_agot_artifact_vs_sword_effects_override.txt line: 630 (agot_create_artifact_vs_pincer_effect[args#979117111])
[15:12:03][jomini_script_system.cpp:303] [original line 10591] Script system error!
  Error: start_scheme effect [ No targets are set. Did you mean to use 'targets_nothing = yes'? ]
  Script location: file: common/scripted_effects/asoiaf_canon_children_effects.txt line: 5417 (asoiaf_canon_children_Targaryen_45_birth_effect:after_creation)
[15:12:03][jomini_script_system.cpp:303] [original line 10595] Script system error!
  Error: start_scheme effect [ Can't start a scheme with an incompatible target type ]
  Script location: file: common/scripted_effects/asoiaf_canon_children_effects.txt line: 5417 (asoiaf_canon_children_Targaryen_45_birth_effect:after_creation)
[15:12:03][jomini_script_system.cpp:303] [original line 10599] Script system error!
  Error: create_artifact effect [ Invalid artifact template 'vs_seafoam_template' ]
  Script location: file: common/scripted_effects/00_agot_artifact_vs_sword_effects_override.txt line: 455 (agot_create_artifact_vs_seafoam_effect[args#979117111])
[15:12:03][jomini_script_system.cpp:303] [original line 10603] Script system error!
  Error: create_artifact effect [ Invalid artifact template 'vs_seafoam_template' ]
  Script location: file: common/scripted_effects/00_agot_artifact_vs_sword_effects_override.txt line: 475 (agot_create_artifact_vs_seafoam_effect[args#979117111])
[15:12:03][jomini_script_system.cpp:303] [original line 10607] Script system error!
  Error: start_scheme effect [ No targets are set. Did you mean to use 'targets_nothing = yes'? ]
  Script location: file: common/scripted_effects/asoiaf_canon_children_effects.txt line: 5551 (asoiaf_canon_children_Targaryen_47_birth_effect:after_creation)
[15:12:03][jomini_script_system.cpp:303] [original line 10611] Script system error!
  Error: start_scheme effect [ Can't start a scheme with an incompatible target type ]
  Script location: file: common/scripted_effects/asoiaf_canon_children_effects.txt line: 5551 (asoiaf_canon_children_Targaryen_47_birth_effect:after_creation)
[15:12:03][jomini_script_system.cpp:303] [original line 10615] Script system error!
  Error: start_scheme effect [ No targets are set. Did you mean to use 'targets_nothing = yes'? ]
  Script location: file: common/scripted_effects/asoiaf_canon_children_effects.txt line: 6331 (asoiaf_canon_children_Targaryen_59_birth_effect:after_creation)
[15:12:03][jomini_script_system.cpp:303] [original line 10619] Script system error!
  Error: start_scheme effect [ Can't start a scheme with an incompatible target type ]
  Script location: file: common/scripted_effects/asoiaf_canon_children_effects.txt line: 6331 (asoiaf_canon_children_Targaryen_59_birth_effect:after_creation)
[15:12:03][jomini_script_system.cpp:303] [original line 10623] Script system error!
  Error: start_scheme effect [ No targets are set. Did you mean to use 'targets_nothing = yes'? ]
  Script location: file: common/scripted_effects/asoiaf_canon_children_effects.txt line: 6439 (asoiaf_canon_children_Targaryen_60_birth_effect:after_creation)
[15:12:03][jomini_script_system.cpp:303] [original line 10627] Script system error!
  Error: start_scheme effect [ Can't start a scheme with an incompatible target type ]
  Script location: file: common/scripted_effects/asoiaf_canon_children_effects.txt line: 6439 (asoiaf_canon_children_Targaryen_60_birth_effect:after_creation)
[15:12:03][jomini_script_system.cpp:303] [original line 10631] Script system error!
  Error: start_scheme effect [ No targets are set. Did you mean to use 'targets_nothing = yes'? ]
  Script location: file: common/scripted_effects/asoiaf_canon_children_effects.txt line: 6542 (asoiaf_canon_children_Targaryen_61_birth_effect:after_creation)
[15:12:03][jomini_script_system.cpp:303] [original line 10635] Script system error!
  Error: start_scheme effect [ Can't start a scheme with an incompatible target type ]
  Script location: file: common/scripted_effects/asoiaf_canon_children_effects.txt line: 6542 (asoiaf_canon_children_Targaryen_61_birth_effect:after_creation)
[15:12:03][jomini_script_system.cpp:303] [original line 10639] Script system error!
  Error: start_scheme effect [ No targets are set. Did you mean to use 'targets_nothing = yes'? ]
  Script location: file: common/scripted_effects/asoiaf_canon_children_effects.txt line: 6729 (asoiaf_canon_children_Targaryen_63_birth_effect:after_creation)
[15:12:03][jomini_script_system.cpp:303] [original line 10643] Script system error!
  Error: start_scheme effect [ Can't start a scheme with an incompatible target type ]
  Script location: file: common/scripted_effects/asoiaf_canon_children_effects.txt line: 6729 (asoiaf_canon_children_Targaryen_63_birth_effect:after_creation)
[15:12:03][jomini_script_system.cpp:303] [original line 10647] Script system error!
  Error: start_scheme effect [ No targets are set. Did you mean to use 'targets_nothing = yes'? ]
  Script location: file: common/scripted_effects/asoiaf_canon_children_effects.txt line: 6896 (asoiaf_canon_children_Targaryen_65_birth_effect:after_creation)
[15:12:03][jomini_script_system.cpp:303] [original line 10651] Script system error!
  Error: start_scheme effect [ Can't start a scheme with an incompatible target type ]
  Script location: file: common/scripted_effects/asoiaf_canon_children_effects.txt line: 6896 (asoiaf_canon_children_Targaryen_65_birth_effect:after_creation)
[15:12:03][jomini_script_system.cpp:303] [original line 10655] Script system error!
  Error: start_scheme effect [ No targets are set. Did you mean to use 'targets_nothing = yes'? ]
  Script location: file: common/scripted_effects/asoiaf_canon_children_effects.txt line: 7020 (asoiaf_canon_children_Targaryen_66_birth_effect:after_creation)
[15:12:03][jomini_script_system.cpp:303] [original line 10659] Script system error!
  Error: start_scheme effect [ Can't start a scheme with an incompatible target type ]
  Script location: file: common/scripted_effects/asoiaf_canon_children_effects.txt line: 7020 (asoiaf_canon_children_Targaryen_66_birth_effect:after_creation)
[15:12:03][jomini_script_system.cpp:303] [original line 10663] Script system error!
  Error: start_scheme effect [ No targets are set. Did you mean to use 'targets_nothing = yes'? ]
  Script location: file: common/scripted_effects/asoiaf_canon_children_effects.txt line: 7131 (asoiaf_canon_children_Targaryen_67_birth_effect:after_creation)
[15:12:03][jomini_script_system.cpp:303] [original line 10667] Script system error!
  Error: start_scheme effect [ Can't start a scheme with an incompatible target type ]
  Script location: file: common/scripted_effects/asoiaf_canon_children_effects.txt line: 7131 (asoiaf_canon_children_Targaryen_67_birth_effect:after_creation)
[15:12:03][jomini_script_system.cpp:303] [original line 10671] Script system error!
  Error: start_scheme effect [ No targets are set. Did you mean to use 'targets_nothing = yes'? ]
  Script location: file: common/scripted_effects/asoiaf_canon_children_effects.txt line: 7282 (asoiaf_canon_children_Targaryen_68_birth_effect:after_creation)
[15:12:03][jomini_script_system.cpp:303] [original line 10675] Script system error!
  Error: start_scheme effect [ Can't start a scheme with an incompatible target type ]
  Script location: file: common/scripted_effects/asoiaf_canon_children_effects.txt line: 7282 (asoiaf_canon_children_Targaryen_68_birth_effect:after_creation)
[15:12:03][jomini_script_system.cpp:303] [original line 10679] Script system error!
  Error: start_scheme effect [ No targets are set. Did you mean to use 'targets_nothing = yes'? ]
  Script location: file: common/scripted_effects/asoiaf_canon_children_effects.txt line: 7425 (asoiaf_canon_children_Targaryen_69_birth_effect:after_creation)
[15:12:03][jomini_script_system.cpp:303] [original line 10683] Script system error!
  Error: start_scheme effect [ Can't start a scheme with an incompatible target type ]
  Script location: file: common/scripted_effects/asoiaf_canon_children_effects.txt line: 7425 (asoiaf_canon_children_Targaryen_69_birth_effect:after_creation)
[15:12:03][jomini_script_system.cpp:303] [original line 10687] Script system error!
  Error: start_scheme effect [ No targets are set. Did you mean to use 'targets_nothing = yes'? ]
  Script location: file: common/scripted_effects/asoiaf_canon_children_effects.txt line: 7513 (asoiaf_canon_children_Targaryen_70_birth_effect:after_creation)
[15:12:03][jomini_script_system.cpp:303] [original line 10691] Script system error!
  Error: start_scheme effect [ Can't start a scheme with an incompatible target type ]
  Script location: file: common/scripted_effects/asoiaf_canon_children_effects.txt line: 7513 (asoiaf_canon_children_Targaryen_70_birth_effect:after_creation)
[15:12:03][jomini_script_system.cpp:303] [original line 10695] Script system error!
  Error: start_scheme effect [ No targets are set. Did you mean to use 'targets_nothing = yes'? ]
  Script location: file: common/scripted_effects/asoiaf_canon_children_effects.txt line: 7840 (asoiaf_canon_children_Targaryen_75_birth_effect:after_creation)
[15:12:03][jomini_script_system.cpp:303] [original line 10699] Script system error!
  Error: start_scheme effect [ Can't start a scheme with an incompatible target type ]
  Script location: file: common/scripted_effects/asoiaf_canon_children_effects.txt line: 7840 (asoiaf_canon_children_Targaryen_75_birth_effect:after_creation)
[15:12:03][jomini_script_system.cpp:303] [original line 10703] Script system error!
  Error: start_scheme effect [ No targets are set. Did you mean to use 'targets_nothing = yes'? ]
  Script location: file: common/scripted_effects/asoiaf_canon_children_effects.txt line: 7994 (asoiaf_canon_children_Targaryen_76_birth_effect:after_creation)
[15:12:03][jomini_script_system.cpp:303] [original line 10707] Script system error!
  Error: start_scheme effect [ Can't start a scheme with an incompatible target type ]
  Script location: file: common/scripted_effects/asoiaf_canon_children_effects.txt line: 7994 (asoiaf_canon_children_Targaryen_76_birth_effect:after_creation)
[15:12:03][jomini_script_system.cpp:303] [original line 10711] Script system error!
  Error: start_scheme effect [ No targets are set. Did you mean to use 'targets_nothing = yes'? ]
  Script location: file: common/scripted_effects/asoiaf_canon_children_effects.txt line: 8141 (asoiaf_canon_children_Targaryen_77_birth_effect:after_creation)
[15:12:03][jomini_script_system.cpp:303] [original line 10715] Script system error!
  Error: start_scheme effect [ Can't start a scheme with an incompatible target type ]
  Script location: file: common/scripted_effects/asoiaf_canon_children_effects.txt line: 8141 (asoiaf_canon_children_Targaryen_77_birth_effect:after_creation)
[15:12:03][jomini_script_system.cpp:303] [original line 10719] Script system error!
  Error: start_scheme effect [ No targets are set. Did you mean to use 'targets_nothing = yes'? ]
  Script location: file: common/scripted_effects/asoiaf_canon_children_effects.txt line: 8287 (asoiaf_canon_children_Targaryen_78_birth_effect:after_creation)
[15:12:03][jomini_script_system.cpp:303] [original line 10723] Script system error!
  Error: start_scheme effect [ Can't start a scheme with an incompatible target type ]
  Script location: file: common/scripted_effects/asoiaf_canon_children_effects.txt line: 8287 (asoiaf_canon_children_Targaryen_78_birth_effect:after_creation)
[15:12:03][jomini_script_system.cpp:303] [original line 10727] Script system error!
  Error: start_scheme effect [ No targets are set. Did you mean to use 'targets_nothing = yes'? ]
  Script location: file: common/scripted_effects/asoiaf_canon_children_effects.txt line: 11748 (asoiaf_canon_children_Velaryon_34_birth_effect:after_creation)
[15:12:03][jomini_script_system.cpp:303] [original line 10731] Script system error!
  Error: start_scheme effect [ Can't start a scheme with an incompatible target type ]
  Script location: file: common/scripted_effects/asoiaf_canon_children_effects.txt line: 11748 (asoiaf_canon_children_Velaryon_34_birth_effect:after_creation)
[15:12:03][jomini_script_system.cpp:303] [original line 10735] Script system error!
  Error: start_scheme effect [ No targets are set. Did you mean to use 'targets_nothing = yes'? ]
  Script location: file: common/scripted_effects/asoiaf_canon_children_effects.txt line: 11833 (asoiaf_canon_children_Velaryon_35_birth_effect:after_creation)
[15:12:03][jomini_script_system.cpp:303] [original line 10739] Script system error!
  Error: start_scheme effect [ Can't start a scheme with an incompatible target type ]
  Script location: file: common/scripted_effects/asoiaf_canon_children_effects.txt line: 11833 (asoiaf_canon_children_Velaryon_35_birth_effect:after_creation)
[15:12:03][jomini_script_system.cpp:303] [original line 10743] Script system error!
  Error: create_artifact effect [ Invalid artifact template 'vs_oathkeeper_template' ]
  Script location: file: common/scripted_effects/asoiaf_scripted_effects_artifacts.txt line: 717 (asoiaf_create_artifact_oathkeeper_effect_decision[args#1247474068])
[15:12:03][jomini_script_system.cpp:303] [original line 10747] Script system error!
  Error: create_artifact effect [ Invalid artifact template 'vs_oathkeeper_template' ]
  Script location: file: common/scripted_effects/asoiaf_scripted_effects_artifacts.txt line: 737 (asoiaf_create_artifact_oathkeeper_effect_decision[args#1247474068])
[15:12:03][jomini_script_system.cpp:303] [original line 10751] Script system error!
  Error: create_artifact effect [ Invalid artifact template 'vs_widows_wail_template' ]
  Script location: file: common/scripted_effects/asoiaf_scripted_effects_artifacts.txt line: 916 (asoiaf_create_artifact_widows_wail_effect_decision[args#1247474068])
[15:12:03][jomini_script_system.cpp:303] [original line 10755] Script system error!
  Error: create_artifact effect [ Invalid artifact template 'vs_widows_wail_template' ]
  Script location: file: common/scripted_effects/asoiaf_scripted_effects_artifacts.txt line: 936 (asoiaf_create_artifact_widows_wail_effect_decision[args#1247474068])
[15:12:03][jomini_script_system.cpp:303] [original line 10759] Script system error!
  Error: create_artifact effect [ Invalid artifact template 'vs_widows_wail_template' ]
  Script location: file: common/scripted_effects/asoiaf_scripted_effects_artifacts.txt line: 785 (agot_create_artifact_vs_widows_wail_historical_effect[args#2425720076])
[15:12:03][jomini_script_system.cpp:303] [original line 10763] Script system error!
  Error: create_artifact effect [ Invalid artifact template 'vs_widows_wail_template' ]
  Script location: file: common/scripted_effects/asoiaf_scripted_effects_artifacts.txt line: 805 (agot_create_artifact_vs_widows_wail_historical_effect[args#2425720076])
[15:12:03][jomini_script_system.cpp:303] [original line 10767] Script system error!
  Error: create_artifact effect [ Invalid artifact template 'vs_seafoam_template' ]
  Script location: file: common/scripted_effects/00_agot_artifact_vs_sword_effects_override.txt line: 455 (agot_create_artifact_vs_seafoam_effect[args#2425720076])
[15:12:03][jomini_script_system.cpp:303] [original line 10771] Script system error!
  Error: create_artifact effect [ Invalid artifact template 'vs_seafoam_template' ]
  Script location: file: common/scripted_effects/00_agot_artifact_vs_sword_effects_override.txt line: 475 (agot_create_artifact_vs_seafoam_effect[args#2425720076])
[15:12:03][jomini_script_system.cpp:303] [original line 10775] Script system error!
  Error: create_artifact effect [ Invalid artifact template 'vs_pincer_template' ]
  Script location: file: common/scripted_effects/00_agot_artifact_vs_sword_effects_override.txt line: 604 (agot_create_artifact_vs_pincer_effect[args#2425720076])
[15:12:03][jomini_script_system.cpp:303] [original line 10779] Script system error!
  Error: create_artifact effect [ Invalid artifact template 'vs_pincer_template' ]
  Script location: file: common/scripted_effects/00_agot_artifact_vs_sword_effects_override.txt line: 630 (agot_create_artifact_vs_pincer_effect[args#2425720076])
[15:12:03][jomini_script_system.cpp:303] [original line 10783] Script system error!
  Error: create_artifact effect [ Invalid artifact template 'vs_longclaw_template' ]
  Script location: file: common/scripted_effects/asoiaf_scripted_effects_artifacts.txt line: 401 (agot_create_artifact_vs_longclaw_effect[args#2425720076])
[15:12:03][jomini_script_system.cpp:303] [original line 10787] Script system error!
  Error: create_artifact effect [ Invalid artifact template 'vs_longclaw_template' ]
  Script location: file: common/scripted_effects/asoiaf_scripted_effects_artifacts.txt line: 421 (agot_create_artifact_vs_longclaw_effect[args#2425720076])
[15:12:03][jomini_script_system.cpp:303] [original line 10791] Script system error!
  Error: create_artifact effect [ Invalid artifact template 'vs_ice_template' ]
  Script location: file: common/scripted_effects/asoiaf_scripted_effects_artifacts.txt line: 10 (agot_create_artifact_vs_ice_effect[args#2425720076])
[15:12:03][jomini_script_system.cpp:303] [original line 10795] Script system error!
  Error: create_artifact effect [ Invalid artifact template 'vs_ice_template' ]
  Script location: file: common/scripted_effects/asoiaf_scripted_effects_artifacts.txt line: 30 (agot_create_artifact_vs_ice_effect[args#2425720076])
[15:12:03][jomini_script_system.cpp:303] [original line 10799] Script system error!
  Error: create_artifact effect [ Invalid artifact template 'vs_heartsbane_template' ]
  Script location: file: common/scripted_effects/asoiaf_scripted_effects_artifacts.txt line: 235 (agot_create_artifact_vs_heartsbane_effect[args#2425720076])
[15:12:03][jomini_script_system.cpp:303] [original line 10803] Script system error!
  Error: create_artifact effect [ Invalid artifact template 'vs_heartsbane_template' ]
  Script location: file: common/scripted_effects/asoiaf_scripted_effects_artifacts.txt line: 253 (agot_create_artifact_vs_heartsbane_effect[args#2425720076])
[15:12:03][jomini_script_system.cpp:303] [original line 10807] Script system error!
  Error: create_artifact effect [ Invalid artifact template 'vs_dark_sister_template' ]
  Script location: file: common/scripted_effects/asoiaf_scripted_effects_artifacts.txt line: 1233 (agot_create_artifact_vs_dark_sister_effect[args#2425720076])
[15:12:03][jomini_script_system.cpp:303] [original line 10811] Script system error!
  Error: create_artifact effect [ Invalid artifact template 'vs_dark_sister_template' ]
  Script location: file: common/scripted_effects/asoiaf_scripted_effects_artifacts.txt line: 1261 (agot_create_artifact_vs_dark_sister_effect[args#2425720076])
[15:12:03][jomini_script_system.cpp:303] [original line 10815] Script system error!
  Error: create_artifact effect [ Invalid artifact template 'vs_dark_sister_template' ]
  Script location: file: common/scripted_effects/asoiaf_scripted_effects_artifacts.txt line: 1291 (agot_create_artifact_vs_dark_sister_effect[args#2425720076])
[15:12:03][jomini_script_system.cpp:303] [original line 10819] Script system error!
  Error: create_artifact effect [ Invalid artifact template 'vs_blackfyre_template' ]
  Script location: file: common/scripted_effects/00_agot_artifact_vs_sword_effects_override.txt line: 13 (agot_create_artifact_vs_blackfyre_effect[args#2425720076])
[15:12:03][jomini_script_system.cpp:303] [original line 10823] Script system error!
  Error: create_artifact effect [ Invalid artifact template 'vs_blackfyre_template' ]
  Script location: file: common/scripted_effects/00_agot_artifact_vs_sword_effects_override.txt line: 31 (agot_create_artifact_vs_blackfyre_effect[args#2425720076])
[15:12:03][jomini_script_system.cpp:303] [original line 10827] Script system error!
  Error: set_culture_pillar effect [ Invalid database object 'language_agot_lhazaar' ]
  Script location: file: common/scripted_guis/DI_cultural_editor_pillars_sgui.txt line: 620 (DI_language_agot_lhazaar_sgui:effect)
[15:12:03][jomini_effect.cpp:139] [original line 10831] PostValidate of effect 'set_culture_pillar' returned false at file: common/scripted_guis/DI_cultural_editor_pillars_sgui.txt line: 620 (DI_language_agot_lhazaar_sgui:effect)
[15:12:03][jomini_script_system.cpp:303] [original line 10832] Script system error!
  Error: add_innovation effect [ target: Not found in database class CCultureInnovationTypeDatabase ]
  Script location: file: common/character_interactions/DI_character_interaction.txt line: 4616 (DI_change_succession:on_accept)
[15:12:03][jomini_effect.cpp:139] [original line 10836] PostValidate of effect 'add_innovation' returned false at file: common/character_interactions/DI_character_interaction.txt line: 4616 (DI_change_succession:on_accept)
[15:12:03][jomini_script_system.cpp:303] [original line 10837] Script system error!
  Error: add_innovation effect [ target: Not found in database class CCultureInnovationTypeDatabase ]
  Script location: file: common/character_interactions/DI_character_interaction.txt line: 4631 (DI_change_succession:on_accept)
[15:12:03][jomini_effect.cpp:139] [original line 10841] PostValidate of effect 'add_innovation' returned false at file: common/character_interactions/DI_character_interaction.txt line: 4631 (DI_change_succession:on_accept)
[15:12:03][jomini_script_system.cpp:303] [original line 10842] Script system error!
  Error: add_building effect [ Invalid database object 'common_trade_03' ]
  Script location: file: common/on_action/cowagot_province_on_actions.txt line: 174 (set_provinces_on_actions)
[15:12:03][jomini_effect.cpp:139] [original line 10846] PostValidate of effect 'add_building' returned false at file: common/on_action/cowagot_province_on_actions.txt line: 174 (set_provinces_on_actions)
[15:12:03][jomini_script_system.cpp:303] [original line 10847] Script system error!
  Error: remove_building effect [ Invalid database object 'ironwood_01' ]
  Script location: file: common/on_action/cowagot_province_on_actions.txt line: 214 (set_provinces_on_actions)
[15:12:03][jomini_effect.cpp:139] [original line 10851] PostValidate of effect 'remove_building' returned false at file: common/on_action/cowagot_province_on_actions.txt line: 214 (set_provinces_on_actions)
[15:12:03][jomini_script_system.cpp:303] [original line 10852] Script system error!
  Error: add_special_building_slot effect [ Invalid database object 'bearisland_01' ]
  Script location: file: common/on_action/cowagot_province_on_actions.txt line: 273 (set_provinces_on_actions)
[15:12:03][jomini_effect.cpp:139] [original line 10856] PostValidate of effect 'add_special_building_slot' returned false at file: common/on_action/cowagot_province_on_actions.txt line: 273 (set_provinces_on_actions)
[15:12:03][jomini_script_system.cpp:303] [original line 10857] Script system error!
  Error: add_special_building effect [ Invalid database object 'bearisland_01' ]
  Script location: file: common/on_action/cowagot_province_on_actions.txt line: 274 (set_provinces_on_actions)
[15:12:03][jomini_effect.cpp:139] [original line 10861] PostValidate of effect 'add_special_building' returned false at file: common/on_action/cowagot_province_on_actions.txt line: 274 (set_provinces_on_actions)
[15:12:03][jomini_script_system.cpp:303] [original line 10862] Script system error!
  Error: add_special_building_slot effect [ Invalid database object 'harlaw_mines_01' ]
  Script location: file: common/on_action/cowagot_province_on_actions.txt line: 335 (harlaw_building_check_on_actions)
[15:12:03][jomini_effect.cpp:139] [original line 10866] PostValidate of effect 'add_special_building_slot' returned false at file: common/on_action/cowagot_province_on_actions.txt line: 335 (harlaw_building_check_on_actions)
[15:12:03][jomini_script_system.cpp:303] [original line 10867] Script system error!
  Error: learn_language effect [ Invalid database object 'language_latin' ]
  Script location: file: common/scripted_effects/DI_court_position_spawner_overrides.txt line: 16 (DI_court_position_post_spawn_effect[args#2101251318])
[15:12:03][jomini_effect.cpp:139] [original line 10871] PostValidate of effect 'learn_language' returned false at file: common/scripted_effects/DI_court_position_spawner_overrides.txt line: 16 (DI_court_position_post_spawn_effect[args#2101251318])
[15:12:03][jomini_script_system.cpp:303] [original line 10872] Script system error!
  Error: learn_language effect [ Invalid database object 'language_arabic' ]
  Script location: file: common/scripted_effects/DI_court_position_spawner_overrides.txt line: 14 (DI_court_position_post_spawn_effect[args#2101251318])
[15:12:03][jomini_effect.cpp:139] [original line 10876] PostValidate of effect 'learn_language' returned false at file: common/scripted_effects/DI_court_position_spawner_overrides.txt line: 14 (DI_court_position_post_spawn_effect[args#2101251318])
[15:12:03][jomini_script_system.cpp:303] [original line 10877] Script system error!
  Error: learn_language effect [ Invalid database object 'language_greek' ]
  Script location: file: common/scripted_effects/DI_court_position_spawner_overrides.txt line: 15 (DI_court_position_post_spawn_effect[args#2101251318])
[15:12:03][jomini_effect.cpp:139] [original line 10881] PostValidate of effect 'learn_language' returned false at file: common/scripted_effects/DI_court_position_spawner_overrides.txt line: 15 (DI_court_position_post_spawn_effect[args#2101251318])
[15:12:03][jomini_script_system.cpp:303] [original line 10882] Script system error!
  Error: learn_language effect [ Invalid database object 'language_norse' ]
  Script location: file: common/scripted_effects/DI_court_position_spawner_overrides.txt line: 17 (DI_court_position_post_spawn_effect[args#2101251318])
[15:12:03][jomini_effect.cpp:139] [original line 10886] PostValidate of effect 'learn_language' returned false at file: common/scripted_effects/DI_court_position_spawner_overrides.txt line: 17 (DI_court_position_post_spawn_effect[args#2101251318])
[15:12:03][jomini_script_system.cpp:303] [original line 10887] Script system error!
  Error: learn_language effect [ Invalid database object 'language_arabic' ]
  Script location: file: common/scripted_effects/DI_court_position_spawner_overrides.txt line: 26 (DI_court_position_post_spawn_effect[args#2101251318])
[15:12:03][jomini_effect.cpp:139] [original line 10891] PostValidate of effect 'learn_language' returned false at file: common/scripted_effects/DI_court_position_spawner_overrides.txt line: 26 (DI_court_position_post_spawn_effect[args#2101251318])
[15:12:03][jomini_script_system.cpp:303] [original line 10892] Script system error!
  Error: learn_language effect [ Invalid database object 'language_greek' ]
  Script location: file: common/scripted_effects/DI_court_position_spawner_overrides.txt line: 27 (DI_court_position_post_spawn_effect[args#2101251318])
[15:12:03][jomini_effect.cpp:139] [original line 10896] PostValidate of effect 'learn_language' returned false at file: common/scripted_effects/DI_court_position_spawner_overrides.txt line: 27 (DI_court_position_post_spawn_effect[args#2101251318])
[15:12:03][jomini_script_system.cpp:303] [original line 10897] Script system error!
  Error: learn_language effect [ Invalid database object 'language_latin' ]
  Script location: file: common/scripted_effects/DI_court_position_spawner_overrides.txt line: 28 (DI_court_position_post_spawn_effect[args#2101251318])
[15:12:03][jomini_effect.cpp:139] [original line 10901] PostValidate of effect 'learn_language' returned false at file: common/scripted_effects/DI_court_position_spawner_overrides.txt line: 28 (DI_court_position_post_spawn_effect[args#2101251318])
[15:12:03][jomini_script_system.cpp:303] [original line 10902] Script system error!
  Error: learn_language effect [ Invalid database object 'language_norse' ]
  Script location: file: common/scripted_effects/DI_court_position_spawner_overrides.txt line: 29 (DI_court_position_post_spawn_effect[args#2101251318])
[15:12:03][jomini_effect.cpp:139] [original line 10906] PostValidate of effect 'learn_language' returned false at file: common/scripted_effects/DI_court_position_spawner_overrides.txt line: 29 (DI_court_position_post_spawn_effect[args#2101251318])
[15:12:03][jomini_script_system.cpp:303] [original line 10907] Script system error!
  Error: add_trait effect [ target: Not found in database class CTraitDatabase ]
  Script location: file: common/scripted_effects/DI_present_effects.txt line: 20 (DI_personality_trait_randomizer_effect)
[15:12:03][jomini_effect.cpp:139] [original line 10911] PostValidate of effect 'add_trait' returned false at file: common/scripted_effects/DI_present_effects.txt line: 20 (DI_personality_trait_randomizer_effect)
[15:12:03][jomini_script_system.cpp:303] [original line 10912] Script system error!
  Error: add_trait effect [ target: Not found in database class CTraitDatabase ]
  Script location: file: common/scripted_effects/DI_present_effects.txt line: 21 (DI_personality_trait_randomizer_effect)
[15:12:03][jomini_effect.cpp:139] [original line 10916] PostValidate of effect 'add_trait' returned false at file: common/scripted_effects/DI_present_effects.txt line: 21 (DI_personality_trait_randomizer_effect)
[15:12:03][jomini_script_system.cpp:303] [original line 10917] Script system error!
  Error: remove_trait effect [ target: Not found in database class CTraitDatabase ]
  Script location: file: common/scripted_effects/DI_present_effects.txt line: 85 (DI_clear_personality_traits_effect)
[15:12:03][jomini_effect.cpp:139] [original line 10921] PostValidate of effect 'remove_trait' returned false at file: common/scripted_effects/DI_present_effects.txt line: 85 (DI_clear_personality_traits_effect)
[15:12:03][jomini_script_system.cpp:303] [original line 10922] Script system error!
  Error: remove_trait effect [ target: Not found in database class CTraitDatabase ]
  Script location: file: common/scripted_effects/DI_present_effects.txt line: 86 (DI_clear_personality_traits_effect)
[15:12:03][jomini_effect.cpp:139] [original line 10926] PostValidate of effect 'remove_trait' returned false at file: common/scripted_effects/DI_present_effects.txt line: 86 (DI_clear_personality_traits_effect)
[15:12:03][pdx_persistent_reader.cpp:216] [original line 10927] Error: "Unknown modifier type: bond_with_dragon_scheme_success_chance_add, near line: 17
Unknown modifier type: bond_with_dragon_scheme_scheme_success_chance_add, near line: 24" in file: "common/modifier_definition_formats/agot_scheme_definitions.txt" near line: 29
[15:12:03][jomini_script_system.cpp:303] [original line 10929] Script system error!
  Error: has_trait trigger [ Cannot find honorable in trait database ]
  Script location: file: common/scripted_effects/DI_present_effects.txt line: 85 (DI_clear_personality_traits_effect)
[15:12:03][jomini_script_system.cpp:303] [original line 10933] Script system error!
  Error: has_trait trigger [ Cannot find ruthless in trait database ]
  Script location: file: common/scripted_effects/DI_present_effects.txt line: 86 (DI_clear_personality_traits_effect)
[15:12:03][jomini_script_system.cpp:303] [original line 10937] Script system error!
  Error: has_game_rule trigger [ Invalid database object 'show_armor_enabled' ]
  Script location: file: gfx/portraits/portrait_modifiers/01_cloaks_base.txt line: 1333 (cloaks:weight)
[15:12:03][jomini_trigger.cpp:243] [original line 10941] PostValidate of trigger 'has_game_rule' returned false at file: gfx/portraits/portrait_modifiers/01_cloaks_base.txt line: 1333 (cloaks:weight)
[15:12:03][jomini_script_system.cpp:303] [original line 10942] Script system error!
  Error: has_game_rule trigger [ Invalid database object 'show_armor_enabled' ]
  Script location: file: gfx/portraits/portrait_modifiers/01_cloaks_base.txt line: 1338 (cloaks:weight)
[15:12:03][jomini_trigger.cpp:243] [original line 10946] PostValidate of trigger 'has_game_rule' returned false at file: gfx/portraits/portrait_modifiers/01_cloaks_base.txt line: 1338 (cloaks:weight)
[15:12:03][jomini_script_system.cpp:303] [original line 10947] Script system error!
  Error: has_game_rule trigger [ Invalid database object 'show_armor_enabled' ]
  Script location: file: gfx/portraits/portrait_modifiers/01_cloaks_base.txt line: 1642 (cloaks:weight)
[15:12:03][jomini_trigger.cpp:243] [original line 10951] PostValidate of trigger 'has_game_rule' returned false at file: gfx/portraits/portrait_modifiers/01_cloaks_base.txt line: 1642 (cloaks:weight)
[15:12:03][jomini_script_system.cpp:303] [original line 10952] Script system error!
  Error: has_game_rule trigger [ Invalid database object 'show_armor_enabled' ]
  Script location: file: gfx/portraits/portrait_modifiers/01_cloaks_base.txt line: 1684 (cloaks:weight)
[15:12:03][jomini_trigger.cpp:243] [original line 10956] PostValidate of trigger 'has_game_rule' returned false at file: gfx/portraits/portrait_modifiers/01_cloaks_base.txt line: 1684 (cloaks:weight)
[15:12:03][jomini_script_system.cpp:303] [original line 10957] Script system error!
  Error: has_game_rule trigger [ Invalid database object 'show_armor_enabled' ]
  Script location: file: gfx/portraits/portrait_modifiers/01_legwear_base.txt line: 871 (legwear:weight)
[15:12:03][jomini_trigger.cpp:243] [original line 10961] PostValidate of trigger 'has_game_rule' returned false at file: gfx/portraits/portrait_modifiers/01_legwear_base.txt line: 871 (legwear:weight)
[15:12:03][jomini_script_system.cpp:303] [original line 10962] Script system error!
  Error: has_game_rule trigger [ Invalid database object 'show_armor_enabled' ]
  Script location: file: gfx/portraits/portrait_modifiers/01_legwear_base.txt line: 898 (legwear:weight)
[15:12:03][jomini_trigger.cpp:243] [original line 10966] PostValidate of trigger 'has_game_rule' returned false at file: gfx/portraits/portrait_modifiers/01_legwear_base.txt line: 898 (legwear:weight)
[15:12:03][jomini_script_system.cpp:303] [original line 10967] Script system error!
  Error: has_game_rule trigger [ Invalid database object 'show_armor_enabled' ]
  Script location: file: gfx/portraits/portrait_modifiers/01_legwear_base.txt line: 937 (legwear:weight)
[15:12:03][jomini_trigger.cpp:243] [original line 10971] PostValidate of trigger 'has_game_rule' returned false at file: gfx/portraits/portrait_modifiers/01_legwear_base.txt line: 937 (legwear:weight)
[15:12:03][jomini_script_system.cpp:303] [original line 10972] Script system error!
  Error: has_game_rule trigger [ Invalid database object 'show_armor_enabled' ]
  Script location: file: gfx/portraits/portrait_modifiers/05_clothes_situational.txt line: 616 (clothes_situational:weight)
[15:12:03][jomini_trigger.cpp:243] [original line 10976] PostValidate of trigger 'has_game_rule' returned false at file: gfx/portraits/portrait_modifiers/05_clothes_situational.txt line: 616 (clothes_situational:weight)
[15:12:03][jomini_script_system.cpp:303] [original line 10977] Script system error!
  Error: has_game_rule trigger [ Invalid database object 'show_armor_enabled' ]
  Script location: file: gfx/portraits/portrait_modifiers/05_clothes_situational.txt line: 1062 (clothes_situational:weight)
[15:12:03][jomini_trigger.cpp:243] [original line 10981] PostValidate of trigger 'has_game_rule' returned false at file: gfx/portraits/portrait_modifiers/05_clothes_situational.txt line: 1062 (clothes_situational:weight)
[15:12:03][jomini_script_system.cpp:303] [original line 10982] Script system error!
  Error: has_game_rule trigger [ Invalid database object 'show_armor_enabled' ]
  Script location: file: gfx/portraits/portrait_modifiers/05_clothes_situational.txt line: 1109 (clothes_situational:weight)
[15:12:03][jomini_trigger.cpp:243] [original line 10986] PostValidate of trigger 'has_game_rule' returned false at file: gfx/portraits/portrait_modifiers/05_clothes_situational.txt line: 1109 (clothes_situational:weight)
[15:12:03][jomini_script_system.cpp:303] [original line 10987] Script system error!
  Error: has_game_rule trigger [ Invalid database object 'show_armor_enabled' ]
  Script location: file: gfx/portraits/portrait_modifiers/05_clothes_situational.txt line: 1158 (clothes_situational:weight)
[15:12:03][jomini_trigger.cpp:243] [original line 10991] PostValidate of trigger 'has_game_rule' returned false at file: gfx/portraits/portrait_modifiers/05_clothes_situational.txt line: 1158 (clothes_situational:weight)
[15:12:03][jomini_script_system.cpp:303] [original line 10992] Script system error!
  Error: has_game_rule trigger [ Invalid database object 'show_armor_enabled' ]
  Script location: file: gfx/portraits/portrait_modifiers/05_clothes_situational.txt line: 1202 (clothes_situational:weight)
[15:12:03][jomini_trigger.cpp:243] [original line 10996] PostValidate of trigger 'has_game_rule' returned false at file: gfx/portraits/portrait_modifiers/05_clothes_situational.txt line: 1202 (clothes_situational:weight)
[15:12:03][jomini_script_system.cpp:303] [original line 10997] Script system error!
  Error: has_game_rule trigger [ Invalid database object 'show_armor_enabled' ]
  Script location: file: gfx/portraits/portrait_modifiers/05_clothes_situational.txt line: 1248 (clothes_situational:weight)
[15:12:03][jomini_trigger.cpp:243] [original line 11001] PostValidate of trigger 'has_game_rule' returned false at file: gfx/portraits/portrait_modifiers/05_clothes_situational.txt line: 1248 (clothes_situational:weight)
[15:12:03][jomini_script_system.cpp:303] [original line 11002] Script system error!
  Error: has_game_rule trigger [ Invalid database object 'show_armor_enabled' ]
  Script location: file: gfx/portraits/portrait_modifiers/05_clothes_situational.txt line: 1292 (clothes_situational:weight)
[15:12:03][jomini_trigger.cpp:243] [original line 11006] PostValidate of trigger 'has_game_rule' returned false at file: gfx/portraits/portrait_modifiers/05_clothes_situational.txt line: 1292 (clothes_situational:weight)
[15:12:03][jomini_script_system.cpp:303] [original line 11007] Script system error!
  Error: has_game_rule trigger [ Invalid database object 'show_armor_enabled' ]
  Script location: file: gfx/portraits/portrait_modifiers/05_clothes_situational.txt line: 1338 (clothes_situational:weight)
[15:12:03][jomini_trigger.cpp:243] [original line 11011] PostValidate of trigger 'has_game_rule' returned false at file: gfx/portraits/portrait_modifiers/05_clothes_situational.txt line: 1338 (clothes_situational:weight)
[15:12:03][jomini_script_system.cpp:303] [original line 11012] Script system error!
  Error: has_game_rule trigger [ Invalid database object 'show_armor_enabled' ]
  Script location: file: gfx/portraits/portrait_modifiers/05_clothes_situational.txt line: 1382 (clothes_situational:weight)
[15:12:03][jomini_trigger.cpp:243] [original line 11016] PostValidate of trigger 'has_game_rule' returned false at file: gfx/portraits/portrait_modifiers/05_clothes_situational.txt line: 1382 (clothes_situational:weight)
[15:12:03][jomini_script_system.cpp:303] [original line 11017] Script system error!
  Error: has_game_rule trigger [ Invalid database object 'show_armor_enabled' ]
  Script location: file: gfx/portraits/portrait_modifiers/05_clothes_situational.txt line: 1428 (clothes_situational:weight)
[15:12:03][jomini_trigger.cpp:243] [original line 11021] PostValidate of trigger 'has_game_rule' returned false at file: gfx/portraits/portrait_modifiers/05_clothes_situational.txt line: 1428 (clothes_situational:weight)
[15:12:03][jomini_script_system.cpp:303] [original line 11022] Script system error!
  Error: has_game_rule trigger [ Invalid database object 'show_armor_enabled' ]
  Script location: file: gfx/portraits/portrait_modifiers/05_clothes_situational.txt line: 1472 (clothes_situational:weight)
[15:12:03][jomini_trigger.cpp:243] [original line 11026] PostValidate of trigger 'has_game_rule' returned false at file: gfx/portraits/portrait_modifiers/05_clothes_situational.txt line: 1472 (clothes_situational:weight)
[15:12:03][jomini_script_system.cpp:303] [original line 11027] Script system error!
  Error: has_game_rule trigger [ Invalid database object 'show_armor_enabled' ]
  Script location: file: gfx/portraits/portrait_modifiers/05_clothes_situational.txt line: 1518 (clothes_situational:weight)
[15:12:03][jomini_trigger.cpp:243] [original line 11031] PostValidate of trigger 'has_game_rule' returned false at file: gfx/portraits/portrait_modifiers/05_clothes_situational.txt line: 1518 (clothes_situational:weight)
[15:12:03][jomini_script_system.cpp:303] [original line 11032] Script system error!
  Error: has_game_rule trigger [ Invalid database object 'show_armor_enabled' ]
  Script location: file: gfx/portraits/portrait_modifiers/05_clothes_situational.txt line: 1562 (clothes_situational:weight)
[15:12:03][jomini_trigger.cpp:243] [original line 11036] PostValidate of trigger 'has_game_rule' returned false at file: gfx/portraits/portrait_modifiers/05_clothes_situational.txt line: 1562 (clothes_situational:weight)
[15:12:03][jomini_script_system.cpp:303] [original line 11037] Script system error!
  Error: has_game_rule trigger [ Invalid database object 'show_armor_enabled' ]
  Script location: file: gfx/portraits/portrait_modifiers/05_headgear_situational.txt line: 338 (headgear_situational:weight)
[15:12:03][jomini_trigger.cpp:243] [original line 11041] PostValidate of trigger 'has_game_rule' returned false at file: gfx/portraits/portrait_modifiers/05_headgear_situational.txt line: 338 (headgear_situational:weight)
[15:12:03][jomini_script_system.cpp:303] [original line 11042] Script system error!
  Error: has_game_rule trigger [ Invalid database object 'show_armor_enabled' ]
  Script location: file: gfx/portraits/portrait_modifiers/05_headgear_situational.txt line: 395 (headgear_situational:weight)
[15:12:03][jomini_trigger.cpp:243] [original line 11046] PostValidate of trigger 'has_game_rule' returned false at file: gfx/portraits/portrait_modifiers/05_headgear_situational.txt line: 395 (headgear_situational:weight)
[15:12:03][jomini_script_system.cpp:303] [original line 11047] Script system error!
  Error: has_game_rule trigger [ Invalid database object 'show_armor_enabled' ]
  Script location: file: gfx/portraits/portrait_modifiers/05_headgear_situational.txt line: 3127 (headgear_situational:weight)
[15:12:03][jomini_trigger.cpp:243] [original line 11051] PostValidate of trigger 'has_game_rule' returned false at file: gfx/portraits/portrait_modifiers/05_headgear_situational.txt line: 3127 (headgear_situational:weight)
[15:12:03][jomini_script_system.cpp:303] [original line 11052] Script system error!
  Error: has_game_rule trigger [ Invalid database object 'show_armor_enabled' ]
  Script location: file: gfx/portraits/portrait_modifiers/05_headgear_situational.txt line: 3174 (headgear_situational:weight)
[15:12:03][jomini_trigger.cpp:243] [original line 11056] PostValidate of trigger 'has_game_rule' returned false at file: gfx/portraits/portrait_modifiers/05_headgear_situational.txt line: 3174 (headgear_situational:weight)
[15:12:03][jomini_script_system.cpp:303] [original line 11057] Script system error!
  Error: has_game_rule trigger [ Invalid database object 'show_armor_enabled' ]
  Script location: file: gfx/portraits/portrait_modifiers/05_headgear_situational.txt line: 3222 (headgear_situational:weight)
[15:12:03][jomini_trigger.cpp:243] [original line 11061] PostValidate of trigger 'has_game_rule' returned false at file: gfx/portraits/portrait_modifiers/05_headgear_situational.txt line: 3222 (headgear_situational:weight)
[15:12:03][jomini_script_system.cpp:303] [original line 11062] Script system error!
  Error: has_game_rule trigger [ Invalid database object 'show_armor_enabled' ]
  Script location: file: gfx/portraits/portrait_modifiers/05_headgear_situational.txt line: 3266 (headgear_situational:weight)
[15:12:03][jomini_trigger.cpp:243] [original line 11066] PostValidate of trigger 'has_game_rule' returned false at file: gfx/portraits/portrait_modifiers/05_headgear_situational.txt line: 3266 (headgear_situational:weight)
[15:12:03][jomini_script_system.cpp:303] [original line 11067] Script system error!
  Error: has_game_rule trigger [ Invalid database object 'show_armor_enabled' ]
  Script location: file: gfx/portraits/portrait_modifiers/05_headgear_situational.txt line: 3310 (headgear_situational:weight)
[15:12:03][jomini_trigger.cpp:243] [original line 11071] PostValidate of trigger 'has_game_rule' returned false at file: gfx/portraits/portrait_modifiers/05_headgear_situational.txt line: 3310 (headgear_situational:weight)
[15:12:03][jomini_script_system.cpp:303] [original line 11072] Script system error!
  Error: has_game_rule trigger [ Invalid database object 'show_armor_enabled' ]
  Script location: file: gfx/portraits/portrait_modifiers/05_headgear_situational.txt line: 3355 (headgear_situational:weight)
[15:12:03][jomini_trigger.cpp:243] [original line 11076] PostValidate of trigger 'has_game_rule' returned false at file: gfx/portraits/portrait_modifiers/05_headgear_situational.txt line: 3355 (headgear_situational:weight)
[15:12:03][jomini_script_system.cpp:303] [original line 11077] Script system error!
  Error: is_struggle_type trigger [ Invalid database object 'persian_struggle' ]
  Script location: file: common/character_interactions/DI_character_interaction.txt line: 1415 (DI_arrange_marriage_interaction:is_shown)
[15:12:03][jomini_trigger.cpp:243] [original line 11081] PostValidate of trigger 'is_struggle_type' returned false at file: common/character_interactions/DI_character_interaction.txt line: 1415 (DI_arrange_marriage_interaction:is_shown)
[15:12:03][jomini_script_system.cpp:303] [original line 11082] Script system error!
  Error: has_struggle_phase_parameter trigger [ Bool phase parameter 'can_trade_piety_for_marriage_acceptance' does not exist ]
  Script location: file: common/character_interactions/DI_character_interaction.txt line: 1416 (DI_arrange_marriage_interaction:is_shown)
[15:12:03][jomini_trigger.cpp:243] [original line 11086] PostValidate of trigger 'has_struggle_phase_parameter' returned false at file: common/character_interactions/DI_character_interaction.txt line: 1416 (DI_arrange_marriage_interaction:is_shown)
[15:12:03][jomini_script_system.cpp:303] [original line 11087] Script system error!
  Error: is_struggle_type trigger [ Invalid database object 'persian_struggle' ]
  Script location: file: common/character_interactions/DI_character_interaction.txt line: 1424 (DI_arrange_marriage_interaction:is_valid)
[15:12:03][jomini_trigger.cpp:243] [original line 11091] PostValidate of trigger 'is_struggle_type' returned false at file: common/character_interactions/DI_character_interaction.txt line: 1424 (DI_arrange_marriage_interaction:is_valid)
[15:12:03][jomini_script_system.cpp:303] [original line 11092] Script system error!
  Error: is_struggle_type trigger [ Invalid database object 'persian_struggle' ]
  Script location: file: common/character_interactions/DI_character_interaction.txt line: 1430 (DI_arrange_marriage_interaction:is_valid)
[15:12:03][jomini_trigger.cpp:243] [original line 11096] PostValidate of trigger 'is_struggle_type' returned false at file: common/character_interactions/DI_character_interaction.txt line: 1430 (DI_arrange_marriage_interaction:is_valid)
[15:12:03][jomini_script_system.cpp:303] [original line 11097] Script system error!
  Error: has_game_rule trigger [ Invalid database object 'agot_shatter_empires' ]
  Script location: file: common/on_action/ntc_artifacts_startdate.txt line: 128 (ntc_artifact_shattered_kingdoms)
[15:12:03][jomini_trigger.cpp:243] [original line 11101] PostValidate of trigger 'has_game_rule' returned false at file: common/on_action/ntc_artifacts_startdate.txt line: 128 (ntc_artifact_shattered_kingdoms)
[15:12:03][jomini_script_system.cpp:303] [original line 11102] Script system error!
  Error: is_in_family trigger [ Invalid database object 'rf_abrahamic' ]
  Script location: file: common/scripted_effects/DI_char_spawner_effects.txt line: 1464 (DI_char_spawner_resolve_origin_effect)
[15:12:03][jomini_trigger.cpp:243] [original line 11106] PostValidate of trigger 'is_in_family' returned false at file: common/scripted_effects/DI_char_spawner_effects.txt line: 1464 (DI_char_spawner_resolve_origin_effect)
[15:12:03][jomini_script_system.cpp:303] [original line 11107] Script system error!
  Error: is_in_family trigger [ Invalid database object 'rf_abrahamic' ]
  Script location: file: common/scripted_effects/DI_char_spawner_effects.txt line: 1466 (DI_char_spawner_resolve_origin_effect)
[15:12:03][jomini_trigger.cpp:243] [original line 11111] PostValidate of trigger 'is_in_family' returned false at file: common/scripted_effects/DI_char_spawner_effects.txt line: 1466 (DI_char_spawner_resolve_origin_effect)
[15:12:03][jomini_script_system.cpp:303] [original line 11112] Script system error!
  Error: is_in_family trigger [ Invalid database object 'rf_eastern' ]
  Script location: file: common/scripted_effects/DI_char_spawner_effects.txt line: 1470 (DI_char_spawner_resolve_origin_effect)
[15:12:03][jomini_trigger.cpp:243] [original line 11116] PostValidate of trigger 'is_in_family' returned false at file: common/scripted_effects/DI_char_spawner_effects.txt line: 1470 (DI_char_spawner_resolve_origin_effect)
[15:12:03][jomini_script_system.cpp:303] [original line 11117] Script system error!
  Error: is_in_family trigger [ Invalid database object 'rf_eastern' ]
  Script location: file: common/scripted_effects/DI_char_spawner_effects.txt line: 1472 (DI_char_spawner_resolve_origin_effect)
[15:12:03][jomini_trigger.cpp:243] [original line 11121] PostValidate of trigger 'is_in_family' returned false at file: common/scripted_effects/DI_char_spawner_effects.txt line: 1472 (DI_char_spawner_resolve_origin_effect)
[15:12:03][jomini_script_system.cpp:303] [original line 11122] Script system error!
  Error: is_in_family trigger [ Invalid database object 'rf_sinitic' ]
  Script location: file: common/scripted_effects/DI_char_spawner_effects.txt line: 1476 (DI_char_spawner_resolve_origin_effect)
[15:12:03][jomini_trigger.cpp:243] [original line 11126] PostValidate of trigger 'is_in_family' returned false at file: common/scripted_effects/DI_char_spawner_effects.txt line: 1476 (DI_char_spawner_resolve_origin_effect)
[15:12:03][jomini_script_system.cpp:303] [original line 11127] Script system error!
  Error: is_in_family trigger [ Invalid database object 'rf_sinitic' ]
  Script location: file: common/scripted_effects/DI_char_spawner_effects.txt line: 1478 (DI_char_spawner_resolve_origin_effect)
[15:12:03][jomini_trigger.cpp:243] [original line 11131] PostValidate of trigger 'is_in_family' returned false at file: common/scripted_effects/DI_char_spawner_effects.txt line: 1478 (DI_char_spawner_resolve_origin_effect)
[15:12:03][jomini_script_system.cpp:303] [original line 11132] Script system error!
  Error: is_in_family trigger [ Invalid database object 'rf_pagan' ]
  Script location: file: common/scripted_effects/DI_char_spawner_effects.txt line: 1482 (DI_char_spawner_resolve_origin_effect)
[15:12:03][jomini_trigger.cpp:243] [original line 11136] PostValidate of trigger 'is_in_family' returned false at file: common/scripted_effects/DI_char_spawner_effects.txt line: 1482 (DI_char_spawner_resolve_origin_effect)
[15:12:03][jomini_script_system.cpp:303] [original line 11137] Script system error!
  Error: is_in_family trigger [ Invalid database object 'rf_pagan' ]
  Script location: file: common/scripted_effects/DI_char_spawner_effects.txt line: 1484 (DI_char_spawner_resolve_origin_effect)
[15:12:03][jomini_trigger.cpp:243] [original line 11141] PostValidate of trigger 'is_in_family' returned false at file: common/scripted_effects/DI_char_spawner_effects.txt line: 1484 (DI_char_spawner_resolve_origin_effect)
[15:12:03][jomini_script_system.cpp:303] [original line 11142] Script system error!
  Error: has_cultural_parameter trigger [ Bool culture parameter 'can_build_quarries_in_hills' does not exist ]
  Script location: file: common/scripted_triggers/cowagot_building_requirement_triggers.txt line: 12 (building_quarries_requirement_terrain)
[15:12:03][jomini_trigger.cpp:243] [original line 11146] PostValidate of trigger 'has_cultural_parameter' returned false at file: common/scripted_triggers/cowagot_building_requirement_triggers.txt line: 12 (building_quarries_requirement_terrain)
[15:12:03][jomini_script_system.cpp:303] [original line 11147] Script system error!
  Error: has_game_rule trigger [ Invalid database object 'tgc_enabled_enabled' ]
  Script location: file: common/scripted_triggers/tgc_loaded_trigger.txt line: 11 (tgc_standard_equipment_trigger)
[15:12:03][jomini_trigger.cpp:243] [original line 11151] PostValidate of trigger 'has_game_rule' returned false at file: common/scripted_triggers/tgc_loaded_trigger.txt line: 11 (tgc_standard_equipment_trigger)
[15:12:03][jomini_script_system.cpp:303] [original line 11152] Script system error!
  Error: has_game_rule trigger [ Invalid database object 'tgc_enabled_enabled' ]
  Script location: file: common/scripted_triggers/tgc_loaded_trigger.txt line: 59 (tgc_captain_equipment_trigger)
[15:12:03][jomini_trigger.cpp:243] [original line 11156] PostValidate of trigger 'has_game_rule' returned false at file: common/scripted_triggers/tgc_loaded_trigger.txt line: 59 (tgc_captain_equipment_trigger)
[15:12:03][jomini_script_system.cpp:303] [original line 11157] Script system error!
  Error: has_game_rule trigger [ Invalid database object 'tgc_enabled_enabled' ]
  Script location: file: common/scripted_triggers/tgc_loaded_trigger.txt line: 94 (tgc_blackfyre_or_targ_equipment_trigger)
[15:12:03][jomini_trigger.cpp:243] [original line 11161] PostValidate of trigger 'has_game_rule' returned false at file: common/scripted_triggers/tgc_loaded_trigger.txt line: 94 (tgc_blackfyre_or_targ_equipment_trigger)
[15:12:03][jomini_script_system.cpp:303] [original line 11162] Script system error!
  Error: has_game_rule trigger [ Invalid database object 'tgc_blackfyre_enabled' ]
  Script location: file: common/scripted_triggers/tgc_loaded_trigger.txt line: 104 (tgc_blackfyre_equipment_trigger)
[15:12:03][jomini_trigger.cpp:243] [original line 11166] PostValidate of trigger 'has_game_rule' returned false at file: common/scripted_triggers/tgc_loaded_trigger.txt line: 104 (tgc_blackfyre_equipment_trigger)
[15:12:03][jomini_script_system.cpp:303] [original line 11167] Script system error!
  Error: has_game_rule trigger [ Invalid database object 'tgc_faegon_enabled' ]
  Script location: file: common/scripted_triggers/tgc_loaded_trigger.txt line: 120 (tgc_blackfyre_equipment_trigger)
[15:12:03][jomini_trigger.cpp:243] [original line 11171] PostValidate of trigger 'has_game_rule' returned false at file: common/scripted_triggers/tgc_loaded_trigger.txt line: 120 (tgc_blackfyre_equipment_trigger)
[15:12:03][jomini_script_system.cpp:303] [original line 11172] Script system error!
  Error: has_game_rule trigger [ Invalid database object 'tgc_faegon_enabled' ]
  Script location: file: common/scripted_triggers/tgc_loaded_trigger.txt line: 140 (tgc_targaryen_equipment_trigger)
[15:12:03][jomini_trigger.cpp:243] [original line 11176] PostValidate of trigger 'has_game_rule' returned false at file: common/scripted_triggers/tgc_loaded_trigger.txt line: 140 (tgc_targaryen_equipment_trigger)
[15:12:03][jomini_script_system.cpp:303] [original line 11177] Script system error!
  Error: has_game_rule trigger [ Invalid database object 'tgc_enabled_enabled' ]
  Script location: file: common/scripted_triggers/tgc_loaded_trigger.txt line: 163 (tgc_blackfyre_house_equipment_trigger)
[15:12:03][jomini_trigger.cpp:243] [original line 11181] PostValidate of trigger 'has_game_rule' returned false at file: common/scripted_triggers/tgc_loaded_trigger.txt line: 163 (tgc_blackfyre_house_equipment_trigger)
[15:12:03][jomini_script_system.cpp:303] [original line 11182] Script system error!
  Error: has_game_rule trigger [ Invalid database object 'tgc_blackfyre_enabled' ]
  Script location: file: common/scripted_triggers/tgc_loaded_trigger.txt line: 164 (tgc_blackfyre_house_equipment_trigger)
[15:12:03][jomini_trigger.cpp:243] [original line 11186] PostValidate of trigger 'has_game_rule' returned false at file: common/scripted_triggers/tgc_loaded_trigger.txt line: 164 (tgc_blackfyre_house_equipment_trigger)
[15:12:03][jomini_effect.cpp:1161] [original line 11187] Flag 'pirate_den_holding' is used but is never set. Setting it in an unused scripted trigger or effect does not count
[15:12:03][jomini_effect.cpp:1161] [original line 11188] Flag 'viserys' is used but is never set. Setting it in an unused scripted trigger or effect does not count
[15:12:03][jomini_effect.cpp:1161] [original line 11189] Flag 'settlement_holding' is used but is never set. Setting it in an unused scripted trigger or effect does not count
[15:12:03][jomini_effect.cpp:1161] [original line 11190] Flag 'dany' is used but is never set. Setting it in an unused scripted trigger or effect does not count
[15:12:03][jomini_effect.cpp:1161] [original line 11191] Flag 'unknown_holding' is used but is never set. Setting it in an unused scripted trigger or effect does not count
[15:12:03][jomini_effect.cpp:1161] [original line 11192] Flag 'faegon' is used but is never set. Setting it in an unused scripted trigger or effect does not count
[15:12:03][jomini_effect.cpp:1161] [original line 11193] Flag 'highlight_special_buildings_map' is used but is never set. Setting it in an unused scripted trigger or effect does not count
[15:12:03][jomini_effect.cpp:1161] [original line 11194] Flag 'wilderness_holding' is used but is never set. Setting it in an unused scripted trigger or effect does not count
[15:12:03][jomini_effect.cpp:1161] [original line 11195] Flag 'iceFire' is used but is never set. Setting it in an unused scripted trigger or effect does not count
[15:12:03][jomini_effect.cpp:1161] [original line 11196] Flag 'roland_crown' is used but is never set. Setting it in an unused scripted trigger or effect does not count
[15:12:03][jomini_effect.cpp:1161] [original line 11197] Flag 'blackDarkRed' is used but is never set. Setting it in an unused scripted trigger or effect does not count
[15:12:03][jomini_effect.cpp:1161] [original line 11198] Flag 'monastery_holding' is used but is never set. Setting it in an unused scripted trigger or effect does not count
[15:12:03][jomini_effect.cpp:1161] [original line 11199] Flag 'ruin_holding' is used but is never set. Setting it in an unused scripted trigger or effect does not count
[15:12:03][jomini_effect.cpp:1145] [original line 11200] Flag 'global' is set but is never used. Note that use in localization doesn't count due to technical limitations. Use in unused scripted triggers and effects also does not count
[15:12:03][jomini_effect.cpp:1145] [original line 11201] Flag 'DI_subtype_throne' is set but is never used. Note that use in localization doesn't count due to technical limitations. Use in unused scripted triggers and effects also does not count
[15:12:03][jomini_effect.cpp:1145] [original line 11202] Flag 'all_found' is set but is never used. Note that use in localization doesn't count due to technical limitations. Use in unused scripted triggers and effects also does not count
[15:12:03][jomini_effect.cpp:1145] [original line 11203] Flag 'highlight_cow_provinces_map' is set but is never used. Note that use in localization doesn't count due to technical limitations. Use in unused scripted triggers and effects also does not count
[15:12:03][jomini_effect.cpp:1161] [original line 11204] Variable 'tgc_enabled' is used but is never set. Setting it in an unused scripted trigger or effect does not count
[15:12:03][jomini_effect.cpp:1161] [original line 11205] Variable 'seafoam' is used but is never set. Setting it in an unused scripted trigger or effect does not count
[15:12:03][jomini_effect.cpp:1161] [original line 11206] Variable 'faegon_main_character' is used but is never set. Setting it in an unused scripted trigger or effect does not count
[15:12:03][jomini_effect.cpp:1161] [original line 11207] Variable 'asoiaf_Stark_102_cc' is used but is never set. Setting it in an unused scripted trigger or effect does not count
[15:12:03][jomini_effect.cpp:1161] [original line 11208] Variable 'asoiaf_Stark_4_cc' is used but is never set. Setting it in an unused scripted trigger or effect does not count
[15:12:03][jomini_effect.cpp:1161] [original line 11209] Variable 'darksister' is used but is never set. Setting it in an unused scripted trigger or effect does not count
[15:12:03][jomini_effect.cpp:1161] [original line 11210] Variable 'asoiaf_Stark_94_cc' is used but is never set. Setting it in an unused scripted trigger or effect does not count
[15:12:03][jomini_effect.cpp:1161] [original line 11211] Variable 'blackfyre' is used but is never set. Setting it in an unused scripted trigger or effect does not count
[15:12:03][jomini_effect.cpp:1161] [original line 11212] Variable 'asoiaf_Stark_84_cc' is used but is never set. Setting it in an unused scripted trigger or effect does not count
[15:12:03][jomini_effect.cpp:1161] [original line 11213] Variable 'is_baratheon_6' is used but is never set. Setting it in an unused scripted trigger or effect does not count
[15:12:03][jomini_effect.cpp:1161] [original line 11214] Variable 'app_enabled' is used but is never set. Setting it in an unused scripted trigger or effect does not count
[15:12:03][jomini_effect.cpp:1161] [original line 11215] Variable 'asoiaf_Stark_6_cc' is used but is never set. Setting it in an unused scripted trigger or effect does not count
[15:12:03][jomini_effect.cpp:1161] [original line 11216] Variable 'maekars_crown' is used but is never set. Setting it in an unused scripted trigger or effect does not count
[15:12:03][jomini_effect.cpp:1161] [original line 11217] Variable 'is_Durrandon_51' is used but is never set. Setting it in an unused scripted trigger or effect does not count
[15:12:03][jomini_effect.cpp:1161] [original line 11218] Variable 'kingsguard_armour' is used but is never set. Setting it in an unused scripted trigger or effect does not count
[15:12:03][jomini_effect.cpp:1161] [original line 11219] Variable 'asoiaf_Stark_103_cc' is used but is never set. Setting it in an unused scripted trigger or effect does not count
[15:12:03][jomini_effect.cpp:1161] [original line 11220] Variable 'asoiaf_Stark_101_cc' is used but is never set. Setting it in an unused scripted trigger or effect does not count
[15:12:03][jomini_effect.cpp:1161] [original line 11221] Variable 'asoiaf_Stark_2_cc' is used but is never set. Setting it in an unused scripted trigger or effect does not count
[15:12:03][jomini_effect.cpp:1161] [original line 11222] Variable 'asoiaf_Stark_95_cc' is used but is never set. Setting it in an unused scripted trigger or effect does not count
[15:12:03][jomini_effect.cpp:1161] [original line 11223] Variable 'asoiaf_canon_children_Targaryen_98_born_variable' is used but is never set. Setting it in an unused scripted trigger or effect does not count
[15:12:03][jomini_effect.cpp:1161] [original line 11224] Variable 'asoiaf_Stark_97_cc' is used but is never set. Setting it in an unused scripted trigger or effect does not count
[15:12:03][jomini_effect.cpp:1161] [original line 11225] Variable 'asoiaf_Stark_86_cc' is used but is never set. Setting it in an unused scripted trigger or effect does not count
[15:12:03][jomini_effect.cpp:1161] [original line 11226] Variable 'asoiaf_Stark_8_cc' is used but is never set. Setting it in an unused scripted trigger or effect does not count
[15:12:03][jomini_effect.cpp:1161] [original line 11227] Variable 'asoiaf_Stark_9_cc' is used but is never set. Setting it in an unused scripted trigger or effect does not count
[15:12:03][jomini_effect.cpp:1161] [original line 11228] Variable 'asoiaf_Stark_7_cc' is used but is never set. Setting it in an unused scripted trigger or effect does not count
[15:12:03][jomini_effect.cpp:1161] [original line 11229] Variable 'asoiaf_Stark_10_cc' is used but is never set. Setting it in an unused scripted trigger or effect does not count
[15:12:03][jomini_effect.cpp:1161] [original line 11230] Variable 'asoiaf_canon_children_Targaryen_100_born_variable' is used but is never set. Setting it in an unused scripted trigger or effect does not count
[15:12:03][jomini_effect.cpp:1161] [original line 11231] Variable 'asoiaf_canon_children_Targaryen_99_born_variable' is used but is never set. Setting it in an unused scripted trigger or effect does not count
[15:12:03][jomini_effect.cpp:1161] [original line 11232] Variable 'asoiaf_Stark_1_cc' is used but is never set. Setting it in an unused scripted trigger or effect does not count
[15:12:03][jomini_effect.cpp:1161] [original line 11233] Variable 'asoiaf_Stark_5_cc' is used but is never set. Setting it in an unused scripted trigger or effect does not count
[15:12:03][jomini_effect.cpp:1161] [original line 11234] Variable 'asoiaf_canon_children_Targaryen_101_born_variable' is used but is never set. Setting it in an unused scripted trigger or effect does not count
[15:12:03][jomini_effect.cpp:1161] [original line 11235] Variable 'asoiaf_Stark_3_cc' is used but is never set. Setting it in an unused scripted trigger or effect does not count
[15:12:03][jomini_effect.cpp:1161] [original line 11236] Variable 'asoiaf_Stark_88_cc' is used but is never set. Setting it in an unused scripted trigger or effect does not count
[15:12:03][jomini_effect.cpp:1161] [original line 11237] Variable 'asoiaf_Stark_96_cc' is used but is never set. Setting it in an unused scripted trigger or effect does not count
[15:12:03][jomini_effect.cpp:1161] [original line 11238] Variable 'asoiaf_Stark_99_cc' is used but is never set. Setting it in an unused scripted trigger or effect does not count
[15:12:03][jomini_effect.cpp:1161] [original line 11239] Variable 'asoiaf_Stark_100_cc' is used but is never set. Setting it in an unused scripted trigger or effect does not count
[15:12:03][jomini_effect.cpp:1161] [original line 11240] Variable 'asoiaf_Stark_98_cc' is used but is never set. Setting it in an unused scripted trigger or effect does not count
[15:12:03][jomini_effect.cpp:1161] [original line 11241] Variable 'kingsguard_choice' is used but is never set. Setting it in an unused scripted trigger or effect does not count
[15:12:03][jomini_effect.cpp:1161] [original line 11242] Variable 'crown_aegon_baelor_artifact' is used but is never set. Setting it in an unused scripted trigger or effect does not count
[15:12:03][jomini_effect.cpp:1161] [original line 11243] Variable 'Aotk_enabled' is used but is never set. Setting it in an unused scripted trigger or effect does not count
[15:12:03][jomini_effect.cpp:1161] [original line 11244] Variable 'brightboar_enabled' is used but is never set. Setting it in an unused scripted trigger or effect does not count
[15:12:03][jomini_effect.cpp:1161] [original line 11245] Variable 'asoiaf_Stark_87_cc' is used but is never set. Setting it in an unused scripted trigger or effect does not count
[15:12:03][jomini_effect.cpp:1161] [original line 11246] Variable 'swordman_armor_artifact' is used but is never set. Setting it in an unused scripted trigger or effect does not count
[15:12:03][jomini_effect.cpp:1161] [original line 11247] Variable 'captains_sword' is used but is never set. Setting it in an unused scripted trigger or effect does not count
[15:12:03][jomini_effect.cpp:1161] [original line 11248] Variable 'highlight_cow_provinces_map' is used but is never set. Setting it in an unused scripted trigger or effect does not count
[15:12:03][jomini_effect.cpp:1161] [original line 11249] Variable 'asoiaf_Stark_11_cc' is used but is never set. Setting it in an unused scripted trigger or effect does not count
[15:12:03][jomini_effect.cpp:1161] [original line 11250] Variable 'is_jon_snow' is used but is never set. Setting it in an unused scripted trigger or effect does not count
[15:12:03][jomini_effect.cpp:1145] [original line 11251] Variable 'asoiaf_canon_children_Arryn_80_born_variable' is set but is never used. Note that use in localization doesn't count due to technical limitations. Use in unused scripted triggers and effects also does not count
[15:12:03][jomini_effect.cpp:1145] [original line 11252] Variable 'asoiaf_canon_children_Strong_28_born_variable' is set but is never used. Note that use in localization doesn't count due to technical limitations. Use in unused scripted triggers and effects also does not count
[15:12:03][jomini_effect.cpp:1145] [original line 11253] Variable 'asoiaf_canon_children_Dayne_1_born_variable' is set but is never used. Note that use in localization doesn't count due to technical limitations. Use in unused scripted triggers and effects also does not count
[15:12:03][jomini_effect.cpp:1145] [original line 11254] Variable 'dark_sister_artifact' is set but is never used. Note that use in localization doesn't count due to technical limitations. Use in unused scripted triggers and effects also does not count
[15:12:03][jomini_effect.cpp:1145] [original line 11255] Variable 'blackfyre_artifact' is set but is never used. Note that use in localization doesn't count due to technical limitations. Use in unused scripted triggers and effects also does not count
[15:12:03][jomini_effect.cpp:1145] [original line 11256] Variable 'asoiaf_canon_children_Baratheon_baby_born_variable' is set but is never used. Note that use in localization doesn't count due to technical limitations. Use in unused scripted triggers and effects also does not count
[15:12:03][jomini_effect.cpp:1145] [original line 11257] Variable 'color_grading' is set but is never used. Note that use in localization doesn't count due to technical limitations. Use in unused scripted triggers and effects also does not count
[15:12:03][jomini_effect.cpp:1145] [original line 11258] Variable 'asoiaf_canon_children_Tully_9_born_variable' is set but is never used. Note that use in localization doesn't count due to technical limitations. Use in unused scripted triggers and effects also does not count
[15:12:03][jomini_effect.cpp:1145] [original line 11259] Variable 'asoiaf_canon_children_Velaryon_31_born_variable' is set but is never used. Note that use in localization doesn't count due to technical limitations. Use in unused scripted triggers and effects also does not count
[15:12:03][jomini_effect.cpp:1145] [original line 11260] Variable 'pincer_artifact' is set but is never used. Note that use in localization doesn't count due to technical limitations. Use in unused scripted triggers and effects also does not count
[15:12:03][jomini_effect.cpp:1145] [original line 11261] Variable 'COWAGOT_is_loaded' is set but is never used. Note that use in localization doesn't count due to technical limitations. Use in unused scripted triggers and effects also does not count
[15:12:03][jomini_effect.cpp:1145] [original line 11262] Variable 'asoiaf_canon_children_Strong_29_born_variable' is set but is never used. Note that use in localization doesn't count due to technical limitations. Use in unused scripted triggers and effects also does not count
[15:12:03][jomini_effect.cpp:1145] [original line 11263] Variable 'DI_artifact_subtype_display' is set but is never used. Note that use in localization doesn't count due to technical limitations. Use in unused scripted triggers and effects also does not count
[15:12:03][jomini_effect.cpp:1145] [original line 11264] Variable 'asoiaf_canon_children_Reed_1_born_variable' is set but is never used. Note that use in localization doesn't count due to technical limitations. Use in unused scripted triggers and effects also does not count
[15:12:03][jomini_effect.cpp:1145] [original line 11265] Variable 'asoiaf_canon_children_Lannister_129_born_variable' is set but is never used. Note that use in localization doesn't count due to technical limitations. Use in unused scripted triggers and effects also does not count
[15:12:03][jomini_effect.cpp:1145] [original line 11266] Variable 'asoiaf_canon_children_Targaryen_28_born_variable' is set but is never used. Note that use in localization doesn't count due to technical limitations. Use in unused scripted triggers and effects also does not count
[15:12:03][jomini_effect.cpp:1145] [original line 11267] Variable 'asoiaf_canon_children_Targaryen_27_born_variable' is set but is never used. Note that use in localization doesn't count due to technical limitations. Use in unused scripted triggers and effects also does not count
[15:12:03][jomini_effect.cpp:1145] [original line 11268] Variable 'asoiaf_canon_children_Tully_1_born_variable' is set but is never used. Note that use in localization doesn't count due to technical limitations. Use in unused scripted triggers and effects also does not count
[15:12:03][jomini_effect.cpp:1145] [original line 11269] Variable 'asoiaf_canon_children_Arryn_3_born_variable' is set but is never used. Note that use in localization doesn't count due to technical limitations. Use in unused scripted triggers and effects also does not count
[15:12:03][jomini_effect.cpp:1145] [original line 11270] Variable 'asoiaf_is_krakenfall' is set but is never used. Note that use in localization doesn't count due to technical limitations. Use in unused scripted triggers and effects also does not count
[15:12:03][jomini_effect.cpp:1145] [original line 11271] Variable 'agot_faegon_jon_snow_char' is set but is never used. Note that use in localization doesn't count due to technical limitations. Use in unused scripted triggers and effects also does not count
[15:12:03][jomini_effect.cpp:1145] [original line 11272] Variable 'asoiaf_canon_children_Stark_1_born_variable' is set but is never used. Note that use in localization doesn't count due to technical limitations. Use in unused scripted triggers and effects also does not count
[15:12:03][jomini_effect.cpp:1145] [original line 11273] Variable 'agot_faegon_jae_birth_year' is set but is never used. Note that use in localization doesn't count due to technical limitations. Use in unused scripted triggers and effects also does not count
[15:12:03][jomini_effect.cpp:1145] [original line 11274] Variable 'asoiaf_canon_children_Tyrell_4_born_variable' is set but is never used. Note that use in localization doesn't count due to technical limitations. Use in unused scripted triggers and effects also does not count
[15:12:03][jomini_effect.cpp:1145] [original line 11275] Variable 'asoiaf_canon_children_Arryn_84_born_variable' is set but is never used. Note that use in localization doesn't count due to technical limitations. Use in unused scripted triggers and effects also does not count
[15:12:03][jomini_effect.cpp:1145] [original line 11276] Variable 'asoiaf_canon_children_Greyjoy_5_born_variable' is set but is never used. Note that use in localization doesn't count due to technical limitations. Use in unused scripted triggers and effects also does not count
[15:12:03][jomini_effect.cpp:1145] [original line 11277] Variable 'asoiaf_canon_children_Tarly_1_born_variable' is set but is never used. Note that use in localization doesn't count due to technical limitations. Use in unused scripted triggers and effects also does not count
[15:12:03][jomini_effect.cpp:1145] [original line 11278] Variable 'asoiaf_canon_children_Stark_84_born_variable' is set but is never used. Note that use in localization doesn't count due to technical limitations. Use in unused scripted triggers and effects also does not count
[15:12:03][jomini_effect.cpp:1145] [original line 11279] Variable 'asoiaf_canon_children_Targaryen_95_born_variable' is set but is never used. Note that use in localization doesn't count due to technical limitations. Use in unused scripted triggers and effects also does not count
[15:12:03][jomini_effect.cpp:1145] [original line 11280] Variable 'asoiaf_canon_children_Targaryen_96_born_variable' is set but is never used. Note that use in localization doesn't count due to technical limitations. Use in unused scripted triggers and effects also does not count
[15:12:03][jomini_effect.cpp:1145] [original line 11281] Variable 'asoiaf_canon_children_Baelish_2_born_variable' is set but is never used. Note that use in localization doesn't count due to technical limitations. Use in unused scripted triggers and effects also does not count
[15:12:03][jomini_effect.cpp:1145] [original line 11282] Variable 'DI_artifact_quality_display' is set but is never used. Note that use in localization doesn't count due to technical limitations. Use in unused scripted triggers and effects also does not count
[15:12:03][jomini_effect.cpp:1145] [original line 11283] Variable 'asoiaf_canon_children_Karstark_4_born_variable' is set but is never used. Note that use in localization doesn't count due to technical limitations. Use in unused scripted triggers and effects also does not count
[15:12:03][jomini_effect.cpp:1145] [original line 11284] Variable 'DI_artifact_category_display' is set but is never used. Note that use in localization doesn't count due to technical limitations. Use in unused scripted triggers and effects also does not count
[15:12:03][jomini_effect.cpp:1145] [original line 11285] Variable 'color' is set but is never used. Note that use in localization doesn't count due to technical limitations. Use in unused scripted triggers and effects also does not count
[15:12:03][jomini_effect.cpp:1145] [original line 11286] Variable 'asoiaf_canon_children_Martell_4_born_variable' is set but is never used. Note that use in localization doesn't count due to technical limitations. Use in unused scripted triggers and effects also does not count
[15:12:03][jomini_effect.cpp:1145] [original line 11287] Variable 'asoiaf_canon_children_Cole_11_born_variable' is set but is never used. Note that use in localization doesn't count due to technical limitations. Use in unused scripted triggers and effects also does not count
[15:12:03][jomini_effect.cpp:1145] [original line 11288] Variable 'asoiaf_is_needle' is set but is never used. Note that use in localization doesn't count due to technical limitations. Use in unused scripted triggers and effects also does not count
[15:12:03][jomini_effect.cpp:1145] [original line 11289] Variable 'asoiaf_canon_children_Baratheon_75_born_variable' is set but is never used. Note that use in localization doesn't count due to technical limitations. Use in unused scripted triggers and effects also does not count
[15:12:03][jomini_effect.cpp:1145] [original line 11290] Variable 'asoiaf_is_red_vipers_spear' is set but is never used. Note that use in localization doesn't count due to technical limitations. Use in unused scripted triggers and effects also does not count
[15:12:03][jomini_effect.cpp:1145] [original line 11291] Variable 'asoiaf_canon_children_Hightower_90_born_variable' is set but is never used. Note that use in localization doesn't count due to technical limitations. Use in unused scripted triggers and effects also does not count
[15:12:03][jomini_effect.cpp:1145] [original line 11292] Variable 'asoiaf_canon_children_Targaryen_29_born_variable' is set but is never used. Note that use in localization doesn't count due to technical limitations. Use in unused scripted triggers and effects also does not count
[15:12:03][jomini_effect.cpp:1145] [original line 11293] Variable 'seafoam_artifact' is set but is never used. Note that use in localization doesn't count due to technical limitations. Use in unused scripted triggers and effects also does not count
[15:12:03][jomini_effect.cpp:1161] [original line 11294] Event target 'asoiaf_targaryen_invasion_claimant' is used but is never set. Setting it in an unused scripted trigger or effect does not count
[15:12:03][static_modifier.cpp:200] [original line 11295] Modifier 'lucerys_gun_modifier' was not used by the script or code but exists in the database, this is a waste
[15:12:03][static_modifier.cpp:200] [original line 11296] Modifier 'artifact_monthly_piety_negative_1_modifier' was not used by the script or code but exists in the database, this is a waste
[15:12:03][static_modifier.cpp:200] [original line 11297] Modifier 'artifact_monthly_martial_lifestyle_xp_1_negative_modifier' was not used by the script or code but exists in the database, this is a waste
[15:12:03][static_modifier.cpp:200] [original line 11298] Modifier 'asoiaf_oathkeeper_modifier' was not used by the script or code but exists in the database, this is a waste
[15:12:03][static_modifier.cpp:200] [original line 11299] Modifier 'asoiaf_stark_throne_modifier' was not used by the script or code but exists in the database, this is a waste
[15:12:03][static_modifier.cpp:200] [original line 11300] Modifier 'asoiaf_Karstark_4_modifier' was not used by the script or code but exists in the database, this is a waste
[15:12:06][jomini_eventmanager.cpp:372] [original line 11353] Event asoiaf_young_griff_landing_events.2 is orphaned
[15:12:06][jomini_eventmanager.cpp:372] [original line 11354] Event asoiaf_mega_war_events.0001 is orphaned
[15:12:06][jomini_eventmanager.cpp:372] [original line 11355] Event buy_valyrian_mask.0001 is orphaned
[15:12:08][pdx_assert.cpp:619] [original line 11356] Assertion failed: Achievements not loaded correctly
[15:12:08][databases.h:36] [original line 11357] Key rf_valyrian not found at Database: common/religion/religion_family_types
[15:12:08][databases.h:36] [original line 11358] Key tgp_minister_recruit_courtiers_decision not found at Database: common/decisions
[15:12:08][pdx_persistent_reader.cpp:216] [original line 11359] Error: "Failed to read key reference: Forrester_asoiaf_1: Forrester_asoiaf_1, near line: 5190" in file: "history/characters/asoiaf_char_dummies.txt" near line: 5190
[15:12:08][pdx_persistent_reader.cpp:216] [original line 11360] Error: "Unexpected token: birth, near line: 6606" in file: "history/characters/asoiaf_char_dummies.txt" near line: 6606
[15:12:08][pdx_persistent_reader.cpp:216] [original line 11361] Error: "Unexpected token: effect, near line: 6607" in file: "history/characters/asoiaf_char_dummies.txt" near line: 6607
[15:12:08][history.cpp:1014] [original line 11362] No birth date for character at: file: history/characters/asoiaf_char_dummies.txt line: 6597
[15:12:08][pdx_persistent_reader.cpp:216] [original line 11363] Error: "Failed to read key reference: none: none, near line: 6647" in file: "history/characters/asoiaf_char_dummies.txt" near line: 6647
[15:12:08][pdx_persistent_reader.cpp:216] [original line 11364] Error: "Failed to read key reference: Baratheon_asoiaf_baby: Baratheon_asoiaf_baby, near line: 7" in file: "history/characters/asoiaf_char_stormlands.txt" near line: 7
[15:12:08][pdx_persistent_reader.cpp:216] [original line 11365] Error: "Failed to read key reference: asoiaf_Toth_1: asoiaf_Toth_1, near line: 54" in file: "history/characters/asoiaf_char_vanity.txt" near line: 54
[15:12:08][pdx_persistent_reader.cpp:216] [original line 11366] Error: "Failed to read key reference: asoiaf_Toth_rs_1: asoiaf_Toth_rs_1, near line: 84" in file: "history/characters/asoiaf_char_vanity.txt" near line: 84
[15:12:08][pdx_persistent_reader.cpp:216] [original line 11367] Error: "Failed to read key reference: asoiaf_Erik_father: asoiaf_Erik_father, near line: 185" in file: "history/characters/asoiaf_char_vanity.txt" near line: 185
[15:12:08][pdx_persistent_reader.cpp:216] [original line 11368] Error: "Failed to read key reference: asoiaf_Erik_mother: asoiaf_Erik_mother, near line: 215" in file: "history/characters/asoiaf_char_vanity.txt" near line: 215
[15:12:08][pdx_persistent_reader.cpp:216] [original line 11369] Error: "Failed to read key reference: asoiaf_Henry_mother: asoiaf_Henry_mother, near line: 299" in file: "history/characters/asoiaf_char_vanity.txt" near line: 299
[15:12:08][pdx_persistent_reader.cpp:216] [original line 11370] Error: "Failed to read key reference: asoiaf_Martin: asoiaf_Martin, near line: 347" in file: "history/characters/asoiaf_char_vanity.txt" near line: 347
[15:12:08][pdx_persistent_reader.cpp:216] [original line 11371] Error: "Failed to read key reference: asoiaf_Kobyla_1: asoiaf_Kobyla_1, near line: 398" in file: "history/characters/asoiaf_char_vanity.txt" near line: 398
[15:12:08][pdx_persistent_reader.cpp:216] [original line 11372] Error: "Failed to read key reference: asoiaf_Ronov_1: asoiaf_Ronov_1, near line: 522" in file: "history/characters/asoiaf_char_vanity.txt" near line: 522
[15:12:08][pdx_persistent_reader.cpp:216] [original line 11373] Error: "Failed to read key reference: asoiaf_Ronov_rs_1: asoiaf_Ronov_rs_1, near line: 556" in file: "history/characters/asoiaf_char_vanity.txt" near line: 556
[15:12:08][pdx_persistent_reader.cpp:216] [original line 11374] Error: "Failed to read key reference: asoiaf_Ronov_2: asoiaf_Ronov_2, near line: 583" in file: "history/characters/asoiaf_char_vanity.txt" near line: 583
[15:12:08][pdx_persistent_reader.cpp:216] [original line 11375] Error: "Failed to read key reference: asoiaf_Ronov_rs_2: asoiaf_Ronov_rs_2, near line: 626" in file: "history/characters/asoiaf_char_vanity.txt" near line: 626
[15:12:08][pdx_persistent_reader.cpp:216] [original line 11376] Error: "Failed to read key reference: asoiaf_Ronov_3: asoiaf_Ronov_3, near line: 653" in file: "history/characters/asoiaf_char_vanity.txt" near line: 653
[15:12:08][pdx_persistent_reader.cpp:216] [original line 11377] Error: "Failed to read key reference: asoiaf_Ronov_rs_3: asoiaf_Ronov_rs_3, near line: 696" in file: "history/characters/asoiaf_char_vanity.txt" near line: 696
[15:12:08][pdx_persistent_reader.cpp:216] [original line 11378] Error: "Failed to read key reference: asoiaf_Ronov_4: asoiaf_Ronov_4, near line: 723" in file: "history/characters/asoiaf_char_vanity.txt" near line: 723
[15:12:08][pdx_persistent_reader.cpp:216] [original line 11379] Error: "Failed to read key reference: asoiaf_Ronov_5: asoiaf_Ronov_5, near line: 760" in file: "history/characters/asoiaf_char_vanity.txt" near line: 760
[15:12:08][pdx_persistent_reader.cpp:216] [original line 11380] Error: "Failed to read key reference: asoiaf_Leipa_1: asoiaf_Leipa_1, near line: 797" in file: "history/characters/asoiaf_char_vanity.txt" near line: 797
[15:12:08][pdx_persistent_reader.cpp:216] [original line 11381] Error: "Failed to read key reference: asoiaf_Leipa_rs_1: asoiaf_Leipa_rs_1, near line: 837" in file: "history/characters/asoiaf_char_vanity.txt" near line: 837
[15:12:08][pdx_persistent_reader.cpp:216] [original line 11382] Error: "Failed to read key reference: asoiaf_Ronov_6: asoiaf_Ronov_6, near line: 864" in file: "history/characters/asoiaf_char_vanity.txt" near line: 864
[15:12:08][pdx_persistent_reader.cpp:216] [original line 11383] Error: "Failed to read key reference: asoiaf_Ronov_rs_6: asoiaf_Ronov_rs_6, near line: 904" in file: "history/characters/asoiaf_char_vanity.txt" near line: 904
[15:12:08][pdx_persistent_reader.cpp:216] [original line 11384] Error: "Failed to read key reference: asoiaf_Leipa_2: asoiaf_Leipa_2, near line: 936" in file: "history/characters/asoiaf_char_vanity.txt" near line: 936
[15:12:08][pdx_persistent_reader.cpp:216] [original line 11385] Error: "Failed to read key reference: asoiaf_Leipa_rs_2: asoiaf_Leipa_rs_2, near line: 973" in file: "history/characters/asoiaf_char_vanity.txt" near line: 973
[15:12:08][pdx_persistent_reader.cpp:216] [original line 11386] Error: "Failed to read key reference: asoiaf_Leipa_3: asoiaf_Leipa_3, near line: 1000" in file: "history/characters/asoiaf_char_vanity.txt" near line: 1000
[15:12:08][pdx_persistent_reader.cpp:216] [original line 11387] Error: "Failed to read key reference: asoiaf_Leipa_rs_3: asoiaf_Leipa_rs_3, near line: 1051" in file: "history/characters/asoiaf_char_vanity.txt" near line: 1051
[15:12:08][pdx_persistent_reader.cpp:216] [original line 11388] Error: "Failed to read key reference: asoiaf_Leipa_4: asoiaf_Leipa_4, near line: 1084" in file: "history/characters/asoiaf_char_vanity.txt" near line: 1084
[15:12:08][pdx_persistent_reader.cpp:216] [original line 11389] Error: "Failed to read key reference: asoiaf_Leipa_rs_4: asoiaf_Leipa_rs_4, near line: 1129" in file: "history/characters/asoiaf_char_vanity.txt" near line: 1129
[15:12:08][pdx_persistent_reader.cpp:216] [original line 11390] Error: "Failed to read key reference: asoiaf_Leipa_5: asoiaf_Leipa_5, near line: 1156" in file: "history/characters/asoiaf_char_vanity.txt" near line: 1156
[15:12:08][pdx_persistent_reader.cpp:216] [original line 11391] Error: "Failed to read key reference: asoiaf_Leipa_6: asoiaf_Leipa_6, near line: 1186" in file: "history/characters/asoiaf_char_vanity.txt" near line: 1186
[15:12:08][pdx_persistent_reader.cpp:216] [original line 11392] Error: "Failed to read key reference: asoiaf_Leipa_7: asoiaf_Leipa_7, near line: 1216" in file: "history/characters/asoiaf_char_vanity.txt" near line: 1216
[15:12:08][pdx_persistent_reader.cpp:216] [original line 11393] Error: "Failed to read key reference: asoiaf_Leipa_8: asoiaf_Leipa_8, near line: 1253" in file: "history/characters/asoiaf_char_vanity.txt" near line: 1253
[15:12:08][pdx_persistent_reader.cpp:216] [original line 11394] Error: "Failed to read key reference: asoiaf_Leipa_9: asoiaf_Leipa_9, near line: 1283" in file: "history/characters/asoiaf_char_vanity.txt" near line: 1283
[15:12:08][pdx_persistent_reader.cpp:216] [original line 11395] Error: "Failed to read key reference: asoiaf_Leipa_10: asoiaf_Leipa_10, near line: 1320" in file: "history/characters/asoiaf_char_vanity.txt" near line: 1320
[15:12:08][pdx_persistent_reader.cpp:216] [original line 11396] Error: "Failed to read key reference: asoiaf_Leipa_rs_10: asoiaf_Leipa_rs_10, near line: 1357" in file: "history/characters/asoiaf_char_vanity.txt" near line: 1357
[15:12:08][pdx_persistent_reader.cpp:216] [original line 11397] Error: "Failed to read key reference: asoiaf_Leipa_11: asoiaf_Leipa_11, near line: 1384" in file: "history/characters/asoiaf_char_vanity.txt" near line: 1384
[15:12:08][pdx_persistent_reader.cpp:216] [original line 11398] Error: "Failed to read key reference: asoiaf_Leipa_rs_11: asoiaf_Leipa_rs_11, near line: 1421" in file: "history/characters/asoiaf_char_vanity.txt" near line: 1421
[15:12:08][pdx_persistent_reader.cpp:216] [original line 11399] Error: "Failed to read key reference: asoiaf_Capon_1: asoiaf_Capon_1, near line: 1451" in file: "history/characters/asoiaf_char_vanity.txt" near line: 1451
[15:12:08][pdx_persistent_reader.cpp:216] [original line 11400] Error: "Failed to read key reference: asoiaf_Capon_rs_1: asoiaf_Capon_rs_1, near line: 1499" in file: "history/characters/asoiaf_char_vanity.txt" near line: 1499
[15:12:08][pdx_persistent_reader.cpp:216] [original line 11401] Error: "Failed to read key reference: asoiaf_Leipa_13: asoiaf_Leipa_13, near line: 1633" in file: "history/characters/asoiaf_char_vanity.txt" near line: 1633
[15:12:08][pdx_persistent_reader.cpp:216] [original line 11402] Error: "Failed to read key reference: asoiaf_Leipa_14: asoiaf_Leipa_14, near line: 1663" in file: "history/characters/asoiaf_char_vanity.txt" near line: 1663
[15:12:08][pdx_persistent_reader.cpp:216] [original line 11403] Error: "Failed to read key reference: asoiaf_Leipa_15: asoiaf_Leipa_15, near line: 1700" in file: "history/characters/asoiaf_char_vanity.txt" near line: 1700
[15:12:08][pdx_persistent_reader.cpp:216] [original line 11404] Error: "Failed to read key reference: asoiaf_Leipa_16: asoiaf_Leipa_16, near line: 1737" in file: "history/characters/asoiaf_char_vanity.txt" near line: 1737
[15:12:08][pdx_persistent_reader.cpp:216] [original line 11405] Error: "Failed to read key reference: asoiaf_Leipa_17: asoiaf_Leipa_17, near line: 1767" in file: "history/characters/asoiaf_char_vanity.txt" near line: 1767
[15:12:08][pdx_persistent_reader.cpp:216] [original line 11406] Error: "Failed to read key reference: asoiaf_Lichtenburg_1: asoiaf_Lichtenburg_1, near line: 1806" in file: "history/characters/asoiaf_char_vanity.txt" near line: 1806
[15:12:08][pdx_persistent_reader.cpp:216] [original line 11407] Error: "Failed to read key reference: asoiaf_Lichtenburg_rs_1: asoiaf_Lichtenburg_rs_1, near line: 1846" in file: "history/characters/asoiaf_char_vanity.txt" near line: 1846
[15:12:08][pdx_persistent_reader.cpp:216] [original line 11408] Error: "Failed to read key reference: asoiaf_Lichtenburg_rs_2: asoiaf_Lichtenburg_rs_2, near line: 1872" in file: "history/characters/asoiaf_char_vanity.txt" near line: 1872
[15:12:08][pdx_persistent_reader.cpp:216] [original line 11409] Error: "Failed to read key reference: asoiaf_Lichtenburg_2: asoiaf_Lichtenburg_2, near line: 1902" in file: "history/characters/asoiaf_char_vanity.txt" near line: 1902
[15:12:08][pdx_persistent_reader.cpp:216] [original line 11410] Error: "Failed to read key reference: asoiaf_Lichtenburg_3: asoiaf_Lichtenburg_3, near line: 1939" in file: "history/characters/asoiaf_char_vanity.txt" near line: 1939
[15:12:08][pdx_persistent_reader.cpp:216] [original line 11411] Error: "Failed to read key reference: asoiaf_Lichtenburg_rs_3: asoiaf_Lichtenburg_rs_3, near line: 1976" in file: "history/characters/asoiaf_char_vanity.txt" near line: 1976
[15:12:08][pdx_persistent_reader.cpp:216] [original line 11412] Error: "Failed to read key reference: asoiaf_Lichtenburg_4: asoiaf_Lichtenburg_4, near line: 2003" in file: "history/characters/asoiaf_char_vanity.txt" near line: 2003
[15:12:08][pdx_persistent_reader.cpp:216] [original line 11413] Error: "Failed to read key reference: asoiaf_Lichtenburg_rs_4: asoiaf_Lichtenburg_rs_4, near line: 2043" in file: "history/characters/asoiaf_char_vanity.txt" near line: 2043
[15:12:08][pdx_persistent_reader.cpp:216] [original line 11414] Error: "Failed to read key reference: asoiaf_Lichtenburg_5: asoiaf_Lichtenburg_5, near line: 2075" in file: "history/characters/asoiaf_char_vanity.txt" near line: 2075
[15:12:08][pdx_persistent_reader.cpp:216] [original line 11415] Error: "Failed to read key reference: asoiaf_Lichtenburg_rs_5: asoiaf_Lichtenburg_rs_5, near line: 2112" in file: "history/characters/asoiaf_char_vanity.txt" near line: 2112
[15:12:08][pdx_persistent_reader.cpp:216] [original line 11416] Error: "Failed to read key reference: asoiaf_Zleb_1: asoiaf_Zleb_1, near line: 2139" in file: "history/characters/asoiaf_char_vanity.txt" near line: 2139
[15:12:08][pdx_persistent_reader.cpp:216] [original line 11417] Error: "Failed to read key reference: asoiaf_Zleb_rs_1: asoiaf_Zleb_rs_1, near line: 2176" in file: "history/characters/asoiaf_char_vanity.txt" near line: 2176
[15:12:08][pdx_persistent_reader.cpp:216] [original line 11418] Error: "Failed to read key reference: asoiaf_Lichtenburg_6: asoiaf_Lichtenburg_6, near line: 2203" in file: "history/characters/asoiaf_char_vanity.txt" near line: 2203
[15:12:08][pdx_persistent_reader.cpp:216] [original line 11419] Error: "Failed to read key reference: asoiaf_Lichtenburg_7: asoiaf_Lichtenburg_7, near line: 2240" in file: "history/characters/asoiaf_char_vanity.txt" near line: 2240
[15:12:08][pdx_persistent_reader.cpp:216] [original line 11420] Error: "Failed to read key reference: asoiaf_Lichtenburg_rs_7: asoiaf_Lichtenburg_rs_7, near line: 2277" in file: "history/characters/asoiaf_char_vanity.txt" near line: 2277
[15:12:08][pdx_persistent_reader.cpp:216] [original line 11421] Error: "Failed to read key reference: asoiaf_Lichtenburg_8: asoiaf_Lichtenburg_8, near line: 2307" in file: "history/characters/asoiaf_char_vanity.txt" near line: 2307
[15:12:08][pdx_persistent_reader.cpp:216] [original line 11422] Error: "Failed to read key reference: asoiaf_Bitov_1: asoiaf_Bitov_1, near line: 2346" in file: "history/characters/asoiaf_char_vanity.txt" near line: 2346
[15:12:08][pdx_persistent_reader.cpp:216] [original line 11423] Error: "Failed to read key reference: asoiaf_Bitov_rs_1: asoiaf_Bitov_rs_1, near line: 2383" in file: "history/characters/asoiaf_char_vanity.txt" near line: 2383
[15:12:08][pdx_persistent_reader.cpp:216] [original line 11424] Error: "Failed to read key reference: asoiaf_Bitov_2: asoiaf_Bitov_2, near line: 2410" in file: "history/characters/asoiaf_char_vanity.txt" near line: 2410
[15:12:08][pdx_persistent_reader.cpp:216] [original line 11425] Error: "Failed to read key reference: asoiaf_Bitov_3: asoiaf_Bitov_3, near line: 2447" in file: "history/characters/asoiaf_char_vanity.txt" near line: 2447
[15:12:08][pdx_persistent_reader.cpp:216] [original line 11426] Error: "Failed to read key reference: asoiaf_Bitov_rs_3: asoiaf_Bitov_rs_3, near line: 2484" in file: "history/characters/asoiaf_char_vanity.txt" near line: 2484
[15:12:08][pdx_persistent_reader.cpp:216] [original line 11427] Error: "Failed to read key reference: asoiaf_Bitov_4: asoiaf_Bitov_4, near line: 2511" in file: "history/characters/asoiaf_char_vanity.txt" near line: 2511
[15:12:08][pdx_persistent_reader.cpp:216] [original line 11428] Error: "Failed to read key reference: asoiaf_Bitov_5: asoiaf_Bitov_5, near line: 2544" in file: "history/characters/asoiaf_char_vanity.txt" near line: 2544
[15:12:08][pdx_persistent_reader.cpp:216] [original line 11429] Error: "Failed to read key reference: asoiaf_Bitov_6: asoiaf_Bitov_6, near line: 2574" in file: "history/characters/asoiaf_char_vanity.txt" near line: 2574
[15:12:08][pdx_persistent_reader.cpp:216] [original line 11430] Error: "Failed to read key reference: asoiaf_Bitov_7: asoiaf_Bitov_7, near line: 2611" in file: "history/characters/asoiaf_char_vanity.txt" near line: 2611
[15:12:08][pdx_persistent_reader.cpp:216] [original line 11431] Error: "Failed to read key reference: asoiaf_Bitov_8: asoiaf_Bitov_8, near line: 2650" in file: "history/characters/asoiaf_char_vanity.txt" near line: 2650
[15:12:08][pdx_persistent_reader.cpp:216] [original line 11432] Error: "Failed to read key reference: asoiaf_Bitov_rs_8: asoiaf_Bitov_rs_8, near line: 2687" in file: "history/characters/asoiaf_char_vanity.txt" near line: 2687
[15:12:08][pdx_persistent_reader.cpp:216] [original line 11433] Error: "Failed to read key reference: asoiaf_Bitov_9: asoiaf_Bitov_9, near line: 2714" in file: "history/characters/asoiaf_char_vanity.txt" near line: 2714
[15:12:08][pdx_persistent_reader.cpp:216] [original line 11434] Error: "Failed to read key reference: asoiaf_Bitov_10: asoiaf_Bitov_10, near line: 2746" in file: "history/characters/asoiaf_char_vanity.txt" near line: 2746
[15:12:08][pdx_persistent_reader.cpp:216] [original line 11435] Error: "Failed to read key reference: asoiaf_Bitov_11: asoiaf_Bitov_11, near line: 2783" in file: "history/characters/asoiaf_char_vanity.txt" near line: 2783
[15:12:08][pdx_persistent_reader.cpp:216] [original line 11436] Error: "Failed to read key reference: asoiaf_Bitov_rs_11: asoiaf_Bitov_rs_11, near line: 2820" in file: "history/characters/asoiaf_char_vanity.txt" near line: 2820
[15:12:08][pdx_persistent_reader.cpp:216] [original line 11437] Error: "Failed to read key reference: asoiaf_Bitov_12: asoiaf_Bitov_12, near line: 2847" in file: "history/characters/asoiaf_char_vanity.txt" near line: 2847
[15:12:08][pdx_persistent_reader.cpp:216] [original line 11438] Error: "Failed to read key reference: asoiaf_Bitov_rs_12: asoiaf_Bitov_rs_12, near line: 2884" in file: "history/characters/asoiaf_char_vanity.txt" near line: 2884
[15:12:08][pdx_persistent_reader.cpp:216] [original line 11439] Error: "Failed to read key reference: asoiaf_Bitov_13: asoiaf_Bitov_13, near line: 2911" in file: "history/characters/asoiaf_char_vanity.txt" near line: 2911
[15:12:08][pdx_persistent_reader.cpp:216] [original line 11440] Error: "Failed to read key reference: asoiaf_Bitov_14: asoiaf_Bitov_14, near line: 2948" in file: "history/characters/asoiaf_char_vanity.txt" near line: 2948
[15:12:08][pdx_persistent_reader.cpp:216] [original line 11441] Error: "Failed to read key reference: asoiaf_Bitov_15: asoiaf_Bitov_15, near line: 2985" in file: "history/characters/asoiaf_char_vanity.txt" near line: 2985
[15:12:08][pdx_persistent_reader.cpp:216] [original line 11442] Error: "Failed to read key reference: asoiaf_Bitov_16: asoiaf_Bitov_16, near line: 3022" in file: "history/characters/asoiaf_char_vanity.txt" near line: 3022
[15:12:08][pdx_persistent_reader.cpp:216] [original line 11443] Error: "Failed to read key reference: asoiaf_Bitov_17: asoiaf_Bitov_17, near line: 3059" in file: "history/characters/asoiaf_char_vanity.txt" near line: 3059
[15:12:08][pdx_persistent_reader.cpp:216] [original line 11444] Error: "Failed to read key reference: asoiaf_Bitov_rs_17: asoiaf_Bitov_rs_17, near line: 3096" in file: "history/characters/asoiaf_char_vanity.txt" near line: 3096
[15:12:08][pdx_persistent_reader.cpp:216] [original line 11445] Error: "Failed to read key reference: asoiaf_Bitov_18: asoiaf_Bitov_18, near line: 3123" in file: "history/characters/asoiaf_char_vanity.txt" near line: 3123
[15:12:08][pdx_persistent_reader.cpp:216] [original line 11446] Error: "Failed to read key reference: asoiaf_Bitov_rs_18: asoiaf_Bitov_rs_18, near line: 3160" in file: "history/characters/asoiaf_char_vanity.txt" near line: 3160
[15:12:08][pdx_persistent_reader.cpp:216] [original line 11447] Error: "Failed to read key reference: asoiaf_Bitov_19: asoiaf_Bitov_19, near line: 3187" in file: "history/characters/asoiaf_char_vanity.txt" near line: 3187
[15:12:08][pdx_persistent_reader.cpp:216] [original line 11448] Error: "Failed to read key reference: asoiaf_Bitov_20: asoiaf_Bitov_20, near line: 3224" in file: "history/characters/asoiaf_char_vanity.txt" near line: 3224
[15:12:08][pdx_persistent_reader.cpp:216] [original line 11449] Error: "Failed to read key reference: asoiaf_Bitov_21: asoiaf_Bitov_21, near line: 3261" in file: "history/characters/asoiaf_char_vanity.txt" near line: 3261
[15:12:08][pdx_persistent_reader.cpp:216] [original line 11450] Error: "Failed to read key reference: asoiaf_Bitov_22: asoiaf_Bitov_22, near line: 3291" in file: "history/characters/asoiaf_char_vanity.txt" near line: 3291
[15:12:08][pdx_persistent_reader.cpp:216] [original line 11451] Error: "Failed to read key reference: asoiaf_Bitov_23: asoiaf_Bitov_23, near line: 3328" in file: "history/characters/asoiaf_char_vanity.txt" near line: 3328
[15:12:08][pdx_persistent_reader.cpp:216] [original line 11452] Error: "Failed to read key reference: asoiaf_Bitov_24: asoiaf_Bitov_24, near line: 3365" in file: "history/characters/asoiaf_char_vanity.txt" near line: 3365
[15:12:08][pdx_persistent_reader.cpp:216] [original line 11453] Error: "Failed to read key reference: asoiaf_Bitov_rs_24: asoiaf_Bitov_rs_24, near line: 3402" in file: "history/characters/asoiaf_char_vanity.txt" near line: 3402
[15:12:08][pdx_persistent_reader.cpp:216] [original line 11454] Error: "Failed to read key reference: asoiaf_Bitov_25: asoiaf_Bitov_25, near line: 3429" in file: "history/characters/asoiaf_char_vanity.txt" near line: 3429
[15:12:08][pdx_persistent_reader.cpp:216] [original line 11455] Error: "Failed to read key reference: asoiaf_Bitov_26: asoiaf_Bitov_26, near line: 3466" in file: "history/characters/asoiaf_char_vanity.txt" near line: 3466
[15:12:08][pdx_persistent_reader.cpp:216] [original line 11456] Error: "Failed to read key reference: asoiaf_Bitov_27: asoiaf_Bitov_27, near line: 3503" in file: "history/characters/asoiaf_char_vanity.txt" near line: 3503
[15:12:08][pdx_persistent_reader.cpp:216] [original line 11457] Error: "Failed to read key reference: asoiaf_Bitov_28: asoiaf_Bitov_28, near line: 3533" in file: "history/characters/asoiaf_char_vanity.txt" near line: 3533
[15:12:08][pdx_persistent_reader.cpp:216] [original line 11458] Error: "Failed to read key reference: asoiaf_Bitov_29: asoiaf_Bitov_29, near line: 3563" in file: "history/characters/asoiaf_char_vanity.txt" near line: 3563
[15:12:08][pdx_persistent_reader.cpp:216] [original line 11459] Error: "Failed to read key reference: asoiaf_Bitov_rs_29: asoiaf_Bitov_rs_29, near line: 3600" in file: "history/characters/asoiaf_char_vanity.txt" near line: 3600
[15:12:08][pdx_persistent_reader.cpp:216] [original line 11460] Error: "Failed to read key reference: asoiaf_Bitov_30: asoiaf_Bitov_30, near line: 3627" in file: "history/characters/asoiaf_char_vanity.txt" near line: 3627
[15:12:08][jomini_script_system.cpp:303] [original line 11461] Script system error!
  Error: add_trait effect [ target: Not found in database class CTraitDatabase ]
  Script location: file: history/characters/asoiaf_char_stormlands.txt line: 152
[15:12:08][jomini_effect.cpp:139] [original line 11465] PostValidate of effect 'add_trait' returned false at file: history/characters/asoiaf_char_stormlands.txt line: 152
[15:12:08][jomini_effect.cpp:1161] [original line 11466] Flag 'pirate_den_holding' is used but is never set. Setting it in an unused scripted trigger or effect does not count
[15:12:08][jomini_effect.cpp:1161] [original line 11467] Flag 'viserys' is used but is never set. Setting it in an unused scripted trigger or effect does not count
[15:12:08][jomini_effect.cpp:1161] [original line 11468] Flag 'settlement_holding' is used but is never set. Setting it in an unused scripted trigger or effect does not count
[15:12:08][jomini_effect.cpp:1161] [original line 11469] Flag 'dany' is used but is never set. Setting it in an unused scripted trigger or effect does not count
[15:12:08][jomini_effect.cpp:1161] [original line 11470] Flag 'unknown_holding' is used but is never set. Setting it in an unused scripted trigger or effect does not count
[15:12:08][jomini_effect.cpp:1161] [original line 11471] Flag 'faegon' is used but is never set. Setting it in an unused scripted trigger or effect does not count
[15:12:08][jomini_effect.cpp:1161] [original line 11472] Flag 'highlight_special_buildings_map' is used but is never set. Setting it in an unused scripted trigger or effect does not count
[15:12:08][jomini_effect.cpp:1161] [original line 11473] Flag 'wilderness_holding' is used but is never set. Setting it in an unused scripted trigger or effect does not count
[15:12:08][jomini_effect.cpp:1161] [original line 11474] Flag 'iceFire' is used but is never set. Setting it in an unused scripted trigger or effect does not count
[15:12:08][jomini_effect.cpp:1161] [original line 11475] Flag 'roland_crown' is used but is never set. Setting it in an unused scripted trigger or effect does not count
[15:12:08][jomini_effect.cpp:1161] [original line 11476] Flag 'blackDarkRed' is used but is never set. Setting it in an unused scripted trigger or effect does not count
[15:12:08][jomini_effect.cpp:1161] [original line 11477] Flag 'monastery_holding' is used but is never set. Setting it in an unused scripted trigger or effect does not count
[15:12:08][jomini_effect.cpp:1161] [original line 11478] Flag 'ruin_holding' is used but is never set. Setting it in an unused scripted trigger or effect does not count
[15:12:08][jomini_effect.cpp:1145] [original line 11479] Flag 'global' is set but is never used. Note that use in localization doesn't count due to technical limitations. Use in unused scripted triggers and effects also does not count
[15:12:08][jomini_effect.cpp:1145] [original line 11480] Flag 'DI_subtype_throne' is set but is never used. Note that use in localization doesn't count due to technical limitations. Use in unused scripted triggers and effects also does not count
[15:12:08][jomini_effect.cpp:1145] [original line 11481] Flag 'all_found' is set but is never used. Note that use in localization doesn't count due to technical limitations. Use in unused scripted triggers and effects also does not count
[15:12:08][jomini_effect.cpp:1145] [original line 11482] Flag 'highlight_cow_provinces_map' is set but is never used. Note that use in localization doesn't count due to technical limitations. Use in unused scripted triggers and effects also does not count
[15:12:08][jomini_effect.cpp:1161] [original line 11483] Variable 'tgc_enabled' is used but is never set. Setting it in an unused scripted trigger or effect does not count
[15:12:08][jomini_effect.cpp:1161] [original line 11484] Variable 'seafoam' is used but is never set. Setting it in an unused scripted trigger or effect does not count
[15:12:08][jomini_effect.cpp:1161] [original line 11485] Variable 'faegon_main_character' is used but is never set. Setting it in an unused scripted trigger or effect does not count
[15:12:08][jomini_effect.cpp:1161] [original line 11486] Variable 'asoiaf_Stark_102_cc' is used but is never set. Setting it in an unused scripted trigger or effect does not count
[15:12:08][jomini_effect.cpp:1161] [original line 11487] Variable 'asoiaf_Stark_4_cc' is used but is never set. Setting it in an unused scripted trigger or effect does not count
[15:12:08][jomini_effect.cpp:1161] [original line 11488] Variable 'darksister' is used but is never set. Setting it in an unused scripted trigger or effect does not count
[15:12:08][jomini_effect.cpp:1161] [original line 11489] Variable 'asoiaf_Stark_94_cc' is used but is never set. Setting it in an unused scripted trigger or effect does not count
[15:12:08][jomini_effect.cpp:1161] [original line 11490] Variable 'blackfyre' is used but is never set. Setting it in an unused scripted trigger or effect does not count
[15:12:08][jomini_effect.cpp:1161] [original line 11491] Variable 'asoiaf_Stark_84_cc' is used but is never set. Setting it in an unused scripted trigger or effect does not count
[15:12:08][jomini_effect.cpp:1161] [original line 11492] Variable 'is_baratheon_6' is used but is never set. Setting it in an unused scripted trigger or effect does not count
[15:12:08][jomini_effect.cpp:1161] [original line 11493] Variable 'app_enabled' is used but is never set. Setting it in an unused scripted trigger or effect does not count
[15:12:08][jomini_effect.cpp:1161] [original line 11494] Variable 'asoiaf_Stark_6_cc' is used but is never set. Setting it in an unused scripted trigger or effect does not count
[15:12:08][jomini_effect.cpp:1161] [original line 11495] Variable 'maekars_crown' is used but is never set. Setting it in an unused scripted trigger or effect does not count
[15:12:08][jomini_effect.cpp:1161] [original line 11496] Variable 'is_Durrandon_51' is used but is never set. Setting it in an unused scripted trigger or effect does not count
[15:12:08][jomini_effect.cpp:1161] [original line 11497] Variable 'kingsguard_armour' is used but is never set. Setting it in an unused scripted trigger or effect does not count
[15:12:08][jomini_effect.cpp:1161] [original line 11498] Variable 'asoiaf_Stark_103_cc' is used but is never set. Setting it in an unused scripted trigger or effect does not count
[15:12:08][jomini_effect.cpp:1161] [original line 11499] Variable 'asoiaf_Stark_101_cc' is used but is never set. Setting it in an unused scripted trigger or effect does not count
[15:12:08][jomini_effect.cpp:1161] [original line 11500] Variable 'asoiaf_Stark_2_cc' is used but is never set. Setting it in an unused scripted trigger or effect does not count
[15:12:08][jomini_effect.cpp:1161] [original line 11501] Variable 'asoiaf_Stark_95_cc' is used but is never set. Setting it in an unused scripted trigger or effect does not count
[15:12:08][jomini_effect.cpp:1161] [original line 11502] Variable 'asoiaf_canon_children_Targaryen_98_born_variable' is used but is never set. Setting it in an unused scripted trigger or effect does not count
[15:12:08][jomini_effect.cpp:1161] [original line 11503] Variable 'asoiaf_Stark_97_cc' is used but is never set. Setting it in an unused scripted trigger or effect does not count
[15:12:08][jomini_effect.cpp:1161] [original line 11504] Variable 'asoiaf_Stark_86_cc' is used but is never set. Setting it in an unused scripted trigger or effect does not count
[15:12:08][jomini_effect.cpp:1161] [original line 11505] Variable 'asoiaf_Stark_8_cc' is used but is never set. Setting it in an unused scripted trigger or effect does not count
[15:12:08][jomini_effect.cpp:1161] [original line 11506] Variable 'asoiaf_Stark_9_cc' is used but is never set. Setting it in an unused scripted trigger or effect does not count
[15:12:08][jomini_effect.cpp:1161] [original line 11507] Variable 'asoiaf_Stark_7_cc' is used but is never set. Setting it in an unused scripted trigger or effect does not count
[15:12:08][jomini_effect.cpp:1161] [original line 11508] Variable 'asoiaf_Stark_10_cc' is used but is never set. Setting it in an unused scripted trigger or effect does not count
[15:12:08][jomini_effect.cpp:1161] [original line 11509] Variable 'asoiaf_canon_children_Targaryen_100_born_variable' is used but is never set. Setting it in an unused scripted trigger or effect does not count
[15:12:08][jomini_effect.cpp:1161] [original line 11510] Variable 'asoiaf_canon_children_Targaryen_99_born_variable' is used but is never set. Setting it in an unused scripted trigger or effect does not count
[15:12:08][jomini_effect.cpp:1161] [original line 11511] Variable 'asoiaf_Stark_1_cc' is used but is never set. Setting it in an unused scripted trigger or effect does not count
[15:12:08][jomini_effect.cpp:1161] [original line 11512] Variable 'asoiaf_Stark_5_cc' is used but is never set. Setting it in an unused scripted trigger or effect does not count
[15:12:08][jomini_effect.cpp:1161] [original line 11513] Variable 'asoiaf_canon_children_Targaryen_101_born_variable' is used but is never set. Setting it in an unused scripted trigger or effect does not count
[15:12:08][jomini_effect.cpp:1161] [original line 11514] Variable 'asoiaf_Stark_3_cc' is used but is never set. Setting it in an unused scripted trigger or effect does not count
[15:12:08][jomini_effect.cpp:1161] [original line 11515] Variable 'asoiaf_Stark_88_cc' is used but is never set. Setting it in an unused scripted trigger or effect does not count
[15:12:08][jomini_effect.cpp:1161] [original line 11516] Variable 'asoiaf_Stark_96_cc' is used but is never set. Setting it in an unused scripted trigger or effect does not count
[15:12:08][jomini_effect.cpp:1161] [original line 11517] Variable 'asoiaf_Stark_99_cc' is used but is never set. Setting it in an unused scripted trigger or effect does not count
[15:12:08][jomini_effect.cpp:1161] [original line 11518] Variable 'asoiaf_Stark_100_cc' is used but is never set. Setting it in an unused scripted trigger or effect does not count
[15:12:08][jomini_effect.cpp:1161] [original line 11519] Variable 'asoiaf_Stark_98_cc' is used but is never set. Setting it in an unused scripted trigger or effect does not count
[15:12:08][jomini_effect.cpp:1161] [original line 11520] Variable 'kingsguard_choice' is used but is never set. Setting it in an unused scripted trigger or effect does not count
[15:12:08][jomini_effect.cpp:1161] [original line 11521] Variable 'crown_aegon_baelor_artifact' is used but is never set. Setting it in an unused scripted trigger or effect does not count
[15:12:08][jomini_effect.cpp:1161] [original line 11522] Variable 'Aotk_enabled' is used but is never set. Setting it in an unused scripted trigger or effect does not count
[15:12:08][jomini_effect.cpp:1161] [original line 11523] Variable 'brightboar_enabled' is used but is never set. Setting it in an unused scripted trigger or effect does not count
[15:12:08][jomini_effect.cpp:1161] [original line 11524] Variable 'asoiaf_Stark_87_cc' is used but is never set. Setting it in an unused scripted trigger or effect does not count
[15:12:08][jomini_effect.cpp:1161] [original line 11525] Variable 'swordman_armor_artifact' is used but is never set. Setting it in an unused scripted trigger or effect does not count
[15:12:08][jomini_effect.cpp:1161] [original line 11526] Variable 'captains_sword' is used but is never set. Setting it in an unused scripted trigger or effect does not count
[15:12:08][jomini_effect.cpp:1161] [original line 11527] Variable 'highlight_cow_provinces_map' is used but is never set. Setting it in an unused scripted trigger or effect does not count
[15:12:08][jomini_effect.cpp:1161] [original line 11528] Variable 'asoiaf_Stark_11_cc' is used but is never set. Setting it in an unused scripted trigger or effect does not count
[15:12:08][jomini_effect.cpp:1161] [original line 11529] Variable 'is_jon_snow' is used but is never set. Setting it in an unused scripted trigger or effect does not count
[15:12:08][jomini_effect.cpp:1145] [original line 11530] Variable 'asoiaf_canon_children_Arryn_80_born_variable' is set but is never used. Note that use in localization doesn't count due to technical limitations. Use in unused scripted triggers and effects also does not count
[15:12:08][jomini_effect.cpp:1145] [original line 11531] Variable 'asoiaf_canon_children_Strong_28_born_variable' is set but is never used. Note that use in localization doesn't count due to technical limitations. Use in unused scripted triggers and effects also does not count
[15:12:08][jomini_effect.cpp:1145] [original line 11532] Variable 'asoiaf_canon_children_Dayne_1_born_variable' is set but is never used. Note that use in localization doesn't count due to technical limitations. Use in unused scripted triggers and effects also does not count
[15:12:08][jomini_effect.cpp:1145] [original line 11533] Variable 'dark_sister_artifact' is set but is never used. Note that use in localization doesn't count due to technical limitations. Use in unused scripted triggers and effects also does not count
[15:12:08][jomini_effect.cpp:1145] [original line 11534] Variable 'blackfyre_artifact' is set but is never used. Note that use in localization doesn't count due to technical limitations. Use in unused scripted triggers and effects also does not count
[15:12:08][jomini_effect.cpp:1145] [original line 11535] Variable 'asoiaf_canon_children_Baratheon_baby_born_variable' is set but is never used. Note that use in localization doesn't count due to technical limitations. Use in unused scripted triggers and effects also does not count
[15:12:08][jomini_effect.cpp:1145] [original line 11536] Variable 'color_grading' is set but is never used. Note that use in localization doesn't count due to technical limitations. Use in unused scripted triggers and effects also does not count
[15:12:08][jomini_effect.cpp:1145] [original line 11537] Variable 'asoiaf_canon_children_Tully_9_born_variable' is set but is never used. Note that use in localization doesn't count due to technical limitations. Use in unused scripted triggers and effects also does not count
[15:12:08][jomini_effect.cpp:1145] [original line 11538] Variable 'asoiaf_canon_children_Velaryon_31_born_variable' is set but is never used. Note that use in localization doesn't count due to technical limitations. Use in unused scripted triggers and effects also does not count
[15:12:08][jomini_effect.cpp:1145] [original line 11539] Variable 'pincer_artifact' is set but is never used. Note that use in localization doesn't count due to technical limitations. Use in unused scripted triggers and effects also does not count
[15:12:08][jomini_effect.cpp:1145] [original line 11540] Variable 'COWAGOT_is_loaded' is set but is never used. Note that use in localization doesn't count due to technical limitations. Use in unused scripted triggers and effects also does not count
[15:12:08][jomini_effect.cpp:1145] [original line 11541] Variable 'asoiaf_canon_children_Strong_29_born_variable' is set but is never used. Note that use in localization doesn't count due to technical limitations. Use in unused scripted triggers and effects also does not count
[15:12:08][jomini_effect.cpp:1145] [original line 11542] Variable 'DI_artifact_subtype_display' is set but is never used. Note that use in localization doesn't count due to technical limitations. Use in unused scripted triggers and effects also does not count
[15:12:08][jomini_effect.cpp:1145] [original line 11543] Variable 'asoiaf_canon_children_Reed_1_born_variable' is set but is never used. Note that use in localization doesn't count due to technical limitations. Use in unused scripted triggers and effects also does not count
[15:12:08][jomini_effect.cpp:1145] [original line 11544] Variable 'asoiaf_canon_children_Lannister_129_born_variable' is set but is never used. Note that use in localization doesn't count due to technical limitations. Use in unused scripted triggers and effects also does not count
[15:12:08][jomini_effect.cpp:1145] [original line 11545] Variable 'asoiaf_canon_children_Targaryen_28_born_variable' is set but is never used. Note that use in localization doesn't count due to technical limitations. Use in unused scripted triggers and effects also does not count
[15:12:08][jomini_effect.cpp:1145] [original line 11546] Variable 'asoiaf_canon_children_Targaryen_27_born_variable' is set but is never used. Note that use in localization doesn't count due to technical limitations. Use in unused scripted triggers and effects also does not count
[15:12:08][jomini_effect.cpp:1145] [original line 11547] Variable 'asoiaf_canon_children_Tully_1_born_variable' is set but is never used. Note that use in localization doesn't count due to technical limitations. Use in unused scripted triggers and effects also does not count
[15:12:08][jomini_effect.cpp:1145] [original line 11548] Variable 'asoiaf_canon_children_Arryn_3_born_variable' is set but is never used. Note that use in localization doesn't count due to technical limitations. Use in unused scripted triggers and effects also does not count
[15:12:08][jomini_effect.cpp:1145] [original line 11549] Variable 'asoiaf_is_krakenfall' is set but is never used. Note that use in localization doesn't count due to technical limitations. Use in unused scripted triggers and effects also does not count
[15:12:08][jomini_effect.cpp:1145] [original line 11550] Variable 'agot_faegon_jon_snow_char' is set but is never used. Note that use in localization doesn't count due to technical limitations. Use in unused scripted triggers and effects also does not count
[15:12:08][jomini_effect.cpp:1145] [original line 11551] Variable 'asoiaf_canon_children_Stark_1_born_variable' is set but is never used. Note that use in localization doesn't count due to technical limitations. Use in unused scripted triggers and effects also does not count
[15:12:08][jomini_effect.cpp:1145] [original line 11552] Variable 'agot_faegon_jae_birth_year' is set but is never used. Note that use in localization doesn't count due to technical limitations. Use in unused scripted triggers and effects also does not count
[15:12:08][jomini_effect.cpp:1145] [original line 11553] Variable 'asoiaf_canon_children_Tyrell_4_born_variable' is set but is never used. Note that use in localization doesn't count due to technical limitations. Use in unused scripted triggers and effects also does not count
[15:12:08][jomini_effect.cpp:1145] [original line 11554] Variable 'asoiaf_canon_children_Arryn_84_born_variable' is set but is never used. Note that use in localization doesn't count due to technical limitations. Use in unused scripted triggers and effects also does not count
[15:12:08][jomini_effect.cpp:1145] [original line 11555] Variable 'asoiaf_canon_children_Greyjoy_5_born_variable' is set but is never used. Note that use in localization doesn't count due to technical limitations. Use in unused scripted triggers and effects also does not count
[15:12:08][jomini_effect.cpp:1145] [original line 11556] Variable 'asoiaf_canon_children_Tarly_1_born_variable' is set but is never used. Note that use in localization doesn't count due to technical limitations. Use in unused scripted triggers and effects also does not count
[15:12:08][jomini_effect.cpp:1145] [original line 11557] Variable 'asoiaf_canon_children_Stark_84_born_variable' is set but is never used. Note that use in localization doesn't count due to technical limitations. Use in unused scripted triggers and effects also does not count
[15:12:08][jomini_effect.cpp:1145] [original line 11558] Variable 'asoiaf_canon_children_Targaryen_95_born_variable' is set but is never used. Note that use in localization doesn't count due to technical limitations. Use in unused scripted triggers and effects also does not count
[15:12:08][jomini_effect.cpp:1145] [original line 11559] Variable 'asoiaf_canon_children_Targaryen_96_born_variable' is set but is never used. Note that use in localization doesn't count due to technical limitations. Use in unused scripted triggers and effects also does not count
[15:12:08][jomini_effect.cpp:1145] [original line 11560] Variable 'asoiaf_canon_children_Baelish_2_born_variable' is set but is never used. Note that use in localization doesn't count due to technical limitations. Use in unused scripted triggers and effects also does not count
[15:12:08][jomini_effect.cpp:1145] [original line 11561] Variable 'DI_artifact_quality_display' is set but is never used. Note that use in localization doesn't count due to technical limitations. Use in unused scripted triggers and effects also does not count
[15:12:08][jomini_effect.cpp:1145] [original line 11562] Variable 'asoiaf_canon_children_Karstark_4_born_variable' is set but is never used. Note that use in localization doesn't count due to technical limitations. Use in unused scripted triggers and effects also does not count
[15:12:08][jomini_effect.cpp:1145] [original line 11563] Variable 'DI_artifact_category_display' is set but is never used. Note that use in localization doesn't count due to technical limitations. Use in unused scripted triggers and effects also does not count
[15:12:08][jomini_effect.cpp:1145] [original line 11564] Variable 'color' is set but is never used. Note that use in localization doesn't count due to technical limitations. Use in unused scripted triggers and effects also does not count
[15:12:08][jomini_effect.cpp:1145] [original line 11565] Variable 'asoiaf_canon_children_Martell_4_born_variable' is set but is never used. Note that use in localization doesn't count due to technical limitations. Use in unused scripted triggers and effects also does not count
[15:12:08][jomini_effect.cpp:1145] [original line 11566] Variable 'asoiaf_canon_children_Cole_11_born_variable' is set but is never used. Note that use in localization doesn't count due to technical limitations. Use in unused scripted triggers and effects also does not count
[15:12:08][jomini_effect.cpp:1145] [original line 11567] Variable 'asoiaf_is_needle' is set but is never used. Note that use in localization doesn't count due to technical limitations. Use in unused scripted triggers and effects also does not count
[15:12:08][jomini_effect.cpp:1145] [original line 11568] Variable 'asoiaf_canon_children_Baratheon_75_born_variable' is set but is never used. Note that use in localization doesn't count due to technical limitations. Use in unused scripted triggers and effects also does not count
[15:12:08][jomini_effect.cpp:1145] [original line 11569] Variable 'asoiaf_is_red_vipers_spear' is set but is never used. Note that use in localization doesn't count due to technical limitations. Use in unused scripted triggers and effects also does not count
[15:12:08][jomini_effect.cpp:1145] [original line 11570] Variable 'asoiaf_canon_children_Hightower_90_born_variable' is set but is never used. Note that use in localization doesn't count due to technical limitations. Use in unused scripted triggers and effects also does not count
[15:12:08][jomini_effect.cpp:1145] [original line 11571] Variable 'asoiaf_canon_children_Targaryen_29_born_variable' is set but is never used. Note that use in localization doesn't count due to technical limitations. Use in unused scripted triggers and effects also does not count
[15:12:08][jomini_effect.cpp:1145] [original line 11572] Variable 'seafoam_artifact' is set but is never used. Note that use in localization doesn't count due to technical limitations. Use in unused scripted triggers and effects also does not count
[15:12:08][jomini_effect.cpp:1161] [original line 11573] Event target 'asoiaf_targaryen_invasion_claimant' is used but is never set. Setting it in an unused scripted trigger or effect does not count
[15:12:08][history.cpp:644] [original line 11574] Referencing non-existent character in script link character:Gardener_75
[15:12:08][history.cpp:644] [original line 11575] Referencing non-existent character in script link character:Gardener_75
[15:12:08][history.cpp:644] [original line 11576] Referencing non-existent character in script link character:Dormund_1
[15:12:08][history.cpp:644] [original line 11577] Referencing non-existent character in script link character:Dormund_1
[15:12:08][history.cpp:644] [original line 11578] Referencing non-existent character in script link character:Broome_rs_54
[15:12:08][history.cpp:644] [original line 11579] Referencing non-existent character in script link character:Dormund_1
[15:12:08][history.cpp:644] [original line 11580] Referencing non-existent character in script link character:Dormund_1
[15:12:08][history.cpp:644] [original line 11581] Referencing non-existent character in script link character:Hotah_rs_2
[15:12:08][history.cpp:644] [original line 11582] Referencing non-existent character in script link character:Hotah_rs_2
[15:12:08][history.cpp:644] [original line 11583] Referencing non-existent character in script link character:asoiaf_Targaryen_61_1
[15:12:08][history.cpp:644] [original line 11584] Referencing non-existent character in script link character:asoiaf_Targaryen_61_1
[15:12:08][history.cpp:644] [original line 11585] Referencing non-existent character in script link character:Stark_asoiaf_87
[15:12:08][history.cpp:644] [original line 11586] Referencing non-existent character in script link character:Stark_asoiaf_88
[15:12:08][history.cpp:644] [original line 11587] Referencing non-existent character in script link character:Stark_asoiaf_94
[15:12:08][history.cpp:644] [original line 11588] Referencing non-existent character in script link character:Stark_asoiaf_95
[15:12:08][history.cpp:644] [original line 11589] Referencing non-existent character in script link character:Stark_asoiaf_96
[15:12:08][history.cpp:644] [original line 11590] Referencing non-existent character in script link character:Stark_asoiaf_97
[15:12:08][history.cpp:644] [original line 11591] Referencing non-existent character in script link character:Stark_asoiaf_98
[15:12:08][history.cpp:644] [original line 11592] Referencing non-existent character in script link character:Stark_asoiaf_99
[15:12:08][history.cpp:644] [original line 11593] Referencing non-existent character in script link character:Stark_asoiaf_100
[15:12:08][history.cpp:644] [original line 11594] Referencing non-existent character in script link character:Stark_asoiaf_101
[15:12:08][history.cpp:644] [original line 11595] Referencing non-existent character in script link character:Stark_asoiaf_102
[15:12:08][history.cpp:644] [original line 11596] Referencing non-existent character in script link character:Stark_asoiaf_103
[15:12:08][history.cpp:644] [original line 11597] Referencing non-existent character in script link character:Arryn_asoiaf_7
[15:12:08][history.cpp:644] [original line 11598] Referencing non-existent character in script link character:Tyrell_asoiaf_9
[15:12:08][history.cpp:644] [original line 11599] Referencing non-existent character in script link character:Tyrell_asoiaf_10
[15:12:08][history.cpp:644] [original line 11600] Referencing non-existent character in script link character:Hightower_asoiaf_96
[15:12:08][history.cpp:644] [original line 11601] Referencing non-existent character in script link character:Hightower_asoiaf_98
[15:12:08][history.cpp:644] [original line 11602] Referencing non-existent character in script link character:Targaryen_asoiaf_30
[15:12:08][history.cpp:644] [original line 11603] Referencing non-existent character in script link character:Targaryen_asoiaf_31
[15:12:08][history.cpp:644] [original line 11604] Referencing non-existent character in script link character:Targaryen_asoiaf_32
[15:12:08][history.cpp:644] [original line 11605] Referencing non-existent character in script link character:Targaryen_asoiaf_33
[15:12:08][history.cpp:644] [original line 11606] Referencing non-existent character in script link character:Targaryen_asoiaf_34
[15:12:08][history.cpp:644] [original line 11607] Referencing non-existent character in script link character:Targaryen_asoiaf_37
[15:12:08][history.cpp:644] [original line 11608] Referencing non-existent character in script link character:Targaryen_asoiaf_38
[15:12:08][history.cpp:644] [original line 11609] Referencing non-existent character in script link character:Targaryen_asoiaf_40
[15:12:08][history.cpp:644] [original line 11610] Referencing non-existent character in script link character:Targaryen_asoiaf_39
[15:12:08][history.cpp:644] [original line 11611] Referencing non-existent character in script link character:Targaryen_asoiaf_41
[15:12:08][history.cpp:644] [original line 11612] Referencing non-existent character in script link character:Targaryen_asoiaf_42
[15:12:08][history.cpp:644] [original line 11613] Referencing non-existent character in script link character:Targaryen_asoiaf_43
[15:12:08][history.cpp:644] [original line 11614] Referencing non-existent character in script link character:Targaryen_asoiaf_44
[15:12:08][history.cpp:644] [original line 11615] Referencing non-existent character in script link character:Targaryen_asoiaf_49
[15:12:08][history.cpp:644] [original line 11616] Referencing non-existent character in script link character:Targaryen_asoiaf_52
[15:12:08][history.cpp:644] [original line 11617] Referencing non-existent character in script link character:Targaryen_asoiaf_53
[15:12:08][history.cpp:644] [original line 11618] Referencing non-existent character in script link character:Targaryen_asoiaf_54
[15:12:08][history.cpp:644] [original line 11619] Referencing non-existent character in script link character:Targaryen_asoiaf_55
[15:12:08][history.cpp:644] [original line 11620] Referencing non-existent character in script link character:Targaryen_asoiaf_55_1
[15:12:08][history.cpp:644] [original line 11621] Referencing non-existent character in script link character:Targaryen_asoiaf_56
[15:12:08][history.cpp:644] [original line 11622] Referencing non-existent character in script link character:Targaryen_asoiaf_57
[15:12:08][history.cpp:644] [original line 11623] Referencing non-existent character in script link character:Targaryen_asoiaf_58
[15:12:08][history.cpp:644] [original line 11624] Referencing non-existent character in script link character:Hammer_asoiaf_2
[15:12:08][history.cpp:644] [original line 11625] Referencing non-existent character in script link character:Targaryen_asoiaf_62
[15:12:08][history.cpp:644] [original line 11626] Referencing non-existent character in script link character:Targaryen_asoiaf_131
[15:12:08][history.cpp:644] [original line 11627] Referencing non-existent character in script link character:Targaryen_asoiaf_64
[15:12:08][history.cpp:644] [original line 11628] Referencing non-existent character in script link character:Targaryen_asoiaf_61_1
[15:12:08][history.cpp:644] [original line 11629] Referencing non-existent character in script link character:Targaryen_asoiaf_80
[15:12:08][history.cpp:644] [original line 11630] Referencing non-existent character in script link character:Targaryen_asoiaf_88
[15:12:08][history.cpp:644] [original line 11631] Referencing non-existent character in script link character:Targaryen_asoiaf_91
[15:12:08][history.cpp:644] [original line 11632] Referencing non-existent character in script link character:Targaryen_asoiaf_134
[15:12:08][history.cpp:644] [original line 11633] Referencing non-existent character in script link character:Targaryen_asoiaf_132
[15:12:08][history.cpp:644] [original line 11634] Referencing non-existent character in script link character:Targaryen_asoiaf_133
[15:12:08][history.cpp:644] [original line 11635] Referencing non-existent character in script link character:Targaryen_asoiaf_92
[15:12:08][history.cpp:644] [original line 11636] Referencing non-existent character in script link character:Targaryen_asoiaf_93
[15:12:08][history.cpp:644] [original line 11637] Referencing non-existent character in script link character:Targaryen_asoiaf_135
[15:12:08][history.cpp:644] [original line 11638] Referencing non-existent character in script link character:Targaryen_asoiaf_94
[15:12:08][history.cpp:644] [original line 11639] Referencing non-existent character in script link character:Targaryen_asoiaf_108
[15:12:08][history.cpp:644] [original line 11640] Referencing non-existent character in script link character:Targaryen_asoiaf_109
[15:12:08][history.cpp:644] [original line 11641] Referencing non-existent character in script link character:Targaryen_asoiaf_112
[15:12:08][history.cpp:644] [original line 11642] Referencing non-existent character in script link character:Targaryen_asoiaf_113
[15:12:08][history.cpp:644] [original line 11643] Referencing non-existent character in script link character:Targaryen_asoiaf_114
[15:12:08][history.cpp:644] [original line 11644] Referencing non-existent character in script link character:Targaryen_asoiaf_115
[15:12:08][history.cpp:644] [original line 11645] Referencing non-existent character in script link character:Targaryen_asoiaf_116
[15:12:08][history.cpp:644] [original line 11646] Referencing non-existent character in script link character:Targaryen_asoiaf_117
[15:12:08][history.cpp:644] [original line 11647] Referencing non-existent character in script link character:Targaryen_asoiaf_121
[15:12:08][history.cpp:644] [original line 11648] Referencing non-existent character in script link character:Targaryen_asoiaf_123
[15:12:08][history.cpp:644] [original line 11649] Referencing non-existent character in script link character:Targaryen_asoiaf_124
[15:12:08][history.cpp:644] [original line 11650] Referencing non-existent character in script link character:Targaryen_asoiaf_125
[15:12:08][history.cpp:644] [original line 11651] Referencing non-existent character in script link character:Targaryen_asoiaf_4
[15:12:08][history.cpp:644] [original line 11652] Referencing non-existent character in script link character:Targaryen_asoiaf_5
[15:12:08][history.cpp:644] [original line 11653] Referencing non-existent character in script link character:Targaryen_asoiaf_6
[15:12:08][history.cpp:644] [original line 11654] Referencing non-existent character in script link character:Targaryen_asoiaf_7
[15:12:08][history.cpp:644] [original line 11655] Referencing non-existent character in script link character:Dayne_asoiaf_3
[15:12:08][history.cpp:644] [original line 11656] Referencing non-existent character in script link character:Dayne_asoiaf_6
[15:12:08][history.cpp:644] [original line 11657] Referencing non-existent character in script link character:Dayne_asoiaf_7
[15:12:08][history.cpp:644] [original line 11658] Referencing non-existent character in script link character:Tully_asoiaf_2
[15:12:08][history.cpp:644] [original line 11659] Referencing non-existent character in script link character:Tully_asoiaf_3
[15:12:08][history.cpp:644] [original line 11660] Referencing non-existent character in script link character:Tully_asoiaf_8
[15:12:08][history.cpp:644] [original line 11661] Referencing non-existent character in script link character:Strong_asoiaf_32
[15:12:08][history.cpp:644] [original line 11662] Referencing non-existent character in script link character:Strong_asoiaf_33
[15:12:08][history.cpp:644] [original line 11663] Referencing non-existent character in script link character:Greyjoy_asoiaf_11
[15:12:08][history.cpp:644] [original line 11664] Referencing non-existent character in script link character:Greyjoy_asoiaf_12
[15:12:08][history.cpp:644] [original line 11665] Referencing non-existent character in script link character:Targaryen_61_1
[15:12:08][history.cpp:644] [original line 11666] Referencing non-existent character in script link character:Targaryen_61_1
[15:12:08][history.cpp:644] [original line 11667] Referencing non-existent character in script link character:Targaryen_61_1
[15:12:08][history.cpp:644] [original line 11668] Referencing non-existent character in script link character:Targaryen_61_1