[15:10:58][pdx_localize.cpp:279] [original line 2] Duplicate localization key. Key 'PORTRAIT_MODIFIER_custom_cloaks_female_cloak_asoiaf_nights_watch_cloak_1' is defined in both 'localization/russian/asoiaf_barbershop_l_russian.yml' and 'localization/russian/asoiaf_barbershop_l_russian.yml'.
[15:10:58][pdx_localize.cpp:279] [original line 3] Duplicate localization key. Key 'agot_dragon_laid_clutch_1' is defined in both 'localization/russian/more_dragon_eggs_decisions_l_russian.yml' and 'localization/russian/agot/agot_memories_l_russian.yml'.
[15:10:58][pdx_localize.cpp:279] [original line 4] Duplicate localization key. Key 'agot_laid_clutch_desc_1' is defined in both 'localization/russian/more_dragon_eggs_decisions_l_russian.yml' and 'localization/russian/agot/agot_memories_l_russian.yml'.
[15:10:58][pdx_localize.cpp:279] [original line 5] Duplicate localization key. Key 'agot_laid_clutch_desc_second_perspective_1' is defined in both 'localization/russian/more_dragon_eggs_decisions_l_russian.yml' and 'localization/russian/agot/agot_memories_l_russian.yml'.
[15:10:58][pdx_localize.cpp:279] [original line 6] Duplicate localization key. Key 'agot_laid_clutch_desc_third_perspective_1' is defined in both 'localization/russian/more_dragon_eggs_decisions_l_russian.yml' and 'localization/russian/agot/agot_memories_l_russian.yml'.
[15:10:58][pdx_localize.cpp:279] [original line 7] Duplicate localization key. Key 'agot_dragon_laid_clutch_2' is defined in both 'localization/russian/more_dragon_eggs_decisions_l_russian.yml' and 'localization/russian/agot/agot_memories_l_russian.yml'.
[15:10:58][pdx_localize.cpp:279] [original line 8] Duplicate localization key. Key 'agot_laid_clutch_desc_2' is defined in both 'localization/russian/more_dragon_eggs_decisions_l_russian.yml' and 'localization/russian/agot/agot_memories_l_russian.yml'.
[15:10:58][pdx_localize.cpp:279] [original line 9] Duplicate localization key. Key 'agot_laid_clutch_desc_second_perspective_2' is defined in both 'localization/russian/more_dragon_eggs_decisions_l_russian.yml' and 'localization/russian/agot/agot_memories_l_russian.yml'.
[15:10:58][pdx_localize.cpp:279] [original line 10] Duplicate localization key. Key 'agot_laid_clutch_desc_third_perspective_2' is defined in both 'localization/russian/more_dragon_eggs_decisions_l_russian.yml' and 'localization/russian/agot/agot_memories_l_russian.yml'.
[15:10:58][pdx_localize.cpp:279] [original line 11] Duplicate localization key. Key 'agot_dragon_laid_clutch_3' is defined in both 'localization/russian/more_dragon_eggs_decisions_l_russian.yml' and 'localization/russian/agot/agot_memories_l_russian.yml'.
[15:10:58][pdx_localize.cpp:279] [original line 12] Duplicate localization key. Key 'agot_laid_clutch_desc_3' is defined in both 'localization/russian/more_dragon_eggs_decisions_l_russian.yml' and 'localization/russian/agot/agot_memories_l_russian.yml'.
[15:10:58][pdx_localize.cpp:279] [original line 13] Duplicate localization key. Key 'agot_laid_clutch_desc_second_perspective_3' is defined in both 'localization/russian/more_dragon_eggs_decisions_l_russian.yml' and 'localization/russian/agot/agot_memories_l_russian.yml'.
[15:10:58][pdx_localize.cpp:279] [original line 14] Duplicate localization key. Key 'agot_laid_clutch_desc_third_perspective_3' is defined in both 'localization/russian/more_dragon_eggs_decisions_l_russian.yml' and 'localization/russian/agot/agot_memories_l_russian.yml'.
[15:10:58][pdx_localize.cpp:279] [original line 15] Duplicate localization key. Key 'agot_dragon_laid_clutch_4' is defined in both 'localization/russian/more_dragon_eggs_decisions_l_russian.yml' and 'localization/russian/agot/agot_memories_l_russian.yml'.
[15:10:58][pdx_localize.cpp:279] [original line 16] Duplicate localization key. Key 'agot_laid_clutch_desc_4' is defined in both 'localization/russian/more_dragon_eggs_decisions_l_russian.yml' and 'localization/russian/agot/agot_memories_l_russian.yml'.
[15:10:58][pdx_localize.cpp:279] [original line 17] Duplicate localization key. Key 'agot_laid_clutch_desc_second_perspective_4' is defined in both 'localization/russian/more_dragon_eggs_decisions_l_russian.yml' and 'localization/russian/agot/agot_memories_l_russian.yml'.
[15:10:58][pdx_localize.cpp:279] [original line 18] Duplicate localization key. Key 'agot_laid_clutch_desc_third_perspective_4' is defined in both 'localization/russian/more_dragon_eggs_decisions_l_russian.yml' and 'localization/russian/agot/agot_memories_l_russian.yml'.
[15:10:58][pdx_localize.cpp:279] [original line 19] Duplicate localization key. Key 'agot_dragon_laid_clutch_5' is defined in both 'localization/russian/more_dragon_eggs_decisions_l_russian.yml' and 'localization/russian/agot/agot_memories_l_russian.yml'.
[15:10:58][pdx_localize.cpp:279] [original line 20] Duplicate localization key. Key 'agot_laid_clutch_desc_5' is defined in both 'localization/russian/more_dragon_eggs_decisions_l_russian.yml' and 'localization/russian/agot/agot_memories_l_russian.yml'.
[15:10:58][pdx_localize.cpp:279] [original line 21] Duplicate localization key. Key 'agot_laid_clutch_desc_second_perspective_5' is defined in both 'localization/russian/more_dragon_eggs_decisions_l_russian.yml' and 'localization/russian/agot/agot_memories_l_russian.yml'.
[15:10:58][pdx_localize.cpp:279] [original line 22] Duplicate localization key. Key 'agot_laid_clutch_desc_third_perspective_5' is defined in both 'localization/russian/more_dragon_eggs_decisions_l_russian.yml' and 'localization/russian/agot/agot_memories_l_russian.yml'.
[15:10:58][pdx_localize.cpp:279] [original line 23] Duplicate localization key. Key 'visenya_circlet_name' is defined in both 'localization/russian/ntc_artifacts_l_russian.yml' and 'localization/russian/agot/artifacts/agot_artifacts_l_russian.yml'.
[15:10:58][pdx_localize.cpp:279] [original line 24] Duplicate localization key. Key 'visenya_circlet_description' is defined in both 'localization/russian/ntc_artifacts_l_russian.yml' and 'localization/russian/agot/artifacts/agot_artifacts_l_russian.yml'.
[15:10:58][pdx_localize.cpp:279] [original line 25] Duplicate localization key. Key 'daemonblackfyre_crown_name' is defined in both 'localization/russian/ntc_artifacts_l_russian.yml' and 'localization/russian/agot/artifacts/agot_artifacts_l_russian.yml'.
[15:10:58][pdx_localize.cpp:279] [original line 26] Duplicate localization key. Key 'daemonblackfyre_crown_description' is defined in both 'localization/russian/ntc_artifacts_l_russian.yml' and 'localization/russian/agot/artifacts/agot_artifacts_l_russian.yml'.
[15:10:58][pdx_localize.cpp:279] [original line 27] Duplicate localization key. Key 'crown_of_gardener_war_iron_name' is defined in both 'localization/russian/ntc_artifacts_l_russian.yml' and 'localization/russian/agot/artifacts/agot_artifacts_l_russian.yml'.
[15:10:58][pdx_localize.cpp:279] [original line 28] Duplicate localization key. Key 'crown_of_gardener_war_iron_description' is defined in both 'localization/russian/ntc_artifacts_l_russian.yml' and 'localization/russian/agot/artifacts/agot_artifacts_l_russian.yml'.
[15:10:58][pdx_localize.cpp:279] [original line 29] Duplicate localization key. Key 'crown_of_westerling_name' is defined in both 'localization/russian/ntc_artifacts_l_russian.yml' and 'localization/russian/agot/artifacts/agot_artifacts_l_russian.yml'.
[15:10:58][pdx_localize.cpp:279] [original line 30] Duplicate localization key. Key 'crown_of_westerling_description' is defined in both 'localization/russian/ntc_artifacts_l_russian.yml' and 'localization/russian/agot/artifacts/agot_artifacts_l_russian.yml'.
[15:10:58][pdx_localize.cpp:279] [original line 31] Duplicate localization key. Key 'agot_dragon_maintenance.0802.t' is defined in both 'localization/russian/more_dragon_eggs_events_l_russian.yml' and 'localization/russian/agot/event_localization/agot_dragon_maintenance_l_russian.yml'.
[15:10:58][pdx_localize.cpp:279] [original line 32] Duplicate localization key. Key 'agot_dragon_maintenance.0802.desc' is defined in both 'localization/russian/more_dragon_eggs_events_l_russian.yml' and 'localization/russian/agot/event_localization/agot_dragon_maintenance_l_russian.yml'.
[15:10:58][pdx_localize.cpp:279] [original line 33] Duplicate localization key. Key 'agot_filler_crownlands.0004.t' is defined in both 'localization/russian/more_dragon_eggs_events_l_russian.yml' and 'localization/russian/agot/event_localization/filler_events/agot_filler_events_crownlands_l_russian.yml'.
[15:10:58][pdx_localize.cpp:279] [original line 34] Duplicate localization key. Key 'agot_filler_crownlands.0004.desc' is defined in both 'localization/russian/more_dragon_eggs_events_l_russian.yml' and 'localization/russian/agot/event_localization/filler_events/agot_filler_events_crownlands_l_russian.yml'.
[15:10:58][pdx_localize.cpp:279] [original line 35] Duplicate localization key. Key 'agot_filler_crownlands.0004.a' is defined in both 'localization/russian/more_dragon_eggs_events_l_russian.yml' and 'localization/russian/agot/event_localization/filler_events/agot_filler_events_crownlands_l_russian.yml'.
[15:10:58][pdx_localize.cpp:279] [original line 36] Duplicate localization key. Key 'agot_filler_crownlands.0004.tt' is defined in both 'localization/russian/more_dragon_eggs_events_l_russian.yml' and 'localization/russian/agot/event_localization/filler_events/agot_filler_events_crownlands_l_russian.yml'.
[15:10:58][pdx_localize.cpp:279] [original line 37] Duplicate localization key. Key 'PORTRAIT_MODIFIER_custom_headgear_crown_of_the_grey_king_rusted' is defined in both 'localization/russian/agot_westeroscrowns_portrait_modifiers_l_russian.yml' and 'localization/russian/agot/portraits/agot_portrait_modifiers_l_russian.yml'.
[15:10:58][pdx_localize.cpp:279] [original line 38] Duplicate localization key. Key 'PORTRAIT_MODIFIER_custom_headgear_female_crown_of_the_grey_king_rusted' is defined in both 'localization/russian/agot_westeroscrowns_portrait_modifiers_l_russian.yml' and 'localization/russian/agot/portraits/agot_portrait_modifiers_l_russian.yml'.
[15:10:58][pdx_localize.cpp:279] [original line 39] Duplicate localization key. Key 'PORTRAIT_MODIFIER_custom_headgear_crown_of_gardener_war_iron' is defined in both 'localization/russian/agot_westeroscrowns_portrait_modifiers_l_russian.yml' and 'localization/russian/agot/portraits/agot_portrait_modifiers_l_russian.yml'.
[15:10:58][pdx_localize.cpp:279] [original line 40] Duplicate localization key. Key 'PORTRAIT_MODIFIER_custom_headgear_female_crown_of_gardener_war_iron' is defined in both 'localization/russian/agot_westeroscrowns_portrait_modifiers_l_russian.yml' and 'localization/russian/agot/portraits/agot_portrait_modifiers_l_russian.yml'.
[15:10:58][pdx_localize.cpp:279] [original line 41] Duplicate localization key. Key 'artifact_vs_sword_1_name' is defined in both 'localization/russian/targ_artifacts_l_russian.yml' and 'localization/russian/artifacts/targ_artifacts_l_russian.yml'.
[15:10:58][pdx_localize.cpp:279] [original line 42] Duplicate localization key. Key 'artifact_vs_sword_1_description' is defined in both 'localization/russian/targ_artifacts_l_russian.yml' and 'localization/russian/artifacts/targ_artifacts_l_russian.yml'.
[15:10:58][pdx_localize.cpp:279] [original line 43] Duplicate localization key. Key 'artifact_vs_sword_2_name' is defined in both 'localization/russian/targ_artifacts_l_russian.yml' and 'localization/russian/artifacts/targ_artifacts_l_russian.yml'.
[15:10:58][pdx_localize.cpp:279] [original line 44] Duplicate localization key. Key 'artifact_vs_sword_2_description' is defined in both 'localization/russian/targ_artifacts_l_russian.yml' and 'localization/russian/artifacts/targ_artifacts_l_russian.yml'.
[15:10:58][pdx_localize.cpp:279] [original line 45] Duplicate localization key. Key 'artifact_vs_sword_3_name' is defined in both 'localization/russian/targ_artifacts_l_russian.yml' and 'localization/russian/artifacts/targ_artifacts_l_russian.yml'.
[15:10:58][pdx_localize.cpp:279] [original line 46] Duplicate localization key. Key 'artifact_vs_sword_3_description' is defined in both 'localization/russian/targ_artifacts_l_russian.yml' and 'localization/russian/artifacts/targ_artifacts_l_russian.yml'.
[15:10:58][pdx_localize.cpp:279] [original line 47] Duplicate localization key. Key 'artifact_vs_sword_4_name' is defined in both 'localization/russian/targ_artifacts_l_russian.yml' and 'localization/russian/artifacts/targ_artifacts_l_russian.yml'.
[15:10:58][pdx_localize.cpp:279] [original line 48] Duplicate localization key. Key 'artifact_vs_sword_4_description' is defined in both 'localization/russian/targ_artifacts_l_russian.yml' and 'localization/russian/artifacts/targ_artifacts_l_russian.yml'.
[15:10:58][pdx_localize.cpp:279] [original line 49] Duplicate localization key. Key 'artifact_vs_axe_name' is defined in both 'localization/russian/targ_artifacts_l_russian.yml' and 'localization/russian/artifacts/targ_artifacts_l_russian.yml'.
[15:10:58][pdx_localize.cpp:279] [original line 50] Duplicate localization key. Key 'artifact_vs_axe_description' is defined in both 'localization/russian/targ_artifacts_l_russian.yml' and 'localization/russian/artifacts/targ_artifacts_l_russian.yml'.
[15:10:58][pdx_localize.cpp:279] [original line 51] Duplicate localization key. Key 'artifact_vs_mace_name' is defined in both 'localization/russian/targ_artifacts_l_russian.yml' and 'localization/russian/artifacts/targ_artifacts_l_russian.yml'.
[15:10:58][pdx_localize.cpp:279] [original line 52] Duplicate localization key. Key 'artifact_vs_mace_description' is defined in both 'localization/russian/targ_artifacts_l_russian.yml' and 'localization/russian/artifacts/targ_artifacts_l_russian.yml'.
[15:10:58][pdx_localize.cpp:279] [original line 53] Duplicate localization key. Key 'artifact_vs_spear_1_name' is defined in both 'localization/russian/targ_artifacts_l_russian.yml' and 'localization/russian/artifacts/targ_artifacts_l_russian.yml'.
[15:10:58][pdx_localize.cpp:279] [original line 54] Duplicate localization key. Key 'artifact_vs_spear_1_description' is defined in both 'localization/russian/targ_artifacts_l_russian.yml' and 'localization/russian/artifacts/targ_artifacts_l_russian.yml'.
[15:10:58][pdx_localize.cpp:279] [original line 55] Duplicate localization key. Key 'artifact_vs_dagger_1_name' is defined in both 'localization/russian/targ_artifacts_l_russian.yml' and 'localization/russian/artifacts/targ_artifacts_l_russian.yml'.
[15:10:58][pdx_localize.cpp:279] [original line 56] Duplicate localization key. Key 'artifact_vs_dagger_1_description' is defined in both 'localization/russian/targ_artifacts_l_russian.yml' and 'localization/russian/artifacts/targ_artifacts_l_russian.yml'.
[15:10:58][pdx_localize.cpp:279] [original line 57] Duplicate localization key. Key 'artifact_vs_halberd_name' is defined in both 'localization/russian/targ_artifacts_l_russian.yml' and 'localization/russian/artifacts/targ_artifacts_l_russian.yml'.
[15:10:58][pdx_localize.cpp:279] [original line 58] Duplicate localization key. Key 'artifact_vs_halberd_description' is defined in both 'localization/russian/targ_artifacts_l_russian.yml' and 'localization/russian/artifacts/targ_artifacts_l_russian.yml'.
[15:10:58][pdx_localize.cpp:279] [original line 59] Duplicate localization key. Key 'artifact_dragon_horn_name' is defined in both 'localization/russian/targ_artifacts_l_russian.yml' and 'localization/russian/artifacts/targ_artifacts_l_russian.yml'.
[15:10:58][pdx_localize.cpp:279] [original line 60] Duplicate localization key. Key 'dragon_horn_desc' is defined in both 'localization/russian/targ_artifacts_l_russian.yml' and 'localization/russian/artifacts/targ_artifacts_l_russian.yml'.
[15:10:58][pdx_localize.cpp:279] [original line 61] Duplicate localization key. Key 'dragon_horn_end_desc' is defined in both 'localization/russian/targ_artifacts_l_russian.yml' and 'localization/russian/artifacts/targ_artifacts_l_russian.yml'.
[15:10:58][pdx_localize.cpp:279] [original line 62] Duplicate localization key. Key 'dragon_horn_silver_desc' is defined in both 'localization/russian/targ_artifacts_l_russian.yml' and 'localization/russian/artifacts/targ_artifacts_l_russian.yml'.
[15:10:58][pdx_localize.cpp:279] [original line 63] Duplicate localization key. Key 'dragon_horn_black_desc' is defined in both 'localization/russian/targ_artifacts_l_russian.yml' and 'localization/russian/artifacts/targ_artifacts_l_russian.yml'.
[15:10:58][pdx_localize.cpp:279] [original line 64] Duplicate localization key. Key 'dragon_horn_red_desc' is defined in both 'localization/russian/targ_artifacts_l_russian.yml' and 'localization/russian/artifacts/targ_artifacts_l_russian.yml'.
[15:10:58][pdx_localize.cpp:279] [original line 65] Duplicate localization key. Key 'dragon_horn_brown_desc' is defined in both 'localization/russian/targ_artifacts_l_russian.yml' and 'localization/russian/artifacts/targ_artifacts_l_russian.yml'.
[15:10:58][pdx_localize.cpp:279] [original line 66] Duplicate localization key. Key 'dragon_horn_blackGold_desc' is defined in both 'localization/russian/targ_artifacts_l_russian.yml' and 'localization/russian/artifacts/targ_artifacts_l_russian.yml'.
[15:10:58][pdx_localize.cpp:279] [original line 67] Duplicate localization key. Key 'dragon_horn_tan_desc' is defined in both 'localization/russian/targ_artifacts_l_russian.yml' and 'localization/russian/artifacts/targ_artifacts_l_russian.yml'.
[15:10:58][pdx_localize.cpp:279] [original line 68] Duplicate localization key. Key 'artifact_dragon_whip' is defined in both 'localization/russian/targ_artifacts_l_russian.yml' and 'localization/russian/artifacts/targ_artifacts_l_russian.yml'.
[15:10:58][pdx_localize.cpp:279] [original line 69] Duplicate localization key. Key 'artifact_dragon_whip_desc' is defined in both 'localization/russian/targ_artifacts_l_russian.yml' and 'localization/russian/artifacts/targ_artifacts_l_russian.yml'.
[15:10:58][pdx_localize.cpp:279] [original line 70] Duplicate localization key. Key 'artifact_valyrian_book' is defined in both 'localization/russian/targ_artifacts_l_russian.yml' and 'localization/russian/artifacts/targ_artifacts_l_russian.yml'.
[15:10:58][pdx_localize.cpp:279] [original line 71] Duplicate localization key. Key 'valyrian_book_desc' is defined in both 'localization/russian/targ_artifacts_l_russian.yml' and 'localization/russian/artifacts/targ_artifacts_l_russian.yml'.
[15:10:58][pdx_localize.cpp:279] [original line 72] Duplicate localization key. Key 'artifact_vs_goblet_name' is defined in both 'localization/russian/targ_artifacts_l_russian.yml' and 'localization/russian/artifacts/targ_artifacts_l_russian.yml'.
[15:10:58][pdx_localize.cpp:279] [original line 73] Duplicate localization key. Key 'artifact_vs_goblet' is defined in both 'localization/russian/targ_artifacts_l_russian.yml' and 'localization/russian/artifacts/targ_artifacts_l_russian.yml'.
[15:10:58][pdx_localize.cpp:279] [original line 74] Duplicate localization key. Key 'artifact_vs_goblet_description' is defined in both 'localization/russian/targ_artifacts_l_russian.yml' and 'localization/russian/artifacts/targ_artifacts_l_russian.yml'.
[15:10:58][pdx_localize.cpp:279] [original line 75] Duplicate localization key. Key 'DIAnd1' is defined in both 'localization/russian/custom_localization/DI_RUS_custom_loc_l_russian.yml' and 'localization/russian/custom_localization/DI_custom_loc_l_russian.yml'.
[15:10:58][pdx_localize.cpp:279] [original line 76] Duplicate localization key. Key 'DIAnd2' is defined in both 'localization/russian/custom_localization/DI_RUS_custom_loc_l_russian.yml' and 'localization/russian/custom_localization/DI_custom_loc_l_russian.yml'.
[15:10:58][pdx_localize.cpp:279] [original line 77] Duplicate localization key. Key 'DIOf1' is defined in both 'localization/russian/custom_localization/DI_RUS_custom_loc_l_russian.yml' and 'localization/russian/custom_localization/DI_custom_loc_l_russian.yml'.
[15:10:58][pdx_localize.cpp:279] [original line 78] Duplicate localization key. Key 'DIOf2' is defined in both 'localization/russian/custom_localization/DI_RUS_custom_loc_l_russian.yml' and 'localization/russian/custom_localization/DI_custom_loc_l_russian.yml'.
[15:10:58][pdx_localize.cpp:279] [original line 79] Duplicate localization key. Key 'DI_primary_character_0' is defined in both 'localization/russian/custom_localization/DI_RUS_custom_loc_l_russian.yml' and 'localization/russian/custom_localization/DI_custom_loc_l_russian.yml'.
[15:10:58][pdx_localize.cpp:279] [original line 80] Duplicate localization key. Key 'DI_primary_character_1' is defined in both 'localization/russian/custom_localization/DI_RUS_custom_loc_l_russian.yml' and 'localization/russian/custom_localization/DI_custom_loc_l_russian.yml'.
[15:10:58][pdx_localize.cpp:279] [original line 81] Duplicate localization key. Key 'DI_primary_character_2' is defined in both 'localization/russian/custom_localization/DI_RUS_custom_loc_l_russian.yml' and 'localization/russian/custom_localization/DI_custom_loc_l_russian.yml'.
[15:10:58][pdx_localize.cpp:279] [original line 82] Duplicate localization key. Key 'DI_secondary_character_0' is defined in both 'localization/russian/custom_localization/DI_RUS_custom_loc_l_russian.yml' and 'localization/russian/custom_localization/DI_custom_loc_l_russian.yml'.
[15:10:58][pdx_localize.cpp:279] [original line 83] Duplicate localization key. Key 'DI_secondary_character_1' is defined in both 'localization/russian/custom_localization/DI_RUS_custom_loc_l_russian.yml' and 'localization/russian/custom_localization/DI_custom_loc_l_russian.yml'.
[15:10:58][pdx_localize.cpp:279] [original line 84] Duplicate localization key. Key 'DI_tertiary_character_0' is defined in both 'localization/russian/custom_localization/DI_RUS_custom_loc_l_russian.yml' and 'localization/russian/custom_localization/DI_custom_loc_l_russian.yml'.
[15:10:58][pdx_localize.cpp:279] [original line 85] Duplicate localization key. Key 'DI_tertiary_character_1' is defined in both 'localization/russian/custom_localization/DI_RUS_custom_loc_l_russian.yml' and 'localization/russian/custom_localization/DI_custom_loc_l_russian.yml'.
[15:10:58][pdx_localize.cpp:279] [original line 86] Duplicate localization key. Key 'DI_tertiary_character_2' is defined in both 'localization/russian/custom_localization/DI_RUS_custom_loc_l_russian.yml' and 'localization/russian/custom_localization/DI_custom_loc_l_russian.yml'.
[15:10:58][pdx_localize.cpp:279] [original line 87] Duplicate localization key. Key 'DIAdopt' is defined in both 'localization/russian/custom_localization/DI_RUS_custom_loc_l_russian.yml' and 'localization/russian/custom_localization/DI_custom_loc_l_russian.yml'.
[15:10:58][pdx_localize.cpp:279] [original line 88] Duplicate localization key. Key 'DIAdopts' is defined in both 'localization/russian/custom_localization/DI_RUS_custom_loc_l_russian.yml' and 'localization/russian/custom_localization/DI_custom_loc_l_russian.yml'.
[15:10:58][pdx_localize.cpp:279] [original line 89] Duplicate localization key. Key 'DI_father_check_1' is defined in both 'localization/russian/custom_localization/DI_RUS_custom_loc_l_russian.yml' and 'localization/russian/custom_localization/DI_custom_loc_l_russian.yml'.
[15:10:58][pdx_localize.cpp:279] [original line 90] Duplicate localization key. Key 'DI_father_check_2' is defined in both 'localization/russian/custom_localization/DI_RUS_custom_loc_l_russian.yml' and 'localization/russian/custom_localization/DI_custom_loc_l_russian.yml'.
[15:10:58][pdx_localize.cpp:279] [original line 91] Duplicate localization key. Key 'DI_betrothed_check_1' is defined in both 'localization/russian/custom_localization/DI_RUS_custom_loc_l_russian.yml' and 'localization/russian/custom_localization/DI_custom_loc_l_russian.yml'.
[15:10:58][pdx_localize.cpp:279] [original line 92] Duplicate localization key. Key 'DI_betrothed_check_2' is defined in both 'localization/russian/custom_localization/DI_RUS_custom_loc_l_russian.yml' and 'localization/russian/custom_localization/DI_custom_loc_l_russian.yml'.
[15:10:58][pdx_localize.cpp:279] [original line 93] Duplicate localization key. Key 'DI_choose_primary_character' is defined in both 'localization/russian/custom_localization/DI_RUS_custom_loc_l_russian.yml' and 'localization/russian/custom_localization/DI_custom_loc_l_russian.yml'.
[15:10:58][pdx_localize.cpp:279] [original line 94] Duplicate localization key. Key 'DI_choose_secondary_character' is defined in both 'localization/russian/custom_localization/DI_RUS_custom_loc_l_russian.yml' and 'localization/russian/custom_localization/DI_custom_loc_l_russian.yml'.
[15:10:58][pdx_localize.cpp:279] [original line 95] Duplicate localization key. Key 'DI_choose_tertiary_character' is defined in both 'localization/russian/custom_localization/DI_RUS_custom_loc_l_russian.yml' and 'localization/russian/custom_localization/DI_custom_loc_l_russian.yml'.
[15:10:58][pdx_localize.cpp:279] [original line 96] Duplicate localization key. Key 'DI_choose_primary_and_secondary_characters' is defined in both 'localization/russian/custom_localization/DI_RUS_custom_loc_l_russian.yml' and 'localization/russian/custom_localization/DI_custom_loc_l_russian.yml'.
[15:10:58][pdx_localize.cpp:279] [original line 97] Duplicate localization key. Key 'DI_choose_primary_and_tertiary_characters' is defined in both 'localization/russian/custom_localization/DI_RUS_custom_loc_l_russian.yml' and 'localization/russian/custom_localization/DI_custom_loc_l_russian.yml'.
[15:10:58][pdx_localize.cpp:279] [original line 98] Duplicate localization key. Key 'DI_adoption_triggered_desc_1' is defined in both 'localization/russian/custom_localization/DI_RUS_custom_loc_l_russian.yml' and 'localization/russian/custom_localization/DI_custom_loc_l_russian.yml'.
[15:10:58][pdx_localize.cpp:279] [original line 99] Duplicate localization key. Key 'DI_adoption_triggered_desc_2' is defined in both 'localization/russian/custom_localization/DI_RUS_custom_loc_l_russian.yml' and 'localization/russian/custom_localization/DI_custom_loc_l_russian.yml'.
[15:10:58][pdx_localize.cpp:279] [original line 100] Duplicate localization key. Key 'DI_adoption_triggered_desc_3' is defined in both 'localization/russian/custom_localization/DI_RUS_custom_loc_l_russian.yml' and 'localization/russian/custom_localization/DI_custom_loc_l_russian.yml'.
[15:10:58][pdx_localize.cpp:279] [original line 101] Duplicate localization key. Key 'DI_adoption_triggered_desc_4' is defined in both 'localization/russian/custom_localization/DI_RUS_custom_loc_l_russian.yml' and 'localization/russian/custom_localization/DI_custom_loc_l_russian.yml'.
[15:10:58][pdx_localize.cpp:279] [original line 102] Duplicate localization key. Key 'DI_adoption_triggered_desc_5' is defined in both 'localization/russian/custom_localization/DI_RUS_custom_loc_l_russian.yml' and 'localization/russian/custom_localization/DI_custom_loc_l_russian.yml'.
[15:10:58][pdx_localize.cpp:279] [original line 103] Duplicate localization key. Key 'DI_adoption_house_triggered_desc_1' is defined in both 'localization/russian/custom_localization/DI_RUS_custom_loc_l_russian.yml' and 'localization/russian/custom_localization/DI_custom_loc_l_russian.yml'.
[15:10:58][pdx_localize.cpp:279] [original line 104] Duplicate localization key. Key 'DI_cadet_branch_triggered_desc_1' is defined in both 'localization/russian/custom_localization/DI_RUS_custom_loc_l_russian.yml' and 'localization/russian/custom_localization/DI_custom_loc_l_russian.yml'.
[15:10:58][pdx_localize.cpp:279] [original line 105] Duplicate localization key. Key 'DI_cadet_branch_triggered_desc_2' is defined in both 'localization/russian/custom_localization/DI_RUS_custom_loc_l_russian.yml' and 'localization/russian/custom_localization/DI_custom_loc_l_russian.yml'.
[15:10:58][pdx_localize.cpp:279] [original line 106] Duplicate localization key. Key 'DI_cadet_branch_triggered_desc_3' is defined in both 'localization/russian/custom_localization/DI_RUS_custom_loc_l_russian.yml' and 'localization/russian/custom_localization/DI_custom_loc_l_russian.yml'.
[15:10:58][pdx_localize.cpp:279] [original line 107] Duplicate localization key. Key 'DI_pregnancy_triggered_desc_1' is defined in both 'localization/russian/custom_localization/DI_RUS_custom_loc_l_russian.yml' and 'localization/russian/custom_localization/DI_custom_loc_l_russian.yml'.
[15:10:58][pdx_localize.cpp:279] [original line 108] Duplicate localization key. Key 'DI_pregnancy_triggered_desc_2' is defined in both 'localization/russian/custom_localization/DI_RUS_custom_loc_l_russian.yml' and 'localization/russian/custom_localization/DI_custom_loc_l_russian.yml'.
[15:10:58][pdx_localize.cpp:279] [original line 109] Duplicate localization key. Key 'DI_pregnancy_triggered_desc_3' is defined in both 'localization/russian/custom_localization/DI_RUS_custom_loc_l_russian.yml' and 'localization/russian/custom_localization/DI_custom_loc_l_russian.yml'.
[15:10:58][pdx_localize.cpp:279] [original line 110] Duplicate localization key. Key 'DI_set_real_father_triggered_desc_1' is defined in both 'localization/russian/custom_localization/DI_RUS_custom_loc_l_russian.yml' and 'localization/russian/custom_localization/DI_custom_loc_l_russian.yml'.
[15:10:58][pdx_localize.cpp:279] [original line 111] Duplicate localization key. Key 'DI_set_real_father_triggered_desc_2' is defined in both 'localization/russian/custom_localization/DI_RUS_custom_loc_l_russian.yml' and 'localization/russian/custom_localization/DI_custom_loc_l_russian.yml'.
[15:10:58][pdx_localize.cpp:279] [original line 112] Duplicate localization key. Key 'DI_set_real_father_triggered_desc_3' is defined in both 'localization/russian/custom_localization/DI_RUS_custom_loc_l_russian.yml' and 'localization/russian/custom_localization/DI_custom_loc_l_russian.yml'.
[15:10:58][pdx_localize.cpp:279] [original line 113] Duplicate localization key. Key 'DI_set_father_as_real_father_triggered_desc_1' is defined in both 'localization/russian/custom_localization/DI_RUS_custom_loc_l_russian.yml' and 'localization/russian/custom_localization/DI_custom_loc_l_russian.yml'.
[15:10:58][pdx_localize.cpp:279] [original line 114] Duplicate localization key. Key 'DI_set_father_as_real_father_triggered_desc_2' is defined in both 'localization/russian/custom_localization/DI_RUS_custom_loc_l_russian.yml' and 'localization/russian/custom_localization/DI_custom_loc_l_russian.yml'.
[15:10:58][pdx_localize.cpp:279] [original line 115] Duplicate localization key. Key 'DI_marry_triggered_desc_1' is defined in both 'localization/russian/custom_localization/DI_RUS_custom_loc_l_russian.yml' and 'localization/russian/custom_localization/DI_custom_loc_l_russian.yml'.
[15:10:58][pdx_localize.cpp:279] [original line 116] Duplicate localization key. Key 'DI_marry_triggered_desc_2' is defined in both 'localization/russian/custom_localization/DI_RUS_custom_loc_l_russian.yml' and 'localization/russian/custom_localization/DI_custom_loc_l_russian.yml'.
[15:10:58][pdx_localize.cpp:279] [original line 117] Duplicate localization key. Key 'DI_marry_triggered_desc_3' is defined in both 'localization/russian/custom_localization/DI_RUS_custom_loc_l_russian.yml' and 'localization/russian/custom_localization/DI_custom_loc_l_russian.yml'.
[15:10:58][pdx_localize.cpp:279] [original line 118] Duplicate localization key. Key 'DI_add_concubine_triggered_desc_1' is defined in both 'localization/russian/custom_localization/DI_RUS_custom_loc_l_russian.yml' and 'localization/russian/custom_localization/DI_custom_loc_l_russian.yml'.
[15:10:58][pdx_localize.cpp:279] [original line 119] Duplicate localization key. Key 'DI_add_concubine_triggered_desc_2' is defined in both 'localization/russian/custom_localization/DI_RUS_custom_loc_l_russian.yml' and 'localization/russian/custom_localization/DI_custom_loc_l_russian.yml'.
[15:10:58][pdx_localize.cpp:279] [original line 120] Duplicate localization key. Key 'DI_add_concubine_triggered_desc_3' is defined in both 'localization/russian/custom_localization/DI_RUS_custom_loc_l_russian.yml' and 'localization/russian/custom_localization/DI_custom_loc_l_russian.yml'.
[15:10:58][pdx_localize.cpp:279] [original line 121] Duplicate localization key. Key 'DI_add_concubine_triggered_desc_4' is defined in both 'localization/russian/custom_localization/DI_RUS_custom_loc_l_russian.yml' and 'localization/russian/custom_localization/DI_custom_loc_l_russian.yml'.
[15:10:58][pdx_localize.cpp:279] [original line 122] Duplicate localization key. Key 'DI_add_concubine_triggered_desc_5' is defined in both 'localization/russian/custom_localization/DI_RUS_custom_loc_l_russian.yml' and 'localization/russian/custom_localization/DI_custom_loc_l_russian.yml'.
[15:10:58][pdx_localize.cpp:279] [original line 123] Duplicate localization key. Key 'DI_remove_concubine_triggered_desc_1' is defined in both 'localization/russian/custom_localization/DI_RUS_custom_loc_l_russian.yml' and 'localization/russian/custom_localization/DI_custom_loc_l_russian.yml'.
[15:10:58][pdx_localize.cpp:279] [original line 124] Duplicate localization key. Key 'DI_betrothal_triggered_desc_1' is defined in both 'localization/russian/custom_localization/DI_RUS_custom_loc_l_russian.yml' and 'localization/russian/custom_localization/DI_custom_loc_l_russian.yml'.
[15:10:58][pdx_localize.cpp:279] [original line 125] Duplicate localization key. Key 'DI_betrothal_triggered_desc_2' is defined in both 'localization/russian/custom_localization/DI_RUS_custom_loc_l_russian.yml' and 'localization/russian/custom_localization/DI_custom_loc_l_russian.yml'.
[15:10:58][pdx_localize.cpp:279] [original line 126] Duplicate localization key. Key 'DI_break_betrothal_triggered_desc_1' is defined in both 'localization/russian/custom_localization/DI_RUS_custom_loc_l_russian.yml' and 'localization/russian/custom_localization/DI_custom_loc_l_russian.yml'.
[15:10:58][pdx_localize.cpp:279] [original line 127] Duplicate localization key. Key 'DI_divorce_triggered_desc_1' is defined in both 'localization/russian/custom_localization/DI_RUS_custom_loc_l_russian.yml' and 'localization/russian/custom_localization/DI_custom_loc_l_russian.yml'.
[15:10:58][pdx_localize.cpp:279] [original line 128] Duplicate localization key. Key 'DI_make_siblings_triggered_desc_1' is defined in both 'localization/russian/custom_localization/DI_RUS_custom_loc_l_russian.yml' and 'localization/russian/custom_localization/DI_custom_loc_l_russian.yml'.
[15:10:58][pdx_localize.cpp:279] [original line 129] Duplicate localization key. Key 'DI_make_siblings_triggered_desc_2' is defined in both 'localization/russian/custom_localization/DI_RUS_custom_loc_l_russian.yml' and 'localization/russian/custom_localization/DI_custom_loc_l_russian.yml'.
[15:10:58][pdx_localize.cpp:279] [original line 130] Duplicate localization key. Key 'DI_make_siblings_triggered_desc_3' is defined in both 'localization/russian/custom_localization/DI_RUS_custom_loc_l_russian.yml' and 'localization/russian/custom_localization/DI_custom_loc_l_russian.yml'.
[15:10:59][pdx_localize.cpp:279] [original line 131] Duplicate localization key. Key 'DI_button_tt' is defined in both 'localization/russian/gui/DI_RUS_l_russian.yml' and 'localization/russian/gui/DI_l_russian.yml'.
[15:10:59][pdx_localize.cpp:279] [original line 132] Duplicate localization key. Key 'DI_VIEW_TITLE' is defined in both 'localization/russian/gui/DI_RUS_l_russian.yml' and 'localization/russian/gui/DI_l_russian.yml'.
[15:10:59][pdx_localize.cpp:279] [original line 133] Duplicate localization key. Key 'DI_loading' is defined in both 'localization/russian/gui/DI_RUS_l_russian.yml' and 'localization/russian/gui/DI_l_russian.yml'.
[15:10:59][pdx_localize.cpp:279] [original line 134] Duplicate localization key. Key 'DI_char_editor_tt' is defined in both 'localization/russian/gui/DI_RUS_l_russian.yml' and 'localization/russian/gui/DI_l_russian.yml'.
[15:10:59][pdx_localize.cpp:279] [original line 135] Duplicate localization key. Key 'DI_pinned_characters_tt' is defined in both 'localization/russian/gui/DI_RUS_l_russian.yml' and 'localization/russian/gui/DI_l_russian.yml'.
[15:10:59][pdx_localize.cpp:279] [original line 136] Duplicate localization key. Key 'DI_char_spawner_tt' is defined in both 'localization/russian/gui/DI_RUS_l_russian.yml' and 'localization/russian/gui/DI_l_russian.yml'.
[15:10:59][pdx_localize.cpp:279] [original line 137] Duplicate localization key. Key 'DI_army_spawner_tt' is defined in both 'localization/russian/gui/DI_RUS_l_russian.yml' and 'localization/russian/gui/DI_l_russian.yml'.
[15:10:59][pdx_localize.cpp:279] [original line 138] Duplicate localization key. Key 'DI_diplomacy_tt' is defined in both 'localization/russian/gui/DI_RUS_l_russian.yml' and 'localization/russian/gui/DI_l_russian.yml'.
[15:10:59][pdx_localize.cpp:279] [original line 139] Duplicate localization key. Key 'DI_artifact_creator_tt' is defined in both 'localization/russian/gui/DI_RUS_l_russian.yml' and 'localization/russian/gui/DI_l_russian.yml'.
[15:10:59][pdx_localize.cpp:279] [original line 140] Duplicate localization key. Key 'DI_cultural_editor_window' is defined in both 'localization/russian/gui/DI_RUS_l_russian.yml' and 'localization/russian/gui/DI_l_russian.yml'.
[15:10:59][pdx_localize.cpp:279] [original line 141] Duplicate localization key. Key 'DI_cultural_editor_window_tt' is defined in both 'localization/russian/gui/DI_RUS_l_russian.yml' and 'localization/russian/gui/DI_l_russian.yml'.
[15:10:59][pdx_localize.cpp:279] [original line 142] Duplicate localization key. Key 'DI_faith_editor_window' is defined in both 'localization/russian/gui/DI_RUS_l_russian.yml' and 'localization/russian/gui/DI_l_russian.yml'.
[15:10:59][pdx_localize.cpp:279] [original line 143] Duplicate localization key. Key 'DI_faith_editor_window_tt' is defined in both 'localization/russian/gui/DI_RUS_l_russian.yml' and 'localization/russian/gui/DI_l_russian.yml'.
[15:10:59][pdx_localize.cpp:279] [original line 144] Duplicate localization key. Key 'DI_debug_mode' is defined in both 'localization/russian/gui/DI_RUS_l_russian.yml' and 'localization/russian/gui/DI_l_russian.yml'.
[15:10:59][pdx_localize.cpp:279] [original line 145] Duplicate localization key. Key 'DI_debug_mode_tt' is defined in both 'localization/russian/gui/DI_RUS_l_russian.yml' and 'localization/russian/gui/DI_l_russian.yml'.
[15:10:59][pdx_localize.cpp:279] [original line 146] Duplicate localization key. Key 'DI_clear_pins' is defined in both 'localization/russian/gui/DI_RUS_l_russian.yml' and 'localization/russian/gui/DI_l_russian.yml'.
[15:10:59][pdx_localize.cpp:279] [original line 147] Duplicate localization key. Key 'DI_clear_pins_tt' is defined in both 'localization/russian/gui/DI_RUS_l_russian.yml' and 'localization/russian/gui/DI_l_russian.yml'.
[15:10:59][pdx_localize.cpp:279] [original line 148] Duplicate localization key. Key 'DI_test_button' is defined in both 'localization/russian/gui/DI_RUS_l_russian.yml' and 'localization/russian/gui/DI_l_russian.yml'.
[15:10:59][pdx_localize.cpp:279] [original line 149] Duplicate localization key. Key 'DI_test_button_tt' is defined in both 'localization/russian/gui/DI_RUS_l_russian.yml' and 'localization/russian/gui/DI_l_russian.yml'.
[15:10:59][pdx_localize.cpp:279] [original line 150] Duplicate localization key. Key 'DI_char_editor' is defined in both 'localization/russian/gui/DI_RUS_l_russian.yml' and 'localization/russian/gui/DI_l_russian.yml'.
[15:10:59][pdx_localize.cpp:279] [original line 151] Duplicate localization key. Key 'DI_tab_presents' is defined in both 'localization/russian/gui/DI_RUS_l_russian.yml' and 'localization/russian/gui/DI_l_russian.yml'.
[15:10:59][pdx_localize.cpp:279] [original line 152] Duplicate localization key. Key 'DI_tab_skills' is defined in both 'localization/russian/gui/DI_RUS_l_russian.yml' and 'localization/russian/gui/DI_l_russian.yml'.
[15:10:59][pdx_localize.cpp:279] [original line 153] Duplicate localization key. Key 'DI_tab_perk_points' is defined in both 'localization/russian/gui/DI_RUS_l_russian.yml' and 'localization/russian/gui/DI_l_russian.yml'.
[15:10:59][pdx_localize.cpp:279] [original line 154] Duplicate localization key. Key 'DI_tab_modifiers' is defined in both 'localization/russian/gui/DI_RUS_l_russian.yml' and 'localization/russian/gui/DI_l_russian.yml'.
[15:10:59][pdx_localize.cpp:279] [original line 155] Duplicate localization key. Key 'DI_tab_traits' is defined in both 'localization/russian/gui/DI_RUS_l_russian.yml' and 'localization/russian/gui/DI_l_russian.yml'.
[15:10:59][pdx_localize.cpp:279] [original line 156] Duplicate localization key. Key 'DI_tab_sexuality' is defined in both 'localization/russian/gui/DI_RUS_l_russian.yml' and 'localization/russian/gui/DI_l_russian.yml'.
[15:10:59][pdx_localize.cpp:279] [original line 157] Duplicate localization key. Key 'DI_tab_culture' is defined in both 'localization/russian/gui/DI_RUS_l_russian.yml' and 'localization/russian/gui/DI_l_russian.yml'.
[15:10:59][pdx_localize.cpp:279] [original line 158] Duplicate localization key. Key 'DI_tab_religion' is defined in both 'localization/russian/gui/DI_RUS_l_russian.yml' and 'localization/russian/gui/DI_l_russian.yml'.
[15:10:59][pdx_localize.cpp:279] [original line 159] Duplicate localization key. Key 'DI_present_char_editor' is defined in both 'localization/russian/gui/DI_RUS_l_russian.yml' and 'localization/russian/gui/DI_l_russian.yml'.
[15:10:59][pdx_localize.cpp:279] [original line 160] Duplicate localization key. Key 'DI_present_char_editor_TT' is defined in both 'localization/russian/gui/DI_RUS_l_russian.yml' and 'localization/russian/gui/DI_l_russian.yml'.
[15:10:59][pdx_localize.cpp:279] [original line 161] Duplicate localization key. Key 'DI_skill_char_editor' is defined in both 'localization/russian/gui/DI_RUS_l_russian.yml' and 'localization/russian/gui/DI_l_russian.yml'.
[15:10:59][pdx_localize.cpp:279] [original line 162] Duplicate localization key. Key 'DI_skill_char_editor_TT' is defined in both 'localization/russian/gui/DI_RUS_l_russian.yml' and 'localization/russian/gui/DI_l_russian.yml'.
[15:10:59][pdx_localize.cpp:279] [original line 163] Duplicate localization key. Key 'DI_perk_point_char_editor' is defined in both 'localization/russian/gui/DI_RUS_l_russian.yml' and 'localization/russian/gui/DI_l_russian.yml'.
[15:10:59][pdx_localize.cpp:279] [original line 164] Duplicate localization key. Key 'DI_modifiers_char_editor' is defined in both 'localization/russian/gui/DI_RUS_l_russian.yml' and 'localization/russian/gui/DI_l_russian.yml'.
[15:10:59][pdx_localize.cpp:279] [original line 165] Duplicate localization key. Key 'DI_modifiers_char_editor_TT' is defined in both 'localization/russian/gui/DI_RUS_l_russian.yml' and 'localization/russian/gui/DI_l_russian.yml'.
[15:10:59][pdx_localize.cpp:279] [original line 166] Duplicate localization key. Key 'DI_traits_char_editor' is defined in both 'localization/russian/gui/DI_RUS_l_russian.yml' and 'localization/russian/gui/DI_l_russian.yml'.
[15:10:59][pdx_localize.cpp:279] [original line 167] Duplicate localization key. Key 'DI_traits_char_editor_TT' is defined in both 'localization/russian/gui/DI_RUS_l_russian.yml' and 'localization/russian/gui/DI_l_russian.yml'.
[15:10:59][pdx_localize.cpp:279] [original line 168] Duplicate localization key. Key 'DI_clear_all_traits' is defined in both 'localization/russian/gui/DI_RUS_l_russian.yml' and 'localization/russian/gui/DI_l_russian.yml'.
[15:10:59][pdx_localize.cpp:279] [original line 169] Duplicate localization key. Key 'DI_sexuality_char_editor' is defined in both 'localization/russian/gui/DI_RUS_l_russian.yml' and 'localization/russian/gui/DI_l_russian.yml'.
[15:10:59][pdx_localize.cpp:279] [original line 170] Duplicate localization key. Key 'DI_sexuality_char_editor_TT' is defined in both 'localization/russian/gui/DI_RUS_l_russian.yml' and 'localization/russian/gui/DI_l_russian.yml'.
[15:10:59][pdx_localize.cpp:279] [original line 171] Duplicate localization key. Key 'DI_culture_group_char_editor' is defined in both 'localization/russian/gui/DI_RUS_l_russian.yml' and 'localization/russian/gui/DI_l_russian.yml'.
[15:10:59][pdx_localize.cpp:279] [original line 172] Duplicate localization key. Key 'DI_culture_group_char_editor_TT' is defined in both 'localization/russian/gui/DI_RUS_l_russian.yml' and 'localization/russian/gui/DI_l_russian.yml'.
[15:10:59][pdx_localize.cpp:279] [original line 173] Duplicate localization key. Key 'DI_religion_group_char_editor' is defined in both 'localization/russian/gui/DI_RUS_l_russian.yml' and 'localization/russian/gui/DI_l_russian.yml'.
[15:10:59][pdx_localize.cpp:279] [original line 174] Duplicate localization key. Key 'DI_religion_group_char_editor_TT' is defined in both 'localization/russian/gui/DI_RUS_l_russian.yml' and 'localization/russian/gui/DI_l_russian.yml'.
[15:10:59][pdx_localize.cpp:279] [original line 175] Duplicate localization key. Key 'DI_char_editor_present' is defined in both 'localization/russian/gui/DI_RUS_l_russian.yml' and 'localization/russian/gui/DI_l_russian.yml'.
[15:10:59][pdx_localize.cpp:279] [original line 176] Duplicate localization key. Key 'DI_tab_lifestyle' is defined in both 'localization/russian/gui/DI_RUS_l_russian.yml' and 'localization/russian/gui/DI_l_russian.yml'.
[15:10:59][pdx_localize.cpp:279] [original line 177] Duplicate localization key. Key 'DI_tab_health' is defined in both 'localization/russian/gui/DI_RUS_l_russian.yml' and 'localization/russian/gui/DI_l_russian.yml'.
[15:10:59][pdx_localize.cpp:279] [original line 178] Duplicate localization key. Key 'DI_tab_innovations' is defined in both 'localization/russian/gui/DI_RUS_l_russian.yml' and 'localization/russian/gui/DI_l_russian.yml'.
[15:10:59][pdx_localize.cpp:279] [original line 179] Duplicate localization key. Key 'DI_tab_laws' is defined in both 'localization/russian/gui/DI_RUS_l_russian.yml' and 'localization/russian/gui/DI_l_russian.yml'.
[15:10:59][pdx_localize.cpp:279] [original line 180] Duplicate localization key. Key 'DI_generic_window_choose' is defined in both 'localization/russian/gui/DI_RUS_l_russian.yml' and 'localization/russian/gui/DI_l_russian.yml'.
[15:10:59][pdx_localize.cpp:279] [original line 181] Duplicate localization key. Key 'DI_choose_present' is defined in both 'localization/russian/gui/DI_RUS_l_russian.yml' and 'localization/russian/gui/DI_l_russian.yml'.
[15:10:59][pdx_localize.cpp:279] [original line 182] Duplicate localization key. Key 'DI_present_lifestyle' is defined in both 'localization/russian/gui/DI_RUS_l_russian.yml' and 'localization/russian/gui/DI_l_russian.yml'.
[15:10:59][pdx_localize.cpp:279] [original line 183] Duplicate localization key. Key 'DI_present_lifestyle_TT' is defined in both 'localization/russian/gui/DI_RUS_l_russian.yml' and 'localization/russian/gui/DI_l_russian.yml'.
[15:10:59][pdx_localize.cpp:279] [original line 184] Duplicate localization key. Key 'DI_present_health' is defined in both 'localization/russian/gui/DI_RUS_l_russian.yml' and 'localization/russian/gui/DI_l_russian.yml'.
[15:10:59][pdx_localize.cpp:279] [original line 185] Duplicate localization key. Key 'DI_present_health_TT' is defined in both 'localization/russian/gui/DI_RUS_l_russian.yml' and 'localization/russian/gui/DI_l_russian.yml'.
[15:10:59][pdx_localize.cpp:279] [original line 186] Duplicate localization key. Key 'DI_present_traits' is defined in both 'localization/russian/gui/DI_RUS_l_russian.yml' and 'localization/russian/gui/DI_l_russian.yml'.
[15:10:59][pdx_localize.cpp:279] [original line 187] Duplicate localization key. Key 'DI_present_traits_TT' is defined in both 'localization/russian/gui/DI_RUS_l_russian.yml' and 'localization/russian/gui/DI_l_russian.yml'.
[15:10:59][pdx_localize.cpp:279] [original line 188] Duplicate localization key. Key 'DI_present_laws' is defined in both 'localization/russian/gui/DI_RUS_l_russian.yml' and 'localization/russian/gui/DI_l_russian.yml'.
[15:10:59][pdx_localize.cpp:279] [original line 189] Duplicate localization key. Key 'DI_present_laws_TT' is defined in both 'localization/russian/gui/DI_RUS_l_russian.yml' and 'localization/russian/gui/DI_l_russian.yml'.
[15:10:59][pdx_localize.cpp:279] [original line 190] Duplicate localization key. Key 'DI_ce_eliminate_health_issues_button' is defined in both 'localization/russian/gui/DI_RUS_l_russian.yml' and 'localization/russian/gui/DI_l_russian.yml'.
[15:10:59][pdx_localize.cpp:279] [original line 191] Duplicate localization key. Key 'DI_ce_eliminate_health_issues_button_tt' is defined in both 'localization/russian/gui/DI_RUS_l_russian.yml' and 'localization/russian/gui/DI_l_russian.yml'.
[15:10:59][pdx_localize.cpp:279] [original line 192] Duplicate localization key. Key 'DI_ce_good_genes_button' is defined in both 'localization/russian/gui/DI_RUS_l_russian.yml' and 'localization/russian/gui/DI_l_russian.yml'.
[15:10:59][pdx_localize.cpp:279] [original line 193] Duplicate localization key. Key 'DI_ce_good_genes_button_tt' is defined in both 'localization/russian/gui/DI_RUS_l_russian.yml' and 'localization/russian/gui/DI_l_russian.yml'.
[15:10:59][pdx_localize.cpp:279] [original line 194] Duplicate localization key. Key 'DI_ce_bad_genes_button' is defined in both 'localization/russian/gui/DI_RUS_l_russian.yml' and 'localization/russian/gui/DI_l_russian.yml'.
[15:10:59][pdx_localize.cpp:279] [original line 195] Duplicate localization key. Key 'DI_ce_bad_genes_button_tt' is defined in both 'localization/russian/gui/DI_RUS_l_russian.yml' and 'localization/russian/gui/DI_l_russian.yml'.
[15:10:59][pdx_localize.cpp:279] [original line 196] Duplicate localization key. Key 'DI_ce_lock_stress_button' is defined in both 'localization/russian/gui/DI_RUS_l_russian.yml' and 'localization/russian/gui/DI_l_russian.yml'.
[15:10:59][pdx_localize.cpp:279] [original line 197] Duplicate localization key. Key 'DI_ce_lock_stress_button_tt' is defined in both 'localization/russian/gui/DI_RUS_l_russian.yml' and 'localization/russian/gui/DI_l_russian.yml'.
[15:10:59][pdx_localize.cpp:279] [original line 198] Duplicate localization key. Key 'DI_ce_lock_tyranny_button' is defined in both 'localization/russian/gui/DI_RUS_l_russian.yml' and 'localization/russian/gui/DI_l_russian.yml'.
[15:10:59][pdx_localize.cpp:279] [original line 199] Duplicate localization key. Key 'DI_ce_lock_tyranny_button_tt' is defined in both 'localization/russian/gui/DI_RUS_l_russian.yml' and 'localization/russian/gui/DI_l_russian.yml'.
[15:10:59][pdx_localize.cpp:279] [original line 200] Duplicate localization key. Key 'DI_ce_lock_dread_button' is defined in both 'localization/russian/gui/DI_RUS_l_russian.yml' and 'localization/russian/gui/DI_l_russian.yml'.
[15:10:59][pdx_localize.cpp:279] [original line 201] Duplicate localization key. Key 'DI_ce_lock_dread_button_tt' is defined in both 'localization/russian/gui/DI_RUS_l_russian.yml' and 'localization/russian/gui/DI_l_russian.yml'.
[15:10:59][pdx_localize.cpp:279] [original line 202] Duplicate localization key. Key 'DI_present_health_eliminate_issues' is defined in both 'localization/russian/gui/DI_RUS_l_russian.yml' and 'localization/russian/gui/DI_l_russian.yml'.
[15:10:59][pdx_localize.cpp:279] [original line 203] Duplicate localization key. Key 'DI_present_health_eliminate_issues_TT' is defined in both 'localization/russian/gui/DI_RUS_l_russian.yml' and 'localization/russian/gui/DI_l_russian.yml'.
[15:10:59][pdx_localize.cpp:279] [original line 204] Duplicate localization key. Key 'DI_present_health_good_genes' is defined in both 'localization/russian/gui/DI_RUS_l_russian.yml' and 'localization/russian/gui/DI_l_russian.yml'.
[15:10:59][pdx_localize.cpp:279] [original line 205] Duplicate localization key. Key 'DI_present_health_good_genes_TT' is defined in both 'localization/russian/gui/DI_RUS_l_russian.yml' and 'localization/russian/gui/DI_l_russian.yml'.
[15:10:59][pdx_localize.cpp:279] [original line 206] Duplicate localization key. Key 'DI_present_health_bad_genes' is defined in both 'localization/russian/gui/DI_RUS_l_russian.yml' and 'localization/russian/gui/DI_l_russian.yml'.
[15:10:59][pdx_localize.cpp:279] [original line 207] Duplicate localization key. Key 'DI_present_health_bad_genes_TT' is defined in both 'localization/russian/gui/DI_RUS_l_russian.yml' and 'localization/russian/gui/DI_l_russian.yml'.
[15:10:59][pdx_localize.cpp:279] [original line 208] Duplicate localization key. Key 'DI_present_health_no_stress_change' is defined in both 'localization/russian/gui/DI_RUS_l_russian.yml' and 'localization/russian/gui/DI_l_russian.yml'.
[15:10:59][pdx_localize.cpp:279] [original line 209] Duplicate localization key. Key 'DI_present_health_no_stress_change_TT' is defined in both 'localization/russian/gui/DI_RUS_l_russian.yml' and 'localization/russian/gui/DI_l_russian.yml'.
[15:10:59][pdx_localize.cpp:279] [original line 210] Duplicate localization key. Key 'DI_present_health_no_tyranny_change' is defined in both 'localization/russian/gui/DI_RUS_l_russian.yml' and 'localization/russian/gui/DI_l_russian.yml'.
[15:10:59][pdx_localize.cpp:279] [original line 211] Duplicate localization key. Key 'DI_present_health_no_tyranny_change_TT' is defined in both 'localization/russian/gui/DI_RUS_l_russian.yml' and 'localization/russian/gui/DI_l_russian.yml'.
[15:10:59][pdx_localize.cpp:279] [original line 212] Duplicate localization key. Key 'DI_present_health_no_dread_change' is defined in both 'localization/russian/gui/DI_RUS_l_russian.yml' and 'localization/russian/gui/DI_l_russian.yml'.
[15:10:59][pdx_localize.cpp:279] [original line 213] Duplicate localization key. Key 'DI_present_health_no_dread_change_TT' is defined in both 'localization/russian/gui/DI_RUS_l_russian.yml' and 'localization/russian/gui/DI_l_russian.yml'.
[15:10:59][pdx_localize.cpp:279] [original line 214] Duplicate localization key. Key 'DI_ce_randomize_personality_button' is defined in both 'localization/russian/gui/DI_RUS_l_russian.yml' and 'localization/russian/gui/DI_l_russian.yml'.
[15:10:59][pdx_localize.cpp:279] [original line 215] Duplicate localization key. Key 'DI_ce_randomize_personality_button_tt' is defined in both 'localization/russian/gui/DI_RUS_l_russian.yml' and 'localization/russian/gui/DI_l_russian.yml'.
[15:10:59][pdx_localize.cpp:279] [original line 216] Duplicate localization key. Key 'DI_ce_special_traits_button' is defined in both 'localization/russian/gui/DI_RUS_l_russian.yml' and 'localization/russian/gui/DI_l_russian.yml'.
[15:10:59][pdx_localize.cpp:279] [original line 217] Duplicate localization key. Key 'DI_ce_special_traits_button_tt' is defined in both 'localization/russian/gui/DI_RUS_l_russian.yml' and 'localization/russian/gui/DI_l_russian.yml'.
[15:10:59][pdx_localize.cpp:279] [original line 218] Duplicate localization key. Key 'DI_ce_commander_traits_button' is defined in both 'localization/russian/gui/DI_RUS_l_russian.yml' and 'localization/russian/gui/DI_l_russian.yml'.
[15:10:59][pdx_localize.cpp:279] [original line 219] Duplicate localization key. Key 'DI_ce_commander_traits_button_tt' is defined in both 'localization/russian/gui/DI_RUS_l_russian.yml' and 'localization/russian/gui/DI_l_russian.yml'.
[15:10:59][pdx_localize.cpp:279] [original line 220] Duplicate localization key. Key 'DI_ce_education_traits_button' is defined in both 'localization/russian/gui/DI_RUS_l_russian.yml' and 'localization/russian/gui/DI_l_russian.yml'.
[15:10:59][pdx_localize.cpp:279] [original line 221] Duplicate localization key. Key 'DI_ce_education_traits_button_tt' is defined in both 'localization/russian/gui/DI_RUS_l_russian.yml' and 'localization/russian/gui/DI_l_russian.yml'.
[15:10:59][pdx_localize.cpp:279] [original line 222] Duplicate localization key. Key 'DI_ce_boost_education_button' is defined in both 'localization/russian/gui/DI_RUS_l_russian.yml' and 'localization/russian/gui/DI_l_russian.yml'.
[15:10:59][pdx_localize.cpp:279] [original line 223] Duplicate localization key. Key 'DI_ce_boost_education_button_tt' is defined in both 'localization/russian/gui/DI_RUS_l_russian.yml' and 'localization/russian/gui/DI_l_russian.yml'.
[15:10:59][pdx_localize.cpp:279] [original line 224] Duplicate localization key. Key 'DI_ce_aggressive_traits_button' is defined in both 'localization/russian/gui/DI_RUS_l_russian.yml' and 'localization/russian/gui/DI_l_russian.yml'.
[15:10:59][pdx_localize.cpp:279] [original line 225] Duplicate localization key. Key 'DI_ce_aggressive_traits_button_tt' is defined in both 'localization/russian/gui/DI_RUS_l_russian.yml' and 'localization/russian/gui/DI_l_russian.yml'.
[15:10:59][pdx_localize.cpp:279] [original line 226] Duplicate localization key. Key 'DI_ce_timid_traits_button' is defined in both 'localization/russian/gui/DI_RUS_l_russian.yml' and 'localization/russian/gui/DI_l_russian.yml'.
[15:10:59][pdx_localize.cpp:279] [original line 227] Duplicate localization key. Key 'DI_ce_timid_traits_button_tt' is defined in both 'localization/russian/gui/DI_RUS_l_russian.yml' and 'localization/russian/gui/DI_l_russian.yml'.
[15:10:59][pdx_localize.cpp:279] [original line 228] Duplicate localization key. Key 'DI_ce_correct_personality_button' is defined in both 'localization/russian/gui/DI_RUS_l_russian.yml' and 'localization/russian/gui/DI_l_russian.yml'.
[15:10:59][pdx_localize.cpp:279] [original line 229] Duplicate localization key. Key 'DI_ce_correct_personality_button_tt' is defined in both 'localization/russian/gui/DI_RUS_l_russian.yml' and 'localization/russian/gui/DI_l_russian.yml'.
[15:10:59][pdx_localize.cpp:279] [original line 230] Duplicate localization key. Key 'DI_ce_giant_traits_button' is defined in both 'localization/russian/gui/DI_RUS_l_russian.yml' and 'localization/russian/gui/DI_l_russian.yml'.
[15:10:59][pdx_localize.cpp:279] [original line 231] Duplicate localization key. Key 'DI_ce_giant_traits_button_tt' is defined in both 'localization/russian/gui/DI_RUS_l_russian.yml' and 'localization/russian/gui/DI_l_russian.yml'.
[15:10:59][pdx_localize.cpp:279] [original line 232] Duplicate localization key. Key 'DI_ce_dwarf_traits_button' is defined in both 'localization/russian/gui/DI_RUS_l_russian.yml' and 'localization/russian/gui/DI_l_russian.yml'.
[15:10:59][pdx_localize.cpp:279] [original line 233] Duplicate localization key. Key 'DI_ce_dwarf_traits_button_tt' is defined in both 'localization/russian/gui/DI_RUS_l_russian.yml' and 'localization/russian/gui/DI_l_russian.yml'.
[15:10:59][pdx_localize.cpp:279] [original line 234] Duplicate localization key. Key 'DI_ce_albino_traits_button' is defined in both 'localization/russian/gui/DI_RUS_l_russian.yml' and 'localization/russian/gui/DI_l_russian.yml'.
[15:10:59][pdx_localize.cpp:279] [original line 235] Duplicate localization key. Key 'DI_ce_albino_traits_button_tt' is defined in both 'localization/russian/gui/DI_RUS_l_russian.yml' and 'localization/russian/gui/DI_l_russian.yml'.
[15:10:59][pdx_localize.cpp:279] [original line 236] Duplicate localization key. Key 'DI_present_traits_randomize' is defined in both 'localization/russian/gui/DI_RUS_l_russian.yml' and 'localization/russian/gui/DI_l_russian.yml'.
[15:10:59][pdx_localize.cpp:279] [original line 237] Duplicate localization key. Key 'DI_present_traits_randomize_TT' is defined in both 'localization/russian/gui/DI_RUS_l_russian.yml' and 'localization/russian/gui/DI_l_russian.yml'.
[15:10:59][pdx_localize.cpp:279] [original line 238] Duplicate localization key. Key 'DI_present_traits_special' is defined in both 'localization/russian/gui/DI_RUS_l_russian.yml' and 'localization/russian/gui/DI_l_russian.yml'.
[15:10:59][pdx_localize.cpp:279] [original line 239] Duplicate localization key. Key 'DI_present_traits_special_TT' is defined in both 'localization/russian/gui/DI_RUS_l_russian.yml' and 'localization/russian/gui/DI_l_russian.yml'.
[15:10:59][pdx_localize.cpp:279] [original line 240] Duplicate localization key. Key 'DI_present_traits_commander' is defined in both 'localization/russian/gui/DI_RUS_l_russian.yml' and 'localization/russian/gui/DI_l_russian.yml'.
[15:10:59][pdx_localize.cpp:279] [original line 241] Duplicate localization key. Key 'DI_present_traits_commander_TT' is defined in both 'localization/russian/gui/DI_RUS_l_russian.yml' and 'localization/russian/gui/DI_l_russian.yml'.
[15:10:59][pdx_localize.cpp:279] [original line 242] Duplicate localization key. Key 'DI_present_traits_giant' is defined in both 'localization/russian/gui/DI_RUS_l_russian.yml' and 'localization/russian/gui/DI_l_russian.yml'.
[15:10:59][pdx_localize.cpp:279] [original line 243] Duplicate localization key. Key 'DI_present_traits_giant_TT' is defined in both 'localization/russian/gui/DI_RUS_l_russian.yml' and 'localization/russian/gui/DI_l_russian.yml'.
[15:10:59][pdx_localize.cpp:279] [original line 244] Duplicate localization key. Key 'DI_present_traits_midget' is defined in both 'localization/russian/gui/DI_RUS_l_russian.yml' and 'localization/russian/gui/DI_l_russian.yml'.
[15:10:59][pdx_localize.cpp:279] [original line 245] Duplicate localization key. Key 'DI_present_traits_midget_TT' is defined in both 'localization/russian/gui/DI_RUS_l_russian.yml' and 'localization/russian/gui/DI_l_russian.yml'.
[15:10:59][pdx_localize.cpp:279] [original line 246] Duplicate localization key. Key 'DI_present_traits_ghostly' is defined in both 'localization/russian/gui/DI_RUS_l_russian.yml' and 'localization/russian/gui/DI_l_russian.yml'.
[15:10:59][pdx_localize.cpp:279] [original line 247] Duplicate localization key. Key 'DI_present_traits_ghostly_TT' is defined in both 'localization/russian/gui/DI_RUS_l_russian.yml' and 'localization/russian/gui/DI_l_russian.yml'.
[15:10:59][pdx_localize.cpp:279] [original line 248] Duplicate localization key. Key 'DI_ce_gender_equality_button' is defined in both 'localization/russian/gui/DI_RUS_l_russian.yml' and 'localization/russian/gui/DI_l_russian.yml'.
[15:10:59][pdx_localize.cpp:279] [original line 249] Duplicate localization key. Key 'DI_ce_gender_equality_button_tt' is defined in both 'localization/russian/gui/DI_RUS_l_russian.yml' and 'localization/russian/gui/DI_l_russian.yml'.
[15:10:59][pdx_localize.cpp:279] [original line 250] Duplicate localization key. Key 'DI_ce_inverse_genders_button' is defined in both 'localization/russian/gui/DI_RUS_l_russian.yml' and 'localization/russian/gui/DI_l_russian.yml'.
[15:10:59][pdx_localize.cpp:279] [original line 251] Duplicate localization key. Key 'DI_ce_inverse_genders_button_tt' is defined in both 'localization/russian/gui/DI_RUS_l_russian.yml' and 'localization/russian/gui/DI_l_russian.yml'.
[15:10:59][pdx_localize.cpp:279] [original line 252] Duplicate localization key. Key 'DI_ce_female_dominated_button' is defined in both 'localization/russian/gui/DI_RUS_l_russian.yml' and 'localization/russian/gui/DI_l_russian.yml'.
[15:10:59][pdx_localize.cpp:279] [original line 253] Duplicate localization key. Key 'DI_ce_female_dominated_button_tt' is defined in both 'localization/russian/gui/DI_RUS_l_russian.yml' and 'localization/russian/gui/DI_l_russian.yml'.
[15:10:59][pdx_localize.cpp:279] [original line 254] Duplicate localization key. Key 'DI_ce_male_dominated_button' is defined in both 'localization/russian/gui/DI_RUS_l_russian.yml' and 'localization/russian/gui/DI_l_russian.yml'.
[15:10:59][pdx_localize.cpp:279] [original line 255] Duplicate localization key. Key 'DI_ce_male_dominated_button_tt' is defined in both 'localization/russian/gui/DI_RUS_l_russian.yml' and 'localization/russian/gui/DI_l_russian.yml'.
[15:10:59][pdx_localize.cpp:279] [original line 256] Duplicate localization key. Key 'DI_ce_temporal_hof_button' is defined in both 'localization/russian/gui/DI_RUS_l_russian.yml' and 'localization/russian/gui/DI_l_russian.yml'.
[15:10:59][pdx_localize.cpp:279] [original line 257] Duplicate localization key. Key 'DI_ce_temporal_hof_button_tt' is defined in both 'localization/russian/gui/DI_RUS_l_russian.yml' and 'localization/russian/gui/DI_l_russian.yml'.
[15:10:59][pdx_localize.cpp:279] [original line 258] Duplicate localization key. Key 'DI_present_laws_gender_equality' is defined in both 'localization/russian/gui/DI_RUS_l_russian.yml' and 'localization/russian/gui/DI_l_russian.yml'.
[15:10:59][pdx_localize.cpp:279] [original line 259] Duplicate localization key. Key 'DI_present_laws_gender_equality_TT' is defined in both 'localization/russian/gui/DI_RUS_l_russian.yml' and 'localization/russian/gui/DI_l_russian.yml'.
[15:10:59][pdx_localize.cpp:279] [original line 260] Duplicate localization key. Key 'DI_present_laws_gender_inverse' is defined in both 'localization/russian/gui/DI_RUS_l_russian.yml' and 'localization/russian/gui/DI_l_russian.yml'.
[15:10:59][pdx_localize.cpp:279] [original line 261] Duplicate localization key. Key 'DI_present_laws_gender_inverse_TT' is defined in both 'localization/russian/gui/DI_RUS_l_russian.yml' and 'localization/russian/gui/DI_l_russian.yml'.
[15:10:59][pdx_localize.cpp:279] [original line 262] Duplicate localization key. Key 'DI_present_laws_gender_female_dominated' is defined in both 'localization/russian/gui/DI_RUS_l_russian.yml' and 'localization/russian/gui/DI_l_russian.yml'.
[15:10:59][pdx_localize.cpp:279] [original line 263] Duplicate localization key. Key 'DI_present_laws_gender_female_dominated_TT' is defined in both 'localization/russian/gui/DI_RUS_l_russian.yml' and 'localization/russian/gui/DI_l_russian.yml'.
[15:10:59][pdx_localize.cpp:279] [original line 264] Duplicate localization key. Key 'DI_present_laws_gender_male_dominated' is defined in both 'localization/russian/gui/DI_RUS_l_russian.yml' and 'localization/russian/gui/DI_l_russian.yml'.
[15:10:59][pdx_localize.cpp:279] [original line 265] Duplicate localization key. Key 'DI_present_laws_gender_male_dominated_TT' is defined in both 'localization/russian/gui/DI_RUS_l_russian.yml' and 'localization/russian/gui/DI_l_russian.yml'.
[15:10:59][pdx_localize.cpp:279] [original line 266] Duplicate localization key. Key 'DI_ce_tab_titles' is defined in both 'localization/russian/gui/DI_RUS_l_russian.yml' and 'localization/russian/gui/DI_l_russian.yml'.
[15:10:59][pdx_localize.cpp:279] [original line 267] Duplicate localization key. Key 'DI_ce_tab_crown_authority' is defined in both 'localization/russian/gui/DI_RUS_l_russian.yml' and 'localization/russian/gui/DI_l_russian.yml'.
[15:10:59][pdx_localize.cpp:279] [original line 268] Duplicate localization key. Key 'DI_ce_take_realm_titles_button' is defined in both 'localization/russian/gui/DI_RUS_l_russian.yml' and 'localization/russian/gui/DI_l_russian.yml'.
[15:10:59][pdx_localize.cpp:279] [original line 269] Duplicate localization key. Key 'DI_ce_take_realm_titles_button_tt' is defined in both 'localization/russian/gui/DI_RUS_l_russian.yml' and 'localization/russian/gui/DI_l_russian.yml'.
[15:10:59][pdx_localize.cpp:279] [original line 270] Duplicate localization key. Key 'DI_ce_take_sub_realm_titles_button' is defined in both 'localization/russian/gui/DI_RUS_l_russian.yml' and 'localization/russian/gui/DI_l_russian.yml'.
[15:10:59][pdx_localize.cpp:279] [original line 271] Duplicate localization key. Key 'DI_ce_take_sub_realm_titles_button_tt' is defined in both 'localization/russian/gui/DI_RUS_l_russian.yml' and 'localization/russian/gui/DI_l_russian.yml'.
[15:10:59][pdx_localize.cpp:279] [original line 272] Duplicate localization key. Key 'DI_ce_take_vassal_titles_button' is defined in both 'localization/russian/gui/DI_RUS_l_russian.yml' and 'localization/russian/gui/DI_l_russian.yml'.
[15:10:59][pdx_localize.cpp:279] [original line 273] Duplicate localization key. Key 'DI_ce_take_vassal_titles_button_tt' is defined in both 'localization/russian/gui/DI_RUS_l_russian.yml' and 'localization/russian/gui/DI_l_russian.yml'.
[15:10:59][pdx_localize.cpp:279] [original line 274] Duplicate localization key. Key 'DI_ce_take_personal_titles_button' is defined in both 'localization/russian/gui/DI_RUS_l_russian.yml' and 'localization/russian/gui/DI_l_russian.yml'.
[15:10:59][pdx_localize.cpp:279] [original line 275] Duplicate localization key. Key 'DI_ce_take_personal_titles_button_tt' is defined in both 'localization/russian/gui/DI_RUS_l_russian.yml' and 'localization/russian/gui/DI_l_russian.yml'.
[15:10:59][pdx_localize.cpp:279] [original line 276] Duplicate localization key. Key 'DI_ce_take_primary_title_button' is defined in both 'localization/russian/gui/DI_RUS_l_russian.yml' and 'localization/russian/gui/DI_l_russian.yml'.
[15:10:59][pdx_localize.cpp:279] [original line 277] Duplicate localization key. Key 'DI_ce_take_primary_title_button_tt' is defined in both 'localization/russian/gui/DI_RUS_l_russian.yml' and 'localization/russian/gui/DI_l_russian.yml'.
[15:10:59][pdx_localize.cpp:279] [original line 278] Duplicate localization key. Key 'DI_ce_crown_authority_1_button' is defined in both 'localization/russian/gui/DI_RUS_l_russian.yml' and 'localization/russian/gui/DI_l_russian.yml'.
[15:10:59][pdx_localize.cpp:279] [original line 279] Duplicate localization key. Key 'DI_ce_crown_authority_1_button_tt' is defined in both 'localization/russian/gui/DI_RUS_l_russian.yml' and 'localization/russian/gui/DI_l_russian.yml'.
[15:10:59][pdx_localize.cpp:279] [original line 280] Duplicate localization key. Key 'DI_ce_crown_authority_2_button' is defined in both 'localization/russian/gui/DI_RUS_l_russian.yml' and 'localization/russian/gui/DI_l_russian.yml'.
[15:10:59][pdx_localize.cpp:279] [original line 281] Duplicate localization key. Key 'DI_ce_crown_authority_2_button_tt' is defined in both 'localization/russian/gui/DI_RUS_l_russian.yml' and 'localization/russian/gui/DI_l_russian.yml'.
[15:10:59][pdx_localize.cpp:279] [original line 282] Duplicate localization key. Key 'DI_ce_crown_authority_3_button' is defined in both 'localization/russian/gui/DI_RUS_l_russian.yml' and 'localization/russian/gui/DI_l_russian.yml'.
[15:10:59][pdx_localize.cpp:279] [original line 283] Duplicate localization key. Key 'DI_ce_crown_authority_3_button_tt' is defined in both 'localization/russian/gui/DI_RUS_l_russian.yml' and 'localization/russian/gui/DI_l_russian.yml'.
[15:10:59][pdx_localize.cpp:279] [original line 284] Duplicate localization key. Key 'DI_ce_crown_authority_4_button' is defined in both 'localization/russian/gui/DI_RUS_l_russian.yml' and 'localization/russian/gui/DI_l_russian.yml'.
[15:10:59][pdx_localize.cpp:279] [original line 285] Duplicate localization key. Key 'DI_ce_crown_authority_4_button_tt' is defined in both 'localization/russian/gui/DI_RUS_l_russian.yml' and 'localization/russian/gui/DI_l_russian.yml'.
[15:10:59][pdx_localize.cpp:279] [original line 286] Duplicate localization key. Key 'DI_skills' is defined in both 'localization/russian/gui/DI_RUS_l_russian.yml' and 'localization/russian/gui/DI_l_russian.yml'.
[15:10:59][pdx_localize.cpp:279] [original line 287] Duplicate localization key. Key 'DI_skill_diplomacy_tt' is defined in both 'localization/russian/gui/DI_RUS_l_russian.yml' and 'localization/russian/gui/DI_l_russian.yml'.
[15:10:59][pdx_localize.cpp:279] [original line 288] Duplicate localization key. Key 'DI_skill_martial_tt' is defined in both 'localization/russian/gui/DI_RUS_l_russian.yml' and 'localization/russian/gui/DI_l_russian.yml'.
[15:10:59][pdx_localize.cpp:279] [original line 289] Duplicate localization key. Key 'DI_skill_stewardship_tt' is defined in both 'localization/russian/gui/DI_RUS_l_russian.yml' and 'localization/russian/gui/DI_l_russian.yml'.
[15:10:59][pdx_localize.cpp:279] [original line 290] Duplicate localization key. Key 'DI_skill_intrigue_tt' is defined in both 'localization/russian/gui/DI_RUS_l_russian.yml' and 'localization/russian/gui/DI_l_russian.yml'.
[15:10:59][pdx_localize.cpp:279] [original line 291] Duplicate localization key. Key 'DI_skill_learning_tt' is defined in both 'localization/russian/gui/DI_RUS_l_russian.yml' and 'localization/russian/gui/DI_l_russian.yml'.
[15:10:59][pdx_localize.cpp:279] [original line 292] Duplicate localization key. Key 'DI_skill_prowess_tt' is defined in both 'localization/russian/gui/DI_RUS_l_russian.yml' and 'localization/russian/gui/DI_l_russian.yml'.
[15:10:59][pdx_localize.cpp:279] [original line 293] Duplicate localization key. Key 'DI_perk_points' is defined in both 'localization/russian/gui/DI_RUS_l_russian.yml' and 'localization/russian/gui/DI_l_russian.yml'.
[15:10:59][pdx_localize.cpp:279] [original line 294] Duplicate localization key. Key 'DI_diplomacy_node' is defined in both 'localization/russian/gui/DI_RUS_l_russian.yml' and 'localization/russian/gui/DI_l_russian.yml'.
[15:10:59][pdx_localize.cpp:279] [original line 295] Duplicate localization key. Key 'DI_perk_point_diplomacy_tt' is defined in both 'localization/russian/gui/DI_RUS_l_russian.yml' and 'localization/russian/gui/DI_l_russian.yml'.
[15:10:59][pdx_localize.cpp:279] [original line 296] Duplicate localization key. Key 'DI_martial_node' is defined in both 'localization/russian/gui/DI_RUS_l_russian.yml' and 'localization/russian/gui/DI_l_russian.yml'.
[15:10:59][pdx_localize.cpp:279] [original line 297] Duplicate localization key. Key 'DI_perk_point_martial_tt' is defined in both 'localization/russian/gui/DI_RUS_l_russian.yml' and 'localization/russian/gui/DI_l_russian.yml'.
[15:10:59][pdx_localize.cpp:279] [original line 298] Duplicate localization key. Key 'DI_stewardship_node' is defined in both 'localization/russian/gui/DI_RUS_l_russian.yml' and 'localization/russian/gui/DI_l_russian.yml'.
[15:10:59][pdx_localize.cpp:279] [original line 299] Duplicate localization key. Key 'DI_perk_point_stewardship_tt' is defined in both 'localization/russian/gui/DI_RUS_l_russian.yml' and 'localization/russian/gui/DI_l_russian.yml'.
[15:10:59][pdx_localize.cpp:279] [original line 300] Duplicate localization key. Key 'DI_intrigue_node' is defined in both 'localization/russian/gui/DI_RUS_l_russian.yml' and 'localization/russian/gui/DI_l_russian.yml'.
[15:10:59][pdx_localize.cpp:279] [original line 301] Duplicate localization key. Key 'DI_perk_point_intrigue_tt' is defined in both 'localization/russian/gui/DI_RUS_l_russian.yml' and 'localization/russian/gui/DI_l_russian.yml'.
[15:10:59][pdx_localize.cpp:279] [original line 302] Duplicate localization key. Key 'DI_learning_node' is defined in both 'localization/russian/gui/DI_RUS_l_russian.yml' and 'localization/russian/gui/DI_l_russian.yml'.
[15:10:59][pdx_localize.cpp:279] [original line 303] Duplicate localization key. Key 'DI_perk_point_learning_tt' is defined in both 'localization/russian/gui/DI_RUS_l_russian.yml' and 'localization/russian/gui/DI_l_russian.yml'.
[15:10:59][pdx_localize.cpp:279] [original line 304] Duplicate localization key. Key 'DI_perk_point_tt' is defined in both 'localization/russian/gui/DI_RUS_l_russian.yml' and 'localization/russian/gui/DI_l_russian.yml'.
[15:10:59][pdx_localize.cpp:279] [original line 305] Duplicate localization key. Key 'DI_ce_lifestyle_button' is defined in both 'localization/russian/gui/DI_RUS_l_russian.yml' and 'localization/russian/gui/DI_l_russian.yml'.
[15:10:59][pdx_localize.cpp:279] [original line 306] Duplicate localization key. Key 'DI_ce_lifestyle_button_tt' is defined in both 'localization/russian/gui/DI_RUS_l_russian.yml' and 'localization/russian/gui/DI_l_russian.yml'.
[15:10:59][pdx_localize.cpp:279] [original line 307] Duplicate localization key. Key 'DI_ce_all_lifestyle_button' is defined in both 'localization/russian/gui/DI_RUS_l_russian.yml' and 'localization/russian/gui/DI_l_russian.yml'.
[15:10:59][pdx_localize.cpp:279] [original line 308] Duplicate localization key. Key 'DI_ce_all_lifestyle_button_tt' is defined in both 'localization/russian/gui/DI_RUS_l_russian.yml' and 'localization/russian/gui/DI_l_russian.yml'.
[15:10:59][pdx_localize.cpp:279] [original line 309] Duplicate localization key. Key 'DI_modifiers' is defined in both 'localization/russian/gui/DI_RUS_l_russian.yml' and 'localization/russian/gui/DI_l_russian.yml'.
[15:10:59][pdx_localize.cpp:279] [original line 310] Duplicate localization key. Key 'DI_modifier_maa_type' is defined in both 'localization/russian/gui/DI_RUS_l_russian.yml' and 'localization/russian/gui/DI_l_russian.yml'.
[15:10:59][pdx_localize.cpp:279] [original line 311] Duplicate localization key. Key 'DI_clear_modifiers' is defined in both 'localization/russian/gui/DI_RUS_l_russian.yml' and 'localization/russian/gui/DI_l_russian.yml'.
[15:10:59][pdx_localize.cpp:279] [original line 312] Duplicate localization key. Key 'DI_clear_modifiers_tt' is defined in both 'localization/russian/gui/DI_RUS_l_russian.yml' and 'localization/russian/gui/DI_l_russian.yml'.
[15:10:59][pdx_localize.cpp:279] [original line 313] Duplicate localization key. Key 'DI_ce_tab_prestige' is defined in both 'localization/russian/gui/DI_RUS_l_russian.yml' and 'localization/russian/gui/DI_l_russian.yml'.
[15:10:59][pdx_localize.cpp:279] [original line 314] Duplicate localization key. Key 'DI_ce_tab_piety' is defined in both 'localization/russian/gui/DI_RUS_l_russian.yml' and 'localization/russian/gui/DI_l_russian.yml'.
[15:10:59][pdx_localize.cpp:279] [original line 315] Duplicate localization key. Key 'DI_ce_tab_income' is defined in both 'localization/russian/gui/DI_RUS_l_russian.yml' and 'localization/russian/gui/DI_l_russian.yml'.
[15:10:59][pdx_localize.cpp:279] [original line 316] Duplicate localization key. Key 'DI_ce_tab_opinion' is defined in both 'localization/russian/gui/DI_RUS_l_russian.yml' and 'localization/russian/gui/DI_l_russian.yml'.
[15:10:59][pdx_localize.cpp:279] [original line 317] Duplicate localization key. Key 'DI_ce_tab_health' is defined in both 'localization/russian/gui/DI_RUS_l_russian.yml' and 'localization/russian/gui/DI_l_russian.yml'.
[15:10:59][pdx_localize.cpp:279] [original line 318] Duplicate localization key. Key 'DI_ce_tab_intrigue' is defined in both 'localization/russian/gui/DI_RUS_l_russian.yml' and 'localization/russian/gui/DI_l_russian.yml'.
[15:10:59][pdx_localize.cpp:279] [original line 319] Duplicate localization key. Key 'DI_ce_tab_authority' is defined in both 'localization/russian/gui/DI_RUS_l_russian.yml' and 'localization/russian/gui/DI_l_russian.yml'.
[15:10:59][pdx_localize.cpp:279] [original line 320] Duplicate localization key. Key 'DI_ce_tab_provincial' is defined in both 'localization/russian/gui/DI_RUS_l_russian.yml' and 'localization/russian/gui/DI_l_russian.yml'.
[15:10:59][pdx_localize.cpp:279] [original line 321] Duplicate localization key. Key 'DI_ce_tab_governing' is defined in both 'localization/russian/gui/DI_RUS_l_russian.yml' and 'localization/russian/gui/DI_l_russian.yml'.
[15:10:59][pdx_localize.cpp:279] [original line 322] Duplicate localization key. Key 'DI_ce_tab_military' is defined in both 'localization/russian/gui/DI_RUS_l_russian.yml' and 'localization/russian/gui/DI_l_russian.yml'.
[15:10:59][pdx_localize.cpp:279] [original line 323] Duplicate localization key. Key 'DI_ce_tab_learning' is defined in both 'localization/russian/gui/DI_RUS_l_russian.yml' and 'localization/russian/gui/DI_l_russian.yml'.
[15:10:59][pdx_localize.cpp:279] [original line 324] Duplicate localization key. Key 'DI_ce_tab_maa' is defined in both 'localization/russian/gui/DI_RUS_l_russian.yml' and 'localization/russian/gui/DI_l_russian.yml'.
[15:10:59][pdx_localize.cpp:279] [original line 325] Duplicate localization key. Key 'DI_ce_tab_custom' is defined in both 'localization/russian/gui/DI_RUS_l_russian.yml' and 'localization/russian/gui/DI_l_russian.yml'.
[15:10:59][pdx_localize.cpp:279] [original line 326] Duplicate localization key. Key 'DI_custom_modifiers' is defined in both 'localization/russian/gui/DI_RUS_l_russian.yml' and 'localization/russian/gui/DI_l_russian.yml'.
[15:10:59][pdx_localize.cpp:279] [original line 327] Duplicate localization key. Key 'DI_prestige_modifiers' is defined in both 'localization/russian/gui/DI_RUS_l_russian.yml' and 'localization/russian/gui/DI_l_russian.yml'.
[15:10:59][pdx_localize.cpp:279] [original line 328] Duplicate localization key. Key 'DI_prestige_modifiers_tt' is defined in both 'localization/russian/gui/DI_RUS_l_russian.yml' and 'localization/russian/gui/DI_l_russian.yml'.
[15:10:59][pdx_localize.cpp:279] [original line 329] Duplicate localization key. Key 'DI_piety_modifiers' is defined in both 'localization/russian/gui/DI_RUS_l_russian.yml' and 'localization/russian/gui/DI_l_russian.yml'.
[15:10:59][pdx_localize.cpp:279] [original line 330] Duplicate localization key. Key 'DI_piety_modifiers_tt' is defined in both 'localization/russian/gui/DI_RUS_l_russian.yml' and 'localization/russian/gui/DI_l_russian.yml'.
[15:10:59][pdx_localize.cpp:279] [original line 331] Duplicate localization key. Key 'DI_income_modifiers' is defined in both 'localization/russian/gui/DI_RUS_l_russian.yml' and 'localization/russian/gui/DI_l_russian.yml'.
[15:10:59][pdx_localize.cpp:279] [original line 332] Duplicate localization key. Key 'DI_income_modifiers_tt' is defined in both 'localization/russian/gui/DI_RUS_l_russian.yml' and 'localization/russian/gui/DI_l_russian.yml'.
[15:10:59][pdx_localize.cpp:279] [original line 333] Duplicate localization key. Key 'DI_opinion_modifiers' is defined in both 'localization/russian/gui/DI_RUS_l_russian.yml' and 'localization/russian/gui/DI_l_russian.yml'.
[15:10:59][pdx_localize.cpp:279] [original line 334] Duplicate localization key. Key 'DI_opinion_modifiers_tt' is defined in both 'localization/russian/gui/DI_RUS_l_russian.yml' and 'localization/russian/gui/DI_l_russian.yml'.
[15:10:59][pdx_localize.cpp:279] [original line 335] Duplicate localization key. Key 'DI_health_modifiers' is defined in both 'localization/russian/gui/DI_RUS_l_russian.yml' and 'localization/russian/gui/DI_l_russian.yml'.
[15:10:59][pdx_localize.cpp:279] [original line 336] Duplicate localization key. Key 'DI_health_modifiers_tt' is defined in both 'localization/russian/gui/DI_RUS_l_russian.yml' and 'localization/russian/gui/DI_l_russian.yml'.
[15:10:59][pdx_localize.cpp:279] [original line 337] Duplicate localization key. Key 'DI_intrigue_modifiers' is defined in both 'localization/russian/gui/DI_RUS_l_russian.yml' and 'localization/russian/gui/DI_l_russian.yml'.
[15:10:59][pdx_localize.cpp:279] [original line 338] Duplicate localization key. Key 'DI_intrigue_modifiers_tt' is defined in both 'localization/russian/gui/DI_RUS_l_russian.yml' and 'localization/russian/gui/DI_l_russian.yml'.
[15:10:59][pdx_localize.cpp:279] [original line 339] Duplicate localization key. Key 'DI_authority_modifiers' is defined in both 'localization/russian/gui/DI_RUS_l_russian.yml' and 'localization/russian/gui/DI_l_russian.yml'.
[15:10:59][pdx_localize.cpp:279] [original line 340] Duplicate localization key. Key 'DI_authority_modifiers_tt' is defined in both 'localization/russian/gui/DI_RUS_l_russian.yml' and 'localization/russian/gui/DI_l_russian.yml'.
[15:10:59][pdx_localize.cpp:279] [original line 341] Duplicate localization key. Key 'DI_provincial_modifiers' is defined in both 'localization/russian/gui/DI_RUS_l_russian.yml' and 'localization/russian/gui/DI_l_russian.yml'.
[15:10:59][pdx_localize.cpp:279] [original line 342] Duplicate localization key. Key 'DI_provincial_modifiers_tt' is defined in both 'localization/russian/gui/DI_RUS_l_russian.yml' and 'localization/russian/gui/DI_l_russian.yml'.
[15:10:59][pdx_localize.cpp:279] [original line 343] Duplicate localization key. Key 'DI_governing_modifiers' is defined in both 'localization/russian/gui/DI_RUS_l_russian.yml' and 'localization/russian/gui/DI_l_russian.yml'.
[15:10:59][pdx_localize.cpp:279] [original line 344] Duplicate localization key. Key 'DI_governing_modifiers_tt' is defined in both 'localization/russian/gui/DI_RUS_l_russian.yml' and 'localization/russian/gui/DI_l_russian.yml'.
[15:10:59][pdx_localize.cpp:279] [original line 345] Duplicate localization key. Key 'DI_military_modifiers' is defined in both 'localization/russian/gui/DI_RUS_l_russian.yml' and 'localization/russian/gui/DI_l_russian.yml'.
[15:10:59][pdx_localize.cpp:279] [original line 346] Duplicate localization key. Key 'DI_military_modifiers_tt' is defined in both 'localization/russian/gui/DI_RUS_l_russian.yml' and 'localization/russian/gui/DI_l_russian.yml'.
[15:10:59][pdx_localize.cpp:279] [original line 347] Duplicate localization key. Key 'DI_learning_modifiers' is defined in both 'localization/russian/gui/DI_RUS_l_russian.yml' and 'localization/russian/gui/DI_l_russian.yml'.
[15:10:59][pdx_localize.cpp:279] [original line 348] Duplicate localization key. Key 'DI_learning_modifiers_tt' is defined in both 'localization/russian/gui/DI_RUS_l_russian.yml' and 'localization/russian/gui/DI_l_russian.yml'.
[15:10:59][pdx_localize.cpp:279] [original line 349] Duplicate localization key. Key 'DI_maa_modifiers' is defined in both 'localization/russian/gui/DI_RUS_l_russian.yml' and 'localization/russian/gui/DI_l_russian.yml'.
[15:10:59][pdx_localize.cpp:279] [original line 350] Duplicate localization key. Key 'DI_modifier_neg' is defined in both 'localization/russian/gui/DI_RUS_l_russian.yml' and 'localization/russian/gui/DI_l_russian.yml'.
[15:10:59][pdx_localize.cpp:279] [original line 351] Duplicate localization key. Key 'DI_modifier_mult' is defined in both 'localization/russian/gui/DI_RUS_l_russian.yml' and 'localization/russian/gui/DI_l_russian.yml'.
[15:10:59][pdx_localize.cpp:279] [original line 352] Duplicate localization key. Key 'DI_modifier_increment' is defined in both 'localization/russian/gui/DI_RUS_l_russian.yml' and 'localization/russian/gui/DI_l_russian.yml'.
[15:10:59][pdx_localize.cpp:279] [original line 353] Duplicate localization key. Key 'DI_increment_broken' is defined in both 'localization/russian/gui/DI_RUS_l_russian.yml' and 'localization/russian/gui/DI_l_russian.yml'.
[15:10:59][pdx_localize.cpp:279] [original line 354] Duplicate localization key. Key 'DI_modifiers_desc' is defined in both 'localization/russian/gui/DI_RUS_l_russian.yml' and 'localization/russian/gui/DI_l_russian.yml'.
[15:10:59][pdx_localize.cpp:279] [original line 355] Duplicate localization key. Key 'DI_modifier_add_remove' is defined in both 'localization/russian/gui/DI_RUS_l_russian.yml' and 'localization/russian/gui/DI_l_russian.yml'.
[15:10:59][pdx_localize.cpp:279] [original line 356] Duplicate localization key. Key 'DI_space_marines' is defined in both 'localization/russian/gui/DI_RUS_l_russian.yml' and 'localization/russian/gui/DI_l_russian.yml'.
[15:10:59][pdx_localize.cpp:279] [original line 357] Duplicate localization key. Key 'DI_contraceptive' is defined in both 'localization/russian/gui/DI_RUS_l_russian.yml' and 'localization/russian/gui/DI_l_russian.yml'.
[15:10:59][pdx_localize.cpp:279] [original line 358] Duplicate localization key. Key 'DI_immune_to_schemes' is defined in both 'localization/russian/gui/DI_RUS_l_russian.yml' and 'localization/russian/gui/DI_l_russian.yml'.
[15:10:59][pdx_localize.cpp:279] [original line 359] Duplicate localization key. Key 'DI_ultra_build' is defined in both 'localization/russian/gui/DI_RUS_l_russian.yml' and 'localization/russian/gui/DI_l_russian.yml'.
[15:10:59][pdx_localize.cpp:279] [original line 360] Duplicate localization key. Key 'DI_building_slots' is defined in both 'localization/russian/gui/DI_RUS_l_russian.yml' and 'localization/russian/gui/DI_l_russian.yml'.
[15:10:59][pdx_localize.cpp:279] [original line 361] Duplicate localization key. Key 'DI_one_building_slot' is defined in both 'localization/russian/gui/DI_RUS_l_russian.yml' and 'localization/russian/gui/DI_l_russian.yml'.
[15:10:59][pdx_localize.cpp:279] [original line 362] Duplicate localization key. Key 'DI_domain_limit' is defined in both 'localization/russian/gui/DI_RUS_l_russian.yml' and 'localization/russian/gui/DI_l_russian.yml'.
[15:10:59][pdx_localize.cpp:279] [original line 363] Duplicate localization key. Key 'DI_money_printer' is defined in both 'localization/russian/gui/DI_RUS_l_russian.yml' and 'localization/russian/gui/DI_l_russian.yml'.
[15:10:59][pdx_localize.cpp:279] [original line 364] Duplicate localization key. Key 'DI_perma_health' is defined in both 'localization/russian/gui/DI_RUS_l_russian.yml' and 'localization/russian/gui/DI_l_russian.yml'.
[15:10:59][pdx_localize.cpp:279] [original line 365] Duplicate localization key. Key 'DI_trait_xp_boost' is defined in both 'localization/russian/gui/DI_RUS_l_russian.yml' and 'localization/russian/gui/DI_l_russian.yml'.
[15:10:59][pdx_localize.cpp:279] [original line 366] Duplicate localization key. Key 'DI_commander_trait_xp_boost' is defined in both 'localization/russian/gui/DI_RUS_l_russian.yml' and 'localization/russian/gui/DI_l_russian.yml'.
[15:10:59][pdx_localize.cpp:279] [original line 367] Duplicate localization key. Key 'DI_godlike_inheritance' is defined in both 'localization/russian/gui/DI_RUS_l_russian.yml' and 'localization/russian/gui/DI_l_russian.yml'.
[15:10:59][pdx_localize.cpp:279] [original line 368] Duplicate localization key. Key 'DI_true_rulers' is defined in both 'localization/russian/gui/DI_RUS_l_russian.yml' and 'localization/russian/gui/DI_l_russian.yml'.
[15:10:59][pdx_localize.cpp:279] [original line 369] Duplicate localization key. Key 'DI_plague_doctor' is defined in both 'localization/russian/gui/DI_RUS_l_russian.yml' and 'localization/russian/gui/DI_l_russian.yml'.
[15:10:59][pdx_localize.cpp:279] [original line 370] Duplicate localization key. Key 'DI_imperial_march' is defined in both 'localization/russian/gui/DI_RUS_l_russian.yml' and 'localization/russian/gui/DI_l_russian.yml'.
[15:10:59][pdx_localize.cpp:279] [original line 371] Duplicate localization key. Key 'DI_dread_lord' is defined in both 'localization/russian/gui/DI_RUS_l_russian.yml' and 'localization/russian/gui/DI_l_russian.yml'.
[15:10:59][pdx_localize.cpp:279] [original line 372] Duplicate localization key. Key 'DI_lifestyle_mastery' is defined in both 'localization/russian/gui/DI_RUS_l_russian.yml' and 'localization/russian/gui/DI_l_russian.yml'.
[15:10:59][pdx_localize.cpp:279] [original line 373] Duplicate localization key. Key 'DI_travel_speed' is defined in both 'localization/russian/gui/DI_RUS_l_russian.yml' and 'localization/russian/gui/DI_l_russian.yml'.
[15:10:59][pdx_localize.cpp:279] [original line 374] Duplicate localization key. Key 'DI_travel_safety' is defined in both 'localization/russian/gui/DI_RUS_l_russian.yml' and 'localization/russian/gui/DI_l_russian.yml'.
[15:10:59][pdx_localize.cpp:279] [original line 375] Duplicate localization key. Key 'DI_legend_spread' is defined in both 'localization/russian/gui/DI_RUS_l_russian.yml' and 'localization/russian/gui/DI_l_russian.yml'.
[15:10:59][pdx_localize.cpp:279] [original line 376] Duplicate localization key. Key 'DI_prestige_printer' is defined in both 'localization/russian/gui/DI_RUS_l_russian.yml' and 'localization/russian/gui/DI_l_russian.yml'.
[15:10:59][pdx_localize.cpp:279] [original line 377] Duplicate localization key. Key 'DI_piety_printer' is defined in both 'localization/russian/gui/DI_RUS_l_russian.yml' and 'localization/russian/gui/DI_l_russian.yml'.
[15:10:59][pdx_localize.cpp:279] [original line 378] Duplicate localization key. Key 'DI_everybody_loves_me' is defined in both 'localization/russian/gui/DI_RUS_l_russian.yml' and 'localization/russian/gui/DI_l_russian.yml'.
[15:10:59][pdx_localize.cpp:279] [original line 379] Duplicate localization key. Key 'DI_full_stomachs' is defined in both 'localization/russian/gui/DI_RUS_l_russian.yml' and 'localization/russian/gui/DI_l_russian.yml'.
[15:10:59][pdx_localize.cpp:279] [original line 380] Duplicate localization key. Key 'DI_meritorious' is defined in both 'localization/russian/gui/DI_RUS_l_russian.yml' and 'localization/russian/gui/DI_l_russian.yml'.
[15:10:59][pdx_localize.cpp:279] [original line 381] Duplicate localization key. Key 'no_legitimacy_change' is defined in both 'localization/russian/gui/DI_RUS_l_russian.yml' and 'localization/russian/gui/DI_l_russian.yml'.
[15:10:59][pdx_localize.cpp:279] [original line 382] Duplicate localization key. Key 'DI_traits' is defined in both 'localization/russian/gui/DI_RUS_l_russian.yml' and 'localization/russian/gui/DI_l_russian.yml'.
[15:10:59][pdx_localize.cpp:279] [original line 383] Duplicate localization key. Key 'DI_trait_window_tooltip' is defined in both 'localization/russian/gui/DI_RUS_l_russian.yml' and 'localization/russian/gui/DI_l_russian.yml'.
[15:10:59][pdx_localize.cpp:279] [original line 384] Duplicate localization key. Key 'DI_ce_tab_physical' is defined in both 'localization/russian/gui/DI_RUS_l_russian.yml' and 'localization/russian/gui/DI_l_russian.yml'.
[15:10:59][pdx_localize.cpp:279] [original line 385] Duplicate localization key. Key 'DI_ce_tab_education' is defined in both 'localization/russian/gui/DI_RUS_l_russian.yml' and 'localization/russian/gui/DI_l_russian.yml'.
[15:10:59][pdx_localize.cpp:279] [original line 386] Duplicate localization key. Key 'DI_ce_tab_commander' is defined in both 'localization/russian/gui/DI_RUS_l_russian.yml' and 'localization/russian/gui/DI_l_russian.yml'.
[15:10:59][pdx_localize.cpp:279] [original line 387] Duplicate localization key. Key 'DI_ce_tab_lifestyle' is defined in both 'localization/russian/gui/DI_RUS_l_russian.yml' and 'localization/russian/gui/DI_l_russian.yml'.
[15:10:59][pdx_localize.cpp:279] [original line 388] Duplicate localization key. Key 'DI_ce_tab_personality' is defined in both 'localization/russian/gui/DI_RUS_l_russian.yml' and 'localization/russian/gui/DI_l_russian.yml'.
[15:10:59][pdx_localize.cpp:279] [original line 389] Duplicate localization key. Key 'DI_ce_tab_fame' is defined in both 'localization/russian/gui/DI_RUS_l_russian.yml' and 'localization/russian/gui/DI_l_russian.yml'.
[15:10:59][pdx_localize.cpp:279] [original line 390] Duplicate localization key. Key 'DI_ce_tab_other' is defined in both 'localization/russian/gui/DI_RUS_l_russian.yml' and 'localization/russian/gui/DI_l_russian.yml'.
[15:10:59][pdx_localize.cpp:279] [original line 391] Duplicate localization key. Key 'DI_ce_tab_tracked' is defined in both 'localization/russian/gui/DI_RUS_l_russian.yml' and 'localization/russian/gui/DI_l_russian.yml'.
[15:10:59][pdx_localize.cpp:279] [original line 392] Duplicate localization key. Key 'DI_ce_tab_pinned' is defined in both 'localization/russian/gui/DI_RUS_l_russian.yml' and 'localization/russian/gui/DI_l_russian.yml'.
[15:10:59][pdx_localize.cpp:279] [original line 393] Duplicate localization key. Key 'DI_pinned_traits' is defined in both 'localization/russian/gui/DI_RUS_l_russian.yml' and 'localization/russian/gui/DI_l_russian.yml'.
[15:10:59][pdx_localize.cpp:279] [original line 394] Duplicate localization key. Key 'DI_pinned_traits_tt' is defined in both 'localization/russian/gui/DI_RUS_l_russian.yml' and 'localization/russian/gui/DI_l_russian.yml'.
[15:10:59][pdx_localize.cpp:279] [original line 395] Duplicate localization key. Key 'DI_trait_button_tt' is defined in both 'localization/russian/gui/DI_RUS_l_russian.yml' and 'localization/russian/gui/DI_l_russian.yml'.
[15:10:59][pdx_localize.cpp:279] [original line 396] Duplicate localization key. Key 'DI_trait_xp_button_tt' is defined in both 'localization/russian/gui/DI_RUS_l_russian.yml' and 'localization/russian/gui/DI_l_russian.yml'.
[15:10:59][pdx_localize.cpp:279] [original line 397] Duplicate localization key. Key 'DI_tracked_trait_marker_tt' is defined in both 'localization/russian/gui/DI_RUS_l_russian.yml' and 'localization/russian/gui/DI_l_russian.yml'.
[15:10:59][pdx_localize.cpp:279] [original line 398] Duplicate localization key. Key 'DI_physical_traits' is defined in both 'localization/russian/gui/DI_RUS_l_russian.yml' and 'localization/russian/gui/DI_l_russian.yml'.
[15:10:59][pdx_localize.cpp:279] [original line 399] Duplicate localization key. Key 'DI_physical_traits_tt' is defined in both 'localization/russian/gui/DI_RUS_l_russian.yml' and 'localization/russian/gui/DI_l_russian.yml'.
[15:10:59][pdx_localize.cpp:279] [original line 400] Duplicate localization key. Key 'DI_education_traits' is defined in both 'localization/russian/gui/DI_RUS_l_russian.yml' and 'localization/russian/gui/DI_l_russian.yml'.
[15:10:59][pdx_localize.cpp:279] [original line 401] Duplicate localization key. Key 'DI_education_traits_tt' is defined in both 'localization/russian/gui/DI_RUS_l_russian.yml' and 'localization/russian/gui/DI_l_russian.yml'.
[15:10:59][pdx_localize.cpp:279] [original line 402] Duplicate localization key. Key 'DI_commander_traits' is defined in both 'localization/russian/gui/DI_RUS_l_russian.yml' and 'localization/russian/gui/DI_l_russian.yml'.
[15:10:59][pdx_localize.cpp:279] [original line 403] Duplicate localization key. Key 'DI_commander_traits_tt' is defined in both 'localization/russian/gui/DI_RUS_l_russian.yml' and 'localization/russian/gui/DI_l_russian.yml'.
[15:10:59][pdx_localize.cpp:279] [original line 404] Duplicate localization key. Key 'DI_lifestyle_traits' is defined in both 'localization/russian/gui/DI_RUS_l_russian.yml' and 'localization/russian/gui/DI_l_russian.yml'.
[15:10:59][pdx_localize.cpp:279] [original line 405] Duplicate localization key. Key 'DI_lifestyle_traits_tt' is defined in both 'localization/russian/gui/DI_RUS_l_russian.yml' and 'localization/russian/gui/DI_l_russian.yml'.
[15:10:59][pdx_localize.cpp:279] [original line 406] Duplicate localization key. Key 'DI_personality_traits' is defined in both 'localization/russian/gui/DI_RUS_l_russian.yml' and 'localization/russian/gui/DI_l_russian.yml'.
[15:10:59][pdx_localize.cpp:279] [original line 407] Duplicate localization key. Key 'DI_personality_traits_tt' is defined in both 'localization/russian/gui/DI_RUS_l_russian.yml' and 'localization/russian/gui/DI_l_russian.yml'.
[15:10:59][pdx_localize.cpp:279] [original line 408] Duplicate localization key. Key 'DI_health_traits' is defined in both 'localization/russian/gui/DI_RUS_l_russian.yml' and 'localization/russian/gui/DI_l_russian.yml'.
[15:10:59][pdx_localize.cpp:279] [original line 409] Duplicate localization key. Key 'DI_health_traits_tt' is defined in both 'localization/russian/gui/DI_RUS_l_russian.yml' and 'localization/russian/gui/DI_l_russian.yml'.
[15:10:59][pdx_localize.cpp:279] [original line 410] Duplicate localization key. Key 'DI_fame_traits' is defined in both 'localization/russian/gui/DI_RUS_l_russian.yml' and 'localization/russian/gui/DI_l_russian.yml'.
[15:10:59][pdx_localize.cpp:279] [original line 411] Duplicate localization key. Key 'DI_fame_traits_tt' is defined in both 'localization/russian/gui/DI_RUS_l_russian.yml' and 'localization/russian/gui/DI_l_russian.yml'.
[15:10:59][pdx_localize.cpp:279] [original line 412] Duplicate localization key. Key 'DI_other_traits' is defined in both 'localization/russian/gui/DI_RUS_l_russian.yml' and 'localization/russian/gui/DI_l_russian.yml'.
[15:10:59][pdx_localize.cpp:279] [original line 413] Duplicate localization key. Key 'DI_other_traits_tt' is defined in both 'localization/russian/gui/DI_RUS_l_russian.yml' and 'localization/russian/gui/DI_l_russian.yml'.
[15:10:59][pdx_localize.cpp:279] [original line 414] Duplicate localization key. Key 'DI_tracked_traits' is defined in both 'localization/russian/gui/DI_RUS_l_russian.yml' and 'localization/russian/gui/DI_l_russian.yml'.
[15:10:59][pdx_localize.cpp:279] [original line 415] Duplicate localization key. Key 'DI_tracked_traits_tt' is defined in both 'localization/russian/gui/DI_RUS_l_russian.yml' and 'localization/russian/gui/DI_l_russian.yml'.
[15:10:59][pdx_localize.cpp:279] [original line 416] Duplicate localization key. Key 'trait_nnn_challenger' is defined in both 'localization/russian/gui/DI_RUS_l_russian.yml' and 'localization/russian/gui/DI_l_russian.yml'.
[15:10:59][pdx_localize.cpp:279] [original line 417] Duplicate localization key. Key 'trait_nnn_challenger_desc' is defined in both 'localization/russian/gui/DI_RUS_l_russian.yml' and 'localization/russian/gui/DI_l_russian.yml'.
[15:10:59][pdx_localize.cpp:279] [original line 418] Duplicate localization key. Key 'trait_nnn_challenger_character_desc' is defined in both 'localization/russian/gui/DI_RUS_l_russian.yml' and 'localization/russian/gui/DI_l_russian.yml'.
[15:10:59][pdx_localize.cpp:279] [original line 419] Duplicate localization key. Key 'trait_build_speed_cheat' is defined in both 'localization/russian/gui/DI_RUS_l_russian.yml' and 'localization/russian/gui/DI_l_russian.yml'.
[15:10:59][pdx_localize.cpp:279] [original line 420] Duplicate localization key. Key 'trait_build_speed_cheat_desc' is defined in both 'localization/russian/gui/DI_RUS_l_russian.yml' and 'localization/russian/gui/DI_l_russian.yml'.
[15:10:59][pdx_localize.cpp:279] [original line 421] Duplicate localization key. Key 'trait_build_speed_cheat_character_desc' is defined in both 'localization/russian/gui/DI_RUS_l_russian.yml' and 'localization/russian/gui/DI_l_russian.yml'.
[15:10:59][pdx_localize.cpp:279] [original line 422] Duplicate localization key. Key 'trait_stress_gain_remove' is defined in both 'localization/russian/gui/DI_RUS_l_russian.yml' and 'localization/russian/gui/DI_l_russian.yml'.
[15:10:59][pdx_localize.cpp:279] [original line 423] Duplicate localization key. Key 'trait_stress_gain_remove_desc' is defined in both 'localization/russian/gui/DI_RUS_l_russian.yml' and 'localization/russian/gui/DI_l_russian.yml'.
[15:10:59][pdx_localize.cpp:279] [original line 424] Duplicate localization key. Key 'trait_stress_gain_remove_character_desc' is defined in both 'localization/russian/gui/DI_RUS_l_russian.yml' and 'localization/russian/gui/DI_l_russian.yml'.
[15:10:59][pdx_localize.cpp:279] [original line 425] Duplicate localization key. Key 'trait_tyranny_gain_remove' is defined in both 'localization/russian/gui/DI_RUS_l_russian.yml' and 'localization/russian/gui/DI_l_russian.yml'.
[15:10:59][pdx_localize.cpp:279] [original line 426] Duplicate localization key. Key 'trait_tyranny_gain_remove_desc' is defined in both 'localization/russian/gui/DI_RUS_l_russian.yml' and 'localization/russian/gui/DI_l_russian.yml'.
[15:10:59][pdx_localize.cpp:279] [original line 427] Duplicate localization key. Key 'trait_tyranny_gain_remove_character_desc' is defined in both 'localization/russian/gui/DI_RUS_l_russian.yml' and 'localization/russian/gui/DI_l_russian.yml'.
[15:10:59][pdx_localize.cpp:279] [original line 428] Duplicate localization key. Key 'trait_boost_stats' is defined in both 'localization/russian/gui/DI_RUS_l_russian.yml' and 'localization/russian/gui/DI_l_russian.yml'.
[15:10:59][pdx_localize.cpp:279] [original line 429] Duplicate localization key. Key 'trait_boost_stats_desc' is defined in both 'localization/russian/gui/DI_RUS_l_russian.yml' and 'localization/russian/gui/DI_l_russian.yml'.
[15:10:59][pdx_localize.cpp:279] [original line 430] Duplicate localization key. Key 'trait_boost_stats_character_desc' is defined in both 'localization/russian/gui/DI_RUS_l_russian.yml' and 'localization/russian/gui/DI_l_russian.yml'.
[15:10:59][pdx_localize.cpp:279] [original line 431] Duplicate localization key. Key 'trait_100_stat_man' is defined in both 'localization/russian/gui/DI_RUS_l_russian.yml' and 'localization/russian/gui/DI_l_russian.yml'.
[15:10:59][pdx_localize.cpp:279] [original line 432] Duplicate localization key. Key 'trait_100_stat_man_desc' is defined in both 'localization/russian/gui/DI_RUS_l_russian.yml' and 'localization/russian/gui/DI_l_russian.yml'.
[15:10:59][pdx_localize.cpp:279] [original line 433] Duplicate localization key. Key 'trait_100_stat_man_character_desc' is defined in both 'localization/russian/gui/DI_RUS_l_russian.yml' and 'localization/russian/gui/DI_l_russian.yml'.
[15:10:59][pdx_localize.cpp:279] [original line 434] Duplicate localization key. Key 'trait_DI_immortal' is defined in both 'localization/russian/gui/DI_RUS_l_russian.yml' and 'localization/russian/gui/DI_l_russian.yml'.
[15:10:59][pdx_localize.cpp:279] [original line 435] Duplicate localization key. Key 'trait_DI_immortal_desc' is defined in both 'localization/russian/gui/DI_RUS_l_russian.yml' and 'localization/russian/gui/DI_l_russian.yml'.
[15:10:59][pdx_localize.cpp:279] [original line 436] Duplicate localization key. Key 'trait_DI_immortal_character_desc' is defined in both 'localization/russian/gui/DI_RUS_l_russian.yml' and 'localization/russian/gui/DI_l_russian.yml'.
[15:10:59][pdx_localize.cpp:279] [original line 437] Duplicate localization key. Key 'DI_sexuality' is defined in both 'localization/russian/gui/DI_RUS_l_russian.yml' and 'localization/russian/gui/DI_l_russian.yml'.
[15:10:59][pdx_localize.cpp:279] [original line 438] Duplicate localization key. Key 'DI_sexuality_ho' is defined in both 'localization/russian/gui/DI_RUS_l_russian.yml' and 'localization/russian/gui/DI_l_russian.yml'.
[15:10:59][pdx_localize.cpp:279] [original line 439] Duplicate localization key. Key 'DI_sexuality_he' is defined in both 'localization/russian/gui/DI_RUS_l_russian.yml' and 'localization/russian/gui/DI_l_russian.yml'.
[15:10:59][pdx_localize.cpp:279] [original line 440] Duplicate localization key. Key 'DI_sexuality_bi' is defined in both 'localization/russian/gui/DI_RUS_l_russian.yml' and 'localization/russian/gui/DI_l_russian.yml'.
[15:10:59][pdx_localize.cpp:279] [original line 441] Duplicate localization key. Key 'DI_sexuality_as' is defined in both 'localization/russian/gui/DI_RUS_l_russian.yml' and 'localization/russian/gui/DI_l_russian.yml'.
[15:10:59][pdx_localize.cpp:279] [original line 442] Duplicate localization key. Key 'DI_culture_menu_title' is defined in both 'localization/russian/gui/DI_RUS_l_russian.yml' and 'localization/russian/gui/DI_l_russian.yml'.
[15:10:59][pdx_localize.cpp:279] [original line 443] Duplicate localization key. Key 'DI_change_to_my_culture' is defined in both 'localization/russian/gui/DI_RUS_l_russian.yml' and 'localization/russian/gui/DI_l_russian.yml'.
[15:10:59][pdx_localize.cpp:279] [original line 444] Duplicate localization key. Key 'DI_change_to_my_culture_tt' is defined in both 'localization/russian/gui/DI_RUS_l_russian.yml' and 'localization/russian/gui/DI_l_russian.yml'.
[15:10:59][pdx_localize.cpp:279] [original line 445] Duplicate localization key. Key 'DI_change_counties_to_my_culture' is defined in both 'localization/russian/gui/DI_RUS_l_russian.yml' and 'localization/russian/gui/DI_l_russian.yml'.
[15:10:59][pdx_localize.cpp:279] [original line 446] Duplicate localization key. Key 'DI_change_counties_to_my_culture_tt' is defined in both 'localization/russian/gui/DI_RUS_l_russian.yml' and 'localization/russian/gui/DI_l_russian.yml'.
[15:10:59][pdx_localize.cpp:279] [original line 447] Duplicate localization key. Key 'DI_religion_menu_title' is defined in both 'localization/russian/gui/DI_RUS_l_russian.yml' and 'localization/russian/gui/DI_l_russian.yml'.
[15:10:59][pdx_localize.cpp:279] [original line 448] Duplicate localization key. Key 'DI_change_to_my_religion' is defined in both 'localization/russian/gui/DI_RUS_l_russian.yml' and 'localization/russian/gui/DI_l_russian.yml'.
[15:10:59][pdx_localize.cpp:279] [original line 449] Duplicate localization key. Key 'DI_change_to_my_religion_tt' is defined in both 'localization/russian/gui/DI_RUS_l_russian.yml' and 'localization/russian/gui/DI_l_russian.yml'.
[15:10:59][pdx_localize.cpp:279] [original line 450] Duplicate localization key. Key 'DI_change_counties_to_my_religion' is defined in both 'localization/russian/gui/DI_RUS_l_russian.yml' and 'localization/russian/gui/DI_l_russian.yml'.
[15:10:59][pdx_localize.cpp:279] [original line 451] Duplicate localization key. Key 'DI_change_counties_to_my_religion_tt' is defined in both 'localization/russian/gui/DI_RUS_l_russian.yml' and 'localization/russian/gui/DI_l_russian.yml'.
[15:10:59][pdx_localize.cpp:279] [original line 452] Duplicate localization key. Key 'DI_pinned_characters' is defined in both 'localization/russian/gui/DI_RUS_l_russian.yml' and 'localization/russian/gui/DI_l_russian.yml'.
[15:10:59][pdx_localize.cpp:279] [original line 453] Duplicate localization key. Key 'DI_pinned_characters_no_match' is defined in both 'localization/russian/gui/DI_RUS_l_russian.yml' and 'localization/russian/gui/DI_l_russian.yml'.
[15:10:59][pdx_localize.cpp:279] [original line 454] Duplicate localization key. Key 'DI_pinned_char_var' is defined in both 'localization/russian/gui/DI_RUS_l_russian.yml' and 'localization/russian/gui/DI_l_russian.yml'.
[15:10:59][pdx_localize.cpp:279] [original line 455] Duplicate localization key. Key 'DI_pinned_single_view' is defined in both 'localization/russian/gui/DI_RUS_l_russian.yml' and 'localization/russian/gui/DI_l_russian.yml'.
[15:10:59][pdx_localize.cpp:279] [original line 456] Duplicate localization key. Key 'DI_primary_pinned_character' is defined in both 'localization/russian/gui/DI_RUS_l_russian.yml' and 'localization/russian/gui/DI_l_russian.yml'.
[15:10:59][pdx_localize.cpp:279] [original line 457] Duplicate localization key. Key 'DI_increment' is defined in both 'localization/russian/gui/DI_RUS_l_russian.yml' and 'localization/russian/gui/DI_l_russian.yml'.
[15:10:59][pdx_localize.cpp:279] [original line 458] Duplicate localization key. Key 'DI_increment_tt' is defined in both 'localization/russian/gui/DI_RUS_l_russian.yml' and 'localization/russian/gui/DI_l_russian.yml'.
[15:10:59][pdx_localize.cpp:279] [original line 459] Duplicate localization key. Key 'DI_age' is defined in both 'localization/russian/gui/DI_RUS_l_russian.yml' and 'localization/russian/gui/DI_l_russian.yml'.
[15:10:59][pdx_localize.cpp:279] [original line 460] Duplicate localization key. Key 'DI_kill_tt' is defined in both 'localization/russian/gui/DI_RUS_l_russian.yml' and 'localization/russian/gui/DI_l_russian.yml'.
[15:10:59][pdx_localize.cpp:279] [original line 461] Duplicate localization key. Key 'DI_vassalize_tt' is defined in both 'localization/russian/gui/DI_RUS_l_russian.yml' and 'localization/russian/gui/DI_l_russian.yml'.
[15:10:59][pdx_localize.cpp:279] [original line 462] Duplicate localization key. Key 'DI_STRESS_TOOLTIP' is defined in both 'localization/russian/gui/DI_RUS_l_russian.yml' and 'localization/russian/gui/DI_l_russian.yml'.
[15:10:59][pdx_localize.cpp:279] [original line 463] Duplicate localization key. Key 'DI_pinned_age' is defined in both 'localization/russian/gui/DI_RUS_l_russian.yml' and 'localization/russian/gui/DI_l_russian.yml'.
[15:10:59][pdx_localize.cpp:279] [original line 464] Duplicate localization key. Key 'DI_PC_diplomacy' is defined in both 'localization/russian/gui/DI_RUS_l_russian.yml' and 'localization/russian/gui/DI_l_russian.yml'.
[15:10:59][pdx_localize.cpp:279] [original line 465] Duplicate localization key. Key 'DI_PC_martial' is defined in both 'localization/russian/gui/DI_RUS_l_russian.yml' and 'localization/russian/gui/DI_l_russian.yml'.
[15:10:59][pdx_localize.cpp:279] [original line 466] Duplicate localization key. Key 'DI_PC_stewardship' is defined in both 'localization/russian/gui/DI_RUS_l_russian.yml' and 'localization/russian/gui/DI_l_russian.yml'.
[15:10:59][pdx_localize.cpp:279] [original line 467] Duplicate localization key. Key 'DI_PC_intrigue' is defined in both 'localization/russian/gui/DI_RUS_l_russian.yml' and 'localization/russian/gui/DI_l_russian.yml'.
[15:10:59][pdx_localize.cpp:279] [original line 468] Duplicate localization key. Key 'DI_PC_learning' is defined in both 'localization/russian/gui/DI_RUS_l_russian.yml' and 'localization/russian/gui/DI_l_russian.yml'.
[15:10:59][pdx_localize.cpp:279] [original line 469] Duplicate localization key. Key 'DI_PC_prowess' is defined in both 'localization/russian/gui/DI_RUS_l_russian.yml' and 'localization/russian/gui/DI_l_russian.yml'.
[15:10:59][pdx_localize.cpp:279] [original line 470] Duplicate localization key. Key 'DI_PC_gold' is defined in both 'localization/russian/gui/DI_RUS_l_russian.yml' and 'localization/russian/gui/DI_l_russian.yml'.
[15:10:59][pdx_localize.cpp:279] [original line 471] Duplicate localization key. Key 'DI_PC_prestige' is defined in both 'localization/russian/gui/DI_RUS_l_russian.yml' and 'localization/russian/gui/DI_l_russian.yml'.
[15:10:59][pdx_localize.cpp:279] [original line 472] Duplicate localization key. Key 'DI_PC_piety' is defined in both 'localization/russian/gui/DI_RUS_l_russian.yml' and 'localization/russian/gui/DI_l_russian.yml'.
[15:10:59][pdx_localize.cpp:279] [original line 473] Duplicate localization key. Key 'DI_PC_dprestige' is defined in both 'localization/russian/gui/DI_RUS_l_russian.yml' and 'localization/russian/gui/DI_l_russian.yml'.
[15:10:59][pdx_localize.cpp:279] [original line 474] Duplicate localization key. Key 'DI_PC_influence' is defined in both 'localization/russian/gui/DI_RUS_l_russian.yml' and 'localization/russian/gui/DI_l_russian.yml'.
[15:10:59][pdx_localize.cpp:279] [original line 475] Duplicate localization key. Key 'DI_PC_provisions' is defined in both 'localization/russian/gui/DI_RUS_l_russian.yml' and 'localization/russian/gui/DI_l_russian.yml'.
[15:10:59][pdx_localize.cpp:279] [original line 476] Duplicate localization key. Key 'DI_PC_herd' is defined in both 'localization/russian/gui/DI_RUS_l_russian.yml' and 'localization/russian/gui/DI_l_russian.yml'.
[15:10:59][pdx_localize.cpp:279] [original line 477] Duplicate localization key. Key 'DI_PC_barter_goods' is defined in both 'localization/russian/gui/DI_RUS_l_russian.yml' and 'localization/russian/gui/DI_l_russian.yml'.
[15:10:59][pdx_localize.cpp:279] [original line 478] Duplicate localization key. Key 'DI_PC_treasury' is defined in both 'localization/russian/gui/DI_RUS_l_russian.yml' and 'localization/russian/gui/DI_l_russian.yml'.
[15:10:59][pdx_localize.cpp:279] [original line 479] Duplicate localization key. Key 'DI_PC_merit_level' is defined in both 'localization/russian/gui/DI_RUS_l_russian.yml' and 'localization/russian/gui/DI_l_russian.yml'.
[15:10:59][pdx_localize.cpp:279] [original line 480] Duplicate localization key. Key 'DI_apply_skill' is defined in both 'localization/russian/gui/DI_RUS_l_russian.yml' and 'localization/russian/gui/DI_l_russian.yml'.
[15:10:59][pdx_localize.cpp:279] [original line 481] Duplicate localization key. Key 'DI_execute_tt' is defined in both 'localization/russian/gui/DI_RUS_l_russian.yml' and 'localization/russian/gui/DI_l_russian.yml'.
[15:10:59][pdx_localize.cpp:279] [original line 482] Duplicate localization key. Key 'DI_house_arrest_tt' is defined in both 'localization/russian/gui/DI_RUS_l_russian.yml' and 'localization/russian/gui/DI_l_russian.yml'.
[15:10:59][pdx_localize.cpp:279] [original line 483] Duplicate localization key. Key 'DI_imprison_tt' is defined in both 'localization/russian/gui/DI_RUS_l_russian.yml' and 'localization/russian/gui/DI_l_russian.yml'.
[15:10:59][pdx_localize.cpp:279] [original line 484] Duplicate localization key. Key 'DI_pin_living' is defined in both 'localization/russian/gui/DI_RUS_l_russian.yml' and 'localization/russian/gui/DI_l_russian.yml'.
[15:10:59][pdx_localize.cpp:279] [original line 485] Duplicate localization key. Key 'DI_pin_living_tt' is defined in both 'localization/russian/gui/DI_RUS_l_russian.yml' and 'localization/russian/gui/DI_l_russian.yml'.
[15:10:59][pdx_localize.cpp:279] [original line 486] Duplicate localization key. Key 'DI_pin_pinned' is defined in both 'localization/russian/gui/DI_RUS_l_russian.yml' and 'localization/russian/gui/DI_l_russian.yml'.
[15:10:59][pdx_localize.cpp:279] [original line 487] Duplicate localization key. Key 'DI_pin_pinned_tt' is defined in both 'localization/russian/gui/DI_RUS_l_russian.yml' and 'localization/russian/gui/DI_l_russian.yml'.
[15:10:59][pdx_localize.cpp:279] [original line 488] Duplicate localization key. Key 'DI_PC_religion_tt' is defined in both 'localization/russian/gui/DI_RUS_l_russian.yml' and 'localization/russian/gui/DI_l_russian.yml'.
[15:10:59][pdx_localize.cpp:279] [original line 489] Duplicate localization key. Key 'DI_PC_culture_tt' is defined in both 'localization/russian/gui/DI_RUS_l_russian.yml' and 'localization/russian/gui/DI_l_russian.yml'.
[15:10:59][pdx_localize.cpp:279] [original line 490] Duplicate localization key. Key 'DI_PC_title_tt' is defined in both 'localization/russian/gui/DI_RUS_l_russian.yml' and 'localization/russian/gui/DI_l_russian.yml'.
[15:10:59][pdx_localize.cpp:279] [original line 491] Duplicate localization key. Key 'DI_PC_title_options' is defined in both 'localization/russian/gui/DI_RUS_l_russian.yml' and 'localization/russian/gui/DI_l_russian.yml'.
[15:10:59][pdx_localize.cpp:279] [original line 492] Duplicate localization key. Key 'DI_PC_title_options_tt' is defined in both 'localization/russian/gui/DI_RUS_l_russian.yml' and 'localization/russian/gui/DI_l_russian.yml'.
[15:10:59][pdx_localize.cpp:279] [original line 493] Duplicate localization key. Key 'DI_unpin_tt' is defined in both 'localization/russian/gui/DI_RUS_l_russian.yml' and 'localization/russian/gui/DI_l_russian.yml'.
[15:10:59][pdx_localize.cpp:279] [original line 494] Duplicate localization key. Key 'DI_title_manager' is defined in both 'localization/russian/gui/DI_RUS_l_russian.yml' and 'localization/russian/gui/DI_l_russian.yml'.
[15:10:59][pdx_localize.cpp:279] [original line 495] Duplicate localization key. Key 'DI_title_manager_tt' is defined in both 'localization/russian/gui/DI_RUS_l_russian.yml' and 'localization/russian/gui/DI_l_russian.yml'.
[15:10:59][pdx_localize.cpp:279] [original line 496] Duplicate localization key. Key 'DI_tab_filter' is defined in both 'localization/russian/gui/DI_RUS_l_russian.yml' and 'localization/russian/gui/DI_l_russian.yml'.
[15:10:59][pdx_localize.cpp:279] [original line 497] Duplicate localization key. Key 'DI_tab_filter_tt' is defined in both 'localization/russian/gui/DI_RUS_l_russian.yml' and 'localization/russian/gui/DI_l_russian.yml'.
[15:10:59][pdx_localize.cpp:279] [original line 498] Duplicate localization key. Key 'DI_tab_quick_actions' is defined in both 'localization/russian/gui/DI_RUS_l_russian.yml' and 'localization/russian/gui/DI_l_russian.yml'.
[15:10:59][pdx_localize.cpp:279] [original line 499] Duplicate localization key. Key 'DI_tab_quick_actions_tt' is defined in both 'localization/russian/gui/DI_RUS_l_russian.yml' and 'localization/russian/gui/DI_l_russian.yml'.
[15:10:59][pdx_localize.cpp:279] [original line 500] Duplicate localization key. Key 'DI_tab_conversion' is defined in both 'localization/russian/gui/DI_RUS_l_russian.yml' and 'localization/russian/gui/DI_l_russian.yml'.
[15:10:59][pdx_localize.cpp:279] [original line 501] Duplicate localization key. Key 'DI_tab_conversion_tt' is defined in both 'localization/russian/gui/DI_RUS_l_russian.yml' and 'localization/russian/gui/DI_l_russian.yml'.
[15:10:59][pdx_localize.cpp:279] [original line 502] Duplicate localization key. Key 'DI_tab_province_management' is defined in both 'localization/russian/gui/DI_RUS_l_russian.yml' and 'localization/russian/gui/DI_l_russian.yml'.
[15:10:59][pdx_localize.cpp:279] [original line 503] Duplicate localization key. Key 'DI_tab_province_management_tt' is defined in both 'localization/russian/gui/DI_RUS_l_russian.yml' and 'localization/russian/gui/DI_l_russian.yml'.
[15:10:59][pdx_localize.cpp:279] [original line 504] Duplicate localization key. Key 'DI_toggle_all_pinned_titles' is defined in both 'localization/russian/gui/DI_RUS_l_russian.yml' and 'localization/russian/gui/DI_l_russian.yml'.
[15:10:59][pdx_localize.cpp:279] [original line 505] Duplicate localization key. Key 'DI_toggle_all_pinned_titles_tt' is defined in both 'localization/russian/gui/DI_RUS_l_russian.yml' and 'localization/russian/gui/DI_l_russian.yml'.
[15:10:59][pdx_localize.cpp:279] [original line 506] Duplicate localization key. Key 'DI_clear_all_pinned_titles' is defined in both 'localization/russian/gui/DI_RUS_l_russian.yml' and 'localization/russian/gui/DI_l_russian.yml'.
[15:10:59][pdx_localize.cpp:279] [original line 507] Duplicate localization key. Key 'DI_unpin_selected_titles' is defined in both 'localization/russian/gui/DI_RUS_l_russian.yml' and 'localization/russian/gui/DI_l_russian.yml'.
[15:10:59][pdx_localize.cpp:279] [original line 508] Duplicate localization key. Key 'DI_pinned_characters_titles' is defined in both 'localization/russian/gui/DI_RUS_l_russian.yml' and 'localization/russian/gui/DI_l_russian.yml'.
[15:10:59][pdx_localize.cpp:279] [original line 509] Duplicate localization key. Key 'DI_sort_by_rank' is defined in both 'localization/russian/gui/DI_RUS_l_russian.yml' and 'localization/russian/gui/DI_l_russian.yml'.
[15:10:59][pdx_localize.cpp:279] [original line 510] Duplicate localization key. Key 'DI_select_empires' is defined in both 'localization/russian/gui/DI_RUS_l_russian.yml' and 'localization/russian/gui/DI_l_russian.yml'.
[15:10:59][pdx_localize.cpp:279] [original line 511] Duplicate localization key. Key 'DI_select_empires_tt' is defined in both 'localization/russian/gui/DI_RUS_l_russian.yml' and 'localization/russian/gui/DI_l_russian.yml'.
[15:10:59][pdx_localize.cpp:279] [original line 512] Duplicate localization key. Key 'DI_select_kingdoms' is defined in both 'localization/russian/gui/DI_RUS_l_russian.yml' and 'localization/russian/gui/DI_l_russian.yml'.
[15:10:59][pdx_localize.cpp:279] [original line 513] Duplicate localization key. Key 'DI_select_kingdoms_tt' is defined in both 'localization/russian/gui/DI_RUS_l_russian.yml' and 'localization/russian/gui/DI_l_russian.yml'.
[15:10:59][pdx_localize.cpp:279] [original line 514] Duplicate localization key. Key 'DI_select_duchies' is defined in both 'localization/russian/gui/DI_RUS_l_russian.yml' and 'localization/russian/gui/DI_l_russian.yml'.
[15:10:59][pdx_localize.cpp:279] [original line 515] Duplicate localization key. Key 'DI_select_duchies_tt' is defined in both 'localization/russian/gui/DI_RUS_l_russian.yml' and 'localization/russian/gui/DI_l_russian.yml'.
[15:10:59][pdx_localize.cpp:279] [original line 516] Duplicate localization key. Key 'DI_select_counties' is defined in both 'localization/russian/gui/DI_RUS_l_russian.yml' and 'localization/russian/gui/DI_l_russian.yml'.
[15:10:59][pdx_localize.cpp:279] [original line 517] Duplicate localization key. Key 'DI_select_counties_tt' is defined in both 'localization/russian/gui/DI_RUS_l_russian.yml' and 'localization/russian/gui/DI_l_russian.yml'.
[15:10:59][pdx_localize.cpp:279] [original line 518] Duplicate localization key. Key 'DI_claim_titles' is defined in both 'localization/russian/gui/DI_RUS_l_russian.yml' and 'localization/russian/gui/DI_l_russian.yml'.
[15:10:59][pdx_localize.cpp:279] [original line 519] Duplicate localization key. Key 'DI_take_titles' is defined in both 'localization/russian/gui/DI_RUS_l_russian.yml' and 'localization/russian/gui/DI_l_russian.yml'.
[15:10:59][pdx_localize.cpp:279] [original line 520] Duplicate localization key. Key 'DI_destroy_titles' is defined in both 'localization/russian/gui/DI_RUS_l_russian.yml' and 'localization/russian/gui/DI_l_russian.yml'.
[15:10:59][pdx_localize.cpp:279] [original line 521] Duplicate localization key. Key 'DI_convert_religion' is defined in both 'localization/russian/gui/DI_RUS_l_russian.yml' and 'localization/russian/gui/DI_l_russian.yml'.
[15:10:59][pdx_localize.cpp:279] [original line 522] Duplicate localization key. Key 'DI_convert_culture' is defined in both 'localization/russian/gui/DI_RUS_l_russian.yml' and 'localization/russian/gui/DI_l_russian.yml'.
[15:10:59][pdx_localize.cpp:279] [original line 523] Duplicate localization key. Key 'DI_convert_dejure' is defined in both 'localization/russian/gui/DI_RUS_l_russian.yml' and 'localization/russian/gui/DI_l_russian.yml'.
[15:10:59][pdx_localize.cpp:279] [original line 524] Duplicate localization key. Key 'DI_remove_holding' is defined in both 'localization/russian/gui/DI_RUS_l_russian.yml' and 'localization/russian/gui/DI_l_russian.yml'.
[15:10:59][pdx_localize.cpp:279] [original line 525] Duplicate localization key. Key 'DI_remove_holding_tt' is defined in both 'localization/russian/gui/DI_RUS_l_russian.yml' and 'localization/russian/gui/DI_l_russian.yml'.
[15:10:59][pdx_localize.cpp:279] [original line 526] Duplicate localization key. Key 'DI_add_building_slot' is defined in both 'localization/russian/gui/DI_RUS_l_russian.yml' and 'localization/russian/gui/DI_l_russian.yml'.
[15:10:59][pdx_localize.cpp:279] [original line 527] Duplicate localization key. Key 'DI_add_building_slot_tt' is defined in both 'localization/russian/gui/DI_RUS_l_russian.yml' and 'localization/russian/gui/DI_l_russian.yml'.
[15:10:59][pdx_localize.cpp:279] [original line 528] Duplicate localization key. Key 'DI_set_holding_type' is defined in both 'localization/russian/gui/DI_RUS_l_russian.yml' and 'localization/russian/gui/DI_l_russian.yml'.
[15:10:59][pdx_localize.cpp:279] [original line 529] Duplicate localization key. Key 'DI_set_holding_type_tt' is defined in both 'localization/russian/gui/DI_RUS_l_russian.yml' and 'localization/russian/gui/DI_l_russian.yml'.
[15:10:59][pdx_localize.cpp:279] [original line 530] Duplicate localization key. Key 'DI_remove_buildings' is defined in both 'localization/russian/gui/DI_RUS_l_russian.yml' and 'localization/russian/gui/DI_l_russian.yml'.
[15:10:59][pdx_localize.cpp:279] [original line 531] Duplicate localization key. Key 'DI_max_building_upgrades' is defined in both 'localization/russian/gui/DI_RUS_l_russian.yml' and 'localization/russian/gui/DI_l_russian.yml'.
[15:10:59][pdx_localize.cpp:279] [original line 532] Duplicate localization key. Key 'DI_generate_buildings' is defined in both 'localization/russian/gui/DI_RUS_l_russian.yml' and 'localization/russian/gui/DI_l_russian.yml'.
[15:10:59][pdx_localize.cpp:279] [original line 533] Duplicate localization key. Key 'DI_construct_building' is defined in both 'localization/russian/gui/DI_RUS_l_russian.yml' and 'localization/russian/gui/DI_l_russian.yml'.
[15:10:59][pdx_localize.cpp:279] [original line 534] Duplicate localization key. Key 'DI_select_holding_type' is defined in both 'localization/russian/gui/DI_RUS_l_russian.yml' and 'localization/russian/gui/DI_l_russian.yml'.
[15:10:59][pdx_localize.cpp:279] [original line 535] Duplicate localization key. Key 'DI_already_county_capital_tt' is defined in both 'localization/russian/gui/DI_RUS_l_russian.yml' and 'localization/russian/gui/DI_l_russian.yml'.
[15:10:59][pdx_localize.cpp:279] [original line 536] Duplicate localization key. Key 'DI_make_county_capital_tt' is defined in both 'localization/russian/gui/DI_RUS_l_russian.yml' and 'localization/russian/gui/DI_l_russian.yml'.
[15:10:59][pdx_localize.cpp:279] [original line 537] Duplicate localization key. Key 'DI_selected_over_pinned_tt' is defined in both 'localization/russian/gui/DI_RUS_l_russian.yml' and 'localization/russian/gui/DI_l_russian.yml'.
[15:10:59][pdx_localize.cpp:279] [original line 538] Duplicate localization key. Key 'DI_pinned_over_pinned_tt' is defined in both 'localization/russian/gui/DI_RUS_l_russian.yml' and 'localization/russian/gui/DI_l_russian.yml'.
[15:10:59][pdx_localize.cpp:279] [original line 539] Duplicate localization key. Key 'DI_create_dejure_liege_title' is defined in both 'localization/russian/gui/DI_RUS_l_russian.yml' and 'localization/russian/gui/DI_l_russian.yml'.
[15:10:59][pdx_localize.cpp:279] [original line 540] Duplicate localization key. Key 'DI_create_dejure_liege_title_tt' is defined in both 'localization/russian/gui/DI_RUS_l_russian.yml' and 'localization/russian/gui/DI_l_russian.yml'.
[15:10:59][pdx_localize.cpp:279] [original line 541] Duplicate localization key. Key 'DI_create_dejure_vassal_titles' is defined in both 'localization/russian/gui/DI_RUS_l_russian.yml' and 'localization/russian/gui/DI_l_russian.yml'.
[15:10:59][pdx_localize.cpp:279] [original line 542] Duplicate localization key. Key 'DI_create_dejure_vassal_titles_tt' is defined in both 'localization/russian/gui/DI_RUS_l_russian.yml' and 'localization/russian/gui/DI_l_russian.yml'.
[15:10:59][pdx_localize.cpp:279] [original line 543] Duplicate localization key. Key 'DI_create_entire_dejure_tree' is defined in both 'localization/russian/gui/DI_RUS_l_russian.yml' and 'localization/russian/gui/DI_l_russian.yml'.
[15:10:59][pdx_localize.cpp:279] [original line 544] Duplicate localization key. Key 'DI_create_entire_dejure_tree_tt' is defined in both 'localization/russian/gui/DI_RUS_l_russian.yml' and 'localization/russian/gui/DI_l_russian.yml'.
[15:10:59][pdx_localize.cpp:279] [original line 545] Duplicate localization key. Key 'game_concept_tribe_holding' is defined in both 'localization/russian/gui/DI_RUS_l_russian.yml' and 'localization/russian/gui/DI_l_russian.yml'.
[15:10:59][pdx_localize.cpp:279] [original line 546] Duplicate localization key. Key 'DI_dejure_title' is defined in both 'localization/russian/gui/DI_RUS_l_russian.yml' and 'localization/russian/gui/DI_l_russian.yml'.
[15:10:59][pdx_localize.cpp:279] [original line 547] Duplicate localization key. Key 'DI_event_manager_title' is defined in both 'localization/russian/gui/DI_RUS_l_russian.yml' and 'localization/russian/gui/DI_l_russian.yml'.
[15:10:59][pdx_localize.cpp:279] [original line 548] Duplicate localization key. Key 'DI_event_manager_tt' is defined in both 'localization/russian/gui/DI_RUS_l_russian.yml' and 'localization/russian/gui/DI_l_russian.yml'.
[15:10:59][pdx_localize.cpp:279] [original line 549] Duplicate localization key. Key 'DI_em_example_event' is defined in both 'localization/russian/gui/DI_RUS_l_russian.yml' and 'localization/russian/gui/DI_l_russian.yml'.
[15:10:59][pdx_localize.cpp:279] [original line 550] Duplicate localization key. Key 'DI_em_pregnancy' is defined in both 'localization/russian/gui/DI_RUS_l_russian.yml' and 'localization/russian/gui/DI_l_russian.yml'.
[15:10:59][pdx_localize.cpp:279] [original line 551] Duplicate localization key. Key 'DI_em_harm' is defined in both 'localization/russian/gui/DI_RUS_l_russian.yml' and 'localization/russian/gui/DI_l_russian.yml'.
[15:10:59][pdx_localize.cpp:279] [original line 552] Duplicate localization key. Key 'DI_char_spawner' is defined in both 'localization/russian/gui/DI_RUS_l_russian.yml' and 'localization/russian/gui/DI_l_russian.yml'.
[15:10:59][pdx_localize.cpp:279] [original line 553] Duplicate localization key. Key 'DI_char_spawner_female' is defined in both 'localization/russian/gui/DI_RUS_l_russian.yml' and 'localization/russian/gui/DI_l_russian.yml'.
[15:10:59][pdx_localize.cpp:279] [original line 554] Duplicate localization key. Key 'DI_char_spawner_no_traits' is defined in both 'localization/russian/gui/DI_RUS_l_russian.yml' and 'localization/russian/gui/DI_l_russian.yml'.
[15:10:59][pdx_localize.cpp:279] [original line 555] Duplicate localization key. Key 'DI_char_spawner_100_stat_man' is defined in both 'localization/russian/gui/DI_RUS_l_russian.yml' and 'localization/russian/gui/DI_l_russian.yml'.
[15:10:59][pdx_localize.cpp:279] [original line 556] Duplicate localization key. Key 'DI_char_spawner_good_traits' is defined in both 'localization/russian/gui/DI_RUS_l_russian.yml' and 'localization/russian/gui/DI_l_russian.yml'.
[15:10:59][pdx_localize.cpp:279] [original line 557] Duplicate localization key. Key 'DI_char_spawner_immortal' is defined in both 'localization/russian/gui/DI_RUS_l_russian.yml' and 'localization/russian/gui/DI_l_russian.yml'.
[15:10:59][pdx_localize.cpp:279] [original line 558] Duplicate localization key. Key 'DI_char_spawner_origins' is defined in both 'localization/russian/gui/DI_RUS_l_russian.yml' and 'localization/russian/gui/DI_l_russian.yml'.
[15:10:59][pdx_localize.cpp:279] [original line 559] Duplicate localization key. Key 'DI_char_spawner_culture' is defined in both 'localization/russian/gui/DI_RUS_l_russian.yml' and 'localization/russian/gui/DI_l_russian.yml'.
[15:10:59][pdx_localize.cpp:279] [original line 560] Duplicate localization key. Key 'DI_char_spawner_faith' is defined in both 'localization/russian/gui/DI_RUS_l_russian.yml' and 'localization/russian/gui/DI_l_russian.yml'.
[15:10:59][pdx_localize.cpp:279] [original line 561] Duplicate localization key. Key 'DI_char_spawner_origin_target' is defined in both 'localization/russian/gui/DI_RUS_l_russian.yml' and 'localization/russian/gui/DI_l_russian.yml'.
[15:10:59][pdx_localize.cpp:279] [original line 562] Duplicate localization key. Key 'DI_char_spawner_origin_target_tt' is defined in both 'localization/russian/gui/DI_RUS_l_russian.yml' and 'localization/russian/gui/DI_l_russian.yml'.
[15:10:59][pdx_localize.cpp:279] [original line 563] Duplicate localization key. Key 'DI_char_spawner_origin_random' is defined in both 'localization/russian/gui/DI_RUS_l_russian.yml' and 'localization/russian/gui/DI_l_russian.yml'.
[15:10:59][pdx_localize.cpp:279] [original line 564] Duplicate localization key. Key 'DI_char_spawner_random_culture_tt' is defined in both 'localization/russian/gui/DI_RUS_l_russian.yml' and 'localization/russian/gui/DI_l_russian.yml'.
[15:10:59][pdx_localize.cpp:279] [original line 565] Duplicate localization key. Key 'DI_char_spawner_random_faith_tt' is defined in both 'localization/russian/gui/DI_RUS_l_russian.yml' and 'localization/russian/gui/DI_l_russian.yml'.
[15:10:59][pdx_localize.cpp:279] [original line 566] Duplicate localization key. Key 'DI_char_spawner_select_culture_tt' is defined in both 'localization/russian/gui/DI_RUS_l_russian.yml' and 'localization/russian/gui/DI_l_russian.yml'.
[15:10:59][pdx_localize.cpp:279] [original line 567] Duplicate localization key. Key 'DI_char_spawner_select_faith_tt' is defined in both 'localization/russian/gui/DI_RUS_l_russian.yml' and 'localization/russian/gui/DI_l_russian.yml'.
[15:10:59][pdx_localize.cpp:279] [original line 568] Duplicate localization key. Key 'DI_char_spawner_select_faith' is defined in both 'localization/russian/gui/DI_RUS_l_russian.yml' and 'localization/russian/gui/DI_l_russian.yml'.
[15:10:59][pdx_localize.cpp:279] [original line 569] Duplicate localization key. Key 'DI_char_spawner_random_options' is defined in both 'localization/russian/gui/DI_RUS_l_russian.yml' and 'localization/russian/gui/DI_l_russian.yml'.
[15:10:59][pdx_localize.cpp:279] [original line 570] Duplicate localization key. Key 'DI_char_spawner_random_culture_title' is defined in both 'localization/russian/gui/DI_RUS_l_russian.yml' and 'localization/russian/gui/DI_l_russian.yml'.
[15:10:59][pdx_localize.cpp:279] [original line 571] Duplicate localization key. Key 'DI_char_spawner_random_faith_title' is defined in both 'localization/russian/gui/DI_RUS_l_russian.yml' and 'localization/russian/gui/DI_l_russian.yml'.
[15:10:59][pdx_localize.cpp:279] [original line 572] Duplicate localization key. Key 'DI_char_spawner_random_global' is defined in both 'localization/russian/gui/DI_RUS_l_russian.yml' and 'localization/russian/gui/DI_l_russian.yml'.
[15:10:59][pdx_localize.cpp:279] [original line 573] Duplicate localization key. Key 'DI_char_spawner_random_same_heritage' is defined in both 'localization/russian/gui/DI_RUS_l_russian.yml' and 'localization/russian/gui/DI_l_russian.yml'.
[15:10:59][pdx_localize.cpp:279] [original line 574] Duplicate localization key. Key 'DI_char_spawner_random_same_language' is defined in both 'localization/russian/gui/DI_RUS_l_russian.yml' and 'localization/russian/gui/DI_l_russian.yml'.
[15:10:59][pdx_localize.cpp:279] [original line 575] Duplicate localization key. Key 'DI_char_spawner_random_same_religion' is defined in both 'localization/russian/gui/DI_RUS_l_russian.yml' and 'localization/russian/gui/DI_l_russian.yml'.
[15:10:59][pdx_localize.cpp:279] [original line 576] Duplicate localization key. Key 'DI_char_spawner_random_same_family' is defined in both 'localization/russian/gui/DI_RUS_l_russian.yml' and 'localization/russian/gui/DI_l_russian.yml'.
[15:10:59][pdx_localize.cpp:279] [original line 577] Duplicate localization key. Key 'DI_char_spawner_random_realm' is defined in both 'localization/russian/gui/DI_RUS_l_russian.yml' and 'localization/russian/gui/DI_l_russian.yml'.
[15:10:59][pdx_localize.cpp:279] [original line 578] Duplicate localization key. Key 'DI_char_spawner_random_low_acceptance' is defined in both 'localization/russian/gui/DI_RUS_l_russian.yml' and 'localization/russian/gui/DI_l_russian.yml'.
[15:10:59][pdx_localize.cpp:279] [original line 579] Duplicate localization key. Key 'DI_char_spawner_random_moderate_acceptance' is defined in both 'localization/russian/gui/DI_RUS_l_russian.yml' and 'localization/russian/gui/DI_l_russian.yml'.
[15:10:59][pdx_localize.cpp:279] [original line 580] Duplicate localization key. Key 'DI_char_spawner_random_high_acceptance' is defined in both 'localization/russian/gui/DI_RUS_l_russian.yml' and 'localization/russian/gui/DI_l_russian.yml'.
[15:10:59][pdx_localize.cpp:279] [original line 581] Duplicate localization key. Key 'DI_char_spawner_random_faith_accepted' is defined in both 'localization/russian/gui/DI_RUS_l_russian.yml' and 'localization/russian/gui/DI_l_russian.yml'.
[15:10:59][pdx_localize.cpp:279] [original line 582] Duplicate localization key. Key 'DI_char_spawner_random_faith_astray' is defined in both 'localization/russian/gui/DI_RUS_l_russian.yml' and 'localization/russian/gui/DI_l_russian.yml'.
[15:10:59][pdx_localize.cpp:279] [original line 583] Duplicate localization key. Key 'DI_char_spawner_random_faith_hostile' is defined in both 'localization/russian/gui/DI_RUS_l_russian.yml' and 'localization/russian/gui/DI_l_russian.yml'.
[15:10:59][pdx_localize.cpp:279] [original line 584] Duplicate localization key. Key 'DI_family_char_spawner' is defined in both 'localization/russian/gui/DI_RUS_l_russian.yml' and 'localization/russian/gui/DI_l_russian.yml'.
[15:10:59][pdx_localize.cpp:279] [original line 585] Duplicate localization key. Key 'DI_family_char_spawner_tt' is defined in both 'localization/russian/gui/DI_RUS_l_russian.yml' and 'localization/russian/gui/DI_l_russian.yml'.
[15:10:59][pdx_localize.cpp:279] [original line 586] Duplicate localization key. Key 'DI_councillors_char_spawner' is defined in both 'localization/russian/gui/DI_RUS_l_russian.yml' and 'localization/russian/gui/DI_l_russian.yml'.
[15:10:59][pdx_localize.cpp:279] [original line 587] Duplicate localization key. Key 'DI_councillors_char_spawner_tt' is defined in both 'localization/russian/gui/DI_RUS_l_russian.yml' and 'localization/russian/gui/DI_l_russian.yml'.
[15:10:59][pdx_localize.cpp:279] [original line 588] Duplicate localization key. Key 'DI_court_char_spawner' is defined in both 'localization/russian/gui/DI_RUS_l_russian.yml' and 'localization/russian/gui/DI_l_russian.yml'.
[15:10:59][pdx_localize.cpp:279] [original line 589] Duplicate localization key. Key 'DI_court_char_spawner_tt' is defined in both 'localization/russian/gui/DI_RUS_l_russian.yml' and 'localization/russian/gui/DI_l_russian.yml'.
[15:10:59][pdx_localize.cpp:279] [original line 590] Duplicate localization key. Key 'DI_char_spawner_age_increment_tt' is defined in both 'localization/russian/gui/DI_RUS_l_russian.yml' and 'localization/russian/gui/DI_l_russian.yml'.
[15:10:59][pdx_localize.cpp:279] [original line 591] Duplicate localization key. Key 'DI_char_spawner_count_increment_tt' is defined in both 'localization/russian/gui/DI_RUS_l_russian.yml' and 'localization/russian/gui/DI_l_russian.yml'.
[15:10:59][pdx_localize.cpp:279] [original line 592] Duplicate localization key. Key 'DI_char_spawner_count_increment' is defined in both 'localization/russian/gui/DI_RUS_l_russian.yml' and 'localization/russian/gui/DI_l_russian.yml'.
[15:10:59][pdx_localize.cpp:279] [original line 593] Duplicate localization key. Key 'DI_char_spawner_age_increment' is defined in both 'localization/russian/gui/DI_RUS_l_russian.yml' and 'localization/russian/gui/DI_l_russian.yml'.
[15:10:59][pdx_localize.cpp:279] [original line 594] Duplicate localization key. Key 'DI_parent' is defined in both 'localization/russian/gui/DI_RUS_l_russian.yml' and 'localization/russian/gui/DI_l_russian.yml'.
[15:10:59][pdx_localize.cpp:279] [original line 595] Duplicate localization key. Key 'DI_parent_tt' is defined in both 'localization/russian/gui/DI_RUS_l_russian.yml' and 'localization/russian/gui/DI_l_russian.yml'.
[15:10:59][pdx_localize.cpp:279] [original line 596] Duplicate localization key. Key 'DI_child' is defined in both 'localization/russian/gui/DI_RUS_l_russian.yml' and 'localization/russian/gui/DI_l_russian.yml'.
[15:10:59][pdx_localize.cpp:279] [original line 597] Duplicate localization key. Key 'DI_child_tt' is defined in both 'localization/russian/gui/DI_RUS_l_russian.yml' and 'localization/russian/gui/DI_l_russian.yml'.
[15:10:59][pdx_localize.cpp:279] [original line 598] Duplicate localization key. Key 'DI_sibling' is defined in both 'localization/russian/gui/DI_RUS_l_russian.yml' and 'localization/russian/gui/DI_l_russian.yml'.
[15:10:59][pdx_localize.cpp:279] [original line 599] Duplicate localization key. Key 'DI_sibling_tt' is defined in both 'localization/russian/gui/DI_RUS_l_russian.yml' and 'localization/russian/gui/DI_l_russian.yml'.
[15:10:59][pdx_localize.cpp:279] [original line 600] Duplicate localization key. Key 'DI_spouse' is defined in both 'localization/russian/gui/DI_RUS_l_russian.yml' and 'localization/russian/gui/DI_l_russian.yml'.
[15:10:59][pdx_localize.cpp:279] [original line 601] Duplicate localization key. Key 'DI_spouse_tt' is defined in both 'localization/russian/gui/DI_RUS_l_russian.yml' and 'localization/russian/gui/DI_l_russian.yml'.
[15:10:59][pdx_localize.cpp:279] [original line 602] Duplicate localization key. Key 'DI_martial_councillor' is defined in both 'localization/russian/gui/DI_RUS_l_russian.yml' and 'localization/russian/gui/DI_l_russian.yml'.
[15:10:59][pdx_localize.cpp:279] [original line 603] Duplicate localization key. Key 'DI_martial_councillor_tt' is defined in both 'localization/russian/gui/DI_RUS_l_russian.yml' and 'localization/russian/gui/DI_l_russian.yml'.
[15:10:59][pdx_localize.cpp:279] [original line 604] Duplicate localization key. Key 'DI_diplomacy_councillor' is defined in both 'localization/russian/gui/DI_RUS_l_russian.yml' and 'localization/russian/gui/DI_l_russian.yml'.
[15:10:59][pdx_localize.cpp:279] [original line 605] Duplicate localization key. Key 'DI_diplomacy_councillor_tt' is defined in both 'localization/russian/gui/DI_RUS_l_russian.yml' and 'localization/russian/gui/DI_l_russian.yml'.
[15:10:59][pdx_localize.cpp:279] [original line 606] Duplicate localization key. Key 'DI_stewardship_councillor' is defined in both 'localization/russian/gui/DI_RUS_l_russian.yml' and 'localization/russian/gui/DI_l_russian.yml'.
[15:10:59][pdx_localize.cpp:279] [original line 607] Duplicate localization key. Key 'DI_stewardship_councillor_tt' is defined in both 'localization/russian/gui/DI_RUS_l_russian.yml' and 'localization/russian/gui/DI_l_russian.yml'.
[15:10:59][pdx_localize.cpp:279] [original line 608] Duplicate localization key. Key 'DI_intrigue_councillor' is defined in both 'localization/russian/gui/DI_RUS_l_russian.yml' and 'localization/russian/gui/DI_l_russian.yml'.
[15:10:59][pdx_localize.cpp:279] [original line 609] Duplicate localization key. Key 'DI_intrigue_councillor_tt' is defined in both 'localization/russian/gui/DI_RUS_l_russian.yml' and 'localization/russian/gui/DI_l_russian.yml'.
[15:10:59][pdx_localize.cpp:279] [original line 610] Duplicate localization key. Key 'DI_learning_councillor' is defined in both 'localization/russian/gui/DI_RUS_l_russian.yml' and 'localization/russian/gui/DI_l_russian.yml'.
[15:10:59][pdx_localize.cpp:279] [original line 611] Duplicate localization key. Key 'DI_learning_councillor_tt' is defined in both 'localization/russian/gui/DI_RUS_l_russian.yml' and 'localization/russian/gui/DI_l_russian.yml'.
[15:10:59][pdx_localize.cpp:279] [original line 612] Duplicate localization key. Key 'improved_stats_effect_TT' is defined in both 'localization/russian/gui/DI_RUS_l_russian.yml' and 'localization/russian/gui/DI_l_russian.yml'.
[15:10:59][pdx_localize.cpp:279] [original line 613] Duplicate localization key. Key 'DI_commander' is defined in both 'localization/russian/gui/DI_RUS_l_russian.yml' and 'localization/russian/gui/DI_l_russian.yml'.
[15:10:59][pdx_localize.cpp:279] [original line 614] Duplicate localization key. Key 'DI_commander_tt' is defined in both 'localization/russian/gui/DI_RUS_l_russian.yml' and 'localization/russian/gui/DI_l_russian.yml'.
[15:10:59][pdx_localize.cpp:279] [original line 615] Duplicate localization key. Key 'DI_knight' is defined in both 'localization/russian/gui/DI_RUS_l_russian.yml' and 'localization/russian/gui/DI_l_russian.yml'.
[15:10:59][pdx_localize.cpp:279] [original line 616] Duplicate localization key. Key 'DI_knight_tt' is defined in both 'localization/russian/gui/DI_RUS_l_russian.yml' and 'localization/russian/gui/DI_l_russian.yml'.
[15:10:59][pdx_localize.cpp:279] [original line 617] Duplicate localization key. Key 'DI_normal_courtier' is defined in both 'localization/russian/gui/DI_RUS_l_russian.yml' and 'localization/russian/gui/DI_l_russian.yml'.
[15:10:59][pdx_localize.cpp:279] [original line 618] Duplicate localization key. Key 'DI_normal_courtier_tt' is defined in both 'localization/russian/gui/DI_RUS_l_russian.yml' and 'localization/russian/gui/DI_l_russian.yml'.
[15:10:59][pdx_localize.cpp:279] [original line 619] Duplicate localization key. Key 'DI_low_normal_courtier' is defined in both 'localization/russian/gui/DI_RUS_l_russian.yml' and 'localization/russian/gui/DI_l_russian.yml'.
[15:10:59][pdx_localize.cpp:279] [original line 620] Duplicate localization key. Key 'DI_low_normal_courtier_tt' is defined in both 'localization/russian/gui/DI_RUS_l_russian.yml' and 'localization/russian/gui/DI_l_russian.yml'.
[15:10:59][pdx_localize.cpp:279] [original line 621] Duplicate localization key. Key 'DI_court_physician' is defined in both 'localization/russian/gui/DI_RUS_l_russian.yml' and 'localization/russian/gui/DI_l_russian.yml'.
[15:10:59][pdx_localize.cpp:279] [original line 622] Duplicate localization key. Key 'DI_cultural_emissary' is defined in both 'localization/russian/gui/DI_RUS_l_russian.yml' and 'localization/russian/gui/DI_l_russian.yml'.
[15:10:59][pdx_localize.cpp:279] [original line 623] Duplicate localization key. Key 'DI_keeper_of_swans' is defined in both 'localization/russian/gui/DI_RUS_l_russian.yml' and 'localization/russian/gui/DI_l_russian.yml'.
[15:10:59][pdx_localize.cpp:279] [original line 624] Duplicate localization key. Key 'DI_chief_qadi' is defined in both 'localization/russian/gui/DI_RUS_l_russian.yml' and 'localization/russian/gui/DI_l_russian.yml'.
[15:10:59][pdx_localize.cpp:279] [original line 625] Duplicate localization key. Key 'DI_garuda' is defined in both 'localization/russian/gui/DI_RUS_l_russian.yml' and 'localization/russian/gui/DI_l_russian.yml'.
[15:10:59][pdx_localize.cpp:279] [original line 626] Duplicate localization key. Key 'DI_court_gardener' is defined in both 'localization/russian/gui/DI_RUS_l_russian.yml' and 'localization/russian/gui/DI_l_russian.yml'.
[15:10:59][pdx_localize.cpp:279] [original line 627] Duplicate localization key. Key 'DI_chief_eunuch' is defined in both 'localization/russian/gui/DI_RUS_l_russian.yml' and 'localization/russian/gui/DI_l_russian.yml'.
[15:10:59][pdx_localize.cpp:279] [original line 628] Duplicate localization key. Key 'DI_lady_in_waiting' is defined in both 'localization/russian/gui/DI_RUS_l_russian.yml' and 'localization/russian/gui/DI_l_russian.yml'.
[15:10:59][pdx_localize.cpp:279] [original line 629] Duplicate localization key. Key 'DI_court_antiquarian' is defined in both 'localization/russian/gui/DI_RUS_l_russian.yml' and 'localization/russian/gui/DI_l_russian.yml'.
[15:10:59][pdx_localize.cpp:279] [original line 630] Duplicate localization key. Key 'DI_court_tutor' is defined in both 'localization/russian/gui/DI_RUS_l_russian.yml' and 'localization/russian/gui/DI_l_russian.yml'.
[15:10:59][pdx_localize.cpp:279] [original line 631] Duplicate localization key. Key 'DI_court_food_taster' is defined in both 'localization/russian/gui/DI_RUS_l_russian.yml' and 'localization/russian/gui/DI_l_russian.yml'.
[15:10:59][pdx_localize.cpp:279] [original line 632] Duplicate localization key. Key 'DI_court_master_of_horse' is defined in both 'localization/russian/gui/DI_RUS_l_russian.yml' and 'localization/russian/gui/DI_l_russian.yml'.
[15:10:59][pdx_localize.cpp:279] [original line 633] Duplicate localization key. Key 'DI_court_master_of_hunt' is defined in both 'localization/russian/gui/DI_RUS_l_russian.yml' and 'localization/russian/gui/DI_l_russian.yml'.
[15:10:59][pdx_localize.cpp:279] [original line 634] Duplicate localization key. Key 'DI_court_royal_architect' is defined in both 'localization/russian/gui/DI_RUS_l_russian.yml' and 'localization/russian/gui/DI_l_russian.yml'.
[15:10:59][pdx_localize.cpp:279] [original line 635] Duplicate localization key. Key 'DI_court_high_almoner' is defined in both 'localization/russian/gui/DI_RUS_l_russian.yml' and 'localization/russian/gui/DI_l_russian.yml'.
[15:10:59][pdx_localize.cpp:279] [original line 636] Duplicate localization key. Key 'DI_court_seneschal' is defined in both 'localization/russian/gui/DI_RUS_l_russian.yml' and 'localization/russian/gui/DI_l_russian.yml'.
[15:10:59][pdx_localize.cpp:279] [original line 637] Duplicate localization key. Key 'DI_court_cupbearer' is defined in both 'localization/russian/gui/DI_RUS_l_russian.yml' and 'localization/russian/gui/DI_l_russian.yml'.
[15:10:59][pdx_localize.cpp:279] [original line 638] Duplicate localization key. Key 'DI_court_jester' is defined in both 'localization/russian/gui/DI_RUS_l_russian.yml' and 'localization/russian/gui/DI_l_russian.yml'.
[15:10:59][pdx_localize.cpp:279] [original line 639] Duplicate localization key. Key 'DI_court_poet' is defined in both 'localization/russian/gui/DI_RUS_l_russian.yml' and 'localization/russian/gui/DI_l_russian.yml'.
[15:10:59][pdx_localize.cpp:279] [original line 640] Duplicate localization key. Key 'DI_court_musician' is defined in both 'localization/russian/gui/DI_RUS_l_russian.yml' and 'localization/russian/gui/DI_l_russian.yml'.
[15:10:59][pdx_localize.cpp:279] [original line 641] Duplicate localization key. Key 'DI_court_bodyguard' is defined in both 'localization/russian/gui/DI_RUS_l_russian.yml' and 'localization/russian/gui/DI_l_russian.yml'.
[15:10:59][pdx_localize.cpp:279] [original line 642] Duplicate localization key. Key 'DI_court_champion' is defined in both 'localization/russian/gui/DI_RUS_l_russian.yml' and 'localization/russian/gui/DI_l_russian.yml'.
[15:10:59][pdx_localize.cpp:279] [original line 643] Duplicate localization key. Key 'DI_court_executioner' is defined in both 'localization/russian/gui/DI_RUS_l_russian.yml' and 'localization/russian/gui/DI_l_russian.yml'.
[15:10:59][pdx_localize.cpp:279] [original line 644] Duplicate localization key. Key 'DI_court_artificer' is defined in both 'localization/russian/gui/DI_RUS_l_russian.yml' and 'localization/russian/gui/DI_l_russian.yml'.
[15:10:59][pdx_localize.cpp:279] [original line 645] Duplicate localization key. Key 'DI_army_spawner' is defined in both 'localization/russian/gui/DI_RUS_l_russian.yml' and 'localization/russian/gui/DI_l_russian.yml'.
[15:10:59][pdx_localize.cpp:279] [original line 646] Duplicate localization key. Key 'DI_army_spawner_increment' is defined in both 'localization/russian/gui/DI_RUS_l_russian.yml' and 'localization/russian/gui/DI_l_russian.yml'.
[15:10:59][pdx_localize.cpp:279] [original line 647] Duplicate localization key. Key 'DI_other_army_spawner' is defined in both 'localization/russian/gui/DI_RUS_l_russian.yml' and 'localization/russian/gui/DI_l_russian.yml'.
[15:10:59][pdx_localize.cpp:279] [original line 648] Duplicate localization key. Key 'DI_army_spawner_increment_tt' is defined in both 'localization/russian/gui/DI_RUS_l_russian.yml' and 'localization/russian/gui/DI_l_russian.yml'.
[15:10:59][pdx_localize.cpp:279] [original line 649] Duplicate localization key. Key 'DI_warning_levy' is defined in both 'localization/russian/gui/DI_RUS_l_russian.yml' and 'localization/russian/gui/DI_l_russian.yml'.
[15:10:59][pdx_localize.cpp:279] [original line 650] Duplicate localization key. Key 'DI_diplomacy' is defined in both 'localization/russian/gui/DI_RUS_l_russian.yml' and 'localization/russian/gui/DI_l_russian.yml'.
[15:10:59][pdx_localize.cpp:279] [original line 651] Duplicate localization key. Key 'DI_select_character' is defined in both 'localization/russian/gui/DI_RUS_l_russian.yml' and 'localization/russian/gui/DI_l_russian.yml'.
[15:10:59][pdx_localize.cpp:279] [original line 652] Duplicate localization key. Key 'DI_primary_character' is defined in both 'localization/russian/gui/DI_RUS_l_russian.yml' and 'localization/russian/gui/DI_l_russian.yml'.
[15:10:59][pdx_localize.cpp:279] [original line 653] Duplicate localization key. Key 'DI_secondary_character' is defined in both 'localization/russian/gui/DI_RUS_l_russian.yml' and 'localization/russian/gui/DI_l_russian.yml'.
[15:10:59][pdx_localize.cpp:279] [original line 654] Duplicate localization key. Key 'DI_tertiary_character' is defined in both 'localization/russian/gui/DI_RUS_l_russian.yml' and 'localization/russian/gui/DI_l_russian.yml'.
[15:10:59][pdx_localize.cpp:279] [original line 655] Duplicate localization key. Key 'DI_tab_relations' is defined in both 'localization/russian/gui/DI_RUS_l_russian.yml' and 'localization/russian/gui/DI_l_russian.yml'.
[15:10:59][pdx_localize.cpp:279] [original line 656] Duplicate localization key. Key 'DI_tab_treaties' is defined in both 'localization/russian/gui/DI_RUS_l_russian.yml' and 'localization/russian/gui/DI_l_russian.yml'.
[15:10:59][pdx_localize.cpp:279] [original line 657] Duplicate localization key. Key 'DI_tab_wars' is defined in both 'localization/russian/gui/DI_RUS_l_russian.yml' and 'localization/russian/gui/DI_l_russian.yml'.
[15:10:59][pdx_localize.cpp:279] [original line 658] Duplicate localization key. Key 'DI_tab_family' is defined in both 'localization/russian/gui/DI_RUS_l_russian.yml' and 'localization/russian/gui/DI_l_russian.yml'.
[15:10:59][pdx_localize.cpp:279] [original line 659] Duplicate localization key. Key 'DI_test' is defined in both 'localization/russian/gui/DI_RUS_l_russian.yml' and 'localization/russian/gui/DI_l_russian.yml'.
[15:10:59][pdx_localize.cpp:279] [original line 660] Duplicate localization key. Key 'DI_clear_primary' is defined in both 'localization/russian/gui/DI_RUS_l_russian.yml' and 'localization/russian/gui/DI_l_russian.yml'.
[15:10:59][pdx_localize.cpp:279] [original line 661] Duplicate localization key. Key 'DI_clear_secondary' is defined in both 'localization/russian/gui/DI_RUS_l_russian.yml' and 'localization/russian/gui/DI_l_russian.yml'.
[15:10:59][pdx_localize.cpp:279] [original line 662] Duplicate localization key. Key 'DI_clear_tertiary' is defined in both 'localization/russian/gui/DI_RUS_l_russian.yml' and 'localization/russian/gui/DI_l_russian.yml'.
[15:10:59][pdx_localize.cpp:279] [original line 663] Duplicate localization key. Key 'DI_relations_tt' is defined in both 'localization/russian/gui/DI_RUS_l_russian.yml' and 'localization/russian/gui/DI_l_russian.yml'.
[15:10:59][pdx_localize.cpp:279] [original line 664] Duplicate localization key. Key 'DI_placeholder_tt' is defined in both 'localization/russian/gui/DI_RUS_l_russian.yml' and 'localization/russian/gui/DI_l_russian.yml'.
[15:10:59][pdx_localize.cpp:279] [original line 665] Duplicate localization key. Key 'DI_reset_relations' is defined in both 'localization/russian/gui/DI_RUS_l_russian.yml' and 'localization/russian/gui/DI_l_russian.yml'.
[15:10:59][pdx_localize.cpp:279] [original line 666] Duplicate localization key. Key 'DI_reset_relations_tt' is defined in both 'localization/russian/gui/DI_RUS_l_russian.yml' and 'localization/russian/gui/DI_l_russian.yml'.
[15:10:59][pdx_localize.cpp:279] [original line 667] Duplicate localization key. Key 'DI_good_relations' is defined in both 'localization/russian/gui/DI_RUS_l_russian.yml' and 'localization/russian/gui/DI_l_russian.yml'.
[15:10:59][pdx_localize.cpp:279] [original line 668] Duplicate localization key. Key 'DI_bad_relations' is defined in both 'localization/russian/gui/DI_RUS_l_russian.yml' and 'localization/russian/gui/DI_l_russian.yml'.
[15:10:59][pdx_localize.cpp:279] [original line 669] Duplicate localization key. Key 'DI_reset_pinned_relations' is defined in both 'localization/russian/gui/DI_RUS_l_russian.yml' and 'localization/russian/gui/DI_l_russian.yml'.
[15:10:59][pdx_localize.cpp:279] [original line 670] Duplicate localization key. Key 'DI_reset_pinned_relations_tt' is defined in both 'localization/russian/gui/DI_RUS_l_russian.yml' and 'localization/russian/gui/DI_l_russian.yml'.
[15:10:59][pdx_localize.cpp:279] [original line 671] Duplicate localization key. Key 'DI_reset_all_pinned_relations' is defined in both 'localization/russian/gui/DI_RUS_l_russian.yml' and 'localization/russian/gui/DI_l_russian.yml'.
[15:10:59][pdx_localize.cpp:279] [original line 672] Duplicate localization key. Key 'DI_reset_all_pinned_relations_tt' is defined in both 'localization/russian/gui/DI_RUS_l_russian.yml' and 'localization/russian/gui/DI_l_russian.yml'.
[15:10:59][pdx_localize.cpp:279] [original line 673] Duplicate localization key. Key 'DI_apply_relations' is defined in both 'localization/russian/gui/DI_RUS_l_russian.yml' and 'localization/russian/gui/DI_l_russian.yml'.
[15:10:59][pdx_localize.cpp:279] [original line 674] Duplicate localization key. Key 'DI_apply_relations_tt' is defined in both 'localization/russian/gui/DI_RUS_l_russian.yml' and 'localization/russian/gui/DI_l_russian.yml'.
[15:10:59][pdx_localize.cpp:279] [original line 675] Duplicate localization key. Key 'DI_apply_pinned_relations' is defined in both 'localization/russian/gui/DI_RUS_l_russian.yml' and 'localization/russian/gui/DI_l_russian.yml'.
[15:10:59][pdx_localize.cpp:279] [original line 676] Duplicate localization key. Key 'DI_apply_pinned_relations_tt' is defined in both 'localization/russian/gui/DI_RUS_l_russian.yml' and 'localization/russian/gui/DI_l_russian.yml'.
[15:10:59][pdx_localize.cpp:279] [original line 677] Duplicate localization key. Key 'DI_apply_all_pinned_relations' is defined in both 'localization/russian/gui/DI_RUS_l_russian.yml' and 'localization/russian/gui/DI_l_russian.yml'.
[15:10:59][pdx_localize.cpp:279] [original line 678] Duplicate localization key. Key 'DI_apply_all_pinned_relations_tt' is defined in both 'localization/russian/gui/DI_RUS_l_russian.yml' and 'localization/russian/gui/DI_l_russian.yml'.
[15:10:59][pdx_localize.cpp:279] [original line 679] Duplicate localization key. Key 'DI_relation_add_compatibility_tt' is defined in both 'localization/russian/gui/DI_RUS_l_russian.yml' and 'localization/russian/gui/DI_l_russian.yml'.
[15:10:59][pdx_localize.cpp:279] [original line 680] Duplicate localization key. Key 'DI_dip_treaty_button' is defined in both 'localization/russian/gui/DI_RUS_l_russian.yml' and 'localization/russian/gui/DI_l_russian.yml'.
[15:10:59][pdx_localize.cpp:279] [original line 681] Duplicate localization key. Key 'DI_dip_treaty_button_tt' is defined in both 'localization/russian/gui/DI_RUS_l_russian.yml' and 'localization/russian/gui/DI_l_russian.yml'.
[15:10:59][pdx_localize.cpp:279] [original line 682] Duplicate localization key. Key 'DI_dip_alliance_button' is defined in both 'localization/russian/gui/DI_RUS_l_russian.yml' and 'localization/russian/gui/DI_l_russian.yml'.
[15:10:59][pdx_localize.cpp:279] [original line 683] Duplicate localization key. Key 'DI_dip_alliance_button_tt' is defined in both 'localization/russian/gui/DI_RUS_l_russian.yml' and 'localization/russian/gui/DI_l_russian.yml'.
[15:10:59][pdx_localize.cpp:279] [original line 684] Duplicate localization key. Key 'DI_dip_vassalize_button' is defined in both 'localization/russian/gui/DI_RUS_l_russian.yml' and 'localization/russian/gui/DI_l_russian.yml'.
[15:10:59][pdx_localize.cpp:279] [original line 685] Duplicate localization key. Key 'DI_dip_vassalize_button_tt' is defined in both 'localization/russian/gui/DI_RUS_l_russian.yml' and 'localization/russian/gui/DI_l_russian.yml'.
[15:10:59][pdx_localize.cpp:279] [original line 686] Duplicate localization key. Key 'DI_dip_take_titles_button' is defined in both 'localization/russian/gui/DI_RUS_l_russian.yml' and 'localization/russian/gui/DI_l_russian.yml'.
[15:10:59][pdx_localize.cpp:279] [original line 687] Duplicate localization key. Key 'DI_dip_take_titles_button_tt' is defined in both 'localization/russian/gui/DI_RUS_l_russian.yml' and 'localization/russian/gui/DI_l_russian.yml'.
[15:10:59][pdx_localize.cpp:279] [original line 688] Duplicate localization key. Key 'DI_all_treaty' is defined in both 'localization/russian/gui/DI_RUS_l_russian.yml' and 'localization/russian/gui/DI_l_russian.yml'.
[15:10:59][pdx_localize.cpp:279] [original line 689] Duplicate localization key. Key 'DI_all_treaty_tt' is defined in both 'localization/russian/gui/DI_RUS_l_russian.yml' and 'localization/russian/gui/DI_l_russian.yml'.
[15:10:59][pdx_localize.cpp:279] [original line 690] Duplicate localization key. Key 'DI_all_break_treaty' is defined in both 'localization/russian/gui/DI_RUS_l_russian.yml' and 'localization/russian/gui/DI_l_russian.yml'.
[15:10:59][pdx_localize.cpp:279] [original line 691] Duplicate localization key. Key 'DI_all_break_treaty_tt' is defined in both 'localization/russian/gui/DI_RUS_l_russian.yml' and 'localization/russian/gui/DI_l_russian.yml'.
[15:10:59][pdx_localize.cpp:279] [original line 692] Duplicate localization key. Key 'DI_every_pinned_treaty' is defined in both 'localization/russian/gui/DI_RUS_l_russian.yml' and 'localization/russian/gui/DI_l_russian.yml'.
[15:10:59][pdx_localize.cpp:279] [original line 693] Duplicate localization key. Key 'DI_every_pinned_treaty_tt' is defined in both 'localization/russian/gui/DI_RUS_l_russian.yml' and 'localization/russian/gui/DI_l_russian.yml'.
[15:10:59][pdx_localize.cpp:279] [original line 694] Duplicate localization key. Key 'DI_all_alliance' is defined in both 'localization/russian/gui/DI_RUS_l_russian.yml' and 'localization/russian/gui/DI_l_russian.yml'.
[15:10:59][pdx_localize.cpp:279] [original line 695] Duplicate localization key. Key 'DI_all_alliance_tt' is defined in both 'localization/russian/gui/DI_RUS_l_russian.yml' and 'localization/russian/gui/DI_l_russian.yml'.
[15:10:59][pdx_localize.cpp:279] [original line 696] Duplicate localization key. Key 'DI_all_break_alliance' is defined in both 'localization/russian/gui/DI_RUS_l_russian.yml' and 'localization/russian/gui/DI_l_russian.yml'.
[15:10:59][pdx_localize.cpp:279] [original line 697] Duplicate localization key. Key 'DI_all_break_alliance_tt' is defined in both 'localization/russian/gui/DI_RUS_l_russian.yml' and 'localization/russian/gui/DI_l_russian.yml'.
[15:10:59][pdx_localize.cpp:279] [original line 698] Duplicate localization key. Key 'DI_every_pinned_alliance' is defined in both 'localization/russian/gui/DI_RUS_l_russian.yml' and 'localization/russian/gui/DI_l_russian.yml'.
[15:10:59][pdx_localize.cpp:279] [original line 699] Duplicate localization key. Key 'DI_every_pinned_alliance_tt' is defined in both 'localization/russian/gui/DI_RUS_l_russian.yml' and 'localization/russian/gui/DI_l_russian.yml'.
[15:10:59][pdx_localize.cpp:279] [original line 700] Duplicate localization key. Key 'DI_dip_perma' is defined in both 'localization/russian/gui/DI_RUS_l_russian.yml' and 'localization/russian/gui/DI_l_russian.yml'.
[15:10:59][pdx_localize.cpp:279] [original line 701] Duplicate localization key. Key 'DI_dip_war_button' is defined in both 'localization/russian/gui/DI_RUS_l_russian.yml' and 'localization/russian/gui/DI_l_russian.yml'.
[15:10:59][pdx_localize.cpp:279] [original line 702] Duplicate localization key. Key 'DI_dip_war_button_tt' is defined in both 'localization/russian/gui/DI_RUS_l_russian.yml' and 'localization/russian/gui/DI_l_russian.yml'.
[15:10:59][pdx_localize.cpp:279] [original line 703] Duplicate localization key. Key 'DI_dip_casus_belli_button' is defined in both 'localization/russian/gui/DI_RUS_l_russian.yml' and 'localization/russian/gui/DI_l_russian.yml'.
[15:10:59][pdx_localize.cpp:279] [original line 704] Duplicate localization key. Key 'DI_dip_casus_belli_button_tt' is defined in both 'localization/russian/gui/DI_RUS_l_russian.yml' and 'localization/russian/gui/DI_l_russian.yml'.
[15:10:59][pdx_localize.cpp:279] [original line 705] Duplicate localization key. Key 'DI_casus_belli' is defined in both 'localization/russian/gui/DI_RUS_l_russian.yml' and 'localization/russian/gui/DI_l_russian.yml'.
[15:10:59][pdx_localize.cpp:279] [original line 706] Duplicate localization key. Key 'DI_county_conquest' is defined in both 'localization/russian/gui/DI_RUS_l_russian.yml' and 'localization/russian/gui/DI_l_russian.yml'.
[15:10:59][pdx_localize.cpp:279] [original line 707] Duplicate localization key. Key 'DI_county_conquest_tt' is defined in both 'localization/russian/gui/DI_RUS_l_russian.yml' and 'localization/russian/gui/DI_l_russian.yml'.
[15:10:59][pdx_localize.cpp:279] [original line 708] Duplicate localization key. Key 'DI_dip_select_titles_button' is defined in both 'localization/russian/gui/DI_RUS_l_russian.yml' and 'localization/russian/gui/DI_l_russian.yml'.
[15:10:59][pdx_localize.cpp:279] [original line 709] Duplicate localization key. Key 'DI_dip_select_titles_button_tt' is defined in both 'localization/russian/gui/DI_RUS_l_russian.yml' and 'localization/russian/gui/DI_l_russian.yml'.
[15:10:59][pdx_localize.cpp:279] [original line 710] Duplicate localization key. Key 'DI_dip_end_war_button' is defined in both 'localization/russian/gui/DI_RUS_l_russian.yml' and 'localization/russian/gui/DI_l_russian.yml'.
[15:10:59][pdx_localize.cpp:279] [original line 711] Duplicate localization key. Key 'DI_dip_end_war_button_tt' is defined in both 'localization/russian/gui/DI_RUS_l_russian.yml' and 'localization/russian/gui/DI_l_russian.yml'.
[15:10:59][pdx_localize.cpp:279] [original line 712] Duplicate localization key. Key 'DI_all_war' is defined in both 'localization/russian/gui/DI_RUS_l_russian.yml' and 'localization/russian/gui/DI_l_russian.yml'.
[15:10:59][pdx_localize.cpp:279] [original line 713] Duplicate localization key. Key 'DI_all_end_war' is defined in both 'localization/russian/gui/DI_RUS_l_russian.yml' and 'localization/russian/gui/DI_l_russian.yml'.
[15:10:59][pdx_localize.cpp:279] [original line 714] Duplicate localization key. Key 'DI_every_pinned_war' is defined in both 'localization/russian/gui/DI_RUS_l_russian.yml' and 'localization/russian/gui/DI_l_russian.yml'.
[15:10:59][pdx_localize.cpp:279] [original line 715] Duplicate localization key. Key 'DI_dip_adoption_button' is defined in both 'localization/russian/gui/DI_RUS_l_russian.yml' and 'localization/russian/gui/DI_l_russian.yml'.
[15:10:59][pdx_localize.cpp:279] [original line 716] Duplicate localization key. Key 'DI_dip_adoption_button_tt' is defined in both 'localization/russian/gui/DI_RUS_l_russian.yml' and 'localization/russian/gui/DI_l_russian.yml'.
[15:10:59][pdx_localize.cpp:279] [original line 717] Duplicate localization key. Key 'DI_dip_adoption_house_button' is defined in both 'localization/russian/gui/DI_RUS_l_russian.yml' and 'localization/russian/gui/DI_l_russian.yml'.
[15:10:59][pdx_localize.cpp:279] [original line 718] Duplicate localization key. Key 'DI_dip_adoption_house_button_tt' is defined in both 'localization/russian/gui/DI_RUS_l_russian.yml' and 'localization/russian/gui/DI_l_russian.yml'.
[15:10:59][pdx_localize.cpp:279] [original line 719] Duplicate localization key. Key 'DI_dip_impregnate_button' is defined in both 'localization/russian/gui/DI_RUS_l_russian.yml' and 'localization/russian/gui/DI_l_russian.yml'.
[15:10:59][pdx_localize.cpp:279] [original line 720] Duplicate localization key. Key 'DI_dip_impregnate_button_tt' is defined in both 'localization/russian/gui/DI_RUS_l_russian.yml' and 'localization/russian/gui/DI_l_russian.yml'.
[15:10:59][pdx_localize.cpp:279] [original line 721] Duplicate localization key. Key 'DI_dip_preg_gender_male_button' is defined in both 'localization/russian/gui/DI_RUS_l_russian.yml' and 'localization/russian/gui/DI_l_russian.yml'.
[15:10:59][pdx_localize.cpp:279] [original line 722] Duplicate localization key. Key 'DI_dip_preg_gender_male_button_tt' is defined in both 'localization/russian/gui/DI_RUS_l_russian.yml' and 'localization/russian/gui/DI_l_russian.yml'.
[15:10:59][pdx_localize.cpp:279] [original line 723] Duplicate localization key. Key 'DI_dip_preg_gender_female_button' is defined in both 'localization/russian/gui/DI_RUS_l_russian.yml' and 'localization/russian/gui/DI_l_russian.yml'.
[15:10:59][pdx_localize.cpp:279] [original line 724] Duplicate localization key. Key 'DI_dip_preg_gender_female_button_tt' is defined in both 'localization/russian/gui/DI_RUS_l_russian.yml' and 'localization/russian/gui/DI_l_russian.yml'.
[15:10:59][pdx_localize.cpp:279] [original line 725] Duplicate localization key. Key 'DI_dip_set_real_father_button' is defined in both 'localization/russian/gui/DI_RUS_l_russian.yml' and 'localization/russian/gui/DI_l_russian.yml'.
[15:10:59][pdx_localize.cpp:279] [original line 726] Duplicate localization key. Key 'DI_dip_set_real_father_button_tt' is defined in both 'localization/russian/gui/DI_RUS_l_russian.yml' and 'localization/russian/gui/DI_l_russian.yml'.
[15:10:59][pdx_localize.cpp:279] [original line 727] Duplicate localization key. Key 'DI_dip_set_father_as_real_father_button' is defined in both 'localization/russian/gui/DI_RUS_l_russian.yml' and 'localization/russian/gui/DI_l_russian.yml'.
[15:10:59][pdx_localize.cpp:279] [original line 728] Duplicate localization key. Key 'DI_dip_set_father_as_real_father_button_tt' is defined in both 'localization/russian/gui/DI_RUS_l_russian.yml' and 'localization/russian/gui/DI_l_russian.yml'.
[15:10:59][pdx_localize.cpp:279] [original line 729] Duplicate localization key. Key 'DI_dip_marry_button' is defined in both 'localization/russian/gui/DI_RUS_l_russian.yml' and 'localization/russian/gui/DI_l_russian.yml'.
[15:10:59][pdx_localize.cpp:279] [original line 730] Duplicate localization key. Key 'DI_dip_marry_button_tt' is defined in both 'localization/russian/gui/DI_RUS_l_russian.yml' and 'localization/russian/gui/DI_l_russian.yml'.
[15:10:59][pdx_localize.cpp:279] [original line 731] Duplicate localization key. Key 'DI_dip_marry_matrilineal_button' is defined in both 'localization/russian/gui/DI_RUS_l_russian.yml' and 'localization/russian/gui/DI_l_russian.yml'.
[15:10:59][pdx_localize.cpp:279] [original line 732] Duplicate localization key. Key 'DI_dip_marry_matrilineal_button_tt' is defined in both 'localization/russian/gui/DI_RUS_l_russian.yml' and 'localization/russian/gui/DI_l_russian.yml'.
[15:10:59][pdx_localize.cpp:279] [original line 733] Duplicate localization key. Key 'DI_dip_divorce_button' is defined in both 'localization/russian/gui/DI_RUS_l_russian.yml' and 'localization/russian/gui/DI_l_russian.yml'.
[15:10:59][pdx_localize.cpp:279] [original line 734] Duplicate localization key. Key 'DI_dip_divorce_button_tt' is defined in both 'localization/russian/gui/DI_RUS_l_russian.yml' and 'localization/russian/gui/DI_l_russian.yml'.
[15:10:59][pdx_localize.cpp:279] [original line 735] Duplicate localization key. Key 'DI_dip_add_concubine_button' is defined in both 'localization/russian/gui/DI_RUS_l_russian.yml' and 'localization/russian/gui/DI_l_russian.yml'.
[15:10:59][pdx_localize.cpp:279] [original line 736] Duplicate localization key. Key 'DI_dip_add_concubine_button_tt' is defined in both 'localization/russian/gui/DI_RUS_l_russian.yml' and 'localization/russian/gui/DI_l_russian.yml'.
[15:10:59][pdx_localize.cpp:279] [original line 737] Duplicate localization key. Key 'DI_dip_remove_concubine_button' is defined in both 'localization/russian/gui/DI_RUS_l_russian.yml' and 'localization/russian/gui/DI_l_russian.yml'.
[15:10:59][pdx_localize.cpp:279] [original line 738] Duplicate localization key. Key 'DI_dip_remove_concubine_button_tt' is defined in both 'localization/russian/gui/DI_RUS_l_russian.yml' and 'localization/russian/gui/DI_l_russian.yml'.
[15:10:59][pdx_localize.cpp:279] [original line 739] Duplicate localization key. Key 'DI_dip_arrange_betrothal_button' is defined in both 'localization/russian/gui/DI_RUS_l_russian.yml' and 'localization/russian/gui/DI_l_russian.yml'.
[15:10:59][pdx_localize.cpp:279] [original line 740] Duplicate localization key. Key 'DI_dip_arrange_betrothal_button_tt' is defined in both 'localization/russian/gui/DI_RUS_l_russian.yml' and 'localization/russian/gui/DI_l_russian.yml'.
[15:10:59][pdx_localize.cpp:279] [original line 741] Duplicate localization key. Key 'DI_dip_arrange_betrothal_matrilineal_button' is defined in both 'localization/russian/gui/DI_RUS_l_russian.yml' and 'localization/russian/gui/DI_l_russian.yml'.
[15:10:59][pdx_localize.cpp:279] [original line 742] Duplicate localization key. Key 'DI_dip_arrange_betrothal_matrilineal_button_tt' is defined in both 'localization/russian/gui/DI_RUS_l_russian.yml' and 'localization/russian/gui/DI_l_russian.yml'.
[15:10:59][pdx_localize.cpp:279] [original line 743] Duplicate localization key. Key 'DI_dip_break_betrothal_button' is defined in both 'localization/russian/gui/DI_RUS_l_russian.yml' and 'localization/russian/gui/DI_l_russian.yml'.
[15:10:59][pdx_localize.cpp:279] [original line 744] Duplicate localization key. Key 'DI_dip_break_betrothal_button_tt' is defined in both 'localization/russian/gui/DI_RUS_l_russian.yml' and 'localization/russian/gui/DI_l_russian.yml'.
[15:10:59][pdx_localize.cpp:279] [original line 745] Duplicate localization key. Key 'DI_dip_make_siblings_button' is defined in both 'localization/russian/gui/DI_RUS_l_russian.yml' and 'localization/russian/gui/DI_l_russian.yml'.
[15:10:59][pdx_localize.cpp:279] [original line 746] Duplicate localization key. Key 'DI_dip_make_siblings_button_tt' is defined in both 'localization/russian/gui/DI_RUS_l_russian.yml' and 'localization/russian/gui/DI_l_russian.yml'.
[15:10:59][pdx_localize.cpp:279] [original line 747] Duplicate localization key. Key 'DI_dip_create_cadet_branch_button' is defined in both 'localization/russian/gui/DI_RUS_l_russian.yml' and 'localization/russian/gui/DI_l_russian.yml'.
[15:10:59][pdx_localize.cpp:279] [original line 748] Duplicate localization key. Key 'DI_dip_create_cadet_branch_button_tt' is defined in both 'localization/russian/gui/DI_RUS_l_russian.yml' and 'localization/russian/gui/DI_l_russian.yml'.
[15:10:59][pdx_localize.cpp:279] [original line 749] Duplicate localization key. Key 'DI_artifact_creator' is defined in both 'localization/russian/gui/DI_RUS_l_russian.yml' and 'localization/russian/gui/DI_l_russian.yml'.
[15:10:59][pdx_localize.cpp:279] [original line 750] Duplicate localization key. Key 'DI_artifact_list' is defined in both 'localization/russian/gui/DI_RUS_l_russian.yml' and 'localization/russian/gui/DI_l_russian.yml'.
[15:10:59][pdx_localize.cpp:279] [original line 751] Duplicate localization key. Key 'DI_artifact_type' is defined in both 'localization/russian/gui/DI_RUS_l_russian.yml' and 'localization/russian/gui/DI_l_russian.yml'.
[15:10:59][pdx_localize.cpp:279] [original line 752] Duplicate localization key. Key 'DI_artifact_quality' is defined in both 'localization/russian/gui/DI_RUS_l_russian.yml' and 'localization/russian/gui/DI_l_russian.yml'.
[15:10:59][pdx_localize.cpp:279] [original line 753] Duplicate localization key. Key 'DI_artifact_category' is defined in both 'localization/russian/gui/DI_RUS_l_russian.yml' and 'localization/russian/gui/DI_l_russian.yml'.
[15:10:59][pdx_localize.cpp:279] [original line 754] Duplicate localization key. Key 'DI_artifact_subtype' is defined in both 'localization/russian/gui/DI_RUS_l_russian.yml' and 'localization/russian/gui/DI_l_russian.yml'.
[15:10:59][pdx_localize.cpp:279] [original line 755] Duplicate localization key. Key 'DI_artifact_create' is defined in both 'localization/russian/gui/DI_RUS_l_russian.yml' and 'localization/russian/gui/DI_l_russian.yml'.
[15:10:59][pdx_localize.cpp:279] [original line 756] Duplicate localization key. Key 'DI_artifact_list_title' is defined in both 'localization/russian/gui/DI_RUS_l_russian.yml' and 'localization/russian/gui/DI_l_russian.yml'.
[15:10:59][pdx_localize.cpp:279] [original line 757] Duplicate localization key. Key 'DI_tt_take_artifact' is defined in both 'localization/russian/gui/DI_RUS_l_russian.yml' and 'localization/russian/gui/DI_l_russian.yml'.
[15:10:59][pdx_localize.cpp:279] [original line 758] Duplicate localization key. Key 'DI_destroy_artifact_tt' is defined in both 'localization/russian/gui/DI_RUS_l_russian.yml' and 'localization/russian/gui/DI_l_russian.yml'.
[15:10:59][pdx_localize.cpp:279] [original line 759] Duplicate localization key. Key 'DI_quality_common_loc' is defined in both 'localization/russian/gui/DI_RUS_l_russian.yml' and 'localization/russian/gui/DI_l_russian.yml'.
[15:10:59][pdx_localize.cpp:279] [original line 760] Duplicate localization key. Key 'DI_quality_masterwork_loc' is defined in both 'localization/russian/gui/DI_RUS_l_russian.yml' and 'localization/russian/gui/DI_l_russian.yml'.
[15:10:59][pdx_localize.cpp:279] [original line 761] Duplicate localization key. Key 'DI_quality_famed_loc' is defined in both 'localization/russian/gui/DI_RUS_l_russian.yml' and 'localization/russian/gui/DI_l_russian.yml'.
[15:10:59][pdx_localize.cpp:279] [original line 762] Duplicate localization key. Key 'DI_quality_illustrious_loc' is defined in both 'localization/russian/gui/DI_RUS_l_russian.yml' and 'localization/russian/gui/DI_l_russian.yml'.
[15:10:59][pdx_localize.cpp:279] [original line 763] Duplicate localization key. Key 'DI_artifact_category_display_loc' is defined in both 'localization/russian/gui/DI_RUS_l_russian.yml' and 'localization/russian/gui/DI_l_russian.yml'.
[15:10:59][pdx_localize.cpp:279] [original line 764] Duplicate localization key. Key 'DI_artifact_subtype_display_loc' is defined in both 'localization/russian/gui/DI_RUS_l_russian.yml' and 'localization/russian/gui/DI_l_russian.yml'.
[15:10:59][pdx_localize.cpp:279] [original line 765] Duplicate localization key. Key 'DI_artifact_quality_display_loc' is defined in both 'localization/russian/gui/DI_RUS_l_russian.yml' and 'localization/russian/gui/DI_l_russian.yml'.
[15:10:59][pdx_localize.cpp:279] [original line 766] Duplicate localization key. Key 'DI_ce_convert_counties' is defined in both 'localization/russian/gui/DI_RUS_l_russian.yml' and 'localization/russian/gui/DI_l_russian.yml'.
[15:10:59][pdx_localize.cpp:279] [original line 767] Duplicate localization key. Key 'DI_ce_convert_counties_tt' is defined in both 'localization/russian/gui/DI_RUS_l_russian.yml' and 'localization/russian/gui/DI_l_russian.yml'.
[15:10:59][pdx_localize.cpp:279] [original line 768] Duplicate localization key. Key 'DI_ce_convert_all_pinned' is defined in both 'localization/russian/gui/DI_RUS_l_russian.yml' and 'localization/russian/gui/DI_l_russian.yml'.
[15:10:59][pdx_localize.cpp:279] [original line 769] Duplicate localization key. Key 'DI_ce_convert_all_pinned_tt' is defined in both 'localization/russian/gui/DI_RUS_l_russian.yml' and 'localization/russian/gui/DI_l_russian.yml'.
[15:10:59][pdx_localize.cpp:279] [original line 770] Duplicate localization key. Key 'DI_ce_convert_copy' is defined in both 'localization/russian/gui/DI_RUS_l_russian.yml' and 'localization/russian/gui/DI_l_russian.yml'.
[15:10:59][pdx_localize.cpp:279] [original line 771] Duplicate localization key. Key 'DI_ce_convert_copy_tt' is defined in both 'localization/russian/gui/DI_RUS_l_russian.yml' and 'localization/russian/gui/DI_l_russian.yml'.
[15:10:59][pdx_localize.cpp:279] [original line 772] Duplicate localization key. Key 'DI_ce_convert_to_player' is defined in both 'localization/russian/gui/DI_RUS_l_russian.yml' and 'localization/russian/gui/DI_l_russian.yml'.
[15:10:59][pdx_localize.cpp:279] [original line 773] Duplicate localization key. Key 'DI_ce_convert_to_player_tt' is defined in both 'localization/russian/gui/DI_RUS_l_russian.yml' and 'localization/russian/gui/DI_l_russian.yml'.
[15:10:59][pdx_localize.cpp:279] [original line 774] Duplicate localization key. Key 'DI_ce_convert_all_pinned_counties' is defined in both 'localization/russian/gui/DI_RUS_l_russian.yml' and 'localization/russian/gui/DI_l_russian.yml'.
[15:10:59][pdx_localize.cpp:279] [original line 775] Duplicate localization key. Key 'DI_ce_convert_all_pinned_counties_tt' is defined in both 'localization/russian/gui/DI_RUS_l_russian.yml' and 'localization/russian/gui/DI_l_russian.yml'.
[15:10:59][pdx_localize.cpp:279] [original line 776] Duplicate localization key. Key 'DI_ce_convert_to_player_counties' is defined in both 'localization/russian/gui/DI_RUS_l_russian.yml' and 'localization/russian/gui/DI_l_russian.yml'.
[15:10:59][pdx_localize.cpp:279] [original line 777] Duplicate localization key. Key 'DI_ce_convert_to_player_counties_tt' is defined in both 'localization/russian/gui/DI_RUS_l_russian.yml' and 'localization/russian/gui/DI_l_russian.yml'.
[15:10:59][pdx_localize.cpp:279] [original line 778] Duplicate localization key. Key 'DI_ce_convert_to_own_counties' is defined in both 'localization/russian/gui/DI_RUS_l_russian.yml' and 'localization/russian/gui/DI_l_russian.yml'.
[15:10:59][pdx_localize.cpp:279] [original line 779] Duplicate localization key. Key 'DI_ce_convert_to_own_counties_tt' is defined in both 'localization/russian/gui/DI_RUS_l_russian.yml' and 'localization/russian/gui/DI_l_russian.yml'.
[15:10:59][pdx_localize.cpp:279] [original line 780] Duplicate localization key. Key 'DI_innovation_selection_tab' is defined in both 'localization/russian/gui/DI_RUS_l_russian.yml' and 'localization/russian/gui/DI_l_russian.yml'.
[15:10:59][pdx_localize.cpp:279] [original line 781] Duplicate localization key. Key 'DI_culture_convert_tab' is defined in both 'localization/russian/gui/DI_RUS_l_russian.yml' and 'localization/russian/gui/DI_l_russian.yml'.
[15:10:59][pdx_localize.cpp:279] [original line 782] Duplicate localization key. Key 'DI_culture_convert' is defined in both 'localization/russian/gui/DI_RUS_l_russian.yml' and 'localization/russian/gui/DI_l_russian.yml'.
[15:10:59][pdx_localize.cpp:279] [original line 783] Duplicate localization key. Key 'DI_CLEAR_ALL_TRADITIONS' is defined in both 'localization/russian/gui/DI_RUS_l_russian.yml' and 'localization/russian/gui/DI_l_russian.yml'.
[15:10:59][pdx_localize.cpp:279] [original line 784] Duplicate localization key. Key 'DI_COPY_TRADITIONS_LABEL' is defined in both 'localization/russian/gui/DI_RUS_l_russian.yml' and 'localization/russian/gui/DI_l_russian.yml'.
[15:10:59][pdx_localize.cpp:279] [original line 785] Duplicate localization key. Key 'DI_copy_traditions_tt' is defined in both 'localization/russian/gui/DI_RUS_l_russian.yml' and 'localization/russian/gui/DI_l_russian.yml'.
[15:10:59][pdx_localize.cpp:279] [original line 786] Duplicate localization key. Key 'DI_edit_tradition' is defined in both 'localization/russian/gui/DI_RUS_l_russian.yml' and 'localization/russian/gui/DI_l_russian.yml'.
[15:10:59][pdx_localize.cpp:279] [original line 787] Duplicate localization key. Key 'DI_all_traditions' is defined in both 'localization/russian/gui/DI_RUS_l_russian.yml' and 'localization/russian/gui/DI_l_russian.yml'.
[15:10:59][pdx_localize.cpp:279] [original line 788] Duplicate localization key. Key 'DI_culture_convert_characters' is defined in both 'localization/russian/gui/DI_RUS_l_russian.yml' and 'localization/russian/gui/DI_l_russian.yml'.
[15:10:59][pdx_localize.cpp:279] [original line 789] Duplicate localization key. Key 'DI_culture_convert_counties' is defined in both 'localization/russian/gui/DI_RUS_l_russian.yml' and 'localization/russian/gui/DI_l_russian.yml'.
[15:10:59][pdx_localize.cpp:279] [original line 790] Duplicate localization key. Key 'DI_culture_to_edit' is defined in both 'localization/russian/gui/DI_RUS_l_russian.yml' and 'localization/russian/gui/DI_l_russian.yml'.
[15:10:59][pdx_localize.cpp:279] [original line 791] Duplicate localization key. Key 'DI_culture_to_copy' is defined in both 'localization/russian/gui/DI_RUS_l_russian.yml' and 'localization/russian/gui/DI_l_russian.yml'.
[15:10:59][pdx_localize.cpp:279] [original line 792] Duplicate localization key. Key 'DI_people' is defined in both 'localization/russian/gui/DI_RUS_l_russian.yml' and 'localization/russian/gui/DI_l_russian.yml'.
[15:10:59][pdx_localize.cpp:279] [original line 793] Duplicate localization key. Key 'DI_convert_every_courtier_culture' is defined in both 'localization/russian/gui/DI_RUS_l_russian.yml' and 'localization/russian/gui/DI_l_russian.yml'.
[15:10:59][pdx_localize.cpp:279] [original line 794] Duplicate localization key. Key 'DI_convert_every_courtier_culture_tt' is defined in both 'localization/russian/gui/DI_RUS_l_russian.yml' and 'localization/russian/gui/DI_l_russian.yml'.
[15:10:59][pdx_localize.cpp:279] [original line 795] Duplicate localization key. Key 'DI_convert_every_vassal_culture' is defined in both 'localization/russian/gui/DI_RUS_l_russian.yml' and 'localization/russian/gui/DI_l_russian.yml'.
[15:10:59][pdx_localize.cpp:279] [original line 796] Duplicate localization key. Key 'DI_convert_every_vassal_culture_tt' is defined in both 'localization/russian/gui/DI_RUS_l_russian.yml' and 'localization/russian/gui/DI_l_russian.yml'.
[15:10:59][pdx_localize.cpp:279] [original line 797] Duplicate localization key. Key 'DI_counties' is defined in both 'localization/russian/gui/DI_RUS_l_russian.yml' and 'localization/russian/gui/DI_l_russian.yml'.
[15:10:59][pdx_localize.cpp:279] [original line 798] Duplicate localization key. Key 'DI_realm' is defined in both 'localization/russian/gui/DI_RUS_l_russian.yml' and 'localization/russian/gui/DI_l_russian.yml'.
[15:10:59][pdx_localize.cpp:279] [original line 799] Duplicate localization key. Key 'DI_convert_realm_culture' is defined in both 'localization/russian/gui/DI_RUS_l_russian.yml' and 'localization/russian/gui/DI_l_russian.yml'.
[15:10:59][pdx_localize.cpp:279] [original line 800] Duplicate localization key. Key 'DI_convert_realm_culture_tt' is defined in both 'localization/russian/gui/DI_RUS_l_russian.yml' and 'localization/russian/gui/DI_l_russian.yml'.
[15:10:59][pdx_localize.cpp:279] [original line 801] Duplicate localization key. Key 'DI_convert_all_pinned_realm_culture' is defined in both 'localization/russian/gui/DI_RUS_l_russian.yml' and 'localization/russian/gui/DI_l_russian.yml'.
[15:10:59][pdx_localize.cpp:279] [original line 802] Duplicate localization key. Key 'DI_convert_all_pinned_realm_culture_tt' is defined in both 'localization/russian/gui/DI_RUS_l_russian.yml' and 'localization/russian/gui/DI_l_russian.yml'.
[15:10:59][pdx_localize.cpp:279] [original line 803] Duplicate localization key. Key 'DI_convert_all_pinned_to_player_culture' is defined in both 'localization/russian/gui/DI_RUS_l_russian.yml' and 'localization/russian/gui/DI_l_russian.yml'.
[15:10:59][pdx_localize.cpp:279] [original line 804] Duplicate localization key. Key 'DI_convert_all_pinned_to_player_culture_tt' is defined in both 'localization/russian/gui/DI_RUS_l_russian.yml' and 'localization/russian/gui/DI_l_russian.yml'.
[15:10:59][pdx_localize.cpp:279] [original line 805] Duplicate localization key. Key 'DI_quick_convert_player_realm_culture' is defined in both 'localization/russian/gui/DI_RUS_l_russian.yml' and 'localization/russian/gui/DI_l_russian.yml'.
[15:10:59][pdx_localize.cpp:279] [original line 806] Duplicate localization key. Key 'DI_quick_convert_player_realm_culture_tt' is defined in both 'localization/russian/gui/DI_RUS_l_russian.yml' and 'localization/russian/gui/DI_l_russian.yml'.
[15:10:59][pdx_localize.cpp:279] [original line 807] Duplicate localization key. Key 'DI_sub_realm' is defined in both 'localization/russian/gui/DI_RUS_l_russian.yml' and 'localization/russian/gui/DI_l_russian.yml'.
[15:10:59][pdx_localize.cpp:279] [original line 808] Duplicate localization key. Key 'DI_convert_sub_realm_culture' is defined in both 'localization/russian/gui/DI_RUS_l_russian.yml' and 'localization/russian/gui/DI_l_russian.yml'.
[15:10:59][pdx_localize.cpp:279] [original line 809] Duplicate localization key. Key 'DI_convert_sub_realm_culture_tt' is defined in both 'localization/russian/gui/DI_RUS_l_russian.yml' and 'localization/russian/gui/DI_l_russian.yml'.
[15:10:59][pdx_localize.cpp:279] [original line 810] Duplicate localization key. Key 'DI_convert_all_pinned_sub_realm_culture' is defined in both 'localization/russian/gui/DI_RUS_l_russian.yml' and 'localization/russian/gui/DI_l_russian.yml'.
[15:10:59][pdx_localize.cpp:279] [original line 811] Duplicate localization key. Key 'DI_convert_all_pinned_sub_realm_culture_tt' is defined in both 'localization/russian/gui/DI_RUS_l_russian.yml' and 'localization/russian/gui/DI_l_russian.yml'.
[15:10:59][pdx_localize.cpp:279] [original line 812] Duplicate localization key. Key 'DI_convert_all_pinned_to_player_sub_realm_culture' is defined in both 'localization/russian/gui/DI_RUS_l_russian.yml' and 'localization/russian/gui/DI_l_russian.yml'.
[15:10:59][pdx_localize.cpp:279] [original line 813] Duplicate localization key. Key 'DI_convert_all_pinned_to_player_sub_realm_culture_tt' is defined in both 'localization/russian/gui/DI_RUS_l_russian.yml' and 'localization/russian/gui/DI_l_russian.yml'.
[15:10:59][pdx_localize.cpp:279] [original line 814] Duplicate localization key. Key 'DI_quick_convert_player_sub_realm_culture' is defined in both 'localization/russian/gui/DI_RUS_l_russian.yml' and 'localization/russian/gui/DI_l_russian.yml'.
[15:10:59][pdx_localize.cpp:279] [original line 815] Duplicate localization key. Key 'DI_quick_convert_player_sub_realm_culture_tt' is defined in both 'localization/russian/gui/DI_RUS_l_russian.yml' and 'localization/russian/gui/DI_l_russian.yml'.
[15:10:59][pdx_localize.cpp:279] [original line 816] Duplicate localization key. Key 'DI_all_innovations' is defined in both 'localization/russian/gui/DI_RUS_l_russian.yml' and 'localization/russian/gui/DI_l_russian.yml'.
[15:10:59][pdx_localize.cpp:279] [original line 817] Duplicate localization key. Key 'DI_innovations_by_era' is defined in both 'localization/russian/gui/DI_RUS_l_russian.yml' and 'localization/russian/gui/DI_l_russian.yml'.
[15:10:59][pdx_localize.cpp:279] [original line 818] Duplicate localization key. Key 'DI_add_all_innovations' is defined in both 'localization/russian/gui/DI_RUS_l_russian.yml' and 'localization/russian/gui/DI_l_russian.yml'.
[15:10:59][pdx_localize.cpp:279] [original line 819] Duplicate localization key. Key 'DI_remove_all_innovations' is defined in both 'localization/russian/gui/DI_RUS_l_russian.yml' and 'localization/russian/gui/DI_l_russian.yml'.
[15:10:59][pdx_localize.cpp:279] [original line 820] Duplicate localization key. Key 'DI_martial_custom_window_title' is defined in both 'localization/russian/gui/DI_RUS_l_russian.yml' and 'localization/russian/gui/DI_l_russian.yml'.
[15:10:59][pdx_localize.cpp:279] [original line 821] Duplicate localization key. Key 'DI_ethos_window_title' is defined in both 'localization/russian/gui/DI_RUS_l_russian.yml' and 'localization/russian/gui/DI_l_russian.yml'.
[15:10:59][pdx_localize.cpp:279] [original line 822] Duplicate localization key. Key 'DI_heritage_window_title' is defined in both 'localization/russian/gui/DI_RUS_l_russian.yml' and 'localization/russian/gui/DI_l_russian.yml'.
[15:10:59][pdx_localize.cpp:279] [original line 823] Duplicate localization key. Key 'DI_language_window_title' is defined in both 'localization/russian/gui/DI_RUS_l_russian.yml' and 'localization/russian/gui/DI_l_russian.yml'.
[15:10:59][pdx_localize.cpp:279] [original line 824] Duplicate localization key. Key 'DI_FAITH_EDITOR_TITLE' is defined in both 'localization/russian/gui/DI_RUS_l_russian.yml' and 'localization/russian/gui/DI_l_russian.yml'.
[15:10:59][pdx_localize.cpp:279] [original line 825] Duplicate localization key. Key 'DI_select_tenet' is defined in both 'localization/russian/gui/DI_RUS_l_russian.yml' and 'localization/russian/gui/DI_l_russian.yml'.
[15:10:59][pdx_localize.cpp:279] [original line 826] Duplicate localization key. Key 'DI_add_tenet' is defined in both 'localization/russian/gui/DI_RUS_l_russian.yml' and 'localization/russian/gui/DI_l_russian.yml'.
[15:10:59][pdx_localize.cpp:279] [original line 827] Duplicate localization key. Key 'DI_fe_add_tenet_tooltip' is defined in both 'localization/russian/gui/DI_RUS_l_russian.yml' and 'localization/russian/gui/DI_l_russian.yml'.
[15:10:59][pdx_localize.cpp:279] [original line 828] Duplicate localization key. Key 'DI_fe_replace_tenet_tooltip' is defined in both 'localization/russian/gui/DI_RUS_l_russian.yml' and 'localization/russian/gui/DI_l_russian.yml'.
[15:10:59][pdx_localize.cpp:279] [original line 829] Duplicate localization key. Key 'DI_other_tenets_heading' is defined in both 'localization/russian/gui/DI_RUS_l_russian.yml' and 'localization/russian/gui/DI_l_russian.yml'.
[15:10:59][pdx_localize.cpp:279] [original line 830] Duplicate localization key. Key 'interaction_category_cheat_menu' is defined in both 'localization/russian/gui/DI_RUS_l_russian.yml' and 'localization/russian/gui/DI_l_russian.yml'.
[15:10:59][pdx_localize.cpp:279] [original line 831] Duplicate localization key. Key 'DI_open_cheat_menu' is defined in both 'localization/russian/gui/DI_RUS_l_russian.yml' and 'localization/russian/gui/DI_l_russian.yml'.
[15:10:59][pdx_localize.cpp:279] [original line 832] Duplicate localization key. Key 'DI_close_cheat_menu' is defined in both 'localization/russian/gui/DI_RUS_l_russian.yml' and 'localization/russian/gui/DI_l_russian.yml'.
[15:10:59][pdx_localize.cpp:279] [original line 833] Duplicate localization key. Key 'DI_cheat_menu_desc' is defined in both 'localization/russian/gui/DI_RUS_l_russian.yml' and 'localization/russian/gui/DI_l_russian.yml'.
[15:10:59][pdx_localize.cpp:279] [original line 834] Duplicate localization key. Key 'DI_pin_character_interaction' is defined in both 'localization/russian/gui/DI_RUS_l_russian.yml' and 'localization/russian/gui/DI_l_russian.yml'.
[15:10:59][pdx_localize.cpp:279] [original line 835] Duplicate localization key. Key 'DI_pin_character' is defined in both 'localization/russian/gui/DI_RUS_l_russian.yml' and 'localization/russian/gui/DI_l_russian.yml'.
[15:10:59][pdx_localize.cpp:279] [original line 836] Duplicate localization key. Key 'DI_pin_vassals' is defined in both 'localization/russian/gui/DI_RUS_l_russian.yml' and 'localization/russian/gui/DI_l_russian.yml'.
[15:10:59][pdx_localize.cpp:279] [original line 837] Duplicate localization key. Key 'DI_pin_courtiers' is defined in both 'localization/russian/gui/DI_RUS_l_russian.yml' and 'localization/russian/gui/DI_l_russian.yml'.
[15:10:59][pdx_localize.cpp:279] [original line 838] Duplicate localization key. Key 'DI_pin_councillors' is defined in both 'localization/russian/gui/DI_RUS_l_russian.yml' and 'localization/russian/gui/DI_l_russian.yml'.
[15:10:59][pdx_localize.cpp:279] [original line 839] Duplicate localization key. Key 'DI_pin_house' is defined in both 'localization/russian/gui/DI_RUS_l_russian.yml' and 'localization/russian/gui/DI_l_russian.yml'.
[15:10:59][pdx_localize.cpp:279] [original line 840] Duplicate localization key. Key 'DI_pin_dynasty' is defined in both 'localization/russian/gui/DI_RUS_l_russian.yml' and 'localization/russian/gui/DI_l_russian.yml'.
[15:10:59][pdx_localize.cpp:279] [original line 841] Duplicate localization key. Key 'DI_pin_lovers' is defined in both 'localization/russian/gui/DI_RUS_l_russian.yml' and 'localization/russian/gui/DI_l_russian.yml'.
[15:10:59][pdx_localize.cpp:279] [original line 842] Duplicate localization key. Key 'DI_pin_bloc' is defined in both 'localization/russian/gui/DI_RUS_l_russian.yml' and 'localization/russian/gui/DI_l_russian.yml'.
[15:10:59][pdx_localize.cpp:279] [original line 843] Duplicate localization key. Key 'DI_pin_faith_members' is defined in both 'localization/russian/gui/DI_RUS_l_russian.yml' and 'localization/russian/gui/DI_l_russian.yml'.
[15:10:59][pdx_localize.cpp:279] [original line 844] Duplicate localization key. Key 'DI_pin_culture_members' is defined in both 'localization/russian/gui/DI_RUS_l_russian.yml' and 'localization/russian/gui/DI_l_russian.yml'.
[15:10:59][pdx_localize.cpp:279] [original line 845] Duplicate localization key. Key 'DI_pin_close_family' is defined in both 'localization/russian/gui/DI_RUS_l_russian.yml' and 'localization/russian/gui/DI_l_russian.yml'.
[15:10:59][pdx_localize.cpp:279] [original line 846] Duplicate localization key. Key 'DI_pin_extended_family' is defined in both 'localization/russian/gui/DI_RUS_l_russian.yml' and 'localization/russian/gui/DI_l_russian.yml'.
[15:10:59][pdx_localize.cpp:279] [original line 847] Duplicate localization key. Key 'DI_pin_title_interaction' is defined in both 'localization/russian/gui/DI_RUS_l_russian.yml' and 'localization/russian/gui/DI_l_russian.yml'.
[15:10:59][pdx_localize.cpp:279] [original line 848] Duplicate localization key. Key 'DI_pin_character_titles' is defined in both 'localization/russian/gui/DI_RUS_l_russian.yml' and 'localization/russian/gui/DI_l_russian.yml'.
[15:10:59][pdx_localize.cpp:279] [original line 849] Duplicate localization key. Key 'DI_pin_vassal_titles' is defined in both 'localization/russian/gui/DI_RUS_l_russian.yml' and 'localization/russian/gui/DI_l_russian.yml'.
[15:10:59][pdx_localize.cpp:279] [original line 850] Duplicate localization key. Key 'DI_pin_sub_realm_titles' is defined in both 'localization/russian/gui/DI_RUS_l_russian.yml' and 'localization/russian/gui/DI_l_russian.yml'.
[15:10:59][pdx_localize.cpp:279] [original line 851] Duplicate localization key. Key 'DI_pin_realm_titles' is defined in both 'localization/russian/gui/DI_RUS_l_russian.yml' and 'localization/russian/gui/DI_l_russian.yml'.
[15:10:59][pdx_localize.cpp:279] [original line 852] Duplicate localization key. Key 'DI_change_character_interaction' is defined in both 'localization/russian/gui/DI_RUS_l_russian.yml' and 'localization/russian/gui/DI_l_russian.yml'.
[15:10:59][pdx_localize.cpp:279] [original line 853] Duplicate localization key. Key 'DI_change_character_desc' is defined in both 'localization/russian/gui/DI_RUS_l_russian.yml' and 'localization/russian/gui/DI_l_russian.yml'.
[15:10:59][pdx_localize.cpp:279] [original line 854] Duplicate localization key. Key 'DI_change_character_name_interaction' is defined in both 'localization/russian/gui/DI_RUS_l_russian.yml' and 'localization/russian/gui/DI_l_russian.yml'.
[15:10:59][pdx_localize.cpp:279] [original line 855] Duplicate localization key. Key 'DI_change_character_name_desc' is defined in both 'localization/russian/gui/DI_RUS_l_russian.yml' and 'localization/russian/gui/DI_l_russian.yml'.
[15:10:59][pdx_localize.cpp:279] [original line 856] Duplicate localization key. Key 'DI_change_religion_interaction' is defined in both 'localization/russian/gui/DI_RUS_l_russian.yml' and 'localization/russian/gui/DI_l_russian.yml'.
[15:10:59][pdx_localize.cpp:279] [original line 857] Duplicate localization key. Key 'DI_change_religion_desc' is defined in both 'localization/russian/gui/DI_RUS_l_russian.yml' and 'localization/russian/gui/DI_l_russian.yml'.
[15:10:59][pdx_localize.cpp:279] [original line 858] Duplicate localization key. Key 'DI_change_culture_interaction' is defined in both 'localization/russian/gui/DI_RUS_l_russian.yml' and 'localization/russian/gui/DI_l_russian.yml'.
[15:10:59][pdx_localize.cpp:279] [original line 859] Duplicate localization key. Key 'DI_change_culture_desc' is defined in both 'localization/russian/gui/DI_RUS_l_russian.yml' and 'localization/russian/gui/DI_l_russian.yml'.
[15:10:59][pdx_localize.cpp:279] [original line 860] Duplicate localization key. Key 'DI_change_dynasty_interaction' is defined in both 'localization/russian/gui/DI_RUS_l_russian.yml' and 'localization/russian/gui/DI_l_russian.yml'.
[15:10:59][pdx_localize.cpp:279] [original line 861] Duplicate localization key. Key 'DI_change_dynasty_desc' is defined in both 'localization/russian/gui/DI_RUS_l_russian.yml' and 'localization/russian/gui/DI_l_russian.yml'.
[15:10:59][pdx_localize.cpp:279] [original line 862] Duplicate localization key. Key 'DI_char_modify_vassal_contract_interaction' is defined in both 'localization/russian/gui/DI_RUS_l_russian.yml' and 'localization/russian/gui/DI_l_russian.yml'.
[15:10:59][pdx_localize.cpp:279] [original line 863] Duplicate localization key. Key 'DI_char_modify_vassal_contract_inter_desc' is defined in both 'localization/russian/gui/DI_RUS_l_russian.yml' and 'localization/russian/gui/DI_l_russian.yml'.
[15:10:59][pdx_localize.cpp:279] [original line 864] Duplicate localization key. Key 'DI_modify_vassal_mod_vassal_contract_interaction' is defined in both 'localization/russian/gui/DI_RUS_l_russian.yml' and 'localization/russian/gui/DI_l_russian.yml'.
[15:10:59][pdx_localize.cpp:279] [original line 865] Duplicate localization key. Key 'DI_modify_vassal_mod_vassal_contract_desc' is defined in both 'localization/russian/gui/DI_RUS_l_russian.yml' and 'localization/russian/gui/DI_l_russian.yml'.
[15:10:59][pdx_localize.cpp:279] [original line 866] Duplicate localization key. Key 'DI_arrange_marriage_interaction' is defined in both 'localization/russian/gui/DI_RUS_l_russian.yml' and 'localization/russian/gui/DI_l_russian.yml'.
[15:10:59][pdx_localize.cpp:279] [original line 867] Duplicate localization key. Key 'DI_arrange_marriage_desc' is defined in both 'localization/russian/gui/DI_RUS_l_russian.yml' and 'localization/russian/gui/DI_l_russian.yml'.
[15:10:59][pdx_localize.cpp:279] [original line 868] Duplicate localization key. Key 'DI_learn_language_interaction' is defined in both 'localization/russian/gui/DI_RUS_l_russian.yml' and 'localization/russian/gui/DI_l_russian.yml'.
[15:10:59][pdx_localize.cpp:279] [original line 869] Duplicate localization key. Key 'DI_break_betrothal_interaction' is defined in both 'localization/russian/gui/DI_RUS_l_russian.yml' and 'localization/russian/gui/DI_l_russian.yml'.
[15:10:59][pdx_localize.cpp:279] [original line 870] Duplicate localization key. Key 'DI_break_betrothal_desc' is defined in both 'localization/russian/gui/DI_RUS_l_russian.yml' and 'localization/russian/gui/DI_l_russian.yml'.
[15:10:59][pdx_localize.cpp:279] [original line 871] Duplicate localization key. Key 'DI_divorce_character_interaction' is defined in both 'localization/russian/gui/DI_RUS_l_russian.yml' and 'localization/russian/gui/DI_l_russian.yml'.
[15:10:59][pdx_localize.cpp:279] [original line 872] Duplicate localization key. Key 'DI_divorce_character_desc' is defined in both 'localization/russian/gui/DI_RUS_l_russian.yml' and 'localization/russian/gui/DI_l_russian.yml'.
[15:10:59][pdx_localize.cpp:279] [original line 873] Duplicate localization key. Key 'DI_designate_heir_interaction' is defined in both 'localization/russian/gui/DI_RUS_l_russian.yml' and 'localization/russian/gui/DI_l_russian.yml'.
[15:10:59][pdx_localize.cpp:279] [original line 874] Duplicate localization key. Key 'DI_designate_heir_desc' is defined in both 'localization/russian/gui/DI_RUS_l_russian.yml' and 'localization/russian/gui/DI_l_russian.yml'.
[15:10:59][pdx_localize.cpp:279] [original line 875] Duplicate localization key. Key 'DI_adopt_male_interaction' is defined in both 'localization/russian/gui/DI_RUS_l_russian.yml' and 'localization/russian/gui/DI_l_russian.yml'.
[15:10:59][pdx_localize.cpp:279] [original line 876] Duplicate localization key. Key 'DI_adopt_female_interaction' is defined in both 'localization/russian/gui/DI_RUS_l_russian.yml' and 'localization/russian/gui/DI_l_russian.yml'.
[15:10:59][pdx_localize.cpp:279] [original line 877] Duplicate localization key. Key 'DI_adopt' is defined in both 'localization/russian/gui/DI_RUS_l_russian.yml' and 'localization/russian/gui/DI_l_russian.yml'.
[15:10:59][pdx_localize.cpp:279] [original line 878] Duplicate localization key. Key 'DI_disown_interaction' is defined in both 'localization/russian/gui/DI_RUS_l_russian.yml' and 'localization/russian/gui/DI_l_russian.yml'.
[15:10:59][pdx_localize.cpp:279] [original line 879] Duplicate localization key. Key 'DI_disown_desc' is defined in both 'localization/russian/gui/DI_RUS_l_russian.yml' and 'localization/russian/gui/DI_l_russian.yml'.
[15:10:59][pdx_localize.cpp:279] [original line 880] Duplicate localization key. Key 'DI_murder_interaction' is defined in both 'localization/russian/gui/DI_RUS_l_russian.yml' and 'localization/russian/gui/DI_l_russian.yml'.
[15:10:59][pdx_localize.cpp:279] [original line 881] Duplicate localization key. Key 'DI_murder_desc' is defined in both 'localization/russian/gui/DI_RUS_l_russian.yml' and 'localization/russian/gui/DI_l_russian.yml'.
[15:10:59][pdx_localize.cpp:279] [original line 882] Duplicate localization key. Key 'DI_imprison_interaction' is defined in both 'localization/russian/gui/DI_RUS_l_russian.yml' and 'localization/russian/gui/DI_l_russian.yml'.
[15:10:59][pdx_localize.cpp:279] [original line 883] Duplicate localization key. Key 'DI_imprison_desc' is defined in both 'localization/russian/gui/DI_RUS_l_russian.yml' and 'localization/russian/gui/DI_l_russian.yml'.
[15:10:59][pdx_localize.cpp:279] [original line 884] Duplicate localization key. Key 'DI_claim_title_interaction' is defined in both 'localization/russian/gui/DI_RUS_l_russian.yml' and 'localization/russian/gui/DI_l_russian.yml'.
[15:10:59][pdx_localize.cpp:279] [original line 885] Duplicate localization key. Key 'DI_claim_title_desc' is defined in both 'localization/russian/gui/DI_RUS_l_russian.yml' and 'localization/russian/gui/DI_l_russian.yml'.
[15:10:59][pdx_localize.cpp:279] [original line 886] Duplicate localization key. Key 'DI_remove_claims_on_player_interaction' is defined in both 'localization/russian/gui/DI_RUS_l_russian.yml' and 'localization/russian/gui/DI_l_russian.yml'.
[15:10:59][pdx_localize.cpp:279] [original line 887] Duplicate localization key. Key 'DI_remove_claims_on_player_desc' is defined in both 'localization/russian/gui/DI_RUS_l_russian.yml' and 'localization/russian/gui/DI_l_russian.yml'.
[15:10:59][pdx_localize.cpp:279] [original line 888] Duplicate localization key. Key 'DI_remove_all_claims_interaction' is defined in both 'localization/russian/gui/DI_RUS_l_russian.yml' and 'localization/russian/gui/DI_l_russian.yml'.
[15:10:59][pdx_localize.cpp:279] [original line 889] Duplicate localization key. Key 'DI_remove_all_claims_desc' is defined in both 'localization/russian/gui/DI_RUS_l_russian.yml' and 'localization/russian/gui/DI_l_russian.yml'.
[15:10:59][pdx_localize.cpp:279] [original line 890] Duplicate localization key. Key 'DI_revoke_title_interaction' is defined in both 'localization/russian/gui/DI_RUS_l_russian.yml' and 'localization/russian/gui/DI_l_russian.yml'.
[15:10:59][pdx_localize.cpp:279] [original line 891] Duplicate localization key. Key 'DI_revoke_title_desc' is defined in both 'localization/russian/gui/DI_RUS_l_russian.yml' and 'localization/russian/gui/DI_l_russian.yml'.
[15:10:59][pdx_localize.cpp:279] [original line 892] Duplicate localization key. Key 'DI_vassalize_interaction' is defined in both 'localization/russian/gui/DI_RUS_l_russian.yml' and 'localization/russian/gui/DI_l_russian.yml'.
[15:10:59][pdx_localize.cpp:279] [original line 893] Duplicate localization key. Key 'DI_vassalize_desc' is defined in both 'localization/russian/gui/DI_RUS_l_russian.yml' and 'localization/russian/gui/DI_l_russian.yml'.
[15:10:59][pdx_localize.cpp:279] [original line 894] Duplicate localization key. Key 'DI_add_to_court_interaction' is defined in both 'localization/russian/gui/DI_RUS_l_russian.yml' and 'localization/russian/gui/DI_l_russian.yml'.
[15:10:59][pdx_localize.cpp:279] [original line 895] Duplicate localization key. Key 'DI_add_to_court_0' is defined in both 'localization/russian/gui/DI_RUS_l_russian.yml' and 'localization/russian/gui/DI_l_russian.yml'.
[15:10:59][pdx_localize.cpp:279] [original line 896] Duplicate localization key. Key 'DI_add_to_court_1' is defined in both 'localization/russian/gui/DI_RUS_l_russian.yml' and 'localization/russian/gui/DI_l_russian.yml'.
[15:10:59][pdx_localize.cpp:279] [original line 897] Duplicate localization key. Key 'DI_add_to_court_desc' is defined in both 'localization/russian/gui/DI_RUS_l_russian.yml' and 'localization/russian/gui/DI_l_russian.yml'.
[15:10:59][pdx_localize.cpp:279] [original line 898] Duplicate localization key. Key 'DI_add_concubine_interaction' is defined in both 'localization/russian/gui/DI_RUS_l_russian.yml' and 'localization/russian/gui/DI_l_russian.yml'.
[15:10:59][pdx_localize.cpp:279] [original line 899] Duplicate localization key. Key 'DI_add_concubine_desc' is defined in both 'localization/russian/gui/DI_RUS_l_russian.yml' and 'localization/russian/gui/DI_l_russian.yml'.
[15:10:59][pdx_localize.cpp:279] [original line 900] Duplicate localization key. Key 'DI_remove_concubine_interaction' is defined in both 'localization/russian/gui/DI_RUS_l_russian.yml' and 'localization/russian/gui/DI_l_russian.yml'.
[15:10:59][pdx_localize.cpp:279] [original line 901] Duplicate localization key. Key 'DI_remove_concubine_desc' is defined in both 'localization/russian/gui/DI_RUS_l_russian.yml' and 'localization/russian/gui/DI_l_russian.yml'.
[15:10:59][pdx_localize.cpp:279] [original line 902] Duplicate localization key. Key 'DI_impregnate_interaction' is defined in both 'localization/russian/gui/DI_RUS_l_russian.yml' and 'localization/russian/gui/DI_l_russian.yml'.
[15:10:59][pdx_localize.cpp:279] [original line 903] Duplicate localization key. Key 'DI_impregnate_cheat_desc' is defined in both 'localization/russian/gui/DI_RUS_l_russian.yml' and 'localization/russian/gui/DI_l_russian.yml'.
[15:10:59][pdx_localize.cpp:279] [original line 904] Duplicate localization key. Key 'DI_impregnate_one_child' is defined in both 'localization/russian/gui/DI_RUS_l_russian.yml' and 'localization/russian/gui/DI_l_russian.yml'.
[15:10:59][pdx_localize.cpp:279] [original line 905] Duplicate localization key. Key 'DI_impregnate_twins' is defined in both 'localization/russian/gui/DI_RUS_l_russian.yml' and 'localization/russian/gui/DI_l_russian.yml'.
[15:10:59][pdx_localize.cpp:279] [original line 906] Duplicate localization key. Key 'DI_impregnate_triplets' is defined in both 'localization/russian/gui/DI_RUS_l_russian.yml' and 'localization/russian/gui/DI_l_russian.yml'.
[15:10:59][pdx_localize.cpp:279] [original line 907] Duplicate localization key. Key 'DI_impregnate_by_spouse_1' is defined in both 'localization/russian/gui/DI_RUS_l_russian.yml' and 'localization/russian/gui/DI_l_russian.yml'.
[15:10:59][pdx_localize.cpp:279] [original line 908] Duplicate localization key. Key 'DI_impregnate_by_spouse_2' is defined in both 'localization/russian/gui/DI_RUS_l_russian.yml' and 'localization/russian/gui/DI_l_russian.yml'.
[15:10:59][pdx_localize.cpp:279] [original line 909] Duplicate localization key. Key 'DI_impregnate_by_spouse_3' is defined in both 'localization/russian/gui/DI_RUS_l_russian.yml' and 'localization/russian/gui/DI_l_russian.yml'.
[15:10:59][pdx_localize.cpp:279] [original line 910] Duplicate localization key. Key 'DI_sleep_with_character' is defined in both 'localization/russian/gui/DI_RUS_l_russian.yml' and 'localization/russian/gui/DI_l_russian.yml'.
[15:10:59][pdx_localize.cpp:279] [original line 911] Duplicate localization key. Key 'DI_add_hook_interaction' is defined in both 'localization/russian/gui/DI_RUS_l_russian.yml' and 'localization/russian/gui/DI_l_russian.yml'.
[15:10:59][pdx_localize.cpp:279] [original line 912] Duplicate localization key. Key 'DI_add_loyalty_hook_interaction' is defined in both 'localization/russian/gui/DI_RUS_l_russian.yml' and 'localization/russian/gui/DI_l_russian.yml'.
[15:10:59][pdx_localize.cpp:279] [original line 913] Duplicate localization key. Key 'DI_add_hook_desc' is defined in both 'localization/russian/gui/DI_RUS_l_russian.yml' and 'localization/russian/gui/DI_l_russian.yml'.
[15:10:59][pdx_localize.cpp:279] [original line 914] Duplicate localization key. Key 'DI_excommunicate_interaction' is defined in both 'localization/russian/gui/DI_RUS_l_russian.yml' and 'localization/russian/gui/DI_l_russian.yml'.
[15:10:59][pdx_localize.cpp:279] [original line 915] Duplicate localization key. Key 'DI_excommunicate_desc' is defined in both 'localization/russian/gui/DI_RUS_l_russian.yml' and 'localization/russian/gui/DI_l_russian.yml'.
[15:10:59][pdx_localize.cpp:279] [original line 916] Duplicate localization key. Key 'DI_remove_excommunication_interaction' is defined in both 'localization/russian/gui/DI_RUS_l_russian.yml' and 'localization/russian/gui/DI_l_russian.yml'.
[15:10:59][pdx_localize.cpp:279] [original line 917] Duplicate localization key. Key 'DI_remove_excommunication_desc' is defined in both 'localization/russian/gui/DI_RUS_l_russian.yml' and 'localization/russian/gui/DI_l_russian.yml'.
[15:10:59][pdx_localize.cpp:279] [original line 918] Duplicate localization key. Key 'DI_commit_suicide_interaction' is defined in both 'localization/russian/gui/DI_RUS_l_russian.yml' and 'localization/russian/gui/DI_l_russian.yml'.
[15:10:59][pdx_localize.cpp:279] [original line 919] Duplicate localization key. Key 'DI_commit_suicide_desc' is defined in both 'localization/russian/gui/DI_RUS_l_russian.yml' and 'localization/russian/gui/DI_l_russian.yml'.
[15:10:59][pdx_localize.cpp:279] [original line 920] Duplicate localization key. Key 'DI_take_title_interaction' is defined in both 'localization/russian/gui/DI_RUS_l_russian.yml' and 'localization/russian/gui/DI_l_russian.yml'.
[15:10:59][pdx_localize.cpp:279] [original line 921] Duplicate localization key. Key 'DI_take_title_desc' is defined in both 'localization/russian/gui/DI_RUS_l_russian.yml' and 'localization/russian/gui/DI_l_russian.yml'.
[15:10:59][pdx_localize.cpp:279] [original line 922] Duplicate localization key. Key 'DI_change_every_county' is defined in both 'localization/russian/gui/DI_RUS_l_russian.yml' and 'localization/russian/gui/DI_l_russian.yml'.
[15:10:59][pdx_localize.cpp:279] [original line 923] Duplicate localization key. Key 'DI_change_every_county_control' is defined in both 'localization/russian/gui/DI_RUS_l_russian.yml' and 'localization/russian/gui/DI_l_russian.yml'.
[15:10:59][pdx_localize.cpp:279] [original line 924] Duplicate localization key. Key 'DI_change_every_county_development' is defined in both 'localization/russian/gui/DI_RUS_l_russian.yml' and 'localization/russian/gui/DI_l_russian.yml'.
[15:10:59][pdx_localize.cpp:279] [original line 925] Duplicate localization key. Key 'DI_change_religion_every_county' is defined in both 'localization/russian/gui/DI_RUS_l_russian.yml' and 'localization/russian/gui/DI_l_russian.yml'.
[15:10:59][pdx_localize.cpp:279] [original line 926] Duplicate localization key. Key 'DI_change_culture_every_county' is defined in both 'localization/russian/gui/DI_RUS_l_russian.yml' and 'localization/russian/gui/DI_l_russian.yml'.
[15:10:59][pdx_localize.cpp:279] [original line 927] Duplicate localization key. Key 'DI_change_opinion_interaction' is defined in both 'localization/russian/gui/DI_RUS_l_russian.yml' and 'localization/russian/gui/DI_l_russian.yml'.
[15:10:59][pdx_localize.cpp:279] [original line 928] Duplicate localization key. Key 'DI_change_character_weight_interaction' is defined in both 'localization/russian/gui/DI_RUS_l_russian.yml' and 'localization/russian/gui/DI_l_russian.yml'.
[15:10:59][pdx_localize.cpp:279] [original line 929] Duplicate localization key. Key 'DI_set_relation_interaction' is defined in both 'localization/russian/gui/DI_RUS_l_russian.yml' and 'localization/russian/gui/DI_l_russian.yml'.
[15:10:59][pdx_localize.cpp:279] [original line 930] Duplicate localization key. Key 'DI_set_potential_friend' is defined in both 'localization/russian/gui/DI_RUS_l_russian.yml' and 'localization/russian/gui/DI_l_russian.yml'.
[15:10:59][pdx_localize.cpp:279] [original line 931] Duplicate localization key. Key 'DI_remove_potential_friend' is defined in both 'localization/russian/gui/DI_RUS_l_russian.yml' and 'localization/russian/gui/DI_l_russian.yml'.
[15:10:59][pdx_localize.cpp:279] [original line 932] Duplicate localization key. Key 'DI_set_potential_rival' is defined in both 'localization/russian/gui/DI_RUS_l_russian.yml' and 'localization/russian/gui/DI_l_russian.yml'.
[15:10:59][pdx_localize.cpp:279] [original line 933] Duplicate localization key. Key 'DI_remove_potential_rival' is defined in both 'localization/russian/gui/DI_RUS_l_russian.yml' and 'localization/russian/gui/DI_l_russian.yml'.
[15:10:59][pdx_localize.cpp:279] [original line 934] Duplicate localization key. Key 'DI_set_potential_lover' is defined in both 'localization/russian/gui/DI_RUS_l_russian.yml' and 'localization/russian/gui/DI_l_russian.yml'.
[15:10:59][pdx_localize.cpp:279] [original line 935] Duplicate localization key. Key 'DI_remove_potential_lover' is defined in both 'localization/russian/gui/DI_RUS_l_russian.yml' and 'localization/russian/gui/DI_l_russian.yml'.
[15:10:59][pdx_localize.cpp:279] [original line 936] Duplicate localization key. Key 'DI_set_friend' is defined in both 'localization/russian/gui/DI_RUS_l_russian.yml' and 'localization/russian/gui/DI_l_russian.yml'.
[15:10:59][pdx_localize.cpp:279] [original line 937] Duplicate localization key. Key 'DI_remove_friend' is defined in both 'localization/russian/gui/DI_RUS_l_russian.yml' and 'localization/russian/gui/DI_l_russian.yml'.
[15:10:59][pdx_localize.cpp:279] [original line 938] Duplicate localization key. Key 'DI_set_rival' is defined in both 'localization/russian/gui/DI_RUS_l_russian.yml' and 'localization/russian/gui/DI_l_russian.yml'.
[15:10:59][pdx_localize.cpp:279] [original line 939] Duplicate localization key. Key 'DI_remove_rival' is defined in both 'localization/russian/gui/DI_RUS_l_russian.yml' and 'localization/russian/gui/DI_l_russian.yml'.
[15:10:59][pdx_localize.cpp:279] [original line 940] Duplicate localization key. Key 'DI_set_lover' is defined in both 'localization/russian/gui/DI_RUS_l_russian.yml' and 'localization/russian/gui/DI_l_russian.yml'.
[15:10:59][pdx_localize.cpp:279] [original line 941] Duplicate localization key. Key 'DI_remove_lover' is defined in both 'localization/russian/gui/DI_RUS_l_russian.yml' and 'localization/russian/gui/DI_l_russian.yml'.
[15:10:59][pdx_localize.cpp:279] [original line 942] Duplicate localization key. Key 'DI_set_best_friend' is defined in both 'localization/russian/gui/DI_RUS_l_russian.yml' and 'localization/russian/gui/DI_l_russian.yml'.
[15:10:59][pdx_localize.cpp:279] [original line 943] Duplicate localization key. Key 'DI_remove_best_friend' is defined in both 'localization/russian/gui/DI_RUS_l_russian.yml' and 'localization/russian/gui/DI_l_russian.yml'.
[15:10:59][pdx_localize.cpp:279] [original line 944] Duplicate localization key. Key 'DI_set_nemesis' is defined in both 'localization/russian/gui/DI_RUS_l_russian.yml' and 'localization/russian/gui/DI_l_russian.yml'.
[15:10:59][pdx_localize.cpp:279] [original line 945] Duplicate localization key. Key 'DI_remove_nemesis' is defined in both 'localization/russian/gui/DI_RUS_l_russian.yml' and 'localization/russian/gui/DI_l_russian.yml'.
[15:10:59][pdx_localize.cpp:279] [original line 946] Duplicate localization key. Key 'DI_set_soulmate' is defined in both 'localization/russian/gui/DI_RUS_l_russian.yml' and 'localization/russian/gui/DI_l_russian.yml'.
[15:10:59][pdx_localize.cpp:279] [original line 947] Duplicate localization key. Key 'DI_remove_soulmate' is defined in both 'localization/russian/gui/DI_RUS_l_russian.yml' and 'localization/russian/gui/DI_l_russian.yml'.
[15:10:59][pdx_localize.cpp:279] [original line 948] Duplicate localization key. Key 'DI_set_bully' is defined in both 'localization/russian/gui/DI_RUS_l_russian.yml' and 'localization/russian/gui/DI_l_russian.yml'.
[15:10:59][pdx_localize.cpp:279] [original line 949] Duplicate localization key. Key 'DI_remove_bully' is defined in both 'localization/russian/gui/DI_RUS_l_russian.yml' and 'localization/russian/gui/DI_l_russian.yml'.
[15:10:59][pdx_localize.cpp:279] [original line 950] Duplicate localization key. Key 'DI_set_victim' is defined in both 'localization/russian/gui/DI_RUS_l_russian.yml' and 'localization/russian/gui/DI_l_russian.yml'.
[15:10:59][pdx_localize.cpp:279] [original line 951] Duplicate localization key. Key 'DI_remove_victim' is defined in both 'localization/russian/gui/DI_RUS_l_russian.yml' and 'localization/russian/gui/DI_l_russian.yml'.
[15:10:59][pdx_localize.cpp:279] [original line 952] Duplicate localization key. Key 'DI_remove_child_interaction' is defined in both 'localization/russian/gui/DI_RUS_l_russian.yml' and 'localization/russian/gui/DI_l_russian.yml'.
[15:10:59][pdx_localize.cpp:279] [original line 953] Duplicate localization key. Key 'DI_remove_child_desc' is defined in both 'localization/russian/gui/DI_RUS_l_russian.yml' and 'localization/russian/gui/DI_l_russian.yml'.
[15:10:59][pdx_localize.cpp:279] [original line 954] Duplicate localization key. Key 'DI_toggle_menu_button_interaction' is defined in both 'localization/russian/gui/DI_RUS_l_russian.yml' and 'localization/russian/gui/DI_l_russian.yml'.
[15:10:59][pdx_localize.cpp:279] [original line 955] Duplicate localization key. Key 'DI_change_government' is defined in both 'localization/russian/gui/DI_RUS_l_russian.yml' and 'localization/russian/gui/DI_l_russian.yml'.
[15:10:59][pdx_localize.cpp:279] [original line 956] Duplicate localization key. Key 'DI_change_government_desc' is defined in both 'localization/russian/gui/DI_RUS_l_russian.yml' and 'localization/russian/gui/DI_l_russian.yml'.
[15:10:59][pdx_localize.cpp:279] [original line 957] Duplicate localization key. Key 'DI_change_government_feudal' is defined in both 'localization/russian/gui/DI_RUS_l_russian.yml' and 'localization/russian/gui/DI_l_russian.yml'.
[15:10:59][pdx_localize.cpp:279] [original line 958] Duplicate localization key. Key 'DI_change_government_clan' is defined in both 'localization/russian/gui/DI_RUS_l_russian.yml' and 'localization/russian/gui/DI_l_russian.yml'.
[15:10:59][pdx_localize.cpp:279] [original line 959] Duplicate localization key. Key 'DI_change_government_tribal' is defined in both 'localization/russian/gui/DI_RUS_l_russian.yml' and 'localization/russian/gui/DI_l_russian.yml'.
[15:10:59][pdx_localize.cpp:279] [original line 960] Duplicate localization key. Key 'DI_change_government_feudal_full' is defined in both 'localization/russian/gui/DI_RUS_l_russian.yml' and 'localization/russian/gui/DI_l_russian.yml'.
[15:10:59][pdx_localize.cpp:279] [original line 961] Duplicate localization key. Key 'DI_change_government_clan_full' is defined in both 'localization/russian/gui/DI_RUS_l_russian.yml' and 'localization/russian/gui/DI_l_russian.yml'.
[15:10:59][pdx_localize.cpp:279] [original line 962] Duplicate localization key. Key 'DI_change_government_tribal_full' is defined in both 'localization/russian/gui/DI_RUS_l_russian.yml' and 'localization/russian/gui/DI_l_russian.yml'.
[15:10:59][pdx_localize.cpp:279] [original line 963] Duplicate localization key. Key 'DI_change_government_administrative' is defined in both 'localization/russian/gui/DI_RUS_l_russian.yml' and 'localization/russian/gui/DI_l_russian.yml'.
[15:10:59][pdx_localize.cpp:279] [original line 964] Duplicate localization key. Key 'DI_change_succession' is defined in both 'localization/russian/gui/DI_RUS_l_russian.yml' and 'localization/russian/gui/DI_l_russian.yml'.
[15:10:59][pdx_localize.cpp:279] [original line 965] Duplicate localization key. Key 'DI_change_succession_desc' is defined in both 'localization/russian/gui/DI_RUS_l_russian.yml' and 'localization/russian/gui/DI_l_russian.yml'.
[15:10:59][pdx_localize.cpp:279] [original line 966] Duplicate localization key. Key 'DI_change_succession_single' is defined in both 'localization/russian/gui/DI_RUS_l_russian.yml' and 'localization/russian/gui/DI_l_russian.yml'.
[15:10:59][pdx_localize.cpp:279] [original line 967] Duplicate localization key. Key 'DI_change_succession_single_youngest' is defined in both 'localization/russian/gui/DI_RUS_l_russian.yml' and 'localization/russian/gui/DI_l_russian.yml'.
[15:10:59][pdx_localize.cpp:279] [original line 968] Duplicate localization key. Key 'DI_contraceptive_interaction' is defined in both 'localization/russian/gui/DI_RUS_l_russian.yml' and 'localization/russian/gui/DI_l_russian.yml'.
[15:10:59][pdx_localize.cpp:279] [original line 969] Duplicate localization key. Key 'DI_contraceptive_desc' is defined in both 'localization/russian/gui/DI_RUS_l_russian.yml' and 'localization/russian/gui/DI_l_russian.yml'.
[15:10:59][pdx_localize.cpp:279] [original line 970] Duplicate localization key. Key 'DI_end_pregnancy_interaction' is defined in both 'localization/russian/gui/DI_RUS_l_russian.yml' and 'localization/russian/gui/DI_l_russian.yml'.
[15:10:59][pdx_localize.cpp:279] [original line 971] Duplicate localization key. Key 'DI_end_pregnancy_desc' is defined in both 'localization/russian/gui/DI_RUS_l_russian.yml' and 'localization/russian/gui/DI_l_russian.yml'.
[15:10:59][pdx_localize.cpp:279] [original line 972] Duplicate localization key. Key 'DI_add_secrets_interaction' is defined in both 'localization/russian/gui/DI_RUS_l_russian.yml' and 'localization/russian/gui/DI_l_russian.yml'.
[15:10:59][pdx_localize.cpp:279] [original line 973] Duplicate localization key. Key 'DI_add_secrets_desc' is defined in both 'localization/russian/gui/DI_RUS_l_russian.yml' and 'localization/russian/gui/DI_l_russian.yml'.
[15:10:59][pdx_localize.cpp:279] [original line 974] Duplicate localization key. Key 'DI_remove_secrets_interaction' is defined in both 'localization/russian/gui/DI_RUS_l_russian.yml' and 'localization/russian/gui/DI_l_russian.yml'.
[15:10:59][pdx_localize.cpp:279] [original line 975] Duplicate localization key. Key 'DI_remove_secrets_desc' is defined in both 'localization/russian/gui/DI_RUS_l_russian.yml' and 'localization/russian/gui/DI_l_russian.yml'.
[15:10:59][pdx_localize.cpp:279] [original line 976] Duplicate localization key. Key 'DI_reveal_secrets_interaction' is defined in both 'localization/russian/gui/DI_RUS_l_russian.yml' and 'localization/russian/gui/DI_l_russian.yml'.
[15:10:59][pdx_localize.cpp:279] [original line 977] Duplicate localization key. Key 'DI_reveal_secrets_desc' is defined in both 'localization/russian/gui/DI_RUS_l_russian.yml' and 'localization/russian/gui/DI_l_russian.yml'.
[15:10:59][pdx_localize.cpp:279] [original line 978] Duplicate localization key. Key 'DI_start_diarchy_interaction' is defined in both 'localization/russian/gui/DI_RUS_l_russian.yml' and 'localization/russian/gui/DI_l_russian.yml'.
[15:10:59][pdx_localize.cpp:279] [original line 979] Duplicate localization key. Key 'DI_start_diarchy_desc' is defined in both 'localization/russian/gui/DI_RUS_l_russian.yml' and 'localization/russian/gui/DI_l_russian.yml'.
[15:10:59][pdx_localize.cpp:279] [original line 980] Duplicate localization key. Key 'DI_start_diarchy_player_desc' is defined in both 'localization/russian/gui/DI_RUS_l_russian.yml' and 'localization/russian/gui/DI_l_russian.yml'.
[15:10:59][pdx_localize.cpp:279] [original line 981] Duplicate localization key. Key 'DI_start_diarchy_npc_desc' is defined in both 'localization/russian/gui/DI_RUS_l_russian.yml' and 'localization/russian/gui/DI_l_russian.yml'.
[15:10:59][pdx_localize.cpp:279] [original line 982] Duplicate localization key. Key 'DI_end_diarchy_interaction' is defined in both 'localization/russian/gui/DI_RUS_l_russian.yml' and 'localization/russian/gui/DI_l_russian.yml'.
[15:10:59][pdx_localize.cpp:279] [original line 983] Duplicate localization key. Key 'DI_end_diarchy_desc' is defined in both 'localization/russian/gui/DI_RUS_l_russian.yml' and 'localization/russian/gui/DI_l_russian.yml'.
[15:10:59][pdx_localize.cpp:279] [original line 984] Duplicate localization key. Key 'DI_swing_scales_interaction' is defined in both 'localization/russian/gui/DI_RUS_l_russian.yml' and 'localization/russian/gui/DI_l_russian.yml'.
[15:10:59][pdx_localize.cpp:279] [original line 985] Duplicate localization key. Key 'DI_swing_scales_interaction_desc' is defined in both 'localization/russian/gui/DI_RUS_l_russian.yml' and 'localization/russian/gui/DI_l_russian.yml'.
[15:10:59][pdx_localize.cpp:279] [original line 986] Duplicate localization key. Key 'swing_scales_0' is defined in both 'localization/russian/gui/DI_RUS_l_russian.yml' and 'localization/russian/gui/DI_l_russian.yml'.
[15:10:59][pdx_localize.cpp:279] [original line 987] Duplicate localization key. Key 'swing_scales_50' is defined in both 'localization/russian/gui/DI_RUS_l_russian.yml' and 'localization/russian/gui/DI_l_russian.yml'.
[15:10:59][pdx_localize.cpp:279] [original line 988] Duplicate localization key. Key 'swing_scales_100' is defined in both 'localization/russian/gui/DI_RUS_l_russian.yml' and 'localization/russian/gui/DI_l_russian.yml'.
[15:10:59][pdx_localize.cpp:279] [original line 989] Duplicate localization key. Key 'DI_white_peace_all_wars' is defined in both 'localization/russian/gui/DI_RUS_l_russian.yml' and 'localization/russian/gui/DI_l_russian.yml'.
[15:10:59][pdx_localize.cpp:279] [original line 990] Duplicate localization key. Key 'DI_lose_all_wars' is defined in both 'localization/russian/gui/DI_RUS_l_russian.yml' and 'localization/russian/gui/DI_l_russian.yml'.
[15:10:59][pdx_localize.cpp:279] [original line 991] Duplicate localization key. Key 'DI_win_all_wars' is defined in both 'localization/russian/gui/DI_RUS_l_russian.yml' and 'localization/russian/gui/DI_l_russian.yml'.
[15:10:59][pdx_localize.cpp:279] [original line 992] Duplicate localization key. Key 'DI_player_win_wars' is defined in both 'localization/russian/gui/DI_RUS_l_russian.yml' and 'localization/russian/gui/DI_l_russian.yml'.
[15:10:59][pdx_localize.cpp:279] [original line 993] Duplicate localization key. Key 'DI_white_peace_player' is defined in both 'localization/russian/gui/DI_RUS_l_russian.yml' and 'localization/russian/gui/DI_l_russian.yml'.
[15:10:59][pdx_localize.cpp:279] [original line 994] Duplicate localization key. Key 'DI_vassals_white_peace' is defined in both 'localization/russian/gui/DI_RUS_l_russian.yml' and 'localization/russian/gui/DI_l_russian.yml'.
[15:10:59][pdx_localize.cpp:279] [original line 995] Duplicate localization key. Key 'DI_take_all_titles_interaction' is defined in both 'localization/russian/gui/DI_RUS_l_russian.yml' and 'localization/russian/gui/DI_l_russian.yml'.
[15:10:59][pdx_localize.cpp:279] [original line 996] Duplicate localization key. Key 'DI_take_all_titles_desc' is defined in both 'localization/russian/gui/DI_RUS_l_russian.yml' and 'localization/russian/gui/DI_l_russian.yml'.
[15:10:59][pdx_localize.cpp:279] [original line 997] Duplicate localization key. Key 'DI_end_wars_interaction' is defined in both 'localization/russian/gui/DI_RUS_l_russian.yml' and 'localization/russian/gui/DI_l_russian.yml'.
[15:10:59][pdx_localize.cpp:279] [original line 998] Duplicate localization key. Key 'DI_end_wars_desc' is defined in both 'localization/russian/gui/DI_RUS_l_russian.yml' and 'localization/russian/gui/DI_l_russian.yml'.
[15:10:59][pdx_localize.cpp:279] [original line 999] Duplicate localization key. Key 'DI_take_sub_realm_titles' is defined in both 'localization/russian/gui/DI_RUS_l_russian.yml' and 'localization/russian/gui/DI_l_russian.yml'.
[15:10:59][pdx_localize.cpp:279] [original line 1000] Duplicate localization key. Key 'DI_take_character_titles' is defined in both 'localization/russian/gui/DI_RUS_l_russian.yml' and 'localization/russian/gui/DI_l_russian.yml'.
[15:10:59][pdx_localize.cpp:279] [original line 1001] Duplicate localization key. Key 'DI_change_house_name_interaction' is defined in both 'localization/russian/gui/DI_RUS_l_russian.yml' and 'localization/russian/gui/DI_l_russian.yml'.
[15:10:59][pdx_localize.cpp:279] [original line 1002] Duplicate localization key. Key 'DI_change_house_name_desc' is defined in both 'localization/russian/gui/DI_RUS_l_russian.yml' and 'localization/russian/gui/DI_l_russian.yml'.
[15:10:59][pdx_localize.cpp:279] [original line 1003] Duplicate localization key. Key 'DI_changeHouseName.t' is defined in both 'localization/russian/gui/DI_RUS_l_russian.yml' and 'localization/russian/gui/DI_l_russian.yml'.
[15:10:59][pdx_localize.cpp:279] [original line 1004] Duplicate localization key. Key 'DI_changeHouseName.d' is defined in both 'localization/russian/gui/DI_RUS_l_russian.yml' and 'localization/russian/gui/DI_l_russian.yml'.
[15:10:59][pdx_localize.cpp:279] [original line 1005] Duplicate localization key. Key 'DI_abdicate' is defined in both 'localization/russian/gui/DI_RUS_l_russian.yml' and 'localization/russian/gui/DI_l_russian.yml'.
[15:10:59][pdx_localize.cpp:279] [original line 1006] Duplicate localization key. Key 'DI_reset_story_variables' is defined in both 'localization/russian/gui/DI_RUS_l_russian.yml' and 'localization/russian/gui/DI_l_russian.yml'.
[15:10:59][pdx_localize.cpp:279] [original line 1007] Duplicate localization key. Key 'DI_reset_story_variables_desc' is defined in both 'localization/russian/gui/DI_RUS_l_russian.yml' and 'localization/russian/gui/DI_l_russian.yml'.
[15:10:59][pdx_localize.cpp:279] [original line 1008] Duplicate localization key. Key 'DI_permanent_health' is defined in both 'localization/russian/gui/DI_RUS_l_russian.yml' and 'localization/russian/gui/DI_l_russian.yml'.
[15:10:59][pdx_localize.cpp:279] [original line 1009] Duplicate localization key. Key 'DI_permanent_health_desc' is defined in both 'localization/russian/gui/DI_RUS_l_russian.yml' and 'localization/russian/gui/DI_l_russian.yml'.
[15:10:59][pdx_localize.cpp:279] [original line 1010] Duplicate localization key. Key 'no_lifestyle_diplomacy' is defined in both 'localization/russian/gui/DI_RUS_l_russian.yml' and 'localization/russian/gui/DI_l_russian.yml'.
[15:10:59][pdx_localize.cpp:279] [original line 1011] Duplicate localization key. Key 'no_lifestyle_martial' is defined in both 'localization/russian/gui/DI_RUS_l_russian.yml' and 'localization/russian/gui/DI_l_russian.yml'.
[15:10:59][pdx_localize.cpp:279] [original line 1012] Duplicate localization key. Key 'no_lifestyle_stewardship' is defined in both 'localization/russian/gui/DI_RUS_l_russian.yml' and 'localization/russian/gui/DI_l_russian.yml'.
[15:10:59][pdx_localize.cpp:279] [original line 1013] Duplicate localization key. Key 'no_lifestyle_intrigue' is defined in both 'localization/russian/gui/DI_RUS_l_russian.yml' and 'localization/russian/gui/DI_l_russian.yml'.
[15:10:59][pdx_localize.cpp:279] [original line 1014] Duplicate localization key. Key 'no_lifestyle_learning' is defined in both 'localization/russian/gui/DI_RUS_l_russian.yml' and 'localization/russian/gui/DI_l_russian.yml'.
[15:10:59][pdx_localize.cpp:279] [original line 1015] Duplicate localization key. Key 'no_lifestyle_wandering' is defined in both 'localization/russian/gui/DI_RUS_l_russian.yml' and 'localization/russian/gui/DI_l_russian.yml'.
[15:10:59][pdx_localize.cpp:279] [original line 1016] Duplicate localization key. Key 'no_stress_change' is defined in both 'localization/russian/gui/DI_RUS_l_russian.yml' and 'localization/russian/gui/DI_l_russian.yml'.
[15:10:59][pdx_localize.cpp:279] [original line 1017] Duplicate localization key. Key 'no_tyranny_change' is defined in both 'localization/russian/gui/DI_RUS_l_russian.yml' and 'localization/russian/gui/DI_l_russian.yml'.
[15:10:59][pdx_localize.cpp:279] [original line 1018] Duplicate localization key. Key 'no_dread_change' is defined in both 'localization/russian/gui/DI_RUS_l_russian.yml' and 'localization/russian/gui/DI_l_russian.yml'.
[15:10:59][pdx_localize.cpp:279] [original line 1019] Duplicate localization key. Key 'DI_spawn_legend_interaction' is defined in both 'localization/russian/gui/DI_RUS_l_russian.yml' and 'localization/russian/gui/DI_l_russian.yml'.
[15:10:59][pdx_localize.cpp:279] [original line 1020] Duplicate localization key. Key 'DI_inspire_inspiration_interaction' is defined in both 'localization/russian/gui/DI_RUS_l_russian.yml' and 'localization/russian/gui/DI_l_russian.yml'.
[15:10:59][pdx_localize.cpp:279] [original line 1021] Duplicate localization key. Key 'DI_sponsor_inspiration_interaction' is defined in both 'localization/russian/gui/DI_RUS_l_russian.yml' and 'localization/russian/gui/DI_l_russian.yml'.
[15:10:59][pdx_localize.cpp:279] [original line 1022] Duplicate localization key. Key 'actor_secondary_DI_arrange_marriage_interaction' is defined in both 'localization/russian/gui/DI_RUS_l_russian.yml' and 'localization/russian/gui/DI_l_russian.yml'.
[15:10:59][pdx_localize.cpp:279] [original line 1023] Duplicate localization key. Key 'DI_cultural_acceptance_interaction' is defined in both 'localization/russian/gui/DI_RUS_l_russian.yml' and 'localization/russian/gui/DI_l_russian.yml'.
[15:10:59][pdx_localize.cpp:279] [original line 1024] Duplicate localization key. Key 'DI_make_independent_interaction' is defined in both 'localization/russian/gui/DI_RUS_l_russian.yml' and 'localization/russian/gui/DI_l_russian.yml'.
[15:10:59][pdx_localize.cpp:279] [original line 1025] Duplicate localization key. Key 'DI_take_hostage_interaction' is defined in both 'localization/russian/gui/DI_RUS_l_russian.yml' and 'localization/russian/gui/DI_l_russian.yml'.
[15:10:59][pdx_localize.cpp:279] [original line 1026] Duplicate localization key. Key 'DI_release_hostage_interaction' is defined in both 'localization/russian/gui/DI_RUS_l_russian.yml' and 'localization/russian/gui/DI_l_russian.yml'.
[15:10:59][pdx_localize.cpp:279] [original line 1027] Duplicate localization key. Key 'DI_make_laamp_interaction' is defined in both 'localization/russian/gui/DI_RUS_l_russian.yml' and 'localization/russian/gui/DI_l_russian.yml'.
[15:10:59][pdx_localize.cpp:279] [original line 1028] Duplicate localization key. Key 'DI_move_domicile_interaction' is defined in both 'localization/russian/gui/DI_RUS_l_russian.yml' and 'localization/russian/gui/DI_l_russian.yml'.
[15:10:59][pdx_localize.cpp:279] [original line 1029] Duplicate localization key. Key 'DI_populate_contracts_interaction' is defined in both 'localization/russian/gui/DI_RUS_l_russian.yml' and 'localization/russian/gui/DI_l_russian.yml'.
[15:10:59][pdx_localize.cpp:279] [original line 1030] Duplicate localization key. Key 'DI_infinite_schemes_interaction' is defined in both 'localization/russian/gui/DI_RUS_l_russian.yml' and 'localization/russian/gui/DI_l_russian.yml'.
[15:10:59][pdx_localize.cpp:279] [original line 1031] Duplicate localization key. Key 'DI_antagonize_court_interaction' is defined in both 'localization/russian/gui/DI_RUS_l_russian.yml' and 'localization/russian/gui/DI_l_russian.yml'.
[15:10:59][pdx_localize.cpp:279] [original line 1032] Duplicate localization key. Key 'DI_buff_schemes_interaction' is defined in both 'localization/russian/gui/DI_RUS_l_russian.yml' and 'localization/russian/gui/DI_l_russian.yml'.
[15:10:59][pdx_localize.cpp:279] [original line 1033] Duplicate localization key. Key 'used_lifetime_invasion' is defined in both 'localization/russian/gui/DI_RUS_l_russian.yml' and 'localization/russian/gui/DI_l_russian.yml'.
[15:10:59][pdx_localize.cpp:279] [original line 1034] Duplicate localization key. Key 'declared_major_religious_war_flag' is defined in both 'localization/russian/gui/DI_RUS_l_russian.yml' and 'localization/russian/gui/DI_l_russian.yml'.
[15:10:59][pdx_localize.cpp:279] [original line 1035] Duplicate localization key. Key 'DI_remove_character_flags_interaction' is defined in both 'localization/russian/gui/DI_RUS_l_russian.yml' and 'localization/russian/gui/DI_l_russian.yml'.
[15:10:59][pdx_localize.cpp:279] [original line 1036] Duplicate localization key. Key 'DI_add_character_flags_interaction' is defined in both 'localization/russian/gui/DI_RUS_l_russian.yml' and 'localization/russian/gui/DI_l_russian.yml'.
[15:10:59][pdx_localize.cpp:279] [original line 1037] Duplicate localization key. Key 'DI_take_artifact_interaction' is defined in both 'localization/russian/gui/DI_RUS_l_russian.yml' and 'localization/russian/gui/DI_l_russian.yml'.
[15:10:59][pdx_localize.cpp:279] [original line 1038] Duplicate localization key. Key 'DI_make_house_head_interaction' is defined in both 'localization/russian/gui/DI_RUS_l_russian.yml' and 'localization/russian/gui/DI_l_russian.yml'.
[15:10:59][pdx_localize.cpp:279] [original line 1039] Duplicate localization key. Key 'DI_remove_hook_interaction' is defined in both 'localization/russian/gui/DI_RUS_l_russian.yml' and 'localization/russian/gui/DI_l_russian.yml'.
[15:10:59][pdx_localize.cpp:279] [original line 1040] Duplicate localization key. Key 'DI_make_tributary_interaction' is defined in both 'localization/russian/gui/DI_RUS_l_russian.yml' and 'localization/russian/gui/DI_l_russian.yml'.
[15:10:59][pdx_localize.cpp:279] [original line 1041] Duplicate localization key. Key 'DI_change_government_extended' is defined in both 'localization/russian/gui/DI_RUS_l_russian.yml' and 'localization/russian/gui/DI_l_russian.yml'.
[15:10:59][pdx_localize.cpp:279] [original line 1042] Duplicate localization key. Key 'DI_change_government_nomad' is defined in both 'localization/russian/gui/DI_RUS_l_russian.yml' and 'localization/russian/gui/DI_l_russian.yml'.
[15:10:59][pdx_localize.cpp:279] [original line 1043] Duplicate localization key. Key 'DI_change_government_republic' is defined in both 'localization/russian/gui/DI_RUS_l_russian.yml' and 'localization/russian/gui/DI_l_russian.yml'.
[15:10:59][pdx_localize.cpp:279] [original line 1044] Duplicate localization key. Key 'DI_change_government_theocracy' is defined in both 'localization/russian/gui/DI_RUS_l_russian.yml' and 'localization/russian/gui/DI_l_russian.yml'.
[15:10:59][pdx_localize.cpp:279] [original line 1045] Duplicate localization key. Key 'DI_change_government_landless_adventurer' is defined in both 'localization/russian/gui/DI_RUS_l_russian.yml' and 'localization/russian/gui/DI_l_russian.yml'.
[15:10:59][pdx_localize.cpp:279] [original line 1046] Duplicate localization key. Key 'DI_change_government_herder' is defined in both 'localization/russian/gui/DI_RUS_l_russian.yml' and 'localization/russian/gui/DI_l_russian.yml'.
[15:10:59][pdx_localize.cpp:279] [original line 1047] Duplicate localization key. Key 'DI_change_government_celestial' is defined in both 'localization/russian/gui/DI_RUS_l_russian.yml' and 'localization/russian/gui/DI_l_russian.yml'.
[15:10:59][pdx_localize.cpp:279] [original line 1048] Duplicate localization key. Key 'DI_change_government_japan_administrative' is defined in both 'localization/russian/gui/DI_RUS_l_russian.yml' and 'localization/russian/gui/DI_l_russian.yml'.
[15:10:59][pdx_localize.cpp:279] [original line 1049] Duplicate localization key. Key 'DI_change_government_japan_feudal' is defined in both 'localization/russian/gui/DI_RUS_l_russian.yml' and 'localization/russian/gui/DI_l_russian.yml'.
[15:10:59][pdx_localize.cpp:279] [original line 1050] Duplicate localization key. Key 'DI_change_government_wanua' is defined in both 'localization/russian/gui/DI_RUS_l_russian.yml' and 'localization/russian/gui/DI_l_russian.yml'.
[15:10:59][pdx_localize.cpp:279] [original line 1051] Duplicate localization key. Key 'DI_change_government_mandala' is defined in both 'localization/russian/gui/DI_RUS_l_russian.yml' and 'localization/russian/gui/DI_l_russian.yml'.
[15:10:59][pdx_localize.cpp:279] [original line 1052] Duplicate localization key. Key 'DI_change_government_steppe_admin' is defined in both 'localization/russian/gui/DI_RUS_l_russian.yml' and 'localization/russian/gui/DI_l_russian.yml'.
[15:10:59][pdx_localize.cpp:279] [original line 1053] Duplicate localization key. Key 'DI_change_government_meritocratic' is defined in both 'localization/russian/gui/DI_RUS_l_russian.yml' and 'localization/russian/gui/DI_l_russian.yml'.
[15:10:59][pdx_localize.cpp:279] [original line 1054] Duplicate localization key. Key 'DI_sex_interaction_t' is defined in both 'localization/russian/gui/DI_RUS_l_russian.yml' and 'localization/russian/gui/DI_l_russian.yml'.
[15:10:59][pdx_localize.cpp:279] [original line 1055] Duplicate localization key. Key 'DI_cadetBranch_interaction' is defined in both 'localization/russian/gui/DI_RUS_l_russian.yml' and 'localization/russian/gui/DI_l_russian.yml'.
[15:10:59][pdx_localize.cpp:279] [original line 1056] Duplicate localization key. Key 'DI_cadetBranch_interaction_1.desc' is defined in both 'localization/russian/gui/DI_RUS_l_russian.yml' and 'localization/russian/gui/DI_l_russian.yml'.
[15:10:59][pdx_localize.cpp:279] [original line 1057] Duplicate localization key. Key 'DI_cadetBranch_event_1.t' is defined in both 'localization/russian/gui/DI_RUS_l_russian.yml' and 'localization/russian/gui/DI_l_russian.yml'.
[15:10:59][pdx_localize.cpp:279] [original line 1058] Duplicate localization key. Key 'DI_cadetBranch_event_1.desc' is defined in both 'localization/russian/gui/DI_RUS_l_russian.yml' and 'localization/russian/gui/DI_l_russian.yml'.
[15:10:59][pdx_localize.cpp:279] [original line 1059] Duplicate localization key. Key 'DI_cadetBranch_event_option.1' is defined in both 'localization/russian/gui/DI_RUS_l_russian.yml' and 'localization/russian/gui/DI_l_russian.yml'.
[15:10:59][pdx_localize.cpp:279] [original line 1060] Duplicate localization key. Key 'DI_cadetBranch_event_tooltip.1' is defined in both 'localization/russian/gui/DI_RUS_l_russian.yml' and 'localization/russian/gui/DI_l_russian.yml'.
[15:10:59][pdx_localize.cpp:279] [original line 1061] Duplicate localization key. Key 'random_secret' is defined in both 'localization/russian/gui/DI_RUS_l_russian.yml' and 'localization/russian/gui/DI_l_russian.yml'.
[15:10:59][pdx_localize.cpp:279] [original line 1062] Duplicate localization key. Key 'every_secret' is defined in both 'localization/russian/gui/DI_RUS_l_russian.yml' and 'localization/russian/gui/DI_l_russian.yml'.
[15:10:59][pdx_localize.cpp:279] [original line 1063] Duplicate localization key. Key 'DI_char_editor.1.title' is defined in both 'localization/russian/gui/DI_RUS_l_russian.yml' and 'localization/russian/gui/DI_l_russian.yml'.
[15:10:59][pdx_localize.cpp:279] [original line 1064] Duplicate localization key. Key 'DI_char_editor.1.desc' is defined in both 'localization/russian/gui/DI_RUS_l_russian.yml' and 'localization/russian/gui/DI_l_russian.yml'.
[15:10:59][pdx_localize.cpp:279] [original line 1065] Duplicate localization key. Key 'DI_char_editor.1.option' is defined in both 'localization/russian/gui/DI_RUS_l_russian.yml' and 'localization/russian/gui/DI_l_russian.yml'.
[15:10:59][pdx_localize.cpp:279] [original line 1066] Duplicate localization key. Key 'DI_default_text' is defined in both 'localization/russian/gui/DI_RUS_l_russian.yml' and 'localization/russian/gui/DI_l_russian.yml'.
[15:10:59][pdx_localize.cpp:279] [original line 1067] Duplicate localization key. Key 'artifact_return' is defined in both 'localization/russian/gui/DI_RUS_l_russian.yml' and 'localization/russian/gui/DI_l_russian.yml'.
[15:10:59][pdx_localize.cpp:279] [original line 1068] Duplicate localization key. Key 'DI_artifact_desc' is defined in both 'localization/russian/gui/DI_RUS_l_russian.yml' and 'localization/russian/gui/DI_l_russian.yml'.
[15:10:59][pdx_localize.cpp:279] [original line 1069] Duplicate localization key. Key 'DI_artifact_desc_append' is defined in both 'localization/russian/gui/DI_RUS_l_russian.yml' and 'localization/russian/gui/DI_l_russian.yml'.
[15:10:59][pdx_localize.cpp:279] [original line 1070] Duplicate localization key. Key 'DI_artifact_new_desc' is defined in both 'localization/russian/gui/DI_RUS_l_russian.yml' and 'localization/russian/gui/DI_l_russian.yml'.
[15:10:59][pdx_localize.cpp:279] [original line 1071] Duplicate localization key. Key 'DI_artifact_append_desc' is defined in both 'localization/russian/gui/DI_RUS_l_russian.yml' and 'localization/russian/gui/DI_l_russian.yml'.
[15:10:59][pdx_localize.cpp:279] [original line 1072] Duplicate localization key. Key 'DI_pregnancy_test' is defined in both 'localization/russian/gui/DI_RUS_l_russian.yml' and 'localization/russian/gui/DI_l_russian.yml'.
[15:10:59][pdx_localize.cpp:279] [original line 1073] Duplicate localization key. Key 'DI_char_editor.1' is defined in both 'localization/russian/gui/DI_RUS_l_russian.yml' and 'localization/russian/gui/DI_l_russian.yml'.
[15:10:59][pdx_localize.cpp:279] [original line 1074] Duplicate localization key. Key 'DI_test_desc' is defined in both 'localization/russian/gui/DI_RUS_l_russian.yml' and 'localization/russian/gui/DI_l_russian.yml'.
[15:10:59][pdx_localize.cpp:279] [original line 1075] Duplicate localization key. Key 'DI_custom_text' is defined in both 'localization/russian/gui/DI_RUS_l_russian.yml' and 'localization/russian/gui/DI_l_russian.yml'.
[15:10:59][pdx_localize.cpp:279] [original line 1076] Duplicate localization key. Key 'houseName' is defined in both 'localization/russian/gui/DI_RUS_l_russian.yml' and 'localization/russian/gui/DI_l_russian.yml'.
[15:10:59][pdx_localize.cpp:279] [original line 1077] Duplicate localization key. Key 'DI_get_house_name' is defined in both 'localization/russian/gui/DI_RUS_l_russian.yml' and 'localization/russian/gui/DI_l_russian.yml'.
[15:10:59][pdx_localize.cpp:279] [original line 1078] Duplicate localization key. Key 'CHEAT_ACTIONS' is defined in both 'localization/russian/gui/DI_RUS_l_russian.yml' and 'localization/russian/gui/DI_l_russian.yml'.
[15:10:59][pdx_localize.cpp:279] [original line 1079] Duplicate localization key. Key 'castle_loc' is defined in both 'localization/russian/gui/DI_RUS_l_russian.yml' and 'localization/russian/gui/DI_l_russian.yml'.
[15:10:59][pdx_localize.cpp:279] [original line 1080] Duplicate localization key. Key 'temple_loc' is defined in both 'localization/russian/gui/DI_RUS_l_russian.yml' and 'localization/russian/gui/DI_l_russian.yml'.
[15:10:59][pdx_localize.cpp:279] [original line 1081] Duplicate localization key. Key 'city_loc' is defined in both 'localization/russian/gui/DI_RUS_l_russian.yml' and 'localization/russian/gui/DI_l_russian.yml'.
[15:10:59][pdx_localize.cpp:279] [original line 1082] Duplicate localization key. Key 'tribal_loc' is defined in both 'localization/russian/gui/DI_RUS_l_russian.yml' and 'localization/russian/gui/DI_l_russian.yml'.
[15:10:59][pdx_localize.cpp:279] [original line 1083] Duplicate localization key. Key 'DI_nomad_loc' is defined in both 'localization/russian/gui/DI_RUS_l_russian.yml' and 'localization/russian/gui/DI_l_russian.yml'.
[15:10:59][pdx_localize.cpp:279] [original line 1084] Duplicate localization key. Key 'DI_herder_loc' is defined in both 'localization/russian/gui/DI_RUS_l_russian.yml' and 'localization/russian/gui/DI_l_russian.yml'.
[15:10:59][pdx_localize.cpp:279] [original line 1085] Duplicate localization key. Key 'DI_temple_citadel_loc' is defined in both 'localization/russian/gui/DI_RUS_l_russian.yml' and 'localization/russian/gui/DI_l_russian.yml'.
[15:10:59][pdx_localize.cpp:279] [original line 1086] Duplicate localization key. Key 'empty_loc' is defined in both 'localization/russian/gui/DI_RUS_l_russian.yml' and 'localization/russian/gui/DI_l_russian.yml'.
[15:10:59][pdx_localize.cpp:279] [original line 1087] Duplicate localization key. Key 'sort_rank_loc' is defined in both 'localization/russian/gui/DI_RUS_l_russian.yml' and 'localization/russian/gui/DI_l_russian.yml'.
[15:10:59][pdx_localize.cpp:279] [original line 1088] Duplicate localization key. Key 'DI_hegemony_loc' is defined in both 'localization/russian/gui/DI_RUS_l_russian.yml' and 'localization/russian/gui/DI_l_russian.yml'.
[15:10:59][pdx_localize.cpp:279] [original line 1089] Duplicate localization key. Key 'Empire_loc' is defined in both 'localization/russian/gui/DI_RUS_l_russian.yml' and 'localization/russian/gui/DI_l_russian.yml'.
[15:10:59][pdx_localize.cpp:279] [original line 1090] Duplicate localization key. Key 'Kingdom_loc' is defined in both 'localization/russian/gui/DI_RUS_l_russian.yml' and 'localization/russian/gui/DI_l_russian.yml'.
[15:10:59][pdx_localize.cpp:279] [original line 1091] Duplicate localization key. Key 'Duchy_loc' is defined in both 'localization/russian/gui/DI_RUS_l_russian.yml' and 'localization/russian/gui/DI_l_russian.yml'.
[15:10:59][pdx_localize.cpp:279] [original line 1092] Duplicate localization key. Key 'County_loc' is defined in both 'localization/russian/gui/DI_RUS_l_russian.yml' and 'localization/russian/gui/DI_l_russian.yml'.
[15:10:59][pdx_localize.cpp:279] [original line 1093] Duplicate localization key. Key 'pinned_characters_loc' is defined in both 'localization/russian/gui/DI_RUS_l_russian.yml' and 'localization/russian/gui/DI_l_russian.yml'.
[15:10:59][pdx_localize.cpp:279] [original line 1094] Duplicate localization key. Key 'unpin_selected_loc' is defined in both 'localization/russian/gui/DI_RUS_l_russian.yml' and 'localization/russian/gui/DI_l_russian.yml'.
[15:10:59][pdx_localize.cpp:279] [original line 1095] Duplicate localization key. Key 'clear_pinned_loc' is defined in both 'localization/russian/gui/DI_RUS_l_russian.yml' and 'localization/russian/gui/DI_l_russian.yml'.
[15:10:59][pdx_localize.cpp:279] [original line 1096] Duplicate localization key. Key 'DI_province_manager_filter_loc' is defined in both 'localization/russian/gui/DI_RUS_l_russian.yml' and 'localization/russian/gui/DI_l_russian.yml'.
[15:10:59][pdx_localize.cpp:279] [original line 1097] Duplicate localization key. Key 'DI_province_filter_all_loc' is defined in both 'localization/russian/gui/DI_RUS_l_russian.yml' and 'localization/russian/gui/DI_l_russian.yml'.
[15:10:59][pdx_localize.cpp:279] [original line 1098] Duplicate localization key. Key 'DI_province_filter_hide_loc' is defined in both 'localization/russian/gui/DI_RUS_l_russian.yml' and 'localization/russian/gui/DI_l_russian.yml'.
[15:10:59][pdx_localize.cpp:279] [original line 1099] Duplicate localization key. Key 'DI_province_filter_capital_loc' is defined in both 'localization/russian/gui/DI_RUS_l_russian.yml' and 'localization/russian/gui/DI_l_russian.yml'.
[15:10:59][pdx_localize.cpp:279] [original line 1100] Duplicate localization key. Key 'DI_province_filter_empty_loc' is defined in both 'localization/russian/gui/DI_RUS_l_russian.yml' and 'localization/russian/gui/DI_l_russian.yml'.
[15:10:59][pdx_localize.cpp:279] [original line 1101] Duplicate localization key. Key 'DI_category_pedestal_loc' is defined in both 'localization/russian/gui/DI_RUS_l_russian.yml' and 'localization/russian/gui/DI_l_russian.yml'.
[15:10:59][pdx_localize.cpp:279] [original line 1102] Duplicate localization key. Key 'DI_category_furniture_loc' is defined in both 'localization/russian/gui/DI_RUS_l_russian.yml' and 'localization/russian/gui/DI_l_russian.yml'.
[15:10:59][pdx_localize.cpp:279] [original line 1103] Duplicate localization key. Key 'DI_category_ornament_loc' is defined in both 'localization/russian/gui/DI_RUS_l_russian.yml' and 'localization/russian/gui/DI_l_russian.yml'.
[15:10:59][pdx_localize.cpp:279] [original line 1104] Duplicate localization key. Key 'DI_subtype_small_box_loc' is defined in both 'localization/russian/gui/DI_RUS_l_russian.yml' and 'localization/russian/gui/DI_l_russian.yml'.
[15:10:59][pdx_localize.cpp:279] [original line 1105] Duplicate localization key. Key 'DI_subtype_medium_box_loc' is defined in both 'localization/russian/gui/DI_RUS_l_russian.yml' and 'localization/russian/gui/DI_l_russian.yml'.
[15:10:59][pdx_localize.cpp:279] [original line 1106] Duplicate localization key. Key 'DI_subtype_crown_loc' is defined in both 'localization/russian/gui/DI_RUS_l_russian.yml' and 'localization/russian/gui/DI_l_russian.yml'.
[15:10:59][pdx_localize.cpp:279] [original line 1107] Duplicate localization key. Key 'DI_subtype_divan_loc' is defined in both 'localization/russian/gui/DI_RUS_l_russian.yml' and 'localization/russian/gui/DI_l_russian.yml'.
[15:10:59][pdx_localize.cpp:279] [original line 1108] Duplicate localization key. Key 'DI_subtype_table_loc' is defined in both 'localization/russian/gui/DI_RUS_l_russian.yml' and 'localization/russian/gui/DI_l_russian.yml'.
[15:10:59][pdx_localize.cpp:279] [original line 1109] Duplicate localization key. Key 'DI_subtype_small_shield_loc' is defined in both 'localization/russian/gui/DI_RUS_l_russian.yml' and 'localization/russian/gui/DI_l_russian.yml'.
[15:10:59][pdx_localize.cpp:279] [original line 1110] Duplicate localization key. Key 'DI_subtype_large_shield_loc' is defined in both 'localization/russian/gui/DI_RUS_l_russian.yml' and 'localization/russian/gui/DI_l_russian.yml'.
[15:10:59][pdx_localize.cpp:279] [original line 1111] Duplicate localization key. Key 'DI_category_alchemy_loc' is defined in both 'localization/russian/gui/DI_RUS_l_russian.yml' and 'localization/russian/gui/DI_l_russian.yml'.
[15:10:59][pdx_localize.cpp:279] [original line 1112] Duplicate localization key. Key 'DI_category_armor_loc' is defined in both 'localization/russian/gui/DI_RUS_l_russian.yml' and 'localization/russian/gui/DI_l_russian.yml'.
[15:10:59][pdx_localize.cpp:279] [original line 1113] Duplicate localization key. Key 'DI_category_book_loc' is defined in both 'localization/russian/gui/DI_RUS_l_russian.yml' and 'localization/russian/gui/DI_l_russian.yml'.
[15:10:59][pdx_localize.cpp:279] [original line 1114] Duplicate localization key. Key 'DI_category_regalia_loc' is defined in both 'localization/russian/gui/DI_RUS_l_russian.yml' and 'localization/russian/gui/DI_l_russian.yml'.
[15:10:59][pdx_localize.cpp:279] [original line 1115] Duplicate localization key. Key 'DI_category_throne_loc' is defined in both 'localization/russian/gui/DI_RUS_l_russian.yml' and 'localization/russian/gui/DI_l_russian.yml'.
[15:10:59][pdx_localize.cpp:279] [original line 1116] Duplicate localization key. Key 'DI_category_tournament_loc' is defined in both 'localization/russian/gui/DI_RUS_l_russian.yml' and 'localization/russian/gui/DI_l_russian.yml'.
[15:10:59][pdx_localize.cpp:279] [original line 1117] Duplicate localization key. Key 'DI_category_trinket_loc' is defined in both 'localization/russian/gui/DI_RUS_l_russian.yml' and 'localization/russian/gui/DI_l_russian.yml'.
[15:10:59][pdx_localize.cpp:279] [original line 1118] Duplicate localization key. Key 'DI_category_weapon_loc' is defined in both 'localization/russian/gui/DI_RUS_l_russian.yml' and 'localization/russian/gui/DI_l_russian.yml'.
[15:10:59][pdx_localize.cpp:279] [original line 1119] Duplicate localization key. Key 'DI_subtype_animal_hide_big_loc' is defined in both 'localization/russian/gui/DI_RUS_l_russian.yml' and 'localization/russian/gui/DI_l_russian.yml'.
[15:10:59][pdx_localize.cpp:279] [original line 1120] Duplicate localization key. Key 'DI_subtype_animal_hide_loc' is defined in both 'localization/russian/gui/DI_RUS_l_russian.yml' and 'localization/russian/gui/DI_l_russian.yml'.
[15:10:59][pdx_localize.cpp:279] [original line 1121] Duplicate localization key. Key 'DI_subtype_animal_skull_loc' is defined in both 'localization/russian/gui/DI_RUS_l_russian.yml' and 'localization/russian/gui/DI_l_russian.yml'.
[15:10:59][pdx_localize.cpp:279] [original line 1122] Duplicate localization key. Key 'DI_subtype_animal_trinket_loc' is defined in both 'localization/russian/gui/DI_RUS_l_russian.yml' and 'localization/russian/gui/DI_l_russian.yml'.
[15:10:59][pdx_localize.cpp:279] [original line 1123] Duplicate localization key. Key 'DI_subtype_armor_brigandine_loc' is defined in both 'localization/russian/gui/DI_RUS_l_russian.yml' and 'localization/russian/gui/DI_l_russian.yml'.
[15:10:59][pdx_localize.cpp:279] [original line 1124] Duplicate localization key. Key 'DI_subtype_armor_lamellar_loc' is defined in both 'localization/russian/gui/DI_RUS_l_russian.yml' and 'localization/russian/gui/DI_l_russian.yml'.
[15:10:59][pdx_localize.cpp:279] [original line 1125] Duplicate localization key. Key 'DI_subtype_armor_laminar_loc' is defined in both 'localization/russian/gui/DI_RUS_l_russian.yml' and 'localization/russian/gui/DI_l_russian.yml'.
[15:10:59][pdx_localize.cpp:279] [original line 1126] Duplicate localization key. Key 'DI_subtype_armor_mail_loc' is defined in both 'localization/russian/gui/DI_RUS_l_russian.yml' and 'localization/russian/gui/DI_l_russian.yml'.
[15:10:59][pdx_localize.cpp:279] [original line 1127] Duplicate localization key. Key 'DI_subtype_armor_plate_loc' is defined in both 'localization/russian/gui/DI_RUS_l_russian.yml' and 'localization/russian/gui/DI_l_russian.yml'.
[15:10:59][pdx_localize.cpp:279] [original line 1128] Duplicate localization key. Key 'DI_subtype_armor_scale_loc' is defined in both 'localization/russian/gui/DI_RUS_l_russian.yml' and 'localization/russian/gui/DI_l_russian.yml'.
[15:10:59][pdx_localize.cpp:279] [original line 1129] Duplicate localization key. Key 'DI_subtype_axe_loc' is defined in both 'localization/russian/gui/DI_RUS_l_russian.yml' and 'localization/russian/gui/DI_l_russian.yml'.
[15:10:59][pdx_localize.cpp:279] [original line 1130] Duplicate localization key. Key 'DI_subtype_bird_feather_loc' is defined in both 'localization/russian/gui/DI_RUS_l_russian.yml' and 'localization/russian/gui/DI_l_russian.yml'.
[15:10:59][pdx_localize.cpp:279] [original line 1131] Duplicate localization key. Key 'DI_subtype_book_loc' is defined in both 'localization/russian/gui/DI_RUS_l_russian.yml' and 'localization/russian/gui/DI_l_russian.yml'.
[15:10:59][pdx_localize.cpp:279] [original line 1132] Duplicate localization key. Key 'DI_subtype_bow_loc' is defined in both 'localization/russian/gui/DI_RUS_l_russian.yml' and 'localization/russian/gui/DI_l_russian.yml'.
[15:10:59][pdx_localize.cpp:279] [original line 1133] Duplicate localization key. Key 'DI_subtype_bowl_loc' is defined in both 'localization/russian/gui/DI_RUS_l_russian.yml' and 'localization/russian/gui/DI_l_russian.yml'.
[15:10:59][pdx_localize.cpp:279] [original line 1134] Duplicate localization key. Key 'DI_subtype_box_loc' is defined in both 'localization/russian/gui/DI_RUS_l_russian.yml' and 'localization/russian/gui/DI_l_russian.yml'.
[15:10:59][pdx_localize.cpp:279] [original line 1135] Duplicate localization key. Key 'DI_subtype_brooch_loc' is defined in both 'localization/russian/gui/DI_RUS_l_russian.yml' and 'localization/russian/gui/DI_l_russian.yml'.
[15:10:59][pdx_localize.cpp:279] [original line 1136] Duplicate localization key. Key 'DI_subtype_brooch_pedestal_loc' is defined in both 'localization/russian/gui/DI_RUS_l_russian.yml' and 'localization/russian/gui/DI_l_russian.yml'.
[15:10:59][pdx_localize.cpp:279] [original line 1137] Duplicate localization key. Key 'DI_subtype_cabinet_loc' is defined in both 'localization/russian/gui/DI_RUS_l_russian.yml' and 'localization/russian/gui/DI_l_russian.yml'.
[15:10:59][pdx_localize.cpp:279] [original line 1138] Duplicate localization key. Key 'DI_subtype_chest_loc' is defined in both 'localization/russian/gui/DI_RUS_l_russian.yml' and 'localization/russian/gui/DI_l_russian.yml'.
[15:10:59][pdx_localize.cpp:279] [original line 1139] Duplicate localization key. Key 'DI_subtype_chronicle_loc' is defined in both 'localization/russian/gui/DI_RUS_l_russian.yml' and 'localization/russian/gui/DI_l_russian.yml'.
[15:10:59][pdx_localize.cpp:279] [original line 1140] Duplicate localization key. Key 'DI_subtype_composite_loc' is defined in both 'localization/russian/gui/DI_RUS_l_russian.yml' and 'localization/russian/gui/DI_l_russian.yml'.
[15:10:59][pdx_localize.cpp:279] [original line 1141] Duplicate localization key. Key 'DI_subtype_crossbow_loc' is defined in both 'localization/russian/gui/DI_RUS_l_russian.yml' and 'localization/russian/gui/DI_l_russian.yml'.
[15:10:59][pdx_localize.cpp:279] [original line 1142] Duplicate localization key. Key 'DI_subtype_dagger_loc' is defined in both 'localization/russian/gui/DI_RUS_l_russian.yml' and 'localization/russian/gui/DI_l_russian.yml'.
[15:10:59][pdx_localize.cpp:279] [original line 1143] Duplicate localization key. Key 'DI_subtype_elixir_loc' is defined in both 'localization/russian/gui/DI_RUS_l_russian.yml' and 'localization/russian/gui/DI_l_russian.yml'.
[15:10:59][pdx_localize.cpp:279] [original line 1144] Duplicate localization key. Key 'DI_subtype_goblet_loc' is defined in both 'localization/russian/gui/DI_RUS_l_russian.yml' and 'localization/russian/gui/DI_l_russian.yml'.
[15:10:59][pdx_localize.cpp:279] [original line 1145] Duplicate localization key. Key 'DI_subtype_hammer_loc' is defined in both 'localization/russian/gui/DI_RUS_l_russian.yml' and 'localization/russian/gui/DI_l_russian.yml'.
[15:10:59][pdx_localize.cpp:279] [original line 1146] Duplicate localization key. Key 'DI_subtype_helmet_loc' is defined in both 'localization/russian/gui/DI_RUS_l_russian.yml' and 'localization/russian/gui/DI_l_russian.yml'.
[15:10:59][pdx_localize.cpp:279] [original line 1147] Duplicate localization key. Key 'DI_subtype_helmet_simple_loc' is defined in both 'localization/russian/gui/DI_RUS_l_russian.yml' and 'localization/russian/gui/DI_l_russian.yml'.
[15:10:59][pdx_localize.cpp:279] [original line 1148] Duplicate localization key. Key 'DI_subtype_journal_loc' is defined in both 'localization/russian/gui/DI_RUS_l_russian.yml' and 'localization/russian/gui/DI_l_russian.yml'.
[15:10:59][pdx_localize.cpp:279] [original line 1149] Duplicate localization key. Key 'DI_subtype_jug_loc' is defined in both 'localization/russian/gui/DI_RUS_l_russian.yml' and 'localization/russian/gui/DI_l_russian.yml'.
[15:10:59][pdx_localize.cpp:279] [original line 1150] Duplicate localization key. Key 'DI_subtype_longbow_loc' is defined in both 'localization/russian/gui/DI_RUS_l_russian.yml' and 'localization/russian/gui/DI_l_russian.yml'.
[15:10:59][pdx_localize.cpp:279] [original line 1151] Duplicate localization key. Key 'DI_subtype_mace_loc' is defined in both 'localization/russian/gui/DI_RUS_l_russian.yml' and 'localization/russian/gui/DI_l_russian.yml'.
[15:10:59][pdx_localize.cpp:279] [original line 1152] Duplicate localization key. Key 'DI_subtype_miscellaneous_loc' is defined in both 'localization/russian/gui/DI_RUS_l_russian.yml' and 'localization/russian/gui/DI_l_russian.yml'.
[15:10:59][pdx_localize.cpp:279] [original line 1153] Duplicate localization key. Key 'DI_subtype_miscellaneous_when_not_court_loc' is defined in both 'localization/russian/gui/DI_RUS_l_russian.yml' and 'localization/russian/gui/DI_l_russian.yml'.
[15:10:59][pdx_localize.cpp:279] [original line 1154] Duplicate localization key. Key 'DI_subtype_necklace_loc' is defined in both 'localization/russian/gui/DI_RUS_l_russian.yml' and 'localization/russian/gui/DI_l_russian.yml'.
[15:10:59][pdx_localize.cpp:279] [original line 1155] Duplicate localization key. Key 'DI_subtype_necklace_pedestal_loc' is defined in both 'localization/russian/gui/DI_RUS_l_russian.yml' and 'localization/russian/gui/DI_l_russian.yml'.
[15:10:59][pdx_localize.cpp:279] [original line 1156] Duplicate localization key. Key 'DI_subtype_panacea_loc' is defined in both 'localization/russian/gui/DI_RUS_l_russian.yml' and 'localization/russian/gui/DI_l_russian.yml'.
[15:10:59][pdx_localize.cpp:279] [original line 1157] Duplicate localization key. Key 'DI_subtype_pas_darmes_spurs_loc' is defined in both 'localization/russian/gui/DI_RUS_l_russian.yml' and 'localization/russian/gui/DI_l_russian.yml'.
[15:10:59][pdx_localize.cpp:279] [original line 1158] Duplicate localization key. Key 'DI_subtype_pas_darmes_token_loc' is defined in both 'localization/russian/gui/DI_RUS_l_russian.yml' and 'localization/russian/gui/DI_l_russian.yml'.
[15:10:59][pdx_localize.cpp:279] [original line 1159] Duplicate localization key. Key 'DI_subtype_pedestal_loc' is defined in both 'localization/russian/gui/DI_RUS_l_russian.yml' and 'localization/russian/gui/DI_l_russian.yml'.
[15:10:59][pdx_localize.cpp:279] [original line 1160] Duplicate localization key. Key 'DI_subtype_philosophers_stone_loc' is defined in both 'localization/russian/gui/DI_RUS_l_russian.yml' and 'localization/russian/gui/DI_l_russian.yml'.
[15:10:59][pdx_localize.cpp:279] [original line 1161] Duplicate localization key. Key 'DI_subtype_plate_loc' is defined in both 'localization/russian/gui/DI_RUS_l_russian.yml' and 'localization/russian/gui/DI_l_russian.yml'.
[15:10:59][pdx_localize.cpp:279] [original line 1162] Duplicate localization key. Key 'DI_subtype_regalia_loc' is defined in both 'localization/russian/gui/DI_RUS_l_russian.yml' and 'localization/russian/gui/DI_l_russian.yml'.
[15:10:59][pdx_localize.cpp:279] [original line 1163] Duplicate localization key. Key 'DI_subtype_regalia_simple_loc' is defined in both 'localization/russian/gui/DI_RUS_l_russian.yml' and 'localization/russian/gui/DI_l_russian.yml'.
[15:10:59][pdx_localize.cpp:279] [original line 1164] Duplicate localization key. Key 'DI_subtype_ring_loc' is defined in both 'localization/russian/gui/DI_RUS_l_russian.yml' and 'localization/russian/gui/DI_l_russian.yml'.
[15:10:59][pdx_localize.cpp:279] [original line 1165] Duplicate localization key. Key 'DI_subtype_scepter_pedestal_loc' is defined in both 'localization/russian/gui/DI_RUS_l_russian.yml' and 'localization/russian/gui/DI_l_russian.yml'.
[15:10:59][pdx_localize.cpp:279] [original line 1166] Duplicate localization key. Key 'DI_subtype_scientific_apparatus_loc' is defined in both 'localization/russian/gui/DI_RUS_l_russian.yml' and 'localization/russian/gui/DI_l_russian.yml'.
[15:10:59][pdx_localize.cpp:279] [original line 1167] Duplicate localization key. Key 'DI_subtype_sculpture_loc' is defined in both 'localization/russian/gui/DI_RUS_l_russian.yml' and 'localization/russian/gui/DI_l_russian.yml'.
[15:10:59][pdx_localize.cpp:279] [original line 1168] Duplicate localization key. Key 'DI_subtype_seal_of_investiture_court_loc' is defined in both 'localization/russian/gui/DI_RUS_l_russian.yml' and 'localization/russian/gui/DI_l_russian.yml'.
[15:10:59][pdx_localize.cpp:279] [original line 1169] Duplicate localization key. Key 'DI_subtype_seal_of_investiture_loc' is defined in both 'localization/russian/gui/DI_RUS_l_russian.yml' and 'localization/russian/gui/DI_l_russian.yml'.
[15:10:59][pdx_localize.cpp:279] [original line 1170] Duplicate localization key. Key 'DI_subtype_spear_loc' is defined in both 'localization/russian/gui/DI_RUS_l_russian.yml' and 'localization/russian/gui/DI_l_russian.yml'.
[15:10:59][pdx_localize.cpp:279] [original line 1171] Duplicate localization key. Key 'DI_subtype_sword_loc' is defined in both 'localization/russian/gui/DI_RUS_l_russian.yml' and 'localization/russian/gui/DI_l_russian.yml'.
[15:10:59][pdx_localize.cpp:279] [original line 1172] Duplicate localization key. Key 'DI_subtype_tapestry_loc' is defined in both 'localization/russian/gui/DI_RUS_l_russian.yml' and 'localization/russian/gui/DI_l_russian.yml'.
[15:10:59][pdx_localize.cpp:279] [original line 1173] Duplicate localization key. Key 'DI_subtype_throne_loc' is defined in both 'localization/russian/gui/DI_RUS_l_russian.yml' and 'localization/russian/gui/DI_l_russian.yml'.
[15:10:59][pdx_localize.cpp:279] [original line 1174] Duplicate localization key. Key 'DI_subtype_throne_special_loc' is defined in both 'localization/russian/gui/DI_RUS_l_russian.yml' and 'localization/russian/gui/DI_l_russian.yml'.
[15:10:59][pdx_localize.cpp:279] [original line 1175] Duplicate localization key. Key 'DI_subtype_tournament_favor_loc' is defined in both 'localization/russian/gui/DI_RUS_l_russian.yml' and 'localization/russian/gui/DI_l_russian.yml'.
[15:10:59][pdx_localize.cpp:279] [original line 1176] Duplicate localization key. Key 'DI_subtype_tun_barrel_loc' is defined in both 'localization/russian/gui/DI_RUS_l_russian.yml' and 'localization/russian/gui/DI_l_russian.yml'.
[15:10:59][pdx_localize.cpp:279] [original line 1177] Duplicate localization key. Key 'DI_subtype_urn_loc' is defined in both 'localization/russian/gui/DI_RUS_l_russian.yml' and 'localization/russian/gui/DI_l_russian.yml'.
[15:10:59][pdx_localize.cpp:279] [original line 1178] Duplicate localization key. Key 'DI_subtype_wall_big_loc' is defined in both 'localization/russian/gui/DI_RUS_l_russian.yml' and 'localization/russian/gui/DI_l_russian.yml'.
[15:10:59][pdx_localize.cpp:279] [original line 1179] Duplicate localization key. Key 'DI_subtype_wall_icon_court_large_loc' is defined in both 'localization/russian/gui/DI_RUS_l_russian.yml' and 'localization/russian/gui/DI_l_russian.yml'.
[15:10:59][pdx_localize.cpp:279] [original line 1180] Duplicate localization key. Key 'DI_subtype_wall_icon_court_small_loc' is defined in both 'localization/russian/gui/DI_RUS_l_russian.yml' and 'localization/russian/gui/DI_l_russian.yml'.
[15:10:59][pdx_localize.cpp:279] [original line 1181] Duplicate localization key. Key 'DI_subtype_wall_shield_loc' is defined in both 'localization/russian/gui/DI_RUS_l_russian.yml' and 'localization/russian/gui/DI_l_russian.yml'.
[15:10:59][pdx_localize.cpp:279] [original line 1182] Duplicate localization key. Key 'DI_subtype_wall_shield_special_loc' is defined in both 'localization/russian/gui/DI_RUS_l_russian.yml' and 'localization/russian/gui/DI_l_russian.yml'.
[15:10:59][pdx_localize.cpp:279] [original line 1183] Duplicate localization key. Key 'DI_subtype_wall_small_loc' is defined in both 'localization/russian/gui/DI_RUS_l_russian.yml' and 'localization/russian/gui/DI_l_russian.yml'.
[15:10:59][pdx_localize.cpp:279] [original line 1184] Duplicate localization key. Key 'CHARACTER_IN_LOCATION_MISSING' is defined in both 'localization/russian/agot/gui/agot_common_l_russian.yml' and 'localization/russian/gui/asoiaf_character_window_l_russian.yml'.
[15:10:59][pdx_localize.cpp:279] [original line 1185] Duplicate localization key. Key 'DRAGON_PREFIX' is defined in both 'localization/russian/valyrian_modifiers_l_russian.yml' and 'localization/russian/modifiers/valyrian_modifiers_l_russian.yml'.
[15:10:59][pdx_localize.cpp:279] [original line 1186] Duplicate localization key. Key 'scheme_dragon_horn' is defined in both 'localization/russian/valyrian_modifiers_l_russian.yml' and 'localization/russian/modifiers/valyrian_modifiers_l_russian.yml'.
[15:10:59][pdx_localize.cpp:279] [original line 1187] Duplicate localization key. Key 'scheme_dragon_whip' is defined in both 'localization/russian/valyrian_modifiers_l_russian.yml' and 'localization/russian/modifiers/valyrian_modifiers_l_russian.yml'.
[15:10:59][pdx_localize.cpp:279] [original line 1188] Duplicate localization key. Key 'scheme_valyrian_book' is defined in both 'localization/russian/valyrian_modifiers_l_russian.yml' and 'localization/russian/modifiers/valyrian_modifiers_l_russian.yml'.
[15:10:59][pdx_localize.cpp:279] [original line 1189] Duplicate localization key. Key 'scheme_dragon_horn_enchanted' is defined in both 'localization/russian/valyrian_modifiers_l_russian.yml' and 'localization/russian/modifiers/valyrian_modifiers_l_russian.yml'.
[15:10:59][pdx_localize.cpp:279] [original line 1190] Duplicate localization key. Key 'artifact_dragon_bond_enchanted' is defined in both 'localization/russian/valyrian_modifiers_l_russian.yml' and 'localization/russian/modifiers/valyrian_modifiers_l_russian.yml'.
[15:10:59][pdx_localize.cpp:279] [original line 1191] Duplicate localization key. Key 'artifact_health_penalty_4_modifier' is defined in both 'localization/russian/valyrian_modifiers_l_russian.yml' and 'localization/russian/modifiers/valyrian_modifiers_l_russian.yml'.