[17:48:34][dlc_descriptor.cpp:70] [original line 1] Invalid supported_version in file: mod/ugc_2261468688.mod line: 6
[17:49:51][pdxassetutil.cpp:1009] [original line 1192] Duplicate texture 'ep3_patras_castle_01_a_unique.dds' found (current path 'gfx/models/buildings/special/high_hermitage/ep3_patras_castle_01_a_unique.dds', previous path 'gfx/models/buildings/special/ep3_patras_castle_01_a/ep3_patras_castle_01_a_unique.dds')
[17:49:51][pdxassetutil.cpp:1009] [original line 1193] Duplicate texture 'ep3_patras_castle_ground_diffuse.dds' found (current path 'gfx/models/buildings/special/high_hermitage/ep3_patras_castle_ground_diffuse.dds', previous path 'gfx/models/buildings/special/ep3_patras_castle_01_a/ep3_patras_castle_ground_diffuse.dds')
[17:49:51][pdxassetutil.cpp:1009] [original line 1194] Duplicate texture 'ep3_patras_castle_ground_normal.dds' found (current path 'gfx/models/buildings/special/high_hermitage/ep3_patras_castle_ground_normal.dds', previous path 'gfx/models/buildings/special/ep3_patras_castle_01_a/ep3_patras_castle_ground_normal.dds')
[17:49:51][pdxassetutil.cpp:1009] [original line 1195] Duplicate texture 'ep3_patras_castle_ground_properties.dds' found (current path 'gfx/models/buildings/special/high_hermitage/ep3_patras_castle_ground_properties.dds', previous path 'gfx/models/buildings/special/ep3_patras_castle_01_a/ep3_patras_castle_ground_properties.dds')
[17:49:51][pdxassetutil.cpp:1009] [original line 1196] Duplicate texture 'ethiopian_atlas_diffuse.dds' found (current path 'gfx/models/buildings/special/Karhold/ethiopian_atlas_diffuse.dds', previous path 'gfx/models/buildings/holdings/atlas/ethiopian/ethiopian_atlas_diffuse.dds')
[17:49:51][pdxassetutil.cpp:1009] [original line 1197] Duplicate texture 'ethiopian_atlas_diffuse.dds' found (current path 'gfx/models/buildings/special/Runestone/ethiopian_atlas_diffuse.dds', previous path 'gfx/models/buildings/holdings/atlas/ethiopian/ethiopian_atlas_diffuse.dds')
[17:49:51][pdxassetutil.cpp:1009] [original line 1198] Duplicate texture 'ethiopian_atlas_normal.dds' found (current path 'gfx/models/buildings/special/Karhold/ethiopian_atlas_normal.dds', previous path 'gfx/models/buildings/holdings/atlas/ethiopian/ethiopian_atlas_normal.dds')
[17:49:51][pdxassetutil.cpp:1009] [original line 1199] Duplicate texture 'ethiopian_atlas_normal.dds' found (current path 'gfx/models/buildings/special/Runestone/ethiopian_atlas_normal.dds', previous path 'gfx/models/buildings/holdings/atlas/ethiopian/ethiopian_atlas_normal.dds')
[17:49:51][pdxassetutil.cpp:1009] [original line 1200] Duplicate texture 'ethiopian_atlas_properties.dds' found (current path 'gfx/models/buildings/special/Karhold/ethiopian_atlas_properties.dds', previous path 'gfx/models/buildings/holdings/atlas/ethiopian/ethiopian_atlas_properties.dds')
[17:49:51][pdxassetutil.cpp:1009] [original line 1201] Duplicate texture 'ethiopian_atlas_properties.dds' found (current path 'gfx/models/buildings/special/Runestone/ethiopian_atlas_properties.dds', previous path 'gfx/models/buildings/holdings/atlas/ethiopian/ethiopian_atlas_properties.dds')
[17:49:54][pdxassetutil.cpp:556] [original line 1202] UV-Set: 1 in mesh 'crag_crenelation' in file 'gfx/models/buildings/special/crag/crag.mesh' has no valid triangle to use when calculating texture streaming factor. Texture streaming needs a triangle with an area.
[17:49:54][pdxassetutil.cpp:556] [original line 1203] UV-Set: 1 in mesh 'gold_ball' in file 'gfx/models/buildings/special/cow_blackhaven/cow_blackhaven.mesh' has no valid triangle to use when calculating texture streaming factor. Texture streaming needs a triangle with an area.
[17:49:54][pdxassetutil.cpp:556] [original line 1204] UV-Set: 1 in mesh 'crag_stone_ground' in file 'gfx/models/buildings/special/cow_blackhaven/cow_blackhaven.mesh' has no valid triangle to use when calculating texture streaming factor. Texture streaming needs a triangle with an area.
[17:49:54][pdxassetutil.cpp:1763] [original line 1205] pdxmesh [cow_blackhaven_mesh] is out of sync with its meshsettings. [blackhaven_rockShape] is not in use in file: gfx/models/buildings/special/cow_blackhaven/cow_blackhaven.mesh
[17:49:54][pdxassetutil.cpp:1763] [original line 1206] pdxmesh [crag_mesh] is out of sync with its meshsettings. [lannisport_dgShape] is not in use in file: gfx/models/buildings/special/crag/crag.mesh
[17:49:54][pdxassetutil.cpp:1763] [original line 1207] pdxmesh [crag_mesh] is out of sync with its meshsettings. [lannisport_lkShape] is not in use in file: gfx/models/buildings/special/crag/crag.mesh
[17:49:54][pdxassetutil.cpp:1763] [original line 1208] pdxmesh [crag_mesh] is out of sync with its meshsettings. [lannisport_lpShape] is not in use in file: gfx/models/buildings/special/crag/crag.mesh
[17:49:55][pdxassetutil.cpp:1763] [original line 1209] pdxmesh [building_special_lonely_light_04] is out of sync with its meshsettings. [dock_tower_wood] is not in use in file: gfx/models/buildings/special/Lonely Light/building_special_lonely_light_04.mesh
[17:49:56][pdxassetutil.cpp:1763] [original line 1210] pdxmesh [starpike_mesh] is out of sync with its meshsettings. [starpike_ground] is not in use in file: gfx/models/buildings/special/starpike/starpike.mesh
[17:49:56][pdxassetutil.cpp:1763] [original line 1211] pdxmesh [starpike_mesh] is out of sync with its meshsettings. [starpike_lower] is not in use in file: gfx/models/buildings/special/starpike/starpike.mesh
[17:49:56][pdxassetutil.cpp:1763] [original line 1212] pdxmesh [high_hermitage_mesh] is out of sync with its meshsettings. [ep3_basilica_sant_apollinare_nuovo_decalShape] is not in use in file: gfx/models/buildings/special/high_hermitage/high_hermitage.mesh
[17:49:56][pdxassetutil.cpp:556] [original line 1213] UV-Set: 1 in mesh 'pole_town' in file 'gfx/models/buildings/special/planky town/planky_town.mesh' has no valid triangle to use when calculating texture streaming factor. Texture streaming needs a triangle with an area.
[17:49:57][pdxassetutil.cpp:556] [original line 1214] UV-Set: 1 in mesh 'rooksrest_stone_ground' in file 'gfx/models/buildings/special/rooksrest/rooksrest.mesh' has no valid triangle to use when calculating texture streaming factor. Texture streaming needs a triangle with an area.
[17:49:57][pdxassetutil.cpp:556] [original line 1215] UV-Set: 0 in mesh 'lift' in file 'gfx/models/buildings/special/castamere/24castamere_3.mesh' has no valid triangle to use when calculating texture streaming factor. Texture streaming needs a triangle with an area.
[17:49:57][pdxassetutil.cpp:1053] [original line 1216] Failed to find texture 'building_backup_atlas_properties.dds'
[17:49:57][virtualfilesystem.cpp:456] [original line 1217] Could not find texture due to 'VFSOpen Error: gfx/models/buildings/special/castamere/building_backup_atlas_properties.dds not found'
[17:49:57][pdxassetutil.cpp:1053] [original line 1218] Failed to find texture 'building_backup_atlas_normal.dds'
[17:49:57][virtualfilesystem.cpp:456] [original line 1219] Could not find texture due to 'VFSOpen Error: gfx/models/buildings/special/castamere/building_backup_atlas_normal.dds not found'
[17:49:57][pdxassetutil.cpp:556] [original line 1220] UV-Set: 0 in mesh 'pallet' in file 'gfx/models/buildings/special/castamere/24castamere_3.mesh' has no valid triangle to use when calculating texture streaming factor. Texture streaming needs a triangle with an area.
[17:49:57][pdxassetutil.cpp:1053] [original line 1221] Failed to find texture 'building_backup_atlas_properties.dds'
[17:49:57][virtualfilesystem.cpp:456] [original line 1222] Could not find texture due to 'VFSOpen Error: gfx/models/buildings/special/castamere/building_backup_atlas_properties.dds not found'
[17:49:57][pdxassetutil.cpp:1053] [original line 1223] Failed to find texture 'building_backup_atlas_normal.dds'
[17:49:57][virtualfilesystem.cpp:456] [original line 1224] Could not find texture due to 'VFSOpen Error: gfx/models/buildings/special/castamere/building_backup_atlas_normal.dds not found'
[17:49:58][pdxassetutil.cpp:556] [original line 1225] UV-Set: 1 in mesh 'ashemark_stone_ground' in file 'gfx/models/buildings/special/ashemark/ashemark.mesh' has no valid triangle to use when calculating texture streaming factor. Texture streaming needs a triangle with an area.
[17:49:58][pdxassetutil.cpp:1763] [original line 1226] pdxmesh [building_palestone_sword_01_mesh] is out of sync with its meshsettings. [casterlyrock_rockShape] is not in use in file: gfx/models/buildings/special/palestone_sword/building_palestone_sword_01.mesh
[17:49:58][pdxassetutil.cpp:556] [original line 1227] UV-Set: 1 in mesh 'lannisport_dgShape' in file 'gfx/models/buildings/special/fanghill/fanghill.mesh' has no valid triangle to use when calculating texture streaming factor. Texture streaming needs a triangle with an area.
[17:49:59][pdxassetutil.cpp:556] [original line 1228] UV-Set: 0 in mesh 'lift' in file 'gfx/models/buildings/special/castamere/24castamere_2.mesh' has no valid triangle to use when calculating texture streaming factor. Texture streaming needs a triangle with an area.
[17:49:59][pdxassetutil.cpp:1053] [original line 1229] Failed to find texture 'building_backup_atlas_properties.dds'
[17:49:59][virtualfilesystem.cpp:456] [original line 1230] Could not find texture due to 'VFSOpen Error: gfx/models/buildings/special/castamere/building_backup_atlas_properties.dds not found'
[17:49:59][pdxassetutil.cpp:1053] [original line 1231] Failed to find texture 'building_backup_atlas_normal.dds'
[17:49:59][virtualfilesystem.cpp:456] [original line 1232] Could not find texture due to 'VFSOpen Error: gfx/models/buildings/special/castamere/building_backup_atlas_normal.dds not found'
[17:49:59][pdxassetutil.cpp:556] [original line 1233] UV-Set: 0 in mesh 'pallet' in file 'gfx/models/buildings/special/castamere/24castamere_2.mesh' has no valid triangle to use when calculating texture streaming factor. Texture streaming needs a triangle with an area.
[17:49:59][pdxassetutil.cpp:1053] [original line 1234] Failed to find texture 'building_backup_atlas_properties.dds'
[17:49:59][virtualfilesystem.cpp:456] [original line 1235] Could not find texture due to 'VFSOpen Error: gfx/models/buildings/special/castamere/building_backup_atlas_properties.dds not found'
[17:49:59][pdxassetutil.cpp:1053] [original line 1236] Failed to find texture 'building_backup_atlas_normal.dds'
[17:49:59][virtualfilesystem.cpp:456] [original line 1237] Could not find texture due to 'VFSOpen Error: gfx/models/buildings/special/castamere/building_backup_atlas_normal.dds not found'
[17:49:59][pdxassetutil.cpp:556] [original line 1238] UV-Set: 1 in mesh 'crag_upper' in file 'gfx/models/buildings/special/crag/crag_level_2.mesh' has no valid triangle to use when calculating texture streaming factor. Texture streaming needs a triangle with an area.
[17:49:59][pdxassetutil.cpp:556] [original line 1239] UV-Set: 1 in mesh 'crag_upper' in file 'gfx/models/buildings/special/crag/crag_level_2.mesh' has no valid triangle to use when calculating texture streaming factor. Texture streaming needs a triangle with an area.
[17:49:59][pdxassetutil.cpp:556] [original line 1240] UV-Set: 1 in mesh 'crag_stone_ground' in file 'gfx/models/buildings/special/crag/crag_level_2.mesh' has no valid triangle to use when calculating texture streaming factor. Texture streaming needs a triangle with an area.
[17:49:59][pdxassetutil.cpp:1763] [original line 1241] pdxmesh [crag_level_2_mesh] is out of sync with its meshsettings. [lannisport_dgShape] is not in use in file: gfx/models/buildings/special/crag/crag_level_2.mesh
[17:49:59][pdxassetutil.cpp:1763] [original line 1242] pdxmesh [crag_level_2_mesh] is out of sync with its meshsettings. [lannisport_lkShape] is not in use in file: gfx/models/buildings/special/crag/crag_level_2.mesh
[17:49:59][pdxassetutil.cpp:1763] [original line 1243] pdxmesh [crag_level_2_mesh] is out of sync with its meshsettings. [lannisport_lpShape] is not in use in file: gfx/models/buildings/special/crag/crag_level_2.mesh
[17:50:00][pdxassetutil.cpp:1763] [original line 1244] pdxmesh [building_special_sisterton_mesh] is out of sync with its meshsettings. [sisteron_rough_walls] is not in use in file: gfx/models/buildings/special/sisterton/building_special_sisterton.mesh
[17:50:00][pdxassetutil.cpp:556] [original line 1245] UV-Set: 0 in mesh 'building_griffin_roost_castle' in file 'gfx/models/buildings/special/griffins roost/building_special_griffins_roost.mesh' has no valid triangle to use when calculating texture streaming factor. Texture streaming needs a triangle with an area.
[17:50:00][pdxassetutil.cpp:556] [original line 1246] UV-Set: 0 in mesh 'griffin_roost_roof' in file 'gfx/models/buildings/special/griffins roost/building_special_griffins_roost.mesh' has no valid triangle to use when calculating texture streaming factor. Texture streaming needs a triangle with an area.
[17:50:00][pdxassetutil.cpp:556] [original line 1247] UV-Set: 1 in mesh 'rooksrest_stone_ground' in file 'gfx/models/buildings/special/rooksrest/rooksrest2.mesh' has no valid triangle to use when calculating texture streaming factor. Texture streaming needs a triangle with an area.
[17:50:00][pdxassetutil.cpp:556] [original line 1248] UV-Set: 1 in mesh 'rooksrest_stone' in file 'gfx/models/buildings/special/rooksrest/rooksrest2.mesh' has no valid triangle to use when calculating texture streaming factor. Texture streaming needs a triangle with an area.
[17:50:00][pdxassetutil.cpp:1763] [original line 1249] pdxmesh [lordsport_mesh] is out of sync with its meshsettings. [iron] is not in use in file: gfx/models/buildings/special/lordsport/lordsport.mesh
[17:50:00][pdxassetutil.cpp:1763] [original line 1250] pdxmesh [lordsport_mesh] is out of sync with its meshsettings. [lordsport_stone_ground] is not in use in file: gfx/models/buildings/special/lordsport/lordsport.mesh
[17:50:01][pdxassetutil.cpp:1763] [original line 1251] pdxmesh [building_special_yronwood_mesh] is out of sync with its meshsettings. [fp2_building_special_alhambra_01_palm_treeShape] is not in use in file: gfx/models/buildings/special/yronwood/building_special_yronwood.mesh
[17:50:01][pdxassetutil.cpp:556] [original line 1252] UV-Set: 0 in mesh 'the_ground' in file 'gfx/models/buildings/special/deepwood_motte/deepwood_motte.mesh' has no valid triangle to use when calculating texture streaming factor. Texture streaming needs a triangle with an area.
[17:50:01][pdxassetutil.cpp:556] [original line 1253] UV-Set: 1 in mesh 'building_special_evenfall_1Shape' in file 'gfx/models/buildings/special/Evenfall/building_special_evenfall.mesh' has no valid triangle to use when calculating texture streaming factor. Texture streaming needs a triangle with an area.
[17:50:01][pdxassetutil.cpp:556] [original line 1254] UV-Set: 1 in mesh 'building_special_evenfall_2Shape' in file 'gfx/models/buildings/special/Evenfall/building_special_evenfall.mesh' has no valid triangle to use when calculating texture streaming factor. Texture streaming needs a triangle with an area.
[17:50:01][pdxassetutil.cpp:1763] [original line 1255] pdxmesh [building_special_evenfall_mesh] is out of sync with its meshsettings. [building_special_evenfall_4Shape] is not in use in file: gfx/models/buildings/special/Evenfall/building_special_evenfall.mesh
[17:50:01][pdxassetutil.cpp:1763] [original line 1256] pdxmesh [building_special_evenfall_mesh] is out of sync with its meshsettings. [building_special_evenfall_cellsShape] is not in use in file: gfx/models/buildings/special/Evenfall/building_special_evenfall.mesh
[17:50:01][pdxassetutil.cpp:1763] [original line 1257] pdxmesh [building_special_evenfall_mesh] is out of sync with its meshsettings. [fp4_legendary_western_palace_01_aShape] is not in use in file: gfx/models/buildings/special/Evenfall/building_special_evenfall.mesh
[17:50:01][pdxassetutil.cpp:556] [original line 1258] UV-Set: 0 in mesh 'bronze_bell' in file 'gfx/models/buildings/special/seagaurd/building_seagard_01.mesh' has no valid triangle to use when calculating texture streaming factor. Texture streaming needs a triangle with an area.
[17:50:01][pdxassetutil.cpp:556] [original line 1259] UV-Set: 0 in mesh 'bellchain' in file 'gfx/models/buildings/special/seagaurd/building_seagard_01.mesh' has no valid triangle to use when calculating texture streaming factor. Texture streaming needs a triangle with an area.
[17:50:01][pdxassetutil.cpp:1763] [original line 1260] pdxmesh [building_seagard_01_mesh] is out of sync with its meshsettings. [City] is not in use in file: gfx/models/buildings/special/seagaurd/building_seagard_01.mesh
[17:50:01][pdxassetutil.cpp:1763] [original line 1261] pdxmesh [building_seagard_01_mesh] is out of sync with its meshsettings. [building_western_castle_0Shape4] is not in use in file: gfx/models/buildings/special/seagaurd/building_seagard_01.mesh
[17:50:01][pdxassetutil.cpp:1763] [original line 1262] pdxmesh [building_seagard_01_mesh] is out of sync with its meshsettings. [western_walls_04_a1Shape] is not in use in file: gfx/models/buildings/special/seagaurd/building_seagard_01.mesh
[17:50:01][pdxassetutil.cpp:1763] [original line 1263] pdxmesh [building_seagard_01_mesh] is out of sync with its meshsettings. [western_walls_04_a1Shape1] is not in use in file: gfx/models/buildings/special/seagaurd/building_seagard_01.mesh
[17:50:01][pdxassetutil.cpp:1763] [original line 1264] pdxmesh [building_seagard_01_mesh] is out of sync with its meshsettings. [western_walls_04_a1Shape2] is not in use in file: gfx/models/buildings/special/seagaurd/building_seagard_01.mesh
[17:50:01][pdxassetutil.cpp:1763] [original line 1265] pdxmesh [building_seagard_01_mesh] is out of sync with its meshsettings. [western_walls_04_a1Shape3] is not in use in file: gfx/models/buildings/special/seagaurd/building_seagard_01.mesh
[17:50:01][pdxassetutil.cpp:1763] [original line 1266] pdxmesh [building_seagard_01_mesh] is out of sync with its meshsettings. [pallet] is not in use in file: gfx/models/buildings/special/seagaurd/building_seagard_01.mesh
[17:50:01][pdxassetutil.cpp:1763] [original line 1267] pdxmesh [building_seagard_01_mesh] is out of sync with its meshsettings. [lift] is not in use in file: gfx/models/buildings/special/seagaurd/building_seagard_01.mesh
[17:50:01][pdxassetutil.cpp:1763] [original line 1268] pdxmesh [building_seagard_01_mesh] is out of sync with its meshsettings. [hillfort_01] is not in use in file: gfx/models/buildings/special/seagaurd/building_seagard_01.mesh
[17:50:01][pdxassetutil.cpp:1763] [original line 1269] pdxmesh [building_seagard_01_mesh] is out of sync with its meshsettings. [building_special_stormsend_castle_cliffsShape] is not in use in file: gfx/models/buildings/special/seagaurd/building_seagard_01.mesh
[17:50:02][pdxassetutil.cpp:556] [original line 1270] UV-Set: 0 in mesh 'lift' in file 'gfx/models/buildings/special/castamere/castamere_restored.mesh' has no valid triangle to use when calculating texture streaming factor. Texture streaming needs a triangle with an area.
[17:50:02][pdxassetutil.cpp:1053] [original line 1271] Failed to find texture 'building_backup_atlas_properties.dds'
[17:50:02][virtualfilesystem.cpp:456] [original line 1272] Could not find texture due to 'VFSOpen Error: gfx/models/buildings/special/castamere/building_backup_atlas_properties.dds not found'
[17:50:02][pdxassetutil.cpp:1053] [original line 1273] Failed to find texture 'building_backup_atlas_normal.dds'
[17:50:02][virtualfilesystem.cpp:456] [original line 1274] Could not find texture due to 'VFSOpen Error: gfx/models/buildings/special/castamere/building_backup_atlas_normal.dds not found'
[17:50:02][pdxassetutil.cpp:556] [original line 1275] UV-Set: 0 in mesh 'windmill' in file 'gfx/models/buildings/special/castamere/castamere_restored.mesh' has no valid triangle to use when calculating texture streaming factor. Texture streaming needs a triangle with an area.
[17:50:02][pdxassetutil.cpp:1053] [original line 1276] Failed to find texture 'building_backup_atlas_properties.dds'
[17:50:02][virtualfilesystem.cpp:456] [original line 1277] Could not find texture due to 'VFSOpen Error: gfx/models/buildings/special/castamere/building_backup_atlas_properties.dds not found'
[17:50:02][pdxassetutil.cpp:1053] [original line 1278] Failed to find texture 'building_backup_atlas_normal.dds'
[17:50:02][virtualfilesystem.cpp:456] [original line 1279] Could not find texture due to 'VFSOpen Error: gfx/models/buildings/special/castamere/building_backup_atlas_normal.dds not found'
[17:50:02][pdxassetutil.cpp:556] [original line 1280] UV-Set: 0 in mesh 'pallet' in file 'gfx/models/buildings/special/castamere/castamere_restored.mesh' has no valid triangle to use when calculating texture streaming factor. Texture streaming needs a triangle with an area.
[17:50:02][pdxassetutil.cpp:1053] [original line 1281] Failed to find texture 'building_backup_atlas_properties.dds'
[17:50:02][virtualfilesystem.cpp:456] [original line 1282] Could not find texture due to 'VFSOpen Error: gfx/models/buildings/special/castamere/building_backup_atlas_properties.dds not found'
[17:50:02][pdxassetutil.cpp:1053] [original line 1283] Failed to find texture 'building_backup_atlas_normal.dds'
[17:50:02][virtualfilesystem.cpp:456] [original line 1284] Could not find texture due to 'VFSOpen Error: gfx/models/buildings/special/castamere/building_backup_atlas_normal.dds not found'
[17:50:02][pdxassetutil.cpp:556] [original line 1285] UV-Set: 0 in mesh 'building_mediterranean_city_02' in file 'gfx/models/buildings/special/the_arbor/the_arbor.mesh' has no valid triangle to use when calculating texture streaming factor. Texture streaming needs a triangle with an area.
[17:50:02][pdxassetutil.cpp:556] [original line 1286] UV-Set: 1 in mesh 'crag_upper' in file 'gfx/models/buildings/special/crag/crag_level_1.mesh' has no valid triangle to use when calculating texture streaming factor. Texture streaming needs a triangle with an area.
[17:50:02][pdxassetutil.cpp:556] [original line 1287] UV-Set: 1 in mesh 'crag_upper' in file 'gfx/models/buildings/special/crag/crag_level_1.mesh' has no valid triangle to use when calculating texture streaming factor. Texture streaming needs a triangle with an area.
[17:50:02][pdxassetutil.cpp:556] [original line 1288] UV-Set: 1 in mesh 'crag_stone_ground' in file 'gfx/models/buildings/special/crag/crag_level_1.mesh' has no valid triangle to use when calculating texture streaming factor. Texture streaming needs a triangle with an area.
[17:50:02][pdxassetutil.cpp:556] [original line 1289] UV-Set: 1 in mesh 'crag_windows' in file 'gfx/models/buildings/special/crag/crag_level_1.mesh' has no valid triangle to use when calculating texture streaming factor. Texture streaming needs a triangle with an area.
[17:50:02][pdxassetutil.cpp:1763] [original line 1290] pdxmesh [crag_level_1_mesh] is out of sync with its meshsettings. [lannisport_dgShape] is not in use in file: gfx/models/buildings/special/crag/crag_level_1.mesh
[17:50:02][pdxassetutil.cpp:1763] [original line 1291] pdxmesh [crag_level_1_mesh] is out of sync with its meshsettings. [lannisport_lkShape] is not in use in file: gfx/models/buildings/special/crag/crag_level_1.mesh
[17:50:02][pdxassetutil.cpp:1763] [original line 1292] pdxmesh [crag_level_1_mesh] is out of sync with its meshsettings. [lannisport_lpShape] is not in use in file: gfx/models/buildings/special/crag/crag_level_1.mesh
[17:50:03][pdxassetutil.cpp:1763] [original line 1293] pdxmesh [building_special_duskendale_mesh] is out of sync with its meshsettings. [farm_mediterranean] is not in use in file: gfx/models/buildings/special/duskendale/building_special_duskendale.mesh
[17:50:03][pdxassetutil.cpp:1763] [original line 1294] pdxmesh [building_special_duskendale_mesh] is out of sync with its meshsettings. [farm_mediterranean_vines] is not in use in file: gfx/models/buildings/special/duskendale/building_special_duskendale.mesh
[17:50:03][pdxassetutil.cpp:1763] [original line 1295] pdxmesh [building_special_duskendale_mesh] is out of sync with its meshsettings. [farm_mediterranean_decal] is not in use in file: gfx/models/buildings/special/duskendale/building_special_duskendale.mesh
[17:50:03][pdxassetutil.cpp:1763] [original line 1296] pdxmesh [building_special_duskendale_mesh] is out of sync with its meshsettings. [building_mediterranean_city_02] is not in use in file: gfx/models/buildings/special/duskendale/building_special_duskendale.mesh
[17:50:04][pdxassetutil.cpp:556] [original line 1297] UV-Set: 1 in mesh 'dunstonbury_stone_ground' in file 'gfx/models/buildings/special/whitegrove/whitegrove.mesh' has no valid triangle to use when calculating texture streaming factor. Texture streaming needs a triangle with an area.
[17:50:04][pdxassetutil.cpp:1763] [original line 1298] pdxmesh [whitegrove_mesh] is out of sync with its meshsettings. [whitegrove_roof] is not in use in file: gfx/models/buildings/special/whitegrove/whitegrove.mesh
[17:50:04][pdxassetutil.cpp:1763] [original line 1299] pdxmesh [whitegrove_mesh] is out of sync with its meshsettings. [whitegrove_upper] is not in use in file: gfx/models/buildings/special/whitegrove/whitegrove.mesh
[17:50:04][pdxassetutil.cpp:1763] [original line 1300] pdxmesh [whitegrove_mesh] is out of sync with its meshsettings. [whitegrove_stone_ground] is not in use in file: gfx/models/buildings/special/whitegrove/whitegrove.mesh
[17:50:04][pdxassetutil.cpp:1763] [original line 1301] pdxmesh [whitegrove_mesh] is out of sync with its meshsettings. [whitegrove_windows] is not in use in file: gfx/models/buildings/special/whitegrove/whitegrove.mesh
[17:50:04][pdxassetutil.cpp:556] [original line 1302] UV-Set: 2 in mesh 'building_western' in file 'gfx/models/buildings/special/Ten Towers/cow_building_special_ten_towers.mesh' has no valid triangle to use when calculating texture streaming factor. Texture streaming needs a triangle with an area.
[17:50:04][pdxassetutil.cpp:556] [original line 1303] UV-Set: 2 in mesh 'celtic_01' in file 'gfx/models/buildings/special/Ten Towers/cow_building_special_ten_towers.mesh' has no valid triangle to use when calculating texture streaming factor. Texture streaming needs a triangle with an area.
[17:50:04][pdxassetutil.cpp:556] [original line 1304] UV-Set: 1 in mesh 'dunstonbury_upper' in file 'gfx/models/buildings/special/dunstonbury/dunstonbury.mesh' has no valid triangle to use when calculating texture streaming factor. Texture streaming needs a triangle with an area.
[17:50:04][pdxassetutil.cpp:556] [original line 1305] UV-Set: 3 in mesh 'dunstonbury_upper' in file 'gfx/models/buildings/special/dunstonbury/dunstonbury.mesh' has no valid triangle to use when calculating texture streaming factor. Texture streaming needs a triangle with an area.
[17:50:04][pdxassetutil.cpp:2002] [original line 1306] Asset "gfx/models/buildings/special/dunstonbury/dunstonbury.mesh" has more than 3 UV channels. This is not supported and will be ignored.
[17:50:04][pdxassetutil.cpp:556] [original line 1307] UV-Set: 1 in mesh 'dunstonbury_stone_ground' in file 'gfx/models/buildings/special/dunstonbury/dunstonbury.mesh' has no valid triangle to use when calculating texture streaming factor. Texture streaming needs a triangle with an area.
[17:50:04][pdxassetutil.cpp:556] [original line 1308] UV-Set: 1 in mesh 'dunstonbury_windows' in file 'gfx/models/buildings/special/dunstonbury/dunstonbury.mesh' has no valid triangle to use when calculating texture streaming factor. Texture streaming needs a triangle with an area.
[17:50:31][pdx_entity.cpp:666] [original line 1309] Failed to find entity "western_walls_05_entity" for attachment in
[17:50:31][pdx_entity.cpp:666] [original line 1310] Failed to find entity "western_walls_06_entity" for attachment in
[17:50:31][pdx_entity.cpp:666] [original line 1311] Failed to find entity "western_walls_07_entity" for attachment in
[17:50:31][pdx_entity.cpp:666] [original line 1312] Failed to find entity "india_walls_05_entity" for attachment in
[17:50:31][pdx_entity.cpp:666] [original line 1313] Failed to find entity "india_walls_06_entity" for attachment in
[17:50:31][pdx_entity.cpp:666] [original line 1314] Failed to find entity "india_walls_07_entity" for attachment in
[17:50:31][pdx_entity.cpp:666] [original line 1315] Failed to find entity "mediterranean_walls_05_entity" for attachment in
[17:50:31][pdx_entity.cpp:666] [original line 1316] Failed to find entity "mediterranean_walls_06_entity" for attachment in
[17:50:31][pdx_entity.cpp:666] [original line 1317] Failed to find entity "mediterranean_walls_07_entity" for attachment in
[17:50:31][pdx_entity.cpp:666] [original line 1318] Failed to find entity "fp2_building_iberian_wall_05_entity" for attachment in
[17:50:31][pdx_entity.cpp:666] [original line 1319] Failed to find entity "fp2_building_iberian_wall_06_entity" for attachment in
[17:50:31][pdx_entity.cpp:666] [original line 1320] Failed to find entity "fp2_building_iberian_wall_07_entity" for attachment in
[17:50:31][pdx_entity.cpp:666] [original line 1321] Failed to find entity "walls_05_marrakesh_entity" for attachment in
[17:50:31][pdx_entity.cpp:666] [original line 1322] Failed to find entity "western_walls_05_paris_entity" for attachment in
[17:50:31][pdx_entity.cpp:666] [original line 1323] Failed to find entity "western_walls_07_london_entity" for attachment in
[17:50:31][pdx_entity.cpp:666] [original line 1324] Failed to find entity "western_walls_06_london_entity" for attachment in
[17:50:31][pdx_entity.cpp:666] [original line 1325] Failed to find entity "western_walls_05_london_entity" for attachment in
[17:50:31][pdx_entity.cpp:666] [original line 1326] Failed to find entity "mediterranean_walls_05_thes_entity" for attachment in
[17:50:31][pdx_entity.cpp:666] [original line 1327] Failed to find entity "mena_walls_05_entity" for attachment in
[17:50:31][pdx_entity.cpp:666] [original line 1328] Failed to find entity "mena_walls_06_entity" for attachment in
[17:50:31][pdx_entity.cpp:666] [original line 1329] Failed to find entity "mena_walls_07_entity" for attachment in
[17:50:31][pdx_entity.cpp:666] [original line 1330] Failed to find entity "mediterranean_walls_05_genoa_entity" for attachment in
[17:50:31][pdx_entity.cpp:666] [original line 1331] Failed to find entity "mediterranean_walls_05_rome_entity" for attachment in
[17:50:31][pdx_entity.cpp:666] [original line 1332] Failed to find entity "mediterranean_walls_05_constantinople_entity" for attachment in
[17:50:32][portraitaccessories.cpp:65] [original line 1333] could not find entity [smc_alicent_dress_03_entity] - file: gfx/portraits/accessories/smc_clothing.txt line: 24 (female_clothes_smc_alicent_dress_03)
[17:50:32][portraitaccessories.cpp:65] [original line 1334] could not find entity [smc_alicent_dress_04_entity] - file: gfx/portraits/accessories/smc_clothing.txt line: 28 (female_clothes_smc_alicent_dress_04)
[17:50:37][jomini_dynamicdescription.cpp:66] [original line 1335] Unrecognized loc key show_notifications_decision_tooltip. show_notifications_decision
[17:50:37][decision_type.cpp:224] [original line 1336] show_notifications_decision has 'ai_check_interval'/'ai_check_interval_by_tier' that's negative or unset. Setting to 0 instead
[17:50:38][character_currency_effects_impl.cpp:227] [original line 1337] Negative value in remove_short_term_gold: -450. file: events/decisions_events/buy_ruby_crown_events.txt line: 54 (buy_ruby_crown.0999:immediate)
[17:50:39][portraitcontext.cpp:239] [original line 1338] Trying to read gene props_right a second time at file: common/bookmark_portraits/bookmark_299_asha_greyjoy.txt line: 215 (bookmark_299_asha_greyjoy)
[17:50:39][jomini_eventmanager.cpp:428] [original line 1339] Duplicated event ID 'agot_activity_commission_crown.0001' found. New Location: 'file: events/activities/agot_coronation_activity/agot_coronation_crown_commission_events.txt line: 3 (agot_activity_commission_crown.0001)', Previous Location: 'file: events/activities/agot_coronation_activity/agot_coronation_crown_commission_events.txt line: 3 (agot_activity_commission_crown.0001)'
[17:50:39][portraitcontext.cpp:239] [original line 1340] Trying to read gene props_right a second time at file: common/bookmark_portraits/bookmark_99_aurion_varezys.txt line: 211 (bookmark_99_aurion_varezys)
[17:50:42][pdx_persistent_reader.cpp:216] [original line 1341] Error: "Unexpected token: rhoynish_religion_opinion, near line: 1760" in file: "common/buildings/yy_agotcities_special_buildings_westeros.txt" near line: 1760
[17:50:42][pdx_persistent_reader.cpp:216] [original line 1342] Error: "Unexpected token: rhoynish_religion_opinion, near line: 1767" in file: "common/buildings/yy_agotcities_special_buildings_westeros.txt" near line: 1767
[17:50:42][pdx_persistent_reader.cpp:216] [original line 1343] Error: "Unknown trigger: holding, near line: 2364" in file: "common/buildings/yy_agotcities_special_buildings_westeros.txt" near line: 2369
[17:50:42][pdx_persistent_reader.cpp:216] [original line 1344] Error: "Unexpected token: confucian_education_xp_gain_mult, near line: 4047" in file: "common/modifiers/DI_modifiers.txt" near line: 4047
[17:50:42][pdx_persistent_reader.cpp:216] [original line 1345] Error: "Unexpected token: valeman_opinion, near line: 447" in file: "common/modifiers/ntc_artifact_modifiers.txt" near line: 447
[17:50:42][pdx_persistent_reader.cpp:216] [original line 1346] Error: "Unexpected token: valeman_opinion, near line: 456" in file: "common/modifiers/ntc_artifact_modifiers.txt" near line: 456
[17:50:42][pdx_persistent_reader.cpp:216] [original line 1347] Error: "Unexpected token: valeman_opinion, near line: 605" in file: "common/modifiers/ntc_artifact_modifiers.txt" near line: 605
[17:50:45][jomini_script_argument.cpp:227] [original line 1348] Compiling source for agot_create_artifact_aegon_i_crown_effect failed for missing arguments: CREATOR. At file: common/scripted_effects/00_agot_artifact_crowns_effects.txt line: 78 (agot_create_artifact_aegon_i_crown_effect)
[17:50:45][jomini_script_argument.cpp:227] [original line 1349] Compiling source for agot_create_artifact_aenys_crown_effect failed for missing arguments: CREATOR. At file: common/scripted_effects/00_agot_artifact_crowns_effects.txt line: 228 (agot_create_artifact_aenys_crown_effect)
[17:50:45][jomini_script_argument.cpp:227] [original line 1350] Compiling source for agot_create_artifact_jaehaerys_crown_effect failed for missing arguments: CREATOR. At file: common/scripted_effects/00_agot_artifact_crowns_effects.txt line: 314 (agot_create_artifact_jaehaerys_crown_effect)
[17:50:45][jomini_script_argument.cpp:227] [original line 1351] Compiling source for agot_create_artifact_aegon_iii_crown_effect failed for missing arguments: CREATOR. At file: common/scripted_effects/00_agot_artifact_crowns_effects.txt line: 434 (agot_create_artifact_aegon_iii_crown_effect)
[17:50:45][jomini_script_argument.cpp:227] [original line 1352] Compiling source for agot_create_artifact_baelors_crown_effect failed for missing arguments: CREATOR. At file: common/scripted_effects/00_agot_artifact_crowns_effects.txt line: 498 (agot_create_artifact_baelors_crown_effect)
[17:50:45][jomini_script_argument.cpp:227] [original line 1353] Compiling source for agot_create_artifact_aegon_iv_crown_effect failed for missing arguments: CREATOR. At file: common/scripted_effects/00_agot_artifact_crowns_effects.txt line: 594 (agot_create_artifact_aegon_iv_crown_effect)
[17:50:45][jomini_script_argument.cpp:227] [original line 1354] Compiling source for agot_create_artifact_maekars_crown_effect failed for missing arguments: CREATOR. At file: common/scripted_effects/00_agot_artifact_crowns_effects.txt line: 672 (agot_create_artifact_maekars_crown_effect)
[17:50:45][jomini_script_argument.cpp:227] [original line 1355] Compiling source for agot_create_artifact_visenya_circlet_effect failed for missing arguments: CREATOR. At file: common/scripted_effects/00_agot_artifact_crowns_effects.txt line: 837 (agot_create_artifact_visenya_circlet_effect)
[17:50:45][pdx_persistent_reader.cpp:216] [original line 1356] Error: "Unknown effect: agot_8299_4_1_acok_scenario_setup, near line: 89" in file: "common/scripted_effects/00_agot_scenario_setup_effects.txt" near line: 90
[17:50:45][jomini_eventtarget.cpp:692] [original line 1357] Failed to find a valid event target link 'house_Blackfyre' at file: common/scripted_triggers/tgc_loaded_trigger.txt line: 127 (tgc_blackfyre_equipment_trigger)
[17:50:45][portraitaccessories.cpp:159] [original line 1358] accessory group [legwear:tgc_pants_blackfyre] has an invalid accessory "male_legwear_captainsPants_blackfyreAlt_01"
[17:50:45][portraitaccessories.cpp:159] [original line 1359] accessory group [legwear:tgc_pants_blackfyre] has an invalid accessory "male_legwear_standardPants_blackfyreAlt_01"
[17:50:45][portraitaccessories.cpp:159] [original line 1360] accessory group [legwear:tgc_pants_blackfyre] has an invalid accessory "male_legwear_twoSwordsPants_blackfyreAlt_01"
[17:50:45][portraitaccessories.cpp:159] [original line 1361] accessory group [legwear:tgc_pants_blackfyre] has an invalid accessory "male_legwear_captainsPants_blackfyreAlt_01"
[17:50:45][portraitaccessories.cpp:159] [original line 1362] accessory group [legwear:tgc_pants_blackfyre] has an invalid accessory "male_legwear_standardPants_blackfyreAlt_01"
[17:50:45][portraitaccessories.cpp:159] [original line 1363] accessory group [legwear:tgc_pants_blackfyre] has an invalid accessory "male_legwear_twoSwordsPants_blackfyreAlt_01"
[17:50:45][portraitaccessories.cpp:159] [original line 1364] accessory group [headgear:tgc_helmets] has an invalid accessory "male_headgear_tgc_helm_blackfyre_01"
[17:50:45][portraitaccessories.cpp:159] [original line 1365] accessory group [headgear:tgc_helmets] has an invalid accessory "male_headgear_tgc_helm_blackfyreAlt_01"
[17:50:45][portraitaccessories.cpp:159] [original line 1366] accessory group [headgear:tgc_helmets] has an invalid accessory "male_headgear_tgc_helm_blackfyre_02"
[17:50:45][portraitaccessories.cpp:159] [original line 1367] accessory group [headgear:tgc_helmets] has an invalid accessory "male_headgear_tgc_helm_blackfyreAlt_02"
[17:50:45][portraitaccessories.cpp:159] [original line 1368] accessory group [headgear:tgc_helmets] has an invalid accessory "male_headgear_tgc_helm_blackfyre_03"
[17:50:45][portraitaccessories.cpp:159] [original line 1369] accessory group [headgear:tgc_helmets] has an invalid accessory "male_headgear_tgc_helm_blackfyreAlt_03"
[17:50:45][portraitaccessories.cpp:159] [original line 1370] accessory group [headgear:tgc_helmets] has an invalid accessory "male_headgear_tgc_helm_blackfyre_01"
[17:50:45][portraitaccessories.cpp:159] [original line 1371] accessory group [headgear:tgc_helmets] has an invalid accessory "male_headgear_tgc_helm_blackfyreAlt_01"
[17:50:45][portraitaccessories.cpp:159] [original line 1372] accessory group [headgear:tgc_helmets] has an invalid accessory "male_headgear_tgc_helm_blackfyre_02"
[17:50:45][portraitaccessories.cpp:159] [original line 1373] accessory group [headgear:tgc_helmets] has an invalid accessory "male_headgear_tgc_helm_blackfyreAlt_02"
[17:50:45][portraitaccessories.cpp:159] [original line 1374] accessory group [headgear:tgc_helmets] has an invalid accessory "male_headgear_tgc_helm_blackfyre_03"
[17:50:45][portraitaccessories.cpp:159] [original line 1375] accessory group [headgear:tgc_helmets] has an invalid accessory "male_headgear_tgc_helm_blackfyreAlt_03"
[17:50:45][portraitaccessories.cpp:159] [original line 1376] accessory group [clothes:brightboar_swordsman_armour] has an invalid accessory "male_clothes_secular_brightboar_swordsman"
[17:50:45][portraitaccessories.cpp:159] [original line 1377] accessory group [clothes:brightboar_swordsman_armour] has an invalid accessory "female_clothes_secular_brightboar_swordsman"
[17:50:45][portraitaccessories.cpp:159] [original line 1378] accessory group [clothes:brightboar_swordsman_armour] has an invalid accessory "male_clothes_secular_brightboar_swordsman"
[17:50:45][portraitaccessories.cpp:159] [original line 1379] accessory group [clothes:brightboar_swordsman_armour] has an invalid accessory "female_clothes_secular_brightboar_swordsman"
[17:50:45][portraitaccessories.cpp:159] [original line 1380] accessory group [clothes:golden_company_armor_blackfyre] has an invalid accessory "male_clothes_captainsArmor_blackfyreAlt_01"
[17:50:45][portraitaccessories.cpp:159] [original line 1381] accessory group [clothes:golden_company_armor_blackfyre] has an invalid accessory "male_clothes_captainsArmorMetal_blackfyreAlt_01"
[17:50:45][portraitaccessories.cpp:159] [original line 1382] accessory group [clothes:golden_company_armor_blackfyre] has an invalid accessory "male_clothes_ornateVest_blackfyreAlt_01"
[17:50:45][portraitaccessories.cpp:159] [original line 1383] accessory group [clothes:golden_company_armor_blackfyre] has an invalid accessory "male_clothes_standardVest_blackfyreAlt_01"
[17:50:45][portraitaccessories.cpp:159] [original line 1384] accessory group [clothes:golden_company_armor_blackfyre] has an invalid accessory "male_clothes_platedVest_blackfyreAlt_01"
[17:50:45][portraitaccessories.cpp:159] [original line 1385] accessory group [clothes:golden_company_armor_blackfyre] has an invalid accessory "male_clothes_captainsArmor_blackfyreAlt_01"
[17:50:45][portraitaccessories.cpp:159] [original line 1386] accessory group [clothes:golden_company_armor_blackfyre] has an invalid accessory "male_clothes_captainsArmorMetal_blackfyreAlt_01"
[17:50:45][portraitaccessories.cpp:159] [original line 1387] accessory group [clothes:golden_company_armor_blackfyre] has an invalid accessory "male_clothes_ornateVest_blackfyreAlt_01"
[17:50:45][portraitaccessories.cpp:159] [original line 1388] accessory group [clothes:golden_company_armor_blackfyre] has an invalid accessory "male_clothes_standardVest_blackfyreAlt_01"
[17:50:45][portraitaccessories.cpp:159] [original line 1389] accessory group [clothes:golden_company_armor_blackfyre] has an invalid accessory "male_clothes_platedVest_blackfyreAlt_01"
[17:50:45][pdx_persistent_reader.cpp:216] [original line 1390] Error: "Failed to read key reference: 1453_end_date: 1453_end_date, near line: 3
Failed to read key reference: rhomaion_name_of_byzantium: rhomaion_name_of_byzantium, near line: 3
Failed to read key reference: default_mongol_invasion: default_mongol_invasion, near line: 3
Failed to read key reference: random_ruler_placement_off: random_ruler_placement_off, near line: 3
Failed to read key reference: launch_historical: launch_historical, near line: 3
Failed to read key reference: fp1_scandi_adventurers_apocalyptic: fp1_scandi_adventurers_apocalyptic, near line: 3
Failed to read key reference: dissolution_after_caliph_death: dissolution_after_caliph_death, near line: 3
Failed to read key reference: default_seljuk_invasion: default_seljuk_invasion, near line: 3
Failed to read key reference: situation_the_great_steppe_toggle_on: situation_the_great_steppe_toggle_on, near line: 3
Failed to read key reference: struggle_iberia_toggle_on: struggle_iberia_toggle_on, near line: 3
Failed to read key reference: struggle_persia_toggle_on: struggle_persia_toggle_on, near line: 3
Failed to read key reference: historicity_ruler_of_munster_historical_toirdelbach: historicity_ruler_of_munster_historical_toirdelbach, near line: 3
Failed to read key reference: historicity_norman_conquest_default_random: historicity_norman_conquest_default_random, near line: 3
Failed to read key reference: tibet_nomad_region_on: tibet_nomad_region_on, near line: 3
Failed to read key reference: sami_nomad_region_on: sami_nomad_region_on, near line: 3
Failed to read key reference: arabia_nomad_region_on: arabia_nomad_region_on, near line: 3
Failed to read key reference: sahel_nomad_region_on: sahel_nomad_region_on, near line: 3
Failed to read key reference: horn_of_africa_nomad_region_on: horn_of_africa_nomad_region_on, near line: 3
Failed to read key reference: historicity_extra_admin_egypt_gameplay_not_administrative: historicity_extra_admin_egypt_gameplay_not_administrative, near line: 3
Failed to read key reference: historicity_extra_admin_arabia_gameplay_not_administrative: historicity_extra_admin_arabia_gameplay_not_administrative, near line: 3
Failed to read key reference: historicity_extra_admin_ghana_gameplay_not_administrative: historicity_extra_admin_ghana_gameplay_not_administrative, near line: 3
Failed to read key reference: historicity_extra_admin_kabulistan_gameplay_not_administrative: historicity_extra_admin_kabulistan_gameplay_not_administrative, near line: 3
Failed to read key reference: historicity_extra_admin_persia_gameplay_not_administrative: historicity_extra_admin_persia_gameplay_not_administrative, near line: 3
Failed to read key reference: historicity_extra_admin_maghreb_gameplay_not_administrative: historicity_extra_admin_maghreb_gameplay_not_administrative, near line: 3
Failed to read key reference: historicity_extra_admin_tamilakam_gameplay_not_administrative: historicity_extra_admin_tamilakam_gameplay_not_administrative, near line: 3
Failed to read key reference: historicity_extra_admin_carolingians_gameplay_not_administrative: historicity_extra_admin_carolingians_gameplay_not_administrative, near line: 3
Failed to read key reference: historicity_extra_admin_player_wherever_gameplay_not_administrative: historicity_extra_admin_player_wherever_gameplay_not_administrative, near line: 3
Failed to read key reference: historicity_frankokratia_fourth_crusade: historicity_frankokratia_fourth_crusade, near line: 3
Failed to read key reference: silk_road_starting_innovations_preset: silk_road_starting_innovations_preset, near line: 3
Failed to read key reference: ACR_RE_tradition_slots_plus_95: ACR_RE_tradition_slots_plus_95, near line: 3
Failed to read key reference: ACR_RE_tradition_cost_free: ACR_RE_tradition_cost_free, near line: 3
Failed to read key reference: ACR_RE_tradition_cooldown_none: ACR_RE_tradition_cooldown_none, near line: 3
Failed to read key reference: ACR_RE_truce_duration_5: ACR_RE_truce_duration_5, near line: 3
Failed to read key reference: ACR_RE_truce_scope_player_primary: ACR_RE_truce_scope_player_primary, near line: 3
Failed to read key reference: ACR_RE_council_task_speed_1_month: ACR_RE_council_task_speed_1_month, near line: 3
Failed to read key reference: HM_RE_rule_player_free_functions_enabled: HM_RE_rule_player_free_functions_enabled, near line: 3
Failed to read key reference: HM_RE_rule_change_holding_type_cost_very_cheap: HM_RE_rule_change_holding_type_cost_very_cheap, near line: 3
Failed to read key reference: HM_RE_rule_change_holding_type_cooldown_very_short: HM_RE_rule_change_holding_type_cooldown_very_short, near line: 3
Failed to read key reference: HM_RE_rule_can_replace_buildings_vassals: HM_RE_rule_can_replace_buildings_vassals, near line: 3
Failed to read key reference: HM_RE_rule_can_feudalize_holdings_vassals: HM_RE_rule_can_feudalize_holdings_vassals, near line: 3
Failed to read key reference: HM_RE_value_construct_buildings_gold_cost_cap_very_cheap: HM_RE_value_construct_buildings_gold_cost_cap_very_cheap, near line: 3
Failed to read key reference: HM_RE_rule_player_extra_slots_enabled: HM_RE_rule_player_extra_slots_enabled, near line: 3
Failed to read key reference: HM_RE_rule_player_slot_base_cost_very_cheap: HM_RE_rule_player_slot_base_cost_very_cheap, near line: 3
Failed to read key reference: HM_RE_rule_player_slot_step_cost_very_cheap: HM_RE_rule_player_slot_step_cost_very_cheap, near line: 3
Failed to read key reference: HM_RE_rule_construction_time_cost_free: HM_RE_rule_construction_time_cost_free, near line: 3
Failed to read key reference: HM_RE_build_all_button_on: HM_RE_build_all_button_on, near line: 3
Failed to read key reference: HM_RE_upgrade_all_button_on: HM_RE_upgrade_all_button_on, near line: 3
Failed to read key reference: HM_RE_make_nomad_button_on: HM_RE_make_nomad_button_on, near line: 3
Failed to read key reference: HM_RE_make_temple_citadel_button_on: HM_RE_make_temple_citadel_button_on, near line: 3
Failed to read key reference: HM_RE_player_add_slots_decision_on: HM_RE_player_add_slots_decision_on, near line: 3
Failed to read key reference: HM_RE_player_add_slots_decision_base_cost_very_cheap: HM_RE_player_add_slots_decision_base_cost_very_cheap, near line: 3
Failed to read key reference: HM_RE_player_cost_gold: HM_RE_player_cost_gold, near line: 3
Failed to read key reference: HM_RE_rule_ai_extra_slots_disabled: HM_RE_rule_ai_extra_slots_disabled, near line: 3
Failed to read key reference: HM_RE_rule_ai_slot_base_cost_very_expensive: HM_RE_rule_ai_slot_base_cost_very_expensive, near line: 3
Failed to read key reference: HM_RE_rule_ai_slot_step_cost_very_expensive: HM_RE_rule_ai_slot_step_cost_very_expensive, near line: 3" in file: "" near line: 3
[17:50:45][pdx_persistent_reader.cpp:216] [original line 1445] Error: "Failed to read key reference: 1453_end_date: 1453_end_date, near line: 8
Failed to read key reference: rhomaion_name_of_byzantium: rhomaion_name_of_byzantium, near line: 8
Failed to read key reference: default_mongol_invasion: default_mongol_invasion, near line: 8
Failed to read key reference: random_ruler_placement_off: random_ruler_placement_off, near line: 8
Failed to read key reference: launch_historical: launch_historical, near line: 8
Failed to read key reference: fp1_scandi_adventurers_apocalyptic: fp1_scandi_adventurers_apocalyptic, near line: 8
Failed to read key reference: dissolution_after_caliph_death: dissolution_after_caliph_death, near line: 8
Failed to read key reference: default_seljuk_invasion: default_seljuk_invasion, near line: 8
Failed to read key reference: situation_the_great_steppe_toggle_on: situation_the_great_steppe_toggle_on, near line: 8
Failed to read key reference: struggle_iberia_toggle_on: struggle_iberia_toggle_on, near line: 8
Failed to read key reference: struggle_persia_toggle_on: struggle_persia_toggle_on, near line: 8
Failed to read key reference: historicity_ruler_of_munster_historical_toirdelbach: historicity_ruler_of_munster_historical_toirdelbach, near line: 8
Failed to read key reference: historicity_norman_conquest_default_random: historicity_norman_conquest_default_random, near line: 8
Failed to read key reference: tibet_nomad_region_on: tibet_nomad_region_on, near line: 8
Failed to read key reference: sami_nomad_region_on: sami_nomad_region_on, near line: 8
Failed to read key reference: arabia_nomad_region_on: arabia_nomad_region_on, near line: 8
Failed to read key reference: sahel_nomad_region_on: sahel_nomad_region_on, near line: 8
Failed to read key reference: horn_of_africa_nomad_region_on: horn_of_africa_nomad_region_on, near line: 8
Failed to read key reference: historicity_extra_admin_egypt_gameplay_not_administrative: historicity_extra_admin_egypt_gameplay_not_administrative, near line: 8
Failed to read key reference: historicity_extra_admin_arabia_gameplay_not_administrative: historicity_extra_admin_arabia_gameplay_not_administrative, near line: 8
Failed to read key reference: historicity_extra_admin_ghana_gameplay_not_administrative: historicity_extra_admin_ghana_gameplay_not_administrative, near line: 8
Failed to read key reference: historicity_extra_admin_kabulistan_gameplay_not_administrative: historicity_extra_admin_kabulistan_gameplay_not_administrative, near line: 8
Failed to read key reference: historicity_extra_admin_persia_gameplay_not_administrative: historicity_extra_admin_persia_gameplay_not_administrative, near line: 8
Failed to read key reference: historicity_extra_admin_maghreb_gameplay_not_administrative: historicity_extra_admin_maghreb_gameplay_not_administrative, near line: 8
Failed to read key reference: historicity_extra_admin_tamilakam_gameplay_not_administrative: historicity_extra_admin_tamilakam_gameplay_not_administrative, near line: 8
Failed to read key reference: historicity_extra_admin_carolingians_gameplay_not_administrative: historicity_extra_admin_carolingians_gameplay_not_administrative, near line: 8
Failed to read key reference: historicity_extra_admin_player_wherever_gameplay_not_administrative: historicity_extra_admin_player_wherever_gameplay_not_administrative, near line: 8
Failed to read key reference: historicity_frankokratia_fourth_crusade: historicity_frankokratia_fourth_crusade, near line: 8
Failed to read key reference: silk_road_starting_innovations_preset: silk_road_starting_innovations_preset, near line: 8
Failed to read key reference: ACR_RE_tradition_slots_plus_95: ACR_RE_tradition_slots_plus_95, near line: 8
Failed to read key reference: ACR_RE_tradition_cost_free: ACR_RE_tradition_cost_free, near line: 8
Failed to read key reference: ACR_RE_tradition_cooldown_none: ACR_RE_tradition_cooldown_none, near line: 8
Failed to read key reference: ACR_RE_truce_duration_5: ACR_RE_truce_duration_5, near line: 8
Failed to read key reference: ACR_RE_truce_scope_player_primary: ACR_RE_truce_scope_player_primary, near line: 8
Failed to read key reference: ACR_RE_council_task_speed_1_month: ACR_RE_council_task_speed_1_month, near line: 8
Failed to read key reference: HM_RE_rule_player_free_functions_enabled: HM_RE_rule_player_free_functions_enabled, near line: 8
Failed to read key reference: HM_RE_rule_change_holding_type_cost_very_cheap: HM_RE_rule_change_holding_type_cost_very_cheap, near line: 8
Failed to read key reference: HM_RE_rule_change_holding_type_cooldown_very_short: HM_RE_rule_change_holding_type_cooldown_very_short, near line: 8
Failed to read key reference: HM_RE_rule_can_replace_buildings_vassals: HM_RE_rule_can_replace_buildings_vassals, near line: 8
Failed to read key reference: HM_RE_rule_can_feudalize_holdings_vassals: HM_RE_rule_can_feudalize_holdings_vassals, near line: 8
Failed to read key reference: HM_RE_value_construct_buildings_gold_cost_cap_very_cheap: HM_RE_value_construct_buildings_gold_cost_cap_very_cheap, near line: 8
Failed to read key reference: HM_RE_rule_player_extra_slots_enabled: HM_RE_rule_player_extra_slots_enabled, near line: 8
Failed to read key reference: HM_RE_rule_player_slot_base_cost_very_cheap: HM_RE_rule_player_slot_base_cost_very_cheap, near line: 8
Failed to read key reference: HM_RE_rule_player_slot_step_cost_very_cheap: HM_RE_rule_player_slot_step_cost_very_cheap, near line: 8
Failed to read key reference: HM_RE_rule_construction_time_cost_free: HM_RE_rule_construction_time_cost_free, near line: 8
Failed to read key reference: HM_RE_build_all_button_on: HM_RE_build_all_button_on, near line: 8
Failed to read key reference: HM_RE_upgrade_all_button_on: HM_RE_upgrade_all_button_on, near line: 8
Failed to read key reference: HM_RE_make_nomad_button_on: HM_RE_make_nomad_button_on, near line: 8
Failed to read key reference: HM_RE_make_temple_citadel_button_on: HM_RE_make_temple_citadel_button_on, near line: 8
Failed to read key reference: HM_RE_player_add_slots_decision_on: HM_RE_player_add_slots_decision_on, near line: 8
Failed to read key reference: HM_RE_player_add_slots_decision_base_cost_very_cheap: HM_RE_player_add_slots_decision_base_cost_very_cheap, near line: 8
Failed to read key reference: HM_RE_player_cost_gold: HM_RE_player_cost_gold, near line: 8
Failed to read key reference: HM_RE_rule_ai_extra_slots_disabled: HM_RE_rule_ai_extra_slots_disabled, near line: 8
Failed to read key reference: HM_RE_rule_ai_slot_base_cost_very_expensive: HM_RE_rule_ai_slot_base_cost_very_expensive, near line: 8
Failed to read key reference: HM_RE_rule_ai_slot_step_cost_very_expensive: HM_RE_rule_ai_slot_step_cost_very_expensive, near line: 8" in file: "" near line: 8
[17:50:47][opinion_modifier.cpp:83] [original line 1500] Modifier 'funded_my_expedition' shouldn't have a duration and monthly_change at the same time!
[17:50:47][opinion_modifier.cpp:83] [original line 1501] Modifier 'sent_relative_to_valyria' shouldn't have a duration and monthly_change at the same time!
[17:50:47][artifact_feature.cpp:33] [original line 1502] Missing loc key 'feature_dragon_whip_black'
[17:50:47][artifact_feature.cpp:33] [original line 1503] Missing loc key 'feature_dragon_whip_silver'
[17:50:47][artifact_feature.cpp:33] [original line 1504] Missing loc key 'feature_dragon_whip_bronze'
[17:50:47][title_links.cpp:214] [original line 1505] Failed to fetch a valid landed title 'e_hre' at location 'file: common/scripted_guis/DI_char_editor_present_sgui.txt line: 1589 (DI_ce_female_dominated:effect)'
[17:50:47][title_links.cpp:214] [original line 1506] Failed to fetch a valid landed title 'e_hre' at location 'file: common/character_interactions/DI_character_interaction.txt line: 4622 (DI_change_succession:on_accept)'
[17:50:47][title_links.cpp:214] [original line 1507] Failed to fetch a valid landed title 'e_hre' at location 'file: common/character_interactions/DI_character_interaction.txt line: 4624 (DI_change_succession:on_accept)'
[17:50:47][title_links.cpp:214] [original line 1508] Failed to fetch a valid landed title 'e_hre' at location 'file: common/character_interactions/DI_character_interaction.txt line: 4637 (DI_change_succession:on_accept)'
[17:50:47][title_links.cpp:214] [original line 1509] Failed to fetch a valid landed title 'e_hre' at location 'file: common/character_interactions/DI_character_interaction.txt line: 4639 (DI_change_succession:on_accept)'
[17:50:47][title_links.cpp:214] [original line 1510] Failed to fetch a valid landed title 'b_graced_castle' at location 'file: common/on_action/cowagot_province_on_actions.txt line: 242 (set_provinces_on_actions)'
[17:50:47][title_links.cpp:214] [original line 1511] Failed to fetch a valid landed title 'b_cheesemonger_manse' at location 'file: common/on_action/cowagot_province_on_actions.txt line: 246 (set_provinces_on_actions)'
[17:50:47][jomini_eventtarget.h:291] [original line 1512] Failed to find 'varangian' from database for link 'trait' at file: common/scripted_effects/DI_char_spawner_effects.txt line: 1232 (DI_akolouthos_traits_effect)
[17:50:47][jomini_eventmanager.cpp:119] [original line 1513] 'agot_cities.5000' does not have a valid namespace
[17:50:47][jomini_script_system.cpp:303] [original line 1514] Script system error!
  Error: trigger_event effect [ Event [agot_cities.5000] not found ]
  Script location: file: common/buildings/yy_agotcities_special_buildings_westeros.txt line: 1827 (planky_town_special:on_complete)
[17:50:47][jomini_eventmanager.cpp:119] [original line 1518] 'agot_cities.5000' does not have a valid namespace
[17:50:47][jomini_script_system.cpp:303] [original line 1519] Script system error!
  Error: trigger_event effect [ Event [agot_cities.5000] not found ]
  Script location: file: common/buildings/yy_agotcities_special_buildings_westeros.txt line: 1993 (agot_castamere_03:on_complete)
[17:50:47][jomini_eventmanager.cpp:119] [original line 1523] 'agot_cities.5000' does not have a valid namespace
[17:50:47][jomini_script_system.cpp:303] [original line 1524] Script system error!
  Error: trigger_event effect [ Event [agot_cities.5000] not found ]
  Script location: file: common/buildings/yy_agotcities_special_buildings_westeros.txt line: 2295 (24castamere_03:on_complete)
[17:50:47][jomini_script_system.cpp:303] [original line 1528] Script system error!
  Error: create_artifact effect [ Invalid artifact template 'vs_blackfyre_template' ]
  Script location: file: common/scripted_effects/00_agot_artifact_vs_sword_effects_override.txt line: 13 (agot_create_artifact_vs_blackfyre_effect[args#3618947653])
[17:50:47][jomini_script_system.cpp:303] [original line 1532] Script system error!
  Error: create_artifact effect [ Invalid artifact template 'vs_blackfyre_template' ]
  Script location: file: common/scripted_effects/00_agot_artifact_vs_sword_effects_override.txt line: 31 (agot_create_artifact_vs_blackfyre_effect[args#3618947653])
[17:50:47][jomini_script_system.cpp:303] [original line 1536] Script system error!
  Error: create_artifact effect [ Invalid artifact template 'vs_blackfyre_template' ]
  Script location: file: common/scripted_effects/00_agot_artifact_vs_sword_effects_override.txt line: 13 (agot_create_artifact_vs_blackfyre_effect[args#141906969])
[17:50:47][jomini_script_system.cpp:303] [original line 1540] Script system error!
  Error: create_artifact effect [ Invalid artifact template 'vs_blackfyre_template' ]
  Script location: file: common/scripted_effects/00_agot_artifact_vs_sword_effects_override.txt line: 31 (agot_create_artifact_vs_blackfyre_effect[args#141906969])
[17:50:47][jomini_script_system.cpp:303] [original line 1544] Script system error!
  Error: create_artifact effect [ Invalid artifact template 'vs_pincer_template' ]
  Script location: file: common/scripted_effects/00_agot_artifact_vs_sword_effects_override.txt line: 604 (agot_create_artifact_vs_pincer_effect[args#3618947653])
[17:50:47][jomini_script_system.cpp:303] [original line 1548] Script system error!
  Error: create_artifact effect [ Invalid artifact template 'vs_pincer_template' ]
  Script location: file: common/scripted_effects/00_agot_artifact_vs_sword_effects_override.txt line: 630 (agot_create_artifact_vs_pincer_effect[args#3618947653])
[17:50:47][jomini_script_system.cpp:303] [original line 1552] Script system error!
  Error: create_artifact effect [ Invalid artifact template 'vs_seafoam_template' ]
  Script location: file: common/scripted_effects/00_agot_artifact_vs_sword_effects_override.txt line: 455 (agot_create_artifact_vs_seafoam_effect[args#3618947653])
[17:50:47][jomini_script_system.cpp:303] [original line 1556] Script system error!
  Error: create_artifact effect [ Invalid artifact template 'vs_seafoam_template' ]
  Script location: file: common/scripted_effects/00_agot_artifact_vs_sword_effects_override.txt line: 475 (agot_create_artifact_vs_seafoam_effect[args#3618947653])
[17:50:47][jomini_script_system.cpp:303] [original line 1560] Script system error!
  Error: create_artifact effect [ Invalid static modifier 'artifact_personal_scheme_power_add_5_modifier' ]
  Script location: file: common/scripted_effects/00_lotd_artifact_creation_effects.txt line: 8 (create_artifact_subterfuge_effect[args#141906969])
[17:50:47][jomini_script_system.cpp:303] [original line 1564] Script system error!
  Error: create_artifact effect [ Invalid artifact template 'vs_blackfyre_template' ]
  Script location: file: common/scripted_effects/00_agot_artifact_vs_sword_effects_override.txt line: 13 (agot_create_artifact_vs_blackfyre_effect[args#979117111])
[17:50:47][jomini_script_system.cpp:303] [original line 1568] Script system error!
  Error: create_artifact effect [ Invalid artifact template 'vs_blackfyre_template' ]
  Script location: file: common/scripted_effects/00_agot_artifact_vs_sword_effects_override.txt line: 31 (agot_create_artifact_vs_blackfyre_effect[args#979117111])
[17:50:47][jomini_script_system.cpp:303] [original line 1572] Script system error!
  Error: create_artifact effect [ Invalid artifact template 'vs_pincer_template' ]
  Script location: file: common/scripted_effects/00_agot_artifact_vs_sword_effects_override.txt line: 604 (agot_create_artifact_vs_pincer_effect[args#979117111])
[17:50:47][jomini_script_system.cpp:303] [original line 1576] Script system error!
  Error: create_artifact effect [ Invalid artifact template 'vs_pincer_template' ]
  Script location: file: common/scripted_effects/00_agot_artifact_vs_sword_effects_override.txt line: 630 (agot_create_artifact_vs_pincer_effect[args#979117111])
[17:50:47][jomini_script_system.cpp:303] [original line 1580] Script system error!
  Error: create_artifact effect [ Invalid artifact template 'vs_seafoam_template' ]
  Script location: file: common/scripted_effects/00_agot_artifact_vs_sword_effects_override.txt line: 455 (agot_create_artifact_vs_seafoam_effect[args#979117111])
[17:50:47][jomini_script_system.cpp:303] [original line 1584] Script system error!
  Error: create_artifact effect [ Invalid artifact template 'vs_seafoam_template' ]
  Script location: file: common/scripted_effects/00_agot_artifact_vs_sword_effects_override.txt line: 475 (agot_create_artifact_vs_seafoam_effect[args#979117111])
[17:50:47][jomini_script_system.cpp:303] [original line 1588] Script system error!
  Error: create_artifact effect [ Invalid artifact template 'vs_seafoam_template' ]
  Script location: file: common/scripted_effects/00_agot_artifact_vs_sword_effects_override.txt line: 455 (agot_create_artifact_vs_seafoam_effect[args#2425720076])
[17:50:47][jomini_script_system.cpp:303] [original line 1592] Script system error!
  Error: create_artifact effect [ Invalid artifact template 'vs_seafoam_template' ]
  Script location: file: common/scripted_effects/00_agot_artifact_vs_sword_effects_override.txt line: 475 (agot_create_artifact_vs_seafoam_effect[args#2425720076])
[17:50:47][jomini_script_system.cpp:303] [original line 1596] Script system error!
  Error: create_artifact effect [ Invalid artifact template 'vs_pincer_template' ]
  Script location: file: common/scripted_effects/00_agot_artifact_vs_sword_effects_override.txt line: 604 (agot_create_artifact_vs_pincer_effect[args#2425720076])
[17:50:47][jomini_script_system.cpp:303] [original line 1600] Script system error!
  Error: create_artifact effect [ Invalid artifact template 'vs_pincer_template' ]
  Script location: file: common/scripted_effects/00_agot_artifact_vs_sword_effects_override.txt line: 630 (agot_create_artifact_vs_pincer_effect[args#2425720076])
[17:50:47][jomini_script_system.cpp:303] [original line 1604] Script system error!
  Error: create_artifact effect [ Invalid artifact template 'vs_blackfyre_template' ]
  Script location: file: common/scripted_effects/00_agot_artifact_vs_sword_effects_override.txt line: 13 (agot_create_artifact_vs_blackfyre_effect[args#2425720076])
[17:50:47][jomini_script_system.cpp:303] [original line 1608] Script system error!
  Error: create_artifact effect [ Invalid artifact template 'vs_blackfyre_template' ]
  Script location: file: common/scripted_effects/00_agot_artifact_vs_sword_effects_override.txt line: 31 (agot_create_artifact_vs_blackfyre_effect[args#2425720076])
[17:50:47][jomini_script_system.cpp:303] [original line 1612] Script system error!
  Error: set_culture_pillar effect [ Invalid database object 'language_agot_lhazaar' ]
  Script location: file: common/scripted_guis/DI_cultural_editor_pillars_sgui.txt line: 620 (DI_language_agot_lhazaar_sgui:effect)
[17:50:47][jomini_effect.cpp:139] [original line 1616] PostValidate of effect 'set_culture_pillar' returned false at file: common/scripted_guis/DI_cultural_editor_pillars_sgui.txt line: 620 (DI_language_agot_lhazaar_sgui:effect)
[17:50:47][jomini_script_system.cpp:303] [original line 1617] Script system error!
  Error: add_innovation effect [ target: Not found in database class CCultureInnovationTypeDatabase ]
  Script location: file: common/character_interactions/DI_character_interaction.txt line: 4616 (DI_change_succession:on_accept)
[17:50:47][jomini_effect.cpp:139] [original line 1621] PostValidate of effect 'add_innovation' returned false at file: common/character_interactions/DI_character_interaction.txt line: 4616 (DI_change_succession:on_accept)
[17:50:47][jomini_script_system.cpp:303] [original line 1622] Script system error!
  Error: add_innovation effect [ target: Not found in database class CCultureInnovationTypeDatabase ]
  Script location: file: common/character_interactions/DI_character_interaction.txt line: 4631 (DI_change_succession:on_accept)
[17:50:47][jomini_effect.cpp:139] [original line 1626] PostValidate of effect 'add_innovation' returned false at file: common/character_interactions/DI_character_interaction.txt line: 4631 (DI_change_succession:on_accept)
[17:50:47][jomini_script_system.cpp:303] [original line 1627] Script system error!
  Error: add_building effect [ Invalid database object 'common_trade_03' ]
  Script location: file: common/on_action/cowagot_province_on_actions.txt line: 174 (set_provinces_on_actions)
[17:50:47][jomini_effect.cpp:139] [original line 1631] PostValidate of effect 'add_building' returned false at file: common/on_action/cowagot_province_on_actions.txt line: 174 (set_provinces_on_actions)
[17:50:47][jomini_script_system.cpp:303] [original line 1632] Script system error!
  Error: remove_building effect [ Invalid database object 'ironwood_01' ]
  Script location: file: common/on_action/cowagot_province_on_actions.txt line: 214 (set_provinces_on_actions)
[17:50:47][jomini_effect.cpp:139] [original line 1636] PostValidate of effect 'remove_building' returned false at file: common/on_action/cowagot_province_on_actions.txt line: 214 (set_provinces_on_actions)
[17:50:47][jomini_script_system.cpp:303] [original line 1637] Script system error!
  Error: add_special_building_slot effect [ Invalid database object 'bearisland_01' ]
  Script location: file: common/on_action/cowagot_province_on_actions.txt line: 273 (set_provinces_on_actions)
[17:50:47][jomini_effect.cpp:139] [original line 1641] PostValidate of effect 'add_special_building_slot' returned false at file: common/on_action/cowagot_province_on_actions.txt line: 273 (set_provinces_on_actions)
[17:50:47][jomini_script_system.cpp:303] [original line 1642] Script system error!
  Error: add_special_building effect [ Invalid database object 'bearisland_01' ]
  Script location: file: common/on_action/cowagot_province_on_actions.txt line: 274 (set_provinces_on_actions)
[17:50:47][jomini_effect.cpp:139] [original line 1646] PostValidate of effect 'add_special_building' returned false at file: common/on_action/cowagot_province_on_actions.txt line: 274 (set_provinces_on_actions)
[17:50:47][jomini_script_system.cpp:303] [original line 1647] Script system error!
  Error: add_special_building_slot effect [ Invalid database object 'harlaw_mines_01' ]
  Script location: file: common/on_action/cowagot_province_on_actions.txt line: 335 (harlaw_building_check_on_actions)
[17:50:47][jomini_effect.cpp:139] [original line 1651] PostValidate of effect 'add_special_building_slot' returned false at file: common/on_action/cowagot_province_on_actions.txt line: 335 (harlaw_building_check_on_actions)
[17:50:47][jomini_script_system.cpp:303] [original line 1652] Script system error!
  Error: learn_language effect [ Invalid database object 'language_arabic' ]
  Script location: file: common/scripted_effects/DI_court_position_spawner_overrides.txt line: 14 (DI_court_position_post_spawn_effect[args#2101251318])
[17:50:47][jomini_effect.cpp:139] [original line 1656] PostValidate of effect 'learn_language' returned false at file: common/scripted_effects/DI_court_position_spawner_overrides.txt line: 14 (DI_court_position_post_spawn_effect[args#2101251318])
[17:50:47][jomini_script_system.cpp:303] [original line 1657] Script system error!
  Error: learn_language effect [ Invalid database object 'language_greek' ]
  Script location: file: common/scripted_effects/DI_court_position_spawner_overrides.txt line: 15 (DI_court_position_post_spawn_effect[args#2101251318])
[17:50:47][jomini_effect.cpp:139] [original line 1661] PostValidate of effect 'learn_language' returned false at file: common/scripted_effects/DI_court_position_spawner_overrides.txt line: 15 (DI_court_position_post_spawn_effect[args#2101251318])
[17:50:47][jomini_script_system.cpp:303] [original line 1662] Script system error!
  Error: learn_language effect [ Invalid database object 'language_latin' ]
  Script location: file: common/scripted_effects/DI_court_position_spawner_overrides.txt line: 16 (DI_court_position_post_spawn_effect[args#2101251318])
[17:50:47][jomini_effect.cpp:139] [original line 1666] PostValidate of effect 'learn_language' returned false at file: common/scripted_effects/DI_court_position_spawner_overrides.txt line: 16 (DI_court_position_post_spawn_effect[args#2101251318])
[17:50:47][jomini_script_system.cpp:303] [original line 1667] Script system error!
  Error: learn_language effect [ Invalid database object 'language_norse' ]
  Script location: file: common/scripted_effects/DI_court_position_spawner_overrides.txt line: 17 (DI_court_position_post_spawn_effect[args#2101251318])
[17:50:47][jomini_effect.cpp:139] [original line 1671] PostValidate of effect 'learn_language' returned false at file: common/scripted_effects/DI_court_position_spawner_overrides.txt line: 17 (DI_court_position_post_spawn_effect[args#2101251318])
[17:50:47][jomini_script_system.cpp:303] [original line 1672] Script system error!
  Error: learn_language effect [ Invalid database object 'language_arabic' ]
  Script location: file: common/scripted_effects/DI_court_position_spawner_overrides.txt line: 26 (DI_court_position_post_spawn_effect[args#2101251318])
[17:50:47][jomini_effect.cpp:139] [original line 1676] PostValidate of effect 'learn_language' returned false at file: common/scripted_effects/DI_court_position_spawner_overrides.txt line: 26 (DI_court_position_post_spawn_effect[args#2101251318])
[17:50:47][jomini_script_system.cpp:303] [original line 1677] Script system error!
  Error: learn_language effect [ Invalid database object 'language_greek' ]
  Script location: file: common/scripted_effects/DI_court_position_spawner_overrides.txt line: 27 (DI_court_position_post_spawn_effect[args#2101251318])
[17:50:47][jomini_effect.cpp:139] [original line 1681] PostValidate of effect 'learn_language' returned false at file: common/scripted_effects/DI_court_position_spawner_overrides.txt line: 27 (DI_court_position_post_spawn_effect[args#2101251318])
[17:50:47][jomini_script_system.cpp:303] [original line 1682] Script system error!
  Error: learn_language effect [ Invalid database object 'language_latin' ]
  Script location: file: common/scripted_effects/DI_court_position_spawner_overrides.txt line: 28 (DI_court_position_post_spawn_effect[args#2101251318])
[17:50:47][jomini_effect.cpp:139] [original line 1686] PostValidate of effect 'learn_language' returned false at file: common/scripted_effects/DI_court_position_spawner_overrides.txt line: 28 (DI_court_position_post_spawn_effect[args#2101251318])
[17:50:47][jomini_script_system.cpp:303] [original line 1687] Script system error!
  Error: learn_language effect [ Invalid database object 'language_norse' ]
  Script location: file: common/scripted_effects/DI_court_position_spawner_overrides.txt line: 29 (DI_court_position_post_spawn_effect[args#2101251318])
[17:50:47][jomini_effect.cpp:139] [original line 1691] PostValidate of effect 'learn_language' returned false at file: common/scripted_effects/DI_court_position_spawner_overrides.txt line: 29 (DI_court_position_post_spawn_effect[args#2101251318])
[17:50:47][jomini_script_system.cpp:303] [original line 1692] Script system error!
  Error: add_trait effect [ target: Not found in database class CTraitDatabase ]
  Script location: file: common/scripted_effects/DI_present_effects.txt line: 20 (DI_personality_trait_randomizer_effect)
[17:50:47][jomini_effect.cpp:139] [original line 1696] PostValidate of effect 'add_trait' returned false at file: common/scripted_effects/DI_present_effects.txt line: 20 (DI_personality_trait_randomizer_effect)
[17:50:47][jomini_script_system.cpp:303] [original line 1697] Script system error!
  Error: add_trait effect [ target: Not found in database class CTraitDatabase ]
  Script location: file: common/scripted_effects/DI_present_effects.txt line: 21 (DI_personality_trait_randomizer_effect)
[17:50:47][jomini_effect.cpp:139] [original line 1701] PostValidate of effect 'add_trait' returned false at file: common/scripted_effects/DI_present_effects.txt line: 21 (DI_personality_trait_randomizer_effect)
[17:50:47][jomini_script_system.cpp:303] [original line 1702] Script system error!
  Error: remove_trait effect [ target: Not found in database class CTraitDatabase ]
  Script location: file: common/scripted_effects/DI_present_effects.txt line: 85 (DI_clear_personality_traits_effect)
[17:50:47][jomini_effect.cpp:139] [original line 1706] PostValidate of effect 'remove_trait' returned false at file: common/scripted_effects/DI_present_effects.txt line: 85 (DI_clear_personality_traits_effect)
[17:50:47][jomini_script_system.cpp:303] [original line 1707] Script system error!
  Error: remove_trait effect [ target: Not found in database class CTraitDatabase ]
  Script location: file: common/scripted_effects/DI_present_effects.txt line: 86 (DI_clear_personality_traits_effect)
[17:50:47][jomini_effect.cpp:139] [original line 1711] PostValidate of effect 'remove_trait' returned false at file: common/scripted_effects/DI_present_effects.txt line: 86 (DI_clear_personality_traits_effect)
[17:50:47][pdx_persistent_reader.cpp:216] [original line 1712] Error: "Unknown modifier type: bond_with_dragon_scheme_success_chance_add, near line: 17
Unknown modifier type: bond_with_dragon_scheme_scheme_success_chance_add, near line: 24" in file: "common/modifier_definition_formats/agot_scheme_definitions.txt" near line: 29
[17:50:47][jomini_script_system.cpp:303] [original line 1714] Script system error!
  Error: has_trait trigger [ Cannot find honorable in trait database ]
  Script location: file: common/scripted_effects/DI_present_effects.txt line: 85 (DI_clear_personality_traits_effect)
[17:50:47][jomini_script_system.cpp:303] [original line 1718] Script system error!
  Error: has_trait trigger [ Cannot find ruthless in trait database ]
  Script location: file: common/scripted_effects/DI_present_effects.txt line: 86 (DI_clear_personality_traits_effect)
[17:50:47][jomini_script_system.cpp:303] [original line 1722] Script system error!
  Error: has_game_rule trigger [ Invalid database object 'show_armor_enabled' ]
  Script location: file: gfx/portraits/portrait_modifiers/01_cloaks_base.txt line: 1333 (cloaks:weight)
[17:50:47][jomini_trigger.cpp:243] [original line 1726] PostValidate of trigger 'has_game_rule' returned false at file: gfx/portraits/portrait_modifiers/01_cloaks_base.txt line: 1333 (cloaks:weight)
[17:50:47][jomini_script_system.cpp:303] [original line 1727] Script system error!
  Error: has_game_rule trigger [ Invalid database object 'show_armor_enabled' ]
  Script location: file: gfx/portraits/portrait_modifiers/01_cloaks_base.txt line: 1338 (cloaks:weight)
[17:50:47][jomini_trigger.cpp:243] [original line 1731] PostValidate of trigger 'has_game_rule' returned false at file: gfx/portraits/portrait_modifiers/01_cloaks_base.txt line: 1338 (cloaks:weight)
[17:50:47][jomini_script_system.cpp:303] [original line 1732] Script system error!
  Error: has_game_rule trigger [ Invalid database object 'show_armor_enabled' ]
  Script location: file: gfx/portraits/portrait_modifiers/01_cloaks_base.txt line: 1642 (cloaks:weight)
[17:50:47][jomini_trigger.cpp:243] [original line 1736] PostValidate of trigger 'has_game_rule' returned false at file: gfx/portraits/portrait_modifiers/01_cloaks_base.txt line: 1642 (cloaks:weight)
[17:50:47][jomini_script_system.cpp:303] [original line 1737] Script system error!
  Error: has_game_rule trigger [ Invalid database object 'show_armor_enabled' ]
  Script location: file: gfx/portraits/portrait_modifiers/01_cloaks_base.txt line: 1684 (cloaks:weight)
[17:50:47][jomini_trigger.cpp:243] [original line 1741] PostValidate of trigger 'has_game_rule' returned false at file: gfx/portraits/portrait_modifiers/01_cloaks_base.txt line: 1684 (cloaks:weight)
[17:50:47][jomini_script_system.cpp:303] [original line 1742] Script system error!
  Error: has_game_rule trigger [ Invalid database object 'show_armor_enabled' ]
  Script location: file: gfx/portraits/portrait_modifiers/01_legwear_base.txt line: 871 (legwear:weight)
[17:50:47][jomini_trigger.cpp:243] [original line 1746] PostValidate of trigger 'has_game_rule' returned false at file: gfx/portraits/portrait_modifiers/01_legwear_base.txt line: 871 (legwear:weight)
[17:50:47][jomini_script_system.cpp:303] [original line 1747] Script system error!
  Error: has_game_rule trigger [ Invalid database object 'show_armor_enabled' ]
  Script location: file: gfx/portraits/portrait_modifiers/01_legwear_base.txt line: 898 (legwear:weight)
[17:50:47][jomini_trigger.cpp:243] [original line 1751] PostValidate of trigger 'has_game_rule' returned false at file: gfx/portraits/portrait_modifiers/01_legwear_base.txt line: 898 (legwear:weight)
[17:50:47][jomini_script_system.cpp:303] [original line 1752] Script system error!
  Error: has_game_rule trigger [ Invalid database object 'show_armor_enabled' ]
  Script location: file: gfx/portraits/portrait_modifiers/01_legwear_base.txt line: 937 (legwear:weight)
[17:50:47][jomini_trigger.cpp:243] [original line 1756] PostValidate of trigger 'has_game_rule' returned false at file: gfx/portraits/portrait_modifiers/01_legwear_base.txt line: 937 (legwear:weight)
[17:50:47][jomini_script_system.cpp:303] [original line 1757] Script system error!
  Error: has_game_rule trigger [ Invalid database object 'show_armor_enabled' ]
  Script location: file: gfx/portraits/portrait_modifiers/05_clothes_situational.txt line: 616 (clothes_situational:weight)
[17:50:47][jomini_trigger.cpp:243] [original line 1761] PostValidate of trigger 'has_game_rule' returned false at file: gfx/portraits/portrait_modifiers/05_clothes_situational.txt line: 616 (clothes_situational:weight)
[17:50:47][jomini_script_system.cpp:303] [original line 1762] Script system error!
  Error: has_game_rule trigger [ Invalid database object 'show_armor_enabled' ]
  Script location: file: gfx/portraits/portrait_modifiers/05_clothes_situational.txt line: 1062 (clothes_situational:weight)
[17:50:47][jomini_trigger.cpp:243] [original line 1766] PostValidate of trigger 'has_game_rule' returned false at file: gfx/portraits/portrait_modifiers/05_clothes_situational.txt line: 1062 (clothes_situational:weight)
[17:50:47][jomini_script_system.cpp:303] [original line 1767] Script system error!
  Error: has_game_rule trigger [ Invalid database object 'show_armor_enabled' ]
  Script location: file: gfx/portraits/portrait_modifiers/05_clothes_situational.txt line: 1109 (clothes_situational:weight)
[17:50:47][jomini_trigger.cpp:243] [original line 1771] PostValidate of trigger 'has_game_rule' returned false at file: gfx/portraits/portrait_modifiers/05_clothes_situational.txt line: 1109 (clothes_situational:weight)
[17:50:47][jomini_script_system.cpp:303] [original line 1772] Script system error!
  Error: has_game_rule trigger [ Invalid database object 'show_armor_enabled' ]
  Script location: file: gfx/portraits/portrait_modifiers/05_clothes_situational.txt line: 1158 (clothes_situational:weight)
[17:50:47][jomini_trigger.cpp:243] [original line 1776] PostValidate of trigger 'has_game_rule' returned false at file: gfx/portraits/portrait_modifiers/05_clothes_situational.txt line: 1158 (clothes_situational:weight)
[17:50:47][jomini_script_system.cpp:303] [original line 1777] Script system error!
  Error: has_game_rule trigger [ Invalid database object 'show_armor_enabled' ]
  Script location: file: gfx/portraits/portrait_modifiers/05_clothes_situational.txt line: 1202 (clothes_situational:weight)
[17:50:47][jomini_trigger.cpp:243] [original line 1781] PostValidate of trigger 'has_game_rule' returned false at file: gfx/portraits/portrait_modifiers/05_clothes_situational.txt line: 1202 (clothes_situational:weight)
[17:50:47][jomini_script_system.cpp:303] [original line 1782] Script system error!
  Error: has_game_rule trigger [ Invalid database object 'show_armor_enabled' ]
  Script location: file: gfx/portraits/portrait_modifiers/05_clothes_situational.txt line: 1248 (clothes_situational:weight)
[17:50:47][jomini_trigger.cpp:243] [original line 1786] PostValidate of trigger 'has_game_rule' returned false at file: gfx/portraits/portrait_modifiers/05_clothes_situational.txt line: 1248 (clothes_situational:weight)
[17:50:47][jomini_script_system.cpp:303] [original line 1787] Script system error!
  Error: has_game_rule trigger [ Invalid database object 'show_armor_enabled' ]
  Script location: file: gfx/portraits/portrait_modifiers/05_clothes_situational.txt line: 1292 (clothes_situational:weight)
[17:50:47][jomini_trigger.cpp:243] [original line 1791] PostValidate of trigger 'has_game_rule' returned false at file: gfx/portraits/portrait_modifiers/05_clothes_situational.txt line: 1292 (clothes_situational:weight)
[17:50:47][jomini_script_system.cpp:303] [original line 1792] Script system error!
  Error: has_game_rule trigger [ Invalid database object 'show_armor_enabled' ]
  Script location: file: gfx/portraits/portrait_modifiers/05_clothes_situational.txt line: 1338 (clothes_situational:weight)
[17:50:47][jomini_trigger.cpp:243] [original line 1796] PostValidate of trigger 'has_game_rule' returned false at file: gfx/portraits/portrait_modifiers/05_clothes_situational.txt line: 1338 (clothes_situational:weight)
[17:50:47][jomini_script_system.cpp:303] [original line 1797] Script system error!
  Error: has_game_rule trigger [ Invalid database object 'show_armor_enabled' ]
  Script location: file: gfx/portraits/portrait_modifiers/05_clothes_situational.txt line: 1382 (clothes_situational:weight)
[17:50:47][jomini_trigger.cpp:243] [original line 1801] PostValidate of trigger 'has_game_rule' returned false at file: gfx/portraits/portrait_modifiers/05_clothes_situational.txt line: 1382 (clothes_situational:weight)
[17:50:47][jomini_script_system.cpp:303] [original line 1802] Script system error!
  Error: has_game_rule trigger [ Invalid database object 'show_armor_enabled' ]
  Script location: file: gfx/portraits/portrait_modifiers/05_clothes_situational.txt line: 1428 (clothes_situational:weight)
[17:50:47][jomini_trigger.cpp:243] [original line 1806] PostValidate of trigger 'has_game_rule' returned false at file: gfx/portraits/portrait_modifiers/05_clothes_situational.txt line: 1428 (clothes_situational:weight)
[17:50:47][jomini_script_system.cpp:303] [original line 1807] Script system error!
  Error: has_game_rule trigger [ Invalid database object 'show_armor_enabled' ]
  Script location: file: gfx/portraits/portrait_modifiers/05_clothes_situational.txt line: 1472 (clothes_situational:weight)
[17:50:47][jomini_trigger.cpp:243] [original line 1811] PostValidate of trigger 'has_game_rule' returned false at file: gfx/portraits/portrait_modifiers/05_clothes_situational.txt line: 1472 (clothes_situational:weight)
[17:50:47][jomini_script_system.cpp:303] [original line 1812] Script system error!
  Error: has_game_rule trigger [ Invalid database object 'show_armor_enabled' ]
  Script location: file: gfx/portraits/portrait_modifiers/05_clothes_situational.txt line: 1518 (clothes_situational:weight)
[17:50:47][jomini_trigger.cpp:243] [original line 1816] PostValidate of trigger 'has_game_rule' returned false at file: gfx/portraits/portrait_modifiers/05_clothes_situational.txt line: 1518 (clothes_situational:weight)
[17:50:47][jomini_script_system.cpp:303] [original line 1817] Script system error!
  Error: has_game_rule trigger [ Invalid database object 'show_armor_enabled' ]
  Script location: file: gfx/portraits/portrait_modifiers/05_clothes_situational.txt line: 1562 (clothes_situational:weight)
[17:50:47][jomini_trigger.cpp:243] [original line 1821] PostValidate of trigger 'has_game_rule' returned false at file: gfx/portraits/portrait_modifiers/05_clothes_situational.txt line: 1562 (clothes_situational:weight)
[17:50:47][jomini_script_system.cpp:303] [original line 1822] Script system error!
  Error: has_game_rule trigger [ Invalid database object 'show_armor_enabled' ]
  Script location: file: gfx/portraits/portrait_modifiers/05_headgear_situational.txt line: 338 (headgear_situational:weight)
[17:50:47][jomini_trigger.cpp:243] [original line 1826] PostValidate of trigger 'has_game_rule' returned false at file: gfx/portraits/portrait_modifiers/05_headgear_situational.txt line: 338 (headgear_situational:weight)
[17:50:47][jomini_script_system.cpp:303] [original line 1827] Script system error!
  Error: has_game_rule trigger [ Invalid database object 'show_armor_enabled' ]
  Script location: file: gfx/portraits/portrait_modifiers/05_headgear_situational.txt line: 395 (headgear_situational:weight)
[17:50:47][jomini_trigger.cpp:243] [original line 1831] PostValidate of trigger 'has_game_rule' returned false at file: gfx/portraits/portrait_modifiers/05_headgear_situational.txt line: 395 (headgear_situational:weight)
[17:50:47][jomini_script_system.cpp:303] [original line 1832] Script system error!
  Error: has_game_rule trigger [ Invalid database object 'show_armor_enabled' ]
  Script location: file: gfx/portraits/portrait_modifiers/05_headgear_situational.txt line: 3127 (headgear_situational:weight)
[17:50:47][jomini_trigger.cpp:243] [original line 1836] PostValidate of trigger 'has_game_rule' returned false at file: gfx/portraits/portrait_modifiers/05_headgear_situational.txt line: 3127 (headgear_situational:weight)
[17:50:47][jomini_script_system.cpp:303] [original line 1837] Script system error!
  Error: has_game_rule trigger [ Invalid database object 'show_armor_enabled' ]
  Script location: file: gfx/portraits/portrait_modifiers/05_headgear_situational.txt line: 3174 (headgear_situational:weight)
[17:50:47][jomini_trigger.cpp:243] [original line 1841] PostValidate of trigger 'has_game_rule' returned false at file: gfx/portraits/portrait_modifiers/05_headgear_situational.txt line: 3174 (headgear_situational:weight)
[17:50:47][jomini_script_system.cpp:303] [original line 1842] Script system error!
  Error: has_game_rule trigger [ Invalid database object 'show_armor_enabled' ]
  Script location: file: gfx/portraits/portrait_modifiers/05_headgear_situational.txt line: 3222 (headgear_situational:weight)
[17:50:47][jomini_trigger.cpp:243] [original line 1846] PostValidate of trigger 'has_game_rule' returned false at file: gfx/portraits/portrait_modifiers/05_headgear_situational.txt line: 3222 (headgear_situational:weight)
[17:50:47][jomini_script_system.cpp:303] [original line 1847] Script system error!
  Error: has_game_rule trigger [ Invalid database object 'show_armor_enabled' ]
  Script location: file: gfx/portraits/portrait_modifiers/05_headgear_situational.txt line: 3266 (headgear_situational:weight)
[17:50:47][jomini_trigger.cpp:243] [original line 1851] PostValidate of trigger 'has_game_rule' returned false at file: gfx/portraits/portrait_modifiers/05_headgear_situational.txt line: 3266 (headgear_situational:weight)
[17:50:47][jomini_script_system.cpp:303] [original line 1852] Script system error!
  Error: has_game_rule trigger [ Invalid database object 'show_armor_enabled' ]
  Script location: file: gfx/portraits/portrait_modifiers/05_headgear_situational.txt line: 3310 (headgear_situational:weight)
[17:50:47][jomini_trigger.cpp:243] [original line 1856] PostValidate of trigger 'has_game_rule' returned false at file: gfx/portraits/portrait_modifiers/05_headgear_situational.txt line: 3310 (headgear_situational:weight)
[17:50:47][jomini_script_system.cpp:303] [original line 1857] Script system error!
  Error: has_game_rule trigger [ Invalid database object 'show_armor_enabled' ]
  Script location: file: gfx/portraits/portrait_modifiers/05_headgear_situational.txt line: 3355 (headgear_situational:weight)
[17:50:47][jomini_trigger.cpp:243] [original line 1861] PostValidate of trigger 'has_game_rule' returned false at file: gfx/portraits/portrait_modifiers/05_headgear_situational.txt line: 3355 (headgear_situational:weight)
[17:50:47][jomini_script_system.cpp:303] [original line 1862] Script system error!
  Error: is_struggle_type trigger [ Invalid database object 'persian_struggle' ]
  Script location: file: common/character_interactions/DI_character_interaction.txt line: 1415 (DI_arrange_marriage_interaction:is_shown)
[17:50:47][jomini_trigger.cpp:243] [original line 1866] PostValidate of trigger 'is_struggle_type' returned false at file: common/character_interactions/DI_character_interaction.txt line: 1415 (DI_arrange_marriage_interaction:is_shown)
[17:50:47][jomini_script_system.cpp:303] [original line 1867] Script system error!
  Error: has_struggle_phase_parameter trigger [ Bool phase parameter 'can_trade_piety_for_marriage_acceptance' does not exist ]
  Script location: file: common/character_interactions/DI_character_interaction.txt line: 1416 (DI_arrange_marriage_interaction:is_shown)
[17:50:47][jomini_trigger.cpp:243] [original line 1871] PostValidate of trigger 'has_struggle_phase_parameter' returned false at file: common/character_interactions/DI_character_interaction.txt line: 1416 (DI_arrange_marriage_interaction:is_shown)
[17:50:47][jomini_script_system.cpp:303] [original line 1872] Script system error!
  Error: is_struggle_type trigger [ Invalid database object 'persian_struggle' ]
  Script location: file: common/character_interactions/DI_character_interaction.txt line: 1424 (DI_arrange_marriage_interaction:is_valid)
[17:50:47][jomini_trigger.cpp:243] [original line 1876] PostValidate of trigger 'is_struggle_type' returned false at file: common/character_interactions/DI_character_interaction.txt line: 1424 (DI_arrange_marriage_interaction:is_valid)
[17:50:47][jomini_script_system.cpp:303] [original line 1877] Script system error!
  Error: is_struggle_type trigger [ Invalid database object 'persian_struggle' ]
  Script location: file: common/character_interactions/DI_character_interaction.txt line: 1430 (DI_arrange_marriage_interaction:is_valid)
[17:50:47][jomini_trigger.cpp:243] [original line 1881] PostValidate of trigger 'is_struggle_type' returned false at file: common/character_interactions/DI_character_interaction.txt line: 1430 (DI_arrange_marriage_interaction:is_valid)
[17:50:47][jomini_script_system.cpp:303] [original line 1882] Script system error!
  Error: has_game_rule trigger [ Invalid database object 'agot_shatter_empires' ]
  Script location: file: common/on_action/ntc_artifacts_startdate.txt line: 128 (ntc_artifact_shattered_kingdoms)
[17:50:47][jomini_trigger.cpp:243] [original line 1886] PostValidate of trigger 'has_game_rule' returned false at file: common/on_action/ntc_artifacts_startdate.txt line: 128 (ntc_artifact_shattered_kingdoms)
[17:50:47][jomini_script_system.cpp:303] [original line 1887] Script system error!
  Error: is_in_family trigger [ Invalid database object 'rf_abrahamic' ]
  Script location: file: common/scripted_effects/DI_char_spawner_effects.txt line: 1464 (DI_char_spawner_resolve_origin_effect)
[17:50:47][jomini_trigger.cpp:243] [original line 1891] PostValidate of trigger 'is_in_family' returned false at file: common/scripted_effects/DI_char_spawner_effects.txt line: 1464 (DI_char_spawner_resolve_origin_effect)
[17:50:47][jomini_script_system.cpp:303] [original line 1892] Script system error!
  Error: is_in_family trigger [ Invalid database object 'rf_abrahamic' ]
  Script location: file: common/scripted_effects/DI_char_spawner_effects.txt line: 1466 (DI_char_spawner_resolve_origin_effect)
[17:50:47][jomini_trigger.cpp:243] [original line 1896] PostValidate of trigger 'is_in_family' returned false at file: common/scripted_effects/DI_char_spawner_effects.txt line: 1466 (DI_char_spawner_resolve_origin_effect)
[17:50:47][jomini_script_system.cpp:303] [original line 1897] Script system error!
  Error: is_in_family trigger [ Invalid database object 'rf_eastern' ]
  Script location: file: common/scripted_effects/DI_char_spawner_effects.txt line: 1470 (DI_char_spawner_resolve_origin_effect)
[17:50:47][jomini_trigger.cpp:243] [original line 1901] PostValidate of trigger 'is_in_family' returned false at file: common/scripted_effects/DI_char_spawner_effects.txt line: 1470 (DI_char_spawner_resolve_origin_effect)
[17:50:47][jomini_script_system.cpp:303] [original line 1902] Script system error!
  Error: is_in_family trigger [ Invalid database object 'rf_eastern' ]
  Script location: file: common/scripted_effects/DI_char_spawner_effects.txt line: 1472 (DI_char_spawner_resolve_origin_effect)
[17:50:47][jomini_trigger.cpp:243] [original line 1906] PostValidate of trigger 'is_in_family' returned false at file: common/scripted_effects/DI_char_spawner_effects.txt line: 1472 (DI_char_spawner_resolve_origin_effect)
[17:50:47][jomini_script_system.cpp:303] [original line 1907] Script system error!
  Error: is_in_family trigger [ Invalid database object 'rf_sinitic' ]
  Script location: file: common/scripted_effects/DI_char_spawner_effects.txt line: 1476 (DI_char_spawner_resolve_origin_effect)
[17:50:47][jomini_trigger.cpp:243] [original line 1911] PostValidate of trigger 'is_in_family' returned false at file: common/scripted_effects/DI_char_spawner_effects.txt line: 1476 (DI_char_spawner_resolve_origin_effect)
[17:50:47][jomini_script_system.cpp:303] [original line 1912] Script system error!
  Error: is_in_family trigger [ Invalid database object 'rf_sinitic' ]
  Script location: file: common/scripted_effects/DI_char_spawner_effects.txt line: 1478 (DI_char_spawner_resolve_origin_effect)
[17:50:47][jomini_trigger.cpp:243] [original line 1916] PostValidate of trigger 'is_in_family' returned false at file: common/scripted_effects/DI_char_spawner_effects.txt line: 1478 (DI_char_spawner_resolve_origin_effect)
[17:50:47][jomini_script_system.cpp:303] [original line 1917] Script system error!
  Error: is_in_family trigger [ Invalid database object 'rf_pagan' ]
  Script location: file: common/scripted_effects/DI_char_spawner_effects.txt line: 1482 (DI_char_spawner_resolve_origin_effect)
[17:50:47][jomini_trigger.cpp:243] [original line 1921] PostValidate of trigger 'is_in_family' returned false at file: common/scripted_effects/DI_char_spawner_effects.txt line: 1482 (DI_char_spawner_resolve_origin_effect)
[17:50:47][jomini_script_system.cpp:303] [original line 1922] Script system error!
  Error: is_in_family trigger [ Invalid database object 'rf_pagan' ]
  Script location: file: common/scripted_effects/DI_char_spawner_effects.txt line: 1484 (DI_char_spawner_resolve_origin_effect)
[17:50:47][jomini_trigger.cpp:243] [original line 1926] PostValidate of trigger 'is_in_family' returned false at file: common/scripted_effects/DI_char_spawner_effects.txt line: 1484 (DI_char_spawner_resolve_origin_effect)
[17:50:47][jomini_script_system.cpp:303] [original line 1927] Script system error!
  Error: has_cultural_parameter trigger [ Bool culture parameter 'can_build_quarries_in_hills' does not exist ]
  Script location: file: common/scripted_triggers/cowagot_building_requirement_triggers.txt line: 12 (building_quarries_requirement_terrain)
[17:50:47][jomini_trigger.cpp:243] [original line 1931] PostValidate of trigger 'has_cultural_parameter' returned false at file: common/scripted_triggers/cowagot_building_requirement_triggers.txt line: 12 (building_quarries_requirement_terrain)
[17:50:47][jomini_script_system.cpp:303] [original line 1932] Script system error!
  Error: has_game_rule trigger [ Invalid database object 'tgc_enabled_enabled' ]
  Script location: file: common/scripted_triggers/tgc_loaded_trigger.txt line: 11 (tgc_standard_equipment_trigger)
[17:50:47][jomini_trigger.cpp:243] [original line 1936] PostValidate of trigger 'has_game_rule' returned false at file: common/scripted_triggers/tgc_loaded_trigger.txt line: 11 (tgc_standard_equipment_trigger)
[17:50:47][jomini_script_system.cpp:303] [original line 1937] Script system error!
  Error: has_game_rule trigger [ Invalid database object 'tgc_enabled_enabled' ]
  Script location: file: common/scripted_triggers/tgc_loaded_trigger.txt line: 59 (tgc_captain_equipment_trigger)
[17:50:47][jomini_trigger.cpp:243] [original line 1941] PostValidate of trigger 'has_game_rule' returned false at file: common/scripted_triggers/tgc_loaded_trigger.txt line: 59 (tgc_captain_equipment_trigger)
[17:50:47][jomini_script_system.cpp:303] [original line 1942] Script system error!
  Error: has_game_rule trigger [ Invalid database object 'tgc_enabled_enabled' ]
  Script location: file: common/scripted_triggers/tgc_loaded_trigger.txt line: 94 (tgc_blackfyre_or_targ_equipment_trigger)
[17:50:47][jomini_trigger.cpp:243] [original line 1946] PostValidate of trigger 'has_game_rule' returned false at file: common/scripted_triggers/tgc_loaded_trigger.txt line: 94 (tgc_blackfyre_or_targ_equipment_trigger)
[17:50:47][jomini_script_system.cpp:303] [original line 1947] Script system error!
  Error: has_game_rule trigger [ Invalid database object 'tgc_blackfyre_enabled' ]
  Script location: file: common/scripted_triggers/tgc_loaded_trigger.txt line: 104 (tgc_blackfyre_equipment_trigger)
[17:50:47][jomini_trigger.cpp:243] [original line 1951] PostValidate of trigger 'has_game_rule' returned false at file: common/scripted_triggers/tgc_loaded_trigger.txt line: 104 (tgc_blackfyre_equipment_trigger)
[17:50:47][jomini_script_system.cpp:303] [original line 1952] Script system error!
  Error: has_game_rule trigger [ Invalid database object 'tgc_faegon_enabled' ]
  Script location: file: common/scripted_triggers/tgc_loaded_trigger.txt line: 120 (tgc_blackfyre_equipment_trigger)
[17:50:47][jomini_trigger.cpp:243] [original line 1956] PostValidate of trigger 'has_game_rule' returned false at file: common/scripted_triggers/tgc_loaded_trigger.txt line: 120 (tgc_blackfyre_equipment_trigger)
[17:50:47][jomini_script_system.cpp:303] [original line 1957] Script system error!
  Error: has_game_rule trigger [ Invalid database object 'tgc_faegon_enabled' ]
  Script location: file: common/scripted_triggers/tgc_loaded_trigger.txt line: 140 (tgc_targaryen_equipment_trigger)
[17:50:47][jomini_trigger.cpp:243] [original line 1961] PostValidate of trigger 'has_game_rule' returned false at file: common/scripted_triggers/tgc_loaded_trigger.txt line: 140 (tgc_targaryen_equipment_trigger)
[17:50:47][jomini_script_system.cpp:303] [original line 1962] Script system error!
  Error: has_game_rule trigger [ Invalid database object 'tgc_enabled_enabled' ]
  Script location: file: common/scripted_triggers/tgc_loaded_trigger.txt line: 163 (tgc_blackfyre_house_equipment_trigger)
[17:50:47][jomini_trigger.cpp:243] [original line 1966] PostValidate of trigger 'has_game_rule' returned false at file: common/scripted_triggers/tgc_loaded_trigger.txt line: 163 (tgc_blackfyre_house_equipment_trigger)
[17:50:47][jomini_script_system.cpp:303] [original line 1967] Script system error!
  Error: has_game_rule trigger [ Invalid database object 'tgc_blackfyre_enabled' ]
  Script location: file: common/scripted_triggers/tgc_loaded_trigger.txt line: 164 (tgc_blackfyre_house_equipment_trigger)
[17:50:47][jomini_trigger.cpp:243] [original line 1971] PostValidate of trigger 'has_game_rule' returned false at file: common/scripted_triggers/tgc_loaded_trigger.txt line: 164 (tgc_blackfyre_house_equipment_trigger)
[17:50:47][jomini_effect.cpp:1161] [original line 1972] Flag 'monastery_holding' is used but is never set. Setting it in an unused scripted trigger or effect does not count
[17:50:47][jomini_effect.cpp:1161] [original line 1973] Flag 'ruin_holding' is used but is never set. Setting it in an unused scripted trigger or effect does not count
[17:50:47][jomini_effect.cpp:1161] [original line 1974] Flag 'highlight_special_buildings_map' is used but is never set. Setting it in an unused scripted trigger or effect does not count
[17:50:47][jomini_effect.cpp:1161] [original line 1975] Flag 'blackDarkRed' is used but is never set. Setting it in an unused scripted trigger or effect does not count
[17:50:47][jomini_effect.cpp:1161] [original line 1976] Flag 'unknown_holding' is used but is never set. Setting it in an unused scripted trigger or effect does not count
[17:50:47][jomini_effect.cpp:1161] [original line 1977] Flag 'settlement_holding' is used but is never set. Setting it in an unused scripted trigger or effect does not count
[17:50:47][jomini_effect.cpp:1161] [original line 1978] Flag 'iceFire' is used but is never set. Setting it in an unused scripted trigger or effect does not count
[17:50:47][jomini_effect.cpp:1161] [original line 1979] Flag 'pirate_den_holding' is used but is never set. Setting it in an unused scripted trigger or effect does not count
[17:50:47][jomini_effect.cpp:1161] [original line 1980] Flag 'wilderness_holding' is used but is never set. Setting it in an unused scripted trigger or effect does not count
[17:50:47][jomini_effect.cpp:1161] [original line 1981] Flag 'roland_crown' is used but is never set. Setting it in an unused scripted trigger or effect does not count
[17:50:47][jomini_effect.cpp:1145] [original line 1982] Flag 'global' is set but is never used. Note that use in localization doesn't count due to technical limitations. Use in unused scripted triggers and effects also does not count
[17:50:47][jomini_effect.cpp:1145] [original line 1983] Flag 'highlight_cow_provinces_map' is set but is never used. Note that use in localization doesn't count due to technical limitations. Use in unused scripted triggers and effects also does not count
[17:50:47][jomini_effect.cpp:1145] [original line 1984] Flag 'all_found' is set but is never used. Note that use in localization doesn't count due to technical limitations. Use in unused scripted triggers and effects also does not count
[17:50:47][jomini_effect.cpp:1145] [original line 1985] Flag 'DI_subtype_throne' is set but is never used. Note that use in localization doesn't count due to technical limitations. Use in unused scripted triggers and effects also does not count
[17:50:47][jomini_effect.cpp:1161] [original line 1986] Variable 'maekars_crown' is used but is never set. Setting it in an unused scripted trigger or effect does not count
[17:50:47][jomini_effect.cpp:1161] [original line 1987] Variable 'highlight_cow_provinces_map' is used but is never set. Setting it in an unused scripted trigger or effect does not count
[17:50:47][jomini_effect.cpp:1161] [original line 1988] Variable 'is_Durrandon_51' is used but is never set. Setting it in an unused scripted trigger or effect does not count
[17:50:47][jomini_effect.cpp:1161] [original line 1989] Variable 'Aotk_enabled' is used but is never set. Setting it in an unused scripted trigger or effect does not count
[17:50:47][jomini_effect.cpp:1161] [original line 1990] Variable 'app_enabled' is used but is never set. Setting it in an unused scripted trigger or effect does not count
[17:50:47][jomini_effect.cpp:1161] [original line 1991] Variable 'crown_aegon_baelor_artifact' is used but is never set. Setting it in an unused scripted trigger or effect does not count
[17:50:47][jomini_effect.cpp:1161] [original line 1992] Variable 'tgc_enabled' is used but is never set. Setting it in an unused scripted trigger or effect does not count
[17:50:47][jomini_effect.cpp:1161] [original line 1993] Variable 'blackfyre' is used but is never set. Setting it in an unused scripted trigger or effect does not count
[17:50:47][jomini_effect.cpp:1161] [original line 1994] Variable 'kingsguard_choice' is used but is never set. Setting it in an unused scripted trigger or effect does not count
[17:50:47][jomini_effect.cpp:1161] [original line 1995] Variable 'darksister' is used but is never set. Setting it in an unused scripted trigger or effect does not count
[17:50:47][jomini_effect.cpp:1161] [original line 1996] Variable 'brightboar_enabled' is used but is never set. Setting it in an unused scripted trigger or effect does not count
[17:50:47][jomini_effect.cpp:1161] [original line 1997] Variable 'is_baratheon_6' is used but is never set. Setting it in an unused scripted trigger or effect does not count
[17:50:47][jomini_effect.cpp:1161] [original line 1998] Variable 'swordman_armor_artifact' is used but is never set. Setting it in an unused scripted trigger or effect does not count
[17:50:47][jomini_effect.cpp:1161] [original line 1999] Variable 'seafoam' is used but is never set. Setting it in an unused scripted trigger or effect does not count
[17:50:47][jomini_effect.cpp:1161] [original line 2000] Variable 'captains_sword' is used but is never set. Setting it in an unused scripted trigger or effect does not count
[17:50:47][jomini_effect.cpp:1145] [original line 2001] Variable 'seafoam_artifact' is set but is never used. Note that use in localization doesn't count due to technical limitations. Use in unused scripted triggers and effects also does not count
[17:50:47][jomini_effect.cpp:1145] [original line 2002] Variable 'pincer_artifact' is set but is never used. Note that use in localization doesn't count due to technical limitations. Use in unused scripted triggers and effects also does not count
[17:50:47][jomini_effect.cpp:1145] [original line 2003] Variable 'blackfyre_artifact' is set but is never used. Note that use in localization doesn't count due to technical limitations. Use in unused scripted triggers and effects also does not count
[17:50:47][jomini_effect.cpp:1145] [original line 2004] Variable 'COWAGOT_is_loaded' is set but is never used. Note that use in localization doesn't count due to technical limitations. Use in unused scripted triggers and effects also does not count
[17:50:47][jomini_effect.cpp:1145] [original line 2005] Variable 'DI_artifact_subtype_display' is set but is never used. Note that use in localization doesn't count due to technical limitations. Use in unused scripted triggers and effects also does not count
[17:50:47][jomini_effect.cpp:1145] [original line 2006] Variable 'DI_artifact_quality_display' is set but is never used. Note that use in localization doesn't count due to technical limitations. Use in unused scripted triggers and effects also does not count
[17:50:47][jomini_effect.cpp:1145] [original line 2007] Variable 'DI_artifact_category_display' is set but is never used. Note that use in localization doesn't count due to technical limitations. Use in unused scripted triggers and effects also does not count
[17:50:47][static_modifier.cpp:200] [original line 2008] Modifier 'lucerys_gun_modifier' was not used by the script or code but exists in the database, this is a waste
[17:50:47][static_modifier.cpp:200] [original line 2009] Modifier 'artifact_monthly_piety_negative_1_modifier' was not used by the script or code but exists in the database, this is a waste
[17:50:47][static_modifier.cpp:200] [original line 2010] Modifier 'artifact_monthly_martial_lifestyle_xp_1_negative_modifier' was not used by the script or code but exists in the database, this is a waste
[17:50:47][static_modifier.cpp:200] [original line 2011] Modifier 'asoiaf_stark_throne_modifier' was not used by the script or code but exists in the database, this is a waste
[17:50:47][portraitanimations.cpp:110] [original line 2012] Unknown animation state 'throneRoom_twoHandedPassiveFat1_entry' scripted for portrait animation 'valyrian_invasion_vs_spear_1_1' in modifier 'throneRoom_two_handed_passive_1_fat' (part 'torso', type 'male')
[17:50:47][portraitanimations.cpp:110] [original line 2013] Unknown animation state 'throneRoom_twoHandedPassiveFat1_entry' scripted for portrait animation 'valyrian_invasion_vs_spear_1_1' in modifier 'throneRoom_two_handed_passive_1_dwarf' (part 'torso', type 'male')
[17:50:47][portraitanimations.cpp:110] [original line 2014] Unknown animation state 'throneRoom_twoHandedPassiveFatDwarf1_entry' scripted for portrait animation 'valyrian_invasion_vs_spear_1_1' in modifier 'throneRoom_two_handed_passive_1_fat_dwarf' (part 'torso', type 'male')
[17:50:47][portraitanimations.cpp:110] [original line 2015] Unknown animation state 'throneRoom_twoHandedPassiveFatDwarf1_entry' scripted for portrait animation 'valyrian_invasion_vs_spear_1_1' in modifier 'throneRoom_two_handed_passive_1_pregnant' (part 'torso', type 'male')
[17:50:47][portraitanimations.cpp:110] [original line 2016] Unknown animation state 'throneRoom_twoHandedPassiveFatDwarf1_entry' scripted for portrait animation 'valyrian_invasion_vs_spear_1_1' in modifier 'throneRoom_two_handed_passive_1_pregnant_dwarf' (part 'torso', type 'male')
[17:50:47][portraitanimations.cpp:110] [original line 2017] Unknown animation state 'throneRoom_twoHandedPassiveFatDwarf1_entry' scripted for portrait animation 'valyrian_invasion_vs_spear_1_1' in modifier 'throneRoom_two_handed_passive_1_pregnant_fat_dwarf' (part 'torso', type 'male')
[17:50:47][portraitanimations.cpp:110] [original line 2018] Unknown animation state 'throneRoom_twoHandedPassiveFat1_entry' scripted for portrait animation 'valyrian_invasion_vs_spear_1_1' in modifier 'throneRoom_two_handed_passive_1_fat' (part 'torso', type 'female')
[17:50:47][portraitanimations.cpp:110] [original line 2019] Unknown animation state 'throneRoom_twoHandedPassiveFat1_entry' scripted for portrait animation 'valyrian_invasion_vs_spear_1_1' in modifier 'throneRoom_two_handed_passive_1_dwarf' (part 'torso', type 'female')
[17:50:47][portraitanimations.cpp:110] [original line 2020] Unknown animation state 'throneRoom_twoHandedPassiveFatDwarf1_entry' scripted for portrait animation 'valyrian_invasion_vs_spear_1_1' in modifier 'throneRoom_two_handed_passive_1_fat_dwarf' (part 'torso', type 'female')
[17:50:47][portraitanimations.cpp:110] [original line 2021] Unknown animation state 'throneRoom_twoHandedPassiveFatDwarf1_entry' scripted for portrait animation 'valyrian_invasion_vs_spear_1_1' in modifier 'throneRoom_two_handed_passive_1_pregnant' (part 'torso', type 'female')
[17:50:47][portraitanimations.cpp:110] [original line 2022] Unknown animation state 'throneRoom_twoHandedPassiveFatDwarf1_entry' scripted for portrait animation 'valyrian_invasion_vs_spear_1_1' in modifier 'throneRoom_two_handed_passive_1_pregnant_dwarf' (part 'torso', type 'female')
[17:50:47][portraitanimations.cpp:110] [original line 2023] Unknown animation state 'throneRoom_twoHandedPassiveFatDwarf1_entry' scripted for portrait animation 'valyrian_invasion_vs_spear_1_1' in modifier 'throneRoom_two_handed_passive_1_pregnant_fat_dwarf' (part 'torso', type 'female')
[17:50:47][portraitanimations.cpp:110] [original line 2024] Unknown animation state 'throneRoom_twoHandedPassiveFat1_entry' scripted for portrait animation 'valyrian_invasion_vs_spear_1_1' in modifier 'throneRoom_two_handed_passive_1_fat' (part 'torso', type 'boy')
[17:50:47][portraitanimations.cpp:110] [original line 2025] Unknown animation state 'throneRoom_twoHandedPassiveFat1_entry' scripted for portrait animation 'valyrian_invasion_vs_spear_1_1' in modifier 'throneRoom_two_handed_passive_1_dwarf' (part 'torso', type 'boy')
[17:50:47][portraitanimations.cpp:110] [original line 2026] Unknown animation state 'throneRoom_twoHandedPassiveFatDwarf1_entry' scripted for portrait animation 'valyrian_invasion_vs_spear_1_1' in modifier 'throneRoom_two_handed_passive_1_fat_dwarf' (part 'torso', type 'boy')
[17:50:47][portraitanimations.cpp:110] [original line 2027] Unknown animation state 'throneRoom_twoHandedPassiveFatDwarf1_entry' scripted for portrait animation 'valyrian_invasion_vs_spear_1_1' in modifier 'throneRoom_two_handed_passive_1_pregnant' (part 'torso', type 'boy')
[17:50:47][portraitanimations.cpp:110] [original line 2028] Unknown animation state 'throneRoom_twoHandedPassiveFatDwarf1_entry' scripted for portrait animation 'valyrian_invasion_vs_spear_1_1' in modifier 'throneRoom_two_handed_passive_1_pregnant_dwarf' (part 'torso', type 'boy')
[17:50:47][portraitanimations.cpp:110] [original line 2029] Unknown animation state 'throneRoom_twoHandedPassiveFatDwarf1_entry' scripted for portrait animation 'valyrian_invasion_vs_spear_1_1' in modifier 'throneRoom_two_handed_passive_1_pregnant_fat_dwarf' (part 'torso', type 'boy')
[17:50:47][portraitanimations.cpp:110] [original line 2030] Unknown animation state 'throneRoom_twoHandedPassiveFat1_entry' scripted for portrait animation 'valyrian_invasion_vs_spear_1_1' in modifier 'throneRoom_two_handed_passive_1_fat' (part 'torso', type 'girl')
[17:50:47][portraitanimations.cpp:110] [original line 2031] Unknown animation state 'throneRoom_twoHandedPassiveFat1_entry' scripted for portrait animation 'valyrian_invasion_vs_spear_1_1' in modifier 'throneRoom_two_handed_passive_1_dwarf' (part 'torso', type 'girl')
[17:50:47][portraitanimations.cpp:110] [original line 2032] Unknown animation state 'throneRoom_twoHandedPassiveFatDwarf1_entry' scripted for portrait animation 'valyrian_invasion_vs_spear_1_1' in modifier 'throneRoom_two_handed_passive_1_fat_dwarf' (part 'torso', type 'girl')
[17:50:47][portraitanimations.cpp:110] [original line 2033] Unknown animation state 'throneRoom_twoHandedPassiveFatDwarf1_entry' scripted for portrait animation 'valyrian_invasion_vs_spear_1_1' in modifier 'throneRoom_two_handed_passive_1_pregnant' (part 'torso', type 'girl')
[17:50:47][portraitanimations.cpp:110] [original line 2034] Unknown animation state 'throneRoom_twoHandedPassiveFatDwarf1_entry' scripted for portrait animation 'valyrian_invasion_vs_spear_1_1' in modifier 'throneRoom_two_handed_passive_1_pregnant_dwarf' (part 'torso', type 'girl')
[17:50:47][portraitanimations.cpp:110] [original line 2035] Unknown animation state 'throneRoom_twoHandedPassiveFatDwarf1_entry' scripted for portrait animation 'valyrian_invasion_vs_spear_1_1' in modifier 'throneRoom_two_handed_passive_1_pregnant_fat_dwarf' (part 'torso', type 'girl')
[17:50:47][portraitanimations.cpp:110] [original line 2036] Unknown animation state 'throneRoom_twoHandedPassiveFat1_entry' scripted for portrait animation 'valyrian_invasion_vs_halberd_1' in modifier 'throneRoom_two_handed_passive_1_fat' (part 'torso', type 'male')
[17:50:47][portraitanimations.cpp:110] [original line 2037] Unknown animation state 'throneRoom_twoHandedPassiveFat1_entry' scripted for portrait animation 'valyrian_invasion_vs_halberd_1' in modifier 'throneRoom_two_handed_passive_1_dwarf' (part 'torso', type 'male')
[17:50:47][portraitanimations.cpp:110] [original line 2038] Unknown animation state 'throneRoom_twoHandedPassiveFatDwarf1_entry' scripted for portrait animation 'valyrian_invasion_vs_halberd_1' in modifier 'throneRoom_two_handed_passive_1_fat_dwarf' (part 'torso', type 'male')
[17:50:47][portraitanimations.cpp:110] [original line 2039] Unknown animation state 'throneRoom_twoHandedPassiveFatDwarf1_entry' scripted for portrait animation 'valyrian_invasion_vs_halberd_1' in modifier 'throneRoom_two_handed_passive_1_pregnant' (part 'torso', type 'male')
[17:50:47][portraitanimations.cpp:110] [original line 2040] Unknown animation state 'throneRoom_twoHandedPassiveFatDwarf1_entry' scripted for portrait animation 'valyrian_invasion_vs_halberd_1' in modifier 'throneRoom_two_handed_passive_1_pregnant_dwarf' (part 'torso', type 'male')
[17:50:47][portraitanimations.cpp:110] [original line 2041] Unknown animation state 'throneRoom_twoHandedPassiveFatDwarf1_entry' scripted for portrait animation 'valyrian_invasion_vs_halberd_1' in modifier 'throneRoom_two_handed_passive_1_pregnant_fat_dwarf' (part 'torso', type 'male')
[17:50:47][portraitanimations.cpp:110] [original line 2042] Unknown animation state 'throneRoom_twoHandedPassiveFat1_entry' scripted for portrait animation 'valyrian_invasion_vs_halberd_1' in modifier 'throneRoom_two_handed_passive_1_fat' (part 'torso', type 'female')
[17:50:47][portraitanimations.cpp:110] [original line 2043] Unknown animation state 'throneRoom_twoHandedPassiveFat1_entry' scripted for portrait animation 'valyrian_invasion_vs_halberd_1' in modifier 'throneRoom_two_handed_passive_1_dwarf' (part 'torso', type 'female')
[17:50:47][portraitanimations.cpp:110] [original line 2044] Unknown animation state 'throneRoom_twoHandedPassiveFatDwarf1_entry' scripted for portrait animation 'valyrian_invasion_vs_halberd_1' in modifier 'throneRoom_two_handed_passive_1_fat_dwarf' (part 'torso', type 'female')
[17:50:47][portraitanimations.cpp:110] [original line 2045] Unknown animation state 'throneRoom_twoHandedPassiveFatDwarf1_entry' scripted for portrait animation 'valyrian_invasion_vs_halberd_1' in modifier 'throneRoom_two_handed_passive_1_pregnant' (part 'torso', type 'female')
[17:50:47][portraitanimations.cpp:110] [original line 2046] Unknown animation state 'throneRoom_twoHandedPassiveFatDwarf1_entry' scripted for portrait animation 'valyrian_invasion_vs_halberd_1' in modifier 'throneRoom_two_handed_passive_1_pregnant_dwarf' (part 'torso', type 'female')
[17:50:47][portraitanimations.cpp:110] [original line 2047] Unknown animation state 'throneRoom_twoHandedPassiveFatDwarf1_entry' scripted for portrait animation 'valyrian_invasion_vs_halberd_1' in modifier 'throneRoom_two_handed_passive_1_pregnant_fat_dwarf' (part 'torso', type 'female')
[17:50:47][portraitanimations.cpp:110] [original line 2048] Unknown animation state 'throneRoom_twoHandedPassiveFat1_entry' scripted for portrait animation 'valyrian_invasion_vs_halberd_1' in modifier 'throneRoom_two_handed_passive_1_fat' (part 'torso', type 'boy')
[17:50:47][portraitanimations.cpp:110] [original line 2049] Unknown animation state 'throneRoom_twoHandedPassiveFat1_entry' scripted for portrait animation 'valyrian_invasion_vs_halberd_1' in modifier 'throneRoom_two_handed_passive_1_dwarf' (part 'torso', type 'boy')
[17:50:47][portraitanimations.cpp:110] [original line 2050] Unknown animation state 'throneRoom_twoHandedPassiveFatDwarf1_entry' scripted for portrait animation 'valyrian_invasion_vs_halberd_1' in modifier 'throneRoom_two_handed_passive_1_fat_dwarf' (part 'torso', type 'boy')
[17:50:47][portraitanimations.cpp:110] [original line 2051] Unknown animation state 'throneRoom_twoHandedPassiveFatDwarf1_entry' scripted for portrait animation 'valyrian_invasion_vs_halberd_1' in modifier 'throneRoom_two_handed_passive_1_pregnant' (part 'torso', type 'boy')
[17:50:47][portraitanimations.cpp:110] [original line 2052] Unknown animation state 'throneRoom_twoHandedPassiveFatDwarf1_entry' scripted for portrait animation 'valyrian_invasion_vs_halberd_1' in modifier 'throneRoom_two_handed_passive_1_pregnant_dwarf' (part 'torso', type 'boy')
[17:50:47][portraitanimations.cpp:110] [original line 2053] Unknown animation state 'throneRoom_twoHandedPassiveFatDwarf1_entry' scripted for portrait animation 'valyrian_invasion_vs_halberd_1' in modifier 'throneRoom_two_handed_passive_1_pregnant_fat_dwarf' (part 'torso', type 'boy')
[17:50:47][portraitanimations.cpp:110] [original line 2054] Unknown animation state 'throneRoom_twoHandedPassiveFat1_entry' scripted for portrait animation 'valyrian_invasion_vs_halberd_1' in modifier 'throneRoom_two_handed_passive_1_fat' (part 'torso', type 'girl')
[17:50:47][portraitanimations.cpp:110] [original line 2055] Unknown animation state 'throneRoom_twoHandedPassiveFat1_entry' scripted for portrait animation 'valyrian_invasion_vs_halberd_1' in modifier 'throneRoom_two_handed_passive_1_dwarf' (part 'torso', type 'girl')
[17:50:47][portraitanimations.cpp:110] [original line 2056] Unknown animation state 'throneRoom_twoHandedPassiveFatDwarf1_entry' scripted for portrait animation 'valyrian_invasion_vs_halberd_1' in modifier 'throneRoom_two_handed_passive_1_fat_dwarf' (part 'torso', type 'girl')
[17:50:47][portraitanimations.cpp:110] [original line 2057] Unknown animation state 'throneRoom_twoHandedPassiveFatDwarf1_entry' scripted for portrait animation 'valyrian_invasion_vs_halberd_1' in modifier 'throneRoom_two_handed_passive_1_pregnant' (part 'torso', type 'girl')
[17:50:47][portraitanimations.cpp:110] [original line 2058] Unknown animation state 'throneRoom_twoHandedPassiveFatDwarf1_entry' scripted for portrait animation 'valyrian_invasion_vs_halberd_1' in modifier 'throneRoom_two_handed_passive_1_pregnant_dwarf' (part 'torso', type 'girl')
[17:50:47][portraitanimations.cpp:110] [original line 2059] Unknown animation state 'throneRoom_twoHandedPassiveFatDwarf1_entry' scripted for portrait animation 'valyrian_invasion_vs_halberd_1' in modifier 'throneRoom_two_handed_passive_1_pregnant_fat_dwarf' (part 'torso', type 'girl')
[17:50:49][game_icons.cpp:746] [original line 2060] file gfx/interface/icons/building_types/icon_building_ten_towers.dds doesn't exist, referenced from building 'agot_ten_towers_01'
[17:50:49][game_icons.cpp:746] [original line 2061] file gfx/interface/icons/building_types/icon_riverrun.dds doesn't exist, referenced from building 'oldstones_old_final'
[17:50:49][game_icons.cpp:746] [original line 2062] file gfx/interface/icons/building_types/icon_riverrun.dds doesn't exist, referenced from building 'oldstones_old_new'
[17:50:49][game_icons.cpp:746] [original line 2063] file gfx/interface/icons/building_types/icon_riverrun.dds doesn't exist, referenced from building 'oldstones_restored_final'
[17:50:50][jomini_eventmanager.cpp:372] [original line 2064] Event buy_valyrian_mask.0001 is orphaned
[17:50:50][jomini_eventmanager.cpp:372] [original line 2065] Event asoiaf_young_griff_landing_events.2 is orphaned
[17:50:51][pdx_assert.cpp:619] [original line 2066] Assertion failed: Achievements not loaded correctly
[17:50:51][databases.h:36] [original line 2067] Key rf_valyrian not found at Database: common/religion/religion_family_types
[17:50:51][databases.h:36] [original line 2068] Key tgp_minister_recruit_courtiers_decision not found at Database: common/decisions
[17:50:52][jomini_effect.cpp:1161] [original line 2069] Flag 'monastery_holding' is used but is never set. Setting it in an unused scripted trigger or effect does not count
[17:50:52][jomini_effect.cpp:1161] [original line 2070] Flag 'ruin_holding' is used but is never set. Setting it in an unused scripted trigger or effect does not count
[17:50:52][jomini_effect.cpp:1161] [original line 2071] Flag 'highlight_special_buildings_map' is used but is never set. Setting it in an unused scripted trigger or effect does not count
[17:50:52][jomini_effect.cpp:1161] [original line 2072] Flag 'blackDarkRed' is used but is never set. Setting it in an unused scripted trigger or effect does not count
[17:50:52][jomini_effect.cpp:1161] [original line 2073] Flag 'unknown_holding' is used but is never set. Setting it in an unused scripted trigger or effect does not count
[17:50:52][jomini_effect.cpp:1161] [original line 2074] Flag 'settlement_holding' is used but is never set. Setting it in an unused scripted trigger or effect does not count
[17:50:52][jomini_effect.cpp:1161] [original line 2075] Flag 'iceFire' is used but is never set. Setting it in an unused scripted trigger or effect does not count
[17:50:52][jomini_effect.cpp:1161] [original line 2076] Flag 'pirate_den_holding' is used but is never set. Setting it in an unused scripted trigger or effect does not count
[17:50:52][jomini_effect.cpp:1161] [original line 2077] Flag 'wilderness_holding' is used but is never set. Setting it in an unused scripted trigger or effect does not count
[17:50:52][jomini_effect.cpp:1161] [original line 2078] Flag 'roland_crown' is used but is never set. Setting it in an unused scripted trigger or effect does not count
[17:50:52][jomini_effect.cpp:1145] [original line 2079] Flag 'global' is set but is never used. Note that use in localization doesn't count due to technical limitations. Use in unused scripted triggers and effects also does not count
[17:50:52][jomini_effect.cpp:1145] [original line 2080] Flag 'highlight_cow_provinces_map' is set but is never used. Note that use in localization doesn't count due to technical limitations. Use in unused scripted triggers and effects also does not count
[17:50:52][jomini_effect.cpp:1145] [original line 2081] Flag 'all_found' is set but is never used. Note that use in localization doesn't count due to technical limitations. Use in unused scripted triggers and effects also does not count
[17:50:52][jomini_effect.cpp:1145] [original line 2082] Flag 'DI_subtype_throne' is set but is never used. Note that use in localization doesn't count due to technical limitations. Use in unused scripted triggers and effects also does not count
[17:50:52][jomini_effect.cpp:1161] [original line 2083] Variable 'maekars_crown' is used but is never set. Setting it in an unused scripted trigger or effect does not count
[17:50:52][jomini_effect.cpp:1161] [original line 2084] Variable 'highlight_cow_provinces_map' is used but is never set. Setting it in an unused scripted trigger or effect does not count
[17:50:52][jomini_effect.cpp:1161] [original line 2085] Variable 'is_Durrandon_51' is used but is never set. Setting it in an unused scripted trigger or effect does not count
[17:50:52][jomini_effect.cpp:1161] [original line 2086] Variable 'Aotk_enabled' is used but is never set. Setting it in an unused scripted trigger or effect does not count
[17:50:52][jomini_effect.cpp:1161] [original line 2087] Variable 'app_enabled' is used but is never set. Setting it in an unused scripted trigger or effect does not count
[17:50:52][jomini_effect.cpp:1161] [original line 2088] Variable 'crown_aegon_baelor_artifact' is used but is never set. Setting it in an unused scripted trigger or effect does not count
[17:50:52][jomini_effect.cpp:1161] [original line 2089] Variable 'tgc_enabled' is used but is never set. Setting it in an unused scripted trigger or effect does not count
[17:50:52][jomini_effect.cpp:1161] [original line 2090] Variable 'blackfyre' is used but is never set. Setting it in an unused scripted trigger or effect does not count
[17:50:52][jomini_effect.cpp:1161] [original line 2091] Variable 'kingsguard_choice' is used but is never set. Setting it in an unused scripted trigger or effect does not count
[17:50:52][jomini_effect.cpp:1161] [original line 2092] Variable 'darksister' is used but is never set. Setting it in an unused scripted trigger or effect does not count
[17:50:52][jomini_effect.cpp:1161] [original line 2093] Variable 'brightboar_enabled' is used but is never set. Setting it in an unused scripted trigger or effect does not count
[17:50:52][jomini_effect.cpp:1161] [original line 2094] Variable 'is_baratheon_6' is used but is never set. Setting it in an unused scripted trigger or effect does not count
[17:50:52][jomini_effect.cpp:1161] [original line 2095] Variable 'swordman_armor_artifact' is used but is never set. Setting it in an unused scripted trigger or effect does not count
[17:50:52][jomini_effect.cpp:1161] [original line 2096] Variable 'seafoam' is used but is never set. Setting it in an unused scripted trigger or effect does not count
[17:50:52][jomini_effect.cpp:1161] [original line 2097] Variable 'captains_sword' is used but is never set. Setting it in an unused scripted trigger or effect does not count
[17:50:52][jomini_effect.cpp:1145] [original line 2098] Variable 'seafoam_artifact' is set but is never used. Note that use in localization doesn't count due to technical limitations. Use in unused scripted triggers and effects also does not count
[17:50:52][jomini_effect.cpp:1145] [original line 2099] Variable 'pincer_artifact' is set but is never used. Note that use in localization doesn't count due to technical limitations. Use in unused scripted triggers and effects also does not count
[17:50:52][jomini_effect.cpp:1145] [original line 2100] Variable 'blackfyre_artifact' is set but is never used. Note that use in localization doesn't count due to technical limitations. Use in unused scripted triggers and effects also does not count
[17:50:52][jomini_effect.cpp:1145] [original line 2101] Variable 'COWAGOT_is_loaded' is set but is never used. Note that use in localization doesn't count due to technical limitations. Use in unused scripted triggers and effects also does not count
[17:50:52][jomini_effect.cpp:1145] [original line 2102] Variable 'DI_artifact_subtype_display' is set but is never used. Note that use in localization doesn't count due to technical limitations. Use in unused scripted triggers and effects also does not count
[17:50:52][jomini_effect.cpp:1145] [original line 2103] Variable 'DI_artifact_quality_display' is set but is never used. Note that use in localization doesn't count due to technical limitations. Use in unused scripted triggers and effects also does not count
[17:50:52][jomini_effect.cpp:1145] [original line 2104] Variable 'DI_artifact_category_display' is set but is never used. Note that use in localization doesn't count due to technical limitations. Use in unused scripted triggers and effects also does not count
[17:50:52][history.cpp:644] [original line 2105] Referencing non-existent character in script link character:Gardener_75
[17:50:52][history.cpp:644] [original line 2106] Referencing non-existent character in script link character:Gardener_75