FineCategory,Line,Time,Component,Message,Category,Owner,Files,Key,FirstFile,SecondFile
descriptor,1,17:48:34,dlc_descriptor.cpp:70,Invalid supported_version in file: mod/ugc_2261468688.mod line: 6,Mod descriptor warning,,,,,
texture_duplicates,1192,17:49:51,pdxassetutil.cpp:1009,"Duplicate texture 'ep3_patras_castle_01_a_unique.dds' found (current path 'gfx/models/buildings/special/high_hermitage/ep3_patras_castle_01_a_unique.dds', previous path 'gfx/models/buildings/special/ep3_patras_castle_01_a/ep3_patras_castle_01_a_unique.dds')",Graphics / portrait source error,CK3 | COW-AGOT: 3D Models & Bigger Castles,gfx/models/buildings/special/ep3_patras_castle_01_a/ep3_patras_castle_01_a_unique.dds | gfx/models/buildings/special/high_hermitage/ep3_patras_castle_01_a_unique.dds,,,
texture_duplicates,1193,17:49:51,pdxassetutil.cpp:1009,"Duplicate texture 'ep3_patras_castle_ground_diffuse.dds' found (current path 'gfx/models/buildings/special/high_hermitage/ep3_patras_castle_ground_diffuse.dds', previous path 'gfx/models/buildings/special/ep3_patras_castle_01_a/ep3_patras_castle_ground_diffuse.dds')",Graphics / portrait source error,CK3 | COW-AGOT: 3D Models & Bigger Castles,gfx/models/buildings/special/ep3_patras_castle_01_a/ep3_patras_castle_ground_diffuse.dds | gfx/models/buildings/special/high_hermitage/ep3_patras_castle_ground_diffuse.dds,,,
texture_duplicates,1194,17:49:51,pdxassetutil.cpp:1009,"Duplicate texture 'ep3_patras_castle_ground_normal.dds' found (current path 'gfx/models/buildings/special/high_hermitage/ep3_patras_castle_ground_normal.dds', previous path 'gfx/models/buildings/special/ep3_patras_castle_01_a/ep3_patras_castle_ground_normal.dds')",Graphics / portrait source error,CK3 | COW-AGOT: 3D Models & Bigger Castles,gfx/models/buildings/special/ep3_patras_castle_01_a/ep3_patras_castle_ground_normal.dds | gfx/models/buildings/special/high_hermitage/ep3_patras_castle_ground_normal.dds,,,
texture_duplicates,1195,17:49:51,pdxassetutil.cpp:1009,"Duplicate texture 'ep3_patras_castle_ground_properties.dds' found (current path 'gfx/models/buildings/special/high_hermitage/ep3_patras_castle_ground_properties.dds', previous path 'gfx/models/buildings/special/ep3_patras_castle_01_a/ep3_patras_castle_ground_properties.dds')",Graphics / portrait source error,CK3 | COW-AGOT: 3D Models & Bigger Castles,gfx/models/buildings/special/ep3_patras_castle_01_a/ep3_patras_castle_ground_properties.dds | gfx/models/buildings/special/high_hermitage/ep3_patras_castle_ground_properties.dds,,,
texture_duplicates,1196,17:49:51,pdxassetutil.cpp:1009,"Duplicate texture 'ethiopian_atlas_diffuse.dds' found (current path 'gfx/models/buildings/special/Karhold/ethiopian_atlas_diffuse.dds', previous path 'gfx/models/buildings/holdings/atlas/ethiopian/ethiopian_atlas_diffuse.dds')",Graphics / portrait source error,A Game of Thrones | COW-AGOT: 3D Models & Bigger Castles,gfx/models/buildings/holdings/atlas/ethiopian/ethiopian_atlas_diffuse.dds | gfx/models/buildings/special/Karhold/ethiopian_atlas_diffuse.dds,,,
texture_duplicates,1197,17:49:51,pdxassetutil.cpp:1009,"Duplicate texture 'ethiopian_atlas_diffuse.dds' found (current path 'gfx/models/buildings/special/Runestone/ethiopian_atlas_diffuse.dds', previous path 'gfx/models/buildings/holdings/atlas/ethiopian/ethiopian_atlas_diffuse.dds')",Graphics / portrait source error,A Game of Thrones | COW-AGOT: 3D Models & Bigger Castles,gfx/models/buildings/holdings/atlas/ethiopian/ethiopian_atlas_diffuse.dds | gfx/models/buildings/special/Runestone/ethiopian_atlas_diffuse.dds,,,
texture_duplicates,1198,17:49:51,pdxassetutil.cpp:1009,"Duplicate texture 'ethiopian_atlas_normal.dds' found (current path 'gfx/models/buildings/special/Karhold/ethiopian_atlas_normal.dds', previous path 'gfx/models/buildings/holdings/atlas/ethiopian/ethiopian_atlas_normal.dds')",Graphics / portrait source error,A Game of Thrones | COW-AGOT: 3D Models & Bigger Castles,gfx/models/buildings/holdings/atlas/ethiopian/ethiopian_atlas_normal.dds | gfx/models/buildings/special/Karhold/ethiopian_atlas_normal.dds,,,
texture_duplicates,1199,17:49:51,pdxassetutil.cpp:1009,"Duplicate texture 'ethiopian_atlas_normal.dds' found (current path 'gfx/models/buildings/special/Runestone/ethiopian_atlas_normal.dds', previous path 'gfx/models/buildings/holdings/atlas/ethiopian/ethiopian_atlas_normal.dds')",Graphics / portrait source error,A Game of Thrones | COW-AGOT: 3D Models & Bigger Castles,gfx/models/buildings/holdings/atlas/ethiopian/ethiopian_atlas_normal.dds | gfx/models/buildings/special/Runestone/ethiopian_atlas_normal.dds,,,
texture_duplicates,1200,17:49:51,pdxassetutil.cpp:1009,"Duplicate texture 'ethiopian_atlas_properties.dds' found (current path 'gfx/models/buildings/special/Karhold/ethiopian_atlas_properties.dds', previous path 'gfx/models/buildings/holdings/atlas/ethiopian/ethiopian_atlas_properties.dds')",Graphics / portrait source error,A Game of Thrones | COW-AGOT: 3D Models & Bigger Castles,gfx/models/buildings/holdings/atlas/ethiopian/ethiopian_atlas_properties.dds | gfx/models/buildings/special/Karhold/ethiopian_atlas_properties.dds,,,
texture_duplicates,1201,17:49:51,pdxassetutil.cpp:1009,"Duplicate texture 'ethiopian_atlas_properties.dds' found (current path 'gfx/models/buildings/special/Runestone/ethiopian_atlas_properties.dds', previous path 'gfx/models/buildings/holdings/atlas/ethiopian/ethiopian_atlas_properties.dds')",Graphics / portrait source error,A Game of Thrones | COW-AGOT: 3D Models & Bigger Castles,gfx/models/buildings/holdings/atlas/ethiopian/ethiopian_atlas_properties.dds | gfx/models/buildings/special/Runestone/ethiopian_atlas_properties.dds,,,
mesh_uv,1202,17:49:54,pdxassetutil.cpp:556,UV-Set: 1 in mesh 'crag_crenelation' in file 'gfx/models/buildings/special/crag/crag.mesh' has no valid triangle to use when calculating texture streaming factor. Texture streaming needs a triangle with an area.,Graphics / portrait source error,COW-AGOT: 3D Models & Bigger Castles,gfx/models/buildings/special/crag/crag.mesh,,,
mesh_uv,1203,17:49:54,pdxassetutil.cpp:556,UV-Set: 1 in mesh 'gold_ball' in file 'gfx/models/buildings/special/cow_blackhaven/cow_blackhaven.mesh' has no valid triangle to use when calculating texture streaming factor. Texture streaming needs a triangle with an area.,Graphics / portrait source error,COW-AGOT: 3D Models & Bigger Castles,gfx/models/buildings/special/cow_blackhaven/cow_blackhaven.mesh,,,
mesh_uv,1204,17:49:54,pdxassetutil.cpp:556,UV-Set: 1 in mesh 'crag_stone_ground' in file 'gfx/models/buildings/special/cow_blackhaven/cow_blackhaven.mesh' has no valid triangle to use when calculating texture streaming factor. Texture streaming needs a triangle with an area.,Graphics / portrait source error,COW-AGOT: 3D Models & Bigger Castles,gfx/models/buildings/special/cow_blackhaven/cow_blackhaven.mesh,,,
mesh_settings,1205,17:49:54,pdxassetutil.cpp:1763,pdxmesh [cow_blackhaven_mesh] is out of sync with its meshsettings. [blackhaven_rockShape] is not in use in file: gfx/models/buildings/special/cow_blackhaven/cow_blackhaven.mesh,Graphics / portrait source error,COW-AGOT: 3D Models & Bigger Castles,gfx/models/buildings/special/cow_blackhaven/cow_blackhaven.mesh,,,
mesh_settings,1206,17:49:54,pdxassetutil.cpp:1763,pdxmesh [crag_mesh] is out of sync with its meshsettings. [lannisport_dgShape] is not in use in file: gfx/models/buildings/special/crag/crag.mesh,Graphics / portrait source error,COW-AGOT: 3D Models & Bigger Castles,gfx/models/buildings/special/crag/crag.mesh,,,
mesh_settings,1207,17:49:54,pdxassetutil.cpp:1763,pdxmesh [crag_mesh] is out of sync with its meshsettings. [lannisport_lkShape] is not in use in file: gfx/models/buildings/special/crag/crag.mesh,Graphics / portrait source error,COW-AGOT: 3D Models & Bigger Castles,gfx/models/buildings/special/crag/crag.mesh,,,
mesh_settings,1208,17:49:54,pdxassetutil.cpp:1763,pdxmesh [crag_mesh] is out of sync with its meshsettings. [lannisport_lpShape] is not in use in file: gfx/models/buildings/special/crag/crag.mesh,Graphics / portrait source error,COW-AGOT: 3D Models & Bigger Castles,gfx/models/buildings/special/crag/crag.mesh,,,
mesh_settings,1209,17:49:55,pdxassetutil.cpp:1763,pdxmesh [building_special_lonely_light_04] is out of sync with its meshsettings. [dock_tower_wood] is not in use in file: gfx/models/buildings/special/Lonely Light/building_special_lonely_light_04.mesh,Graphics / portrait source error,COW-AGOT: 3D Models & Bigger Castles,gfx/models/buildings/special/Lonely Light/building_special_lonely_light_04.mesh,,,
mesh_settings,1210,17:49:56,pdxassetutil.cpp:1763,pdxmesh [starpike_mesh] is out of sync with its meshsettings. [starpike_ground] is not in use in file: gfx/models/buildings/special/starpike/starpike.mesh,Graphics / portrait source error,COW-AGOT: 3D Models & Bigger Castles,gfx/models/buildings/special/starpike/starpike.mesh,,,
mesh_settings,1211,17:49:56,pdxassetutil.cpp:1763,pdxmesh [starpike_mesh] is out of sync with its meshsettings. [starpike_lower] is not in use in file: gfx/models/buildings/special/starpike/starpike.mesh,Graphics / portrait source error,COW-AGOT: 3D Models & Bigger Castles,gfx/models/buildings/special/starpike/starpike.mesh,,,
mesh_settings,1212,17:49:56,pdxassetutil.cpp:1763,pdxmesh [high_hermitage_mesh] is out of sync with its meshsettings. [ep3_basilica_sant_apollinare_nuovo_decalShape] is not in use in file: gfx/models/buildings/special/high_hermitage/high_hermitage.mesh,Graphics / portrait source error,COW-AGOT: 3D Models & Bigger Castles,gfx/models/buildings/special/high_hermitage/high_hermitage.mesh,,,
mesh_uv,1213,17:49:56,pdxassetutil.cpp:556,UV-Set: 1 in mesh 'pole_town' in file 'gfx/models/buildings/special/planky town/planky_town.mesh' has no valid triangle to use when calculating texture streaming factor. Texture streaming needs a triangle with an area.,Graphics / portrait source error,COW-AGOT: 3D Models & Bigger Castles,gfx/models/buildings/special/planky town/planky_town.mesh,,,
mesh_uv,1214,17:49:57,pdxassetutil.cpp:556,UV-Set: 1 in mesh 'rooksrest_stone_ground' in file 'gfx/models/buildings/special/rooksrest/rooksrest.mesh' has no valid triangle to use when calculating texture streaming factor. Texture streaming needs a triangle with an area.,Graphics / portrait source error,COW-AGOT: 3D Models & Bigger Castles,gfx/models/buildings/special/rooksrest/rooksrest.mesh,,,
mesh_uv,1215,17:49:57,pdxassetutil.cpp:556,UV-Set: 0 in mesh 'lift' in file 'gfx/models/buildings/special/castamere/24castamere_3.mesh' has no valid triangle to use when calculating texture streaming factor. Texture streaming needs a triangle with an area.,Graphics / portrait source error,COW-AGOT: 3D Models & Bigger Castles,gfx/models/buildings/special/castamere/24castamere_3.mesh,,,
textures,1216,17:49:57,pdxassetutil.cpp:1053,Failed to find texture 'building_backup_atlas_properties.dds',Graphics / portrait source error,,,,,
textures,1217,17:49:57,virtualfilesystem.cpp:456,Could not find texture due to 'VFSOpen Error: gfx/models/buildings/special/castamere/building_backup_atlas_properties.dds not found',Other error,Unresolved file,gfx/models/buildings/special/castamere/building_backup_atlas_properties.dds,,,
textures,1218,17:49:57,pdxassetutil.cpp:1053,Failed to find texture 'building_backup_atlas_normal.dds',Graphics / portrait source error,,,,,
textures,1219,17:49:57,virtualfilesystem.cpp:456,Could not find texture due to 'VFSOpen Error: gfx/models/buildings/special/castamere/building_backup_atlas_normal.dds not found',Other error,Unresolved file,gfx/models/buildings/special/castamere/building_backup_atlas_normal.dds,,,
mesh_uv,1220,17:49:57,pdxassetutil.cpp:556,UV-Set: 0 in mesh 'pallet' in file 'gfx/models/buildings/special/castamere/24castamere_3.mesh' has no valid triangle to use when calculating texture streaming factor. Texture streaming needs a triangle with an area.,Graphics / portrait source error,COW-AGOT: 3D Models & Bigger Castles,gfx/models/buildings/special/castamere/24castamere_3.mesh,,,
textures,1221,17:49:57,pdxassetutil.cpp:1053,Failed to find texture 'building_backup_atlas_properties.dds',Graphics / portrait source error,,,,,
textures,1222,17:49:57,virtualfilesystem.cpp:456,Could not find texture due to 'VFSOpen Error: gfx/models/buildings/special/castamere/building_backup_atlas_properties.dds not found',Other error,Unresolved file,gfx/models/buildings/special/castamere/building_backup_atlas_properties.dds,,,
textures,1223,17:49:57,pdxassetutil.cpp:1053,Failed to find texture 'building_backup_atlas_normal.dds',Graphics / portrait source error,,,,,
textures,1224,17:49:57,virtualfilesystem.cpp:456,Could not find texture due to 'VFSOpen Error: gfx/models/buildings/special/castamere/building_backup_atlas_normal.dds not found',Other error,Unresolved file,gfx/models/buildings/special/castamere/building_backup_atlas_normal.dds,,,
mesh_uv,1225,17:49:58,pdxassetutil.cpp:556,UV-Set: 1 in mesh 'ashemark_stone_ground' in file 'gfx/models/buildings/special/ashemark/ashemark.mesh' has no valid triangle to use when calculating texture streaming factor. Texture streaming needs a triangle with an area.,Graphics / portrait source error,COW-AGOT: 3D Models & Bigger Castles,gfx/models/buildings/special/ashemark/ashemark.mesh,,,
mesh_settings,1226,17:49:58,pdxassetutil.cpp:1763,pdxmesh [building_palestone_sword_01_mesh] is out of sync with its meshsettings. [casterlyrock_rockShape] is not in use in file: gfx/models/buildings/special/palestone_sword/building_palestone_sword_01.mesh,Graphics / portrait source error,COW-AGOT: 3D Models & Bigger Castles,gfx/models/buildings/special/palestone_sword/building_palestone_sword_01.mesh,,,
mesh_uv,1227,17:49:58,pdxassetutil.cpp:556,UV-Set: 1 in mesh 'lannisport_dgShape' in file 'gfx/models/buildings/special/fanghill/fanghill.mesh' has no valid triangle to use when calculating texture streaming factor. Texture streaming needs a triangle with an area.,Graphics / portrait source error,COW-AGOT: 3D Models & Bigger Castles,gfx/models/buildings/special/fanghill/fanghill.mesh,,,
mesh_uv,1228,17:49:59,pdxassetutil.cpp:556,UV-Set: 0 in mesh 'lift' in file 'gfx/models/buildings/special/castamere/24castamere_2.mesh' has no valid triangle to use when calculating texture streaming factor. Texture streaming needs a triangle with an area.,Graphics / portrait source error,COW-AGOT: 3D Models & Bigger Castles,gfx/models/buildings/special/castamere/24castamere_2.mesh,,,
textures,1229,17:49:59,pdxassetutil.cpp:1053,Failed to find texture 'building_backup_atlas_properties.dds',Graphics / portrait source error,,,,,
textures,1230,17:49:59,virtualfilesystem.cpp:456,Could not find texture due to 'VFSOpen Error: gfx/models/buildings/special/castamere/building_backup_atlas_properties.dds not found',Other error,Unresolved file,gfx/models/buildings/special/castamere/building_backup_atlas_properties.dds,,,
textures,1231,17:49:59,pdxassetutil.cpp:1053,Failed to find texture 'building_backup_atlas_normal.dds',Graphics / portrait source error,,,,,
textures,1232,17:49:59,virtualfilesystem.cpp:456,Could not find texture due to 'VFSOpen Error: gfx/models/buildings/special/castamere/building_backup_atlas_normal.dds not found',Other error,Unresolved file,gfx/models/buildings/special/castamere/building_backup_atlas_normal.dds,,,
mesh_uv,1233,17:49:59,pdxassetutil.cpp:556,UV-Set: 0 in mesh 'pallet' in file 'gfx/models/buildings/special/castamere/24castamere_2.mesh' has no valid triangle to use when calculating texture streaming factor. Texture streaming needs a triangle with an area.,Graphics / portrait source error,COW-AGOT: 3D Models & Bigger Castles,gfx/models/buildings/special/castamere/24castamere_2.mesh,,,
textures,1234,17:49:59,pdxassetutil.cpp:1053,Failed to find texture 'building_backup_atlas_properties.dds',Graphics / portrait source error,,,,,
textures,1235,17:49:59,virtualfilesystem.cpp:456,Could not find texture due to 'VFSOpen Error: gfx/models/buildings/special/castamere/building_backup_atlas_properties.dds not found',Other error,Unresolved file,gfx/models/buildings/special/castamere/building_backup_atlas_properties.dds,,,
textures,1236,17:49:59,pdxassetutil.cpp:1053,Failed to find texture 'building_backup_atlas_normal.dds',Graphics / portrait source error,,,,,
textures,1237,17:49:59,virtualfilesystem.cpp:456,Could not find texture due to 'VFSOpen Error: gfx/models/buildings/special/castamere/building_backup_atlas_normal.dds not found',Other error,Unresolved file,gfx/models/buildings/special/castamere/building_backup_atlas_normal.dds,,,
mesh_uv,1238,17:49:59,pdxassetutil.cpp:556,UV-Set: 1 in mesh 'crag_upper' in file 'gfx/models/buildings/special/crag/crag_level_2.mesh' has no valid triangle to use when calculating texture streaming factor. Texture streaming needs a triangle with an area.,Graphics / portrait source error,COW-AGOT: 3D Models & Bigger Castles,gfx/models/buildings/special/crag/crag_level_2.mesh,,,
mesh_uv,1239,17:49:59,pdxassetutil.cpp:556,UV-Set: 1 in mesh 'crag_upper' in file 'gfx/models/buildings/special/crag/crag_level_2.mesh' has no valid triangle to use when calculating texture streaming factor. Texture streaming needs a triangle with an area.,Graphics / portrait source error,COW-AGOT: 3D Models & Bigger Castles,gfx/models/buildings/special/crag/crag_level_2.mesh,,,
mesh_uv,1240,17:49:59,pdxassetutil.cpp:556,UV-Set: 1 in mesh 'crag_stone_ground' in file 'gfx/models/buildings/special/crag/crag_level_2.mesh' has no valid triangle to use when calculating texture streaming factor. Texture streaming needs a triangle with an area.,Graphics / portrait source error,COW-AGOT: 3D Models & Bigger Castles,gfx/models/buildings/special/crag/crag_level_2.mesh,,,
mesh_settings,1241,17:49:59,pdxassetutil.cpp:1763,pdxmesh [crag_level_2_mesh] is out of sync with its meshsettings. [lannisport_dgShape] is not in use in file: gfx/models/buildings/special/crag/crag_level_2.mesh,Graphics / portrait source error,COW-AGOT: 3D Models & Bigger Castles,gfx/models/buildings/special/crag/crag_level_2.mesh,,,
mesh_settings,1242,17:49:59,pdxassetutil.cpp:1763,pdxmesh [crag_level_2_mesh] is out of sync with its meshsettings. [lannisport_lkShape] is not in use in file: gfx/models/buildings/special/crag/crag_level_2.mesh,Graphics / portrait source error,COW-AGOT: 3D Models & Bigger Castles,gfx/models/buildings/special/crag/crag_level_2.mesh,,,
mesh_settings,1243,17:49:59,pdxassetutil.cpp:1763,pdxmesh [crag_level_2_mesh] is out of sync with its meshsettings. [lannisport_lpShape] is not in use in file: gfx/models/buildings/special/crag/crag_level_2.mesh,Graphics / portrait source error,COW-AGOT: 3D Models & Bigger Castles,gfx/models/buildings/special/crag/crag_level_2.mesh,,,
mesh_settings,1244,17:50:00,pdxassetutil.cpp:1763,pdxmesh [building_special_sisterton_mesh] is out of sync with its meshsettings. [sisteron_rough_walls] is not in use in file: gfx/models/buildings/special/sisterton/building_special_sisterton.mesh,Graphics / portrait source error,COW-AGOT: 3D Models & Bigger Castles,gfx/models/buildings/special/sisterton/building_special_sisterton.mesh,,,
mesh_uv,1245,17:50:00,pdxassetutil.cpp:556,UV-Set: 0 in mesh 'building_griffin_roost_castle' in file 'gfx/models/buildings/special/griffins roost/building_special_griffins_roost.mesh' has no valid triangle to use when calculating texture streaming factor. Texture streaming needs a triangle with an area.,Graphics / portrait source error,COW-AGOT: 3D Models & Bigger Castles,gfx/models/buildings/special/griffins roost/building_special_griffins_roost.mesh,,,
mesh_uv,1246,17:50:00,pdxassetutil.cpp:556,UV-Set: 0 in mesh 'griffin_roost_roof' in file 'gfx/models/buildings/special/griffins roost/building_special_griffins_roost.mesh' has no valid triangle to use when calculating texture streaming factor. Texture streaming needs a triangle with an area.,Graphics / portrait source error,COW-AGOT: 3D Models & Bigger Castles,gfx/models/buildings/special/griffins roost/building_special_griffins_roost.mesh,,,
mesh_uv,1247,17:50:00,pdxassetutil.cpp:556,UV-Set: 1 in mesh 'rooksrest_stone_ground' in file 'gfx/models/buildings/special/rooksrest/rooksrest2.mesh' has no valid triangle to use when calculating texture streaming factor. Texture streaming needs a triangle with an area.,Graphics / portrait source error,COW-AGOT: 3D Models & Bigger Castles,gfx/models/buildings/special/rooksrest/rooksrest2.mesh,,,
mesh_uv,1248,17:50:00,pdxassetutil.cpp:556,UV-Set: 1 in mesh 'rooksrest_stone' in file 'gfx/models/buildings/special/rooksrest/rooksrest2.mesh' has no valid triangle to use when calculating texture streaming factor. Texture streaming needs a triangle with an area.,Graphics / portrait source error,COW-AGOT: 3D Models & Bigger Castles,gfx/models/buildings/special/rooksrest/rooksrest2.mesh,,,
mesh_settings,1249,17:50:00,pdxassetutil.cpp:1763,pdxmesh [lordsport_mesh] is out of sync with its meshsettings. [iron] is not in use in file: gfx/models/buildings/special/lordsport/lordsport.mesh,Graphics / portrait source error,COW-AGOT: 3D Models & Bigger Castles,gfx/models/buildings/special/lordsport/lordsport.mesh,,,
mesh_settings,1250,17:50:00,pdxassetutil.cpp:1763,pdxmesh [lordsport_mesh] is out of sync with its meshsettings. [lordsport_stone_ground] is not in use in file: gfx/models/buildings/special/lordsport/lordsport.mesh,Graphics / portrait source error,COW-AGOT: 3D Models & Bigger Castles,gfx/models/buildings/special/lordsport/lordsport.mesh,,,
mesh_settings,1251,17:50:01,pdxassetutil.cpp:1763,pdxmesh [building_special_yronwood_mesh] is out of sync with its meshsettings. [fp2_building_special_alhambra_01_palm_treeShape] is not in use in file: gfx/models/buildings/special/yronwood/building_special_yronwood.mesh,Graphics / portrait source error,COW-AGOT: 3D Models & Bigger Castles,gfx/models/buildings/special/yronwood/building_special_yronwood.mesh,,,
mesh_uv,1252,17:50:01,pdxassetutil.cpp:556,UV-Set: 0 in mesh 'the_ground' in file 'gfx/models/buildings/special/deepwood_motte/deepwood_motte.mesh' has no valid triangle to use when calculating texture streaming factor. Texture streaming needs a triangle with an area.,Graphics / portrait source error,COW-AGOT: 3D Models & Bigger Castles,gfx/models/buildings/special/deepwood_motte/deepwood_motte.mesh,,,
mesh_uv,1253,17:50:01,pdxassetutil.cpp:556,UV-Set: 1 in mesh 'building_special_evenfall_1Shape' in file 'gfx/models/buildings/special/Evenfall/building_special_evenfall.mesh' has no valid triangle to use when calculating texture streaming factor. Texture streaming needs a triangle with an area.,Graphics / portrait source error,COW-AGOT: 3D Models & Bigger Castles,gfx/models/buildings/special/Evenfall/building_special_evenfall.mesh,,,
mesh_uv,1254,17:50:01,pdxassetutil.cpp:556,UV-Set: 1 in mesh 'building_special_evenfall_2Shape' in file 'gfx/models/buildings/special/Evenfall/building_special_evenfall.mesh' has no valid triangle to use when calculating texture streaming factor. Texture streaming needs a triangle with an area.,Graphics / portrait source error,COW-AGOT: 3D Models & Bigger Castles,gfx/models/buildings/special/Evenfall/building_special_evenfall.mesh,,,
mesh_settings,1255,17:50:01,pdxassetutil.cpp:1763,pdxmesh [building_special_evenfall_mesh] is out of sync with its meshsettings. [building_special_evenfall_4Shape] is not in use in file: gfx/models/buildings/special/Evenfall/building_special_evenfall.mesh,Graphics / portrait source error,COW-AGOT: 3D Models & Bigger Castles,gfx/models/buildings/special/Evenfall/building_special_evenfall.mesh,,,
mesh_settings,1256,17:50:01,pdxassetutil.cpp:1763,pdxmesh [building_special_evenfall_mesh] is out of sync with its meshsettings. [building_special_evenfall_cellsShape] is not in use in file: gfx/models/buildings/special/Evenfall/building_special_evenfall.mesh,Graphics / portrait source error,COW-AGOT: 3D Models & Bigger Castles,gfx/models/buildings/special/Evenfall/building_special_evenfall.mesh,,,
mesh_settings,1257,17:50:01,pdxassetutil.cpp:1763,pdxmesh [building_special_evenfall_mesh] is out of sync with its meshsettings. [fp4_legendary_western_palace_01_aShape] is not in use in file: gfx/models/buildings/special/Evenfall/building_special_evenfall.mesh,Graphics / portrait source error,COW-AGOT: 3D Models & Bigger Castles,gfx/models/buildings/special/Evenfall/building_special_evenfall.mesh,,,
mesh_uv,1258,17:50:01,pdxassetutil.cpp:556,UV-Set: 0 in mesh 'bronze_bell' in file 'gfx/models/buildings/special/seagaurd/building_seagard_01.mesh' has no valid triangle to use when calculating texture streaming factor. Texture streaming needs a triangle with an area.,Graphics / portrait source error,COW-AGOT: 3D Models & Bigger Castles,gfx/models/buildings/special/seagaurd/building_seagard_01.mesh,,,
mesh_uv,1259,17:50:01,pdxassetutil.cpp:556,UV-Set: 0 in mesh 'bellchain' in file 'gfx/models/buildings/special/seagaurd/building_seagard_01.mesh' has no valid triangle to use when calculating texture streaming factor. Texture streaming needs a triangle with an area.,Graphics / portrait source error,COW-AGOT: 3D Models & Bigger Castles,gfx/models/buildings/special/seagaurd/building_seagard_01.mesh,,,
mesh_settings,1260,17:50:01,pdxassetutil.cpp:1763,pdxmesh [building_seagard_01_mesh] is out of sync with its meshsettings. [City] is not in use in file: gfx/models/buildings/special/seagaurd/building_seagard_01.mesh,Graphics / portrait source error,COW-AGOT: 3D Models & Bigger Castles,gfx/models/buildings/special/seagaurd/building_seagard_01.mesh,,,
mesh_settings,1261,17:50:01,pdxassetutil.cpp:1763,pdxmesh [building_seagard_01_mesh] is out of sync with its meshsettings. [building_western_castle_0Shape4] is not in use in file: gfx/models/buildings/special/seagaurd/building_seagard_01.mesh,Graphics / portrait source error,COW-AGOT: 3D Models & Bigger Castles,gfx/models/buildings/special/seagaurd/building_seagard_01.mesh,,,
mesh_settings,1262,17:50:01,pdxassetutil.cpp:1763,pdxmesh [building_seagard_01_mesh] is out of sync with its meshsettings. [western_walls_04_a1Shape] is not in use in file: gfx/models/buildings/special/seagaurd/building_seagard_01.mesh,Graphics / portrait source error,COW-AGOT: 3D Models & Bigger Castles,gfx/models/buildings/special/seagaurd/building_seagard_01.mesh,,,
mesh_settings,1263,17:50:01,pdxassetutil.cpp:1763,pdxmesh [building_seagard_01_mesh] is out of sync with its meshsettings. [western_walls_04_a1Shape1] is not in use in file: gfx/models/buildings/special/seagaurd/building_seagard_01.mesh,Graphics / portrait source error,COW-AGOT: 3D Models & Bigger Castles,gfx/models/buildings/special/seagaurd/building_seagard_01.mesh,,,
mesh_settings,1264,17:50:01,pdxassetutil.cpp:1763,pdxmesh [building_seagard_01_mesh] is out of sync with its meshsettings. [western_walls_04_a1Shape2] is not in use in file: gfx/models/buildings/special/seagaurd/building_seagard_01.mesh,Graphics / portrait source error,COW-AGOT: 3D Models & Bigger Castles,gfx/models/buildings/special/seagaurd/building_seagard_01.mesh,,,
mesh_settings,1265,17:50:01,pdxassetutil.cpp:1763,pdxmesh [building_seagard_01_mesh] is out of sync with its meshsettings. [western_walls_04_a1Shape3] is not in use in file: gfx/models/buildings/special/seagaurd/building_seagard_01.mesh,Graphics / portrait source error,COW-AGOT: 3D Models & Bigger Castles,gfx/models/buildings/special/seagaurd/building_seagard_01.mesh,,,
mesh_settings,1266,17:50:01,pdxassetutil.cpp:1763,pdxmesh [building_seagard_01_mesh] is out of sync with its meshsettings. [pallet] is not in use in file: gfx/models/buildings/special/seagaurd/building_seagard_01.mesh,Graphics / portrait source error,COW-AGOT: 3D Models & Bigger Castles,gfx/models/buildings/special/seagaurd/building_seagard_01.mesh,,,
mesh_settings,1267,17:50:01,pdxassetutil.cpp:1763,pdxmesh [building_seagard_01_mesh] is out of sync with its meshsettings. [lift] is not in use in file: gfx/models/buildings/special/seagaurd/building_seagard_01.mesh,Graphics / portrait source error,COW-AGOT: 3D Models & Bigger Castles,gfx/models/buildings/special/seagaurd/building_seagard_01.mesh,,,
mesh_settings,1268,17:50:01,pdxassetutil.cpp:1763,pdxmesh [building_seagard_01_mesh] is out of sync with its meshsettings. [hillfort_01] is not in use in file: gfx/models/buildings/special/seagaurd/building_seagard_01.mesh,Graphics / portrait source error,COW-AGOT: 3D Models & Bigger Castles,gfx/models/buildings/special/seagaurd/building_seagard_01.mesh,,,
mesh_settings,1269,17:50:01,pdxassetutil.cpp:1763,pdxmesh [building_seagard_01_mesh] is out of sync with its meshsettings. [building_special_stormsend_castle_cliffsShape] is not in use in file: gfx/models/buildings/special/seagaurd/building_seagard_01.mesh,Graphics / portrait source error,COW-AGOT: 3D Models & Bigger Castles,gfx/models/buildings/special/seagaurd/building_seagard_01.mesh,,,
mesh_uv,1270,17:50:02,pdxassetutil.cpp:556,UV-Set: 0 in mesh 'lift' in file 'gfx/models/buildings/special/castamere/castamere_restored.mesh' has no valid triangle to use when calculating texture streaming factor. Texture streaming needs a triangle with an area.,Graphics / portrait source error,COW-AGOT: 3D Models & Bigger Castles,gfx/models/buildings/special/castamere/castamere_restored.mesh,,,
textures,1271,17:50:02,pdxassetutil.cpp:1053,Failed to find texture 'building_backup_atlas_properties.dds',Graphics / portrait source error,,,,,
textures,1272,17:50:02,virtualfilesystem.cpp:456,Could not find texture due to 'VFSOpen Error: gfx/models/buildings/special/castamere/building_backup_atlas_properties.dds not found',Other error,Unresolved file,gfx/models/buildings/special/castamere/building_backup_atlas_properties.dds,,,
textures,1273,17:50:02,pdxassetutil.cpp:1053,Failed to find texture 'building_backup_atlas_normal.dds',Graphics / portrait source error,,,,,
textures,1274,17:50:02,virtualfilesystem.cpp:456,Could not find texture due to 'VFSOpen Error: gfx/models/buildings/special/castamere/building_backup_atlas_normal.dds not found',Other error,Unresolved file,gfx/models/buildings/special/castamere/building_backup_atlas_normal.dds,,,
mesh_uv,1275,17:50:02,pdxassetutil.cpp:556,UV-Set: 0 in mesh 'windmill' in file 'gfx/models/buildings/special/castamere/castamere_restored.mesh' has no valid triangle to use when calculating texture streaming factor. Texture streaming needs a triangle with an area.,Graphics / portrait source error,COW-AGOT: 3D Models & Bigger Castles,gfx/models/buildings/special/castamere/castamere_restored.mesh,,,
textures,1276,17:50:02,pdxassetutil.cpp:1053,Failed to find texture 'building_backup_atlas_properties.dds',Graphics / portrait source error,,,,,
textures,1277,17:50:02,virtualfilesystem.cpp:456,Could not find texture due to 'VFSOpen Error: gfx/models/buildings/special/castamere/building_backup_atlas_properties.dds not found',Other error,Unresolved file,gfx/models/buildings/special/castamere/building_backup_atlas_properties.dds,,,
textures,1278,17:50:02,pdxassetutil.cpp:1053,Failed to find texture 'building_backup_atlas_normal.dds',Graphics / portrait source error,,,,,
textures,1279,17:50:02,virtualfilesystem.cpp:456,Could not find texture due to 'VFSOpen Error: gfx/models/buildings/special/castamere/building_backup_atlas_normal.dds not found',Other error,Unresolved file,gfx/models/buildings/special/castamere/building_backup_atlas_normal.dds,,,
mesh_uv,1280,17:50:02,pdxassetutil.cpp:556,UV-Set: 0 in mesh 'pallet' in file 'gfx/models/buildings/special/castamere/castamere_restored.mesh' has no valid triangle to use when calculating texture streaming factor. Texture streaming needs a triangle with an area.,Graphics / portrait source error,COW-AGOT: 3D Models & Bigger Castles,gfx/models/buildings/special/castamere/castamere_restored.mesh,,,
textures,1281,17:50:02,pdxassetutil.cpp:1053,Failed to find texture 'building_backup_atlas_properties.dds',Graphics / portrait source error,,,,,
textures,1282,17:50:02,virtualfilesystem.cpp:456,Could not find texture due to 'VFSOpen Error: gfx/models/buildings/special/castamere/building_backup_atlas_properties.dds not found',Other error,Unresolved file,gfx/models/buildings/special/castamere/building_backup_atlas_properties.dds,,,
textures,1283,17:50:02,pdxassetutil.cpp:1053,Failed to find texture 'building_backup_atlas_normal.dds',Graphics / portrait source error,,,,,
textures,1284,17:50:02,virtualfilesystem.cpp:456,Could not find texture due to 'VFSOpen Error: gfx/models/buildings/special/castamere/building_backup_atlas_normal.dds not found',Other error,Unresolved file,gfx/models/buildings/special/castamere/building_backup_atlas_normal.dds,,,
mesh_uv,1285,17:50:02,pdxassetutil.cpp:556,UV-Set: 0 in mesh 'building_mediterranean_city_02' in file 'gfx/models/buildings/special/the_arbor/the_arbor.mesh' has no valid triangle to use when calculating texture streaming factor. Texture streaming needs a triangle with an area.,Graphics / portrait source error,COW-AGOT: 3D Models & Bigger Castles,gfx/models/buildings/special/the_arbor/the_arbor.mesh,,,
mesh_uv,1286,17:50:02,pdxassetutil.cpp:556,UV-Set: 1 in mesh 'crag_upper' in file 'gfx/models/buildings/special/crag/crag_level_1.mesh' has no valid triangle to use when calculating texture streaming factor. Texture streaming needs a triangle with an area.,Graphics / portrait source error,COW-AGOT: 3D Models & Bigger Castles,gfx/models/buildings/special/crag/crag_level_1.mesh,,,
mesh_uv,1287,17:50:02,pdxassetutil.cpp:556,UV-Set: 1 in mesh 'crag_upper' in file 'gfx/models/buildings/special/crag/crag_level_1.mesh' has no valid triangle to use when calculating texture streaming factor. Texture streaming needs a triangle with an area.,Graphics / portrait source error,COW-AGOT: 3D Models & Bigger Castles,gfx/models/buildings/special/crag/crag_level_1.mesh,,,
mesh_uv,1288,17:50:02,pdxassetutil.cpp:556,UV-Set: 1 in mesh 'crag_stone_ground' in file 'gfx/models/buildings/special/crag/crag_level_1.mesh' has no valid triangle to use when calculating texture streaming factor. Texture streaming needs a triangle with an area.,Graphics / portrait source error,COW-AGOT: 3D Models & Bigger Castles,gfx/models/buildings/special/crag/crag_level_1.mesh,,,
mesh_uv,1289,17:50:02,pdxassetutil.cpp:556,UV-Set: 1 in mesh 'crag_windows' in file 'gfx/models/buildings/special/crag/crag_level_1.mesh' has no valid triangle to use when calculating texture streaming factor. Texture streaming needs a triangle with an area.,Graphics / portrait source error,COW-AGOT: 3D Models & Bigger Castles,gfx/models/buildings/special/crag/crag_level_1.mesh,,,
mesh_settings,1290,17:50:02,pdxassetutil.cpp:1763,pdxmesh [crag_level_1_mesh] is out of sync with its meshsettings. [lannisport_dgShape] is not in use in file: gfx/models/buildings/special/crag/crag_level_1.mesh,Graphics / portrait source error,COW-AGOT: 3D Models & Bigger Castles,gfx/models/buildings/special/crag/crag_level_1.mesh,,,
mesh_settings,1291,17:50:02,pdxassetutil.cpp:1763,pdxmesh [crag_level_1_mesh] is out of sync with its meshsettings. [lannisport_lkShape] is not in use in file: gfx/models/buildings/special/crag/crag_level_1.mesh,Graphics / portrait source error,COW-AGOT: 3D Models & Bigger Castles,gfx/models/buildings/special/crag/crag_level_1.mesh,,,
mesh_settings,1292,17:50:02,pdxassetutil.cpp:1763,pdxmesh [crag_level_1_mesh] is out of sync with its meshsettings. [lannisport_lpShape] is not in use in file: gfx/models/buildings/special/crag/crag_level_1.mesh,Graphics / portrait source error,COW-AGOT: 3D Models & Bigger Castles,gfx/models/buildings/special/crag/crag_level_1.mesh,,,
mesh_settings,1293,17:50:03,pdxassetutil.cpp:1763,pdxmesh [building_special_duskendale_mesh] is out of sync with its meshsettings. [farm_mediterranean] is not in use in file: gfx/models/buildings/special/duskendale/building_special_duskendale.mesh,Graphics / portrait source error,COW-AGOT: 3D Models & Bigger Castles,gfx/models/buildings/special/duskendale/building_special_duskendale.mesh,,,
mesh_settings,1294,17:50:03,pdxassetutil.cpp:1763,pdxmesh [building_special_duskendale_mesh] is out of sync with its meshsettings. [farm_mediterranean_vines] is not in use in file: gfx/models/buildings/special/duskendale/building_special_duskendale.mesh,Graphics / portrait source error,COW-AGOT: 3D Models & Bigger Castles,gfx/models/buildings/special/duskendale/building_special_duskendale.mesh,,,
mesh_settings,1295,17:50:03,pdxassetutil.cpp:1763,pdxmesh [building_special_duskendale_mesh] is out of sync with its meshsettings. [farm_mediterranean_decal] is not in use in file: gfx/models/buildings/special/duskendale/building_special_duskendale.mesh,Graphics / portrait source error,COW-AGOT: 3D Models & Bigger Castles,gfx/models/buildings/special/duskendale/building_special_duskendale.mesh,,,
mesh_settings,1296,17:50:03,pdxassetutil.cpp:1763,pdxmesh [building_special_duskendale_mesh] is out of sync with its meshsettings. [building_mediterranean_city_02] is not in use in file: gfx/models/buildings/special/duskendale/building_special_duskendale.mesh,Graphics / portrait source error,COW-AGOT: 3D Models & Bigger Castles,gfx/models/buildings/special/duskendale/building_special_duskendale.mesh,,,
mesh_uv,1297,17:50:04,pdxassetutil.cpp:556,UV-Set: 1 in mesh 'dunstonbury_stone_ground' in file 'gfx/models/buildings/special/whitegrove/whitegrove.mesh' has no valid triangle to use when calculating texture streaming factor. Texture streaming needs a triangle with an area.,Graphics / portrait source error,COW-AGOT: 3D Models & Bigger Castles,gfx/models/buildings/special/whitegrove/whitegrove.mesh,,,
mesh_settings,1298,17:50:04,pdxassetutil.cpp:1763,pdxmesh [whitegrove_mesh] is out of sync with its meshsettings. [whitegrove_roof] is not in use in file: gfx/models/buildings/special/whitegrove/whitegrove.mesh,Graphics / portrait source error,COW-AGOT: 3D Models & Bigger Castles,gfx/models/buildings/special/whitegrove/whitegrove.mesh,,,
mesh_settings,1299,17:50:04,pdxassetutil.cpp:1763,pdxmesh [whitegrove_mesh] is out of sync with its meshsettings. [whitegrove_upper] is not in use in file: gfx/models/buildings/special/whitegrove/whitegrove.mesh,Graphics / portrait source error,COW-AGOT: 3D Models & Bigger Castles,gfx/models/buildings/special/whitegrove/whitegrove.mesh,,,
mesh_settings,1300,17:50:04,pdxassetutil.cpp:1763,pdxmesh [whitegrove_mesh] is out of sync with its meshsettings. [whitegrove_stone_ground] is not in use in file: gfx/models/buildings/special/whitegrove/whitegrove.mesh,Graphics / portrait source error,COW-AGOT: 3D Models & Bigger Castles,gfx/models/buildings/special/whitegrove/whitegrove.mesh,,,
mesh_settings,1301,17:50:04,pdxassetutil.cpp:1763,pdxmesh [whitegrove_mesh] is out of sync with its meshsettings. [whitegrove_windows] is not in use in file: gfx/models/buildings/special/whitegrove/whitegrove.mesh,Graphics / portrait source error,COW-AGOT: 3D Models & Bigger Castles,gfx/models/buildings/special/whitegrove/whitegrove.mesh,,,
mesh_uv,1302,17:50:04,pdxassetutil.cpp:556,UV-Set: 2 in mesh 'building_western' in file 'gfx/models/buildings/special/Ten Towers/cow_building_special_ten_towers.mesh' has no valid triangle to use when calculating texture streaming factor. Texture streaming needs a triangle with an area.,Graphics / portrait source error,COW-AGOT: 3D Models & Bigger Castles,gfx/models/buildings/special/Ten Towers/cow_building_special_ten_towers.mesh,,,
mesh_uv,1303,17:50:04,pdxassetutil.cpp:556,UV-Set: 2 in mesh 'celtic_01' in file 'gfx/models/buildings/special/Ten Towers/cow_building_special_ten_towers.mesh' has no valid triangle to use when calculating texture streaming factor. Texture streaming needs a triangle with an area.,Graphics / portrait source error,COW-AGOT: 3D Models & Bigger Castles,gfx/models/buildings/special/Ten Towers/cow_building_special_ten_towers.mesh,,,
mesh_uv,1304,17:50:04,pdxassetutil.cpp:556,UV-Set: 1 in mesh 'dunstonbury_upper' in file 'gfx/models/buildings/special/dunstonbury/dunstonbury.mesh' has no valid triangle to use when calculating texture streaming factor. Texture streaming needs a triangle with an area.,Graphics / portrait source error,COW-AGOT: 3D Models & Bigger Castles,gfx/models/buildings/special/dunstonbury/dunstonbury.mesh,,,
mesh_uv,1305,17:50:04,pdxassetutil.cpp:556,UV-Set: 3 in mesh 'dunstonbury_upper' in file 'gfx/models/buildings/special/dunstonbury/dunstonbury.mesh' has no valid triangle to use when calculating texture streaming factor. Texture streaming needs a triangle with an area.,Graphics / portrait source error,COW-AGOT: 3D Models & Bigger Castles,gfx/models/buildings/special/dunstonbury/dunstonbury.mesh,,,
mesh_uv,1306,17:50:04,pdxassetutil.cpp:2002,"Asset ""gfx/models/buildings/special/dunstonbury/dunstonbury.mesh"" has more than 3 UV channels. This is not supported and will be ignored.",Graphics / portrait source error,COW-AGOT: 3D Models & Bigger Castles,gfx/models/buildings/special/dunstonbury/dunstonbury.mesh,,,
mesh_uv,1307,17:50:04,pdxassetutil.cpp:556,UV-Set: 1 in mesh 'dunstonbury_stone_ground' in file 'gfx/models/buildings/special/dunstonbury/dunstonbury.mesh' has no valid triangle to use when calculating texture streaming factor. Texture streaming needs a triangle with an area.,Graphics / portrait source error,COW-AGOT: 3D Models & Bigger Castles,gfx/models/buildings/special/dunstonbury/dunstonbury.mesh,,,
mesh_uv,1308,17:50:04,pdxassetutil.cpp:556,UV-Set: 1 in mesh 'dunstonbury_windows' in file 'gfx/models/buildings/special/dunstonbury/dunstonbury.mesh' has no valid triangle to use when calculating texture streaming factor. Texture streaming needs a triangle with an area.,Graphics / portrait source error,COW-AGOT: 3D Models & Bigger Castles,gfx/models/buildings/special/dunstonbury/dunstonbury.mesh,,,
entities,1309,17:50:31,pdx_entity.cpp:666,"Failed to find entity ""western_walls_05_entity"" for attachment in",Graphics / portrait source error,,,,,
entities,1310,17:50:31,pdx_entity.cpp:666,"Failed to find entity ""western_walls_06_entity"" for attachment in",Graphics / portrait source error,,,,,
entities,1311,17:50:31,pdx_entity.cpp:666,"Failed to find entity ""western_walls_07_entity"" for attachment in",Graphics / portrait source error,,,,,
entities,1312,17:50:31,pdx_entity.cpp:666,"Failed to find entity ""india_walls_05_entity"" for attachment in",Graphics / portrait source error,,,,,
entities,1313,17:50:31,pdx_entity.cpp:666,"Failed to find entity ""india_walls_06_entity"" for attachment in",Graphics / portrait source error,,,,,
entities,1314,17:50:31,pdx_entity.cpp:666,"Failed to find entity ""india_walls_07_entity"" for attachment in",Graphics / portrait source error,,,,,
entities,1315,17:50:31,pdx_entity.cpp:666,"Failed to find entity ""mediterranean_walls_05_entity"" for attachment in",Graphics / portrait source error,,,,,
entities,1316,17:50:31,pdx_entity.cpp:666,"Failed to find entity ""mediterranean_walls_06_entity"" for attachment in",Graphics / portrait source error,,,,,
entities,1317,17:50:31,pdx_entity.cpp:666,"Failed to find entity ""mediterranean_walls_07_entity"" for attachment in",Graphics / portrait source error,,,,,
entities,1318,17:50:31,pdx_entity.cpp:666,"Failed to find entity ""fp2_building_iberian_wall_05_entity"" for attachment in",Graphics / portrait source error,,,,,
entities,1319,17:50:31,pdx_entity.cpp:666,"Failed to find entity ""fp2_building_iberian_wall_06_entity"" for attachment in",Graphics / portrait source error,,,,,
entities,1320,17:50:31,pdx_entity.cpp:666,"Failed to find entity ""fp2_building_iberian_wall_07_entity"" for attachment in",Graphics / portrait source error,,,,,
entities,1321,17:50:31,pdx_entity.cpp:666,"Failed to find entity ""walls_05_marrakesh_entity"" for attachment in",Graphics / portrait source error,,,,,
entities,1322,17:50:31,pdx_entity.cpp:666,"Failed to find entity ""western_walls_05_paris_entity"" for attachment in",Graphics / portrait source error,,,,,
entities,1323,17:50:31,pdx_entity.cpp:666,"Failed to find entity ""western_walls_07_london_entity"" for attachment in",Graphics / portrait source error,,,,,
entities,1324,17:50:31,pdx_entity.cpp:666,"Failed to find entity ""western_walls_06_london_entity"" for attachment in",Graphics / portrait source error,,,,,
entities,1325,17:50:31,pdx_entity.cpp:666,"Failed to find entity ""western_walls_05_london_entity"" for attachment in",Graphics / portrait source error,,,,,
entities,1326,17:50:31,pdx_entity.cpp:666,"Failed to find entity ""mediterranean_walls_05_thes_entity"" for attachment in",Graphics / portrait source error,,,,,
entities,1327,17:50:31,pdx_entity.cpp:666,"Failed to find entity ""mena_walls_05_entity"" for attachment in",Graphics / portrait source error,,,,,
entities,1328,17:50:31,pdx_entity.cpp:666,"Failed to find entity ""mena_walls_06_entity"" for attachment in",Graphics / portrait source error,,,,,
entities,1329,17:50:31,pdx_entity.cpp:666,"Failed to find entity ""mena_walls_07_entity"" for attachment in",Graphics / portrait source error,,,,,
entities,1330,17:50:31,pdx_entity.cpp:666,"Failed to find entity ""mediterranean_walls_05_genoa_entity"" for attachment in",Graphics / portrait source error,,,,,
entities,1331,17:50:31,pdx_entity.cpp:666,"Failed to find entity ""mediterranean_walls_05_rome_entity"" for attachment in",Graphics / portrait source error,,,,,
entities,1332,17:50:31,pdx_entity.cpp:666,"Failed to find entity ""mediterranean_walls_05_constantinople_entity"" for attachment in",Graphics / portrait source error,,,,,
entities,1333,17:50:32,portraitaccessories.cpp:65,could not find entity [smc_alicent_dress_03_entity] - file: gfx/portraits/accessories/smc_clothing.txt line: 24 (female_clothes_smc_alicent_dress_03),Graphics / portrait source error,AGOT Submod Core,gfx/portraits/accessories/smc_clothing.txt,,,
entities,1334,17:50:32,portraitaccessories.cpp:65,could not find entity [smc_alicent_dress_04_entity] - file: gfx/portraits/accessories/smc_clothing.txt line: 28 (female_clothes_smc_alicent_dress_04),Graphics / portrait source error,AGOT Submod Core,gfx/portraits/accessories/smc_clothing.txt,,,
localization,1335,17:50:37,jomini_dynamicdescription.cpp:66,Unrecognized loc key show_notifications_decision_tooltip. show_notifications_decision,Localization / dynamic text error,,,,,
ai_decision,1336,17:50:37,decision_type.cpp:224,show_notifications_decision has 'ai_check_interval'/'ai_check_interval_by_tier' that's negative or unset. Setting to 0 instead,Script / database error,,,,,
scripts,1337,17:50:38,character_currency_effects_impl.cpp:227,Negative value in remove_short_term_gold: -450. file: events/decisions_events/buy_ruby_crown_events.txt line: 54 (buy_ruby_crown.0999:immediate),Script / database error,Legacy Of The Dragon,events/decisions_events/buy_ruby_crown_events.txt,,,
dna,1338,17:50:39,portraitcontext.cpp:239,Trying to read gene props_right a second time at file: common/bookmark_portraits/bookmark_299_asha_greyjoy.txt line: 215 (bookmark_299_asha_greyjoy),Graphics / portrait source error,AGOT Bookmarked,common/bookmark_portraits/bookmark_299_asha_greyjoy.txt,,,
scripts,1339,17:50:39,jomini_eventmanager.cpp:428,"Duplicated event ID 'agot_activity_commission_crown.0001' found. New Location: 'file: events/activities/agot_coronation_activity/agot_coronation_crown_commission_events.txt line: 3 (agot_activity_commission_crown.0001)', Previous Location: 'file: events/activities/agot_coronation_activity/agot_coronation_crown_commission_events.txt line: 3 (agot_activity_commission_crown.0001)'",Script / database error,A Game of Thrones,events/activities/agot_coronation_activity/agot_coronation_crown_commission_events.txt,,,
dna,1340,17:50:39,portraitcontext.cpp:239,Trying to read gene props_right a second time at file: common/bookmark_portraits/bookmark_99_aurion_varezys.txt line: 211 (bookmark_99_aurion_varezys),Graphics / portrait source error,AGOT Bookmarked,common/bookmark_portraits/bookmark_99_aurion_varezys.txt,,,
scripts,1341,17:50:42,pdx_persistent_reader.cpp:216,"Error: ""Unexpected token: rhoynish_religion_opinion, near line: 1760"" in file: ""common/buildings/yy_agotcities_special_buildings_westeros.txt"" near line: 1760",Script / database error,COW-AGOT: 3D Models & Bigger Castles,common/buildings/yy_agotcities_special_buildings_westeros.txt,,,
scripts,1342,17:50:42,pdx_persistent_reader.cpp:216,"Error: ""Unexpected token: rhoynish_religion_opinion, near line: 1767"" in file: ""common/buildings/yy_agotcities_special_buildings_westeros.txt"" near line: 1767",Script / database error,COW-AGOT: 3D Models & Bigger Castles,common/buildings/yy_agotcities_special_buildings_westeros.txt,,,
scripts,1343,17:50:42,pdx_persistent_reader.cpp:216,"Error: ""Unknown trigger: holding, near line: 2364"" in file: ""common/buildings/yy_agotcities_special_buildings_westeros.txt"" near line: 2369",Script / database error,COW-AGOT: 3D Models & Bigger Castles,common/buildings/yy_agotcities_special_buildings_westeros.txt,,,
scripts,1344,17:50:42,pdx_persistent_reader.cpp:216,"Error: ""Unexpected token: confucian_education_xp_gain_mult, near line: 4047"" in file: ""common/modifiers/DI_modifiers.txt"" near line: 4047",Script / database error,Divine Intervention Cheat Menu,common/modifiers/DI_modifiers.txt,,,
scripts,1345,17:50:42,pdx_persistent_reader.cpp:216,"Error: ""Unexpected token: valeman_opinion, near line: 447"" in file: ""common/modifiers/ntc_artifact_modifiers.txt"" near line: 447",Script / database error,AGOT - Crowns of Westeros,common/modifiers/ntc_artifact_modifiers.txt,,,
scripts,1346,17:50:42,pdx_persistent_reader.cpp:216,"Error: ""Unexpected token: valeman_opinion, near line: 456"" in file: ""common/modifiers/ntc_artifact_modifiers.txt"" near line: 456",Script / database error,AGOT - Crowns of Westeros,common/modifiers/ntc_artifact_modifiers.txt,,,
scripts,1347,17:50:42,pdx_persistent_reader.cpp:216,"Error: ""Unexpected token: valeman_opinion, near line: 605"" in file: ""common/modifiers/ntc_artifact_modifiers.txt"" near line: 605",Script / database error,AGOT - Crowns of Westeros,common/modifiers/ntc_artifact_modifiers.txt,,,
scripts,1348,17:50:45,jomini_script_argument.cpp:227,Compiling source for agot_create_artifact_aegon_i_crown_effect failed for missing arguments: CREATOR. At file: common/scripted_effects/00_agot_artifact_crowns_effects.txt line: 78 (agot_create_artifact_aegon_i_crown_effect),Script / database error,A Game of Thrones,common/scripted_effects/00_agot_artifact_crowns_effects.txt,,,
scripts,1349,17:50:45,jomini_script_argument.cpp:227,Compiling source for agot_create_artifact_aenys_crown_effect failed for missing arguments: CREATOR. At file: common/scripted_effects/00_agot_artifact_crowns_effects.txt line: 228 (agot_create_artifact_aenys_crown_effect),Script / database error,A Game of Thrones,common/scripted_effects/00_agot_artifact_crowns_effects.txt,,,
scripts,1350,17:50:45,jomini_script_argument.cpp:227,Compiling source for agot_create_artifact_jaehaerys_crown_effect failed for missing arguments: CREATOR. At file: common/scripted_effects/00_agot_artifact_crowns_effects.txt line: 314 (agot_create_artifact_jaehaerys_crown_effect),Script / database error,A Game of Thrones,common/scripted_effects/00_agot_artifact_crowns_effects.txt,,,
scripts,1351,17:50:45,jomini_script_argument.cpp:227,Compiling source for agot_create_artifact_aegon_iii_crown_effect failed for missing arguments: CREATOR. At file: common/scripted_effects/00_agot_artifact_crowns_effects.txt line: 434 (agot_create_artifact_aegon_iii_crown_effect),Script / database error,A Game of Thrones,common/scripted_effects/00_agot_artifact_crowns_effects.txt,,,
scripts,1352,17:50:45,jomini_script_argument.cpp:227,Compiling source for agot_create_artifact_baelors_crown_effect failed for missing arguments: CREATOR. At file: common/scripted_effects/00_agot_artifact_crowns_effects.txt line: 498 (agot_create_artifact_baelors_crown_effect),Script / database error,A Game of Thrones,common/scripted_effects/00_agot_artifact_crowns_effects.txt,,,
scripts,1353,17:50:45,jomini_script_argument.cpp:227,Compiling source for agot_create_artifact_aegon_iv_crown_effect failed for missing arguments: CREATOR. At file: common/scripted_effects/00_agot_artifact_crowns_effects.txt line: 594 (agot_create_artifact_aegon_iv_crown_effect),Script / database error,A Game of Thrones,common/scripted_effects/00_agot_artifact_crowns_effects.txt,,,
scripts,1354,17:50:45,jomini_script_argument.cpp:227,Compiling source for agot_create_artifact_maekars_crown_effect failed for missing arguments: CREATOR. At file: common/scripted_effects/00_agot_artifact_crowns_effects.txt line: 672 (agot_create_artifact_maekars_crown_effect),Script / database error,A Game of Thrones,common/scripted_effects/00_agot_artifact_crowns_effects.txt,,,
scripts,1355,17:50:45,jomini_script_argument.cpp:227,Compiling source for agot_create_artifact_visenya_circlet_effect failed for missing arguments: CREATOR. At file: common/scripted_effects/00_agot_artifact_crowns_effects.txt line: 837 (agot_create_artifact_visenya_circlet_effect),Script / database error,A Game of Thrones,common/scripted_effects/00_agot_artifact_crowns_effects.txt,,,
scripts,1356,17:50:45,pdx_persistent_reader.cpp:216,"Error: ""Unknown effect: agot_8299_4_1_acok_scenario_setup, near line: 89"" in file: ""common/scripted_effects/00_agot_scenario_setup_effects.txt"" near line: 90",Script / database error,AGOT Bookmarked,common/scripted_effects/00_agot_scenario_setup_effects.txt,,,
scripts,1357,17:50:45,jomini_eventtarget.cpp:692,Failed to find a valid event target link 'house_Blackfyre' at file: common/scripted_triggers/tgc_loaded_trigger.txt line: 127 (tgc_blackfyre_equipment_trigger),Script / database error,AGOT Submod Core,common/scripted_triggers/tgc_loaded_trigger.txt,,,
accessories,1358,17:50:45,portraitaccessories.cpp:159,"accessory group [legwear:tgc_pants_blackfyre] has an invalid accessory ""male_legwear_captainsPants_blackfyreAlt_01""",Graphics / portrait source error,,,,,
accessories,1359,17:50:45,portraitaccessories.cpp:159,"accessory group [legwear:tgc_pants_blackfyre] has an invalid accessory ""male_legwear_standardPants_blackfyreAlt_01""",Graphics / portrait source error,,,,,
accessories,1360,17:50:45,portraitaccessories.cpp:159,"accessory group [legwear:tgc_pants_blackfyre] has an invalid accessory ""male_legwear_twoSwordsPants_blackfyreAlt_01""",Graphics / portrait source error,,,,,
accessories,1361,17:50:45,portraitaccessories.cpp:159,"accessory group [legwear:tgc_pants_blackfyre] has an invalid accessory ""male_legwear_captainsPants_blackfyreAlt_01""",Graphics / portrait source error,,,,,
accessories,1362,17:50:45,portraitaccessories.cpp:159,"accessory group [legwear:tgc_pants_blackfyre] has an invalid accessory ""male_legwear_standardPants_blackfyreAlt_01""",Graphics / portrait source error,,,,,
accessories,1363,17:50:45,portraitaccessories.cpp:159,"accessory group [legwear:tgc_pants_blackfyre] has an invalid accessory ""male_legwear_twoSwordsPants_blackfyreAlt_01""",Graphics / portrait source error,,,,,
accessories,1364,17:50:45,portraitaccessories.cpp:159,"accessory group [headgear:tgc_helmets] has an invalid accessory ""male_headgear_tgc_helm_blackfyre_01""",Graphics / portrait source error,,,,,
accessories,1365,17:50:45,portraitaccessories.cpp:159,"accessory group [headgear:tgc_helmets] has an invalid accessory ""male_headgear_tgc_helm_blackfyreAlt_01""",Graphics / portrait source error,,,,,
accessories,1366,17:50:45,portraitaccessories.cpp:159,"accessory group [headgear:tgc_helmets] has an invalid accessory ""male_headgear_tgc_helm_blackfyre_02""",Graphics / portrait source error,,,,,
accessories,1367,17:50:45,portraitaccessories.cpp:159,"accessory group [headgear:tgc_helmets] has an invalid accessory ""male_headgear_tgc_helm_blackfyreAlt_02""",Graphics / portrait source error,,,,,
accessories,1368,17:50:45,portraitaccessories.cpp:159,"accessory group [headgear:tgc_helmets] has an invalid accessory ""male_headgear_tgc_helm_blackfyre_03""",Graphics / portrait source error,,,,,
accessories,1369,17:50:45,portraitaccessories.cpp:159,"accessory group [headgear:tgc_helmets] has an invalid accessory ""male_headgear_tgc_helm_blackfyreAlt_03""",Graphics / portrait source error,,,,,
accessories,1370,17:50:45,portraitaccessories.cpp:159,"accessory group [headgear:tgc_helmets] has an invalid accessory ""male_headgear_tgc_helm_blackfyre_01""",Graphics / portrait source error,,,,,
accessories,1371,17:50:45,portraitaccessories.cpp:159,"accessory group [headgear:tgc_helmets] has an invalid accessory ""male_headgear_tgc_helm_blackfyreAlt_01""",Graphics / portrait source error,,,,,
accessories,1372,17:50:45,portraitaccessories.cpp:159,"accessory group [headgear:tgc_helmets] has an invalid accessory ""male_headgear_tgc_helm_blackfyre_02""",Graphics / portrait source error,,,,,
accessories,1373,17:50:45,portraitaccessories.cpp:159,"accessory group [headgear:tgc_helmets] has an invalid accessory ""male_headgear_tgc_helm_blackfyreAlt_02""",Graphics / portrait source error,,,,,
accessories,1374,17:50:45,portraitaccessories.cpp:159,"accessory group [headgear:tgc_helmets] has an invalid accessory ""male_headgear_tgc_helm_blackfyre_03""",Graphics / portrait source error,,,,,
accessories,1375,17:50:45,portraitaccessories.cpp:159,"accessory group [headgear:tgc_helmets] has an invalid accessory ""male_headgear_tgc_helm_blackfyreAlt_03""",Graphics / portrait source error,,,,,
accessories,1376,17:50:45,portraitaccessories.cpp:159,"accessory group [clothes:brightboar_swordsman_armour] has an invalid accessory ""male_clothes_secular_brightboar_swordsman""",Graphics / portrait source error,,,,,
accessories,1377,17:50:45,portraitaccessories.cpp:159,"accessory group [clothes:brightboar_swordsman_armour] has an invalid accessory ""female_clothes_secular_brightboar_swordsman""",Graphics / portrait source error,,,,,
accessories,1378,17:50:45,portraitaccessories.cpp:159,"accessory group [clothes:brightboar_swordsman_armour] has an invalid accessory ""male_clothes_secular_brightboar_swordsman""",Graphics / portrait source error,,,,,
accessories,1379,17:50:45,portraitaccessories.cpp:159,"accessory group [clothes:brightboar_swordsman_armour] has an invalid accessory ""female_clothes_secular_brightboar_swordsman""",Graphics / portrait source error,,,,,
accessories,1380,17:50:45,portraitaccessories.cpp:159,"accessory group [clothes:golden_company_armor_blackfyre] has an invalid accessory ""male_clothes_captainsArmor_blackfyreAlt_01""",Graphics / portrait source error,,,,,
accessories,1381,17:50:45,portraitaccessories.cpp:159,"accessory group [clothes:golden_company_armor_blackfyre] has an invalid accessory ""male_clothes_captainsArmorMetal_blackfyreAlt_01""",Graphics / portrait source error,,,,,
accessories,1382,17:50:45,portraitaccessories.cpp:159,"accessory group [clothes:golden_company_armor_blackfyre] has an invalid accessory ""male_clothes_ornateVest_blackfyreAlt_01""",Graphics / portrait source error,,,,,
accessories,1383,17:50:45,portraitaccessories.cpp:159,"accessory group [clothes:golden_company_armor_blackfyre] has an invalid accessory ""male_clothes_standardVest_blackfyreAlt_01""",Graphics / portrait source error,,,,,
accessories,1384,17:50:45,portraitaccessories.cpp:159,"accessory group [clothes:golden_company_armor_blackfyre] has an invalid accessory ""male_clothes_platedVest_blackfyreAlt_01""",Graphics / portrait source error,,,,,
accessories,1385,17:50:45,portraitaccessories.cpp:159,"accessory group [clothes:golden_company_armor_blackfyre] has an invalid accessory ""male_clothes_captainsArmor_blackfyreAlt_01""",Graphics / portrait source error,,,,,
accessories,1386,17:50:45,portraitaccessories.cpp:159,"accessory group [clothes:golden_company_armor_blackfyre] has an invalid accessory ""male_clothes_captainsArmorMetal_blackfyreAlt_01""",Graphics / portrait source error,,,,,
accessories,1387,17:50:45,portraitaccessories.cpp:159,"accessory group [clothes:golden_company_armor_blackfyre] has an invalid accessory ""male_clothes_ornateVest_blackfyreAlt_01""",Graphics / portrait source error,,,,,
accessories,1388,17:50:45,portraitaccessories.cpp:159,"accessory group [clothes:golden_company_armor_blackfyre] has an invalid accessory ""male_clothes_standardVest_blackfyreAlt_01""",Graphics / portrait source error,,,,,
accessories,1389,17:50:45,portraitaccessories.cpp:159,"accessory group [clothes:golden_company_armor_blackfyre] has an invalid accessory ""male_clothes_platedVest_blackfyreAlt_01""",Graphics / portrait source error,,,,,
rule_references,1390,17:50:45,pdx_persistent_reader.cpp:216,"Error: ""Failed to read key reference: 1453_end_date: 1453_end_date, near line: 3
Failed to read key reference: rhomaion_name_of_byzantium: rhomaion_name_of_byzantium, near line: 3
Failed to read key reference: default_mongol_invasion: default_mongol_invasion, near line: 3
Failed to read key reference: random_ruler_placement_off: random_ruler_placement_off, near line: 3
Failed to read key reference: launch_historical: launch_historical, near line: 3
Failed to read key reference: fp1_scandi_adventurers_apocalyptic: fp1_scandi_adventurers_apocalyptic, near line: 3
Failed to read key reference: dissolution_after_caliph_death: dissolution_after_caliph_death, near line: 3
Failed to read key reference: default_seljuk_invasion: default_seljuk_invasion, near line: 3
Failed to read key reference: situation_the_great_steppe_toggle_on: situation_the_great_steppe_toggle_on, near line: 3
Failed to read key reference: struggle_iberia_toggle_on: struggle_iberia_toggle_on, near line: 3
Failed to read key reference: struggle_persia_toggle_on: struggle_persia_toggle_on, near line: 3
Failed to read key reference: historicity_ruler_of_munster_historical_toirdelbach: historicity_ruler_of_munster_historical_toirdelbach, near line: 3
Failed to read key reference: historicity_norman_conquest_default_random: historicity_norman_conquest_default_random, near line: 3
Failed to read key reference: tibet_nomad_region_on: tibet_nomad_region_on, near line: 3
Failed to read key reference: sami_nomad_region_on: sami_nomad_region_on, near line: 3
Failed to read key reference: arabia_nomad_region_on: arabia_nomad_region_on, near line: 3
Failed to read key reference: sahel_nomad_region_on: sahel_nomad_region_on, near line: 3
Failed to read key reference: horn_of_africa_nomad_region_on: horn_of_africa_nomad_region_on, near line: 3
Failed to read key reference: historicity_extra_admin_egypt_gameplay_not_administrative: historicity_extra_admin_egypt_gameplay_not_administrative, near line: 3
Failed to read key reference: historicity_extra_admin_arabia_gameplay_not_administrative: historicity_extra_admin_arabia_gameplay_not_administrative, near line: 3
Failed to read key reference: historicity_extra_admin_ghana_gameplay_not_administrative: historicity_extra_admin_ghana_gameplay_not_administrative, near line: 3
Failed to read key reference: historicity_extra_admin_kabulistan_gameplay_not_administrative: historicity_extra_admin_kabulistan_gameplay_not_administrative, near line: 3
Failed to read key reference: historicity_extra_admin_persia_gameplay_not_administrative: historicity_extra_admin_persia_gameplay_not_administrative, near line: 3
Failed to read key reference: historicity_extra_admin_maghreb_gameplay_not_administrative: historicity_extra_admin_maghreb_gameplay_not_administrative, near line: 3
Failed to read key reference: historicity_extra_admin_tamilakam_gameplay_not_administrative: historicity_extra_admin_tamilakam_gameplay_not_administrative, near line: 3
Failed to read key reference: historicity_extra_admin_carolingians_gameplay_not_administrative: historicity_extra_admin_carolingians_gameplay_not_administrative, near line: 3
Failed to read key reference: historicity_extra_admin_player_wherever_gameplay_not_administrative: historicity_extra_admin_player_wherever_gameplay_not_administrative, near line: 3
Failed to read key reference: historicity_frankokratia_fourth_crusade: historicity_frankokratia_fourth_crusade, near line: 3
Failed to read key reference: silk_road_starting_innovations_preset: silk_road_starting_innovations_preset, near line: 3
Failed to read key reference: ACR_RE_tradition_slots_plus_95: ACR_RE_tradition_slots_plus_95, near line: 3
Failed to read key reference: ACR_RE_tradition_cost_free: ACR_RE_tradition_cost_free, near line: 3
Failed to read key reference: ACR_RE_tradition_cooldown_none: ACR_RE_tradition_cooldown_none, near line: 3
Failed to read key reference: ACR_RE_truce_duration_5: ACR_RE_truce_duration_5, near line: 3
Failed to read key reference: ACR_RE_truce_scope_player_primary: ACR_RE_truce_scope_player_primary, near line: 3
Failed to read key reference: ACR_RE_council_task_speed_1_month: ACR_RE_council_task_speed_1_month, near line: 3
Failed to read key reference: HM_RE_rule_player_free_functions_enabled: HM_RE_rule_player_free_functions_enabled, near line: 3
Failed to read key reference: HM_RE_rule_change_holding_type_cost_very_cheap: HM_RE_rule_change_holding_type_cost_very_cheap, near line: 3
Failed to read key reference: HM_RE_rule_change_holding_type_cooldown_very_short: HM_RE_rule_change_holding_type_cooldown_very_short, near line: 3
Failed to read key reference: HM_RE_rule_can_replace_buildings_vassals: HM_RE_rule_can_replace_buildings_vassals, near line: 3
Failed to read key reference: HM_RE_rule_can_feudalize_holdings_vassals: HM_RE_rule_can_feudalize_holdings_vassals, near line: 3
Failed to read key reference: HM_RE_value_construct_buildings_gold_cost_cap_very_cheap: HM_RE_value_construct_buildings_gold_cost_cap_very_cheap, near line: 3
Failed to read key reference: HM_RE_rule_player_extra_slots_enabled: HM_RE_rule_player_extra_slots_enabled, near line: 3
Failed to read key reference: HM_RE_rule_player_slot_base_cost_very_cheap: HM_RE_rule_player_slot_base_cost_very_cheap, near line: 3
Failed to read key reference: HM_RE_rule_player_slot_step_cost_very_cheap: HM_RE_rule_player_slot_step_cost_very_cheap, near line: 3
Failed to read key reference: HM_RE_rule_construction_time_cost_free: HM_RE_rule_construction_time_cost_free, near line: 3
Failed to read key reference: HM_RE_build_all_button_on: HM_RE_build_all_button_on, near line: 3
Failed to read key reference: HM_RE_upgrade_all_button_on: HM_RE_upgrade_all_button_on, near line: 3
Failed to read key reference: HM_RE_make_nomad_button_on: HM_RE_make_nomad_button_on, near line: 3
Failed to read key reference: HM_RE_make_temple_citadel_button_on: HM_RE_make_temple_citadel_button_on, near line: 3
Failed to read key reference: HM_RE_player_add_slots_decision_on: HM_RE_player_add_slots_decision_on, near line: 3
Failed to read key reference: HM_RE_player_add_slots_decision_base_cost_very_cheap: HM_RE_player_add_slots_decision_base_cost_very_cheap, near line: 3
Failed to read key reference: HM_RE_player_cost_gold: HM_RE_player_cost_gold, near line: 3
Failed to read key reference: HM_RE_rule_ai_extra_slots_disabled: HM_RE_rule_ai_extra_slots_disabled, near line: 3
Failed to read key reference: HM_RE_rule_ai_slot_base_cost_very_expensive: HM_RE_rule_ai_slot_base_cost_very_expensive, near line: 3
Failed to read key reference: HM_RE_rule_ai_slot_step_cost_very_expensive: HM_RE_rule_ai_slot_step_cost_very_expensive, near line: 3"" in file: """" near line: 3",Script / database error,,,,,
rule_references,1445,17:50:45,pdx_persistent_reader.cpp:216,"Error: ""Failed to read key reference: 1453_end_date: 1453_end_date, near line: 8
Failed to read key reference: rhomaion_name_of_byzantium: rhomaion_name_of_byzantium, near line: 8
Failed to read key reference: default_mongol_invasion: default_mongol_invasion, near line: 8
Failed to read key reference: random_ruler_placement_off: random_ruler_placement_off, near line: 8
Failed to read key reference: launch_historical: launch_historical, near line: 8
Failed to read key reference: fp1_scandi_adventurers_apocalyptic: fp1_scandi_adventurers_apocalyptic, near line: 8
Failed to read key reference: dissolution_after_caliph_death: dissolution_after_caliph_death, near line: 8
Failed to read key reference: default_seljuk_invasion: default_seljuk_invasion, near line: 8
Failed to read key reference: situation_the_great_steppe_toggle_on: situation_the_great_steppe_toggle_on, near line: 8
Failed to read key reference: struggle_iberia_toggle_on: struggle_iberia_toggle_on, near line: 8
Failed to read key reference: struggle_persia_toggle_on: struggle_persia_toggle_on, near line: 8
Failed to read key reference: historicity_ruler_of_munster_historical_toirdelbach: historicity_ruler_of_munster_historical_toirdelbach, near line: 8
Failed to read key reference: historicity_norman_conquest_default_random: historicity_norman_conquest_default_random, near line: 8
Failed to read key reference: tibet_nomad_region_on: tibet_nomad_region_on, near line: 8
Failed to read key reference: sami_nomad_region_on: sami_nomad_region_on, near line: 8
Failed to read key reference: arabia_nomad_region_on: arabia_nomad_region_on, near line: 8
Failed to read key reference: sahel_nomad_region_on: sahel_nomad_region_on, near line: 8
Failed to read key reference: horn_of_africa_nomad_region_on: horn_of_africa_nomad_region_on, near line: 8
Failed to read key reference: historicity_extra_admin_egypt_gameplay_not_administrative: historicity_extra_admin_egypt_gameplay_not_administrative, near line: 8
Failed to read key reference: historicity_extra_admin_arabia_gameplay_not_administrative: historicity_extra_admin_arabia_gameplay_not_administrative, near line: 8
Failed to read key reference: historicity_extra_admin_ghana_gameplay_not_administrative: historicity_extra_admin_ghana_gameplay_not_administrative, near line: 8
Failed to read key reference: historicity_extra_admin_kabulistan_gameplay_not_administrative: historicity_extra_admin_kabulistan_gameplay_not_administrative, near line: 8
Failed to read key reference: historicity_extra_admin_persia_gameplay_not_administrative: historicity_extra_admin_persia_gameplay_not_administrative, near line: 8
Failed to read key reference: historicity_extra_admin_maghreb_gameplay_not_administrative: historicity_extra_admin_maghreb_gameplay_not_administrative, near line: 8
Failed to read key reference: historicity_extra_admin_tamilakam_gameplay_not_administrative: historicity_extra_admin_tamilakam_gameplay_not_administrative, near line: 8
Failed to read key reference: historicity_extra_admin_carolingians_gameplay_not_administrative: historicity_extra_admin_carolingians_gameplay_not_administrative, near line: 8
Failed to read key reference: historicity_extra_admin_player_wherever_gameplay_not_administrative: historicity_extra_admin_player_wherever_gameplay_not_administrative, near line: 8
Failed to read key reference: historicity_frankokratia_fourth_crusade: historicity_frankokratia_fourth_crusade, near line: 8
Failed to read key reference: silk_road_starting_innovations_preset: silk_road_starting_innovations_preset, near line: 8
Failed to read key reference: ACR_RE_tradition_slots_plus_95: ACR_RE_tradition_slots_plus_95, near line: 8
Failed to read key reference: ACR_RE_tradition_cost_free: ACR_RE_tradition_cost_free, near line: 8
Failed to read key reference: ACR_RE_tradition_cooldown_none: ACR_RE_tradition_cooldown_none, near line: 8
Failed to read key reference: ACR_RE_truce_duration_5: ACR_RE_truce_duration_5, near line: 8
Failed to read key reference: ACR_RE_truce_scope_player_primary: ACR_RE_truce_scope_player_primary, near line: 8
Failed to read key reference: ACR_RE_council_task_speed_1_month: ACR_RE_council_task_speed_1_month, near line: 8
Failed to read key reference: HM_RE_rule_player_free_functions_enabled: HM_RE_rule_player_free_functions_enabled, near line: 8
Failed to read key reference: HM_RE_rule_change_holding_type_cost_very_cheap: HM_RE_rule_change_holding_type_cost_very_cheap, near line: 8
Failed to read key reference: HM_RE_rule_change_holding_type_cooldown_very_short: HM_RE_rule_change_holding_type_cooldown_very_short, near line: 8
Failed to read key reference: HM_RE_rule_can_replace_buildings_vassals: HM_RE_rule_can_replace_buildings_vassals, near line: 8
Failed to read key reference: HM_RE_rule_can_feudalize_holdings_vassals: HM_RE_rule_can_feudalize_holdings_vassals, near line: 8
Failed to read key reference: HM_RE_value_construct_buildings_gold_cost_cap_very_cheap: HM_RE_value_construct_buildings_gold_cost_cap_very_cheap, near line: 8
Failed to read key reference: HM_RE_rule_player_extra_slots_enabled: HM_RE_rule_player_extra_slots_enabled, near line: 8
Failed to read key reference: HM_RE_rule_player_slot_base_cost_very_cheap: HM_RE_rule_player_slot_base_cost_very_cheap, near line: 8
Failed to read key reference: HM_RE_rule_player_slot_step_cost_very_cheap: HM_RE_rule_player_slot_step_cost_very_cheap, near line: 8
Failed to read key reference: HM_RE_rule_construction_time_cost_free: HM_RE_rule_construction_time_cost_free, near line: 8
Failed to read key reference: HM_RE_build_all_button_on: HM_RE_build_all_button_on, near line: 8
Failed to read key reference: HM_RE_upgrade_all_button_on: HM_RE_upgrade_all_button_on, near line: 8
Failed to read key reference: HM_RE_make_nomad_button_on: HM_RE_make_nomad_button_on, near line: 8
Failed to read key reference: HM_RE_make_temple_citadel_button_on: HM_RE_make_temple_citadel_button_on, near line: 8
Failed to read key reference: HM_RE_player_add_slots_decision_on: HM_RE_player_add_slots_decision_on, near line: 8
Failed to read key reference: HM_RE_player_add_slots_decision_base_cost_very_cheap: HM_RE_player_add_slots_decision_base_cost_very_cheap, near line: 8
Failed to read key reference: HM_RE_player_cost_gold: HM_RE_player_cost_gold, near line: 8
Failed to read key reference: HM_RE_rule_ai_extra_slots_disabled: HM_RE_rule_ai_extra_slots_disabled, near line: 8
Failed to read key reference: HM_RE_rule_ai_slot_base_cost_very_expensive: HM_RE_rule_ai_slot_base_cost_very_expensive, near line: 8
Failed to read key reference: HM_RE_rule_ai_slot_step_cost_very_expensive: HM_RE_rule_ai_slot_step_cost_very_expensive, near line: 8"" in file: """" near line: 8",Script / database error,,,,,
modifiers,1500,17:50:47,opinion_modifier.cpp:83,Modifier 'funded_my_expedition' shouldn't have a duration and monthly_change at the same time!,Script / database error,,,,,
modifiers,1501,17:50:47,opinion_modifier.cpp:83,Modifier 'sent_relative_to_valyria' shouldn't have a duration and monthly_change at the same time!,Script / database error,,,,,
localization,1502,17:50:47,artifact_feature.cpp:33,Missing loc key 'feature_dragon_whip_black',Script / database error,,,,,
localization,1503,17:50:47,artifact_feature.cpp:33,Missing loc key 'feature_dragon_whip_silver',Script / database error,,,,,
localization,1504,17:50:47,artifact_feature.cpp:33,Missing loc key 'feature_dragon_whip_bronze',Script / database error,,,,,
history,1505,17:50:47,title_links.cpp:214,Failed to fetch a valid landed title 'e_hre' at location 'file: common/scripted_guis/DI_char_editor_present_sgui.txt line: 1589 (DI_ce_female_dominated:effect)',History / title / faith reference error,Divine Intervention Cheat Menu,common/scripted_guis/DI_char_editor_present_sgui.txt,,,
history,1506,17:50:47,title_links.cpp:214,Failed to fetch a valid landed title 'e_hre' at location 'file: common/character_interactions/DI_character_interaction.txt line: 4622 (DI_change_succession:on_accept)',History / title / faith reference error,Divine Intervention Cheat Menu,common/character_interactions/DI_character_interaction.txt,,,
history,1507,17:50:47,title_links.cpp:214,Failed to fetch a valid landed title 'e_hre' at location 'file: common/character_interactions/DI_character_interaction.txt line: 4624 (DI_change_succession:on_accept)',History / title / faith reference error,Divine Intervention Cheat Menu,common/character_interactions/DI_character_interaction.txt,,,
history,1508,17:50:47,title_links.cpp:214,Failed to fetch a valid landed title 'e_hre' at location 'file: common/character_interactions/DI_character_interaction.txt line: 4637 (DI_change_succession:on_accept)',History / title / faith reference error,Divine Intervention Cheat Menu,common/character_interactions/DI_character_interaction.txt,,,
history,1509,17:50:47,title_links.cpp:214,Failed to fetch a valid landed title 'e_hre' at location 'file: common/character_interactions/DI_character_interaction.txt line: 4639 (DI_change_succession:on_accept)',History / title / faith reference error,Divine Intervention Cheat Menu,common/character_interactions/DI_character_interaction.txt,,,
history,1510,17:50:47,title_links.cpp:214,Failed to fetch a valid landed title 'b_graced_castle' at location 'file: common/on_action/cowagot_province_on_actions.txt line: 242 (set_provinces_on_actions)',History / title / faith reference error,COW-AGOT: 3D Models & Bigger Castles,common/on_action/cowagot_province_on_actions.txt,,,
history,1511,17:50:47,title_links.cpp:214,Failed to fetch a valid landed title 'b_cheesemonger_manse' at location 'file: common/on_action/cowagot_province_on_actions.txt line: 246 (set_provinces_on_actions)',History / title / faith reference error,COW-AGOT: 3D Models & Bigger Castles,common/on_action/cowagot_province_on_actions.txt,,,
scripts,1512,17:50:47,jomini_eventtarget.h:291,Failed to find 'varangian' from database for link 'trait' at file: common/scripted_effects/DI_char_spawner_effects.txt line: 1232 (DI_akolouthos_traits_effect),Script / database error,Divine Intervention Cheat Menu,common/scripted_effects/DI_char_spawner_effects.txt,,,
scripts,1513,17:50:47,jomini_eventmanager.cpp:119,'agot_cities.5000' does not have a valid namespace,Script / database error,,,,,
scripts,1514,17:50:47,jomini_script_system.cpp:303,"Script system error!
  Error: trigger_event effect [ Event [agot_cities.5000] not found ]
  Script location: file: common/buildings/yy_agotcities_special_buildings_westeros.txt line: 1827 (planky_town_special:on_complete)",Script / database error,COW-AGOT: 3D Models & Bigger Castles,common/buildings/yy_agotcities_special_buildings_westeros.txt,,,
scripts,1518,17:50:47,jomini_eventmanager.cpp:119,'agot_cities.5000' does not have a valid namespace,Script / database error,,,,,
scripts,1519,17:50:47,jomini_script_system.cpp:303,"Script system error!
  Error: trigger_event effect [ Event [agot_cities.5000] not found ]
  Script location: file: common/buildings/yy_agotcities_special_buildings_westeros.txt line: 1993 (agot_castamere_03:on_complete)",Script / database error,COW-AGOT: 3D Models & Bigger Castles,common/buildings/yy_agotcities_special_buildings_westeros.txt,,,
scripts,1523,17:50:47,jomini_eventmanager.cpp:119,'agot_cities.5000' does not have a valid namespace,Script / database error,,,,,
scripts,1524,17:50:47,jomini_script_system.cpp:303,"Script system error!
  Error: trigger_event effect [ Event [agot_cities.5000] not found ]
  Script location: file: common/buildings/yy_agotcities_special_buildings_westeros.txt line: 2295 (24castamere_03:on_complete)",Script / database error,COW-AGOT: 3D Models & Bigger Castles,common/buildings/yy_agotcities_special_buildings_westeros.txt,,,
scripts,1528,17:50:47,jomini_script_system.cpp:303,"Script system error!
  Error: create_artifact effect [ Invalid artifact template 'vs_blackfyre_template' ]
  Script location: file: common/scripted_effects/00_agot_artifact_vs_sword_effects_override.txt line: 13 (agot_create_artifact_vs_blackfyre_effect[args#3618947653])",Script / database error,Legacy Of The Dragon,common/scripted_effects/00_agot_artifact_vs_sword_effects_override.txt,,,
scripts,1532,17:50:47,jomini_script_system.cpp:303,"Script system error!
  Error: create_artifact effect [ Invalid artifact template 'vs_blackfyre_template' ]
  Script location: file: common/scripted_effects/00_agot_artifact_vs_sword_effects_override.txt line: 31 (agot_create_artifact_vs_blackfyre_effect[args#3618947653])",Script / database error,Legacy Of The Dragon,common/scripted_effects/00_agot_artifact_vs_sword_effects_override.txt,,,
scripts,1536,17:50:47,jomini_script_system.cpp:303,"Script system error!
  Error: create_artifact effect [ Invalid artifact template 'vs_blackfyre_template' ]
  Script location: file: common/scripted_effects/00_agot_artifact_vs_sword_effects_override.txt line: 13 (agot_create_artifact_vs_blackfyre_effect[args#141906969])",Script / database error,Legacy Of The Dragon,common/scripted_effects/00_agot_artifact_vs_sword_effects_override.txt,,,
scripts,1540,17:50:47,jomini_script_system.cpp:303,"Script system error!
  Error: create_artifact effect [ Invalid artifact template 'vs_blackfyre_template' ]
  Script location: file: common/scripted_effects/00_agot_artifact_vs_sword_effects_override.txt line: 31 (agot_create_artifact_vs_blackfyre_effect[args#141906969])",Script / database error,Legacy Of The Dragon,common/scripted_effects/00_agot_artifact_vs_sword_effects_override.txt,,,
scripts,1544,17:50:47,jomini_script_system.cpp:303,"Script system error!
  Error: create_artifact effect [ Invalid artifact template 'vs_pincer_template' ]
  Script location: file: common/scripted_effects/00_agot_artifact_vs_sword_effects_override.txt line: 604 (agot_create_artifact_vs_pincer_effect[args#3618947653])",Script / database error,Legacy Of The Dragon,common/scripted_effects/00_agot_artifact_vs_sword_effects_override.txt,,,
scripts,1548,17:50:47,jomini_script_system.cpp:303,"Script system error!
  Error: create_artifact effect [ Invalid artifact template 'vs_pincer_template' ]
  Script location: file: common/scripted_effects/00_agot_artifact_vs_sword_effects_override.txt line: 630 (agot_create_artifact_vs_pincer_effect[args#3618947653])",Script / database error,Legacy Of The Dragon,common/scripted_effects/00_agot_artifact_vs_sword_effects_override.txt,,,
scripts,1552,17:50:47,jomini_script_system.cpp:303,"Script system error!
  Error: create_artifact effect [ Invalid artifact template 'vs_seafoam_template' ]
  Script location: file: common/scripted_effects/00_agot_artifact_vs_sword_effects_override.txt line: 455 (agot_create_artifact_vs_seafoam_effect[args#3618947653])",Script / database error,Legacy Of The Dragon,common/scripted_effects/00_agot_artifact_vs_sword_effects_override.txt,,,
scripts,1556,17:50:47,jomini_script_system.cpp:303,"Script system error!
  Error: create_artifact effect [ Invalid artifact template 'vs_seafoam_template' ]
  Script location: file: common/scripted_effects/00_agot_artifact_vs_sword_effects_override.txt line: 475 (agot_create_artifact_vs_seafoam_effect[args#3618947653])",Script / database error,Legacy Of The Dragon,common/scripted_effects/00_agot_artifact_vs_sword_effects_override.txt,,,
scripts,1560,17:50:47,jomini_script_system.cpp:303,"Script system error!
  Error: create_artifact effect [ Invalid static modifier 'artifact_personal_scheme_power_add_5_modifier' ]
  Script location: file: common/scripted_effects/00_lotd_artifact_creation_effects.txt line: 8 (create_artifact_subterfuge_effect[args#141906969])",Script / database error,Legacy Of The Dragon,common/scripted_effects/00_lotd_artifact_creation_effects.txt,,,
scripts,1564,17:50:47,jomini_script_system.cpp:303,"Script system error!
  Error: create_artifact effect [ Invalid artifact template 'vs_blackfyre_template' ]
  Script location: file: common/scripted_effects/00_agot_artifact_vs_sword_effects_override.txt line: 13 (agot_create_artifact_vs_blackfyre_effect[args#979117111])",Script / database error,Legacy Of The Dragon,common/scripted_effects/00_agot_artifact_vs_sword_effects_override.txt,,,
scripts,1568,17:50:47,jomini_script_system.cpp:303,"Script system error!
  Error: create_artifact effect [ Invalid artifact template 'vs_blackfyre_template' ]
  Script location: file: common/scripted_effects/00_agot_artifact_vs_sword_effects_override.txt line: 31 (agot_create_artifact_vs_blackfyre_effect[args#979117111])",Script / database error,Legacy Of The Dragon,common/scripted_effects/00_agot_artifact_vs_sword_effects_override.txt,,,
scripts,1572,17:50:47,jomini_script_system.cpp:303,"Script system error!
  Error: create_artifact effect [ Invalid artifact template 'vs_pincer_template' ]
  Script location: file: common/scripted_effects/00_agot_artifact_vs_sword_effects_override.txt line: 604 (agot_create_artifact_vs_pincer_effect[args#979117111])",Script / database error,Legacy Of The Dragon,common/scripted_effects/00_agot_artifact_vs_sword_effects_override.txt,,,
scripts,1576,17:50:47,jomini_script_system.cpp:303,"Script system error!
  Error: create_artifact effect [ Invalid artifact template 'vs_pincer_template' ]
  Script location: file: common/scripted_effects/00_agot_artifact_vs_sword_effects_override.txt line: 630 (agot_create_artifact_vs_pincer_effect[args#979117111])",Script / database error,Legacy Of The Dragon,common/scripted_effects/00_agot_artifact_vs_sword_effects_override.txt,,,
scripts,1580,17:50:47,jomini_script_system.cpp:303,"Script system error!
  Error: create_artifact effect [ Invalid artifact template 'vs_seafoam_template' ]
  Script location: file: common/scripted_effects/00_agot_artifact_vs_sword_effects_override.txt line: 455 (agot_create_artifact_vs_seafoam_effect[args#979117111])",Script / database error,Legacy Of The Dragon,common/scripted_effects/00_agot_artifact_vs_sword_effects_override.txt,,,
scripts,1584,17:50:47,jomini_script_system.cpp:303,"Script system error!
  Error: create_artifact effect [ Invalid artifact template 'vs_seafoam_template' ]
  Script location: file: common/scripted_effects/00_agot_artifact_vs_sword_effects_override.txt line: 475 (agot_create_artifact_vs_seafoam_effect[args#979117111])",Script / database error,Legacy Of The Dragon,common/scripted_effects/00_agot_artifact_vs_sword_effects_override.txt,,,
scripts,1588,17:50:47,jomini_script_system.cpp:303,"Script system error!
  Error: create_artifact effect [ Invalid artifact template 'vs_seafoam_template' ]
  Script location: file: common/scripted_effects/00_agot_artifact_vs_sword_effects_override.txt line: 455 (agot_create_artifact_vs_seafoam_effect[args#2425720076])",Script / database error,Legacy Of The Dragon,common/scripted_effects/00_agot_artifact_vs_sword_effects_override.txt,,,
scripts,1592,17:50:47,jomini_script_system.cpp:303,"Script system error!
  Error: create_artifact effect [ Invalid artifact template 'vs_seafoam_template' ]
  Script location: file: common/scripted_effects/00_agot_artifact_vs_sword_effects_override.txt line: 475 (agot_create_artifact_vs_seafoam_effect[args#2425720076])",Script / database error,Legacy Of The Dragon,common/scripted_effects/00_agot_artifact_vs_sword_effects_override.txt,,,
scripts,1596,17:50:47,jomini_script_system.cpp:303,"Script system error!
  Error: create_artifact effect [ Invalid artifact template 'vs_pincer_template' ]
  Script location: file: common/scripted_effects/00_agot_artifact_vs_sword_effects_override.txt line: 604 (agot_create_artifact_vs_pincer_effect[args#2425720076])",Script / database error,Legacy Of The Dragon,common/scripted_effects/00_agot_artifact_vs_sword_effects_override.txt,,,
scripts,1600,17:50:47,jomini_script_system.cpp:303,"Script system error!
  Error: create_artifact effect [ Invalid artifact template 'vs_pincer_template' ]
  Script location: file: common/scripted_effects/00_agot_artifact_vs_sword_effects_override.txt line: 630 (agot_create_artifact_vs_pincer_effect[args#2425720076])",Script / database error,Legacy Of The Dragon,common/scripted_effects/00_agot_artifact_vs_sword_effects_override.txt,,,
scripts,1604,17:50:47,jomini_script_system.cpp:303,"Script system error!
  Error: create_artifact effect [ Invalid artifact template 'vs_blackfyre_template' ]
  Script location: file: common/scripted_effects/00_agot_artifact_vs_sword_effects_override.txt line: 13 (agot_create_artifact_vs_blackfyre_effect[args#2425720076])",Script / database error,Legacy Of The Dragon,common/scripted_effects/00_agot_artifact_vs_sword_effects_override.txt,,,
scripts,1608,17:50:47,jomini_script_system.cpp:303,"Script system error!
  Error: create_artifact effect [ Invalid artifact template 'vs_blackfyre_template' ]
  Script location: file: common/scripted_effects/00_agot_artifact_vs_sword_effects_override.txt line: 31 (agot_create_artifact_vs_blackfyre_effect[args#2425720076])",Script / database error,Legacy Of The Dragon,common/scripted_effects/00_agot_artifact_vs_sword_effects_override.txt,,,
scripts,1612,17:50:47,jomini_script_system.cpp:303,"Script system error!
  Error: set_culture_pillar effect [ Invalid database object 'language_agot_lhazaar' ]
  Script location: file: common/scripted_guis/DI_cultural_editor_pillars_sgui.txt line: 620 (DI_language_agot_lhazaar_sgui:effect)",Script / database error,Divine Intervention AGOT Cheat Menu,common/scripted_guis/DI_cultural_editor_pillars_sgui.txt,,,
scripts,1616,17:50:47,jomini_effect.cpp:139,PostValidate of effect 'set_culture_pillar' returned false at file: common/scripted_guis/DI_cultural_editor_pillars_sgui.txt line: 620 (DI_language_agot_lhazaar_sgui:effect),Script / database error,Divine Intervention AGOT Cheat Menu,common/scripted_guis/DI_cultural_editor_pillars_sgui.txt,,,
scripts,1617,17:50:47,jomini_script_system.cpp:303,"Script system error!
  Error: add_innovation effect [ target: Not found in database class CCultureInnovationTypeDatabase ]
  Script location: file: common/character_interactions/DI_character_interaction.txt line: 4616 (DI_change_succession:on_accept)",Script / database error,Divine Intervention Cheat Menu,common/character_interactions/DI_character_interaction.txt,,,
scripts,1621,17:50:47,jomini_effect.cpp:139,PostValidate of effect 'add_innovation' returned false at file: common/character_interactions/DI_character_interaction.txt line: 4616 (DI_change_succession:on_accept),Script / database error,Divine Intervention Cheat Menu,common/character_interactions/DI_character_interaction.txt,,,
scripts,1622,17:50:47,jomini_script_system.cpp:303,"Script system error!
  Error: add_innovation effect [ target: Not found in database class CCultureInnovationTypeDatabase ]
  Script location: file: common/character_interactions/DI_character_interaction.txt line: 4631 (DI_change_succession:on_accept)",Script / database error,Divine Intervention Cheat Menu,common/character_interactions/DI_character_interaction.txt,,,
scripts,1626,17:50:47,jomini_effect.cpp:139,PostValidate of effect 'add_innovation' returned false at file: common/character_interactions/DI_character_interaction.txt line: 4631 (DI_change_succession:on_accept),Script / database error,Divine Intervention Cheat Menu,common/character_interactions/DI_character_interaction.txt,,,
scripts,1627,17:50:47,jomini_script_system.cpp:303,"Script system error!
  Error: add_building effect [ Invalid database object 'common_trade_03' ]
  Script location: file: common/on_action/cowagot_province_on_actions.txt line: 174 (set_provinces_on_actions)",Script / database error,COW-AGOT: 3D Models & Bigger Castles,common/on_action/cowagot_province_on_actions.txt,,,
scripts,1631,17:50:47,jomini_effect.cpp:139,PostValidate of effect 'add_building' returned false at file: common/on_action/cowagot_province_on_actions.txt line: 174 (set_provinces_on_actions),Script / database error,COW-AGOT: 3D Models & Bigger Castles,common/on_action/cowagot_province_on_actions.txt,,,
scripts,1632,17:50:47,jomini_script_system.cpp:303,"Script system error!
  Error: remove_building effect [ Invalid database object 'ironwood_01' ]
  Script location: file: common/on_action/cowagot_province_on_actions.txt line: 214 (set_provinces_on_actions)",Script / database error,COW-AGOT: 3D Models & Bigger Castles,common/on_action/cowagot_province_on_actions.txt,,,
scripts,1636,17:50:47,jomini_effect.cpp:139,PostValidate of effect 'remove_building' returned false at file: common/on_action/cowagot_province_on_actions.txt line: 214 (set_provinces_on_actions),Script / database error,COW-AGOT: 3D Models & Bigger Castles,common/on_action/cowagot_province_on_actions.txt,,,
scripts,1637,17:50:47,jomini_script_system.cpp:303,"Script system error!
  Error: add_special_building_slot effect [ Invalid database object 'bearisland_01' ]
  Script location: file: common/on_action/cowagot_province_on_actions.txt line: 273 (set_provinces_on_actions)",Script / database error,COW-AGOT: 3D Models & Bigger Castles,common/on_action/cowagot_province_on_actions.txt,,,
scripts,1641,17:50:47,jomini_effect.cpp:139,PostValidate of effect 'add_special_building_slot' returned false at file: common/on_action/cowagot_province_on_actions.txt line: 273 (set_provinces_on_actions),Script / database error,COW-AGOT: 3D Models & Bigger Castles,common/on_action/cowagot_province_on_actions.txt,,,
scripts,1642,17:50:47,jomini_script_system.cpp:303,"Script system error!
  Error: add_special_building effect [ Invalid database object 'bearisland_01' ]
  Script location: file: common/on_action/cowagot_province_on_actions.txt line: 274 (set_provinces_on_actions)",Script / database error,COW-AGOT: 3D Models & Bigger Castles,common/on_action/cowagot_province_on_actions.txt,,,
scripts,1646,17:50:47,jomini_effect.cpp:139,PostValidate of effect 'add_special_building' returned false at file: common/on_action/cowagot_province_on_actions.txt line: 274 (set_provinces_on_actions),Script / database error,COW-AGOT: 3D Models & Bigger Castles,common/on_action/cowagot_province_on_actions.txt,,,
scripts,1647,17:50:47,jomini_script_system.cpp:303,"Script system error!
  Error: add_special_building_slot effect [ Invalid database object 'harlaw_mines_01' ]
  Script location: file: common/on_action/cowagot_province_on_actions.txt line: 335 (harlaw_building_check_on_actions)",Script / database error,COW-AGOT: 3D Models & Bigger Castles,common/on_action/cowagot_province_on_actions.txt,,,
scripts,1651,17:50:47,jomini_effect.cpp:139,PostValidate of effect 'add_special_building_slot' returned false at file: common/on_action/cowagot_province_on_actions.txt line: 335 (harlaw_building_check_on_actions),Script / database error,COW-AGOT: 3D Models & Bigger Castles,common/on_action/cowagot_province_on_actions.txt,,,
scripts,1652,17:50:47,jomini_script_system.cpp:303,"Script system error!
  Error: learn_language effect [ Invalid database object 'language_arabic' ]
  Script location: file: common/scripted_effects/DI_court_position_spawner_overrides.txt line: 14 (DI_court_position_post_spawn_effect[args#2101251318])",Script / database error,Divine Intervention AGOT Cheat Menu,common/scripted_effects/DI_court_position_spawner_overrides.txt,,,
scripts,1656,17:50:47,jomini_effect.cpp:139,PostValidate of effect 'learn_language' returned false at file: common/scripted_effects/DI_court_position_spawner_overrides.txt line: 14 (DI_court_position_post_spawn_effect[args#2101251318]),Script / database error,Divine Intervention AGOT Cheat Menu,common/scripted_effects/DI_court_position_spawner_overrides.txt,,,
scripts,1657,17:50:47,jomini_script_system.cpp:303,"Script system error!
  Error: learn_language effect [ Invalid database object 'language_greek' ]
  Script location: file: common/scripted_effects/DI_court_position_spawner_overrides.txt line: 15 (DI_court_position_post_spawn_effect[args#2101251318])",Script / database error,Divine Intervention AGOT Cheat Menu,common/scripted_effects/DI_court_position_spawner_overrides.txt,,,
scripts,1661,17:50:47,jomini_effect.cpp:139,PostValidate of effect 'learn_language' returned false at file: common/scripted_effects/DI_court_position_spawner_overrides.txt line: 15 (DI_court_position_post_spawn_effect[args#2101251318]),Script / database error,Divine Intervention AGOT Cheat Menu,common/scripted_effects/DI_court_position_spawner_overrides.txt,,,
scripts,1662,17:50:47,jomini_script_system.cpp:303,"Script system error!
  Error: learn_language effect [ Invalid database object 'language_latin' ]
  Script location: file: common/scripted_effects/DI_court_position_spawner_overrides.txt line: 16 (DI_court_position_post_spawn_effect[args#2101251318])",Script / database error,Divine Intervention AGOT Cheat Menu,common/scripted_effects/DI_court_position_spawner_overrides.txt,,,
scripts,1666,17:50:47,jomini_effect.cpp:139,PostValidate of effect 'learn_language' returned false at file: common/scripted_effects/DI_court_position_spawner_overrides.txt line: 16 (DI_court_position_post_spawn_effect[args#2101251318]),Script / database error,Divine Intervention AGOT Cheat Menu,common/scripted_effects/DI_court_position_spawner_overrides.txt,,,
scripts,1667,17:50:47,jomini_script_system.cpp:303,"Script system error!
  Error: learn_language effect [ Invalid database object 'language_norse' ]
  Script location: file: common/scripted_effects/DI_court_position_spawner_overrides.txt line: 17 (DI_court_position_post_spawn_effect[args#2101251318])",Script / database error,Divine Intervention AGOT Cheat Menu,common/scripted_effects/DI_court_position_spawner_overrides.txt,,,
scripts,1671,17:50:47,jomini_effect.cpp:139,PostValidate of effect 'learn_language' returned false at file: common/scripted_effects/DI_court_position_spawner_overrides.txt line: 17 (DI_court_position_post_spawn_effect[args#2101251318]),Script / database error,Divine Intervention AGOT Cheat Menu,common/scripted_effects/DI_court_position_spawner_overrides.txt,,,
scripts,1672,17:50:47,jomini_script_system.cpp:303,"Script system error!
  Error: learn_language effect [ Invalid database object 'language_arabic' ]
  Script location: file: common/scripted_effects/DI_court_position_spawner_overrides.txt line: 26 (DI_court_position_post_spawn_effect[args#2101251318])",Script / database error,Divine Intervention AGOT Cheat Menu,common/scripted_effects/DI_court_position_spawner_overrides.txt,,,
scripts,1676,17:50:47,jomini_effect.cpp:139,PostValidate of effect 'learn_language' returned false at file: common/scripted_effects/DI_court_position_spawner_overrides.txt line: 26 (DI_court_position_post_spawn_effect[args#2101251318]),Script / database error,Divine Intervention AGOT Cheat Menu,common/scripted_effects/DI_court_position_spawner_overrides.txt,,,
scripts,1677,17:50:47,jomini_script_system.cpp:303,"Script system error!
  Error: learn_language effect [ Invalid database object 'language_greek' ]
  Script location: file: common/scripted_effects/DI_court_position_spawner_overrides.txt line: 27 (DI_court_position_post_spawn_effect[args#2101251318])",Script / database error,Divine Intervention AGOT Cheat Menu,common/scripted_effects/DI_court_position_spawner_overrides.txt,,,
scripts,1681,17:50:47,jomini_effect.cpp:139,PostValidate of effect 'learn_language' returned false at file: common/scripted_effects/DI_court_position_spawner_overrides.txt line: 27 (DI_court_position_post_spawn_effect[args#2101251318]),Script / database error,Divine Intervention AGOT Cheat Menu,common/scripted_effects/DI_court_position_spawner_overrides.txt,,,
scripts,1682,17:50:47,jomini_script_system.cpp:303,"Script system error!
  Error: learn_language effect [ Invalid database object 'language_latin' ]
  Script location: file: common/scripted_effects/DI_court_position_spawner_overrides.txt line: 28 (DI_court_position_post_spawn_effect[args#2101251318])",Script / database error,Divine Intervention AGOT Cheat Menu,common/scripted_effects/DI_court_position_spawner_overrides.txt,,,
scripts,1686,17:50:47,jomini_effect.cpp:139,PostValidate of effect 'learn_language' returned false at file: common/scripted_effects/DI_court_position_spawner_overrides.txt line: 28 (DI_court_position_post_spawn_effect[args#2101251318]),Script / database error,Divine Intervention AGOT Cheat Menu,common/scripted_effects/DI_court_position_spawner_overrides.txt,,,
scripts,1687,17:50:47,jomini_script_system.cpp:303,"Script system error!
  Error: learn_language effect [ Invalid database object 'language_norse' ]
  Script location: file: common/scripted_effects/DI_court_position_spawner_overrides.txt line: 29 (DI_court_position_post_spawn_effect[args#2101251318])",Script / database error,Divine Intervention AGOT Cheat Menu,common/scripted_effects/DI_court_position_spawner_overrides.txt,,,
scripts,1691,17:50:47,jomini_effect.cpp:139,PostValidate of effect 'learn_language' returned false at file: common/scripted_effects/DI_court_position_spawner_overrides.txt line: 29 (DI_court_position_post_spawn_effect[args#2101251318]),Script / database error,Divine Intervention AGOT Cheat Menu,common/scripted_effects/DI_court_position_spawner_overrides.txt,,,
scripts,1692,17:50:47,jomini_script_system.cpp:303,"Script system error!
  Error: add_trait effect [ target: Not found in database class CTraitDatabase ]
  Script location: file: common/scripted_effects/DI_present_effects.txt line: 20 (DI_personality_trait_randomizer_effect)",Script / database error,Divine Intervention AGOT Cheat Menu,common/scripted_effects/DI_present_effects.txt,,,
scripts,1696,17:50:47,jomini_effect.cpp:139,PostValidate of effect 'add_trait' returned false at file: common/scripted_effects/DI_present_effects.txt line: 20 (DI_personality_trait_randomizer_effect),Script / database error,Divine Intervention AGOT Cheat Menu,common/scripted_effects/DI_present_effects.txt,,,
scripts,1697,17:50:47,jomini_script_system.cpp:303,"Script system error!
  Error: add_trait effect [ target: Not found in database class CTraitDatabase ]
  Script location: file: common/scripted_effects/DI_present_effects.txt line: 21 (DI_personality_trait_randomizer_effect)",Script / database error,Divine Intervention AGOT Cheat Menu,common/scripted_effects/DI_present_effects.txt,,,
scripts,1701,17:50:47,jomini_effect.cpp:139,PostValidate of effect 'add_trait' returned false at file: common/scripted_effects/DI_present_effects.txt line: 21 (DI_personality_trait_randomizer_effect),Script / database error,Divine Intervention AGOT Cheat Menu,common/scripted_effects/DI_present_effects.txt,,,
scripts,1702,17:50:47,jomini_script_system.cpp:303,"Script system error!
  Error: remove_trait effect [ target: Not found in database class CTraitDatabase ]
  Script location: file: common/scripted_effects/DI_present_effects.txt line: 85 (DI_clear_personality_traits_effect)",Script / database error,Divine Intervention AGOT Cheat Menu,common/scripted_effects/DI_present_effects.txt,,,
scripts,1706,17:50:47,jomini_effect.cpp:139,PostValidate of effect 'remove_trait' returned false at file: common/scripted_effects/DI_present_effects.txt line: 85 (DI_clear_personality_traits_effect),Script / database error,Divine Intervention AGOT Cheat Menu,common/scripted_effects/DI_present_effects.txt,,,
scripts,1707,17:50:47,jomini_script_system.cpp:303,"Script system error!
  Error: remove_trait effect [ target: Not found in database class CTraitDatabase ]
  Script location: file: common/scripted_effects/DI_present_effects.txt line: 86 (DI_clear_personality_traits_effect)",Script / database error,Divine Intervention AGOT Cheat Menu,common/scripted_effects/DI_present_effects.txt,,,
scripts,1711,17:50:47,jomini_effect.cpp:139,PostValidate of effect 'remove_trait' returned false at file: common/scripted_effects/DI_present_effects.txt line: 86 (DI_clear_personality_traits_effect),Script / database error,Divine Intervention AGOT Cheat Menu,common/scripted_effects/DI_present_effects.txt,,,
scripts,1712,17:50:47,pdx_persistent_reader.cpp:216,"Error: ""Unknown modifier type: bond_with_dragon_scheme_success_chance_add, near line: 17
Unknown modifier type: bond_with_dragon_scheme_scheme_success_chance_add, near line: 24"" in file: ""common/modifier_definition_formats/agot_scheme_definitions.txt"" near line: 29",Script / database error,Valyrian Steel,common/modifier_definition_formats/agot_scheme_definitions.txt,,,
scripts,1714,17:50:47,jomini_script_system.cpp:303,"Script system error!
  Error: has_trait trigger [ Cannot find honorable in trait database ]
  Script location: file: common/scripted_effects/DI_present_effects.txt line: 85 (DI_clear_personality_traits_effect)",Script / database error,Divine Intervention AGOT Cheat Menu,common/scripted_effects/DI_present_effects.txt,,,
scripts,1718,17:50:47,jomini_script_system.cpp:303,"Script system error!
  Error: has_trait trigger [ Cannot find ruthless in trait database ]
  Script location: file: common/scripted_effects/DI_present_effects.txt line: 86 (DI_clear_personality_traits_effect)",Script / database error,Divine Intervention AGOT Cheat Menu,common/scripted_effects/DI_present_effects.txt,,,
scripts,1722,17:50:47,jomini_script_system.cpp:303,"Script system error!
  Error: has_game_rule trigger [ Invalid database object 'show_armor_enabled' ]
  Script location: file: gfx/portraits/portrait_modifiers/01_cloaks_base.txt line: 1333 (cloaks:weight)",Script / database error,AGOT Submod Core,gfx/portraits/portrait_modifiers/01_cloaks_base.txt,,,
scripts,1726,17:50:47,jomini_trigger.cpp:243,PostValidate of trigger 'has_game_rule' returned false at file: gfx/portraits/portrait_modifiers/01_cloaks_base.txt line: 1333 (cloaks:weight),Script / database error,AGOT Submod Core,gfx/portraits/portrait_modifiers/01_cloaks_base.txt,,,
scripts,1727,17:50:47,jomini_script_system.cpp:303,"Script system error!
  Error: has_game_rule trigger [ Invalid database object 'show_armor_enabled' ]
  Script location: file: gfx/portraits/portrait_modifiers/01_cloaks_base.txt line: 1338 (cloaks:weight)",Script / database error,AGOT Submod Core,gfx/portraits/portrait_modifiers/01_cloaks_base.txt,,,
scripts,1731,17:50:47,jomini_trigger.cpp:243,PostValidate of trigger 'has_game_rule' returned false at file: gfx/portraits/portrait_modifiers/01_cloaks_base.txt line: 1338 (cloaks:weight),Script / database error,AGOT Submod Core,gfx/portraits/portrait_modifiers/01_cloaks_base.txt,,,
scripts,1732,17:50:47,jomini_script_system.cpp:303,"Script system error!
  Error: has_game_rule trigger [ Invalid database object 'show_armor_enabled' ]
  Script location: file: gfx/portraits/portrait_modifiers/01_cloaks_base.txt line: 1642 (cloaks:weight)",Script / database error,AGOT Submod Core,gfx/portraits/portrait_modifiers/01_cloaks_base.txt,,,
scripts,1736,17:50:47,jomini_trigger.cpp:243,PostValidate of trigger 'has_game_rule' returned false at file: gfx/portraits/portrait_modifiers/01_cloaks_base.txt line: 1642 (cloaks:weight),Script / database error,AGOT Submod Core,gfx/portraits/portrait_modifiers/01_cloaks_base.txt,,,
scripts,1737,17:50:47,jomini_script_system.cpp:303,"Script system error!
  Error: has_game_rule trigger [ Invalid database object 'show_armor_enabled' ]
  Script location: file: gfx/portraits/portrait_modifiers/01_cloaks_base.txt line: 1684 (cloaks:weight)",Script / database error,AGOT Submod Core,gfx/portraits/portrait_modifiers/01_cloaks_base.txt,,,
scripts,1741,17:50:47,jomini_trigger.cpp:243,PostValidate of trigger 'has_game_rule' returned false at file: gfx/portraits/portrait_modifiers/01_cloaks_base.txt line: 1684 (cloaks:weight),Script / database error,AGOT Submod Core,gfx/portraits/portrait_modifiers/01_cloaks_base.txt,,,
scripts,1742,17:50:47,jomini_script_system.cpp:303,"Script system error!
  Error: has_game_rule trigger [ Invalid database object 'show_armor_enabled' ]
  Script location: file: gfx/portraits/portrait_modifiers/01_legwear_base.txt line: 871 (legwear:weight)",Script / database error,AGOT Submod Core,gfx/portraits/portrait_modifiers/01_legwear_base.txt,,,
scripts,1746,17:50:47,jomini_trigger.cpp:243,PostValidate of trigger 'has_game_rule' returned false at file: gfx/portraits/portrait_modifiers/01_legwear_base.txt line: 871 (legwear:weight),Script / database error,AGOT Submod Core,gfx/portraits/portrait_modifiers/01_legwear_base.txt,,,
scripts,1747,17:50:47,jomini_script_system.cpp:303,"Script system error!
  Error: has_game_rule trigger [ Invalid database object 'show_armor_enabled' ]
  Script location: file: gfx/portraits/portrait_modifiers/01_legwear_base.txt line: 898 (legwear:weight)",Script / database error,AGOT Submod Core,gfx/portraits/portrait_modifiers/01_legwear_base.txt,,,
scripts,1751,17:50:47,jomini_trigger.cpp:243,PostValidate of trigger 'has_game_rule' returned false at file: gfx/portraits/portrait_modifiers/01_legwear_base.txt line: 898 (legwear:weight),Script / database error,AGOT Submod Core,gfx/portraits/portrait_modifiers/01_legwear_base.txt,,,
scripts,1752,17:50:47,jomini_script_system.cpp:303,"Script system error!
  Error: has_game_rule trigger [ Invalid database object 'show_armor_enabled' ]
  Script location: file: gfx/portraits/portrait_modifiers/01_legwear_base.txt line: 937 (legwear:weight)",Script / database error,AGOT Submod Core,gfx/portraits/portrait_modifiers/01_legwear_base.txt,,,
scripts,1756,17:50:47,jomini_trigger.cpp:243,PostValidate of trigger 'has_game_rule' returned false at file: gfx/portraits/portrait_modifiers/01_legwear_base.txt line: 937 (legwear:weight),Script / database error,AGOT Submod Core,gfx/portraits/portrait_modifiers/01_legwear_base.txt,,,
scripts,1757,17:50:47,jomini_script_system.cpp:303,"Script system error!
  Error: has_game_rule trigger [ Invalid database object 'show_armor_enabled' ]
  Script location: file: gfx/portraits/portrait_modifiers/05_clothes_situational.txt line: 616 (clothes_situational:weight)",Script / database error,AGOT Submod Core,gfx/portraits/portrait_modifiers/05_clothes_situational.txt,,,
scripts,1761,17:50:47,jomini_trigger.cpp:243,PostValidate of trigger 'has_game_rule' returned false at file: gfx/portraits/portrait_modifiers/05_clothes_situational.txt line: 616 (clothes_situational:weight),Script / database error,AGOT Submod Core,gfx/portraits/portrait_modifiers/05_clothes_situational.txt,,,
scripts,1762,17:50:47,jomini_script_system.cpp:303,"Script system error!
  Error: has_game_rule trigger [ Invalid database object 'show_armor_enabled' ]
  Script location: file: gfx/portraits/portrait_modifiers/05_clothes_situational.txt line: 1062 (clothes_situational:weight)",Script / database error,AGOT Submod Core,gfx/portraits/portrait_modifiers/05_clothes_situational.txt,,,
scripts,1766,17:50:47,jomini_trigger.cpp:243,PostValidate of trigger 'has_game_rule' returned false at file: gfx/portraits/portrait_modifiers/05_clothes_situational.txt line: 1062 (clothes_situational:weight),Script / database error,AGOT Submod Core,gfx/portraits/portrait_modifiers/05_clothes_situational.txt,,,
scripts,1767,17:50:47,jomini_script_system.cpp:303,"Script system error!
  Error: has_game_rule trigger [ Invalid database object 'show_armor_enabled' ]
  Script location: file: gfx/portraits/portrait_modifiers/05_clothes_situational.txt line: 1109 (clothes_situational:weight)",Script / database error,AGOT Submod Core,gfx/portraits/portrait_modifiers/05_clothes_situational.txt,,,
scripts,1771,17:50:47,jomini_trigger.cpp:243,PostValidate of trigger 'has_game_rule' returned false at file: gfx/portraits/portrait_modifiers/05_clothes_situational.txt line: 1109 (clothes_situational:weight),Script / database error,AGOT Submod Core,gfx/portraits/portrait_modifiers/05_clothes_situational.txt,,,
scripts,1772,17:50:47,jomini_script_system.cpp:303,"Script system error!
  Error: has_game_rule trigger [ Invalid database object 'show_armor_enabled' ]
  Script location: file: gfx/portraits/portrait_modifiers/05_clothes_situational.txt line: 1158 (clothes_situational:weight)",Script / database error,AGOT Submod Core,gfx/portraits/portrait_modifiers/05_clothes_situational.txt,,,
scripts,1776,17:50:47,jomini_trigger.cpp:243,PostValidate of trigger 'has_game_rule' returned false at file: gfx/portraits/portrait_modifiers/05_clothes_situational.txt line: 1158 (clothes_situational:weight),Script / database error,AGOT Submod Core,gfx/portraits/portrait_modifiers/05_clothes_situational.txt,,,
scripts,1777,17:50:47,jomini_script_system.cpp:303,"Script system error!
  Error: has_game_rule trigger [ Invalid database object 'show_armor_enabled' ]
  Script location: file: gfx/portraits/portrait_modifiers/05_clothes_situational.txt line: 1202 (clothes_situational:weight)",Script / database error,AGOT Submod Core,gfx/portraits/portrait_modifiers/05_clothes_situational.txt,,,
scripts,1781,17:50:47,jomini_trigger.cpp:243,PostValidate of trigger 'has_game_rule' returned false at file: gfx/portraits/portrait_modifiers/05_clothes_situational.txt line: 1202 (clothes_situational:weight),Script / database error,AGOT Submod Core,gfx/portraits/portrait_modifiers/05_clothes_situational.txt,,,
scripts,1782,17:50:47,jomini_script_system.cpp:303,"Script system error!
  Error: has_game_rule trigger [ Invalid database object 'show_armor_enabled' ]
  Script location: file: gfx/portraits/portrait_modifiers/05_clothes_situational.txt line: 1248 (clothes_situational:weight)",Script / database error,AGOT Submod Core,gfx/portraits/portrait_modifiers/05_clothes_situational.txt,,,
scripts,1786,17:50:47,jomini_trigger.cpp:243,PostValidate of trigger 'has_game_rule' returned false at file: gfx/portraits/portrait_modifiers/05_clothes_situational.txt line: 1248 (clothes_situational:weight),Script / database error,AGOT Submod Core,gfx/portraits/portrait_modifiers/05_clothes_situational.txt,,,
scripts,1787,17:50:47,jomini_script_system.cpp:303,"Script system error!
  Error: has_game_rule trigger [ Invalid database object 'show_armor_enabled' ]
  Script location: file: gfx/portraits/portrait_modifiers/05_clothes_situational.txt line: 1292 (clothes_situational:weight)",Script / database error,AGOT Submod Core,gfx/portraits/portrait_modifiers/05_clothes_situational.txt,,,
scripts,1791,17:50:47,jomini_trigger.cpp:243,PostValidate of trigger 'has_game_rule' returned false at file: gfx/portraits/portrait_modifiers/05_clothes_situational.txt line: 1292 (clothes_situational:weight),Script / database error,AGOT Submod Core,gfx/portraits/portrait_modifiers/05_clothes_situational.txt,,,
scripts,1792,17:50:47,jomini_script_system.cpp:303,"Script system error!
  Error: has_game_rule trigger [ Invalid database object 'show_armor_enabled' ]
  Script location: file: gfx/portraits/portrait_modifiers/05_clothes_situational.txt line: 1338 (clothes_situational:weight)",Script / database error,AGOT Submod Core,gfx/portraits/portrait_modifiers/05_clothes_situational.txt,,,
scripts,1796,17:50:47,jomini_trigger.cpp:243,PostValidate of trigger 'has_game_rule' returned false at file: gfx/portraits/portrait_modifiers/05_clothes_situational.txt line: 1338 (clothes_situational:weight),Script / database error,AGOT Submod Core,gfx/portraits/portrait_modifiers/05_clothes_situational.txt,,,
scripts,1797,17:50:47,jomini_script_system.cpp:303,"Script system error!
  Error: has_game_rule trigger [ Invalid database object 'show_armor_enabled' ]
  Script location: file: gfx/portraits/portrait_modifiers/05_clothes_situational.txt line: 1382 (clothes_situational:weight)",Script / database error,AGOT Submod Core,gfx/portraits/portrait_modifiers/05_clothes_situational.txt,,,
scripts,1801,17:50:47,jomini_trigger.cpp:243,PostValidate of trigger 'has_game_rule' returned false at file: gfx/portraits/portrait_modifiers/05_clothes_situational.txt line: 1382 (clothes_situational:weight),Script / database error,AGOT Submod Core,gfx/portraits/portrait_modifiers/05_clothes_situational.txt,,,
scripts,1802,17:50:47,jomini_script_system.cpp:303,"Script system error!
  Error: has_game_rule trigger [ Invalid database object 'show_armor_enabled' ]
  Script location: file: gfx/portraits/portrait_modifiers/05_clothes_situational.txt line: 1428 (clothes_situational:weight)",Script / database error,AGOT Submod Core,gfx/portraits/portrait_modifiers/05_clothes_situational.txt,,,
scripts,1806,17:50:47,jomini_trigger.cpp:243,PostValidate of trigger 'has_game_rule' returned false at file: gfx/portraits/portrait_modifiers/05_clothes_situational.txt line: 1428 (clothes_situational:weight),Script / database error,AGOT Submod Core,gfx/portraits/portrait_modifiers/05_clothes_situational.txt,,,
scripts,1807,17:50:47,jomini_script_system.cpp:303,"Script system error!
  Error: has_game_rule trigger [ Invalid database object 'show_armor_enabled' ]
  Script location: file: gfx/portraits/portrait_modifiers/05_clothes_situational.txt line: 1472 (clothes_situational:weight)",Script / database error,AGOT Submod Core,gfx/portraits/portrait_modifiers/05_clothes_situational.txt,,,
scripts,1811,17:50:47,jomini_trigger.cpp:243,PostValidate of trigger 'has_game_rule' returned false at file: gfx/portraits/portrait_modifiers/05_clothes_situational.txt line: 1472 (clothes_situational:weight),Script / database error,AGOT Submod Core,gfx/portraits/portrait_modifiers/05_clothes_situational.txt,,,
scripts,1812,17:50:47,jomini_script_system.cpp:303,"Script system error!
  Error: has_game_rule trigger [ Invalid database object 'show_armor_enabled' ]
  Script location: file: gfx/portraits/portrait_modifiers/05_clothes_situational.txt line: 1518 (clothes_situational:weight)",Script / database error,AGOT Submod Core,gfx/portraits/portrait_modifiers/05_clothes_situational.txt,,,
scripts,1816,17:50:47,jomini_trigger.cpp:243,PostValidate of trigger 'has_game_rule' returned false at file: gfx/portraits/portrait_modifiers/05_clothes_situational.txt line: 1518 (clothes_situational:weight),Script / database error,AGOT Submod Core,gfx/portraits/portrait_modifiers/05_clothes_situational.txt,,,
scripts,1817,17:50:47,jomini_script_system.cpp:303,"Script system error!
  Error: has_game_rule trigger [ Invalid database object 'show_armor_enabled' ]
  Script location: file: gfx/portraits/portrait_modifiers/05_clothes_situational.txt line: 1562 (clothes_situational:weight)",Script / database error,AGOT Submod Core,gfx/portraits/portrait_modifiers/05_clothes_situational.txt,,,
scripts,1821,17:50:47,jomini_trigger.cpp:243,PostValidate of trigger 'has_game_rule' returned false at file: gfx/portraits/portrait_modifiers/05_clothes_situational.txt line: 1562 (clothes_situational:weight),Script / database error,AGOT Submod Core,gfx/portraits/portrait_modifiers/05_clothes_situational.txt,,,
scripts,1822,17:50:47,jomini_script_system.cpp:303,"Script system error!
  Error: has_game_rule trigger [ Invalid database object 'show_armor_enabled' ]
  Script location: file: gfx/portraits/portrait_modifiers/05_headgear_situational.txt line: 338 (headgear_situational:weight)",Script / database error,AGOT Submod Core,gfx/portraits/portrait_modifiers/05_headgear_situational.txt,,,
scripts,1826,17:50:47,jomini_trigger.cpp:243,PostValidate of trigger 'has_game_rule' returned false at file: gfx/portraits/portrait_modifiers/05_headgear_situational.txt line: 338 (headgear_situational:weight),Script / database error,AGOT Submod Core,gfx/portraits/portrait_modifiers/05_headgear_situational.txt,,,
scripts,1827,17:50:47,jomini_script_system.cpp:303,"Script system error!
  Error: has_game_rule trigger [ Invalid database object 'show_armor_enabled' ]
  Script location: file: gfx/portraits/portrait_modifiers/05_headgear_situational.txt line: 395 (headgear_situational:weight)",Script / database error,AGOT Submod Core,gfx/portraits/portrait_modifiers/05_headgear_situational.txt,,,
scripts,1831,17:50:47,jomini_trigger.cpp:243,PostValidate of trigger 'has_game_rule' returned false at file: gfx/portraits/portrait_modifiers/05_headgear_situational.txt line: 395 (headgear_situational:weight),Script / database error,AGOT Submod Core,gfx/portraits/portrait_modifiers/05_headgear_situational.txt,,,
scripts,1832,17:50:47,jomini_script_system.cpp:303,"Script system error!
  Error: has_game_rule trigger [ Invalid database object 'show_armor_enabled' ]
  Script location: file: gfx/portraits/portrait_modifiers/05_headgear_situational.txt line: 3127 (headgear_situational:weight)",Script / database error,AGOT Submod Core,gfx/portraits/portrait_modifiers/05_headgear_situational.txt,,,
scripts,1836,17:50:47,jomini_trigger.cpp:243,PostValidate of trigger 'has_game_rule' returned false at file: gfx/portraits/portrait_modifiers/05_headgear_situational.txt line: 3127 (headgear_situational:weight),Script / database error,AGOT Submod Core,gfx/portraits/portrait_modifiers/05_headgear_situational.txt,,,
scripts,1837,17:50:47,jomini_script_system.cpp:303,"Script system error!
  Error: has_game_rule trigger [ Invalid database object 'show_armor_enabled' ]
  Script location: file: gfx/portraits/portrait_modifiers/05_headgear_situational.txt line: 3174 (headgear_situational:weight)",Script / database error,AGOT Submod Core,gfx/portraits/portrait_modifiers/05_headgear_situational.txt,,,
scripts,1841,17:50:47,jomini_trigger.cpp:243,PostValidate of trigger 'has_game_rule' returned false at file: gfx/portraits/portrait_modifiers/05_headgear_situational.txt line: 3174 (headgear_situational:weight),Script / database error,AGOT Submod Core,gfx/portraits/portrait_modifiers/05_headgear_situational.txt,,,
scripts,1842,17:50:47,jomini_script_system.cpp:303,"Script system error!
  Error: has_game_rule trigger [ Invalid database object 'show_armor_enabled' ]
  Script location: file: gfx/portraits/portrait_modifiers/05_headgear_situational.txt line: 3222 (headgear_situational:weight)",Script / database error,AGOT Submod Core,gfx/portraits/portrait_modifiers/05_headgear_situational.txt,,,
scripts,1846,17:50:47,jomini_trigger.cpp:243,PostValidate of trigger 'has_game_rule' returned false at file: gfx/portraits/portrait_modifiers/05_headgear_situational.txt line: 3222 (headgear_situational:weight),Script / database error,AGOT Submod Core,gfx/portraits/portrait_modifiers/05_headgear_situational.txt,,,
scripts,1847,17:50:47,jomini_script_system.cpp:303,"Script system error!
  Error: has_game_rule trigger [ Invalid database object 'show_armor_enabled' ]
  Script location: file: gfx/portraits/portrait_modifiers/05_headgear_situational.txt line: 3266 (headgear_situational:weight)",Script / database error,AGOT Submod Core,gfx/portraits/portrait_modifiers/05_headgear_situational.txt,,,
scripts,1851,17:50:47,jomini_trigger.cpp:243,PostValidate of trigger 'has_game_rule' returned false at file: gfx/portraits/portrait_modifiers/05_headgear_situational.txt line: 3266 (headgear_situational:weight),Script / database error,AGOT Submod Core,gfx/portraits/portrait_modifiers/05_headgear_situational.txt,,,
scripts,1852,17:50:47,jomini_script_system.cpp:303,"Script system error!
  Error: has_game_rule trigger [ Invalid database object 'show_armor_enabled' ]
  Script location: file: gfx/portraits/portrait_modifiers/05_headgear_situational.txt line: 3310 (headgear_situational:weight)",Script / database error,AGOT Submod Core,gfx/portraits/portrait_modifiers/05_headgear_situational.txt,,,
scripts,1856,17:50:47,jomini_trigger.cpp:243,PostValidate of trigger 'has_game_rule' returned false at file: gfx/portraits/portrait_modifiers/05_headgear_situational.txt line: 3310 (headgear_situational:weight),Script / database error,AGOT Submod Core,gfx/portraits/portrait_modifiers/05_headgear_situational.txt,,,
scripts,1857,17:50:47,jomini_script_system.cpp:303,"Script system error!
  Error: has_game_rule trigger [ Invalid database object 'show_armor_enabled' ]
  Script location: file: gfx/portraits/portrait_modifiers/05_headgear_situational.txt line: 3355 (headgear_situational:weight)",Script / database error,AGOT Submod Core,gfx/portraits/portrait_modifiers/05_headgear_situational.txt,,,
scripts,1861,17:50:47,jomini_trigger.cpp:243,PostValidate of trigger 'has_game_rule' returned false at file: gfx/portraits/portrait_modifiers/05_headgear_situational.txt line: 3355 (headgear_situational:weight),Script / database error,AGOT Submod Core,gfx/portraits/portrait_modifiers/05_headgear_situational.txt,,,
scripts,1862,17:50:47,jomini_script_system.cpp:303,"Script system error!
  Error: is_struggle_type trigger [ Invalid database object 'persian_struggle' ]
  Script location: file: common/character_interactions/DI_character_interaction.txt line: 1415 (DI_arrange_marriage_interaction:is_shown)",Script / database error,Divine Intervention Cheat Menu,common/character_interactions/DI_character_interaction.txt,,,
scripts,1866,17:50:47,jomini_trigger.cpp:243,PostValidate of trigger 'is_struggle_type' returned false at file: common/character_interactions/DI_character_interaction.txt line: 1415 (DI_arrange_marriage_interaction:is_shown),Script / database error,Divine Intervention Cheat Menu,common/character_interactions/DI_character_interaction.txt,,,
scripts,1867,17:50:47,jomini_script_system.cpp:303,"Script system error!
  Error: has_struggle_phase_parameter trigger [ Bool phase parameter 'can_trade_piety_for_marriage_acceptance' does not exist ]
  Script location: file: common/character_interactions/DI_character_interaction.txt line: 1416 (DI_arrange_marriage_interaction:is_shown)",Script / database error,Divine Intervention Cheat Menu,common/character_interactions/DI_character_interaction.txt,,,
scripts,1871,17:50:47,jomini_trigger.cpp:243,PostValidate of trigger 'has_struggle_phase_parameter' returned false at file: common/character_interactions/DI_character_interaction.txt line: 1416 (DI_arrange_marriage_interaction:is_shown),Script / database error,Divine Intervention Cheat Menu,common/character_interactions/DI_character_interaction.txt,,,
scripts,1872,17:50:47,jomini_script_system.cpp:303,"Script system error!
  Error: is_struggle_type trigger [ Invalid database object 'persian_struggle' ]
  Script location: file: common/character_interactions/DI_character_interaction.txt line: 1424 (DI_arrange_marriage_interaction:is_valid)",Script / database error,Divine Intervention Cheat Menu,common/character_interactions/DI_character_interaction.txt,,,
scripts,1876,17:50:47,jomini_trigger.cpp:243,PostValidate of trigger 'is_struggle_type' returned false at file: common/character_interactions/DI_character_interaction.txt line: 1424 (DI_arrange_marriage_interaction:is_valid),Script / database error,Divine Intervention Cheat Menu,common/character_interactions/DI_character_interaction.txt,,,
scripts,1877,17:50:47,jomini_script_system.cpp:303,"Script system error!
  Error: is_struggle_type trigger [ Invalid database object 'persian_struggle' ]
  Script location: file: common/character_interactions/DI_character_interaction.txt line: 1430 (DI_arrange_marriage_interaction:is_valid)",Script / database error,Divine Intervention Cheat Menu,common/character_interactions/DI_character_interaction.txt,,,
scripts,1881,17:50:47,jomini_trigger.cpp:243,PostValidate of trigger 'is_struggle_type' returned false at file: common/character_interactions/DI_character_interaction.txt line: 1430 (DI_arrange_marriage_interaction:is_valid),Script / database error,Divine Intervention Cheat Menu,common/character_interactions/DI_character_interaction.txt,,,
scripts,1882,17:50:47,jomini_script_system.cpp:303,"Script system error!
  Error: has_game_rule trigger [ Invalid database object 'agot_shatter_empires' ]
  Script location: file: common/on_action/ntc_artifacts_startdate.txt line: 128 (ntc_artifact_shattered_kingdoms)",Script / database error,AGOT - Crowns of Westeros,common/on_action/ntc_artifacts_startdate.txt,,,
scripts,1886,17:50:47,jomini_trigger.cpp:243,PostValidate of trigger 'has_game_rule' returned false at file: common/on_action/ntc_artifacts_startdate.txt line: 128 (ntc_artifact_shattered_kingdoms),Script / database error,AGOT - Crowns of Westeros,common/on_action/ntc_artifacts_startdate.txt,,,
scripts,1887,17:50:47,jomini_script_system.cpp:303,"Script system error!
  Error: is_in_family trigger [ Invalid database object 'rf_abrahamic' ]
  Script location: file: common/scripted_effects/DI_char_spawner_effects.txt line: 1464 (DI_char_spawner_resolve_origin_effect)",Script / database error,Divine Intervention Cheat Menu,common/scripted_effects/DI_char_spawner_effects.txt,,,
scripts,1891,17:50:47,jomini_trigger.cpp:243,PostValidate of trigger 'is_in_family' returned false at file: common/scripted_effects/DI_char_spawner_effects.txt line: 1464 (DI_char_spawner_resolve_origin_effect),Script / database error,Divine Intervention Cheat Menu,common/scripted_effects/DI_char_spawner_effects.txt,,,
scripts,1892,17:50:47,jomini_script_system.cpp:303,"Script system error!
  Error: is_in_family trigger [ Invalid database object 'rf_abrahamic' ]
  Script location: file: common/scripted_effects/DI_char_spawner_effects.txt line: 1466 (DI_char_spawner_resolve_origin_effect)",Script / database error,Divine Intervention Cheat Menu,common/scripted_effects/DI_char_spawner_effects.txt,,,
scripts,1896,17:50:47,jomini_trigger.cpp:243,PostValidate of trigger 'is_in_family' returned false at file: common/scripted_effects/DI_char_spawner_effects.txt line: 1466 (DI_char_spawner_resolve_origin_effect),Script / database error,Divine Intervention Cheat Menu,common/scripted_effects/DI_char_spawner_effects.txt,,,
scripts,1897,17:50:47,jomini_script_system.cpp:303,"Script system error!
  Error: is_in_family trigger [ Invalid database object 'rf_eastern' ]
  Script location: file: common/scripted_effects/DI_char_spawner_effects.txt line: 1470 (DI_char_spawner_resolve_origin_effect)",Script / database error,Divine Intervention Cheat Menu,common/scripted_effects/DI_char_spawner_effects.txt,,,
scripts,1901,17:50:47,jomini_trigger.cpp:243,PostValidate of trigger 'is_in_family' returned false at file: common/scripted_effects/DI_char_spawner_effects.txt line: 1470 (DI_char_spawner_resolve_origin_effect),Script / database error,Divine Intervention Cheat Menu,common/scripted_effects/DI_char_spawner_effects.txt,,,
scripts,1902,17:50:47,jomini_script_system.cpp:303,"Script system error!
  Error: is_in_family trigger [ Invalid database object 'rf_eastern' ]
  Script location: file: common/scripted_effects/DI_char_spawner_effects.txt line: 1472 (DI_char_spawner_resolve_origin_effect)",Script / database error,Divine Intervention Cheat Menu,common/scripted_effects/DI_char_spawner_effects.txt,,,
scripts,1906,17:50:47,jomini_trigger.cpp:243,PostValidate of trigger 'is_in_family' returned false at file: common/scripted_effects/DI_char_spawner_effects.txt line: 1472 (DI_char_spawner_resolve_origin_effect),Script / database error,Divine Intervention Cheat Menu,common/scripted_effects/DI_char_spawner_effects.txt,,,
scripts,1907,17:50:47,jomini_script_system.cpp:303,"Script system error!
  Error: is_in_family trigger [ Invalid database object 'rf_sinitic' ]
  Script location: file: common/scripted_effects/DI_char_spawner_effects.txt line: 1476 (DI_char_spawner_resolve_origin_effect)",Script / database error,Divine Intervention Cheat Menu,common/scripted_effects/DI_char_spawner_effects.txt,,,
scripts,1911,17:50:47,jomini_trigger.cpp:243,PostValidate of trigger 'is_in_family' returned false at file: common/scripted_effects/DI_char_spawner_effects.txt line: 1476 (DI_char_spawner_resolve_origin_effect),Script / database error,Divine Intervention Cheat Menu,common/scripted_effects/DI_char_spawner_effects.txt,,,
scripts,1912,17:50:47,jomini_script_system.cpp:303,"Script system error!
  Error: is_in_family trigger [ Invalid database object 'rf_sinitic' ]
  Script location: file: common/scripted_effects/DI_char_spawner_effects.txt line: 1478 (DI_char_spawner_resolve_origin_effect)",Script / database error,Divine Intervention Cheat Menu,common/scripted_effects/DI_char_spawner_effects.txt,,,
scripts,1916,17:50:47,jomini_trigger.cpp:243,PostValidate of trigger 'is_in_family' returned false at file: common/scripted_effects/DI_char_spawner_effects.txt line: 1478 (DI_char_spawner_resolve_origin_effect),Script / database error,Divine Intervention Cheat Menu,common/scripted_effects/DI_char_spawner_effects.txt,,,
scripts,1917,17:50:47,jomini_script_system.cpp:303,"Script system error!
  Error: is_in_family trigger [ Invalid database object 'rf_pagan' ]
  Script location: file: common/scripted_effects/DI_char_spawner_effects.txt line: 1482 (DI_char_spawner_resolve_origin_effect)",Script / database error,Divine Intervention Cheat Menu,common/scripted_effects/DI_char_spawner_effects.txt,,,
scripts,1921,17:50:47,jomini_trigger.cpp:243,PostValidate of trigger 'is_in_family' returned false at file: common/scripted_effects/DI_char_spawner_effects.txt line: 1482 (DI_char_spawner_resolve_origin_effect),Script / database error,Divine Intervention Cheat Menu,common/scripted_effects/DI_char_spawner_effects.txt,,,
scripts,1922,17:50:47,jomini_script_system.cpp:303,"Script system error!
  Error: is_in_family trigger [ Invalid database object 'rf_pagan' ]
  Script location: file: common/scripted_effects/DI_char_spawner_effects.txt line: 1484 (DI_char_spawner_resolve_origin_effect)",Script / database error,Divine Intervention Cheat Menu,common/scripted_effects/DI_char_spawner_effects.txt,,,
scripts,1926,17:50:47,jomini_trigger.cpp:243,PostValidate of trigger 'is_in_family' returned false at file: common/scripted_effects/DI_char_spawner_effects.txt line: 1484 (DI_char_spawner_resolve_origin_effect),Script / database error,Divine Intervention Cheat Menu,common/scripted_effects/DI_char_spawner_effects.txt,,,
scripts,1927,17:50:47,jomini_script_system.cpp:303,"Script system error!
  Error: has_cultural_parameter trigger [ Bool culture parameter 'can_build_quarries_in_hills' does not exist ]
  Script location: file: common/scripted_triggers/cowagot_building_requirement_triggers.txt line: 12 (building_quarries_requirement_terrain)",Script / database error,COW-AGOT: 3D Models & Bigger Castles,common/scripted_triggers/cowagot_building_requirement_triggers.txt,,,
scripts,1931,17:50:47,jomini_trigger.cpp:243,PostValidate of trigger 'has_cultural_parameter' returned false at file: common/scripted_triggers/cowagot_building_requirement_triggers.txt line: 12 (building_quarries_requirement_terrain),Script / database error,COW-AGOT: 3D Models & Bigger Castles,common/scripted_triggers/cowagot_building_requirement_triggers.txt,,,
scripts,1932,17:50:47,jomini_script_system.cpp:303,"Script system error!
  Error: has_game_rule trigger [ Invalid database object 'tgc_enabled_enabled' ]
  Script location: file: common/scripted_triggers/tgc_loaded_trigger.txt line: 11 (tgc_standard_equipment_trigger)",Script / database error,AGOT Submod Core,common/scripted_triggers/tgc_loaded_trigger.txt,,,
scripts,1936,17:50:47,jomini_trigger.cpp:243,PostValidate of trigger 'has_game_rule' returned false at file: common/scripted_triggers/tgc_loaded_trigger.txt line: 11 (tgc_standard_equipment_trigger),Script / database error,AGOT Submod Core,common/scripted_triggers/tgc_loaded_trigger.txt,,,
scripts,1937,17:50:47,jomini_script_system.cpp:303,"Script system error!
  Error: has_game_rule trigger [ Invalid database object 'tgc_enabled_enabled' ]
  Script location: file: common/scripted_triggers/tgc_loaded_trigger.txt line: 59 (tgc_captain_equipment_trigger)",Script / database error,AGOT Submod Core,common/scripted_triggers/tgc_loaded_trigger.txt,,,
scripts,1941,17:50:47,jomini_trigger.cpp:243,PostValidate of trigger 'has_game_rule' returned false at file: common/scripted_triggers/tgc_loaded_trigger.txt line: 59 (tgc_captain_equipment_trigger),Script / database error,AGOT Submod Core,common/scripted_triggers/tgc_loaded_trigger.txt,,,
scripts,1942,17:50:47,jomini_script_system.cpp:303,"Script system error!
  Error: has_game_rule trigger [ Invalid database object 'tgc_enabled_enabled' ]
  Script location: file: common/scripted_triggers/tgc_loaded_trigger.txt line: 94 (tgc_blackfyre_or_targ_equipment_trigger)",Script / database error,AGOT Submod Core,common/scripted_triggers/tgc_loaded_trigger.txt,,,
scripts,1946,17:50:47,jomini_trigger.cpp:243,PostValidate of trigger 'has_game_rule' returned false at file: common/scripted_triggers/tgc_loaded_trigger.txt line: 94 (tgc_blackfyre_or_targ_equipment_trigger),Script / database error,AGOT Submod Core,common/scripted_triggers/tgc_loaded_trigger.txt,,,
scripts,1947,17:50:47,jomini_script_system.cpp:303,"Script system error!
  Error: has_game_rule trigger [ Invalid database object 'tgc_blackfyre_enabled' ]
  Script location: file: common/scripted_triggers/tgc_loaded_trigger.txt line: 104 (tgc_blackfyre_equipment_trigger)",Script / database error,AGOT Submod Core,common/scripted_triggers/tgc_loaded_trigger.txt,,,
scripts,1951,17:50:47,jomini_trigger.cpp:243,PostValidate of trigger 'has_game_rule' returned false at file: common/scripted_triggers/tgc_loaded_trigger.txt line: 104 (tgc_blackfyre_equipment_trigger),Script / database error,AGOT Submod Core,common/scripted_triggers/tgc_loaded_trigger.txt,,,
scripts,1952,17:50:47,jomini_script_system.cpp:303,"Script system error!
  Error: has_game_rule trigger [ Invalid database object 'tgc_faegon_enabled' ]
  Script location: file: common/scripted_triggers/tgc_loaded_trigger.txt line: 120 (tgc_blackfyre_equipment_trigger)",Script / database error,AGOT Submod Core,common/scripted_triggers/tgc_loaded_trigger.txt,,,
scripts,1956,17:50:47,jomini_trigger.cpp:243,PostValidate of trigger 'has_game_rule' returned false at file: common/scripted_triggers/tgc_loaded_trigger.txt line: 120 (tgc_blackfyre_equipment_trigger),Script / database error,AGOT Submod Core,common/scripted_triggers/tgc_loaded_trigger.txt,,,
scripts,1957,17:50:47,jomini_script_system.cpp:303,"Script system error!
  Error: has_game_rule trigger [ Invalid database object 'tgc_faegon_enabled' ]
  Script location: file: common/scripted_triggers/tgc_loaded_trigger.txt line: 140 (tgc_targaryen_equipment_trigger)",Script / database error,AGOT Submod Core,common/scripted_triggers/tgc_loaded_trigger.txt,,,
scripts,1961,17:50:47,jomini_trigger.cpp:243,PostValidate of trigger 'has_game_rule' returned false at file: common/scripted_triggers/tgc_loaded_trigger.txt line: 140 (tgc_targaryen_equipment_trigger),Script / database error,AGOT Submod Core,common/scripted_triggers/tgc_loaded_trigger.txt,,,
scripts,1962,17:50:47,jomini_script_system.cpp:303,"Script system error!
  Error: has_game_rule trigger [ Invalid database object 'tgc_enabled_enabled' ]
  Script location: file: common/scripted_triggers/tgc_loaded_trigger.txt line: 163 (tgc_blackfyre_house_equipment_trigger)",Script / database error,AGOT Submod Core,common/scripted_triggers/tgc_loaded_trigger.txt,,,
scripts,1966,17:50:47,jomini_trigger.cpp:243,PostValidate of trigger 'has_game_rule' returned false at file: common/scripted_triggers/tgc_loaded_trigger.txt line: 163 (tgc_blackfyre_house_equipment_trigger),Script / database error,AGOT Submod Core,common/scripted_triggers/tgc_loaded_trigger.txt,,,
scripts,1967,17:50:47,jomini_script_system.cpp:303,"Script system error!
  Error: has_game_rule trigger [ Invalid database object 'tgc_blackfyre_enabled' ]
  Script location: file: common/scripted_triggers/tgc_loaded_trigger.txt line: 164 (tgc_blackfyre_house_equipment_trigger)",Script / database error,AGOT Submod Core,common/scripted_triggers/tgc_loaded_trigger.txt,,,
scripts,1971,17:50:47,jomini_trigger.cpp:243,PostValidate of trigger 'has_game_rule' returned false at file: common/scripted_triggers/tgc_loaded_trigger.txt line: 164 (tgc_blackfyre_house_equipment_trigger),Script / database error,AGOT Submod Core,common/scripted_triggers/tgc_loaded_trigger.txt,,,
read_not_set,1972,17:50:47,jomini_effect.cpp:1161,Flag 'monastery_holding' is used but is never set. Setting it in an unused scripted trigger or effect does not count,Script / database error,,,,,
read_not_set,1973,17:50:47,jomini_effect.cpp:1161,Flag 'ruin_holding' is used but is never set. Setting it in an unused scripted trigger or effect does not count,Script / database error,,,,,
read_not_set,1974,17:50:47,jomini_effect.cpp:1161,Flag 'highlight_special_buildings_map' is used but is never set. Setting it in an unused scripted trigger or effect does not count,Script / database error,,,,,
read_not_set,1975,17:50:47,jomini_effect.cpp:1161,Flag 'blackDarkRed' is used but is never set. Setting it in an unused scripted trigger or effect does not count,Script / database error,,,,,
read_not_set,1976,17:50:47,jomini_effect.cpp:1161,Flag 'unknown_holding' is used but is never set. Setting it in an unused scripted trigger or effect does not count,Script / database error,,,,,
read_not_set,1977,17:50:47,jomini_effect.cpp:1161,Flag 'settlement_holding' is used but is never set. Setting it in an unused scripted trigger or effect does not count,Script / database error,,,,,
read_not_set,1978,17:50:47,jomini_effect.cpp:1161,Flag 'iceFire' is used but is never set. Setting it in an unused scripted trigger or effect does not count,Script / database error,,,,,
read_not_set,1979,17:50:47,jomini_effect.cpp:1161,Flag 'pirate_den_holding' is used but is never set. Setting it in an unused scripted trigger or effect does not count,Script / database error,,,,,
read_not_set,1980,17:50:47,jomini_effect.cpp:1161,Flag 'wilderness_holding' is used but is never set. Setting it in an unused scripted trigger or effect does not count,Script / database error,,,,,
read_not_set,1981,17:50:47,jomini_effect.cpp:1161,Flag 'roland_crown' is used but is never set. Setting it in an unused scripted trigger or effect does not count,Script / database error,,,,,
set_not_read,1982,17:50:47,jomini_effect.cpp:1145,Flag 'global' is set but is never used. Note that use in localization doesn't count due to technical limitations. Use in unused scripted triggers and effects also does not count,Script / database error,,,,,
set_not_read,1983,17:50:47,jomini_effect.cpp:1145,Flag 'highlight_cow_provinces_map' is set but is never used. Note that use in localization doesn't count due to technical limitations. Use in unused scripted triggers and effects also does not count,Script / database error,,,,,
set_not_read,1984,17:50:47,jomini_effect.cpp:1145,Flag 'all_found' is set but is never used. Note that use in localization doesn't count due to technical limitations. Use in unused scripted triggers and effects also does not count,Script / database error,,,,,
set_not_read,1985,17:50:47,jomini_effect.cpp:1145,Flag 'DI_subtype_throne' is set but is never used. Note that use in localization doesn't count due to technical limitations. Use in unused scripted triggers and effects also does not count,Script / database error,,,,,
read_not_set,1986,17:50:47,jomini_effect.cpp:1161,Variable 'maekars_crown' is used but is never set. Setting it in an unused scripted trigger or effect does not count,Script / database error,,,,,
read_not_set,1987,17:50:47,jomini_effect.cpp:1161,Variable 'highlight_cow_provinces_map' is used but is never set. Setting it in an unused scripted trigger or effect does not count,Script / database error,,,,,
read_not_set,1988,17:50:47,jomini_effect.cpp:1161,Variable 'is_Durrandon_51' is used but is never set. Setting it in an unused scripted trigger or effect does not count,Script / database error,,,,,
read_not_set,1989,17:50:47,jomini_effect.cpp:1161,Variable 'Aotk_enabled' is used but is never set. Setting it in an unused scripted trigger or effect does not count,Script / database error,,,,,
read_not_set,1990,17:50:47,jomini_effect.cpp:1161,Variable 'app_enabled' is used but is never set. Setting it in an unused scripted trigger or effect does not count,Script / database error,,,,,
read_not_set,1991,17:50:47,jomini_effect.cpp:1161,Variable 'crown_aegon_baelor_artifact' is used but is never set. Setting it in an unused scripted trigger or effect does not count,Script / database error,,,,,
read_not_set,1992,17:50:47,jomini_effect.cpp:1161,Variable 'tgc_enabled' is used but is never set. Setting it in an unused scripted trigger or effect does not count,Script / database error,,,,,
read_not_set,1993,17:50:47,jomini_effect.cpp:1161,Variable 'blackfyre' is used but is never set. Setting it in an unused scripted trigger or effect does not count,Script / database error,,,,,
read_not_set,1994,17:50:47,jomini_effect.cpp:1161,Variable 'kingsguard_choice' is used but is never set. Setting it in an unused scripted trigger or effect does not count,Script / database error,,,,,
read_not_set,1995,17:50:47,jomini_effect.cpp:1161,Variable 'darksister' is used but is never set. Setting it in an unused scripted trigger or effect does not count,Script / database error,,,,,
read_not_set,1996,17:50:47,jomini_effect.cpp:1161,Variable 'brightboar_enabled' is used but is never set. Setting it in an unused scripted trigger or effect does not count,Script / database error,,,,,
read_not_set,1997,17:50:47,jomini_effect.cpp:1161,Variable 'is_baratheon_6' is used but is never set. Setting it in an unused scripted trigger or effect does not count,Script / database error,,,,,
read_not_set,1998,17:50:47,jomini_effect.cpp:1161,Variable 'swordman_armor_artifact' is used but is never set. Setting it in an unused scripted trigger or effect does not count,Script / database error,,,,,
read_not_set,1999,17:50:47,jomini_effect.cpp:1161,Variable 'seafoam' is used but is never set. Setting it in an unused scripted trigger or effect does not count,Script / database error,,,,,
read_not_set,2000,17:50:47,jomini_effect.cpp:1161,Variable 'captains_sword' is used but is never set. Setting it in an unused scripted trigger or effect does not count,Script / database error,,,,,
set_not_read,2001,17:50:47,jomini_effect.cpp:1145,Variable 'seafoam_artifact' is set but is never used. Note that use in localization doesn't count due to technical limitations. Use in unused scripted triggers and effects also does not count,Script / database error,,,,,
set_not_read,2002,17:50:47,jomini_effect.cpp:1145,Variable 'pincer_artifact' is set but is never used. Note that use in localization doesn't count due to technical limitations. Use in unused scripted triggers and effects also does not count,Script / database error,,,,,
set_not_read,2003,17:50:47,jomini_effect.cpp:1145,Variable 'blackfyre_artifact' is set but is never used. Note that use in localization doesn't count due to technical limitations. Use in unused scripted triggers and effects also does not count,Script / database error,,,,,
set_not_read,2004,17:50:47,jomini_effect.cpp:1145,Variable 'COWAGOT_is_loaded' is set but is never used. Note that use in localization doesn't count due to technical limitations. Use in unused scripted triggers and effects also does not count,Script / database error,,,,,
set_not_read,2005,17:50:47,jomini_effect.cpp:1145,Variable 'DI_artifact_subtype_display' is set but is never used. Note that use in localization doesn't count due to technical limitations. Use in unused scripted triggers and effects also does not count,Script / database error,,,,,
set_not_read,2006,17:50:47,jomini_effect.cpp:1145,Variable 'DI_artifact_quality_display' is set but is never used. Note that use in localization doesn't count due to technical limitations. Use in unused scripted triggers and effects also does not count,Script / database error,,,,,
set_not_read,2007,17:50:47,jomini_effect.cpp:1145,Variable 'DI_artifact_category_display' is set but is never used. Note that use in localization doesn't count due to technical limitations. Use in unused scripted triggers and effects also does not count,Script / database error,,,,,
modifiers,2008,17:50:47,static_modifier.cpp:200,"Modifier 'lucerys_gun_modifier' was not used by the script or code but exists in the database, this is a waste",Script / database error,,,,,
modifiers,2009,17:50:47,static_modifier.cpp:200,"Modifier 'artifact_monthly_piety_negative_1_modifier' was not used by the script or code but exists in the database, this is a waste",Script / database error,,,,,
modifiers,2010,17:50:47,static_modifier.cpp:200,"Modifier 'artifact_monthly_martial_lifestyle_xp_1_negative_modifier' was not used by the script or code but exists in the database, this is a waste",Script / database error,,,,,
modifiers,2011,17:50:47,static_modifier.cpp:200,"Modifier 'asoiaf_stark_throne_modifier' was not used by the script or code but exists in the database, this is a waste",Script / database error,,,,,
animations,2012,17:50:47,portraitanimations.cpp:110,"Unknown animation state 'throneRoom_twoHandedPassiveFat1_entry' scripted for portrait animation 'valyrian_invasion_vs_spear_1_1' in modifier 'throneRoom_two_handed_passive_1_fat' (part 'torso', type 'male')",Graphics / portrait source error,,,,,
animations,2013,17:50:47,portraitanimations.cpp:110,"Unknown animation state 'throneRoom_twoHandedPassiveFat1_entry' scripted for portrait animation 'valyrian_invasion_vs_spear_1_1' in modifier 'throneRoom_two_handed_passive_1_dwarf' (part 'torso', type 'male')",Graphics / portrait source error,,,,,
animations,2014,17:50:47,portraitanimations.cpp:110,"Unknown animation state 'throneRoom_twoHandedPassiveFatDwarf1_entry' scripted for portrait animation 'valyrian_invasion_vs_spear_1_1' in modifier 'throneRoom_two_handed_passive_1_fat_dwarf' (part 'torso', type 'male')",Graphics / portrait source error,,,,,
animations,2015,17:50:47,portraitanimations.cpp:110,"Unknown animation state 'throneRoom_twoHandedPassiveFatDwarf1_entry' scripted for portrait animation 'valyrian_invasion_vs_spear_1_1' in modifier 'throneRoom_two_handed_passive_1_pregnant' (part 'torso', type 'male')",Graphics / portrait source error,,,,,
animations,2016,17:50:47,portraitanimations.cpp:110,"Unknown animation state 'throneRoom_twoHandedPassiveFatDwarf1_entry' scripted for portrait animation 'valyrian_invasion_vs_spear_1_1' in modifier 'throneRoom_two_handed_passive_1_pregnant_dwarf' (part 'torso', type 'male')",Graphics / portrait source error,,,,,
animations,2017,17:50:47,portraitanimations.cpp:110,"Unknown animation state 'throneRoom_twoHandedPassiveFatDwarf1_entry' scripted for portrait animation 'valyrian_invasion_vs_spear_1_1' in modifier 'throneRoom_two_handed_passive_1_pregnant_fat_dwarf' (part 'torso', type 'male')",Graphics / portrait source error,,,,,
animations,2018,17:50:47,portraitanimations.cpp:110,"Unknown animation state 'throneRoom_twoHandedPassiveFat1_entry' scripted for portrait animation 'valyrian_invasion_vs_spear_1_1' in modifier 'throneRoom_two_handed_passive_1_fat' (part 'torso', type 'female')",Graphics / portrait source error,,,,,
animations,2019,17:50:47,portraitanimations.cpp:110,"Unknown animation state 'throneRoom_twoHandedPassiveFat1_entry' scripted for portrait animation 'valyrian_invasion_vs_spear_1_1' in modifier 'throneRoom_two_handed_passive_1_dwarf' (part 'torso', type 'female')",Graphics / portrait source error,,,,,
animations,2020,17:50:47,portraitanimations.cpp:110,"Unknown animation state 'throneRoom_twoHandedPassiveFatDwarf1_entry' scripted for portrait animation 'valyrian_invasion_vs_spear_1_1' in modifier 'throneRoom_two_handed_passive_1_fat_dwarf' (part 'torso', type 'female')",Graphics / portrait source error,,,,,
animations,2021,17:50:47,portraitanimations.cpp:110,"Unknown animation state 'throneRoom_twoHandedPassiveFatDwarf1_entry' scripted for portrait animation 'valyrian_invasion_vs_spear_1_1' in modifier 'throneRoom_two_handed_passive_1_pregnant' (part 'torso', type 'female')",Graphics / portrait source error,,,,,
animations,2022,17:50:47,portraitanimations.cpp:110,"Unknown animation state 'throneRoom_twoHandedPassiveFatDwarf1_entry' scripted for portrait animation 'valyrian_invasion_vs_spear_1_1' in modifier 'throneRoom_two_handed_passive_1_pregnant_dwarf' (part 'torso', type 'female')",Graphics / portrait source error,,,,,
animations,2023,17:50:47,portraitanimations.cpp:110,"Unknown animation state 'throneRoom_twoHandedPassiveFatDwarf1_entry' scripted for portrait animation 'valyrian_invasion_vs_spear_1_1' in modifier 'throneRoom_two_handed_passive_1_pregnant_fat_dwarf' (part 'torso', type 'female')",Graphics / portrait source error,,,,,
animations,2024,17:50:47,portraitanimations.cpp:110,"Unknown animation state 'throneRoom_twoHandedPassiveFat1_entry' scripted for portrait animation 'valyrian_invasion_vs_spear_1_1' in modifier 'throneRoom_two_handed_passive_1_fat' (part 'torso', type 'boy')",Graphics / portrait source error,,,,,
animations,2025,17:50:47,portraitanimations.cpp:110,"Unknown animation state 'throneRoom_twoHandedPassiveFat1_entry' scripted for portrait animation 'valyrian_invasion_vs_spear_1_1' in modifier 'throneRoom_two_handed_passive_1_dwarf' (part 'torso', type 'boy')",Graphics / portrait source error,,,,,
animations,2026,17:50:47,portraitanimations.cpp:110,"Unknown animation state 'throneRoom_twoHandedPassiveFatDwarf1_entry' scripted for portrait animation 'valyrian_invasion_vs_spear_1_1' in modifier 'throneRoom_two_handed_passive_1_fat_dwarf' (part 'torso', type 'boy')",Graphics / portrait source error,,,,,
animations,2027,17:50:47,portraitanimations.cpp:110,"Unknown animation state 'throneRoom_twoHandedPassiveFatDwarf1_entry' scripted for portrait animation 'valyrian_invasion_vs_spear_1_1' in modifier 'throneRoom_two_handed_passive_1_pregnant' (part 'torso', type 'boy')",Graphics / portrait source error,,,,,
animations,2028,17:50:47,portraitanimations.cpp:110,"Unknown animation state 'throneRoom_twoHandedPassiveFatDwarf1_entry' scripted for portrait animation 'valyrian_invasion_vs_spear_1_1' in modifier 'throneRoom_two_handed_passive_1_pregnant_dwarf' (part 'torso', type 'boy')",Graphics / portrait source error,,,,,
animations,2029,17:50:47,portraitanimations.cpp:110,"Unknown animation state 'throneRoom_twoHandedPassiveFatDwarf1_entry' scripted for portrait animation 'valyrian_invasion_vs_spear_1_1' in modifier 'throneRoom_two_handed_passive_1_pregnant_fat_dwarf' (part 'torso', type 'boy')",Graphics / portrait source error,,,,,
animations,2030,17:50:47,portraitanimations.cpp:110,"Unknown animation state 'throneRoom_twoHandedPassiveFat1_entry' scripted for portrait animation 'valyrian_invasion_vs_spear_1_1' in modifier 'throneRoom_two_handed_passive_1_fat' (part 'torso', type 'girl')",Graphics / portrait source error,,,,,
animations,2031,17:50:47,portraitanimations.cpp:110,"Unknown animation state 'throneRoom_twoHandedPassiveFat1_entry' scripted for portrait animation 'valyrian_invasion_vs_spear_1_1' in modifier 'throneRoom_two_handed_passive_1_dwarf' (part 'torso', type 'girl')",Graphics / portrait source error,,,,,
animations,2032,17:50:47,portraitanimations.cpp:110,"Unknown animation state 'throneRoom_twoHandedPassiveFatDwarf1_entry' scripted for portrait animation 'valyrian_invasion_vs_spear_1_1' in modifier 'throneRoom_two_handed_passive_1_fat_dwarf' (part 'torso', type 'girl')",Graphics / portrait source error,,,,,
animations,2033,17:50:47,portraitanimations.cpp:110,"Unknown animation state 'throneRoom_twoHandedPassiveFatDwarf1_entry' scripted for portrait animation 'valyrian_invasion_vs_spear_1_1' in modifier 'throneRoom_two_handed_passive_1_pregnant' (part 'torso', type 'girl')",Graphics / portrait source error,,,,,
animations,2034,17:50:47,portraitanimations.cpp:110,"Unknown animation state 'throneRoom_twoHandedPassiveFatDwarf1_entry' scripted for portrait animation 'valyrian_invasion_vs_spear_1_1' in modifier 'throneRoom_two_handed_passive_1_pregnant_dwarf' (part 'torso', type 'girl')",Graphics / portrait source error,,,,,
animations,2035,17:50:47,portraitanimations.cpp:110,"Unknown animation state 'throneRoom_twoHandedPassiveFatDwarf1_entry' scripted for portrait animation 'valyrian_invasion_vs_spear_1_1' in modifier 'throneRoom_two_handed_passive_1_pregnant_fat_dwarf' (part 'torso', type 'girl')",Graphics / portrait source error,,,,,
animations,2036,17:50:47,portraitanimations.cpp:110,"Unknown animation state 'throneRoom_twoHandedPassiveFat1_entry' scripted for portrait animation 'valyrian_invasion_vs_halberd_1' in modifier 'throneRoom_two_handed_passive_1_fat' (part 'torso', type 'male')",Graphics / portrait source error,,,,,
animations,2037,17:50:47,portraitanimations.cpp:110,"Unknown animation state 'throneRoom_twoHandedPassiveFat1_entry' scripted for portrait animation 'valyrian_invasion_vs_halberd_1' in modifier 'throneRoom_two_handed_passive_1_dwarf' (part 'torso', type 'male')",Graphics / portrait source error,,,,,
animations,2038,17:50:47,portraitanimations.cpp:110,"Unknown animation state 'throneRoom_twoHandedPassiveFatDwarf1_entry' scripted for portrait animation 'valyrian_invasion_vs_halberd_1' in modifier 'throneRoom_two_handed_passive_1_fat_dwarf' (part 'torso', type 'male')",Graphics / portrait source error,,,,,
animations,2039,17:50:47,portraitanimations.cpp:110,"Unknown animation state 'throneRoom_twoHandedPassiveFatDwarf1_entry' scripted for portrait animation 'valyrian_invasion_vs_halberd_1' in modifier 'throneRoom_two_handed_passive_1_pregnant' (part 'torso', type 'male')",Graphics / portrait source error,,,,,
animations,2040,17:50:47,portraitanimations.cpp:110,"Unknown animation state 'throneRoom_twoHandedPassiveFatDwarf1_entry' scripted for portrait animation 'valyrian_invasion_vs_halberd_1' in modifier 'throneRoom_two_handed_passive_1_pregnant_dwarf' (part 'torso', type 'male')",Graphics / portrait source error,,,,,
animations,2041,17:50:47,portraitanimations.cpp:110,"Unknown animation state 'throneRoom_twoHandedPassiveFatDwarf1_entry' scripted for portrait animation 'valyrian_invasion_vs_halberd_1' in modifier 'throneRoom_two_handed_passive_1_pregnant_fat_dwarf' (part 'torso', type 'male')",Graphics / portrait source error,,,,,
animations,2042,17:50:47,portraitanimations.cpp:110,"Unknown animation state 'throneRoom_twoHandedPassiveFat1_entry' scripted for portrait animation 'valyrian_invasion_vs_halberd_1' in modifier 'throneRoom_two_handed_passive_1_fat' (part 'torso', type 'female')",Graphics / portrait source error,,,,,
animations,2043,17:50:47,portraitanimations.cpp:110,"Unknown animation state 'throneRoom_twoHandedPassiveFat1_entry' scripted for portrait animation 'valyrian_invasion_vs_halberd_1' in modifier 'throneRoom_two_handed_passive_1_dwarf' (part 'torso', type 'female')",Graphics / portrait source error,,,,,
animations,2044,17:50:47,portraitanimations.cpp:110,"Unknown animation state 'throneRoom_twoHandedPassiveFatDwarf1_entry' scripted for portrait animation 'valyrian_invasion_vs_halberd_1' in modifier 'throneRoom_two_handed_passive_1_fat_dwarf' (part 'torso', type 'female')",Graphics / portrait source error,,,,,
animations,2045,17:50:47,portraitanimations.cpp:110,"Unknown animation state 'throneRoom_twoHandedPassiveFatDwarf1_entry' scripted for portrait animation 'valyrian_invasion_vs_halberd_1' in modifier 'throneRoom_two_handed_passive_1_pregnant' (part 'torso', type 'female')",Graphics / portrait source error,,,,,
animations,2046,17:50:47,portraitanimations.cpp:110,"Unknown animation state 'throneRoom_twoHandedPassiveFatDwarf1_entry' scripted for portrait animation 'valyrian_invasion_vs_halberd_1' in modifier 'throneRoom_two_handed_passive_1_pregnant_dwarf' (part 'torso', type 'female')",Graphics / portrait source error,,,,,
animations,2047,17:50:47,portraitanimations.cpp:110,"Unknown animation state 'throneRoom_twoHandedPassiveFatDwarf1_entry' scripted for portrait animation 'valyrian_invasion_vs_halberd_1' in modifier 'throneRoom_two_handed_passive_1_pregnant_fat_dwarf' (part 'torso', type 'female')",Graphics / portrait source error,,,,,
animations,2048,17:50:47,portraitanimations.cpp:110,"Unknown animation state 'throneRoom_twoHandedPassiveFat1_entry' scripted for portrait animation 'valyrian_invasion_vs_halberd_1' in modifier 'throneRoom_two_handed_passive_1_fat' (part 'torso', type 'boy')",Graphics / portrait source error,,,,,
animations,2049,17:50:47,portraitanimations.cpp:110,"Unknown animation state 'throneRoom_twoHandedPassiveFat1_entry' scripted for portrait animation 'valyrian_invasion_vs_halberd_1' in modifier 'throneRoom_two_handed_passive_1_dwarf' (part 'torso', type 'boy')",Graphics / portrait source error,,,,,
animations,2050,17:50:47,portraitanimations.cpp:110,"Unknown animation state 'throneRoom_twoHandedPassiveFatDwarf1_entry' scripted for portrait animation 'valyrian_invasion_vs_halberd_1' in modifier 'throneRoom_two_handed_passive_1_fat_dwarf' (part 'torso', type 'boy')",Graphics / portrait source error,,,,,
animations,2051,17:50:47,portraitanimations.cpp:110,"Unknown animation state 'throneRoom_twoHandedPassiveFatDwarf1_entry' scripted for portrait animation 'valyrian_invasion_vs_halberd_1' in modifier 'throneRoom_two_handed_passive_1_pregnant' (part 'torso', type 'boy')",Graphics / portrait source error,,,,,
animations,2052,17:50:47,portraitanimations.cpp:110,"Unknown animation state 'throneRoom_twoHandedPassiveFatDwarf1_entry' scripted for portrait animation 'valyrian_invasion_vs_halberd_1' in modifier 'throneRoom_two_handed_passive_1_pregnant_dwarf' (part 'torso', type 'boy')",Graphics / portrait source error,,,,,
animations,2053,17:50:47,portraitanimations.cpp:110,"Unknown animation state 'throneRoom_twoHandedPassiveFatDwarf1_entry' scripted for portrait animation 'valyrian_invasion_vs_halberd_1' in modifier 'throneRoom_two_handed_passive_1_pregnant_fat_dwarf' (part 'torso', type 'boy')",Graphics / portrait source error,,,,,
animations,2054,17:50:47,portraitanimations.cpp:110,"Unknown animation state 'throneRoom_twoHandedPassiveFat1_entry' scripted for portrait animation 'valyrian_invasion_vs_halberd_1' in modifier 'throneRoom_two_handed_passive_1_fat' (part 'torso', type 'girl')",Graphics / portrait source error,,,,,
animations,2055,17:50:47,portraitanimations.cpp:110,"Unknown animation state 'throneRoom_twoHandedPassiveFat1_entry' scripted for portrait animation 'valyrian_invasion_vs_halberd_1' in modifier 'throneRoom_two_handed_passive_1_dwarf' (part 'torso', type 'girl')",Graphics / portrait source error,,,,,
animations,2056,17:50:47,portraitanimations.cpp:110,"Unknown animation state 'throneRoom_twoHandedPassiveFatDwarf1_entry' scripted for portrait animation 'valyrian_invasion_vs_halberd_1' in modifier 'throneRoom_two_handed_passive_1_fat_dwarf' (part 'torso', type 'girl')",Graphics / portrait source error,,,,,
animations,2057,17:50:47,portraitanimations.cpp:110,"Unknown animation state 'throneRoom_twoHandedPassiveFatDwarf1_entry' scripted for portrait animation 'valyrian_invasion_vs_halberd_1' in modifier 'throneRoom_two_handed_passive_1_pregnant' (part 'torso', type 'girl')",Graphics / portrait source error,,,,,
animations,2058,17:50:47,portraitanimations.cpp:110,"Unknown animation state 'throneRoom_twoHandedPassiveFatDwarf1_entry' scripted for portrait animation 'valyrian_invasion_vs_halberd_1' in modifier 'throneRoom_two_handed_passive_1_pregnant_dwarf' (part 'torso', type 'girl')",Graphics / portrait source error,,,,,
animations,2059,17:50:47,portraitanimations.cpp:110,"Unknown animation state 'throneRoom_twoHandedPassiveFatDwarf1_entry' scripted for portrait animation 'valyrian_invasion_vs_halberd_1' in modifier 'throneRoom_two_handed_passive_1_pregnant_fat_dwarf' (part 'torso', type 'girl')",Graphics / portrait source error,,,,,
textures,2060,17:50:49,game_icons.cpp:746,"file gfx/interface/icons/building_types/icon_building_ten_towers.dds doesn't exist, referenced from building 'agot_ten_towers_01'",Graphics / portrait source error,Unresolved file,gfx/interface/icons/building_types/icon_building_ten_towers.dds,,,
textures,2061,17:50:49,game_icons.cpp:746,"file gfx/interface/icons/building_types/icon_riverrun.dds doesn't exist, referenced from building 'oldstones_old_final'",Graphics / portrait source error,Unresolved file,gfx/interface/icons/building_types/icon_riverrun.dds,,,
textures,2062,17:50:49,game_icons.cpp:746,"file gfx/interface/icons/building_types/icon_riverrun.dds doesn't exist, referenced from building 'oldstones_old_new'",Graphics / portrait source error,Unresolved file,gfx/interface/icons/building_types/icon_riverrun.dds,,,
textures,2063,17:50:49,game_icons.cpp:746,"file gfx/interface/icons/building_types/icon_riverrun.dds doesn't exist, referenced from building 'oldstones_restored_final'",Graphics / portrait source error,Unresolved file,gfx/interface/icons/building_types/icon_riverrun.dds,,,
orphan_events,2064,17:50:50,jomini_eventmanager.cpp:372,Event buy_valyrian_mask.0001 is orphaned,Script / database error,,,,,
orphan_events,2065,17:50:50,jomini_eventmanager.cpp:372,Event asoiaf_young_griff_landing_events.2 is orphaned,Script / database error,,,,,
achievement_assert,2066,17:50:51,pdx_assert.cpp:619,Assertion failed: Achievements not loaded correctly,Other error,,,,,
scripts,2067,17:50:51,databases.h:36,Key rf_valyrian not found at Database: common/religion/religion_family_types,Other error,,,,,
scripts,2068,17:50:51,databases.h:36,Key tgp_minister_recruit_courtiers_decision not found at Database: common/decisions,Other error,,,,,
read_not_set,2069,17:50:52,jomini_effect.cpp:1161,Flag 'monastery_holding' is used but is never set. Setting it in an unused scripted trigger or effect does not count,Script / database error,,,,,
read_not_set,2070,17:50:52,jomini_effect.cpp:1161,Flag 'ruin_holding' is used but is never set. Setting it in an unused scripted trigger or effect does not count,Script / database error,,,,,
read_not_set,2071,17:50:52,jomini_effect.cpp:1161,Flag 'highlight_special_buildings_map' is used but is never set. Setting it in an unused scripted trigger or effect does not count,Script / database error,,,,,
read_not_set,2072,17:50:52,jomini_effect.cpp:1161,Flag 'blackDarkRed' is used but is never set. Setting it in an unused scripted trigger or effect does not count,Script / database error,,,,,
read_not_set,2073,17:50:52,jomini_effect.cpp:1161,Flag 'unknown_holding' is used but is never set. Setting it in an unused scripted trigger or effect does not count,Script / database error,,,,,
read_not_set,2074,17:50:52,jomini_effect.cpp:1161,Flag 'settlement_holding' is used but is never set. Setting it in an unused scripted trigger or effect does not count,Script / database error,,,,,
read_not_set,2075,17:50:52,jomini_effect.cpp:1161,Flag 'iceFire' is used but is never set. Setting it in an unused scripted trigger or effect does not count,Script / database error,,,,,
read_not_set,2076,17:50:52,jomini_effect.cpp:1161,Flag 'pirate_den_holding' is used but is never set. Setting it in an unused scripted trigger or effect does not count,Script / database error,,,,,
read_not_set,2077,17:50:52,jomini_effect.cpp:1161,Flag 'wilderness_holding' is used but is never set. Setting it in an unused scripted trigger or effect does not count,Script / database error,,,,,
read_not_set,2078,17:50:52,jomini_effect.cpp:1161,Flag 'roland_crown' is used but is never set. Setting it in an unused scripted trigger or effect does not count,Script / database error,,,,,
set_not_read,2079,17:50:52,jomini_effect.cpp:1145,Flag 'global' is set but is never used. Note that use in localization doesn't count due to technical limitations. Use in unused scripted triggers and effects also does not count,Script / database error,,,,,
set_not_read,2080,17:50:52,jomini_effect.cpp:1145,Flag 'highlight_cow_provinces_map' is set but is never used. Note that use in localization doesn't count due to technical limitations. Use in unused scripted triggers and effects also does not count,Script / database error,,,,,
set_not_read,2081,17:50:52,jomini_effect.cpp:1145,Flag 'all_found' is set but is never used. Note that use in localization doesn't count due to technical limitations. Use in unused scripted triggers and effects also does not count,Script / database error,,,,,
set_not_read,2082,17:50:52,jomini_effect.cpp:1145,Flag 'DI_subtype_throne' is set but is never used. Note that use in localization doesn't count due to technical limitations. Use in unused scripted triggers and effects also does not count,Script / database error,,,,,
read_not_set,2083,17:50:52,jomini_effect.cpp:1161,Variable 'maekars_crown' is used but is never set. Setting it in an unused scripted trigger or effect does not count,Script / database error,,,,,
read_not_set,2084,17:50:52,jomini_effect.cpp:1161,Variable 'highlight_cow_provinces_map' is used but is never set. Setting it in an unused scripted trigger or effect does not count,Script / database error,,,,,
read_not_set,2085,17:50:52,jomini_effect.cpp:1161,Variable 'is_Durrandon_51' is used but is never set. Setting it in an unused scripted trigger or effect does not count,Script / database error,,,,,
read_not_set,2086,17:50:52,jomini_effect.cpp:1161,Variable 'Aotk_enabled' is used but is never set. Setting it in an unused scripted trigger or effect does not count,Script / database error,,,,,
read_not_set,2087,17:50:52,jomini_effect.cpp:1161,Variable 'app_enabled' is used but is never set. Setting it in an unused scripted trigger or effect does not count,Script / database error,,,,,
read_not_set,2088,17:50:52,jomini_effect.cpp:1161,Variable 'crown_aegon_baelor_artifact' is used but is never set. Setting it in an unused scripted trigger or effect does not count,Script / database error,,,,,
read_not_set,2089,17:50:52,jomini_effect.cpp:1161,Variable 'tgc_enabled' is used but is never set. Setting it in an unused scripted trigger or effect does not count,Script / database error,,,,,
read_not_set,2090,17:50:52,jomini_effect.cpp:1161,Variable 'blackfyre' is used but is never set. Setting it in an unused scripted trigger or effect does not count,Script / database error,,,,,
read_not_set,2091,17:50:52,jomini_effect.cpp:1161,Variable 'kingsguard_choice' is used but is never set. Setting it in an unused scripted trigger or effect does not count,Script / database error,,,,,
read_not_set,2092,17:50:52,jomini_effect.cpp:1161,Variable 'darksister' is used but is never set. Setting it in an unused scripted trigger or effect does not count,Script / database error,,,,,
read_not_set,2093,17:50:52,jomini_effect.cpp:1161,Variable 'brightboar_enabled' is used but is never set. Setting it in an unused scripted trigger or effect does not count,Script / database error,,,,,
read_not_set,2094,17:50:52,jomini_effect.cpp:1161,Variable 'is_baratheon_6' is used but is never set. Setting it in an unused scripted trigger or effect does not count,Script / database error,,,,,
read_not_set,2095,17:50:52,jomini_effect.cpp:1161,Variable 'swordman_armor_artifact' is used but is never set. Setting it in an unused scripted trigger or effect does not count,Script / database error,,,,,
read_not_set,2096,17:50:52,jomini_effect.cpp:1161,Variable 'seafoam' is used but is never set. Setting it in an unused scripted trigger or effect does not count,Script / database error,,,,,
read_not_set,2097,17:50:52,jomini_effect.cpp:1161,Variable 'captains_sword' is used but is never set. Setting it in an unused scripted trigger or effect does not count,Script / database error,,,,,
set_not_read,2098,17:50:52,jomini_effect.cpp:1145,Variable 'seafoam_artifact' is set but is never used. Note that use in localization doesn't count due to technical limitations. Use in unused scripted triggers and effects also does not count,Script / database error,,,,,
set_not_read,2099,17:50:52,jomini_effect.cpp:1145,Variable 'pincer_artifact' is set but is never used. Note that use in localization doesn't count due to technical limitations. Use in unused scripted triggers and effects also does not count,Script / database error,,,,,
set_not_read,2100,17:50:52,jomini_effect.cpp:1145,Variable 'blackfyre_artifact' is set but is never used. Note that use in localization doesn't count due to technical limitations. Use in unused scripted triggers and effects also does not count,Script / database error,,,,,
set_not_read,2101,17:50:52,jomini_effect.cpp:1145,Variable 'COWAGOT_is_loaded' is set but is never used. Note that use in localization doesn't count due to technical limitations. Use in unused scripted triggers and effects also does not count,Script / database error,,,,,
set_not_read,2102,17:50:52,jomini_effect.cpp:1145,Variable 'DI_artifact_subtype_display' is set but is never used. Note that use in localization doesn't count due to technical limitations. Use in unused scripted triggers and effects also does not count,Script / database error,,,,,
set_not_read,2103,17:50:52,jomini_effect.cpp:1145,Variable 'DI_artifact_quality_display' is set but is never used. Note that use in localization doesn't count due to technical limitations. Use in unused scripted triggers and effects also does not count,Script / database error,,,,,
set_not_read,2104,17:50:52,jomini_effect.cpp:1145,Variable 'DI_artifact_category_display' is set but is never used. Note that use in localization doesn't count due to technical limitations. Use in unused scripted triggers and effects also does not count,Script / database error,,,,,
history,2105,17:50:52,history.cpp:644,Referencing non-existent character in script link character:Gardener_75,History / title / faith reference error,,,,,
history,2106,17:50:52,history.cpp:644,Referencing non-existent character in script link character:Gardener_75,History / title / faith reference error,,,,,
