[original line 1458][portraitcontext.cpp:184] No gene with key: gene_dragon_skin_hue in group human at file: common/dna_data/test_dna_crownlands.txt line: 8 (Slynt_asoiaf_1)

[original line 1459][portraitcontext.cpp:184] No gene with key: gene_dragon_skin_value in group human at file: common/dna_data/test_dna_crownlands.txt line: 9 (Slynt_asoiaf_1)

[original line 1460][portraitcontext.cpp:184] No gene with key: gene_dragon_highlight_hue in group human at file: common/dna_data/test_dna_crownlands.txt line: 10 (Slynt_asoiaf_1)

[original line 1461][portraitcontext.cpp:184] No gene with key: gene_dragon_highlight_value in group human at file: common/dna_data/test_dna_crownlands.txt line: 11 (Slynt_asoiaf_1)

[original line 1462][portraitcontext.cpp:184] No gene with key: gene_dragon_eye_hue in group human at file: common/dna_data/test_dna_crownlands.txt line: 12 (Slynt_asoiaf_1)

[original line 1463][portraitcontext.cpp:184] No gene with key: gene_dragon_eye_value in group human at file: common/dna_data/test_dna_crownlands.txt line: 13 (Slynt_asoiaf_1)

[original line 1464][portraitcontext.cpp:184] No gene with key: gene_dragon_horn_hue in group human at file: common/dna_data/test_dna_crownlands.txt line: 14 (Slynt_asoiaf_1)

[original line 1465][portraitcontext.cpp:184] No gene with key: gene_dragon_horn_value in group human at file: common/dna_data/test_dna_crownlands.txt line: 15 (Slynt_asoiaf_1)

[original line 1466][portraitcontext.cpp:184] No gene with key: gene_eye_size in group human at file: common/dna_data/test_dna_crownlands.txt line: 148 (Slynt_asoiaf_1)

[original line 1467][portraitcontext.cpp:184] No gene with key: gene_eye_shut_top in group human at file: common/dna_data/test_dna_crownlands.txt line: 149 (Slynt_asoiaf_1)

[original line 1468][portraitcontext.cpp:184] No gene with key: gene_eye_shut_bottom in group human at file: common/dna_data/test_dna_crownlands.txt line: 150 (Slynt_asoiaf_1)

[original line 1469][portraitcontext.cpp:184] No gene with key: gene_forehead_inner_brow_width in group human at file: common/dna_data/test_dna_crownlands.txt line: 156 (Slynt_asoiaf_1)

[original line 1470][portraitcontext.cpp:184] No gene with key: gene_bs_eye_fold_2 in group human at file: common/dna_data/test_dna_crownlands.txt line: 160 (Slynt_asoiaf_1)

[original line 1471][portraitcontext.cpp:184] No gene with key: gene_bs_head_round_shape in group human at file: common/dna_data/test_dna_crownlands.txt line: 163 (Slynt_asoiaf_1)

[original line 1514][portraitcontext.cpp:184] No gene with key: gene_dragon_scales_effect in group human at file: common/dna_data/test_dna_crownlands.txt line: 512 (Blackwater_asoiaf_1)

[original line 1551][portraitcontext.cpp:184] No gene with key: gene_dragon_skin_hue in group human at file: common/dna_data/test_dna_crownlands.txt line: 1028 (Stokeworth_asoiaf_1)

[original line 1552][portraitcontext.cpp:184] No gene with key: gene_dragon_skin_value in group human at file: common/dna_data/test_dna_crownlands.txt line: 1029 (Stokeworth_asoiaf_1)

[original line 1553][portraitcontext.cpp:184] No gene with key: gene_dragon_highlight_hue in group human at file: common/dna_data/test_dna_crownlands.txt line: 1030 (Stokeworth_asoiaf_1)

[original line 1554][portraitcontext.cpp:184] No gene with key: gene_dragon_highlight_value in group human at file: common/dna_data/test_dna_crownlands.txt line: 1031 (Stokeworth_asoiaf_1)

[original line 1555][portraitcontext.cpp:184] No gene with key: gene_dragon_eye_hue in group human at file: common/dna_data/test_dna_crownlands.txt line: 1032 (Stokeworth_asoiaf_1)

[original line 1556][portraitcontext.cpp:184] No gene with key: gene_dragon_eye_value in group human at file: common/dna_data/test_dna_crownlands.txt line: 1033 (Stokeworth_asoiaf_1)

[original line 1557][portraitcontext.cpp:184] No gene with key: gene_dragon_horn_hue in group human at file: common/dna_data/test_dna_crownlands.txt line: 1034 (Stokeworth_asoiaf_1)

[original line 1558][portraitcontext.cpp:184] No gene with key: gene_dragon_horn_value in group human at file: common/dna_data/test_dna_crownlands.txt line: 1035 (Stokeworth_asoiaf_1)

[original line 1559][portraitcontext.cpp:184] No gene with key: gene_bs_head_round_shape in group human at file: common/dna_data/test_dna_crownlands.txt line: 1073 (Stokeworth_asoiaf_1)

[original line 1586][portraitcontext.cpp:184] No gene with key: gene_dragon_skin_hue in group human at file: common/dna_data/test_dna_crownlands.txt line: 1206 (Stokeworth_asoiaf_2)

[original line 1587][portraitcontext.cpp:184] No gene with key: gene_dragon_skin_value in group human at file: common/dna_data/test_dna_crownlands.txt line: 1207 (Stokeworth_asoiaf_2)

[original line 1588][portraitcontext.cpp:184] No gene with key: gene_dragon_highlight_hue in group human at file: common/dna_data/test_dna_crownlands.txt line: 1208 (Stokeworth_asoiaf_2)

[original line 1589][portraitcontext.cpp:184] No gene with key: gene_dragon_highlight_value in group human at file: common/dna_data/test_dna_crownlands.txt line: 1209 (Stokeworth_asoiaf_2)

[original line 1590][portraitcontext.cpp:184] No gene with key: gene_dragon_eye_hue in group human at file: common/dna_data/test_dna_crownlands.txt line: 1210 (Stokeworth_asoiaf_2)

[original line 1591][portraitcontext.cpp:184] No gene with key: gene_dragon_eye_value in group human at file: common/dna_data/test_dna_crownlands.txt line: 1211 (Stokeworth_asoiaf_2)

[original line 1592][portraitcontext.cpp:184] No gene with key: gene_dragon_horn_hue in group human at file: common/dna_data/test_dna_crownlands.txt line: 1212 (Stokeworth_asoiaf_2)

[original line 1593][portraitcontext.cpp:184] No gene with key: gene_dragon_horn_value in group human at file: common/dna_data/test_dna_crownlands.txt line: 1213 (Stokeworth_asoiaf_2)

[original line 1594][portraitcontext.cpp:184] No gene with key: gene_bs_head_round_shape in group human at file: common/dna_data/test_dna_crownlands.txt line: 1251 (Stokeworth_asoiaf_2)

[original line 1621][portraitcontext.cpp:184] No gene with key: gene_dragon_skin_hue in group human at file: common/dna_data/test_dna_crownlands.txt line: 1384 (Stokeworth_asoiaf_3)

[original line 1622][portraitcontext.cpp:184] No gene with key: gene_dragon_skin_value in group human at file: common/dna_data/test_dna_crownlands.txt line: 1385 (Stokeworth_asoiaf_3)

[original line 1623][portraitcontext.cpp:184] No gene with key: gene_dragon_highlight_hue in group human at file: common/dna_data/test_dna_crownlands.txt line: 1386 (Stokeworth_asoiaf_3)

[original line 1624][portraitcontext.cpp:184] No gene with key: gene_dragon_highlight_value in group human at file: common/dna_data/test_dna_crownlands.txt line: 1387 (Stokeworth_asoiaf_3)

[original line 1625][portraitcontext.cpp:184] No gene with key: gene_dragon_eye_hue in group human at file: common/dna_data/test_dna_crownlands.txt line: 1388 (Stokeworth_asoiaf_3)

[original line 1626][portraitcontext.cpp:184] No gene with key: gene_dragon_eye_value in group human at file: common/dna_data/test_dna_crownlands.txt line: 1389 (Stokeworth_asoiaf_3)

[original line 1627][portraitcontext.cpp:184] No gene with key: gene_dragon_horn_hue in group human at file: common/dna_data/test_dna_crownlands.txt line: 1390 (Stokeworth_asoiaf_3)

[original line 1628][portraitcontext.cpp:184] No gene with key: gene_dragon_horn_value in group human at file: common/dna_data/test_dna_crownlands.txt line: 1391 (Stokeworth_asoiaf_3)

[original line 1629][portraitcontext.cpp:184] No gene with key: gene_bs_head_round_shape in group human at file: common/dna_data/test_dna_crownlands.txt line: 1429 (Stokeworth_asoiaf_3)

[original line 1656][portraitcontext.cpp:184] No gene with key: gene_dragon_skin_hue in group human at file: common/dna_data/test_dna_crownlands.txt line: 1562 (Stokeworth_asoiaf_4)

[original line 1657][portraitcontext.cpp:184] No gene with key: gene_dragon_skin_value in group human at file: common/dna_data/test_dna_crownlands.txt line: 1563 (Stokeworth_asoiaf_4)

[original line 1658][portraitcontext.cpp:184] No gene with key: gene_dragon_highlight_hue in group human at file: common/dna_data/test_dna_crownlands.txt line: 1564 (Stokeworth_asoiaf_4)

[original line 1659][portraitcontext.cpp:184] No gene with key: gene_dragon_highlight_value in group human at file: common/dna_data/test_dna_crownlands.txt line: 1565 (Stokeworth_asoiaf_4)

[original line 1660][portraitcontext.cpp:184] No gene with key: gene_dragon_eye_hue in group human at file: common/dna_data/test_dna_crownlands.txt line: 1566 (Stokeworth_asoiaf_4)

[original line 1661][portraitcontext.cpp:184] No gene with key: gene_dragon_eye_value in group human at file: common/dna_data/test_dna_crownlands.txt line: 1567 (Stokeworth_asoiaf_4)

[original line 1662][portraitcontext.cpp:184] No gene with key: gene_dragon_horn_hue in group human at file: common/dna_data/test_dna_crownlands.txt line: 1568 (Stokeworth_asoiaf_4)

[original line 1663][portraitcontext.cpp:184] No gene with key: gene_dragon_horn_value in group human at file: common/dna_data/test_dna_crownlands.txt line: 1569 (Stokeworth_asoiaf_4)

[original line 1664][portraitcontext.cpp:184] No gene with key: gene_bs_head_round_shape in group human at file: common/dna_data/test_dna_crownlands.txt line: 1607 (Stokeworth_asoiaf_4)

[original line 1691][portraitcontext.cpp:184] No gene with key: gene_dragon_skin_hue in group human at file: common/dna_data/test_dna_crownlands.txt line: 1740 (Stokeworth_asoiaf_5)

[original line 1692][portraitcontext.cpp:184] No gene with key: gene_dragon_skin_value in group human at file: common/dna_data/test_dna_crownlands.txt line: 1741 (Stokeworth_asoiaf_5)

[original line 1693][portraitcontext.cpp:184] No gene with key: gene_dragon_highlight_hue in group human at file: common/dna_data/test_dna_crownlands.txt line: 1742 (Stokeworth_asoiaf_5)

[original line 1694][portraitcontext.cpp:184] No gene with key: gene_dragon_highlight_value in group human at file: common/dna_data/test_dna_crownlands.txt line: 1743 (Stokeworth_asoiaf_5)

[original line 1695][portraitcontext.cpp:184] No gene with key: gene_dragon_eye_hue in group human at file: common/dna_data/test_dna_crownlands.txt line: 1744 (Stokeworth_asoiaf_5)

[original line 1696][portraitcontext.cpp:184] No gene with key: gene_dragon_eye_value in group human at file: common/dna_data/test_dna_crownlands.txt line: 1745 (Stokeworth_asoiaf_5)

[original line 1697][portraitcontext.cpp:184] No gene with key: gene_dragon_horn_hue in group human at file: common/dna_data/test_dna_crownlands.txt line: 1746 (Stokeworth_asoiaf_5)

[original line 1698][portraitcontext.cpp:184] No gene with key: gene_dragon_horn_value in group human at file: common/dna_data/test_dna_crownlands.txt line: 1747 (Stokeworth_asoiaf_5)

[original line 1699][portraitcontext.cpp:184] No gene with key: gene_bs_head_round_shape in group human at file: common/dna_data/test_dna_crownlands.txt line: 1785 (Stokeworth_asoiaf_5)

[original line 1728][portraitcontext.cpp:184] No gene with key: gene_dragon_scales_effect in group human at file: common/dna_data/test_dna_crownlands.txt line: 1952 (Stokeworth_asoiaf_6)

[original line 1745][portraitcontext.cpp:184] No gene with key: gene_dragon_skin_hue in group human at file: common/dna_data/test_dna_crownlands.txt line: 1992 (Branfield_asoiaf_1)

[original line 1746][portraitcontext.cpp:184] No gene with key: gene_dragon_skin_value in group human at file: common/dna_data/test_dna_crownlands.txt line: 1993 (Branfield_asoiaf_1)

[original line 1747][portraitcontext.cpp:184] No gene with key: gene_dragon_highlight_hue in group human at file: common/dna_data/test_dna_crownlands.txt line: 1994 (Branfield_asoiaf_1)

[original line 1748][portraitcontext.cpp:184] No gene with key: gene_dragon_highlight_value in group human at file: common/dna_data/test_dna_crownlands.txt line: 1995 (Branfield_asoiaf_1)

[original line 1749][portraitcontext.cpp:184] No gene with key: gene_dragon_eye_hue in group human at file: common/dna_data/test_dna_crownlands.txt line: 1996 (Branfield_asoiaf_1)

[original line 1750][portraitcontext.cpp:184] No gene with key: gene_dragon_eye_value in group human at file: common/dna_data/test_dna_crownlands.txt line: 1997 (Branfield_asoiaf_1)

[original line 1751][portraitcontext.cpp:184] No gene with key: gene_dragon_horn_hue in group human at file: common/dna_data/test_dna_crownlands.txt line: 1998 (Branfield_asoiaf_1)

[original line 1752][portraitcontext.cpp:184] No gene with key: gene_dragon_horn_value in group human at file: common/dna_data/test_dna_crownlands.txt line: 1999 (Branfield_asoiaf_1)

[original line 1753][portraitcontext.cpp:184] No gene with key: gene_bs_eye_fold_2 in group human at file: common/dna_data/test_dna_crownlands.txt line: 2142 (Branfield_asoiaf_1)

[original line 1754][portraitcontext.cpp:184] No gene with key: gene_bs_head_round_shape in group human at file: common/dna_data/test_dna_crownlands.txt line: 2145 (Branfield_asoiaf_1)

[original line 1781][portraitcontext.cpp:184] No gene with key: gene_dragon_skin_hue in group human at file: common/dna_data/test_dna_crownlands.txt line: 2171 (Branfield_asoiaf_2)

[original line 1782][portraitcontext.cpp:184] No gene with key: gene_dragon_skin_value in group human at file: common/dna_data/test_dna_crownlands.txt line: 2172 (Branfield_asoiaf_2)

[original line 1783][portraitcontext.cpp:184] No gene with key: gene_dragon_highlight_hue in group human at file: common/dna_data/test_dna_crownlands.txt line: 2173 (Branfield_asoiaf_2)

[original line 1784][portraitcontext.cpp:184] No gene with key: gene_dragon_highlight_value in group human at file: common/dna_data/test_dna_crownlands.txt line: 2174 (Branfield_asoiaf_2)

[original line 1785][portraitcontext.cpp:184] No gene with key: gene_dragon_eye_hue in group human at file: common/dna_data/test_dna_crownlands.txt line: 2175 (Branfield_asoiaf_2)

[original line 1786][portraitcontext.cpp:184] No gene with key: gene_dragon_eye_value in group human at file: common/dna_data/test_dna_crownlands.txt line: 2176 (Branfield_asoiaf_2)

[original line 1787][portraitcontext.cpp:184] No gene with key: gene_dragon_horn_hue in group human at file: common/dna_data/test_dna_crownlands.txt line: 2177 (Branfield_asoiaf_2)

[original line 1788][portraitcontext.cpp:184] No gene with key: gene_dragon_horn_value in group human at file: common/dna_data/test_dna_crownlands.txt line: 2178 (Branfield_asoiaf_2)

[original line 1789][portraitcontext.cpp:184] No gene with key: gene_bs_eye_fold_2 in group human at file: common/dna_data/test_dna_crownlands.txt line: 2321 (Branfield_asoiaf_2)

[original line 1790][portraitcontext.cpp:184] No gene with key: gene_bs_head_round_shape in group human at file: common/dna_data/test_dna_crownlands.txt line: 2324 (Branfield_asoiaf_2)

[original line 1819][portraitcontext.cpp:184] No gene with key: gene_dragon_scales_effect in group human at file: common/dna_data/test_dna_crownlands.txt line: 2490 (Thorne_asoiaf_17)

[original line 1836][portraitcontext.cpp:184] No gene with key: gene_dragon_skin_hue in group human at file: common/dna_data/test_dna_crownlands.txt line: 2637 (Thorne_asoiaf_3)

[original line 1837][portraitcontext.cpp:184] No gene with key: gene_dragon_skin_value in group human at file: common/dna_data/test_dna_crownlands.txt line: 2638 (Thorne_asoiaf_3)

[original line 1838][portraitcontext.cpp:184] No gene with key: gene_dragon_highlight_hue in group human at file: common/dna_data/test_dna_crownlands.txt line: 2639 (Thorne_asoiaf_3)

[original line 1839][portraitcontext.cpp:184] No gene with key: gene_dragon_highlight_value in group human at file: common/dna_data/test_dna_crownlands.txt line: 2640 (Thorne_asoiaf_3)

[original line 1840][portraitcontext.cpp:184] No gene with key: gene_dragon_eye_hue in group human at file: common/dna_data/test_dna_crownlands.txt line: 2641 (Thorne_asoiaf_3)

[original line 1841][portraitcontext.cpp:184] No gene with key: gene_dragon_eye_value in group human at file: common/dna_data/test_dna_crownlands.txt line: 2642 (Thorne_asoiaf_3)

[original line 1842][portraitcontext.cpp:184] No gene with key: gene_dragon_horn_hue in group human at file: common/dna_data/test_dna_crownlands.txt line: 2643 (Thorne_asoiaf_3)

[original line 1843][portraitcontext.cpp:184] No gene with key: gene_dragon_horn_value in group human at file: common/dna_data/test_dna_crownlands.txt line: 2644 (Thorne_asoiaf_3)

[original line 1870][portraitcontext.cpp:184] No gene with key: gene_dragon_skin_hue in group human at file: common/dna_data/test_dna_crownlands.txt line: 2709 (Cargyll_asoiaf_11)

[original line 1871][portraitcontext.cpp:184] No gene with key: gene_dragon_skin_value in group human at file: common/dna_data/test_dna_crownlands.txt line: 2710 (Cargyll_asoiaf_11)

[original line 1872][portraitcontext.cpp:184] No gene with key: gene_dragon_highlight_hue in group human at file: common/dna_data/test_dna_crownlands.txt line: 2711 (Cargyll_asoiaf_11)

[original line 1873][portraitcontext.cpp:184] No gene with key: gene_dragon_highlight_value in group human at file: common/dna_data/test_dna_crownlands.txt line: 2712 (Cargyll_asoiaf_11)

[original line 1874][portraitcontext.cpp:184] No gene with key: gene_dragon_eye_hue in group human at file: common/dna_data/test_dna_crownlands.txt line: 2713 (Cargyll_asoiaf_11)

[original line 1875][portraitcontext.cpp:184] No gene with key: gene_dragon_eye_value in group human at file: common/dna_data/test_dna_crownlands.txt line: 2714 (Cargyll_asoiaf_11)

[original line 1876][portraitcontext.cpp:184] No gene with key: gene_dragon_horn_hue in group human at file: common/dna_data/test_dna_crownlands.txt line: 2715 (Cargyll_asoiaf_11)

[original line 1877][portraitcontext.cpp:184] No gene with key: gene_dragon_horn_value in group human at file: common/dna_data/test_dna_crownlands.txt line: 2716 (Cargyll_asoiaf_11)

[original line 1878][portraitcontext.cpp:184] No gene with key: gene_bs_head_round_shape in group human at file: common/dna_data/test_dna_crownlands.txt line: 2861 (Cargyll_asoiaf_11)

[original line 1905][portraitcontext.cpp:184] No gene with key: gene_dragon_skin_hue in group human at file: common/dna_data/test_dna_crownlands.txt line: 2887 (Stark_hh_asoiaf_1)

[original line 1906][portraitcontext.cpp:184] No gene with key: gene_dragon_skin_value in group human at file: common/dna_data/test_dna_crownlands.txt line: 2888 (Stark_hh_asoiaf_1)

[original line 1907][portraitcontext.cpp:184] No gene with key: gene_dragon_highlight_hue in group human at file: common/dna_data/test_dna_crownlands.txt line: 2889 (Stark_hh_asoiaf_1)

[original line 1908][portraitcontext.cpp:184] No gene with key: gene_dragon_highlight_value in group human at file: common/dna_data/test_dna_crownlands.txt line: 2890 (Stark_hh_asoiaf_1)

[original line 1909][portraitcontext.cpp:184] No gene with key: gene_dragon_eye_hue in group human at file: common/dna_data/test_dna_crownlands.txt line: 2891 (Stark_hh_asoiaf_1)

[original line 1910][portraitcontext.cpp:184] No gene with key: gene_dragon_eye_value in group human at file: common/dna_data/test_dna_crownlands.txt line: 2892 (Stark_hh_asoiaf_1)

[original line 1911][portraitcontext.cpp:184] No gene with key: gene_dragon_horn_hue in group human at file: common/dna_data/test_dna_crownlands.txt line: 2893 (Stark_hh_asoiaf_1)

[original line 1912][portraitcontext.cpp:184] No gene with key: gene_dragon_horn_value in group human at file: common/dna_data/test_dna_crownlands.txt line: 2894 (Stark_hh_asoiaf_1)

[original line 1913][portraitcontext.cpp:184] No gene with key: gene_bs_head_round_shape in group human at file: common/dna_data/test_dna_crownlands.txt line: 3039 (Stark_hh_asoiaf_1)

[original line 1940][portraitcontext.cpp:184] No gene with key: gene_dragon_skin_hue in group human at file: common/dna_data/test_dna_crownlands.txt line: 3065 (Cressen_asoiaf_1)

[original line 1941][portraitcontext.cpp:184] No gene with key: gene_dragon_skin_value in group human at file: common/dna_data/test_dna_crownlands.txt line: 3066 (Cressen_asoiaf_1)

[original line 1942][portraitcontext.cpp:184] No gene with key: gene_dragon_highlight_hue in group human at file: common/dna_data/test_dna_crownlands.txt line: 3067 (Cressen_asoiaf_1)

[original line 1943][portraitcontext.cpp:184] No gene with key: gene_dragon_highlight_value in group human at file: common/dna_data/test_dna_crownlands.txt line: 3068 (Cressen_asoiaf_1)

[original line 1944][portraitcontext.cpp:184] No gene with key: gene_dragon_eye_hue in group human at file: common/dna_data/test_dna_crownlands.txt line: 3069 (Cressen_asoiaf_1)

[original line 1945][portraitcontext.cpp:184] No gene with key: gene_dragon_eye_value in group human at file: common/dna_data/test_dna_crownlands.txt line: 3070 (Cressen_asoiaf_1)

[original line 1946][portraitcontext.cpp:184] No gene with key: gene_dragon_horn_hue in group human at file: common/dna_data/test_dna_crownlands.txt line: 3071 (Cressen_asoiaf_1)

[original line 1947][portraitcontext.cpp:184] No gene with key: gene_dragon_horn_value in group human at file: common/dna_data/test_dna_crownlands.txt line: 3072 (Cressen_asoiaf_1)

[original line 1948][portraitcontext.cpp:184] No gene with key: gene_bs_eye_fold_2 in group human at file: common/dna_data/test_dna_crownlands.txt line: 3215 (Cressen_asoiaf_1)

[original line 1949][portraitcontext.cpp:184] No gene with key: gene_bs_head_round_shape in group human at file: common/dna_data/test_dna_crownlands.txt line: 3218 (Cressen_asoiaf_1)

[original line 1976][portraitcontext.cpp:184] No gene with key: gene_dragon_skin_hue in group human at file: common/dna_data/test_dna_crownlands.txt line: 3352 (Tall_asoiaf_1)

[original line 1977][portraitcontext.cpp:184] No gene with key: gene_dragon_skin_value in group human at file: common/dna_data/test_dna_crownlands.txt line: 3353 (Tall_asoiaf_1)

[original line 1978][portraitcontext.cpp:184] No gene with key: gene_dragon_highlight_hue in group human at file: common/dna_data/test_dna_crownlands.txt line: 3354 (Tall_asoiaf_1)

[original line 1979][portraitcontext.cpp:184] No gene with key: gene_dragon_highlight_value in group human at file: common/dna_data/test_dna_crownlands.txt line: 3355 (Tall_asoiaf_1)

[original line 1980][portraitcontext.cpp:184] No gene with key: gene_dragon_eye_hue in group human at file: common/dna_data/test_dna_crownlands.txt line: 3356 (Tall_asoiaf_1)

[original line 1981][portraitcontext.cpp:184] No gene with key: gene_dragon_eye_value in group human at file: common/dna_data/test_dna_crownlands.txt line: 3357 (Tall_asoiaf_1)

[original line 1982][portraitcontext.cpp:184] No gene with key: gene_dragon_horn_hue in group human at file: common/dna_data/test_dna_crownlands.txt line: 3358 (Tall_asoiaf_1)

[original line 1983][portraitcontext.cpp:184] No gene with key: gene_dragon_horn_value in group human at file: common/dna_data/test_dna_crownlands.txt line: 3359 (Tall_asoiaf_1)

[original line 2010][portraitcontext.cpp:184] No gene with key: gene_dragon_skin_hue in group human at file: common/dna_data/test_dna_crownlands.txt line: 3424 (Pycelle_asoiaf_1)

[original line 2011][portraitcontext.cpp:184] No gene with key: gene_dragon_skin_value in group human at file: common/dna_data/test_dna_crownlands.txt line: 3425 (Pycelle_asoiaf_1)

[original line 2012][portraitcontext.cpp:184] No gene with key: gene_dragon_highlight_hue in group human at file: common/dna_data/test_dna_crownlands.txt line: 3426 (Pycelle_asoiaf_1)

[original line 2013][portraitcontext.cpp:184] No gene with key: gene_dragon_highlight_value in group human at file: common/dna_data/test_dna_crownlands.txt line: 3427 (Pycelle_asoiaf_1)

[original line 2014][portraitcontext.cpp:184] No gene with key: gene_dragon_eye_hue in group human at file: common/dna_data/test_dna_crownlands.txt line: 3428 (Pycelle_asoiaf_1)

[original line 2015][portraitcontext.cpp:184] No gene with key: gene_dragon_eye_value in group human at file: common/dna_data/test_dna_crownlands.txt line: 3429 (Pycelle_asoiaf_1)

[original line 2016][portraitcontext.cpp:184] No gene with key: gene_dragon_horn_hue in group human at file: common/dna_data/test_dna_crownlands.txt line: 3430 (Pycelle_asoiaf_1)

[original line 2017][portraitcontext.cpp:184] No gene with key: gene_dragon_horn_value in group human at file: common/dna_data/test_dna_crownlands.txt line: 3431 (Pycelle_asoiaf_1)

[original line 2018][portraitcontext.cpp:184] No gene with key: gene_eye_size in group human at file: common/dna_data/test_dna_crownlands.txt line: 3564 (Pycelle_asoiaf_1)

[original line 2019][portraitcontext.cpp:184] No gene with key: gene_eye_shut_top in group human at file: common/dna_data/test_dna_crownlands.txt line: 3565 (Pycelle_asoiaf_1)

[original line 2020][portraitcontext.cpp:184] No gene with key: gene_eye_shut_bottom in group human at file: common/dna_data/test_dna_crownlands.txt line: 3566 (Pycelle_asoiaf_1)

[original line 2021][portraitcontext.cpp:184] No gene with key: gene_forehead_inner_brow_width in group human at file: common/dna_data/test_dna_crownlands.txt line: 3572 (Pycelle_asoiaf_1)

[original line 2022][portraitcontext.cpp:184] No gene with key: gene_bs_eye_fold_2 in group human at file: common/dna_data/test_dna_crownlands.txt line: 3576 (Pycelle_asoiaf_1)

[original line 2023][portraitcontext.cpp:184] No gene with key: gene_bs_head_round_shape in group human at file: common/dna_data/test_dna_crownlands.txt line: 3579 (Pycelle_asoiaf_1)

[original line 2094][portraitcontext.cpp:184] No gene with key: gene_dragon_skin_hue in group human at file: common/dna_data/test_dna_dornish.txt line: 8 (Martell_asoiaf_4)

[original line 2095][portraitcontext.cpp:184] No gene with key: gene_dragon_skin_value in group human at file: common/dna_data/test_dna_dornish.txt line: 9 (Martell_asoiaf_4)

[original line 2096][portraitcontext.cpp:184] No gene with key: gene_dragon_highlight_hue in group human at file: common/dna_data/test_dna_dornish.txt line: 10 (Martell_asoiaf_4)

[original line 2097][portraitcontext.cpp:184] No gene with key: gene_dragon_highlight_value in group human at file: common/dna_data/test_dna_dornish.txt line: 11 (Martell_asoiaf_4)

[original line 2098][portraitcontext.cpp:184] No gene with key: gene_dragon_eye_hue in group human at file: common/dna_data/test_dna_dornish.txt line: 12 (Martell_asoiaf_4)

[original line 2099][portraitcontext.cpp:184] No gene with key: gene_dragon_eye_value in group human at file: common/dna_data/test_dna_dornish.txt line: 13 (Martell_asoiaf_4)

[original line 2100][portraitcontext.cpp:184] No gene with key: gene_dragon_horn_hue in group human at file: common/dna_data/test_dna_dornish.txt line: 14 (Martell_asoiaf_4)

[original line 2101][portraitcontext.cpp:184] No gene with key: gene_dragon_horn_value in group human at file: common/dna_data/test_dna_dornish.txt line: 15 (Martell_asoiaf_4)

[original line 2102][portraitcontext.cpp:184] No gene with key: gene_bs_eye_fold_2 in group human at file: common/dna_data/test_dna_dornish.txt line: 158 (Martell_asoiaf_4)

[original line 2103][portraitcontext.cpp:184] No gene with key: gene_bs_head_round_shape in group human at file: common/dna_data/test_dna_dornish.txt line: 161 (Martell_asoiaf_4)

[original line 2130][portraitcontext.cpp:184] No gene with key: gene_dragon_skin_hue in group human at file: common/dna_data/test_dna_dornish.txt line: 187 (Martell_asoiaf_7)

[original line 2131][portraitcontext.cpp:184] No gene with key: gene_dragon_skin_value in group human at file: common/dna_data/test_dna_dornish.txt line: 188 (Martell_asoiaf_7)

[original line 2132][portraitcontext.cpp:184] No gene with key: gene_dragon_highlight_hue in group human at file: common/dna_data/test_dna_dornish.txt line: 189 (Martell_asoiaf_7)

[original line 2133][portraitcontext.cpp:184] No gene with key: gene_dragon_highlight_value in group human at file: common/dna_data/test_dna_dornish.txt line: 190 (Martell_asoiaf_7)

[original line 2134][portraitcontext.cpp:184] No gene with key: gene_dragon_eye_hue in group human at file: common/dna_data/test_dna_dornish.txt line: 191 (Martell_asoiaf_7)

[original line 2135][portraitcontext.cpp:184] No gene with key: gene_dragon_eye_value in group human at file: common/dna_data/test_dna_dornish.txt line: 192 (Martell_asoiaf_7)

[original line 2136][portraitcontext.cpp:184] No gene with key: gene_dragon_horn_hue in group human at file: common/dna_data/test_dna_dornish.txt line: 193 (Martell_asoiaf_7)

[original line 2137][portraitcontext.cpp:184] No gene with key: gene_dragon_horn_value in group human at file: common/dna_data/test_dna_dornish.txt line: 194 (Martell_asoiaf_7)

[original line 2138][portraitcontext.cpp:184] No gene with key: gene_bs_eye_fold_2 in group human at file: common/dna_data/test_dna_dornish.txt line: 337 (Martell_asoiaf_7)

[original line 2139][portraitcontext.cpp:184] No gene with key: gene_bs_head_round_shape in group human at file: common/dna_data/test_dna_dornish.txt line: 340 (Martell_asoiaf_7)

[original line 2166][portraitcontext.cpp:184] No gene with key: gene_dragon_skin_hue in group human at file: common/dna_data/test_dna_dornish.txt line: 366 (Martell_asoiaf_8)

[original line 2167][portraitcontext.cpp:184] No gene with key: gene_dragon_skin_value in group human at file: common/dna_data/test_dna_dornish.txt line: 367 (Martell_asoiaf_8)

[original line 2168][portraitcontext.cpp:184] No gene with key: gene_dragon_highlight_hue in group human at file: common/dna_data/test_dna_dornish.txt line: 368 (Martell_asoiaf_8)

[original line 2169][portraitcontext.cpp:184] No gene with key: gene_dragon_highlight_value in group human at file: common/dna_data/test_dna_dornish.txt line: 369 (Martell_asoiaf_8)

[original line 2170][portraitcontext.cpp:184] No gene with key: gene_dragon_eye_hue in group human at file: common/dna_data/test_dna_dornish.txt line: 370 (Martell_asoiaf_8)

[original line 2171][portraitcontext.cpp:184] No gene with key: gene_dragon_eye_value in group human at file: common/dna_data/test_dna_dornish.txt line: 371 (Martell_asoiaf_8)

[original line 2172][portraitcontext.cpp:184] No gene with key: gene_dragon_horn_hue in group human at file: common/dna_data/test_dna_dornish.txt line: 372 (Martell_asoiaf_8)

[original line 2173][portraitcontext.cpp:184] No gene with key: gene_dragon_horn_value in group human at file: common/dna_data/test_dna_dornish.txt line: 373 (Martell_asoiaf_8)

[original line 2174][portraitcontext.cpp:184] No gene with key: gene_bs_eye_fold_2 in group human at file: common/dna_data/test_dna_dornish.txt line: 516 (Martell_asoiaf_8)

[original line 2175][portraitcontext.cpp:184] No gene with key: gene_bs_head_round_shape in group human at file: common/dna_data/test_dna_dornish.txt line: 519 (Martell_asoiaf_8)

[original line 2202][portraitcontext.cpp:184] No gene with key: gene_dragon_skin_hue in group human at file: common/dna_data/test_dna_dornish.txt line: 545 (Martell_asoiaf_9)

[original line 2203][portraitcontext.cpp:184] No gene with key: gene_dragon_skin_value in group human at file: common/dna_data/test_dna_dornish.txt line: 546 (Martell_asoiaf_9)

[original line 2204][portraitcontext.cpp:184] No gene with key: gene_dragon_highlight_hue in group human at file: common/dna_data/test_dna_dornish.txt line: 547 (Martell_asoiaf_9)

[original line 2205][portraitcontext.cpp:184] No gene with key: gene_dragon_highlight_value in group human at file: common/dna_data/test_dna_dornish.txt line: 548 (Martell_asoiaf_9)

[original line 2206][portraitcontext.cpp:184] No gene with key: gene_dragon_eye_hue in group human at file: common/dna_data/test_dna_dornish.txt line: 549 (Martell_asoiaf_9)

[original line 2207][portraitcontext.cpp:184] No gene with key: gene_dragon_eye_value in group human at file: common/dna_data/test_dna_dornish.txt line: 550 (Martell_asoiaf_9)

[original line 2208][portraitcontext.cpp:184] No gene with key: gene_dragon_horn_hue in group human at file: common/dna_data/test_dna_dornish.txt line: 551 (Martell_asoiaf_9)

[original line 2209][portraitcontext.cpp:184] No gene with key: gene_dragon_horn_value in group human at file: common/dna_data/test_dna_dornish.txt line: 552 (Martell_asoiaf_9)

[original line 2210][portraitcontext.cpp:184] No gene with key: gene_bs_eye_fold_2 in group human at file: common/dna_data/test_dna_dornish.txt line: 695 (Martell_asoiaf_9)

[original line 2211][portraitcontext.cpp:184] No gene with key: gene_bs_head_round_shape in group human at file: common/dna_data/test_dna_dornish.txt line: 698 (Martell_asoiaf_9)

[original line 2238][portraitcontext.cpp:184] No gene with key: gene_dragon_skin_hue in group human at file: common/dna_data/test_dna_dornish.txt line: 724 (Martell_asoiaf_10)

[original line 2239][portraitcontext.cpp:184] No gene with key: gene_dragon_skin_value in group human at file: common/dna_data/test_dna_dornish.txt line: 725 (Martell_asoiaf_10)

[original line 2240][portraitcontext.cpp:184] No gene with key: gene_dragon_highlight_hue in group human at file: common/dna_data/test_dna_dornish.txt line: 726 (Martell_asoiaf_10)

[original line 2241][portraitcontext.cpp:184] No gene with key: gene_dragon_highlight_value in group human at file: common/dna_data/test_dna_dornish.txt line: 727 (Martell_asoiaf_10)

[original line 2242][portraitcontext.cpp:184] No gene with key: gene_dragon_eye_hue in group human at file: common/dna_data/test_dna_dornish.txt line: 728 (Martell_asoiaf_10)

[original line 2243][portraitcontext.cpp:184] No gene with key: gene_dragon_eye_value in group human at file: common/dna_data/test_dna_dornish.txt line: 729 (Martell_asoiaf_10)

[original line 2244][portraitcontext.cpp:184] No gene with key: gene_dragon_horn_hue in group human at file: common/dna_data/test_dna_dornish.txt line: 730 (Martell_asoiaf_10)

[original line 2245][portraitcontext.cpp:184] No gene with key: gene_dragon_horn_value in group human at file: common/dna_data/test_dna_dornish.txt line: 731 (Martell_asoiaf_10)

[original line 2246][portraitcontext.cpp:184] No gene with key: gene_bs_eye_fold_2 in group human at file: common/dna_data/test_dna_dornish.txt line: 874 (Martell_asoiaf_10)

[original line 2247][portraitcontext.cpp:184] No gene with key: gene_bs_head_round_shape in group human at file: common/dna_data/test_dna_dornish.txt line: 877 (Martell_asoiaf_10)

[original line 2274][portraitcontext.cpp:184] No gene with key: gene_dragon_skin_hue in group human at file: common/dna_data/test_dna_dornish.txt line: 903 (Martell_asoiaf_11)

[original line 2275][portraitcontext.cpp:184] No gene with key: gene_dragon_skin_value in group human at file: common/dna_data/test_dna_dornish.txt line: 904 (Martell_asoiaf_11)

[original line 2276][portraitcontext.cpp:184] No gene with key: gene_dragon_highlight_hue in group human at file: common/dna_data/test_dna_dornish.txt line: 905 (Martell_asoiaf_11)

[original line 2277][portraitcontext.cpp:184] No gene with key: gene_dragon_highlight_value in group human at file: common/dna_data/test_dna_dornish.txt line: 906 (Martell_asoiaf_11)

[original line 2278][portraitcontext.cpp:184] No gene with key: gene_dragon_eye_hue in group human at file: common/dna_data/test_dna_dornish.txt line: 907 (Martell_asoiaf_11)

[original line 2279][portraitcontext.cpp:184] No gene with key: gene_dragon_eye_value in group human at file: common/dna_data/test_dna_dornish.txt line: 908 (Martell_asoiaf_11)

[original line 2280][portraitcontext.cpp:184] No gene with key: gene_dragon_horn_hue in group human at file: common/dna_data/test_dna_dornish.txt line: 909 (Martell_asoiaf_11)

[original line 2281][portraitcontext.cpp:184] No gene with key: gene_dragon_horn_value in group human at file: common/dna_data/test_dna_dornish.txt line: 910 (Martell_asoiaf_11)

[original line 2282][portraitcontext.cpp:184] No gene with key: gene_bs_eye_fold_2 in group human at file: common/dna_data/test_dna_dornish.txt line: 1053 (Martell_asoiaf_11)

[original line 2283][portraitcontext.cpp:184] No gene with key: gene_bs_head_round_shape in group human at file: common/dna_data/test_dna_dornish.txt line: 1056 (Martell_asoiaf_11)

[original line 2322][portraitcontext.cpp:184] No gene with key: gene_dragon_scales_effect in group human at file: common/dna_data/test_dna_dornish.txt line: 1407 (Martell_asoiaf_14)

[original line 2339][portraitcontext.cpp:184] No gene with key: gene_dragon_skin_hue in group human at file: common/dna_data/test_dna_dornish.txt line: 1447 (Dayne_asoiaf_5)

[original line 2340][portraitcontext.cpp:184] No gene with key: gene_dragon_skin_value in group human at file: common/dna_data/test_dna_dornish.txt line: 1448 (Dayne_asoiaf_5)

[original line 2341][portraitcontext.cpp:184] No gene with key: gene_dragon_highlight_hue in group human at file: common/dna_data/test_dna_dornish.txt line: 1449 (Dayne_asoiaf_5)

[original line 2342][portraitcontext.cpp:184] No gene with key: gene_dragon_highlight_value in group human at file: common/dna_data/test_dna_dornish.txt line: 1450 (Dayne_asoiaf_5)

[original line 2343][portraitcontext.cpp:184] No gene with key: gene_dragon_eye_hue in group human at file: common/dna_data/test_dna_dornish.txt line: 1451 (Dayne_asoiaf_5)

[original line 2344][portraitcontext.cpp:184] No gene with key: gene_dragon_eye_value in group human at file: common/dna_data/test_dna_dornish.txt line: 1452 (Dayne_asoiaf_5)

[original line 2345][portraitcontext.cpp:184] No gene with key: gene_dragon_horn_hue in group human at file: common/dna_data/test_dna_dornish.txt line: 1453 (Dayne_asoiaf_5)

[original line 2346][portraitcontext.cpp:184] No gene with key: gene_dragon_horn_value in group human at file: common/dna_data/test_dna_dornish.txt line: 1454 (Dayne_asoiaf_5)

[original line 2347][portraitcontext.cpp:184] No gene with key: gene_eye_size in group human at file: common/dna_data/test_dna_dornish.txt line: 1587 (Dayne_asoiaf_5)

[original line 2348][portraitcontext.cpp:184] No gene with key: gene_eye_shut_top in group human at file: common/dna_data/test_dna_dornish.txt line: 1588 (Dayne_asoiaf_5)

[original line 2349][portraitcontext.cpp:184] No gene with key: gene_eye_shut_bottom in group human at file: common/dna_data/test_dna_dornish.txt line: 1589 (Dayne_asoiaf_5)

[original line 2350][portraitcontext.cpp:184] No gene with key: gene_forehead_inner_brow_width in group human at file: common/dna_data/test_dna_dornish.txt line: 1595 (Dayne_asoiaf_5)

[original line 2351][portraitcontext.cpp:184] No gene with key: gene_bs_eye_fold_2 in group human at file: common/dna_data/test_dna_dornish.txt line: 1599 (Dayne_asoiaf_5)

[original line 2352][portraitcontext.cpp:184] No gene with key: gene_bs_head_round_shape in group human at file: common/dna_data/test_dna_dornish.txt line: 1602 (Dayne_asoiaf_5)

[original line 2383][portraitcontext.cpp:184] No gene with key: gene_dragon_skin_hue in group human at file: common/dna_data/test_dna_dornish.txt line: 1626 (Dayne_asoiaf_4)

[original line 2384][portraitcontext.cpp:184] No gene with key: gene_dragon_skin_value in group human at file: common/dna_data/test_dna_dornish.txt line: 1627 (Dayne_asoiaf_4)

[original line 2385][portraitcontext.cpp:184] No gene with key: gene_dragon_highlight_hue in group human at file: common/dna_data/test_dna_dornish.txt line: 1628 (Dayne_asoiaf_4)

[original line 2386][portraitcontext.cpp:184] No gene with key: gene_dragon_highlight_value in group human at file: common/dna_data/test_dna_dornish.txt line: 1629 (Dayne_asoiaf_4)

[original line 2387][portraitcontext.cpp:184] No gene with key: gene_dragon_eye_hue in group human at file: common/dna_data/test_dna_dornish.txt line: 1630 (Dayne_asoiaf_4)

[original line 2388][portraitcontext.cpp:184] No gene with key: gene_dragon_eye_value in group human at file: common/dna_data/test_dna_dornish.txt line: 1631 (Dayne_asoiaf_4)

[original line 2389][portraitcontext.cpp:184] No gene with key: gene_dragon_horn_hue in group human at file: common/dna_data/test_dna_dornish.txt line: 1632 (Dayne_asoiaf_4)

[original line 2390][portraitcontext.cpp:184] No gene with key: gene_dragon_horn_value in group human at file: common/dna_data/test_dna_dornish.txt line: 1633 (Dayne_asoiaf_4)

[original line 2391][portraitcontext.cpp:184] No gene with key: gene_eye_size in group human at file: common/dna_data/test_dna_dornish.txt line: 1766 (Dayne_asoiaf_4)

[original line 2392][portraitcontext.cpp:184] No gene with key: gene_eye_shut_top in group human at file: common/dna_data/test_dna_dornish.txt line: 1767 (Dayne_asoiaf_4)

[original line 2393][portraitcontext.cpp:184] No gene with key: gene_eye_shut_bottom in group human at file: common/dna_data/test_dna_dornish.txt line: 1768 (Dayne_asoiaf_4)

[original line 2394][portraitcontext.cpp:184] No gene with key: gene_forehead_inner_brow_width in group human at file: common/dna_data/test_dna_dornish.txt line: 1774 (Dayne_asoiaf_4)

[original line 2395][portraitcontext.cpp:184] No gene with key: gene_bs_eye_fold_2 in group human at file: common/dna_data/test_dna_dornish.txt line: 1778 (Dayne_asoiaf_4)

[original line 2396][portraitcontext.cpp:184] No gene with key: gene_bs_head_round_shape in group human at file: common/dna_data/test_dna_dornish.txt line: 1781 (Dayne_asoiaf_4)

[original line 2427][portraitcontext.cpp:184] No gene with key: gene_dragon_skin_hue in group human at file: common/dna_data/test_dna_dornish.txt line: 1805 (Dayne_asoiaf_8)

[original line 2428][portraitcontext.cpp:184] No gene with key: gene_dragon_skin_value in group human at file: common/dna_data/test_dna_dornish.txt line: 1806 (Dayne_asoiaf_8)

[original line 2429][portraitcontext.cpp:184] No gene with key: gene_dragon_highlight_hue in group human at file: common/dna_data/test_dna_dornish.txt line: 1807 (Dayne_asoiaf_8)

[original line 2430][portraitcontext.cpp:184] No gene with key: gene_dragon_highlight_value in group human at file: common/dna_data/test_dna_dornish.txt line: 1808 (Dayne_asoiaf_8)

[original line 2431][portraitcontext.cpp:184] No gene with key: gene_dragon_eye_hue in group human at file: common/dna_data/test_dna_dornish.txt line: 1809 (Dayne_asoiaf_8)

[original line 2432][portraitcontext.cpp:184] No gene with key: gene_dragon_eye_value in group human at file: common/dna_data/test_dna_dornish.txt line: 1810 (Dayne_asoiaf_8)

[original line 2433][portraitcontext.cpp:184] No gene with key: gene_dragon_horn_hue in group human at file: common/dna_data/test_dna_dornish.txt line: 1811 (Dayne_asoiaf_8)

[original line 2434][portraitcontext.cpp:184] No gene with key: gene_dragon_horn_value in group human at file: common/dna_data/test_dna_dornish.txt line: 1812 (Dayne_asoiaf_8)

[original line 2435][portraitcontext.cpp:184] No gene with key: gene_bs_eye_fold_2 in group human at file: common/dna_data/test_dna_dornish.txt line: 1955 (Dayne_asoiaf_8)

[original line 2436][portraitcontext.cpp:184] No gene with key: gene_bs_head_round_shape in group human at file: common/dna_data/test_dna_dornish.txt line: 1958 (Dayne_asoiaf_8)

[original line 2473][portraitcontext.cpp:184] No gene with key: gene_dragon_skin_hue in group human at file: common/dna_data/test_dna_dornish.txt line: 2169 (Uller_asoiaf_6)

[original line 2474][portraitcontext.cpp:184] No gene with key: gene_dragon_skin_value in group human at file: common/dna_data/test_dna_dornish.txt line: 2170 (Uller_asoiaf_6)

[original line 2475][portraitcontext.cpp:184] No gene with key: gene_dragon_highlight_hue in group human at file: common/dna_data/test_dna_dornish.txt line: 2171 (Uller_asoiaf_6)

[original line 2476][portraitcontext.cpp:184] No gene with key: gene_dragon_highlight_value in group human at file: common/dna_data/test_dna_dornish.txt line: 2172 (Uller_asoiaf_6)

[original line 2477][portraitcontext.cpp:184] No gene with key: gene_dragon_eye_hue in group human at file: common/dna_data/test_dna_dornish.txt line: 2173 (Uller_asoiaf_6)

[original line 2478][portraitcontext.cpp:184] No gene with key: gene_dragon_eye_value in group human at file: common/dna_data/test_dna_dornish.txt line: 2174 (Uller_asoiaf_6)

[original line 2479][portraitcontext.cpp:184] No gene with key: gene_dragon_horn_hue in group human at file: common/dna_data/test_dna_dornish.txt line: 2175 (Uller_asoiaf_6)

[original line 2480][portraitcontext.cpp:184] No gene with key: gene_dragon_horn_value in group human at file: common/dna_data/test_dna_dornish.txt line: 2176 (Uller_asoiaf_6)

[original line 2481][portraitcontext.cpp:184] No gene with key: gene_eye_size in group human at file: common/dna_data/test_dna_dornish.txt line: 2309 (Uller_asoiaf_6)

[original line 2482][portraitcontext.cpp:184] No gene with key: gene_eye_shut_top in group human at file: common/dna_data/test_dna_dornish.txt line: 2310 (Uller_asoiaf_6)

[original line 2483][portraitcontext.cpp:184] No gene with key: gene_eye_shut_bottom in group human at file: common/dna_data/test_dna_dornish.txt line: 2311 (Uller_asoiaf_6)

[original line 2484][portraitcontext.cpp:184] No gene with key: gene_forehead_inner_brow_width in group human at file: common/dna_data/test_dna_dornish.txt line: 2317 (Uller_asoiaf_6)

[original line 2485][portraitcontext.cpp:184] No gene with key: gene_bs_eye_fold_2 in group human at file: common/dna_data/test_dna_dornish.txt line: 2321 (Uller_asoiaf_6)

[original line 2486][portraitcontext.cpp:184] No gene with key: gene_bs_head_round_shape in group human at file: common/dna_data/test_dna_dornish.txt line: 2324 (Uller_asoiaf_6)

[original line 2597][portraitcontext.cpp:184] No gene with key: gene_dragon_skin_hue in group human at file: common/dna_data/test_dna_essos.txt line: 563 (Mysaria_asoiaf_1)

[original line 2598][portraitcontext.cpp:184] No gene with key: gene_dragon_skin_value in group human at file: common/dna_data/test_dna_essos.txt line: 564 (Mysaria_asoiaf_1)

[original line 2599][portraitcontext.cpp:184] No gene with key: gene_dragon_highlight_hue in group human at file: common/dna_data/test_dna_essos.txt line: 565 (Mysaria_asoiaf_1)

[original line 2600][portraitcontext.cpp:184] No gene with key: gene_dragon_highlight_value in group human at file: common/dna_data/test_dna_essos.txt line: 566 (Mysaria_asoiaf_1)

[original line 2601][portraitcontext.cpp:184] No gene with key: gene_dragon_eye_hue in group human at file: common/dna_data/test_dna_essos.txt line: 567 (Mysaria_asoiaf_1)

[original line 2602][portraitcontext.cpp:184] No gene with key: gene_dragon_eye_value in group human at file: common/dna_data/test_dna_essos.txt line: 568 (Mysaria_asoiaf_1)

[original line 2603][portraitcontext.cpp:184] No gene with key: gene_dragon_horn_hue in group human at file: common/dna_data/test_dna_essos.txt line: 569 (Mysaria_asoiaf_1)

[original line 2604][portraitcontext.cpp:184] No gene with key: gene_dragon_horn_value in group human at file: common/dna_data/test_dna_essos.txt line: 570 (Mysaria_asoiaf_1)

[original line 2605][portraitcontext.cpp:184] No gene with key: gene_bs_eye_fold_2 in group human at file: common/dna_data/test_dna_essos.txt line: 713 (Mysaria_asoiaf_1)

[original line 2606][portraitcontext.cpp:184] No gene with key: gene_bs_head_round_shape in group human at file: common/dna_data/test_dna_essos.txt line: 716 (Mysaria_asoiaf_1)

[original line 2643][portraitcontext.cpp:184] No gene with key: gene_dragon_skin_hue in group human at file: common/dna_data/test_dna_essos.txt line: 927 (Shae_asoiaf_1)

[original line 2644][portraitcontext.cpp:184] No gene with key: gene_dragon_skin_value in group human at file: common/dna_data/test_dna_essos.txt line: 928 (Shae_asoiaf_1)

[original line 2645][portraitcontext.cpp:184] No gene with key: gene_dragon_highlight_hue in group human at file: common/dna_data/test_dna_essos.txt line: 929 (Shae_asoiaf_1)

[original line 2646][portraitcontext.cpp:184] No gene with key: gene_dragon_highlight_value in group human at file: common/dna_data/test_dna_essos.txt line: 930 (Shae_asoiaf_1)

[original line 2647][portraitcontext.cpp:184] No gene with key: gene_dragon_eye_hue in group human at file: common/dna_data/test_dna_essos.txt line: 931 (Shae_asoiaf_1)

[original line 2648][portraitcontext.cpp:184] No gene with key: gene_dragon_eye_value in group human at file: common/dna_data/test_dna_essos.txt line: 932 (Shae_asoiaf_1)

[original line 2649][portraitcontext.cpp:184] No gene with key: gene_dragon_horn_hue in group human at file: common/dna_data/test_dna_essos.txt line: 933 (Shae_asoiaf_1)

[original line 2650][portraitcontext.cpp:184] No gene with key: gene_dragon_horn_value in group human at file: common/dna_data/test_dna_essos.txt line: 934 (Shae_asoiaf_1)

[original line 2651][portraitcontext.cpp:184] No gene with key: gene_bs_eye_fold_2 in group human at file: common/dna_data/test_dna_essos.txt line: 1077 (Shae_asoiaf_1)

[original line 2652][portraitcontext.cpp:184] No gene with key: gene_bs_head_round_shape in group human at file: common/dna_data/test_dna_essos.txt line: 1080 (Shae_asoiaf_1)

[original line 2679][portraitcontext.cpp:184] No gene with key: gene_dragon_skin_hue in group human at file: common/dna_data/test_dna_essos.txt line: 1106 (Saan_asoiaf_2)

[original line 2680][portraitcontext.cpp:184] No gene with key: gene_dragon_skin_value in group human at file: common/dna_data/test_dna_essos.txt line: 1107 (Saan_asoiaf_2)

[original line 2681][portraitcontext.cpp:184] No gene with key: gene_dragon_highlight_hue in group human at file: common/dna_data/test_dna_essos.txt line: 1108 (Saan_asoiaf_2)

[original line 2682][portraitcontext.cpp:184] No gene with key: gene_dragon_highlight_value in group human at file: common/dna_data/test_dna_essos.txt line: 1109 (Saan_asoiaf_2)

[original line 2683][portraitcontext.cpp:184] No gene with key: gene_dragon_eye_hue in group human at file: common/dna_data/test_dna_essos.txt line: 1110 (Saan_asoiaf_2)

[original line 2684][portraitcontext.cpp:184] No gene with key: gene_dragon_eye_value in group human at file: common/dna_data/test_dna_essos.txt line: 1111 (Saan_asoiaf_2)

[original line 2685][portraitcontext.cpp:184] No gene with key: gene_dragon_horn_hue in group human at file: common/dna_data/test_dna_essos.txt line: 1112 (Saan_asoiaf_2)

[original line 2686][portraitcontext.cpp:184] No gene with key: gene_dragon_horn_value in group human at file: common/dna_data/test_dna_essos.txt line: 1113 (Saan_asoiaf_2)

[original line 2687][portraitcontext.cpp:184] No gene with key: gene_bs_eye_fold_2 in group human at file: common/dna_data/test_dna_essos.txt line: 1256 (Saan_asoiaf_2)

[original line 2688][portraitcontext.cpp:184] No gene with key: gene_bs_head_round_shape in group human at file: common/dna_data/test_dna_essos.txt line: 1259 (Saan_asoiaf_2)

[original line 2715][portraitcontext.cpp:184] No gene with key: gene_dragon_skin_hue in group human at file: common/dna_data/test_dna_essos.txt line: 1285 (Thoros_asoiaf_1)

[original line 2716][portraitcontext.cpp:184] No gene with key: gene_dragon_skin_value in group human at file: common/dna_data/test_dna_essos.txt line: 1286 (Thoros_asoiaf_1)

[original line 2717][portraitcontext.cpp:184] No gene with key: gene_dragon_highlight_hue in group human at file: common/dna_data/test_dna_essos.txt line: 1287 (Thoros_asoiaf_1)

[original line 2718][portraitcontext.cpp:184] No gene with key: gene_dragon_highlight_value in group human at file: common/dna_data/test_dna_essos.txt line: 1288 (Thoros_asoiaf_1)

[original line 2719][portraitcontext.cpp:184] No gene with key: gene_dragon_eye_hue in group human at file: common/dna_data/test_dna_essos.txt line: 1289 (Thoros_asoiaf_1)

[original line 2720][portraitcontext.cpp:184] No gene with key: gene_dragon_eye_value in group human at file: common/dna_data/test_dna_essos.txt line: 1290 (Thoros_asoiaf_1)

[original line 2721][portraitcontext.cpp:184] No gene with key: gene_dragon_horn_hue in group human at file: common/dna_data/test_dna_essos.txt line: 1291 (Thoros_asoiaf_1)

[original line 2722][portraitcontext.cpp:184] No gene with key: gene_dragon_horn_value in group human at file: common/dna_data/test_dna_essos.txt line: 1292 (Thoros_asoiaf_1)

[original line 2723][portraitcontext.cpp:184] No gene with key: gene_bs_eye_fold_2 in group human at file: common/dna_data/test_dna_essos.txt line: 1435 (Thoros_asoiaf_1)

[original line 2724][portraitcontext.cpp:184] No gene with key: gene_bs_head_round_shape in group human at file: common/dna_data/test_dna_essos.txt line: 1438 (Thoros_asoiaf_1)

[original line 2753][portraitcontext.cpp:184] No gene with key: gene_dragon_skin_hue in group human at file: common/dna_data/test_dna_essos.txt line: 1462 (Eunuch_asoiaf_1)

[original line 2754][portraitcontext.cpp:184] No gene with key: gene_dragon_skin_value in group human at file: common/dna_data/test_dna_essos.txt line: 1463 (Eunuch_asoiaf_1)

[original line 2755][portraitcontext.cpp:184] No gene with key: gene_dragon_highlight_hue in group human at file: common/dna_data/test_dna_essos.txt line: 1464 (Eunuch_asoiaf_1)

[original line 2756][portraitcontext.cpp:184] No gene with key: gene_dragon_highlight_value in group human at file: common/dna_data/test_dna_essos.txt line: 1465 (Eunuch_asoiaf_1)

[original line 2757][portraitcontext.cpp:184] No gene with key: gene_dragon_eye_hue in group human at file: common/dna_data/test_dna_essos.txt line: 1466 (Eunuch_asoiaf_1)

[original line 2758][portraitcontext.cpp:184] No gene with key: gene_dragon_eye_value in group human at file: common/dna_data/test_dna_essos.txt line: 1467 (Eunuch_asoiaf_1)

[original line 2759][portraitcontext.cpp:184] No gene with key: gene_dragon_horn_hue in group human at file: common/dna_data/test_dna_essos.txt line: 1468 (Eunuch_asoiaf_1)

[original line 2760][portraitcontext.cpp:184] No gene with key: gene_dragon_horn_value in group human at file: common/dna_data/test_dna_essos.txt line: 1469 (Eunuch_asoiaf_1)

[original line 2761][portraitcontext.cpp:184] No gene with key: gene_eye_size in group human at file: common/dna_data/test_dna_essos.txt line: 1602 (Eunuch_asoiaf_1)

[original line 2762][portraitcontext.cpp:184] No gene with key: gene_eye_shut_top in group human at file: common/dna_data/test_dna_essos.txt line: 1603 (Eunuch_asoiaf_1)

[original line 2763][portraitcontext.cpp:184] No gene with key: gene_eye_shut_bottom in group human at file: common/dna_data/test_dna_essos.txt line: 1604 (Eunuch_asoiaf_1)

[original line 2764][portraitcontext.cpp:184] No gene with key: gene_forehead_inner_brow_width in group human at file: common/dna_data/test_dna_essos.txt line: 1610 (Eunuch_asoiaf_1)

[original line 2765][portraitcontext.cpp:184] No gene with key: gene_bs_eye_fold_2 in group human at file: common/dna_data/test_dna_essos.txt line: 1614 (Eunuch_asoiaf_1)

[original line 2766][portraitcontext.cpp:184] No gene with key: gene_bs_head_round_shape in group human at file: common/dna_data/test_dna_essos.txt line: 1617 (Eunuch_asoiaf_1)

[original line 2797][portraitcontext.cpp:184] No gene with key: gene_dragon_skin_hue in group human at file: common/dna_data/test_dna_iron_isles.txt line: 10 (Greyjoy_asoiaf_5)

[original line 2798][portraitcontext.cpp:184] No gene with key: gene_dragon_skin_value in group human at file: common/dna_data/test_dna_iron_isles.txt line: 11 (Greyjoy_asoiaf_5)

[original line 2799][portraitcontext.cpp:184] No gene with key: gene_dragon_highlight_hue in group human at file: common/dna_data/test_dna_iron_isles.txt line: 12 (Greyjoy_asoiaf_5)

[original line 2800][portraitcontext.cpp:184] No gene with key: gene_dragon_highlight_value in group human at file: common/dna_data/test_dna_iron_isles.txt line: 13 (Greyjoy_asoiaf_5)

[original line 2801][portraitcontext.cpp:184] No gene with key: gene_dragon_eye_hue in group human at file: common/dna_data/test_dna_iron_isles.txt line: 14 (Greyjoy_asoiaf_5)

[original line 2802][portraitcontext.cpp:184] No gene with key: gene_dragon_eye_value in group human at file: common/dna_data/test_dna_iron_isles.txt line: 15 (Greyjoy_asoiaf_5)

[original line 2803][portraitcontext.cpp:184] No gene with key: gene_dragon_horn_hue in group human at file: common/dna_data/test_dna_iron_isles.txt line: 16 (Greyjoy_asoiaf_5)

[original line 2804][portraitcontext.cpp:184] No gene with key: gene_dragon_horn_value in group human at file: common/dna_data/test_dna_iron_isles.txt line: 17 (Greyjoy_asoiaf_5)

[original line 2805][portraitcontext.cpp:184] No gene with key: gene_bs_head_round_shape in group human at file: common/dna_data/test_dna_iron_isles.txt line: 162 (Greyjoy_asoiaf_5)

[original line 2832][portraitcontext.cpp:184] No gene with key: gene_dragon_skin_hue in group human at file: common/dna_data/test_dna_iron_isles.txt line: 188 (Greyjoy_asoiaf_6)

[original line 2833][portraitcontext.cpp:184] No gene with key: gene_dragon_skin_value in group human at file: common/dna_data/test_dna_iron_isles.txt line: 189 (Greyjoy_asoiaf_6)

[original line 2834][portraitcontext.cpp:184] No gene with key: gene_dragon_highlight_hue in group human at file: common/dna_data/test_dna_iron_isles.txt line: 190 (Greyjoy_asoiaf_6)

[original line 2835][portraitcontext.cpp:184] No gene with key: gene_dragon_highlight_value in group human at file: common/dna_data/test_dna_iron_isles.txt line: 191 (Greyjoy_asoiaf_6)

[original line 2836][portraitcontext.cpp:184] No gene with key: gene_dragon_eye_hue in group human at file: common/dna_data/test_dna_iron_isles.txt line: 192 (Greyjoy_asoiaf_6)

[original line 2837][portraitcontext.cpp:184] No gene with key: gene_dragon_eye_value in group human at file: common/dna_data/test_dna_iron_isles.txt line: 193 (Greyjoy_asoiaf_6)

[original line 2838][portraitcontext.cpp:184] No gene with key: gene_dragon_horn_hue in group human at file: common/dna_data/test_dna_iron_isles.txt line: 194 (Greyjoy_asoiaf_6)

[original line 2839][portraitcontext.cpp:184] No gene with key: gene_dragon_horn_value in group human at file: common/dna_data/test_dna_iron_isles.txt line: 195 (Greyjoy_asoiaf_6)

[original line 2840][portraitcontext.cpp:184] No gene with key: gene_eye_size in group human at file: common/dna_data/test_dna_iron_isles.txt line: 328 (Greyjoy_asoiaf_6)

[original line 2841][portraitcontext.cpp:184] No gene with key: gene_eye_shut_top in group human at file: common/dna_data/test_dna_iron_isles.txt line: 329 (Greyjoy_asoiaf_6)

[original line 2842][portraitcontext.cpp:184] No gene with key: gene_eye_shut_bottom in group human at file: common/dna_data/test_dna_iron_isles.txt line: 330 (Greyjoy_asoiaf_6)

[original line 2843][portraitcontext.cpp:184] No gene with key: gene_forehead_inner_brow_width in group human at file: common/dna_data/test_dna_iron_isles.txt line: 336 (Greyjoy_asoiaf_6)

[original line 2844][portraitcontext.cpp:184] No gene with key: gene_bs_eye_fold_2 in group human at file: common/dna_data/test_dna_iron_isles.txt line: 340 (Greyjoy_asoiaf_6)

[original line 2845][portraitcontext.cpp:184] No gene with key: gene_bs_head_round_shape in group human at file: common/dna_data/test_dna_iron_isles.txt line: 343 (Greyjoy_asoiaf_6)

[original line 2876][portraitcontext.cpp:184] No gene with key: gene_dragon_skin_hue in group human at file: common/dna_data/test_dna_iron_isles.txt line: 371 (Greyjoy_asoiaf_9)

[original line 2877][portraitcontext.cpp:184] No gene with key: gene_dragon_skin_value in group human at file: common/dna_data/test_dna_iron_isles.txt line: 372 (Greyjoy_asoiaf_9)

[original line 2878][portraitcontext.cpp:184] No gene with key: gene_dragon_highlight_hue in group human at file: common/dna_data/test_dna_iron_isles.txt line: 373 (Greyjoy_asoiaf_9)

[original line 2879][portraitcontext.cpp:184] No gene with key: gene_dragon_highlight_value in group human at file: common/dna_data/test_dna_iron_isles.txt line: 374 (Greyjoy_asoiaf_9)

[original line 2880][portraitcontext.cpp:184] No gene with key: gene_dragon_eye_hue in group human at file: common/dna_data/test_dna_iron_isles.txt line: 375 (Greyjoy_asoiaf_9)

[original line 2881][portraitcontext.cpp:184] No gene with key: gene_dragon_eye_value in group human at file: common/dna_data/test_dna_iron_isles.txt line: 376 (Greyjoy_asoiaf_9)

[original line 2882][portraitcontext.cpp:184] No gene with key: gene_dragon_horn_hue in group human at file: common/dna_data/test_dna_iron_isles.txt line: 377 (Greyjoy_asoiaf_9)

[original line 2883][portraitcontext.cpp:184] No gene with key: gene_dragon_horn_value in group human at file: common/dna_data/test_dna_iron_isles.txt line: 378 (Greyjoy_asoiaf_9)

[original line 2884][portraitcontext.cpp:184] No gene with key: gene_eye_size in group human at file: common/dna_data/test_dna_iron_isles.txt line: 511 (Greyjoy_asoiaf_9)

[original line 2885][portraitcontext.cpp:184] No gene with key: gene_eye_shut_top in group human at file: common/dna_data/test_dna_iron_isles.txt line: 512 (Greyjoy_asoiaf_9)

[original line 2886][portraitcontext.cpp:184] No gene with key: gene_eye_shut_bottom in group human at file: common/dna_data/test_dna_iron_isles.txt line: 513 (Greyjoy_asoiaf_9)

[original line 2887][portraitcontext.cpp:184] No gene with key: gene_forehead_inner_brow_width in group human at file: common/dna_data/test_dna_iron_isles.txt line: 519 (Greyjoy_asoiaf_9)

[original line 2888][portraitcontext.cpp:184] No gene with key: gene_bs_eye_fold_2 in group human at file: common/dna_data/test_dna_iron_isles.txt line: 523 (Greyjoy_asoiaf_9)

[original line 2889][portraitcontext.cpp:184] No gene with key: gene_bs_head_round_shape in group human at file: common/dna_data/test_dna_iron_isles.txt line: 526 (Greyjoy_asoiaf_9)

[original line 2930][portraitcontext.cpp:184] No gene with key: gene_dragon_skin_hue in group human at file: common/dna_data/test_dna_iron_isles.txt line: 848 (Greyjoy_asoiaf_14)

[original line 2931][portraitcontext.cpp:184] No gene with key: gene_dragon_skin_value in group human at file: common/dna_data/test_dna_iron_isles.txt line: 849 (Greyjoy_asoiaf_14)

[original line 2932][portraitcontext.cpp:184] No gene with key: gene_dragon_highlight_hue in group human at file: common/dna_data/test_dna_iron_isles.txt line: 850 (Greyjoy_asoiaf_14)

[original line 2933][portraitcontext.cpp:184] No gene with key: gene_dragon_highlight_value in group human at file: common/dna_data/test_dna_iron_isles.txt line: 851 (Greyjoy_asoiaf_14)

[original line 2934][portraitcontext.cpp:184] No gene with key: gene_dragon_eye_hue in group human at file: common/dna_data/test_dna_iron_isles.txt line: 852 (Greyjoy_asoiaf_14)

[original line 2935][portraitcontext.cpp:184] No gene with key: gene_dragon_eye_value in group human at file: common/dna_data/test_dna_iron_isles.txt line: 853 (Greyjoy_asoiaf_14)

[original line 2936][portraitcontext.cpp:184] No gene with key: gene_dragon_horn_hue in group human at file: common/dna_data/test_dna_iron_isles.txt line: 854 (Greyjoy_asoiaf_14)

[original line 2937][portraitcontext.cpp:184] No gene with key: gene_dragon_horn_value in group human at file: common/dna_data/test_dna_iron_isles.txt line: 855 (Greyjoy_asoiaf_14)

[original line 2964][portraitcontext.cpp:184] No gene with key: gene_dragon_skin_hue in group human at file: common/dna_data/test_dna_north.txt line: 115 (Stark_asoiaf_67)

[original line 2965][portraitcontext.cpp:184] No gene with key: gene_dragon_skin_value in group human at file: common/dna_data/test_dna_north.txt line: 116 (Stark_asoiaf_67)

[original line 2966][portraitcontext.cpp:184] No gene with key: gene_dragon_highlight_hue in group human at file: common/dna_data/test_dna_north.txt line: 117 (Stark_asoiaf_67)

[original line 2967][portraitcontext.cpp:184] No gene with key: gene_dragon_highlight_value in group human at file: common/dna_data/test_dna_north.txt line: 118 (Stark_asoiaf_67)

[original line 2968][portraitcontext.cpp:184] No gene with key: gene_dragon_eye_hue in group human at file: common/dna_data/test_dna_north.txt line: 119 (Stark_asoiaf_67)

[original line 2969][portraitcontext.cpp:184] No gene with key: gene_dragon_eye_value in group human at file: common/dna_data/test_dna_north.txt line: 120 (Stark_asoiaf_67)

[original line 2970][portraitcontext.cpp:184] No gene with key: gene_dragon_horn_hue in group human at file: common/dna_data/test_dna_north.txt line: 121 (Stark_asoiaf_67)

[original line 2971][portraitcontext.cpp:184] No gene with key: gene_dragon_horn_value in group human at file: common/dna_data/test_dna_north.txt line: 122 (Stark_asoiaf_67)

[original line 3008][portraitcontext.cpp:184] No gene with key: gene_dragon_skin_hue in group human at file: common/dna_data/test_dna_north.txt line: 372 (Stark_asoiaf_86)

[original line 3009][portraitcontext.cpp:184] No gene with key: gene_dragon_skin_value in group human at file: common/dna_data/test_dna_north.txt line: 373 (Stark_asoiaf_86)

[original line 3010][portraitcontext.cpp:184] No gene with key: gene_dragon_highlight_hue in group human at file: common/dna_data/test_dna_north.txt line: 374 (Stark_asoiaf_86)

[original line 3011][portraitcontext.cpp:184] No gene with key: gene_dragon_highlight_value in group human at file: common/dna_data/test_dna_north.txt line: 375 (Stark_asoiaf_86)

[original line 3012][portraitcontext.cpp:184] No gene with key: gene_dragon_eye_hue in group human at file: common/dna_data/test_dna_north.txt line: 376 (Stark_asoiaf_86)

[original line 3013][portraitcontext.cpp:184] No gene with key: gene_dragon_eye_value in group human at file: common/dna_data/test_dna_north.txt line: 377 (Stark_asoiaf_86)

[original line 3014][portraitcontext.cpp:184] No gene with key: gene_dragon_horn_hue in group human at file: common/dna_data/test_dna_north.txt line: 378 (Stark_asoiaf_86)

[original line 3015][portraitcontext.cpp:184] No gene with key: gene_dragon_horn_value in group human at file: common/dna_data/test_dna_north.txt line: 379 (Stark_asoiaf_86)

[original line 3016][portraitcontext.cpp:184] No gene with key: gene_bs_head_round_shape in group human at file: common/dna_data/test_dna_north.txt line: 524 (Stark_asoiaf_86)

[original line 3043][portraitcontext.cpp:184] No gene with key: gene_dragon_skin_hue in group human at file: common/dna_data/test_dna_north.txt line: 550 (Stark_asoiaf_1)

[original line 3044][portraitcontext.cpp:184] No gene with key: gene_dragon_skin_value in group human at file: common/dna_data/test_dna_north.txt line: 551 (Stark_asoiaf_1)

[original line 3045][portraitcontext.cpp:184] No gene with key: gene_dragon_highlight_hue in group human at file: common/dna_data/test_dna_north.txt line: 552 (Stark_asoiaf_1)

[original line 3046][portraitcontext.cpp:184] No gene with key: gene_dragon_highlight_value in group human at file: common/dna_data/test_dna_north.txt line: 553 (Stark_asoiaf_1)

[original line 3047][portraitcontext.cpp:184] No gene with key: gene_dragon_eye_hue in group human at file: common/dna_data/test_dna_north.txt line: 554 (Stark_asoiaf_1)

[original line 3048][portraitcontext.cpp:184] No gene with key: gene_dragon_eye_value in group human at file: common/dna_data/test_dna_north.txt line: 555 (Stark_asoiaf_1)

[original line 3049][portraitcontext.cpp:184] No gene with key: gene_dragon_horn_hue in group human at file: common/dna_data/test_dna_north.txt line: 556 (Stark_asoiaf_1)

[original line 3050][portraitcontext.cpp:184] No gene with key: gene_dragon_horn_value in group human at file: common/dna_data/test_dna_north.txt line: 557 (Stark_asoiaf_1)

[original line 3051][portraitcontext.cpp:184] No gene with key: gene_bs_eye_fold_2 in group human at file: common/dna_data/test_dna_north.txt line: 700 (Stark_asoiaf_1)

[original line 3052][portraitcontext.cpp:184] No gene with key: gene_bs_head_round_shape in group human at file: common/dna_data/test_dna_north.txt line: 703 (Stark_asoiaf_1)

[original line 3079][portraitcontext.cpp:184] No gene with key: gene_dragon_skin_hue in group human at file: common/dna_data/test_dna_north.txt line: 835 (Stark_asoiaf_2)

[original line 3080][portraitcontext.cpp:184] No gene with key: gene_dragon_skin_value in group human at file: common/dna_data/test_dna_north.txt line: 836 (Stark_asoiaf_2)

[original line 3081][portraitcontext.cpp:184] No gene with key: gene_dragon_highlight_hue in group human at file: common/dna_data/test_dna_north.txt line: 837 (Stark_asoiaf_2)

[original line 3082][portraitcontext.cpp:184] No gene with key: gene_dragon_highlight_value in group human at file: common/dna_data/test_dna_north.txt line: 838 (Stark_asoiaf_2)

[original line 3083][portraitcontext.cpp:184] No gene with key: gene_dragon_eye_hue in group human at file: common/dna_data/test_dna_north.txt line: 839 (Stark_asoiaf_2)

[original line 3084][portraitcontext.cpp:184] No gene with key: gene_dragon_eye_value in group human at file: common/dna_data/test_dna_north.txt line: 840 (Stark_asoiaf_2)

[original line 3085][portraitcontext.cpp:184] No gene with key: gene_dragon_horn_hue in group human at file: common/dna_data/test_dna_north.txt line: 841 (Stark_asoiaf_2)

[original line 3086][portraitcontext.cpp:184] No gene with key: gene_dragon_horn_value in group human at file: common/dna_data/test_dna_north.txt line: 842 (Stark_asoiaf_2)

[original line 3087][portraitcontext.cpp:184] No gene with key: gene_bs_head_round_shape in group human at file: common/dna_data/test_dna_north.txt line: 880 (Stark_asoiaf_2)

[original line 3114][portraitcontext.cpp:184] No gene with key: gene_dragon_skin_hue in group human at file: common/dna_data/test_dna_north.txt line: 907 (Stark_asoiaf_3)

[original line 3115][portraitcontext.cpp:184] No gene with key: gene_dragon_skin_value in group human at file: common/dna_data/test_dna_north.txt line: 908 (Stark_asoiaf_3)

[original line 3116][portraitcontext.cpp:184] No gene with key: gene_dragon_highlight_hue in group human at file: common/dna_data/test_dna_north.txt line: 909 (Stark_asoiaf_3)

[original line 3117][portraitcontext.cpp:184] No gene with key: gene_dragon_highlight_value in group human at file: common/dna_data/test_dna_north.txt line: 910 (Stark_asoiaf_3)

[original line 3118][portraitcontext.cpp:184] No gene with key: gene_dragon_eye_hue in group human at file: common/dna_data/test_dna_north.txt line: 911 (Stark_asoiaf_3)

[original line 3119][portraitcontext.cpp:184] No gene with key: gene_dragon_eye_value in group human at file: common/dna_data/test_dna_north.txt line: 912 (Stark_asoiaf_3)

[original line 3120][portraitcontext.cpp:184] No gene with key: gene_dragon_horn_hue in group human at file: common/dna_data/test_dna_north.txt line: 913 (Stark_asoiaf_3)

[original line 3121][portraitcontext.cpp:184] No gene with key: gene_dragon_horn_value in group human at file: common/dna_data/test_dna_north.txt line: 914 (Stark_asoiaf_3)

[original line 3122][portraitcontext.cpp:184] No gene with key: gene_bs_head_round_shape in group human at file: common/dna_data/test_dna_north.txt line: 1059 (Stark_asoiaf_3)

[original line 3150][portraitcontext.cpp:184] No gene with key: gene_dragon_skin_hue in group human at file: common/dna_data/test_dna_north.txt line: 1086 (Stark_asoiaf_5)

[original line 3151][portraitcontext.cpp:184] No gene with key: gene_dragon_skin_value in group human at file: common/dna_data/test_dna_north.txt line: 1087 (Stark_asoiaf_5)

[original line 3152][portraitcontext.cpp:184] No gene with key: gene_dragon_highlight_hue in group human at file: common/dna_data/test_dna_north.txt line: 1088 (Stark_asoiaf_5)

[original line 3153][portraitcontext.cpp:184] No gene with key: gene_dragon_highlight_value in group human at file: common/dna_data/test_dna_north.txt line: 1089 (Stark_asoiaf_5)

[original line 3154][portraitcontext.cpp:184] No gene with key: gene_dragon_eye_hue in group human at file: common/dna_data/test_dna_north.txt line: 1090 (Stark_asoiaf_5)

[original line 3155][portraitcontext.cpp:184] No gene with key: gene_dragon_eye_value in group human at file: common/dna_data/test_dna_north.txt line: 1091 (Stark_asoiaf_5)

[original line 3156][portraitcontext.cpp:184] No gene with key: gene_dragon_horn_hue in group human at file: common/dna_data/test_dna_north.txt line: 1092 (Stark_asoiaf_5)

[original line 3157][portraitcontext.cpp:184] No gene with key: gene_dragon_horn_value in group human at file: common/dna_data/test_dna_north.txt line: 1093 (Stark_asoiaf_5)

[original line 3158][portraitcontext.cpp:184] No gene with key: gene_bs_head_round_shape in group human at file: common/dna_data/test_dna_north.txt line: 1238 (Stark_asoiaf_5)

[original line 3185][portraitcontext.cpp:184] No gene with key: gene_dragon_skin_hue in group human at file: common/dna_data/test_dna_north.txt line: 1264 (Stark_asoiaf_4)

[original line 3186][portraitcontext.cpp:184] No gene with key: gene_dragon_skin_value in group human at file: common/dna_data/test_dna_north.txt line: 1265 (Stark_asoiaf_4)

[original line 3187][portraitcontext.cpp:184] No gene with key: gene_dragon_highlight_hue in group human at file: common/dna_data/test_dna_north.txt line: 1266 (Stark_asoiaf_4)

[original line 3188][portraitcontext.cpp:184] No gene with key: gene_dragon_highlight_value in group human at file: common/dna_data/test_dna_north.txt line: 1267 (Stark_asoiaf_4)

[original line 3189][portraitcontext.cpp:184] No gene with key: gene_dragon_eye_hue in group human at file: common/dna_data/test_dna_north.txt line: 1268 (Stark_asoiaf_4)

[original line 3190][portraitcontext.cpp:184] No gene with key: gene_dragon_eye_value in group human at file: common/dna_data/test_dna_north.txt line: 1269 (Stark_asoiaf_4)

[original line 3191][portraitcontext.cpp:184] No gene with key: gene_dragon_horn_hue in group human at file: common/dna_data/test_dna_north.txt line: 1270 (Stark_asoiaf_4)

[original line 3192][portraitcontext.cpp:184] No gene with key: gene_dragon_horn_value in group human at file: common/dna_data/test_dna_north.txt line: 1271 (Stark_asoiaf_4)

[original line 3193][portraitcontext.cpp:184] No gene with key: gene_bs_head_round_shape in group human at file: common/dna_data/test_dna_north.txt line: 1416 (Stark_asoiaf_4)

[original line 3220][portraitcontext.cpp:184] No gene with key: gene_dragon_skin_hue in group human at file: common/dna_data/test_dna_north.txt line: 1442 (Stark_asoiaf_6)

[original line 3221][portraitcontext.cpp:184] No gene with key: gene_dragon_skin_value in group human at file: common/dna_data/test_dna_north.txt line: 1443 (Stark_asoiaf_6)

[original line 3222][portraitcontext.cpp:184] No gene with key: gene_dragon_highlight_hue in group human at file: common/dna_data/test_dna_north.txt line: 1444 (Stark_asoiaf_6)

[original line 3223][portraitcontext.cpp:184] No gene with key: gene_dragon_highlight_value in group human at file: common/dna_data/test_dna_north.txt line: 1445 (Stark_asoiaf_6)

[original line 3224][portraitcontext.cpp:184] No gene with key: gene_dragon_eye_hue in group human at file: common/dna_data/test_dna_north.txt line: 1446 (Stark_asoiaf_6)

[original line 3225][portraitcontext.cpp:184] No gene with key: gene_dragon_eye_value in group human at file: common/dna_data/test_dna_north.txt line: 1447 (Stark_asoiaf_6)

[original line 3226][portraitcontext.cpp:184] No gene with key: gene_dragon_horn_hue in group human at file: common/dna_data/test_dna_north.txt line: 1448 (Stark_asoiaf_6)

[original line 3227][portraitcontext.cpp:184] No gene with key: gene_dragon_horn_value in group human at file: common/dna_data/test_dna_north.txt line: 1449 (Stark_asoiaf_6)

[original line 3228][portraitcontext.cpp:184] No gene with key: gene_eye_size in group human at file: common/dna_data/test_dna_north.txt line: 1582 (Stark_asoiaf_6)

[original line 3229][portraitcontext.cpp:184] No gene with key: gene_eye_shut_top in group human at file: common/dna_data/test_dna_north.txt line: 1583 (Stark_asoiaf_6)

[original line 3230][portraitcontext.cpp:184] No gene with key: gene_eye_shut_bottom in group human at file: common/dna_data/test_dna_north.txt line: 1584 (Stark_asoiaf_6)

[original line 3231][portraitcontext.cpp:184] No gene with key: gene_forehead_inner_brow_width in group human at file: common/dna_data/test_dna_north.txt line: 1590 (Stark_asoiaf_6)

[original line 3232][portraitcontext.cpp:184] No gene with key: gene_bs_eye_fold_2 in group human at file: common/dna_data/test_dna_north.txt line: 1594 (Stark_asoiaf_6)

[original line 3233][portraitcontext.cpp:184] No gene with key: gene_bs_head_round_shape in group human at file: common/dna_data/test_dna_north.txt line: 1597 (Stark_asoiaf_6)

[original line 3264][portraitcontext.cpp:184] No gene with key: gene_dragon_skin_hue in group human at file: common/dna_data/test_dna_north.txt line: 1728 (Stark_asoiaf_7)

[original line 3265][portraitcontext.cpp:184] No gene with key: gene_dragon_skin_value in group human at file: common/dna_data/test_dna_north.txt line: 1729 (Stark_asoiaf_7)

[original line 3266][portraitcontext.cpp:184] No gene with key: gene_dragon_highlight_hue in group human at file: common/dna_data/test_dna_north.txt line: 1730 (Stark_asoiaf_7)

[original line 3267][portraitcontext.cpp:184] No gene with key: gene_dragon_highlight_value in group human at file: common/dna_data/test_dna_north.txt line: 1731 (Stark_asoiaf_7)

[original line 3268][portraitcontext.cpp:184] No gene with key: gene_dragon_eye_hue in group human at file: common/dna_data/test_dna_north.txt line: 1732 (Stark_asoiaf_7)

[original line 3269][portraitcontext.cpp:184] No gene with key: gene_dragon_eye_value in group human at file: common/dna_data/test_dna_north.txt line: 1733 (Stark_asoiaf_7)

[original line 3270][portraitcontext.cpp:184] No gene with key: gene_dragon_horn_hue in group human at file: common/dna_data/test_dna_north.txt line: 1734 (Stark_asoiaf_7)

[original line 3271][portraitcontext.cpp:184] No gene with key: gene_dragon_horn_value in group human at file: common/dna_data/test_dna_north.txt line: 1735 (Stark_asoiaf_7)

[original line 3298][portraitcontext.cpp:184] No gene with key: gene_dragon_skin_hue in group human at file: common/dna_data/test_dna_north.txt line: 1800 (Stark_asoiaf_8)

[original line 3299][portraitcontext.cpp:184] No gene with key: gene_dragon_skin_value in group human at file: common/dna_data/test_dna_north.txt line: 1801 (Stark_asoiaf_8)

[original line 3300][portraitcontext.cpp:184] No gene with key: gene_dragon_highlight_hue in group human at file: common/dna_data/test_dna_north.txt line: 1802 (Stark_asoiaf_8)

[original line 3301][portraitcontext.cpp:184] No gene with key: gene_dragon_highlight_value in group human at file: common/dna_data/test_dna_north.txt line: 1803 (Stark_asoiaf_8)

[original line 3302][portraitcontext.cpp:184] No gene with key: gene_dragon_eye_hue in group human at file: common/dna_data/test_dna_north.txt line: 1804 (Stark_asoiaf_8)

[original line 3303][portraitcontext.cpp:184] No gene with key: gene_dragon_eye_value in group human at file: common/dna_data/test_dna_north.txt line: 1805 (Stark_asoiaf_8)

[original line 3304][portraitcontext.cpp:184] No gene with key: gene_dragon_horn_hue in group human at file: common/dna_data/test_dna_north.txt line: 1806 (Stark_asoiaf_8)

[original line 3305][portraitcontext.cpp:184] No gene with key: gene_dragon_horn_value in group human at file: common/dna_data/test_dna_north.txt line: 1807 (Stark_asoiaf_8)

[original line 3306][portraitcontext.cpp:184] No gene with key: gene_bs_eye_fold_2 in group human at file: common/dna_data/test_dna_north.txt line: 1950 (Stark_asoiaf_8)

[original line 3307][portraitcontext.cpp:184] No gene with key: gene_bs_head_round_shape in group human at file: common/dna_data/test_dna_north.txt line: 1953 (Stark_asoiaf_8)

[original line 3334][portraitcontext.cpp:184] No gene with key: gene_dragon_skin_hue in group human at file: common/dna_data/test_dna_north.txt line: 1979 (Stark_asoiaf_9)

[original line 3335][portraitcontext.cpp:184] No gene with key: gene_dragon_skin_value in group human at file: common/dna_data/test_dna_north.txt line: 1980 (Stark_asoiaf_9)

[original line 3336][portraitcontext.cpp:184] No gene with key: gene_dragon_highlight_hue in group human at file: common/dna_data/test_dna_north.txt line: 1981 (Stark_asoiaf_9)

[original line 3337][portraitcontext.cpp:184] No gene with key: gene_dragon_highlight_value in group human at file: common/dna_data/test_dna_north.txt line: 1982 (Stark_asoiaf_9)

[original line 3338][portraitcontext.cpp:184] No gene with key: gene_dragon_eye_hue in group human at file: common/dna_data/test_dna_north.txt line: 1983 (Stark_asoiaf_9)

[original line 3339][portraitcontext.cpp:184] No gene with key: gene_dragon_eye_value in group human at file: common/dna_data/test_dna_north.txt line: 1984 (Stark_asoiaf_9)

[original line 3340][portraitcontext.cpp:184] No gene with key: gene_dragon_horn_hue in group human at file: common/dna_data/test_dna_north.txt line: 1985 (Stark_asoiaf_9)

[original line 3341][portraitcontext.cpp:184] No gene with key: gene_dragon_horn_value in group human at file: common/dna_data/test_dna_north.txt line: 1986 (Stark_asoiaf_9)

[original line 3342][portraitcontext.cpp:184] No gene with key: gene_bs_eye_fold_2 in group human at file: common/dna_data/test_dna_north.txt line: 2129 (Stark_asoiaf_9)

[original line 3343][portraitcontext.cpp:184] No gene with key: gene_bs_head_round_shape in group human at file: common/dna_data/test_dna_north.txt line: 2132 (Stark_asoiaf_9)

[original line 3370][portraitcontext.cpp:184] No gene with key: gene_dragon_skin_hue in group human at file: common/dna_data/test_dna_north.txt line: 2158 (Stark_asoiaf_10)

[original line 3371][portraitcontext.cpp:184] No gene with key: gene_dragon_skin_value in group human at file: common/dna_data/test_dna_north.txt line: 2159 (Stark_asoiaf_10)

[original line 3372][portraitcontext.cpp:184] No gene with key: gene_dragon_highlight_hue in group human at file: common/dna_data/test_dna_north.txt line: 2160 (Stark_asoiaf_10)

[original line 3373][portraitcontext.cpp:184] No gene with key: gene_dragon_highlight_value in group human at file: common/dna_data/test_dna_north.txt line: 2161 (Stark_asoiaf_10)

[original line 3374][portraitcontext.cpp:184] No gene with key: gene_dragon_eye_hue in group human at file: common/dna_data/test_dna_north.txt line: 2162 (Stark_asoiaf_10)

[original line 3375][portraitcontext.cpp:184] No gene with key: gene_dragon_eye_value in group human at file: common/dna_data/test_dna_north.txt line: 2163 (Stark_asoiaf_10)

[original line 3376][portraitcontext.cpp:184] No gene with key: gene_dragon_horn_hue in group human at file: common/dna_data/test_dna_north.txt line: 2164 (Stark_asoiaf_10)

[original line 3377][portraitcontext.cpp:184] No gene with key: gene_dragon_horn_value in group human at file: common/dna_data/test_dna_north.txt line: 2165 (Stark_asoiaf_10)

[original line 3378][portraitcontext.cpp:184] No gene with key: gene_bs_eye_fold_2 in group human at file: common/dna_data/test_dna_north.txt line: 2308 (Stark_asoiaf_10)

[original line 3379][portraitcontext.cpp:184] No gene with key: gene_bs_head_round_shape in group human at file: common/dna_data/test_dna_north.txt line: 2311 (Stark_asoiaf_10)

[original line 3406][portraitcontext.cpp:184] No gene with key: gene_dragon_skin_hue in group human at file: common/dna_data/test_dna_north.txt line: 2337 (Stark_asoiaf_11)

[original line 3407][portraitcontext.cpp:184] No gene with key: gene_dragon_skin_value in group human at file: common/dna_data/test_dna_north.txt line: 2338 (Stark_asoiaf_11)

[original line 3408][portraitcontext.cpp:184] No gene with key: gene_dragon_highlight_hue in group human at file: common/dna_data/test_dna_north.txt line: 2339 (Stark_asoiaf_11)

[original line 3409][portraitcontext.cpp:184] No gene with key: gene_dragon_highlight_value in group human at file: common/dna_data/test_dna_north.txt line: 2340 (Stark_asoiaf_11)

[original line 3410][portraitcontext.cpp:184] No gene with key: gene_dragon_eye_hue in group human at file: common/dna_data/test_dna_north.txt line: 2341 (Stark_asoiaf_11)

[original line 3411][portraitcontext.cpp:184] No gene with key: gene_dragon_eye_value in group human at file: common/dna_data/test_dna_north.txt line: 2342 (Stark_asoiaf_11)

[original line 3412][portraitcontext.cpp:184] No gene with key: gene_dragon_horn_hue in group human at file: common/dna_data/test_dna_north.txt line: 2343 (Stark_asoiaf_11)

[original line 3413][portraitcontext.cpp:184] No gene with key: gene_dragon_horn_value in group human at file: common/dna_data/test_dna_north.txt line: 2344 (Stark_asoiaf_11)

[original line 3414][portraitcontext.cpp:184] No gene with key: gene_bs_eye_fold_2 in group human at file: common/dna_data/test_dna_north.txt line: 2487 (Stark_asoiaf_11)

[original line 3415][portraitcontext.cpp:184] No gene with key: gene_bs_head_round_shape in group human at file: common/dna_data/test_dna_north.txt line: 2490 (Stark_asoiaf_11)

[original line 3442][portraitcontext.cpp:184] No gene with key: gene_dragon_skin_hue in group human at file: common/dna_data/test_dna_north.txt line: 2622 (Stark_hh_asoiaf_2)

[original line 3443][portraitcontext.cpp:184] No gene with key: gene_dragon_skin_value in group human at file: common/dna_data/test_dna_north.txt line: 2623 (Stark_hh_asoiaf_2)

[original line 3444][portraitcontext.cpp:184] No gene with key: gene_dragon_highlight_hue in group human at file: common/dna_data/test_dna_north.txt line: 2624 (Stark_hh_asoiaf_2)

[original line 3445][portraitcontext.cpp:184] No gene with key: gene_dragon_highlight_value in group human at file: common/dna_data/test_dna_north.txt line: 2625 (Stark_hh_asoiaf_2)

[original line 3446][portraitcontext.cpp:184] No gene with key: gene_dragon_eye_hue in group human at file: common/dna_data/test_dna_north.txt line: 2626 (Stark_hh_asoiaf_2)

[original line 3447][portraitcontext.cpp:184] No gene with key: gene_dragon_eye_value in group human at file: common/dna_data/test_dna_north.txt line: 2627 (Stark_hh_asoiaf_2)

[original line 3448][portraitcontext.cpp:184] No gene with key: gene_dragon_horn_hue in group human at file: common/dna_data/test_dna_north.txt line: 2628 (Stark_hh_asoiaf_2)

[original line 3449][portraitcontext.cpp:184] No gene with key: gene_dragon_horn_value in group human at file: common/dna_data/test_dna_north.txt line: 2629 (Stark_hh_asoiaf_2)

[original line 3450][portraitcontext.cpp:184] No gene with key: gene_bs_head_round_shape in group human at file: common/dna_data/test_dna_north.txt line: 2667 (Stark_hh_asoiaf_2)

[original line 3477][portraitcontext.cpp:184] No gene with key: gene_dragon_skin_hue in group human at file: common/dna_data/test_dna_north.txt line: 2696 (Karstark_asoiaf_4)

[original line 3478][portraitcontext.cpp:184] No gene with key: gene_dragon_skin_value in group human at file: common/dna_data/test_dna_north.txt line: 2697 (Karstark_asoiaf_4)

[original line 3479][portraitcontext.cpp:184] No gene with key: gene_dragon_highlight_hue in group human at file: common/dna_data/test_dna_north.txt line: 2698 (Karstark_asoiaf_4)

[original line 3480][portraitcontext.cpp:184] No gene with key: gene_dragon_highlight_value in group human at file: common/dna_data/test_dna_north.txt line: 2699 (Karstark_asoiaf_4)

[original line 3481][portraitcontext.cpp:184] No gene with key: gene_dragon_eye_hue in group human at file: common/dna_data/test_dna_north.txt line: 2700 (Karstark_asoiaf_4)

[original line 3482][portraitcontext.cpp:184] No gene with key: gene_dragon_eye_value in group human at file: common/dna_data/test_dna_north.txt line: 2701 (Karstark_asoiaf_4)

[original line 3483][portraitcontext.cpp:184] No gene with key: gene_dragon_horn_hue in group human at file: common/dna_data/test_dna_north.txt line: 2702 (Karstark_asoiaf_4)

[original line 3484][portraitcontext.cpp:184] No gene with key: gene_dragon_horn_value in group human at file: common/dna_data/test_dna_north.txt line: 2703 (Karstark_asoiaf_4)

[original line 3485][portraitcontext.cpp:184] No gene with key: gene_bs_eye_fold_2 in group human at file: common/dna_data/test_dna_north.txt line: 2846 (Karstark_asoiaf_4)

[original line 3486][portraitcontext.cpp:184] No gene with key: gene_bs_head_round_shape in group human at file: common/dna_data/test_dna_north.txt line: 2849 (Karstark_asoiaf_4)

[original line 3533][portraitcontext.cpp:184] No gene with key: gene_dragon_skin_hue in group human at file: common/dna_data/test_dna_north.txt line: 3351 (Poole_asoiaf_2)

[original line 3534][portraitcontext.cpp:184] No gene with key: gene_dragon_skin_value in group human at file: common/dna_data/test_dna_north.txt line: 3352 (Poole_asoiaf_2)

[original line 3535][portraitcontext.cpp:184] No gene with key: gene_dragon_highlight_hue in group human at file: common/dna_data/test_dna_north.txt line: 3353 (Poole_asoiaf_2)

[original line 3536][portraitcontext.cpp:184] No gene with key: gene_dragon_highlight_value in group human at file: common/dna_data/test_dna_north.txt line: 3354 (Poole_asoiaf_2)

[original line 3537][portraitcontext.cpp:184] No gene with key: gene_dragon_eye_hue in group human at file: common/dna_data/test_dna_north.txt line: 3355 (Poole_asoiaf_2)

[original line 3538][portraitcontext.cpp:184] No gene with key: gene_dragon_eye_value in group human at file: common/dna_data/test_dna_north.txt line: 3356 (Poole_asoiaf_2)

[original line 3539][portraitcontext.cpp:184] No gene with key: gene_dragon_horn_hue in group human at file: common/dna_data/test_dna_north.txt line: 3357 (Poole_asoiaf_2)

[original line 3540][portraitcontext.cpp:184] No gene with key: gene_dragon_horn_value in group human at file: common/dna_data/test_dna_north.txt line: 3358 (Poole_asoiaf_2)

[original line 3541][portraitcontext.cpp:184] No gene with key: gene_bs_head_round_shape in group human at file: common/dna_data/test_dna_north.txt line: 3396 (Poole_asoiaf_2)

[original line 3578][portraitcontext.cpp:184] No gene with key: gene_dragon_skin_hue in group human at file: common/dna_data/test_dna_north.txt line: 3608 (Cassel_asoiaf_3)

[original line 3579][portraitcontext.cpp:184] No gene with key: gene_dragon_skin_value in group human at file: common/dna_data/test_dna_north.txt line: 3609 (Cassel_asoiaf_3)

[original line 3580][portraitcontext.cpp:184] No gene with key: gene_dragon_highlight_hue in group human at file: common/dna_data/test_dna_north.txt line: 3610 (Cassel_asoiaf_3)

[original line 3581][portraitcontext.cpp:184] No gene with key: gene_dragon_highlight_value in group human at file: common/dna_data/test_dna_north.txt line: 3611 (Cassel_asoiaf_3)

[original line 3582][portraitcontext.cpp:184] No gene with key: gene_dragon_eye_hue in group human at file: common/dna_data/test_dna_north.txt line: 3612 (Cassel_asoiaf_3)

[original line 3583][portraitcontext.cpp:184] No gene with key: gene_dragon_eye_value in group human at file: common/dna_data/test_dna_north.txt line: 3613 (Cassel_asoiaf_3)

[original line 3584][portraitcontext.cpp:184] No gene with key: gene_dragon_horn_hue in group human at file: common/dna_data/test_dna_north.txt line: 3614 (Cassel_asoiaf_3)

[original line 3585][portraitcontext.cpp:184] No gene with key: gene_dragon_horn_value in group human at file: common/dna_data/test_dna_north.txt line: 3615 (Cassel_asoiaf_3)

[original line 3586][portraitcontext.cpp:184] No gene with key: gene_eye_size in group human at file: common/dna_data/test_dna_north.txt line: 3748 (Cassel_asoiaf_3)

[original line 3587][portraitcontext.cpp:184] No gene with key: gene_eye_shut_top in group human at file: common/dna_data/test_dna_north.txt line: 3749 (Cassel_asoiaf_3)

[original line 3588][portraitcontext.cpp:184] No gene with key: gene_eye_shut_bottom in group human at file: common/dna_data/test_dna_north.txt line: 3750 (Cassel_asoiaf_3)

[original line 3589][portraitcontext.cpp:184] No gene with key: gene_forehead_inner_brow_width in group human at file: common/dna_data/test_dna_north.txt line: 3756 (Cassel_asoiaf_3)

[original line 3590][portraitcontext.cpp:184] No gene with key: gene_bs_eye_fold_2 in group human at file: common/dna_data/test_dna_north.txt line: 3760 (Cassel_asoiaf_3)

[original line 3591][portraitcontext.cpp:184] No gene with key: gene_bs_head_round_shape in group human at file: common/dna_data/test_dna_north.txt line: 3763 (Cassel_asoiaf_3)

[original line 3622][portraitcontext.cpp:184] No gene with key: gene_dragon_skin_hue in group human at file: common/dna_data/test_dna_north.txt line: 3893 (Cassel_asoiaf_4)

[original line 3623][portraitcontext.cpp:184] No gene with key: gene_dragon_skin_value in group human at file: common/dna_data/test_dna_north.txt line: 3894 (Cassel_asoiaf_4)

[original line 3624][portraitcontext.cpp:184] No gene with key: gene_dragon_highlight_hue in group human at file: common/dna_data/test_dna_north.txt line: 3895 (Cassel_asoiaf_4)

[original line 3625][portraitcontext.cpp:184] No gene with key: gene_dragon_highlight_value in group human at file: common/dna_data/test_dna_north.txt line: 3896 (Cassel_asoiaf_4)

[original line 3626][portraitcontext.cpp:184] No gene with key: gene_dragon_eye_hue in group human at file: common/dna_data/test_dna_north.txt line: 3897 (Cassel_asoiaf_4)

[original line 3627][portraitcontext.cpp:184] No gene with key: gene_dragon_eye_value in group human at file: common/dna_data/test_dna_north.txt line: 3898 (Cassel_asoiaf_4)

[original line 3628][portraitcontext.cpp:184] No gene with key: gene_dragon_horn_hue in group human at file: common/dna_data/test_dna_north.txt line: 3899 (Cassel_asoiaf_4)

[original line 3629][portraitcontext.cpp:184] No gene with key: gene_dragon_horn_value in group human at file: common/dna_data/test_dna_north.txt line: 3900 (Cassel_asoiaf_4)

[original line 3630][portraitcontext.cpp:184] No gene with key: gene_bs_head_round_shape in group human at file: common/dna_data/test_dna_north.txt line: 3938 (Cassel_asoiaf_4)

[original line 3687][portraitcontext.cpp:184] No gene with key: gene_dragon_skin_hue in group human at file: common/dna_data/test_dna_north.txt line: 4520 (Bolton_asoiaf_1)

[original line 3688][portraitcontext.cpp:184] No gene with key: gene_dragon_skin_value in group human at file: common/dna_data/test_dna_north.txt line: 4521 (Bolton_asoiaf_1)

[original line 3689][portraitcontext.cpp:184] No gene with key: gene_dragon_highlight_hue in group human at file: common/dna_data/test_dna_north.txt line: 4522 (Bolton_asoiaf_1)

[original line 3690][portraitcontext.cpp:184] No gene with key: gene_dragon_highlight_value in group human at file: common/dna_data/test_dna_north.txt line: 4523 (Bolton_asoiaf_1)

[original line 3691][portraitcontext.cpp:184] No gene with key: gene_dragon_eye_hue in group human at file: common/dna_data/test_dna_north.txt line: 4524 (Bolton_asoiaf_1)

[original line 3692][portraitcontext.cpp:184] No gene with key: gene_dragon_eye_value in group human at file: common/dna_data/test_dna_north.txt line: 4525 (Bolton_asoiaf_1)

[original line 3693][portraitcontext.cpp:184] No gene with key: gene_dragon_horn_hue in group human at file: common/dna_data/test_dna_north.txt line: 4526 (Bolton_asoiaf_1)

[original line 3694][portraitcontext.cpp:184] No gene with key: gene_dragon_horn_value in group human at file: common/dna_data/test_dna_north.txt line: 4527 (Bolton_asoiaf_1)

[original line 3695][portraitcontext.cpp:184] No gene with key: gene_eye_size in group human at file: common/dna_data/test_dna_north.txt line: 4660 (Bolton_asoiaf_1)

[original line 3696][portraitcontext.cpp:184] No gene with key: gene_eye_shut_top in group human at file: common/dna_data/test_dna_north.txt line: 4661 (Bolton_asoiaf_1)

[original line 3697][portraitcontext.cpp:184] No gene with key: gene_eye_shut_bottom in group human at file: common/dna_data/test_dna_north.txt line: 4662 (Bolton_asoiaf_1)

[original line 3698][portraitcontext.cpp:184] No gene with key: gene_forehead_inner_brow_width in group human at file: common/dna_data/test_dna_north.txt line: 4668 (Bolton_asoiaf_1)

[original line 3699][portraitcontext.cpp:184] No gene with key: gene_bs_eye_fold_2 in group human at file: common/dna_data/test_dna_north.txt line: 4672 (Bolton_asoiaf_1)

[original line 3700][portraitcontext.cpp:184] No gene with key: gene_bs_head_round_shape in group human at file: common/dna_data/test_dna_north.txt line: 4675 (Bolton_asoiaf_1)

[original line 3731][portraitcontext.cpp:184] No gene with key: gene_dragon_skin_hue in group human at file: common/dna_data/test_dna_north.txt line: 4699 (Bolton_asoiaf_4)

[original line 3732][portraitcontext.cpp:184] No gene with key: gene_dragon_skin_value in group human at file: common/dna_data/test_dna_north.txt line: 4700 (Bolton_asoiaf_4)

[original line 3733][portraitcontext.cpp:184] No gene with key: gene_dragon_highlight_hue in group human at file: common/dna_data/test_dna_north.txt line: 4701 (Bolton_asoiaf_4)

[original line 3734][portraitcontext.cpp:184] No gene with key: gene_dragon_highlight_value in group human at file: common/dna_data/test_dna_north.txt line: 4702 (Bolton_asoiaf_4)

[original line 3735][portraitcontext.cpp:184] No gene with key: gene_dragon_eye_hue in group human at file: common/dna_data/test_dna_north.txt line: 4703 (Bolton_asoiaf_4)

[original line 3736][portraitcontext.cpp:184] No gene with key: gene_dragon_eye_value in group human at file: common/dna_data/test_dna_north.txt line: 4704 (Bolton_asoiaf_4)

[original line 3737][portraitcontext.cpp:184] No gene with key: gene_dragon_horn_hue in group human at file: common/dna_data/test_dna_north.txt line: 4705 (Bolton_asoiaf_4)

[original line 3738][portraitcontext.cpp:184] No gene with key: gene_dragon_horn_value in group human at file: common/dna_data/test_dna_north.txt line: 4706 (Bolton_asoiaf_4)

[original line 3739][portraitcontext.cpp:184] No gene with key: gene_eye_size in group human at file: common/dna_data/test_dna_north.txt line: 4839 (Bolton_asoiaf_4)

[original line 3740][portraitcontext.cpp:184] No gene with key: gene_eye_shut_top in group human at file: common/dna_data/test_dna_north.txt line: 4840 (Bolton_asoiaf_4)

[original line 3741][portraitcontext.cpp:184] No gene with key: gene_eye_shut_bottom in group human at file: common/dna_data/test_dna_north.txt line: 4841 (Bolton_asoiaf_4)

[original line 3742][portraitcontext.cpp:184] No gene with key: gene_forehead_inner_brow_width in group human at file: common/dna_data/test_dna_north.txt line: 4847 (Bolton_asoiaf_4)

[original line 3743][portraitcontext.cpp:184] No gene with key: gene_bs_eye_fold_2 in group human at file: common/dna_data/test_dna_north.txt line: 4851 (Bolton_asoiaf_4)

[original line 3744][portraitcontext.cpp:184] No gene with key: gene_bs_head_round_shape in group human at file: common/dna_data/test_dna_north.txt line: 4854 (Bolton_asoiaf_4)

[original line 3775][portraitcontext.cpp:184] No gene with key: gene_dragon_skin_hue in group human at file: common/dna_data/test_dna_north.txt line: 4878 (Bolton_asoiaf_5)

[original line 3776][portraitcontext.cpp:184] No gene with key: gene_dragon_skin_value in group human at file: common/dna_data/test_dna_north.txt line: 4879 (Bolton_asoiaf_5)

[original line 3777][portraitcontext.cpp:184] No gene with key: gene_dragon_highlight_hue in group human at file: common/dna_data/test_dna_north.txt line: 4880 (Bolton_asoiaf_5)

[original line 3778][portraitcontext.cpp:184] No gene with key: gene_dragon_highlight_value in group human at file: common/dna_data/test_dna_north.txt line: 4881 (Bolton_asoiaf_5)

[original line 3779][portraitcontext.cpp:184] No gene with key: gene_dragon_eye_hue in group human at file: common/dna_data/test_dna_north.txt line: 4882 (Bolton_asoiaf_5)

[original line 3780][portraitcontext.cpp:184] No gene with key: gene_dragon_eye_value in group human at file: common/dna_data/test_dna_north.txt line: 4883 (Bolton_asoiaf_5)

[original line 3781][portraitcontext.cpp:184] No gene with key: gene_dragon_horn_hue in group human at file: common/dna_data/test_dna_north.txt line: 4884 (Bolton_asoiaf_5)

[original line 3782][portraitcontext.cpp:184] No gene with key: gene_dragon_horn_value in group human at file: common/dna_data/test_dna_north.txt line: 4885 (Bolton_asoiaf_5)

[original line 3783][portraitcontext.cpp:184] No gene with key: gene_eye_size in group human at file: common/dna_data/test_dna_north.txt line: 5018 (Bolton_asoiaf_5)

[original line 3784][portraitcontext.cpp:184] No gene with key: gene_eye_shut_top in group human at file: common/dna_data/test_dna_north.txt line: 5019 (Bolton_asoiaf_5)

[original line 3785][portraitcontext.cpp:184] No gene with key: gene_eye_shut_bottom in group human at file: common/dna_data/test_dna_north.txt line: 5020 (Bolton_asoiaf_5)

[original line 3786][portraitcontext.cpp:184] No gene with key: gene_forehead_inner_brow_width in group human at file: common/dna_data/test_dna_north.txt line: 5026 (Bolton_asoiaf_5)

[original line 3787][portraitcontext.cpp:184] No gene with key: gene_bs_eye_fold_2 in group human at file: common/dna_data/test_dna_north.txt line: 5030 (Bolton_asoiaf_5)

[original line 3788][portraitcontext.cpp:184] No gene with key: gene_bs_head_round_shape in group human at file: common/dna_data/test_dna_north.txt line: 5033 (Bolton_asoiaf_5)

[original line 3819][portraitcontext.cpp:184] No gene with key: gene_dragon_skin_hue in group human at file: common/dna_data/test_dna_north.txt line: 5057 (Mormont_asoiaf_2)

[original line 3820][portraitcontext.cpp:184] No gene with key: gene_dragon_skin_value in group human at file: common/dna_data/test_dna_north.txt line: 5058 (Mormont_asoiaf_2)

[original line 3821][portraitcontext.cpp:184] No gene with key: gene_dragon_highlight_hue in group human at file: common/dna_data/test_dna_north.txt line: 5059 (Mormont_asoiaf_2)

[original line 3822][portraitcontext.cpp:184] No gene with key: gene_dragon_highlight_value in group human at file: common/dna_data/test_dna_north.txt line: 5060 (Mormont_asoiaf_2)

[original line 3823][portraitcontext.cpp:184] No gene with key: gene_dragon_eye_hue in group human at file: common/dna_data/test_dna_north.txt line: 5061 (Mormont_asoiaf_2)

[original line 3824][portraitcontext.cpp:184] No gene with key: gene_dragon_eye_value in group human at file: common/dna_data/test_dna_north.txt line: 5062 (Mormont_asoiaf_2)

[original line 3825][portraitcontext.cpp:184] No gene with key: gene_dragon_horn_hue in group human at file: common/dna_data/test_dna_north.txt line: 5063 (Mormont_asoiaf_2)

[original line 3826][portraitcontext.cpp:184] No gene with key: gene_dragon_horn_value in group human at file: common/dna_data/test_dna_north.txt line: 5064 (Mormont_asoiaf_2)

[original line 3827][portraitcontext.cpp:184] No gene with key: gene_eye_size in group human at file: common/dna_data/test_dna_north.txt line: 5197 (Mormont_asoiaf_2)

[original line 3828][portraitcontext.cpp:184] No gene with key: gene_eye_shut_top in group human at file: common/dna_data/test_dna_north.txt line: 5198 (Mormont_asoiaf_2)

[original line 3829][portraitcontext.cpp:184] No gene with key: gene_eye_shut_bottom in group human at file: common/dna_data/test_dna_north.txt line: 5199 (Mormont_asoiaf_2)

[original line 3830][portraitcontext.cpp:184] No gene with key: gene_forehead_inner_brow_width in group human at file: common/dna_data/test_dna_north.txt line: 5205 (Mormont_asoiaf_2)

[original line 3831][portraitcontext.cpp:184] No gene with key: gene_bs_eye_fold_2 in group human at file: common/dna_data/test_dna_north.txt line: 5209 (Mormont_asoiaf_2)

[original line 3832][portraitcontext.cpp:184] No gene with key: gene_bs_head_round_shape in group human at file: common/dna_data/test_dna_north.txt line: 5212 (Mormont_asoiaf_2)

[original line 3863][portraitcontext.cpp:184] No gene with key: gene_dragon_skin_hue in group human at file: common/dna_data/test_dna_north.txt line: 5236 (Mormont_asoiaf_3)

[original line 3864][portraitcontext.cpp:184] No gene with key: gene_dragon_skin_value in group human at file: common/dna_data/test_dna_north.txt line: 5237 (Mormont_asoiaf_3)

[original line 3865][portraitcontext.cpp:184] No gene with key: gene_dragon_highlight_hue in group human at file: common/dna_data/test_dna_north.txt line: 5238 (Mormont_asoiaf_3)

[original line 3866][portraitcontext.cpp:184] No gene with key: gene_dragon_highlight_value in group human at file: common/dna_data/test_dna_north.txt line: 5239 (Mormont_asoiaf_3)

[original line 3867][portraitcontext.cpp:184] No gene with key: gene_dragon_eye_hue in group human at file: common/dna_data/test_dna_north.txt line: 5240 (Mormont_asoiaf_3)

[original line 3868][portraitcontext.cpp:184] No gene with key: gene_dragon_eye_value in group human at file: common/dna_data/test_dna_north.txt line: 5241 (Mormont_asoiaf_3)

[original line 3869][portraitcontext.cpp:184] No gene with key: gene_dragon_horn_hue in group human at file: common/dna_data/test_dna_north.txt line: 5242 (Mormont_asoiaf_3)

[original line 3870][portraitcontext.cpp:184] No gene with key: gene_dragon_horn_value in group human at file: common/dna_data/test_dna_north.txt line: 5243 (Mormont_asoiaf_3)

[original line 3871][portraitcontext.cpp:184] No gene with key: gene_eye_size in group human at file: common/dna_data/test_dna_north.txt line: 5376 (Mormont_asoiaf_3)

[original line 3872][portraitcontext.cpp:184] No gene with key: gene_eye_shut_top in group human at file: common/dna_data/test_dna_north.txt line: 5377 (Mormont_asoiaf_3)

[original line 3873][portraitcontext.cpp:184] No gene with key: gene_eye_shut_bottom in group human at file: common/dna_data/test_dna_north.txt line: 5378 (Mormont_asoiaf_3)

[original line 3874][portraitcontext.cpp:184] No gene with key: gene_forehead_inner_brow_width in group human at file: common/dna_data/test_dna_north.txt line: 5384 (Mormont_asoiaf_3)

[original line 3875][portraitcontext.cpp:184] No gene with key: gene_bs_eye_fold_2 in group human at file: common/dna_data/test_dna_north.txt line: 5388 (Mormont_asoiaf_3)

[original line 3876][portraitcontext.cpp:184] No gene with key: gene_bs_head_round_shape in group human at file: common/dna_data/test_dna_north.txt line: 5391 (Mormont_asoiaf_3)

[original line 3907][portraitcontext.cpp:184] No gene with key: gene_dragon_skin_hue in group human at file: common/dna_data/test_dna_north.txt line: 5415 (Manderly_asoiaf_6)

[original line 3908][portraitcontext.cpp:184] No gene with key: gene_dragon_skin_value in group human at file: common/dna_data/test_dna_north.txt line: 5416 (Manderly_asoiaf_6)

[original line 3909][portraitcontext.cpp:184] No gene with key: gene_dragon_highlight_hue in group human at file: common/dna_data/test_dna_north.txt line: 5417 (Manderly_asoiaf_6)

[original line 3910][portraitcontext.cpp:184] No gene with key: gene_dragon_highlight_value in group human at file: common/dna_data/test_dna_north.txt line: 5418 (Manderly_asoiaf_6)

[original line 3911][portraitcontext.cpp:184] No gene with key: gene_dragon_eye_hue in group human at file: common/dna_data/test_dna_north.txt line: 5419 (Manderly_asoiaf_6)

[original line 3912][portraitcontext.cpp:184] No gene with key: gene_dragon_eye_value in group human at file: common/dna_data/test_dna_north.txt line: 5420 (Manderly_asoiaf_6)

[original line 3913][portraitcontext.cpp:184] No gene with key: gene_dragon_horn_hue in group human at file: common/dna_data/test_dna_north.txt line: 5421 (Manderly_asoiaf_6)

[original line 3914][portraitcontext.cpp:184] No gene with key: gene_dragon_horn_value in group human at file: common/dna_data/test_dna_north.txt line: 5422 (Manderly_asoiaf_6)

[original line 3915][portraitcontext.cpp:184] No gene with key: gene_bs_eye_fold_2 in group human at file: common/dna_data/test_dna_north.txt line: 5565 (Manderly_asoiaf_6)

[original line 3916][portraitcontext.cpp:184] No gene with key: gene_bs_head_round_shape in group human at file: common/dna_data/test_dna_north.txt line: 5568 (Manderly_asoiaf_6)

[original line 3943][portraitcontext.cpp:184] No gene with key: gene_dragon_skin_hue in group human at file: common/dna_data/test_dna_north.txt line: 5594 (Manderly_asoiaf_7)

[original line 3944][portraitcontext.cpp:184] No gene with key: gene_dragon_skin_value in group human at file: common/dna_data/test_dna_north.txt line: 5595 (Manderly_asoiaf_7)

[original line 3945][portraitcontext.cpp:184] No gene with key: gene_dragon_highlight_hue in group human at file: common/dna_data/test_dna_north.txt line: 5596 (Manderly_asoiaf_7)

[original line 3946][portraitcontext.cpp:184] No gene with key: gene_dragon_highlight_value in group human at file: common/dna_data/test_dna_north.txt line: 5597 (Manderly_asoiaf_7)

[original line 3947][portraitcontext.cpp:184] No gene with key: gene_dragon_eye_hue in group human at file: common/dna_data/test_dna_north.txt line: 5598 (Manderly_asoiaf_7)

[original line 3948][portraitcontext.cpp:184] No gene with key: gene_dragon_eye_value in group human at file: common/dna_data/test_dna_north.txt line: 5599 (Manderly_asoiaf_7)

[original line 3949][portraitcontext.cpp:184] No gene with key: gene_dragon_horn_hue in group human at file: common/dna_data/test_dna_north.txt line: 5600 (Manderly_asoiaf_7)

[original line 3950][portraitcontext.cpp:184] No gene with key: gene_dragon_horn_value in group human at file: common/dna_data/test_dna_north.txt line: 5601 (Manderly_asoiaf_7)

[original line 3951][portraitcontext.cpp:184] No gene with key: gene_bs_eye_fold_2 in group human at file: common/dna_data/test_dna_north.txt line: 5744 (Manderly_asoiaf_7)

[original line 3952][portraitcontext.cpp:184] No gene with key: gene_bs_head_round_shape in group human at file: common/dna_data/test_dna_north.txt line: 5747 (Manderly_asoiaf_7)

[original line 3979][portraitcontext.cpp:184] No gene with key: gene_dragon_skin_hue in group human at file: common/dna_data/test_dna_north.txt line: 5773 (Manderly_asoiaf_8)

[original line 3980][portraitcontext.cpp:184] No gene with key: gene_dragon_skin_value in group human at file: common/dna_data/test_dna_north.txt line: 5774 (Manderly_asoiaf_8)

[original line 3981][portraitcontext.cpp:184] No gene with key: gene_dragon_highlight_hue in group human at file: common/dna_data/test_dna_north.txt line: 5775 (Manderly_asoiaf_8)

[original line 3982][portraitcontext.cpp:184] No gene with key: gene_dragon_highlight_value in group human at file: common/dna_data/test_dna_north.txt line: 5776 (Manderly_asoiaf_8)

[original line 3983][portraitcontext.cpp:184] No gene with key: gene_dragon_eye_hue in group human at file: common/dna_data/test_dna_north.txt line: 5777 (Manderly_asoiaf_8)

[original line 3984][portraitcontext.cpp:184] No gene with key: gene_dragon_eye_value in group human at file: common/dna_data/test_dna_north.txt line: 5778 (Manderly_asoiaf_8)

[original line 3985][portraitcontext.cpp:184] No gene with key: gene_dragon_horn_hue in group human at file: common/dna_data/test_dna_north.txt line: 5779 (Manderly_asoiaf_8)

[original line 3986][portraitcontext.cpp:184] No gene with key: gene_dragon_horn_value in group human at file: common/dna_data/test_dna_north.txt line: 5780 (Manderly_asoiaf_8)

[original line 3987][portraitcontext.cpp:184] No gene with key: gene_bs_eye_fold_2 in group human at file: common/dna_data/test_dna_north.txt line: 5923 (Manderly_asoiaf_8)

[original line 3988][portraitcontext.cpp:184] No gene with key: gene_bs_head_round_shape in group human at file: common/dna_data/test_dna_north.txt line: 5926 (Manderly_asoiaf_8)

[original line 4025][portraitcontext.cpp:184] No gene with key: gene_dragon_skin_hue in group human at file: common/dna_data/test_dna_north.txt line: 6137 (Forrester_asoiaf_2)

[original line 4026][portraitcontext.cpp:184] No gene with key: gene_dragon_skin_value in group human at file: common/dna_data/test_dna_north.txt line: 6138 (Forrester_asoiaf_2)

[original line 4027][portraitcontext.cpp:184] No gene with key: gene_dragon_highlight_hue in group human at file: common/dna_data/test_dna_north.txt line: 6139 (Forrester_asoiaf_2)

[original line 4028][portraitcontext.cpp:184] No gene with key: gene_dragon_highlight_value in group human at file: common/dna_data/test_dna_north.txt line: 6140 (Forrester_asoiaf_2)

[original line 4029][portraitcontext.cpp:184] No gene with key: gene_dragon_eye_hue in group human at file: common/dna_data/test_dna_north.txt line: 6141 (Forrester_asoiaf_2)

[original line 4030][portraitcontext.cpp:184] No gene with key: gene_dragon_eye_value in group human at file: common/dna_data/test_dna_north.txt line: 6142 (Forrester_asoiaf_2)

[original line 4031][portraitcontext.cpp:184] No gene with key: gene_dragon_horn_hue in group human at file: common/dna_data/test_dna_north.txt line: 6143 (Forrester_asoiaf_2)

[original line 4032][portraitcontext.cpp:184] No gene with key: gene_dragon_horn_value in group human at file: common/dna_data/test_dna_north.txt line: 6144 (Forrester_asoiaf_2)

[original line 4033][portraitcontext.cpp:184] No gene with key: gene_bs_eye_fold_2 in group human at file: common/dna_data/test_dna_north.txt line: 6287 (Forrester_asoiaf_2)

[original line 4034][portraitcontext.cpp:184] No gene with key: gene_bs_head_round_shape in group human at file: common/dna_data/test_dna_north.txt line: 6290 (Forrester_asoiaf_2)

[original line 4061][portraitcontext.cpp:184] No gene with key: gene_dragon_skin_hue in group human at file: common/dna_data/test_dna_north.txt line: 6316 (Forrester_asoiaf_3)

[original line 4062][portraitcontext.cpp:184] No gene with key: gene_dragon_skin_value in group human at file: common/dna_data/test_dna_north.txt line: 6317 (Forrester_asoiaf_3)

[original line 4063][portraitcontext.cpp:184] No gene with key: gene_dragon_highlight_hue in group human at file: common/dna_data/test_dna_north.txt line: 6318 (Forrester_asoiaf_3)

[original line 4064][portraitcontext.cpp:184] No gene with key: gene_dragon_highlight_value in group human at file: common/dna_data/test_dna_north.txt line: 6319 (Forrester_asoiaf_3)

[original line 4065][portraitcontext.cpp:184] No gene with key: gene_dragon_eye_hue in group human at file: common/dna_data/test_dna_north.txt line: 6320 (Forrester_asoiaf_3)

[original line 4066][portraitcontext.cpp:184] No gene with key: gene_dragon_eye_value in group human at file: common/dna_data/test_dna_north.txt line: 6321 (Forrester_asoiaf_3)

[original line 4067][portraitcontext.cpp:184] No gene with key: gene_dragon_horn_hue in group human at file: common/dna_data/test_dna_north.txt line: 6322 (Forrester_asoiaf_3)

[original line 4068][portraitcontext.cpp:184] No gene with key: gene_dragon_horn_value in group human at file: common/dna_data/test_dna_north.txt line: 6323 (Forrester_asoiaf_3)

[original line 4069][portraitcontext.cpp:184] No gene with key: gene_bs_eye_fold_2 in group human at file: common/dna_data/test_dna_north.txt line: 6466 (Forrester_asoiaf_3)

[original line 4070][portraitcontext.cpp:184] No gene with key: gene_bs_head_round_shape in group human at file: common/dna_data/test_dna_north.txt line: 6469 (Forrester_asoiaf_3)

[original line 4097][portraitcontext.cpp:184] No gene with key: gene_dragon_skin_hue in group human at file: common/dna_data/test_dna_north.txt line: 6495 (Forrester_asoiaf_4)

[original line 4098][portraitcontext.cpp:184] No gene with key: gene_dragon_skin_value in group human at file: common/dna_data/test_dna_north.txt line: 6496 (Forrester_asoiaf_4)

[original line 4099][portraitcontext.cpp:184] No gene with key: gene_dragon_highlight_hue in group human at file: common/dna_data/test_dna_north.txt line: 6497 (Forrester_asoiaf_4)

[original line 4100][portraitcontext.cpp:184] No gene with key: gene_dragon_highlight_value in group human at file: common/dna_data/test_dna_north.txt line: 6498 (Forrester_asoiaf_4)

[original line 4101][portraitcontext.cpp:184] No gene with key: gene_dragon_eye_hue in group human at file: common/dna_data/test_dna_north.txt line: 6499 (Forrester_asoiaf_4)

[original line 4102][portraitcontext.cpp:184] No gene with key: gene_dragon_eye_value in group human at file: common/dna_data/test_dna_north.txt line: 6500 (Forrester_asoiaf_4)

[original line 4103][portraitcontext.cpp:184] No gene with key: gene_dragon_horn_hue in group human at file: common/dna_data/test_dna_north.txt line: 6501 (Forrester_asoiaf_4)

[original line 4104][portraitcontext.cpp:184] No gene with key: gene_dragon_horn_value in group human at file: common/dna_data/test_dna_north.txt line: 6502 (Forrester_asoiaf_4)

[original line 4105][portraitcontext.cpp:184] No gene with key: gene_bs_eye_fold_2 in group human at file: common/dna_data/test_dna_north.txt line: 6645 (Forrester_asoiaf_4)

[original line 4106][portraitcontext.cpp:184] No gene with key: gene_bs_head_round_shape in group human at file: common/dna_data/test_dna_north.txt line: 6648 (Forrester_asoiaf_4)

[original line 4133][portraitcontext.cpp:184] No gene with key: gene_dragon_skin_hue in group human at file: common/dna_data/test_dna_north.txt line: 6674 (Forrester_asoiaf_5)

[original line 4134][portraitcontext.cpp:184] No gene with key: gene_dragon_skin_value in group human at file: common/dna_data/test_dna_north.txt line: 6675 (Forrester_asoiaf_5)

[original line 4135][portraitcontext.cpp:184] No gene with key: gene_dragon_highlight_hue in group human at file: common/dna_data/test_dna_north.txt line: 6676 (Forrester_asoiaf_5)

[original line 4136][portraitcontext.cpp:184] No gene with key: gene_dragon_highlight_value in group human at file: common/dna_data/test_dna_north.txt line: 6677 (Forrester_asoiaf_5)

[original line 4137][portraitcontext.cpp:184] No gene with key: gene_dragon_eye_hue in group human at file: common/dna_data/test_dna_north.txt line: 6678 (Forrester_asoiaf_5)

[original line 4138][portraitcontext.cpp:184] No gene with key: gene_dragon_eye_value in group human at file: common/dna_data/test_dna_north.txt line: 6679 (Forrester_asoiaf_5)

[original line 4139][portraitcontext.cpp:184] No gene with key: gene_dragon_horn_hue in group human at file: common/dna_data/test_dna_north.txt line: 6680 (Forrester_asoiaf_5)

[original line 4140][portraitcontext.cpp:184] No gene with key: gene_dragon_horn_value in group human at file: common/dna_data/test_dna_north.txt line: 6681 (Forrester_asoiaf_5)

[original line 4141][portraitcontext.cpp:184] No gene with key: gene_bs_eye_fold_2 in group human at file: common/dna_data/test_dna_north.txt line: 6824 (Forrester_asoiaf_5)

[original line 4142][portraitcontext.cpp:184] No gene with key: gene_bs_head_round_shape in group human at file: common/dna_data/test_dna_north.txt line: 6827 (Forrester_asoiaf_5)

[original line 4169][portraitcontext.cpp:184] No gene with key: gene_dragon_skin_hue in group human at file: common/dna_data/test_dna_north.txt line: 6853 (Degore_asoiaf_1)

[original line 4170][portraitcontext.cpp:184] No gene with key: gene_dragon_skin_value in group human at file: common/dna_data/test_dna_north.txt line: 6854 (Degore_asoiaf_1)

[original line 4171][portraitcontext.cpp:184] No gene with key: gene_dragon_highlight_hue in group human at file: common/dna_data/test_dna_north.txt line: 6855 (Degore_asoiaf_1)

[original line 4172][portraitcontext.cpp:184] No gene with key: gene_dragon_highlight_value in group human at file: common/dna_data/test_dna_north.txt line: 6856 (Degore_asoiaf_1)

[original line 4173][portraitcontext.cpp:184] No gene with key: gene_dragon_eye_hue in group human at file: common/dna_data/test_dna_north.txt line: 6857 (Degore_asoiaf_1)

[original line 4174][portraitcontext.cpp:184] No gene with key: gene_dragon_eye_value in group human at file: common/dna_data/test_dna_north.txt line: 6858 (Degore_asoiaf_1)

[original line 4175][portraitcontext.cpp:184] No gene with key: gene_dragon_horn_hue in group human at file: common/dna_data/test_dna_north.txt line: 6859 (Degore_asoiaf_1)

[original line 4176][portraitcontext.cpp:184] No gene with key: gene_dragon_horn_value in group human at file: common/dna_data/test_dna_north.txt line: 6860 (Degore_asoiaf_1)

[original line 4177][portraitcontext.cpp:184] No gene with key: gene_bs_eye_fold_2 in group human at file: common/dna_data/test_dna_north.txt line: 7003 (Degore_asoiaf_1)

[original line 4178][portraitcontext.cpp:184] No gene with key: gene_bs_head_round_shape in group human at file: common/dna_data/test_dna_north.txt line: 7006 (Degore_asoiaf_1)

[original line 4205][portraitcontext.cpp:184] No gene with key: gene_dragon_skin_hue in group human at file: common/dna_data/test_dna_north.txt line: 7032 (Tuttle_asoiaf_4)

[original line 4206][portraitcontext.cpp:184] No gene with key: gene_dragon_skin_value in group human at file: common/dna_data/test_dna_north.txt line: 7033 (Tuttle_asoiaf_4)

[original line 4207][portraitcontext.cpp:184] No gene with key: gene_dragon_highlight_hue in group human at file: common/dna_data/test_dna_north.txt line: 7034 (Tuttle_asoiaf_4)

[original line 4208][portraitcontext.cpp:184] No gene with key: gene_dragon_highlight_value in group human at file: common/dna_data/test_dna_north.txt line: 7035 (Tuttle_asoiaf_4)

[original line 4209][portraitcontext.cpp:184] No gene with key: gene_dragon_eye_hue in group human at file: common/dna_data/test_dna_north.txt line: 7036 (Tuttle_asoiaf_4)

[original line 4210][portraitcontext.cpp:184] No gene with key: gene_dragon_eye_value in group human at file: common/dna_data/test_dna_north.txt line: 7037 (Tuttle_asoiaf_4)

[original line 4211][portraitcontext.cpp:184] No gene with key: gene_dragon_horn_hue in group human at file: common/dna_data/test_dna_north.txt line: 7038 (Tuttle_asoiaf_4)

[original line 4212][portraitcontext.cpp:184] No gene with key: gene_dragon_horn_value in group human at file: common/dna_data/test_dna_north.txt line: 7039 (Tuttle_asoiaf_4)

[original line 4213][portraitcontext.cpp:184] No gene with key: gene_bs_eye_fold_2 in group human at file: common/dna_data/test_dna_north.txt line: 7182 (Tuttle_asoiaf_4)

[original line 4214][portraitcontext.cpp:184] No gene with key: gene_bs_head_round_shape in group human at file: common/dna_data/test_dna_north.txt line: 7185 (Tuttle_asoiaf_4)

[original line 4241][portraitcontext.cpp:184] No gene with key: gene_dragon_skin_hue in group human at file: common/dna_data/test_dna_north.txt line: 7211 (Tuttle_asoiaf_5)

[original line 4242][portraitcontext.cpp:184] No gene with key: gene_dragon_skin_value in group human at file: common/dna_data/test_dna_north.txt line: 7212 (Tuttle_asoiaf_5)

[original line 4243][portraitcontext.cpp:184] No gene with key: gene_dragon_highlight_hue in group human at file: common/dna_data/test_dna_north.txt line: 7213 (Tuttle_asoiaf_5)

[original line 4244][portraitcontext.cpp:184] No gene with key: gene_dragon_highlight_value in group human at file: common/dna_data/test_dna_north.txt line: 7214 (Tuttle_asoiaf_5)

[original line 4245][portraitcontext.cpp:184] No gene with key: gene_dragon_eye_hue in group human at file: common/dna_data/test_dna_north.txt line: 7215 (Tuttle_asoiaf_5)

[original line 4246][portraitcontext.cpp:184] No gene with key: gene_dragon_eye_value in group human at file: common/dna_data/test_dna_north.txt line: 7216 (Tuttle_asoiaf_5)

[original line 4247][portraitcontext.cpp:184] No gene with key: gene_dragon_horn_hue in group human at file: common/dna_data/test_dna_north.txt line: 7217 (Tuttle_asoiaf_5)

[original line 4248][portraitcontext.cpp:184] No gene with key: gene_dragon_horn_value in group human at file: common/dna_data/test_dna_north.txt line: 7218 (Tuttle_asoiaf_5)

[original line 4249][portraitcontext.cpp:184] No gene with key: gene_bs_eye_fold_2 in group human at file: common/dna_data/test_dna_north.txt line: 7361 (Tuttle_asoiaf_5)

[original line 4250][portraitcontext.cpp:184] No gene with key: gene_bs_head_round_shape in group human at file: common/dna_data/test_dna_north.txt line: 7364 (Tuttle_asoiaf_5)

[original line 4277][portraitcontext.cpp:184] No gene with key: gene_dragon_skin_hue in group human at file: common/dna_data/test_dna_north.txt line: 7390 (Glover_asoiaf_4)

[original line 4278][portraitcontext.cpp:184] No gene with key: gene_dragon_skin_value in group human at file: common/dna_data/test_dna_north.txt line: 7391 (Glover_asoiaf_4)

[original line 4279][portraitcontext.cpp:184] No gene with key: gene_dragon_highlight_hue in group human at file: common/dna_data/test_dna_north.txt line: 7392 (Glover_asoiaf_4)

[original line 4280][portraitcontext.cpp:184] No gene with key: gene_dragon_highlight_value in group human at file: common/dna_data/test_dna_north.txt line: 7393 (Glover_asoiaf_4)

[original line 4281][portraitcontext.cpp:184] No gene with key: gene_dragon_eye_hue in group human at file: common/dna_data/test_dna_north.txt line: 7394 (Glover_asoiaf_4)

[original line 4282][portraitcontext.cpp:184] No gene with key: gene_dragon_eye_value in group human at file: common/dna_data/test_dna_north.txt line: 7395 (Glover_asoiaf_4)

[original line 4283][portraitcontext.cpp:184] No gene with key: gene_dragon_horn_hue in group human at file: common/dna_data/test_dna_north.txt line: 7396 (Glover_asoiaf_4)

[original line 4284][portraitcontext.cpp:184] No gene with key: gene_dragon_horn_value in group human at file: common/dna_data/test_dna_north.txt line: 7397 (Glover_asoiaf_4)

[original line 4285][portraitcontext.cpp:184] No gene with key: gene_bs_eye_fold_2 in group human at file: common/dna_data/test_dna_north.txt line: 7540 (Glover_asoiaf_4)

[original line 4286][portraitcontext.cpp:184] No gene with key: gene_bs_head_round_shape in group human at file: common/dna_data/test_dna_north.txt line: 7543 (Glover_asoiaf_4)

[original line 4313][portraitcontext.cpp:184] No gene with key: gene_dragon_skin_hue in group human at file: common/dna_data/test_dna_north.txt line: 7569 (Glover_asoiaf_5)

[original line 4314][portraitcontext.cpp:184] No gene with key: gene_dragon_skin_value in group human at file: common/dna_data/test_dna_north.txt line: 7570 (Glover_asoiaf_5)

[original line 4315][portraitcontext.cpp:184] No gene with key: gene_dragon_highlight_hue in group human at file: common/dna_data/test_dna_north.txt line: 7571 (Glover_asoiaf_5)

[original line 4316][portraitcontext.cpp:184] No gene with key: gene_dragon_highlight_value in group human at file: common/dna_data/test_dna_north.txt line: 7572 (Glover_asoiaf_5)

[original line 4317][portraitcontext.cpp:184] No gene with key: gene_dragon_eye_hue in group human at file: common/dna_data/test_dna_north.txt line: 7573 (Glover_asoiaf_5)

[original line 4318][portraitcontext.cpp:184] No gene with key: gene_dragon_eye_value in group human at file: common/dna_data/test_dna_north.txt line: 7574 (Glover_asoiaf_5)

[original line 4319][portraitcontext.cpp:184] No gene with key: gene_dragon_horn_hue in group human at file: common/dna_data/test_dna_north.txt line: 7575 (Glover_asoiaf_5)

[original line 4320][portraitcontext.cpp:184] No gene with key: gene_dragon_horn_value in group human at file: common/dna_data/test_dna_north.txt line: 7576 (Glover_asoiaf_5)

[original line 4321][portraitcontext.cpp:184] No gene with key: gene_bs_eye_fold_2 in group human at file: common/dna_data/test_dna_north.txt line: 7719 (Glover_asoiaf_5)

[original line 4322][portraitcontext.cpp:184] No gene with key: gene_bs_head_round_shape in group human at file: common/dna_data/test_dna_north.txt line: 7722 (Glover_asoiaf_5)

[original line 4349][portraitcontext.cpp:184] No gene with key: gene_dragon_skin_hue in group human at file: common/dna_data/test_dna_north.txt line: 7748 (Whitehill_asoiaf_1)

[original line 4350][portraitcontext.cpp:184] No gene with key: gene_dragon_skin_value in group human at file: common/dna_data/test_dna_north.txt line: 7749 (Whitehill_asoiaf_1)

[original line 4351][portraitcontext.cpp:184] No gene with key: gene_dragon_highlight_hue in group human at file: common/dna_data/test_dna_north.txt line: 7750 (Whitehill_asoiaf_1)

[original line 4352][portraitcontext.cpp:184] No gene with key: gene_dragon_highlight_value in group human at file: common/dna_data/test_dna_north.txt line: 7751 (Whitehill_asoiaf_1)

[original line 4353][portraitcontext.cpp:184] No gene with key: gene_dragon_eye_hue in group human at file: common/dna_data/test_dna_north.txt line: 7752 (Whitehill_asoiaf_1)

[original line 4354][portraitcontext.cpp:184] No gene with key: gene_dragon_eye_value in group human at file: common/dna_data/test_dna_north.txt line: 7753 (Whitehill_asoiaf_1)

[original line 4355][portraitcontext.cpp:184] No gene with key: gene_dragon_horn_hue in group human at file: common/dna_data/test_dna_north.txt line: 7754 (Whitehill_asoiaf_1)

[original line 4356][portraitcontext.cpp:184] No gene with key: gene_dragon_horn_value in group human at file: common/dna_data/test_dna_north.txt line: 7755 (Whitehill_asoiaf_1)

[original line 4357][portraitcontext.cpp:184] No gene with key: gene_bs_eye_fold_2 in group human at file: common/dna_data/test_dna_north.txt line: 7898 (Whitehill_asoiaf_1)

[original line 4358][portraitcontext.cpp:184] No gene with key: gene_bs_head_round_shape in group human at file: common/dna_data/test_dna_north.txt line: 7901 (Whitehill_asoiaf_1)

[original line 4385][portraitcontext.cpp:184] No gene with key: gene_dragon_skin_hue in group human at file: common/dna_data/test_dna_north.txt line: 7927 (Whitehill_asoiaf_5)

[original line 4386][portraitcontext.cpp:184] No gene with key: gene_dragon_skin_value in group human at file: common/dna_data/test_dna_north.txt line: 7928 (Whitehill_asoiaf_5)

[original line 4387][portraitcontext.cpp:184] No gene with key: gene_dragon_highlight_hue in group human at file: common/dna_data/test_dna_north.txt line: 7929 (Whitehill_asoiaf_5)

[original line 4388][portraitcontext.cpp:184] No gene with key: gene_dragon_highlight_value in group human at file: common/dna_data/test_dna_north.txt line: 7930 (Whitehill_asoiaf_5)

[original line 4389][portraitcontext.cpp:184] No gene with key: gene_dragon_eye_hue in group human at file: common/dna_data/test_dna_north.txt line: 7931 (Whitehill_asoiaf_5)

[original line 4390][portraitcontext.cpp:184] No gene with key: gene_dragon_eye_value in group human at file: common/dna_data/test_dna_north.txt line: 7932 (Whitehill_asoiaf_5)

[original line 4391][portraitcontext.cpp:184] No gene with key: gene_dragon_horn_hue in group human at file: common/dna_data/test_dna_north.txt line: 7933 (Whitehill_asoiaf_5)

[original line 4392][portraitcontext.cpp:184] No gene with key: gene_dragon_horn_value in group human at file: common/dna_data/test_dna_north.txt line: 7934 (Whitehill_asoiaf_5)

[original line 4393][portraitcontext.cpp:184] No gene with key: gene_bs_eye_fold_2 in group human at file: common/dna_data/test_dna_north.txt line: 8077 (Whitehill_asoiaf_5)

[original line 4394][portraitcontext.cpp:184] No gene with key: gene_bs_head_round_shape in group human at file: common/dna_data/test_dna_north.txt line: 8080 (Whitehill_asoiaf_5)

[original line 4431][portraitcontext.cpp:184] No gene with key: gene_dragon_skin_hue in group human at file: common/dna_data/test_dna_reach.txt line: 193 (Tyrell_asoiaf_8)

[original line 4432][portraitcontext.cpp:184] No gene with key: gene_dragon_skin_value in group human at file: common/dna_data/test_dna_reach.txt line: 194 (Tyrell_asoiaf_8)

[original line 4433][portraitcontext.cpp:184] No gene with key: gene_dragon_highlight_hue in group human at file: common/dna_data/test_dna_reach.txt line: 195 (Tyrell_asoiaf_8)

[original line 4434][portraitcontext.cpp:184] No gene with key: gene_dragon_highlight_value in group human at file: common/dna_data/test_dna_reach.txt line: 196 (Tyrell_asoiaf_8)

[original line 4435][portraitcontext.cpp:184] No gene with key: gene_dragon_eye_hue in group human at file: common/dna_data/test_dna_reach.txt line: 197 (Tyrell_asoiaf_8)

[original line 4436][portraitcontext.cpp:184] No gene with key: gene_dragon_eye_value in group human at file: common/dna_data/test_dna_reach.txt line: 198 (Tyrell_asoiaf_8)

[original line 4437][portraitcontext.cpp:184] No gene with key: gene_dragon_horn_hue in group human at file: common/dna_data/test_dna_reach.txt line: 199 (Tyrell_asoiaf_8)

[original line 4438][portraitcontext.cpp:184] No gene with key: gene_dragon_horn_value in group human at file: common/dna_data/test_dna_reach.txt line: 200 (Tyrell_asoiaf_8)

[original line 4439][portraitcontext.cpp:184] No gene with key: gene_eye_size in group human at file: common/dna_data/test_dna_reach.txt line: 333 (Tyrell_asoiaf_8)

[original line 4440][portraitcontext.cpp:184] No gene with key: gene_eye_shut_top in group human at file: common/dna_data/test_dna_reach.txt line: 334 (Tyrell_asoiaf_8)

[original line 4441][portraitcontext.cpp:184] No gene with key: gene_eye_shut_bottom in group human at file: common/dna_data/test_dna_reach.txt line: 335 (Tyrell_asoiaf_8)

[original line 4442][portraitcontext.cpp:184] No gene with key: gene_forehead_inner_brow_width in group human at file: common/dna_data/test_dna_reach.txt line: 341 (Tyrell_asoiaf_8)

[original line 4443][portraitcontext.cpp:184] No gene with key: gene_bs_eye_fold_2 in group human at file: common/dna_data/test_dna_reach.txt line: 345 (Tyrell_asoiaf_8)

[original line 4444][portraitcontext.cpp:184] No gene with key: gene_bs_head_round_shape in group human at file: common/dna_data/test_dna_reach.txt line: 348 (Tyrell_asoiaf_8)

[original line 4475][portraitcontext.cpp:184] No gene with key: gene_dragon_skin_hue in group human at file: common/dna_data/test_dna_reach.txt line: 372 (Tyrell_asoiaf_11)

[original line 4476][portraitcontext.cpp:184] No gene with key: gene_dragon_skin_value in group human at file: common/dna_data/test_dna_reach.txt line: 373 (Tyrell_asoiaf_11)

[original line 4477][portraitcontext.cpp:184] No gene with key: gene_dragon_highlight_hue in group human at file: common/dna_data/test_dna_reach.txt line: 374 (Tyrell_asoiaf_11)

[original line 4478][portraitcontext.cpp:184] No gene with key: gene_dragon_highlight_value in group human at file: common/dna_data/test_dna_reach.txt line: 375 (Tyrell_asoiaf_11)

[original line 4479][portraitcontext.cpp:184] No gene with key: gene_dragon_eye_hue in group human at file: common/dna_data/test_dna_reach.txt line: 376 (Tyrell_asoiaf_11)

[original line 4480][portraitcontext.cpp:184] No gene with key: gene_dragon_eye_value in group human at file: common/dna_data/test_dna_reach.txt line: 377 (Tyrell_asoiaf_11)

[original line 4481][portraitcontext.cpp:184] No gene with key: gene_dragon_horn_hue in group human at file: common/dna_data/test_dna_reach.txt line: 378 (Tyrell_asoiaf_11)

[original line 4482][portraitcontext.cpp:184] No gene with key: gene_dragon_horn_value in group human at file: common/dna_data/test_dna_reach.txt line: 379 (Tyrell_asoiaf_11)

[original line 4483][portraitcontext.cpp:184] No gene with key: gene_eye_size in group human at file: common/dna_data/test_dna_reach.txt line: 512 (Tyrell_asoiaf_11)

[original line 4484][portraitcontext.cpp:184] No gene with key: gene_eye_shut_top in group human at file: common/dna_data/test_dna_reach.txt line: 513 (Tyrell_asoiaf_11)

[original line 4485][portraitcontext.cpp:184] No gene with key: gene_eye_shut_bottom in group human at file: common/dna_data/test_dna_reach.txt line: 514 (Tyrell_asoiaf_11)

[original line 4486][portraitcontext.cpp:184] No gene with key: gene_forehead_inner_brow_width in group human at file: common/dna_data/test_dna_reach.txt line: 520 (Tyrell_asoiaf_11)

[original line 4487][portraitcontext.cpp:184] No gene with key: gene_bs_eye_fold_2 in group human at file: common/dna_data/test_dna_reach.txt line: 524 (Tyrell_asoiaf_11)

[original line 4488][portraitcontext.cpp:184] No gene with key: gene_bs_head_round_shape in group human at file: common/dna_data/test_dna_reach.txt line: 527 (Tyrell_asoiaf_11)

[original line 4519][portraitcontext.cpp:184] No gene with key: gene_dragon_skin_hue in group human at file: common/dna_data/test_dna_reach.txt line: 551 (Tyrell_asoiaf_12)

[original line 4520][portraitcontext.cpp:184] No gene with key: gene_dragon_skin_value in group human at file: common/dna_data/test_dna_reach.txt line: 552 (Tyrell_asoiaf_12)

[original line 4521][portraitcontext.cpp:184] No gene with key: gene_dragon_highlight_hue in group human at file: common/dna_data/test_dna_reach.txt line: 553 (Tyrell_asoiaf_12)

[original line 4522][portraitcontext.cpp:184] No gene with key: gene_dragon_highlight_value in group human at file: common/dna_data/test_dna_reach.txt line: 554 (Tyrell_asoiaf_12)

[original line 4523][portraitcontext.cpp:184] No gene with key: gene_dragon_eye_hue in group human at file: common/dna_data/test_dna_reach.txt line: 555 (Tyrell_asoiaf_12)

[original line 4524][portraitcontext.cpp:184] No gene with key: gene_dragon_eye_value in group human at file: common/dna_data/test_dna_reach.txt line: 556 (Tyrell_asoiaf_12)

[original line 4525][portraitcontext.cpp:184] No gene with key: gene_dragon_horn_hue in group human at file: common/dna_data/test_dna_reach.txt line: 557 (Tyrell_asoiaf_12)

[original line 4526][portraitcontext.cpp:184] No gene with key: gene_dragon_horn_value in group human at file: common/dna_data/test_dna_reach.txt line: 558 (Tyrell_asoiaf_12)

[original line 4527][portraitcontext.cpp:184] No gene with key: gene_eye_size in group human at file: common/dna_data/test_dna_reach.txt line: 691 (Tyrell_asoiaf_12)

[original line 4528][portraitcontext.cpp:184] No gene with key: gene_eye_shut_top in group human at file: common/dna_data/test_dna_reach.txt line: 692 (Tyrell_asoiaf_12)

[original line 4529][portraitcontext.cpp:184] No gene with key: gene_eye_shut_bottom in group human at file: common/dna_data/test_dna_reach.txt line: 693 (Tyrell_asoiaf_12)

[original line 4530][portraitcontext.cpp:184] No gene with key: gene_forehead_inner_brow_width in group human at file: common/dna_data/test_dna_reach.txt line: 699 (Tyrell_asoiaf_12)

[original line 4531][portraitcontext.cpp:184] No gene with key: gene_bs_eye_fold_2 in group human at file: common/dna_data/test_dna_reach.txt line: 703 (Tyrell_asoiaf_12)

[original line 4532][portraitcontext.cpp:184] No gene with key: gene_bs_head_round_shape in group human at file: common/dna_data/test_dna_reach.txt line: 706 (Tyrell_asoiaf_12)

[original line 4563][portraitcontext.cpp:184] No gene with key: gene_dragon_skin_hue in group human at file: common/dna_data/test_dna_reach.txt line: 836 (Tyrell_asoiaf_13)

[original line 4564][portraitcontext.cpp:184] No gene with key: gene_dragon_skin_value in group human at file: common/dna_data/test_dna_reach.txt line: 837 (Tyrell_asoiaf_13)

[original line 4565][portraitcontext.cpp:184] No gene with key: gene_dragon_highlight_hue in group human at file: common/dna_data/test_dna_reach.txt line: 838 (Tyrell_asoiaf_13)

[original line 4566][portraitcontext.cpp:184] No gene with key: gene_dragon_highlight_value in group human at file: common/dna_data/test_dna_reach.txt line: 839 (Tyrell_asoiaf_13)

[original line 4567][portraitcontext.cpp:184] No gene with key: gene_dragon_eye_hue in group human at file: common/dna_data/test_dna_reach.txt line: 840 (Tyrell_asoiaf_13)

[original line 4568][portraitcontext.cpp:184] No gene with key: gene_dragon_eye_value in group human at file: common/dna_data/test_dna_reach.txt line: 841 (Tyrell_asoiaf_13)

[original line 4569][portraitcontext.cpp:184] No gene with key: gene_dragon_horn_hue in group human at file: common/dna_data/test_dna_reach.txt line: 842 (Tyrell_asoiaf_13)

[original line 4570][portraitcontext.cpp:184] No gene with key: gene_dragon_horn_value in group human at file: common/dna_data/test_dna_reach.txt line: 843 (Tyrell_asoiaf_13)

[original line 4571][portraitcontext.cpp:184] No gene with key: gene_bs_head_round_shape in group human at file: common/dna_data/test_dna_reach.txt line: 881 (Tyrell_asoiaf_13)

[original line 4598][portraitcontext.cpp:184] No gene with key: gene_dragon_skin_hue in group human at file: common/dna_data/test_dna_reach.txt line: 908 (Tyrell_asoiaf_14)

[original line 4599][portraitcontext.cpp:184] No gene with key: gene_dragon_skin_value in group human at file: common/dna_data/test_dna_reach.txt line: 909 (Tyrell_asoiaf_14)

[original line 4600][portraitcontext.cpp:184] No gene with key: gene_dragon_highlight_hue in group human at file: common/dna_data/test_dna_reach.txt line: 910 (Tyrell_asoiaf_14)

[original line 4601][portraitcontext.cpp:184] No gene with key: gene_dragon_highlight_value in group human at file: common/dna_data/test_dna_reach.txt line: 911 (Tyrell_asoiaf_14)

[original line 4602][portraitcontext.cpp:184] No gene with key: gene_dragon_eye_hue in group human at file: common/dna_data/test_dna_reach.txt line: 912 (Tyrell_asoiaf_14)

[original line 4603][portraitcontext.cpp:184] No gene with key: gene_dragon_eye_value in group human at file: common/dna_data/test_dna_reach.txt line: 913 (Tyrell_asoiaf_14)

[original line 4604][portraitcontext.cpp:184] No gene with key: gene_dragon_horn_hue in group human at file: common/dna_data/test_dna_reach.txt line: 914 (Tyrell_asoiaf_14)

[original line 4605][portraitcontext.cpp:184] No gene with key: gene_dragon_horn_value in group human at file: common/dna_data/test_dna_reach.txt line: 915 (Tyrell_asoiaf_14)

[original line 4606][portraitcontext.cpp:184] No gene with key: gene_bs_eye_fold_2 in group human at file: common/dna_data/test_dna_reach.txt line: 1058 (Tyrell_asoiaf_14)

[original line 4607][portraitcontext.cpp:184] No gene with key: gene_bs_head_round_shape in group human at file: common/dna_data/test_dna_reach.txt line: 1061 (Tyrell_asoiaf_14)

[original line 4644][portraitcontext.cpp:184] No gene with key: gene_dragon_skin_hue in group human at file: common/dna_data/test_dna_reach.txt line: 1274 (Redwyne_asoiaf_2)

[original line 4645][portraitcontext.cpp:184] No gene with key: gene_dragon_skin_value in group human at file: common/dna_data/test_dna_reach.txt line: 1275 (Redwyne_asoiaf_2)

[original line 4646][portraitcontext.cpp:184] No gene with key: gene_dragon_highlight_hue in group human at file: common/dna_data/test_dna_reach.txt line: 1276 (Redwyne_asoiaf_2)

[original line 4647][portraitcontext.cpp:184] No gene with key: gene_dragon_highlight_value in group human at file: common/dna_data/test_dna_reach.txt line: 1277 (Redwyne_asoiaf_2)

[original line 4648][portraitcontext.cpp:184] No gene with key: gene_dragon_eye_hue in group human at file: common/dna_data/test_dna_reach.txt line: 1278 (Redwyne_asoiaf_2)

[original line 4649][portraitcontext.cpp:184] No gene with key: gene_dragon_eye_value in group human at file: common/dna_data/test_dna_reach.txt line: 1279 (Redwyne_asoiaf_2)

[original line 4650][portraitcontext.cpp:184] No gene with key: gene_dragon_horn_hue in group human at file: common/dna_data/test_dna_reach.txt line: 1280 (Redwyne_asoiaf_2)

[original line 4651][portraitcontext.cpp:184] No gene with key: gene_dragon_horn_value in group human at file: common/dna_data/test_dna_reach.txt line: 1281 (Redwyne_asoiaf_2)

[original line 4652][portraitcontext.cpp:184] No gene with key: gene_eye_size in group human at file: common/dna_data/test_dna_reach.txt line: 1414 (Redwyne_asoiaf_2)

[original line 4653][portraitcontext.cpp:184] No gene with key: gene_eye_shut_top in group human at file: common/dna_data/test_dna_reach.txt line: 1415 (Redwyne_asoiaf_2)

[original line 4654][portraitcontext.cpp:184] No gene with key: gene_eye_shut_bottom in group human at file: common/dna_data/test_dna_reach.txt line: 1416 (Redwyne_asoiaf_2)

[original line 4655][portraitcontext.cpp:184] No gene with key: gene_forehead_inner_brow_width in group human at file: common/dna_data/test_dna_reach.txt line: 1422 (Redwyne_asoiaf_2)

[original line 4656][portraitcontext.cpp:184] No gene with key: gene_bs_eye_fold_2 in group human at file: common/dna_data/test_dna_reach.txt line: 1426 (Redwyne_asoiaf_2)

[original line 4657][portraitcontext.cpp:184] No gene with key: gene_bs_head_round_shape in group human at file: common/dna_data/test_dna_reach.txt line: 1429 (Redwyne_asoiaf_2)

[original line 4718][portraitcontext.cpp:184] No gene with key: gene_dragon_skin_hue in group human at file: common/dna_data/test_dna_reach.txt line: 2014 (Tarly_asoiaf_1)

[original line 4719][portraitcontext.cpp:184] No gene with key: gene_dragon_skin_value in group human at file: common/dna_data/test_dna_reach.txt line: 2015 (Tarly_asoiaf_1)

[original line 4720][portraitcontext.cpp:184] No gene with key: gene_dragon_highlight_hue in group human at file: common/dna_data/test_dna_reach.txt line: 2016 (Tarly_asoiaf_1)

[original line 4721][portraitcontext.cpp:184] No gene with key: gene_dragon_highlight_value in group human at file: common/dna_data/test_dna_reach.txt line: 2017 (Tarly_asoiaf_1)

[original line 4722][portraitcontext.cpp:184] No gene with key: gene_dragon_eye_hue in group human at file: common/dna_data/test_dna_reach.txt line: 2018 (Tarly_asoiaf_1)

[original line 4723][portraitcontext.cpp:184] No gene with key: gene_dragon_eye_value in group human at file: common/dna_data/test_dna_reach.txt line: 2019 (Tarly_asoiaf_1)

[original line 4724][portraitcontext.cpp:184] No gene with key: gene_dragon_horn_hue in group human at file: common/dna_data/test_dna_reach.txt line: 2020 (Tarly_asoiaf_1)

[original line 4725][portraitcontext.cpp:184] No gene with key: gene_dragon_horn_value in group human at file: common/dna_data/test_dna_reach.txt line: 2021 (Tarly_asoiaf_1)

[original line 4726][portraitcontext.cpp:184] No gene with key: gene_eye_size in group human at file: common/dna_data/test_dna_reach.txt line: 2154 (Tarly_asoiaf_1)

[original line 4727][portraitcontext.cpp:184] No gene with key: gene_eye_shut_top in group human at file: common/dna_data/test_dna_reach.txt line: 2155 (Tarly_asoiaf_1)

[original line 4728][portraitcontext.cpp:184] No gene with key: gene_eye_shut_bottom in group human at file: common/dna_data/test_dna_reach.txt line: 2156 (Tarly_asoiaf_1)

[original line 4729][portraitcontext.cpp:184] No gene with key: gene_forehead_inner_brow_width in group human at file: common/dna_data/test_dna_reach.txt line: 2162 (Tarly_asoiaf_1)

[original line 4730][portraitcontext.cpp:184] No gene with key: gene_bs_eye_fold_2 in group human at file: common/dna_data/test_dna_reach.txt line: 2166 (Tarly_asoiaf_1)

[original line 4731][portraitcontext.cpp:184] No gene with key: gene_bs_head_round_shape in group human at file: common/dna_data/test_dna_reach.txt line: 2169 (Tarly_asoiaf_1)

[original line 4762][portraitcontext.cpp:184] No gene with key: gene_dragon_skin_hue in group human at file: common/dna_data/test_dna_reach.txt line: 2193 (Tarly_asoiaf_2)

[original line 4763][portraitcontext.cpp:184] No gene with key: gene_dragon_skin_value in group human at file: common/dna_data/test_dna_reach.txt line: 2194 (Tarly_asoiaf_2)

[original line 4764][portraitcontext.cpp:184] No gene with key: gene_dragon_highlight_hue in group human at file: common/dna_data/test_dna_reach.txt line: 2195 (Tarly_asoiaf_2)

[original line 4765][portraitcontext.cpp:184] No gene with key: gene_dragon_highlight_value in group human at file: common/dna_data/test_dna_reach.txt line: 2196 (Tarly_asoiaf_2)

[original line 4766][portraitcontext.cpp:184] No gene with key: gene_dragon_eye_hue in group human at file: common/dna_data/test_dna_reach.txt line: 2197 (Tarly_asoiaf_2)

[original line 4767][portraitcontext.cpp:184] No gene with key: gene_dragon_eye_value in group human at file: common/dna_data/test_dna_reach.txt line: 2198 (Tarly_asoiaf_2)

[original line 4768][portraitcontext.cpp:184] No gene with key: gene_dragon_horn_hue in group human at file: common/dna_data/test_dna_reach.txt line: 2199 (Tarly_asoiaf_2)

[original line 4769][portraitcontext.cpp:184] No gene with key: gene_dragon_horn_value in group human at file: common/dna_data/test_dna_reach.txt line: 2200 (Tarly_asoiaf_2)

[original line 4770][portraitcontext.cpp:184] No gene with key: gene_eye_size in group human at file: common/dna_data/test_dna_reach.txt line: 2333 (Tarly_asoiaf_2)

[original line 4771][portraitcontext.cpp:184] No gene with key: gene_eye_shut_top in group human at file: common/dna_data/test_dna_reach.txt line: 2334 (Tarly_asoiaf_2)

[original line 4772][portraitcontext.cpp:184] No gene with key: gene_eye_shut_bottom in group human at file: common/dna_data/test_dna_reach.txt line: 2335 (Tarly_asoiaf_2)

[original line 4773][portraitcontext.cpp:184] No gene with key: gene_forehead_inner_brow_width in group human at file: common/dna_data/test_dna_reach.txt line: 2341 (Tarly_asoiaf_2)

[original line 4774][portraitcontext.cpp:184] No gene with key: gene_bs_eye_fold_2 in group human at file: common/dna_data/test_dna_reach.txt line: 2345 (Tarly_asoiaf_2)

[original line 4775][portraitcontext.cpp:184] No gene with key: gene_bs_head_round_shape in group human at file: common/dna_data/test_dna_reach.txt line: 2348 (Tarly_asoiaf_2)

[original line 4806][portraitcontext.cpp:184] No gene with key: gene_dragon_skin_hue in group human at file: common/dna_data/test_dna_reach.txt line: 2372 (Tarly_asoiaf_3)

[original line 4807][portraitcontext.cpp:184] No gene with key: gene_dragon_skin_value in group human at file: common/dna_data/test_dna_reach.txt line: 2373 (Tarly_asoiaf_3)

[original line 4808][portraitcontext.cpp:184] No gene with key: gene_dragon_highlight_hue in group human at file: common/dna_data/test_dna_reach.txt line: 2374 (Tarly_asoiaf_3)

[original line 4809][portraitcontext.cpp:184] No gene with key: gene_dragon_highlight_value in group human at file: common/dna_data/test_dna_reach.txt line: 2375 (Tarly_asoiaf_3)

[original line 4810][portraitcontext.cpp:184] No gene with key: gene_dragon_eye_hue in group human at file: common/dna_data/test_dna_reach.txt line: 2376 (Tarly_asoiaf_3)

[original line 4811][portraitcontext.cpp:184] No gene with key: gene_dragon_eye_value in group human at file: common/dna_data/test_dna_reach.txt line: 2377 (Tarly_asoiaf_3)

[original line 4812][portraitcontext.cpp:184] No gene with key: gene_dragon_horn_hue in group human at file: common/dna_data/test_dna_reach.txt line: 2378 (Tarly_asoiaf_3)

[original line 4813][portraitcontext.cpp:184] No gene with key: gene_dragon_horn_value in group human at file: common/dna_data/test_dna_reach.txt line: 2379 (Tarly_asoiaf_3)

[original line 4814][portraitcontext.cpp:184] No gene with key: gene_eye_size in group human at file: common/dna_data/test_dna_reach.txt line: 2512 (Tarly_asoiaf_3)

[original line 4815][portraitcontext.cpp:184] No gene with key: gene_eye_shut_top in group human at file: common/dna_data/test_dna_reach.txt line: 2513 (Tarly_asoiaf_3)

[original line 4816][portraitcontext.cpp:184] No gene with key: gene_eye_shut_bottom in group human at file: common/dna_data/test_dna_reach.txt line: 2514 (Tarly_asoiaf_3)

[original line 4817][portraitcontext.cpp:184] No gene with key: gene_forehead_inner_brow_width in group human at file: common/dna_data/test_dna_reach.txt line: 2520 (Tarly_asoiaf_3)

[original line 4818][portraitcontext.cpp:184] No gene with key: gene_bs_eye_fold_2 in group human at file: common/dna_data/test_dna_reach.txt line: 2524 (Tarly_asoiaf_3)

[original line 4819][portraitcontext.cpp:184] No gene with key: gene_bs_head_round_shape in group human at file: common/dna_data/test_dna_reach.txt line: 2527 (Tarly_asoiaf_3)

[original line 4890][portraitcontext.cpp:184] No gene with key: gene_dragon_skin_hue in group human at file: common/dna_data/test_dna_reach.txt line: 3291 (Florent_asoiaf_8)

[original line 4891][portraitcontext.cpp:184] No gene with key: gene_dragon_skin_value in group human at file: common/dna_data/test_dna_reach.txt line: 3292 (Florent_asoiaf_8)

[original line 4892][portraitcontext.cpp:184] No gene with key: gene_dragon_highlight_hue in group human at file: common/dna_data/test_dna_reach.txt line: 3293 (Florent_asoiaf_8)

[original line 4893][portraitcontext.cpp:184] No gene with key: gene_dragon_highlight_value in group human at file: common/dna_data/test_dna_reach.txt line: 3294 (Florent_asoiaf_8)

[original line 4894][portraitcontext.cpp:184] No gene with key: gene_dragon_eye_hue in group human at file: common/dna_data/test_dna_reach.txt line: 3295 (Florent_asoiaf_8)

[original line 4895][portraitcontext.cpp:184] No gene with key: gene_dragon_eye_value in group human at file: common/dna_data/test_dna_reach.txt line: 3296 (Florent_asoiaf_8)

[original line 4896][portraitcontext.cpp:184] No gene with key: gene_dragon_horn_hue in group human at file: common/dna_data/test_dna_reach.txt line: 3297 (Florent_asoiaf_8)

[original line 4897][portraitcontext.cpp:184] No gene with key: gene_dragon_horn_value in group human at file: common/dna_data/test_dna_reach.txt line: 3298 (Florent_asoiaf_8)

[original line 4898][portraitcontext.cpp:184] No gene with key: gene_eye_size in group human at file: common/dna_data/test_dna_reach.txt line: 3431 (Florent_asoiaf_8)

[original line 4899][portraitcontext.cpp:184] No gene with key: gene_eye_shut_top in group human at file: common/dna_data/test_dna_reach.txt line: 3432 (Florent_asoiaf_8)

[original line 4900][portraitcontext.cpp:184] No gene with key: gene_eye_shut_bottom in group human at file: common/dna_data/test_dna_reach.txt line: 3433 (Florent_asoiaf_8)

[original line 4901][portraitcontext.cpp:184] No gene with key: gene_forehead_inner_brow_width in group human at file: common/dna_data/test_dna_reach.txt line: 3439 (Florent_asoiaf_8)

[original line 4902][portraitcontext.cpp:184] No gene with key: gene_bs_eye_fold_2 in group human at file: common/dna_data/test_dna_reach.txt line: 3443 (Florent_asoiaf_8)

[original line 4903][portraitcontext.cpp:184] No gene with key: gene_bs_head_round_shape in group human at file: common/dna_data/test_dna_reach.txt line: 3446 (Florent_asoiaf_8)

[original line 4934][portraitcontext.cpp:184] No gene with key: gene_dragon_skin_hue in group human at file: common/dna_data/test_dna_reach.txt line: 3470 (Florent_asoiaf_10)

[original line 4935][portraitcontext.cpp:184] No gene with key: gene_dragon_skin_value in group human at file: common/dna_data/test_dna_reach.txt line: 3471 (Florent_asoiaf_10)

[original line 4936][portraitcontext.cpp:184] No gene with key: gene_dragon_highlight_hue in group human at file: common/dna_data/test_dna_reach.txt line: 3472 (Florent_asoiaf_10)

[original line 4937][portraitcontext.cpp:184] No gene with key: gene_dragon_highlight_value in group human at file: common/dna_data/test_dna_reach.txt line: 3473 (Florent_asoiaf_10)

[original line 4938][portraitcontext.cpp:184] No gene with key: gene_dragon_eye_hue in group human at file: common/dna_data/test_dna_reach.txt line: 3474 (Florent_asoiaf_10)

[original line 4939][portraitcontext.cpp:184] No gene with key: gene_dragon_eye_value in group human at file: common/dna_data/test_dna_reach.txt line: 3475 (Florent_asoiaf_10)

[original line 4940][portraitcontext.cpp:184] No gene with key: gene_dragon_horn_hue in group human at file: common/dna_data/test_dna_reach.txt line: 3476 (Florent_asoiaf_10)

[original line 4941][portraitcontext.cpp:184] No gene with key: gene_dragon_horn_value in group human at file: common/dna_data/test_dna_reach.txt line: 3477 (Florent_asoiaf_10)

[original line 4942][portraitcontext.cpp:184] No gene with key: gene_bs_head_round_shape in group human at file: common/dna_data/test_dna_reach.txt line: 3622 (Florent_asoiaf_10)

[original line 5019][portraitcontext.cpp:184] No gene with key: gene_dragon_skin_hue in group human at file: common/dna_data/test_dna_reach.txt line: 4573 (Hightower_asoiaf_97)

[original line 5020][portraitcontext.cpp:184] No gene with key: gene_dragon_skin_value in group human at file: common/dna_data/test_dna_reach.txt line: 4574 (Hightower_asoiaf_97)

[original line 5021][portraitcontext.cpp:184] No gene with key: gene_dragon_highlight_hue in group human at file: common/dna_data/test_dna_reach.txt line: 4575 (Hightower_asoiaf_97)

[original line 5022][portraitcontext.cpp:184] No gene with key: gene_dragon_highlight_value in group human at file: common/dna_data/test_dna_reach.txt line: 4576 (Hightower_asoiaf_97)

[original line 5023][portraitcontext.cpp:184] No gene with key: gene_dragon_eye_hue in group human at file: common/dna_data/test_dna_reach.txt line: 4577 (Hightower_asoiaf_97)

[original line 5024][portraitcontext.cpp:184] No gene with key: gene_dragon_eye_value in group human at file: common/dna_data/test_dna_reach.txt line: 4578 (Hightower_asoiaf_97)

[original line 5025][portraitcontext.cpp:184] No gene with key: gene_dragon_horn_hue in group human at file: common/dna_data/test_dna_reach.txt line: 4579 (Hightower_asoiaf_97)

[original line 5026][portraitcontext.cpp:184] No gene with key: gene_dragon_horn_value in group human at file: common/dna_data/test_dna_reach.txt line: 4580 (Hightower_asoiaf_97)

[original line 5027][portraitcontext.cpp:184] No gene with key: gene_bs_head_round_shape in group human at file: common/dna_data/test_dna_reach.txt line: 4725 (Hightower_asoiaf_97)

[original line 5054][portraitcontext.cpp:184] No gene with key: gene_dragon_skin_hue in group human at file: common/dna_data/test_dna_reach.txt line: 4751 (Hightower_asoiaf_99)

[original line 5055][portraitcontext.cpp:184] No gene with key: gene_dragon_skin_value in group human at file: common/dna_data/test_dna_reach.txt line: 4752 (Hightower_asoiaf_99)

[original line 5056][portraitcontext.cpp:184] No gene with key: gene_dragon_highlight_hue in group human at file: common/dna_data/test_dna_reach.txt line: 4753 (Hightower_asoiaf_99)

[original line 5057][portraitcontext.cpp:184] No gene with key: gene_dragon_highlight_value in group human at file: common/dna_data/test_dna_reach.txt line: 4754 (Hightower_asoiaf_99)

[original line 5058][portraitcontext.cpp:184] No gene with key: gene_dragon_eye_hue in group human at file: common/dna_data/test_dna_reach.txt line: 4755 (Hightower_asoiaf_99)

[original line 5059][portraitcontext.cpp:184] No gene with key: gene_dragon_eye_value in group human at file: common/dna_data/test_dna_reach.txt line: 4756 (Hightower_asoiaf_99)

[original line 5060][portraitcontext.cpp:184] No gene with key: gene_dragon_horn_hue in group human at file: common/dna_data/test_dna_reach.txt line: 4757 (Hightower_asoiaf_99)

[original line 5061][portraitcontext.cpp:184] No gene with key: gene_dragon_horn_value in group human at file: common/dna_data/test_dna_reach.txt line: 4758 (Hightower_asoiaf_99)

[original line 5062][portraitcontext.cpp:184] No gene with key: gene_bs_eye_fold_2 in group human at file: common/dna_data/test_dna_reach.txt line: 4901 (Hightower_asoiaf_99)

[original line 5063][portraitcontext.cpp:184] No gene with key: gene_bs_head_round_shape in group human at file: common/dna_data/test_dna_reach.txt line: 4904 (Hightower_asoiaf_99)

[original line 5090][portraitcontext.cpp:184] No gene with key: gene_dragon_skin_hue in group human at file: common/dna_data/test_dna_reach.txt line: 4931 (Hightower_asoiaf_3)

[original line 5091][portraitcontext.cpp:184] No gene with key: gene_dragon_skin_value in group human at file: common/dna_data/test_dna_reach.txt line: 4932 (Hightower_asoiaf_3)

[original line 5092][portraitcontext.cpp:184] No gene with key: gene_dragon_highlight_hue in group human at file: common/dna_data/test_dna_reach.txt line: 4933 (Hightower_asoiaf_3)

[original line 5093][portraitcontext.cpp:184] No gene with key: gene_dragon_highlight_value in group human at file: common/dna_data/test_dna_reach.txt line: 4934 (Hightower_asoiaf_3)

[original line 5094][portraitcontext.cpp:184] No gene with key: gene_dragon_eye_hue in group human at file: common/dna_data/test_dna_reach.txt line: 4935 (Hightower_asoiaf_3)

[original line 5095][portraitcontext.cpp:184] No gene with key: gene_dragon_eye_value in group human at file: common/dna_data/test_dna_reach.txt line: 4936 (Hightower_asoiaf_3)

[original line 5096][portraitcontext.cpp:184] No gene with key: gene_dragon_horn_hue in group human at file: common/dna_data/test_dna_reach.txt line: 4937 (Hightower_asoiaf_3)

[original line 5097][portraitcontext.cpp:184] No gene with key: gene_dragon_horn_value in group human at file: common/dna_data/test_dna_reach.txt line: 4938 (Hightower_asoiaf_3)

[original line 5098][portraitcontext.cpp:184] No gene with key: gene_eye_size in group human at file: common/dna_data/test_dna_reach.txt line: 5071 (Hightower_asoiaf_3)

[original line 5099][portraitcontext.cpp:184] No gene with key: gene_eye_shut_top in group human at file: common/dna_data/test_dna_reach.txt line: 5072 (Hightower_asoiaf_3)

[original line 5100][portraitcontext.cpp:184] No gene with key: gene_eye_shut_bottom in group human at file: common/dna_data/test_dna_reach.txt line: 5073 (Hightower_asoiaf_3)

[original line 5101][portraitcontext.cpp:184] No gene with key: gene_forehead_inner_brow_width in group human at file: common/dna_data/test_dna_reach.txt line: 5079 (Hightower_asoiaf_3)

[original line 5102][portraitcontext.cpp:184] No gene with key: gene_bs_eye_fold_2 in group human at file: common/dna_data/test_dna_reach.txt line: 5083 (Hightower_asoiaf_3)

[original line 5103][portraitcontext.cpp:184] No gene with key: gene_bs_head_round_shape in group human at file: common/dna_data/test_dna_reach.txt line: 5086 (Hightower_asoiaf_3)

[original line 5134][portraitcontext.cpp:184] No gene with key: gene_dragon_skin_hue in group human at file: common/dna_data/test_dna_reach.txt line: 5110 (Hightower_asoiaf_5)

[original line 5135][portraitcontext.cpp:184] No gene with key: gene_dragon_skin_value in group human at file: common/dna_data/test_dna_reach.txt line: 5111 (Hightower_asoiaf_5)

[original line 5136][portraitcontext.cpp:184] No gene with key: gene_dragon_highlight_hue in group human at file: common/dna_data/test_dna_reach.txt line: 5112 (Hightower_asoiaf_5)

[original line 5137][portraitcontext.cpp:184] No gene with key: gene_dragon_highlight_value in group human at file: common/dna_data/test_dna_reach.txt line: 5113 (Hightower_asoiaf_5)

[original line 5138][portraitcontext.cpp:184] No gene with key: gene_dragon_eye_hue in group human at file: common/dna_data/test_dna_reach.txt line: 5114 (Hightower_asoiaf_5)

[original line 5139][portraitcontext.cpp:184] No gene with key: gene_dragon_eye_value in group human at file: common/dna_data/test_dna_reach.txt line: 5115 (Hightower_asoiaf_5)

[original line 5140][portraitcontext.cpp:184] No gene with key: gene_dragon_horn_hue in group human at file: common/dna_data/test_dna_reach.txt line: 5116 (Hightower_asoiaf_5)

[original line 5141][portraitcontext.cpp:184] No gene with key: gene_dragon_horn_value in group human at file: common/dna_data/test_dna_reach.txt line: 5117 (Hightower_asoiaf_5)

[original line 5142][portraitcontext.cpp:184] No gene with key: gene_eye_size in group human at file: common/dna_data/test_dna_reach.txt line: 5250 (Hightower_asoiaf_5)

[original line 5143][portraitcontext.cpp:184] No gene with key: gene_eye_shut_top in group human at file: common/dna_data/test_dna_reach.txt line: 5251 (Hightower_asoiaf_5)

[original line 5144][portraitcontext.cpp:184] No gene with key: gene_eye_shut_bottom in group human at file: common/dna_data/test_dna_reach.txt line: 5252 (Hightower_asoiaf_5)

[original line 5145][portraitcontext.cpp:184] No gene with key: gene_forehead_inner_brow_width in group human at file: common/dna_data/test_dna_reach.txt line: 5258 (Hightower_asoiaf_5)

[original line 5146][portraitcontext.cpp:184] No gene with key: gene_bs_eye_fold_2 in group human at file: common/dna_data/test_dna_reach.txt line: 5262 (Hightower_asoiaf_5)

[original line 5147][portraitcontext.cpp:184] No gene with key: gene_bs_head_round_shape in group human at file: common/dna_data/test_dna_reach.txt line: 5265 (Hightower_asoiaf_5)

[original line 5178][portraitcontext.cpp:184] No gene with key: gene_dragon_skin_hue in group human at file: common/dna_data/test_dna_reach.txt line: 5289 (Hightower_asoiaf_7)

[original line 5179][portraitcontext.cpp:184] No gene with key: gene_dragon_skin_value in group human at file: common/dna_data/test_dna_reach.txt line: 5290 (Hightower_asoiaf_7)

[original line 5180][portraitcontext.cpp:184] No gene with key: gene_dragon_highlight_hue in group human at file: common/dna_data/test_dna_reach.txt line: 5291 (Hightower_asoiaf_7)

[original line 5181][portraitcontext.cpp:184] No gene with key: gene_dragon_highlight_value in group human at file: common/dna_data/test_dna_reach.txt line: 5292 (Hightower_asoiaf_7)

[original line 5182][portraitcontext.cpp:184] No gene with key: gene_dragon_eye_hue in group human at file: common/dna_data/test_dna_reach.txt line: 5293 (Hightower_asoiaf_7)

[original line 5183][portraitcontext.cpp:184] No gene with key: gene_dragon_eye_value in group human at file: common/dna_data/test_dna_reach.txt line: 5294 (Hightower_asoiaf_7)

[original line 5184][portraitcontext.cpp:184] No gene with key: gene_dragon_horn_hue in group human at file: common/dna_data/test_dna_reach.txt line: 5295 (Hightower_asoiaf_7)

[original line 5185][portraitcontext.cpp:184] No gene with key: gene_dragon_horn_value in group human at file: common/dna_data/test_dna_reach.txt line: 5296 (Hightower_asoiaf_7)

[original line 5186][portraitcontext.cpp:184] No gene with key: gene_eye_size in group human at file: common/dna_data/test_dna_reach.txt line: 5429 (Hightower_asoiaf_7)

[original line 5187][portraitcontext.cpp:184] No gene with key: gene_eye_shut_top in group human at file: common/dna_data/test_dna_reach.txt line: 5430 (Hightower_asoiaf_7)

[original line 5188][portraitcontext.cpp:184] No gene with key: gene_eye_shut_bottom in group human at file: common/dna_data/test_dna_reach.txt line: 5431 (Hightower_asoiaf_7)

[original line 5189][portraitcontext.cpp:184] No gene with key: gene_forehead_inner_brow_width in group human at file: common/dna_data/test_dna_reach.txt line: 5437 (Hightower_asoiaf_7)

[original line 5190][portraitcontext.cpp:184] No gene with key: gene_bs_eye_fold_2 in group human at file: common/dna_data/test_dna_reach.txt line: 5441 (Hightower_asoiaf_7)

[original line 5191][portraitcontext.cpp:184] No gene with key: gene_bs_head_round_shape in group human at file: common/dna_data/test_dna_reach.txt line: 5444 (Hightower_asoiaf_7)

[original line 5222][portraitcontext.cpp:184] No gene with key: gene_dragon_skin_hue in group human at file: common/dna_data/test_dna_reach.txt line: 5468 (Hightower_asoiaf_9)

[original line 5223][portraitcontext.cpp:184] No gene with key: gene_dragon_skin_value in group human at file: common/dna_data/test_dna_reach.txt line: 5469 (Hightower_asoiaf_9)

[original line 5224][portraitcontext.cpp:184] No gene with key: gene_dragon_highlight_hue in group human at file: common/dna_data/test_dna_reach.txt line: 5470 (Hightower_asoiaf_9)

[original line 5225][portraitcontext.cpp:184] No gene with key: gene_dragon_highlight_value in group human at file: common/dna_data/test_dna_reach.txt line: 5471 (Hightower_asoiaf_9)

[original line 5226][portraitcontext.cpp:184] No gene with key: gene_dragon_eye_hue in group human at file: common/dna_data/test_dna_reach.txt line: 5472 (Hightower_asoiaf_9)

[original line 5227][portraitcontext.cpp:184] No gene with key: gene_dragon_eye_value in group human at file: common/dna_data/test_dna_reach.txt line: 5473 (Hightower_asoiaf_9)

[original line 5228][portraitcontext.cpp:184] No gene with key: gene_dragon_horn_hue in group human at file: common/dna_data/test_dna_reach.txt line: 5474 (Hightower_asoiaf_9)

[original line 5229][portraitcontext.cpp:184] No gene with key: gene_dragon_horn_value in group human at file: common/dna_data/test_dna_reach.txt line: 5475 (Hightower_asoiaf_9)

[original line 5230][portraitcontext.cpp:184] No gene with key: gene_eye_size in group human at file: common/dna_data/test_dna_reach.txt line: 5608 (Hightower_asoiaf_9)

[original line 5231][portraitcontext.cpp:184] No gene with key: gene_eye_shut_top in group human at file: common/dna_data/test_dna_reach.txt line: 5609 (Hightower_asoiaf_9)

[original line 5232][portraitcontext.cpp:184] No gene with key: gene_eye_shut_bottom in group human at file: common/dna_data/test_dna_reach.txt line: 5610 (Hightower_asoiaf_9)

[original line 5233][portraitcontext.cpp:184] No gene with key: gene_forehead_inner_brow_width in group human at file: common/dna_data/test_dna_reach.txt line: 5616 (Hightower_asoiaf_9)

[original line 5234][portraitcontext.cpp:184] No gene with key: gene_bs_eye_fold_2 in group human at file: common/dna_data/test_dna_reach.txt line: 5620 (Hightower_asoiaf_9)

[original line 5235][portraitcontext.cpp:184] No gene with key: gene_bs_head_round_shape in group human at file: common/dna_data/test_dna_reach.txt line: 5623 (Hightower_asoiaf_9)

[original line 5266][portraitcontext.cpp:184] No gene with key: gene_dragon_skin_hue in group human at file: common/dna_data/test_dna_reach.txt line: 5647 (Hightower_asoiaf_14)

[original line 5267][portraitcontext.cpp:184] No gene with key: gene_dragon_skin_value in group human at file: common/dna_data/test_dna_reach.txt line: 5648 (Hightower_asoiaf_14)

[original line 5268][portraitcontext.cpp:184] No gene with key: gene_dragon_highlight_hue in group human at file: common/dna_data/test_dna_reach.txt line: 5649 (Hightower_asoiaf_14)

[original line 5269][portraitcontext.cpp:184] No gene with key: gene_dragon_highlight_value in group human at file: common/dna_data/test_dna_reach.txt line: 5650 (Hightower_asoiaf_14)

[original line 5270][portraitcontext.cpp:184] No gene with key: gene_dragon_eye_hue in group human at file: common/dna_data/test_dna_reach.txt line: 5651 (Hightower_asoiaf_14)

[original line 5271][portraitcontext.cpp:184] No gene with key: gene_dragon_eye_value in group human at file: common/dna_data/test_dna_reach.txt line: 5652 (Hightower_asoiaf_14)

[original line 5272][portraitcontext.cpp:184] No gene with key: gene_dragon_horn_hue in group human at file: common/dna_data/test_dna_reach.txt line: 5653 (Hightower_asoiaf_14)

[original line 5273][portraitcontext.cpp:184] No gene with key: gene_dragon_horn_value in group human at file: common/dna_data/test_dna_reach.txt line: 5654 (Hightower_asoiaf_14)

[original line 5274][portraitcontext.cpp:184] No gene with key: gene_eye_size in group human at file: common/dna_data/test_dna_reach.txt line: 5787 (Hightower_asoiaf_14)

[original line 5275][portraitcontext.cpp:184] No gene with key: gene_eye_shut_top in group human at file: common/dna_data/test_dna_reach.txt line: 5788 (Hightower_asoiaf_14)

[original line 5276][portraitcontext.cpp:184] No gene with key: gene_eye_shut_bottom in group human at file: common/dna_data/test_dna_reach.txt line: 5789 (Hightower_asoiaf_14)

[original line 5277][portraitcontext.cpp:184] No gene with key: gene_forehead_inner_brow_width in group human at file: common/dna_data/test_dna_reach.txt line: 5795 (Hightower_asoiaf_14)

[original line 5278][portraitcontext.cpp:184] No gene with key: gene_bs_eye_fold_2 in group human at file: common/dna_data/test_dna_reach.txt line: 5799 (Hightower_asoiaf_14)

[original line 5279][portraitcontext.cpp:184] No gene with key: gene_bs_head_round_shape in group human at file: common/dna_data/test_dna_reach.txt line: 5802 (Hightower_asoiaf_14)

[original line 5312][portraitcontext.cpp:184] No gene with key: gene_dragon_scales_effect in group human at file: common/dna_data/test_dna_reach.txt line: 5966 (Beesbury_asoiaf_21)

[original line 5339][portraitcontext.cpp:184] No gene with key: gene_dragon_skin_hue in group human at file: common/dna_data/test_dna_reach.txt line: 6191 (Strickland_asoiaf_1)

[original line 5340][portraitcontext.cpp:184] No gene with key: gene_dragon_skin_value in group human at file: common/dna_data/test_dna_reach.txt line: 6192 (Strickland_asoiaf_1)

[original line 5341][portraitcontext.cpp:184] No gene with key: gene_dragon_highlight_hue in group human at file: common/dna_data/test_dna_reach.txt line: 6193 (Strickland_asoiaf_1)

[original line 5342][portraitcontext.cpp:184] No gene with key: gene_dragon_highlight_value in group human at file: common/dna_data/test_dna_reach.txt line: 6194 (Strickland_asoiaf_1)

[original line 5343][portraitcontext.cpp:184] No gene with key: gene_dragon_eye_hue in group human at file: common/dna_data/test_dna_reach.txt line: 6195 (Strickland_asoiaf_1)

[original line 5344][portraitcontext.cpp:184] No gene with key: gene_dragon_eye_value in group human at file: common/dna_data/test_dna_reach.txt line: 6196 (Strickland_asoiaf_1)

[original line 5345][portraitcontext.cpp:184] No gene with key: gene_dragon_horn_hue in group human at file: common/dna_data/test_dna_reach.txt line: 6197 (Strickland_asoiaf_1)

[original line 5346][portraitcontext.cpp:184] No gene with key: gene_dragon_horn_value in group human at file: common/dna_data/test_dna_reach.txt line: 6198 (Strickland_asoiaf_1)

[original line 5347][portraitcontext.cpp:184] No gene with key: gene_bs_head_round_shape in group human at file: common/dna_data/test_dna_reach.txt line: 6343 (Strickland_asoiaf_1)

[original line 5374][portraitcontext.cpp:184] No gene with key: gene_dragon_skin_hue in group human at file: common/dna_data/test_dna_riverlands.txt line: 8 (Tully_asoiaf_1)

[original line 5375][portraitcontext.cpp:184] No gene with key: gene_dragon_skin_value in group human at file: common/dna_data/test_dna_riverlands.txt line: 9 (Tully_asoiaf_1)

[original line 5376][portraitcontext.cpp:184] No gene with key: gene_dragon_highlight_hue in group human at file: common/dna_data/test_dna_riverlands.txt line: 10 (Tully_asoiaf_1)

[original line 5377][portraitcontext.cpp:184] No gene with key: gene_dragon_highlight_value in group human at file: common/dna_data/test_dna_riverlands.txt line: 11 (Tully_asoiaf_1)

[original line 5378][portraitcontext.cpp:184] No gene with key: gene_dragon_eye_hue in group human at file: common/dna_data/test_dna_riverlands.txt line: 12 (Tully_asoiaf_1)

[original line 5379][portraitcontext.cpp:184] No gene with key: gene_dragon_eye_value in group human at file: common/dna_data/test_dna_riverlands.txt line: 13 (Tully_asoiaf_1)

[original line 5380][portraitcontext.cpp:184] No gene with key: gene_dragon_horn_hue in group human at file: common/dna_data/test_dna_riverlands.txt line: 14 (Tully_asoiaf_1)

[original line 5381][portraitcontext.cpp:184] No gene with key: gene_dragon_horn_value in group human at file: common/dna_data/test_dna_riverlands.txt line: 15 (Tully_asoiaf_1)

[original line 5382][portraitcontext.cpp:184] No gene with key: gene_eye_size in group human at file: common/dna_data/test_dna_riverlands.txt line: 148 (Tully_asoiaf_1)

[original line 5383][portraitcontext.cpp:184] No gene with key: gene_eye_shut_top in group human at file: common/dna_data/test_dna_riverlands.txt line: 149 (Tully_asoiaf_1)

[original line 5384][portraitcontext.cpp:184] No gene with key: gene_eye_shut_bottom in group human at file: common/dna_data/test_dna_riverlands.txt line: 150 (Tully_asoiaf_1)

[original line 5385][portraitcontext.cpp:184] No gene with key: gene_forehead_inner_brow_width in group human at file: common/dna_data/test_dna_riverlands.txt line: 156 (Tully_asoiaf_1)

[original line 5386][portraitcontext.cpp:184] No gene with key: gene_bs_eye_fold_2 in group human at file: common/dna_data/test_dna_riverlands.txt line: 160 (Tully_asoiaf_1)

[original line 5387][portraitcontext.cpp:184] No gene with key: gene_bs_head_round_shape in group human at file: common/dna_data/test_dna_riverlands.txt line: 163 (Tully_asoiaf_1)

[original line 5418][portraitcontext.cpp:184] No gene with key: gene_dragon_skin_hue in group human at file: common/dna_data/test_dna_riverlands.txt line: 187 (Tully_asoiaf_4)

[original line 5419][portraitcontext.cpp:184] No gene with key: gene_dragon_skin_value in group human at file: common/dna_data/test_dna_riverlands.txt line: 188 (Tully_asoiaf_4)

[original line 5420][portraitcontext.cpp:184] No gene with key: gene_dragon_highlight_hue in group human at file: common/dna_data/test_dna_riverlands.txt line: 189 (Tully_asoiaf_4)

[original line 5421][portraitcontext.cpp:184] No gene with key: gene_dragon_highlight_value in group human at file: common/dna_data/test_dna_riverlands.txt line: 190 (Tully_asoiaf_4)

[original line 5422][portraitcontext.cpp:184] No gene with key: gene_dragon_eye_hue in group human at file: common/dna_data/test_dna_riverlands.txt line: 191 (Tully_asoiaf_4)

[original line 5423][portraitcontext.cpp:184] No gene with key: gene_dragon_eye_value in group human at file: common/dna_data/test_dna_riverlands.txt line: 192 (Tully_asoiaf_4)

[original line 5424][portraitcontext.cpp:184] No gene with key: gene_dragon_horn_hue in group human at file: common/dna_data/test_dna_riverlands.txt line: 193 (Tully_asoiaf_4)

[original line 5425][portraitcontext.cpp:184] No gene with key: gene_dragon_horn_value in group human at file: common/dna_data/test_dna_riverlands.txt line: 194 (Tully_asoiaf_4)

[original line 5426][portraitcontext.cpp:184] No gene with key: gene_eye_size in group human at file: common/dna_data/test_dna_riverlands.txt line: 327 (Tully_asoiaf_4)

[original line 5427][portraitcontext.cpp:184] No gene with key: gene_eye_shut_top in group human at file: common/dna_data/test_dna_riverlands.txt line: 328 (Tully_asoiaf_4)

[original line 5428][portraitcontext.cpp:184] No gene with key: gene_eye_shut_bottom in group human at file: common/dna_data/test_dna_riverlands.txt line: 329 (Tully_asoiaf_4)

[original line 5429][portraitcontext.cpp:184] No gene with key: gene_forehead_inner_brow_width in group human at file: common/dna_data/test_dna_riverlands.txt line: 335 (Tully_asoiaf_4)

[original line 5430][portraitcontext.cpp:184] No gene with key: gene_bs_eye_fold_2 in group human at file: common/dna_data/test_dna_riverlands.txt line: 339 (Tully_asoiaf_4)

[original line 5431][portraitcontext.cpp:184] No gene with key: gene_bs_head_round_shape in group human at file: common/dna_data/test_dna_riverlands.txt line: 342 (Tully_asoiaf_4)

[original line 5462][portraitcontext.cpp:184] No gene with key: gene_dragon_skin_hue in group human at file: common/dna_data/test_dna_riverlands.txt line: 366 (Tully_asoiaf_6)

[original line 5463][portraitcontext.cpp:184] No gene with key: gene_dragon_skin_value in group human at file: common/dna_data/test_dna_riverlands.txt line: 367 (Tully_asoiaf_6)

[original line 5464][portraitcontext.cpp:184] No gene with key: gene_dragon_highlight_hue in group human at file: common/dna_data/test_dna_riverlands.txt line: 368 (Tully_asoiaf_6)

[original line 5465][portraitcontext.cpp:184] No gene with key: gene_dragon_highlight_value in group human at file: common/dna_data/test_dna_riverlands.txt line: 369 (Tully_asoiaf_6)

[original line 5466][portraitcontext.cpp:184] No gene with key: gene_dragon_eye_hue in group human at file: common/dna_data/test_dna_riverlands.txt line: 370 (Tully_asoiaf_6)

[original line 5467][portraitcontext.cpp:184] No gene with key: gene_dragon_eye_value in group human at file: common/dna_data/test_dna_riverlands.txt line: 371 (Tully_asoiaf_6)

[original line 5468][portraitcontext.cpp:184] No gene with key: gene_dragon_horn_hue in group human at file: common/dna_data/test_dna_riverlands.txt line: 372 (Tully_asoiaf_6)

[original line 5469][portraitcontext.cpp:184] No gene with key: gene_dragon_horn_value in group human at file: common/dna_data/test_dna_riverlands.txt line: 373 (Tully_asoiaf_6)

[original line 5470][portraitcontext.cpp:184] No gene with key: gene_eye_size in group human at file: common/dna_data/test_dna_riverlands.txt line: 506 (Tully_asoiaf_6)

[original line 5471][portraitcontext.cpp:184] No gene with key: gene_eye_shut_top in group human at file: common/dna_data/test_dna_riverlands.txt line: 507 (Tully_asoiaf_6)

[original line 5472][portraitcontext.cpp:184] No gene with key: gene_eye_shut_bottom in group human at file: common/dna_data/test_dna_riverlands.txt line: 508 (Tully_asoiaf_6)

[original line 5473][portraitcontext.cpp:184] No gene with key: gene_forehead_inner_brow_width in group human at file: common/dna_data/test_dna_riverlands.txt line: 514 (Tully_asoiaf_6)

[original line 5474][portraitcontext.cpp:184] No gene with key: gene_bs_eye_fold_2 in group human at file: common/dna_data/test_dna_riverlands.txt line: 518 (Tully_asoiaf_6)

[original line 5475][portraitcontext.cpp:184] No gene with key: gene_bs_head_round_shape in group human at file: common/dna_data/test_dna_riverlands.txt line: 521 (Tully_asoiaf_6)

[original line 5506][portraitcontext.cpp:184] No gene with key: gene_dragon_skin_hue in group human at file: common/dna_data/test_dna_riverlands.txt line: 546 (Tully_asoiaf_7)

[original line 5507][portraitcontext.cpp:184] No gene with key: gene_dragon_skin_value in group human at file: common/dna_data/test_dna_riverlands.txt line: 547 (Tully_asoiaf_7)

[original line 5508][portraitcontext.cpp:184] No gene with key: gene_dragon_highlight_hue in group human at file: common/dna_data/test_dna_riverlands.txt line: 548 (Tully_asoiaf_7)

[original line 5509][portraitcontext.cpp:184] No gene with key: gene_dragon_highlight_value in group human at file: common/dna_data/test_dna_riverlands.txt line: 549 (Tully_asoiaf_7)

[original line 5510][portraitcontext.cpp:184] No gene with key: gene_dragon_eye_hue in group human at file: common/dna_data/test_dna_riverlands.txt line: 550 (Tully_asoiaf_7)

[original line 5511][portraitcontext.cpp:184] No gene with key: gene_dragon_eye_value in group human at file: common/dna_data/test_dna_riverlands.txt line: 551 (Tully_asoiaf_7)

[original line 5512][portraitcontext.cpp:184] No gene with key: gene_dragon_horn_hue in group human at file: common/dna_data/test_dna_riverlands.txt line: 552 (Tully_asoiaf_7)

[original line 5513][portraitcontext.cpp:184] No gene with key: gene_dragon_horn_value in group human at file: common/dna_data/test_dna_riverlands.txt line: 553 (Tully_asoiaf_7)

[original line 5514][portraitcontext.cpp:184] No gene with key: gene_eye_size in group human at file: common/dna_data/test_dna_riverlands.txt line: 686 (Tully_asoiaf_7)

[original line 5515][portraitcontext.cpp:184] No gene with key: gene_eye_shut_top in group human at file: common/dna_data/test_dna_riverlands.txt line: 687 (Tully_asoiaf_7)

[original line 5516][portraitcontext.cpp:184] No gene with key: gene_eye_shut_bottom in group human at file: common/dna_data/test_dna_riverlands.txt line: 688 (Tully_asoiaf_7)

[original line 5517][portraitcontext.cpp:184] No gene with key: gene_forehead_inner_brow_width in group human at file: common/dna_data/test_dna_riverlands.txt line: 694 (Tully_asoiaf_7)

[original line 5518][portraitcontext.cpp:184] No gene with key: gene_bs_eye_fold_2 in group human at file: common/dna_data/test_dna_riverlands.txt line: 698 (Tully_asoiaf_7)

[original line 5519][portraitcontext.cpp:184] No gene with key: gene_bs_head_round_shape in group human at file: common/dna_data/test_dna_riverlands.txt line: 701 (Tully_asoiaf_7)

[original line 5550][portraitcontext.cpp:184] No gene with key: gene_dragon_skin_hue in group human at file: common/dna_data/test_dna_riverlands.txt line: 725 (Tully_asoiaf_9)

[original line 5551][portraitcontext.cpp:184] No gene with key: gene_dragon_skin_value in group human at file: common/dna_data/test_dna_riverlands.txt line: 726 (Tully_asoiaf_9)

[original line 5552][portraitcontext.cpp:184] No gene with key: gene_dragon_highlight_hue in group human at file: common/dna_data/test_dna_riverlands.txt line: 727 (Tully_asoiaf_9)

[original line 5553][portraitcontext.cpp:184] No gene with key: gene_dragon_highlight_value in group human at file: common/dna_data/test_dna_riverlands.txt line: 728 (Tully_asoiaf_9)

[original line 5554][portraitcontext.cpp:184] No gene with key: gene_dragon_eye_hue in group human at file: common/dna_data/test_dna_riverlands.txt line: 729 (Tully_asoiaf_9)

[original line 5555][portraitcontext.cpp:184] No gene with key: gene_dragon_eye_value in group human at file: common/dna_data/test_dna_riverlands.txt line: 730 (Tully_asoiaf_9)

[original line 5556][portraitcontext.cpp:184] No gene with key: gene_dragon_horn_hue in group human at file: common/dna_data/test_dna_riverlands.txt line: 731 (Tully_asoiaf_9)

[original line 5557][portraitcontext.cpp:184] No gene with key: gene_dragon_horn_value in group human at file: common/dna_data/test_dna_riverlands.txt line: 732 (Tully_asoiaf_9)

[original line 5558][portraitcontext.cpp:184] No gene with key: gene_eye_size in group human at file: common/dna_data/test_dna_riverlands.txt line: 865 (Tully_asoiaf_9)

[original line 5559][portraitcontext.cpp:184] No gene with key: gene_eye_shut_top in group human at file: common/dna_data/test_dna_riverlands.txt line: 866 (Tully_asoiaf_9)

[original line 5560][portraitcontext.cpp:184] No gene with key: gene_eye_shut_bottom in group human at file: common/dna_data/test_dna_riverlands.txt line: 867 (Tully_asoiaf_9)

[original line 5561][portraitcontext.cpp:184] No gene with key: gene_forehead_inner_brow_width in group human at file: common/dna_data/test_dna_riverlands.txt line: 873 (Tully_asoiaf_9)

[original line 5562][portraitcontext.cpp:184] No gene with key: gene_bs_eye_fold_2 in group human at file: common/dna_data/test_dna_riverlands.txt line: 877 (Tully_asoiaf_9)

[original line 5563][portraitcontext.cpp:184] No gene with key: gene_bs_head_round_shape in group human at file: common/dna_data/test_dna_riverlands.txt line: 880 (Tully_asoiaf_9)

[original line 5594][portraitcontext.cpp:184] No gene with key: gene_dragon_skin_hue in group human at file: common/dna_data/test_dna_riverlands.txt line: 904 (Strong_asoiaf_28)

[original line 5595][portraitcontext.cpp:184] No gene with key: gene_dragon_skin_value in group human at file: common/dna_data/test_dna_riverlands.txt line: 905 (Strong_asoiaf_28)

[original line 5596][portraitcontext.cpp:184] No gene with key: gene_dragon_highlight_hue in group human at file: common/dna_data/test_dna_riverlands.txt line: 906 (Strong_asoiaf_28)

[original line 5597][portraitcontext.cpp:184] No gene with key: gene_dragon_highlight_value in group human at file: common/dna_data/test_dna_riverlands.txt line: 907 (Strong_asoiaf_28)

[original line 5598][portraitcontext.cpp:184] No gene with key: gene_dragon_eye_hue in group human at file: common/dna_data/test_dna_riverlands.txt line: 908 (Strong_asoiaf_28)

[original line 5599][portraitcontext.cpp:184] No gene with key: gene_dragon_eye_value in group human at file: common/dna_data/test_dna_riverlands.txt line: 909 (Strong_asoiaf_28)

[original line 5600][portraitcontext.cpp:184] No gene with key: gene_dragon_horn_hue in group human at file: common/dna_data/test_dna_riverlands.txt line: 910 (Strong_asoiaf_28)

[original line 5601][portraitcontext.cpp:184] No gene with key: gene_dragon_horn_value in group human at file: common/dna_data/test_dna_riverlands.txt line: 911 (Strong_asoiaf_28)

[original line 5602][portraitcontext.cpp:184] No gene with key: gene_bs_head_round_shape in group human at file: common/dna_data/test_dna_riverlands.txt line: 1056 (Strong_asoiaf_28)

[original line 5629][portraitcontext.cpp:184] No gene with key: gene_dragon_skin_hue in group human at file: common/dna_data/test_dna_riverlands.txt line: 1082 (Strong_asoiaf_29)

[original line 5630][portraitcontext.cpp:184] No gene with key: gene_dragon_skin_value in group human at file: common/dna_data/test_dna_riverlands.txt line: 1083 (Strong_asoiaf_29)

[original line 5631][portraitcontext.cpp:184] No gene with key: gene_dragon_highlight_hue in group human at file: common/dna_data/test_dna_riverlands.txt line: 1084 (Strong_asoiaf_29)

[original line 5632][portraitcontext.cpp:184] No gene with key: gene_dragon_highlight_value in group human at file: common/dna_data/test_dna_riverlands.txt line: 1085 (Strong_asoiaf_29)

[original line 5633][portraitcontext.cpp:184] No gene with key: gene_dragon_eye_hue in group human at file: common/dna_data/test_dna_riverlands.txt line: 1086 (Strong_asoiaf_29)

[original line 5634][portraitcontext.cpp:184] No gene with key: gene_dragon_eye_value in group human at file: common/dna_data/test_dna_riverlands.txt line: 1087 (Strong_asoiaf_29)

[original line 5635][portraitcontext.cpp:184] No gene with key: gene_dragon_horn_hue in group human at file: common/dna_data/test_dna_riverlands.txt line: 1088 (Strong_asoiaf_29)

[original line 5636][portraitcontext.cpp:184] No gene with key: gene_dragon_horn_value in group human at file: common/dna_data/test_dna_riverlands.txt line: 1089 (Strong_asoiaf_29)

[original line 5637][portraitcontext.cpp:184] No gene with key: gene_bs_head_round_shape in group human at file: common/dna_data/test_dna_riverlands.txt line: 1234 (Strong_asoiaf_29)

[original line 5664][portraitcontext.cpp:184] No gene with key: gene_dragon_skin_hue in group human at file: common/dna_data/test_dna_riverlands.txt line: 1260 (Strong_asoiaf_34)

[original line 5665][portraitcontext.cpp:184] No gene with key: gene_dragon_skin_value in group human at file: common/dna_data/test_dna_riverlands.txt line: 1261 (Strong_asoiaf_34)

[original line 5666][portraitcontext.cpp:184] No gene with key: gene_dragon_highlight_hue in group human at file: common/dna_data/test_dna_riverlands.txt line: 1262 (Strong_asoiaf_34)

[original line 5667][portraitcontext.cpp:184] No gene with key: gene_dragon_highlight_value in group human at file: common/dna_data/test_dna_riverlands.txt line: 1263 (Strong_asoiaf_34)

[original line 5668][portraitcontext.cpp:184] No gene with key: gene_dragon_eye_hue in group human at file: common/dna_data/test_dna_riverlands.txt line: 1264 (Strong_asoiaf_34)

[original line 5669][portraitcontext.cpp:184] No gene with key: gene_dragon_eye_value in group human at file: common/dna_data/test_dna_riverlands.txt line: 1265 (Strong_asoiaf_34)

[original line 5670][portraitcontext.cpp:184] No gene with key: gene_dragon_horn_hue in group human at file: common/dna_data/test_dna_riverlands.txt line: 1266 (Strong_asoiaf_34)

[original line 5671][portraitcontext.cpp:184] No gene with key: gene_dragon_horn_value in group human at file: common/dna_data/test_dna_riverlands.txt line: 1267 (Strong_asoiaf_34)

[original line 5672][portraitcontext.cpp:184] No gene with key: gene_bs_eye_fold_2 in group human at file: common/dna_data/test_dna_riverlands.txt line: 1410 (Strong_asoiaf_34)

[original line 5673][portraitcontext.cpp:184] No gene with key: gene_bs_head_round_shape in group human at file: common/dna_data/test_dna_riverlands.txt line: 1413 (Strong_asoiaf_34)

[original line 5702][portraitcontext.cpp:184] No gene with key: gene_dragon_scales_effect in group human at file: common/dna_data/test_dna_riverlands.txt line: 1579 (Strong_asoiaf_30)

[original line 5719][portraitcontext.cpp:184] No gene with key: gene_dragon_skin_hue in group human at file: common/dna_data/test_dna_riverlands.txt line: 1619 (Strong_asoiaf_31)

[original line 5720][portraitcontext.cpp:184] No gene with key: gene_dragon_skin_value in group human at file: common/dna_data/test_dna_riverlands.txt line: 1620 (Strong_asoiaf_31)

[original line 5721][portraitcontext.cpp:184] No gene with key: gene_dragon_highlight_hue in group human at file: common/dna_data/test_dna_riverlands.txt line: 1621 (Strong_asoiaf_31)

[original line 5722][portraitcontext.cpp:184] No gene with key: gene_dragon_highlight_value in group human at file: common/dna_data/test_dna_riverlands.txt line: 1622 (Strong_asoiaf_31)

[original line 5723][portraitcontext.cpp:184] No gene with key: gene_dragon_eye_hue in group human at file: common/dna_data/test_dna_riverlands.txt line: 1623 (Strong_asoiaf_31)

[original line 5724][portraitcontext.cpp:184] No gene with key: gene_dragon_eye_value in group human at file: common/dna_data/test_dna_riverlands.txt line: 1624 (Strong_asoiaf_31)

[original line 5725][portraitcontext.cpp:184] No gene with key: gene_dragon_horn_hue in group human at file: common/dna_data/test_dna_riverlands.txt line: 1625 (Strong_asoiaf_31)

[original line 5726][portraitcontext.cpp:184] No gene with key: gene_dragon_horn_value in group human at file: common/dna_data/test_dna_riverlands.txt line: 1626 (Strong_asoiaf_31)

[original line 5727][portraitcontext.cpp:184] No gene with key: gene_bs_eye_fold_2 in group human at file: common/dna_data/test_dna_riverlands.txt line: 1769 (Strong_asoiaf_31)

[original line 5728][portraitcontext.cpp:184] No gene with key: gene_bs_head_round_shape in group human at file: common/dna_data/test_dna_riverlands.txt line: 1772 (Strong_asoiaf_31)

[original line 5755][portraitcontext.cpp:184] No gene with key: gene_dragon_skin_hue in group human at file: common/dna_data/test_dna_riverlands.txt line: 1798 (Frey_asoiaf_1)

[original line 5756][portraitcontext.cpp:184] No gene with key: gene_dragon_skin_value in group human at file: common/dna_data/test_dna_riverlands.txt line: 1799 (Frey_asoiaf_1)

[original line 5757][portraitcontext.cpp:184] No gene with key: gene_dragon_highlight_hue in group human at file: common/dna_data/test_dna_riverlands.txt line: 1800 (Frey_asoiaf_1)

[original line 5758][portraitcontext.cpp:184] No gene with key: gene_dragon_highlight_value in group human at file: common/dna_data/test_dna_riverlands.txt line: 1801 (Frey_asoiaf_1)

[original line 5759][portraitcontext.cpp:184] No gene with key: gene_dragon_eye_hue in group human at file: common/dna_data/test_dna_riverlands.txt line: 1802 (Frey_asoiaf_1)

[original line 5760][portraitcontext.cpp:184] No gene with key: gene_dragon_eye_value in group human at file: common/dna_data/test_dna_riverlands.txt line: 1803 (Frey_asoiaf_1)

[original line 5761][portraitcontext.cpp:184] No gene with key: gene_dragon_horn_hue in group human at file: common/dna_data/test_dna_riverlands.txt line: 1804 (Frey_asoiaf_1)

[original line 5762][portraitcontext.cpp:184] No gene with key: gene_dragon_horn_value in group human at file: common/dna_data/test_dna_riverlands.txt line: 1805 (Frey_asoiaf_1)

[original line 5763][portraitcontext.cpp:184] No gene with key: gene_bs_head_round_shape in group human at file: common/dna_data/test_dna_riverlands.txt line: 1950 (Frey_asoiaf_1)

[original line 5832][portraitcontext.cpp:184] No gene with key: gene_dragon_scales_effect in group human at file: common/dna_data/test_dna_stormlands.txt line: 148 (Baratheon_asoiaf_34)

[original line 5851][portraitcontext.cpp:184] No gene with key: gene_dragon_scales_effect in group human at file: common/dna_data/test_dna_stormlands.txt line: 328 (Baratheon_asoiaf_36)

[original line 5870][portraitcontext.cpp:184] No gene with key: gene_dragon_scales_effect in group human at file: common/dna_data/test_dna_stormlands.txt line: 508 (Baratheon_asoiaf_50)

[original line 5889][portraitcontext.cpp:184] No gene with key: gene_dragon_scales_effect in group human at file: common/dna_data/test_dna_stormlands.txt line: 688 (Baratheon_asoiaf_52)

[original line 5926][portraitcontext.cpp:184] No gene with key: gene_dragon_skin_hue in group human at file: common/dna_data/test_dna_stormlands.txt line: 1205 (Baratheon_asoiaf_2)

[original line 5927][portraitcontext.cpp:184] No gene with key: gene_dragon_skin_value in group human at file: common/dna_data/test_dna_stormlands.txt line: 1206 (Baratheon_asoiaf_2)

[original line 5928][portraitcontext.cpp:184] No gene with key: gene_dragon_highlight_hue in group human at file: common/dna_data/test_dna_stormlands.txt line: 1207 (Baratheon_asoiaf_2)

[original line 5929][portraitcontext.cpp:184] No gene with key: gene_dragon_highlight_value in group human at file: common/dna_data/test_dna_stormlands.txt line: 1208 (Baratheon_asoiaf_2)

[original line 5930][portraitcontext.cpp:184] No gene with key: gene_dragon_eye_hue in group human at file: common/dna_data/test_dna_stormlands.txt line: 1209 (Baratheon_asoiaf_2)

[original line 5931][portraitcontext.cpp:184] No gene with key: gene_dragon_eye_value in group human at file: common/dna_data/test_dna_stormlands.txt line: 1210 (Baratheon_asoiaf_2)

[original line 5932][portraitcontext.cpp:184] No gene with key: gene_dragon_horn_hue in group human at file: common/dna_data/test_dna_stormlands.txt line: 1211 (Baratheon_asoiaf_2)

[original line 5933][portraitcontext.cpp:184] No gene with key: gene_dragon_horn_value in group human at file: common/dna_data/test_dna_stormlands.txt line: 1212 (Baratheon_asoiaf_2)

[original line 5960][portraitcontext.cpp:184] No gene with key: gene_dragon_skin_hue in group human at file: common/dna_data/test_dna_stormlands.txt line: 1277 (Baratheon_asoiaf_3)

[original line 5961][portraitcontext.cpp:184] No gene with key: gene_dragon_skin_value in group human at file: common/dna_data/test_dna_stormlands.txt line: 1278 (Baratheon_asoiaf_3)

[original line 5962][portraitcontext.cpp:184] No gene with key: gene_dragon_highlight_hue in group human at file: common/dna_data/test_dna_stormlands.txt line: 1279 (Baratheon_asoiaf_3)

[original line 5963][portraitcontext.cpp:184] No gene with key: gene_dragon_highlight_value in group human at file: common/dna_data/test_dna_stormlands.txt line: 1280 (Baratheon_asoiaf_3)

[original line 5964][portraitcontext.cpp:184] No gene with key: gene_dragon_eye_hue in group human at file: common/dna_data/test_dna_stormlands.txt line: 1281 (Baratheon_asoiaf_3)

[original line 5965][portraitcontext.cpp:184] No gene with key: gene_dragon_eye_value in group human at file: common/dna_data/test_dna_stormlands.txt line: 1282 (Baratheon_asoiaf_3)

[original line 5966][portraitcontext.cpp:184] No gene with key: gene_dragon_horn_hue in group human at file: common/dna_data/test_dna_stormlands.txt line: 1283 (Baratheon_asoiaf_3)

[original line 5967][portraitcontext.cpp:184] No gene with key: gene_dragon_horn_value in group human at file: common/dna_data/test_dna_stormlands.txt line: 1284 (Baratheon_asoiaf_3)

[original line 5968][portraitcontext.cpp:184] No gene with key: gene_bs_head_round_shape in group human at file: common/dna_data/test_dna_stormlands.txt line: 1429 (Baratheon_asoiaf_3)

[original line 5995][portraitcontext.cpp:184] No gene with key: gene_dragon_skin_hue in group human at file: common/dna_data/test_dna_stormlands.txt line: 1455 (Baratheon_asoiaf_4)

[original line 5996][portraitcontext.cpp:184] No gene with key: gene_dragon_skin_value in group human at file: common/dna_data/test_dna_stormlands.txt line: 1456 (Baratheon_asoiaf_4)

[original line 5997][portraitcontext.cpp:184] No gene with key: gene_dragon_highlight_hue in group human at file: common/dna_data/test_dna_stormlands.txt line: 1457 (Baratheon_asoiaf_4)

[original line 5998][portraitcontext.cpp:184] No gene with key: gene_dragon_highlight_value in group human at file: common/dna_data/test_dna_stormlands.txt line: 1458 (Baratheon_asoiaf_4)

[original line 5999][portraitcontext.cpp:184] No gene with key: gene_dragon_eye_hue in group human at file: common/dna_data/test_dna_stormlands.txt line: 1459 (Baratheon_asoiaf_4)

[original line 6000][portraitcontext.cpp:184] No gene with key: gene_dragon_eye_value in group human at file: common/dna_data/test_dna_stormlands.txt line: 1460 (Baratheon_asoiaf_4)

[original line 6001][portraitcontext.cpp:184] No gene with key: gene_dragon_horn_hue in group human at file: common/dna_data/test_dna_stormlands.txt line: 1461 (Baratheon_asoiaf_4)

[original line 6002][portraitcontext.cpp:184] No gene with key: gene_dragon_horn_value in group human at file: common/dna_data/test_dna_stormlands.txt line: 1462 (Baratheon_asoiaf_4)

[original line 6003][portraitcontext.cpp:184] No gene with key: gene_bs_head_round_shape in group human at file: common/dna_data/test_dna_stormlands.txt line: 1607 (Baratheon_asoiaf_4)

[original line 6030][portraitcontext.cpp:184] No gene with key: gene_dragon_skin_hue in group human at file: common/dna_data/test_dna_stormlands.txt line: 1633 (Baratheon_asoiaf_2_1)

[original line 6031][portraitcontext.cpp:184] No gene with key: gene_dragon_skin_value in group human at file: common/dna_data/test_dna_stormlands.txt line: 1634 (Baratheon_asoiaf_2_1)

[original line 6032][portraitcontext.cpp:184] No gene with key: gene_dragon_highlight_hue in group human at file: common/dna_data/test_dna_stormlands.txt line: 1635 (Baratheon_asoiaf_2_1)

[original line 6033][portraitcontext.cpp:184] No gene with key: gene_dragon_highlight_value in group human at file: common/dna_data/test_dna_stormlands.txt line: 1636 (Baratheon_asoiaf_2_1)

[original line 6034][portraitcontext.cpp:184] No gene with key: gene_dragon_eye_hue in group human at file: common/dna_data/test_dna_stormlands.txt line: 1637 (Baratheon_asoiaf_2_1)

[original line 6035][portraitcontext.cpp:184] No gene with key: gene_dragon_eye_value in group human at file: common/dna_data/test_dna_stormlands.txt line: 1638 (Baratheon_asoiaf_2_1)

[original line 6036][portraitcontext.cpp:184] No gene with key: gene_dragon_horn_hue in group human at file: common/dna_data/test_dna_stormlands.txt line: 1639 (Baratheon_asoiaf_2_1)

[original line 6037][portraitcontext.cpp:184] No gene with key: gene_dragon_horn_value in group human at file: common/dna_data/test_dna_stormlands.txt line: 1640 (Baratheon_asoiaf_2_1)

[original line 6038][portraitcontext.cpp:184] No gene with key: gene_eye_size in group human at file: common/dna_data/test_dna_stormlands.txt line: 1773 (Baratheon_asoiaf_2_1)

[original line 6039][portraitcontext.cpp:184] No gene with key: gene_eye_shut_top in group human at file: common/dna_data/test_dna_stormlands.txt line: 1774 (Baratheon_asoiaf_2_1)

[original line 6040][portraitcontext.cpp:184] No gene with key: gene_eye_shut_bottom in group human at file: common/dna_data/test_dna_stormlands.txt line: 1775 (Baratheon_asoiaf_2_1)

[original line 6041][portraitcontext.cpp:184] No gene with key: gene_forehead_inner_brow_width in group human at file: common/dna_data/test_dna_stormlands.txt line: 1781 (Baratheon_asoiaf_2_1)

[original line 6042][portraitcontext.cpp:184] No gene with key: gene_bs_eye_fold_2 in group human at file: common/dna_data/test_dna_stormlands.txt line: 1785 (Baratheon_asoiaf_2_1)

[original line 6043][portraitcontext.cpp:184] No gene with key: gene_bs_head_round_shape in group human at file: common/dna_data/test_dna_stormlands.txt line: 1788 (Baratheon_asoiaf_2_1)

[original line 6094][portraitcontext.cpp:184] No gene with key: gene_dragon_skin_hue in group human at file: common/dna_data/test_dna_stormlands.txt line: 2289 (Baratheon_asoiaf_7)

[original line 6095][portraitcontext.cpp:184] No gene with key: gene_dragon_skin_value in group human at file: common/dna_data/test_dna_stormlands.txt line: 2290 (Baratheon_asoiaf_7)

[original line 6096][portraitcontext.cpp:184] No gene with key: gene_dragon_highlight_hue in group human at file: common/dna_data/test_dna_stormlands.txt line: 2291 (Baratheon_asoiaf_7)

[original line 6097][portraitcontext.cpp:184] No gene with key: gene_dragon_highlight_value in group human at file: common/dna_data/test_dna_stormlands.txt line: 2292 (Baratheon_asoiaf_7)

[original line 6098][portraitcontext.cpp:184] No gene with key: gene_dragon_eye_hue in group human at file: common/dna_data/test_dna_stormlands.txt line: 2293 (Baratheon_asoiaf_7)

[original line 6099][portraitcontext.cpp:184] No gene with key: gene_dragon_eye_value in group human at file: common/dna_data/test_dna_stormlands.txt line: 2294 (Baratheon_asoiaf_7)

[original line 6100][portraitcontext.cpp:184] No gene with key: gene_dragon_horn_hue in group human at file: common/dna_data/test_dna_stormlands.txt line: 2295 (Baratheon_asoiaf_7)

[original line 6101][portraitcontext.cpp:184] No gene with key: gene_dragon_horn_value in group human at file: common/dna_data/test_dna_stormlands.txt line: 2296 (Baratheon_asoiaf_7)

[original line 6102][portraitcontext.cpp:184] No gene with key: gene_bs_head_round_shape in group human at file: common/dna_data/test_dna_stormlands.txt line: 2334 (Baratheon_asoiaf_7)

[original line 6139][portraitcontext.cpp:184] No gene with key: gene_dragon_skin_hue in group human at file: common/dna_data/test_dna_stormlands.txt line: 2546 (Baratheon_asoiaf_13)

[original line 6140][portraitcontext.cpp:184] No gene with key: gene_dragon_skin_value in group human at file: common/dna_data/test_dna_stormlands.txt line: 2547 (Baratheon_asoiaf_13)

[original line 6141][portraitcontext.cpp:184] No gene with key: gene_dragon_highlight_hue in group human at file: common/dna_data/test_dna_stormlands.txt line: 2548 (Baratheon_asoiaf_13)

[original line 6142][portraitcontext.cpp:184] No gene with key: gene_dragon_highlight_value in group human at file: common/dna_data/test_dna_stormlands.txt line: 2549 (Baratheon_asoiaf_13)

[original line 6143][portraitcontext.cpp:184] No gene with key: gene_dragon_eye_hue in group human at file: common/dna_data/test_dna_stormlands.txt line: 2550 (Baratheon_asoiaf_13)

[original line 6144][portraitcontext.cpp:184] No gene with key: gene_dragon_eye_value in group human at file: common/dna_data/test_dna_stormlands.txt line: 2551 (Baratheon_asoiaf_13)

[original line 6145][portraitcontext.cpp:184] No gene with key: gene_dragon_horn_hue in group human at file: common/dna_data/test_dna_stormlands.txt line: 2552 (Baratheon_asoiaf_13)

[original line 6146][portraitcontext.cpp:184] No gene with key: gene_dragon_horn_value in group human at file: common/dna_data/test_dna_stormlands.txt line: 2553 (Baratheon_asoiaf_13)

[original line 6147][portraitcontext.cpp:184] No gene with key: gene_bs_eye_fold_2 in group human at file: common/dna_data/test_dna_stormlands.txt line: 2696 (Baratheon_asoiaf_13)

[original line 6148][portraitcontext.cpp:184] No gene with key: gene_bs_head_round_shape in group human at file: common/dna_data/test_dna_stormlands.txt line: 2699 (Baratheon_asoiaf_13)

[original line 6177][portraitcontext.cpp:184] No gene with key: gene_dragon_scales_effect in group human at file: common/dna_data/test_dna_stormlands.txt line: 2865 (Wylde_asoiaf_27)

[original line 6196][portraitcontext.cpp:184] No gene with key: gene_dragon_scales_effect in group human at file: common/dna_data/test_dna_stormlands.txt line: 3045 (Estermont_asoiaf_44)

[original line 6213][portraitcontext.cpp:184] No gene with key: gene_dragon_skin_hue in group human at file: common/dna_data/test_dna_stormlands.txt line: 3085 (Lonmouth_asoiaf_16)

[original line 6214][portraitcontext.cpp:184] No gene with key: gene_dragon_skin_value in group human at file: common/dna_data/test_dna_stormlands.txt line: 3086 (Lonmouth_asoiaf_16)

[original line 6215][portraitcontext.cpp:184] No gene with key: gene_dragon_highlight_hue in group human at file: common/dna_data/test_dna_stormlands.txt line: 3087 (Lonmouth_asoiaf_16)

[original line 6216][portraitcontext.cpp:184] No gene with key: gene_dragon_highlight_value in group human at file: common/dna_data/test_dna_stormlands.txt line: 3088 (Lonmouth_asoiaf_16)

[original line 6217][portraitcontext.cpp:184] No gene with key: gene_dragon_eye_hue in group human at file: common/dna_data/test_dna_stormlands.txt line: 3089 (Lonmouth_asoiaf_16)

[original line 6218][portraitcontext.cpp:184] No gene with key: gene_dragon_eye_value in group human at file: common/dna_data/test_dna_stormlands.txt line: 3090 (Lonmouth_asoiaf_16)

[original line 6219][portraitcontext.cpp:184] No gene with key: gene_dragon_horn_hue in group human at file: common/dna_data/test_dna_stormlands.txt line: 3091 (Lonmouth_asoiaf_16)

[original line 6220][portraitcontext.cpp:184] No gene with key: gene_dragon_horn_value in group human at file: common/dna_data/test_dna_stormlands.txt line: 3092 (Lonmouth_asoiaf_16)

[original line 6221][portraitcontext.cpp:184] No gene with key: gene_bs_head_round_shape in group human at file: common/dna_data/test_dna_stormlands.txt line: 3237 (Lonmouth_asoiaf_16)

[original line 6248][portraitcontext.cpp:184] No gene with key: gene_dragon_skin_hue in group human at file: common/dna_data/test_dna_stormlands.txt line: 3263 (Tarth_asoiaf_1)

[original line 6249][portraitcontext.cpp:184] No gene with key: gene_dragon_skin_value in group human at file: common/dna_data/test_dna_stormlands.txt line: 3264 (Tarth_asoiaf_1)

[original line 6250][portraitcontext.cpp:184] No gene with key: gene_dragon_highlight_hue in group human at file: common/dna_data/test_dna_stormlands.txt line: 3265 (Tarth_asoiaf_1)

[original line 6251][portraitcontext.cpp:184] No gene with key: gene_dragon_highlight_value in group human at file: common/dna_data/test_dna_stormlands.txt line: 3266 (Tarth_asoiaf_1)

[original line 6252][portraitcontext.cpp:184] No gene with key: gene_dragon_eye_hue in group human at file: common/dna_data/test_dna_stormlands.txt line: 3267 (Tarth_asoiaf_1)

[original line 6253][portraitcontext.cpp:184] No gene with key: gene_dragon_eye_value in group human at file: common/dna_data/test_dna_stormlands.txt line: 3268 (Tarth_asoiaf_1)

[original line 6254][portraitcontext.cpp:184] No gene with key: gene_dragon_horn_hue in group human at file: common/dna_data/test_dna_stormlands.txt line: 3269 (Tarth_asoiaf_1)

[original line 6255][portraitcontext.cpp:184] No gene with key: gene_dragon_horn_value in group human at file: common/dna_data/test_dna_stormlands.txt line: 3270 (Tarth_asoiaf_1)

[original line 6256][portraitcontext.cpp:184] No gene with key: gene_eye_size in group human at file: common/dna_data/test_dna_stormlands.txt line: 3403 (Tarth_asoiaf_1)

[original line 6257][portraitcontext.cpp:184] No gene with key: gene_eye_shut_top in group human at file: common/dna_data/test_dna_stormlands.txt line: 3404 (Tarth_asoiaf_1)

[original line 6258][portraitcontext.cpp:184] No gene with key: gene_eye_shut_bottom in group human at file: common/dna_data/test_dna_stormlands.txt line: 3405 (Tarth_asoiaf_1)

[original line 6259][portraitcontext.cpp:184] No gene with key: gene_forehead_inner_brow_width in group human at file: common/dna_data/test_dna_stormlands.txt line: 3411 (Tarth_asoiaf_1)

[original line 6260][portraitcontext.cpp:184] No gene with key: gene_bs_eye_fold_2 in group human at file: common/dna_data/test_dna_stormlands.txt line: 3415 (Tarth_asoiaf_1)

[original line 6261][portraitcontext.cpp:184] No gene with key: gene_bs_head_round_shape in group human at file: common/dna_data/test_dna_stormlands.txt line: 3418 (Tarth_asoiaf_1)

[original line 6292][portraitcontext.cpp:184] No gene with key: gene_dragon_skin_hue in group human at file: common/dna_data/test_dna_stormlands.txt line: 3444 (Tarth_asoiaf_3)

[original line 6293][portraitcontext.cpp:184] No gene with key: gene_dragon_skin_value in group human at file: common/dna_data/test_dna_stormlands.txt line: 3445 (Tarth_asoiaf_3)

[original line 6294][portraitcontext.cpp:184] No gene with key: gene_dragon_highlight_hue in group human at file: common/dna_data/test_dna_stormlands.txt line: 3446 (Tarth_asoiaf_3)

[original line 6295][portraitcontext.cpp:184] No gene with key: gene_dragon_highlight_value in group human at file: common/dna_data/test_dna_stormlands.txt line: 3447 (Tarth_asoiaf_3)

[original line 6296][portraitcontext.cpp:184] No gene with key: gene_dragon_eye_hue in group human at file: common/dna_data/test_dna_stormlands.txt line: 3448 (Tarth_asoiaf_3)

[original line 6297][portraitcontext.cpp:184] No gene with key: gene_dragon_eye_value in group human at file: common/dna_data/test_dna_stormlands.txt line: 3449 (Tarth_asoiaf_3)

[original line 6298][portraitcontext.cpp:184] No gene with key: gene_dragon_horn_hue in group human at file: common/dna_data/test_dna_stormlands.txt line: 3450 (Tarth_asoiaf_3)

[original line 6299][portraitcontext.cpp:184] No gene with key: gene_dragon_horn_value in group human at file: common/dna_data/test_dna_stormlands.txt line: 3451 (Tarth_asoiaf_3)

[original line 6300][portraitcontext.cpp:184] No gene with key: gene_eye_size in group human at file: common/dna_data/test_dna_stormlands.txt line: 3584 (Tarth_asoiaf_3)

[original line 6301][portraitcontext.cpp:184] No gene with key: gene_eye_shut_top in group human at file: common/dna_data/test_dna_stormlands.txt line: 3585 (Tarth_asoiaf_3)

[original line 6302][portraitcontext.cpp:184] No gene with key: gene_eye_shut_bottom in group human at file: common/dna_data/test_dna_stormlands.txt line: 3586 (Tarth_asoiaf_3)

[original line 6303][portraitcontext.cpp:184] No gene with key: gene_forehead_inner_brow_width in group human at file: common/dna_data/test_dna_stormlands.txt line: 3592 (Tarth_asoiaf_3)

[original line 6304][portraitcontext.cpp:184] No gene with key: gene_bs_eye_fold_2 in group human at file: common/dna_data/test_dna_stormlands.txt line: 3596 (Tarth_asoiaf_3)

[original line 6305][portraitcontext.cpp:184] No gene with key: gene_bs_head_round_shape in group human at file: common/dna_data/test_dna_stormlands.txt line: 3599 (Tarth_asoiaf_3)

[original line 6336][portraitcontext.cpp:184] No gene with key: gene_dragon_skin_hue in group human at file: common/dna_data/test_dna_stormlands.txt line: 3624 (Tarth_asoiaf_6)

[original line 6337][portraitcontext.cpp:184] No gene with key: gene_dragon_skin_value in group human at file: common/dna_data/test_dna_stormlands.txt line: 3625 (Tarth_asoiaf_6)

[original line 6338][portraitcontext.cpp:184] No gene with key: gene_dragon_highlight_hue in group human at file: common/dna_data/test_dna_stormlands.txt line: 3626 (Tarth_asoiaf_6)

[original line 6339][portraitcontext.cpp:184] No gene with key: gene_dragon_highlight_value in group human at file: common/dna_data/test_dna_stormlands.txt line: 3627 (Tarth_asoiaf_6)

[original line 6340][portraitcontext.cpp:184] No gene with key: gene_dragon_eye_hue in group human at file: common/dna_data/test_dna_stormlands.txt line: 3628 (Tarth_asoiaf_6)

[original line 6341][portraitcontext.cpp:184] No gene with key: gene_dragon_eye_value in group human at file: common/dna_data/test_dna_stormlands.txt line: 3629 (Tarth_asoiaf_6)

[original line 6342][portraitcontext.cpp:184] No gene with key: gene_dragon_horn_hue in group human at file: common/dna_data/test_dna_stormlands.txt line: 3630 (Tarth_asoiaf_6)

[original line 6343][portraitcontext.cpp:184] No gene with key: gene_dragon_horn_value in group human at file: common/dna_data/test_dna_stormlands.txt line: 3631 (Tarth_asoiaf_6)

[original line 6344][portraitcontext.cpp:184] No gene with key: gene_eye_size in group human at file: common/dna_data/test_dna_stormlands.txt line: 3764 (Tarth_asoiaf_6)

[original line 6345][portraitcontext.cpp:184] No gene with key: gene_eye_shut_top in group human at file: common/dna_data/test_dna_stormlands.txt line: 3765 (Tarth_asoiaf_6)

[original line 6346][portraitcontext.cpp:184] No gene with key: gene_eye_shut_bottom in group human at file: common/dna_data/test_dna_stormlands.txt line: 3766 (Tarth_asoiaf_6)

[original line 6347][portraitcontext.cpp:184] No gene with key: gene_forehead_inner_brow_width in group human at file: common/dna_data/test_dna_stormlands.txt line: 3772 (Tarth_asoiaf_6)

[original line 6348][portraitcontext.cpp:184] No gene with key: gene_bs_eye_fold_2 in group human at file: common/dna_data/test_dna_stormlands.txt line: 3776 (Tarth_asoiaf_6)

[original line 6349][portraitcontext.cpp:184] No gene with key: gene_bs_head_round_shape in group human at file: common/dna_data/test_dna_stormlands.txt line: 3779 (Tarth_asoiaf_6)

[original line 6380][portraitcontext.cpp:184] No gene with key: gene_dragon_skin_hue in group human at file: common/dna_data/test_dna_stormlands.txt line: 3804 (Selmy_asoiaf_3)

[original line 6381][portraitcontext.cpp:184] No gene with key: gene_dragon_skin_value in group human at file: common/dna_data/test_dna_stormlands.txt line: 3805 (Selmy_asoiaf_3)

[original line 6382][portraitcontext.cpp:184] No gene with key: gene_dragon_highlight_hue in group human at file: common/dna_data/test_dna_stormlands.txt line: 3806 (Selmy_asoiaf_3)

[original line 6383][portraitcontext.cpp:184] No gene with key: gene_dragon_highlight_value in group human at file: common/dna_data/test_dna_stormlands.txt line: 3807 (Selmy_asoiaf_3)

[original line 6384][portraitcontext.cpp:184] No gene with key: gene_dragon_eye_hue in group human at file: common/dna_data/test_dna_stormlands.txt line: 3808 (Selmy_asoiaf_3)

[original line 6385][portraitcontext.cpp:184] No gene with key: gene_dragon_eye_value in group human at file: common/dna_data/test_dna_stormlands.txt line: 3809 (Selmy_asoiaf_3)

[original line 6386][portraitcontext.cpp:184] No gene with key: gene_dragon_horn_hue in group human at file: common/dna_data/test_dna_stormlands.txt line: 3810 (Selmy_asoiaf_3)

[original line 6387][portraitcontext.cpp:184] No gene with key: gene_dragon_horn_value in group human at file: common/dna_data/test_dna_stormlands.txt line: 3811 (Selmy_asoiaf_3)

[original line 6388][portraitcontext.cpp:184] No gene with key: gene_eye_size in group human at file: common/dna_data/test_dna_stormlands.txt line: 3944 (Selmy_asoiaf_3)

[original line 6389][portraitcontext.cpp:184] No gene with key: gene_eye_shut_top in group human at file: common/dna_data/test_dna_stormlands.txt line: 3945 (Selmy_asoiaf_3)

[original line 6390][portraitcontext.cpp:184] No gene with key: gene_eye_shut_bottom in group human at file: common/dna_data/test_dna_stormlands.txt line: 3946 (Selmy_asoiaf_3)

[original line 6391][portraitcontext.cpp:184] No gene with key: gene_forehead_inner_brow_width in group human at file: common/dna_data/test_dna_stormlands.txt line: 3952 (Selmy_asoiaf_3)

[original line 6392][portraitcontext.cpp:184] No gene with key: gene_bs_eye_fold_2 in group human at file: common/dna_data/test_dna_stormlands.txt line: 3956 (Selmy_asoiaf_3)

[original line 6393][portraitcontext.cpp:184] No gene with key: gene_bs_head_round_shape in group human at file: common/dna_data/test_dna_stormlands.txt line: 3959 (Selmy_asoiaf_3)

[original line 6424][portraitcontext.cpp:184] No gene with key: gene_dragon_skin_hue in group human at file: common/dna_data/test_dna_stormlands.txt line: 3983 (Trant_asoiaf_2)

[original line 6425][portraitcontext.cpp:184] No gene with key: gene_dragon_skin_value in group human at file: common/dna_data/test_dna_stormlands.txt line: 3984 (Trant_asoiaf_2)

[original line 6426][portraitcontext.cpp:184] No gene with key: gene_dragon_highlight_hue in group human at file: common/dna_data/test_dna_stormlands.txt line: 3985 (Trant_asoiaf_2)

[original line 6427][portraitcontext.cpp:184] No gene with key: gene_dragon_highlight_value in group human at file: common/dna_data/test_dna_stormlands.txt line: 3986 (Trant_asoiaf_2)

[original line 6428][portraitcontext.cpp:184] No gene with key: gene_dragon_eye_hue in group human at file: common/dna_data/test_dna_stormlands.txt line: 3987 (Trant_asoiaf_2)

[original line 6429][portraitcontext.cpp:184] No gene with key: gene_dragon_eye_value in group human at file: common/dna_data/test_dna_stormlands.txt line: 3988 (Trant_asoiaf_2)

[original line 6430][portraitcontext.cpp:184] No gene with key: gene_dragon_horn_hue in group human at file: common/dna_data/test_dna_stormlands.txt line: 3989 (Trant_asoiaf_2)

[original line 6431][portraitcontext.cpp:184] No gene with key: gene_dragon_horn_value in group human at file: common/dna_data/test_dna_stormlands.txt line: 3990 (Trant_asoiaf_2)

[original line 6432][portraitcontext.cpp:184] No gene with key: gene_eye_size in group human at file: common/dna_data/test_dna_stormlands.txt line: 4123 (Trant_asoiaf_2)

[original line 6433][portraitcontext.cpp:184] No gene with key: gene_eye_shut_top in group human at file: common/dna_data/test_dna_stormlands.txt line: 4124 (Trant_asoiaf_2)

[original line 6434][portraitcontext.cpp:184] No gene with key: gene_eye_shut_bottom in group human at file: common/dna_data/test_dna_stormlands.txt line: 4125 (Trant_asoiaf_2)

[original line 6435][portraitcontext.cpp:184] No gene with key: gene_forehead_inner_brow_width in group human at file: common/dna_data/test_dna_stormlands.txt line: 4131 (Trant_asoiaf_2)

[original line 6436][portraitcontext.cpp:184] No gene with key: gene_bs_eye_fold_2 in group human at file: common/dna_data/test_dna_stormlands.txt line: 4135 (Trant_asoiaf_2)

[original line 6437][portraitcontext.cpp:184] No gene with key: gene_bs_head_round_shape in group human at file: common/dna_data/test_dna_stormlands.txt line: 4138 (Trant_asoiaf_2)

[original line 6468][portraitcontext.cpp:184] No gene with key: gene_dragon_skin_hue in group human at file: common/dna_data/test_dna_stormlands.txt line: 4162 (Cole_asoiaf_11)

[original line 6469][portraitcontext.cpp:184] No gene with key: gene_dragon_skin_value in group human at file: common/dna_data/test_dna_stormlands.txt line: 4163 (Cole_asoiaf_11)

[original line 6470][portraitcontext.cpp:184] No gene with key: gene_dragon_highlight_hue in group human at file: common/dna_data/test_dna_stormlands.txt line: 4164 (Cole_asoiaf_11)

[original line 6471][portraitcontext.cpp:184] No gene with key: gene_dragon_highlight_value in group human at file: common/dna_data/test_dna_stormlands.txt line: 4165 (Cole_asoiaf_11)

[original line 6472][portraitcontext.cpp:184] No gene with key: gene_dragon_eye_hue in group human at file: common/dna_data/test_dna_stormlands.txt line: 4166 (Cole_asoiaf_11)

[original line 6473][portraitcontext.cpp:184] No gene with key: gene_dragon_eye_value in group human at file: common/dna_data/test_dna_stormlands.txt line: 4167 (Cole_asoiaf_11)

[original line 6474][portraitcontext.cpp:184] No gene with key: gene_dragon_horn_hue in group human at file: common/dna_data/test_dna_stormlands.txt line: 4168 (Cole_asoiaf_11)

[original line 6475][portraitcontext.cpp:184] No gene with key: gene_dragon_horn_value in group human at file: common/dna_data/test_dna_stormlands.txt line: 4169 (Cole_asoiaf_11)

[original line 6476][portraitcontext.cpp:184] No gene with key: gene_bs_eye_fold_2 in group human at file: common/dna_data/test_dna_stormlands.txt line: 4312 (Cole_asoiaf_11)

[original line 6477][portraitcontext.cpp:184] No gene with key: gene_bs_head_round_shape in group human at file: common/dna_data/test_dna_stormlands.txt line: 4315 (Cole_asoiaf_11)

[original line 6504][portraitcontext.cpp:184] No gene with key: gene_dragon_skin_hue in group human at file: common/dna_data/test_dna_stormlands.txt line: 4341 (Melisandre_asoiaf_1)

[original line 6505][portraitcontext.cpp:184] No gene with key: gene_dragon_skin_value in group human at file: common/dna_data/test_dna_stormlands.txt line: 4342 (Melisandre_asoiaf_1)

[original line 6506][portraitcontext.cpp:184] No gene with key: gene_dragon_highlight_hue in group human at file: common/dna_data/test_dna_stormlands.txt line: 4343 (Melisandre_asoiaf_1)

[original line 6507][portraitcontext.cpp:184] No gene with key: gene_dragon_highlight_value in group human at file: common/dna_data/test_dna_stormlands.txt line: 4344 (Melisandre_asoiaf_1)

[original line 6508][portraitcontext.cpp:184] No gene with key: gene_dragon_eye_hue in group human at file: common/dna_data/test_dna_stormlands.txt line: 4345 (Melisandre_asoiaf_1)

[original line 6509][portraitcontext.cpp:184] No gene with key: gene_dragon_eye_value in group human at file: common/dna_data/test_dna_stormlands.txt line: 4346 (Melisandre_asoiaf_1)

[original line 6510][portraitcontext.cpp:184] No gene with key: gene_dragon_horn_hue in group human at file: common/dna_data/test_dna_stormlands.txt line: 4347 (Melisandre_asoiaf_1)

[original line 6511][portraitcontext.cpp:184] No gene with key: gene_dragon_horn_value in group human at file: common/dna_data/test_dna_stormlands.txt line: 4348 (Melisandre_asoiaf_1)

[original line 6512][portraitcontext.cpp:184] No gene with key: gene_eye_size in group human at file: common/dna_data/test_dna_stormlands.txt line: 4481 (Melisandre_asoiaf_1)

[original line 6513][portraitcontext.cpp:184] No gene with key: gene_eye_shut_top in group human at file: common/dna_data/test_dna_stormlands.txt line: 4482 (Melisandre_asoiaf_1)

[original line 6514][portraitcontext.cpp:184] No gene with key: gene_eye_shut_bottom in group human at file: common/dna_data/test_dna_stormlands.txt line: 4483 (Melisandre_asoiaf_1)

[original line 6515][portraitcontext.cpp:184] No gene with key: gene_forehead_inner_brow_width in group human at file: common/dna_data/test_dna_stormlands.txt line: 4489 (Melisandre_asoiaf_1)

[original line 6516][portraitcontext.cpp:184] No gene with key: gene_bs_eye_fold_2 in group human at file: common/dna_data/test_dna_stormlands.txt line: 4493 (Melisandre_asoiaf_1)

[original line 6517][portraitcontext.cpp:184] No gene with key: gene_bs_head_round_shape in group human at file: common/dna_data/test_dna_stormlands.txt line: 4496 (Melisandre_asoiaf_1)

[original line 6548][portraitcontext.cpp:184] No gene with key: gene_dragon_skin_hue in group human at file: common/dna_data/test_dna_stormlands.txt line: 4520 (Seaworth_asoiaf_1)

[original line 6549][portraitcontext.cpp:184] No gene with key: gene_dragon_skin_value in group human at file: common/dna_data/test_dna_stormlands.txt line: 4521 (Seaworth_asoiaf_1)

[original line 6550][portraitcontext.cpp:184] No gene with key: gene_dragon_highlight_hue in group human at file: common/dna_data/test_dna_stormlands.txt line: 4522 (Seaworth_asoiaf_1)

[original line 6551][portraitcontext.cpp:184] No gene with key: gene_dragon_highlight_value in group human at file: common/dna_data/test_dna_stormlands.txt line: 4523 (Seaworth_asoiaf_1)

[original line 6552][portraitcontext.cpp:184] No gene with key: gene_dragon_eye_hue in group human at file: common/dna_data/test_dna_stormlands.txt line: 4524 (Seaworth_asoiaf_1)

[original line 6553][portraitcontext.cpp:184] No gene with key: gene_dragon_eye_value in group human at file: common/dna_data/test_dna_stormlands.txt line: 4525 (Seaworth_asoiaf_1)

[original line 6554][portraitcontext.cpp:184] No gene with key: gene_dragon_horn_hue in group human at file: common/dna_data/test_dna_stormlands.txt line: 4526 (Seaworth_asoiaf_1)

[original line 6555][portraitcontext.cpp:184] No gene with key: gene_dragon_horn_value in group human at file: common/dna_data/test_dna_stormlands.txt line: 4527 (Seaworth_asoiaf_1)

[original line 6556][portraitcontext.cpp:184] No gene with key: gene_eye_size in group human at file: common/dna_data/test_dna_stormlands.txt line: 4660 (Seaworth_asoiaf_1)

[original line 6557][portraitcontext.cpp:184] No gene with key: gene_eye_shut_top in group human at file: common/dna_data/test_dna_stormlands.txt line: 4661 (Seaworth_asoiaf_1)

[original line 6558][portraitcontext.cpp:184] No gene with key: gene_eye_shut_bottom in group human at file: common/dna_data/test_dna_stormlands.txt line: 4662 (Seaworth_asoiaf_1)

[original line 6559][portraitcontext.cpp:184] No gene with key: gene_forehead_inner_brow_width in group human at file: common/dna_data/test_dna_stormlands.txt line: 4668 (Seaworth_asoiaf_1)

[original line 6560][portraitcontext.cpp:184] No gene with key: gene_bs_eye_fold_2 in group human at file: common/dna_data/test_dna_stormlands.txt line: 4672 (Seaworth_asoiaf_1)

[original line 6561][portraitcontext.cpp:184] No gene with key: gene_bs_head_round_shape in group human at file: common/dna_data/test_dna_stormlands.txt line: 4675 (Seaworth_asoiaf_1)

[original line 6592][portraitcontext.cpp:184] No gene with key: gene_dragon_skin_hue in group human at file: common/dna_data/test_dna_vale.txt line: 8 (Arryn_asoiaf_80)

[original line 6593][portraitcontext.cpp:184] No gene with key: gene_dragon_skin_value in group human at file: common/dna_data/test_dna_vale.txt line: 9 (Arryn_asoiaf_80)

[original line 6594][portraitcontext.cpp:184] No gene with key: gene_dragon_highlight_hue in group human at file: common/dna_data/test_dna_vale.txt line: 10 (Arryn_asoiaf_80)

[original line 6595][portraitcontext.cpp:184] No gene with key: gene_dragon_highlight_value in group human at file: common/dna_data/test_dna_vale.txt line: 11 (Arryn_asoiaf_80)

[original line 6596][portraitcontext.cpp:184] No gene with key: gene_dragon_eye_hue in group human at file: common/dna_data/test_dna_vale.txt line: 12 (Arryn_asoiaf_80)

[original line 6597][portraitcontext.cpp:184] No gene with key: gene_dragon_eye_value in group human at file: common/dna_data/test_dna_vale.txt line: 13 (Arryn_asoiaf_80)

[original line 6598][portraitcontext.cpp:184] No gene with key: gene_dragon_horn_hue in group human at file: common/dna_data/test_dna_vale.txt line: 14 (Arryn_asoiaf_80)

[original line 6599][portraitcontext.cpp:184] No gene with key: gene_dragon_horn_value in group human at file: common/dna_data/test_dna_vale.txt line: 15 (Arryn_asoiaf_80)

[original line 6600][portraitcontext.cpp:184] No gene with key: gene_bs_head_round_shape in group human at file: common/dna_data/test_dna_vale.txt line: 160 (Arryn_asoiaf_80)

[original line 6627][portraitcontext.cpp:184] No gene with key: gene_dragon_skin_hue in group human at file: common/dna_data/test_dna_vale.txt line: 186 (Arryn_asoiaf_84)

[original line 6628][portraitcontext.cpp:184] No gene with key: gene_dragon_skin_value in group human at file: common/dna_data/test_dna_vale.txt line: 187 (Arryn_asoiaf_84)

[original line 6629][portraitcontext.cpp:184] No gene with key: gene_dragon_highlight_hue in group human at file: common/dna_data/test_dna_vale.txt line: 188 (Arryn_asoiaf_84)

[original line 6630][portraitcontext.cpp:184] No gene with key: gene_dragon_highlight_value in group human at file: common/dna_data/test_dna_vale.txt line: 189 (Arryn_asoiaf_84)

[original line 6631][portraitcontext.cpp:184] No gene with key: gene_dragon_eye_hue in group human at file: common/dna_data/test_dna_vale.txt line: 190 (Arryn_asoiaf_84)

[original line 6632][portraitcontext.cpp:184] No gene with key: gene_dragon_eye_value in group human at file: common/dna_data/test_dna_vale.txt line: 191 (Arryn_asoiaf_84)

[original line 6633][portraitcontext.cpp:184] No gene with key: gene_dragon_horn_hue in group human at file: common/dna_data/test_dna_vale.txt line: 192 (Arryn_asoiaf_84)

[original line 6634][portraitcontext.cpp:184] No gene with key: gene_dragon_horn_value in group human at file: common/dna_data/test_dna_vale.txt line: 193 (Arryn_asoiaf_84)

[original line 6635][portraitcontext.cpp:184] No gene with key: gene_bs_eye_fold_2 in group human at file: common/dna_data/test_dna_vale.txt line: 336 (Arryn_asoiaf_84)

[original line 6636][portraitcontext.cpp:184] No gene with key: gene_bs_head_round_shape in group human at file: common/dna_data/test_dna_vale.txt line: 339 (Arryn_asoiaf_84)

[original line 6663][portraitcontext.cpp:184] No gene with key: gene_dragon_skin_hue in group human at file: common/dna_data/test_dna_vale.txt line: 365 (Arryn_asoiaf_3)

[original line 6664][portraitcontext.cpp:184] No gene with key: gene_dragon_skin_value in group human at file: common/dna_data/test_dna_vale.txt line: 366 (Arryn_asoiaf_3)

[original line 6665][portraitcontext.cpp:184] No gene with key: gene_dragon_highlight_hue in group human at file: common/dna_data/test_dna_vale.txt line: 367 (Arryn_asoiaf_3)

[original line 6666][portraitcontext.cpp:184] No gene with key: gene_dragon_highlight_value in group human at file: common/dna_data/test_dna_vale.txt line: 368 (Arryn_asoiaf_3)

[original line 6667][portraitcontext.cpp:184] No gene with key: gene_dragon_eye_hue in group human at file: common/dna_data/test_dna_vale.txt line: 369 (Arryn_asoiaf_3)

[original line 6668][portraitcontext.cpp:184] No gene with key: gene_dragon_eye_value in group human at file: common/dna_data/test_dna_vale.txt line: 370 (Arryn_asoiaf_3)

[original line 6669][portraitcontext.cpp:184] No gene with key: gene_dragon_horn_hue in group human at file: common/dna_data/test_dna_vale.txt line: 371 (Arryn_asoiaf_3)

[original line 6670][portraitcontext.cpp:184] No gene with key: gene_dragon_horn_value in group human at file: common/dna_data/test_dna_vale.txt line: 372 (Arryn_asoiaf_3)

[original line 6671][portraitcontext.cpp:184] No gene with key: gene_eye_size in group human at file: common/dna_data/test_dna_vale.txt line: 505 (Arryn_asoiaf_3)

[original line 6672][portraitcontext.cpp:184] No gene with key: gene_eye_shut_top in group human at file: common/dna_data/test_dna_vale.txt line: 506 (Arryn_asoiaf_3)

[original line 6673][portraitcontext.cpp:184] No gene with key: gene_eye_shut_bottom in group human at file: common/dna_data/test_dna_vale.txt line: 507 (Arryn_asoiaf_3)

[original line 6674][portraitcontext.cpp:184] No gene with key: gene_forehead_inner_brow_width in group human at file: common/dna_data/test_dna_vale.txt line: 513 (Arryn_asoiaf_3)

[original line 6675][portraitcontext.cpp:184] No gene with key: gene_bs_eye_fold_2 in group human at file: common/dna_data/test_dna_vale.txt line: 517 (Arryn_asoiaf_3)

[original line 6676][portraitcontext.cpp:184] No gene with key: gene_bs_head_round_shape in group human at file: common/dna_data/test_dna_vale.txt line: 520 (Arryn_asoiaf_3)

[original line 6727][portraitcontext.cpp:184] No gene with key: gene_dragon_skin_hue in group human at file: common/dna_data/test_dna_vale.txt line: 914 (Hardyng_asoiaf_5)

[original line 6728][portraitcontext.cpp:184] No gene with key: gene_dragon_skin_value in group human at file: common/dna_data/test_dna_vale.txt line: 915 (Hardyng_asoiaf_5)

[original line 6729][portraitcontext.cpp:184] No gene with key: gene_dragon_highlight_hue in group human at file: common/dna_data/test_dna_vale.txt line: 916 (Hardyng_asoiaf_5)

[original line 6730][portraitcontext.cpp:184] No gene with key: gene_dragon_highlight_value in group human at file: common/dna_data/test_dna_vale.txt line: 917 (Hardyng_asoiaf_5)

[original line 6731][portraitcontext.cpp:184] No gene with key: gene_dragon_eye_hue in group human at file: common/dna_data/test_dna_vale.txt line: 918 (Hardyng_asoiaf_5)

[original line 6732][portraitcontext.cpp:184] No gene with key: gene_dragon_eye_value in group human at file: common/dna_data/test_dna_vale.txt line: 919 (Hardyng_asoiaf_5)

[original line 6733][portraitcontext.cpp:184] No gene with key: gene_dragon_horn_hue in group human at file: common/dna_data/test_dna_vale.txt line: 920 (Hardyng_asoiaf_5)

[original line 6734][portraitcontext.cpp:184] No gene with key: gene_dragon_horn_value in group human at file: common/dna_data/test_dna_vale.txt line: 921 (Hardyng_asoiaf_5)

[original line 6735][portraitcontext.cpp:184] No gene with key: gene_bs_eye_fold_2 in group human at file: common/dna_data/test_dna_vale.txt line: 1064 (Hardyng_asoiaf_5)

[original line 6736][portraitcontext.cpp:184] No gene with key: gene_bs_head_round_shape in group human at file: common/dna_data/test_dna_vale.txt line: 1067 (Hardyng_asoiaf_5)

[original line 6773][portraitcontext.cpp:184] No gene with key: gene_dragon_skin_hue in group human at file: common/dna_data/test_dna_vale.txt line: 1278 (Baelish_asoiaf_2)

[original line 6774][portraitcontext.cpp:184] No gene with key: gene_dragon_skin_value in group human at file: common/dna_data/test_dna_vale.txt line: 1279 (Baelish_asoiaf_2)

[original line 6775][portraitcontext.cpp:184] No gene with key: gene_dragon_highlight_hue in group human at file: common/dna_data/test_dna_vale.txt line: 1280 (Baelish_asoiaf_2)

[original line 6776][portraitcontext.cpp:184] No gene with key: gene_dragon_highlight_value in group human at file: common/dna_data/test_dna_vale.txt line: 1281 (Baelish_asoiaf_2)

[original line 6777][portraitcontext.cpp:184] No gene with key: gene_dragon_eye_hue in group human at file: common/dna_data/test_dna_vale.txt line: 1282 (Baelish_asoiaf_2)

[original line 6778][portraitcontext.cpp:184] No gene with key: gene_dragon_eye_value in group human at file: common/dna_data/test_dna_vale.txt line: 1283 (Baelish_asoiaf_2)

[original line 6779][portraitcontext.cpp:184] No gene with key: gene_dragon_horn_hue in group human at file: common/dna_data/test_dna_vale.txt line: 1284 (Baelish_asoiaf_2)

[original line 6780][portraitcontext.cpp:184] No gene with key: gene_dragon_horn_value in group human at file: common/dna_data/test_dna_vale.txt line: 1285 (Baelish_asoiaf_2)

[original line 6781][portraitcontext.cpp:184] No gene with key: gene_eye_size in group human at file: common/dna_data/test_dna_vale.txt line: 1418 (Baelish_asoiaf_2)

[original line 6782][portraitcontext.cpp:184] No gene with key: gene_eye_shut_top in group human at file: common/dna_data/test_dna_vale.txt line: 1419 (Baelish_asoiaf_2)

[original line 6783][portraitcontext.cpp:184] No gene with key: gene_eye_shut_bottom in group human at file: common/dna_data/test_dna_vale.txt line: 1420 (Baelish_asoiaf_2)

[original line 6784][portraitcontext.cpp:184] No gene with key: gene_forehead_inner_brow_width in group human at file: common/dna_data/test_dna_vale.txt line: 1426 (Baelish_asoiaf_2)

[original line 6785][portraitcontext.cpp:184] No gene with key: gene_bs_eye_fold_2 in group human at file: common/dna_data/test_dna_vale.txt line: 1430 (Baelish_asoiaf_2)

[original line 6786][portraitcontext.cpp:184] No gene with key: gene_bs_head_round_shape in group human at file: common/dna_data/test_dna_vale.txt line: 1433 (Baelish_asoiaf_2)

[original line 6817][portraitcontext.cpp:184] No gene with key: gene_dragon_skin_hue in group human at file: common/dna_data/test_dna_vale.txt line: 1457 (Royce_asoiaf_37)

[original line 6818][portraitcontext.cpp:184] No gene with key: gene_dragon_skin_value in group human at file: common/dna_data/test_dna_vale.txt line: 1458 (Royce_asoiaf_37)

[original line 6819][portraitcontext.cpp:184] No gene with key: gene_dragon_highlight_hue in group human at file: common/dna_data/test_dna_vale.txt line: 1459 (Royce_asoiaf_37)

[original line 6820][portraitcontext.cpp:184] No gene with key: gene_dragon_highlight_value in group human at file: common/dna_data/test_dna_vale.txt line: 1460 (Royce_asoiaf_37)

[original line 6821][portraitcontext.cpp:184] No gene with key: gene_dragon_eye_hue in group human at file: common/dna_data/test_dna_vale.txt line: 1461 (Royce_asoiaf_37)

[original line 6822][portraitcontext.cpp:184] No gene with key: gene_dragon_eye_value in group human at file: common/dna_data/test_dna_vale.txt line: 1462 (Royce_asoiaf_37)

[original line 6823][portraitcontext.cpp:184] No gene with key: gene_dragon_horn_hue in group human at file: common/dna_data/test_dna_vale.txt line: 1463 (Royce_asoiaf_37)

[original line 6824][portraitcontext.cpp:184] No gene with key: gene_dragon_horn_value in group human at file: common/dna_data/test_dna_vale.txt line: 1464 (Royce_asoiaf_37)

[original line 6825][portraitcontext.cpp:184] No gene with key: gene_bs_eye_fold_2 in group human at file: common/dna_data/test_dna_vale.txt line: 1607 (Royce_asoiaf_37)

[original line 6826][portraitcontext.cpp:184] No gene with key: gene_bs_head_round_shape in group human at file: common/dna_data/test_dna_vale.txt line: 1610 (Royce_asoiaf_37)

[original line 6853][portraitcontext.cpp:184] No gene with key: gene_dragon_skin_hue in group human at file: common/dna_data/test_dna_vale.txt line: 1636 (Royce_asoiaf_1)

[original line 6854][portraitcontext.cpp:184] No gene with key: gene_dragon_skin_value in group human at file: common/dna_data/test_dna_vale.txt line: 1637 (Royce_asoiaf_1)

[original line 6855][portraitcontext.cpp:184] No gene with key: gene_dragon_highlight_hue in group human at file: common/dna_data/test_dna_vale.txt line: 1638 (Royce_asoiaf_1)

[original line 6856][portraitcontext.cpp:184] No gene with key: gene_dragon_highlight_value in group human at file: common/dna_data/test_dna_vale.txt line: 1639 (Royce_asoiaf_1)

[original line 6857][portraitcontext.cpp:184] No gene with key: gene_dragon_eye_hue in group human at file: common/dna_data/test_dna_vale.txt line: 1640 (Royce_asoiaf_1)

[original line 6858][portraitcontext.cpp:184] No gene with key: gene_dragon_eye_value in group human at file: common/dna_data/test_dna_vale.txt line: 1641 (Royce_asoiaf_1)

[original line 6859][portraitcontext.cpp:184] No gene with key: gene_dragon_horn_hue in group human at file: common/dna_data/test_dna_vale.txt line: 1642 (Royce_asoiaf_1)

[original line 6860][portraitcontext.cpp:184] No gene with key: gene_dragon_horn_value in group human at file: common/dna_data/test_dna_vale.txt line: 1643 (Royce_asoiaf_1)

[original line 6861][portraitcontext.cpp:184] No gene with key: gene_eye_size in group human at file: common/dna_data/test_dna_vale.txt line: 1776 (Royce_asoiaf_1)

[original line 6862][portraitcontext.cpp:184] No gene with key: gene_eye_shut_top in group human at file: common/dna_data/test_dna_vale.txt line: 1777 (Royce_asoiaf_1)

[original line 6863][portraitcontext.cpp:184] No gene with key: gene_eye_shut_bottom in group human at file: common/dna_data/test_dna_vale.txt line: 1778 (Royce_asoiaf_1)

[original line 6864][portraitcontext.cpp:184] No gene with key: gene_forehead_inner_brow_width in group human at file: common/dna_data/test_dna_vale.txt line: 1784 (Royce_asoiaf_1)

[original line 6865][portraitcontext.cpp:184] No gene with key: gene_bs_eye_fold_2 in group human at file: common/dna_data/test_dna_vale.txt line: 1788 (Royce_asoiaf_1)

[original line 6866][portraitcontext.cpp:184] No gene with key: gene_bs_head_round_shape in group human at file: common/dna_data/test_dna_vale.txt line: 1791 (Royce_asoiaf_1)

[original line 6907][portraitcontext.cpp:184] No gene with key: gene_dragon_skin_hue in group human at file: common/dna_data/test_dna_valyrian.txt line: 8 (Targaryen_asoiaf_28)

[original line 6908][portraitcontext.cpp:184] No gene with key: gene_dragon_skin_value in group human at file: common/dna_data/test_dna_valyrian.txt line: 9 (Targaryen_asoiaf_28)

[original line 6909][portraitcontext.cpp:184] No gene with key: gene_dragon_highlight_hue in group human at file: common/dna_data/test_dna_valyrian.txt line: 10 (Targaryen_asoiaf_28)

[original line 6910][portraitcontext.cpp:184] No gene with key: gene_dragon_highlight_value in group human at file: common/dna_data/test_dna_valyrian.txt line: 11 (Targaryen_asoiaf_28)

[original line 6911][portraitcontext.cpp:184] No gene with key: gene_dragon_eye_hue in group human at file: common/dna_data/test_dna_valyrian.txt line: 12 (Targaryen_asoiaf_28)

[original line 6912][portraitcontext.cpp:184] No gene with key: gene_dragon_eye_value in group human at file: common/dna_data/test_dna_valyrian.txt line: 13 (Targaryen_asoiaf_28)

[original line 6913][portraitcontext.cpp:184] No gene with key: gene_dragon_horn_hue in group human at file: common/dna_data/test_dna_valyrian.txt line: 14 (Targaryen_asoiaf_28)

[original line 6914][portraitcontext.cpp:184] No gene with key: gene_dragon_horn_value in group human at file: common/dna_data/test_dna_valyrian.txt line: 15 (Targaryen_asoiaf_28)

[original line 6915][portraitcontext.cpp:184] No gene with key: gene_bs_eye_fold_2 in group human at file: common/dna_data/test_dna_valyrian.txt line: 158 (Targaryen_asoiaf_28)

[original line 6916][portraitcontext.cpp:184] No gene with key: gene_bs_head_round_shape in group human at file: common/dna_data/test_dna_valyrian.txt line: 161 (Targaryen_asoiaf_28)

[original line 6953][portraitcontext.cpp:184] No gene with key: gene_dragon_skin_hue in group human at file: common/dna_data/test_dna_valyrian.txt line: 372 (Targaryen_asoiaf_29)

[original line 6954][portraitcontext.cpp:184] No gene with key: gene_dragon_skin_value in group human at file: common/dna_data/test_dna_valyrian.txt line: 373 (Targaryen_asoiaf_29)

[original line 6955][portraitcontext.cpp:184] No gene with key: gene_dragon_highlight_hue in group human at file: common/dna_data/test_dna_valyrian.txt line: 374 (Targaryen_asoiaf_29)

[original line 6956][portraitcontext.cpp:184] No gene with key: gene_dragon_highlight_value in group human at file: common/dna_data/test_dna_valyrian.txt line: 375 (Targaryen_asoiaf_29)

[original line 6957][portraitcontext.cpp:184] No gene with key: gene_dragon_eye_hue in group human at file: common/dna_data/test_dna_valyrian.txt line: 376 (Targaryen_asoiaf_29)

[original line 6958][portraitcontext.cpp:184] No gene with key: gene_dragon_eye_value in group human at file: common/dna_data/test_dna_valyrian.txt line: 377 (Targaryen_asoiaf_29)

[original line 6959][portraitcontext.cpp:184] No gene with key: gene_dragon_horn_hue in group human at file: common/dna_data/test_dna_valyrian.txt line: 378 (Targaryen_asoiaf_29)

[original line 6960][portraitcontext.cpp:184] No gene with key: gene_dragon_horn_value in group human at file: common/dna_data/test_dna_valyrian.txt line: 379 (Targaryen_asoiaf_29)

[original line 6961][portraitcontext.cpp:184] No gene with key: gene_bs_eye_fold_2 in group human at file: common/dna_data/test_dna_valyrian.txt line: 522 (Targaryen_asoiaf_29)

[original line 6962][portraitcontext.cpp:184] No gene with key: gene_bs_head_round_shape in group human at file: common/dna_data/test_dna_valyrian.txt line: 525 (Targaryen_asoiaf_29)

[original line 6989][portraitcontext.cpp:184] No gene with key: gene_dragon_skin_hue in group human at file: common/dna_data/test_dna_valyrian.txt line: 551 (Targaryen_asoiaf_35)

[original line 6990][portraitcontext.cpp:184] No gene with key: gene_dragon_skin_value in group human at file: common/dna_data/test_dna_valyrian.txt line: 552 (Targaryen_asoiaf_35)

[original line 6991][portraitcontext.cpp:184] No gene with key: gene_dragon_highlight_hue in group human at file: common/dna_data/test_dna_valyrian.txt line: 553 (Targaryen_asoiaf_35)

[original line 6992][portraitcontext.cpp:184] No gene with key: gene_dragon_highlight_value in group human at file: common/dna_data/test_dna_valyrian.txt line: 554 (Targaryen_asoiaf_35)

[original line 6993][portraitcontext.cpp:184] No gene with key: gene_dragon_eye_hue in group human at file: common/dna_data/test_dna_valyrian.txt line: 555 (Targaryen_asoiaf_35)

[original line 6994][portraitcontext.cpp:184] No gene with key: gene_dragon_eye_value in group human at file: common/dna_data/test_dna_valyrian.txt line: 556 (Targaryen_asoiaf_35)

[original line 6995][portraitcontext.cpp:184] No gene with key: gene_dragon_horn_hue in group human at file: common/dna_data/test_dna_valyrian.txt line: 557 (Targaryen_asoiaf_35)

[original line 6996][portraitcontext.cpp:184] No gene with key: gene_dragon_horn_value in group human at file: common/dna_data/test_dna_valyrian.txt line: 558 (Targaryen_asoiaf_35)

[original line 6997][portraitcontext.cpp:184] No gene with key: gene_bs_head_round_shape in group human at file: common/dna_data/test_dna_valyrian.txt line: 703 (Targaryen_asoiaf_35)

[original line 7024][portraitcontext.cpp:184] No gene with key: gene_dragon_skin_hue in group human at file: common/dna_data/test_dna_valyrian.txt line: 836 (Targaryen_asoiaf_36)

[original line 7025][portraitcontext.cpp:184] No gene with key: gene_dragon_skin_value in group human at file: common/dna_data/test_dna_valyrian.txt line: 837 (Targaryen_asoiaf_36)

[original line 7026][portraitcontext.cpp:184] No gene with key: gene_dragon_highlight_hue in group human at file: common/dna_data/test_dna_valyrian.txt line: 838 (Targaryen_asoiaf_36)

[original line 7027][portraitcontext.cpp:184] No gene with key: gene_dragon_highlight_value in group human at file: common/dna_data/test_dna_valyrian.txt line: 839 (Targaryen_asoiaf_36)

[original line 7028][portraitcontext.cpp:184] No gene with key: gene_dragon_eye_hue in group human at file: common/dna_data/test_dna_valyrian.txt line: 840 (Targaryen_asoiaf_36)

[original line 7029][portraitcontext.cpp:184] No gene with key: gene_dragon_eye_value in group human at file: common/dna_data/test_dna_valyrian.txt line: 841 (Targaryen_asoiaf_36)

[original line 7030][portraitcontext.cpp:184] No gene with key: gene_dragon_horn_hue in group human at file: common/dna_data/test_dna_valyrian.txt line: 842 (Targaryen_asoiaf_36)

[original line 7031][portraitcontext.cpp:184] No gene with key: gene_dragon_horn_value in group human at file: common/dna_data/test_dna_valyrian.txt line: 843 (Targaryen_asoiaf_36)

[original line 7078][portraitcontext.cpp:184] No gene with key: gene_dragon_skin_hue in group human at file: common/dna_data/test_dna_valyrian.txt line: 1278 (Targaryen_asoiaf_47)

[original line 7079][portraitcontext.cpp:184] No gene with key: gene_dragon_skin_value in group human at file: common/dna_data/test_dna_valyrian.txt line: 1279 (Targaryen_asoiaf_47)

[original line 7080][portraitcontext.cpp:184] No gene with key: gene_dragon_highlight_hue in group human at file: common/dna_data/test_dna_valyrian.txt line: 1280 (Targaryen_asoiaf_47)

[original line 7081][portraitcontext.cpp:184] No gene with key: gene_dragon_highlight_value in group human at file: common/dna_data/test_dna_valyrian.txt line: 1281 (Targaryen_asoiaf_47)

[original line 7082][portraitcontext.cpp:184] No gene with key: gene_dragon_eye_hue in group human at file: common/dna_data/test_dna_valyrian.txt line: 1282 (Targaryen_asoiaf_47)

[original line 7083][portraitcontext.cpp:184] No gene with key: gene_dragon_eye_value in group human at file: common/dna_data/test_dna_valyrian.txt line: 1283 (Targaryen_asoiaf_47)

[original line 7084][portraitcontext.cpp:184] No gene with key: gene_dragon_horn_hue in group human at file: common/dna_data/test_dna_valyrian.txt line: 1284 (Targaryen_asoiaf_47)

[original line 7085][portraitcontext.cpp:184] No gene with key: gene_dragon_horn_value in group human at file: common/dna_data/test_dna_valyrian.txt line: 1285 (Targaryen_asoiaf_47)

[original line 7086][portraitcontext.cpp:184] No gene with key: gene_bs_head_round_shape in group human at file: common/dna_data/test_dna_valyrian.txt line: 1430 (Targaryen_asoiaf_47)

[original line 7133][portraitcontext.cpp:184] No gene with key: gene_dragon_skin_hue in group human at file: common/dna_data/test_dna_valyrian.txt line: 1933 (Targaryen_asoiaf_51)

[original line 7134][portraitcontext.cpp:184] No gene with key: gene_dragon_skin_value in group human at file: common/dna_data/test_dna_valyrian.txt line: 1934 (Targaryen_asoiaf_51)

[original line 7135][portraitcontext.cpp:184] No gene with key: gene_dragon_highlight_hue in group human at file: common/dna_data/test_dna_valyrian.txt line: 1935 (Targaryen_asoiaf_51)

[original line 7136][portraitcontext.cpp:184] No gene with key: gene_dragon_highlight_value in group human at file: common/dna_data/test_dna_valyrian.txt line: 1936 (Targaryen_asoiaf_51)

[original line 7137][portraitcontext.cpp:184] No gene with key: gene_dragon_eye_hue in group human at file: common/dna_data/test_dna_valyrian.txt line: 1937 (Targaryen_asoiaf_51)

[original line 7138][portraitcontext.cpp:184] No gene with key: gene_dragon_eye_value in group human at file: common/dna_data/test_dna_valyrian.txt line: 1938 (Targaryen_asoiaf_51)

[original line 7139][portraitcontext.cpp:184] No gene with key: gene_dragon_horn_hue in group human at file: common/dna_data/test_dna_valyrian.txt line: 1939 (Targaryen_asoiaf_51)

[original line 7140][portraitcontext.cpp:184] No gene with key: gene_dragon_horn_value in group human at file: common/dna_data/test_dna_valyrian.txt line: 1940 (Targaryen_asoiaf_51)

[original line 7169][portraitcontext.cpp:184] No gene with key: gene_dragon_scales_effect in group human at file: common/dna_data/test_dna_valyrian.txt line: 2145 (Hammer_asoiaf_1)

[original line 7196][portraitcontext.cpp:184] No gene with key: gene_dragon_skin_hue in group human at file: common/dna_data/test_dna_valyrian.txt line: 2370 (Targaryen_asoiaf_59)

[original line 7197][portraitcontext.cpp:184] No gene with key: gene_dragon_skin_value in group human at file: common/dna_data/test_dna_valyrian.txt line: 2371 (Targaryen_asoiaf_59)

[original line 7198][portraitcontext.cpp:184] No gene with key: gene_dragon_highlight_hue in group human at file: common/dna_data/test_dna_valyrian.txt line: 2372 (Targaryen_asoiaf_59)

[original line 7199][portraitcontext.cpp:184] No gene with key: gene_dragon_highlight_value in group human at file: common/dna_data/test_dna_valyrian.txt line: 2373 (Targaryen_asoiaf_59)

[original line 7200][portraitcontext.cpp:184] No gene with key: gene_dragon_eye_hue in group human at file: common/dna_data/test_dna_valyrian.txt line: 2374 (Targaryen_asoiaf_59)

[original line 7201][portraitcontext.cpp:184] No gene with key: gene_dragon_eye_value in group human at file: common/dna_data/test_dna_valyrian.txt line: 2375 (Targaryen_asoiaf_59)

[original line 7202][portraitcontext.cpp:184] No gene with key: gene_dragon_horn_hue in group human at file: common/dna_data/test_dna_valyrian.txt line: 2376 (Targaryen_asoiaf_59)

[original line 7203][portraitcontext.cpp:184] No gene with key: gene_dragon_horn_value in group human at file: common/dna_data/test_dna_valyrian.txt line: 2377 (Targaryen_asoiaf_59)

[original line 7204][portraitcontext.cpp:184] No gene with key: gene_bs_eye_fold_2 in group human at file: common/dna_data/test_dna_valyrian.txt line: 2520 (Targaryen_asoiaf_59)

[original line 7205][portraitcontext.cpp:184] No gene with key: gene_bs_head_round_shape in group human at file: common/dna_data/test_dna_valyrian.txt line: 2523 (Targaryen_asoiaf_59)

[original line 7232][portraitcontext.cpp:184] No gene with key: gene_dragon_skin_hue in group human at file: common/dna_data/test_dna_valyrian.txt line: 2655 (Targaryen_asoiaf_60)

[original line 7233][portraitcontext.cpp:184] No gene with key: gene_dragon_skin_value in group human at file: common/dna_data/test_dna_valyrian.txt line: 2656 (Targaryen_asoiaf_60)

[original line 7234][portraitcontext.cpp:184] No gene with key: gene_dragon_highlight_hue in group human at file: common/dna_data/test_dna_valyrian.txt line: 2657 (Targaryen_asoiaf_60)

[original line 7235][portraitcontext.cpp:184] No gene with key: gene_dragon_highlight_value in group human at file: common/dna_data/test_dna_valyrian.txt line: 2658 (Targaryen_asoiaf_60)

[original line 7236][portraitcontext.cpp:184] No gene with key: gene_dragon_eye_hue in group human at file: common/dna_data/test_dna_valyrian.txt line: 2659 (Targaryen_asoiaf_60)

[original line 7237][portraitcontext.cpp:184] No gene with key: gene_dragon_eye_value in group human at file: common/dna_data/test_dna_valyrian.txt line: 2660 (Targaryen_asoiaf_60)

[original line 7238][portraitcontext.cpp:184] No gene with key: gene_dragon_horn_hue in group human at file: common/dna_data/test_dna_valyrian.txt line: 2661 (Targaryen_asoiaf_60)

[original line 7239][portraitcontext.cpp:184] No gene with key: gene_dragon_horn_value in group human at file: common/dna_data/test_dna_valyrian.txt line: 2662 (Targaryen_asoiaf_60)

[original line 7240][portraitcontext.cpp:184] No gene with key: gene_bs_head_round_shape in group human at file: common/dna_data/test_dna_valyrian.txt line: 2700 (Targaryen_asoiaf_60)

[original line 7267][portraitcontext.cpp:184] No gene with key: gene_dragon_skin_hue in group human at file: common/dna_data/test_dna_valyrian.txt line: 2833 (Targaryen_asoiaf_61)

[original line 7268][portraitcontext.cpp:184] No gene with key: gene_dragon_skin_value in group human at file: common/dna_data/test_dna_valyrian.txt line: 2834 (Targaryen_asoiaf_61)

[original line 7269][portraitcontext.cpp:184] No gene with key: gene_dragon_highlight_hue in group human at file: common/dna_data/test_dna_valyrian.txt line: 2835 (Targaryen_asoiaf_61)

[original line 7270][portraitcontext.cpp:184] No gene with key: gene_dragon_highlight_value in group human at file: common/dna_data/test_dna_valyrian.txt line: 2836 (Targaryen_asoiaf_61)

[original line 7271][portraitcontext.cpp:184] No gene with key: gene_dragon_eye_hue in group human at file: common/dna_data/test_dna_valyrian.txt line: 2837 (Targaryen_asoiaf_61)

[original line 7272][portraitcontext.cpp:184] No gene with key: gene_dragon_eye_value in group human at file: common/dna_data/test_dna_valyrian.txt line: 2838 (Targaryen_asoiaf_61)

[original line 7273][portraitcontext.cpp:184] No gene with key: gene_dragon_horn_hue in group human at file: common/dna_data/test_dna_valyrian.txt line: 2839 (Targaryen_asoiaf_61)

[original line 7274][portraitcontext.cpp:184] No gene with key: gene_dragon_horn_value in group human at file: common/dna_data/test_dna_valyrian.txt line: 2840 (Targaryen_asoiaf_61)

[original line 7275][portraitcontext.cpp:184] No gene with key: gene_bs_head_round_shape in group human at file: common/dna_data/test_dna_valyrian.txt line: 2878 (Targaryen_asoiaf_61)

[original line 7302][portraitcontext.cpp:184] No gene with key: gene_dragon_skin_hue in group human at file: common/dna_data/test_dna_valyrian.txt line: 2905 (Targaryen_asoiaf_63)

[original line 7303][portraitcontext.cpp:184] No gene with key: gene_dragon_skin_value in group human at file: common/dna_data/test_dna_valyrian.txt line: 2906 (Targaryen_asoiaf_63)

[original line 7304][portraitcontext.cpp:184] No gene with key: gene_dragon_highlight_hue in group human at file: common/dna_data/test_dna_valyrian.txt line: 2907 (Targaryen_asoiaf_63)

[original line 7305][portraitcontext.cpp:184] No gene with key: gene_dragon_highlight_value in group human at file: common/dna_data/test_dna_valyrian.txt line: 2908 (Targaryen_asoiaf_63)

[original line 7306][portraitcontext.cpp:184] No gene with key: gene_dragon_eye_hue in group human at file: common/dna_data/test_dna_valyrian.txt line: 2909 (Targaryen_asoiaf_63)

[original line 7307][portraitcontext.cpp:184] No gene with key: gene_dragon_eye_value in group human at file: common/dna_data/test_dna_valyrian.txt line: 2910 (Targaryen_asoiaf_63)

[original line 7308][portraitcontext.cpp:184] No gene with key: gene_dragon_horn_hue in group human at file: common/dna_data/test_dna_valyrian.txt line: 2911 (Targaryen_asoiaf_63)

[original line 7309][portraitcontext.cpp:184] No gene with key: gene_dragon_horn_value in group human at file: common/dna_data/test_dna_valyrian.txt line: 2912 (Targaryen_asoiaf_63)

[original line 7310][portraitcontext.cpp:184] No gene with key: gene_bs_eye_fold_2 in group human at file: common/dna_data/test_dna_valyrian.txt line: 3055 (Targaryen_asoiaf_63)

[original line 7311][portraitcontext.cpp:184] No gene with key: gene_bs_head_round_shape in group human at file: common/dna_data/test_dna_valyrian.txt line: 3058 (Targaryen_asoiaf_63)

[original line 7338][portraitcontext.cpp:184] No gene with key: gene_dragon_skin_hue in group human at file: common/dna_data/test_dna_valyrian.txt line: 3084 (Targaryen_asoiaf_65)

[original line 7339][portraitcontext.cpp:184] No gene with key: gene_dragon_skin_value in group human at file: common/dna_data/test_dna_valyrian.txt line: 3085 (Targaryen_asoiaf_65)

[original line 7340][portraitcontext.cpp:184] No gene with key: gene_dragon_highlight_hue in group human at file: common/dna_data/test_dna_valyrian.txt line: 3086 (Targaryen_asoiaf_65)

[original line 7341][portraitcontext.cpp:184] No gene with key: gene_dragon_highlight_value in group human at file: common/dna_data/test_dna_valyrian.txt line: 3087 (Targaryen_asoiaf_65)

[original line 7342][portraitcontext.cpp:184] No gene with key: gene_dragon_eye_hue in group human at file: common/dna_data/test_dna_valyrian.txt line: 3088 (Targaryen_asoiaf_65)

[original line 7343][portraitcontext.cpp:184] No gene with key: gene_dragon_eye_value in group human at file: common/dna_data/test_dna_valyrian.txt line: 3089 (Targaryen_asoiaf_65)

[original line 7344][portraitcontext.cpp:184] No gene with key: gene_dragon_horn_hue in group human at file: common/dna_data/test_dna_valyrian.txt line: 3090 (Targaryen_asoiaf_65)

[original line 7345][portraitcontext.cpp:184] No gene with key: gene_dragon_horn_value in group human at file: common/dna_data/test_dna_valyrian.txt line: 3091 (Targaryen_asoiaf_65)

[original line 7346][portraitcontext.cpp:184] No gene with key: gene_bs_eye_fold_2 in group human at file: common/dna_data/test_dna_valyrian.txt line: 3234 (Targaryen_asoiaf_65)

[original line 7347][portraitcontext.cpp:184] No gene with key: gene_bs_head_round_shape in group human at file: common/dna_data/test_dna_valyrian.txt line: 3237 (Targaryen_asoiaf_65)

[original line 7374][portraitcontext.cpp:184] No gene with key: gene_dragon_skin_hue in group human at file: common/dna_data/test_dna_valyrian.txt line: 3263 (Targaryen_asoiaf_66)

[original line 7375][portraitcontext.cpp:184] No gene with key: gene_dragon_skin_value in group human at file: common/dna_data/test_dna_valyrian.txt line: 3264 (Targaryen_asoiaf_66)

[original line 7376][portraitcontext.cpp:184] No gene with key: gene_dragon_highlight_hue in group human at file: common/dna_data/test_dna_valyrian.txt line: 3265 (Targaryen_asoiaf_66)

[original line 7377][portraitcontext.cpp:184] No gene with key: gene_dragon_highlight_value in group human at file: common/dna_data/test_dna_valyrian.txt line: 3266 (Targaryen_asoiaf_66)

[original line 7378][portraitcontext.cpp:184] No gene with key: gene_dragon_eye_hue in group human at file: common/dna_data/test_dna_valyrian.txt line: 3267 (Targaryen_asoiaf_66)

[original line 7379][portraitcontext.cpp:184] No gene with key: gene_dragon_eye_value in group human at file: common/dna_data/test_dna_valyrian.txt line: 3268 (Targaryen_asoiaf_66)

[original line 7380][portraitcontext.cpp:184] No gene with key: gene_dragon_horn_hue in group human at file: common/dna_data/test_dna_valyrian.txt line: 3269 (Targaryen_asoiaf_66)

[original line 7381][portraitcontext.cpp:184] No gene with key: gene_dragon_horn_value in group human at file: common/dna_data/test_dna_valyrian.txt line: 3270 (Targaryen_asoiaf_66)

[original line 7382][portraitcontext.cpp:184] No gene with key: gene_bs_eye_fold_2 in group human at file: common/dna_data/test_dna_valyrian.txt line: 3413 (Targaryen_asoiaf_66)

[original line 7383][portraitcontext.cpp:184] No gene with key: gene_bs_head_round_shape in group human at file: common/dna_data/test_dna_valyrian.txt line: 3416 (Targaryen_asoiaf_66)

[original line 7410][portraitcontext.cpp:184] No gene with key: gene_dragon_skin_hue in group human at file: common/dna_data/test_dna_valyrian.txt line: 3442 (Targaryen_asoiaf_67)

[original line 7411][portraitcontext.cpp:184] No gene with key: gene_dragon_skin_value in group human at file: common/dna_data/test_dna_valyrian.txt line: 3443 (Targaryen_asoiaf_67)

[original line 7412][portraitcontext.cpp:184] No gene with key: gene_dragon_highlight_hue in group human at file: common/dna_data/test_dna_valyrian.txt line: 3444 (Targaryen_asoiaf_67)

[original line 7413][portraitcontext.cpp:184] No gene with key: gene_dragon_highlight_value in group human at file: common/dna_data/test_dna_valyrian.txt line: 3445 (Targaryen_asoiaf_67)

[original line 7414][portraitcontext.cpp:184] No gene with key: gene_dragon_eye_hue in group human at file: common/dna_data/test_dna_valyrian.txt line: 3446 (Targaryen_asoiaf_67)

[original line 7415][portraitcontext.cpp:184] No gene with key: gene_dragon_eye_value in group human at file: common/dna_data/test_dna_valyrian.txt line: 3447 (Targaryen_asoiaf_67)

[original line 7416][portraitcontext.cpp:184] No gene with key: gene_dragon_horn_hue in group human at file: common/dna_data/test_dna_valyrian.txt line: 3448 (Targaryen_asoiaf_67)

[original line 7417][portraitcontext.cpp:184] No gene with key: gene_dragon_horn_value in group human at file: common/dna_data/test_dna_valyrian.txt line: 3449 (Targaryen_asoiaf_67)

[original line 7418][portraitcontext.cpp:184] No gene with key: gene_bs_eye_fold_2 in group human at file: common/dna_data/test_dna_valyrian.txt line: 3592 (Targaryen_asoiaf_67)

[original line 7419][portraitcontext.cpp:184] No gene with key: gene_bs_head_round_shape in group human at file: common/dna_data/test_dna_valyrian.txt line: 3595 (Targaryen_asoiaf_67)

[original line 7456][portraitcontext.cpp:184] No gene with key: gene_dragon_skin_hue in group human at file: common/dna_data/test_dna_valyrian.txt line: 3806 (Targaryen_asoiaf_69)

[original line 7457][portraitcontext.cpp:184] No gene with key: gene_dragon_skin_value in group human at file: common/dna_data/test_dna_valyrian.txt line: 3807 (Targaryen_asoiaf_69)

[original line 7458][portraitcontext.cpp:184] No gene with key: gene_dragon_highlight_hue in group human at file: common/dna_data/test_dna_valyrian.txt line: 3808 (Targaryen_asoiaf_69)

[original line 7459][portraitcontext.cpp:184] No gene with key: gene_dragon_highlight_value in group human at file: common/dna_data/test_dna_valyrian.txt line: 3809 (Targaryen_asoiaf_69)

[original line 7460][portraitcontext.cpp:184] No gene with key: gene_dragon_eye_hue in group human at file: common/dna_data/test_dna_valyrian.txt line: 3810 (Targaryen_asoiaf_69)

[original line 7461][portraitcontext.cpp:184] No gene with key: gene_dragon_eye_value in group human at file: common/dna_data/test_dna_valyrian.txt line: 3811 (Targaryen_asoiaf_69)

[original line 7462][portraitcontext.cpp:184] No gene with key: gene_dragon_horn_hue in group human at file: common/dna_data/test_dna_valyrian.txt line: 3812 (Targaryen_asoiaf_69)

[original line 7463][portraitcontext.cpp:184] No gene with key: gene_dragon_horn_value in group human at file: common/dna_data/test_dna_valyrian.txt line: 3813 (Targaryen_asoiaf_69)

[original line 7464][portraitcontext.cpp:184] No gene with key: gene_bs_eye_fold_2 in group human at file: common/dna_data/test_dna_valyrian.txt line: 3956 (Targaryen_asoiaf_69)

[original line 7465][portraitcontext.cpp:184] No gene with key: gene_bs_head_round_shape in group human at file: common/dna_data/test_dna_valyrian.txt line: 3959 (Targaryen_asoiaf_69)

[original line 7502][portraitcontext.cpp:184] No gene with key: gene_dragon_skin_hue in group human at file: common/dna_data/test_dna_valyrian.txt line: 4169 (Targaryen_asoiaf_70)

[original line 7503][portraitcontext.cpp:184] No gene with key: gene_dragon_skin_value in group human at file: common/dna_data/test_dna_valyrian.txt line: 4170 (Targaryen_asoiaf_70)

[original line 7504][portraitcontext.cpp:184] No gene with key: gene_dragon_highlight_hue in group human at file: common/dna_data/test_dna_valyrian.txt line: 4171 (Targaryen_asoiaf_70)

[original line 7505][portraitcontext.cpp:184] No gene with key: gene_dragon_highlight_value in group human at file: common/dna_data/test_dna_valyrian.txt line: 4172 (Targaryen_asoiaf_70)

[original line 7506][portraitcontext.cpp:184] No gene with key: gene_dragon_eye_hue in group human at file: common/dna_data/test_dna_valyrian.txt line: 4173 (Targaryen_asoiaf_70)

[original line 7507][portraitcontext.cpp:184] No gene with key: gene_dragon_eye_value in group human at file: common/dna_data/test_dna_valyrian.txt line: 4174 (Targaryen_asoiaf_70)

[original line 7508][portraitcontext.cpp:184] No gene with key: gene_dragon_horn_hue in group human at file: common/dna_data/test_dna_valyrian.txt line: 4175 (Targaryen_asoiaf_70)

[original line 7509][portraitcontext.cpp:184] No gene with key: gene_dragon_horn_value in group human at file: common/dna_data/test_dna_valyrian.txt line: 4176 (Targaryen_asoiaf_70)

[original line 7510][portraitcontext.cpp:184] No gene with key: gene_bs_eye_fold_2 in group human at file: common/dna_data/test_dna_valyrian.txt line: 4319 (Targaryen_asoiaf_70)

[original line 7511][portraitcontext.cpp:184] No gene with key: gene_bs_head_round_shape in group human at file: common/dna_data/test_dna_valyrian.txt line: 4322 (Targaryen_asoiaf_70)

[original line 7548][portraitcontext.cpp:184] No gene with key: gene_dragon_skin_hue in group human at file: common/dna_data/test_dna_valyrian.txt line: 4532 (Targaryen_asoiaf_71)

[original line 7549][portraitcontext.cpp:184] No gene with key: gene_dragon_skin_value in group human at file: common/dna_data/test_dna_valyrian.txt line: 4533 (Targaryen_asoiaf_71)

[original line 7550][portraitcontext.cpp:184] No gene with key: gene_dragon_highlight_hue in group human at file: common/dna_data/test_dna_valyrian.txt line: 4534 (Targaryen_asoiaf_71)

[original line 7551][portraitcontext.cpp:184] No gene with key: gene_dragon_highlight_value in group human at file: common/dna_data/test_dna_valyrian.txt line: 4535 (Targaryen_asoiaf_71)

[original line 7552][portraitcontext.cpp:184] No gene with key: gene_dragon_eye_hue in group human at file: common/dna_data/test_dna_valyrian.txt line: 4536 (Targaryen_asoiaf_71)

[original line 7553][portraitcontext.cpp:184] No gene with key: gene_dragon_eye_value in group human at file: common/dna_data/test_dna_valyrian.txt line: 4537 (Targaryen_asoiaf_71)

[original line 7554][portraitcontext.cpp:184] No gene with key: gene_dragon_horn_hue in group human at file: common/dna_data/test_dna_valyrian.txt line: 4538 (Targaryen_asoiaf_71)

[original line 7555][portraitcontext.cpp:184] No gene with key: gene_dragon_horn_value in group human at file: common/dna_data/test_dna_valyrian.txt line: 4539 (Targaryen_asoiaf_71)

[original line 7556][portraitcontext.cpp:184] No gene with key: gene_bs_eye_fold_2 in group human at file: common/dna_data/test_dna_valyrian.txt line: 4682 (Targaryen_asoiaf_71)

[original line 7557][portraitcontext.cpp:184] No gene with key: gene_bs_head_round_shape in group human at file: common/dna_data/test_dna_valyrian.txt line: 4685 (Targaryen_asoiaf_71)

[original line 7584][portraitcontext.cpp:184] No gene with key: gene_dragon_skin_hue in group human at file: common/dna_data/test_dna_valyrian.txt line: 4711 (Targaryen_asoiaf_72)

[original line 7585][portraitcontext.cpp:184] No gene with key: gene_dragon_skin_value in group human at file: common/dna_data/test_dna_valyrian.txt line: 4712 (Targaryen_asoiaf_72)

[original line 7586][portraitcontext.cpp:184] No gene with key: gene_dragon_highlight_hue in group human at file: common/dna_data/test_dna_valyrian.txt line: 4713 (Targaryen_asoiaf_72)

[original line 7587][portraitcontext.cpp:184] No gene with key: gene_dragon_highlight_value in group human at file: common/dna_data/test_dna_valyrian.txt line: 4714 (Targaryen_asoiaf_72)

[original line 7588][portraitcontext.cpp:184] No gene with key: gene_dragon_eye_hue in group human at file: common/dna_data/test_dna_valyrian.txt line: 4715 (Targaryen_asoiaf_72)

[original line 7589][portraitcontext.cpp:184] No gene with key: gene_dragon_eye_value in group human at file: common/dna_data/test_dna_valyrian.txt line: 4716 (Targaryen_asoiaf_72)

[original line 7590][portraitcontext.cpp:184] No gene with key: gene_dragon_horn_hue in group human at file: common/dna_data/test_dna_valyrian.txt line: 4717 (Targaryen_asoiaf_72)

[original line 7591][portraitcontext.cpp:184] No gene with key: gene_dragon_horn_value in group human at file: common/dna_data/test_dna_valyrian.txt line: 4718 (Targaryen_asoiaf_72)

[original line 7592][portraitcontext.cpp:184] No gene with key: gene_bs_eye_fold_2 in group human at file: common/dna_data/test_dna_valyrian.txt line: 4861 (Targaryen_asoiaf_72)

[original line 7593][portraitcontext.cpp:184] No gene with key: gene_bs_head_round_shape in group human at file: common/dna_data/test_dna_valyrian.txt line: 4864 (Targaryen_asoiaf_72)

[original line 7620][portraitcontext.cpp:184] No gene with key: gene_dragon_skin_hue in group human at file: common/dna_data/test_dna_valyrian.txt line: 4890 (Targaryen_asoiaf_73)

[original line 7621][portraitcontext.cpp:184] No gene with key: gene_dragon_skin_value in group human at file: common/dna_data/test_dna_valyrian.txt line: 4891 (Targaryen_asoiaf_73)

[original line 7622][portraitcontext.cpp:184] No gene with key: gene_dragon_highlight_hue in group human at file: common/dna_data/test_dna_valyrian.txt line: 4892 (Targaryen_asoiaf_73)

[original line 7623][portraitcontext.cpp:184] No gene with key: gene_dragon_highlight_value in group human at file: common/dna_data/test_dna_valyrian.txt line: 4893 (Targaryen_asoiaf_73)

[original line 7624][portraitcontext.cpp:184] No gene with key: gene_dragon_eye_hue in group human at file: common/dna_data/test_dna_valyrian.txt line: 4894 (Targaryen_asoiaf_73)

[original line 7625][portraitcontext.cpp:184] No gene with key: gene_dragon_eye_value in group human at file: common/dna_data/test_dna_valyrian.txt line: 4895 (Targaryen_asoiaf_73)

[original line 7626][portraitcontext.cpp:184] No gene with key: gene_dragon_horn_hue in group human at file: common/dna_data/test_dna_valyrian.txt line: 4896 (Targaryen_asoiaf_73)

[original line 7627][portraitcontext.cpp:184] No gene with key: gene_dragon_horn_value in group human at file: common/dna_data/test_dna_valyrian.txt line: 4897 (Targaryen_asoiaf_73)

[original line 7628][portraitcontext.cpp:184] No gene with key: gene_bs_eye_fold_2 in group human at file: common/dna_data/test_dna_valyrian.txt line: 5040 (Targaryen_asoiaf_73)

[original line 7629][portraitcontext.cpp:184] No gene with key: gene_bs_head_round_shape in group human at file: common/dna_data/test_dna_valyrian.txt line: 5043 (Targaryen_asoiaf_73)

[original line 7656][portraitcontext.cpp:184] No gene with key: gene_dragon_skin_hue in group human at file: common/dna_data/test_dna_valyrian.txt line: 5069 (Targaryen_asoiaf_78)

[original line 7657][portraitcontext.cpp:184] No gene with key: gene_dragon_skin_value in group human at file: common/dna_data/test_dna_valyrian.txt line: 5070 (Targaryen_asoiaf_78)

[original line 7658][portraitcontext.cpp:184] No gene with key: gene_dragon_highlight_hue in group human at file: common/dna_data/test_dna_valyrian.txt line: 5071 (Targaryen_asoiaf_78)

[original line 7659][portraitcontext.cpp:184] No gene with key: gene_dragon_highlight_value in group human at file: common/dna_data/test_dna_valyrian.txt line: 5072 (Targaryen_asoiaf_78)

[original line 7660][portraitcontext.cpp:184] No gene with key: gene_dragon_eye_hue in group human at file: common/dna_data/test_dna_valyrian.txt line: 5073 (Targaryen_asoiaf_78)

[original line 7661][portraitcontext.cpp:184] No gene with key: gene_dragon_eye_value in group human at file: common/dna_data/test_dna_valyrian.txt line: 5074 (Targaryen_asoiaf_78)

[original line 7662][portraitcontext.cpp:184] No gene with key: gene_dragon_horn_hue in group human at file: common/dna_data/test_dna_valyrian.txt line: 5075 (Targaryen_asoiaf_78)

[original line 7663][portraitcontext.cpp:184] No gene with key: gene_dragon_horn_value in group human at file: common/dna_data/test_dna_valyrian.txt line: 5076 (Targaryen_asoiaf_78)

[original line 7664][portraitcontext.cpp:184] No gene with key: gene_bs_eye_fold_2 in group human at file: common/dna_data/test_dna_valyrian.txt line: 5219 (Targaryen_asoiaf_78)

[original line 7665][portraitcontext.cpp:184] No gene with key: gene_bs_head_round_shape in group human at file: common/dna_data/test_dna_valyrian.txt line: 5222 (Targaryen_asoiaf_78)

[original line 7692][portraitcontext.cpp:184] No gene with key: gene_dragon_skin_hue in group human at file: common/dna_data/test_dna_valyrian.txt line: 5248 (Targaryen_asoiaf_79)

[original line 7693][portraitcontext.cpp:184] No gene with key: gene_dragon_skin_value in group human at file: common/dna_data/test_dna_valyrian.txt line: 5249 (Targaryen_asoiaf_79)

[original line 7694][portraitcontext.cpp:184] No gene with key: gene_dragon_highlight_hue in group human at file: common/dna_data/test_dna_valyrian.txt line: 5250 (Targaryen_asoiaf_79)

[original line 7695][portraitcontext.cpp:184] No gene with key: gene_dragon_highlight_value in group human at file: common/dna_data/test_dna_valyrian.txt line: 5251 (Targaryen_asoiaf_79)

[original line 7696][portraitcontext.cpp:184] No gene with key: gene_dragon_eye_hue in group human at file: common/dna_data/test_dna_valyrian.txt line: 5252 (Targaryen_asoiaf_79)

[original line 7697][portraitcontext.cpp:184] No gene with key: gene_dragon_eye_value in group human at file: common/dna_data/test_dna_valyrian.txt line: 5253 (Targaryen_asoiaf_79)

[original line 7698][portraitcontext.cpp:184] No gene with key: gene_dragon_horn_hue in group human at file: common/dna_data/test_dna_valyrian.txt line: 5254 (Targaryen_asoiaf_79)

[original line 7699][portraitcontext.cpp:184] No gene with key: gene_dragon_horn_value in group human at file: common/dna_data/test_dna_valyrian.txt line: 5255 (Targaryen_asoiaf_79)

[original line 7700][portraitcontext.cpp:184] No gene with key: gene_bs_eye_fold_2 in group human at file: common/dna_data/test_dna_valyrian.txt line: 5398 (Targaryen_asoiaf_79)

[original line 7701][portraitcontext.cpp:184] No gene with key: gene_bs_head_round_shape in group human at file: common/dna_data/test_dna_valyrian.txt line: 5401 (Targaryen_asoiaf_79)

[original line 7728][portraitcontext.cpp:184] No gene with key: gene_dragon_skin_hue in group human at file: common/dna_data/test_dna_valyrian.txt line: 5534 (Targaryen_asoiaf_81)

[original line 7729][portraitcontext.cpp:184] No gene with key: gene_dragon_skin_value in group human at file: common/dna_data/test_dna_valyrian.txt line: 5535 (Targaryen_asoiaf_81)

[original line 7730][portraitcontext.cpp:184] No gene with key: gene_dragon_highlight_hue in group human at file: common/dna_data/test_dna_valyrian.txt line: 5536 (Targaryen_asoiaf_81)

[original line 7731][portraitcontext.cpp:184] No gene with key: gene_dragon_highlight_value in group human at file: common/dna_data/test_dna_valyrian.txt line: 5537 (Targaryen_asoiaf_81)

[original line 7732][portraitcontext.cpp:184] No gene with key: gene_dragon_eye_hue in group human at file: common/dna_data/test_dna_valyrian.txt line: 5538 (Targaryen_asoiaf_81)

[original line 7733][portraitcontext.cpp:184] No gene with key: gene_dragon_eye_value in group human at file: common/dna_data/test_dna_valyrian.txt line: 5539 (Targaryen_asoiaf_81)

[original line 7734][portraitcontext.cpp:184] No gene with key: gene_dragon_horn_hue in group human at file: common/dna_data/test_dna_valyrian.txt line: 5540 (Targaryen_asoiaf_81)

[original line 7735][portraitcontext.cpp:184] No gene with key: gene_dragon_horn_value in group human at file: common/dna_data/test_dna_valyrian.txt line: 5541 (Targaryen_asoiaf_81)

[original line 7812][portraitcontext.cpp:184] No gene with key: gene_dragon_skin_hue in group human at file: common/dna_data/test_dna_valyrian.txt line: 6638 (Targaryen_asoiaf_90)

[original line 7813][portraitcontext.cpp:184] No gene with key: gene_dragon_skin_value in group human at file: common/dna_data/test_dna_valyrian.txt line: 6639 (Targaryen_asoiaf_90)

[original line 7814][portraitcontext.cpp:184] No gene with key: gene_dragon_highlight_hue in group human at file: common/dna_data/test_dna_valyrian.txt line: 6640 (Targaryen_asoiaf_90)

[original line 7815][portraitcontext.cpp:184] No gene with key: gene_dragon_highlight_value in group human at file: common/dna_data/test_dna_valyrian.txt line: 6641 (Targaryen_asoiaf_90)

[original line 7816][portraitcontext.cpp:184] No gene with key: gene_dragon_eye_hue in group human at file: common/dna_data/test_dna_valyrian.txt line: 6642 (Targaryen_asoiaf_90)

[original line 7817][portraitcontext.cpp:184] No gene with key: gene_dragon_eye_value in group human at file: common/dna_data/test_dna_valyrian.txt line: 6643 (Targaryen_asoiaf_90)

[original line 7818][portraitcontext.cpp:184] No gene with key: gene_dragon_horn_hue in group human at file: common/dna_data/test_dna_valyrian.txt line: 6644 (Targaryen_asoiaf_90)

[original line 7819][portraitcontext.cpp:184] No gene with key: gene_dragon_horn_value in group human at file: common/dna_data/test_dna_valyrian.txt line: 6645 (Targaryen_asoiaf_90)

[original line 7846][portraitcontext.cpp:184] No gene with key: gene_dragon_skin_hue in group human at file: common/dna_data/test_dna_valyrian.txt line: 6817 (Targaryen_asoiaf_96)

[original line 7847][portraitcontext.cpp:184] No gene with key: gene_dragon_skin_value in group human at file: common/dna_data/test_dna_valyrian.txt line: 6818 (Targaryen_asoiaf_96)

[original line 7848][portraitcontext.cpp:184] No gene with key: gene_dragon_highlight_hue in group human at file: common/dna_data/test_dna_valyrian.txt line: 6819 (Targaryen_asoiaf_96)

[original line 7849][portraitcontext.cpp:184] No gene with key: gene_dragon_highlight_value in group human at file: common/dna_data/test_dna_valyrian.txt line: 6820 (Targaryen_asoiaf_96)

[original line 7850][portraitcontext.cpp:184] No gene with key: gene_dragon_eye_hue in group human at file: common/dna_data/test_dna_valyrian.txt line: 6821 (Targaryen_asoiaf_96)

[original line 7851][portraitcontext.cpp:184] No gene with key: gene_dragon_eye_value in group human at file: common/dna_data/test_dna_valyrian.txt line: 6822 (Targaryen_asoiaf_96)

[original line 7852][portraitcontext.cpp:184] No gene with key: gene_dragon_horn_hue in group human at file: common/dna_data/test_dna_valyrian.txt line: 6823 (Targaryen_asoiaf_96)

[original line 7853][portraitcontext.cpp:184] No gene with key: gene_dragon_horn_value in group human at file: common/dna_data/test_dna_valyrian.txt line: 6824 (Targaryen_asoiaf_96)

[original line 7930][portraitcontext.cpp:184] No gene with key: gene_dragon_skin_hue in group human at file: common/dna_data/test_dna_valyrian.txt line: 7814 (Targaryen_asoiaf_120)

[original line 7931][portraitcontext.cpp:184] No gene with key: gene_dragon_skin_value in group human at file: common/dna_data/test_dna_valyrian.txt line: 7815 (Targaryen_asoiaf_120)

[original line 7932][portraitcontext.cpp:184] No gene with key: gene_dragon_highlight_hue in group human at file: common/dna_data/test_dna_valyrian.txt line: 7816 (Targaryen_asoiaf_120)

[original line 7933][portraitcontext.cpp:184] No gene with key: gene_dragon_highlight_value in group human at file: common/dna_data/test_dna_valyrian.txt line: 7817 (Targaryen_asoiaf_120)

[original line 7934][portraitcontext.cpp:184] No gene with key: gene_dragon_eye_hue in group human at file: common/dna_data/test_dna_valyrian.txt line: 7818 (Targaryen_asoiaf_120)

[original line 7935][portraitcontext.cpp:184] No gene with key: gene_dragon_eye_value in group human at file: common/dna_data/test_dna_valyrian.txt line: 7819 (Targaryen_asoiaf_120)

[original line 7936][portraitcontext.cpp:184] No gene with key: gene_dragon_horn_hue in group human at file: common/dna_data/test_dna_valyrian.txt line: 7820 (Targaryen_asoiaf_120)

[original line 7937][portraitcontext.cpp:184] No gene with key: gene_dragon_horn_value in group human at file: common/dna_data/test_dna_valyrian.txt line: 7821 (Targaryen_asoiaf_120)

[original line 7938][portraitcontext.cpp:184] No gene with key: gene_eye_size in group human at file: common/dna_data/test_dna_valyrian.txt line: 7954 (Targaryen_asoiaf_120)

[original line 7939][portraitcontext.cpp:184] No gene with key: gene_eye_shut_top in group human at file: common/dna_data/test_dna_valyrian.txt line: 7955 (Targaryen_asoiaf_120)

[original line 7940][portraitcontext.cpp:184] No gene with key: gene_eye_shut_bottom in group human at file: common/dna_data/test_dna_valyrian.txt line: 7956 (Targaryen_asoiaf_120)

[original line 7941][portraitcontext.cpp:184] No gene with key: gene_forehead_inner_brow_width in group human at file: common/dna_data/test_dna_valyrian.txt line: 7962 (Targaryen_asoiaf_120)

[original line 7942][portraitcontext.cpp:184] No gene with key: gene_bs_eye_fold_2 in group human at file: common/dna_data/test_dna_valyrian.txt line: 7966 (Targaryen_asoiaf_120)

[original line 7943][portraitcontext.cpp:184] No gene with key: gene_bs_head_round_shape in group human at file: common/dna_data/test_dna_valyrian.txt line: 7969 (Targaryen_asoiaf_120)

[original line 7974][portraitcontext.cpp:184] No gene with key: gene_dragon_skin_hue in group human at file: common/dna_data/test_dna_valyrian.txt line: 7993 (Targaryen_asoiaf_122)

[original line 7975][portraitcontext.cpp:184] No gene with key: gene_dragon_skin_value in group human at file: common/dna_data/test_dna_valyrian.txt line: 7994 (Targaryen_asoiaf_122)

[original line 7976][portraitcontext.cpp:184] No gene with key: gene_dragon_highlight_hue in group human at file: common/dna_data/test_dna_valyrian.txt line: 7995 (Targaryen_asoiaf_122)

[original line 7977][portraitcontext.cpp:184] No gene with key: gene_dragon_highlight_value in group human at file: common/dna_data/test_dna_valyrian.txt line: 7996 (Targaryen_asoiaf_122)

[original line 7978][portraitcontext.cpp:184] No gene with key: gene_dragon_eye_hue in group human at file: common/dna_data/test_dna_valyrian.txt line: 7997 (Targaryen_asoiaf_122)

[original line 7979][portraitcontext.cpp:184] No gene with key: gene_dragon_eye_value in group human at file: common/dna_data/test_dna_valyrian.txt line: 7998 (Targaryen_asoiaf_122)

[original line 7980][portraitcontext.cpp:184] No gene with key: gene_dragon_horn_hue in group human at file: common/dna_data/test_dna_valyrian.txt line: 7999 (Targaryen_asoiaf_122)

[original line 7981][portraitcontext.cpp:184] No gene with key: gene_dragon_horn_value in group human at file: common/dna_data/test_dna_valyrian.txt line: 8000 (Targaryen_asoiaf_122)

[original line 7982][portraitcontext.cpp:184] No gene with key: gene_bs_eye_fold_2 in group human at file: common/dna_data/test_dna_valyrian.txt line: 8143 (Targaryen_asoiaf_122)

[original line 7983][portraitcontext.cpp:184] No gene with key: gene_bs_head_round_shape in group human at file: common/dna_data/test_dna_valyrian.txt line: 8146 (Targaryen_asoiaf_122)

[original line 8010][portraitcontext.cpp:184] No gene with key: gene_dragon_skin_hue in group human at file: common/dna_data/test_dna_valyrian.txt line: 8172 (Targaryen_asoiaf_126)

[original line 8011][portraitcontext.cpp:184] No gene with key: gene_dragon_skin_value in group human at file: common/dna_data/test_dna_valyrian.txt line: 8173 (Targaryen_asoiaf_126)

[original line 8012][portraitcontext.cpp:184] No gene with key: gene_dragon_highlight_hue in group human at file: common/dna_data/test_dna_valyrian.txt line: 8174 (Targaryen_asoiaf_126)

[original line 8013][portraitcontext.cpp:184] No gene with key: gene_dragon_highlight_value in group human at file: common/dna_data/test_dna_valyrian.txt line: 8175 (Targaryen_asoiaf_126)

[original line 8014][portraitcontext.cpp:184] No gene with key: gene_dragon_eye_hue in group human at file: common/dna_data/test_dna_valyrian.txt line: 8176 (Targaryen_asoiaf_126)

[original line 8015][portraitcontext.cpp:184] No gene with key: gene_dragon_eye_value in group human at file: common/dna_data/test_dna_valyrian.txt line: 8177 (Targaryen_asoiaf_126)

[original line 8016][portraitcontext.cpp:184] No gene with key: gene_dragon_horn_hue in group human at file: common/dna_data/test_dna_valyrian.txt line: 8178 (Targaryen_asoiaf_126)

[original line 8017][portraitcontext.cpp:184] No gene with key: gene_dragon_horn_value in group human at file: common/dna_data/test_dna_valyrian.txt line: 8179 (Targaryen_asoiaf_126)

[original line 8018][portraitcontext.cpp:184] No gene with key: gene_bs_eye_fold_2 in group human at file: common/dna_data/test_dna_valyrian.txt line: 8322 (Targaryen_asoiaf_126)

[original line 8019][portraitcontext.cpp:184] No gene with key: gene_bs_head_round_shape in group human at file: common/dna_data/test_dna_valyrian.txt line: 8325 (Targaryen_asoiaf_126)

[original line 8046][portraitcontext.cpp:184] No gene with key: gene_dragon_skin_hue in group human at file: common/dna_data/test_dna_valyrian.txt line: 8351 (Targaryen_asoiaf_hh_10)

[original line 8047][portraitcontext.cpp:184] No gene with key: gene_dragon_skin_value in group human at file: common/dna_data/test_dna_valyrian.txt line: 8352 (Targaryen_asoiaf_hh_10)

[original line 8048][portraitcontext.cpp:184] No gene with key: gene_dragon_highlight_hue in group human at file: common/dna_data/test_dna_valyrian.txt line: 8353 (Targaryen_asoiaf_hh_10)

[original line 8049][portraitcontext.cpp:184] No gene with key: gene_dragon_highlight_value in group human at file: common/dna_data/test_dna_valyrian.txt line: 8354 (Targaryen_asoiaf_hh_10)

[original line 8050][portraitcontext.cpp:184] No gene with key: gene_dragon_eye_hue in group human at file: common/dna_data/test_dna_valyrian.txt line: 8355 (Targaryen_asoiaf_hh_10)

[original line 8051][portraitcontext.cpp:184] No gene with key: gene_dragon_eye_value in group human at file: common/dna_data/test_dna_valyrian.txt line: 8356 (Targaryen_asoiaf_hh_10)

[original line 8052][portraitcontext.cpp:184] No gene with key: gene_dragon_horn_hue in group human at file: common/dna_data/test_dna_valyrian.txt line: 8357 (Targaryen_asoiaf_hh_10)

[original line 8053][portraitcontext.cpp:184] No gene with key: gene_dragon_horn_value in group human at file: common/dna_data/test_dna_valyrian.txt line: 8358 (Targaryen_asoiaf_hh_10)

[original line 8054][portraitcontext.cpp:184] No gene with key: gene_bs_eye_fold_2 in group human at file: common/dna_data/test_dna_valyrian.txt line: 8501 (Targaryen_asoiaf_hh_10)

[original line 8055][portraitcontext.cpp:184] No gene with key: gene_bs_head_round_shape in group human at file: common/dna_data/test_dna_valyrian.txt line: 8504 (Targaryen_asoiaf_hh_10)

[original line 8082][portraitcontext.cpp:184] No gene with key: gene_dragon_skin_hue in group human at file: common/dna_data/test_dna_valyrian.txt line: 8530 (Targaryen_asoiaf_127)

[original line 8083][portraitcontext.cpp:184] No gene with key: gene_dragon_skin_value in group human at file: common/dna_data/test_dna_valyrian.txt line: 8531 (Targaryen_asoiaf_127)

[original line 8084][portraitcontext.cpp:184] No gene with key: gene_dragon_highlight_hue in group human at file: common/dna_data/test_dna_valyrian.txt line: 8532 (Targaryen_asoiaf_127)

[original line 8085][portraitcontext.cpp:184] No gene with key: gene_dragon_highlight_value in group human at file: common/dna_data/test_dna_valyrian.txt line: 8533 (Targaryen_asoiaf_127)

[original line 8086][portraitcontext.cpp:184] No gene with key: gene_dragon_eye_hue in group human at file: common/dna_data/test_dna_valyrian.txt line: 8534 (Targaryen_asoiaf_127)

[original line 8087][portraitcontext.cpp:184] No gene with key: gene_dragon_eye_value in group human at file: common/dna_data/test_dna_valyrian.txt line: 8535 (Targaryen_asoiaf_127)

[original line 8088][portraitcontext.cpp:184] No gene with key: gene_dragon_horn_hue in group human at file: common/dna_data/test_dna_valyrian.txt line: 8536 (Targaryen_asoiaf_127)

[original line 8089][portraitcontext.cpp:184] No gene with key: gene_dragon_horn_value in group human at file: common/dna_data/test_dna_valyrian.txt line: 8537 (Targaryen_asoiaf_127)

[original line 8090][portraitcontext.cpp:184] No gene with key: gene_bs_eye_fold_2 in group human at file: common/dna_data/test_dna_valyrian.txt line: 8680 (Targaryen_asoiaf_127)

[original line 8091][portraitcontext.cpp:184] No gene with key: gene_bs_head_round_shape in group human at file: common/dna_data/test_dna_valyrian.txt line: 8683 (Targaryen_asoiaf_127)

[original line 8118][portraitcontext.cpp:184] No gene with key: gene_dragon_skin_hue in group human at file: common/dna_data/test_dna_valyrian.txt line: 8709 (Targaryen_asoiaf_128)

[original line 8119][portraitcontext.cpp:184] No gene with key: gene_dragon_skin_value in group human at file: common/dna_data/test_dna_valyrian.txt line: 8710 (Targaryen_asoiaf_128)

[original line 8120][portraitcontext.cpp:184] No gene with key: gene_dragon_highlight_hue in group human at file: common/dna_data/test_dna_valyrian.txt line: 8711 (Targaryen_asoiaf_128)

[original line 8121][portraitcontext.cpp:184] No gene with key: gene_dragon_highlight_value in group human at file: common/dna_data/test_dna_valyrian.txt line: 8712 (Targaryen_asoiaf_128)

[original line 8122][portraitcontext.cpp:184] No gene with key: gene_dragon_eye_hue in group human at file: common/dna_data/test_dna_valyrian.txt line: 8713 (Targaryen_asoiaf_128)

[original line 8123][portraitcontext.cpp:184] No gene with key: gene_dragon_eye_value in group human at file: common/dna_data/test_dna_valyrian.txt line: 8714 (Targaryen_asoiaf_128)

[original line 8124][portraitcontext.cpp:184] No gene with key: gene_dragon_horn_hue in group human at file: common/dna_data/test_dna_valyrian.txt line: 8715 (Targaryen_asoiaf_128)

[original line 8125][portraitcontext.cpp:184] No gene with key: gene_dragon_horn_value in group human at file: common/dna_data/test_dna_valyrian.txt line: 8716 (Targaryen_asoiaf_128)

[original line 8126][portraitcontext.cpp:184] No gene with key: gene_bs_eye_fold_2 in group human at file: common/dna_data/test_dna_valyrian.txt line: 8859 (Targaryen_asoiaf_128)

[original line 8127][portraitcontext.cpp:184] No gene with key: gene_bs_head_round_shape in group human at file: common/dna_data/test_dna_valyrian.txt line: 8862 (Targaryen_asoiaf_128)

[original line 8174][portraitcontext.cpp:184] No gene with key: gene_dragon_skin_hue in group human at file: common/dna_data/test_dna_valyrian.txt line: 9258 (Targaryen_asoiaf_1)

[original line 8175][portraitcontext.cpp:184] No gene with key: gene_dragon_skin_value in group human at file: common/dna_data/test_dna_valyrian.txt line: 9259 (Targaryen_asoiaf_1)

[original line 8176][portraitcontext.cpp:184] No gene with key: gene_dragon_highlight_hue in group human at file: common/dna_data/test_dna_valyrian.txt line: 9260 (Targaryen_asoiaf_1)

[original line 8177][portraitcontext.cpp:184] No gene with key: gene_dragon_highlight_value in group human at file: common/dna_data/test_dna_valyrian.txt line: 9261 (Targaryen_asoiaf_1)

[original line 8178][portraitcontext.cpp:184] No gene with key: gene_dragon_eye_hue in group human at file: common/dna_data/test_dna_valyrian.txt line: 9262 (Targaryen_asoiaf_1)

[original line 8179][portraitcontext.cpp:184] No gene with key: gene_dragon_eye_value in group human at file: common/dna_data/test_dna_valyrian.txt line: 9263 (Targaryen_asoiaf_1)

[original line 8180][portraitcontext.cpp:184] No gene with key: gene_dragon_horn_hue in group human at file: common/dna_data/test_dna_valyrian.txt line: 9264 (Targaryen_asoiaf_1)

[original line 8181][portraitcontext.cpp:184] No gene with key: gene_dragon_horn_value in group human at file: common/dna_data/test_dna_valyrian.txt line: 9265 (Targaryen_asoiaf_1)

[original line 8182][portraitcontext.cpp:184] No gene with key: gene_bs_eye_fold_2 in group human at file: common/dna_data/test_dna_valyrian.txt line: 9408 (Targaryen_asoiaf_1)

[original line 8183][portraitcontext.cpp:184] No gene with key: gene_bs_head_round_shape in group human at file: common/dna_data/test_dna_valyrian.txt line: 9411 (Targaryen_asoiaf_1)

[original line 8210][portraitcontext.cpp:184] No gene with key: gene_dragon_skin_hue in group human at file: common/dna_data/test_dna_valyrian.txt line: 9437 (Targaryen_asoiaf_2)

[original line 8211][portraitcontext.cpp:184] No gene with key: gene_dragon_skin_value in group human at file: common/dna_data/test_dna_valyrian.txt line: 9438 (Targaryen_asoiaf_2)

[original line 8212][portraitcontext.cpp:184] No gene with key: gene_dragon_highlight_hue in group human at file: common/dna_data/test_dna_valyrian.txt line: 9439 (Targaryen_asoiaf_2)

[original line 8213][portraitcontext.cpp:184] No gene with key: gene_dragon_highlight_value in group human at file: common/dna_data/test_dna_valyrian.txt line: 9440 (Targaryen_asoiaf_2)

[original line 8214][portraitcontext.cpp:184] No gene with key: gene_dragon_eye_hue in group human at file: common/dna_data/test_dna_valyrian.txt line: 9441 (Targaryen_asoiaf_2)

[original line 8215][portraitcontext.cpp:184] No gene with key: gene_dragon_eye_value in group human at file: common/dna_data/test_dna_valyrian.txt line: 9442 (Targaryen_asoiaf_2)

[original line 8216][portraitcontext.cpp:184] No gene with key: gene_dragon_horn_hue in group human at file: common/dna_data/test_dna_valyrian.txt line: 9443 (Targaryen_asoiaf_2)

[original line 8217][portraitcontext.cpp:184] No gene with key: gene_dragon_horn_value in group human at file: common/dna_data/test_dna_valyrian.txt line: 9444 (Targaryen_asoiaf_2)

[original line 8218][portraitcontext.cpp:184] No gene with key: gene_bs_eye_fold_2 in group human at file: common/dna_data/test_dna_valyrian.txt line: 9587 (Targaryen_asoiaf_2)

[original line 8219][portraitcontext.cpp:184] No gene with key: gene_bs_head_round_shape in group human at file: common/dna_data/test_dna_valyrian.txt line: 9590 (Targaryen_asoiaf_2)

[original line 8246][portraitcontext.cpp:184] No gene with key: gene_dragon_skin_hue in group human at file: common/dna_data/test_dna_valyrian.txt line: 9617 (Targaryen_asoiaf_3)

[original line 8247][portraitcontext.cpp:184] No gene with key: gene_dragon_skin_value in group human at file: common/dna_data/test_dna_valyrian.txt line: 9618 (Targaryen_asoiaf_3)

[original line 8248][portraitcontext.cpp:184] No gene with key: gene_dragon_highlight_hue in group human at file: common/dna_data/test_dna_valyrian.txt line: 9619 (Targaryen_asoiaf_3)

[original line 8249][portraitcontext.cpp:184] No gene with key: gene_dragon_highlight_value in group human at file: common/dna_data/test_dna_valyrian.txt line: 9620 (Targaryen_asoiaf_3)

[original line 8250][portraitcontext.cpp:184] No gene with key: gene_dragon_eye_hue in group human at file: common/dna_data/test_dna_valyrian.txt line: 9621 (Targaryen_asoiaf_3)

[original line 8251][portraitcontext.cpp:184] No gene with key: gene_dragon_eye_value in group human at file: common/dna_data/test_dna_valyrian.txt line: 9622 (Targaryen_asoiaf_3)

[original line 8252][portraitcontext.cpp:184] No gene with key: gene_dragon_horn_hue in group human at file: common/dna_data/test_dna_valyrian.txt line: 9623 (Targaryen_asoiaf_3)

[original line 8253][portraitcontext.cpp:184] No gene with key: gene_dragon_horn_value in group human at file: common/dna_data/test_dna_valyrian.txt line: 9624 (Targaryen_asoiaf_3)

[original line 8254][portraitcontext.cpp:184] No gene with key: gene_eye_size in group human at file: common/dna_data/test_dna_valyrian.txt line: 9757 (Targaryen_asoiaf_3)

[original line 8255][portraitcontext.cpp:184] No gene with key: gene_eye_shut_top in group human at file: common/dna_data/test_dna_valyrian.txt line: 9758 (Targaryen_asoiaf_3)

[original line 8256][portraitcontext.cpp:184] No gene with key: gene_eye_shut_bottom in group human at file: common/dna_data/test_dna_valyrian.txt line: 9759 (Targaryen_asoiaf_3)

[original line 8257][portraitcontext.cpp:184] No gene with key: gene_forehead_inner_brow_width in group human at file: common/dna_data/test_dna_valyrian.txt line: 9765 (Targaryen_asoiaf_3)

[original line 8258][portraitcontext.cpp:184] No gene with key: gene_bs_eye_fold_2 in group human at file: common/dna_data/test_dna_valyrian.txt line: 9769 (Targaryen_asoiaf_3)

[original line 8259][portraitcontext.cpp:184] No gene with key: gene_bs_head_round_shape in group human at file: common/dna_data/test_dna_valyrian.txt line: 9772 (Targaryen_asoiaf_3)

[original line 8290][portraitcontext.cpp:184] No gene with key: gene_dragon_skin_hue in group human at file: common/dna_data/test_dna_valyrian.txt line: 9903 (Targaryen_asoiaf_8)

[original line 8291][portraitcontext.cpp:184] No gene with key: gene_dragon_skin_value in group human at file: common/dna_data/test_dna_valyrian.txt line: 9904 (Targaryen_asoiaf_8)

[original line 8292][portraitcontext.cpp:184] No gene with key: gene_dragon_highlight_hue in group human at file: common/dna_data/test_dna_valyrian.txt line: 9905 (Targaryen_asoiaf_8)

[original line 8293][portraitcontext.cpp:184] No gene with key: gene_dragon_highlight_value in group human at file: common/dna_data/test_dna_valyrian.txt line: 9906 (Targaryen_asoiaf_8)

[original line 8294][portraitcontext.cpp:184] No gene with key: gene_dragon_eye_hue in group human at file: common/dna_data/test_dna_valyrian.txt line: 9907 (Targaryen_asoiaf_8)

[original line 8295][portraitcontext.cpp:184] No gene with key: gene_dragon_eye_value in group human at file: common/dna_data/test_dna_valyrian.txt line: 9908 (Targaryen_asoiaf_8)

[original line 8296][portraitcontext.cpp:184] No gene with key: gene_dragon_horn_hue in group human at file: common/dna_data/test_dna_valyrian.txt line: 9909 (Targaryen_asoiaf_8)

[original line 8297][portraitcontext.cpp:184] No gene with key: gene_dragon_horn_value in group human at file: common/dna_data/test_dna_valyrian.txt line: 9910 (Targaryen_asoiaf_8)

[original line 8324][portraitcontext.cpp:184] No gene with key: gene_dragon_skin_hue in group human at file: common/dna_data/test_dna_valyrian.txt line: 10082 (Targaryen_asoiaf_9)

[original line 8325][portraitcontext.cpp:184] No gene with key: gene_dragon_skin_value in group human at file: common/dna_data/test_dna_valyrian.txt line: 10083 (Targaryen_asoiaf_9)

[original line 8326][portraitcontext.cpp:184] No gene with key: gene_dragon_highlight_hue in group human at file: common/dna_data/test_dna_valyrian.txt line: 10084 (Targaryen_asoiaf_9)

[original line 8327][portraitcontext.cpp:184] No gene with key: gene_dragon_highlight_value in group human at file: common/dna_data/test_dna_valyrian.txt line: 10085 (Targaryen_asoiaf_9)

[original line 8328][portraitcontext.cpp:184] No gene with key: gene_dragon_eye_hue in group human at file: common/dna_data/test_dna_valyrian.txt line: 10086 (Targaryen_asoiaf_9)

[original line 8329][portraitcontext.cpp:184] No gene with key: gene_dragon_eye_value in group human at file: common/dna_data/test_dna_valyrian.txt line: 10087 (Targaryen_asoiaf_9)

[original line 8330][portraitcontext.cpp:184] No gene with key: gene_dragon_horn_hue in group human at file: common/dna_data/test_dna_valyrian.txt line: 10088 (Targaryen_asoiaf_9)

[original line 8331][portraitcontext.cpp:184] No gene with key: gene_dragon_horn_value in group human at file: common/dna_data/test_dna_valyrian.txt line: 10089 (Targaryen_asoiaf_9)

[original line 8358][portraitcontext.cpp:184] No gene with key: gene_dragon_skin_hue in group human at file: common/dna_data/test_dna_valyrian.txt line: 10154 (Targaryen_asoiaf_10)

[original line 8359][portraitcontext.cpp:184] No gene with key: gene_dragon_skin_value in group human at file: common/dna_data/test_dna_valyrian.txt line: 10155 (Targaryen_asoiaf_10)

[original line 8360][portraitcontext.cpp:184] No gene with key: gene_dragon_highlight_hue in group human at file: common/dna_data/test_dna_valyrian.txt line: 10156 (Targaryen_asoiaf_10)

[original line 8361][portraitcontext.cpp:184] No gene with key: gene_dragon_highlight_value in group human at file: common/dna_data/test_dna_valyrian.txt line: 10157 (Targaryen_asoiaf_10)

[original line 8362][portraitcontext.cpp:184] No gene with key: gene_dragon_eye_hue in group human at file: common/dna_data/test_dna_valyrian.txt line: 10158 (Targaryen_asoiaf_10)

[original line 8363][portraitcontext.cpp:184] No gene with key: gene_dragon_eye_value in group human at file: common/dna_data/test_dna_valyrian.txt line: 10159 (Targaryen_asoiaf_10)

[original line 8364][portraitcontext.cpp:184] No gene with key: gene_dragon_horn_hue in group human at file: common/dna_data/test_dna_valyrian.txt line: 10160 (Targaryen_asoiaf_10)

[original line 8365][portraitcontext.cpp:184] No gene with key: gene_dragon_horn_value in group human at file: common/dna_data/test_dna_valyrian.txt line: 10161 (Targaryen_asoiaf_10)

[original line 8366][portraitcontext.cpp:184] No gene with key: gene_bs_eye_fold_2 in group human at file: common/dna_data/test_dna_valyrian.txt line: 10304 (Targaryen_asoiaf_10)

[original line 8367][portraitcontext.cpp:184] No gene with key: gene_bs_head_round_shape in group human at file: common/dna_data/test_dna_valyrian.txt line: 10307 (Targaryen_asoiaf_10)

[original line 8394][portraitcontext.cpp:184] No gene with key: gene_dragon_skin_hue in group human at file: common/dna_data/test_dna_valyrian.txt line: 10333 (Targaryen_asoiaf_11)

[original line 8395][portraitcontext.cpp:184] No gene with key: gene_dragon_skin_value in group human at file: common/dna_data/test_dna_valyrian.txt line: 10334 (Targaryen_asoiaf_11)

[original line 8396][portraitcontext.cpp:184] No gene with key: gene_dragon_highlight_hue in group human at file: common/dna_data/test_dna_valyrian.txt line: 10335 (Targaryen_asoiaf_11)

[original line 8397][portraitcontext.cpp:184] No gene with key: gene_dragon_highlight_value in group human at file: common/dna_data/test_dna_valyrian.txt line: 10336 (Targaryen_asoiaf_11)

[original line 8398][portraitcontext.cpp:184] No gene with key: gene_dragon_eye_hue in group human at file: common/dna_data/test_dna_valyrian.txt line: 10337 (Targaryen_asoiaf_11)

[original line 8399][portraitcontext.cpp:184] No gene with key: gene_dragon_eye_value in group human at file: common/dna_data/test_dna_valyrian.txt line: 10338 (Targaryen_asoiaf_11)

[original line 8400][portraitcontext.cpp:184] No gene with key: gene_dragon_horn_hue in group human at file: common/dna_data/test_dna_valyrian.txt line: 10339 (Targaryen_asoiaf_11)

[original line 8401][portraitcontext.cpp:184] No gene with key: gene_dragon_horn_value in group human at file: common/dna_data/test_dna_valyrian.txt line: 10340 (Targaryen_asoiaf_11)

[original line 8402][portraitcontext.cpp:184] No gene with key: gene_bs_eye_fold_2 in group human at file: common/dna_data/test_dna_valyrian.txt line: 10483 (Targaryen_asoiaf_11)

[original line 8403][portraitcontext.cpp:184] No gene with key: gene_bs_head_round_shape in group human at file: common/dna_data/test_dna_valyrian.txt line: 10486 (Targaryen_asoiaf_11)

[original line 8430][portraitcontext.cpp:184] No gene with key: gene_dragon_skin_hue in group human at file: common/dna_data/test_dna_valyrian.txt line: 10512 (Targaryen_asoiaf_12)

[original line 8431][portraitcontext.cpp:184] No gene with key: gene_dragon_skin_value in group human at file: common/dna_data/test_dna_valyrian.txt line: 10513 (Targaryen_asoiaf_12)

[original line 8432][portraitcontext.cpp:184] No gene with key: gene_dragon_highlight_hue in group human at file: common/dna_data/test_dna_valyrian.txt line: 10514 (Targaryen_asoiaf_12)

[original line 8433][portraitcontext.cpp:184] No gene with key: gene_dragon_highlight_value in group human at file: common/dna_data/test_dna_valyrian.txt line: 10515 (Targaryen_asoiaf_12)

[original line 8434][portraitcontext.cpp:184] No gene with key: gene_dragon_eye_hue in group human at file: common/dna_data/test_dna_valyrian.txt line: 10516 (Targaryen_asoiaf_12)

[original line 8435][portraitcontext.cpp:184] No gene with key: gene_dragon_eye_value in group human at file: common/dna_data/test_dna_valyrian.txt line: 10517 (Targaryen_asoiaf_12)

[original line 8436][portraitcontext.cpp:184] No gene with key: gene_dragon_horn_hue in group human at file: common/dna_data/test_dna_valyrian.txt line: 10518 (Targaryen_asoiaf_12)

[original line 8437][portraitcontext.cpp:184] No gene with key: gene_dragon_horn_value in group human at file: common/dna_data/test_dna_valyrian.txt line: 10519 (Targaryen_asoiaf_12)

[original line 8438][portraitcontext.cpp:184] No gene with key: gene_eye_size in group human at file: common/dna_data/test_dna_valyrian.txt line: 10652 (Targaryen_asoiaf_12)

[original line 8439][portraitcontext.cpp:184] No gene with key: gene_eye_shut_top in group human at file: common/dna_data/test_dna_valyrian.txt line: 10653 (Targaryen_asoiaf_12)

[original line 8440][portraitcontext.cpp:184] No gene with key: gene_eye_shut_bottom in group human at file: common/dna_data/test_dna_valyrian.txt line: 10654 (Targaryen_asoiaf_12)

[original line 8441][portraitcontext.cpp:184] No gene with key: gene_forehead_inner_brow_width in group human at file: common/dna_data/test_dna_valyrian.txt line: 10660 (Targaryen_asoiaf_12)

[original line 8442][portraitcontext.cpp:184] No gene with key: gene_bs_eye_fold_2 in group human at file: common/dna_data/test_dna_valyrian.txt line: 10664 (Targaryen_asoiaf_12)

[original line 8443][portraitcontext.cpp:184] No gene with key: gene_bs_head_round_shape in group human at file: common/dna_data/test_dna_valyrian.txt line: 10667 (Targaryen_asoiaf_12)

[original line 8474][portraitcontext.cpp:184] No gene with key: gene_dragon_skin_hue in group human at file: common/dna_data/test_dna_valyrian.txt line: 10691 (Velaryon_asoiaf_31)

[original line 8475][portraitcontext.cpp:184] No gene with key: gene_dragon_skin_value in group human at file: common/dna_data/test_dna_valyrian.txt line: 10692 (Velaryon_asoiaf_31)

[original line 8476][portraitcontext.cpp:184] No gene with key: gene_dragon_highlight_hue in group human at file: common/dna_data/test_dna_valyrian.txt line: 10693 (Velaryon_asoiaf_31)

[original line 8477][portraitcontext.cpp:184] No gene with key: gene_dragon_highlight_value in group human at file: common/dna_data/test_dna_valyrian.txt line: 10694 (Velaryon_asoiaf_31)

[original line 8478][portraitcontext.cpp:184] No gene with key: gene_dragon_eye_hue in group human at file: common/dna_data/test_dna_valyrian.txt line: 10695 (Velaryon_asoiaf_31)

[original line 8479][portraitcontext.cpp:184] No gene with key: gene_dragon_eye_value in group human at file: common/dna_data/test_dna_valyrian.txt line: 10696 (Velaryon_asoiaf_31)

[original line 8480][portraitcontext.cpp:184] No gene with key: gene_dragon_horn_hue in group human at file: common/dna_data/test_dna_valyrian.txt line: 10697 (Velaryon_asoiaf_31)

[original line 8481][portraitcontext.cpp:184] No gene with key: gene_dragon_horn_value in group human at file: common/dna_data/test_dna_valyrian.txt line: 10698 (Velaryon_asoiaf_31)

[original line 8482][portraitcontext.cpp:184] No gene with key: gene_bs_eye_fold_2 in group human at file: common/dna_data/test_dna_valyrian.txt line: 10841 (Velaryon_asoiaf_31)

[original line 8483][portraitcontext.cpp:184] No gene with key: gene_bs_head_round_shape in group human at file: common/dna_data/test_dna_valyrian.txt line: 10844 (Velaryon_asoiaf_31)

[original line 8510][portraitcontext.cpp:184] No gene with key: gene_dragon_skin_hue in group human at file: common/dna_data/test_dna_valyrian.txt line: 10869 (Velaryon_asoiaf_31_HBO)

[original line 8511][portraitcontext.cpp:184] No gene with key: gene_dragon_skin_value in group human at file: common/dna_data/test_dna_valyrian.txt line: 10870 (Velaryon_asoiaf_31_HBO)

[original line 8512][portraitcontext.cpp:184] No gene with key: gene_dragon_highlight_hue in group human at file: common/dna_data/test_dna_valyrian.txt line: 10871 (Velaryon_asoiaf_31_HBO)

[original line 8513][portraitcontext.cpp:184] No gene with key: gene_dragon_highlight_value in group human at file: common/dna_data/test_dna_valyrian.txt line: 10872 (Velaryon_asoiaf_31_HBO)

[original line 8514][portraitcontext.cpp:184] No gene with key: gene_dragon_eye_hue in group human at file: common/dna_data/test_dna_valyrian.txt line: 10873 (Velaryon_asoiaf_31_HBO)

[original line 8515][portraitcontext.cpp:184] No gene with key: gene_dragon_eye_value in group human at file: common/dna_data/test_dna_valyrian.txt line: 10874 (Velaryon_asoiaf_31_HBO)

[original line 8516][portraitcontext.cpp:184] No gene with key: gene_dragon_horn_hue in group human at file: common/dna_data/test_dna_valyrian.txt line: 10875 (Velaryon_asoiaf_31_HBO)

[original line 8517][portraitcontext.cpp:184] No gene with key: gene_dragon_horn_value in group human at file: common/dna_data/test_dna_valyrian.txt line: 10876 (Velaryon_asoiaf_31_HBO)

[original line 8520][portraitcontext.cpp:184] No gene with key: gene_bs_head_round_shape in group human at file: common/dna_data/test_dna_valyrian.txt line: 11021 (Velaryon_asoiaf_31_HBO)

[original line 8547][portraitcontext.cpp:184] No gene with key: gene_dragon_skin_hue in group human at file: common/dna_data/test_dna_valyrian.txt line: 11047 (Velaryon_asoiaf_34)

[original line 8548][portraitcontext.cpp:184] No gene with key: gene_dragon_skin_value in group human at file: common/dna_data/test_dna_valyrian.txt line: 11048 (Velaryon_asoiaf_34)

[original line 8549][portraitcontext.cpp:184] No gene with key: gene_dragon_highlight_hue in group human at file: common/dna_data/test_dna_valyrian.txt line: 11049 (Velaryon_asoiaf_34)

[original line 8550][portraitcontext.cpp:184] No gene with key: gene_dragon_highlight_value in group human at file: common/dna_data/test_dna_valyrian.txt line: 11050 (Velaryon_asoiaf_34)

[original line 8551][portraitcontext.cpp:184] No gene with key: gene_dragon_eye_hue in group human at file: common/dna_data/test_dna_valyrian.txt line: 11051 (Velaryon_asoiaf_34)

[original line 8552][portraitcontext.cpp:184] No gene with key: gene_dragon_eye_value in group human at file: common/dna_data/test_dna_valyrian.txt line: 11052 (Velaryon_asoiaf_34)

[original line 8553][portraitcontext.cpp:184] No gene with key: gene_dragon_horn_hue in group human at file: common/dna_data/test_dna_valyrian.txt line: 11053 (Velaryon_asoiaf_34)

[original line 8554][portraitcontext.cpp:184] No gene with key: gene_dragon_horn_value in group human at file: common/dna_data/test_dna_valyrian.txt line: 11054 (Velaryon_asoiaf_34)

[original line 8555][portraitcontext.cpp:184] No gene with key: gene_bs_eye_fold_2 in group human at file: common/dna_data/test_dna_valyrian.txt line: 11197 (Velaryon_asoiaf_34)

[original line 8556][portraitcontext.cpp:184] No gene with key: gene_bs_head_round_shape in group human at file: common/dna_data/test_dna_valyrian.txt line: 11200 (Velaryon_asoiaf_34)

[original line 8583][portraitcontext.cpp:184] No gene with key: gene_dragon_skin_hue in group human at file: common/dna_data/test_dna_valyrian.txt line: 11225 (Velaryon_asoiaf_34_HBO)

[original line 8584][portraitcontext.cpp:184] No gene with key: gene_dragon_skin_value in group human at file: common/dna_data/test_dna_valyrian.txt line: 11226 (Velaryon_asoiaf_34_HBO)

[original line 8585][portraitcontext.cpp:184] No gene with key: gene_dragon_highlight_hue in group human at file: common/dna_data/test_dna_valyrian.txt line: 11227 (Velaryon_asoiaf_34_HBO)

[original line 8586][portraitcontext.cpp:184] No gene with key: gene_dragon_highlight_value in group human at file: common/dna_data/test_dna_valyrian.txt line: 11228 (Velaryon_asoiaf_34_HBO)

[original line 8587][portraitcontext.cpp:184] No gene with key: gene_dragon_eye_hue in group human at file: common/dna_data/test_dna_valyrian.txt line: 11229 (Velaryon_asoiaf_34_HBO)

[original line 8588][portraitcontext.cpp:184] No gene with key: gene_dragon_eye_value in group human at file: common/dna_data/test_dna_valyrian.txt line: 11230 (Velaryon_asoiaf_34_HBO)

[original line 8589][portraitcontext.cpp:184] No gene with key: gene_dragon_horn_hue in group human at file: common/dna_data/test_dna_valyrian.txt line: 11231 (Velaryon_asoiaf_34_HBO)

[original line 8590][portraitcontext.cpp:184] No gene with key: gene_dragon_horn_value in group human at file: common/dna_data/test_dna_valyrian.txt line: 11232 (Velaryon_asoiaf_34_HBO)

[original line 8591][portraitcontext.cpp:184] No gene with key: gene_bs_head_round_shape in group human at file: common/dna_data/test_dna_valyrian.txt line: 11377 (Velaryon_asoiaf_34_HBO)

[original line 8618][portraitcontext.cpp:184] No gene with key: gene_dragon_skin_hue in group human at file: common/dna_data/test_dna_valyrian.txt line: 11403 (Velaryon_asoiaf_35)

[original line 8619][portraitcontext.cpp:184] No gene with key: gene_dragon_skin_value in group human at file: common/dna_data/test_dna_valyrian.txt line: 11404 (Velaryon_asoiaf_35)

[original line 8620][portraitcontext.cpp:184] No gene with key: gene_dragon_highlight_hue in group human at file: common/dna_data/test_dna_valyrian.txt line: 11405 (Velaryon_asoiaf_35)

[original line 8621][portraitcontext.cpp:184] No gene with key: gene_dragon_highlight_value in group human at file: common/dna_data/test_dna_valyrian.txt line: 11406 (Velaryon_asoiaf_35)

[original line 8622][portraitcontext.cpp:184] No gene with key: gene_dragon_eye_hue in group human at file: common/dna_data/test_dna_valyrian.txt line: 11407 (Velaryon_asoiaf_35)

[original line 8623][portraitcontext.cpp:184] No gene with key: gene_dragon_eye_value in group human at file: common/dna_data/test_dna_valyrian.txt line: 11408 (Velaryon_asoiaf_35)

[original line 8624][portraitcontext.cpp:184] No gene with key: gene_dragon_horn_hue in group human at file: common/dna_data/test_dna_valyrian.txt line: 11409 (Velaryon_asoiaf_35)

[original line 8625][portraitcontext.cpp:184] No gene with key: gene_dragon_horn_value in group human at file: common/dna_data/test_dna_valyrian.txt line: 11410 (Velaryon_asoiaf_35)

[original line 8626][portraitcontext.cpp:184] No gene with key: gene_bs_eye_fold_2 in group human at file: common/dna_data/test_dna_valyrian.txt line: 11553 (Velaryon_asoiaf_35)

[original line 8627][portraitcontext.cpp:184] No gene with key: gene_bs_head_round_shape in group human at file: common/dna_data/test_dna_valyrian.txt line: 11556 (Velaryon_asoiaf_35)

[original line 8654][portraitcontext.cpp:184] No gene with key: gene_dragon_skin_hue in group human at file: common/dna_data/test_dna_valyrian.txt line: 11581 (Velaryon_asoiaf_35_HBO)

[original line 8655][portraitcontext.cpp:184] No gene with key: gene_dragon_skin_value in group human at file: common/dna_data/test_dna_valyrian.txt line: 11582 (Velaryon_asoiaf_35_HBO)

[original line 8656][portraitcontext.cpp:184] No gene with key: gene_dragon_highlight_hue in group human at file: common/dna_data/test_dna_valyrian.txt line: 11583 (Velaryon_asoiaf_35_HBO)

[original line 8657][portraitcontext.cpp:184] No gene with key: gene_dragon_highlight_value in group human at file: common/dna_data/test_dna_valyrian.txt line: 11584 (Velaryon_asoiaf_35_HBO)

[original line 8658][portraitcontext.cpp:184] No gene with key: gene_dragon_eye_hue in group human at file: common/dna_data/test_dna_valyrian.txt line: 11585 (Velaryon_asoiaf_35_HBO)

[original line 8659][portraitcontext.cpp:184] No gene with key: gene_dragon_eye_value in group human at file: common/dna_data/test_dna_valyrian.txt line: 11586 (Velaryon_asoiaf_35_HBO)

[original line 8660][portraitcontext.cpp:184] No gene with key: gene_dragon_horn_hue in group human at file: common/dna_data/test_dna_valyrian.txt line: 11587 (Velaryon_asoiaf_35_HBO)

[original line 8661][portraitcontext.cpp:184] No gene with key: gene_dragon_horn_value in group human at file: common/dna_data/test_dna_valyrian.txt line: 11588 (Velaryon_asoiaf_35_HBO)

[original line 8664][portraitcontext.cpp:184] No gene with key: gene_bs_head_round_shape in group human at file: common/dna_data/test_dna_valyrian.txt line: 11733 (Velaryon_asoiaf_35_HBO)

[original line 8691][portraitcontext.cpp:184] No gene with key: gene_dragon_skin_hue in group human at file: common/dna_data/test_dna_valyrian.txt line: 11759 (Velaryon_asoiaf_43)

[original line 8692][portraitcontext.cpp:184] No gene with key: gene_dragon_skin_value in group human at file: common/dna_data/test_dna_valyrian.txt line: 11760 (Velaryon_asoiaf_43)

[original line 8693][portraitcontext.cpp:184] No gene with key: gene_dragon_highlight_hue in group human at file: common/dna_data/test_dna_valyrian.txt line: 11761 (Velaryon_asoiaf_43)

[original line 8694][portraitcontext.cpp:184] No gene with key: gene_dragon_highlight_value in group human at file: common/dna_data/test_dna_valyrian.txt line: 11762 (Velaryon_asoiaf_43)

[original line 8695][portraitcontext.cpp:184] No gene with key: gene_dragon_eye_hue in group human at file: common/dna_data/test_dna_valyrian.txt line: 11763 (Velaryon_asoiaf_43)

[original line 8696][portraitcontext.cpp:184] No gene with key: gene_dragon_eye_value in group human at file: common/dna_data/test_dna_valyrian.txt line: 11764 (Velaryon_asoiaf_43)

[original line 8697][portraitcontext.cpp:184] No gene with key: gene_dragon_horn_hue in group human at file: common/dna_data/test_dna_valyrian.txt line: 11765 (Velaryon_asoiaf_43)

[original line 8698][portraitcontext.cpp:184] No gene with key: gene_dragon_horn_value in group human at file: common/dna_data/test_dna_valyrian.txt line: 11766 (Velaryon_asoiaf_43)

[original line 8699][portraitcontext.cpp:184] No gene with key: gene_bs_head_round_shape in group human at file: common/dna_data/test_dna_valyrian.txt line: 11911 (Velaryon_asoiaf_43)

[original line 8736][portraitcontext.cpp:184] No gene with key: gene_dragon_skin_hue in group human at file: common/dna_data/test_dna_valyrian.txt line: 12121 (Velaryon_asoiaf_44)

[original line 8737][portraitcontext.cpp:184] No gene with key: gene_dragon_skin_value in group human at file: common/dna_data/test_dna_valyrian.txt line: 12122 (Velaryon_asoiaf_44)

[original line 8738][portraitcontext.cpp:184] No gene with key: gene_dragon_highlight_hue in group human at file: common/dna_data/test_dna_valyrian.txt line: 12123 (Velaryon_asoiaf_44)

[original line 8739][portraitcontext.cpp:184] No gene with key: gene_dragon_highlight_value in group human at file: common/dna_data/test_dna_valyrian.txt line: 12124 (Velaryon_asoiaf_44)

[original line 8740][portraitcontext.cpp:184] No gene with key: gene_dragon_eye_hue in group human at file: common/dna_data/test_dna_valyrian.txt line: 12125 (Velaryon_asoiaf_44)

[original line 8741][portraitcontext.cpp:184] No gene with key: gene_dragon_eye_value in group human at file: common/dna_data/test_dna_valyrian.txt line: 12126 (Velaryon_asoiaf_44)

[original line 8742][portraitcontext.cpp:184] No gene with key: gene_dragon_horn_hue in group human at file: common/dna_data/test_dna_valyrian.txt line: 12127 (Velaryon_asoiaf_44)

[original line 8743][portraitcontext.cpp:184] No gene with key: gene_dragon_horn_value in group human at file: common/dna_data/test_dna_valyrian.txt line: 12128 (Velaryon_asoiaf_44)

[original line 8744][portraitcontext.cpp:184] No gene with key: gene_bs_head_round_shape in group human at file: common/dna_data/test_dna_valyrian.txt line: 12273 (Velaryon_asoiaf_44)

[original line 8781][portraitcontext.cpp:184] No gene with key: gene_dragon_skin_hue in group human at file: common/dna_data/test_dna_valyrian.txt line: 12483 (Targaryen_asoiaf_75)

[original line 8782][portraitcontext.cpp:184] No gene with key: gene_dragon_skin_value in group human at file: common/dna_data/test_dna_valyrian.txt line: 12484 (Targaryen_asoiaf_75)

[original line 8783][portraitcontext.cpp:184] No gene with key: gene_dragon_highlight_hue in group human at file: common/dna_data/test_dna_valyrian.txt line: 12485 (Targaryen_asoiaf_75)

[original line 8784][portraitcontext.cpp:184] No gene with key: gene_dragon_highlight_value in group human at file: common/dna_data/test_dna_valyrian.txt line: 12486 (Targaryen_asoiaf_75)

[original line 8785][portraitcontext.cpp:184] No gene with key: gene_dragon_eye_hue in group human at file: common/dna_data/test_dna_valyrian.txt line: 12487 (Targaryen_asoiaf_75)

[original line 8786][portraitcontext.cpp:184] No gene with key: gene_dragon_eye_value in group human at file: common/dna_data/test_dna_valyrian.txt line: 12488 (Targaryen_asoiaf_75)

[original line 8787][portraitcontext.cpp:184] No gene with key: gene_dragon_horn_hue in group human at file: common/dna_data/test_dna_valyrian.txt line: 12489 (Targaryen_asoiaf_75)

[original line 8788][portraitcontext.cpp:184] No gene with key: gene_dragon_horn_value in group human at file: common/dna_data/test_dna_valyrian.txt line: 12490 (Targaryen_asoiaf_75)

[original line 8789][portraitcontext.cpp:184] No gene with key: gene_bs_eye_fold_2 in group human at file: common/dna_data/test_dna_valyrian.txt line: 12633 (Targaryen_asoiaf_75)

[original line 8790][portraitcontext.cpp:184] No gene with key: gene_bs_head_round_shape in group human at file: common/dna_data/test_dna_valyrian.txt line: 12636 (Targaryen_asoiaf_75)

[original line 8819][portraitcontext.cpp:184] No gene with key: gene_dragon_scales_effect in group human at file: common/dna_data/test_dna_valyrian.txt line: 12802 (Targaryen_asoiaf_76)

[original line 8836][portraitcontext.cpp:184] No gene with key: gene_dragon_skin_hue in group human at file: common/dna_data/test_dna_valyrian.txt line: 12842 (Targaryen_asoiaf_77)

[original line 8837][portraitcontext.cpp:184] No gene with key: gene_dragon_skin_value in group human at file: common/dna_data/test_dna_valyrian.txt line: 12843 (Targaryen_asoiaf_77)

[original line 8838][portraitcontext.cpp:184] No gene with key: gene_dragon_highlight_hue in group human at file: common/dna_data/test_dna_valyrian.txt line: 12844 (Targaryen_asoiaf_77)

[original line 8839][portraitcontext.cpp:184] No gene with key: gene_dragon_highlight_value in group human at file: common/dna_data/test_dna_valyrian.txt line: 12845 (Targaryen_asoiaf_77)

[original line 8840][portraitcontext.cpp:184] No gene with key: gene_dragon_eye_hue in group human at file: common/dna_data/test_dna_valyrian.txt line: 12846 (Targaryen_asoiaf_77)

[original line 8841][portraitcontext.cpp:184] No gene with key: gene_dragon_eye_value in group human at file: common/dna_data/test_dna_valyrian.txt line: 12847 (Targaryen_asoiaf_77)

[original line 8842][portraitcontext.cpp:184] No gene with key: gene_dragon_horn_hue in group human at file: common/dna_data/test_dna_valyrian.txt line: 12848 (Targaryen_asoiaf_77)

[original line 8843][portraitcontext.cpp:184] No gene with key: gene_dragon_horn_value in group human at file: common/dna_data/test_dna_valyrian.txt line: 12849 (Targaryen_asoiaf_77)

[original line 8844][portraitcontext.cpp:184] No gene with key: gene_bs_eye_fold_2 in group human at file: common/dna_data/test_dna_valyrian.txt line: 12992 (Targaryen_asoiaf_77)

[original line 8845][portraitcontext.cpp:184] No gene with key: gene_bs_head_round_shape in group human at file: common/dna_data/test_dna_valyrian.txt line: 12995 (Targaryen_asoiaf_77)

[original line 8872][portraitcontext.cpp:184] No gene with key: gene_dragon_skin_hue in group human at file: common/dna_data/test_dna_valyrian.txt line: 13021 (Velaryon_asoiaf_2)

[original line 8873][portraitcontext.cpp:184] No gene with key: gene_dragon_skin_value in group human at file: common/dna_data/test_dna_valyrian.txt line: 13022 (Velaryon_asoiaf_2)

[original line 8874][portraitcontext.cpp:184] No gene with key: gene_dragon_highlight_hue in group human at file: common/dna_data/test_dna_valyrian.txt line: 13023 (Velaryon_asoiaf_2)

[original line 8875][portraitcontext.cpp:184] No gene with key: gene_dragon_highlight_value in group human at file: common/dna_data/test_dna_valyrian.txt line: 13024 (Velaryon_asoiaf_2)

[original line 8876][portraitcontext.cpp:184] No gene with key: gene_dragon_eye_hue in group human at file: common/dna_data/test_dna_valyrian.txt line: 13025 (Velaryon_asoiaf_2)

[original line 8877][portraitcontext.cpp:184] No gene with key: gene_dragon_eye_value in group human at file: common/dna_data/test_dna_valyrian.txt line: 13026 (Velaryon_asoiaf_2)

[original line 8878][portraitcontext.cpp:184] No gene with key: gene_dragon_horn_hue in group human at file: common/dna_data/test_dna_valyrian.txt line: 13027 (Velaryon_asoiaf_2)

[original line 8879][portraitcontext.cpp:184] No gene with key: gene_dragon_horn_value in group human at file: common/dna_data/test_dna_valyrian.txt line: 13028 (Velaryon_asoiaf_2)

[original line 8880][portraitcontext.cpp:184] No gene with key: gene_eye_size in group human at file: common/dna_data/test_dna_valyrian.txt line: 13161 (Velaryon_asoiaf_2)

[original line 8881][portraitcontext.cpp:184] No gene with key: gene_eye_shut_top in group human at file: common/dna_data/test_dna_valyrian.txt line: 13162 (Velaryon_asoiaf_2)

[original line 8882][portraitcontext.cpp:184] No gene with key: gene_eye_shut_bottom in group human at file: common/dna_data/test_dna_valyrian.txt line: 13163 (Velaryon_asoiaf_2)

[original line 8883][portraitcontext.cpp:184] No gene with key: gene_forehead_inner_brow_width in group human at file: common/dna_data/test_dna_valyrian.txt line: 13169 (Velaryon_asoiaf_2)

[original line 8884][portraitcontext.cpp:184] No gene with key: gene_bs_eye_fold_2 in group human at file: common/dna_data/test_dna_valyrian.txt line: 13173 (Velaryon_asoiaf_2)

[original line 8885][portraitcontext.cpp:184] No gene with key: gene_bs_head_round_shape in group human at file: common/dna_data/test_dna_valyrian.txt line: 13176 (Velaryon_asoiaf_2)

[original line 8916][portraitcontext.cpp:184] No gene with key: gene_dragon_skin_hue in group human at file: common/dna_data/test_dna_valyrian.txt line: 13200 (Velaryon_asoiaf_5)

[original line 8917][portraitcontext.cpp:184] No gene with key: gene_dragon_skin_value in group human at file: common/dna_data/test_dna_valyrian.txt line: 13201 (Velaryon_asoiaf_5)

[original line 8918][portraitcontext.cpp:184] No gene with key: gene_dragon_highlight_hue in group human at file: common/dna_data/test_dna_valyrian.txt line: 13202 (Velaryon_asoiaf_5)

[original line 8919][portraitcontext.cpp:184] No gene with key: gene_dragon_highlight_value in group human at file: common/dna_data/test_dna_valyrian.txt line: 13203 (Velaryon_asoiaf_5)

[original line 8920][portraitcontext.cpp:184] No gene with key: gene_dragon_eye_hue in group human at file: common/dna_data/test_dna_valyrian.txt line: 13204 (Velaryon_asoiaf_5)

[original line 8921][portraitcontext.cpp:184] No gene with key: gene_dragon_eye_value in group human at file: common/dna_data/test_dna_valyrian.txt line: 13205 (Velaryon_asoiaf_5)

[original line 8922][portraitcontext.cpp:184] No gene with key: gene_dragon_horn_hue in group human at file: common/dna_data/test_dna_valyrian.txt line: 13206 (Velaryon_asoiaf_5)

[original line 8923][portraitcontext.cpp:184] No gene with key: gene_dragon_horn_value in group human at file: common/dna_data/test_dna_valyrian.txt line: 13207 (Velaryon_asoiaf_5)

[original line 8924][portraitcontext.cpp:184] No gene with key: gene_eye_size in group human at file: common/dna_data/test_dna_valyrian.txt line: 13340 (Velaryon_asoiaf_5)

[original line 8925][portraitcontext.cpp:184] No gene with key: gene_eye_shut_top in group human at file: common/dna_data/test_dna_valyrian.txt line: 13341 (Velaryon_asoiaf_5)

[original line 8926][portraitcontext.cpp:184] No gene with key: gene_eye_shut_bottom in group human at file: common/dna_data/test_dna_valyrian.txt line: 13342 (Velaryon_asoiaf_5)

[original line 8927][portraitcontext.cpp:184] No gene with key: gene_forehead_inner_brow_width in group human at file: common/dna_data/test_dna_valyrian.txt line: 13348 (Velaryon_asoiaf_5)

[original line 8928][portraitcontext.cpp:184] No gene with key: gene_bs_eye_fold_2 in group human at file: common/dna_data/test_dna_valyrian.txt line: 13352 (Velaryon_asoiaf_5)

[original line 8929][portraitcontext.cpp:184] No gene with key: gene_bs_head_round_shape in group human at file: common/dna_data/test_dna_valyrian.txt line: 13355 (Velaryon_asoiaf_5)

[original line 8982][portraitcontext.cpp:184] No gene with key: gene_dragon_scales_effect in group human at file: common/dna_data/test_dna_valyrian.txt line: 13889 (Celtigar_asoiaf_24)

[original line 8999][portraitcontext.cpp:184] No gene with key: gene_dragon_skin_hue in group human at file: common/dna_data/test_dna_vanity.txt line: 115 (asoiaf_Svennis)

[original line 9000][portraitcontext.cpp:184] No gene with key: gene_dragon_skin_value in group human at file: common/dna_data/test_dna_vanity.txt line: 116 (asoiaf_Svennis)

[original line 9001][portraitcontext.cpp:184] No gene with key: gene_dragon_highlight_hue in group human at file: common/dna_data/test_dna_vanity.txt line: 117 (asoiaf_Svennis)

[original line 9002][portraitcontext.cpp:184] No gene with key: gene_dragon_highlight_value in group human at file: common/dna_data/test_dna_vanity.txt line: 118 (asoiaf_Svennis)

[original line 9003][portraitcontext.cpp:184] No gene with key: gene_dragon_eye_hue in group human at file: common/dna_data/test_dna_vanity.txt line: 119 (asoiaf_Svennis)

[original line 9004][portraitcontext.cpp:184] No gene with key: gene_dragon_eye_value in group human at file: common/dna_data/test_dna_vanity.txt line: 120 (asoiaf_Svennis)

[original line 9005][portraitcontext.cpp:184] No gene with key: gene_dragon_horn_hue in group human at file: common/dna_data/test_dna_vanity.txt line: 121 (asoiaf_Svennis)

[original line 9006][portraitcontext.cpp:184] No gene with key: gene_dragon_horn_value in group human at file: common/dna_data/test_dna_vanity.txt line: 122 (asoiaf_Svennis)

[original line 9033][portraitcontext.cpp:184] No gene with key: gene_dragon_skin_hue in group human at file: common/dna_data/test_dna_westerlands.txt line: 8 (Lannister_asoiaf_90)

[original line 9034][portraitcontext.cpp:184] No gene with key: gene_dragon_skin_value in group human at file: common/dna_data/test_dna_westerlands.txt line: 9 (Lannister_asoiaf_90)

[original line 9035][portraitcontext.cpp:184] No gene with key: gene_dragon_highlight_hue in group human at file: common/dna_data/test_dna_westerlands.txt line: 10 (Lannister_asoiaf_90)

[original line 9036][portraitcontext.cpp:184] No gene with key: gene_dragon_highlight_value in group human at file: common/dna_data/test_dna_westerlands.txt line: 11 (Lannister_asoiaf_90)

[original line 9037][portraitcontext.cpp:184] No gene with key: gene_dragon_eye_hue in group human at file: common/dna_data/test_dna_westerlands.txt line: 12 (Lannister_asoiaf_90)

[original line 9038][portraitcontext.cpp:184] No gene with key: gene_dragon_eye_value in group human at file: common/dna_data/test_dna_westerlands.txt line: 13 (Lannister_asoiaf_90)

[original line 9039][portraitcontext.cpp:184] No gene with key: gene_dragon_horn_hue in group human at file: common/dna_data/test_dna_westerlands.txt line: 14 (Lannister_asoiaf_90)

[original line 9040][portraitcontext.cpp:184] No gene with key: gene_dragon_horn_value in group human at file: common/dna_data/test_dna_westerlands.txt line: 15 (Lannister_asoiaf_90)

[original line 9041][portraitcontext.cpp:184] No gene with key: gene_bs_head_round_shape in group human at file: common/dna_data/test_dna_westerlands.txt line: 160 (Lannister_asoiaf_90)

[original line 9068][portraitcontext.cpp:184] No gene with key: gene_dragon_skin_hue in group human at file: common/dna_data/test_dna_westerlands.txt line: 292 (Lannister_asoiaf_129)

[original line 9069][portraitcontext.cpp:184] No gene with key: gene_dragon_skin_value in group human at file: common/dna_data/test_dna_westerlands.txt line: 293 (Lannister_asoiaf_129)

[original line 9070][portraitcontext.cpp:184] No gene with key: gene_dragon_highlight_hue in group human at file: common/dna_data/test_dna_westerlands.txt line: 294 (Lannister_asoiaf_129)

[original line 9071][portraitcontext.cpp:184] No gene with key: gene_dragon_highlight_value in group human at file: common/dna_data/test_dna_westerlands.txt line: 295 (Lannister_asoiaf_129)

[original line 9072][portraitcontext.cpp:184] No gene with key: gene_dragon_eye_hue in group human at file: common/dna_data/test_dna_westerlands.txt line: 296 (Lannister_asoiaf_129)

[original line 9073][portraitcontext.cpp:184] No gene with key: gene_dragon_eye_value in group human at file: common/dna_data/test_dna_westerlands.txt line: 297 (Lannister_asoiaf_129)

[original line 9074][portraitcontext.cpp:184] No gene with key: gene_dragon_horn_hue in group human at file: common/dna_data/test_dna_westerlands.txt line: 298 (Lannister_asoiaf_129)

[original line 9075][portraitcontext.cpp:184] No gene with key: gene_dragon_horn_value in group human at file: common/dna_data/test_dna_westerlands.txt line: 299 (Lannister_asoiaf_129)

[original line 9076][portraitcontext.cpp:184] No gene with key: gene_bs_head_round_shape in group human at file: common/dna_data/test_dna_westerlands.txt line: 337 (Lannister_asoiaf_129)

[original line 9103][portraitcontext.cpp:184] No gene with key: gene_dragon_skin_hue in group human at file: common/dna_data/test_dna_westerlands.txt line: 470 (Lannister_asoiaf_1)

[original line 9104][portraitcontext.cpp:184] No gene with key: gene_dragon_skin_value in group human at file: common/dna_data/test_dna_westerlands.txt line: 471 (Lannister_asoiaf_1)

[original line 9105][portraitcontext.cpp:184] No gene with key: gene_dragon_highlight_hue in group human at file: common/dna_data/test_dna_westerlands.txt line: 472 (Lannister_asoiaf_1)

[original line 9106][portraitcontext.cpp:184] No gene with key: gene_dragon_highlight_value in group human at file: common/dna_data/test_dna_westerlands.txt line: 473 (Lannister_asoiaf_1)

[original line 9107][portraitcontext.cpp:184] No gene with key: gene_dragon_eye_hue in group human at file: common/dna_data/test_dna_westerlands.txt line: 474 (Lannister_asoiaf_1)

[original line 9108][portraitcontext.cpp:184] No gene with key: gene_dragon_eye_value in group human at file: common/dna_data/test_dna_westerlands.txt line: 475 (Lannister_asoiaf_1)

[original line 9109][portraitcontext.cpp:184] No gene with key: gene_dragon_horn_hue in group human at file: common/dna_data/test_dna_westerlands.txt line: 476 (Lannister_asoiaf_1)

[original line 9110][portraitcontext.cpp:184] No gene with key: gene_dragon_horn_value in group human at file: common/dna_data/test_dna_westerlands.txt line: 477 (Lannister_asoiaf_1)

[original line 9111][portraitcontext.cpp:184] No gene with key: gene_bs_head_round_shape in group human at file: common/dna_data/test_dna_westerlands.txt line: 515 (Lannister_asoiaf_1)

[original line 9148][portraitcontext.cpp:184] No gene with key: gene_dragon_skin_hue in group human at file: common/dna_data/test_dna_westerlands.txt line: 833 (Lannister_asoiaf_3)

[original line 9149][portraitcontext.cpp:184] No gene with key: gene_dragon_skin_value in group human at file: common/dna_data/test_dna_westerlands.txt line: 834 (Lannister_asoiaf_3)

[original line 9150][portraitcontext.cpp:184] No gene with key: gene_dragon_highlight_hue in group human at file: common/dna_data/test_dna_westerlands.txt line: 835 (Lannister_asoiaf_3)

[original line 9151][portraitcontext.cpp:184] No gene with key: gene_dragon_highlight_value in group human at file: common/dna_data/test_dna_westerlands.txt line: 836 (Lannister_asoiaf_3)

[original line 9152][portraitcontext.cpp:184] No gene with key: gene_dragon_eye_hue in group human at file: common/dna_data/test_dna_westerlands.txt line: 837 (Lannister_asoiaf_3)

[original line 9153][portraitcontext.cpp:184] No gene with key: gene_dragon_eye_value in group human at file: common/dna_data/test_dna_westerlands.txt line: 838 (Lannister_asoiaf_3)

[original line 9154][portraitcontext.cpp:184] No gene with key: gene_dragon_horn_hue in group human at file: common/dna_data/test_dna_westerlands.txt line: 839 (Lannister_asoiaf_3)

[original line 9155][portraitcontext.cpp:184] No gene with key: gene_dragon_horn_value in group human at file: common/dna_data/test_dna_westerlands.txt line: 840 (Lannister_asoiaf_3)

[original line 9156][portraitcontext.cpp:184] No gene with key: gene_bs_head_round_shape in group human at file: common/dna_data/test_dna_westerlands.txt line: 878 (Lannister_asoiaf_3)

[original line 9203][portraitcontext.cpp:184] No gene with key: gene_dragon_skin_hue in group human at file: common/dna_data/test_dna_westerlands.txt line: 1381 (Lannister_asoiaf_6)

[original line 9204][portraitcontext.cpp:184] No gene with key: gene_dragon_skin_value in group human at file: common/dna_data/test_dna_westerlands.txt line: 1382 (Lannister_asoiaf_6)

[original line 9205][portraitcontext.cpp:184] No gene with key: gene_dragon_highlight_hue in group human at file: common/dna_data/test_dna_westerlands.txt line: 1383 (Lannister_asoiaf_6)

[original line 9206][portraitcontext.cpp:184] No gene with key: gene_dragon_highlight_value in group human at file: common/dna_data/test_dna_westerlands.txt line: 1384 (Lannister_asoiaf_6)

[original line 9207][portraitcontext.cpp:184] No gene with key: gene_dragon_eye_hue in group human at file: common/dna_data/test_dna_westerlands.txt line: 1385 (Lannister_asoiaf_6)

[original line 9208][portraitcontext.cpp:184] No gene with key: gene_dragon_eye_value in group human at file: common/dna_data/test_dna_westerlands.txt line: 1386 (Lannister_asoiaf_6)

[original line 9209][portraitcontext.cpp:184] No gene with key: gene_dragon_horn_hue in group human at file: common/dna_data/test_dna_westerlands.txt line: 1387 (Lannister_asoiaf_6)

[original line 9210][portraitcontext.cpp:184] No gene with key: gene_dragon_horn_value in group human at file: common/dna_data/test_dna_westerlands.txt line: 1388 (Lannister_asoiaf_6)

[original line 9211][portraitcontext.cpp:184] No gene with key: gene_bs_head_round_shape in group human at file: common/dna_data/test_dna_westerlands.txt line: 1426 (Lannister_asoiaf_6)

[original line 9258][portraitcontext.cpp:184] No gene with key: gene_dragon_skin_hue in group human at file: common/dna_data/test_dna_westerlands.txt line: 1823 (Lannister_asoiaf_9)

[original line 9259][portraitcontext.cpp:184] No gene with key: gene_dragon_skin_value in group human at file: common/dna_data/test_dna_westerlands.txt line: 1824 (Lannister_asoiaf_9)

[original line 9260][portraitcontext.cpp:184] No gene with key: gene_dragon_highlight_hue in group human at file: common/dna_data/test_dna_westerlands.txt line: 1825 (Lannister_asoiaf_9)

[original line 9261][portraitcontext.cpp:184] No gene with key: gene_dragon_highlight_value in group human at file: common/dna_data/test_dna_westerlands.txt line: 1826 (Lannister_asoiaf_9)

[original line 9262][portraitcontext.cpp:184] No gene with key: gene_dragon_eye_hue in group human at file: common/dna_data/test_dna_westerlands.txt line: 1827 (Lannister_asoiaf_9)

[original line 9263][portraitcontext.cpp:184] No gene with key: gene_dragon_eye_value in group human at file: common/dna_data/test_dna_westerlands.txt line: 1828 (Lannister_asoiaf_9)

[original line 9264][portraitcontext.cpp:184] No gene with key: gene_dragon_horn_hue in group human at file: common/dna_data/test_dna_westerlands.txt line: 1829 (Lannister_asoiaf_9)

[original line 9265][portraitcontext.cpp:184] No gene with key: gene_dragon_horn_value in group human at file: common/dna_data/test_dna_westerlands.txt line: 1830 (Lannister_asoiaf_9)

[original line 9266][portraitcontext.cpp:184] No gene with key: gene_bs_head_round_shape in group human at file: common/dna_data/test_dna_westerlands.txt line: 1975 (Lannister_asoiaf_9)

[original line 9293][portraitcontext.cpp:184] No gene with key: gene_dragon_skin_hue in group human at file: common/dna_data/test_dna_westerlands.txt line: 2107 (Lannister_asoiaf_10)

[original line 9294][portraitcontext.cpp:184] No gene with key: gene_dragon_skin_value in group human at file: common/dna_data/test_dna_westerlands.txt line: 2108 (Lannister_asoiaf_10)

[original line 9295][portraitcontext.cpp:184] No gene with key: gene_dragon_highlight_hue in group human at file: common/dna_data/test_dna_westerlands.txt line: 2109 (Lannister_asoiaf_10)

[original line 9296][portraitcontext.cpp:184] No gene with key: gene_dragon_highlight_value in group human at file: common/dna_data/test_dna_westerlands.txt line: 2110 (Lannister_asoiaf_10)

[original line 9297][portraitcontext.cpp:184] No gene with key: gene_dragon_eye_hue in group human at file: common/dna_data/test_dna_westerlands.txt line: 2111 (Lannister_asoiaf_10)

[original line 9298][portraitcontext.cpp:184] No gene with key: gene_dragon_eye_value in group human at file: common/dna_data/test_dna_westerlands.txt line: 2112 (Lannister_asoiaf_10)

[original line 9299][portraitcontext.cpp:184] No gene with key: gene_dragon_horn_hue in group human at file: common/dna_data/test_dna_westerlands.txt line: 2113 (Lannister_asoiaf_10)

[original line 9300][portraitcontext.cpp:184] No gene with key: gene_dragon_horn_value in group human at file: common/dna_data/test_dna_westerlands.txt line: 2114 (Lannister_asoiaf_10)

[original line 9301][portraitcontext.cpp:184] No gene with key: gene_bs_head_round_shape in group human at file: common/dna_data/test_dna_westerlands.txt line: 2152 (Lannister_asoiaf_10)

[original line 9328][portraitcontext.cpp:184] No gene with key: gene_dragon_skin_hue in group human at file: common/dna_data/test_dna_westerlands.txt line: 2285 (Lannister_asoiaf_11)

[original line 9329][portraitcontext.cpp:184] No gene with key: gene_dragon_skin_value in group human at file: common/dna_data/test_dna_westerlands.txt line: 2286 (Lannister_asoiaf_11)

[original line 9330][portraitcontext.cpp:184] No gene with key: gene_dragon_highlight_hue in group human at file: common/dna_data/test_dna_westerlands.txt line: 2287 (Lannister_asoiaf_11)

[original line 9331][portraitcontext.cpp:184] No gene with key: gene_dragon_highlight_value in group human at file: common/dna_data/test_dna_westerlands.txt line: 2288 (Lannister_asoiaf_11)

[original line 9332][portraitcontext.cpp:184] No gene with key: gene_dragon_eye_hue in group human at file: common/dna_data/test_dna_westerlands.txt line: 2289 (Lannister_asoiaf_11)

[original line 9333][portraitcontext.cpp:184] No gene with key: gene_dragon_eye_value in group human at file: common/dna_data/test_dna_westerlands.txt line: 2290 (Lannister_asoiaf_11)

[original line 9334][portraitcontext.cpp:184] No gene with key: gene_dragon_horn_hue in group human at file: common/dna_data/test_dna_westerlands.txt line: 2291 (Lannister_asoiaf_11)

[original line 9335][portraitcontext.cpp:184] No gene with key: gene_dragon_horn_value in group human at file: common/dna_data/test_dna_westerlands.txt line: 2292 (Lannister_asoiaf_11)

[original line 9336][portraitcontext.cpp:184] No gene with key: gene_bs_head_round_shape in group human at file: common/dna_data/test_dna_westerlands.txt line: 2330 (Lannister_asoiaf_11)

[original line 9363][portraitcontext.cpp:184] No gene with key: gene_dragon_skin_hue in group human at file: common/dna_data/test_dna_westerlands.txt line: 2463 (Lannister_asoiaf_12)

[original line 9364][portraitcontext.cpp:184] No gene with key: gene_dragon_skin_value in group human at file: common/dna_data/test_dna_westerlands.txt line: 2464 (Lannister_asoiaf_12)

[original line 9365][portraitcontext.cpp:184] No gene with key: gene_dragon_highlight_hue in group human at file: common/dna_data/test_dna_westerlands.txt line: 2465 (Lannister_asoiaf_12)

[original line 9366][portraitcontext.cpp:184] No gene with key: gene_dragon_highlight_value in group human at file: common/dna_data/test_dna_westerlands.txt line: 2466 (Lannister_asoiaf_12)

[original line 9367][portraitcontext.cpp:184] No gene with key: gene_dragon_eye_hue in group human at file: common/dna_data/test_dna_westerlands.txt line: 2467 (Lannister_asoiaf_12)

[original line 9368][portraitcontext.cpp:184] No gene with key: gene_dragon_eye_value in group human at file: common/dna_data/test_dna_westerlands.txt line: 2468 (Lannister_asoiaf_12)

[original line 9369][portraitcontext.cpp:184] No gene with key: gene_dragon_horn_hue in group human at file: common/dna_data/test_dna_westerlands.txt line: 2469 (Lannister_asoiaf_12)

[original line 9370][portraitcontext.cpp:184] No gene with key: gene_dragon_horn_value in group human at file: common/dna_data/test_dna_westerlands.txt line: 2470 (Lannister_asoiaf_12)

[original line 9371][portraitcontext.cpp:184] No gene with key: gene_bs_head_round_shape in group human at file: common/dna_data/test_dna_westerlands.txt line: 2508 (Lannister_asoiaf_12)

[original line 9398][portraitcontext.cpp:184] No gene with key: gene_dragon_skin_hue in group human at file: common/dna_data/test_dna_westerlands.txt line: 2641 (Lannister_asoiaf_17)

[original line 9399][portraitcontext.cpp:184] No gene with key: gene_dragon_skin_value in group human at file: common/dna_data/test_dna_westerlands.txt line: 2642 (Lannister_asoiaf_17)

[original line 9400][portraitcontext.cpp:184] No gene with key: gene_dragon_highlight_hue in group human at file: common/dna_data/test_dna_westerlands.txt line: 2643 (Lannister_asoiaf_17)

[original line 9401][portraitcontext.cpp:184] No gene with key: gene_dragon_highlight_value in group human at file: common/dna_data/test_dna_westerlands.txt line: 2644 (Lannister_asoiaf_17)

[original line 9402][portraitcontext.cpp:184] No gene with key: gene_dragon_eye_hue in group human at file: common/dna_data/test_dna_westerlands.txt line: 2645 (Lannister_asoiaf_17)

[original line 9403][portraitcontext.cpp:184] No gene with key: gene_dragon_eye_value in group human at file: common/dna_data/test_dna_westerlands.txt line: 2646 (Lannister_asoiaf_17)

[original line 9404][portraitcontext.cpp:184] No gene with key: gene_dragon_horn_hue in group human at file: common/dna_data/test_dna_westerlands.txt line: 2647 (Lannister_asoiaf_17)

[original line 9405][portraitcontext.cpp:184] No gene with key: gene_dragon_horn_value in group human at file: common/dna_data/test_dna_westerlands.txt line: 2648 (Lannister_asoiaf_17)

[original line 9406][portraitcontext.cpp:184] No gene with key: gene_bs_head_round_shape in group human at file: common/dna_data/test_dna_westerlands.txt line: 2686 (Lannister_asoiaf_17)

[original line 9463][portraitcontext.cpp:184] No gene with key: gene_dragon_skin_hue in group human at file: common/dna_data/test_dna_westerlands.txt line: 3270 (Clegane_asoiaf_3)

[original line 9464][portraitcontext.cpp:184] No gene with key: gene_dragon_skin_value in group human at file: common/dna_data/test_dna_westerlands.txt line: 3271 (Clegane_asoiaf_3)

[original line 9465][portraitcontext.cpp:184] No gene with key: gene_dragon_highlight_hue in group human at file: common/dna_data/test_dna_westerlands.txt line: 3272 (Clegane_asoiaf_3)

[original line 9466][portraitcontext.cpp:184] No gene with key: gene_dragon_highlight_value in group human at file: common/dna_data/test_dna_westerlands.txt line: 3273 (Clegane_asoiaf_3)

[original line 9467][portraitcontext.cpp:184] No gene with key: gene_dragon_eye_hue in group human at file: common/dna_data/test_dna_westerlands.txt line: 3274 (Clegane_asoiaf_3)

[original line 9468][portraitcontext.cpp:184] No gene with key: gene_dragon_eye_value in group human at file: common/dna_data/test_dna_westerlands.txt line: 3275 (Clegane_asoiaf_3)

[original line 9469][portraitcontext.cpp:184] No gene with key: gene_dragon_horn_hue in group human at file: common/dna_data/test_dna_westerlands.txt line: 3276 (Clegane_asoiaf_3)

[original line 9470][portraitcontext.cpp:184] No gene with key: gene_dragon_horn_value in group human at file: common/dna_data/test_dna_westerlands.txt line: 3277 (Clegane_asoiaf_3)

[original line 9471][portraitcontext.cpp:184] No gene with key: gene_eye_size in group human at file: common/dna_data/test_dna_westerlands.txt line: 3410 (Clegane_asoiaf_3)

[original line 9472][portraitcontext.cpp:184] No gene with key: gene_eye_shut_top in group human at file: common/dna_data/test_dna_westerlands.txt line: 3411 (Clegane_asoiaf_3)

[original line 9473][portraitcontext.cpp:184] No gene with key: gene_eye_shut_bottom in group human at file: common/dna_data/test_dna_westerlands.txt line: 3412 (Clegane_asoiaf_3)

[original line 9474][portraitcontext.cpp:184] No gene with key: gene_forehead_inner_brow_width in group human at file: common/dna_data/test_dna_westerlands.txt line: 3418 (Clegane_asoiaf_3)

[original line 9475][portraitcontext.cpp:184] No gene with key: gene_bs_eye_fold_2 in group human at file: common/dna_data/test_dna_westerlands.txt line: 3422 (Clegane_asoiaf_3)

[original line 9476][portraitcontext.cpp:184] No gene with key: gene_bs_head_round_shape in group human at file: common/dna_data/test_dna_westerlands.txt line: 3425 (Clegane_asoiaf_3)

[original line 9507][portraitcontext.cpp:184] No gene with key: gene_dragon_skin_hue in group human at file: common/dna_data/test_dna_westerlands.txt line: 3450 (Clegane_asoiaf_4)

[original line 9508][portraitcontext.cpp:184] No gene with key: gene_dragon_skin_value in group human at file: common/dna_data/test_dna_westerlands.txt line: 3451 (Clegane_asoiaf_4)

[original line 9509][portraitcontext.cpp:184] No gene with key: gene_dragon_highlight_hue in group human at file: common/dna_data/test_dna_westerlands.txt line: 3452 (Clegane_asoiaf_4)

[original line 9510][portraitcontext.cpp:184] No gene with key: gene_dragon_highlight_value in group human at file: common/dna_data/test_dna_westerlands.txt line: 3453 (Clegane_asoiaf_4)

[original line 9511][portraitcontext.cpp:184] No gene with key: gene_dragon_eye_hue in group human at file: common/dna_data/test_dna_westerlands.txt line: 3454 (Clegane_asoiaf_4)

[original line 9512][portraitcontext.cpp:184] No gene with key: gene_dragon_eye_value in group human at file: common/dna_data/test_dna_westerlands.txt line: 3455 (Clegane_asoiaf_4)

[original line 9513][portraitcontext.cpp:184] No gene with key: gene_dragon_horn_hue in group human at file: common/dna_data/test_dna_westerlands.txt line: 3456 (Clegane_asoiaf_4)

[original line 9514][portraitcontext.cpp:184] No gene with key: gene_dragon_horn_value in group human at file: common/dna_data/test_dna_westerlands.txt line: 3457 (Clegane_asoiaf_4)

[original line 9515][portraitcontext.cpp:184] No gene with key: gene_eye_size in group human at file: common/dna_data/test_dna_westerlands.txt line: 3590 (Clegane_asoiaf_4)

[original line 9516][portraitcontext.cpp:184] No gene with key: gene_eye_shut_top in group human at file: common/dna_data/test_dna_westerlands.txt line: 3591 (Clegane_asoiaf_4)

[original line 9517][portraitcontext.cpp:184] No gene with key: gene_eye_shut_bottom in group human at file: common/dna_data/test_dna_westerlands.txt line: 3592 (Clegane_asoiaf_4)

[original line 9518][portraitcontext.cpp:184] No gene with key: gene_forehead_inner_brow_width in group human at file: common/dna_data/test_dna_westerlands.txt line: 3598 (Clegane_asoiaf_4)

[original line 9519][portraitcontext.cpp:184] No gene with key: gene_bs_eye_fold_2 in group human at file: common/dna_data/test_dna_westerlands.txt line: 3602 (Clegane_asoiaf_4)

[original line 9520][portraitcontext.cpp:184] No gene with key: gene_bs_head_round_shape in group human at file: common/dna_data/test_dna_westerlands.txt line: 3605 (Clegane_asoiaf_4)

[original line 9553][portraitcontext.cpp:184] No gene with key: gene_dragon_scales_effect in group human at file: common/dna_data/test_dna_westerlands.txt line: 3769 (Reyne_asoiaf_63)

[original line 9600][portraitcontext.cpp:184] No gene with key: gene_dragon_skin_hue in group human at file: common/dna_data/test_dna_westerlands.txt line: 4364 (Westerling_asoiaf_23)

[original line 9601][portraitcontext.cpp:184] No gene with key: gene_dragon_skin_value in group human at file: common/dna_data/test_dna_westerlands.txt line: 4365 (Westerling_asoiaf_23)

[original line 9602][portraitcontext.cpp:184] No gene with key: gene_dragon_highlight_hue in group human at file: common/dna_data/test_dna_westerlands.txt line: 4366 (Westerling_asoiaf_23)

[original line 9603][portraitcontext.cpp:184] No gene with key: gene_dragon_highlight_value in group human at file: common/dna_data/test_dna_westerlands.txt line: 4367 (Westerling_asoiaf_23)

[original line 9604][portraitcontext.cpp:184] No gene with key: gene_dragon_eye_hue in group human at file: common/dna_data/test_dna_westerlands.txt line: 4368 (Westerling_asoiaf_23)

[original line 9605][portraitcontext.cpp:184] No gene with key: gene_dragon_eye_value in group human at file: common/dna_data/test_dna_westerlands.txt line: 4369 (Westerling_asoiaf_23)

[original line 9606][portraitcontext.cpp:184] No gene with key: gene_dragon_horn_hue in group human at file: common/dna_data/test_dna_westerlands.txt line: 4370 (Westerling_asoiaf_23)

[original line 9607][portraitcontext.cpp:184] No gene with key: gene_dragon_horn_value in group human at file: common/dna_data/test_dna_westerlands.txt line: 4371 (Westerling_asoiaf_23)

[original line 9608][portraitcontext.cpp:184] No gene with key: gene_bs_head_round_shape in group human at file: common/dna_data/test_dna_westerlands.txt line: 4516 (Westerling_asoiaf_23)

[original line 9665][portraitcontext.cpp:184] No gene with key: gene_dragon_skin_hue in group human at file: common/dna_data/test_dna_westerlands.txt line: 5097 (Payne_asoiaf_6)

[original line 9666][portraitcontext.cpp:184] No gene with key: gene_dragon_skin_value in group human at file: common/dna_data/test_dna_westerlands.txt line: 5098 (Payne_asoiaf_6)

[original line 9667][portraitcontext.cpp:184] No gene with key: gene_dragon_highlight_hue in group human at file: common/dna_data/test_dna_westerlands.txt line: 5099 (Payne_asoiaf_6)

[original line 9668][portraitcontext.cpp:184] No gene with key: gene_dragon_highlight_value in group human at file: common/dna_data/test_dna_westerlands.txt line: 5100 (Payne_asoiaf_6)

[original line 9669][portraitcontext.cpp:184] No gene with key: gene_dragon_eye_hue in group human at file: common/dna_data/test_dna_westerlands.txt line: 5101 (Payne_asoiaf_6)

[original line 9670][portraitcontext.cpp:184] No gene with key: gene_dragon_eye_value in group human at file: common/dna_data/test_dna_westerlands.txt line: 5102 (Payne_asoiaf_6)

[original line 9671][portraitcontext.cpp:184] No gene with key: gene_dragon_horn_hue in group human at file: common/dna_data/test_dna_westerlands.txt line: 5103 (Payne_asoiaf_6)

[original line 9672][portraitcontext.cpp:184] No gene with key: gene_dragon_horn_value in group human at file: common/dna_data/test_dna_westerlands.txt line: 5104 (Payne_asoiaf_6)

[original line 9673][portraitcontext.cpp:184] No gene with key: gene_eye_size in group human at file: common/dna_data/test_dna_westerlands.txt line: 5237 (Payne_asoiaf_6)

[original line 9674][portraitcontext.cpp:184] No gene with key: gene_eye_shut_top in group human at file: common/dna_data/test_dna_westerlands.txt line: 5238 (Payne_asoiaf_6)

[original line 9675][portraitcontext.cpp:184] No gene with key: gene_eye_shut_bottom in group human at file: common/dna_data/test_dna_westerlands.txt line: 5239 (Payne_asoiaf_6)

[original line 9676][portraitcontext.cpp:184] No gene with key: gene_forehead_inner_brow_width in group human at file: common/dna_data/test_dna_westerlands.txt line: 5245 (Payne_asoiaf_6)

[original line 9677][portraitcontext.cpp:184] No gene with key: gene_bs_eye_fold_2 in group human at file: common/dna_data/test_dna_westerlands.txt line: 5249 (Payne_asoiaf_6)

[original line 9678][portraitcontext.cpp:184] No gene with key: gene_bs_head_round_shape in group human at file: common/dna_data/test_dna_westerlands.txt line: 5252 (Payne_asoiaf_6)

[original line 9709][portraitcontext.cpp:184] No gene with key: gene_dragon_skin_hue in group human at file: common/dna_data/test_dna_westerlands.txt line: 5276 (Vikary_asoiaf_1)

[original line 9710][portraitcontext.cpp:184] No gene with key: gene_dragon_skin_value in group human at file: common/dna_data/test_dna_westerlands.txt line: 5277 (Vikary_asoiaf_1)

[original line 9711][portraitcontext.cpp:184] No gene with key: gene_dragon_highlight_hue in group human at file: common/dna_data/test_dna_westerlands.txt line: 5278 (Vikary_asoiaf_1)

[original line 9712][portraitcontext.cpp:184] No gene with key: gene_dragon_highlight_value in group human at file: common/dna_data/test_dna_westerlands.txt line: 5279 (Vikary_asoiaf_1)

[original line 9713][portraitcontext.cpp:184] No gene with key: gene_dragon_eye_hue in group human at file: common/dna_data/test_dna_westerlands.txt line: 5280 (Vikary_asoiaf_1)

[original line 9714][portraitcontext.cpp:184] No gene with key: gene_dragon_eye_value in group human at file: common/dna_data/test_dna_westerlands.txt line: 5281 (Vikary_asoiaf_1)

[original line 9715][portraitcontext.cpp:184] No gene with key: gene_dragon_horn_hue in group human at file: common/dna_data/test_dna_westerlands.txt line: 5282 (Vikary_asoiaf_1)

[original line 9716][portraitcontext.cpp:184] No gene with key: gene_dragon_horn_value in group human at file: common/dna_data/test_dna_westerlands.txt line: 5283 (Vikary_asoiaf_1)

[original line 9717][portraitcontext.cpp:184] No gene with key: gene_eye_size in group human at file: common/dna_data/test_dna_westerlands.txt line: 5416 (Vikary_asoiaf_1)

[original line 9718][portraitcontext.cpp:184] No gene with key: gene_eye_shut_top in group human at file: common/dna_data/test_dna_westerlands.txt line: 5417 (Vikary_asoiaf_1)

[original line 9719][portraitcontext.cpp:184] No gene with key: gene_eye_shut_bottom in group human at file: common/dna_data/test_dna_westerlands.txt line: 5418 (Vikary_asoiaf_1)

[original line 9720][portraitcontext.cpp:184] No gene with key: gene_forehead_inner_brow_width in group human at file: common/dna_data/test_dna_westerlands.txt line: 5424 (Vikary_asoiaf_1)

[original line 9721][portraitcontext.cpp:184] No gene with key: gene_bs_eye_fold_2 in group human at file: common/dna_data/test_dna_westerlands.txt line: 5428 (Vikary_asoiaf_1)

[original line 9722][portraitcontext.cpp:184] No gene with key: gene_bs_head_round_shape in group human at file: common/dna_data/test_dna_westerlands.txt line: 5431 (Vikary_asoiaf_1)

[original line 9968][portraitcontext.cpp:184] No gene with key: gene_dragon_skin_hue in group human at file: common/bookmark_portraits/bookmark_106_alicent_hightower.txt line: 117 (bookmark_106_alicent_hightower)

[original line 9969][portraitcontext.cpp:184] No gene with key: gene_dragon_skin_value in group human at file: common/bookmark_portraits/bookmark_106_alicent_hightower.txt line: 118 (bookmark_106_alicent_hightower)

[original line 9970][portraitcontext.cpp:184] No gene with key: gene_dragon_highlight_hue in group human at file: common/bookmark_portraits/bookmark_106_alicent_hightower.txt line: 119 (bookmark_106_alicent_hightower)

[original line 9971][portraitcontext.cpp:184] No gene with key: gene_dragon_highlight_value in group human at file: common/bookmark_portraits/bookmark_106_alicent_hightower.txt line: 120 (bookmark_106_alicent_hightower)

[original line 9972][portraitcontext.cpp:184] No gene with key: gene_dragon_eye_hue in group human at file: common/bookmark_portraits/bookmark_106_alicent_hightower.txt line: 121 (bookmark_106_alicent_hightower)

[original line 9973][portraitcontext.cpp:184] No gene with key: gene_dragon_eye_value in group human at file: common/bookmark_portraits/bookmark_106_alicent_hightower.txt line: 122 (bookmark_106_alicent_hightower)

[original line 9974][portraitcontext.cpp:184] No gene with key: gene_dragon_horn_hue in group human at file: common/bookmark_portraits/bookmark_106_alicent_hightower.txt line: 123 (bookmark_106_alicent_hightower)

[original line 9975][portraitcontext.cpp:184] No gene with key: gene_dragon_horn_value in group human at file: common/bookmark_portraits/bookmark_106_alicent_hightower.txt line: 124 (bookmark_106_alicent_hightower)

[original line 9976][portraitcontext.cpp:184] No gene with key: gene_bs_head_round_shape in group human at file: common/bookmark_portraits/bookmark_106_alicent_hightower.txt line: 162 (bookmark_106_alicent_hightower)

[original line 9977][portraitcontext.cpp:184] No gene with key: gene_dragon_skin_hue in group human at file: common/bookmark_portraits/bookmark_106_viserys_targaryen.txt line: 118 (bookmark_106_viserys_targaryen)

[original line 9978][portraitcontext.cpp:184] No gene with key: gene_dragon_skin_value in group human at file: common/bookmark_portraits/bookmark_106_viserys_targaryen.txt line: 119 (bookmark_106_viserys_targaryen)

[original line 9979][portraitcontext.cpp:184] No gene with key: gene_dragon_highlight_hue in group human at file: common/bookmark_portraits/bookmark_106_viserys_targaryen.txt line: 120 (bookmark_106_viserys_targaryen)

[original line 9980][portraitcontext.cpp:184] No gene with key: gene_dragon_highlight_value in group human at file: common/bookmark_portraits/bookmark_106_viserys_targaryen.txt line: 121 (bookmark_106_viserys_targaryen)

[original line 9981][portraitcontext.cpp:184] No gene with key: gene_dragon_eye_hue in group human at file: common/bookmark_portraits/bookmark_106_viserys_targaryen.txt line: 122 (bookmark_106_viserys_targaryen)

[original line 9982][portraitcontext.cpp:184] No gene with key: gene_dragon_eye_value in group human at file: common/bookmark_portraits/bookmark_106_viserys_targaryen.txt line: 123 (bookmark_106_viserys_targaryen)

[original line 9983][portraitcontext.cpp:184] No gene with key: gene_dragon_horn_hue in group human at file: common/bookmark_portraits/bookmark_106_viserys_targaryen.txt line: 124 (bookmark_106_viserys_targaryen)

[original line 9984][portraitcontext.cpp:184] No gene with key: gene_dragon_horn_value in group human at file: common/bookmark_portraits/bookmark_106_viserys_targaryen.txt line: 125 (bookmark_106_viserys_targaryen)

[original line 9985][portraitcontext.cpp:184] No gene with key: gene_bs_head_round_shape in group human at file: common/bookmark_portraits/bookmark_106_viserys_targaryen.txt line: 163 (bookmark_106_viserys_targaryen)

[original line 9986][portraitcontext.cpp:184] No gene with key: gene_dragon_skin_hue in group human at file: common/bookmark_portraits/bookmark_209_egg.txt line: 118 (bookmark_209_egg)

[original line 9987][portraitcontext.cpp:184] No gene with key: gene_dragon_skin_value in group human at file: common/bookmark_portraits/bookmark_209_egg.txt line: 119 (bookmark_209_egg)

[original line 9988][portraitcontext.cpp:184] No gene with key: gene_dragon_highlight_hue in group human at file: common/bookmark_portraits/bookmark_209_egg.txt line: 120 (bookmark_209_egg)

[original line 9989][portraitcontext.cpp:184] No gene with key: gene_dragon_highlight_value in group human at file: common/bookmark_portraits/bookmark_209_egg.txt line: 121 (bookmark_209_egg)

[original line 9990][portraitcontext.cpp:184] No gene with key: gene_dragon_eye_hue in group human at file: common/bookmark_portraits/bookmark_209_egg.txt line: 122 (bookmark_209_egg)

[original line 9991][portraitcontext.cpp:184] No gene with key: gene_dragon_eye_value in group human at file: common/bookmark_portraits/bookmark_209_egg.txt line: 123 (bookmark_209_egg)

[original line 9992][portraitcontext.cpp:184] No gene with key: gene_dragon_horn_hue in group human at file: common/bookmark_portraits/bookmark_209_egg.txt line: 124 (bookmark_209_egg)

[original line 9993][portraitcontext.cpp:184] No gene with key: gene_dragon_horn_value in group human at file: common/bookmark_portraits/bookmark_209_egg.txt line: 125 (bookmark_209_egg)

[original line 10001][portraitcontext.cpp:184] No gene with key: gene_dragon_skin_hue in group human at file: common/bookmark_portraits/bookmark_284_cressen.txt line: 118 (bookmark_284_cressen)

[original line 10002][portraitcontext.cpp:184] No gene with key: gene_dragon_skin_value in group human at file: common/bookmark_portraits/bookmark_284_cressen.txt line: 119 (bookmark_284_cressen)

[original line 10003][portraitcontext.cpp:184] No gene with key: gene_dragon_highlight_hue in group human at file: common/bookmark_portraits/bookmark_284_cressen.txt line: 120 (bookmark_284_cressen)

[original line 10004][portraitcontext.cpp:184] No gene with key: gene_dragon_highlight_value in group human at file: common/bookmark_portraits/bookmark_284_cressen.txt line: 121 (bookmark_284_cressen)

[original line 10005][portraitcontext.cpp:184] No gene with key: gene_dragon_eye_hue in group human at file: common/bookmark_portraits/bookmark_284_cressen.txt line: 122 (bookmark_284_cressen)

[original line 10006][portraitcontext.cpp:184] No gene with key: gene_dragon_eye_value in group human at file: common/bookmark_portraits/bookmark_284_cressen.txt line: 123 (bookmark_284_cressen)

[original line 10007][portraitcontext.cpp:184] No gene with key: gene_dragon_horn_hue in group human at file: common/bookmark_portraits/bookmark_284_cressen.txt line: 124 (bookmark_284_cressen)

[original line 10008][portraitcontext.cpp:184] No gene with key: gene_dragon_horn_value in group human at file: common/bookmark_portraits/bookmark_284_cressen.txt line: 125 (bookmark_284_cressen)

[original line 10014][portraitcontext.cpp:184] No gene with key: gene_dragon_skin_hue in group human at file: common/bookmark_portraits/bookmark_82_osmund_strong.txt line: 117 (bookmark_82_osmund_strong)

[original line 10015][portraitcontext.cpp:184] No gene with key: gene_dragon_skin_value in group human at file: common/bookmark_portraits/bookmark_82_osmund_strong.txt line: 118 (bookmark_82_osmund_strong)

[original line 10016][portraitcontext.cpp:184] No gene with key: gene_dragon_highlight_hue in group human at file: common/bookmark_portraits/bookmark_82_osmund_strong.txt line: 119 (bookmark_82_osmund_strong)

[original line 10017][portraitcontext.cpp:184] No gene with key: gene_dragon_highlight_value in group human at file: common/bookmark_portraits/bookmark_82_osmund_strong.txt line: 120 (bookmark_82_osmund_strong)

[original line 10018][portraitcontext.cpp:184] No gene with key: gene_dragon_eye_hue in group human at file: common/bookmark_portraits/bookmark_82_osmund_strong.txt line: 121 (bookmark_82_osmund_strong)

[original line 10019][portraitcontext.cpp:184] No gene with key: gene_dragon_eye_value in group human at file: common/bookmark_portraits/bookmark_82_osmund_strong.txt line: 122 (bookmark_82_osmund_strong)

[original line 10020][portraitcontext.cpp:184] No gene with key: gene_dragon_horn_hue in group human at file: common/bookmark_portraits/bookmark_82_osmund_strong.txt line: 123 (bookmark_82_osmund_strong)

[original line 10021][portraitcontext.cpp:184] No gene with key: gene_dragon_horn_value in group human at file: common/bookmark_portraits/bookmark_82_osmund_strong.txt line: 124 (bookmark_82_osmund_strong)

[original line 10022][portraitcontext.cpp:184] No gene with key: gene_bs_head_round_shape in group human at file: common/bookmark_portraits/bookmark_82_osmund_strong.txt line: 162 (bookmark_82_osmund_strong)
