LogLine,Component,Owner,Symbols,SourceMods,Message
1,dlc_descriptor.cpp:70,,,,Invalid supported_version in file: mod/ugc_2261468688.mod line: 6
1204,pdxassetutil.cpp:1009,CK3 | COW-AGOT: 3D Models & Bigger Castles,,,"Duplicate texture 'ep3_patras_castle_01_a_unique.dds' found (current path 'gfx/models/buildings/special/high_hermitage/ep3_patras_castle_01_a_unique.dds', previous path 'gfx/models/buildings/special/ep3_patras_castle_01_a/ep3_patras_castle_01_a_unique.dds')"
1205,pdxassetutil.cpp:1009,CK3 | COW-AGOT: 3D Models & Bigger Castles,,,"Duplicate texture 'ep3_patras_castle_ground_diffuse.dds' found (current path 'gfx/models/buildings/special/high_hermitage/ep3_patras_castle_ground_diffuse.dds', previous path 'gfx/models/buildings/special/ep3_patras_castle_01_a/ep3_patras_castle_ground_diffuse.dds')"
1206,pdxassetutil.cpp:1009,CK3 | COW-AGOT: 3D Models & Bigger Castles,,,"Duplicate texture 'ep3_patras_castle_ground_normal.dds' found (current path 'gfx/models/buildings/special/high_hermitage/ep3_patras_castle_ground_normal.dds', previous path 'gfx/models/buildings/special/ep3_patras_castle_01_a/ep3_patras_castle_ground_normal.dds')"
1207,pdxassetutil.cpp:1009,CK3 | COW-AGOT: 3D Models & Bigger Castles,,,"Duplicate texture 'ep3_patras_castle_ground_properties.dds' found (current path 'gfx/models/buildings/special/high_hermitage/ep3_patras_castle_ground_properties.dds', previous path 'gfx/models/buildings/special/ep3_patras_castle_01_a/ep3_patras_castle_ground_properties.dds')"
1208,pdxassetutil.cpp:1009,A Game of Thrones | COW-AGOT: 3D Models & Bigger Castles,,,"Duplicate texture 'ethiopian_atlas_diffuse.dds' found (current path 'gfx/models/buildings/special/Karhold/ethiopian_atlas_diffuse.dds', previous path 'gfx/models/buildings/holdings/atlas/ethiopian/ethiopian_atlas_diffuse.dds')"
1209,pdxassetutil.cpp:1009,A Game of Thrones | COW-AGOT: 3D Models & Bigger Castles,,,"Duplicate texture 'ethiopian_atlas_diffuse.dds' found (current path 'gfx/models/buildings/special/Runestone/ethiopian_atlas_diffuse.dds', previous path 'gfx/models/buildings/holdings/atlas/ethiopian/ethiopian_atlas_diffuse.dds')"
1210,pdxassetutil.cpp:1009,A Game of Thrones | COW-AGOT: 3D Models & Bigger Castles,,,"Duplicate texture 'ethiopian_atlas_normal.dds' found (current path 'gfx/models/buildings/special/Karhold/ethiopian_atlas_normal.dds', previous path 'gfx/models/buildings/holdings/atlas/ethiopian/ethiopian_atlas_normal.dds')"
1211,pdxassetutil.cpp:1009,A Game of Thrones | COW-AGOT: 3D Models & Bigger Castles,,,"Duplicate texture 'ethiopian_atlas_normal.dds' found (current path 'gfx/models/buildings/special/Runestone/ethiopian_atlas_normal.dds', previous path 'gfx/models/buildings/holdings/atlas/ethiopian/ethiopian_atlas_normal.dds')"
1212,pdxassetutil.cpp:1009,A Game of Thrones | COW-AGOT: 3D Models & Bigger Castles,,,"Duplicate texture 'ethiopian_atlas_properties.dds' found (current path 'gfx/models/buildings/special/Karhold/ethiopian_atlas_properties.dds', previous path 'gfx/models/buildings/holdings/atlas/ethiopian/ethiopian_atlas_properties.dds')"
1213,pdxassetutil.cpp:1009,A Game of Thrones | COW-AGOT: 3D Models & Bigger Castles,,,"Duplicate texture 'ethiopian_atlas_properties.dds' found (current path 'gfx/models/buildings/special/Runestone/ethiopian_atlas_properties.dds', previous path 'gfx/models/buildings/holdings/atlas/ethiopian/ethiopian_atlas_properties.dds')"
1218,pdxassetutil.cpp:556,COW-AGOT: 3D Models & Bigger Castles,,,UV-Set: 1 in mesh 'crag_crenelation' in file 'gfx/models/buildings/special/crag/crag.mesh' has no valid triangle to use when calculating texture streaming factor. Texture streaming needs a triangle with an area.
1220,pdxassetutil.cpp:556,COW-AGOT: 3D Models & Bigger Castles,,,UV-Set: 1 in mesh 'gold_ball' in file 'gfx/models/buildings/special/cow_blackhaven/cow_blackhaven.mesh' has no valid triangle to use when calculating texture streaming factor. Texture streaming needs a triangle with an area.
1221,pdxassetutil.cpp:556,COW-AGOT: 3D Models & Bigger Castles,,,UV-Set: 1 in mesh 'crag_stone_ground' in file 'gfx/models/buildings/special/cow_blackhaven/cow_blackhaven.mesh' has no valid triangle to use when calculating texture streaming factor. Texture streaming needs a triangle with an area.
1223,pdxassetutil.cpp:1763,COW-AGOT: 3D Models & Bigger Castles,,,pdxmesh [cow_blackhaven_mesh] is out of sync with its meshsettings. [blackhaven_rockShape] is not in use in file: gfx/models/buildings/special/cow_blackhaven/cow_blackhaven.mesh
1224,pdxassetutil.cpp:1763,COW-AGOT: 3D Models & Bigger Castles,,,pdxmesh [crag_mesh] is out of sync with its meshsettings. [lannisport_dgShape] is not in use in file: gfx/models/buildings/special/crag/crag.mesh
1225,pdxassetutil.cpp:1763,COW-AGOT: 3D Models & Bigger Castles,,,pdxmesh [crag_mesh] is out of sync with its meshsettings. [lannisport_lkShape] is not in use in file: gfx/models/buildings/special/crag/crag.mesh
1226,pdxassetutil.cpp:1763,COW-AGOT: 3D Models & Bigger Castles,,,pdxmesh [crag_mesh] is out of sync with its meshsettings. [lannisport_lpShape] is not in use in file: gfx/models/buildings/special/crag/crag.mesh
1232,pdxassetutil.cpp:1763,COW-AGOT: 3D Models & Bigger Castles,,,pdxmesh [building_special_lonely_light_04] is out of sync with its meshsettings. [dock_tower_wood] is not in use in file: gfx/models/buildings/special/Lonely Light/building_special_lonely_light_04.mesh
1240,pdxassetutil.cpp:1763,COW-AGOT: 3D Models & Bigger Castles,,,pdxmesh [starpike_mesh] is out of sync with its meshsettings. [starpike_ground] is not in use in file: gfx/models/buildings/special/starpike/starpike.mesh
1241,pdxassetutil.cpp:1763,COW-AGOT: 3D Models & Bigger Castles,,,pdxmesh [starpike_mesh] is out of sync with its meshsettings. [starpike_lower] is not in use in file: gfx/models/buildings/special/starpike/starpike.mesh
1243,pdxassetutil.cpp:1763,COW-AGOT: 3D Models & Bigger Castles,,,pdxmesh [high_hermitage_mesh] is out of sync with its meshsettings. [ep3_basilica_sant_apollinare_nuovo_decalShape] is not in use in file: gfx/models/buildings/special/high_hermitage/high_hermitage.mesh
1245,pdxassetutil.cpp:556,COW-AGOT: 3D Models & Bigger Castles,,,UV-Set: 1 in mesh 'pole_town' in file 'gfx/models/buildings/special/planky town/planky_town.mesh' has no valid triangle to use when calculating texture streaming factor. Texture streaming needs a triangle with an area.
1249,pdxassetutil.cpp:556,COW-AGOT: 3D Models & Bigger Castles,,,UV-Set: 1 in mesh 'rooksrest_stone_ground' in file 'gfx/models/buildings/special/rooksrest/rooksrest.mesh' has no valid triangle to use when calculating texture streaming factor. Texture streaming needs a triangle with an area.
1253,pdxassetutil.cpp:556,COW-AGOT: 3D Models & Bigger Castles,,,UV-Set: 0 in mesh 'lift' in file 'gfx/models/buildings/special/castamere/24castamere_3.mesh' has no valid triangle to use when calculating texture streaming factor. Texture streaming needs a triangle with an area.
1254,pdxassetutil.cpp:1053,,building_backup_atlas_properties.dds,COW-AGOT: 3D Models & Bigger Castles,Failed to find texture 'building_backup_atlas_properties.dds'
1255,virtualfilesystem.cpp:456,Unresolved file,building_backup_atlas_properties.dds,COW-AGOT: 3D Models & Bigger Castles,Could not find texture due to 'VFSOpen Error: gfx/models/buildings/special/castamere/building_backup_atlas_properties.dds not found'
1256,pdxassetutil.cpp:1053,,building_backup_atlas_normal.dds,COW-AGOT: 3D Models & Bigger Castles,Failed to find texture 'building_backup_atlas_normal.dds'
1257,virtualfilesystem.cpp:456,Unresolved file,building_backup_atlas_normal.dds,COW-AGOT: 3D Models & Bigger Castles,Could not find texture due to 'VFSOpen Error: gfx/models/buildings/special/castamere/building_backup_atlas_normal.dds not found'
1258,pdxassetutil.cpp:556,COW-AGOT: 3D Models & Bigger Castles,,,UV-Set: 0 in mesh 'pallet' in file 'gfx/models/buildings/special/castamere/24castamere_3.mesh' has no valid triangle to use when calculating texture streaming factor. Texture streaming needs a triangle with an area.
1259,pdxassetutil.cpp:1053,,building_backup_atlas_properties.dds,COW-AGOT: 3D Models & Bigger Castles,Failed to find texture 'building_backup_atlas_properties.dds'
1260,virtualfilesystem.cpp:456,Unresolved file,building_backup_atlas_properties.dds,COW-AGOT: 3D Models & Bigger Castles,Could not find texture due to 'VFSOpen Error: gfx/models/buildings/special/castamere/building_backup_atlas_properties.dds not found'
1261,pdxassetutil.cpp:1053,,building_backup_atlas_normal.dds,COW-AGOT: 3D Models & Bigger Castles,Failed to find texture 'building_backup_atlas_normal.dds'
1262,virtualfilesystem.cpp:456,Unresolved file,building_backup_atlas_normal.dds,COW-AGOT: 3D Models & Bigger Castles,Could not find texture due to 'VFSOpen Error: gfx/models/buildings/special/castamere/building_backup_atlas_normal.dds not found'
1264,pdxassetutil.cpp:556,COW-AGOT: 3D Models & Bigger Castles,,,UV-Set: 1 in mesh 'ashemark_stone_ground' in file 'gfx/models/buildings/special/ashemark/ashemark.mesh' has no valid triangle to use when calculating texture streaming factor. Texture streaming needs a triangle with an area.
1265,pdxassetutil.cpp:1763,COW-AGOT: 3D Models & Bigger Castles,,,pdxmesh [building_palestone_sword_01_mesh] is out of sync with its meshsettings. [casterlyrock_rockShape] is not in use in file: gfx/models/buildings/special/palestone_sword/building_palestone_sword_01.mesh
1266,pdxassetutil.cpp:556,COW-AGOT: 3D Models & Bigger Castles,,,UV-Set: 1 in mesh 'lannisport_dgShape' in file 'gfx/models/buildings/special/fanghill/fanghill.mesh' has no valid triangle to use when calculating texture streaming factor. Texture streaming needs a triangle with an area.
1270,pdxassetutil.cpp:556,COW-AGOT: 3D Models & Bigger Castles,,,UV-Set: 0 in mesh 'lift' in file 'gfx/models/buildings/special/castamere/24castamere_2.mesh' has no valid triangle to use when calculating texture streaming factor. Texture streaming needs a triangle with an area.
1271,pdxassetutil.cpp:1053,,building_backup_atlas_properties.dds,COW-AGOT: 3D Models & Bigger Castles,Failed to find texture 'building_backup_atlas_properties.dds'
1272,virtualfilesystem.cpp:456,Unresolved file,building_backup_atlas_properties.dds,COW-AGOT: 3D Models & Bigger Castles,Could not find texture due to 'VFSOpen Error: gfx/models/buildings/special/castamere/building_backup_atlas_properties.dds not found'
1273,pdxassetutil.cpp:1053,,building_backup_atlas_normal.dds,COW-AGOT: 3D Models & Bigger Castles,Failed to find texture 'building_backup_atlas_normal.dds'
1274,virtualfilesystem.cpp:456,Unresolved file,building_backup_atlas_normal.dds,COW-AGOT: 3D Models & Bigger Castles,Could not find texture due to 'VFSOpen Error: gfx/models/buildings/special/castamere/building_backup_atlas_normal.dds not found'
1275,pdxassetutil.cpp:556,COW-AGOT: 3D Models & Bigger Castles,,,UV-Set: 0 in mesh 'pallet' in file 'gfx/models/buildings/special/castamere/24castamere_2.mesh' has no valid triangle to use when calculating texture streaming factor. Texture streaming needs a triangle with an area.
1276,pdxassetutil.cpp:1053,,building_backup_atlas_properties.dds,COW-AGOT: 3D Models & Bigger Castles,Failed to find texture 'building_backup_atlas_properties.dds'
1277,virtualfilesystem.cpp:456,Unresolved file,building_backup_atlas_properties.dds,COW-AGOT: 3D Models & Bigger Castles,Could not find texture due to 'VFSOpen Error: gfx/models/buildings/special/castamere/building_backup_atlas_properties.dds not found'
1278,pdxassetutil.cpp:1053,,building_backup_atlas_normal.dds,COW-AGOT: 3D Models & Bigger Castles,Failed to find texture 'building_backup_atlas_normal.dds'
1279,virtualfilesystem.cpp:456,Unresolved file,building_backup_atlas_normal.dds,COW-AGOT: 3D Models & Bigger Castles,Could not find texture due to 'VFSOpen Error: gfx/models/buildings/special/castamere/building_backup_atlas_normal.dds not found'
1281,pdxassetutil.cpp:556,COW-AGOT: 3D Models & Bigger Castles,,,UV-Set: 1 in mesh 'crag_upper' in file 'gfx/models/buildings/special/crag/crag_level_2.mesh' has no valid triangle to use when calculating texture streaming factor. Texture streaming needs a triangle with an area.
1282,pdxassetutil.cpp:556,COW-AGOT: 3D Models & Bigger Castles,,,UV-Set: 1 in mesh 'crag_upper' in file 'gfx/models/buildings/special/crag/crag_level_2.mesh' has no valid triangle to use when calculating texture streaming factor. Texture streaming needs a triangle with an area.
1283,pdxassetutil.cpp:556,COW-AGOT: 3D Models & Bigger Castles,,,UV-Set: 1 in mesh 'crag_stone_ground' in file 'gfx/models/buildings/special/crag/crag_level_2.mesh' has no valid triangle to use when calculating texture streaming factor. Texture streaming needs a triangle with an area.
1284,pdxassetutil.cpp:1763,COW-AGOT: 3D Models & Bigger Castles,,,pdxmesh [crag_level_2_mesh] is out of sync with its meshsettings. [lannisport_dgShape] is not in use in file: gfx/models/buildings/special/crag/crag_level_2.mesh
1285,pdxassetutil.cpp:1763,COW-AGOT: 3D Models & Bigger Castles,,,pdxmesh [crag_level_2_mesh] is out of sync with its meshsettings. [lannisport_lkShape] is not in use in file: gfx/models/buildings/special/crag/crag_level_2.mesh
1286,pdxassetutil.cpp:1763,COW-AGOT: 3D Models & Bigger Castles,,,pdxmesh [crag_level_2_mesh] is out of sync with its meshsettings. [lannisport_lpShape] is not in use in file: gfx/models/buildings/special/crag/crag_level_2.mesh
1292,pdxassetutil.cpp:1763,COW-AGOT: 3D Models & Bigger Castles,,,pdxmesh [building_special_sisterton_mesh] is out of sync with its meshsettings. [sisteron_rough_walls] is not in use in file: gfx/models/buildings/special/sisterton/building_special_sisterton.mesh
1294,pdxassetutil.cpp:556,COW-AGOT: 3D Models & Bigger Castles,,,UV-Set: 0 in mesh 'building_griffin_roost_castle' in file 'gfx/models/buildings/special/griffins roost/building_special_griffins_roost.mesh' has no valid triangle to use when calculating texture streaming factor. Texture streaming needs a triangle with an area.
1295,pdxassetutil.cpp:556,COW-AGOT: 3D Models & Bigger Castles,,,UV-Set: 1 in mesh 'rooksrest_stone_ground' in file 'gfx/models/buildings/special/rooksrest/rooksrest2.mesh' has no valid triangle to use when calculating texture streaming factor. Texture streaming needs a triangle with an area.
1296,pdxassetutil.cpp:556,COW-AGOT: 3D Models & Bigger Castles,,,UV-Set: 1 in mesh 'rooksrest_stone' in file 'gfx/models/buildings/special/rooksrest/rooksrest2.mesh' has no valid triangle to use when calculating texture streaming factor. Texture streaming needs a triangle with an area.
1298,pdxassetutil.cpp:556,COW-AGOT: 3D Models & Bigger Castles,,,UV-Set: 0 in mesh 'griffin_roost_roof' in file 'gfx/models/buildings/special/griffins roost/building_special_griffins_roost.mesh' has no valid triangle to use when calculating texture streaming factor. Texture streaming needs a triangle with an area.
1300,pdxassetutil.cpp:1763,COW-AGOT: 3D Models & Bigger Castles,,,pdxmesh [lordsport_mesh] is out of sync with its meshsettings. [iron] is not in use in file: gfx/models/buildings/special/lordsport/lordsport.mesh
1301,pdxassetutil.cpp:1763,COW-AGOT: 3D Models & Bigger Castles,,,pdxmesh [lordsport_mesh] is out of sync with its meshsettings. [lordsport_stone_ground] is not in use in file: gfx/models/buildings/special/lordsport/lordsport.mesh
1309,pdxassetutil.cpp:1763,COW-AGOT: 3D Models & Bigger Castles,,,pdxmesh [building_special_yronwood_mesh] is out of sync with its meshsettings. [fp2_building_special_alhambra_01_palm_treeShape] is not in use in file: gfx/models/buildings/special/yronwood/building_special_yronwood.mesh
1311,pdxassetutil.cpp:556,COW-AGOT: 3D Models & Bigger Castles,,,UV-Set: 0 in mesh 'the_ground' in file 'gfx/models/buildings/special/deepwood_motte/deepwood_motte.mesh' has no valid triangle to use when calculating texture streaming factor. Texture streaming needs a triangle with an area.
1312,pdxassetutil.cpp:556,COW-AGOT: 3D Models & Bigger Castles,,,UV-Set: 1 in mesh 'building_special_evenfall_1Shape' in file 'gfx/models/buildings/special/Evenfall/building_special_evenfall.mesh' has no valid triangle to use when calculating texture streaming factor. Texture streaming needs a triangle with an area.
1313,pdxassetutil.cpp:556,COW-AGOT: 3D Models & Bigger Castles,,,UV-Set: 1 in mesh 'building_special_evenfall_2Shape' in file 'gfx/models/buildings/special/Evenfall/building_special_evenfall.mesh' has no valid triangle to use when calculating texture streaming factor. Texture streaming needs a triangle with an area.
1314,pdxassetutil.cpp:1763,COW-AGOT: 3D Models & Bigger Castles,,,pdxmesh [building_special_evenfall_mesh] is out of sync with its meshsettings. [building_special_evenfall_4Shape] is not in use in file: gfx/models/buildings/special/Evenfall/building_special_evenfall.mesh
1315,pdxassetutil.cpp:1763,COW-AGOT: 3D Models & Bigger Castles,,,pdxmesh [building_special_evenfall_mesh] is out of sync with its meshsettings. [building_special_evenfall_cellsShape] is not in use in file: gfx/models/buildings/special/Evenfall/building_special_evenfall.mesh
1316,pdxassetutil.cpp:1763,COW-AGOT: 3D Models & Bigger Castles,,,pdxmesh [building_special_evenfall_mesh] is out of sync with its meshsettings. [fp4_legendary_western_palace_01_aShape] is not in use in file: gfx/models/buildings/special/Evenfall/building_special_evenfall.mesh
1317,pdxassetutil.cpp:556,COW-AGOT: 3D Models & Bigger Castles,,,UV-Set: 0 in mesh 'bronze_bell' in file 'gfx/models/buildings/special/seagaurd/building_seagard_01.mesh' has no valid triangle to use when calculating texture streaming factor. Texture streaming needs a triangle with an area.
1318,pdxassetutil.cpp:556,COW-AGOT: 3D Models & Bigger Castles,,,UV-Set: 0 in mesh 'bellchain' in file 'gfx/models/buildings/special/seagaurd/building_seagard_01.mesh' has no valid triangle to use when calculating texture streaming factor. Texture streaming needs a triangle with an area.
1319,pdxassetutil.cpp:1763,COW-AGOT: 3D Models & Bigger Castles,,,pdxmesh [building_seagard_01_mesh] is out of sync with its meshsettings. [City] is not in use in file: gfx/models/buildings/special/seagaurd/building_seagard_01.mesh
1320,pdxassetutil.cpp:1763,COW-AGOT: 3D Models & Bigger Castles,,,pdxmesh [building_seagard_01_mesh] is out of sync with its meshsettings. [building_western_castle_0Shape4] is not in use in file: gfx/models/buildings/special/seagaurd/building_seagard_01.mesh
1321,pdxassetutil.cpp:1763,COW-AGOT: 3D Models & Bigger Castles,,,pdxmesh [building_seagard_01_mesh] is out of sync with its meshsettings. [western_walls_04_a1Shape] is not in use in file: gfx/models/buildings/special/seagaurd/building_seagard_01.mesh
1322,pdxassetutil.cpp:1763,COW-AGOT: 3D Models & Bigger Castles,,,pdxmesh [building_seagard_01_mesh] is out of sync with its meshsettings. [western_walls_04_a1Shape1] is not in use in file: gfx/models/buildings/special/seagaurd/building_seagard_01.mesh
1323,pdxassetutil.cpp:1763,COW-AGOT: 3D Models & Bigger Castles,,,pdxmesh [building_seagard_01_mesh] is out of sync with its meshsettings. [western_walls_04_a1Shape2] is not in use in file: gfx/models/buildings/special/seagaurd/building_seagard_01.mesh
1324,pdxassetutil.cpp:1763,COW-AGOT: 3D Models & Bigger Castles,,,pdxmesh [building_seagard_01_mesh] is out of sync with its meshsettings. [western_walls_04_a1Shape3] is not in use in file: gfx/models/buildings/special/seagaurd/building_seagard_01.mesh
1325,pdxassetutil.cpp:1763,COW-AGOT: 3D Models & Bigger Castles,,,pdxmesh [building_seagard_01_mesh] is out of sync with its meshsettings. [pallet] is not in use in file: gfx/models/buildings/special/seagaurd/building_seagard_01.mesh
1326,pdxassetutil.cpp:1763,COW-AGOT: 3D Models & Bigger Castles,,,pdxmesh [building_seagard_01_mesh] is out of sync with its meshsettings. [lift] is not in use in file: gfx/models/buildings/special/seagaurd/building_seagard_01.mesh
1327,pdxassetutil.cpp:1763,COW-AGOT: 3D Models & Bigger Castles,,,pdxmesh [building_seagard_01_mesh] is out of sync with its meshsettings. [hillfort_01] is not in use in file: gfx/models/buildings/special/seagaurd/building_seagard_01.mesh
1328,pdxassetutil.cpp:1763,COW-AGOT: 3D Models & Bigger Castles,,,pdxmesh [building_seagard_01_mesh] is out of sync with its meshsettings. [building_special_stormsend_castle_cliffsShape] is not in use in file: gfx/models/buildings/special/seagaurd/building_seagard_01.mesh
1329,pdxassetutil.cpp:556,COW-AGOT: 3D Models & Bigger Castles,,,UV-Set: 0 in mesh 'lift' in file 'gfx/models/buildings/special/castamere/castamere_restored.mesh' has no valid triangle to use when calculating texture streaming factor. Texture streaming needs a triangle with an area.
1330,pdxassetutil.cpp:1053,,building_backup_atlas_properties.dds,COW-AGOT: 3D Models & Bigger Castles,Failed to find texture 'building_backup_atlas_properties.dds'
1331,virtualfilesystem.cpp:456,Unresolved file,building_backup_atlas_properties.dds,COW-AGOT: 3D Models & Bigger Castles,Could not find texture due to 'VFSOpen Error: gfx/models/buildings/special/castamere/building_backup_atlas_properties.dds not found'
1332,pdxassetutil.cpp:1053,,building_backup_atlas_normal.dds,COW-AGOT: 3D Models & Bigger Castles,Failed to find texture 'building_backup_atlas_normal.dds'
1333,virtualfilesystem.cpp:456,Unresolved file,building_backup_atlas_normal.dds,COW-AGOT: 3D Models & Bigger Castles,Could not find texture due to 'VFSOpen Error: gfx/models/buildings/special/castamere/building_backup_atlas_normal.dds not found'
1334,pdxassetutil.cpp:556,COW-AGOT: 3D Models & Bigger Castles,,,UV-Set: 0 in mesh 'windmill' in file 'gfx/models/buildings/special/castamere/castamere_restored.mesh' has no valid triangle to use when calculating texture streaming factor. Texture streaming needs a triangle with an area.
1335,pdxassetutil.cpp:1053,,building_backup_atlas_properties.dds,COW-AGOT: 3D Models & Bigger Castles,Failed to find texture 'building_backup_atlas_properties.dds'
1336,virtualfilesystem.cpp:456,Unresolved file,building_backup_atlas_properties.dds,COW-AGOT: 3D Models & Bigger Castles,Could not find texture due to 'VFSOpen Error: gfx/models/buildings/special/castamere/building_backup_atlas_properties.dds not found'
1337,pdxassetutil.cpp:1053,,building_backup_atlas_normal.dds,COW-AGOT: 3D Models & Bigger Castles,Failed to find texture 'building_backup_atlas_normal.dds'
1338,virtualfilesystem.cpp:456,Unresolved file,building_backup_atlas_normal.dds,COW-AGOT: 3D Models & Bigger Castles,Could not find texture due to 'VFSOpen Error: gfx/models/buildings/special/castamere/building_backup_atlas_normal.dds not found'
1339,pdxassetutil.cpp:556,COW-AGOT: 3D Models & Bigger Castles,,,UV-Set: 0 in mesh 'pallet' in file 'gfx/models/buildings/special/castamere/castamere_restored.mesh' has no valid triangle to use when calculating texture streaming factor. Texture streaming needs a triangle with an area.
1340,pdxassetutil.cpp:1053,,building_backup_atlas_properties.dds,COW-AGOT: 3D Models & Bigger Castles,Failed to find texture 'building_backup_atlas_properties.dds'
1341,virtualfilesystem.cpp:456,Unresolved file,building_backup_atlas_properties.dds,COW-AGOT: 3D Models & Bigger Castles,Could not find texture due to 'VFSOpen Error: gfx/models/buildings/special/castamere/building_backup_atlas_properties.dds not found'
1342,pdxassetutil.cpp:1053,,building_backup_atlas_normal.dds,COW-AGOT: 3D Models & Bigger Castles,Failed to find texture 'building_backup_atlas_normal.dds'
1343,virtualfilesystem.cpp:456,Unresolved file,building_backup_atlas_normal.dds,COW-AGOT: 3D Models & Bigger Castles,Could not find texture due to 'VFSOpen Error: gfx/models/buildings/special/castamere/building_backup_atlas_normal.dds not found'
1345,pdxassetutil.cpp:556,COW-AGOT: 3D Models & Bigger Castles,,,UV-Set: 0 in mesh 'building_mediterranean_city_02' in file 'gfx/models/buildings/special/the_arbor/the_arbor.mesh' has no valid triangle to use when calculating texture streaming factor. Texture streaming needs a triangle with an area.
1347,pdxassetutil.cpp:556,COW-AGOT: 3D Models & Bigger Castles,,,UV-Set: 1 in mesh 'crag_upper' in file 'gfx/models/buildings/special/crag/crag_level_1.mesh' has no valid triangle to use when calculating texture streaming factor. Texture streaming needs a triangle with an area.
1348,pdxassetutil.cpp:556,COW-AGOT: 3D Models & Bigger Castles,,,UV-Set: 1 in mesh 'crag_upper' in file 'gfx/models/buildings/special/crag/crag_level_1.mesh' has no valid triangle to use when calculating texture streaming factor. Texture streaming needs a triangle with an area.
1349,pdxassetutil.cpp:556,COW-AGOT: 3D Models & Bigger Castles,,,UV-Set: 1 in mesh 'crag_stone_ground' in file 'gfx/models/buildings/special/crag/crag_level_1.mesh' has no valid triangle to use when calculating texture streaming factor. Texture streaming needs a triangle with an area.
1350,pdxassetutil.cpp:556,COW-AGOT: 3D Models & Bigger Castles,,,UV-Set: 1 in mesh 'crag_windows' in file 'gfx/models/buildings/special/crag/crag_level_1.mesh' has no valid triangle to use when calculating texture streaming factor. Texture streaming needs a triangle with an area.
1351,pdxassetutil.cpp:1763,COW-AGOT: 3D Models & Bigger Castles,,,pdxmesh [crag_level_1_mesh] is out of sync with its meshsettings. [lannisport_dgShape] is not in use in file: gfx/models/buildings/special/crag/crag_level_1.mesh
1352,pdxassetutil.cpp:1763,COW-AGOT: 3D Models & Bigger Castles,,,pdxmesh [crag_level_1_mesh] is out of sync with its meshsettings. [lannisport_lkShape] is not in use in file: gfx/models/buildings/special/crag/crag_level_1.mesh
1353,pdxassetutil.cpp:1763,COW-AGOT: 3D Models & Bigger Castles,,,pdxmesh [crag_level_1_mesh] is out of sync with its meshsettings. [lannisport_lpShape] is not in use in file: gfx/models/buildings/special/crag/crag_level_1.mesh
1357,pdxassetutil.cpp:1763,COW-AGOT: 3D Models & Bigger Castles,,,pdxmesh [building_special_duskendale_mesh] is out of sync with its meshsettings. [farm_mediterranean] is not in use in file: gfx/models/buildings/special/duskendale/building_special_duskendale.mesh
1358,pdxassetutil.cpp:1763,COW-AGOT: 3D Models & Bigger Castles,,,pdxmesh [building_special_duskendale_mesh] is out of sync with its meshsettings. [farm_mediterranean_vines] is not in use in file: gfx/models/buildings/special/duskendale/building_special_duskendale.mesh
1359,pdxassetutil.cpp:1763,COW-AGOT: 3D Models & Bigger Castles,,,pdxmesh [building_special_duskendale_mesh] is out of sync with its meshsettings. [farm_mediterranean_decal] is not in use in file: gfx/models/buildings/special/duskendale/building_special_duskendale.mesh
1360,pdxassetutil.cpp:1763,COW-AGOT: 3D Models & Bigger Castles,,,pdxmesh [building_special_duskendale_mesh] is out of sync with its meshsettings. [building_mediterranean_city_02] is not in use in file: gfx/models/buildings/special/duskendale/building_special_duskendale.mesh
1366,pdxassetutil.cpp:556,COW-AGOT: 3D Models & Bigger Castles,,,UV-Set: 1 in mesh 'dunstonbury_stone_ground' in file 'gfx/models/buildings/special/whitegrove/whitegrove.mesh' has no valid triangle to use when calculating texture streaming factor. Texture streaming needs a triangle with an area.
1367,pdxassetutil.cpp:1763,COW-AGOT: 3D Models & Bigger Castles,,,pdxmesh [whitegrove_mesh] is out of sync with its meshsettings. [whitegrove_roof] is not in use in file: gfx/models/buildings/special/whitegrove/whitegrove.mesh
1368,pdxassetutil.cpp:1763,COW-AGOT: 3D Models & Bigger Castles,,,pdxmesh [whitegrove_mesh] is out of sync with its meshsettings. [whitegrove_upper] is not in use in file: gfx/models/buildings/special/whitegrove/whitegrove.mesh
1369,pdxassetutil.cpp:1763,COW-AGOT: 3D Models & Bigger Castles,,,pdxmesh [whitegrove_mesh] is out of sync with its meshsettings. [whitegrove_stone_ground] is not in use in file: gfx/models/buildings/special/whitegrove/whitegrove.mesh
1370,pdxassetutil.cpp:1763,COW-AGOT: 3D Models & Bigger Castles,,,pdxmesh [whitegrove_mesh] is out of sync with its meshsettings. [whitegrove_windows] is not in use in file: gfx/models/buildings/special/whitegrove/whitegrove.mesh
1373,pdxassetutil.cpp:556,COW-AGOT: 3D Models & Bigger Castles,,,UV-Set: 2 in mesh 'building_western' in file 'gfx/models/buildings/special/Ten Towers/cow_building_special_ten_towers.mesh' has no valid triangle to use when calculating texture streaming factor. Texture streaming needs a triangle with an area.
1374,pdxassetutil.cpp:556,COW-AGOT: 3D Models & Bigger Castles,,,UV-Set: 2 in mesh 'celtic_01' in file 'gfx/models/buildings/special/Ten Towers/cow_building_special_ten_towers.mesh' has no valid triangle to use when calculating texture streaming factor. Texture streaming needs a triangle with an area.
1375,pdxassetutil.cpp:556,COW-AGOT: 3D Models & Bigger Castles,,,UV-Set: 1 in mesh 'dunstonbury_upper' in file 'gfx/models/buildings/special/dunstonbury/dunstonbury.mesh' has no valid triangle to use when calculating texture streaming factor. Texture streaming needs a triangle with an area.
1376,pdxassetutil.cpp:556,COW-AGOT: 3D Models & Bigger Castles,,,UV-Set: 3 in mesh 'dunstonbury_upper' in file 'gfx/models/buildings/special/dunstonbury/dunstonbury.mesh' has no valid triangle to use when calculating texture streaming factor. Texture streaming needs a triangle with an area.
1377,pdxassetutil.cpp:2002,COW-AGOT: 3D Models & Bigger Castles,,,"Asset ""gfx/models/buildings/special/dunstonbury/dunstonbury.mesh"" has more than 3 UV channels. This is not supported and will be ignored."
1378,pdxassetutil.cpp:556,COW-AGOT: 3D Models & Bigger Castles,,,UV-Set: 1 in mesh 'dunstonbury_stone_ground' in file 'gfx/models/buildings/special/dunstonbury/dunstonbury.mesh' has no valid triangle to use when calculating texture streaming factor. Texture streaming needs a triangle with an area.
1379,pdxassetutil.cpp:556,COW-AGOT: 3D Models & Bigger Castles,,,UV-Set: 1 in mesh 'dunstonbury_windows' in file 'gfx/models/buildings/special/dunstonbury/dunstonbury.mesh' has no valid triangle to use when calculating texture streaming factor. Texture streaming needs a triangle with an area.
1409,pdx_entity.cpp:666,,western_walls_05_entity,COW-AGOT: 3D Models & Bigger Castles,"Failed to find entity ""western_walls_05_entity"" for attachment in"
1410,pdx_entity.cpp:666,,western_walls_06_entity,COW-AGOT: 3D Models & Bigger Castles,"Failed to find entity ""western_walls_06_entity"" for attachment in"
1411,pdx_entity.cpp:666,,western_walls_07_entity,COW-AGOT: 3D Models & Bigger Castles,"Failed to find entity ""western_walls_07_entity"" for attachment in"
1412,pdx_entity.cpp:666,,india_walls_05_entity,COW-AGOT: 3D Models & Bigger Castles,"Failed to find entity ""india_walls_05_entity"" for attachment in"
1413,pdx_entity.cpp:666,,india_walls_06_entity,COW-AGOT: 3D Models & Bigger Castles,"Failed to find entity ""india_walls_06_entity"" for attachment in"
1414,pdx_entity.cpp:666,,india_walls_07_entity,COW-AGOT: 3D Models & Bigger Castles,"Failed to find entity ""india_walls_07_entity"" for attachment in"
1415,pdx_entity.cpp:666,,mediterranean_walls_05_entity,COW-AGOT: 3D Models & Bigger Castles,"Failed to find entity ""mediterranean_walls_05_entity"" for attachment in"
1416,pdx_entity.cpp:666,,mediterranean_walls_06_entity,COW-AGOT: 3D Models & Bigger Castles,"Failed to find entity ""mediterranean_walls_06_entity"" for attachment in"
1417,pdx_entity.cpp:666,,mediterranean_walls_07_entity,COW-AGOT: 3D Models & Bigger Castles,"Failed to find entity ""mediterranean_walls_07_entity"" for attachment in"
1418,pdx_entity.cpp:666,,fp2_building_iberian_wall_05_entity,COW-AGOT: 3D Models & Bigger Castles,"Failed to find entity ""fp2_building_iberian_wall_05_entity"" for attachment in"
1419,pdx_entity.cpp:666,,fp2_building_iberian_wall_06_entity,COW-AGOT: 3D Models & Bigger Castles,"Failed to find entity ""fp2_building_iberian_wall_06_entity"" for attachment in"
1420,pdx_entity.cpp:666,,fp2_building_iberian_wall_07_entity,COW-AGOT: 3D Models & Bigger Castles,"Failed to find entity ""fp2_building_iberian_wall_07_entity"" for attachment in"
1421,pdx_entity.cpp:666,,walls_05_marrakesh_entity,COW-AGOT: 3D Models & Bigger Castles,"Failed to find entity ""walls_05_marrakesh_entity"" for attachment in"
1422,pdx_entity.cpp:666,,western_walls_05_paris_entity,COW-AGOT: 3D Models & Bigger Castles,"Failed to find entity ""western_walls_05_paris_entity"" for attachment in"
1423,pdx_entity.cpp:666,,western_walls_07_london_entity,COW-AGOT: 3D Models & Bigger Castles,"Failed to find entity ""western_walls_07_london_entity"" for attachment in"
1424,pdx_entity.cpp:666,,western_walls_06_london_entity,COW-AGOT: 3D Models & Bigger Castles,"Failed to find entity ""western_walls_06_london_entity"" for attachment in"
1425,pdx_entity.cpp:666,,western_walls_05_london_entity,COW-AGOT: 3D Models & Bigger Castles,"Failed to find entity ""western_walls_05_london_entity"" for attachment in"
1426,pdx_entity.cpp:666,,mediterranean_walls_05_thes_entity,COW-AGOT: 3D Models & Bigger Castles,"Failed to find entity ""mediterranean_walls_05_thes_entity"" for attachment in"
1427,pdx_entity.cpp:666,,mena_walls_05_entity,COW-AGOT: 3D Models & Bigger Castles,"Failed to find entity ""mena_walls_05_entity"" for attachment in"
1428,pdx_entity.cpp:666,,mena_walls_06_entity,COW-AGOT: 3D Models & Bigger Castles,"Failed to find entity ""mena_walls_06_entity"" for attachment in"
1429,pdx_entity.cpp:666,,mena_walls_07_entity,COW-AGOT: 3D Models & Bigger Castles,"Failed to find entity ""mena_walls_07_entity"" for attachment in"
1430,pdx_entity.cpp:666,,mediterranean_walls_05_genoa_entity,COW-AGOT: 3D Models & Bigger Castles,"Failed to find entity ""mediterranean_walls_05_genoa_entity"" for attachment in"
1431,pdx_entity.cpp:666,,mediterranean_walls_05_rome_entity,COW-AGOT: 3D Models & Bigger Castles,"Failed to find entity ""mediterranean_walls_05_rome_entity"" for attachment in"
1432,pdx_entity.cpp:666,,mediterranean_walls_05_constantinople_entity,COW-AGOT: 3D Models & Bigger Castles,"Failed to find entity ""mediterranean_walls_05_constantinople_entity"" for attachment in"
1436,portraitaccessories.cpp:65,AGOT Submod Core,,,could not find entity [smc_alicent_dress_03_entity] - file: gfx/portraits/accessories/smc_clothing.txt line: 24 (female_clothes_smc_alicent_dress_03)
1437,portraitaccessories.cpp:65,AGOT Submod Core,,,could not find entity [smc_alicent_dress_04_entity] - file: gfx/portraits/accessories/smc_clothing.txt line: 28 (female_clothes_smc_alicent_dress_04)
9758,jomini_dynamicdescription.cpp:66,,show_notifications_decision_tooltip,,Unrecognized loc key show_notifications_decision_tooltip. show_notifications_decision
9759,decision_type.cpp:224,,show_notifications_decision,Clear Notifications,show_notifications_decision has 'ai_check_interval'/'ai_check_interval_by_tier' that's negative or unset. Setting to 0 instead
9937,jomini_scriptvalue.h:459,,,,Cannot use GetMinValue without a value set
9996,character_currency_effects_impl.cpp:227,Legacy Of The Dragon,,,Negative value in remove_short_term_gold: -450. file: events/decisions_events/buy_ruby_crown_events.txt line: 54 (buy_ruby_crown.0999:immediate)
10012,portraitcontext.cpp:239,AGOT Bookmarked,,,Trying to read gene props_right a second time at file: common/bookmark_portraits/bookmark_299_asha_greyjoy.txt line: 215 (bookmark_299_asha_greyjoy)
10013,jomini_eventmanager.cpp:428,AGOT - Crowns of Westeros,,,"Duplicated event ID 'agot_activity_commission_crown.0001' found. New Location: 'file: events/activities/agot_coronation_activity/agot_activity_events_crown_commission.txt line: 3 (agot_activity_commission_crown.0001)', Previous Location: 'file: events/activities/agot_coronation_activity/agot_activity_events_crown_commission.txt line: 3 (agot_activity_commission_crown.0001)'"
10023,portraitcontext.cpp:239,AGOT Bookmarked,,,Trying to read gene props_right a second time at file: common/bookmark_portraits/bookmark_99_aurion_varezys.txt line: 211 (bookmark_99_aurion_varezys)
10025,pdx_persistent_reader.cpp:216,COW-AGOT: 3D Models & Bigger Castles,,,"Error: ""Unexpected token: rhoynish_religion_opinion, near line: 1760"" in file: ""common/buildings/yy_agotcities_special_buildings_westeros.txt"" near line: 1760"
10026,pdx_persistent_reader.cpp:216,COW-AGOT: 3D Models & Bigger Castles,,,"Error: ""Unexpected token: rhoynish_religion_opinion, near line: 1767"" in file: ""common/buildings/yy_agotcities_special_buildings_westeros.txt"" near line: 1767"
10027,pdx_persistent_reader.cpp:216,COW-AGOT: 3D Models & Bigger Castles,,,"Error: ""Unknown trigger: holding, near line: 2364"" in file: ""common/buildings/yy_agotcities_special_buildings_westeros.txt"" near line: 2369"
10028,pdx_persistent_reader.cpp:216,Divine Intervention Cheat Menu,,,"Error: ""Unexpected token: confucian_education_xp_gain_mult, near line: 4047"" in file: ""common/modifiers/DI_modifiers.txt"" near line: 4047"
10029,pdx_persistent_reader.cpp:216,AGOT - Crowns of Westeros,,,"Error: ""Unexpected token: valeman_opinion, near line: 447"" in file: ""common/modifiers/ntc_artifact_modifiers.txt"" near line: 447"
10030,pdx_persistent_reader.cpp:216,AGOT - Crowns of Westeros,,,"Error: ""Unexpected token: valeman_opinion, near line: 456"" in file: ""common/modifiers/ntc_artifact_modifiers.txt"" near line: 456"
10031,pdx_persistent_reader.cpp:216,AGOT - Crowns of Westeros,,,"Error: ""Unexpected token: valeman_opinion, near line: 605"" in file: ""common/modifiers/ntc_artifact_modifiers.txt"" near line: 605"
10032,jomini_script_argument.cpp:227,A Game of Thrones,,,Compiling source for agot_create_artifact_aegon_i_crown_effect failed for missing arguments: CREATOR. At file: common/scripted_effects/00_agot_artifact_crowns_effects.txt line: 78 (agot_create_artifact_aegon_i_crown_effect)
10033,jomini_script_argument.cpp:227,A Game of Thrones,,,Compiling source for agot_create_artifact_aenys_crown_effect failed for missing arguments: CREATOR. At file: common/scripted_effects/00_agot_artifact_crowns_effects.txt line: 228 (agot_create_artifact_aenys_crown_effect)
10034,jomini_script_argument.cpp:227,A Game of Thrones,,,Compiling source for agot_create_artifact_jaehaerys_crown_effect failed for missing arguments: CREATOR. At file: common/scripted_effects/00_agot_artifact_crowns_effects.txt line: 314 (agot_create_artifact_jaehaerys_crown_effect)
10035,jomini_script_argument.cpp:227,A Game of Thrones,,,Compiling source for agot_create_artifact_aegon_iii_crown_effect failed for missing arguments: CREATOR. At file: common/scripted_effects/00_agot_artifact_crowns_effects.txt line: 434 (agot_create_artifact_aegon_iii_crown_effect)
10036,jomini_script_argument.cpp:227,A Game of Thrones,,,Compiling source for agot_create_artifact_baelors_crown_effect failed for missing arguments: CREATOR. At file: common/scripted_effects/00_agot_artifact_crowns_effects.txt line: 498 (agot_create_artifact_baelors_crown_effect)
10037,jomini_script_argument.cpp:227,A Game of Thrones,,,Compiling source for agot_create_artifact_aegon_iv_crown_effect failed for missing arguments: CREATOR. At file: common/scripted_effects/00_agot_artifact_crowns_effects.txt line: 594 (agot_create_artifact_aegon_iv_crown_effect)
10038,jomini_script_argument.cpp:227,A Game of Thrones,,,Compiling source for agot_create_artifact_maekars_crown_effect failed for missing arguments: CREATOR. At file: common/scripted_effects/00_agot_artifact_crowns_effects.txt line: 672 (agot_create_artifact_maekars_crown_effect)
10039,jomini_script_argument.cpp:227,A Game of Thrones,,,Compiling source for agot_create_artifact_visenya_circlet_effect failed for missing arguments: CREATOR. At file: common/scripted_effects/00_agot_artifact_crowns_effects.txt line: 837 (agot_create_artifact_visenya_circlet_effect)
10046,pdx_persistent_reader.cpp:216,AGOT Bookmarked,,,"Error: ""Unknown effect: agot_8299_4_1_acok_scenario_setup, near line: 89"" in file: ""common/scripted_effects/00_agot_scenario_setup_effects.txt"" near line: 90"
10047,jomini_eventtarget.cpp:692,AGOT Submod Core,,,Failed to find a valid event target link 'house_Blackfyre' at file: common/scripted_triggers/tgc_loaded_trigger.txt line: 127 (tgc_blackfyre_equipment_trigger)
10048,portraitaccessories.cpp:159,,tgc_pants_blackfyre,AGOT Submod Core,"accessory group [legwear:tgc_pants_blackfyre] has an invalid accessory ""male_legwear_captainsPants_blackfyreAlt_01"""
10049,portraitaccessories.cpp:159,,tgc_pants_blackfyre,AGOT Submod Core,"accessory group [legwear:tgc_pants_blackfyre] has an invalid accessory ""male_legwear_standardPants_blackfyreAlt_01"""
10050,portraitaccessories.cpp:159,,tgc_pants_blackfyre,AGOT Submod Core,"accessory group [legwear:tgc_pants_blackfyre] has an invalid accessory ""male_legwear_twoSwordsPants_blackfyreAlt_01"""
10051,portraitaccessories.cpp:159,,tgc_pants_blackfyre,AGOT Submod Core,"accessory group [legwear:tgc_pants_blackfyre] has an invalid accessory ""male_legwear_captainsPants_blackfyreAlt_01"""
10052,portraitaccessories.cpp:159,,tgc_pants_blackfyre,AGOT Submod Core,"accessory group [legwear:tgc_pants_blackfyre] has an invalid accessory ""male_legwear_standardPants_blackfyreAlt_01"""
10053,portraitaccessories.cpp:159,,tgc_pants_blackfyre,AGOT Submod Core,"accessory group [legwear:tgc_pants_blackfyre] has an invalid accessory ""male_legwear_twoSwordsPants_blackfyreAlt_01"""
10054,portraitaccessories.cpp:159,,tgc_helmets,AGOT Submod Core,"accessory group [headgear:tgc_helmets] has an invalid accessory ""male_headgear_tgc_helm_blackfyre_01"""
10055,portraitaccessories.cpp:159,,tgc_helmets,AGOT Submod Core,"accessory group [headgear:tgc_helmets] has an invalid accessory ""male_headgear_tgc_helm_blackfyreAlt_01"""
10056,portraitaccessories.cpp:159,,tgc_helmets,AGOT Submod Core,"accessory group [headgear:tgc_helmets] has an invalid accessory ""male_headgear_tgc_helm_blackfyre_02"""
10057,portraitaccessories.cpp:159,,tgc_helmets,AGOT Submod Core,"accessory group [headgear:tgc_helmets] has an invalid accessory ""male_headgear_tgc_helm_blackfyreAlt_02"""
10058,portraitaccessories.cpp:159,,tgc_helmets,AGOT Submod Core,"accessory group [headgear:tgc_helmets] has an invalid accessory ""male_headgear_tgc_helm_blackfyre_03"""
10059,portraitaccessories.cpp:159,,tgc_helmets,AGOT Submod Core,"accessory group [headgear:tgc_helmets] has an invalid accessory ""male_headgear_tgc_helm_blackfyreAlt_03"""
10060,portraitaccessories.cpp:159,,tgc_helmets,AGOT Submod Core,"accessory group [headgear:tgc_helmets] has an invalid accessory ""male_headgear_tgc_helm_blackfyre_01"""
10061,portraitaccessories.cpp:159,,tgc_helmets,AGOT Submod Core,"accessory group [headgear:tgc_helmets] has an invalid accessory ""male_headgear_tgc_helm_blackfyreAlt_01"""
10062,portraitaccessories.cpp:159,,tgc_helmets,AGOT Submod Core,"accessory group [headgear:tgc_helmets] has an invalid accessory ""male_headgear_tgc_helm_blackfyre_02"""
10063,portraitaccessories.cpp:159,,tgc_helmets,AGOT Submod Core,"accessory group [headgear:tgc_helmets] has an invalid accessory ""male_headgear_tgc_helm_blackfyreAlt_02"""
10064,portraitaccessories.cpp:159,,tgc_helmets,AGOT Submod Core,"accessory group [headgear:tgc_helmets] has an invalid accessory ""male_headgear_tgc_helm_blackfyre_03"""
10065,portraitaccessories.cpp:159,,tgc_helmets,AGOT Submod Core,"accessory group [headgear:tgc_helmets] has an invalid accessory ""male_headgear_tgc_helm_blackfyreAlt_03"""
10066,portraitaccessories.cpp:159,,brightboar_swordsman_armour,AGOT Submod Core,"accessory group [clothes:brightboar_swordsman_armour] has an invalid accessory ""male_clothes_secular_brightboar_swordsman"""
10067,portraitaccessories.cpp:159,,brightboar_swordsman_armour,AGOT Submod Core,"accessory group [clothes:brightboar_swordsman_armour] has an invalid accessory ""female_clothes_secular_brightboar_swordsman"""
10068,portraitaccessories.cpp:159,,brightboar_swordsman_armour,AGOT Submod Core,"accessory group [clothes:brightboar_swordsman_armour] has an invalid accessory ""male_clothes_secular_brightboar_swordsman"""
10069,portraitaccessories.cpp:159,,brightboar_swordsman_armour,AGOT Submod Core,"accessory group [clothes:brightboar_swordsman_armour] has an invalid accessory ""female_clothes_secular_brightboar_swordsman"""
10070,portraitaccessories.cpp:159,,golden_company_armor_blackfyre,AGOT Submod Core,"accessory group [clothes:golden_company_armor_blackfyre] has an invalid accessory ""male_clothes_captainsArmor_blackfyreAlt_01"""
10071,portraitaccessories.cpp:159,,golden_company_armor_blackfyre,AGOT Submod Core,"accessory group [clothes:golden_company_armor_blackfyre] has an invalid accessory ""male_clothes_captainsArmorMetal_blackfyreAlt_01"""
10072,portraitaccessories.cpp:159,,golden_company_armor_blackfyre,AGOT Submod Core,"accessory group [clothes:golden_company_armor_blackfyre] has an invalid accessory ""male_clothes_ornateVest_blackfyreAlt_01"""
10073,portraitaccessories.cpp:159,,golden_company_armor_blackfyre,AGOT Submod Core,"accessory group [clothes:golden_company_armor_blackfyre] has an invalid accessory ""male_clothes_standardVest_blackfyreAlt_01"""
10074,portraitaccessories.cpp:159,,golden_company_armor_blackfyre,AGOT Submod Core,"accessory group [clothes:golden_company_armor_blackfyre] has an invalid accessory ""male_clothes_platedVest_blackfyreAlt_01"""
10075,portraitaccessories.cpp:159,,golden_company_armor_blackfyre,AGOT Submod Core,"accessory group [clothes:golden_company_armor_blackfyre] has an invalid accessory ""male_clothes_captainsArmor_blackfyreAlt_01"""
10076,portraitaccessories.cpp:159,,golden_company_armor_blackfyre,AGOT Submod Core,"accessory group [clothes:golden_company_armor_blackfyre] has an invalid accessory ""male_clothes_captainsArmorMetal_blackfyreAlt_01"""
10077,portraitaccessories.cpp:159,,golden_company_armor_blackfyre,AGOT Submod Core,"accessory group [clothes:golden_company_armor_blackfyre] has an invalid accessory ""male_clothes_ornateVest_blackfyreAlt_01"""
10078,portraitaccessories.cpp:159,,golden_company_armor_blackfyre,AGOT Submod Core,"accessory group [clothes:golden_company_armor_blackfyre] has an invalid accessory ""male_clothes_standardVest_blackfyreAlt_01"""
10079,portraitaccessories.cpp:159,,golden_company_armor_blackfyre,AGOT Submod Core,"accessory group [clothes:golden_company_armor_blackfyre] has an invalid accessory ""male_clothes_platedVest_blackfyreAlt_01"""
10080,pdx_persistent_reader.cpp:216,,,,"Error: ""Failed to read key reference: 1453_end_date: 1453_end_date, near line: 3
Failed to read key reference: rhomaion_name_of_byzantium: rhomaion_name_of_byzantium, near line: 3
Failed to read key reference: default_mongol_invasion: default_mongol_invasion, near line: 3
Failed to read key reference: random_ruler_placement_off: random_ruler_placement_off, near line: 3
Failed to read key reference: launch_historical: launch_historical, near line: 3
Failed to read key reference: fp1_scandi_adventurers_apocalyptic: fp1_scandi_adventurers_apocalyptic, near line: 3
Failed to read key reference: dissolution_after_caliph_death: dissolution_after_caliph_death, near line: 3
Failed to read key reference: default_seljuk_invasion: default_seljuk_invasion, near line: 3
Failed to read key reference: situation_the_great_steppe_toggle_on: situation_the_great_steppe_toggle_on, near line: 3
Failed to read key reference: struggle_iberia_toggle_on: struggle_iberia_toggle_on, near line: 3
Failed to read key reference: struggle_persia_toggle_on: struggle_persia_toggle_on, near line: 3
Failed to read key reference: historicity_ruler_of_munster_historical_toirdelbach: historicity_ruler_of_munster_historical_toirdelbach, near line: 3
Failed to read key reference: historicity_norman_conquest_default_random: historicity_norman_conquest_default_random, near line: 3
Failed to read key reference: tibet_nomad_region_on: tibet_nomad_region_on, near line: 3
Failed to read key reference: sami_nomad_region_on: sami_nomad_region_on, near line: 3
Failed to read key reference: arabia_nomad_region_on: arabia_nomad_region_on, near line: 3
Failed to read key reference: sahel_nomad_region_on: sahel_nomad_region_on, near line: 3
Failed to read key reference: horn_of_africa_nomad_region_on: horn_of_africa_nomad_region_on, near line: 3
Failed to read key reference: historicity_extra_admin_egypt_gameplay_not_administrative: historicity_extra_admin_egypt_gameplay_not_administrative, near line: 3
Failed to read key reference: historicity_extra_admin_arabia_gameplay_not_administrative: historicity_extra_admin_arabia_gameplay_not_administrative, near line: 3
Failed to read key reference: historicity_extra_admin_ghana_gameplay_not_administrative: historicity_extra_admin_ghana_gameplay_not_administrative, near line: 3
Failed to read key reference: historicity_extra_admin_kabulistan_gameplay_not_administrative: historicity_extra_admin_kabulistan_gameplay_not_administrative, near line: 3
Failed to read key reference: historicity_extra_admin_persia_gameplay_not_administrative: historicity_extra_admin_persia_gameplay_not_administrative, near line: 3
Failed to read key reference: historicity_extra_admin_maghreb_gameplay_not_administrative: historicity_extra_admin_maghreb_gameplay_not_administrative, near line: 3
Failed to read key reference: historicity_extra_admin_tamilakam_gameplay_not_administrative: historicity_extra_admin_tamilakam_gameplay_not_administrative, near line: 3
Failed to read key reference: historicity_extra_admin_carolingians_gameplay_not_administrative: historicity_extra_admin_carolingians_gameplay_not_administrative, near line: 3
Failed to read key reference: historicity_extra_admin_player_wherever_gameplay_not_administrative: historicity_extra_admin_player_wherever_gameplay_not_administrative, near line: 3
Failed to read key reference: historicity_frankokratia_fourth_crusade: historicity_frankokratia_fourth_crusade, near line: 3
Failed to read key reference: silk_road_starting_innovations_preset: silk_road_starting_innovations_preset, near line: 3
Failed to read key reference: ACR_RE_tradition_slots_plus_95: ACR_RE_tradition_slots_plus_95, near line: 3
Failed to read key reference: ACR_RE_tradition_cost_free: ACR_RE_tradition_cost_free, near line: 3
Failed to read key reference: ACR_RE_tradition_cooldown_none: ACR_RE_tradition_cooldown_none, near line: 3
Failed to read key reference: ACR_RE_truce_duration_5: ACR_RE_truce_duration_5, near line: 3
Failed to read key reference: ACR_RE_truce_scope_player_primary: ACR_RE_truce_scope_player_primary, near line: 3
Failed to read key reference: ACR_RE_council_task_speed_1_month: ACR_RE_council_task_speed_1_month, near line: 3
Failed to read key reference: HM_RE_rule_player_free_functions_enabled: HM_RE_rule_player_free_functions_enabled, near line: 3
Failed to read key reference: HM_RE_rule_change_holding_type_cost_very_cheap: HM_RE_rule_change_holding_type_cost_very_cheap, near line: 3
Failed to read key reference: HM_RE_rule_change_holding_type_cooldown_very_short: HM_RE_rule_change_holding_type_cooldown_very_short, near line: 3
Failed to read key reference: HM_RE_rule_can_replace_buildings_vassals: HM_RE_rule_can_replace_buildings_vassals, near line: 3
Failed to read key reference: HM_RE_rule_can_feudalize_holdings_vassals: HM_RE_rule_can_feudalize_holdings_vassals, near line: 3
Failed to read key reference: HM_RE_value_construct_buildings_gold_cost_cap_very_cheap: HM_RE_value_construct_buildings_gold_cost_cap_very_cheap, near line: 3
Failed to read key reference: HM_RE_rule_player_extra_slots_enabled: HM_RE_rule_player_extra_slots_enabled, near line: 3
Failed to read key reference: HM_RE_rule_player_slot_base_cost_very_cheap: HM_RE_rule_player_slot_base_cost_very_cheap, near line: 3
Failed to read key reference: HM_RE_rule_player_slot_step_cost_very_cheap: HM_RE_rule_player_slot_step_cost_very_cheap, near line: 3
Failed to read key reference: HM_RE_rule_construction_time_cost_free: HM_RE_rule_construction_time_cost_free, near line: 3
Failed to read key reference: HM_RE_build_all_button_on: HM_RE_build_all_button_on, near line: 3
Failed to read key reference: HM_RE_upgrade_all_button_on: HM_RE_upgrade_all_button_on, near line: 3
Failed to read key reference: HM_RE_make_nomad_button_on: HM_RE_make_nomad_button_on, near line: 3
Failed to read key reference: HM_RE_make_temple_citadel_button_on: HM_RE_make_temple_citadel_button_on, near line: 3
Failed to read key reference: HM_RE_player_add_slots_decision_on: HM_RE_player_add_slots_decision_on, near line: 3
Failed to read key reference: HM_RE_player_add_slots_decision_base_cost_very_cheap: HM_RE_player_add_slots_decision_base_cost_very_cheap, near line: 3
Failed to read key reference: HM_RE_player_cost_gold: HM_RE_player_cost_gold, near line: 3
Failed to read key reference: HM_RE_rule_ai_extra_slots_disabled: HM_RE_rule_ai_extra_slots_disabled, near line: 3
Failed to read key reference: HM_RE_rule_ai_slot_base_cost_very_expensive: HM_RE_rule_ai_slot_base_cost_very_expensive, near line: 3
Failed to read key reference: HM_RE_rule_ai_slot_step_cost_very_expensive: HM_RE_rule_ai_slot_step_cost_very_expensive, near line: 3"" in file: """" near line: 3"
10135,pdx_persistent_reader.cpp:216,,,,"Error: ""Failed to read key reference: 1453_end_date: 1453_end_date, near line: 8
Failed to read key reference: rhomaion_name_of_byzantium: rhomaion_name_of_byzantium, near line: 8
Failed to read key reference: default_mongol_invasion: default_mongol_invasion, near line: 8
Failed to read key reference: random_ruler_placement_off: random_ruler_placement_off, near line: 8
Failed to read key reference: launch_historical: launch_historical, near line: 8
Failed to read key reference: fp1_scandi_adventurers_apocalyptic: fp1_scandi_adventurers_apocalyptic, near line: 8
Failed to read key reference: dissolution_after_caliph_death: dissolution_after_caliph_death, near line: 8
Failed to read key reference: default_seljuk_invasion: default_seljuk_invasion, near line: 8
Failed to read key reference: situation_the_great_steppe_toggle_on: situation_the_great_steppe_toggle_on, near line: 8
Failed to read key reference: struggle_iberia_toggle_on: struggle_iberia_toggle_on, near line: 8
Failed to read key reference: struggle_persia_toggle_on: struggle_persia_toggle_on, near line: 8
Failed to read key reference: historicity_ruler_of_munster_historical_toirdelbach: historicity_ruler_of_munster_historical_toirdelbach, near line: 8
Failed to read key reference: historicity_norman_conquest_default_random: historicity_norman_conquest_default_random, near line: 8
Failed to read key reference: tibet_nomad_region_on: tibet_nomad_region_on, near line: 8
Failed to read key reference: sami_nomad_region_on: sami_nomad_region_on, near line: 8
Failed to read key reference: arabia_nomad_region_on: arabia_nomad_region_on, near line: 8
Failed to read key reference: sahel_nomad_region_on: sahel_nomad_region_on, near line: 8
Failed to read key reference: horn_of_africa_nomad_region_on: horn_of_africa_nomad_region_on, near line: 8
Failed to read key reference: historicity_extra_admin_egypt_gameplay_not_administrative: historicity_extra_admin_egypt_gameplay_not_administrative, near line: 8
Failed to read key reference: historicity_extra_admin_arabia_gameplay_not_administrative: historicity_extra_admin_arabia_gameplay_not_administrative, near line: 8
Failed to read key reference: historicity_extra_admin_ghana_gameplay_not_administrative: historicity_extra_admin_ghana_gameplay_not_administrative, near line: 8
Failed to read key reference: historicity_extra_admin_kabulistan_gameplay_not_administrative: historicity_extra_admin_kabulistan_gameplay_not_administrative, near line: 8
Failed to read key reference: historicity_extra_admin_persia_gameplay_not_administrative: historicity_extra_admin_persia_gameplay_not_administrative, near line: 8
Failed to read key reference: historicity_extra_admin_maghreb_gameplay_not_administrative: historicity_extra_admin_maghreb_gameplay_not_administrative, near line: 8
Failed to read key reference: historicity_extra_admin_tamilakam_gameplay_not_administrative: historicity_extra_admin_tamilakam_gameplay_not_administrative, near line: 8
Failed to read key reference: historicity_extra_admin_carolingians_gameplay_not_administrative: historicity_extra_admin_carolingians_gameplay_not_administrative, near line: 8
Failed to read key reference: historicity_extra_admin_player_wherever_gameplay_not_administrative: historicity_extra_admin_player_wherever_gameplay_not_administrative, near line: 8
Failed to read key reference: historicity_frankokratia_fourth_crusade: historicity_frankokratia_fourth_crusade, near line: 8
Failed to read key reference: silk_road_starting_innovations_preset: silk_road_starting_innovations_preset, near line: 8
Failed to read key reference: ACR_RE_tradition_slots_plus_95: ACR_RE_tradition_slots_plus_95, near line: 8
Failed to read key reference: ACR_RE_tradition_cost_free: ACR_RE_tradition_cost_free, near line: 8
Failed to read key reference: ACR_RE_tradition_cooldown_none: ACR_RE_tradition_cooldown_none, near line: 8
Failed to read key reference: ACR_RE_truce_duration_5: ACR_RE_truce_duration_5, near line: 8
Failed to read key reference: ACR_RE_truce_scope_player_primary: ACR_RE_truce_scope_player_primary, near line: 8
Failed to read key reference: ACR_RE_council_task_speed_1_month: ACR_RE_council_task_speed_1_month, near line: 8
Failed to read key reference: HM_RE_rule_player_free_functions_enabled: HM_RE_rule_player_free_functions_enabled, near line: 8
Failed to read key reference: HM_RE_rule_change_holding_type_cost_very_cheap: HM_RE_rule_change_holding_type_cost_very_cheap, near line: 8
Failed to read key reference: HM_RE_rule_change_holding_type_cooldown_very_short: HM_RE_rule_change_holding_type_cooldown_very_short, near line: 8
Failed to read key reference: HM_RE_rule_can_replace_buildings_vassals: HM_RE_rule_can_replace_buildings_vassals, near line: 8
Failed to read key reference: HM_RE_rule_can_feudalize_holdings_vassals: HM_RE_rule_can_feudalize_holdings_vassals, near line: 8
Failed to read key reference: HM_RE_value_construct_buildings_gold_cost_cap_very_cheap: HM_RE_value_construct_buildings_gold_cost_cap_very_cheap, near line: 8
Failed to read key reference: HM_RE_rule_player_extra_slots_enabled: HM_RE_rule_player_extra_slots_enabled, near line: 8
Failed to read key reference: HM_RE_rule_player_slot_base_cost_very_cheap: HM_RE_rule_player_slot_base_cost_very_cheap, near line: 8
Failed to read key reference: HM_RE_rule_player_slot_step_cost_very_cheap: HM_RE_rule_player_slot_step_cost_very_cheap, near line: 8
Failed to read key reference: HM_RE_rule_construction_time_cost_free: HM_RE_rule_construction_time_cost_free, near line: 8
Failed to read key reference: HM_RE_build_all_button_on: HM_RE_build_all_button_on, near line: 8
Failed to read key reference: HM_RE_upgrade_all_button_on: HM_RE_upgrade_all_button_on, near line: 8
Failed to read key reference: HM_RE_make_nomad_button_on: HM_RE_make_nomad_button_on, near line: 8
Failed to read key reference: HM_RE_make_temple_citadel_button_on: HM_RE_make_temple_citadel_button_on, near line: 8
Failed to read key reference: HM_RE_player_add_slots_decision_on: HM_RE_player_add_slots_decision_on, near line: 8
Failed to read key reference: HM_RE_player_add_slots_decision_base_cost_very_cheap: HM_RE_player_add_slots_decision_base_cost_very_cheap, near line: 8
Failed to read key reference: HM_RE_player_cost_gold: HM_RE_player_cost_gold, near line: 8
Failed to read key reference: HM_RE_rule_ai_extra_slots_disabled: HM_RE_rule_ai_extra_slots_disabled, near line: 8
Failed to read key reference: HM_RE_rule_ai_slot_base_cost_very_expensive: HM_RE_rule_ai_slot_base_cost_very_expensive, near line: 8
Failed to read key reference: HM_RE_rule_ai_slot_step_cost_very_expensive: HM_RE_rule_ai_slot_step_cost_very_expensive, near line: 8"" in file: """" near line: 8"
10190,coat_of_arms_render_description.cpp:190,A Game of Thrones | Unresolved file,,,Failed to find textured emblem texture at path: gfx/coat_of_arms/colored_emblems/asoiaf_unicorn.dds near file: common/coat_of_arms/coat_of_arms/personal_coas_dynamic.txt line: 1080
10191,coat_of_arms_render_description.cpp:190,A Game of Thrones | Unresolved file,,,Failed to find textured emblem texture at path: gfx/coat_of_arms/colored_emblems/vale_seldon_rayonne.dds near file: common/coat_of_arms/coat_of_arms/riverland_dynasties.txt line: 120
10193,coat_of_arms_render_description.cpp:190,A Game of Thrones | Unresolved file,,,Failed to find textured emblem texture at path: gfx/coat_of_arms/colored_emblems/north_wibberly.dds near file: common/coat_of_arms/coat_of_arms/northern_dynasties.txt line: 1337
10196,coat_of_arms_render_description.cpp:190,A Game of Thrones | Unresolved file,,,Failed to find textured emblem texture at path: gfx/coat_of_arms/colored_emblems/ce_bottom_solid.dds near file: common/coat_of_arms/coat_of_arms/reach_dynasties.txt line: 1708
10199,coat_of_arms_render_description.cpp:190,A Game of Thrones | Unresolved file,,,Failed to find textured emblem texture at path: gfx/coat_of_arms/colored_emblems/re_block_02.dds near file: common/coat_of_arms/coat_of_arms/reach_dynasties.txt line: 1882
10201,coat_of_arms_render_description.cpp:190,A Game of Thrones | Unresolved file,,,Failed to find textured emblem texture at path: gfx/coat_of_arms/colored_emblems/re_block_02.dds near file: common/coat_of_arms/coat_of_arms/reach_dynasties.txt line: 192
10202,opinion_modifier.cpp:83,,funded_my_expedition,Valyrian Steel,Modifier 'funded_my_expedition' shouldn't have a duration and monthly_change at the same time!
10203,opinion_modifier.cpp:83,,sent_relative_to_valyria,Valyrian Steel,Modifier 'sent_relative_to_valyria' shouldn't have a duration and monthly_change at the same time!
10204,artifact_feature.cpp:33,,feature_dragon_whip_black | dragon_whip_black,Valyrian Steel | Valyrian Steel - Русификация,Missing loc key 'feature_dragon_whip_black'
10205,artifact_feature.cpp:33,,feature_dragon_whip_silver | dragon_whip_silver,Valyrian Steel | Valyrian Steel - Русификация,Missing loc key 'feature_dragon_whip_silver'
10206,artifact_feature.cpp:33,,feature_dragon_whip_bronze | dragon_whip_bronze,Valyrian Steel | Valyrian Steel - Русификация,Missing loc key 'feature_dragon_whip_bronze'
10208,title_links.cpp:214,Divine Intervention Cheat Menu,,,Failed to fetch a valid landed title 'e_hre' at location 'file: common/scripted_guis/DI_char_editor_present_sgui.txt line: 1589 (DI_ce_female_dominated:effect)'
10209,title_links.cpp:214,Divine Intervention Cheat Menu,,,Failed to fetch a valid landed title 'e_hre' at location 'file: common/character_interactions/DI_character_interaction.txt line: 4622 (DI_change_succession:on_accept)'
10210,title_links.cpp:214,Divine Intervention Cheat Menu,,,Failed to fetch a valid landed title 'e_hre' at location 'file: common/character_interactions/DI_character_interaction.txt line: 4624 (DI_change_succession:on_accept)'
10211,title_links.cpp:214,Divine Intervention Cheat Menu,,,Failed to fetch a valid landed title 'e_hre' at location 'file: common/character_interactions/DI_character_interaction.txt line: 4637 (DI_change_succession:on_accept)'
10212,title_links.cpp:214,Divine Intervention Cheat Menu,,,Failed to fetch a valid landed title 'e_hre' at location 'file: common/character_interactions/DI_character_interaction.txt line: 4639 (DI_change_succession:on_accept)'
10213,title_links.cpp:214,COW-AGOT: 3D Models & Bigger Castles,,,Failed to fetch a valid landed title 'b_graced_castle' at location 'file: common/on_action/cowagot_province_on_actions.txt line: 242 (set_provinces_on_actions)'
10214,title_links.cpp:214,COW-AGOT: 3D Models & Bigger Castles,,,Failed to fetch a valid landed title 'b_cheesemonger_manse' at location 'file: common/on_action/cowagot_province_on_actions.txt line: 246 (set_provinces_on_actions)'
10215,jomini_eventtarget.h:291,Divine Intervention Cheat Menu,,,Failed to find 'varangian' from database for link 'trait' at file: common/scripted_effects/DI_char_spawner_effects.txt line: 1232 (DI_akolouthos_traits_effect)
10216,jomini_eventmanager.cpp:119,,agot_cities.5000,COW-AGOT: 3D Models & Bigger Castles,'agot_cities.5000' does not have a valid namespace
10217,jomini_script_system.cpp:303,COW-AGOT: 3D Models & Bigger Castles,,,"Script system error!
  Error: trigger_event effect [ Event [agot_cities.5000] not found ]
  Script location: file: common/buildings/yy_agotcities_special_buildings_westeros.txt line: 1827 (planky_town_special:on_complete)"
10221,jomini_eventmanager.cpp:119,,agot_cities.5000,COW-AGOT: 3D Models & Bigger Castles,'agot_cities.5000' does not have a valid namespace
10222,jomini_script_system.cpp:303,COW-AGOT: 3D Models & Bigger Castles,,,"Script system error!
  Error: trigger_event effect [ Event [agot_cities.5000] not found ]
  Script location: file: common/buildings/yy_agotcities_special_buildings_westeros.txt line: 1993 (agot_castamere_03:on_complete)"
10226,jomini_eventmanager.cpp:119,,agot_cities.5000,COW-AGOT: 3D Models & Bigger Castles,'agot_cities.5000' does not have a valid namespace
10227,jomini_script_system.cpp:303,COW-AGOT: 3D Models & Bigger Castles,,,"Script system error!
  Error: trigger_event effect [ Event [agot_cities.5000] not found ]
  Script location: file: common/buildings/yy_agotcities_special_buildings_westeros.txt line: 2295 (24castamere_03:on_complete)"
10231,jomini_script_system.cpp:303,Legacy Of The Dragon,,,"Script system error!
  Error: create_artifact effect [ Invalid artifact template 'vs_blackfyre_template' ]
  Script location: file: common/scripted_effects/00_agot_artifact_vs_sword_effects_override.txt line: 13 (agot_create_artifact_vs_blackfyre_effect[args#3618947653])"
10235,jomini_script_system.cpp:303,Legacy Of The Dragon,,,"Script system error!
  Error: create_artifact effect [ Invalid artifact template 'vs_blackfyre_template' ]
  Script location: file: common/scripted_effects/00_agot_artifact_vs_sword_effects_override.txt line: 31 (agot_create_artifact_vs_blackfyre_effect[args#3618947653])"
10239,jomini_script_system.cpp:303,Legacy Of The Dragon,,,"Script system error!
  Error: create_artifact effect [ Invalid artifact template 'vs_blackfyre_template' ]
  Script location: file: common/scripted_effects/00_agot_artifact_vs_sword_effects_override.txt line: 13 (agot_create_artifact_vs_blackfyre_effect[args#141906969])"
10243,jomini_script_system.cpp:303,Legacy Of The Dragon,,,"Script system error!
  Error: create_artifact effect [ Invalid artifact template 'vs_blackfyre_template' ]
  Script location: file: common/scripted_effects/00_agot_artifact_vs_sword_effects_override.txt line: 31 (agot_create_artifact_vs_blackfyre_effect[args#141906969])"
10247,jomini_script_system.cpp:303,Legacy Of The Dragon,,,"Script system error!
  Error: create_artifact effect [ Invalid artifact template 'vs_pincer_template' ]
  Script location: file: common/scripted_effects/00_agot_artifact_vs_sword_effects_override.txt line: 604 (agot_create_artifact_vs_pincer_effect[args#3618947653])"
10251,jomini_script_system.cpp:303,Legacy Of The Dragon,,,"Script system error!
  Error: create_artifact effect [ Invalid artifact template 'vs_pincer_template' ]
  Script location: file: common/scripted_effects/00_agot_artifact_vs_sword_effects_override.txt line: 630 (agot_create_artifact_vs_pincer_effect[args#3618947653])"
10255,jomini_script_system.cpp:303,Legacy Of The Dragon,,,"Script system error!
  Error: create_artifact effect [ Invalid artifact template 'vs_seafoam_template' ]
  Script location: file: common/scripted_effects/00_agot_artifact_vs_sword_effects_override.txt line: 455 (agot_create_artifact_vs_seafoam_effect[args#3618947653])"
10259,jomini_script_system.cpp:303,Legacy Of The Dragon,,,"Script system error!
  Error: create_artifact effect [ Invalid artifact template 'vs_seafoam_template' ]
  Script location: file: common/scripted_effects/00_agot_artifact_vs_sword_effects_override.txt line: 475 (agot_create_artifact_vs_seafoam_effect[args#3618947653])"
10263,jomini_script_system.cpp:303,Legacy Of The Dragon,,,"Script system error!
  Error: create_artifact effect [ Invalid static modifier 'artifact_personal_scheme_power_add_5_modifier' ]
  Script location: file: common/scripted_effects/00_lotd_artifact_creation_effects.txt line: 8 (create_artifact_subterfuge_effect[args#141906969])"
10267,jomini_script_system.cpp:303,Legacy Of The Dragon,,,"Script system error!
  Error: create_artifact effect [ Invalid artifact template 'vs_blackfyre_template' ]
  Script location: file: common/scripted_effects/00_agot_artifact_vs_sword_effects_override.txt line: 13 (agot_create_artifact_vs_blackfyre_effect[args#979117111])"
10271,jomini_script_system.cpp:303,Legacy Of The Dragon,,,"Script system error!
  Error: create_artifact effect [ Invalid artifact template 'vs_blackfyre_template' ]
  Script location: file: common/scripted_effects/00_agot_artifact_vs_sword_effects_override.txt line: 31 (agot_create_artifact_vs_blackfyre_effect[args#979117111])"
10275,jomini_script_system.cpp:303,Legacy Of The Dragon,,,"Script system error!
  Error: create_artifact effect [ Invalid artifact template 'vs_pincer_template' ]
  Script location: file: common/scripted_effects/00_agot_artifact_vs_sword_effects_override.txt line: 604 (agot_create_artifact_vs_pincer_effect[args#979117111])"
10279,jomini_script_system.cpp:303,Legacy Of The Dragon,,,"Script system error!
  Error: create_artifact effect [ Invalid artifact template 'vs_pincer_template' ]
  Script location: file: common/scripted_effects/00_agot_artifact_vs_sword_effects_override.txt line: 630 (agot_create_artifact_vs_pincer_effect[args#979117111])"
10283,jomini_script_system.cpp:303,Legacy Of The Dragon,,,"Script system error!
  Error: create_artifact effect [ Invalid artifact template 'vs_seafoam_template' ]
  Script location: file: common/scripted_effects/00_agot_artifact_vs_sword_effects_override.txt line: 455 (agot_create_artifact_vs_seafoam_effect[args#979117111])"
10287,jomini_script_system.cpp:303,Legacy Of The Dragon,,,"Script system error!
  Error: create_artifact effect [ Invalid artifact template 'vs_seafoam_template' ]
  Script location: file: common/scripted_effects/00_agot_artifact_vs_sword_effects_override.txt line: 475 (agot_create_artifact_vs_seafoam_effect[args#979117111])"
10291,jomini_script_system.cpp:303,Legacy Of The Dragon,,,"Script system error!
  Error: create_artifact effect [ Invalid artifact template 'vs_seafoam_template' ]
  Script location: file: common/scripted_effects/00_agot_artifact_vs_sword_effects_override.txt line: 455 (agot_create_artifact_vs_seafoam_effect[args#2425720076])"
10295,jomini_script_system.cpp:303,Legacy Of The Dragon,,,"Script system error!
  Error: create_artifact effect [ Invalid artifact template 'vs_seafoam_template' ]
  Script location: file: common/scripted_effects/00_agot_artifact_vs_sword_effects_override.txt line: 475 (agot_create_artifact_vs_seafoam_effect[args#2425720076])"
10299,jomini_script_system.cpp:303,Legacy Of The Dragon,,,"Script system error!
  Error: create_artifact effect [ Invalid artifact template 'vs_pincer_template' ]
  Script location: file: common/scripted_effects/00_agot_artifact_vs_sword_effects_override.txt line: 604 (agot_create_artifact_vs_pincer_effect[args#2425720076])"
10303,jomini_script_system.cpp:303,Legacy Of The Dragon,,,"Script system error!
  Error: create_artifact effect [ Invalid artifact template 'vs_pincer_template' ]
  Script location: file: common/scripted_effects/00_agot_artifact_vs_sword_effects_override.txt line: 630 (agot_create_artifact_vs_pincer_effect[args#2425720076])"
10307,jomini_script_system.cpp:303,Legacy Of The Dragon,,,"Script system error!
  Error: create_artifact effect [ Invalid artifact template 'vs_blackfyre_template' ]
  Script location: file: common/scripted_effects/00_agot_artifact_vs_sword_effects_override.txt line: 13 (agot_create_artifact_vs_blackfyre_effect[args#2425720076])"
10311,jomini_script_system.cpp:303,Legacy Of The Dragon,,,"Script system error!
  Error: create_artifact effect [ Invalid artifact template 'vs_blackfyre_template' ]
  Script location: file: common/scripted_effects/00_agot_artifact_vs_sword_effects_override.txt line: 31 (agot_create_artifact_vs_blackfyre_effect[args#2425720076])"
10315,jomini_script_system.cpp:303,Divine Intervention AGOT Cheat Menu,,,"Script system error!
  Error: set_culture_pillar effect [ Invalid database object 'language_agot_lhazaar' ]
  Script location: file: common/scripted_guis/DI_cultural_editor_pillars_sgui.txt line: 620 (DI_language_agot_lhazaar_sgui:effect)"
10319,jomini_effect.cpp:139,Divine Intervention AGOT Cheat Menu,,,PostValidate of effect 'set_culture_pillar' returned false at file: common/scripted_guis/DI_cultural_editor_pillars_sgui.txt line: 620 (DI_language_agot_lhazaar_sgui:effect)
10320,jomini_script_system.cpp:303,Divine Intervention Cheat Menu,,,"Script system error!
  Error: add_innovation effect [ target: Not found in database class CCultureInnovationTypeDatabase ]
  Script location: file: common/character_interactions/DI_character_interaction.txt line: 4616 (DI_change_succession:on_accept)"
10324,jomini_effect.cpp:139,Divine Intervention Cheat Menu,,,PostValidate of effect 'add_innovation' returned false at file: common/character_interactions/DI_character_interaction.txt line: 4616 (DI_change_succession:on_accept)
10325,jomini_script_system.cpp:303,Divine Intervention Cheat Menu,,,"Script system error!
  Error: add_innovation effect [ target: Not found in database class CCultureInnovationTypeDatabase ]
  Script location: file: common/character_interactions/DI_character_interaction.txt line: 4631 (DI_change_succession:on_accept)"
10329,jomini_effect.cpp:139,Divine Intervention Cheat Menu,,,PostValidate of effect 'add_innovation' returned false at file: common/character_interactions/DI_character_interaction.txt line: 4631 (DI_change_succession:on_accept)
10330,jomini_script_system.cpp:303,COW-AGOT: 3D Models & Bigger Castles,,,"Script system error!
  Error: add_building effect [ Invalid database object 'common_trade_03' ]
  Script location: file: common/on_action/cowagot_province_on_actions.txt line: 174 (set_provinces_on_actions)"
10334,jomini_effect.cpp:139,COW-AGOT: 3D Models & Bigger Castles,,,PostValidate of effect 'add_building' returned false at file: common/on_action/cowagot_province_on_actions.txt line: 174 (set_provinces_on_actions)
10335,jomini_script_system.cpp:303,COW-AGOT: 3D Models & Bigger Castles,,,"Script system error!
  Error: remove_building effect [ Invalid database object 'ironwood_01' ]
  Script location: file: common/on_action/cowagot_province_on_actions.txt line: 214 (set_provinces_on_actions)"
10339,jomini_effect.cpp:139,COW-AGOT: 3D Models & Bigger Castles,,,PostValidate of effect 'remove_building' returned false at file: common/on_action/cowagot_province_on_actions.txt line: 214 (set_provinces_on_actions)
10340,jomini_script_system.cpp:303,COW-AGOT: 3D Models & Bigger Castles,,,"Script system error!
  Error: add_special_building_slot effect [ Invalid database object 'bearisland_01' ]
  Script location: file: common/on_action/cowagot_province_on_actions.txt line: 273 (set_provinces_on_actions)"
10344,jomini_effect.cpp:139,COW-AGOT: 3D Models & Bigger Castles,,,PostValidate of effect 'add_special_building_slot' returned false at file: common/on_action/cowagot_province_on_actions.txt line: 273 (set_provinces_on_actions)
10345,jomini_script_system.cpp:303,COW-AGOT: 3D Models & Bigger Castles,,,"Script system error!
  Error: add_special_building effect [ Invalid database object 'bearisland_01' ]
  Script location: file: common/on_action/cowagot_province_on_actions.txt line: 274 (set_provinces_on_actions)"
10349,jomini_effect.cpp:139,COW-AGOT: 3D Models & Bigger Castles,,,PostValidate of effect 'add_special_building' returned false at file: common/on_action/cowagot_province_on_actions.txt line: 274 (set_provinces_on_actions)
10350,jomini_script_system.cpp:303,COW-AGOT: 3D Models & Bigger Castles,,,"Script system error!
  Error: add_special_building_slot effect [ Invalid database object 'harlaw_mines_01' ]
  Script location: file: common/on_action/cowagot_province_on_actions.txt line: 335 (harlaw_building_check_on_actions)"
10354,jomini_effect.cpp:139,COW-AGOT: 3D Models & Bigger Castles,,,PostValidate of effect 'add_special_building_slot' returned false at file: common/on_action/cowagot_province_on_actions.txt line: 335 (harlaw_building_check_on_actions)
10355,jomini_script_system.cpp:303,Divine Intervention AGOT Cheat Menu,,,"Script system error!
  Error: learn_language effect [ Invalid database object 'language_arabic' ]
  Script location: file: common/scripted_effects/DI_court_position_spawner_overrides.txt line: 14 (DI_court_position_post_spawn_effect[args#2101251318])"
10359,jomini_effect.cpp:139,Divine Intervention AGOT Cheat Menu,,,PostValidate of effect 'learn_language' returned false at file: common/scripted_effects/DI_court_position_spawner_overrides.txt line: 14 (DI_court_position_post_spawn_effect[args#2101251318])
10360,jomini_script_system.cpp:303,Divine Intervention AGOT Cheat Menu,,,"Script system error!
  Error: learn_language effect [ Invalid database object 'language_greek' ]
  Script location: file: common/scripted_effects/DI_court_position_spawner_overrides.txt line: 15 (DI_court_position_post_spawn_effect[args#2101251318])"
10364,jomini_effect.cpp:139,Divine Intervention AGOT Cheat Menu,,,PostValidate of effect 'learn_language' returned false at file: common/scripted_effects/DI_court_position_spawner_overrides.txt line: 15 (DI_court_position_post_spawn_effect[args#2101251318])
10365,jomini_script_system.cpp:303,Divine Intervention AGOT Cheat Menu,,,"Script system error!
  Error: learn_language effect [ Invalid database object 'language_latin' ]
  Script location: file: common/scripted_effects/DI_court_position_spawner_overrides.txt line: 16 (DI_court_position_post_spawn_effect[args#2101251318])"
10369,jomini_effect.cpp:139,Divine Intervention AGOT Cheat Menu,,,PostValidate of effect 'learn_language' returned false at file: common/scripted_effects/DI_court_position_spawner_overrides.txt line: 16 (DI_court_position_post_spawn_effect[args#2101251318])
10370,jomini_script_system.cpp:303,Divine Intervention AGOT Cheat Menu,,,"Script system error!
  Error: learn_language effect [ Invalid database object 'language_norse' ]
  Script location: file: common/scripted_effects/DI_court_position_spawner_overrides.txt line: 17 (DI_court_position_post_spawn_effect[args#2101251318])"
10374,jomini_effect.cpp:139,Divine Intervention AGOT Cheat Menu,,,PostValidate of effect 'learn_language' returned false at file: common/scripted_effects/DI_court_position_spawner_overrides.txt line: 17 (DI_court_position_post_spawn_effect[args#2101251318])
10375,jomini_script_system.cpp:303,Divine Intervention AGOT Cheat Menu,,,"Script system error!
  Error: learn_language effect [ Invalid database object 'language_greek' ]
  Script location: file: common/scripted_effects/DI_court_position_spawner_overrides.txt line: 27 (DI_court_position_post_spawn_effect[args#2101251318])"
10379,jomini_effect.cpp:139,Divine Intervention AGOT Cheat Menu,,,PostValidate of effect 'learn_language' returned false at file: common/scripted_effects/DI_court_position_spawner_overrides.txt line: 27 (DI_court_position_post_spawn_effect[args#2101251318])
10380,jomini_script_system.cpp:303,Divine Intervention AGOT Cheat Menu,,,"Script system error!
  Error: learn_language effect [ Invalid database object 'language_norse' ]
  Script location: file: common/scripted_effects/DI_court_position_spawner_overrides.txt line: 29 (DI_court_position_post_spawn_effect[args#2101251318])"
10384,jomini_effect.cpp:139,Divine Intervention AGOT Cheat Menu,,,PostValidate of effect 'learn_language' returned false at file: common/scripted_effects/DI_court_position_spawner_overrides.txt line: 29 (DI_court_position_post_spawn_effect[args#2101251318])
10385,jomini_script_system.cpp:303,Divine Intervention AGOT Cheat Menu,,,"Script system error!
  Error: learn_language effect [ Invalid database object 'language_arabic' ]
  Script location: file: common/scripted_effects/DI_court_position_spawner_overrides.txt line: 26 (DI_court_position_post_spawn_effect[args#2101251318])"
10389,jomini_effect.cpp:139,Divine Intervention AGOT Cheat Menu,,,PostValidate of effect 'learn_language' returned false at file: common/scripted_effects/DI_court_position_spawner_overrides.txt line: 26 (DI_court_position_post_spawn_effect[args#2101251318])
10390,jomini_script_system.cpp:303,Divine Intervention AGOT Cheat Menu,,,"Script system error!
  Error: learn_language effect [ Invalid database object 'language_latin' ]
  Script location: file: common/scripted_effects/DI_court_position_spawner_overrides.txt line: 28 (DI_court_position_post_spawn_effect[args#2101251318])"
10394,jomini_effect.cpp:139,Divine Intervention AGOT Cheat Menu,,,PostValidate of effect 'learn_language' returned false at file: common/scripted_effects/DI_court_position_spawner_overrides.txt line: 28 (DI_court_position_post_spawn_effect[args#2101251318])
10395,jomini_script_system.cpp:303,Divine Intervention AGOT Cheat Menu,,,"Script system error!
  Error: add_trait effect [ target: Not found in database class CTraitDatabase ]
  Script location: file: common/scripted_effects/DI_present_effects.txt line: 20 (DI_personality_trait_randomizer_effect)"
10399,jomini_effect.cpp:139,Divine Intervention AGOT Cheat Menu,,,PostValidate of effect 'add_trait' returned false at file: common/scripted_effects/DI_present_effects.txt line: 20 (DI_personality_trait_randomizer_effect)
10400,jomini_script_system.cpp:303,Divine Intervention AGOT Cheat Menu,,,"Script system error!
  Error: add_trait effect [ target: Not found in database class CTraitDatabase ]
  Script location: file: common/scripted_effects/DI_present_effects.txt line: 21 (DI_personality_trait_randomizer_effect)"
10404,jomini_effect.cpp:139,Divine Intervention AGOT Cheat Menu,,,PostValidate of effect 'add_trait' returned false at file: common/scripted_effects/DI_present_effects.txt line: 21 (DI_personality_trait_randomizer_effect)
10405,jomini_script_system.cpp:303,Divine Intervention AGOT Cheat Menu,,,"Script system error!
  Error: remove_trait effect [ target: Not found in database class CTraitDatabase ]
  Script location: file: common/scripted_effects/DI_present_effects.txt line: 85 (DI_clear_personality_traits_effect)"
10409,jomini_effect.cpp:139,Divine Intervention AGOT Cheat Menu,,,PostValidate of effect 'remove_trait' returned false at file: common/scripted_effects/DI_present_effects.txt line: 85 (DI_clear_personality_traits_effect)
10410,jomini_script_system.cpp:303,Divine Intervention AGOT Cheat Menu,,,"Script system error!
  Error: remove_trait effect [ target: Not found in database class CTraitDatabase ]
  Script location: file: common/scripted_effects/DI_present_effects.txt line: 86 (DI_clear_personality_traits_effect)"
10414,jomini_effect.cpp:139,Divine Intervention AGOT Cheat Menu,,,PostValidate of effect 'remove_trait' returned false at file: common/scripted_effects/DI_present_effects.txt line: 86 (DI_clear_personality_traits_effect)
10415,jomini_script_system.cpp:303,Divine Intervention AGOT Cheat Menu,,,"Script system error!
  Error: has_trait trigger [ Cannot find honorable in trait database ]
  Script location: file: common/scripted_effects/DI_present_effects.txt line: 85 (DI_clear_personality_traits_effect)"
10419,jomini_script_system.cpp:303,Divine Intervention AGOT Cheat Menu,,,"Script system error!
  Error: has_trait trigger [ Cannot find ruthless in trait database ]
  Script location: file: common/scripted_effects/DI_present_effects.txt line: 86 (DI_clear_personality_traits_effect)"
10423,pdx_persistent_reader.cpp:216,Valyrian Steel,,,"Error: ""Unknown modifier type: bond_with_dragon_scheme_success_chance_add, near line: 17
Unknown modifier type: bond_with_dragon_scheme_scheme_success_chance_add, near line: 24"" in file: ""common/modifier_definition_formats/agot_scheme_definitions.txt"" near line: 29"
10425,jomini_script_system.cpp:303,AGOT Submod Core,,,"Script system error!
  Error: has_game_rule trigger [ Invalid database object 'show_armor_enabled' ]
  Script location: file: gfx/portraits/portrait_modifiers/01_cloaks_base.txt line: 1333 (cloaks:weight)"
10429,jomini_trigger.cpp:243,AGOT Submod Core,,,PostValidate of trigger 'has_game_rule' returned false at file: gfx/portraits/portrait_modifiers/01_cloaks_base.txt line: 1333 (cloaks:weight)
10430,jomini_script_system.cpp:303,AGOT Submod Core,,,"Script system error!
  Error: has_game_rule trigger [ Invalid database object 'show_armor_enabled' ]
  Script location: file: gfx/portraits/portrait_modifiers/01_cloaks_base.txt line: 1338 (cloaks:weight)"
10434,jomini_trigger.cpp:243,AGOT Submod Core,,,PostValidate of trigger 'has_game_rule' returned false at file: gfx/portraits/portrait_modifiers/01_cloaks_base.txt line: 1338 (cloaks:weight)
10435,jomini_script_system.cpp:303,AGOT Submod Core,,,"Script system error!
  Error: has_game_rule trigger [ Invalid database object 'show_armor_enabled' ]
  Script location: file: gfx/portraits/portrait_modifiers/01_cloaks_base.txt line: 1642 (cloaks:weight)"
10439,jomini_trigger.cpp:243,AGOT Submod Core,,,PostValidate of trigger 'has_game_rule' returned false at file: gfx/portraits/portrait_modifiers/01_cloaks_base.txt line: 1642 (cloaks:weight)
10440,jomini_script_system.cpp:303,AGOT Submod Core,,,"Script system error!
  Error: has_game_rule trigger [ Invalid database object 'show_armor_enabled' ]
  Script location: file: gfx/portraits/portrait_modifiers/01_cloaks_base.txt line: 1684 (cloaks:weight)"
10444,jomini_trigger.cpp:243,AGOT Submod Core,,,PostValidate of trigger 'has_game_rule' returned false at file: gfx/portraits/portrait_modifiers/01_cloaks_base.txt line: 1684 (cloaks:weight)
10445,jomini_script_system.cpp:303,AGOT Submod Core,,,"Script system error!
  Error: has_game_rule trigger [ Invalid database object 'show_armor_enabled' ]
  Script location: file: gfx/portraits/portrait_modifiers/01_legwear_base.txt line: 871 (legwear:weight)"
10449,jomini_trigger.cpp:243,AGOT Submod Core,,,PostValidate of trigger 'has_game_rule' returned false at file: gfx/portraits/portrait_modifiers/01_legwear_base.txt line: 871 (legwear:weight)
10450,jomini_script_system.cpp:303,AGOT Submod Core,,,"Script system error!
  Error: has_game_rule trigger [ Invalid database object 'show_armor_enabled' ]
  Script location: file: gfx/portraits/portrait_modifiers/01_legwear_base.txt line: 898 (legwear:weight)"
10454,jomini_trigger.cpp:243,AGOT Submod Core,,,PostValidate of trigger 'has_game_rule' returned false at file: gfx/portraits/portrait_modifiers/01_legwear_base.txt line: 898 (legwear:weight)
10455,jomini_script_system.cpp:303,AGOT Submod Core,,,"Script system error!
  Error: has_game_rule trigger [ Invalid database object 'show_armor_enabled' ]
  Script location: file: gfx/portraits/portrait_modifiers/01_legwear_base.txt line: 937 (legwear:weight)"
10459,jomini_trigger.cpp:243,AGOT Submod Core,,,PostValidate of trigger 'has_game_rule' returned false at file: gfx/portraits/portrait_modifiers/01_legwear_base.txt line: 937 (legwear:weight)
10460,jomini_script_system.cpp:303,AGOT Submod Core,,,"Script system error!
  Error: has_game_rule trigger [ Invalid database object 'show_armor_enabled' ]
  Script location: file: gfx/portraits/portrait_modifiers/05_clothes_situational.txt line: 616 (clothes_situational:weight)"
10464,jomini_trigger.cpp:243,AGOT Submod Core,,,PostValidate of trigger 'has_game_rule' returned false at file: gfx/portraits/portrait_modifiers/05_clothes_situational.txt line: 616 (clothes_situational:weight)
10465,jomini_script_system.cpp:303,AGOT Submod Core,,,"Script system error!
  Error: has_game_rule trigger [ Invalid database object 'show_armor_enabled' ]
  Script location: file: gfx/portraits/portrait_modifiers/05_clothes_situational.txt line: 1062 (clothes_situational:weight)"
10469,jomini_trigger.cpp:243,AGOT Submod Core,,,PostValidate of trigger 'has_game_rule' returned false at file: gfx/portraits/portrait_modifiers/05_clothes_situational.txt line: 1062 (clothes_situational:weight)
10470,jomini_script_system.cpp:303,AGOT Submod Core,,,"Script system error!
  Error: has_game_rule trigger [ Invalid database object 'show_armor_enabled' ]
  Script location: file: gfx/portraits/portrait_modifiers/05_clothes_situational.txt line: 1109 (clothes_situational:weight)"
10474,jomini_trigger.cpp:243,AGOT Submod Core,,,PostValidate of trigger 'has_game_rule' returned false at file: gfx/portraits/portrait_modifiers/05_clothes_situational.txt line: 1109 (clothes_situational:weight)
10475,jomini_script_system.cpp:303,AGOT Submod Core,,,"Script system error!
  Error: has_game_rule trigger [ Invalid database object 'show_armor_enabled' ]
  Script location: file: gfx/portraits/portrait_modifiers/05_clothes_situational.txt line: 1158 (clothes_situational:weight)"
10479,jomini_trigger.cpp:243,AGOT Submod Core,,,PostValidate of trigger 'has_game_rule' returned false at file: gfx/portraits/portrait_modifiers/05_clothes_situational.txt line: 1158 (clothes_situational:weight)
10480,jomini_script_system.cpp:303,AGOT Submod Core,,,"Script system error!
  Error: has_game_rule trigger [ Invalid database object 'show_armor_enabled' ]
  Script location: file: gfx/portraits/portrait_modifiers/05_clothes_situational.txt line: 1202 (clothes_situational:weight)"
10484,jomini_trigger.cpp:243,AGOT Submod Core,,,PostValidate of trigger 'has_game_rule' returned false at file: gfx/portraits/portrait_modifiers/05_clothes_situational.txt line: 1202 (clothes_situational:weight)
10485,jomini_script_system.cpp:303,AGOT Submod Core,,,"Script system error!
  Error: has_game_rule trigger [ Invalid database object 'show_armor_enabled' ]
  Script location: file: gfx/portraits/portrait_modifiers/05_clothes_situational.txt line: 1248 (clothes_situational:weight)"
10489,jomini_trigger.cpp:243,AGOT Submod Core,,,PostValidate of trigger 'has_game_rule' returned false at file: gfx/portraits/portrait_modifiers/05_clothes_situational.txt line: 1248 (clothes_situational:weight)
10490,jomini_script_system.cpp:303,AGOT Submod Core,,,"Script system error!
  Error: has_game_rule trigger [ Invalid database object 'show_armor_enabled' ]
  Script location: file: gfx/portraits/portrait_modifiers/05_clothes_situational.txt line: 1292 (clothes_situational:weight)"
10494,jomini_trigger.cpp:243,AGOT Submod Core,,,PostValidate of trigger 'has_game_rule' returned false at file: gfx/portraits/portrait_modifiers/05_clothes_situational.txt line: 1292 (clothes_situational:weight)
10495,jomini_script_system.cpp:303,AGOT Submod Core,,,"Script system error!
  Error: has_game_rule trigger [ Invalid database object 'show_armor_enabled' ]
  Script location: file: gfx/portraits/portrait_modifiers/05_clothes_situational.txt line: 1338 (clothes_situational:weight)"
10499,jomini_trigger.cpp:243,AGOT Submod Core,,,PostValidate of trigger 'has_game_rule' returned false at file: gfx/portraits/portrait_modifiers/05_clothes_situational.txt line: 1338 (clothes_situational:weight)
10500,jomini_script_system.cpp:303,AGOT Submod Core,,,"Script system error!
  Error: has_game_rule trigger [ Invalid database object 'show_armor_enabled' ]
  Script location: file: gfx/portraits/portrait_modifiers/05_clothes_situational.txt line: 1382 (clothes_situational:weight)"
10504,jomini_trigger.cpp:243,AGOT Submod Core,,,PostValidate of trigger 'has_game_rule' returned false at file: gfx/portraits/portrait_modifiers/05_clothes_situational.txt line: 1382 (clothes_situational:weight)
10505,jomini_script_system.cpp:303,AGOT Submod Core,,,"Script system error!
  Error: has_game_rule trigger [ Invalid database object 'show_armor_enabled' ]
  Script location: file: gfx/portraits/portrait_modifiers/05_clothes_situational.txt line: 1428 (clothes_situational:weight)"
10509,jomini_trigger.cpp:243,AGOT Submod Core,,,PostValidate of trigger 'has_game_rule' returned false at file: gfx/portraits/portrait_modifiers/05_clothes_situational.txt line: 1428 (clothes_situational:weight)
10510,jomini_script_system.cpp:303,AGOT Submod Core,,,"Script system error!
  Error: has_game_rule trigger [ Invalid database object 'show_armor_enabled' ]
  Script location: file: gfx/portraits/portrait_modifiers/05_clothes_situational.txt line: 1472 (clothes_situational:weight)"
10514,jomini_trigger.cpp:243,AGOT Submod Core,,,PostValidate of trigger 'has_game_rule' returned false at file: gfx/portraits/portrait_modifiers/05_clothes_situational.txt line: 1472 (clothes_situational:weight)
10515,jomini_script_system.cpp:303,AGOT Submod Core,,,"Script system error!
  Error: has_game_rule trigger [ Invalid database object 'show_armor_enabled' ]
  Script location: file: gfx/portraits/portrait_modifiers/05_clothes_situational.txt line: 1518 (clothes_situational:weight)"
10519,jomini_trigger.cpp:243,AGOT Submod Core,,,PostValidate of trigger 'has_game_rule' returned false at file: gfx/portraits/portrait_modifiers/05_clothes_situational.txt line: 1518 (clothes_situational:weight)
10520,jomini_script_system.cpp:303,AGOT Submod Core,,,"Script system error!
  Error: has_game_rule trigger [ Invalid database object 'show_armor_enabled' ]
  Script location: file: gfx/portraits/portrait_modifiers/05_clothes_situational.txt line: 1562 (clothes_situational:weight)"
10524,jomini_trigger.cpp:243,AGOT Submod Core,,,PostValidate of trigger 'has_game_rule' returned false at file: gfx/portraits/portrait_modifiers/05_clothes_situational.txt line: 1562 (clothes_situational:weight)
10525,jomini_script_system.cpp:303,AGOT Submod Core,,,"Script system error!
  Error: has_game_rule trigger [ Invalid database object 'show_armor_enabled' ]
  Script location: file: gfx/portraits/portrait_modifiers/05_headgear_situational.txt line: 338 (headgear_situational:weight)"
10529,jomini_trigger.cpp:243,AGOT Submod Core,,,PostValidate of trigger 'has_game_rule' returned false at file: gfx/portraits/portrait_modifiers/05_headgear_situational.txt line: 338 (headgear_situational:weight)
10530,jomini_script_system.cpp:303,AGOT Submod Core,,,"Script system error!
  Error: has_game_rule trigger [ Invalid database object 'show_armor_enabled' ]
  Script location: file: gfx/portraits/portrait_modifiers/05_headgear_situational.txt line: 395 (headgear_situational:weight)"
10534,jomini_trigger.cpp:243,AGOT Submod Core,,,PostValidate of trigger 'has_game_rule' returned false at file: gfx/portraits/portrait_modifiers/05_headgear_situational.txt line: 395 (headgear_situational:weight)
10535,jomini_script_system.cpp:303,AGOT Submod Core,,,"Script system error!
  Error: has_game_rule trigger [ Invalid database object 'show_armor_enabled' ]
  Script location: file: gfx/portraits/portrait_modifiers/05_headgear_situational.txt line: 3127 (headgear_situational:weight)"
10539,jomini_trigger.cpp:243,AGOT Submod Core,,,PostValidate of trigger 'has_game_rule' returned false at file: gfx/portraits/portrait_modifiers/05_headgear_situational.txt line: 3127 (headgear_situational:weight)
10540,jomini_script_system.cpp:303,AGOT Submod Core,,,"Script system error!
  Error: has_game_rule trigger [ Invalid database object 'show_armor_enabled' ]
  Script location: file: gfx/portraits/portrait_modifiers/05_headgear_situational.txt line: 3174 (headgear_situational:weight)"
10544,jomini_trigger.cpp:243,AGOT Submod Core,,,PostValidate of trigger 'has_game_rule' returned false at file: gfx/portraits/portrait_modifiers/05_headgear_situational.txt line: 3174 (headgear_situational:weight)
10545,jomini_script_system.cpp:303,AGOT Submod Core,,,"Script system error!
  Error: has_game_rule trigger [ Invalid database object 'show_armor_enabled' ]
  Script location: file: gfx/portraits/portrait_modifiers/05_headgear_situational.txt line: 3222 (headgear_situational:weight)"
10549,jomini_trigger.cpp:243,AGOT Submod Core,,,PostValidate of trigger 'has_game_rule' returned false at file: gfx/portraits/portrait_modifiers/05_headgear_situational.txt line: 3222 (headgear_situational:weight)
10550,jomini_script_system.cpp:303,AGOT Submod Core,,,"Script system error!
  Error: has_game_rule trigger [ Invalid database object 'show_armor_enabled' ]
  Script location: file: gfx/portraits/portrait_modifiers/05_headgear_situational.txt line: 3266 (headgear_situational:weight)"
10554,jomini_trigger.cpp:243,AGOT Submod Core,,,PostValidate of trigger 'has_game_rule' returned false at file: gfx/portraits/portrait_modifiers/05_headgear_situational.txt line: 3266 (headgear_situational:weight)
10555,jomini_script_system.cpp:303,AGOT Submod Core,,,"Script system error!
  Error: has_game_rule trigger [ Invalid database object 'show_armor_enabled' ]
  Script location: file: gfx/portraits/portrait_modifiers/05_headgear_situational.txt line: 3310 (headgear_situational:weight)"
10559,jomini_trigger.cpp:243,AGOT Submod Core,,,PostValidate of trigger 'has_game_rule' returned false at file: gfx/portraits/portrait_modifiers/05_headgear_situational.txt line: 3310 (headgear_situational:weight)
10560,jomini_script_system.cpp:303,AGOT Submod Core,,,"Script system error!
  Error: has_game_rule trigger [ Invalid database object 'show_armor_enabled' ]
  Script location: file: gfx/portraits/portrait_modifiers/05_headgear_situational.txt line: 3355 (headgear_situational:weight)"
10564,jomini_trigger.cpp:243,AGOT Submod Core,,,PostValidate of trigger 'has_game_rule' returned false at file: gfx/portraits/portrait_modifiers/05_headgear_situational.txt line: 3355 (headgear_situational:weight)
10565,jomini_script_system.cpp:303,Divine Intervention Cheat Menu,,,"Script system error!
  Error: is_struggle_type trigger [ Invalid database object 'persian_struggle' ]
  Script location: file: common/character_interactions/DI_character_interaction.txt line: 1415 (DI_arrange_marriage_interaction:is_shown)"
10569,jomini_trigger.cpp:243,Divine Intervention Cheat Menu,,,PostValidate of trigger 'is_struggle_type' returned false at file: common/character_interactions/DI_character_interaction.txt line: 1415 (DI_arrange_marriage_interaction:is_shown)
10570,jomini_script_system.cpp:303,Divine Intervention Cheat Menu,,,"Script system error!
  Error: has_struggle_phase_parameter trigger [ Bool phase parameter 'can_trade_piety_for_marriage_acceptance' does not exist ]
  Script location: file: common/character_interactions/DI_character_interaction.txt line: 1416 (DI_arrange_marriage_interaction:is_shown)"
10574,jomini_trigger.cpp:243,Divine Intervention Cheat Menu,,,PostValidate of trigger 'has_struggle_phase_parameter' returned false at file: common/character_interactions/DI_character_interaction.txt line: 1416 (DI_arrange_marriage_interaction:is_shown)
10575,jomini_script_system.cpp:303,Divine Intervention Cheat Menu,,,"Script system error!
  Error: is_struggle_type trigger [ Invalid database object 'persian_struggle' ]
  Script location: file: common/character_interactions/DI_character_interaction.txt line: 1424 (DI_arrange_marriage_interaction:is_valid)"
10579,jomini_trigger.cpp:243,Divine Intervention Cheat Menu,,,PostValidate of trigger 'is_struggle_type' returned false at file: common/character_interactions/DI_character_interaction.txt line: 1424 (DI_arrange_marriage_interaction:is_valid)
10580,jomini_script_system.cpp:303,Divine Intervention Cheat Menu,,,"Script system error!
  Error: is_struggle_type trigger [ Invalid database object 'persian_struggle' ]
  Script location: file: common/character_interactions/DI_character_interaction.txt line: 1430 (DI_arrange_marriage_interaction:is_valid)"
10584,jomini_trigger.cpp:243,Divine Intervention Cheat Menu,,,PostValidate of trigger 'is_struggle_type' returned false at file: common/character_interactions/DI_character_interaction.txt line: 1430 (DI_arrange_marriage_interaction:is_valid)
10585,jomini_script_system.cpp:303,AGOT - Crowns of Westeros,,,"Script system error!
  Error: has_game_rule trigger [ Invalid database object 'agot_shatter_empires' ]
  Script location: file: common/on_action/ntc_artifacts_startdate.txt line: 128 (ntc_artifact_shattered_kingdoms)"
10589,jomini_trigger.cpp:243,AGOT - Crowns of Westeros,,,PostValidate of trigger 'has_game_rule' returned false at file: common/on_action/ntc_artifacts_startdate.txt line: 128 (ntc_artifact_shattered_kingdoms)
10590,jomini_script_system.cpp:303,Divine Intervention Cheat Menu,,,"Script system error!
  Error: is_in_family trigger [ Invalid database object 'rf_abrahamic' ]
  Script location: file: common/scripted_effects/DI_char_spawner_effects.txt line: 1464 (DI_char_spawner_resolve_origin_effect)"
10594,jomini_trigger.cpp:243,Divine Intervention Cheat Menu,,,PostValidate of trigger 'is_in_family' returned false at file: common/scripted_effects/DI_char_spawner_effects.txt line: 1464 (DI_char_spawner_resolve_origin_effect)
10595,jomini_script_system.cpp:303,Divine Intervention Cheat Menu,,,"Script system error!
  Error: is_in_family trigger [ Invalid database object 'rf_abrahamic' ]
  Script location: file: common/scripted_effects/DI_char_spawner_effects.txt line: 1466 (DI_char_spawner_resolve_origin_effect)"
10599,jomini_trigger.cpp:243,Divine Intervention Cheat Menu,,,PostValidate of trigger 'is_in_family' returned false at file: common/scripted_effects/DI_char_spawner_effects.txt line: 1466 (DI_char_spawner_resolve_origin_effect)
10600,jomini_script_system.cpp:303,Divine Intervention Cheat Menu,,,"Script system error!
  Error: is_in_family trigger [ Invalid database object 'rf_eastern' ]
  Script location: file: common/scripted_effects/DI_char_spawner_effects.txt line: 1470 (DI_char_spawner_resolve_origin_effect)"
10604,jomini_trigger.cpp:243,Divine Intervention Cheat Menu,,,PostValidate of trigger 'is_in_family' returned false at file: common/scripted_effects/DI_char_spawner_effects.txt line: 1470 (DI_char_spawner_resolve_origin_effect)
10605,jomini_script_system.cpp:303,Divine Intervention Cheat Menu,,,"Script system error!
  Error: is_in_family trigger [ Invalid database object 'rf_eastern' ]
  Script location: file: common/scripted_effects/DI_char_spawner_effects.txt line: 1472 (DI_char_spawner_resolve_origin_effect)"
10609,jomini_trigger.cpp:243,Divine Intervention Cheat Menu,,,PostValidate of trigger 'is_in_family' returned false at file: common/scripted_effects/DI_char_spawner_effects.txt line: 1472 (DI_char_spawner_resolve_origin_effect)
10610,jomini_script_system.cpp:303,Divine Intervention Cheat Menu,,,"Script system error!
  Error: is_in_family trigger [ Invalid database object 'rf_sinitic' ]
  Script location: file: common/scripted_effects/DI_char_spawner_effects.txt line: 1476 (DI_char_spawner_resolve_origin_effect)"
10614,jomini_trigger.cpp:243,Divine Intervention Cheat Menu,,,PostValidate of trigger 'is_in_family' returned false at file: common/scripted_effects/DI_char_spawner_effects.txt line: 1476 (DI_char_spawner_resolve_origin_effect)
10615,jomini_script_system.cpp:303,Divine Intervention Cheat Menu,,,"Script system error!
  Error: is_in_family trigger [ Invalid database object 'rf_sinitic' ]
  Script location: file: common/scripted_effects/DI_char_spawner_effects.txt line: 1478 (DI_char_spawner_resolve_origin_effect)"
10619,jomini_trigger.cpp:243,Divine Intervention Cheat Menu,,,PostValidate of trigger 'is_in_family' returned false at file: common/scripted_effects/DI_char_spawner_effects.txt line: 1478 (DI_char_spawner_resolve_origin_effect)
10620,jomini_script_system.cpp:303,Divine Intervention Cheat Menu,,,"Script system error!
  Error: is_in_family trigger [ Invalid database object 'rf_pagan' ]
  Script location: file: common/scripted_effects/DI_char_spawner_effects.txt line: 1482 (DI_char_spawner_resolve_origin_effect)"
10624,jomini_trigger.cpp:243,Divine Intervention Cheat Menu,,,PostValidate of trigger 'is_in_family' returned false at file: common/scripted_effects/DI_char_spawner_effects.txt line: 1482 (DI_char_spawner_resolve_origin_effect)
10625,jomini_script_system.cpp:303,Divine Intervention Cheat Menu,,,"Script system error!
  Error: is_in_family trigger [ Invalid database object 'rf_pagan' ]
  Script location: file: common/scripted_effects/DI_char_spawner_effects.txt line: 1484 (DI_char_spawner_resolve_origin_effect)"
10629,jomini_trigger.cpp:243,Divine Intervention Cheat Menu,,,PostValidate of trigger 'is_in_family' returned false at file: common/scripted_effects/DI_char_spawner_effects.txt line: 1484 (DI_char_spawner_resolve_origin_effect)
10630,jomini_script_system.cpp:303,COW-AGOT: 3D Models & Bigger Castles,,,"Script system error!
  Error: has_cultural_parameter trigger [ Bool culture parameter 'can_build_quarries_in_hills' does not exist ]
  Script location: file: common/scripted_triggers/cowagot_building_requirement_triggers.txt line: 12 (building_quarries_requirement_terrain)"
10634,jomini_trigger.cpp:243,COW-AGOT: 3D Models & Bigger Castles,,,PostValidate of trigger 'has_cultural_parameter' returned false at file: common/scripted_triggers/cowagot_building_requirement_triggers.txt line: 12 (building_quarries_requirement_terrain)
10635,jomini_script_system.cpp:303,AGOT Submod Core,,,"Script system error!
  Error: has_game_rule trigger [ Invalid database object 'tgc_enabled_enabled' ]
  Script location: file: common/scripted_triggers/tgc_loaded_trigger.txt line: 11 (tgc_standard_equipment_trigger)"
10639,jomini_trigger.cpp:243,AGOT Submod Core,,,PostValidate of trigger 'has_game_rule' returned false at file: common/scripted_triggers/tgc_loaded_trigger.txt line: 11 (tgc_standard_equipment_trigger)
10640,jomini_script_system.cpp:303,AGOT Submod Core,,,"Script system error!
  Error: has_game_rule trigger [ Invalid database object 'tgc_enabled_enabled' ]
  Script location: file: common/scripted_triggers/tgc_loaded_trigger.txt line: 59 (tgc_captain_equipment_trigger)"
10644,jomini_trigger.cpp:243,AGOT Submod Core,,,PostValidate of trigger 'has_game_rule' returned false at file: common/scripted_triggers/tgc_loaded_trigger.txt line: 59 (tgc_captain_equipment_trigger)
10645,jomini_script_system.cpp:303,AGOT Submod Core,,,"Script system error!
  Error: has_game_rule trigger [ Invalid database object 'tgc_enabled_enabled' ]
  Script location: file: common/scripted_triggers/tgc_loaded_trigger.txt line: 94 (tgc_blackfyre_or_targ_equipment_trigger)"
10649,jomini_trigger.cpp:243,AGOT Submod Core,,,PostValidate of trigger 'has_game_rule' returned false at file: common/scripted_triggers/tgc_loaded_trigger.txt line: 94 (tgc_blackfyre_or_targ_equipment_trigger)
10650,jomini_script_system.cpp:303,AGOT Submod Core,,,"Script system error!
  Error: has_game_rule trigger [ Invalid database object 'tgc_blackfyre_enabled' ]
  Script location: file: common/scripted_triggers/tgc_loaded_trigger.txt line: 104 (tgc_blackfyre_equipment_trigger)"
10654,jomini_trigger.cpp:243,AGOT Submod Core,,,PostValidate of trigger 'has_game_rule' returned false at file: common/scripted_triggers/tgc_loaded_trigger.txt line: 104 (tgc_blackfyre_equipment_trigger)
10655,jomini_script_system.cpp:303,AGOT Submod Core,,,"Script system error!
  Error: has_game_rule trigger [ Invalid database object 'tgc_faegon_enabled' ]
  Script location: file: common/scripted_triggers/tgc_loaded_trigger.txt line: 120 (tgc_blackfyre_equipment_trigger)"
10659,jomini_trigger.cpp:243,AGOT Submod Core,,,PostValidate of trigger 'has_game_rule' returned false at file: common/scripted_triggers/tgc_loaded_trigger.txt line: 120 (tgc_blackfyre_equipment_trigger)
10660,jomini_script_system.cpp:303,AGOT Submod Core,,,"Script system error!
  Error: has_game_rule trigger [ Invalid database object 'tgc_faegon_enabled' ]
  Script location: file: common/scripted_triggers/tgc_loaded_trigger.txt line: 140 (tgc_targaryen_equipment_trigger)"
10664,jomini_trigger.cpp:243,AGOT Submod Core,,,PostValidate of trigger 'has_game_rule' returned false at file: common/scripted_triggers/tgc_loaded_trigger.txt line: 140 (tgc_targaryen_equipment_trigger)
10665,jomini_script_system.cpp:303,AGOT Submod Core,,,"Script system error!
  Error: has_game_rule trigger [ Invalid database object 'tgc_enabled_enabled' ]
  Script location: file: common/scripted_triggers/tgc_loaded_trigger.txt line: 163 (tgc_blackfyre_house_equipment_trigger)"
10669,jomini_trigger.cpp:243,AGOT Submod Core,,,PostValidate of trigger 'has_game_rule' returned false at file: common/scripted_triggers/tgc_loaded_trigger.txt line: 163 (tgc_blackfyre_house_equipment_trigger)
10670,jomini_script_system.cpp:303,AGOT Submod Core,,,"Script system error!
  Error: has_game_rule trigger [ Invalid database object 'tgc_blackfyre_enabled' ]
  Script location: file: common/scripted_triggers/tgc_loaded_trigger.txt line: 164 (tgc_blackfyre_house_equipment_trigger)"
10674,jomini_trigger.cpp:243,AGOT Submod Core,,,PostValidate of trigger 'has_game_rule' returned false at file: common/scripted_triggers/tgc_loaded_trigger.txt line: 164 (tgc_blackfyre_house_equipment_trigger)
10675,jomini_effect.cpp:1161,,,,Flag 'dany' is used but is never set. Setting it in an unused scripted trigger or effect does not count
10676,jomini_effect.cpp:1161,,,,Flag 'unknown_holding' is used but is never set. Setting it in an unused scripted trigger or effect does not count
10677,jomini_effect.cpp:1161,,,,Flag 'viserys' is used but is never set. Setting it in an unused scripted trigger or effect does not count
10678,jomini_effect.cpp:1161,,,,Flag 'highlight_special_buildings_map' is used but is never set. Setting it in an unused scripted trigger or effect does not count
10679,jomini_effect.cpp:1161,,,,Flag 'blackDarkRed' is used but is never set. Setting it in an unused scripted trigger or effect does not count
10680,jomini_effect.cpp:1161,,,,Flag 'faegon' is used but is never set. Setting it in an unused scripted trigger or effect does not count
10681,jomini_effect.cpp:1161,,,,Flag 'ruin_holding' is used but is never set. Setting it in an unused scripted trigger or effect does not count
10682,jomini_effect.cpp:1161,,,,Flag 'roland_crown' is used but is never set. Setting it in an unused scripted trigger or effect does not count
10683,jomini_effect.cpp:1161,,,,Flag 'iceFire' is used but is never set. Setting it in an unused scripted trigger or effect does not count
10684,jomini_effect.cpp:1161,,,,Flag 'pirate_den_holding' is used but is never set. Setting it in an unused scripted trigger or effect does not count
10685,jomini_effect.cpp:1161,,,,Flag 'wilderness_holding' is used but is never set. Setting it in an unused scripted trigger or effect does not count
10686,jomini_effect.cpp:1161,,,,Flag 'settlement_holding' is used but is never set. Setting it in an unused scripted trigger or effect does not count
10687,jomini_effect.cpp:1161,,,,Flag 'monastery_holding' is used but is never set. Setting it in an unused scripted trigger or effect does not count
10688,jomini_effect.cpp:1145,,,,Flag 'all_found' is set but is never used. Note that use in localization doesn't count due to technical limitations. Use in unused scripted triggers and effects also does not count
10689,jomini_effect.cpp:1145,,,,Flag 'highlight_cow_provinces_map' is set but is never used. Note that use in localization doesn't count due to technical limitations. Use in unused scripted triggers and effects also does not count
10690,jomini_effect.cpp:1145,,,,Flag 'DI_subtype_throne' is set but is never used. Note that use in localization doesn't count due to technical limitations. Use in unused scripted triggers and effects also does not count
10691,jomini_effect.cpp:1145,,,,Flag 'global' is set but is never used. Note that use in localization doesn't count due to technical limitations. Use in unused scripted triggers and effects also does not count
10695,jomini_effect.cpp:1161,,is_Durrandon_51,AGOT - Crowns of Westeros,Variable 'is_Durrandon_51' is used but is never set. Setting it in an unused scripted trigger or effect does not count
10696,jomini_effect.cpp:1161,,highlight_cow_provinces_map,COW-AGOT: 3D Models & Bigger Castles,Variable 'highlight_cow_provinces_map' is used but is never set. Setting it in an unused scripted trigger or effect does not count
10700,jomini_effect.cpp:1161,,is_baratheon_6,AGOT - Crowns of Westeros,Variable 'is_baratheon_6' is used but is never set. Setting it in an unused scripted trigger or effect does not count
10701,jomini_effect.cpp:1161,,swordman_armor_artifact,,Variable 'swordman_armor_artifact' is used but is never set. Setting it in an unused scripted trigger or effect does not count
10704,jomini_effect.cpp:1161,,maekars_crown,Legacy Of The Dragon,Variable 'maekars_crown' is used but is never set. Setting it in an unused scripted trigger or effect does not count
10706,jomini_effect.cpp:1161,,brightboar_enabled,AGOT Submod Core,Variable 'brightboar_enabled' is used but is never set. Setting it in an unused scripted trigger or effect does not count
10708,jomini_effect.cpp:1161,,Aotk_enabled,AGOT Submod Core,Variable 'Aotk_enabled' is used but is never set. Setting it in an unused scripted trigger or effect does not count
10710,jomini_effect.cpp:1161,,crown_aegon_baelor_artifact,Legacy Of The Dragon,Variable 'crown_aegon_baelor_artifact' is used but is never set. Setting it in an unused scripted trigger or effect does not count
10716,jomini_effect.cpp:1161,,tgc_enabled,AGOT Submod Core,Variable 'tgc_enabled' is used but is never set. Setting it in an unused scripted trigger or effect does not count
10721,jomini_effect.cpp:1161,,app_enabled,AGOT Submod Core,Variable 'app_enabled' is used but is never set. Setting it in an unused scripted trigger or effect does not count
10726,jomini_effect.cpp:1161,,kingsguard_choice,AGOT Submod Core,Variable 'kingsguard_choice' is used but is never set. Setting it in an unused scripted trigger or effect does not count
10727,jomini_effect.cpp:1161,,seafoam,AGOT Submod Core,Variable 'seafoam' is used but is never set. Setting it in an unused scripted trigger or effect does not count
10730,jomini_effect.cpp:1161,,blackfyre,AGOT Submod Core,Variable 'blackfyre' is used but is never set. Setting it in an unused scripted trigger or effect does not count
10731,jomini_effect.cpp:1161,,captains_sword,AGOT Submod Core,Variable 'captains_sword' is used but is never set. Setting it in an unused scripted trigger or effect does not count
10732,jomini_effect.cpp:1161,,darksister,AGOT Submod Core,Variable 'darksister' is used but is never set. Setting it in an unused scripted trigger or effect does not count
10736,jomini_effect.cpp:1145,,pincer_artifact,Legacy Of The Dragon,Variable 'pincer_artifact' is set but is never used. Note that use in localization doesn't count due to technical limitations. Use in unused scripted triggers and effects also does not count
10737,jomini_effect.cpp:1145,,seafoam_artifact,Legacy Of The Dragon,Variable 'seafoam_artifact' is set but is never used. Note that use in localization doesn't count due to technical limitations. Use in unused scripted triggers and effects also does not count
10743,jomini_effect.cpp:1145,,DI_artifact_subtype_display,Divine Intervention Cheat Menu,Variable 'DI_artifact_subtype_display' is set but is never used. Note that use in localization doesn't count due to technical limitations. Use in unused scripted triggers and effects also does not count
10747,jomini_effect.cpp:1145,,COWAGOT_is_loaded,COW-AGOT: 3D Models & Bigger Castles,Variable 'COWAGOT_is_loaded' is set but is never used. Note that use in localization doesn't count due to technical limitations. Use in unused scripted triggers and effects also does not count
10753,jomini_effect.cpp:1145,,DI_artifact_quality_display,Divine Intervention Cheat Menu,Variable 'DI_artifact_quality_display' is set but is never used. Note that use in localization doesn't count due to technical limitations. Use in unused scripted triggers and effects also does not count
10758,jomini_effect.cpp:1145,,DI_artifact_category_display,Divine Intervention Cheat Menu,Variable 'DI_artifact_category_display' is set but is never used. Note that use in localization doesn't count due to technical limitations. Use in unused scripted triggers and effects also does not count
10763,jomini_effect.cpp:1145,,blackfyre_artifact,Legacy Of The Dragon,Variable 'blackfyre_artifact' is set but is never used. Note that use in localization doesn't count due to technical limitations. Use in unused scripted triggers and effects also does not count
10779,static_modifier.cpp:200,,lucerys_gun_modifier,A Game of Thrones,"Modifier 'lucerys_gun_modifier' was not used by the script or code but exists in the database, this is a waste"
10780,static_modifier.cpp:200,,artifact_monthly_piety_negative_1_modifier,Valyrian Steel,"Modifier 'artifact_monthly_piety_negative_1_modifier' was not used by the script or code but exists in the database, this is a waste"
10781,static_modifier.cpp:200,,artifact_monthly_martial_lifestyle_xp_1_negative_modifier,Valyrian Steel,"Modifier 'artifact_monthly_martial_lifestyle_xp_1_negative_modifier' was not used by the script or code but exists in the database, this is a waste"
10785,portraitanimations.cpp:110,,valyrian_invasion_vs_spear_1_1,Valyrian Steel,"Unknown animation state 'throneRoom_twoHandedPassiveFat1_entry' scripted for portrait animation 'valyrian_invasion_vs_spear_1_1' in modifier 'throneRoom_two_handed_passive_1_fat' (part 'torso', type 'male')"
10786,portraitanimations.cpp:110,,valyrian_invasion_vs_spear_1_1,Valyrian Steel,"Unknown animation state 'throneRoom_twoHandedPassiveFat1_entry' scripted for portrait animation 'valyrian_invasion_vs_spear_1_1' in modifier 'throneRoom_two_handed_passive_1_dwarf' (part 'torso', type 'male')"
10787,portraitanimations.cpp:110,,valyrian_invasion_vs_spear_1_1,Valyrian Steel,"Unknown animation state 'throneRoom_twoHandedPassiveFatDwarf1_entry' scripted for portrait animation 'valyrian_invasion_vs_spear_1_1' in modifier 'throneRoom_two_handed_passive_1_fat_dwarf' (part 'torso', type 'male')"
10788,portraitanimations.cpp:110,,valyrian_invasion_vs_spear_1_1,Valyrian Steel,"Unknown animation state 'throneRoom_twoHandedPassiveFatDwarf1_entry' scripted for portrait animation 'valyrian_invasion_vs_spear_1_1' in modifier 'throneRoom_two_handed_passive_1_pregnant' (part 'torso', type 'male')"
10789,portraitanimations.cpp:110,,valyrian_invasion_vs_spear_1_1,Valyrian Steel,"Unknown animation state 'throneRoom_twoHandedPassiveFatDwarf1_entry' scripted for portrait animation 'valyrian_invasion_vs_spear_1_1' in modifier 'throneRoom_two_handed_passive_1_pregnant_dwarf' (part 'torso', type 'male')"
10790,portraitanimations.cpp:110,,valyrian_invasion_vs_spear_1_1,Valyrian Steel,"Unknown animation state 'throneRoom_twoHandedPassiveFatDwarf1_entry' scripted for portrait animation 'valyrian_invasion_vs_spear_1_1' in modifier 'throneRoom_two_handed_passive_1_pregnant_fat_dwarf' (part 'torso', type 'male')"
10791,portraitanimations.cpp:110,,valyrian_invasion_vs_spear_1_1,Valyrian Steel,"Unknown animation state 'throneRoom_twoHandedPassiveFat1_entry' scripted for portrait animation 'valyrian_invasion_vs_spear_1_1' in modifier 'throneRoom_two_handed_passive_1_fat' (part 'torso', type 'female')"
10792,portraitanimations.cpp:110,,valyrian_invasion_vs_spear_1_1,Valyrian Steel,"Unknown animation state 'throneRoom_twoHandedPassiveFat1_entry' scripted for portrait animation 'valyrian_invasion_vs_spear_1_1' in modifier 'throneRoom_two_handed_passive_1_dwarf' (part 'torso', type 'female')"
10793,portraitanimations.cpp:110,,valyrian_invasion_vs_spear_1_1,Valyrian Steel,"Unknown animation state 'throneRoom_twoHandedPassiveFatDwarf1_entry' scripted for portrait animation 'valyrian_invasion_vs_spear_1_1' in modifier 'throneRoom_two_handed_passive_1_fat_dwarf' (part 'torso', type 'female')"
10794,portraitanimations.cpp:110,,valyrian_invasion_vs_spear_1_1,Valyrian Steel,"Unknown animation state 'throneRoom_twoHandedPassiveFatDwarf1_entry' scripted for portrait animation 'valyrian_invasion_vs_spear_1_1' in modifier 'throneRoom_two_handed_passive_1_pregnant' (part 'torso', type 'female')"
10795,portraitanimations.cpp:110,,valyrian_invasion_vs_spear_1_1,Valyrian Steel,"Unknown animation state 'throneRoom_twoHandedPassiveFatDwarf1_entry' scripted for portrait animation 'valyrian_invasion_vs_spear_1_1' in modifier 'throneRoom_two_handed_passive_1_pregnant_dwarf' (part 'torso', type 'female')"
10796,portraitanimations.cpp:110,,valyrian_invasion_vs_spear_1_1,Valyrian Steel,"Unknown animation state 'throneRoom_twoHandedPassiveFatDwarf1_entry' scripted for portrait animation 'valyrian_invasion_vs_spear_1_1' in modifier 'throneRoom_two_handed_passive_1_pregnant_fat_dwarf' (part 'torso', type 'female')"
10797,portraitanimations.cpp:110,,valyrian_invasion_vs_spear_1_1,Valyrian Steel,"Unknown animation state 'throneRoom_twoHandedPassiveFat1_entry' scripted for portrait animation 'valyrian_invasion_vs_spear_1_1' in modifier 'throneRoom_two_handed_passive_1_fat' (part 'torso', type 'boy')"
10798,portraitanimations.cpp:110,,valyrian_invasion_vs_spear_1_1,Valyrian Steel,"Unknown animation state 'throneRoom_twoHandedPassiveFat1_entry' scripted for portrait animation 'valyrian_invasion_vs_spear_1_1' in modifier 'throneRoom_two_handed_passive_1_dwarf' (part 'torso', type 'boy')"
10799,portraitanimations.cpp:110,,valyrian_invasion_vs_spear_1_1,Valyrian Steel,"Unknown animation state 'throneRoom_twoHandedPassiveFatDwarf1_entry' scripted for portrait animation 'valyrian_invasion_vs_spear_1_1' in modifier 'throneRoom_two_handed_passive_1_fat_dwarf' (part 'torso', type 'boy')"
10800,portraitanimations.cpp:110,,valyrian_invasion_vs_spear_1_1,Valyrian Steel,"Unknown animation state 'throneRoom_twoHandedPassiveFatDwarf1_entry' scripted for portrait animation 'valyrian_invasion_vs_spear_1_1' in modifier 'throneRoom_two_handed_passive_1_pregnant' (part 'torso', type 'boy')"
10801,portraitanimations.cpp:110,,valyrian_invasion_vs_spear_1_1,Valyrian Steel,"Unknown animation state 'throneRoom_twoHandedPassiveFatDwarf1_entry' scripted for portrait animation 'valyrian_invasion_vs_spear_1_1' in modifier 'throneRoom_two_handed_passive_1_pregnant_dwarf' (part 'torso', type 'boy')"
10802,portraitanimations.cpp:110,,valyrian_invasion_vs_spear_1_1,Valyrian Steel,"Unknown animation state 'throneRoom_twoHandedPassiveFatDwarf1_entry' scripted for portrait animation 'valyrian_invasion_vs_spear_1_1' in modifier 'throneRoom_two_handed_passive_1_pregnant_fat_dwarf' (part 'torso', type 'boy')"
10803,portraitanimations.cpp:110,,valyrian_invasion_vs_spear_1_1,Valyrian Steel,"Unknown animation state 'throneRoom_twoHandedPassiveFat1_entry' scripted for portrait animation 'valyrian_invasion_vs_spear_1_1' in modifier 'throneRoom_two_handed_passive_1_fat' (part 'torso', type 'girl')"
10804,portraitanimations.cpp:110,,valyrian_invasion_vs_spear_1_1,Valyrian Steel,"Unknown animation state 'throneRoom_twoHandedPassiveFat1_entry' scripted for portrait animation 'valyrian_invasion_vs_spear_1_1' in modifier 'throneRoom_two_handed_passive_1_dwarf' (part 'torso', type 'girl')"
10805,portraitanimations.cpp:110,,valyrian_invasion_vs_spear_1_1,Valyrian Steel,"Unknown animation state 'throneRoom_twoHandedPassiveFatDwarf1_entry' scripted for portrait animation 'valyrian_invasion_vs_spear_1_1' in modifier 'throneRoom_two_handed_passive_1_fat_dwarf' (part 'torso', type 'girl')"
10806,portraitanimations.cpp:110,,valyrian_invasion_vs_spear_1_1,Valyrian Steel,"Unknown animation state 'throneRoom_twoHandedPassiveFatDwarf1_entry' scripted for portrait animation 'valyrian_invasion_vs_spear_1_1' in modifier 'throneRoom_two_handed_passive_1_pregnant' (part 'torso', type 'girl')"
10807,portraitanimations.cpp:110,,valyrian_invasion_vs_spear_1_1,Valyrian Steel,"Unknown animation state 'throneRoom_twoHandedPassiveFatDwarf1_entry' scripted for portrait animation 'valyrian_invasion_vs_spear_1_1' in modifier 'throneRoom_two_handed_passive_1_pregnant_dwarf' (part 'torso', type 'girl')"
10808,portraitanimations.cpp:110,,valyrian_invasion_vs_spear_1_1,Valyrian Steel,"Unknown animation state 'throneRoom_twoHandedPassiveFatDwarf1_entry' scripted for portrait animation 'valyrian_invasion_vs_spear_1_1' in modifier 'throneRoom_two_handed_passive_1_pregnant_fat_dwarf' (part 'torso', type 'girl')"
10809,portraitanimations.cpp:110,,valyrian_invasion_vs_halberd_1,Valyrian Steel,"Unknown animation state 'throneRoom_twoHandedPassiveFat1_entry' scripted for portrait animation 'valyrian_invasion_vs_halberd_1' in modifier 'throneRoom_two_handed_passive_1_fat' (part 'torso', type 'male')"
10810,portraitanimations.cpp:110,,valyrian_invasion_vs_halberd_1,Valyrian Steel,"Unknown animation state 'throneRoom_twoHandedPassiveFat1_entry' scripted for portrait animation 'valyrian_invasion_vs_halberd_1' in modifier 'throneRoom_two_handed_passive_1_dwarf' (part 'torso', type 'male')"
10811,portraitanimations.cpp:110,,valyrian_invasion_vs_halberd_1,Valyrian Steel,"Unknown animation state 'throneRoom_twoHandedPassiveFatDwarf1_entry' scripted for portrait animation 'valyrian_invasion_vs_halberd_1' in modifier 'throneRoom_two_handed_passive_1_fat_dwarf' (part 'torso', type 'male')"
10812,portraitanimations.cpp:110,,valyrian_invasion_vs_halberd_1,Valyrian Steel,"Unknown animation state 'throneRoom_twoHandedPassiveFatDwarf1_entry' scripted for portrait animation 'valyrian_invasion_vs_halberd_1' in modifier 'throneRoom_two_handed_passive_1_pregnant' (part 'torso', type 'male')"
10813,portraitanimations.cpp:110,,valyrian_invasion_vs_halberd_1,Valyrian Steel,"Unknown animation state 'throneRoom_twoHandedPassiveFatDwarf1_entry' scripted for portrait animation 'valyrian_invasion_vs_halberd_1' in modifier 'throneRoom_two_handed_passive_1_pregnant_dwarf' (part 'torso', type 'male')"
10814,portraitanimations.cpp:110,,valyrian_invasion_vs_halberd_1,Valyrian Steel,"Unknown animation state 'throneRoom_twoHandedPassiveFatDwarf1_entry' scripted for portrait animation 'valyrian_invasion_vs_halberd_1' in modifier 'throneRoom_two_handed_passive_1_pregnant_fat_dwarf' (part 'torso', type 'male')"
10815,portraitanimations.cpp:110,,valyrian_invasion_vs_halberd_1,Valyrian Steel,"Unknown animation state 'throneRoom_twoHandedPassiveFat1_entry' scripted for portrait animation 'valyrian_invasion_vs_halberd_1' in modifier 'throneRoom_two_handed_passive_1_fat' (part 'torso', type 'female')"
10816,portraitanimations.cpp:110,,valyrian_invasion_vs_halberd_1,Valyrian Steel,"Unknown animation state 'throneRoom_twoHandedPassiveFat1_entry' scripted for portrait animation 'valyrian_invasion_vs_halberd_1' in modifier 'throneRoom_two_handed_passive_1_dwarf' (part 'torso', type 'female')"
10817,portraitanimations.cpp:110,,valyrian_invasion_vs_halberd_1,Valyrian Steel,"Unknown animation state 'throneRoom_twoHandedPassiveFatDwarf1_entry' scripted for portrait animation 'valyrian_invasion_vs_halberd_1' in modifier 'throneRoom_two_handed_passive_1_fat_dwarf' (part 'torso', type 'female')"
10818,portraitanimations.cpp:110,,valyrian_invasion_vs_halberd_1,Valyrian Steel,"Unknown animation state 'throneRoom_twoHandedPassiveFatDwarf1_entry' scripted for portrait animation 'valyrian_invasion_vs_halberd_1' in modifier 'throneRoom_two_handed_passive_1_pregnant' (part 'torso', type 'female')"
10819,portraitanimations.cpp:110,,valyrian_invasion_vs_halberd_1,Valyrian Steel,"Unknown animation state 'throneRoom_twoHandedPassiveFatDwarf1_entry' scripted for portrait animation 'valyrian_invasion_vs_halberd_1' in modifier 'throneRoom_two_handed_passive_1_pregnant_dwarf' (part 'torso', type 'female')"
10820,portraitanimations.cpp:110,,valyrian_invasion_vs_halberd_1,Valyrian Steel,"Unknown animation state 'throneRoom_twoHandedPassiveFatDwarf1_entry' scripted for portrait animation 'valyrian_invasion_vs_halberd_1' in modifier 'throneRoom_two_handed_passive_1_pregnant_fat_dwarf' (part 'torso', type 'female')"
10821,portraitanimations.cpp:110,,valyrian_invasion_vs_halberd_1,Valyrian Steel,"Unknown animation state 'throneRoom_twoHandedPassiveFat1_entry' scripted for portrait animation 'valyrian_invasion_vs_halberd_1' in modifier 'throneRoom_two_handed_passive_1_fat' (part 'torso', type 'boy')"
10822,portraitanimations.cpp:110,,valyrian_invasion_vs_halberd_1,Valyrian Steel,"Unknown animation state 'throneRoom_twoHandedPassiveFat1_entry' scripted for portrait animation 'valyrian_invasion_vs_halberd_1' in modifier 'throneRoom_two_handed_passive_1_dwarf' (part 'torso', type 'boy')"
10823,portraitanimations.cpp:110,,valyrian_invasion_vs_halberd_1,Valyrian Steel,"Unknown animation state 'throneRoom_twoHandedPassiveFatDwarf1_entry' scripted for portrait animation 'valyrian_invasion_vs_halberd_1' in modifier 'throneRoom_two_handed_passive_1_fat_dwarf' (part 'torso', type 'boy')"
10824,portraitanimations.cpp:110,,valyrian_invasion_vs_halberd_1,Valyrian Steel,"Unknown animation state 'throneRoom_twoHandedPassiveFatDwarf1_entry' scripted for portrait animation 'valyrian_invasion_vs_halberd_1' in modifier 'throneRoom_two_handed_passive_1_pregnant' (part 'torso', type 'boy')"
10825,portraitanimations.cpp:110,,valyrian_invasion_vs_halberd_1,Valyrian Steel,"Unknown animation state 'throneRoom_twoHandedPassiveFatDwarf1_entry' scripted for portrait animation 'valyrian_invasion_vs_halberd_1' in modifier 'throneRoom_two_handed_passive_1_pregnant_dwarf' (part 'torso', type 'boy')"
10826,portraitanimations.cpp:110,,valyrian_invasion_vs_halberd_1,Valyrian Steel,"Unknown animation state 'throneRoom_twoHandedPassiveFatDwarf1_entry' scripted for portrait animation 'valyrian_invasion_vs_halberd_1' in modifier 'throneRoom_two_handed_passive_1_pregnant_fat_dwarf' (part 'torso', type 'boy')"
10827,portraitanimations.cpp:110,,valyrian_invasion_vs_halberd_1,Valyrian Steel,"Unknown animation state 'throneRoom_twoHandedPassiveFat1_entry' scripted for portrait animation 'valyrian_invasion_vs_halberd_1' in modifier 'throneRoom_two_handed_passive_1_fat' (part 'torso', type 'girl')"
10828,portraitanimations.cpp:110,,valyrian_invasion_vs_halberd_1,Valyrian Steel,"Unknown animation state 'throneRoom_twoHandedPassiveFat1_entry' scripted for portrait animation 'valyrian_invasion_vs_halberd_1' in modifier 'throneRoom_two_handed_passive_1_dwarf' (part 'torso', type 'girl')"
10829,portraitanimations.cpp:110,,valyrian_invasion_vs_halberd_1,Valyrian Steel,"Unknown animation state 'throneRoom_twoHandedPassiveFatDwarf1_entry' scripted for portrait animation 'valyrian_invasion_vs_halberd_1' in modifier 'throneRoom_two_handed_passive_1_fat_dwarf' (part 'torso', type 'girl')"
10830,portraitanimations.cpp:110,,valyrian_invasion_vs_halberd_1,Valyrian Steel,"Unknown animation state 'throneRoom_twoHandedPassiveFatDwarf1_entry' scripted for portrait animation 'valyrian_invasion_vs_halberd_1' in modifier 'throneRoom_two_handed_passive_1_pregnant' (part 'torso', type 'girl')"
10831,portraitanimations.cpp:110,,valyrian_invasion_vs_halberd_1,Valyrian Steel,"Unknown animation state 'throneRoom_twoHandedPassiveFatDwarf1_entry' scripted for portrait animation 'valyrian_invasion_vs_halberd_1' in modifier 'throneRoom_two_handed_passive_1_pregnant_dwarf' (part 'torso', type 'girl')"
10832,portraitanimations.cpp:110,,valyrian_invasion_vs_halberd_1,Valyrian Steel,"Unknown animation state 'throneRoom_twoHandedPassiveFatDwarf1_entry' scripted for portrait animation 'valyrian_invasion_vs_halberd_1' in modifier 'throneRoom_two_handed_passive_1_pregnant_fat_dwarf' (part 'torso', type 'girl')"
10833,game_icons.cpp:746,Unresolved file,agot_ten_towers_01,A Game of Thrones | COW-AGOT: 3D Models & Bigger Castles | Divine Intervention AGOT Cheat Menu,"file gfx/interface/icons/building_types/icon_building_ten_towers.dds doesn't exist, referenced from building 'agot_ten_towers_01'"
10834,game_icons.cpp:746,Unresolved file,oldstones_old_final,COW-AGOT: 3D Models & Bigger Castles,"file gfx/interface/icons/building_types/icon_riverrun.dds doesn't exist, referenced from building 'oldstones_old_final'"
10835,game_icons.cpp:746,Unresolved file,oldstones_old_new,COW-AGOT: 3D Models & Bigger Castles,"file gfx/interface/icons/building_types/icon_riverrun.dds doesn't exist, referenced from building 'oldstones_old_new'"
10836,game_icons.cpp:746,Unresolved file,oldstones_restored_final,COW-AGOT: 3D Models & Bigger Castles,"file gfx/interface/icons/building_types/icon_riverrun.dds doesn't exist, referenced from building 'oldstones_restored_final'"
10837,jomini_eventmanager.cpp:372,,buy_valyrian_mask.0001,Legacy Of The Dragon,Event buy_valyrian_mask.0001 is orphaned
10840,pdx_assert.cpp:619,,,,Assertion failed: Achievements not loaded correctly
10841,databases.h:36,,rf_valyrian,,Key rf_valyrian not found at Database: common/religion/religion_family_types
10842,databases.h:36,,tgp_minister_recruit_courtiers_decision,,Key tgp_minister_recruit_courtiers_decision not found at Database: common/decisions
10843,jomini_effect.cpp:1161,,,,Flag 'dany' is used but is never set. Setting it in an unused scripted trigger or effect does not count
10844,jomini_effect.cpp:1161,,,,Flag 'unknown_holding' is used but is never set. Setting it in an unused scripted trigger or effect does not count
10845,jomini_effect.cpp:1161,,,,Flag 'viserys' is used but is never set. Setting it in an unused scripted trigger or effect does not count
10846,jomini_effect.cpp:1161,,,,Flag 'highlight_special_buildings_map' is used but is never set. Setting it in an unused scripted trigger or effect does not count
10847,jomini_effect.cpp:1161,,,,Flag 'blackDarkRed' is used but is never set. Setting it in an unused scripted trigger or effect does not count
10848,jomini_effect.cpp:1161,,,,Flag 'faegon' is used but is never set. Setting it in an unused scripted trigger or effect does not count
10849,jomini_effect.cpp:1161,,,,Flag 'ruin_holding' is used but is never set. Setting it in an unused scripted trigger or effect does not count
10850,jomini_effect.cpp:1161,,,,Flag 'roland_crown' is used but is never set. Setting it in an unused scripted trigger or effect does not count
10851,jomini_effect.cpp:1161,,,,Flag 'iceFire' is used but is never set. Setting it in an unused scripted trigger or effect does not count
10852,jomini_effect.cpp:1161,,,,Flag 'pirate_den_holding' is used but is never set. Setting it in an unused scripted trigger or effect does not count
10853,jomini_effect.cpp:1161,,,,Flag 'wilderness_holding' is used but is never set. Setting it in an unused scripted trigger or effect does not count
10854,jomini_effect.cpp:1161,,,,Flag 'settlement_holding' is used but is never set. Setting it in an unused scripted trigger or effect does not count
10855,jomini_effect.cpp:1161,,,,Flag 'monastery_holding' is used but is never set. Setting it in an unused scripted trigger or effect does not count
10856,jomini_effect.cpp:1145,,,,Flag 'all_found' is set but is never used. Note that use in localization doesn't count due to technical limitations. Use in unused scripted triggers and effects also does not count
10857,jomini_effect.cpp:1145,,,,Flag 'highlight_cow_provinces_map' is set but is never used. Note that use in localization doesn't count due to technical limitations. Use in unused scripted triggers and effects also does not count
10858,jomini_effect.cpp:1145,,,,Flag 'DI_subtype_throne' is set but is never used. Note that use in localization doesn't count due to technical limitations. Use in unused scripted triggers and effects also does not count
10859,jomini_effect.cpp:1145,,,,Flag 'global' is set but is never used. Note that use in localization doesn't count due to technical limitations. Use in unused scripted triggers and effects also does not count
10863,jomini_effect.cpp:1161,,is_Durrandon_51,AGOT - Crowns of Westeros,Variable 'is_Durrandon_51' is used but is never set. Setting it in an unused scripted trigger or effect does not count
10864,jomini_effect.cpp:1161,,highlight_cow_provinces_map,COW-AGOT: 3D Models & Bigger Castles,Variable 'highlight_cow_provinces_map' is used but is never set. Setting it in an unused scripted trigger or effect does not count
10868,jomini_effect.cpp:1161,,is_baratheon_6,AGOT - Crowns of Westeros,Variable 'is_baratheon_6' is used but is never set. Setting it in an unused scripted trigger or effect does not count
10869,jomini_effect.cpp:1161,,swordman_armor_artifact,,Variable 'swordman_armor_artifact' is used but is never set. Setting it in an unused scripted trigger or effect does not count
10872,jomini_effect.cpp:1161,,maekars_crown,Legacy Of The Dragon,Variable 'maekars_crown' is used but is never set. Setting it in an unused scripted trigger or effect does not count
10874,jomini_effect.cpp:1161,,brightboar_enabled,AGOT Submod Core,Variable 'brightboar_enabled' is used but is never set. Setting it in an unused scripted trigger or effect does not count
10876,jomini_effect.cpp:1161,,Aotk_enabled,AGOT Submod Core,Variable 'Aotk_enabled' is used but is never set. Setting it in an unused scripted trigger or effect does not count
10878,jomini_effect.cpp:1161,,crown_aegon_baelor_artifact,Legacy Of The Dragon,Variable 'crown_aegon_baelor_artifact' is used but is never set. Setting it in an unused scripted trigger or effect does not count
10884,jomini_effect.cpp:1161,,tgc_enabled,AGOT Submod Core,Variable 'tgc_enabled' is used but is never set. Setting it in an unused scripted trigger or effect does not count
10889,jomini_effect.cpp:1161,,app_enabled,AGOT Submod Core,Variable 'app_enabled' is used but is never set. Setting it in an unused scripted trigger or effect does not count
10894,jomini_effect.cpp:1161,,kingsguard_choice,AGOT Submod Core,Variable 'kingsguard_choice' is used but is never set. Setting it in an unused scripted trigger or effect does not count
10895,jomini_effect.cpp:1161,,seafoam,AGOT Submod Core,Variable 'seafoam' is used but is never set. Setting it in an unused scripted trigger or effect does not count
10898,jomini_effect.cpp:1161,,blackfyre,AGOT Submod Core,Variable 'blackfyre' is used but is never set. Setting it in an unused scripted trigger or effect does not count
10899,jomini_effect.cpp:1161,,captains_sword,AGOT Submod Core,Variable 'captains_sword' is used but is never set. Setting it in an unused scripted trigger or effect does not count
10900,jomini_effect.cpp:1161,,darksister,AGOT Submod Core,Variable 'darksister' is used but is never set. Setting it in an unused scripted trigger or effect does not count
10904,jomini_effect.cpp:1145,,pincer_artifact,Legacy Of The Dragon,Variable 'pincer_artifact' is set but is never used. Note that use in localization doesn't count due to technical limitations. Use in unused scripted triggers and effects also does not count
10905,jomini_effect.cpp:1145,,seafoam_artifact,Legacy Of The Dragon,Variable 'seafoam_artifact' is set but is never used. Note that use in localization doesn't count due to technical limitations. Use in unused scripted triggers and effects also does not count
10911,jomini_effect.cpp:1145,,DI_artifact_subtype_display,Divine Intervention Cheat Menu,Variable 'DI_artifact_subtype_display' is set but is never used. Note that use in localization doesn't count due to technical limitations. Use in unused scripted triggers and effects also does not count
10915,jomini_effect.cpp:1145,,COWAGOT_is_loaded,COW-AGOT: 3D Models & Bigger Castles,Variable 'COWAGOT_is_loaded' is set but is never used. Note that use in localization doesn't count due to technical limitations. Use in unused scripted triggers and effects also does not count
10921,jomini_effect.cpp:1145,,DI_artifact_quality_display,Divine Intervention Cheat Menu,Variable 'DI_artifact_quality_display' is set but is never used. Note that use in localization doesn't count due to technical limitations. Use in unused scripted triggers and effects also does not count
10926,jomini_effect.cpp:1145,,DI_artifact_category_display,Divine Intervention Cheat Menu,Variable 'DI_artifact_category_display' is set but is never used. Note that use in localization doesn't count due to technical limitations. Use in unused scripted triggers and effects also does not count
10931,jomini_effect.cpp:1145,,blackfyre_artifact,Legacy Of The Dragon,Variable 'blackfyre_artifact' is set but is never used. Note that use in localization doesn't count due to technical limitations. Use in unused scripted triggers and effects also does not count
10947,history.cpp:644,,Gardener_75,AGOT - Crowns of Westeros,Referencing non-existent character in script link character:Gardener_75
10948,history.cpp:644,,Gardener_75,AGOT - Crowns of Westeros,Referencing non-existent character in script link character:Gardener_75
