"Count","Category","Owner","FirstLogLine","Component","Message"
"10","Graphics / portrait source error","AGOT+","1385","pdxassetutil.cpp:556","UV-Set: 2 in mesh 'asoiaf_storms_end_wallsShape' in file 'gfx/models/court/rooms/asoiaf_storms_end/asoiaf_court_storms_end.mesh' has no valid triangle to use when calculating texture streaming factor. Texture streaming needs a triangle with an area."
"7","Other error","Unresolved file","1256","virtualfilesystem.cpp:456","Could not find texture due to 'VFSOpen Error: gfx/models/buildings/special/castamere/building_backup_atlas_normal.dds not found'"
"7","Graphics / portrait source error","","1253","pdxassetutil.cpp:1053","Failed to find texture 'building_backup_atlas_properties.dds'"
"7","Graphics / portrait source error","AGOT+","1370","pdxassetutil.cpp:556","UV-Set: 2 in mesh 'asoiaf_storms_end_chapletsShape' in file 'gfx/models/court/rooms/asoiaf_storms_end/asoiaf_court_storms_end.mesh' has no valid triangle to use when calculating texture streaming factor. Texture streaming needs a triangle with an area."
"7","Graphics / portrait source error","","1255","pdxassetutil.cpp:1053","Failed to find texture 'building_backup_atlas_normal.dds'"
"7","Other error","Unresolved file","1254","virtualfilesystem.cpp:456","Could not find texture due to 'VFSOpen Error: gfx/models/buildings/special/castamere/building_backup_atlas_properties.dds not found'"
"6","Localization / dynamic text error","","1460","pdx_locstring.cpp:93","Key is missing localization: test_crush_desc"
"4","History / title / faith reference error","","2242","history.cpp:644","Referencing non-existent character in script link character:Targaryen_61_1"
"4","Graphics / portrait source error","AGOT+","1395","pdxassetutil.cpp:556","UV-Set: 2 in mesh 'asoiaf_storms_end_decorationsShape' in file 'gfx/models/court/rooms/asoiaf_storms_end/asoiaf_court_storms_end.mesh' has no valid triangle to use when calculating texture streaming factor. Texture streaming needs a triangle with an area."
"4","History / title / faith reference error","","2233","history.cpp:644","Referencing non-existent character in script link character:Dormund_1"
"3","Script / database error","","1636","jomini_eventmanager.cpp:119","'agot_cities.5000' does not have a valid namespace"
"2","Script / database error","","2129","jomini_effect.cpp:1145","Variable 'blackfyre_artifact' is set but is never used. Note that use in localization doesn't count due to technical limitations. Use in unused scripted triggers and effects also does not count"
"2","Graphics / portrait source error","AGOT+","1288","pdxassetutil.cpp:2002","Asset ""gfx/models/portraits/m_clothes/asoiaf/asoiaf_iron_isles/asoiaf_ironborn_armour_dynast_coa/asoiaf_ironborn_armour_dynast_coa.mesh"" has more than 3 UV channels. This is not supported and will be ignored."
"2","Script / database error","","2130","jomini_effect.cpp:1145","Variable 'pincer_artifact' is set but is never used. Note that use in localization doesn't count due to technical limitations. Use in unused scripted triggers and effects also does not count"
"2","Graphics / portrait source error","","1469","portraitaccessories.cpp:159","accessory group [headgear:tgc_helmets] has an invalid accessory ""male_headgear_tgc_helm_blackfyreAlt_01"""
"2","Graphics / portrait source error","","1468","portraitaccessories.cpp:159","accessory group [headgear:tgc_helmets] has an invalid accessory ""male_headgear_tgc_helm_blackfyre_01"""
"2","Script / database error","","2128","jomini_effect.cpp:1145","Variable 'DI_artifact_quality_display' is set but is never used. Note that use in localization doesn't count due to technical limitations. Use in unused scripted triggers and effects also does not count"
"2","Script / database error","","2124","jomini_effect.cpp:1145","Variable 'DI_artifact_subtype_display' is set but is never used. Note that use in localization doesn't count due to technical limitations. Use in unused scripted triggers and effects also does not count"
"2","Script / database error","","2123","jomini_effect.cpp:1161","Variable 'is_Durrandon_51' is used but is never set. Setting it in an unused scripted trigger or effect does not count"
"2","Script / database error","","2122","jomini_effect.cpp:1161","Variable 'crown_aegon_baelor_artifact' is used but is never set. Setting it in an unused scripted trigger or effect does not count"
"2","Script / database error","","2127","jomini_effect.cpp:1145","Variable 'seafoam_artifact' is set but is never used. Note that use in localization doesn't count due to technical limitations. Use in unused scripted triggers and effects also does not count"
"2","Script / database error","","2126","jomini_effect.cpp:1145","Variable 'COWAGOT_is_loaded' is set but is never used. Note that use in localization doesn't count due to technical limitations. Use in unused scripted triggers and effects also does not count"
"2","Script / database error","","2125","jomini_effect.cpp:1145","Variable 'DI_artifact_category_display' is set but is never used. Note that use in localization doesn't count due to technical limitations. Use in unused scripted triggers and effects also does not count"
"2","Graphics / portrait source error","","1487","portraitaccessories.cpp:159","accessory group [clothes:brightboar_swordsman_armour] has an invalid accessory ""female_clothes_secular_brightboar_swordsman"""
"2","Graphics / portrait source error","","1486","portraitaccessories.cpp:159","accessory group [clothes:brightboar_swordsman_armour] has an invalid accessory ""male_clothes_secular_brightboar_swordsman"""
"2","Graphics / portrait source error","","1482","portraitaccessories.cpp:159","accessory group [legwear:tgc_pants_blackfyre] has an invalid accessory ""male_legwear_twoSwordsPants_blackfyreAlt_01"""
"2","Script / database error","","2118","jomini_effect.cpp:1161","Variable 'brightboar_enabled' is used but is never set. Setting it in an unused scripted trigger or effect does not count"
"2","Graphics / portrait source error","COW-AGOT: 3D Models & Bigger Castles","1346","pdxassetutil.cpp:556","UV-Set: 1 in mesh 'crag_upper' in file 'gfx/models/buildings/special/crag/crag_level_1.mesh' has no valid triangle to use when calculating texture streaming factor. Texture streaming needs a triangle with an area."
"2","Graphics / portrait source error","","1490","portraitaccessories.cpp:159","accessory group [clothes:golden_company_armor_blackfyre] has an invalid accessory ""male_clothes_captainsArmor_blackfyreAlt_01"""
"2","Graphics / portrait source error","","1481","portraitaccessories.cpp:159","accessory group [legwear:tgc_pants_blackfyre] has an invalid accessory ""male_legwear_standardPants_blackfyreAlt_01"""
"2","Graphics / portrait source error","","1471","portraitaccessories.cpp:159","accessory group [headgear:tgc_helmets] has an invalid accessory ""male_headgear_tgc_helm_blackfyreAlt_02"""
"2","Graphics / portrait source error","","1470","portraitaccessories.cpp:159","accessory group [headgear:tgc_helmets] has an invalid accessory ""male_headgear_tgc_helm_blackfyre_02"""
"2","Graphics / portrait source error","COW-AGOT: 3D Models & Bigger Castles","1280","pdxassetutil.cpp:556","UV-Set: 1 in mesh 'crag_upper' in file 'gfx/models/buildings/special/crag/crag_level_2.mesh' has no valid triangle to use when calculating texture streaming factor. Texture streaming needs a triangle with an area."
"2","Graphics / portrait source error","","1480","portraitaccessories.cpp:159","accessory group [legwear:tgc_pants_blackfyre] has an invalid accessory ""male_legwear_captainsPants_blackfyreAlt_01"""
"2","Graphics / portrait source error","","1473","portraitaccessories.cpp:159","accessory group [headgear:tgc_helmets] has an invalid accessory ""male_headgear_tgc_helm_blackfyreAlt_03"""
"2","Graphics / portrait source error","","1472","portraitaccessories.cpp:159","accessory group [headgear:tgc_helmets] has an invalid accessory ""male_headgear_tgc_helm_blackfyre_03"""
"2","Script / database error","","2105","jomini_effect.cpp:1145","Flag 'DI_subtype_throne' is set but is never used. Note that use in localization doesn't count due to technical limitations. Use in unused scripted triggers and effects also does not count"
"2","Script / database error","","2104","jomini_effect.cpp:1161","Flag 'blackDarkRed' is used but is never set. Setting it in an unused scripted trigger or effect does not count"
"2","Script / database error","","2103","jomini_effect.cpp:1161","Flag 'wilderness_holding' is used but is never set. Setting it in an unused scripted trigger or effect does not count"
"2","Script / database error","","2108","jomini_effect.cpp:1145","Flag 'global' is set but is never used. Note that use in localization doesn't count due to technical limitations. Use in unused scripted triggers and effects also does not count"
"2","Script / database error","","2107","jomini_effect.cpp:1145","Flag 'all_found' is set but is never used. Note that use in localization doesn't count due to technical limitations. Use in unused scripted triggers and effects also does not count"
"2","Script / database error","","2106","jomini_effect.cpp:1145","Flag 'highlight_cow_provinces_map' is set but is never used. Note that use in localization doesn't count due to technical limitations. Use in unused scripted triggers and effects also does not count"
"2","Script / database error","","2102","jomini_effect.cpp:1161","Flag 'iceFire' is used but is never set. Setting it in an unused scripted trigger or effect does not count"
"2","Script / database error","","2098","jomini_effect.cpp:1161","Flag 'ruin_holding' is used but is never set. Setting it in an unused scripted trigger or effect does not count"
"2","Script / database error","","2097","jomini_effect.cpp:1161","Flag 'monastery_holding' is used but is never set. Setting it in an unused scripted trigger or effect does not count"
"2","Script / database error","","2096","jomini_effect.cpp:1161","Flag 'roland_crown' is used but is never set. Setting it in an unused scripted trigger or effect does not count"
"2","Script / database error","","2101","jomini_effect.cpp:1161","Flag 'unknown_holding' is used but is never set. Setting it in an unused scripted trigger or effect does not count"
"2","Script / database error","","2100","jomini_effect.cpp:1161","Flag 'pirate_den_holding' is used but is never set. Setting it in an unused scripted trigger or effect does not count"
"2","Script / database error","","2099","jomini_effect.cpp:1161","Flag 'highlight_special_buildings_map' is used but is never set. Setting it in an unused scripted trigger or effect does not count"
"2","Script / database error","","2109","jomini_effect.cpp:1161","Variable 'highlight_cow_provinces_map' is used but is never set. Setting it in an unused scripted trigger or effect does not count"
"2","Script / database error","","2119","jomini_effect.cpp:1161","Variable 'captains_sword' is used but is never set. Setting it in an unused scripted trigger or effect does not count"
"2","Script / database error","","2095","jomini_effect.cpp:1161","Flag 'settlement_holding' is used but is never set. Setting it in an unused scripted trigger or effect does not count"
"2","Script / database error","","2117","jomini_effect.cpp:1161","Variable 'blackfyre' is used but is never set. Setting it in an unused scripted trigger or effect does not count"
"2","Script / database error","","2121","jomini_effect.cpp:1161","Variable 'seafoam' is used but is never set. Setting it in an unused scripted trigger or effect does not count"
"2","Script / database error","","2120","jomini_effect.cpp:1161","Variable 'maekars_crown' is used but is never set. Setting it in an unused scripted trigger or effect does not count"
"2","Graphics / portrait source error","AGOT+","1299","pdxassetutil.cpp:556","UV-Set: 1 in mesh 'asoiaf_nights_watch_cloak_1Shape' in file 'gfx/models/portraits/m_cloaks/asoiaf/asoiaf_nights_watch/asoiaf_nights_watch_cloak_1/asoiaf_nights_watch_cloak_1.mesh' has no valid triangle to use when calculating texture streaming factor. Texture streaming needs a triangle with an area."
"2","Script / database error","","2116","jomini_effect.cpp:1161","Variable 'is_baratheon_6' is used but is never set. Setting it in an unused scripted trigger or effect does not count"
"2","Script / database error","","2112","jomini_effect.cpp:1161","Variable 'Aotk_enabled' is used but is never set. Setting it in an unused scripted trigger or effect does not count"
"2","Script / database error","","2111","jomini_effect.cpp:1161","Variable 'darksister' is used but is never set. Setting it in an unused scripted trigger or effect does not count"
"2","Script / database error","","2110","jomini_effect.cpp:1161","Variable 'tgc_enabled' is used but is never set. Setting it in an unused scripted trigger or effect does not count"
"2","Script / database error","","2115","jomini_effect.cpp:1161","Variable 'swordman_armor_artifact' is used but is never set. Setting it in an unused scripted trigger or effect does not count"
"2","Script / database error","","2114","jomini_effect.cpp:1161","Variable 'kingsguard_choice' is used but is never set. Setting it in an unused scripted trigger or effect does not count"
"2","Script / database error","","2113","jomini_effect.cpp:1161","Variable 'app_enabled' is used but is never set. Setting it in an unused scripted trigger or effect does not count"
"2","History / title / faith reference error","","2240","history.cpp:644","Referencing non-existent character in script link character:asoiaf_Targaryen_61_1"
"2","Graphics / portrait source error","AGOT+","1237","pdxassetutil.cpp:556","UV-Set: 1 in mesh 'f_asoiaf_nights_watch_cloak_1Shape' in file 'gfx/models/portraits/f_cloaks/asoiaf/asoiaf_nights_watch/f_asoiaf_nights_watch_cloak_1/f_asoiaf_nights_watch_cloak_1.mesh' has no valid triangle to use when calculating texture streaming factor. Texture streaming needs a triangle with an area."
"2","History / title / faith reference error","","2231","history.cpp:644","Referencing non-existent character in script link character:Gardener_75"
"2","History / title / faith reference error","","2238","history.cpp:644","Referencing non-existent character in script link character:Hotah_rs_2"
"2","Graphics / portrait source error","AGOT+","1229","pdxassetutil.cpp:2002","Asset ""gfx/models/portraits/m_clothes/asoiaf/asoiaf_iron_isles/asoiaf_greyjoy_armour_dynast/asoiaf_greyjoy_armour_dynast.mesh"" has more than 3 UV channels. This is not supported and will be ignored."
"2","Graphics / portrait source error","AGOT+","1234","pdxassetutil.cpp:556","UV-Set: 1 in mesh 'f_asoiaf_manderly_armour_lowShape' in file 'gfx/models/portraits/f_clothes/asoiaf/asoiaf_north/asoiaf_manderly_armours/f_asoiaf_manderly_armour_low/f_asoiaf_manderly_armour_low.mesh' has no valid triangle to use when calculating texture streaming factor. Texture streaming needs a triangle with an area."
"2","Graphics / portrait source error","","1491","portraitaccessories.cpp:159","accessory group [clothes:golden_company_armor_blackfyre] has an invalid accessory ""male_clothes_captainsArmorMetal_blackfyreAlt_01"""
"2","Graphics / portrait source error","","1492","portraitaccessories.cpp:159","accessory group [clothes:golden_company_armor_blackfyre] has an invalid accessory ""male_clothes_ornateVest_blackfyreAlt_01"""
"2","Graphics / portrait source error","","1494","portraitaccessories.cpp:159","accessory group [clothes:golden_company_armor_blackfyre] has an invalid accessory ""male_clothes_platedVest_blackfyreAlt_01"""
"2","Graphics / portrait source error","","1493","portraitaccessories.cpp:159","accessory group [clothes:golden_company_armor_blackfyre] has an invalid accessory ""male_clothes_standardVest_blackfyreAlt_01"""
"1","Script / database error","AGOT Submod Core","1890","jomini_script_system.cpp:303","Script system error!
  Error: has_game_rule trigger [ Invalid database object 'show_armor_enabled' ]
  Script location: file: gfx/portraits/portrait_modifiers/05_clothes_situational.txt line: 1109 (clothes_situational:weight)"
"1","Script / database error","AGOT Submod Core","1894","jomini_trigger.cpp:243","PostValidate of trigger 'has_game_rule' returned false at file: gfx/portraits/portrait_modifiers/05_clothes_situational.txt line: 1109 (clothes_situational:weight)"
"1","Script / database error","AGOT Submod Core","1885","jomini_script_system.cpp:303","Script system error!
  Error: has_game_rule trigger [ Invalid database object 'show_armor_enabled' ]
  Script location: file: gfx/portraits/portrait_modifiers/05_clothes_situational.txt line: 1062 (clothes_situational:weight)"
"1","Script / database error","AGOT Submod Core","1889","jomini_trigger.cpp:243","PostValidate of trigger 'has_game_rule' returned false at file: gfx/portraits/portrait_modifiers/05_clothes_situational.txt line: 1062 (clothes_situational:weight)"
"1","Script / database error","AGOT Submod Core","1904","jomini_trigger.cpp:243","PostValidate of trigger 'has_game_rule' returned false at file: gfx/portraits/portrait_modifiers/05_clothes_situational.txt line: 1202 (clothes_situational:weight)"
"1","Script / database error","AGOT Submod Core","1905","jomini_script_system.cpp:303","Script system error!
  Error: has_game_rule trigger [ Invalid database object 'show_armor_enabled' ]
  Script location: file: gfx/portraits/portrait_modifiers/05_clothes_situational.txt line: 1248 (clothes_situational:weight)"
"1","Script / database error","AGOT Submod Core","1909","jomini_trigger.cpp:243","PostValidate of trigger 'has_game_rule' returned false at file: gfx/portraits/portrait_modifiers/05_clothes_situational.txt line: 1248 (clothes_situational:weight)"
"1","Script / database error","AGOT Submod Core","1895","jomini_script_system.cpp:303","Script system error!
  Error: has_game_rule trigger [ Invalid database object 'show_armor_enabled' ]
  Script location: file: gfx/portraits/portrait_modifiers/05_clothes_situational.txt line: 1158 (clothes_situational:weight)"
"1","Script / database error","AGOT Submod Core","1899","jomini_trigger.cpp:243","PostValidate of trigger 'has_game_rule' returned false at file: gfx/portraits/portrait_modifiers/05_clothes_situational.txt line: 1158 (clothes_situational:weight)"
"1","Script / database error","AGOT Submod Core","1900","jomini_script_system.cpp:303","Script system error!
  Error: has_game_rule trigger [ Invalid database object 'show_armor_enabled' ]
  Script location: file: gfx/portraits/portrait_modifiers/05_clothes_situational.txt line: 1202 (clothes_situational:weight)"
"1","Script / database error","AGOT Submod Core","1884","jomini_trigger.cpp:243","PostValidate of trigger 'has_game_rule' returned false at file: gfx/portraits/portrait_modifiers/05_clothes_situational.txt line: 616 (clothes_situational:weight)"
"1","Script / database error","AGOT Submod Core","1865","jomini_script_system.cpp:303","Script system error!
  Error: has_game_rule trigger [ Invalid database object 'show_armor_enabled' ]
  Script location: file: gfx/portraits/portrait_modifiers/01_legwear_base.txt line: 871 (legwear:weight)"
"1","Script / database error","AGOT Submod Core","1869","jomini_trigger.cpp:243","PostValidate of trigger 'has_game_rule' returned false at file: gfx/portraits/portrait_modifiers/01_legwear_base.txt line: 871 (legwear:weight)"
"1","Script / database error","AGOT Submod Core","1870","jomini_script_system.cpp:303","Script system error!
  Error: has_game_rule trigger [ Invalid database object 'show_armor_enabled' ]
  Script location: file: gfx/portraits/portrait_modifiers/01_legwear_base.txt line: 898 (legwear:weight)"
"1","Script / database error","AGOT Submod Core","1859","jomini_trigger.cpp:243","PostValidate of trigger 'has_game_rule' returned false at file: gfx/portraits/portrait_modifiers/01_cloaks_base.txt line: 1642 (cloaks:weight)"
"1","Script / database error","AGOT Submod Core","1864","jomini_trigger.cpp:243","PostValidate of trigger 'has_game_rule' returned false at file: gfx/portraits/portrait_modifiers/01_cloaks_base.txt line: 1684 (cloaks:weight)"
"1","Script / database error","Legacy Of The Dragon","1719","jomini_script_system.cpp:303","Script system error!
  Error: create_artifact effect [ Invalid artifact template 'vs_pincer_template' ]
  Script location: file: common/scripted_effects/00_agot_artifact_vs_sword_effects_override.txt line: 604 (agot_create_artifact_vs_pincer_effect[args#2425720076])"
"1","Script / database error","AGOT Submod Core","1855","jomini_script_system.cpp:303","Script system error!
  Error: has_game_rule trigger [ Invalid database object 'show_armor_enabled' ]
  Script location: file: gfx/portraits/portrait_modifiers/01_cloaks_base.txt line: 1642 (cloaks:weight)"
"1","Script / database error","AGOT Submod Core","1880","jomini_script_system.cpp:303","Script system error!
  Error: has_game_rule trigger [ Invalid database object 'show_armor_enabled' ]
  Script location: file: gfx/portraits/portrait_modifiers/05_clothes_situational.txt line: 616 (clothes_situational:weight)"
"1","Script / database error","AGOT Submod Core","1860","jomini_script_system.cpp:303","Script system error!
  Error: has_game_rule trigger [ Invalid database object 'show_armor_enabled' ]
  Script location: file: gfx/portraits/portrait_modifiers/01_cloaks_base.txt line: 1684 (cloaks:weight)"
"1","Script / database error","AGOT Submod Core","1874","jomini_trigger.cpp:243","PostValidate of trigger 'has_game_rule' returned false at file: gfx/portraits/portrait_modifiers/01_legwear_base.txt line: 898 (legwear:weight)"
"1","Script / database error","AGOT Submod Core","1875","jomini_script_system.cpp:303","Script system error!
  Error: has_game_rule trigger [ Invalid database object 'show_armor_enabled' ]
  Script location: file: gfx/portraits/portrait_modifiers/01_legwear_base.txt line: 937 (legwear:weight)"
"1","Script / database error","AGOT Submod Core","1879","jomini_trigger.cpp:243","PostValidate of trigger 'has_game_rule' returned false at file: gfx/portraits/portrait_modifiers/01_legwear_base.txt line: 937 (legwear:weight)"
"1","Script / database error","AGOT Submod Core","1910","jomini_script_system.cpp:303","Script system error!
  Error: has_game_rule trigger [ Invalid database object 'show_armor_enabled' ]
  Script location: file: gfx/portraits/portrait_modifiers/05_clothes_situational.txt line: 1292 (clothes_situational:weight)"
"1","Script / database error","AGOT Submod Core","1949","jomini_trigger.cpp:243","PostValidate of trigger 'has_game_rule' returned false at file: gfx/portraits/portrait_modifiers/05_headgear_situational.txt line: 338 (headgear_situational:weight)"
"1","Script / database error","AGOT Submod Core","1950","jomini_script_system.cpp:303","Script system error!
  Error: has_game_rule trigger [ Invalid database object 'show_armor_enabled' ]
  Script location: file: gfx/portraits/portrait_modifiers/05_headgear_situational.txt line: 395 (headgear_situational:weight)"
"1","Script / database error","AGOT Submod Core","1954","jomini_trigger.cpp:243","PostValidate of trigger 'has_game_rule' returned false at file: gfx/portraits/portrait_modifiers/05_headgear_situational.txt line: 395 (headgear_situational:weight)"
"1","Script / database error","AGOT Submod Core","1940","jomini_script_system.cpp:303","Script system error!
  Error: has_game_rule trigger [ Invalid database object 'show_armor_enabled' ]
  Script location: file: gfx/portraits/portrait_modifiers/05_clothes_situational.txt line: 1562 (clothes_situational:weight)"
"1","Script / database error","AGOT Submod Core","1944","jomini_trigger.cpp:243","PostValidate of trigger 'has_game_rule' returned false at file: gfx/portraits/portrait_modifiers/05_clothes_situational.txt line: 1562 (clothes_situational:weight)"
"1","Script / database error","AGOT Submod Core","1945","jomini_script_system.cpp:303","Script system error!
  Error: has_game_rule trigger [ Invalid database object 'show_armor_enabled' ]
  Script location: file: gfx/portraits/portrait_modifiers/05_headgear_situational.txt line: 338 (headgear_situational:weight)"
"1","Script / database error","AGOT Submod Core","1964","jomini_trigger.cpp:243","PostValidate of trigger 'has_game_rule' returned false at file: gfx/portraits/portrait_modifiers/05_headgear_situational.txt line: 3174 (headgear_situational:weight)"
"1","Script / database error","AGOT Submod Core","1965","jomini_script_system.cpp:303","Script system error!
  Error: has_game_rule trigger [ Invalid database object 'show_armor_enabled' ]
  Script location: file: gfx/portraits/portrait_modifiers/05_headgear_situational.txt line: 3222 (headgear_situational:weight)"
"1","Script / database error","AGOT Submod Core","1969","jomini_trigger.cpp:243","PostValidate of trigger 'has_game_rule' returned false at file: gfx/portraits/portrait_modifiers/05_headgear_situational.txt line: 3222 (headgear_situational:weight)"
"1","Script / database error","AGOT Submod Core","1955","jomini_script_system.cpp:303","Script system error!
  Error: has_game_rule trigger [ Invalid database object 'show_armor_enabled' ]
  Script location: file: gfx/portraits/portrait_modifiers/05_headgear_situational.txt line: 3127 (headgear_situational:weight)"
"1","Script / database error","AGOT Submod Core","1959","jomini_trigger.cpp:243","PostValidate of trigger 'has_game_rule' returned false at file: gfx/portraits/portrait_modifiers/05_headgear_situational.txt line: 3127 (headgear_situational:weight)"
"1","Script / database error","AGOT Submod Core","1960","jomini_script_system.cpp:303","Script system error!
  Error: has_game_rule trigger [ Invalid database object 'show_armor_enabled' ]
  Script location: file: gfx/portraits/portrait_modifiers/05_headgear_situational.txt line: 3174 (headgear_situational:weight)"
"1","Script / database error","AGOT Submod Core","1920","jomini_script_system.cpp:303","Script system error!
  Error: has_game_rule trigger [ Invalid database object 'show_armor_enabled' ]
  Script location: file: gfx/portraits/portrait_modifiers/05_clothes_situational.txt line: 1382 (clothes_situational:weight)"
"1","Script / database error","AGOT Submod Core","1924","jomini_trigger.cpp:243","PostValidate of trigger 'has_game_rule' returned false at file: gfx/portraits/portrait_modifiers/05_clothes_situational.txt line: 1382 (clothes_situational:weight)"
"1","Script / database error","AGOT Submod Core","1925","jomini_script_system.cpp:303","Script system error!
  Error: has_game_rule trigger [ Invalid database object 'show_armor_enabled' ]
  Script location: file: gfx/portraits/portrait_modifiers/05_clothes_situational.txt line: 1428 (clothes_situational:weight)"
"1","Script / database error","AGOT Submod Core","1914","jomini_trigger.cpp:243","PostValidate of trigger 'has_game_rule' returned false at file: gfx/portraits/portrait_modifiers/05_clothes_situational.txt line: 1292 (clothes_situational:weight)"
"1","Script / database error","AGOT Submod Core","1915","jomini_script_system.cpp:303","Script system error!
  Error: has_game_rule trigger [ Invalid database object 'show_armor_enabled' ]
  Script location: file: gfx/portraits/portrait_modifiers/05_clothes_situational.txt line: 1338 (clothes_situational:weight)"
"1","Script / database error","AGOT Submod Core","1919","jomini_trigger.cpp:243","PostValidate of trigger 'has_game_rule' returned false at file: gfx/portraits/portrait_modifiers/05_clothes_situational.txt line: 1338 (clothes_situational:weight)"
"1","Script / database error","AGOT Submod Core","1935","jomini_script_system.cpp:303","Script system error!
  Error: has_game_rule trigger [ Invalid database object 'show_armor_enabled' ]
  Script location: file: gfx/portraits/portrait_modifiers/05_clothes_situational.txt line: 1518 (clothes_situational:weight)"
"1","Script / database error","AGOT Submod Core","1939","jomini_trigger.cpp:243","PostValidate of trigger 'has_game_rule' returned false at file: gfx/portraits/portrait_modifiers/05_clothes_situational.txt line: 1518 (clothes_situational:weight)"
"1","Script / database error","Legacy Of The Dragon","1715","jomini_script_system.cpp:303","Script system error!
  Error: create_artifact effect [ Invalid artifact template 'vs_seafoam_template' ]
  Script location: file: common/scripted_effects/00_agot_artifact_vs_sword_effects_override.txt line: 475 (agot_create_artifact_vs_seafoam_effect[args#2425720076])"
"1","Script / database error","AGOT Submod Core","1929","jomini_trigger.cpp:243","PostValidate of trigger 'has_game_rule' returned false at file: gfx/portraits/portrait_modifiers/05_clothes_situational.txt line: 1428 (clothes_situational:weight)"
"1","Script / database error","AGOT Submod Core","1930","jomini_script_system.cpp:303","Script system error!
  Error: has_game_rule trigger [ Invalid database object 'show_armor_enabled' ]
  Script location: file: gfx/portraits/portrait_modifiers/05_clothes_situational.txt line: 1472 (clothes_situational:weight)"
"1","Script / database error","AGOT Submod Core","1934","jomini_trigger.cpp:243","PostValidate of trigger 'has_game_rule' returned false at file: gfx/portraits/portrait_modifiers/05_clothes_situational.txt line: 1472 (clothes_situational:weight)"
"1","Script / database error","Divine Intervention AGOT Cheat Menu","1804","jomini_effect.cpp:139","PostValidate of effect 'learn_language' returned false at file: common/scripted_effects/DI_court_position_spawner_overrides.txt line: 26 (DI_court_position_post_spawn_effect[args#2101251318])"
"1","Script / database error","Divine Intervention AGOT Cheat Menu","1800","jomini_script_system.cpp:303","Script system error!
  Error: learn_language effect [ Invalid database object 'language_arabic' ]
  Script location: file: common/scripted_effects/DI_court_position_spawner_overrides.txt line: 26 (DI_court_position_post_spawn_effect[args#2101251318])"
"1","Script / database error","Divine Intervention AGOT Cheat Menu","1799","jomini_effect.cpp:139","PostValidate of effect 'learn_language' returned false at file: common/scripted_effects/DI_court_position_spawner_overrides.txt line: 27 (DI_court_position_post_spawn_effect[args#2101251318])"
"1","Script / database error","Divine Intervention AGOT Cheat Menu","1810","jomini_script_system.cpp:303","Script system error!
  Error: learn_language effect [ Invalid database object 'language_norse' ]
  Script location: file: common/scripted_effects/DI_court_position_spawner_overrides.txt line: 29 (DI_court_position_post_spawn_effect[args#2101251318])"
"1","Script / database error","Divine Intervention AGOT Cheat Menu","1809","jomini_effect.cpp:139","PostValidate of effect 'learn_language' returned false at file: common/scripted_effects/DI_court_position_spawner_overrides.txt line: 28 (DI_court_position_post_spawn_effect[args#2101251318])"
"1","Script / database error","Divine Intervention AGOT Cheat Menu","1805","jomini_script_system.cpp:303","Script system error!
  Error: learn_language effect [ Invalid database object 'language_latin' ]
  Script location: file: common/scripted_effects/DI_court_position_spawner_overrides.txt line: 28 (DI_court_position_post_spawn_effect[args#2101251318])"
"1","Script / database error","Divine Intervention AGOT Cheat Menu","1789","jomini_effect.cpp:139","PostValidate of effect 'learn_language' returned false at file: common/scripted_effects/DI_court_position_spawner_overrides.txt line: 16 (DI_court_position_post_spawn_effect[args#2101251318])"
"1","Script / database error","Divine Intervention AGOT Cheat Menu","1785","jomini_script_system.cpp:303","Script system error!
  Error: learn_language effect [ Invalid database object 'language_latin' ]
  Script location: file: common/scripted_effects/DI_court_position_spawner_overrides.txt line: 16 (DI_court_position_post_spawn_effect[args#2101251318])"
"1","Script / database error","Divine Intervention AGOT Cheat Menu","1784","jomini_effect.cpp:139","PostValidate of effect 'learn_language' returned false at file: common/scripted_effects/DI_court_position_spawner_overrides.txt line: 15 (DI_court_position_post_spawn_effect[args#2101251318])"
"1","Script / database error","Divine Intervention AGOT Cheat Menu","1795","jomini_script_system.cpp:303","Script system error!
  Error: learn_language effect [ Invalid database object 'language_greek' ]
  Script location: file: common/scripted_effects/DI_court_position_spawner_overrides.txt line: 27 (DI_court_position_post_spawn_effect[args#2101251318])"
"1","Script / database error","Divine Intervention AGOT Cheat Menu","1794","jomini_effect.cpp:139","PostValidate of effect 'learn_language' returned false at file: common/scripted_effects/DI_court_position_spawner_overrides.txt line: 17 (DI_court_position_post_spawn_effect[args#2101251318])"
"1","Script / database error","Divine Intervention AGOT Cheat Menu","1790","jomini_script_system.cpp:303","Script system error!
  Error: learn_language effect [ Invalid database object 'language_norse' ]
  Script location: file: common/scripted_effects/DI_court_position_spawner_overrides.txt line: 17 (DI_court_position_post_spawn_effect[args#2101251318])"
"1","Script / database error","Divine Intervention AGOT Cheat Menu","1814","jomini_effect.cpp:139","PostValidate of effect 'learn_language' returned false at file: common/scripted_effects/DI_court_position_spawner_overrides.txt line: 29 (DI_court_position_post_spawn_effect[args#2101251318])"
"1","Script / database error","Divine Intervention AGOT Cheat Menu","1830","jomini_script_system.cpp:303","Script system error!
  Error: remove_trait effect [ target: Not found in database class CTraitDatabase ]
  Script location: file: common/scripted_effects/DI_present_effects.txt line: 86 (DI_clear_personality_traits_effect)"
"1","Script / database error","Divine Intervention AGOT Cheat Menu","1829","jomini_effect.cpp:139","PostValidate of effect 'remove_trait' returned false at file: common/scripted_effects/DI_present_effects.txt line: 85 (DI_clear_personality_traits_effect)"
"1","Script / database error","Divine Intervention AGOT Cheat Menu","1825","jomini_script_system.cpp:303","Script system error!
  Error: remove_trait effect [ target: Not found in database class CTraitDatabase ]
  Script location: file: common/scripted_effects/DI_present_effects.txt line: 85 (DI_clear_personality_traits_effect)"
"1","Script / database error","Divine Intervention AGOT Cheat Menu","1837","jomini_script_system.cpp:303","Script system error!
  Error: has_trait trigger [ Cannot find honorable in trait database ]
  Script location: file: common/scripted_effects/DI_present_effects.txt line: 85 (DI_clear_personality_traits_effect)"
"1","Script / database error","Valyrian Steel","1835","pdx_persistent_reader.cpp:216","Error: ""Unknown modifier type: bond_with_dragon_scheme_success_chance_add, near line: 17
Unknown modifier type: bond_with_dragon_scheme_scheme_success_chance_add, near line: 24"" in file: ""common/modifier_definition_formats/agot_scheme_definitions.txt"" near line: 29"
"1","Script / database error","Divine Intervention AGOT Cheat Menu","1834","jomini_effect.cpp:139","PostValidate of effect 'remove_trait' returned false at file: common/scripted_effects/DI_present_effects.txt line: 86 (DI_clear_personality_traits_effect)"
"1","Script / database error","Divine Intervention AGOT Cheat Menu","1815","jomini_script_system.cpp:303","Script system error!
  Error: add_trait effect [ target: Not found in database class CTraitDatabase ]
  Script location: file: common/scripted_effects/DI_present_effects.txt line: 20 (DI_personality_trait_randomizer_effect)"
"1","Script / database error","Divine Intervention AGOT Cheat Menu","1841","jomini_script_system.cpp:303","Script system error!
  Error: has_trait trigger [ Cannot find ruthless in trait database ]
  Script location: file: common/scripted_effects/DI_present_effects.txt line: 86 (DI_clear_personality_traits_effect)"
"1","Script / database error","AGOT Submod Core","1845","jomini_script_system.cpp:303","Script system error!
  Error: has_game_rule trigger [ Invalid database object 'show_armor_enabled' ]
  Script location: file: gfx/portraits/portrait_modifiers/01_cloaks_base.txt line: 1333 (cloaks:weight)"
"1","Script / database error","Divine Intervention AGOT Cheat Menu","1824","jomini_effect.cpp:139","PostValidate of effect 'add_trait' returned false at file: common/scripted_effects/DI_present_effects.txt line: 21 (DI_personality_trait_randomizer_effect)"
"1","Script / database error","Divine Intervention AGOT Cheat Menu","1820","jomini_script_system.cpp:303","Script system error!
  Error: add_trait effect [ target: Not found in database class CTraitDatabase ]
  Script location: file: common/scripted_effects/DI_present_effects.txt line: 21 (DI_personality_trait_randomizer_effect)"
"1","Script / database error","Divine Intervention AGOT Cheat Menu","1819","jomini_effect.cpp:139","PostValidate of effect 'add_trait' returned false at file: common/scripted_effects/DI_present_effects.txt line: 20 (DI_personality_trait_randomizer_effect)"
"1","Script / database error","Divine Intervention Cheat Menu","1740","jomini_script_system.cpp:303","Script system error!
  Error: add_innovation effect [ target: Not found in database class CCultureInnovationTypeDatabase ]
  Script location: file: common/character_interactions/DI_character_interaction.txt line: 4616 (DI_change_succession:on_accept)"
"1","Script / database error","Divine Intervention AGOT Cheat Menu","1739","jomini_effect.cpp:139","PostValidate of effect 'set_culture_pillar' returned false at file: common/scripted_guis/DI_cultural_editor_pillars_sgui.txt line: 620 (DI_language_agot_lhazaar_sgui:effect)"
"1","Script / database error","Divine Intervention AGOT Cheat Menu","1735","jomini_script_system.cpp:303","Script system error!
  Error: set_culture_pillar effect [ Invalid database object 'language_agot_lhazaar' ]
  Script location: file: common/scripted_guis/DI_cultural_editor_pillars_sgui.txt line: 620 (DI_language_agot_lhazaar_sgui:effect)"
"1","Script / database error","Divine Intervention Cheat Menu","1749","jomini_effect.cpp:139","PostValidate of effect 'add_innovation' returned false at file: common/character_interactions/DI_character_interaction.txt line: 4631 (DI_change_succession:on_accept)"
"1","Script / database error","Divine Intervention Cheat Menu","1745","jomini_script_system.cpp:303","Script system error!
  Error: add_innovation effect [ target: Not found in database class CCultureInnovationTypeDatabase ]
  Script location: file: common/character_interactions/DI_character_interaction.txt line: 4631 (DI_change_succession:on_accept)"
"1","Script / database error","Divine Intervention Cheat Menu","1744","jomini_effect.cpp:139","PostValidate of effect 'add_innovation' returned false at file: common/character_interactions/DI_character_interaction.txt line: 4616 (DI_change_succession:on_accept)"
"1","Script / database error","AGOT Submod Core","1849","jomini_trigger.cpp:243","PostValidate of trigger 'has_game_rule' returned false at file: gfx/portraits/portrait_modifiers/01_cloaks_base.txt line: 1333 (cloaks:weight)"
"1","Script / database error","AGOT Submod Core","1850","jomini_script_system.cpp:303","Script system error!
  Error: has_game_rule trigger [ Invalid database object 'show_armor_enabled' ]
  Script location: file: gfx/portraits/portrait_modifiers/01_cloaks_base.txt line: 1338 (cloaks:weight)"
"1","Script / database error","AGOT Submod Core","1854","jomini_trigger.cpp:243","PostValidate of trigger 'has_game_rule' returned false at file: gfx/portraits/portrait_modifiers/01_cloaks_base.txt line: 1338 (cloaks:weight)"
"1","Script / database error","Legacy Of The Dragon","1731","jomini_script_system.cpp:303","Script system error!
  Error: create_artifact effect [ Invalid artifact template 'vs_blackfyre_template' ]
  Script location: file: common/scripted_effects/00_agot_artifact_vs_sword_effects_override.txt line: 31 (agot_create_artifact_vs_blackfyre_effect[args#2425720076])"
"1","Script / database error","Legacy Of The Dragon","1727","jomini_script_system.cpp:303","Script system error!
  Error: create_artifact effect [ Invalid artifact template 'vs_blackfyre_template' ]
  Script location: file: common/scripted_effects/00_agot_artifact_vs_sword_effects_override.txt line: 13 (agot_create_artifact_vs_blackfyre_effect[args#2425720076])"
"1","Script / database error","Legacy Of The Dragon","1723","jomini_script_system.cpp:303","Script system error!
  Error: create_artifact effect [ Invalid artifact template 'vs_pincer_template' ]
  Script location: file: common/scripted_effects/00_agot_artifact_vs_sword_effects_override.txt line: 630 (agot_create_artifact_vs_pincer_effect[args#2425720076])"
"1","Script / database error","COW-AGOT: 3D Models & Bigger Castles","1750","jomini_script_system.cpp:303","Script system error!
  Error: add_building effect [ Invalid database object 'common_trade_03' ]
  Script location: file: common/on_action/cowagot_province_on_actions.txt line: 174 (set_provinces_on_actions)"
"1","Script / database error","COW-AGOT: 3D Models & Bigger Castles","1774","jomini_effect.cpp:139","PostValidate of effect 'add_special_building_slot' returned false at file: common/on_action/cowagot_province_on_actions.txt line: 335 (harlaw_building_check_on_actions)"
"1","Script / database error","COW-AGOT: 3D Models & Bigger Castles","1770","jomini_script_system.cpp:303","Script system error!
  Error: add_special_building_slot effect [ Invalid database object 'harlaw_mines_01' ]
  Script location: file: common/on_action/cowagot_province_on_actions.txt line: 335 (harlaw_building_check_on_actions)"
"1","Script / database error","COW-AGOT: 3D Models & Bigger Castles","1769","jomini_effect.cpp:139","PostValidate of effect 'add_special_building' returned false at file: common/on_action/cowagot_province_on_actions.txt line: 274 (set_provinces_on_actions)"
"1","Script / database error","Divine Intervention AGOT Cheat Menu","1780","jomini_script_system.cpp:303","Script system error!
  Error: learn_language effect [ Invalid database object 'language_greek' ]
  Script location: file: common/scripted_effects/DI_court_position_spawner_overrides.txt line: 15 (DI_court_position_post_spawn_effect[args#2101251318])"
"1","Script / database error","Divine Intervention AGOT Cheat Menu","1779","jomini_effect.cpp:139","PostValidate of effect 'learn_language' returned false at file: common/scripted_effects/DI_court_position_spawner_overrides.txt line: 14 (DI_court_position_post_spawn_effect[args#2101251318])"
"1","Script / database error","Divine Intervention AGOT Cheat Menu","1775","jomini_script_system.cpp:303","Script system error!
  Error: learn_language effect [ Invalid database object 'language_arabic' ]
  Script location: file: common/scripted_effects/DI_court_position_spawner_overrides.txt line: 14 (DI_court_position_post_spawn_effect[args#2101251318])"
"1","Script / database error","COW-AGOT: 3D Models & Bigger Castles","1759","jomini_effect.cpp:139","PostValidate of effect 'remove_building' returned false at file: common/on_action/cowagot_province_on_actions.txt line: 214 (set_provinces_on_actions)"
"1","Script / database error","COW-AGOT: 3D Models & Bigger Castles","1755","jomini_script_system.cpp:303","Script system error!
  Error: remove_building effect [ Invalid database object 'ironwood_01' ]
  Script location: file: common/on_action/cowagot_province_on_actions.txt line: 214 (set_provinces_on_actions)"
"1","Script / database error","COW-AGOT: 3D Models & Bigger Castles","1754","jomini_effect.cpp:139","PostValidate of effect 'add_building' returned false at file: common/on_action/cowagot_province_on_actions.txt line: 174 (set_provinces_on_actions)"
"1","Script / database error","COW-AGOT: 3D Models & Bigger Castles","1765","jomini_script_system.cpp:303","Script system error!
  Error: add_special_building effect [ Invalid database object 'bearisland_01' ]
  Script location: file: common/on_action/cowagot_province_on_actions.txt line: 274 (set_provinces_on_actions)"
"1","Script / database error","COW-AGOT: 3D Models & Bigger Castles","1764","jomini_effect.cpp:139","PostValidate of effect 'add_special_building_slot' returned false at file: common/on_action/cowagot_province_on_actions.txt line: 273 (set_provinces_on_actions)"
"1","Script / database error","COW-AGOT: 3D Models & Bigger Castles","1760","jomini_script_system.cpp:303","Script system error!
  Error: add_special_building_slot effect [ Invalid database object 'bearisland_01' ]
  Script location: file: common/on_action/cowagot_province_on_actions.txt line: 273 (set_provinces_on_actions)"
"1","Graphics / portrait source error","","2158","portraitanimations.cpp:110","Unknown animation state 'throneRoom_twoHandedPassiveFatDwarf1_entry' scripted for portrait animation 'valyrian_invasion_vs_spear_1_1' in modifier 'throneRoom_two_handed_passive_1_pregnant' (part 'torso', type 'girl')"
"1","Graphics / portrait source error","","2159","portraitanimations.cpp:110","Unknown animation state 'throneRoom_twoHandedPassiveFatDwarf1_entry' scripted for portrait animation 'valyrian_invasion_vs_spear_1_1' in modifier 'throneRoom_two_handed_passive_1_pregnant_dwarf' (part 'torso', type 'girl')"
"1","Graphics / portrait source error","","2160","portraitanimations.cpp:110","Unknown animation state 'throneRoom_twoHandedPassiveFatDwarf1_entry' scripted for portrait animation 'valyrian_invasion_vs_spear_1_1' in modifier 'throneRoom_two_handed_passive_1_pregnant_fat_dwarf' (part 'torso', type 'girl')"
"1","Graphics / portrait source error","","2157","portraitanimations.cpp:110","Unknown animation state 'throneRoom_twoHandedPassiveFatDwarf1_entry' scripted for portrait animation 'valyrian_invasion_vs_spear_1_1' in modifier 'throneRoom_two_handed_passive_1_fat_dwarf' (part 'torso', type 'girl')"
"1","Graphics / portrait source error","","2154","portraitanimations.cpp:110","Unknown animation state 'throneRoom_twoHandedPassiveFatDwarf1_entry' scripted for portrait animation 'valyrian_invasion_vs_spear_1_1' in modifier 'throneRoom_two_handed_passive_1_pregnant_fat_dwarf' (part 'torso', type 'boy')"
"1","Graphics / portrait source error","","2155","portraitanimations.cpp:110","Unknown animation state 'throneRoom_twoHandedPassiveFat1_entry' scripted for portrait animation 'valyrian_invasion_vs_spear_1_1' in modifier 'throneRoom_two_handed_passive_1_fat' (part 'torso', type 'girl')"
"1","Graphics / portrait source error","","2156","portraitanimations.cpp:110","Unknown animation state 'throneRoom_twoHandedPassiveFat1_entry' scripted for portrait animation 'valyrian_invasion_vs_spear_1_1' in modifier 'throneRoom_two_handed_passive_1_dwarf' (part 'torso', type 'girl')"
"1","Graphics / portrait source error","","2165","portraitanimations.cpp:110","Unknown animation state 'throneRoom_twoHandedPassiveFatDwarf1_entry' scripted for portrait animation 'valyrian_invasion_vs_halberd_1' in modifier 'throneRoom_two_handed_passive_1_pregnant_dwarf' (part 'torso', type 'male')"
"1","Graphics / portrait source error","","2166","portraitanimations.cpp:110","Unknown animation state 'throneRoom_twoHandedPassiveFatDwarf1_entry' scripted for portrait animation 'valyrian_invasion_vs_halberd_1' in modifier 'throneRoom_two_handed_passive_1_pregnant_fat_dwarf' (part 'torso', type 'male')"
"1","Graphics / portrait source error","","2167","portraitanimations.cpp:110","Unknown animation state 'throneRoom_twoHandedPassiveFat1_entry' scripted for portrait animation 'valyrian_invasion_vs_halberd_1' in modifier 'throneRoom_two_handed_passive_1_fat' (part 'torso', type 'female')"
"1","Graphics / portrait source error","","2164","portraitanimations.cpp:110","Unknown animation state 'throneRoom_twoHandedPassiveFatDwarf1_entry' scripted for portrait animation 'valyrian_invasion_vs_halberd_1' in modifier 'throneRoom_two_handed_passive_1_pregnant' (part 'torso', type 'male')"
"1","Graphics / portrait source error","","2161","portraitanimations.cpp:110","Unknown animation state 'throneRoom_twoHandedPassiveFat1_entry' scripted for portrait animation 'valyrian_invasion_vs_halberd_1' in modifier 'throneRoom_two_handed_passive_1_fat' (part 'torso', type 'male')"
"1","Graphics / portrait source error","","2162","portraitanimations.cpp:110","Unknown animation state 'throneRoom_twoHandedPassiveFat1_entry' scripted for portrait animation 'valyrian_invasion_vs_halberd_1' in modifier 'throneRoom_two_handed_passive_1_dwarf' (part 'torso', type 'male')"
"1","Graphics / portrait source error","","2163","portraitanimations.cpp:110","Unknown animation state 'throneRoom_twoHandedPassiveFatDwarf1_entry' scripted for portrait animation 'valyrian_invasion_vs_halberd_1' in modifier 'throneRoom_two_handed_passive_1_fat_dwarf' (part 'torso', type 'male')"
"1","Graphics / portrait source error","","2153","portraitanimations.cpp:110","Unknown animation state 'throneRoom_twoHandedPassiveFatDwarf1_entry' scripted for portrait animation 'valyrian_invasion_vs_spear_1_1' in modifier 'throneRoom_two_handed_passive_1_pregnant_dwarf' (part 'torso', type 'boy')"
"1","Graphics / portrait source error","","2143","portraitanimations.cpp:110","Unknown animation state 'throneRoom_twoHandedPassiveFat1_entry' scripted for portrait animation 'valyrian_invasion_vs_spear_1_1' in modifier 'throneRoom_two_handed_passive_1_fat' (part 'torso', type 'female')"
"1","Graphics / portrait source error","","2144","portraitanimations.cpp:110","Unknown animation state 'throneRoom_twoHandedPassiveFat1_entry' scripted for portrait animation 'valyrian_invasion_vs_spear_1_1' in modifier 'throneRoom_two_handed_passive_1_dwarf' (part 'torso', type 'female')"
"1","Graphics / portrait source error","","2145","portraitanimations.cpp:110","Unknown animation state 'throneRoom_twoHandedPassiveFatDwarf1_entry' scripted for portrait animation 'valyrian_invasion_vs_spear_1_1' in modifier 'throneRoom_two_handed_passive_1_fat_dwarf' (part 'torso', type 'female')"
"1","Graphics / portrait source error","","2142","portraitanimations.cpp:110","Unknown animation state 'throneRoom_twoHandedPassiveFatDwarf1_entry' scripted for portrait animation 'valyrian_invasion_vs_spear_1_1' in modifier 'throneRoom_two_handed_passive_1_pregnant_fat_dwarf' (part 'torso', type 'male')"
"1","Graphics / portrait source error","","2139","portraitanimations.cpp:110","Unknown animation state 'throneRoom_twoHandedPassiveFatDwarf1_entry' scripted for portrait animation 'valyrian_invasion_vs_spear_1_1' in modifier 'throneRoom_two_handed_passive_1_fat_dwarf' (part 'torso', type 'male')"
"1","Graphics / portrait source error","","2140","portraitanimations.cpp:110","Unknown animation state 'throneRoom_twoHandedPassiveFatDwarf1_entry' scripted for portrait animation 'valyrian_invasion_vs_spear_1_1' in modifier 'throneRoom_two_handed_passive_1_pregnant' (part 'torso', type 'male')"
"1","Graphics / portrait source error","","2141","portraitanimations.cpp:110","Unknown animation state 'throneRoom_twoHandedPassiveFatDwarf1_entry' scripted for portrait animation 'valyrian_invasion_vs_spear_1_1' in modifier 'throneRoom_two_handed_passive_1_pregnant_dwarf' (part 'torso', type 'male')"
"1","Graphics / portrait source error","","2150","portraitanimations.cpp:110","Unknown animation state 'throneRoom_twoHandedPassiveFat1_entry' scripted for portrait animation 'valyrian_invasion_vs_spear_1_1' in modifier 'throneRoom_two_handed_passive_1_dwarf' (part 'torso', type 'boy')"
"1","Graphics / portrait source error","","2151","portraitanimations.cpp:110","Unknown animation state 'throneRoom_twoHandedPassiveFatDwarf1_entry' scripted for portrait animation 'valyrian_invasion_vs_spear_1_1' in modifier 'throneRoom_two_handed_passive_1_fat_dwarf' (part 'torso', type 'boy')"
"1","Graphics / portrait source error","","2152","portraitanimations.cpp:110","Unknown animation state 'throneRoom_twoHandedPassiveFatDwarf1_entry' scripted for portrait animation 'valyrian_invasion_vs_spear_1_1' in modifier 'throneRoom_two_handed_passive_1_pregnant' (part 'torso', type 'boy')"
"1","Graphics / portrait source error","","2149","portraitanimations.cpp:110","Unknown animation state 'throneRoom_twoHandedPassiveFat1_entry' scripted for portrait animation 'valyrian_invasion_vs_spear_1_1' in modifier 'throneRoom_two_handed_passive_1_fat' (part 'torso', type 'boy')"
"1","Graphics / portrait source error","","2146","portraitanimations.cpp:110","Unknown animation state 'throneRoom_twoHandedPassiveFatDwarf1_entry' scripted for portrait animation 'valyrian_invasion_vs_spear_1_1' in modifier 'throneRoom_two_handed_passive_1_pregnant' (part 'torso', type 'female')"
"1","Graphics / portrait source error","","2147","portraitanimations.cpp:110","Unknown animation state 'throneRoom_twoHandedPassiveFatDwarf1_entry' scripted for portrait animation 'valyrian_invasion_vs_spear_1_1' in modifier 'throneRoom_two_handed_passive_1_pregnant_dwarf' (part 'torso', type 'female')"
"1","Graphics / portrait source error","","2148","portraitanimations.cpp:110","Unknown animation state 'throneRoom_twoHandedPassiveFatDwarf1_entry' scripted for portrait animation 'valyrian_invasion_vs_spear_1_1' in modifier 'throneRoom_two_handed_passive_1_pregnant_fat_dwarf' (part 'torso', type 'female')"
"1","Graphics / portrait source error","Unresolved file","2187","game_icons.cpp:746","file gfx/interface/icons/building_types/icon_riverrun.dds doesn't exist, referenced from building 'oldstones_old_new'"
"1","Graphics / portrait source error","Unresolved file","2188","game_icons.cpp:746","file gfx/interface/icons/building_types/icon_riverrun.dds doesn't exist, referenced from building 'oldstones_restored_final'"
"1","Script / database error","","2189","jomini_eventmanager.cpp:372","Event buy_valyrian_mask.0001 is orphaned"
"1","Graphics / portrait source error","Unresolved file","2186","game_icons.cpp:746","file gfx/interface/icons/building_types/icon_riverrun.dds doesn't exist, referenced from building 'oldstones_old_final'"
"1","Graphics / portrait source error","","2183","portraitanimations.cpp:110","Unknown animation state 'throneRoom_twoHandedPassiveFatDwarf1_entry' scripted for portrait animation 'valyrian_invasion_vs_halberd_1' in modifier 'throneRoom_two_handed_passive_1_pregnant_dwarf' (part 'torso', type 'girl')"
"1","Graphics / portrait source error","","2184","portraitanimations.cpp:110","Unknown animation state 'throneRoom_twoHandedPassiveFatDwarf1_entry' scripted for portrait animation 'valyrian_invasion_vs_halberd_1' in modifier 'throneRoom_two_handed_passive_1_pregnant_fat_dwarf' (part 'torso', type 'girl')"
"1","Graphics / portrait source error","Unresolved file","2185","game_icons.cpp:746","file gfx/interface/icons/building_types/icon_building_ten_towers.dds doesn't exist, referenced from building 'agot_ten_towers_01'"
"1","Other error","","2194","databases.h:36","Key tgp_minister_recruit_courtiers_decision not found at Database: common/decisions"
"1","History / title / faith reference error","","2235","history.cpp:644","Referencing non-existent character in script link character:Broome_rs_54"
"1","Mod descriptor warning","","1","dlc_descriptor.cpp:70","Invalid supported_version in file: mod/ugc_2261468688.mod line: 6"
"1","Other error","","2193","databases.h:36","Key rf_valyrian not found at Database: common/religion/religion_family_types"
"1","Script / database error","","2190","jomini_eventmanager.cpp:372","Event asoiaf_mega_war_events.0001 is orphaned"
"1","Script / database error","","2191","jomini_eventmanager.cpp:372","Event asoiaf_young_griff_landing_events.2 is orphaned"
"1","Other error","","2192","pdx_assert.cpp:619","Assertion failed: Achievements not loaded correctly"
"1","Graphics / portrait source error","","2182","portraitanimations.cpp:110","Unknown animation state 'throneRoom_twoHandedPassiveFatDwarf1_entry' scripted for portrait animation 'valyrian_invasion_vs_halberd_1' in modifier 'throneRoom_two_handed_passive_1_pregnant' (part 'torso', type 'girl')"
"1","Graphics / portrait source error","","2172","portraitanimations.cpp:110","Unknown animation state 'throneRoom_twoHandedPassiveFatDwarf1_entry' scripted for portrait animation 'valyrian_invasion_vs_halberd_1' in modifier 'throneRoom_two_handed_passive_1_pregnant_fat_dwarf' (part 'torso', type 'female')"
"1","Graphics / portrait source error","","2173","portraitanimations.cpp:110","Unknown animation state 'throneRoom_twoHandedPassiveFat1_entry' scripted for portrait animation 'valyrian_invasion_vs_halberd_1' in modifier 'throneRoom_two_handed_passive_1_fat' (part 'torso', type 'boy')"
"1","Graphics / portrait source error","","2174","portraitanimations.cpp:110","Unknown animation state 'throneRoom_twoHandedPassiveFat1_entry' scripted for portrait animation 'valyrian_invasion_vs_halberd_1' in modifier 'throneRoom_two_handed_passive_1_dwarf' (part 'torso', type 'boy')"
"1","Graphics / portrait source error","","2171","portraitanimations.cpp:110","Unknown animation state 'throneRoom_twoHandedPassiveFatDwarf1_entry' scripted for portrait animation 'valyrian_invasion_vs_halberd_1' in modifier 'throneRoom_two_handed_passive_1_pregnant_dwarf' (part 'torso', type 'female')"
"1","Graphics / portrait source error","","2168","portraitanimations.cpp:110","Unknown animation state 'throneRoom_twoHandedPassiveFat1_entry' scripted for portrait animation 'valyrian_invasion_vs_halberd_1' in modifier 'throneRoom_two_handed_passive_1_dwarf' (part 'torso', type 'female')"
"1","Graphics / portrait source error","","2169","portraitanimations.cpp:110","Unknown animation state 'throneRoom_twoHandedPassiveFatDwarf1_entry' scripted for portrait animation 'valyrian_invasion_vs_halberd_1' in modifier 'throneRoom_two_handed_passive_1_fat_dwarf' (part 'torso', type 'female')"
"1","Graphics / portrait source error","","2170","portraitanimations.cpp:110","Unknown animation state 'throneRoom_twoHandedPassiveFatDwarf1_entry' scripted for portrait animation 'valyrian_invasion_vs_halberd_1' in modifier 'throneRoom_two_handed_passive_1_pregnant' (part 'torso', type 'female')"
"1","Graphics / portrait source error","","2179","portraitanimations.cpp:110","Unknown animation state 'throneRoom_twoHandedPassiveFat1_entry' scripted for portrait animation 'valyrian_invasion_vs_halberd_1' in modifier 'throneRoom_two_handed_passive_1_fat' (part 'torso', type 'girl')"
"1","Graphics / portrait source error","","2180","portraitanimations.cpp:110","Unknown animation state 'throneRoom_twoHandedPassiveFat1_entry' scripted for portrait animation 'valyrian_invasion_vs_halberd_1' in modifier 'throneRoom_two_handed_passive_1_dwarf' (part 'torso', type 'girl')"
"1","Graphics / portrait source error","","2181","portraitanimations.cpp:110","Unknown animation state 'throneRoom_twoHandedPassiveFatDwarf1_entry' scripted for portrait animation 'valyrian_invasion_vs_halberd_1' in modifier 'throneRoom_two_handed_passive_1_fat_dwarf' (part 'torso', type 'girl')"
"1","Graphics / portrait source error","","2178","portraitanimations.cpp:110","Unknown animation state 'throneRoom_twoHandedPassiveFatDwarf1_entry' scripted for portrait animation 'valyrian_invasion_vs_halberd_1' in modifier 'throneRoom_two_handed_passive_1_pregnant_fat_dwarf' (part 'torso', type 'boy')"
"1","Graphics / portrait source error","","2175","portraitanimations.cpp:110","Unknown animation state 'throneRoom_twoHandedPassiveFatDwarf1_entry' scripted for portrait animation 'valyrian_invasion_vs_halberd_1' in modifier 'throneRoom_two_handed_passive_1_fat_dwarf' (part 'torso', type 'boy')"
"1","Graphics / portrait source error","","2176","portraitanimations.cpp:110","Unknown animation state 'throneRoom_twoHandedPassiveFatDwarf1_entry' scripted for portrait animation 'valyrian_invasion_vs_halberd_1' in modifier 'throneRoom_two_handed_passive_1_pregnant' (part 'torso', type 'boy')"
"1","Graphics / portrait source error","","2177","portraitanimations.cpp:110","Unknown animation state 'throneRoom_twoHandedPassiveFatDwarf1_entry' scripted for portrait animation 'valyrian_invasion_vs_halberd_1' in modifier 'throneRoom_two_handed_passive_1_pregnant_dwarf' (part 'torso', type 'boy')"
"1","Script / database error","Divine Intervention Cheat Menu","2019","jomini_trigger.cpp:243","PostValidate of trigger 'is_in_family' returned false at file: common/scripted_effects/DI_char_spawner_effects.txt line: 1466 (DI_char_spawner_resolve_origin_effect)"
"1","Script / database error","Divine Intervention Cheat Menu","2020","jomini_script_system.cpp:303","Script system error!
  Error: is_in_family trigger [ Invalid database object 'rf_eastern' ]
  Script location: file: common/scripted_effects/DI_char_spawner_effects.txt line: 1470 (DI_char_spawner_resolve_origin_effect)"
"1","Script / database error","Divine Intervention Cheat Menu","2024","jomini_trigger.cpp:243","PostValidate of trigger 'is_in_family' returned false at file: common/scripted_effects/DI_char_spawner_effects.txt line: 1470 (DI_char_spawner_resolve_origin_effect)"
"1","Script / database error","Divine Intervention Cheat Menu","2015","jomini_script_system.cpp:303","Script system error!
  Error: is_in_family trigger [ Invalid database object 'rf_abrahamic' ]
  Script location: file: common/scripted_effects/DI_char_spawner_effects.txt line: 1466 (DI_char_spawner_resolve_origin_effect)"
"1","Script / database error","AGOT - Crowns of Westeros","2009","jomini_trigger.cpp:243","PostValidate of trigger 'has_game_rule' returned false at file: common/on_action/ntc_artifacts_startdate.txt line: 128 (ntc_artifact_shattered_kingdoms)"
"1","Script / database error","Divine Intervention Cheat Menu","2010","jomini_script_system.cpp:303","Script system error!
  Error: is_in_family trigger [ Invalid database object 'rf_abrahamic' ]
  Script location: file: common/scripted_effects/DI_char_spawner_effects.txt line: 1464 (DI_char_spawner_resolve_origin_effect)"
"1","Script / database error","Divine Intervention Cheat Menu","2014","jomini_trigger.cpp:243","PostValidate of trigger 'is_in_family' returned false at file: common/scripted_effects/DI_char_spawner_effects.txt line: 1464 (DI_char_spawner_resolve_origin_effect)"
"1","Script / database error","Divine Intervention Cheat Menu","2035","jomini_script_system.cpp:303","Script system error!
  Error: is_in_family trigger [ Invalid database object 'rf_sinitic' ]
  Script location: file: common/scripted_effects/DI_char_spawner_effects.txt line: 1478 (DI_char_spawner_resolve_origin_effect)"
"1","Script / database error","Divine Intervention Cheat Menu","2039","jomini_trigger.cpp:243","PostValidate of trigger 'is_in_family' returned false at file: common/scripted_effects/DI_char_spawner_effects.txt line: 1478 (DI_char_spawner_resolve_origin_effect)"
"1","Script / database error","Divine Intervention Cheat Menu","2040","jomini_script_system.cpp:303","Script system error!
  Error: is_in_family trigger [ Invalid database object 'rf_pagan' ]
  Script location: file: common/scripted_effects/DI_char_spawner_effects.txt line: 1482 (DI_char_spawner_resolve_origin_effect)"
"1","Script / database error","Divine Intervention Cheat Menu","2034","jomini_trigger.cpp:243","PostValidate of trigger 'is_in_family' returned false at file: common/scripted_effects/DI_char_spawner_effects.txt line: 1476 (DI_char_spawner_resolve_origin_effect)"
"1","Script / database error","Divine Intervention Cheat Menu","2025","jomini_script_system.cpp:303","Script system error!
  Error: is_in_family trigger [ Invalid database object 'rf_eastern' ]
  Script location: file: common/scripted_effects/DI_char_spawner_effects.txt line: 1472 (DI_char_spawner_resolve_origin_effect)"
"1","Script / database error","Divine Intervention Cheat Menu","2029","jomini_trigger.cpp:243","PostValidate of trigger 'is_in_family' returned false at file: common/scripted_effects/DI_char_spawner_effects.txt line: 1472 (DI_char_spawner_resolve_origin_effect)"
"1","Script / database error","Divine Intervention Cheat Menu","2030","jomini_script_system.cpp:303","Script system error!
  Error: is_in_family trigger [ Invalid database object 'rf_sinitic' ]
  Script location: file: common/scripted_effects/DI_char_spawner_effects.txt line: 1476 (DI_char_spawner_resolve_origin_effect)"
"1","Script / database error","AGOT - Crowns of Westeros","2005","jomini_script_system.cpp:303","Script system error!
  Error: has_game_rule trigger [ Invalid database object 'agot_shatter_empires' ]
  Script location: file: common/on_action/ntc_artifacts_startdate.txt line: 128 (ntc_artifact_shattered_kingdoms)"
"1","Script / database error","AGOT Submod Core","1980","jomini_script_system.cpp:303","Script system error!
  Error: has_game_rule trigger [ Invalid database object 'show_armor_enabled' ]
  Script location: file: gfx/portraits/portrait_modifiers/05_headgear_situational.txt line: 3355 (headgear_situational:weight)"
"1","Script / database error","AGOT Submod Core","1984","jomini_trigger.cpp:243","PostValidate of trigger 'has_game_rule' returned false at file: gfx/portraits/portrait_modifiers/05_headgear_situational.txt line: 3355 (headgear_situational:weight)"
"1","Script / database error","Divine Intervention Cheat Menu","1985","jomini_script_system.cpp:303","Script system error!
  Error: is_struggle_type trigger [ Invalid database object 'persian_struggle' ]
  Script location: file: common/character_interactions/DI_character_interaction.txt line: 1415 (DI_arrange_marriage_interaction:is_shown)"
"1","Script / database error","AGOT Submod Core","1979","jomini_trigger.cpp:243","PostValidate of trigger 'has_game_rule' returned false at file: gfx/portraits/portrait_modifiers/05_headgear_situational.txt line: 3310 (headgear_situational:weight)"
"1","Script / database error","AGOT Submod Core","1970","jomini_script_system.cpp:303","Script system error!
  Error: has_game_rule trigger [ Invalid database object 'show_armor_enabled' ]
  Script location: file: gfx/portraits/portrait_modifiers/05_headgear_situational.txt line: 3266 (headgear_situational:weight)"
"1","Script / database error","AGOT Submod Core","1974","jomini_trigger.cpp:243","PostValidate of trigger 'has_game_rule' returned false at file: gfx/portraits/portrait_modifiers/05_headgear_situational.txt line: 3266 (headgear_situational:weight)"
"1","Script / database error","AGOT Submod Core","1975","jomini_script_system.cpp:303","Script system error!
  Error: has_game_rule trigger [ Invalid database object 'show_armor_enabled' ]
  Script location: file: gfx/portraits/portrait_modifiers/05_headgear_situational.txt line: 3310 (headgear_situational:weight)"
"1","Script / database error","Divine Intervention Cheat Menu","1999","jomini_trigger.cpp:243","PostValidate of trigger 'is_struggle_type' returned false at file: common/character_interactions/DI_character_interaction.txt line: 1424 (DI_arrange_marriage_interaction:is_valid)"
"1","Script / database error","Divine Intervention Cheat Menu","2000","jomini_script_system.cpp:303","Script system error!
  Error: is_struggle_type trigger [ Invalid database object 'persian_struggle' ]
  Script location: file: common/character_interactions/DI_character_interaction.txt line: 1430 (DI_arrange_marriage_interaction:is_valid)"
"1","Script / database error","Divine Intervention Cheat Menu","2004","jomini_trigger.cpp:243","PostValidate of trigger 'is_struggle_type' returned false at file: common/character_interactions/DI_character_interaction.txt line: 1430 (DI_arrange_marriage_interaction:is_valid)"
"1","Script / database error","Divine Intervention Cheat Menu","1995","jomini_script_system.cpp:303","Script system error!
  Error: is_struggle_type trigger [ Invalid database object 'persian_struggle' ]
  Script location: file: common/character_interactions/DI_character_interaction.txt line: 1424 (DI_arrange_marriage_interaction:is_valid)"
"1","Script / database error","Divine Intervention Cheat Menu","1989","jomini_trigger.cpp:243","PostValidate of trigger 'is_struggle_type' returned false at file: common/character_interactions/DI_character_interaction.txt line: 1415 (DI_arrange_marriage_interaction:is_shown)"
"1","Script / database error","Divine Intervention Cheat Menu","1990","jomini_script_system.cpp:303","Script system error!
  Error: has_struggle_phase_parameter trigger [ Bool phase parameter 'can_trade_piety_for_marriage_acceptance' does not exist ]
  Script location: file: common/character_interactions/DI_character_interaction.txt line: 1416 (DI_arrange_marriage_interaction:is_shown)"
"1","Script / database error","Divine Intervention Cheat Menu","1994","jomini_trigger.cpp:243","PostValidate of trigger 'has_struggle_phase_parameter' returned false at file: common/character_interactions/DI_character_interaction.txt line: 1416 (DI_arrange_marriage_interaction:is_shown)"
"1","Script / database error","AGOT Submod Core","2090","jomini_script_system.cpp:303","Script system error!
  Error: has_game_rule trigger [ Invalid database object 'tgc_blackfyre_enabled' ]
  Script location: file: common/scripted_triggers/tgc_loaded_trigger.txt line: 164 (tgc_blackfyre_house_equipment_trigger)"
"1","Script / database error","AGOT Submod Core","2094","jomini_trigger.cpp:243","PostValidate of trigger 'has_game_rule' returned false at file: common/scripted_triggers/tgc_loaded_trigger.txt line: 164 (tgc_blackfyre_house_equipment_trigger)"
"1","Script / database error","","2131","static_modifier.cpp:200","Modifier 'lucerys_gun_modifier' was not used by the script or code but exists in the database, this is a waste"
"1","Script / database error","AGOT Submod Core","2089","jomini_trigger.cpp:243","PostValidate of trigger 'has_game_rule' returned false at file: common/scripted_triggers/tgc_loaded_trigger.txt line: 163 (tgc_blackfyre_house_equipment_trigger)"
"1","Script / database error","AGOT Submod Core","2080","jomini_script_system.cpp:303","Script system error!
  Error: has_game_rule trigger [ Invalid database object 'tgc_faegon_enabled' ]
  Script location: file: common/scripted_triggers/tgc_loaded_trigger.txt line: 140 (tgc_targaryen_equipment_trigger)"
"1","Script / database error","AGOT Submod Core","2084","jomini_trigger.cpp:243","PostValidate of trigger 'has_game_rule' returned false at file: common/scripted_triggers/tgc_loaded_trigger.txt line: 140 (tgc_targaryen_equipment_trigger)"
"1","Script / database error","AGOT Submod Core","2085","jomini_script_system.cpp:303","Script system error!
  Error: has_game_rule trigger [ Invalid database object 'tgc_enabled_enabled' ]
  Script location: file: common/scripted_triggers/tgc_loaded_trigger.txt line: 163 (tgc_blackfyre_house_equipment_trigger)"
"1","Script / database error","","2136","static_modifier.cpp:200","Modifier 'asoiaf_Karstark_4_modifier' was not used by the script or code but exists in the database, this is a waste"
"1","Graphics / portrait source error","","2137","portraitanimations.cpp:110","Unknown animation state 'throneRoom_twoHandedPassiveFat1_entry' scripted for portrait animation 'valyrian_invasion_vs_spear_1_1' in modifier 'throneRoom_two_handed_passive_1_fat' (part 'torso', type 'male')"
"1","Graphics / portrait source error","","2138","portraitanimations.cpp:110","Unknown animation state 'throneRoom_twoHandedPassiveFat1_entry' scripted for portrait animation 'valyrian_invasion_vs_spear_1_1' in modifier 'throneRoom_two_handed_passive_1_dwarf' (part 'torso', type 'male')"
"1","Script / database error","","2135","static_modifier.cpp:200","Modifier 'asoiaf_stark_throne_modifier' was not used by the script or code but exists in the database, this is a waste"
"1","Script / database error","","2132","static_modifier.cpp:200","Modifier 'artifact_monthly_piety_negative_1_modifier' was not used by the script or code but exists in the database, this is a waste"
"1","Script / database error","","2133","static_modifier.cpp:200","Modifier 'artifact_monthly_martial_lifestyle_xp_1_negative_modifier' was not used by the script or code but exists in the database, this is a waste"
"1","Script / database error","","2134","static_modifier.cpp:200","Modifier 'asoiaf_oathkeeper_modifier' was not used by the script or code but exists in the database, this is a waste"
"1","Script / database error","AGOT Submod Core","2079","jomini_trigger.cpp:243","PostValidate of trigger 'has_game_rule' returned false at file: common/scripted_triggers/tgc_loaded_trigger.txt line: 120 (tgc_blackfyre_equipment_trigger)"
"1","Script / database error","COW-AGOT: 3D Models & Bigger Castles","2054","jomini_trigger.cpp:243","PostValidate of trigger 'has_cultural_parameter' returned false at file: common/scripted_triggers/cowagot_building_requirement_triggers.txt line: 12 (building_quarries_requirement_terrain)"
"1","Script / database error","AGOT Submod Core","2055","jomini_script_system.cpp:303","Script system error!
  Error: has_game_rule trigger [ Invalid database object 'tgc_enabled_enabled' ]
  Script location: file: common/scripted_triggers/tgc_loaded_trigger.txt line: 11 (tgc_standard_equipment_trigger)"
"1","Script / database error","AGOT Submod Core","2059","jomini_trigger.cpp:243","PostValidate of trigger 'has_game_rule' returned false at file: common/scripted_triggers/tgc_loaded_trigger.txt line: 11 (tgc_standard_equipment_trigger)"
"1","Script / database error","COW-AGOT: 3D Models & Bigger Castles","2050","jomini_script_system.cpp:303","Script system error!
  Error: has_cultural_parameter trigger [ Bool culture parameter 'can_build_quarries_in_hills' does not exist ]
  Script location: file: common/scripted_triggers/cowagot_building_requirement_triggers.txt line: 12 (building_quarries_requirement_terrain)"
"1","Script / database error","Divine Intervention Cheat Menu","2044","jomini_trigger.cpp:243","PostValidate of trigger 'is_in_family' returned false at file: common/scripted_effects/DI_char_spawner_effects.txt line: 1482 (DI_char_spawner_resolve_origin_effect)"
"1","Script / database error","Divine Intervention Cheat Menu","2045","jomini_script_system.cpp:303","Script system error!
  Error: is_in_family trigger [ Invalid database object 'rf_pagan' ]
  Script location: file: common/scripted_effects/DI_char_spawner_effects.txt line: 1484 (DI_char_spawner_resolve_origin_effect)"
"1","Script / database error","Divine Intervention Cheat Menu","2049","jomini_trigger.cpp:243","PostValidate of trigger 'is_in_family' returned false at file: common/scripted_effects/DI_char_spawner_effects.txt line: 1484 (DI_char_spawner_resolve_origin_effect)"
"1","Script / database error","AGOT Submod Core","2070","jomini_script_system.cpp:303","Script system error!
  Error: has_game_rule trigger [ Invalid database object 'tgc_blackfyre_enabled' ]
  Script location: file: common/scripted_triggers/tgc_loaded_trigger.txt line: 104 (tgc_blackfyre_equipment_trigger)"
"1","Script / database error","AGOT Submod Core","2074","jomini_trigger.cpp:243","PostValidate of trigger 'has_game_rule' returned false at file: common/scripted_triggers/tgc_loaded_trigger.txt line: 104 (tgc_blackfyre_equipment_trigger)"
"1","Script / database error","AGOT Submod Core","2075","jomini_script_system.cpp:303","Script system error!
  Error: has_game_rule trigger [ Invalid database object 'tgc_faegon_enabled' ]
  Script location: file: common/scripted_triggers/tgc_loaded_trigger.txt line: 120 (tgc_blackfyre_equipment_trigger)"
"1","Script / database error","AGOT Submod Core","2069","jomini_trigger.cpp:243","PostValidate of trigger 'has_game_rule' returned false at file: common/scripted_triggers/tgc_loaded_trigger.txt line: 94 (tgc_blackfyre_or_targ_equipment_trigger)"
"1","Script / database error","AGOT Submod Core","2060","jomini_script_system.cpp:303","Script system error!
  Error: has_game_rule trigger [ Invalid database object 'tgc_enabled_enabled' ]
  Script location: file: common/scripted_triggers/tgc_loaded_trigger.txt line: 59 (tgc_captain_equipment_trigger)"
"1","Script / database error","AGOT Submod Core","2064","jomini_trigger.cpp:243","PostValidate of trigger 'has_game_rule' returned false at file: common/scripted_triggers/tgc_loaded_trigger.txt line: 59 (tgc_captain_equipment_trigger)"
"1","Script / database error","AGOT Submod Core","2065","jomini_script_system.cpp:303","Script system error!
  Error: has_game_rule trigger [ Invalid database object 'tgc_enabled_enabled' ]
  Script location: file: common/scripted_triggers/tgc_loaded_trigger.txt line: 94 (tgc_blackfyre_or_targ_equipment_trigger)"
"1","Graphics / portrait source error","COW-AGOT: 3D Models & Bigger Castles","1304","pdxassetutil.cpp:1763","pdxmesh [lordsport_mesh] is out of sync with its meshsettings. [lordsport_stone_ground] is not in use in file: gfx/models/buildings/special/lordsport/lordsport.mesh"
"1","Graphics / portrait source error","AGOT+","1305","pdxassetutil.cpp:2002","Asset ""gfx/models/portraits/f_headgears/asoiaf/asoiaf_crownlands/f_asoiaf_gold_cloak_helm/f_asoiaf_gold_cloak_helm.mesh"" has more than 3 UV channels. This is not supported and will be ignored."
"1","Graphics / portrait source error","AGOT+","1306","pdxassetutil.cpp:556","UV-Set: 1 in mesh 'asoiaf_nights_watch_legsShape' in file 'gfx/models/portraits/m_legwear/asoiaf/asoiaf_nights_watch/asoiaf_nights_watch_legs/asoiaf_nights_watch_legs.mesh' has no valid triangle to use when calculating texture streaming factor. Texture streaming needs a triangle with an area."
"1","Graphics / portrait source error","COW-AGOT: 3D Models & Bigger Castles","1303","pdxassetutil.cpp:1763","pdxmesh [lordsport_mesh] is out of sync with its meshsettings. [iron] is not in use in file: gfx/models/buildings/special/lordsport/lordsport.mesh"
"1","Graphics / portrait source error","AGOT+","1298","pdxassetutil.cpp:2002","Asset ""gfx/models/portraits/f_clothes/asoiaf/asoiaf_crownlands/f_asoiaf_gold_cloak_armour/f_asoiaf_gold_cloak_armour.mesh"" has more than 3 UV channels. This is not supported and will be ignored."
"1","Graphics / portrait source error","AGOT+","1300","pdxassetutil.cpp:556","UV-Set: 2 in mesh 'asoiaf_nights_watch_cloak_1Shape' in file 'gfx/models/portraits/m_cloaks/asoiaf/asoiaf_nights_watch/asoiaf_nights_watch_cloak_1/asoiaf_nights_watch_cloak_1.mesh' has no valid triangle to use when calculating texture streaming factor. Texture streaming needs a triangle with an area."
"1","Graphics / portrait source error","AGOT+","1302","pdxassetutil.cpp:2002","Asset ""gfx/models/portraits/m_headgears/asoiaf/asoiaf_crownlands/asoiaf_gold_cloak_helm/asoiaf_gold_cloak_helm.mesh"" has more than 3 UV channels. This is not supported and will be ignored."
"1","Graphics / portrait source error","AGOT+","1307","pdxassetutil.cpp:2002","Asset ""gfx/models/portraits/m_clothes/asoiaf/asoiaf_religious_clothing/asoiaf_septon_robes/asoiaf_septon_robes_2/asoiaf_septon_robes_2.mesh"" has more than 3 UV channels. This is not supported and will be ignored."
"1","Graphics / portrait source error","COW-AGOT: 3D Models & Bigger Castles","1312","pdxassetutil.cpp:556","UV-Set: 1 in mesh 'building_special_evenfall_2Shape' in file 'gfx/models/buildings/special/Evenfall/building_special_evenfall.mesh' has no valid triangle to use when calculating texture streaming factor. Texture streaming needs a triangle with an area."
"1","Graphics / portrait source error","COW-AGOT: 3D Models & Bigger Castles","1313","pdxassetutil.cpp:1763","pdxmesh [building_special_evenfall_mesh] is out of sync with its meshsettings. [building_special_evenfall_4Shape] is not in use in file: gfx/models/buildings/special/Evenfall/building_special_evenfall.mesh"
"1","Graphics / portrait source error","COW-AGOT: 3D Models & Bigger Castles","1314","pdxassetutil.cpp:1763","pdxmesh [building_special_evenfall_mesh] is out of sync with its meshsettings. [building_special_evenfall_cellsShape] is not in use in file: gfx/models/buildings/special/Evenfall/building_special_evenfall.mesh"
"1","Graphics / portrait source error","COW-AGOT: 3D Models & Bigger Castles","1311","pdxassetutil.cpp:556","UV-Set: 1 in mesh 'building_special_evenfall_1Shape' in file 'gfx/models/buildings/special/Evenfall/building_special_evenfall.mesh' has no valid triangle to use when calculating texture streaming factor. Texture streaming needs a triangle with an area."
"1","Graphics / portrait source error","COW-AGOT: 3D Models & Bigger Castles","1308","pdxassetutil.cpp:1763","pdxmesh [building_special_yronwood_mesh] is out of sync with its meshsettings. [fp2_building_special_alhambra_01_palm_treeShape] is not in use in file: gfx/models/buildings/special/yronwood/building_special_yronwood.mesh"
"1","Graphics / portrait source error","AGOT+","1309","pdxassetutil.cpp:2002","Asset ""gfx/models/portraits/m_headgears/asoiaf/asoiaf_nights_watch/asoiaf_nights_watch_hood/asoiaf_nights_watch_hood.mesh"" has more than 3 UV channels. This is not supported and will be ignored."
"1","Graphics / portrait source error","COW-AGOT: 3D Models & Bigger Castles","1310","pdxassetutil.cpp:556","UV-Set: 0 in mesh 'the_ground' in file 'gfx/models/buildings/special/deepwood_motte/deepwood_motte.mesh' has no valid triangle to use when calculating texture streaming factor. Texture streaming needs a triangle with an area."
"1","Graphics / portrait source error","AGOT+","1297","pdxassetutil.cpp:2002","Asset ""gfx/models/portraits/m_clothes/asoiaf/asoiaf_religious_clothing/asoiaf_drowned_man_robes/asoiaf_drowned_man_robes_low/asoiaf_drowned_man_robes_low.mesh"" has more than 3 UV channels. This is not supported and will be ignored."
"1","Graphics / portrait source error","COW-AGOT: 3D Models & Bigger Castles","1284","pdxassetutil.cpp:1763","pdxmesh [crag_level_2_mesh] is out of sync with its meshsettings. [lannisport_lkShape] is not in use in file: gfx/models/buildings/special/crag/crag_level_2.mesh"
"1","Graphics / portrait source error","COW-AGOT: 3D Models & Bigger Castles","1285","pdxassetutil.cpp:1763","pdxmesh [crag_level_2_mesh] is out of sync with its meshsettings. [lannisport_lpShape] is not in use in file: gfx/models/buildings/special/crag/crag_level_2.mesh"
"1","Graphics / portrait source error","AGOT+","1286","pdxassetutil.cpp:556","UV-Set: 1 in mesh 'asoiaf_tywin_tunic_1Shape' in file 'gfx/models/portraits/m_clothes/asoiaf/asoiaf_westerlands/asoiaf_tywin_tunics/asoiaf_tywin_tunic_1/asoiaf_tywin_tunic_1.mesh' has no valid triangle to use when calculating texture streaming factor. Texture streaming needs a triangle with an area."
"1","Graphics / portrait source error","COW-AGOT: 3D Models & Bigger Castles","1283","pdxassetutil.cpp:1763","pdxmesh [crag_level_2_mesh] is out of sync with its meshsettings. [lannisport_dgShape] is not in use in file: gfx/models/buildings/special/crag/crag_level_2.mesh"
"1","Graphics / portrait source error","COW-AGOT: 3D Models & Bigger Castles","1269","pdxassetutil.cpp:556","UV-Set: 0 in mesh 'lift' in file 'gfx/models/buildings/special/castamere/24castamere_2.mesh' has no valid triangle to use when calculating texture streaming factor. Texture streaming needs a triangle with an area."
"1","Graphics / portrait source error","COW-AGOT: 3D Models & Bigger Castles","1274","pdxassetutil.cpp:556","UV-Set: 0 in mesh 'pallet' in file 'gfx/models/buildings/special/castamere/24castamere_2.mesh' has no valid triangle to use when calculating texture streaming factor. Texture streaming needs a triangle with an area."
"1","Graphics / portrait source error","COW-AGOT: 3D Models & Bigger Castles","1282","pdxassetutil.cpp:556","UV-Set: 1 in mesh 'crag_stone_ground' in file 'gfx/models/buildings/special/crag/crag_level_2.mesh' has no valid triangle to use when calculating texture streaming factor. Texture streaming needs a triangle with an area."
"1","Graphics / portrait source error","AGOT+","1287","pdxassetutil.cpp:556","UV-Set: 1 in mesh 'f_asoiaf_shoes_1Shape' in file 'gfx/models/portraits/f_legwear/asoiaf/asoiaf_generic/f_asoiaf_shoes_1/f_asoiaf_shoes_1.mesh' has no valid triangle to use when calculating texture streaming factor. Texture streaming needs a triangle with an area."
"1","Graphics / portrait source error","COW-AGOT: 3D Models & Bigger Castles","1294","pdxassetutil.cpp:556","UV-Set: 0 in mesh 'griffin_roost_roof' in file 'gfx/models/buildings/special/griffins roost/building_special_griffins_roost.mesh' has no valid triangle to use when calculating texture streaming factor. Texture streaming needs a triangle with an area."
"1","Graphics / portrait source error","COW-AGOT: 3D Models & Bigger Castles","1295","pdxassetutil.cpp:556","UV-Set: 1 in mesh 'rooksrest_stone_ground' in file 'gfx/models/buildings/special/rooksrest/rooksrest2.mesh' has no valid triangle to use when calculating texture streaming factor. Texture streaming needs a triangle with an area."
"1","Graphics / portrait source error","COW-AGOT: 3D Models & Bigger Castles","1296","pdxassetutil.cpp:556","UV-Set: 1 in mesh 'rooksrest_stone' in file 'gfx/models/buildings/special/rooksrest/rooksrest2.mesh' has no valid triangle to use when calculating texture streaming factor. Texture streaming needs a triangle with an area."
"1","Graphics / portrait source error","COW-AGOT: 3D Models & Bigger Castles","1293","pdxassetutil.cpp:556","UV-Set: 0 in mesh 'building_griffin_roost_castle' in file 'gfx/models/buildings/special/griffins roost/building_special_griffins_roost.mesh' has no valid triangle to use when calculating texture streaming factor. Texture streaming needs a triangle with an area."
"1","Graphics / portrait source error","AGOT+","1290","pdxassetutil.cpp:2002","Asset ""gfx/models/portraits/m_legwear/asoiaf/asoiaf_iron_isles/asoiaf_ironborn_legs_coa/asoiaf_ironborn_legs_coa.mesh"" has more than 3 UV channels. This is not supported and will be ignored."
"1","Graphics / portrait source error","COW-AGOT: 3D Models & Bigger Castles","1291","pdxassetutil.cpp:1763","pdxmesh [building_special_sisterton_mesh] is out of sync with its meshsettings. [sisteron_rough_walls] is not in use in file: gfx/models/buildings/special/sisterton/building_special_sisterton.mesh"
"1","Graphics / portrait source error","AGOT+","1292","pdxassetutil.cpp:2002","Asset ""gfx/models/portraits/m_clothes/asoiaf/asoiaf_iron_isles/asoiaf_greyjoy_armour_high/asoiaf_greyjoy_armour_high.mesh"" has more than 3 UV channels. This is not supported and will be ignored."
"1","Graphics / portrait source error","COW-AGOT: 3D Models & Bigger Castles","1315","pdxassetutil.cpp:1763","pdxmesh [building_special_evenfall_mesh] is out of sync with its meshsettings. [fp4_legendary_western_palace_01_aShape] is not in use in file: gfx/models/buildings/special/Evenfall/building_special_evenfall.mesh"
"1","Graphics / portrait source error","COW-AGOT: 3D Models & Bigger Castles","1350","pdxassetutil.cpp:1763","pdxmesh [crag_level_1_mesh] is out of sync with its meshsettings. [lannisport_dgShape] is not in use in file: gfx/models/buildings/special/crag/crag_level_1.mesh"
"1","Graphics / portrait source error","COW-AGOT: 3D Models & Bigger Castles","1351","pdxassetutil.cpp:1763","pdxmesh [crag_level_1_mesh] is out of sync with its meshsettings. [lannisport_lkShape] is not in use in file: gfx/models/buildings/special/crag/crag_level_1.mesh"
"1","Graphics / portrait source error","COW-AGOT: 3D Models & Bigger Castles","1352","pdxassetutil.cpp:1763","pdxmesh [crag_level_1_mesh] is out of sync with its meshsettings. [lannisport_lpShape] is not in use in file: gfx/models/buildings/special/crag/crag_level_1.mesh"
"1","Graphics / portrait source error","COW-AGOT: 3D Models & Bigger Castles","1349","pdxassetutil.cpp:556","UV-Set: 1 in mesh 'crag_windows' in file 'gfx/models/buildings/special/crag/crag_level_1.mesh' has no valid triangle to use when calculating texture streaming factor. Texture streaming needs a triangle with an area."
"1","Graphics / portrait source error","COW-AGOT: 3D Models & Bigger Castles","1344","pdxassetutil.cpp:556","UV-Set: 0 in mesh 'building_mediterranean_city_02' in file 'gfx/models/buildings/special/the_arbor/the_arbor.mesh' has no valid triangle to use when calculating texture streaming factor. Texture streaming needs a triangle with an area."
"1","Graphics / portrait source error","AGOT+","1345","pdxassetutil.cpp:2002","Asset ""gfx/models/portraits/m_clothes/asoiaf/asoiaf_religious_clothing/asoiaf_drowned_man_robes/asoiaf_drowned_man_robes_high/asoiaf_drowned_man_robes_high.mesh"" has more than 3 UV channels. This is not supported and will be ignored."
"1","Graphics / portrait source error","COW-AGOT: 3D Models & Bigger Castles","1348","pdxassetutil.cpp:556","UV-Set: 1 in mesh 'crag_stone_ground' in file 'gfx/models/buildings/special/crag/crag_level_1.mesh' has no valid triangle to use when calculating texture streaming factor. Texture streaming needs a triangle with an area."
"1","Graphics / portrait source error","AGOT+","1353","pdxassetutil.cpp:2002","Asset ""gfx/models/portraits/f_jewellery/asoiaf/asoiaf_generic/asoiaf_shark_tooth_necklace/f_asoiaf_shark_tooth_necklace.mesh"" has more than 3 UV channels. This is not supported and will be ignored."
"1","Graphics / portrait source error","COW-AGOT: 3D Models & Bigger Castles","1358","pdxassetutil.cpp:1763","pdxmesh [building_special_duskendale_mesh] is out of sync with its meshsettings. [building_mediterranean_city_02] is not in use in file: gfx/models/buildings/special/duskendale/building_special_duskendale.mesh"
"1","Graphics / portrait source error","AGOT+","1359","pdxassetutil.cpp:2002","Asset ""gfx/models/portraits/m_clothes/asoiaf/asoiaf_crownlands/asoiaf_gold_cloak_armour/asoiaf_gold_cloak_armour.mesh"" has more than 3 UV channels. This is not supported and will be ignored."
"1","Graphics / portrait source error","AGOT+","1360","pdxassetutil.cpp:2002","Asset ""gfx/models/portraits/m_headgears/asoiaf/asoiaf_reach/asoiaf_tyrell_helm_high/asoiaf_tyrell_helm_high.mesh"" has more than 3 UV channels. This is not supported and will be ignored."
"1","Graphics / portrait source error","COW-AGOT: 3D Models & Bigger Castles","1357","pdxassetutil.cpp:1763","pdxmesh [building_special_duskendale_mesh] is out of sync with its meshsettings. [farm_mediterranean_decal] is not in use in file: gfx/models/buildings/special/duskendale/building_special_duskendale.mesh"
"1","Graphics / portrait source error","AGOT+","1354","pdxassetutil.cpp:2002","Asset ""gfx/models/portraits/m_legwear/asoiaf/asoiaf_generic/asoiaf_leather_boots_4/asoiaf_leather_boots_4.mesh"" has more than 3 UV channels. This is not supported and will be ignored."
"1","Graphics / portrait source error","COW-AGOT: 3D Models & Bigger Castles","1355","pdxassetutil.cpp:1763","pdxmesh [building_special_duskendale_mesh] is out of sync with its meshsettings. [farm_mediterranean] is not in use in file: gfx/models/buildings/special/duskendale/building_special_duskendale.mesh"
"1","Graphics / portrait source error","COW-AGOT: 3D Models & Bigger Castles","1356","pdxassetutil.cpp:1763","pdxmesh [building_special_duskendale_mesh] is out of sync with its meshsettings. [farm_mediterranean_vines] is not in use in file: gfx/models/buildings/special/duskendale/building_special_duskendale.mesh"
"1","Graphics / portrait source error","AGOT+","1343","pdxassetutil.cpp:2002","Asset ""gfx/models/portraits/f_legwear/asoiaf/asoiaf_crownlands/f_asoiaf_dragonstone_legs/f_asoiaf_dragonstone_legs.mesh"" has more than 3 UV channels. This is not supported and will be ignored."
"1","Graphics / portrait source error","COW-AGOT: 3D Models & Bigger Castles","1320","pdxassetutil.cpp:1763","pdxmesh [building_seagard_01_mesh] is out of sync with its meshsettings. [western_walls_04_a1Shape] is not in use in file: gfx/models/buildings/special/seagaurd/building_seagard_01.mesh"
"1","Graphics / portrait source error","COW-AGOT: 3D Models & Bigger Castles","1321","pdxassetutil.cpp:1763","pdxmesh [building_seagard_01_mesh] is out of sync with its meshsettings. [western_walls_04_a1Shape1] is not in use in file: gfx/models/buildings/special/seagaurd/building_seagard_01.mesh"
"1","Graphics / portrait source error","COW-AGOT: 3D Models & Bigger Castles","1322","pdxassetutil.cpp:1763","pdxmesh [building_seagard_01_mesh] is out of sync with its meshsettings. [western_walls_04_a1Shape2] is not in use in file: gfx/models/buildings/special/seagaurd/building_seagard_01.mesh"
"1","Graphics / portrait source error","COW-AGOT: 3D Models & Bigger Castles","1319","pdxassetutil.cpp:1763","pdxmesh [building_seagard_01_mesh] is out of sync with its meshsettings. [building_western_castle_0Shape4] is not in use in file: gfx/models/buildings/special/seagaurd/building_seagard_01.mesh"
"1","Graphics / portrait source error","COW-AGOT: 3D Models & Bigger Castles","1316","pdxassetutil.cpp:556","UV-Set: 0 in mesh 'bronze_bell' in file 'gfx/models/buildings/special/seagaurd/building_seagard_01.mesh' has no valid triangle to use when calculating texture streaming factor. Texture streaming needs a triangle with an area."
"1","Graphics / portrait source error","COW-AGOT: 3D Models & Bigger Castles","1317","pdxassetutil.cpp:556","UV-Set: 0 in mesh 'bellchain' in file 'gfx/models/buildings/special/seagaurd/building_seagard_01.mesh' has no valid triangle to use when calculating texture streaming factor. Texture streaming needs a triangle with an area."
"1","Graphics / portrait source error","COW-AGOT: 3D Models & Bigger Castles","1318","pdxassetutil.cpp:1763","pdxmesh [building_seagard_01_mesh] is out of sync with its meshsettings. [City] is not in use in file: gfx/models/buildings/special/seagaurd/building_seagard_01.mesh"
"1","Graphics / portrait source error","COW-AGOT: 3D Models & Bigger Castles","1323","pdxassetutil.cpp:1763","pdxmesh [building_seagard_01_mesh] is out of sync with its meshsettings. [western_walls_04_a1Shape3] is not in use in file: gfx/models/buildings/special/seagaurd/building_seagard_01.mesh"
"1","Graphics / portrait source error","COW-AGOT: 3D Models & Bigger Castles","1328","pdxassetutil.cpp:556","UV-Set: 0 in mesh 'lift' in file 'gfx/models/buildings/special/castamere/castamere_restored.mesh' has no valid triangle to use when calculating texture streaming factor. Texture streaming needs a triangle with an area."
"1","Graphics / portrait source error","COW-AGOT: 3D Models & Bigger Castles","1333","pdxassetutil.cpp:556","UV-Set: 0 in mesh 'windmill' in file 'gfx/models/buildings/special/castamere/castamere_restored.mesh' has no valid triangle to use when calculating texture streaming factor. Texture streaming needs a triangle with an area."
"1","Graphics / portrait source error","COW-AGOT: 3D Models & Bigger Castles","1338","pdxassetutil.cpp:556","UV-Set: 0 in mesh 'pallet' in file 'gfx/models/buildings/special/castamere/castamere_restored.mesh' has no valid triangle to use when calculating texture streaming factor. Texture streaming needs a triangle with an area."
"1","Graphics / portrait source error","COW-AGOT: 3D Models & Bigger Castles","1327","pdxassetutil.cpp:1763","pdxmesh [building_seagard_01_mesh] is out of sync with its meshsettings. [building_special_stormsend_castle_cliffsShape] is not in use in file: gfx/models/buildings/special/seagaurd/building_seagard_01.mesh"
"1","Graphics / portrait source error","COW-AGOT: 3D Models & Bigger Castles","1324","pdxassetutil.cpp:1763","pdxmesh [building_seagard_01_mesh] is out of sync with its meshsettings. [pallet] is not in use in file: gfx/models/buildings/special/seagaurd/building_seagard_01.mesh"
"1","Graphics / portrait source error","COW-AGOT: 3D Models & Bigger Castles","1325","pdxassetutil.cpp:1763","pdxmesh [building_seagard_01_mesh] is out of sync with its meshsettings. [lift] is not in use in file: gfx/models/buildings/special/seagaurd/building_seagard_01.mesh"
"1","Graphics / portrait source error","COW-AGOT: 3D Models & Bigger Castles","1326","pdxassetutil.cpp:1763","pdxmesh [building_seagard_01_mesh] is out of sync with its meshsettings. [hillfort_01] is not in use in file: gfx/models/buildings/special/seagaurd/building_seagard_01.mesh"
"1","Graphics / portrait source error","AGOT+","1268","pdxassetutil.cpp:556","UV-Set: 1 in mesh 'asoiaf_leather_boots_2Shape' in file 'gfx/models/portraits/m_legwear/asoiaf/asoiaf_generic/asoiaf_leather_boots_2/asoiaf_leather_boots_2.mesh' has no valid triangle to use when calculating texture streaming factor. Texture streaming needs a triangle with an area."
"1","Graphics / portrait source error","A Game of Thrones | COW-AGOT: 3D Models & Bigger Castles","1212","pdxassetutil.cpp:1009","Duplicate texture 'ethiopian_atlas_properties.dds' found (current path 'gfx/models/buildings/special/Runestone/ethiopian_atlas_properties.dds', previous path 'gfx/models/buildings/holdings/atlas/ethiopian/ethiopian_atlas_properties.dds')"
"1","Graphics / portrait source error","A Game of Thrones | AGOT+","1213","pdxassetutil.cpp:1009","Duplicate texture 'male_cloaks_secular_shouldercape_01_diffuse.dds' found (current path 'gfx/models/portraits/m_cloaks/asoiaf/asoiaf_westerlands/asoiaf_lannister_cloaks/asoiaf_lannister_cloak_royal/male_cloaks_secular_shouldercape_01_diffuse.dds', previous path 'gfx/models/portraits/m_cloaks/agot/shouldercape/male_cloaks_secular_shouldercape_01_diffuse.dds')"
"1","Graphics / portrait source error","A Game of Thrones | AGOT+","1214","pdxassetutil.cpp:1009","Duplicate texture 'male_cloaks_secular_shouldercape_01_masks.dds' found (current path 'gfx/models/portraits/m_cloaks/asoiaf/asoiaf_westerlands/asoiaf_lannister_cloaks/asoiaf_lannister_cloak_royal/male_cloaks_secular_shouldercape_01_masks.dds', previous path 'gfx/models/portraits/m_cloaks/agot/shouldercape/male_cloaks_secular_shouldercape_01_masks.dds')"
"1","Graphics / portrait source error","A Game of Thrones | COW-AGOT: 3D Models & Bigger Castles","1211","pdxassetutil.cpp:1009","Duplicate texture 'ethiopian_atlas_properties.dds' found (current path 'gfx/models/buildings/special/Karhold/ethiopian_atlas_properties.dds', previous path 'gfx/models/buildings/holdings/atlas/ethiopian/ethiopian_atlas_properties.dds')"
"1","Graphics / portrait source error","A Game of Thrones | COW-AGOT: 3D Models & Bigger Castles","1208","pdxassetutil.cpp:1009","Duplicate texture 'ethiopian_atlas_diffuse.dds' found (current path 'gfx/models/buildings/special/Runestone/ethiopian_atlas_diffuse.dds', previous path 'gfx/models/buildings/holdings/atlas/ethiopian/ethiopian_atlas_diffuse.dds')"
"1","Graphics / portrait source error","A Game of Thrones | COW-AGOT: 3D Models & Bigger Castles","1209","pdxassetutil.cpp:1009","Duplicate texture 'ethiopian_atlas_normal.dds' found (current path 'gfx/models/buildings/special/Karhold/ethiopian_atlas_normal.dds', previous path 'gfx/models/buildings/holdings/atlas/ethiopian/ethiopian_atlas_normal.dds')"
"1","Graphics / portrait source error","A Game of Thrones | COW-AGOT: 3D Models & Bigger Castles","1210","pdxassetutil.cpp:1009","Duplicate texture 'ethiopian_atlas_normal.dds' found (current path 'gfx/models/buildings/special/Runestone/ethiopian_atlas_normal.dds', previous path 'gfx/models/buildings/holdings/atlas/ethiopian/ethiopian_atlas_normal.dds')"
"1","Graphics / portrait source error","A Game of Thrones | AGOT+","1215","pdxassetutil.cpp:1009","Duplicate texture 'male_cloaks_secular_shouldercape_01_normal.dds' found (current path 'gfx/models/portraits/m_cloaks/asoiaf/asoiaf_westerlands/asoiaf_lannister_cloaks/asoiaf_lannister_cloak_royal/male_cloaks_secular_shouldercape_01_normal.dds', previous path 'gfx/models/portraits/m_cloaks/agot/shouldercape/male_cloaks_secular_shouldercape_01_normal.dds')"
"1","Graphics / portrait source error","COW-AGOT: 3D Models & Bigger Castles","1220","pdxassetutil.cpp:556","UV-Set: 1 in mesh 'crag_stone_ground' in file 'gfx/models/buildings/special/cow_blackhaven/cow_blackhaven.mesh' has no valid triangle to use when calculating texture streaming factor. Texture streaming needs a triangle with an area."
"1","Graphics / portrait source error","AGOT+","1221","pdxassetutil.cpp:2002","Asset ""gfx/models/portraits/f_legwear/asoiaf/asoiaf_crownlands/f_asoiaf_gold_cloak_legs/f_asoiaf_gold_cloak_legs.mesh"" has more than 3 UV channels. This is not supported and will be ignored."
"1","Graphics / portrait source error","COW-AGOT: 3D Models & Bigger Castles","1222","pdxassetutil.cpp:1763","pdxmesh [cow_blackhaven_mesh] is out of sync with its meshsettings. [blackhaven_rockShape] is not in use in file: gfx/models/buildings/special/cow_blackhaven/cow_blackhaven.mesh"
"1","Graphics / portrait source error","COW-AGOT: 3D Models & Bigger Castles","1219","pdxassetutil.cpp:556","UV-Set: 1 in mesh 'gold_ball' in file 'gfx/models/buildings/special/cow_blackhaven/cow_blackhaven.mesh' has no valid triangle to use when calculating texture streaming factor. Texture streaming needs a triangle with an area."
"1","Graphics / portrait source error","A Game of Thrones | AGOT+","1216","pdxassetutil.cpp:1009","Duplicate texture 'male_cloaks_secular_shouldercape_01_properties.dds' found (current path 'gfx/models/portraits/m_cloaks/asoiaf/asoiaf_westerlands/asoiaf_lannister_cloaks/asoiaf_lannister_cloak_royal/male_cloaks_secular_shouldercape_01_properties.dds', previous path 'gfx/models/portraits/m_cloaks/agot/shouldercape/male_cloaks_secular_shouldercape_01_properties.dds')"
"1","Graphics / portrait source error","COW-AGOT: 3D Models & Bigger Castles","1217","pdxassetutil.cpp:556","UV-Set: 1 in mesh 'crag_crenelation' in file 'gfx/models/buildings/special/crag/crag.mesh' has no valid triangle to use when calculating texture streaming factor. Texture streaming needs a triangle with an area."
"1","Graphics / portrait source error","AGOT+","1218","pdxassetutil.cpp:2002","Asset ""gfx/models/portraits/m_headgears/asoiaf/asoiaf_reach/asoiaf_tyrell_helm_low/asoiaf_tyrell_helm_low.mesh"" has more than 3 UV channels. This is not supported and will be ignored."
"1","Graphics / portrait source error","A Game of Thrones | COW-AGOT: 3D Models & Bigger Castles","1207","pdxassetutil.cpp:1009","Duplicate texture 'ethiopian_atlas_diffuse.dds' found (current path 'gfx/models/buildings/special/Karhold/ethiopian_atlas_diffuse.dds', previous path 'gfx/models/buildings/holdings/atlas/ethiopian/ethiopian_atlas_diffuse.dds')"
"1","Graphics / portrait source error","AGOT+","1196","pdx_blend_shape_database.cpp:149","Blend shape: gfx/models/portraits/f_clothes/asoiaf/asoiaf_westerlands/asoiaf_lannister_armours/f_asoiaf_lannister_armour_high/f_asoiaf_lannister_armour_high_bs_fat.mesh has fewer meshes than its base object: gfx/models/portraits/f_clothes/asoiaf/asoiaf_westerlands/asoiaf_lannister_armours/f_asoiaf_lannister_armour_high/f_asoiaf_lannister_armour_high.mesh"
"1","Graphics / portrait source error","AGOT+","1197","pdx_blend_shape_database.cpp:149","Blend shape: gfx/models/portraits/f_clothes/asoiaf/asoiaf_westerlands/asoiaf_lannister_armours/f_asoiaf_lannister_armour_high/f_asoiaf_lannister_armour_high_bs_gaunt.mesh has fewer meshes than its base object: gfx/models/portraits/f_clothes/asoiaf/asoiaf_westerlands/asoiaf_lannister_armours/f_asoiaf_lannister_armour_high/f_asoiaf_lannister_armour_high.mesh"
"1","Graphics / portrait source error","AGOT+","1198","pdx_blend_shape_database.cpp:149","Blend shape: gfx/models/portraits/f_clothes/asoiaf/asoiaf_westerlands/asoiaf_lannister_armours/f_asoiaf_lannister_armour_high/f_asoiaf_lannister_armour_high_bs_muscular.mesh has fewer meshes than its base object: gfx/models/portraits/f_clothes/asoiaf/asoiaf_westerlands/asoiaf_lannister_armours/f_asoiaf_lannister_armour_high/f_asoiaf_lannister_armour_high.mesh"
"1","Graphics / portrait source error","AGOT+","1195","pdx_blend_shape_database.cpp:149","Blend shape: gfx/models/portraits/f_clothes/asoiaf/asoiaf_westerlands/asoiaf_lannister_armours/f_asoiaf_lannister_armour_high/f_asoiaf_lannister_armour_high_bs_pregnant.mesh has fewer meshes than its base object: gfx/models/portraits/f_clothes/asoiaf/asoiaf_westerlands/asoiaf_lannister_armours/f_asoiaf_lannister_armour_high/f_asoiaf_lannister_armour_high.mesh"
"1","Graphics / portrait source error","","1192","pdx_3dtypes.cpp:145","a 3d-type with the name ""female_cloaks_secular_shouldercape_01_mesh"" already exists!"
"1","Graphics / portrait source error","AGOT+","1193","pdx_blend_shape_database.cpp:149","Blend shape: gfx/models/portraits/f_clothes/asoiaf/asoiaf_westerlands/asoiaf_lannister_armours/f_asoiaf_lannister_armour_high/f_asoiaf_lannister_armour_high_bs_breast_size_max.mesh has fewer meshes than its base object: gfx/models/portraits/f_clothes/asoiaf/asoiaf_westerlands/asoiaf_lannister_armours/f_asoiaf_lannister_armour_high/f_asoiaf_lannister_armour_high.mesh"
"1","Graphics / portrait source error","AGOT+","1194","pdx_blend_shape_database.cpp:149","Blend shape: gfx/models/portraits/f_clothes/asoiaf/asoiaf_westerlands/asoiaf_lannister_armours/f_asoiaf_lannister_armour_high/f_asoiaf_lannister_armour_high_bs_breast_size_min.mesh has fewer meshes than its base object: gfx/models/portraits/f_clothes/asoiaf/asoiaf_westerlands/asoiaf_lannister_armours/f_asoiaf_lannister_armour_high/f_asoiaf_lannister_armour_high.mesh"
"1","Graphics / portrait source error","AGOT+","1199","pdx_blend_shape_database.cpp:149","Blend shape: gfx/models/portraits/f_clothes/asoiaf/asoiaf_westerlands/asoiaf_lannister_armours/f_asoiaf_lannister_armour_high/f_asoiaf_lannister_armour_high_bs_old.mesh has fewer meshes than its base object: gfx/models/portraits/f_clothes/asoiaf/asoiaf_westerlands/asoiaf_lannister_armours/f_asoiaf_lannister_armour_high/f_asoiaf_lannister_armour_high.mesh"
"1","Graphics / portrait source error","CK3 | COW-AGOT: 3D Models & Bigger Castles","1204","pdxassetutil.cpp:1009","Duplicate texture 'ep3_patras_castle_ground_diffuse.dds' found (current path 'gfx/models/buildings/special/high_hermitage/ep3_patras_castle_ground_diffuse.dds', previous path 'gfx/models/buildings/special/ep3_patras_castle_01_a/ep3_patras_castle_ground_diffuse.dds')"
"1","Graphics / portrait source error","CK3 | COW-AGOT: 3D Models & Bigger Castles","1205","pdxassetutil.cpp:1009","Duplicate texture 'ep3_patras_castle_ground_normal.dds' found (current path 'gfx/models/buildings/special/high_hermitage/ep3_patras_castle_ground_normal.dds', previous path 'gfx/models/buildings/special/ep3_patras_castle_01_a/ep3_patras_castle_ground_normal.dds')"
"1","Graphics / portrait source error","CK3 | COW-AGOT: 3D Models & Bigger Castles","1206","pdxassetutil.cpp:1009","Duplicate texture 'ep3_patras_castle_ground_properties.dds' found (current path 'gfx/models/buildings/special/high_hermitage/ep3_patras_castle_ground_properties.dds', previous path 'gfx/models/buildings/special/ep3_patras_castle_01_a/ep3_patras_castle_ground_properties.dds')"
"1","Graphics / portrait source error","CK3 | COW-AGOT: 3D Models & Bigger Castles","1203","pdxassetutil.cpp:1009","Duplicate texture 'ep3_patras_castle_01_a_unique.dds' found (current path 'gfx/models/buildings/special/high_hermitage/ep3_patras_castle_01_a_unique.dds', previous path 'gfx/models/buildings/special/ep3_patras_castle_01_a/ep3_patras_castle_01_a_unique.dds')"
"1","Graphics / portrait source error","AGOT+","1200","pdx_blend_shape_database.cpp:149","Blend shape: gfx/models/portraits/f_clothes/asoiaf/asoiaf_westerlands/asoiaf_lannister_armours/f_asoiaf_lannister_armour_high/f_asoiaf_lannister_armour_high_bs_dwarf.mesh has fewer meshes than its base object: gfx/models/portraits/f_clothes/asoiaf/asoiaf_westerlands/asoiaf_lannister_armours/f_asoiaf_lannister_armour_high/f_asoiaf_lannister_armour_high.mesh"
"1","Graphics / portrait source error","AGOT+","1201","pdx_blend_shape_database.cpp:149","Blend shape: gfx/models/portraits/f_clothes/asoiaf/asoiaf_westerlands/asoiaf_lannister_armours/f_asoiaf_lannister_armour_high/f_asoiaf_lannister_armour_high_bs_infant.mesh has fewer meshes than its base object: gfx/models/portraits/f_clothes/asoiaf/asoiaf_westerlands/asoiaf_lannister_armours/f_asoiaf_lannister_armour_high/f_asoiaf_lannister_armour_high.mesh"
"1","Graphics / portrait source error","","1202","pdx_3dtypes.cpp:145","a 3d-type with the name ""male_cloaks_secular_shouldercape_01_mesh"" already exists!"
"1","Graphics / portrait source error","COW-AGOT: 3D Models & Bigger Castles","1223","pdxassetutil.cpp:1763","pdxmesh [crag_mesh] is out of sync with its meshsettings. [lannisport_dgShape] is not in use in file: gfx/models/buildings/special/crag/crag.mesh"
"1","Graphics / portrait source error","AGOT+","1249","pdxassetutil.cpp:2002","Asset ""gfx/models/portraits/m_legwear/asoiaf/asoiaf_iron_isles/asoiaf_greyjoy_legs/asoiaf_greyjoy_legs.mesh"" has more than 3 UV channels. This is not supported and will be ignored."
"1","Graphics / portrait source error","AGOT+","1250","pdxassetutil.cpp:2002","Asset ""gfx/models/portraits/m_clothes/asoiaf/asoiaf_reach/asoiaf_tyrell_armour_high/asoiaf_tyrell_armour_high.mesh"" has more than 3 UV channels. This is not supported and will be ignored."
"1","Graphics / portrait source error","AGOT+","1251","pdxassetutil.cpp:2002","Asset ""gfx/models/portraits/m_clothes/asoiaf/asoiaf_stepstones/asoiaf_pirate_prince_tunic/asoiaf_pirate_prince_tunic.mesh"" has more than 3 UV channels. This is not supported and will be ignored."
"1","Graphics / portrait source error","COW-AGOT: 3D Models & Bigger Castles","1248","pdxassetutil.cpp:556","UV-Set: 1 in mesh 'rooksrest_stone_ground' in file 'gfx/models/buildings/special/rooksrest/rooksrest.mesh' has no valid triangle to use when calculating texture streaming factor. Texture streaming needs a triangle with an area."
"1","Graphics / portrait source error","AGOT+","1245","pdxassetutil.cpp:2002","Asset ""gfx/models/portraits/m_legwear/asoiaf/asoiaf_generic/asoiaf_leather_boots_1/asoiaf_leather_boots_1.mesh"" has more than 3 UV channels. This is not supported and will be ignored."
"1","Graphics / portrait source error","AGOT+","1246","pdxassetutil.cpp:2002","Asset ""gfx/models/portraits/f_cloaks/asoiaf/asoiaf_crownlands/f_asoiaf_gold_cloak_cloak/f_asoiaf_gold_cloak_cloak.mesh"" has more than 3 UV channels. This is not supported and will be ignored."
"1","Graphics / portrait source error","AGOT+","1247","pdxassetutil.cpp:2002","Asset ""gfx/models/portraits/m_legwear/asoiaf/asoiaf_crownlands/asoiaf_gold_cloak_legs/asoiaf_gold_cloak_legs.mesh"" has more than 3 UV channels. This is not supported and will be ignored."
"1","Graphics / portrait source error","COW-AGOT: 3D Models & Bigger Castles","1252","pdxassetutil.cpp:556","UV-Set: 0 in mesh 'lift' in file 'gfx/models/buildings/special/castamere/24castamere_3.mesh' has no valid triangle to use when calculating texture streaming factor. Texture streaming needs a triangle with an area."
"1","Graphics / portrait source error","COW-AGOT: 3D Models & Bigger Castles","1265","pdxassetutil.cpp:556","UV-Set: 1 in mesh 'lannisport_dgShape' in file 'gfx/models/buildings/special/fanghill/fanghill.mesh' has no valid triangle to use when calculating texture streaming factor. Texture streaming needs a triangle with an area."
"1","Graphics / portrait source error","AGOT+","1266","pdxassetutil.cpp:556","UV-Set: 1 in mesh 'f_asoiaf_westerlands_mourning_1Shape' in file 'gfx/models/portraits/f_clothes/asoiaf/asoiaf_westerlands/asoiaf_westerlands_mourning_1/f_asoiaf_westerlands_mourning_1.mesh' has no valid triangle to use when calculating texture streaming factor. Texture streaming needs a triangle with an area."
"1","Graphics / portrait source error","AGOT+","1267","pdxassetutil.cpp:556","UV-Set: 1 in mesh 'asoiaf_red_keep_wallsShape' in file 'gfx/models/court/rooms/asoiaf_red_keep/asoiaf_court_red_keep.mesh' has no valid triangle to use when calculating texture streaming factor. Texture streaming needs a triangle with an area."
"1","Graphics / portrait source error","COW-AGOT: 3D Models & Bigger Castles","1264","pdxassetutil.cpp:1763","pdxmesh [building_palestone_sword_01_mesh] is out of sync with its meshsettings. [casterlyrock_rockShape] is not in use in file: gfx/models/buildings/special/palestone_sword/building_palestone_sword_01.mesh"
"1","Graphics / portrait source error","COW-AGOT: 3D Models & Bigger Castles","1257","pdxassetutil.cpp:556","UV-Set: 0 in mesh 'pallet' in file 'gfx/models/buildings/special/castamere/24castamere_3.mesh' has no valid triangle to use when calculating texture streaming factor. Texture streaming needs a triangle with an area."
"1","Graphics / portrait source error","AGOT+","1262","pdxassetutil.cpp:2002","Asset ""gfx/models/portraits/f_legwear/asoiaf/asoiaf_iron_isles/f_asoiaf_greyjoy_legs/f_asoiaf_greyjoy_legs.mesh"" has more than 3 UV channels. This is not supported and will be ignored."
"1","Graphics / portrait source error","COW-AGOT: 3D Models & Bigger Castles","1263","pdxassetutil.cpp:556","UV-Set: 1 in mesh 'ashemark_stone_ground' in file 'gfx/models/buildings/special/ashemark/ashemark.mesh' has no valid triangle to use when calculating texture streaming factor. Texture streaming needs a triangle with an area."
"1","Graphics / portrait source error","COW-AGOT: 3D Models & Bigger Castles","1244","pdxassetutil.cpp:556","UV-Set: 1 in mesh 'pole_town' in file 'gfx/models/buildings/special/planky town/planky_town.mesh' has no valid triangle to use when calculating texture streaming factor. Texture streaming needs a triangle with an area."
"1","Graphics / portrait source error","AGOT+","1228","pdxassetutil.cpp:2002","Asset ""gfx/models/portraits/f_clothes/asoiaf/asoiaf_crownlands/asoiaf_dragonstone/f_asoiaf_dragonstone_armour_low/f_asoiaf_dragonstone_armour_low.mesh"" has more than 3 UV channels. This is not supported and will be ignored."
"1","Graphics / portrait source error","COW-AGOT: 3D Models & Bigger Castles","1231","pdxassetutil.cpp:1763","pdxmesh [building_special_lonely_light_04] is out of sync with its meshsettings. [dock_tower_wood] is not in use in file: gfx/models/buildings/special/Lonely Light/building_special_lonely_light_04.mesh"
"1","Graphics / portrait source error","AGOT+","1232","pdxassetutil.cpp:2002","Asset ""gfx/models/portraits/m_jewellery/asoiaf/asoiaf_generic/asoiaf_shark_tooth_necklace/asoiaf_shark_tooth_necklace.mesh"" has more than 3 UV channels. This is not supported and will be ignored."
"1","Graphics / portrait source error","AGOT+","1227","pdxassetutil.cpp:2002","Asset ""gfx/models/portraits/m_legwear/asoiaf/asoiaf_generic/asoiaf_slippers_1/asoiaf_slippers_1.mesh"" has more than 3 UV channels. This is not supported and will be ignored."
"1","Graphics / portrait source error","COW-AGOT: 3D Models & Bigger Castles","1224","pdxassetutil.cpp:1763","pdxmesh [crag_mesh] is out of sync with its meshsettings. [lannisport_lkShape] is not in use in file: gfx/models/buildings/special/crag/crag.mesh"
"1","Graphics / portrait source error","COW-AGOT: 3D Models & Bigger Castles","1225","pdxassetutil.cpp:1763","pdxmesh [crag_mesh] is out of sync with its meshsettings. [lannisport_lpShape] is not in use in file: gfx/models/buildings/special/crag/crag.mesh"
"1","Graphics / portrait source error","AGOT+","1226","pdxassetutil.cpp:2002","Asset ""gfx/models/portraits/m_clothes/asoiaf/asoiaf_crownlands/asoiaf_dragonstone/asoiaf_dragonstone_armour_low/asoiaf_dragonstone_armour_low.mesh"" has more than 3 UV channels. This is not supported and will be ignored."
"1","Graphics / portrait source error","AGOT+","1233","pdxassetutil.cpp:2002","Asset ""gfx/models/portraits/m_jewellery/asoiaf/asoiaf_religious_jewellery/asoiaf_septon_jewellery/asoiaf_septon_necklace_1/asoiaf_septon_necklace_1.mesh"" has more than 3 UV channels. This is not supported and will be ignored."
"1","Graphics / portrait source error","AGOT+","1241","pdxassetutil.cpp:2002","Asset ""gfx/models/portraits/m_legwear/asoiaf/asoiaf_generic/asoiaf_leather_boots_6/asoiaf_leather_boots_6.mesh"" has more than 3 UV channels. This is not supported and will be ignored."
"1","Graphics / portrait source error","COW-AGOT: 3D Models & Bigger Castles","1242","pdxassetutil.cpp:1763","pdxmesh [high_hermitage_mesh] is out of sync with its meshsettings. [ep3_basilica_sant_apollinare_nuovo_decalShape] is not in use in file: gfx/models/buildings/special/high_hermitage/high_hermitage.mesh"
"1","Graphics / portrait source error","AGOT+","1243","pdxassetutil.cpp:2002","Asset ""gfx/models/portraits/m_legwear/asoiaf/asoiaf_crownlands/asoiaf_dragonstone_legs/asoiaf_dragonstone_legs.mesh"" has more than 3 UV channels. This is not supported and will be ignored."
"1","Graphics / portrait source error","AGOT+","1240","pdxassetutil.cpp:2002","Asset ""gfx/models/portraits/m_cloaks/asoiaf/asoiaf_crownlands/asoiaf_gold_cloak_cloak/asoiaf_gold_cloak_cloak.mesh"" has more than 3 UV channels. This is not supported and will be ignored."
"1","Graphics / portrait source error","COW-AGOT: 3D Models & Bigger Castles","1235","pdxassetutil.cpp:1763","pdxmesh [starpike_mesh] is out of sync with its meshsettings. [starpike_ground] is not in use in file: gfx/models/buildings/special/starpike/starpike.mesh"
"1","Graphics / portrait source error","COW-AGOT: 3D Models & Bigger Castles","1236","pdxassetutil.cpp:1763","pdxmesh [starpike_mesh] is out of sync with its meshsettings. [starpike_lower] is not in use in file: gfx/models/buildings/special/starpike/starpike.mesh"
"1","Graphics / portrait source error","AGOT+","1238","pdxassetutil.cpp:556","UV-Set: 2 in mesh 'f_asoiaf_nights_watch_cloak_1Shape' in file 'gfx/models/portraits/f_cloaks/asoiaf/asoiaf_nights_watch/f_asoiaf_nights_watch_cloak_1/f_asoiaf_nights_watch_cloak_1.mesh' has no valid triangle to use when calculating texture streaming factor. Texture streaming needs a triangle with an area."
"1","Graphics / portrait source error","AGOT+ | Unresolved file","1612","coat_of_arms_render_description.cpp:190","Failed to find textured emblem texture at path: gfx/coat_of_arms/colored_emblems/ce_bottom_solid.dds near file: common/coat_of_arms/coat_of_arms/test_reach_dynasties.txt line: 1302"
"1","Graphics / portrait source error","A Game of Thrones | Unresolved file","1613","coat_of_arms_render_description.cpp:190","Failed to find textured emblem texture at path: gfx/coat_of_arms/colored_emblems/north_wibberly.dds near file: common/coat_of_arms/coat_of_arms/northern_dynasties.txt line: 1337"
"1","Graphics / portrait source error","AGOT+ | Unresolved file","1614","coat_of_arms_render_description.cpp:190","Failed to find textured emblem texture at path: gfx/coat_of_arms/colored_emblems/re_block_02.dds near file: common/coat_of_arms/coat_of_arms/test_reach_dynasties.txt line: 1699"
"1","Graphics / portrait source error","A Game of Thrones | Unresolved file","1611","coat_of_arms_render_description.cpp:190","Failed to find textured emblem texture at path: gfx/coat_of_arms/colored_emblems/vale_seldon_rayonne.dds near file: common/coat_of_arms/coat_of_arms/riverland_dynasties.txt line: 120"
"1","Script / database error","","1500","pdx_persistent_reader.cpp:216","Error: ""Failed to read key reference: 1453_end_date: 1453_end_date, near line: 3
Failed to read key reference: rhomaion_name_of_byzantium: rhomaion_name_of_byzantium, near line: 3
Failed to read key reference: default_mongol_invasion: default_mongol_invasion, near line: 3
Failed to read key reference: random_ruler_placement_off: random_ruler_placement_off, near line: 3
Failed to read key reference: launch_historical: launch_historical, near line: 3
Failed to read key reference: fp1_scandi_adventurers_apocalyptic: fp1_scandi_adventurers_apocalyptic, near line: 3
Failed to read key reference: dissolution_after_caliph_death: dissolution_after_caliph_death, near line: 3
Failed to read key reference: default_seljuk_invasion: default_seljuk_invasion, near line: 3
Failed to read key reference: situation_the_great_steppe_toggle_on: situation_the_great_steppe_toggle_on, near line: 3
Failed to read key reference: struggle_iberia_toggle_on: struggle_iberia_toggle_on, near line: 3
Failed to read key reference: struggle_persia_toggle_on: struggle_persia_toggle_on, near line: 3
Failed to read key reference: historicity_ruler_of_munster_historical_toirdelbach: historicity_ruler_of_munster_historical_toirdelbach, near line: 3
Failed to read key reference: historicity_norman_conquest_default_random: historicity_norman_conquest_default_random, near line: 3
Failed to read key reference: tibet_nomad_region_on: tibet_nomad_region_on, near line: 3
Failed to read key reference: sami_nomad_region_on: sami_nomad_region_on, near line: 3
Failed to read key reference: arabia_nomad_region_on: arabia_nomad_region_on, near line: 3
Failed to read key reference: sahel_nomad_region_on: sahel_nomad_region_on, near line: 3
Failed to read key reference: horn_of_africa_nomad_region_on: horn_of_africa_nomad_region_on, near line: 3
Failed to read key reference: historicity_extra_admin_egypt_gameplay_not_administrative: historicity_extra_admin_egypt_gameplay_not_administrative, near line: 3
Failed to read key reference: historicity_extra_admin_arabia_gameplay_not_administrative: historicity_extra_admin_arabia_gameplay_not_administrative, near line: 3
Failed to read key reference: historicity_extra_admin_ghana_gameplay_not_administrative: historicity_extra_admin_ghana_gameplay_not_administrative, near line: 3
Failed to read key reference: historicity_extra_admin_kabulistan_gameplay_not_administrative: historicity_extra_admin_kabulistan_gameplay_not_administrative, near line: 3
Failed to read key reference: historicity_extra_admin_persia_gameplay_not_administrative: historicity_extra_admin_persia_gameplay_not_administrative, near line: 3
Failed to read key reference: historicity_extra_admin_maghreb_gameplay_not_administrative: historicity_extra_admin_maghreb_gameplay_not_administrative, near line: 3
Failed to read key reference: historicity_extra_admin_tamilakam_gameplay_not_administrative: historicity_extra_admin_tamilakam_gameplay_not_administrative, near line: 3
Failed to read key reference: historicity_extra_admin_carolingians_gameplay_not_administrative: historicity_extra_admin_carolingians_gameplay_not_administrative, near line: 3
Failed to read key reference: historicity_extra_admin_player_wherever_gameplay_not_administrative: historicity_extra_admin_player_wherever_gameplay_not_administrative, near line: 3
Failed to read key reference: historicity_frankokratia_fourth_crusade: historicity_frankokratia_fourth_crusade, near line: 3
Failed to read key reference: silk_road_starting_innovations_preset: silk_road_starting_innovations_preset, near line: 3
Failed to read key reference: ACR_RE_tradition_slots_plus_95: ACR_RE_tradition_slots_plus_95, near line: 3
Failed to read key reference: ACR_RE_tradition_cost_free: ACR_RE_tradition_cost_free, near line: 3
Failed to read key reference: ACR_RE_tradition_cooldown_none: ACR_RE_tradition_cooldown_none, near line: 3
Failed to read key reference: ACR_RE_truce_duration_5: ACR_RE_truce_duration_5, near line: 3
Failed to read key reference: ACR_RE_truce_scope_player_primary: ACR_RE_truce_scope_player_primary, near line: 3
Failed to read key reference: ACR_RE_council_task_speed_1_month: ACR_RE_council_task_speed_1_month, near line: 3
Failed to read key reference: HM_RE_rule_player_free_functions_enabled: HM_RE_rule_player_free_functions_enabled, near line: 3
Failed to read key reference: HM_RE_rule_change_holding_type_cost_very_cheap: HM_RE_rule_change_holding_type_cost_very_cheap, near line: 3
Failed to read key reference: HM_RE_rule_change_holding_type_cooldown_very_short: HM_RE_rule_change_holding_type_cooldown_very_short, near line: 3
Failed to read key reference: HM_RE_rule_can_replace_buildings_vassals: HM_RE_rule_can_replace_buildings_vassals, near line: 3
Failed to read key reference: HM_RE_rule_can_feudalize_holdings_vassals: HM_RE_rule_can_feudalize_holdings_vassals, near line: 3
Failed to read key reference: HM_RE_value_construct_buildings_gold_cost_cap_very_cheap: HM_RE_value_construct_buildings_gold_cost_cap_very_cheap, near line: 3
Failed to read key reference: HM_RE_rule_player_extra_slots_enabled: HM_RE_rule_player_extra_slots_enabled, near line: 3
Failed to read key reference: HM_RE_rule_player_slot_base_cost_very_cheap: HM_RE_rule_player_slot_base_cost_very_cheap, near line: 3
Failed to read key reference: HM_RE_rule_player_slot_step_cost_very_cheap: HM_RE_rule_player_slot_step_cost_very_cheap, near line: 3
Failed to read key reference: HM_RE_rule_construction_time_cost_free: HM_RE_rule_construction_time_cost_free, near line: 3
Failed to read key reference: HM_RE_build_all_button_on: HM_RE_build_all_button_on, near line: 3
Failed to read key reference: HM_RE_upgrade_all_button_on: HM_RE_upgrade_all_button_on, near line: 3
Failed to read key reference: HM_RE_make_nomad_button_on: HM_RE_make_nomad_button_on, near line: 3
Failed to read key reference: HM_RE_make_temple_citadel_button_on: HM_RE_make_temple_citadel_button_on, near line: 3
Failed to read key reference: HM_RE_player_add_slots_decision_on: HM_RE_player_add_slots_decision_on, near line: 3
Failed to read key reference: HM_RE_player_add_slots_decision_base_cost_very_cheap: HM_RE_player_add_slots_decision_base_cost_very_cheap, near line: 3
Failed to read key reference: HM_RE_player_cost_gold: HM_RE_player_cost_gold, near line: 3
Failed to read key reference: HM_RE_rule_ai_extra_slots_disabled: HM_RE_rule_ai_extra_slots_disabled, near line: 3
Failed to read key reference: HM_RE_rule_ai_slot_base_cost_very_expensive: HM_RE_rule_ai_slot_base_cost_very_expensive, near line: 3
Failed to read key reference: HM_RE_rule_ai_slot_step_cost_very_expensive: HM_RE_rule_ai_slot_step_cost_very_expensive, near line: 3"" in file: """" near line: 3"
"1","Script / database error","","1555","pdx_persistent_reader.cpp:216","Error: ""Failed to read key reference: 1453_end_date: 1453_end_date, near line: 8
Failed to read key reference: rhomaion_name_of_byzantium: rhomaion_name_of_byzantium, near line: 8
Failed to read key reference: default_mongol_invasion: default_mongol_invasion, near line: 8
Failed to read key reference: random_ruler_placement_off: random_ruler_placement_off, near line: 8
Failed to read key reference: launch_historical: launch_historical, near line: 8
Failed to read key reference: fp1_scandi_adventurers_apocalyptic: fp1_scandi_adventurers_apocalyptic, near line: 8
Failed to read key reference: dissolution_after_caliph_death: dissolution_after_caliph_death, near line: 8
Failed to read key reference: default_seljuk_invasion: default_seljuk_invasion, near line: 8
Failed to read key reference: situation_the_great_steppe_toggle_on: situation_the_great_steppe_toggle_on, near line: 8
Failed to read key reference: struggle_iberia_toggle_on: struggle_iberia_toggle_on, near line: 8
Failed to read key reference: struggle_persia_toggle_on: struggle_persia_toggle_on, near line: 8
Failed to read key reference: historicity_ruler_of_munster_historical_toirdelbach: historicity_ruler_of_munster_historical_toirdelbach, near line: 8
Failed to read key reference: historicity_norman_conquest_default_random: historicity_norman_conquest_default_random, near line: 8
Failed to read key reference: tibet_nomad_region_on: tibet_nomad_region_on, near line: 8
Failed to read key reference: sami_nomad_region_on: sami_nomad_region_on, near line: 8
Failed to read key reference: arabia_nomad_region_on: arabia_nomad_region_on, near line: 8
Failed to read key reference: sahel_nomad_region_on: sahel_nomad_region_on, near line: 8
Failed to read key reference: horn_of_africa_nomad_region_on: horn_of_africa_nomad_region_on, near line: 8
Failed to read key reference: historicity_extra_admin_egypt_gameplay_not_administrative: historicity_extra_admin_egypt_gameplay_not_administrative, near line: 8
Failed to read key reference: historicity_extra_admin_arabia_gameplay_not_administrative: historicity_extra_admin_arabia_gameplay_not_administrative, near line: 8
Failed to read key reference: historicity_extra_admin_ghana_gameplay_not_administrative: historicity_extra_admin_ghana_gameplay_not_administrative, near line: 8
Failed to read key reference: historicity_extra_admin_kabulistan_gameplay_not_administrative: historicity_extra_admin_kabulistan_gameplay_not_administrative, near line: 8
Failed to read key reference: historicity_extra_admin_persia_gameplay_not_administrative: historicity_extra_admin_persia_gameplay_not_administrative, near line: 8
Failed to read key reference: historicity_extra_admin_maghreb_gameplay_not_administrative: historicity_extra_admin_maghreb_gameplay_not_administrative, near line: 8
Failed to read key reference: historicity_extra_admin_tamilakam_gameplay_not_administrative: historicity_extra_admin_tamilakam_gameplay_not_administrative, near line: 8
Failed to read key reference: historicity_extra_admin_carolingians_gameplay_not_administrative: historicity_extra_admin_carolingians_gameplay_not_administrative, near line: 8
Failed to read key reference: historicity_extra_admin_player_wherever_gameplay_not_administrative: historicity_extra_admin_player_wherever_gameplay_not_administrative, near line: 8
Failed to read key reference: historicity_frankokratia_fourth_crusade: historicity_frankokratia_fourth_crusade, near line: 8
Failed to read key reference: silk_road_starting_innovations_preset: silk_road_starting_innovations_preset, near line: 8
Failed to read key reference: ACR_RE_tradition_slots_plus_95: ACR_RE_tradition_slots_plus_95, near line: 8
Failed to read key reference: ACR_RE_tradition_cost_free: ACR_RE_tradition_cost_free, near line: 8
Failed to read key reference: ACR_RE_tradition_cooldown_none: ACR_RE_tradition_cooldown_none, near line: 8
Failed to read key reference: ACR_RE_truce_duration_5: ACR_RE_truce_duration_5, near line: 8
Failed to read key reference: ACR_RE_truce_scope_player_primary: ACR_RE_truce_scope_player_primary, near line: 8
Failed to read key reference: ACR_RE_council_task_speed_1_month: ACR_RE_council_task_speed_1_month, near line: 8
Failed to read key reference: HM_RE_rule_player_free_functions_enabled: HM_RE_rule_player_free_functions_enabled, near line: 8
Failed to read key reference: HM_RE_rule_change_holding_type_cost_very_cheap: HM_RE_rule_change_holding_type_cost_very_cheap, near line: 8
Failed to read key reference: HM_RE_rule_change_holding_type_cooldown_very_short: HM_RE_rule_change_holding_type_cooldown_very_short, near line: 8
Failed to read key reference: HM_RE_rule_can_replace_buildings_vassals: HM_RE_rule_can_replace_buildings_vassals, near line: 8
Failed to read key reference: HM_RE_rule_can_feudalize_holdings_vassals: HM_RE_rule_can_feudalize_holdings_vassals, near line: 8
Failed to read key reference: HM_RE_value_construct_buildings_gold_cost_cap_very_cheap: HM_RE_value_construct_buildings_gold_cost_cap_very_cheap, near line: 8
Failed to read key reference: HM_RE_rule_player_extra_slots_enabled: HM_RE_rule_player_extra_slots_enabled, near line: 8
Failed to read key reference: HM_RE_rule_player_slot_base_cost_very_cheap: HM_RE_rule_player_slot_base_cost_very_cheap, near line: 8
Failed to read key reference: HM_RE_rule_player_slot_step_cost_very_cheap: HM_RE_rule_player_slot_step_cost_very_cheap, near line: 8
Failed to read key reference: HM_RE_rule_construction_time_cost_free: HM_RE_rule_construction_time_cost_free, near line: 8
Failed to read key reference: HM_RE_build_all_button_on: HM_RE_build_all_button_on, near line: 8
Failed to read key reference: HM_RE_upgrade_all_button_on: HM_RE_upgrade_all_button_on, near line: 8
Failed to read key reference: HM_RE_make_nomad_button_on: HM_RE_make_nomad_button_on, near line: 8
Failed to read key reference: HM_RE_make_temple_citadel_button_on: HM_RE_make_temple_citadel_button_on, near line: 8
Failed to read key reference: HM_RE_player_add_slots_decision_on: HM_RE_player_add_slots_decision_on, near line: 8
Failed to read key reference: HM_RE_player_add_slots_decision_base_cost_very_cheap: HM_RE_player_add_slots_decision_base_cost_very_cheap, near line: 8
Failed to read key reference: HM_RE_player_cost_gold: HM_RE_player_cost_gold, near line: 8
Failed to read key reference: HM_RE_rule_ai_extra_slots_disabled: HM_RE_rule_ai_extra_slots_disabled, near line: 8
Failed to read key reference: HM_RE_rule_ai_slot_base_cost_very_expensive: HM_RE_rule_ai_slot_base_cost_very_expensive, near line: 8
Failed to read key reference: HM_RE_rule_ai_slot_step_cost_very_expensive: HM_RE_rule_ai_slot_step_cost_very_expensive, near line: 8"" in file: """" near line: 8"
"1","Graphics / portrait source error","A Game of Thrones | Unresolved file","1610","coat_of_arms_render_description.cpp:190","Failed to find textured emblem texture at path: gfx/coat_of_arms/colored_emblems/asoiaf_unicorn.dds near file: common/coat_of_arms/coat_of_arms/personal_coas_dynamic.txt line: 1080"
"1","Graphics / portrait source error","AGOT+ | Unresolved file","1615","coat_of_arms_render_description.cpp:190","Failed to find textured emblem texture at path: gfx/coat_of_arms/colored_emblems/re_block_02.dds near file: common/coat_of_arms/coat_of_arms/test_reach_dynasties.txt line: 1781"
"1","Graphics / portrait source error","AGOT+ | Unresolved file","1620","coat_of_arms_render_description.cpp:190","Failed to find textured emblem texture at path: gfx/coat_of_arms/colored_emblems/vale_seldon_rayonne.dds near file: common/coat_of_arms/coat_of_arms/test_riverland_dynasties.txt line: 735"
"1","Graphics / portrait source error","A Game of Thrones | Unresolved file","1621","coat_of_arms_render_description.cpp:190","Failed to find textured emblem texture at path: gfx/coat_of_arms/colored_emblems/re_block_02.dds near file: common/coat_of_arms/coat_of_arms/reach_dynasties.txt line: 192"
"1","Script / database error","","1622","opinion_modifier.cpp:83","Modifier 'funded_my_expedition' shouldn't have a duration and monthly_change at the same time!"
"1","Graphics / portrait source error","A Game of Thrones | Unresolved file","1619","coat_of_arms_render_description.cpp:190","Failed to find textured emblem texture at path: gfx/coat_of_arms/colored_emblems/re_block_02.dds near file: common/coat_of_arms/coat_of_arms/reach_dynasties.txt line: 1882"
"1","Graphics / portrait source error","A Game of Thrones | Unresolved file","1616","coat_of_arms_render_description.cpp:190","Failed to find textured emblem texture at path: gfx/coat_of_arms/colored_emblems/ce_bottom_solid.dds near file: common/coat_of_arms/coat_of_arms/reach_dynasties.txt line: 1708"
"1","Graphics / portrait source error","AGOT+ | Unresolved file","1617","coat_of_arms_render_description.cpp:190","Failed to find textured emblem texture at path: gfx/coat_of_arms/colored_emblems/asoiaf_unicorn.dds near file: common/coat_of_arms/coat_of_arms/test_personal_coas.txt line: 2130"
"1","Graphics / portrait source error","AGOT+ | Unresolved file","1618","coat_of_arms_render_description.cpp:190","Failed to find textured emblem texture at path: gfx/coat_of_arms/colored_emblems/north_wibberly.dds near file: common/coat_of_arms/coat_of_arms/test_northern_dynasties.txt line: 981"
"1","Script / database error","AGOT Submod Core","1467","jomini_eventtarget.cpp:692","Failed to find a valid event target link 'house_Blackfyre' at file: common/scripted_triggers/tgc_loaded_trigger.txt line: 127 (tgc_blackfyre_equipment_trigger)"
"1","Script / database error","AGOT - Crowns of Westeros","1450","pdx_persistent_reader.cpp:216","Error: ""Unexpected token: valeman_opinion, near line: 456"" in file: ""common/modifiers/ntc_artifact_modifiers.txt"" near line: 456"
"1","Script / database error","AGOT - Crowns of Westeros","1451","pdx_persistent_reader.cpp:216","Error: ""Unexpected token: valeman_opinion, near line: 605"" in file: ""common/modifiers/ntc_artifact_modifiers.txt"" near line: 605"
"1","Script / database error","A Game of Thrones","1452","jomini_script_argument.cpp:227","Compiling source for agot_create_artifact_aegon_i_crown_effect failed for missing arguments: CREATOR. At file: common/scripted_effects/00_agot_artifact_crowns_effects.txt line: 78 (agot_create_artifact_aegon_i_crown_effect)"
"1","Script / database error","AGOT - Crowns of Westeros","1449","pdx_persistent_reader.cpp:216","Error: ""Unexpected token: valeman_opinion, near line: 447"" in file: ""common/modifiers/ntc_artifact_modifiers.txt"" near line: 447"
"1","Script / database error","COW-AGOT: 3D Models & Bigger Castles","1446","pdx_persistent_reader.cpp:216","Error: ""Unexpected token: rhoynish_religion_opinion, near line: 1767"" in file: ""common/buildings/yy_agotcities_special_buildings_westeros.txt"" near line: 1767"
"1","Script / database error","COW-AGOT: 3D Models & Bigger Castles","1447","pdx_persistent_reader.cpp:216","Error: ""Unknown trigger: holding, near line: 2364"" in file: ""common/buildings/yy_agotcities_special_buildings_westeros.txt"" near line: 2369"
"1","Script / database error","Divine Intervention Cheat Menu","1448","pdx_persistent_reader.cpp:216","Error: ""Unexpected token: confucian_education_xp_gain_mult, near line: 4047"" in file: ""common/modifiers/DI_modifiers.txt"" near line: 4047"
"1","Script / database error","A Game of Thrones","1453","jomini_script_argument.cpp:227","Compiling source for agot_create_artifact_aenys_crown_effect failed for missing arguments: CREATOR. At file: common/scripted_effects/00_agot_artifact_crowns_effects.txt line: 228 (agot_create_artifact_aenys_crown_effect)"
"1","Script / database error","A Game of Thrones","1458","jomini_script_argument.cpp:227","Compiling source for agot_create_artifact_maekars_crown_effect failed for missing arguments: CREATOR. At file: common/scripted_effects/00_agot_artifact_crowns_effects.txt line: 672 (agot_create_artifact_maekars_crown_effect)"
"1","Script / database error","A Game of Thrones","1459","jomini_script_argument.cpp:227","Compiling source for agot_create_artifact_visenya_circlet_effect failed for missing arguments: CREATOR. At file: common/scripted_effects/00_agot_artifact_crowns_effects.txt line: 837 (agot_create_artifact_visenya_circlet_effect)"
"1","Script / database error","AGOT Bookmarked","1466","pdx_persistent_reader.cpp:216","Error: ""Unknown effect: agot_8299_4_1_acok_scenario_setup, near line: 89"" in file: ""common/scripted_effects/00_agot_scenario_setup_effects.txt"" near line: 90"
"1","Script / database error","A Game of Thrones","1457","jomini_script_argument.cpp:227","Compiling source for agot_create_artifact_aegon_iv_crown_effect failed for missing arguments: CREATOR. At file: common/scripted_effects/00_agot_artifact_crowns_effects.txt line: 594 (agot_create_artifact_aegon_iv_crown_effect)"
"1","Script / database error","A Game of Thrones","1454","jomini_script_argument.cpp:227","Compiling source for agot_create_artifact_jaehaerys_crown_effect failed for missing arguments: CREATOR. At file: common/scripted_effects/00_agot_artifact_crowns_effects.txt line: 314 (agot_create_artifact_jaehaerys_crown_effect)"
"1","Script / database error","A Game of Thrones","1455","jomini_script_argument.cpp:227","Compiling source for agot_create_artifact_aegon_iii_crown_effect failed for missing arguments: CREATOR. At file: common/scripted_effects/00_agot_artifact_crowns_effects.txt line: 434 (agot_create_artifact_aegon_iii_crown_effect)"
"1","Script / database error","A Game of Thrones","1456","jomini_script_argument.cpp:227","Compiling source for agot_create_artifact_baelors_crown_effect failed for missing arguments: CREATOR. At file: common/scripted_effects/00_agot_artifact_crowns_effects.txt line: 498 (agot_create_artifact_baelors_crown_effect)"
"1","Script / database error","","1623","opinion_modifier.cpp:83","Modifier 'sent_relative_to_valyria' shouldn't have a duration and monthly_change at the same time!"
"1","Script / database error","Legacy Of The Dragon","1671","jomini_script_system.cpp:303","Script system error!
  Error: create_artifact effect [ Invalid artifact template 'vs_pincer_template' ]
  Script location: file: common/scripted_effects/00_agot_artifact_vs_sword_effects_override.txt line: 630 (agot_create_artifact_vs_pincer_effect[args#3618947653])"
"1","Script / database error","Legacy Of The Dragon","1675","jomini_script_system.cpp:303","Script system error!
  Error: create_artifact effect [ Invalid artifact template 'vs_seafoam_template' ]
  Script location: file: common/scripted_effects/00_agot_artifact_vs_sword_effects_override.txt line: 455 (agot_create_artifact_vs_seafoam_effect[args#3618947653])"
"1","Script / database error","Legacy Of The Dragon","1679","jomini_script_system.cpp:303","Script system error!
  Error: create_artifact effect [ Invalid artifact template 'vs_seafoam_template' ]
  Script location: file: common/scripted_effects/00_agot_artifact_vs_sword_effects_override.txt line: 475 (agot_create_artifact_vs_seafoam_effect[args#3618947653])"
"1","Script / database error","Legacy Of The Dragon","1667","jomini_script_system.cpp:303","Script system error!
  Error: create_artifact effect [ Invalid artifact template 'vs_pincer_template' ]
  Script location: file: common/scripted_effects/00_agot_artifact_vs_sword_effects_override.txt line: 604 (agot_create_artifact_vs_pincer_effect[args#3618947653])"
"1","Script / database error","Legacy Of The Dragon","1655","jomini_script_system.cpp:303","Script system error!
  Error: create_artifact effect [ Invalid artifact template 'vs_blackfyre_template' ]
  Script location: file: common/scripted_effects/00_agot_artifact_vs_sword_effects_override.txt line: 31 (agot_create_artifact_vs_blackfyre_effect[args#3618947653])"
"1","Script / database error","Legacy Of The Dragon","1659","jomini_script_system.cpp:303","Script system error!
  Error: create_artifact effect [ Invalid artifact template 'vs_blackfyre_template' ]
  Script location: file: common/scripted_effects/00_agot_artifact_vs_sword_effects_override.txt line: 13 (agot_create_artifact_vs_blackfyre_effect[args#141906969])"
"1","Script / database error","Legacy Of The Dragon","1663","jomini_script_system.cpp:303","Script system error!
  Error: create_artifact effect [ Invalid artifact template 'vs_blackfyre_template' ]
  Script location: file: common/scripted_effects/00_agot_artifact_vs_sword_effects_override.txt line: 31 (agot_create_artifact_vs_blackfyre_effect[args#141906969])"
"1","Script / database error","Legacy Of The Dragon","1683","jomini_script_system.cpp:303","Script system error!
  Error: create_artifact effect [ Invalid static modifier 'artifact_personal_scheme_power_add_5_modifier' ]
  Script location: file: common/scripted_effects/00_lotd_artifact_creation_effects.txt line: 8 (create_artifact_subterfuge_effect[args#141906969])"
"1","Script / database error","Legacy Of The Dragon","1703","jomini_script_system.cpp:303","Script system error!
  Error: create_artifact effect [ Invalid artifact template 'vs_seafoam_template' ]
  Script location: file: common/scripted_effects/00_agot_artifact_vs_sword_effects_override.txt line: 455 (agot_create_artifact_vs_seafoam_effect[args#979117111])"
"1","Script / database error","Legacy Of The Dragon","1707","jomini_script_system.cpp:303","Script system error!
  Error: create_artifact effect [ Invalid artifact template 'vs_seafoam_template' ]
  Script location: file: common/scripted_effects/00_agot_artifact_vs_sword_effects_override.txt line: 475 (agot_create_artifact_vs_seafoam_effect[args#979117111])"
"1","Script / database error","Legacy Of The Dragon","1711","jomini_script_system.cpp:303","Script system error!
  Error: create_artifact effect [ Invalid artifact template 'vs_seafoam_template' ]
  Script location: file: common/scripted_effects/00_agot_artifact_vs_sword_effects_override.txt line: 455 (agot_create_artifact_vs_seafoam_effect[args#2425720076])"
"1","Script / database error","Legacy Of The Dragon","1699","jomini_script_system.cpp:303","Script system error!
  Error: create_artifact effect [ Invalid artifact template 'vs_pincer_template' ]
  Script location: file: common/scripted_effects/00_agot_artifact_vs_sword_effects_override.txt line: 630 (agot_create_artifact_vs_pincer_effect[args#979117111])"
"1","Script / database error","Legacy Of The Dragon","1687","jomini_script_system.cpp:303","Script system error!
  Error: create_artifact effect [ Invalid artifact template 'vs_blackfyre_template' ]
  Script location: file: common/scripted_effects/00_agot_artifact_vs_sword_effects_override.txt line: 13 (agot_create_artifact_vs_blackfyre_effect[args#979117111])"
"1","Script / database error","Legacy Of The Dragon","1691","jomini_script_system.cpp:303","Script system error!
  Error: create_artifact effect [ Invalid artifact template 'vs_blackfyre_template' ]
  Script location: file: common/scripted_effects/00_agot_artifact_vs_sword_effects_override.txt line: 31 (agot_create_artifact_vs_blackfyre_effect[args#979117111])"
"1","Script / database error","Legacy Of The Dragon","1695","jomini_script_system.cpp:303","Script system error!
  Error: create_artifact effect [ Invalid artifact template 'vs_pincer_template' ]
  Script location: file: common/scripted_effects/00_agot_artifact_vs_sword_effects_override.txt line: 604 (agot_create_artifact_vs_pincer_effect[args#979117111])"
"1","Script / database error","Legacy Of The Dragon","1651","jomini_script_system.cpp:303","Script system error!
  Error: create_artifact effect [ Invalid artifact template 'vs_blackfyre_template' ]
  Script location: file: common/scripted_effects/00_agot_artifact_vs_sword_effects_override.txt line: 13 (agot_create_artifact_vs_blackfyre_effect[args#3618947653])"
"1","History / title / faith reference error","Divine Intervention Cheat Menu","1628","title_links.cpp:214","Failed to fetch a valid landed title 'e_hre' at location 'file: common/scripted_guis/DI_char_editor_present_sgui.txt line: 1589 (DI_ce_female_dominated:effect)'"
"1","History / title / faith reference error","Divine Intervention Cheat Menu","1629","title_links.cpp:214","Failed to fetch a valid landed title 'e_hre' at location 'file: common/character_interactions/DI_character_interaction.txt line: 4622 (DI_change_succession:on_accept)'"
"1","History / title / faith reference error","Divine Intervention Cheat Menu","1630","title_links.cpp:214","Failed to fetch a valid landed title 'e_hre' at location 'file: common/character_interactions/DI_character_interaction.txt line: 4624 (DI_change_succession:on_accept)'"
"1","Graphics / portrait source error","","1627","artifact_visual_type.cpp:31","Artifact visual type 'asoiaf_hound_armour_visuals' has no defined assets"
"1","Script / database error","","1624","artifact_feature.cpp:33","Missing loc key 'feature_dragon_whip_black'"
"1","Script / database error","","1625","artifact_feature.cpp:33","Missing loc key 'feature_dragon_whip_silver'"
"1","Script / database error","","1626","artifact_feature.cpp:33","Missing loc key 'feature_dragon_whip_bronze'"
"1","History / title / faith reference error","Divine Intervention Cheat Menu","1631","title_links.cpp:214","Failed to fetch a valid landed title 'e_hre' at location 'file: common/character_interactions/DI_character_interaction.txt line: 4637 (DI_change_succession:on_accept)'"
"1","Script / database error","COW-AGOT: 3D Models & Bigger Castles","1637","jomini_script_system.cpp:303","Script system error!
  Error: trigger_event effect [ Event [agot_cities.5000] not found ]
  Script location: file: common/buildings/yy_agotcities_special_buildings_westeros.txt line: 1827 (planky_town_special:on_complete)"
"1","Script / database error","COW-AGOT: 3D Models & Bigger Castles","1642","jomini_script_system.cpp:303","Script system error!
  Error: trigger_event effect [ Event [agot_cities.5000] not found ]
  Script location: file: common/buildings/yy_agotcities_special_buildings_westeros.txt line: 1993 (agot_castamere_03:on_complete)"
"1","Script / database error","COW-AGOT: 3D Models & Bigger Castles","1647","jomini_script_system.cpp:303","Script system error!
  Error: trigger_event effect [ Event [agot_cities.5000] not found ]
  Script location: file: common/buildings/yy_agotcities_special_buildings_westeros.txt line: 2295 (24castamere_03:on_complete)"
"1","Script / database error","Divine Intervention Cheat Menu","1635","jomini_eventtarget.h:291","Failed to find 'varangian' from database for link 'trait' at file: common/scripted_effects/DI_char_spawner_effects.txt line: 1232 (DI_akolouthos_traits_effect)"
"1","History / title / faith reference error","Divine Intervention Cheat Menu","1632","title_links.cpp:214","Failed to fetch a valid landed title 'e_hre' at location 'file: common/character_interactions/DI_character_interaction.txt line: 4639 (DI_change_succession:on_accept)'"
"1","History / title / faith reference error","COW-AGOT: 3D Models & Bigger Castles","1633","title_links.cpp:214","Failed to fetch a valid landed title 'b_graced_castle' at location 'file: common/on_action/cowagot_province_on_actions.txt line: 242 (set_provinces_on_actions)'"
"1","History / title / faith reference error","COW-AGOT: 3D Models & Bigger Castles","1634","title_links.cpp:214","Failed to fetch a valid landed title 'b_cheesemonger_manse' at location 'file: common/on_action/cowagot_province_on_actions.txt line: 246 (set_provinces_on_actions)'"
"1","Script / database error","COW-AGOT: 3D Models & Bigger Castles","1445","pdx_persistent_reader.cpp:216","Error: ""Unexpected token: rhoynish_religion_opinion, near line: 1760"" in file: ""common/buildings/yy_agotcities_special_buildings_westeros.txt"" near line: 1760"
"1","Graphics / portrait source error","","1402","pdx_entity.cpp:585","Could not find blend shape ""female_clothes_f_asoiaf_lannister_armour_high_bs_fat"" for attribute ""bs_body_fat_1"" in entity ""female_clothes_asoiaf_lannister_armour_high_entity"""
"1","Graphics / portrait source error","","1403","pdx_entity.cpp:585","Could not find blend shape ""female_clothes_f_asoiaf_lannister_armour_high_bs_gaunt"" for attribute ""bs_body_gaunt_1"" in entity ""female_clothes_asoiaf_lannister_armour_high_entity"""
"1","Graphics / portrait source error","","1404","pdx_entity.cpp:585","Could not find blend shape ""female_clothes_f_asoiaf_lannister_armour_high_bs_muscular"" for attribute ""bs_body_muscular_1"" in entity ""female_clothes_asoiaf_lannister_armour_high_entity"""
"1","Graphics / portrait source error","","1401","pdx_entity.cpp:585","Could not find blend shape ""female_clothes_f_asoiaf_lannister_armour_high_bs_pregnant"" for attribute ""bs_body_pregnant_1"" in entity ""female_clothes_asoiaf_lannister_armour_high_entity"""
"1","Graphics / portrait source error","COW-AGOT: 3D Models & Bigger Castles","1378","pdxassetutil.cpp:556","UV-Set: 1 in mesh 'dunstonbury_windows' in file 'gfx/models/buildings/special/dunstonbury/dunstonbury.mesh' has no valid triangle to use when calculating texture streaming factor. Texture streaming needs a triangle with an area."
"1","Graphics / portrait source error","","1399","pdx_entity.cpp:585","Could not find blend shape ""female_clothes_f_asoiaf_lannister_armour_high_bs_breast_size_max"" for attribute ""bs_body_breast_size_max"" in entity ""female_clothes_asoiaf_lannister_armour_high_entity"""
"1","Graphics / portrait source error","","1400","pdx_entity.cpp:585","Could not find blend shape ""female_clothes_f_asoiaf_lannister_armour_high_bs_breast_size_min"" for attribute ""bs_body_breast_size_min"" in entity ""female_clothes_asoiaf_lannister_armour_high_entity"""
"1","Graphics / portrait source error","","1405","pdx_entity.cpp:585","Could not find blend shape ""female_clothes_f_asoiaf_lannister_armour_high_bs_old"" for attribute ""bs_body_old_1"" in entity ""female_clothes_asoiaf_lannister_armour_high_entity"""
"1","Graphics / portrait source error","","1410","pdx_entity.cpp:666","Failed to find entity ""western_walls_07_entity"" for attachment in"
"1","Graphics / portrait source error","","1411","pdx_entity.cpp:666","Failed to find entity ""india_walls_05_entity"" for attachment in"
"1","Graphics / portrait source error","","1412","pdx_entity.cpp:666","Failed to find entity ""india_walls_06_entity"" for attachment in"
"1","Graphics / portrait source error","","1409","pdx_entity.cpp:666","Failed to find entity ""western_walls_06_entity"" for attachment in"
"1","Graphics / portrait source error","","1406","pdx_entity.cpp:585","Could not find blend shape ""female_clothes_f_asoiaf_lannister_armour_high_bs_dwarf"" for attribute ""bs_body_dwarf_1"" in entity ""female_clothes_asoiaf_lannister_armour_high_entity"""
"1","Graphics / portrait source error","","1407","pdx_entity.cpp:585","Could not find blend shape ""female_clothes_f_asoiaf_lannister_armour_high_bs_infant"" for attribute ""bs_body_infant_1"" in entity ""female_clothes_asoiaf_lannister_armour_high_entity"""
"1","Graphics / portrait source error","","1408","pdx_entity.cpp:666","Failed to find entity ""western_walls_05_entity"" for attachment in"
"1","Graphics / portrait source error","COW-AGOT: 3D Models & Bigger Castles","1377","pdxassetutil.cpp:556","UV-Set: 1 in mesh 'dunstonbury_stone_ground' in file 'gfx/models/buildings/special/dunstonbury/dunstonbury.mesh' has no valid triangle to use when calculating texture streaming factor. Texture streaming needs a triangle with an area."
"1","Graphics / portrait source error","COW-AGOT: 3D Models & Bigger Castles","1365","pdxassetutil.cpp:556","UV-Set: 1 in mesh 'dunstonbury_stone_ground' in file 'gfx/models/buildings/special/whitegrove/whitegrove.mesh' has no valid triangle to use when calculating texture streaming factor. Texture streaming needs a triangle with an area."
"1","Graphics / portrait source error","COW-AGOT: 3D Models & Bigger Castles","1366","pdxassetutil.cpp:1763","pdxmesh [whitegrove_mesh] is out of sync with its meshsettings. [whitegrove_roof] is not in use in file: gfx/models/buildings/special/whitegrove/whitegrove.mesh"
"1","Graphics / portrait source error","COW-AGOT: 3D Models & Bigger Castles","1367","pdxassetutil.cpp:1763","pdxmesh [whitegrove_mesh] is out of sync with its meshsettings. [whitegrove_upper] is not in use in file: gfx/models/buildings/special/whitegrove/whitegrove.mesh"
"1","Graphics / portrait source error","AGOT+","1364","pdxassetutil.cpp:2002","Asset ""gfx/models/portraits/f_legwear/asoiaf/asoiaf_generic/f_asoiaf_leather_boots_1/f_asoiaf_leather_boots_1.mesh"" has more than 3 UV channels. This is not supported and will be ignored."
"1","Graphics / portrait source error","AGOT+","1361","pdxassetutil.cpp:2002","Asset ""gfx/models/portraits/m_clothes/asoiaf/asoiaf_iron_isles/asoiaf_ironborn_armour_high_coa/asoiaf_ironborn_armour_high_coa.mesh"" has more than 3 UV channels. This is not supported and will be ignored."
"1","Graphics / portrait source error","AGOT+","1362","pdxassetutil.cpp:556","UV-Set: 1 in mesh 'asoiaf_nights_watch_leatherShape' in file 'gfx/models/portraits/m_clothes/asoiaf/asoiaf_nights_watch/asoiaf_nights_watch_leather/asoiaf_nights_watch_leather.mesh' has no valid triangle to use when calculating texture streaming factor. Texture streaming needs a triangle with an area."
"1","Graphics / portrait source error","AGOT+","1363","pdxassetutil.cpp:2002","Asset ""gfx/models/portraits/m_clothes/asoiaf/asoiaf_religious_clothing/asoiaf_septon_robes/asoiaf_septon_robes_1/asoiaf_septon_robes_1.mesh"" has more than 3 UV channels. This is not supported and will be ignored."
"1","Graphics / portrait source error","COW-AGOT: 3D Models & Bigger Castles","1368","pdxassetutil.cpp:1763","pdxmesh [whitegrove_mesh] is out of sync with its meshsettings. [whitegrove_stone_ground] is not in use in file: gfx/models/buildings/special/whitegrove/whitegrove.mesh"
"1","Graphics / portrait source error","COW-AGOT: 3D Models & Bigger Castles","1374","pdxassetutil.cpp:556","UV-Set: 1 in mesh 'dunstonbury_upper' in file 'gfx/models/buildings/special/dunstonbury/dunstonbury.mesh' has no valid triangle to use when calculating texture streaming factor. Texture streaming needs a triangle with an area."
"1","Graphics / portrait source error","COW-AGOT: 3D Models & Bigger Castles","1375","pdxassetutil.cpp:556","UV-Set: 3 in mesh 'dunstonbury_upper' in file 'gfx/models/buildings/special/dunstonbury/dunstonbury.mesh' has no valid triangle to use when calculating texture streaming factor. Texture streaming needs a triangle with an area."
"1","Graphics / portrait source error","COW-AGOT: 3D Models & Bigger Castles","1376","pdxassetutil.cpp:2002","Asset ""gfx/models/buildings/special/dunstonbury/dunstonbury.mesh"" has more than 3 UV channels. This is not supported and will be ignored."
"1","Graphics / portrait source error","COW-AGOT: 3D Models & Bigger Castles","1373","pdxassetutil.cpp:556","UV-Set: 2 in mesh 'celtic_01' in file 'gfx/models/buildings/special/Ten Towers/cow_building_special_ten_towers.mesh' has no valid triangle to use when calculating texture streaming factor. Texture streaming needs a triangle with an area."
"1","Graphics / portrait source error","COW-AGOT: 3D Models & Bigger Castles","1369","pdxassetutil.cpp:1763","pdxmesh [whitegrove_mesh] is out of sync with its meshsettings. [whitegrove_windows] is not in use in file: gfx/models/buildings/special/whitegrove/whitegrove.mesh"
"1","Graphics / portrait source error","AGOT+","1371","pdxassetutil.cpp:2002","Asset ""gfx/models/portraits/f_clothes/asoiaf/asoiaf_religious_clothing/asoiaf_silent_sister_robes/f_asoiaf_silent_sister_robes.mesh"" has more than 3 UV channels. This is not supported and will be ignored."
"1","Graphics / portrait source error","COW-AGOT: 3D Models & Bigger Castles","1372","pdxassetutil.cpp:556","UV-Set: 2 in mesh 'building_western' in file 'gfx/models/buildings/special/Ten Towers/cow_building_special_ten_towers.mesh' has no valid triangle to use when calculating texture streaming factor. Texture streaming needs a triangle with an area."
"1","Graphics / portrait source error","","1413","pdx_entity.cpp:666","Failed to find entity ""india_walls_07_entity"" for attachment in"
"1","Script / database error","","1434","decision_type.cpp:224","asoiaf_greyjoy_cadets_decision has 'ai_check_interval'/'ai_check_interval_by_tier' that's negative or unset. Setting to 0 instead"
"1","Script / database error","","1435","decision_type.cpp:224","asoiaf_baelish_cadets_decision has 'ai_check_interval'/'ai_check_interval_by_tier' that's negative or unset. Setting to 0 instead"
"1","Script / database error","","1436","decision_type.cpp:224","asoiaf_harlaw_cadets_decision has 'ai_check_interval'/'ai_check_interval_by_tier' that's negative or unset. Setting to 0 instead"
"1","Graphics / portrait source error","AGOT Submod Core","1433","portraitaccessories.cpp:65","could not find entity [smc_alicent_dress_04_entity] - file: gfx/portraits/accessories/smc_clothing.txt line: 28 (female_clothes_smc_alicent_dress_04)"
"1","Graphics / portrait source error","","1430","pdx_entity.cpp:666","Failed to find entity ""mediterranean_walls_05_rome_entity"" for attachment in"
"1","Graphics / portrait source error","","1431","pdx_entity.cpp:666","Failed to find entity ""mediterranean_walls_05_constantinople_entity"" for attachment in"
"1","Graphics / portrait source error","AGOT Submod Core","1432","portraitaccessories.cpp:65","could not find entity [smc_alicent_dress_03_entity] - file: gfx/portraits/accessories/smc_clothing.txt line: 24 (female_clothes_smc_alicent_dress_03)"
"1","Script / database error","","1437","decision_type.cpp:224","asoiaf_jon_targ_cadet_branch_decision has 'ai_check_interval'/'ai_check_interval_by_tier' that's negative or unset. Setting to 0 instead"
"1","Graphics / portrait source error","AGOT Bookmarked","1442","portraitcontext.cpp:239","Trying to read gene props_right a second time at file: common/bookmark_portraits/bookmark_299_asha_greyjoy.txt line: 215 (bookmark_299_asha_greyjoy)"
"1","Script / database error","A Game of Thrones","1443","jomini_eventmanager.cpp:428","Duplicated event ID 'agot_activity_commission_crown.0001' found. New Location: 'file: events/activities/agot_coronation_activity/agot_coronation_crown_commission_events.txt line: 3 (agot_activity_commission_crown.0001)', Previous Location: 'file: events/activities/agot_coronation_activity/agot_coronation_crown_commission_events.txt line: 3 (agot_activity_commission_crown.0001)'"
"1","Graphics / portrait source error","AGOT Bookmarked","1444","portraitcontext.cpp:239","Trying to read gene props_right a second time at file: common/bookmark_portraits/bookmark_99_aurion_varezys.txt line: 211 (bookmark_99_aurion_varezys)"
"1","Script / database error","Legacy Of The Dragon","1441","character_currency_effects_impl.cpp:227","Negative value in remove_short_term_gold: -450. file: events/decisions_events/buy_ruby_crown_events.txt line: 54 (buy_ruby_crown.0999:immediate)"
"1","Script / database error","","1438","decision_type.cpp:224","asoiaf_aegon_II_greens_cadet_branch_decision has 'ai_check_interval'/'ai_check_interval_by_tier' that's negative or unset. Setting to 0 instead"
"1","Localization / dynamic text error","","1439","jomini_dynamicdescription.cpp:66","Unrecognized loc key show_notifications_decision_tooltip. show_notifications_decision"
"1","Script / database error","","1440","decision_type.cpp:224","show_notifications_decision has 'ai_check_interval'/'ai_check_interval_by_tier' that's negative or unset. Setting to 0 instead"
"1","Graphics / portrait source error","","1429","pdx_entity.cpp:666","Failed to find entity ""mediterranean_walls_05_genoa_entity"" for attachment in"
"1","Graphics / portrait source error","","1418","pdx_entity.cpp:666","Failed to find entity ""fp2_building_iberian_wall_06_entity"" for attachment in"
"1","Graphics / portrait source error","","1419","pdx_entity.cpp:666","Failed to find entity ""fp2_building_iberian_wall_07_entity"" for attachment in"
"1","Graphics / portrait source error","","1420","pdx_entity.cpp:666","Failed to find entity ""walls_05_marrakesh_entity"" for attachment in"
"1","Graphics / portrait source error","","1417","pdx_entity.cpp:666","Failed to find entity ""fp2_building_iberian_wall_05_entity"" for attachment in"
"1","Graphics / portrait source error","","1414","pdx_entity.cpp:666","Failed to find entity ""mediterranean_walls_05_entity"" for attachment in"
"1","Graphics / portrait source error","","1415","pdx_entity.cpp:666","Failed to find entity ""mediterranean_walls_06_entity"" for attachment in"
"1","Graphics / portrait source error","","1416","pdx_entity.cpp:666","Failed to find entity ""mediterranean_walls_07_entity"" for attachment in"
"1","Graphics / portrait source error","","1421","pdx_entity.cpp:666","Failed to find entity ""western_walls_05_paris_entity"" for attachment in"
"1","Graphics / portrait source error","","1426","pdx_entity.cpp:666","Failed to find entity ""mena_walls_05_entity"" for attachment in"
"1","Graphics / portrait source error","","1427","pdx_entity.cpp:666","Failed to find entity ""mena_walls_06_entity"" for attachment in"
"1","Graphics / portrait source error","","1428","pdx_entity.cpp:666","Failed to find entity ""mena_walls_07_entity"" for attachment in"
"1","Graphics / portrait source error","","1425","pdx_entity.cpp:666","Failed to find entity ""mediterranean_walls_05_thes_entity"" for attachment in"
"1","Graphics / portrait source error","","1422","pdx_entity.cpp:666","Failed to find entity ""western_walls_07_london_entity"" for attachment in"
"1","Graphics / portrait source error","","1423","pdx_entity.cpp:666","Failed to find entity ""western_walls_06_london_entity"" for attachment in"
"1","Graphics / portrait source error","","1424","pdx_entity.cpp:666","Failed to find entity ""western_walls_05_london_entity"" for attachment in"
