[12:45:10][dlc_descriptor.cpp:70] [original line 1] Invalid supported_version in file: mod/ugc_2261468688.mod line: 6
[12:45:24][pdx_3dtypes.cpp:145] [original line 1192] a 3d-type with the name "female_cloaks_secular_shouldercape_01_mesh" already exists!
[12:45:31][pdx_blend_shape_database.cpp:149] [original line 1193] Blend shape: gfx/models/portraits/f_clothes/asoiaf/asoiaf_westerlands/asoiaf_lannister_armours/f_asoiaf_lannister_armour_high/f_asoiaf_lannister_armour_high_bs_breast_size_max.mesh has fewer meshes than its base object: gfx/models/portraits/f_clothes/asoiaf/asoiaf_westerlands/asoiaf_lannister_armours/f_asoiaf_lannister_armour_high/f_asoiaf_lannister_armour_high.mesh
[12:45:31][pdx_blend_shape_database.cpp:149] [original line 1194] Blend shape: gfx/models/portraits/f_clothes/asoiaf/asoiaf_westerlands/asoiaf_lannister_armours/f_asoiaf_lannister_armour_high/f_asoiaf_lannister_armour_high_bs_breast_size_min.mesh has fewer meshes than its base object: gfx/models/portraits/f_clothes/asoiaf/asoiaf_westerlands/asoiaf_lannister_armours/f_asoiaf_lannister_armour_high/f_asoiaf_lannister_armour_high.mesh
[12:45:31][pdx_blend_shape_database.cpp:149] [original line 1195] Blend shape: gfx/models/portraits/f_clothes/asoiaf/asoiaf_westerlands/asoiaf_lannister_armours/f_asoiaf_lannister_armour_high/f_asoiaf_lannister_armour_high_bs_pregnant.mesh has fewer meshes than its base object: gfx/models/portraits/f_clothes/asoiaf/asoiaf_westerlands/asoiaf_lannister_armours/f_asoiaf_lannister_armour_high/f_asoiaf_lannister_armour_high.mesh
[12:45:31][pdx_blend_shape_database.cpp:149] [original line 1196] Blend shape: gfx/models/portraits/f_clothes/asoiaf/asoiaf_westerlands/asoiaf_lannister_armours/f_asoiaf_lannister_armour_high/f_asoiaf_lannister_armour_high_bs_fat.mesh has fewer meshes than its base object: gfx/models/portraits/f_clothes/asoiaf/asoiaf_westerlands/asoiaf_lannister_armours/f_asoiaf_lannister_armour_high/f_asoiaf_lannister_armour_high.mesh
[12:45:31][pdx_blend_shape_database.cpp:149] [original line 1197] Blend shape: gfx/models/portraits/f_clothes/asoiaf/asoiaf_westerlands/asoiaf_lannister_armours/f_asoiaf_lannister_armour_high/f_asoiaf_lannister_armour_high_bs_gaunt.mesh has fewer meshes than its base object: gfx/models/portraits/f_clothes/asoiaf/asoiaf_westerlands/asoiaf_lannister_armours/f_asoiaf_lannister_armour_high/f_asoiaf_lannister_armour_high.mesh
[12:45:31][pdx_blend_shape_database.cpp:149] [original line 1198] Blend shape: gfx/models/portraits/f_clothes/asoiaf/asoiaf_westerlands/asoiaf_lannister_armours/f_asoiaf_lannister_armour_high/f_asoiaf_lannister_armour_high_bs_muscular.mesh has fewer meshes than its base object: gfx/models/portraits/f_clothes/asoiaf/asoiaf_westerlands/asoiaf_lannister_armours/f_asoiaf_lannister_armour_high/f_asoiaf_lannister_armour_high.mesh
[12:45:31][pdx_blend_shape_database.cpp:149] [original line 1199] Blend shape: gfx/models/portraits/f_clothes/asoiaf/asoiaf_westerlands/asoiaf_lannister_armours/f_asoiaf_lannister_armour_high/f_asoiaf_lannister_armour_high_bs_old.mesh has fewer meshes than its base object: gfx/models/portraits/f_clothes/asoiaf/asoiaf_westerlands/asoiaf_lannister_armours/f_asoiaf_lannister_armour_high/f_asoiaf_lannister_armour_high.mesh
[12:45:31][pdx_blend_shape_database.cpp:149] [original line 1200] Blend shape: gfx/models/portraits/f_clothes/asoiaf/asoiaf_westerlands/asoiaf_lannister_armours/f_asoiaf_lannister_armour_high/f_asoiaf_lannister_armour_high_bs_dwarf.mesh has fewer meshes than its base object: gfx/models/portraits/f_clothes/asoiaf/asoiaf_westerlands/asoiaf_lannister_armours/f_asoiaf_lannister_armour_high/f_asoiaf_lannister_armour_high.mesh
[12:45:31][pdx_blend_shape_database.cpp:149] [original line 1201] Blend shape: gfx/models/portraits/f_clothes/asoiaf/asoiaf_westerlands/asoiaf_lannister_armours/f_asoiaf_lannister_armour_high/f_asoiaf_lannister_armour_high_bs_infant.mesh has fewer meshes than its base object: gfx/models/portraits/f_clothes/asoiaf/asoiaf_westerlands/asoiaf_lannister_armours/f_asoiaf_lannister_armour_high/f_asoiaf_lannister_armour_high.mesh
[12:45:52][pdx_3dtypes.cpp:145] [original line 1202] a 3d-type with the name "male_cloaks_secular_shouldercape_01_mesh" already exists!
[12:46:19][pdxassetutil.cpp:1009] [original line 1203] Duplicate texture 'ep3_patras_castle_01_a_unique.dds' found (current path 'gfx/models/buildings/special/high_hermitage/ep3_patras_castle_01_a_unique.dds', previous path 'gfx/models/buildings/special/ep3_patras_castle_01_a/ep3_patras_castle_01_a_unique.dds')
[12:46:19][pdxassetutil.cpp:1009] [original line 1204] Duplicate texture 'ep3_patras_castle_ground_diffuse.dds' found (current path 'gfx/models/buildings/special/high_hermitage/ep3_patras_castle_ground_diffuse.dds', previous path 'gfx/models/buildings/special/ep3_patras_castle_01_a/ep3_patras_castle_ground_diffuse.dds')
[12:46:19][pdxassetutil.cpp:1009] [original line 1205] Duplicate texture 'ep3_patras_castle_ground_normal.dds' found (current path 'gfx/models/buildings/special/high_hermitage/ep3_patras_castle_ground_normal.dds', previous path 'gfx/models/buildings/special/ep3_patras_castle_01_a/ep3_patras_castle_ground_normal.dds')
[12:46:19][pdxassetutil.cpp:1009] [original line 1206] Duplicate texture 'ep3_patras_castle_ground_properties.dds' found (current path 'gfx/models/buildings/special/high_hermitage/ep3_patras_castle_ground_properties.dds', previous path 'gfx/models/buildings/special/ep3_patras_castle_01_a/ep3_patras_castle_ground_properties.dds')
[12:46:19][pdxassetutil.cpp:1009] [original line 1207] Duplicate texture 'ethiopian_atlas_diffuse.dds' found (current path 'gfx/models/buildings/special/Karhold/ethiopian_atlas_diffuse.dds', previous path 'gfx/models/buildings/holdings/atlas/ethiopian/ethiopian_atlas_diffuse.dds')
[12:46:19][pdxassetutil.cpp:1009] [original line 1208] Duplicate texture 'ethiopian_atlas_diffuse.dds' found (current path 'gfx/models/buildings/special/Runestone/ethiopian_atlas_diffuse.dds', previous path 'gfx/models/buildings/holdings/atlas/ethiopian/ethiopian_atlas_diffuse.dds')
[12:46:19][pdxassetutil.cpp:1009] [original line 1209] Duplicate texture 'ethiopian_atlas_normal.dds' found (current path 'gfx/models/buildings/special/Karhold/ethiopian_atlas_normal.dds', previous path 'gfx/models/buildings/holdings/atlas/ethiopian/ethiopian_atlas_normal.dds')
[12:46:19][pdxassetutil.cpp:1009] [original line 1210] Duplicate texture 'ethiopian_atlas_normal.dds' found (current path 'gfx/models/buildings/special/Runestone/ethiopian_atlas_normal.dds', previous path 'gfx/models/buildings/holdings/atlas/ethiopian/ethiopian_atlas_normal.dds')
[12:46:19][pdxassetutil.cpp:1009] [original line 1211] Duplicate texture 'ethiopian_atlas_properties.dds' found (current path 'gfx/models/buildings/special/Karhold/ethiopian_atlas_properties.dds', previous path 'gfx/models/buildings/holdings/atlas/ethiopian/ethiopian_atlas_properties.dds')
[12:46:19][pdxassetutil.cpp:1009] [original line 1212] Duplicate texture 'ethiopian_atlas_properties.dds' found (current path 'gfx/models/buildings/special/Runestone/ethiopian_atlas_properties.dds', previous path 'gfx/models/buildings/holdings/atlas/ethiopian/ethiopian_atlas_properties.dds')
[12:46:19][pdxassetutil.cpp:1009] [original line 1213] Duplicate texture 'male_cloaks_secular_shouldercape_01_diffuse.dds' found (current path 'gfx/models/portraits/m_cloaks/asoiaf/asoiaf_westerlands/asoiaf_lannister_cloaks/asoiaf_lannister_cloak_royal/male_cloaks_secular_shouldercape_01_diffuse.dds', previous path 'gfx/models/portraits/m_cloaks/agot/shouldercape/male_cloaks_secular_shouldercape_01_diffuse.dds')
[12:46:19][pdxassetutil.cpp:1009] [original line 1214] Duplicate texture 'male_cloaks_secular_shouldercape_01_masks.dds' found (current path 'gfx/models/portraits/m_cloaks/asoiaf/asoiaf_westerlands/asoiaf_lannister_cloaks/asoiaf_lannister_cloak_royal/male_cloaks_secular_shouldercape_01_masks.dds', previous path 'gfx/models/portraits/m_cloaks/agot/shouldercape/male_cloaks_secular_shouldercape_01_masks.dds')
[12:46:19][pdxassetutil.cpp:1009] [original line 1215] Duplicate texture 'male_cloaks_secular_shouldercape_01_normal.dds' found (current path 'gfx/models/portraits/m_cloaks/asoiaf/asoiaf_westerlands/asoiaf_lannister_cloaks/asoiaf_lannister_cloak_royal/male_cloaks_secular_shouldercape_01_normal.dds', previous path 'gfx/models/portraits/m_cloaks/agot/shouldercape/male_cloaks_secular_shouldercape_01_normal.dds')
[12:46:19][pdxassetutil.cpp:1009] [original line 1216] Duplicate texture 'male_cloaks_secular_shouldercape_01_properties.dds' found (current path 'gfx/models/portraits/m_cloaks/asoiaf/asoiaf_westerlands/asoiaf_lannister_cloaks/asoiaf_lannister_cloak_royal/male_cloaks_secular_shouldercape_01_properties.dds', previous path 'gfx/models/portraits/m_cloaks/agot/shouldercape/male_cloaks_secular_shouldercape_01_properties.dds')
[12:46:21][pdxassetutil.cpp:556] [original line 1217] UV-Set: 1 in mesh 'crag_crenelation' in file 'gfx/models/buildings/special/crag/crag.mesh' has no valid triangle to use when calculating texture streaming factor. Texture streaming needs a triangle with an area.
[12:46:21][pdxassetutil.cpp:2002] [original line 1218] Asset "gfx/models/portraits/m_headgears/asoiaf/asoiaf_reach/asoiaf_tyrell_helm_low/asoiaf_tyrell_helm_low.mesh" has more than 3 UV channels. This is not supported and will be ignored.
[12:46:21][pdxassetutil.cpp:556] [original line 1219] UV-Set: 1 in mesh 'gold_ball' in file 'gfx/models/buildings/special/cow_blackhaven/cow_blackhaven.mesh' has no valid triangle to use when calculating texture streaming factor. Texture streaming needs a triangle with an area.
[12:46:21][pdxassetutil.cpp:556] [original line 1220] UV-Set: 1 in mesh 'crag_stone_ground' in file 'gfx/models/buildings/special/cow_blackhaven/cow_blackhaven.mesh' has no valid triangle to use when calculating texture streaming factor. Texture streaming needs a triangle with an area.
[12:46:21][pdxassetutil.cpp:2002] [original line 1221] Asset "gfx/models/portraits/f_legwear/asoiaf/asoiaf_crownlands/f_asoiaf_gold_cloak_legs/f_asoiaf_gold_cloak_legs.mesh" has more than 3 UV channels. This is not supported and will be ignored.
[12:46:21][pdxassetutil.cpp:1763] [original line 1222] pdxmesh [cow_blackhaven_mesh] is out of sync with its meshsettings. [blackhaven_rockShape] is not in use in file: gfx/models/buildings/special/cow_blackhaven/cow_blackhaven.mesh
[12:46:21][pdxassetutil.cpp:1763] [original line 1223] pdxmesh [crag_mesh] is out of sync with its meshsettings. [lannisport_dgShape] is not in use in file: gfx/models/buildings/special/crag/crag.mesh
[12:46:21][pdxassetutil.cpp:1763] [original line 1224] pdxmesh [crag_mesh] is out of sync with its meshsettings. [lannisport_lkShape] is not in use in file: gfx/models/buildings/special/crag/crag.mesh
[12:46:21][pdxassetutil.cpp:1763] [original line 1225] pdxmesh [crag_mesh] is out of sync with its meshsettings. [lannisport_lpShape] is not in use in file: gfx/models/buildings/special/crag/crag.mesh
[12:46:22][pdxassetutil.cpp:2002] [original line 1226] Asset "gfx/models/portraits/m_clothes/asoiaf/asoiaf_crownlands/asoiaf_dragonstone/asoiaf_dragonstone_armour_low/asoiaf_dragonstone_armour_low.mesh" has more than 3 UV channels. This is not supported and will be ignored.
[12:46:22][pdxassetutil.cpp:2002] [original line 1227] Asset "gfx/models/portraits/m_legwear/asoiaf/asoiaf_generic/asoiaf_slippers_1/asoiaf_slippers_1.mesh" has more than 3 UV channels. This is not supported and will be ignored.
[12:46:22][pdxassetutil.cpp:2002] [original line 1228] Asset "gfx/models/portraits/f_clothes/asoiaf/asoiaf_crownlands/asoiaf_dragonstone/f_asoiaf_dragonstone_armour_low/f_asoiaf_dragonstone_armour_low.mesh" has more than 3 UV channels. This is not supported and will be ignored.
[12:46:22][pdxassetutil.cpp:2002] [original line 1229] Asset "gfx/models/portraits/m_clothes/asoiaf/asoiaf_iron_isles/asoiaf_greyjoy_armour_dynast/asoiaf_greyjoy_armour_dynast.mesh" has more than 3 UV channels. This is not supported and will be ignored.
[12:46:22][pdxassetutil.cpp:2002] [original line 1230] Asset "gfx/models/portraits/m_clothes/asoiaf/asoiaf_iron_isles/asoiaf_greyjoy_armour_dynast/asoiaf_greyjoy_armour_dynast.mesh" has more than 3 UV channels. This is not supported and will be ignored.
[12:46:22][pdxassetutil.cpp:1763] [original line 1231] pdxmesh [building_special_lonely_light_04] is out of sync with its meshsettings. [dock_tower_wood] is not in use in file: gfx/models/buildings/special/Lonely Light/building_special_lonely_light_04.mesh
[12:46:22][pdxassetutil.cpp:2002] [original line 1232] Asset "gfx/models/portraits/m_jewellery/asoiaf/asoiaf_generic/asoiaf_shark_tooth_necklace/asoiaf_shark_tooth_necklace.mesh" has more than 3 UV channels. This is not supported and will be ignored.
[12:46:22][pdxassetutil.cpp:2002] [original line 1233] Asset "gfx/models/portraits/m_jewellery/asoiaf/asoiaf_religious_jewellery/asoiaf_septon_jewellery/asoiaf_septon_necklace_1/asoiaf_septon_necklace_1.mesh" has more than 3 UV channels. This is not supported and will be ignored.
[12:46:23][pdxassetutil.cpp:556] [original line 1234] UV-Set: 1 in mesh 'f_asoiaf_manderly_armour_lowShape' in file 'gfx/models/portraits/f_clothes/asoiaf/asoiaf_north/asoiaf_manderly_armours/f_asoiaf_manderly_armour_low/f_asoiaf_manderly_armour_low.mesh' has no valid triangle to use when calculating texture streaming factor. Texture streaming needs a triangle with an area.
[12:46:23][pdxassetutil.cpp:1763] [original line 1235] pdxmesh [starpike_mesh] is out of sync with its meshsettings. [starpike_ground] is not in use in file: gfx/models/buildings/special/starpike/starpike.mesh
[12:46:23][pdxassetutil.cpp:1763] [original line 1236] pdxmesh [starpike_mesh] is out of sync with its meshsettings. [starpike_lower] is not in use in file: gfx/models/buildings/special/starpike/starpike.mesh
[12:46:23][pdxassetutil.cpp:556] [original line 1237] UV-Set: 1 in mesh 'f_asoiaf_nights_watch_cloak_1Shape' in file 'gfx/models/portraits/f_cloaks/asoiaf/asoiaf_nights_watch/f_asoiaf_nights_watch_cloak_1/f_asoiaf_nights_watch_cloak_1.mesh' has no valid triangle to use when calculating texture streaming factor. Texture streaming needs a triangle with an area.
[12:46:23][pdxassetutil.cpp:556] [original line 1238] UV-Set: 2 in mesh 'f_asoiaf_nights_watch_cloak_1Shape' in file 'gfx/models/portraits/f_cloaks/asoiaf/asoiaf_nights_watch/f_asoiaf_nights_watch_cloak_1/f_asoiaf_nights_watch_cloak_1.mesh' has no valid triangle to use when calculating texture streaming factor. Texture streaming needs a triangle with an area.
[12:46:23][pdxassetutil.cpp:556] [original line 1239] UV-Set: 1 in mesh 'f_asoiaf_nights_watch_cloak_1Shape' in file 'gfx/models/portraits/f_cloaks/asoiaf/asoiaf_nights_watch/f_asoiaf_nights_watch_cloak_1/f_asoiaf_nights_watch_cloak_1.mesh' has no valid triangle to use when calculating texture streaming factor. Texture streaming needs a triangle with an area.
[12:46:23][pdxassetutil.cpp:2002] [original line 1240] Asset "gfx/models/portraits/m_cloaks/asoiaf/asoiaf_crownlands/asoiaf_gold_cloak_cloak/asoiaf_gold_cloak_cloak.mesh" has more than 3 UV channels. This is not supported and will be ignored.
[12:46:23][pdxassetutil.cpp:2002] [original line 1241] Asset "gfx/models/portraits/m_legwear/asoiaf/asoiaf_generic/asoiaf_leather_boots_6/asoiaf_leather_boots_6.mesh" has more than 3 UV channels. This is not supported and will be ignored.
[12:46:23][pdxassetutil.cpp:1763] [original line 1242] pdxmesh [high_hermitage_mesh] is out of sync with its meshsettings. [ep3_basilica_sant_apollinare_nuovo_decalShape] is not in use in file: gfx/models/buildings/special/high_hermitage/high_hermitage.mesh
[12:46:23][pdxassetutil.cpp:2002] [original line 1243] Asset "gfx/models/portraits/m_legwear/asoiaf/asoiaf_crownlands/asoiaf_dragonstone_legs/asoiaf_dragonstone_legs.mesh" has more than 3 UV channels. This is not supported and will be ignored.
[12:46:23][pdxassetutil.cpp:556] [original line 1244] UV-Set: 1 in mesh 'pole_town' in file 'gfx/models/buildings/special/planky town/planky_town.mesh' has no valid triangle to use when calculating texture streaming factor. Texture streaming needs a triangle with an area.
[12:46:23][pdxassetutil.cpp:2002] [original line 1245] Asset "gfx/models/portraits/m_legwear/asoiaf/asoiaf_generic/asoiaf_leather_boots_1/asoiaf_leather_boots_1.mesh" has more than 3 UV channels. This is not supported and will be ignored.
[12:46:24][pdxassetutil.cpp:2002] [original line 1246] Asset "gfx/models/portraits/f_cloaks/asoiaf/asoiaf_crownlands/f_asoiaf_gold_cloak_cloak/f_asoiaf_gold_cloak_cloak.mesh" has more than 3 UV channels. This is not supported and will be ignored.
[12:46:24][pdxassetutil.cpp:2002] [original line 1247] Asset "gfx/models/portraits/m_legwear/asoiaf/asoiaf_crownlands/asoiaf_gold_cloak_legs/asoiaf_gold_cloak_legs.mesh" has more than 3 UV channels. This is not supported and will be ignored.
[12:46:24][pdxassetutil.cpp:556] [original line 1248] UV-Set: 1 in mesh 'rooksrest_stone_ground' in file 'gfx/models/buildings/special/rooksrest/rooksrest.mesh' has no valid triangle to use when calculating texture streaming factor. Texture streaming needs a triangle with an area.
[12:46:24][pdxassetutil.cpp:2002] [original line 1249] Asset "gfx/models/portraits/m_legwear/asoiaf/asoiaf_iron_isles/asoiaf_greyjoy_legs/asoiaf_greyjoy_legs.mesh" has more than 3 UV channels. This is not supported and will be ignored.
[12:46:24][pdxassetutil.cpp:2002] [original line 1250] Asset "gfx/models/portraits/m_clothes/asoiaf/asoiaf_reach/asoiaf_tyrell_armour_high/asoiaf_tyrell_armour_high.mesh" has more than 3 UV channels. This is not supported and will be ignored.
[12:46:24][pdxassetutil.cpp:2002] [original line 1251] Asset "gfx/models/portraits/m_clothes/asoiaf/asoiaf_stepstones/asoiaf_pirate_prince_tunic/asoiaf_pirate_prince_tunic.mesh" has more than 3 UV channels. This is not supported and will be ignored.
[12:46:24][pdxassetutil.cpp:556] [original line 1252] UV-Set: 0 in mesh 'lift' in file 'gfx/models/buildings/special/castamere/24castamere_3.mesh' has no valid triangle to use when calculating texture streaming factor. Texture streaming needs a triangle with an area.
[12:46:24][pdxassetutil.cpp:1053] [original line 1253] Failed to find texture 'building_backup_atlas_properties.dds'
[12:46:24][virtualfilesystem.cpp:456] [original line 1254] Could not find texture due to 'VFSOpen Error: gfx/models/buildings/special/castamere/building_backup_atlas_properties.dds not found'
[12:46:24][pdxassetutil.cpp:1053] [original line 1255] Failed to find texture 'building_backup_atlas_normal.dds'
[12:46:24][virtualfilesystem.cpp:456] [original line 1256] Could not find texture due to 'VFSOpen Error: gfx/models/buildings/special/castamere/building_backup_atlas_normal.dds not found'
[12:46:24][pdxassetutil.cpp:556] [original line 1257] UV-Set: 0 in mesh 'pallet' in file 'gfx/models/buildings/special/castamere/24castamere_3.mesh' has no valid triangle to use when calculating texture streaming factor. Texture streaming needs a triangle with an area.
[12:46:24][pdxassetutil.cpp:1053] [original line 1258] Failed to find texture 'building_backup_atlas_properties.dds'
[12:46:24][virtualfilesystem.cpp:456] [original line 1259] Could not find texture due to 'VFSOpen Error: gfx/models/buildings/special/castamere/building_backup_atlas_properties.dds not found'
[12:46:24][pdxassetutil.cpp:1053] [original line 1260] Failed to find texture 'building_backup_atlas_normal.dds'
[12:46:24][virtualfilesystem.cpp:456] [original line 1261] Could not find texture due to 'VFSOpen Error: gfx/models/buildings/special/castamere/building_backup_atlas_normal.dds not found'
[12:46:25][pdxassetutil.cpp:2002] [original line 1262] Asset "gfx/models/portraits/f_legwear/asoiaf/asoiaf_iron_isles/f_asoiaf_greyjoy_legs/f_asoiaf_greyjoy_legs.mesh" has more than 3 UV channels. This is not supported and will be ignored.
[12:46:25][pdxassetutil.cpp:556] [original line 1263] UV-Set: 1 in mesh 'ashemark_stone_ground' in file 'gfx/models/buildings/special/ashemark/ashemark.mesh' has no valid triangle to use when calculating texture streaming factor. Texture streaming needs a triangle with an area.
[12:46:25][pdxassetutil.cpp:1763] [original line 1264] pdxmesh [building_palestone_sword_01_mesh] is out of sync with its meshsettings. [casterlyrock_rockShape] is not in use in file: gfx/models/buildings/special/palestone_sword/building_palestone_sword_01.mesh
[12:46:25][pdxassetutil.cpp:556] [original line 1265] UV-Set: 1 in mesh 'lannisport_dgShape' in file 'gfx/models/buildings/special/fanghill/fanghill.mesh' has no valid triangle to use when calculating texture streaming factor. Texture streaming needs a triangle with an area.
[12:46:25][pdxassetutil.cpp:556] [original line 1266] UV-Set: 1 in mesh 'f_asoiaf_westerlands_mourning_1Shape' in file 'gfx/models/portraits/f_clothes/asoiaf/asoiaf_westerlands/asoiaf_westerlands_mourning_1/f_asoiaf_westerlands_mourning_1.mesh' has no valid triangle to use when calculating texture streaming factor. Texture streaming needs a triangle with an area.
[12:46:26][pdxassetutil.cpp:556] [original line 1267] UV-Set: 1 in mesh 'asoiaf_red_keep_wallsShape' in file 'gfx/models/court/rooms/asoiaf_red_keep/asoiaf_court_red_keep.mesh' has no valid triangle to use when calculating texture streaming factor. Texture streaming needs a triangle with an area.
[12:46:26][pdxassetutil.cpp:556] [original line 1268] UV-Set: 1 in mesh 'asoiaf_leather_boots_2Shape' in file 'gfx/models/portraits/m_legwear/asoiaf/asoiaf_generic/asoiaf_leather_boots_2/asoiaf_leather_boots_2.mesh' has no valid triangle to use when calculating texture streaming factor. Texture streaming needs a triangle with an area.
[12:46:26][pdxassetutil.cpp:556] [original line 1269] UV-Set: 0 in mesh 'lift' in file 'gfx/models/buildings/special/castamere/24castamere_2.mesh' has no valid triangle to use when calculating texture streaming factor. Texture streaming needs a triangle with an area.
[12:46:26][pdxassetutil.cpp:1053] [original line 1270] Failed to find texture 'building_backup_atlas_properties.dds'
[12:46:26][virtualfilesystem.cpp:456] [original line 1271] Could not find texture due to 'VFSOpen Error: gfx/models/buildings/special/castamere/building_backup_atlas_properties.dds not found'
[12:46:26][pdxassetutil.cpp:1053] [original line 1272] Failed to find texture 'building_backup_atlas_normal.dds'
[12:46:26][virtualfilesystem.cpp:456] [original line 1273] Could not find texture due to 'VFSOpen Error: gfx/models/buildings/special/castamere/building_backup_atlas_normal.dds not found'
[12:46:26][pdxassetutil.cpp:556] [original line 1274] UV-Set: 0 in mesh 'pallet' in file 'gfx/models/buildings/special/castamere/24castamere_2.mesh' has no valid triangle to use when calculating texture streaming factor. Texture streaming needs a triangle with an area.
[12:46:26][pdxassetutil.cpp:1053] [original line 1275] Failed to find texture 'building_backup_atlas_properties.dds'
[12:46:26][virtualfilesystem.cpp:456] [original line 1276] Could not find texture due to 'VFSOpen Error: gfx/models/buildings/special/castamere/building_backup_atlas_properties.dds not found'
[12:46:26][pdxassetutil.cpp:1053] [original line 1277] Failed to find texture 'building_backup_atlas_normal.dds'
[12:46:26][virtualfilesystem.cpp:456] [original line 1278] Could not find texture due to 'VFSOpen Error: gfx/models/buildings/special/castamere/building_backup_atlas_normal.dds not found'
[12:46:26][pdxassetutil.cpp:556] [original line 1279] UV-Set: 1 in mesh 'f_asoiaf_manderly_armour_lowShape' in file 'gfx/models/portraits/f_clothes/asoiaf/asoiaf_north/asoiaf_manderly_armours/f_asoiaf_manderly_armour_low/f_asoiaf_manderly_armour_low.mesh' has no valid triangle to use when calculating texture streaming factor. Texture streaming needs a triangle with an area.
[12:46:26][pdxassetutil.cpp:556] [original line 1280] UV-Set: 1 in mesh 'crag_upper' in file 'gfx/models/buildings/special/crag/crag_level_2.mesh' has no valid triangle to use when calculating texture streaming factor. Texture streaming needs a triangle with an area.
[12:46:26][pdxassetutil.cpp:556] [original line 1281] UV-Set: 1 in mesh 'crag_upper' in file 'gfx/models/buildings/special/crag/crag_level_2.mesh' has no valid triangle to use when calculating texture streaming factor. Texture streaming needs a triangle with an area.
[12:46:26][pdxassetutil.cpp:556] [original line 1282] UV-Set: 1 in mesh 'crag_stone_ground' in file 'gfx/models/buildings/special/crag/crag_level_2.mesh' has no valid triangle to use when calculating texture streaming factor. Texture streaming needs a triangle with an area.
[12:46:26][pdxassetutil.cpp:1763] [original line 1283] pdxmesh [crag_level_2_mesh] is out of sync with its meshsettings. [lannisport_dgShape] is not in use in file: gfx/models/buildings/special/crag/crag_level_2.mesh
[12:46:26][pdxassetutil.cpp:1763] [original line 1284] pdxmesh [crag_level_2_mesh] is out of sync with its meshsettings. [lannisport_lkShape] is not in use in file: gfx/models/buildings/special/crag/crag_level_2.mesh
[12:46:26][pdxassetutil.cpp:1763] [original line 1285] pdxmesh [crag_level_2_mesh] is out of sync with its meshsettings. [lannisport_lpShape] is not in use in file: gfx/models/buildings/special/crag/crag_level_2.mesh
[12:46:26][pdxassetutil.cpp:556] [original line 1286] UV-Set: 1 in mesh 'asoiaf_tywin_tunic_1Shape' in file 'gfx/models/portraits/m_clothes/asoiaf/asoiaf_westerlands/asoiaf_tywin_tunics/asoiaf_tywin_tunic_1/asoiaf_tywin_tunic_1.mesh' has no valid triangle to use when calculating texture streaming factor. Texture streaming needs a triangle with an area.
[12:46:26][pdxassetutil.cpp:556] [original line 1287] UV-Set: 1 in mesh 'f_asoiaf_shoes_1Shape' in file 'gfx/models/portraits/f_legwear/asoiaf/asoiaf_generic/f_asoiaf_shoes_1/f_asoiaf_shoes_1.mesh' has no valid triangle to use when calculating texture streaming factor. Texture streaming needs a triangle with an area.
[12:46:26][pdxassetutil.cpp:2002] [original line 1288] Asset "gfx/models/portraits/m_clothes/asoiaf/asoiaf_iron_isles/asoiaf_ironborn_armour_dynast_coa/asoiaf_ironborn_armour_dynast_coa.mesh" has more than 3 UV channels. This is not supported and will be ignored.
[12:46:26][pdxassetutil.cpp:2002] [original line 1289] Asset "gfx/models/portraits/m_clothes/asoiaf/asoiaf_iron_isles/asoiaf_ironborn_armour_dynast_coa/asoiaf_ironborn_armour_dynast_coa.mesh" has more than 3 UV channels. This is not supported and will be ignored.
[12:46:26][pdxassetutil.cpp:2002] [original line 1290] Asset "gfx/models/portraits/m_legwear/asoiaf/asoiaf_iron_isles/asoiaf_ironborn_legs_coa/asoiaf_ironborn_legs_coa.mesh" has more than 3 UV channels. This is not supported and will be ignored.
[12:46:27][pdxassetutil.cpp:1763] [original line 1291] pdxmesh [building_special_sisterton_mesh] is out of sync with its meshsettings. [sisteron_rough_walls] is not in use in file: gfx/models/buildings/special/sisterton/building_special_sisterton.mesh
[12:46:27][pdxassetutil.cpp:2002] [original line 1292] Asset "gfx/models/portraits/m_clothes/asoiaf/asoiaf_iron_isles/asoiaf_greyjoy_armour_high/asoiaf_greyjoy_armour_high.mesh" has more than 3 UV channels. This is not supported and will be ignored.
[12:46:27][pdxassetutil.cpp:556] [original line 1293] UV-Set: 0 in mesh 'building_griffin_roost_castle' in file 'gfx/models/buildings/special/griffins roost/building_special_griffins_roost.mesh' has no valid triangle to use when calculating texture streaming factor. Texture streaming needs a triangle with an area.
[12:46:27][pdxassetutil.cpp:556] [original line 1294] UV-Set: 0 in mesh 'griffin_roost_roof' in file 'gfx/models/buildings/special/griffins roost/building_special_griffins_roost.mesh' has no valid triangle to use when calculating texture streaming factor. Texture streaming needs a triangle with an area.
[12:46:27][pdxassetutil.cpp:556] [original line 1295] UV-Set: 1 in mesh 'rooksrest_stone_ground' in file 'gfx/models/buildings/special/rooksrest/rooksrest2.mesh' has no valid triangle to use when calculating texture streaming factor. Texture streaming needs a triangle with an area.
[12:46:27][pdxassetutil.cpp:556] [original line 1296] UV-Set: 1 in mesh 'rooksrest_stone' in file 'gfx/models/buildings/special/rooksrest/rooksrest2.mesh' has no valid triangle to use when calculating texture streaming factor. Texture streaming needs a triangle with an area.
[12:46:27][pdxassetutil.cpp:2002] [original line 1297] Asset "gfx/models/portraits/m_clothes/asoiaf/asoiaf_religious_clothing/asoiaf_drowned_man_robes/asoiaf_drowned_man_robes_low/asoiaf_drowned_man_robes_low.mesh" has more than 3 UV channels. This is not supported and will be ignored.
[12:46:27][pdxassetutil.cpp:2002] [original line 1298] Asset "gfx/models/portraits/f_clothes/asoiaf/asoiaf_crownlands/f_asoiaf_gold_cloak_armour/f_asoiaf_gold_cloak_armour.mesh" has more than 3 UV channels. This is not supported and will be ignored.
[12:46:27][pdxassetutil.cpp:556] [original line 1299] UV-Set: 1 in mesh 'asoiaf_nights_watch_cloak_1Shape' in file 'gfx/models/portraits/m_cloaks/asoiaf/asoiaf_nights_watch/asoiaf_nights_watch_cloak_1/asoiaf_nights_watch_cloak_1.mesh' has no valid triangle to use when calculating texture streaming factor. Texture streaming needs a triangle with an area.
[12:46:27][pdxassetutil.cpp:556] [original line 1300] UV-Set: 2 in mesh 'asoiaf_nights_watch_cloak_1Shape' in file 'gfx/models/portraits/m_cloaks/asoiaf/asoiaf_nights_watch/asoiaf_nights_watch_cloak_1/asoiaf_nights_watch_cloak_1.mesh' has no valid triangle to use when calculating texture streaming factor. Texture streaming needs a triangle with an area.
[12:46:27][pdxassetutil.cpp:556] [original line 1301] UV-Set: 1 in mesh 'asoiaf_nights_watch_cloak_1Shape' in file 'gfx/models/portraits/m_cloaks/asoiaf/asoiaf_nights_watch/asoiaf_nights_watch_cloak_1/asoiaf_nights_watch_cloak_1.mesh' has no valid triangle to use when calculating texture streaming factor. Texture streaming needs a triangle with an area.
[12:46:27][pdxassetutil.cpp:2002] [original line 1302] Asset "gfx/models/portraits/m_headgears/asoiaf/asoiaf_crownlands/asoiaf_gold_cloak_helm/asoiaf_gold_cloak_helm.mesh" has more than 3 UV channels. This is not supported and will be ignored.
[12:46:27][pdxassetutil.cpp:1763] [original line 1303] pdxmesh [lordsport_mesh] is out of sync with its meshsettings. [iron] is not in use in file: gfx/models/buildings/special/lordsport/lordsport.mesh
[12:46:27][pdxassetutil.cpp:1763] [original line 1304] pdxmesh [lordsport_mesh] is out of sync with its meshsettings. [lordsport_stone_ground] is not in use in file: gfx/models/buildings/special/lordsport/lordsport.mesh
[12:46:27][pdxassetutil.cpp:2002] [original line 1305] Asset "gfx/models/portraits/f_headgears/asoiaf/asoiaf_crownlands/f_asoiaf_gold_cloak_helm/f_asoiaf_gold_cloak_helm.mesh" has more than 3 UV channels. This is not supported and will be ignored.
[12:46:27][pdxassetutil.cpp:556] [original line 1306] UV-Set: 1 in mesh 'asoiaf_nights_watch_legsShape' in file 'gfx/models/portraits/m_legwear/asoiaf/asoiaf_nights_watch/asoiaf_nights_watch_legs/asoiaf_nights_watch_legs.mesh' has no valid triangle to use when calculating texture streaming factor. Texture streaming needs a triangle with an area.
[12:46:28][pdxassetutil.cpp:2002] [original line 1307] Asset "gfx/models/portraits/m_clothes/asoiaf/asoiaf_religious_clothing/asoiaf_septon_robes/asoiaf_septon_robes_2/asoiaf_septon_robes_2.mesh" has more than 3 UV channels. This is not supported and will be ignored.
[12:46:28][pdxassetutil.cpp:1763] [original line 1308] pdxmesh [building_special_yronwood_mesh] is out of sync with its meshsettings. [fp2_building_special_alhambra_01_palm_treeShape] is not in use in file: gfx/models/buildings/special/yronwood/building_special_yronwood.mesh
[12:46:28][pdxassetutil.cpp:2002] [original line 1309] Asset "gfx/models/portraits/m_headgears/asoiaf/asoiaf_nights_watch/asoiaf_nights_watch_hood/asoiaf_nights_watch_hood.mesh" has more than 3 UV channels. This is not supported and will be ignored.
[12:46:28][pdxassetutil.cpp:556] [original line 1310] UV-Set: 0 in mesh 'the_ground' in file 'gfx/models/buildings/special/deepwood_motte/deepwood_motte.mesh' has no valid triangle to use when calculating texture streaming factor. Texture streaming needs a triangle with an area.
[12:46:28][pdxassetutil.cpp:556] [original line 1311] UV-Set: 1 in mesh 'building_special_evenfall_1Shape' in file 'gfx/models/buildings/special/Evenfall/building_special_evenfall.mesh' has no valid triangle to use when calculating texture streaming factor. Texture streaming needs a triangle with an area.
[12:46:28][pdxassetutil.cpp:556] [original line 1312] UV-Set: 1 in mesh 'building_special_evenfall_2Shape' in file 'gfx/models/buildings/special/Evenfall/building_special_evenfall.mesh' has no valid triangle to use when calculating texture streaming factor. Texture streaming needs a triangle with an area.
[12:46:28][pdxassetutil.cpp:1763] [original line 1313] pdxmesh [building_special_evenfall_mesh] is out of sync with its meshsettings. [building_special_evenfall_4Shape] is not in use in file: gfx/models/buildings/special/Evenfall/building_special_evenfall.mesh
[12:46:28][pdxassetutil.cpp:1763] [original line 1314] pdxmesh [building_special_evenfall_mesh] is out of sync with its meshsettings. [building_special_evenfall_cellsShape] is not in use in file: gfx/models/buildings/special/Evenfall/building_special_evenfall.mesh
[12:46:28][pdxassetutil.cpp:1763] [original line 1315] pdxmesh [building_special_evenfall_mesh] is out of sync with its meshsettings. [fp4_legendary_western_palace_01_aShape] is not in use in file: gfx/models/buildings/special/Evenfall/building_special_evenfall.mesh
[12:46:28][pdxassetutil.cpp:556] [original line 1316] UV-Set: 0 in mesh 'bronze_bell' in file 'gfx/models/buildings/special/seagaurd/building_seagard_01.mesh' has no valid triangle to use when calculating texture streaming factor. Texture streaming needs a triangle with an area.
[12:46:28][pdxassetutil.cpp:556] [original line 1317] UV-Set: 0 in mesh 'bellchain' in file 'gfx/models/buildings/special/seagaurd/building_seagard_01.mesh' has no valid triangle to use when calculating texture streaming factor. Texture streaming needs a triangle with an area.
[12:46:28][pdxassetutil.cpp:1763] [original line 1318] pdxmesh [building_seagard_01_mesh] is out of sync with its meshsettings. [City] is not in use in file: gfx/models/buildings/special/seagaurd/building_seagard_01.mesh
[12:46:28][pdxassetutil.cpp:1763] [original line 1319] pdxmesh [building_seagard_01_mesh] is out of sync with its meshsettings. [building_western_castle_0Shape4] is not in use in file: gfx/models/buildings/special/seagaurd/building_seagard_01.mesh
[12:46:28][pdxassetutil.cpp:1763] [original line 1320] pdxmesh [building_seagard_01_mesh] is out of sync with its meshsettings. [western_walls_04_a1Shape] is not in use in file: gfx/models/buildings/special/seagaurd/building_seagard_01.mesh
[12:46:28][pdxassetutil.cpp:1763] [original line 1321] pdxmesh [building_seagard_01_mesh] is out of sync with its meshsettings. [western_walls_04_a1Shape1] is not in use in file: gfx/models/buildings/special/seagaurd/building_seagard_01.mesh
[12:46:28][pdxassetutil.cpp:1763] [original line 1322] pdxmesh [building_seagard_01_mesh] is out of sync with its meshsettings. [western_walls_04_a1Shape2] is not in use in file: gfx/models/buildings/special/seagaurd/building_seagard_01.mesh
[12:46:28][pdxassetutil.cpp:1763] [original line 1323] pdxmesh [building_seagard_01_mesh] is out of sync with its meshsettings. [western_walls_04_a1Shape3] is not in use in file: gfx/models/buildings/special/seagaurd/building_seagard_01.mesh
[12:46:28][pdxassetutil.cpp:1763] [original line 1324] pdxmesh [building_seagard_01_mesh] is out of sync with its meshsettings. [pallet] is not in use in file: gfx/models/buildings/special/seagaurd/building_seagard_01.mesh
[12:46:28][pdxassetutil.cpp:1763] [original line 1325] pdxmesh [building_seagard_01_mesh] is out of sync with its meshsettings. [lift] is not in use in file: gfx/models/buildings/special/seagaurd/building_seagard_01.mesh
[12:46:28][pdxassetutil.cpp:1763] [original line 1326] pdxmesh [building_seagard_01_mesh] is out of sync with its meshsettings. [hillfort_01] is not in use in file: gfx/models/buildings/special/seagaurd/building_seagard_01.mesh
[12:46:28][pdxassetutil.cpp:1763] [original line 1327] pdxmesh [building_seagard_01_mesh] is out of sync with its meshsettings. [building_special_stormsend_castle_cliffsShape] is not in use in file: gfx/models/buildings/special/seagaurd/building_seagard_01.mesh
[12:46:28][pdxassetutil.cpp:556] [original line 1328] UV-Set: 0 in mesh 'lift' in file 'gfx/models/buildings/special/castamere/castamere_restored.mesh' has no valid triangle to use when calculating texture streaming factor. Texture streaming needs a triangle with an area.
[12:46:28][pdxassetutil.cpp:1053] [original line 1329] Failed to find texture 'building_backup_atlas_properties.dds'
[12:46:28][virtualfilesystem.cpp:456] [original line 1330] Could not find texture due to 'VFSOpen Error: gfx/models/buildings/special/castamere/building_backup_atlas_properties.dds not found'
[12:46:28][pdxassetutil.cpp:1053] [original line 1331] Failed to find texture 'building_backup_atlas_normal.dds'
[12:46:28][virtualfilesystem.cpp:456] [original line 1332] Could not find texture due to 'VFSOpen Error: gfx/models/buildings/special/castamere/building_backup_atlas_normal.dds not found'
[12:46:28][pdxassetutil.cpp:556] [original line 1333] UV-Set: 0 in mesh 'windmill' in file 'gfx/models/buildings/special/castamere/castamere_restored.mesh' has no valid triangle to use when calculating texture streaming factor. Texture streaming needs a triangle with an area.
[12:46:28][pdxassetutil.cpp:1053] [original line 1334] Failed to find texture 'building_backup_atlas_properties.dds'
[12:46:28][virtualfilesystem.cpp:456] [original line 1335] Could not find texture due to 'VFSOpen Error: gfx/models/buildings/special/castamere/building_backup_atlas_properties.dds not found'
[12:46:28][pdxassetutil.cpp:1053] [original line 1336] Failed to find texture 'building_backup_atlas_normal.dds'
[12:46:28][virtualfilesystem.cpp:456] [original line 1337] Could not find texture due to 'VFSOpen Error: gfx/models/buildings/special/castamere/building_backup_atlas_normal.dds not found'
[12:46:28][pdxassetutil.cpp:556] [original line 1338] UV-Set: 0 in mesh 'pallet' in file 'gfx/models/buildings/special/castamere/castamere_restored.mesh' has no valid triangle to use when calculating texture streaming factor. Texture streaming needs a triangle with an area.
[12:46:28][pdxassetutil.cpp:1053] [original line 1339] Failed to find texture 'building_backup_atlas_properties.dds'
[12:46:28][virtualfilesystem.cpp:456] [original line 1340] Could not find texture due to 'VFSOpen Error: gfx/models/buildings/special/castamere/building_backup_atlas_properties.dds not found'
[12:46:28][pdxassetutil.cpp:1053] [original line 1341] Failed to find texture 'building_backup_atlas_normal.dds'
[12:46:28][virtualfilesystem.cpp:456] [original line 1342] Could not find texture due to 'VFSOpen Error: gfx/models/buildings/special/castamere/building_backup_atlas_normal.dds not found'
[12:46:29][pdxassetutil.cpp:2002] [original line 1343] Asset "gfx/models/portraits/f_legwear/asoiaf/asoiaf_crownlands/f_asoiaf_dragonstone_legs/f_asoiaf_dragonstone_legs.mesh" has more than 3 UV channels. This is not supported and will be ignored.
[12:46:29][pdxassetutil.cpp:556] [original line 1344] UV-Set: 0 in mesh 'building_mediterranean_city_02' in file 'gfx/models/buildings/special/the_arbor/the_arbor.mesh' has no valid triangle to use when calculating texture streaming factor. Texture streaming needs a triangle with an area.
[12:46:29][pdxassetutil.cpp:2002] [original line 1345] Asset "gfx/models/portraits/m_clothes/asoiaf/asoiaf_religious_clothing/asoiaf_drowned_man_robes/asoiaf_drowned_man_robes_high/asoiaf_drowned_man_robes_high.mesh" has more than 3 UV channels. This is not supported and will be ignored.
[12:46:29][pdxassetutil.cpp:556] [original line 1346] UV-Set: 1 in mesh 'crag_upper' in file 'gfx/models/buildings/special/crag/crag_level_1.mesh' has no valid triangle to use when calculating texture streaming factor. Texture streaming needs a triangle with an area.
[12:46:29][pdxassetutil.cpp:556] [original line 1347] UV-Set: 1 in mesh 'crag_upper' in file 'gfx/models/buildings/special/crag/crag_level_1.mesh' has no valid triangle to use when calculating texture streaming factor. Texture streaming needs a triangle with an area.
[12:46:29][pdxassetutil.cpp:556] [original line 1348] UV-Set: 1 in mesh 'crag_stone_ground' in file 'gfx/models/buildings/special/crag/crag_level_1.mesh' has no valid triangle to use when calculating texture streaming factor. Texture streaming needs a triangle with an area.
[12:46:29][pdxassetutil.cpp:556] [original line 1349] UV-Set: 1 in mesh 'crag_windows' in file 'gfx/models/buildings/special/crag/crag_level_1.mesh' has no valid triangle to use when calculating texture streaming factor. Texture streaming needs a triangle with an area.
[12:46:29][pdxassetutil.cpp:1763] [original line 1350] pdxmesh [crag_level_1_mesh] is out of sync with its meshsettings. [lannisport_dgShape] is not in use in file: gfx/models/buildings/special/crag/crag_level_1.mesh
[12:46:29][pdxassetutil.cpp:1763] [original line 1351] pdxmesh [crag_level_1_mesh] is out of sync with its meshsettings. [lannisport_lkShape] is not in use in file: gfx/models/buildings/special/crag/crag_level_1.mesh
[12:46:29][pdxassetutil.cpp:1763] [original line 1352] pdxmesh [crag_level_1_mesh] is out of sync with its meshsettings. [lannisport_lpShape] is not in use in file: gfx/models/buildings/special/crag/crag_level_1.mesh
[12:46:29][pdxassetutil.cpp:2002] [original line 1353] Asset "gfx/models/portraits/f_jewellery/asoiaf/asoiaf_generic/asoiaf_shark_tooth_necklace/f_asoiaf_shark_tooth_necklace.mesh" has more than 3 UV channels. This is not supported and will be ignored.
[12:46:29][pdxassetutil.cpp:2002] [original line 1354] Asset "gfx/models/portraits/m_legwear/asoiaf/asoiaf_generic/asoiaf_leather_boots_4/asoiaf_leather_boots_4.mesh" has more than 3 UV channels. This is not supported and will be ignored.
[12:46:30][pdxassetutil.cpp:1763] [original line 1355] pdxmesh [building_special_duskendale_mesh] is out of sync with its meshsettings. [farm_mediterranean] is not in use in file: gfx/models/buildings/special/duskendale/building_special_duskendale.mesh
[12:46:30][pdxassetutil.cpp:1763] [original line 1356] pdxmesh [building_special_duskendale_mesh] is out of sync with its meshsettings. [farm_mediterranean_vines] is not in use in file: gfx/models/buildings/special/duskendale/building_special_duskendale.mesh
[12:46:30][pdxassetutil.cpp:1763] [original line 1357] pdxmesh [building_special_duskendale_mesh] is out of sync with its meshsettings. [farm_mediterranean_decal] is not in use in file: gfx/models/buildings/special/duskendale/building_special_duskendale.mesh
[12:46:30][pdxassetutil.cpp:1763] [original line 1358] pdxmesh [building_special_duskendale_mesh] is out of sync with its meshsettings. [building_mediterranean_city_02] is not in use in file: gfx/models/buildings/special/duskendale/building_special_duskendale.mesh
[12:46:30][pdxassetutil.cpp:2002] [original line 1359] Asset "gfx/models/portraits/m_clothes/asoiaf/asoiaf_crownlands/asoiaf_gold_cloak_armour/asoiaf_gold_cloak_armour.mesh" has more than 3 UV channels. This is not supported and will be ignored.
[12:46:30][pdxassetutil.cpp:2002] [original line 1360] Asset "gfx/models/portraits/m_headgears/asoiaf/asoiaf_reach/asoiaf_tyrell_helm_high/asoiaf_tyrell_helm_high.mesh" has more than 3 UV channels. This is not supported and will be ignored.
[12:46:30][pdxassetutil.cpp:2002] [original line 1361] Asset "gfx/models/portraits/m_clothes/asoiaf/asoiaf_iron_isles/asoiaf_ironborn_armour_high_coa/asoiaf_ironborn_armour_high_coa.mesh" has more than 3 UV channels. This is not supported and will be ignored.
[12:46:30][pdxassetutil.cpp:556] [original line 1362] UV-Set: 1 in mesh 'asoiaf_nights_watch_leatherShape' in file 'gfx/models/portraits/m_clothes/asoiaf/asoiaf_nights_watch/asoiaf_nights_watch_leather/asoiaf_nights_watch_leather.mesh' has no valid triangle to use when calculating texture streaming factor. Texture streaming needs a triangle with an area.
[12:46:30][pdxassetutil.cpp:2002] [original line 1363] Asset "gfx/models/portraits/m_clothes/asoiaf/asoiaf_religious_clothing/asoiaf_septon_robes/asoiaf_septon_robes_1/asoiaf_septon_robes_1.mesh" has more than 3 UV channels. This is not supported and will be ignored.
[12:46:30][pdxassetutil.cpp:2002] [original line 1364] Asset "gfx/models/portraits/f_legwear/asoiaf/asoiaf_generic/f_asoiaf_leather_boots_1/f_asoiaf_leather_boots_1.mesh" has more than 3 UV channels. This is not supported and will be ignored.
[12:46:30][pdxassetutil.cpp:556] [original line 1365] UV-Set: 1 in mesh 'dunstonbury_stone_ground' in file 'gfx/models/buildings/special/whitegrove/whitegrove.mesh' has no valid triangle to use when calculating texture streaming factor. Texture streaming needs a triangle with an area.
[12:46:30][pdxassetutil.cpp:1763] [original line 1366] pdxmesh [whitegrove_mesh] is out of sync with its meshsettings. [whitegrove_roof] is not in use in file: gfx/models/buildings/special/whitegrove/whitegrove.mesh
[12:46:30][pdxassetutil.cpp:1763] [original line 1367] pdxmesh [whitegrove_mesh] is out of sync with its meshsettings. [whitegrove_upper] is not in use in file: gfx/models/buildings/special/whitegrove/whitegrove.mesh
[12:46:30][pdxassetutil.cpp:1763] [original line 1368] pdxmesh [whitegrove_mesh] is out of sync with its meshsettings. [whitegrove_stone_ground] is not in use in file: gfx/models/buildings/special/whitegrove/whitegrove.mesh
[12:46:30][pdxassetutil.cpp:1763] [original line 1369] pdxmesh [whitegrove_mesh] is out of sync with its meshsettings. [whitegrove_windows] is not in use in file: gfx/models/buildings/special/whitegrove/whitegrove.mesh
[12:46:30][pdxassetutil.cpp:556] [original line 1370] UV-Set: 2 in mesh 'asoiaf_storms_end_chapletsShape' in file 'gfx/models/court/rooms/asoiaf_storms_end/asoiaf_court_storms_end.mesh' has no valid triangle to use when calculating texture streaming factor. Texture streaming needs a triangle with an area.
[12:46:30][pdxassetutil.cpp:2002] [original line 1371] Asset "gfx/models/portraits/f_clothes/asoiaf/asoiaf_religious_clothing/asoiaf_silent_sister_robes/f_asoiaf_silent_sister_robes.mesh" has more than 3 UV channels. This is not supported and will be ignored.
[12:46:30][pdxassetutil.cpp:556] [original line 1372] UV-Set: 2 in mesh 'building_western' in file 'gfx/models/buildings/special/Ten Towers/cow_building_special_ten_towers.mesh' has no valid triangle to use when calculating texture streaming factor. Texture streaming needs a triangle with an area.
[12:46:30][pdxassetutil.cpp:556] [original line 1373] UV-Set: 2 in mesh 'celtic_01' in file 'gfx/models/buildings/special/Ten Towers/cow_building_special_ten_towers.mesh' has no valid triangle to use when calculating texture streaming factor. Texture streaming needs a triangle with an area.
[12:46:30][pdxassetutil.cpp:556] [original line 1374] UV-Set: 1 in mesh 'dunstonbury_upper' in file 'gfx/models/buildings/special/dunstonbury/dunstonbury.mesh' has no valid triangle to use when calculating texture streaming factor. Texture streaming needs a triangle with an area.
[12:46:30][pdxassetutil.cpp:556] [original line 1375] UV-Set: 3 in mesh 'dunstonbury_upper' in file 'gfx/models/buildings/special/dunstonbury/dunstonbury.mesh' has no valid triangle to use when calculating texture streaming factor. Texture streaming needs a triangle with an area.
[12:46:30][pdxassetutil.cpp:2002] [original line 1376] Asset "gfx/models/buildings/special/dunstonbury/dunstonbury.mesh" has more than 3 UV channels. This is not supported and will be ignored.
[12:46:30][pdxassetutil.cpp:556] [original line 1377] UV-Set: 1 in mesh 'dunstonbury_stone_ground' in file 'gfx/models/buildings/special/dunstonbury/dunstonbury.mesh' has no valid triangle to use when calculating texture streaming factor. Texture streaming needs a triangle with an area.
[12:46:30][pdxassetutil.cpp:556] [original line 1378] UV-Set: 1 in mesh 'dunstonbury_windows' in file 'gfx/models/buildings/special/dunstonbury/dunstonbury.mesh' has no valid triangle to use when calculating texture streaming factor. Texture streaming needs a triangle with an area.
[12:46:30][pdxassetutil.cpp:556] [original line 1379] UV-Set: 2 in mesh 'asoiaf_storms_end_chapletsShape' in file 'gfx/models/court/rooms/asoiaf_storms_end/asoiaf_court_storms_end.mesh' has no valid triangle to use when calculating texture streaming factor. Texture streaming needs a triangle with an area.
[12:46:30][pdxassetutil.cpp:556] [original line 1380] UV-Set: 2 in mesh 'asoiaf_storms_end_chapletsShape' in file 'gfx/models/court/rooms/asoiaf_storms_end/asoiaf_court_storms_end.mesh' has no valid triangle to use when calculating texture streaming factor. Texture streaming needs a triangle with an area.
[12:46:31][pdxassetutil.cpp:556] [original line 1381] UV-Set: 2 in mesh 'asoiaf_storms_end_chapletsShape' in file 'gfx/models/court/rooms/asoiaf_storms_end/asoiaf_court_storms_end.mesh' has no valid triangle to use when calculating texture streaming factor. Texture streaming needs a triangle with an area.
[12:46:31][pdxassetutil.cpp:556] [original line 1382] UV-Set: 2 in mesh 'asoiaf_storms_end_chapletsShape' in file 'gfx/models/court/rooms/asoiaf_storms_end/asoiaf_court_storms_end.mesh' has no valid triangle to use when calculating texture streaming factor. Texture streaming needs a triangle with an area.
[12:46:31][pdxassetutil.cpp:556] [original line 1383] UV-Set: 2 in mesh 'asoiaf_storms_end_chapletsShape' in file 'gfx/models/court/rooms/asoiaf_storms_end/asoiaf_court_storms_end.mesh' has no valid triangle to use when calculating texture streaming factor. Texture streaming needs a triangle with an area.
[12:46:31][pdxassetutil.cpp:556] [original line 1384] UV-Set: 2 in mesh 'asoiaf_storms_end_chapletsShape' in file 'gfx/models/court/rooms/asoiaf_storms_end/asoiaf_court_storms_end.mesh' has no valid triangle to use when calculating texture streaming factor. Texture streaming needs a triangle with an area.
[12:46:31][pdxassetutil.cpp:556] [original line 1385] UV-Set: 2 in mesh 'asoiaf_storms_end_wallsShape' in file 'gfx/models/court/rooms/asoiaf_storms_end/asoiaf_court_storms_end.mesh' has no valid triangle to use when calculating texture streaming factor. Texture streaming needs a triangle with an area.
[12:46:31][pdxassetutil.cpp:556] [original line 1386] UV-Set: 2 in mesh 'asoiaf_storms_end_wallsShape' in file 'gfx/models/court/rooms/asoiaf_storms_end/asoiaf_court_storms_end.mesh' has no valid triangle to use when calculating texture streaming factor. Texture streaming needs a triangle with an area.
[12:46:31][pdxassetutil.cpp:556] [original line 1387] UV-Set: 2 in mesh 'asoiaf_storms_end_wallsShape' in file 'gfx/models/court/rooms/asoiaf_storms_end/asoiaf_court_storms_end.mesh' has no valid triangle to use when calculating texture streaming factor. Texture streaming needs a triangle with an area.
[12:46:31][pdxassetutil.cpp:556] [original line 1388] UV-Set: 2 in mesh 'asoiaf_storms_end_wallsShape' in file 'gfx/models/court/rooms/asoiaf_storms_end/asoiaf_court_storms_end.mesh' has no valid triangle to use when calculating texture streaming factor. Texture streaming needs a triangle with an area.
[12:46:31][pdxassetutil.cpp:556] [original line 1389] UV-Set: 2 in mesh 'asoiaf_storms_end_wallsShape' in file 'gfx/models/court/rooms/asoiaf_storms_end/asoiaf_court_storms_end.mesh' has no valid triangle to use when calculating texture streaming factor. Texture streaming needs a triangle with an area.
[12:46:31][pdxassetutil.cpp:556] [original line 1390] UV-Set: 2 in mesh 'asoiaf_storms_end_wallsShape' in file 'gfx/models/court/rooms/asoiaf_storms_end/asoiaf_court_storms_end.mesh' has no valid triangle to use when calculating texture streaming factor. Texture streaming needs a triangle with an area.
[12:46:31][pdxassetutil.cpp:556] [original line 1391] UV-Set: 2 in mesh 'asoiaf_storms_end_wallsShape' in file 'gfx/models/court/rooms/asoiaf_storms_end/asoiaf_court_storms_end.mesh' has no valid triangle to use when calculating texture streaming factor. Texture streaming needs a triangle with an area.
[12:46:31][pdxassetutil.cpp:556] [original line 1392] UV-Set: 2 in mesh 'asoiaf_storms_end_wallsShape' in file 'gfx/models/court/rooms/asoiaf_storms_end/asoiaf_court_storms_end.mesh' has no valid triangle to use when calculating texture streaming factor. Texture streaming needs a triangle with an area.
[12:46:31][pdxassetutil.cpp:556] [original line 1393] UV-Set: 2 in mesh 'asoiaf_storms_end_wallsShape' in file 'gfx/models/court/rooms/asoiaf_storms_end/asoiaf_court_storms_end.mesh' has no valid triangle to use when calculating texture streaming factor. Texture streaming needs a triangle with an area.
[12:46:31][pdxassetutil.cpp:556] [original line 1394] UV-Set: 2 in mesh 'asoiaf_storms_end_wallsShape' in file 'gfx/models/court/rooms/asoiaf_storms_end/asoiaf_court_storms_end.mesh' has no valid triangle to use when calculating texture streaming factor. Texture streaming needs a triangle with an area.
[12:46:31][pdxassetutil.cpp:556] [original line 1395] UV-Set: 2 in mesh 'asoiaf_storms_end_decorationsShape' in file 'gfx/models/court/rooms/asoiaf_storms_end/asoiaf_court_storms_end.mesh' has no valid triangle to use when calculating texture streaming factor. Texture streaming needs a triangle with an area.
[12:46:31][pdxassetutil.cpp:556] [original line 1396] UV-Set: 2 in mesh 'asoiaf_storms_end_decorationsShape' in file 'gfx/models/court/rooms/asoiaf_storms_end/asoiaf_court_storms_end.mesh' has no valid triangle to use when calculating texture streaming factor. Texture streaming needs a triangle with an area.
[12:46:31][pdxassetutil.cpp:556] [original line 1397] UV-Set: 2 in mesh 'asoiaf_storms_end_decorationsShape' in file 'gfx/models/court/rooms/asoiaf_storms_end/asoiaf_court_storms_end.mesh' has no valid triangle to use when calculating texture streaming factor. Texture streaming needs a triangle with an area.
[12:46:31][pdxassetutil.cpp:556] [original line 1398] UV-Set: 2 in mesh 'asoiaf_storms_end_decorationsShape' in file 'gfx/models/court/rooms/asoiaf_storms_end/asoiaf_court_storms_end.mesh' has no valid triangle to use when calculating texture streaming factor. Texture streaming needs a triangle with an area.
[12:46:40][pdx_entity.cpp:585] [original line 1399] Could not find blend shape "female_clothes_f_asoiaf_lannister_armour_high_bs_breast_size_max" for attribute "bs_body_breast_size_max" in entity "female_clothes_asoiaf_lannister_armour_high_entity"
[12:46:40][pdx_entity.cpp:585] [original line 1400] Could not find blend shape "female_clothes_f_asoiaf_lannister_armour_high_bs_breast_size_min" for attribute "bs_body_breast_size_min" in entity "female_clothes_asoiaf_lannister_armour_high_entity"
[12:46:40][pdx_entity.cpp:585] [original line 1401] Could not find blend shape "female_clothes_f_asoiaf_lannister_armour_high_bs_pregnant" for attribute "bs_body_pregnant_1" in entity "female_clothes_asoiaf_lannister_armour_high_entity"
[12:46:40][pdx_entity.cpp:585] [original line 1402] Could not find blend shape "female_clothes_f_asoiaf_lannister_armour_high_bs_fat" for attribute "bs_body_fat_1" in entity "female_clothes_asoiaf_lannister_armour_high_entity"
[12:46:40][pdx_entity.cpp:585] [original line 1403] Could not find blend shape "female_clothes_f_asoiaf_lannister_armour_high_bs_gaunt" for attribute "bs_body_gaunt_1" in entity "female_clothes_asoiaf_lannister_armour_high_entity"
[12:46:40][pdx_entity.cpp:585] [original line 1404] Could not find blend shape "female_clothes_f_asoiaf_lannister_armour_high_bs_muscular" for attribute "bs_body_muscular_1" in entity "female_clothes_asoiaf_lannister_armour_high_entity"
[12:46:40][pdx_entity.cpp:585] [original line 1405] Could not find blend shape "female_clothes_f_asoiaf_lannister_armour_high_bs_old" for attribute "bs_body_old_1" in entity "female_clothes_asoiaf_lannister_armour_high_entity"
[12:46:40][pdx_entity.cpp:585] [original line 1406] Could not find blend shape "female_clothes_f_asoiaf_lannister_armour_high_bs_dwarf" for attribute "bs_body_dwarf_1" in entity "female_clothes_asoiaf_lannister_armour_high_entity"
[12:46:40][pdx_entity.cpp:585] [original line 1407] Could not find blend shape "female_clothes_f_asoiaf_lannister_armour_high_bs_infant" for attribute "bs_body_infant_1" in entity "female_clothes_asoiaf_lannister_armour_high_entity"
[12:46:46][pdx_entity.cpp:666] [original line 1408] Failed to find entity "western_walls_05_entity" for attachment in
[12:46:46][pdx_entity.cpp:666] [original line 1409] Failed to find entity "western_walls_06_entity" for attachment in
[12:46:46][pdx_entity.cpp:666] [original line 1410] Failed to find entity "western_walls_07_entity" for attachment in
[12:46:46][pdx_entity.cpp:666] [original line 1411] Failed to find entity "india_walls_05_entity" for attachment in
[12:46:46][pdx_entity.cpp:666] [original line 1412] Failed to find entity "india_walls_06_entity" for attachment in
[12:46:46][pdx_entity.cpp:666] [original line 1413] Failed to find entity "india_walls_07_entity" for attachment in
[12:46:46][pdx_entity.cpp:666] [original line 1414] Failed to find entity "mediterranean_walls_05_entity" for attachment in
[12:46:46][pdx_entity.cpp:666] [original line 1415] Failed to find entity "mediterranean_walls_06_entity" for attachment in
[12:46:46][pdx_entity.cpp:666] [original line 1416] Failed to find entity "mediterranean_walls_07_entity" for attachment in
[12:46:46][pdx_entity.cpp:666] [original line 1417] Failed to find entity "fp2_building_iberian_wall_05_entity" for attachment in
[12:46:46][pdx_entity.cpp:666] [original line 1418] Failed to find entity "fp2_building_iberian_wall_06_entity" for attachment in
[12:46:46][pdx_entity.cpp:666] [original line 1419] Failed to find entity "fp2_building_iberian_wall_07_entity" for attachment in
[12:46:46][pdx_entity.cpp:666] [original line 1420] Failed to find entity "walls_05_marrakesh_entity" for attachment in
[12:46:46][pdx_entity.cpp:666] [original line 1421] Failed to find entity "western_walls_05_paris_entity" for attachment in
[12:46:46][pdx_entity.cpp:666] [original line 1422] Failed to find entity "western_walls_07_london_entity" for attachment in
[12:46:46][pdx_entity.cpp:666] [original line 1423] Failed to find entity "western_walls_06_london_entity" for attachment in
[12:46:46][pdx_entity.cpp:666] [original line 1424] Failed to find entity "western_walls_05_london_entity" for attachment in
[12:46:46][pdx_entity.cpp:666] [original line 1425] Failed to find entity "mediterranean_walls_05_thes_entity" for attachment in
[12:46:46][pdx_entity.cpp:666] [original line 1426] Failed to find entity "mena_walls_05_entity" for attachment in
[12:46:46][pdx_entity.cpp:666] [original line 1427] Failed to find entity "mena_walls_06_entity" for attachment in
[12:46:46][pdx_entity.cpp:666] [original line 1428] Failed to find entity "mena_walls_07_entity" for attachment in
[12:46:46][pdx_entity.cpp:666] [original line 1429] Failed to find entity "mediterranean_walls_05_genoa_entity" for attachment in
[12:46:46][pdx_entity.cpp:666] [original line 1430] Failed to find entity "mediterranean_walls_05_rome_entity" for attachment in
[12:46:46][pdx_entity.cpp:666] [original line 1431] Failed to find entity "mediterranean_walls_05_constantinople_entity" for attachment in
[12:46:47][portraitaccessories.cpp:65] [original line 1432] could not find entity [smc_alicent_dress_03_entity] - file: gfx/portraits/accessories/smc_clothing.txt line: 24 (female_clothes_smc_alicent_dress_03)
[12:46:47][portraitaccessories.cpp:65] [original line 1433] could not find entity [smc_alicent_dress_04_entity] - file: gfx/portraits/accessories/smc_clothing.txt line: 28 (female_clothes_smc_alicent_dress_04)
[12:46:52][decision_type.cpp:224] [original line 1434] asoiaf_greyjoy_cadets_decision has 'ai_check_interval'/'ai_check_interval_by_tier' that's negative or unset. Setting to 0 instead
[12:46:52][decision_type.cpp:224] [original line 1435] asoiaf_baelish_cadets_decision has 'ai_check_interval'/'ai_check_interval_by_tier' that's negative or unset. Setting to 0 instead
[12:46:52][decision_type.cpp:224] [original line 1436] asoiaf_harlaw_cadets_decision has 'ai_check_interval'/'ai_check_interval_by_tier' that's negative or unset. Setting to 0 instead
[12:46:52][decision_type.cpp:224] [original line 1437] asoiaf_jon_targ_cadet_branch_decision has 'ai_check_interval'/'ai_check_interval_by_tier' that's negative or unset. Setting to 0 instead
[12:46:52][decision_type.cpp:224] [original line 1438] asoiaf_aegon_II_greens_cadet_branch_decision has 'ai_check_interval'/'ai_check_interval_by_tier' that's negative or unset. Setting to 0 instead
[12:46:52][jomini_dynamicdescription.cpp:66] [original line 1439] Unrecognized loc key show_notifications_decision_tooltip. show_notifications_decision
[12:46:52][decision_type.cpp:224] [original line 1440] show_notifications_decision has 'ai_check_interval'/'ai_check_interval_by_tier' that's negative or unset. Setting to 0 instead
[12:46:53][character_currency_effects_impl.cpp:227] [original line 1441] Negative value in remove_short_term_gold: -450. file: events/decisions_events/buy_ruby_crown_events.txt line: 54 (buy_ruby_crown.0999:immediate)
[12:46:54][portraitcontext.cpp:239] [original line 1442] Trying to read gene props_right a second time at file: common/bookmark_portraits/bookmark_299_asha_greyjoy.txt line: 215 (bookmark_299_asha_greyjoy)
[12:46:54][jomini_eventmanager.cpp:428] [original line 1443] Duplicated event ID 'agot_activity_commission_crown.0001' found. New Location: 'file: events/activities/agot_coronation_activity/agot_coronation_crown_commission_events.txt line: 3 (agot_activity_commission_crown.0001)', Previous Location: 'file: events/activities/agot_coronation_activity/agot_coronation_crown_commission_events.txt line: 3 (agot_activity_commission_crown.0001)'
[12:46:54][portraitcontext.cpp:239] [original line 1444] Trying to read gene props_right a second time at file: common/bookmark_portraits/bookmark_99_aurion_varezys.txt line: 211 (bookmark_99_aurion_varezys)
[12:46:56][pdx_persistent_reader.cpp:216] [original line 1445] Error: "Unexpected token: rhoynish_religion_opinion, near line: 1760" in file: "common/buildings/yy_agotcities_special_buildings_westeros.txt" near line: 1760
[12:46:56][pdx_persistent_reader.cpp:216] [original line 1446] Error: "Unexpected token: rhoynish_religion_opinion, near line: 1767" in file: "common/buildings/yy_agotcities_special_buildings_westeros.txt" near line: 1767
[12:46:56][pdx_persistent_reader.cpp:216] [original line 1447] Error: "Unknown trigger: holding, near line: 2364" in file: "common/buildings/yy_agotcities_special_buildings_westeros.txt" near line: 2369
[12:46:57][pdx_persistent_reader.cpp:216] [original line 1448] Error: "Unexpected token: confucian_education_xp_gain_mult, near line: 4047" in file: "common/modifiers/DI_modifiers.txt" near line: 4047
[12:46:57][pdx_persistent_reader.cpp:216] [original line 1449] Error: "Unexpected token: valeman_opinion, near line: 447" in file: "common/modifiers/ntc_artifact_modifiers.txt" near line: 447
[12:46:57][pdx_persistent_reader.cpp:216] [original line 1450] Error: "Unexpected token: valeman_opinion, near line: 456" in file: "common/modifiers/ntc_artifact_modifiers.txt" near line: 456
[12:46:57][pdx_persistent_reader.cpp:216] [original line 1451] Error: "Unexpected token: valeman_opinion, near line: 605" in file: "common/modifiers/ntc_artifact_modifiers.txt" near line: 605
[12:46:59][jomini_script_argument.cpp:227] [original line 1452] Compiling source for agot_create_artifact_aegon_i_crown_effect failed for missing arguments: CREATOR. At file: common/scripted_effects/00_agot_artifact_crowns_effects.txt line: 78 (agot_create_artifact_aegon_i_crown_effect)
[12:46:59][jomini_script_argument.cpp:227] [original line 1453] Compiling source for agot_create_artifact_aenys_crown_effect failed for missing arguments: CREATOR. At file: common/scripted_effects/00_agot_artifact_crowns_effects.txt line: 228 (agot_create_artifact_aenys_crown_effect)
[12:46:59][jomini_script_argument.cpp:227] [original line 1454] Compiling source for agot_create_artifact_jaehaerys_crown_effect failed for missing arguments: CREATOR. At file: common/scripted_effects/00_agot_artifact_crowns_effects.txt line: 314 (agot_create_artifact_jaehaerys_crown_effect)
[12:46:59][jomini_script_argument.cpp:227] [original line 1455] Compiling source for agot_create_artifact_aegon_iii_crown_effect failed for missing arguments: CREATOR. At file: common/scripted_effects/00_agot_artifact_crowns_effects.txt line: 434 (agot_create_artifact_aegon_iii_crown_effect)
[12:46:59][jomini_script_argument.cpp:227] [original line 1456] Compiling source for agot_create_artifact_baelors_crown_effect failed for missing arguments: CREATOR. At file: common/scripted_effects/00_agot_artifact_crowns_effects.txt line: 498 (agot_create_artifact_baelors_crown_effect)
[12:46:59][jomini_script_argument.cpp:227] [original line 1457] Compiling source for agot_create_artifact_aegon_iv_crown_effect failed for missing arguments: CREATOR. At file: common/scripted_effects/00_agot_artifact_crowns_effects.txt line: 594 (agot_create_artifact_aegon_iv_crown_effect)
[12:46:59][jomini_script_argument.cpp:227] [original line 1458] Compiling source for agot_create_artifact_maekars_crown_effect failed for missing arguments: CREATOR. At file: common/scripted_effects/00_agot_artifact_crowns_effects.txt line: 672 (agot_create_artifact_maekars_crown_effect)
[12:46:59][jomini_script_argument.cpp:227] [original line 1459] Compiling source for agot_create_artifact_visenya_circlet_effect failed for missing arguments: CREATOR. At file: common/scripted_effects/00_agot_artifact_crowns_effects.txt line: 837 (agot_create_artifact_visenya_circlet_effect)
[12:46:59][pdx_locstring.cpp:93] [original line 1460] Key is missing localization: test_crush_desc
[12:46:59][pdx_locstring.cpp:93] [original line 1461] Key is missing localization: test_crush_desc
[12:46:59][pdx_locstring.cpp:93] [original line 1462] Key is missing localization: test_crush_desc
[12:46:59][pdx_locstring.cpp:93] [original line 1463] Key is missing localization: test_crush_desc
[12:46:59][pdx_locstring.cpp:93] [original line 1464] Key is missing localization: test_crush_desc
[12:46:59][pdx_locstring.cpp:93] [original line 1465] Key is missing localization: test_crush_desc
[12:46:59][pdx_persistent_reader.cpp:216] [original line 1466] Error: "Unknown effect: agot_8299_4_1_acok_scenario_setup, near line: 89" in file: "common/scripted_effects/00_agot_scenario_setup_effects.txt" near line: 90
[12:46:59][jomini_eventtarget.cpp:692] [original line 1467] Failed to find a valid event target link 'house_Blackfyre' at file: common/scripted_triggers/tgc_loaded_trigger.txt line: 127 (tgc_blackfyre_equipment_trigger)
[12:47:00][portraitaccessories.cpp:159] [original line 1468] accessory group [headgear:tgc_helmets] has an invalid accessory "male_headgear_tgc_helm_blackfyre_01"
[12:47:00][portraitaccessories.cpp:159] [original line 1469] accessory group [headgear:tgc_helmets] has an invalid accessory "male_headgear_tgc_helm_blackfyreAlt_01"
[12:47:00][portraitaccessories.cpp:159] [original line 1470] accessory group [headgear:tgc_helmets] has an invalid accessory "male_headgear_tgc_helm_blackfyre_02"
[12:47:00][portraitaccessories.cpp:159] [original line 1471] accessory group [headgear:tgc_helmets] has an invalid accessory "male_headgear_tgc_helm_blackfyreAlt_02"
[12:47:00][portraitaccessories.cpp:159] [original line 1472] accessory group [headgear:tgc_helmets] has an invalid accessory "male_headgear_tgc_helm_blackfyre_03"
[12:47:00][portraitaccessories.cpp:159] [original line 1473] accessory group [headgear:tgc_helmets] has an invalid accessory "male_headgear_tgc_helm_blackfyreAlt_03"
[12:47:00][portraitaccessories.cpp:159] [original line 1474] accessory group [headgear:tgc_helmets] has an invalid accessory "male_headgear_tgc_helm_blackfyre_01"
[12:47:00][portraitaccessories.cpp:159] [original line 1475] accessory group [headgear:tgc_helmets] has an invalid accessory "male_headgear_tgc_helm_blackfyreAlt_01"
[12:47:00][portraitaccessories.cpp:159] [original line 1476] accessory group [headgear:tgc_helmets] has an invalid accessory "male_headgear_tgc_helm_blackfyre_02"
[12:47:00][portraitaccessories.cpp:159] [original line 1477] accessory group [headgear:tgc_helmets] has an invalid accessory "male_headgear_tgc_helm_blackfyreAlt_02"
[12:47:00][portraitaccessories.cpp:159] [original line 1478] accessory group [headgear:tgc_helmets] has an invalid accessory "male_headgear_tgc_helm_blackfyre_03"
[12:47:00][portraitaccessories.cpp:159] [original line 1479] accessory group [headgear:tgc_helmets] has an invalid accessory "male_headgear_tgc_helm_blackfyreAlt_03"
[12:47:00][portraitaccessories.cpp:159] [original line 1480] accessory group [legwear:tgc_pants_blackfyre] has an invalid accessory "male_legwear_captainsPants_blackfyreAlt_01"
[12:47:00][portraitaccessories.cpp:159] [original line 1481] accessory group [legwear:tgc_pants_blackfyre] has an invalid accessory "male_legwear_standardPants_blackfyreAlt_01"
[12:47:00][portraitaccessories.cpp:159] [original line 1482] accessory group [legwear:tgc_pants_blackfyre] has an invalid accessory "male_legwear_twoSwordsPants_blackfyreAlt_01"
[12:47:00][portraitaccessories.cpp:159] [original line 1483] accessory group [legwear:tgc_pants_blackfyre] has an invalid accessory "male_legwear_captainsPants_blackfyreAlt_01"
[12:47:00][portraitaccessories.cpp:159] [original line 1484] accessory group [legwear:tgc_pants_blackfyre] has an invalid accessory "male_legwear_standardPants_blackfyreAlt_01"
[12:47:00][portraitaccessories.cpp:159] [original line 1485] accessory group [legwear:tgc_pants_blackfyre] has an invalid accessory "male_legwear_twoSwordsPants_blackfyreAlt_01"
[12:47:00][portraitaccessories.cpp:159] [original line 1486] accessory group [clothes:brightboar_swordsman_armour] has an invalid accessory "male_clothes_secular_brightboar_swordsman"
[12:47:00][portraitaccessories.cpp:159] [original line 1487] accessory group [clothes:brightboar_swordsman_armour] has an invalid accessory "female_clothes_secular_brightboar_swordsman"
[12:47:00][portraitaccessories.cpp:159] [original line 1488] accessory group [clothes:brightboar_swordsman_armour] has an invalid accessory "male_clothes_secular_brightboar_swordsman"
[12:47:00][portraitaccessories.cpp:159] [original line 1489] accessory group [clothes:brightboar_swordsman_armour] has an invalid accessory "female_clothes_secular_brightboar_swordsman"
[12:47:00][portraitaccessories.cpp:159] [original line 1490] accessory group [clothes:golden_company_armor_blackfyre] has an invalid accessory "male_clothes_captainsArmor_blackfyreAlt_01"
[12:47:00][portraitaccessories.cpp:159] [original line 1491] accessory group [clothes:golden_company_armor_blackfyre] has an invalid accessory "male_clothes_captainsArmorMetal_blackfyreAlt_01"
[12:47:00][portraitaccessories.cpp:159] [original line 1492] accessory group [clothes:golden_company_armor_blackfyre] has an invalid accessory "male_clothes_ornateVest_blackfyreAlt_01"
[12:47:00][portraitaccessories.cpp:159] [original line 1493] accessory group [clothes:golden_company_armor_blackfyre] has an invalid accessory "male_clothes_standardVest_blackfyreAlt_01"
[12:47:00][portraitaccessories.cpp:159] [original line 1494] accessory group [clothes:golden_company_armor_blackfyre] has an invalid accessory "male_clothes_platedVest_blackfyreAlt_01"
[12:47:00][portraitaccessories.cpp:159] [original line 1495] accessory group [clothes:golden_company_armor_blackfyre] has an invalid accessory "male_clothes_captainsArmor_blackfyreAlt_01"
[12:47:00][portraitaccessories.cpp:159] [original line 1496] accessory group [clothes:golden_company_armor_blackfyre] has an invalid accessory "male_clothes_captainsArmorMetal_blackfyreAlt_01"
[12:47:00][portraitaccessories.cpp:159] [original line 1497] accessory group [clothes:golden_company_armor_blackfyre] has an invalid accessory "male_clothes_ornateVest_blackfyreAlt_01"
[12:47:00][portraitaccessories.cpp:159] [original line 1498] accessory group [clothes:golden_company_armor_blackfyre] has an invalid accessory "male_clothes_standardVest_blackfyreAlt_01"
[12:47:00][portraitaccessories.cpp:159] [original line 1499] accessory group [clothes:golden_company_armor_blackfyre] has an invalid accessory "male_clothes_platedVest_blackfyreAlt_01"
[12:47:00][pdx_persistent_reader.cpp:216] [original line 1500] Error: "Failed to read key reference: 1453_end_date: 1453_end_date, near line: 3
Failed to read key reference: rhomaion_name_of_byzantium: rhomaion_name_of_byzantium, near line: 3
Failed to read key reference: default_mongol_invasion: default_mongol_invasion, near line: 3
Failed to read key reference: random_ruler_placement_off: random_ruler_placement_off, near line: 3
Failed to read key reference: launch_historical: launch_historical, near line: 3
Failed to read key reference: fp1_scandi_adventurers_apocalyptic: fp1_scandi_adventurers_apocalyptic, near line: 3
Failed to read key reference: dissolution_after_caliph_death: dissolution_after_caliph_death, near line: 3
Failed to read key reference: default_seljuk_invasion: default_seljuk_invasion, near line: 3
Failed to read key reference: situation_the_great_steppe_toggle_on: situation_the_great_steppe_toggle_on, near line: 3
Failed to read key reference: struggle_iberia_toggle_on: struggle_iberia_toggle_on, near line: 3
Failed to read key reference: struggle_persia_toggle_on: struggle_persia_toggle_on, near line: 3
Failed to read key reference: historicity_ruler_of_munster_historical_toirdelbach: historicity_ruler_of_munster_historical_toirdelbach, near line: 3
Failed to read key reference: historicity_norman_conquest_default_random: historicity_norman_conquest_default_random, near line: 3
Failed to read key reference: tibet_nomad_region_on: tibet_nomad_region_on, near line: 3
Failed to read key reference: sami_nomad_region_on: sami_nomad_region_on, near line: 3
Failed to read key reference: arabia_nomad_region_on: arabia_nomad_region_on, near line: 3
Failed to read key reference: sahel_nomad_region_on: sahel_nomad_region_on, near line: 3
Failed to read key reference: horn_of_africa_nomad_region_on: horn_of_africa_nomad_region_on, near line: 3
Failed to read key reference: historicity_extra_admin_egypt_gameplay_not_administrative: historicity_extra_admin_egypt_gameplay_not_administrative, near line: 3
Failed to read key reference: historicity_extra_admin_arabia_gameplay_not_administrative: historicity_extra_admin_arabia_gameplay_not_administrative, near line: 3
Failed to read key reference: historicity_extra_admin_ghana_gameplay_not_administrative: historicity_extra_admin_ghana_gameplay_not_administrative, near line: 3
Failed to read key reference: historicity_extra_admin_kabulistan_gameplay_not_administrative: historicity_extra_admin_kabulistan_gameplay_not_administrative, near line: 3
Failed to read key reference: historicity_extra_admin_persia_gameplay_not_administrative: historicity_extra_admin_persia_gameplay_not_administrative, near line: 3
Failed to read key reference: historicity_extra_admin_maghreb_gameplay_not_administrative: historicity_extra_admin_maghreb_gameplay_not_administrative, near line: 3
Failed to read key reference: historicity_extra_admin_tamilakam_gameplay_not_administrative: historicity_extra_admin_tamilakam_gameplay_not_administrative, near line: 3
Failed to read key reference: historicity_extra_admin_carolingians_gameplay_not_administrative: historicity_extra_admin_carolingians_gameplay_not_administrative, near line: 3
Failed to read key reference: historicity_extra_admin_player_wherever_gameplay_not_administrative: historicity_extra_admin_player_wherever_gameplay_not_administrative, near line: 3
Failed to read key reference: historicity_frankokratia_fourth_crusade: historicity_frankokratia_fourth_crusade, near line: 3
Failed to read key reference: silk_road_starting_innovations_preset: silk_road_starting_innovations_preset, near line: 3
Failed to read key reference: ACR_RE_tradition_slots_plus_95: ACR_RE_tradition_slots_plus_95, near line: 3
Failed to read key reference: ACR_RE_tradition_cost_free: ACR_RE_tradition_cost_free, near line: 3
Failed to read key reference: ACR_RE_tradition_cooldown_none: ACR_RE_tradition_cooldown_none, near line: 3
Failed to read key reference: ACR_RE_truce_duration_5: ACR_RE_truce_duration_5, near line: 3
Failed to read key reference: ACR_RE_truce_scope_player_primary: ACR_RE_truce_scope_player_primary, near line: 3
Failed to read key reference: ACR_RE_council_task_speed_1_month: ACR_RE_council_task_speed_1_month, near line: 3
Failed to read key reference: HM_RE_rule_player_free_functions_enabled: HM_RE_rule_player_free_functions_enabled, near line: 3
Failed to read key reference: HM_RE_rule_change_holding_type_cost_very_cheap: HM_RE_rule_change_holding_type_cost_very_cheap, near line: 3
Failed to read key reference: HM_RE_rule_change_holding_type_cooldown_very_short: HM_RE_rule_change_holding_type_cooldown_very_short, near line: 3
Failed to read key reference: HM_RE_rule_can_replace_buildings_vassals: HM_RE_rule_can_replace_buildings_vassals, near line: 3
Failed to read key reference: HM_RE_rule_can_feudalize_holdings_vassals: HM_RE_rule_can_feudalize_holdings_vassals, near line: 3
Failed to read key reference: HM_RE_value_construct_buildings_gold_cost_cap_very_cheap: HM_RE_value_construct_buildings_gold_cost_cap_very_cheap, near line: 3
Failed to read key reference: HM_RE_rule_player_extra_slots_enabled: HM_RE_rule_player_extra_slots_enabled, near line: 3
Failed to read key reference: HM_RE_rule_player_slot_base_cost_very_cheap: HM_RE_rule_player_slot_base_cost_very_cheap, near line: 3
Failed to read key reference: HM_RE_rule_player_slot_step_cost_very_cheap: HM_RE_rule_player_slot_step_cost_very_cheap, near line: 3
Failed to read key reference: HM_RE_rule_construction_time_cost_free: HM_RE_rule_construction_time_cost_free, near line: 3
Failed to read key reference: HM_RE_build_all_button_on: HM_RE_build_all_button_on, near line: 3
Failed to read key reference: HM_RE_upgrade_all_button_on: HM_RE_upgrade_all_button_on, near line: 3
Failed to read key reference: HM_RE_make_nomad_button_on: HM_RE_make_nomad_button_on, near line: 3
Failed to read key reference: HM_RE_make_temple_citadel_button_on: HM_RE_make_temple_citadel_button_on, near line: 3
Failed to read key reference: HM_RE_player_add_slots_decision_on: HM_RE_player_add_slots_decision_on, near line: 3
Failed to read key reference: HM_RE_player_add_slots_decision_base_cost_very_cheap: HM_RE_player_add_slots_decision_base_cost_very_cheap, near line: 3
Failed to read key reference: HM_RE_player_cost_gold: HM_RE_player_cost_gold, near line: 3
Failed to read key reference: HM_RE_rule_ai_extra_slots_disabled: HM_RE_rule_ai_extra_slots_disabled, near line: 3
Failed to read key reference: HM_RE_rule_ai_slot_base_cost_very_expensive: HM_RE_rule_ai_slot_base_cost_very_expensive, near line: 3
Failed to read key reference: HM_RE_rule_ai_slot_step_cost_very_expensive: HM_RE_rule_ai_slot_step_cost_very_expensive, near line: 3" in file: "" near line: 3
[12:47:00][pdx_persistent_reader.cpp:216] [original line 1555] Error: "Failed to read key reference: 1453_end_date: 1453_end_date, near line: 8
Failed to read key reference: rhomaion_name_of_byzantium: rhomaion_name_of_byzantium, near line: 8
Failed to read key reference: default_mongol_invasion: default_mongol_invasion, near line: 8
Failed to read key reference: random_ruler_placement_off: random_ruler_placement_off, near line: 8
Failed to read key reference: launch_historical: launch_historical, near line: 8
Failed to read key reference: fp1_scandi_adventurers_apocalyptic: fp1_scandi_adventurers_apocalyptic, near line: 8
Failed to read key reference: dissolution_after_caliph_death: dissolution_after_caliph_death, near line: 8
Failed to read key reference: default_seljuk_invasion: default_seljuk_invasion, near line: 8
Failed to read key reference: situation_the_great_steppe_toggle_on: situation_the_great_steppe_toggle_on, near line: 8
Failed to read key reference: struggle_iberia_toggle_on: struggle_iberia_toggle_on, near line: 8
Failed to read key reference: struggle_persia_toggle_on: struggle_persia_toggle_on, near line: 8
Failed to read key reference: historicity_ruler_of_munster_historical_toirdelbach: historicity_ruler_of_munster_historical_toirdelbach, near line: 8
Failed to read key reference: historicity_norman_conquest_default_random: historicity_norman_conquest_default_random, near line: 8
Failed to read key reference: tibet_nomad_region_on: tibet_nomad_region_on, near line: 8
Failed to read key reference: sami_nomad_region_on: sami_nomad_region_on, near line: 8
Failed to read key reference: arabia_nomad_region_on: arabia_nomad_region_on, near line: 8
Failed to read key reference: sahel_nomad_region_on: sahel_nomad_region_on, near line: 8
Failed to read key reference: horn_of_africa_nomad_region_on: horn_of_africa_nomad_region_on, near line: 8
Failed to read key reference: historicity_extra_admin_egypt_gameplay_not_administrative: historicity_extra_admin_egypt_gameplay_not_administrative, near line: 8
Failed to read key reference: historicity_extra_admin_arabia_gameplay_not_administrative: historicity_extra_admin_arabia_gameplay_not_administrative, near line: 8
Failed to read key reference: historicity_extra_admin_ghana_gameplay_not_administrative: historicity_extra_admin_ghana_gameplay_not_administrative, near line: 8
Failed to read key reference: historicity_extra_admin_kabulistan_gameplay_not_administrative: historicity_extra_admin_kabulistan_gameplay_not_administrative, near line: 8
Failed to read key reference: historicity_extra_admin_persia_gameplay_not_administrative: historicity_extra_admin_persia_gameplay_not_administrative, near line: 8
Failed to read key reference: historicity_extra_admin_maghreb_gameplay_not_administrative: historicity_extra_admin_maghreb_gameplay_not_administrative, near line: 8
Failed to read key reference: historicity_extra_admin_tamilakam_gameplay_not_administrative: historicity_extra_admin_tamilakam_gameplay_not_administrative, near line: 8
Failed to read key reference: historicity_extra_admin_carolingians_gameplay_not_administrative: historicity_extra_admin_carolingians_gameplay_not_administrative, near line: 8
Failed to read key reference: historicity_extra_admin_player_wherever_gameplay_not_administrative: historicity_extra_admin_player_wherever_gameplay_not_administrative, near line: 8
Failed to read key reference: historicity_frankokratia_fourth_crusade: historicity_frankokratia_fourth_crusade, near line: 8
Failed to read key reference: silk_road_starting_innovations_preset: silk_road_starting_innovations_preset, near line: 8
Failed to read key reference: ACR_RE_tradition_slots_plus_95: ACR_RE_tradition_slots_plus_95, near line: 8
Failed to read key reference: ACR_RE_tradition_cost_free: ACR_RE_tradition_cost_free, near line: 8
Failed to read key reference: ACR_RE_tradition_cooldown_none: ACR_RE_tradition_cooldown_none, near line: 8
Failed to read key reference: ACR_RE_truce_duration_5: ACR_RE_truce_duration_5, near line: 8
Failed to read key reference: ACR_RE_truce_scope_player_primary: ACR_RE_truce_scope_player_primary, near line: 8
Failed to read key reference: ACR_RE_council_task_speed_1_month: ACR_RE_council_task_speed_1_month, near line: 8
Failed to read key reference: HM_RE_rule_player_free_functions_enabled: HM_RE_rule_player_free_functions_enabled, near line: 8
Failed to read key reference: HM_RE_rule_change_holding_type_cost_very_cheap: HM_RE_rule_change_holding_type_cost_very_cheap, near line: 8
Failed to read key reference: HM_RE_rule_change_holding_type_cooldown_very_short: HM_RE_rule_change_holding_type_cooldown_very_short, near line: 8
Failed to read key reference: HM_RE_rule_can_replace_buildings_vassals: HM_RE_rule_can_replace_buildings_vassals, near line: 8
Failed to read key reference: HM_RE_rule_can_feudalize_holdings_vassals: HM_RE_rule_can_feudalize_holdings_vassals, near line: 8
Failed to read key reference: HM_RE_value_construct_buildings_gold_cost_cap_very_cheap: HM_RE_value_construct_buildings_gold_cost_cap_very_cheap, near line: 8
Failed to read key reference: HM_RE_rule_player_extra_slots_enabled: HM_RE_rule_player_extra_slots_enabled, near line: 8
Failed to read key reference: HM_RE_rule_player_slot_base_cost_very_cheap: HM_RE_rule_player_slot_base_cost_very_cheap, near line: 8
Failed to read key reference: HM_RE_rule_player_slot_step_cost_very_cheap: HM_RE_rule_player_slot_step_cost_very_cheap, near line: 8
Failed to read key reference: HM_RE_rule_construction_time_cost_free: HM_RE_rule_construction_time_cost_free, near line: 8
Failed to read key reference: HM_RE_build_all_button_on: HM_RE_build_all_button_on, near line: 8
Failed to read key reference: HM_RE_upgrade_all_button_on: HM_RE_upgrade_all_button_on, near line: 8
Failed to read key reference: HM_RE_make_nomad_button_on: HM_RE_make_nomad_button_on, near line: 8
Failed to read key reference: HM_RE_make_temple_citadel_button_on: HM_RE_make_temple_citadel_button_on, near line: 8
Failed to read key reference: HM_RE_player_add_slots_decision_on: HM_RE_player_add_slots_decision_on, near line: 8
Failed to read key reference: HM_RE_player_add_slots_decision_base_cost_very_cheap: HM_RE_player_add_slots_decision_base_cost_very_cheap, near line: 8
Failed to read key reference: HM_RE_player_cost_gold: HM_RE_player_cost_gold, near line: 8
Failed to read key reference: HM_RE_rule_ai_extra_slots_disabled: HM_RE_rule_ai_extra_slots_disabled, near line: 8
Failed to read key reference: HM_RE_rule_ai_slot_base_cost_very_expensive: HM_RE_rule_ai_slot_base_cost_very_expensive, near line: 8
Failed to read key reference: HM_RE_rule_ai_slot_step_cost_very_expensive: HM_RE_rule_ai_slot_step_cost_very_expensive, near line: 8" in file: "" near line: 8
[12:47:00][coat_of_arms_render_description.cpp:190] [original line 1610] Failed to find textured emblem texture at path: gfx/coat_of_arms/colored_emblems/asoiaf_unicorn.dds near file: common/coat_of_arms/coat_of_arms/personal_coas_dynamic.txt line: 1080
[12:47:00][coat_of_arms_render_description.cpp:190] [original line 1611] Failed to find textured emblem texture at path: gfx/coat_of_arms/colored_emblems/vale_seldon_rayonne.dds near file: common/coat_of_arms/coat_of_arms/riverland_dynasties.txt line: 120
[12:47:00][coat_of_arms_render_description.cpp:190] [original line 1612] Failed to find textured emblem texture at path: gfx/coat_of_arms/colored_emblems/ce_bottom_solid.dds near file: common/coat_of_arms/coat_of_arms/test_reach_dynasties.txt line: 1302
[12:47:00][coat_of_arms_render_description.cpp:190] [original line 1613] Failed to find textured emblem texture at path: gfx/coat_of_arms/colored_emblems/north_wibberly.dds near file: common/coat_of_arms/coat_of_arms/northern_dynasties.txt line: 1337
[12:47:00][coat_of_arms_render_description.cpp:190] [original line 1614] Failed to find textured emblem texture at path: gfx/coat_of_arms/colored_emblems/re_block_02.dds near file: common/coat_of_arms/coat_of_arms/test_reach_dynasties.txt line: 1699
[12:47:00][coat_of_arms_render_description.cpp:190] [original line 1615] Failed to find textured emblem texture at path: gfx/coat_of_arms/colored_emblems/re_block_02.dds near file: common/coat_of_arms/coat_of_arms/test_reach_dynasties.txt line: 1781
[12:47:00][coat_of_arms_render_description.cpp:190] [original line 1616] Failed to find textured emblem texture at path: gfx/coat_of_arms/colored_emblems/ce_bottom_solid.dds near file: common/coat_of_arms/coat_of_arms/reach_dynasties.txt line: 1708
[12:47:00][coat_of_arms_render_description.cpp:190] [original line 1617] Failed to find textured emblem texture at path: gfx/coat_of_arms/colored_emblems/asoiaf_unicorn.dds near file: common/coat_of_arms/coat_of_arms/test_personal_coas.txt line: 2130
[12:47:00][coat_of_arms_render_description.cpp:190] [original line 1618] Failed to find textured emblem texture at path: gfx/coat_of_arms/colored_emblems/north_wibberly.dds near file: common/coat_of_arms/coat_of_arms/test_northern_dynasties.txt line: 981
[12:47:00][coat_of_arms_render_description.cpp:190] [original line 1619] Failed to find textured emblem texture at path: gfx/coat_of_arms/colored_emblems/re_block_02.dds near file: common/coat_of_arms/coat_of_arms/reach_dynasties.txt line: 1882
[12:47:00][coat_of_arms_render_description.cpp:190] [original line 1620] Failed to find textured emblem texture at path: gfx/coat_of_arms/colored_emblems/vale_seldon_rayonne.dds near file: common/coat_of_arms/coat_of_arms/test_riverland_dynasties.txt line: 735
[12:47:00][coat_of_arms_render_description.cpp:190] [original line 1621] Failed to find textured emblem texture at path: gfx/coat_of_arms/colored_emblems/re_block_02.dds near file: common/coat_of_arms/coat_of_arms/reach_dynasties.txt line: 192
[12:47:01][opinion_modifier.cpp:83] [original line 1622] Modifier 'funded_my_expedition' shouldn't have a duration and monthly_change at the same time!
[12:47:01][opinion_modifier.cpp:83] [original line 1623] Modifier 'sent_relative_to_valyria' shouldn't have a duration and monthly_change at the same time!
[12:47:01][artifact_feature.cpp:33] [original line 1624] Missing loc key 'feature_dragon_whip_black'
[12:47:01][artifact_feature.cpp:33] [original line 1625] Missing loc key 'feature_dragon_whip_silver'
[12:47:01][artifact_feature.cpp:33] [original line 1626] Missing loc key 'feature_dragon_whip_bronze'
[12:47:01][artifact_visual_type.cpp:31] [original line 1627] Artifact visual type 'asoiaf_hound_armour_visuals' has no defined assets
[12:47:01][title_links.cpp:214] [original line 1628] Failed to fetch a valid landed title 'e_hre' at location 'file: common/scripted_guis/DI_char_editor_present_sgui.txt line: 1589 (DI_ce_female_dominated:effect)'
[12:47:01][title_links.cpp:214] [original line 1629] Failed to fetch a valid landed title 'e_hre' at location 'file: common/character_interactions/DI_character_interaction.txt line: 4622 (DI_change_succession:on_accept)'
[12:47:01][title_links.cpp:214] [original line 1630] Failed to fetch a valid landed title 'e_hre' at location 'file: common/character_interactions/DI_character_interaction.txt line: 4624 (DI_change_succession:on_accept)'
[12:47:01][title_links.cpp:214] [original line 1631] Failed to fetch a valid landed title 'e_hre' at location 'file: common/character_interactions/DI_character_interaction.txt line: 4637 (DI_change_succession:on_accept)'
[12:47:01][title_links.cpp:214] [original line 1632] Failed to fetch a valid landed title 'e_hre' at location 'file: common/character_interactions/DI_character_interaction.txt line: 4639 (DI_change_succession:on_accept)'
[12:47:01][title_links.cpp:214] [original line 1633] Failed to fetch a valid landed title 'b_graced_castle' at location 'file: common/on_action/cowagot_province_on_actions.txt line: 242 (set_provinces_on_actions)'
[12:47:01][title_links.cpp:214] [original line 1634] Failed to fetch a valid landed title 'b_cheesemonger_manse' at location 'file: common/on_action/cowagot_province_on_actions.txt line: 246 (set_provinces_on_actions)'
[12:47:01][jomini_eventtarget.h:291] [original line 1635] Failed to find 'varangian' from database for link 'trait' at file: common/scripted_effects/DI_char_spawner_effects.txt line: 1232 (DI_akolouthos_traits_effect)
[12:47:01][jomini_eventmanager.cpp:119] [original line 1636] 'agot_cities.5000' does not have a valid namespace
[12:47:01][jomini_script_system.cpp:303] [original line 1637] Script system error!
  Error: trigger_event effect [ Event [agot_cities.5000] not found ]
  Script location: file: common/buildings/yy_agotcities_special_buildings_westeros.txt line: 1827 (planky_town_special:on_complete)
[12:47:01][jomini_eventmanager.cpp:119] [original line 1641] 'agot_cities.5000' does not have a valid namespace
[12:47:01][jomini_script_system.cpp:303] [original line 1642] Script system error!
  Error: trigger_event effect [ Event [agot_cities.5000] not found ]
  Script location: file: common/buildings/yy_agotcities_special_buildings_westeros.txt line: 1993 (agot_castamere_03:on_complete)
[12:47:01][jomini_eventmanager.cpp:119] [original line 1646] 'agot_cities.5000' does not have a valid namespace
[12:47:01][jomini_script_system.cpp:303] [original line 1647] Script system error!
  Error: trigger_event effect [ Event [agot_cities.5000] not found ]
  Script location: file: common/buildings/yy_agotcities_special_buildings_westeros.txt line: 2295 (24castamere_03:on_complete)
[12:47:01][jomini_script_system.cpp:303] [original line 1651] Script system error!
  Error: create_artifact effect [ Invalid artifact template 'vs_blackfyre_template' ]
  Script location: file: common/scripted_effects/00_agot_artifact_vs_sword_effects_override.txt line: 13 (agot_create_artifact_vs_blackfyre_effect[args#3618947653])
[12:47:01][jomini_script_system.cpp:303] [original line 1655] Script system error!
  Error: create_artifact effect [ Invalid artifact template 'vs_blackfyre_template' ]
  Script location: file: common/scripted_effects/00_agot_artifact_vs_sword_effects_override.txt line: 31 (agot_create_artifact_vs_blackfyre_effect[args#3618947653])
[12:47:01][jomini_script_system.cpp:303] [original line 1659] Script system error!
  Error: create_artifact effect [ Invalid artifact template 'vs_blackfyre_template' ]
  Script location: file: common/scripted_effects/00_agot_artifact_vs_sword_effects_override.txt line: 13 (agot_create_artifact_vs_blackfyre_effect[args#141906969])
[12:47:01][jomini_script_system.cpp:303] [original line 1663] Script system error!
  Error: create_artifact effect [ Invalid artifact template 'vs_blackfyre_template' ]
  Script location: file: common/scripted_effects/00_agot_artifact_vs_sword_effects_override.txt line: 31 (agot_create_artifact_vs_blackfyre_effect[args#141906969])
[12:47:01][jomini_script_system.cpp:303] [original line 1667] Script system error!
  Error: create_artifact effect [ Invalid artifact template 'vs_pincer_template' ]
  Script location: file: common/scripted_effects/00_agot_artifact_vs_sword_effects_override.txt line: 604 (agot_create_artifact_vs_pincer_effect[args#3618947653])
[12:47:01][jomini_script_system.cpp:303] [original line 1671] Script system error!
  Error: create_artifact effect [ Invalid artifact template 'vs_pincer_template' ]
  Script location: file: common/scripted_effects/00_agot_artifact_vs_sword_effects_override.txt line: 630 (agot_create_artifact_vs_pincer_effect[args#3618947653])
[12:47:01][jomini_script_system.cpp:303] [original line 1675] Script system error!
  Error: create_artifact effect [ Invalid artifact template 'vs_seafoam_template' ]
  Script location: file: common/scripted_effects/00_agot_artifact_vs_sword_effects_override.txt line: 455 (agot_create_artifact_vs_seafoam_effect[args#3618947653])
[12:47:01][jomini_script_system.cpp:303] [original line 1679] Script system error!
  Error: create_artifact effect [ Invalid artifact template 'vs_seafoam_template' ]
  Script location: file: common/scripted_effects/00_agot_artifact_vs_sword_effects_override.txt line: 475 (agot_create_artifact_vs_seafoam_effect[args#3618947653])
[12:47:01][jomini_script_system.cpp:303] [original line 1683] Script system error!
  Error: create_artifact effect [ Invalid static modifier 'artifact_personal_scheme_power_add_5_modifier' ]
  Script location: file: common/scripted_effects/00_lotd_artifact_creation_effects.txt line: 8 (create_artifact_subterfuge_effect[args#141906969])
[12:47:01][jomini_script_system.cpp:303] [original line 1687] Script system error!
  Error: create_artifact effect [ Invalid artifact template 'vs_blackfyre_template' ]
  Script location: file: common/scripted_effects/00_agot_artifact_vs_sword_effects_override.txt line: 13 (agot_create_artifact_vs_blackfyre_effect[args#979117111])
[12:47:01][jomini_script_system.cpp:303] [original line 1691] Script system error!
  Error: create_artifact effect [ Invalid artifact template 'vs_blackfyre_template' ]
  Script location: file: common/scripted_effects/00_agot_artifact_vs_sword_effects_override.txt line: 31 (agot_create_artifact_vs_blackfyre_effect[args#979117111])
[12:47:01][jomini_script_system.cpp:303] [original line 1695] Script system error!
  Error: create_artifact effect [ Invalid artifact template 'vs_pincer_template' ]
  Script location: file: common/scripted_effects/00_agot_artifact_vs_sword_effects_override.txt line: 604 (agot_create_artifact_vs_pincer_effect[args#979117111])
[12:47:01][jomini_script_system.cpp:303] [original line 1699] Script system error!
  Error: create_artifact effect [ Invalid artifact template 'vs_pincer_template' ]
  Script location: file: common/scripted_effects/00_agot_artifact_vs_sword_effects_override.txt line: 630 (agot_create_artifact_vs_pincer_effect[args#979117111])
[12:47:01][jomini_script_system.cpp:303] [original line 1703] Script system error!
  Error: create_artifact effect [ Invalid artifact template 'vs_seafoam_template' ]
  Script location: file: common/scripted_effects/00_agot_artifact_vs_sword_effects_override.txt line: 455 (agot_create_artifact_vs_seafoam_effect[args#979117111])
[12:47:01][jomini_script_system.cpp:303] [original line 1707] Script system error!
  Error: create_artifact effect [ Invalid artifact template 'vs_seafoam_template' ]
  Script location: file: common/scripted_effects/00_agot_artifact_vs_sword_effects_override.txt line: 475 (agot_create_artifact_vs_seafoam_effect[args#979117111])
[12:47:01][jomini_script_system.cpp:303] [original line 1711] Script system error!
  Error: create_artifact effect [ Invalid artifact template 'vs_seafoam_template' ]
  Script location: file: common/scripted_effects/00_agot_artifact_vs_sword_effects_override.txt line: 455 (agot_create_artifact_vs_seafoam_effect[args#2425720076])
[12:47:01][jomini_script_system.cpp:303] [original line 1715] Script system error!
  Error: create_artifact effect [ Invalid artifact template 'vs_seafoam_template' ]
  Script location: file: common/scripted_effects/00_agot_artifact_vs_sword_effects_override.txt line: 475 (agot_create_artifact_vs_seafoam_effect[args#2425720076])
[12:47:01][jomini_script_system.cpp:303] [original line 1719] Script system error!
  Error: create_artifact effect [ Invalid artifact template 'vs_pincer_template' ]
  Script location: file: common/scripted_effects/00_agot_artifact_vs_sword_effects_override.txt line: 604 (agot_create_artifact_vs_pincer_effect[args#2425720076])
[12:47:01][jomini_script_system.cpp:303] [original line 1723] Script system error!
  Error: create_artifact effect [ Invalid artifact template 'vs_pincer_template' ]
  Script location: file: common/scripted_effects/00_agot_artifact_vs_sword_effects_override.txt line: 630 (agot_create_artifact_vs_pincer_effect[args#2425720076])
[12:47:01][jomini_script_system.cpp:303] [original line 1727] Script system error!
  Error: create_artifact effect [ Invalid artifact template 'vs_blackfyre_template' ]
  Script location: file: common/scripted_effects/00_agot_artifact_vs_sword_effects_override.txt line: 13 (agot_create_artifact_vs_blackfyre_effect[args#2425720076])
[12:47:01][jomini_script_system.cpp:303] [original line 1731] Script system error!
  Error: create_artifact effect [ Invalid artifact template 'vs_blackfyre_template' ]
  Script location: file: common/scripted_effects/00_agot_artifact_vs_sword_effects_override.txt line: 31 (agot_create_artifact_vs_blackfyre_effect[args#2425720076])
[12:47:01][jomini_script_system.cpp:303] [original line 1735] Script system error!
  Error: set_culture_pillar effect [ Invalid database object 'language_agot_lhazaar' ]
  Script location: file: common/scripted_guis/DI_cultural_editor_pillars_sgui.txt line: 620 (DI_language_agot_lhazaar_sgui:effect)
[12:47:01][jomini_effect.cpp:139] [original line 1739] PostValidate of effect 'set_culture_pillar' returned false at file: common/scripted_guis/DI_cultural_editor_pillars_sgui.txt line: 620 (DI_language_agot_lhazaar_sgui:effect)
[12:47:01][jomini_script_system.cpp:303] [original line 1740] Script system error!
  Error: add_innovation effect [ target: Not found in database class CCultureInnovationTypeDatabase ]
  Script location: file: common/character_interactions/DI_character_interaction.txt line: 4616 (DI_change_succession:on_accept)
[12:47:01][jomini_effect.cpp:139] [original line 1744] PostValidate of effect 'add_innovation' returned false at file: common/character_interactions/DI_character_interaction.txt line: 4616 (DI_change_succession:on_accept)
[12:47:01][jomini_script_system.cpp:303] [original line 1745] Script system error!
  Error: add_innovation effect [ target: Not found in database class CCultureInnovationTypeDatabase ]
  Script location: file: common/character_interactions/DI_character_interaction.txt line: 4631 (DI_change_succession:on_accept)
[12:47:01][jomini_effect.cpp:139] [original line 1749] PostValidate of effect 'add_innovation' returned false at file: common/character_interactions/DI_character_interaction.txt line: 4631 (DI_change_succession:on_accept)
[12:47:01][jomini_script_system.cpp:303] [original line 1750] Script system error!
  Error: add_building effect [ Invalid database object 'common_trade_03' ]
  Script location: file: common/on_action/cowagot_province_on_actions.txt line: 174 (set_provinces_on_actions)
[12:47:01][jomini_effect.cpp:139] [original line 1754] PostValidate of effect 'add_building' returned false at file: common/on_action/cowagot_province_on_actions.txt line: 174 (set_provinces_on_actions)
[12:47:01][jomini_script_system.cpp:303] [original line 1755] Script system error!
  Error: remove_building effect [ Invalid database object 'ironwood_01' ]
  Script location: file: common/on_action/cowagot_province_on_actions.txt line: 214 (set_provinces_on_actions)
[12:47:01][jomini_effect.cpp:139] [original line 1759] PostValidate of effect 'remove_building' returned false at file: common/on_action/cowagot_province_on_actions.txt line: 214 (set_provinces_on_actions)
[12:47:01][jomini_script_system.cpp:303] [original line 1760] Script system error!
  Error: add_special_building_slot effect [ Invalid database object 'bearisland_01' ]
  Script location: file: common/on_action/cowagot_province_on_actions.txt line: 273 (set_provinces_on_actions)
[12:47:01][jomini_effect.cpp:139] [original line 1764] PostValidate of effect 'add_special_building_slot' returned false at file: common/on_action/cowagot_province_on_actions.txt line: 273 (set_provinces_on_actions)
[12:47:01][jomini_script_system.cpp:303] [original line 1765] Script system error!
  Error: add_special_building effect [ Invalid database object 'bearisland_01' ]
  Script location: file: common/on_action/cowagot_province_on_actions.txt line: 274 (set_provinces_on_actions)
[12:47:01][jomini_effect.cpp:139] [original line 1769] PostValidate of effect 'add_special_building' returned false at file: common/on_action/cowagot_province_on_actions.txt line: 274 (set_provinces_on_actions)
[12:47:01][jomini_script_system.cpp:303] [original line 1770] Script system error!
  Error: add_special_building_slot effect [ Invalid database object 'harlaw_mines_01' ]
  Script location: file: common/on_action/cowagot_province_on_actions.txt line: 335 (harlaw_building_check_on_actions)
[12:47:01][jomini_effect.cpp:139] [original line 1774] PostValidate of effect 'add_special_building_slot' returned false at file: common/on_action/cowagot_province_on_actions.txt line: 335 (harlaw_building_check_on_actions)
[12:47:01][jomini_script_system.cpp:303] [original line 1775] Script system error!
  Error: learn_language effect [ Invalid database object 'language_arabic' ]
  Script location: file: common/scripted_effects/DI_court_position_spawner_overrides.txt line: 14 (DI_court_position_post_spawn_effect[args#2101251318])
[12:47:01][jomini_effect.cpp:139] [original line 1779] PostValidate of effect 'learn_language' returned false at file: common/scripted_effects/DI_court_position_spawner_overrides.txt line: 14 (DI_court_position_post_spawn_effect[args#2101251318])
[12:47:01][jomini_script_system.cpp:303] [original line 1780] Script system error!
  Error: learn_language effect [ Invalid database object 'language_greek' ]
  Script location: file: common/scripted_effects/DI_court_position_spawner_overrides.txt line: 15 (DI_court_position_post_spawn_effect[args#2101251318])
[12:47:01][jomini_effect.cpp:139] [original line 1784] PostValidate of effect 'learn_language' returned false at file: common/scripted_effects/DI_court_position_spawner_overrides.txt line: 15 (DI_court_position_post_spawn_effect[args#2101251318])
[12:47:01][jomini_script_system.cpp:303] [original line 1785] Script system error!
  Error: learn_language effect [ Invalid database object 'language_latin' ]
  Script location: file: common/scripted_effects/DI_court_position_spawner_overrides.txt line: 16 (DI_court_position_post_spawn_effect[args#2101251318])
[12:47:01][jomini_effect.cpp:139] [original line 1789] PostValidate of effect 'learn_language' returned false at file: common/scripted_effects/DI_court_position_spawner_overrides.txt line: 16 (DI_court_position_post_spawn_effect[args#2101251318])
[12:47:01][jomini_script_system.cpp:303] [original line 1790] Script system error!
  Error: learn_language effect [ Invalid database object 'language_norse' ]
  Script location: file: common/scripted_effects/DI_court_position_spawner_overrides.txt line: 17 (DI_court_position_post_spawn_effect[args#2101251318])
[12:47:01][jomini_effect.cpp:139] [original line 1794] PostValidate of effect 'learn_language' returned false at file: common/scripted_effects/DI_court_position_spawner_overrides.txt line: 17 (DI_court_position_post_spawn_effect[args#2101251318])
[12:47:01][jomini_script_system.cpp:303] [original line 1795] Script system error!
  Error: learn_language effect [ Invalid database object 'language_greek' ]
  Script location: file: common/scripted_effects/DI_court_position_spawner_overrides.txt line: 27 (DI_court_position_post_spawn_effect[args#2101251318])
[12:47:01][jomini_effect.cpp:139] [original line 1799] PostValidate of effect 'learn_language' returned false at file: common/scripted_effects/DI_court_position_spawner_overrides.txt line: 27 (DI_court_position_post_spawn_effect[args#2101251318])
[12:47:01][jomini_script_system.cpp:303] [original line 1800] Script system error!
  Error: learn_language effect [ Invalid database object 'language_arabic' ]
  Script location: file: common/scripted_effects/DI_court_position_spawner_overrides.txt line: 26 (DI_court_position_post_spawn_effect[args#2101251318])
[12:47:01][jomini_effect.cpp:139] [original line 1804] PostValidate of effect 'learn_language' returned false at file: common/scripted_effects/DI_court_position_spawner_overrides.txt line: 26 (DI_court_position_post_spawn_effect[args#2101251318])
[12:47:01][jomini_script_system.cpp:303] [original line 1805] Script system error!
  Error: learn_language effect [ Invalid database object 'language_latin' ]
  Script location: file: common/scripted_effects/DI_court_position_spawner_overrides.txt line: 28 (DI_court_position_post_spawn_effect[args#2101251318])
[12:47:01][jomini_effect.cpp:139] [original line 1809] PostValidate of effect 'learn_language' returned false at file: common/scripted_effects/DI_court_position_spawner_overrides.txt line: 28 (DI_court_position_post_spawn_effect[args#2101251318])
[12:47:01][jomini_script_system.cpp:303] [original line 1810] Script system error!
  Error: learn_language effect [ Invalid database object 'language_norse' ]
  Script location: file: common/scripted_effects/DI_court_position_spawner_overrides.txt line: 29 (DI_court_position_post_spawn_effect[args#2101251318])
[12:47:01][jomini_effect.cpp:139] [original line 1814] PostValidate of effect 'learn_language' returned false at file: common/scripted_effects/DI_court_position_spawner_overrides.txt line: 29 (DI_court_position_post_spawn_effect[args#2101251318])
[12:47:01][jomini_script_system.cpp:303] [original line 1815] Script system error!
  Error: add_trait effect [ target: Not found in database class CTraitDatabase ]
  Script location: file: common/scripted_effects/DI_present_effects.txt line: 20 (DI_personality_trait_randomizer_effect)
[12:47:01][jomini_effect.cpp:139] [original line 1819] PostValidate of effect 'add_trait' returned false at file: common/scripted_effects/DI_present_effects.txt line: 20 (DI_personality_trait_randomizer_effect)
[12:47:01][jomini_script_system.cpp:303] [original line 1820] Script system error!
  Error: add_trait effect [ target: Not found in database class CTraitDatabase ]
  Script location: file: common/scripted_effects/DI_present_effects.txt line: 21 (DI_personality_trait_randomizer_effect)
[12:47:01][jomini_effect.cpp:139] [original line 1824] PostValidate of effect 'add_trait' returned false at file: common/scripted_effects/DI_present_effects.txt line: 21 (DI_personality_trait_randomizer_effect)
[12:47:01][jomini_script_system.cpp:303] [original line 1825] Script system error!
  Error: remove_trait effect [ target: Not found in database class CTraitDatabase ]
  Script location: file: common/scripted_effects/DI_present_effects.txt line: 85 (DI_clear_personality_traits_effect)
[12:47:01][jomini_effect.cpp:139] [original line 1829] PostValidate of effect 'remove_trait' returned false at file: common/scripted_effects/DI_present_effects.txt line: 85 (DI_clear_personality_traits_effect)
[12:47:01][jomini_script_system.cpp:303] [original line 1830] Script system error!
  Error: remove_trait effect [ target: Not found in database class CTraitDatabase ]
  Script location: file: common/scripted_effects/DI_present_effects.txt line: 86 (DI_clear_personality_traits_effect)
[12:47:01][jomini_effect.cpp:139] [original line 1834] PostValidate of effect 'remove_trait' returned false at file: common/scripted_effects/DI_present_effects.txt line: 86 (DI_clear_personality_traits_effect)
[12:47:01][pdx_persistent_reader.cpp:216] [original line 1835] Error: "Unknown modifier type: bond_with_dragon_scheme_success_chance_add, near line: 17
Unknown modifier type: bond_with_dragon_scheme_scheme_success_chance_add, near line: 24" in file: "common/modifier_definition_formats/agot_scheme_definitions.txt" near line: 29
[12:47:01][jomini_script_system.cpp:303] [original line 1837] Script system error!
  Error: has_trait trigger [ Cannot find honorable in trait database ]
  Script location: file: common/scripted_effects/DI_present_effects.txt line: 85 (DI_clear_personality_traits_effect)
[12:47:01][jomini_script_system.cpp:303] [original line 1841] Script system error!
  Error: has_trait trigger [ Cannot find ruthless in trait database ]
  Script location: file: common/scripted_effects/DI_present_effects.txt line: 86 (DI_clear_personality_traits_effect)
[12:47:01][jomini_script_system.cpp:303] [original line 1845] Script system error!
  Error: has_game_rule trigger [ Invalid database object 'show_armor_enabled' ]
  Script location: file: gfx/portraits/portrait_modifiers/01_cloaks_base.txt line: 1333 (cloaks:weight)
[12:47:01][jomini_trigger.cpp:243] [original line 1849] PostValidate of trigger 'has_game_rule' returned false at file: gfx/portraits/portrait_modifiers/01_cloaks_base.txt line: 1333 (cloaks:weight)
[12:47:01][jomini_script_system.cpp:303] [original line 1850] Script system error!
  Error: has_game_rule trigger [ Invalid database object 'show_armor_enabled' ]
  Script location: file: gfx/portraits/portrait_modifiers/01_cloaks_base.txt line: 1338 (cloaks:weight)
[12:47:01][jomini_trigger.cpp:243] [original line 1854] PostValidate of trigger 'has_game_rule' returned false at file: gfx/portraits/portrait_modifiers/01_cloaks_base.txt line: 1338 (cloaks:weight)
[12:47:01][jomini_script_system.cpp:303] [original line 1855] Script system error!
  Error: has_game_rule trigger [ Invalid database object 'show_armor_enabled' ]
  Script location: file: gfx/portraits/portrait_modifiers/01_cloaks_base.txt line: 1642 (cloaks:weight)
[12:47:01][jomini_trigger.cpp:243] [original line 1859] PostValidate of trigger 'has_game_rule' returned false at file: gfx/portraits/portrait_modifiers/01_cloaks_base.txt line: 1642 (cloaks:weight)
[12:47:01][jomini_script_system.cpp:303] [original line 1860] Script system error!
  Error: has_game_rule trigger [ Invalid database object 'show_armor_enabled' ]
  Script location: file: gfx/portraits/portrait_modifiers/01_cloaks_base.txt line: 1684 (cloaks:weight)
[12:47:01][jomini_trigger.cpp:243] [original line 1864] PostValidate of trigger 'has_game_rule' returned false at file: gfx/portraits/portrait_modifiers/01_cloaks_base.txt line: 1684 (cloaks:weight)
[12:47:01][jomini_script_system.cpp:303] [original line 1865] Script system error!
  Error: has_game_rule trigger [ Invalid database object 'show_armor_enabled' ]
  Script location: file: gfx/portraits/portrait_modifiers/01_legwear_base.txt line: 871 (legwear:weight)
[12:47:01][jomini_trigger.cpp:243] [original line 1869] PostValidate of trigger 'has_game_rule' returned false at file: gfx/portraits/portrait_modifiers/01_legwear_base.txt line: 871 (legwear:weight)
[12:47:01][jomini_script_system.cpp:303] [original line 1870] Script system error!
  Error: has_game_rule trigger [ Invalid database object 'show_armor_enabled' ]
  Script location: file: gfx/portraits/portrait_modifiers/01_legwear_base.txt line: 898 (legwear:weight)
[12:47:01][jomini_trigger.cpp:243] [original line 1874] PostValidate of trigger 'has_game_rule' returned false at file: gfx/portraits/portrait_modifiers/01_legwear_base.txt line: 898 (legwear:weight)
[12:47:01][jomini_script_system.cpp:303] [original line 1875] Script system error!
  Error: has_game_rule trigger [ Invalid database object 'show_armor_enabled' ]
  Script location: file: gfx/portraits/portrait_modifiers/01_legwear_base.txt line: 937 (legwear:weight)
[12:47:01][jomini_trigger.cpp:243] [original line 1879] PostValidate of trigger 'has_game_rule' returned false at file: gfx/portraits/portrait_modifiers/01_legwear_base.txt line: 937 (legwear:weight)
[12:47:01][jomini_script_system.cpp:303] [original line 1880] Script system error!
  Error: has_game_rule trigger [ Invalid database object 'show_armor_enabled' ]
  Script location: file: gfx/portraits/portrait_modifiers/05_clothes_situational.txt line: 616 (clothes_situational:weight)
[12:47:01][jomini_trigger.cpp:243] [original line 1884] PostValidate of trigger 'has_game_rule' returned false at file: gfx/portraits/portrait_modifiers/05_clothes_situational.txt line: 616 (clothes_situational:weight)
[12:47:01][jomini_script_system.cpp:303] [original line 1885] Script system error!
  Error: has_game_rule trigger [ Invalid database object 'show_armor_enabled' ]
  Script location: file: gfx/portraits/portrait_modifiers/05_clothes_situational.txt line: 1062 (clothes_situational:weight)
[12:47:01][jomini_trigger.cpp:243] [original line 1889] PostValidate of trigger 'has_game_rule' returned false at file: gfx/portraits/portrait_modifiers/05_clothes_situational.txt line: 1062 (clothes_situational:weight)
[12:47:01][jomini_script_system.cpp:303] [original line 1890] Script system error!
  Error: has_game_rule trigger [ Invalid database object 'show_armor_enabled' ]
  Script location: file: gfx/portraits/portrait_modifiers/05_clothes_situational.txt line: 1109 (clothes_situational:weight)
[12:47:01][jomini_trigger.cpp:243] [original line 1894] PostValidate of trigger 'has_game_rule' returned false at file: gfx/portraits/portrait_modifiers/05_clothes_situational.txt line: 1109 (clothes_situational:weight)
[12:47:01][jomini_script_system.cpp:303] [original line 1895] Script system error!
  Error: has_game_rule trigger [ Invalid database object 'show_armor_enabled' ]
  Script location: file: gfx/portraits/portrait_modifiers/05_clothes_situational.txt line: 1158 (clothes_situational:weight)
[12:47:01][jomini_trigger.cpp:243] [original line 1899] PostValidate of trigger 'has_game_rule' returned false at file: gfx/portraits/portrait_modifiers/05_clothes_situational.txt line: 1158 (clothes_situational:weight)
[12:47:01][jomini_script_system.cpp:303] [original line 1900] Script system error!
  Error: has_game_rule trigger [ Invalid database object 'show_armor_enabled' ]
  Script location: file: gfx/portraits/portrait_modifiers/05_clothes_situational.txt line: 1202 (clothes_situational:weight)
[12:47:01][jomini_trigger.cpp:243] [original line 1904] PostValidate of trigger 'has_game_rule' returned false at file: gfx/portraits/portrait_modifiers/05_clothes_situational.txt line: 1202 (clothes_situational:weight)
[12:47:01][jomini_script_system.cpp:303] [original line 1905] Script system error!
  Error: has_game_rule trigger [ Invalid database object 'show_armor_enabled' ]
  Script location: file: gfx/portraits/portrait_modifiers/05_clothes_situational.txt line: 1248 (clothes_situational:weight)
[12:47:01][jomini_trigger.cpp:243] [original line 1909] PostValidate of trigger 'has_game_rule' returned false at file: gfx/portraits/portrait_modifiers/05_clothes_situational.txt line: 1248 (clothes_situational:weight)
[12:47:01][jomini_script_system.cpp:303] [original line 1910] Script system error!
  Error: has_game_rule trigger [ Invalid database object 'show_armor_enabled' ]
  Script location: file: gfx/portraits/portrait_modifiers/05_clothes_situational.txt line: 1292 (clothes_situational:weight)
[12:47:01][jomini_trigger.cpp:243] [original line 1914] PostValidate of trigger 'has_game_rule' returned false at file: gfx/portraits/portrait_modifiers/05_clothes_situational.txt line: 1292 (clothes_situational:weight)
[12:47:01][jomini_script_system.cpp:303] [original line 1915] Script system error!
  Error: has_game_rule trigger [ Invalid database object 'show_armor_enabled' ]
  Script location: file: gfx/portraits/portrait_modifiers/05_clothes_situational.txt line: 1338 (clothes_situational:weight)
[12:47:01][jomini_trigger.cpp:243] [original line 1919] PostValidate of trigger 'has_game_rule' returned false at file: gfx/portraits/portrait_modifiers/05_clothes_situational.txt line: 1338 (clothes_situational:weight)
[12:47:01][jomini_script_system.cpp:303] [original line 1920] Script system error!
  Error: has_game_rule trigger [ Invalid database object 'show_armor_enabled' ]
  Script location: file: gfx/portraits/portrait_modifiers/05_clothes_situational.txt line: 1382 (clothes_situational:weight)
[12:47:01][jomini_trigger.cpp:243] [original line 1924] PostValidate of trigger 'has_game_rule' returned false at file: gfx/portraits/portrait_modifiers/05_clothes_situational.txt line: 1382 (clothes_situational:weight)
[12:47:01][jomini_script_system.cpp:303] [original line 1925] Script system error!
  Error: has_game_rule trigger [ Invalid database object 'show_armor_enabled' ]
  Script location: file: gfx/portraits/portrait_modifiers/05_clothes_situational.txt line: 1428 (clothes_situational:weight)
[12:47:01][jomini_trigger.cpp:243] [original line 1929] PostValidate of trigger 'has_game_rule' returned false at file: gfx/portraits/portrait_modifiers/05_clothes_situational.txt line: 1428 (clothes_situational:weight)
[12:47:01][jomini_script_system.cpp:303] [original line 1930] Script system error!
  Error: has_game_rule trigger [ Invalid database object 'show_armor_enabled' ]
  Script location: file: gfx/portraits/portrait_modifiers/05_clothes_situational.txt line: 1472 (clothes_situational:weight)
[12:47:01][jomini_trigger.cpp:243] [original line 1934] PostValidate of trigger 'has_game_rule' returned false at file: gfx/portraits/portrait_modifiers/05_clothes_situational.txt line: 1472 (clothes_situational:weight)
[12:47:01][jomini_script_system.cpp:303] [original line 1935] Script system error!
  Error: has_game_rule trigger [ Invalid database object 'show_armor_enabled' ]
  Script location: file: gfx/portraits/portrait_modifiers/05_clothes_situational.txt line: 1518 (clothes_situational:weight)
[12:47:01][jomini_trigger.cpp:243] [original line 1939] PostValidate of trigger 'has_game_rule' returned false at file: gfx/portraits/portrait_modifiers/05_clothes_situational.txt line: 1518 (clothes_situational:weight)
[12:47:01][jomini_script_system.cpp:303] [original line 1940] Script system error!
  Error: has_game_rule trigger [ Invalid database object 'show_armor_enabled' ]
  Script location: file: gfx/portraits/portrait_modifiers/05_clothes_situational.txt line: 1562 (clothes_situational:weight)
[12:47:01][jomini_trigger.cpp:243] [original line 1944] PostValidate of trigger 'has_game_rule' returned false at file: gfx/portraits/portrait_modifiers/05_clothes_situational.txt line: 1562 (clothes_situational:weight)
[12:47:01][jomini_script_system.cpp:303] [original line 1945] Script system error!
  Error: has_game_rule trigger [ Invalid database object 'show_armor_enabled' ]
  Script location: file: gfx/portraits/portrait_modifiers/05_headgear_situational.txt line: 338 (headgear_situational:weight)
[12:47:01][jomini_trigger.cpp:243] [original line 1949] PostValidate of trigger 'has_game_rule' returned false at file: gfx/portraits/portrait_modifiers/05_headgear_situational.txt line: 338 (headgear_situational:weight)
[12:47:01][jomini_script_system.cpp:303] [original line 1950] Script system error!
  Error: has_game_rule trigger [ Invalid database object 'show_armor_enabled' ]
  Script location: file: gfx/portraits/portrait_modifiers/05_headgear_situational.txt line: 395 (headgear_situational:weight)
[12:47:01][jomini_trigger.cpp:243] [original line 1954] PostValidate of trigger 'has_game_rule' returned false at file: gfx/portraits/portrait_modifiers/05_headgear_situational.txt line: 395 (headgear_situational:weight)
[12:47:01][jomini_script_system.cpp:303] [original line 1955] Script system error!
  Error: has_game_rule trigger [ Invalid database object 'show_armor_enabled' ]
  Script location: file: gfx/portraits/portrait_modifiers/05_headgear_situational.txt line: 3127 (headgear_situational:weight)
[12:47:01][jomini_trigger.cpp:243] [original line 1959] PostValidate of trigger 'has_game_rule' returned false at file: gfx/portraits/portrait_modifiers/05_headgear_situational.txt line: 3127 (headgear_situational:weight)
[12:47:01][jomini_script_system.cpp:303] [original line 1960] Script system error!
  Error: has_game_rule trigger [ Invalid database object 'show_armor_enabled' ]
  Script location: file: gfx/portraits/portrait_modifiers/05_headgear_situational.txt line: 3174 (headgear_situational:weight)
[12:47:01][jomini_trigger.cpp:243] [original line 1964] PostValidate of trigger 'has_game_rule' returned false at file: gfx/portraits/portrait_modifiers/05_headgear_situational.txt line: 3174 (headgear_situational:weight)
[12:47:01][jomini_script_system.cpp:303] [original line 1965] Script system error!
  Error: has_game_rule trigger [ Invalid database object 'show_armor_enabled' ]
  Script location: file: gfx/portraits/portrait_modifiers/05_headgear_situational.txt line: 3222 (headgear_situational:weight)
[12:47:01][jomini_trigger.cpp:243] [original line 1969] PostValidate of trigger 'has_game_rule' returned false at file: gfx/portraits/portrait_modifiers/05_headgear_situational.txt line: 3222 (headgear_situational:weight)
[12:47:01][jomini_script_system.cpp:303] [original line 1970] Script system error!
  Error: has_game_rule trigger [ Invalid database object 'show_armor_enabled' ]
  Script location: file: gfx/portraits/portrait_modifiers/05_headgear_situational.txt line: 3266 (headgear_situational:weight)
[12:47:01][jomini_trigger.cpp:243] [original line 1974] PostValidate of trigger 'has_game_rule' returned false at file: gfx/portraits/portrait_modifiers/05_headgear_situational.txt line: 3266 (headgear_situational:weight)
[12:47:01][jomini_script_system.cpp:303] [original line 1975] Script system error!
  Error: has_game_rule trigger [ Invalid database object 'show_armor_enabled' ]
  Script location: file: gfx/portraits/portrait_modifiers/05_headgear_situational.txt line: 3310 (headgear_situational:weight)
[12:47:01][jomini_trigger.cpp:243] [original line 1979] PostValidate of trigger 'has_game_rule' returned false at file: gfx/portraits/portrait_modifiers/05_headgear_situational.txt line: 3310 (headgear_situational:weight)
[12:47:01][jomini_script_system.cpp:303] [original line 1980] Script system error!
  Error: has_game_rule trigger [ Invalid database object 'show_armor_enabled' ]
  Script location: file: gfx/portraits/portrait_modifiers/05_headgear_situational.txt line: 3355 (headgear_situational:weight)
[12:47:01][jomini_trigger.cpp:243] [original line 1984] PostValidate of trigger 'has_game_rule' returned false at file: gfx/portraits/portrait_modifiers/05_headgear_situational.txt line: 3355 (headgear_situational:weight)
[12:47:01][jomini_script_system.cpp:303] [original line 1985] Script system error!
  Error: is_struggle_type trigger [ Invalid database object 'persian_struggle' ]
  Script location: file: common/character_interactions/DI_character_interaction.txt line: 1415 (DI_arrange_marriage_interaction:is_shown)
[12:47:01][jomini_trigger.cpp:243] [original line 1989] PostValidate of trigger 'is_struggle_type' returned false at file: common/character_interactions/DI_character_interaction.txt line: 1415 (DI_arrange_marriage_interaction:is_shown)
[12:47:01][jomini_script_system.cpp:303] [original line 1990] Script system error!
  Error: has_struggle_phase_parameter trigger [ Bool phase parameter 'can_trade_piety_for_marriage_acceptance' does not exist ]
  Script location: file: common/character_interactions/DI_character_interaction.txt line: 1416 (DI_arrange_marriage_interaction:is_shown)
[12:47:01][jomini_trigger.cpp:243] [original line 1994] PostValidate of trigger 'has_struggle_phase_parameter' returned false at file: common/character_interactions/DI_character_interaction.txt line: 1416 (DI_arrange_marriage_interaction:is_shown)
[12:47:01][jomini_script_system.cpp:303] [original line 1995] Script system error!
  Error: is_struggle_type trigger [ Invalid database object 'persian_struggle' ]
  Script location: file: common/character_interactions/DI_character_interaction.txt line: 1424 (DI_arrange_marriage_interaction:is_valid)
[12:47:01][jomini_trigger.cpp:243] [original line 1999] PostValidate of trigger 'is_struggle_type' returned false at file: common/character_interactions/DI_character_interaction.txt line: 1424 (DI_arrange_marriage_interaction:is_valid)
[12:47:01][jomini_script_system.cpp:303] [original line 2000] Script system error!
  Error: is_struggle_type trigger [ Invalid database object 'persian_struggle' ]
  Script location: file: common/character_interactions/DI_character_interaction.txt line: 1430 (DI_arrange_marriage_interaction:is_valid)
[12:47:01][jomini_trigger.cpp:243] [original line 2004] PostValidate of trigger 'is_struggle_type' returned false at file: common/character_interactions/DI_character_interaction.txt line: 1430 (DI_arrange_marriage_interaction:is_valid)
[12:47:01][jomini_script_system.cpp:303] [original line 2005] Script system error!
  Error: has_game_rule trigger [ Invalid database object 'agot_shatter_empires' ]
  Script location: file: common/on_action/ntc_artifacts_startdate.txt line: 128 (ntc_artifact_shattered_kingdoms)
[12:47:01][jomini_trigger.cpp:243] [original line 2009] PostValidate of trigger 'has_game_rule' returned false at file: common/on_action/ntc_artifacts_startdate.txt line: 128 (ntc_artifact_shattered_kingdoms)
[12:47:01][jomini_script_system.cpp:303] [original line 2010] Script system error!
  Error: is_in_family trigger [ Invalid database object 'rf_abrahamic' ]
  Script location: file: common/scripted_effects/DI_char_spawner_effects.txt line: 1464 (DI_char_spawner_resolve_origin_effect)
[12:47:01][jomini_trigger.cpp:243] [original line 2014] PostValidate of trigger 'is_in_family' returned false at file: common/scripted_effects/DI_char_spawner_effects.txt line: 1464 (DI_char_spawner_resolve_origin_effect)
[12:47:01][jomini_script_system.cpp:303] [original line 2015] Script system error!
  Error: is_in_family trigger [ Invalid database object 'rf_abrahamic' ]
  Script location: file: common/scripted_effects/DI_char_spawner_effects.txt line: 1466 (DI_char_spawner_resolve_origin_effect)
[12:47:01][jomini_trigger.cpp:243] [original line 2019] PostValidate of trigger 'is_in_family' returned false at file: common/scripted_effects/DI_char_spawner_effects.txt line: 1466 (DI_char_spawner_resolve_origin_effect)
[12:47:01][jomini_script_system.cpp:303] [original line 2020] Script system error!
  Error: is_in_family trigger [ Invalid database object 'rf_eastern' ]
  Script location: file: common/scripted_effects/DI_char_spawner_effects.txt line: 1470 (DI_char_spawner_resolve_origin_effect)
[12:47:01][jomini_trigger.cpp:243] [original line 2024] PostValidate of trigger 'is_in_family' returned false at file: common/scripted_effects/DI_char_spawner_effects.txt line: 1470 (DI_char_spawner_resolve_origin_effect)
[12:47:01][jomini_script_system.cpp:303] [original line 2025] Script system error!
  Error: is_in_family trigger [ Invalid database object 'rf_eastern' ]
  Script location: file: common/scripted_effects/DI_char_spawner_effects.txt line: 1472 (DI_char_spawner_resolve_origin_effect)
[12:47:01][jomini_trigger.cpp:243] [original line 2029] PostValidate of trigger 'is_in_family' returned false at file: common/scripted_effects/DI_char_spawner_effects.txt line: 1472 (DI_char_spawner_resolve_origin_effect)
[12:47:01][jomini_script_system.cpp:303] [original line 2030] Script system error!
  Error: is_in_family trigger [ Invalid database object 'rf_sinitic' ]
  Script location: file: common/scripted_effects/DI_char_spawner_effects.txt line: 1476 (DI_char_spawner_resolve_origin_effect)
[12:47:01][jomini_trigger.cpp:243] [original line 2034] PostValidate of trigger 'is_in_family' returned false at file: common/scripted_effects/DI_char_spawner_effects.txt line: 1476 (DI_char_spawner_resolve_origin_effect)
[12:47:01][jomini_script_system.cpp:303] [original line 2035] Script system error!
  Error: is_in_family trigger [ Invalid database object 'rf_sinitic' ]
  Script location: file: common/scripted_effects/DI_char_spawner_effects.txt line: 1478 (DI_char_spawner_resolve_origin_effect)
[12:47:01][jomini_trigger.cpp:243] [original line 2039] PostValidate of trigger 'is_in_family' returned false at file: common/scripted_effects/DI_char_spawner_effects.txt line: 1478 (DI_char_spawner_resolve_origin_effect)
[12:47:01][jomini_script_system.cpp:303] [original line 2040] Script system error!
  Error: is_in_family trigger [ Invalid database object 'rf_pagan' ]
  Script location: file: common/scripted_effects/DI_char_spawner_effects.txt line: 1482 (DI_char_spawner_resolve_origin_effect)
[12:47:01][jomini_trigger.cpp:243] [original line 2044] PostValidate of trigger 'is_in_family' returned false at file: common/scripted_effects/DI_char_spawner_effects.txt line: 1482 (DI_char_spawner_resolve_origin_effect)
[12:47:01][jomini_script_system.cpp:303] [original line 2045] Script system error!
  Error: is_in_family trigger [ Invalid database object 'rf_pagan' ]
  Script location: file: common/scripted_effects/DI_char_spawner_effects.txt line: 1484 (DI_char_spawner_resolve_origin_effect)
[12:47:01][jomini_trigger.cpp:243] [original line 2049] PostValidate of trigger 'is_in_family' returned false at file: common/scripted_effects/DI_char_spawner_effects.txt line: 1484 (DI_char_spawner_resolve_origin_effect)
[12:47:01][jomini_script_system.cpp:303] [original line 2050] Script system error!
  Error: has_cultural_parameter trigger [ Bool culture parameter 'can_build_quarries_in_hills' does not exist ]
  Script location: file: common/scripted_triggers/cowagot_building_requirement_triggers.txt line: 12 (building_quarries_requirement_terrain)
[12:47:01][jomini_trigger.cpp:243] [original line 2054] PostValidate of trigger 'has_cultural_parameter' returned false at file: common/scripted_triggers/cowagot_building_requirement_triggers.txt line: 12 (building_quarries_requirement_terrain)
[12:47:01][jomini_script_system.cpp:303] [original line 2055] Script system error!
  Error: has_game_rule trigger [ Invalid database object 'tgc_enabled_enabled' ]
  Script location: file: common/scripted_triggers/tgc_loaded_trigger.txt line: 11 (tgc_standard_equipment_trigger)
[12:47:01][jomini_trigger.cpp:243] [original line 2059] PostValidate of trigger 'has_game_rule' returned false at file: common/scripted_triggers/tgc_loaded_trigger.txt line: 11 (tgc_standard_equipment_trigger)
[12:47:01][jomini_script_system.cpp:303] [original line 2060] Script system error!
  Error: has_game_rule trigger [ Invalid database object 'tgc_enabled_enabled' ]
  Script location: file: common/scripted_triggers/tgc_loaded_trigger.txt line: 59 (tgc_captain_equipment_trigger)
[12:47:01][jomini_trigger.cpp:243] [original line 2064] PostValidate of trigger 'has_game_rule' returned false at file: common/scripted_triggers/tgc_loaded_trigger.txt line: 59 (tgc_captain_equipment_trigger)
[12:47:01][jomini_script_system.cpp:303] [original line 2065] Script system error!
  Error: has_game_rule trigger [ Invalid database object 'tgc_enabled_enabled' ]
  Script location: file: common/scripted_triggers/tgc_loaded_trigger.txt line: 94 (tgc_blackfyre_or_targ_equipment_trigger)
[12:47:01][jomini_trigger.cpp:243] [original line 2069] PostValidate of trigger 'has_game_rule' returned false at file: common/scripted_triggers/tgc_loaded_trigger.txt line: 94 (tgc_blackfyre_or_targ_equipment_trigger)
[12:47:01][jomini_script_system.cpp:303] [original line 2070] Script system error!
  Error: has_game_rule trigger [ Invalid database object 'tgc_blackfyre_enabled' ]
  Script location: file: common/scripted_triggers/tgc_loaded_trigger.txt line: 104 (tgc_blackfyre_equipment_trigger)
[12:47:01][jomini_trigger.cpp:243] [original line 2074] PostValidate of trigger 'has_game_rule' returned false at file: common/scripted_triggers/tgc_loaded_trigger.txt line: 104 (tgc_blackfyre_equipment_trigger)
[12:47:01][jomini_script_system.cpp:303] [original line 2075] Script system error!
  Error: has_game_rule trigger [ Invalid database object 'tgc_faegon_enabled' ]
  Script location: file: common/scripted_triggers/tgc_loaded_trigger.txt line: 120 (tgc_blackfyre_equipment_trigger)
[12:47:01][jomini_trigger.cpp:243] [original line 2079] PostValidate of trigger 'has_game_rule' returned false at file: common/scripted_triggers/tgc_loaded_trigger.txt line: 120 (tgc_blackfyre_equipment_trigger)
[12:47:01][jomini_script_system.cpp:303] [original line 2080] Script system error!
  Error: has_game_rule trigger [ Invalid database object 'tgc_faegon_enabled' ]
  Script location: file: common/scripted_triggers/tgc_loaded_trigger.txt line: 140 (tgc_targaryen_equipment_trigger)
[12:47:01][jomini_trigger.cpp:243] [original line 2084] PostValidate of trigger 'has_game_rule' returned false at file: common/scripted_triggers/tgc_loaded_trigger.txt line: 140 (tgc_targaryen_equipment_trigger)
[12:47:01][jomini_script_system.cpp:303] [original line 2085] Script system error!
  Error: has_game_rule trigger [ Invalid database object 'tgc_enabled_enabled' ]
  Script location: file: common/scripted_triggers/tgc_loaded_trigger.txt line: 163 (tgc_blackfyre_house_equipment_trigger)
[12:47:01][jomini_trigger.cpp:243] [original line 2089] PostValidate of trigger 'has_game_rule' returned false at file: common/scripted_triggers/tgc_loaded_trigger.txt line: 163 (tgc_blackfyre_house_equipment_trigger)
[12:47:01][jomini_script_system.cpp:303] [original line 2090] Script system error!
  Error: has_game_rule trigger [ Invalid database object 'tgc_blackfyre_enabled' ]
  Script location: file: common/scripted_triggers/tgc_loaded_trigger.txt line: 164 (tgc_blackfyre_house_equipment_trigger)
[12:47:01][jomini_trigger.cpp:243] [original line 2094] PostValidate of trigger 'has_game_rule' returned false at file: common/scripted_triggers/tgc_loaded_trigger.txt line: 164 (tgc_blackfyre_house_equipment_trigger)
[12:47:01][jomini_effect.cpp:1161] [original line 2095] Flag 'settlement_holding' is used but is never set. Setting it in an unused scripted trigger or effect does not count
[12:47:01][jomini_effect.cpp:1161] [original line 2096] Flag 'roland_crown' is used but is never set. Setting it in an unused scripted trigger or effect does not count
[12:47:01][jomini_effect.cpp:1161] [original line 2097] Flag 'monastery_holding' is used but is never set. Setting it in an unused scripted trigger or effect does not count
[12:47:01][jomini_effect.cpp:1161] [original line 2098] Flag 'ruin_holding' is used but is never set. Setting it in an unused scripted trigger or effect does not count
[12:47:01][jomini_effect.cpp:1161] [original line 2099] Flag 'highlight_special_buildings_map' is used but is never set. Setting it in an unused scripted trigger or effect does not count
[12:47:01][jomini_effect.cpp:1161] [original line 2100] Flag 'pirate_den_holding' is used but is never set. Setting it in an unused scripted trigger or effect does not count
[12:47:01][jomini_effect.cpp:1161] [original line 2101] Flag 'unknown_holding' is used but is never set. Setting it in an unused scripted trigger or effect does not count
[12:47:01][jomini_effect.cpp:1161] [original line 2102] Flag 'iceFire' is used but is never set. Setting it in an unused scripted trigger or effect does not count
[12:47:01][jomini_effect.cpp:1161] [original line 2103] Flag 'wilderness_holding' is used but is never set. Setting it in an unused scripted trigger or effect does not count
[12:47:01][jomini_effect.cpp:1161] [original line 2104] Flag 'blackDarkRed' is used but is never set. Setting it in an unused scripted trigger or effect does not count
[12:47:01][jomini_effect.cpp:1145] [original line 2105] Flag 'DI_subtype_throne' is set but is never used. Note that use in localization doesn't count due to technical limitations. Use in unused scripted triggers and effects also does not count
[12:47:01][jomini_effect.cpp:1145] [original line 2106] Flag 'highlight_cow_provinces_map' is set but is never used. Note that use in localization doesn't count due to technical limitations. Use in unused scripted triggers and effects also does not count
[12:47:01][jomini_effect.cpp:1145] [original line 2107] Flag 'all_found' is set but is never used. Note that use in localization doesn't count due to technical limitations. Use in unused scripted triggers and effects also does not count
[12:47:01][jomini_effect.cpp:1145] [original line 2108] Flag 'global' is set but is never used. Note that use in localization doesn't count due to technical limitations. Use in unused scripted triggers and effects also does not count
[12:47:01][jomini_effect.cpp:1161] [original line 2109] Variable 'highlight_cow_provinces_map' is used but is never set. Setting it in an unused scripted trigger or effect does not count
[12:47:01][jomini_effect.cpp:1161] [original line 2110] Variable 'tgc_enabled' is used but is never set. Setting it in an unused scripted trigger or effect does not count
[12:47:01][jomini_effect.cpp:1161] [original line 2111] Variable 'darksister' is used but is never set. Setting it in an unused scripted trigger or effect does not count
[12:47:01][jomini_effect.cpp:1161] [original line 2112] Variable 'Aotk_enabled' is used but is never set. Setting it in an unused scripted trigger or effect does not count
[12:47:01][jomini_effect.cpp:1161] [original line 2113] Variable 'app_enabled' is used but is never set. Setting it in an unused scripted trigger or effect does not count
[12:47:01][jomini_effect.cpp:1161] [original line 2114] Variable 'kingsguard_choice' is used but is never set. Setting it in an unused scripted trigger or effect does not count
[12:47:01][jomini_effect.cpp:1161] [original line 2115] Variable 'swordman_armor_artifact' is used but is never set. Setting it in an unused scripted trigger or effect does not count
[12:47:01][jomini_effect.cpp:1161] [original line 2116] Variable 'is_baratheon_6' is used but is never set. Setting it in an unused scripted trigger or effect does not count
[12:47:01][jomini_effect.cpp:1161] [original line 2117] Variable 'blackfyre' is used but is never set. Setting it in an unused scripted trigger or effect does not count
[12:47:01][jomini_effect.cpp:1161] [original line 2118] Variable 'brightboar_enabled' is used but is never set. Setting it in an unused scripted trigger or effect does not count
[12:47:01][jomini_effect.cpp:1161] [original line 2119] Variable 'captains_sword' is used but is never set. Setting it in an unused scripted trigger or effect does not count
[12:47:01][jomini_effect.cpp:1161] [original line 2120] Variable 'maekars_crown' is used but is never set. Setting it in an unused scripted trigger or effect does not count
[12:47:01][jomini_effect.cpp:1161] [original line 2121] Variable 'seafoam' is used but is never set. Setting it in an unused scripted trigger or effect does not count
[12:47:01][jomini_effect.cpp:1161] [original line 2122] Variable 'crown_aegon_baelor_artifact' is used but is never set. Setting it in an unused scripted trigger or effect does not count
[12:47:01][jomini_effect.cpp:1161] [original line 2123] Variable 'is_Durrandon_51' is used but is never set. Setting it in an unused scripted trigger or effect does not count
[12:47:01][jomini_effect.cpp:1145] [original line 2124] Variable 'DI_artifact_subtype_display' is set but is never used. Note that use in localization doesn't count due to technical limitations. Use in unused scripted triggers and effects also does not count
[12:47:01][jomini_effect.cpp:1145] [original line 2125] Variable 'DI_artifact_category_display' is set but is never used. Note that use in localization doesn't count due to technical limitations. Use in unused scripted triggers and effects also does not count
[12:47:01][jomini_effect.cpp:1145] [original line 2126] Variable 'COWAGOT_is_loaded' is set but is never used. Note that use in localization doesn't count due to technical limitations. Use in unused scripted triggers and effects also does not count
[12:47:01][jomini_effect.cpp:1145] [original line 2127] Variable 'seafoam_artifact' is set but is never used. Note that use in localization doesn't count due to technical limitations. Use in unused scripted triggers and effects also does not count
[12:47:01][jomini_effect.cpp:1145] [original line 2128] Variable 'DI_artifact_quality_display' is set but is never used. Note that use in localization doesn't count due to technical limitations. Use in unused scripted triggers and effects also does not count
[12:47:01][jomini_effect.cpp:1145] [original line 2129] Variable 'blackfyre_artifact' is set but is never used. Note that use in localization doesn't count due to technical limitations. Use in unused scripted triggers and effects also does not count
[12:47:01][jomini_effect.cpp:1145] [original line 2130] Variable 'pincer_artifact' is set but is never used. Note that use in localization doesn't count due to technical limitations. Use in unused scripted triggers and effects also does not count
[12:47:01][static_modifier.cpp:200] [original line 2131] Modifier 'lucerys_gun_modifier' was not used by the script or code but exists in the database, this is a waste
[12:47:01][static_modifier.cpp:200] [original line 2132] Modifier 'artifact_monthly_piety_negative_1_modifier' was not used by the script or code but exists in the database, this is a waste
[12:47:01][static_modifier.cpp:200] [original line 2133] Modifier 'artifact_monthly_martial_lifestyle_xp_1_negative_modifier' was not used by the script or code but exists in the database, this is a waste
[12:47:01][static_modifier.cpp:200] [original line 2134] Modifier 'asoiaf_oathkeeper_modifier' was not used by the script or code but exists in the database, this is a waste
[12:47:01][static_modifier.cpp:200] [original line 2135] Modifier 'asoiaf_stark_throne_modifier' was not used by the script or code but exists in the database, this is a waste
[12:47:01][static_modifier.cpp:200] [original line 2136] Modifier 'asoiaf_Karstark_4_modifier' was not used by the script or code but exists in the database, this is a waste
[12:47:02][portraitanimations.cpp:110] [original line 2137] Unknown animation state 'throneRoom_twoHandedPassiveFat1_entry' scripted for portrait animation 'valyrian_invasion_vs_spear_1_1' in modifier 'throneRoom_two_handed_passive_1_fat' (part 'torso', type 'male')
[12:47:02][portraitanimations.cpp:110] [original line 2138] Unknown animation state 'throneRoom_twoHandedPassiveFat1_entry' scripted for portrait animation 'valyrian_invasion_vs_spear_1_1' in modifier 'throneRoom_two_handed_passive_1_dwarf' (part 'torso', type 'male')
[12:47:02][portraitanimations.cpp:110] [original line 2139] Unknown animation state 'throneRoom_twoHandedPassiveFatDwarf1_entry' scripted for portrait animation 'valyrian_invasion_vs_spear_1_1' in modifier 'throneRoom_two_handed_passive_1_fat_dwarf' (part 'torso', type 'male')
[12:47:02][portraitanimations.cpp:110] [original line 2140] Unknown animation state 'throneRoom_twoHandedPassiveFatDwarf1_entry' scripted for portrait animation 'valyrian_invasion_vs_spear_1_1' in modifier 'throneRoom_two_handed_passive_1_pregnant' (part 'torso', type 'male')
[12:47:02][portraitanimations.cpp:110] [original line 2141] Unknown animation state 'throneRoom_twoHandedPassiveFatDwarf1_entry' scripted for portrait animation 'valyrian_invasion_vs_spear_1_1' in modifier 'throneRoom_two_handed_passive_1_pregnant_dwarf' (part 'torso', type 'male')
[12:47:02][portraitanimations.cpp:110] [original line 2142] Unknown animation state 'throneRoom_twoHandedPassiveFatDwarf1_entry' scripted for portrait animation 'valyrian_invasion_vs_spear_1_1' in modifier 'throneRoom_two_handed_passive_1_pregnant_fat_dwarf' (part 'torso', type 'male')
[12:47:02][portraitanimations.cpp:110] [original line 2143] Unknown animation state 'throneRoom_twoHandedPassiveFat1_entry' scripted for portrait animation 'valyrian_invasion_vs_spear_1_1' in modifier 'throneRoom_two_handed_passive_1_fat' (part 'torso', type 'female')
[12:47:02][portraitanimations.cpp:110] [original line 2144] Unknown animation state 'throneRoom_twoHandedPassiveFat1_entry' scripted for portrait animation 'valyrian_invasion_vs_spear_1_1' in modifier 'throneRoom_two_handed_passive_1_dwarf' (part 'torso', type 'female')
[12:47:02][portraitanimations.cpp:110] [original line 2145] Unknown animation state 'throneRoom_twoHandedPassiveFatDwarf1_entry' scripted for portrait animation 'valyrian_invasion_vs_spear_1_1' in modifier 'throneRoom_two_handed_passive_1_fat_dwarf' (part 'torso', type 'female')
[12:47:02][portraitanimations.cpp:110] [original line 2146] Unknown animation state 'throneRoom_twoHandedPassiveFatDwarf1_entry' scripted for portrait animation 'valyrian_invasion_vs_spear_1_1' in modifier 'throneRoom_two_handed_passive_1_pregnant' (part 'torso', type 'female')
[12:47:02][portraitanimations.cpp:110] [original line 2147] Unknown animation state 'throneRoom_twoHandedPassiveFatDwarf1_entry' scripted for portrait animation 'valyrian_invasion_vs_spear_1_1' in modifier 'throneRoom_two_handed_passive_1_pregnant_dwarf' (part 'torso', type 'female')
[12:47:02][portraitanimations.cpp:110] [original line 2148] Unknown animation state 'throneRoom_twoHandedPassiveFatDwarf1_entry' scripted for portrait animation 'valyrian_invasion_vs_spear_1_1' in modifier 'throneRoom_two_handed_passive_1_pregnant_fat_dwarf' (part 'torso', type 'female')
[12:47:02][portraitanimations.cpp:110] [original line 2149] Unknown animation state 'throneRoom_twoHandedPassiveFat1_entry' scripted for portrait animation 'valyrian_invasion_vs_spear_1_1' in modifier 'throneRoom_two_handed_passive_1_fat' (part 'torso', type 'boy')
[12:47:02][portraitanimations.cpp:110] [original line 2150] Unknown animation state 'throneRoom_twoHandedPassiveFat1_entry' scripted for portrait animation 'valyrian_invasion_vs_spear_1_1' in modifier 'throneRoom_two_handed_passive_1_dwarf' (part 'torso', type 'boy')
[12:47:02][portraitanimations.cpp:110] [original line 2151] Unknown animation state 'throneRoom_twoHandedPassiveFatDwarf1_entry' scripted for portrait animation 'valyrian_invasion_vs_spear_1_1' in modifier 'throneRoom_two_handed_passive_1_fat_dwarf' (part 'torso', type 'boy')
[12:47:02][portraitanimations.cpp:110] [original line 2152] Unknown animation state 'throneRoom_twoHandedPassiveFatDwarf1_entry' scripted for portrait animation 'valyrian_invasion_vs_spear_1_1' in modifier 'throneRoom_two_handed_passive_1_pregnant' (part 'torso', type 'boy')
[12:47:02][portraitanimations.cpp:110] [original line 2153] Unknown animation state 'throneRoom_twoHandedPassiveFatDwarf1_entry' scripted for portrait animation 'valyrian_invasion_vs_spear_1_1' in modifier 'throneRoom_two_handed_passive_1_pregnant_dwarf' (part 'torso', type 'boy')
[12:47:02][portraitanimations.cpp:110] [original line 2154] Unknown animation state 'throneRoom_twoHandedPassiveFatDwarf1_entry' scripted for portrait animation 'valyrian_invasion_vs_spear_1_1' in modifier 'throneRoom_two_handed_passive_1_pregnant_fat_dwarf' (part 'torso', type 'boy')
[12:47:02][portraitanimations.cpp:110] [original line 2155] Unknown animation state 'throneRoom_twoHandedPassiveFat1_entry' scripted for portrait animation 'valyrian_invasion_vs_spear_1_1' in modifier 'throneRoom_two_handed_passive_1_fat' (part 'torso', type 'girl')
[12:47:02][portraitanimations.cpp:110] [original line 2156] Unknown animation state 'throneRoom_twoHandedPassiveFat1_entry' scripted for portrait animation 'valyrian_invasion_vs_spear_1_1' in modifier 'throneRoom_two_handed_passive_1_dwarf' (part 'torso', type 'girl')
[12:47:02][portraitanimations.cpp:110] [original line 2157] Unknown animation state 'throneRoom_twoHandedPassiveFatDwarf1_entry' scripted for portrait animation 'valyrian_invasion_vs_spear_1_1' in modifier 'throneRoom_two_handed_passive_1_fat_dwarf' (part 'torso', type 'girl')
[12:47:02][portraitanimations.cpp:110] [original line 2158] Unknown animation state 'throneRoom_twoHandedPassiveFatDwarf1_entry' scripted for portrait animation 'valyrian_invasion_vs_spear_1_1' in modifier 'throneRoom_two_handed_passive_1_pregnant' (part 'torso', type 'girl')
[12:47:02][portraitanimations.cpp:110] [original line 2159] Unknown animation state 'throneRoom_twoHandedPassiveFatDwarf1_entry' scripted for portrait animation 'valyrian_invasion_vs_spear_1_1' in modifier 'throneRoom_two_handed_passive_1_pregnant_dwarf' (part 'torso', type 'girl')
[12:47:02][portraitanimations.cpp:110] [original line 2160] Unknown animation state 'throneRoom_twoHandedPassiveFatDwarf1_entry' scripted for portrait animation 'valyrian_invasion_vs_spear_1_1' in modifier 'throneRoom_two_handed_passive_1_pregnant_fat_dwarf' (part 'torso', type 'girl')
[12:47:02][portraitanimations.cpp:110] [original line 2161] Unknown animation state 'throneRoom_twoHandedPassiveFat1_entry' scripted for portrait animation 'valyrian_invasion_vs_halberd_1' in modifier 'throneRoom_two_handed_passive_1_fat' (part 'torso', type 'male')
[12:47:02][portraitanimations.cpp:110] [original line 2162] Unknown animation state 'throneRoom_twoHandedPassiveFat1_entry' scripted for portrait animation 'valyrian_invasion_vs_halberd_1' in modifier 'throneRoom_two_handed_passive_1_dwarf' (part 'torso', type 'male')
[12:47:02][portraitanimations.cpp:110] [original line 2163] Unknown animation state 'throneRoom_twoHandedPassiveFatDwarf1_entry' scripted for portrait animation 'valyrian_invasion_vs_halberd_1' in modifier 'throneRoom_two_handed_passive_1_fat_dwarf' (part 'torso', type 'male')
[12:47:02][portraitanimations.cpp:110] [original line 2164] Unknown animation state 'throneRoom_twoHandedPassiveFatDwarf1_entry' scripted for portrait animation 'valyrian_invasion_vs_halberd_1' in modifier 'throneRoom_two_handed_passive_1_pregnant' (part 'torso', type 'male')
[12:47:02][portraitanimations.cpp:110] [original line 2165] Unknown animation state 'throneRoom_twoHandedPassiveFatDwarf1_entry' scripted for portrait animation 'valyrian_invasion_vs_halberd_1' in modifier 'throneRoom_two_handed_passive_1_pregnant_dwarf' (part 'torso', type 'male')
[12:47:02][portraitanimations.cpp:110] [original line 2166] Unknown animation state 'throneRoom_twoHandedPassiveFatDwarf1_entry' scripted for portrait animation 'valyrian_invasion_vs_halberd_1' in modifier 'throneRoom_two_handed_passive_1_pregnant_fat_dwarf' (part 'torso', type 'male')
[12:47:02][portraitanimations.cpp:110] [original line 2167] Unknown animation state 'throneRoom_twoHandedPassiveFat1_entry' scripted for portrait animation 'valyrian_invasion_vs_halberd_1' in modifier 'throneRoom_two_handed_passive_1_fat' (part 'torso', type 'female')
[12:47:02][portraitanimations.cpp:110] [original line 2168] Unknown animation state 'throneRoom_twoHandedPassiveFat1_entry' scripted for portrait animation 'valyrian_invasion_vs_halberd_1' in modifier 'throneRoom_two_handed_passive_1_dwarf' (part 'torso', type 'female')
[12:47:02][portraitanimations.cpp:110] [original line 2169] Unknown animation state 'throneRoom_twoHandedPassiveFatDwarf1_entry' scripted for portrait animation 'valyrian_invasion_vs_halberd_1' in modifier 'throneRoom_two_handed_passive_1_fat_dwarf' (part 'torso', type 'female')
[12:47:02][portraitanimations.cpp:110] [original line 2170] Unknown animation state 'throneRoom_twoHandedPassiveFatDwarf1_entry' scripted for portrait animation 'valyrian_invasion_vs_halberd_1' in modifier 'throneRoom_two_handed_passive_1_pregnant' (part 'torso', type 'female')
[12:47:02][portraitanimations.cpp:110] [original line 2171] Unknown animation state 'throneRoom_twoHandedPassiveFatDwarf1_entry' scripted for portrait animation 'valyrian_invasion_vs_halberd_1' in modifier 'throneRoom_two_handed_passive_1_pregnant_dwarf' (part 'torso', type 'female')
[12:47:02][portraitanimations.cpp:110] [original line 2172] Unknown animation state 'throneRoom_twoHandedPassiveFatDwarf1_entry' scripted for portrait animation 'valyrian_invasion_vs_halberd_1' in modifier 'throneRoom_two_handed_passive_1_pregnant_fat_dwarf' (part 'torso', type 'female')
[12:47:02][portraitanimations.cpp:110] [original line 2173] Unknown animation state 'throneRoom_twoHandedPassiveFat1_entry' scripted for portrait animation 'valyrian_invasion_vs_halberd_1' in modifier 'throneRoom_two_handed_passive_1_fat' (part 'torso', type 'boy')
[12:47:02][portraitanimations.cpp:110] [original line 2174] Unknown animation state 'throneRoom_twoHandedPassiveFat1_entry' scripted for portrait animation 'valyrian_invasion_vs_halberd_1' in modifier 'throneRoom_two_handed_passive_1_dwarf' (part 'torso', type 'boy')
[12:47:02][portraitanimations.cpp:110] [original line 2175] Unknown animation state 'throneRoom_twoHandedPassiveFatDwarf1_entry' scripted for portrait animation 'valyrian_invasion_vs_halberd_1' in modifier 'throneRoom_two_handed_passive_1_fat_dwarf' (part 'torso', type 'boy')
[12:47:02][portraitanimations.cpp:110] [original line 2176] Unknown animation state 'throneRoom_twoHandedPassiveFatDwarf1_entry' scripted for portrait animation 'valyrian_invasion_vs_halberd_1' in modifier 'throneRoom_two_handed_passive_1_pregnant' (part 'torso', type 'boy')
[12:47:02][portraitanimations.cpp:110] [original line 2177] Unknown animation state 'throneRoom_twoHandedPassiveFatDwarf1_entry' scripted for portrait animation 'valyrian_invasion_vs_halberd_1' in modifier 'throneRoom_two_handed_passive_1_pregnant_dwarf' (part 'torso', type 'boy')
[12:47:02][portraitanimations.cpp:110] [original line 2178] Unknown animation state 'throneRoom_twoHandedPassiveFatDwarf1_entry' scripted for portrait animation 'valyrian_invasion_vs_halberd_1' in modifier 'throneRoom_two_handed_passive_1_pregnant_fat_dwarf' (part 'torso', type 'boy')
[12:47:02][portraitanimations.cpp:110] [original line 2179] Unknown animation state 'throneRoom_twoHandedPassiveFat1_entry' scripted for portrait animation 'valyrian_invasion_vs_halberd_1' in modifier 'throneRoom_two_handed_passive_1_fat' (part 'torso', type 'girl')
[12:47:02][portraitanimations.cpp:110] [original line 2180] Unknown animation state 'throneRoom_twoHandedPassiveFat1_entry' scripted for portrait animation 'valyrian_invasion_vs_halberd_1' in modifier 'throneRoom_two_handed_passive_1_dwarf' (part 'torso', type 'girl')
[12:47:02][portraitanimations.cpp:110] [original line 2181] Unknown animation state 'throneRoom_twoHandedPassiveFatDwarf1_entry' scripted for portrait animation 'valyrian_invasion_vs_halberd_1' in modifier 'throneRoom_two_handed_passive_1_fat_dwarf' (part 'torso', type 'girl')
[12:47:02][portraitanimations.cpp:110] [original line 2182] Unknown animation state 'throneRoom_twoHandedPassiveFatDwarf1_entry' scripted for portrait animation 'valyrian_invasion_vs_halberd_1' in modifier 'throneRoom_two_handed_passive_1_pregnant' (part 'torso', type 'girl')
[12:47:02][portraitanimations.cpp:110] [original line 2183] Unknown animation state 'throneRoom_twoHandedPassiveFatDwarf1_entry' scripted for portrait animation 'valyrian_invasion_vs_halberd_1' in modifier 'throneRoom_two_handed_passive_1_pregnant_dwarf' (part 'torso', type 'girl')
[12:47:02][portraitanimations.cpp:110] [original line 2184] Unknown animation state 'throneRoom_twoHandedPassiveFatDwarf1_entry' scripted for portrait animation 'valyrian_invasion_vs_halberd_1' in modifier 'throneRoom_two_handed_passive_1_pregnant_fat_dwarf' (part 'torso', type 'girl')
[12:47:03][game_icons.cpp:746] [original line 2185] file gfx/interface/icons/building_types/icon_building_ten_towers.dds doesn't exist, referenced from building 'agot_ten_towers_01'
[12:47:03][game_icons.cpp:746] [original line 2186] file gfx/interface/icons/building_types/icon_riverrun.dds doesn't exist, referenced from building 'oldstones_old_final'
[12:47:03][game_icons.cpp:746] [original line 2187] file gfx/interface/icons/building_types/icon_riverrun.dds doesn't exist, referenced from building 'oldstones_old_new'
[12:47:03][game_icons.cpp:746] [original line 2188] file gfx/interface/icons/building_types/icon_riverrun.dds doesn't exist, referenced from building 'oldstones_restored_final'
[12:47:04][jomini_eventmanager.cpp:372] [original line 2189] Event buy_valyrian_mask.0001 is orphaned
[12:47:04][jomini_eventmanager.cpp:372] [original line 2190] Event asoiaf_mega_war_events.0001 is orphaned
[12:47:04][jomini_eventmanager.cpp:372] [original line 2191] Event asoiaf_young_griff_landing_events.2 is orphaned
[12:47:05][pdx_assert.cpp:619] [original line 2192] Assertion failed: Achievements not loaded correctly
[12:47:05][databases.h:36] [original line 2193] Key rf_valyrian not found at Database: common/religion/religion_family_types
[12:47:05][databases.h:36] [original line 2194] Key tgp_minister_recruit_courtiers_decision not found at Database: common/decisions
[12:47:06][jomini_effect.cpp:1161] [original line 2195] Flag 'settlement_holding' is used but is never set. Setting it in an unused scripted trigger or effect does not count
[12:47:06][jomini_effect.cpp:1161] [original line 2196] Flag 'roland_crown' is used but is never set. Setting it in an unused scripted trigger or effect does not count
[12:47:06][jomini_effect.cpp:1161] [original line 2197] Flag 'monastery_holding' is used but is never set. Setting it in an unused scripted trigger or effect does not count
[12:47:06][jomini_effect.cpp:1161] [original line 2198] Flag 'ruin_holding' is used but is never set. Setting it in an unused scripted trigger or effect does not count
[12:47:06][jomini_effect.cpp:1161] [original line 2199] Flag 'highlight_special_buildings_map' is used but is never set. Setting it in an unused scripted trigger or effect does not count
[12:47:06][jomini_effect.cpp:1161] [original line 2200] Flag 'pirate_den_holding' is used but is never set. Setting it in an unused scripted trigger or effect does not count
[12:47:06][jomini_effect.cpp:1161] [original line 2201] Flag 'unknown_holding' is used but is never set. Setting it in an unused scripted trigger or effect does not count
[12:47:06][jomini_effect.cpp:1161] [original line 2202] Flag 'iceFire' is used but is never set. Setting it in an unused scripted trigger or effect does not count
[12:47:06][jomini_effect.cpp:1161] [original line 2203] Flag 'wilderness_holding' is used but is never set. Setting it in an unused scripted trigger or effect does not count
[12:47:06][jomini_effect.cpp:1161] [original line 2204] Flag 'blackDarkRed' is used but is never set. Setting it in an unused scripted trigger or effect does not count
[12:47:06][jomini_effect.cpp:1145] [original line 2205] Flag 'DI_subtype_throne' is set but is never used. Note that use in localization doesn't count due to technical limitations. Use in unused scripted triggers and effects also does not count
[12:47:06][jomini_effect.cpp:1145] [original line 2206] Flag 'highlight_cow_provinces_map' is set but is never used. Note that use in localization doesn't count due to technical limitations. Use in unused scripted triggers and effects also does not count
[12:47:06][jomini_effect.cpp:1145] [original line 2207] Flag 'all_found' is set but is never used. Note that use in localization doesn't count due to technical limitations. Use in unused scripted triggers and effects also does not count
[12:47:06][jomini_effect.cpp:1145] [original line 2208] Flag 'global' is set but is never used. Note that use in localization doesn't count due to technical limitations. Use in unused scripted triggers and effects also does not count
[12:47:06][jomini_effect.cpp:1161] [original line 2209] Variable 'highlight_cow_provinces_map' is used but is never set. Setting it in an unused scripted trigger or effect does not count
[12:47:06][jomini_effect.cpp:1161] [original line 2210] Variable 'tgc_enabled' is used but is never set. Setting it in an unused scripted trigger or effect does not count
[12:47:06][jomini_effect.cpp:1161] [original line 2211] Variable 'darksister' is used but is never set. Setting it in an unused scripted trigger or effect does not count
[12:47:06][jomini_effect.cpp:1161] [original line 2212] Variable 'Aotk_enabled' is used but is never set. Setting it in an unused scripted trigger or effect does not count
[12:47:06][jomini_effect.cpp:1161] [original line 2213] Variable 'app_enabled' is used but is never set. Setting it in an unused scripted trigger or effect does not count
[12:47:06][jomini_effect.cpp:1161] [original line 2214] Variable 'kingsguard_choice' is used but is never set. Setting it in an unused scripted trigger or effect does not count
[12:47:06][jomini_effect.cpp:1161] [original line 2215] Variable 'swordman_armor_artifact' is used but is never set. Setting it in an unused scripted trigger or effect does not count
[12:47:06][jomini_effect.cpp:1161] [original line 2216] Variable 'is_baratheon_6' is used but is never set. Setting it in an unused scripted trigger or effect does not count
[12:47:06][jomini_effect.cpp:1161] [original line 2217] Variable 'blackfyre' is used but is never set. Setting it in an unused scripted trigger or effect does not count
[12:47:06][jomini_effect.cpp:1161] [original line 2218] Variable 'brightboar_enabled' is used but is never set. Setting it in an unused scripted trigger or effect does not count
[12:47:06][jomini_effect.cpp:1161] [original line 2219] Variable 'captains_sword' is used but is never set. Setting it in an unused scripted trigger or effect does not count
[12:47:06][jomini_effect.cpp:1161] [original line 2220] Variable 'maekars_crown' is used but is never set. Setting it in an unused scripted trigger or effect does not count
[12:47:06][jomini_effect.cpp:1161] [original line 2221] Variable 'seafoam' is used but is never set. Setting it in an unused scripted trigger or effect does not count
[12:47:06][jomini_effect.cpp:1161] [original line 2222] Variable 'crown_aegon_baelor_artifact' is used but is never set. Setting it in an unused scripted trigger or effect does not count
[12:47:06][jomini_effect.cpp:1161] [original line 2223] Variable 'is_Durrandon_51' is used but is never set. Setting it in an unused scripted trigger or effect does not count
[12:47:06][jomini_effect.cpp:1145] [original line 2224] Variable 'DI_artifact_subtype_display' is set but is never used. Note that use in localization doesn't count due to technical limitations. Use in unused scripted triggers and effects also does not count
[12:47:06][jomini_effect.cpp:1145] [original line 2225] Variable 'DI_artifact_category_display' is set but is never used. Note that use in localization doesn't count due to technical limitations. Use in unused scripted triggers and effects also does not count
[12:47:06][jomini_effect.cpp:1145] [original line 2226] Variable 'COWAGOT_is_loaded' is set but is never used. Note that use in localization doesn't count due to technical limitations. Use in unused scripted triggers and effects also does not count
[12:47:06][jomini_effect.cpp:1145] [original line 2227] Variable 'seafoam_artifact' is set but is never used. Note that use in localization doesn't count due to technical limitations. Use in unused scripted triggers and effects also does not count
[12:47:06][jomini_effect.cpp:1145] [original line 2228] Variable 'DI_artifact_quality_display' is set but is never used. Note that use in localization doesn't count due to technical limitations. Use in unused scripted triggers and effects also does not count
[12:47:06][jomini_effect.cpp:1145] [original line 2229] Variable 'blackfyre_artifact' is set but is never used. Note that use in localization doesn't count due to technical limitations. Use in unused scripted triggers and effects also does not count
[12:47:06][jomini_effect.cpp:1145] [original line 2230] Variable 'pincer_artifact' is set but is never used. Note that use in localization doesn't count due to technical limitations. Use in unused scripted triggers and effects also does not count
[12:47:06][history.cpp:644] [original line 2231] Referencing non-existent character in script link character:Gardener_75
[12:47:06][history.cpp:644] [original line 2232] Referencing non-existent character in script link character:Gardener_75
[12:47:06][history.cpp:644] [original line 2233] Referencing non-existent character in script link character:Dormund_1
[12:47:06][history.cpp:644] [original line 2234] Referencing non-existent character in script link character:Dormund_1
[12:47:06][history.cpp:644] [original line 2235] Referencing non-existent character in script link character:Broome_rs_54
[12:47:06][history.cpp:644] [original line 2236] Referencing non-existent character in script link character:Dormund_1
[12:47:06][history.cpp:644] [original line 2237] Referencing non-existent character in script link character:Dormund_1
[12:47:06][history.cpp:644] [original line 2238] Referencing non-existent character in script link character:Hotah_rs_2
[12:47:06][history.cpp:644] [original line 2239] Referencing non-existent character in script link character:Hotah_rs_2
[12:47:06][history.cpp:644] [original line 2240] Referencing non-existent character in script link character:asoiaf_Targaryen_61_1
[12:47:06][history.cpp:644] [original line 2241] Referencing non-existent character in script link character:asoiaf_Targaryen_61_1
[12:47:06][history.cpp:644] [original line 2242] Referencing non-existent character in script link character:Targaryen_61_1
[12:47:06][history.cpp:644] [original line 2243] Referencing non-existent character in script link character:Targaryen_61_1
[12:47:06][history.cpp:644] [original line 2244] Referencing non-existent character in script link character:Targaryen_61_1
[12:47:06][history.cpp:644] [original line 2245] Referencing non-existent character in script link character:Targaryen_61_1