"Catalog","Key","File","Line","Text"
"EN","unlock_de_gui_tt","localization/replace/english/mde_customizer_l_english.yml","2","Unlock this value for the randomizer"
"EN","lock_de_gui_tt","localization/replace/english/mde_customizer_l_english.yml","3","Lock this value from the randomizer"
"EN","lock_all_gui_tt","localization/replace/english/mde_customizer_l_english.yml","4","Lock all values from the randomizer"
"EN","unlock_all_gui_tt","localization/replace/english/mde_customizer_l_english.yml","5","Unlock all values for the randomizer"
"EN","DRAGON_DESIGNER_RANDOMIZE_TOOLTIP","localization/replace/english/mde_customizer_l_english.yml","6","#T Randomize Dragon Appearance #!\nThis will completely randomize the appearance of this dragon regardless of egg color."
"EN","DRAGON_DESIGNER_RANDOMIZE_BY_EGG_COLOR_TOOLTIP","localization/replace/english/mde_customizer_l_english.yml","7","#T Randomize Dragon Appearance by Egg Color #!\nThis will randomize the appearance of this dragon as if it were another dragon hatched from the same type of egg. It will be grayed out if the dragon doesn't have a saved egg color"
"EN","demand_braavosi_eggs_decision","localization/replace/english/mde_demand_egg_events_l_english.yml","3","Demand The Stolen Dragon Eggs"
"EN","demand_braavosi_eggs_decision_desc","localization/replace/english/mde_demand_egg_events_l_english.yml","4","Long has the existence of dragon eggs in the Free Cities been known. The settled debts of the past and the suspiscion of the impossibility of hatching these eggs has maintained a status quo of inaction in this matter.\n\nBut the threat, however unlikely, that another dragonriding house might come to be, is far too great to keep a blind eye to.\n\nNo longer shall we uphold the illusion of ignorance! We will officially demand the return of these eggs, under the threat of war!\n\n@warning_icon!#X We will only be able to take this decision once per lifetime, even if it is canceled!#!"
"EN","demand_braavosi_eggs_decision_confirm","localization/replace/english/mde_demand_egg_events_l_english.yml","5","Issue the demand!"
"EN","demand_braavosi_eggs_decision_tooltip","localization/replace/english/mde_demand_egg_events_l_english.yml","6","Issue a demand to return the eggs from the Free Cities"
"EN","mde_demand_egg_events.0001.t","localization/replace/english/mde_demand_egg_events_l_english.yml","8","[egg_taker.GetPrimaryTitle.GetNameNoTier] Issues An Ultimatum!"
"EN","mde_demand_egg_events.0001.desc","localization/replace/english/mde_demand_egg_events_l_english.yml","9","The great heist of [thief.GetFullName] was an event of particular infamy. Sparked on by her desire to be able to build a ship to sail the Sunset Sea, and her inabiltiy to acquire this from her friend, [rhaena.GetFullName], [thief.GetFullName] stole three eggs laid by [dreamfyre.GetName], and sold them to the Sealord of Braavos.\n\nWhile the Sealord settling the debt the Targaryens had held tempered the issue in the past, [egg_taker.GetFullName] has issued a new, dreadful demand. They have informed us that they know the dragon eggs are within our realm, and that they will go to war to secure them!"
"EN","mde_demand_egg_events.0001.a","localization/replace/english/mde_demand_egg_events_l_english.yml","10","We cannot risk war, cave to their demands."
"EN","mde_demand_egg_events.0001.a.tt","localization/replace/english/mde_demand_egg_events_l_english.yml","11","We will surrender the dragon eggs to [egg_taker.GetFullName]:\n• [egg_drogon.GetName]\n• [egg_viserion.GetName]\n• [egg_rhaegal.GetName]"
"EN","mde_demand_egg_events.0001.b","localization/replace/english/mde_demand_egg_events_l_english.yml","12","Mayhaps gold will dissuade them."
"EN","mde_demand_egg_events.0001.b.tt","localization/replace/english/mde_demand_egg_events_l_english.yml","13","We will offer [egg_taker.GetFullName] [gold_i]#emphasis $5000|V0$#! in place of the eggs."
"EN","mde_demand_egg_events.0001.c","localization/replace/english/mde_demand_egg_events_l_english.yml","14","Threats be damned, we will remain steadfast in our resolve."
"EN","mde_demand_egg_events.0001.c.tt","localization/replace/english/mde_demand_egg_events_l_english.yml","15","@warning_icon!#X [egg_taker.GetFullName] is likely to declare war on us!#!"
"EN","mde_demand_egg_events.0002.t","localization/replace/english/mde_demand_egg_events_l_english.yml","17","War For The Dragon Eggs!"
"EN","mde_demand_egg_events.0002.desc","localization/replace/english/mde_demand_egg_events_l_english.yml","18","[egg_target.GetFullName] has refused to give us the dragon eggs that belong to us! Nor have they given anything sufficient in their stead. The only course of action that remains to us is to rally our soldiers and march to war.\n\nWe must be careful in our consideration of this. Do we have the might required to conquer them, and is it worth it?"
"EN","mde_demand_egg_events.0002.a","localization/replace/english/mde_demand_egg_events_l_english.yml","19","The eggs are ours by right! To war!"
"EN","mde_demand_egg_events.0002.b","localization/replace/english/mde_demand_egg_events_l_english.yml","20","The eggs may remain in their care..."
"EN","mde_demand_egg_events.0002.b.tt","localization/replace/english/mde_demand_egg_events_l_english.yml","21","@warning_icon!#X We will lose our claims on the eggs and won't have another opportunity to claim them!#!"
"EN","mde_demand_egg_events.0003.t","localization/replace/english/mde_demand_egg_events_l_english.yml","23","An Offer Of Gold"
"EN","mde_demand_egg_events.0003.desc","localization/replace/english/mde_demand_egg_events_l_english.yml","24","[egg_target.GetFullName] has heard our demands and proposed a counter offer, by way of an enormous amount of gold, at a sum of [gold_i]#emphasis $5000|V0$#!. We must now weigh if the good we can do with this gold is worth more than the trouble of escalating matters to obtain the dragon eggs."
"EN","mde_demand_egg_events.0003.a","localization/replace/english/mde_demand_egg_events_l_english.yml","25","In their hands, they're no more than stone, and gold is a better stone anyhow..."
"EN","mde_demand_egg_events.0003.a.tt","localization/replace/english/mde_demand_egg_events_l_english.yml","26","We will gain [gold_i]#emphasis $5000|V0$#! and [egg_target.GetFullName] will lose [gold_i]#emphasis $5000|V0$#!\n\n@warning_icon!#X We will lose our claims on the eggs and won't have another opportunity to claim them!#!"
"EN","mde_demand_egg_events.0003.b","localization/replace/english/mde_demand_egg_events_l_english.yml","27","What is gold compared to fire made flesh!"
"EN","mde_demand_egg_events.0003.b.tt","localization/replace/english/mde_demand_egg_events_l_english.yml","28","We will ponder escalating the matter to war!"
"EN","mde_demand_egg_events.0004.t","localization/replace/english/mde_demand_egg_events_l_english.yml","30","[egg_taker.GetNameNoTooltip] Demands Our [egg_target.GetNameNoTooltip]!"
"EN","mde_demand_egg_events.0004.desc","localization/replace/english/mde_demand_egg_events_l_english.yml","31","[egg_taker.GetFullName] has decreed that our [egg_target.GetName] rightfully belongs to them by the laws of gods and men!\n\nA demand of this nature presents a grave danger, and must be considered with the utmost importance. We may either cave into their demands, offer them a suitably satiable sum of gold, to the tune of [gold_i]#emphasis $1500|V0$#!, or risk their wrath, whether that be our arrest or a declaration of war!"
"EN","mde_demand_egg_events.0004.a","localization/replace/english/mde_demand_egg_events_l_english.yml","32","[egg_taker.GetNameNoTooltip] poses too great a threat, we must concede."
"EN","mde_demand_egg_events.0004.a.tt","localization/replace/english/mde_demand_egg_events_l_english.yml","33","@warning_icon!#X We will forfeit our [egg_target.GetName]!#!"
"EN","mde_demand_egg_events.0004.b","localization/replace/english/mde_demand_egg_events_l_english.yml","34","Mayhaps gold will dissuade them..."
"EN","mde_demand_egg_events.0004.c","localization/replace/english/mde_demand_egg_events_l_english.yml","35","Threats be damned, we will remain steadfast in our resolve."
"EN","mde_demand_egg_events.0004.c.tt","localization/replace/english/mde_demand_egg_events_l_english.yml","36","@warning_icon!#X [egg_taker.GetFullName] is likely to declare war on us or imprison us!#!"
"EN","mde_demand_egg_events.0005.t","localization/replace/english/mde_demand_egg_events_l_english.yml","38","An Offer Of Gold"
"EN","mde_demand_egg_events.0005.desc","localization/replace/english/mde_demand_egg_events_l_english.yml","39","[egg_victim.GetFullName] has heard our demands and proposed a counter offer, by way of a very large amount of gold, at a sum of [gold_i]#emphasis $1500|V0$#!. We must now weigh if the good we can do with this gold is worth more than the trouble of escalating matters to obtain the [egg_target.GetName]."
"EN","mde_demand_egg_events.0005.a","localization/replace/english/mde_demand_egg_events_l_english.yml","40","It is quite a sum of gold..."
"EN","mde_demand_egg_events.0005.a.tt","localization/replace/english/mde_demand_egg_events_l_english.yml","41","@warning_icon!#X We will lose our claims on the eggs and won't have another opportunity to claim them!#!"
"EN","mde_demand_egg_events.0005.b","localization/replace/english/mde_demand_egg_events_l_english.yml","42","What is gold compared to fire made flesh!"
"EN","mde_demand_egg_events.0005.b.tt","localization/replace/english/mde_demand_egg_events_l_english.yml","43","We will ponder escalating the matter to war!"
"EN","mde_demand_egg_events.0006.t","localization/replace/english/mde_demand_egg_events_l_english.yml","45","Demands Rejected!"
"EN","mde_demand_egg_events.0006.desc","localization/replace/english/mde_demand_egg_events_l_english.yml","46","[egg_victim.GetName] has refused to give us the dragon egg that belongs to us! Nor have they given anything sufficient in their stead. Now we must weigh our options.\n\nWe can either rally our soldiers and march to war if we are allowed by law, arrest them if we are allowed by law, claim the egg and pursue other methods of reclaiming it, or drop the matter entirely, and permanently."
"EN","mde_demand_egg_events.0006.a","localization/replace/english/mde_demand_egg_events_l_english.yml","47","The [egg_target.GetNameNoTooltip] is ours by right! To war!"
"EN","mde_demand_egg_events.0006.a.tt","localization/replace/english/mde_demand_egg_events_l_english.yml","48","@warning_icon!#X We are not able to go to war with [egg_victim.GetFullName]!#!"
"EN","mde_demand_egg_events.0006.b","localization/replace/english/mde_demand_egg_events_l_english.yml","49","Their possession of the [egg_target.GetNameNoTooltip] is illegal!"
"EN","mde_demand_egg_events.0006.b.tt","localization/replace/english/mde_demand_egg_events_l_english.yml","50","We will have a claim on the [egg_target.GetName] and all the options that come with it!"
"EN","mde_demand_egg_events.0006.c","localization/replace/english/mde_demand_egg_events_l_english.yml","51","The eggs may remain in their care..."
"EN","mde_demand_egg_events.0006.c.tt","localization/replace/english/mde_demand_egg_events_l_english.yml","52","@warning_icon!#X We will lose our claims on the eggs and won't have another opportunity to claim them!#!"
"EN","mde_demand_egg_events.0007.t","localization/replace/english/mde_demand_egg_events_l_english.yml","54","Demands Accepted!"
"EN","mde_demand_egg_events.0007.desc","localization/replace/english/mde_demand_egg_events_l_english.yml","55","[egg_victim.GetFullName] has trembled before our might! They have taken the wiser path of conceding to our demands and have surrendered their [egg_target.GetName] to us!"
"EN","mde_demand_egg_events.0007.a","localization/replace/english/mde_demand_egg_events_l_english.yml","56","Victory is ours!"
"EN","demand_egg","localization/replace/english/mde_demand_egg_events_l_english.yml","59","Demand Egg"
"EN","demand_egg_desc","localization/replace/english/mde_demand_egg_events_l_english.yml","60","[recipient.GetName] is unjustly in possession of a dragon's egg!"
"EN","demanded_egg_interaction.desc","localization/replace/english/mde_demand_egg_events_l_english.yml","61","[actor.GetName] has demanded a dragon egg!"
"EN","mde_start_demand_egg_event_chain","localization/replace/english/mde_demand_egg_events_l_english.yml","62","@warning_icon!#X This will issue a demand to [recipient.GetFullName] to forfeit the egg!#"
"EN","mde_egg_access_gained","localization/replace/english/mde_demand_egg_events_l_english.yml","63","Permitted dragon egg possession."
"EN","mde_egg_access_removed","localization/replace/english/mde_demand_egg_events_l_english.yml","64","Denied dragon egg possession."
"EN","debug_take_egg","localization/replace/english/mde_demand_egg_events_l_english.yml","66","#bold #color_red Debug:#!#! Take Dragon Egg"
"EN","debug_take_egg_desc","localization/replace/english/mde_demand_egg_events_l_english.yml","67","[actor.GetName] recieves this dragon  egg"
"EN","debug_take_all_eggs","localization/replace/english/mde_demand_egg_events_l_english.yml","69","#bold #color_red Debug:#!#! Take All Dragon Eggs"
"EN","debug_take_all_eggs_desc","localization/replace/english/mde_demand_egg_events_l_english.yml","70","[actor.GetName] recieves every egg"
"EN","debug_give_all_eggs","localization/replace/english/mde_demand_egg_events_l_english.yml","71","#bold #color_red Debug:#!#! Give All Dragon Eggs"
"EN","debug_give_all_eggs_desc","localization/replace/english/mde_demand_egg_events_l_english.yml","72","[recipient.GetName] recieves every egg"
"EN","debug_hatch_egg","localization/replace/english/mde_demand_egg_events_l_english.yml","74","#bold #color_red Debug:#!#! Hatch Egg"
"EN","debug_hatch_egg_bond_desc","localization/replace/english/mde_demand_egg_events_l_english.yml","75","[recipient.GetName] will bond with the dragon that hatches from the egg"
"EN","debug_hatch_egg_own_desc","localization/replace/english/mde_demand_egg_events_l_english.yml","76","[recipient.GetName] will own the dragon that hatches from the egg"
"EN","debug_hatch_egg_own_pit_desc","localization/replace/english/mde_demand_egg_events_l_english.yml","77","[recipient.GetEmployer.GetName] will own the dragon that hatches from the egg"
"EN","demanded_egg_opinion","localization/replace/english/mde_demand_egg_events_l_english.yml","79","Illegally Possesses Dragon Egg"
"EN","mde_grant_egg_permission","localization/replace/english/mde_demand_egg_events_l_english.yml","81","Permit Dragon Egg Possession"
"EN","mde_grant_egg_permission_desc","localization/replace/english/mde_demand_egg_events_l_english.yml","82","This person will be legally authorized to possess Dragon Eggs!"
"EN","mde_remove_egg_permission","localization/replace/english/mde_demand_egg_events_l_english.yml","83","Forbid Dragon Egg Possession"
"EN","mde_remove_egg_permission_desc","localization/replace/english/mde_demand_egg_events_l_english.yml","84","Possession of Dragon Eggs by this person will be considered illegal!"
"EN","mde_egg_access_gained_interface_tt","localization/replace/english/mde_demand_egg_events_l_english.yml","85","[recipient.GetFullName] will be impervious to our ability to claim their dragon eggs!"
"EN","mde_egg_access_removed_interface_tt","localization/replace/english/mde_demand_egg_events_l_english.yml","86","We will be able to legally demand any dragon eggs in [recipient.GetFullName]'s possession!"
"EN","take_prisoner_egg","localization/replace/english/mde_demand_egg_events_l_english.yml","88","Take Egg"
"EN","take_prisoner_egg_desc","localization/replace/english/mde_demand_egg_events_l_english.yml","89","[recipient.GetFullName] is a prisoner in our custody who illegally holds a dragon egg. We may rightfully seize it."
"EN","mde_transfer_prison_egg_tt","localization/replace/english/mde_demand_egg_events_l_english.yml","90","[actor.GetFullName] legally seized [target.GetName]!"
"EN","demanded_egg_interaction.t","localization/replace/english/mde_demand_egg_events_l_english.yml","92","Demanded A Dragon Egg!"
"EN","agot_dragon_hatching.0401.opt.b","localization/replace/english/mde_demand_egg_events_l_english.yml","94","My children!"
"EN","mde_decisions_events.1000.t","localization/replace/english/mde_demand_egg_events_l_english.yml","97","$dragon_egg_blue$"
"EN","mde_decisions_events.1000.desc","localization/replace/english/mde_demand_egg_events_l_english.yml","98","Many have speculated about the various curiosities that are said to be contained within the Hightower, with such rumors emanating from its ancient and mystical origins atop the greasy, black stone from which it stands. The Hightowers’ fall from grace after the Dance made the house more reclusive, invigorating these rumors, such as their possession of a dragon egg. \n\nThat rumor holds true, I find as I stare at the brilliant, cobalt blue dragon egg in front of me. I have known of the chamber that contained it for a long time, as while the final days of [tessarion.GetFirstName] have largely been a mystery to recorded history, the Hightowers have known that she laid an egg, and we have kept that secret to ourselves. \n\n But now is the moment to make it known."
"EN","mde_decisions_events.1000.desc_targs","localization/replace/english/mde_demand_egg_events_l_english.yml","99","\n\nIf I were to reveal it, the Targaryens would almost certainly be enraged. Perhaps it would be wiser to give it to them quietly, as a gesture of goodwill, before they hear of it another way."
"EN","mde_decisions_events.1000.a","localization/replace/english/mde_demand_egg_events_l_english.yml","100","It belongs to House [current_hightower.GetHouse.GetName], as we are the more worthy custodians."
"EN","mde_decisions_events.1000.b","localization/replace/english/mde_demand_egg_events_l_english.yml","101","It belongs with the Blood of Old Valyria."
"EN","mde_decisions_events.1001.t","localization/replace/english/mde_demand_egg_events_l_english.yml","103","$dragon_egg_blue$"
"EN","mde_decisions_events.1001.desc","localization/replace/english/mde_demand_egg_events_l_english.yml","104","We have been informed of a most grave matter from Oldtown. The Hightowers have been hiding a dragon egg from the time of the Dance in their ancient abode. It is a blue dragon egg sired by Tessarion that they have concealed for all this time. The final days of the she-dragon have hitherto been unknown to us.\n\nHiding this great treasure from us is a treason of the highest order. Perhaps if it had been in the right hands it could’ve hatched, preventing the extinction of the dragons. Alas, it must be secured."
"EN","mde_decisions_events.1001.a","localization/replace/english/mde_demand_egg_events_l_english.yml","105","The egg must be secured!"
"EN","mde_decisions_events.1001.b","localization/replace/english/mde_demand_egg_events_l_english.yml","106","It is no more than a stone now, anyhow."
"EN","mde_decisions_events.1002.t","localization/replace/english/mde_demand_egg_events_l_english.yml","108","$dragon_egg_blue$"
"EN","mde_decisions_events.1002.desc","localization/replace/english/mde_demand_egg_events_l_english.yml","109","A well defended and large entourage has arrived from the city of Oldtown, carrying cargo of incalculable value. According to a sealed letter from [current_hightower.GetName], the Hightower’s have been in possession of a dragon egg since the Dance! The final days of [tessarion.GetFirstName] have long since held some mystery, but it has now been revealed that the she-dragon laid an egg! It is a brillant shade of cobalt blue. [current_hightower.GetName] now offers it to us, in hopes to make amends for concealing it for so long."
"EN","mde_decisions_events.1002.a","localization/replace/english/mde_demand_egg_events_l_english.yml","110","At last, it has been returned to us."
"EN","mde_decisions_events.3000.t","localization/replace/english/mde_demand_egg_events_l_english.yml","112","My Secret Exposed!"
"EN","mde_decisions_events.3000.desc.intro","localization/replace/english/mde_demand_egg_events_l_english.yml","113","The Dance of the Dragons was a chaotic event, leaving many of the finer details of the war unaccounted for, such as the last days of the she-dragon Tessarion. Although it has not been a secret to our house, as we know one of the final actions of the she-dragon was to lay a brilliant, cobalt blue dragon egg.\n\n"
"EN","mde_decisions_events.3000.desc.self","localization/replace/english/mde_demand_egg_events_l_english.yml","114","I have revealed to the world my possession of [ROOT.Char.Custom('HiddenArtifact')]."
"EN","mde_decisions_events.3000.desc.other","localization/replace/english/mde_demand_egg_events_l_english.yml","115","[secret_exposer.Custom2('MyCharacterIntroduction', ROOT.Char)|U] has revealed to the world that I am in possession of [ROOT.Char.Custom('HiddenArtifact')]."
"EN","mde_decisions_events.3000.desc.shared","localization/replace/english/mde_demand_egg_events_l_english.yml","116","\n\nHouse Hightower has possessed the egg since the end of the Dance of Dragons..."
"EN","mde_decisions_events.3000.desc.targs","localization/replace/english/mde_demand_egg_events_l_english.yml","117","\n\nThe Targaryens are not likely to take this reveal well. Perhaps it would be wiser to return it quietly, as a gesture of goodwill, before they hear of it another way."
"EN","mde_decisions_events.3000.a","localization/replace/english/mde_demand_egg_events_l_english.yml","118","It belongs to House Hightower."
"EN","mde_decisions_events.3000.b","localization/replace/english/mde_demand_egg_events_l_english.yml","119","I shall return it."
"EN","decision_group_type_dragon_group","localization/replace/english/more_dragon_eggs_decisions_l_english.yml","3","@dragon_icon! Dragon Decisions"
"EN","move_dragon_dragonpit_tooltip","localization/replace/english/more_dragon_eggs_decisions_l_english.yml","5","I like to move it move it! I like to, move it!"
"EN","delete_duds_decision_tooltip","localization/replace/english/more_dragon_eggs_decisions_l_english.yml","7","Deleted Eggs!"
"EN","establish_dragon_wives_tooltip","localization/replace/english/more_dragon_eggs_decisions_l_english.yml","12","Concubines await"
"EN","more_eggs_debug_decision_tooltip","localization/replace/english/more_dragon_eggs_decisions_l_english.yml","14","Concubines await"
"EN","agot_dragon_laid_clutch_1","localization/replace/english/more_dragon_eggs_decisions_l_english.yml","17","Laid Clutch"
"EN","agot_laid_clutch_desc_1","localization/replace/english/more_dragon_eggs_decisions_l_english.yml","18","I laid a clutch of one egg"
"EN","agot_laid_clutch_desc_second_perspective_1","localization/replace/english/more_dragon_eggs_decisions_l_english.yml","19","You laid a clutch of one egg"
"EN","agot_laid_clutch_desc_third_perspective_1","localization/replace/english/more_dragon_eggs_decisions_l_english.yml","20","[owner.GetName] laid a clutch of one egg"
"EN","agot_dragon_laid_clutch_2","localization/replace/english/more_dragon_eggs_decisions_l_english.yml","22","Laid Clutch"
"EN","agot_laid_clutch_desc_2","localization/replace/english/more_dragon_eggs_decisions_l_english.yml","23","I laid a clutch of two eggs"
"EN","agot_laid_clutch_desc_second_perspective_2","localization/replace/english/more_dragon_eggs_decisions_l_english.yml","24","You laid a clutch of two eggs"
"EN","agot_laid_clutch_desc_third_perspective_2","localization/replace/english/more_dragon_eggs_decisions_l_english.yml","25","[owner.GetName] laid a clutch of two eggs"
"EN","agot_dragon_laid_clutch_3","localization/replace/english/more_dragon_eggs_decisions_l_english.yml","27","Laid Clutch"
"EN","agot_laid_clutch_desc_3","localization/replace/english/more_dragon_eggs_decisions_l_english.yml","28","I laid a clutch of three eggs"
"EN","agot_laid_clutch_desc_second_perspective_3","localization/replace/english/more_dragon_eggs_decisions_l_english.yml","29","You laid a clutch of three eggs"
"EN","agot_laid_clutch_desc_third_perspective_3","localization/replace/english/more_dragon_eggs_decisions_l_english.yml","30","[owner.GetName] laid a clutch of three eggs"
"EN","agot_dragon_laid_clutch_4","localization/replace/english/more_dragon_eggs_decisions_l_english.yml","32","Laid Clutch"
"EN","agot_laid_clutch_desc_4","localization/replace/english/more_dragon_eggs_decisions_l_english.yml","33","I laid a clutch of four eggs"
"EN","agot_laid_clutch_desc_second_perspective_4","localization/replace/english/more_dragon_eggs_decisions_l_english.yml","34","You laid a clutch of four eggs"
"EN","agot_laid_clutch_desc_third_perspective_4","localization/replace/english/more_dragon_eggs_decisions_l_english.yml","35","[owner.GetName] laid a clutch of four eggs"
"EN","agot_dragon_laid_clutch_5","localization/replace/english/more_dragon_eggs_decisions_l_english.yml","37","Laid Clutch"
"EN","agot_laid_clutch_desc_5","localization/replace/english/more_dragon_eggs_decisions_l_english.yml","38","I laid a clutch of five eggs"
"EN","agot_laid_clutch_desc_second_perspective_5","localization/replace/english/more_dragon_eggs_decisions_l_english.yml","39","You laid a clutch of five eggs"
"EN","agot_laid_clutch_desc_third_perspective_5","localization/replace/english/more_dragon_eggs_decisions_l_english.yml","40","[owner.GetName] laid a clutch of five eggs"
"EN","agot_dragon_laid_clutch_6","localization/replace/english/more_dragon_eggs_decisions_l_english.yml","42","Laid Clutch"
"EN","agot_laid_clutch_desc_6","localization/replace/english/more_dragon_eggs_decisions_l_english.yml","43","I laid a clutch of six eggs"
"EN","agot_laid_clutch_desc_second_perspective_6","localization/replace/english/more_dragon_eggs_decisions_l_english.yml","44","You laid a clutch of six eggs"
"EN","agot_laid_clutch_desc_third_perspective_6","localization/replace/english/more_dragon_eggs_decisions_l_english.yml","45","[owner.GetName] laid a clutch of six eggs"
"EN","agot_dragon_laid_clutch_7","localization/replace/english/more_dragon_eggs_decisions_l_english.yml","47","Laid Clutch"
"EN","agot_laid_clutch_desc_7","localization/replace/english/more_dragon_eggs_decisions_l_english.yml","48","I laid a clutch of seven eggs"
"EN","agot_laid_clutch_desc_second_perspective_7","localization/replace/english/more_dragon_eggs_decisions_l_english.yml","49","You laid a clutch of seven eggs"
"EN","agot_laid_clutch_desc_third_perspective_7","localization/replace/english/more_dragon_eggs_decisions_l_english.yml","50","[owner.GetName] laid a clutch of seven eggs"
"EN","agot_dragon_laid_clutch_8","localization/replace/english/more_dragon_eggs_decisions_l_english.yml","52","Laid Clutch"
"EN","agot_laid_clutch_desc_8","localization/replace/english/more_dragon_eggs_decisions_l_english.yml","53","I laid a clutch of five eggs"
"EN","agot_laid_clutch_desc_second_perspective_8","localization/replace/english/more_dragon_eggs_decisions_l_english.yml","54","You laid a clutch of five eggs"
"EN","agot_laid_clutch_desc_third_perspective_8","localization/replace/english/more_dragon_eggs_decisions_l_english.yml","55","[owner.GetName] laid a clutch of five eggs"
"EN","choose_dragonblood_tooltip","localization/replace/english/more_dragon_eggs_decisions_l_english.yml","57","You will be brought a list of all dragonblooded people"
"EN","mde_view_dragon_blood_value","localization/replace/english/more_dragon_eggs_decisions_l_english.yml","59","[Character.MakeScope.ScriptValue('dragonblood_percent')]% Dragonblood"
"EN","show_dragon_portrait_decision","localization/replace/english/more_dragon_eggs_decisions_l_english.yml","63","Show Dragon Portrait"
"EN","show_dragon_portrait_decision_tooltip","localization/replace/english/more_dragon_eggs_decisions_l_english.yml","64","Will display the dragon potrait."
"EN","hide_dragon_portrait_decision_tooltip","localization/replace/english/more_dragon_eggs_decisions_l_english.yml","66","Will hide the dragon potrait."
"EN","manage_buttons_decision_tooltip","localization/replace/english/more_dragon_eggs_decisions_l_english.yml","68","Open the Menu for Mananging Button Visibiltiy"
"EN","mde_dragon_eggs_events.0001.t","localization/replace/english/more_dragon_eggs_events_l_english.yml","23","Dragonlore: The Cannibals Of Skagos"
"EN","mde_dragon_eggs_events.0001.desc","localization/replace/english/more_dragon_eggs_events_l_english.yml","24","The fearsome and violent dragon, [cannibal.GetName], was notorious for the abominable acts that earned him his name. Neither the Targaryens or the Order of the Dragonkeepers were able to contain the monstrous beast, much less stop him from feasting on his kin.\n\nIn recorded history, [cannibal.GetNamePossessive] appearance is as mysterious as his disappearance , as very little is known about either. Many say that his birth predated the birth of the Conquerors' dragons.\n\nIt is known, however, that [cannibal.GetName] disappeared some time after The Dance of Dragons. Though some have speculated that he might have flown off into the heart of Skagos, drawn by those of similar nature. You think that this may have been more than speculation, evidenced by the dragonglass scarring the forest floor around you."
"EN","mde_dragon_eggs_events.0001.a","localization/replace/english/more_dragon_eggs_events_l_english.yml","25","Unnerving."
"EN","mde_dragon_eggs_events.0002.t","localization/replace/english/more_dragon_eggs_events_l_english.yml","27","Dragonlore: The Fire Witch Of The Vale"
"EN","mde_dragon_eggs_events.0002.desc","localization/replace/english/more_dragon_eggs_events_l_english.yml","28","During the time of the Dance of the Dragons, there were multiple wild dragons. One of these roamed the Vale, a skittish dragon that was particularly fond of lamb, earning him his namesake; [sheepstealer.GetName].\n\nThis was taken advantage of by only the hypothetical non-Targaryen descended dragonrider in Westeros, [nettles.GetName]. She would tame this dragon by luring him in with sheep every day until he trusted her. She also earned the trust of [daemon.GetName], with rumors claiming her to be either his daughter or his lover.\n\nDuring the Dance, [nettles.GetName] and [sheepstealer.GetName] would disappear, never to be seen again.\n\nThat being said, there is a clan in the Mountains of the Vale known as the Burned Men, who possess a coming of age ritual that involves their boys bringing gifts to the Fire Witch, avoiding the wrath of her flames in order to prove their manhood. Many speculate that the Fire Witch is [nettles.GetName]"
"EN","mde_dragon_eggs_events.0002.a","localization/replace/english/more_dragon_eggs_events_l_english.yml","29","If the rumors are true..."
"EN","mde_dragon_eggs_events.0004.t","localization/replace/english/more_dragon_eggs_events_l_english.yml","32","Dragonlore: The Cannibal Mound"
"EN","mde_dragon_eggs_events.0004.desc","localization/replace/english/more_dragon_eggs_events_l_english.yml","33","You follow the dragonglass scarring throughout the forest, and as you go you begin noticing a direction in which the amount of dragonglass increases. You follow this path, nervously, until it leads to the mouth of an enormous cave.\n\nAfter waiting still for what seems like an eternity, listening for any sound from the cave, you proceed in. The cave is marked across all of its surfaces, in either a deep, red paint or even more dragonglass, and bones litter the floor.\n\nEventually, you reach the center of the cave, where it seems there is a ceremonial pit. At the heart of the ceremonial pit, is a giant mound of skulls of all sorts, rabbits, bears, deer, giants, unicorns, and humans. At the top though is a skull larger than any other, and it shines a wicked green from its eye.\n\nYou treacherously ascend the mound and find a treasure unlike anything else! A dragon egg!"
"EN","mde_dragon_eggs_events.0004.a","localization/replace/english/more_dragon_eggs_events_l_english.yml","34","Fear my might!"
"EN","mde_dragon_eggs_events.0005.t","localization/replace/english/more_dragon_eggs_events_l_english.yml","36","Dragonlore: The Cave Of The Fire Witch"
"EN","mde_dragon_eggs_events.0005.desc","localization/replace/english/more_dragon_eggs_events_l_english.yml","37","After discussing with the locals for the better part of many days, you finally convince them to set you on the path of the Burned Men.\n\nYou do well to avoid them as you ascend into the mountains, and it is not hard to find the way of their ritual without their aid, as it is marked frequently by younger, male skeletons. Some of them have varying degrees of burns, down to the bones.\n\nWhether by luck or skill, or both, you find your way to the cave of the Fire Witch, without encountering any Burned Men, inside you see the walls are covered in thousands of markings, almost like a grey rat maester had gone mad without paper. Hidden in the corner, is a dusty, brown dragon egg!"
"EN","mde_dragon_eggs_events.0005.a","localization/replace/english/more_dragon_eggs_events_l_english.yml","38","Lucky, indeed."
"EN","mde_dragon_eggs_events.0006.t","localization/replace/english/more_dragon_eggs_events_l_english.yml","40","Dragonlore: The Isle of Faces"
"EN","mde_dragon_eggs_events.0006.desc","localization/replace/english/more_dragon_eggs_events_l_english.yml","41","A horrible whisper emanating from inside my own head stops me dead in my tracks and leaves me feeling nothing but a deep cold and fear.\n\nAgainst my own will, I rapidly face the Isle of Faces, and begin walking towards it, and then swimming.\n\nAs I walk onto the shores of the Isle, exhausted, I notice that the trees are bleeding, dripping blood loudly. A shrouded figure with glowing green eyes peaks its head out from behind the thick cove of weirwood trees, filling me with dread until I pass out.\n\nI awakened back on the shore of the Gods Eye, and disoriented, alarmed by the discovery of a dragon egg in my hands!"
"EN","mde_dragon_eggs_events.0006.a","localization/replace/english/more_dragon_eggs_events_l_english.yml","42","Destiny awaits."
"EN","mde_dragon_eggs_events.0007.t","localization/replace/english/more_dragon_eggs_events_l_english.yml","44","Dragonlore: Gifts from the Past"
"EN","mde_dragon_eggs_events.0007.desc","localization/replace/english/more_dragon_eggs_events_l_english.yml","45","I walk high up on the cliffs of Dragonstone, the sound of waves crashing against the rocks below mixing with the slow rumble of the volcano in my ears. As I walk, I find a small opening — the perfect place for my cave exploration to begin.\n\nI climb over a crest of rock, guided by the light cascading over the rocks. Several passages lead off from the main chamber, but the light streaks through a single vein of obsidian, as though guiding me. I follow it, and where it leads me, I cannot believe.\n\nAn egg rests in the center of the room, the light ending just above it! As soon as I touch it however, the passage of time makes itself known, and the light begins to fade. I barely have enough time to grab the egg and rush out of the cave before the light would fade completely, locking me in darkness.\n\nWith heavy breaths of exertion, I make it out of the cave, the egg in my hands!"
"EN","mde_dragon_eggs_events.0007.desc_missing","localization/replace/english/more_dragon_eggs_events_l_english.yml","46","I walk high up on the cliffs of Dragonstone, the sound of waves crashing against the rocks below mixing with the slow rumble of the volcano in my ears. As I walk, I find a small opening — the perfect place for my cave exploration to begin.\n\nI climb over a crest of rock, guided by the light cascading over the rocks. Several passages lead off from the main chamber, but the light streaks through a single vein of obsidian, as though guiding me. I follow it, and where it leads me, I cannot believe.\n\nA clutch of eggs rests in the center of the room, the light ending just above it! As soon as I touch it however, the passage of time makes itself known, and the light begins to fade. I barely have enough time to grab the eggs and rush out of the cave before the light would fade completely, locking me in darkness.\n\nWith heavy breaths of exertion, I make it out of the cave, the eggs in my arms! I've found [aegon_ii.GetNamePossessive] missing dragon eggs, last seen with [valarr.GetName]!"
"EN","mde_dragon_eggs_events.0007.a","localization/replace/english/more_dragon_eggs_events_l_english.yml","47","That was close, but well worth it!"
"EN","mde_dragon_eggs_events.0007.tt","localization/replace/english/more_dragon_eggs_events_l_english.yml","48","You gained a Dragon Egg!"
"EN","mde_dragon_eggs_events.0008.t","localization/replace/english/more_dragon_eggs_events_l_english.yml","50","Dragonlore: The Ruins of Spicetown"
"EN","mde_dragon_eggs_events.0008.desc","localization/replace/english/more_dragon_eggs_events_l_english.yml","51","The Battle of the Gullet was one of the many infamous battles that took place during the Dance of the Dragons, the Targaryen civil war that greatly weakened their power. An alliance had been brokered between the Greens and the Triarchy, culminating in a massive armada slamming into the Velaryon blockade of the Gullet, a strategic chokepoint that denied supply access to King’s Landing\n\nThe battle ended in a pyrrhic victory for the Blacks, who managed to hold their blockade and defeat the Triarchy’s armada, at great cost. The crown prince [jaecaerys.GetName] and his dragon, [vermax.GetName], were both slain, and Spicetown was burned to ashes. Legend tells that [jaecaerys.GetNamePossessive] promised, [baela.GetName], and her dragon, [moondancer.GetName], grieved alike in the ruins."
"EN","mde_dragon_eggs_events.0008.a","localization/replace/english/more_dragon_eggs_events_l_english.yml","52","A haunting tragedy."
"EN","mde_dragon_eggs_events.0009.t","localization/replace/english/more_dragon_eggs_events_l_english.yml","54","Dragonlore: Deep in The Ruins of Spicetown"
"EN","mde_dragon_eggs_events.0009.desc","localization/replace/english/more_dragon_eggs_events_l_english.yml","55","The sombering nature of the ruins of Spicetown have weighed heavy on my mind, and as such I’ve chosen to pause among the ruins and explore them.\n\nWandering inside the various dilapidated structures, you find a large, burned out area of a large building that has been hitherto untouched since it was first destroyed. While kicking around the scattered stones on the floor, a glitter of color flashes in the corner of my eye, jarring in its contrast to the black and grays of the destruction around me.\n\nI pry the colorful stones away from the ground and stare in shock at what I have in my hands. A dragon egg! The rumors of a grieving [moondancer.GetName] were true, I’ve found her egg!"
"EN","mde_dragon_eggs_events.0009.a","localization/replace/english/more_dragon_eggs_events_l_english.yml","56","A silver lining to the tragedy!"
"EN","mde_dragon_eggs_events.0010.t","localization/replace/english/more_dragon_eggs_events_l_english.yml","58","Dragonlore: Nagga's Bones"
"EN","mde_dragon_eggs_events.0010.desc","localization/replace/english/more_dragon_eggs_events_l_english.yml","59","Thousands of years ago, in the Age of Heroes, many legends were formed from the many fantastical events that took place in this antiquitous age. The most historically reverberative of these legends is the legend of [nagga.GetName], whose great bones serve as a place of great cultural significance to the Ironborn. It was the seat of [grey_king.GetName] and served as the location of the Kingsmoot for many centuries.\n\nIronborn tales say that [nagga.GetName] was the first sea dragon, who fed on leviathans and krakens, and whose ferocity was so great that she could drown entire islands. Tales of such feats only serve to mythologize the prowess of [grey_king.GetName], who slew the mighty beast, and raised his hall with her bones, warmed it with her living fire, made his throne from her jaw, and his crown from her teeth.\n\nNow the sight is eerily quiet, but the titanic bones haunt me with a megalophobic sense of dread."
"EN","mde_dragon_eggs_events.0010.a","localization/replace/english/more_dragon_eggs_events_l_english.yml","60","A beast of unprecedented scale..."
"EN","mde_dragon_eggs_events.0011.t","localization/replace/english/more_dragon_eggs_events_l_english.yml","62","Dragonlore: The Ancient Kingsmoot"
"EN","mde_dragon_eggs_events.0011.desc","localization/replace/english/more_dragon_eggs_events_l_english.yml","63","It seems almost destined that I visited the harrowing remains of the great beast [nagga.GetName] on a day with exceedingly rare sea levels brought on by a once in a lifetime low tide.\n\nWhile the Ironborn warn of such low tides as an omen of danger, something calls out from deep within me, dark and compelling. I will heed the call of destiny if it commands me, and I almost intuitively walk to the exposed shoreline, following in the steps of the ancient Kingsmoot. As I approach the water, there are a number of ancient weapons, rusted and covered in corals and barnacles. I delve into the deep, baptizing myself in salt, letting the sea fill my lungs.\n\nI black out, with my last memory being of something powerful, mayhaps a being of some kind, and something in my hands. When I awake, I find myself on the sandy shores, with a gleaming, cobalt blue dragon egg next to me!"
"EN","mde_dragon_eggs_events.0011.a","localization/replace/english/more_dragon_eggs_events_l_english.yml","64","A faustian gift from a servant of The Great Other..."
"EN","mde_dragon_eggs_events.0011.b","localization/replace/english/more_dragon_eggs_events_l_english.yml","65","The Drowned God provides!  @drownedgod_icon!"
"EN","mde_dragon_eggs_events.0012.t","localization/replace/english/more_dragon_eggs_events_l_english.yml","67","Dragonlore: The Bolt at The Hellholt"
"EN","mde_dragon_eggs_events.0012.desc","localization/replace/english/more_dragon_eggs_events_l_english.yml","68","Long have I traveled in the grueling deserts of Dorne, and traveling this far away from The Dune Roads has made the journey agonizing and exhausting.The nearest castle, the Hellholt offers but a fool’s reprieve, and yet there is no other option. As the castle draws nearer, plumes of sulfurous smog rise off the nearby Brimstone and geysers, obscuring the sun. But it offers no relief, only making the air hotter. When I approach the castle, I notice the main tower has yet to be repaired since the Conquest.\n\nThe destruction was the result of the infamous death of the dragonrider [rhaenys.GetName], and her she-dragon, [meraxes.GetName]. At the time of her death, [rhaenys.GetName] had been on a campaign to suppress the resistant Dornish using dragonfire to burn their castles. The Ullers of the Hellholt did what no one else had managed, and fire a scorpion bolt directly through the eye of [meraxes.GetName] sending both rider and dragon plummeting to their doom. [meraxes.GetNamePossessive] bones remain, jutting out from the surrounding sand turned glass."
"EN","mde_dragon_eggs_events.0012.a","localization/replace/english/more_dragon_eggs_events_l_english.yml","69","What power!"
"EN","mde_dragon_eggs_events.0013.t","localization/replace/english/more_dragon_eggs_events_l_english.yml","71","Dragonlore: Through The Dragonglass"
"EN","mde_dragon_eggs_events.0013.desc","localization/replace/english/more_dragon_eggs_events_l_english.yml","72","Upon closer inspection of [meraxes.GetNamePossessive] skeleton, I am appalled at the power of a dragon’s fire. The surrounding ground is all glass melted from the sand that was once here, most of it thick, dark, and opaque.\n\nBut I find the more I uncover from the fresher layers of dirt, the clearer the glass becomes. Vexed, I work like mad to find the clearest patch of glass I can.\n\nAfter hours of inspecting, I find glass that reveals a golden and silver shimmer. I cover it back up and return under the cover of darkness, hacking away with a pickaxe until I uncover my treasure: a dragon egg!"
"EN","mde_dragon_eggs_events.0013.a","localization/replace/english/more_dragon_eggs_events_l_english.yml","73","My precious!"
"EN","mde_dragon_eggs_events.0014.t","localization/replace/english/more_dragon_eggs_events_l_english.yml","75","Dragonlore: The Gardener of The Glass Orb"
"EN","mde_dragon_eggs_events.0014.desc","localization/replace/english/more_dragon_eggs_events_l_english.yml","76","Few were the dragonlords following the Doom. It was only with the magical foresight of Daenys the Dreamer that the Targaryens were able to hold on to their fire made flesh. Although, in the time immediately after the Doom, there were others.\n\nJaehaelor Mataeryon was a landowner and dragonrider in the Valyrian Freehold who rode the dragon [pythax.GetName] who appeared to be a scholar with a particular aptitude in botany, as he wrote often of glass orb greenhouse in Valyria proper.\n\n When the Doom shook the heavens and earth, Jaehaelor Mataeryon was visiting the Forests of Qohor to gather samples. He passed through this very location as he flew back from Qohor to Old Volantis, wherein he would spend the remainder of his life committing as much as he could remember of his gardens to memory. His dragon [pythax.GetName] perished soon after the doom after refusing to eat. Jaehaelor Mataeryon died soon after, while intervening in the lashing of a slave on the Long Bridge."
"EN","mde_dragon_eggs_events.0014.a","localization/replace/english/more_dragon_eggs_events_l_english.yml","77","An ironic end."
"EN","mde_dragon_eggs_events.0015.t","localization/replace/english/more_dragon_eggs_events_l_english.yml","79","Dragonlore: Left In Haste"
"EN","mde_dragon_eggs_events.0015.desc","localization/replace/english/more_dragon_eggs_events_l_english.yml","80","It is known that he camped in this very spot, but no evidence of the fact remains. As I search for my own spot to set up camp, I push through thick shrubbery and discover some items that clearly belonged to an upper class member of the Freehold.\n\nI follow a haphazard trail of strewn about Valyrian artifacts, certainly all of immense value. However, almost fully buried in mud, and camouflaged with dirt, I find a hitherto untouched trunk that must have been left behind in a hurry.\n\nWith great effort, I unearth the trunk and rip it open from its petrified hinges, revealing a treasure far greater than the surrounding loot. A dragon egg!"
"EN","mde_dragon_eggs_events.0015.a","localization/replace/english/more_dragon_eggs_events_l_english.yml","81","The Glass Gardener's last gift!"
"EN","mde_dragon_eggs_events.0016.t","localization/replace/english/more_dragon_eggs_events_l_english.yml","83","Dragonlore: The Emperor Who Never Was"
"EN","mde_dragon_eggs_events.0016.desc","localization/replace/english/more_dragon_eggs_events_l_english.yml","84","Few were the dragonlords following the Doom. It was only with the magical foresight of Daenys the Dreamer that the Targaryens were able to hold on to their fire made flesh. Although, in the time immediately after the Doom, there were others.\n\n Aurion was perhaps the most well known of them. Aurion Varezys was a powerful dragonlord in the Valyrian Freehold. When the Doom shook the heavens and earth, Aurion Varezys was visiting Qohor. Upon his realization that there was no other who could his power, Aurion Varezys raised a host 30,000 strong and proclaimed himself the first Emperor of Valyria. Aurion Varezys, his fearsome dragon [vassarion.GetName], and his great host all marched south from Qohor with the goal of retaking Valyria, unopposed. However, the moment they crossed into the doom was the last that any had ever seen of them."
"EN","mde_dragon_eggs_events.0016.a","localization/replace/english/more_dragon_eggs_events_l_english.yml","85","Bold, but foolish."
"EN","mde_dragon_eggs_events.0017.t","localization/replace/english/more_dragon_eggs_events_l_english.yml","87","Dragonlore: The Golden Egg"
"EN","mde_dragon_eggs_events.0017.desc","localization/replace/english/more_dragon_eggs_events_l_english.yml","88","It is known that his host camped in this very spot on their way from Qohor to Valyria. But after so long a time, little evidence of the fact remains. What does remain however, is a traditional Valyrian effigy, crafted by the members of the Imperial Valyrian Host, commemorating those lost in the disaster, presumably the soldiers’ distant, and now lost, families.\n\nThe Valyrian writing carved into stone here was not carved by fire, but raggedly, with metal, and I can just make out a phrase about something below. I trust my instincts and dig under the effigy, revealing a cache of weapons and something even greater, a golden dragon egg!"
"EN","mde_dragon_eggs_events.0017.a","localization/replace/english/more_dragon_eggs_events_l_english.yml","89","Free of the dead's hold!"
"EN","agot_dragon_maintenance.0802.desc","localization/replace/english/more_dragon_eggs_events_l_english.yml","94",""
"EN","show_eggs_decision_tooltip","localization/replace/english/more_dragon_eggs_events_l_english.yml","96",""
"EN","show_dragons_decision_tooltip","localization/replace/english/more_dragon_eggs_events_l_english.yml","97",""
"EN","show_dragonpits_decision_tooltip","localization/replace/english/more_dragon_eggs_events_l_english.yml","98",""
"EN","agot_dragon_maintenance.0800.dragonpits","localization/replace/english/more_dragon_eggs_events_l_english.yml","100","Show active dragonpits"
"EN","DRAGON_PITTED_WITH_GUI","localization/replace/english/more_dragon_eggs_events_l_english.yml","102","$DRAGON_RELATION_IS_PITTED$ • [Character.Custom('DPGetDragonTypeGuiTooltip')]"
"EN","DRAGON_PITTED_SHORT_WITH_GUI","localization/replace/english/more_dragon_eggs_events_l_english.yml","103","[Character.Custom('DPGetDragonTypeGuiTooltip')]"
"EN","DRAGON_WANDERING_WITH_GUI","localization/replace/english/more_dragon_eggs_events_l_english.yml","104","$DRAGON_RELATION_IS_WANDERING$ • [Character.Custom('DPGetDragonTypeGuiTooltip')]"
"EN","can_move_a_dragon_tooltip","localization/replace/english/more_dragon_eggs_events_l_english.yml","106","You are eligible to move a dragon."
"EN","TRAVEL_POINT_OF_INTEREST_TT_more_dragon_eggs_poi_dragonlore","localization/replace/english/more_dragon_eggs_events_l_english.yml","107","Site of Draconic Significance"
"EN","agot_dragon_maintenance.0802.t","localization/replace/english/more_dragon_eggs_events_l_english.yml","109","Show all existing Dragon Eggs"
"EN","global_events_settings.0001.dragonblood","localization/replace/english/more_dragon_eggs_events_l_english.yml","110","About those with dragonblood..."
"EN","agot_filler_crownlands.0004.t","localization/replace/english/more_dragon_eggs_events_l_english.yml","112","A Day on Dragonstone: Gifts from the Past"
"EN","agot_filler_crownlands.0004.desc","localization/replace/english/more_dragon_eggs_events_l_english.yml","113","I walk high up on the cliffs of Dragonstone, the sound of waves crashing against the rocks below mixing with the slow rumble of the volcano in my ears. As I walk, I find a small opening — the perfect place for my cave exploration to begin.\n\nI climb over a crest of rock, guided by the light cascading over the rocks. Several passages lead off from the main chamber, but the light streaks through a single vein of obsidian, as though guiding me. I follow it, and where it leads me, I cannot believe.\n\nAn egg rests in the center of the room, the light ending just above it! As soon as I touch it however, the passage of time makes itself known, and the light begins to fade. I barely have enough time to grab the egg and rush out of the cave before the light would fade completely, locking me in darkness.\n\nWith heavy breaths of exertion, I make it out of the cave, the egg in my hands!"
"EN","agot_filler_crownlands.0004.a","localization/replace/english/more_dragon_eggs_events_l_english.yml","114","That was close, but well worth it!"
"EN","agot_filler_crownlands.0004.tt","localization/replace/english/more_dragon_eggs_events_l_english.yml","115","You gained a Dragon Egg [artifact|E]"
"EN","agot_ninepenny.0034.c","localization/replace/english/more_dragon_eggs_events_l_english.yml","118","A new kingdom will carved out for him."
"EN","agot_ninepenny.0035.b","localization/replace/english/more_dragon_eggs_events_l_english.yml","119","$agot_ninepenny.0031.a$ It will be given a more fitting name."
"EN","agot_ninepenny.0035.b.tt","localization/replace/english/more_dragon_eggs_events_l_english.yml","120","#italic The Kingdom of Tarth will be rebranded as The Sapphire Islands!"
"EN","a_crown_for_a_king_decision","localization/replace/english/more_dragon_eggs_events_l_english.yml","122","A Crown for a King"
"EN","a_crown_for_a_king_decision_desc","localization/replace/english/more_dragon_eggs_events_l_english.yml","123","Viserys is unworthy of being the King of The Seven Kingdoms, but there is one who is worthy..."
"EN","a_crown_for_a_king_decision_confirm","localization/replace/english/more_dragon_eggs_events_l_english.yml","124","Crown him!"
"EN","a_crown_for_a_king_decision_tooltip","localization/replace/english/more_dragon_eggs_events_l_english.yml","125","@warning_icon!#X This will remove Viserys as head of the Targaryen Exiles!#"
"EN","agot_targaryen_exile_invasion.9999.t","localization/replace/english/more_dragon_eggs_events_l_english.yml","127","A Crown for a King"
"EN","agot_targaryen_exile_invasion.9999.desc","localization/replace/english/more_dragon_eggs_events_l_english.yml","128","Now that I lead the Exiles and hold the entire Targaryen Dynasty on my shoulders, I must decide what to do with my arrogant and callous brother."
"EN","agot_targaryen_exile_invasion.9999.b","localization/replace/english/more_dragon_eggs_events_l_english.yml","129","Show him mercy!"
"EN","agot_targaryen_exile_invasion.9999.a","localization/replace/english/more_dragon_eggs_events_l_english.yml","130","Give him the crown he has earned!"
"EN","agot_ruins.2001.t","localization/replace/english/more_dragon_eggs_events_l_english.yml","132","Treasures from Tragedy"
"EN","agot_ruins.2001.d","localization/replace/english/more_dragon_eggs_events_l_english.yml","133","The ruins of Spicetown have long since been overcast with a sense of eerie gloom. The small folk often spread tale that it had been abandoned so long it was claimed as the home of cursed spirits. In face of such superstition, moving its restoration along has proven an enormous effort. But the idea of returning the city to its former glory, a center of trade and gold, has shown to be motivational\n\nToday the effort has proven worthwhile! The last remnants of the ruins were excavated, a supposedly haunted area that hadn’t seen activity from man since The Battle of The Gullet. In a large, burnt-out building, a dragon egg was found!"
"EN","agot_ruins.2001.a","localization/replace/english/more_dragon_eggs_events_l_english.yml","134","A fortuitous omen!"
"EN","agot_ruins.2001.b","localization/replace/english/more_dragon_eggs_events_l_english.yml","135","Better it be given to our liege lord."
"EN","agot_ruins.2002.t","localization/replace/english/more_dragon_eggs_events_l_english.yml","137","A Dragon Egg Is Offered"
"EN","agot_ruins.2002.d","localization/replace/english/more_dragon_eggs_events_l_english.yml","138","My vassal [egg_giver.GetName] has found an egg in the process of restoring the ruins of Spicetown! Even better news, they have offered it to us as its rightful stewards!"
"EN","agot_ruins.2002.a","localization/replace/english/more_dragon_eggs_events_l_english.yml","139","We accept!"
"EN","agot_ruins.2002.b","localization/replace/english/more_dragon_eggs_events_l_english.yml","140","Better they keep it."
"EN","mde_canon_dragon_clutch_events.0001.t","localization/replace/english/more_dragon_eggs_events_l_english.yml","142","[dragon_parent.GetNameNoTooltip] Brings Forth a Clutch!@historical_character_icon_small!"
"EN","agot_ninepenny.1014.c","localization/replace/english/more_dragon_eggs_events_l_english.yml","144","The night is alive with the music of dragons! This child is the the 'Dragonborn'!"
"EN","agot_ninepenny.1014.d","localization/replace/english/more_dragon_eggs_events_l_english.yml","145","Despite the tragedy, there is hope with this child, the 'Dragonborn'."
"EN","agot_dragon_hatching.0403.t","localization/replace/english/more_dragon_eggs_events_l_english.yml","147","A Flock of Dragons"
"EN","agot_dragon_hatching.0403.desc","localization/replace/english/more_dragon_eggs_events_l_english.yml","148","Dragons are tenuous beasts, and must be handled thoughtfully and dilligently, for the power they possess and the danger they pose are greater than anything in the known world, especially lest one forget their restless nature. In times of old orders of men were built to maintain these wonders."
"EN","agot_dragon_hatching.0403.opt.a","localization/replace/english/more_dragon_eggs_events_l_english.yml","149","Pen them in the Dragoncoop."
"EN","agot_dragon_hatching.0403.opt.b","localization/replace/english/more_dragon_eggs_events_l_english.yml","150","Restore the Dragonkeepers in the Dragonmont, and hold the dragons there."
"EN","agot_dragon_hatching.0403.opt.c","localization/replace/english/more_dragon_eggs_events_l_english.yml","151","Restore the Dragonkeepers in the Dragonmont, but hold the dragons here with me."
"EN","agot_dragon_hatching.0403.opt.d","localization/replace/english/more_dragon_eggs_events_l_english.yml","152","The dragons will be housed here in my dragonpit."
"EN","agot_dragon_hatching.0403.opt.e","localization/replace/english/more_dragon_eggs_events_l_english.yml","153","A dragon is not a slave, let them roam as they please."
"EN","agot_dragon_hatching.0403.opt.a.tt","localization/replace/english/more_dragon_eggs_events_l_english.yml","154","All unbonded dragons will be moved into your dragoncoop."
"EN","agot_dragon_hatching.0403.opt.b.tt","localization/replace/english/more_dragon_eggs_events_l_english.yml","155","The Dragonmont will become active again, and all unbonded dragons will be pitted there."
"EN","agot_dragon_hatching.0403.opt.c.tt","localization/replace/english/more_dragon_eggs_events_l_english.yml","156","The Dragonmont will become active again, but all unbonded dragons will be pitted in the dragonpit of your capital."
"EN","agot_dragon_hatching.0403.opt.d.tt","localization/replace/english/more_dragon_eggs_events_l_english.yml","157","All unbonded dragons will be pitted in the dragonpit of your capital."
"EN","agot_dragon_hatching.0403.opt.e.tt","localization/replace/english/more_dragon_eggs_events_l_english.yml","158","All unbonded dragons will be left unpitted.\n#X These dragons can become wild upon your death!#"
"EN","mde_egg_msg_found_intro","localization/replace/english/more_dragon_eggs_events_l_english.yml","163","Whispers of a remarkable discovery race through the harbors and market squares:\n\n"
"EN","mde_egg_msg_found_outro","localization/replace/english/more_dragon_eggs_events_l_english.yml","164","\n\nMany wonder whether it will ever hatch, and what [mde_egg_owner.GetSheHe] will do with it if it does."
"EN","mde_egg_toast_clutch_t","localization/replace/english/more_dragon_eggs_events_l_english.yml","165","[dragon_parent.GetNameNoTooltip] Lays a Clutch"
"EN","mde_egg_toast_clutch","localization/replace/english/more_dragon_eggs_events_l_english.yml","166","Word travels from keep to harbor on the wings of ravens and the tongues of sailors: a dragon has laid eggs!\n\n[dragon_parent.GetName], the [dragon_parent.Custom('GetDragonColorFull')] beast, has laid a clutch for [mde_egg_owner.GetTitledFirstName], including this [mde_toast_egg.GetName].\n\nIf they hatch, the world will have more dragons to fear."
"EN","mde_egg_toast_pickup_t","localization/replace/english/more_dragon_eggs_events_l_english.yml","167","[mde_egg_owner.GetFirstNameNoTooltip] Finds a Dragon Egg!"
"EN","mde_egg_toast_pickup_skagos","localization/replace/english/more_dragon_eggs_events_l_english.yml","168","$mde_egg_msg_found_intro$[mde_egg_owner.GetTitledFirstName] has found [mde_toast_egg.GetName] in the Cannibal's lair on Skagos.$mde_egg_msg_found_outro$"
"EN","mde_egg_toast_pickup_vale","localization/replace/english/more_dragon_eggs_events_l_english.yml","169","$mde_egg_msg_found_intro$[mde_egg_owner.GetTitledFirstName] has found [mde_toast_egg.GetName] in the Cave of the Fire Witch, high in the Mountains of the Moon.$mde_egg_msg_found_outro$"
"EN","mde_egg_toast_pickup_isle_of_faces","localization/replace/english/more_dragon_eggs_events_l_english.yml","170","$mde_egg_msg_found_intro$[mde_egg_owner.GetTitledFirstName] has found [mde_toast_egg.GetName] on the Isle of Faces.$mde_egg_msg_found_outro$"
"EN","mde_egg_toast_pickup_dragonstone","localization/replace/english/more_dragon_eggs_events_l_english.yml","171","$mde_egg_msg_found_intro$[mde_egg_owner.GetTitledFirstName] has found [mde_toast_egg.GetName] in the caves of Dragonstone.$mde_egg_msg_found_outro$"
"EN","mde_egg_toast_pickup_spicetown","localization/replace/english/more_dragon_eggs_events_l_english.yml","172","$mde_egg_msg_found_intro$[mde_egg_owner.GetTitledFirstName] has found [mde_toast_egg.GetName] deep in the ruins of Spicetown.$mde_egg_msg_found_outro$"
"EN","mde_egg_toast_pickup_old_wyk","localization/replace/english/more_dragon_eggs_events_l_english.yml","173","$mde_egg_msg_found_intro$[mde_egg_owner.GetTitledFirstName] has found [mde_toast_egg.GetName] at Nagga's Hill on Old Wyk.$mde_egg_msg_found_outro$"
"EN","mde_egg_toast_pickup_hellholt","localization/replace/english/more_dragon_eggs_events_l_english.yml","174","$mde_egg_msg_found_intro$[mde_egg_owner.GetTitledFirstName] has found [mde_toast_egg.GetName] among the remains of Meraxes at Hellholt.$mde_egg_msg_found_outro$"
"EN","mde_egg_toast_pickup_volantis","localization/replace/english/more_dragon_eggs_events_l_english.yml","175","$mde_egg_msg_found_intro$[mde_egg_owner.GetTitledFirstName] has found [mde_toast_egg.GetName] at an abandoned Valyrian camp near Volantis.$mde_egg_msg_found_outro$"
"EN","mde_egg_toast_pickup_qohor_road","localization/replace/english/more_dragon_eggs_events_l_english.yml","176","$mde_egg_msg_found_intro$[mde_egg_owner.GetTitledFirstName] has found [mde_toast_egg.GetName] along the old road from Qohor to Valyria.$mde_egg_msg_found_outro$"
"EN","mde_egg_toast_pickup_red_lake","localization/replace/english/more_dragon_eggs_events_l_english.yml","177","$mde_egg_msg_found_intro$[mde_egg_owner.GetTitledFirstName] has found [mde_toast_egg.GetName] in Silverwing's lair at the Red Lake.$mde_egg_msg_found_outro$"
"EN","mde_egg_toast_pickup_winterfell","localization/replace/english/more_dragon_eggs_events_l_english.yml","178","$mde_egg_msg_found_intro$[mde_egg_owner.GetTitledFirstName] has found [mde_toast_egg.GetName] in the crypts of Winterfell.$mde_egg_msg_found_outro$"
"EN","mde_egg_toast_pickup_summerhall","localization/replace/english/more_dragon_eggs_events_l_english.yml","179","$mde_egg_msg_found_intro$[mde_egg_owner.GetTitledFirstName] has found [mde_toast_egg.GetName] in the ruins of Summerhall.$mde_egg_msg_found_outro$"
"EN","mde_egg_toast_restoration_t","localization/replace/english/more_dragon_eggs_events_l_english.yml","180","A Dragon Egg Beneath the Rubble"
"EN","mde_egg_toast_restoration_summerhall","localization/replace/english/more_dragon_eggs_events_l_english.yml","181","Stonemasons and laborers carry the tale from the ruins of Summerhall to every inn along the Kingsroad:\n\nWhile clearing the rubble, the workers restoring the palace unearthed [mde_toast_egg.GetName], now in the hands of [mde_egg_owner.GetTitledFirstName].\n\nSome call it a blessing. Others say nothing good ever came out of Summerhall."
"EN","mde_egg_toast_restoration_spicetown","localization/replace/english/more_dragon_eggs_events_l_english.yml","182","Stonemasons and laborers carry the tale from the ruins of Spicetown to every port on Blackwater Bay:\n\nWhile clearing the burned-out halls, the workers restoring the town unearthed [mde_toast_egg.GetName], now in the hands of [mde_egg_owner.GetTitledFirstName].\n\nThe smallfolk whisper that the ghosts of the Gullet have finally given something back."
"EN","mde_egg_toast_expedition_t","localization/replace/english/more_dragon_eggs_events_l_english.yml","183","[mde_egg_owner.GetFirstNameNoTooltip] Returns with a Dragon Egg"
"EN","mde_egg_toast_expedition_valyria","localization/replace/english/more_dragon_eggs_events_l_english.yml","184","Sailors who swear they saw the Smoking Sea with their own eyes tell the same astonishing story in every harbor:\n\n[mde_egg_owner.GetTitledFirstName] has returned from the ruins of Valyria bearing [mde_toast_egg.GetName].\n\nFew who sail for the Fourteen Flames ever return, and fewer still return with treasure."
"EN","mde_egg_toast_expedition_adventure","localization/replace/english/more_dragon_eggs_events_l_english.yml","185","Travelers and sellswords spread the news of a daring adventure come home:\n\nAn expedition funded by [mde_egg_owner.GetTitledFirstName] has returned with [mde_toast_egg.GetName].\n\nWhere it was found, the adventurers are keeping to themselves."
"EN","mde_egg_toast_expedition_trade","localization/replace/english/more_dragon_eggs_events_l_english.yml","186","Merchants and ship captains speak of little else:\n\nA trade expedition funded by [mde_egg_owner.GetTitledFirstName] has returned from distant lands with [mde_toast_egg.GetName] among its cargo.\n\nNo price, they say, could match what it is worth."
"EN","mde_egg_toast_secret_t","localization/replace/english/more_dragon_eggs_events_l_english.yml","187","The Hightower's Hidden Egg"
"EN","mde_egg_toast_secret_hightower","localization/replace/english/more_dragon_eggs_events_l_english.yml","188","Gossip spreads from the halls of Oldtown to every corner of the realm:\n\nHouse Hightower has long hidden a dragon egg, and [mde_egg_owner.GetTitledFirstName] has now brought [mde_toast_egg.GetName] out into the light.\n\nThe maesters of the Citadel are said to be most displeased."
"EN","mde_egg_toast_market_t","localization/replace/english/more_dragon_eggs_events_l_english.yml","189","A Dragon Egg for Sale"
"EN","mde_egg_toast_market","localization/replace/english/more_dragon_eggs_events_l_english.yml","190","Merchants in the great markets of the east are abuzz:\n\n[mde_toast_egg.GetName] has appeared among the wares of the artifact market, waiting for a buyer rich enough to claim it."
"EN","mde_egg_toast_other_t","localization/replace/english/more_dragon_eggs_events_l_english.yml","191","A Dragon Egg Surfaces"
"EN","mde_egg_toast_other","localization/replace/english/more_dragon_eggs_events_l_english.yml","192","Rumor spreads through the harbors and merchant halls:\n\n[mde_toast_egg.GetName] has come into the hands of [mde_egg_owner.GetTitledFirstName]."
"EN","rule_use_dragon_pit_mover","localization/replace/english/more_dragon_eggs_gamerules_l_english.yml","3","@mde_icon!@dragon_majestic_icon!Use The MDE Dragonpit Mover"
"EN","setting_use_dragon_pit_mover_no","localization/replace/english/more_dragon_eggs_gamerules_l_english.yml","4","AGOT Base Game Setting"
"EN","setting_use_dragon_pit_mover_yes","localization/replace/english/more_dragon_eggs_gamerules_l_english.yml","5","@mde_icon!More Dragon Eggs"
"EN","setting_use_dragon_pit_mover_no_desc","localization/replace/english/more_dragon_eggs_gamerules_l_english.yml","7","This will disable the More Dragon Eggs added feature. There is currently no vanilla equivalent."
"EN","setting_use_dragon_pit_mover_yes_desc","localization/replace/english/more_dragon_eggs_gamerules_l_english.yml","8","This will enable the Dragonpit Mover menu made by More Dragon Eggs"
"EN","rule_show_dragon_portrait_on_start","localization/replace/english/more_dragon_eggs_gamerules_l_english.yml","10","@mde_icon!@dragon_majestic_icon!Show Dragon Portrait"
"EN","setting_show_dragon_portrait_on_start_no","localization/replace/english/more_dragon_eggs_gamerules_l_english.yml","11","No"
"EN","setting_show_dragon_portrait_on_start_yes","localization/replace/english/more_dragon_eggs_gamerules_l_english.yml","12","Yes"
"EN","setting_show_dragon_portrait_on_start_no_desc","localization/replace/english/more_dragon_eggs_gamerules_l_english.yml","14","Your Dragon's portrait will be hidden on game start. Can be enabled later."
"EN","setting_show_dragon_portrait_on_start_yes_desc","localization/replace/english/more_dragon_eggs_gamerules_l_english.yml","15","Your Dragon's portrait will be displayed in the bottom left corner of the screen next to your character's portrait from game start. Can be disabled later."
"EN","rule_mde_buttons","localization/replace/english/more_dragon_eggs_gamerules_l_english.yml","17","@mde_icon!@dragon_majestic_icon!More Dragon Eggs Extra UI"
"EN","setting_mde_buttons_off","localization/replace/english/more_dragon_eggs_gamerules_l_english.yml","18","Off"
"EN","setting_mde_buttons_standard","localization/replace/english/more_dragon_eggs_gamerules_l_english.yml","19","Standard"
"EN","setting_mde_buttons_all","localization/replace/english/more_dragon_eggs_gamerules_l_english.yml","20","All"
"EN","setting_mde_buttons_off_desc","localization/replace/english/more_dragon_eggs_gamerules_l_english.yml","22","All MDE buttons start hidden. They can be switched on from the MDE menu, opened from the pause menu."
"EN","setting_mde_buttons_standard_desc","localization/replace/english/more_dragon_eggs_gamerules_l_english.yml","23","The Dragonpit, Dragon, Egg and MDE menu buttons start shown. Kingsguard and Valyrian Steel can be switched on from the MDE menu."
"EN","setting_mde_buttons_all_desc","localization/replace/english/more_dragon_eggs_gamerules_l_english.yml","24","Every MDE button starts shown: Dragonpits, Dragons, Eggs, Kingsguard, Valyrian Steel and the MDE menu."
"EN","rule_can_hatch_multiple_dragons","localization/replace/english/more_dragon_eggs_gamerules_l_english.yml","26","@mde_icon!@hatching_icon!Hatch Multiple Eggs In A Ceremony"
"EN","setting_can_hatch_multiple_dragons_no","localization/replace/english/more_dragon_eggs_gamerules_l_english.yml","27","It Will Not Be Possible"
"EN","setting_can_hatch_multiple_dragons_yes_5_percent","localization/replace/english/more_dragon_eggs_gamerules_l_english.yml","28","Yes - 5% Chance Each"
"EN","setting_can_hatch_multiple_dragons_yes_25_percent","localization/replace/english/more_dragon_eggs_gamerules_l_english.yml","29","Yes - 25% Chance Each"
"EN","setting_can_hatch_multiple_dragons_yes_50_percent","localization/replace/english/more_dragon_eggs_gamerules_l_english.yml","30","Yes - 50% Chance Each"
"EN","setting_can_hatch_multiple_dragons_yes_75_percent","localization/replace/english/more_dragon_eggs_gamerules_l_english.yml","31","Yes - 75% Chance Each"
"EN","setting_can_hatch_multiple_dragons_yes_95_percent","localization/replace/english/more_dragon_eggs_gamerules_l_english.yml","32","Yes - 95% Chance Each"
"EN","setting_can_hatch_multiple_dragons_yes_all","localization/replace/english/more_dragon_eggs_gamerules_l_english.yml","33","All Eggs Will Hatch"
"EN","setting_can_hatch_multiple_dragons_no_desc","localization/replace/english/more_dragon_eggs_gamerules_l_english.yml","35","There will be no chance that any other egg than the selected one will hatch from a successful hatching."
"EN","setting_can_hatch_multiple_dragons_yes_5_percent_desc","localization/replace/english/more_dragon_eggs_gamerules_l_english.yml","36","There will be a 5% chance that any other egg than the selected one will hatch from a successful hatching."
"EN","setting_can_hatch_multiple_dragons_yes_25_percent_desc","localization/replace/english/more_dragon_eggs_gamerules_l_english.yml","37","There will be a 25% chance that any other egg than the selected one will hatch from a successful hatching."
"EN","setting_can_hatch_multiple_dragons_yes_50_percent_desc","localization/replace/english/more_dragon_eggs_gamerules_l_english.yml","38","There will be a 50% chance that any other egg than the selected one will hatch from a successful hatching."
"EN","setting_can_hatch_multiple_dragons_yes_75_percent_desc","localization/replace/english/more_dragon_eggs_gamerules_l_english.yml","39","There will be a 75% chance that any other egg than the selected one will hatch from a successful hatching."
"EN","setting_can_hatch_multiple_dragons_yes_95_percent_desc","localization/replace/english/more_dragon_eggs_gamerules_l_english.yml","40","There will be a 95% chance that any other egg than the selected one will hatch from a successful hatching."
"EN","setting_can_hatch_multiple_dragons_yes_all_desc","localization/replace/english/more_dragon_eggs_gamerules_l_english.yml","41","Every dragon egg in the character's inventory will hatch into an owned dragon in a successful hatching."
"EN","rule_dragon_hatching_success_chance","localization/replace/english/more_dragon_eggs_gamerules_l_english.yml","43","@mde_icon!@hatching_icon!Dragon Hatching Success Chance"
"EN","setting_dragon_hatching_guaranteed","localization/replace/english/more_dragon_eggs_gamerules_l_english.yml","44","Guaranteed"
"EN","setting_dragon_hatching_normal","localization/replace/english/more_dragon_eggs_gamerules_l_english.yml","45","Default"
"EN","setting_dragon_hatching_5_percent","localization/replace/english/more_dragon_eggs_gamerules_l_english.yml","46","5% Chance"
"EN","setting_dragon_hatching_25_percent","localization/replace/english/more_dragon_eggs_gamerules_l_english.yml","47","25% Chance"
"EN","setting_dragon_hatching_50_percent","localization/replace/english/more_dragon_eggs_gamerules_l_english.yml","48","50% Chance"
"EN","setting_dragon_hatching_75_percent","localization/replace/english/more_dragon_eggs_gamerules_l_english.yml","49","75% Chance"
"EN","setting_dragon_hatching_95_percent","localization/replace/english/more_dragon_eggs_gamerules_l_english.yml","50","95% Chance"
"EN","setting_dragon_hatching_not","localization/replace/english/more_dragon_eggs_gamerules_l_english.yml","51","Fail"
"EN","setting_dragon_hatching_guaranteed_desc","localization/replace/english/more_dragon_eggs_gamerules_l_english.yml","53","The dragon hatching activity will succeed in spawning a dragon"
"EN","setting_dragon_hatching_normal_desc","localization/replace/english/more_dragon_eggs_gamerules_l_english.yml","54","The dragon hatching activity will follow the default probability of success and failure."
"EN","setting_dragon_hatching_5_percent_desc","localization/replace/english/more_dragon_eggs_gamerules_l_english.yml","55","An egg of medium hatching likelihood has about a 5% chance of hatching. Eggs more or less likely to hatch scale up or down from there."
"EN","setting_dragon_hatching_25_percent_desc","localization/replace/english/more_dragon_eggs_gamerules_l_english.yml","56","An egg of medium hatching likelihood has about a 25% chance of hatching. Eggs more or less likely to hatch scale up or down from there."
"EN","setting_dragon_hatching_50_percent_desc","localization/replace/english/more_dragon_eggs_gamerules_l_english.yml","57","An egg of medium hatching likelihood has about a 50% chance of hatching. Eggs more or less likely to hatch scale up or down from there."
"EN","setting_dragon_hatching_75_percent_desc","localization/replace/english/more_dragon_eggs_gamerules_l_english.yml","58","An egg of medium hatching likelihood has about a 75% chance of hatching. Eggs more or less likely to hatch scale up or down from there."
"EN","setting_dragon_hatching_95_percent_desc","localization/replace/english/more_dragon_eggs_gamerules_l_english.yml","59","An egg of medium hatching likelihood has about a 95% chance of hatching. Eggs more or less likely to hatch scale up or down from there."
"EN","setting_dragon_hatching_not_desc","localization/replace/english/more_dragon_eggs_gamerules_l_english.yml","60","The dragon hatching activity will fail."
"EN","rule_extant_hatching_ceremonies","localization/replace/english/more_dragon_eggs_gamerules_l_english.yml","62","@mde_icon!@hatching_icon!Are Hatching Ceremonies Always Available"
"EN","setting_extant_hatching_ceremonies_yes","localization/replace/english/more_dragon_eggs_gamerules_l_english.yml","63","Yes"
"EN","setting_extant_hatching_ceremonies_no","localization/replace/english/more_dragon_eggs_gamerules_l_english.yml","64","No"
"EN","setting_extant_hatching_ceremonies_yes_desc","localization/replace/english/more_dragon_eggs_gamerules_l_english.yml","66","Hatching ceremonies will be possible if dragons are extant."
"EN","setting_extant_hatching_ceremonies_no_desc","localization/replace/english/more_dragon_eggs_gamerules_l_english.yml","67","Hatching ceremonies will not be possible if dragons are extant."
"EN","rule_dragon_egg_spawn_likelihood_player","localization/replace/english/more_dragon_eggs_gamerules_l_english.yml","69","@mde_icon!@iceFire_dragon_egg_icon!Player Dragon Egg Map Spawn"
"EN","setting_no_spawns","localization/replace/english/more_dragon_eggs_gamerules_l_english.yml","70","Player No Spawns"
"EN","setting_1_in_1200","localization/replace/english/more_dragon_eggs_gamerules_l_english.yml","71","1/1200"
"EN","setting_1_in_900","localization/replace/english/more_dragon_eggs_gamerules_l_english.yml","72","1/900"
"EN","setting_1_in_600","localization/replace/english/more_dragon_eggs_gamerules_l_english.yml","73","1/600"
"EN","setting_1_in_300","localization/replace/english/more_dragon_eggs_gamerules_l_english.yml","74","1/300 (Default)"
"EN","setting_1_in_150","localization/replace/english/more_dragon_eggs_gamerules_l_english.yml","75","1/150"
"EN","setting_1_in_50","localization/replace/english/more_dragon_eggs_gamerules_l_english.yml","76","1/50"
"EN","setting_1_in_25","localization/replace/english/more_dragon_eggs_gamerules_l_english.yml","77","1/25"
"EN","setting_1_in_5","localization/replace/english/more_dragon_eggs_gamerules_l_english.yml","78","1/5"
"EN","setting_1_in_2","localization/replace/english/more_dragon_eggs_gamerules_l_english.yml","79","1/2"
"EN","setting_absolute_spawn","localization/replace/english/more_dragon_eggs_gamerules_l_english.yml","80","Player Guaranteed Spawns"
"EN","setting_no_spawns_desc","localization/replace/english/more_dragon_eggs_gamerules_l_english.yml","82","No dragon eggs can be picked up on the map by any player, either from any of the dragonlore locations, Winterfell, or by decisions such as A Day On Dragonstone or Escape to Summerhall/Rebuild Summerhall."
"EN","setting_1_in_1200_desc","localization/replace/english/more_dragon_eggs_gamerules_l_english.yml","83","~1/1200 (0.083%) chance for any player to pick up dragon eggs from a location or decision."
"EN","setting_1_in_900_desc","localization/replace/english/more_dragon_eggs_gamerules_l_english.yml","84","~1/900 (0.111%) chance for any player to pick up dragon eggs from a location or decision."
"EN","setting_1_in_600_desc","localization/replace/english/more_dragon_eggs_gamerules_l_english.yml","85","~1/600 (0.167%) chance for any player to pick up dragon eggs from a location or decision."
"EN","setting_1_in_300_desc","localization/replace/english/more_dragon_eggs_gamerules_l_english.yml","86","~1/300 (0.333%) chance for any player to pick up dragon eggs from a location or decision. This is the default AGOT chance."
"EN","setting_1_in_150_desc","localization/replace/english/more_dragon_eggs_gamerules_l_english.yml","87","~1/150 (0.667%) chance for any player to pick up dragon eggs from a location or decision."
"EN","setting_1_in_50_desc","localization/replace/english/more_dragon_eggs_gamerules_l_english.yml","88","~1/50 (2%) chance for any player to pick up dragon eggs from a location or decision."
"EN","setting_1_in_25_desc","localization/replace/english/more_dragon_eggs_gamerules_l_english.yml","89","~1/25 (4%) chance for any player to pick up dragon eggs from a location or decision."
"EN","setting_1_in_5_desc","localization/replace/english/more_dragon_eggs_gamerules_l_english.yml","90","~1/5 (20%) chance for any player to pick up dragon eggs from a location or decision."
"EN","setting_1_in_2_desc","localization/replace/english/more_dragon_eggs_gamerules_l_english.yml","91","~1/2 (50%) chance for any player to pick up dragon eggs from a location or decision."
"EN","setting_absolute_spawn_desc","localization/replace/english/more_dragon_eggs_gamerules_l_english.yml","92","Guaranteed chance for the first player to visit these locations or take the decisions to pick up the dragon eggs."
"EN","rule_dragon_egg_spawn_likelihood_ai","localization/replace/english/more_dragon_eggs_gamerules_l_english.yml","94","@mde_icon!@iceFire_dragon_egg_icon!AI Dragon Egg Map Spawn"
"EN","setting_no_spawns_ai","localization/replace/english/more_dragon_eggs_gamerules_l_english.yml","95","AI No Spawns"
"EN","setting_1_in_1200_ai","localization/replace/english/more_dragon_eggs_gamerules_l_english.yml","96","1/1200"
"EN","setting_1_in_900_ai","localization/replace/english/more_dragon_eggs_gamerules_l_english.yml","97","1/900"
"EN","setting_1_in_600_ai","localization/replace/english/more_dragon_eggs_gamerules_l_english.yml","98","1/600"
"EN","setting_1_in_300_ai","localization/replace/english/more_dragon_eggs_gamerules_l_english.yml","99","1/300 (Default)"
"EN","setting_1_in_150_ai","localization/replace/english/more_dragon_eggs_gamerules_l_english.yml","100","1/150"
"EN","setting_1_in_50_ai","localization/replace/english/more_dragon_eggs_gamerules_l_english.yml","101","1/50"
"EN","setting_1_in_25_ai","localization/replace/english/more_dragon_eggs_gamerules_l_english.yml","102","1/25"
"EN","setting_1_in_5_ai","localization/replace/english/more_dragon_eggs_gamerules_l_english.yml","103","1/5"
"EN","setting_1_in_2_ai","localization/replace/english/more_dragon_eggs_gamerules_l_english.yml","104","1/2"
"EN","setting_absolute_spawn_ai","localization/replace/english/more_dragon_eggs_gamerules_l_english.yml","105","AI Guaranteed Spawns"
"EN","setting_no_spawns_ai_desc","localization/replace/english/more_dragon_eggs_gamerules_l_english.yml","107","No dragon eggs can be picked up on the map by any AI, either from any of the dragonlore locations, Winterfell, or by decisions such as A Day On Dragonstone or Escape to Summerhall/Rebuild Summerhall."
"EN","setting_1_in_1200_ai_desc","localization/replace/english/more_dragon_eggs_gamerules_l_english.yml","108","~1/1200 (0.083%) chance for any AI to pick up dragon eggs from a location or decision."
"EN","setting_1_in_900_ai_desc","localization/replace/english/more_dragon_eggs_gamerules_l_english.yml","109","~1/900 (0.111%) chance for any AI to pick up dragon eggs from a location or decision."
"EN","setting_1_in_600_ai_desc","localization/replace/english/more_dragon_eggs_gamerules_l_english.yml","110","~1/600 (0.167%) chance for any AI to pick up dragon eggs from a location or decision."
"EN","setting_1_in_300_ai_desc","localization/replace/english/more_dragon_eggs_gamerules_l_english.yml","111","~1/300 (0.333%) chance for any AI to pick up dragon eggs from a location or decision. This is the default AGOT chance."
"EN","setting_1_in_150_ai_desc","localization/replace/english/more_dragon_eggs_gamerules_l_english.yml","112","~1/150 (0.667%) chance for any AI to pick up dragon eggs from a location or decision."
"EN","setting_1_in_50_ai_desc","localization/replace/english/more_dragon_eggs_gamerules_l_english.yml","113","~1/50 (2%) chance for any AI to pick up dragon eggs from a location or decision."
"EN","setting_1_in_25_ai_desc","localization/replace/english/more_dragon_eggs_gamerules_l_english.yml","114","~1/25 (4%) chance for any AI to pick up dragon eggs from a location or decision."
"EN","setting_1_in_5_ai_desc","localization/replace/english/more_dragon_eggs_gamerules_l_english.yml","115","~1/5 (20%) chance for any AI to pick up dragon eggs from a location or decision."
"EN","setting_1_in_2_ai_desc","localization/replace/english/more_dragon_eggs_gamerules_l_english.yml","116","~1/2 (50%) chance for any AI to pick up dragon eggs from a location or decision."
"EN","setting_absolute_spawn_ai_desc","localization/replace/english/more_dragon_eggs_gamerules_l_english.yml","117","Guaranteed chance for the first AI character to visit these locations or take the decisions to pick up the dragon eggs."
"EN","rule_spawn_cannibal_egg","localization/replace/english/more_dragon_eggs_gamerules_l_english.yml","119","@mde_icon!@wildfire_dragon_egg_icon!Spawn Cannibal Egg"
"EN","setting_spawn_cannibal_egg_enabled","localization/replace/english/more_dragon_eggs_gamerules_l_english.yml","120","Enabled"
"EN","setting_spawn_cannibal_egg_disabled","localization/replace/english/more_dragon_eggs_gamerules_l_english.yml","121","Disabled"
"EN","setting_spawn_cannibal_egg_enabled_desc","localization/replace/english/more_dragon_eggs_gamerules_l_english.yml","123","Cannibal descended dragon egg can be picked up by travelers going to Skagos."
"EN","setting_spawn_cannibal_egg_disabled_desc","localization/replace/english/more_dragon_eggs_gamerules_l_english.yml","124","The Dragonlore event on Skagos will remain but it will never spawn a dragon egg."
"EN","rule_spawn_sheepstealer_egg","localization/replace/english/more_dragon_eggs_gamerules_l_english.yml","126","@mde_icon!@brown_dragon_egg_icon!Spawn Sheepstealer Egg"
"EN","setting_spawn_sheepstealer_egg_enabled","localization/replace/english/more_dragon_eggs_gamerules_l_english.yml","127","Enabled"
"EN","setting_spawn_sheepstealer_egg_disabled","localization/replace/english/more_dragon_eggs_gamerules_l_english.yml","128","Disabled"
"EN","setting_spawn_sheepstealer_egg_enabled_desc","localization/replace/english/more_dragon_eggs_gamerules_l_english.yml","130","Sheepstealer descended dragon egg can be picked up by travelers going into the Mountains of the Vale."
"EN","setting_spawn_sheepstealer_egg_disabled_desc","localization/replace/english/more_dragon_eggs_gamerules_l_english.yml","131","The Dragonlore event in the Vale will remain but it will never spawn a dragon egg."
"EN","rule_spawn_vhagar_egg","localization/replace/english/more_dragon_eggs_gamerules_l_english.yml","133","@mde_icon!@vhagar_dragon_egg_icon!Spawn Vhagar Egg"
"EN","setting_spawn_vhagar_egg_enabled","localization/replace/english/more_dragon_eggs_gamerules_l_english.yml","134","Enabled"
"EN","setting_spawn_vhagar_egg_disabled","localization/replace/english/more_dragon_eggs_gamerules_l_english.yml","135","Disabled"
"EN","setting_spawn_vhagar_egg_enabled_desc","localization/replace/english/more_dragon_eggs_gamerules_l_english.yml","137","Vhagar descended dragon egg can be picked up by travelers going to Harrenhal."
"EN","setting_spawn_vhagar_egg_disabled_desc","localization/replace/english/more_dragon_eggs_gamerules_l_english.yml","138","The Dragonlore event in Harrenhal will remain but it will never spawn a dragon egg."
"EN","rule_spawn_moondancer_egg","localization/replace/english/more_dragon_eggs_gamerules_l_english.yml","140","@mde_icon!@palebluepink_dragon_egg_icon!Spawn Moondancer Egg"
"EN","setting_spawn_moondancer_egg_enabled","localization/replace/english/more_dragon_eggs_gamerules_l_english.yml","141","Enabled"
"EN","setting_spawn_moondancer_egg_disabled","localization/replace/english/more_dragon_eggs_gamerules_l_english.yml","142","Disabled"
"EN","setting_spawn_moondancer_egg_enabled_desc","localization/replace/english/more_dragon_eggs_gamerules_l_english.yml","144","Moondancer descended dragon egg can be picked up by travelers going to the ruins of Spicetown."
"EN","setting_spawn_moondancer_egg_disabled_desc","localization/replace/english/more_dragon_eggs_gamerules_l_english.yml","145","The Dragonlore event in the ruins of Spicetown will remain but it will never spawn a dragon egg."
"EN","rule_spawn_nagga_egg","localization/replace/english/more_dragon_eggs_gamerules_l_english.yml","147","@mde_icon!@darkblue_dragon_egg_icon!Spawn Nagga Egg"
"EN","setting_spawn_nagga_egg_enabled","localization/replace/english/more_dragon_eggs_gamerules_l_english.yml","148","Enabled"
"EN","setting_spawn_nagga_egg_disabled","localization/replace/english/more_dragon_eggs_gamerules_l_english.yml","149","Disabled"
"EN","setting_spawn_nagga_egg_enabled_desc","localization/replace/english/more_dragon_eggs_gamerules_l_english.yml","151","Nagga descended dragon egg can be picked up by travelers going to Nagga's Hill."
"EN","setting_spawn_nagga_egg_disabled_desc","localization/replace/english/more_dragon_eggs_gamerules_l_english.yml","152","The Dragonlore event on Nagga's Hill will remain but it will never spawn a dragon egg."
"EN","rule_spawn_meraxes_egg","localization/replace/english/more_dragon_eggs_gamerules_l_english.yml","154","@mde_icon!@whitegold_dragon_egg_icon!Spawn Meraxes Egg"
"EN","setting_spawn_meraxes_egg_enabled","localization/replace/english/more_dragon_eggs_gamerules_l_english.yml","155","Enabled"
"EN","setting_spawn_meraxes_egg_disabled","localization/replace/english/more_dragon_eggs_gamerules_l_english.yml","156","Disabled"
"EN","setting_spawn_meraxes_egg_enabled_desc","localization/replace/english/more_dragon_eggs_gamerules_l_english.yml","158","Meraxes descended dragon egg can be picked up by travelers going to the Hellholt."
"EN","setting_spawn_meraxes_egg_disabled_desc","localization/replace/english/more_dragon_eggs_gamerules_l_english.yml","159","The Dragonlore event in the Hellholt will remain but it will never spawn a dragon egg."
"EN","rule_spawn_pythax_egg","localization/replace/english/more_dragon_eggs_gamerules_l_english.yml","161","@mde_icon!@darkpurple_dragon_egg_icon!Spawn Pythax Egg"
"EN","setting_spawn_pythax_egg_enabled","localization/replace/english/more_dragon_eggs_gamerules_l_english.yml","162","Enabled"
"EN","setting_spawn_pythax_egg_disabled","localization/replace/english/more_dragon_eggs_gamerules_l_english.yml","163","Disabled"
"EN","setting_spawn_pythax_egg_enabled_desc","localization/replace/english/more_dragon_eggs_gamerules_l_english.yml","165","Pythax descended dragon egg can be picked up by travelers going to southern Essos."
"EN","setting_spawn_pythax_egg_disabled_desc","localization/replace/english/more_dragon_eggs_gamerules_l_english.yml","166","The Dragonlore event in southern Essos will remain but it will never spawn a dragon egg."
"EN","rule_spawn_vassarion_egg","localization/replace/english/more_dragon_eggs_gamerules_l_english.yml","168","@mde_icon!@gold_dragon_egg_icon!Spawn Vassarion Egg"
"EN","setting_spawn_vassarion_egg_enabled","localization/replace/english/more_dragon_eggs_gamerules_l_english.yml","169","Enabled"
"EN","setting_spawn_vassarion_egg_disabled","localization/replace/english/more_dragon_eggs_gamerules_l_english.yml","170","Disabled"
"EN","setting_spawn_vassarion_egg_enabled_desc","localization/replace/english/more_dragon_eggs_gamerules_l_english.yml","172","Vassarion descended dragon egg can be picked up by travelers going to eastern Andalos."
"EN","setting_spawn_vassarion_egg_disabled_desc","localization/replace/english/more_dragon_eggs_gamerules_l_english.yml","173","The Dragonlore event in eastern Andalos will remain but it will never spawn a dragon egg."
"EN","rule_spawn_hightower_egg","localization/replace/english/more_dragon_eggs_gamerules_l_english.yml","175","@mde_icon!@blue_dragon_egg_icon!Spawn Hightower Egg"
"EN","setting_spawn_hightower_egg_secret","localization/replace/english/more_dragon_eggs_gamerules_l_english.yml","176","Enabled - Secret"
"EN","setting_spawn_hightower_egg_enabled","localization/replace/english/more_dragon_eggs_gamerules_l_english.yml","177","Enabled"
"EN","setting_spawn_hightower_egg_disabled","localization/replace/english/more_dragon_eggs_gamerules_l_english.yml","178","Disabled"
"EN","setting_spawn_hightower_egg_secret_desc","localization/replace/english/more_dragon_eggs_gamerules_l_english.yml","180","The Hightowers will start with a hidden artifact secret that can be revealed to be a Tessarion and Seasmoke dragon egg."
"EN","setting_spawn_hightower_egg_enabled_desc","localization/replace/english/more_dragon_eggs_gamerules_l_english.yml","181","Tessarion + Seasmoke is held by the owner of the High Tower at game start (always the main Hightower)."
"EN","setting_spawn_hightower_egg_disabled_desc","localization/replace/english/more_dragon_eggs_gamerules_l_english.yml","182","The Hightowers will not start with a dragon egg."
"EN","rule_spawn_dragonstone_eggs","localization/replace/english/more_dragon_eggs_gamerules_l_english.yml","184","@mde_icon!@rainbow_dragon_egg_icon!Spawn Dragonstone Eggs"
"EN","setting_spawn_dragonstone_eggs_enabled","localization/replace/english/more_dragon_eggs_gamerules_l_english.yml","186","Enabled"
"EN","setting_spawn_dragonstone_eggs_disabled","localization/replace/english/more_dragon_eggs_gamerules_l_english.yml","187","Disabled"
"EN","setting_spawn_dragonstone_eggs_disabled_ai_blocked","localization/replace/english/more_dragon_eggs_gamerules_l_english.yml","188","Disabled for AI"
"EN","setting_spawn_dragonstone_eggs_enabled_desc","localization/replace/english/more_dragon_eggs_gamerules_l_english.yml","190","Nessarion/Meraxes/Vhagar/Quicksilver/Dreamfyre/Meleys/Silverwing + Vermithor/Syrax + Caraxes dragon eggs of any color can be picked up by travelers going to Dragonstone"
"EN","setting_spawn_dragonstone_eggs_disabled_desc","localization/replace/english/more_dragon_eggs_gamerules_l_english.yml","191","The Dragonlore event in Dragonstone will remain but it will never spawn a dragon egg by visiting, A Day On Dragonstone and Adventurer Inspirations to Dragonstone will remain unchanged."
"EN","setting_spawn_dragonstone_eggs_disabled_ai_blocked_desc","localization/replace/english/more_dragon_eggs_gamerules_l_english.yml","192","The Dragonlore event in Dragonstone is blocked for AI to prevent egg overabundance. A Day On Dragonstone and Adventurer Inspirations to Dragonstone will remain unchanged."
"EN","rule_spawn_starting_eggs","localization/replace/english/more_dragon_eggs_gamerules_l_english.yml","199","@mde_icon!@white_dragon_egg_icon!Spawn Starting Eggs"
"EN","setting_spawn_starting_eggs_enabled","localization/replace/english/more_dragon_eggs_gamerules_l_english.yml","200","Enabled"
"EN","setting_spawn_starting_eggs_disabled","localization/replace/english/more_dragon_eggs_gamerules_l_english.yml","201","Disabled"
"EN","setting_spawn_starting_eggs_enabled_desc","localization/replace/english/more_dragon_eggs_gamerules_l_english.yml","203","Characters will start with lore accurate dragon eggs in their inventory."
"EN","setting_spawn_starting_eggs_disabled_desc","localization/replace/english/more_dragon_eggs_gamerules_l_english.yml","204","Characters won't start with lore accurate dragon eggs in their inventory."
"EN","rule_cradle_egg_hatch_likelihood_player","localization/replace/english/more_dragon_eggs_gamerules_l_english.yml","210","@mde_icon!@white_dragon_egg_icon!Player Cradled Egg Hatching Likelihood"
"EN","setting_cradle_egg_hatch_likelihood_never","localization/replace/english/more_dragon_eggs_gamerules_l_english.yml","211","Never"
"EN","setting_cradle_egg_hatch_likelihood_rare","localization/replace/english/more_dragon_eggs_gamerules_l_english.yml","212","Rare"
"EN","setting_cradle_egg_hatch_likelihood_less_likely","localization/replace/english/more_dragon_eggs_gamerules_l_english.yml","213","Less Likely"
"EN","setting_cradle_egg_hatch_likelihood_default","localization/replace/english/more_dragon_eggs_gamerules_l_english.yml","214","Default"
"EN","setting_cradle_egg_hatch_likelihood_more_likely","localization/replace/english/more_dragon_eggs_gamerules_l_english.yml","215","More Likely"
"EN","setting_cradle_egg_hatch_likelihood_common","localization/replace/english/more_dragon_eggs_gamerules_l_english.yml","216","Common"
"EN","setting_cradle_egg_hatch_likelihood_always","localization/replace/english/more_dragon_eggs_gamerules_l_english.yml","217","Always"
"EN","setting_cradle_egg_hatch_likelihood_never_desc","localization/replace/english/more_dragon_eggs_gamerules_l_english.yml","219","Eggs cradled by players and their families will never hatch."
"EN","setting_cradle_egg_hatch_likelihood_rare_desc","localization/replace/english/more_dragon_eggs_gamerules_l_english.yml","220","Eggs cradled by players and their families will rarely ever hatch."
"EN","setting_cradle_egg_hatch_likelihood_less_likely_desc","localization/replace/english/more_dragon_eggs_gamerules_l_english.yml","221","Eggs cradled by players and their families will hatch less often than normal."
"EN","setting_cradle_egg_hatch_likelihood_default_desc","localization/replace/english/more_dragon_eggs_gamerules_l_english.yml","222","Eggs cradled by players and their families will use the vanilla odds to determine if they will hatch."
"EN","setting_cradle_egg_hatch_likelihood_more_likely_desc","localization/replace/english/more_dragon_eggs_gamerules_l_english.yml","223","Eggs cradled by players and their families are more likely to hatch than normal."
"EN","setting_cradle_egg_hatch_likelihood_common_desc","localization/replace/english/more_dragon_eggs_gamerules_l_english.yml","224","Eggs cradled by players and their families have a high chance to successfully hatch."
"EN","setting_cradle_egg_hatch_likelihood_always_desc","localization/replace/english/more_dragon_eggs_gamerules_l_english.yml","225","Eggs cradled by players and their families will never become duds."
"EN","rule_cradle_egg_hatch_likelihood_ai","localization/replace/english/more_dragon_eggs_gamerules_l_english.yml","227","@mde_icon!@white_dragon_egg_icon!AI Cradled Egg Hatching Likelihood"
"EN","setting_cradle_egg_hatch_likelihood_wont_cradle_ai","localization/replace/english/more_dragon_eggs_gamerules_l_english.yml","228","Won't Cradle"
"EN","setting_cradle_egg_hatch_likelihood_never_ai","localization/replace/english/more_dragon_eggs_gamerules_l_english.yml","229","Never"
"EN","setting_cradle_egg_hatch_likelihood_rare_ai","localization/replace/english/more_dragon_eggs_gamerules_l_english.yml","230","Rare"
"EN","setting_cradle_egg_hatch_likelihood_less_likely_ai","localization/replace/english/more_dragon_eggs_gamerules_l_english.yml","231","Less Likely"
"EN","setting_cradle_egg_hatch_likelihood_default_ai","localization/replace/english/more_dragon_eggs_gamerules_l_english.yml","232","Default"
"EN","setting_cradle_egg_hatch_likelihood_more_likely_ai","localization/replace/english/more_dragon_eggs_gamerules_l_english.yml","233","More Likely"
"EN","setting_cradle_egg_hatch_likelihood_common_ai","localization/replace/english/more_dragon_eggs_gamerules_l_english.yml","234","Common"
"EN","setting_cradle_egg_hatch_likelihood_always_ai","localization/replace/english/more_dragon_eggs_gamerules_l_english.yml","235","Always"
"EN","setting_cradle_egg_hatch_likelihood_wont_cradle_ai_desc","localization/replace/english/more_dragon_eggs_gamerules_l_english.yml","237","The AI won't cradle dragon eggs."
"EN","setting_cradle_egg_hatch_likelihood_never_ai_desc","localization/replace/english/more_dragon_eggs_gamerules_l_english.yml","238","Eggs cradled by the AI will never hatch."
"EN","setting_cradle_egg_hatch_likelihood_rare_ai_desc","localization/replace/english/more_dragon_eggs_gamerules_l_english.yml","239","Eggs cradled by the AI will rarely ever hatch."
"EN","setting_cradle_egg_hatch_likelihood_less_likely_ai_desc","localization/replace/english/more_dragon_eggs_gamerules_l_english.yml","240","Eggs cradled by the AI will hatch less often than normal."
"EN","setting_cradle_egg_hatch_likelihood_default_ai_desc","localization/replace/english/more_dragon_eggs_gamerules_l_english.yml","241","Eggs cradled by the AI will use the vanilla odds to determine if they will hatch."
"EN","setting_cradle_egg_hatch_likelihood_more_likely_ai_desc","localization/replace/english/more_dragon_eggs_gamerules_l_english.yml","242","Eggs cradled by the AI are more likely to hatch than normal."
"EN","setting_cradle_egg_hatch_likelihood_common_ai_desc","localization/replace/english/more_dragon_eggs_gamerules_l_english.yml","243","Eggs cradled by the AI have a high chance to successfully hatch."
"EN","setting_cradle_egg_hatch_likelihood_always_ai_desc","localization/replace/english/more_dragon_eggs_gamerules_l_english.yml","244","Eggs cradled by the AI will never become duds."
"EN","rule_pit_egg_hatch_likelihood_player","localization/replace/english/more_dragon_eggs_gamerules_l_english.yml","246","@mde_icon!@white_dragon_egg_icon!Player Pitted Egg Hatching Likelihood"
"EN","setting_pit_egg_hatch_likelihood_never","localization/replace/english/more_dragon_eggs_gamerules_l_english.yml","247","Never"
"EN","setting_pit_egg_hatch_likelihood_rare","localization/replace/english/more_dragon_eggs_gamerules_l_english.yml","248","Rare"
"EN","setting_pit_egg_hatch_likelihood_less_likely","localization/replace/english/more_dragon_eggs_gamerules_l_english.yml","249","Less Likely"
"EN","setting_pit_egg_hatch_likelihood_default","localization/replace/english/more_dragon_eggs_gamerules_l_english.yml","250","Default"
"EN","setting_pit_egg_hatch_likelihood_more_likely","localization/replace/english/more_dragon_eggs_gamerules_l_english.yml","251","More Likely"
"EN","setting_pit_egg_hatch_likelihood_common","localization/replace/english/more_dragon_eggs_gamerules_l_english.yml","252","Common"
"EN","setting_pit_egg_hatch_likelihood_always","localization/replace/english/more_dragon_eggs_gamerules_l_english.yml","253","Always"
"EN","setting_pit_egg_hatch_likelihood_never_desc","localization/replace/english/more_dragon_eggs_gamerules_l_english.yml","255","Eggs placed in a player's dragonpit will never hatch."
"EN","setting_pit_egg_hatch_likelihood_rare_desc","localization/replace/english/more_dragon_eggs_gamerules_l_english.yml","256","Eggs placed in a player's dragonpit will rarely ever hatch."
"EN","setting_pit_egg_hatch_likelihood_less_likely_desc","localization/replace/english/more_dragon_eggs_gamerules_l_english.yml","257","Eggs placed in a player's dragonpit will hatch less often than normal."
"EN","setting_pit_egg_hatch_likelihood_default_desc","localization/replace/english/more_dragon_eggs_gamerules_l_english.yml","258","Eggs placed in a player's dragonpit will use the vanilla odds to determine if they will hatch."
"EN","setting_pit_egg_hatch_likelihood_more_likely_desc","localization/replace/english/more_dragon_eggs_gamerules_l_english.yml","259","Eggs placed in a player's dragonpit are more likely to hatch than normal."
"EN","setting_pit_egg_hatch_likelihood_common_desc","localization/replace/english/more_dragon_eggs_gamerules_l_english.yml","260","Eggs placed in a player's dragonpit have a high chance to successfully hatch."
"EN","setting_pit_egg_hatch_likelihood_always_desc","localization/replace/english/more_dragon_eggs_gamerules_l_english.yml","261","Eggs placed in a player's dragonpit will never become duds."
"EN","rule_pit_egg_hatch_likelihood_ai","localization/replace/english/more_dragon_eggs_gamerules_l_english.yml","263","@mde_icon!@white_dragon_egg_icon!AI Pitted Egg Hatching Likelihood"
"EN","setting_pit_egg_hatch_likelihood_wont_pit_ai","localization/replace/english/more_dragon_eggs_gamerules_l_english.yml","264","Won't Pit"
"EN","setting_pit_egg_hatch_likelihood_never_ai","localization/replace/english/more_dragon_eggs_gamerules_l_english.yml","265","Never"
"EN","setting_pit_egg_hatch_likelihood_rare_ai","localization/replace/english/more_dragon_eggs_gamerules_l_english.yml","266","Rare"
"EN","setting_pit_egg_hatch_likelihood_less_likely_ai","localization/replace/english/more_dragon_eggs_gamerules_l_english.yml","267","Less Likely"
"EN","setting_pit_egg_hatch_likelihood_default_ai","localization/replace/english/more_dragon_eggs_gamerules_l_english.yml","268","Default"
"EN","setting_pit_egg_hatch_likelihood_more_likely_ai","localization/replace/english/more_dragon_eggs_gamerules_l_english.yml","269","More Likely"
"EN","setting_pit_egg_hatch_likelihood_common_ai","localization/replace/english/more_dragon_eggs_gamerules_l_english.yml","270","Common"
"EN","setting_pit_egg_hatch_likelihood_always_ai","localization/replace/english/more_dragon_eggs_gamerules_l_english.yml","271","Always"
"EN","setting_pit_egg_hatch_likelihood_wont_pit_ai_desc","localization/replace/english/more_dragon_eggs_gamerules_l_english.yml","273","The AI won't place dragon eggs in dragonpits."
"EN","setting_pit_egg_hatch_likelihood_never_ai_desc","localization/replace/english/more_dragon_eggs_gamerules_l_english.yml","274","Eggs placed in an AI's dragonpit will never hatch."
"EN","setting_pit_egg_hatch_likelihood_rare_ai_desc","localization/replace/english/more_dragon_eggs_gamerules_l_english.yml","275","Eggs placed in an AI's dragonpit will rarely ever hatch."
"EN","setting_pit_egg_hatch_likelihood_less_likely_ai_desc","localization/replace/english/more_dragon_eggs_gamerules_l_english.yml","276","Eggs placed in an AI's dragonpit will hatch less often than normal."
"EN","setting_pit_egg_hatch_likelihood_default_ai_desc","localization/replace/english/more_dragon_eggs_gamerules_l_english.yml","277","Eggs placed in an AI's dragonpit will use the vanilla odds to determine if they will hatch."
"EN","setting_pit_egg_hatch_likelihood_more_likely_ai_desc","localization/replace/english/more_dragon_eggs_gamerules_l_english.yml","278","Eggs placed in an AI's dragonpit are more likely to hatch than normal."
"EN","setting_pit_egg_hatch_likelihood_common_ai_desc","localization/replace/english/more_dragon_eggs_gamerules_l_english.yml","279","Eggs placed in an AI's dragonpit have a high chance to successfully hatch."
"EN","setting_pit_egg_hatch_likelihood_always_ai_desc","localization/replace/english/more_dragon_eggs_gamerules_l_english.yml","280","Eggs placed in an AI's dragonpit will never become duds."
"EN","rule_canon_dragon_egg_hatch_likelihood","localization/replace/english/more_dragon_eggs_gamerules_l_english.yml","282","@mde_icon!@white_dragon_egg_icon! Canon Dragon Egg Hatching Likelihood"
"EN","setting_canon_dragon_egg_hatch_likelihood_never","localization/replace/english/more_dragon_eggs_gamerules_l_english.yml","283","Never"
"EN","setting_canon_dragon_egg_hatch_likelihood_less_likely","localization/replace/english/more_dragon_eggs_gamerules_l_english.yml","284","Less Likely"
"EN","setting_canon_dragon_egg_hatch_likelihood_default","localization/replace/english/more_dragon_eggs_gamerules_l_english.yml","285","Default"
"EN","setting_canon_dragon_egg_hatch_likelihood_more_likely","localization/replace/english/more_dragon_eggs_gamerules_l_english.yml","286","More Likely"
"EN","setting_canon_dragon_egg_hatch_likelihood_common","localization/replace/english/more_dragon_eggs_gamerules_l_english.yml","287","Common"
"EN","setting_canon_dragon_egg_hatch_likelihood_guaranteed","localization/replace/english/more_dragon_eggs_gamerules_l_english.yml","288","Guaranteed"
"EN","setting_canon_dragon_egg_hatch_likelihood_never_desc","localization/replace/english/more_dragon_eggs_gamerules_l_english.yml","290","Canon dragon eggs will never hatch when cradled, pitted, or as extra eggs in a hatching ceremony, unless that setting is Always. Only applies when canon dragons are enabled."
"EN","setting_canon_dragon_egg_hatch_likelihood_less_likely_desc","localization/replace/english/more_dragon_eggs_gamerules_l_english.yml","291","Canon dragon eggs are less likely to hatch when cradled, pitted, or as extra eggs in a hatching ceremony. Stacks with those settings. Only applies when canon dragons are enabled."
"EN","setting_canon_dragon_egg_hatch_likelihood_default_desc","localization/replace/english/more_dragon_eggs_gamerules_l_english.yml","292","Canon dragon eggs use the same odds as any other egg when cradled, pitted, or as extra eggs in a hatching ceremony. Only applies when canon dragons are enabled."
"EN","setting_canon_dragon_egg_hatch_likelihood_more_likely_desc","localization/replace/english/more_dragon_eggs_gamerules_l_english.yml","293","Canon dragon eggs are more likely to hatch when cradled, pitted, or as extra eggs in a hatching ceremony. Stacks with those settings. Only applies when canon dragons are enabled."
"EN","setting_canon_dragon_egg_hatch_likelihood_common_desc","localization/replace/english/more_dragon_eggs_gamerules_l_english.yml","294","Canon dragon eggs have a high chance to hatch when cradled, pitted, or as extra eggs in a hatching ceremony. Stacks with those settings. Only applies when canon dragons are enabled."
"EN","setting_canon_dragon_egg_hatch_likelihood_guaranteed_desc","localization/replace/english/more_dragon_eggs_gamerules_l_english.yml","295","Canon dragon eggs will never become duds when cradled or pitted, unless that setting is Never, and will always hatch as extra eggs in a hatching ceremony. Only applies when canon dragons are enabled."
"EN","rule_dragon_egg_clutch_size","localization/replace/english/more_dragon_eggs_gamerules_l_english.yml","297","@mde_icon!@dragon_icon!@white_dragon_egg_icon!Dragon Egg Clutch Size"
"EN","setting_dragon_egg_clutch_size_default","localization/replace/english/more_dragon_eggs_gamerules_l_english.yml","298","Default"
"EN","setting_dragon_egg_clutch_size_plus_one","localization/replace/english/more_dragon_eggs_gamerules_l_english.yml","299","+1"
"EN","setting_dragon_egg_clutch_size_plus_two","localization/replace/english/more_dragon_eggs_gamerules_l_english.yml","300","+2"
"EN","setting_dragon_egg_clutch_size_plus_three","localization/replace/english/more_dragon_eggs_gamerules_l_english.yml","301","+3"
"EN","setting_dragon_egg_clutch_size_default_desc","localization/replace/english/more_dragon_eggs_gamerules_l_english.yml","303","Dragons will lay the normal number of eggs per clutch"
"EN","setting_dragon_egg_clutch_size_plus_one_desc","localization/replace/english/more_dragon_eggs_gamerules_l_english.yml","304","Dragons will lay an extra egg per clutch. Stacks with fertile."
"EN","setting_dragon_egg_clutch_size_plus_two_desc","localization/replace/english/more_dragon_eggs_gamerules_l_english.yml","305","Dragons will lay two extra eggs per clutch. Stacks with fertile."
"EN","setting_dragon_egg_clutch_size_plus_three_desc","localization/replace/english/more_dragon_eggs_gamerules_l_english.yml","306","Dragons will lay three extra eggs per clutch. Stacks with fertile."
"EN","rule_dragon_egg_clutch_frequency","localization/replace/english/more_dragon_eggs_gamerules_l_english.yml","308","@mde_icon!@dragon_icon!@white_dragon_egg_icon!Player Owned Dragon Egg Clutch Frequency"
"EN","setting_dragon_egg_clutch_frequency_less_likely","localization/replace/english/more_dragon_eggs_gamerules_l_english.yml","309","Less Likely"
"EN","setting_dragon_egg_clutch_frequency_default","localization/replace/english/more_dragon_eggs_gamerules_l_english.yml","310","Default"
"EN","setting_dragon_egg_clutch_frequency_more_likely","localization/replace/english/more_dragon_eggs_gamerules_l_english.yml","311","More Likely"
"EN","setting_dragon_egg_clutch_frequency_common","localization/replace/english/more_dragon_eggs_gamerules_l_english.yml","312","Common"
"EN","setting_dragon_egg_clutch_frequency_less_likely_desc","localization/replace/english/more_dragon_eggs_gamerules_l_english.yml","314","Dragons will be less likely than normal to lay a clutch of eggs."
"EN","setting_dragon_egg_clutch_frequency_default_desc","localization/replace/english/more_dragon_eggs_gamerules_l_english.yml","315","Dragons will use the vanilla odds of laying a clutch of eggs."
"EN","setting_dragon_egg_clutch_frequency_more_likely_desc","localization/replace/english/more_dragon_eggs_gamerules_l_english.yml","316","Dragons will be more likely than normal to lay a clutch of eggs."
"EN","setting_dragon_egg_clutch_frequency_common_desc","localization/replace/english/more_dragon_eggs_gamerules_l_english.yml","317","Dragons will frequently lay a clutch of eggs."
"EN","rule_dragon_egg_clutch_frequency_ai","localization/replace/english/more_dragon_eggs_gamerules_l_english.yml","319","@mde_icon!@dragon_icon!@white_dragon_egg_icon!AI Owned Dragon Egg Clutch Frequency"
"EN","setting_dragon_egg_clutch_frequency_less_likely_ai","localization/replace/english/more_dragon_eggs_gamerules_l_english.yml","320","Less Likely"
"EN","setting_dragon_egg_clutch_frequency_default_ai","localization/replace/english/more_dragon_eggs_gamerules_l_english.yml","321","Default"
"EN","setting_dragon_egg_clutch_frequency_more_likely_ai","localization/replace/english/more_dragon_eggs_gamerules_l_english.yml","322","More Likely"
"EN","setting_dragon_egg_clutch_frequency_common_ai","localization/replace/english/more_dragon_eggs_gamerules_l_english.yml","323","Common"
"EN","setting_dragon_egg_clutch_frequency_less_likely_ai_desc","localization/replace/english/more_dragon_eggs_gamerules_l_english.yml","325","Dragons will be less likely than normal to lay a clutch of eggs."
"EN","setting_dragon_egg_clutch_frequency_default_ai_desc","localization/replace/english/more_dragon_eggs_gamerules_l_english.yml","326","Dragons will use the vanilla odds of laying a clutch of eggs."
"EN","setting_dragon_egg_clutch_frequency_more_likely_ai_desc","localization/replace/english/more_dragon_eggs_gamerules_l_english.yml","327","Dragons will be more likely than normal to lay a clutch of eggs."
"EN","setting_dragon_egg_clutch_frequency_common_ai_desc","localization/replace/english/more_dragon_eggs_gamerules_l_english.yml","328","Dragons will frequently lay a clutch of eggs."
"EN","rule_canon_dragon_egg_clutch_spawns","localization/replace/english/more_dragon_eggs_gamerules_l_english.yml","330","@mde_icon!@dragon_icon!@white_dragon_egg_icon!Canon Dragon Egg Clutches"
"EN","setting_canon_dragon_egg_clutch_spawns_no","localization/replace/english/more_dragon_eggs_gamerules_l_english.yml","331","None"
"EN","setting_canon_dragon_egg_clutch_spawns_canon_only","localization/replace/english/more_dragon_eggs_gamerules_l_english.yml","332","Canon Only"
"EN","setting_canon_dragon_egg_clutch_spawns_all","localization/replace/english/more_dragon_eggs_gamerules_l_english.yml","333","All"
"EN","setting_canon_dragon_egg_clutch_spawns_no_desc","localization/replace/english/more_dragon_eggs_gamerules_l_english.yml","335","No canon dragon egg clutches will be laid"
"EN","setting_canon_dragon_egg_clutch_spawns_canon_only_desc","localization/replace/english/more_dragon_eggs_gamerules_l_english.yml","336","Only clutches with dragon eggs that are in canon (e.g. no Nightfyre) will be laid"
"EN","setting_canon_dragon_egg_clutch_spawns_all_desc","localization/replace/english/more_dragon_eggs_gamerules_l_english.yml","337","All possible canon dragon egg clutches will be laid"
"EN","rule_canon_dragon_egg_clutch_blocker","localization/replace/english/more_dragon_eggs_gamerules_l_english.yml","339","@mde_icon!@dragon_icon!@white_dragon_egg_icon!Canon Dragon Egg Clutch Blocker"
"EN","setting_canon_dragon_egg_clutch_blocker_yes","localization/replace/english/more_dragon_eggs_gamerules_l_english.yml","340","Yes"
"EN","setting_canon_dragon_egg_clutch_blocker_no","localization/replace/english/more_dragon_eggs_gamerules_l_english.yml","341","No"
"EN","setting_canon_dragon_egg_clutch_blocker_yes_desc","localization/replace/english/more_dragon_eggs_gamerules_l_english.yml","343","Dragons with upcoming canon dragon egg clutches will be blocked from laying other clutches"
"EN","setting_canon_dragon_egg_clutch_blocker_no_desc","localization/replace/english/more_dragon_eggs_gamerules_l_english.yml","344","Dragons with upcoming canon dragon egg clutches will not be blocked from laying other clutches"
"EN","rule_dragon_gene_frequency","localization/replace/english/more_dragon_eggs_gamerules_l_english.yml","346","@mde_icon!@dragon_icon!Dragon Genetic Trait Frequency"
"EN","setting_dragon_gene_frequency_less_likely","localization/replace/english/more_dragon_eggs_gamerules_l_english.yml","347","Less Likely"
"EN","setting_dragon_gene_frequency_default","localization/replace/english/more_dragon_eggs_gamerules_l_english.yml","348","Default"
"EN","setting_dragon_gene_frequency_more_likely","localization/replace/english/more_dragon_eggs_gamerules_l_english.yml","349","More Likely"
"EN","setting_dragon_gene_frequency_common","localization/replace/english/more_dragon_eggs_gamerules_l_english.yml","350","Highly Likely"
"EN","setting_dragon_gene_frequency_less_likely_desc","localization/replace/english/more_dragon_eggs_gamerules_l_english.yml","352","Dragons are less likely to spawn with genetic traits"
"EN","setting_dragon_gene_frequency_default_desc","localization/replace/english/more_dragon_eggs_gamerules_l_english.yml","353","Dragons use default odds to spawn with genetic traits"
"EN","setting_dragon_gene_frequency_more_likely_desc","localization/replace/english/more_dragon_eggs_gamerules_l_english.yml","354","Dragons are more likely to spawn with genetic traits"
"EN","setting_dragon_gene_frequency_common_desc","localization/replace/english/more_dragon_eggs_gamerules_l_english.yml","355","Dragons are highly likely to spawn with genetic traits"
"EN","rule_dragon_gene_frequency_naughty_or_nice","localization/replace/english/more_dragon_eggs_gamerules_l_english.yml","357","@mde_icon!@dragon_icon!Dragon Genetic Trait Frequency Application"
"EN","setting_dragon_gene_frequency_naughty_or_nice_negative","localization/replace/english/more_dragon_eggs_gamerules_l_english.yml","358","Negative"
"EN","setting_dragon_gene_frequency_naughty_or_nice_both","localization/replace/english/more_dragon_eggs_gamerules_l_english.yml","359","Both"
"EN","setting_dragon_gene_frequency_naughty_or_nice_positive","localization/replace/english/more_dragon_eggs_gamerules_l_english.yml","360","Positive"
"EN","setting_dragon_gene_frequency_naughty_or_nice_negative_desc","localization/replace/english/more_dragon_eggs_gamerules_l_english.yml","362","The Dragon Gene Frequency game rule will only be applied to negative traits."
"EN","setting_dragon_gene_frequency_naughty_or_nice_both_desc","localization/replace/english/more_dragon_eggs_gamerules_l_english.yml","363","The Dragon Gene Frequency game rule will be applied to positive and negative traits."
"EN","setting_dragon_gene_frequency_naughty_or_nice_positive_desc","localization/replace/english/more_dragon_eggs_gamerules_l_english.yml","364","The Dragon Gene Frequency game rule will only be applied to positive traits."
"EN","rule_cannibal_instinct_odds","localization/replace/english/more_dragon_eggs_gamerules_l_english.yml","366","@mde_icon!@dragon_icon!Cannibal Instinct Event Odds"
"EN","setting_cannibal_instinct_odds_never","localization/replace/english/more_dragon_eggs_gamerules_l_english.yml","367","Never"
"EN","setting_cannibal_instinct_odds_rare","localization/replace/english/more_dragon_eggs_gamerules_l_english.yml","368","Rare"
"EN","setting_cannibal_instinct_odds_unlikely","localization/replace/english/more_dragon_eggs_gamerules_l_english.yml","369","Unlikely"
"EN","setting_cannibal_instinct_odds_default","localization/replace/english/more_dragon_eggs_gamerules_l_english.yml","370","Default"
"EN","setting_cannibal_instinct_odds_likely","localization/replace/english/more_dragon_eggs_gamerules_l_english.yml","371","Likely"
"EN","setting_cannibal_instinct_odds_high","localization/replace/english/more_dragon_eggs_gamerules_l_english.yml","372","High"
"EN","setting_cannibal_instinct_odds_never_desc","localization/replace/english/more_dragon_eggs_gamerules_l_english.yml","374","The cannibal instinct event will never fire."
"EN","setting_cannibal_instinct_odds_rare_desc","localization/replace/english/more_dragon_eggs_gamerules_l_english.yml","375","The cannibal instinct event will rarely ever fire."
"EN","setting_cannibal_instinct_odds_unlikely_desc","localization/replace/english/more_dragon_eggs_gamerules_l_english.yml","376","The cannibal instinct event is unlikely to fire."
"EN","setting_cannibal_instinct_odds_default_desc","localization/replace/english/more_dragon_eggs_gamerules_l_english.yml","377","The cannibal instinct event will use the default odds fire."
"EN","setting_cannibal_instinct_odds_likely_desc","localization/replace/english/more_dragon_eggs_gamerules_l_english.yml","378","The cannibal instinct event is likely to fire."
"EN","setting_cannibal_instinct_odds_high_desc","localization/replace/english/more_dragon_eggs_gamerules_l_english.yml","379","The cannibal instinct event is highly likely to fire."
"EN","rule_ride_dragon_decision_cooldown","localization/replace/english/more_dragon_eggs_gamerules_l_english.yml","381","@mde_icon!@dragon_icon!Ride Dragon Decision Cooldown"
"EN","setting_ride_dragon_decision_cooldown_three_months","localization/replace/english/more_dragon_eggs_gamerules_l_english.yml","382","3 Months"
"EN","setting_ride_dragon_decision_cooldown_six_months","localization/replace/english/more_dragon_eggs_gamerules_l_english.yml","383","6 Months"
"EN","setting_ride_dragon_decision_cooldown_nine_months","localization/replace/english/more_dragon_eggs_gamerules_l_english.yml","384","9 Months"
"EN","setting_ride_dragon_decision_cooldown_one_year","localization/replace/english/more_dragon_eggs_gamerules_l_english.yml","385","1 Year"
"EN","setting_ride_dragon_decision_cooldown_two_years","localization/replace/english/more_dragon_eggs_gamerules_l_english.yml","386","2 Years"
"EN","setting_ride_dragon_decision_cooldown_default","localization/replace/english/more_dragon_eggs_gamerules_l_english.yml","387","3 Years"
"EN","setting_ride_dragon_decision_cooldown_four_years","localization/replace/english/more_dragon_eggs_gamerules_l_english.yml","388","4 Years"
"EN","setting_ride_dragon_decision_cooldown_five_years_hash_avoid","localization/replace/english/more_dragon_eggs_gamerules_l_english.yml","389","5 Years"
"EN","setting_ride_dragon_decision_cooldown_three_months_desc","localization/replace/english/more_dragon_eggs_gamerules_l_english.yml","391","The length of time of the cooldown for the 'Ride Dragon' decision"
"EN","setting_ride_dragon_decision_cooldown_six_months_desc","localization/replace/english/more_dragon_eggs_gamerules_l_english.yml","392","The length of time of the cooldown for the 'Ride Dragon' decision"
"EN","setting_ride_dragon_decision_cooldown_nine_months_desc","localization/replace/english/more_dragon_eggs_gamerules_l_english.yml","393","The length of time of the cooldown for the 'Ride Dragon' decision"
"EN","setting_ride_dragon_decision_cooldown_one_year_desc","localization/replace/english/more_dragon_eggs_gamerules_l_english.yml","394","The length of time of the cooldown for the 'Ride Dragon' decision"
"EN","setting_ride_dragon_decision_cooldown_two_years_desc","localization/replace/english/more_dragon_eggs_gamerules_l_english.yml","395","The length of time of the cooldown for the 'Ride Dragon' decision"
"EN","setting_ride_dragon_decision_cooldown_default_desc","localization/replace/english/more_dragon_eggs_gamerules_l_english.yml","396","The length of time of the cooldown for the 'Ride Dragon' decision"
"EN","setting_ride_dragon_decision_cooldown_four_years_desc","localization/replace/english/more_dragon_eggs_gamerules_l_english.yml","397","The length of time of the cooldown for the 'Ride Dragon' decision"
"EN","setting_ride_dragon_decision_cooldown_five_years_hash_avoid_desc","localization/replace/english/more_dragon_eggs_gamerules_l_english.yml","401","The length of time of the cooldown for the 'Ride Dragon' decision"
"EN","rule_capture_dragon_time_limit","localization/replace/english/more_dragon_eggs_gamerules_l_english.yml","403","@mde_icon!@dragon_icon!Capture Dragon Time Limit"
"EN","setting_capture_dragon_time_limit_none","localization/replace/english/more_dragon_eggs_gamerules_l_english.yml","404","No Time Limit"
"EN","setting_capture_dragon_time_limit_90_days","localization/replace/english/more_dragon_eggs_gamerules_l_english.yml","405","Quarter Year"
"EN","setting_capture_dragon_time_limit_182_days","localization/replace/english/more_dragon_eggs_gamerules_l_english.yml","406","Half Year"
"EN","setting_capture_dragon_time_limit_default","localization/replace/english/more_dragon_eggs_gamerules_l_english.yml","407","One Year"
"EN","setting_capture_dragon_time_limit_double","localization/replace/english/more_dragon_eggs_gamerules_l_english.yml","408","Two Years"
"EN","setting_capture_dragon_time_limit_none_desc","localization/replace/english/more_dragon_eggs_gamerules_l_english.yml","410","You will always be able to capture a dragon."
"EN","setting_capture_dragon_time_limit_90_days_desc","localization/replace/english/more_dragon_eggs_gamerules_l_english.yml","411","You will be able to capture a dragon every 90 days,"
"EN","setting_capture_dragon_time_limit_182_days_desc","localization/replace/english/more_dragon_eggs_gamerules_l_english.yml","412","You will be able to capture a dragon every half year."
"EN","setting_capture_dragon_time_limit_default_desc","localization/replace/english/more_dragon_eggs_gamerules_l_english.yml","413","You will be able to capture a dragon once every year."
"EN","setting_capture_dragon_time_limit_double_desc","localization/replace/english/more_dragon_eggs_gamerules_l_english.yml","414","You will be able to capture a dragon every two years."
"EN","rule_summerhall_success_chance","localization/replace/english/more_dragon_eggs_gamerules_l_english.yml","418","@mde_icon!Summerhall Success Chance"
"EN","setting_summerhall_seven_wild","localization/replace/english/more_dragon_eggs_gamerules_l_english.yml","419","7 Wild Dragons"
"EN","setting_summerhall_guaranteed_all_seven","localization/replace/english/more_dragon_eggs_gamerules_l_english.yml","420","Guaranteed 7 Dragons"
"EN","setting_summerhall_guaranteed","localization/replace/english/more_dragon_eggs_gamerules_l_english.yml","421","Guaranteed"
"EN","setting_summerhall_very_likely","localization/replace/english/more_dragon_eggs_gamerules_l_english.yml","422","Very Likely"
"EN","setting_summerhall_normal","localization/replace/english/more_dragon_eggs_gamerules_l_english.yml","423","Default"
"EN","setting_summerhall_not","localization/replace/english/more_dragon_eggs_gamerules_l_english.yml","424","Fail"
"EN","setting_summerhall_seven_wild_desc","localization/replace/english/more_dragon_eggs_gamerules_l_english.yml","426","The Summerhall event chain will result in Aegon V dying and hatching seven wild dragons."
"EN","setting_summerhall_guaranteed_all_seven_desc","localization/replace/english/more_dragon_eggs_gamerules_l_english.yml","427","The Summerhall event chain will result in Aegon V spawning in seven dragon."
"EN","setting_summerhall_guaranteed_desc","localization/replace/english/more_dragon_eggs_gamerules_l_english.yml","428","The Summerhall event chain will result in Aegon V spawning in at least one dragon."
"EN","setting_summerhall_very_likely_desc","localization/replace/english/more_dragon_eggs_gamerules_l_english.yml","429","About a 50 percent chance of the Summerhall event spawning in at least one dragon."
"EN","setting_summerhall_normal_desc","localization/replace/english/more_dragon_eggs_gamerules_l_english.yml","430","The Summerhall event chain will follow the default probability of success and failure."
"EN","setting_summerhall_not_desc","localization/replace/english/more_dragon_eggs_gamerules_l_english.yml","431","The Summerhall event chain will not result in the successful revival of dragons."
"EN","rule_maelys_hatching_success_chance","localization/replace/english/more_dragon_eggs_gamerules_l_english.yml","433","@mde_icon!Maelys' Hatching Success Chance"
"EN","setting_maelys_guaranteed","localization/replace/english/more_dragon_eggs_gamerules_l_english.yml","434","Guaranteed"
"EN","setting_maelys_very_likely","localization/replace/english/more_dragon_eggs_gamerules_l_english.yml","435","Very Likely"
"EN","setting_maelys_normal","localization/replace/english/more_dragon_eggs_gamerules_l_english.yml","436","Default"
"EN","setting_maelys_not","localization/replace/english/more_dragon_eggs_gamerules_l_english.yml","437","Fail"
"EN","setting_maelys_guaranteed_desc","localization/replace/english/more_dragon_eggs_gamerules_l_english.yml","439","The Maelys hatching event chain will result in Maelys the Monstrous spawning in at least one dragon."
"EN","setting_maelys_very_likely_desc","localization/replace/english/more_dragon_eggs_gamerules_l_english.yml","440","About a 50 percent chance of the Maelys hatching event spawning in at least one dragon."
"EN","setting_maelys_normal_desc","localization/replace/english/more_dragon_eggs_gamerules_l_english.yml","441","The Maelys hatching event chain will follow the default probability of success and failure."
"EN","setting_maelys_not_desc","localization/replace/english/more_dragon_eggs_gamerules_l_english.yml","442","The Maelys hatching event chain will not result in the successful revival of dragons."
"EN","rule_will_maelys_sacrifice","localization/replace/english/more_dragon_eggs_gamerules_l_english.yml","444","@mde_icon!Will Maelys Sacrifce His Son"
"EN","setting_maelys_will","localization/replace/english/more_dragon_eggs_gamerules_l_english.yml","445","Maelys Will"
"EN","setting_maelys_might","localization/replace/english/more_dragon_eggs_gamerules_l_english.yml","446","Maelys Might"
"EN","setting_maelys_wont","localization/replace/english/more_dragon_eggs_gamerules_l_english.yml","447","Maelys Won't"
"EN","setting_maelys_will_desc","localization/replace/english/more_dragon_eggs_gamerules_l_english.yml","449","Maelys will sacrifice his son in an attempt to hatch his dragon egg. It may or may not be successful"
"EN","setting_maelys_might_desc","localization/replace/english/more_dragon_eggs_gamerules_l_english.yml","450","Maelys might sacrifice his son in an attempt to hatch his dragon egg. It may or may not be successful"
"EN","setting_maelys_wont_desc","localization/replace/english/more_dragon_eggs_gamerules_l_english.yml","451","Maelys won't sacrifice his son in an attempt to hatch his dragon egg."
"EN","rule_targaryen_exile_success_chance","localization/replace/english/more_dragon_eggs_gamerules_l_english.yml","453","@mde_icon!Targaryen Exile Hatching Success Chance@drogon_dragon_egg_icon!@tan_dragon_egg_icon!@vhagar_dragon_egg_icon!"
"EN","setting_targaryen_exile_guaranteed","localization/replace/english/more_dragon_eggs_gamerules_l_english.yml","454","Guaranteed"
"EN","setting_targaryen_exile_very_likely","localization/replace/english/more_dragon_eggs_gamerules_l_english.yml","455","Very Likely"
"EN","setting_targaryen_exile_normal","localization/replace/english/more_dragon_eggs_gamerules_l_english.yml","456","Default"
"EN","setting_targaryen_exile_not","localization/replace/english/more_dragon_eggs_gamerules_l_english.yml","457","Fail"
"EN","setting_targaryen_exile_guaranteed_desc","localization/replace/english/more_dragon_eggs_gamerules_l_english.yml","459","The Targaryen Exile event chain will result in Viserys or Daenerys spawning in three dragons."
"EN","setting_targaryen_exile_very_likely_desc","localization/replace/english/more_dragon_eggs_gamerules_l_english.yml","460","The Targaryen Exile event chain is very likely to result in Viserys or Daenerys spawning in three dragons."
"EN","setting_targaryen_exile_normal_desc","localization/replace/english/more_dragon_eggs_gamerules_l_english.yml","461","The Targaryen Exile event chain will have the default chance of resulting in Viserys or Daenerys spawning in three dragons."
"EN","setting_targaryen_exile_not_desc","localization/replace/english/more_dragon_eggs_gamerules_l_english.yml","462","The Targaryen Exile event chain will not result in Viserys or Daenerys spawning in three dragons."
"EN","rule_stepstone_invasion_frequency","localization/replace/english/more_dragon_eggs_gamerules_l_english.yml","464","@mde_icon!Stepstone Adventurer Invasion Frequency"
"EN","setting_stepstone_invasion_frequency_never","localization/replace/english/more_dragon_eggs_gamerules_l_english.yml","465","Never"
"EN","setting_stepstone_invasion_frequency_every_year","localization/replace/english/more_dragon_eggs_gamerules_l_english.yml","466","Every Year"
"EN","setting_stepstone_invasion_frequency_every_5_years","localization/replace/english/more_dragon_eggs_gamerules_l_english.yml","467","5 Years"
"EN","setting_stepstone_invasion_frequency_every_10_years","localization/replace/english/more_dragon_eggs_gamerules_l_english.yml","468","10 Years"
"EN","setting_stepstone_invasion_frequency_every_20_years","localization/replace/english/more_dragon_eggs_gamerules_l_english.yml","469","20 Years"
"EN","setting_stepstone_invasion_frequency_every_50_years","localization/replace/english/more_dragon_eggs_gamerules_l_english.yml","470","50 Years"
"EN","setting_stepstone_invasion_frequency_never_desc","localization/replace/english/more_dragon_eggs_gamerules_l_english.yml","472","Stepstone Invasions will never occur."
"EN","setting_stepstone_invasion_frequency_every_year_desc","localization/replace/english/more_dragon_eggs_gamerules_l_english.yml","473","Stepstone Invasions will occur once a year."
"EN","setting_stepstone_invasion_frequency_every_5_years_desc","localization/replace/english/more_dragon_eggs_gamerules_l_english.yml","474","Stepstone Invasions will occur every 5 years. This is the setting in vanilla AGOT."
"EN","setting_stepstone_invasion_frequency_every_10_years_desc","localization/replace/english/more_dragon_eggs_gamerules_l_english.yml","475","Stepstone Invasions will occur every 10 years."
"EN","setting_stepstone_invasion_frequency_every_20_years_desc","localization/replace/english/more_dragon_eggs_gamerules_l_english.yml","476","Stepstone Invasions will occur every 20 years."
"EN","setting_stepstone_invasion_frequency_every_50_years_desc","localization/replace/english/more_dragon_eggs_gamerules_l_english.yml","477","Stepstone Invasions will occur every 50 years."
"EN","rule_can_children_be_landless","localization/replace/english/more_dragon_eggs_gamerules_l_english.yml","479","@mde_icon!Can Children Become Landless Adventurers"
"EN","setting_can_children_be_landless_never","localization/replace/english/more_dragon_eggs_gamerules_l_english.yml","480","Never"
"EN","setting_can_children_be_landless_default","localization/replace/english/more_dragon_eggs_gamerules_l_english.yml","481","Default"
"EN","setting_can_children_be_landless_not_dragonrider","localization/replace/english/more_dragon_eggs_gamerules_l_english.yml","482","Not Dragonriders"
"EN","setting_can_children_be_landless_not_targaryen","localization/replace/english/more_dragon_eggs_gamerules_l_english.yml","483","Not Targaryens"
"EN","setting_can_children_be_landless_never_desc","localization/replace/english/more_dragon_eggs_gamerules_l_english.yml","485","The event on succession that makes a random child a landless adventurer will no longer fire."
"EN","setting_can_children_be_landless_default_desc","localization/replace/english/more_dragon_eggs_gamerules_l_english.yml","486","The vanilla settings will be used regarding he event on succession that makes a random child a landless adventurer."
"EN","setting_can_children_be_landless_not_dragonrider_desc","localization/replace/english/more_dragon_eggs_gamerules_l_english.yml","487","Dragonriders will not be considered eligible to become landless adventurers through the event."
"EN","setting_can_children_be_landless_not_targaryen_desc","localization/replace/english/more_dragon_eggs_gamerules_l_english.yml","488","Members of house Targaryen will not be considered eligible to become landless adventurers through the event."
"EN","rule_can_landless_steal","localization/replace/english/more_dragon_eggs_gamerules_l_english.yml","490","@mde_icon!Landless Adventurer Stealing"
"EN","setting_can_landless_steal_vanilla","localization/replace/english/more_dragon_eggs_gamerules_l_english.yml","491","Base Game AGOT"
"EN","setting_can_landless_steal_dragon_eggs","localization/replace/english/more_dragon_eggs_gamerules_l_english.yml","492","Dragon Eggs"
"EN","setting_can_landless_steal_valyrian_steel","localization/replace/english/more_dragon_eggs_gamerules_l_english.yml","493","Valyrian Steel"
"EN","setting_can_landless_steal_eggs_and_steel","localization/replace/english/more_dragon_eggs_gamerules_l_english.yml","494","Dragon Eggs and Valyrian Steel"
"EN","setting_can_landless_steal_everything","localization/replace/english/more_dragon_eggs_gamerules_l_english.yml","495","Vanilla CK3"
"EN","setting_can_landless_steal_vanilla_desc","localization/replace/english/more_dragon_eggs_gamerules_l_english.yml","497","Landless adventurers will have the rules for what artifacts can be stolen determined by the rules used in the base game AGOT."
"EN","setting_can_landless_steal_dragon_eggs_desc","localization/replace/english/more_dragon_eggs_gamerules_l_english.yml","498","Landless adventurers will additionally be able to steal dragon eggs if they employ a Master Thief."
"EN","setting_can_landless_steal_valyrian_steel_desc","localization/replace/english/more_dragon_eggs_gamerules_l_english.yml","499","Landless adventurers will additionally be able to steal valyrian steel items if they employ a Master Thief."
"EN","setting_can_landless_steal_eggs_and_steel_desc","localization/replace/english/more_dragon_eggs_gamerules_l_english.yml","500","Landless adventurers will additionally be able to steal dragon eggs and valyrian steel items if they employ a Master Thief."
"EN","setting_can_landless_steal_everything_desc","localization/replace/english/more_dragon_eggs_gamerules_l_english.yml","501","Landless adventurers will have the rules for what artifacts can be stolen determined by the rules used in Vanilla CK3."
"EN","rule_mde_egg_notifications","localization/replace/english/more_dragon_eggs_gamerules_l_english.yml","503","@mde_icon!Dragon Egg Notifications"
"EN","setting_mde_egg_notifications_on","localization/replace/english/more_dragon_eggs_gamerules_l_english.yml","504","On"
"EN","setting_mde_egg_notifications_off","localization/replace/english/more_dragon_eggs_gamerules_l_english.yml","505","Off"
"EN","setting_mde_egg_notifications_on_desc","localization/replace/english/more_dragon_eggs_gamerules_l_english.yml","507","Players are notified when a dragon egg is laid or found."
"EN","setting_mde_egg_notifications_off_desc","localization/replace/english/more_dragon_eggs_gamerules_l_english.yml","508","Players are not notified when a dragon egg is laid or found."
"EN","game_rule_category_mde","localization/replace/english/more_dragon_eggs_gamerules_l_english.yml","512","@mde_icon!More Dragon Eggs"
"EN","game_rule_category_mde_major","localization/replace/english/more_dragon_eggs_gamerules_l_english.yml","513","More Dragon Eggs Major"
"EN","game_rule_category_hatching","localization/replace/english/more_dragon_eggs_gamerules_l_english.yml","514","Hatching Ceremonies"
"EN","game_rule_category_egg","localization/replace/english/more_dragon_eggs_gamerules_l_english.yml","515","Dragon Eggs"
"EN","game_rule_category_dragonlore","localization/replace/english/more_dragon_eggs_gamerules_l_english.yml","516","Dragonlore"
"EN","game_rule_category_scenario_modification","localization/replace/english/more_dragon_eggs_gamerules_l_english.yml","517","Scenario Modification"
"EN","game_rule_category_mde_misc","localization/replace/english/more_dragon_eggs_gamerules_l_english.yml","518","More Dragon Eggs Tweaks"
"EN","dragonpit_ruler_law","localization/replace/english/more_dragon_eggs_realm_laws_l_english.yml","3","Permission Only"
"EN","dragonpit_ruler_law_effects","localization/replace/english/more_dragon_eggs_realm_laws_l_english.yml","4","[dragons_plural|E] in your [dragonpit|e] can only be accessed by those you've given express permission to."
"EN","DRAGONPIT_RULER","localization/replace/english/more_dragon_eggs_realm_laws_l_english.yml","5","This dragon is in a [dragonpit|E] limited to those who have been given explicit permission from it's holder."
"EN","egg_ruler_law","localization/replace/english/more_dragon_eggs_realm_laws_l_english.yml","7","Permission Only"
"EN","egg_ruler_law_effects","localization/replace/english/more_dragon_eggs_realm_laws_l_english.yml","8","Dragon eggs may be legally held by those you've given express permission to."
"EN","egg_close_family_law","localization/replace/english/more_dragon_eggs_realm_laws_l_english.yml","9","Close Family Only"
"EN","egg_close_family_law_effects","localization/replace/english/more_dragon_eggs_realm_laws_l_english.yml","10","Dragon eggs may be legally held by members of your close family."
"EN","egg_house_law","localization/replace/english/more_dragon_eggs_realm_laws_l_english.yml","11","House Only"
"EN","egg_house_law_effects","localization/replace/english/more_dragon_eggs_realm_laws_l_english.yml","12","Dragon eggs may be legally held by members of your house."
"EN","egg_dynasty_law","localization/replace/english/more_dragon_eggs_realm_laws_l_english.yml","13","Dynasty Only"
"EN","egg_dynasty_law_effects","localization/replace/english/more_dragon_eggs_realm_laws_l_english.yml","14","Dragon eggs may be legally held by members of your dynasty."
"EN","egg_dragonrider_house_law","localization/replace/english/more_dragon_eggs_realm_laws_l_english.yml","15","Dragonrider Houses Only"
"EN","egg_dragonrider_house_law_effects","localization/replace/english/more_dragon_eggs_realm_laws_l_english.yml","16","Dragon eggs may be legally held by members of dragonrider houses."
"EN","egg_everyone_law","localization/replace/english/more_dragon_eggs_realm_laws_l_english.yml","17","Everyone"
"EN","egg_everyone_law_effects","localization/replace/english/more_dragon_eggs_realm_laws_l_english.yml","18","Dragon eggs may be legally held by anyone."
"EN","EGG_LAW_IS_ON_COOLDOWN","localization/replace/english/more_dragon_eggs_realm_laws_l_english.yml","20","You recently changed Egg Laws. Can be changed again after [GetCurrentDateWithDiff( GetVarTimeRemaining( CHARACTER.MakeScope, 'egg_law_cooldown') )]"
"EN","nick_mde_dragonborn","localization/replace/english/more_dragon_eggs_titles_l_english.yml","3","Dragonborn"
"EN","nick_mde_dragonborn_desc","localization/replace/english/more_dragon_eggs_titles_l_english.yml","4","[CHARACTER.GetShortUINameNoTooltipNoFormat|U] [CharWereWas(CHARACTER)] born on the night that came alive with the music of dragons."
"EN","mde_dragonlore_visit","localization/replace/english/more_dragon_eggs_travel_l_english.yml","2","Visited [province.Custom('DragonLocationsName')]"
"EN","mde_dragonlore_visit.tt","localization/replace/english/more_dragon_eggs_travel_l_english.yml","3","[province.Custom('DragonLocationsDesc')]"
"EN","cannibal_lair_name","localization/replace/english/more_dragon_eggs_travel_l_english.yml","5","The Cannibal Lair"
"EN","mountains_of_the_vale_name","localization/replace/english/more_dragon_eggs_travel_l_english.yml","6","The Mountains of the Vale"
"EN","cannibal_lair_desc","localization/replace/english/more_dragon_eggs_travel_l_english.yml","8","The interior of Skagos is the rumored resting place of the dragon Cannibal, as he was last seen flying of in the direction of the cannibal filled island."
"EN","mountains_of_the_vale_desc","localization/replace/english/more_dragon_eggs_travel_l_english.yml","9","This are of the Mountains of the Vale is inhabited by the fire tribes, who are rumored to have worshipped a mysterious fire witch."
"EN","egg_button_manager_text","localization/replace/english/more_dragon_eggs_ui_l_english.yml","2","Toggle Egg Button"
"EN","dragonpit_button_manager_text","localization/replace/english/more_dragon_eggs_ui_l_english.yml","3","Toggle Dragonpit Button"
"EN","dragon_button_manager_text","localization/replace/english/more_dragon_eggs_ui_l_english.yml","4","Toggle Dragon Button"
"EN","kingsguard_button_manager_text","localization/replace/english/more_dragon_eggs_ui_l_english.yml","5","Toggle Kingsguard Button"
"EN","valyrian_steel_button_manager_text","localization/replace/english/more_dragon_eggs_ui_l_english.yml","6","Toggle Valyrian Steel Button"
"EN","menu_button_manager_text","localization/replace/english/more_dragon_eggs_ui_l_english.yml","7","Toggle Menu Button"
"EN","dragonblood_button_manager_text","localization/replace/english/more_dragon_eggs_ui_l_english.yml","8","Toggle Dragonblood Button"
"EN","artifact_market_button_manager_text","localization/replace/english/more_dragon_eggs_ui_l_english.yml","9","Toggle Artifact Market Button"
"EN","mde_is_lord_commander","localization/replace/english/more_dragon_eggs_ui_l_english.yml","11","Lord Commander of the [Character.Custom('KingsguardName')]"
"EN","mde_is_kingsguard","localization/replace/english/more_dragon_eggs_ui_l_english.yml","12","[Character.Custom('KingsguardName')]"
"EN","NO_DRAGONS_TOOLTIP","localization/replace/english/more_dragon_eggs_ui_l_english.yml","14","@warning_icon! #X There are no living dragons!#"
"EN","NO_EGG_TOOLTIP","localization/replace/english/more_dragon_eggs_ui_l_english.yml","15","@warning_icon! #X There are no eggs known in the world!#"
"EN","NO_DRAGONPITS_TOOLTIP","localization/replace/english/more_dragon_eggs_ui_l_english.yml","16","@warning_icon! #X You have no access to any active dragonpits!#"
"EN","NO_KINGSGUARD_TOOLTIP","localization/replace/english/more_dragon_eggs_ui_l_english.yml","17","@warning_icon! #X The Kingsguard does not exist!#"
"EN","NO_VALYRIAN_STEEL_TOOLTIP","localization/replace/english/more_dragon_eggs_ui_l_english.yml","18","@warning_icon! #X There is no Valyrian Steel known in the world!#"
"EN","SHOW_DRAGONPITS","localization/replace/english/more_dragon_eggs_ui_l_english.yml","20","#T Show Dragonpits\n#!Shows active [dragonpits|E] and their corresponding menus."
"EN","SHOW_DRAGONS","localization/replace/english/more_dragon_eggs_ui_l_english.yml","21","#T Show Dragons\n#!Shows living [dragons_plural|E] and their corresponding menus."
"EN","SHOW_EGGS","localization/replace/english/more_dragon_eggs_ui_l_english.yml","22","#T Show Dragons' Eggs\n#!Shows exising [dragon|E] eggs and their corresponding menus."
"EN","SHOW_KINGSGUARD","localization/replace/english/more_dragon_eggs_ui_l_english.yml","23","#T Show Kingsguard\n#!Shows current kingsguard members and shows potential recruits to their liege."
"EN","SHOW_VALYRIAN_STEEL","localization/replace/english/more_dragon_eggs_ui_l_english.yml","24","#T Show Valyrian Steel\n#!Shows existing Valyrian Steel blades and objects, and their respective wielders and owners."
"EN","SHOW_DRAGONBLOOD","localization/replace/english/more_dragon_eggs_ui_l_english.yml","25","#T Show Dragonblooded#!\nShows every living character with dragonblood heritage, highest dragonblood first."
"EN","SHOW_ARTIFACT_MARKET","localization/replace/english/more_dragon_eggs_ui_l_english.yml","26","#T Artifact Market#!\nBuy and sell artifacts with the artifact keeper."
"EN","SHOW_MENU_MENU","localization/replace/english/more_dragon_eggs_ui_l_english.yml","27","#T MDE Menu#!\nSettings for Dragon Portraits, Game Rules, and Buttons."
"EN","INVITE_TO_KINGSGUARD_TT","localization/replace/english/more_dragon_eggs_ui_l_english.yml","29","@icon_kingsguard!#clickable $invite_to_kingsguard_interaction$"
"EN","mde_menu_events.0002.t","localization/replace/english/more_dragon_eggs_ui_l_english.yml","32","The [GetPlayer.Custom('mde_temp_kingsguard_gender_title_switch')]"
"EN","mde_menu_events.0003.t","localization/replace/english/more_dragon_eggs_ui_l_english.yml","34","Valyrian Steel"
"EN","mde_dragon_parent_line","localization/replace/english/more_dragon_eggs_ui_l_english.yml","38","It was laid by [Artifact.MakeScope.Var('dragon_parent').GetCharacter.GetName]."
"EN","mde_dragon_parents_line","localization/replace/english/more_dragon_eggs_ui_l_english.yml","39","It was laid by [Artifact.MakeScope.Var('dragon_parent').GetCharacter.GetName] and [Artifact.MakeScope.Var('dragon_parent_other').GetCharacter.GetName]."
"EN","mde_dragon_no_parent_line","localization/replace/english/more_dragon_eggs_ui_l_english.yml","40","It's origins are unknown."
"EN","mde_egg_owner","localization/replace/english/more_dragon_eggs_ui_l_english.yml","42","[AGOTGetName(Artifact.GetOwner)|V][AddLocalizationIf(GetScriptedGui('mde_is_dragonkeeper').IsShown( GuiScope.SetRoot( Artifact.GetOwner.MakeScope ).End ), 'mde_dragonkeeper_liege')]"
"EN","mde_dragonkeeper_liege","localization/replace/english/more_dragon_eggs_ui_l_english.yml","43","#V [AGOTGetName(Artifact.GetOwner)], [AGOTGetName(Artifact.GetOwner.GetLiege)]'s $head_dragonkeeper_court_position$.#!"
"EN","dragonblood_viewer.t","localization/replace/english/more_dragon_eggs_ui_l_english.yml","45","All Dragonblooded"
"EN","dragon_viewer.t","localization/replace/english/more_dragon_eggs_ui_l_english.yml","46","All Living Dragons"
"EN","egg_viewer.t","localization/replace/english/more_dragon_eggs_ui_l_english.yml","47","All Dragon Eggs"
"EN","dragonpits_viewer.t","localization/replace/english/more_dragon_eggs_ui_l_english.yml","48","All Dragonpits"
"EN","menu_viewer.t","localization/replace/english/more_dragon_eggs_ui_l_english.yml","49","MDE Menu"
"EN","dragonpits_single_viewer.t","localization/replace/english/more_dragon_eggs_ui_l_english.yml","50","The [GetPlayer.MakeScope.Var('viewing_county').Title.GetProvince.Custom('mde_dragonpit_type_custom_loc')] of [GetPlayer.MakeScope.Var('viewing_county').Title.GetNameNoTier]"
"EN","dragonpits_single_viewer_landless.t","localization/replace/english/more_dragon_eggs_ui_l_english.yml","51","The Dragoncoop of [GetPlayer.MakeScope.Var('viewing_county').Title.GetNameNoTier]"
"EN","dragonpit_type","localization/replace/english/more_dragon_eggs_ui_l_english.yml","52","#italic [Title.GetProvince.Custom('mde_dragonpit_type_custom_loc')] #!"
"EN","dragonpit_type_landless","localization/replace/english/more_dragon_eggs_ui_l_english.yml","53","#italic $dragon_coop_01_domicile_building$ #!"
"EN","num_dragons_in_pit","localization/replace/english/more_dragon_eggs_ui_l_english.yml","54","Number of Dragons: [Title.MakeScope.ScriptValue('pit_has_this_many_dragons')|0]"
"EN","num_dragons_in_this_pit","localization/replace/english/more_dragon_eggs_ui_l_english.yml","55","Dragons in the [GetPlayer.MakeScope.Var('viewing_county').Title.GetProvince.Custom('mde_dragonpit_type_custom_loc')]: [GetPlayer.MakeScope.Var('viewing_county').Title.MakeScope.ScriptValue('pit_has_this_many_dragons')|0]"
"EN","num_dragons_in_this_coop","localization/replace/english/more_dragon_eggs_ui_l_english.yml","56","Dragons in the Dragoncoop: [GetPlayer.MakeScope.Var('viewing_county').Title.MakeScope.ScriptValue('pit_has_this_many_dragons')|0]"
"EN","num_eggs_in_pit","localization/replace/english/more_dragon_eggs_ui_l_english.yml","57","Number of Eggs: [Title.GetHolder.MakeScope.ScriptValue('pit_has_this_many_eggs')|0]"
"EN","num_eggs_in_this_pit","localization/replace/english/more_dragon_eggs_ui_l_english.yml","58","Pitted Dragon Eggs: [GetPlayer.MakeScope.Var('viewing_county').Title.GetHolder.MakeScope.ScriptValue('pit_has_this_many_eggs')|0]"
"EN","num_tamers_in_this_pit","localization/replace/english/more_dragon_eggs_ui_l_english.yml","59","Authorized Tamers: [GetPlayer.MakeScope.Var('viewing_county').Title.MakeScope.ScriptValue('pit_has_this_many_tamers')|0]"
"EN","move_dragon.t","localization/replace/english/more_dragon_eggs_ui_l_english.yml","60","Move [GetPlayer.MakeScope.Var('sgui_selected_dragon').GetCharacter.GetName]"
"EN","move_dragon_into.t","localization/replace/english/more_dragon_eggs_ui_l_english.yml","61","Move Dragon to [GetPlayer.MakeScope.Var('viewing_county_mover').Title.GetNameNoTier]"
"EN","DRAGONPIT_VIEW_DRAGONPIT_HOLDER","localization/replace/english/more_dragon_eggs_ui_l_english.yml","63","[dragonpit|E] Holder:"
"EN","RETRIEVE_EGG","localization/replace/english/more_dragon_eggs_ui_l_english.yml","64","#I Retrieve Egg #!"
"EN","RETRIEVE_EGGS","localization/replace/english/more_dragon_eggs_ui_l_english.yml","65","#I Retrieve All Eggs #!"
"EN","SEND_EGG","localization/replace/english/more_dragon_eggs_ui_l_english.yml","66","#I Pit Egg #!"
"EN","SEND_EGGS","localization/replace/english/more_dragon_eggs_ui_l_english.yml","67","#I Pit All Eggs #!"
"EN","SEND_DRAGON","localization/replace/english/more_dragon_eggs_ui_l_english.yml","68","#I Send Dragon To Dragonpit #!"
"EN","SEND_DRAGONS","localization/replace/english/more_dragon_eggs_ui_l_english.yml","69","#I Send All Dragons To Dragonpit #!"
"EN","MDE_MOVE_DRAGON_TT","localization/replace/english/more_dragon_eggs_ui_l_english.yml","71","#I Move this dragon into, out of, or between a dragonpit#!"
"EN","MDE_VERSION_BUILD","localization/replace/english/more_dragon_eggs_ui_l_english.yml","73","MDE Version: #color_yellow;bold $MDE_VERSION$#!"
"EN","MDE_VERSION","localization/replace/english/more_dragon_eggs_ui_l_english.yml","74","56"
"EN","MDE_VERSION_BUILD_TT","localization/replace/english/more_dragon_eggs_ui_l_english.yml","75","For CK3 Version: #color_yellow;bold 1.19.0.6#! AGOT Version: #color_yellow;bold 0.5.2.1#!"
"EN","MDE_RETURN_BUTTONS_TT","localization/replace/english/more_dragon_eggs_ui_l_english.yml","76","#I Return button settings to default#!"
"EN","menu_rule_can_hatch_multiple_dragons","localization/replace/english/more_dragon_eggs_ui_l_english.yml","78","Hatch Multiple Eggs In A Ceremony"
"EN","menu_rule_dragon_hatching_success_chance","localization/replace/english/more_dragon_eggs_ui_l_english.yml","79","Dragon Hatching Success Chance"
"EN","menu_rule_extant_hatching_ceremonies","localization/replace/english/more_dragon_eggs_ui_l_english.yml","80","Are Hatching Ceremonies Always Available"
"EN","menu_rule_dragon_egg_spawn_likelihood_player","localization/replace/english/more_dragon_eggs_ui_l_english.yml","81","Player Dragon Egg Map Spawn"
"EN","menu_rule_dragon_egg_spawn_likelihood_ai","localization/replace/english/more_dragon_eggs_ui_l_english.yml","82","AI Dragon Egg Map Spawn"
"EN","menu_rule_spawn_cannibal_egg","localization/replace/english/more_dragon_eggs_ui_l_english.yml","83","Spawn Cannibal Egg"
"EN","menu_rule_spawn_sheepstealer_egg","localization/replace/english/more_dragon_eggs_ui_l_english.yml","84","Spawn Sheepstealer Egg"
"EN","menu_rule_spawn_vhagar_egg","localization/replace/english/more_dragon_eggs_ui_l_english.yml","85","Spawn Vhagar Egg"
"EN","menu_rule_spawn_moondancer_egg","localization/replace/english/more_dragon_eggs_ui_l_english.yml","86","Spawn Moondancer Egg"
"EN","menu_rule_spawn_nagga_egg","localization/replace/english/more_dragon_eggs_ui_l_english.yml","87","Spawn Nagga Egg"
"EN","menu_rule_spawn_meraxes_egg","localization/replace/english/more_dragon_eggs_ui_l_english.yml","88","Spawn Meraxes Egg"
"EN","menu_rule_spawn_pythax_egg","localization/replace/english/more_dragon_eggs_ui_l_english.yml","89","Spawn Pythax Egg"
"EN","menu_rule_spawn_vassarion_egg","localization/replace/english/more_dragon_eggs_ui_l_english.yml","90","Spawn Vassarion Egg"
"EN","menu_rule_spawn_dragonstone_eggs","localization/replace/english/more_dragon_eggs_ui_l_english.yml","91","Spawn Dragonstone Eggs"
"EN","menu_rule_cradle_hatch_likelihood_player","localization/replace/english/more_dragon_eggs_ui_l_english.yml","92","Player Cradled Egg Hatching Likelihood"
"EN","menu_rule_cradle_hatch_likelihood_ai","localization/replace/english/more_dragon_eggs_ui_l_english.yml","93","AI Cradled Egg Hatching"
"EN","menu_rule_pit_hatch_likelihood_player","localization/replace/english/more_dragon_eggs_ui_l_english.yml","94","Player Pitted Egg Hatching"
"EN","menu_rule_pit_hatch_likelihood_ai","localization/replace/english/more_dragon_eggs_ui_l_english.yml","95","AI Pitted Egg Hatching"
"EN","menu_rule_canon_dragon_egg_hatch_likelihood","localization/replace/english/more_dragon_eggs_ui_l_english.yml","96","Canon Dragon Egg Hatching Likelihood"
"EN","menu_rule_dragon_egg_clutch_size","localization/replace/english/more_dragon_eggs_ui_l_english.yml","97","Dragon Egg Clutch Size"
"EN","menu_rule_dragon_egg_clutch_frequency","localization/replace/english/more_dragon_eggs_ui_l_english.yml","98","Player Owned Dragon Egg Clutch Frequency"
"EN","menu_rule_dragon_egg_clutch_frequency_ai","localization/replace/english/more_dragon_eggs_ui_l_english.yml","99","AI Owned Dragon Egg Clutch Frequency"
"EN","menu_rule_dragon_gene_frequency","localization/replace/english/more_dragon_eggs_ui_l_english.yml","100","Dragon Genetic Trait Frequency"
"EN","menu_rule_dragon_gene_frequency_naughty_or_nice","localization/replace/english/more_dragon_eggs_ui_l_english.yml","101","Dragon Genetic Trait Frequency Application"
"EN","menu_rule_cannibal_instinct_odds","localization/replace/english/more_dragon_eggs_ui_l_english.yml","102","Cannibal Instinct Event Odds"
"EN","menu_rule_ride_dragon_decision_cooldown","localization/replace/english/more_dragon_eggs_ui_l_english.yml","103","Ride Dragon Decision Cooldown"
"EN","menu_rule_capture_dragon_time_limit","localization/replace/english/more_dragon_eggs_ui_l_english.yml","104","Capture Dragon Time Limit"
"EN","menu_rule_stepstone_invasion_frequency","localization/replace/english/more_dragon_eggs_ui_l_english.yml","105","Stepstone Adventurer Invasion Frequency"
"EN","menu_rule_can_children_be_landless","localization/replace/english/more_dragon_eggs_ui_l_english.yml","106","Can Children Become Landless Adventurers"
"EN","menu_rule_can_landless_steal","localization/replace/english/more_dragon_eggs_ui_l_english.yml","107","Landless Adventurer Stealing"
"EN","menu_rule_mde_egg_notifications","localization/replace/english/more_dragon_eggs_ui_l_english.yml","108","Dragon Egg Notifications"
"EN","menu_menu_host_only","localization/replace/english/more_dragon_eggs_ui_l_english.yml","110","@warning_icon! #X The game is in multiplayer and you are not the host!#!"
"EN","egg_found","localization/replace/english/more_dragon_eggs_ui_l_english.yml","111","Found"
"EN","dragon_portrait_toggle","localization/replace/english/more_dragon_eggs_ui_l_english.yml","113","Dragon Portrait"
"EN","buttons_toggle","localization/replace/english/more_dragon_eggs_ui_l_english.yml","114","Buttons"
"EN","game_rule_toggle","localization/replace/english/more_dragon_eggs_ui_l_english.yml","115","Game Rules"
"EN","mde_dragon_portrait_toggle_tt","localization/replace/english/more_dragon_eggs_ui_l_english.yml","116","#T Dragon Portrait#!\nToggle dragon portrait."
"EN","mde_dragon_animation_idle_tt","localization/replace/english/more_dragon_eggs_ui_l_english.yml","117","#T Idle#!\nSet animation to dragon idle."
"EN","mde_dragon_animation_roar_tt","localization/replace/english/more_dragon_eggs_ui_l_english.yml","118","#T Roar#!\nSet animation to dragon roar. Not available for baby dragons."
"EN","mde_dragon_animation_roar_fire_tt","localization/replace/english/more_dragon_eggs_ui_l_english.yml","119","#T Fire#!\nSet animation to dragon roar fire."
"EN","mde_kingsguard_white_book_tt","localization/replace/english/more_dragon_eggs_ui_l_english.yml","120","#T The White Book#!\nOpen the White Book of the Kingsguard."
"EN","message_filter_dragon_egg_created","localization/replace/english/more_dragon_eggs_ui_l_english.yml","122","@dragon_icon! Dragon Egg Found"
"EN","message_filter_dragon_egg_created_desc","localization/replace/english/more_dragon_eggs_ui_l_english.yml","123","A [dragon|E] egg has been laid, found or brought into the world"
"EN","mde_include_egg","localization/replace/english/agot/agot_artifacts/mde_artifacts_l_english.yml","4","Include"
"EN","mde_dragon_contains_embryo_hatching","localization/replace/english/agot/agot_artifacts/mde_artifacts_l_english.yml","5","It contains the dragon #italic [Artifact.Custom('mde_dragon_embryo_name')]#!."
"EN","dragon_egg_embryo_desc","localization/replace/english/agot/agot_artifacts/mde_artifacts_l_english.yml","7","[Artifact.Custom('mde_dragon_embryo_name')]"
"EN","mde_dragon_contains_embryo_builder","localization/replace/english/agot/agot_artifacts/mde_artifacts_l_english.yml","8","[newly_created_artifact.GetDesc] [newly_created_artifact.Custom('mde_dragon_embryo_line')]"
"EN","mde_dragon_contains_embryo","localization/replace/english/agot/agot_artifacts/mde_artifacts_l_english.yml","9","It contains the dragon #italic [ROOT.Artifact.Custom('mde_dragon_embryo_name')]#!."
"EN","mde_dragon_no_embryo_line","localization/replace/english/agot/agot_artifacts/mde_artifacts_l_english.yml","10",""
"EN","dragon_egg_vermithrax_desc","localization/replace/english/agot/agot_artifacts/mde_artifacts_l_english.yml","14","[newly_created_artifact.GetDesc]\n\nThis egg will hatch Vermithrax."
"EN","dragon_egg_anogaros_desc","localization/replace/english/agot/agot_artifacts/mde_artifacts_l_english.yml","15","[newly_created_artifact.GetDesc]\n\nThis egg will hatch Anogaros."
"EN","dragon_egg_nessarion_desc","localization/replace/english/agot/agot_artifacts/mde_artifacts_l_english.yml","16","[newly_created_artifact.GetDesc]\n\nThis egg will hatch Nessarion."
"EN","dragon_egg_archonei_desc","localization/replace/english/agot/agot_artifacts/mde_artifacts_l_english.yml","17","[newly_created_artifact.GetDesc]\n\nThis egg will hatch Archonei."
"EN","dragon_egg_balerion_desc","localization/replace/english/agot/agot_artifacts/mde_artifacts_l_english.yml","18","[newly_created_artifact.GetDesc]\n\nThis egg will hatch Balerion."
"EN","dragon_egg_meraxes_desc","localization/replace/english/agot/agot_artifacts/mde_artifacts_l_english.yml","19","[newly_created_artifact.GetDesc]\n\nThis egg will hatch Meraxes."
"EN","dragon_egg_quicksilver_desc","localization/replace/english/agot/agot_artifacts/mde_artifacts_l_english.yml","20","[newly_created_artifact.GetDesc]\n\nThis egg will hatch Quicksilver."
"EN","dragon_egg_vhagar_desc","localization/replace/english/agot/agot_artifacts/mde_artifacts_l_english.yml","21","[newly_created_artifact.GetDesc]\n\nThis egg will hatch Vhagar."
"EN","dragon_egg_caraxes_desc","localization/replace/english/agot/agot_artifacts/mde_artifacts_l_english.yml","22","[newly_created_artifact.GetDesc]\n\nThis egg will hatch Caraxes."
"EN","dragon_egg_meleys_desc","localization/replace/english/agot/agot_artifacts/mde_artifacts_l_english.yml","23","[newly_created_artifact.GetDesc]\n\nThis egg will hatch Meleys."
"EN","dragon_egg_dreamfyre_desc","localization/replace/english/agot/agot_artifacts/mde_artifacts_l_english.yml","24","[newly_created_artifact.GetDesc]\n\nThis egg will hatch Dreamfyre."
"EN","dragon_egg_vermithor_desc","localization/replace/english/agot/agot_artifacts/mde_artifacts_l_english.yml","25","[newly_created_artifact.GetDesc]\n\nThis egg will hatch Vermithor."
"EN","dragon_egg_silverwing_desc","localization/replace/english/agot/agot_artifacts/mde_artifacts_l_english.yml","26","[newly_created_artifact.GetDesc]\n\nThis egg will hatch Silverwing."
"EN","dragon_egg_seasmoke_desc","localization/replace/english/agot/agot_artifacts/mde_artifacts_l_english.yml","27","[newly_created_artifact.GetDesc]\n\nThis egg will hatch Seasmoke."
"EN","dragon_egg_sunfyre_desc","localization/replace/english/agot/agot_artifacts/mde_artifacts_l_english.yml","28","[newly_created_artifact.GetDesc]\n\nThis egg will hatch Sunfyre."
"EN","dragon_egg_syrax_desc","localization/replace/english/agot/agot_artifacts/mde_artifacts_l_english.yml","29","[newly_created_artifact.GetDesc]\n\nThis egg will hatch Syrax."
"EN","dragon_egg_tessarion_desc","localization/replace/english/agot/agot_artifacts/mde_artifacts_l_english.yml","30","[newly_created_artifact.GetDesc]\n\nThis egg will hatch Tessarion."
"EN","dragon_egg_vermax_desc","localization/replace/english/agot/agot_artifacts/mde_artifacts_l_english.yml","31","[newly_created_artifact.GetDesc]\n\nThis egg will hatch Vermax."
"EN","dragon_egg_arrax_desc","localization/replace/english/agot/agot_artifacts/mde_artifacts_l_english.yml","32","[newly_created_artifact.GetDesc]\n\nThis egg will hatch Arrax."
"EN","dragon_egg_tyraxes_desc","localization/replace/english/agot/agot_artifacts/mde_artifacts_l_english.yml","33","[newly_created_artifact.GetDesc]\n\nThis egg will hatch Tyraxes."
"EN","dragon_egg_stormcloud_desc","localization/replace/english/agot/agot_artifacts/mde_artifacts_l_english.yml","34","[newly_created_artifact.GetDesc]\n\nThis egg will hatch Stormcloud."
"EN","dragon_egg_moondancer_desc","localization/replace/english/agot/agot_artifacts/mde_artifacts_l_english.yml","35","[newly_created_artifact.GetDesc]\n\nThis egg will hatch Moondancer."
"EN","dragon_egg_wyrmling_desc","localization/replace/english/agot/agot_artifacts/mde_artifacts_l_english.yml","36","[newly_created_artifact.GetDesc]\n\nThis egg will hatch Starhunter."
"EN","dragon_egg_shrykos_desc","localization/replace/english/agot/agot_artifacts/mde_artifacts_l_english.yml","37","[newly_created_artifact.GetDesc]\n\nThis egg will hatch Shrykos."
"EN","dragon_egg_morghul_desc","localization/replace/english/agot/agot_artifacts/mde_artifacts_l_english.yml","38","[newly_created_artifact.GetDesc]\n\nThis egg will hatch Morghul."
"EN","dragon_egg_morning_desc","localization/replace/english/agot/agot_artifacts/mde_artifacts_l_english.yml","39","[newly_created_artifact.GetDesc]\n\nThis egg will hatch Morning."
"EN","dragon_egg_the_last_desc","localization/replace/english/agot/agot_artifacts/mde_artifacts_l_english.yml","40","[newly_created_artifact.GetDesc]\n\nThis egg will hatch Zalagon."
"EN","dragon_egg_nightfyre_desc","localization/replace/english/agot/agot_artifacts/mde_artifacts_l_english.yml","41","[newly_created_artifact.GetDesc]\n\nThis egg will hatch Nightfyre."
"EN","dragon_egg_cannibal_desc","localization/replace/english/agot/agot_artifacts/mde_artifacts_l_english.yml","42","[newly_created_artifact.GetDesc]\n\nThis egg will hatch Cannibal."
"EN","dragon_egg_sheepstealer_desc","localization/replace/english/agot/agot_artifacts/mde_artifacts_l_english.yml","43","[newly_created_artifact.GetDesc]\n\nThis egg will hatch Sheepstealer."
"EN","dragon_egg_grey_ghost_desc","localization/replace/english/agot/agot_artifacts/mde_artifacts_l_english.yml","44","[newly_created_artifact.GetDesc]\n\nThis egg will hatch Grey Ghost."
"EN","dragon_egg_drogon_desc","localization/replace/english/agot/agot_artifacts/mde_artifacts_l_english.yml","45","[newly_created_artifact.GetDesc]\n\nThis egg will hatch Drogon."
"EN","dragon_egg_rhaegal_desc","localization/replace/english/agot/agot_artifacts/mde_artifacts_l_english.yml","46","[newly_created_artifact.GetDesc]\n\nThis egg will hatch Rhaegal."
"EN","dragon_egg_viserion_desc","localization/replace/english/agot/agot_artifacts/mde_artifacts_l_english.yml","47","[newly_created_artifact.GetDesc]\n\nThis egg will hatch Viserion."
"EN","dragon_egg_serporoth_desc","localization/replace/english/agot/agot_artifacts/mde_artifacts_l_english.yml","48","[newly_created_artifact.GetDesc]\n\nThis egg will hatch Serporoth."
"EN","dragon_egg_maegor_2_desc","localization/replace/english/agot/agot_artifacts/mde_artifacts_l_english.yml","49","[newly_created_artifact.GetDesc]\n\nThis egg will hatch Lorcan."
"EN","dragon_egg_maegor_3_desc","localization/replace/english/agot/agot_artifacts/mde_artifacts_l_english.yml","50","[newly_created_artifact.GetDesc]\n\nThis egg will hatch Orion."
"EN","dragon_egg_maegor_4_desc","localization/replace/english/agot/agot_artifacts/mde_artifacts_l_english.yml","51","[newly_created_artifact.GetDesc]\n\nThis egg will hatch Blackfyre."
"EN","dragon_egg_maegor_5_desc","localization/replace/english/agot/agot_artifacts/mde_artifacts_l_english.yml","52","[newly_created_artifact.GetDesc]\n\nThis egg will hatch Ryax."
"EN","dragon_egg_maegor_6_desc","localization/replace/english/agot/agot_artifacts/mde_artifacts_l_english.yml","53","[newly_created_artifact.GetDesc]\n\nThis egg will hatch Morghon."
"EN","dragon_egg_maegor_7_desc","localization/replace/english/agot/agot_artifacts/mde_artifacts_l_english.yml","54","[newly_created_artifact.GetDesc]\n\nThis egg will hatch Lykax."
"EN","dragon_egg_maegor_8_desc","localization/replace/english/agot/agot_artifacts/mde_artifacts_l_english.yml","55","[newly_created_artifact.GetDesc]\n\nThis egg will hatch Malrax."
"EN","dragon_egg_maegor_9_desc","localization/replace/english/agot/agot_artifacts/mde_artifacts_l_english.yml","56","[newly_created_artifact.GetDesc]\n\nThis egg will hatch Spyrax."
"EN","dragon_egg_maegor_10_desc","localization/replace/english/agot/agot_artifacts/mde_artifacts_l_english.yml","57","[newly_created_artifact.GetDesc]\n\nThis egg will hatch Tallfyre."
"EN","dragon_egg_maegor_11_desc","localization/replace/english/agot/agot_artifacts/mde_artifacts_l_english.yml","58","[newly_created_artifact.GetDesc]\n\nThis egg will hatch Zuvdar."
"EN","dragon_egg_maegor_12_desc","localization/replace/english/agot/agot_artifacts/mde_artifacts_l_english.yml","59","[newly_created_artifact.GetDesc]\n\nThis egg will hatch Greyscale."
"EN","dragon_egg_laena_1_desc","localization/replace/english/agot/agot_artifacts/mde_artifacts_l_english.yml","60","[newly_created_artifact.GetDesc]\n\nThis egg will hatch Starhunter."
"EN","dragon_egg_aenys_1_desc","localization/replace/english/agot/agot_artifacts/mde_artifacts_l_english.yml","61","[newly_created_artifact.GetDesc]\n\nThis egg will hatch Goldfyre."
"EN","dragon_egg_aenys_2_desc","localization/replace/english/agot/agot_artifacts/mde_artifacts_l_english.yml","62","[newly_created_artifact.GetDesc]\n\nThis egg will hatch Deltharion."
"EN","dragon_egg_aerea_1_desc","localization/replace/english/agot/agot_artifacts/mde_artifacts_l_english.yml","63","[newly_created_artifact.GetDesc]\n\nThis egg will hatch Laengar."
"EN","dragon_egg_aerea_2_desc","localization/replace/english/agot/agot_artifacts/mde_artifacts_l_english.yml","64","[newly_created_artifact.GetDesc]\n\nThis egg will hatch Moonfyre."
"EN","dragon_egg_aerea_3_desc","localization/replace/english/agot/agot_artifacts/mde_artifacts_l_english.yml","65","[newly_created_artifact.GetDesc]\n\nThis egg will hatch Adereon."
"EN","dragon_egg_daenerys_1_desc","localization/replace/english/agot/agot_artifacts/mde_artifacts_l_english.yml","66","[newly_created_artifact.GetDesc]\n\nThis egg will hatch Hurax."
"EN","dragon_egg_aemond_1_desc","localization/replace/english/agot/agot_artifacts/mde_artifacts_l_english.yml","67","[newly_created_artifact.GetDesc]\n\nThis egg will hatch Winged Stranger."
"EN","dragon_egg_aemond_2_desc","localization/replace/english/agot/agot_artifacts/mde_artifacts_l_english.yml","68","[newly_created_artifact.GetDesc]\n\nThis egg will hatch Hegagon."
"EN","dragon_egg_aemond_3_desc","localization/replace/english/agot/agot_artifacts/mde_artifacts_l_english.yml","69","[newly_created_artifact.GetDesc]\n\nThis egg will hatch Qelos."
"EN","dragon_egg_essovius_desc","localization/replace/english/agot/agot_artifacts/mde_artifacts_l_english.yml","70","[newly_created_artifact.GetDesc]\n\nThis egg will hatch Essovius."
"EN","dragon_egg_valryon_desc","localization/replace/english/agot/agot_artifacts/mde_artifacts_l_english.yml","71","[newly_created_artifact.GetDesc]\n\nThis egg will hatch valryon."
"EN","dragon_egg_ghiscar_desc","localization/replace/english/agot/agot_artifacts/mde_artifacts_l_english.yml","72","[newly_created_artifact.GetDesc]\n\nThis egg will hatch Ghiscar."
"EN","dragon_egg_terrax_desc","localization/replace/english/agot/agot_artifacts/mde_artifacts_l_english.yml","73","[newly_created_artifact.GetDesc]\n\nThis egg will hatch Terrax."
"EN","dragon_egg_vassarion_desc","localization/replace/english/agot/agot_artifacts/mde_artifacts_l_english.yml","74","[newly_created_artifact.GetDesc]\n\nThis egg will hatch Vassarion."
"EN","dragon_egg_rovax_desc","localization/replace/english/agot/agot_artifacts/mde_artifacts_l_english.yml","75","[newly_created_artifact.GetDesc]\n\nThis egg will hatch Rovax."
"EN","dragon_egg_neltharion_desc","localization/replace/english/agot/agot_artifacts/mde_artifacts_l_english.yml","76","[newly_created_artifact.GetDesc]\n\nThis egg will hatch Neltharion."
"EN","dragon_egg_pythax_desc","localization/replace/english/agot/agot_artifacts/mde_artifacts_l_english.yml","77","[newly_created_artifact.GetDesc]\n\nThis egg will hatch Pythax."
"EN","dragon_egg_nagga_desc","localization/replace/english/agot/agot_artifacts/mde_artifacts_l_english.yml","78","[newly_created_artifact.GetDesc]\n\nThis egg will hatch Nagga."
"EN","dragon_egg_urrax_desc","localization/replace/english/agot/agot_artifacts/mde_artifacts_l_english.yml","79","[newly_created_artifact.GetDesc]\n\nThis egg will hatch Urrax."
"EN","dragon_egg_dragon_ancestor_1_desc","localization/replace/english/agot/agot_artifacts/mde_artifacts_l_english.yml","80","[newly_created_artifact.GetDesc]\n\nThis egg will hatch Vaedar."
"EN","dragon_egg_dragon_ancestor_2_desc","localization/replace/english/agot/agot_artifacts/mde_artifacts_l_english.yml","81","[newly_created_artifact.GetDesc]\n\nThis egg will hatch Vezojaes."
"EN","dragon_egg_dragon_ancestor_3_desc","localization/replace/english/agot/agot_artifacts/mde_artifacts_l_english.yml","82","[newly_created_artifact.GetDesc]\n\nThis egg will hatch Falkael."
"EN","dragon_egg_dragon_ancestor_4_desc","localization/replace/english/agot/agot_artifacts/mde_artifacts_l_english.yml","83","[newly_created_artifact.GetDesc]\n\nThis egg will hatch Peldion."
"EN","dragon_egg_dragon_ancestor_5_desc","localization/replace/english/agot/agot_artifacts/mde_artifacts_l_english.yml","84","[newly_created_artifact.GetDesc]\n\nThis egg will hatch Volon."
"EN","dragon_egg_dragon_ancestor_6_desc","localization/replace/english/agot/agot_artifacts/mde_artifacts_l_english.yml","85","[newly_created_artifact.GetDesc]\n\nThis egg will hatch Telarion."
"EN","dragon_egg_vermithrax_ui_desc","localization/replace/english/agot/agot_artifacts/mde_artifacts_l_english.yml","87","This egg will hatch Vermithrax."
"EN","dragon_egg_anogaros_ui_desc","localization/replace/english/agot/agot_artifacts/mde_artifacts_l_english.yml","88","This egg will hatch Anogaros."
"EN","dragon_egg_nessarion_ui_desc","localization/replace/english/agot/agot_artifacts/mde_artifacts_l_english.yml","89","This egg will hatch Nessarion."
"EN","dragon_egg_archonei_ui_desc","localization/replace/english/agot/agot_artifacts/mde_artifacts_l_english.yml","90","This egg will hatch Archonei."
"EN","dragon_egg_balerion_ui_desc","localization/replace/english/agot/agot_artifacts/mde_artifacts_l_english.yml","91","This egg will hatch Balerion."
"EN","dragon_egg_meraxes_ui_desc","localization/replace/english/agot/agot_artifacts/mde_artifacts_l_english.yml","92","This egg will hatch Meraxes."
"EN","dragon_egg_quicksilver_ui_desc","localization/replace/english/agot/agot_artifacts/mde_artifacts_l_english.yml","93","This egg will hatch Quicksilver."
"EN","dragon_egg_vhagar_ui_desc","localization/replace/english/agot/agot_artifacts/mde_artifacts_l_english.yml","94","This egg will hatch Vhagar."
"EN","dragon_egg_caraxes_ui_desc","localization/replace/english/agot/agot_artifacts/mde_artifacts_l_english.yml","95","This egg will hatch Caraxes."
"EN","dragon_egg_meleys_ui_desc","localization/replace/english/agot/agot_artifacts/mde_artifacts_l_english.yml","96","This egg will hatch Meleys."
"EN","dragon_egg_dreamfyre_ui_desc","localization/replace/english/agot/agot_artifacts/mde_artifacts_l_english.yml","97","This egg will hatch Dreamfyre."
"EN","dragon_egg_vermithor_ui_desc","localization/replace/english/agot/agot_artifacts/mde_artifacts_l_english.yml","98","This egg will hatch Vermithor."
"EN","dragon_egg_silverwing_ui_desc","localization/replace/english/agot/agot_artifacts/mde_artifacts_l_english.yml","99","This egg will hatch Silverwing."
"EN","dragon_egg_seasmoke_ui_desc","localization/replace/english/agot/agot_artifacts/mde_artifacts_l_english.yml","100","This egg will hatch Seasmoke."
"EN","dragon_egg_sunfyre_ui_desc","localization/replace/english/agot/agot_artifacts/mde_artifacts_l_english.yml","101","This egg will hatch Sunfyre."
"EN","dragon_egg_syrax_ui_desc","localization/replace/english/agot/agot_artifacts/mde_artifacts_l_english.yml","102","This egg will hatch Syrax."
"EN","dragon_egg_tessarion_ui_desc","localization/replace/english/agot/agot_artifacts/mde_artifacts_l_english.yml","103","This egg will hatch Tessarion."
"EN","dragon_egg_vermax_ui_desc","localization/replace/english/agot/agot_artifacts/mde_artifacts_l_english.yml","104","This egg will hatch Vermax."
"EN","dragon_egg_arrax_ui_desc","localization/replace/english/agot/agot_artifacts/mde_artifacts_l_english.yml","105","This egg will hatch Arrax."
"EN","dragon_egg_tyraxes_ui_desc","localization/replace/english/agot/agot_artifacts/mde_artifacts_l_english.yml","106","This egg will hatch Tyraxes."
"EN","dragon_egg_stormcloud_ui_desc","localization/replace/english/agot/agot_artifacts/mde_artifacts_l_english.yml","107","This egg will hatch Stormcloud."
"EN","dragon_egg_moondancer_ui_desc","localization/replace/english/agot/agot_artifacts/mde_artifacts_l_english.yml","108","This egg will hatch Moondancer."
"EN","dragon_egg_wyrmling_ui_desc","localization/replace/english/agot/agot_artifacts/mde_artifacts_l_english.yml","109","This egg will hatch Starhunter."
"EN","dragon_egg_shrykos_ui_desc","localization/replace/english/agot/agot_artifacts/mde_artifacts_l_english.yml","110","This egg will hatch Shrykos."
"EN","dragon_egg_morghul_ui_desc","localization/replace/english/agot/agot_artifacts/mde_artifacts_l_english.yml","111","This egg will hatch Morghul."
"EN","dragon_egg_morning_ui_desc","localization/replace/english/agot/agot_artifacts/mde_artifacts_l_english.yml","112","This egg will hatch Morning."
"EN","dragon_egg_the_last_ui_desc","localization/replace/english/agot/agot_artifacts/mde_artifacts_l_english.yml","113","This egg will hatch Zalagon."
"EN","dragon_egg_nightfyre_ui_desc","localization/replace/english/agot/agot_artifacts/mde_artifacts_l_english.yml","114","This egg will hatch Nightfyre."
"EN","dragon_egg_cannibal_ui_desc","localization/replace/english/agot/agot_artifacts/mde_artifacts_l_english.yml","115","This egg will hatch Cannibal."
"EN","dragon_egg_sheepstealer_ui_desc","localization/replace/english/agot/agot_artifacts/mde_artifacts_l_english.yml","116","This egg will hatch Sheepstealer."
"EN","dragon_egg_grey_ghost_ui_desc","localization/replace/english/agot/agot_artifacts/mde_artifacts_l_english.yml","117","This egg will hatch Grey Ghost."
"EN","dragon_egg_drogon_ui_desc","localization/replace/english/agot/agot_artifacts/mde_artifacts_l_english.yml","118","This egg will hatch Drogon."
"EN","dragon_egg_rhaegal_ui_desc","localization/replace/english/agot/agot_artifacts/mde_artifacts_l_english.yml","119","This egg will hatch Rhaegal."
"EN","dragon_egg_viserion_ui_desc","localization/replace/english/agot/agot_artifacts/mde_artifacts_l_english.yml","120","This egg will hatch Viserion."
"EN","dragon_egg_serporoth_ui_desc","localization/replace/english/agot/agot_artifacts/mde_artifacts_l_english.yml","121","This egg will hatch Serporoth."
"EN","dragon_egg_maegor_2_ui_desc","localization/replace/english/agot/agot_artifacts/mde_artifacts_l_english.yml","122","This egg will hatch Lorcan."
"EN","dragon_egg_maegor_3_ui_desc","localization/replace/english/agot/agot_artifacts/mde_artifacts_l_english.yml","123","This egg will hatch Orion."
"EN","dragon_egg_maegor_4_ui_desc","localization/replace/english/agot/agot_artifacts/mde_artifacts_l_english.yml","124","This egg will hatch Blackfyre."
"EN","dragon_egg_maegor_5_ui_desc","localization/replace/english/agot/agot_artifacts/mde_artifacts_l_english.yml","125","This egg will hatch Ryax."
"EN","dragon_egg_maegor_6_ui_desc","localization/replace/english/agot/agot_artifacts/mde_artifacts_l_english.yml","126","This egg will hatch Morghon."
"EN","dragon_egg_maegor_7_ui_desc","localization/replace/english/agot/agot_artifacts/mde_artifacts_l_english.yml","127","This egg will hatch Lykax."
"EN","dragon_egg_maegor_8_ui_desc","localization/replace/english/agot/agot_artifacts/mde_artifacts_l_english.yml","128","This egg will hatch Malrax."
"EN","dragon_egg_maegor_9_ui_desc","localization/replace/english/agot/agot_artifacts/mde_artifacts_l_english.yml","129","This egg will hatch Spyrax."
"EN","dragon_egg_maegor_10_ui_desc","localization/replace/english/agot/agot_artifacts/mde_artifacts_l_english.yml","130","This egg will hatch Tallfyre."
"EN","dragon_egg_maegor_11_ui_desc","localization/replace/english/agot/agot_artifacts/mde_artifacts_l_english.yml","131","This egg will hatch Zuvdar."
"EN","dragon_egg_aenys_1_ui_desc","localization/replace/english/agot/agot_artifacts/mde_artifacts_l_english.yml","132","This egg will hatch Goldfyre."
"EN","dragon_egg_aenys_2_ui_desc","localization/replace/english/agot/agot_artifacts/mde_artifacts_l_english.yml","133","This egg will hatch Deltharion."
"EN","dragon_egg_aerea_1_ui_desc","localization/replace/english/agot/agot_artifacts/mde_artifacts_l_english.yml","134","This egg will hatch Laengar."
"EN","dragon_egg_aerea_2_ui_desc","localization/replace/english/agot/agot_artifacts/mde_artifacts_l_english.yml","135","This egg will hatch Moonfyre."
"EN","dragon_egg_aerea_3_ui_desc","localization/replace/english/agot/agot_artifacts/mde_artifacts_l_english.yml","136","This egg will hatch Adereon."
"EN","dragon_egg_daenerys_1_ui_desc","localization/replace/english/agot/agot_artifacts/mde_artifacts_l_english.yml","137","This egg will hatch Hurax."
"EN","dragon_egg_aemond_1_ui_desc","localization/replace/english/agot/agot_artifacts/mde_artifacts_l_english.yml","138","This egg will hatch Winged Stranger."
"EN","dragon_egg_aemond_2_ui_desc","localization/replace/english/agot/agot_artifacts/mde_artifacts_l_english.yml","139","This egg will hatch Hegagon."
"EN","dragon_egg_aemond_3_ui_desc","localization/replace/english/agot/agot_artifacts/mde_artifacts_l_english.yml","140","This egg will hatch Qelos."
"EN","dragon_egg_essovius_ui_desc","localization/replace/english/agot/agot_artifacts/mde_artifacts_l_english.yml","141","This egg will hatch Essovius."
"EN","dragon_egg_valryon_ui_desc","localization/replace/english/agot/agot_artifacts/mde_artifacts_l_english.yml","142","This egg will hatch valryon."
"EN","dragon_egg_ghiscar_ui_desc","localization/replace/english/agot/agot_artifacts/mde_artifacts_l_english.yml","143","This egg will hatch Ghiscar."
"EN","dragon_egg_terrax_ui_desc","localization/replace/english/agot/agot_artifacts/mde_artifacts_l_english.yml","144","This egg will hatch Terrax."
"EN","dragon_egg_vassarion_ui_desc","localization/replace/english/agot/agot_artifacts/mde_artifacts_l_english.yml","145","This egg will hatch Vassarion."
"EN","dragon_egg_rovax_ui_desc","localization/replace/english/agot/agot_artifacts/mde_artifacts_l_english.yml","146","This egg will hatch Rovax."
"EN","dragon_egg_neltharion_ui_desc","localization/replace/english/agot/agot_artifacts/mde_artifacts_l_english.yml","147","This egg will hatch Neltharion."
"EN","dragon_egg_pythax_ui_desc","localization/replace/english/agot/agot_artifacts/mde_artifacts_l_english.yml","148","This egg will hatch Pythax."
"EN","dragon_egg_nagga_ui_desc","localization/replace/english/agot/agot_artifacts/mde_artifacts_l_english.yml","149","This egg will hatch Nagga."
"EN","dragon_egg_urrax_ui_desc","localization/replace/english/agot/agot_artifacts/mde_artifacts_l_english.yml","150","This egg will hatch Urrax."
"EN","dragon_egg_dragon_ancestor_1_ui_desc","localization/replace/english/agot/agot_artifacts/mde_artifacts_l_english.yml","151","This egg will hatch Vaedar."
"EN","dragon_egg_dragon_ancestor_2_ui_desc","localization/replace/english/agot/agot_artifacts/mde_artifacts_l_english.yml","152","This egg will hatch Vezojaes."
"EN","dragon_egg_dragon_ancestor_3_ui_desc","localization/replace/english/agot/agot_artifacts/mde_artifacts_l_english.yml","153","This egg will hatch Falkael."
"EN","dragon_egg_dragon_ancestor_4_ui_desc","localization/replace/english/agot/agot_artifacts/mde_artifacts_l_english.yml","154","This egg will hatch Peldion."
"EN","dragon_egg_dragon_ancestor_5_ui_desc","localization/replace/english/agot/agot_artifacts/mde_artifacts_l_english.yml","155","This egg will hatch Volon."
"EN","dragon_egg_dragon_ancestor_6_ui_desc","localization/replace/english/agot/agot_artifacts/mde_artifacts_l_english.yml","156","This egg will hatch Telarion."
"EN","vermithrax_desc","localization/replace/english/agot/agot_artifacts/mde_artifacts_l_english.yml","158","Vermithrax"
"EN","anogaros_desc","localization/replace/english/agot/agot_artifacts/mde_artifacts_l_english.yml","159","Anogaros"
"EN","nessarion_desc","localization/replace/english/agot/agot_artifacts/mde_artifacts_l_english.yml","160","Nessarion"
"EN","archonei_desc","localization/replace/english/agot/agot_artifacts/mde_artifacts_l_english.yml","161","Archonei"
"EN","balerion_desc","localization/replace/english/agot/agot_artifacts/mde_artifacts_l_english.yml","162","Balerion"
"EN","meraxes_desc","localization/replace/english/agot/agot_artifacts/mde_artifacts_l_english.yml","163","Meraxes"
"EN","quicksilver_desc","localization/replace/english/agot/agot_artifacts/mde_artifacts_l_english.yml","164","Quicksilver"
"EN","vhagar_desc","localization/replace/english/agot/agot_artifacts/mde_artifacts_l_english.yml","165","Vhagar"
"EN","caraxes_desc","localization/replace/english/agot/agot_artifacts/mde_artifacts_l_english.yml","166","Caraxes"
"EN","meleys_desc","localization/replace/english/agot/agot_artifacts/mde_artifacts_l_english.yml","167","Meleys"
"EN","dreamfyre_desc","localization/replace/english/agot/agot_artifacts/mde_artifacts_l_english.yml","168","Dreamfyre"
"EN","vermithor_desc","localization/replace/english/agot/agot_artifacts/mde_artifacts_l_english.yml","169","Vermithor"
"EN","silverwing_desc","localization/replace/english/agot/agot_artifacts/mde_artifacts_l_english.yml","170","Silverwing"
"EN","seasmoke_desc","localization/replace/english/agot/agot_artifacts/mde_artifacts_l_english.yml","171","Seasmoke"
"EN","sunfyre_desc","localization/replace/english/agot/agot_artifacts/mde_artifacts_l_english.yml","172","Sunfyre"
"EN","syrax_desc","localization/replace/english/agot/agot_artifacts/mde_artifacts_l_english.yml","173","Syrax"
"EN","tessarion_desc","localization/replace/english/agot/agot_artifacts/mde_artifacts_l_english.yml","174","Tessarion"
"EN","vermax_desc","localization/replace/english/agot/agot_artifacts/mde_artifacts_l_english.yml","175","Vermax"
"EN","arrax_desc","localization/replace/english/agot/agot_artifacts/mde_artifacts_l_english.yml","176","Arrax"
"EN","tyraxes_desc","localization/replace/english/agot/agot_artifacts/mde_artifacts_l_english.yml","177","Tyraxes"
"EN","stormcloud_desc","localization/replace/english/agot/agot_artifacts/mde_artifacts_l_english.yml","178","Stormcloud"
"EN","moondancer_desc","localization/replace/english/agot/agot_artifacts/mde_artifacts_l_english.yml","179","Moondancer"
"EN","wyrmling_desc","localization/replace/english/agot/agot_artifacts/mde_artifacts_l_english.yml","180","Starhunter"
"EN","shrykos_desc","localization/replace/english/agot/agot_artifacts/mde_artifacts_l_english.yml","181","Shrykos"
"EN","morghul_desc","localization/replace/english/agot/agot_artifacts/mde_artifacts_l_english.yml","182","Morghul"
"EN","morning_desc","localization/replace/english/agot/agot_artifacts/mde_artifacts_l_english.yml","183","Morning"
"EN","the_last_desc","localization/replace/english/agot/agot_artifacts/mde_artifacts_l_english.yml","184","Zalagon"
"EN","nightfyre_desc","localization/replace/english/agot/agot_artifacts/mde_artifacts_l_english.yml","185","Nightfyre"
"EN","cannibal_desc","localization/replace/english/agot/agot_artifacts/mde_artifacts_l_english.yml","186","Cannibal"
"EN","sheepstealer_desc","localization/replace/english/agot/agot_artifacts/mde_artifacts_l_english.yml","187","Sheepstealer"
"EN","grey_ghost_desc","localization/replace/english/agot/agot_artifacts/mde_artifacts_l_english.yml","188","Grey Ghost"
"EN","drogon_desc","localization/replace/english/agot/agot_artifacts/mde_artifacts_l_english.yml","189","Drogon"
"EN","rhaegal_desc","localization/replace/english/agot/agot_artifacts/mde_artifacts_l_english.yml","190","Rhaegal"
"EN","viserion_desc","localization/replace/english/agot/agot_artifacts/mde_artifacts_l_english.yml","191","Viserion"
"EN","serporoth_desc","localization/replace/english/agot/agot_artifacts/mde_artifacts_l_english.yml","192","Serporoth"
"EN","maegor_2_desc","localization/replace/english/agot/agot_artifacts/mde_artifacts_l_english.yml","193","Lorcan"
"EN","maegor_3_desc","localization/replace/english/agot/agot_artifacts/mde_artifacts_l_english.yml","194","Orion"
"EN","maegor_4_desc","localization/replace/english/agot/agot_artifacts/mde_artifacts_l_english.yml","195","Blackfyre"
"EN","maegor_5_desc","localization/replace/english/agot/agot_artifacts/mde_artifacts_l_english.yml","196","Ryax"
"EN","maegor_6_desc","localization/replace/english/agot/agot_artifacts/mde_artifacts_l_english.yml","197","Morghon"
"EN","maegor_7_desc","localization/replace/english/agot/agot_artifacts/mde_artifacts_l_english.yml","198","Lykax"
"EN","maegor_8_desc","localization/replace/english/agot/agot_artifacts/mde_artifacts_l_english.yml","199","Malrax"
"EN","maegor_9_desc","localization/replace/english/agot/agot_artifacts/mde_artifacts_l_english.yml","200","Spyrax"
"EN","maegor_10_desc","localization/replace/english/agot/agot_artifacts/mde_artifacts_l_english.yml","201","Tallfyre"
"EN","maegor_11_desc","localization/replace/english/agot/agot_artifacts/mde_artifacts_l_english.yml","202","Zuvdar"
"EN","maegor_12_desc","localization/replace/english/agot/agot_artifacts/mde_artifacts_l_english.yml","203","Greyscale"
"EN","aenys_1_desc","localization/replace/english/agot/agot_artifacts/mde_artifacts_l_english.yml","204","Goldfyre"
"EN","aenys_2_desc","localization/replace/english/agot/agot_artifacts/mde_artifacts_l_english.yml","205","Deltharion"
"EN","aerea_1_desc","localization/replace/english/agot/agot_artifacts/mde_artifacts_l_english.yml","206","Laengar"
"EN","aerea_2_desc","localization/replace/english/agot/agot_artifacts/mde_artifacts_l_english.yml","207","Moonfyre"
"EN","aerea_3_desc","localization/replace/english/agot/agot_artifacts/mde_artifacts_l_english.yml","208","Adereon"
"EN","daenerys_1_desc","localization/replace/english/agot/agot_artifacts/mde_artifacts_l_english.yml","209","Hurax"
"EN","aemond_1_desc","localization/replace/english/agot/agot_artifacts/mde_artifacts_l_english.yml","210","Winged Stranger"
"EN","aemond_2_desc","localization/replace/english/agot/agot_artifacts/mde_artifacts_l_english.yml","211","Hegagon"
"EN","aemond_3_desc","localization/replace/english/agot/agot_artifacts/mde_artifacts_l_english.yml","212","Qelos"
"EN","essovius_desc","localization/replace/english/agot/agot_artifacts/mde_artifacts_l_english.yml","213","Essovius"
"EN","valryon_desc","localization/replace/english/agot/agot_artifacts/mde_artifacts_l_english.yml","214","valryon"
"EN","ghiscar_desc","localization/replace/english/agot/agot_artifacts/mde_artifacts_l_english.yml","215","Ghiscar"
"EN","terrax_desc","localization/replace/english/agot/agot_artifacts/mde_artifacts_l_english.yml","216","Terrax"
"EN","vassarion_desc","localization/replace/english/agot/agot_artifacts/mde_artifacts_l_english.yml","217","Vassarion"
"EN","rovax_desc","localization/replace/english/agot/agot_artifacts/mde_artifacts_l_english.yml","218","Rovax"
"EN","neltharion_desc","localization/replace/english/agot/agot_artifacts/mde_artifacts_l_english.yml","219","Neltharion"
"EN","pythax_desc","localization/replace/english/agot/agot_artifacts/mde_artifacts_l_english.yml","220","Pythax"
"EN","nagga_desc","localization/replace/english/agot/agot_artifacts/mde_artifacts_l_english.yml","221","Nagga"
"EN","urrax_desc","localization/replace/english/agot/agot_artifacts/mde_artifacts_l_english.yml","222","Urrax"
"EN","dragon_ancestor_1_desc","localization/replace/english/agot/agot_artifacts/mde_artifacts_l_english.yml","223","Vaedar"
"EN","dragon_ancestor_2_desc","localization/replace/english/agot/agot_artifacts/mde_artifacts_l_english.yml","224","Vezojaes"
"EN","dragon_ancestor_3_desc","localization/replace/english/agot/agot_artifacts/mde_artifacts_l_english.yml","225","Falkael"
"EN","dragon_ancestor_4_desc","localization/replace/english/agot/agot_artifacts/mde_artifacts_l_english.yml","226","Peldion"
"EN","dragon_ancestor_5_desc","localization/replace/english/agot/agot_artifacts/mde_artifacts_l_english.yml","227","Volon"
"EN","dragon_ancestor_6_desc","localization/replace/english/agot/agot_artifacts/mde_artifacts_l_english.yml","228","Telarion"
"EN","dragon_egg_alive_or_dead","localization/replace/english/agot/agot_artifacts/mde_artifacts_l_english.yml","230","[AddLocalizationIf(GetScriptedGui('mde_egg_is_dud').IsShown( GuiScope.SetRoot( GetPlayer.MakeScope ).AddScope( 'this_egg', Artifact.MakeScope ).End ), 'dragon_egg_dud')]Dragon Egg"
"EN","dragon_egg_dud","localization/replace/english/agot/agot_artifacts/mde_artifacts_l_english.yml","231","Petrified "
"EN","mde_dragon_parent_line","localization/replace/english/agot/agot_artifacts/mde_artifacts_l_english.yml","233","It was laid by [Artifact.MakeScope.Var('dragon_parent').GetCharacter.GetName]."
"EN","mde_dragon_parents_line","localization/replace/english/agot/agot_artifacts/mde_artifacts_l_english.yml","234","It was laid by [Artifact.MakeScope.Var('dragon_parent').GetCharacter.GetName] and [Artifact.MakeScope.Var('dragon_parent_other').GetCharacter.GetName]."
"EN","mde_dragon_no_parent_line","localization/replace/english/agot/agot_artifacts/mde_artifacts_l_english.yml","235","It's origins are unknown."
"EN","mde_lineage_and_embryo","localization/replace/english/agot/agot_artifacts/mde_artifacts_l_english.yml","236","[Artifact.Custom('mde_dragon_parent_localization')] [Artifact.Custom('mde_dragon_embryo_line')]"
"EN","domicile_building_parameter_camp_unlocks_dragonkeeper","localization/replace/english/domiciles/dp_domicile_buildings_l_english.yml","2","Unlocks the [GetCourtPositionType('head_dragonkeeper_court_position').GetName()] [officer|E]"
"EN","dragon_pen.tt.unlocked_by_requirements","localization/replace/english/domiciles/dp_domicile_buildings_l_english.yml","3","You lack the requirements to recruit a dragonkeeper or build a dragonpen."
"EN","dragon_coop_01_domicile_building","localization/replace/english/domiciles/mde_domicile_buildings_l_english.yml","2","Dragoncoop"
"EN","dragon_coop_01_domicile_building_desc","localization/replace/english/domiciles/mde_domicile_buildings_l_english.yml","3","This is where adventurers can store their dragons."
"EN","domicile_building_parameter_camp_unlocks_dragonkeeper","localization/replace/english/domiciles/mde_domicile_buildings_l_english.yml","4","Unlocks the [GetCourtPositionType('head_dragonkeeper_court_position').GetName()] [officer|E]"
"EN","dragon_pen.tt.unlocked_by_requirements","localization/replace/english/domiciles/mde_domicile_buildings_l_english.yml","5","You lack the requirements to recruit a dragonkeeper or build a dragoncoop."
"Translation","dragon_egg_vermithrax_desc","localization/russian/dp_artifacts_l_russian.yml","2","[newly_created_artifact.GetDesc]\n\nИз яйца вылупится Вермитракс."
"Translation","dragon_egg_anogaros_desc","localization/russian/dp_artifacts_l_russian.yml","3","[newly_created_artifact.GetDesc]\n\nИз яйца вылупится Аногарос."
"Translation","dragon_egg_nessarion_desc","localization/russian/dp_artifacts_l_russian.yml","4","[newly_created_artifact.GetDesc]\n\nИз яйца вылупится Нессарион."
"Translation","dragon_egg_archonei_desc","localization/russian/dp_artifacts_l_russian.yml","5","[newly_created_artifact.GetDesc]\n\nИз яйца вылупится Архоней."
"Translation","dragon_egg_balerion_desc","localization/russian/dp_artifacts_l_russian.yml","6","[newly_created_artifact.GetDesc]\n\nИз яйца вылупится Балерион."
"Translation","dragon_egg_meraxes_desc","localization/russian/dp_artifacts_l_russian.yml","7","[newly_created_artifact.GetDesc]\n\nИз яйца вылупится Мераксес."
"Translation","dragon_egg_quicksilver_desc","localization/russian/dp_artifacts_l_russian.yml","8","[newly_created_artifact.GetDesc]\n\nИз яйца вылупится Ртуть."
"Translation","dragon_egg_vhagar_desc","localization/russian/dp_artifacts_l_russian.yml","9","[newly_created_artifact.GetDesc]\n\nИз яйца вылупится Вхагар."
"Translation","dragon_egg_caraxes_desc","localization/russian/dp_artifacts_l_russian.yml","10","[newly_created_artifact.GetDesc]\n\nИз яйца вылупится Караксес."
"Translation","dragon_egg_meleys_desc","localization/russian/dp_artifacts_l_russian.yml","11","[newly_created_artifact.GetDesc]\n\nИз яйца вылупится Мелеис."
"Translation","dragon_egg_dreamfyre_desc","localization/russian/dp_artifacts_l_russian.yml","12","[newly_created_artifact.GetDesc]\n\nИз яйца вылупится Пламенная Мечта."
"Translation","dragon_egg_vermithor_desc","localization/russian/dp_artifacts_l_russian.yml","13","[newly_created_artifact.GetDesc]\n\nИз яйца вылупится Вермитор."
"Translation","dragon_egg_silverwing_desc","localization/russian/dp_artifacts_l_russian.yml","14","[newly_created_artifact.GetDesc]\n\nИз яйца вылупится Среброкрылая."
"Translation","dragon_egg_seasmoke_desc","localization/russian/dp_artifacts_l_russian.yml","15","[newly_created_artifact.GetDesc]\n\nИз яйца вылупится Морской Дым."
"Translation","dragon_egg_sunfyre_desc","localization/russian/dp_artifacts_l_russian.yml","16","[newly_created_artifact.GetDesc]\n\nИз яйца вылупится Солнечный Огонь."
"Translation","dragon_egg_syrax_desc","localization/russian/dp_artifacts_l_russian.yml","17","[newly_created_artifact.GetDesc]\n\nИз яйца вылупится Сиракс."
"Translation","dragon_egg_tessarion_desc","localization/russian/dp_artifacts_l_russian.yml","18","[newly_created_artifact.GetDesc]\n\nИз яйца вылупится Тессарион."
"Translation","dragon_egg_vermax_desc","localization/russian/dp_artifacts_l_russian.yml","19","[newly_created_artifact.GetDesc]\n\nИз яйца вылупится Вермакс."
"Translation","dragon_egg_arrax_desc","localization/russian/dp_artifacts_l_russian.yml","20","[newly_created_artifact.GetDesc]\n\nИз яйца вылупится Арракс."
"Translation","dragon_egg_tyraxes_desc","localization/russian/dp_artifacts_l_russian.yml","21","[newly_created_artifact.GetDesc]\n\nИз яйца вылупится Тираксес."
"Translation","dragon_egg_stormcloud_desc","localization/russian/dp_artifacts_l_russian.yml","22","[newly_created_artifact.GetDesc]\n\nИз яйца вылупится Грозовое Облако."
"Translation","dragon_egg_moondancer_desc","localization/russian/dp_artifacts_l_russian.yml","23","[newly_created_artifact.GetDesc]\n\nИз яйца вылупится Лунная Плясунья."
"Translation","dragon_egg_wyrmling_desc","localization/russian/dp_artifacts_l_russian.yml","24","[newly_created_artifact.GetDesc]\n\nИз яйца вылупится Ловец Звёзд."
"Translation","dragon_egg_shrykos_desc","localization/russian/dp_artifacts_l_russian.yml","25","[newly_created_artifact.GetDesc]\n\nИз яйца вылупится Шрикос."
"Translation","dragon_egg_morghul_desc","localization/russian/dp_artifacts_l_russian.yml","26","[newly_created_artifact.GetDesc]\n\nИз яйца вылупится Моргул."
"Translation","dragon_egg_morning_desc","localization/russian/dp_artifacts_l_russian.yml","27","[newly_created_artifact.GetDesc]\n\nИз яйца вылупится Утро."
"Translation","dragon_egg_the_last_desc","localization/russian/dp_artifacts_l_russian.yml","28","[newly_created_artifact.GetDesc]\n\nИз яйца вылупится Залагон."
"Translation","dragon_egg_nightfyre_desc","localization/russian/dp_artifacts_l_russian.yml","29","[newly_created_artifact.GetDesc]\n\nИз яйца вылупится Ночной Огонь."
"Translation","dragon_egg_cannibal_desc","localization/russian/dp_artifacts_l_russian.yml","30","[newly_created_artifact.GetDesc]\n\nИз яйца вылупится Каннибал."
"Translation","dragon_egg_sheepstealer_desc","localization/russian/dp_artifacts_l_russian.yml","31","[newly_created_artifact.GetDesc]\n\nИз яйца вылупится Овцекрад."
"Translation","dragon_egg_grey_ghost_desc","localization/russian/dp_artifacts_l_russian.yml","32","[newly_created_artifact.GetDesc]\n\nИз яйца вылупится Серый Призрак."
"Translation","dragon_egg_drogon_desc","localization/russian/dp_artifacts_l_russian.yml","33","[newly_created_artifact.GetDesc]\n\nИз яйца вылупится Дрогон."
"Translation","dragon_egg_rhaegal_desc","localization/russian/dp_artifacts_l_russian.yml","34","[newly_created_artifact.GetDesc]\n\nИз яйца вылупится Рейгаль."
"Translation","dragon_egg_viserion_desc","localization/russian/dp_artifacts_l_russian.yml","35","[newly_created_artifact.GetDesc]\n\nИз яйца вылупится Визерион."
"Translation","dragon_egg_serporoth_desc","localization/russian/dp_artifacts_l_russian.yml","36","[newly_created_artifact.GetDesc]\n\nИз яйца вылупится Серпорос."
"Translation","dragon_egg_maegor_2_desc","localization/russian/dp_artifacts_l_russian.yml","37","[newly_created_artifact.GetDesc]\n\nИз яйца вылупится Лоркан."
"Translation","dragon_egg_maegor_3_desc","localization/russian/dp_artifacts_l_russian.yml","38","[newly_created_artifact.GetDesc]\n\nИз яйца вылупится Орион."
"Translation","dragon_egg_maegor_4_desc","localization/russian/dp_artifacts_l_russian.yml","39","[newly_created_artifact.GetDesc]\n\nИз яйца вылупится Чёрное Пламя."
"Translation","dragon_egg_maegor_5_desc","localization/russian/dp_artifacts_l_russian.yml","40","[newly_created_artifact.GetDesc]\n\nИз яйца вылупится Риакс."
"Translation","dragon_egg_maegor_6_desc","localization/russian/dp_artifacts_l_russian.yml","41","[newly_created_artifact.GetDesc]\n\nИз яйца вылупится Моргон."
"Translation","dragon_egg_maegor_7_desc","localization/russian/dp_artifacts_l_russian.yml","42","[newly_created_artifact.GetDesc]\n\nИз яйца вылупится Ликакс."
"Translation","dragon_egg_maegor_8_desc","localization/russian/dp_artifacts_l_russian.yml","43","[newly_created_artifact.GetDesc]\n\nИз яйца вылупится Малракс."
"Translation","dragon_egg_maegor_9_desc","localization/russian/dp_artifacts_l_russian.yml","44","[newly_created_artifact.GetDesc]\n\nИз яйца вылупится Спиракс."
"Translation","dragon_egg_maegor_10_desc","localization/russian/dp_artifacts_l_russian.yml","45","[newly_created_artifact.GetDesc]\n\nИз яйца вылупится Высокий Огонь."
"Translation","dragon_egg_maegor_11_desc","localization/russian/dp_artifacts_l_russian.yml","46","[newly_created_artifact.GetDesc]\n\nИз яйца вылупится Зувдар."
"Translation","dragon_egg_aenys_1_desc","localization/russian/dp_artifacts_l_russian.yml","47","[newly_created_artifact.GetDesc]\n\nИз яйца вылупится Золотой Огонь."
"Translation","dragon_egg_aenys_2_desc","localization/russian/dp_artifacts_l_russian.yml","48","[newly_created_artifact.GetDesc]\n\nИз яйца вылупится Делтарион."
"Translation","dragon_egg_aerea_1_desc","localization/russian/dp_artifacts_l_russian.yml","49","[newly_created_artifact.GetDesc]\n\nИз яйца вылупится Лейнгар."
"Translation","dragon_egg_aerea_2_desc","localization/russian/dp_artifacts_l_russian.yml","50","[newly_created_artifact.GetDesc]\n\nИз яйца вылупится Лунный Огонь."
"Translation","dragon_egg_aerea_3_desc","localization/russian/dp_artifacts_l_russian.yml","51","[newly_created_artifact.GetDesc]\n\nИз яйца вылупится Адереон."
"Translation","dragon_egg_daenerys_1_desc","localization/russian/dp_artifacts_l_russian.yml","52","[newly_created_artifact.GetDesc]\n\nИз яйца вылупится Харакс."
"Translation","dragon_egg_aemond_1_desc","localization/russian/dp_artifacts_l_russian.yml","53","[newly_created_artifact.GetDesc]\n\nИз яйца вылупится Крылатый Странник."
"Translation","dragon_egg_aemond_2_desc","localization/russian/dp_artifacts_l_russian.yml","54","[newly_created_artifact.GetDesc]\n\nИз яйца вылупится Хегагон."
"Translation","dragon_egg_aemond_3_desc","localization/russian/dp_artifacts_l_russian.yml","55","[newly_created_artifact.GetDesc]\n\nИз яйца вылупится Квелос."
"Translation","dragon_egg_essovius_desc","localization/russian/dp_artifacts_l_russian.yml","56","[newly_created_artifact.GetDesc]\n\nИз яйца вылупится Эссовиус."
"Translation","dragon_egg_valryon_desc","localization/russian/dp_artifacts_l_russian.yml","57","[newly_created_artifact.GetDesc]\n\nИз яйца вылупится Валрион."
"Translation","dragon_egg_ghiscar_desc","localization/russian/dp_artifacts_l_russian.yml","58","[newly_created_artifact.GetDesc]\n\nИз яйца вылупится Гискар."
"Translation","dragon_egg_terrax_desc","localization/russian/dp_artifacts_l_russian.yml","59","[newly_created_artifact.GetDesc]\n\nИз яйца вылупится Терракс."
"Translation","dragon_egg_vassarion_desc","localization/russian/dp_artifacts_l_russian.yml","60","[newly_created_artifact.GetDesc]\n\nИз яйца вылупится Вассарион."
"Translation","dragon_egg_rovax_desc","localization/russian/dp_artifacts_l_russian.yml","61","[newly_created_artifact.GetDesc]\n\nИз яйца вылупится Ровакс."
"Translation","dragon_egg_neltharion_desc","localization/russian/dp_artifacts_l_russian.yml","62","[newly_created_artifact.GetDesc]\n\nИз яйца вылупится Нельтарион."
"Translation","dragon_egg_pythax_desc","localization/russian/dp_artifacts_l_russian.yml","63","[newly_created_artifact.GetDesc]\n\nИз яйца вылупится Пифакс."
"Translation","dragon_egg_nagga_desc","localization/russian/dp_artifacts_l_russian.yml","64","[newly_created_artifact.GetDesc]\n\nИз яйца вылупится Нагга."
"Translation","dragon_egg_urrax_desc","localization/russian/dp_artifacts_l_russian.yml","65","[newly_created_artifact.GetDesc]\n\nИз яйца вылупится Урракс."
"Translation","dragon_egg_dragon_ancestor_1_desc","localization/russian/dp_artifacts_l_russian.yml","66","[newly_created_artifact.GetDesc]\n\nИз яйца вылупится Вейдар."
"Translation","dragon_egg_dragon_ancestor_2_desc","localization/russian/dp_artifacts_l_russian.yml","67","[newly_created_artifact.GetDesc]\n\nИз яйца вылупится Везойес."
"Translation","dragon_egg_dragon_ancestor_3_desc","localization/russian/dp_artifacts_l_russian.yml","68","[newly_created_artifact.GetDesc]\n\nИз яйца вылупится Фалкейль."
"Translation","dragon_egg_dragon_ancestor_4_desc","localization/russian/dp_artifacts_l_russian.yml","69","[newly_created_artifact.GetDesc]\n\nИз яйца вылупится Пельдион."
"Translation","dragon_egg_dragon_ancestor_5_desc","localization/russian/dp_artifacts_l_russian.yml","70","[newly_created_artifact.GetDesc]\n\nИз яйца вылупится Волон."
"Translation","dragon_egg_dragon_ancestor_6_desc","localization/russian/dp_artifacts_l_russian.yml","71","[newly_created_artifact.GetDesc]\n\nИз яйца вылупится Теларион."
"Translation","dragon_egg_vermithrax_ui_desc","localization/russian/dp_artifacts_l_russian.yml","73","Из этого яйца вылупится Вермитракс."
"Translation","dragon_egg_anogaros_ui_desc","localization/russian/dp_artifacts_l_russian.yml","74","Из этого яйца вылупится Аногарос."
"Translation","dragon_egg_nessarion_ui_desc","localization/russian/dp_artifacts_l_russian.yml","75","Из этого яйца вылупится Нессарион."
"Translation","dragon_egg_archonei_ui_desc","localization/russian/dp_artifacts_l_russian.yml","76","Из этого яйца вылупится Архоней."
"Translation","dragon_egg_balerion_ui_desc","localization/russian/dp_artifacts_l_russian.yml","77","Из этого яйца вылупится Балерион."
"Translation","dragon_egg_meraxes_ui_desc","localization/russian/dp_artifacts_l_russian.yml","78","Из этого яйца вылупится Мераксес."
"Translation","dragon_egg_quicksilver_ui_desc","localization/russian/dp_artifacts_l_russian.yml","79","Из этого яйца вылупится Ртуть."
"Translation","dragon_egg_vhagar_ui_desc","localization/russian/dp_artifacts_l_russian.yml","80","Из этого яйца вылупится Вхагар."
"Translation","dragon_egg_caraxes_ui_desc","localization/russian/dp_artifacts_l_russian.yml","81","Из этого яйца вылупится Караксес."
"Translation","dragon_egg_meleys_ui_desc","localization/russian/dp_artifacts_l_russian.yml","82","Из этого яйца вылупится Мелеис."
"Translation","dragon_egg_dreamfyre_ui_desc","localization/russian/dp_artifacts_l_russian.yml","83","Из этого яйца вылупится Пламенная Мечта."
"Translation","dragon_egg_vermithor_ui_desc","localization/russian/dp_artifacts_l_russian.yml","84","Из этого яйца вылупится Вермитор."
"Translation","dragon_egg_silverwing_ui_desc","localization/russian/dp_artifacts_l_russian.yml","85","Из этого яйца вылупится Среброкрылая."
"Translation","dragon_egg_seasmoke_ui_desc","localization/russian/dp_artifacts_l_russian.yml","86","Из этого яйца вылупится Морской Дым."
"Translation","dragon_egg_sunfyre_ui_desc","localization/russian/dp_artifacts_l_russian.yml","87","Из этого яйца вылупится Солнечный Огонь."
"Translation","dragon_egg_syrax_ui_desc","localization/russian/dp_artifacts_l_russian.yml","88","Из этого яйца вылупится Сиракс."
"Translation","dragon_egg_tessarion_ui_desc","localization/russian/dp_artifacts_l_russian.yml","89","Из этого яйца вылупится Тессарион."
"Translation","dragon_egg_vermax_ui_desc","localization/russian/dp_artifacts_l_russian.yml","90","Из этого яйца вылупится Вермакс."
"Translation","dragon_egg_arrax_ui_desc","localization/russian/dp_artifacts_l_russian.yml","91","Из этого яйца вылупится Арракс."
"Translation","dragon_egg_tyraxes_ui_desc","localization/russian/dp_artifacts_l_russian.yml","92","Из этого яйца вылупится Тираксес."
"Translation","dragon_egg_stormcloud_ui_desc","localization/russian/dp_artifacts_l_russian.yml","93","Из этого яйца вылупится Грозовое Облако."
"Translation","dragon_egg_moondancer_ui_desc","localization/russian/dp_artifacts_l_russian.yml","94","Из этого яйца вылупится Лунная Плясунья."
"Translation","dragon_egg_wyrmling_ui_desc","localization/russian/dp_artifacts_l_russian.yml","95","Из этого яйца вылупится Ловец Звёзд."
"Translation","dragon_egg_shrykos_ui_desc","localization/russian/dp_artifacts_l_russian.yml","96","Из этого яйца вылупится Шрикос."
"Translation","dragon_egg_morghul_ui_desc","localization/russian/dp_artifacts_l_russian.yml","97","Из этого яйца вылупится Моргул."
"Translation","dragon_egg_morning_ui_desc","localization/russian/dp_artifacts_l_russian.yml","98","Из этого яйца вылупится Утро."
"Translation","dragon_egg_the_last_ui_desc","localization/russian/dp_artifacts_l_russian.yml","99","Из этого яйца вылупится Залагон."
"Translation","dragon_egg_nightfyre_ui_desc","localization/russian/dp_artifacts_l_russian.yml","100","Из этого яйца вылупится Ночной Огонь."
"Translation","dragon_egg_cannibal_ui_desc","localization/russian/dp_artifacts_l_russian.yml","101","Из этого яйца вылупится Каннибал."
"Translation","dragon_egg_sheepstealer_ui_desc","localization/russian/dp_artifacts_l_russian.yml","102","Из этого яйца вылупится Овцекрад."
"Translation","dragon_egg_grey_ghost_ui_desc","localization/russian/dp_artifacts_l_russian.yml","103","Из этого яйца вылупится Серый Призрак."
"Translation","dragon_egg_drogon_ui_desc","localization/russian/dp_artifacts_l_russian.yml","104","Из этого яйца вылупится Дрогон."
"Translation","dragon_egg_rhaegal_ui_desc","localization/russian/dp_artifacts_l_russian.yml","105","Из этого яйца вылупится Рейгаль."
"Translation","dragon_egg_viserion_ui_desc","localization/russian/dp_artifacts_l_russian.yml","106","Из этого яйца вылупится Визерион."
"Translation","dragon_egg_serporoth_ui_desc","localization/russian/dp_artifacts_l_russian.yml","107","Из этого яйца вылупится Серпорос."
"Translation","dragon_egg_maegor_2_ui_desc","localization/russian/dp_artifacts_l_russian.yml","108","Из этого яйца вылупится Лоркан."
"Translation","dragon_egg_maegor_3_ui_desc","localization/russian/dp_artifacts_l_russian.yml","109","Из этого яйца вылупится Орион."
"Translation","dragon_egg_maegor_4_ui_desc","localization/russian/dp_artifacts_l_russian.yml","110","Из этого яйца вылупится Чёрное Пламя."
"Translation","dragon_egg_maegor_5_ui_desc","localization/russian/dp_artifacts_l_russian.yml","111","Из этого яйца вылупится Риакс."
"Translation","dragon_egg_maegor_6_ui_desc","localization/russian/dp_artifacts_l_russian.yml","112","Из этого яйца вылупится Моргон."
"Translation","dragon_egg_maegor_7_ui_desc","localization/russian/dp_artifacts_l_russian.yml","113","Из этого яйца вылупится Ликакс."
"Translation","dragon_egg_maegor_8_ui_desc","localization/russian/dp_artifacts_l_russian.yml","114","Из этого яйца вылупится Малракс."
"Translation","dragon_egg_maegor_9_ui_desc","localization/russian/dp_artifacts_l_russian.yml","115","Из этого яйца вылупится Спиракс."
"Translation","dragon_egg_maegor_10_ui_desc","localization/russian/dp_artifacts_l_russian.yml","116","Из этого яйца вылупится Высокий Огонь."
"Translation","dragon_egg_maegor_11_ui_desc","localization/russian/dp_artifacts_l_russian.yml","117","Из этого яйца вылупится Зувдар."
"Translation","dragon_egg_aenys_1_ui_desc","localization/russian/dp_artifacts_l_russian.yml","118","Из этого яйца вылупится Золотой Огонь."
"Translation","dragon_egg_aenys_2_ui_desc","localization/russian/dp_artifacts_l_russian.yml","119","Из этого яйца вылупится Делтарион."
"Translation","dragon_egg_aerea_1_ui_desc","localization/russian/dp_artifacts_l_russian.yml","120","Из этого яйца вылупится Лейнгар."
"Translation","dragon_egg_aerea_2_ui_desc","localization/russian/dp_artifacts_l_russian.yml","121","Из этого яйца вылупится Лунный Огонь."
"Translation","dragon_egg_aerea_3_ui_desc","localization/russian/dp_artifacts_l_russian.yml","122","Из этого яйца вылупится Адереон."
"Translation","dragon_egg_daenerys_1_ui_desc","localization/russian/dp_artifacts_l_russian.yml","123","Из этого яйца вылупится Харакс."
"Translation","dragon_egg_aemond_1_ui_desc","localization/russian/dp_artifacts_l_russian.yml","124","Из этого яйца вылупится Крылатый Странник."
"Translation","dragon_egg_aemond_2_ui_desc","localization/russian/dp_artifacts_l_russian.yml","125","Из этого яйца вылупится Хегагон."
"Translation","dragon_egg_aemond_3_ui_desc","localization/russian/dp_artifacts_l_russian.yml","126","Из этого яйца вылупится Квелос."
"Translation","dragon_egg_essovius_ui_desc","localization/russian/dp_artifacts_l_russian.yml","127","Из этого яйца вылупится Эссовиус."
"Translation","dragon_egg_valryon_ui_desc","localization/russian/dp_artifacts_l_russian.yml","128","Из этого яйца вылупится Валрион."
"Translation","dragon_egg_ghiscar_ui_desc","localization/russian/dp_artifacts_l_russian.yml","129","Из этого яйца вылупится Гискар."
"Translation","dragon_egg_terrax_ui_desc","localization/russian/dp_artifacts_l_russian.yml","130","Из этого яйца вылупится Терракс."
"Translation","dragon_egg_vassarion_ui_desc","localization/russian/dp_artifacts_l_russian.yml","131","Из этого яйца вылупится Вассарион."
"Translation","dragon_egg_rovax_ui_desc","localization/russian/dp_artifacts_l_russian.yml","132","Из этого яйца вылупится Ровакс."
"Translation","dragon_egg_neltharion_ui_desc","localization/russian/dp_artifacts_l_russian.yml","133","Из этого яйца вылупится Нельтарион."
"Translation","dragon_egg_pythax_ui_desc","localization/russian/dp_artifacts_l_russian.yml","134","Из этого яйца вылупится Пифакс."
"Translation","dragon_egg_nagga_ui_desc","localization/russian/dp_artifacts_l_russian.yml","135","Из этого яйца вылупится Нагга."
"Translation","dragon_egg_urrax_ui_desc","localization/russian/dp_artifacts_l_russian.yml","136","Из этого яйца вылупится Урракс."
"Translation","dragon_egg_dragon_ancestor_1_ui_desc","localization/russian/dp_artifacts_l_russian.yml","137","Из этого яйца вылупится Вейдар."
"Translation","dragon_egg_dragon_ancestor_2_ui_desc","localization/russian/dp_artifacts_l_russian.yml","138","Из этого яйца вылупится Везойес."
"Translation","dragon_egg_dragon_ancestor_3_ui_desc","localization/russian/dp_artifacts_l_russian.yml","139","Из этого яйца вылупится Фалкейль."
"Translation","dragon_egg_dragon_ancestor_4_ui_desc","localization/russian/dp_artifacts_l_russian.yml","140","Из этого яйца вылупится Пельдион."
"Translation","dragon_egg_dragon_ancestor_5_ui_desc","localization/russian/dp_artifacts_l_russian.yml","141","Из этого яйца вылупится Волон."
"Translation","dragon_egg_dragon_ancestor_6_ui_desc","localization/russian/dp_artifacts_l_russian.yml","142","Из этого яйца вылупится Теларион."
"Translation","mde_dragon_egg_gen_parent","localization/russian/dp_artifacts_l_russian.yml","144","Это яйцо было отложено [tempdragonparent.GetName]."
"Translation","mde_dragon_egg_gen_parents","localization/russian/dp_artifacts_l_russian.yml","145","Это яйцо было отложено [tempdragonparent.GetName] и [dragon_parent_other.GetName]."
"Translation","dragon_pen_01_domicile_building","localization/russian/dp_domicile_buildings_l_russian.yml","2","Загон для драконов"
"Translation","dragon_pen_01_domicile_building_desc","localization/russian/dp_domicile_buildings_l_russian.yml","3","Здесь авантюристы могут держать своих драконов."
"Translation","domicile_building_parameter_camp_unlocks_dragonkeeper","localization/russian/dp_domicile_buildings_l_russian.yml","4","Открывает [GetCourtPositionType('head_dragonkeeper_court_position').GetName()] [officer|E]"
"Translation","dragon_pen.tt.unlocked_by_requirements","localization/russian/dp_domicile_buildings_l_russian.yml","5","Вам не хватает условий для найма драконоблюстителя или постройки загона для драконов."
"Translation","unlock_de_gui_tt","localization/russian/mde_customizer_l_russian.yml","2","Разрешить случайный выбор этого значения"
"Translation","lock_de_gui_tt","localization/russian/mde_customizer_l_russian.yml","3","Запретить случайный выбор этого значения"
"Translation","lock_all_gui_tt","localization/russian/mde_customizer_l_russian.yml","4","Запретить случайный выбор всех значений"
"Translation","unlock_all_gui_tt","localization/russian/mde_customizer_l_russian.yml","5","Разрешить случайный выбор всех значений"
"Translation","DRAGON_DESIGNER_RANDOMIZE_TOOLTIP","localization/russian/mde_customizer_l_russian.yml","6","#T Случайный облик дракона #!\nПолностью меняет внешний вид этого дракона, независимо от цвета яйца."
"Translation","DRAGON_DESIGNER_RANDOMIZE_BY_EGG_COLOR_TOOLTIP","localization/russian/mde_customizer_l_russian.yml","7","#T Случайный облик по цвету яйца #!\nМеняет внешний вид этого дракона так, словно он вылупился из другого яйца того же цвета. Пункт недоступен, если у дракона не сохранён цвет яйца."
"Translation","demand_braavosi_eggs_decision","localization/russian/mde_demand_egg_events_l_russian.yml","3","Потребовать возвращения украденных драконьих яиц"
"Translation","demand_braavosi_eggs_decision_desc","localization/russian/mde_demand_egg_events_l_russian.yml","4","О драконьих яйцах в Вольных городах известно уже давно. Старые долги были погашены, а сомнения в том, что эти яйца вообще способны вылупиться, годами удерживали всех от решительных действий.\n\nНо даже малая вероятность появления нового дома, способного оседлать драконов, слишком опасна, чтобы и дальше делать вид, будто ничего не происходит.\n\nХватит этой удобной лжи. Мы потребуем вернуть яйца — официально и под угрозой войны.\n\n@warning_icon!#X Это решение можно принять только один раз за жизнь, даже если затем оно будет отменено!#!"
"Translation","demand_braavosi_eggs_decision_confirm","localization/russian/mde_demand_egg_events_l_russian.yml","5","Выдвинуть требование!"
"Translation","demand_braavosi_eggs_decision_tooltip","localization/russian/mde_demand_egg_events_l_russian.yml","6","Потребовать возвращения яиц из Вольных городов"
"Translation","mde_demand_egg_events.0001.t","localization/russian/mde_demand_egg_events_l_russian.yml","8","[egg_taker.GetPrimaryTitle.GetNameNoTier] выдвигает ультиматум!"
"Translation","mde_demand_egg_events.0001.desc","localization/russian/mde_demand_egg_events_l_russian.yml","9","Великая кража [thief.GetFullName] стала печально известной. Желая построить корабль для плавания к Закатному морю и не добившись помощи от своей подруги [rhaena.GetFullName], [thief.GetFullName] украла три яйца, отложенные [dreamfyre.GetName], а затем продала их морскому лорду Браавоса.\n\nПрежде погашение долга Таргариенов морским лордом помогало удерживать дело от открытого конфликта, но теперь [egg_taker.GetFullName] выдвигает новое, куда более опасное требование. До нас дошли вести: им известно о драконьих яйцах в наших владениях, и они готовы начать за них войну."
"Translation","mde_demand_egg_events.0001.a","localization/russian/mde_demand_egg_events_l_russian.yml","10","Мы не можем рисковать войной. Придётся уступить."
"Translation","mde_demand_egg_events.0001.a.tt","localization/russian/mde_demand_egg_events_l_russian.yml","11","Мы передадим драконьи яйца [egg_taker.GetFullName]:\n• [egg_drogon.GetName]\n• [egg_viserion.GetName]\n• [egg_rhaegal.GetName]"
"Translation","mde_demand_egg_events.0001.b","localization/russian/mde_demand_egg_events_l_russian.yml","12","Возможно, золото их умиротворит."
"Translation","mde_demand_egg_events.0001.b.tt","localization/russian/mde_demand_egg_events_l_russian.yml","13","Мы предложим [egg_taker.GetFullName] [gold_i]#emphasis $5000|V0$#! вместо яиц."
"Translation","mde_demand_egg_events.0001.c","localization/russian/mde_demand_egg_events_l_russian.yml","14","К чёрту угрозы. Мы не дрогнем."
"Translation","mde_demand_egg_events.0001.c.tt","localization/russian/mde_demand_egg_events_l_russian.yml","15","@warning_icon!#X [egg_taker.GetFullName] с большой вероятностью объявит нам войну!#!"
"Translation","mde_demand_egg_events.0002.t","localization/russian/mde_demand_egg_events_l_russian.yml","17","Война за драконьи яйца!"
"Translation","mde_demand_egg_events.0002.desc","localization/russian/mde_demand_egg_events_l_russian.yml","18","[egg_target.GetFullName] отказывается отдать нам драконьи яйца, которые принадлежат нам по праву, и не предлагает достойной компенсации. Остаётся лишь собрать войска и начать войну.\n\nНо стоит всё тщательно взвесить: хватит ли у нас сил одержать победу — и стоят ли яйца такой цены?"
"Translation","mde_demand_egg_events.0002.a","localization/russian/mde_demand_egg_events_l_russian.yml","19","Яйца принадлежат нам по праву. К оружию!"
"Translation","mde_demand_egg_events.0002.b","localization/russian/mde_demand_egg_events_l_russian.yml","20","Пусть яйца останутся у них..."
"Translation","mde_demand_egg_events.0002.b.tt","localization/russian/mde_demand_egg_events_l_russian.yml","21","@warning_icon!#X Мы потеряем наши претензии на яйца и не получим другого шанса потребовать их!#!"
"Translation","mde_demand_egg_events.0003.t","localization/russian/mde_demand_egg_events_l_russian.yml","23","Предложение золота"
"Translation","mde_demand_egg_events.0003.desc","localization/russian/mde_demand_egg_events_l_russian.yml","24","[egg_target.GetFullName] выслушивает наши требования и предлагает встречный дар — огромную сумму золота, [gold_i]#emphasis $5000|V0$#!. Теперь нам решать, принесёт ли это золото больше пользы, чем попытка вернуть яйца силой."
"Translation","mde_demand_egg_events.0003.a","localization/russian/mde_demand_egg_events_l_russian.yml","25","В их руках это лишь камни... а золото куда полезнее."
"Translation","mde_demand_egg_events.0003.a.tt","localization/russian/mde_demand_egg_events_l_russian.yml","26","Мы получим [gold_i]#emphasis $5000|V0$#!, а [egg_target.GetFullName] потеряет [gold_i]#emphasis $5000|V0$#!\n\n@warning_icon!#X Мы потеряем наши претензии на яйца и не получим другого шанса потребовать их!#!"
"Translation","mde_demand_egg_events.0003.b","localization/russian/mde_demand_egg_events_l_russian.yml","27","Что золото рядом с плотью, ставшей огнём?"
"Translation","mde_demand_egg_events.0003.b.tt","localization/russian/mde_demand_egg_events_l_russian.yml","28","Мы обдумаем, стоит ли доводить дело до войны."
"Translation","mde_demand_egg_events.0004.t","localization/russian/mde_demand_egg_events_l_russian.yml","30","[egg_taker.GetNameNoTooltip] требует наше [egg_target.GetNameNoTooltip]!"
"Translation","mde_demand_egg_events.0004.desc","localization/russian/mde_demand_egg_events_l_russian.yml","31","[egg_taker.GetFullName] заявляет права на наше [egg_target.GetName] — по законам богов и людей!\n\nТакое требование опасно и требует величайшей осторожности. Мы можем уступить, предложить внушительную сумму золота — [gold_i]#emphasis $1500|V0$#! — или рискнуть навлечь их гнев — арестом либо войной."
"Translation","mde_demand_egg_events.0004.a","localization/russian/mde_demand_egg_events_l_russian.yml","32","Угроза от [egg_taker.GetNameNoTooltip] слишком велика. Придётся уступить."
"Translation","mde_demand_egg_events.0004.a.tt","localization/russian/mde_demand_egg_events_l_russian.yml","33","@warning_icon!#X Мы потеряем наше [egg_target.GetName]!#!"
"Translation","mde_demand_egg_events.0004.b","localization/russian/mde_demand_egg_events_l_russian.yml","34","Возможно, золото их умиротворит..."
"Translation","mde_demand_egg_events.0004.c","localization/russian/mde_demand_egg_events_l_russian.yml","35","К чёрту угрозы. Мы не дрогнем."
"Translation","mde_demand_egg_events.0004.c.tt","localization/russian/mde_demand_egg_events_l_russian.yml","36","@warning_icon!#X [egg_taker.GetFullName] с большой вероятностью объявит нам войну или попытается нас арестовать!#!"
"Translation","mde_demand_egg_events.0005.t","localization/russian/mde_demand_egg_events_l_russian.yml","38","Предложение золота"
"Translation","mde_demand_egg_events.0005.desc","localization/russian/mde_demand_egg_events_l_russian.yml","39","[egg_victim.GetFullName] выслушивает наши требования и предлагает встречный дар — огромную сумму золота, [gold_i]#emphasis $1500|V0$#!. Теперь нам решать, принесёт ли это золото больше пользы, чем попытка вернуть [egg_target.GetName] силой."
"Translation","mde_demand_egg_events.0005.a","localization/russian/mde_demand_egg_events_l_russian.yml","40","Сумма и правда немалая..."
"Translation","mde_demand_egg_events.0005.a.tt","localization/russian/mde_demand_egg_events_l_russian.yml","41","@warning_icon!#X Мы потеряем наши претензии на яйца и не получим другого шанса потребовать их!#!"
"Translation","mde_demand_egg_events.0005.b","localization/russian/mde_demand_egg_events_l_russian.yml","42","Что золото рядом с плотью, ставшей огнём?"
"Translation","mde_demand_egg_events.0005.b.tt","localization/russian/mde_demand_egg_events_l_russian.yml","43","Мы обдумаем, стоит ли доводить дело до войны."
"Translation","mde_demand_egg_events.0006.t","localization/russian/mde_demand_egg_events_l_russian.yml","45","Требование отклонено!"
"Translation","mde_demand_egg_events.0006.desc","localization/russian/mde_demand_egg_events_l_russian.yml","46","[egg_victim.GetName] отказывается отдать нам драконье яйцо, которое принадлежит нам по праву, и не предлагает достойной компенсации. Теперь нужно взвесить варианты.\n\nМы можем собрать войска и начать войну, если закон это позволяет; арестовать владельца, если закон на нашей стороне; предъявить претензию на яйцо и искать иной путь его возвращения — или окончательно отказаться от этого дела."
"Translation","mde_demand_egg_events.0006.a","localization/russian/mde_demand_egg_events_l_russian.yml","47","[egg_target.GetNameNoTooltip] принадлежит нам по праву. К оружию!"
"Translation","mde_demand_egg_events.0006.a.tt","localization/russian/mde_demand_egg_events_l_russian.yml","48","@warning_icon!#X Мы не можем воевать с [egg_victim.GetFullName]!#!"
"Translation","mde_demand_egg_events.0006.b","localization/russian/mde_demand_egg_events_l_russian.yml","49","Они владеют [egg_target.GetNameNoTooltip] незаконно!"
"Translation","mde_demand_egg_events.0006.b.tt","localization/russian/mde_demand_egg_events_l_russian.yml","50","Мы получим претензию на [egg_target.GetName] и откроем связанные с ней возможности."
"Translation","mde_demand_egg_events.0006.c","localization/russian/mde_demand_egg_events_l_russian.yml","51","Пусть яйцо останется у них..."
"Translation","mde_demand_egg_events.0006.c.tt","localization/russian/mde_demand_egg_events_l_russian.yml","52","@warning_icon!#X Мы потеряем наши претензии на яйца и не получим другого шанса потребовать их!#!"
"Translation","mde_demand_egg_events.0007.t","localization/russian/mde_demand_egg_events_l_russian.yml","54","Требования приняты!"
"Translation","mde_demand_egg_events.0007.desc","localization/russian/mde_demand_egg_events_l_russian.yml","55","Наша угроза возымела действие: [egg_victim.GetFullName] уступает и передаёт нам [egg_target.GetName]!"
"Translation","mde_demand_egg_events.0007.a","localization/russian/mde_demand_egg_events_l_russian.yml","56","Победа за нами!"
"Translation","demand_egg","localization/russian/mde_demand_egg_events_l_russian.yml","59","Потребовать яйцо"
"Translation","demand_egg_desc","localization/russian/mde_demand_egg_events_l_russian.yml","60","[recipient.GetName] незаконно владеет драконьим яйцом."
"Translation","demanded_egg_interaction.desc","localization/russian/mde_demand_egg_events_l_russian.yml","61","[actor.GetName] требует передать драконье яйцо!"
"Translation","mde_start_demand_egg_event_chain","localization/russian/mde_demand_egg_events_l_russian.yml","62","@warning_icon!#X Это выдвинет требование к [recipient.GetFullName] о передаче яйца!#!"
"Translation","mde_egg_access_gained","localization/russian/mde_demand_egg_events_l_russian.yml","63","Владение драконьим яйцом разрешено."
"Translation","mde_egg_access_removed","localization/russian/mde_demand_egg_events_l_russian.yml","64","Владение драконьим яйцом запрещено."
"Translation","debug_take_egg","localization/russian/mde_demand_egg_events_l_russian.yml","66","#bold #color_red Отладка:#!#! Взять драконье яйцо"
"Translation","debug_take_egg_desc","localization/russian/mde_demand_egg_events_l_russian.yml","67","[actor.GetName] получает это драконье яйцо"
"Translation","debug_take_all_eggs","localization/russian/mde_demand_egg_events_l_russian.yml","69","#bold #color_red Отладка:#!#! Взять все драконьи яйца"
"Translation","debug_take_all_eggs_desc","localization/russian/mde_demand_egg_events_l_russian.yml","70","[actor.GetName] получает все драконьи яйца"
"Translation","debug_give_all_eggs","localization/russian/mde_demand_egg_events_l_russian.yml","71","#bold #color_red Отладка:#!#! Отдать все драконьи яйца"
"Translation","debug_give_all_eggs_desc","localization/russian/mde_demand_egg_events_l_russian.yml","72","[recipient.GetName] получает все драконьи яйца"
"Translation","debug_hatch_egg","localization/russian/mde_demand_egg_events_l_russian.yml","74","#bold #color_red Отладка:#!#! Вывести дракона из яйца"
"Translation","debug_hatch_egg_bond_desc","localization/russian/mde_demand_egg_events_l_russian.yml","75","[recipient.GetName] установит связь с драконом, появившимся из этого яйца"
"Translation","debug_hatch_egg_own_desc","localization/russian/mde_demand_egg_events_l_russian.yml","76","[recipient.GetName] станет владельцем дракона, появившегося из этого яйца"
"Translation","debug_hatch_egg_own_pit_desc","localization/russian/mde_demand_egg_events_l_russian.yml","77","[recipient.GetEmployer.GetName] станет владельцем дракона, появившегося из этого яйца"
"Translation","demanded_egg_opinion","localization/russian/mde_demand_egg_events_l_russian.yml","79","Незаконно владеет драконьим яйцом"
"Translation","mde_grant_egg_permission","localization/russian/mde_demand_egg_events_l_russian.yml","81","Разрешить владение драконьим яйцом"
"Translation","mde_grant_egg_permission_desc","localization/russian/mde_demand_egg_events_l_russian.yml","82","Это лицо получит законное право владеть драконьими яйцами."
"Translation","mde_remove_egg_permission","localization/russian/mde_demand_egg_events_l_russian.yml","83","Запретить владение драконьим яйцом"
"Translation","mde_remove_egg_permission_desc","localization/russian/mde_demand_egg_events_l_russian.yml","84","Владение драконьими яйцами для этого лица будет считаться незаконным."
"Translation","mde_egg_access_gained_interface_tt","localization/russian/mde_demand_egg_events_l_russian.yml","85","[recipient.GetFullName] будет защищён от наших претензий на драконьи яйца."
"Translation","mde_egg_access_removed_interface_tt","localization/russian/mde_demand_egg_events_l_russian.yml","86","Мы сможем законно требовать любые драконьи яйца во владении [recipient.GetFullName]."
"Translation","take_prisoner_egg","localization/russian/mde_demand_egg_events_l_russian.yml","88","Изъять яйцо"
"Translation","take_prisoner_egg_desc","localization/russian/mde_demand_egg_events_l_russian.yml","89","[recipient.GetFullName] находится у нас в плену и незаконно владеет драконьим яйцом. Мы можем законно изъять его."
"Translation","mde_transfer_prison_egg_tt","localization/russian/mde_demand_egg_events_l_russian.yml","90","[actor.GetFullName] законно изымает [target.GetName]!"
"Translation","demanded_egg_interaction","localization/russian/mde_demand_egg_events_l_russian.yml","92","[actor.GetTitledFirstNameNoTooltip] требует передать [target.GetName] — ваш [Concept('artifact', 'артефакт')|E]"
"Translation","demanded_egg_interaction.t","localization/russian/mde_demand_egg_events_l_russian.yml","93","Требование драконьего яйца!"
"Translation","agot_dragon_hatching.0401.opt.b","localization/russian/mde_demand_egg_events_l_russian.yml","95","Мои дети!"
"Translation","mde_include_egg","localization/russian/mde_demand_egg_events_l_russian.yml","96","Включить"
"Translation","mde_this_dragon_will_hatch_this","localization/russian/mde_demand_egg_events_l_russian.yml","97","#color_dark_gray [Artifact.Custom('mde_this_dragon_will_hatch')] #!"
"Translation","mde_decisions_events.1000.t","localization/russian/mde_demand_egg_events_l_russian.yml","100","$dragon_egg_blue$"
"Translation","mde_decisions_events.1000.desc","localization/russian/mde_demand_egg_events_l_russian.yml","101","Многие строили догадки о диковинах, будто бы скрытых в Хайтауэре. Слухи подпитывали древность и таинственность самой башни, возведённой из чёрного маслянистого камня. После Танца Хайтауэры утратили былое положение и стали куда замкнутее, лишь усилив разговоры — в том числе о том, что в их руках может быть драконье яйцо.\n\nСлух оказался правдой: передо мной великолепное кобальтово-синее драконье яйцо. О комнате, где оно хранилось, я знал давно. Последние дни [tessarion.GetFirstName] почти неизвестны летописям, но Хайтауэры знали: она отложила яйцо, и дом веками держал эту тайну при себе.\n\nТеперь настал миг открыть её миру."
"Translation","mde_decisions_events.1000.desc_targs","localization/russian/mde_demand_egg_events_l_russian.yml","102","\n\nЕсли я раскрою тайну, Таргариены почти наверняка придут в ярость. Возможно, мудрее будет тихо передать яйцо им — как жест доброй воли, пока они не узнали о нём иначе."
"Translation","mde_decisions_events.1000.a","localization/russian/mde_demand_egg_events_l_russian.yml","103","Оно принадлежит дому [current_hightower.GetHouse.GetName]. Мы — достойнейшие хранители."
"Translation","mde_decisions_events.1000.b","localization/russian/mde_demand_egg_events_l_russian.yml","104","Оно должно быть у крови Старой Валирии."
"Translation","mde_decisions_events.1001.t","localization/russian/mde_demand_egg_events_l_russian.yml","106","$dragon_egg_blue$"
"Translation","mde_decisions_events.1001.desc","localization/russian/mde_demand_egg_events_l_russian.yml","107","Из Староместа до нас дошли вести о деле первостепенной важности. Хайтауэры со времён Танца скрывали в своей древней твердыне синее драконье яйцо, отложенное Тессарион. Последние дни этой драконицы доныне оставались для нас тайной.\n\nСкрывать от нас такое сокровище — измена высшего порядка. Возможно, окажись яйцо в правильных руках, из него появился бы дракон, и исчезновения драконов удалось бы избежать. Теперь его необходимо вернуть под надёжную охрану."
"Translation","mde_decisions_events.1001.a","localization/russian/mde_demand_egg_events_l_russian.yml","108","Яйцо нужно обезопасить!"
"Translation","mde_decisions_events.1001.b","localization/russian/mde_demand_egg_events_l_russian.yml","109","Теперь это всё равно не более чем камень."
"Translation","mde_decisions_events.1002.t","localization/russian/mde_demand_egg_events_l_russian.yml","111","$dragon_egg_blue$"
"Translation","mde_decisions_events.1002.desc","localization/russian/mde_demand_egg_events_l_russian.yml","112","Из Староместа прибыла большая, хорошо охраняемая свита с грузом несметной ценности. Согласно запечатанному письму от [current_hightower.GetName], Хайтауэры владели драконьим яйцом со времён Танца! Последние дни [tessarion.GetFirstName] долго оставались загадкой, но теперь стало известно: драконица отложила яйцо. Оно сияет кобальтово-синим оттенком. [current_hightower.GetName] предлагает вернуть его нам, надеясь искупить столь долгое сокрытие."
"Translation","mde_decisions_events.1002.a","localization/russian/mde_demand_egg_events_l_russian.yml","113","Наконец оно вернулось к нам."
"Translation","mde_decisions_events.3000.t","localization/russian/mde_demand_egg_events_l_russian.yml","115","Моя тайна раскрыта!"
"Translation","mde_decisions_events.3000.desc.intro","localization/russian/mde_demand_egg_events_l_russian.yml","116","Танец Драконов был хаотичным временем, и множество подробностей войны так и осталось вне летописей — в том числе последние дни драконицы Тессарион. Для нашего дома это не было тайной: мы знали, что одним из последних деяний драконицы стала кладка великолепного кобальтово-синего яйца.\n\n"
"Translation","mde_decisions_events.3000.desc.self","localization/russian/mde_demand_egg_events_l_russian.yml","117","Я раскрыл миру, что владею [ROOT.Char.Custom('HiddenArtifact')]."
"Translation","mde_decisions_events.3000.desc.other","localization/russian/mde_demand_egg_events_l_russian.yml","118","[secret_exposer.Custom2('MyCharacterIntroduction', ROOT.Char)|U] открыл миру, что я владею [ROOT.Char.Custom('HiddenArtifact')]."
"Translation","mde_decisions_events.3000.desc.shared","localization/russian/mde_demand_egg_events_l_russian.yml","119","\n\nДом Хайтауэров владел этим яйцом со времён окончания Танца Драконов..."
"Translation","mde_decisions_events.3000.desc.targs","localization/russian/mde_demand_egg_events_l_russian.yml","120","\n\nТаргариены едва ли спокойно воспримут это откровение. Возможно, мудрее будет тихо вернуть яйцо — как жест доброй воли, пока они не узнали о нём иначе."
"Translation","mde_decisions_events.3000.a","localization/russian/mde_demand_egg_events_l_russian.yml","121","Оно принадлежит дому Хайтауэров."
"Translation","mde_decisions_events.3000.b","localization/russian/mde_demand_egg_events_l_russian.yml","122","Я верну его."
"Translation","decision_group_type_more_eggs","localization/russian/more_dragon_eggs_decisions_l_russian.yml","3","@dragon_destined_icon! Дополнительные драконьи яйца"
"Translation","decision_group_type_dragon_group","localization/russian/more_dragon_eggs_decisions_l_russian.yml","4","@dragon_icon! Решения о драконах"
"Translation","move_dragon_dragonpit","localization/russian/more_dragon_eggs_decisions_l_russian.yml","6","Переместить дракона в драконью яму"
"Translation","move_dragon_dragonpit_tooltip","localization/russian/more_dragon_eggs_decisions_l_russian.yml","7","Открыть меню перемещения дракона."
"Translation","move_dragon_dragonpit_desc","localization/russian/more_dragon_eggs_decisions_l_russian.yml","8","Открывает меню выбора подходящего дракона, а затем меню выбора подходящей драконьей ямы. После этого выбранный дракон будет перемещён в выбранную яму."
"Translation","move_dragon_dragonpit_confirm","localization/russian/more_dragon_eggs_decisions_l_russian.yml","9","Открыть меню"
"Translation","delete_duds_decision","localization/russian/more_dragon_eggs_decisions_l_russian.yml","11","Удалить порченые яйца"
"Translation","delete_duds_decision_tooltip","localization/russian/more_dragon_eggs_decisions_l_russian.yml","12","Удалить порченые яйца"
"Translation","delete_duds_decision_desc","localization/russian/more_dragon_eggs_decisions_l_russian.yml","13","Удалить все порченые драконьи яйца."
"Translation","delete_duds_decision_confirm","localization/russian/more_dragon_eggs_decisions_l_russian.yml","14","Удалить"
"Translation","show_dragonpits_decision","localization/russian/more_dragon_eggs_decisions_l_russian.yml","16","Управление драконьими ямами"
"Translation","show_dragonpits_decision_desc","localization/russian/more_dragon_eggs_decisions_l_russian.yml","17","Открывает меню всех действующих драконьих ям и дополнительных действий."
"Translation","show_dragonpits_decision_confirm","localization/russian/more_dragon_eggs_decisions_l_russian.yml","18","Управлять"
"Translation","show_dragons_decision","localization/russian/more_dragon_eggs_decisions_l_russian.yml","20","Управление драконами"
"Translation","show_dragons_decision_desc","localization/russian/more_dragon_eggs_decisions_l_russian.yml","21","Открывает меню всех живых драконов и дополнительных действий."
"Translation","show_dragons_decision_confirm","localization/russian/more_dragon_eggs_decisions_l_russian.yml","22","Управлять"
"Translation","show_eggs_decision","localization/russian/more_dragon_eggs_decisions_l_russian.yml","24","Управление драконьими яйцами"
"Translation","show_eggs_decision_desc","localization/russian/more_dragon_eggs_decisions_l_russian.yml","25","Открывает меню всех существующих драконьих яиц и дополнительных действий."
"Translation","show_eggs_decision_confirm","localization/russian/more_dragon_eggs_decisions_l_russian.yml","26","Управлять"
"Translation","establish_dragon_wives","localization/russian/more_dragon_eggs_decisions_l_russian.yml","28","Учредить драконьих жён"
"Translation","establish_dragon_wives_tooltip","localization/russian/more_dragon_eggs_decisions_l_russian.yml","29","Особый тип брака для всадников драконов."
"Translation","establish_dragon_wives_desc","localization/russian/more_dragon_eggs_decisions_l_russian.yml","30","Заглушка для будущего особого типа брака всадников драконов."
"Translation","establish_dragon_wives_confirm","localization/russian/more_dragon_eggs_decisions_l_russian.yml","31","Готово!"
"Translation","more_eggs_debug_decision","localization/russian/more_dragon_eggs_decisions_l_russian.yml","33","Отладка"
"Translation","more_eggs_debug_decision_tooltip","localization/russian/more_dragon_eggs_decisions_l_russian.yml","34","Открыть отладочные действия More Dragon Eggs."
"Translation","more_eggs_debug_decision_desc","localization/russian/more_dragon_eggs_decisions_l_russian.yml","35","Отладочное меню More Dragon Eggs."
"Translation","more_eggs_debug_decision_confirm","localization/russian/more_dragon_eggs_decisions_l_russian.yml","36","Готово!"
"Translation","renaming_dragon_in_your_court_tt","localization/russian/more_dragon_eggs_decisions_l_russian.yml","38","Хотя бы одно из условий:\n$EFFECT_LIST_BULLET$Вы — компаньон этого дракона\n$EFFECT_LIST_BULLET$Вы глава дома компаньона или всадника этого дракона\nИЛИ оба условия:\n$EFFECT_LIST_BULLET$У дракона есть владелец\n$EFFECT_LIST_BULLET$Дракон находится при вашем дворе\nИЛИ все условия:\n$EFFECT_LIST_BULLET$У дракона есть владелец\n$EFFECT_LIST_BULLET$Дракон находится в драконьей яме\n$EFFECT_LIST_BULLET$Владелец драконьей ямы — ваш вассал\n$EFFECT_LIST_BULLET$Владелец драконьей ямы — ваш близкий родственник"
"Translation","renaming_dragon_in_your_family_dragonpit_tt","localization/russian/more_dragon_eggs_decisions_l_russian.yml","39","Или все условия:\n$EFFECT_LIST_BULLET$У дракона есть владелец\n$EFFECT_LIST_BULLET$Дракон находится в драконьей яме\n$EFFECT_LIST_BULLET$Владелец драконьей ямы — ваш вассал\n$EFFECT_LIST_BULLET$Владелец драконьей ямы — ваш близкий родственник"
"Translation","agot_dragon_laid_clutch_1","localization/russian/more_dragon_eggs_decisions_l_russian.yml","41","Отложила кладку"
"Translation","agot_laid_clutch_desc_1","localization/russian/more_dragon_eggs_decisions_l_russian.yml","42","Я отложила кладку из одного яйца"
"Translation","agot_laid_clutch_desc_second_perspective_1","localization/russian/more_dragon_eggs_decisions_l_russian.yml","43","Вы отложили кладку из одного яйца"
"Translation","agot_laid_clutch_desc_third_perspective_1","localization/russian/more_dragon_eggs_decisions_l_russian.yml","44","[owner.GetName] отложила кладку из одного яйца"
"Translation","agot_dragon_laid_clutch_2","localization/russian/more_dragon_eggs_decisions_l_russian.yml","46","Отложила кладку"
"Translation","agot_laid_clutch_desc_2","localization/russian/more_dragon_eggs_decisions_l_russian.yml","47","Я отложила кладку из двух яиц"
"Translation","agot_laid_clutch_desc_second_perspective_2","localization/russian/more_dragon_eggs_decisions_l_russian.yml","48","Вы отложили кладку из двух яиц"
"Translation","agot_laid_clutch_desc_third_perspective_2","localization/russian/more_dragon_eggs_decisions_l_russian.yml","49","[owner.GetName] отложила кладку из двух яиц"
"Translation","agot_dragon_laid_clutch_3","localization/russian/more_dragon_eggs_decisions_l_russian.yml","51","Отложила кладку"
"Translation","agot_laid_clutch_desc_3","localization/russian/more_dragon_eggs_decisions_l_russian.yml","52","Я отложила кладку из трёх яиц"
"Translation","agot_laid_clutch_desc_second_perspective_3","localization/russian/more_dragon_eggs_decisions_l_russian.yml","53","Вы отложили кладку из трёх яиц"
"Translation","agot_laid_clutch_desc_third_perspective_3","localization/russian/more_dragon_eggs_decisions_l_russian.yml","54","[owner.GetName] отложила кладку из трёх яиц"
"Translation","agot_dragon_laid_clutch_4","localization/russian/more_dragon_eggs_decisions_l_russian.yml","56","Отложила кладку"
"Translation","agot_laid_clutch_desc_4","localization/russian/more_dragon_eggs_decisions_l_russian.yml","57","Я отложила кладку из четырёх яиц"
"Translation","agot_laid_clutch_desc_second_perspective_4","localization/russian/more_dragon_eggs_decisions_l_russian.yml","58","Вы отложили кладку из четырёх яиц"
"Translation","agot_laid_clutch_desc_third_perspective_4","localization/russian/more_dragon_eggs_decisions_l_russian.yml","59","[owner.GetName] отложила кладку из четырёх яиц"
"Translation","agot_dragon_laid_clutch_5","localization/russian/more_dragon_eggs_decisions_l_russian.yml","61","Отложила кладку"
"Translation","agot_laid_clutch_desc_5","localization/russian/more_dragon_eggs_decisions_l_russian.yml","62","Я отложила кладку из пяти яиц"
"Translation","agot_laid_clutch_desc_second_perspective_5","localization/russian/more_dragon_eggs_decisions_l_russian.yml","63","Вы отложили кладку из пяти яиц"
"Translation","agot_laid_clutch_desc_third_perspective_5","localization/russian/more_dragon_eggs_decisions_l_russian.yml","64","[owner.GetName] отложила кладку из пяти яиц"
"Translation","agot_dragon_laid_clutch_6","localization/russian/more_dragon_eggs_decisions_l_russian.yml","66","Отложила кладку"
"Translation","agot_laid_clutch_desc_6","localization/russian/more_dragon_eggs_decisions_l_russian.yml","67","Я отложила кладку из шести яиц"
"Translation","agot_laid_clutch_desc_second_perspective_6","localization/russian/more_dragon_eggs_decisions_l_russian.yml","68","Вы отложили кладку из шести яиц"
"Translation","agot_laid_clutch_desc_third_perspective_6","localization/russian/more_dragon_eggs_decisions_l_russian.yml","69","[owner.GetName] отложила кладку из шести яиц"
"Translation","agot_dragon_laid_clutch_7","localization/russian/more_dragon_eggs_decisions_l_russian.yml","71","Отложила кладку"
"Translation","agot_laid_clutch_desc_7","localization/russian/more_dragon_eggs_decisions_l_russian.yml","72","Я отложила кладку из семи яиц"
"Translation","agot_laid_clutch_desc_second_perspective_7","localization/russian/more_dragon_eggs_decisions_l_russian.yml","73","Вы отложили кладку из семи яиц"
"Translation","agot_laid_clutch_desc_third_perspective_7","localization/russian/more_dragon_eggs_decisions_l_russian.yml","74","[owner.GetName] отложила кладку из семи яиц"
"Translation","agot_dragon_laid_clutch_8","localization/russian/more_dragon_eggs_decisions_l_russian.yml","76","Отложила кладку"
"Translation","agot_laid_clutch_desc_8","localization/russian/more_dragon_eggs_decisions_l_russian.yml","77","Я отложила кладку из восьми яиц"
"Translation","agot_laid_clutch_desc_second_perspective_8","localization/russian/more_dragon_eggs_decisions_l_russian.yml","78","Вы отложили кладку из восьми яиц"
"Translation","agot_laid_clutch_desc_third_perspective_8","localization/russian/more_dragon_eggs_decisions_l_russian.yml","79","[owner.GetName] отложила кладку из восьми яиц"
"Translation","choose_dragonblood","localization/russian/more_dragon_eggs_decisions_l_russian.yml","81","Кровь дракона"
"Translation","choose_dragonblood_desc","localization/russian/more_dragon_eggs_decisions_l_russian.yml","82","Показать список всех носителей крови дракона."
"Translation","choose_dragonblood_tooltip","localization/russian/more_dragon_eggs_decisions_l_russian.yml","83","Показать список всех носителей крови дракона."
"Translation","mde_view_dragon_blood_value","localization/russian/more_dragon_eggs_decisions_l_russian.yml","85","[Character.MakeScope.ScriptValue('dragonblood_percent')]% драконьей крови"
"Translation","show_dragon_portrait_decision","localization/russian/more_dragon_eggs_decisions_l_russian.yml","89","Показать портрет дракона"
"Translation","show_dragon_portrait_decision_tooltip","localization/russian/more_dragon_eggs_decisions_l_russian.yml","90","Портрет дракона будет показан."
"Translation","show_dragon_portrait_decision_desc","localization/russian/more_dragon_eggs_decisions_l_russian.yml","91","Показывает портрет вашего дракона в левом нижнем углу экрана. Примечание: портреты не появляются, пока размер дракона меньше 3; если вы их не видите, причина может быть в этом."
"Translation","show_dragon_portrait_decision_confirm","localization/russian/more_dragon_eggs_decisions_l_russian.yml","92","Показать портрет"
"Translation","hide_dragon_portrait_decision","localization/russian/more_dragon_eggs_decisions_l_russian.yml","94","Скрыть портрет дракона"
"Translation","hide_dragon_portrait_decision_tooltip","localization/russian/more_dragon_eggs_decisions_l_russian.yml","95","Портрет дракона будет скрыт."
"Translation","hide_dragon_portrait_decision_desc","localization/russian/more_dragon_eggs_decisions_l_russian.yml","96","Скрывает портрет вашего дракона в левом нижнем углу экрана. Примечание: портреты не появляются, пока размер дракона меньше 3; если вы их не видите, причина может быть в этом."
"Translation","hide_dragon_portrait_decision_confirm","localization/russian/more_dragon_eggs_decisions_l_russian.yml","97","Скрыть портрет"
"Translation","manage_buttons_decision","localization/russian/more_dragon_eggs_decisions_l_russian.yml","99","Настроить кнопки"
"Translation","manage_buttons_decision_desc","localization/russian/more_dragon_eggs_decisions_l_russian.yml","100","Открывает меню настройки видимости интерфейсных кнопок."
"Translation","manage_buttons_decision_tooltip","localization/russian/more_dragon_eggs_decisions_l_russian.yml","101","Открыть меню настройки видимости кнопок."
"Translation","manage_buttons_decision_confirm","localization/russian/more_dragon_eggs_decisions_l_russian.yml","102","Открыть меню"
"Translation","more_dragon_eggs_events.0001.t","localization/russian/more_dragon_eggs_events_l_russian.yml","2","Порченые яйца уничтожены"
"Translation","more_dragon_eggs_events.0001.desc","localization/russian/more_dragon_eggs_events_l_russian.yml","3","Это событие удаляет все порченые яйца в вашей игре. Наведите курсор на подсказку, чтобы увидеть результат и узнать, какие яйца были уничтожены. Решение появится снова, если в мире возникнут новые порченые яйца."
"Translation","more_dragon_eggs_events.0001.a","localization/russian/more_dragon_eggs_events_l_russian.yml","4","Уничтожить!"
"Translation","more_dragon_eggs_events.0002.t","localization/russian/more_dragon_eggs_events_l_russian.yml","6","Отладка"
"Translation","more_dragon_eggs_events.0002.desc","localization/russian/more_dragon_eggs_events_l_russian.yml","7","Это событие удаляет все порченые яйца в вашей игре. Наведите курсор на подсказку, чтобы увидеть результат и узнать, какие яйца были уничтожены. Решение появится снова, если в мире возникнут новые порченые яйца."
"Translation","more_dragon_eggs_events.0002.a","localization/russian/more_dragon_eggs_events_l_russian.yml","8","Уничтожить!"
"Translation","more_dragon_eggs_events.0003.t","localization/russian/more_dragon_eggs_events_l_russian.yml","10","Выбор [Concept('dragon', 'дракона')|E]"
"Translation","more_dragon_eggs_events.0003.desc","localization/russian/more_dragon_eggs_events_l_russian.yml","11",""
"Translation","more_dragon_eggs_events.0003.a","localization/russian/more_dragon_eggs_events_l_russian.yml","12","Выбрать этого дракона"
"Translation","more_dragon_eggs_events.0003.b","localization/russian/more_dragon_eggs_events_l_russian.yml","13","Отмена"
"Translation","more_dragon_eggs_events.0004.t","localization/russian/more_dragon_eggs_events_l_russian.yml","15","Выбор [Concept('dragonpit', 'драконьей ямы')|E]"
"Translation","more_dragon_eggs_events.0004.desc","localization/russian/more_dragon_eggs_events_l_russian.yml","16","Здесь находятся драконьи ямы."
"Translation","more_dragon_eggs_events.0004.a","localization/russian/more_dragon_eggs_events_l_russian.yml","17","Переместить [selected_dragon_loc.GetName] в выбранную [Concept('dragonpit', 'драконью яму')|E]"
"Translation","more_dragon_eggs_events.0004.b","localization/russian/more_dragon_eggs_events_l_russian.yml","18","Переместить [selected_dragon_loc.GetName] наружу"
"Translation","more_dragon_eggs_events.0004.c","localization/russian/more_dragon_eggs_events_l_russian.yml","19","Отмена"
"Translation","more_dragon_eggs_events.0005.a","localization/russian/more_dragon_eggs_events_l_russian.yml","21",""
"Translation","more_dragon_eggs_events.0005.t","localization/russian/more_dragon_eggs_events_l_russian.yml","22",""
"Translation","more_dragon_eggs_events.0005.desc","localization/russian/more_dragon_eggs_events_l_russian.yml","23",""
"Translation","more_dragon_eggs_events.0006.t","localization/russian/more_dragon_eggs_events_l_russian.yml","25",""
"Translation","more_dragon_eggs_events.0006.desc","localization/russian/more_dragon_eggs_events_l_russian.yml","26",""
"Translation","more_dragon_eggs_events.0006.a","localization/russian/more_dragon_eggs_events_l_russian.yml","27",""
"Translation","more_dragon_eggs_events.0007.t","localization/russian/more_dragon_eggs_events_l_russian.yml","29",""
"Translation","more_dragon_eggs_events.0007.desc","localization/russian/more_dragon_eggs_events_l_russian.yml","30",""
"Translation","more_dragon_eggs_events.0007.a","localization/russian/more_dragon_eggs_events_l_russian.yml","31",""
"Translation","more_dragon_eggs_events.0008.t","localization/russian/more_dragon_eggs_events_l_russian.yml","33","Выбор [Concept('dragonpit', 'драконьей ямы')|E]"
"Translation","more_dragon_eggs_events.0008.desc","localization/russian/more_dragon_eggs_events_l_russian.yml","34"," "
"Translation","more_dragon_eggs_events.0008.a","localization/russian/more_dragon_eggs_events_l_russian.yml","35","Переместить [selected_dragon_loc.GetName] в выбранную [Concept('dragonpit', 'драконью яму')|E]"
"Translation","more_dragon_eggs_events.0008.b","localization/russian/more_dragon_eggs_events_l_russian.yml","36","Переместить [selected_dragon_loc.GetName] наружу"
"Translation","more_dragon_eggs_events.0008.c","localization/russian/more_dragon_eggs_events_l_russian.yml","37","Закрыть"
"Translation","more_dragon_eggs_events.0009.t","localization/russian/more_dragon_eggs_events_l_russian.yml","39",""
"Translation","more_dragon_eggs_events.0009.desc","localization/russian/more_dragon_eggs_events_l_russian.yml","40",""
"Translation","more_dragon_eggs_events.0009.a","localization/russian/more_dragon_eggs_events_l_russian.yml","41",""
"Translation","more_dragon_eggs_events.0011.t","localization/russian/more_dragon_eggs_events_l_russian.yml","43",""
"Translation","more_dragon_eggs_events.0011.desc","localization/russian/more_dragon_eggs_events_l_russian.yml","44",""
"Translation","more_dragon_eggs_events.0012.a","localization/russian/more_dragon_eggs_events_l_russian.yml","46",""
"Translation","more_dragon_eggs_events.0014.t","localization/russian/more_dragon_eggs_events_l_russian.yml","48","Все живые драконы"
"Translation","more_dragon_eggs_events.0014.desc","localization/russian/more_dragon_eggs_events_l_russian.yml","49",""
"Translation","more_dragon_eggs_events.0014.a","localization/russian/more_dragon_eggs_events_l_russian.yml","50","Посмотреть своих [Concept('dragons_plural', 'драконов')|E]"
"Translation","more_dragon_eggs_events.0014.b","localization/russian/more_dragon_eggs_events_l_russian.yml","51","Посмотреть чужих [Concept('dragons_plural', 'драконов')|E]"
"Translation","more_dragon_eggs_events.0014.c","localization/russian/more_dragon_eggs_events_l_russian.yml","52","Отменить"
"Translation","more_dragon_eggs_events.0015.t","localization/russian/more_dragon_eggs_events_l_russian.yml","54","Ваши драконьи ямы"
"Translation","more_dragon_eggs_events.0015.desc","localization/russian/more_dragon_eggs_events_l_russian.yml","55",""
"Translation","more_dragon_eggs_events.0015.a","localization/russian/more_dragon_eggs_events_l_russian.yml","56","Посмотреть всех [Concept('dragons_plural', 'драконов')|E] в выбранной [Concept('dragonpit', 'драконьей яме')|E]"
"Translation","more_dragon_eggs_events.0015.b","localization/russian/more_dragon_eggs_events_l_russian.yml","57","Переместить всех ваших [Concept('dragons_plural', 'драконов')|E] в выбранную [Concept('dragonpit', 'драконью яму')|E]"
"Translation","more_dragon_eggs_events.0015.c","localization/russian/more_dragon_eggs_events_l_russian.yml","58","Переместить всех ваших [Concept('dragons_plural', 'драконов')|E] из выбранной [Concept('dragonpit', 'драконьей ямы')|E]"
"Translation","more_dragon_eggs_events.0015.d","localization/russian/more_dragon_eggs_events_l_russian.yml","59","Посмотреть все [Concept('dragonpits', 'драконьи ямы')|E]"
"Translation","more_dragon_eggs_events.0015.e","localization/russian/more_dragon_eggs_events_l_russian.yml","60","Отменить"
"Translation","more_dragon_eggs_events.0016.t","localization/russian/more_dragon_eggs_events_l_russian.yml","62","Драконы в [selected_dragonpit_loc.GetName]"
"Translation","more_dragon_eggs_events.0016.desc","localization/russian/more_dragon_eggs_events_l_russian.yml","63",""
"Translation","more_dragon_eggs_events.0016.a","localization/russian/more_dragon_eggs_events_l_russian.yml","64","Посмотреть всех [Concept('dragons_plural', 'драконов')|E] в выбранной [Concept('dragonpit', 'драконьей яме')|E]"
"Translation","more_dragon_eggs_events.0016.b","localization/russian/more_dragon_eggs_events_l_russian.yml","65","Переместить выбранного дракона наружу"
"Translation","more_dragon_eggs_events.0016.c","localization/russian/more_dragon_eggs_events_l_russian.yml","66","Отменить"
"Translation","more_dragon_eggs_events.0017.t","localization/russian/more_dragon_eggs_events_l_russian.yml","68",""
"Translation","more_dragon_eggs_events.0017.desc","localization/russian/more_dragon_eggs_events_l_russian.yml","69",""
"Translation","more_dragon_eggs_events.0018.t","localization/russian/more_dragon_eggs_events_l_russian.yml","71",""
"Translation","more_dragon_eggs_events.0018.a","localization/russian/more_dragon_eggs_events_l_russian.yml","72",""
"Translation","more_dragon_eggs_events.0019.t","localization/russian/more_dragon_eggs_events_l_russian.yml","74","Драконы в [selected_dragonpit_loc.GetName]"
"Translation","more_dragon_eggs_events.0019.desc","localization/russian/more_dragon_eggs_events_l_russian.yml","75",""
"Translation","more_dragon_eggs_events.0019.a","localization/russian/more_dragon_eggs_events_l_russian.yml","76","Посмотреть других [Concept('dragons_plural', 'драконов')|E]"
"Translation","more_dragon_eggs_events.0019.b","localization/russian/more_dragon_eggs_events_l_russian.yml","77","Посмотреть другие [Concept('dragonpits', 'драконьи ямы')|E]"
"Translation","more_dragon_eggs_events.0019.c","localization/russian/more_dragon_eggs_events_l_russian.yml","78","Отменить"
"Translation","more_dragon_eggs_events.0020.t","localization/russian/more_dragon_eggs_events_l_russian.yml","81",""
"Translation","more_dragon_eggs_events.0020.desc","localization/russian/more_dragon_eggs_events_l_russian.yml","82",""
"Translation","more_dragon_eggs_events.0020.a","localization/russian/more_dragon_eggs_events_l_russian.yml","83",""
"Translation","agot_dragon_maintenance.0807.t","localization/russian/more_dragon_eggs_events_l_russian.yml","86","Показать действующие драконьи ямы"
"Translation","agot_dragon_maintenance.0807.a","localization/russian/more_dragon_eggs_events_l_russian.yml","87","Посмотреть всех [Concept('dragons_plural', 'драконов')|E] в выбранной [Concept('dragonpit', 'драконьей яме')|E]"
"Translation","agot_dragon_maintenance.0807.b","localization/russian/more_dragon_eggs_events_l_russian.yml","88","Отменить"
"Translation","mde_dragon_eggs_events.0001.t","localization/russian/more_dragon_eggs_events_l_russian.yml","90","Драконьи знания: Каннибалы Скагоса"
"Translation","mde_dragon_eggs_events.0001.desc","localization/russian/more_dragon_eggs_events_l_russian.yml","91","Грозный и жестокий дракон [cannibal.GetName] был печально известен мерзкими деяниями, за которые и получил своё имя. Ни Таргариены, ни драконоблюстители не смогли усмирить чудовище — тем более помешать ему пожирать собственных сородичей.\n\nВ летописях появление [cannibal.GetNamePossessive] столь же загадочно, как и исчезновение. Многие считают, что он родился ещё до драконов Завоевателя.\n\nДостоверно известно лишь одно: [cannibal.GetName] исчез вскоре после Танца Драконов. Ходили слухи, будто он улетел в глубь Скагоса, привлечённый родственными душами. Судя по обсидиановым шрамам на лесной почве вокруг, эти слухи могли быть правдой."
"Translation","mde_dragon_eggs_events.0001.a","localization/russian/more_dragon_eggs_events_l_russian.yml","92","Тревожно."
"Translation","mde_dragon_eggs_events.0002.t","localization/russian/more_dragon_eggs_events_l_russian.yml","94","Драконьи знания: Огненная ведьма Долины"
"Translation","mde_dragon_eggs_events.0002.desc","localization/russian/more_dragon_eggs_events_l_russian.yml","95","Во времена Танца Драконов в Долине обитал дикий дракон [sheepstealer.GetName], получивший имя за любовь к баранине.\n\nЕго смогла приручить [nettles.GetName] — единственная предполагаемая всадница дракона в Вестеросе, не происходившая от Таргариенов. Она завоевывала его доверие, день за днём приманивая овцами. Ходили слухи, что [nettles.GetName] была дочерью или возлюбленной [daemon.GetName].\n\nВо время Танца [nettles.GetName] и [sheepstealer.GetName] исчезли и больше не появлялись.\n\nВ Лунных горах живёт клан Обгорелых. Их обряд взросления требует, чтобы юноши принесли дары огненной ведьме и прошли сквозь пламя, доказывая свою мужественность. Многие считают, что огненная ведьма — именно она."
"Translation","mde_dragon_eggs_events.0002.a","localization/russian/more_dragon_eggs_events_l_russian.yml","96","Если слухи правдивы..."
"Translation","mde_dragon_eggs_events.0004.t","localization/russian/more_dragon_eggs_events_l_russian.yml","99","Драконьи знания: Курган Каннибала"
"Translation","mde_dragon_eggs_events.0004.desc","localization/russian/more_dragon_eggs_events_l_russian.yml","100","Следуя по обсидиановым шрамам леса, вы замечаете, что их становится всё больше в одном направлении. Вы идёте по этому следу, пока он не выводит к устью огромной пещеры.\n\nЗатаив дыхание, вы входите внутрь. Стены испещрены красной краской и обсидианом, пол усеян костями.\n\nВ центре пещеры — ритуальная яма с курганом из черепов: кроликов, медведей, оленей, великанов, единорогов и людей. На вершине высится огромный череп, чьи глазницы горят злым зелёным светом.\n\nВзобравшись на курган, вы находите невероятное сокровище — драконье яйцо!"
"Translation","mde_dragon_eggs_events.0004.a","localization/russian/more_dragon_eggs_events_l_russian.yml","101","Страшитесь моей мощи!"
"Translation","mde_dragon_eggs_events.0005.t","localization/russian/more_dragon_eggs_events_l_russian.yml","103","Драконьи знания: Пещера огненной ведьмы"
"Translation","mde_dragon_eggs_events.0005.desc","localization/russian/more_dragon_eggs_events_l_russian.yml","104","После многих дней расспросов местные наконец указывают путь к Обгорелым.\n\nПоднимаясь в горы, вы избегаете встреч с ними. Тропа ритуала отмечена скелетами юношей; на некоторых костях видны следы ожогов.\n\nТо ли благодаря удаче, то ли благодаря умению, вы находите пещеру огненной ведьмы, не столкнувшись с Обгорелыми. Внутри стены покрыты тысячами знаков, словно обезумевший серый крысомейстер остался без бумаги. В углу, под слоем пыли, лежит коричневое драконье яйцо!"
"Translation","mde_dragon_eggs_events.0005.a","localization/russian/more_dragon_eggs_events_l_russian.yml","105","И вправду повезло."
"Translation","mde_dragon_eggs_events.0006.t","localization/russian/more_dragon_eggs_events_l_russian.yml","107","Драконьи знания: Остров Ликов"
"Translation","mde_dragon_eggs_events.0006.desc","localization/russian/more_dragon_eggs_events_l_russian.yml","108","Жуткий шёпот в голове заставляет меня замереть, оставляя лишь ледяной страх.\n\nПротив воли я поворачиваюсь к Острову Ликов, иду к нему, а затем плыву.\n\nВыбравшись на берег, я вижу, как деревья истекают кровью. Из чащи чардрев выглядывает укрытая тенью фигура с сияющими зелёными глазами, и ужас поглощает меня.\n\nОчнувшись на берегу Божьего Ока, растерянный и встревоженный, я обнаруживаю в руках драконье яйцо."
"Translation","mde_dragon_eggs_events.0006.a","localization/russian/more_dragon_eggs_events_l_russian.yml","109","Судьба ждёт."
"Translation","mde_dragon_eggs_events.0007.t","localization/russian/more_dragon_eggs_events_l_russian.yml","111","Драконьи знания: Дары прошлого"
"Translation","mde_dragon_eggs_events.0007.desc","localization/russian/more_dragon_eggs_events_l_russian.yml","112","Я поднимаюсь высоко по скалам Драконьего Камня; грохот волн внизу смешивается с глухим рокотом вулкана. Вскоре я замечаю узкий проход — идеальное начало для исследования пещер.\n\nПеребравшись через каменный гребень, я следую за светом, льющимся по скалам. От главного зала уходит несколько ходов, но луч пробивается только через единственную жилу обсидиана, словно указывая путь. Я иду за ним — и не верю глазам.\n\nВ центре зала лежит яйцо; свет обрывается прямо над ним! Но стоит мне прикоснуться к нему, как время напоминает о себе: луч начинает меркнуть. Я едва успеваю схватить яйцо и броситься прочь, прежде чем тьма запечатывает выход.\n\nТяжело дыша, я выбираюсь наружу с яйцом в руках!"
"Translation","mde_dragon_eggs_events.0007.desc_missing","localization/russian/more_dragon_eggs_events_l_russian.yml","113","Я поднимаюсь высоко по скалам Драконьего Камня; грохот волн внизу смешивается с глухим рокотом вулкана. Вскоре я замечаю узкий проход — идеальное начало для исследования пещер.\n\nПеребравшись через каменный гребень, я следую за светом, льющимся по скалам. От главного зала уходит несколько ходов, но луч пробивается только через единственную жилу обсидиана, словно указывая путь. Я иду за ним — и не верю глазам.\n\nВ центре зала лежит кладка яиц; свет обрывается прямо над ней! Но стоит мне прикоснуться к яйцам, как время напоминает о себе: луч начинает меркнуть. Я едва успеваю схватить их и броситься прочь, прежде чем тьма запечатывает выход.\n\nТяжело дыша, я выбираюсь наружу с яйцами в руках! Я нашёл пропавшие драконьи яйца [aegon_ii.GetNamePossessive] — те самые, что в последний раз видели у [valarr.GetName]!"
"Translation","mde_dragon_eggs_events.0007.a","localization/russian/more_dragon_eggs_events_l_russian.yml","114","Было близко, но оно того стоило!"
"Translation","mde_dragon_eggs_events.0007.tt","localization/russian/more_dragon_eggs_events_l_russian.yml","115","Вы получили драконье яйцо!"
"Translation","mde_dragon_eggs_events.0008.t","localization/russian/more_dragon_eggs_events_l_russian.yml","117","Драконьи знания: Руины Спайстауна"
"Translation","mde_dragon_eggs_events.0008.desc","localization/russian/more_dragon_eggs_events_l_russian.yml","118","Битва при Глотке стала одним из самых печально известных сражений Танца Драконов — гражданской войны Таргариенов, ослабившей их могущество. Союз зелёных с Триархией завершился ударом огромной армады по веларионской блокаде Глотки — стратегической узости, перекрывавшей снабжение Королевской Гавани.\n\nБитва обернулась пирровой победой чёрных: им удалось удержать блокаду и разгромить армаду Триархии, но цена оказалась страшной. Принц [jaecaerys.GetName] и его дракон [vermax.GetName] погибли, а Спайстаун был сожжён дотла. Легенды гласят, что невеста [jaecaerys.GetNamePossessive], [baela.GetName], и её дракон [moondancer.GetName] вместе скорбели среди руин."
"Translation","mde_dragon_eggs_events.0008.a","localization/russian/more_dragon_eggs_events_l_russian.yml","119","Трагедия, от которой веет холодом."
"Translation","mde_dragon_eggs_events.0009.t","localization/russian/more_dragon_eggs_events_l_russian.yml","121","Драконьи знания: В глубине руин Спайстауна"
"Translation","mde_dragon_eggs_events.0009.desc","localization/russian/more_dragon_eggs_events_l_russian.yml","122","Мрачные руины Спайстауна тяготят меня, и я решаю задержаться здесь, чтобы осмотреть их внимательнее.\n\nБродя среди полуразрушенных строений, я нахожу большой обгоревший участок, нетронутый со времён разрушения. Перебирая камни на полу, я краем глаза замечаю цветное мерцание — резкий контраст с чёрно-серой разрухой вокруг.\n\nЯ выкапываю цветные камни из земли и с изумлением смотрю на то, что держу в руках. Драконье яйцо! Слухи о скорбящей [moondancer.GetName] оказались правдой — я нашёл её яйцо."
"Translation","mde_dragon_eggs_events.0009.a","localization/russian/more_dragon_eggs_events_l_russian.yml","123","Проблеск света среди трагедии."
"Translation","mde_dragon_eggs_events.0010.t","localization/russian/more_dragon_eggs_events_l_russian.yml","125","Драконьи знания: Кости Нагги"
"Translation","mde_dragon_eggs_events.0010.desc","localization/russian/more_dragon_eggs_events_l_russian.yml","126","Тысячи лет назад, в Век Героев, многие легенды родились из чудес и ужасов той древней поры. Величайшая из них — легенда о [nagga.GetName], чьи огромные кости стали священным местом для железнорождённых. Здесь стоял трон [grey_king.GetName], и здесь веками проводились королевские веча.\n\nСказания железнорождённых гласят, что [nagga.GetName] была первым морским драконом, питалась левиафанами и кракенами, а её ярость была так велика, что она могла топить целые острова. Эти подвиги лишь возвеличили славу [grey_king.GetName]: он убил чудовище, воздвиг чертог из её костей, обогрел его её живым огнём, сделал трон из её челюсти, а корону — из зубов.\n\nТеперь здесь зловеще тихо, но исполинские кости всё ещё внушают первобытный ужас."
"Translation","mde_dragon_eggs_events.0010.a","localization/russian/more_dragon_eggs_events_l_russian.yml","127","Чудовище невиданного масштаба..."
"Translation","mde_dragon_eggs_events.0011.t","localization/russian/more_dragon_eggs_events_l_russian.yml","129","Драконьи знания: Древнее королевское вече"
"Translation","mde_dragon_eggs_events.0011.desc","localization/russian/more_dragon_eggs_events_l_russian.yml","130","Кажется судьбой, что я оказался у жутких останков великого чудовища [nagga.GetName] в день небывало низкого отлива — такого, что случается раз в жизни.\n\nЖелезнорождённые называют подобные отливы дурным знаком, но из глубины меня зовёт нечто тёмное и неодолимое. Я подчиняюсь этому зову и почти инстинктивно иду к обнажившемуся берегу, ступая по следам древнего королевского веча. У воды лежит древнее оружие, покрытое ржавчиной, кораллами и ракушками. Я погружаюсь в глубину, крестя себя солью и позволяя морю наполнить лёгкие.\n\nЯ теряю сознание. Последнее, что помню, — нечто могущественное, быть может, существо... и что-то в моих руках. Очнувшись, я лежу на песчаном берегу, а рядом сияет кобальтово-синее драконье яйцо."
"Translation","mde_dragon_eggs_events.0011.a","localization/russian/more_dragon_eggs_events_l_russian.yml","131","Фаустов дар от слуги Великого Иного..."
"Translation","mde_dragon_eggs_events.0011.b","localization/russian/more_dragon_eggs_events_l_russian.yml","132","Утонувший бог дарует! @drownedgod_icon!"
"Translation","mde_dragon_eggs_events.0012.t","localization/russian/more_dragon_eggs_events_l_russian.yml","134","Драконьи знания: Болт в Пекле"
"Translation","mde_dragon_eggs_events.0012.desc","localization/russian/more_dragon_eggs_events_l_russian.yml","135","Долго я странствовал по знойным пустыням Дорна, и путь вдали от Дюнных дорог стал мучительным. Ближайшая крепость, Пекло, сулит лишь призрачную передышку, но выбора нет. По мере приближения серные испарения из соседних источников и гейзеров застилают солнце, лишь усиливая жар. Я замечаю, что главная башня так и не была восстановлена со времён Завоевания.\n\nРазрушение стало следствием гибели всадницы дракона [rhaenys.GetName] и её дракона [meraxes.GetName]. Во время кампании по усмирению дорнийцев [rhaenys.GetName] сжигала замки драконьим пламенем. Уллеры из Пекла сделали невозможное: выстрелом скорпиона пробили глаз [meraxes.GetName], отправив всадницу и дракона в смертельное падение. Останки дракона [meraxes.GetName] торчат из остекленевшего песка."
"Translation","mde_dragon_eggs_events.0012.a","localization/russian/more_dragon_eggs_events_l_russian.yml","136","Какая мощь!"
"Translation","mde_dragon_eggs_events.0013.t","localization/russian/more_dragon_eggs_events_l_russian.yml","138","Драконьи знания: Сквозь драконье стекло"
"Translation","mde_dragon_eggs_events.0013.desc","localization/russian/more_dragon_eggs_events_l_russian.yml","139","Осматривая скелет дракона [meraxes.GetName], я потрясён силой драконьего пламени. Окружающая земля — сплошное стекло из расплавленного песка, по большей части тёмное и непрозрачное.\n\nНо под свежими слоями грязи стекло становится чище. Охваченный одержимостью, я ищу самый прозрачный участок.\n\nПосле часов поисков я нахожу стекло, сквозь которое пробивается золотисто-серебристое мерцание. Прикрыв находку, я возвращаюсь под покровом темноты с киркой и раскапываю сокровище: драконье яйцо!"
"Translation","mde_dragon_eggs_events.0013.a","localization/russian/more_dragon_eggs_events_l_russian.yml","140","Моя прелесть!"
"Translation","mde_dragon_eggs_events.0014.t","localization/russian/more_dragon_eggs_events_l_russian.yml","142","Драконьи знания: Садовник стеклянной сферы"
"Translation","mde_dragon_eggs_events.0014.desc","localization/russian/more_dragon_eggs_events_l_russian.yml","143","После Рока осталось мало драконовладык. Лишь благодаря магическому предвидению Дейнис Сновидицы дом Таргариенов сумел удержать свою плоть из огня. Но сразу после Рока были и другие.\n\nДжейхелор Матэрион был землевладельцем и драконоводцем Валирийского Фригольда. Он летал на драконе [pythax.GetName] и, судя по его трудам о стеклянных оранжереях-сферах самой Валирии, был учёным с особым даром к ботанике.\n\nКогда Рок потряс небо и землю, Джейхелор Матэрион собирал образцы в лесах Квохора. По пути из Квохора в Старый Волантис он пролетел над этим самым местом, а остаток жизни посвятил тому, чтобы восстановить по памяти свои сады. Его дракон [pythax.GetName] вскоре погиб, отказавшись от еды. Сам Джейхелор Матэрион умер вскоре после этого, вмешавшись в порку раба на Длинном мосту."
"Translation","mde_dragon_eggs_events.0014.a","localization/russian/more_dragon_eggs_events_l_russian.yml","144","Ироничный конец."
"Translation","mde_dragon_eggs_events.0015.t","localization/russian/more_dragon_eggs_events_l_russian.yml","146","Драконьи знания: Оставлено в спешке"
"Translation","mde_dragon_eggs_events.0015.desc","localization/russian/more_dragon_eggs_events_l_russian.yml","147","Известно, что он разбивал лагерь именно здесь, но следов почти не осталось. Продираясь сквозь густые заросли в поисках места для собственного лагеря, я нахожу предметы, явно принадлежавшие знатному выходцу из Фригольда.\n\nЯ иду по хаотичному следу разбросанных валирийских артефактов — каждый из них, несомненно, стоит целое состояние. Но в грязи, почти полностью зарытый и замаскированный землёй, лежит нетронутый сундук, явно оставленный в спешке.\n\nС огромным трудом я выкапываю сундук и срываю его с окаменевших петель. Внутри обнаруживается сокровище ценнее всех окружающих трофеев: драконье яйцо!"
"Translation","mde_dragon_eggs_events.0015.a","localization/russian/more_dragon_eggs_events_l_russian.yml","148","Последний дар Стеклянного Садовника!"
"Translation","mde_dragon_eggs_events.0016.t","localization/russian/more_dragon_eggs_events_l_russian.yml","150","Драконьи знания: Император, которого не было"
"Translation","mde_dragon_eggs_events.0016.desc","localization/russian/more_dragon_eggs_events_l_russian.yml","151","После Рока осталось мало драконовладык. Лишь благодаря магическому предвидению Дейнис Сновидицы дом Таргариенов сумел удержать свою плоть из огня. Но сразу после Рока были и другие.\n\nАурион Варезис был, пожалуй, самым известным из них: могущественный драконовладыка Валирийского Фригольда, оказавшийся в Квохоре, когда Рок потряс небо и землю. Поняв, что теперь никто не способен сравниться с его силой, Аурион Варезис собрал войско в 30 000 человек и провозгласил себя первым императором Валирии. Аурион Варезис, его грозный дракон [vassarion.GetName] и великое войско двинулись на юг из Квохора, чтобы отвоевать Валирию, не встретив сопротивления. Но едва они вошли в земли Рока, их больше никто не видел."
"Translation","mde_dragon_eggs_events.0016.a","localization/russian/more_dragon_eggs_events_l_russian.yml","152","Смело, но безрассудно."
"Translation","mde_dragon_eggs_events.0017.t","localization/russian/more_dragon_eggs_events_l_russian.yml","154","Драконьи знания: Золотое яйцо"
"Translation","mde_dragon_eggs_events.0017.desc","localization/russian/more_dragon_eggs_events_l_russian.yml","155","Известно, что его войско разбивало лагерь здесь по пути из Квохора в Валирию. По прошествии стольких лет следов почти не осталось. Однако сохранилась валирийская статуя, созданная воинами Императорской армии в память о погибших в катастрофе — вероятно, об их далёких и ныне утраченных семьях.\n\nВалирийские письмена здесь высечены не огнём, а грубо, металлом, и я едва различаю фразу о чём-то внизу. Доверившись инстинкту, я копаю под статуей и нахожу тайник с оружием — и нечто куда более ценное: золотое драконье яйцо!"
"Translation","mde_dragon_eggs_events.0017.a","localization/russian/more_dragon_eggs_events_l_russian.yml","156","Вырвано из мёртвых рук!"
"Translation","agot_dragon_maintenance.0802.desc","localization/russian/more_dragon_eggs_events_l_russian.yml","161","Владельцы драконьих яиц:"
"Translation","agot_dragon_maintenance.0807.desc","localization/russian/more_dragon_eggs_events_l_russian.yml","162",""
"Translation","SELECTED_DRAGON_TT","localization/russian/more_dragon_eggs_events_l_russian.yml","163","[selected_dragon_loc.GetName]"
"Translation","show_eggs_decision_tooltip","localization/russian/more_dragon_eggs_events_l_russian.yml","165",""
"Translation","show_dragons_decision_tooltip","localization/russian/more_dragon_eggs_events_l_russian.yml","166",""
"Translation","show_dragonpits_decision_tooltip","localization/russian/more_dragon_eggs_events_l_russian.yml","167",""
"Translation","agot_dragon_maintenance.0800.dragonpits","localization/russian/more_dragon_eggs_events_l_russian.yml","169","Показать действующие драконьи ямы"
"Translation","DRAGON_PITTED_WITH_GUI","localization/russian/more_dragon_eggs_events_l_russian.yml","171","$DRAGON_RELATION_IS_PITTED$ • [Character.Custom('DPGetDragonTypeGuiTooltip')]"
"Translation","DRAGON_WANDERING_WITH_GUI","localization/russian/more_dragon_eggs_events_l_russian.yml","172","$DRAGON_RELATION_IS_WANDERING$ • [Character.Custom('DPGetDragonTypeGuiTooltip')]"
"Translation","DRAGON_CANT_GO_OUTSIDE","localization/russian/more_dragon_eggs_events_l_russian.yml","173","Если переместить этого дракона наружу, вы потеряете право владения им!"
"Translation","can_move_a_dragon_tooltip","localization/russian/more_dragon_eggs_events_l_russian.yml","175","Вы можете переместить дракона."
"Translation","TRAVEL_POINT_OF_INTEREST_TT_more_dragon_eggs_poi_dragonlore","localization/russian/more_dragon_eggs_events_l_russian.yml","176","Место, связанное с драконами"
"Translation","agot_dragon_maintenance.0802.t","localization/russian/more_dragon_eggs_events_l_russian.yml","178","Показать все существующие драконьи яйца"
"Translation","agot_dragon_maintenance.0804.t","localization/russian/more_dragon_eggs_events_l_russian.yml","179","Показать драконьи яйца"
"Translation","agot_dragon_maintenance.0804.a","localization/russian/more_dragon_eggs_events_l_russian.yml","180","Показать драконьи яйца"
"Translation","agot_dragon_maintenance.0804.desc","localization/russian/more_dragon_eggs_events_l_russian.yml","181","Владельцы драконьих яиц:"
"Translation","agot_dragon_maintenance.0804.desc_no_eggs","localization/russian/more_dragon_eggs_events_l_russian.yml","182","Драконьих яиц не обнаружено."
"Translation","agot_dragon_maintenance.0805.t","localization/russian/more_dragon_eggs_events_l_russian.yml","183","Показать жизнеспособные драконьи яйца"
"Translation","agot_dragon_maintenance.0805.a","localization/russian/more_dragon_eggs_events_l_russian.yml","184","Показать жизнеспособные драконьи яйца"
"Translation","agot_dragon_maintenance.0805.desc","localization/russian/more_dragon_eggs_events_l_russian.yml","185","Владельцы жизнеспособных драконьих яиц:"
"Translation","agot_dragon_maintenance.0806.t","localization/russian/more_dragon_eggs_events_l_russian.yml","186","Показать порченые драконьи яйца"
"Translation","agot_dragon_maintenance.0806.a","localization/russian/more_dragon_eggs_events_l_russian.yml","187","Показать порченые драконьи яйца"
"Translation","agot_dragon_maintenance.0806.desc","localization/russian/more_dragon_eggs_events_l_russian.yml","188","Владельцы порченых драконьих яиц:"
"Translation","agot_dragon_maintenance.0808.t","localization/russian/more_dragon_eggs_events_l_russian.yml","189","Показать носителей крови дракона"
"Translation","agot_dragon_maintenance.0808.a","localization/russian/more_dragon_eggs_events_l_russian.yml","190","Показать носителей крови дракона"
"Translation","agot_dragon_maintenance.0808.desc","localization/russian/more_dragon_eggs_events_l_russian.yml","191",""
"Translation","global_events_settings.0001.dragonblood","localization/russian/more_dragon_eggs_events_l_russian.yml","192","О носителях крови дракона..."
"Translation","agot_filler_crownlands.0004.t","localization/russian/more_dragon_eggs_events_l_russian.yml","194","День на Драконьем Камне: Дары прошлого"
"Translation","agot_filler_crownlands.0004.desc","localization/russian/more_dragon_eggs_events_l_russian.yml","195","Я поднимаюсь высоко по скалам Драконьего Камня; грохот волн внизу смешивается с глухим рокотом вулкана. Вскоре я замечаю узкий проход — идеальное начало для исследования пещер.\n\nПеребравшись через каменный гребень, я следую за светом, льющимся по скалам. От главного зала уходит несколько ходов, но луч пробивается только через единственную жилу обсидиана, словно указывая путь. Я иду за ним — и не верю глазам.\n\nВ центре зала лежит яйцо; свет обрывается прямо над ним! Но стоит мне прикоснуться к нему, как время напоминает о себе: луч начинает меркнуть. Я едва успеваю схватить яйцо и броситься прочь, прежде чем тьма запечатывает выход.\n\nТяжело дыша, я выбираюсь наружу с яйцом в руках!"
"Translation","agot_filler_crownlands.0004.a","localization/russian/more_dragon_eggs_events_l_russian.yml","196","Было близко, но оно того стоило!"
"Translation","agot_filler_crownlands.0004.tt","localization/russian/more_dragon_eggs_events_l_russian.yml","197","Вы получили [Concept('artifact', 'артефакт')|E]: драконье яйцо"
"Translation","agot_ninepenny.0034.c","localization/russian/more_dragon_eggs_events_l_russian.yml","200","Для него будет вырезано новое королевство."
"Translation","agot_ninepenny.0035.b","localization/russian/more_dragon_eggs_events_l_russian.yml","201","$agot_ninepenny.0031.a$ Оно получит более подходящее имя."
"Translation","agot_ninepenny.0035.b.tt","localization/russian/more_dragon_eggs_events_l_russian.yml","202","#italic Королевство Тарт будет переименовано в Сапфировые острова!#!"
"Translation","a_crown_for_a_king_decision","localization/russian/more_dragon_eggs_events_l_russian.yml","204","Корона для короля"
"Translation","a_crown_for_a_king_decision_desc","localization/russian/more_dragon_eggs_events_l_russian.yml","205","Визерис недостоин быть королём Семи Королевств, но есть тот, кто достоин..."
"Translation","a_crown_for_a_king_decision_confirm","localization/russian/more_dragon_eggs_events_l_russian.yml","206","Короновать его!"
"Translation","a_crown_for_a_king_decision_tooltip","localization/russian/more_dragon_eggs_events_l_russian.yml","207","@warning_icon!#X Это сместит Визериса с места главы Таргариенов в изгнании!#!"
"Translation","agot_targaryen_exile_invasion.9999.t","localization/russian/more_dragon_eggs_events_l_russian.yml","209","Корона для короля"
"Translation","agot_targaryen_exile_invasion.9999.desc","localization/russian/more_dragon_eggs_events_l_russian.yml","210","Теперь, когда я возглавляю Изгнанников и несу на своих плечах всю династию Таргариенов, я должен решить, что делать с моим высокомерным и жестоким братом."
"Translation","agot_targaryen_exile_invasion.9999.b","localization/russian/more_dragon_eggs_events_l_russian.yml","211","Помиловать его!"
"Translation","agot_targaryen_exile_invasion.9999.a","localization/russian/more_dragon_eggs_events_l_russian.yml","212","Вручить ему корону, которую он заслужил!"
"Translation","agot_ruins.2001.t","localization/russian/more_dragon_eggs_events_l_russian.yml","214","Сокровища из трагедии"
"Translation","agot_ruins.2001.d","localization/russian/more_dragon_eggs_events_l_russian.yml","215","Руины Спайстауна давно окутаны зловещей мрачностью. Простолюдины рассказывают, что он заброшен так давно, что стал пристанищем проклятых духов. Из-за суеверий восстановление идёт с трудом. Но надежда вернуть городу былую славу центра торговли и золота придаёт сил.\n\nСегодня труды окупились! При раскопках последних руин, считавшихся проклятыми и нетронутыми со времён Битвы при Глотке, в обгоревшем здании нашли драконье яйцо!"
"Translation","agot_ruins.2001.a","localization/russian/more_dragon_eggs_events_l_russian.yml","216","Счастливое предзнаменование!"
"Translation","agot_ruins.2001.b","localization/russian/more_dragon_eggs_events_l_russian.yml","217","Лучше отдать нашему сюзерену."
"Translation","agot_ruins.2002.t","localization/russian/more_dragon_eggs_events_l_russian.yml","219","Драконье яйцо предложено"
"Translation","agot_ruins.2002.d","localization/russian/more_dragon_eggs_events_l_russian.yml","220","Мой вассал [egg_giver.GetName] находит яйцо при восстановлении руин Спайстауна! Более того, он предлагает его нам как законным хранителям."
"Translation","agot_ruins.2002.a","localization/russian/more_dragon_eggs_events_l_russian.yml","221","Принимаем!"
"Translation","agot_ruins.2002.b","localization/russian/more_dragon_eggs_events_l_russian.yml","222","Пусть оставит себе."
"Translation","mde_canon_dragon_clutch_events.0001.t","localization/russian/more_dragon_eggs_events_l_russian.yml","224","Новая кладка от [dragon_parent.GetNameNoTooltip]!@historical_character_icon_small!"
"Translation","agot_ninepenny.1014.c","localization/russian/more_dragon_eggs_events_l_russian.yml","226","Ночь ожила музыкой драконов! Это дитя — «Драконорождённый»!"
"Translation","agot_ninepenny.1014.d","localization/russian/more_dragon_eggs_events_l_russian.yml","227","Несмотря на трагедию, с этим ребёнком остаётся надежда — это «Драконорождённый»."
"Translation","rule_use_dragon_pit_mover","localization/russian/more_dragon_eggs_gamerules_l_russian.yml","2","@mde_icon!@dragon_majestic_icon!More Dragon Eggs — перемещение в драконью яму"
"Translation","setting_use_dragon_pit_mover_no","localization/russian/more_dragon_eggs_gamerules_l_russian.yml","3","Базовые настройки AGOT"
"Translation","setting_use_dragon_pit_mover_yes","localization/russian/more_dragon_eggs_gamerules_l_russian.yml","4","@mde_icon!More Dragon Eggs"
"Translation","setting_use_dragon_pit_mover_no_desc","localization/russian/more_dragon_eggs_gamerules_l_russian.yml","6","Отключает добавленную More Dragon Eggs функцию. В базовом AGOT её аналога нет."
"Translation","setting_use_dragon_pit_mover_yes_desc","localization/russian/more_dragon_eggs_gamerules_l_russian.yml","7","Включает меню перемещения драконов между драконьими ямами из More Dragon Eggs."
"Translation","rule_show_dragon_portrait_on_start","localization/russian/more_dragon_eggs_gamerules_l_russian.yml","9","@mde_icon!@dragon_majestic_icon!Показывать портрет дракона при старте"
"Translation","setting_show_dragon_portrait_on_start_no","localization/russian/more_dragon_eggs_gamerules_l_russian.yml","10","Нет"
"Translation","setting_show_dragon_portrait_on_start_yes","localization/russian/more_dragon_eggs_gamerules_l_russian.yml","11","Да"
"Translation","setting_show_dragon_portrait_on_start_no_desc","localization/russian/more_dragon_eggs_gamerules_l_russian.yml","13","Портрет вашего дракона будет скрыт при старте игры. Позже его можно включить."
"Translation","setting_show_dragon_portrait_on_start_yes_desc","localization/russian/more_dragon_eggs_gamerules_l_russian.yml","14","Портрет вашего дракона будет показан в левом нижнем углу экрана рядом с портретом персонажа с начала игры. Позже его можно отключить."
"Translation","rule_realm_affairs_extended","localization/russian/more_dragon_eggs_gamerules_l_russian.yml","16","@mde_icon!@dragon_majestic_icon!Дополнительный интерфейс мода"
"Translation","setting_realm_affairs_extended_off","localization/russian/more_dragon_eggs_gamerules_l_russian.yml","17","Выключено"
"Translation","setting_realm_affairs_extended_buttons","localization/russian/more_dragon_eggs_gamerules_l_russian.yml","18","Только кнопки"
"Translation","setting_realm_affairs_extended_decisions","localization/russian/more_dragon_eggs_gamerules_l_russian.yml","19","Только решения"
"Translation","setting_realm_affairs_extended_decisions_and_buttons","localization/russian/more_dragon_eggs_gamerules_l_russian.yml","20","Решения и кнопки"
"Translation","setting_realm_affairs_extended_off_desc","localization/russian/more_dragon_eggs_gamerules_l_russian.yml","22","Дополнительный интерфейс будет отключён."
"Translation","setting_realm_affairs_extended_buttons_desc","localization/russian/more_dragon_eggs_gamerules_l_russian.yml","23","Кнопки для просмотра драконьих ям, драконов и яиц появятся, когда соответствующие объекты будут доступны."
"Translation","setting_realm_affairs_extended_decisions_desc","localization/russian/more_dragon_eggs_gamerules_l_russian.yml","24","Решения для просмотра драконьих ям, драконов и яиц появятся, когда соответствующие объекты будут доступны."
"Translation","setting_realm_affairs_extended_decisions_and_buttons_desc","localization/russian/more_dragon_eggs_gamerules_l_russian.yml","25","Кнопки и решения для просмотра драконьих ям, драконов и яиц появятся, когда соответствующие объекты будут доступны."
"Translation","rule_can_hatch_multiple_dragons","localization/russian/more_dragon_eggs_gamerules_l_russian.yml","26","@mde_icon!@hatching_icon!Выведение нескольких драконов за церемонию"
"Translation","setting_can_hatch_multiple_dragons_no","localization/russian/more_dragon_eggs_gamerules_l_russian.yml","27","Невозможно"
"Translation","setting_can_hatch_multiple_dragons_yes_5_percent","localization/russian/more_dragon_eggs_gamerules_l_russian.yml","28","Да — 5% для каждого яйца"
"Translation","setting_can_hatch_multiple_dragons_yes_25_percent","localization/russian/more_dragon_eggs_gamerules_l_russian.yml","29","Да — 25% для каждого яйца"
"Translation","setting_can_hatch_multiple_dragons_yes_50_percent","localization/russian/more_dragon_eggs_gamerules_l_russian.yml","30","Да — 50% для каждого яйца"
"Translation","setting_can_hatch_multiple_dragons_yes_75_percent","localization/russian/more_dragon_eggs_gamerules_l_russian.yml","31","Да — 75% для каждого яйца"
"Translation","setting_can_hatch_multiple_dragons_yes_95_percent","localization/russian/more_dragon_eggs_gamerules_l_russian.yml","32","Да — 95% для каждого яйца"
"Translation","setting_can_hatch_multiple_dragons_yes_all","localization/russian/more_dragon_eggs_gamerules_l_russian.yml","33","Все яйца дадут драконов"
"Translation","setting_can_hatch_multiple_dragons_no_desc","localization/russian/more_dragon_eggs_gamerules_l_russian.yml","35","При успешной церемонии дракон появится только из выбранного яйца. Остальные яйца не получат шанса."
"Translation","setting_can_hatch_multiple_dragons_yes_5_percent_desc","localization/russian/more_dragon_eggs_gamerules_l_russian.yml","36","При успешной церемонии каждое яйцо, кроме выбранного, получит 5% шанс дать дракона."
"Translation","setting_can_hatch_multiple_dragons_yes_25_percent_desc","localization/russian/more_dragon_eggs_gamerules_l_russian.yml","37","При успешной церемонии каждое яйцо, кроме выбранного, получит 25% шанс дать дракона."
"Translation","setting_can_hatch_multiple_dragons_yes_50_percent_desc","localization/russian/more_dragon_eggs_gamerules_l_russian.yml","38","При успешной церемонии каждое яйцо, кроме выбранного, получит 50% шанс дать дракона."
"Translation","setting_can_hatch_multiple_dragons_yes_75_percent_desc","localization/russian/more_dragon_eggs_gamerules_l_russian.yml","39","При успешной церемонии каждое яйцо, кроме выбранного, получит 75% шанс дать дракона."
"Translation","setting_can_hatch_multiple_dragons_yes_95_percent_desc","localization/russian/more_dragon_eggs_gamerules_l_russian.yml","40","При успешной церемонии каждое яйцо, кроме выбранного, получит 95% шанс дать дракона."
"Translation","setting_can_hatch_multiple_dragons_yes_all_desc","localization/russian/more_dragon_eggs_gamerules_l_russian.yml","41","При успешной церемонии из каждого драконьего яйца в инвентаре персонажа появится принадлежащий ему дракон."
"Translation","rule_dragon_hatching_success_chance","localization/russian/more_dragon_eggs_gamerules_l_russian.yml","43","@mde_icon!@hatching_icon!Шанс успешного выведения дракона"
"Translation","setting_dragon_hatching_guaranteed","localization/russian/more_dragon_eggs_gamerules_l_russian.yml","44","Гарантировано"
"Translation","setting_dragon_hatching_very_likely","localization/russian/more_dragon_eggs_gamerules_l_russian.yml","45","Очень вероятно"
"Translation","setting_dragon_hatching_normal","localization/russian/more_dragon_eggs_gamerules_l_russian.yml","46","По умолчанию"
"Translation","setting_dragon_hatching_not","localization/russian/more_dragon_eggs_gamerules_l_russian.yml","47","Неудача"
"Translation","setting_dragon_hatching_guaranteed_desc","localization/russian/more_dragon_eggs_gamerules_l_russian.yml","49","Церемония выведения дракона всегда завершится успехом."
"Translation","setting_dragon_hatching_very_likely_desc","localization/russian/more_dragon_eggs_gamerules_l_russian.yml","50","Около 50% шанса, что церемония выведения дракона завершится успехом."
"Translation","setting_dragon_hatching_normal_desc","localization/russian/more_dragon_eggs_gamerules_l_russian.yml","51","Церемония выведения дракона использует стандартные шансы успеха и провала."
"Translation","setting_dragon_hatching_not_desc","localization/russian/more_dragon_eggs_gamerules_l_russian.yml","52","Церемония выведения дракона всегда завершится неудачей."
"Translation","rule_extant_hatching_ceremonies","localization/russian/more_dragon_eggs_gamerules_l_russian.yml","54","@mde_icon!@hatching_icon!Церемонии выведения всегда доступны"
"Translation","setting_extant_hatching_ceremonies_yes","localization/russian/more_dragon_eggs_gamerules_l_russian.yml","55","Да"
"Translation","setting_extant_hatching_ceremonies_no","localization/russian/more_dragon_eggs_gamerules_l_russian.yml","56","Нет"
"Translation","setting_extant_hatching_ceremonies_yes_desc","localization/russian/more_dragon_eggs_gamerules_l_russian.yml","58","Церемонии доступны, если в мире существуют драконы."
"Translation","setting_extant_hatching_ceremonies_no_desc","localization/russian/more_dragon_eggs_gamerules_l_russian.yml","59","Церемонии недоступны, если в мире существуют драконы."
"Translation","rule_dragon_egg_spawn_likelihood","localization/russian/more_dragon_eggs_gamerules_l_russian.yml","60","@mde_icon!@iceFire_dragon_egg_icon!Вероятность появления драконьих яиц"
"Translation","setting_no_spawns","localization/russian/more_dragon_eggs_gamerules_l_russian.yml","61","Без появления"
"Translation","setting_extremely_unlikely_spawn","localization/russian/more_dragon_eggs_gamerules_l_russian.yml","62","Крайне редко"
"Translation","setting_very_unlikely_spawn","localization/russian/more_dragon_eggs_gamerules_l_russian.yml","63","Очень редко"
"Translation","setting_normal_unlikely_spawn","localization/russian/more_dragon_eggs_gamerules_l_russian.yml","64","Редко"
"Translation","setting_fairly_likely_spawn","localization/russian/more_dragon_eggs_gamerules_l_russian.yml","65","Довольно часто"
"Translation","setting_very_likely_spawn","localization/russian/more_dragon_eggs_gamerules_l_russian.yml","66","Очень часто"
"Translation","setting_absolute_spawn","localization/russian/more_dragon_eggs_gamerules_l_russian.yml","67","Гарантировано"
"Translation","setting_no_spawns_desc","localization/russian/more_dragon_eggs_gamerules_l_russian.yml","69","Драконьи яйца нельзя будет найти на карте: ни в местах, связанных с драконами, ни в Винтерфелле, ни через решения вроде «Дня на Драконьем Камне», бегства в Летний замок или восстановления Летнего замка."
"Translation","setting_extremely_unlikely_spawn_desc","localization/russian/more_dragon_eggs_gamerules_l_russian.yml","70","~1/1200 шанс для любого персонажа (включая ИИ, если он не отключён) получить драконьи яйца через локации или решения."
"Translation","setting_very_unlikely_spawn_desc","localization/russian/more_dragon_eggs_gamerules_l_russian.yml","71","~1/600 шанс для любого персонажа (включая ИИ, если он не отключён) получить драконьи яйца через локации или решения."
"Translation","setting_normal_unlikely_spawn_desc","localization/russian/more_dragon_eggs_gamerules_l_russian.yml","72","~1/300 шанс для любого персонажа (включая ИИ, если он не отключён) получить драконьи яйца через локации или решения. Это стандартный шанс AGOT."
"Translation","setting_fairly_likely_spawn_desc","localization/russian/more_dragon_eggs_gamerules_l_russian.yml","73","~1/50 шанс для любого персонажа (включая ИИ, если он не отключён) получить драконьи яйца через локации или решения."
"Translation","setting_very_likely_spawn_desc","localization/russian/more_dragon_eggs_gamerules_l_russian.yml","74","~75% шанс для любого персонажа (включая ИИ, если он не отключён) получить драконьи яйца через локации или решения. Яйца будут быстро разобраны; если ИИ может их получать, рекомендуется отключить яйца Драконьего Камня."
"Translation","setting_absolute_spawn_desc","localization/russian/more_dragon_eggs_gamerules_l_russian.yml","75","Первый посетитель соответствующих локаций или первый персонаж, принявший нужные решения, гарантированно получит драконьи яйца. Отключите яйца Драконьего Камня, иначе их станет слишком много."
"Translation","rule_spawn_cannibal_egg","localization/russian/more_dragon_eggs_gamerules_l_russian.yml","77","@mde_icon!@wildfire_dragon_egg_icon!Яйцо Каннибала"
"Translation","setting_spawn_cannibal_egg_enabled","localization/russian/more_dragon_eggs_gamerules_l_russian.yml","78","Включено"
"Translation","setting_spawn_cannibal_egg_disabled","localization/russian/more_dragon_eggs_gamerules_l_russian.yml","79","Отключено"
"Translation","setting_spawn_cannibal_egg_enabled_desc","localization/russian/more_dragon_eggs_gamerules_l_russian.yml","81","Яйцо потомка Каннибала можно найти во время путешествия на Скагос."
"Translation","setting_spawn_cannibal_egg_disabled_desc","localization/russian/more_dragon_eggs_gamerules_l_russian.yml","82","Событие о драконьих знаниях на Скагосе останется, но драконье яйцо в нём больше не появится."
"Translation","rule_spawn_sheepstealer_egg","localization/russian/more_dragon_eggs_gamerules_l_russian.yml","84","@mde_icon!@brown_dragon_egg_icon!Яйцо Овцекрада"
"Translation","setting_spawn_sheepstealer_egg_enabled","localization/russian/more_dragon_eggs_gamerules_l_russian.yml","85","Включено"
"Translation","setting_spawn_sheepstealer_egg_disabled","localization/russian/more_dragon_eggs_gamerules_l_russian.yml","86","Отключено"
"Translation","setting_spawn_sheepstealer_egg_enabled_desc","localization/russian/more_dragon_eggs_gamerules_l_russian.yml","88","Яйцо потомка Овцекрада можно найти во время путешествия по Лунным горам."
"Translation","setting_spawn_sheepstealer_egg_disabled_desc","localization/russian/more_dragon_eggs_gamerules_l_russian.yml","89","Событие о драконьих знаниях в Долине останется, но драконье яйцо в нём больше не появится."
"Translation","rule_spawn_vhagar_egg","localization/russian/more_dragon_eggs_gamerules_l_russian.yml","91","@mde_icon!@vhagar_dragon_egg_icon!Яйцо Вхагар"
"Translation","setting_spawn_vhagar_egg_enabled","localization/russian/more_dragon_eggs_gamerules_l_russian.yml","92","Включено"
"Translation","setting_spawn_vhagar_egg_disabled","localization/russian/more_dragon_eggs_gamerules_l_russian.yml","93","Отключено"
"Translation","setting_spawn_vhagar_egg_enabled_desc","localization/russian/more_dragon_eggs_gamerules_l_russian.yml","95","Яйцо потомка Вхагар можно найти в Харренхолле."
"Translation","setting_spawn_vhagar_egg_disabled_desc","localization/russian/more_dragon_eggs_gamerules_l_russian.yml","96","Событие о драконьих знаниях в Харренхолле останется, но драконье яйцо в нём больше не появится."
"Translation","rule_spawn_moondancer_egg","localization/russian/more_dragon_eggs_gamerules_l_russian.yml","98","@mde_icon!@palebluepink_dragon_egg_icon!Яйцо Лунной Плясуньи"
"Translation","setting_spawn_moondancer_egg_enabled","localization/russian/more_dragon_eggs_gamerules_l_russian.yml","99","Включено"
"Translation","setting_spawn_moondancer_egg_disabled","localization/russian/more_dragon_eggs_gamerules_l_russian.yml","100","Отключено"
"Translation","setting_spawn_moondancer_egg_enabled_desc","localization/russian/more_dragon_eggs_gamerules_l_russian.yml","102","Яйцо потомка Лунной Плясуньи можно найти во время путешествия к руинам Спайстауна."
"Translation","setting_spawn_moondancer_egg_disabled_desc","localization/russian/more_dragon_eggs_gamerules_l_russian.yml","103","Событие о драконьих знаниях в руинах Спайстауна останется, но драконье яйцо в нём больше не появится."
"Translation","rule_spawn_nagga_egg","localization/russian/more_dragon_eggs_gamerules_l_russian.yml","105","@mde_icon!@darkblue_dragon_egg_icon!Яйцо Нагги"
"Translation","setting_spawn_nagga_egg_enabled","localization/russian/more_dragon_eggs_gamerules_l_russian.yml","106","Включено"
"Translation","setting_spawn_nagga_egg_disabled","localization/russian/more_dragon_eggs_gamerules_l_russian.yml","107","Отключено"
"Translation","setting_spawn_nagga_egg_enabled_desc","localization/russian/more_dragon_eggs_gamerules_l_russian.yml","109","Яйцо потомка Нагги можно найти во время путешествия к холму Нагги."
"Translation","setting_spawn_nagga_egg_disabled_desc","localization/russian/more_dragon_eggs_gamerules_l_russian.yml","110","Событие о драконьих знаниях на холме Нагги останется, но драконье яйцо в нём больше не появится."
"Translation","rule_spawn_meraxes_egg","localization/russian/more_dragon_eggs_gamerules_l_russian.yml","112","@mde_icon!@whitegold_dragon_egg_icon!Яйцо Мераксес"
"Translation","setting_spawn_meraxes_egg_enabled","localization/russian/more_dragon_eggs_gamerules_l_russian.yml","113","Включено"
"Translation","setting_spawn_meraxes_egg_disabled","localization/russian/more_dragon_eggs_gamerules_l_russian.yml","114","Отключено"
"Translation","setting_spawn_meraxes_egg_enabled_desc","localization/russian/more_dragon_eggs_gamerules_l_russian.yml","116","Яйцо потомка Мераксес можно найти во время путешествия в Пекло."
"Translation","setting_spawn_meraxes_egg_disabled_desc","localization/russian/more_dragon_eggs_gamerules_l_russian.yml","117","Событие о драконьих знаниях в Пекле останется, но драконье яйцо в нём больше не появится."
"Translation","rule_spawn_pythax_egg","localization/russian/more_dragon_eggs_gamerules_l_russian.yml","119","@mde_icon!@darkpurple_dragon_egg_icon!Яйцо Питакса"
"Translation","setting_spawn_pythax_egg_enabled","localization/russian/more_dragon_eggs_gamerules_l_russian.yml","120","Включено"
"Translation","setting_spawn_pythax_egg_disabled","localization/russian/more_dragon_eggs_gamerules_l_russian.yml","121","Отключено"
"Translation","setting_spawn_pythax_egg_enabled_desc","localization/russian/more_dragon_eggs_gamerules_l_russian.yml","123","Яйцо потомка Питакса можно найти во время путешествия в южный Эссос."
"Translation","setting_spawn_pythax_egg_disabled_desc","localization/russian/more_dragon_eggs_gamerules_l_russian.yml","124","Событие о драконьих знаниях в южном Эссосе останется, но драконье яйцо в нём больше не появится."
"Translation","rule_spawn_vassarion_egg","localization/russian/more_dragon_eggs_gamerules_l_russian.yml","126","@mde_icon!@gold_dragon_egg_icon!Яйцо Вассариона"
"Translation","setting_spawn_vassarion_egg_enabled","localization/russian/more_dragon_eggs_gamerules_l_russian.yml","127","Включено"
"Translation","setting_spawn_vassarion_egg_disabled","localization/russian/more_dragon_eggs_gamerules_l_russian.yml","128","Отключено"
"Translation","setting_spawn_vassarion_egg_enabled_desc","localization/russian/more_dragon_eggs_gamerules_l_russian.yml","130","Яйцо потомка Вассариона можно найти во время путешествия в восточный Андалос."
"Translation","setting_spawn_vassarion_egg_disabled_desc","localization/russian/more_dragon_eggs_gamerules_l_russian.yml","131","Событие о драконьих знаниях в восточном Андалосе останется, но драконье яйцо в нём больше не появится."
"Translation","rule_spawn_hightower_egg","localization/russian/more_dragon_eggs_gamerules_l_russian.yml","133","@mde_icon!@blue_dragon_egg_icon!Яйцо Хайтауэров"
"Translation","setting_spawn_hightower_egg_secret","localization/russian/more_dragon_eggs_gamerules_l_russian.yml","134","Включено — тайна"
"Translation","setting_spawn_hightower_egg_enabled","localization/russian/more_dragon_eggs_gamerules_l_russian.yml","135","Включено"
"Translation","setting_spawn_hightower_egg_disabled","localization/russian/more_dragon_eggs_gamerules_l_russian.yml","136","Отключено"
"Translation","setting_spawn_hightower_egg_secret_desc","localization/russian/more_dragon_eggs_gamerules_l_russian.yml","138","Хайтауэры начнут игру со скрытой тайной артефакта, которую можно раскрыть как драконье яйцо, связанное с Тессарион и Морским Дымом."
"Translation","setting_spawn_hightower_egg_enabled_desc","localization/russian/more_dragon_eggs_gamerules_l_russian.yml","139","Яйцо, связанное с Тессарион и Морским Дымом, находится у владельца Высокой башни при старте игры."
"Translation","setting_spawn_hightower_egg_disabled_desc","localization/russian/more_dragon_eggs_gamerules_l_russian.yml","140","Хайтауэры не начнут игру с драконьим яйцом."
"Translation","rule_spawn_dragonstone_eggs","localization/russian/more_dragon_eggs_gamerules_l_russian.yml","142","@mde_icon!@rainbow_dragon_egg_icon!Яйца Драконьего Камня"
"Translation","setting_spawn_dragonstone_eggs_enabled","localization/russian/more_dragon_eggs_gamerules_l_russian.yml","144","Включено"
"Translation","setting_spawn_dragonstone_eggs_disabled","localization/russian/more_dragon_eggs_gamerules_l_russian.yml","145","Отключено"
"Translation","setting_spawn_dragonstone_eggs_enabled_desc","localization/russian/more_dragon_eggs_gamerules_l_russian.yml","147","Яйца Нессариона, Мераксес, Вхагар, Ртути, Пламенной Мечты, Мелеис, Среброкрылой, Вермитора, Сиракс и Караксеса можно найти на Драконьем Камне."
"Translation","setting_spawn_dragonstone_eggs_disabled_desc","localization/russian/more_dragon_eggs_gamerules_l_russian.yml","148","Событие о драконьих знаниях на Драконьем Камне останется, но обычное посещение больше не будет создавать драконье яйцо. Событие «День на Драконьем Камне» и вдохновения авантюристов на Драконьем Камне останутся без изменений."
"Translation","rule_can_ai_get_eggs","localization/russian/more_dragon_eggs_gamerules_l_russian.yml","150","@mde_icon!@iceFire_dragon_egg_icon!ИИ может получать яйца"
"Translation","setting_ai_can_get_eggs","localization/russian/more_dragon_eggs_gamerules_l_russian.yml","151","Включено"
"Translation","setting_ai_can_not_get_eggs","localization/russian/more_dragon_eggs_gamerules_l_russian.yml","152","Отключено"
"Translation","setting_ai_can_get_eggs_desc","localization/russian/more_dragon_eggs_gamerules_l_russian.yml","154","Персонажи ИИ смогут получать драконьи яйца через путешествия, решения и другие источники — так же, как игрок."
"Translation","setting_ai_can_not_get_eggs_desc","localization/russian/more_dragon_eggs_gamerules_l_russian.yml","155","Только игроки смогут получать драконьи яйца любыми способами. Должно работать в мультиплеере; если нет — сообщите в Steam."
"Translation","rule_can_ai_get_dragonstone_eggs","localization/russian/more_dragon_eggs_gamerules_l_russian.yml","157","@mde_icon!@rainbow_dragon_egg_icon!ИИ может получать яйца с Драконьего Камня"
"Translation","setting_ai_can_get_dragonstone_eggs","localization/russian/more_dragon_eggs_gamerules_l_russian.yml","158","Включено"
"Translation","setting_ai_can_not_get_dragonstone_eggs","localization/russian/more_dragon_eggs_gamerules_l_russian.yml","159","Отключено"
"Translation","setting_ai_can_get_dragonstone_eggs_desc","localization/russian/more_dragon_eggs_gamerules_l_russian.yml","161","ИИ сможет получать яйца на Драконьем Камне. Будьте готовы к потоку яиц!"
"Translation","setting_ai_can_not_get_dragonstone_eggs_desc","localization/russian/more_dragon_eggs_gamerules_l_russian.yml","162","Только игроки могут получать яйца на Драконьем Камне."
"Translation","rule_spawn_starting_eggs","localization/russian/more_dragon_eggs_gamerules_l_russian.yml","164","@mde_icon!@white_dragon_egg_icon!Стартовые драконьи яйца"
"Translation","setting_spawn_starting_eggs_enabled","localization/russian/more_dragon_eggs_gamerules_l_russian.yml","165","Включено"
"Translation","setting_spawn_starting_eggs_disabled","localization/russian/more_dragon_eggs_gamerules_l_russian.yml","166","Отключено"
"Translation","setting_spawn_starting_eggs_enabled_desc","localization/russian/more_dragon_eggs_gamerules_l_russian.yml","168","Персонажи начнут игру с драконьими яйцами, соответствующими лору."
"Translation","setting_spawn_starting_eggs_disabled_desc","localization/russian/more_dragon_eggs_gamerules_l_russian.yml","169","Персонажи не начнут игру с драконьими яйцами, соответствующими лору."
"Translation","rule_can_cradle_eggs_fail","localization/russian/more_dragon_eggs_gamerules_l_russian.yml","171","@mde_icon!@white_dragon_egg_icon!Яйца в колыбели могут испортиться"
"Translation","setting_can_cradle_eggs_fail_yes","localization/russian/more_dragon_eggs_gamerules_l_russian.yml","172","Да"
"Translation","setting_can_cradle_eggs_fail_no","localization/russian/more_dragon_eggs_gamerules_l_russian.yml","173","Нет"
"Translation","setting_can_cradle_eggs_fail_yes_desc","localization/russian/more_dragon_eggs_gamerules_l_russian.yml","175","Яйца, положенные в детскую колыбель, могут оказаться порчеными."
"Translation","setting_can_cradle_eggs_fail_no_desc","localization/russian/more_dragon_eggs_gamerules_l_russian.yml","176","Яйца, положенные в детскую колыбель, рано или поздно всегда дадут дракона."
"Translation","rule_can_ai_cradle_dragon_eggs","localization/russian/more_dragon_eggs_gamerules_l_russian.yml","178","@mde_icon!@white_dragon_egg_icon!ИИ может класть драконьи яйца в колыбели"
"Translation","setting_can_ai_cradle_dragon_eggs_yes","localization/russian/more_dragon_eggs_gamerules_l_russian.yml","179","Да"
"Translation","setting_can_ai_cradle_dragon_eggs_no","localization/russian/more_dragon_eggs_gamerules_l_russian.yml","180","Нет"
"Translation","setting_can_ai_cradle_dragon_eggs_yes_desc","localization/russian/more_dragon_eggs_gamerules_l_russian.yml","182","ИИ будет класть драконьи яйца в детские колыбели."
"Translation","setting_can_ai_cradle_dragon_eggs_no_desc","localization/russian/more_dragon_eggs_gamerules_l_russian.yml","183","ИИ не будет использовать яйца в колыбелях."
"Translation","rule_cradle_egg_hatch_likelihood","localization/russian/more_dragon_eggs_gamerules_l_russian.yml","185","@mde_icon!@white_dragon_egg_icon!Вероятность выведения дракона из яйца"
"Translation","setting_cradle_egg_hatch_likelihood_rare","localization/russian/more_dragon_eggs_gamerules_l_russian.yml","186","Редко"
"Translation","setting_cradle_egg_hatch_likelihood_less_likely","localization/russian/more_dragon_eggs_gamerules_l_russian.yml","187","Менее вероятно"
"Translation","setting_cradle_egg_hatch_likelihood_default","localization/russian/more_dragon_eggs_gamerules_l_russian.yml","188","По умолчанию"
"Translation","setting_cradle_egg_hatch_likelihood_more_likely","localization/russian/more_dragon_eggs_gamerules_l_russian.yml","189","Более вероятно"
"Translation","setting_cradle_egg_hatch_likelihood_common","localization/russian/more_dragon_eggs_gamerules_l_russian.yml","190","Часто"
"Translation","setting_cradle_egg_hatch_likelihood_rare_desc","localization/russian/more_dragon_eggs_gamerules_l_russian.yml","192","Яйца в колыбелях и драконьих ямах почти никогда не дают драконов."
"Translation","setting_cradle_egg_hatch_likelihood_less_likely_desc","localization/russian/more_dragon_eggs_gamerules_l_russian.yml","193","Яйца в колыбелях и драконьих ямах дают драконов реже обычного."
"Translation","setting_cradle_egg_hatch_likelihood_default_desc","localization/russian/more_dragon_eggs_gamerules_l_russian.yml","194","Яйца в колыбелях и драконьих ямах используют стандартные шансы."
"Translation","setting_cradle_egg_hatch_likelihood_more_likely_desc","localization/russian/more_dragon_eggs_gamerules_l_russian.yml","195","Яйца в колыбелях и драконьих ямах дают драконов чаще обычного."
"Translation","setting_cradle_egg_hatch_likelihood_common_desc","localization/russian/more_dragon_eggs_gamerules_l_russian.yml","196","Яйца в колыбелях и драконьих ямах имеют высокий шанс успешно дать дракона."
"Translation","rule_canon_dragon_egg_hatch_likelihood","localization/russian/more_dragon_eggs_gamerules_l_russian.yml","198","@mde_icon!@white_dragon_egg_icon!Вероятность выведения канонических драконов из яиц"
"Translation","setting_canon_dragon_egg_hatch_likelihood_less_likely","localization/russian/more_dragon_eggs_gamerules_l_russian.yml","199","Менее вероятно"
"Translation","setting_canon_dragon_egg_hatch_likelihood_default","localization/russian/more_dragon_eggs_gamerules_l_russian.yml","200","По умолчанию"
"Translation","setting_canon_dragon_egg_hatch_likelihood_more_likely","localization/russian/more_dragon_eggs_gamerules_l_russian.yml","201","Более вероятно"
"Translation","setting_canon_dragon_egg_hatch_likelihood_common","localization/russian/more_dragon_eggs_gamerules_l_russian.yml","202","Часто"
"Translation","setting_canon_dragon_egg_hatch_likelihood_guaranteed","localization/russian/more_dragon_eggs_gamerules_l_russian.yml","203","Гарантировано"
"Translation","setting_canon_dragon_egg_hatch_likelihood_less_likely_desc","localization/russian/more_dragon_eggs_gamerules_l_russian.yml","205","Канонические драконьи яйца дают драконов реже обычного. Складывается с обычным правилом вероятности."
"Translation","setting_canon_dragon_egg_hatch_likelihood_default_desc","localization/russian/more_dragon_eggs_gamerules_l_russian.yml","206","Канонические драконьи яйца используют стандартные шансы. Складывается с обычным правилом вероятности."
"Translation","setting_canon_dragon_egg_hatch_likelihood_more_likely_desc","localization/russian/more_dragon_eggs_gamerules_l_russian.yml","207","Канонические драконьи яйца дают драконов чаще обычного. Складывается с обычным правилом вероятности."
"Translation","setting_canon_dragon_egg_hatch_likelihood_common_desc","localization/russian/more_dragon_eggs_gamerules_l_russian.yml","208","Канонические драконьи яйца имеют высокий шанс успешно дать дракона. Складывается с обычным правилом вероятности."
"Translation","setting_canon_dragon_egg_hatch_likelihood_guaranteed_desc","localization/russian/more_dragon_eggs_gamerules_l_russian.yml","209","Канонические драконьи яйца всегда дают драконов."
"Translation","rule_dragon_egg_clutch_size","localization/russian/more_dragon_eggs_gamerules_l_russian.yml","211","@mde_icon!@dragon_icon!@white_dragon_egg_icon!Размер кладки драконьих яиц"
"Translation","setting_dragon_egg_clutch_size_default","localization/russian/more_dragon_eggs_gamerules_l_russian.yml","212","По умолчанию"
"Translation","setting_dragon_egg_clutch_size_plus_one","localization/russian/more_dragon_eggs_gamerules_l_russian.yml","213","+1"
"Translation","setting_dragon_egg_clutch_size_plus_two","localization/russian/more_dragon_eggs_gamerules_l_russian.yml","214","+2"
"Translation","setting_dragon_egg_clutch_size_plus_three","localization/russian/more_dragon_eggs_gamerules_l_russian.yml","215","+3"
"Translation","setting_dragon_egg_clutch_size_default_desc","localization/russian/more_dragon_eggs_gamerules_l_russian.yml","217","Драконы откладывают стандартное количество яиц за кладку."
"Translation","setting_dragon_egg_clutch_size_plus_one_desc","localization/russian/more_dragon_eggs_gamerules_l_russian.yml","218","Драконы откладывают +1 яйцо за кладку. Суммируется с плодовитостью."
"Translation","setting_dragon_egg_clutch_size_plus_two_desc","localization/russian/more_dragon_eggs_gamerules_l_russian.yml","219","Драконы откладывают +2 яйца за кладку. Суммируется с плодовитостью."
"Translation","setting_dragon_egg_clutch_size_plus_three_desc","localization/russian/more_dragon_eggs_gamerules_l_russian.yml","220","Драконы откладывают +3 яйца за кладку. Суммируется с плодовитостью."
"Translation","rule_dragon_egg_clutch_frequency","localization/russian/more_dragon_eggs_gamerules_l_russian.yml","222","@mde_icon!@dragon_icon!@white_dragon_egg_icon!Частота кладок у драконов игрока"
"Translation","setting_dragon_egg_clutch_frequency_less_likely","localization/russian/more_dragon_eggs_gamerules_l_russian.yml","223","Менее вероятно"
"Translation","setting_dragon_egg_clutch_frequency_default","localization/russian/more_dragon_eggs_gamerules_l_russian.yml","224","По умолчанию"
"Translation","setting_dragon_egg_clutch_frequency_more_likely","localization/russian/more_dragon_eggs_gamerules_l_russian.yml","225","Более вероятно"
"Translation","setting_dragon_egg_clutch_frequency_common","localization/russian/more_dragon_eggs_gamerules_l_russian.yml","226","Часто"
"Translation","setting_dragon_egg_clutch_frequency_less_likely_desc","localization/russian/more_dragon_eggs_gamerules_l_russian.yml","228","Драконы реже откладывают кладки."
"Translation","setting_dragon_egg_clutch_frequency_default_desc","localization/russian/more_dragon_eggs_gamerules_l_russian.yml","229","Стандартная вероятность кладок."
"Translation","setting_dragon_egg_clutch_frequency_more_likely_desc","localization/russian/more_dragon_eggs_gamerules_l_russian.yml","230","Драконы чаще откладывают кладки."
"Translation","setting_dragon_egg_clutch_frequency_common_desc","localization/russian/more_dragon_eggs_gamerules_l_russian.yml","231","Драконы часто откладывают кладки."
"Translation","rule_dragon_egg_clutch_frequency_ai","localization/russian/more_dragon_eggs_gamerules_l_russian.yml","233","@mde_icon!@dragon_icon!@white_dragon_egg_icon!Частота кладок у драконов ИИ"
"Translation","setting_dragon_egg_clutch_frequency_less_likely_ai","localization/russian/more_dragon_eggs_gamerules_l_russian.yml","234","Менее вероятно"
"Translation","setting_dragon_egg_clutch_frequency_default_ai","localization/russian/more_dragon_eggs_gamerules_l_russian.yml","235","По умолчанию"
"Translation","setting_dragon_egg_clutch_frequency_more_likely_ai","localization/russian/more_dragon_eggs_gamerules_l_russian.yml","236","Более вероятно"
"Translation","setting_dragon_egg_clutch_frequency_common_ai","localization/russian/more_dragon_eggs_gamerules_l_russian.yml","237","Часто"
"Translation","setting_dragon_egg_clutch_frequency_less_likely_ai_desc","localization/russian/more_dragon_eggs_gamerules_l_russian.yml","239","Драконы реже откладывают кладки."
"Translation","setting_dragon_egg_clutch_frequency_default_ai_desc","localization/russian/more_dragon_eggs_gamerules_l_russian.yml","240","Стандартная вероятность кладок."
"Translation","setting_dragon_egg_clutch_frequency_more_likely_ai_desc","localization/russian/more_dragon_eggs_gamerules_l_russian.yml","241","Драконы чаще откладывают кладки."
"Translation","setting_dragon_egg_clutch_frequency_common_ai_desc","localization/russian/more_dragon_eggs_gamerules_l_russian.yml","242","Драконы часто откладывают кладки."
"Translation","rule_canon_dragon_egg_clutch_spawns","localization/russian/more_dragon_eggs_gamerules_l_russian.yml","244","@mde_icon!@dragon_icon!@white_dragon_egg_icon!Канонические кладки драконьих яиц"
"Translation","setting_canon_dragon_egg_clutch_spawns_no","localization/russian/more_dragon_eggs_gamerules_l_russian.yml","245","Нет"
"Translation","setting_canon_dragon_egg_clutch_spawns_canon_only","localization/russian/more_dragon_eggs_gamerules_l_russian.yml","246","Только канонические"
"Translation","setting_canon_dragon_egg_clutch_spawns_all","localization/russian/more_dragon_eggs_gamerules_l_russian.yml","247","Все"
"Translation","setting_canon_dragon_egg_clutch_spawns_no_desc","localization/russian/more_dragon_eggs_gamerules_l_russian.yml","249","Канонические кладки драконьих яиц не будут отложены."
"Translation","setting_canon_dragon_egg_clutch_spawns_canon_only_desc","localization/russian/more_dragon_eggs_gamerules_l_russian.yml","250","Будут отложены только кладки с драконьими яйцами, существующими в каноне (например, без Ночного Пламени)."
"Translation","setting_canon_dragon_egg_clutch_spawns_all_desc","localization/russian/more_dragon_eggs_gamerules_l_russian.yml","251","Будут отложены все возможные канонические кладки драконьих яиц."
"Translation","rule_canon_dragon_egg_clutch_blocker","localization/russian/more_dragon_eggs_gamerules_l_russian.yml","253","@mde_icon!@dragon_icon!@white_dragon_egg_icon!Блокировка канонических кладок драконьих яиц"
"Translation","setting_canon_dragon_egg_clutch_blocker_yes","localization/russian/more_dragon_eggs_gamerules_l_russian.yml","254","Да"
"Translation","setting_canon_dragon_egg_clutch_blocker_no","localization/russian/more_dragon_eggs_gamerules_l_russian.yml","255","Нет"
"Translation","setting_canon_dragon_egg_clutch_blocker_yes_desc","localization/russian/more_dragon_eggs_gamerules_l_russian.yml","257","Драконы, у которых скоро должна появиться каноническая кладка драконьих яиц, не смогут откладывать другие кладки."
"Translation","setting_canon_dragon_egg_clutch_blocker_no_desc","localization/russian/more_dragon_eggs_gamerules_l_russian.yml","258","Драконы, у которых скоро должна появиться каноническая кладка драконьих яиц, смогут откладывать другие кладки."
"Translation","rule_dragon_gene_frequency","localization/russian/more_dragon_eggs_gamerules_l_russian.yml","260","@mde_icon!@dragon_icon!Частота генетических черт у драконов"
"Translation","setting_dragon_gene_frequency_less_likely","localization/russian/more_dragon_eggs_gamerules_l_russian.yml","261","Менее вероятно"
"Translation","setting_dragon_gene_frequency_default","localization/russian/more_dragon_eggs_gamerules_l_russian.yml","262","По умолчанию"
"Translation","setting_dragon_gene_frequency_more_likely","localization/russian/more_dragon_eggs_gamerules_l_russian.yml","263","Более вероятно"
"Translation","setting_dragon_gene_frequency_common","localization/russian/more_dragon_eggs_gamerules_l_russian.yml","264","Очень часто"
"Translation","setting_dragon_gene_frequency_less_likely_desc","localization/russian/more_dragon_eggs_gamerules_l_russian.yml","266","У драконов реже проявляются генетические черты."
"Translation","setting_dragon_gene_frequency_default_desc","localization/russian/more_dragon_eggs_gamerules_l_russian.yml","267","Стандартные шансы появления генетических черт."
"Translation","setting_dragon_gene_frequency_more_likely_desc","localization/russian/more_dragon_eggs_gamerules_l_russian.yml","268","У драконов чаще проявляются генетические черты."
"Translation","setting_dragon_gene_frequency_common_desc","localization/russian/more_dragon_eggs_gamerules_l_russian.yml","269","Генетические черты у драконов появляются очень часто."
"Translation","rule_dragon_gene_frequency_naughty_or_nice","localization/russian/more_dragon_eggs_gamerules_l_russian.yml","271","@mde_icon!@dragon_icon!Какие генетические черты затрагивает правило"
"Translation","setting_dragon_gene_frequency_naughty_or_nice_negative","localization/russian/more_dragon_eggs_gamerules_l_russian.yml","272","Отрицательные"
"Translation","setting_dragon_gene_frequency_naughty_or_nice_both","localization/russian/more_dragon_eggs_gamerules_l_russian.yml","273","Все"
"Translation","setting_dragon_gene_frequency_naughty_or_nice_positive","localization/russian/more_dragon_eggs_gamerules_l_russian.yml","274","Положительные"
"Translation","setting_dragon_gene_frequency_naughty_or_nice_negative_desc","localization/russian/more_dragon_eggs_gamerules_l_russian.yml","276","Правило частоты генетических черт драконов применяется только к отрицательным чертам."
"Translation","setting_dragon_gene_frequency_naughty_or_nice_both_desc","localization/russian/more_dragon_eggs_gamerules_l_russian.yml","277","Правило частоты генетических черт драконов применяется ко всем чертам."
"Translation","setting_dragon_gene_frequency_naughty_or_nice_positive_desc","localization/russian/more_dragon_eggs_gamerules_l_russian.yml","278","Правило частоты генетических черт драконов применяется только к положительным чертам."
"Translation","rule_cannibal_instinct_odds","localization/russian/more_dragon_eggs_gamerules_l_russian.yml","280","@mde_icon!@dragon_icon!Шансы события «Инстинкт Каннибала»"
"Translation","setting_cannibal_instinct_odds_never","localization/russian/more_dragon_eggs_gamerules_l_russian.yml","281","Никогда"
"Translation","setting_cannibal_instinct_odds_rare","localization/russian/more_dragon_eggs_gamerules_l_russian.yml","282","Редко"
"Translation","setting_cannibal_instinct_odds_unlikely","localization/russian/more_dragon_eggs_gamerules_l_russian.yml","283","Маловероятно"
"Translation","setting_cannibal_instinct_odds_default","localization/russian/more_dragon_eggs_gamerules_l_russian.yml","284","По умолчанию"
"Translation","setting_cannibal_instinct_odds_likely","localization/russian/more_dragon_eggs_gamerules_l_russian.yml","285","Вероятно"
"Translation","setting_cannibal_instinct_odds_high","localization/russian/more_dragon_eggs_gamerules_l_russian.yml","286","Очень вероятно"
"Translation","setting_cannibal_instinct_odds_never_desc","localization/russian/more_dragon_eggs_gamerules_l_russian.yml","288","Событие «Инстинкт Каннибала» никогда не произойдёт."
"Translation","setting_cannibal_instinct_odds_rare_desc","localization/russian/more_dragon_eggs_gamerules_l_russian.yml","289","Событие «Инстинкт Каннибала» будет происходить крайне редко."
"Translation","setting_cannibal_instinct_odds_unlikely_desc","localization/russian/more_dragon_eggs_gamerules_l_russian.yml","290","Событие «Инстинкт Каннибала» маловероятно."
"Translation","setting_cannibal_instinct_odds_default_desc","localization/russian/more_dragon_eggs_gamerules_l_russian.yml","291","Стандартная вероятность срабатывания события."
"Translation","setting_cannibal_instinct_odds_likely_desc","localization/russian/more_dragon_eggs_gamerules_l_russian.yml","292","Событие «Инстинкт Каннибала» вероятно."
"Translation","setting_cannibal_instinct_odds_high_desc","localization/russian/more_dragon_eggs_gamerules_l_russian.yml","293","Событие «Инстинкт Каннибала» будет происходить очень часто."
"Translation","rule_ride_dragon_decision_cooldown","localization/russian/more_dragon_eggs_gamerules_l_russian.yml","295","@mde_icon!@dragon_icon!Задержка решения «Оседлать дракона»"
"Translation","setting_ride_dragon_decision_cooldown_three_months","localization/russian/more_dragon_eggs_gamerules_l_russian.yml","296","3 месяца"
"Translation","setting_ride_dragon_decision_cooldown_six_months","localization/russian/more_dragon_eggs_gamerules_l_russian.yml","297","6 месяцев"
"Translation","setting_ride_dragon_decision_cooldown_nine_months","localization/russian/more_dragon_eggs_gamerules_l_russian.yml","298","9 месяцев"
"Translation","setting_ride_dragon_decision_cooldown_one_year","localization/russian/more_dragon_eggs_gamerules_l_russian.yml","299","1 год"
"Translation","setting_ride_dragon_decision_cooldown_two_years","localization/russian/more_dragon_eggs_gamerules_l_russian.yml","300","2 года"
"Translation","setting_ride_dragon_decision_cooldown_default","localization/russian/more_dragon_eggs_gamerules_l_russian.yml","301","3 года"
"Translation","setting_ride_dragon_decision_cooldown_four_years","localization/russian/more_dragon_eggs_gamerules_l_russian.yml","302","4 года"
"Translation","setting_ride_dragon_decision_cooldown_five_years_hash_avoid","localization/russian/more_dragon_eggs_gamerules_l_russian.yml","303","5 лет"
"Translation","setting_ride_dragon_decision_cooldown_three_months_desc","localization/russian/more_dragon_eggs_gamerules_l_russian.yml","305","Задержка перед повторным использованием решения «Оседлать дракона»."
"Translation","setting_ride_dragon_decision_cooldown_six_months_desc","localization/russian/more_dragon_eggs_gamerules_l_russian.yml","306","Задержка перед повторным использованием решения «Оседлать дракона»."
"Translation","setting_ride_dragon_decision_cooldown_nine_months_desc","localization/russian/more_dragon_eggs_gamerules_l_russian.yml","307","Задержка перед повторным использованием решения «Оседлать дракона»."
"Translation","setting_ride_dragon_decision_cooldown_one_year_desc","localization/russian/more_dragon_eggs_gamerules_l_russian.yml","308","Задержка перед повторным использованием решения «Оседлать дракона»."
"Translation","setting_ride_dragon_decision_cooldown_two_years_desc","localization/russian/more_dragon_eggs_gamerules_l_russian.yml","309","Задержка перед повторным использованием решения «Оседлать дракона»."
"Translation","setting_ride_dragon_decision_cooldown_default_desc","localization/russian/more_dragon_eggs_gamerules_l_russian.yml","310","Задержка перед повторным использованием решения «Оседлать дракона»."
"Translation","setting_ride_dragon_decision_cooldown_four_years_desc","localization/russian/more_dragon_eggs_gamerules_l_russian.yml","311","Задержка перед повторным использованием решения «Оседлать дракона»."
"Translation","setting_ride_dragon_decision_cooldown_five_years_hash_avoid_desc","localization/russian/more_dragon_eggs_gamerules_l_russian.yml","315","Задержка перед повторным использованием решения «Оседлать дракона»."
"Translation","rule_capture_dragon_time_limit","localization/russian/more_dragon_eggs_gamerules_l_russian.yml","317","@mde_icon!@dragon_icon!Задержка поимки дракона"
"Translation","setting_capture_dragon_time_limit_none","localization/russian/more_dragon_eggs_gamerules_l_russian.yml","318","Без ограничений"
"Translation","setting_capture_dragon_time_limit_90_days","localization/russian/more_dragon_eggs_gamerules_l_russian.yml","319","90 дней"
"Translation","setting_capture_dragon_time_limit_182_days","localization/russian/more_dragon_eggs_gamerules_l_russian.yml","320","Полгода"
"Translation","setting_capture_dragon_time_limit_default","localization/russian/more_dragon_eggs_gamerules_l_russian.yml","321","Один год"
"Translation","setting_capture_dragon_time_limit_double","localization/russian/more_dragon_eggs_gamerules_l_russian.yml","322","Два года"
"Translation","setting_capture_dragon_time_limit_none_desc","localization/russian/more_dragon_eggs_gamerules_l_russian.yml","324","Поимка дракона доступна в любое время."
"Translation","setting_capture_dragon_time_limit_90_days_desc","localization/russian/more_dragon_eggs_gamerules_l_russian.yml","325","Поимка дракона доступна каждые 90 дней."
"Translation","setting_capture_dragon_time_limit_182_days_desc","localization/russian/more_dragon_eggs_gamerules_l_russian.yml","326","Поимка дракона доступна каждые полгода."
"Translation","setting_capture_dragon_time_limit_default_desc","localization/russian/more_dragon_eggs_gamerules_l_russian.yml","327","Поимка дракона доступна раз в год."
"Translation","setting_capture_dragon_time_limit_double_desc","localization/russian/more_dragon_eggs_gamerules_l_russian.yml","328","Поимка дракона доступна каждые два года."
"Translation","rule_summerhall_success_chance","localization/russian/more_dragon_eggs_gamerules_l_russian.yml","331","@mde_icon!Шанс успеха в Летнем замке"
"Translation","setting_summerhall_seven_wild","localization/russian/more_dragon_eggs_gamerules_l_russian.yml","332","7 диких драконов"
"Translation","setting_summerhall_guaranteed_all_seven","localization/russian/more_dragon_eggs_gamerules_l_russian.yml","333","Гарантированно 7 драконов"
"Translation","setting_summerhall_guaranteed","localization/russian/more_dragon_eggs_gamerules_l_russian.yml","334","Гарантировано"
"Translation","setting_summerhall_very_likely","localization/russian/more_dragon_eggs_gamerules_l_russian.yml","335","Очень вероятно"
"Translation","setting_summerhall_normal","localization/russian/more_dragon_eggs_gamerules_l_russian.yml","336","По умолчанию"
"Translation","setting_summerhall_not","localization/russian/more_dragon_eggs_gamerules_l_russian.yml","337","Неудача"
"Translation","setting_summerhall_seven_wild_desc","localization/russian/more_dragon_eggs_gamerules_l_russian.yml","339","Цепочка событий в Летнем замке приведёт к гибели Эйгона V и вылуплению семи диких драконов."
"Translation","setting_summerhall_guaranteed_all_seven_desc","localization/russian/more_dragon_eggs_gamerules_l_russian.yml","340","Цепочка событий в Летнем замке приведёт к появлению семи драконов у Эйгона V."
"Translation","setting_summerhall_guaranteed_desc","localization/russian/more_dragon_eggs_gamerules_l_russian.yml","341","Цепочка событий в Летнем замке гарантированно приведёт к появлению дракона или драконов."
"Translation","setting_summerhall_very_likely_desc","localization/russian/more_dragon_eggs_gamerules_l_russian.yml","342","~50% шанс появления дракона или драконов через события Летнего замка."
"Translation","setting_summerhall_normal_desc","localization/russian/more_dragon_eggs_gamerules_l_russian.yml","343","Стандартные шансы успеха и провала для событий Летнего замка."
"Translation","setting_summerhall_not_desc","localization/russian/more_dragon_eggs_gamerules_l_russian.yml","344","События в Летнем замке не приведут к возрождению драконов."
"Translation","rule_maelys_hatching_success_chance","localization/russian/more_dragon_eggs_gamerules_l_russian.yml","346","@mde_icon!Шанс успеха у Мейлиса"
"Translation","setting_maelys_guaranteed","localization/russian/more_dragon_eggs_gamerules_l_russian.yml","347","Гарантировано"
"Translation","setting_maelys_very_likely","localization/russian/more_dragon_eggs_gamerules_l_russian.yml","348","Очень вероятно"
"Translation","setting_maelys_normal","localization/russian/more_dragon_eggs_gamerules_l_russian.yml","349","По умолчанию"
"Translation","setting_maelys_not","localization/russian/more_dragon_eggs_gamerules_l_russian.yml","350","Неудача"
"Translation","setting_maelys_guaranteed_desc","localization/russian/more_dragon_eggs_gamerules_l_russian.yml","352","Цепочка событий с Мейлисом Ужасным гарантированно приведёт к появлению дракона или драконов."
"Translation","setting_maelys_very_likely_desc","localization/russian/more_dragon_eggs_gamerules_l_russian.yml","353","~50% шанс появления дракона или драконов через события Мейлиса."
"Translation","setting_maelys_normal_desc","localization/russian/more_dragon_eggs_gamerules_l_russian.yml","354","Стандартные шансы успеха и провала для событий Мейлиса."
"Translation","setting_maelys_not_desc","localization/russian/more_dragon_eggs_gamerules_l_russian.yml","355","События с Мейлисом не приведут к появлению драконов."
"Translation","rule_will_maelys_sacrifice","localization/russian/more_dragon_eggs_gamerules_l_russian.yml","357","@mde_icon!Пожертвует ли Мейлис сыном"
"Translation","setting_maelys_will","localization/russian/more_dragon_eggs_gamerules_l_russian.yml","358","Обязательно"
"Translation","setting_maelys_might","localization/russian/more_dragon_eggs_gamerules_l_russian.yml","359","Возможно"
"Translation","setting_maelys_wont","localization/russian/more_dragon_eggs_gamerules_l_russian.yml","360","Откажется"
"Translation","setting_maelys_will_desc","localization/russian/more_dragon_eggs_gamerules_l_russian.yml","362","Мейлис пожертвует сыном в попытке вывести дракона из яйца. Успех не гарантирован."
"Translation","setting_maelys_might_desc","localization/russian/more_dragon_eggs_gamerules_l_russian.yml","363","Мейлис может пожертвовать сыном в попытке вывести дракона из яйца. Успех не гарантирован."
"Translation","setting_maelys_wont_desc","localization/russian/more_dragon_eggs_gamerules_l_russian.yml","364","Мейлис не станет жертвовать сыном ради попытки вывести дракона."
"Translation","rule_targaryen_exile_success_chance","localization/russian/more_dragon_eggs_gamerules_l_russian.yml","366","@mde_icon!Шанс успеха изгнанников-Таргариенов@drogon_dragon_egg_icon!@tan_dragon_egg_icon!@vhagar_dragon_egg_icon!"
"Translation","setting_targaryen_exile_guaranteed","localization/russian/more_dragon_eggs_gamerules_l_russian.yml","367","Гарантировано"
"Translation","setting_targaryen_exile_very_likely","localization/russian/more_dragon_eggs_gamerules_l_russian.yml","368","Очень вероятно"
"Translation","setting_targaryen_exile_normal","localization/russian/more_dragon_eggs_gamerules_l_russian.yml","369","По умолчанию"
"Translation","setting_targaryen_exile_not","localization/russian/more_dragon_eggs_gamerules_l_russian.yml","370","Неудача"
"Translation","setting_targaryen_exile_guaranteed_desc","localization/russian/more_dragon_eggs_gamerules_l_russian.yml","372","Цепочка событий изгнанников-Таргариенов приведёт к появлению трёх драконов у Визериса или Дейенерис."
"Translation","setting_targaryen_exile_very_likely_desc","localization/russian/more_dragon_eggs_gamerules_l_russian.yml","373","Цепочка событий изгнанников-Таргариенов с высокой вероятностью приведёт к появлению трёх драконов у Визериса или Дейенерис."
"Translation","setting_targaryen_exile_normal_desc","localization/russian/more_dragon_eggs_gamerules_l_russian.yml","374","Цепочка событий изгнанников-Таргариенов использует стандартный шанс появления трёх драконов у Визериса или Дейенерис."
"Translation","setting_targaryen_exile_not_desc","localization/russian/more_dragon_eggs_gamerules_l_russian.yml","375","Цепочка событий изгнанников-Таргариенов не приведёт к появлению трёх драконов у Визериса или Дейенерис."
"Translation","rule_stepstone_invasion_frequency","localization/russian/more_dragon_eggs_gamerules_l_russian.yml","377","@mde_icon!Частота вторжений на Ступени"
"Translation","setting_stepstone_invasion_frequency_never","localization/russian/more_dragon_eggs_gamerules_l_russian.yml","378","Никогда"
"Translation","setting_stepstone_invasion_frequency_every_year","localization/russian/more_dragon_eggs_gamerules_l_russian.yml","379","Каждый год"
"Translation","setting_stepstone_invasion_frequency_every_5_years","localization/russian/more_dragon_eggs_gamerules_l_russian.yml","380","5 лет"
"Translation","setting_stepstone_invasion_frequency_every_10_years","localization/russian/more_dragon_eggs_gamerules_l_russian.yml","381","10 лет"
"Translation","setting_stepstone_invasion_frequency_every_20_years","localization/russian/more_dragon_eggs_gamerules_l_russian.yml","382","20 лет"
"Translation","setting_stepstone_invasion_frequency_every_50_years","localization/russian/more_dragon_eggs_gamerules_l_russian.yml","383","50 лет"
"Translation","setting_stepstone_invasion_frequency_never_desc","localization/russian/more_dragon_eggs_gamerules_l_russian.yml","385","Вторжения на Ступени происходить не будут."
"Translation","setting_stepstone_invasion_frequency_every_year_desc","localization/russian/more_dragon_eggs_gamerules_l_russian.yml","386","Вторжения на Ступени будут ежегодными."
"Translation","setting_stepstone_invasion_frequency_every_5_years_desc","localization/russian/more_dragon_eggs_gamerules_l_russian.yml","387","Вторжения на Ступени будут происходить каждые 5 лет — как в базовом AGOT."
"Translation","setting_stepstone_invasion_frequency_every_10_years_desc","localization/russian/more_dragon_eggs_gamerules_l_russian.yml","388","Вторжения на Ступени будут происходить каждые 10 лет."
"Translation","setting_stepstone_invasion_frequency_every_20_years_desc","localization/russian/more_dragon_eggs_gamerules_l_russian.yml","389","Вторжения на Ступени будут происходить каждые 20 лет."
"Translation","setting_stepstone_invasion_frequency_every_50_years_desc","localization/russian/more_dragon_eggs_gamerules_l_russian.yml","390","Вторжения на Ступени будут происходить каждые 50 лет."
"Translation","rule_can_children_be_landless","localization/russian/more_dragon_eggs_gamerules_l_russian.yml","392","@mde_icon!Дети как безземельные авантюристы"
"Translation","setting_can_children_be_landless_never","localization/russian/more_dragon_eggs_gamerules_l_russian.yml","393","Никогда"
"Translation","setting_can_children_be_landless_default","localization/russian/more_dragon_eggs_gamerules_l_russian.yml","394","По умолчанию"
"Translation","setting_can_children_be_landless_not_dragonrider","localization/russian/more_dragon_eggs_gamerules_l_russian.yml","395","Не наездники драконов"
"Translation","setting_can_children_be_landless_not_targaryen","localization/russian/more_dragon_eggs_gamerules_l_russian.yml","396","Не Таргариены"
"Translation","setting_can_children_be_landless_never_desc","localization/russian/more_dragon_eggs_gamerules_l_russian.yml","398","Событие наследования, превращающее случайного ребёнка в безземельного авантюриста, не будет происходить."
"Translation","setting_can_children_be_landless_default_desc","localization/russian/more_dragon_eggs_gamerules_l_russian.yml","399","Стандартные настройки игры для этого события."
"Translation","setting_can_children_be_landless_not_dragonrider_desc","localization/russian/more_dragon_eggs_gamerules_l_russian.yml","400","Наездники драконов не смогут стать безземельными авантюристами из-за этого события."
"Translation","setting_can_children_be_landless_not_targaryen_desc","localization/russian/more_dragon_eggs_gamerules_l_russian.yml","401","Члены дома Таргариенов не смогут стать безземельными авантюристами из-за этого события."
"Translation","rule_can_landless_steal","localization/russian/more_dragon_eggs_gamerules_l_russian.yml","403","@mde_icon!Кража артефактов безземельными авантюристами"
"Translation","setting_can_landless_steal_vanilla","localization/russian/more_dragon_eggs_gamerules_l_russian.yml","404","Базовый AGOT"
"Translation","setting_can_landless_steal_dragon_eggs","localization/russian/more_dragon_eggs_gamerules_l_russian.yml","405","Драконьи яйца"
"Translation","setting_can_landless_steal_valyrian_steel","localization/russian/more_dragon_eggs_gamerules_l_russian.yml","406","Валирийская сталь"
"Translation","setting_can_landless_steal_eggs_and_steel","localization/russian/more_dragon_eggs_gamerules_l_russian.yml","407","Драконьи яйца и валирийская сталь"
"Translation","setting_can_landless_steal_everything","localization/russian/more_dragon_eggs_gamerules_l_russian.yml","408","Базовый CK3"
"Translation","setting_can_landless_steal_vanilla_desc","localization/russian/more_dragon_eggs_gamerules_l_russian.yml","410","Правила кражи артефактов соответствуют базовой версии AGOT."
"Translation","setting_can_landless_steal_dragon_eggs_desc","localization/russian/more_dragon_eggs_gamerules_l_russian.yml","411","Безземельные авантюристы, нанявшие мастера-вора, дополнительно смогут красть драконьи яйца."
"Translation","setting_can_landless_steal_valyrian_steel_desc","localization/russian/more_dragon_eggs_gamerules_l_russian.yml","412","Безземельные авантюристы, нанявшие мастера-вора, дополнительно смогут красть предметы из валирийской стали."
"Translation","setting_can_landless_steal_eggs_and_steel_desc","localization/russian/more_dragon_eggs_gamerules_l_russian.yml","413","Безземельные авантюристы, нанявшие мастера-вора, дополнительно смогут красть драконьи яйца и предметы из валирийской стали."
"Translation","setting_can_landless_steal_everything_desc","localization/russian/more_dragon_eggs_gamerules_l_russian.yml","414","Правила кражи артефактов соответствуют базовому CK3."
"Translation","rule_enable_delete_dud_eggs_decision","localization/russian/more_dragon_eggs_gamerules_l_russian.yml","416","@mde_icon!Включить решение «Удалить порченые яйца»"
"Translation","setting_enable_delete_dud_eggs_decision_yes","localization/russian/more_dragon_eggs_gamerules_l_russian.yml","417","Включено"
"Translation","setting_enable_delete_dud_eggs_decision_no","localization/russian/more_dragon_eggs_gamerules_l_russian.yml","418","Отключено"
"Translation","setting_enable_delete_dud_eggs_decision_yes_desc","localization/russian/more_dragon_eggs_gamerules_l_russian.yml","420","Позволяет удалять все порченые яйца. Доступно только игроку. В мультиплеере лучше отключить."
"Translation","setting_enable_delete_dud_eggs_decision_no_desc","localization/russian/more_dragon_eggs_gamerules_l_russian.yml","421","Удаление порченых яиц будет невозможно."
"Translation","game_rule_category_mde","localization/russian/more_dragon_eggs_gamerules_l_russian.yml","423","@mde_icon!More Dragon Eggs"
"Translation","game_rule_category_mde_major","localization/russian/more_dragon_eggs_gamerules_l_russian.yml","424","More Dragon Eggs: основные правила"
"Translation","game_rule_category_hatching","localization/russian/more_dragon_eggs_gamerules_l_russian.yml","425","Церемонии вылупления"
"Translation","game_rule_category_egg","localization/russian/more_dragon_eggs_gamerules_l_russian.yml","426","Драконьи яйца"
"Translation","game_rule_category_dragonlore","localization/russian/more_dragon_eggs_gamerules_l_russian.yml","427","Драконьи знания"
"Translation","game_rule_category_scenario_modification","localization/russian/more_dragon_eggs_gamerules_l_russian.yml","428","Изменение сценария"
"Translation","game_rule_category_mde_misc","localization/russian/more_dragon_eggs_gamerules_l_russian.yml","429","More Dragon Eggs: прочие настройки"
"Translation","dragonpit_ruler_law","localization/russian/more_dragon_eggs_realm_laws_l_russian.yml","3","Только с разрешения"
"Translation","dragonpit_ruler_law_effects","localization/russian/more_dragon_eggs_realm_laws_l_russian.yml","4","[Concept('dragons_plural', 'Драконы')|E] в вашей [Concept('dragonpit', 'драконьей яме')|E] доступны только тем, кому вы дали разрешение."
"Translation","DRAGONPIT_RULER","localization/russian/more_dragon_eggs_realm_laws_l_russian.yml","5","Этот дракон находится в [Concept('dragonpit', 'драконьей яме')|E]; доступ к нему имеют только те, кто получил явное разрешение от владельца."
"Translation","egg_ruler_law","localization/russian/more_dragon_eggs_realm_laws_l_russian.yml","7","Только с разрешения"
"Translation","egg_ruler_law_effects","localization/russian/more_dragon_eggs_realm_laws_l_russian.yml","8","Драконьи яйца могут законно храниться только у тех, кому вы дали явное разрешение."
"Translation","egg_close_family_law","localization/russian/more_dragon_eggs_realm_laws_l_russian.yml","9","Только близкая семья"
"Translation","egg_close_family_law_effects","localization/russian/more_dragon_eggs_realm_laws_l_russian.yml","10","Драконьи яйца могут законно храниться только у членов вашей ближайшей семьи."
"Translation","egg_house_law","localization/russian/more_dragon_eggs_realm_laws_l_russian.yml","11","Только дом"
"Translation","egg_house_law_effects","localization/russian/more_dragon_eggs_realm_laws_l_russian.yml","12","Драконьи яйца могут законно храниться только у членов вашего дома."
"Translation","egg_dynasty_law","localization/russian/more_dragon_eggs_realm_laws_l_russian.yml","13","Только династия"
"Translation","egg_dynasty_law_effects","localization/russian/more_dragon_eggs_realm_laws_l_russian.yml","14","Драконьи яйца могут законно храниться только у членов вашей династии."
"Translation","egg_dragonrider_house_law","localization/russian/more_dragon_eggs_realm_laws_l_russian.yml","15","Только дома всадников драконов"
"Translation","egg_dragonrider_house_law_effects","localization/russian/more_dragon_eggs_realm_laws_l_russian.yml","16","Драконьи яйца могут законно храниться только у членов домов всадников драконов."
"Translation","egg_everyone_law","localization/russian/more_dragon_eggs_realm_laws_l_russian.yml","17","Все"
"Translation","egg_everyone_law_effects","localization/russian/more_dragon_eggs_realm_laws_l_russian.yml","18","Драконьи яйца могут законно храниться кем угодно."
"Translation","EGG_LAW_IS_ON_COOLDOWN","localization/russian/more_dragon_eggs_realm_laws_l_russian.yml","20","Вы недавно меняли законы о яйцах. Следующее изменение возможно после [GetCurrentDateWithDiff( GetVarTimeRemaining( CHARACTER.MakeScope, 'egg_law_cooldown') )]"
"Translation","k_the_sapphire_islands","localization/russian/more_dragon_eggs_titles_l_russian.yml","2","Сапфировые острова"
"Translation","k_the_sapphire_islands_adj","localization/russian/more_dragon_eggs_titles_l_russian.yml","3","Сапфирово-островск"
"Translation","d_dornish_islands","localization/russian/more_dragon_eggs_titles_l_russian.yml","4","Дорнийские острова"
"Translation","d_dornish_islands_adj","localization/russian/more_dragon_eggs_titles_l_russian.yml","5","Дорнийско-островск"
"Translation","nick_mde_dragonborn","localization/russian/more_dragon_eggs_titles_l_russian.yml","7","Драконорождённый"
"Translation","nick_mde_dragonborn_desc","localization/russian/more_dragon_eggs_titles_l_russian.yml","8","[CHARACTER.GetShortUINameNoTooltipNoFormat|U] [CharWereWas(CHARACTER)] рождён в ночь, ожившую от музыки драконов."
"Translation","mde_dragonlore_visit","localization/russian/more_dragon_eggs_travel_l_russian.yml","2","Посетил [province.Custom('DragonLocationsName')]"
"Translation","mde_dragonlore_visit.tt","localization/russian/more_dragon_eggs_travel_l_russian.yml","3","[province.Custom('DragonLocationsDesc')]"
"Translation","cannibal_lair_name","localization/russian/more_dragon_eggs_travel_l_russian.yml","5","Логово Каннибала"
"Translation","mountains_of_the_vale_name","localization/russian/more_dragon_eggs_travel_l_russian.yml","6","Лунные горы"
"Translation","cannibal_lair_desc","localization/russian/more_dragon_eggs_travel_l_russian.yml","8","Внутренние земли Скагоса считаются возможным убежищем дракона Каннибала, которого в последний раз видели летящим к этому острову, населённому каннибалами."
"Translation","mountains_of_the_vale_desc","localization/russian/more_dragon_eggs_travel_l_russian.yml","9","Эту область Лунных гор населяют горные кланы, которые, по слухам, поклонялись таинственной огненной ведьме."
"Translation","egg_button_manager_text","localization/russian/more_dragon_eggs_ui_l_russian.yml","2","Показать или скрыть кнопку драконьих яиц"
"Translation","dragonpit_button_manager_text","localization/russian/more_dragon_eggs_ui_l_russian.yml","3","Показать или скрыть кнопку драконьих ям"
"Translation","dragon_button_manager_text","localization/russian/more_dragon_eggs_ui_l_russian.yml","4","Показать или скрыть кнопку драконов"
"Translation","kingsguard_button_manager_text","localization/russian/more_dragon_eggs_ui_l_russian.yml","5","Показать или скрыть кнопку Королевской гвардии"
"Translation","valyrian_steel_button_manager_text","localization/russian/more_dragon_eggs_ui_l_russian.yml","6","Показать или скрыть кнопку валирийской стали"
"Translation","mde_is_lord_commander","localization/russian/more_dragon_eggs_ui_l_russian.yml","8","Лорд-командующий [Character.Custom('KingsguardName')]"
"Translation","mde_is_kingsguard","localization/russian/more_dragon_eggs_ui_l_russian.yml","9","[Character.Custom('KingsguardName')]"
"Translation","NO_DRAGONS_TOOLTIP","localization/russian/more_dragon_eggs_ui_l_russian.yml","11","@warning_icon! #X В мире нет живых драконов!#!"
"Translation","NO_EGG_TOOLTIP","localization/russian/more_dragon_eggs_ui_l_russian.yml","12","@warning_icon! #X В мире неизвестно ни одного драконьего яйца!#!"
"Translation","NO_DRAGONPITS_TOOLTIP","localization/russian/more_dragon_eggs_ui_l_russian.yml","13","@warning_icon! #X У вас нет доступа ни к одной действующей драконьей яме!#!"
"Translation","NO_KINGSGUARD_TOOLTIP","localization/russian/more_dragon_eggs_ui_l_russian.yml","14","@warning_icon! #X Королевская гвардия не существует!#!"
"Translation","NO_VALYRIAN_STEEL_TOOLTIP","localization/russian/more_dragon_eggs_ui_l_russian.yml","15","@warning_icon! #X В мире неизвестно ни одного изделия из валирийской стали!#!"
"Translation","SHOW_DRAGONPITS","localization/russian/more_dragon_eggs_ui_l_russian.yml","17","#T Показать драконьи ямы\n#!Показывает действующие [Concept('dragonpits', 'драконьи ямы')|E] и связанные с ними меню."
"Translation","SHOW_DRAGONS","localization/russian/more_dragon_eggs_ui_l_russian.yml","18","#T Показать драконов\n#!Показывает живых [Concept('dragons_plural', 'драконов')|E] и связанные с ними меню."
"Translation","SHOW_EGGS","localization/russian/more_dragon_eggs_ui_l_russian.yml","19","#T Показать драконьи яйца\n#!Показывает существующие [Concept('dragon', 'драконьи яйца')|E] и связанные с ними меню."
"Translation","SHOW_KINGSGUARD","localization/russian/more_dragon_eggs_ui_l_russian.yml","20","#T Показать Королевскую гвардию\n#!Показывает действующих членов Королевской гвардии и доступных кандидатов их сюзерену."
"Translation","SHOW_VALYRIAN_STEEL","localization/russian/more_dragon_eggs_ui_l_russian.yml","21","#T Показать валирийскую сталь\n#!Показывает существующие клинки и предметы из валирийской стали, а также их носителей и владельцев."
"Translation","INVITE_TO_KINGSGUARD_TT","localization/russian/more_dragon_eggs_ui_l_russian.yml","23","@icon_kingsguard!#clickable $invite_to_kingsguard_interaction$"
"Translation","mde_menu_events.0001.t","localization/russian/more_dragon_eggs_ui_l_russian.yml","25","Настройка кнопок"
"Translation","mde_menu_events.0001.a","localization/russian/more_dragon_eggs_ui_l_russian.yml","26","Закрыть"
"Translation","mde_menu_events.0001.desc","localization/russian/more_dragon_eggs_ui_l_russian.yml","27",""
"Translation","mde_menu_events.0002.t","localization/russian/more_dragon_eggs_ui_l_russian.yml","29","[GetPlayer.Custom('mde_temp_kingsguard_gender_title_switch')]"
"Translation","mde_menu_events.0002.desc","localization/russian/more_dragon_eggs_ui_l_russian.yml","30",""
"Translation","mde_menu_events.0003.t","localization/russian/more_dragon_eggs_ui_l_russian.yml","32","Валирийская сталь"
"Translation","mde_menu_events.0003.desc","localization/russian/more_dragon_eggs_ui_l_russian.yml","33",""
"Translation","mde_menu_events.0004.t","localization/russian/more_dragon_eggs_ui_l_russian.yml","35","Настройка кнопок"
"Translation","mde_menu_events.0004.a","localization/russian/more_dragon_eggs_ui_l_russian.yml","36","Закрыть"
"Translation","mde_menu_events.0004.desc","localization/russian/more_dragon_eggs_ui_l_russian.yml","37",""
"BuiltinRussian","demand_braavosi_eggs_decision","localization/replace/russian/mde_demand_egg_events_l_russian.yml","3","Требовать возврата украденных драконьих яиц"
"BuiltinRussian","demand_braavosi_eggs_decision_desc","localization/replace/russian/mde_demand_egg_events_l_russian.yml","4","Долгое время существование драконьих яиц в Вольных Городах было известно. Погашенные долги прошлого и сомнения в возможности вылупления этих яиц сохраняли статус-кво бездействия.\n\nНо угроза того, что может появиться другой дом, оседлавший драконов, пусть и маловероятная, слишком велика, чтобы закрывать на это глаза.\n\nХватит поддерживать иллюзию неведения! Мы официально потребуем возврата этих яиц под угрозой войны!\n\n@warning_icon!#X Мы сможем принять это решение только один раз за жизнь, даже если оно будет отменено!#!"
"BuiltinRussian","demand_braavosi_eggs_decision_confirm","localization/replace/russian/mde_demand_egg_events_l_russian.yml","5","Выдвинуть требование!"
"BuiltinRussian","demand_braavosi_eggs_decision_tooltip","localization/replace/russian/mde_demand_egg_events_l_russian.yml","6","Выдвинуть требование о возврате яиц из Вольных Городов"
"BuiltinRussian","mde_demand_egg_events.0001.t","localization/replace/russian/mde_demand_egg_events_l_russian.yml","8","[egg_taker.GetPrimaryTitle.GetNameNoTier] выдвигает ультиматум!"
"BuiltinRussian","mde_demand_egg_events.0001.desc","localization/replace/russian/mde_demand_egg_events_l_russian.yml","9","Великая кража [thief.GetFullName] стала печально известным событием. Стремясь построить корабль для плавания к Закатному Морю и не сумев получить его от подруги [rhaena.GetFullName], [thief.GetFullName] украла три яйца, отложенные [dreamfyre.GetName], и продала их морскому лорду Браавоса.\n\nХотя погашение долга Таргариенов морским лордом ранее сглаживало ситуацию, [egg_taker.GetFullName] выдвинул новое, ужасающее требование. Нам сообщили, что они знают о драконьих яйцах в наших владениях и готовы начать войну за них!"
"BuiltinRussian","mde_demand_egg_events.0001.a","localization/replace/russian/mde_demand_egg_events_l_russian.yml","10","Мы не можем рисковать войной, уступим требованию."
"BuiltinRussian","mde_demand_egg_events.0001.a.tt","localization/replace/russian/mde_demand_egg_events_l_russian.yml","11","Мы передадим драконьи яйца [egg_taker.GetFullName]:\n• [egg_drogon.GetName]\n• [egg_viserion.GetName]\n• [egg_rhaegal.GetName]"
"BuiltinRussian","mde_demand_egg_events.0001.b","localization/replace/russian/mde_demand_egg_events_l_russian.yml","12","Возможно, золото их убедит."
"BuiltinRussian","mde_demand_egg_events.0001.b.tt","localization/replace/russian/mde_demand_egg_events_l_russian.yml","13","Мы предложим [egg_taker.GetFullName] [gold_i]#emphasis $5000|V0$#! вместо яиц."
"BuiltinRussian","mde_demand_egg_events.0001.c","localization/replace/russian/mde_demand_egg_events_l_russian.yml","14","К черту угрозы, мы останемся непоколебимы."
"BuiltinRussian","mde_demand_egg_events.0001.c.tt","localization/replace/russian/mde_demand_egg_events_l_russian.yml","15","@warning_icon!#X [egg_taker.GetFullName] скорее всего объявит нам войну!#!"
"BuiltinRussian","mde_demand_egg_events.0002.t","localization/replace/russian/mde_demand_egg_events_l_russian.yml","17","Война за драконьи яйца!"
"BuiltinRussian","mde_demand_egg_events.0002.desc","localization/replace/russian/mde_demand_egg_events_l_russian.yml","18","[egg_target.GetFullName] отказался отдать нам принадлежащие нам драконьи яйца! Они также не предложили ничего равноценного взамен. Единственный оставшийся путь - собрать войска и начать войну.\n\nМы должны тщательно обдумать это. Достаточно ли у нас сил, чтобы покорить их, и стоит ли оно того?"
"BuiltinRussian","mde_demand_egg_events.0002.a","localization/replace/russian/mde_demand_egg_events_l_russian.yml","19","Яйца по праву наши! К оружию!"
"BuiltinRussian","mde_demand_egg_events.0002.b","localization/replace/russian/mde_demand_egg_events_l_russian.yml","20","Пусть яйца останутся у них..."
"BuiltinRussian","mde_demand_egg_events.0002.b.tt","localization/replace/russian/mde_demand_egg_events_l_russian.yml","21","@warning_icon!#X Мы потеряем наши претензии на яйца и не получим другого шанса потребовать их!#!"
"BuiltinRussian","mde_demand_egg_events.0003.t","localization/replace/russian/mde_demand_egg_events_l_russian.yml","23","Предложение золота"
"BuiltinRussian","mde_demand_egg_events.0003.desc","localization/replace/russian/mde_demand_egg_events_l_russian.yml","24","[egg_target.GetFullName] выслушал наши требования и предложил встречное предложение - огромную сумму золота в размере [gold_i]#emphasis $5000|V0$#!. Теперь нам предстоит решить, принесет ли это золото больше пользы, чем хлопоты по эскалации конфликта ради яиц."
"BuiltinRussian","mde_demand_egg_events.0003.a","localization/replace/russian/mde_demand_egg_events_l_russian.yml","25","В их руках они всего лишь камни, а золото - лучший камень..."
"BuiltinRussian","mde_demand_egg_events.0003.a.tt","localization/replace/russian/mde_demand_egg_events_l_russian.yml","26","Мы получим [gold_i]#emphasis $5000|V0$#!, а [egg_target.GetFullName] потеряет [gold_i]#emphasis $5000|V0$#!\n\n@warning_icon!#X Мы потеряем наши претензии на яйца и не получим другого шанса потребовать их!#!"
"BuiltinRussian","mde_demand_egg_events.0003.b","localization/replace/russian/mde_demand_egg_events_l_russian.yml","27","Что золото по сравнению с плотью, ставшей огнем!"
"BuiltinRussian","mde_demand_egg_events.0003.b.tt","localization/replace/russian/mde_demand_egg_events_l_russian.yml","28","Мы обдумаем эскалацию конфликта до войны!"
"BuiltinRussian","mde_demand_egg_events.0004.t","localization/replace/russian/mde_demand_egg_events_l_russian.yml","30","[egg_taker.GetNameNoTooltip] требует наше [egg_target.GetNameNoTooltip]!"
"BuiltinRussian","mde_demand_egg_events.0004.desc","localization/replace/russian/mde_demand_egg_events_l_russian.yml","31","[egg_taker.GetFullName] провозгласил, что наше [egg_target.GetName] по праву принадлежит ему по законам богов и людей!\n\nТакое требование представляет серьезную опасность и должно быть рассмотрено с величайшим вниманием. Мы можем уступить их требованию, предложить им значительную сумму золота в размере [gold_i]#emphasis $1500|V0$#! или рискнуть навлечь их гнев - будь то наш арест или объявление войны!"
"BuiltinRussian","mde_demand_egg_events.0004.a","localization/replace/russian/mde_demand_egg_events_l_russian.yml","32","[egg_taker.GetNameNoTooltip] представляет слишком большую угрозу, мы должны уступить."
"BuiltinRussian","mde_demand_egg_events.0004.a.tt","localization/replace/russian/mde_demand_egg_events_l_russian.yml","33","@warning_icon!#X Мы потеряем наше [egg_target.GetName]!#!"
"BuiltinRussian","mde_demand_egg_events.0004.b","localization/replace/russian/mde_demand_egg_events_l_russian.yml","34","Возможно, золото их убедит..."
"BuiltinRussian","mde_demand_egg_events.0004.c","localization/replace/russian/mde_demand_egg_events_l_russian.yml","35","К черту угрозы, мы останемся непоколебимы."
"BuiltinRussian","mde_demand_egg_events.0004.c.tt","localization/replace/russian/mde_demand_egg_events_l_russian.yml","36","@warning_icon!#X [egg_taker.GetFullName] скорее всего объявит нам войну или арестует нас!#!"
"BuiltinRussian","mde_demand_egg_events.0005.t","localization/replace/russian/mde_demand_egg_events_l_russian.yml","38","Предложение золота"
"BuiltinRussian","mde_demand_egg_events.0005.desc","localization/replace/russian/mde_demand_egg_events_l_russian.yml","39","[egg_victim.GetFullName] выслушал наши требования и предложил встречное предложение - огромную сумму золота в размере [gold_i]#emphasis $1500|V0$#!. Теперь нам предстоит решить, принесет ли это золото больше пользы, чем хлопоты по эскалации конфликта ради [egg_target.GetName]."
"BuiltinRussian","mde_demand_egg_events.0005.a","localization/replace/russian/mde_demand_egg_events_l_russian.yml","40","Это весьма значительная сумма золота..."
"BuiltinRussian","mde_demand_egg_events.0005.a.tt","localization/replace/russian/mde_demand_egg_events_l_russian.yml","41","@warning_icon!#X Мы потеряем наши претензии на яйца и не получим другого шанса потребовать их!#!"
"BuiltinRussian","mde_demand_egg_events.0005.b","localization/replace/russian/mde_demand_egg_events_l_russian.yml","42","Что золото по сравнению с плотью, ставшей огнем!"
"BuiltinRussian","mde_demand_egg_events.0005.b.tt","localization/replace/russian/mde_demand_egg_events_l_russian.yml","43","Мы обдумаем эскалацию конфликта до войны!"
"BuiltinRussian","mde_demand_egg_events.0006.t","localization/replace/russian/mde_demand_egg_events_l_russian.yml","45","Требования отклонены!"
"BuiltinRussian","mde_demand_egg_events.0006.desc","localization/replace/russian/mde_demand_egg_events_l_russian.yml","46","[egg_target.GetName] отказался отдать нам принадлежащее нам драконье яйцо! Они также не предложили ничего равноценного взамен. Теперь мы должны взвесить наши варианты.\n\nМы можем собрать войска и начать войну (если это позволяет закон), арестовать их (если позволяет закон), претендовать на яйцо и использовать другие методы возврата или полностью и навсегда отказаться от этого дела."
"BuiltinRussian","mde_demand_egg_events.0006.a","localization/replace/russian/mde_demand_egg_events_l_russian.yml","47","[egg_target.GetNameNoTooltip] по праву наше! К оружию!"
"BuiltinRussian","mde_demand_egg_events.0006.a.tt","localization/replace/russian/mde_demand_egg_events_l_russian.yml","48","@warning_icon!#X Мы не можем воевать с [egg_victim.GetFullName]!#!"" ""@warning_icon!#X Мы не можем воевать с [egg_victim.GetFullName]!#!"
"BuiltinRussian","mde_demand_egg_events.0006.b","localization/replace/russian/mde_demand_egg_events_l_russian.yml","49","Их владение [egg_target.GetNameNoTooltip] незаконно!"
"BuiltinRussian","mde_demand_egg_events.0006.b.tt","localization/replace/russian/mde_demand_egg_events_l_russian.yml","50","Мы получим претензию на [egg_target.GetName] и все связанные с этим возможности!"
"BuiltinRussian","mde_demand_egg_events.0006.c","localization/replace/russian/mde_demand_egg_events_l_russian.yml","51","Пусть яйца останутся у них..."
"BuiltinRussian","mde_demand_egg_events.0006.c.tt","localization/replace/russian/mde_demand_egg_events_l_russian.yml","52","@warning_icon!#X Мы потеряем наши претензии на яйца и не получим другого шанса потребовать их!#!"
"BuiltinRussian","mde_demand_egg_events.0007.t","localization/replace/russian/mde_demand_egg_events_l_russian.yml","54","Требования приняты!"
"BuiltinRussian","mde_demand_egg_events.0007.desc","localization/replace/russian/mde_demand_egg_events_l_russian.yml","55","[egg_victim.GetFullName] дрогнул перед нашей мощью! Они выбрали мудрый путь, уступив нашим требованиям и передав нам своё [egg_target.GetName]!"
"BuiltinRussian","mde_demand_egg_events.0007.a","localization/replace/russian/mde_demand_egg_events_l_russian.yml","56","Победа за нами!"
"BuiltinRussian","demand_egg","localization/replace/russian/mde_demand_egg_events_l_russian.yml","59","Требовать яйцо"
"BuiltinRussian","demand_egg_desc","localization/replace/russian/mde_demand_egg_events_l_russian.yml","60","[recipient.GetName] незаконно владеет драконьим яйцом!"
"BuiltinRussian","demanded_egg_interaction.desc","localization/replace/russian/mde_demand_egg_events_l_russian.yml","61","[actor.GetName] потребовал(а) яйцо дракона!"
"BuiltinRussian","mde_start_demand_egg_event_chain","localization/replace/russian/mde_demand_egg_events_l_russian.yml","62","@warning_icon!#X Это выдвинет требование к [recipient.GetFullName] о передаче яйца!#"
"BuiltinRussian","mde_egg_access_gained","localization/replace/russian/mde_demand_egg_events_l_russian.yml","63","Разрешено владение яйцом дракона."
"BuiltinRussian","mde_egg_access_removed","localization/replace/russian/mde_demand_egg_events_l_russian.yml","64","Запрещено владение яйцом дракона."
"BuiltinRussian","debug_take_egg","localization/replace/russian/mde_demand_egg_events_l_russian.yml","66","#bold #color_red Отладка:#!#! Взять яйцо дракона"
"BuiltinRussian","debug_take_egg_desc","localization/replace/russian/mde_demand_egg_events_l_russian.yml","67","[actor.GetName] получает это яйцо дракона"
"BuiltinRussian","debug_take_all_eggs","localization/replace/russian/mde_demand_egg_events_l_russian.yml","69","#bold #color_red Отладка:#!#! Взять все яйца драконов"
"BuiltinRussian","debug_take_all_eggs_desc","localization/replace/russian/mde_demand_egg_events_l_russian.yml","70","[actor.GetName] получает все яйца"
"BuiltinRussian","debug_give_all_eggs","localization/replace/russian/mde_demand_egg_events_l_russian.yml","71","#bold #color_red Отладка:#!#! Отдать все яйца драконов"
"BuiltinRussian","debug_give_all_eggs_desc","localization/replace/russian/mde_demand_egg_events_l_russian.yml","72","[recipient.GetName] получает все яйца"
"BuiltinRussian","debug_hatch_egg","localization/replace/russian/mde_demand_egg_events_l_russian.yml","74","#bold #color_red Отладка:#!#! Высидеть яйцо"
"BuiltinRussian","debug_hatch_egg_bond_desc","localization/replace/russian/mde_demand_egg_events_l_russian.yml","75","[recipient.GetName] установит связь с драконом, вылупившимся из яйца"
"BuiltinRussian","debug_hatch_egg_own_desc","localization/replace/russian/mde_demand_egg_events_l_russian.yml","76","[recipient.GetName] будет владеть драконом, вылупившимся из яйца"
"BuiltinRussian","debug_hatch_egg_own_pit_desc","localization/replace/russian/mde_demand_egg_events_l_russian.yml","77","[recipient.GetEmployer.GetName] будет владеть драконом, вылупившимся из яйца"
"BuiltinRussian","demanded_egg_opinion","localization/replace/russian/mde_demand_egg_events_l_russian.yml","79","Незаконно владеет драконьим яйцом"
"BuiltinRussian","mde_grant_egg_permission","localization/replace/russian/mde_demand_egg_events_l_russian.yml","81","Разрешить владение драконьим яйцом"
"BuiltinRussian","mde_grant_egg_permission_desc","localization/replace/russian/mde_demand_egg_events_l_russian.yml","82","Это лицо получит законное право владеть драконьими яйцами!"
"BuiltinRussian","mde_remove_egg_permission","localization/replace/russian/mde_demand_egg_events_l_russian.yml","83","Запретить владение драконьим яйцом"
"BuiltinRussian","mde_remove_egg_permission_desc","localization/replace/russian/mde_demand_egg_events_l_russian.yml","84","Владение драконьими яйцами этим лицом будет считаться незаконным!"
"BuiltinRussian","mde_egg_access_gained_interface_tt","localization/replace/russian/mde_demand_egg_events_l_russian.yml","85","[recipient.GetFullName] станет неуязвим для наших претензий на его драконьи яйца!"
"BuiltinRussian","mde_egg_access_removed_interface_tt","localization/replace/russian/mde_demand_egg_events_l_russian.yml","86","Мы сможем законно требовать любые драконьи яйца во владении [recipient.GetFullName]!"
"BuiltinRussian","take_prisoner_egg","localization/replace/russian/mde_demand_egg_events_l_russian.yml","88","Изъять яйцо"
"BuiltinRussian","take_prisoner_egg_desc","localization/replace/russian/mde_demand_egg_events_l_russian.yml","89","[recipient.GetFullName] является нашим пленником и незаконно владеет драконьим яйцом. Мы можем правомерно изъять его."
"BuiltinRussian","mde_transfer_prison_egg_tt","localization/replace/russian/mde_demand_egg_events_l_russian.yml","90","[actor.GetNamePossessive] законно изъял [target.GetName]!"
"BuiltinRussian","demanded_egg_interaction.t","localization/replace/russian/mde_demand_egg_events_l_russian.yml","92","Потребовал драконье яйцо!"
"BuiltinRussian","agot_dragon_hatching.0401.opt.b","localization/replace/russian/mde_demand_egg_events_l_russian.yml","94","Мои дети!"
"BuiltinRussian","mde_include_egg","localization/replace/russian/mde_demand_egg_events_l_russian.yml","95","Включить"
"BuiltinRussian","decision_group_type_dragon_group","localization/replace/russian/more_dragon_eggs_decisions_l_russian.yml","3","@dragon_icon! Решения о драконах"
"BuiltinRussian","move_dragon_dragonpit_tooltip","localization/replace/russian/more_dragon_eggs_decisions_l_russian.yml","5","Я люблю двигать его, двигать! Я люблю... двигать!"
"BuiltinRussian","delete_duds_decision_tooltip","localization/replace/russian/more_dragon_eggs_decisions_l_russian.yml","7","Яйца удалены!"
"BuiltinRussian","establish_dragon_wives_tooltip","localization/replace/russian/more_dragon_eggs_decisions_l_russian.yml","12","Наложницы ждут"
"BuiltinRussian","more_eggs_debug_decision_tooltip","localization/replace/russian/more_dragon_eggs_decisions_l_russian.yml","14","Наложницы ждут"
"BuiltinRussian","agot_dragon_laid_clutch_1","localization/replace/russian/more_dragon_eggs_decisions_l_russian.yml","17","Снесла кладку"
"BuiltinRussian","agot_laid_clutch_desc_1","localization/replace/russian/more_dragon_eggs_decisions_l_russian.yml","18","Я снесла кладку из одного яйца"
"BuiltinRussian","agot_laid_clutch_desc_second_perspective_1","localization/replace/russian/more_dragon_eggs_decisions_l_russian.yml","19","Вы снесли кладку из одного яйца"
"BuiltinRussian","agot_laid_clutch_desc_third_perspective_1","localization/replace/russian/more_dragon_eggs_decisions_l_russian.yml","20","[owner.GetName] снесла кладку из одного яйца"
"BuiltinRussian","agot_dragon_laid_clutch_2","localization/replace/russian/more_dragon_eggs_decisions_l_russian.yml","22","Снесла кладку"
"BuiltinRussian","agot_laid_clutch_desc_2","localization/replace/russian/more_dragon_eggs_decisions_l_russian.yml","23","Я снесла кладку из двух яиц"
"BuiltinRussian","agot_laid_clutch_desc_second_perspective_2","localization/replace/russian/more_dragon_eggs_decisions_l_russian.yml","24","Вы снесли кладку из двух яиц"
"BuiltinRussian","agot_laid_clutch_desc_third_perspective_2","localization/replace/russian/more_dragon_eggs_decisions_l_russian.yml","25","[owner.GetName] снесла кладку из двух яиц"
"BuiltinRussian","agot_dragon_laid_clutch_3","localization/replace/russian/more_dragon_eggs_decisions_l_russian.yml","27","Снесла кладку"
"BuiltinRussian","agot_laid_clutch_desc_3","localization/replace/russian/more_dragon_eggs_decisions_l_russian.yml","28","Я снесла кладку из трёх яиц"
"BuiltinRussian","agot_laid_clutch_desc_second_perspective_3","localization/replace/russian/more_dragon_eggs_decisions_l_russian.yml","29","Вы снесли кладку из трёх яиц"
"BuiltinRussian","agot_laid_clutch_desc_third_perspective_3","localization/replace/russian/more_dragon_eggs_decisions_l_russian.yml","30","[owner.GetName] снесла кладку из трёх яиц"
"BuiltinRussian","agot_dragon_laid_clutch_4","localization/replace/russian/more_dragon_eggs_decisions_l_russian.yml","32","Снесла кладку"
"BuiltinRussian","agot_laid_clutch_desc_4","localization/replace/russian/more_dragon_eggs_decisions_l_russian.yml","33","Я снесла кладку из четырёх яиц"
"BuiltinRussian","agot_laid_clutch_desc_second_perspective_4","localization/replace/russian/more_dragon_eggs_decisions_l_russian.yml","34","Вы снесли кладку из четырёх яиц"
"BuiltinRussian","agot_laid_clutch_desc_third_perspective_4","localization/replace/russian/more_dragon_eggs_decisions_l_russian.yml","35","[owner.GetName] снесла кладку из четырёх яиц"
"BuiltinRussian","agot_dragon_laid_clutch_5","localization/replace/russian/more_dragon_eggs_decisions_l_russian.yml","37","Снесла кладку"
"BuiltinRussian","agot_laid_clutch_desc_5","localization/replace/russian/more_dragon_eggs_decisions_l_russian.yml","38","Я снесла кладку из пяти яиц"
"BuiltinRussian","agot_laid_clutch_desc_second_perspective_5","localization/replace/russian/more_dragon_eggs_decisions_l_russian.yml","39","Вы снесли кладку из пяти яиц"
"BuiltinRussian","agot_laid_clutch_desc_third_perspective_5","localization/replace/russian/more_dragon_eggs_decisions_l_russian.yml","40","[owner.GetName] снесла кладку из пяти яиц"
"BuiltinRussian","agot_dragon_laid_clutch_6","localization/replace/russian/more_dragon_eggs_decisions_l_russian.yml","42","Снесла кладку"
"BuiltinRussian","agot_laid_clutch_desc_6","localization/replace/russian/more_dragon_eggs_decisions_l_russian.yml","43","Я снесла кладку из шести яиц"
"BuiltinRussian","agot_laid_clutch_desc_second_perspective_6","localization/replace/russian/more_dragon_eggs_decisions_l_russian.yml","44","Вы снесли кладку из шести яиц"
"BuiltinRussian","agot_laid_clutch_desc_third_perspective_6","localization/replace/russian/more_dragon_eggs_decisions_l_russian.yml","45","[owner.GetName] снесла кладку из шести яиц"
"BuiltinRussian","agot_dragon_laid_clutch_7","localization/replace/russian/more_dragon_eggs_decisions_l_russian.yml","47","Снесла кладку"
"BuiltinRussian","agot_laid_clutch_desc_7","localization/replace/russian/more_dragon_eggs_decisions_l_russian.yml","48","Я снесла кладку из семи яиц"
"BuiltinRussian","agot_laid_clutch_desc_second_perspective_7","localization/replace/russian/more_dragon_eggs_decisions_l_russian.yml","49","Вы снесли кладку из семи яиц"
"BuiltinRussian","agot_laid_clutch_desc_third_perspective_7","localization/replace/russian/more_dragon_eggs_decisions_l_russian.yml","50","[owner.GetName] снесла кладку из семи яиц"
"BuiltinRussian","agot_dragon_laid_clutch_8","localization/replace/russian/more_dragon_eggs_decisions_l_russian.yml","52","Снесла кладку"
"BuiltinRussian","agot_laid_clutch_desc_8","localization/replace/russian/more_dragon_eggs_decisions_l_russian.yml","53","Я снесла кладку из пяти яиц"
"BuiltinRussian","agot_laid_clutch_desc_second_perspective_8","localization/replace/russian/more_dragon_eggs_decisions_l_russian.yml","54","Вы снесли кладку из пяти яиц"
"BuiltinRussian","agot_laid_clutch_desc_third_perspective_8","localization/replace/russian/more_dragon_eggs_decisions_l_russian.yml","55","[owner.GetName] снесла кладку из пяти яиц"
"BuiltinRussian","choose_dragonblood_tooltip","localization/replace/russian/more_dragon_eggs_decisions_l_russian.yml","57","Вам будет представлен список всех людей с драконьей кровью"
"BuiltinRussian","mde_view_dragon_blood_value","localization/replace/russian/more_dragon_eggs_decisions_l_russian.yml","59","[Character.MakeScope.ScriptValue('dragonblood_percent')]% Драконьей крови"
"BuiltinRussian","mde_dragon_eggs_events.0001.t","localization/replace/russian/more_dragon_eggs_events_l_russian.yml","20","Драконьи предания: Каннибалы Скагоса"
"BuiltinRussian","mde_dragon_eggs_events.0001.desc","localization/replace/russian/more_dragon_eggs_events_l_russian.yml","21","Грозный и жестокий дракон [cannibal.GetName] был печально известен мерзкими деяниями, давшими ему имя. Ни Таргариены, ни Орден Драконьих Стражей не смогли усмирить чудовище, а тем более помешать ему пожирать сородичей.\n\nВ известной истории появление [cannibal.GetName] столь же загадочно, как и исчезновение. Многие считают, что его рождение предшествовало драконам Завоевателей.\n\nДоподлинно известно, что [cannibal.GetName] исчез после Танца Драконов. Ходили слухи, что он улетел вглубь Скагоса, привлеченный родственными душами. Судя по обсидиановым шрамам на лесной почве вокруг, эти слухи могут быть правдой."
"BuiltinRussian","mde_dragon_eggs_events.0001.a","localization/replace/russian/more_dragon_eggs_events_l_russian.yml","22","Тревожно."
"BuiltinRussian","mde_dragon_eggs_events.0002.t","localization/replace/russian/more_dragon_eggs_events_l_russian.yml","24","Драконьи предания: Огненная Ведьма Долины"
"BuiltinRussian","mde_dragon_eggs_events.0002.desc","localization/replace/russian/more_dragon_eggs_events_l_russian.yml","25","Во времена Танца Драконов в Долине обитал дикий дракон [sheepstealer.GetName], получивший имя за любовь к баранине.\n\nЕго смогла приручить [nettles.GetName] - единственный Драконий всадник не-Таргариен в Вестеросе. Она завоевала доверие, ежедневно подкармливая его овцами. Ходили слухи, что она была дочерью или возлюбленной [daemon.GetName].\n\nВо время Танца [nettles.GetName] и [sheepstealer.GetName] исчезли.\n\nВ горах Долины есть клан Опаленных Людей, чей обряд инициации требует принесения даров Огненной Ведьме и прохождения сквозь пламя. Многие считают, что Ведьма - это [nettles.GetName]."
"BuiltinRussian","mde_dragon_eggs_events.0002.a","localization/replace/russian/more_dragon_eggs_events_l_russian.yml","26","Если слухи правдивы..."
"BuiltinRussian","mde_dragon_eggs_events.0004.t","localization/replace/russian/more_dragon_eggs_events_l_russian.yml","29","Драконьи предания: Курган Каннибала"
"BuiltinRussian","mde_dragon_eggs_events.0004.desc","localization/replace/russian/more_dragon_eggs_events_l_russian.yml","30","Следуя по обсидиановым шрамам леса, вы замечаете, что их концентрация нарастает в одном направлении. Вы идете по этому пути, пока он не приводит ко входу в огромную пещеру.\n\nЗатаив дыхание, вы входите внутрь. Стены покрыты красной краской и обсидианом, пол усеян костями.\n\nВ центре пещеры - ритуальная яма с курганом из черепов: кроликов, медведей, оленей, великанов, единорогов и людей. На вершине - огромный череп с зеленым огнем в глазницах.\n\nВзобравшись на курган, вы находите невероятное сокровище - драконье яйцо!"
"BuiltinRussian","mde_dragon_eggs_events.0004.a","localization/replace/russian/more_dragon_eggs_events_l_russian.yml","31","Да познают мое могущество!"
"BuiltinRussian","mde_dragon_eggs_events.0005.t","localization/replace/russian/more_dragon_eggs_events_l_russian.yml","33","Драконьи предания: Пещера Огненной Ведьмы"
"BuiltinRussian","mde_dragon_eggs_events.0005.desc","localization/replace/russian/more_dragon_eggs_events_l_russian.yml","34","После дней расспросов местные указали путь к Опаленным Людям.\n\nПоднимаясь в горы, вы избегаете встреч с ними. Тропа ритуала отмечена скелетами юношей с ожогами на костях.\n\nЧудом найдя пещеру Ведьмы, вы видите стены, испещренные тысячами знаков. В углу - покрытое пылью коричневое драконье яйцо!"
"BuiltinRussian","mde_dragon_eggs_events.0005.a","localization/replace/russian/more_dragon_eggs_events_l_russian.yml","35","И вправду повезло."
"BuiltinRussian","mde_dragon_eggs_events.0006.t","localization/replace/russian/more_dragon_eggs_events_l_russian.yml","37","Драконьи предания: Остров Ликов"
"BuiltinRussian","mde_dragon_eggs_events.0006.desc","localization/replace/russian/more_dragon_eggs_events_l_russian.yml","38","Жуткий шепот в голове парализует меня леденящим страхом.\n\nПротив воли я поворачиваюсь к Острову Ликов и иду к нему, затем плыву.\n\nВыбравшись на берег, я вижу, как деревья кровоточат. Фигура с зелеными глазами выглядывает из рощи чардрев, и я теряю сознание.\n\nОчнувшись на берегу Годзиного Глаза, я обнаруживаю в руках драконье яйцо!"
"BuiltinRussian","mde_dragon_eggs_events.0006.a","localization/replace/russian/more_dragon_eggs_events_l_russian.yml","39","Судьба ждет."
"BuiltinRussian","mde_dragon_eggs_events.0007.t","localization/replace/russian/more_dragon_eggs_events_l_russian.yml","41","Драконьи предания: Дары прошлого"
"BuiltinRussian","mde_dragon_eggs_events.0007.desc","localization/replace/russian/more_dragon_eggs_events_l_russian.yml","42","На скалах Драконьего Камня я нахожу пещеру. Свет струится через жилу обсидиана, указывая путь.\n\nВ конце тоннеля лежит яйцо, освещенное лучом света! Прикоснувшись, я чувствую, как время ускоряется, а свет гаснет. Едва успев схватить яйцо, я выбегаю из пещеры до наступления тьмы.\n\nС тяжелым дыханием я стою снаружи, сжимая драконье яйцо!"
"BuiltinRussian","mde_dragon_eggs_events.0007.desc_missing","localization/replace/russian/more_dragon_eggs_events_l_russian.yml","43","Я поднимаюсь высоко на скалы Драконьего Камня, где грохот волн, разбивающихся о камни внизу, смешивается с медленным рокотом вулкана. Во время прогулки я нахожу небольшой проход — идеальное место для начала исследования пещер.\n\nПеребравшись через каменный гребень, я следую за светом, струящимся между скал. От главного зала отходят несколько проходов, но свет проникает лишь через одну обсидиановую жилу, словно указывая путь. Я следую ему и не верю своим глазам.\n\nВ центре комнаты лежит кладка яиц, и свет заканчивается прямо над ней! Но как только я прикасаюсь к ним, течение времени дает о себе знать, и свет начинает меркнуть. Я едва успеваю схватить яйца и выбежать из пещеры до того, как свет полностью погаснет, оставив меня в темноте.\n\nТяжело дыша от усилий, я выбираюсь из пещеры с яйцами в руках! Я нашел [aegon_ii.GetNamePossessive] пропавшие драконьи яйца, последний раз виденные с [valarr.GetName]!"
"BuiltinRussian","mde_dragon_eggs_events.0007.a","localization/replace/russian/more_dragon_eggs_events_l_russian.yml","44","Было близко, но оно того стоило!"
"BuiltinRussian","mde_dragon_eggs_events.0007.tt","localization/replace/russian/more_dragon_eggs_events_l_russian.yml","45","Вы получили Драконье Яйцо!"
"BuiltinRussian","mde_dragon_eggs_events.0008.t","localization/replace/russian/more_dragon_eggs_events_l_russian.yml","47","Знания о драконах: Руины Пряного Города"
"BuiltinRussian","mde_dragon_eggs_events.0008.desc","localization/replace/russian/more_dragon_eggs_events_l_russian.yml","48","Битва в Горле была одним из многих печально известных сражений во время Танца Драконов — гражданской войны Таргариенов, которая ослабила их могущество. Между Зелеными и Триархией был заключен союз, завершившийся ударом огромной армады по веларионской блокаде Горла — стратегической узости, перекрывавшей снабжение Королевской Гавани.\n\nБитва завершилась пирровой победой Черных, сумевших удержать блокаду и разгромить армаду Триархии ценой огромных потерь. Принц [jaecaerys.GetName] и его дракон [vermax.GetName] погибли, а Пряный Город был сожжен дотла. Легенды гласят, что [jaecaerys.GetNamePossessive] обещал, [baela.GetName] и её дракон [moondancer.GetName] вместе скорбели на руинах."
"BuiltinRussian","mde_dragon_eggs_events.0008.a","localization/replace/russian/more_dragon_eggs_events_l_russian.yml","49","Зловещая трагедия."
"BuiltinRussian","mde_dragon_eggs_events.0009.t","localization/replace/russian/more_dragon_eggs_events_l_russian.yml","51","Знания о драконах: В глубине руин Пряного Города"
"BuiltinRussian","mde_dragon_eggs_events.0009.desc","localization/replace/russian/more_dragon_eggs_events_l_russian.yml","52","Мрачная атмосфера руин Пряного Города тяготит меня, и я решаю задержаться здесь для исследования.\n\nБродя среди полуразрушенных строений, я нахожу обгоревший участок большого здания, нетронутый со времен разрушения. Перебирая камни на полу, я замечаю в углу глаза мерцание цвета — резкий контраст с черно-серыми тонами разрухи вокруг.\n\nЯ выкапываю цветные камни из земли и с изумлением смотрю на то, что держу в руках. Драконье яйцо! Слухи о скорбящей [moondancer.GetName] оказались правдой — я нашел её яйцо!"
"BuiltinRussian","mde_dragon_eggs_events.0009.a","localization/replace/russian/more_dragon_eggs_events_l_russian.yml","53","Проблеск света в трагедии!"
"BuiltinRussian","mde_dragon_eggs_events.0010.t","localization/replace/russian/more_dragon_eggs_events_l_russian.yml","55","Знания о драконах: Кости Нагги"
"BuiltinRussian","mde_dragon_eggs_events.0010.desc","localization/replace/russian/more_dragon_eggs_events_l_russian.yml","56","Тысячи лет назад, в Эпоху Героев, множество легенд родилось из фантастических событий того древнего времени. Наиболее значимая из них — легенда о [nagga.GetName], чьи огромные кости стали местом культурного поклонения железнорожденных. Здесь находился трон [grey_king.GetName] и веками проводились королевские сходки.\n\nСказания железнорожденных гласят, что [nagga.GetName] была первым морским драконом, питавшимся левиафанами и кракенами, чья ярость была столь велика, что она могла потопить целые острова. Эти подвиги лишь мифологизируют мощь [grey_king.GetName], убившего чудовище, построившего из её костей чертог, обогретый её живым огнем, сделавшего трон из её челюсти и корону из её зубов.\n\nСейчас это место зловеще тихо, но исполинские кости вселяют мегалофобный ужас."
"BuiltinRussian","mde_dragon_eggs_events.0010.a","localization/replace/russian/more_dragon_eggs_events_l_russian.yml","57","Чудовище невиданного масштаба..."
"BuiltinRussian","mde_dragon_eggs_events.0011.t","localization/replace/russian/more_dragon_eggs_events_l_russian.yml","59","Знания о драконах: Древняя королевская сходка"
"BuiltinRussian","mde_dragon_eggs_events.0011.desc","localization/replace/russian/more_dragon_eggs_events_l_russian.yml","60","Кажется судьбой, что я посетил жуткие останки великого чудовища [nagga.GetName] в день с небывало низким отливом, случающимся раз в жизни.\n\nХотя железнорожденные предупреждают, что такие отливы — знак опасности, что-то зовет меня из глубин, темное и неодолимое. Я последую зову судьбы и почти интуитивно иду к обнажившемуся берегу, ступая по следам древней королевской сходки. У воды я нахожу древнее оружие, покрытое ржавчиной, кораллами и ракушками. Я погружаюсь в глубины, крестя себя солью, позволяя морю наполнить легкие.\n\nТеряю сознание, последнее воспоминание — что-то могучее, возможно, некое существо, и что-то в руках. Очнувшись, я нахожу себя на песчаном берегу с сияющим кобальтово-синим драконьим яйцом рядом!"
"BuiltinRussian","mde_dragon_eggs_events.0011.a","localization/replace/russian/more_dragon_eggs_events_l_russian.yml","61","Фаустов дар от слуги Великого Иного..."
"BuiltinRussian","mde_dragon_eggs_events.0011.b","localization/replace/russian/more_dragon_eggs_events_l_russian.yml","62","Утонувший Бог дарует!  @drownedgod_icon!"
"BuiltinRussian","mde_dragon_eggs_events.0012.t","localization/replace/russian/more_dragon_eggs_events_l_russian.yml","64","Знания о драконах: Болт в Адском Замке"
"BuiltinRussian","mde_dragon_eggs_events.0012.desc","localization/replace/russian/more_dragon_eggs_events_l_russian.yml","65","Долго я странствовал по знойным пустыням Дорна, и путь вдали от Дюнных Дорог стал мучительным. Ближайший замок, Адский Замок, дарует лишь призрачную передышку, но выбора нет. При приближении к замку серные испарения от ближайших серных источников и гейзеров застилают солнце, лишь делая воздух горячее. Я замечаю, что главная башня не восстановлена со времен Завоевания.\n\nРазрушение стало следствием гибели всадницы дракона [rhaenys.GetName] и её дракона [meraxes.GetName]. Во время кампании по усмирению дорнийцев [rhaenys.GetName] сжигала замки драконьим пламенем. Уллеры из Адского Замка сделали невозможное — выстрелом скорпиона пробили глаз [meraxes.GetName], отправив всадницу и дракона в смертельное падение. Кости [meraxes.GetNamePossessive] торчат из остекленевшего песка."
"BuiltinRussian","mde_dragon_eggs_events.0012.a","localization/replace/russian/more_dragon_eggs_events_l_russian.yml","66","Какая мощь!"
"BuiltinRussian","mde_dragon_eggs_events.0013.t","localization/replace/russian/more_dragon_eggs_events_l_russian.yml","68","Знания о драконах: Сквозь драконье стекло"
"BuiltinRussian","mde_dragon_eggs_events.0013.desc","localization/replace/russian/more_dragon_eggs_events_l_russian.yml","69","Осматривая скелет [meraxes.GetNamePossessive], я потрясен силой драконьего пламени. Окружающая земля — сплошное стекло из расплавленного песка, в основном темное и непрозрачное.\n\nНо под свежими слоями грязи стекло становится чище. Я безумно копаю, ища самый прозрачный участок.\n\nПосле часов поисков я нахожу стекло, сквозь которое видно золотисто-серебристое мерцание. Прикрыв находку, я возвращаюсь под покровом темноты с киркой и раскапываю сокровище: драконье яйцо!"
"BuiltinRussian","mde_dragon_eggs_events.0013.a","localization/replace/russian/more_dragon_eggs_events_l_russian.yml","70","Моя прелесть!"
"BuiltinRussian","mde_dragon_eggs_events.0014.t","localization/replace/russian/more_dragon_eggs_events_l_russian.yml","72","Знания о драконах: Садовник стеклянной сферы"
"BuiltinRussian","mde_dragon_eggs_events.0014.desc","localization/replace/russian/more_dragon_eggs_events_l_russian.yml","73","После Рока драконовладык осталось мало. Лишь благодаря магическому предвидению Дейнис Грезовидицы Таргариены сохранили свою плоть из огня. Хотя сразу после Рока были и другие.\n\n[jaehaelor.GetName] — землевладелец и драконоводец Валирийской Вольной Гавани, летавший на драконе [pythax.GetName], был ученым с особым интересом к ботанике, писавшим о теплицах-сферах в самой Валирии.\n\nКогда Рок потряс небо и землю, [jaehaelor.GetName] собирал образцы в лесах Квохора. Он пролетел над этим местом по пути в Старый Волантис, где провел остаток жизни, воссоздавая по памяти свои сады. Его дракон [pythax.GetName] вскоре погиб, отказавшись от еды. [jaehaelor.GetName] умер вскоре после, вмешавшись в порку раба на Длинном Мосту."
"BuiltinRussian","mde_dragon_eggs_events.0014.a","localization/replace/russian/more_dragon_eggs_events_l_russian.yml","74","Ироничный конец."
"BuiltinRussian","mde_dragon_eggs_events.0015.t","localization/replace/russian/more_dragon_eggs_events_l_russian.yml","76","Знания о драконах: Оставлено в спешке"
"BuiltinRussian","mde_dragon_eggs_events.0015.desc","localization/replace/russian/more_dragon_eggs_events_l_russian.yml","77","Известно, что он разбивал лагерь именно здесь, но следов не осталось. Продираясь сквозь заросли в поисках места для лагеря, я нахожу предметы, явно принадлежавшие знатному жителю Вольной Гавани.\n\nИду по хаотичному следу разбросанных валирийских артефактов огромной ценности. Но почти полностью зарытый в грязи и замаскированный землей, я нахожу нетронутый сундук, явно оставленный в спешке.\n\nС огромным трудом я выкапываю сундук и взламываю окаменевшие петли, обнаруживая сокровище ценнее всех окружающих трофеев. Драконье яйцо!"
"BuiltinRussian","mde_dragon_eggs_events.0015.a","localization/replace/russian/more_dragon_eggs_events_l_russian.yml","78","Последний дар [jaehaelor.GetNamePossessiveNoTooltip]!"
"BuiltinRussian","mde_dragon_eggs_events.0016.t","localization/replace/russian/more_dragon_eggs_events_l_russian.yml","80","Знания о драконах: Император, которого не было"
"BuiltinRussian","mde_dragon_eggs_events.0016.desc","localization/replace/russian/more_dragon_eggs_events_l_russian.yml","81","После Рока драконовладык осталось мало. Лишь благодаря магическому предвидению Дейнис Грезовидицы Таргариены сохранили свою плоть из огня. Хотя сразу после Рока были и другие.\n\n[oreo.GetName] был, пожалуй, самым известным из них. Аврион Вальерис — могущественный драконоводец Валирийской Вольной Гавани. Когда Рок потряс небо и землю, Аврион Вальерис находился в Квохоре. Осознав, что никто не может сравниться с его силой, он собрал войско в 30 000 человек и провозгласил себя первым Императором Валирии. Аврион Вальерис, его грозный дракон [vassarion.GetName] и великое войско двинулись на юг из Квохора, чтобы отвоевать Валирию, не встретив сопротивления. Но как только они вошли в зону Рока, их больше никто не видел."
"BuiltinRussian","mde_dragon_eggs_events.0016.a","localization/replace/russian/more_dragon_eggs_events_l_russian.yml","82","Смело, но безрассудно."
"BuiltinRussian","mde_dragon_eggs_events.0017.t","localization/replace/russian/more_dragon_eggs_events_l_russian.yml","84","Знания о драконах: Золотое яйцо"
"BuiltinRussian","mde_dragon_eggs_events.0017.desc","localization/replace/russian/more_dragon_eggs_events_l_russian.yml","85","Известно, что его войско разбивало лагерь здесь по пути из Квохора в Валирию. Спустя столько времени осталось мало свидетельств. Однако сохранилась валирийская статуя, созданная членами Императорской армии в память о погибших в катастрофе — вероятно, дальних и ныне утраченных семьях солдат.\n\nВалирийские письмена высечены не огнем, а грубо металлом, и я различаю фразу о чем-то внизу. Доверяя инстинкту, я копаю под статуей и нахожу тайник с оружием и нечто большее — золотое драконье яйцо!"
"BuiltinRussian","mde_dragon_eggs_events.0017.a","localization/replace/russian/more_dragon_eggs_events_l_russian.yml","86","Освобождено из рук мертвых!"
"BuiltinRussian","agot_dragon_maintenance.0802.desc","localization/replace/russian/more_dragon_eggs_events_l_russian.yml","90","Владельцы драконьих яиц:"
"BuiltinRussian","show_eggs_decision_tooltip","localization/replace/russian/more_dragon_eggs_events_l_russian.yml","92",""
"BuiltinRussian","show_dragons_decision_tooltip","localization/replace/russian/more_dragon_eggs_events_l_russian.yml","93",""
"BuiltinRussian","show_dragonpits_decision_tooltip","localization/replace/russian/more_dragon_eggs_events_l_russian.yml","94",""
"BuiltinRussian","agot_dragon_maintenance.0800.dragonpits","localization/replace/russian/more_dragon_eggs_events_l_russian.yml","96","Показать активные драконьи логова"
"BuiltinRussian","DRAGON_PITTED_WITH_GUI","localization/replace/russian/more_dragon_eggs_events_l_russian.yml","98","$DRAGON_RELATION_IS_PITTED$ • [Character.Custom('DPGetDragonTypeGuiTooltip')]"
"BuiltinRussian","DRAGON_WANDERING_WITH_GUI","localization/replace/russian/more_dragon_eggs_events_l_russian.yml","99","$DRAGON_RELATION_IS_WANDERING$ • [Character.Custom('DPGetDragonTypeGuiTooltip')]"
"BuiltinRussian","SHOW_DRAGONPITS","localization/replace/russian/more_dragon_eggs_events_l_russian.yml","100","#T Показать драконьи логова\n#!Отображает активные [dragonpits|E] и связанные с ними меню."
"BuiltinRussian","SHOW_DRAGONS","localization/replace/russian/more_dragon_eggs_events_l_russian.yml","101","#T Показать драконов\n#!Отображает живых [dragons_plural|E] и связанные с ними меню."
"BuiltinRussian","SHOW_EGGS","localization/replace/russian/more_dragon_eggs_events_l_russian.yml","102","#T Показать драконьи яйца\n#!Отображает существующие яйца [dragon|E] и связанные с ними меню."
"BuiltinRussian","can_move_a_dragon_tooltip","localization/replace/russian/more_dragon_eggs_events_l_russian.yml","103","Вы можете переместить дракона."
"BuiltinRussian","TRAVEL_POINT_OF_INTEREST_TT_more_dragon_eggs_poi_dragonlore","localization/replace/russian/more_dragon_eggs_events_l_russian.yml","104","Место, имеющее драконовское значение"
"BuiltinRussian","agot_dragon_maintenance.0802.t","localization/replace/russian/more_dragon_eggs_events_l_russian.yml","106","Показать все существующие драконьи яйца"
"BuiltinRussian","global_events_settings.0001.dragonblood","localization/replace/russian/more_dragon_eggs_events_l_russian.yml","107","О носителях крови дракона..."
"BuiltinRussian","agot_filler_crownlands.0004.t","localization/replace/russian/more_dragon_eggs_events_l_russian.yml","109","День на Драконьем Камне: Дары Прошлого"
"BuiltinRussian","agot_filler_crownlands.0004.desc","localization/replace/russian/more_dragon_eggs_events_l_russian.yml","110","Поднимаюсь по скалам Драконьего Камня. Грохот волн смешивается с глухим рокотом вулкана. Заметив узкий проход, начинаю исследовать пещеру.\n\nСвет, пробивающийся через жилу обсидиана, ведет меня вглубь. В центре зала, освещенная лучом, лежит яйцо! Прикоснувшись, чувствую как свет меркнет — время на исходе. Едва успеваю схватить яйцо и выбежать до наступления тьмы.\n\nЗадыхаясь, выбираюсь на поверхность с драгоценной ношей!"
"BuiltinRussian","agot_filler_crownlands.0004.a","localization/replace/russian/more_dragon_eggs_events_l_russian.yml","111","Было близко, но оно того стоило!"
"BuiltinRussian","agot_filler_crownlands.0004.tt","localization/replace/russian/more_dragon_eggs_events_l_russian.yml","112","Вы получили Драконье Яйцо [artifact|E]"
"BuiltinRussian","agot_ninepenny.0034.c","localization/replace/russian/more_dragon_eggs_events_l_russian.yml","115","Для него будет вырезано новое королевство."
"BuiltinRussian","agot_ninepenny.0035.b","localization/replace/russian/more_dragon_eggs_events_l_russian.yml","116","$agot_ninepenny.0031.a$ Оно получит более подходящее имя."
"BuiltinRussian","agot_ninepenny.0035.b.tt","localization/replace/russian/more_dragon_eggs_events_l_russian.yml","117","#italic Королевство Тарт будет переименовано в Сапфировые Острова!"
"BuiltinRussian","a_crown_for_a_king_decision","localization/replace/russian/more_dragon_eggs_events_l_russian.yml","119","Корона для короля"
"BuiltinRussian","a_crown_for_a_king_decision_desc","localization/replace/russian/more_dragon_eggs_events_l_russian.yml","120","Визерис недостоин быть королем Семи Королевств, но есть тот, кто достоин..."
"BuiltinRussian","a_crown_for_a_king_decision_confirm","localization/replace/russian/more_dragon_eggs_events_l_russian.yml","121","Короновать его!"
"BuiltinRussian","a_crown_for_a_king_decision_tooltip","localization/replace/russian/more_dragon_eggs_events_l_russian.yml","122","@warning_icon!#X Это сместит Визериса как главу Таргариенов в изгнании!#"
"BuiltinRussian","agot_targaryen_exile_invasion.9999.t","localization/replace/russian/more_dragon_eggs_events_l_russian.yml","124","Корона для короля"
"BuiltinRussian","agot_targaryen_exile_invasion.9999.desc","localization/replace/russian/more_dragon_eggs_events_l_russian.yml","125","Теперь, когда я возглавляю Изгнанников и несу на своих плечах всю династию Таргариенов, я должен решить, что делать с моим высокомерным и жестоким братом."
"BuiltinRussian","agot_targaryen_exile_invasion.9999.b","localization/replace/russian/more_dragon_eggs_events_l_russian.yml","126","Помиловать его!"
"BuiltinRussian","agot_targaryen_exile_invasion.9999.a","localization/replace/russian/more_dragon_eggs_events_l_russian.yml","127","Вручить ему корону, которую он заслужил!"
"BuiltinRussian","agot_ruins.2001.t","localization/replace/russian/more_dragon_eggs_events_l_russian.yml","129","Сокровища из трагедии"
"BuiltinRussian","agot_ruins.2001.d","localization/replace/russian/more_dragon_eggs_events_l_russian.yml","130","Руины Пряного Города давно окутаны зловещей мрачностью. Простолюдины рассказывают, что он заброшен так давно, что стал пристанищем проклятых духов. Из-за суеверий восстановление идет с трудом. Но перспектива вернуть городу былую славу центра торговли и золота мотивирует.\n\nСегодня усилия окупились! При раскопках последних руин, считавшихся проклятыми и нетронутыми со времен Битвы в Горле, в обгоревшем здании нашли драконье яйцо!"
"BuiltinRussian","agot_ruins.2001.a","localization/replace/russian/more_dragon_eggs_events_l_russian.yml","131","Счастливое предзнаменование!"
"BuiltinRussian","agot_ruins.2001.b","localization/replace/russian/more_dragon_eggs_events_l_russian.yml","132","Лучше отдать нашему сюзерену."
"BuiltinRussian","agot_ruins.2002.t","localization/replace/russian/more_dragon_eggs_events_l_russian.yml","134","Драконье яйцо предложено"
"BuiltinRussian","agot_ruins.2002.d","localization/replace/russian/more_dragon_eggs_events_l_russian.yml","135","Мой вассал [egg_giver.GetName] нашел яйцо при восстановлении руин Пряного Города! Что лучше, он предложил его нам как законным хранителям!"
"BuiltinRussian","agot_ruins.2002.a","localization/replace/russian/more_dragon_eggs_events_l_russian.yml","136","Принимаем!"
"BuiltinRussian","agot_ruins.2002.b","localization/replace/russian/more_dragon_eggs_events_l_russian.yml","137","Пусть оставит себе."
"BuiltinRussian","mde_canon_dragon_clutch_events.0001.t","localization/replace/russian/more_dragon_eggs_events_l_russian.yml","139","[dragon_parent.GetNameNoTooltip] принес кладку!@historical_character_icon_small!"
"BuiltinRussian","rule_use_dragon_pit_mover","localization/replace/russian/more_dragon_eggs_gamerules_l_russian.yml","3","@dragon_destined_icon! More Dragon Eggs — Использовать MDE Dragonpit Mover"
"BuiltinRussian","setting_use_dragon_pit_mover_no","localization/replace/russian/more_dragon_eggs_gamerules_l_russian.yml","4","Настройки базовой игры AGOT"
"BuiltinRussian","setting_use_dragon_pit_mover_yes","localization/replace/russian/more_dragon_eggs_gamerules_l_russian.yml","5","@dragon_destined_icon! More Dragon Eggs"
"BuiltinRussian","setting_use_dragon_pit_mover_no_desc","localization/replace/russian/more_dragon_eggs_gamerules_l_russian.yml","7","Отключает функции мода 'More Dragon Eggs'. В базовой игре аналога нет."
"BuiltinRussian","setting_use_dragon_pit_mover_yes_desc","localization/replace/russian/more_dragon_eggs_gamerules_l_russian.yml","8","Включает меню Dragonpit Mover от мода 'More Dragon Eggs'."
"BuiltinRussian","rule_mde_buttons","localization/replace/russian/more_dragon_eggs_gamerules_l_russian.yml","10","@dragon_destined_icon! Дополнительный интерфейс мода"
"BuiltinRussian","setting_mde_buttons_off","localization/replace/russian/more_dragon_eggs_gamerules_l_russian.yml","11","Выключено"
"BuiltinRussian","setting_mde_buttons_standard","localization/replace/russian/more_dragon_eggs_gamerules_l_russian.yml","12","Стандарт"
"BuiltinRussian","setting_mde_buttons_all","localization/replace/russian/more_dragon_eggs_gamerules_l_russian.yml","13","Все"
"BuiltinRussian","setting_mde_buttons_off_desc","localization/replace/russian/more_dragon_eggs_gamerules_l_russian.yml","15","Все кнопки MDE скрыты. Их можно включить в меню MDE, которое открывается из меню паузы."
"BuiltinRussian","setting_mde_buttons_standard_desc","localization/replace/russian/more_dragon_eggs_gamerules_l_russian.yml","16","Кнопки драконьих логов, драконов, яиц и меню MDE показаны. Королевскую гвардию и валирийскую сталь можно включить в меню MDE."
"BuiltinRussian","setting_mde_buttons_all_desc","localization/replace/russian/more_dragon_eggs_gamerules_l_russian.yml","17","Показаны все кнопки MDE: драконьи логова, драконы, яйца, Королевская гвардия, валирийская сталь и меню MDE."
"BuiltinRussian","rule_can_hatch_multiple_dragons","localization/replace/russian/more_dragon_eggs_gamerules_l_russian.yml","19","@dragon_destined_icon! More Dragon Eggs — Вылупление нескольких яиц в церемонии"
"BuiltinRussian","setting_can_hatch_multiple_dragons_no","localization/replace/russian/more_dragon_eggs_gamerules_l_russian.yml","20","Будет невозможно"
"BuiltinRussian","setting_can_hatch_multiple_dragons_yes_5_percent","localization/replace/russian/more_dragon_eggs_gamerules_l_russian.yml","21","Yes - 5% Chance Each"
"BuiltinRussian","setting_can_hatch_multiple_dragons_yes_25_percent","localization/replace/russian/more_dragon_eggs_gamerules_l_russian.yml","22","Yes - 25% Chance Each"
"BuiltinRussian","setting_can_hatch_multiple_dragons_yes_50_percent","localization/replace/russian/more_dragon_eggs_gamerules_l_russian.yml","23","Yes - 50% Chance Each"
"BuiltinRussian","setting_can_hatch_multiple_dragons_yes_75_percent","localization/replace/russian/more_dragon_eggs_gamerules_l_russian.yml","24","Yes - 75% Chance Each"
"BuiltinRussian","setting_can_hatch_multiple_dragons_yes_95_percent","localization/replace/russian/more_dragon_eggs_gamerules_l_russian.yml","25","Yes - 95% Chance Each"
"BuiltinRussian","setting_can_hatch_multiple_dragons_yes_all","localization/replace/russian/more_dragon_eggs_gamerules_l_russian.yml","26","All Eggs Will Hatch"
"BuiltinRussian","setting_can_hatch_multiple_dragons_no_desc","localization/replace/russian/more_dragon_eggs_gamerules_l_russian.yml","28","Только выбранное яйцо может вылупиться. Остальные яйца не получат шанса."
"BuiltinRussian","setting_can_hatch_multiple_dragons_yes_5_percent_desc","localization/replace/russian/more_dragon_eggs_gamerules_l_russian.yml","29","There will be a 5% chance that any other egg than the selected one will hatch from a successful hatching."
"BuiltinRussian","setting_can_hatch_multiple_dragons_yes_25_percent_desc","localization/replace/russian/more_dragon_eggs_gamerules_l_russian.yml","30","There will be a 25% chance that any other egg than the selected one will hatch from a successful hatching."
"BuiltinRussian","setting_can_hatch_multiple_dragons_yes_50_percent_desc","localization/replace/russian/more_dragon_eggs_gamerules_l_russian.yml","31","There will be a 50% chance that any other egg than the selected one will hatch from a successful hatching."
"BuiltinRussian","setting_can_hatch_multiple_dragons_yes_75_percent_desc","localization/replace/russian/more_dragon_eggs_gamerules_l_russian.yml","32","There will be a 75% chance that any other egg than the selected one will hatch from a successful hatching."
"BuiltinRussian","setting_can_hatch_multiple_dragons_yes_95_percent_desc","localization/replace/russian/more_dragon_eggs_gamerules_l_russian.yml","33","There will be a 95% chance that any other egg than the selected one will hatch from a successful hatching."
"BuiltinRussian","setting_can_hatch_multiple_dragons_yes_all_desc","localization/replace/russian/more_dragon_eggs_gamerules_l_russian.yml","34","Every dragon egg in the character's inventory will hatch into an owned dragon in a successful hatching."
"BuiltinRussian","rule_dragon_hatching_success_chance","localization/replace/russian/more_dragon_eggs_gamerules_l_russian.yml","36","@dragon_destined_icon! More Dragon Eggs - Шанс успешного вылупления"
"BuiltinRussian","setting_dragon_hatching_guaranteed","localization/replace/russian/more_dragon_eggs_gamerules_l_russian.yml","37","Гарантировано"
"BuiltinRussian","setting_dragon_hatching_normal","localization/replace/russian/more_dragon_eggs_gamerules_l_russian.yml","38","По умолчанию"
"BuiltinRussian","setting_dragon_hatching_not","localization/replace/russian/more_dragon_eggs_gamerules_l_russian.yml","39","Провал"
"BuiltinRussian","setting_dragon_hatching_guaranteed_desc","localization/replace/russian/more_dragon_eggs_gamerules_l_russian.yml","41","Активность по вылуплению всегда завершится успехом."
"BuiltinRussian","setting_dragon_hatching_normal_desc","localization/replace/russian/more_dragon_eggs_gamerules_l_russian.yml","42","Стандартные шансы успеха/провала вылупления."
"BuiltinRussian","setting_dragon_hatching_not_desc","localization/replace/russian/more_dragon_eggs_gamerules_l_russian.yml","43","Активность по вылуплению всегда будет проваливаться."
"BuiltinRussian","rule_extant_hatching_ceremonies","localization/replace/russian/more_dragon_eggs_gamerules_l_russian.yml","45","@dragon_destined_icon! Всегда доступны церемонии вылупления?"
"BuiltinRussian","setting_extant_hatching_ceremonies_yes","localization/replace/russian/more_dragon_eggs_gamerules_l_russian.yml","46","Да"
"BuiltinRussian","setting_extant_hatching_ceremonies_no","localization/replace/russian/more_dragon_eggs_gamerules_l_russian.yml","47","Нет"
"BuiltinRussian","setting_extant_hatching_ceremonies_yes_desc","localization/replace/russian/more_dragon_eggs_gamerules_l_russian.yml","49","Церемонии возможны, если драконы существуют в мире."
"BuiltinRussian","setting_extant_hatching_ceremonies_no_desc","localization/replace/russian/more_dragon_eggs_gamerules_l_russian.yml","50","Церемонии невозможны, если драконы существуют в мире."
"BuiltinRussian","rule_dragon_egg_spawn_likelihood_player","localization/replace/russian/more_dragon_eggs_gamerules_l_russian.yml","52","@dragon_destined_icon! More Dragon Eggs - Вероятность появления"
"BuiltinRussian","setting_no_spawns","localization/replace/russian/more_dragon_eggs_gamerules_l_russian.yml","53","Нет появлений"
"BuiltinRussian","setting_1_in_1200","localization/replace/russian/more_dragon_eggs_gamerules_l_russian.yml","54","Крайне маловероятные появления"
"BuiltinRussian","setting_absolute_spawn","localization/replace/russian/more_dragon_eggs_gamerules_l_russian.yml","55","Гарантировано"
"BuiltinRussian","setting_no_spawns_desc","localization/replace/russian/more_dragon_eggs_gamerules_l_russian.yml","57","Яйца нельзя найти на карте: в локациях знаний, Винтерфелле или через решения вроде 'Дня на Драконьем Камне'."
"BuiltinRussian","setting_1_in_1200_desc","localization/replace/russian/more_dragon_eggs_gamerules_l_russian.yml","58","~1/1200 шанс для любого персонажа (включая ИИ, если не отключено) получить драконьи яйца через локации или решения."
"BuiltinRussian","setting_absolute_spawn_desc","localization/replace/russian/more_dragon_eggs_gamerules_l_russian.yml","59","Гарантированное получение яиц первым посетителем. Отключите яйца Драконьего Камня во избежание избытка."
"BuiltinRussian","rule_spawn_cannibal_egg","localization/replace/russian/more_dragon_eggs_gamerules_l_russian.yml","61","@dragon_destined_icon! More Dragon Eggs - Яйцо Каннибала"
"BuiltinRussian","setting_spawn_cannibal_egg_enabled","localization/replace/russian/more_dragon_eggs_gamerules_l_russian.yml","62","Включено"
"BuiltinRussian","setting_spawn_cannibal_egg_disabled","localization/replace/russian/more_dragon_eggs_gamerules_l_russian.yml","63","Отключено"
"BuiltinRussian","setting_spawn_cannibal_egg_enabled_desc","localization/replace/russian/more_dragon_eggs_gamerules_l_russian.yml","65","Яйцо дракона-каннибала можно найти путешественникам на Скагосе."
"BuiltinRussian","setting_spawn_cannibal_egg_disabled_desc","localization/replace/russian/more_dragon_eggs_gamerules_l_russian.yml","66","Событие о драконьих знаниях на Скагосе останется, но яйцо не появится."
"BuiltinRussian","rule_spawn_sheepstealer_egg","localization/replace/russian/more_dragon_eggs_gamerules_l_russian.yml","68","@dragon_destined_icon! More Dragon Eggs - Яйцо Похитителя Овец"
"BuiltinRussian","setting_spawn_sheepstealer_egg_enabled","localization/replace/russian/more_dragon_eggs_gamerules_l_russian.yml","69","Включено"
"BuiltinRussian","setting_spawn_sheepstealer_egg_disabled","localization/replace/russian/more_dragon_eggs_gamerules_l_russian.yml","70","Отключено"
"BuiltinRussian","setting_spawn_sheepstealer_egg_enabled_desc","localization/replace/russian/more_dragon_eggs_gamerules_l_russian.yml","72","Яйцо потомка Похитителя Овец можно найти в Горах Долины."
"BuiltinRussian","setting_spawn_sheepstealer_egg_disabled_desc","localization/replace/russian/more_dragon_eggs_gamerules_l_russian.yml","73","The Dragonlore event in the Vale will remain but it will never spawn a dragon egg. "
"BuiltinRussian","rule_spawn_vhagar_egg","localization/replace/russian/more_dragon_eggs_gamerules_l_russian.yml","75","@dragon_destined_icon! More Dragon Eggs - Яйцо Вхагар"
"BuiltinRussian","setting_spawn_vhagar_egg_enabled","localization/replace/russian/more_dragon_eggs_gamerules_l_russian.yml","76","Включено"
"BuiltinRussian","setting_spawn_vhagar_egg_disabled","localization/replace/russian/more_dragon_eggs_gamerules_l_russian.yml","77","Отключено"
"BuiltinRussian","setting_spawn_vhagar_egg_enabled_desc","localization/replace/russian/more_dragon_eggs_gamerules_l_russian.yml","79","Яйцо потомка Вхагар можно найти в Харренхолле."
"BuiltinRussian","setting_spawn_vhagar_egg_disabled_desc","localization/replace/russian/more_dragon_eggs_gamerules_l_russian.yml","80","The Dragonlore event in Harrenhal will remain but it will never spawn a dragon egg. "
"BuiltinRussian","rule_spawn_moondancer_egg","localization/replace/russian/more_dragon_eggs_gamerules_l_russian.yml","82","@mde_icon!@palebluepink_dragon_egg_icon!Spawn Moondancer Egg"
"BuiltinRussian","setting_spawn_moondancer_egg_enabled","localization/replace/russian/more_dragon_eggs_gamerules_l_russian.yml","83","Enabled"
"BuiltinRussian","setting_spawn_moondancer_egg_disabled","localization/replace/russian/more_dragon_eggs_gamerules_l_russian.yml","84","Disabled"
"BuiltinRussian","setting_spawn_moondancer_egg_enabled_desc","localization/replace/russian/more_dragon_eggs_gamerules_l_russian.yml","86","Moondancer descended dragon egg can be picked up by travelers going into the Mountains of the Vale."
"BuiltinRussian","setting_spawn_moondancer_egg_disabled_desc","localization/replace/russian/more_dragon_eggs_gamerules_l_russian.yml","87","The Dragonlore event in the Vale will remain but it will never spawn a dragon egg. "
"BuiltinRussian","rule_spawn_nagga_egg","localization/replace/russian/more_dragon_eggs_gamerules_l_russian.yml","89","@mde_icon!@darkblue_dragon_egg_icon!Spawn Nagga Egg"
"BuiltinRussian","setting_spawn_nagga_egg_enabled","localization/replace/russian/more_dragon_eggs_gamerules_l_russian.yml","90","Enabled"
"BuiltinRussian","setting_spawn_nagga_egg_disabled","localization/replace/russian/more_dragon_eggs_gamerules_l_russian.yml","91","Disabled"
"BuiltinRussian","setting_spawn_nagga_egg_enabled_desc","localization/replace/russian/more_dragon_eggs_gamerules_l_russian.yml","93","Nagga descended dragon egg can be picked up by travelers going into the Mountains of the Vale."
"BuiltinRussian","setting_spawn_nagga_egg_disabled_desc","localization/replace/russian/more_dragon_eggs_gamerules_l_russian.yml","94","The Dragonlore event in the Vale will remain but it will never spawn a dragon egg. "
"BuiltinRussian","rule_spawn_meraxes_egg","localization/replace/russian/more_dragon_eggs_gamerules_l_russian.yml","96","@mde_icon!@whitegold_dragon_egg_icon!Spawn Meraxes Egg"
"BuiltinRussian","setting_spawn_meraxes_egg_enabled","localization/replace/russian/more_dragon_eggs_gamerules_l_russian.yml","97","Enabled"
"BuiltinRussian","setting_spawn_meraxes_egg_disabled","localization/replace/russian/more_dragon_eggs_gamerules_l_russian.yml","98","Disabled"
"BuiltinRussian","setting_spawn_meraxes_egg_enabled_desc","localization/replace/russian/more_dragon_eggs_gamerules_l_russian.yml","100","Meraxes descended dragon egg can be picked up by travelers going into the Mountains of the Vale."
"BuiltinRussian","setting_spawn_meraxes_egg_disabled_desc","localization/replace/russian/more_dragon_eggs_gamerules_l_russian.yml","101","The Dragonlore event in the Vale will remain but it will never spawn a dragon egg. "
"BuiltinRussian","rule_spawn_pythax_egg","localization/replace/russian/more_dragon_eggs_gamerules_l_russian.yml","103","@mde_icon!@darkpurple_dragon_egg_icon!Spawn Pythax Egg"
"BuiltinRussian","setting_spawn_pythax_egg_enabled","localization/replace/russian/more_dragon_eggs_gamerules_l_russian.yml","104","Enabled"
"BuiltinRussian","setting_spawn_pythax_egg_disabled","localization/replace/russian/more_dragon_eggs_gamerules_l_russian.yml","105","Disabled"
"BuiltinRussian","setting_spawn_pythax_egg_enabled_desc","localization/replace/russian/more_dragon_eggs_gamerules_l_russian.yml","107","Pythax descended dragon egg can be picked up by travelers going into the Mountains of the Vale."
"BuiltinRussian","setting_spawn_pythax_egg_disabled_desc","localization/replace/russian/more_dragon_eggs_gamerules_l_russian.yml","108","The Dragonlore event in the Vale will remain but it will never spawn a dragon egg. "
"BuiltinRussian","rule_spawn_vassarion_egg","localization/replace/russian/more_dragon_eggs_gamerules_l_russian.yml","110","@mde_icon!@gold_dragon_egg_icon!Spawn Vassarion Egg"
"BuiltinRussian","setting_spawn_vassarion_egg_enabled","localization/replace/russian/more_dragon_eggs_gamerules_l_russian.yml","111","Enabled"
"BuiltinRussian","setting_spawn_vassarion_egg_disabled","localization/replace/russian/more_dragon_eggs_gamerules_l_russian.yml","112","Disabled"
"BuiltinRussian","setting_spawn_vassarion_egg_enabled_desc","localization/replace/russian/more_dragon_eggs_gamerules_l_russian.yml","114","Vassarion descended dragon egg can be picked up by travelers going into the Mountains of the Vale."
"BuiltinRussian","setting_spawn_vassarion_egg_disabled_desc","localization/replace/russian/more_dragon_eggs_gamerules_l_russian.yml","115","The Dragonlore event in the Vale will remain but it will never spawn a dragon egg. "
"BuiltinRussian","rule_spawn_hightower_egg","localization/replace/russian/more_dragon_eggs_gamerules_l_russian.yml","117","@dragon_destined_icon! More Dragon Eggs - Яйцо Хайтауэра"
"BuiltinRussian","setting_spawn_hightower_egg_enabled","localization/replace/russian/more_dragon_eggs_gamerules_l_russian.yml","118","Включено"
"BuiltinRussian","setting_spawn_hightower_egg_disabled","localization/replace/russian/more_dragon_eggs_gamerules_l_russian.yml","119","Отключено"
"BuiltinRussian","setting_spawn_hightower_egg_enabled_desc","localization/replace/russian/more_dragon_eggs_gamerules_l_russian.yml","121","Яйца Тессариона и Морского Дыма принадлежат владельцу Высокой Башни при старте игры."
"BuiltinRussian","setting_spawn_hightower_egg_disabled_desc","localization/replace/russian/more_dragon_eggs_gamerules_l_russian.yml","122","The Hightowers will not start with a dragon egg. "
"BuiltinRussian","rule_spawn_dragonstone_eggs","localization/replace/russian/more_dragon_eggs_gamerules_l_russian.yml","124","@dragon_destined_icon! More Dragon Eggs - Яйца Драконьего Камня"
"BuiltinRussian","setting_spawn_dragonstone_eggs_enabled","localization/replace/russian/more_dragon_eggs_gamerules_l_russian.yml","125","Включено"
"BuiltinRussian","setting_spawn_dragonstone_eggs_disabled","localization/replace/russian/more_dragon_eggs_gamerules_l_russian.yml","126","Отключено"
"BuiltinRussian","setting_spawn_dragonstone_eggs_enabled_desc","localization/replace/russian/more_dragon_eggs_gamerules_l_russian.yml","128","Яйца Нессарион/Мераксис/Вхагар/Ртуть/Пламенная мечта/Мелеис/Среброкрылая + Вермитор/Сираксис + Караксис можно найти на Драконьем Камне."
"BuiltinRussian","setting_spawn_dragonstone_eggs_disabled_desc","localization/replace/russian/more_dragon_eggs_gamerules_l_russian.yml","129","The Dragonlore event in Dragonstone will remain but it will never spawn a dragon egg by visiting, A Day On Dragonstone event will remain unchanged. Adventurer Inspirations to Dragonstone will remain unchanged. "
"BuiltinRussian","rule_cradle_egg_hatch_likelihood_player","localization/replace/russian/more_dragon_eggs_gamerules_l_russian.yml","139","@dragon_destined_icon! More Dragon Eggs - Вероятность вылупления яиц в колыбели (Игрок)"
"BuiltinRussian","setting_cradle_egg_hatch_likelihood_never","localization/replace/russian/more_dragon_eggs_gamerules_l_russian.yml","140","Никогда"
"BuiltinRussian","setting_cradle_egg_hatch_likelihood_rare","localization/replace/russian/more_dragon_eggs_gamerules_l_russian.yml","141","Редко"
"BuiltinRussian","setting_cradle_egg_hatch_likelihood_less_likely","localization/replace/russian/more_dragon_eggs_gamerules_l_russian.yml","142","Менее вероятно"
"BuiltinRussian","setting_cradle_egg_hatch_likelihood_default","localization/replace/russian/more_dragon_eggs_gamerules_l_russian.yml","143","По умолчанию"
"BuiltinRussian","setting_cradle_egg_hatch_likelihood_more_likely","localization/replace/russian/more_dragon_eggs_gamerules_l_russian.yml","144","Более вероятно"
"BuiltinRussian","setting_cradle_egg_hatch_likelihood_common","localization/replace/russian/more_dragon_eggs_gamerules_l_russian.yml","145","Часто"
"BuiltinRussian","setting_cradle_egg_hatch_likelihood_always","localization/replace/russian/more_dragon_eggs_gamerules_l_russian.yml","146","Всегда"
"BuiltinRussian","setting_cradle_egg_hatch_likelihood_never_desc","localization/replace/russian/more_dragon_eggs_gamerules_l_russian.yml","148","Яйца в колыбелях игроков и их семей никогда не вылупляются."
"BuiltinRussian","setting_cradle_egg_hatch_likelihood_rare_desc","localization/replace/russian/more_dragon_eggs_gamerules_l_russian.yml","149","Яйца в колыбелях игроков и их семей редко вылупляются."
"BuiltinRussian","setting_cradle_egg_hatch_likelihood_less_likely_desc","localization/replace/russian/more_dragon_eggs_gamerules_l_russian.yml","150","Яйца в колыбелях игроков и их семей вылупляются реже обычного."
"BuiltinRussian","setting_cradle_egg_hatch_likelihood_default_desc","localization/replace/russian/more_dragon_eggs_gamerules_l_russian.yml","151","Стандартная вероятность вылупления яиц в колыбелях игроков и их семей."
"BuiltinRussian","setting_cradle_egg_hatch_likelihood_more_likely_desc","localization/replace/russian/more_dragon_eggs_gamerules_l_russian.yml","152","Яйца в колыбелях игроков и их семей вылупляются чаще обычного."
"BuiltinRussian","setting_cradle_egg_hatch_likelihood_common_desc","localization/replace/russian/more_dragon_eggs_gamerules_l_russian.yml","153","Высокий шанс вылупления яиц в колыбелях игроков и их семей."
"BuiltinRussian","setting_cradle_egg_hatch_likelihood_always_desc","localization/replace/russian/more_dragon_eggs_gamerules_l_russian.yml","154","Яйца в колыбелях игроков и их семей никогда не станут бесплодными."
"BuiltinRussian","rule_cradle_egg_hatch_likelihood_ai","localization/replace/russian/more_dragon_eggs_gamerules_l_russian.yml","156","@dragon_destined_icon! More Dragon Eggs - Вероятность вылупления яиц в колыбели (ИИ)"
"BuiltinRussian","setting_cradle_egg_hatch_likelihood_wont_cradle_ai","localization/replace/russian/more_dragon_eggs_gamerules_l_russian.yml","157","Не использует колыбели"
"BuiltinRussian","setting_cradle_egg_hatch_likelihood_never_ai","localization/replace/russian/more_dragon_eggs_gamerules_l_russian.yml","158","Никогда"
"BuiltinRussian","setting_cradle_egg_hatch_likelihood_rare_ai","localization/replace/russian/more_dragon_eggs_gamerules_l_russian.yml","159","Редко"
"BuiltinRussian","setting_cradle_egg_hatch_likelihood_less_likely_ai","localization/replace/russian/more_dragon_eggs_gamerules_l_russian.yml","160","Менее вероятно"
"BuiltinRussian","setting_cradle_egg_hatch_likelihood_default_ai","localization/replace/russian/more_dragon_eggs_gamerules_l_russian.yml","161","По умолчанию"
"BuiltinRussian","setting_cradle_egg_hatch_likelihood_more_likely_ai","localization/replace/russian/more_dragon_eggs_gamerules_l_russian.yml","162","Более вероятно"
"BuiltinRussian","setting_cradle_egg_hatch_likelihood_common_ai","localization/replace/russian/more_dragon_eggs_gamerules_l_russian.yml","163","Часто"
"BuiltinRussian","setting_cradle_egg_hatch_likelihood_always_ai","localization/replace/russian/more_dragon_eggs_gamerules_l_russian.yml","164","Всегда"
"BuiltinRussian","setting_cradle_egg_hatch_likelihood_wont_cradle_ai_desc","localization/replace/russian/more_dragon_eggs_gamerules_l_russian.yml","166","ИИ не будет класть драконьи яйца в колыбели."
"BuiltinRussian","setting_cradle_egg_hatch_likelihood_never_ai_desc","localization/replace/russian/more_dragon_eggs_gamerules_l_russian.yml","167","Яйца в колыбелях ИИ никогда не вылупляются."
"BuiltinRussian","setting_cradle_egg_hatch_likelihood_rare_ai_desc","localization/replace/russian/more_dragon_eggs_gamerules_l_russian.yml","168","Яйца в колыбелях ИИ редко вылупляются."
"BuiltinRussian","setting_cradle_egg_hatch_likelihood_less_likely_ai_desc","localization/replace/russian/more_dragon_eggs_gamerules_l_russian.yml","169","Яйца в колыбелях ИИ вылупляются реже обычного."
"BuiltinRussian","setting_cradle_egg_hatch_likelihood_default_ai_desc","localization/replace/russian/more_dragon_eggs_gamerules_l_russian.yml","170","Стандартная вероятность вылупления яиц в колыбелях ИИ."
"BuiltinRussian","setting_cradle_egg_hatch_likelihood_more_likely_ai_desc","localization/replace/russian/more_dragon_eggs_gamerules_l_russian.yml","171","Яйца в колыбелях ИИ вылупляются чаще обычного."
"BuiltinRussian","setting_cradle_egg_hatch_likelihood_common_ai_desc","localization/replace/russian/more_dragon_eggs_gamerules_l_russian.yml","172","Высокий шанс вылупления яиц в колыбелях ИИ."
"BuiltinRussian","setting_cradle_egg_hatch_likelihood_always_ai_desc","localization/replace/russian/more_dragon_eggs_gamerules_l_russian.yml","173","Яйца в колыбелях ИИ никогда не станут бесплодными."
"BuiltinRussian","rule_pit_egg_hatch_likelihood_player","localization/replace/russian/more_dragon_eggs_gamerules_l_russian.yml","175","@dragon_destined_icon! More Dragon Eggs - Вероятность вылупления яиц в драконьем логове (Игрок)"
"BuiltinRussian","setting_pit_egg_hatch_likelihood_never","localization/replace/russian/more_dragon_eggs_gamerules_l_russian.yml","176","Никогда"
"BuiltinRussian","setting_pit_egg_hatch_likelihood_rare","localization/replace/russian/more_dragon_eggs_gamerules_l_russian.yml","177","Редко"
"BuiltinRussian","setting_pit_egg_hatch_likelihood_less_likely","localization/replace/russian/more_dragon_eggs_gamerules_l_russian.yml","178","Менее вероятно"
"BuiltinRussian","setting_pit_egg_hatch_likelihood_default","localization/replace/russian/more_dragon_eggs_gamerules_l_russian.yml","179","По умолчанию"
"BuiltinRussian","setting_pit_egg_hatch_likelihood_more_likely","localization/replace/russian/more_dragon_eggs_gamerules_l_russian.yml","180","Более вероятно"
"BuiltinRussian","setting_pit_egg_hatch_likelihood_common","localization/replace/russian/more_dragon_eggs_gamerules_l_russian.yml","181","Часто"
"BuiltinRussian","setting_pit_egg_hatch_likelihood_always","localization/replace/russian/more_dragon_eggs_gamerules_l_russian.yml","182","Всегда"
"BuiltinRussian","setting_pit_egg_hatch_likelihood_never_desc","localization/replace/russian/more_dragon_eggs_gamerules_l_russian.yml","184","Яйца в драконьем логове игрока никогда не вылупляются."
"BuiltinRussian","setting_pit_egg_hatch_likelihood_rare_desc","localization/replace/russian/more_dragon_eggs_gamerules_l_russian.yml","185","Яйца в драконьем логове игрока редко вылупляются."
"BuiltinRussian","setting_pit_egg_hatch_likelihood_less_likely_desc","localization/replace/russian/more_dragon_eggs_gamerules_l_russian.yml","186","Яйца в драконьем логове игрока вылупляются реже обычного."
"BuiltinRussian","setting_pit_egg_hatch_likelihood_default_desc","localization/replace/russian/more_dragon_eggs_gamerules_l_russian.yml","187","Стандартная вероятность вылупления яиц в драконьем логове игрока."
"BuiltinRussian","setting_pit_egg_hatch_likelihood_more_likely_desc","localization/replace/russian/more_dragon_eggs_gamerules_l_russian.yml","188","Яйца в драконьем логове игрока вылупляются чаще обычного."
"BuiltinRussian","setting_pit_egg_hatch_likelihood_common_desc","localization/replace/russian/more_dragon_eggs_gamerules_l_russian.yml","189","Высокий шанс вылупления яиц в драконьем логове игрока."
"BuiltinRussian","setting_pit_egg_hatch_likelihood_always_desc","localization/replace/russian/more_dragon_eggs_gamerules_l_russian.yml","190","Яйца в драконьем логове игрока никогда не станут бесплодными."
"BuiltinRussian","rule_pit_egg_hatch_likelihood_ai","localization/replace/russian/more_dragon_eggs_gamerules_l_russian.yml","192","@dragon_destined_icon! More Dragon Eggs - Вероятность вылупления яиц в драконьем логове (ИИ)"
"BuiltinRussian","setting_pit_egg_hatch_likelihood_wont_pit_ai","localization/replace/russian/more_dragon_eggs_gamerules_l_russian.yml","193","Не использует логово"
"BuiltinRussian","setting_pit_egg_hatch_likelihood_never_ai","localization/replace/russian/more_dragon_eggs_gamerules_l_russian.yml","194","Никогда"
"BuiltinRussian","setting_pit_egg_hatch_likelihood_rare_ai","localization/replace/russian/more_dragon_eggs_gamerules_l_russian.yml","195","Редко"
"BuiltinRussian","setting_pit_egg_hatch_likelihood_less_likely_ai","localization/replace/russian/more_dragon_eggs_gamerules_l_russian.yml","196","Менее вероятно"
"BuiltinRussian","setting_pit_egg_hatch_likelihood_default_ai","localization/replace/russian/more_dragon_eggs_gamerules_l_russian.yml","197","По умолчанию"
"BuiltinRussian","setting_pit_egg_hatch_likelihood_more_likely_ai","localization/replace/russian/more_dragon_eggs_gamerules_l_russian.yml","198","Более вероятно"
"BuiltinRussian","setting_pit_egg_hatch_likelihood_common_ai","localization/replace/russian/more_dragon_eggs_gamerules_l_russian.yml","199","Часто"
"BuiltinRussian","setting_pit_egg_hatch_likelihood_always_ai","localization/replace/russian/more_dragon_eggs_gamerules_l_russian.yml","200","Всегда"
"BuiltinRussian","setting_pit_egg_hatch_likelihood_wont_pit_ai_desc","localization/replace/russian/more_dragon_eggs_gamerules_l_russian.yml","202","ИИ не будет помещать драконьи яйца в драконье логово."
"BuiltinRussian","setting_pit_egg_hatch_likelihood_never_ai_desc","localization/replace/russian/more_dragon_eggs_gamerules_l_russian.yml","203","Яйца в драконьем логове ИИ никогда не вылупляются."
"BuiltinRussian","setting_pit_egg_hatch_likelihood_rare_ai_desc","localization/replace/russian/more_dragon_eggs_gamerules_l_russian.yml","204","Яйца в драконьем логове ИИ редко вылупляются."
"BuiltinRussian","setting_pit_egg_hatch_likelihood_less_likely_ai_desc","localization/replace/russian/more_dragon_eggs_gamerules_l_russian.yml","205","Яйца в драконьем логове ИИ вылупляются реже обычного."
"BuiltinRussian","setting_pit_egg_hatch_likelihood_default_ai_desc","localization/replace/russian/more_dragon_eggs_gamerules_l_russian.yml","206","Стандартная вероятность вылупления яиц в драконьем логове ИИ."
"BuiltinRussian","setting_pit_egg_hatch_likelihood_more_likely_ai_desc","localization/replace/russian/more_dragon_eggs_gamerules_l_russian.yml","207","Яйца в драконьем логове ИИ вылупляются чаще обычного."
"BuiltinRussian","setting_pit_egg_hatch_likelihood_common_ai_desc","localization/replace/russian/more_dragon_eggs_gamerules_l_russian.yml","208","Высокий шанс вылупления яиц в драконьем логове ИИ."
"BuiltinRussian","setting_pit_egg_hatch_likelihood_always_ai_desc","localization/replace/russian/more_dragon_eggs_gamerules_l_russian.yml","209","Яйца в драконьем логове ИИ никогда не станут бесплодными."
"BuiltinRussian","rule_canon_dragon_egg_hatch_likelihood","localization/replace/russian/more_dragon_eggs_gamerules_l_russian.yml","211","@dragon_destined_icon! More Dragon Eggs - Вероятность вылупления канонических яиц"
"BuiltinRussian","setting_canon_dragon_egg_hatch_likelihood_never","localization/replace/russian/more_dragon_eggs_gamerules_l_russian.yml","212","Никогда"
"BuiltinRussian","setting_canon_dragon_egg_hatch_likelihood_less_likely","localization/replace/russian/more_dragon_eggs_gamerules_l_russian.yml","213","Менее вероятно"
"BuiltinRussian","setting_canon_dragon_egg_hatch_likelihood_default","localization/replace/russian/more_dragon_eggs_gamerules_l_russian.yml","214","По умолчанию"
"BuiltinRussian","setting_canon_dragon_egg_hatch_likelihood_more_likely","localization/replace/russian/more_dragon_eggs_gamerules_l_russian.yml","215","Более вероятно"
"BuiltinRussian","setting_canon_dragon_egg_hatch_likelihood_common","localization/replace/russian/more_dragon_eggs_gamerules_l_russian.yml","216","Часто"
"BuiltinRussian","setting_canon_dragon_egg_hatch_likelihood_guaranteed","localization/replace/russian/more_dragon_eggs_gamerules_l_russian.yml","217","Гарантировано"
"BuiltinRussian","setting_canon_dragon_egg_hatch_likelihood_never_desc","localization/replace/russian/more_dragon_eggs_gamerules_l_russian.yml","219","Канонические драконьи яйца никогда не вылупятся в колыбели, в драконьем логове или как дополнительные яйца на церемонии, если только эта настройка не стоит на «Всегда». Действует только при включённых канонических драконах."
"BuiltinRussian","setting_canon_dragon_egg_hatch_likelihood_less_likely_desc","localization/replace/russian/more_dragon_eggs_gamerules_l_russian.yml","220","Канонические драконьи яйца вылупляются реже в колыбели, в драконьем логове и как дополнительные яйца на церемонии. Суммируется с этими настройками. Действует только при включённых канонических драконах."
"BuiltinRussian","setting_canon_dragon_egg_hatch_likelihood_default_desc","localization/replace/russian/more_dragon_eggs_gamerules_l_russian.yml","221","Канонические драконьи яйца используют те же шансы, что и остальные яйца, в колыбели, в драконьем логове и на церемонии. Действует только при включённых канонических драконах."
"BuiltinRussian","setting_canon_dragon_egg_hatch_likelihood_more_likely_desc","localization/replace/russian/more_dragon_eggs_gamerules_l_russian.yml","222","Канонические драконьи яйца вылупляются чаще в колыбели, в драконьем логове и как дополнительные яйца на церемонии. Суммируется с этими настройками. Действует только при включённых канонических драконах."
"BuiltinRussian","setting_canon_dragon_egg_hatch_likelihood_common_desc","localization/replace/russian/more_dragon_eggs_gamerules_l_russian.yml","223","Высокий шанс вылупления канонических драконьих яиц в колыбели, в драконьем логове и как дополнительных яиц на церемонии. Суммируется с этими настройками. Действует только при включённых канонических драконах."
"BuiltinRussian","setting_canon_dragon_egg_hatch_likelihood_guaranteed_desc","localization/replace/russian/more_dragon_eggs_gamerules_l_russian.yml","224","Канонические драконьи яйца никогда не станут бесплодными в колыбели или в драконьем логове, если только эта настройка не стоит на «Никогда», и всегда вылупятся как дополнительные яйца на церемонии. Действует только при включённых канонических драконах."
"BuiltinRussian","rule_dragon_egg_clutch_size","localization/replace/russian/more_dragon_eggs_gamerules_l_russian.yml","226","@dragon_destined_icon! More Dragon Eggs - Размер кладки"
"BuiltinRussian","setting_dragon_egg_clutch_size_default","localization/replace/russian/more_dragon_eggs_gamerules_l_russian.yml","227","По умолчанию"
"BuiltinRussian","setting_dragon_egg_clutch_size_plus_one","localization/replace/russian/more_dragon_eggs_gamerules_l_russian.yml","228","+1"
"BuiltinRussian","setting_dragon_egg_clutch_size_plus_two","localization/replace/russian/more_dragon_eggs_gamerules_l_russian.yml","229","+2"
"BuiltinRussian","setting_dragon_egg_clutch_size_plus_three","localization/replace/russian/more_dragon_eggs_gamerules_l_russian.yml","230","+3"
"BuiltinRussian","setting_dragon_egg_clutch_size_default_desc","localization/replace/russian/more_dragon_eggs_gamerules_l_russian.yml","232","Драконы откладывают стандартное количество яиц за кладку"
"BuiltinRussian","setting_dragon_egg_clutch_size_plus_one_desc","localization/replace/russian/more_dragon_eggs_gamerules_l_russian.yml","233","Драконы откладывают +1 яйцо за кладку. Суммируется с плодовитостью."
"BuiltinRussian","setting_dragon_egg_clutch_size_plus_two_desc","localization/replace/russian/more_dragon_eggs_gamerules_l_russian.yml","234","Драконы откладывают +2 яйца за кладку. Суммируется с плодовитостью."
"BuiltinRussian","setting_dragon_egg_clutch_size_plus_three_desc","localization/replace/russian/more_dragon_eggs_gamerules_l_russian.yml","235","Драконы откладывают +3 яйца за кладку. Суммируется с плодовитостью."
"BuiltinRussian","rule_dragon_egg_clutch_frequency","localization/replace/russian/more_dragon_eggs_gamerules_l_russian.yml","237","@dragon_destined_icon! More Dragon Eggs - Частота кладок (Игрок)"
"BuiltinRussian","setting_dragon_egg_clutch_frequency_less_likely","localization/replace/russian/more_dragon_eggs_gamerules_l_russian.yml","238","Менее вероятно"
"BuiltinRussian","setting_dragon_egg_clutch_frequency_default","localization/replace/russian/more_dragon_eggs_gamerules_l_russian.yml","239","По умолчанию"
"BuiltinRussian","setting_dragon_egg_clutch_frequency_more_likely","localization/replace/russian/more_dragon_eggs_gamerules_l_russian.yml","240","Более вероятно"
"BuiltinRussian","setting_dragon_egg_clutch_frequency_common","localization/replace/russian/more_dragon_eggs_gamerules_l_russian.yml","241","Часто"
"BuiltinRussian","setting_dragon_egg_clutch_frequency_less_likely_desc","localization/replace/russian/more_dragon_eggs_gamerules_l_russian.yml","243","Драконы реже откладывают кладки."
"BuiltinRussian","setting_dragon_egg_clutch_frequency_default_desc","localization/replace/russian/more_dragon_eggs_gamerules_l_russian.yml","244","Стандартная вероятность кладок."
"BuiltinRussian","setting_dragon_egg_clutch_frequency_more_likely_desc","localization/replace/russian/more_dragon_eggs_gamerules_l_russian.yml","245","Драконы чаще откладывают кладки."
"BuiltinRussian","setting_dragon_egg_clutch_frequency_common_desc","localization/replace/russian/more_dragon_eggs_gamerules_l_russian.yml","246","Драконы часто откладывают кладки."
"BuiltinRussian","rule_dragon_egg_clutch_frequency_ai","localization/replace/russian/more_dragon_eggs_gamerules_l_russian.yml","248","@dragon_destined_icon! More Dragon Eggs - Частота кладок (ИИ)"
"BuiltinRussian","setting_dragon_egg_clutch_frequency_less_likely_ai","localization/replace/russian/more_dragon_eggs_gamerules_l_russian.yml","249","Менее вероятно"
"BuiltinRussian","setting_dragon_egg_clutch_frequency_default_ai","localization/replace/russian/more_dragon_eggs_gamerules_l_russian.yml","250","По умолчанию"
"BuiltinRussian","setting_dragon_egg_clutch_frequency_more_likely_ai","localization/replace/russian/more_dragon_eggs_gamerules_l_russian.yml","251","Более вероятно"
"BuiltinRussian","setting_dragon_egg_clutch_frequency_common_ai","localization/replace/russian/more_dragon_eggs_gamerules_l_russian.yml","252","Часто"
"BuiltinRussian","setting_dragon_egg_clutch_frequency_less_likely_ai_desc","localization/replace/russian/more_dragon_eggs_gamerules_l_russian.yml","254","Драконы реже откладывают кладки."
"BuiltinRussian","setting_dragon_egg_clutch_frequency_default_ai_desc","localization/replace/russian/more_dragon_eggs_gamerules_l_russian.yml","255","Стандартная вероятность кладок."
"BuiltinRussian","setting_dragon_egg_clutch_frequency_more_likely_ai_desc","localization/replace/russian/more_dragon_eggs_gamerules_l_russian.yml","256","Драконы чаще откладывают кладки."
"BuiltinRussian","setting_dragon_egg_clutch_frequency_common_ai_desc","localization/replace/russian/more_dragon_eggs_gamerules_l_russian.yml","257","Драконы часто откладывают кладки."
"BuiltinRussian","rule_dragon_gene_frequency","localization/replace/russian/more_dragon_eggs_gamerules_l_russian.yml","260","@dragon_destined_icon! Частота генетических черт у драконов"
"BuiltinRussian","setting_dragon_gene_frequency_less_likely","localization/replace/russian/more_dragon_eggs_gamerules_l_russian.yml","261","Менее вероятно"
"BuiltinRussian","setting_dragon_gene_frequency_default","localization/replace/russian/more_dragon_eggs_gamerules_l_russian.yml","262","По умолчанию"
"BuiltinRussian","setting_dragon_gene_frequency_more_likely","localization/replace/russian/more_dragon_eggs_gamerules_l_russian.yml","263","Более вероятно"
"BuiltinRussian","setting_dragon_gene_frequency_common","localization/replace/russian/more_dragon_eggs_gamerules_l_russian.yml","264","Очень вероятно"
"BuiltinRussian","setting_dragon_gene_frequency_less_likely_desc","localization/replace/russian/more_dragon_eggs_gamerules_l_russian.yml","266","У драконов реже проявляются генетические черты."
"BuiltinRussian","setting_dragon_gene_frequency_default_desc","localization/replace/russian/more_dragon_eggs_gamerules_l_russian.yml","267","Стандартные шансы появления генетических черт."
"BuiltinRussian","setting_dragon_gene_frequency_more_likely_desc","localization/replace/russian/more_dragon_eggs_gamerules_l_russian.yml","268","У драконов чаще проявляются генетические черты."
"BuiltinRussian","setting_dragon_gene_frequency_common_desc","localization/replace/russian/more_dragon_eggs_gamerules_l_russian.yml","269","Генетические черты у драконов появляются очень часто."
"BuiltinRussian","rule_dragon_gene_frequency_naughty_or_nice","localization/replace/russian/more_dragon_eggs_gamerules_l_russian.yml","271","@dragon_destined_icon! Применение частоты генетических черт драконов"
"BuiltinRussian","setting_dragon_gene_frequency_naughty_or_nice_negative","localization/replace/russian/more_dragon_eggs_gamerules_l_russian.yml","272","Отрицательные"
"BuiltinRussian","setting_dragon_gene_frequency_naughty_or_nice_both","localization/replace/russian/more_dragon_eggs_gamerules_l_russian.yml","273","Оба"
"BuiltinRussian","setting_dragon_gene_frequency_naughty_or_nice_positive","localization/replace/russian/more_dragon_eggs_gamerules_l_russian.yml","274","Положительные"
"BuiltinRussian","setting_dragon_gene_frequency_naughty_or_nice_negative_desc","localization/replace/russian/more_dragon_eggs_gamerules_l_russian.yml","276","Правило частоты генов драконов применяется только к отрицательным чертам."
"BuiltinRussian","setting_dragon_gene_frequency_naughty_or_nice_both_desc","localization/replace/russian/more_dragon_eggs_gamerules_l_russian.yml","277","Правило частоты генов драконов применяется ко всем чертам (положительным и отрицательным)."
"BuiltinRussian","setting_dragon_gene_frequency_naughty_or_nice_positive_desc","localization/replace/russian/more_dragon_eggs_gamerules_l_russian.yml","278","Правило частоты генов драконов применяется только к положительным чертам."
"BuiltinRussian","rule_cannibal_instinct_odds","localization/replace/russian/more_dragon_eggs_gamerules_l_russian.yml","280","@dragon_destined_icon! Шансы события 'Инстинкт Каннибала'"
"BuiltinRussian","setting_cannibal_instinct_odds_never","localization/replace/russian/more_dragon_eggs_gamerules_l_russian.yml","281","Никогда"
"BuiltinRussian","setting_cannibal_instinct_odds_rare","localization/replace/russian/more_dragon_eggs_gamerules_l_russian.yml","282","Редко"
"BuiltinRussian","setting_cannibal_instinct_odds_unlikely","localization/replace/russian/more_dragon_eggs_gamerules_l_russian.yml","283","Маловероятно"
"BuiltinRussian","setting_cannibal_instinct_odds_default","localization/replace/russian/more_dragon_eggs_gamerules_l_russian.yml","284","По умолчанию"
"BuiltinRussian","setting_cannibal_instinct_odds_likely","localization/replace/russian/more_dragon_eggs_gamerules_l_russian.yml","285","Вероятно"
"BuiltinRussian","setting_cannibal_instinct_odds_high","localization/replace/russian/more_dragon_eggs_gamerules_l_russian.yml","286","Очень вероятно"
"BuiltinRussian","setting_cannibal_instinct_odds_never_desc","localization/replace/russian/more_dragon_eggs_gamerules_l_russian.yml","288","Событие 'Инстинкт Каннибала' никогда не произойдет."
"BuiltinRussian","setting_cannibal_instinct_odds_rare_desc","localization/replace/russian/more_dragon_eggs_gamerules_l_russian.yml","289","Событие 'Инстинкт Каннибала' будет происходить крайне редко."
"BuiltinRussian","setting_cannibal_instinct_odds_unlikely_desc","localization/replace/russian/more_dragon_eggs_gamerules_l_russian.yml","290","Событие 'Инстинкт Каннибала' маловероятно."
"BuiltinRussian","setting_cannibal_instinct_odds_default_desc","localization/replace/russian/more_dragon_eggs_gamerules_l_russian.yml","291","Стандартные шансы срабатывания события."
"BuiltinRussian","setting_cannibal_instinct_odds_likely_desc","localization/replace/russian/more_dragon_eggs_gamerules_l_russian.yml","292","Событие 'Инстинкт Каннибала' вероятно."
"BuiltinRussian","setting_cannibal_instinct_odds_high_desc","localization/replace/russian/more_dragon_eggs_gamerules_l_russian.yml","293","Событие 'Инстинкт Каннибала' крайне вероятно."
"BuiltinRussian","rule_ride_dragon_decision_cooldown","localization/replace/russian/more_dragon_eggs_gamerules_l_russian.yml","295","@dragon_destined_icon! Время перезарядки решения 'Оседлать дракона'"
"BuiltinRussian","setting_ride_dragon_decision_cooldown_three_months","localization/replace/russian/more_dragon_eggs_gamerules_l_russian.yml","296","3 месяца"
"BuiltinRussian","setting_ride_dragon_decision_cooldown_six_months","localization/replace/russian/more_dragon_eggs_gamerules_l_russian.yml","297","6 месяцев"
"BuiltinRussian","setting_ride_dragon_decision_cooldown_nine_months","localization/replace/russian/more_dragon_eggs_gamerules_l_russian.yml","298","9 месяцев"
"BuiltinRussian","setting_ride_dragon_decision_cooldown_one_year","localization/replace/russian/more_dragon_eggs_gamerules_l_russian.yml","299","1 год"
"BuiltinRussian","setting_ride_dragon_decision_cooldown_two_years","localization/replace/russian/more_dragon_eggs_gamerules_l_russian.yml","300","2 года"
"BuiltinRussian","setting_ride_dragon_decision_cooldown_default","localization/replace/russian/more_dragon_eggs_gamerules_l_russian.yml","301","3 года"
"BuiltinRussian","setting_ride_dragon_decision_cooldown_four_years","localization/replace/russian/more_dragon_eggs_gamerules_l_russian.yml","302","4 года"
"BuiltinRussian","setting_ride_dragon_decision_cooldown_five_years_hash_avoid","localization/replace/russian/more_dragon_eggs_gamerules_l_russian.yml","303","5 лет"
"BuiltinRussian","setting_ride_dragon_decision_cooldown_three_months_desc","localization/replace/russian/more_dragon_eggs_gamerules_l_russian.yml","305","Длительность перезарядки для решения 'Оседлать дракона'"
"BuiltinRussian","setting_ride_dragon_decision_cooldown_six_months_desc","localization/replace/russian/more_dragon_eggs_gamerules_l_russian.yml","306","Длительность перезарядки для решения 'Оседлать дракона'"
"BuiltinRussian","setting_ride_dragon_decision_cooldown_nine_months_desc","localization/replace/russian/more_dragon_eggs_gamerules_l_russian.yml","307","Длительность перезарядки для решения 'Оседлать дракона'"
"BuiltinRussian","setting_ride_dragon_decision_cooldown_one_year_desc","localization/replace/russian/more_dragon_eggs_gamerules_l_russian.yml","308","Длительность перезарядки для решения 'Оседлать дракона'"
"BuiltinRussian","setting_ride_dragon_decision_cooldown_two_years_desc","localization/replace/russian/more_dragon_eggs_gamerules_l_russian.yml","309","Длительность перезарядки для решения 'Оседлать дракона'"
"BuiltinRussian","setting_ride_dragon_decision_cooldown_default_desc","localization/replace/russian/more_dragon_eggs_gamerules_l_russian.yml","310","Длительность перезарядки для решения 'Оседлать дракона'"
"BuiltinRussian","setting_ride_dragon_decision_cooldown_four_years_desc","localization/replace/russian/more_dragon_eggs_gamerules_l_russian.yml","311","Длительность перезарядки для решения 'Оседлать дракона'"
"BuiltinRussian","setting_ride_dragon_decision_cooldown_five_years_hash_avoid_desc","localization/replace/russian/more_dragon_eggs_gamerules_l_russian.yml","312","Длительность перезарядки для решения 'Оседлать дракона'"
"BuiltinRussian","rule_capture_dragon_time_limit","localization/replace/russian/more_dragon_eggs_gamerules_l_russian.yml","314","@dragon_destined_icon! Ограничение времени поимки дракона"
"BuiltinRussian","setting_capture_dragon_time_limit_none","localization/replace/russian/more_dragon_eggs_gamerules_l_russian.yml","315","Нет ограничений по времени"
"BuiltinRussian","setting_capture_dragon_time_limit_90_days","localization/replace/russian/more_dragon_eggs_gamerules_l_russian.yml","316","Квартал года"
"BuiltinRussian","setting_capture_dragon_time_limit_182_days","localization/replace/russian/more_dragon_eggs_gamerules_l_russian.yml","317","Полгода"
"BuiltinRussian","setting_capture_dragon_time_limit_default","localization/replace/russian/more_dragon_eggs_gamerules_l_russian.yml","318","Один год"
"BuiltinRussian","setting_capture_dragon_time_limit_double","localization/replace/russian/more_dragon_eggs_gamerules_l_russian.yml","319","Два года"
"BuiltinRussian","setting_capture_dragon_time_limit_none_desc","localization/replace/russian/more_dragon_eggs_gamerules_l_russian.yml","321","Поимка дракона доступна в любое время."
"BuiltinRussian","setting_capture_dragon_time_limit_90_days_desc","localization/replace/russian/more_dragon_eggs_gamerules_l_russian.yml","322","Поимка дракона доступна каждые 90 дней."
"BuiltinRussian","setting_capture_dragon_time_limit_182_days_desc","localization/replace/russian/more_dragon_eggs_gamerules_l_russian.yml","323","Поимка дракона доступна каждые полгода."
"BuiltinRussian","setting_capture_dragon_time_limit_default_desc","localization/replace/russian/more_dragon_eggs_gamerules_l_russian.yml","324","Поимка дракона доступна раз в год."
"BuiltinRussian","setting_capture_dragon_time_limit_double_desc","localization/replace/russian/more_dragon_eggs_gamerules_l_russian.yml","325","Поимка дракона доступна каждые два года."
"BuiltinRussian","rule_summerhall_success_chance","localization/replace/russian/more_dragon_eggs_gamerules_l_russian.yml","329","@dragon_destined_icon! More Dragon Eggs - Шанс успеха в Саммерхолле"
"BuiltinRussian","setting_summerhall_seven_wild","localization/replace/russian/more_dragon_eggs_gamerules_l_russian.yml","330","7 Wild Dragons"
"BuiltinRussian","setting_summerhall_guaranteed_all_seven","localization/replace/russian/more_dragon_eggs_gamerules_l_russian.yml","331","Guaranteed 7 Dragons"
"BuiltinRussian","setting_summerhall_guaranteed","localization/replace/russian/more_dragon_eggs_gamerules_l_russian.yml","332","Гарантировано"
"BuiltinRussian","setting_summerhall_very_likely","localization/replace/russian/more_dragon_eggs_gamerules_l_russian.yml","333","Очень вероятно"
"BuiltinRussian","setting_summerhall_normal","localization/replace/russian/more_dragon_eggs_gamerules_l_russian.yml","334","По умолчанию"
"BuiltinRussian","setting_summerhall_not","localization/replace/russian/more_dragon_eggs_gamerules_l_russian.yml","335","Провал"
"BuiltinRussian","setting_summerhall_seven_wild_desc","localization/replace/russian/more_dragon_eggs_gamerules_l_russian.yml","337","The Summerhall event chain will result in Aegon V dying and hatching seven wild dragons."
"BuiltinRussian","setting_summerhall_guaranteed_all_seven_desc","localization/replace/russian/more_dragon_eggs_gamerules_l_russian.yml","338","The Summerhall event chain will result in Aegon V spawning in seven dragon."
"BuiltinRussian","setting_summerhall_guaranteed_desc","localization/replace/russian/more_dragon_eggs_gamerules_l_russian.yml","339","Цепочка событий в Саммерхолле гарантированно приведёт к появлению дракона(ов)."
"BuiltinRussian","setting_summerhall_very_likely_desc","localization/replace/russian/more_dragon_eggs_gamerules_l_russian.yml","340","~50% шанс появления дракона(ов) через события Саммерхолла."
"BuiltinRussian","setting_summerhall_normal_desc","localization/replace/russian/more_dragon_eggs_gamerules_l_russian.yml","341","Стандартные шансы успеха/провала для событий Саммерхолла."
"BuiltinRussian","setting_summerhall_not_desc","localization/replace/russian/more_dragon_eggs_gamerules_l_russian.yml","342","События в Саммерхолле не приведут к возрождению драконов."
"BuiltinRussian","rule_maelys_hatching_success_chance","localization/replace/russian/more_dragon_eggs_gamerules_l_russian.yml","344","@dragon_destined_icon! More Dragon Eggs Мейлис - Шанс успеха вылупления"
"BuiltinRussian","setting_maelys_guaranteed","localization/replace/russian/more_dragon_eggs_gamerules_l_russian.yml","345","Гарантировано"
"BuiltinRussian","setting_maelys_very_likely","localization/replace/russian/more_dragon_eggs_gamerules_l_russian.yml","346","Очень вероятно"
"BuiltinRussian","setting_maelys_normal","localization/replace/russian/more_dragon_eggs_gamerules_l_russian.yml","347","По умолчанию"
"BuiltinRussian","setting_maelys_not","localization/replace/russian/more_dragon_eggs_gamerules_l_russian.yml","348","Провал"
"BuiltinRussian","setting_maelys_guaranteed_desc","localization/replace/russian/more_dragon_eggs_gamerules_l_russian.yml","350","Цепочка событий с Мейлисом Ужасным гарантированно приведёт к появлению дракона(ов)."
"BuiltinRussian","setting_maelys_very_likely_desc","localization/replace/russian/more_dragon_eggs_gamerules_l_russian.yml","351","~50% шанс появления дракона(ов) через события Мейлиса."
"BuiltinRussian","setting_maelys_normal_desc","localization/replace/russian/more_dragon_eggs_gamerules_l_russian.yml","352","Стандартные шансы успеха/провала для событий Мейлиса."
"BuiltinRussian","setting_maelys_not_desc","localization/replace/russian/more_dragon_eggs_gamerules_l_russian.yml","353","События с Мелисом не приведут к вылуплению драконов."
"BuiltinRussian","rule_will_maelys_sacrifice","localization/replace/russian/more_dragon_eggs_gamerules_l_russian.yml","355","@dragon_destined_icon! More Dragon Eggs - Пожертвует ли Мейлис сыном"
"BuiltinRussian","setting_maelys_will","localization/replace/russian/more_dragon_eggs_gamerules_l_russian.yml","356","Обязательно"
"BuiltinRussian","setting_maelys_might","localization/replace/russian/more_dragon_eggs_gamerules_l_russian.yml","357","Возможно"
"BuiltinRussian","setting_maelys_wont","localization/replace/russian/more_dragon_eggs_gamerules_l_russian.yml","358","Откажется"
"BuiltinRussian","setting_maelys_will_desc","localization/replace/russian/more_dragon_eggs_gamerules_l_russian.yml","360","Мейлис пожертвует сыном в попытке вылупить яйцо. Успех не гарантирован."
"BuiltinRussian","setting_maelys_might_desc","localization/replace/russian/more_dragon_eggs_gamerules_l_russian.yml","361","Мейлис может пожертвовать сыном в попытке вылупить яйцо. Успех не гарантирован."
"BuiltinRussian","setting_maelys_wont_desc","localization/replace/russian/more_dragon_eggs_gamerules_l_russian.yml","362","Мейлис не станет жертвовать сыном ради вылупления яйца."
"BuiltinRussian","rule_targaryen_exile_success_chance","localization/replace/russian/more_dragon_eggs_gamerules_l_russian.yml","364","@mde_icon!Targaryen Exile Hatching Success Chance@drogon_dragon_egg_icon!@tan_dragon_egg_icon!@vhagar_dragon_egg_icon!"
"BuiltinRussian","setting_targaryen_exile_guaranteed","localization/replace/russian/more_dragon_eggs_gamerules_l_russian.yml","365","Guaranteed"
"BuiltinRussian","setting_targaryen_exile_very_likely","localization/replace/russian/more_dragon_eggs_gamerules_l_russian.yml","366","Very Likely"
"BuiltinRussian","setting_targaryen_exile_normal","localization/replace/russian/more_dragon_eggs_gamerules_l_russian.yml","367","Default"
"BuiltinRussian","setting_targaryen_exile_not","localization/replace/russian/more_dragon_eggs_gamerules_l_russian.yml","368","Fail"
"BuiltinRussian","setting_targaryen_exile_guaranteed_desc","localization/replace/russian/more_dragon_eggs_gamerules_l_russian.yml","370","The Targaryen Exile event chain will result in Viserys or Daenerys spawning in three dragons."
"BuiltinRussian","setting_targaryen_exile_very_likely_desc","localization/replace/russian/more_dragon_eggs_gamerules_l_russian.yml","371","The Targaryen Exile event chain is very likely to result in Viserys or Daenerys spawning in three dragons."
"BuiltinRussian","setting_targaryen_exile_normal_desc","localization/replace/russian/more_dragon_eggs_gamerules_l_russian.yml","372","The Targaryen Exile event chain will have the default chance of resulting in Viserys or Daenerys spawning in three dragons."
"BuiltinRussian","setting_targaryen_exile_not_desc","localization/replace/russian/more_dragon_eggs_gamerules_l_russian.yml","373","The Targaryen Exile event chain will not result in Viserys or Daenerys spawning in three dragons."
"BuiltinRussian","rule_stepstone_invasion_frequency","localization/replace/russian/more_dragon_eggs_gamerules_l_russian.yml","375","@dragon_destined_icon! More Dragon Eggs - Частота вторжений на Ступени"
"BuiltinRussian","setting_stepstone_invasion_frequency_never","localization/replace/russian/more_dragon_eggs_gamerules_l_russian.yml","376","Никогда"
"BuiltinRussian","setting_stepstone_invasion_frequency_every_year","localization/replace/russian/more_dragon_eggs_gamerules_l_russian.yml","377","Каждый год"
"BuiltinRussian","setting_stepstone_invasion_frequency_every_5_years","localization/replace/russian/more_dragon_eggs_gamerules_l_russian.yml","378","5 лет"
"BuiltinRussian","setting_stepstone_invasion_frequency_every_10_years","localization/replace/russian/more_dragon_eggs_gamerules_l_russian.yml","379","10 лет"
"BuiltinRussian","setting_stepstone_invasion_frequency_every_20_years","localization/replace/russian/more_dragon_eggs_gamerules_l_russian.yml","380","20 лет"
"BuiltinRussian","setting_stepstone_invasion_frequency_every_50_years","localization/replace/russian/more_dragon_eggs_gamerules_l_russian.yml","381","50 лет"
"BuiltinRussian","setting_stepstone_invasion_frequency_never_desc","localization/replace/russian/more_dragon_eggs_gamerules_l_russian.yml","383","Вторжения на Ступени происходить не будут."
"BuiltinRussian","setting_stepstone_invasion_frequency_every_year_desc","localization/replace/russian/more_dragon_eggs_gamerules_l_russian.yml","384","Вторжения на Ступени будут ежегодными."
"BuiltinRussian","setting_stepstone_invasion_frequency_every_5_years_desc","localization/replace/russian/more_dragon_eggs_gamerules_l_russian.yml","385","Вторжения на Ступени каждые 5 лет (настройки vanilla AGOT)."
"BuiltinRussian","setting_stepstone_invasion_frequency_every_10_years_desc","localization/replace/russian/more_dragon_eggs_gamerules_l_russian.yml","386","Вторжения на Ступени каждые 10 лет."
"BuiltinRussian","setting_stepstone_invasion_frequency_every_20_years_desc","localization/replace/russian/more_dragon_eggs_gamerules_l_russian.yml","387","Вторжения на Ступени каждые 20 лет."
"BuiltinRussian","setting_stepstone_invasion_frequency_every_50_years_desc","localization/replace/russian/more_dragon_eggs_gamerules_l_russian.yml","388","Вторжения на Ступени каждые 50 лет."
"BuiltinRussian","rule_can_children_be_landless","localization/replace/russian/more_dragon_eggs_gamerules_l_russian.yml","390","@dragon_destined_icon! More Dragon Eggs - Дети как безземельные авантюристы"
"BuiltinRussian","setting_can_children_be_landless_never","localization/replace/russian/more_dragon_eggs_gamerules_l_russian.yml","391","Никогда"
"BuiltinRussian","setting_can_children_be_landless_default","localization/replace/russian/more_dragon_eggs_gamerules_l_russian.yml","392","По умолчанию"
"BuiltinRussian","setting_can_children_be_landless_not_dragonrider","localization/replace/russian/more_dragon_eggs_gamerules_l_russian.yml","393","Не наездники драконов"
"BuiltinRussian","setting_can_children_be_landless_not_targaryen","localization/replace/russian/more_dragon_eggs_gamerules_l_russian.yml","394","Не Таргариены"
"BuiltinRussian","setting_can_children_be_landless_never_desc","localization/replace/russian/more_dragon_eggs_gamerules_l_russian.yml","396","Событие о наследовании, делающее случайного ребёнка безземельным авантюристом, не будет срабатывать."
"BuiltinRussian","setting_can_children_be_landless_default_desc","localization/replace/russian/more_dragon_eggs_gamerules_l_russian.yml","397","Стандартные настройки игры для этого события."
"BuiltinRussian","setting_can_children_be_landless_not_dragonrider_desc","localization/replace/russian/more_dragon_eggs_gamerules_l_russian.yml","398","Наездники драконов не могут стать безземельными авантюристами через это событие."
"BuiltinRussian","setting_can_children_be_landless_not_targaryen_desc","localization/replace/russian/more_dragon_eggs_gamerules_l_russian.yml","399","Члены дома Таргариенов не могут стать безземельными авантюристами через это событие."
"BuiltinRussian","rule_can_landless_steal","localization/replace/russian/more_dragon_eggs_gamerules_l_russian.yml","401","@dragon_destined_icon! More Dragon Eggs - Кража артефактов"
"BuiltinRussian","setting_can_landless_steal_vanilla","localization/replace/russian/more_dragon_eggs_gamerules_l_russian.yml","402","Базовый AGOT"
"BuiltinRussian","setting_can_landless_steal_dragon_eggs","localization/replace/russian/more_dragon_eggs_gamerules_l_russian.yml","403","Драконьи яйца"
"BuiltinRussian","setting_can_landless_steal_valyrian_steel","localization/replace/russian/more_dragon_eggs_gamerules_l_russian.yml","404","Валирийская сталь"
"BuiltinRussian","setting_can_landless_steal_eggs_and_steel","localization/replace/russian/more_dragon_eggs_gamerules_l_russian.yml","405","Яйца и сталь"
"BuiltinRussian","setting_can_landless_steal_everything","localization/replace/russian/more_dragon_eggs_gamerules_l_russian.yml","406","Vanilla CK3"
"BuiltinRussian","setting_can_landless_steal_vanilla_desc","localization/replace/russian/more_dragon_eggs_gamerules_l_russian.yml","408","Правила кражи артефактов соответствуют базовой версии AGOT."
"BuiltinRussian","setting_can_landless_steal_dragon_eggs_desc","localization/replace/russian/more_dragon_eggs_gamerules_l_russian.yml","409","Безземельные авантюристы с Мастером-вором могут красть драконьи яйца."
"BuiltinRussian","setting_can_landless_steal_valyrian_steel_desc","localization/replace/russian/more_dragon_eggs_gamerules_l_russian.yml","410","Безземельные авантюристы с Мастером-вором могут красть валирийскую сталь."
"BuiltinRussian","setting_can_landless_steal_eggs_and_steel_desc","localization/replace/russian/more_dragon_eggs_gamerules_l_russian.yml","411","Безземельные авантюристы с Мастером-вором могут красть яйца и сталь."
"BuiltinRussian","setting_can_landless_steal_everything_desc","localization/replace/russian/more_dragon_eggs_gamerules_l_russian.yml","412","Правила кражи артефактов соответствуют Vanilla CK3."
"BuiltinRussian","rule_mde_egg_notifications","localization/replace/russian/more_dragon_eggs_gamerules_l_russian.yml","414","@dragon_destined_icon! More Dragon Eggs - Уведомления о драконьих яйцах"
"BuiltinRussian","setting_mde_egg_notifications_on","localization/replace/russian/more_dragon_eggs_gamerules_l_russian.yml","415","Вкл."
"BuiltinRussian","setting_mde_egg_notifications_off","localization/replace/russian/more_dragon_eggs_gamerules_l_russian.yml","416","Выкл."
"BuiltinRussian","setting_mde_egg_notifications_on_desc","localization/replace/russian/more_dragon_eggs_gamerules_l_russian.yml","418","Игроки получают уведомление, когда кто-то другой получает драконье яйцо: кладка, находка или иной способ."
"BuiltinRussian","setting_mde_egg_notifications_off_desc","localization/replace/russian/more_dragon_eggs_gamerules_l_russian.yml","419","Игроки не получают уведомлений, когда кто-то другой получает новое драконье яйцо."
"BuiltinRussian","game_rule_category_mde","localization/replace/russian/more_dragon_eggs_gamerules_l_russian.yml","423","@mde_icon!More Dragon Eggs"
"BuiltinRussian","game_rule_category_mde_major","localization/replace/russian/more_dragon_eggs_gamerules_l_russian.yml","424","More Dragon Eggs Major"
"BuiltinRussian","game_rule_category_hatching","localization/replace/russian/more_dragon_eggs_gamerules_l_russian.yml","425","Hatching Ceremonies"
"BuiltinRussian","game_rule_category_egg","localization/replace/russian/more_dragon_eggs_gamerules_l_russian.yml","426","Dragon Eggs"
"BuiltinRussian","game_rule_category_dragonlore","localization/replace/russian/more_dragon_eggs_gamerules_l_russian.yml","427","Dragonlore"
"BuiltinRussian","game_rule_category_dragon","localization/replace/russian/more_dragon_eggs_gamerules_l_russian.yml","428","Dragons"
"BuiltinRussian","game_rule_category_scenario_modification","localization/replace/russian/more_dragon_eggs_gamerules_l_russian.yml","429","Scenario Modification"
"BuiltinRussian","game_rule_category_mde_misc","localization/replace/russian/more_dragon_eggs_gamerules_l_russian.yml","430","More Dragon Eggs Tweaks"
"BuiltinRussian","dragonpit_ruler_law","localization/replace/russian/more_dragon_eggs_realm_laws_l_russian.yml","3","Только с разрешения"
"BuiltinRussian","dragonpit_ruler_law_effects","localization/replace/russian/more_dragon_eggs_realm_laws_l_russian.yml","4","[dragons_plural|E] в вашем [dragonpit|e] доступны только тем, кому вы дали разрешение."
"BuiltinRussian","DRAGONPIT_RULER","localization/replace/russian/more_dragon_eggs_realm_laws_l_russian.yml","5","Этот дракон находится в [dragonpit|E], доступ к которому ограничен теми, кто получил явное разрешение от его владельца."
"BuiltinRussian","egg_ruler_law","localization/replace/russian/more_dragon_eggs_realm_laws_l_russian.yml","7","Только с разрешения"
"BuiltinRussian","egg_ruler_law_effects","localization/replace/russian/more_dragon_eggs_realm_laws_l_russian.yml","8","Драконьи яйца могут законно храниться только теми, кому вы дали явное разрешение."
"BuiltinRussian","egg_close_family_law","localization/replace/russian/more_dragon_eggs_realm_laws_l_russian.yml","9","Только близкая семья"
"BuiltinRussian","egg_close_family_law_effects","localization/replace/russian/more_dragon_eggs_realm_laws_l_russian.yml","10","Драконьи яйца могут законно храниться членами вашей ближайшей семьи."
"BuiltinRussian","egg_house_law","localization/replace/russian/more_dragon_eggs_realm_laws_l_russian.yml","11","Только дом"
"BuiltinRussian","egg_house_law_effects","localization/replace/russian/more_dragon_eggs_realm_laws_l_russian.yml","12","Драконьи яйца могут законно храниться членами вашего дома."
"BuiltinRussian","egg_dynasty_law","localization/replace/russian/more_dragon_eggs_realm_laws_l_russian.yml","13","Только династия"
"BuiltinRussian","egg_dynasty_law_effects","localization/replace/russian/more_dragon_eggs_realm_laws_l_russian.yml","14","Драконьи яйца могут законно храниться членами вашей династии."
"BuiltinRussian","egg_dragonrider_house_law","localization/replace/russian/more_dragon_eggs_realm_laws_l_russian.yml","15","Только дома всадников драконов"
"BuiltinRussian","egg_dragonrider_house_law_effects","localization/replace/russian/more_dragon_eggs_realm_laws_l_russian.yml","16","Драконьи яйца могут законно храниться членами домов всадников драконов."
"BuiltinRussian","egg_everyone_law","localization/replace/russian/more_dragon_eggs_realm_laws_l_russian.yml","17","Все"
"BuiltinRussian","egg_everyone_law_effects","localization/replace/russian/more_dragon_eggs_realm_laws_l_russian.yml","18","Драконьи яйца могут законно храниться кем угодно."
"BuiltinRussian","EGG_LAW_IS_ON_COOLDOWN","localization/replace/russian/more_dragon_eggs_realm_laws_l_russian.yml","20","Вы недавно меняли законы о яйцах. Следующее изменение возможно после [GetCurrentDateWithDiff( GetVarTimeRemaining( CHARACTER.MakeScope, 'egg_law_cooldown') )]"
"BuiltinRussian","mde_dragonlore_visit","localization/replace/russian/more_dragon_eggs_travel_l_russian.yml","2","Посетил [province.Custom('DragonLocationsName')]"
"BuiltinRussian","mde_dragonlore_visit.tt","localization/replace/russian/more_dragon_eggs_travel_l_russian.yml","3","[province.Custom('DragonLocationsDesc')]"
"BuiltinRussian","cannibal_lair_name","localization/replace/russian/more_dragon_eggs_travel_l_russian.yml","5","Логово Каннибала"
"BuiltinRussian","mountains_of_the_vale_name","localization/replace/russian/more_dragon_eggs_travel_l_russian.yml","6","Горы Долины"
"BuiltinRussian","dragonpit_ruler_law","localization/replace/russian/more_dragon_eggs_travel_l_russian.yml","9","Только с разрешения"
"BuiltinRussian","dragonpit_ruler_law_effects","localization/replace/russian/more_dragon_eggs_travel_l_russian.yml","10","[dragons_plural|E] в вашем [dragonpit|e] доступны только тем, кому вы дали разрешение."
"BuiltinRussian","cannibal_lair_desc","localization/replace/russian/more_dragon_eggs_travel_l_russian.yml","12","Внутренние земли Скагоса считаются предполагаемым местом обитания дракона Каннибала, которого в последний раз видели летящим в направлении этого острова, населенного каннибалами."
"BuiltinRussian","mountains_of_the_vale_desc","localization/replace/russian/more_dragon_eggs_travel_l_russian.yml","13","Эта область Гор Долины населена огненными племенами, которые, по слухам, поклонялись таинственной огненной ведьме."
"BuiltinRussian","dragon_egg_vermithrax_desc","localization/replace/russian/agot/agot_artifacts/dp_artifacts_l_russian.yml","3","[newly_created_artifact.GetDesc]\n\nИз яйца вылупится Вермитракс."
"BuiltinRussian","dragon_egg_anogaros_desc","localization/replace/russian/agot/agot_artifacts/dp_artifacts_l_russian.yml","4","[newly_created_artifact.GetDesc]\n\nИз яйца вылупится Аногарос."
"BuiltinRussian","dragon_egg_nessarion_desc","localization/replace/russian/agot/agot_artifacts/dp_artifacts_l_russian.yml","5","[newly_created_artifact.GetDesc]\n\nИз яйца вылупится Нессарион."
"BuiltinRussian","dragon_egg_archonei_desc","localization/replace/russian/agot/agot_artifacts/dp_artifacts_l_russian.yml","6","[newly_created_artifact.GetDesc]\n\nИз яйца вылупится Архоней."
"BuiltinRussian","dragon_egg_balerion_desc","localization/replace/russian/agot/agot_artifacts/dp_artifacts_l_russian.yml","7","[newly_created_artifact.GetDesc]\n\nИз яйца вылупится Балерион."
"BuiltinRussian","dragon_egg_meraxes_desc","localization/replace/russian/agot/agot_artifacts/dp_artifacts_l_russian.yml","8","[newly_created_artifact.GetDesc]\n\nИз яйца вылупится Мерксес."
"BuiltinRussian","dragon_egg_quicksilver_desc","localization/replace/russian/agot/agot_artifacts/dp_artifacts_l_russian.yml","9","[newly_created_artifact.GetDesc]\n\nИз яйца вылупится Ртуть."
"BuiltinRussian","dragon_egg_vhagar_desc","localization/replace/russian/agot/agot_artifacts/dp_artifacts_l_russian.yml","10","[newly_created_artifact.GetDesc]\n\nИз яйца вылупится Вхагар."
"BuiltinRussian","dragon_egg_caraxes_desc","localization/replace/russian/agot/agot_artifacts/dp_artifacts_l_russian.yml","11","[newly_created_artifact.GetDesc]\n\nИз яйца вылупится Караксес."
"BuiltinRussian","dragon_egg_meleys_desc","localization/replace/russian/agot/agot_artifacts/dp_artifacts_l_russian.yml","12","[newly_created_artifact.GetDesc]\n\nИз яйца вылупится Мелейс."
"BuiltinRussian","dragon_egg_dreamfyre_desc","localization/replace/russian/agot/agot_artifacts/dp_artifacts_l_russian.yml","13","[newly_created_artifact.GetDesc]\n\nИз яйца вылупится Пламенная мечта."
"BuiltinRussian","dragon_egg_vermithor_desc","localization/replace/russian/agot/agot_artifacts/dp_artifacts_l_russian.yml","14","[newly_created_artifact.GetDesc]\n\nИз яйца вылупится Вермитор."
"BuiltinRussian","dragon_egg_silverwing_desc","localization/replace/russian/agot/agot_artifacts/dp_artifacts_l_russian.yml","15","[newly_created_artifact.GetDesc]\n\nИз яйца вылупится Среброкрылая."
"BuiltinRussian","dragon_egg_seasmoke_desc","localization/replace/russian/agot/agot_artifacts/dp_artifacts_l_russian.yml","16","[newly_created_artifact.GetDesc]\n\nИз яйца вылупится Морской Туман."
"BuiltinRussian","dragon_egg_sunfyre_desc","localization/replace/russian/agot/agot_artifacts/dp_artifacts_l_russian.yml","17","[newly_created_artifact.GetDesc]\n\nИз яйца вылупится Солнечный Огонь."
"BuiltinRussian","dragon_egg_syrax_desc","localization/replace/russian/agot/agot_artifacts/dp_artifacts_l_russian.yml","18","[newly_created_artifact.GetDesc]\n\nИз яйца вылупится Сиракс."
"BuiltinRussian","dragon_egg_tessarion_desc","localization/replace/russian/agot/agot_artifacts/dp_artifacts_l_russian.yml","19","[newly_created_artifact.GetDesc]\n\nИз яйца вылупится Тессарион."
"BuiltinRussian","dragon_egg_vermax_desc","localization/replace/russian/agot/agot_artifacts/dp_artifacts_l_russian.yml","20","[newly_created_artifact.GetDesc]\n\nИз яйца вылупится Вермакс."
"BuiltinRussian","dragon_egg_arrax_desc","localization/replace/russian/agot/agot_artifacts/dp_artifacts_l_russian.yml","21","[newly_created_artifact.GetDesc]\n\nИз яйца вылупится Арракс."
"BuiltinRussian","dragon_egg_tyraxes_desc","localization/replace/russian/agot/agot_artifacts/dp_artifacts_l_russian.yml","22","[newly_created_artifact.GetDesc]\n\nИз яйца вылупится Тираксес."
"BuiltinRussian","dragon_egg_stormcloud_desc","localization/replace/russian/agot/agot_artifacts/dp_artifacts_l_russian.yml","23","[newly_created_artifact.GetDesc]\n\nИз яйца вылупится Грозовое Облако."
"BuiltinRussian","dragon_egg_moondancer_desc","localization/replace/russian/agot/agot_artifacts/dp_artifacts_l_russian.yml","24","[newly_created_artifact.GetDesc]\n\nИз яйца вылупится Лунная Плясунья."
"BuiltinRussian","dragon_egg_wyrmling_desc","localization/replace/russian/agot/agot_artifacts/dp_artifacts_l_russian.yml","25","[newly_created_artifact.GetDesc]\n\nИз яйца вылупится Звездный Охотник."
"BuiltinRussian","dragon_egg_shrykos_desc","localization/replace/russian/agot/agot_artifacts/dp_artifacts_l_russian.yml","26","[newly_created_artifact.GetDesc]\n\nИз яйца вылупится Шрикос."
"BuiltinRussian","dragon_egg_morghul_desc","localization/replace/russian/agot/agot_artifacts/dp_artifacts_l_russian.yml","27","[newly_created_artifact.GetDesc]\n\nИз яйца вылупится Моргул."
"BuiltinRussian","dragon_egg_morning_desc","localization/replace/russian/agot/agot_artifacts/dp_artifacts_l_russian.yml","28","[newly_created_artifact.GetDesc]\n\nИз яйца вылупится Заря."
"BuiltinRussian","dragon_egg_the_last_desc","localization/replace/russian/agot/agot_artifacts/dp_artifacts_l_russian.yml","29","[newly_created_artifact.GetDesc]\n\nИз яйца вылупится Залогон."
"BuiltinRussian","dragon_egg_nightfyre_desc","localization/replace/russian/agot/agot_artifacts/dp_artifacts_l_russian.yml","30","[newly_created_artifact.GetDesc]\n\nИз яйца вылупится Ночное Пламя."
"BuiltinRussian","dragon_egg_cannibal_desc","localization/replace/russian/agot/agot_artifacts/dp_artifacts_l_russian.yml","31","[newly_created_artifact.GetDesc]\n\nИз яйца вылупится Каннибал."
"BuiltinRussian","dragon_egg_sheepstealer_desc","localization/replace/russian/agot/agot_artifacts/dp_artifacts_l_russian.yml","32","[newly_created_artifact.GetDesc]\n\nИз яйца вылупится Овцекрад."
"BuiltinRussian","dragon_egg_grey_ghost_desc","localization/replace/russian/agot/agot_artifacts/dp_artifacts_l_russian.yml","33","[newly_created_artifact.GetDesc]\n\nИз яйца вылупится Серый Призрак."
"BuiltinRussian","dragon_egg_drogon_desc","localization/replace/russian/agot/agot_artifacts/dp_artifacts_l_russian.yml","34","[newly_created_artifact.GetDesc]\n\nИз яйца вылупится Дрогон."
"BuiltinRussian","dragon_egg_rhaegal_desc","localization/replace/russian/agot/agot_artifacts/dp_artifacts_l_russian.yml","35","[newly_created_artifact.GetDesc]\n\nИз яйца вылупится Рейгал."
"BuiltinRussian","dragon_egg_viserion_desc","localization/replace/russian/agot/agot_artifacts/dp_artifacts_l_russian.yml","36","[newly_created_artifact.GetDesc]\n\nИз яйца вылупитсяh Визерион."
"BuiltinRussian","dragon_egg_serporoth_desc","localization/replace/russian/agot/agot_artifacts/dp_artifacts_l_russian.yml","37","[newly_created_artifact.GetDesc]\n\nИз яйца вылупится Серпорот."
"BuiltinRussian","dragon_egg_maegor_2_desc","localization/replace/russian/agot/agot_artifacts/dp_artifacts_l_russian.yml","38","[newly_created_artifact.GetDesc]\n\nTИз яйца вылупится Лоркон."
"BuiltinRussian","dragon_egg_maegor_3_desc","localization/replace/russian/agot/agot_artifacts/dp_artifacts_l_russian.yml","39","[newly_created_artifact.GetDesc]\n\nИз яйца вылупится Орион."
"BuiltinRussian","dragon_egg_maegor_4_desc","localization/replace/russian/agot/agot_artifacts/dp_artifacts_l_russian.yml","40","[newly_created_artifact.GetDesc]\n\nИз яйца вылупится Черное Пламя."
"BuiltinRussian","dragon_egg_maegor_5_desc","localization/replace/russian/agot/agot_artifacts/dp_artifacts_l_russian.yml","41","[newly_created_artifact.GetDesc]\n\nИз яйца вылупится Райакс."
"BuiltinRussian","dragon_egg_maegor_6_desc","localization/replace/russian/agot/agot_artifacts/dp_artifacts_l_russian.yml","42","[newly_created_artifact.GetDesc]\n\nИз яйца вылупится Моргон."
"BuiltinRussian","dragon_egg_maegor_7_desc","localization/replace/russian/agot/agot_artifacts/dp_artifacts_l_russian.yml","43","[newly_created_artifact.GetDesc]\n\nИз яйца вылупится Ликакс."
"BuiltinRussian","dragon_egg_maegor_8_desc","localization/replace/russian/agot/agot_artifacts/dp_artifacts_l_russian.yml","44","[newly_created_artifact.GetDesc]\n\nИз яйца вылупится Малракс."
"BuiltinRussian","dragon_egg_maegor_9_desc","localization/replace/russian/agot/agot_artifacts/dp_artifacts_l_russian.yml","45","[newly_created_artifact.GetDesc]\n\nИз яйца вылупится Спиракс."
"BuiltinRussian","dragon_egg_maegor_10_desc","localization/replace/russian/agot/agot_artifacts/dp_artifacts_l_russian.yml","46","[newly_created_artifact.GetDesc]\n\nИз яйца вылупится Таллфайр."
"BuiltinRussian","dragon_egg_maegor_11_desc","localization/replace/russian/agot/agot_artifacts/dp_artifacts_l_russian.yml","47","[newly_created_artifact.GetDesc]\n\nИз яйца вылупится Зувдар."
"BuiltinRussian","dragon_egg_aenys_1_desc","localization/replace/russian/agot/agot_artifacts/dp_artifacts_l_russian.yml","48","[newly_created_artifact.GetDesc]\n\nИз яйца вылупится Золотое Пламя."
"BuiltinRussian","dragon_egg_aenys_2_desc","localization/replace/russian/agot/agot_artifacts/dp_artifacts_l_russian.yml","49","[newly_created_artifact.GetDesc]\n\nИз яйца вылупится Делтарион."
"BuiltinRussian","dragon_egg_aerea_1_desc","localization/replace/russian/agot/agot_artifacts/dp_artifacts_l_russian.yml","50","[newly_created_artifact.GetDesc]\n\nИз яйца вылупится Лейнгар."
"BuiltinRussian","dragon_egg_aerea_2_desc","localization/replace/russian/agot/agot_artifacts/dp_artifacts_l_russian.yml","51","[newly_created_artifact.GetDesc]\n\nИз яйца вылупится Лунное Пламя."
"BuiltinRussian","dragon_egg_aerea_3_desc","localization/replace/russian/agot/agot_artifacts/dp_artifacts_l_russian.yml","52","[newly_created_artifact.GetDesc]\n\nИз яйца вылупится Адереон."
"BuiltinRussian","dragon_egg_daenerys_1_desc","localization/replace/russian/agot/agot_artifacts/dp_artifacts_l_russian.yml","53","[newly_created_artifact.GetDesc]\n\nИз яйца вылупится Хуракс."
"BuiltinRussian","dragon_egg_aemond_1_desc","localization/replace/russian/agot/agot_artifacts/dp_artifacts_l_russian.yml","54","[newly_created_artifact.GetDesc]\n\nИз яйца вылупится Крылатый Незнакомец."
"BuiltinRussian","dragon_egg_aemond_2_desc","localization/replace/russian/agot/agot_artifacts/dp_artifacts_l_russian.yml","55","[newly_created_artifact.GetDesc]\n\nИз яйца вылупится Хейгон."
"BuiltinRussian","dragon_egg_aemond_3_desc","localization/replace/russian/agot/agot_artifacts/dp_artifacts_l_russian.yml","56","[newly_created_artifact.GetDesc]\n\nИз яйца вылупится Келос."
"BuiltinRussian","dragon_egg_essovius_desc","localization/replace/russian/agot/agot_artifacts/dp_artifacts_l_russian.yml","57","[newly_created_artifact.GetDesc]\n\nИз яйца вылупится Эссовиус."
"BuiltinRussian","dragon_egg_valryon_desc","localization/replace/russian/agot/agot_artifacts/dp_artifacts_l_russian.yml","58","[newly_created_artifact.GetDesc]\n\nИз яйца вылупится Валрион."
"BuiltinRussian","dragon_egg_ghiscar_desc","localization/replace/russian/agot/agot_artifacts/dp_artifacts_l_russian.yml","59","[newly_created_artifact.GetDesc]\n\nИз яйца вылупится Гискар."
"BuiltinRussian","dragon_egg_terrax_desc","localization/replace/russian/agot/agot_artifacts/dp_artifacts_l_russian.yml","60","[newly_created_artifact.GetDesc]\n\nИз яйца вылупится Терракс."
"BuiltinRussian","dragon_egg_vassarion_desc","localization/replace/russian/agot/agot_artifacts/dp_artifacts_l_russian.yml","61","[newly_created_artifact.GetDesc]\n\nИз яйца вылупится Вассарион."
"BuiltinRussian","dragon_egg_rovax_desc","localization/replace/russian/agot/agot_artifacts/dp_artifacts_l_russian.yml","62","[newly_created_artifact.GetDesc]\n\nИз яйца вылупится Ровакс."
"BuiltinRussian","dragon_egg_neltharion_desc","localization/replace/russian/agot/agot_artifacts/dp_artifacts_l_russian.yml","63","[newly_created_artifact.GetDesc]\n\nИз яйца вылупится Нелтарион."
"BuiltinRussian","dragon_egg_pythax_desc","localization/replace/russian/agot/agot_artifacts/dp_artifacts_l_russian.yml","64","[newly_created_artifact.GetDesc]\n\nИз яйца вылупится Питакс."
"BuiltinRussian","dragon_egg_nagga_desc","localization/replace/russian/agot/agot_artifacts/dp_artifacts_l_russian.yml","65","[newly_created_artifact.GetDesc]\n\nИз яйца вылупится Нагга."
"BuiltinRussian","dragon_egg_urrax_desc","localization/replace/russian/agot/agot_artifacts/dp_artifacts_l_russian.yml","66","[newly_created_artifact.GetDesc]\n\nИз яйца вылупится Урракс."
"BuiltinRussian","dragon_egg_dragon_ancestor_1_desc","localization/replace/russian/agot/agot_artifacts/dp_artifacts_l_russian.yml","67","[newly_created_artifact.GetDesc]\n\nИз яйца вылупится Вейдар."
"BuiltinRussian","dragon_egg_dragon_ancestor_2_desc","localization/replace/russian/agot/agot_artifacts/dp_artifacts_l_russian.yml","68","[newly_created_artifact.GetDesc]\n\nИз яйца вылупится Везояес."
"BuiltinRussian","dragon_egg_dragon_ancestor_3_desc","localization/replace/russian/agot/agot_artifacts/dp_artifacts_l_russian.yml","69","[newly_created_artifact.GetDesc]\n\nИз яйца вылупится Фалькаэль."
"BuiltinRussian","dragon_egg_dragon_ancestor_4_desc","localization/replace/russian/agot/agot_artifacts/dp_artifacts_l_russian.yml","70","[newly_created_artifact.GetDesc]\n\nИз яйца вылупится Пелдион."
"BuiltinRussian","dragon_egg_dragon_ancestor_5_desc","localization/replace/russian/agot/agot_artifacts/dp_artifacts_l_russian.yml","71","[newly_created_artifact.GetDesc]\n\nИз яйца вылупится Волон."
"BuiltinRussian","dragon_egg_dragon_ancestor_6_desc","localization/replace/russian/agot/agot_artifacts/dp_artifacts_l_russian.yml","72","[newly_created_artifact.GetDesc]\n\nИз яйца вылупится Теларион."
"BuiltinRussian","dragon_egg_vermithrax_ui_desc","localization/replace/russian/agot/agot_artifacts/dp_artifacts_l_russian.yml","74","This egg will hatch Vermithrax."
"BuiltinRussian","dragon_egg_anogaros_ui_desc","localization/replace/russian/agot/agot_artifacts/dp_artifacts_l_russian.yml","75","This egg will hatch Anogaros."
"BuiltinRussian","dragon_egg_nessarion_ui_desc","localization/replace/russian/agot/agot_artifacts/dp_artifacts_l_russian.yml","76","This egg will hatch Nessarion."
"BuiltinRussian","dragon_egg_archonei_ui_desc","localization/replace/russian/agot/agot_artifacts/dp_artifacts_l_russian.yml","77","This egg will hatch Archonei."
"BuiltinRussian","dragon_egg_balerion_ui_desc","localization/replace/russian/agot/agot_artifacts/dp_artifacts_l_russian.yml","78","This egg will hatch Balerion."
"BuiltinRussian","dragon_egg_meraxes_ui_desc","localization/replace/russian/agot/agot_artifacts/dp_artifacts_l_russian.yml","79","This egg will hatch Meraxes."
"BuiltinRussian","dragon_egg_quicksilver_ui_desc","localization/replace/russian/agot/agot_artifacts/dp_artifacts_l_russian.yml","80","This egg will hatch Quicksilver."
"BuiltinRussian","dragon_egg_vhagar_ui_desc","localization/replace/russian/agot/agot_artifacts/dp_artifacts_l_russian.yml","81","This egg will hatch Vhagar."
"BuiltinRussian","dragon_egg_caraxes_ui_desc","localization/replace/russian/agot/agot_artifacts/dp_artifacts_l_russian.yml","82","This egg will hatch Caraxes."
"BuiltinRussian","dragon_egg_meleys_ui_desc","localization/replace/russian/agot/agot_artifacts/dp_artifacts_l_russian.yml","83","This egg will hatch Meleys."
"BuiltinRussian","dragon_egg_dreamfyre_ui_desc","localization/replace/russian/agot/agot_artifacts/dp_artifacts_l_russian.yml","84","This egg will hatch Dreamfyre."
"BuiltinRussian","dragon_egg_vermithor_ui_desc","localization/replace/russian/agot/agot_artifacts/dp_artifacts_l_russian.yml","85","This egg will hatch Vermithor."
"BuiltinRussian","dragon_egg_silverwing_ui_desc","localization/replace/russian/agot/agot_artifacts/dp_artifacts_l_russian.yml","86","This egg will hatch Silverwing."
"BuiltinRussian","dragon_egg_seasmoke_ui_desc","localization/replace/russian/agot/agot_artifacts/dp_artifacts_l_russian.yml","87","This egg will hatch Seasmoke."
"BuiltinRussian","dragon_egg_sunfyre_ui_desc","localization/replace/russian/agot/agot_artifacts/dp_artifacts_l_russian.yml","88","This egg will hatch Sunfyre."
"BuiltinRussian","dragon_egg_syrax_ui_desc","localization/replace/russian/agot/agot_artifacts/dp_artifacts_l_russian.yml","89","This egg will hatch Syrax."
"BuiltinRussian","dragon_egg_tessarion_ui_desc","localization/replace/russian/agot/agot_artifacts/dp_artifacts_l_russian.yml","90","This egg will hatch Tessarion."
"BuiltinRussian","dragon_egg_vermax_ui_desc","localization/replace/russian/agot/agot_artifacts/dp_artifacts_l_russian.yml","91","This egg will hatch Vermax."
"BuiltinRussian","dragon_egg_arrax_ui_desc","localization/replace/russian/agot/agot_artifacts/dp_artifacts_l_russian.yml","92","This egg will hatch Arrax."
"BuiltinRussian","dragon_egg_tyraxes_ui_desc","localization/replace/russian/agot/agot_artifacts/dp_artifacts_l_russian.yml","93","This egg will hatch Tyraxes."
"BuiltinRussian","dragon_egg_stormcloud_ui_desc","localization/replace/russian/agot/agot_artifacts/dp_artifacts_l_russian.yml","94","This egg will hatch Stormcloud."
"BuiltinRussian","dragon_egg_moondancer_ui_desc","localization/replace/russian/agot/agot_artifacts/dp_artifacts_l_russian.yml","95","This egg will hatch Moondancer."
"BuiltinRussian","dragon_egg_wyrmling_ui_desc","localization/replace/russian/agot/agot_artifacts/dp_artifacts_l_russian.yml","96","This egg will hatch Starhunter."
"BuiltinRussian","dragon_egg_shrykos_ui_desc","localization/replace/russian/agot/agot_artifacts/dp_artifacts_l_russian.yml","97","This egg will hatch Shrykos."
"BuiltinRussian","dragon_egg_morghul_ui_desc","localization/replace/russian/agot/agot_artifacts/dp_artifacts_l_russian.yml","98","This egg will hatch Morghul."
"BuiltinRussian","dragon_egg_morning_ui_desc","localization/replace/russian/agot/agot_artifacts/dp_artifacts_l_russian.yml","99","This egg will hatch Morning."
"BuiltinRussian","dragon_egg_the_last_ui_desc","localization/replace/russian/agot/agot_artifacts/dp_artifacts_l_russian.yml","100","This egg will hatch Zalagon."
"BuiltinRussian","dragon_egg_nightfyre_ui_desc","localization/replace/russian/agot/agot_artifacts/dp_artifacts_l_russian.yml","101","This egg will hatch Nightfyre."
"BuiltinRussian","dragon_egg_cannibal_ui_desc","localization/replace/russian/agot/agot_artifacts/dp_artifacts_l_russian.yml","102","This egg will hatch Cannibal."
"BuiltinRussian","dragon_egg_sheepstealer_ui_desc","localization/replace/russian/agot/agot_artifacts/dp_artifacts_l_russian.yml","103","This egg will hatch Sheepstealer."
"BuiltinRussian","dragon_egg_grey_ghost_ui_desc","localization/replace/russian/agot/agot_artifacts/dp_artifacts_l_russian.yml","104","This egg will hatch Grey Ghost."
"BuiltinRussian","dragon_egg_drogon_ui_desc","localization/replace/russian/agot/agot_artifacts/dp_artifacts_l_russian.yml","105","This egg will hatch Drogon."
"BuiltinRussian","dragon_egg_rhaegal_ui_desc","localization/replace/russian/agot/agot_artifacts/dp_artifacts_l_russian.yml","106","This egg will hatch Rhaegal."
"BuiltinRussian","dragon_egg_viserion_ui_desc","localization/replace/russian/agot/agot_artifacts/dp_artifacts_l_russian.yml","107","This egg will hatch Viserion."
"BuiltinRussian","dragon_egg_serporoth_ui_desc","localization/replace/russian/agot/agot_artifacts/dp_artifacts_l_russian.yml","108","This egg will hatch Serporoth."
"BuiltinRussian","dragon_egg_maegor_2_ui_desc","localization/replace/russian/agot/agot_artifacts/dp_artifacts_l_russian.yml","109","This egg will hatch Lorcan."
"BuiltinRussian","dragon_egg_maegor_3_ui_desc","localization/replace/russian/agot/agot_artifacts/dp_artifacts_l_russian.yml","110","This egg will hatch Orion."
"BuiltinRussian","dragon_egg_maegor_4_ui_desc","localization/replace/russian/agot/agot_artifacts/dp_artifacts_l_russian.yml","111","This egg will hatch Blackfyre."
"BuiltinRussian","dragon_egg_maegor_5_ui_desc","localization/replace/russian/agot/agot_artifacts/dp_artifacts_l_russian.yml","112","This egg will hatch Ryax."
"BuiltinRussian","dragon_egg_maegor_6_ui_desc","localization/replace/russian/agot/agot_artifacts/dp_artifacts_l_russian.yml","113","This egg will hatch Morghon."
"BuiltinRussian","dragon_egg_maegor_7_ui_desc","localization/replace/russian/agot/agot_artifacts/dp_artifacts_l_russian.yml","114","This egg will hatch Lykax."
"BuiltinRussian","dragon_egg_maegor_8_ui_desc","localization/replace/russian/agot/agot_artifacts/dp_artifacts_l_russian.yml","115","This egg will hatch Malrax."
"BuiltinRussian","dragon_egg_maegor_9_ui_desc","localization/replace/russian/agot/agot_artifacts/dp_artifacts_l_russian.yml","116","This egg will hatch Spyrax."
"BuiltinRussian","dragon_egg_maegor_10_ui_desc","localization/replace/russian/agot/agot_artifacts/dp_artifacts_l_russian.yml","117","This egg will hatch Tallfyre."
"BuiltinRussian","dragon_egg_maegor_11_ui_desc","localization/replace/russian/agot/agot_artifacts/dp_artifacts_l_russian.yml","118","This egg will hatch Zuvdar."
"BuiltinRussian","dragon_egg_aenys_1_ui_desc","localization/replace/russian/agot/agot_artifacts/dp_artifacts_l_russian.yml","119","This egg will hatch Goldfyre."
"BuiltinRussian","dragon_egg_aenys_2_ui_desc","localization/replace/russian/agot/agot_artifacts/dp_artifacts_l_russian.yml","120","This egg will hatch Deltharion."
"BuiltinRussian","dragon_egg_aerea_1_ui_desc","localization/replace/russian/agot/agot_artifacts/dp_artifacts_l_russian.yml","121","This egg will hatch Laengar."
"BuiltinRussian","dragon_egg_aerea_2_ui_desc","localization/replace/russian/agot/agot_artifacts/dp_artifacts_l_russian.yml","122","This egg will hatch Moonfyre."
"BuiltinRussian","dragon_egg_aerea_3_ui_desc","localization/replace/russian/agot/agot_artifacts/dp_artifacts_l_russian.yml","123","This egg will hatch Adereon."
"BuiltinRussian","dragon_egg_daenerys_1_ui_desc","localization/replace/russian/agot/agot_artifacts/dp_artifacts_l_russian.yml","124","This egg will hatch Hurax."
"BuiltinRussian","dragon_egg_aemond_1_ui_desc","localization/replace/russian/agot/agot_artifacts/dp_artifacts_l_russian.yml","125","This egg will hatch Winged Stranger."
"BuiltinRussian","dragon_egg_aemond_2_ui_desc","localization/replace/russian/agot/agot_artifacts/dp_artifacts_l_russian.yml","126","This egg will hatch Hegagon."
"BuiltinRussian","dragon_egg_aemond_3_ui_desc","localization/replace/russian/agot/agot_artifacts/dp_artifacts_l_russian.yml","127","This egg will hatch Qelos."
"BuiltinRussian","dragon_egg_essovius_ui_desc","localization/replace/russian/agot/agot_artifacts/dp_artifacts_l_russian.yml","128","This egg will hatch Essovius."
"BuiltinRussian","dragon_egg_valryon_ui_desc","localization/replace/russian/agot/agot_artifacts/dp_artifacts_l_russian.yml","129","This egg will hatch valryon."
"BuiltinRussian","dragon_egg_ghiscar_ui_desc","localization/replace/russian/agot/agot_artifacts/dp_artifacts_l_russian.yml","130","This egg will hatch Ghiscar."
"BuiltinRussian","dragon_egg_terrax_ui_desc","localization/replace/russian/agot/agot_artifacts/dp_artifacts_l_russian.yml","131","This egg will hatch Terrax."
"BuiltinRussian","dragon_egg_vassarion_ui_desc","localization/replace/russian/agot/agot_artifacts/dp_artifacts_l_russian.yml","132","This egg will hatch Vassarion."
"BuiltinRussian","dragon_egg_rovax_ui_desc","localization/replace/russian/agot/agot_artifacts/dp_artifacts_l_russian.yml","133","This egg will hatch Rovax."
"BuiltinRussian","dragon_egg_neltharion_ui_desc","localization/replace/russian/agot/agot_artifacts/dp_artifacts_l_russian.yml","134","This egg will hatch Neltharion."
"BuiltinRussian","dragon_egg_pythax_ui_desc","localization/replace/russian/agot/agot_artifacts/dp_artifacts_l_russian.yml","135","This egg will hatch Pythax."
"BuiltinRussian","dragon_egg_nagga_ui_desc","localization/replace/russian/agot/agot_artifacts/dp_artifacts_l_russian.yml","136","This egg will hatch Nagga."
"BuiltinRussian","dragon_egg_urrax_ui_desc","localization/replace/russian/agot/agot_artifacts/dp_artifacts_l_russian.yml","137","This egg will hatch Urrax."
"BuiltinRussian","dragon_egg_dragon_ancestor_1_ui_desc","localization/replace/russian/agot/agot_artifacts/dp_artifacts_l_russian.yml","138","This egg will hatch Vaedar."
"BuiltinRussian","dragon_egg_dragon_ancestor_2_ui_desc","localization/replace/russian/agot/agot_artifacts/dp_artifacts_l_russian.yml","139","This egg will hatch Vezojaes."
"BuiltinRussian","dragon_egg_dragon_ancestor_3_ui_desc","localization/replace/russian/agot/agot_artifacts/dp_artifacts_l_russian.yml","140","This egg will hatch Falkael."
"BuiltinRussian","dragon_egg_dragon_ancestor_4_ui_desc","localization/replace/russian/agot/agot_artifacts/dp_artifacts_l_russian.yml","141","This egg will hatch Peldion."
"BuiltinRussian","dragon_egg_dragon_ancestor_5_ui_desc","localization/replace/russian/agot/agot_artifacts/dp_artifacts_l_russian.yml","142","This egg will hatch Volon."
"BuiltinRussian","dragon_egg_dragon_ancestor_6_ui_desc","localization/replace/russian/agot/agot_artifacts/dp_artifacts_l_russian.yml","143","This egg will hatch Telarion."
"BuiltinRussian","dragon_coop_01_domicile_building","localization/replace/russian/domiciles/dp_domicile_buildings_l_russian.yml","2","Загон для драконов"
"BuiltinRussian","dragon_coop_01_domicile_building_desc","localization/replace/russian/domiciles/dp_domicile_buildings_l_russian.yml","3","Здесь искатели приключений могут содержать своих драконов."
"BuiltinRussian","domicile_building_parameter_camp_unlocks_dragonkeeper","localization/replace/russian/domiciles/dp_domicile_buildings_l_russian.yml","4","Открывает [GetCourtPositionType('head_dragonkeeper_court_position').GetName()] [officer|E]"
"BuiltinRussian","dragon_pen.tt.unlocked_by_requirements","localization/replace/russian/domiciles/dp_domicile_buildings_l_russian.yml","5","Вам не хватает условий для найма смотрителя драконов или постройки загона."
