"Key","MainFile","MainLine","TranslationFile","TranslationLine","English","Russian","BuiltinRussian"
"a_crown_for_a_king_decision","localization/replace/english/more_dragon_eggs_events_l_english.yml","122","localization/russian/more_dragon_eggs_events_l_russian.yml","204","A Crown for a King","Корона для короля","Корона для короля"
"a_crown_for_a_king_decision_confirm","localization/replace/english/more_dragon_eggs_events_l_english.yml","124","localization/russian/more_dragon_eggs_events_l_russian.yml","206","Crown him!","Короновать его!","Короновать его!"
"a_crown_for_a_king_decision_desc","localization/replace/english/more_dragon_eggs_events_l_english.yml","123","localization/russian/more_dragon_eggs_events_l_russian.yml","205","Viserys is unworthy of being the King of The Seven Kingdoms, but there is one who is worthy...","Визерис недостоин быть королём Семи Королевств, но есть тот, кто достоин...","Визерис недостоин быть королем Семи Королевств, но есть тот, кто достоин..."
"a_crown_for_a_king_decision_tooltip","localization/replace/english/more_dragon_eggs_events_l_english.yml","125","localization/russian/more_dragon_eggs_events_l_russian.yml","207","@warning_icon!#X This will remove Viserys as head of the Targaryen Exiles!#","@warning_icon!#X Это сместит Визериса с места главы Таргариенов в изгнании!#!","@warning_icon!#X Это сместит Визериса как главу Таргариенов в изгнании!#"
"aemond_1_desc","localization/replace/english/agot/agot_artifacts/mde_artifacts_l_english.yml","210",,,"Winged Stranger",,
"aemond_2_desc","localization/replace/english/agot/agot_artifacts/mde_artifacts_l_english.yml","211",,,"Hegagon",,
"aemond_3_desc","localization/replace/english/agot/agot_artifacts/mde_artifacts_l_english.yml","212",,,"Qelos",,
"aenys_1_desc","localization/replace/english/agot/agot_artifacts/mde_artifacts_l_english.yml","204",,,"Goldfyre",,
"aenys_2_desc","localization/replace/english/agot/agot_artifacts/mde_artifacts_l_english.yml","205",,,"Deltharion",,
"aerea_1_desc","localization/replace/english/agot/agot_artifacts/mde_artifacts_l_english.yml","206",,,"Laengar",,
"aerea_2_desc","localization/replace/english/agot/agot_artifacts/mde_artifacts_l_english.yml","207",,,"Moonfyre",,
"aerea_3_desc","localization/replace/english/agot/agot_artifacts/mde_artifacts_l_english.yml","208",,,"Adereon",,
"agot_dragon_hatching.0401.opt.b","localization/replace/english/mde_demand_egg_events_l_english.yml","94","localization/russian/mde_demand_egg_events_l_russian.yml","95","My children!","Мои дети!","Мои дети!"
"agot_dragon_hatching.0403.desc","localization/replace/english/more_dragon_eggs_events_l_english.yml","148",,,"Dragons are tenuous beasts, and must be handled thoughtfully and dilligently, for the power they possess and the danger they pose are greater than anything in the known world, especially lest one forget their restless nature. In times of old orders of men were built to maintain these wonders.",,
"agot_dragon_hatching.0403.opt.a","localization/replace/english/more_dragon_eggs_events_l_english.yml","149",,,"Pen them in the Dragoncoop.",,
"agot_dragon_hatching.0403.opt.a.tt","localization/replace/english/more_dragon_eggs_events_l_english.yml","154",,,"All unbonded dragons will be moved into your dragoncoop.",,
"agot_dragon_hatching.0403.opt.b","localization/replace/english/more_dragon_eggs_events_l_english.yml","150",,,"Restore the Dragonkeepers in the Dragonmont, and hold the dragons there.",,
"agot_dragon_hatching.0403.opt.b.tt","localization/replace/english/more_dragon_eggs_events_l_english.yml","155",,,"The Dragonmont will become active again, and all unbonded dragons will be pitted there.",,
"agot_dragon_hatching.0403.opt.c","localization/replace/english/more_dragon_eggs_events_l_english.yml","151",,,"Restore the Dragonkeepers in the Dragonmont, but hold the dragons here with me.",,
"agot_dragon_hatching.0403.opt.c.tt","localization/replace/english/more_dragon_eggs_events_l_english.yml","156",,,"The Dragonmont will become active again, but all unbonded dragons will be pitted in the dragonpit of your capital.",,
"agot_dragon_hatching.0403.opt.d","localization/replace/english/more_dragon_eggs_events_l_english.yml","152",,,"The dragons will be housed here in my dragonpit.",,
"agot_dragon_hatching.0403.opt.d.tt","localization/replace/english/more_dragon_eggs_events_l_english.yml","157",,,"All unbonded dragons will be pitted in the dragonpit of your capital.",,
"agot_dragon_hatching.0403.opt.e","localization/replace/english/more_dragon_eggs_events_l_english.yml","153",,,"A dragon is not a slave, let them roam as they please.",,
"agot_dragon_hatching.0403.opt.e.tt","localization/replace/english/more_dragon_eggs_events_l_english.yml","158",,,"All unbonded dragons will be left unpitted.\n#X These dragons can become wild upon your death!#",,
"agot_dragon_hatching.0403.t","localization/replace/english/more_dragon_eggs_events_l_english.yml","147",,,"A Flock of Dragons",,
"agot_dragon_laid_clutch_1","localization/replace/english/more_dragon_eggs_decisions_l_english.yml","17","localization/russian/more_dragon_eggs_decisions_l_russian.yml","41","Laid Clutch","Отложила кладку","Снесла кладку"
"agot_dragon_laid_clutch_2","localization/replace/english/more_dragon_eggs_decisions_l_english.yml","22","localization/russian/more_dragon_eggs_decisions_l_russian.yml","46","Laid Clutch","Отложила кладку","Снесла кладку"
"agot_dragon_laid_clutch_3","localization/replace/english/more_dragon_eggs_decisions_l_english.yml","27","localization/russian/more_dragon_eggs_decisions_l_russian.yml","51","Laid Clutch","Отложила кладку","Снесла кладку"
"agot_dragon_laid_clutch_4","localization/replace/english/more_dragon_eggs_decisions_l_english.yml","32","localization/russian/more_dragon_eggs_decisions_l_russian.yml","56","Laid Clutch","Отложила кладку","Снесла кладку"
"agot_dragon_laid_clutch_5","localization/replace/english/more_dragon_eggs_decisions_l_english.yml","37","localization/russian/more_dragon_eggs_decisions_l_russian.yml","61","Laid Clutch","Отложила кладку","Снесла кладку"
"agot_dragon_laid_clutch_6","localization/replace/english/more_dragon_eggs_decisions_l_english.yml","42","localization/russian/more_dragon_eggs_decisions_l_russian.yml","66","Laid Clutch","Отложила кладку","Снесла кладку"
"agot_dragon_laid_clutch_7","localization/replace/english/more_dragon_eggs_decisions_l_english.yml","47","localization/russian/more_dragon_eggs_decisions_l_russian.yml","71","Laid Clutch","Отложила кладку","Снесла кладку"
"agot_dragon_laid_clutch_8","localization/replace/english/more_dragon_eggs_decisions_l_english.yml","52","localization/russian/more_dragon_eggs_decisions_l_russian.yml","76","Laid Clutch","Отложила кладку","Снесла кладку"
"agot_dragon_maintenance.0800.dragonpits","localization/replace/english/more_dragon_eggs_events_l_english.yml","100","localization/russian/more_dragon_eggs_events_l_russian.yml","169","Show active dragonpits","Показать действующие драконьи ямы","Показать активные драконьи логова"
"agot_dragon_maintenance.0802.desc","localization/replace/english/more_dragon_eggs_events_l_english.yml","94","localization/russian/more_dragon_eggs_events_l_russian.yml","161","","Владельцы драконьих яиц:","Владельцы драконьих яиц:"
"agot_dragon_maintenance.0802.t","localization/replace/english/more_dragon_eggs_events_l_english.yml","109","localization/russian/more_dragon_eggs_events_l_russian.yml","178","Show all existing Dragon Eggs","Показать все существующие драконьи яйца","Показать все существующие драконьи яйца"
"agot_filler_crownlands.0004.a","localization/replace/english/more_dragon_eggs_events_l_english.yml","114","localization/russian/more_dragon_eggs_events_l_russian.yml","196","That was close, but well worth it!","Было близко, но оно того стоило!","Было близко, но оно того стоило!"
"agot_filler_crownlands.0004.desc","localization/replace/english/more_dragon_eggs_events_l_english.yml","113","localization/russian/more_dragon_eggs_events_l_russian.yml","195","I walk high up on the cliffs of Dragonstone, the sound of waves crashing against the rocks below mixing with the slow rumble of the volcano in my ears. As I walk, I find a small opening — the perfect place for my cave exploration to begin.\n\nI climb over a crest of rock, guided by the light cascading over the rocks. Several passages lead off from the main chamber, but the light streaks through a single vein of obsidian, as though guiding me. I follow it, and where it leads me, I cannot believe.\n\nAn egg rests in the center of the room, the light ending just above it! As soon as I touch it however, the passage of time makes itself known, and the light begins to fade. I barely have enough time to grab the egg and rush out of the cave before the light would fade completely, locking me in darkness.\n\nWith heavy breaths of exertion, I make it out of the cave, the egg in my hands!","Я поднимаюсь высоко по скалам Драконьего Камня; грохот волн внизу смешивается с глухим рокотом вулкана. Вскоре я замечаю узкий проход — идеальное начало для исследования пещер.\n\nПеребравшись через каменный гребень, я следую за светом, льющимся по скалам. От главного зала уходит несколько ходов, но луч пробивается только через единственную жилу обсидиана, словно указывая путь. Я иду за ним — и не верю глазам.\n\nВ центре зала лежит яйцо; свет обрывается прямо над ним! Но стоит мне прикоснуться к нему, как время напоминает о себе: луч начинает меркнуть. Я едва успеваю схватить яйцо и броситься прочь, прежде чем тьма запечатывает выход.\n\nТяжело дыша, я выбираюсь наружу с яйцом в руках!","Поднимаюсь по скалам Драконьего Камня. Грохот волн смешивается с глухим рокотом вулкана. Заметив узкий проход, начинаю исследовать пещеру.\n\nСвет, пробивающийся через жилу обсидиана, ведет меня вглубь. В центре зала, освещенная лучом, лежит яйцо! Прикоснувшись, чувствую как свет меркнет — время на исходе. Едва успеваю схватить яйцо и выбежать до наступления тьмы.\n\nЗадыхаясь, выбираюсь на поверхность с драгоценной ношей!"
"agot_filler_crownlands.0004.t","localization/replace/english/more_dragon_eggs_events_l_english.yml","112","localization/russian/more_dragon_eggs_events_l_russian.yml","194","A Day on Dragonstone: Gifts from the Past","День на Драконьем Камне: Дары прошлого","День на Драконьем Камне: Дары Прошлого"
"agot_filler_crownlands.0004.tt","localization/replace/english/more_dragon_eggs_events_l_english.yml","115","localization/russian/more_dragon_eggs_events_l_russian.yml","197","You gained a Dragon Egg [artifact|E]","Вы получили [Concept('artifact', 'артефакт')|E]: драконье яйцо","Вы получили Драконье Яйцо [artifact|E]"
"agot_laid_clutch_desc_1","localization/replace/english/more_dragon_eggs_decisions_l_english.yml","18","localization/russian/more_dragon_eggs_decisions_l_russian.yml","42","I laid a clutch of one egg","Я отложила кладку из одного яйца","Я снесла кладку из одного яйца"
"agot_laid_clutch_desc_2","localization/replace/english/more_dragon_eggs_decisions_l_english.yml","23","localization/russian/more_dragon_eggs_decisions_l_russian.yml","47","I laid a clutch of two eggs","Я отложила кладку из двух яиц","Я снесла кладку из двух яиц"
"agot_laid_clutch_desc_3","localization/replace/english/more_dragon_eggs_decisions_l_english.yml","28","localization/russian/more_dragon_eggs_decisions_l_russian.yml","52","I laid a clutch of three eggs","Я отложила кладку из трёх яиц","Я снесла кладку из трёх яиц"
"agot_laid_clutch_desc_4","localization/replace/english/more_dragon_eggs_decisions_l_english.yml","33","localization/russian/more_dragon_eggs_decisions_l_russian.yml","57","I laid a clutch of four eggs","Я отложила кладку из четырёх яиц","Я снесла кладку из четырёх яиц"
"agot_laid_clutch_desc_5","localization/replace/english/more_dragon_eggs_decisions_l_english.yml","38","localization/russian/more_dragon_eggs_decisions_l_russian.yml","62","I laid a clutch of five eggs","Я отложила кладку из пяти яиц","Я снесла кладку из пяти яиц"
"agot_laid_clutch_desc_6","localization/replace/english/more_dragon_eggs_decisions_l_english.yml","43","localization/russian/more_dragon_eggs_decisions_l_russian.yml","67","I laid a clutch of six eggs","Я отложила кладку из шести яиц","Я снесла кладку из шести яиц"
"agot_laid_clutch_desc_7","localization/replace/english/more_dragon_eggs_decisions_l_english.yml","48","localization/russian/more_dragon_eggs_decisions_l_russian.yml","72","I laid a clutch of seven eggs","Я отложила кладку из семи яиц","Я снесла кладку из семи яиц"
"agot_laid_clutch_desc_8","localization/replace/english/more_dragon_eggs_decisions_l_english.yml","53","localization/russian/more_dragon_eggs_decisions_l_russian.yml","77","I laid a clutch of five eggs","Я отложила кладку из восьми яиц","Я снесла кладку из пяти яиц"
"agot_laid_clutch_desc_second_perspective_1","localization/replace/english/more_dragon_eggs_decisions_l_english.yml","19","localization/russian/more_dragon_eggs_decisions_l_russian.yml","43","You laid a clutch of one egg","Вы отложили кладку из одного яйца","Вы снесли кладку из одного яйца"
"agot_laid_clutch_desc_second_perspective_2","localization/replace/english/more_dragon_eggs_decisions_l_english.yml","24","localization/russian/more_dragon_eggs_decisions_l_russian.yml","48","You laid a clutch of two eggs","Вы отложили кладку из двух яиц","Вы снесли кладку из двух яиц"
"agot_laid_clutch_desc_second_perspective_3","localization/replace/english/more_dragon_eggs_decisions_l_english.yml","29","localization/russian/more_dragon_eggs_decisions_l_russian.yml","53","You laid a clutch of three eggs","Вы отложили кладку из трёх яиц","Вы снесли кладку из трёх яиц"
"agot_laid_clutch_desc_second_perspective_4","localization/replace/english/more_dragon_eggs_decisions_l_english.yml","34","localization/russian/more_dragon_eggs_decisions_l_russian.yml","58","You laid a clutch of four eggs","Вы отложили кладку из четырёх яиц","Вы снесли кладку из четырёх яиц"
"agot_laid_clutch_desc_second_perspective_5","localization/replace/english/more_dragon_eggs_decisions_l_english.yml","39","localization/russian/more_dragon_eggs_decisions_l_russian.yml","63","You laid a clutch of five eggs","Вы отложили кладку из пяти яиц","Вы снесли кладку из пяти яиц"
"agot_laid_clutch_desc_second_perspective_6","localization/replace/english/more_dragon_eggs_decisions_l_english.yml","44","localization/russian/more_dragon_eggs_decisions_l_russian.yml","68","You laid a clutch of six eggs","Вы отложили кладку из шести яиц","Вы снесли кладку из шести яиц"
"agot_laid_clutch_desc_second_perspective_7","localization/replace/english/more_dragon_eggs_decisions_l_english.yml","49","localization/russian/more_dragon_eggs_decisions_l_russian.yml","73","You laid a clutch of seven eggs","Вы отложили кладку из семи яиц","Вы снесли кладку из семи яиц"
"agot_laid_clutch_desc_second_perspective_8","localization/replace/english/more_dragon_eggs_decisions_l_english.yml","54","localization/russian/more_dragon_eggs_decisions_l_russian.yml","78","You laid a clutch of five eggs","Вы отложили кладку из восьми яиц","Вы снесли кладку из пяти яиц"
"agot_laid_clutch_desc_third_perspective_1","localization/replace/english/more_dragon_eggs_decisions_l_english.yml","20","localization/russian/more_dragon_eggs_decisions_l_russian.yml","44","[owner.GetName] laid a clutch of one egg","[owner.GetName] отложила кладку из одного яйца","[owner.GetName] снесла кладку из одного яйца"
"agot_laid_clutch_desc_third_perspective_2","localization/replace/english/more_dragon_eggs_decisions_l_english.yml","25","localization/russian/more_dragon_eggs_decisions_l_russian.yml","49","[owner.GetName] laid a clutch of two eggs","[owner.GetName] отложила кладку из двух яиц","[owner.GetName] снесла кладку из двух яиц"
"agot_laid_clutch_desc_third_perspective_3","localization/replace/english/more_dragon_eggs_decisions_l_english.yml","30","localization/russian/more_dragon_eggs_decisions_l_russian.yml","54","[owner.GetName] laid a clutch of three eggs","[owner.GetName] отложила кладку из трёх яиц","[owner.GetName] снесла кладку из трёх яиц"
"agot_laid_clutch_desc_third_perspective_4","localization/replace/english/more_dragon_eggs_decisions_l_english.yml","35","localization/russian/more_dragon_eggs_decisions_l_russian.yml","59","[owner.GetName] laid a clutch of four eggs","[owner.GetName] отложила кладку из четырёх яиц","[owner.GetName] снесла кладку из четырёх яиц"
"agot_laid_clutch_desc_third_perspective_5","localization/replace/english/more_dragon_eggs_decisions_l_english.yml","40","localization/russian/more_dragon_eggs_decisions_l_russian.yml","64","[owner.GetName] laid a clutch of five eggs","[owner.GetName] отложила кладку из пяти яиц","[owner.GetName] снесла кладку из пяти яиц"
"agot_laid_clutch_desc_third_perspective_6","localization/replace/english/more_dragon_eggs_decisions_l_english.yml","45","localization/russian/more_dragon_eggs_decisions_l_russian.yml","69","[owner.GetName] laid a clutch of six eggs","[owner.GetName] отложила кладку из шести яиц","[owner.GetName] снесла кладку из шести яиц"
"agot_laid_clutch_desc_third_perspective_7","localization/replace/english/more_dragon_eggs_decisions_l_english.yml","50","localization/russian/more_dragon_eggs_decisions_l_russian.yml","74","[owner.GetName] laid a clutch of seven eggs","[owner.GetName] отложила кладку из семи яиц","[owner.GetName] снесла кладку из семи яиц"
"agot_laid_clutch_desc_third_perspective_8","localization/replace/english/more_dragon_eggs_decisions_l_english.yml","55","localization/russian/more_dragon_eggs_decisions_l_russian.yml","79","[owner.GetName] laid a clutch of five eggs","[owner.GetName] отложила кладку из восьми яиц","[owner.GetName] снесла кладку из пяти яиц"
"agot_ninepenny.0034.c","localization/replace/english/more_dragon_eggs_events_l_english.yml","118","localization/russian/more_dragon_eggs_events_l_russian.yml","200","A new kingdom will carved out for him.","Для него будет вырезано новое королевство.","Для него будет вырезано новое королевство."
"agot_ninepenny.0035.b","localization/replace/english/more_dragon_eggs_events_l_english.yml","119","localization/russian/more_dragon_eggs_events_l_russian.yml","201","$agot_ninepenny.0031.a$ It will be given a more fitting name.","$agot_ninepenny.0031.a$ Оно получит более подходящее имя.","$agot_ninepenny.0031.a$ Оно получит более подходящее имя."
"agot_ninepenny.0035.b.tt","localization/replace/english/more_dragon_eggs_events_l_english.yml","120","localization/russian/more_dragon_eggs_events_l_russian.yml","202","#italic The Kingdom of Tarth will be rebranded as The Sapphire Islands!","#italic Королевство Тарт будет переименовано в Сапфировые острова!#!","#italic Королевство Тарт будет переименовано в Сапфировые Острова!"
"agot_ninepenny.1014.c","localization/replace/english/more_dragon_eggs_events_l_english.yml","144","localization/russian/more_dragon_eggs_events_l_russian.yml","226","The night is alive with the music of dragons! This child is the the 'Dragonborn'!","Ночь ожила музыкой драконов! Это дитя — «Драконорождённый»!",
"agot_ninepenny.1014.d","localization/replace/english/more_dragon_eggs_events_l_english.yml","145","localization/russian/more_dragon_eggs_events_l_russian.yml","227","Despite the tragedy, there is hope with this child, the 'Dragonborn'.","Несмотря на трагедию, с этим ребёнком остаётся надежда — это «Драконорождённый».",
"agot_ruins.2001.a","localization/replace/english/more_dragon_eggs_events_l_english.yml","134","localization/russian/more_dragon_eggs_events_l_russian.yml","216","A fortuitous omen!","Счастливое предзнаменование!","Счастливое предзнаменование!"
"agot_ruins.2001.b","localization/replace/english/more_dragon_eggs_events_l_english.yml","135","localization/russian/more_dragon_eggs_events_l_russian.yml","217","Better it be given to our liege lord.","Лучше отдать нашему сюзерену.","Лучше отдать нашему сюзерену."
"agot_ruins.2001.d","localization/replace/english/more_dragon_eggs_events_l_english.yml","133","localization/russian/more_dragon_eggs_events_l_russian.yml","215","The ruins of Spicetown have long since been overcast with a sense of eerie gloom. The small folk often spread tale that it had been abandoned so long it was claimed as the home of cursed spirits. In face of such superstition, moving its restoration along has proven an enormous effort. But the idea of returning the city to its former glory, a center of trade and gold, has shown to be motivational\n\nToday the effort has proven worthwhile! The last remnants of the ruins were excavated, a supposedly haunted area that hadn’t seen activity from man since The Battle of The Gullet. In a large, burnt-out building, a dragon egg was found!","Руины Спайстауна давно окутаны зловещей мрачностью. Простолюдины рассказывают, что он заброшен так давно, что стал пристанищем проклятых духов. Из-за суеверий восстановление идёт с трудом. Но надежда вернуть городу былую славу центра торговли и золота придаёт сил.\n\nСегодня труды окупились! При раскопках последних руин, считавшихся проклятыми и нетронутыми со времён Битвы при Глотке, в обгоревшем здании нашли драконье яйцо!","Руины Пряного Города давно окутаны зловещей мрачностью. Простолюдины рассказывают, что он заброшен так давно, что стал пристанищем проклятых духов. Из-за суеверий восстановление идет с трудом. Но перспектива вернуть городу былую славу центра торговли и золота мотивирует.\n\nСегодня усилия окупились! При раскопках последних руин, считавшихся проклятыми и нетронутыми со времен Битвы в Горле, в обгоревшем здании нашли драконье яйцо!"
"agot_ruins.2001.t","localization/replace/english/more_dragon_eggs_events_l_english.yml","132","localization/russian/more_dragon_eggs_events_l_russian.yml","214","Treasures from Tragedy","Сокровища из трагедии","Сокровища из трагедии"
"agot_ruins.2002.a","localization/replace/english/more_dragon_eggs_events_l_english.yml","139","localization/russian/more_dragon_eggs_events_l_russian.yml","221","We accept!","Принимаем!","Принимаем!"
"agot_ruins.2002.b","localization/replace/english/more_dragon_eggs_events_l_english.yml","140","localization/russian/more_dragon_eggs_events_l_russian.yml","222","Better they keep it.","Пусть оставит себе.","Пусть оставит себе."
"agot_ruins.2002.d","localization/replace/english/more_dragon_eggs_events_l_english.yml","138","localization/russian/more_dragon_eggs_events_l_russian.yml","220","My vassal [egg_giver.GetName] has found an egg in the process of restoring the ruins of Spicetown! Even better news, they have offered it to us as its rightful stewards!","Мой вассал [egg_giver.GetName] находит яйцо при восстановлении руин Спайстауна! Более того, он предлагает его нам как законным хранителям.","Мой вассал [egg_giver.GetName] нашел яйцо при восстановлении руин Пряного Города! Что лучше, он предложил его нам как законным хранителям!"
"agot_ruins.2002.t","localization/replace/english/more_dragon_eggs_events_l_english.yml","137","localization/russian/more_dragon_eggs_events_l_russian.yml","219","A Dragon Egg Is Offered","Драконье яйцо предложено","Драконье яйцо предложено"
"agot_targaryen_exile_invasion.9999.a","localization/replace/english/more_dragon_eggs_events_l_english.yml","130","localization/russian/more_dragon_eggs_events_l_russian.yml","212","Give him the crown he has earned!","Вручить ему корону, которую он заслужил!","Вручить ему корону, которую он заслужил!"
"agot_targaryen_exile_invasion.9999.b","localization/replace/english/more_dragon_eggs_events_l_english.yml","129","localization/russian/more_dragon_eggs_events_l_russian.yml","211","Show him mercy!","Помиловать его!","Помиловать его!"
"agot_targaryen_exile_invasion.9999.desc","localization/replace/english/more_dragon_eggs_events_l_english.yml","128","localization/russian/more_dragon_eggs_events_l_russian.yml","210","Now that I lead the Exiles and hold the entire Targaryen Dynasty on my shoulders, I must decide what to do with my arrogant and callous brother.","Теперь, когда я возглавляю Изгнанников и несу на своих плечах всю династию Таргариенов, я должен решить, что делать с моим высокомерным и жестоким братом.","Теперь, когда я возглавляю Изгнанников и несу на своих плечах всю династию Таргариенов, я должен решить, что делать с моим высокомерным и жестоким братом."
"agot_targaryen_exile_invasion.9999.t","localization/replace/english/more_dragon_eggs_events_l_english.yml","127","localization/russian/more_dragon_eggs_events_l_russian.yml","209","A Crown for a King","Корона для короля","Корона для короля"
"anogaros_desc","localization/replace/english/agot/agot_artifacts/mde_artifacts_l_english.yml","159",,,"Anogaros",,
"archonei_desc","localization/replace/english/agot/agot_artifacts/mde_artifacts_l_english.yml","161",,,"Archonei",,
"arrax_desc","localization/replace/english/agot/agot_artifacts/mde_artifacts_l_english.yml","176",,,"Arrax",,
"artifact_market_button_manager_text","localization/replace/english/more_dragon_eggs_ui_l_english.yml","9",,,"Toggle Artifact Market Button",,
"balerion_desc","localization/replace/english/agot/agot_artifacts/mde_artifacts_l_english.yml","162",,,"Balerion",,
"buttons_toggle","localization/replace/english/more_dragon_eggs_ui_l_english.yml","114",,,"Buttons",,
"can_move_a_dragon_tooltip","localization/replace/english/more_dragon_eggs_events_l_english.yml","106","localization/russian/more_dragon_eggs_events_l_russian.yml","175","You are eligible to move a dragon.","Вы можете переместить дракона.","Вы можете переместить дракона."
"cannibal_desc","localization/replace/english/agot/agot_artifacts/mde_artifacts_l_english.yml","186",,,"Cannibal",,
"cannibal_lair_desc","localization/replace/english/more_dragon_eggs_travel_l_english.yml","8","localization/russian/more_dragon_eggs_travel_l_russian.yml","8","The interior of Skagos is the rumored resting place of the dragon Cannibal, as he was last seen flying of in the direction of the cannibal filled island.","Внутренние земли Скагоса считаются возможным убежищем дракона Каннибала, которого в последний раз видели летящим к этому острову, населённому каннибалами.","Внутренние земли Скагоса считаются предполагаемым местом обитания дракона Каннибала, которого в последний раз видели летящим в направлении этого острова, населенного каннибалами."
"cannibal_lair_name","localization/replace/english/more_dragon_eggs_travel_l_english.yml","5","localization/russian/more_dragon_eggs_travel_l_russian.yml","5","The Cannibal Lair","Логово Каннибала","Логово Каннибала"
"caraxes_desc","localization/replace/english/agot/agot_artifacts/mde_artifacts_l_english.yml","166",,,"Caraxes",,
"choose_dragonblood_tooltip","localization/replace/english/more_dragon_eggs_decisions_l_english.yml","57","localization/russian/more_dragon_eggs_decisions_l_russian.yml","83","You will be brought a list of all dragonblooded people","Показать список всех носителей крови дракона.","Вам будет представлен список всех людей с драконьей кровью"
"daenerys_1_desc","localization/replace/english/agot/agot_artifacts/mde_artifacts_l_english.yml","209",,,"Hurax",,
"debug_give_all_eggs","localization/replace/english/mde_demand_egg_events_l_english.yml","71","localization/russian/mde_demand_egg_events_l_russian.yml","71","#bold #color_red Debug:#!#! Give All Dragon Eggs","#bold #color_red Отладка:#!#! Отдать все драконьи яйца","#bold #color_red Отладка:#!#! Отдать все яйца драконов"
"debug_give_all_eggs_desc","localization/replace/english/mde_demand_egg_events_l_english.yml","72","localization/russian/mde_demand_egg_events_l_russian.yml","72","[recipient.GetName] recieves every egg","[recipient.GetName] получает все драконьи яйца","[recipient.GetName] получает все яйца"
"debug_hatch_egg","localization/replace/english/mde_demand_egg_events_l_english.yml","74","localization/russian/mde_demand_egg_events_l_russian.yml","74","#bold #color_red Debug:#!#! Hatch Egg","#bold #color_red Отладка:#!#! Вывести дракона из яйца","#bold #color_red Отладка:#!#! Высидеть яйцо"
"debug_hatch_egg_bond_desc","localization/replace/english/mde_demand_egg_events_l_english.yml","75","localization/russian/mde_demand_egg_events_l_russian.yml","75","[recipient.GetName] will bond with the dragon that hatches from the egg","[recipient.GetName] установит связь с драконом, появившимся из этого яйца","[recipient.GetName] установит связь с драконом, вылупившимся из яйца"
"debug_hatch_egg_own_desc","localization/replace/english/mde_demand_egg_events_l_english.yml","76","localization/russian/mde_demand_egg_events_l_russian.yml","76","[recipient.GetName] will own the dragon that hatches from the egg","[recipient.GetName] станет владельцем дракона, появившегося из этого яйца","[recipient.GetName] будет владеть драконом, вылупившимся из яйца"
"debug_hatch_egg_own_pit_desc","localization/replace/english/mde_demand_egg_events_l_english.yml","77","localization/russian/mde_demand_egg_events_l_russian.yml","77","[recipient.GetEmployer.GetName] will own the dragon that hatches from the egg","[recipient.GetEmployer.GetName] станет владельцем дракона, появившегося из этого яйца","[recipient.GetEmployer.GetName] будет владеть драконом, вылупившимся из яйца"
"debug_take_all_eggs","localization/replace/english/mde_demand_egg_events_l_english.yml","69","localization/russian/mde_demand_egg_events_l_russian.yml","69","#bold #color_red Debug:#!#! Take All Dragon Eggs","#bold #color_red Отладка:#!#! Взять все драконьи яйца","#bold #color_red Отладка:#!#! Взять все яйца драконов"
"debug_take_all_eggs_desc","localization/replace/english/mde_demand_egg_events_l_english.yml","70","localization/russian/mde_demand_egg_events_l_russian.yml","70","[actor.GetName] recieves every egg","[actor.GetName] получает все драконьи яйца","[actor.GetName] получает все яйца"
"debug_take_egg","localization/replace/english/mde_demand_egg_events_l_english.yml","66","localization/russian/mde_demand_egg_events_l_russian.yml","66","#bold #color_red Debug:#!#! Take Dragon Egg","#bold #color_red Отладка:#!#! Взять драконье яйцо","#bold #color_red Отладка:#!#! Взять яйцо дракона"
"debug_take_egg_desc","localization/replace/english/mde_demand_egg_events_l_english.yml","67","localization/russian/mde_demand_egg_events_l_russian.yml","67","[actor.GetName] recieves this dragon  egg","[actor.GetName] получает это драконье яйцо","[actor.GetName] получает это яйцо дракона"
"decision_group_type_dragon_group","localization/replace/english/more_dragon_eggs_decisions_l_english.yml","3","localization/russian/more_dragon_eggs_decisions_l_russian.yml","4","@dragon_icon! Dragon Decisions","@dragon_icon! Решения о драконах","@dragon_icon! Решения о драконах"
"delete_duds_decision_tooltip","localization/replace/english/more_dragon_eggs_decisions_l_english.yml","7","localization/russian/more_dragon_eggs_decisions_l_russian.yml","12","Deleted Eggs!","Удалить порченые яйца","Яйца удалены!"
"demand_braavosi_eggs_decision","localization/replace/english/mde_demand_egg_events_l_english.yml","3","localization/russian/mde_demand_egg_events_l_russian.yml","3","Demand The Stolen Dragon Eggs","Потребовать возвращения украденных драконьих яиц","Требовать возврата украденных драконьих яиц"
"demand_braavosi_eggs_decision_confirm","localization/replace/english/mde_demand_egg_events_l_english.yml","5","localization/russian/mde_demand_egg_events_l_russian.yml","5","Issue the demand!","Выдвинуть требование!","Выдвинуть требование!"
"demand_braavosi_eggs_decision_desc","localization/replace/english/mde_demand_egg_events_l_english.yml","4","localization/russian/mde_demand_egg_events_l_russian.yml","4","Long has the existence of dragon eggs in the Free Cities been known. The settled debts of the past and the suspiscion of the impossibility of hatching these eggs has maintained a status quo of inaction in this matter.\n\nBut the threat, however unlikely, that another dragonriding house might come to be, is far too great to keep a blind eye to.\n\nNo longer shall we uphold the illusion of ignorance! We will officially demand the return of these eggs, under the threat of war!\n\n@warning_icon!#X We will only be able to take this decision once per lifetime, even if it is canceled!#!","О драконьих яйцах в Вольных городах известно уже давно. Старые долги были погашены, а сомнения в том, что эти яйца вообще способны вылупиться, годами удерживали всех от решительных действий.\n\nНо даже малая вероятность появления нового дома, способного оседлать драконов, слишком опасна, чтобы и дальше делать вид, будто ничего не происходит.\n\nХватит этой удобной лжи. Мы потребуем вернуть яйца — официально и под угрозой войны.\n\n@warning_icon!#X Это решение можно принять только один раз за жизнь, даже если затем оно будет отменено!#!","Долгое время существование драконьих яиц в Вольных Городах было известно. Погашенные долги прошлого и сомнения в возможности вылупления этих яиц сохраняли статус-кво бездействия.\n\nНо угроза того, что может появиться другой дом, оседлавший драконов, пусть и маловероятная, слишком велика, чтобы закрывать на это глаза.\n\nХватит поддерживать иллюзию неведения! Мы официально потребуем возврата этих яиц под угрозой войны!\n\n@warning_icon!#X Мы сможем принять это решение только один раз за жизнь, даже если оно будет отменено!#!"
"demand_braavosi_eggs_decision_tooltip","localization/replace/english/mde_demand_egg_events_l_english.yml","6","localization/russian/mde_demand_egg_events_l_russian.yml","6","Issue a demand to return the eggs from the Free Cities","Потребовать возвращения яиц из Вольных городов","Выдвинуть требование о возврате яиц из Вольных Городов"
"demand_egg","localization/replace/english/mde_demand_egg_events_l_english.yml","59","localization/russian/mde_demand_egg_events_l_russian.yml","59","Demand Egg","Потребовать яйцо","Требовать яйцо"
"demand_egg_desc","localization/replace/english/mde_demand_egg_events_l_english.yml","60","localization/russian/mde_demand_egg_events_l_russian.yml","60","[recipient.GetName] is unjustly in possession of a dragon's egg!","[recipient.GetName] незаконно владеет драконьим яйцом.","[recipient.GetName] незаконно владеет драконьим яйцом!"
"demanded_egg_interaction.desc","localization/replace/english/mde_demand_egg_events_l_english.yml","61","localization/russian/mde_demand_egg_events_l_russian.yml","61","[actor.GetName] has demanded a dragon egg!","[actor.GetName] требует передать драконье яйцо!","[actor.GetName] потребовал(а) яйцо дракона!"
"demanded_egg_interaction.t","localization/replace/english/mde_demand_egg_events_l_english.yml","92","localization/russian/mde_demand_egg_events_l_russian.yml","93","Demanded A Dragon Egg!","Требование драконьего яйца!","Потребовал драконье яйцо!"
"demanded_egg_opinion","localization/replace/english/mde_demand_egg_events_l_english.yml","79","localization/russian/mde_demand_egg_events_l_russian.yml","79","Illegally Possesses Dragon Egg","Незаконно владеет драконьим яйцом","Незаконно владеет драконьим яйцом"
"domicile_building_parameter_camp_unlocks_dragonkeeper","localization/replace/english/domiciles/dp_domicile_buildings_l_english.yml","2","localization/russian/dp_domicile_buildings_l_russian.yml","4","Unlocks the [GetCourtPositionType('head_dragonkeeper_court_position').GetName()] [officer|E]","Открывает [GetCourtPositionType('head_dragonkeeper_court_position').GetName()] [officer|E]","Открывает [GetCourtPositionType('head_dragonkeeper_court_position').GetName()] [officer|E]"
"dragon_ancestor_1_desc","localization/replace/english/agot/agot_artifacts/mde_artifacts_l_english.yml","223",,,"Vaedar",,
"dragon_ancestor_2_desc","localization/replace/english/agot/agot_artifacts/mde_artifacts_l_english.yml","224",,,"Vezojaes",,
"dragon_ancestor_3_desc","localization/replace/english/agot/agot_artifacts/mde_artifacts_l_english.yml","225",,,"Falkael",,
"dragon_ancestor_4_desc","localization/replace/english/agot/agot_artifacts/mde_artifacts_l_english.yml","226",,,"Peldion",,
"dragon_ancestor_5_desc","localization/replace/english/agot/agot_artifacts/mde_artifacts_l_english.yml","227",,,"Volon",,
"dragon_ancestor_6_desc","localization/replace/english/agot/agot_artifacts/mde_artifacts_l_english.yml","228",,,"Telarion",,
"dragon_button_manager_text","localization/replace/english/more_dragon_eggs_ui_l_english.yml","4","localization/russian/more_dragon_eggs_ui_l_russian.yml","4","Toggle Dragon Button","Показать или скрыть кнопку драконов",
"dragon_coop_01_domicile_building","localization/replace/english/domiciles/mde_domicile_buildings_l_english.yml","2",,,"Dragoncoop",,"Загон для драконов"
"dragon_coop_01_domicile_building_desc","localization/replace/english/domiciles/mde_domicile_buildings_l_english.yml","3",,,"This is where adventurers can store their dragons.",,"Здесь искатели приключений могут содержать своих драконов."
"DRAGON_DESIGNER_RANDOMIZE_BY_EGG_COLOR_TOOLTIP","localization/replace/english/mde_customizer_l_english.yml","7","localization/russian/mde_customizer_l_russian.yml","7","#T Randomize Dragon Appearance by Egg Color #!\nThis will randomize the appearance of this dragon as if it were another dragon hatched from the same type of egg. It will be grayed out if the dragon doesn't have a saved egg color","#T Случайный облик по цвету яйца #!\nМеняет внешний вид этого дракона так, словно он вылупился из другого яйца того же цвета. Пункт недоступен, если у дракона не сохранён цвет яйца.",
"DRAGON_DESIGNER_RANDOMIZE_TOOLTIP","localization/replace/english/mde_customizer_l_english.yml","6","localization/russian/mde_customizer_l_russian.yml","6","#T Randomize Dragon Appearance #!\nThis will completely randomize the appearance of this dragon regardless of egg color.","#T Случайный облик дракона #!\nПолностью меняет внешний вид этого дракона, независимо от цвета яйца.",
"dragon_egg_aemond_1_desc","localization/replace/english/agot/agot_artifacts/mde_artifacts_l_english.yml","67","localization/russian/dp_artifacts_l_russian.yml","53","[newly_created_artifact.GetDesc]\n\nThis egg will hatch Winged Stranger.","[newly_created_artifact.GetDesc]\n\nИз яйца вылупится Крылатый Странник.","[newly_created_artifact.GetDesc]\n\nИз яйца вылупится Крылатый Незнакомец."
"dragon_egg_aemond_1_ui_desc","localization/replace/english/agot/agot_artifacts/mde_artifacts_l_english.yml","138","localization/russian/dp_artifacts_l_russian.yml","124","This egg will hatch Winged Stranger.","Из этого яйца вылупится Крылатый Странник.","This egg will hatch Winged Stranger."
"dragon_egg_aemond_2_desc","localization/replace/english/agot/agot_artifacts/mde_artifacts_l_english.yml","68","localization/russian/dp_artifacts_l_russian.yml","54","[newly_created_artifact.GetDesc]\n\nThis egg will hatch Hegagon.","[newly_created_artifact.GetDesc]\n\nИз яйца вылупится Хегагон.","[newly_created_artifact.GetDesc]\n\nИз яйца вылупится Хейгон."
"dragon_egg_aemond_2_ui_desc","localization/replace/english/agot/agot_artifacts/mde_artifacts_l_english.yml","139","localization/russian/dp_artifacts_l_russian.yml","125","This egg will hatch Hegagon.","Из этого яйца вылупится Хегагон.","This egg will hatch Hegagon."
"dragon_egg_aemond_3_desc","localization/replace/english/agot/agot_artifacts/mde_artifacts_l_english.yml","69","localization/russian/dp_artifacts_l_russian.yml","55","[newly_created_artifact.GetDesc]\n\nThis egg will hatch Qelos.","[newly_created_artifact.GetDesc]\n\nИз яйца вылупится Квелос.","[newly_created_artifact.GetDesc]\n\nИз яйца вылупится Келос."
"dragon_egg_aemond_3_ui_desc","localization/replace/english/agot/agot_artifacts/mde_artifacts_l_english.yml","140","localization/russian/dp_artifacts_l_russian.yml","126","This egg will hatch Qelos.","Из этого яйца вылупится Квелос.","This egg will hatch Qelos."
"dragon_egg_aenys_1_desc","localization/replace/english/agot/agot_artifacts/mde_artifacts_l_english.yml","61","localization/russian/dp_artifacts_l_russian.yml","47","[newly_created_artifact.GetDesc]\n\nThis egg will hatch Goldfyre.","[newly_created_artifact.GetDesc]\n\nИз яйца вылупится Золотой Огонь.","[newly_created_artifact.GetDesc]\n\nИз яйца вылупится Золотое Пламя."
"dragon_egg_aenys_1_ui_desc","localization/replace/english/agot/agot_artifacts/mde_artifacts_l_english.yml","132","localization/russian/dp_artifacts_l_russian.yml","118","This egg will hatch Goldfyre.","Из этого яйца вылупится Золотой Огонь.","This egg will hatch Goldfyre."
"dragon_egg_aenys_2_desc","localization/replace/english/agot/agot_artifacts/mde_artifacts_l_english.yml","62","localization/russian/dp_artifacts_l_russian.yml","48","[newly_created_artifact.GetDesc]\n\nThis egg will hatch Deltharion.","[newly_created_artifact.GetDesc]\n\nИз яйца вылупится Делтарион.","[newly_created_artifact.GetDesc]\n\nИз яйца вылупится Делтарион."
"dragon_egg_aenys_2_ui_desc","localization/replace/english/agot/agot_artifacts/mde_artifacts_l_english.yml","133","localization/russian/dp_artifacts_l_russian.yml","119","This egg will hatch Deltharion.","Из этого яйца вылупится Делтарион.","This egg will hatch Deltharion."
"dragon_egg_aerea_1_desc","localization/replace/english/agot/agot_artifacts/mde_artifacts_l_english.yml","63","localization/russian/dp_artifacts_l_russian.yml","49","[newly_created_artifact.GetDesc]\n\nThis egg will hatch Laengar.","[newly_created_artifact.GetDesc]\n\nИз яйца вылупится Лейнгар.","[newly_created_artifact.GetDesc]\n\nИз яйца вылупится Лейнгар."
"dragon_egg_aerea_1_ui_desc","localization/replace/english/agot/agot_artifacts/mde_artifacts_l_english.yml","134","localization/russian/dp_artifacts_l_russian.yml","120","This egg will hatch Laengar.","Из этого яйца вылупится Лейнгар.","This egg will hatch Laengar."
"dragon_egg_aerea_2_desc","localization/replace/english/agot/agot_artifacts/mde_artifacts_l_english.yml","64","localization/russian/dp_artifacts_l_russian.yml","50","[newly_created_artifact.GetDesc]\n\nThis egg will hatch Moonfyre.","[newly_created_artifact.GetDesc]\n\nИз яйца вылупится Лунный Огонь.","[newly_created_artifact.GetDesc]\n\nИз яйца вылупится Лунное Пламя."
"dragon_egg_aerea_2_ui_desc","localization/replace/english/agot/agot_artifacts/mde_artifacts_l_english.yml","135","localization/russian/dp_artifacts_l_russian.yml","121","This egg will hatch Moonfyre.","Из этого яйца вылупится Лунный Огонь.","This egg will hatch Moonfyre."
"dragon_egg_aerea_3_desc","localization/replace/english/agot/agot_artifacts/mde_artifacts_l_english.yml","65","localization/russian/dp_artifacts_l_russian.yml","51","[newly_created_artifact.GetDesc]\n\nThis egg will hatch Adereon.","[newly_created_artifact.GetDesc]\n\nИз яйца вылупится Адереон.","[newly_created_artifact.GetDesc]\n\nИз яйца вылупится Адереон."
"dragon_egg_aerea_3_ui_desc","localization/replace/english/agot/agot_artifacts/mde_artifacts_l_english.yml","136","localization/russian/dp_artifacts_l_russian.yml","122","This egg will hatch Adereon.","Из этого яйца вылупится Адереон.","This egg will hatch Adereon."
"dragon_egg_alive_or_dead","localization/replace/english/agot/agot_artifacts/mde_artifacts_l_english.yml","230",,,"[AddLocalizationIf(GetScriptedGui('mde_egg_is_dud').IsShown( GuiScope.SetRoot( GetPlayer.MakeScope ).AddScope( 'this_egg', Artifact.MakeScope ).End ), 'dragon_egg_dud')]Dragon Egg",,
"dragon_egg_anogaros_desc","localization/replace/english/agot/agot_artifacts/mde_artifacts_l_english.yml","15","localization/russian/dp_artifacts_l_russian.yml","3","[newly_created_artifact.GetDesc]\n\nThis egg will hatch Anogaros.","[newly_created_artifact.GetDesc]\n\nИз яйца вылупится Аногарос.","[newly_created_artifact.GetDesc]\n\nИз яйца вылупится Аногарос."
"dragon_egg_anogaros_ui_desc","localization/replace/english/agot/agot_artifacts/mde_artifacts_l_english.yml","88","localization/russian/dp_artifacts_l_russian.yml","74","This egg will hatch Anogaros.","Из этого яйца вылупится Аногарос.","This egg will hatch Anogaros."
"dragon_egg_archonei_desc","localization/replace/english/agot/agot_artifacts/mde_artifacts_l_english.yml","17","localization/russian/dp_artifacts_l_russian.yml","5","[newly_created_artifact.GetDesc]\n\nThis egg will hatch Archonei.","[newly_created_artifact.GetDesc]\n\nИз яйца вылупится Архоней.","[newly_created_artifact.GetDesc]\n\nИз яйца вылупится Архоней."
"dragon_egg_archonei_ui_desc","localization/replace/english/agot/agot_artifacts/mde_artifacts_l_english.yml","90","localization/russian/dp_artifacts_l_russian.yml","76","This egg will hatch Archonei.","Из этого яйца вылупится Архоней.","This egg will hatch Archonei."
"dragon_egg_arrax_desc","localization/replace/english/agot/agot_artifacts/mde_artifacts_l_english.yml","32","localization/russian/dp_artifacts_l_russian.yml","20","[newly_created_artifact.GetDesc]\n\nThis egg will hatch Arrax.","[newly_created_artifact.GetDesc]\n\nИз яйца вылупится Арракс.","[newly_created_artifact.GetDesc]\n\nИз яйца вылупится Арракс."
"dragon_egg_arrax_ui_desc","localization/replace/english/agot/agot_artifacts/mde_artifacts_l_english.yml","105","localization/russian/dp_artifacts_l_russian.yml","91","This egg will hatch Arrax.","Из этого яйца вылупится Арракс.","This egg will hatch Arrax."
"dragon_egg_balerion_desc","localization/replace/english/agot/agot_artifacts/mde_artifacts_l_english.yml","18","localization/russian/dp_artifacts_l_russian.yml","6","[newly_created_artifact.GetDesc]\n\nThis egg will hatch Balerion.","[newly_created_artifact.GetDesc]\n\nИз яйца вылупится Балерион.","[newly_created_artifact.GetDesc]\n\nИз яйца вылупится Балерион."
"dragon_egg_balerion_ui_desc","localization/replace/english/agot/agot_artifacts/mde_artifacts_l_english.yml","91","localization/russian/dp_artifacts_l_russian.yml","77","This egg will hatch Balerion.","Из этого яйца вылупится Балерион.","This egg will hatch Balerion."
"dragon_egg_cannibal_desc","localization/replace/english/agot/agot_artifacts/mde_artifacts_l_english.yml","42","localization/russian/dp_artifacts_l_russian.yml","30","[newly_created_artifact.GetDesc]\n\nThis egg will hatch Cannibal.","[newly_created_artifact.GetDesc]\n\nИз яйца вылупится Каннибал.","[newly_created_artifact.GetDesc]\n\nИз яйца вылупится Каннибал."
"dragon_egg_cannibal_ui_desc","localization/replace/english/agot/agot_artifacts/mde_artifacts_l_english.yml","115","localization/russian/dp_artifacts_l_russian.yml","101","This egg will hatch Cannibal.","Из этого яйца вылупится Каннибал.","This egg will hatch Cannibal."
"dragon_egg_caraxes_desc","localization/replace/english/agot/agot_artifacts/mde_artifacts_l_english.yml","22","localization/russian/dp_artifacts_l_russian.yml","10","[newly_created_artifact.GetDesc]\n\nThis egg will hatch Caraxes.","[newly_created_artifact.GetDesc]\n\nИз яйца вылупится Караксес.","[newly_created_artifact.GetDesc]\n\nИз яйца вылупится Караксес."
"dragon_egg_caraxes_ui_desc","localization/replace/english/agot/agot_artifacts/mde_artifacts_l_english.yml","95","localization/russian/dp_artifacts_l_russian.yml","81","This egg will hatch Caraxes.","Из этого яйца вылупится Караксес.","This egg will hatch Caraxes."
"dragon_egg_daenerys_1_desc","localization/replace/english/agot/agot_artifacts/mde_artifacts_l_english.yml","66","localization/russian/dp_artifacts_l_russian.yml","52","[newly_created_artifact.GetDesc]\n\nThis egg will hatch Hurax.","[newly_created_artifact.GetDesc]\n\nИз яйца вылупится Харакс.","[newly_created_artifact.GetDesc]\n\nИз яйца вылупится Хуракс."
"dragon_egg_daenerys_1_ui_desc","localization/replace/english/agot/agot_artifacts/mde_artifacts_l_english.yml","137","localization/russian/dp_artifacts_l_russian.yml","123","This egg will hatch Hurax.","Из этого яйца вылупится Харакс.","This egg will hatch Hurax."
"dragon_egg_dragon_ancestor_1_desc","localization/replace/english/agot/agot_artifacts/mde_artifacts_l_english.yml","80","localization/russian/dp_artifacts_l_russian.yml","66","[newly_created_artifact.GetDesc]\n\nThis egg will hatch Vaedar.","[newly_created_artifact.GetDesc]\n\nИз яйца вылупится Вейдар.","[newly_created_artifact.GetDesc]\n\nИз яйца вылупится Вейдар."
"dragon_egg_dragon_ancestor_1_ui_desc","localization/replace/english/agot/agot_artifacts/mde_artifacts_l_english.yml","151","localization/russian/dp_artifacts_l_russian.yml","137","This egg will hatch Vaedar.","Из этого яйца вылупится Вейдар.","This egg will hatch Vaedar."
"dragon_egg_dragon_ancestor_2_desc","localization/replace/english/agot/agot_artifacts/mde_artifacts_l_english.yml","81","localization/russian/dp_artifacts_l_russian.yml","67","[newly_created_artifact.GetDesc]\n\nThis egg will hatch Vezojaes.","[newly_created_artifact.GetDesc]\n\nИз яйца вылупится Везойес.","[newly_created_artifact.GetDesc]\n\nИз яйца вылупится Везояес."
"dragon_egg_dragon_ancestor_2_ui_desc","localization/replace/english/agot/agot_artifacts/mde_artifacts_l_english.yml","152","localization/russian/dp_artifacts_l_russian.yml","138","This egg will hatch Vezojaes.","Из этого яйца вылупится Везойес.","This egg will hatch Vezojaes."
"dragon_egg_dragon_ancestor_3_desc","localization/replace/english/agot/agot_artifacts/mde_artifacts_l_english.yml","82","localization/russian/dp_artifacts_l_russian.yml","68","[newly_created_artifact.GetDesc]\n\nThis egg will hatch Falkael.","[newly_created_artifact.GetDesc]\n\nИз яйца вылупится Фалкейль.","[newly_created_artifact.GetDesc]\n\nИз яйца вылупится Фалькаэль."
"dragon_egg_dragon_ancestor_3_ui_desc","localization/replace/english/agot/agot_artifacts/mde_artifacts_l_english.yml","153","localization/russian/dp_artifacts_l_russian.yml","139","This egg will hatch Falkael.","Из этого яйца вылупится Фалкейль.","This egg will hatch Falkael."
"dragon_egg_dragon_ancestor_4_desc","localization/replace/english/agot/agot_artifacts/mde_artifacts_l_english.yml","83","localization/russian/dp_artifacts_l_russian.yml","69","[newly_created_artifact.GetDesc]\n\nThis egg will hatch Peldion.","[newly_created_artifact.GetDesc]\n\nИз яйца вылупится Пельдион.","[newly_created_artifact.GetDesc]\n\nИз яйца вылупится Пелдион."
"dragon_egg_dragon_ancestor_4_ui_desc","localization/replace/english/agot/agot_artifacts/mde_artifacts_l_english.yml","154","localization/russian/dp_artifacts_l_russian.yml","140","This egg will hatch Peldion.","Из этого яйца вылупится Пельдион.","This egg will hatch Peldion."
"dragon_egg_dragon_ancestor_5_desc","localization/replace/english/agot/agot_artifacts/mde_artifacts_l_english.yml","84","localization/russian/dp_artifacts_l_russian.yml","70","[newly_created_artifact.GetDesc]\n\nThis egg will hatch Volon.","[newly_created_artifact.GetDesc]\n\nИз яйца вылупится Волон.","[newly_created_artifact.GetDesc]\n\nИз яйца вылупится Волон."
"dragon_egg_dragon_ancestor_5_ui_desc","localization/replace/english/agot/agot_artifacts/mde_artifacts_l_english.yml","155","localization/russian/dp_artifacts_l_russian.yml","141","This egg will hatch Volon.","Из этого яйца вылупится Волон.","This egg will hatch Volon."
"dragon_egg_dragon_ancestor_6_desc","localization/replace/english/agot/agot_artifacts/mde_artifacts_l_english.yml","85","localization/russian/dp_artifacts_l_russian.yml","71","[newly_created_artifact.GetDesc]\n\nThis egg will hatch Telarion.","[newly_created_artifact.GetDesc]\n\nИз яйца вылупится Теларион.","[newly_created_artifact.GetDesc]\n\nИз яйца вылупится Теларион."
"dragon_egg_dragon_ancestor_6_ui_desc","localization/replace/english/agot/agot_artifacts/mde_artifacts_l_english.yml","156","localization/russian/dp_artifacts_l_russian.yml","142","This egg will hatch Telarion.","Из этого яйца вылупится Теларион.","This egg will hatch Telarion."
"dragon_egg_dreamfyre_desc","localization/replace/english/agot/agot_artifacts/mde_artifacts_l_english.yml","24","localization/russian/dp_artifacts_l_russian.yml","12","[newly_created_artifact.GetDesc]\n\nThis egg will hatch Dreamfyre.","[newly_created_artifact.GetDesc]\n\nИз яйца вылупится Пламенная Мечта.","[newly_created_artifact.GetDesc]\n\nИз яйца вылупится Пламенная мечта."
"dragon_egg_dreamfyre_ui_desc","localization/replace/english/agot/agot_artifacts/mde_artifacts_l_english.yml","97","localization/russian/dp_artifacts_l_russian.yml","83","This egg will hatch Dreamfyre.","Из этого яйца вылупится Пламенная Мечта.","This egg will hatch Dreamfyre."
"dragon_egg_drogon_desc","localization/replace/english/agot/agot_artifacts/mde_artifacts_l_english.yml","45","localization/russian/dp_artifacts_l_russian.yml","33","[newly_created_artifact.GetDesc]\n\nThis egg will hatch Drogon.","[newly_created_artifact.GetDesc]\n\nИз яйца вылупится Дрогон.","[newly_created_artifact.GetDesc]\n\nИз яйца вылупится Дрогон."
"dragon_egg_drogon_ui_desc","localization/replace/english/agot/agot_artifacts/mde_artifacts_l_english.yml","118","localization/russian/dp_artifacts_l_russian.yml","104","This egg will hatch Drogon.","Из этого яйца вылупится Дрогон.","This egg will hatch Drogon."
"dragon_egg_dud","localization/replace/english/agot/agot_artifacts/mde_artifacts_l_english.yml","231",,,"Petrified ",,
"dragon_egg_embryo_desc","localization/replace/english/agot/agot_artifacts/mde_artifacts_l_english.yml","7",,,"[Artifact.Custom('mde_dragon_embryo_name')]",,
"dragon_egg_essovius_desc","localization/replace/english/agot/agot_artifacts/mde_artifacts_l_english.yml","70","localization/russian/dp_artifacts_l_russian.yml","56","[newly_created_artifact.GetDesc]\n\nThis egg will hatch Essovius.","[newly_created_artifact.GetDesc]\n\nИз яйца вылупится Эссовиус.","[newly_created_artifact.GetDesc]\n\nИз яйца вылупится Эссовиус."
"dragon_egg_essovius_ui_desc","localization/replace/english/agot/agot_artifacts/mde_artifacts_l_english.yml","141","localization/russian/dp_artifacts_l_russian.yml","127","This egg will hatch Essovius.","Из этого яйца вылупится Эссовиус.","This egg will hatch Essovius."
"dragon_egg_ghiscar_desc","localization/replace/english/agot/agot_artifacts/mde_artifacts_l_english.yml","72","localization/russian/dp_artifacts_l_russian.yml","58","[newly_created_artifact.GetDesc]\n\nThis egg will hatch Ghiscar.","[newly_created_artifact.GetDesc]\n\nИз яйца вылупится Гискар.","[newly_created_artifact.GetDesc]\n\nИз яйца вылупится Гискар."
"dragon_egg_ghiscar_ui_desc","localization/replace/english/agot/agot_artifacts/mde_artifacts_l_english.yml","143","localization/russian/dp_artifacts_l_russian.yml","129","This egg will hatch Ghiscar.","Из этого яйца вылупится Гискар.","This egg will hatch Ghiscar."
"dragon_egg_grey_ghost_desc","localization/replace/english/agot/agot_artifacts/mde_artifacts_l_english.yml","44","localization/russian/dp_artifacts_l_russian.yml","32","[newly_created_artifact.GetDesc]\n\nThis egg will hatch Grey Ghost.","[newly_created_artifact.GetDesc]\n\nИз яйца вылупится Серый Призрак.","[newly_created_artifact.GetDesc]\n\nИз яйца вылупится Серый Призрак."
"dragon_egg_grey_ghost_ui_desc","localization/replace/english/agot/agot_artifacts/mde_artifacts_l_english.yml","117","localization/russian/dp_artifacts_l_russian.yml","103","This egg will hatch Grey Ghost.","Из этого яйца вылупится Серый Призрак.","This egg will hatch Grey Ghost."
"dragon_egg_laena_1_desc","localization/replace/english/agot/agot_artifacts/mde_artifacts_l_english.yml","60",,,"[newly_created_artifact.GetDesc]\n\nThis egg will hatch Starhunter.",,
"dragon_egg_maegor_10_desc","localization/replace/english/agot/agot_artifacts/mde_artifacts_l_english.yml","57","localization/russian/dp_artifacts_l_russian.yml","45","[newly_created_artifact.GetDesc]\n\nThis egg will hatch Tallfyre.","[newly_created_artifact.GetDesc]\n\nИз яйца вылупится Высокий Огонь.","[newly_created_artifact.GetDesc]\n\nИз яйца вылупится Таллфайр."
"dragon_egg_maegor_10_ui_desc","localization/replace/english/agot/agot_artifacts/mde_artifacts_l_english.yml","130","localization/russian/dp_artifacts_l_russian.yml","116","This egg will hatch Tallfyre.","Из этого яйца вылупится Высокий Огонь.","This egg will hatch Tallfyre."
"dragon_egg_maegor_11_desc","localization/replace/english/agot/agot_artifacts/mde_artifacts_l_english.yml","58","localization/russian/dp_artifacts_l_russian.yml","46","[newly_created_artifact.GetDesc]\n\nThis egg will hatch Zuvdar.","[newly_created_artifact.GetDesc]\n\nИз яйца вылупится Зувдар.","[newly_created_artifact.GetDesc]\n\nИз яйца вылупится Зувдар."
"dragon_egg_maegor_11_ui_desc","localization/replace/english/agot/agot_artifacts/mde_artifacts_l_english.yml","131","localization/russian/dp_artifacts_l_russian.yml","117","This egg will hatch Zuvdar.","Из этого яйца вылупится Зувдар.","This egg will hatch Zuvdar."
"dragon_egg_maegor_12_desc","localization/replace/english/agot/agot_artifacts/mde_artifacts_l_english.yml","59",,,"[newly_created_artifact.GetDesc]\n\nThis egg will hatch Greyscale.",,
"dragon_egg_maegor_2_desc","localization/replace/english/agot/agot_artifacts/mde_artifacts_l_english.yml","49","localization/russian/dp_artifacts_l_russian.yml","37","[newly_created_artifact.GetDesc]\n\nThis egg will hatch Lorcan.","[newly_created_artifact.GetDesc]\n\nИз яйца вылупится Лоркан.","[newly_created_artifact.GetDesc]\n\nTИз яйца вылупится Лоркон."
"dragon_egg_maegor_2_ui_desc","localization/replace/english/agot/agot_artifacts/mde_artifacts_l_english.yml","122","localization/russian/dp_artifacts_l_russian.yml","108","This egg will hatch Lorcan.","Из этого яйца вылупится Лоркан.","This egg will hatch Lorcan."
"dragon_egg_maegor_3_desc","localization/replace/english/agot/agot_artifacts/mde_artifacts_l_english.yml","50","localization/russian/dp_artifacts_l_russian.yml","38","[newly_created_artifact.GetDesc]\n\nThis egg will hatch Orion.","[newly_created_artifact.GetDesc]\n\nИз яйца вылупится Орион.","[newly_created_artifact.GetDesc]\n\nИз яйца вылупится Орион."
"dragon_egg_maegor_3_ui_desc","localization/replace/english/agot/agot_artifacts/mde_artifacts_l_english.yml","123","localization/russian/dp_artifacts_l_russian.yml","109","This egg will hatch Orion.","Из этого яйца вылупится Орион.","This egg will hatch Orion."
"dragon_egg_maegor_4_desc","localization/replace/english/agot/agot_artifacts/mde_artifacts_l_english.yml","51","localization/russian/dp_artifacts_l_russian.yml","39","[newly_created_artifact.GetDesc]\n\nThis egg will hatch Blackfyre.","[newly_created_artifact.GetDesc]\n\nИз яйца вылупится Чёрное Пламя.","[newly_created_artifact.GetDesc]\n\nИз яйца вылупится Черное Пламя."
"dragon_egg_maegor_4_ui_desc","localization/replace/english/agot/agot_artifacts/mde_artifacts_l_english.yml","124","localization/russian/dp_artifacts_l_russian.yml","110","This egg will hatch Blackfyre.","Из этого яйца вылупится Чёрное Пламя.","This egg will hatch Blackfyre."
"dragon_egg_maegor_5_desc","localization/replace/english/agot/agot_artifacts/mde_artifacts_l_english.yml","52","localization/russian/dp_artifacts_l_russian.yml","40","[newly_created_artifact.GetDesc]\n\nThis egg will hatch Ryax.","[newly_created_artifact.GetDesc]\n\nИз яйца вылупится Риакс.","[newly_created_artifact.GetDesc]\n\nИз яйца вылупится Райакс."
"dragon_egg_maegor_5_ui_desc","localization/replace/english/agot/agot_artifacts/mde_artifacts_l_english.yml","125","localization/russian/dp_artifacts_l_russian.yml","111","This egg will hatch Ryax.","Из этого яйца вылупится Риакс.","This egg will hatch Ryax."
"dragon_egg_maegor_6_desc","localization/replace/english/agot/agot_artifacts/mde_artifacts_l_english.yml","53","localization/russian/dp_artifacts_l_russian.yml","41","[newly_created_artifact.GetDesc]\n\nThis egg will hatch Morghon.","[newly_created_artifact.GetDesc]\n\nИз яйца вылупится Моргон.","[newly_created_artifact.GetDesc]\n\nИз яйца вылупится Моргон."
"dragon_egg_maegor_6_ui_desc","localization/replace/english/agot/agot_artifacts/mde_artifacts_l_english.yml","126","localization/russian/dp_artifacts_l_russian.yml","112","This egg will hatch Morghon.","Из этого яйца вылупится Моргон.","This egg will hatch Morghon."
"dragon_egg_maegor_7_desc","localization/replace/english/agot/agot_artifacts/mde_artifacts_l_english.yml","54","localization/russian/dp_artifacts_l_russian.yml","42","[newly_created_artifact.GetDesc]\n\nThis egg will hatch Lykax.","[newly_created_artifact.GetDesc]\n\nИз яйца вылупится Ликакс.","[newly_created_artifact.GetDesc]\n\nИз яйца вылупится Ликакс."
"dragon_egg_maegor_7_ui_desc","localization/replace/english/agot/agot_artifacts/mde_artifacts_l_english.yml","127","localization/russian/dp_artifacts_l_russian.yml","113","This egg will hatch Lykax.","Из этого яйца вылупится Ликакс.","This egg will hatch Lykax."
"dragon_egg_maegor_8_desc","localization/replace/english/agot/agot_artifacts/mde_artifacts_l_english.yml","55","localization/russian/dp_artifacts_l_russian.yml","43","[newly_created_artifact.GetDesc]\n\nThis egg will hatch Malrax.","[newly_created_artifact.GetDesc]\n\nИз яйца вылупится Малракс.","[newly_created_artifact.GetDesc]\n\nИз яйца вылупится Малракс."
"dragon_egg_maegor_8_ui_desc","localization/replace/english/agot/agot_artifacts/mde_artifacts_l_english.yml","128","localization/russian/dp_artifacts_l_russian.yml","114","This egg will hatch Malrax.","Из этого яйца вылупится Малракс.","This egg will hatch Malrax."
"dragon_egg_maegor_9_desc","localization/replace/english/agot/agot_artifacts/mde_artifacts_l_english.yml","56","localization/russian/dp_artifacts_l_russian.yml","44","[newly_created_artifact.GetDesc]\n\nThis egg will hatch Spyrax.","[newly_created_artifact.GetDesc]\n\nИз яйца вылупится Спиракс.","[newly_created_artifact.GetDesc]\n\nИз яйца вылупится Спиракс."
"dragon_egg_maegor_9_ui_desc","localization/replace/english/agot/agot_artifacts/mde_artifacts_l_english.yml","129","localization/russian/dp_artifacts_l_russian.yml","115","This egg will hatch Spyrax.","Из этого яйца вылупится Спиракс.","This egg will hatch Spyrax."
"dragon_egg_meleys_desc","localization/replace/english/agot/agot_artifacts/mde_artifacts_l_english.yml","23","localization/russian/dp_artifacts_l_russian.yml","11","[newly_created_artifact.GetDesc]\n\nThis egg will hatch Meleys.","[newly_created_artifact.GetDesc]\n\nИз яйца вылупится Мелеис.","[newly_created_artifact.GetDesc]\n\nИз яйца вылупится Мелейс."
"dragon_egg_meleys_ui_desc","localization/replace/english/agot/agot_artifacts/mde_artifacts_l_english.yml","96","localization/russian/dp_artifacts_l_russian.yml","82","This egg will hatch Meleys.","Из этого яйца вылупится Мелеис.","This egg will hatch Meleys."
"dragon_egg_meraxes_desc","localization/replace/english/agot/agot_artifacts/mde_artifacts_l_english.yml","19","localization/russian/dp_artifacts_l_russian.yml","7","[newly_created_artifact.GetDesc]\n\nThis egg will hatch Meraxes.","[newly_created_artifact.GetDesc]\n\nИз яйца вылупится Мераксес.","[newly_created_artifact.GetDesc]\n\nИз яйца вылупится Мерксес."
"dragon_egg_meraxes_ui_desc","localization/replace/english/agot/agot_artifacts/mde_artifacts_l_english.yml","92","localization/russian/dp_artifacts_l_russian.yml","78","This egg will hatch Meraxes.","Из этого яйца вылупится Мераксес.","This egg will hatch Meraxes."
"dragon_egg_moondancer_desc","localization/replace/english/agot/agot_artifacts/mde_artifacts_l_english.yml","35","localization/russian/dp_artifacts_l_russian.yml","23","[newly_created_artifact.GetDesc]\n\nThis egg will hatch Moondancer.","[newly_created_artifact.GetDesc]\n\nИз яйца вылупится Лунная Плясунья.","[newly_created_artifact.GetDesc]\n\nИз яйца вылупится Лунная Плясунья."
"dragon_egg_moondancer_ui_desc","localization/replace/english/agot/agot_artifacts/mde_artifacts_l_english.yml","108","localization/russian/dp_artifacts_l_russian.yml","94","This egg will hatch Moondancer.","Из этого яйца вылупится Лунная Плясунья.","This egg will hatch Moondancer."
"dragon_egg_morghul_desc","localization/replace/english/agot/agot_artifacts/mde_artifacts_l_english.yml","38","localization/russian/dp_artifacts_l_russian.yml","26","[newly_created_artifact.GetDesc]\n\nThis egg will hatch Morghul.","[newly_created_artifact.GetDesc]\n\nИз яйца вылупится Моргул.","[newly_created_artifact.GetDesc]\n\nИз яйца вылупится Моргул."
"dragon_egg_morghul_ui_desc","localization/replace/english/agot/agot_artifacts/mde_artifacts_l_english.yml","111","localization/russian/dp_artifacts_l_russian.yml","97","This egg will hatch Morghul.","Из этого яйца вылупится Моргул.","This egg will hatch Morghul."
"dragon_egg_morning_desc","localization/replace/english/agot/agot_artifacts/mde_artifacts_l_english.yml","39","localization/russian/dp_artifacts_l_russian.yml","27","[newly_created_artifact.GetDesc]\n\nThis egg will hatch Morning.","[newly_created_artifact.GetDesc]\n\nИз яйца вылупится Утро.","[newly_created_artifact.GetDesc]\n\nИз яйца вылупится Заря."
"dragon_egg_morning_ui_desc","localization/replace/english/agot/agot_artifacts/mde_artifacts_l_english.yml","112","localization/russian/dp_artifacts_l_russian.yml","98","This egg will hatch Morning.","Из этого яйца вылупится Утро.","This egg will hatch Morning."
"dragon_egg_nagga_desc","localization/replace/english/agot/agot_artifacts/mde_artifacts_l_english.yml","78","localization/russian/dp_artifacts_l_russian.yml","64","[newly_created_artifact.GetDesc]\n\nThis egg will hatch Nagga.","[newly_created_artifact.GetDesc]\n\nИз яйца вылупится Нагга.","[newly_created_artifact.GetDesc]\n\nИз яйца вылупится Нагга."
"dragon_egg_nagga_ui_desc","localization/replace/english/agot/agot_artifacts/mde_artifacts_l_english.yml","149","localization/russian/dp_artifacts_l_russian.yml","135","This egg will hatch Nagga.","Из этого яйца вылупится Нагга.","This egg will hatch Nagga."
"dragon_egg_neltharion_desc","localization/replace/english/agot/agot_artifacts/mde_artifacts_l_english.yml","76","localization/russian/dp_artifacts_l_russian.yml","62","[newly_created_artifact.GetDesc]\n\nThis egg will hatch Neltharion.","[newly_created_artifact.GetDesc]\n\nИз яйца вылупится Нельтарион.","[newly_created_artifact.GetDesc]\n\nИз яйца вылупится Нелтарион."
"dragon_egg_neltharion_ui_desc","localization/replace/english/agot/agot_artifacts/mde_artifacts_l_english.yml","147","localization/russian/dp_artifacts_l_russian.yml","133","This egg will hatch Neltharion.","Из этого яйца вылупится Нельтарион.","This egg will hatch Neltharion."
"dragon_egg_nessarion_desc","localization/replace/english/agot/agot_artifacts/mde_artifacts_l_english.yml","16","localization/russian/dp_artifacts_l_russian.yml","4","[newly_created_artifact.GetDesc]\n\nThis egg will hatch Nessarion.","[newly_created_artifact.GetDesc]\n\nИз яйца вылупится Нессарион.","[newly_created_artifact.GetDesc]\n\nИз яйца вылупится Нессарион."
"dragon_egg_nessarion_ui_desc","localization/replace/english/agot/agot_artifacts/mde_artifacts_l_english.yml","89","localization/russian/dp_artifacts_l_russian.yml","75","This egg will hatch Nessarion.","Из этого яйца вылупится Нессарион.","This egg will hatch Nessarion."
"dragon_egg_nightfyre_desc","localization/replace/english/agot/agot_artifacts/mde_artifacts_l_english.yml","41","localization/russian/dp_artifacts_l_russian.yml","29","[newly_created_artifact.GetDesc]\n\nThis egg will hatch Nightfyre.","[newly_created_artifact.GetDesc]\n\nИз яйца вылупится Ночной Огонь.","[newly_created_artifact.GetDesc]\n\nИз яйца вылупится Ночное Пламя."
"dragon_egg_nightfyre_ui_desc","localization/replace/english/agot/agot_artifacts/mde_artifacts_l_english.yml","114","localization/russian/dp_artifacts_l_russian.yml","100","This egg will hatch Nightfyre.","Из этого яйца вылупится Ночной Огонь.","This egg will hatch Nightfyre."
"dragon_egg_pythax_desc","localization/replace/english/agot/agot_artifacts/mde_artifacts_l_english.yml","77","localization/russian/dp_artifacts_l_russian.yml","63","[newly_created_artifact.GetDesc]\n\nThis egg will hatch Pythax.","[newly_created_artifact.GetDesc]\n\nИз яйца вылупится Пифакс.","[newly_created_artifact.GetDesc]\n\nИз яйца вылупится Питакс."
"dragon_egg_pythax_ui_desc","localization/replace/english/agot/agot_artifacts/mde_artifacts_l_english.yml","148","localization/russian/dp_artifacts_l_russian.yml","134","This egg will hatch Pythax.","Из этого яйца вылупится Пифакс.","This egg will hatch Pythax."
"dragon_egg_quicksilver_desc","localization/replace/english/agot/agot_artifacts/mde_artifacts_l_english.yml","20","localization/russian/dp_artifacts_l_russian.yml","8","[newly_created_artifact.GetDesc]\n\nThis egg will hatch Quicksilver.","[newly_created_artifact.GetDesc]\n\nИз яйца вылупится Ртуть.","[newly_created_artifact.GetDesc]\n\nИз яйца вылупится Ртуть."
"dragon_egg_quicksilver_ui_desc","localization/replace/english/agot/agot_artifacts/mde_artifacts_l_english.yml","93","localization/russian/dp_artifacts_l_russian.yml","79","This egg will hatch Quicksilver.","Из этого яйца вылупится Ртуть.","This egg will hatch Quicksilver."
"dragon_egg_rhaegal_desc","localization/replace/english/agot/agot_artifacts/mde_artifacts_l_english.yml","46","localization/russian/dp_artifacts_l_russian.yml","34","[newly_created_artifact.GetDesc]\n\nThis egg will hatch Rhaegal.","[newly_created_artifact.GetDesc]\n\nИз яйца вылупится Рейгаль.","[newly_created_artifact.GetDesc]\n\nИз яйца вылупится Рейгал."
"dragon_egg_rhaegal_ui_desc","localization/replace/english/agot/agot_artifacts/mde_artifacts_l_english.yml","119","localization/russian/dp_artifacts_l_russian.yml","105","This egg will hatch Rhaegal.","Из этого яйца вылупится Рейгаль.","This egg will hatch Rhaegal."
"dragon_egg_rovax_desc","localization/replace/english/agot/agot_artifacts/mde_artifacts_l_english.yml","75","localization/russian/dp_artifacts_l_russian.yml","61","[newly_created_artifact.GetDesc]\n\nThis egg will hatch Rovax.","[newly_created_artifact.GetDesc]\n\nИз яйца вылупится Ровакс.","[newly_created_artifact.GetDesc]\n\nИз яйца вылупится Ровакс."
"dragon_egg_rovax_ui_desc","localization/replace/english/agot/agot_artifacts/mde_artifacts_l_english.yml","146","localization/russian/dp_artifacts_l_russian.yml","132","This egg will hatch Rovax.","Из этого яйца вылупится Ровакс.","This egg will hatch Rovax."
"dragon_egg_seasmoke_desc","localization/replace/english/agot/agot_artifacts/mde_artifacts_l_english.yml","27","localization/russian/dp_artifacts_l_russian.yml","15","[newly_created_artifact.GetDesc]\n\nThis egg will hatch Seasmoke.","[newly_created_artifact.GetDesc]\n\nИз яйца вылупится Морской Дым.","[newly_created_artifact.GetDesc]\n\nИз яйца вылупится Морской Туман."
"dragon_egg_seasmoke_ui_desc","localization/replace/english/agot/agot_artifacts/mde_artifacts_l_english.yml","100","localization/russian/dp_artifacts_l_russian.yml","86","This egg will hatch Seasmoke.","Из этого яйца вылупится Морской Дым.","This egg will hatch Seasmoke."
"dragon_egg_serporoth_desc","localization/replace/english/agot/agot_artifacts/mde_artifacts_l_english.yml","48","localization/russian/dp_artifacts_l_russian.yml","36","[newly_created_artifact.GetDesc]\n\nThis egg will hatch Serporoth.","[newly_created_artifact.GetDesc]\n\nИз яйца вылупится Серпорос.","[newly_created_artifact.GetDesc]\n\nИз яйца вылупится Серпорот."
"dragon_egg_serporoth_ui_desc","localization/replace/english/agot/agot_artifacts/mde_artifacts_l_english.yml","121","localization/russian/dp_artifacts_l_russian.yml","107","This egg will hatch Serporoth.","Из этого яйца вылупится Серпорос.","This egg will hatch Serporoth."
"dragon_egg_sheepstealer_desc","localization/replace/english/agot/agot_artifacts/mde_artifacts_l_english.yml","43","localization/russian/dp_artifacts_l_russian.yml","31","[newly_created_artifact.GetDesc]\n\nThis egg will hatch Sheepstealer.","[newly_created_artifact.GetDesc]\n\nИз яйца вылупится Овцекрад.","[newly_created_artifact.GetDesc]\n\nИз яйца вылупится Овцекрад."
"dragon_egg_sheepstealer_ui_desc","localization/replace/english/agot/agot_artifacts/mde_artifacts_l_english.yml","116","localization/russian/dp_artifacts_l_russian.yml","102","This egg will hatch Sheepstealer.","Из этого яйца вылупится Овцекрад.","This egg will hatch Sheepstealer."
"dragon_egg_shrykos_desc","localization/replace/english/agot/agot_artifacts/mde_artifacts_l_english.yml","37","localization/russian/dp_artifacts_l_russian.yml","25","[newly_created_artifact.GetDesc]\n\nThis egg will hatch Shrykos.","[newly_created_artifact.GetDesc]\n\nИз яйца вылупится Шрикос.","[newly_created_artifact.GetDesc]\n\nИз яйца вылупится Шрикос."
"dragon_egg_shrykos_ui_desc","localization/replace/english/agot/agot_artifacts/mde_artifacts_l_english.yml","110","localization/russian/dp_artifacts_l_russian.yml","96","This egg will hatch Shrykos.","Из этого яйца вылупится Шрикос.","This egg will hatch Shrykos."
"dragon_egg_silverwing_desc","localization/replace/english/agot/agot_artifacts/mde_artifacts_l_english.yml","26","localization/russian/dp_artifacts_l_russian.yml","14","[newly_created_artifact.GetDesc]\n\nThis egg will hatch Silverwing.","[newly_created_artifact.GetDesc]\n\nИз яйца вылупится Среброкрылая.","[newly_created_artifact.GetDesc]\n\nИз яйца вылупится Среброкрылая."
"dragon_egg_silverwing_ui_desc","localization/replace/english/agot/agot_artifacts/mde_artifacts_l_english.yml","99","localization/russian/dp_artifacts_l_russian.yml","85","This egg will hatch Silverwing.","Из этого яйца вылупится Среброкрылая.","This egg will hatch Silverwing."
"dragon_egg_stormcloud_desc","localization/replace/english/agot/agot_artifacts/mde_artifacts_l_english.yml","34","localization/russian/dp_artifacts_l_russian.yml","22","[newly_created_artifact.GetDesc]\n\nThis egg will hatch Stormcloud.","[newly_created_artifact.GetDesc]\n\nИз яйца вылупится Грозовое Облако.","[newly_created_artifact.GetDesc]\n\nИз яйца вылупится Грозовое Облако."
"dragon_egg_stormcloud_ui_desc","localization/replace/english/agot/agot_artifacts/mde_artifacts_l_english.yml","107","localization/russian/dp_artifacts_l_russian.yml","93","This egg will hatch Stormcloud.","Из этого яйца вылупится Грозовое Облако.","This egg will hatch Stormcloud."
"dragon_egg_sunfyre_desc","localization/replace/english/agot/agot_artifacts/mde_artifacts_l_english.yml","28","localization/russian/dp_artifacts_l_russian.yml","16","[newly_created_artifact.GetDesc]\n\nThis egg will hatch Sunfyre.","[newly_created_artifact.GetDesc]\n\nИз яйца вылупится Солнечный Огонь.","[newly_created_artifact.GetDesc]\n\nИз яйца вылупится Солнечный Огонь."
"dragon_egg_sunfyre_ui_desc","localization/replace/english/agot/agot_artifacts/mde_artifacts_l_english.yml","101","localization/russian/dp_artifacts_l_russian.yml","87","This egg will hatch Sunfyre.","Из этого яйца вылупится Солнечный Огонь.","This egg will hatch Sunfyre."
"dragon_egg_syrax_desc","localization/replace/english/agot/agot_artifacts/mde_artifacts_l_english.yml","29","localization/russian/dp_artifacts_l_russian.yml","17","[newly_created_artifact.GetDesc]\n\nThis egg will hatch Syrax.","[newly_created_artifact.GetDesc]\n\nИз яйца вылупится Сиракс.","[newly_created_artifact.GetDesc]\n\nИз яйца вылупится Сиракс."
"dragon_egg_syrax_ui_desc","localization/replace/english/agot/agot_artifacts/mde_artifacts_l_english.yml","102","localization/russian/dp_artifacts_l_russian.yml","88","This egg will hatch Syrax.","Из этого яйца вылупится Сиракс.","This egg will hatch Syrax."
"dragon_egg_terrax_desc","localization/replace/english/agot/agot_artifacts/mde_artifacts_l_english.yml","73","localization/russian/dp_artifacts_l_russian.yml","59","[newly_created_artifact.GetDesc]\n\nThis egg will hatch Terrax.","[newly_created_artifact.GetDesc]\n\nИз яйца вылупится Терракс.","[newly_created_artifact.GetDesc]\n\nИз яйца вылупится Терракс."
"dragon_egg_terrax_ui_desc","localization/replace/english/agot/agot_artifacts/mde_artifacts_l_english.yml","144","localization/russian/dp_artifacts_l_russian.yml","130","This egg will hatch Terrax.","Из этого яйца вылупится Терракс.","This egg will hatch Terrax."
"dragon_egg_tessarion_desc","localization/replace/english/agot/agot_artifacts/mde_artifacts_l_english.yml","30","localization/russian/dp_artifacts_l_russian.yml","18","[newly_created_artifact.GetDesc]\n\nThis egg will hatch Tessarion.","[newly_created_artifact.GetDesc]\n\nИз яйца вылупится Тессарион.","[newly_created_artifact.GetDesc]\n\nИз яйца вылупится Тессарион."
"dragon_egg_tessarion_ui_desc","localization/replace/english/agot/agot_artifacts/mde_artifacts_l_english.yml","103","localization/russian/dp_artifacts_l_russian.yml","89","This egg will hatch Tessarion.","Из этого яйца вылупится Тессарион.","This egg will hatch Tessarion."
"dragon_egg_the_last_desc","localization/replace/english/agot/agot_artifacts/mde_artifacts_l_english.yml","40","localization/russian/dp_artifacts_l_russian.yml","28","[newly_created_artifact.GetDesc]\n\nThis egg will hatch Zalagon.","[newly_created_artifact.GetDesc]\n\nИз яйца вылупится Залагон.","[newly_created_artifact.GetDesc]\n\nИз яйца вылупится Залогон."
"dragon_egg_the_last_ui_desc","localization/replace/english/agot/agot_artifacts/mde_artifacts_l_english.yml","113","localization/russian/dp_artifacts_l_russian.yml","99","This egg will hatch Zalagon.","Из этого яйца вылупится Залагон.","This egg will hatch Zalagon."
"dragon_egg_tyraxes_desc","localization/replace/english/agot/agot_artifacts/mde_artifacts_l_english.yml","33","localization/russian/dp_artifacts_l_russian.yml","21","[newly_created_artifact.GetDesc]\n\nThis egg will hatch Tyraxes.","[newly_created_artifact.GetDesc]\n\nИз яйца вылупится Тираксес.","[newly_created_artifact.GetDesc]\n\nИз яйца вылупится Тираксес."
"dragon_egg_tyraxes_ui_desc","localization/replace/english/agot/agot_artifacts/mde_artifacts_l_english.yml","106","localization/russian/dp_artifacts_l_russian.yml","92","This egg will hatch Tyraxes.","Из этого яйца вылупится Тираксес.","This egg will hatch Tyraxes."
"dragon_egg_urrax_desc","localization/replace/english/agot/agot_artifacts/mde_artifacts_l_english.yml","79","localization/russian/dp_artifacts_l_russian.yml","65","[newly_created_artifact.GetDesc]\n\nThis egg will hatch Urrax.","[newly_created_artifact.GetDesc]\n\nИз яйца вылупится Урракс.","[newly_created_artifact.GetDesc]\n\nИз яйца вылупится Урракс."
"dragon_egg_urrax_ui_desc","localization/replace/english/agot/agot_artifacts/mde_artifacts_l_english.yml","150","localization/russian/dp_artifacts_l_russian.yml","136","This egg will hatch Urrax.","Из этого яйца вылупится Урракс.","This egg will hatch Urrax."
"dragon_egg_valryon_desc","localization/replace/english/agot/agot_artifacts/mde_artifacts_l_english.yml","71","localization/russian/dp_artifacts_l_russian.yml","57","[newly_created_artifact.GetDesc]\n\nThis egg will hatch valryon.","[newly_created_artifact.GetDesc]\n\nИз яйца вылупится Валрион.","[newly_created_artifact.GetDesc]\n\nИз яйца вылупится Валрион."
"dragon_egg_valryon_ui_desc","localization/replace/english/agot/agot_artifacts/mde_artifacts_l_english.yml","142","localization/russian/dp_artifacts_l_russian.yml","128","This egg will hatch valryon.","Из этого яйца вылупится Валрион.","This egg will hatch valryon."
"dragon_egg_vassarion_desc","localization/replace/english/agot/agot_artifacts/mde_artifacts_l_english.yml","74","localization/russian/dp_artifacts_l_russian.yml","60","[newly_created_artifact.GetDesc]\n\nThis egg will hatch Vassarion.","[newly_created_artifact.GetDesc]\n\nИз яйца вылупится Вассарион.","[newly_created_artifact.GetDesc]\n\nИз яйца вылупится Вассарион."
"dragon_egg_vassarion_ui_desc","localization/replace/english/agot/agot_artifacts/mde_artifacts_l_english.yml","145","localization/russian/dp_artifacts_l_russian.yml","131","This egg will hatch Vassarion.","Из этого яйца вылупится Вассарион.","This egg will hatch Vassarion."
"dragon_egg_vermax_desc","localization/replace/english/agot/agot_artifacts/mde_artifacts_l_english.yml","31","localization/russian/dp_artifacts_l_russian.yml","19","[newly_created_artifact.GetDesc]\n\nThis egg will hatch Vermax.","[newly_created_artifact.GetDesc]\n\nИз яйца вылупится Вермакс.","[newly_created_artifact.GetDesc]\n\nИз яйца вылупится Вермакс."
"dragon_egg_vermax_ui_desc","localization/replace/english/agot/agot_artifacts/mde_artifacts_l_english.yml","104","localization/russian/dp_artifacts_l_russian.yml","90","This egg will hatch Vermax.","Из этого яйца вылупится Вермакс.","This egg will hatch Vermax."
"dragon_egg_vermithor_desc","localization/replace/english/agot/agot_artifacts/mde_artifacts_l_english.yml","25","localization/russian/dp_artifacts_l_russian.yml","13","[newly_created_artifact.GetDesc]\n\nThis egg will hatch Vermithor.","[newly_created_artifact.GetDesc]\n\nИз яйца вылупится Вермитор.","[newly_created_artifact.GetDesc]\n\nИз яйца вылупится Вермитор."
"dragon_egg_vermithor_ui_desc","localization/replace/english/agot/agot_artifacts/mde_artifacts_l_english.yml","98","localization/russian/dp_artifacts_l_russian.yml","84","This egg will hatch Vermithor.","Из этого яйца вылупится Вермитор.","This egg will hatch Vermithor."
"dragon_egg_vermithrax_desc","localization/replace/english/agot/agot_artifacts/mde_artifacts_l_english.yml","14","localization/russian/dp_artifacts_l_russian.yml","2","[newly_created_artifact.GetDesc]\n\nThis egg will hatch Vermithrax.","[newly_created_artifact.GetDesc]\n\nИз яйца вылупится Вермитракс.","[newly_created_artifact.GetDesc]\n\nИз яйца вылупится Вермитракс."
"dragon_egg_vermithrax_ui_desc","localization/replace/english/agot/agot_artifacts/mde_artifacts_l_english.yml","87","localization/russian/dp_artifacts_l_russian.yml","73","This egg will hatch Vermithrax.","Из этого яйца вылупится Вермитракс.","This egg will hatch Vermithrax."
"dragon_egg_vhagar_desc","localization/replace/english/agot/agot_artifacts/mde_artifacts_l_english.yml","21","localization/russian/dp_artifacts_l_russian.yml","9","[newly_created_artifact.GetDesc]\n\nThis egg will hatch Vhagar.","[newly_created_artifact.GetDesc]\n\nИз яйца вылупится Вхагар.","[newly_created_artifact.GetDesc]\n\nИз яйца вылупится Вхагар."
"dragon_egg_vhagar_ui_desc","localization/replace/english/agot/agot_artifacts/mde_artifacts_l_english.yml","94","localization/russian/dp_artifacts_l_russian.yml","80","This egg will hatch Vhagar.","Из этого яйца вылупится Вхагар.","This egg will hatch Vhagar."
"dragon_egg_viserion_desc","localization/replace/english/agot/agot_artifacts/mde_artifacts_l_english.yml","47","localization/russian/dp_artifacts_l_russian.yml","35","[newly_created_artifact.GetDesc]\n\nThis egg will hatch Viserion.","[newly_created_artifact.GetDesc]\n\nИз яйца вылупится Визерион.","[newly_created_artifact.GetDesc]\n\nИз яйца вылупитсяh Визерион."
"dragon_egg_viserion_ui_desc","localization/replace/english/agot/agot_artifacts/mde_artifacts_l_english.yml","120","localization/russian/dp_artifacts_l_russian.yml","106","This egg will hatch Viserion.","Из этого яйца вылупится Визерион.","This egg will hatch Viserion."
"dragon_egg_wyrmling_desc","localization/replace/english/agot/agot_artifacts/mde_artifacts_l_english.yml","36","localization/russian/dp_artifacts_l_russian.yml","24","[newly_created_artifact.GetDesc]\n\nThis egg will hatch Starhunter.","[newly_created_artifact.GetDesc]\n\nИз яйца вылупится Ловец Звёзд.","[newly_created_artifact.GetDesc]\n\nИз яйца вылупится Звездный Охотник."
"dragon_egg_wyrmling_ui_desc","localization/replace/english/agot/agot_artifacts/mde_artifacts_l_english.yml","109","localization/russian/dp_artifacts_l_russian.yml","95","This egg will hatch Starhunter.","Из этого яйца вылупится Ловец Звёзд.","This egg will hatch Starhunter."
"dragon_pen.tt.unlocked_by_requirements","localization/replace/english/domiciles/dp_domicile_buildings_l_english.yml","3","localization/russian/dp_domicile_buildings_l_russian.yml","5","You lack the requirements to recruit a dragonkeeper or build a dragonpen.","Вам не хватает условий для найма драконоблюстителя или постройки загона для драконов.","Вам не хватает условий для найма смотрителя драконов или постройки загона."
"DRAGON_PITTED_SHORT_WITH_GUI","localization/replace/english/more_dragon_eggs_events_l_english.yml","103",,,"[Character.Custom('DPGetDragonTypeGuiTooltip')]",,
"DRAGON_PITTED_WITH_GUI","localization/replace/english/more_dragon_eggs_events_l_english.yml","102","localization/russian/more_dragon_eggs_events_l_russian.yml","171","$DRAGON_RELATION_IS_PITTED$ • [Character.Custom('DPGetDragonTypeGuiTooltip')]","$DRAGON_RELATION_IS_PITTED$ • [Character.Custom('DPGetDragonTypeGuiTooltip')]","$DRAGON_RELATION_IS_PITTED$ • [Character.Custom('DPGetDragonTypeGuiTooltip')]"
"dragon_portrait_toggle","localization/replace/english/more_dragon_eggs_ui_l_english.yml","113",,,"Dragon Portrait",,
"dragon_viewer.t","localization/replace/english/more_dragon_eggs_ui_l_english.yml","46",,,"All Living Dragons",,
"DRAGON_WANDERING_WITH_GUI","localization/replace/english/more_dragon_eggs_events_l_english.yml","104","localization/russian/more_dragon_eggs_events_l_russian.yml","172","$DRAGON_RELATION_IS_WANDERING$ • [Character.Custom('DPGetDragonTypeGuiTooltip')]","$DRAGON_RELATION_IS_WANDERING$ • [Character.Custom('DPGetDragonTypeGuiTooltip')]","$DRAGON_RELATION_IS_WANDERING$ • [Character.Custom('DPGetDragonTypeGuiTooltip')]"
"dragonblood_button_manager_text","localization/replace/english/more_dragon_eggs_ui_l_english.yml","8",,,"Toggle Dragonblood Button",,
"dragonblood_viewer.t","localization/replace/english/more_dragon_eggs_ui_l_english.yml","45",,,"All Dragonblooded",,
"dragonpit_button_manager_text","localization/replace/english/more_dragon_eggs_ui_l_english.yml","3","localization/russian/more_dragon_eggs_ui_l_russian.yml","3","Toggle Dragonpit Button","Показать или скрыть кнопку драконьих ям",
"DRAGONPIT_RULER","localization/replace/english/more_dragon_eggs_realm_laws_l_english.yml","5","localization/russian/more_dragon_eggs_realm_laws_l_russian.yml","5","This dragon is in a [dragonpit|E] limited to those who have been given explicit permission from it's holder.","Этот дракон находится в [Concept('dragonpit', 'драконьей яме')|E]; доступ к нему имеют только те, кто получил явное разрешение от владельца.","Этот дракон находится в [dragonpit|E], доступ к которому ограничен теми, кто получил явное разрешение от его владельца."
"dragonpit_ruler_law","localization/replace/english/more_dragon_eggs_realm_laws_l_english.yml","3","localization/russian/more_dragon_eggs_realm_laws_l_russian.yml","3","Permission Only","Только с разрешения","Только с разрешения"
"dragonpit_ruler_law_effects","localization/replace/english/more_dragon_eggs_realm_laws_l_english.yml","4","localization/russian/more_dragon_eggs_realm_laws_l_russian.yml","4","[dragons_plural|E] in your [dragonpit|e] can only be accessed by those you've given express permission to.","[Concept('dragons_plural', 'Драконы')|E] в вашей [Concept('dragonpit', 'драконьей яме')|E] доступны только тем, кому вы дали разрешение.","[dragons_plural|E] в вашем [dragonpit|e] доступны только тем, кому вы дали разрешение."
"dragonpit_type","localization/replace/english/more_dragon_eggs_ui_l_english.yml","52",,,"#italic [Title.GetProvince.Custom('mde_dragonpit_type_custom_loc')] #!",,
"dragonpit_type_landless","localization/replace/english/more_dragon_eggs_ui_l_english.yml","53",,,"#italic $dragon_coop_01_domicile_building$ #!",,
"DRAGONPIT_VIEW_DRAGONPIT_HOLDER","localization/replace/english/more_dragon_eggs_ui_l_english.yml","63",,,"[dragonpit|E] Holder:",,
"dragonpits_single_viewer.t","localization/replace/english/more_dragon_eggs_ui_l_english.yml","50",,,"The [GetPlayer.MakeScope.Var('viewing_county').Title.GetProvince.Custom('mde_dragonpit_type_custom_loc')] of [GetPlayer.MakeScope.Var('viewing_county').Title.GetNameNoTier]",,
"dragonpits_single_viewer_landless.t","localization/replace/english/more_dragon_eggs_ui_l_english.yml","51",,,"The Dragoncoop of [GetPlayer.MakeScope.Var('viewing_county').Title.GetNameNoTier]",,
"dragonpits_viewer.t","localization/replace/english/more_dragon_eggs_ui_l_english.yml","48",,,"All Dragonpits",,
"dreamfyre_desc","localization/replace/english/agot/agot_artifacts/mde_artifacts_l_english.yml","168",,,"Dreamfyre",,
"drogon_desc","localization/replace/english/agot/agot_artifacts/mde_artifacts_l_english.yml","189",,,"Drogon",,
"egg_button_manager_text","localization/replace/english/more_dragon_eggs_ui_l_english.yml","2","localization/russian/more_dragon_eggs_ui_l_russian.yml","2","Toggle Egg Button","Показать или скрыть кнопку драконьих яиц",
"egg_close_family_law","localization/replace/english/more_dragon_eggs_realm_laws_l_english.yml","9","localization/russian/more_dragon_eggs_realm_laws_l_russian.yml","9","Close Family Only","Только близкая семья","Только близкая семья"
"egg_close_family_law_effects","localization/replace/english/more_dragon_eggs_realm_laws_l_english.yml","10","localization/russian/more_dragon_eggs_realm_laws_l_russian.yml","10","Dragon eggs may be legally held by members of your close family.","Драконьи яйца могут законно храниться только у членов вашей ближайшей семьи.","Драконьи яйца могут законно храниться членами вашей ближайшей семьи."
"egg_dragonrider_house_law","localization/replace/english/more_dragon_eggs_realm_laws_l_english.yml","15","localization/russian/more_dragon_eggs_realm_laws_l_russian.yml","15","Dragonrider Houses Only","Только дома всадников драконов","Только дома всадников драконов"
"egg_dragonrider_house_law_effects","localization/replace/english/more_dragon_eggs_realm_laws_l_english.yml","16","localization/russian/more_dragon_eggs_realm_laws_l_russian.yml","16","Dragon eggs may be legally held by members of dragonrider houses.","Драконьи яйца могут законно храниться только у членов домов всадников драконов.","Драконьи яйца могут законно храниться членами домов всадников драконов."
"egg_dynasty_law","localization/replace/english/more_dragon_eggs_realm_laws_l_english.yml","13","localization/russian/more_dragon_eggs_realm_laws_l_russian.yml","13","Dynasty Only","Только династия","Только династия"
"egg_dynasty_law_effects","localization/replace/english/more_dragon_eggs_realm_laws_l_english.yml","14","localization/russian/more_dragon_eggs_realm_laws_l_russian.yml","14","Dragon eggs may be legally held by members of your dynasty.","Драконьи яйца могут законно храниться только у членов вашей династии.","Драконьи яйца могут законно храниться членами вашей династии."
"egg_everyone_law","localization/replace/english/more_dragon_eggs_realm_laws_l_english.yml","17","localization/russian/more_dragon_eggs_realm_laws_l_russian.yml","17","Everyone","Все","Все"
"egg_everyone_law_effects","localization/replace/english/more_dragon_eggs_realm_laws_l_english.yml","18","localization/russian/more_dragon_eggs_realm_laws_l_russian.yml","18","Dragon eggs may be legally held by anyone.","Драконьи яйца могут законно храниться кем угодно.","Драконьи яйца могут законно храниться кем угодно."
"egg_found","localization/replace/english/more_dragon_eggs_ui_l_english.yml","111",,,"Found",,
"egg_house_law","localization/replace/english/more_dragon_eggs_realm_laws_l_english.yml","11","localization/russian/more_dragon_eggs_realm_laws_l_russian.yml","11","House Only","Только дом","Только дом"
"egg_house_law_effects","localization/replace/english/more_dragon_eggs_realm_laws_l_english.yml","12","localization/russian/more_dragon_eggs_realm_laws_l_russian.yml","12","Dragon eggs may be legally held by members of your house.","Драконьи яйца могут законно храниться только у членов вашего дома.","Драконьи яйца могут законно храниться членами вашего дома."
"EGG_LAW_IS_ON_COOLDOWN","localization/replace/english/more_dragon_eggs_realm_laws_l_english.yml","20","localization/russian/more_dragon_eggs_realm_laws_l_russian.yml","20","You recently changed Egg Laws. Can be changed again after [GetCurrentDateWithDiff( GetVarTimeRemaining( CHARACTER.MakeScope, 'egg_law_cooldown') )]","Вы недавно меняли законы о яйцах. Следующее изменение возможно после [GetCurrentDateWithDiff( GetVarTimeRemaining( CHARACTER.MakeScope, 'egg_law_cooldown') )]","Вы недавно меняли законы о яйцах. Следующее изменение возможно после [GetCurrentDateWithDiff( GetVarTimeRemaining( CHARACTER.MakeScope, 'egg_law_cooldown') )]"
"egg_ruler_law","localization/replace/english/more_dragon_eggs_realm_laws_l_english.yml","7","localization/russian/more_dragon_eggs_realm_laws_l_russian.yml","7","Permission Only","Только с разрешения","Только с разрешения"
"egg_ruler_law_effects","localization/replace/english/more_dragon_eggs_realm_laws_l_english.yml","8","localization/russian/more_dragon_eggs_realm_laws_l_russian.yml","8","Dragon eggs may be legally held by those you've given express permission to.","Драконьи яйца могут законно храниться только у тех, кому вы дали явное разрешение.","Драконьи яйца могут законно храниться только теми, кому вы дали явное разрешение."
"egg_viewer.t","localization/replace/english/more_dragon_eggs_ui_l_english.yml","47",,,"All Dragon Eggs",,
"essovius_desc","localization/replace/english/agot/agot_artifacts/mde_artifacts_l_english.yml","213",,,"Essovius",,
"establish_dragon_wives_tooltip","localization/replace/english/more_dragon_eggs_decisions_l_english.yml","12","localization/russian/more_dragon_eggs_decisions_l_russian.yml","29","Concubines await","Особый тип брака для всадников драконов.","Наложницы ждут"
"game_rule_category_dragonlore","localization/replace/english/more_dragon_eggs_gamerules_l_english.yml","516","localization/russian/more_dragon_eggs_gamerules_l_russian.yml","427","Dragonlore","Драконьи знания","Dragonlore"
"game_rule_category_egg","localization/replace/english/more_dragon_eggs_gamerules_l_english.yml","515","localization/russian/more_dragon_eggs_gamerules_l_russian.yml","426","Dragon Eggs","Драконьи яйца","Dragon Eggs"
"game_rule_category_hatching","localization/replace/english/more_dragon_eggs_gamerules_l_english.yml","514","localization/russian/more_dragon_eggs_gamerules_l_russian.yml","425","Hatching Ceremonies","Церемонии вылупления","Hatching Ceremonies"
"game_rule_category_mde","localization/replace/english/more_dragon_eggs_gamerules_l_english.yml","512","localization/russian/more_dragon_eggs_gamerules_l_russian.yml","423","@mde_icon!More Dragon Eggs","@mde_icon!More Dragon Eggs","@mde_icon!More Dragon Eggs"
"game_rule_category_mde_major","localization/replace/english/more_dragon_eggs_gamerules_l_english.yml","513","localization/russian/more_dragon_eggs_gamerules_l_russian.yml","424","More Dragon Eggs Major","More Dragon Eggs: основные правила","More Dragon Eggs Major"
"game_rule_category_mde_misc","localization/replace/english/more_dragon_eggs_gamerules_l_english.yml","518","localization/russian/more_dragon_eggs_gamerules_l_russian.yml","429","More Dragon Eggs Tweaks","More Dragon Eggs: прочие настройки","More Dragon Eggs Tweaks"
"game_rule_category_scenario_modification","localization/replace/english/more_dragon_eggs_gamerules_l_english.yml","517","localization/russian/more_dragon_eggs_gamerules_l_russian.yml","428","Scenario Modification","Изменение сценария","Scenario Modification"
"game_rule_toggle","localization/replace/english/more_dragon_eggs_ui_l_english.yml","115",,,"Game Rules",,
"ghiscar_desc","localization/replace/english/agot/agot_artifacts/mde_artifacts_l_english.yml","215",,,"Ghiscar",,
"global_events_settings.0001.dragonblood","localization/replace/english/more_dragon_eggs_events_l_english.yml","110","localization/russian/more_dragon_eggs_events_l_russian.yml","192","About those with dragonblood...","О носителях крови дракона...","О носителях крови дракона..."
"grey_ghost_desc","localization/replace/english/agot/agot_artifacts/mde_artifacts_l_english.yml","188",,,"Grey Ghost",,
"hide_dragon_portrait_decision_tooltip","localization/replace/english/more_dragon_eggs_decisions_l_english.yml","66","localization/russian/more_dragon_eggs_decisions_l_russian.yml","95","Will hide the dragon potrait.","Портрет дракона будет скрыт.",
"INVITE_TO_KINGSGUARD_TT","localization/replace/english/more_dragon_eggs_ui_l_english.yml","29","localization/russian/more_dragon_eggs_ui_l_russian.yml","23","@icon_kingsguard!#clickable $invite_to_kingsguard_interaction$","@icon_kingsguard!#clickable $invite_to_kingsguard_interaction$",
"kingsguard_button_manager_text","localization/replace/english/more_dragon_eggs_ui_l_english.yml","5","localization/russian/more_dragon_eggs_ui_l_russian.yml","5","Toggle Kingsguard Button","Показать или скрыть кнопку Королевской гвардии",
"lock_all_gui_tt","localization/replace/english/mde_customizer_l_english.yml","4","localization/russian/mde_customizer_l_russian.yml","4","Lock all values from the randomizer","Запретить случайный выбор всех значений",
"lock_de_gui_tt","localization/replace/english/mde_customizer_l_english.yml","3","localization/russian/mde_customizer_l_russian.yml","3","Lock this value from the randomizer","Запретить случайный выбор этого значения",
"maegor_10_desc","localization/replace/english/agot/agot_artifacts/mde_artifacts_l_english.yml","201",,,"Tallfyre",,
"maegor_11_desc","localization/replace/english/agot/agot_artifacts/mde_artifacts_l_english.yml","202",,,"Zuvdar",,
"maegor_12_desc","localization/replace/english/agot/agot_artifacts/mde_artifacts_l_english.yml","203",,,"Greyscale",,
"maegor_2_desc","localization/replace/english/agot/agot_artifacts/mde_artifacts_l_english.yml","193",,,"Lorcan",,
"maegor_3_desc","localization/replace/english/agot/agot_artifacts/mde_artifacts_l_english.yml","194",,,"Orion",,
"maegor_4_desc","localization/replace/english/agot/agot_artifacts/mde_artifacts_l_english.yml","195",,,"Blackfyre",,
"maegor_5_desc","localization/replace/english/agot/agot_artifacts/mde_artifacts_l_english.yml","196",,,"Ryax",,
"maegor_6_desc","localization/replace/english/agot/agot_artifacts/mde_artifacts_l_english.yml","197",,,"Morghon",,
"maegor_7_desc","localization/replace/english/agot/agot_artifacts/mde_artifacts_l_english.yml","198",,,"Lykax",,
"maegor_8_desc","localization/replace/english/agot/agot_artifacts/mde_artifacts_l_english.yml","199",,,"Malrax",,
"maegor_9_desc","localization/replace/english/agot/agot_artifacts/mde_artifacts_l_english.yml","200",,,"Spyrax",,
"manage_buttons_decision_tooltip","localization/replace/english/more_dragon_eggs_decisions_l_english.yml","68","localization/russian/more_dragon_eggs_decisions_l_russian.yml","101","Open the Menu for Mananging Button Visibiltiy","Открыть меню настройки видимости кнопок.",
"mde_canon_dragon_clutch_events.0001.t","localization/replace/english/more_dragon_eggs_events_l_english.yml","142","localization/russian/more_dragon_eggs_events_l_russian.yml","224","[dragon_parent.GetNameNoTooltip] Brings Forth a Clutch!@historical_character_icon_small!","Новая кладка от [dragon_parent.GetNameNoTooltip]!@historical_character_icon_small!","[dragon_parent.GetNameNoTooltip] принес кладку!@historical_character_icon_small!"
"mde_decisions_events.1000.a","localization/replace/english/mde_demand_egg_events_l_english.yml","100","localization/russian/mde_demand_egg_events_l_russian.yml","103","It belongs to House [current_hightower.GetHouse.GetName], as we are the more worthy custodians.","Оно принадлежит дому [current_hightower.GetHouse.GetName]. Мы — достойнейшие хранители.",
"mde_decisions_events.1000.b","localization/replace/english/mde_demand_egg_events_l_english.yml","101","localization/russian/mde_demand_egg_events_l_russian.yml","104","It belongs with the Blood of Old Valyria.","Оно должно быть у крови Старой Валирии.",
"mde_decisions_events.1000.desc","localization/replace/english/mde_demand_egg_events_l_english.yml","98","localization/russian/mde_demand_egg_events_l_russian.yml","101","Many have speculated about the various curiosities that are said to be contained within the Hightower, with such rumors emanating from its ancient and mystical origins atop the greasy, black stone from which it stands. The Hightowers’ fall from grace after the Dance made the house more reclusive, invigorating these rumors, such as their possession of a dragon egg. \n\nThat rumor holds true, I find as I stare at the brilliant, cobalt blue dragon egg in front of me. I have known of the chamber that contained it for a long time, as while the final days of [tessarion.GetFirstName] have largely been a mystery to recorded history, the Hightowers have known that she laid an egg, and we have kept that secret to ourselves. \n\n But now is the moment to make it known.","Многие строили догадки о диковинах, будто бы скрытых в Хайтауэре. Слухи подпитывали древность и таинственность самой башни, возведённой из чёрного маслянистого камня. После Танца Хайтауэры утратили былое положение и стали куда замкнутее, лишь усилив разговоры — в том числе о том, что в их руках может быть драконье яйцо.\n\nСлух оказался правдой: передо мной великолепное кобальтово-синее драконье яйцо. О комнате, где оно хранилось, я знал давно. Последние дни [tessarion.GetFirstName] почти неизвестны летописям, но Хайтауэры знали: она отложила яйцо, и дом веками держал эту тайну при себе.\n\nТеперь настал миг открыть её миру.",
"mde_decisions_events.1000.desc_targs","localization/replace/english/mde_demand_egg_events_l_english.yml","99","localization/russian/mde_demand_egg_events_l_russian.yml","102","\n\nIf I were to reveal it, the Targaryens would almost certainly be enraged. Perhaps it would be wiser to give it to them quietly, as a gesture of goodwill, before they hear of it another way.","\n\nЕсли я раскрою тайну, Таргариены почти наверняка придут в ярость. Возможно, мудрее будет тихо передать яйцо им — как жест доброй воли, пока они не узнали о нём иначе.",
"mde_decisions_events.1000.t","localization/replace/english/mde_demand_egg_events_l_english.yml","97","localization/russian/mde_demand_egg_events_l_russian.yml","100","$dragon_egg_blue$","$dragon_egg_blue$",
"mde_decisions_events.1001.a","localization/replace/english/mde_demand_egg_events_l_english.yml","105","localization/russian/mde_demand_egg_events_l_russian.yml","108","The egg must be secured!","Яйцо нужно обезопасить!",
"mde_decisions_events.1001.b","localization/replace/english/mde_demand_egg_events_l_english.yml","106","localization/russian/mde_demand_egg_events_l_russian.yml","109","It is no more than a stone now, anyhow.","Теперь это всё равно не более чем камень.",
"mde_decisions_events.1001.desc","localization/replace/english/mde_demand_egg_events_l_english.yml","104","localization/russian/mde_demand_egg_events_l_russian.yml","107","We have been informed of a most grave matter from Oldtown. The Hightowers have been hiding a dragon egg from the time of the Dance in their ancient abode. It is a blue dragon egg sired by Tessarion that they have concealed for all this time. The final days of the she-dragon have hitherto been unknown to us.\n\nHiding this great treasure from us is a treason of the highest order. Perhaps if it had been in the right hands it could’ve hatched, preventing the extinction of the dragons. Alas, it must be secured.","Из Староместа до нас дошли вести о деле первостепенной важности. Хайтауэры со времён Танца скрывали в своей древней твердыне синее драконье яйцо, отложенное Тессарион. Последние дни этой драконицы доныне оставались для нас тайной.\n\nСкрывать от нас такое сокровище — измена высшего порядка. Возможно, окажись яйцо в правильных руках, из него появился бы дракон, и исчезновения драконов удалось бы избежать. Теперь его необходимо вернуть под надёжную охрану.",
"mde_decisions_events.1001.t","localization/replace/english/mde_demand_egg_events_l_english.yml","103","localization/russian/mde_demand_egg_events_l_russian.yml","106","$dragon_egg_blue$","$dragon_egg_blue$",
"mde_decisions_events.1002.a","localization/replace/english/mde_demand_egg_events_l_english.yml","110","localization/russian/mde_demand_egg_events_l_russian.yml","113","At last, it has been returned to us.","Наконец оно вернулось к нам.",
"mde_decisions_events.1002.desc","localization/replace/english/mde_demand_egg_events_l_english.yml","109","localization/russian/mde_demand_egg_events_l_russian.yml","112","A well defended and large entourage has arrived from the city of Oldtown, carrying cargo of incalculable value. According to a sealed letter from [current_hightower.GetName], the Hightower’s have been in possession of a dragon egg since the Dance! The final days of [tessarion.GetFirstName] have long since held some mystery, but it has now been revealed that the she-dragon laid an egg! It is a brillant shade of cobalt blue. [current_hightower.GetName] now offers it to us, in hopes to make amends for concealing it for so long.","Из Староместа прибыла большая, хорошо охраняемая свита с грузом несметной ценности. Согласно запечатанному письму от [current_hightower.GetName], Хайтауэры владели драконьим яйцом со времён Танца! Последние дни [tessarion.GetFirstName] долго оставались загадкой, но теперь стало известно: драконица отложила яйцо. Оно сияет кобальтово-синим оттенком. [current_hightower.GetName] предлагает вернуть его нам, надеясь искупить столь долгое сокрытие.",
"mde_decisions_events.1002.t","localization/replace/english/mde_demand_egg_events_l_english.yml","108","localization/russian/mde_demand_egg_events_l_russian.yml","111","$dragon_egg_blue$","$dragon_egg_blue$",
"mde_decisions_events.3000.a","localization/replace/english/mde_demand_egg_events_l_english.yml","118","localization/russian/mde_demand_egg_events_l_russian.yml","121","It belongs to House Hightower.","Оно принадлежит дому Хайтауэров.",
"mde_decisions_events.3000.b","localization/replace/english/mde_demand_egg_events_l_english.yml","119","localization/russian/mde_demand_egg_events_l_russian.yml","122","I shall return it.","Я верну его.",
"mde_decisions_events.3000.desc.intro","localization/replace/english/mde_demand_egg_events_l_english.yml","113","localization/russian/mde_demand_egg_events_l_russian.yml","116","The Dance of the Dragons was a chaotic event, leaving many of the finer details of the war unaccounted for, such as the last days of the she-dragon Tessarion. Although it has not been a secret to our house, as we know one of the final actions of the she-dragon was to lay a brilliant, cobalt blue dragon egg.\n\n","Танец Драконов был хаотичным временем, и множество подробностей войны так и осталось вне летописей — в том числе последние дни драконицы Тессарион. Для нашего дома это не было тайной: мы знали, что одним из последних деяний драконицы стала кладка великолепного кобальтово-синего яйца.\n\n",
"mde_decisions_events.3000.desc.other","localization/replace/english/mde_demand_egg_events_l_english.yml","115","localization/russian/mde_demand_egg_events_l_russian.yml","118","[secret_exposer.Custom2('MyCharacterIntroduction', ROOT.Char)|U] has revealed to the world that I am in possession of [ROOT.Char.Custom('HiddenArtifact')].","[secret_exposer.Custom2('MyCharacterIntroduction', ROOT.Char)|U] открыл миру, что я владею [ROOT.Char.Custom('HiddenArtifact')].",
"mde_decisions_events.3000.desc.self","localization/replace/english/mde_demand_egg_events_l_english.yml","114","localization/russian/mde_demand_egg_events_l_russian.yml","117","I have revealed to the world my possession of [ROOT.Char.Custom('HiddenArtifact')].","Я раскрыл миру, что владею [ROOT.Char.Custom('HiddenArtifact')].",
"mde_decisions_events.3000.desc.shared","localization/replace/english/mde_demand_egg_events_l_english.yml","116","localization/russian/mde_demand_egg_events_l_russian.yml","119","\n\nHouse Hightower has possessed the egg since the end of the Dance of Dragons...","\n\nДом Хайтауэров владел этим яйцом со времён окончания Танца Драконов...",
"mde_decisions_events.3000.desc.targs","localization/replace/english/mde_demand_egg_events_l_english.yml","117","localization/russian/mde_demand_egg_events_l_russian.yml","120","\n\nThe Targaryens are not likely to take this reveal well. Perhaps it would be wiser to return it quietly, as a gesture of goodwill, before they hear of it another way.","\n\nТаргариены едва ли спокойно воспримут это откровение. Возможно, мудрее будет тихо вернуть яйцо — как жест доброй воли, пока они не узнали о нём иначе.",
"mde_decisions_events.3000.t","localization/replace/english/mde_demand_egg_events_l_english.yml","112","localization/russian/mde_demand_egg_events_l_russian.yml","115","My Secret Exposed!","Моя тайна раскрыта!",
"mde_demand_egg_events.0001.a","localization/replace/english/mde_demand_egg_events_l_english.yml","10","localization/russian/mde_demand_egg_events_l_russian.yml","10","We cannot risk war, cave to their demands.","Мы не можем рисковать войной. Придётся уступить.","Мы не можем рисковать войной, уступим требованию."
"mde_demand_egg_events.0001.a.tt","localization/replace/english/mde_demand_egg_events_l_english.yml","11","localization/russian/mde_demand_egg_events_l_russian.yml","11","We will surrender the dragon eggs to [egg_taker.GetFullName]:\n• [egg_drogon.GetName]\n• [egg_viserion.GetName]\n• [egg_rhaegal.GetName]","Мы передадим драконьи яйца [egg_taker.GetFullName]:\n• [egg_drogon.GetName]\n• [egg_viserion.GetName]\n• [egg_rhaegal.GetName]","Мы передадим драконьи яйца [egg_taker.GetFullName]:\n• [egg_drogon.GetName]\n• [egg_viserion.GetName]\n• [egg_rhaegal.GetName]"
"mde_demand_egg_events.0001.b","localization/replace/english/mde_demand_egg_events_l_english.yml","12","localization/russian/mde_demand_egg_events_l_russian.yml","12","Mayhaps gold will dissuade them.","Возможно, золото их умиротворит.","Возможно, золото их убедит."
"mde_demand_egg_events.0001.b.tt","localization/replace/english/mde_demand_egg_events_l_english.yml","13","localization/russian/mde_demand_egg_events_l_russian.yml","13","We will offer [egg_taker.GetFullName] [gold_i]#emphasis $5000|V0$#! in place of the eggs.","Мы предложим [egg_taker.GetFullName] [gold_i]#emphasis $5000|V0$#! вместо яиц.","Мы предложим [egg_taker.GetFullName] [gold_i]#emphasis $5000|V0$#! вместо яиц."
"mde_demand_egg_events.0001.c","localization/replace/english/mde_demand_egg_events_l_english.yml","14","localization/russian/mde_demand_egg_events_l_russian.yml","14","Threats be damned, we will remain steadfast in our resolve.","К чёрту угрозы. Мы не дрогнем.","К черту угрозы, мы останемся непоколебимы."
"mde_demand_egg_events.0001.c.tt","localization/replace/english/mde_demand_egg_events_l_english.yml","15","localization/russian/mde_demand_egg_events_l_russian.yml","15","@warning_icon!#X [egg_taker.GetFullName] is likely to declare war on us!#!","@warning_icon!#X [egg_taker.GetFullName] с большой вероятностью объявит нам войну!#!","@warning_icon!#X [egg_taker.GetFullName] скорее всего объявит нам войну!#!"
"mde_demand_egg_events.0001.desc","localization/replace/english/mde_demand_egg_events_l_english.yml","9","localization/russian/mde_demand_egg_events_l_russian.yml","9","The great heist of [thief.GetFullName] was an event of particular infamy. Sparked on by her desire to be able to build a ship to sail the Sunset Sea, and her inabiltiy to acquire this from her friend, [rhaena.GetFullName], [thief.GetFullName] stole three eggs laid by [dreamfyre.GetName], and sold them to the Sealord of Braavos.\n\nWhile the Sealord settling the debt the Targaryens had held tempered the issue in the past, [egg_taker.GetFullName] has issued a new, dreadful demand. They have informed us that they know the dragon eggs are within our realm, and that they will go to war to secure them!","Великая кража [thief.GetFullName] стала печально известной. Желая построить корабль для плавания к Закатному морю и не добившись помощи от своей подруги [rhaena.GetFullName], [thief.GetFullName] украла три яйца, отложенные [dreamfyre.GetName], а затем продала их морскому лорду Браавоса.\n\nПрежде погашение долга Таргариенов морским лордом помогало удерживать дело от открытого конфликта, но теперь [egg_taker.GetFullName] выдвигает новое, куда более опасное требование. До нас дошли вести: им известно о драконьих яйцах в наших владениях, и они готовы начать за них войну.","Великая кража [thief.GetFullName] стала печально известным событием. Стремясь построить корабль для плавания к Закатному Морю и не сумев получить его от подруги [rhaena.GetFullName], [thief.GetFullName] украла три яйца, отложенные [dreamfyre.GetName], и продала их морскому лорду Браавоса.\n\nХотя погашение долга Таргариенов морским лордом ранее сглаживало ситуацию, [egg_taker.GetFullName] выдвинул новое, ужасающее требование. Нам сообщили, что они знают о драконьих яйцах в наших владениях и готовы начать войну за них!"
"mde_demand_egg_events.0001.t","localization/replace/english/mde_demand_egg_events_l_english.yml","8","localization/russian/mde_demand_egg_events_l_russian.yml","8","[egg_taker.GetPrimaryTitle.GetNameNoTier] Issues An Ultimatum!","[egg_taker.GetPrimaryTitle.GetNameNoTier] выдвигает ультиматум!","[egg_taker.GetPrimaryTitle.GetNameNoTier] выдвигает ультиматум!"
"mde_demand_egg_events.0002.a","localization/replace/english/mde_demand_egg_events_l_english.yml","19","localization/russian/mde_demand_egg_events_l_russian.yml","19","The eggs are ours by right! To war!","Яйца принадлежат нам по праву. К оружию!","Яйца по праву наши! К оружию!"
"mde_demand_egg_events.0002.b","localization/replace/english/mde_demand_egg_events_l_english.yml","20","localization/russian/mde_demand_egg_events_l_russian.yml","20","The eggs may remain in their care...","Пусть яйца останутся у них...","Пусть яйца останутся у них..."
"mde_demand_egg_events.0002.b.tt","localization/replace/english/mde_demand_egg_events_l_english.yml","21","localization/russian/mde_demand_egg_events_l_russian.yml","21","@warning_icon!#X We will lose our claims on the eggs and won't have another opportunity to claim them!#!","@warning_icon!#X Мы потеряем наши претензии на яйца и не получим другого шанса потребовать их!#!","@warning_icon!#X Мы потеряем наши претензии на яйца и не получим другого шанса потребовать их!#!"
"mde_demand_egg_events.0002.desc","localization/replace/english/mde_demand_egg_events_l_english.yml","18","localization/russian/mde_demand_egg_events_l_russian.yml","18","[egg_target.GetFullName] has refused to give us the dragon eggs that belong to us! Nor have they given anything sufficient in their stead. The only course of action that remains to us is to rally our soldiers and march to war.\n\nWe must be careful in our consideration of this. Do we have the might required to conquer them, and is it worth it?","[egg_target.GetFullName] отказывается отдать нам драконьи яйца, которые принадлежат нам по праву, и не предлагает достойной компенсации. Остаётся лишь собрать войска и начать войну.\n\nНо стоит всё тщательно взвесить: хватит ли у нас сил одержать победу — и стоят ли яйца такой цены?","[egg_target.GetFullName] отказался отдать нам принадлежащие нам драконьи яйца! Они также не предложили ничего равноценного взамен. Единственный оставшийся путь - собрать войска и начать войну.\n\nМы должны тщательно обдумать это. Достаточно ли у нас сил, чтобы покорить их, и стоит ли оно того?"
"mde_demand_egg_events.0002.t","localization/replace/english/mde_demand_egg_events_l_english.yml","17","localization/russian/mde_demand_egg_events_l_russian.yml","17","War For The Dragon Eggs!","Война за драконьи яйца!","Война за драконьи яйца!"
"mde_demand_egg_events.0003.a","localization/replace/english/mde_demand_egg_events_l_english.yml","25","localization/russian/mde_demand_egg_events_l_russian.yml","25","In their hands, they're no more than stone, and gold is a better stone anyhow...","В их руках это лишь камни... а золото куда полезнее.","В их руках они всего лишь камни, а золото - лучший камень..."
"mde_demand_egg_events.0003.a.tt","localization/replace/english/mde_demand_egg_events_l_english.yml","26","localization/russian/mde_demand_egg_events_l_russian.yml","26","We will gain [gold_i]#emphasis $5000|V0$#! and [egg_target.GetFullName] will lose [gold_i]#emphasis $5000|V0$#!\n\n@warning_icon!#X We will lose our claims on the eggs and won't have another opportunity to claim them!#!","Мы получим [gold_i]#emphasis $5000|V0$#!, а [egg_target.GetFullName] потеряет [gold_i]#emphasis $5000|V0$#!\n\n@warning_icon!#X Мы потеряем наши претензии на яйца и не получим другого шанса потребовать их!#!","Мы получим [gold_i]#emphasis $5000|V0$#!, а [egg_target.GetFullName] потеряет [gold_i]#emphasis $5000|V0$#!\n\n@warning_icon!#X Мы потеряем наши претензии на яйца и не получим другого шанса потребовать их!#!"
"mde_demand_egg_events.0003.b","localization/replace/english/mde_demand_egg_events_l_english.yml","27","localization/russian/mde_demand_egg_events_l_russian.yml","27","What is gold compared to fire made flesh!","Что золото рядом с плотью, ставшей огнём?","Что золото по сравнению с плотью, ставшей огнем!"
"mde_demand_egg_events.0003.b.tt","localization/replace/english/mde_demand_egg_events_l_english.yml","28","localization/russian/mde_demand_egg_events_l_russian.yml","28","We will ponder escalating the matter to war!","Мы обдумаем, стоит ли доводить дело до войны.","Мы обдумаем эскалацию конфликта до войны!"
"mde_demand_egg_events.0003.desc","localization/replace/english/mde_demand_egg_events_l_english.yml","24","localization/russian/mde_demand_egg_events_l_russian.yml","24","[egg_target.GetFullName] has heard our demands and proposed a counter offer, by way of an enormous amount of gold, at a sum of [gold_i]#emphasis $5000|V0$#!. We must now weigh if the good we can do with this gold is worth more than the trouble of escalating matters to obtain the dragon eggs.","[egg_target.GetFullName] выслушивает наши требования и предлагает встречный дар — огромную сумму золота, [gold_i]#emphasis $5000|V0$#!. Теперь нам решать, принесёт ли это золото больше пользы, чем попытка вернуть яйца силой.","[egg_target.GetFullName] выслушал наши требования и предложил встречное предложение - огромную сумму золота в размере [gold_i]#emphasis $5000|V0$#!. Теперь нам предстоит решить, принесет ли это золото больше пользы, чем хлопоты по эскалации конфликта ради яиц."
"mde_demand_egg_events.0003.t","localization/replace/english/mde_demand_egg_events_l_english.yml","23","localization/russian/mde_demand_egg_events_l_russian.yml","23","An Offer Of Gold","Предложение золота","Предложение золота"
"mde_demand_egg_events.0004.a","localization/replace/english/mde_demand_egg_events_l_english.yml","32","localization/russian/mde_demand_egg_events_l_russian.yml","32","[egg_taker.GetNameNoTooltip] poses too great a threat, we must concede.","Угроза от [egg_taker.GetNameNoTooltip] слишком велика. Придётся уступить.","[egg_taker.GetNameNoTooltip] представляет слишком большую угрозу, мы должны уступить."
"mde_demand_egg_events.0004.a.tt","localization/replace/english/mde_demand_egg_events_l_english.yml","33","localization/russian/mde_demand_egg_events_l_russian.yml","33","@warning_icon!#X We will forfeit our [egg_target.GetName]!#!","@warning_icon!#X Мы потеряем наше [egg_target.GetName]!#!","@warning_icon!#X Мы потеряем наше [egg_target.GetName]!#!"
"mde_demand_egg_events.0004.b","localization/replace/english/mde_demand_egg_events_l_english.yml","34","localization/russian/mde_demand_egg_events_l_russian.yml","34","Mayhaps gold will dissuade them...","Возможно, золото их умиротворит...","Возможно, золото их убедит..."
"mde_demand_egg_events.0004.c","localization/replace/english/mde_demand_egg_events_l_english.yml","35","localization/russian/mde_demand_egg_events_l_russian.yml","35","Threats be damned, we will remain steadfast in our resolve.","К чёрту угрозы. Мы не дрогнем.","К черту угрозы, мы останемся непоколебимы."
"mde_demand_egg_events.0004.c.tt","localization/replace/english/mde_demand_egg_events_l_english.yml","36","localization/russian/mde_demand_egg_events_l_russian.yml","36","@warning_icon!#X [egg_taker.GetFullName] is likely to declare war on us or imprison us!#!","@warning_icon!#X [egg_taker.GetFullName] с большой вероятностью объявит нам войну или попытается нас арестовать!#!","@warning_icon!#X [egg_taker.GetFullName] скорее всего объявит нам войну или арестует нас!#!"
"mde_demand_egg_events.0004.desc","localization/replace/english/mde_demand_egg_events_l_english.yml","31","localization/russian/mde_demand_egg_events_l_russian.yml","31","[egg_taker.GetFullName] has decreed that our [egg_target.GetName] rightfully belongs to them by the laws of gods and men!\n\nA demand of this nature presents a grave danger, and must be considered with the utmost importance. We may either cave into their demands, offer them a suitably satiable sum of gold, to the tune of [gold_i]#emphasis $1500|V0$#!, or risk their wrath, whether that be our arrest or a declaration of war!","[egg_taker.GetFullName] заявляет права на наше [egg_target.GetName] — по законам богов и людей!\n\nТакое требование опасно и требует величайшей осторожности. Мы можем уступить, предложить внушительную сумму золота — [gold_i]#emphasis $1500|V0$#! — или рискнуть навлечь их гнев — арестом либо войной.","[egg_taker.GetFullName] провозгласил, что наше [egg_target.GetName] по праву принадлежит ему по законам богов и людей!\n\nТакое требование представляет серьезную опасность и должно быть рассмотрено с величайшим вниманием. Мы можем уступить их требованию, предложить им значительную сумму золота в размере [gold_i]#emphasis $1500|V0$#! или рискнуть навлечь их гнев - будь то наш арест или объявление войны!"
"mde_demand_egg_events.0004.t","localization/replace/english/mde_demand_egg_events_l_english.yml","30","localization/russian/mde_demand_egg_events_l_russian.yml","30","[egg_taker.GetNameNoTooltip] Demands Our [egg_target.GetNameNoTooltip]!","[egg_taker.GetNameNoTooltip] требует наше [egg_target.GetNameNoTooltip]!","[egg_taker.GetNameNoTooltip] требует наше [egg_target.GetNameNoTooltip]!"
"mde_demand_egg_events.0005.a","localization/replace/english/mde_demand_egg_events_l_english.yml","40","localization/russian/mde_demand_egg_events_l_russian.yml","40","It is quite a sum of gold...","Сумма и правда немалая...","Это весьма значительная сумма золота..."
"mde_demand_egg_events.0005.a.tt","localization/replace/english/mde_demand_egg_events_l_english.yml","41","localization/russian/mde_demand_egg_events_l_russian.yml","41","@warning_icon!#X We will lose our claims on the eggs and won't have another opportunity to claim them!#!","@warning_icon!#X Мы потеряем наши претензии на яйца и не получим другого шанса потребовать их!#!","@warning_icon!#X Мы потеряем наши претензии на яйца и не получим другого шанса потребовать их!#!"
"mde_demand_egg_events.0005.b","localization/replace/english/mde_demand_egg_events_l_english.yml","42","localization/russian/mde_demand_egg_events_l_russian.yml","42","What is gold compared to fire made flesh!","Что золото рядом с плотью, ставшей огнём?","Что золото по сравнению с плотью, ставшей огнем!"
"mde_demand_egg_events.0005.b.tt","localization/replace/english/mde_demand_egg_events_l_english.yml","43","localization/russian/mde_demand_egg_events_l_russian.yml","43","We will ponder escalating the matter to war!","Мы обдумаем, стоит ли доводить дело до войны.","Мы обдумаем эскалацию конфликта до войны!"
"mde_demand_egg_events.0005.desc","localization/replace/english/mde_demand_egg_events_l_english.yml","39","localization/russian/mde_demand_egg_events_l_russian.yml","39","[egg_victim.GetFullName] has heard our demands and proposed a counter offer, by way of a very large amount of gold, at a sum of [gold_i]#emphasis $1500|V0$#!. We must now weigh if the good we can do with this gold is worth more than the trouble of escalating matters to obtain the [egg_target.GetName].","[egg_victim.GetFullName] выслушивает наши требования и предлагает встречный дар — огромную сумму золота, [gold_i]#emphasis $1500|V0$#!. Теперь нам решать, принесёт ли это золото больше пользы, чем попытка вернуть [egg_target.GetName] силой.","[egg_victim.GetFullName] выслушал наши требования и предложил встречное предложение - огромную сумму золота в размере [gold_i]#emphasis $1500|V0$#!. Теперь нам предстоит решить, принесет ли это золото больше пользы, чем хлопоты по эскалации конфликта ради [egg_target.GetName]."
"mde_demand_egg_events.0005.t","localization/replace/english/mde_demand_egg_events_l_english.yml","38","localization/russian/mde_demand_egg_events_l_russian.yml","38","An Offer Of Gold","Предложение золота","Предложение золота"
"mde_demand_egg_events.0006.a","localization/replace/english/mde_demand_egg_events_l_english.yml","47","localization/russian/mde_demand_egg_events_l_russian.yml","47","The [egg_target.GetNameNoTooltip] is ours by right! To war!","[egg_target.GetNameNoTooltip] принадлежит нам по праву. К оружию!","[egg_target.GetNameNoTooltip] по праву наше! К оружию!"
"mde_demand_egg_events.0006.a.tt","localization/replace/english/mde_demand_egg_events_l_english.yml","48","localization/russian/mde_demand_egg_events_l_russian.yml","48","@warning_icon!#X We are not able to go to war with [egg_victim.GetFullName]!#!","@warning_icon!#X Мы не можем воевать с [egg_victim.GetFullName]!#!","@warning_icon!#X Мы не можем воевать с [egg_victim.GetFullName]!#!"" ""@warning_icon!#X Мы не можем воевать с [egg_victim.GetFullName]!#!"
"mde_demand_egg_events.0006.b","localization/replace/english/mde_demand_egg_events_l_english.yml","49","localization/russian/mde_demand_egg_events_l_russian.yml","49","Their possession of the [egg_target.GetNameNoTooltip] is illegal!","Они владеют [egg_target.GetNameNoTooltip] незаконно!","Их владение [egg_target.GetNameNoTooltip] незаконно!"
"mde_demand_egg_events.0006.b.tt","localization/replace/english/mde_demand_egg_events_l_english.yml","50","localization/russian/mde_demand_egg_events_l_russian.yml","50","We will have a claim on the [egg_target.GetName] and all the options that come with it!","Мы получим претензию на [egg_target.GetName] и откроем связанные с ней возможности.","Мы получим претензию на [egg_target.GetName] и все связанные с этим возможности!"
"mde_demand_egg_events.0006.c","localization/replace/english/mde_demand_egg_events_l_english.yml","51","localization/russian/mde_demand_egg_events_l_russian.yml","51","The eggs may remain in their care...","Пусть яйцо останется у них...","Пусть яйца останутся у них..."
"mde_demand_egg_events.0006.c.tt","localization/replace/english/mde_demand_egg_events_l_english.yml","52","localization/russian/mde_demand_egg_events_l_russian.yml","52","@warning_icon!#X We will lose our claims on the eggs and won't have another opportunity to claim them!#!","@warning_icon!#X Мы потеряем наши претензии на яйца и не получим другого шанса потребовать их!#!","@warning_icon!#X Мы потеряем наши претензии на яйца и не получим другого шанса потребовать их!#!"
"mde_demand_egg_events.0006.desc","localization/replace/english/mde_demand_egg_events_l_english.yml","46","localization/russian/mde_demand_egg_events_l_russian.yml","46","[egg_victim.GetName] has refused to give us the dragon egg that belongs to us! Nor have they given anything sufficient in their stead. Now we must weigh our options.\n\nWe can either rally our soldiers and march to war if we are allowed by law, arrest them if we are allowed by law, claim the egg and pursue other methods of reclaiming it, or drop the matter entirely, and permanently.","[egg_victim.GetName] отказывается отдать нам драконье яйцо, которое принадлежит нам по праву, и не предлагает достойной компенсации. Теперь нужно взвесить варианты.\n\nМы можем собрать войска и начать войну, если закон это позволяет; арестовать владельца, если закон на нашей стороне; предъявить претензию на яйцо и искать иной путь его возвращения — или окончательно отказаться от этого дела.","[egg_target.GetName] отказался отдать нам принадлежащее нам драконье яйцо! Они также не предложили ничего равноценного взамен. Теперь мы должны взвесить наши варианты.\n\nМы можем собрать войска и начать войну (если это позволяет закон), арестовать их (если позволяет закон), претендовать на яйцо и использовать другие методы возврата или полностью и навсегда отказаться от этого дела."
"mde_demand_egg_events.0006.t","localization/replace/english/mde_demand_egg_events_l_english.yml","45","localization/russian/mde_demand_egg_events_l_russian.yml","45","Demands Rejected!","Требование отклонено!","Требования отклонены!"
"mde_demand_egg_events.0007.a","localization/replace/english/mde_demand_egg_events_l_english.yml","56","localization/russian/mde_demand_egg_events_l_russian.yml","56","Victory is ours!","Победа за нами!","Победа за нами!"
"mde_demand_egg_events.0007.desc","localization/replace/english/mde_demand_egg_events_l_english.yml","55","localization/russian/mde_demand_egg_events_l_russian.yml","55","[egg_victim.GetFullName] has trembled before our might! They have taken the wiser path of conceding to our demands and have surrendered their [egg_target.GetName] to us!","Наша угроза возымела действие: [egg_victim.GetFullName] уступает и передаёт нам [egg_target.GetName]!","[egg_victim.GetFullName] дрогнул перед нашей мощью! Они выбрали мудрый путь, уступив нашим требованиям и передав нам своё [egg_target.GetName]!"
"mde_demand_egg_events.0007.t","localization/replace/english/mde_demand_egg_events_l_english.yml","54","localization/russian/mde_demand_egg_events_l_russian.yml","54","Demands Accepted!","Требования приняты!","Требования приняты!"
"mde_dragon_animation_idle_tt","localization/replace/english/more_dragon_eggs_ui_l_english.yml","117",,,"#T Idle#!\nSet animation to dragon idle.",,
"mde_dragon_animation_roar_fire_tt","localization/replace/english/more_dragon_eggs_ui_l_english.yml","119",,,"#T Fire#!\nSet animation to dragon roar fire.",,
"mde_dragon_animation_roar_tt","localization/replace/english/more_dragon_eggs_ui_l_english.yml","118",,,"#T Roar#!\nSet animation to dragon roar. Not available for baby dragons.",,
"mde_dragon_contains_embryo","localization/replace/english/agot/agot_artifacts/mde_artifacts_l_english.yml","9",,,"It contains the dragon #italic [ROOT.Artifact.Custom('mde_dragon_embryo_name')]#!.",,
"mde_dragon_contains_embryo_builder","localization/replace/english/agot/agot_artifacts/mde_artifacts_l_english.yml","8",,,"[newly_created_artifact.GetDesc] [newly_created_artifact.Custom('mde_dragon_embryo_line')]",,
"mde_dragon_contains_embryo_hatching","localization/replace/english/agot/agot_artifacts/mde_artifacts_l_english.yml","5",,,"It contains the dragon #italic [Artifact.Custom('mde_dragon_embryo_name')]#!.",,
"mde_dragon_eggs_events.0001.a","localization/replace/english/more_dragon_eggs_events_l_english.yml","25","localization/russian/more_dragon_eggs_events_l_russian.yml","92","Unnerving.","Тревожно.","Тревожно."
"mde_dragon_eggs_events.0001.desc","localization/replace/english/more_dragon_eggs_events_l_english.yml","24","localization/russian/more_dragon_eggs_events_l_russian.yml","91","The fearsome and violent dragon, [cannibal.GetName], was notorious for the abominable acts that earned him his name. Neither the Targaryens or the Order of the Dragonkeepers were able to contain the monstrous beast, much less stop him from feasting on his kin.\n\nIn recorded history, [cannibal.GetNamePossessive] appearance is as mysterious as his disappearance , as very little is known about either. Many say that his birth predated the birth of the Conquerors' dragons.\n\nIt is known, however, that [cannibal.GetName] disappeared some time after The Dance of Dragons. Though some have speculated that he might have flown off into the heart of Skagos, drawn by those of similar nature. You think that this may have been more than speculation, evidenced by the dragonglass scarring the forest floor around you.","Грозный и жестокий дракон [cannibal.GetName] был печально известен мерзкими деяниями, за которые и получил своё имя. Ни Таргариены, ни драконоблюстители не смогли усмирить чудовище — тем более помешать ему пожирать собственных сородичей.\n\nВ летописях появление [cannibal.GetNamePossessive] столь же загадочно, как и исчезновение. Многие считают, что он родился ещё до драконов Завоевателя.\n\nДостоверно известно лишь одно: [cannibal.GetName] исчез вскоре после Танца Драконов. Ходили слухи, будто он улетел в глубь Скагоса, привлечённый родственными душами. Судя по обсидиановым шрамам на лесной почве вокруг, эти слухи могли быть правдой.","Грозный и жестокий дракон [cannibal.GetName] был печально известен мерзкими деяниями, давшими ему имя. Ни Таргариены, ни Орден Драконьих Стражей не смогли усмирить чудовище, а тем более помешать ему пожирать сородичей.\n\nВ известной истории появление [cannibal.GetName] столь же загадочно, как и исчезновение. Многие считают, что его рождение предшествовало драконам Завоевателей.\n\nДоподлинно известно, что [cannibal.GetName] исчез после Танца Драконов. Ходили слухи, что он улетел вглубь Скагоса, привлеченный родственными душами. Судя по обсидиановым шрамам на лесной почве вокруг, эти слухи могут быть правдой."
"mde_dragon_eggs_events.0001.t","localization/replace/english/more_dragon_eggs_events_l_english.yml","23","localization/russian/more_dragon_eggs_events_l_russian.yml","90","Dragonlore: The Cannibals Of Skagos","Драконьи знания: Каннибалы Скагоса","Драконьи предания: Каннибалы Скагоса"
"mde_dragon_eggs_events.0002.a","localization/replace/english/more_dragon_eggs_events_l_english.yml","29","localization/russian/more_dragon_eggs_events_l_russian.yml","96","If the rumors are true...","Если слухи правдивы...","Если слухи правдивы..."
"mde_dragon_eggs_events.0002.desc","localization/replace/english/more_dragon_eggs_events_l_english.yml","28","localization/russian/more_dragon_eggs_events_l_russian.yml","95","During the time of the Dance of the Dragons, there were multiple wild dragons. One of these roamed the Vale, a skittish dragon that was particularly fond of lamb, earning him his namesake; [sheepstealer.GetName].\n\nThis was taken advantage of by only the hypothetical non-Targaryen descended dragonrider in Westeros, [nettles.GetName]. She would tame this dragon by luring him in with sheep every day until he trusted her. She also earned the trust of [daemon.GetName], with rumors claiming her to be either his daughter or his lover.\n\nDuring the Dance, [nettles.GetName] and [sheepstealer.GetName] would disappear, never to be seen again.\n\nThat being said, there is a clan in the Mountains of the Vale known as the Burned Men, who possess a coming of age ritual that involves their boys bringing gifts to the Fire Witch, avoiding the wrath of her flames in order to prove their manhood. Many speculate that the Fire Witch is [nettles.GetName]","Во времена Танца Драконов в Долине обитал дикий дракон [sheepstealer.GetName], получивший имя за любовь к баранине.\n\nЕго смогла приручить [nettles.GetName] — единственная предполагаемая всадница дракона в Вестеросе, не происходившая от Таргариенов. Она завоевывала его доверие, день за днём приманивая овцами. Ходили слухи, что [nettles.GetName] была дочерью или возлюбленной [daemon.GetName].\n\nВо время Танца [nettles.GetName] и [sheepstealer.GetName] исчезли и больше не появлялись.\n\nВ Лунных горах живёт клан Обгорелых. Их обряд взросления требует, чтобы юноши принесли дары огненной ведьме и прошли сквозь пламя, доказывая свою мужественность. Многие считают, что огненная ведьма — именно она.","Во времена Танца Драконов в Долине обитал дикий дракон [sheepstealer.GetName], получивший имя за любовь к баранине.\n\nЕго смогла приручить [nettles.GetName] - единственный Драконий всадник не-Таргариен в Вестеросе. Она завоевала доверие, ежедневно подкармливая его овцами. Ходили слухи, что она была дочерью или возлюбленной [daemon.GetName].\n\nВо время Танца [nettles.GetName] и [sheepstealer.GetName] исчезли.\n\nВ горах Долины есть клан Опаленных Людей, чей обряд инициации требует принесения даров Огненной Ведьме и прохождения сквозь пламя. Многие считают, что Ведьма - это [nettles.GetName]."
"mde_dragon_eggs_events.0002.t","localization/replace/english/more_dragon_eggs_events_l_english.yml","27","localization/russian/more_dragon_eggs_events_l_russian.yml","94","Dragonlore: The Fire Witch Of The Vale","Драконьи знания: Огненная ведьма Долины","Драконьи предания: Огненная Ведьма Долины"
"mde_dragon_eggs_events.0004.a","localization/replace/english/more_dragon_eggs_events_l_english.yml","34","localization/russian/more_dragon_eggs_events_l_russian.yml","101","Fear my might!","Страшитесь моей мощи!","Да познают мое могущество!"
"mde_dragon_eggs_events.0004.desc","localization/replace/english/more_dragon_eggs_events_l_english.yml","33","localization/russian/more_dragon_eggs_events_l_russian.yml","100","You follow the dragonglass scarring throughout the forest, and as you go you begin noticing a direction in which the amount of dragonglass increases. You follow this path, nervously, until it leads to the mouth of an enormous cave.\n\nAfter waiting still for what seems like an eternity, listening for any sound from the cave, you proceed in. The cave is marked across all of its surfaces, in either a deep, red paint or even more dragonglass, and bones litter the floor.\n\nEventually, you reach the center of the cave, where it seems there is a ceremonial pit. At the heart of the ceremonial pit, is a giant mound of skulls of all sorts, rabbits, bears, deer, giants, unicorns, and humans. At the top though is a skull larger than any other, and it shines a wicked green from its eye.\n\nYou treacherously ascend the mound and find a treasure unlike anything else! A dragon egg!","Следуя по обсидиановым шрамам леса, вы замечаете, что их становится всё больше в одном направлении. Вы идёте по этому следу, пока он не выводит к устью огромной пещеры.\n\nЗатаив дыхание, вы входите внутрь. Стены испещрены красной краской и обсидианом, пол усеян костями.\n\nВ центре пещеры — ритуальная яма с курганом из черепов: кроликов, медведей, оленей, великанов, единорогов и людей. На вершине высится огромный череп, чьи глазницы горят злым зелёным светом.\n\nВзобравшись на курган, вы находите невероятное сокровище — драконье яйцо!","Следуя по обсидиановым шрамам леса, вы замечаете, что их концентрация нарастает в одном направлении. Вы идете по этому пути, пока он не приводит ко входу в огромную пещеру.\n\nЗатаив дыхание, вы входите внутрь. Стены покрыты красной краской и обсидианом, пол усеян костями.\n\nВ центре пещеры - ритуальная яма с курганом из черепов: кроликов, медведей, оленей, великанов, единорогов и людей. На вершине - огромный череп с зеленым огнем в глазницах.\n\nВзобравшись на курган, вы находите невероятное сокровище - драконье яйцо!"
"mde_dragon_eggs_events.0004.t","localization/replace/english/more_dragon_eggs_events_l_english.yml","32","localization/russian/more_dragon_eggs_events_l_russian.yml","99","Dragonlore: The Cannibal Mound","Драконьи знания: Курган Каннибала","Драконьи предания: Курган Каннибала"
"mde_dragon_eggs_events.0005.a","localization/replace/english/more_dragon_eggs_events_l_english.yml","38","localization/russian/more_dragon_eggs_events_l_russian.yml","105","Lucky, indeed.","И вправду повезло.","И вправду повезло."
"mde_dragon_eggs_events.0005.desc","localization/replace/english/more_dragon_eggs_events_l_english.yml","37","localization/russian/more_dragon_eggs_events_l_russian.yml","104","After discussing with the locals for the better part of many days, you finally convince them to set you on the path of the Burned Men.\n\nYou do well to avoid them as you ascend into the mountains, and it is not hard to find the way of their ritual without their aid, as it is marked frequently by younger, male skeletons. Some of them have varying degrees of burns, down to the bones.\n\nWhether by luck or skill, or both, you find your way to the cave of the Fire Witch, without encountering any Burned Men, inside you see the walls are covered in thousands of markings, almost like a grey rat maester had gone mad without paper. Hidden in the corner, is a dusty, brown dragon egg!","После многих дней расспросов местные наконец указывают путь к Обгорелым.\n\nПоднимаясь в горы, вы избегаете встреч с ними. Тропа ритуала отмечена скелетами юношей; на некоторых костях видны следы ожогов.\n\nТо ли благодаря удаче, то ли благодаря умению, вы находите пещеру огненной ведьмы, не столкнувшись с Обгорелыми. Внутри стены покрыты тысячами знаков, словно обезумевший серый крысомейстер остался без бумаги. В углу, под слоем пыли, лежит коричневое драконье яйцо!","После дней расспросов местные указали путь к Опаленным Людям.\n\nПоднимаясь в горы, вы избегаете встреч с ними. Тропа ритуала отмечена скелетами юношей с ожогами на костях.\n\nЧудом найдя пещеру Ведьмы, вы видите стены, испещренные тысячами знаков. В углу - покрытое пылью коричневое драконье яйцо!"
"mde_dragon_eggs_events.0005.t","localization/replace/english/more_dragon_eggs_events_l_english.yml","36","localization/russian/more_dragon_eggs_events_l_russian.yml","103","Dragonlore: The Cave Of The Fire Witch","Драконьи знания: Пещера огненной ведьмы","Драконьи предания: Пещера Огненной Ведьмы"
"mde_dragon_eggs_events.0006.a","localization/replace/english/more_dragon_eggs_events_l_english.yml","42","localization/russian/more_dragon_eggs_events_l_russian.yml","109","Destiny awaits.","Судьба ждёт.","Судьба ждет."
"mde_dragon_eggs_events.0006.desc","localization/replace/english/more_dragon_eggs_events_l_english.yml","41","localization/russian/more_dragon_eggs_events_l_russian.yml","108","A horrible whisper emanating from inside my own head stops me dead in my tracks and leaves me feeling nothing but a deep cold and fear.\n\nAgainst my own will, I rapidly face the Isle of Faces, and begin walking towards it, and then swimming.\n\nAs I walk onto the shores of the Isle, exhausted, I notice that the trees are bleeding, dripping blood loudly. A shrouded figure with glowing green eyes peaks its head out from behind the thick cove of weirwood trees, filling me with dread until I pass out.\n\nI awakened back on the shore of the Gods Eye, and disoriented, alarmed by the discovery of a dragon egg in my hands!","Жуткий шёпот в голове заставляет меня замереть, оставляя лишь ледяной страх.\n\nПротив воли я поворачиваюсь к Острову Ликов, иду к нему, а затем плыву.\n\nВыбравшись на берег, я вижу, как деревья истекают кровью. Из чащи чардрев выглядывает укрытая тенью фигура с сияющими зелёными глазами, и ужас поглощает меня.\n\nОчнувшись на берегу Божьего Ока, растерянный и встревоженный, я обнаруживаю в руках драконье яйцо.","Жуткий шепот в голове парализует меня леденящим страхом.\n\nПротив воли я поворачиваюсь к Острову Ликов и иду к нему, затем плыву.\n\nВыбравшись на берег, я вижу, как деревья кровоточат. Фигура с зелеными глазами выглядывает из рощи чардрев, и я теряю сознание.\n\nОчнувшись на берегу Годзиного Глаза, я обнаруживаю в руках драконье яйцо!"
"mde_dragon_eggs_events.0006.t","localization/replace/english/more_dragon_eggs_events_l_english.yml","40","localization/russian/more_dragon_eggs_events_l_russian.yml","107","Dragonlore: The Isle of Faces","Драконьи знания: Остров Ликов","Драконьи предания: Остров Ликов"
"mde_dragon_eggs_events.0007.a","localization/replace/english/more_dragon_eggs_events_l_english.yml","47","localization/russian/more_dragon_eggs_events_l_russian.yml","114","That was close, but well worth it!","Было близко, но оно того стоило!","Было близко, но оно того стоило!"
"mde_dragon_eggs_events.0007.desc","localization/replace/english/more_dragon_eggs_events_l_english.yml","45","localization/russian/more_dragon_eggs_events_l_russian.yml","112","I walk high up on the cliffs of Dragonstone, the sound of waves crashing against the rocks below mixing with the slow rumble of the volcano in my ears. As I walk, I find a small opening — the perfect place for my cave exploration to begin.\n\nI climb over a crest of rock, guided by the light cascading over the rocks. Several passages lead off from the main chamber, but the light streaks through a single vein of obsidian, as though guiding me. I follow it, and where it leads me, I cannot believe.\n\nAn egg rests in the center of the room, the light ending just above it! As soon as I touch it however, the passage of time makes itself known, and the light begins to fade. I barely have enough time to grab the egg and rush out of the cave before the light would fade completely, locking me in darkness.\n\nWith heavy breaths of exertion, I make it out of the cave, the egg in my hands!","Я поднимаюсь высоко по скалам Драконьего Камня; грохот волн внизу смешивается с глухим рокотом вулкана. Вскоре я замечаю узкий проход — идеальное начало для исследования пещер.\n\nПеребравшись через каменный гребень, я следую за светом, льющимся по скалам. От главного зала уходит несколько ходов, но луч пробивается только через единственную жилу обсидиана, словно указывая путь. Я иду за ним — и не верю глазам.\n\nВ центре зала лежит яйцо; свет обрывается прямо над ним! Но стоит мне прикоснуться к нему, как время напоминает о себе: луч начинает меркнуть. Я едва успеваю схватить яйцо и броситься прочь, прежде чем тьма запечатывает выход.\n\nТяжело дыша, я выбираюсь наружу с яйцом в руках!","На скалах Драконьего Камня я нахожу пещеру. Свет струится через жилу обсидиана, указывая путь.\n\nВ конце тоннеля лежит яйцо, освещенное лучом света! Прикоснувшись, я чувствую, как время ускоряется, а свет гаснет. Едва успев схватить яйцо, я выбегаю из пещеры до наступления тьмы.\n\nС тяжелым дыханием я стою снаружи, сжимая драконье яйцо!"
"mde_dragon_eggs_events.0007.desc_missing","localization/replace/english/more_dragon_eggs_events_l_english.yml","46","localization/russian/more_dragon_eggs_events_l_russian.yml","113","I walk high up on the cliffs of Dragonstone, the sound of waves crashing against the rocks below mixing with the slow rumble of the volcano in my ears. As I walk, I find a small opening — the perfect place for my cave exploration to begin.\n\nI climb over a crest of rock, guided by the light cascading over the rocks. Several passages lead off from the main chamber, but the light streaks through a single vein of obsidian, as though guiding me. I follow it, and where it leads me, I cannot believe.\n\nA clutch of eggs rests in the center of the room, the light ending just above it! As soon as I touch it however, the passage of time makes itself known, and the light begins to fade. I barely have enough time to grab the eggs and rush out of the cave before the light would fade completely, locking me in darkness.\n\nWith heavy breaths of exertion, I make it out of the cave, the eggs in my arms! I've found [aegon_ii.GetNamePossessive] missing dragon eggs, last seen with [valarr.GetName]!","Я поднимаюсь высоко по скалам Драконьего Камня; грохот волн внизу смешивается с глухим рокотом вулкана. Вскоре я замечаю узкий проход — идеальное начало для исследования пещер.\n\nПеребравшись через каменный гребень, я следую за светом, льющимся по скалам. От главного зала уходит несколько ходов, но луч пробивается только через единственную жилу обсидиана, словно указывая путь. Я иду за ним — и не верю глазам.\n\nВ центре зала лежит кладка яиц; свет обрывается прямо над ней! Но стоит мне прикоснуться к яйцам, как время напоминает о себе: луч начинает меркнуть. Я едва успеваю схватить их и броситься прочь, прежде чем тьма запечатывает выход.\n\nТяжело дыша, я выбираюсь наружу с яйцами в руках! Я нашёл пропавшие драконьи яйца [aegon_ii.GetNamePossessive] — те самые, что в последний раз видели у [valarr.GetName]!","Я поднимаюсь высоко на скалы Драконьего Камня, где грохот волн, разбивающихся о камни внизу, смешивается с медленным рокотом вулкана. Во время прогулки я нахожу небольшой проход — идеальное место для начала исследования пещер.\n\nПеребравшись через каменный гребень, я следую за светом, струящимся между скал. От главного зала отходят несколько проходов, но свет проникает лишь через одну обсидиановую жилу, словно указывая путь. Я следую ему и не верю своим глазам.\n\nВ центре комнаты лежит кладка яиц, и свет заканчивается прямо над ней! Но как только я прикасаюсь к ним, течение времени дает о себе знать, и свет начинает меркнуть. Я едва успеваю схватить яйца и выбежать из пещеры до того, как свет полностью погаснет, оставив меня в темноте.\n\nТяжело дыша от усилий, я выбираюсь из пещеры с яйцами в руках! Я нашел [aegon_ii.GetNamePossessive] пропавшие драконьи яйца, последний раз виденные с [valarr.GetName]!"
"mde_dragon_eggs_events.0007.t","localization/replace/english/more_dragon_eggs_events_l_english.yml","44","localization/russian/more_dragon_eggs_events_l_russian.yml","111","Dragonlore: Gifts from the Past","Драконьи знания: Дары прошлого","Драконьи предания: Дары прошлого"
"mde_dragon_eggs_events.0007.tt","localization/replace/english/more_dragon_eggs_events_l_english.yml","48","localization/russian/more_dragon_eggs_events_l_russian.yml","115","You gained a Dragon Egg!","Вы получили драконье яйцо!","Вы получили Драконье Яйцо!"
"mde_dragon_eggs_events.0008.a","localization/replace/english/more_dragon_eggs_events_l_english.yml","52","localization/russian/more_dragon_eggs_events_l_russian.yml","119","A haunting tragedy.","Трагедия, от которой веет холодом.","Зловещая трагедия."
"mde_dragon_eggs_events.0008.desc","localization/replace/english/more_dragon_eggs_events_l_english.yml","51","localization/russian/more_dragon_eggs_events_l_russian.yml","118","The Battle of the Gullet was one of the many infamous battles that took place during the Dance of the Dragons, the Targaryen civil war that greatly weakened their power. An alliance had been brokered between the Greens and the Triarchy, culminating in a massive armada slamming into the Velaryon blockade of the Gullet, a strategic chokepoint that denied supply access to King’s Landing\n\nThe battle ended in a pyrrhic victory for the Blacks, who managed to hold their blockade and defeat the Triarchy’s armada, at great cost. The crown prince [jaecaerys.GetName] and his dragon, [vermax.GetName], were both slain, and Spicetown was burned to ashes. Legend tells that [jaecaerys.GetNamePossessive] promised, [baela.GetName], and her dragon, [moondancer.GetName], grieved alike in the ruins.","Битва при Глотке стала одним из самых печально известных сражений Танца Драконов — гражданской войны Таргариенов, ослабившей их могущество. Союз зелёных с Триархией завершился ударом огромной армады по веларионской блокаде Глотки — стратегической узости, перекрывавшей снабжение Королевской Гавани.\n\nБитва обернулась пирровой победой чёрных: им удалось удержать блокаду и разгромить армаду Триархии, но цена оказалась страшной. Принц [jaecaerys.GetName] и его дракон [vermax.GetName] погибли, а Спайстаун был сожжён дотла. Легенды гласят, что невеста [jaecaerys.GetNamePossessive], [baela.GetName], и её дракон [moondancer.GetName] вместе скорбели среди руин.","Битва в Горле была одним из многих печально известных сражений во время Танца Драконов — гражданской войны Таргариенов, которая ослабила их могущество. Между Зелеными и Триархией был заключен союз, завершившийся ударом огромной армады по веларионской блокаде Горла — стратегической узости, перекрывавшей снабжение Королевской Гавани.\n\nБитва завершилась пирровой победой Черных, сумевших удержать блокаду и разгромить армаду Триархии ценой огромных потерь. Принц [jaecaerys.GetName] и его дракон [vermax.GetName] погибли, а Пряный Город был сожжен дотла. Легенды гласят, что [jaecaerys.GetNamePossessive] обещал, [baela.GetName] и её дракон [moondancer.GetName] вместе скорбели на руинах."
"mde_dragon_eggs_events.0008.t","localization/replace/english/more_dragon_eggs_events_l_english.yml","50","localization/russian/more_dragon_eggs_events_l_russian.yml","117","Dragonlore: The Ruins of Spicetown","Драконьи знания: Руины Спайстауна","Знания о драконах: Руины Пряного Города"
"mde_dragon_eggs_events.0009.a","localization/replace/english/more_dragon_eggs_events_l_english.yml","56","localization/russian/more_dragon_eggs_events_l_russian.yml","123","A silver lining to the tragedy!","Проблеск света среди трагедии.","Проблеск света в трагедии!"
"mde_dragon_eggs_events.0009.desc","localization/replace/english/more_dragon_eggs_events_l_english.yml","55","localization/russian/more_dragon_eggs_events_l_russian.yml","122","The sombering nature of the ruins of Spicetown have weighed heavy on my mind, and as such I’ve chosen to pause among the ruins and explore them.\n\nWandering inside the various dilapidated structures, you find a large, burned out area of a large building that has been hitherto untouched since it was first destroyed. While kicking around the scattered stones on the floor, a glitter of color flashes in the corner of my eye, jarring in its contrast to the black and grays of the destruction around me.\n\nI pry the colorful stones away from the ground and stare in shock at what I have in my hands. A dragon egg! The rumors of a grieving [moondancer.GetName] were true, I’ve found her egg!","Мрачные руины Спайстауна тяготят меня, и я решаю задержаться здесь, чтобы осмотреть их внимательнее.\n\nБродя среди полуразрушенных строений, я нахожу большой обгоревший участок, нетронутый со времён разрушения. Перебирая камни на полу, я краем глаза замечаю цветное мерцание — резкий контраст с чёрно-серой разрухой вокруг.\n\nЯ выкапываю цветные камни из земли и с изумлением смотрю на то, что держу в руках. Драконье яйцо! Слухи о скорбящей [moondancer.GetName] оказались правдой — я нашёл её яйцо.","Мрачная атмосфера руин Пряного Города тяготит меня, и я решаю задержаться здесь для исследования.\n\nБродя среди полуразрушенных строений, я нахожу обгоревший участок большого здания, нетронутый со времен разрушения. Перебирая камни на полу, я замечаю в углу глаза мерцание цвета — резкий контраст с черно-серыми тонами разрухи вокруг.\n\nЯ выкапываю цветные камни из земли и с изумлением смотрю на то, что держу в руках. Драконье яйцо! Слухи о скорбящей [moondancer.GetName] оказались правдой — я нашел её яйцо!"
"mde_dragon_eggs_events.0009.t","localization/replace/english/more_dragon_eggs_events_l_english.yml","54","localization/russian/more_dragon_eggs_events_l_russian.yml","121","Dragonlore: Deep in The Ruins of Spicetown","Драконьи знания: В глубине руин Спайстауна","Знания о драконах: В глубине руин Пряного Города"
"mde_dragon_eggs_events.0010.a","localization/replace/english/more_dragon_eggs_events_l_english.yml","60","localization/russian/more_dragon_eggs_events_l_russian.yml","127","A beast of unprecedented scale...","Чудовище невиданного масштаба...","Чудовище невиданного масштаба..."
"mde_dragon_eggs_events.0010.desc","localization/replace/english/more_dragon_eggs_events_l_english.yml","59","localization/russian/more_dragon_eggs_events_l_russian.yml","126","Thousands of years ago, in the Age of Heroes, many legends were formed from the many fantastical events that took place in this antiquitous age. The most historically reverberative of these legends is the legend of [nagga.GetName], whose great bones serve as a place of great cultural significance to the Ironborn. It was the seat of [grey_king.GetName] and served as the location of the Kingsmoot for many centuries.\n\nIronborn tales say that [nagga.GetName] was the first sea dragon, who fed on leviathans and krakens, and whose ferocity was so great that she could drown entire islands. Tales of such feats only serve to mythologize the prowess of [grey_king.GetName], who slew the mighty beast, and raised his hall with her bones, warmed it with her living fire, made his throne from her jaw, and his crown from her teeth.\n\nNow the sight is eerily quiet, but the titanic bones haunt me with a megalophobic sense of dread.","Тысячи лет назад, в Век Героев, многие легенды родились из чудес и ужасов той древней поры. Величайшая из них — легенда о [nagga.GetName], чьи огромные кости стали священным местом для железнорождённых. Здесь стоял трон [grey_king.GetName], и здесь веками проводились королевские веча.\n\nСказания железнорождённых гласят, что [nagga.GetName] была первым морским драконом, питалась левиафанами и кракенами, а её ярость была так велика, что она могла топить целые острова. Эти подвиги лишь возвеличили славу [grey_king.GetName]: он убил чудовище, воздвиг чертог из её костей, обогрел его её живым огнём, сделал трон из её челюсти, а корону — из зубов.\n\nТеперь здесь зловеще тихо, но исполинские кости всё ещё внушают первобытный ужас.","Тысячи лет назад, в Эпоху Героев, множество легенд родилось из фантастических событий того древнего времени. Наиболее значимая из них — легенда о [nagga.GetName], чьи огромные кости стали местом культурного поклонения железнорожденных. Здесь находился трон [grey_king.GetName] и веками проводились королевские сходки.\n\nСказания железнорожденных гласят, что [nagga.GetName] была первым морским драконом, питавшимся левиафанами и кракенами, чья ярость была столь велика, что она могла потопить целые острова. Эти подвиги лишь мифологизируют мощь [grey_king.GetName], убившего чудовище, построившего из её костей чертог, обогретый её живым огнем, сделавшего трон из её челюсти и корону из её зубов.\n\nСейчас это место зловеще тихо, но исполинские кости вселяют мегалофобный ужас."
"mde_dragon_eggs_events.0010.t","localization/replace/english/more_dragon_eggs_events_l_english.yml","58","localization/russian/more_dragon_eggs_events_l_russian.yml","125","Dragonlore: Nagga's Bones","Драконьи знания: Кости Нагги","Знания о драконах: Кости Нагги"
"mde_dragon_eggs_events.0011.a","localization/replace/english/more_dragon_eggs_events_l_english.yml","64","localization/russian/more_dragon_eggs_events_l_russian.yml","131","A faustian gift from a servant of The Great Other...","Фаустов дар от слуги Великого Иного...","Фаустов дар от слуги Великого Иного..."
"mde_dragon_eggs_events.0011.b","localization/replace/english/more_dragon_eggs_events_l_english.yml","65","localization/russian/more_dragon_eggs_events_l_russian.yml","132","The Drowned God provides!  @drownedgod_icon!","Утонувший бог дарует! @drownedgod_icon!","Утонувший Бог дарует!  @drownedgod_icon!"
"mde_dragon_eggs_events.0011.desc","localization/replace/english/more_dragon_eggs_events_l_english.yml","63","localization/russian/more_dragon_eggs_events_l_russian.yml","130","It seems almost destined that I visited the harrowing remains of the great beast [nagga.GetName] on a day with exceedingly rare sea levels brought on by a once in a lifetime low tide.\n\nWhile the Ironborn warn of such low tides as an omen of danger, something calls out from deep within me, dark and compelling. I will heed the call of destiny if it commands me, and I almost intuitively walk to the exposed shoreline, following in the steps of the ancient Kingsmoot. As I approach the water, there are a number of ancient weapons, rusted and covered in corals and barnacles. I delve into the deep, baptizing myself in salt, letting the sea fill my lungs.\n\nI black out, with my last memory being of something powerful, mayhaps a being of some kind, and something in my hands. When I awake, I find myself on the sandy shores, with a gleaming, cobalt blue dragon egg next to me!","Кажется судьбой, что я оказался у жутких останков великого чудовища [nagga.GetName] в день небывало низкого отлива — такого, что случается раз в жизни.\n\nЖелезнорождённые называют подобные отливы дурным знаком, но из глубины меня зовёт нечто тёмное и неодолимое. Я подчиняюсь этому зову и почти инстинктивно иду к обнажившемуся берегу, ступая по следам древнего королевского веча. У воды лежит древнее оружие, покрытое ржавчиной, кораллами и ракушками. Я погружаюсь в глубину, крестя себя солью и позволяя морю наполнить лёгкие.\n\nЯ теряю сознание. Последнее, что помню, — нечто могущественное, быть может, существо... и что-то в моих руках. Очнувшись, я лежу на песчаном берегу, а рядом сияет кобальтово-синее драконье яйцо.","Кажется судьбой, что я посетил жуткие останки великого чудовища [nagga.GetName] в день с небывало низким отливом, случающимся раз в жизни.\n\nХотя железнорожденные предупреждают, что такие отливы — знак опасности, что-то зовет меня из глубин, темное и неодолимое. Я последую зову судьбы и почти интуитивно иду к обнажившемуся берегу, ступая по следам древней королевской сходки. У воды я нахожу древнее оружие, покрытое ржавчиной, кораллами и ракушками. Я погружаюсь в глубины, крестя себя солью, позволяя морю наполнить легкие.\n\nТеряю сознание, последнее воспоминание — что-то могучее, возможно, некое существо, и что-то в руках. Очнувшись, я нахожу себя на песчаном берегу с сияющим кобальтово-синим драконьим яйцом рядом!"
"mde_dragon_eggs_events.0011.t","localization/replace/english/more_dragon_eggs_events_l_english.yml","62","localization/russian/more_dragon_eggs_events_l_russian.yml","129","Dragonlore: The Ancient Kingsmoot","Драконьи знания: Древнее королевское вече","Знания о драконах: Древняя королевская сходка"
"mde_dragon_eggs_events.0012.a","localization/replace/english/more_dragon_eggs_events_l_english.yml","69","localization/russian/more_dragon_eggs_events_l_russian.yml","136","What power!","Какая мощь!","Какая мощь!"
"mde_dragon_eggs_events.0012.desc","localization/replace/english/more_dragon_eggs_events_l_english.yml","68","localization/russian/more_dragon_eggs_events_l_russian.yml","135","Long have I traveled in the grueling deserts of Dorne, and traveling this far away from The Dune Roads has made the journey agonizing and exhausting.The nearest castle, the Hellholt offers but a fool’s reprieve, and yet there is no other option. As the castle draws nearer, plumes of sulfurous smog rise off the nearby Brimstone and geysers, obscuring the sun. But it offers no relief, only making the air hotter. When I approach the castle, I notice the main tower has yet to be repaired since the Conquest.\n\nThe destruction was the result of the infamous death of the dragonrider [rhaenys.GetName], and her she-dragon, [meraxes.GetName]. At the time of her death, [rhaenys.GetName] had been on a campaign to suppress the resistant Dornish using dragonfire to burn their castles. The Ullers of the Hellholt did what no one else had managed, and fire a scorpion bolt directly through the eye of [meraxes.GetName] sending both rider and dragon plummeting to their doom. [meraxes.GetNamePossessive] bones remain, jutting out from the surrounding sand turned glass.","Долго я странствовал по знойным пустыням Дорна, и путь вдали от Дюнных дорог стал мучительным. Ближайшая крепость, Пекло, сулит лишь призрачную передышку, но выбора нет. По мере приближения серные испарения из соседних источников и гейзеров застилают солнце, лишь усиливая жар. Я замечаю, что главная башня так и не была восстановлена со времён Завоевания.\n\nРазрушение стало следствием гибели всадницы дракона [rhaenys.GetName] и её дракона [meraxes.GetName]. Во время кампании по усмирению дорнийцев [rhaenys.GetName] сжигала замки драконьим пламенем. Уллеры из Пекла сделали невозможное: выстрелом скорпиона пробили глаз [meraxes.GetName], отправив всадницу и дракона в смертельное падение. Останки дракона [meraxes.GetName] торчат из остекленевшего песка.","Долго я странствовал по знойным пустыням Дорна, и путь вдали от Дюнных Дорог стал мучительным. Ближайший замок, Адский Замок, дарует лишь призрачную передышку, но выбора нет. При приближении к замку серные испарения от ближайших серных источников и гейзеров застилают солнце, лишь делая воздух горячее. Я замечаю, что главная башня не восстановлена со времен Завоевания.\n\nРазрушение стало следствием гибели всадницы дракона [rhaenys.GetName] и её дракона [meraxes.GetName]. Во время кампании по усмирению дорнийцев [rhaenys.GetName] сжигала замки драконьим пламенем. Уллеры из Адского Замка сделали невозможное — выстрелом скорпиона пробили глаз [meraxes.GetName], отправив всадницу и дракона в смертельное падение. Кости [meraxes.GetNamePossessive] торчат из остекленевшего песка."
"mde_dragon_eggs_events.0012.t","localization/replace/english/more_dragon_eggs_events_l_english.yml","67","localization/russian/more_dragon_eggs_events_l_russian.yml","134","Dragonlore: The Bolt at The Hellholt","Драконьи знания: Болт в Пекле","Знания о драконах: Болт в Адском Замке"
"mde_dragon_eggs_events.0013.a","localization/replace/english/more_dragon_eggs_events_l_english.yml","73","localization/russian/more_dragon_eggs_events_l_russian.yml","140","My precious!","Моя прелесть!","Моя прелесть!"
"mde_dragon_eggs_events.0013.desc","localization/replace/english/more_dragon_eggs_events_l_english.yml","72","localization/russian/more_dragon_eggs_events_l_russian.yml","139","Upon closer inspection of [meraxes.GetNamePossessive] skeleton, I am appalled at the power of a dragon’s fire. The surrounding ground is all glass melted from the sand that was once here, most of it thick, dark, and opaque.\n\nBut I find the more I uncover from the fresher layers of dirt, the clearer the glass becomes. Vexed, I work like mad to find the clearest patch of glass I can.\n\nAfter hours of inspecting, I find glass that reveals a golden and silver shimmer. I cover it back up and return under the cover of darkness, hacking away with a pickaxe until I uncover my treasure: a dragon egg!","Осматривая скелет дракона [meraxes.GetName], я потрясён силой драконьего пламени. Окружающая земля — сплошное стекло из расплавленного песка, по большей части тёмное и непрозрачное.\n\nНо под свежими слоями грязи стекло становится чище. Охваченный одержимостью, я ищу самый прозрачный участок.\n\nПосле часов поисков я нахожу стекло, сквозь которое пробивается золотисто-серебристое мерцание. Прикрыв находку, я возвращаюсь под покровом темноты с киркой и раскапываю сокровище: драконье яйцо!","Осматривая скелет [meraxes.GetNamePossessive], я потрясен силой драконьего пламени. Окружающая земля — сплошное стекло из расплавленного песка, в основном темное и непрозрачное.\n\nНо под свежими слоями грязи стекло становится чище. Я безумно копаю, ища самый прозрачный участок.\n\nПосле часов поисков я нахожу стекло, сквозь которое видно золотисто-серебристое мерцание. Прикрыв находку, я возвращаюсь под покровом темноты с киркой и раскапываю сокровище: драконье яйцо!"
"mde_dragon_eggs_events.0013.t","localization/replace/english/more_dragon_eggs_events_l_english.yml","71","localization/russian/more_dragon_eggs_events_l_russian.yml","138","Dragonlore: Through The Dragonglass","Драконьи знания: Сквозь драконье стекло","Знания о драконах: Сквозь драконье стекло"
"mde_dragon_eggs_events.0014.a","localization/replace/english/more_dragon_eggs_events_l_english.yml","77","localization/russian/more_dragon_eggs_events_l_russian.yml","144","An ironic end.","Ироничный конец.","Ироничный конец."
"mde_dragon_eggs_events.0014.desc","localization/replace/english/more_dragon_eggs_events_l_english.yml","76","localization/russian/more_dragon_eggs_events_l_russian.yml","143","Few were the dragonlords following the Doom. It was only with the magical foresight of Daenys the Dreamer that the Targaryens were able to hold on to their fire made flesh. Although, in the time immediately after the Doom, there were others.\n\nJaehaelor Mataeryon was a landowner and dragonrider in the Valyrian Freehold who rode the dragon [pythax.GetName] who appeared to be a scholar with a particular aptitude in botany, as he wrote often of glass orb greenhouse in Valyria proper.\n\n When the Doom shook the heavens and earth, Jaehaelor Mataeryon was visiting the Forests of Qohor to gather samples. He passed through this very location as he flew back from Qohor to Old Volantis, wherein he would spend the remainder of his life committing as much as he could remember of his gardens to memory. His dragon [pythax.GetName] perished soon after the doom after refusing to eat. Jaehaelor Mataeryon died soon after, while intervening in the lashing of a slave on the Long Bridge.","После Рока осталось мало драконовладык. Лишь благодаря магическому предвидению Дейнис Сновидицы дом Таргариенов сумел удержать свою плоть из огня. Но сразу после Рока были и другие.\n\nДжейхелор Матэрион был землевладельцем и драконоводцем Валирийского Фригольда. Он летал на драконе [pythax.GetName] и, судя по его трудам о стеклянных оранжереях-сферах самой Валирии, был учёным с особым даром к ботанике.\n\nКогда Рок потряс небо и землю, Джейхелор Матэрион собирал образцы в лесах Квохора. По пути из Квохора в Старый Волантис он пролетел над этим самым местом, а остаток жизни посвятил тому, чтобы восстановить по памяти свои сады. Его дракон [pythax.GetName] вскоре погиб, отказавшись от еды. Сам Джейхелор Матэрион умер вскоре после этого, вмешавшись в порку раба на Длинном мосту.","После Рока драконовладык осталось мало. Лишь благодаря магическому предвидению Дейнис Грезовидицы Таргариены сохранили свою плоть из огня. Хотя сразу после Рока были и другие.\n\n[jaehaelor.GetName] — землевладелец и драконоводец Валирийской Вольной Гавани, летавший на драконе [pythax.GetName], был ученым с особым интересом к ботанике, писавшим о теплицах-сферах в самой Валирии.\n\nКогда Рок потряс небо и землю, [jaehaelor.GetName] собирал образцы в лесах Квохора. Он пролетел над этим местом по пути в Старый Волантис, где провел остаток жизни, воссоздавая по памяти свои сады. Его дракон [pythax.GetName] вскоре погиб, отказавшись от еды. [jaehaelor.GetName] умер вскоре после, вмешавшись в порку раба на Длинном Мосту."
"mde_dragon_eggs_events.0014.t","localization/replace/english/more_dragon_eggs_events_l_english.yml","75","localization/russian/more_dragon_eggs_events_l_russian.yml","142","Dragonlore: The Gardener of The Glass Orb","Драконьи знания: Садовник стеклянной сферы","Знания о драконах: Садовник стеклянной сферы"
"mde_dragon_eggs_events.0015.a","localization/replace/english/more_dragon_eggs_events_l_english.yml","81","localization/russian/more_dragon_eggs_events_l_russian.yml","148","The Glass Gardener's last gift!","Последний дар Стеклянного Садовника!","Последний дар [jaehaelor.GetNamePossessiveNoTooltip]!"
"mde_dragon_eggs_events.0015.desc","localization/replace/english/more_dragon_eggs_events_l_english.yml","80","localization/russian/more_dragon_eggs_events_l_russian.yml","147","It is known that he camped in this very spot, but no evidence of the fact remains. As I search for my own spot to set up camp, I push through thick shrubbery and discover some items that clearly belonged to an upper class member of the Freehold.\n\nI follow a haphazard trail of strewn about Valyrian artifacts, certainly all of immense value. However, almost fully buried in mud, and camouflaged with dirt, I find a hitherto untouched trunk that must have been left behind in a hurry.\n\nWith great effort, I unearth the trunk and rip it open from its petrified hinges, revealing a treasure far greater than the surrounding loot. A dragon egg!","Известно, что он разбивал лагерь именно здесь, но следов почти не осталось. Продираясь сквозь густые заросли в поисках места для собственного лагеря, я нахожу предметы, явно принадлежавшие знатному выходцу из Фригольда.\n\nЯ иду по хаотичному следу разбросанных валирийских артефактов — каждый из них, несомненно, стоит целое состояние. Но в грязи, почти полностью зарытый и замаскированный землёй, лежит нетронутый сундук, явно оставленный в спешке.\n\nС огромным трудом я выкапываю сундук и срываю его с окаменевших петель. Внутри обнаруживается сокровище ценнее всех окружающих трофеев: драконье яйцо!","Известно, что он разбивал лагерь именно здесь, но следов не осталось. Продираясь сквозь заросли в поисках места для лагеря, я нахожу предметы, явно принадлежавшие знатному жителю Вольной Гавани.\n\nИду по хаотичному следу разбросанных валирийских артефактов огромной ценности. Но почти полностью зарытый в грязи и замаскированный землей, я нахожу нетронутый сундук, явно оставленный в спешке.\n\nС огромным трудом я выкапываю сундук и взламываю окаменевшие петли, обнаруживая сокровище ценнее всех окружающих трофеев. Драконье яйцо!"
"mde_dragon_eggs_events.0015.t","localization/replace/english/more_dragon_eggs_events_l_english.yml","79","localization/russian/more_dragon_eggs_events_l_russian.yml","146","Dragonlore: Left In Haste","Драконьи знания: Оставлено в спешке","Знания о драконах: Оставлено в спешке"
"mde_dragon_eggs_events.0016.a","localization/replace/english/more_dragon_eggs_events_l_english.yml","85","localization/russian/more_dragon_eggs_events_l_russian.yml","152","Bold, but foolish.","Смело, но безрассудно.","Смело, но безрассудно."
"mde_dragon_eggs_events.0016.desc","localization/replace/english/more_dragon_eggs_events_l_english.yml","84","localization/russian/more_dragon_eggs_events_l_russian.yml","151","Few were the dragonlords following the Doom. It was only with the magical foresight of Daenys the Dreamer that the Targaryens were able to hold on to their fire made flesh. Although, in the time immediately after the Doom, there were others.\n\n Aurion was perhaps the most well known of them. Aurion Varezys was a powerful dragonlord in the Valyrian Freehold. When the Doom shook the heavens and earth, Aurion Varezys was visiting Qohor. Upon his realization that there was no other who could his power, Aurion Varezys raised a host 30,000 strong and proclaimed himself the first Emperor of Valyria. Aurion Varezys, his fearsome dragon [vassarion.GetName], and his great host all marched south from Qohor with the goal of retaking Valyria, unopposed. However, the moment they crossed into the doom was the last that any had ever seen of them.","После Рока осталось мало драконовладык. Лишь благодаря магическому предвидению Дейнис Сновидицы дом Таргариенов сумел удержать свою плоть из огня. Но сразу после Рока были и другие.\n\nАурион Варезис был, пожалуй, самым известным из них: могущественный драконовладыка Валирийского Фригольда, оказавшийся в Квохоре, когда Рок потряс небо и землю. Поняв, что теперь никто не способен сравниться с его силой, Аурион Варезис собрал войско в 30 000 человек и провозгласил себя первым императором Валирии. Аурион Варезис, его грозный дракон [vassarion.GetName] и великое войско двинулись на юг из Квохора, чтобы отвоевать Валирию, не встретив сопротивления. Но едва они вошли в земли Рока, их больше никто не видел.","После Рока драконовладык осталось мало. Лишь благодаря магическому предвидению Дейнис Грезовидицы Таргариены сохранили свою плоть из огня. Хотя сразу после Рока были и другие.\n\n[oreo.GetName] был, пожалуй, самым известным из них. Аврион Вальерис — могущественный драконоводец Валирийской Вольной Гавани. Когда Рок потряс небо и землю, Аврион Вальерис находился в Квохоре. Осознав, что никто не может сравниться с его силой, он собрал войско в 30 000 человек и провозгласил себя первым Императором Валирии. Аврион Вальерис, его грозный дракон [vassarion.GetName] и великое войско двинулись на юг из Квохора, чтобы отвоевать Валирию, не встретив сопротивления. Но как только они вошли в зону Рока, их больше никто не видел."
"mde_dragon_eggs_events.0016.t","localization/replace/english/more_dragon_eggs_events_l_english.yml","83","localization/russian/more_dragon_eggs_events_l_russian.yml","150","Dragonlore: The Emperor Who Never Was","Драконьи знания: Император, которого не было","Знания о драконах: Император, которого не было"
"mde_dragon_eggs_events.0017.a","localization/replace/english/more_dragon_eggs_events_l_english.yml","89","localization/russian/more_dragon_eggs_events_l_russian.yml","156","Free of the dead's hold!","Вырвано из мёртвых рук!","Освобождено из рук мертвых!"
"mde_dragon_eggs_events.0017.desc","localization/replace/english/more_dragon_eggs_events_l_english.yml","88","localization/russian/more_dragon_eggs_events_l_russian.yml","155","It is known that his host camped in this very spot on their way from Qohor to Valyria. But after so long a time, little evidence of the fact remains. What does remain however, is a traditional Valyrian effigy, crafted by the members of the Imperial Valyrian Host, commemorating those lost in the disaster, presumably the soldiers’ distant, and now lost, families.\n\nThe Valyrian writing carved into stone here was not carved by fire, but raggedly, with metal, and I can just make out a phrase about something below. I trust my instincts and dig under the effigy, revealing a cache of weapons and something even greater, a golden dragon egg!","Известно, что его войско разбивало лагерь здесь по пути из Квохора в Валирию. По прошествии стольких лет следов почти не осталось. Однако сохранилась валирийская статуя, созданная воинами Императорской армии в память о погибших в катастрофе — вероятно, об их далёких и ныне утраченных семьях.\n\nВалирийские письмена здесь высечены не огнём, а грубо, металлом, и я едва различаю фразу о чём-то внизу. Доверившись инстинкту, я копаю под статуей и нахожу тайник с оружием — и нечто куда более ценное: золотое драконье яйцо!","Известно, что его войско разбивало лагерь здесь по пути из Квохора в Валирию. Спустя столько времени осталось мало свидетельств. Однако сохранилась валирийская статуя, созданная членами Императорской армии в память о погибших в катастрофе — вероятно, дальних и ныне утраченных семьях солдат.\n\nВалирийские письмена высечены не огнем, а грубо металлом, и я различаю фразу о чем-то внизу. Доверяя инстинкту, я копаю под статуей и нахожу тайник с оружием и нечто большее — золотое драконье яйцо!"
"mde_dragon_eggs_events.0017.t","localization/replace/english/more_dragon_eggs_events_l_english.yml","87","localization/russian/more_dragon_eggs_events_l_russian.yml","154","Dragonlore: The Golden Egg","Драконьи знания: Золотое яйцо","Знания о драконах: Золотое яйцо"
"mde_dragon_no_embryo_line","localization/replace/english/agot/agot_artifacts/mde_artifacts_l_english.yml","10",,,"",,
"mde_dragon_no_parent_line","localization/replace/english/more_dragon_eggs_ui_l_english.yml","40",,,"It's origins are unknown.",,
"mde_dragon_parent_line","localization/replace/english/more_dragon_eggs_ui_l_english.yml","38",,,"It was laid by [Artifact.MakeScope.Var('dragon_parent').GetCharacter.GetName].",,
"mde_dragon_parents_line","localization/replace/english/more_dragon_eggs_ui_l_english.yml","39",,,"It was laid by [Artifact.MakeScope.Var('dragon_parent').GetCharacter.GetName] and [Artifact.MakeScope.Var('dragon_parent_other').GetCharacter.GetName].",,
"mde_dragon_portrait_toggle_tt","localization/replace/english/more_dragon_eggs_ui_l_english.yml","116",,,"#T Dragon Portrait#!\nToggle dragon portrait.",,
"mde_dragonkeeper_liege","localization/replace/english/more_dragon_eggs_ui_l_english.yml","43",,,"#V [AGOTGetName(Artifact.GetOwner)], [AGOTGetName(Artifact.GetOwner.GetLiege)]'s $head_dragonkeeper_court_position$.#!",,
"mde_dragonlore_visit","localization/replace/english/more_dragon_eggs_travel_l_english.yml","2","localization/russian/more_dragon_eggs_travel_l_russian.yml","2","Visited [province.Custom('DragonLocationsName')]","Посетил [province.Custom('DragonLocationsName')]","Посетил [province.Custom('DragonLocationsName')]"
"mde_dragonlore_visit.tt","localization/replace/english/more_dragon_eggs_travel_l_english.yml","3","localization/russian/more_dragon_eggs_travel_l_russian.yml","3","[province.Custom('DragonLocationsDesc')]","[province.Custom('DragonLocationsDesc')]","[province.Custom('DragonLocationsDesc')]"
"mde_egg_access_gained","localization/replace/english/mde_demand_egg_events_l_english.yml","63","localization/russian/mde_demand_egg_events_l_russian.yml","63","Permitted dragon egg possession.","Владение драконьим яйцом разрешено.","Разрешено владение яйцом дракона."
"mde_egg_access_gained_interface_tt","localization/replace/english/mde_demand_egg_events_l_english.yml","85","localization/russian/mde_demand_egg_events_l_russian.yml","85","[recipient.GetFullName] will be impervious to our ability to claim their dragon eggs!","[recipient.GetFullName] будет защищён от наших претензий на драконьи яйца.","[recipient.GetFullName] станет неуязвим для наших претензий на его драконьи яйца!"
"mde_egg_access_removed","localization/replace/english/mde_demand_egg_events_l_english.yml","64","localization/russian/mde_demand_egg_events_l_russian.yml","64","Denied dragon egg possession.","Владение драконьим яйцом запрещено.","Запрещено владение яйцом дракона."
"mde_egg_access_removed_interface_tt","localization/replace/english/mde_demand_egg_events_l_english.yml","86","localization/russian/mde_demand_egg_events_l_russian.yml","86","We will be able to legally demand any dragon eggs in [recipient.GetFullName]'s possession!","Мы сможем законно требовать любые драконьи яйца во владении [recipient.GetFullName].","Мы сможем законно требовать любые драконьи яйца во владении [recipient.GetFullName]!"
"mde_egg_msg_found_intro","localization/replace/english/more_dragon_eggs_events_l_english.yml","163",,,"Whispers of a remarkable discovery race through the harbors and market squares:\n\n",,
"mde_egg_msg_found_outro","localization/replace/english/more_dragon_eggs_events_l_english.yml","164",,,"\n\nMany wonder whether it will ever hatch, and what [mde_egg_owner.GetSheHe] will do with it if it does.",,
"mde_egg_owner","localization/replace/english/more_dragon_eggs_ui_l_english.yml","42",,,"[AGOTGetName(Artifact.GetOwner)|V][AddLocalizationIf(GetScriptedGui('mde_is_dragonkeeper').IsShown( GuiScope.SetRoot( Artifact.GetOwner.MakeScope ).End ), 'mde_dragonkeeper_liege')]",,
"mde_egg_toast_clutch","localization/replace/english/more_dragon_eggs_events_l_english.yml","166",,,"Word travels from keep to harbor on the wings of ravens and the tongues of sailors: a dragon has laid eggs!\n\n[dragon_parent.GetName], the [dragon_parent.Custom('GetDragonColorFull')] beast, has laid a clutch for [mde_egg_owner.GetTitledFirstName], including this [mde_toast_egg.GetName].\n\nIf they hatch, the world will have more dragons to fear.",,
"mde_egg_toast_clutch_t","localization/replace/english/more_dragon_eggs_events_l_english.yml","165",,,"[dragon_parent.GetNameNoTooltip] Lays a Clutch",,
"mde_egg_toast_expedition_adventure","localization/replace/english/more_dragon_eggs_events_l_english.yml","185",,,"Travelers and sellswords spread the news of a daring adventure come home:\n\nAn expedition funded by [mde_egg_owner.GetTitledFirstName] has returned with [mde_toast_egg.GetName].\n\nWhere it was found, the adventurers are keeping to themselves.",,
"mde_egg_toast_expedition_t","localization/replace/english/more_dragon_eggs_events_l_english.yml","183",,,"[mde_egg_owner.GetFirstNameNoTooltip] Returns with a Dragon Egg",,
"mde_egg_toast_expedition_trade","localization/replace/english/more_dragon_eggs_events_l_english.yml","186",,,"Merchants and ship captains speak of little else:\n\nA trade expedition funded by [mde_egg_owner.GetTitledFirstName] has returned from distant lands with [mde_toast_egg.GetName] among its cargo.\n\nNo price, they say, could match what it is worth.",,
"mde_egg_toast_expedition_valyria","localization/replace/english/more_dragon_eggs_events_l_english.yml","184",,,"Sailors who swear they saw the Smoking Sea with their own eyes tell the same astonishing story in every harbor:\n\n[mde_egg_owner.GetTitledFirstName] has returned from the ruins of Valyria bearing [mde_toast_egg.GetName].\n\nFew who sail for the Fourteen Flames ever return, and fewer still return with treasure.",,
"mde_egg_toast_market","localization/replace/english/more_dragon_eggs_events_l_english.yml","190",,,"Merchants in the great markets of the east are abuzz:\n\n[mde_toast_egg.GetName] has appeared among the wares of the artifact market, waiting for a buyer rich enough to claim it.",,
"mde_egg_toast_market_t","localization/replace/english/more_dragon_eggs_events_l_english.yml","189",,,"A Dragon Egg for Sale",,
"mde_egg_toast_other","localization/replace/english/more_dragon_eggs_events_l_english.yml","192",,,"Rumor spreads through the harbors and merchant halls:\n\n[mde_toast_egg.GetName] has come into the hands of [mde_egg_owner.GetTitledFirstName].",,
"mde_egg_toast_other_t","localization/replace/english/more_dragon_eggs_events_l_english.yml","191",,,"A Dragon Egg Surfaces",,
"mde_egg_toast_pickup_dragonstone","localization/replace/english/more_dragon_eggs_events_l_english.yml","171",,,"$mde_egg_msg_found_intro$[mde_egg_owner.GetTitledFirstName] has found [mde_toast_egg.GetName] in the caves of Dragonstone.$mde_egg_msg_found_outro$",,
"mde_egg_toast_pickup_hellholt","localization/replace/english/more_dragon_eggs_events_l_english.yml","174",,,"$mde_egg_msg_found_intro$[mde_egg_owner.GetTitledFirstName] has found [mde_toast_egg.GetName] among the remains of Meraxes at Hellholt.$mde_egg_msg_found_outro$",,
"mde_egg_toast_pickup_isle_of_faces","localization/replace/english/more_dragon_eggs_events_l_english.yml","170",,,"$mde_egg_msg_found_intro$[mde_egg_owner.GetTitledFirstName] has found [mde_toast_egg.GetName] on the Isle of Faces.$mde_egg_msg_found_outro$",,
"mde_egg_toast_pickup_old_wyk","localization/replace/english/more_dragon_eggs_events_l_english.yml","173",,,"$mde_egg_msg_found_intro$[mde_egg_owner.GetTitledFirstName] has found [mde_toast_egg.GetName] at Nagga's Hill on Old Wyk.$mde_egg_msg_found_outro$",,
"mde_egg_toast_pickup_qohor_road","localization/replace/english/more_dragon_eggs_events_l_english.yml","176",,,"$mde_egg_msg_found_intro$[mde_egg_owner.GetTitledFirstName] has found [mde_toast_egg.GetName] along the old road from Qohor to Valyria.$mde_egg_msg_found_outro$",,
"mde_egg_toast_pickup_red_lake","localization/replace/english/more_dragon_eggs_events_l_english.yml","177",,,"$mde_egg_msg_found_intro$[mde_egg_owner.GetTitledFirstName] has found [mde_toast_egg.GetName] in Silverwing's lair at the Red Lake.$mde_egg_msg_found_outro$",,
"mde_egg_toast_pickup_skagos","localization/replace/english/more_dragon_eggs_events_l_english.yml","168",,,"$mde_egg_msg_found_intro$[mde_egg_owner.GetTitledFirstName] has found [mde_toast_egg.GetName] in the Cannibal's lair on Skagos.$mde_egg_msg_found_outro$",,
"mde_egg_toast_pickup_spicetown","localization/replace/english/more_dragon_eggs_events_l_english.yml","172",,,"$mde_egg_msg_found_intro$[mde_egg_owner.GetTitledFirstName] has found [mde_toast_egg.GetName] deep in the ruins of Spicetown.$mde_egg_msg_found_outro$",,
"mde_egg_toast_pickup_summerhall","localization/replace/english/more_dragon_eggs_events_l_english.yml","179",,,"$mde_egg_msg_found_intro$[mde_egg_owner.GetTitledFirstName] has found [mde_toast_egg.GetName] in the ruins of Summerhall.$mde_egg_msg_found_outro$",,
"mde_egg_toast_pickup_t","localization/replace/english/more_dragon_eggs_events_l_english.yml","167",,,"[mde_egg_owner.GetFirstNameNoTooltip] Finds a Dragon Egg!",,
"mde_egg_toast_pickup_vale","localization/replace/english/more_dragon_eggs_events_l_english.yml","169",,,"$mde_egg_msg_found_intro$[mde_egg_owner.GetTitledFirstName] has found [mde_toast_egg.GetName] in the Cave of the Fire Witch, high in the Mountains of the Moon.$mde_egg_msg_found_outro$",,
"mde_egg_toast_pickup_volantis","localization/replace/english/more_dragon_eggs_events_l_english.yml","175",,,"$mde_egg_msg_found_intro$[mde_egg_owner.GetTitledFirstName] has found [mde_toast_egg.GetName] at an abandoned Valyrian camp near Volantis.$mde_egg_msg_found_outro$",,
"mde_egg_toast_pickup_winterfell","localization/replace/english/more_dragon_eggs_events_l_english.yml","178",,,"$mde_egg_msg_found_intro$[mde_egg_owner.GetTitledFirstName] has found [mde_toast_egg.GetName] in the crypts of Winterfell.$mde_egg_msg_found_outro$",,
"mde_egg_toast_restoration_spicetown","localization/replace/english/more_dragon_eggs_events_l_english.yml","182",,,"Stonemasons and laborers carry the tale from the ruins of Spicetown to every port on Blackwater Bay:\n\nWhile clearing the burned-out halls, the workers restoring the town unearthed [mde_toast_egg.GetName], now in the hands of [mde_egg_owner.GetTitledFirstName].\n\nThe smallfolk whisper that the ghosts of the Gullet have finally given something back.",,
"mde_egg_toast_restoration_summerhall","localization/replace/english/more_dragon_eggs_events_l_english.yml","181",,,"Stonemasons and laborers carry the tale from the ruins of Summerhall to every inn along the Kingsroad:\n\nWhile clearing the rubble, the workers restoring the palace unearthed [mde_toast_egg.GetName], now in the hands of [mde_egg_owner.GetTitledFirstName].\n\nSome call it a blessing. Others say nothing good ever came out of Summerhall.",,
"mde_egg_toast_restoration_t","localization/replace/english/more_dragon_eggs_events_l_english.yml","180",,,"A Dragon Egg Beneath the Rubble",,
"mde_egg_toast_secret_hightower","localization/replace/english/more_dragon_eggs_events_l_english.yml","188",,,"Gossip spreads from the halls of Oldtown to every corner of the realm:\n\nHouse Hightower has long hidden a dragon egg, and [mde_egg_owner.GetTitledFirstName] has now brought [mde_toast_egg.GetName] out into the light.\n\nThe maesters of the Citadel are said to be most displeased.",,
"mde_egg_toast_secret_t","localization/replace/english/more_dragon_eggs_events_l_english.yml","187",,,"The Hightower's Hidden Egg",,
"mde_grant_egg_permission","localization/replace/english/mde_demand_egg_events_l_english.yml","81","localization/russian/mde_demand_egg_events_l_russian.yml","81","Permit Dragon Egg Possession","Разрешить владение драконьим яйцом","Разрешить владение драконьим яйцом"
"mde_grant_egg_permission_desc","localization/replace/english/mde_demand_egg_events_l_english.yml","82","localization/russian/mde_demand_egg_events_l_russian.yml","82","This person will be legally authorized to possess Dragon Eggs!","Это лицо получит законное право владеть драконьими яйцами.","Это лицо получит законное право владеть драконьими яйцами!"
"mde_include_egg","localization/replace/english/agot/agot_artifacts/mde_artifacts_l_english.yml","4","localization/russian/mde_demand_egg_events_l_russian.yml","96","Include","Включить","Включить"
"mde_is_kingsguard","localization/replace/english/more_dragon_eggs_ui_l_english.yml","12","localization/russian/more_dragon_eggs_ui_l_russian.yml","9","[Character.Custom('KingsguardName')]","[Character.Custom('KingsguardName')]",
"mde_is_lord_commander","localization/replace/english/more_dragon_eggs_ui_l_english.yml","11","localization/russian/more_dragon_eggs_ui_l_russian.yml","8","Lord Commander of the [Character.Custom('KingsguardName')]","Лорд-командующий [Character.Custom('KingsguardName')]",
"mde_kingsguard_white_book_tt","localization/replace/english/more_dragon_eggs_ui_l_english.yml","120",,,"#T The White Book#!\nOpen the White Book of the Kingsguard.",,
"mde_lineage_and_embryo","localization/replace/english/agot/agot_artifacts/mde_artifacts_l_english.yml","236",,,"[Artifact.Custom('mde_dragon_parent_localization')] [Artifact.Custom('mde_dragon_embryo_line')]",,
"mde_menu_events.0002.t","localization/replace/english/more_dragon_eggs_ui_l_english.yml","32","localization/russian/more_dragon_eggs_ui_l_russian.yml","29","The [GetPlayer.Custom('mde_temp_kingsguard_gender_title_switch')]","[GetPlayer.Custom('mde_temp_kingsguard_gender_title_switch')]",
"mde_menu_events.0003.t","localization/replace/english/more_dragon_eggs_ui_l_english.yml","34","localization/russian/more_dragon_eggs_ui_l_russian.yml","32","Valyrian Steel","Валирийская сталь",
"MDE_MOVE_DRAGON_TT","localization/replace/english/more_dragon_eggs_ui_l_english.yml","71",,,"#I Move this dragon into, out of, or between a dragonpit#!",,
"mde_remove_egg_permission","localization/replace/english/mde_demand_egg_events_l_english.yml","83","localization/russian/mde_demand_egg_events_l_russian.yml","83","Forbid Dragon Egg Possession","Запретить владение драконьим яйцом","Запретить владение драконьим яйцом"
"mde_remove_egg_permission_desc","localization/replace/english/mde_demand_egg_events_l_english.yml","84","localization/russian/mde_demand_egg_events_l_russian.yml","84","Possession of Dragon Eggs by this person will be considered illegal!","Владение драконьими яйцами для этого лица будет считаться незаконным.","Владение драконьими яйцами этим лицом будет считаться незаконным!"
"MDE_RETURN_BUTTONS_TT","localization/replace/english/more_dragon_eggs_ui_l_english.yml","76",,,"#I Return button settings to default#!",,
"mde_start_demand_egg_event_chain","localization/replace/english/mde_demand_egg_events_l_english.yml","62","localization/russian/mde_demand_egg_events_l_russian.yml","62","@warning_icon!#X This will issue a demand to [recipient.GetFullName] to forfeit the egg!#","@warning_icon!#X Это выдвинет требование к [recipient.GetFullName] о передаче яйца!#!","@warning_icon!#X Это выдвинет требование к [recipient.GetFullName] о передаче яйца!#"
"mde_transfer_prison_egg_tt","localization/replace/english/mde_demand_egg_events_l_english.yml","90","localization/russian/mde_demand_egg_events_l_russian.yml","90","[actor.GetFullName] legally seized [target.GetName]!","[actor.GetFullName] законно изымает [target.GetName]!","[actor.GetNamePossessive] законно изъял [target.GetName]!"
"MDE_VERSION","localization/replace/english/more_dragon_eggs_ui_l_english.yml","74",,,"56",,
"MDE_VERSION_BUILD","localization/replace/english/more_dragon_eggs_ui_l_english.yml","73",,,"MDE Version: #color_yellow;bold $MDE_VERSION$#!",,
"MDE_VERSION_BUILD_TT","localization/replace/english/more_dragon_eggs_ui_l_english.yml","75",,,"For CK3 Version: #color_yellow;bold 1.19.0.6#! AGOT Version: #color_yellow;bold 0.5.2.1#!",,
"mde_view_dragon_blood_value","localization/replace/english/more_dragon_eggs_decisions_l_english.yml","59","localization/russian/more_dragon_eggs_decisions_l_russian.yml","85","[Character.MakeScope.ScriptValue('dragonblood_percent')]% Dragonblood","[Character.MakeScope.ScriptValue('dragonblood_percent')]% драконьей крови","[Character.MakeScope.ScriptValue('dragonblood_percent')]% Драконьей крови"
"meleys_desc","localization/replace/english/agot/agot_artifacts/mde_artifacts_l_english.yml","167",,,"Meleys",,
"menu_button_manager_text","localization/replace/english/more_dragon_eggs_ui_l_english.yml","7",,,"Toggle Menu Button",,
"menu_menu_host_only","localization/replace/english/more_dragon_eggs_ui_l_english.yml","110",,,"@warning_icon! #X The game is in multiplayer and you are not the host!#!",,
"menu_rule_can_children_be_landless","localization/replace/english/more_dragon_eggs_ui_l_english.yml","106",,,"Can Children Become Landless Adventurers",,
"menu_rule_can_hatch_multiple_dragons","localization/replace/english/more_dragon_eggs_ui_l_english.yml","78",,,"Hatch Multiple Eggs In A Ceremony",,
"menu_rule_can_landless_steal","localization/replace/english/more_dragon_eggs_ui_l_english.yml","107",,,"Landless Adventurer Stealing",,
"menu_rule_cannibal_instinct_odds","localization/replace/english/more_dragon_eggs_ui_l_english.yml","102",,,"Cannibal Instinct Event Odds",,
"menu_rule_canon_dragon_egg_hatch_likelihood","localization/replace/english/more_dragon_eggs_ui_l_english.yml","96",,,"Canon Dragon Egg Hatching Likelihood",,
"menu_rule_capture_dragon_time_limit","localization/replace/english/more_dragon_eggs_ui_l_english.yml","104",,,"Capture Dragon Time Limit",,
"menu_rule_cradle_hatch_likelihood_ai","localization/replace/english/more_dragon_eggs_ui_l_english.yml","93",,,"AI Cradled Egg Hatching",,
"menu_rule_cradle_hatch_likelihood_player","localization/replace/english/more_dragon_eggs_ui_l_english.yml","92",,,"Player Cradled Egg Hatching Likelihood",,
"menu_rule_dragon_egg_clutch_frequency","localization/replace/english/more_dragon_eggs_ui_l_english.yml","98",,,"Player Owned Dragon Egg Clutch Frequency",,
"menu_rule_dragon_egg_clutch_frequency_ai","localization/replace/english/more_dragon_eggs_ui_l_english.yml","99",,,"AI Owned Dragon Egg Clutch Frequency",,
"menu_rule_dragon_egg_clutch_size","localization/replace/english/more_dragon_eggs_ui_l_english.yml","97",,,"Dragon Egg Clutch Size",,
"menu_rule_dragon_egg_spawn_likelihood_ai","localization/replace/english/more_dragon_eggs_ui_l_english.yml","82",,,"AI Dragon Egg Map Spawn",,
"menu_rule_dragon_egg_spawn_likelihood_player","localization/replace/english/more_dragon_eggs_ui_l_english.yml","81",,,"Player Dragon Egg Map Spawn",,
"menu_rule_dragon_gene_frequency","localization/replace/english/more_dragon_eggs_ui_l_english.yml","100",,,"Dragon Genetic Trait Frequency",,
"menu_rule_dragon_gene_frequency_naughty_or_nice","localization/replace/english/more_dragon_eggs_ui_l_english.yml","101",,,"Dragon Genetic Trait Frequency Application",,
"menu_rule_dragon_hatching_success_chance","localization/replace/english/more_dragon_eggs_ui_l_english.yml","79",,,"Dragon Hatching Success Chance",,
"menu_rule_extant_hatching_ceremonies","localization/replace/english/more_dragon_eggs_ui_l_english.yml","80",,,"Are Hatching Ceremonies Always Available",,
"menu_rule_mde_egg_notifications","localization/replace/english/more_dragon_eggs_ui_l_english.yml","108",,,"Dragon Egg Notifications",,
"menu_rule_pit_hatch_likelihood_ai","localization/replace/english/more_dragon_eggs_ui_l_english.yml","95",,,"AI Pitted Egg Hatching",,
"menu_rule_pit_hatch_likelihood_player","localization/replace/english/more_dragon_eggs_ui_l_english.yml","94",,,"Player Pitted Egg Hatching",,
"menu_rule_ride_dragon_decision_cooldown","localization/replace/english/more_dragon_eggs_ui_l_english.yml","103",,,"Ride Dragon Decision Cooldown",,
"menu_rule_spawn_cannibal_egg","localization/replace/english/more_dragon_eggs_ui_l_english.yml","83",,,"Spawn Cannibal Egg",,
"menu_rule_spawn_dragonstone_eggs","localization/replace/english/more_dragon_eggs_ui_l_english.yml","91",,,"Spawn Dragonstone Eggs",,
"menu_rule_spawn_meraxes_egg","localization/replace/english/more_dragon_eggs_ui_l_english.yml","88",,,"Spawn Meraxes Egg",,
"menu_rule_spawn_moondancer_egg","localization/replace/english/more_dragon_eggs_ui_l_english.yml","86",,,"Spawn Moondancer Egg",,
"menu_rule_spawn_nagga_egg","localization/replace/english/more_dragon_eggs_ui_l_english.yml","87",,,"Spawn Nagga Egg",,
"menu_rule_spawn_pythax_egg","localization/replace/english/more_dragon_eggs_ui_l_english.yml","89",,,"Spawn Pythax Egg",,
"menu_rule_spawn_sheepstealer_egg","localization/replace/english/more_dragon_eggs_ui_l_english.yml","84",,,"Spawn Sheepstealer Egg",,
"menu_rule_spawn_vassarion_egg","localization/replace/english/more_dragon_eggs_ui_l_english.yml","90",,,"Spawn Vassarion Egg",,
"menu_rule_spawn_vhagar_egg","localization/replace/english/more_dragon_eggs_ui_l_english.yml","85",,,"Spawn Vhagar Egg",,
"menu_rule_stepstone_invasion_frequency","localization/replace/english/more_dragon_eggs_ui_l_english.yml","105",,,"Stepstone Adventurer Invasion Frequency",,
"menu_viewer.t","localization/replace/english/more_dragon_eggs_ui_l_english.yml","49",,,"MDE Menu",,
"meraxes_desc","localization/replace/english/agot/agot_artifacts/mde_artifacts_l_english.yml","163",,,"Meraxes",,
"message_filter_dragon_egg_created","localization/replace/english/more_dragon_eggs_ui_l_english.yml","122",,,"@dragon_icon! Dragon Egg Found",,
"message_filter_dragon_egg_created_desc","localization/replace/english/more_dragon_eggs_ui_l_english.yml","123",,,"A [dragon|E] egg has been laid, found or brought into the world",,
"moondancer_desc","localization/replace/english/agot/agot_artifacts/mde_artifacts_l_english.yml","179",,,"Moondancer",,
"more_eggs_debug_decision_tooltip","localization/replace/english/more_dragon_eggs_decisions_l_english.yml","14","localization/russian/more_dragon_eggs_decisions_l_russian.yml","34","Concubines await","Открыть отладочные действия More Dragon Eggs.","Наложницы ждут"
"morghul_desc","localization/replace/english/agot/agot_artifacts/mde_artifacts_l_english.yml","182",,,"Morghul",,
"morning_desc","localization/replace/english/agot/agot_artifacts/mde_artifacts_l_english.yml","183",,,"Morning",,
"mountains_of_the_vale_desc","localization/replace/english/more_dragon_eggs_travel_l_english.yml","9","localization/russian/more_dragon_eggs_travel_l_russian.yml","9","This are of the Mountains of the Vale is inhabited by the fire tribes, who are rumored to have worshipped a mysterious fire witch.","Эту область Лунных гор населяют горные кланы, которые, по слухам, поклонялись таинственной огненной ведьме.","Эта область Гор Долины населена огненными племенами, которые, по слухам, поклонялись таинственной огненной ведьме."
"mountains_of_the_vale_name","localization/replace/english/more_dragon_eggs_travel_l_english.yml","6","localization/russian/more_dragon_eggs_travel_l_russian.yml","6","The Mountains of the Vale","Лунные горы","Горы Долины"
"move_dragon.t","localization/replace/english/more_dragon_eggs_ui_l_english.yml","60",,,"Move [GetPlayer.MakeScope.Var('sgui_selected_dragon').GetCharacter.GetName]",,
"move_dragon_dragonpit_tooltip","localization/replace/english/more_dragon_eggs_decisions_l_english.yml","5","localization/russian/more_dragon_eggs_decisions_l_russian.yml","7","I like to move it move it! I like to, move it!","Открыть меню перемещения дракона.","Я люблю двигать его, двигать! Я люблю... двигать!"
"move_dragon_into.t","localization/replace/english/more_dragon_eggs_ui_l_english.yml","61",,,"Move Dragon to [GetPlayer.MakeScope.Var('viewing_county_mover').Title.GetNameNoTier]",,
"nagga_desc","localization/replace/english/agot/agot_artifacts/mde_artifacts_l_english.yml","221",,,"Nagga",,
"neltharion_desc","localization/replace/english/agot/agot_artifacts/mde_artifacts_l_english.yml","219",,,"Neltharion",,
"nessarion_desc","localization/replace/english/agot/agot_artifacts/mde_artifacts_l_english.yml","160",,,"Nessarion",,
"nick_mde_dragonborn","localization/replace/english/more_dragon_eggs_titles_l_english.yml","3","localization/russian/more_dragon_eggs_titles_l_russian.yml","7","Dragonborn","Драконорождённый",
"nick_mde_dragonborn_desc","localization/replace/english/more_dragon_eggs_titles_l_english.yml","4","localization/russian/more_dragon_eggs_titles_l_russian.yml","8","[CHARACTER.GetShortUINameNoTooltipNoFormat|U] [CharWereWas(CHARACTER)] born on the night that came alive with the music of dragons.","[CHARACTER.GetShortUINameNoTooltipNoFormat|U] [CharWereWas(CHARACTER)] рождён в ночь, ожившую от музыки драконов.",
"nightfyre_desc","localization/replace/english/agot/agot_artifacts/mde_artifacts_l_english.yml","185",,,"Nightfyre",,
"NO_DRAGONPITS_TOOLTIP","localization/replace/english/more_dragon_eggs_ui_l_english.yml","16","localization/russian/more_dragon_eggs_ui_l_russian.yml","13","@warning_icon! #X You have no access to any active dragonpits!#","@warning_icon! #X У вас нет доступа ни к одной действующей драконьей яме!#!",
"NO_DRAGONS_TOOLTIP","localization/replace/english/more_dragon_eggs_ui_l_english.yml","14","localization/russian/more_dragon_eggs_ui_l_russian.yml","11","@warning_icon! #X There are no living dragons!#","@warning_icon! #X В мире нет живых драконов!#!",
"NO_EGG_TOOLTIP","localization/replace/english/more_dragon_eggs_ui_l_english.yml","15","localization/russian/more_dragon_eggs_ui_l_russian.yml","12","@warning_icon! #X There are no eggs known in the world!#","@warning_icon! #X В мире неизвестно ни одного драконьего яйца!#!",
"NO_KINGSGUARD_TOOLTIP","localization/replace/english/more_dragon_eggs_ui_l_english.yml","17","localization/russian/more_dragon_eggs_ui_l_russian.yml","14","@warning_icon! #X The Kingsguard does not exist!#","@warning_icon! #X Королевская гвардия не существует!#!",
"NO_VALYRIAN_STEEL_TOOLTIP","localization/replace/english/more_dragon_eggs_ui_l_english.yml","18","localization/russian/more_dragon_eggs_ui_l_russian.yml","15","@warning_icon! #X There is no Valyrian Steel known in the world!#","@warning_icon! #X В мире неизвестно ни одного изделия из валирийской стали!#!",
"num_dragons_in_pit","localization/replace/english/more_dragon_eggs_ui_l_english.yml","54",,,"Number of Dragons: [Title.MakeScope.ScriptValue('pit_has_this_many_dragons')|0]",,
"num_dragons_in_this_coop","localization/replace/english/more_dragon_eggs_ui_l_english.yml","56",,,"Dragons in the Dragoncoop: [GetPlayer.MakeScope.Var('viewing_county').Title.MakeScope.ScriptValue('pit_has_this_many_dragons')|0]",,
"num_dragons_in_this_pit","localization/replace/english/more_dragon_eggs_ui_l_english.yml","55",,,"Dragons in the [GetPlayer.MakeScope.Var('viewing_county').Title.GetProvince.Custom('mde_dragonpit_type_custom_loc')]: [GetPlayer.MakeScope.Var('viewing_county').Title.MakeScope.ScriptValue('pit_has_this_many_dragons')|0]",,
"num_eggs_in_pit","localization/replace/english/more_dragon_eggs_ui_l_english.yml","57",,,"Number of Eggs: [Title.GetHolder.MakeScope.ScriptValue('pit_has_this_many_eggs')|0]",,
"num_eggs_in_this_pit","localization/replace/english/more_dragon_eggs_ui_l_english.yml","58",,,"Pitted Dragon Eggs: [GetPlayer.MakeScope.Var('viewing_county').Title.GetHolder.MakeScope.ScriptValue('pit_has_this_many_eggs')|0]",,
"num_tamers_in_this_pit","localization/replace/english/more_dragon_eggs_ui_l_english.yml","59",,,"Authorized Tamers: [GetPlayer.MakeScope.Var('viewing_county').Title.MakeScope.ScriptValue('pit_has_this_many_tamers')|0]",,
"pythax_desc","localization/replace/english/agot/agot_artifacts/mde_artifacts_l_english.yml","220",,,"Pythax",,
"quicksilver_desc","localization/replace/english/agot/agot_artifacts/mde_artifacts_l_english.yml","164",,,"Quicksilver",,
"RETRIEVE_EGG","localization/replace/english/more_dragon_eggs_ui_l_english.yml","64",,,"#I Retrieve Egg #!",,
"RETRIEVE_EGGS","localization/replace/english/more_dragon_eggs_ui_l_english.yml","65",,,"#I Retrieve All Eggs #!",,
"rhaegal_desc","localization/replace/english/agot/agot_artifacts/mde_artifacts_l_english.yml","190",,,"Rhaegal",,
"rovax_desc","localization/replace/english/agot/agot_artifacts/mde_artifacts_l_english.yml","218",,,"Rovax",,
"rule_can_children_be_landless","localization/replace/english/more_dragon_eggs_gamerules_l_english.yml","479","localization/russian/more_dragon_eggs_gamerules_l_russian.yml","392","@mde_icon!Can Children Become Landless Adventurers","@mde_icon!Дети как безземельные авантюристы","@dragon_destined_icon! More Dragon Eggs - Дети как безземельные авантюристы"
"rule_can_hatch_multiple_dragons","localization/replace/english/more_dragon_eggs_gamerules_l_english.yml","26","localization/russian/more_dragon_eggs_gamerules_l_russian.yml","26","@mde_icon!@hatching_icon!Hatch Multiple Eggs In A Ceremony","@mde_icon!@hatching_icon!Выведение нескольких драконов за церемонию","@dragon_destined_icon! More Dragon Eggs — Вылупление нескольких яиц в церемонии"
"rule_can_landless_steal","localization/replace/english/more_dragon_eggs_gamerules_l_english.yml","490","localization/russian/more_dragon_eggs_gamerules_l_russian.yml","403","@mde_icon!Landless Adventurer Stealing","@mde_icon!Кража артефактов безземельными авантюристами","@dragon_destined_icon! More Dragon Eggs - Кража артефактов"
"rule_cannibal_instinct_odds","localization/replace/english/more_dragon_eggs_gamerules_l_english.yml","366","localization/russian/more_dragon_eggs_gamerules_l_russian.yml","280","@mde_icon!@dragon_icon!Cannibal Instinct Event Odds","@mde_icon!@dragon_icon!Шансы события «Инстинкт Каннибала»","@dragon_destined_icon! Шансы события 'Инстинкт Каннибала'"
"rule_canon_dragon_egg_clutch_blocker","localization/replace/english/more_dragon_eggs_gamerules_l_english.yml","339","localization/russian/more_dragon_eggs_gamerules_l_russian.yml","253","@mde_icon!@dragon_icon!@white_dragon_egg_icon!Canon Dragon Egg Clutch Blocker","@mde_icon!@dragon_icon!@white_dragon_egg_icon!Блокировка канонических кладок драконьих яиц",
"rule_canon_dragon_egg_clutch_spawns","localization/replace/english/more_dragon_eggs_gamerules_l_english.yml","330","localization/russian/more_dragon_eggs_gamerules_l_russian.yml","244","@mde_icon!@dragon_icon!@white_dragon_egg_icon!Canon Dragon Egg Clutches","@mde_icon!@dragon_icon!@white_dragon_egg_icon!Канонические кладки драконьих яиц",
"rule_canon_dragon_egg_hatch_likelihood","localization/replace/english/more_dragon_eggs_gamerules_l_english.yml","282","localization/russian/more_dragon_eggs_gamerules_l_russian.yml","198","@mde_icon!@white_dragon_egg_icon! Canon Dragon Egg Hatching Likelihood","@mde_icon!@white_dragon_egg_icon!Вероятность выведения канонических драконов из яиц","@dragon_destined_icon! More Dragon Eggs - Вероятность вылупления канонических яиц"
"rule_capture_dragon_time_limit","localization/replace/english/more_dragon_eggs_gamerules_l_english.yml","403","localization/russian/more_dragon_eggs_gamerules_l_russian.yml","317","@mde_icon!@dragon_icon!Capture Dragon Time Limit","@mde_icon!@dragon_icon!Задержка поимки дракона","@dragon_destined_icon! Ограничение времени поимки дракона"
"rule_cradle_egg_hatch_likelihood_ai","localization/replace/english/more_dragon_eggs_gamerules_l_english.yml","227",,,"@mde_icon!@white_dragon_egg_icon!AI Cradled Egg Hatching Likelihood",,"@dragon_destined_icon! More Dragon Eggs - Вероятность вылупления яиц в колыбели (ИИ)"
"rule_cradle_egg_hatch_likelihood_player","localization/replace/english/more_dragon_eggs_gamerules_l_english.yml","210",,,"@mde_icon!@white_dragon_egg_icon!Player Cradled Egg Hatching Likelihood",,"@dragon_destined_icon! More Dragon Eggs - Вероятность вылупления яиц в колыбели (Игрок)"
"rule_dragon_egg_clutch_frequency","localization/replace/english/more_dragon_eggs_gamerules_l_english.yml","308","localization/russian/more_dragon_eggs_gamerules_l_russian.yml","222","@mde_icon!@dragon_icon!@white_dragon_egg_icon!Player Owned Dragon Egg Clutch Frequency","@mde_icon!@dragon_icon!@white_dragon_egg_icon!Частота кладок у драконов игрока","@dragon_destined_icon! More Dragon Eggs - Частота кладок (Игрок)"
"rule_dragon_egg_clutch_frequency_ai","localization/replace/english/more_dragon_eggs_gamerules_l_english.yml","319","localization/russian/more_dragon_eggs_gamerules_l_russian.yml","233","@mde_icon!@dragon_icon!@white_dragon_egg_icon!AI Owned Dragon Egg Clutch Frequency","@mde_icon!@dragon_icon!@white_dragon_egg_icon!Частота кладок у драконов ИИ","@dragon_destined_icon! More Dragon Eggs - Частота кладок (ИИ)"
"rule_dragon_egg_clutch_size","localization/replace/english/more_dragon_eggs_gamerules_l_english.yml","297","localization/russian/more_dragon_eggs_gamerules_l_russian.yml","211","@mde_icon!@dragon_icon!@white_dragon_egg_icon!Dragon Egg Clutch Size","@mde_icon!@dragon_icon!@white_dragon_egg_icon!Размер кладки драконьих яиц","@dragon_destined_icon! More Dragon Eggs - Размер кладки"
"rule_dragon_egg_spawn_likelihood_ai","localization/replace/english/more_dragon_eggs_gamerules_l_english.yml","94",,,"@mde_icon!@iceFire_dragon_egg_icon!AI Dragon Egg Map Spawn",,
"rule_dragon_egg_spawn_likelihood_player","localization/replace/english/more_dragon_eggs_gamerules_l_english.yml","69",,,"@mde_icon!@iceFire_dragon_egg_icon!Player Dragon Egg Map Spawn",,"@dragon_destined_icon! More Dragon Eggs - Вероятность появления"
"rule_dragon_gene_frequency","localization/replace/english/more_dragon_eggs_gamerules_l_english.yml","346","localization/russian/more_dragon_eggs_gamerules_l_russian.yml","260","@mde_icon!@dragon_icon!Dragon Genetic Trait Frequency","@mde_icon!@dragon_icon!Частота генетических черт у драконов","@dragon_destined_icon! Частота генетических черт у драконов"
"rule_dragon_gene_frequency_naughty_or_nice","localization/replace/english/more_dragon_eggs_gamerules_l_english.yml","357","localization/russian/more_dragon_eggs_gamerules_l_russian.yml","271","@mde_icon!@dragon_icon!Dragon Genetic Trait Frequency Application","@mde_icon!@dragon_icon!Какие генетические черты затрагивает правило","@dragon_destined_icon! Применение частоты генетических черт драконов"
"rule_dragon_hatching_success_chance","localization/replace/english/more_dragon_eggs_gamerules_l_english.yml","43","localization/russian/more_dragon_eggs_gamerules_l_russian.yml","43","@mde_icon!@hatching_icon!Dragon Hatching Success Chance","@mde_icon!@hatching_icon!Шанс успешного выведения дракона","@dragon_destined_icon! More Dragon Eggs - Шанс успешного вылупления"
"rule_extant_hatching_ceremonies","localization/replace/english/more_dragon_eggs_gamerules_l_english.yml","62","localization/russian/more_dragon_eggs_gamerules_l_russian.yml","54","@mde_icon!@hatching_icon!Are Hatching Ceremonies Always Available","@mde_icon!@hatching_icon!Церемонии выведения всегда доступны","@dragon_destined_icon! Всегда доступны церемонии вылупления?"
"rule_maelys_hatching_success_chance","localization/replace/english/more_dragon_eggs_gamerules_l_english.yml","433","localization/russian/more_dragon_eggs_gamerules_l_russian.yml","346","@mde_icon!Maelys' Hatching Success Chance","@mde_icon!Шанс успеха у Мейлиса","@dragon_destined_icon! More Dragon Eggs Мейлис - Шанс успеха вылупления"
"rule_mde_buttons","localization/replace/english/more_dragon_eggs_gamerules_l_english.yml","17",,,"@mde_icon!@dragon_majestic_icon!More Dragon Eggs Extra UI",,"@dragon_destined_icon! Дополнительный интерфейс мода"
"rule_mde_egg_notifications","localization/replace/english/more_dragon_eggs_gamerules_l_english.yml","503",,,"@mde_icon!Dragon Egg Notifications",,"@dragon_destined_icon! More Dragon Eggs - Уведомления о драконьих яйцах"
"rule_pit_egg_hatch_likelihood_ai","localization/replace/english/more_dragon_eggs_gamerules_l_english.yml","263",,,"@mde_icon!@white_dragon_egg_icon!AI Pitted Egg Hatching Likelihood",,"@dragon_destined_icon! More Dragon Eggs - Вероятность вылупления яиц в драконьем логове (ИИ)"
"rule_pit_egg_hatch_likelihood_player","localization/replace/english/more_dragon_eggs_gamerules_l_english.yml","246",,,"@mde_icon!@white_dragon_egg_icon!Player Pitted Egg Hatching Likelihood",,"@dragon_destined_icon! More Dragon Eggs - Вероятность вылупления яиц в драконьем логове (Игрок)"
"rule_ride_dragon_decision_cooldown","localization/replace/english/more_dragon_eggs_gamerules_l_english.yml","381","localization/russian/more_dragon_eggs_gamerules_l_russian.yml","295","@mde_icon!@dragon_icon!Ride Dragon Decision Cooldown","@mde_icon!@dragon_icon!Задержка решения «Оседлать дракона»","@dragon_destined_icon! Время перезарядки решения 'Оседлать дракона'"
"rule_show_dragon_portrait_on_start","localization/replace/english/more_dragon_eggs_gamerules_l_english.yml","10","localization/russian/more_dragon_eggs_gamerules_l_russian.yml","9","@mde_icon!@dragon_majestic_icon!Show Dragon Portrait","@mde_icon!@dragon_majestic_icon!Показывать портрет дракона при старте",
"rule_spawn_cannibal_egg","localization/replace/english/more_dragon_eggs_gamerules_l_english.yml","119","localization/russian/more_dragon_eggs_gamerules_l_russian.yml","77","@mde_icon!@wildfire_dragon_egg_icon!Spawn Cannibal Egg","@mde_icon!@wildfire_dragon_egg_icon!Яйцо Каннибала","@dragon_destined_icon! More Dragon Eggs - Яйцо Каннибала"
"rule_spawn_dragonstone_eggs","localization/replace/english/more_dragon_eggs_gamerules_l_english.yml","184","localization/russian/more_dragon_eggs_gamerules_l_russian.yml","142","@mde_icon!@rainbow_dragon_egg_icon!Spawn Dragonstone Eggs","@mde_icon!@rainbow_dragon_egg_icon!Яйца Драконьего Камня","@dragon_destined_icon! More Dragon Eggs - Яйца Драконьего Камня"
"rule_spawn_hightower_egg","localization/replace/english/more_dragon_eggs_gamerules_l_english.yml","175","localization/russian/more_dragon_eggs_gamerules_l_russian.yml","133","@mde_icon!@blue_dragon_egg_icon!Spawn Hightower Egg","@mde_icon!@blue_dragon_egg_icon!Яйцо Хайтауэров","@dragon_destined_icon! More Dragon Eggs - Яйцо Хайтауэра"
"rule_spawn_meraxes_egg","localization/replace/english/more_dragon_eggs_gamerules_l_english.yml","154","localization/russian/more_dragon_eggs_gamerules_l_russian.yml","112","@mde_icon!@whitegold_dragon_egg_icon!Spawn Meraxes Egg","@mde_icon!@whitegold_dragon_egg_icon!Яйцо Мераксес","@mde_icon!@whitegold_dragon_egg_icon!Spawn Meraxes Egg"
"rule_spawn_moondancer_egg","localization/replace/english/more_dragon_eggs_gamerules_l_english.yml","140","localization/russian/more_dragon_eggs_gamerules_l_russian.yml","98","@mde_icon!@palebluepink_dragon_egg_icon!Spawn Moondancer Egg","@mde_icon!@palebluepink_dragon_egg_icon!Яйцо Лунной Плясуньи","@mde_icon!@palebluepink_dragon_egg_icon!Spawn Moondancer Egg"
"rule_spawn_nagga_egg","localization/replace/english/more_dragon_eggs_gamerules_l_english.yml","147","localization/russian/more_dragon_eggs_gamerules_l_russian.yml","105","@mde_icon!@darkblue_dragon_egg_icon!Spawn Nagga Egg","@mde_icon!@darkblue_dragon_egg_icon!Яйцо Нагги","@mde_icon!@darkblue_dragon_egg_icon!Spawn Nagga Egg"
"rule_spawn_pythax_egg","localization/replace/english/more_dragon_eggs_gamerules_l_english.yml","161","localization/russian/more_dragon_eggs_gamerules_l_russian.yml","119","@mde_icon!@darkpurple_dragon_egg_icon!Spawn Pythax Egg","@mde_icon!@darkpurple_dragon_egg_icon!Яйцо Питакса","@mde_icon!@darkpurple_dragon_egg_icon!Spawn Pythax Egg"
"rule_spawn_sheepstealer_egg","localization/replace/english/more_dragon_eggs_gamerules_l_english.yml","126","localization/russian/more_dragon_eggs_gamerules_l_russian.yml","84","@mde_icon!@brown_dragon_egg_icon!Spawn Sheepstealer Egg","@mde_icon!@brown_dragon_egg_icon!Яйцо Овцекрада","@dragon_destined_icon! More Dragon Eggs - Яйцо Похитителя Овец"
"rule_spawn_starting_eggs","localization/replace/english/more_dragon_eggs_gamerules_l_english.yml","199","localization/russian/more_dragon_eggs_gamerules_l_russian.yml","164","@mde_icon!@white_dragon_egg_icon!Spawn Starting Eggs","@mde_icon!@white_dragon_egg_icon!Стартовые драконьи яйца",
"rule_spawn_vassarion_egg","localization/replace/english/more_dragon_eggs_gamerules_l_english.yml","168","localization/russian/more_dragon_eggs_gamerules_l_russian.yml","126","@mde_icon!@gold_dragon_egg_icon!Spawn Vassarion Egg","@mde_icon!@gold_dragon_egg_icon!Яйцо Вассариона","@mde_icon!@gold_dragon_egg_icon!Spawn Vassarion Egg"
"rule_spawn_vhagar_egg","localization/replace/english/more_dragon_eggs_gamerules_l_english.yml","133","localization/russian/more_dragon_eggs_gamerules_l_russian.yml","91","@mde_icon!@vhagar_dragon_egg_icon!Spawn Vhagar Egg","@mde_icon!@vhagar_dragon_egg_icon!Яйцо Вхагар","@dragon_destined_icon! More Dragon Eggs - Яйцо Вхагар"
"rule_stepstone_invasion_frequency","localization/replace/english/more_dragon_eggs_gamerules_l_english.yml","464","localization/russian/more_dragon_eggs_gamerules_l_russian.yml","377","@mde_icon!Stepstone Adventurer Invasion Frequency","@mde_icon!Частота вторжений на Ступени","@dragon_destined_icon! More Dragon Eggs - Частота вторжений на Ступени"
"rule_summerhall_success_chance","localization/replace/english/more_dragon_eggs_gamerules_l_english.yml","418","localization/russian/more_dragon_eggs_gamerules_l_russian.yml","331","@mde_icon!Summerhall Success Chance","@mde_icon!Шанс успеха в Летнем замке","@dragon_destined_icon! More Dragon Eggs - Шанс успеха в Саммерхолле"
"rule_targaryen_exile_success_chance","localization/replace/english/more_dragon_eggs_gamerules_l_english.yml","453","localization/russian/more_dragon_eggs_gamerules_l_russian.yml","366","@mde_icon!Targaryen Exile Hatching Success Chance@drogon_dragon_egg_icon!@tan_dragon_egg_icon!@vhagar_dragon_egg_icon!","@mde_icon!Шанс успеха изгнанников-Таргариенов@drogon_dragon_egg_icon!@tan_dragon_egg_icon!@vhagar_dragon_egg_icon!","@mde_icon!Targaryen Exile Hatching Success Chance@drogon_dragon_egg_icon!@tan_dragon_egg_icon!@vhagar_dragon_egg_icon!"
"rule_use_dragon_pit_mover","localization/replace/english/more_dragon_eggs_gamerules_l_english.yml","3","localization/russian/more_dragon_eggs_gamerules_l_russian.yml","2","@mde_icon!@dragon_majestic_icon!Use The MDE Dragonpit Mover","@mde_icon!@dragon_majestic_icon!More Dragon Eggs — перемещение в драконью яму","@dragon_destined_icon! More Dragon Eggs — Использовать MDE Dragonpit Mover"
"rule_will_maelys_sacrifice","localization/replace/english/more_dragon_eggs_gamerules_l_english.yml","444","localization/russian/more_dragon_eggs_gamerules_l_russian.yml","357","@mde_icon!Will Maelys Sacrifce His Son","@mde_icon!Пожертвует ли Мейлис сыном","@dragon_destined_icon! More Dragon Eggs - Пожертвует ли Мейлис сыном"
"seasmoke_desc","localization/replace/english/agot/agot_artifacts/mde_artifacts_l_english.yml","171",,,"Seasmoke",,
"SEND_DRAGON","localization/replace/english/more_dragon_eggs_ui_l_english.yml","68",,,"#I Send Dragon To Dragonpit #!",,
"SEND_DRAGONS","localization/replace/english/more_dragon_eggs_ui_l_english.yml","69",,,"#I Send All Dragons To Dragonpit #!",,
"SEND_EGG","localization/replace/english/more_dragon_eggs_ui_l_english.yml","66",,,"#I Pit Egg #!",,
"SEND_EGGS","localization/replace/english/more_dragon_eggs_ui_l_english.yml","67",,,"#I Pit All Eggs #!",,
"serporoth_desc","localization/replace/english/agot/agot_artifacts/mde_artifacts_l_english.yml","192",,,"Serporoth",,
"setting_1_in_1200","localization/replace/english/more_dragon_eggs_gamerules_l_english.yml","71",,,"1/1200",,"Крайне маловероятные появления"
"setting_1_in_1200_ai","localization/replace/english/more_dragon_eggs_gamerules_l_english.yml","96",,,"1/1200",,
"setting_1_in_1200_ai_desc","localization/replace/english/more_dragon_eggs_gamerules_l_english.yml","108",,,"~1/1200 (0.083%) chance for any AI to pick up dragon eggs from a location or decision.",,
"setting_1_in_1200_desc","localization/replace/english/more_dragon_eggs_gamerules_l_english.yml","83",,,"~1/1200 (0.083%) chance for any player to pick up dragon eggs from a location or decision.",,"~1/1200 шанс для любого персонажа (включая ИИ, если не отключено) получить драконьи яйца через локации или решения."
"setting_1_in_150","localization/replace/english/more_dragon_eggs_gamerules_l_english.yml","75",,,"1/150",,
"setting_1_in_150_ai","localization/replace/english/more_dragon_eggs_gamerules_l_english.yml","100",,,"1/150",,
"setting_1_in_150_ai_desc","localization/replace/english/more_dragon_eggs_gamerules_l_english.yml","112",,,"~1/150 (0.667%) chance for any AI to pick up dragon eggs from a location or decision.",,
"setting_1_in_150_desc","localization/replace/english/more_dragon_eggs_gamerules_l_english.yml","87",,,"~1/150 (0.667%) chance for any player to pick up dragon eggs from a location or decision.",,
"setting_1_in_2","localization/replace/english/more_dragon_eggs_gamerules_l_english.yml","79",,,"1/2",,
"setting_1_in_2_ai","localization/replace/english/more_dragon_eggs_gamerules_l_english.yml","104",,,"1/2",,
"setting_1_in_2_ai_desc","localization/replace/english/more_dragon_eggs_gamerules_l_english.yml","116",,,"~1/2 (50%) chance for any AI to pick up dragon eggs from a location or decision.",,
"setting_1_in_2_desc","localization/replace/english/more_dragon_eggs_gamerules_l_english.yml","91",,,"~1/2 (50%) chance for any player to pick up dragon eggs from a location or decision.",,
"setting_1_in_25","localization/replace/english/more_dragon_eggs_gamerules_l_english.yml","77",,,"1/25",,
"setting_1_in_25_ai","localization/replace/english/more_dragon_eggs_gamerules_l_english.yml","102",,,"1/25",,
"setting_1_in_25_ai_desc","localization/replace/english/more_dragon_eggs_gamerules_l_english.yml","114",,,"~1/25 (4%) chance for any AI to pick up dragon eggs from a location or decision.",,
"setting_1_in_25_desc","localization/replace/english/more_dragon_eggs_gamerules_l_english.yml","89",,,"~1/25 (4%) chance for any player to pick up dragon eggs from a location or decision.",,
"setting_1_in_300","localization/replace/english/more_dragon_eggs_gamerules_l_english.yml","74",,,"1/300 (Default)",,
"setting_1_in_300_ai","localization/replace/english/more_dragon_eggs_gamerules_l_english.yml","99",,,"1/300 (Default)",,
"setting_1_in_300_ai_desc","localization/replace/english/more_dragon_eggs_gamerules_l_english.yml","111",,,"~1/300 (0.333%) chance for any AI to pick up dragon eggs from a location or decision. This is the default AGOT chance.",,
"setting_1_in_300_desc","localization/replace/english/more_dragon_eggs_gamerules_l_english.yml","86",,,"~1/300 (0.333%) chance for any player to pick up dragon eggs from a location or decision. This is the default AGOT chance.",,
"setting_1_in_5","localization/replace/english/more_dragon_eggs_gamerules_l_english.yml","78",,,"1/5",,
"setting_1_in_5_ai","localization/replace/english/more_dragon_eggs_gamerules_l_english.yml","103",,,"1/5",,
"setting_1_in_5_ai_desc","localization/replace/english/more_dragon_eggs_gamerules_l_english.yml","115",,,"~1/5 (20%) chance for any AI to pick up dragon eggs from a location or decision.",,
"setting_1_in_5_desc","localization/replace/english/more_dragon_eggs_gamerules_l_english.yml","90",,,"~1/5 (20%) chance for any player to pick up dragon eggs from a location or decision.",,
"setting_1_in_50","localization/replace/english/more_dragon_eggs_gamerules_l_english.yml","76",,,"1/50",,
"setting_1_in_50_ai","localization/replace/english/more_dragon_eggs_gamerules_l_english.yml","101",,,"1/50",,
"setting_1_in_50_ai_desc","localization/replace/english/more_dragon_eggs_gamerules_l_english.yml","113",,,"~1/50 (2%) chance for any AI to pick up dragon eggs from a location or decision.",,
"setting_1_in_50_desc","localization/replace/english/more_dragon_eggs_gamerules_l_english.yml","88",,,"~1/50 (2%) chance for any player to pick up dragon eggs from a location or decision.",,
"setting_1_in_600","localization/replace/english/more_dragon_eggs_gamerules_l_english.yml","73",,,"1/600",,
"setting_1_in_600_ai","localization/replace/english/more_dragon_eggs_gamerules_l_english.yml","98",,,"1/600",,
"setting_1_in_600_ai_desc","localization/replace/english/more_dragon_eggs_gamerules_l_english.yml","110",,,"~1/600 (0.167%) chance for any AI to pick up dragon eggs from a location or decision.",,
"setting_1_in_600_desc","localization/replace/english/more_dragon_eggs_gamerules_l_english.yml","85",,,"~1/600 (0.167%) chance for any player to pick up dragon eggs from a location or decision.",,
"setting_1_in_900","localization/replace/english/more_dragon_eggs_gamerules_l_english.yml","72",,,"1/900",,
"setting_1_in_900_ai","localization/replace/english/more_dragon_eggs_gamerules_l_english.yml","97",,,"1/900",,
"setting_1_in_900_ai_desc","localization/replace/english/more_dragon_eggs_gamerules_l_english.yml","109",,,"~1/900 (0.111%) chance for any AI to pick up dragon eggs from a location or decision.",,
"setting_1_in_900_desc","localization/replace/english/more_dragon_eggs_gamerules_l_english.yml","84",,,"~1/900 (0.111%) chance for any player to pick up dragon eggs from a location or decision.",,
"setting_absolute_spawn","localization/replace/english/more_dragon_eggs_gamerules_l_english.yml","80","localization/russian/more_dragon_eggs_gamerules_l_russian.yml","67","Player Guaranteed Spawns","Гарантировано","Гарантировано"
"setting_absolute_spawn_ai","localization/replace/english/more_dragon_eggs_gamerules_l_english.yml","105",,,"AI Guaranteed Spawns",,
"setting_absolute_spawn_ai_desc","localization/replace/english/more_dragon_eggs_gamerules_l_english.yml","117",,,"Guaranteed chance for the first AI character to visit these locations or take the decisions to pick up the dragon eggs.",,
"setting_absolute_spawn_desc","localization/replace/english/more_dragon_eggs_gamerules_l_english.yml","92","localization/russian/more_dragon_eggs_gamerules_l_russian.yml","75","Guaranteed chance for the first player to visit these locations or take the decisions to pick up the dragon eggs.","Первый посетитель соответствующих локаций или первый персонаж, принявший нужные решения, гарантированно получит драконьи яйца. Отключите яйца Драконьего Камня, иначе их станет слишком много.","Гарантированное получение яиц первым посетителем. Отключите яйца Драконьего Камня во избежание избытка."
"setting_can_children_be_landless_default","localization/replace/english/more_dragon_eggs_gamerules_l_english.yml","481","localization/russian/more_dragon_eggs_gamerules_l_russian.yml","394","Default","По умолчанию","По умолчанию"
"setting_can_children_be_landless_default_desc","localization/replace/english/more_dragon_eggs_gamerules_l_english.yml","486","localization/russian/more_dragon_eggs_gamerules_l_russian.yml","399","The vanilla settings will be used regarding he event on succession that makes a random child a landless adventurer.","Стандартные настройки игры для этого события.","Стандартные настройки игры для этого события."
"setting_can_children_be_landless_never","localization/replace/english/more_dragon_eggs_gamerules_l_english.yml","480","localization/russian/more_dragon_eggs_gamerules_l_russian.yml","393","Never","Никогда","Никогда"
"setting_can_children_be_landless_never_desc","localization/replace/english/more_dragon_eggs_gamerules_l_english.yml","485","localization/russian/more_dragon_eggs_gamerules_l_russian.yml","398","The event on succession that makes a random child a landless adventurer will no longer fire.","Событие наследования, превращающее случайного ребёнка в безземельного авантюриста, не будет происходить.","Событие о наследовании, делающее случайного ребёнка безземельным авантюристом, не будет срабатывать."
"setting_can_children_be_landless_not_dragonrider","localization/replace/english/more_dragon_eggs_gamerules_l_english.yml","482","localization/russian/more_dragon_eggs_gamerules_l_russian.yml","395","Not Dragonriders","Не наездники драконов","Не наездники драконов"
"setting_can_children_be_landless_not_dragonrider_desc","localization/replace/english/more_dragon_eggs_gamerules_l_english.yml","487","localization/russian/more_dragon_eggs_gamerules_l_russian.yml","400","Dragonriders will not be considered eligible to become landless adventurers through the event.","Наездники драконов не смогут стать безземельными авантюристами из-за этого события.","Наездники драконов не могут стать безземельными авантюристами через это событие."
"setting_can_children_be_landless_not_targaryen","localization/replace/english/more_dragon_eggs_gamerules_l_english.yml","483","localization/russian/more_dragon_eggs_gamerules_l_russian.yml","396","Not Targaryens","Не Таргариены","Не Таргариены"
"setting_can_children_be_landless_not_targaryen_desc","localization/replace/english/more_dragon_eggs_gamerules_l_english.yml","488","localization/russian/more_dragon_eggs_gamerules_l_russian.yml","401","Members of house Targaryen will not be considered eligible to become landless adventurers through the event.","Члены дома Таргариенов не смогут стать безземельными авантюристами из-за этого события.","Члены дома Таргариенов не могут стать безземельными авантюристами через это событие."
"setting_can_hatch_multiple_dragons_no","localization/replace/english/more_dragon_eggs_gamerules_l_english.yml","27","localization/russian/more_dragon_eggs_gamerules_l_russian.yml","27","It Will Not Be Possible","Невозможно","Будет невозможно"
"setting_can_hatch_multiple_dragons_no_desc","localization/replace/english/more_dragon_eggs_gamerules_l_english.yml","35","localization/russian/more_dragon_eggs_gamerules_l_russian.yml","35","There will be no chance that any other egg than the selected one will hatch from a successful hatching.","При успешной церемонии дракон появится только из выбранного яйца. Остальные яйца не получат шанса.","Только выбранное яйцо может вылупиться. Остальные яйца не получат шанса."
"setting_can_hatch_multiple_dragons_yes_25_percent","localization/replace/english/more_dragon_eggs_gamerules_l_english.yml","29","localization/russian/more_dragon_eggs_gamerules_l_russian.yml","29","Yes - 25% Chance Each","Да — 25% для каждого яйца","Yes - 25% Chance Each"
"setting_can_hatch_multiple_dragons_yes_25_percent_desc","localization/replace/english/more_dragon_eggs_gamerules_l_english.yml","37","localization/russian/more_dragon_eggs_gamerules_l_russian.yml","37","There will be a 25% chance that any other egg than the selected one will hatch from a successful hatching.","При успешной церемонии каждое яйцо, кроме выбранного, получит 25% шанс дать дракона.","There will be a 25% chance that any other egg than the selected one will hatch from a successful hatching."
"setting_can_hatch_multiple_dragons_yes_5_percent","localization/replace/english/more_dragon_eggs_gamerules_l_english.yml","28","localization/russian/more_dragon_eggs_gamerules_l_russian.yml","28","Yes - 5% Chance Each","Да — 5% для каждого яйца","Yes - 5% Chance Each"
"setting_can_hatch_multiple_dragons_yes_5_percent_desc","localization/replace/english/more_dragon_eggs_gamerules_l_english.yml","36","localization/russian/more_dragon_eggs_gamerules_l_russian.yml","36","There will be a 5% chance that any other egg than the selected one will hatch from a successful hatching.","При успешной церемонии каждое яйцо, кроме выбранного, получит 5% шанс дать дракона.","There will be a 5% chance that any other egg than the selected one will hatch from a successful hatching."
"setting_can_hatch_multiple_dragons_yes_50_percent","localization/replace/english/more_dragon_eggs_gamerules_l_english.yml","30","localization/russian/more_dragon_eggs_gamerules_l_russian.yml","30","Yes - 50% Chance Each","Да — 50% для каждого яйца","Yes - 50% Chance Each"
"setting_can_hatch_multiple_dragons_yes_50_percent_desc","localization/replace/english/more_dragon_eggs_gamerules_l_english.yml","38","localization/russian/more_dragon_eggs_gamerules_l_russian.yml","38","There will be a 50% chance that any other egg than the selected one will hatch from a successful hatching.","При успешной церемонии каждое яйцо, кроме выбранного, получит 50% шанс дать дракона.","There will be a 50% chance that any other egg than the selected one will hatch from a successful hatching."
"setting_can_hatch_multiple_dragons_yes_75_percent","localization/replace/english/more_dragon_eggs_gamerules_l_english.yml","31","localization/russian/more_dragon_eggs_gamerules_l_russian.yml","31","Yes - 75% Chance Each","Да — 75% для каждого яйца","Yes - 75% Chance Each"
"setting_can_hatch_multiple_dragons_yes_75_percent_desc","localization/replace/english/more_dragon_eggs_gamerules_l_english.yml","39","localization/russian/more_dragon_eggs_gamerules_l_russian.yml","39","There will be a 75% chance that any other egg than the selected one will hatch from a successful hatching.","При успешной церемонии каждое яйцо, кроме выбранного, получит 75% шанс дать дракона.","There will be a 75% chance that any other egg than the selected one will hatch from a successful hatching."
"setting_can_hatch_multiple_dragons_yes_95_percent","localization/replace/english/more_dragon_eggs_gamerules_l_english.yml","32","localization/russian/more_dragon_eggs_gamerules_l_russian.yml","32","Yes - 95% Chance Each","Да — 95% для каждого яйца","Yes - 95% Chance Each"
"setting_can_hatch_multiple_dragons_yes_95_percent_desc","localization/replace/english/more_dragon_eggs_gamerules_l_english.yml","40","localization/russian/more_dragon_eggs_gamerules_l_russian.yml","40","There will be a 95% chance that any other egg than the selected one will hatch from a successful hatching.","При успешной церемонии каждое яйцо, кроме выбранного, получит 95% шанс дать дракона.","There will be a 95% chance that any other egg than the selected one will hatch from a successful hatching."
"setting_can_hatch_multiple_dragons_yes_all","localization/replace/english/more_dragon_eggs_gamerules_l_english.yml","33","localization/russian/more_dragon_eggs_gamerules_l_russian.yml","33","All Eggs Will Hatch","Все яйца дадут драконов","All Eggs Will Hatch"
"setting_can_hatch_multiple_dragons_yes_all_desc","localization/replace/english/more_dragon_eggs_gamerules_l_english.yml","41","localization/russian/more_dragon_eggs_gamerules_l_russian.yml","41","Every dragon egg in the character's inventory will hatch into an owned dragon in a successful hatching.","При успешной церемонии из каждого драконьего яйца в инвентаре персонажа появится принадлежащий ему дракон.","Every dragon egg in the character's inventory will hatch into an owned dragon in a successful hatching."
"setting_can_landless_steal_dragon_eggs","localization/replace/english/more_dragon_eggs_gamerules_l_english.yml","492","localization/russian/more_dragon_eggs_gamerules_l_russian.yml","405","Dragon Eggs","Драконьи яйца","Драконьи яйца"
"setting_can_landless_steal_dragon_eggs_desc","localization/replace/english/more_dragon_eggs_gamerules_l_english.yml","498","localization/russian/more_dragon_eggs_gamerules_l_russian.yml","411","Landless adventurers will additionally be able to steal dragon eggs if they employ a Master Thief.","Безземельные авантюристы, нанявшие мастера-вора, дополнительно смогут красть драконьи яйца.","Безземельные авантюристы с Мастером-вором могут красть драконьи яйца."
"setting_can_landless_steal_eggs_and_steel","localization/replace/english/more_dragon_eggs_gamerules_l_english.yml","494","localization/russian/more_dragon_eggs_gamerules_l_russian.yml","407","Dragon Eggs and Valyrian Steel","Драконьи яйца и валирийская сталь","Яйца и сталь"
"setting_can_landless_steal_eggs_and_steel_desc","localization/replace/english/more_dragon_eggs_gamerules_l_english.yml","500","localization/russian/more_dragon_eggs_gamerules_l_russian.yml","413","Landless adventurers will additionally be able to steal dragon eggs and valyrian steel items if they employ a Master Thief.","Безземельные авантюристы, нанявшие мастера-вора, дополнительно смогут красть драконьи яйца и предметы из валирийской стали.","Безземельные авантюристы с Мастером-вором могут красть яйца и сталь."
"setting_can_landless_steal_everything","localization/replace/english/more_dragon_eggs_gamerules_l_english.yml","495","localization/russian/more_dragon_eggs_gamerules_l_russian.yml","408","Vanilla CK3","Базовый CK3","Vanilla CK3"
"setting_can_landless_steal_everything_desc","localization/replace/english/more_dragon_eggs_gamerules_l_english.yml","501","localization/russian/more_dragon_eggs_gamerules_l_russian.yml","414","Landless adventurers will have the rules for what artifacts can be stolen determined by the rules used in Vanilla CK3.","Правила кражи артефактов соответствуют базовому CK3.","Правила кражи артефактов соответствуют Vanilla CK3."
"setting_can_landless_steal_valyrian_steel","localization/replace/english/more_dragon_eggs_gamerules_l_english.yml","493","localization/russian/more_dragon_eggs_gamerules_l_russian.yml","406","Valyrian Steel","Валирийская сталь","Валирийская сталь"
"setting_can_landless_steal_valyrian_steel_desc","localization/replace/english/more_dragon_eggs_gamerules_l_english.yml","499","localization/russian/more_dragon_eggs_gamerules_l_russian.yml","412","Landless adventurers will additionally be able to steal valyrian steel items if they employ a Master Thief.","Безземельные авантюристы, нанявшие мастера-вора, дополнительно смогут красть предметы из валирийской стали.","Безземельные авантюристы с Мастером-вором могут красть валирийскую сталь."
"setting_can_landless_steal_vanilla","localization/replace/english/more_dragon_eggs_gamerules_l_english.yml","491","localization/russian/more_dragon_eggs_gamerules_l_russian.yml","404","Base Game AGOT","Базовый AGOT","Базовый AGOT"
"setting_can_landless_steal_vanilla_desc","localization/replace/english/more_dragon_eggs_gamerules_l_english.yml","497","localization/russian/more_dragon_eggs_gamerules_l_russian.yml","410","Landless adventurers will have the rules for what artifacts can be stolen determined by the rules used in the base game AGOT.","Правила кражи артефактов соответствуют базовой версии AGOT.","Правила кражи артефактов соответствуют базовой версии AGOT."
"setting_cannibal_instinct_odds_default","localization/replace/english/more_dragon_eggs_gamerules_l_english.yml","370","localization/russian/more_dragon_eggs_gamerules_l_russian.yml","284","Default","По умолчанию","По умолчанию"
"setting_cannibal_instinct_odds_default_desc","localization/replace/english/more_dragon_eggs_gamerules_l_english.yml","377","localization/russian/more_dragon_eggs_gamerules_l_russian.yml","291","The cannibal instinct event will use the default odds fire.","Стандартная вероятность срабатывания события.","Стандартные шансы срабатывания события."
"setting_cannibal_instinct_odds_high","localization/replace/english/more_dragon_eggs_gamerules_l_english.yml","372","localization/russian/more_dragon_eggs_gamerules_l_russian.yml","286","High","Очень вероятно","Очень вероятно"
"setting_cannibal_instinct_odds_high_desc","localization/replace/english/more_dragon_eggs_gamerules_l_english.yml","379","localization/russian/more_dragon_eggs_gamerules_l_russian.yml","293","The cannibal instinct event is highly likely to fire.","Событие «Инстинкт Каннибала» будет происходить очень часто.","Событие 'Инстинкт Каннибала' крайне вероятно."
"setting_cannibal_instinct_odds_likely","localization/replace/english/more_dragon_eggs_gamerules_l_english.yml","371","localization/russian/more_dragon_eggs_gamerules_l_russian.yml","285","Likely","Вероятно","Вероятно"
"setting_cannibal_instinct_odds_likely_desc","localization/replace/english/more_dragon_eggs_gamerules_l_english.yml","378","localization/russian/more_dragon_eggs_gamerules_l_russian.yml","292","The cannibal instinct event is likely to fire.","Событие «Инстинкт Каннибала» вероятно.","Событие 'Инстинкт Каннибала' вероятно."
"setting_cannibal_instinct_odds_never","localization/replace/english/more_dragon_eggs_gamerules_l_english.yml","367","localization/russian/more_dragon_eggs_gamerules_l_russian.yml","281","Never","Никогда","Никогда"
"setting_cannibal_instinct_odds_never_desc","localization/replace/english/more_dragon_eggs_gamerules_l_english.yml","374","localization/russian/more_dragon_eggs_gamerules_l_russian.yml","288","The cannibal instinct event will never fire.","Событие «Инстинкт Каннибала» никогда не произойдёт.","Событие 'Инстинкт Каннибала' никогда не произойдет."
"setting_cannibal_instinct_odds_rare","localization/replace/english/more_dragon_eggs_gamerules_l_english.yml","368","localization/russian/more_dragon_eggs_gamerules_l_russian.yml","282","Rare","Редко","Редко"
"setting_cannibal_instinct_odds_rare_desc","localization/replace/english/more_dragon_eggs_gamerules_l_english.yml","375","localization/russian/more_dragon_eggs_gamerules_l_russian.yml","289","The cannibal instinct event will rarely ever fire.","Событие «Инстинкт Каннибала» будет происходить крайне редко.","Событие 'Инстинкт Каннибала' будет происходить крайне редко."
"setting_cannibal_instinct_odds_unlikely","localization/replace/english/more_dragon_eggs_gamerules_l_english.yml","369","localization/russian/more_dragon_eggs_gamerules_l_russian.yml","283","Unlikely","Маловероятно","Маловероятно"
"setting_cannibal_instinct_odds_unlikely_desc","localization/replace/english/more_dragon_eggs_gamerules_l_english.yml","376","localization/russian/more_dragon_eggs_gamerules_l_russian.yml","290","The cannibal instinct event is unlikely to fire.","Событие «Инстинкт Каннибала» маловероятно.","Событие 'Инстинкт Каннибала' маловероятно."
"setting_canon_dragon_egg_clutch_blocker_no","localization/replace/english/more_dragon_eggs_gamerules_l_english.yml","341","localization/russian/more_dragon_eggs_gamerules_l_russian.yml","255","No","Нет",
"setting_canon_dragon_egg_clutch_blocker_no_desc","localization/replace/english/more_dragon_eggs_gamerules_l_english.yml","344","localization/russian/more_dragon_eggs_gamerules_l_russian.yml","258","Dragons with upcoming canon dragon egg clutches will not be blocked from laying other clutches","Драконы, у которых скоро должна появиться каноническая кладка драконьих яиц, смогут откладывать другие кладки.",
"setting_canon_dragon_egg_clutch_blocker_yes","localization/replace/english/more_dragon_eggs_gamerules_l_english.yml","340","localization/russian/more_dragon_eggs_gamerules_l_russian.yml","254","Yes","Да",
"setting_canon_dragon_egg_clutch_blocker_yes_desc","localization/replace/english/more_dragon_eggs_gamerules_l_english.yml","343","localization/russian/more_dragon_eggs_gamerules_l_russian.yml","257","Dragons with upcoming canon dragon egg clutches will be blocked from laying other clutches","Драконы, у которых скоро должна появиться каноническая кладка драконьих яиц, не смогут откладывать другие кладки.",
"setting_canon_dragon_egg_clutch_spawns_all","localization/replace/english/more_dragon_eggs_gamerules_l_english.yml","333","localization/russian/more_dragon_eggs_gamerules_l_russian.yml","247","All","Все",
"setting_canon_dragon_egg_clutch_spawns_all_desc","localization/replace/english/more_dragon_eggs_gamerules_l_english.yml","337","localization/russian/more_dragon_eggs_gamerules_l_russian.yml","251","All possible canon dragon egg clutches will be laid","Будут отложены все возможные канонические кладки драконьих яиц.",
"setting_canon_dragon_egg_clutch_spawns_canon_only","localization/replace/english/more_dragon_eggs_gamerules_l_english.yml","332","localization/russian/more_dragon_eggs_gamerules_l_russian.yml","246","Canon Only","Только канонические",
"setting_canon_dragon_egg_clutch_spawns_canon_only_desc","localization/replace/english/more_dragon_eggs_gamerules_l_english.yml","336","localization/russian/more_dragon_eggs_gamerules_l_russian.yml","250","Only clutches with dragon eggs that are in canon (e.g. no Nightfyre) will be laid","Будут отложены только кладки с драконьими яйцами, существующими в каноне (например, без Ночного Пламени).",
"setting_canon_dragon_egg_clutch_spawns_no","localization/replace/english/more_dragon_eggs_gamerules_l_english.yml","331","localization/russian/more_dragon_eggs_gamerules_l_russian.yml","245","None","Нет",
"setting_canon_dragon_egg_clutch_spawns_no_desc","localization/replace/english/more_dragon_eggs_gamerules_l_english.yml","335","localization/russian/more_dragon_eggs_gamerules_l_russian.yml","249","No canon dragon egg clutches will be laid","Канонические кладки драконьих яиц не будут отложены.",
"setting_canon_dragon_egg_hatch_likelihood_common","localization/replace/english/more_dragon_eggs_gamerules_l_english.yml","287","localization/russian/more_dragon_eggs_gamerules_l_russian.yml","202","Common","Часто","Часто"
"setting_canon_dragon_egg_hatch_likelihood_common_desc","localization/replace/english/more_dragon_eggs_gamerules_l_english.yml","294","localization/russian/more_dragon_eggs_gamerules_l_russian.yml","208","Canon dragon eggs have a high chance to hatch when cradled, pitted, or as extra eggs in a hatching ceremony. Stacks with those settings. Only applies when canon dragons are enabled.","Канонические драконьи яйца имеют высокий шанс успешно дать дракона. Складывается с обычным правилом вероятности.","Высокий шанс вылупления канонических драконьих яиц в колыбели, в драконьем логове и как дополнительных яиц на церемонии. Суммируется с этими настройками. Действует только при включённых канонических драконах."
"setting_canon_dragon_egg_hatch_likelihood_default","localization/replace/english/more_dragon_eggs_gamerules_l_english.yml","285","localization/russian/more_dragon_eggs_gamerules_l_russian.yml","200","Default","По умолчанию","По умолчанию"
"setting_canon_dragon_egg_hatch_likelihood_default_desc","localization/replace/english/more_dragon_eggs_gamerules_l_english.yml","292","localization/russian/more_dragon_eggs_gamerules_l_russian.yml","206","Canon dragon eggs use the same odds as any other egg when cradled, pitted, or as extra eggs in a hatching ceremony. Only applies when canon dragons are enabled.","Канонические драконьи яйца используют стандартные шансы. Складывается с обычным правилом вероятности.","Канонические драконьи яйца используют те же шансы, что и остальные яйца, в колыбели, в драконьем логове и на церемонии. Действует только при включённых канонических драконах."
"setting_canon_dragon_egg_hatch_likelihood_guaranteed","localization/replace/english/more_dragon_eggs_gamerules_l_english.yml","288","localization/russian/more_dragon_eggs_gamerules_l_russian.yml","203","Guaranteed","Гарантировано","Гарантировано"
"setting_canon_dragon_egg_hatch_likelihood_guaranteed_desc","localization/replace/english/more_dragon_eggs_gamerules_l_english.yml","295","localization/russian/more_dragon_eggs_gamerules_l_russian.yml","209","Canon dragon eggs will never become duds when cradled or pitted, unless that setting is Never, and will always hatch as extra eggs in a hatching ceremony. Only applies when canon dragons are enabled.","Канонические драконьи яйца всегда дают драконов.","Канонические драконьи яйца никогда не станут бесплодными в колыбели или в драконьем логове, если только эта настройка не стоит на «Никогда», и всегда вылупятся как дополнительные яйца на церемонии. Действует только при включённых канонических драконах."
"setting_canon_dragon_egg_hatch_likelihood_less_likely","localization/replace/english/more_dragon_eggs_gamerules_l_english.yml","284","localization/russian/more_dragon_eggs_gamerules_l_russian.yml","199","Less Likely","Менее вероятно","Менее вероятно"
"setting_canon_dragon_egg_hatch_likelihood_less_likely_desc","localization/replace/english/more_dragon_eggs_gamerules_l_english.yml","291","localization/russian/more_dragon_eggs_gamerules_l_russian.yml","205","Canon dragon eggs are less likely to hatch when cradled, pitted, or as extra eggs in a hatching ceremony. Stacks with those settings. Only applies when canon dragons are enabled.","Канонические драконьи яйца дают драконов реже обычного. Складывается с обычным правилом вероятности.","Канонические драконьи яйца вылупляются реже в колыбели, в драконьем логове и как дополнительные яйца на церемонии. Суммируется с этими настройками. Действует только при включённых канонических драконах."
"setting_canon_dragon_egg_hatch_likelihood_more_likely","localization/replace/english/more_dragon_eggs_gamerules_l_english.yml","286","localization/russian/more_dragon_eggs_gamerules_l_russian.yml","201","More Likely","Более вероятно","Более вероятно"
"setting_canon_dragon_egg_hatch_likelihood_more_likely_desc","localization/replace/english/more_dragon_eggs_gamerules_l_english.yml","293","localization/russian/more_dragon_eggs_gamerules_l_russian.yml","207","Canon dragon eggs are more likely to hatch when cradled, pitted, or as extra eggs in a hatching ceremony. Stacks with those settings. Only applies when canon dragons are enabled.","Канонические драконьи яйца дают драконов чаще обычного. Складывается с обычным правилом вероятности.","Канонические драконьи яйца вылупляются чаще в колыбели, в драконьем логове и как дополнительные яйца на церемонии. Суммируется с этими настройками. Действует только при включённых канонических драконах."
"setting_canon_dragon_egg_hatch_likelihood_never","localization/replace/english/more_dragon_eggs_gamerules_l_english.yml","283",,,"Never",,"Никогда"
"setting_canon_dragon_egg_hatch_likelihood_never_desc","localization/replace/english/more_dragon_eggs_gamerules_l_english.yml","290",,,"Canon dragon eggs will never hatch when cradled, pitted, or as extra eggs in a hatching ceremony, unless that setting is Always. Only applies when canon dragons are enabled.",,"Канонические драконьи яйца никогда не вылупятся в колыбели, в драконьем логове или как дополнительные яйца на церемонии, если только эта настройка не стоит на «Всегда». Действует только при включённых канонических драконах."
"setting_capture_dragon_time_limit_182_days","localization/replace/english/more_dragon_eggs_gamerules_l_english.yml","406","localization/russian/more_dragon_eggs_gamerules_l_russian.yml","320","Half Year","Полгода","Полгода"
"setting_capture_dragon_time_limit_182_days_desc","localization/replace/english/more_dragon_eggs_gamerules_l_english.yml","412","localization/russian/more_dragon_eggs_gamerules_l_russian.yml","326","You will be able to capture a dragon every half year.","Поимка дракона доступна каждые полгода.","Поимка дракона доступна каждые полгода."
"setting_capture_dragon_time_limit_90_days","localization/replace/english/more_dragon_eggs_gamerules_l_english.yml","405","localization/russian/more_dragon_eggs_gamerules_l_russian.yml","319","Quarter Year","90 дней","Квартал года"
"setting_capture_dragon_time_limit_90_days_desc","localization/replace/english/more_dragon_eggs_gamerules_l_english.yml","411","localization/russian/more_dragon_eggs_gamerules_l_russian.yml","325","You will be able to capture a dragon every 90 days,","Поимка дракона доступна каждые 90 дней.","Поимка дракона доступна каждые 90 дней."
"setting_capture_dragon_time_limit_default","localization/replace/english/more_dragon_eggs_gamerules_l_english.yml","407","localization/russian/more_dragon_eggs_gamerules_l_russian.yml","321","One Year","Один год","Один год"
"setting_capture_dragon_time_limit_default_desc","localization/replace/english/more_dragon_eggs_gamerules_l_english.yml","413","localization/russian/more_dragon_eggs_gamerules_l_russian.yml","327","You will be able to capture a dragon once every year.","Поимка дракона доступна раз в год.","Поимка дракона доступна раз в год."
"setting_capture_dragon_time_limit_double","localization/replace/english/more_dragon_eggs_gamerules_l_english.yml","408","localization/russian/more_dragon_eggs_gamerules_l_russian.yml","322","Two Years","Два года","Два года"
"setting_capture_dragon_time_limit_double_desc","localization/replace/english/more_dragon_eggs_gamerules_l_english.yml","414","localization/russian/more_dragon_eggs_gamerules_l_russian.yml","328","You will be able to capture a dragon every two years.","Поимка дракона доступна каждые два года.","Поимка дракона доступна каждые два года."
"setting_capture_dragon_time_limit_none","localization/replace/english/more_dragon_eggs_gamerules_l_english.yml","404","localization/russian/more_dragon_eggs_gamerules_l_russian.yml","318","No Time Limit","Без ограничений","Нет ограничений по времени"
"setting_capture_dragon_time_limit_none_desc","localization/replace/english/more_dragon_eggs_gamerules_l_english.yml","410","localization/russian/more_dragon_eggs_gamerules_l_russian.yml","324","You will always be able to capture a dragon.","Поимка дракона доступна в любое время.","Поимка дракона доступна в любое время."
"setting_cradle_egg_hatch_likelihood_always","localization/replace/english/more_dragon_eggs_gamerules_l_english.yml","217",,,"Always",,"Всегда"
"setting_cradle_egg_hatch_likelihood_always_ai","localization/replace/english/more_dragon_eggs_gamerules_l_english.yml","235",,,"Always",,"Всегда"
"setting_cradle_egg_hatch_likelihood_always_ai_desc","localization/replace/english/more_dragon_eggs_gamerules_l_english.yml","244",,,"Eggs cradled by the AI will never become duds.",,"Яйца в колыбелях ИИ никогда не станут бесплодными."
"setting_cradle_egg_hatch_likelihood_always_desc","localization/replace/english/more_dragon_eggs_gamerules_l_english.yml","225",,,"Eggs cradled by players and their families will never become duds.",,"Яйца в колыбелях игроков и их семей никогда не станут бесплодными."
"setting_cradle_egg_hatch_likelihood_common","localization/replace/english/more_dragon_eggs_gamerules_l_english.yml","216","localization/russian/more_dragon_eggs_gamerules_l_russian.yml","190","Common","Часто","Часто"
"setting_cradle_egg_hatch_likelihood_common_ai","localization/replace/english/more_dragon_eggs_gamerules_l_english.yml","234",,,"Common",,"Часто"
"setting_cradle_egg_hatch_likelihood_common_ai_desc","localization/replace/english/more_dragon_eggs_gamerules_l_english.yml","243",,,"Eggs cradled by the AI have a high chance to successfully hatch.",,"Высокий шанс вылупления яиц в колыбелях ИИ."
"setting_cradle_egg_hatch_likelihood_common_desc","localization/replace/english/more_dragon_eggs_gamerules_l_english.yml","224","localization/russian/more_dragon_eggs_gamerules_l_russian.yml","196","Eggs cradled by players and their families have a high chance to successfully hatch.","Яйца в колыбелях и драконьих ямах имеют высокий шанс успешно дать дракона.","Высокий шанс вылупления яиц в колыбелях игроков и их семей."
"setting_cradle_egg_hatch_likelihood_default","localization/replace/english/more_dragon_eggs_gamerules_l_english.yml","214","localization/russian/more_dragon_eggs_gamerules_l_russian.yml","188","Default","По умолчанию","По умолчанию"
"setting_cradle_egg_hatch_likelihood_default_ai","localization/replace/english/more_dragon_eggs_gamerules_l_english.yml","232",,,"Default",,"По умолчанию"
"setting_cradle_egg_hatch_likelihood_default_ai_desc","localization/replace/english/more_dragon_eggs_gamerules_l_english.yml","241",,,"Eggs cradled by the AI will use the vanilla odds to determine if they will hatch.",,"Стандартная вероятность вылупления яиц в колыбелях ИИ."
"setting_cradle_egg_hatch_likelihood_default_desc","localization/replace/english/more_dragon_eggs_gamerules_l_english.yml","222","localization/russian/more_dragon_eggs_gamerules_l_russian.yml","194","Eggs cradled by players and their families will use the vanilla odds to determine if they will hatch.","Яйца в колыбелях и драконьих ямах используют стандартные шансы.","Стандартная вероятность вылупления яиц в колыбелях игроков и их семей."
"setting_cradle_egg_hatch_likelihood_less_likely","localization/replace/english/more_dragon_eggs_gamerules_l_english.yml","213","localization/russian/more_dragon_eggs_gamerules_l_russian.yml","187","Less Likely","Менее вероятно","Менее вероятно"
"setting_cradle_egg_hatch_likelihood_less_likely_ai","localization/replace/english/more_dragon_eggs_gamerules_l_english.yml","231",,,"Less Likely",,"Менее вероятно"
"setting_cradle_egg_hatch_likelihood_less_likely_ai_desc","localization/replace/english/more_dragon_eggs_gamerules_l_english.yml","240",,,"Eggs cradled by the AI will hatch less often than normal.",,"Яйца в колыбелях ИИ вылупляются реже обычного."
"setting_cradle_egg_hatch_likelihood_less_likely_desc","localization/replace/english/more_dragon_eggs_gamerules_l_english.yml","221","localization/russian/more_dragon_eggs_gamerules_l_russian.yml","193","Eggs cradled by players and their families will hatch less often than normal.","Яйца в колыбелях и драконьих ямах дают драконов реже обычного.","Яйца в колыбелях игроков и их семей вылупляются реже обычного."
"setting_cradle_egg_hatch_likelihood_more_likely","localization/replace/english/more_dragon_eggs_gamerules_l_english.yml","215","localization/russian/more_dragon_eggs_gamerules_l_russian.yml","189","More Likely","Более вероятно","Более вероятно"
"setting_cradle_egg_hatch_likelihood_more_likely_ai","localization/replace/english/more_dragon_eggs_gamerules_l_english.yml","233",,,"More Likely",,"Более вероятно"
"setting_cradle_egg_hatch_likelihood_more_likely_ai_desc","localization/replace/english/more_dragon_eggs_gamerules_l_english.yml","242",,,"Eggs cradled by the AI are more likely to hatch than normal.",,"Яйца в колыбелях ИИ вылупляются чаще обычного."
"setting_cradle_egg_hatch_likelihood_more_likely_desc","localization/replace/english/more_dragon_eggs_gamerules_l_english.yml","223","localization/russian/more_dragon_eggs_gamerules_l_russian.yml","195","Eggs cradled by players and their families are more likely to hatch than normal.","Яйца в колыбелях и драконьих ямах дают драконов чаще обычного.","Яйца в колыбелях игроков и их семей вылупляются чаще обычного."
"setting_cradle_egg_hatch_likelihood_never","localization/replace/english/more_dragon_eggs_gamerules_l_english.yml","211",,,"Never",,"Никогда"
"setting_cradle_egg_hatch_likelihood_never_ai","localization/replace/english/more_dragon_eggs_gamerules_l_english.yml","229",,,"Never",,"Никогда"
"setting_cradle_egg_hatch_likelihood_never_ai_desc","localization/replace/english/more_dragon_eggs_gamerules_l_english.yml","238",,,"Eggs cradled by the AI will never hatch.",,"Яйца в колыбелях ИИ никогда не вылупляются."
"setting_cradle_egg_hatch_likelihood_never_desc","localization/replace/english/more_dragon_eggs_gamerules_l_english.yml","219",,,"Eggs cradled by players and their families will never hatch.",,"Яйца в колыбелях игроков и их семей никогда не вылупляются."
"setting_cradle_egg_hatch_likelihood_rare","localization/replace/english/more_dragon_eggs_gamerules_l_english.yml","212","localization/russian/more_dragon_eggs_gamerules_l_russian.yml","186","Rare","Редко","Редко"
"setting_cradle_egg_hatch_likelihood_rare_ai","localization/replace/english/more_dragon_eggs_gamerules_l_english.yml","230",,,"Rare",,"Редко"
"setting_cradle_egg_hatch_likelihood_rare_ai_desc","localization/replace/english/more_dragon_eggs_gamerules_l_english.yml","239",,,"Eggs cradled by the AI will rarely ever hatch.",,"Яйца в колыбелях ИИ редко вылупляются."
"setting_cradle_egg_hatch_likelihood_rare_desc","localization/replace/english/more_dragon_eggs_gamerules_l_english.yml","220","localization/russian/more_dragon_eggs_gamerules_l_russian.yml","192","Eggs cradled by players and their families will rarely ever hatch.","Яйца в колыбелях и драконьих ямах почти никогда не дают драконов.","Яйца в колыбелях игроков и их семей редко вылупляются."
"setting_cradle_egg_hatch_likelihood_wont_cradle_ai","localization/replace/english/more_dragon_eggs_gamerules_l_english.yml","228",,,"Won't Cradle",,"Не использует колыбели"
"setting_cradle_egg_hatch_likelihood_wont_cradle_ai_desc","localization/replace/english/more_dragon_eggs_gamerules_l_english.yml","237",,,"The AI won't cradle dragon eggs.",,"ИИ не будет класть драконьи яйца в колыбели."
"setting_dragon_egg_clutch_frequency_common","localization/replace/english/more_dragon_eggs_gamerules_l_english.yml","312","localization/russian/more_dragon_eggs_gamerules_l_russian.yml","226","Common","Часто","Часто"
"setting_dragon_egg_clutch_frequency_common_ai","localization/replace/english/more_dragon_eggs_gamerules_l_english.yml","323","localization/russian/more_dragon_eggs_gamerules_l_russian.yml","237","Common","Часто","Часто"
"setting_dragon_egg_clutch_frequency_common_ai_desc","localization/replace/english/more_dragon_eggs_gamerules_l_english.yml","328","localization/russian/more_dragon_eggs_gamerules_l_russian.yml","242","Dragons will frequently lay a clutch of eggs.","Драконы часто откладывают кладки.","Драконы часто откладывают кладки."
"setting_dragon_egg_clutch_frequency_common_desc","localization/replace/english/more_dragon_eggs_gamerules_l_english.yml","317","localization/russian/more_dragon_eggs_gamerules_l_russian.yml","231","Dragons will frequently lay a clutch of eggs.","Драконы часто откладывают кладки.","Драконы часто откладывают кладки."
"setting_dragon_egg_clutch_frequency_default","localization/replace/english/more_dragon_eggs_gamerules_l_english.yml","310","localization/russian/more_dragon_eggs_gamerules_l_russian.yml","224","Default","По умолчанию","По умолчанию"
"setting_dragon_egg_clutch_frequency_default_ai","localization/replace/english/more_dragon_eggs_gamerules_l_english.yml","321","localization/russian/more_dragon_eggs_gamerules_l_russian.yml","235","Default","По умолчанию","По умолчанию"
"setting_dragon_egg_clutch_frequency_default_ai_desc","localization/replace/english/more_dragon_eggs_gamerules_l_english.yml","326","localization/russian/more_dragon_eggs_gamerules_l_russian.yml","240","Dragons will use the vanilla odds of laying a clutch of eggs.","Стандартная вероятность кладок.","Стандартная вероятность кладок."
"setting_dragon_egg_clutch_frequency_default_desc","localization/replace/english/more_dragon_eggs_gamerules_l_english.yml","315","localization/russian/more_dragon_eggs_gamerules_l_russian.yml","229","Dragons will use the vanilla odds of laying a clutch of eggs.","Стандартная вероятность кладок.","Стандартная вероятность кладок."
"setting_dragon_egg_clutch_frequency_less_likely","localization/replace/english/more_dragon_eggs_gamerules_l_english.yml","309","localization/russian/more_dragon_eggs_gamerules_l_russian.yml","223","Less Likely","Менее вероятно","Менее вероятно"
"setting_dragon_egg_clutch_frequency_less_likely_ai","localization/replace/english/more_dragon_eggs_gamerules_l_english.yml","320","localization/russian/more_dragon_eggs_gamerules_l_russian.yml","234","Less Likely","Менее вероятно","Менее вероятно"
"setting_dragon_egg_clutch_frequency_less_likely_ai_desc","localization/replace/english/more_dragon_eggs_gamerules_l_english.yml","325","localization/russian/more_dragon_eggs_gamerules_l_russian.yml","239","Dragons will be less likely than normal to lay a clutch of eggs.","Драконы реже откладывают кладки.","Драконы реже откладывают кладки."
"setting_dragon_egg_clutch_frequency_less_likely_desc","localization/replace/english/more_dragon_eggs_gamerules_l_english.yml","314","localization/russian/more_dragon_eggs_gamerules_l_russian.yml","228","Dragons will be less likely than normal to lay a clutch of eggs.","Драконы реже откладывают кладки.","Драконы реже откладывают кладки."
"setting_dragon_egg_clutch_frequency_more_likely","localization/replace/english/more_dragon_eggs_gamerules_l_english.yml","311","localization/russian/more_dragon_eggs_gamerules_l_russian.yml","225","More Likely","Более вероятно","Более вероятно"
"setting_dragon_egg_clutch_frequency_more_likely_ai","localization/replace/english/more_dragon_eggs_gamerules_l_english.yml","322","localization/russian/more_dragon_eggs_gamerules_l_russian.yml","236","More Likely","Более вероятно","Более вероятно"
"setting_dragon_egg_clutch_frequency_more_likely_ai_desc","localization/replace/english/more_dragon_eggs_gamerules_l_english.yml","327","localization/russian/more_dragon_eggs_gamerules_l_russian.yml","241","Dragons will be more likely than normal to lay a clutch of eggs.","Драконы чаще откладывают кладки.","Драконы чаще откладывают кладки."
"setting_dragon_egg_clutch_frequency_more_likely_desc","localization/replace/english/more_dragon_eggs_gamerules_l_english.yml","316","localization/russian/more_dragon_eggs_gamerules_l_russian.yml","230","Dragons will be more likely than normal to lay a clutch of eggs.","Драконы чаще откладывают кладки.","Драконы чаще откладывают кладки."
"setting_dragon_egg_clutch_size_default","localization/replace/english/more_dragon_eggs_gamerules_l_english.yml","298","localization/russian/more_dragon_eggs_gamerules_l_russian.yml","212","Default","По умолчанию","По умолчанию"
"setting_dragon_egg_clutch_size_default_desc","localization/replace/english/more_dragon_eggs_gamerules_l_english.yml","303","localization/russian/more_dragon_eggs_gamerules_l_russian.yml","217","Dragons will lay the normal number of eggs per clutch","Драконы откладывают стандартное количество яиц за кладку.","Драконы откладывают стандартное количество яиц за кладку"
"setting_dragon_egg_clutch_size_plus_one","localization/replace/english/more_dragon_eggs_gamerules_l_english.yml","299","localization/russian/more_dragon_eggs_gamerules_l_russian.yml","213","+1","+1","+1"
"setting_dragon_egg_clutch_size_plus_one_desc","localization/replace/english/more_dragon_eggs_gamerules_l_english.yml","304","localization/russian/more_dragon_eggs_gamerules_l_russian.yml","218","Dragons will lay an extra egg per clutch. Stacks with fertile.","Драконы откладывают +1 яйцо за кладку. Суммируется с плодовитостью.","Драконы откладывают +1 яйцо за кладку. Суммируется с плодовитостью."
"setting_dragon_egg_clutch_size_plus_three","localization/replace/english/more_dragon_eggs_gamerules_l_english.yml","301","localization/russian/more_dragon_eggs_gamerules_l_russian.yml","215","+3","+3","+3"
"setting_dragon_egg_clutch_size_plus_three_desc","localization/replace/english/more_dragon_eggs_gamerules_l_english.yml","306","localization/russian/more_dragon_eggs_gamerules_l_russian.yml","220","Dragons will lay three extra eggs per clutch. Stacks with fertile.","Драконы откладывают +3 яйца за кладку. Суммируется с плодовитостью.","Драконы откладывают +3 яйца за кладку. Суммируется с плодовитостью."
"setting_dragon_egg_clutch_size_plus_two","localization/replace/english/more_dragon_eggs_gamerules_l_english.yml","300","localization/russian/more_dragon_eggs_gamerules_l_russian.yml","214","+2","+2","+2"
"setting_dragon_egg_clutch_size_plus_two_desc","localization/replace/english/more_dragon_eggs_gamerules_l_english.yml","305","localization/russian/more_dragon_eggs_gamerules_l_russian.yml","219","Dragons will lay two extra eggs per clutch. Stacks with fertile.","Драконы откладывают +2 яйца за кладку. Суммируется с плодовитостью.","Драконы откладывают +2 яйца за кладку. Суммируется с плодовитостью."
"setting_dragon_gene_frequency_common","localization/replace/english/more_dragon_eggs_gamerules_l_english.yml","350","localization/russian/more_dragon_eggs_gamerules_l_russian.yml","264","Highly Likely","Очень часто","Очень вероятно"
"setting_dragon_gene_frequency_common_desc","localization/replace/english/more_dragon_eggs_gamerules_l_english.yml","355","localization/russian/more_dragon_eggs_gamerules_l_russian.yml","269","Dragons are highly likely to spawn with genetic traits","Генетические черты у драконов появляются очень часто.","Генетические черты у драконов появляются очень часто."
"setting_dragon_gene_frequency_default","localization/replace/english/more_dragon_eggs_gamerules_l_english.yml","348","localization/russian/more_dragon_eggs_gamerules_l_russian.yml","262","Default","По умолчанию","По умолчанию"
"setting_dragon_gene_frequency_default_desc","localization/replace/english/more_dragon_eggs_gamerules_l_english.yml","353","localization/russian/more_dragon_eggs_gamerules_l_russian.yml","267","Dragons use default odds to spawn with genetic traits","Стандартные шансы появления генетических черт.","Стандартные шансы появления генетических черт."
"setting_dragon_gene_frequency_less_likely","localization/replace/english/more_dragon_eggs_gamerules_l_english.yml","347","localization/russian/more_dragon_eggs_gamerules_l_russian.yml","261","Less Likely","Менее вероятно","Менее вероятно"
"setting_dragon_gene_frequency_less_likely_desc","localization/replace/english/more_dragon_eggs_gamerules_l_english.yml","352","localization/russian/more_dragon_eggs_gamerules_l_russian.yml","266","Dragons are less likely to spawn with genetic traits","У драконов реже проявляются генетические черты.","У драконов реже проявляются генетические черты."
"setting_dragon_gene_frequency_more_likely","localization/replace/english/more_dragon_eggs_gamerules_l_english.yml","349","localization/russian/more_dragon_eggs_gamerules_l_russian.yml","263","More Likely","Более вероятно","Более вероятно"
"setting_dragon_gene_frequency_more_likely_desc","localization/replace/english/more_dragon_eggs_gamerules_l_english.yml","354","localization/russian/more_dragon_eggs_gamerules_l_russian.yml","268","Dragons are more likely to spawn with genetic traits","У драконов чаще проявляются генетические черты.","У драконов чаще проявляются генетические черты."
"setting_dragon_gene_frequency_naughty_or_nice_both","localization/replace/english/more_dragon_eggs_gamerules_l_english.yml","359","localization/russian/more_dragon_eggs_gamerules_l_russian.yml","273","Both","Все","Оба"
"setting_dragon_gene_frequency_naughty_or_nice_both_desc","localization/replace/english/more_dragon_eggs_gamerules_l_english.yml","363","localization/russian/more_dragon_eggs_gamerules_l_russian.yml","277","The Dragon Gene Frequency game rule will be applied to positive and negative traits.","Правило частоты генетических черт драконов применяется ко всем чертам.","Правило частоты генов драконов применяется ко всем чертам (положительным и отрицательным)."
"setting_dragon_gene_frequency_naughty_or_nice_negative","localization/replace/english/more_dragon_eggs_gamerules_l_english.yml","358","localization/russian/more_dragon_eggs_gamerules_l_russian.yml","272","Negative","Отрицательные","Отрицательные"
"setting_dragon_gene_frequency_naughty_or_nice_negative_desc","localization/replace/english/more_dragon_eggs_gamerules_l_english.yml","362","localization/russian/more_dragon_eggs_gamerules_l_russian.yml","276","The Dragon Gene Frequency game rule will only be applied to negative traits.","Правило частоты генетических черт драконов применяется только к отрицательным чертам.","Правило частоты генов драконов применяется только к отрицательным чертам."
"setting_dragon_gene_frequency_naughty_or_nice_positive","localization/replace/english/more_dragon_eggs_gamerules_l_english.yml","360","localization/russian/more_dragon_eggs_gamerules_l_russian.yml","274","Positive","Положительные","Положительные"
"setting_dragon_gene_frequency_naughty_or_nice_positive_desc","localization/replace/english/more_dragon_eggs_gamerules_l_english.yml","364","localization/russian/more_dragon_eggs_gamerules_l_russian.yml","278","The Dragon Gene Frequency game rule will only be applied to positive traits.","Правило частоты генетических черт драконов применяется только к положительным чертам.","Правило частоты генов драконов применяется только к положительным чертам."
"setting_dragon_hatching_25_percent","localization/replace/english/more_dragon_eggs_gamerules_l_english.yml","47",,,"25% Chance",,
"setting_dragon_hatching_25_percent_desc","localization/replace/english/more_dragon_eggs_gamerules_l_english.yml","56",,,"An egg of medium hatching likelihood has about a 25% chance of hatching. Eggs more or less likely to hatch scale up or down from there.",,
"setting_dragon_hatching_5_percent","localization/replace/english/more_dragon_eggs_gamerules_l_english.yml","46",,,"5% Chance",,
"setting_dragon_hatching_5_percent_desc","localization/replace/english/more_dragon_eggs_gamerules_l_english.yml","55",,,"An egg of medium hatching likelihood has about a 5% chance of hatching. Eggs more or less likely to hatch scale up or down from there.",,
"setting_dragon_hatching_50_percent","localization/replace/english/more_dragon_eggs_gamerules_l_english.yml","48",,,"50% Chance",,
"setting_dragon_hatching_50_percent_desc","localization/replace/english/more_dragon_eggs_gamerules_l_english.yml","57",,,"An egg of medium hatching likelihood has about a 50% chance of hatching. Eggs more or less likely to hatch scale up or down from there.",,
"setting_dragon_hatching_75_percent","localization/replace/english/more_dragon_eggs_gamerules_l_english.yml","49",,,"75% Chance",,
"setting_dragon_hatching_75_percent_desc","localization/replace/english/more_dragon_eggs_gamerules_l_english.yml","58",,,"An egg of medium hatching likelihood has about a 75% chance of hatching. Eggs more or less likely to hatch scale up or down from there.",,
"setting_dragon_hatching_95_percent","localization/replace/english/more_dragon_eggs_gamerules_l_english.yml","50",,,"95% Chance",,
"setting_dragon_hatching_95_percent_desc","localization/replace/english/more_dragon_eggs_gamerules_l_english.yml","59",,,"An egg of medium hatching likelihood has about a 95% chance of hatching. Eggs more or less likely to hatch scale up or down from there.",,
"setting_dragon_hatching_guaranteed","localization/replace/english/more_dragon_eggs_gamerules_l_english.yml","44","localization/russian/more_dragon_eggs_gamerules_l_russian.yml","44","Guaranteed","Гарантировано","Гарантировано"
"setting_dragon_hatching_guaranteed_desc","localization/replace/english/more_dragon_eggs_gamerules_l_english.yml","53","localization/russian/more_dragon_eggs_gamerules_l_russian.yml","49","The dragon hatching activity will succeed in spawning a dragon","Церемония выведения дракона всегда завершится успехом.","Активность по вылуплению всегда завершится успехом."
"setting_dragon_hatching_normal","localization/replace/english/more_dragon_eggs_gamerules_l_english.yml","45","localization/russian/more_dragon_eggs_gamerules_l_russian.yml","46","Default","По умолчанию","По умолчанию"
"setting_dragon_hatching_normal_desc","localization/replace/english/more_dragon_eggs_gamerules_l_english.yml","54","localization/russian/more_dragon_eggs_gamerules_l_russian.yml","51","The dragon hatching activity will follow the default probability of success and failure.","Церемония выведения дракона использует стандартные шансы успеха и провала.","Стандартные шансы успеха/провала вылупления."
"setting_dragon_hatching_not","localization/replace/english/more_dragon_eggs_gamerules_l_english.yml","51","localization/russian/more_dragon_eggs_gamerules_l_russian.yml","47","Fail","Неудача","Провал"
"setting_dragon_hatching_not_desc","localization/replace/english/more_dragon_eggs_gamerules_l_english.yml","60","localization/russian/more_dragon_eggs_gamerules_l_russian.yml","52","The dragon hatching activity will fail.","Церемония выведения дракона всегда завершится неудачей.","Активность по вылуплению всегда будет проваливаться."
"setting_extant_hatching_ceremonies_no","localization/replace/english/more_dragon_eggs_gamerules_l_english.yml","64","localization/russian/more_dragon_eggs_gamerules_l_russian.yml","56","No","Нет","Нет"
"setting_extant_hatching_ceremonies_no_desc","localization/replace/english/more_dragon_eggs_gamerules_l_english.yml","67","localization/russian/more_dragon_eggs_gamerules_l_russian.yml","59","Hatching ceremonies will not be possible if dragons are extant.","Церемонии недоступны, если в мире существуют драконы.","Церемонии невозможны, если драконы существуют в мире."
"setting_extant_hatching_ceremonies_yes","localization/replace/english/more_dragon_eggs_gamerules_l_english.yml","63","localization/russian/more_dragon_eggs_gamerules_l_russian.yml","55","Yes","Да","Да"
"setting_extant_hatching_ceremonies_yes_desc","localization/replace/english/more_dragon_eggs_gamerules_l_english.yml","66","localization/russian/more_dragon_eggs_gamerules_l_russian.yml","58","Hatching ceremonies will be possible if dragons are extant.","Церемонии доступны, если в мире существуют драконы.","Церемонии возможны, если драконы существуют в мире."
"setting_maelys_guaranteed","localization/replace/english/more_dragon_eggs_gamerules_l_english.yml","434","localization/russian/more_dragon_eggs_gamerules_l_russian.yml","347","Guaranteed","Гарантировано","Гарантировано"
"setting_maelys_guaranteed_desc","localization/replace/english/more_dragon_eggs_gamerules_l_english.yml","439","localization/russian/more_dragon_eggs_gamerules_l_russian.yml","352","The Maelys hatching event chain will result in Maelys the Monstrous spawning in at least one dragon.","Цепочка событий с Мейлисом Ужасным гарантированно приведёт к появлению дракона или драконов.","Цепочка событий с Мейлисом Ужасным гарантированно приведёт к появлению дракона(ов)."
"setting_maelys_might","localization/replace/english/more_dragon_eggs_gamerules_l_english.yml","446","localization/russian/more_dragon_eggs_gamerules_l_russian.yml","359","Maelys Might","Возможно","Возможно"
"setting_maelys_might_desc","localization/replace/english/more_dragon_eggs_gamerules_l_english.yml","450","localization/russian/more_dragon_eggs_gamerules_l_russian.yml","363","Maelys might sacrifice his son in an attempt to hatch his dragon egg. It may or may not be successful","Мейлис может пожертвовать сыном в попытке вывести дракона из яйца. Успех не гарантирован.","Мейлис может пожертвовать сыном в попытке вылупить яйцо. Успех не гарантирован."
"setting_maelys_normal","localization/replace/english/more_dragon_eggs_gamerules_l_english.yml","436","localization/russian/more_dragon_eggs_gamerules_l_russian.yml","349","Default","По умолчанию","По умолчанию"
"setting_maelys_normal_desc","localization/replace/english/more_dragon_eggs_gamerules_l_english.yml","441","localization/russian/more_dragon_eggs_gamerules_l_russian.yml","354","The Maelys hatching event chain will follow the default probability of success and failure.","Стандартные шансы успеха и провала для событий Мейлиса.","Стандартные шансы успеха/провала для событий Мейлиса."
"setting_maelys_not","localization/replace/english/more_dragon_eggs_gamerules_l_english.yml","437","localization/russian/more_dragon_eggs_gamerules_l_russian.yml","350","Fail","Неудача","Провал"
"setting_maelys_not_desc","localization/replace/english/more_dragon_eggs_gamerules_l_english.yml","442","localization/russian/more_dragon_eggs_gamerules_l_russian.yml","355","The Maelys hatching event chain will not result in the successful revival of dragons.","События с Мейлисом не приведут к появлению драконов.","События с Мелисом не приведут к вылуплению драконов."
"setting_maelys_very_likely","localization/replace/english/more_dragon_eggs_gamerules_l_english.yml","435","localization/russian/more_dragon_eggs_gamerules_l_russian.yml","348","Very Likely","Очень вероятно","Очень вероятно"
"setting_maelys_very_likely_desc","localization/replace/english/more_dragon_eggs_gamerules_l_english.yml","440","localization/russian/more_dragon_eggs_gamerules_l_russian.yml","353","About a 50 percent chance of the Maelys hatching event spawning in at least one dragon.","~50% шанс появления дракона или драконов через события Мейлиса.","~50% шанс появления дракона(ов) через события Мейлиса."
"setting_maelys_will","localization/replace/english/more_dragon_eggs_gamerules_l_english.yml","445","localization/russian/more_dragon_eggs_gamerules_l_russian.yml","358","Maelys Will","Обязательно","Обязательно"
"setting_maelys_will_desc","localization/replace/english/more_dragon_eggs_gamerules_l_english.yml","449","localization/russian/more_dragon_eggs_gamerules_l_russian.yml","362","Maelys will sacrifice his son in an attempt to hatch his dragon egg. It may or may not be successful","Мейлис пожертвует сыном в попытке вывести дракона из яйца. Успех не гарантирован.","Мейлис пожертвует сыном в попытке вылупить яйцо. Успех не гарантирован."
"setting_maelys_wont","localization/replace/english/more_dragon_eggs_gamerules_l_english.yml","447","localization/russian/more_dragon_eggs_gamerules_l_russian.yml","360","Maelys Won't","Откажется","Откажется"
"setting_maelys_wont_desc","localization/replace/english/more_dragon_eggs_gamerules_l_english.yml","451","localization/russian/more_dragon_eggs_gamerules_l_russian.yml","364","Maelys won't sacrifice his son in an attempt to hatch his dragon egg.","Мейлис не станет жертвовать сыном ради попытки вывести дракона.","Мейлис не станет жертвовать сыном ради вылупления яйца."
"setting_mde_buttons_all","localization/replace/english/more_dragon_eggs_gamerules_l_english.yml","20",,,"All",,"Все"
"setting_mde_buttons_all_desc","localization/replace/english/more_dragon_eggs_gamerules_l_english.yml","24",,,"Every MDE button starts shown: Dragonpits, Dragons, Eggs, Kingsguard, Valyrian Steel and the MDE menu.",,"Показаны все кнопки MDE: драконьи логова, драконы, яйца, Королевская гвардия, валирийская сталь и меню MDE."
"setting_mde_buttons_off","localization/replace/english/more_dragon_eggs_gamerules_l_english.yml","18",,,"Off",,"Выключено"
"setting_mde_buttons_off_desc","localization/replace/english/more_dragon_eggs_gamerules_l_english.yml","22",,,"All MDE buttons start hidden. They can be switched on from the MDE menu, opened from the pause menu.",,"Все кнопки MDE скрыты. Их можно включить в меню MDE, которое открывается из меню паузы."
"setting_mde_buttons_standard","localization/replace/english/more_dragon_eggs_gamerules_l_english.yml","19",,,"Standard",,"Стандарт"
"setting_mde_buttons_standard_desc","localization/replace/english/more_dragon_eggs_gamerules_l_english.yml","23",,,"The Dragonpit, Dragon, Egg and MDE menu buttons start shown. Kingsguard and Valyrian Steel can be switched on from the MDE menu.",,"Кнопки драконьих логов, драконов, яиц и меню MDE показаны. Королевскую гвардию и валирийскую сталь можно включить в меню MDE."
"setting_mde_egg_notifications_off","localization/replace/english/more_dragon_eggs_gamerules_l_english.yml","505",,,"Off",,"Выкл."
"setting_mde_egg_notifications_off_desc","localization/replace/english/more_dragon_eggs_gamerules_l_english.yml","508",,,"Players are not notified when a dragon egg is laid or found.",,"Игроки не получают уведомлений, когда кто-то другой получает новое драконье яйцо."
"setting_mde_egg_notifications_on","localization/replace/english/more_dragon_eggs_gamerules_l_english.yml","504",,,"On",,"Вкл."
"setting_mde_egg_notifications_on_desc","localization/replace/english/more_dragon_eggs_gamerules_l_english.yml","507",,,"Players are notified when a dragon egg is laid or found.",,"Игроки получают уведомление, когда кто-то другой получает драконье яйцо: кладка, находка или иной способ."
"setting_no_spawns","localization/replace/english/more_dragon_eggs_gamerules_l_english.yml","70","localization/russian/more_dragon_eggs_gamerules_l_russian.yml","61","Player No Spawns","Без появления","Нет появлений"
"setting_no_spawns_ai","localization/replace/english/more_dragon_eggs_gamerules_l_english.yml","95",,,"AI No Spawns",,
"setting_no_spawns_ai_desc","localization/replace/english/more_dragon_eggs_gamerules_l_english.yml","107",,,"No dragon eggs can be picked up on the map by any AI, either from any of the dragonlore locations, Winterfell, or by decisions such as A Day On Dragonstone or Escape to Summerhall/Rebuild Summerhall.",,
"setting_no_spawns_desc","localization/replace/english/more_dragon_eggs_gamerules_l_english.yml","82","localization/russian/more_dragon_eggs_gamerules_l_russian.yml","69","No dragon eggs can be picked up on the map by any player, either from any of the dragonlore locations, Winterfell, or by decisions such as A Day On Dragonstone or Escape to Summerhall/Rebuild Summerhall.","Драконьи яйца нельзя будет найти на карте: ни в местах, связанных с драконами, ни в Винтерфелле, ни через решения вроде «Дня на Драконьем Камне», бегства в Летний замок или восстановления Летнего замка.","Яйца нельзя найти на карте: в локациях знаний, Винтерфелле или через решения вроде 'Дня на Драконьем Камне'."
"setting_pit_egg_hatch_likelihood_always","localization/replace/english/more_dragon_eggs_gamerules_l_english.yml","253",,,"Always",,"Всегда"
"setting_pit_egg_hatch_likelihood_always_ai","localization/replace/english/more_dragon_eggs_gamerules_l_english.yml","271",,,"Always",,"Всегда"
"setting_pit_egg_hatch_likelihood_always_ai_desc","localization/replace/english/more_dragon_eggs_gamerules_l_english.yml","280",,,"Eggs placed in an AI's dragonpit will never become duds.",,"Яйца в драконьем логове ИИ никогда не станут бесплодными."
"setting_pit_egg_hatch_likelihood_always_desc","localization/replace/english/more_dragon_eggs_gamerules_l_english.yml","261",,,"Eggs placed in a player's dragonpit will never become duds.",,"Яйца в драконьем логове игрока никогда не станут бесплодными."
"setting_pit_egg_hatch_likelihood_common","localization/replace/english/more_dragon_eggs_gamerules_l_english.yml","252",,,"Common",,"Часто"
"setting_pit_egg_hatch_likelihood_common_ai","localization/replace/english/more_dragon_eggs_gamerules_l_english.yml","270",,,"Common",,"Часто"
"setting_pit_egg_hatch_likelihood_common_ai_desc","localization/replace/english/more_dragon_eggs_gamerules_l_english.yml","279",,,"Eggs placed in an AI's dragonpit have a high chance to successfully hatch.",,"Высокий шанс вылупления яиц в драконьем логове ИИ."
"setting_pit_egg_hatch_likelihood_common_desc","localization/replace/english/more_dragon_eggs_gamerules_l_english.yml","260",,,"Eggs placed in a player's dragonpit have a high chance to successfully hatch.",,"Высокий шанс вылупления яиц в драконьем логове игрока."
"setting_pit_egg_hatch_likelihood_default","localization/replace/english/more_dragon_eggs_gamerules_l_english.yml","250",,,"Default",,"По умолчанию"
"setting_pit_egg_hatch_likelihood_default_ai","localization/replace/english/more_dragon_eggs_gamerules_l_english.yml","268",,,"Default",,"По умолчанию"
"setting_pit_egg_hatch_likelihood_default_ai_desc","localization/replace/english/more_dragon_eggs_gamerules_l_english.yml","277",,,"Eggs placed in an AI's dragonpit will use the vanilla odds to determine if they will hatch.",,"Стандартная вероятность вылупления яиц в драконьем логове ИИ."
"setting_pit_egg_hatch_likelihood_default_desc","localization/replace/english/more_dragon_eggs_gamerules_l_english.yml","258",,,"Eggs placed in a player's dragonpit will use the vanilla odds to determine if they will hatch.",,"Стандартная вероятность вылупления яиц в драконьем логове игрока."
"setting_pit_egg_hatch_likelihood_less_likely","localization/replace/english/more_dragon_eggs_gamerules_l_english.yml","249",,,"Less Likely",,"Менее вероятно"
"setting_pit_egg_hatch_likelihood_less_likely_ai","localization/replace/english/more_dragon_eggs_gamerules_l_english.yml","267",,,"Less Likely",,"Менее вероятно"
"setting_pit_egg_hatch_likelihood_less_likely_ai_desc","localization/replace/english/more_dragon_eggs_gamerules_l_english.yml","276",,,"Eggs placed in an AI's dragonpit will hatch less often than normal.",,"Яйца в драконьем логове ИИ вылупляются реже обычного."
"setting_pit_egg_hatch_likelihood_less_likely_desc","localization/replace/english/more_dragon_eggs_gamerules_l_english.yml","257",,,"Eggs placed in a player's dragonpit will hatch less often than normal.",,"Яйца в драконьем логове игрока вылупляются реже обычного."
"setting_pit_egg_hatch_likelihood_more_likely","localization/replace/english/more_dragon_eggs_gamerules_l_english.yml","251",,,"More Likely",,"Более вероятно"
"setting_pit_egg_hatch_likelihood_more_likely_ai","localization/replace/english/more_dragon_eggs_gamerules_l_english.yml","269",,,"More Likely",,"Более вероятно"
"setting_pit_egg_hatch_likelihood_more_likely_ai_desc","localization/replace/english/more_dragon_eggs_gamerules_l_english.yml","278",,,"Eggs placed in an AI's dragonpit are more likely to hatch than normal.",,"Яйца в драконьем логове ИИ вылупляются чаще обычного."
"setting_pit_egg_hatch_likelihood_more_likely_desc","localization/replace/english/more_dragon_eggs_gamerules_l_english.yml","259",,,"Eggs placed in a player's dragonpit are more likely to hatch than normal.",,"Яйца в драконьем логове игрока вылупляются чаще обычного."
"setting_pit_egg_hatch_likelihood_never","localization/replace/english/more_dragon_eggs_gamerules_l_english.yml","247",,,"Never",,"Никогда"
"setting_pit_egg_hatch_likelihood_never_ai","localization/replace/english/more_dragon_eggs_gamerules_l_english.yml","265",,,"Never",,"Никогда"
"setting_pit_egg_hatch_likelihood_never_ai_desc","localization/replace/english/more_dragon_eggs_gamerules_l_english.yml","274",,,"Eggs placed in an AI's dragonpit will never hatch.",,"Яйца в драконьем логове ИИ никогда не вылупляются."
"setting_pit_egg_hatch_likelihood_never_desc","localization/replace/english/more_dragon_eggs_gamerules_l_english.yml","255",,,"Eggs placed in a player's dragonpit will never hatch.",,"Яйца в драконьем логове игрока никогда не вылупляются."
"setting_pit_egg_hatch_likelihood_rare","localization/replace/english/more_dragon_eggs_gamerules_l_english.yml","248",,,"Rare",,"Редко"
"setting_pit_egg_hatch_likelihood_rare_ai","localization/replace/english/more_dragon_eggs_gamerules_l_english.yml","266",,,"Rare",,"Редко"
"setting_pit_egg_hatch_likelihood_rare_ai_desc","localization/replace/english/more_dragon_eggs_gamerules_l_english.yml","275",,,"Eggs placed in an AI's dragonpit will rarely ever hatch.",,"Яйца в драконьем логове ИИ редко вылупляются."
"setting_pit_egg_hatch_likelihood_rare_desc","localization/replace/english/more_dragon_eggs_gamerules_l_english.yml","256",,,"Eggs placed in a player's dragonpit will rarely ever hatch.",,"Яйца в драконьем логове игрока редко вылупляются."
"setting_pit_egg_hatch_likelihood_wont_pit_ai","localization/replace/english/more_dragon_eggs_gamerules_l_english.yml","264",,,"Won't Pit",,"Не использует логово"
"setting_pit_egg_hatch_likelihood_wont_pit_ai_desc","localization/replace/english/more_dragon_eggs_gamerules_l_english.yml","273",,,"The AI won't place dragon eggs in dragonpits.",,"ИИ не будет помещать драконьи яйца в драконье логово."
"setting_ride_dragon_decision_cooldown_default","localization/replace/english/more_dragon_eggs_gamerules_l_english.yml","387","localization/russian/more_dragon_eggs_gamerules_l_russian.yml","301","3 Years","3 года","3 года"
"setting_ride_dragon_decision_cooldown_default_desc","localization/replace/english/more_dragon_eggs_gamerules_l_english.yml","396","localization/russian/more_dragon_eggs_gamerules_l_russian.yml","310","The length of time of the cooldown for the 'Ride Dragon' decision","Задержка перед повторным использованием решения «Оседлать дракона».","Длительность перезарядки для решения 'Оседлать дракона'"
"setting_ride_dragon_decision_cooldown_five_years_hash_avoid","localization/replace/english/more_dragon_eggs_gamerules_l_english.yml","389","localization/russian/more_dragon_eggs_gamerules_l_russian.yml","303","5 Years","5 лет","5 лет"
"setting_ride_dragon_decision_cooldown_five_years_hash_avoid_desc","localization/replace/english/more_dragon_eggs_gamerules_l_english.yml","401","localization/russian/more_dragon_eggs_gamerules_l_russian.yml","315","The length of time of the cooldown for the 'Ride Dragon' decision","Задержка перед повторным использованием решения «Оседлать дракона».","Длительность перезарядки для решения 'Оседлать дракона'"
"setting_ride_dragon_decision_cooldown_four_years","localization/replace/english/more_dragon_eggs_gamerules_l_english.yml","388","localization/russian/more_dragon_eggs_gamerules_l_russian.yml","302","4 Years","4 года","4 года"
"setting_ride_dragon_decision_cooldown_four_years_desc","localization/replace/english/more_dragon_eggs_gamerules_l_english.yml","397","localization/russian/more_dragon_eggs_gamerules_l_russian.yml","311","The length of time of the cooldown for the 'Ride Dragon' decision","Задержка перед повторным использованием решения «Оседлать дракона».","Длительность перезарядки для решения 'Оседлать дракона'"
"setting_ride_dragon_decision_cooldown_nine_months","localization/replace/english/more_dragon_eggs_gamerules_l_english.yml","384","localization/russian/more_dragon_eggs_gamerules_l_russian.yml","298","9 Months","9 месяцев","9 месяцев"
"setting_ride_dragon_decision_cooldown_nine_months_desc","localization/replace/english/more_dragon_eggs_gamerules_l_english.yml","393","localization/russian/more_dragon_eggs_gamerules_l_russian.yml","307","The length of time of the cooldown for the 'Ride Dragon' decision","Задержка перед повторным использованием решения «Оседлать дракона».","Длительность перезарядки для решения 'Оседлать дракона'"
"setting_ride_dragon_decision_cooldown_one_year","localization/replace/english/more_dragon_eggs_gamerules_l_english.yml","385","localization/russian/more_dragon_eggs_gamerules_l_russian.yml","299","1 Year","1 год","1 год"
"setting_ride_dragon_decision_cooldown_one_year_desc","localization/replace/english/more_dragon_eggs_gamerules_l_english.yml","394","localization/russian/more_dragon_eggs_gamerules_l_russian.yml","308","The length of time of the cooldown for the 'Ride Dragon' decision","Задержка перед повторным использованием решения «Оседлать дракона».","Длительность перезарядки для решения 'Оседлать дракона'"
"setting_ride_dragon_decision_cooldown_six_months","localization/replace/english/more_dragon_eggs_gamerules_l_english.yml","383","localization/russian/more_dragon_eggs_gamerules_l_russian.yml","297","6 Months","6 месяцев","6 месяцев"
"setting_ride_dragon_decision_cooldown_six_months_desc","localization/replace/english/more_dragon_eggs_gamerules_l_english.yml","392","localization/russian/more_dragon_eggs_gamerules_l_russian.yml","306","The length of time of the cooldown for the 'Ride Dragon' decision","Задержка перед повторным использованием решения «Оседлать дракона».","Длительность перезарядки для решения 'Оседлать дракона'"
"setting_ride_dragon_decision_cooldown_three_months","localization/replace/english/more_dragon_eggs_gamerules_l_english.yml","382","localization/russian/more_dragon_eggs_gamerules_l_russian.yml","296","3 Months","3 месяца","3 месяца"
"setting_ride_dragon_decision_cooldown_three_months_desc","localization/replace/english/more_dragon_eggs_gamerules_l_english.yml","391","localization/russian/more_dragon_eggs_gamerules_l_russian.yml","305","The length of time of the cooldown for the 'Ride Dragon' decision","Задержка перед повторным использованием решения «Оседлать дракона».","Длительность перезарядки для решения 'Оседлать дракона'"
"setting_ride_dragon_decision_cooldown_two_years","localization/replace/english/more_dragon_eggs_gamerules_l_english.yml","386","localization/russian/more_dragon_eggs_gamerules_l_russian.yml","300","2 Years","2 года","2 года"
"setting_ride_dragon_decision_cooldown_two_years_desc","localization/replace/english/more_dragon_eggs_gamerules_l_english.yml","395","localization/russian/more_dragon_eggs_gamerules_l_russian.yml","309","The length of time of the cooldown for the 'Ride Dragon' decision","Задержка перед повторным использованием решения «Оседлать дракона».","Длительность перезарядки для решения 'Оседлать дракона'"
"setting_show_dragon_portrait_on_start_no","localization/replace/english/more_dragon_eggs_gamerules_l_english.yml","11","localization/russian/more_dragon_eggs_gamerules_l_russian.yml","10","No","Нет",
"setting_show_dragon_portrait_on_start_no_desc","localization/replace/english/more_dragon_eggs_gamerules_l_english.yml","14","localization/russian/more_dragon_eggs_gamerules_l_russian.yml","13","Your Dragon's portrait will be hidden on game start. Can be enabled later.","Портрет вашего дракона будет скрыт при старте игры. Позже его можно включить.",
"setting_show_dragon_portrait_on_start_yes","localization/replace/english/more_dragon_eggs_gamerules_l_english.yml","12","localization/russian/more_dragon_eggs_gamerules_l_russian.yml","11","Yes","Да",
"setting_show_dragon_portrait_on_start_yes_desc","localization/replace/english/more_dragon_eggs_gamerules_l_english.yml","15","localization/russian/more_dragon_eggs_gamerules_l_russian.yml","14","Your Dragon's portrait will be displayed in the bottom left corner of the screen next to your character's portrait from game start. Can be disabled later.","Портрет вашего дракона будет показан в левом нижнем углу экрана рядом с портретом персонажа с начала игры. Позже его можно отключить.",
"setting_spawn_cannibal_egg_disabled","localization/replace/english/more_dragon_eggs_gamerules_l_english.yml","121","localization/russian/more_dragon_eggs_gamerules_l_russian.yml","79","Disabled","Отключено","Отключено"
"setting_spawn_cannibal_egg_disabled_desc","localization/replace/english/more_dragon_eggs_gamerules_l_english.yml","124","localization/russian/more_dragon_eggs_gamerules_l_russian.yml","82","The Dragonlore event on Skagos will remain but it will never spawn a dragon egg.","Событие о драконьих знаниях на Скагосе останется, но драконье яйцо в нём больше не появится.","Событие о драконьих знаниях на Скагосе останется, но яйцо не появится."
"setting_spawn_cannibal_egg_enabled","localization/replace/english/more_dragon_eggs_gamerules_l_english.yml","120","localization/russian/more_dragon_eggs_gamerules_l_russian.yml","78","Enabled","Включено","Включено"
"setting_spawn_cannibal_egg_enabled_desc","localization/replace/english/more_dragon_eggs_gamerules_l_english.yml","123","localization/russian/more_dragon_eggs_gamerules_l_russian.yml","81","Cannibal descended dragon egg can be picked up by travelers going to Skagos.","Яйцо потомка Каннибала можно найти во время путешествия на Скагос.","Яйцо дракона-каннибала можно найти путешественникам на Скагосе."
"setting_spawn_dragonstone_eggs_disabled","localization/replace/english/more_dragon_eggs_gamerules_l_english.yml","187","localization/russian/more_dragon_eggs_gamerules_l_russian.yml","145","Disabled","Отключено","Отключено"
"setting_spawn_dragonstone_eggs_disabled_ai_blocked","localization/replace/english/more_dragon_eggs_gamerules_l_english.yml","188",,,"Disabled for AI",,
"setting_spawn_dragonstone_eggs_disabled_ai_blocked_desc","localization/replace/english/more_dragon_eggs_gamerules_l_english.yml","192",,,"The Dragonlore event in Dragonstone is blocked for AI to prevent egg overabundance. A Day On Dragonstone and Adventurer Inspirations to Dragonstone will remain unchanged.",,
"setting_spawn_dragonstone_eggs_disabled_desc","localization/replace/english/more_dragon_eggs_gamerules_l_english.yml","191","localization/russian/more_dragon_eggs_gamerules_l_russian.yml","148","The Dragonlore event in Dragonstone will remain but it will never spawn a dragon egg by visiting, A Day On Dragonstone and Adventurer Inspirations to Dragonstone will remain unchanged.","Событие о драконьих знаниях на Драконьем Камне останется, но обычное посещение больше не будет создавать драконье яйцо. Событие «День на Драконьем Камне» и вдохновения авантюристов на Драконьем Камне останутся без изменений.","The Dragonlore event in Dragonstone will remain but it will never spawn a dragon egg by visiting, A Day On Dragonstone event will remain unchanged. Adventurer Inspirations to Dragonstone will remain unchanged. "
"setting_spawn_dragonstone_eggs_enabled","localization/replace/english/more_dragon_eggs_gamerules_l_english.yml","186","localization/russian/more_dragon_eggs_gamerules_l_russian.yml","144","Enabled","Включено","Включено"
"setting_spawn_dragonstone_eggs_enabled_desc","localization/replace/english/more_dragon_eggs_gamerules_l_english.yml","190","localization/russian/more_dragon_eggs_gamerules_l_russian.yml","147","Nessarion/Meraxes/Vhagar/Quicksilver/Dreamfyre/Meleys/Silverwing + Vermithor/Syrax + Caraxes dragon eggs of any color can be picked up by travelers going to Dragonstone","Яйца Нессариона, Мераксес, Вхагар, Ртути, Пламенной Мечты, Мелеис, Среброкрылой, Вермитора, Сиракс и Караксеса можно найти на Драконьем Камне.","Яйца Нессарион/Мераксис/Вхагар/Ртуть/Пламенная мечта/Мелеис/Среброкрылая + Вермитор/Сираксис + Караксис можно найти на Драконьем Камне."
"setting_spawn_hightower_egg_disabled","localization/replace/english/more_dragon_eggs_gamerules_l_english.yml","178","localization/russian/more_dragon_eggs_gamerules_l_russian.yml","136","Disabled","Отключено","Отключено"
"setting_spawn_hightower_egg_disabled_desc","localization/replace/english/more_dragon_eggs_gamerules_l_english.yml","182","localization/russian/more_dragon_eggs_gamerules_l_russian.yml","140","The Hightowers will not start with a dragon egg.","Хайтауэры не начнут игру с драконьим яйцом.","The Hightowers will not start with a dragon egg. "
"setting_spawn_hightower_egg_enabled","localization/replace/english/more_dragon_eggs_gamerules_l_english.yml","177","localization/russian/more_dragon_eggs_gamerules_l_russian.yml","135","Enabled","Включено","Включено"
"setting_spawn_hightower_egg_enabled_desc","localization/replace/english/more_dragon_eggs_gamerules_l_english.yml","181","localization/russian/more_dragon_eggs_gamerules_l_russian.yml","139","Tessarion + Seasmoke is held by the owner of the High Tower at game start (always the main Hightower).","Яйцо, связанное с Тессарион и Морским Дымом, находится у владельца Высокой башни при старте игры.","Яйца Тессариона и Морского Дыма принадлежат владельцу Высокой Башни при старте игры."
"setting_spawn_hightower_egg_secret","localization/replace/english/more_dragon_eggs_gamerules_l_english.yml","176","localization/russian/more_dragon_eggs_gamerules_l_russian.yml","134","Enabled - Secret","Включено — тайна",
"setting_spawn_hightower_egg_secret_desc","localization/replace/english/more_dragon_eggs_gamerules_l_english.yml","180","localization/russian/more_dragon_eggs_gamerules_l_russian.yml","138","The Hightowers will start with a hidden artifact secret that can be revealed to be a Tessarion and Seasmoke dragon egg.","Хайтауэры начнут игру со скрытой тайной артефакта, которую можно раскрыть как драконье яйцо, связанное с Тессарион и Морским Дымом.",
"setting_spawn_meraxes_egg_disabled","localization/replace/english/more_dragon_eggs_gamerules_l_english.yml","156","localization/russian/more_dragon_eggs_gamerules_l_russian.yml","114","Disabled","Отключено","Disabled"
"setting_spawn_meraxes_egg_disabled_desc","localization/replace/english/more_dragon_eggs_gamerules_l_english.yml","159","localization/russian/more_dragon_eggs_gamerules_l_russian.yml","117","The Dragonlore event in the Hellholt will remain but it will never spawn a dragon egg.","Событие о драконьих знаниях в Пекле останется, но драконье яйцо в нём больше не появится.","The Dragonlore event in the Vale will remain but it will never spawn a dragon egg. "
"setting_spawn_meraxes_egg_enabled","localization/replace/english/more_dragon_eggs_gamerules_l_english.yml","155","localization/russian/more_dragon_eggs_gamerules_l_russian.yml","113","Enabled","Включено","Enabled"
"setting_spawn_meraxes_egg_enabled_desc","localization/replace/english/more_dragon_eggs_gamerules_l_english.yml","158","localization/russian/more_dragon_eggs_gamerules_l_russian.yml","116","Meraxes descended dragon egg can be picked up by travelers going to the Hellholt.","Яйцо потомка Мераксес можно найти во время путешествия в Пекло.","Meraxes descended dragon egg can be picked up by travelers going into the Mountains of the Vale."
"setting_spawn_moondancer_egg_disabled","localization/replace/english/more_dragon_eggs_gamerules_l_english.yml","142","localization/russian/more_dragon_eggs_gamerules_l_russian.yml","100","Disabled","Отключено","Disabled"
"setting_spawn_moondancer_egg_disabled_desc","localization/replace/english/more_dragon_eggs_gamerules_l_english.yml","145","localization/russian/more_dragon_eggs_gamerules_l_russian.yml","103","The Dragonlore event in the ruins of Spicetown will remain but it will never spawn a dragon egg.","Событие о драконьих знаниях в руинах Спайстауна останется, но драконье яйцо в нём больше не появится.","The Dragonlore event in the Vale will remain but it will never spawn a dragon egg. "
"setting_spawn_moondancer_egg_enabled","localization/replace/english/more_dragon_eggs_gamerules_l_english.yml","141","localization/russian/more_dragon_eggs_gamerules_l_russian.yml","99","Enabled","Включено","Enabled"
"setting_spawn_moondancer_egg_enabled_desc","localization/replace/english/more_dragon_eggs_gamerules_l_english.yml","144","localization/russian/more_dragon_eggs_gamerules_l_russian.yml","102","Moondancer descended dragon egg can be picked up by travelers going to the ruins of Spicetown.","Яйцо потомка Лунной Плясуньи можно найти во время путешествия к руинам Спайстауна.","Moondancer descended dragon egg can be picked up by travelers going into the Mountains of the Vale."
"setting_spawn_nagga_egg_disabled","localization/replace/english/more_dragon_eggs_gamerules_l_english.yml","149","localization/russian/more_dragon_eggs_gamerules_l_russian.yml","107","Disabled","Отключено","Disabled"
"setting_spawn_nagga_egg_disabled_desc","localization/replace/english/more_dragon_eggs_gamerules_l_english.yml","152","localization/russian/more_dragon_eggs_gamerules_l_russian.yml","110","The Dragonlore event on Nagga's Hill will remain but it will never spawn a dragon egg.","Событие о драконьих знаниях на холме Нагги останется, но драконье яйцо в нём больше не появится.","The Dragonlore event in the Vale will remain but it will never spawn a dragon egg. "
"setting_spawn_nagga_egg_enabled","localization/replace/english/more_dragon_eggs_gamerules_l_english.yml","148","localization/russian/more_dragon_eggs_gamerules_l_russian.yml","106","Enabled","Включено","Enabled"
"setting_spawn_nagga_egg_enabled_desc","localization/replace/english/more_dragon_eggs_gamerules_l_english.yml","151","localization/russian/more_dragon_eggs_gamerules_l_russian.yml","109","Nagga descended dragon egg can be picked up by travelers going to Nagga's Hill.","Яйцо потомка Нагги можно найти во время путешествия к холму Нагги.","Nagga descended dragon egg can be picked up by travelers going into the Mountains of the Vale."
"setting_spawn_pythax_egg_disabled","localization/replace/english/more_dragon_eggs_gamerules_l_english.yml","163","localization/russian/more_dragon_eggs_gamerules_l_russian.yml","121","Disabled","Отключено","Disabled"
"setting_spawn_pythax_egg_disabled_desc","localization/replace/english/more_dragon_eggs_gamerules_l_english.yml","166","localization/russian/more_dragon_eggs_gamerules_l_russian.yml","124","The Dragonlore event in southern Essos will remain but it will never spawn a dragon egg.","Событие о драконьих знаниях в южном Эссосе останется, но драконье яйцо в нём больше не появится.","The Dragonlore event in the Vale will remain but it will never spawn a dragon egg. "
"setting_spawn_pythax_egg_enabled","localization/replace/english/more_dragon_eggs_gamerules_l_english.yml","162","localization/russian/more_dragon_eggs_gamerules_l_russian.yml","120","Enabled","Включено","Enabled"
"setting_spawn_pythax_egg_enabled_desc","localization/replace/english/more_dragon_eggs_gamerules_l_english.yml","165","localization/russian/more_dragon_eggs_gamerules_l_russian.yml","123","Pythax descended dragon egg can be picked up by travelers going to southern Essos.","Яйцо потомка Питакса можно найти во время путешествия в южный Эссос.","Pythax descended dragon egg can be picked up by travelers going into the Mountains of the Vale."
"setting_spawn_sheepstealer_egg_disabled","localization/replace/english/more_dragon_eggs_gamerules_l_english.yml","128","localization/russian/more_dragon_eggs_gamerules_l_russian.yml","86","Disabled","Отключено","Отключено"
"setting_spawn_sheepstealer_egg_disabled_desc","localization/replace/english/more_dragon_eggs_gamerules_l_english.yml","131","localization/russian/more_dragon_eggs_gamerules_l_russian.yml","89","The Dragonlore event in the Vale will remain but it will never spawn a dragon egg.","Событие о драконьих знаниях в Долине останется, но драконье яйцо в нём больше не появится.","The Dragonlore event in the Vale will remain but it will never spawn a dragon egg. "
"setting_spawn_sheepstealer_egg_enabled","localization/replace/english/more_dragon_eggs_gamerules_l_english.yml","127","localization/russian/more_dragon_eggs_gamerules_l_russian.yml","85","Enabled","Включено","Включено"
"setting_spawn_sheepstealer_egg_enabled_desc","localization/replace/english/more_dragon_eggs_gamerules_l_english.yml","130","localization/russian/more_dragon_eggs_gamerules_l_russian.yml","88","Sheepstealer descended dragon egg can be picked up by travelers going into the Mountains of the Vale.","Яйцо потомка Овцекрада можно найти во время путешествия по Лунным горам.","Яйцо потомка Похитителя Овец можно найти в Горах Долины."
"setting_spawn_starting_eggs_disabled","localization/replace/english/more_dragon_eggs_gamerules_l_english.yml","201","localization/russian/more_dragon_eggs_gamerules_l_russian.yml","166","Disabled","Отключено",
"setting_spawn_starting_eggs_disabled_desc","localization/replace/english/more_dragon_eggs_gamerules_l_english.yml","204","localization/russian/more_dragon_eggs_gamerules_l_russian.yml","169","Characters won't start with lore accurate dragon eggs in their inventory.","Персонажи не начнут игру с драконьими яйцами, соответствующими лору.",
"setting_spawn_starting_eggs_enabled","localization/replace/english/more_dragon_eggs_gamerules_l_english.yml","200","localization/russian/more_dragon_eggs_gamerules_l_russian.yml","165","Enabled","Включено",
"setting_spawn_starting_eggs_enabled_desc","localization/replace/english/more_dragon_eggs_gamerules_l_english.yml","203","localization/russian/more_dragon_eggs_gamerules_l_russian.yml","168","Characters will start with lore accurate dragon eggs in their inventory.","Персонажи начнут игру с драконьими яйцами, соответствующими лору.",
"setting_spawn_vassarion_egg_disabled","localization/replace/english/more_dragon_eggs_gamerules_l_english.yml","170","localization/russian/more_dragon_eggs_gamerules_l_russian.yml","128","Disabled","Отключено","Disabled"
"setting_spawn_vassarion_egg_disabled_desc","localization/replace/english/more_dragon_eggs_gamerules_l_english.yml","173","localization/russian/more_dragon_eggs_gamerules_l_russian.yml","131","The Dragonlore event in eastern Andalos will remain but it will never spawn a dragon egg.","Событие о драконьих знаниях в восточном Андалосе останется, но драконье яйцо в нём больше не появится.","The Dragonlore event in the Vale will remain but it will never spawn a dragon egg. "
"setting_spawn_vassarion_egg_enabled","localization/replace/english/more_dragon_eggs_gamerules_l_english.yml","169","localization/russian/more_dragon_eggs_gamerules_l_russian.yml","127","Enabled","Включено","Enabled"
"setting_spawn_vassarion_egg_enabled_desc","localization/replace/english/more_dragon_eggs_gamerules_l_english.yml","172","localization/russian/more_dragon_eggs_gamerules_l_russian.yml","130","Vassarion descended dragon egg can be picked up by travelers going to eastern Andalos.","Яйцо потомка Вассариона можно найти во время путешествия в восточный Андалос.","Vassarion descended dragon egg can be picked up by travelers going into the Mountains of the Vale."
"setting_spawn_vhagar_egg_disabled","localization/replace/english/more_dragon_eggs_gamerules_l_english.yml","135","localization/russian/more_dragon_eggs_gamerules_l_russian.yml","93","Disabled","Отключено","Отключено"
"setting_spawn_vhagar_egg_disabled_desc","localization/replace/english/more_dragon_eggs_gamerules_l_english.yml","138","localization/russian/more_dragon_eggs_gamerules_l_russian.yml","96","The Dragonlore event in Harrenhal will remain but it will never spawn a dragon egg.","Событие о драконьих знаниях в Харренхолле останется, но драконье яйцо в нём больше не появится.","The Dragonlore event in Harrenhal will remain but it will never spawn a dragon egg. "
"setting_spawn_vhagar_egg_enabled","localization/replace/english/more_dragon_eggs_gamerules_l_english.yml","134","localization/russian/more_dragon_eggs_gamerules_l_russian.yml","92","Enabled","Включено","Включено"
"setting_spawn_vhagar_egg_enabled_desc","localization/replace/english/more_dragon_eggs_gamerules_l_english.yml","137","localization/russian/more_dragon_eggs_gamerules_l_russian.yml","95","Vhagar descended dragon egg can be picked up by travelers going to Harrenhal.","Яйцо потомка Вхагар можно найти в Харренхолле.","Яйцо потомка Вхагар можно найти в Харренхолле."
"setting_stepstone_invasion_frequency_every_10_years","localization/replace/english/more_dragon_eggs_gamerules_l_english.yml","468","localization/russian/more_dragon_eggs_gamerules_l_russian.yml","381","10 Years","10 лет","10 лет"
"setting_stepstone_invasion_frequency_every_10_years_desc","localization/replace/english/more_dragon_eggs_gamerules_l_english.yml","475","localization/russian/more_dragon_eggs_gamerules_l_russian.yml","388","Stepstone Invasions will occur every 10 years.","Вторжения на Ступени будут происходить каждые 10 лет.","Вторжения на Ступени каждые 10 лет."
"setting_stepstone_invasion_frequency_every_20_years","localization/replace/english/more_dragon_eggs_gamerules_l_english.yml","469","localization/russian/more_dragon_eggs_gamerules_l_russian.yml","382","20 Years","20 лет","20 лет"
"setting_stepstone_invasion_frequency_every_20_years_desc","localization/replace/english/more_dragon_eggs_gamerules_l_english.yml","476","localization/russian/more_dragon_eggs_gamerules_l_russian.yml","389","Stepstone Invasions will occur every 20 years.","Вторжения на Ступени будут происходить каждые 20 лет.","Вторжения на Ступени каждые 20 лет."
"setting_stepstone_invasion_frequency_every_5_years","localization/replace/english/more_dragon_eggs_gamerules_l_english.yml","467","localization/russian/more_dragon_eggs_gamerules_l_russian.yml","380","5 Years","5 лет","5 лет"
"setting_stepstone_invasion_frequency_every_5_years_desc","localization/replace/english/more_dragon_eggs_gamerules_l_english.yml","474","localization/russian/more_dragon_eggs_gamerules_l_russian.yml","387","Stepstone Invasions will occur every 5 years. This is the setting in vanilla AGOT.","Вторжения на Ступени будут происходить каждые 5 лет — как в базовом AGOT.","Вторжения на Ступени каждые 5 лет (настройки vanilla AGOT)."
"setting_stepstone_invasion_frequency_every_50_years","localization/replace/english/more_dragon_eggs_gamerules_l_english.yml","470","localization/russian/more_dragon_eggs_gamerules_l_russian.yml","383","50 Years","50 лет","50 лет"
"setting_stepstone_invasion_frequency_every_50_years_desc","localization/replace/english/more_dragon_eggs_gamerules_l_english.yml","477","localization/russian/more_dragon_eggs_gamerules_l_russian.yml","390","Stepstone Invasions will occur every 50 years.","Вторжения на Ступени будут происходить каждые 50 лет.","Вторжения на Ступени каждые 50 лет."
"setting_stepstone_invasion_frequency_every_year","localization/replace/english/more_dragon_eggs_gamerules_l_english.yml","466","localization/russian/more_dragon_eggs_gamerules_l_russian.yml","379","Every Year","Каждый год","Каждый год"
"setting_stepstone_invasion_frequency_every_year_desc","localization/replace/english/more_dragon_eggs_gamerules_l_english.yml","473","localization/russian/more_dragon_eggs_gamerules_l_russian.yml","386","Stepstone Invasions will occur once a year.","Вторжения на Ступени будут ежегодными.","Вторжения на Ступени будут ежегодными."
"setting_stepstone_invasion_frequency_never","localization/replace/english/more_dragon_eggs_gamerules_l_english.yml","465","localization/russian/more_dragon_eggs_gamerules_l_russian.yml","378","Never","Никогда","Никогда"
"setting_stepstone_invasion_frequency_never_desc","localization/replace/english/more_dragon_eggs_gamerules_l_english.yml","472","localization/russian/more_dragon_eggs_gamerules_l_russian.yml","385","Stepstone Invasions will never occur.","Вторжения на Ступени происходить не будут.","Вторжения на Ступени происходить не будут."
"setting_summerhall_guaranteed","localization/replace/english/more_dragon_eggs_gamerules_l_english.yml","421","localization/russian/more_dragon_eggs_gamerules_l_russian.yml","334","Guaranteed","Гарантировано","Гарантировано"
"setting_summerhall_guaranteed_all_seven","localization/replace/english/more_dragon_eggs_gamerules_l_english.yml","420","localization/russian/more_dragon_eggs_gamerules_l_russian.yml","333","Guaranteed 7 Dragons","Гарантированно 7 драконов","Guaranteed 7 Dragons"
"setting_summerhall_guaranteed_all_seven_desc","localization/replace/english/more_dragon_eggs_gamerules_l_english.yml","427","localization/russian/more_dragon_eggs_gamerules_l_russian.yml","340","The Summerhall event chain will result in Aegon V spawning in seven dragon.","Цепочка событий в Летнем замке приведёт к появлению семи драконов у Эйгона V.","The Summerhall event chain will result in Aegon V spawning in seven dragon."
"setting_summerhall_guaranteed_desc","localization/replace/english/more_dragon_eggs_gamerules_l_english.yml","428","localization/russian/more_dragon_eggs_gamerules_l_russian.yml","341","The Summerhall event chain will result in Aegon V spawning in at least one dragon.","Цепочка событий в Летнем замке гарантированно приведёт к появлению дракона или драконов.","Цепочка событий в Саммерхолле гарантированно приведёт к появлению дракона(ов)."
"setting_summerhall_normal","localization/replace/english/more_dragon_eggs_gamerules_l_english.yml","423","localization/russian/more_dragon_eggs_gamerules_l_russian.yml","336","Default","По умолчанию","По умолчанию"
"setting_summerhall_normal_desc","localization/replace/english/more_dragon_eggs_gamerules_l_english.yml","430","localization/russian/more_dragon_eggs_gamerules_l_russian.yml","343","The Summerhall event chain will follow the default probability of success and failure.","Стандартные шансы успеха и провала для событий Летнего замка.","Стандартные шансы успеха/провала для событий Саммерхолла."
"setting_summerhall_not","localization/replace/english/more_dragon_eggs_gamerules_l_english.yml","424","localization/russian/more_dragon_eggs_gamerules_l_russian.yml","337","Fail","Неудача","Провал"
"setting_summerhall_not_desc","localization/replace/english/more_dragon_eggs_gamerules_l_english.yml","431","localization/russian/more_dragon_eggs_gamerules_l_russian.yml","344","The Summerhall event chain will not result in the successful revival of dragons.","События в Летнем замке не приведут к возрождению драконов.","События в Саммерхолле не приведут к возрождению драконов."
"setting_summerhall_seven_wild","localization/replace/english/more_dragon_eggs_gamerules_l_english.yml","419","localization/russian/more_dragon_eggs_gamerules_l_russian.yml","332","7 Wild Dragons","7 диких драконов","7 Wild Dragons"
"setting_summerhall_seven_wild_desc","localization/replace/english/more_dragon_eggs_gamerules_l_english.yml","426","localization/russian/more_dragon_eggs_gamerules_l_russian.yml","339","The Summerhall event chain will result in Aegon V dying and hatching seven wild dragons.","Цепочка событий в Летнем замке приведёт к гибели Эйгона V и вылуплению семи диких драконов.","The Summerhall event chain will result in Aegon V dying and hatching seven wild dragons."
"setting_summerhall_very_likely","localization/replace/english/more_dragon_eggs_gamerules_l_english.yml","422","localization/russian/more_dragon_eggs_gamerules_l_russian.yml","335","Very Likely","Очень вероятно","Очень вероятно"
"setting_summerhall_very_likely_desc","localization/replace/english/more_dragon_eggs_gamerules_l_english.yml","429","localization/russian/more_dragon_eggs_gamerules_l_russian.yml","342","About a 50 percent chance of the Summerhall event spawning in at least one dragon.","~50% шанс появления дракона или драконов через события Летнего замка.","~50% шанс появления дракона(ов) через события Саммерхолла."
"setting_targaryen_exile_guaranteed","localization/replace/english/more_dragon_eggs_gamerules_l_english.yml","454","localization/russian/more_dragon_eggs_gamerules_l_russian.yml","367","Guaranteed","Гарантировано","Guaranteed"
"setting_targaryen_exile_guaranteed_desc","localization/replace/english/more_dragon_eggs_gamerules_l_english.yml","459","localization/russian/more_dragon_eggs_gamerules_l_russian.yml","372","The Targaryen Exile event chain will result in Viserys or Daenerys spawning in three dragons.","Цепочка событий изгнанников-Таргариенов приведёт к появлению трёх драконов у Визериса или Дейенерис.","The Targaryen Exile event chain will result in Viserys or Daenerys spawning in three dragons."
"setting_targaryen_exile_normal","localization/replace/english/more_dragon_eggs_gamerules_l_english.yml","456","localization/russian/more_dragon_eggs_gamerules_l_russian.yml","369","Default","По умолчанию","Default"
"setting_targaryen_exile_normal_desc","localization/replace/english/more_dragon_eggs_gamerules_l_english.yml","461","localization/russian/more_dragon_eggs_gamerules_l_russian.yml","374","The Targaryen Exile event chain will have the default chance of resulting in Viserys or Daenerys spawning in three dragons.","Цепочка событий изгнанников-Таргариенов использует стандартный шанс появления трёх драконов у Визериса или Дейенерис.","The Targaryen Exile event chain will have the default chance of resulting in Viserys or Daenerys spawning in three dragons."
"setting_targaryen_exile_not","localization/replace/english/more_dragon_eggs_gamerules_l_english.yml","457","localization/russian/more_dragon_eggs_gamerules_l_russian.yml","370","Fail","Неудача","Fail"
"setting_targaryen_exile_not_desc","localization/replace/english/more_dragon_eggs_gamerules_l_english.yml","462","localization/russian/more_dragon_eggs_gamerules_l_russian.yml","375","The Targaryen Exile event chain will not result in Viserys or Daenerys spawning in three dragons.","Цепочка событий изгнанников-Таргариенов не приведёт к появлению трёх драконов у Визериса или Дейенерис.","The Targaryen Exile event chain will not result in Viserys or Daenerys spawning in three dragons."
"setting_targaryen_exile_very_likely","localization/replace/english/more_dragon_eggs_gamerules_l_english.yml","455","localization/russian/more_dragon_eggs_gamerules_l_russian.yml","368","Very Likely","Очень вероятно","Very Likely"
"setting_targaryen_exile_very_likely_desc","localization/replace/english/more_dragon_eggs_gamerules_l_english.yml","460","localization/russian/more_dragon_eggs_gamerules_l_russian.yml","373","The Targaryen Exile event chain is very likely to result in Viserys or Daenerys spawning in three dragons.","Цепочка событий изгнанников-Таргариенов с высокой вероятностью приведёт к появлению трёх драконов у Визериса или Дейенерис.","The Targaryen Exile event chain is very likely to result in Viserys or Daenerys spawning in three dragons."
"setting_use_dragon_pit_mover_no","localization/replace/english/more_dragon_eggs_gamerules_l_english.yml","4","localization/russian/more_dragon_eggs_gamerules_l_russian.yml","3","AGOT Base Game Setting","Базовые настройки AGOT","Настройки базовой игры AGOT"
"setting_use_dragon_pit_mover_no_desc","localization/replace/english/more_dragon_eggs_gamerules_l_english.yml","7","localization/russian/more_dragon_eggs_gamerules_l_russian.yml","6","This will disable the More Dragon Eggs added feature. There is currently no vanilla equivalent.","Отключает добавленную More Dragon Eggs функцию. В базовом AGOT её аналога нет.","Отключает функции мода 'More Dragon Eggs'. В базовой игре аналога нет."
"setting_use_dragon_pit_mover_yes","localization/replace/english/more_dragon_eggs_gamerules_l_english.yml","5","localization/russian/more_dragon_eggs_gamerules_l_russian.yml","4","@mde_icon!More Dragon Eggs","@mde_icon!More Dragon Eggs","@dragon_destined_icon! More Dragon Eggs"
"setting_use_dragon_pit_mover_yes_desc","localization/replace/english/more_dragon_eggs_gamerules_l_english.yml","8","localization/russian/more_dragon_eggs_gamerules_l_russian.yml","7","This will enable the Dragonpit Mover menu made by More Dragon Eggs","Включает меню перемещения драконов между драконьими ямами из More Dragon Eggs.","Включает меню Dragonpit Mover от мода 'More Dragon Eggs'."
"sheepstealer_desc","localization/replace/english/agot/agot_artifacts/mde_artifacts_l_english.yml","187",,,"Sheepstealer",,
"SHOW_ARTIFACT_MARKET","localization/replace/english/more_dragon_eggs_ui_l_english.yml","26",,,"#T Artifact Market#!\nBuy and sell artifacts with the artifact keeper.",,
"show_dragon_portrait_decision","localization/replace/english/more_dragon_eggs_decisions_l_english.yml","63","localization/russian/more_dragon_eggs_decisions_l_russian.yml","89","Show Dragon Portrait","Показать портрет дракона",
"show_dragon_portrait_decision_tooltip","localization/replace/english/more_dragon_eggs_decisions_l_english.yml","64","localization/russian/more_dragon_eggs_decisions_l_russian.yml","90","Will display the dragon potrait.","Портрет дракона будет показан.",
"SHOW_DRAGONBLOOD","localization/replace/english/more_dragon_eggs_ui_l_english.yml","25",,,"#T Show Dragonblooded#!\nShows every living character with dragonblood heritage, highest dragonblood first.",,
"SHOW_DRAGONPITS","localization/replace/english/more_dragon_eggs_ui_l_english.yml","20","localization/russian/more_dragon_eggs_ui_l_russian.yml","17","#T Show Dragonpits\n#!Shows active [dragonpits|E] and their corresponding menus.","#T Показать драконьи ямы\n#!Показывает действующие [Concept('dragonpits', 'драконьи ямы')|E] и связанные с ними меню.","#T Показать драконьи логова\n#!Отображает активные [dragonpits|E] и связанные с ними меню."
"show_dragonpits_decision_tooltip","localization/replace/english/more_dragon_eggs_events_l_english.yml","98","localization/russian/more_dragon_eggs_events_l_russian.yml","167","","",""
"SHOW_DRAGONS","localization/replace/english/more_dragon_eggs_ui_l_english.yml","21","localization/russian/more_dragon_eggs_ui_l_russian.yml","18","#T Show Dragons\n#!Shows living [dragons_plural|E] and their corresponding menus.","#T Показать драконов\n#!Показывает живых [Concept('dragons_plural', 'драконов')|E] и связанные с ними меню.","#T Показать драконов\n#!Отображает живых [dragons_plural|E] и связанные с ними меню."
"show_dragons_decision_tooltip","localization/replace/english/more_dragon_eggs_events_l_english.yml","97","localization/russian/more_dragon_eggs_events_l_russian.yml","166","","",""
"SHOW_EGGS","localization/replace/english/more_dragon_eggs_ui_l_english.yml","22","localization/russian/more_dragon_eggs_ui_l_russian.yml","19","#T Show Dragons' Eggs\n#!Shows exising [dragon|E] eggs and their corresponding menus.","#T Показать драконьи яйца\n#!Показывает существующие [Concept('dragon', 'драконьи яйца')|E] и связанные с ними меню.","#T Показать драконьи яйца\n#!Отображает существующие яйца [dragon|E] и связанные с ними меню."
"show_eggs_decision_tooltip","localization/replace/english/more_dragon_eggs_events_l_english.yml","96","localization/russian/more_dragon_eggs_events_l_russian.yml","165","","",""
"SHOW_KINGSGUARD","localization/replace/english/more_dragon_eggs_ui_l_english.yml","23","localization/russian/more_dragon_eggs_ui_l_russian.yml","20","#T Show Kingsguard\n#!Shows current kingsguard members and shows potential recruits to their liege.","#T Показать Королевскую гвардию\n#!Показывает действующих членов Королевской гвардии и доступных кандидатов их сюзерену.",
"SHOW_MENU_MENU","localization/replace/english/more_dragon_eggs_ui_l_english.yml","27",,,"#T MDE Menu#!\nSettings for Dragon Portraits, Game Rules, and Buttons.",,
"SHOW_VALYRIAN_STEEL","localization/replace/english/more_dragon_eggs_ui_l_english.yml","24","localization/russian/more_dragon_eggs_ui_l_russian.yml","21","#T Show Valyrian Steel\n#!Shows existing Valyrian Steel blades and objects, and their respective wielders and owners.","#T Показать валирийскую сталь\n#!Показывает существующие клинки и предметы из валирийской стали, а также их носителей и владельцев.",
"shrykos_desc","localization/replace/english/agot/agot_artifacts/mde_artifacts_l_english.yml","181",,,"Shrykos",,
"silverwing_desc","localization/replace/english/agot/agot_artifacts/mde_artifacts_l_english.yml","170",,,"Silverwing",,
"stormcloud_desc","localization/replace/english/agot/agot_artifacts/mde_artifacts_l_english.yml","178",,,"Stormcloud",,
"sunfyre_desc","localization/replace/english/agot/agot_artifacts/mde_artifacts_l_english.yml","172",,,"Sunfyre",,
"syrax_desc","localization/replace/english/agot/agot_artifacts/mde_artifacts_l_english.yml","173",,,"Syrax",,
"take_prisoner_egg","localization/replace/english/mde_demand_egg_events_l_english.yml","88","localization/russian/mde_demand_egg_events_l_russian.yml","88","Take Egg","Изъять яйцо","Изъять яйцо"
"take_prisoner_egg_desc","localization/replace/english/mde_demand_egg_events_l_english.yml","89","localization/russian/mde_demand_egg_events_l_russian.yml","89","[recipient.GetFullName] is a prisoner in our custody who illegally holds a dragon egg. We may rightfully seize it.","[recipient.GetFullName] находится у нас в плену и незаконно владеет драконьим яйцом. Мы можем законно изъять его.","[recipient.GetFullName] является нашим пленником и незаконно владеет драконьим яйцом. Мы можем правомерно изъять его."
"terrax_desc","localization/replace/english/agot/agot_artifacts/mde_artifacts_l_english.yml","216",,,"Terrax",,
"tessarion_desc","localization/replace/english/agot/agot_artifacts/mde_artifacts_l_english.yml","174",,,"Tessarion",,
"the_last_desc","localization/replace/english/agot/agot_artifacts/mde_artifacts_l_english.yml","184",,,"Zalagon",,
"TRAVEL_POINT_OF_INTEREST_TT_more_dragon_eggs_poi_dragonlore","localization/replace/english/more_dragon_eggs_events_l_english.yml","107","localization/russian/more_dragon_eggs_events_l_russian.yml","176","Site of Draconic Significance","Место, связанное с драконами","Место, имеющее драконовское значение"
"tyraxes_desc","localization/replace/english/agot/agot_artifacts/mde_artifacts_l_english.yml","177",,,"Tyraxes",,
"unlock_all_gui_tt","localization/replace/english/mde_customizer_l_english.yml","5","localization/russian/mde_customizer_l_russian.yml","5","Unlock all values for the randomizer","Разрешить случайный выбор всех значений",
"unlock_de_gui_tt","localization/replace/english/mde_customizer_l_english.yml","2","localization/russian/mde_customizer_l_russian.yml","2","Unlock this value for the randomizer","Разрешить случайный выбор этого значения",
"urrax_desc","localization/replace/english/agot/agot_artifacts/mde_artifacts_l_english.yml","222",,,"Urrax",,
"valryon_desc","localization/replace/english/agot/agot_artifacts/mde_artifacts_l_english.yml","214",,,"valryon",,
"valyrian_steel_button_manager_text","localization/replace/english/more_dragon_eggs_ui_l_english.yml","6","localization/russian/more_dragon_eggs_ui_l_russian.yml","6","Toggle Valyrian Steel Button","Показать или скрыть кнопку валирийской стали",
"vassarion_desc","localization/replace/english/agot/agot_artifacts/mde_artifacts_l_english.yml","217",,,"Vassarion",,
"vermax_desc","localization/replace/english/agot/agot_artifacts/mde_artifacts_l_english.yml","175",,,"Vermax",,
"vermithor_desc","localization/replace/english/agot/agot_artifacts/mde_artifacts_l_english.yml","169",,,"Vermithor",,
"vermithrax_desc","localization/replace/english/agot/agot_artifacts/mde_artifacts_l_english.yml","158",,,"Vermithrax",,
"vhagar_desc","localization/replace/english/agot/agot_artifacts/mde_artifacts_l_english.yml","165",,,"Vhagar",,
"viserion_desc","localization/replace/english/agot/agot_artifacts/mde_artifacts_l_english.yml","191",,,"Viserion",,
"wyrmling_desc","localization/replace/english/agot/agot_artifacts/mde_artifacts_l_english.yml","180",,,"Starhunter",,
