"Line","Time","Component","Message","Category","Owner","Files","Key","FirstFile","SecondFile"
"1","06:11:08","dlc_descriptor.cpp:70","Invalid supported_version in file: mod/ugc_2261468688.mod line: 6","Mod descriptor warning","","","","",""
"2","06:11:20","pdx_localize.cpp:279","Duplicate localization key. Key 'PORTRAIT_MODIFIER_custom_cloaks_female_cloak_asoiaf_nights_watch_cloak_1' is defined in both 'localization/russian/asoiaf_barbershop_l_russian.yml' and 'localization/russian/asoiaf_barbershop_l_russian.yml'.","Identical localization definitions","AGOT+ rus","localization/russian/asoiaf_barbershop_l_russian.yml | localization/russian/asoiaf_barbershop_l_russian.yml","PORTRAIT_MODIFIER_custom_cloaks_female_cloak_asoiaf_nights_watch_cloak_1","localization/russian/asoiaf_barbershop_l_russian.yml","localization/russian/asoiaf_barbershop_l_russian.yml"
"3","06:11:20","pdx_localize.cpp:279","Duplicate localization key. Key 'agot_dragon_laid_clutch_1' is defined in both 'localization/russian/more_dragon_eggs_decisions_l_russian.yml' and 'localization/russian/agot/agot_memories_l_russian.yml'.","Expected corrective localization override","A Game of Thrones | Русификатор | AGOT More Dragon Eggs - Русификация | AGOT More Dragon Eggs | Исправления русификатора и совместимости","localization/russian/more_dragon_eggs_decisions_l_russian.yml | localization/russian/agot/agot_memories_l_russian.yml","agot_dragon_laid_clutch_1","localization/russian/more_dragon_eggs_decisions_l_russian.yml","localization/russian/agot/agot_memories_l_russian.yml"
"4","06:11:20","pdx_localize.cpp:279","Duplicate localization key. Key 'agot_laid_clutch_desc_1' is defined in both 'localization/russian/more_dragon_eggs_decisions_l_russian.yml' and 'localization/russian/agot/agot_memories_l_russian.yml'.","Expected corrective localization override","A Game of Thrones | Русификатор | AGOT More Dragon Eggs - Русификация | AGOT More Dragon Eggs | Исправления русификатора и совместимости","localization/russian/more_dragon_eggs_decisions_l_russian.yml | localization/russian/agot/agot_memories_l_russian.yml","agot_laid_clutch_desc_1","localization/russian/more_dragon_eggs_decisions_l_russian.yml","localization/russian/agot/agot_memories_l_russian.yml"
"5","06:11:20","pdx_localize.cpp:279","Duplicate localization key. Key 'agot_laid_clutch_desc_second_perspective_1' is defined in both 'localization/russian/more_dragon_eggs_decisions_l_russian.yml' and 'localization/russian/agot/agot_memories_l_russian.yml'.","Expected corrective localization override","A Game of Thrones | Русификатор | AGOT More Dragon Eggs - Русификация | AGOT More Dragon Eggs | Исправления русификатора и совместимости","localization/russian/more_dragon_eggs_decisions_l_russian.yml | localization/russian/agot/agot_memories_l_russian.yml","agot_laid_clutch_desc_second_perspective_1","localization/russian/more_dragon_eggs_decisions_l_russian.yml","localization/russian/agot/agot_memories_l_russian.yml"
"6","06:11:20","pdx_localize.cpp:279","Duplicate localization key. Key 'agot_laid_clutch_desc_third_perspective_1' is defined in both 'localization/russian/more_dragon_eggs_decisions_l_russian.yml' and 'localization/russian/agot/agot_memories_l_russian.yml'.","Expected corrective localization override","A Game of Thrones | Русификатор | AGOT More Dragon Eggs - Русификация | AGOT More Dragon Eggs | Исправления русификатора и совместимости","localization/russian/more_dragon_eggs_decisions_l_russian.yml | localization/russian/agot/agot_memories_l_russian.yml","agot_laid_clutch_desc_third_perspective_1","localization/russian/more_dragon_eggs_decisions_l_russian.yml","localization/russian/agot/agot_memories_l_russian.yml"
"7","06:11:20","pdx_localize.cpp:279","Duplicate localization key. Key 'agot_dragon_laid_clutch_2' is defined in both 'localization/russian/more_dragon_eggs_decisions_l_russian.yml' and 'localization/russian/agot/agot_memories_l_russian.yml'.","Expected corrective localization override","A Game of Thrones | Русификатор | AGOT More Dragon Eggs - Русификация | AGOT More Dragon Eggs | Исправления русификатора и совместимости","localization/russian/more_dragon_eggs_decisions_l_russian.yml | localization/russian/agot/agot_memories_l_russian.yml","agot_dragon_laid_clutch_2","localization/russian/more_dragon_eggs_decisions_l_russian.yml","localization/russian/agot/agot_memories_l_russian.yml"
"8","06:11:20","pdx_localize.cpp:279","Duplicate localization key. Key 'agot_laid_clutch_desc_2' is defined in both 'localization/russian/more_dragon_eggs_decisions_l_russian.yml' and 'localization/russian/agot/agot_memories_l_russian.yml'.","Expected corrective localization override","A Game of Thrones | Русификатор | AGOT More Dragon Eggs - Русификация | AGOT More Dragon Eggs | Исправления русификатора и совместимости","localization/russian/more_dragon_eggs_decisions_l_russian.yml | localization/russian/agot/agot_memories_l_russian.yml","agot_laid_clutch_desc_2","localization/russian/more_dragon_eggs_decisions_l_russian.yml","localization/russian/agot/agot_memories_l_russian.yml"
"9","06:11:20","pdx_localize.cpp:279","Duplicate localization key. Key 'agot_laid_clutch_desc_second_perspective_2' is defined in both 'localization/russian/more_dragon_eggs_decisions_l_russian.yml' and 'localization/russian/agot/agot_memories_l_russian.yml'.","Expected corrective localization override","A Game of Thrones | Русификатор | AGOT More Dragon Eggs - Русификация | AGOT More Dragon Eggs | Исправления русификатора и совместимости","localization/russian/more_dragon_eggs_decisions_l_russian.yml | localization/russian/agot/agot_memories_l_russian.yml","agot_laid_clutch_desc_second_perspective_2","localization/russian/more_dragon_eggs_decisions_l_russian.yml","localization/russian/agot/agot_memories_l_russian.yml"
"10","06:11:20","pdx_localize.cpp:279","Duplicate localization key. Key 'agot_laid_clutch_desc_third_perspective_2' is defined in both 'localization/russian/more_dragon_eggs_decisions_l_russian.yml' and 'localization/russian/agot/agot_memories_l_russian.yml'.","Expected corrective localization override","A Game of Thrones | Русификатор | AGOT More Dragon Eggs - Русификация | AGOT More Dragon Eggs | Исправления русификатора и совместимости","localization/russian/more_dragon_eggs_decisions_l_russian.yml | localization/russian/agot/agot_memories_l_russian.yml","agot_laid_clutch_desc_third_perspective_2","localization/russian/more_dragon_eggs_decisions_l_russian.yml","localization/russian/agot/agot_memories_l_russian.yml"
"11","06:11:20","pdx_localize.cpp:279","Duplicate localization key. Key 'agot_dragon_laid_clutch_3' is defined in both 'localization/russian/more_dragon_eggs_decisions_l_russian.yml' and 'localization/russian/agot/agot_memories_l_russian.yml'.","Expected corrective localization override","A Game of Thrones | Русификатор | AGOT More Dragon Eggs - Русификация | AGOT More Dragon Eggs | Исправления русификатора и совместимости","localization/russian/more_dragon_eggs_decisions_l_russian.yml | localization/russian/agot/agot_memories_l_russian.yml","agot_dragon_laid_clutch_3","localization/russian/more_dragon_eggs_decisions_l_russian.yml","localization/russian/agot/agot_memories_l_russian.yml"
"12","06:11:20","pdx_localize.cpp:279","Duplicate localization key. Key 'agot_laid_clutch_desc_3' is defined in both 'localization/russian/more_dragon_eggs_decisions_l_russian.yml' and 'localization/russian/agot/agot_memories_l_russian.yml'.","Expected corrective localization override","A Game of Thrones | Русификатор | AGOT More Dragon Eggs - Русификация | AGOT More Dragon Eggs | Исправления русификатора и совместимости","localization/russian/more_dragon_eggs_decisions_l_russian.yml | localization/russian/agot/agot_memories_l_russian.yml","agot_laid_clutch_desc_3","localization/russian/more_dragon_eggs_decisions_l_russian.yml","localization/russian/agot/agot_memories_l_russian.yml"
"13","06:11:20","pdx_localize.cpp:279","Duplicate localization key. Key 'agot_laid_clutch_desc_second_perspective_3' is defined in both 'localization/russian/more_dragon_eggs_decisions_l_russian.yml' and 'localization/russian/agot/agot_memories_l_russian.yml'.","Expected corrective localization override","A Game of Thrones | Русификатор | AGOT More Dragon Eggs - Русификация | AGOT More Dragon Eggs | Исправления русификатора и совместимости","localization/russian/more_dragon_eggs_decisions_l_russian.yml | localization/russian/agot/agot_memories_l_russian.yml","agot_laid_clutch_desc_second_perspective_3","localization/russian/more_dragon_eggs_decisions_l_russian.yml","localization/russian/agot/agot_memories_l_russian.yml"
"14","06:11:20","pdx_localize.cpp:279","Duplicate localization key. Key 'agot_laid_clutch_desc_third_perspective_3' is defined in both 'localization/russian/more_dragon_eggs_decisions_l_russian.yml' and 'localization/russian/agot/agot_memories_l_russian.yml'.","Expected corrective localization override","A Game of Thrones | Русификатор | AGOT More Dragon Eggs - Русификация | AGOT More Dragon Eggs | Исправления русификатора и совместимости","localization/russian/more_dragon_eggs_decisions_l_russian.yml | localization/russian/agot/agot_memories_l_russian.yml","agot_laid_clutch_desc_third_perspective_3","localization/russian/more_dragon_eggs_decisions_l_russian.yml","localization/russian/agot/agot_memories_l_russian.yml"
"15","06:11:20","pdx_localize.cpp:279","Duplicate localization key. Key 'agot_dragon_laid_clutch_4' is defined in both 'localization/russian/more_dragon_eggs_decisions_l_russian.yml' and 'localization/russian/agot/agot_memories_l_russian.yml'.","Expected corrective localization override","A Game of Thrones | Русификатор | AGOT More Dragon Eggs - Русификация | AGOT More Dragon Eggs | Исправления русификатора и совместимости","localization/russian/more_dragon_eggs_decisions_l_russian.yml | localization/russian/agot/agot_memories_l_russian.yml","agot_dragon_laid_clutch_4","localization/russian/more_dragon_eggs_decisions_l_russian.yml","localization/russian/agot/agot_memories_l_russian.yml"
"16","06:11:20","pdx_localize.cpp:279","Duplicate localization key. Key 'agot_laid_clutch_desc_4' is defined in both 'localization/russian/more_dragon_eggs_decisions_l_russian.yml' and 'localization/russian/agot/agot_memories_l_russian.yml'.","Expected corrective localization override","A Game of Thrones | Русификатор | AGOT More Dragon Eggs - Русификация | AGOT More Dragon Eggs | Исправления русификатора и совместимости","localization/russian/more_dragon_eggs_decisions_l_russian.yml | localization/russian/agot/agot_memories_l_russian.yml","agot_laid_clutch_desc_4","localization/russian/more_dragon_eggs_decisions_l_russian.yml","localization/russian/agot/agot_memories_l_russian.yml"
"17","06:11:20","pdx_localize.cpp:279","Duplicate localization key. Key 'agot_laid_clutch_desc_second_perspective_4' is defined in both 'localization/russian/more_dragon_eggs_decisions_l_russian.yml' and 'localization/russian/agot/agot_memories_l_russian.yml'.","Expected corrective localization override","A Game of Thrones | Русификатор | AGOT More Dragon Eggs - Русификация | AGOT More Dragon Eggs | Исправления русификатора и совместимости","localization/russian/more_dragon_eggs_decisions_l_russian.yml | localization/russian/agot/agot_memories_l_russian.yml","agot_laid_clutch_desc_second_perspective_4","localization/russian/more_dragon_eggs_decisions_l_russian.yml","localization/russian/agot/agot_memories_l_russian.yml"
"18","06:11:20","pdx_localize.cpp:279","Duplicate localization key. Key 'agot_laid_clutch_desc_third_perspective_4' is defined in both 'localization/russian/more_dragon_eggs_decisions_l_russian.yml' and 'localization/russian/agot/agot_memories_l_russian.yml'.","Expected corrective localization override","A Game of Thrones | Русификатор | AGOT More Dragon Eggs - Русификация | AGOT More Dragon Eggs | Исправления русификатора и совместимости","localization/russian/more_dragon_eggs_decisions_l_russian.yml | localization/russian/agot/agot_memories_l_russian.yml","agot_laid_clutch_desc_third_perspective_4","localization/russian/more_dragon_eggs_decisions_l_russian.yml","localization/russian/agot/agot_memories_l_russian.yml"
"19","06:11:20","pdx_localize.cpp:279","Duplicate localization key. Key 'agot_dragon_laid_clutch_5' is defined in both 'localization/russian/more_dragon_eggs_decisions_l_russian.yml' and 'localization/russian/agot/agot_memories_l_russian.yml'.","Expected corrective localization override","A Game of Thrones | Русификатор | AGOT More Dragon Eggs - Русификация | AGOT More Dragon Eggs | Исправления русификатора и совместимости","localization/russian/more_dragon_eggs_decisions_l_russian.yml | localization/russian/agot/agot_memories_l_russian.yml","agot_dragon_laid_clutch_5","localization/russian/more_dragon_eggs_decisions_l_russian.yml","localization/russian/agot/agot_memories_l_russian.yml"
"20","06:11:20","pdx_localize.cpp:279","Duplicate localization key. Key 'agot_laid_clutch_desc_5' is defined in both 'localization/russian/more_dragon_eggs_decisions_l_russian.yml' and 'localization/russian/agot/agot_memories_l_russian.yml'.","Expected corrective localization override","A Game of Thrones | Русификатор | AGOT More Dragon Eggs - Русификация | AGOT More Dragon Eggs | Исправления русификатора и совместимости","localization/russian/more_dragon_eggs_decisions_l_russian.yml | localization/russian/agot/agot_memories_l_russian.yml","agot_laid_clutch_desc_5","localization/russian/more_dragon_eggs_decisions_l_russian.yml","localization/russian/agot/agot_memories_l_russian.yml"
"21","06:11:20","pdx_localize.cpp:279","Duplicate localization key. Key 'agot_laid_clutch_desc_second_perspective_5' is defined in both 'localization/russian/more_dragon_eggs_decisions_l_russian.yml' and 'localization/russian/agot/agot_memories_l_russian.yml'.","Expected corrective localization override","A Game of Thrones | Русификатор | AGOT More Dragon Eggs - Русификация | AGOT More Dragon Eggs | Исправления русификатора и совместимости","localization/russian/more_dragon_eggs_decisions_l_russian.yml | localization/russian/agot/agot_memories_l_russian.yml","agot_laid_clutch_desc_second_perspective_5","localization/russian/more_dragon_eggs_decisions_l_russian.yml","localization/russian/agot/agot_memories_l_russian.yml"
"22","06:11:20","pdx_localize.cpp:279","Duplicate localization key. Key 'agot_laid_clutch_desc_third_perspective_5' is defined in both 'localization/russian/more_dragon_eggs_decisions_l_russian.yml' and 'localization/russian/agot/agot_memories_l_russian.yml'.","Expected corrective localization override","A Game of Thrones | Русификатор | AGOT More Dragon Eggs - Русификация | AGOT More Dragon Eggs | Исправления русификатора и совместимости","localization/russian/more_dragon_eggs_decisions_l_russian.yml | localization/russian/agot/agot_memories_l_russian.yml","agot_laid_clutch_desc_third_perspective_5","localization/russian/more_dragon_eggs_decisions_l_russian.yml","localization/russian/agot/agot_memories_l_russian.yml"
"23","06:11:20","pdx_localize.cpp:279","Duplicate localization key. Key 'visenya_circlet_name' is defined in both 'localization/russian/ntc_artifacts_l_russian.yml' and 'localization/russian/agot/artifacts/agot_artifacts_l_russian.yml'.","Reviewed same-object mod override","A Game of Thrones | Русификатор | AGOT - Crowns of Westeros - Русификация","localization/russian/ntc_artifacts_l_russian.yml | localization/russian/agot/artifacts/agot_artifacts_l_russian.yml","visenya_circlet_name","localization/russian/ntc_artifacts_l_russian.yml","localization/russian/agot/artifacts/agot_artifacts_l_russian.yml"
"24","06:11:20","pdx_localize.cpp:279","Duplicate localization key. Key 'visenya_circlet_description' is defined in both 'localization/russian/ntc_artifacts_l_russian.yml' and 'localization/russian/agot/artifacts/agot_artifacts_l_russian.yml'.","Reviewed same-object mod override","A Game of Thrones | Русификатор | AGOT - Crowns of Westeros - Русификация","localization/russian/ntc_artifacts_l_russian.yml | localization/russian/agot/artifacts/agot_artifacts_l_russian.yml","visenya_circlet_description","localization/russian/ntc_artifacts_l_russian.yml","localization/russian/agot/artifacts/agot_artifacts_l_russian.yml"
"25","06:11:20","pdx_localize.cpp:279","Duplicate localization key. Key 'daemonblackfyre_crown_name' is defined in both 'localization/russian/ntc_artifacts_l_russian.yml' and 'localization/russian/agot/artifacts/agot_artifacts_l_russian.yml'.","Reviewed same-object mod override","A Game of Thrones | Русификатор | AGOT - Crowns of Westeros - Русификация","localization/russian/ntc_artifacts_l_russian.yml | localization/russian/agot/artifacts/agot_artifacts_l_russian.yml","daemonblackfyre_crown_name","localization/russian/ntc_artifacts_l_russian.yml","localization/russian/agot/artifacts/agot_artifacts_l_russian.yml"
"26","06:11:20","pdx_localize.cpp:279","Duplicate localization key. Key 'daemonblackfyre_crown_description' is defined in both 'localization/russian/ntc_artifacts_l_russian.yml' and 'localization/russian/agot/artifacts/agot_artifacts_l_russian.yml'.","Reviewed same-object mod override","A Game of Thrones | Русификатор | AGOT - Crowns of Westeros - Русификация","localization/russian/ntc_artifacts_l_russian.yml | localization/russian/agot/artifacts/agot_artifacts_l_russian.yml","daemonblackfyre_crown_description","localization/russian/ntc_artifacts_l_russian.yml","localization/russian/agot/artifacts/agot_artifacts_l_russian.yml"
"27","06:11:20","pdx_localize.cpp:279","Duplicate localization key. Key 'crown_of_gardener_war_iron_name' is defined in both 'localization/russian/ntc_artifacts_l_russian.yml' and 'localization/russian/agot/artifacts/agot_artifacts_l_russian.yml'.","Reviewed same-object mod override","A Game of Thrones | Русификатор | AGOT - Crowns of Westeros - Русификация","localization/russian/ntc_artifacts_l_russian.yml | localization/russian/agot/artifacts/agot_artifacts_l_russian.yml","crown_of_gardener_war_iron_name","localization/russian/ntc_artifacts_l_russian.yml","localization/russian/agot/artifacts/agot_artifacts_l_russian.yml"
"28","06:11:20","pdx_localize.cpp:279","Duplicate localization key. Key 'crown_of_gardener_war_iron_description' is defined in both 'localization/russian/ntc_artifacts_l_russian.yml' and 'localization/russian/agot/artifacts/agot_artifacts_l_russian.yml'.","Reviewed same-object mod override","A Game of Thrones | Русификатор | AGOT - Crowns of Westeros - Русификация","localization/russian/ntc_artifacts_l_russian.yml | localization/russian/agot/artifacts/agot_artifacts_l_russian.yml","crown_of_gardener_war_iron_description","localization/russian/ntc_artifacts_l_russian.yml","localization/russian/agot/artifacts/agot_artifacts_l_russian.yml"
"29","06:11:20","pdx_localize.cpp:279","Duplicate localization key. Key 'crown_of_westerling_name' is defined in both 'localization/russian/ntc_artifacts_l_russian.yml' and 'localization/russian/agot/artifacts/agot_artifacts_l_russian.yml'.","Identical localization definitions","A Game of Thrones | Русификатор | AGOT - Crowns of Westeros - Русификация","localization/russian/ntc_artifacts_l_russian.yml | localization/russian/agot/artifacts/agot_artifacts_l_russian.yml","crown_of_westerling_name","localization/russian/ntc_artifacts_l_russian.yml","localization/russian/agot/artifacts/agot_artifacts_l_russian.yml"
"30","06:11:20","pdx_localize.cpp:279","Duplicate localization key. Key 'crown_of_westerling_description' is defined in both 'localization/russian/ntc_artifacts_l_russian.yml' and 'localization/russian/agot/artifacts/agot_artifacts_l_russian.yml'.","Reviewed same-object mod override","A Game of Thrones | Русификатор | AGOT - Crowns of Westeros - Русификация","localization/russian/ntc_artifacts_l_russian.yml | localization/russian/agot/artifacts/agot_artifacts_l_russian.yml","crown_of_westerling_description","localization/russian/ntc_artifacts_l_russian.yml","localization/russian/agot/artifacts/agot_artifacts_l_russian.yml"
"31","06:11:20","pdx_localize.cpp:279","Duplicate localization key. Key 'agot_dragon_maintenance.0802.t' is defined in both 'localization/russian/more_dragon_eggs_events_l_russian.yml' and 'localization/russian/agot/event_localization/agot_dragon_maintenance_l_russian.yml'.","Reviewed same-object mod override","A Game of Thrones | Русификатор | AGOT More Dragon Eggs - Русификация","localization/russian/more_dragon_eggs_events_l_russian.yml | localization/russian/agot/event_localization/agot_dragon_maintenance_l_russian.yml","agot_dragon_maintenance.0802.t","localization/russian/more_dragon_eggs_events_l_russian.yml","localization/russian/agot/event_localization/agot_dragon_maintenance_l_russian.yml"
"32","06:11:20","pdx_localize.cpp:279","Duplicate localization key. Key 'agot_dragon_maintenance.0802.desc' is defined in both 'localization/russian/more_dragon_eggs_events_l_russian.yml' and 'localization/russian/agot/event_localization/agot_dragon_maintenance_l_russian.yml'.","Reviewed same-object mod override","A Game of Thrones | Русификатор | AGOT More Dragon Eggs - Русификация","localization/russian/more_dragon_eggs_events_l_russian.yml | localization/russian/agot/event_localization/agot_dragon_maintenance_l_russian.yml","agot_dragon_maintenance.0802.desc","localization/russian/more_dragon_eggs_events_l_russian.yml","localization/russian/agot/event_localization/agot_dragon_maintenance_l_russian.yml"
"33","06:11:20","pdx_localize.cpp:279","Duplicate localization key. Key 'agot_filler_crownlands.0004.t' is defined in both 'localization/russian/more_dragon_eggs_events_l_russian.yml' and 'localization/russian/agot/event_localization/filler_events/agot_filler_events_crownlands_l_russian.yml'.","Expected corrective localization override","A Game of Thrones | Русификатор | AGOT More Dragon Eggs - Русификация | AGOT More Dragon Eggs | Исправления русификатора и совместимости","localization/russian/more_dragon_eggs_events_l_russian.yml | localization/russian/agot/event_localization/filler_events/agot_filler_events_crownlands_l_russian.yml","agot_filler_crownlands.0004.t","localization/russian/more_dragon_eggs_events_l_russian.yml","localization/russian/agot/event_localization/filler_events/agot_filler_events_crownlands_l_russian.yml"
"34","06:11:20","pdx_localize.cpp:279","Duplicate localization key. Key 'agot_filler_crownlands.0004.desc' is defined in both 'localization/russian/more_dragon_eggs_events_l_russian.yml' and 'localization/russian/agot/event_localization/filler_events/agot_filler_events_crownlands_l_russian.yml'.","Expected corrective localization override","A Game of Thrones | Русификатор | AGOT More Dragon Eggs - Русификация | AGOT More Dragon Eggs | Исправления русификатора и совместимости","localization/russian/more_dragon_eggs_events_l_russian.yml | localization/russian/agot/event_localization/filler_events/agot_filler_events_crownlands_l_russian.yml","agot_filler_crownlands.0004.desc","localization/russian/more_dragon_eggs_events_l_russian.yml","localization/russian/agot/event_localization/filler_events/agot_filler_events_crownlands_l_russian.yml"
"35","06:11:20","pdx_localize.cpp:279","Duplicate localization key. Key 'agot_filler_crownlands.0004.a' is defined in both 'localization/russian/more_dragon_eggs_events_l_russian.yml' and 'localization/russian/agot/event_localization/filler_events/agot_filler_events_crownlands_l_russian.yml'.","Reviewed same-object mod override","A Game of Thrones | Русификатор | AGOT More Dragon Eggs - Русификация","localization/russian/more_dragon_eggs_events_l_russian.yml | localization/russian/agot/event_localization/filler_events/agot_filler_events_crownlands_l_russian.yml","agot_filler_crownlands.0004.a","localization/russian/more_dragon_eggs_events_l_russian.yml","localization/russian/agot/event_localization/filler_events/agot_filler_events_crownlands_l_russian.yml"
"36","06:11:20","pdx_localize.cpp:279","Duplicate localization key. Key 'agot_filler_crownlands.0004.tt' is defined in both 'localization/russian/more_dragon_eggs_events_l_russian.yml' and 'localization/russian/agot/event_localization/filler_events/agot_filler_events_crownlands_l_russian.yml'.","Expected corrective localization override","A Game of Thrones | Русификатор | AGOT More Dragon Eggs - Русификация | AGOT More Dragon Eggs | Исправления русификатора и совместимости","localization/russian/more_dragon_eggs_events_l_russian.yml | localization/russian/agot/event_localization/filler_events/agot_filler_events_crownlands_l_russian.yml","agot_filler_crownlands.0004.tt","localization/russian/more_dragon_eggs_events_l_russian.yml","localization/russian/agot/event_localization/filler_events/agot_filler_events_crownlands_l_russian.yml"
"37","06:11:20","pdx_localize.cpp:279","Duplicate localization key. Key 'PORTRAIT_MODIFIER_custom_headgear_crown_of_the_grey_king_rusted' is defined in both 'localization/russian/agot_westeroscrowns_portrait_modifiers_l_russian.yml' and 'localization/russian/agot/portraits/agot_portrait_modifiers_l_russian.yml'.","Reviewed same-object mod override","A Game of Thrones | Русификатор | AGOT - Crowns of Westeros - Русификация","localization/russian/agot_westeroscrowns_portrait_modifiers_l_russian.yml | localization/russian/agot/portraits/agot_portrait_modifiers_l_russian.yml","PORTRAIT_MODIFIER_custom_headgear_crown_of_the_grey_king_rusted","localization/russian/agot_westeroscrowns_portrait_modifiers_l_russian.yml","localization/russian/agot/portraits/agot_portrait_modifiers_l_russian.yml"
"38","06:11:20","pdx_localize.cpp:279","Duplicate localization key. Key 'PORTRAIT_MODIFIER_custom_headgear_female_crown_of_the_grey_king_rusted' is defined in both 'localization/russian/agot_westeroscrowns_portrait_modifiers_l_russian.yml' and 'localization/russian/agot/portraits/agot_portrait_modifiers_l_russian.yml'.","Reviewed same-object mod override","A Game of Thrones | Русификатор | AGOT - Crowns of Westeros - Русификация","localization/russian/agot_westeroscrowns_portrait_modifiers_l_russian.yml | localization/russian/agot/portraits/agot_portrait_modifiers_l_russian.yml","PORTRAIT_MODIFIER_custom_headgear_female_crown_of_the_grey_king_rusted","localization/russian/agot_westeroscrowns_portrait_modifiers_l_russian.yml","localization/russian/agot/portraits/agot_portrait_modifiers_l_russian.yml"
"39","06:11:20","pdx_localize.cpp:279","Duplicate localization key. Key 'PORTRAIT_MODIFIER_custom_headgear_crown_of_gardener_war_iron' is defined in both 'localization/russian/agot_westeroscrowns_portrait_modifiers_l_russian.yml' and 'localization/russian/agot/portraits/agot_portrait_modifiers_l_russian.yml'.","Reviewed same-object mod override","A Game of Thrones | Русификатор | AGOT - Crowns of Westeros - Русификация","localization/russian/agot_westeroscrowns_portrait_modifiers_l_russian.yml | localization/russian/agot/portraits/agot_portrait_modifiers_l_russian.yml","PORTRAIT_MODIFIER_custom_headgear_crown_of_gardener_war_iron","localization/russian/agot_westeroscrowns_portrait_modifiers_l_russian.yml","localization/russian/agot/portraits/agot_portrait_modifiers_l_russian.yml"
"40","06:11:20","pdx_localize.cpp:279","Duplicate localization key. Key 'PORTRAIT_MODIFIER_custom_headgear_female_crown_of_gardener_war_iron' is defined in both 'localization/russian/agot_westeroscrowns_portrait_modifiers_l_russian.yml' and 'localization/russian/agot/portraits/agot_portrait_modifiers_l_russian.yml'.","Reviewed same-object mod override","A Game of Thrones | Русификатор | AGOT - Crowns of Westeros - Русификация","localization/russian/agot_westeroscrowns_portrait_modifiers_l_russian.yml | localization/russian/agot/portraits/agot_portrait_modifiers_l_russian.yml","PORTRAIT_MODIFIER_custom_headgear_female_crown_of_gardener_war_iron","localization/russian/agot_westeroscrowns_portrait_modifiers_l_russian.yml","localization/russian/agot/portraits/agot_portrait_modifiers_l_russian.yml"
"41","06:11:20","pdx_localize.cpp:279","Duplicate localization key. Key 'artifact_vs_sword_1_name' is defined in both 'localization/russian/targ_artifacts_l_russian.yml' and 'localization/russian/artifacts/targ_artifacts_l_russian.yml'.","Identical localization definitions","Valyrian Steel | Valyrian Steel - Русификация","localization/russian/targ_artifacts_l_russian.yml | localization/russian/artifacts/targ_artifacts_l_russian.yml","artifact_vs_sword_1_name","localization/russian/targ_artifacts_l_russian.yml","localization/russian/artifacts/targ_artifacts_l_russian.yml"
"42","06:11:20","pdx_localize.cpp:279","Duplicate localization key. Key 'artifact_vs_sword_1_description' is defined in both 'localization/russian/targ_artifacts_l_russian.yml' and 'localization/russian/artifacts/targ_artifacts_l_russian.yml'.","Expected external translation override","Valyrian Steel | Valyrian Steel - Русификация","localization/russian/targ_artifacts_l_russian.yml | localization/russian/artifacts/targ_artifacts_l_russian.yml","artifact_vs_sword_1_description","localization/russian/targ_artifacts_l_russian.yml","localization/russian/artifacts/targ_artifacts_l_russian.yml"
"43","06:11:20","pdx_localize.cpp:279","Duplicate localization key. Key 'artifact_vs_sword_2_name' is defined in both 'localization/russian/targ_artifacts_l_russian.yml' and 'localization/russian/artifacts/targ_artifacts_l_russian.yml'.","Identical localization definitions","Valyrian Steel | Valyrian Steel - Русификация","localization/russian/targ_artifacts_l_russian.yml | localization/russian/artifacts/targ_artifacts_l_russian.yml","artifact_vs_sword_2_name","localization/russian/targ_artifacts_l_russian.yml","localization/russian/artifacts/targ_artifacts_l_russian.yml"
"44","06:11:20","pdx_localize.cpp:279","Duplicate localization key. Key 'artifact_vs_sword_2_description' is defined in both 'localization/russian/targ_artifacts_l_russian.yml' and 'localization/russian/artifacts/targ_artifacts_l_russian.yml'.","Expected external translation override","Valyrian Steel | Valyrian Steel - Русификация","localization/russian/targ_artifacts_l_russian.yml | localization/russian/artifacts/targ_artifacts_l_russian.yml","artifact_vs_sword_2_description","localization/russian/targ_artifacts_l_russian.yml","localization/russian/artifacts/targ_artifacts_l_russian.yml"
"45","06:11:20","pdx_localize.cpp:279","Duplicate localization key. Key 'artifact_vs_sword_3_name' is defined in both 'localization/russian/targ_artifacts_l_russian.yml' and 'localization/russian/artifacts/targ_artifacts_l_russian.yml'.","Identical localization definitions","Valyrian Steel | Valyrian Steel - Русификация","localization/russian/targ_artifacts_l_russian.yml | localization/russian/artifacts/targ_artifacts_l_russian.yml","artifact_vs_sword_3_name","localization/russian/targ_artifacts_l_russian.yml","localization/russian/artifacts/targ_artifacts_l_russian.yml"
"46","06:11:20","pdx_localize.cpp:279","Duplicate localization key. Key 'artifact_vs_sword_3_description' is defined in both 'localization/russian/targ_artifacts_l_russian.yml' and 'localization/russian/artifacts/targ_artifacts_l_russian.yml'.","Expected external translation override","Valyrian Steel | Valyrian Steel - Русификация","localization/russian/targ_artifacts_l_russian.yml | localization/russian/artifacts/targ_artifacts_l_russian.yml","artifact_vs_sword_3_description","localization/russian/targ_artifacts_l_russian.yml","localization/russian/artifacts/targ_artifacts_l_russian.yml"
"47","06:11:20","pdx_localize.cpp:279","Duplicate localization key. Key 'artifact_vs_sword_4_name' is defined in both 'localization/russian/targ_artifacts_l_russian.yml' and 'localization/russian/artifacts/targ_artifacts_l_russian.yml'.","Identical localization definitions","Valyrian Steel | Valyrian Steel - Русификация","localization/russian/targ_artifacts_l_russian.yml | localization/russian/artifacts/targ_artifacts_l_russian.yml","artifact_vs_sword_4_name","localization/russian/targ_artifacts_l_russian.yml","localization/russian/artifacts/targ_artifacts_l_russian.yml"
"48","06:11:20","pdx_localize.cpp:279","Duplicate localization key. Key 'artifact_vs_sword_4_description' is defined in both 'localization/russian/targ_artifacts_l_russian.yml' and 'localization/russian/artifacts/targ_artifacts_l_russian.yml'.","Expected external translation override","Valyrian Steel | Valyrian Steel - Русификация","localization/russian/targ_artifacts_l_russian.yml | localization/russian/artifacts/targ_artifacts_l_russian.yml","artifact_vs_sword_4_description","localization/russian/targ_artifacts_l_russian.yml","localization/russian/artifacts/targ_artifacts_l_russian.yml"
"49","06:11:20","pdx_localize.cpp:279","Duplicate localization key. Key 'artifact_vs_axe_name' is defined in both 'localization/russian/targ_artifacts_l_russian.yml' and 'localization/russian/artifacts/targ_artifacts_l_russian.yml'.","Identical localization definitions","Valyrian Steel | Valyrian Steel - Русификация","localization/russian/targ_artifacts_l_russian.yml | localization/russian/artifacts/targ_artifacts_l_russian.yml","artifact_vs_axe_name","localization/russian/targ_artifacts_l_russian.yml","localization/russian/artifacts/targ_artifacts_l_russian.yml"
"50","06:11:20","pdx_localize.cpp:279","Duplicate localization key. Key 'artifact_vs_axe_description' is defined in both 'localization/russian/targ_artifacts_l_russian.yml' and 'localization/russian/artifacts/targ_artifacts_l_russian.yml'.","Expected external translation override","Valyrian Steel | Valyrian Steel - Русификация","localization/russian/targ_artifacts_l_russian.yml | localization/russian/artifacts/targ_artifacts_l_russian.yml","artifact_vs_axe_description","localization/russian/targ_artifacts_l_russian.yml","localization/russian/artifacts/targ_artifacts_l_russian.yml"
"51","06:11:20","pdx_localize.cpp:279","Duplicate localization key. Key 'artifact_vs_mace_name' is defined in both 'localization/russian/targ_artifacts_l_russian.yml' and 'localization/russian/artifacts/targ_artifacts_l_russian.yml'.","Identical localization definitions","Valyrian Steel | Valyrian Steel - Русификация","localization/russian/targ_artifacts_l_russian.yml | localization/russian/artifacts/targ_artifacts_l_russian.yml","artifact_vs_mace_name","localization/russian/targ_artifacts_l_russian.yml","localization/russian/artifacts/targ_artifacts_l_russian.yml"
"52","06:11:20","pdx_localize.cpp:279","Duplicate localization key. Key 'artifact_vs_mace_description' is defined in both 'localization/russian/targ_artifacts_l_russian.yml' and 'localization/russian/artifacts/targ_artifacts_l_russian.yml'.","Expected external translation override","Valyrian Steel | Valyrian Steel - Русификация","localization/russian/targ_artifacts_l_russian.yml | localization/russian/artifacts/targ_artifacts_l_russian.yml","artifact_vs_mace_description","localization/russian/targ_artifacts_l_russian.yml","localization/russian/artifacts/targ_artifacts_l_russian.yml"
"53","06:11:20","pdx_localize.cpp:279","Duplicate localization key. Key 'artifact_vs_spear_1_name' is defined in both 'localization/russian/targ_artifacts_l_russian.yml' and 'localization/russian/artifacts/targ_artifacts_l_russian.yml'.","Identical localization definitions","Valyrian Steel | Valyrian Steel - Русификация","localization/russian/targ_artifacts_l_russian.yml | localization/russian/artifacts/targ_artifacts_l_russian.yml","artifact_vs_spear_1_name","localization/russian/targ_artifacts_l_russian.yml","localization/russian/artifacts/targ_artifacts_l_russian.yml"
"54","06:11:20","pdx_localize.cpp:279","Duplicate localization key. Key 'artifact_vs_spear_1_description' is defined in both 'localization/russian/targ_artifacts_l_russian.yml' and 'localization/russian/artifacts/targ_artifacts_l_russian.yml'.","Expected external translation override","Valyrian Steel | Valyrian Steel - Русификация","localization/russian/targ_artifacts_l_russian.yml | localization/russian/artifacts/targ_artifacts_l_russian.yml","artifact_vs_spear_1_description","localization/russian/targ_artifacts_l_russian.yml","localization/russian/artifacts/targ_artifacts_l_russian.yml"
"55","06:11:20","pdx_localize.cpp:279","Duplicate localization key. Key 'artifact_vs_dagger_1_name' is defined in both 'localization/russian/targ_artifacts_l_russian.yml' and 'localization/russian/artifacts/targ_artifacts_l_russian.yml'.","Identical localization definitions","Valyrian Steel | Valyrian Steel - Русификация","localization/russian/targ_artifacts_l_russian.yml | localization/russian/artifacts/targ_artifacts_l_russian.yml","artifact_vs_dagger_1_name","localization/russian/targ_artifacts_l_russian.yml","localization/russian/artifacts/targ_artifacts_l_russian.yml"
"56","06:11:20","pdx_localize.cpp:279","Duplicate localization key. Key 'artifact_vs_dagger_1_description' is defined in both 'localization/russian/targ_artifacts_l_russian.yml' and 'localization/russian/artifacts/targ_artifacts_l_russian.yml'.","Expected external translation override","Valyrian Steel | Valyrian Steel - Русификация","localization/russian/targ_artifacts_l_russian.yml | localization/russian/artifacts/targ_artifacts_l_russian.yml","artifact_vs_dagger_1_description","localization/russian/targ_artifacts_l_russian.yml","localization/russian/artifacts/targ_artifacts_l_russian.yml"
"57","06:11:20","pdx_localize.cpp:279","Duplicate localization key. Key 'artifact_vs_halberd_name' is defined in both 'localization/russian/targ_artifacts_l_russian.yml' and 'localization/russian/artifacts/targ_artifacts_l_russian.yml'.","Identical localization definitions","Valyrian Steel | Valyrian Steel - Русификация","localization/russian/targ_artifacts_l_russian.yml | localization/russian/artifacts/targ_artifacts_l_russian.yml","artifact_vs_halberd_name","localization/russian/targ_artifacts_l_russian.yml","localization/russian/artifacts/targ_artifacts_l_russian.yml"
"58","06:11:20","pdx_localize.cpp:279","Duplicate localization key. Key 'artifact_vs_halberd_description' is defined in both 'localization/russian/targ_artifacts_l_russian.yml' and 'localization/russian/artifacts/targ_artifacts_l_russian.yml'.","Expected external translation override","Valyrian Steel | Valyrian Steel - Русификация","localization/russian/targ_artifacts_l_russian.yml | localization/russian/artifacts/targ_artifacts_l_russian.yml","artifact_vs_halberd_description","localization/russian/targ_artifacts_l_russian.yml","localization/russian/artifacts/targ_artifacts_l_russian.yml"
"59","06:11:20","pdx_localize.cpp:279","Duplicate localization key. Key 'artifact_dragon_horn_name' is defined in both 'localization/russian/targ_artifacts_l_russian.yml' and 'localization/russian/artifacts/targ_artifacts_l_russian.yml'.","Identical localization definitions","Valyrian Steel | Valyrian Steel - Русификация","localization/russian/targ_artifacts_l_russian.yml | localization/russian/artifacts/targ_artifacts_l_russian.yml","artifact_dragon_horn_name","localization/russian/targ_artifacts_l_russian.yml","localization/russian/artifacts/targ_artifacts_l_russian.yml"
"60","06:11:20","pdx_localize.cpp:279","Duplicate localization key. Key 'dragon_horn_desc' is defined in both 'localization/russian/targ_artifacts_l_russian.yml' and 'localization/russian/artifacts/targ_artifacts_l_russian.yml'.","Expected external translation override","Valyrian Steel | Valyrian Steel - Русификация","localization/russian/targ_artifacts_l_russian.yml | localization/russian/artifacts/targ_artifacts_l_russian.yml","dragon_horn_desc","localization/russian/targ_artifacts_l_russian.yml","localization/russian/artifacts/targ_artifacts_l_russian.yml"
"61","06:11:20","pdx_localize.cpp:279","Duplicate localization key. Key 'dragon_horn_end_desc' is defined in both 'localization/russian/targ_artifacts_l_russian.yml' and 'localization/russian/artifacts/targ_artifacts_l_russian.yml'.","Expected external translation override","Valyrian Steel | Valyrian Steel - Русификация","localization/russian/targ_artifacts_l_russian.yml | localization/russian/artifacts/targ_artifacts_l_russian.yml","dragon_horn_end_desc","localization/russian/targ_artifacts_l_russian.yml","localization/russian/artifacts/targ_artifacts_l_russian.yml"
"62","06:11:20","pdx_localize.cpp:279","Duplicate localization key. Key 'dragon_horn_silver_desc' is defined in both 'localization/russian/targ_artifacts_l_russian.yml' and 'localization/russian/artifacts/targ_artifacts_l_russian.yml'.","Expected external translation override","Valyrian Steel | Valyrian Steel - Русификация","localization/russian/targ_artifacts_l_russian.yml | localization/russian/artifacts/targ_artifacts_l_russian.yml","dragon_horn_silver_desc","localization/russian/targ_artifacts_l_russian.yml","localization/russian/artifacts/targ_artifacts_l_russian.yml"
"63","06:11:20","pdx_localize.cpp:279","Duplicate localization key. Key 'dragon_horn_black_desc' is defined in both 'localization/russian/targ_artifacts_l_russian.yml' and 'localization/russian/artifacts/targ_artifacts_l_russian.yml'.","Expected external translation override","Valyrian Steel | Valyrian Steel - Русификация","localization/russian/targ_artifacts_l_russian.yml | localization/russian/artifacts/targ_artifacts_l_russian.yml","dragon_horn_black_desc","localization/russian/targ_artifacts_l_russian.yml","localization/russian/artifacts/targ_artifacts_l_russian.yml"
"64","06:11:20","pdx_localize.cpp:279","Duplicate localization key. Key 'dragon_horn_red_desc' is defined in both 'localization/russian/targ_artifacts_l_russian.yml' and 'localization/russian/artifacts/targ_artifacts_l_russian.yml'.","Expected external translation override","Valyrian Steel | Valyrian Steel - Русификация","localization/russian/targ_artifacts_l_russian.yml | localization/russian/artifacts/targ_artifacts_l_russian.yml","dragon_horn_red_desc","localization/russian/targ_artifacts_l_russian.yml","localization/russian/artifacts/targ_artifacts_l_russian.yml"
"65","06:11:20","pdx_localize.cpp:279","Duplicate localization key. Key 'dragon_horn_brown_desc' is defined in both 'localization/russian/targ_artifacts_l_russian.yml' and 'localization/russian/artifacts/targ_artifacts_l_russian.yml'.","Expected external translation override","Valyrian Steel | Valyrian Steel - Русификация","localization/russian/targ_artifacts_l_russian.yml | localization/russian/artifacts/targ_artifacts_l_russian.yml","dragon_horn_brown_desc","localization/russian/targ_artifacts_l_russian.yml","localization/russian/artifacts/targ_artifacts_l_russian.yml"
"66","06:11:20","pdx_localize.cpp:279","Duplicate localization key. Key 'dragon_horn_blackGold_desc' is defined in both 'localization/russian/targ_artifacts_l_russian.yml' and 'localization/russian/artifacts/targ_artifacts_l_russian.yml'.","Expected external translation override","Valyrian Steel | Valyrian Steel - Русификация","localization/russian/targ_artifacts_l_russian.yml | localization/russian/artifacts/targ_artifacts_l_russian.yml","dragon_horn_blackGold_desc","localization/russian/targ_artifacts_l_russian.yml","localization/russian/artifacts/targ_artifacts_l_russian.yml"
"67","06:11:20","pdx_localize.cpp:279","Duplicate localization key. Key 'dragon_horn_tan_desc' is defined in both 'localization/russian/targ_artifacts_l_russian.yml' and 'localization/russian/artifacts/targ_artifacts_l_russian.yml'.","Expected external translation override","Valyrian Steel | Valyrian Steel - Русификация","localization/russian/targ_artifacts_l_russian.yml | localization/russian/artifacts/targ_artifacts_l_russian.yml","dragon_horn_tan_desc","localization/russian/targ_artifacts_l_russian.yml","localization/russian/artifacts/targ_artifacts_l_russian.yml"
"68","06:11:20","pdx_localize.cpp:279","Duplicate localization key. Key 'artifact_dragon_whip' is defined in both 'localization/russian/targ_artifacts_l_russian.yml' and 'localization/russian/artifacts/targ_artifacts_l_russian.yml'.","Expected external translation override","Valyrian Steel | Valyrian Steel - Русификация","localization/russian/targ_artifacts_l_russian.yml | localization/russian/artifacts/targ_artifacts_l_russian.yml","artifact_dragon_whip","localization/russian/targ_artifacts_l_russian.yml","localization/russian/artifacts/targ_artifacts_l_russian.yml"
"69","06:11:20","pdx_localize.cpp:279","Duplicate localization key. Key 'artifact_dragon_whip_desc' is defined in both 'localization/russian/targ_artifacts_l_russian.yml' and 'localization/russian/artifacts/targ_artifacts_l_russian.yml'.","Expected external translation override","Valyrian Steel | Valyrian Steel - Русификация","localization/russian/targ_artifacts_l_russian.yml | localization/russian/artifacts/targ_artifacts_l_russian.yml","artifact_dragon_whip_desc","localization/russian/targ_artifacts_l_russian.yml","localization/russian/artifacts/targ_artifacts_l_russian.yml"
"70","06:11:20","pdx_localize.cpp:279","Duplicate localization key. Key 'artifact_valyrian_book' is defined in both 'localization/russian/targ_artifacts_l_russian.yml' and 'localization/russian/artifacts/targ_artifacts_l_russian.yml'.","Identical localization definitions","Valyrian Steel | Valyrian Steel - Русификация","localization/russian/targ_artifacts_l_russian.yml | localization/russian/artifacts/targ_artifacts_l_russian.yml","artifact_valyrian_book","localization/russian/targ_artifacts_l_russian.yml","localization/russian/artifacts/targ_artifacts_l_russian.yml"
"71","06:11:20","pdx_localize.cpp:279","Duplicate localization key. Key 'valyrian_book_desc' is defined in both 'localization/russian/targ_artifacts_l_russian.yml' and 'localization/russian/artifacts/targ_artifacts_l_russian.yml'.","Expected external translation override","Valyrian Steel | Valyrian Steel - Русификация","localization/russian/targ_artifacts_l_russian.yml | localization/russian/artifacts/targ_artifacts_l_russian.yml","valyrian_book_desc","localization/russian/targ_artifacts_l_russian.yml","localization/russian/artifacts/targ_artifacts_l_russian.yml"
"72","06:11:20","pdx_localize.cpp:279","Duplicate localization key. Key 'artifact_vs_goblet_name' is defined in both 'localization/russian/targ_artifacts_l_russian.yml' and 'localization/russian/artifacts/targ_artifacts_l_russian.yml'.","Identical localization definitions","Valyrian Steel | Valyrian Steel - Русификация","localization/russian/targ_artifacts_l_russian.yml | localization/russian/artifacts/targ_artifacts_l_russian.yml","artifact_vs_goblet_name","localization/russian/targ_artifacts_l_russian.yml","localization/russian/artifacts/targ_artifacts_l_russian.yml"
"73","06:11:20","pdx_localize.cpp:279","Duplicate localization key. Key 'artifact_vs_goblet' is defined in both 'localization/russian/targ_artifacts_l_russian.yml' and 'localization/russian/artifacts/targ_artifacts_l_russian.yml'.","Identical localization definitions","Valyrian Steel | Valyrian Steel - Русификация","localization/russian/targ_artifacts_l_russian.yml | localization/russian/artifacts/targ_artifacts_l_russian.yml","artifact_vs_goblet","localization/russian/targ_artifacts_l_russian.yml","localization/russian/artifacts/targ_artifacts_l_russian.yml"
"74","06:11:20","pdx_localize.cpp:279","Duplicate localization key. Key 'artifact_vs_goblet_description' is defined in both 'localization/russian/targ_artifacts_l_russian.yml' and 'localization/russian/artifacts/targ_artifacts_l_russian.yml'.","Expected external translation override","Valyrian Steel | Valyrian Steel - Русификация","localization/russian/targ_artifacts_l_russian.yml | localization/russian/artifacts/targ_artifacts_l_russian.yml","artifact_vs_goblet_description","localization/russian/targ_artifacts_l_russian.yml","localization/russian/artifacts/targ_artifacts_l_russian.yml"
"75","06:11:20","pdx_localize.cpp:279","Duplicate localization key. Key 'DIAnd1' is defined in both 'localization/russian/custom_localization/DI_RUS_custom_loc_l_russian.yml' and 'localization/russian/custom_localization/DI_custom_loc_l_russian.yml'.","Expected external translation override","Divine Intervention Cheat Menu | Divine Intervention CM [RUS]","localization/russian/custom_localization/DI_RUS_custom_loc_l_russian.yml | localization/russian/custom_localization/DI_custom_loc_l_russian.yml","DIAnd1","localization/russian/custom_localization/DI_RUS_custom_loc_l_russian.yml","localization/russian/custom_localization/DI_custom_loc_l_russian.yml"
"76","06:11:20","pdx_localize.cpp:279","Duplicate localization key. Key 'DIAnd2' is defined in both 'localization/russian/custom_localization/DI_RUS_custom_loc_l_russian.yml' and 'localization/russian/custom_localization/DI_custom_loc_l_russian.yml'.","Identical localization definitions","Divine Intervention Cheat Menu | Divine Intervention CM [RUS]","localization/russian/custom_localization/DI_RUS_custom_loc_l_russian.yml | localization/russian/custom_localization/DI_custom_loc_l_russian.yml","DIAnd2","localization/russian/custom_localization/DI_RUS_custom_loc_l_russian.yml","localization/russian/custom_localization/DI_custom_loc_l_russian.yml"
"77","06:11:20","pdx_localize.cpp:279","Duplicate localization key. Key 'DIOf1' is defined in both 'localization/russian/custom_localization/DI_RUS_custom_loc_l_russian.yml' and 'localization/russian/custom_localization/DI_custom_loc_l_russian.yml'.","Expected external translation override","Divine Intervention Cheat Menu | Divine Intervention CM [RUS]","localization/russian/custom_localization/DI_RUS_custom_loc_l_russian.yml | localization/russian/custom_localization/DI_custom_loc_l_russian.yml","DIOf1","localization/russian/custom_localization/DI_RUS_custom_loc_l_russian.yml","localization/russian/custom_localization/DI_custom_loc_l_russian.yml"
"78","06:11:20","pdx_localize.cpp:279","Duplicate localization key. Key 'DIOf2' is defined in both 'localization/russian/custom_localization/DI_RUS_custom_loc_l_russian.yml' and 'localization/russian/custom_localization/DI_custom_loc_l_russian.yml'.","Identical localization definitions","Divine Intervention Cheat Menu | Divine Intervention CM [RUS]","localization/russian/custom_localization/DI_RUS_custom_loc_l_russian.yml | localization/russian/custom_localization/DI_custom_loc_l_russian.yml","DIOf2","localization/russian/custom_localization/DI_RUS_custom_loc_l_russian.yml","localization/russian/custom_localization/DI_custom_loc_l_russian.yml"
"79","06:11:20","pdx_localize.cpp:279","Duplicate localization key. Key 'DI_primary_character_0' is defined in both 'localization/russian/custom_localization/DI_RUS_custom_loc_l_russian.yml' and 'localization/russian/custom_localization/DI_custom_loc_l_russian.yml'.","Expected external translation override","Divine Intervention Cheat Menu | Divine Intervention CM [RUS]","localization/russian/custom_localization/DI_RUS_custom_loc_l_russian.yml | localization/russian/custom_localization/DI_custom_loc_l_russian.yml","DI_primary_character_0","localization/russian/custom_localization/DI_RUS_custom_loc_l_russian.yml","localization/russian/custom_localization/DI_custom_loc_l_russian.yml"
"80","06:11:20","pdx_localize.cpp:279","Duplicate localization key. Key 'DI_primary_character_1' is defined in both 'localization/russian/custom_localization/DI_RUS_custom_loc_l_russian.yml' and 'localization/russian/custom_localization/DI_custom_loc_l_russian.yml'.","Identical localization definitions","Divine Intervention Cheat Menu | Divine Intervention CM [RUS]","localization/russian/custom_localization/DI_RUS_custom_loc_l_russian.yml | localization/russian/custom_localization/DI_custom_loc_l_russian.yml","DI_primary_character_1","localization/russian/custom_localization/DI_RUS_custom_loc_l_russian.yml","localization/russian/custom_localization/DI_custom_loc_l_russian.yml"
"81","06:11:20","pdx_localize.cpp:279","Duplicate localization key. Key 'DI_primary_character_2' is defined in both 'localization/russian/custom_localization/DI_RUS_custom_loc_l_russian.yml' and 'localization/russian/custom_localization/DI_custom_loc_l_russian.yml'.","Identical localization definitions","Divine Intervention Cheat Menu | Divine Intervention CM [RUS]","localization/russian/custom_localization/DI_RUS_custom_loc_l_russian.yml | localization/russian/custom_localization/DI_custom_loc_l_russian.yml","DI_primary_character_2","localization/russian/custom_localization/DI_RUS_custom_loc_l_russian.yml","localization/russian/custom_localization/DI_custom_loc_l_russian.yml"
"82","06:11:20","pdx_localize.cpp:279","Duplicate localization key. Key 'DI_secondary_character_0' is defined in both 'localization/russian/custom_localization/DI_RUS_custom_loc_l_russian.yml' and 'localization/russian/custom_localization/DI_custom_loc_l_russian.yml'.","Expected external translation override","Divine Intervention Cheat Menu | Divine Intervention CM [RUS]","localization/russian/custom_localization/DI_RUS_custom_loc_l_russian.yml | localization/russian/custom_localization/DI_custom_loc_l_russian.yml","DI_secondary_character_0","localization/russian/custom_localization/DI_RUS_custom_loc_l_russian.yml","localization/russian/custom_localization/DI_custom_loc_l_russian.yml"
"83","06:11:20","pdx_localize.cpp:279","Duplicate localization key. Key 'DI_secondary_character_1' is defined in both 'localization/russian/custom_localization/DI_RUS_custom_loc_l_russian.yml' and 'localization/russian/custom_localization/DI_custom_loc_l_russian.yml'.","Identical localization definitions","Divine Intervention Cheat Menu | Divine Intervention CM [RUS]","localization/russian/custom_localization/DI_RUS_custom_loc_l_russian.yml | localization/russian/custom_localization/DI_custom_loc_l_russian.yml","DI_secondary_character_1","localization/russian/custom_localization/DI_RUS_custom_loc_l_russian.yml","localization/russian/custom_localization/DI_custom_loc_l_russian.yml"
"84","06:11:20","pdx_localize.cpp:279","Duplicate localization key. Key 'DI_tertiary_character_0' is defined in both 'localization/russian/custom_localization/DI_RUS_custom_loc_l_russian.yml' and 'localization/russian/custom_localization/DI_custom_loc_l_russian.yml'.","Expected external translation override","Divine Intervention Cheat Menu | Divine Intervention CM [RUS]","localization/russian/custom_localization/DI_RUS_custom_loc_l_russian.yml | localization/russian/custom_localization/DI_custom_loc_l_russian.yml","DI_tertiary_character_0","localization/russian/custom_localization/DI_RUS_custom_loc_l_russian.yml","localization/russian/custom_localization/DI_custom_loc_l_russian.yml"
"85","06:11:20","pdx_localize.cpp:279","Duplicate localization key. Key 'DI_tertiary_character_1' is defined in both 'localization/russian/custom_localization/DI_RUS_custom_loc_l_russian.yml' and 'localization/russian/custom_localization/DI_custom_loc_l_russian.yml'.","Expected external translation override","Divine Intervention Cheat Menu | Divine Intervention CM [RUS]","localization/russian/custom_localization/DI_RUS_custom_loc_l_russian.yml | localization/russian/custom_localization/DI_custom_loc_l_russian.yml","DI_tertiary_character_1","localization/russian/custom_localization/DI_RUS_custom_loc_l_russian.yml","localization/russian/custom_localization/DI_custom_loc_l_russian.yml"
"86","06:11:20","pdx_localize.cpp:279","Duplicate localization key. Key 'DI_tertiary_character_2' is defined in both 'localization/russian/custom_localization/DI_RUS_custom_loc_l_russian.yml' and 'localization/russian/custom_localization/DI_custom_loc_l_russian.yml'.","Expected external translation override","Divine Intervention Cheat Menu | Divine Intervention CM [RUS]","localization/russian/custom_localization/DI_RUS_custom_loc_l_russian.yml | localization/russian/custom_localization/DI_custom_loc_l_russian.yml","DI_tertiary_character_2","localization/russian/custom_localization/DI_RUS_custom_loc_l_russian.yml","localization/russian/custom_localization/DI_custom_loc_l_russian.yml"
"87","06:11:20","pdx_localize.cpp:279","Duplicate localization key. Key 'DIAdopt' is defined in both 'localization/russian/custom_localization/DI_RUS_custom_loc_l_russian.yml' and 'localization/russian/custom_localization/DI_custom_loc_l_russian.yml'.","Expected external translation override","Divine Intervention Cheat Menu | Divine Intervention CM [RUS]","localization/russian/custom_localization/DI_RUS_custom_loc_l_russian.yml | localization/russian/custom_localization/DI_custom_loc_l_russian.yml","DIAdopt","localization/russian/custom_localization/DI_RUS_custom_loc_l_russian.yml","localization/russian/custom_localization/DI_custom_loc_l_russian.yml"
"88","06:11:20","pdx_localize.cpp:279","Duplicate localization key. Key 'DIAdopts' is defined in both 'localization/russian/custom_localization/DI_RUS_custom_loc_l_russian.yml' and 'localization/russian/custom_localization/DI_custom_loc_l_russian.yml'.","Expected external translation override","Divine Intervention Cheat Menu | Divine Intervention CM [RUS]","localization/russian/custom_localization/DI_RUS_custom_loc_l_russian.yml | localization/russian/custom_localization/DI_custom_loc_l_russian.yml","DIAdopts","localization/russian/custom_localization/DI_RUS_custom_loc_l_russian.yml","localization/russian/custom_localization/DI_custom_loc_l_russian.yml"
"89","06:11:20","pdx_localize.cpp:279","Duplicate localization key. Key 'DI_father_check_1' is defined in both 'localization/russian/custom_localization/DI_RUS_custom_loc_l_russian.yml' and 'localization/russian/custom_localization/DI_custom_loc_l_russian.yml'.","Expected external translation override","Divine Intervention Cheat Menu | Divine Intervention CM [RUS]","localization/russian/custom_localization/DI_RUS_custom_loc_l_russian.yml | localization/russian/custom_localization/DI_custom_loc_l_russian.yml","DI_father_check_1","localization/russian/custom_localization/DI_RUS_custom_loc_l_russian.yml","localization/russian/custom_localization/DI_custom_loc_l_russian.yml"
"90","06:11:20","pdx_localize.cpp:279","Duplicate localization key. Key 'DI_father_check_2' is defined in both 'localization/russian/custom_localization/DI_RUS_custom_loc_l_russian.yml' and 'localization/russian/custom_localization/DI_custom_loc_l_russian.yml'.","Expected external translation override","Divine Intervention Cheat Menu | Divine Intervention CM [RUS]","localization/russian/custom_localization/DI_RUS_custom_loc_l_russian.yml | localization/russian/custom_localization/DI_custom_loc_l_russian.yml","DI_father_check_2","localization/russian/custom_localization/DI_RUS_custom_loc_l_russian.yml","localization/russian/custom_localization/DI_custom_loc_l_russian.yml"
"91","06:11:20","pdx_localize.cpp:279","Duplicate localization key. Key 'DI_betrothed_check_1' is defined in both 'localization/russian/custom_localization/DI_RUS_custom_loc_l_russian.yml' and 'localization/russian/custom_localization/DI_custom_loc_l_russian.yml'.","Expected external translation override","Divine Intervention Cheat Menu | Divine Intervention CM [RUS]","localization/russian/custom_localization/DI_RUS_custom_loc_l_russian.yml | localization/russian/custom_localization/DI_custom_loc_l_russian.yml","DI_betrothed_check_1","localization/russian/custom_localization/DI_RUS_custom_loc_l_russian.yml","localization/russian/custom_localization/DI_custom_loc_l_russian.yml"
"92","06:11:20","pdx_localize.cpp:279","Duplicate localization key. Key 'DI_betrothed_check_2' is defined in both 'localization/russian/custom_localization/DI_RUS_custom_loc_l_russian.yml' and 'localization/russian/custom_localization/DI_custom_loc_l_russian.yml'.","Expected external translation override","Divine Intervention Cheat Menu | Divine Intervention CM [RUS]","localization/russian/custom_localization/DI_RUS_custom_loc_l_russian.yml | localization/russian/custom_localization/DI_custom_loc_l_russian.yml","DI_betrothed_check_2","localization/russian/custom_localization/DI_RUS_custom_loc_l_russian.yml","localization/russian/custom_localization/DI_custom_loc_l_russian.yml"
"93","06:11:20","pdx_localize.cpp:279","Duplicate localization key. Key 'DI_choose_primary_character' is defined in both 'localization/russian/custom_localization/DI_RUS_custom_loc_l_russian.yml' and 'localization/russian/custom_localization/DI_custom_loc_l_russian.yml'.","Expected external translation override","Divine Intervention Cheat Menu | Divine Intervention CM [RUS]","localization/russian/custom_localization/DI_RUS_custom_loc_l_russian.yml | localization/russian/custom_localization/DI_custom_loc_l_russian.yml","DI_choose_primary_character","localization/russian/custom_localization/DI_RUS_custom_loc_l_russian.yml","localization/russian/custom_localization/DI_custom_loc_l_russian.yml"
"94","06:11:20","pdx_localize.cpp:279","Duplicate localization key. Key 'DI_choose_secondary_character' is defined in both 'localization/russian/custom_localization/DI_RUS_custom_loc_l_russian.yml' and 'localization/russian/custom_localization/DI_custom_loc_l_russian.yml'.","Expected external translation override","Divine Intervention Cheat Menu | Divine Intervention CM [RUS]","localization/russian/custom_localization/DI_RUS_custom_loc_l_russian.yml | localization/russian/custom_localization/DI_custom_loc_l_russian.yml","DI_choose_secondary_character","localization/russian/custom_localization/DI_RUS_custom_loc_l_russian.yml","localization/russian/custom_localization/DI_custom_loc_l_russian.yml"
"95","06:11:20","pdx_localize.cpp:279","Duplicate localization key. Key 'DI_choose_tertiary_character' is defined in both 'localization/russian/custom_localization/DI_RUS_custom_loc_l_russian.yml' and 'localization/russian/custom_localization/DI_custom_loc_l_russian.yml'.","Expected external translation override","Divine Intervention Cheat Menu | Divine Intervention CM [RUS]","localization/russian/custom_localization/DI_RUS_custom_loc_l_russian.yml | localization/russian/custom_localization/DI_custom_loc_l_russian.yml","DI_choose_tertiary_character","localization/russian/custom_localization/DI_RUS_custom_loc_l_russian.yml","localization/russian/custom_localization/DI_custom_loc_l_russian.yml"
"96","06:11:20","pdx_localize.cpp:279","Duplicate localization key. Key 'DI_choose_primary_and_secondary_characters' is defined in both 'localization/russian/custom_localization/DI_RUS_custom_loc_l_russian.yml' and 'localization/russian/custom_localization/DI_custom_loc_l_russian.yml'.","Identical localization definitions","Divine Intervention Cheat Menu | Divine Intervention CM [RUS]","localization/russian/custom_localization/DI_RUS_custom_loc_l_russian.yml | localization/russian/custom_localization/DI_custom_loc_l_russian.yml","DI_choose_primary_and_secondary_characters","localization/russian/custom_localization/DI_RUS_custom_loc_l_russian.yml","localization/russian/custom_localization/DI_custom_loc_l_russian.yml"
"97","06:11:20","pdx_localize.cpp:279","Duplicate localization key. Key 'DI_choose_primary_and_tertiary_characters' is defined in both 'localization/russian/custom_localization/DI_RUS_custom_loc_l_russian.yml' and 'localization/russian/custom_localization/DI_custom_loc_l_russian.yml'.","Identical localization definitions","Divine Intervention Cheat Menu | Divine Intervention CM [RUS]","localization/russian/custom_localization/DI_RUS_custom_loc_l_russian.yml | localization/russian/custom_localization/DI_custom_loc_l_russian.yml","DI_choose_primary_and_tertiary_characters","localization/russian/custom_localization/DI_RUS_custom_loc_l_russian.yml","localization/russian/custom_localization/DI_custom_loc_l_russian.yml"
"98","06:11:20","pdx_localize.cpp:279","Duplicate localization key. Key 'DI_adoption_triggered_desc_1' is defined in both 'localization/russian/custom_localization/DI_RUS_custom_loc_l_russian.yml' and 'localization/russian/custom_localization/DI_custom_loc_l_russian.yml'.","Expected external translation override","Divine Intervention Cheat Menu | Divine Intervention CM [RUS]","localization/russian/custom_localization/DI_RUS_custom_loc_l_russian.yml | localization/russian/custom_localization/DI_custom_loc_l_russian.yml","DI_adoption_triggered_desc_1","localization/russian/custom_localization/DI_RUS_custom_loc_l_russian.yml","localization/russian/custom_localization/DI_custom_loc_l_russian.yml"
"99","06:11:20","pdx_localize.cpp:279","Duplicate localization key. Key 'DI_adoption_triggered_desc_2' is defined in both 'localization/russian/custom_localization/DI_RUS_custom_loc_l_russian.yml' and 'localization/russian/custom_localization/DI_custom_loc_l_russian.yml'.","Expected external translation override","Divine Intervention Cheat Menu | Divine Intervention CM [RUS]","localization/russian/custom_localization/DI_RUS_custom_loc_l_russian.yml | localization/russian/custom_localization/DI_custom_loc_l_russian.yml","DI_adoption_triggered_desc_2","localization/russian/custom_localization/DI_RUS_custom_loc_l_russian.yml","localization/russian/custom_localization/DI_custom_loc_l_russian.yml"
"100","06:11:20","pdx_localize.cpp:279","Duplicate localization key. Key 'DI_adoption_triggered_desc_3' is defined in both 'localization/russian/custom_localization/DI_RUS_custom_loc_l_russian.yml' and 'localization/russian/custom_localization/DI_custom_loc_l_russian.yml'.","Expected external translation override","Divine Intervention Cheat Menu | Divine Intervention CM [RUS]","localization/russian/custom_localization/DI_RUS_custom_loc_l_russian.yml | localization/russian/custom_localization/DI_custom_loc_l_russian.yml","DI_adoption_triggered_desc_3","localization/russian/custom_localization/DI_RUS_custom_loc_l_russian.yml","localization/russian/custom_localization/DI_custom_loc_l_russian.yml"
"101","06:11:20","pdx_localize.cpp:279","Duplicate localization key. Key 'DI_adoption_triggered_desc_4' is defined in both 'localization/russian/custom_localization/DI_RUS_custom_loc_l_russian.yml' and 'localization/russian/custom_localization/DI_custom_loc_l_russian.yml'.","Expected external translation override","Divine Intervention Cheat Menu | Divine Intervention CM [RUS]","localization/russian/custom_localization/DI_RUS_custom_loc_l_russian.yml | localization/russian/custom_localization/DI_custom_loc_l_russian.yml","DI_adoption_triggered_desc_4","localization/russian/custom_localization/DI_RUS_custom_loc_l_russian.yml","localization/russian/custom_localization/DI_custom_loc_l_russian.yml"
"102","06:11:20","pdx_localize.cpp:279","Duplicate localization key. Key 'DI_adoption_triggered_desc_5' is defined in both 'localization/russian/custom_localization/DI_RUS_custom_loc_l_russian.yml' and 'localization/russian/custom_localization/DI_custom_loc_l_russian.yml'.","Expected external translation override","Divine Intervention Cheat Menu | Divine Intervention CM [RUS]","localization/russian/custom_localization/DI_RUS_custom_loc_l_russian.yml | localization/russian/custom_localization/DI_custom_loc_l_russian.yml","DI_adoption_triggered_desc_5","localization/russian/custom_localization/DI_RUS_custom_loc_l_russian.yml","localization/russian/custom_localization/DI_custom_loc_l_russian.yml"
"103","06:11:20","pdx_localize.cpp:279","Duplicate localization key. Key 'DI_adoption_house_triggered_desc_1' is defined in both 'localization/russian/custom_localization/DI_RUS_custom_loc_l_russian.yml' and 'localization/russian/custom_localization/DI_custom_loc_l_russian.yml'.","Expected external translation override","Divine Intervention Cheat Menu | Divine Intervention CM [RUS]","localization/russian/custom_localization/DI_RUS_custom_loc_l_russian.yml | localization/russian/custom_localization/DI_custom_loc_l_russian.yml","DI_adoption_house_triggered_desc_1","localization/russian/custom_localization/DI_RUS_custom_loc_l_russian.yml","localization/russian/custom_localization/DI_custom_loc_l_russian.yml"
"104","06:11:20","pdx_localize.cpp:279","Duplicate localization key. Key 'DI_cadet_branch_triggered_desc_1' is defined in both 'localization/russian/custom_localization/DI_RUS_custom_loc_l_russian.yml' and 'localization/russian/custom_localization/DI_custom_loc_l_russian.yml'.","Expected external translation override","Divine Intervention Cheat Menu | Divine Intervention CM [RUS]","localization/russian/custom_localization/DI_RUS_custom_loc_l_russian.yml | localization/russian/custom_localization/DI_custom_loc_l_russian.yml","DI_cadet_branch_triggered_desc_1","localization/russian/custom_localization/DI_RUS_custom_loc_l_russian.yml","localization/russian/custom_localization/DI_custom_loc_l_russian.yml"
"105","06:11:20","pdx_localize.cpp:279","Duplicate localization key. Key 'DI_cadet_branch_triggered_desc_2' is defined in both 'localization/russian/custom_localization/DI_RUS_custom_loc_l_russian.yml' and 'localization/russian/custom_localization/DI_custom_loc_l_russian.yml'.","Expected external translation override","Divine Intervention Cheat Menu | Divine Intervention CM [RUS]","localization/russian/custom_localization/DI_RUS_custom_loc_l_russian.yml | localization/russian/custom_localization/DI_custom_loc_l_russian.yml","DI_cadet_branch_triggered_desc_2","localization/russian/custom_localization/DI_RUS_custom_loc_l_russian.yml","localization/russian/custom_localization/DI_custom_loc_l_russian.yml"
"106","06:11:20","pdx_localize.cpp:279","Duplicate localization key. Key 'DI_cadet_branch_triggered_desc_3' is defined in both 'localization/russian/custom_localization/DI_RUS_custom_loc_l_russian.yml' and 'localization/russian/custom_localization/DI_custom_loc_l_russian.yml'.","Identical localization definitions","Divine Intervention Cheat Menu | Divine Intervention CM [RUS]","localization/russian/custom_localization/DI_RUS_custom_loc_l_russian.yml | localization/russian/custom_localization/DI_custom_loc_l_russian.yml","DI_cadet_branch_triggered_desc_3","localization/russian/custom_localization/DI_RUS_custom_loc_l_russian.yml","localization/russian/custom_localization/DI_custom_loc_l_russian.yml"
"107","06:11:20","pdx_localize.cpp:279","Duplicate localization key. Key 'DI_pregnancy_triggered_desc_1' is defined in both 'localization/russian/custom_localization/DI_RUS_custom_loc_l_russian.yml' and 'localization/russian/custom_localization/DI_custom_loc_l_russian.yml'.","Expected external translation override","Divine Intervention Cheat Menu | Divine Intervention CM [RUS]","localization/russian/custom_localization/DI_RUS_custom_loc_l_russian.yml | localization/russian/custom_localization/DI_custom_loc_l_russian.yml","DI_pregnancy_triggered_desc_1","localization/russian/custom_localization/DI_RUS_custom_loc_l_russian.yml","localization/russian/custom_localization/DI_custom_loc_l_russian.yml"
"108","06:11:20","pdx_localize.cpp:279","Duplicate localization key. Key 'DI_pregnancy_triggered_desc_2' is defined in both 'localization/russian/custom_localization/DI_RUS_custom_loc_l_russian.yml' and 'localization/russian/custom_localization/DI_custom_loc_l_russian.yml'.","Expected external translation override","Divine Intervention Cheat Menu | Divine Intervention CM [RUS]","localization/russian/custom_localization/DI_RUS_custom_loc_l_russian.yml | localization/russian/custom_localization/DI_custom_loc_l_russian.yml","DI_pregnancy_triggered_desc_2","localization/russian/custom_localization/DI_RUS_custom_loc_l_russian.yml","localization/russian/custom_localization/DI_custom_loc_l_russian.yml"
"109","06:11:20","pdx_localize.cpp:279","Duplicate localization key. Key 'DI_pregnancy_triggered_desc_3' is defined in both 'localization/russian/custom_localization/DI_RUS_custom_loc_l_russian.yml' and 'localization/russian/custom_localization/DI_custom_loc_l_russian.yml'.","Expected external translation override","Divine Intervention Cheat Menu | Divine Intervention CM [RUS]","localization/russian/custom_localization/DI_RUS_custom_loc_l_russian.yml | localization/russian/custom_localization/DI_custom_loc_l_russian.yml","DI_pregnancy_triggered_desc_3","localization/russian/custom_localization/DI_RUS_custom_loc_l_russian.yml","localization/russian/custom_localization/DI_custom_loc_l_russian.yml"
"110","06:11:20","pdx_localize.cpp:279","Duplicate localization key. Key 'DI_set_real_father_triggered_desc_1' is defined in both 'localization/russian/custom_localization/DI_RUS_custom_loc_l_russian.yml' and 'localization/russian/custom_localization/DI_custom_loc_l_russian.yml'.","Expected external translation override","Divine Intervention Cheat Menu | Divine Intervention CM [RUS]","localization/russian/custom_localization/DI_RUS_custom_loc_l_russian.yml | localization/russian/custom_localization/DI_custom_loc_l_russian.yml","DI_set_real_father_triggered_desc_1","localization/russian/custom_localization/DI_RUS_custom_loc_l_russian.yml","localization/russian/custom_localization/DI_custom_loc_l_russian.yml"
"111","06:11:20","pdx_localize.cpp:279","Duplicate localization key. Key 'DI_set_real_father_triggered_desc_2' is defined in both 'localization/russian/custom_localization/DI_RUS_custom_loc_l_russian.yml' and 'localization/russian/custom_localization/DI_custom_loc_l_russian.yml'.","Expected external translation override","Divine Intervention Cheat Menu | Divine Intervention CM [RUS]","localization/russian/custom_localization/DI_RUS_custom_loc_l_russian.yml | localization/russian/custom_localization/DI_custom_loc_l_russian.yml","DI_set_real_father_triggered_desc_2","localization/russian/custom_localization/DI_RUS_custom_loc_l_russian.yml","localization/russian/custom_localization/DI_custom_loc_l_russian.yml"
"112","06:11:20","pdx_localize.cpp:279","Duplicate localization key. Key 'DI_set_real_father_triggered_desc_3' is defined in both 'localization/russian/custom_localization/DI_RUS_custom_loc_l_russian.yml' and 'localization/russian/custom_localization/DI_custom_loc_l_russian.yml'.","Expected external translation override","Divine Intervention Cheat Menu | Divine Intervention CM [RUS]","localization/russian/custom_localization/DI_RUS_custom_loc_l_russian.yml | localization/russian/custom_localization/DI_custom_loc_l_russian.yml","DI_set_real_father_triggered_desc_3","localization/russian/custom_localization/DI_RUS_custom_loc_l_russian.yml","localization/russian/custom_localization/DI_custom_loc_l_russian.yml"
"113","06:11:20","pdx_localize.cpp:279","Duplicate localization key. Key 'DI_set_father_as_real_father_triggered_desc_1' is defined in both 'localization/russian/custom_localization/DI_RUS_custom_loc_l_russian.yml' and 'localization/russian/custom_localization/DI_custom_loc_l_russian.yml'.","Expected external translation override","Divine Intervention Cheat Menu | Divine Intervention CM [RUS]","localization/russian/custom_localization/DI_RUS_custom_loc_l_russian.yml | localization/russian/custom_localization/DI_custom_loc_l_russian.yml","DI_set_father_as_real_father_triggered_desc_1","localization/russian/custom_localization/DI_RUS_custom_loc_l_russian.yml","localization/russian/custom_localization/DI_custom_loc_l_russian.yml"
"114","06:11:20","pdx_localize.cpp:279","Duplicate localization key. Key 'DI_set_father_as_real_father_triggered_desc_2' is defined in both 'localization/russian/custom_localization/DI_RUS_custom_loc_l_russian.yml' and 'localization/russian/custom_localization/DI_custom_loc_l_russian.yml'.","Expected external translation override","Divine Intervention Cheat Menu | Divine Intervention CM [RUS]","localization/russian/custom_localization/DI_RUS_custom_loc_l_russian.yml | localization/russian/custom_localization/DI_custom_loc_l_russian.yml","DI_set_father_as_real_father_triggered_desc_2","localization/russian/custom_localization/DI_RUS_custom_loc_l_russian.yml","localization/russian/custom_localization/DI_custom_loc_l_russian.yml"
"115","06:11:20","pdx_localize.cpp:279","Duplicate localization key. Key 'DI_marry_triggered_desc_1' is defined in both 'localization/russian/custom_localization/DI_RUS_custom_loc_l_russian.yml' and 'localization/russian/custom_localization/DI_custom_loc_l_russian.yml'.","Expected external translation override","Divine Intervention Cheat Menu | Divine Intervention CM [RUS]","localization/russian/custom_localization/DI_RUS_custom_loc_l_russian.yml | localization/russian/custom_localization/DI_custom_loc_l_russian.yml","DI_marry_triggered_desc_1","localization/russian/custom_localization/DI_RUS_custom_loc_l_russian.yml","localization/russian/custom_localization/DI_custom_loc_l_russian.yml"
"116","06:11:20","pdx_localize.cpp:279","Duplicate localization key. Key 'DI_marry_triggered_desc_2' is defined in both 'localization/russian/custom_localization/DI_RUS_custom_loc_l_russian.yml' and 'localization/russian/custom_localization/DI_custom_loc_l_russian.yml'.","Expected external translation override","Divine Intervention Cheat Menu | Divine Intervention CM [RUS]","localization/russian/custom_localization/DI_RUS_custom_loc_l_russian.yml | localization/russian/custom_localization/DI_custom_loc_l_russian.yml","DI_marry_triggered_desc_2","localization/russian/custom_localization/DI_RUS_custom_loc_l_russian.yml","localization/russian/custom_localization/DI_custom_loc_l_russian.yml"
"117","06:11:20","pdx_localize.cpp:279","Duplicate localization key. Key 'DI_marry_triggered_desc_3' is defined in both 'localization/russian/custom_localization/DI_RUS_custom_loc_l_russian.yml' and 'localization/russian/custom_localization/DI_custom_loc_l_russian.yml'.","Identical localization definitions","Divine Intervention Cheat Menu | Divine Intervention CM [RUS]","localization/russian/custom_localization/DI_RUS_custom_loc_l_russian.yml | localization/russian/custom_localization/DI_custom_loc_l_russian.yml","DI_marry_triggered_desc_3","localization/russian/custom_localization/DI_RUS_custom_loc_l_russian.yml","localization/russian/custom_localization/DI_custom_loc_l_russian.yml"
"118","06:11:20","pdx_localize.cpp:279","Duplicate localization key. Key 'DI_add_concubine_triggered_desc_1' is defined in both 'localization/russian/custom_localization/DI_RUS_custom_loc_l_russian.yml' and 'localization/russian/custom_localization/DI_custom_loc_l_russian.yml'.","Expected external translation override","Divine Intervention Cheat Menu | Divine Intervention CM [RUS]","localization/russian/custom_localization/DI_RUS_custom_loc_l_russian.yml | localization/russian/custom_localization/DI_custom_loc_l_russian.yml","DI_add_concubine_triggered_desc_1","localization/russian/custom_localization/DI_RUS_custom_loc_l_russian.yml","localization/russian/custom_localization/DI_custom_loc_l_russian.yml"
"119","06:11:20","pdx_localize.cpp:279","Duplicate localization key. Key 'DI_add_concubine_triggered_desc_2' is defined in both 'localization/russian/custom_localization/DI_RUS_custom_loc_l_russian.yml' and 'localization/russian/custom_localization/DI_custom_loc_l_russian.yml'.","Expected external translation override","Divine Intervention Cheat Menu | Divine Intervention CM [RUS]","localization/russian/custom_localization/DI_RUS_custom_loc_l_russian.yml | localization/russian/custom_localization/DI_custom_loc_l_russian.yml","DI_add_concubine_triggered_desc_2","localization/russian/custom_localization/DI_RUS_custom_loc_l_russian.yml","localization/russian/custom_localization/DI_custom_loc_l_russian.yml"
"120","06:11:20","pdx_localize.cpp:279","Duplicate localization key. Key 'DI_add_concubine_triggered_desc_3' is defined in both 'localization/russian/custom_localization/DI_RUS_custom_loc_l_russian.yml' and 'localization/russian/custom_localization/DI_custom_loc_l_russian.yml'.","Expected external translation override","Divine Intervention Cheat Menu | Divine Intervention CM [RUS]","localization/russian/custom_localization/DI_RUS_custom_loc_l_russian.yml | localization/russian/custom_localization/DI_custom_loc_l_russian.yml","DI_add_concubine_triggered_desc_3","localization/russian/custom_localization/DI_RUS_custom_loc_l_russian.yml","localization/russian/custom_localization/DI_custom_loc_l_russian.yml"
"121","06:11:20","pdx_localize.cpp:279","Duplicate localization key. Key 'DI_add_concubine_triggered_desc_4' is defined in both 'localization/russian/custom_localization/DI_RUS_custom_loc_l_russian.yml' and 'localization/russian/custom_localization/DI_custom_loc_l_russian.yml'.","Expected external translation override","Divine Intervention Cheat Menu | Divine Intervention CM [RUS]","localization/russian/custom_localization/DI_RUS_custom_loc_l_russian.yml | localization/russian/custom_localization/DI_custom_loc_l_russian.yml","DI_add_concubine_triggered_desc_4","localization/russian/custom_localization/DI_RUS_custom_loc_l_russian.yml","localization/russian/custom_localization/DI_custom_loc_l_russian.yml"
"122","06:11:20","pdx_localize.cpp:279","Duplicate localization key. Key 'DI_add_concubine_triggered_desc_5' is defined in both 'localization/russian/custom_localization/DI_RUS_custom_loc_l_russian.yml' and 'localization/russian/custom_localization/DI_custom_loc_l_russian.yml'.","Expected external translation override","Divine Intervention Cheat Menu | Divine Intervention CM [RUS]","localization/russian/custom_localization/DI_RUS_custom_loc_l_russian.yml | localization/russian/custom_localization/DI_custom_loc_l_russian.yml","DI_add_concubine_triggered_desc_5","localization/russian/custom_localization/DI_RUS_custom_loc_l_russian.yml","localization/russian/custom_localization/DI_custom_loc_l_russian.yml"
"123","06:11:20","pdx_localize.cpp:279","Duplicate localization key. Key 'DI_remove_concubine_triggered_desc_1' is defined in both 'localization/russian/custom_localization/DI_RUS_custom_loc_l_russian.yml' and 'localization/russian/custom_localization/DI_custom_loc_l_russian.yml'.","Expected external translation override","Divine Intervention Cheat Menu | Divine Intervention CM [RUS]","localization/russian/custom_localization/DI_RUS_custom_loc_l_russian.yml | localization/russian/custom_localization/DI_custom_loc_l_russian.yml","DI_remove_concubine_triggered_desc_1","localization/russian/custom_localization/DI_RUS_custom_loc_l_russian.yml","localization/russian/custom_localization/DI_custom_loc_l_russian.yml"
"124","06:11:20","pdx_localize.cpp:279","Duplicate localization key. Key 'DI_betrothal_triggered_desc_1' is defined in both 'localization/russian/custom_localization/DI_RUS_custom_loc_l_russian.yml' and 'localization/russian/custom_localization/DI_custom_loc_l_russian.yml'.","Expected external translation override","Divine Intervention Cheat Menu | Divine Intervention CM [RUS]","localization/russian/custom_localization/DI_RUS_custom_loc_l_russian.yml | localization/russian/custom_localization/DI_custom_loc_l_russian.yml","DI_betrothal_triggered_desc_1","localization/russian/custom_localization/DI_RUS_custom_loc_l_russian.yml","localization/russian/custom_localization/DI_custom_loc_l_russian.yml"
"125","06:11:20","pdx_localize.cpp:279","Duplicate localization key. Key 'DI_betrothal_triggered_desc_2' is defined in both 'localization/russian/custom_localization/DI_RUS_custom_loc_l_russian.yml' and 'localization/russian/custom_localization/DI_custom_loc_l_russian.yml'.","Expected external translation override","Divine Intervention Cheat Menu | Divine Intervention CM [RUS]","localization/russian/custom_localization/DI_RUS_custom_loc_l_russian.yml | localization/russian/custom_localization/DI_custom_loc_l_russian.yml","DI_betrothal_triggered_desc_2","localization/russian/custom_localization/DI_RUS_custom_loc_l_russian.yml","localization/russian/custom_localization/DI_custom_loc_l_russian.yml"
"126","06:11:20","pdx_localize.cpp:279","Duplicate localization key. Key 'DI_break_betrothal_triggered_desc_1' is defined in both 'localization/russian/custom_localization/DI_RUS_custom_loc_l_russian.yml' and 'localization/russian/custom_localization/DI_custom_loc_l_russian.yml'.","Expected external translation override","Divine Intervention Cheat Menu | Divine Intervention CM [RUS]","localization/russian/custom_localization/DI_RUS_custom_loc_l_russian.yml | localization/russian/custom_localization/DI_custom_loc_l_russian.yml","DI_break_betrothal_triggered_desc_1","localization/russian/custom_localization/DI_RUS_custom_loc_l_russian.yml","localization/russian/custom_localization/DI_custom_loc_l_russian.yml"
"127","06:11:20","pdx_localize.cpp:279","Duplicate localization key. Key 'DI_divorce_triggered_desc_1' is defined in both 'localization/russian/custom_localization/DI_RUS_custom_loc_l_russian.yml' and 'localization/russian/custom_localization/DI_custom_loc_l_russian.yml'.","Expected external translation override","Divine Intervention Cheat Menu | Divine Intervention CM [RUS]","localization/russian/custom_localization/DI_RUS_custom_loc_l_russian.yml | localization/russian/custom_localization/DI_custom_loc_l_russian.yml","DI_divorce_triggered_desc_1","localization/russian/custom_localization/DI_RUS_custom_loc_l_russian.yml","localization/russian/custom_localization/DI_custom_loc_l_russian.yml"
"128","06:11:20","pdx_localize.cpp:279","Duplicate localization key. Key 'DI_make_siblings_triggered_desc_1' is defined in both 'localization/russian/custom_localization/DI_RUS_custom_loc_l_russian.yml' and 'localization/russian/custom_localization/DI_custom_loc_l_russian.yml'.","Expected external translation override","Divine Intervention Cheat Menu | Divine Intervention CM [RUS]","localization/russian/custom_localization/DI_RUS_custom_loc_l_russian.yml | localization/russian/custom_localization/DI_custom_loc_l_russian.yml","DI_make_siblings_triggered_desc_1","localization/russian/custom_localization/DI_RUS_custom_loc_l_russian.yml","localization/russian/custom_localization/DI_custom_loc_l_russian.yml"
"129","06:11:20","pdx_localize.cpp:279","Duplicate localization key. Key 'DI_make_siblings_triggered_desc_2' is defined in both 'localization/russian/custom_localization/DI_RUS_custom_loc_l_russian.yml' and 'localization/russian/custom_localization/DI_custom_loc_l_russian.yml'.","Expected external translation override","Divine Intervention Cheat Menu | Divine Intervention CM [RUS]","localization/russian/custom_localization/DI_RUS_custom_loc_l_russian.yml | localization/russian/custom_localization/DI_custom_loc_l_russian.yml","DI_make_siblings_triggered_desc_2","localization/russian/custom_localization/DI_RUS_custom_loc_l_russian.yml","localization/russian/custom_localization/DI_custom_loc_l_russian.yml"
"130","06:11:20","pdx_localize.cpp:279","Duplicate localization key. Key 'DI_make_siblings_triggered_desc_3' is defined in both 'localization/russian/custom_localization/DI_RUS_custom_loc_l_russian.yml' and 'localization/russian/custom_localization/DI_custom_loc_l_russian.yml'.","Expected external translation override","Divine Intervention Cheat Menu | Divine Intervention CM [RUS]","localization/russian/custom_localization/DI_RUS_custom_loc_l_russian.yml | localization/russian/custom_localization/DI_custom_loc_l_russian.yml","DI_make_siblings_triggered_desc_3","localization/russian/custom_localization/DI_RUS_custom_loc_l_russian.yml","localization/russian/custom_localization/DI_custom_loc_l_russian.yml"
"131","06:11:21","pdx_localize.cpp:279","Duplicate localization key. Key 'DI_button_tt' is defined in both 'localization/russian/gui/DI_RUS_l_russian.yml' and 'localization/russian/gui/DI_l_russian.yml'.","Expected corrective localization override","Divine Intervention AGOT | Русификатор | Divine Intervention Cheat Menu | Divine Intervention CM [RUS]","localization/russian/gui/DI_RUS_l_russian.yml | localization/russian/gui/DI_l_russian.yml","DI_button_tt","localization/russian/gui/DI_RUS_l_russian.yml","localization/russian/gui/DI_l_russian.yml"
"132","06:11:21","pdx_localize.cpp:279","Duplicate localization key. Key 'DI_VIEW_TITLE' is defined in both 'localization/russian/gui/DI_RUS_l_russian.yml' and 'localization/russian/gui/DI_l_russian.yml'.","Expected corrective localization override","Divine Intervention AGOT | Русификатор | Divine Intervention Cheat Menu | Divine Intervention CM [RUS]","localization/russian/gui/DI_RUS_l_russian.yml | localization/russian/gui/DI_l_russian.yml","DI_VIEW_TITLE","localization/russian/gui/DI_RUS_l_russian.yml","localization/russian/gui/DI_l_russian.yml"
"133","06:11:21","pdx_localize.cpp:279","Duplicate localization key. Key 'DI_loading' is defined in both 'localization/russian/gui/DI_RUS_l_russian.yml' and 'localization/russian/gui/DI_l_russian.yml'.","Expected corrective localization override","Divine Intervention AGOT | Русификатор | Divine Intervention Cheat Menu | Divine Intervention CM [RUS]","localization/russian/gui/DI_RUS_l_russian.yml | localization/russian/gui/DI_l_russian.yml","DI_loading","localization/russian/gui/DI_RUS_l_russian.yml","localization/russian/gui/DI_l_russian.yml"
"134","06:11:21","pdx_localize.cpp:279","Duplicate localization key. Key 'DI_char_editor_tt' is defined in both 'localization/russian/gui/DI_RUS_l_russian.yml' and 'localization/russian/gui/DI_l_russian.yml'.","Expected corrective localization override","Divine Intervention AGOT | Русификатор | Divine Intervention Cheat Menu | Divine Intervention CM [RUS]","localization/russian/gui/DI_RUS_l_russian.yml | localization/russian/gui/DI_l_russian.yml","DI_char_editor_tt","localization/russian/gui/DI_RUS_l_russian.yml","localization/russian/gui/DI_l_russian.yml"
"135","06:11:21","pdx_localize.cpp:279","Duplicate localization key. Key 'DI_pinned_characters_tt' is defined in both 'localization/russian/gui/DI_RUS_l_russian.yml' and 'localization/russian/gui/DI_l_russian.yml'.","Expected corrective localization override","Divine Intervention AGOT | Русификатор | Divine Intervention Cheat Menu | Divine Intervention CM [RUS]","localization/russian/gui/DI_RUS_l_russian.yml | localization/russian/gui/DI_l_russian.yml","DI_pinned_characters_tt","localization/russian/gui/DI_RUS_l_russian.yml","localization/russian/gui/DI_l_russian.yml"
"136","06:11:21","pdx_localize.cpp:279","Duplicate localization key. Key 'DI_char_spawner_tt' is defined in both 'localization/russian/gui/DI_RUS_l_russian.yml' and 'localization/russian/gui/DI_l_russian.yml'.","Expected corrective localization override","Divine Intervention AGOT | Русификатор | Divine Intervention Cheat Menu | Divine Intervention CM [RUS]","localization/russian/gui/DI_RUS_l_russian.yml | localization/russian/gui/DI_l_russian.yml","DI_char_spawner_tt","localization/russian/gui/DI_RUS_l_russian.yml","localization/russian/gui/DI_l_russian.yml"
"137","06:11:21","pdx_localize.cpp:279","Duplicate localization key. Key 'DI_army_spawner_tt' is defined in both 'localization/russian/gui/DI_RUS_l_russian.yml' and 'localization/russian/gui/DI_l_russian.yml'.","Expected corrective localization override","Divine Intervention AGOT | Русификатор | Divine Intervention Cheat Menu | Divine Intervention CM [RUS]","localization/russian/gui/DI_RUS_l_russian.yml | localization/russian/gui/DI_l_russian.yml","DI_army_spawner_tt","localization/russian/gui/DI_RUS_l_russian.yml","localization/russian/gui/DI_l_russian.yml"
"138","06:11:21","pdx_localize.cpp:279","Duplicate localization key. Key 'DI_diplomacy_tt' is defined in both 'localization/russian/gui/DI_RUS_l_russian.yml' and 'localization/russian/gui/DI_l_russian.yml'.","Expected corrective localization override","Divine Intervention AGOT | Русификатор | Divine Intervention Cheat Menu | Divine Intervention CM [RUS]","localization/russian/gui/DI_RUS_l_russian.yml | localization/russian/gui/DI_l_russian.yml","DI_diplomacy_tt","localization/russian/gui/DI_RUS_l_russian.yml","localization/russian/gui/DI_l_russian.yml"
"139","06:11:21","pdx_localize.cpp:279","Duplicate localization key. Key 'DI_artifact_creator_tt' is defined in both 'localization/russian/gui/DI_RUS_l_russian.yml' and 'localization/russian/gui/DI_l_russian.yml'.","Expected corrective localization override","Divine Intervention AGOT | Русификатор | Divine Intervention Cheat Menu | Divine Intervention CM [RUS]","localization/russian/gui/DI_RUS_l_russian.yml | localization/russian/gui/DI_l_russian.yml","DI_artifact_creator_tt","localization/russian/gui/DI_RUS_l_russian.yml","localization/russian/gui/DI_l_russian.yml"
"140","06:11:21","pdx_localize.cpp:279","Duplicate localization key. Key 'DI_cultural_editor_window' is defined in both 'localization/russian/gui/DI_RUS_l_russian.yml' and 'localization/russian/gui/DI_l_russian.yml'.","Expected corrective localization override","Divine Intervention AGOT | Русификатор | Divine Intervention Cheat Menu | Divine Intervention CM [RUS]","localization/russian/gui/DI_RUS_l_russian.yml | localization/russian/gui/DI_l_russian.yml","DI_cultural_editor_window","localization/russian/gui/DI_RUS_l_russian.yml","localization/russian/gui/DI_l_russian.yml"
"141","06:11:21","pdx_localize.cpp:279","Duplicate localization key. Key 'DI_cultural_editor_window_tt' is defined in both 'localization/russian/gui/DI_RUS_l_russian.yml' and 'localization/russian/gui/DI_l_russian.yml'.","Expected corrective localization override","Divine Intervention AGOT | Русификатор | Divine Intervention Cheat Menu | Divine Intervention CM [RUS]","localization/russian/gui/DI_RUS_l_russian.yml | localization/russian/gui/DI_l_russian.yml","DI_cultural_editor_window_tt","localization/russian/gui/DI_RUS_l_russian.yml","localization/russian/gui/DI_l_russian.yml"
"142","06:11:21","pdx_localize.cpp:279","Duplicate localization key. Key 'DI_faith_editor_window' is defined in both 'localization/russian/gui/DI_RUS_l_russian.yml' and 'localization/russian/gui/DI_l_russian.yml'.","Expected corrective localization override","Divine Intervention AGOT | Русификатор | Divine Intervention Cheat Menu | Divine Intervention CM [RUS]","localization/russian/gui/DI_RUS_l_russian.yml | localization/russian/gui/DI_l_russian.yml","DI_faith_editor_window","localization/russian/gui/DI_RUS_l_russian.yml","localization/russian/gui/DI_l_russian.yml"
"143","06:11:21","pdx_localize.cpp:279","Duplicate localization key. Key 'DI_faith_editor_window_tt' is defined in both 'localization/russian/gui/DI_RUS_l_russian.yml' and 'localization/russian/gui/DI_l_russian.yml'.","Expected corrective localization override","Divine Intervention AGOT | Русификатор | Divine Intervention Cheat Menu | Divine Intervention CM [RUS]","localization/russian/gui/DI_RUS_l_russian.yml | localization/russian/gui/DI_l_russian.yml","DI_faith_editor_window_tt","localization/russian/gui/DI_RUS_l_russian.yml","localization/russian/gui/DI_l_russian.yml"
"144","06:11:21","pdx_localize.cpp:279","Duplicate localization key. Key 'DI_debug_mode' is defined in both 'localization/russian/gui/DI_RUS_l_russian.yml' and 'localization/russian/gui/DI_l_russian.yml'.","Expected corrective localization override","Divine Intervention AGOT | Русификатор | Divine Intervention Cheat Menu | Divine Intervention CM [RUS]","localization/russian/gui/DI_RUS_l_russian.yml | localization/russian/gui/DI_l_russian.yml","DI_debug_mode","localization/russian/gui/DI_RUS_l_russian.yml","localization/russian/gui/DI_l_russian.yml"
"145","06:11:21","pdx_localize.cpp:279","Duplicate localization key. Key 'DI_debug_mode_tt' is defined in both 'localization/russian/gui/DI_RUS_l_russian.yml' and 'localization/russian/gui/DI_l_russian.yml'.","Expected corrective localization override","Divine Intervention AGOT | Русификатор | Divine Intervention Cheat Menu | Divine Intervention CM [RUS]","localization/russian/gui/DI_RUS_l_russian.yml | localization/russian/gui/DI_l_russian.yml","DI_debug_mode_tt","localization/russian/gui/DI_RUS_l_russian.yml","localization/russian/gui/DI_l_russian.yml"
"146","06:11:21","pdx_localize.cpp:279","Duplicate localization key. Key 'DI_clear_pins' is defined in both 'localization/russian/gui/DI_RUS_l_russian.yml' and 'localization/russian/gui/DI_l_russian.yml'.","Expected corrective localization override","Divine Intervention AGOT | Русификатор | Divine Intervention Cheat Menu | Divine Intervention CM [RUS]","localization/russian/gui/DI_RUS_l_russian.yml | localization/russian/gui/DI_l_russian.yml","DI_clear_pins","localization/russian/gui/DI_RUS_l_russian.yml","localization/russian/gui/DI_l_russian.yml"
"147","06:11:21","pdx_localize.cpp:279","Duplicate localization key. Key 'DI_clear_pins_tt' is defined in both 'localization/russian/gui/DI_RUS_l_russian.yml' and 'localization/russian/gui/DI_l_russian.yml'.","Expected corrective localization override","Divine Intervention AGOT | Русификатор | Divine Intervention Cheat Menu | Divine Intervention CM [RUS]","localization/russian/gui/DI_RUS_l_russian.yml | localization/russian/gui/DI_l_russian.yml","DI_clear_pins_tt","localization/russian/gui/DI_RUS_l_russian.yml","localization/russian/gui/DI_l_russian.yml"
"148","06:11:21","pdx_localize.cpp:279","Duplicate localization key. Key 'DI_test_button' is defined in both 'localization/russian/gui/DI_RUS_l_russian.yml' and 'localization/russian/gui/DI_l_russian.yml'.","Expected corrective localization override","Divine Intervention AGOT | Русификатор | Divine Intervention Cheat Menu | Divine Intervention CM [RUS]","localization/russian/gui/DI_RUS_l_russian.yml | localization/russian/gui/DI_l_russian.yml","DI_test_button","localization/russian/gui/DI_RUS_l_russian.yml","localization/russian/gui/DI_l_russian.yml"
"149","06:11:21","pdx_localize.cpp:279","Duplicate localization key. Key 'DI_test_button_tt' is defined in both 'localization/russian/gui/DI_RUS_l_russian.yml' and 'localization/russian/gui/DI_l_russian.yml'.","Expected corrective localization override","Divine Intervention AGOT | Русификатор | Divine Intervention Cheat Menu | Divine Intervention CM [RUS]","localization/russian/gui/DI_RUS_l_russian.yml | localization/russian/gui/DI_l_russian.yml","DI_test_button_tt","localization/russian/gui/DI_RUS_l_russian.yml","localization/russian/gui/DI_l_russian.yml"
"150","06:11:21","pdx_localize.cpp:279","Duplicate localization key. Key 'DI_char_editor' is defined in both 'localization/russian/gui/DI_RUS_l_russian.yml' and 'localization/russian/gui/DI_l_russian.yml'.","Expected corrective localization override","Divine Intervention AGOT | Русификатор | Divine Intervention Cheat Menu | Divine Intervention CM [RUS]","localization/russian/gui/DI_RUS_l_russian.yml | localization/russian/gui/DI_l_russian.yml","DI_char_editor","localization/russian/gui/DI_RUS_l_russian.yml","localization/russian/gui/DI_l_russian.yml"
"151","06:11:21","pdx_localize.cpp:279","Duplicate localization key. Key 'DI_tab_presents' is defined in both 'localization/russian/gui/DI_RUS_l_russian.yml' and 'localization/russian/gui/DI_l_russian.yml'.","Expected corrective localization override","Divine Intervention AGOT | Русификатор | Divine Intervention Cheat Menu | Divine Intervention CM [RUS]","localization/russian/gui/DI_RUS_l_russian.yml | localization/russian/gui/DI_l_russian.yml","DI_tab_presents","localization/russian/gui/DI_RUS_l_russian.yml","localization/russian/gui/DI_l_russian.yml"
"152","06:11:21","pdx_localize.cpp:279","Duplicate localization key. Key 'DI_tab_skills' is defined in both 'localization/russian/gui/DI_RUS_l_russian.yml' and 'localization/russian/gui/DI_l_russian.yml'.","Expected corrective localization override","Divine Intervention AGOT | Русификатор | Divine Intervention Cheat Menu | Divine Intervention CM [RUS]","localization/russian/gui/DI_RUS_l_russian.yml | localization/russian/gui/DI_l_russian.yml","DI_tab_skills","localization/russian/gui/DI_RUS_l_russian.yml","localization/russian/gui/DI_l_russian.yml"
"153","06:11:21","pdx_localize.cpp:279","Duplicate localization key. Key 'DI_tab_perk_points' is defined in both 'localization/russian/gui/DI_RUS_l_russian.yml' and 'localization/russian/gui/DI_l_russian.yml'.","Expected corrective localization override","Divine Intervention AGOT | Русификатор | Divine Intervention Cheat Menu | Divine Intervention CM [RUS]","localization/russian/gui/DI_RUS_l_russian.yml | localization/russian/gui/DI_l_russian.yml","DI_tab_perk_points","localization/russian/gui/DI_RUS_l_russian.yml","localization/russian/gui/DI_l_russian.yml"
"154","06:11:21","pdx_localize.cpp:279","Duplicate localization key. Key 'DI_tab_modifiers' is defined in both 'localization/russian/gui/DI_RUS_l_russian.yml' and 'localization/russian/gui/DI_l_russian.yml'.","Expected corrective localization override","Divine Intervention AGOT | Русификатор | Divine Intervention Cheat Menu | Divine Intervention CM [RUS]","localization/russian/gui/DI_RUS_l_russian.yml | localization/russian/gui/DI_l_russian.yml","DI_tab_modifiers","localization/russian/gui/DI_RUS_l_russian.yml","localization/russian/gui/DI_l_russian.yml"
"155","06:11:21","pdx_localize.cpp:279","Duplicate localization key. Key 'DI_tab_traits' is defined in both 'localization/russian/gui/DI_RUS_l_russian.yml' and 'localization/russian/gui/DI_l_russian.yml'.","Expected corrective localization override","Divine Intervention AGOT | Русификатор | Divine Intervention Cheat Menu | Divine Intervention CM [RUS]","localization/russian/gui/DI_RUS_l_russian.yml | localization/russian/gui/DI_l_russian.yml","DI_tab_traits","localization/russian/gui/DI_RUS_l_russian.yml","localization/russian/gui/DI_l_russian.yml"
"156","06:11:21","pdx_localize.cpp:279","Duplicate localization key. Key 'DI_tab_sexuality' is defined in both 'localization/russian/gui/DI_RUS_l_russian.yml' and 'localization/russian/gui/DI_l_russian.yml'.","Expected corrective localization override","Divine Intervention AGOT | Русификатор | Divine Intervention Cheat Menu | Divine Intervention CM [RUS]","localization/russian/gui/DI_RUS_l_russian.yml | localization/russian/gui/DI_l_russian.yml","DI_tab_sexuality","localization/russian/gui/DI_RUS_l_russian.yml","localization/russian/gui/DI_l_russian.yml"
"157","06:11:21","pdx_localize.cpp:279","Duplicate localization key. Key 'DI_tab_culture' is defined in both 'localization/russian/gui/DI_RUS_l_russian.yml' and 'localization/russian/gui/DI_l_russian.yml'.","Expected corrective localization override","Divine Intervention AGOT | Русификатор | Divine Intervention Cheat Menu | Divine Intervention CM [RUS]","localization/russian/gui/DI_RUS_l_russian.yml | localization/russian/gui/DI_l_russian.yml","DI_tab_culture","localization/russian/gui/DI_RUS_l_russian.yml","localization/russian/gui/DI_l_russian.yml"
"158","06:11:21","pdx_localize.cpp:279","Duplicate localization key. Key 'DI_tab_religion' is defined in both 'localization/russian/gui/DI_RUS_l_russian.yml' and 'localization/russian/gui/DI_l_russian.yml'.","Expected corrective localization override","Divine Intervention AGOT | Русификатор | Divine Intervention Cheat Menu | Divine Intervention CM [RUS]","localization/russian/gui/DI_RUS_l_russian.yml | localization/russian/gui/DI_l_russian.yml","DI_tab_religion","localization/russian/gui/DI_RUS_l_russian.yml","localization/russian/gui/DI_l_russian.yml"
"159","06:11:21","pdx_localize.cpp:279","Duplicate localization key. Key 'DI_present_char_editor' is defined in both 'localization/russian/gui/DI_RUS_l_russian.yml' and 'localization/russian/gui/DI_l_russian.yml'.","Expected corrective localization override","Divine Intervention AGOT | Русификатор | Divine Intervention Cheat Menu | Divine Intervention CM [RUS]","localization/russian/gui/DI_RUS_l_russian.yml | localization/russian/gui/DI_l_russian.yml","DI_present_char_editor","localization/russian/gui/DI_RUS_l_russian.yml","localization/russian/gui/DI_l_russian.yml"
"160","06:11:21","pdx_localize.cpp:279","Duplicate localization key. Key 'DI_present_char_editor_TT' is defined in both 'localization/russian/gui/DI_RUS_l_russian.yml' and 'localization/russian/gui/DI_l_russian.yml'.","Expected corrective localization override","Divine Intervention AGOT | Русификатор | Divine Intervention Cheat Menu | Divine Intervention CM [RUS]","localization/russian/gui/DI_RUS_l_russian.yml | localization/russian/gui/DI_l_russian.yml","DI_present_char_editor_TT","localization/russian/gui/DI_RUS_l_russian.yml","localization/russian/gui/DI_l_russian.yml"
"161","06:11:21","pdx_localize.cpp:279","Duplicate localization key. Key 'DI_skill_char_editor' is defined in both 'localization/russian/gui/DI_RUS_l_russian.yml' and 'localization/russian/gui/DI_l_russian.yml'.","Expected corrective localization override","Divine Intervention AGOT | Русификатор | Divine Intervention Cheat Menu | Divine Intervention CM [RUS]","localization/russian/gui/DI_RUS_l_russian.yml | localization/russian/gui/DI_l_russian.yml","DI_skill_char_editor","localization/russian/gui/DI_RUS_l_russian.yml","localization/russian/gui/DI_l_russian.yml"
"162","06:11:21","pdx_localize.cpp:279","Duplicate localization key. Key 'DI_skill_char_editor_TT' is defined in both 'localization/russian/gui/DI_RUS_l_russian.yml' and 'localization/russian/gui/DI_l_russian.yml'.","Expected corrective localization override","Divine Intervention AGOT | Русификатор | Divine Intervention Cheat Menu | Divine Intervention CM [RUS]","localization/russian/gui/DI_RUS_l_russian.yml | localization/russian/gui/DI_l_russian.yml","DI_skill_char_editor_TT","localization/russian/gui/DI_RUS_l_russian.yml","localization/russian/gui/DI_l_russian.yml"
"163","06:11:21","pdx_localize.cpp:279","Duplicate localization key. Key 'DI_perk_point_char_editor' is defined in both 'localization/russian/gui/DI_RUS_l_russian.yml' and 'localization/russian/gui/DI_l_russian.yml'.","Expected corrective localization override","Divine Intervention AGOT | Русификатор | Divine Intervention Cheat Menu | Divine Intervention CM [RUS]","localization/russian/gui/DI_RUS_l_russian.yml | localization/russian/gui/DI_l_russian.yml","DI_perk_point_char_editor","localization/russian/gui/DI_RUS_l_russian.yml","localization/russian/gui/DI_l_russian.yml"
"164","06:11:21","pdx_localize.cpp:279","Duplicate localization key. Key 'DI_modifiers_char_editor' is defined in both 'localization/russian/gui/DI_RUS_l_russian.yml' and 'localization/russian/gui/DI_l_russian.yml'.","Expected corrective localization override","Divine Intervention AGOT | Русификатор | Divine Intervention Cheat Menu | Divine Intervention CM [RUS]","localization/russian/gui/DI_RUS_l_russian.yml | localization/russian/gui/DI_l_russian.yml","DI_modifiers_char_editor","localization/russian/gui/DI_RUS_l_russian.yml","localization/russian/gui/DI_l_russian.yml"
"165","06:11:21","pdx_localize.cpp:279","Duplicate localization key. Key 'DI_modifiers_char_editor_TT' is defined in both 'localization/russian/gui/DI_RUS_l_russian.yml' and 'localization/russian/gui/DI_l_russian.yml'.","Expected corrective localization override","Divine Intervention AGOT | Русификатор | Divine Intervention Cheat Menu | Divine Intervention CM [RUS]","localization/russian/gui/DI_RUS_l_russian.yml | localization/russian/gui/DI_l_russian.yml","DI_modifiers_char_editor_TT","localization/russian/gui/DI_RUS_l_russian.yml","localization/russian/gui/DI_l_russian.yml"
"166","06:11:21","pdx_localize.cpp:279","Duplicate localization key. Key 'DI_traits_char_editor' is defined in both 'localization/russian/gui/DI_RUS_l_russian.yml' and 'localization/russian/gui/DI_l_russian.yml'.","Expected corrective localization override","Divine Intervention AGOT | Русификатор | Divine Intervention Cheat Menu | Divine Intervention CM [RUS]","localization/russian/gui/DI_RUS_l_russian.yml | localization/russian/gui/DI_l_russian.yml","DI_traits_char_editor","localization/russian/gui/DI_RUS_l_russian.yml","localization/russian/gui/DI_l_russian.yml"
"167","06:11:21","pdx_localize.cpp:279","Duplicate localization key. Key 'DI_traits_char_editor_TT' is defined in both 'localization/russian/gui/DI_RUS_l_russian.yml' and 'localization/russian/gui/DI_l_russian.yml'.","Expected corrective localization override","Divine Intervention AGOT | Русификатор | Divine Intervention Cheat Menu | Divine Intervention CM [RUS]","localization/russian/gui/DI_RUS_l_russian.yml | localization/russian/gui/DI_l_russian.yml","DI_traits_char_editor_TT","localization/russian/gui/DI_RUS_l_russian.yml","localization/russian/gui/DI_l_russian.yml"
"168","06:11:21","pdx_localize.cpp:279","Duplicate localization key. Key 'DI_clear_all_traits' is defined in both 'localization/russian/gui/DI_RUS_l_russian.yml' and 'localization/russian/gui/DI_l_russian.yml'.","Expected corrective localization override","Divine Intervention AGOT | Русификатор | Divine Intervention Cheat Menu | Divine Intervention CM [RUS]","localization/russian/gui/DI_RUS_l_russian.yml | localization/russian/gui/DI_l_russian.yml","DI_clear_all_traits","localization/russian/gui/DI_RUS_l_russian.yml","localization/russian/gui/DI_l_russian.yml"
"169","06:11:21","pdx_localize.cpp:279","Duplicate localization key. Key 'DI_sexuality_char_editor' is defined in both 'localization/russian/gui/DI_RUS_l_russian.yml' and 'localization/russian/gui/DI_l_russian.yml'.","Expected corrective localization override","Divine Intervention AGOT | Русификатор | Divine Intervention Cheat Menu | Divine Intervention CM [RUS]","localization/russian/gui/DI_RUS_l_russian.yml | localization/russian/gui/DI_l_russian.yml","DI_sexuality_char_editor","localization/russian/gui/DI_RUS_l_russian.yml","localization/russian/gui/DI_l_russian.yml"
"170","06:11:21","pdx_localize.cpp:279","Duplicate localization key. Key 'DI_sexuality_char_editor_TT' is defined in both 'localization/russian/gui/DI_RUS_l_russian.yml' and 'localization/russian/gui/DI_l_russian.yml'.","Expected corrective localization override","Divine Intervention AGOT | Русификатор | Divine Intervention Cheat Menu | Divine Intervention CM [RUS]","localization/russian/gui/DI_RUS_l_russian.yml | localization/russian/gui/DI_l_russian.yml","DI_sexuality_char_editor_TT","localization/russian/gui/DI_RUS_l_russian.yml","localization/russian/gui/DI_l_russian.yml"
"171","06:11:21","pdx_localize.cpp:279","Duplicate localization key. Key 'DI_culture_group_char_editor' is defined in both 'localization/russian/gui/DI_RUS_l_russian.yml' and 'localization/russian/gui/DI_l_russian.yml'.","Expected corrective localization override","Divine Intervention AGOT | Русификатор | Divine Intervention Cheat Menu | Divine Intervention CM [RUS]","localization/russian/gui/DI_RUS_l_russian.yml | localization/russian/gui/DI_l_russian.yml","DI_culture_group_char_editor","localization/russian/gui/DI_RUS_l_russian.yml","localization/russian/gui/DI_l_russian.yml"
"172","06:11:21","pdx_localize.cpp:279","Duplicate localization key. Key 'DI_culture_group_char_editor_TT' is defined in both 'localization/russian/gui/DI_RUS_l_russian.yml' and 'localization/russian/gui/DI_l_russian.yml'.","Expected corrective localization override","Divine Intervention AGOT | Русификатор | Divine Intervention Cheat Menu | Divine Intervention CM [RUS]","localization/russian/gui/DI_RUS_l_russian.yml | localization/russian/gui/DI_l_russian.yml","DI_culture_group_char_editor_TT","localization/russian/gui/DI_RUS_l_russian.yml","localization/russian/gui/DI_l_russian.yml"
"173","06:11:21","pdx_localize.cpp:279","Duplicate localization key. Key 'DI_religion_group_char_editor' is defined in both 'localization/russian/gui/DI_RUS_l_russian.yml' and 'localization/russian/gui/DI_l_russian.yml'.","Expected corrective localization override","Divine Intervention AGOT | Русификатор | Divine Intervention Cheat Menu | Divine Intervention CM [RUS]","localization/russian/gui/DI_RUS_l_russian.yml | localization/russian/gui/DI_l_russian.yml","DI_religion_group_char_editor","localization/russian/gui/DI_RUS_l_russian.yml","localization/russian/gui/DI_l_russian.yml"
"174","06:11:21","pdx_localize.cpp:279","Duplicate localization key. Key 'DI_religion_group_char_editor_TT' is defined in both 'localization/russian/gui/DI_RUS_l_russian.yml' and 'localization/russian/gui/DI_l_russian.yml'.","Expected corrective localization override","Divine Intervention AGOT | Русификатор | Divine Intervention Cheat Menu | Divine Intervention CM [RUS]","localization/russian/gui/DI_RUS_l_russian.yml | localization/russian/gui/DI_l_russian.yml","DI_religion_group_char_editor_TT","localization/russian/gui/DI_RUS_l_russian.yml","localization/russian/gui/DI_l_russian.yml"
"175","06:11:21","pdx_localize.cpp:279","Duplicate localization key. Key 'DI_char_editor_present' is defined in both 'localization/russian/gui/DI_RUS_l_russian.yml' and 'localization/russian/gui/DI_l_russian.yml'.","Expected corrective localization override","Divine Intervention AGOT | Русификатор | Divine Intervention Cheat Menu | Divine Intervention CM [RUS]","localization/russian/gui/DI_RUS_l_russian.yml | localization/russian/gui/DI_l_russian.yml","DI_char_editor_present","localization/russian/gui/DI_RUS_l_russian.yml","localization/russian/gui/DI_l_russian.yml"
"176","06:11:21","pdx_localize.cpp:279","Duplicate localization key. Key 'DI_tab_lifestyle' is defined in both 'localization/russian/gui/DI_RUS_l_russian.yml' and 'localization/russian/gui/DI_l_russian.yml'.","Expected corrective localization override","Divine Intervention AGOT | Русификатор | Divine Intervention Cheat Menu | Divine Intervention CM [RUS]","localization/russian/gui/DI_RUS_l_russian.yml | localization/russian/gui/DI_l_russian.yml","DI_tab_lifestyle","localization/russian/gui/DI_RUS_l_russian.yml","localization/russian/gui/DI_l_russian.yml"
"177","06:11:21","pdx_localize.cpp:279","Duplicate localization key. Key 'DI_tab_health' is defined in both 'localization/russian/gui/DI_RUS_l_russian.yml' and 'localization/russian/gui/DI_l_russian.yml'.","Expected corrective localization override","Divine Intervention AGOT | Русификатор | Divine Intervention Cheat Menu | Divine Intervention CM [RUS]","localization/russian/gui/DI_RUS_l_russian.yml | localization/russian/gui/DI_l_russian.yml","DI_tab_health","localization/russian/gui/DI_RUS_l_russian.yml","localization/russian/gui/DI_l_russian.yml"
"178","06:11:21","pdx_localize.cpp:279","Duplicate localization key. Key 'DI_tab_innovations' is defined in both 'localization/russian/gui/DI_RUS_l_russian.yml' and 'localization/russian/gui/DI_l_russian.yml'.","Expected corrective localization override","Divine Intervention AGOT | Русификатор | Divine Intervention Cheat Menu | Divine Intervention CM [RUS]","localization/russian/gui/DI_RUS_l_russian.yml | localization/russian/gui/DI_l_russian.yml","DI_tab_innovations","localization/russian/gui/DI_RUS_l_russian.yml","localization/russian/gui/DI_l_russian.yml"
"179","06:11:21","pdx_localize.cpp:279","Duplicate localization key. Key 'DI_tab_laws' is defined in both 'localization/russian/gui/DI_RUS_l_russian.yml' and 'localization/russian/gui/DI_l_russian.yml'.","Expected corrective localization override","Divine Intervention AGOT | Русификатор | Divine Intervention Cheat Menu | Divine Intervention CM [RUS]","localization/russian/gui/DI_RUS_l_russian.yml | localization/russian/gui/DI_l_russian.yml","DI_tab_laws","localization/russian/gui/DI_RUS_l_russian.yml","localization/russian/gui/DI_l_russian.yml"
"180","06:11:21","pdx_localize.cpp:279","Duplicate localization key. Key 'DI_generic_window_choose' is defined in both 'localization/russian/gui/DI_RUS_l_russian.yml' and 'localization/russian/gui/DI_l_russian.yml'.","Expected corrective localization override","Divine Intervention AGOT | Русификатор | Divine Intervention Cheat Menu | Divine Intervention CM [RUS]","localization/russian/gui/DI_RUS_l_russian.yml | localization/russian/gui/DI_l_russian.yml","DI_generic_window_choose","localization/russian/gui/DI_RUS_l_russian.yml","localization/russian/gui/DI_l_russian.yml"
"181","06:11:21","pdx_localize.cpp:279","Duplicate localization key. Key 'DI_choose_present' is defined in both 'localization/russian/gui/DI_RUS_l_russian.yml' and 'localization/russian/gui/DI_l_russian.yml'.","Expected corrective localization override","Divine Intervention AGOT | Русификатор | Divine Intervention Cheat Menu | Divine Intervention CM [RUS]","localization/russian/gui/DI_RUS_l_russian.yml | localization/russian/gui/DI_l_russian.yml","DI_choose_present","localization/russian/gui/DI_RUS_l_russian.yml","localization/russian/gui/DI_l_russian.yml"
"182","06:11:21","pdx_localize.cpp:279","Duplicate localization key. Key 'DI_present_lifestyle' is defined in both 'localization/russian/gui/DI_RUS_l_russian.yml' and 'localization/russian/gui/DI_l_russian.yml'.","Expected corrective localization override","Divine Intervention AGOT | Русификатор | Divine Intervention Cheat Menu | Divine Intervention CM [RUS]","localization/russian/gui/DI_RUS_l_russian.yml | localization/russian/gui/DI_l_russian.yml","DI_present_lifestyle","localization/russian/gui/DI_RUS_l_russian.yml","localization/russian/gui/DI_l_russian.yml"
"183","06:11:21","pdx_localize.cpp:279","Duplicate localization key. Key 'DI_present_lifestyle_TT' is defined in both 'localization/russian/gui/DI_RUS_l_russian.yml' and 'localization/russian/gui/DI_l_russian.yml'.","Expected corrective localization override","Divine Intervention AGOT | Русификатор | Divine Intervention Cheat Menu | Divine Intervention CM [RUS]","localization/russian/gui/DI_RUS_l_russian.yml | localization/russian/gui/DI_l_russian.yml","DI_present_lifestyle_TT","localization/russian/gui/DI_RUS_l_russian.yml","localization/russian/gui/DI_l_russian.yml"
"184","06:11:21","pdx_localize.cpp:279","Duplicate localization key. Key 'DI_present_health' is defined in both 'localization/russian/gui/DI_RUS_l_russian.yml' and 'localization/russian/gui/DI_l_russian.yml'.","Expected corrective localization override","Divine Intervention AGOT | Русификатор | Divine Intervention Cheat Menu | Divine Intervention CM [RUS]","localization/russian/gui/DI_RUS_l_russian.yml | localization/russian/gui/DI_l_russian.yml","DI_present_health","localization/russian/gui/DI_RUS_l_russian.yml","localization/russian/gui/DI_l_russian.yml"
"185","06:11:21","pdx_localize.cpp:279","Duplicate localization key. Key 'DI_present_health_TT' is defined in both 'localization/russian/gui/DI_RUS_l_russian.yml' and 'localization/russian/gui/DI_l_russian.yml'.","Expected corrective localization override","Divine Intervention AGOT | Русификатор | Divine Intervention Cheat Menu | Divine Intervention CM [RUS]","localization/russian/gui/DI_RUS_l_russian.yml | localization/russian/gui/DI_l_russian.yml","DI_present_health_TT","localization/russian/gui/DI_RUS_l_russian.yml","localization/russian/gui/DI_l_russian.yml"
"186","06:11:21","pdx_localize.cpp:279","Duplicate localization key. Key 'DI_present_traits' is defined in both 'localization/russian/gui/DI_RUS_l_russian.yml' and 'localization/russian/gui/DI_l_russian.yml'.","Expected corrective localization override","Divine Intervention AGOT | Русификатор | Divine Intervention Cheat Menu | Divine Intervention CM [RUS]","localization/russian/gui/DI_RUS_l_russian.yml | localization/russian/gui/DI_l_russian.yml","DI_present_traits","localization/russian/gui/DI_RUS_l_russian.yml","localization/russian/gui/DI_l_russian.yml"
"187","06:11:21","pdx_localize.cpp:279","Duplicate localization key. Key 'DI_present_traits_TT' is defined in both 'localization/russian/gui/DI_RUS_l_russian.yml' and 'localization/russian/gui/DI_l_russian.yml'.","Expected corrective localization override","Divine Intervention AGOT | Русификатор | Divine Intervention Cheat Menu | Divine Intervention CM [RUS]","localization/russian/gui/DI_RUS_l_russian.yml | localization/russian/gui/DI_l_russian.yml","DI_present_traits_TT","localization/russian/gui/DI_RUS_l_russian.yml","localization/russian/gui/DI_l_russian.yml"
"188","06:11:21","pdx_localize.cpp:279","Duplicate localization key. Key 'DI_present_laws' is defined in both 'localization/russian/gui/DI_RUS_l_russian.yml' and 'localization/russian/gui/DI_l_russian.yml'.","Expected corrective localization override","Divine Intervention AGOT | Русификатор | Divine Intervention Cheat Menu | Divine Intervention CM [RUS]","localization/russian/gui/DI_RUS_l_russian.yml | localization/russian/gui/DI_l_russian.yml","DI_present_laws","localization/russian/gui/DI_RUS_l_russian.yml","localization/russian/gui/DI_l_russian.yml"
"189","06:11:21","pdx_localize.cpp:279","Duplicate localization key. Key 'DI_present_laws_TT' is defined in both 'localization/russian/gui/DI_RUS_l_russian.yml' and 'localization/russian/gui/DI_l_russian.yml'.","Expected corrective localization override","Divine Intervention AGOT | Русификатор | Divine Intervention Cheat Menu | Divine Intervention CM [RUS]","localization/russian/gui/DI_RUS_l_russian.yml | localization/russian/gui/DI_l_russian.yml","DI_present_laws_TT","localization/russian/gui/DI_RUS_l_russian.yml","localization/russian/gui/DI_l_russian.yml"
"190","06:11:21","pdx_localize.cpp:279","Duplicate localization key. Key 'DI_ce_eliminate_health_issues_button' is defined in both 'localization/russian/gui/DI_RUS_l_russian.yml' and 'localization/russian/gui/DI_l_russian.yml'.","Expected corrective localization override","Divine Intervention AGOT | Русификатор | Divine Intervention Cheat Menu | Divine Intervention CM [RUS]","localization/russian/gui/DI_RUS_l_russian.yml | localization/russian/gui/DI_l_russian.yml","DI_ce_eliminate_health_issues_button","localization/russian/gui/DI_RUS_l_russian.yml","localization/russian/gui/DI_l_russian.yml"
"191","06:11:21","pdx_localize.cpp:279","Duplicate localization key. Key 'DI_ce_eliminate_health_issues_button_tt' is defined in both 'localization/russian/gui/DI_RUS_l_russian.yml' and 'localization/russian/gui/DI_l_russian.yml'.","Expected corrective localization override","Divine Intervention AGOT | Русификатор | Divine Intervention Cheat Menu | Divine Intervention CM [RUS]","localization/russian/gui/DI_RUS_l_russian.yml | localization/russian/gui/DI_l_russian.yml","DI_ce_eliminate_health_issues_button_tt","localization/russian/gui/DI_RUS_l_russian.yml","localization/russian/gui/DI_l_russian.yml"
"192","06:11:21","pdx_localize.cpp:279","Duplicate localization key. Key 'DI_ce_good_genes_button' is defined in both 'localization/russian/gui/DI_RUS_l_russian.yml' and 'localization/russian/gui/DI_l_russian.yml'.","Expected corrective localization override","Divine Intervention AGOT | Русификатор | Divine Intervention Cheat Menu | Divine Intervention CM [RUS]","localization/russian/gui/DI_RUS_l_russian.yml | localization/russian/gui/DI_l_russian.yml","DI_ce_good_genes_button","localization/russian/gui/DI_RUS_l_russian.yml","localization/russian/gui/DI_l_russian.yml"
"193","06:11:21","pdx_localize.cpp:279","Duplicate localization key. Key 'DI_ce_good_genes_button_tt' is defined in both 'localization/russian/gui/DI_RUS_l_russian.yml' and 'localization/russian/gui/DI_l_russian.yml'.","Expected corrective localization override","Divine Intervention AGOT | Русификатор | Divine Intervention Cheat Menu | Divine Intervention CM [RUS]","localization/russian/gui/DI_RUS_l_russian.yml | localization/russian/gui/DI_l_russian.yml","DI_ce_good_genes_button_tt","localization/russian/gui/DI_RUS_l_russian.yml","localization/russian/gui/DI_l_russian.yml"
"194","06:11:21","pdx_localize.cpp:279","Duplicate localization key. Key 'DI_ce_bad_genes_button' is defined in both 'localization/russian/gui/DI_RUS_l_russian.yml' and 'localization/russian/gui/DI_l_russian.yml'.","Expected corrective localization override","Divine Intervention AGOT | Русификатор | Divine Intervention Cheat Menu | Divine Intervention CM [RUS]","localization/russian/gui/DI_RUS_l_russian.yml | localization/russian/gui/DI_l_russian.yml","DI_ce_bad_genes_button","localization/russian/gui/DI_RUS_l_russian.yml","localization/russian/gui/DI_l_russian.yml"
"195","06:11:21","pdx_localize.cpp:279","Duplicate localization key. Key 'DI_ce_bad_genes_button_tt' is defined in both 'localization/russian/gui/DI_RUS_l_russian.yml' and 'localization/russian/gui/DI_l_russian.yml'.","Expected corrective localization override","Divine Intervention AGOT | Русификатор | Divine Intervention Cheat Menu | Divine Intervention CM [RUS]","localization/russian/gui/DI_RUS_l_russian.yml | localization/russian/gui/DI_l_russian.yml","DI_ce_bad_genes_button_tt","localization/russian/gui/DI_RUS_l_russian.yml","localization/russian/gui/DI_l_russian.yml"
"196","06:11:21","pdx_localize.cpp:279","Duplicate localization key. Key 'DI_ce_lock_stress_button' is defined in both 'localization/russian/gui/DI_RUS_l_russian.yml' and 'localization/russian/gui/DI_l_russian.yml'.","Expected corrective localization override","Divine Intervention AGOT | Русификатор | Divine Intervention Cheat Menu | Divine Intervention CM [RUS]","localization/russian/gui/DI_RUS_l_russian.yml | localization/russian/gui/DI_l_russian.yml","DI_ce_lock_stress_button","localization/russian/gui/DI_RUS_l_russian.yml","localization/russian/gui/DI_l_russian.yml"
"197","06:11:21","pdx_localize.cpp:279","Duplicate localization key. Key 'DI_ce_lock_stress_button_tt' is defined in both 'localization/russian/gui/DI_RUS_l_russian.yml' and 'localization/russian/gui/DI_l_russian.yml'.","Expected corrective localization override","Divine Intervention AGOT | Русификатор | Divine Intervention Cheat Menu | Divine Intervention CM [RUS]","localization/russian/gui/DI_RUS_l_russian.yml | localization/russian/gui/DI_l_russian.yml","DI_ce_lock_stress_button_tt","localization/russian/gui/DI_RUS_l_russian.yml","localization/russian/gui/DI_l_russian.yml"
"198","06:11:21","pdx_localize.cpp:279","Duplicate localization key. Key 'DI_ce_lock_tyranny_button' is defined in both 'localization/russian/gui/DI_RUS_l_russian.yml' and 'localization/russian/gui/DI_l_russian.yml'.","Expected corrective localization override","Divine Intervention AGOT | Русификатор | Divine Intervention Cheat Menu | Divine Intervention CM [RUS]","localization/russian/gui/DI_RUS_l_russian.yml | localization/russian/gui/DI_l_russian.yml","DI_ce_lock_tyranny_button","localization/russian/gui/DI_RUS_l_russian.yml","localization/russian/gui/DI_l_russian.yml"
"199","06:11:21","pdx_localize.cpp:279","Duplicate localization key. Key 'DI_ce_lock_tyranny_button_tt' is defined in both 'localization/russian/gui/DI_RUS_l_russian.yml' and 'localization/russian/gui/DI_l_russian.yml'.","Expected corrective localization override","Divine Intervention AGOT | Русификатор | Divine Intervention Cheat Menu | Divine Intervention CM [RUS]","localization/russian/gui/DI_RUS_l_russian.yml | localization/russian/gui/DI_l_russian.yml","DI_ce_lock_tyranny_button_tt","localization/russian/gui/DI_RUS_l_russian.yml","localization/russian/gui/DI_l_russian.yml"
"200","06:11:21","pdx_localize.cpp:279","Duplicate localization key. Key 'DI_ce_lock_dread_button' is defined in both 'localization/russian/gui/DI_RUS_l_russian.yml' and 'localization/russian/gui/DI_l_russian.yml'.","Expected corrective localization override","Divine Intervention AGOT | Русификатор | Divine Intervention Cheat Menu | Divine Intervention CM [RUS]","localization/russian/gui/DI_RUS_l_russian.yml | localization/russian/gui/DI_l_russian.yml","DI_ce_lock_dread_button","localization/russian/gui/DI_RUS_l_russian.yml","localization/russian/gui/DI_l_russian.yml"
"201","06:11:21","pdx_localize.cpp:279","Duplicate localization key. Key 'DI_ce_lock_dread_button_tt' is defined in both 'localization/russian/gui/DI_RUS_l_russian.yml' and 'localization/russian/gui/DI_l_russian.yml'.","Expected corrective localization override","Divine Intervention AGOT | Русификатор | Divine Intervention Cheat Menu | Divine Intervention CM [RUS]","localization/russian/gui/DI_RUS_l_russian.yml | localization/russian/gui/DI_l_russian.yml","DI_ce_lock_dread_button_tt","localization/russian/gui/DI_RUS_l_russian.yml","localization/russian/gui/DI_l_russian.yml"
"202","06:11:21","pdx_localize.cpp:279","Duplicate localization key. Key 'DI_present_health_eliminate_issues' is defined in both 'localization/russian/gui/DI_RUS_l_russian.yml' and 'localization/russian/gui/DI_l_russian.yml'.","Expected corrective localization override","Divine Intervention AGOT | Русификатор | Divine Intervention Cheat Menu | Divine Intervention CM [RUS]","localization/russian/gui/DI_RUS_l_russian.yml | localization/russian/gui/DI_l_russian.yml","DI_present_health_eliminate_issues","localization/russian/gui/DI_RUS_l_russian.yml","localization/russian/gui/DI_l_russian.yml"
"203","06:11:21","pdx_localize.cpp:279","Duplicate localization key. Key 'DI_present_health_eliminate_issues_TT' is defined in both 'localization/russian/gui/DI_RUS_l_russian.yml' and 'localization/russian/gui/DI_l_russian.yml'.","Expected corrective localization override","Divine Intervention AGOT | Русификатор | Divine Intervention Cheat Menu | Divine Intervention CM [RUS]","localization/russian/gui/DI_RUS_l_russian.yml | localization/russian/gui/DI_l_russian.yml","DI_present_health_eliminate_issues_TT","localization/russian/gui/DI_RUS_l_russian.yml","localization/russian/gui/DI_l_russian.yml"
"204","06:11:21","pdx_localize.cpp:279","Duplicate localization key. Key 'DI_present_health_good_genes' is defined in both 'localization/russian/gui/DI_RUS_l_russian.yml' and 'localization/russian/gui/DI_l_russian.yml'.","Expected corrective localization override","Divine Intervention AGOT | Русификатор | Divine Intervention Cheat Menu | Divine Intervention CM [RUS]","localization/russian/gui/DI_RUS_l_russian.yml | localization/russian/gui/DI_l_russian.yml","DI_present_health_good_genes","localization/russian/gui/DI_RUS_l_russian.yml","localization/russian/gui/DI_l_russian.yml"
"205","06:11:21","pdx_localize.cpp:279","Duplicate localization key. Key 'DI_present_health_good_genes_TT' is defined in both 'localization/russian/gui/DI_RUS_l_russian.yml' and 'localization/russian/gui/DI_l_russian.yml'.","Expected corrective localization override","Divine Intervention AGOT | Русификатор | Divine Intervention Cheat Menu | Divine Intervention CM [RUS]","localization/russian/gui/DI_RUS_l_russian.yml | localization/russian/gui/DI_l_russian.yml","DI_present_health_good_genes_TT","localization/russian/gui/DI_RUS_l_russian.yml","localization/russian/gui/DI_l_russian.yml"
"206","06:11:21","pdx_localize.cpp:279","Duplicate localization key. Key 'DI_present_health_bad_genes' is defined in both 'localization/russian/gui/DI_RUS_l_russian.yml' and 'localization/russian/gui/DI_l_russian.yml'.","Expected corrective localization override","Divine Intervention AGOT | Русификатор | Divine Intervention Cheat Menu | Divine Intervention CM [RUS]","localization/russian/gui/DI_RUS_l_russian.yml | localization/russian/gui/DI_l_russian.yml","DI_present_health_bad_genes","localization/russian/gui/DI_RUS_l_russian.yml","localization/russian/gui/DI_l_russian.yml"
"207","06:11:21","pdx_localize.cpp:279","Duplicate localization key. Key 'DI_present_health_bad_genes_TT' is defined in both 'localization/russian/gui/DI_RUS_l_russian.yml' and 'localization/russian/gui/DI_l_russian.yml'.","Expected corrective localization override","Divine Intervention AGOT | Русификатор | Divine Intervention Cheat Menu | Divine Intervention CM [RUS]","localization/russian/gui/DI_RUS_l_russian.yml | localization/russian/gui/DI_l_russian.yml","DI_present_health_bad_genes_TT","localization/russian/gui/DI_RUS_l_russian.yml","localization/russian/gui/DI_l_russian.yml"
"208","06:11:21","pdx_localize.cpp:279","Duplicate localization key. Key 'DI_present_health_no_stress_change' is defined in both 'localization/russian/gui/DI_RUS_l_russian.yml' and 'localization/russian/gui/DI_l_russian.yml'.","Expected corrective localization override","Divine Intervention AGOT | Русификатор | Divine Intervention Cheat Menu | Divine Intervention CM [RUS]","localization/russian/gui/DI_RUS_l_russian.yml | localization/russian/gui/DI_l_russian.yml","DI_present_health_no_stress_change","localization/russian/gui/DI_RUS_l_russian.yml","localization/russian/gui/DI_l_russian.yml"
"209","06:11:21","pdx_localize.cpp:279","Duplicate localization key. Key 'DI_present_health_no_stress_change_TT' is defined in both 'localization/russian/gui/DI_RUS_l_russian.yml' and 'localization/russian/gui/DI_l_russian.yml'.","Expected corrective localization override","Divine Intervention AGOT | Русификатор | Divine Intervention Cheat Menu | Divine Intervention CM [RUS]","localization/russian/gui/DI_RUS_l_russian.yml | localization/russian/gui/DI_l_russian.yml","DI_present_health_no_stress_change_TT","localization/russian/gui/DI_RUS_l_russian.yml","localization/russian/gui/DI_l_russian.yml"
"210","06:11:21","pdx_localize.cpp:279","Duplicate localization key. Key 'DI_present_health_no_tyranny_change' is defined in both 'localization/russian/gui/DI_RUS_l_russian.yml' and 'localization/russian/gui/DI_l_russian.yml'.","Expected corrective localization override","Divine Intervention AGOT | Русификатор | Divine Intervention Cheat Menu | Divine Intervention CM [RUS]","localization/russian/gui/DI_RUS_l_russian.yml | localization/russian/gui/DI_l_russian.yml","DI_present_health_no_tyranny_change","localization/russian/gui/DI_RUS_l_russian.yml","localization/russian/gui/DI_l_russian.yml"
"211","06:11:21","pdx_localize.cpp:279","Duplicate localization key. Key 'DI_present_health_no_tyranny_change_TT' is defined in both 'localization/russian/gui/DI_RUS_l_russian.yml' and 'localization/russian/gui/DI_l_russian.yml'.","Expected corrective localization override","Divine Intervention AGOT | Русификатор | Divine Intervention Cheat Menu | Divine Intervention CM [RUS]","localization/russian/gui/DI_RUS_l_russian.yml | localization/russian/gui/DI_l_russian.yml","DI_present_health_no_tyranny_change_TT","localization/russian/gui/DI_RUS_l_russian.yml","localization/russian/gui/DI_l_russian.yml"
"212","06:11:21","pdx_localize.cpp:279","Duplicate localization key. Key 'DI_present_health_no_dread_change' is defined in both 'localization/russian/gui/DI_RUS_l_russian.yml' and 'localization/russian/gui/DI_l_russian.yml'.","Expected corrective localization override","Divine Intervention AGOT | Русификатор | Divine Intervention Cheat Menu | Divine Intervention CM [RUS]","localization/russian/gui/DI_RUS_l_russian.yml | localization/russian/gui/DI_l_russian.yml","DI_present_health_no_dread_change","localization/russian/gui/DI_RUS_l_russian.yml","localization/russian/gui/DI_l_russian.yml"
"213","06:11:21","pdx_localize.cpp:279","Duplicate localization key. Key 'DI_present_health_no_dread_change_TT' is defined in both 'localization/russian/gui/DI_RUS_l_russian.yml' and 'localization/russian/gui/DI_l_russian.yml'.","Expected corrective localization override","Divine Intervention AGOT | Русификатор | Divine Intervention Cheat Menu | Divine Intervention CM [RUS]","localization/russian/gui/DI_RUS_l_russian.yml | localization/russian/gui/DI_l_russian.yml","DI_present_health_no_dread_change_TT","localization/russian/gui/DI_RUS_l_russian.yml","localization/russian/gui/DI_l_russian.yml"
"214","06:11:21","pdx_localize.cpp:279","Duplicate localization key. Key 'DI_ce_randomize_personality_button' is defined in both 'localization/russian/gui/DI_RUS_l_russian.yml' and 'localization/russian/gui/DI_l_russian.yml'.","Expected corrective localization override","Divine Intervention AGOT | Русификатор | Divine Intervention Cheat Menu | Divine Intervention CM [RUS]","localization/russian/gui/DI_RUS_l_russian.yml | localization/russian/gui/DI_l_russian.yml","DI_ce_randomize_personality_button","localization/russian/gui/DI_RUS_l_russian.yml","localization/russian/gui/DI_l_russian.yml"
"215","06:11:21","pdx_localize.cpp:279","Duplicate localization key. Key 'DI_ce_randomize_personality_button_tt' is defined in both 'localization/russian/gui/DI_RUS_l_russian.yml' and 'localization/russian/gui/DI_l_russian.yml'.","Expected corrective localization override","Divine Intervention AGOT | Русификатор | Divine Intervention Cheat Menu | Divine Intervention CM [RUS]","localization/russian/gui/DI_RUS_l_russian.yml | localization/russian/gui/DI_l_russian.yml","DI_ce_randomize_personality_button_tt","localization/russian/gui/DI_RUS_l_russian.yml","localization/russian/gui/DI_l_russian.yml"
"216","06:11:21","pdx_localize.cpp:279","Duplicate localization key. Key 'DI_ce_special_traits_button' is defined in both 'localization/russian/gui/DI_RUS_l_russian.yml' and 'localization/russian/gui/DI_l_russian.yml'.","Expected corrective localization override","Divine Intervention AGOT | Русификатор | Divine Intervention Cheat Menu | Divine Intervention CM [RUS]","localization/russian/gui/DI_RUS_l_russian.yml | localization/russian/gui/DI_l_russian.yml","DI_ce_special_traits_button","localization/russian/gui/DI_RUS_l_russian.yml","localization/russian/gui/DI_l_russian.yml"
"217","06:11:21","pdx_localize.cpp:279","Duplicate localization key. Key 'DI_ce_special_traits_button_tt' is defined in both 'localization/russian/gui/DI_RUS_l_russian.yml' and 'localization/russian/gui/DI_l_russian.yml'.","Expected corrective localization override","Divine Intervention AGOT | Русификатор | Divine Intervention Cheat Menu | Divine Intervention CM [RUS]","localization/russian/gui/DI_RUS_l_russian.yml | localization/russian/gui/DI_l_russian.yml","DI_ce_special_traits_button_tt","localization/russian/gui/DI_RUS_l_russian.yml","localization/russian/gui/DI_l_russian.yml"
"218","06:11:21","pdx_localize.cpp:279","Duplicate localization key. Key 'DI_ce_commander_traits_button' is defined in both 'localization/russian/gui/DI_RUS_l_russian.yml' and 'localization/russian/gui/DI_l_russian.yml'.","Expected corrective localization override","Divine Intervention AGOT | Русификатор | Divine Intervention Cheat Menu | Divine Intervention CM [RUS]","localization/russian/gui/DI_RUS_l_russian.yml | localization/russian/gui/DI_l_russian.yml","DI_ce_commander_traits_button","localization/russian/gui/DI_RUS_l_russian.yml","localization/russian/gui/DI_l_russian.yml"
"219","06:11:21","pdx_localize.cpp:279","Duplicate localization key. Key 'DI_ce_commander_traits_button_tt' is defined in both 'localization/russian/gui/DI_RUS_l_russian.yml' and 'localization/russian/gui/DI_l_russian.yml'.","Expected corrective localization override","Divine Intervention AGOT | Русификатор | Divine Intervention Cheat Menu | Divine Intervention CM [RUS]","localization/russian/gui/DI_RUS_l_russian.yml | localization/russian/gui/DI_l_russian.yml","DI_ce_commander_traits_button_tt","localization/russian/gui/DI_RUS_l_russian.yml","localization/russian/gui/DI_l_russian.yml"
"220","06:11:21","pdx_localize.cpp:279","Duplicate localization key. Key 'DI_ce_education_traits_button' is defined in both 'localization/russian/gui/DI_RUS_l_russian.yml' and 'localization/russian/gui/DI_l_russian.yml'.","Expected corrective localization override","Divine Intervention AGOT | Русификатор | Divine Intervention Cheat Menu | Divine Intervention CM [RUS]","localization/russian/gui/DI_RUS_l_russian.yml | localization/russian/gui/DI_l_russian.yml","DI_ce_education_traits_button","localization/russian/gui/DI_RUS_l_russian.yml","localization/russian/gui/DI_l_russian.yml"
"221","06:11:21","pdx_localize.cpp:279","Duplicate localization key. Key 'DI_ce_education_traits_button_tt' is defined in both 'localization/russian/gui/DI_RUS_l_russian.yml' and 'localization/russian/gui/DI_l_russian.yml'.","Expected corrective localization override","Divine Intervention AGOT | Русификатор | Divine Intervention Cheat Menu | Divine Intervention CM [RUS]","localization/russian/gui/DI_RUS_l_russian.yml | localization/russian/gui/DI_l_russian.yml","DI_ce_education_traits_button_tt","localization/russian/gui/DI_RUS_l_russian.yml","localization/russian/gui/DI_l_russian.yml"
"222","06:11:21","pdx_localize.cpp:279","Duplicate localization key. Key 'DI_ce_boost_education_button' is defined in both 'localization/russian/gui/DI_RUS_l_russian.yml' and 'localization/russian/gui/DI_l_russian.yml'.","Expected corrective localization override","Divine Intervention AGOT | Русификатор | Divine Intervention Cheat Menu | Divine Intervention CM [RUS]","localization/russian/gui/DI_RUS_l_russian.yml | localization/russian/gui/DI_l_russian.yml","DI_ce_boost_education_button","localization/russian/gui/DI_RUS_l_russian.yml","localization/russian/gui/DI_l_russian.yml"
"223","06:11:21","pdx_localize.cpp:279","Duplicate localization key. Key 'DI_ce_boost_education_button_tt' is defined in both 'localization/russian/gui/DI_RUS_l_russian.yml' and 'localization/russian/gui/DI_l_russian.yml'.","Expected corrective localization override","Divine Intervention AGOT | Русификатор | Divine Intervention Cheat Menu | Divine Intervention CM [RUS]","localization/russian/gui/DI_RUS_l_russian.yml | localization/russian/gui/DI_l_russian.yml","DI_ce_boost_education_button_tt","localization/russian/gui/DI_RUS_l_russian.yml","localization/russian/gui/DI_l_russian.yml"
"224","06:11:21","pdx_localize.cpp:279","Duplicate localization key. Key 'DI_ce_aggressive_traits_button' is defined in both 'localization/russian/gui/DI_RUS_l_russian.yml' and 'localization/russian/gui/DI_l_russian.yml'.","Expected corrective localization override","Divine Intervention AGOT | Русификатор | Divine Intervention Cheat Menu | Divine Intervention CM [RUS]","localization/russian/gui/DI_RUS_l_russian.yml | localization/russian/gui/DI_l_russian.yml","DI_ce_aggressive_traits_button","localization/russian/gui/DI_RUS_l_russian.yml","localization/russian/gui/DI_l_russian.yml"
"225","06:11:21","pdx_localize.cpp:279","Duplicate localization key. Key 'DI_ce_aggressive_traits_button_tt' is defined in both 'localization/russian/gui/DI_RUS_l_russian.yml' and 'localization/russian/gui/DI_l_russian.yml'.","Expected corrective localization override","Divine Intervention AGOT | Русификатор | Divine Intervention Cheat Menu | Divine Intervention CM [RUS]","localization/russian/gui/DI_RUS_l_russian.yml | localization/russian/gui/DI_l_russian.yml","DI_ce_aggressive_traits_button_tt","localization/russian/gui/DI_RUS_l_russian.yml","localization/russian/gui/DI_l_russian.yml"
"226","06:11:21","pdx_localize.cpp:279","Duplicate localization key. Key 'DI_ce_timid_traits_button' is defined in both 'localization/russian/gui/DI_RUS_l_russian.yml' and 'localization/russian/gui/DI_l_russian.yml'.","Expected corrective localization override","Divine Intervention AGOT | Русификатор | Divine Intervention Cheat Menu | Divine Intervention CM [RUS]","localization/russian/gui/DI_RUS_l_russian.yml | localization/russian/gui/DI_l_russian.yml","DI_ce_timid_traits_button","localization/russian/gui/DI_RUS_l_russian.yml","localization/russian/gui/DI_l_russian.yml"
"227","06:11:21","pdx_localize.cpp:279","Duplicate localization key. Key 'DI_ce_timid_traits_button_tt' is defined in both 'localization/russian/gui/DI_RUS_l_russian.yml' and 'localization/russian/gui/DI_l_russian.yml'.","Expected corrective localization override","Divine Intervention AGOT | Русификатор | Divine Intervention Cheat Menu | Divine Intervention CM [RUS]","localization/russian/gui/DI_RUS_l_russian.yml | localization/russian/gui/DI_l_russian.yml","DI_ce_timid_traits_button_tt","localization/russian/gui/DI_RUS_l_russian.yml","localization/russian/gui/DI_l_russian.yml"
"228","06:11:21","pdx_localize.cpp:279","Duplicate localization key. Key 'DI_ce_correct_personality_button' is defined in both 'localization/russian/gui/DI_RUS_l_russian.yml' and 'localization/russian/gui/DI_l_russian.yml'.","Expected corrective localization override","Divine Intervention AGOT | Русификатор | Divine Intervention Cheat Menu | Divine Intervention CM [RUS]","localization/russian/gui/DI_RUS_l_russian.yml | localization/russian/gui/DI_l_russian.yml","DI_ce_correct_personality_button","localization/russian/gui/DI_RUS_l_russian.yml","localization/russian/gui/DI_l_russian.yml"
"229","06:11:21","pdx_localize.cpp:279","Duplicate localization key. Key 'DI_ce_correct_personality_button_tt' is defined in both 'localization/russian/gui/DI_RUS_l_russian.yml' and 'localization/russian/gui/DI_l_russian.yml'.","Expected corrective localization override","Divine Intervention AGOT | Русификатор | Divine Intervention Cheat Menu | Divine Intervention CM [RUS]","localization/russian/gui/DI_RUS_l_russian.yml | localization/russian/gui/DI_l_russian.yml","DI_ce_correct_personality_button_tt","localization/russian/gui/DI_RUS_l_russian.yml","localization/russian/gui/DI_l_russian.yml"
"230","06:11:21","pdx_localize.cpp:279","Duplicate localization key. Key 'DI_ce_giant_traits_button' is defined in both 'localization/russian/gui/DI_RUS_l_russian.yml' and 'localization/russian/gui/DI_l_russian.yml'.","Expected corrective localization override","Divine Intervention AGOT | Русификатор | Divine Intervention Cheat Menu | Divine Intervention CM [RUS]","localization/russian/gui/DI_RUS_l_russian.yml | localization/russian/gui/DI_l_russian.yml","DI_ce_giant_traits_button","localization/russian/gui/DI_RUS_l_russian.yml","localization/russian/gui/DI_l_russian.yml"
"231","06:11:21","pdx_localize.cpp:279","Duplicate localization key. Key 'DI_ce_giant_traits_button_tt' is defined in both 'localization/russian/gui/DI_RUS_l_russian.yml' and 'localization/russian/gui/DI_l_russian.yml'.","Expected corrective localization override","Divine Intervention AGOT | Русификатор | Divine Intervention Cheat Menu | Divine Intervention CM [RUS]","localization/russian/gui/DI_RUS_l_russian.yml | localization/russian/gui/DI_l_russian.yml","DI_ce_giant_traits_button_tt","localization/russian/gui/DI_RUS_l_russian.yml","localization/russian/gui/DI_l_russian.yml"
"232","06:11:21","pdx_localize.cpp:279","Duplicate localization key. Key 'DI_ce_dwarf_traits_button' is defined in both 'localization/russian/gui/DI_RUS_l_russian.yml' and 'localization/russian/gui/DI_l_russian.yml'.","Expected corrective localization override","Divine Intervention AGOT | Русификатор | Divine Intervention Cheat Menu | Divine Intervention CM [RUS]","localization/russian/gui/DI_RUS_l_russian.yml | localization/russian/gui/DI_l_russian.yml","DI_ce_dwarf_traits_button","localization/russian/gui/DI_RUS_l_russian.yml","localization/russian/gui/DI_l_russian.yml"
"233","06:11:21","pdx_localize.cpp:279","Duplicate localization key. Key 'DI_ce_dwarf_traits_button_tt' is defined in both 'localization/russian/gui/DI_RUS_l_russian.yml' and 'localization/russian/gui/DI_l_russian.yml'.","Expected corrective localization override","Divine Intervention AGOT | Русификатор | Divine Intervention Cheat Menu | Divine Intervention CM [RUS]","localization/russian/gui/DI_RUS_l_russian.yml | localization/russian/gui/DI_l_russian.yml","DI_ce_dwarf_traits_button_tt","localization/russian/gui/DI_RUS_l_russian.yml","localization/russian/gui/DI_l_russian.yml"
"234","06:11:21","pdx_localize.cpp:279","Duplicate localization key. Key 'DI_ce_albino_traits_button' is defined in both 'localization/russian/gui/DI_RUS_l_russian.yml' and 'localization/russian/gui/DI_l_russian.yml'.","Expected corrective localization override","Divine Intervention AGOT | Русификатор | Divine Intervention Cheat Menu | Divine Intervention CM [RUS]","localization/russian/gui/DI_RUS_l_russian.yml | localization/russian/gui/DI_l_russian.yml","DI_ce_albino_traits_button","localization/russian/gui/DI_RUS_l_russian.yml","localization/russian/gui/DI_l_russian.yml"
"235","06:11:21","pdx_localize.cpp:279","Duplicate localization key. Key 'DI_ce_albino_traits_button_tt' is defined in both 'localization/russian/gui/DI_RUS_l_russian.yml' and 'localization/russian/gui/DI_l_russian.yml'.","Expected corrective localization override","Divine Intervention AGOT | Русификатор | Divine Intervention Cheat Menu | Divine Intervention CM [RUS]","localization/russian/gui/DI_RUS_l_russian.yml | localization/russian/gui/DI_l_russian.yml","DI_ce_albino_traits_button_tt","localization/russian/gui/DI_RUS_l_russian.yml","localization/russian/gui/DI_l_russian.yml"
"236","06:11:21","pdx_localize.cpp:279","Duplicate localization key. Key 'DI_present_traits_randomize' is defined in both 'localization/russian/gui/DI_RUS_l_russian.yml' and 'localization/russian/gui/DI_l_russian.yml'.","Expected corrective localization override","Divine Intervention AGOT | Русификатор | Divine Intervention Cheat Menu | Divine Intervention CM [RUS]","localization/russian/gui/DI_RUS_l_russian.yml | localization/russian/gui/DI_l_russian.yml","DI_present_traits_randomize","localization/russian/gui/DI_RUS_l_russian.yml","localization/russian/gui/DI_l_russian.yml"
"237","06:11:21","pdx_localize.cpp:279","Duplicate localization key. Key 'DI_present_traits_randomize_TT' is defined in both 'localization/russian/gui/DI_RUS_l_russian.yml' and 'localization/russian/gui/DI_l_russian.yml'.","Expected corrective localization override","Divine Intervention AGOT | Русификатор | Divine Intervention Cheat Menu | Divine Intervention CM [RUS]","localization/russian/gui/DI_RUS_l_russian.yml | localization/russian/gui/DI_l_russian.yml","DI_present_traits_randomize_TT","localization/russian/gui/DI_RUS_l_russian.yml","localization/russian/gui/DI_l_russian.yml"
"238","06:11:21","pdx_localize.cpp:279","Duplicate localization key. Key 'DI_present_traits_special' is defined in both 'localization/russian/gui/DI_RUS_l_russian.yml' and 'localization/russian/gui/DI_l_russian.yml'.","Expected corrective localization override","Divine Intervention AGOT | Русификатор | Divine Intervention Cheat Menu | Divine Intervention CM [RUS]","localization/russian/gui/DI_RUS_l_russian.yml | localization/russian/gui/DI_l_russian.yml","DI_present_traits_special","localization/russian/gui/DI_RUS_l_russian.yml","localization/russian/gui/DI_l_russian.yml"
"239","06:11:21","pdx_localize.cpp:279","Duplicate localization key. Key 'DI_present_traits_special_TT' is defined in both 'localization/russian/gui/DI_RUS_l_russian.yml' and 'localization/russian/gui/DI_l_russian.yml'.","Expected corrective localization override","Divine Intervention AGOT | Русификатор | Divine Intervention Cheat Menu | Divine Intervention CM [RUS]","localization/russian/gui/DI_RUS_l_russian.yml | localization/russian/gui/DI_l_russian.yml","DI_present_traits_special_TT","localization/russian/gui/DI_RUS_l_russian.yml","localization/russian/gui/DI_l_russian.yml"
"240","06:11:21","pdx_localize.cpp:279","Duplicate localization key. Key 'DI_present_traits_commander' is defined in both 'localization/russian/gui/DI_RUS_l_russian.yml' and 'localization/russian/gui/DI_l_russian.yml'.","Expected corrective localization override","Divine Intervention AGOT | Русификатор | Divine Intervention Cheat Menu | Divine Intervention CM [RUS]","localization/russian/gui/DI_RUS_l_russian.yml | localization/russian/gui/DI_l_russian.yml","DI_present_traits_commander","localization/russian/gui/DI_RUS_l_russian.yml","localization/russian/gui/DI_l_russian.yml"
"241","06:11:21","pdx_localize.cpp:279","Duplicate localization key. Key 'DI_present_traits_commander_TT' is defined in both 'localization/russian/gui/DI_RUS_l_russian.yml' and 'localization/russian/gui/DI_l_russian.yml'.","Expected corrective localization override","Divine Intervention AGOT | Русификатор | Divine Intervention Cheat Menu | Divine Intervention CM [RUS]","localization/russian/gui/DI_RUS_l_russian.yml | localization/russian/gui/DI_l_russian.yml","DI_present_traits_commander_TT","localization/russian/gui/DI_RUS_l_russian.yml","localization/russian/gui/DI_l_russian.yml"
"242","06:11:21","pdx_localize.cpp:279","Duplicate localization key. Key 'DI_present_traits_giant' is defined in both 'localization/russian/gui/DI_RUS_l_russian.yml' and 'localization/russian/gui/DI_l_russian.yml'.","Expected corrective localization override","Divine Intervention AGOT | Русификатор | Divine Intervention Cheat Menu | Divine Intervention CM [RUS]","localization/russian/gui/DI_RUS_l_russian.yml | localization/russian/gui/DI_l_russian.yml","DI_present_traits_giant","localization/russian/gui/DI_RUS_l_russian.yml","localization/russian/gui/DI_l_russian.yml"
"243","06:11:21","pdx_localize.cpp:279","Duplicate localization key. Key 'DI_present_traits_giant_TT' is defined in both 'localization/russian/gui/DI_RUS_l_russian.yml' and 'localization/russian/gui/DI_l_russian.yml'.","Expected corrective localization override","Divine Intervention AGOT | Русификатор | Divine Intervention Cheat Menu | Divine Intervention CM [RUS]","localization/russian/gui/DI_RUS_l_russian.yml | localization/russian/gui/DI_l_russian.yml","DI_present_traits_giant_TT","localization/russian/gui/DI_RUS_l_russian.yml","localization/russian/gui/DI_l_russian.yml"
"244","06:11:21","pdx_localize.cpp:279","Duplicate localization key. Key 'DI_present_traits_midget' is defined in both 'localization/russian/gui/DI_RUS_l_russian.yml' and 'localization/russian/gui/DI_l_russian.yml'.","Expected corrective localization override","Divine Intervention AGOT | Русификатор | Divine Intervention Cheat Menu | Divine Intervention CM [RUS]","localization/russian/gui/DI_RUS_l_russian.yml | localization/russian/gui/DI_l_russian.yml","DI_present_traits_midget","localization/russian/gui/DI_RUS_l_russian.yml","localization/russian/gui/DI_l_russian.yml"
"245","06:11:21","pdx_localize.cpp:279","Duplicate localization key. Key 'DI_present_traits_midget_TT' is defined in both 'localization/russian/gui/DI_RUS_l_russian.yml' and 'localization/russian/gui/DI_l_russian.yml'.","Expected corrective localization override","Divine Intervention AGOT | Русификатор | Divine Intervention Cheat Menu | Divine Intervention CM [RUS]","localization/russian/gui/DI_RUS_l_russian.yml | localization/russian/gui/DI_l_russian.yml","DI_present_traits_midget_TT","localization/russian/gui/DI_RUS_l_russian.yml","localization/russian/gui/DI_l_russian.yml"
"246","06:11:21","pdx_localize.cpp:279","Duplicate localization key. Key 'DI_present_traits_ghostly' is defined in both 'localization/russian/gui/DI_RUS_l_russian.yml' and 'localization/russian/gui/DI_l_russian.yml'.","Expected corrective localization override","Divine Intervention AGOT | Русификатор | Divine Intervention Cheat Menu | Divine Intervention CM [RUS]","localization/russian/gui/DI_RUS_l_russian.yml | localization/russian/gui/DI_l_russian.yml","DI_present_traits_ghostly","localization/russian/gui/DI_RUS_l_russian.yml","localization/russian/gui/DI_l_russian.yml"
"247","06:11:21","pdx_localize.cpp:279","Duplicate localization key. Key 'DI_present_traits_ghostly_TT' is defined in both 'localization/russian/gui/DI_RUS_l_russian.yml' and 'localization/russian/gui/DI_l_russian.yml'.","Expected corrective localization override","Divine Intervention AGOT | Русификатор | Divine Intervention Cheat Menu | Divine Intervention CM [RUS]","localization/russian/gui/DI_RUS_l_russian.yml | localization/russian/gui/DI_l_russian.yml","DI_present_traits_ghostly_TT","localization/russian/gui/DI_RUS_l_russian.yml","localization/russian/gui/DI_l_russian.yml"
"248","06:11:21","pdx_localize.cpp:279","Duplicate localization key. Key 'DI_ce_gender_equality_button' is defined in both 'localization/russian/gui/DI_RUS_l_russian.yml' and 'localization/russian/gui/DI_l_russian.yml'.","Expected corrective localization override","Divine Intervention AGOT | Русификатор | Divine Intervention Cheat Menu | Divine Intervention CM [RUS]","localization/russian/gui/DI_RUS_l_russian.yml | localization/russian/gui/DI_l_russian.yml","DI_ce_gender_equality_button","localization/russian/gui/DI_RUS_l_russian.yml","localization/russian/gui/DI_l_russian.yml"
"249","06:11:21","pdx_localize.cpp:279","Duplicate localization key. Key 'DI_ce_gender_equality_button_tt' is defined in both 'localization/russian/gui/DI_RUS_l_russian.yml' and 'localization/russian/gui/DI_l_russian.yml'.","Expected corrective localization override","Divine Intervention AGOT | Русификатор | Divine Intervention Cheat Menu | Divine Intervention CM [RUS]","localization/russian/gui/DI_RUS_l_russian.yml | localization/russian/gui/DI_l_russian.yml","DI_ce_gender_equality_button_tt","localization/russian/gui/DI_RUS_l_russian.yml","localization/russian/gui/DI_l_russian.yml"
"250","06:11:21","pdx_localize.cpp:279","Duplicate localization key. Key 'DI_ce_inverse_genders_button' is defined in both 'localization/russian/gui/DI_RUS_l_russian.yml' and 'localization/russian/gui/DI_l_russian.yml'.","Expected corrective localization override","Divine Intervention AGOT | Русификатор | Divine Intervention Cheat Menu | Divine Intervention CM [RUS]","localization/russian/gui/DI_RUS_l_russian.yml | localization/russian/gui/DI_l_russian.yml","DI_ce_inverse_genders_button","localization/russian/gui/DI_RUS_l_russian.yml","localization/russian/gui/DI_l_russian.yml"
"251","06:11:21","pdx_localize.cpp:279","Duplicate localization key. Key 'DI_ce_inverse_genders_button_tt' is defined in both 'localization/russian/gui/DI_RUS_l_russian.yml' and 'localization/russian/gui/DI_l_russian.yml'.","Expected corrective localization override","Divine Intervention AGOT | Русификатор | Divine Intervention Cheat Menu | Divine Intervention CM [RUS]","localization/russian/gui/DI_RUS_l_russian.yml | localization/russian/gui/DI_l_russian.yml","DI_ce_inverse_genders_button_tt","localization/russian/gui/DI_RUS_l_russian.yml","localization/russian/gui/DI_l_russian.yml"
"252","06:11:21","pdx_localize.cpp:279","Duplicate localization key. Key 'DI_ce_female_dominated_button' is defined in both 'localization/russian/gui/DI_RUS_l_russian.yml' and 'localization/russian/gui/DI_l_russian.yml'.","Expected corrective localization override","Divine Intervention AGOT | Русификатор | Divine Intervention Cheat Menu | Divine Intervention CM [RUS]","localization/russian/gui/DI_RUS_l_russian.yml | localization/russian/gui/DI_l_russian.yml","DI_ce_female_dominated_button","localization/russian/gui/DI_RUS_l_russian.yml","localization/russian/gui/DI_l_russian.yml"
"253","06:11:21","pdx_localize.cpp:279","Duplicate localization key. Key 'DI_ce_female_dominated_button_tt' is defined in both 'localization/russian/gui/DI_RUS_l_russian.yml' and 'localization/russian/gui/DI_l_russian.yml'.","Expected corrective localization override","Divine Intervention AGOT | Русификатор | Divine Intervention Cheat Menu | Divine Intervention CM [RUS]","localization/russian/gui/DI_RUS_l_russian.yml | localization/russian/gui/DI_l_russian.yml","DI_ce_female_dominated_button_tt","localization/russian/gui/DI_RUS_l_russian.yml","localization/russian/gui/DI_l_russian.yml"
"254","06:11:21","pdx_localize.cpp:279","Duplicate localization key. Key 'DI_ce_male_dominated_button' is defined in both 'localization/russian/gui/DI_RUS_l_russian.yml' and 'localization/russian/gui/DI_l_russian.yml'.","Expected corrective localization override","Divine Intervention AGOT | Русификатор | Divine Intervention Cheat Menu | Divine Intervention CM [RUS]","localization/russian/gui/DI_RUS_l_russian.yml | localization/russian/gui/DI_l_russian.yml","DI_ce_male_dominated_button","localization/russian/gui/DI_RUS_l_russian.yml","localization/russian/gui/DI_l_russian.yml"
"255","06:11:21","pdx_localize.cpp:279","Duplicate localization key. Key 'DI_ce_male_dominated_button_tt' is defined in both 'localization/russian/gui/DI_RUS_l_russian.yml' and 'localization/russian/gui/DI_l_russian.yml'.","Expected corrective localization override","Divine Intervention AGOT | Русификатор | Divine Intervention Cheat Menu | Divine Intervention CM [RUS]","localization/russian/gui/DI_RUS_l_russian.yml | localization/russian/gui/DI_l_russian.yml","DI_ce_male_dominated_button_tt","localization/russian/gui/DI_RUS_l_russian.yml","localization/russian/gui/DI_l_russian.yml"
"256","06:11:21","pdx_localize.cpp:279","Duplicate localization key. Key 'DI_ce_temporal_hof_button' is defined in both 'localization/russian/gui/DI_RUS_l_russian.yml' and 'localization/russian/gui/DI_l_russian.yml'.","Expected corrective localization override","Divine Intervention AGOT | Русификатор | Divine Intervention Cheat Menu | Divine Intervention CM [RUS]","localization/russian/gui/DI_RUS_l_russian.yml | localization/russian/gui/DI_l_russian.yml","DI_ce_temporal_hof_button","localization/russian/gui/DI_RUS_l_russian.yml","localization/russian/gui/DI_l_russian.yml"
"257","06:11:21","pdx_localize.cpp:279","Duplicate localization key. Key 'DI_ce_temporal_hof_button_tt' is defined in both 'localization/russian/gui/DI_RUS_l_russian.yml' and 'localization/russian/gui/DI_l_russian.yml'.","Expected corrective localization override","Divine Intervention AGOT | Русификатор | Divine Intervention Cheat Menu | Divine Intervention CM [RUS]","localization/russian/gui/DI_RUS_l_russian.yml | localization/russian/gui/DI_l_russian.yml","DI_ce_temporal_hof_button_tt","localization/russian/gui/DI_RUS_l_russian.yml","localization/russian/gui/DI_l_russian.yml"
"258","06:11:21","pdx_localize.cpp:279","Duplicate localization key. Key 'DI_present_laws_gender_equality' is defined in both 'localization/russian/gui/DI_RUS_l_russian.yml' and 'localization/russian/gui/DI_l_russian.yml'.","Expected corrective localization override","Divine Intervention AGOT | Русификатор | Divine Intervention Cheat Menu | Divine Intervention CM [RUS]","localization/russian/gui/DI_RUS_l_russian.yml | localization/russian/gui/DI_l_russian.yml","DI_present_laws_gender_equality","localization/russian/gui/DI_RUS_l_russian.yml","localization/russian/gui/DI_l_russian.yml"
"259","06:11:21","pdx_localize.cpp:279","Duplicate localization key. Key 'DI_present_laws_gender_equality_TT' is defined in both 'localization/russian/gui/DI_RUS_l_russian.yml' and 'localization/russian/gui/DI_l_russian.yml'.","Expected corrective localization override","Divine Intervention AGOT | Русификатор | Divine Intervention Cheat Menu | Divine Intervention CM [RUS]","localization/russian/gui/DI_RUS_l_russian.yml | localization/russian/gui/DI_l_russian.yml","DI_present_laws_gender_equality_TT","localization/russian/gui/DI_RUS_l_russian.yml","localization/russian/gui/DI_l_russian.yml"
"260","06:11:21","pdx_localize.cpp:279","Duplicate localization key. Key 'DI_present_laws_gender_inverse' is defined in both 'localization/russian/gui/DI_RUS_l_russian.yml' and 'localization/russian/gui/DI_l_russian.yml'.","Expected corrective localization override","Divine Intervention AGOT | Русификатор | Divine Intervention Cheat Menu | Divine Intervention CM [RUS]","localization/russian/gui/DI_RUS_l_russian.yml | localization/russian/gui/DI_l_russian.yml","DI_present_laws_gender_inverse","localization/russian/gui/DI_RUS_l_russian.yml","localization/russian/gui/DI_l_russian.yml"
"261","06:11:21","pdx_localize.cpp:279","Duplicate localization key. Key 'DI_present_laws_gender_inverse_TT' is defined in both 'localization/russian/gui/DI_RUS_l_russian.yml' and 'localization/russian/gui/DI_l_russian.yml'.","Expected corrective localization override","Divine Intervention AGOT | Русификатор | Divine Intervention Cheat Menu | Divine Intervention CM [RUS]","localization/russian/gui/DI_RUS_l_russian.yml | localization/russian/gui/DI_l_russian.yml","DI_present_laws_gender_inverse_TT","localization/russian/gui/DI_RUS_l_russian.yml","localization/russian/gui/DI_l_russian.yml"
"262","06:11:21","pdx_localize.cpp:279","Duplicate localization key. Key 'DI_present_laws_gender_female_dominated' is defined in both 'localization/russian/gui/DI_RUS_l_russian.yml' and 'localization/russian/gui/DI_l_russian.yml'.","Expected corrective localization override","Divine Intervention AGOT | Русификатор | Divine Intervention Cheat Menu | Divine Intervention CM [RUS]","localization/russian/gui/DI_RUS_l_russian.yml | localization/russian/gui/DI_l_russian.yml","DI_present_laws_gender_female_dominated","localization/russian/gui/DI_RUS_l_russian.yml","localization/russian/gui/DI_l_russian.yml"
"263","06:11:21","pdx_localize.cpp:279","Duplicate localization key. Key 'DI_present_laws_gender_female_dominated_TT' is defined in both 'localization/russian/gui/DI_RUS_l_russian.yml' and 'localization/russian/gui/DI_l_russian.yml'.","Expected corrective localization override","Divine Intervention AGOT | Русификатор | Divine Intervention Cheat Menu | Divine Intervention CM [RUS]","localization/russian/gui/DI_RUS_l_russian.yml | localization/russian/gui/DI_l_russian.yml","DI_present_laws_gender_female_dominated_TT","localization/russian/gui/DI_RUS_l_russian.yml","localization/russian/gui/DI_l_russian.yml"
"264","06:11:21","pdx_localize.cpp:279","Duplicate localization key. Key 'DI_present_laws_gender_male_dominated' is defined in both 'localization/russian/gui/DI_RUS_l_russian.yml' and 'localization/russian/gui/DI_l_russian.yml'.","Expected corrective localization override","Divine Intervention AGOT | Русификатор | Divine Intervention Cheat Menu | Divine Intervention CM [RUS]","localization/russian/gui/DI_RUS_l_russian.yml | localization/russian/gui/DI_l_russian.yml","DI_present_laws_gender_male_dominated","localization/russian/gui/DI_RUS_l_russian.yml","localization/russian/gui/DI_l_russian.yml"
"265","06:11:21","pdx_localize.cpp:279","Duplicate localization key. Key 'DI_present_laws_gender_male_dominated_TT' is defined in both 'localization/russian/gui/DI_RUS_l_russian.yml' and 'localization/russian/gui/DI_l_russian.yml'.","Expected corrective localization override","Divine Intervention AGOT | Русификатор | Divine Intervention Cheat Menu | Divine Intervention CM [RUS]","localization/russian/gui/DI_RUS_l_russian.yml | localization/russian/gui/DI_l_russian.yml","DI_present_laws_gender_male_dominated_TT","localization/russian/gui/DI_RUS_l_russian.yml","localization/russian/gui/DI_l_russian.yml"
"266","06:11:21","pdx_localize.cpp:279","Duplicate localization key. Key 'DI_ce_tab_titles' is defined in both 'localization/russian/gui/DI_RUS_l_russian.yml' and 'localization/russian/gui/DI_l_russian.yml'.","Expected corrective localization override","Divine Intervention AGOT | Русификатор | Divine Intervention Cheat Menu | Divine Intervention CM [RUS]","localization/russian/gui/DI_RUS_l_russian.yml | localization/russian/gui/DI_l_russian.yml","DI_ce_tab_titles","localization/russian/gui/DI_RUS_l_russian.yml","localization/russian/gui/DI_l_russian.yml"
"267","06:11:21","pdx_localize.cpp:279","Duplicate localization key. Key 'DI_ce_tab_crown_authority' is defined in both 'localization/russian/gui/DI_RUS_l_russian.yml' and 'localization/russian/gui/DI_l_russian.yml'.","Expected corrective localization override","Divine Intervention AGOT | Русификатор | Divine Intervention Cheat Menu | Divine Intervention CM [RUS]","localization/russian/gui/DI_RUS_l_russian.yml | localization/russian/gui/DI_l_russian.yml","DI_ce_tab_crown_authority","localization/russian/gui/DI_RUS_l_russian.yml","localization/russian/gui/DI_l_russian.yml"
"268","06:11:21","pdx_localize.cpp:279","Duplicate localization key. Key 'DI_ce_take_realm_titles_button' is defined in both 'localization/russian/gui/DI_RUS_l_russian.yml' and 'localization/russian/gui/DI_l_russian.yml'.","Expected corrective localization override","Divine Intervention AGOT | Русификатор | Divine Intervention Cheat Menu | Divine Intervention CM [RUS]","localization/russian/gui/DI_RUS_l_russian.yml | localization/russian/gui/DI_l_russian.yml","DI_ce_take_realm_titles_button","localization/russian/gui/DI_RUS_l_russian.yml","localization/russian/gui/DI_l_russian.yml"
"269","06:11:21","pdx_localize.cpp:279","Duplicate localization key. Key 'DI_ce_take_realm_titles_button_tt' is defined in both 'localization/russian/gui/DI_RUS_l_russian.yml' and 'localization/russian/gui/DI_l_russian.yml'.","Expected corrective localization override","Divine Intervention AGOT | Русификатор | Divine Intervention Cheat Menu | Divine Intervention CM [RUS]","localization/russian/gui/DI_RUS_l_russian.yml | localization/russian/gui/DI_l_russian.yml","DI_ce_take_realm_titles_button_tt","localization/russian/gui/DI_RUS_l_russian.yml","localization/russian/gui/DI_l_russian.yml"
"270","06:11:21","pdx_localize.cpp:279","Duplicate localization key. Key 'DI_ce_take_sub_realm_titles_button' is defined in both 'localization/russian/gui/DI_RUS_l_russian.yml' and 'localization/russian/gui/DI_l_russian.yml'.","Expected corrective localization override","Divine Intervention AGOT | Русификатор | Divine Intervention Cheat Menu | Divine Intervention CM [RUS]","localization/russian/gui/DI_RUS_l_russian.yml | localization/russian/gui/DI_l_russian.yml","DI_ce_take_sub_realm_titles_button","localization/russian/gui/DI_RUS_l_russian.yml","localization/russian/gui/DI_l_russian.yml"
"271","06:11:21","pdx_localize.cpp:279","Duplicate localization key. Key 'DI_ce_take_sub_realm_titles_button_tt' is defined in both 'localization/russian/gui/DI_RUS_l_russian.yml' and 'localization/russian/gui/DI_l_russian.yml'.","Expected corrective localization override","Divine Intervention AGOT | Русификатор | Divine Intervention Cheat Menu | Divine Intervention CM [RUS]","localization/russian/gui/DI_RUS_l_russian.yml | localization/russian/gui/DI_l_russian.yml","DI_ce_take_sub_realm_titles_button_tt","localization/russian/gui/DI_RUS_l_russian.yml","localization/russian/gui/DI_l_russian.yml"
"272","06:11:21","pdx_localize.cpp:279","Duplicate localization key. Key 'DI_ce_take_vassal_titles_button' is defined in both 'localization/russian/gui/DI_RUS_l_russian.yml' and 'localization/russian/gui/DI_l_russian.yml'.","Expected corrective localization override","Divine Intervention AGOT | Русификатор | Divine Intervention Cheat Menu | Divine Intervention CM [RUS]","localization/russian/gui/DI_RUS_l_russian.yml | localization/russian/gui/DI_l_russian.yml","DI_ce_take_vassal_titles_button","localization/russian/gui/DI_RUS_l_russian.yml","localization/russian/gui/DI_l_russian.yml"
"273","06:11:21","pdx_localize.cpp:279","Duplicate localization key. Key 'DI_ce_take_vassal_titles_button_tt' is defined in both 'localization/russian/gui/DI_RUS_l_russian.yml' and 'localization/russian/gui/DI_l_russian.yml'.","Expected corrective localization override","Divine Intervention AGOT | Русификатор | Divine Intervention Cheat Menu | Divine Intervention CM [RUS]","localization/russian/gui/DI_RUS_l_russian.yml | localization/russian/gui/DI_l_russian.yml","DI_ce_take_vassal_titles_button_tt","localization/russian/gui/DI_RUS_l_russian.yml","localization/russian/gui/DI_l_russian.yml"
"274","06:11:21","pdx_localize.cpp:279","Duplicate localization key. Key 'DI_ce_take_personal_titles_button' is defined in both 'localization/russian/gui/DI_RUS_l_russian.yml' and 'localization/russian/gui/DI_l_russian.yml'.","Expected corrective localization override","Divine Intervention AGOT | Русификатор | Divine Intervention Cheat Menu | Divine Intervention CM [RUS]","localization/russian/gui/DI_RUS_l_russian.yml | localization/russian/gui/DI_l_russian.yml","DI_ce_take_personal_titles_button","localization/russian/gui/DI_RUS_l_russian.yml","localization/russian/gui/DI_l_russian.yml"
"275","06:11:21","pdx_localize.cpp:279","Duplicate localization key. Key 'DI_ce_take_personal_titles_button_tt' is defined in both 'localization/russian/gui/DI_RUS_l_russian.yml' and 'localization/russian/gui/DI_l_russian.yml'.","Expected corrective localization override","Divine Intervention AGOT | Русификатор | Divine Intervention Cheat Menu | Divine Intervention CM [RUS]","localization/russian/gui/DI_RUS_l_russian.yml | localization/russian/gui/DI_l_russian.yml","DI_ce_take_personal_titles_button_tt","localization/russian/gui/DI_RUS_l_russian.yml","localization/russian/gui/DI_l_russian.yml"
"276","06:11:21","pdx_localize.cpp:279","Duplicate localization key. Key 'DI_ce_take_primary_title_button' is defined in both 'localization/russian/gui/DI_RUS_l_russian.yml' and 'localization/russian/gui/DI_l_russian.yml'.","Expected corrective localization override","Divine Intervention AGOT | Русификатор | Divine Intervention Cheat Menu | Divine Intervention CM [RUS]","localization/russian/gui/DI_RUS_l_russian.yml | localization/russian/gui/DI_l_russian.yml","DI_ce_take_primary_title_button","localization/russian/gui/DI_RUS_l_russian.yml","localization/russian/gui/DI_l_russian.yml"
"277","06:11:21","pdx_localize.cpp:279","Duplicate localization key. Key 'DI_ce_take_primary_title_button_tt' is defined in both 'localization/russian/gui/DI_RUS_l_russian.yml' and 'localization/russian/gui/DI_l_russian.yml'.","Expected corrective localization override","Divine Intervention AGOT | Русификатор | Divine Intervention Cheat Menu | Divine Intervention CM [RUS]","localization/russian/gui/DI_RUS_l_russian.yml | localization/russian/gui/DI_l_russian.yml","DI_ce_take_primary_title_button_tt","localization/russian/gui/DI_RUS_l_russian.yml","localization/russian/gui/DI_l_russian.yml"
"278","06:11:21","pdx_localize.cpp:279","Duplicate localization key. Key 'DI_ce_crown_authority_1_button' is defined in both 'localization/russian/gui/DI_RUS_l_russian.yml' and 'localization/russian/gui/DI_l_russian.yml'.","Expected corrective localization override","Divine Intervention AGOT | Русификатор | Divine Intervention Cheat Menu | Divine Intervention CM [RUS]","localization/russian/gui/DI_RUS_l_russian.yml | localization/russian/gui/DI_l_russian.yml","DI_ce_crown_authority_1_button","localization/russian/gui/DI_RUS_l_russian.yml","localization/russian/gui/DI_l_russian.yml"
"279","06:11:21","pdx_localize.cpp:279","Duplicate localization key. Key 'DI_ce_crown_authority_1_button_tt' is defined in both 'localization/russian/gui/DI_RUS_l_russian.yml' and 'localization/russian/gui/DI_l_russian.yml'.","Expected corrective localization override","Divine Intervention AGOT | Русификатор | Divine Intervention Cheat Menu | Divine Intervention CM [RUS]","localization/russian/gui/DI_RUS_l_russian.yml | localization/russian/gui/DI_l_russian.yml","DI_ce_crown_authority_1_button_tt","localization/russian/gui/DI_RUS_l_russian.yml","localization/russian/gui/DI_l_russian.yml"
"280","06:11:21","pdx_localize.cpp:279","Duplicate localization key. Key 'DI_ce_crown_authority_2_button' is defined in both 'localization/russian/gui/DI_RUS_l_russian.yml' and 'localization/russian/gui/DI_l_russian.yml'.","Expected corrective localization override","Divine Intervention AGOT | Русификатор | Divine Intervention Cheat Menu | Divine Intervention CM [RUS]","localization/russian/gui/DI_RUS_l_russian.yml | localization/russian/gui/DI_l_russian.yml","DI_ce_crown_authority_2_button","localization/russian/gui/DI_RUS_l_russian.yml","localization/russian/gui/DI_l_russian.yml"
"281","06:11:21","pdx_localize.cpp:279","Duplicate localization key. Key 'DI_ce_crown_authority_2_button_tt' is defined in both 'localization/russian/gui/DI_RUS_l_russian.yml' and 'localization/russian/gui/DI_l_russian.yml'.","Expected corrective localization override","Divine Intervention AGOT | Русификатор | Divine Intervention Cheat Menu | Divine Intervention CM [RUS]","localization/russian/gui/DI_RUS_l_russian.yml | localization/russian/gui/DI_l_russian.yml","DI_ce_crown_authority_2_button_tt","localization/russian/gui/DI_RUS_l_russian.yml","localization/russian/gui/DI_l_russian.yml"
"282","06:11:21","pdx_localize.cpp:279","Duplicate localization key. Key 'DI_ce_crown_authority_3_button' is defined in both 'localization/russian/gui/DI_RUS_l_russian.yml' and 'localization/russian/gui/DI_l_russian.yml'.","Expected corrective localization override","Divine Intervention AGOT | Русификатор | Divine Intervention Cheat Menu | Divine Intervention CM [RUS]","localization/russian/gui/DI_RUS_l_russian.yml | localization/russian/gui/DI_l_russian.yml","DI_ce_crown_authority_3_button","localization/russian/gui/DI_RUS_l_russian.yml","localization/russian/gui/DI_l_russian.yml"
"283","06:11:21","pdx_localize.cpp:279","Duplicate localization key. Key 'DI_ce_crown_authority_3_button_tt' is defined in both 'localization/russian/gui/DI_RUS_l_russian.yml' and 'localization/russian/gui/DI_l_russian.yml'.","Expected corrective localization override","Divine Intervention AGOT | Русификатор | Divine Intervention Cheat Menu | Divine Intervention CM [RUS]","localization/russian/gui/DI_RUS_l_russian.yml | localization/russian/gui/DI_l_russian.yml","DI_ce_crown_authority_3_button_tt","localization/russian/gui/DI_RUS_l_russian.yml","localization/russian/gui/DI_l_russian.yml"
"284","06:11:21","pdx_localize.cpp:279","Duplicate localization key. Key 'DI_ce_crown_authority_4_button' is defined in both 'localization/russian/gui/DI_RUS_l_russian.yml' and 'localization/russian/gui/DI_l_russian.yml'.","Expected corrective localization override","Divine Intervention AGOT | Русификатор | Divine Intervention Cheat Menu | Divine Intervention CM [RUS]","localization/russian/gui/DI_RUS_l_russian.yml | localization/russian/gui/DI_l_russian.yml","DI_ce_crown_authority_4_button","localization/russian/gui/DI_RUS_l_russian.yml","localization/russian/gui/DI_l_russian.yml"
"285","06:11:21","pdx_localize.cpp:279","Duplicate localization key. Key 'DI_ce_crown_authority_4_button_tt' is defined in both 'localization/russian/gui/DI_RUS_l_russian.yml' and 'localization/russian/gui/DI_l_russian.yml'.","Expected corrective localization override","Divine Intervention AGOT | Русификатор | Divine Intervention Cheat Menu | Divine Intervention CM [RUS]","localization/russian/gui/DI_RUS_l_russian.yml | localization/russian/gui/DI_l_russian.yml","DI_ce_crown_authority_4_button_tt","localization/russian/gui/DI_RUS_l_russian.yml","localization/russian/gui/DI_l_russian.yml"
"286","06:11:21","pdx_localize.cpp:279","Duplicate localization key. Key 'DI_skills' is defined in both 'localization/russian/gui/DI_RUS_l_russian.yml' and 'localization/russian/gui/DI_l_russian.yml'.","Expected corrective localization override","Divine Intervention AGOT | Русификатор | Divine Intervention Cheat Menu | Divine Intervention CM [RUS]","localization/russian/gui/DI_RUS_l_russian.yml | localization/russian/gui/DI_l_russian.yml","DI_skills","localization/russian/gui/DI_RUS_l_russian.yml","localization/russian/gui/DI_l_russian.yml"
"287","06:11:21","pdx_localize.cpp:279","Duplicate localization key. Key 'DI_skill_diplomacy_tt' is defined in both 'localization/russian/gui/DI_RUS_l_russian.yml' and 'localization/russian/gui/DI_l_russian.yml'.","Expected corrective localization override","Divine Intervention AGOT | Русификатор | Divine Intervention Cheat Menu | Divine Intervention CM [RUS]","localization/russian/gui/DI_RUS_l_russian.yml | localization/russian/gui/DI_l_russian.yml","DI_skill_diplomacy_tt","localization/russian/gui/DI_RUS_l_russian.yml","localization/russian/gui/DI_l_russian.yml"
"288","06:11:21","pdx_localize.cpp:279","Duplicate localization key. Key 'DI_skill_martial_tt' is defined in both 'localization/russian/gui/DI_RUS_l_russian.yml' and 'localization/russian/gui/DI_l_russian.yml'.","Expected corrective localization override","Divine Intervention AGOT | Русификатор | Divine Intervention Cheat Menu | Divine Intervention CM [RUS]","localization/russian/gui/DI_RUS_l_russian.yml | localization/russian/gui/DI_l_russian.yml","DI_skill_martial_tt","localization/russian/gui/DI_RUS_l_russian.yml","localization/russian/gui/DI_l_russian.yml"
"289","06:11:21","pdx_localize.cpp:279","Duplicate localization key. Key 'DI_skill_stewardship_tt' is defined in both 'localization/russian/gui/DI_RUS_l_russian.yml' and 'localization/russian/gui/DI_l_russian.yml'.","Expected corrective localization override","Divine Intervention AGOT | Русификатор | Divine Intervention Cheat Menu | Divine Intervention CM [RUS]","localization/russian/gui/DI_RUS_l_russian.yml | localization/russian/gui/DI_l_russian.yml","DI_skill_stewardship_tt","localization/russian/gui/DI_RUS_l_russian.yml","localization/russian/gui/DI_l_russian.yml"
"290","06:11:21","pdx_localize.cpp:279","Duplicate localization key. Key 'DI_skill_intrigue_tt' is defined in both 'localization/russian/gui/DI_RUS_l_russian.yml' and 'localization/russian/gui/DI_l_russian.yml'.","Expected corrective localization override","Divine Intervention AGOT | Русификатор | Divine Intervention Cheat Menu | Divine Intervention CM [RUS]","localization/russian/gui/DI_RUS_l_russian.yml | localization/russian/gui/DI_l_russian.yml","DI_skill_intrigue_tt","localization/russian/gui/DI_RUS_l_russian.yml","localization/russian/gui/DI_l_russian.yml"
"291","06:11:21","pdx_localize.cpp:279","Duplicate localization key. Key 'DI_skill_learning_tt' is defined in both 'localization/russian/gui/DI_RUS_l_russian.yml' and 'localization/russian/gui/DI_l_russian.yml'.","Expected corrective localization override","Divine Intervention AGOT | Русификатор | Divine Intervention Cheat Menu | Divine Intervention CM [RUS]","localization/russian/gui/DI_RUS_l_russian.yml | localization/russian/gui/DI_l_russian.yml","DI_skill_learning_tt","localization/russian/gui/DI_RUS_l_russian.yml","localization/russian/gui/DI_l_russian.yml"
"292","06:11:21","pdx_localize.cpp:279","Duplicate localization key. Key 'DI_skill_prowess_tt' is defined in both 'localization/russian/gui/DI_RUS_l_russian.yml' and 'localization/russian/gui/DI_l_russian.yml'.","Expected corrective localization override","Divine Intervention AGOT | Русификатор | Divine Intervention Cheat Menu | Divine Intervention CM [RUS]","localization/russian/gui/DI_RUS_l_russian.yml | localization/russian/gui/DI_l_russian.yml","DI_skill_prowess_tt","localization/russian/gui/DI_RUS_l_russian.yml","localization/russian/gui/DI_l_russian.yml"
"293","06:11:21","pdx_localize.cpp:279","Duplicate localization key. Key 'DI_perk_points' is defined in both 'localization/russian/gui/DI_RUS_l_russian.yml' and 'localization/russian/gui/DI_l_russian.yml'.","Expected corrective localization override","Divine Intervention AGOT | Русификатор | Divine Intervention Cheat Menu | Divine Intervention CM [RUS]","localization/russian/gui/DI_RUS_l_russian.yml | localization/russian/gui/DI_l_russian.yml","DI_perk_points","localization/russian/gui/DI_RUS_l_russian.yml","localization/russian/gui/DI_l_russian.yml"
"294","06:11:21","pdx_localize.cpp:279","Duplicate localization key. Key 'DI_diplomacy_node' is defined in both 'localization/russian/gui/DI_RUS_l_russian.yml' and 'localization/russian/gui/DI_l_russian.yml'.","Expected corrective localization override","Divine Intervention AGOT | Русификатор | Divine Intervention Cheat Menu | Divine Intervention CM [RUS]","localization/russian/gui/DI_RUS_l_russian.yml | localization/russian/gui/DI_l_russian.yml","DI_diplomacy_node","localization/russian/gui/DI_RUS_l_russian.yml","localization/russian/gui/DI_l_russian.yml"
"295","06:11:21","pdx_localize.cpp:279","Duplicate localization key. Key 'DI_perk_point_diplomacy_tt' is defined in both 'localization/russian/gui/DI_RUS_l_russian.yml' and 'localization/russian/gui/DI_l_russian.yml'.","Expected corrective localization override","Divine Intervention AGOT | Русификатор | Divine Intervention Cheat Menu | Divine Intervention CM [RUS]","localization/russian/gui/DI_RUS_l_russian.yml | localization/russian/gui/DI_l_russian.yml","DI_perk_point_diplomacy_tt","localization/russian/gui/DI_RUS_l_russian.yml","localization/russian/gui/DI_l_russian.yml"
"296","06:11:21","pdx_localize.cpp:279","Duplicate localization key. Key 'DI_martial_node' is defined in both 'localization/russian/gui/DI_RUS_l_russian.yml' and 'localization/russian/gui/DI_l_russian.yml'.","Expected corrective localization override","Divine Intervention AGOT | Русификатор | Divine Intervention Cheat Menu | Divine Intervention CM [RUS]","localization/russian/gui/DI_RUS_l_russian.yml | localization/russian/gui/DI_l_russian.yml","DI_martial_node","localization/russian/gui/DI_RUS_l_russian.yml","localization/russian/gui/DI_l_russian.yml"
"297","06:11:21","pdx_localize.cpp:279","Duplicate localization key. Key 'DI_perk_point_martial_tt' is defined in both 'localization/russian/gui/DI_RUS_l_russian.yml' and 'localization/russian/gui/DI_l_russian.yml'.","Expected corrective localization override","Divine Intervention AGOT | Русификатор | Divine Intervention Cheat Menu | Divine Intervention CM [RUS]","localization/russian/gui/DI_RUS_l_russian.yml | localization/russian/gui/DI_l_russian.yml","DI_perk_point_martial_tt","localization/russian/gui/DI_RUS_l_russian.yml","localization/russian/gui/DI_l_russian.yml"
"298","06:11:21","pdx_localize.cpp:279","Duplicate localization key. Key 'DI_stewardship_node' is defined in both 'localization/russian/gui/DI_RUS_l_russian.yml' and 'localization/russian/gui/DI_l_russian.yml'.","Expected corrective localization override","Divine Intervention AGOT | Русификатор | Divine Intervention Cheat Menu | Divine Intervention CM [RUS]","localization/russian/gui/DI_RUS_l_russian.yml | localization/russian/gui/DI_l_russian.yml","DI_stewardship_node","localization/russian/gui/DI_RUS_l_russian.yml","localization/russian/gui/DI_l_russian.yml"
"299","06:11:21","pdx_localize.cpp:279","Duplicate localization key. Key 'DI_perk_point_stewardship_tt' is defined in both 'localization/russian/gui/DI_RUS_l_russian.yml' and 'localization/russian/gui/DI_l_russian.yml'.","Expected corrective localization override","Divine Intervention AGOT | Русификатор | Divine Intervention Cheat Menu | Divine Intervention CM [RUS]","localization/russian/gui/DI_RUS_l_russian.yml | localization/russian/gui/DI_l_russian.yml","DI_perk_point_stewardship_tt","localization/russian/gui/DI_RUS_l_russian.yml","localization/russian/gui/DI_l_russian.yml"
"300","06:11:21","pdx_localize.cpp:279","Duplicate localization key. Key 'DI_intrigue_node' is defined in both 'localization/russian/gui/DI_RUS_l_russian.yml' and 'localization/russian/gui/DI_l_russian.yml'.","Expected corrective localization override","Divine Intervention AGOT | Русификатор | Divine Intervention Cheat Menu | Divine Intervention CM [RUS]","localization/russian/gui/DI_RUS_l_russian.yml | localization/russian/gui/DI_l_russian.yml","DI_intrigue_node","localization/russian/gui/DI_RUS_l_russian.yml","localization/russian/gui/DI_l_russian.yml"
"301","06:11:21","pdx_localize.cpp:279","Duplicate localization key. Key 'DI_perk_point_intrigue_tt' is defined in both 'localization/russian/gui/DI_RUS_l_russian.yml' and 'localization/russian/gui/DI_l_russian.yml'.","Expected corrective localization override","Divine Intervention AGOT | Русификатор | Divine Intervention Cheat Menu | Divine Intervention CM [RUS]","localization/russian/gui/DI_RUS_l_russian.yml | localization/russian/gui/DI_l_russian.yml","DI_perk_point_intrigue_tt","localization/russian/gui/DI_RUS_l_russian.yml","localization/russian/gui/DI_l_russian.yml"
"302","06:11:21","pdx_localize.cpp:279","Duplicate localization key. Key 'DI_learning_node' is defined in both 'localization/russian/gui/DI_RUS_l_russian.yml' and 'localization/russian/gui/DI_l_russian.yml'.","Expected corrective localization override","Divine Intervention AGOT | Русификатор | Divine Intervention Cheat Menu | Divine Intervention CM [RUS]","localization/russian/gui/DI_RUS_l_russian.yml | localization/russian/gui/DI_l_russian.yml","DI_learning_node","localization/russian/gui/DI_RUS_l_russian.yml","localization/russian/gui/DI_l_russian.yml"
"303","06:11:21","pdx_localize.cpp:279","Duplicate localization key. Key 'DI_perk_point_learning_tt' is defined in both 'localization/russian/gui/DI_RUS_l_russian.yml' and 'localization/russian/gui/DI_l_russian.yml'.","Expected corrective localization override","Divine Intervention AGOT | Русификатор | Divine Intervention Cheat Menu | Divine Intervention CM [RUS]","localization/russian/gui/DI_RUS_l_russian.yml | localization/russian/gui/DI_l_russian.yml","DI_perk_point_learning_tt","localization/russian/gui/DI_RUS_l_russian.yml","localization/russian/gui/DI_l_russian.yml"
"304","06:11:21","pdx_localize.cpp:279","Duplicate localization key. Key 'DI_perk_point_tt' is defined in both 'localization/russian/gui/DI_RUS_l_russian.yml' and 'localization/russian/gui/DI_l_russian.yml'.","Expected corrective localization override","Divine Intervention AGOT | Русификатор | Divine Intervention Cheat Menu | Divine Intervention CM [RUS]","localization/russian/gui/DI_RUS_l_russian.yml | localization/russian/gui/DI_l_russian.yml","DI_perk_point_tt","localization/russian/gui/DI_RUS_l_russian.yml","localization/russian/gui/DI_l_russian.yml"
"305","06:11:21","pdx_localize.cpp:279","Duplicate localization key. Key 'DI_ce_lifestyle_button' is defined in both 'localization/russian/gui/DI_RUS_l_russian.yml' and 'localization/russian/gui/DI_l_russian.yml'.","Expected corrective localization override","Divine Intervention AGOT | Русификатор | Divine Intervention Cheat Menu | Divine Intervention CM [RUS]","localization/russian/gui/DI_RUS_l_russian.yml | localization/russian/gui/DI_l_russian.yml","DI_ce_lifestyle_button","localization/russian/gui/DI_RUS_l_russian.yml","localization/russian/gui/DI_l_russian.yml"
"306","06:11:21","pdx_localize.cpp:279","Duplicate localization key. Key 'DI_ce_lifestyle_button_tt' is defined in both 'localization/russian/gui/DI_RUS_l_russian.yml' and 'localization/russian/gui/DI_l_russian.yml'.","Expected corrective localization override","Divine Intervention AGOT | Русификатор | Divine Intervention Cheat Menu | Divine Intervention CM [RUS]","localization/russian/gui/DI_RUS_l_russian.yml | localization/russian/gui/DI_l_russian.yml","DI_ce_lifestyle_button_tt","localization/russian/gui/DI_RUS_l_russian.yml","localization/russian/gui/DI_l_russian.yml"
"307","06:11:21","pdx_localize.cpp:279","Duplicate localization key. Key 'DI_ce_all_lifestyle_button' is defined in both 'localization/russian/gui/DI_RUS_l_russian.yml' and 'localization/russian/gui/DI_l_russian.yml'.","Expected corrective localization override","Divine Intervention AGOT | Русификатор | Divine Intervention Cheat Menu | Divine Intervention CM [RUS]","localization/russian/gui/DI_RUS_l_russian.yml | localization/russian/gui/DI_l_russian.yml","DI_ce_all_lifestyle_button","localization/russian/gui/DI_RUS_l_russian.yml","localization/russian/gui/DI_l_russian.yml"
"308","06:11:21","pdx_localize.cpp:279","Duplicate localization key. Key 'DI_ce_all_lifestyle_button_tt' is defined in both 'localization/russian/gui/DI_RUS_l_russian.yml' and 'localization/russian/gui/DI_l_russian.yml'.","Expected corrective localization override","Divine Intervention AGOT | Русификатор | Divine Intervention Cheat Menu | Divine Intervention CM [RUS]","localization/russian/gui/DI_RUS_l_russian.yml | localization/russian/gui/DI_l_russian.yml","DI_ce_all_lifestyle_button_tt","localization/russian/gui/DI_RUS_l_russian.yml","localization/russian/gui/DI_l_russian.yml"
"309","06:11:21","pdx_localize.cpp:279","Duplicate localization key. Key 'DI_modifiers' is defined in both 'localization/russian/gui/DI_RUS_l_russian.yml' and 'localization/russian/gui/DI_l_russian.yml'.","Expected corrective localization override","Divine Intervention AGOT | Русификатор | Divine Intervention Cheat Menu | Divine Intervention CM [RUS]","localization/russian/gui/DI_RUS_l_russian.yml | localization/russian/gui/DI_l_russian.yml","DI_modifiers","localization/russian/gui/DI_RUS_l_russian.yml","localization/russian/gui/DI_l_russian.yml"
"310","06:11:21","pdx_localize.cpp:279","Duplicate localization key. Key 'DI_modifier_maa_type' is defined in both 'localization/russian/gui/DI_RUS_l_russian.yml' and 'localization/russian/gui/DI_l_russian.yml'.","Expected corrective localization override","Divine Intervention AGOT | Русификатор | Divine Intervention Cheat Menu | Divine Intervention CM [RUS]","localization/russian/gui/DI_RUS_l_russian.yml | localization/russian/gui/DI_l_russian.yml","DI_modifier_maa_type","localization/russian/gui/DI_RUS_l_russian.yml","localization/russian/gui/DI_l_russian.yml"
"311","06:11:21","pdx_localize.cpp:279","Duplicate localization key. Key 'DI_clear_modifiers' is defined in both 'localization/russian/gui/DI_RUS_l_russian.yml' and 'localization/russian/gui/DI_l_russian.yml'.","Expected corrective localization override","Divine Intervention AGOT | Русификатор | Divine Intervention Cheat Menu | Divine Intervention CM [RUS]","localization/russian/gui/DI_RUS_l_russian.yml | localization/russian/gui/DI_l_russian.yml","DI_clear_modifiers","localization/russian/gui/DI_RUS_l_russian.yml","localization/russian/gui/DI_l_russian.yml"
"312","06:11:21","pdx_localize.cpp:279","Duplicate localization key. Key 'DI_clear_modifiers_tt' is defined in both 'localization/russian/gui/DI_RUS_l_russian.yml' and 'localization/russian/gui/DI_l_russian.yml'.","Expected corrective localization override","Divine Intervention AGOT | Русификатор | Divine Intervention Cheat Menu | Divine Intervention CM [RUS]","localization/russian/gui/DI_RUS_l_russian.yml | localization/russian/gui/DI_l_russian.yml","DI_clear_modifiers_tt","localization/russian/gui/DI_RUS_l_russian.yml","localization/russian/gui/DI_l_russian.yml"
"313","06:11:21","pdx_localize.cpp:279","Duplicate localization key. Key 'DI_ce_tab_prestige' is defined in both 'localization/russian/gui/DI_RUS_l_russian.yml' and 'localization/russian/gui/DI_l_russian.yml'.","Expected corrective localization override","Divine Intervention AGOT | Русификатор | Divine Intervention Cheat Menu | Divine Intervention CM [RUS]","localization/russian/gui/DI_RUS_l_russian.yml | localization/russian/gui/DI_l_russian.yml","DI_ce_tab_prestige","localization/russian/gui/DI_RUS_l_russian.yml","localization/russian/gui/DI_l_russian.yml"
"314","06:11:21","pdx_localize.cpp:279","Duplicate localization key. Key 'DI_ce_tab_piety' is defined in both 'localization/russian/gui/DI_RUS_l_russian.yml' and 'localization/russian/gui/DI_l_russian.yml'.","Expected corrective localization override","Divine Intervention AGOT | Русификатор | Divine Intervention Cheat Menu | Divine Intervention CM [RUS]","localization/russian/gui/DI_RUS_l_russian.yml | localization/russian/gui/DI_l_russian.yml","DI_ce_tab_piety","localization/russian/gui/DI_RUS_l_russian.yml","localization/russian/gui/DI_l_russian.yml"
"315","06:11:21","pdx_localize.cpp:279","Duplicate localization key. Key 'DI_ce_tab_income' is defined in both 'localization/russian/gui/DI_RUS_l_russian.yml' and 'localization/russian/gui/DI_l_russian.yml'.","Expected corrective localization override","Divine Intervention AGOT | Русификатор | Divine Intervention Cheat Menu | Divine Intervention CM [RUS]","localization/russian/gui/DI_RUS_l_russian.yml | localization/russian/gui/DI_l_russian.yml","DI_ce_tab_income","localization/russian/gui/DI_RUS_l_russian.yml","localization/russian/gui/DI_l_russian.yml"
"316","06:11:21","pdx_localize.cpp:279","Duplicate localization key. Key 'DI_ce_tab_opinion' is defined in both 'localization/russian/gui/DI_RUS_l_russian.yml' and 'localization/russian/gui/DI_l_russian.yml'.","Expected corrective localization override","Divine Intervention AGOT | Русификатор | Divine Intervention Cheat Menu | Divine Intervention CM [RUS]","localization/russian/gui/DI_RUS_l_russian.yml | localization/russian/gui/DI_l_russian.yml","DI_ce_tab_opinion","localization/russian/gui/DI_RUS_l_russian.yml","localization/russian/gui/DI_l_russian.yml"
"317","06:11:21","pdx_localize.cpp:279","Duplicate localization key. Key 'DI_ce_tab_health' is defined in both 'localization/russian/gui/DI_RUS_l_russian.yml' and 'localization/russian/gui/DI_l_russian.yml'.","Expected corrective localization override","Divine Intervention AGOT | Русификатор | Divine Intervention Cheat Menu | Divine Intervention CM [RUS]","localization/russian/gui/DI_RUS_l_russian.yml | localization/russian/gui/DI_l_russian.yml","DI_ce_tab_health","localization/russian/gui/DI_RUS_l_russian.yml","localization/russian/gui/DI_l_russian.yml"
"318","06:11:21","pdx_localize.cpp:279","Duplicate localization key. Key 'DI_ce_tab_intrigue' is defined in both 'localization/russian/gui/DI_RUS_l_russian.yml' and 'localization/russian/gui/DI_l_russian.yml'.","Expected corrective localization override","Divine Intervention AGOT | Русификатор | Divine Intervention Cheat Menu | Divine Intervention CM [RUS]","localization/russian/gui/DI_RUS_l_russian.yml | localization/russian/gui/DI_l_russian.yml","DI_ce_tab_intrigue","localization/russian/gui/DI_RUS_l_russian.yml","localization/russian/gui/DI_l_russian.yml"
"319","06:11:21","pdx_localize.cpp:279","Duplicate localization key. Key 'DI_ce_tab_authority' is defined in both 'localization/russian/gui/DI_RUS_l_russian.yml' and 'localization/russian/gui/DI_l_russian.yml'.","Expected corrective localization override","Divine Intervention AGOT | Русификатор | Divine Intervention Cheat Menu | Divine Intervention CM [RUS]","localization/russian/gui/DI_RUS_l_russian.yml | localization/russian/gui/DI_l_russian.yml","DI_ce_tab_authority","localization/russian/gui/DI_RUS_l_russian.yml","localization/russian/gui/DI_l_russian.yml"
"320","06:11:21","pdx_localize.cpp:279","Duplicate localization key. Key 'DI_ce_tab_provincial' is defined in both 'localization/russian/gui/DI_RUS_l_russian.yml' and 'localization/russian/gui/DI_l_russian.yml'.","Expected corrective localization override","Divine Intervention AGOT | Русификатор | Divine Intervention Cheat Menu | Divine Intervention CM [RUS]","localization/russian/gui/DI_RUS_l_russian.yml | localization/russian/gui/DI_l_russian.yml","DI_ce_tab_provincial","localization/russian/gui/DI_RUS_l_russian.yml","localization/russian/gui/DI_l_russian.yml"
"321","06:11:21","pdx_localize.cpp:279","Duplicate localization key. Key 'DI_ce_tab_governing' is defined in both 'localization/russian/gui/DI_RUS_l_russian.yml' and 'localization/russian/gui/DI_l_russian.yml'.","Expected corrective localization override","Divine Intervention AGOT | Русификатор | Divine Intervention Cheat Menu | Divine Intervention CM [RUS]","localization/russian/gui/DI_RUS_l_russian.yml | localization/russian/gui/DI_l_russian.yml","DI_ce_tab_governing","localization/russian/gui/DI_RUS_l_russian.yml","localization/russian/gui/DI_l_russian.yml"
"322","06:11:21","pdx_localize.cpp:279","Duplicate localization key. Key 'DI_ce_tab_military' is defined in both 'localization/russian/gui/DI_RUS_l_russian.yml' and 'localization/russian/gui/DI_l_russian.yml'.","Expected corrective localization override","Divine Intervention AGOT | Русификатор | Divine Intervention Cheat Menu | Divine Intervention CM [RUS]","localization/russian/gui/DI_RUS_l_russian.yml | localization/russian/gui/DI_l_russian.yml","DI_ce_tab_military","localization/russian/gui/DI_RUS_l_russian.yml","localization/russian/gui/DI_l_russian.yml"
"323","06:11:21","pdx_localize.cpp:279","Duplicate localization key. Key 'DI_ce_tab_learning' is defined in both 'localization/russian/gui/DI_RUS_l_russian.yml' and 'localization/russian/gui/DI_l_russian.yml'.","Expected corrective localization override","Divine Intervention AGOT | Русификатор | Divine Intervention Cheat Menu | Divine Intervention CM [RUS]","localization/russian/gui/DI_RUS_l_russian.yml | localization/russian/gui/DI_l_russian.yml","DI_ce_tab_learning","localization/russian/gui/DI_RUS_l_russian.yml","localization/russian/gui/DI_l_russian.yml"
"324","06:11:21","pdx_localize.cpp:279","Duplicate localization key. Key 'DI_ce_tab_maa' is defined in both 'localization/russian/gui/DI_RUS_l_russian.yml' and 'localization/russian/gui/DI_l_russian.yml'.","Expected corrective localization override","Divine Intervention AGOT | Русификатор | Divine Intervention Cheat Menu | Divine Intervention CM [RUS]","localization/russian/gui/DI_RUS_l_russian.yml | localization/russian/gui/DI_l_russian.yml","DI_ce_tab_maa","localization/russian/gui/DI_RUS_l_russian.yml","localization/russian/gui/DI_l_russian.yml"
"325","06:11:21","pdx_localize.cpp:279","Duplicate localization key. Key 'DI_ce_tab_custom' is defined in both 'localization/russian/gui/DI_RUS_l_russian.yml' and 'localization/russian/gui/DI_l_russian.yml'.","Expected corrective localization override","Divine Intervention AGOT | Русификатор | Divine Intervention Cheat Menu | Divine Intervention CM [RUS]","localization/russian/gui/DI_RUS_l_russian.yml | localization/russian/gui/DI_l_russian.yml","DI_ce_tab_custom","localization/russian/gui/DI_RUS_l_russian.yml","localization/russian/gui/DI_l_russian.yml"
"326","06:11:21","pdx_localize.cpp:279","Duplicate localization key. Key 'DI_custom_modifiers' is defined in both 'localization/russian/gui/DI_RUS_l_russian.yml' and 'localization/russian/gui/DI_l_russian.yml'.","Expected corrective localization override","Divine Intervention AGOT | Русификатор | Divine Intervention Cheat Menu | Divine Intervention CM [RUS]","localization/russian/gui/DI_RUS_l_russian.yml | localization/russian/gui/DI_l_russian.yml","DI_custom_modifiers","localization/russian/gui/DI_RUS_l_russian.yml","localization/russian/gui/DI_l_russian.yml"
"327","06:11:21","pdx_localize.cpp:279","Duplicate localization key. Key 'DI_prestige_modifiers' is defined in both 'localization/russian/gui/DI_RUS_l_russian.yml' and 'localization/russian/gui/DI_l_russian.yml'.","Expected corrective localization override","Divine Intervention AGOT | Русификатор | Divine Intervention Cheat Menu | Divine Intervention CM [RUS]","localization/russian/gui/DI_RUS_l_russian.yml | localization/russian/gui/DI_l_russian.yml","DI_prestige_modifiers","localization/russian/gui/DI_RUS_l_russian.yml","localization/russian/gui/DI_l_russian.yml"
"328","06:11:21","pdx_localize.cpp:279","Duplicate localization key. Key 'DI_prestige_modifiers_tt' is defined in both 'localization/russian/gui/DI_RUS_l_russian.yml' and 'localization/russian/gui/DI_l_russian.yml'.","Expected corrective localization override","Divine Intervention AGOT | Русификатор | Divine Intervention Cheat Menu | Divine Intervention CM [RUS]","localization/russian/gui/DI_RUS_l_russian.yml | localization/russian/gui/DI_l_russian.yml","DI_prestige_modifiers_tt","localization/russian/gui/DI_RUS_l_russian.yml","localization/russian/gui/DI_l_russian.yml"
"329","06:11:21","pdx_localize.cpp:279","Duplicate localization key. Key 'DI_piety_modifiers' is defined in both 'localization/russian/gui/DI_RUS_l_russian.yml' and 'localization/russian/gui/DI_l_russian.yml'.","Expected corrective localization override","Divine Intervention AGOT | Русификатор | Divine Intervention Cheat Menu | Divine Intervention CM [RUS]","localization/russian/gui/DI_RUS_l_russian.yml | localization/russian/gui/DI_l_russian.yml","DI_piety_modifiers","localization/russian/gui/DI_RUS_l_russian.yml","localization/russian/gui/DI_l_russian.yml"
"330","06:11:21","pdx_localize.cpp:279","Duplicate localization key. Key 'DI_piety_modifiers_tt' is defined in both 'localization/russian/gui/DI_RUS_l_russian.yml' and 'localization/russian/gui/DI_l_russian.yml'.","Expected corrective localization override","Divine Intervention AGOT | Русификатор | Divine Intervention Cheat Menu | Divine Intervention CM [RUS]","localization/russian/gui/DI_RUS_l_russian.yml | localization/russian/gui/DI_l_russian.yml","DI_piety_modifiers_tt","localization/russian/gui/DI_RUS_l_russian.yml","localization/russian/gui/DI_l_russian.yml"
"331","06:11:21","pdx_localize.cpp:279","Duplicate localization key. Key 'DI_income_modifiers' is defined in both 'localization/russian/gui/DI_RUS_l_russian.yml' and 'localization/russian/gui/DI_l_russian.yml'.","Expected corrective localization override","Divine Intervention AGOT | Русификатор | Divine Intervention Cheat Menu | Divine Intervention CM [RUS]","localization/russian/gui/DI_RUS_l_russian.yml | localization/russian/gui/DI_l_russian.yml","DI_income_modifiers","localization/russian/gui/DI_RUS_l_russian.yml","localization/russian/gui/DI_l_russian.yml"
"332","06:11:21","pdx_localize.cpp:279","Duplicate localization key. Key 'DI_income_modifiers_tt' is defined in both 'localization/russian/gui/DI_RUS_l_russian.yml' and 'localization/russian/gui/DI_l_russian.yml'.","Expected corrective localization override","Divine Intervention AGOT | Русификатор | Divine Intervention Cheat Menu | Divine Intervention CM [RUS]","localization/russian/gui/DI_RUS_l_russian.yml | localization/russian/gui/DI_l_russian.yml","DI_income_modifiers_tt","localization/russian/gui/DI_RUS_l_russian.yml","localization/russian/gui/DI_l_russian.yml"
"333","06:11:21","pdx_localize.cpp:279","Duplicate localization key. Key 'DI_opinion_modifiers' is defined in both 'localization/russian/gui/DI_RUS_l_russian.yml' and 'localization/russian/gui/DI_l_russian.yml'.","Expected corrective localization override","Divine Intervention AGOT | Русификатор | Divine Intervention Cheat Menu | Divine Intervention CM [RUS]","localization/russian/gui/DI_RUS_l_russian.yml | localization/russian/gui/DI_l_russian.yml","DI_opinion_modifiers","localization/russian/gui/DI_RUS_l_russian.yml","localization/russian/gui/DI_l_russian.yml"
"334","06:11:21","pdx_localize.cpp:279","Duplicate localization key. Key 'DI_opinion_modifiers_tt' is defined in both 'localization/russian/gui/DI_RUS_l_russian.yml' and 'localization/russian/gui/DI_l_russian.yml'.","Expected corrective localization override","Divine Intervention AGOT | Русификатор | Divine Intervention Cheat Menu | Divine Intervention CM [RUS]","localization/russian/gui/DI_RUS_l_russian.yml | localization/russian/gui/DI_l_russian.yml","DI_opinion_modifiers_tt","localization/russian/gui/DI_RUS_l_russian.yml","localization/russian/gui/DI_l_russian.yml"
"335","06:11:21","pdx_localize.cpp:279","Duplicate localization key. Key 'DI_health_modifiers' is defined in both 'localization/russian/gui/DI_RUS_l_russian.yml' and 'localization/russian/gui/DI_l_russian.yml'.","Expected corrective localization override","Divine Intervention AGOT | Русификатор | Divine Intervention Cheat Menu | Divine Intervention CM [RUS]","localization/russian/gui/DI_RUS_l_russian.yml | localization/russian/gui/DI_l_russian.yml","DI_health_modifiers","localization/russian/gui/DI_RUS_l_russian.yml","localization/russian/gui/DI_l_russian.yml"
"336","06:11:21","pdx_localize.cpp:279","Duplicate localization key. Key 'DI_health_modifiers_tt' is defined in both 'localization/russian/gui/DI_RUS_l_russian.yml' and 'localization/russian/gui/DI_l_russian.yml'.","Expected corrective localization override","Divine Intervention AGOT | Русификатор | Divine Intervention Cheat Menu | Divine Intervention CM [RUS]","localization/russian/gui/DI_RUS_l_russian.yml | localization/russian/gui/DI_l_russian.yml","DI_health_modifiers_tt","localization/russian/gui/DI_RUS_l_russian.yml","localization/russian/gui/DI_l_russian.yml"
"337","06:11:21","pdx_localize.cpp:279","Duplicate localization key. Key 'DI_intrigue_modifiers' is defined in both 'localization/russian/gui/DI_RUS_l_russian.yml' and 'localization/russian/gui/DI_l_russian.yml'.","Expected corrective localization override","Divine Intervention AGOT | Русификатор | Divine Intervention Cheat Menu | Divine Intervention CM [RUS]","localization/russian/gui/DI_RUS_l_russian.yml | localization/russian/gui/DI_l_russian.yml","DI_intrigue_modifiers","localization/russian/gui/DI_RUS_l_russian.yml","localization/russian/gui/DI_l_russian.yml"
"338","06:11:21","pdx_localize.cpp:279","Duplicate localization key. Key 'DI_intrigue_modifiers_tt' is defined in both 'localization/russian/gui/DI_RUS_l_russian.yml' and 'localization/russian/gui/DI_l_russian.yml'.","Expected corrective localization override","Divine Intervention AGOT | Русификатор | Divine Intervention Cheat Menu | Divine Intervention CM [RUS]","localization/russian/gui/DI_RUS_l_russian.yml | localization/russian/gui/DI_l_russian.yml","DI_intrigue_modifiers_tt","localization/russian/gui/DI_RUS_l_russian.yml","localization/russian/gui/DI_l_russian.yml"
"339","06:11:21","pdx_localize.cpp:279","Duplicate localization key. Key 'DI_authority_modifiers' is defined in both 'localization/russian/gui/DI_RUS_l_russian.yml' and 'localization/russian/gui/DI_l_russian.yml'.","Expected corrective localization override","Divine Intervention AGOT | Русификатор | Divine Intervention Cheat Menu | Divine Intervention CM [RUS]","localization/russian/gui/DI_RUS_l_russian.yml | localization/russian/gui/DI_l_russian.yml","DI_authority_modifiers","localization/russian/gui/DI_RUS_l_russian.yml","localization/russian/gui/DI_l_russian.yml"
"340","06:11:21","pdx_localize.cpp:279","Duplicate localization key. Key 'DI_authority_modifiers_tt' is defined in both 'localization/russian/gui/DI_RUS_l_russian.yml' and 'localization/russian/gui/DI_l_russian.yml'.","Expected corrective localization override","Divine Intervention AGOT | Русификатор | Divine Intervention Cheat Menu | Divine Intervention CM [RUS]","localization/russian/gui/DI_RUS_l_russian.yml | localization/russian/gui/DI_l_russian.yml","DI_authority_modifiers_tt","localization/russian/gui/DI_RUS_l_russian.yml","localization/russian/gui/DI_l_russian.yml"
"341","06:11:21","pdx_localize.cpp:279","Duplicate localization key. Key 'DI_provincial_modifiers' is defined in both 'localization/russian/gui/DI_RUS_l_russian.yml' and 'localization/russian/gui/DI_l_russian.yml'.","Expected corrective localization override","Divine Intervention AGOT | Русификатор | Divine Intervention Cheat Menu | Divine Intervention CM [RUS]","localization/russian/gui/DI_RUS_l_russian.yml | localization/russian/gui/DI_l_russian.yml","DI_provincial_modifiers","localization/russian/gui/DI_RUS_l_russian.yml","localization/russian/gui/DI_l_russian.yml"
"342","06:11:21","pdx_localize.cpp:279","Duplicate localization key. Key 'DI_provincial_modifiers_tt' is defined in both 'localization/russian/gui/DI_RUS_l_russian.yml' and 'localization/russian/gui/DI_l_russian.yml'.","Expected corrective localization override","Divine Intervention AGOT | Русификатор | Divine Intervention Cheat Menu | Divine Intervention CM [RUS]","localization/russian/gui/DI_RUS_l_russian.yml | localization/russian/gui/DI_l_russian.yml","DI_provincial_modifiers_tt","localization/russian/gui/DI_RUS_l_russian.yml","localization/russian/gui/DI_l_russian.yml"
"343","06:11:21","pdx_localize.cpp:279","Duplicate localization key. Key 'DI_governing_modifiers' is defined in both 'localization/russian/gui/DI_RUS_l_russian.yml' and 'localization/russian/gui/DI_l_russian.yml'.","Expected corrective localization override","Divine Intervention AGOT | Русификатор | Divine Intervention Cheat Menu | Divine Intervention CM [RUS]","localization/russian/gui/DI_RUS_l_russian.yml | localization/russian/gui/DI_l_russian.yml","DI_governing_modifiers","localization/russian/gui/DI_RUS_l_russian.yml","localization/russian/gui/DI_l_russian.yml"
"344","06:11:21","pdx_localize.cpp:279","Duplicate localization key. Key 'DI_governing_modifiers_tt' is defined in both 'localization/russian/gui/DI_RUS_l_russian.yml' and 'localization/russian/gui/DI_l_russian.yml'.","Expected corrective localization override","Divine Intervention AGOT | Русификатор | Divine Intervention Cheat Menu | Divine Intervention CM [RUS]","localization/russian/gui/DI_RUS_l_russian.yml | localization/russian/gui/DI_l_russian.yml","DI_governing_modifiers_tt","localization/russian/gui/DI_RUS_l_russian.yml","localization/russian/gui/DI_l_russian.yml"
"345","06:11:21","pdx_localize.cpp:279","Duplicate localization key. Key 'DI_military_modifiers' is defined in both 'localization/russian/gui/DI_RUS_l_russian.yml' and 'localization/russian/gui/DI_l_russian.yml'.","Expected corrective localization override","Divine Intervention AGOT | Русификатор | Divine Intervention Cheat Menu | Divine Intervention CM [RUS]","localization/russian/gui/DI_RUS_l_russian.yml | localization/russian/gui/DI_l_russian.yml","DI_military_modifiers","localization/russian/gui/DI_RUS_l_russian.yml","localization/russian/gui/DI_l_russian.yml"
"346","06:11:21","pdx_localize.cpp:279","Duplicate localization key. Key 'DI_military_modifiers_tt' is defined in both 'localization/russian/gui/DI_RUS_l_russian.yml' and 'localization/russian/gui/DI_l_russian.yml'.","Expected corrective localization override","Divine Intervention AGOT | Русификатор | Divine Intervention Cheat Menu | Divine Intervention CM [RUS]","localization/russian/gui/DI_RUS_l_russian.yml | localization/russian/gui/DI_l_russian.yml","DI_military_modifiers_tt","localization/russian/gui/DI_RUS_l_russian.yml","localization/russian/gui/DI_l_russian.yml"
"347","06:11:21","pdx_localize.cpp:279","Duplicate localization key. Key 'DI_learning_modifiers' is defined in both 'localization/russian/gui/DI_RUS_l_russian.yml' and 'localization/russian/gui/DI_l_russian.yml'.","Expected corrective localization override","Divine Intervention AGOT | Русификатор | Divine Intervention Cheat Menu | Divine Intervention CM [RUS]","localization/russian/gui/DI_RUS_l_russian.yml | localization/russian/gui/DI_l_russian.yml","DI_learning_modifiers","localization/russian/gui/DI_RUS_l_russian.yml","localization/russian/gui/DI_l_russian.yml"
"348","06:11:21","pdx_localize.cpp:279","Duplicate localization key. Key 'DI_learning_modifiers_tt' is defined in both 'localization/russian/gui/DI_RUS_l_russian.yml' and 'localization/russian/gui/DI_l_russian.yml'.","Expected corrective localization override","Divine Intervention AGOT | Русификатор | Divine Intervention Cheat Menu | Divine Intervention CM [RUS]","localization/russian/gui/DI_RUS_l_russian.yml | localization/russian/gui/DI_l_russian.yml","DI_learning_modifiers_tt","localization/russian/gui/DI_RUS_l_russian.yml","localization/russian/gui/DI_l_russian.yml"
"349","06:11:21","pdx_localize.cpp:279","Duplicate localization key. Key 'DI_maa_modifiers' is defined in both 'localization/russian/gui/DI_RUS_l_russian.yml' and 'localization/russian/gui/DI_l_russian.yml'.","Expected corrective localization override","Divine Intervention AGOT | Русификатор | Divine Intervention Cheat Menu | Divine Intervention CM [RUS]","localization/russian/gui/DI_RUS_l_russian.yml | localization/russian/gui/DI_l_russian.yml","DI_maa_modifiers","localization/russian/gui/DI_RUS_l_russian.yml","localization/russian/gui/DI_l_russian.yml"
"350","06:11:21","pdx_localize.cpp:279","Duplicate localization key. Key 'DI_modifier_neg' is defined in both 'localization/russian/gui/DI_RUS_l_russian.yml' and 'localization/russian/gui/DI_l_russian.yml'.","Expected corrective localization override","Divine Intervention AGOT | Русификатор | Divine Intervention Cheat Menu | Divine Intervention CM [RUS]","localization/russian/gui/DI_RUS_l_russian.yml | localization/russian/gui/DI_l_russian.yml","DI_modifier_neg","localization/russian/gui/DI_RUS_l_russian.yml","localization/russian/gui/DI_l_russian.yml"
"351","06:11:21","pdx_localize.cpp:279","Duplicate localization key. Key 'DI_modifier_mult' is defined in both 'localization/russian/gui/DI_RUS_l_russian.yml' and 'localization/russian/gui/DI_l_russian.yml'.","Expected corrective localization override","Divine Intervention AGOT | Русификатор | Divine Intervention Cheat Menu | Divine Intervention CM [RUS]","localization/russian/gui/DI_RUS_l_russian.yml | localization/russian/gui/DI_l_russian.yml","DI_modifier_mult","localization/russian/gui/DI_RUS_l_russian.yml","localization/russian/gui/DI_l_russian.yml"
"352","06:11:21","pdx_localize.cpp:279","Duplicate localization key. Key 'DI_modifier_increment' is defined in both 'localization/russian/gui/DI_RUS_l_russian.yml' and 'localization/russian/gui/DI_l_russian.yml'.","Expected corrective localization override","Divine Intervention AGOT | Русификатор | Divine Intervention Cheat Menu | Divine Intervention CM [RUS]","localization/russian/gui/DI_RUS_l_russian.yml | localization/russian/gui/DI_l_russian.yml","DI_modifier_increment","localization/russian/gui/DI_RUS_l_russian.yml","localization/russian/gui/DI_l_russian.yml"
"353","06:11:21","pdx_localize.cpp:279","Duplicate localization key. Key 'DI_increment_broken' is defined in both 'localization/russian/gui/DI_RUS_l_russian.yml' and 'localization/russian/gui/DI_l_russian.yml'.","Expected corrective localization override","Divine Intervention AGOT | Русификатор | Divine Intervention Cheat Menu | Divine Intervention CM [RUS]","localization/russian/gui/DI_RUS_l_russian.yml | localization/russian/gui/DI_l_russian.yml","DI_increment_broken","localization/russian/gui/DI_RUS_l_russian.yml","localization/russian/gui/DI_l_russian.yml"
"354","06:11:21","pdx_localize.cpp:279","Duplicate localization key. Key 'DI_modifiers_desc' is defined in both 'localization/russian/gui/DI_RUS_l_russian.yml' and 'localization/russian/gui/DI_l_russian.yml'.","Expected corrective localization override","Divine Intervention AGOT | Русификатор | Divine Intervention Cheat Menu | Divine Intervention CM [RUS]","localization/russian/gui/DI_RUS_l_russian.yml | localization/russian/gui/DI_l_russian.yml","DI_modifiers_desc","localization/russian/gui/DI_RUS_l_russian.yml","localization/russian/gui/DI_l_russian.yml"
"355","06:11:21","pdx_localize.cpp:279","Duplicate localization key. Key 'DI_modifier_add_remove' is defined in both 'localization/russian/gui/DI_RUS_l_russian.yml' and 'localization/russian/gui/DI_l_russian.yml'.","Expected corrective localization override","Divine Intervention AGOT | Русификатор | Divine Intervention Cheat Menu | Divine Intervention CM [RUS]","localization/russian/gui/DI_RUS_l_russian.yml | localization/russian/gui/DI_l_russian.yml","DI_modifier_add_remove","localization/russian/gui/DI_RUS_l_russian.yml","localization/russian/gui/DI_l_russian.yml"
"356","06:11:21","pdx_localize.cpp:279","Duplicate localization key. Key 'DI_space_marines' is defined in both 'localization/russian/gui/DI_RUS_l_russian.yml' and 'localization/russian/gui/DI_l_russian.yml'.","Expected corrective localization override","Divine Intervention AGOT | Русификатор | Divine Intervention Cheat Menu | Divine Intervention CM [RUS]","localization/russian/gui/DI_RUS_l_russian.yml | localization/russian/gui/DI_l_russian.yml","DI_space_marines","localization/russian/gui/DI_RUS_l_russian.yml","localization/russian/gui/DI_l_russian.yml"
"357","06:11:21","pdx_localize.cpp:279","Duplicate localization key. Key 'DI_contraceptive' is defined in both 'localization/russian/gui/DI_RUS_l_russian.yml' and 'localization/russian/gui/DI_l_russian.yml'.","Expected corrective localization override","Divine Intervention AGOT | Русификатор | Divine Intervention Cheat Menu | Divine Intervention CM [RUS]","localization/russian/gui/DI_RUS_l_russian.yml | localization/russian/gui/DI_l_russian.yml","DI_contraceptive","localization/russian/gui/DI_RUS_l_russian.yml","localization/russian/gui/DI_l_russian.yml"
"358","06:11:21","pdx_localize.cpp:279","Duplicate localization key. Key 'DI_immune_to_schemes' is defined in both 'localization/russian/gui/DI_RUS_l_russian.yml' and 'localization/russian/gui/DI_l_russian.yml'.","Expected corrective localization override","Divine Intervention AGOT | Русификатор | Divine Intervention Cheat Menu | Divine Intervention CM [RUS]","localization/russian/gui/DI_RUS_l_russian.yml | localization/russian/gui/DI_l_russian.yml","DI_immune_to_schemes","localization/russian/gui/DI_RUS_l_russian.yml","localization/russian/gui/DI_l_russian.yml"
"359","06:11:21","pdx_localize.cpp:279","Duplicate localization key. Key 'DI_ultra_build' is defined in both 'localization/russian/gui/DI_RUS_l_russian.yml' and 'localization/russian/gui/DI_l_russian.yml'.","Expected corrective localization override","Divine Intervention AGOT | Русификатор | Divine Intervention Cheat Menu | Divine Intervention CM [RUS]","localization/russian/gui/DI_RUS_l_russian.yml | localization/russian/gui/DI_l_russian.yml","DI_ultra_build","localization/russian/gui/DI_RUS_l_russian.yml","localization/russian/gui/DI_l_russian.yml"
"360","06:11:21","pdx_localize.cpp:279","Duplicate localization key. Key 'DI_building_slots' is defined in both 'localization/russian/gui/DI_RUS_l_russian.yml' and 'localization/russian/gui/DI_l_russian.yml'.","Expected corrective localization override","Divine Intervention AGOT | Русификатор | Divine Intervention Cheat Menu | Divine Intervention CM [RUS]","localization/russian/gui/DI_RUS_l_russian.yml | localization/russian/gui/DI_l_russian.yml","DI_building_slots","localization/russian/gui/DI_RUS_l_russian.yml","localization/russian/gui/DI_l_russian.yml"
"361","06:11:21","pdx_localize.cpp:279","Duplicate localization key. Key 'DI_one_building_slot' is defined in both 'localization/russian/gui/DI_RUS_l_russian.yml' and 'localization/russian/gui/DI_l_russian.yml'.","Expected corrective localization override","Divine Intervention AGOT | Русификатор | Divine Intervention Cheat Menu | Divine Intervention CM [RUS]","localization/russian/gui/DI_RUS_l_russian.yml | localization/russian/gui/DI_l_russian.yml","DI_one_building_slot","localization/russian/gui/DI_RUS_l_russian.yml","localization/russian/gui/DI_l_russian.yml"
"362","06:11:21","pdx_localize.cpp:279","Duplicate localization key. Key 'DI_domain_limit' is defined in both 'localization/russian/gui/DI_RUS_l_russian.yml' and 'localization/russian/gui/DI_l_russian.yml'.","Expected corrective localization override","Divine Intervention AGOT | Русификатор | Divine Intervention Cheat Menu | Divine Intervention CM [RUS]","localization/russian/gui/DI_RUS_l_russian.yml | localization/russian/gui/DI_l_russian.yml","DI_domain_limit","localization/russian/gui/DI_RUS_l_russian.yml","localization/russian/gui/DI_l_russian.yml"
"363","06:11:21","pdx_localize.cpp:279","Duplicate localization key. Key 'DI_money_printer' is defined in both 'localization/russian/gui/DI_RUS_l_russian.yml' and 'localization/russian/gui/DI_l_russian.yml'.","Expected corrective localization override","Divine Intervention AGOT | Русификатор | Divine Intervention Cheat Menu | Divine Intervention CM [RUS]","localization/russian/gui/DI_RUS_l_russian.yml | localization/russian/gui/DI_l_russian.yml","DI_money_printer","localization/russian/gui/DI_RUS_l_russian.yml","localization/russian/gui/DI_l_russian.yml"
"364","06:11:21","pdx_localize.cpp:279","Duplicate localization key. Key 'DI_perma_health' is defined in both 'localization/russian/gui/DI_RUS_l_russian.yml' and 'localization/russian/gui/DI_l_russian.yml'.","Expected corrective localization override","Divine Intervention AGOT | Русификатор | Divine Intervention Cheat Menu | Divine Intervention CM [RUS]","localization/russian/gui/DI_RUS_l_russian.yml | localization/russian/gui/DI_l_russian.yml","DI_perma_health","localization/russian/gui/DI_RUS_l_russian.yml","localization/russian/gui/DI_l_russian.yml"
"365","06:11:21","pdx_localize.cpp:279","Duplicate localization key. Key 'DI_trait_xp_boost' is defined in both 'localization/russian/gui/DI_RUS_l_russian.yml' and 'localization/russian/gui/DI_l_russian.yml'.","Expected corrective localization override","Divine Intervention AGOT | Русификатор | Divine Intervention Cheat Menu | Divine Intervention CM [RUS]","localization/russian/gui/DI_RUS_l_russian.yml | localization/russian/gui/DI_l_russian.yml","DI_trait_xp_boost","localization/russian/gui/DI_RUS_l_russian.yml","localization/russian/gui/DI_l_russian.yml"
"366","06:11:21","pdx_localize.cpp:279","Duplicate localization key. Key 'DI_commander_trait_xp_boost' is defined in both 'localization/russian/gui/DI_RUS_l_russian.yml' and 'localization/russian/gui/DI_l_russian.yml'.","Expected corrective localization override","Divine Intervention AGOT | Русификатор | Divine Intervention Cheat Menu | Divine Intervention CM [RUS]","localization/russian/gui/DI_RUS_l_russian.yml | localization/russian/gui/DI_l_russian.yml","DI_commander_trait_xp_boost","localization/russian/gui/DI_RUS_l_russian.yml","localization/russian/gui/DI_l_russian.yml"
"367","06:11:21","pdx_localize.cpp:279","Duplicate localization key. Key 'DI_godlike_inheritance' is defined in both 'localization/russian/gui/DI_RUS_l_russian.yml' and 'localization/russian/gui/DI_l_russian.yml'.","Expected corrective localization override","Divine Intervention AGOT | Русификатор | Divine Intervention Cheat Menu | Divine Intervention CM [RUS]","localization/russian/gui/DI_RUS_l_russian.yml | localization/russian/gui/DI_l_russian.yml","DI_godlike_inheritance","localization/russian/gui/DI_RUS_l_russian.yml","localization/russian/gui/DI_l_russian.yml"
"368","06:11:21","pdx_localize.cpp:279","Duplicate localization key. Key 'DI_true_rulers' is defined in both 'localization/russian/gui/DI_RUS_l_russian.yml' and 'localization/russian/gui/DI_l_russian.yml'.","Expected corrective localization override","Divine Intervention AGOT | Русификатор | Divine Intervention Cheat Menu | Divine Intervention CM [RUS]","localization/russian/gui/DI_RUS_l_russian.yml | localization/russian/gui/DI_l_russian.yml","DI_true_rulers","localization/russian/gui/DI_RUS_l_russian.yml","localization/russian/gui/DI_l_russian.yml"
"369","06:11:21","pdx_localize.cpp:279","Duplicate localization key. Key 'DI_plague_doctor' is defined in both 'localization/russian/gui/DI_RUS_l_russian.yml' and 'localization/russian/gui/DI_l_russian.yml'.","Expected corrective localization override","Divine Intervention AGOT | Русификатор | Divine Intervention Cheat Menu | Divine Intervention CM [RUS]","localization/russian/gui/DI_RUS_l_russian.yml | localization/russian/gui/DI_l_russian.yml","DI_plague_doctor","localization/russian/gui/DI_RUS_l_russian.yml","localization/russian/gui/DI_l_russian.yml"
"370","06:11:21","pdx_localize.cpp:279","Duplicate localization key. Key 'DI_imperial_march' is defined in both 'localization/russian/gui/DI_RUS_l_russian.yml' and 'localization/russian/gui/DI_l_russian.yml'.","Expected corrective localization override","Divine Intervention AGOT | Русификатор | Divine Intervention Cheat Menu | Divine Intervention CM [RUS]","localization/russian/gui/DI_RUS_l_russian.yml | localization/russian/gui/DI_l_russian.yml","DI_imperial_march","localization/russian/gui/DI_RUS_l_russian.yml","localization/russian/gui/DI_l_russian.yml"
"371","06:11:21","pdx_localize.cpp:279","Duplicate localization key. Key 'DI_dread_lord' is defined in both 'localization/russian/gui/DI_RUS_l_russian.yml' and 'localization/russian/gui/DI_l_russian.yml'.","Expected corrective localization override","Divine Intervention AGOT | Русификатор | Divine Intervention Cheat Menu | Divine Intervention CM [RUS]","localization/russian/gui/DI_RUS_l_russian.yml | localization/russian/gui/DI_l_russian.yml","DI_dread_lord","localization/russian/gui/DI_RUS_l_russian.yml","localization/russian/gui/DI_l_russian.yml"
"372","06:11:21","pdx_localize.cpp:279","Duplicate localization key. Key 'DI_lifestyle_mastery' is defined in both 'localization/russian/gui/DI_RUS_l_russian.yml' and 'localization/russian/gui/DI_l_russian.yml'.","Expected corrective localization override","Divine Intervention AGOT | Русификатор | Divine Intervention Cheat Menu | Divine Intervention CM [RUS]","localization/russian/gui/DI_RUS_l_russian.yml | localization/russian/gui/DI_l_russian.yml","DI_lifestyle_mastery","localization/russian/gui/DI_RUS_l_russian.yml","localization/russian/gui/DI_l_russian.yml"
"373","06:11:21","pdx_localize.cpp:279","Duplicate localization key. Key 'DI_travel_speed' is defined in both 'localization/russian/gui/DI_RUS_l_russian.yml' and 'localization/russian/gui/DI_l_russian.yml'.","Expected corrective localization override","Divine Intervention AGOT | Русификатор | Divine Intervention Cheat Menu | Divine Intervention CM [RUS]","localization/russian/gui/DI_RUS_l_russian.yml | localization/russian/gui/DI_l_russian.yml","DI_travel_speed","localization/russian/gui/DI_RUS_l_russian.yml","localization/russian/gui/DI_l_russian.yml"
"374","06:11:21","pdx_localize.cpp:279","Duplicate localization key. Key 'DI_travel_safety' is defined in both 'localization/russian/gui/DI_RUS_l_russian.yml' and 'localization/russian/gui/DI_l_russian.yml'.","Expected corrective localization override","Divine Intervention AGOT | Русификатор | Divine Intervention Cheat Menu | Divine Intervention CM [RUS]","localization/russian/gui/DI_RUS_l_russian.yml | localization/russian/gui/DI_l_russian.yml","DI_travel_safety","localization/russian/gui/DI_RUS_l_russian.yml","localization/russian/gui/DI_l_russian.yml"
"375","06:11:21","pdx_localize.cpp:279","Duplicate localization key. Key 'DI_legend_spread' is defined in both 'localization/russian/gui/DI_RUS_l_russian.yml' and 'localization/russian/gui/DI_l_russian.yml'.","Expected corrective localization override","Divine Intervention AGOT | Русификатор | Divine Intervention Cheat Menu | Divine Intervention CM [RUS]","localization/russian/gui/DI_RUS_l_russian.yml | localization/russian/gui/DI_l_russian.yml","DI_legend_spread","localization/russian/gui/DI_RUS_l_russian.yml","localization/russian/gui/DI_l_russian.yml"
"376","06:11:21","pdx_localize.cpp:279","Duplicate localization key. Key 'DI_prestige_printer' is defined in both 'localization/russian/gui/DI_RUS_l_russian.yml' and 'localization/russian/gui/DI_l_russian.yml'.","Expected corrective localization override","Divine Intervention AGOT | Русификатор | Divine Intervention Cheat Menu | Divine Intervention CM [RUS]","localization/russian/gui/DI_RUS_l_russian.yml | localization/russian/gui/DI_l_russian.yml","DI_prestige_printer","localization/russian/gui/DI_RUS_l_russian.yml","localization/russian/gui/DI_l_russian.yml"
"377","06:11:21","pdx_localize.cpp:279","Duplicate localization key. Key 'DI_piety_printer' is defined in both 'localization/russian/gui/DI_RUS_l_russian.yml' and 'localization/russian/gui/DI_l_russian.yml'.","Expected corrective localization override","Divine Intervention AGOT | Русификатор | Divine Intervention Cheat Menu | Divine Intervention CM [RUS]","localization/russian/gui/DI_RUS_l_russian.yml | localization/russian/gui/DI_l_russian.yml","DI_piety_printer","localization/russian/gui/DI_RUS_l_russian.yml","localization/russian/gui/DI_l_russian.yml"
"378","06:11:21","pdx_localize.cpp:279","Duplicate localization key. Key 'DI_everybody_loves_me' is defined in both 'localization/russian/gui/DI_RUS_l_russian.yml' and 'localization/russian/gui/DI_l_russian.yml'.","Expected corrective localization override","Divine Intervention AGOT | Русификатор | Divine Intervention Cheat Menu | Divine Intervention CM [RUS]","localization/russian/gui/DI_RUS_l_russian.yml | localization/russian/gui/DI_l_russian.yml","DI_everybody_loves_me","localization/russian/gui/DI_RUS_l_russian.yml","localization/russian/gui/DI_l_russian.yml"
"379","06:11:21","pdx_localize.cpp:279","Duplicate localization key. Key 'DI_full_stomachs' is defined in both 'localization/russian/gui/DI_RUS_l_russian.yml' and 'localization/russian/gui/DI_l_russian.yml'.","Expected corrective localization override","Divine Intervention AGOT | Русификатор | Divine Intervention Cheat Menu | Divine Intervention CM [RUS]","localization/russian/gui/DI_RUS_l_russian.yml | localization/russian/gui/DI_l_russian.yml","DI_full_stomachs","localization/russian/gui/DI_RUS_l_russian.yml","localization/russian/gui/DI_l_russian.yml"
"380","06:11:21","pdx_localize.cpp:279","Duplicate localization key. Key 'DI_meritorious' is defined in both 'localization/russian/gui/DI_RUS_l_russian.yml' and 'localization/russian/gui/DI_l_russian.yml'.","Expected corrective localization override","Divine Intervention AGOT | Русификатор | Divine Intervention Cheat Menu | Divine Intervention CM [RUS]","localization/russian/gui/DI_RUS_l_russian.yml | localization/russian/gui/DI_l_russian.yml","DI_meritorious","localization/russian/gui/DI_RUS_l_russian.yml","localization/russian/gui/DI_l_russian.yml"
"381","06:11:21","pdx_localize.cpp:279","Duplicate localization key. Key 'no_legitimacy_change' is defined in both 'localization/russian/gui/DI_RUS_l_russian.yml' and 'localization/russian/gui/DI_l_russian.yml'.","Expected corrective localization override","Divine Intervention AGOT | Русификатор | Divine Intervention Cheat Menu | Divine Intervention CM [RUS]","localization/russian/gui/DI_RUS_l_russian.yml | localization/russian/gui/DI_l_russian.yml","no_legitimacy_change","localization/russian/gui/DI_RUS_l_russian.yml","localization/russian/gui/DI_l_russian.yml"
"382","06:11:21","pdx_localize.cpp:279","Duplicate localization key. Key 'DI_traits' is defined in both 'localization/russian/gui/DI_RUS_l_russian.yml' and 'localization/russian/gui/DI_l_russian.yml'.","Expected corrective localization override","Divine Intervention AGOT | Русификатор | Divine Intervention Cheat Menu | Divine Intervention CM [RUS]","localization/russian/gui/DI_RUS_l_russian.yml | localization/russian/gui/DI_l_russian.yml","DI_traits","localization/russian/gui/DI_RUS_l_russian.yml","localization/russian/gui/DI_l_russian.yml"
"383","06:11:21","pdx_localize.cpp:279","Duplicate localization key. Key 'DI_trait_window_tooltip' is defined in both 'localization/russian/gui/DI_RUS_l_russian.yml' and 'localization/russian/gui/DI_l_russian.yml'.","Expected corrective localization override","Divine Intervention AGOT | Русификатор | Divine Intervention Cheat Menu | Divine Intervention CM [RUS]","localization/russian/gui/DI_RUS_l_russian.yml | localization/russian/gui/DI_l_russian.yml","DI_trait_window_tooltip","localization/russian/gui/DI_RUS_l_russian.yml","localization/russian/gui/DI_l_russian.yml"
"384","06:11:21","pdx_localize.cpp:279","Duplicate localization key. Key 'DI_ce_tab_physical' is defined in both 'localization/russian/gui/DI_RUS_l_russian.yml' and 'localization/russian/gui/DI_l_russian.yml'.","Expected corrective localization override","Divine Intervention AGOT | Русификатор | Divine Intervention Cheat Menu | Divine Intervention CM [RUS]","localization/russian/gui/DI_RUS_l_russian.yml | localization/russian/gui/DI_l_russian.yml","DI_ce_tab_physical","localization/russian/gui/DI_RUS_l_russian.yml","localization/russian/gui/DI_l_russian.yml"
"385","06:11:21","pdx_localize.cpp:279","Duplicate localization key. Key 'DI_ce_tab_education' is defined in both 'localization/russian/gui/DI_RUS_l_russian.yml' and 'localization/russian/gui/DI_l_russian.yml'.","Expected corrective localization override","Divine Intervention AGOT | Русификатор | Divine Intervention Cheat Menu | Divine Intervention CM [RUS]","localization/russian/gui/DI_RUS_l_russian.yml | localization/russian/gui/DI_l_russian.yml","DI_ce_tab_education","localization/russian/gui/DI_RUS_l_russian.yml","localization/russian/gui/DI_l_russian.yml"
"386","06:11:21","pdx_localize.cpp:279","Duplicate localization key. Key 'DI_ce_tab_commander' is defined in both 'localization/russian/gui/DI_RUS_l_russian.yml' and 'localization/russian/gui/DI_l_russian.yml'.","Expected corrective localization override","Divine Intervention AGOT | Русификатор | Divine Intervention Cheat Menu | Divine Intervention CM [RUS]","localization/russian/gui/DI_RUS_l_russian.yml | localization/russian/gui/DI_l_russian.yml","DI_ce_tab_commander","localization/russian/gui/DI_RUS_l_russian.yml","localization/russian/gui/DI_l_russian.yml"
"387","06:11:21","pdx_localize.cpp:279","Duplicate localization key. Key 'DI_ce_tab_lifestyle' is defined in both 'localization/russian/gui/DI_RUS_l_russian.yml' and 'localization/russian/gui/DI_l_russian.yml'.","Expected corrective localization override","Divine Intervention AGOT | Русификатор | Divine Intervention Cheat Menu | Divine Intervention CM [RUS]","localization/russian/gui/DI_RUS_l_russian.yml | localization/russian/gui/DI_l_russian.yml","DI_ce_tab_lifestyle","localization/russian/gui/DI_RUS_l_russian.yml","localization/russian/gui/DI_l_russian.yml"
"388","06:11:21","pdx_localize.cpp:279","Duplicate localization key. Key 'DI_ce_tab_personality' is defined in both 'localization/russian/gui/DI_RUS_l_russian.yml' and 'localization/russian/gui/DI_l_russian.yml'.","Expected corrective localization override","Divine Intervention AGOT | Русификатор | Divine Intervention Cheat Menu | Divine Intervention CM [RUS]","localization/russian/gui/DI_RUS_l_russian.yml | localization/russian/gui/DI_l_russian.yml","DI_ce_tab_personality","localization/russian/gui/DI_RUS_l_russian.yml","localization/russian/gui/DI_l_russian.yml"
"389","06:11:21","pdx_localize.cpp:279","Duplicate localization key. Key 'DI_ce_tab_fame' is defined in both 'localization/russian/gui/DI_RUS_l_russian.yml' and 'localization/russian/gui/DI_l_russian.yml'.","Expected corrective localization override","Divine Intervention AGOT | Русификатор | Divine Intervention Cheat Menu | Divine Intervention CM [RUS]","localization/russian/gui/DI_RUS_l_russian.yml | localization/russian/gui/DI_l_russian.yml","DI_ce_tab_fame","localization/russian/gui/DI_RUS_l_russian.yml","localization/russian/gui/DI_l_russian.yml"
"390","06:11:21","pdx_localize.cpp:279","Duplicate localization key. Key 'DI_ce_tab_other' is defined in both 'localization/russian/gui/DI_RUS_l_russian.yml' and 'localization/russian/gui/DI_l_russian.yml'.","Expected corrective localization override","Divine Intervention AGOT | Русификатор | Divine Intervention Cheat Menu | Divine Intervention CM [RUS]","localization/russian/gui/DI_RUS_l_russian.yml | localization/russian/gui/DI_l_russian.yml","DI_ce_tab_other","localization/russian/gui/DI_RUS_l_russian.yml","localization/russian/gui/DI_l_russian.yml"
"391","06:11:21","pdx_localize.cpp:279","Duplicate localization key. Key 'DI_ce_tab_tracked' is defined in both 'localization/russian/gui/DI_RUS_l_russian.yml' and 'localization/russian/gui/DI_l_russian.yml'.","Expected corrective localization override","Divine Intervention AGOT | Русификатор | Divine Intervention Cheat Menu | Divine Intervention CM [RUS]","localization/russian/gui/DI_RUS_l_russian.yml | localization/russian/gui/DI_l_russian.yml","DI_ce_tab_tracked","localization/russian/gui/DI_RUS_l_russian.yml","localization/russian/gui/DI_l_russian.yml"
"392","06:11:21","pdx_localize.cpp:279","Duplicate localization key. Key 'DI_ce_tab_pinned' is defined in both 'localization/russian/gui/DI_RUS_l_russian.yml' and 'localization/russian/gui/DI_l_russian.yml'.","Expected corrective localization override","Divine Intervention AGOT | Русификатор | Divine Intervention Cheat Menu | Divine Intervention CM [RUS]","localization/russian/gui/DI_RUS_l_russian.yml | localization/russian/gui/DI_l_russian.yml","DI_ce_tab_pinned","localization/russian/gui/DI_RUS_l_russian.yml","localization/russian/gui/DI_l_russian.yml"
"393","06:11:21","pdx_localize.cpp:279","Duplicate localization key. Key 'DI_pinned_traits' is defined in both 'localization/russian/gui/DI_RUS_l_russian.yml' and 'localization/russian/gui/DI_l_russian.yml'.","Expected corrective localization override","Divine Intervention AGOT | Русификатор | Divine Intervention Cheat Menu | Divine Intervention CM [RUS]","localization/russian/gui/DI_RUS_l_russian.yml | localization/russian/gui/DI_l_russian.yml","DI_pinned_traits","localization/russian/gui/DI_RUS_l_russian.yml","localization/russian/gui/DI_l_russian.yml"
"394","06:11:21","pdx_localize.cpp:279","Duplicate localization key. Key 'DI_pinned_traits_tt' is defined in both 'localization/russian/gui/DI_RUS_l_russian.yml' and 'localization/russian/gui/DI_l_russian.yml'.","Expected corrective localization override","Divine Intervention AGOT | Русификатор | Divine Intervention Cheat Menu | Divine Intervention CM [RUS]","localization/russian/gui/DI_RUS_l_russian.yml | localization/russian/gui/DI_l_russian.yml","DI_pinned_traits_tt","localization/russian/gui/DI_RUS_l_russian.yml","localization/russian/gui/DI_l_russian.yml"
"395","06:11:21","pdx_localize.cpp:279","Duplicate localization key. Key 'DI_trait_button_tt' is defined in both 'localization/russian/gui/DI_RUS_l_russian.yml' and 'localization/russian/gui/DI_l_russian.yml'.","Expected corrective localization override","Divine Intervention AGOT | Русификатор | Divine Intervention Cheat Menu | Divine Intervention CM [RUS]","localization/russian/gui/DI_RUS_l_russian.yml | localization/russian/gui/DI_l_russian.yml","DI_trait_button_tt","localization/russian/gui/DI_RUS_l_russian.yml","localization/russian/gui/DI_l_russian.yml"
"396","06:11:21","pdx_localize.cpp:279","Duplicate localization key. Key 'DI_trait_xp_button_tt' is defined in both 'localization/russian/gui/DI_RUS_l_russian.yml' and 'localization/russian/gui/DI_l_russian.yml'.","Expected corrective localization override","Divine Intervention AGOT | Русификатор | Divine Intervention Cheat Menu | Divine Intervention CM [RUS]","localization/russian/gui/DI_RUS_l_russian.yml | localization/russian/gui/DI_l_russian.yml","DI_trait_xp_button_tt","localization/russian/gui/DI_RUS_l_russian.yml","localization/russian/gui/DI_l_russian.yml"
"397","06:11:21","pdx_localize.cpp:279","Duplicate localization key. Key 'DI_tracked_trait_marker_tt' is defined in both 'localization/russian/gui/DI_RUS_l_russian.yml' and 'localization/russian/gui/DI_l_russian.yml'.","Expected corrective localization override","Divine Intervention AGOT | Русификатор | Divine Intervention Cheat Menu | Divine Intervention CM [RUS]","localization/russian/gui/DI_RUS_l_russian.yml | localization/russian/gui/DI_l_russian.yml","DI_tracked_trait_marker_tt","localization/russian/gui/DI_RUS_l_russian.yml","localization/russian/gui/DI_l_russian.yml"
"398","06:11:21","pdx_localize.cpp:279","Duplicate localization key. Key 'DI_physical_traits' is defined in both 'localization/russian/gui/DI_RUS_l_russian.yml' and 'localization/russian/gui/DI_l_russian.yml'.","Expected corrective localization override","Divine Intervention AGOT | Русификатор | Divine Intervention Cheat Menu | Divine Intervention CM [RUS]","localization/russian/gui/DI_RUS_l_russian.yml | localization/russian/gui/DI_l_russian.yml","DI_physical_traits","localization/russian/gui/DI_RUS_l_russian.yml","localization/russian/gui/DI_l_russian.yml"
"399","06:11:21","pdx_localize.cpp:279","Duplicate localization key. Key 'DI_physical_traits_tt' is defined in both 'localization/russian/gui/DI_RUS_l_russian.yml' and 'localization/russian/gui/DI_l_russian.yml'.","Expected corrective localization override","Divine Intervention AGOT | Русификатор | Divine Intervention Cheat Menu | Divine Intervention CM [RUS]","localization/russian/gui/DI_RUS_l_russian.yml | localization/russian/gui/DI_l_russian.yml","DI_physical_traits_tt","localization/russian/gui/DI_RUS_l_russian.yml","localization/russian/gui/DI_l_russian.yml"
"400","06:11:21","pdx_localize.cpp:279","Duplicate localization key. Key 'DI_education_traits' is defined in both 'localization/russian/gui/DI_RUS_l_russian.yml' and 'localization/russian/gui/DI_l_russian.yml'.","Expected corrective localization override","Divine Intervention AGOT | Русификатор | Divine Intervention Cheat Menu | Divine Intervention CM [RUS]","localization/russian/gui/DI_RUS_l_russian.yml | localization/russian/gui/DI_l_russian.yml","DI_education_traits","localization/russian/gui/DI_RUS_l_russian.yml","localization/russian/gui/DI_l_russian.yml"
"401","06:11:21","pdx_localize.cpp:279","Duplicate localization key. Key 'DI_education_traits_tt' is defined in both 'localization/russian/gui/DI_RUS_l_russian.yml' and 'localization/russian/gui/DI_l_russian.yml'.","Expected corrective localization override","Divine Intervention AGOT | Русификатор | Divine Intervention Cheat Menu | Divine Intervention CM [RUS]","localization/russian/gui/DI_RUS_l_russian.yml | localization/russian/gui/DI_l_russian.yml","DI_education_traits_tt","localization/russian/gui/DI_RUS_l_russian.yml","localization/russian/gui/DI_l_russian.yml"
"402","06:11:21","pdx_localize.cpp:279","Duplicate localization key. Key 'DI_commander_traits' is defined in both 'localization/russian/gui/DI_RUS_l_russian.yml' and 'localization/russian/gui/DI_l_russian.yml'.","Expected corrective localization override","Divine Intervention AGOT | Русификатор | Divine Intervention Cheat Menu | Divine Intervention CM [RUS]","localization/russian/gui/DI_RUS_l_russian.yml | localization/russian/gui/DI_l_russian.yml","DI_commander_traits","localization/russian/gui/DI_RUS_l_russian.yml","localization/russian/gui/DI_l_russian.yml"
"403","06:11:21","pdx_localize.cpp:279","Duplicate localization key. Key 'DI_commander_traits_tt' is defined in both 'localization/russian/gui/DI_RUS_l_russian.yml' and 'localization/russian/gui/DI_l_russian.yml'.","Expected corrective localization override","Divine Intervention AGOT | Русификатор | Divine Intervention Cheat Menu | Divine Intervention CM [RUS]","localization/russian/gui/DI_RUS_l_russian.yml | localization/russian/gui/DI_l_russian.yml","DI_commander_traits_tt","localization/russian/gui/DI_RUS_l_russian.yml","localization/russian/gui/DI_l_russian.yml"
"404","06:11:21","pdx_localize.cpp:279","Duplicate localization key. Key 'DI_lifestyle_traits' is defined in both 'localization/russian/gui/DI_RUS_l_russian.yml' and 'localization/russian/gui/DI_l_russian.yml'.","Expected corrective localization override","Divine Intervention AGOT | Русификатор | Divine Intervention Cheat Menu | Divine Intervention CM [RUS]","localization/russian/gui/DI_RUS_l_russian.yml | localization/russian/gui/DI_l_russian.yml","DI_lifestyle_traits","localization/russian/gui/DI_RUS_l_russian.yml","localization/russian/gui/DI_l_russian.yml"
"405","06:11:21","pdx_localize.cpp:279","Duplicate localization key. Key 'DI_lifestyle_traits_tt' is defined in both 'localization/russian/gui/DI_RUS_l_russian.yml' and 'localization/russian/gui/DI_l_russian.yml'.","Expected corrective localization override","Divine Intervention AGOT | Русификатор | Divine Intervention Cheat Menu | Divine Intervention CM [RUS]","localization/russian/gui/DI_RUS_l_russian.yml | localization/russian/gui/DI_l_russian.yml","DI_lifestyle_traits_tt","localization/russian/gui/DI_RUS_l_russian.yml","localization/russian/gui/DI_l_russian.yml"
"406","06:11:21","pdx_localize.cpp:279","Duplicate localization key. Key 'DI_personality_traits' is defined in both 'localization/russian/gui/DI_RUS_l_russian.yml' and 'localization/russian/gui/DI_l_russian.yml'.","Expected corrective localization override","Divine Intervention AGOT | Русификатор | Divine Intervention Cheat Menu | Divine Intervention CM [RUS]","localization/russian/gui/DI_RUS_l_russian.yml | localization/russian/gui/DI_l_russian.yml","DI_personality_traits","localization/russian/gui/DI_RUS_l_russian.yml","localization/russian/gui/DI_l_russian.yml"
"407","06:11:21","pdx_localize.cpp:279","Duplicate localization key. Key 'DI_personality_traits_tt' is defined in both 'localization/russian/gui/DI_RUS_l_russian.yml' and 'localization/russian/gui/DI_l_russian.yml'.","Expected corrective localization override","Divine Intervention AGOT | Русификатор | Divine Intervention Cheat Menu | Divine Intervention CM [RUS]","localization/russian/gui/DI_RUS_l_russian.yml | localization/russian/gui/DI_l_russian.yml","DI_personality_traits_tt","localization/russian/gui/DI_RUS_l_russian.yml","localization/russian/gui/DI_l_russian.yml"
"408","06:11:21","pdx_localize.cpp:279","Duplicate localization key. Key 'DI_health_traits' is defined in both 'localization/russian/gui/DI_RUS_l_russian.yml' and 'localization/russian/gui/DI_l_russian.yml'.","Expected corrective localization override","Divine Intervention AGOT | Русификатор | Divine Intervention Cheat Menu | Divine Intervention CM [RUS]","localization/russian/gui/DI_RUS_l_russian.yml | localization/russian/gui/DI_l_russian.yml","DI_health_traits","localization/russian/gui/DI_RUS_l_russian.yml","localization/russian/gui/DI_l_russian.yml"
"409","06:11:21","pdx_localize.cpp:279","Duplicate localization key. Key 'DI_health_traits_tt' is defined in both 'localization/russian/gui/DI_RUS_l_russian.yml' and 'localization/russian/gui/DI_l_russian.yml'.","Expected corrective localization override","Divine Intervention AGOT | Русификатор | Divine Intervention Cheat Menu | Divine Intervention CM [RUS]","localization/russian/gui/DI_RUS_l_russian.yml | localization/russian/gui/DI_l_russian.yml","DI_health_traits_tt","localization/russian/gui/DI_RUS_l_russian.yml","localization/russian/gui/DI_l_russian.yml"
"410","06:11:21","pdx_localize.cpp:279","Duplicate localization key. Key 'DI_fame_traits' is defined in both 'localization/russian/gui/DI_RUS_l_russian.yml' and 'localization/russian/gui/DI_l_russian.yml'.","Expected corrective localization override","Divine Intervention AGOT | Русификатор | Divine Intervention Cheat Menu | Divine Intervention CM [RUS]","localization/russian/gui/DI_RUS_l_russian.yml | localization/russian/gui/DI_l_russian.yml","DI_fame_traits","localization/russian/gui/DI_RUS_l_russian.yml","localization/russian/gui/DI_l_russian.yml"
"411","06:11:21","pdx_localize.cpp:279","Duplicate localization key. Key 'DI_fame_traits_tt' is defined in both 'localization/russian/gui/DI_RUS_l_russian.yml' and 'localization/russian/gui/DI_l_russian.yml'.","Expected corrective localization override","Divine Intervention AGOT | Русификатор | Divine Intervention Cheat Menu | Divine Intervention CM [RUS]","localization/russian/gui/DI_RUS_l_russian.yml | localization/russian/gui/DI_l_russian.yml","DI_fame_traits_tt","localization/russian/gui/DI_RUS_l_russian.yml","localization/russian/gui/DI_l_russian.yml"
"412","06:11:21","pdx_localize.cpp:279","Duplicate localization key. Key 'DI_other_traits' is defined in both 'localization/russian/gui/DI_RUS_l_russian.yml' and 'localization/russian/gui/DI_l_russian.yml'.","Expected corrective localization override","Divine Intervention AGOT | Русификатор | Divine Intervention Cheat Menu | Divine Intervention CM [RUS]","localization/russian/gui/DI_RUS_l_russian.yml | localization/russian/gui/DI_l_russian.yml","DI_other_traits","localization/russian/gui/DI_RUS_l_russian.yml","localization/russian/gui/DI_l_russian.yml"
"413","06:11:21","pdx_localize.cpp:279","Duplicate localization key. Key 'DI_other_traits_tt' is defined in both 'localization/russian/gui/DI_RUS_l_russian.yml' and 'localization/russian/gui/DI_l_russian.yml'.","Expected corrective localization override","Divine Intervention AGOT | Русификатор | Divine Intervention Cheat Menu | Divine Intervention CM [RUS]","localization/russian/gui/DI_RUS_l_russian.yml | localization/russian/gui/DI_l_russian.yml","DI_other_traits_tt","localization/russian/gui/DI_RUS_l_russian.yml","localization/russian/gui/DI_l_russian.yml"
"414","06:11:21","pdx_localize.cpp:279","Duplicate localization key. Key 'DI_tracked_traits' is defined in both 'localization/russian/gui/DI_RUS_l_russian.yml' and 'localization/russian/gui/DI_l_russian.yml'.","Expected corrective localization override","Divine Intervention AGOT | Русификатор | Divine Intervention Cheat Menu | Divine Intervention CM [RUS]","localization/russian/gui/DI_RUS_l_russian.yml | localization/russian/gui/DI_l_russian.yml","DI_tracked_traits","localization/russian/gui/DI_RUS_l_russian.yml","localization/russian/gui/DI_l_russian.yml"
"415","06:11:21","pdx_localize.cpp:279","Duplicate localization key. Key 'DI_tracked_traits_tt' is defined in both 'localization/russian/gui/DI_RUS_l_russian.yml' and 'localization/russian/gui/DI_l_russian.yml'.","Expected corrective localization override","Divine Intervention AGOT | Русификатор | Divine Intervention Cheat Menu | Divine Intervention CM [RUS]","localization/russian/gui/DI_RUS_l_russian.yml | localization/russian/gui/DI_l_russian.yml","DI_tracked_traits_tt","localization/russian/gui/DI_RUS_l_russian.yml","localization/russian/gui/DI_l_russian.yml"
"416","06:11:21","pdx_localize.cpp:279","Duplicate localization key. Key 'trait_nnn_challenger' is defined in both 'localization/russian/gui/DI_RUS_l_russian.yml' and 'localization/russian/gui/DI_l_russian.yml'.","Expected corrective localization override","Divine Intervention AGOT | Русификатор | Divine Intervention Cheat Menu | Divine Intervention CM [RUS]","localization/russian/gui/DI_RUS_l_russian.yml | localization/russian/gui/DI_l_russian.yml","trait_nnn_challenger","localization/russian/gui/DI_RUS_l_russian.yml","localization/russian/gui/DI_l_russian.yml"
"417","06:11:21","pdx_localize.cpp:279","Duplicate localization key. Key 'trait_nnn_challenger_desc' is defined in both 'localization/russian/gui/DI_RUS_l_russian.yml' and 'localization/russian/gui/DI_l_russian.yml'.","Expected corrective localization override","Divine Intervention AGOT | Русификатор | Divine Intervention Cheat Menu | Divine Intervention CM [RUS]","localization/russian/gui/DI_RUS_l_russian.yml | localization/russian/gui/DI_l_russian.yml","trait_nnn_challenger_desc","localization/russian/gui/DI_RUS_l_russian.yml","localization/russian/gui/DI_l_russian.yml"
"418","06:11:21","pdx_localize.cpp:279","Duplicate localization key. Key 'trait_nnn_challenger_character_desc' is defined in both 'localization/russian/gui/DI_RUS_l_russian.yml' and 'localization/russian/gui/DI_l_russian.yml'.","Expected corrective localization override","Divine Intervention AGOT | Русификатор | Divine Intervention Cheat Menu | Divine Intervention CM [RUS]","localization/russian/gui/DI_RUS_l_russian.yml | localization/russian/gui/DI_l_russian.yml","trait_nnn_challenger_character_desc","localization/russian/gui/DI_RUS_l_russian.yml","localization/russian/gui/DI_l_russian.yml"
"419","06:11:21","pdx_localize.cpp:279","Duplicate localization key. Key 'trait_build_speed_cheat' is defined in both 'localization/russian/gui/DI_RUS_l_russian.yml' and 'localization/russian/gui/DI_l_russian.yml'.","Expected corrective localization override","Divine Intervention AGOT | Русификатор | Divine Intervention Cheat Menu | Divine Intervention CM [RUS]","localization/russian/gui/DI_RUS_l_russian.yml | localization/russian/gui/DI_l_russian.yml","trait_build_speed_cheat","localization/russian/gui/DI_RUS_l_russian.yml","localization/russian/gui/DI_l_russian.yml"
"420","06:11:21","pdx_localize.cpp:279","Duplicate localization key. Key 'trait_build_speed_cheat_desc' is defined in both 'localization/russian/gui/DI_RUS_l_russian.yml' and 'localization/russian/gui/DI_l_russian.yml'.","Expected corrective localization override","Divine Intervention AGOT | Русификатор | Divine Intervention Cheat Menu | Divine Intervention CM [RUS]","localization/russian/gui/DI_RUS_l_russian.yml | localization/russian/gui/DI_l_russian.yml","trait_build_speed_cheat_desc","localization/russian/gui/DI_RUS_l_russian.yml","localization/russian/gui/DI_l_russian.yml"
"421","06:11:21","pdx_localize.cpp:279","Duplicate localization key. Key 'trait_build_speed_cheat_character_desc' is defined in both 'localization/russian/gui/DI_RUS_l_russian.yml' and 'localization/russian/gui/DI_l_russian.yml'.","Expected corrective localization override","Divine Intervention AGOT | Русификатор | Divine Intervention Cheat Menu | Divine Intervention CM [RUS]","localization/russian/gui/DI_RUS_l_russian.yml | localization/russian/gui/DI_l_russian.yml","trait_build_speed_cheat_character_desc","localization/russian/gui/DI_RUS_l_russian.yml","localization/russian/gui/DI_l_russian.yml"
"422","06:11:21","pdx_localize.cpp:279","Duplicate localization key. Key 'trait_stress_gain_remove' is defined in both 'localization/russian/gui/DI_RUS_l_russian.yml' and 'localization/russian/gui/DI_l_russian.yml'.","Expected corrective localization override","Divine Intervention AGOT | Русификатор | Divine Intervention Cheat Menu | Divine Intervention CM [RUS]","localization/russian/gui/DI_RUS_l_russian.yml | localization/russian/gui/DI_l_russian.yml","trait_stress_gain_remove","localization/russian/gui/DI_RUS_l_russian.yml","localization/russian/gui/DI_l_russian.yml"
"423","06:11:21","pdx_localize.cpp:279","Duplicate localization key. Key 'trait_stress_gain_remove_desc' is defined in both 'localization/russian/gui/DI_RUS_l_russian.yml' and 'localization/russian/gui/DI_l_russian.yml'.","Expected corrective localization override","Divine Intervention AGOT | Русификатор | Divine Intervention Cheat Menu | Divine Intervention CM [RUS]","localization/russian/gui/DI_RUS_l_russian.yml | localization/russian/gui/DI_l_russian.yml","trait_stress_gain_remove_desc","localization/russian/gui/DI_RUS_l_russian.yml","localization/russian/gui/DI_l_russian.yml"
"424","06:11:21","pdx_localize.cpp:279","Duplicate localization key. Key 'trait_stress_gain_remove_character_desc' is defined in both 'localization/russian/gui/DI_RUS_l_russian.yml' and 'localization/russian/gui/DI_l_russian.yml'.","Expected corrective localization override","Divine Intervention AGOT | Русификатор | Divine Intervention Cheat Menu | Divine Intervention CM [RUS]","localization/russian/gui/DI_RUS_l_russian.yml | localization/russian/gui/DI_l_russian.yml","trait_stress_gain_remove_character_desc","localization/russian/gui/DI_RUS_l_russian.yml","localization/russian/gui/DI_l_russian.yml"
"425","06:11:21","pdx_localize.cpp:279","Duplicate localization key. Key 'trait_tyranny_gain_remove' is defined in both 'localization/russian/gui/DI_RUS_l_russian.yml' and 'localization/russian/gui/DI_l_russian.yml'.","Expected corrective localization override","Divine Intervention AGOT | Русификатор | Divine Intervention Cheat Menu | Divine Intervention CM [RUS]","localization/russian/gui/DI_RUS_l_russian.yml | localization/russian/gui/DI_l_russian.yml","trait_tyranny_gain_remove","localization/russian/gui/DI_RUS_l_russian.yml","localization/russian/gui/DI_l_russian.yml"
"426","06:11:21","pdx_localize.cpp:279","Duplicate localization key. Key 'trait_tyranny_gain_remove_desc' is defined in both 'localization/russian/gui/DI_RUS_l_russian.yml' and 'localization/russian/gui/DI_l_russian.yml'.","Expected corrective localization override","Divine Intervention AGOT | Русификатор | Divine Intervention Cheat Menu | Divine Intervention CM [RUS]","localization/russian/gui/DI_RUS_l_russian.yml | localization/russian/gui/DI_l_russian.yml","trait_tyranny_gain_remove_desc","localization/russian/gui/DI_RUS_l_russian.yml","localization/russian/gui/DI_l_russian.yml"
"427","06:11:21","pdx_localize.cpp:279","Duplicate localization key. Key 'trait_tyranny_gain_remove_character_desc' is defined in both 'localization/russian/gui/DI_RUS_l_russian.yml' and 'localization/russian/gui/DI_l_russian.yml'.","Expected corrective localization override","Divine Intervention AGOT | Русификатор | Divine Intervention Cheat Menu | Divine Intervention CM [RUS]","localization/russian/gui/DI_RUS_l_russian.yml | localization/russian/gui/DI_l_russian.yml","trait_tyranny_gain_remove_character_desc","localization/russian/gui/DI_RUS_l_russian.yml","localization/russian/gui/DI_l_russian.yml"
"428","06:11:21","pdx_localize.cpp:279","Duplicate localization key. Key 'trait_boost_stats' is defined in both 'localization/russian/gui/DI_RUS_l_russian.yml' and 'localization/russian/gui/DI_l_russian.yml'.","Expected corrective localization override","Divine Intervention AGOT | Русификатор | Divine Intervention Cheat Menu | Divine Intervention CM [RUS]","localization/russian/gui/DI_RUS_l_russian.yml | localization/russian/gui/DI_l_russian.yml","trait_boost_stats","localization/russian/gui/DI_RUS_l_russian.yml","localization/russian/gui/DI_l_russian.yml"
"429","06:11:21","pdx_localize.cpp:279","Duplicate localization key. Key 'trait_boost_stats_desc' is defined in both 'localization/russian/gui/DI_RUS_l_russian.yml' and 'localization/russian/gui/DI_l_russian.yml'.","Expected corrective localization override","Divine Intervention AGOT | Русификатор | Divine Intervention Cheat Menu | Divine Intervention CM [RUS]","localization/russian/gui/DI_RUS_l_russian.yml | localization/russian/gui/DI_l_russian.yml","trait_boost_stats_desc","localization/russian/gui/DI_RUS_l_russian.yml","localization/russian/gui/DI_l_russian.yml"
"430","06:11:21","pdx_localize.cpp:279","Duplicate localization key. Key 'trait_boost_stats_character_desc' is defined in both 'localization/russian/gui/DI_RUS_l_russian.yml' and 'localization/russian/gui/DI_l_russian.yml'.","Expected corrective localization override","Divine Intervention AGOT | Русификатор | Divine Intervention Cheat Menu | Divine Intervention CM [RUS]","localization/russian/gui/DI_RUS_l_russian.yml | localization/russian/gui/DI_l_russian.yml","trait_boost_stats_character_desc","localization/russian/gui/DI_RUS_l_russian.yml","localization/russian/gui/DI_l_russian.yml"
"431","06:11:21","pdx_localize.cpp:279","Duplicate localization key. Key 'trait_100_stat_man' is defined in both 'localization/russian/gui/DI_RUS_l_russian.yml' and 'localization/russian/gui/DI_l_russian.yml'.","Expected corrective localization override","Divine Intervention AGOT | Русификатор | Divine Intervention Cheat Menu | Divine Intervention CM [RUS]","localization/russian/gui/DI_RUS_l_russian.yml | localization/russian/gui/DI_l_russian.yml","trait_100_stat_man","localization/russian/gui/DI_RUS_l_russian.yml","localization/russian/gui/DI_l_russian.yml"
"432","06:11:21","pdx_localize.cpp:279","Duplicate localization key. Key 'trait_100_stat_man_desc' is defined in both 'localization/russian/gui/DI_RUS_l_russian.yml' and 'localization/russian/gui/DI_l_russian.yml'.","Expected corrective localization override","Divine Intervention AGOT | Русификатор | Divine Intervention Cheat Menu | Divine Intervention CM [RUS]","localization/russian/gui/DI_RUS_l_russian.yml | localization/russian/gui/DI_l_russian.yml","trait_100_stat_man_desc","localization/russian/gui/DI_RUS_l_russian.yml","localization/russian/gui/DI_l_russian.yml"
"433","06:11:21","pdx_localize.cpp:279","Duplicate localization key. Key 'trait_100_stat_man_character_desc' is defined in both 'localization/russian/gui/DI_RUS_l_russian.yml' and 'localization/russian/gui/DI_l_russian.yml'.","Expected corrective localization override","Divine Intervention AGOT | Русификатор | Divine Intervention Cheat Menu | Divine Intervention CM [RUS]","localization/russian/gui/DI_RUS_l_russian.yml | localization/russian/gui/DI_l_russian.yml","trait_100_stat_man_character_desc","localization/russian/gui/DI_RUS_l_russian.yml","localization/russian/gui/DI_l_russian.yml"
"434","06:11:21","pdx_localize.cpp:279","Duplicate localization key. Key 'trait_DI_immortal' is defined in both 'localization/russian/gui/DI_RUS_l_russian.yml' and 'localization/russian/gui/DI_l_russian.yml'.","Expected corrective localization override","Divine Intervention AGOT | Русификатор | Divine Intervention Cheat Menu | Divine Intervention CM [RUS]","localization/russian/gui/DI_RUS_l_russian.yml | localization/russian/gui/DI_l_russian.yml","trait_DI_immortal","localization/russian/gui/DI_RUS_l_russian.yml","localization/russian/gui/DI_l_russian.yml"
"435","06:11:21","pdx_localize.cpp:279","Duplicate localization key. Key 'trait_DI_immortal_desc' is defined in both 'localization/russian/gui/DI_RUS_l_russian.yml' and 'localization/russian/gui/DI_l_russian.yml'.","Expected corrective localization override","Divine Intervention AGOT | Русификатор | Divine Intervention Cheat Menu | Divine Intervention CM [RUS]","localization/russian/gui/DI_RUS_l_russian.yml | localization/russian/gui/DI_l_russian.yml","trait_DI_immortal_desc","localization/russian/gui/DI_RUS_l_russian.yml","localization/russian/gui/DI_l_russian.yml"
"436","06:11:21","pdx_localize.cpp:279","Duplicate localization key. Key 'trait_DI_immortal_character_desc' is defined in both 'localization/russian/gui/DI_RUS_l_russian.yml' and 'localization/russian/gui/DI_l_russian.yml'.","Expected corrective localization override","Divine Intervention AGOT | Русификатор | Divine Intervention Cheat Menu | Divine Intervention CM [RUS]","localization/russian/gui/DI_RUS_l_russian.yml | localization/russian/gui/DI_l_russian.yml","trait_DI_immortal_character_desc","localization/russian/gui/DI_RUS_l_russian.yml","localization/russian/gui/DI_l_russian.yml"
"437","06:11:21","pdx_localize.cpp:279","Duplicate localization key. Key 'DI_sexuality' is defined in both 'localization/russian/gui/DI_RUS_l_russian.yml' and 'localization/russian/gui/DI_l_russian.yml'.","Expected corrective localization override","Divine Intervention AGOT | Русификатор | Divine Intervention Cheat Menu | Divine Intervention CM [RUS]","localization/russian/gui/DI_RUS_l_russian.yml | localization/russian/gui/DI_l_russian.yml","DI_sexuality","localization/russian/gui/DI_RUS_l_russian.yml","localization/russian/gui/DI_l_russian.yml"
"438","06:11:21","pdx_localize.cpp:279","Duplicate localization key. Key 'DI_sexuality_ho' is defined in both 'localization/russian/gui/DI_RUS_l_russian.yml' and 'localization/russian/gui/DI_l_russian.yml'.","Expected corrective localization override","Divine Intervention AGOT | Русификатор | Divine Intervention Cheat Menu | Divine Intervention CM [RUS]","localization/russian/gui/DI_RUS_l_russian.yml | localization/russian/gui/DI_l_russian.yml","DI_sexuality_ho","localization/russian/gui/DI_RUS_l_russian.yml","localization/russian/gui/DI_l_russian.yml"
"439","06:11:21","pdx_localize.cpp:279","Duplicate localization key. Key 'DI_sexuality_he' is defined in both 'localization/russian/gui/DI_RUS_l_russian.yml' and 'localization/russian/gui/DI_l_russian.yml'.","Expected corrective localization override","Divine Intervention AGOT | Русификатор | Divine Intervention Cheat Menu | Divine Intervention CM [RUS]","localization/russian/gui/DI_RUS_l_russian.yml | localization/russian/gui/DI_l_russian.yml","DI_sexuality_he","localization/russian/gui/DI_RUS_l_russian.yml","localization/russian/gui/DI_l_russian.yml"
"440","06:11:21","pdx_localize.cpp:279","Duplicate localization key. Key 'DI_sexuality_bi' is defined in both 'localization/russian/gui/DI_RUS_l_russian.yml' and 'localization/russian/gui/DI_l_russian.yml'.","Expected corrective localization override","Divine Intervention AGOT | Русификатор | Divine Intervention Cheat Menu | Divine Intervention CM [RUS]","localization/russian/gui/DI_RUS_l_russian.yml | localization/russian/gui/DI_l_russian.yml","DI_sexuality_bi","localization/russian/gui/DI_RUS_l_russian.yml","localization/russian/gui/DI_l_russian.yml"
"441","06:11:21","pdx_localize.cpp:279","Duplicate localization key. Key 'DI_sexuality_as' is defined in both 'localization/russian/gui/DI_RUS_l_russian.yml' and 'localization/russian/gui/DI_l_russian.yml'.","Expected corrective localization override","Divine Intervention AGOT | Русификатор | Divine Intervention Cheat Menu | Divine Intervention CM [RUS]","localization/russian/gui/DI_RUS_l_russian.yml | localization/russian/gui/DI_l_russian.yml","DI_sexuality_as","localization/russian/gui/DI_RUS_l_russian.yml","localization/russian/gui/DI_l_russian.yml"
"442","06:11:21","pdx_localize.cpp:279","Duplicate localization key. Key 'DI_culture_menu_title' is defined in both 'localization/russian/gui/DI_RUS_l_russian.yml' and 'localization/russian/gui/DI_l_russian.yml'.","Expected corrective localization override","Divine Intervention AGOT | Русификатор | Divine Intervention Cheat Menu | Divine Intervention CM [RUS]","localization/russian/gui/DI_RUS_l_russian.yml | localization/russian/gui/DI_l_russian.yml","DI_culture_menu_title","localization/russian/gui/DI_RUS_l_russian.yml","localization/russian/gui/DI_l_russian.yml"
"443","06:11:21","pdx_localize.cpp:279","Duplicate localization key. Key 'DI_change_to_my_culture' is defined in both 'localization/russian/gui/DI_RUS_l_russian.yml' and 'localization/russian/gui/DI_l_russian.yml'.","Expected corrective localization override","Divine Intervention AGOT | Русификатор | Divine Intervention Cheat Menu | Divine Intervention CM [RUS]","localization/russian/gui/DI_RUS_l_russian.yml | localization/russian/gui/DI_l_russian.yml","DI_change_to_my_culture","localization/russian/gui/DI_RUS_l_russian.yml","localization/russian/gui/DI_l_russian.yml"
"444","06:11:21","pdx_localize.cpp:279","Duplicate localization key. Key 'DI_change_to_my_culture_tt' is defined in both 'localization/russian/gui/DI_RUS_l_russian.yml' and 'localization/russian/gui/DI_l_russian.yml'.","Expected corrective localization override","Divine Intervention AGOT | Русификатор | Divine Intervention Cheat Menu | Divine Intervention CM [RUS]","localization/russian/gui/DI_RUS_l_russian.yml | localization/russian/gui/DI_l_russian.yml","DI_change_to_my_culture_tt","localization/russian/gui/DI_RUS_l_russian.yml","localization/russian/gui/DI_l_russian.yml"
"445","06:11:21","pdx_localize.cpp:279","Duplicate localization key. Key 'DI_change_counties_to_my_culture' is defined in both 'localization/russian/gui/DI_RUS_l_russian.yml' and 'localization/russian/gui/DI_l_russian.yml'.","Expected corrective localization override","Divine Intervention AGOT | Русификатор | Divine Intervention Cheat Menu | Divine Intervention CM [RUS]","localization/russian/gui/DI_RUS_l_russian.yml | localization/russian/gui/DI_l_russian.yml","DI_change_counties_to_my_culture","localization/russian/gui/DI_RUS_l_russian.yml","localization/russian/gui/DI_l_russian.yml"
"446","06:11:21","pdx_localize.cpp:279","Duplicate localization key. Key 'DI_change_counties_to_my_culture_tt' is defined in both 'localization/russian/gui/DI_RUS_l_russian.yml' and 'localization/russian/gui/DI_l_russian.yml'.","Expected corrective localization override","Divine Intervention AGOT | Русификатор | Divine Intervention Cheat Menu | Divine Intervention CM [RUS]","localization/russian/gui/DI_RUS_l_russian.yml | localization/russian/gui/DI_l_russian.yml","DI_change_counties_to_my_culture_tt","localization/russian/gui/DI_RUS_l_russian.yml","localization/russian/gui/DI_l_russian.yml"
"447","06:11:21","pdx_localize.cpp:279","Duplicate localization key. Key 'DI_religion_menu_title' is defined in both 'localization/russian/gui/DI_RUS_l_russian.yml' and 'localization/russian/gui/DI_l_russian.yml'.","Expected corrective localization override","Divine Intervention AGOT | Русификатор | Divine Intervention Cheat Menu | Divine Intervention CM [RUS]","localization/russian/gui/DI_RUS_l_russian.yml | localization/russian/gui/DI_l_russian.yml","DI_religion_menu_title","localization/russian/gui/DI_RUS_l_russian.yml","localization/russian/gui/DI_l_russian.yml"
"448","06:11:21","pdx_localize.cpp:279","Duplicate localization key. Key 'DI_change_to_my_religion' is defined in both 'localization/russian/gui/DI_RUS_l_russian.yml' and 'localization/russian/gui/DI_l_russian.yml'.","Expected corrective localization override","Divine Intervention AGOT | Русификатор | Divine Intervention Cheat Menu | Divine Intervention CM [RUS]","localization/russian/gui/DI_RUS_l_russian.yml | localization/russian/gui/DI_l_russian.yml","DI_change_to_my_religion","localization/russian/gui/DI_RUS_l_russian.yml","localization/russian/gui/DI_l_russian.yml"
"449","06:11:21","pdx_localize.cpp:279","Duplicate localization key. Key 'DI_change_to_my_religion_tt' is defined in both 'localization/russian/gui/DI_RUS_l_russian.yml' and 'localization/russian/gui/DI_l_russian.yml'.","Expected corrective localization override","Divine Intervention AGOT | Русификатор | Divine Intervention Cheat Menu | Divine Intervention CM [RUS]","localization/russian/gui/DI_RUS_l_russian.yml | localization/russian/gui/DI_l_russian.yml","DI_change_to_my_religion_tt","localization/russian/gui/DI_RUS_l_russian.yml","localization/russian/gui/DI_l_russian.yml"
"450","06:11:21","pdx_localize.cpp:279","Duplicate localization key. Key 'DI_change_counties_to_my_religion' is defined in both 'localization/russian/gui/DI_RUS_l_russian.yml' and 'localization/russian/gui/DI_l_russian.yml'.","Expected corrective localization override","Divine Intervention AGOT | Русификатор | Divine Intervention Cheat Menu | Divine Intervention CM [RUS]","localization/russian/gui/DI_RUS_l_russian.yml | localization/russian/gui/DI_l_russian.yml","DI_change_counties_to_my_religion","localization/russian/gui/DI_RUS_l_russian.yml","localization/russian/gui/DI_l_russian.yml"
"451","06:11:21","pdx_localize.cpp:279","Duplicate localization key. Key 'DI_change_counties_to_my_religion_tt' is defined in both 'localization/russian/gui/DI_RUS_l_russian.yml' and 'localization/russian/gui/DI_l_russian.yml'.","Expected corrective localization override","Divine Intervention AGOT | Русификатор | Divine Intervention Cheat Menu | Divine Intervention CM [RUS]","localization/russian/gui/DI_RUS_l_russian.yml | localization/russian/gui/DI_l_russian.yml","DI_change_counties_to_my_religion_tt","localization/russian/gui/DI_RUS_l_russian.yml","localization/russian/gui/DI_l_russian.yml"
"452","06:11:21","pdx_localize.cpp:279","Duplicate localization key. Key 'DI_pinned_characters' is defined in both 'localization/russian/gui/DI_RUS_l_russian.yml' and 'localization/russian/gui/DI_l_russian.yml'.","Expected corrective localization override","Divine Intervention AGOT | Русификатор | Divine Intervention Cheat Menu | Divine Intervention CM [RUS]","localization/russian/gui/DI_RUS_l_russian.yml | localization/russian/gui/DI_l_russian.yml","DI_pinned_characters","localization/russian/gui/DI_RUS_l_russian.yml","localization/russian/gui/DI_l_russian.yml"
"453","06:11:21","pdx_localize.cpp:279","Duplicate localization key. Key 'DI_pinned_characters_no_match' is defined in both 'localization/russian/gui/DI_RUS_l_russian.yml' and 'localization/russian/gui/DI_l_russian.yml'.","Expected corrective localization override","Divine Intervention AGOT | Русификатор | Divine Intervention Cheat Menu | Divine Intervention CM [RUS]","localization/russian/gui/DI_RUS_l_russian.yml | localization/russian/gui/DI_l_russian.yml","DI_pinned_characters_no_match","localization/russian/gui/DI_RUS_l_russian.yml","localization/russian/gui/DI_l_russian.yml"
"454","06:11:21","pdx_localize.cpp:279","Duplicate localization key. Key 'DI_pinned_char_var' is defined in both 'localization/russian/gui/DI_RUS_l_russian.yml' and 'localization/russian/gui/DI_l_russian.yml'.","Expected corrective localization override","Divine Intervention AGOT | Русификатор | Divine Intervention Cheat Menu | Divine Intervention CM [RUS]","localization/russian/gui/DI_RUS_l_russian.yml | localization/russian/gui/DI_l_russian.yml","DI_pinned_char_var","localization/russian/gui/DI_RUS_l_russian.yml","localization/russian/gui/DI_l_russian.yml"
"455","06:11:21","pdx_localize.cpp:279","Duplicate localization key. Key 'DI_pinned_single_view' is defined in both 'localization/russian/gui/DI_RUS_l_russian.yml' and 'localization/russian/gui/DI_l_russian.yml'.","Expected corrective localization override","Divine Intervention AGOT | Русификатор | Divine Intervention Cheat Menu | Divine Intervention CM [RUS]","localization/russian/gui/DI_RUS_l_russian.yml | localization/russian/gui/DI_l_russian.yml","DI_pinned_single_view","localization/russian/gui/DI_RUS_l_russian.yml","localization/russian/gui/DI_l_russian.yml"
"456","06:11:21","pdx_localize.cpp:279","Duplicate localization key. Key 'DI_primary_pinned_character' is defined in both 'localization/russian/gui/DI_RUS_l_russian.yml' and 'localization/russian/gui/DI_l_russian.yml'.","Expected corrective localization override","Divine Intervention AGOT | Русификатор | Divine Intervention Cheat Menu | Divine Intervention CM [RUS]","localization/russian/gui/DI_RUS_l_russian.yml | localization/russian/gui/DI_l_russian.yml","DI_primary_pinned_character","localization/russian/gui/DI_RUS_l_russian.yml","localization/russian/gui/DI_l_russian.yml"
"457","06:11:21","pdx_localize.cpp:279","Duplicate localization key. Key 'DI_increment' is defined in both 'localization/russian/gui/DI_RUS_l_russian.yml' and 'localization/russian/gui/DI_l_russian.yml'.","Expected corrective localization override","Divine Intervention AGOT | Русификатор | Divine Intervention Cheat Menu | Divine Intervention CM [RUS]","localization/russian/gui/DI_RUS_l_russian.yml | localization/russian/gui/DI_l_russian.yml","DI_increment","localization/russian/gui/DI_RUS_l_russian.yml","localization/russian/gui/DI_l_russian.yml"
"458","06:11:21","pdx_localize.cpp:279","Duplicate localization key. Key 'DI_increment_tt' is defined in both 'localization/russian/gui/DI_RUS_l_russian.yml' and 'localization/russian/gui/DI_l_russian.yml'.","Expected corrective localization override","Divine Intervention AGOT | Русификатор | Divine Intervention Cheat Menu | Divine Intervention CM [RUS]","localization/russian/gui/DI_RUS_l_russian.yml | localization/russian/gui/DI_l_russian.yml","DI_increment_tt","localization/russian/gui/DI_RUS_l_russian.yml","localization/russian/gui/DI_l_russian.yml"
"459","06:11:21","pdx_localize.cpp:279","Duplicate localization key. Key 'DI_age' is defined in both 'localization/russian/gui/DI_RUS_l_russian.yml' and 'localization/russian/gui/DI_l_russian.yml'.","Expected corrective localization override","Divine Intervention AGOT | Русификатор | Divine Intervention Cheat Menu | Divine Intervention CM [RUS]","localization/russian/gui/DI_RUS_l_russian.yml | localization/russian/gui/DI_l_russian.yml","DI_age","localization/russian/gui/DI_RUS_l_russian.yml","localization/russian/gui/DI_l_russian.yml"
"460","06:11:21","pdx_localize.cpp:279","Duplicate localization key. Key 'DI_kill_tt' is defined in both 'localization/russian/gui/DI_RUS_l_russian.yml' and 'localization/russian/gui/DI_l_russian.yml'.","Expected corrective localization override","Divine Intervention AGOT | Русификатор | Divine Intervention Cheat Menu | Divine Intervention CM [RUS]","localization/russian/gui/DI_RUS_l_russian.yml | localization/russian/gui/DI_l_russian.yml","DI_kill_tt","localization/russian/gui/DI_RUS_l_russian.yml","localization/russian/gui/DI_l_russian.yml"
"461","06:11:21","pdx_localize.cpp:279","Duplicate localization key. Key 'DI_vassalize_tt' is defined in both 'localization/russian/gui/DI_RUS_l_russian.yml' and 'localization/russian/gui/DI_l_russian.yml'.","Expected corrective localization override","Divine Intervention AGOT | Русификатор | Divine Intervention Cheat Menu | Divine Intervention CM [RUS]","localization/russian/gui/DI_RUS_l_russian.yml | localization/russian/gui/DI_l_russian.yml","DI_vassalize_tt","localization/russian/gui/DI_RUS_l_russian.yml","localization/russian/gui/DI_l_russian.yml"
"462","06:11:21","pdx_localize.cpp:279","Duplicate localization key. Key 'DI_STRESS_TOOLTIP' is defined in both 'localization/russian/gui/DI_RUS_l_russian.yml' and 'localization/russian/gui/DI_l_russian.yml'.","Expected corrective localization override","Divine Intervention AGOT | Русификатор | Divine Intervention Cheat Menu | Divine Intervention CM [RUS]","localization/russian/gui/DI_RUS_l_russian.yml | localization/russian/gui/DI_l_russian.yml","DI_STRESS_TOOLTIP","localization/russian/gui/DI_RUS_l_russian.yml","localization/russian/gui/DI_l_russian.yml"
"463","06:11:21","pdx_localize.cpp:279","Duplicate localization key. Key 'DI_pinned_age' is defined in both 'localization/russian/gui/DI_RUS_l_russian.yml' and 'localization/russian/gui/DI_l_russian.yml'.","Expected corrective localization override","Divine Intervention AGOT | Русификатор | Divine Intervention Cheat Menu | Divine Intervention CM [RUS]","localization/russian/gui/DI_RUS_l_russian.yml | localization/russian/gui/DI_l_russian.yml","DI_pinned_age","localization/russian/gui/DI_RUS_l_russian.yml","localization/russian/gui/DI_l_russian.yml"
"464","06:11:21","pdx_localize.cpp:279","Duplicate localization key. Key 'DI_PC_diplomacy' is defined in both 'localization/russian/gui/DI_RUS_l_russian.yml' and 'localization/russian/gui/DI_l_russian.yml'.","Expected corrective localization override","Divine Intervention AGOT | Русификатор | Divine Intervention Cheat Menu | Divine Intervention CM [RUS]","localization/russian/gui/DI_RUS_l_russian.yml | localization/russian/gui/DI_l_russian.yml","DI_PC_diplomacy","localization/russian/gui/DI_RUS_l_russian.yml","localization/russian/gui/DI_l_russian.yml"
"465","06:11:21","pdx_localize.cpp:279","Duplicate localization key. Key 'DI_PC_martial' is defined in both 'localization/russian/gui/DI_RUS_l_russian.yml' and 'localization/russian/gui/DI_l_russian.yml'.","Expected corrective localization override","Divine Intervention AGOT | Русификатор | Divine Intervention Cheat Menu | Divine Intervention CM [RUS]","localization/russian/gui/DI_RUS_l_russian.yml | localization/russian/gui/DI_l_russian.yml","DI_PC_martial","localization/russian/gui/DI_RUS_l_russian.yml","localization/russian/gui/DI_l_russian.yml"
"466","06:11:21","pdx_localize.cpp:279","Duplicate localization key. Key 'DI_PC_stewardship' is defined in both 'localization/russian/gui/DI_RUS_l_russian.yml' and 'localization/russian/gui/DI_l_russian.yml'.","Expected corrective localization override","Divine Intervention AGOT | Русификатор | Divine Intervention Cheat Menu | Divine Intervention CM [RUS]","localization/russian/gui/DI_RUS_l_russian.yml | localization/russian/gui/DI_l_russian.yml","DI_PC_stewardship","localization/russian/gui/DI_RUS_l_russian.yml","localization/russian/gui/DI_l_russian.yml"
"467","06:11:21","pdx_localize.cpp:279","Duplicate localization key. Key 'DI_PC_intrigue' is defined in both 'localization/russian/gui/DI_RUS_l_russian.yml' and 'localization/russian/gui/DI_l_russian.yml'.","Expected corrective localization override","Divine Intervention AGOT | Русификатор | Divine Intervention Cheat Menu | Divine Intervention CM [RUS]","localization/russian/gui/DI_RUS_l_russian.yml | localization/russian/gui/DI_l_russian.yml","DI_PC_intrigue","localization/russian/gui/DI_RUS_l_russian.yml","localization/russian/gui/DI_l_russian.yml"
"468","06:11:21","pdx_localize.cpp:279","Duplicate localization key. Key 'DI_PC_learning' is defined in both 'localization/russian/gui/DI_RUS_l_russian.yml' and 'localization/russian/gui/DI_l_russian.yml'.","Expected corrective localization override","Divine Intervention AGOT | Русификатор | Divine Intervention Cheat Menu | Divine Intervention CM [RUS]","localization/russian/gui/DI_RUS_l_russian.yml | localization/russian/gui/DI_l_russian.yml","DI_PC_learning","localization/russian/gui/DI_RUS_l_russian.yml","localization/russian/gui/DI_l_russian.yml"
"469","06:11:21","pdx_localize.cpp:279","Duplicate localization key. Key 'DI_PC_prowess' is defined in both 'localization/russian/gui/DI_RUS_l_russian.yml' and 'localization/russian/gui/DI_l_russian.yml'.","Expected corrective localization override","Divine Intervention AGOT | Русификатор | Divine Intervention Cheat Menu | Divine Intervention CM [RUS]","localization/russian/gui/DI_RUS_l_russian.yml | localization/russian/gui/DI_l_russian.yml","DI_PC_prowess","localization/russian/gui/DI_RUS_l_russian.yml","localization/russian/gui/DI_l_russian.yml"
"470","06:11:21","pdx_localize.cpp:279","Duplicate localization key. Key 'DI_PC_gold' is defined in both 'localization/russian/gui/DI_RUS_l_russian.yml' and 'localization/russian/gui/DI_l_russian.yml'.","Expected corrective localization override","Divine Intervention AGOT | Русификатор | Divine Intervention Cheat Menu | Divine Intervention CM [RUS]","localization/russian/gui/DI_RUS_l_russian.yml | localization/russian/gui/DI_l_russian.yml","DI_PC_gold","localization/russian/gui/DI_RUS_l_russian.yml","localization/russian/gui/DI_l_russian.yml"
"471","06:11:21","pdx_localize.cpp:279","Duplicate localization key. Key 'DI_PC_prestige' is defined in both 'localization/russian/gui/DI_RUS_l_russian.yml' and 'localization/russian/gui/DI_l_russian.yml'.","Expected corrective localization override","Divine Intervention AGOT | Русификатор | Divine Intervention Cheat Menu | Divine Intervention CM [RUS]","localization/russian/gui/DI_RUS_l_russian.yml | localization/russian/gui/DI_l_russian.yml","DI_PC_prestige","localization/russian/gui/DI_RUS_l_russian.yml","localization/russian/gui/DI_l_russian.yml"
"472","06:11:21","pdx_localize.cpp:279","Duplicate localization key. Key 'DI_PC_piety' is defined in both 'localization/russian/gui/DI_RUS_l_russian.yml' and 'localization/russian/gui/DI_l_russian.yml'.","Expected corrective localization override","Divine Intervention AGOT | Русификатор | Divine Intervention Cheat Menu | Divine Intervention CM [RUS]","localization/russian/gui/DI_RUS_l_russian.yml | localization/russian/gui/DI_l_russian.yml","DI_PC_piety","localization/russian/gui/DI_RUS_l_russian.yml","localization/russian/gui/DI_l_russian.yml"
"473","06:11:21","pdx_localize.cpp:279","Duplicate localization key. Key 'DI_PC_dprestige' is defined in both 'localization/russian/gui/DI_RUS_l_russian.yml' and 'localization/russian/gui/DI_l_russian.yml'.","Expected corrective localization override","Divine Intervention AGOT | Русификатор | Divine Intervention Cheat Menu | Divine Intervention CM [RUS]","localization/russian/gui/DI_RUS_l_russian.yml | localization/russian/gui/DI_l_russian.yml","DI_PC_dprestige","localization/russian/gui/DI_RUS_l_russian.yml","localization/russian/gui/DI_l_russian.yml"
"474","06:11:21","pdx_localize.cpp:279","Duplicate localization key. Key 'DI_PC_influence' is defined in both 'localization/russian/gui/DI_RUS_l_russian.yml' and 'localization/russian/gui/DI_l_russian.yml'.","Expected corrective localization override","Divine Intervention AGOT | Русификатор | Divine Intervention Cheat Menu | Divine Intervention CM [RUS]","localization/russian/gui/DI_RUS_l_russian.yml | localization/russian/gui/DI_l_russian.yml","DI_PC_influence","localization/russian/gui/DI_RUS_l_russian.yml","localization/russian/gui/DI_l_russian.yml"
"475","06:11:21","pdx_localize.cpp:279","Duplicate localization key. Key 'DI_PC_provisions' is defined in both 'localization/russian/gui/DI_RUS_l_russian.yml' and 'localization/russian/gui/DI_l_russian.yml'.","Expected corrective localization override","Divine Intervention AGOT | Русификатор | Divine Intervention Cheat Menu | Divine Intervention CM [RUS]","localization/russian/gui/DI_RUS_l_russian.yml | localization/russian/gui/DI_l_russian.yml","DI_PC_provisions","localization/russian/gui/DI_RUS_l_russian.yml","localization/russian/gui/DI_l_russian.yml"
"476","06:11:21","pdx_localize.cpp:279","Duplicate localization key. Key 'DI_PC_herd' is defined in both 'localization/russian/gui/DI_RUS_l_russian.yml' and 'localization/russian/gui/DI_l_russian.yml'.","Expected corrective localization override","Divine Intervention AGOT | Русификатор | Divine Intervention Cheat Menu | Divine Intervention CM [RUS]","localization/russian/gui/DI_RUS_l_russian.yml | localization/russian/gui/DI_l_russian.yml","DI_PC_herd","localization/russian/gui/DI_RUS_l_russian.yml","localization/russian/gui/DI_l_russian.yml"
"477","06:11:21","pdx_localize.cpp:279","Duplicate localization key. Key 'DI_PC_barter_goods' is defined in both 'localization/russian/gui/DI_RUS_l_russian.yml' and 'localization/russian/gui/DI_l_russian.yml'.","Expected corrective localization override","Divine Intervention AGOT | Русификатор | Divine Intervention Cheat Menu | Divine Intervention CM [RUS]","localization/russian/gui/DI_RUS_l_russian.yml | localization/russian/gui/DI_l_russian.yml","DI_PC_barter_goods","localization/russian/gui/DI_RUS_l_russian.yml","localization/russian/gui/DI_l_russian.yml"
"478","06:11:21","pdx_localize.cpp:279","Duplicate localization key. Key 'DI_PC_treasury' is defined in both 'localization/russian/gui/DI_RUS_l_russian.yml' and 'localization/russian/gui/DI_l_russian.yml'.","Expected corrective localization override","Divine Intervention AGOT | Русификатор | Divine Intervention Cheat Menu | Divine Intervention CM [RUS]","localization/russian/gui/DI_RUS_l_russian.yml | localization/russian/gui/DI_l_russian.yml","DI_PC_treasury","localization/russian/gui/DI_RUS_l_russian.yml","localization/russian/gui/DI_l_russian.yml"
"479","06:11:21","pdx_localize.cpp:279","Duplicate localization key. Key 'DI_PC_merit_level' is defined in both 'localization/russian/gui/DI_RUS_l_russian.yml' and 'localization/russian/gui/DI_l_russian.yml'.","Expected corrective localization override","Divine Intervention AGOT | Русификатор | Divine Intervention Cheat Menu | Divine Intervention CM [RUS]","localization/russian/gui/DI_RUS_l_russian.yml | localization/russian/gui/DI_l_russian.yml","DI_PC_merit_level","localization/russian/gui/DI_RUS_l_russian.yml","localization/russian/gui/DI_l_russian.yml"
"480","06:11:21","pdx_localize.cpp:279","Duplicate localization key. Key 'DI_apply_skill' is defined in both 'localization/russian/gui/DI_RUS_l_russian.yml' and 'localization/russian/gui/DI_l_russian.yml'.","Expected corrective localization override","Divine Intervention AGOT | Русификатор | Divine Intervention Cheat Menu | Divine Intervention CM [RUS]","localization/russian/gui/DI_RUS_l_russian.yml | localization/russian/gui/DI_l_russian.yml","DI_apply_skill","localization/russian/gui/DI_RUS_l_russian.yml","localization/russian/gui/DI_l_russian.yml"
"481","06:11:21","pdx_localize.cpp:279","Duplicate localization key. Key 'DI_execute_tt' is defined in both 'localization/russian/gui/DI_RUS_l_russian.yml' and 'localization/russian/gui/DI_l_russian.yml'.","Expected corrective localization override","Divine Intervention AGOT | Русификатор | Divine Intervention Cheat Menu | Divine Intervention CM [RUS]","localization/russian/gui/DI_RUS_l_russian.yml | localization/russian/gui/DI_l_russian.yml","DI_execute_tt","localization/russian/gui/DI_RUS_l_russian.yml","localization/russian/gui/DI_l_russian.yml"
"482","06:11:21","pdx_localize.cpp:279","Duplicate localization key. Key 'DI_house_arrest_tt' is defined in both 'localization/russian/gui/DI_RUS_l_russian.yml' and 'localization/russian/gui/DI_l_russian.yml'.","Expected corrective localization override","Divine Intervention AGOT | Русификатор | Divine Intervention Cheat Menu | Divine Intervention CM [RUS]","localization/russian/gui/DI_RUS_l_russian.yml | localization/russian/gui/DI_l_russian.yml","DI_house_arrest_tt","localization/russian/gui/DI_RUS_l_russian.yml","localization/russian/gui/DI_l_russian.yml"
"483","06:11:21","pdx_localize.cpp:279","Duplicate localization key. Key 'DI_imprison_tt' is defined in both 'localization/russian/gui/DI_RUS_l_russian.yml' and 'localization/russian/gui/DI_l_russian.yml'.","Expected corrective localization override","Divine Intervention AGOT | Русификатор | Divine Intervention Cheat Menu | Divine Intervention CM [RUS]","localization/russian/gui/DI_RUS_l_russian.yml | localization/russian/gui/DI_l_russian.yml","DI_imprison_tt","localization/russian/gui/DI_RUS_l_russian.yml","localization/russian/gui/DI_l_russian.yml"
"484","06:11:21","pdx_localize.cpp:279","Duplicate localization key. Key 'DI_pin_living' is defined in both 'localization/russian/gui/DI_RUS_l_russian.yml' and 'localization/russian/gui/DI_l_russian.yml'.","Expected corrective localization override","Divine Intervention AGOT | Русификатор | Divine Intervention Cheat Menu | Divine Intervention CM [RUS]","localization/russian/gui/DI_RUS_l_russian.yml | localization/russian/gui/DI_l_russian.yml","DI_pin_living","localization/russian/gui/DI_RUS_l_russian.yml","localization/russian/gui/DI_l_russian.yml"
"485","06:11:21","pdx_localize.cpp:279","Duplicate localization key. Key 'DI_pin_living_tt' is defined in both 'localization/russian/gui/DI_RUS_l_russian.yml' and 'localization/russian/gui/DI_l_russian.yml'.","Expected corrective localization override","Divine Intervention AGOT | Русификатор | Divine Intervention Cheat Menu | Divine Intervention CM [RUS]","localization/russian/gui/DI_RUS_l_russian.yml | localization/russian/gui/DI_l_russian.yml","DI_pin_living_tt","localization/russian/gui/DI_RUS_l_russian.yml","localization/russian/gui/DI_l_russian.yml"
"486","06:11:21","pdx_localize.cpp:279","Duplicate localization key. Key 'DI_pin_pinned' is defined in both 'localization/russian/gui/DI_RUS_l_russian.yml' and 'localization/russian/gui/DI_l_russian.yml'.","Expected corrective localization override","Divine Intervention AGOT | Русификатор | Divine Intervention Cheat Menu | Divine Intervention CM [RUS]","localization/russian/gui/DI_RUS_l_russian.yml | localization/russian/gui/DI_l_russian.yml","DI_pin_pinned","localization/russian/gui/DI_RUS_l_russian.yml","localization/russian/gui/DI_l_russian.yml"
"487","06:11:21","pdx_localize.cpp:279","Duplicate localization key. Key 'DI_pin_pinned_tt' is defined in both 'localization/russian/gui/DI_RUS_l_russian.yml' and 'localization/russian/gui/DI_l_russian.yml'.","Expected corrective localization override","Divine Intervention AGOT | Русификатор | Divine Intervention Cheat Menu | Divine Intervention CM [RUS]","localization/russian/gui/DI_RUS_l_russian.yml | localization/russian/gui/DI_l_russian.yml","DI_pin_pinned_tt","localization/russian/gui/DI_RUS_l_russian.yml","localization/russian/gui/DI_l_russian.yml"
"488","06:11:21","pdx_localize.cpp:279","Duplicate localization key. Key 'DI_PC_religion_tt' is defined in both 'localization/russian/gui/DI_RUS_l_russian.yml' and 'localization/russian/gui/DI_l_russian.yml'.","Expected corrective localization override","Divine Intervention AGOT | Русификатор | Divine Intervention Cheat Menu | Divine Intervention CM [RUS]","localization/russian/gui/DI_RUS_l_russian.yml | localization/russian/gui/DI_l_russian.yml","DI_PC_religion_tt","localization/russian/gui/DI_RUS_l_russian.yml","localization/russian/gui/DI_l_russian.yml"
"489","06:11:21","pdx_localize.cpp:279","Duplicate localization key. Key 'DI_PC_culture_tt' is defined in both 'localization/russian/gui/DI_RUS_l_russian.yml' and 'localization/russian/gui/DI_l_russian.yml'.","Expected corrective localization override","Divine Intervention AGOT | Русификатор | Divine Intervention Cheat Menu | Divine Intervention CM [RUS]","localization/russian/gui/DI_RUS_l_russian.yml | localization/russian/gui/DI_l_russian.yml","DI_PC_culture_tt","localization/russian/gui/DI_RUS_l_russian.yml","localization/russian/gui/DI_l_russian.yml"
"490","06:11:21","pdx_localize.cpp:279","Duplicate localization key. Key 'DI_PC_title_tt' is defined in both 'localization/russian/gui/DI_RUS_l_russian.yml' and 'localization/russian/gui/DI_l_russian.yml'.","Expected corrective localization override","Divine Intervention AGOT | Русификатор | Divine Intervention Cheat Menu | Divine Intervention CM [RUS]","localization/russian/gui/DI_RUS_l_russian.yml | localization/russian/gui/DI_l_russian.yml","DI_PC_title_tt","localization/russian/gui/DI_RUS_l_russian.yml","localization/russian/gui/DI_l_russian.yml"
"491","06:11:21","pdx_localize.cpp:279","Duplicate localization key. Key 'DI_PC_title_options' is defined in both 'localization/russian/gui/DI_RUS_l_russian.yml' and 'localization/russian/gui/DI_l_russian.yml'.","Expected corrective localization override","Divine Intervention AGOT | Русификатор | Divine Intervention Cheat Menu | Divine Intervention CM [RUS]","localization/russian/gui/DI_RUS_l_russian.yml | localization/russian/gui/DI_l_russian.yml","DI_PC_title_options","localization/russian/gui/DI_RUS_l_russian.yml","localization/russian/gui/DI_l_russian.yml"
"492","06:11:21","pdx_localize.cpp:279","Duplicate localization key. Key 'DI_PC_title_options_tt' is defined in both 'localization/russian/gui/DI_RUS_l_russian.yml' and 'localization/russian/gui/DI_l_russian.yml'.","Expected corrective localization override","Divine Intervention AGOT | Русификатор | Divine Intervention Cheat Menu | Divine Intervention CM [RUS]","localization/russian/gui/DI_RUS_l_russian.yml | localization/russian/gui/DI_l_russian.yml","DI_PC_title_options_tt","localization/russian/gui/DI_RUS_l_russian.yml","localization/russian/gui/DI_l_russian.yml"
"493","06:11:21","pdx_localize.cpp:279","Duplicate localization key. Key 'DI_unpin_tt' is defined in both 'localization/russian/gui/DI_RUS_l_russian.yml' and 'localization/russian/gui/DI_l_russian.yml'.","Expected corrective localization override","Divine Intervention AGOT | Русификатор | Divine Intervention Cheat Menu | Divine Intervention CM [RUS]","localization/russian/gui/DI_RUS_l_russian.yml | localization/russian/gui/DI_l_russian.yml","DI_unpin_tt","localization/russian/gui/DI_RUS_l_russian.yml","localization/russian/gui/DI_l_russian.yml"
"494","06:11:21","pdx_localize.cpp:279","Duplicate localization key. Key 'DI_title_manager' is defined in both 'localization/russian/gui/DI_RUS_l_russian.yml' and 'localization/russian/gui/DI_l_russian.yml'.","Expected corrective localization override","Divine Intervention AGOT | Русификатор | Divine Intervention Cheat Menu | Divine Intervention CM [RUS]","localization/russian/gui/DI_RUS_l_russian.yml | localization/russian/gui/DI_l_russian.yml","DI_title_manager","localization/russian/gui/DI_RUS_l_russian.yml","localization/russian/gui/DI_l_russian.yml"
"495","06:11:21","pdx_localize.cpp:279","Duplicate localization key. Key 'DI_title_manager_tt' is defined in both 'localization/russian/gui/DI_RUS_l_russian.yml' and 'localization/russian/gui/DI_l_russian.yml'.","Expected corrective localization override","Divine Intervention AGOT | Русификатор | Divine Intervention Cheat Menu | Divine Intervention CM [RUS]","localization/russian/gui/DI_RUS_l_russian.yml | localization/russian/gui/DI_l_russian.yml","DI_title_manager_tt","localization/russian/gui/DI_RUS_l_russian.yml","localization/russian/gui/DI_l_russian.yml"
"496","06:11:21","pdx_localize.cpp:279","Duplicate localization key. Key 'DI_tab_filter' is defined in both 'localization/russian/gui/DI_RUS_l_russian.yml' and 'localization/russian/gui/DI_l_russian.yml'.","Expected corrective localization override","Divine Intervention AGOT | Русификатор | Divine Intervention Cheat Menu | Divine Intervention CM [RUS]","localization/russian/gui/DI_RUS_l_russian.yml | localization/russian/gui/DI_l_russian.yml","DI_tab_filter","localization/russian/gui/DI_RUS_l_russian.yml","localization/russian/gui/DI_l_russian.yml"
"497","06:11:21","pdx_localize.cpp:279","Duplicate localization key. Key 'DI_tab_filter_tt' is defined in both 'localization/russian/gui/DI_RUS_l_russian.yml' and 'localization/russian/gui/DI_l_russian.yml'.","Expected corrective localization override","Divine Intervention AGOT | Русификатор | Divine Intervention Cheat Menu | Divine Intervention CM [RUS]","localization/russian/gui/DI_RUS_l_russian.yml | localization/russian/gui/DI_l_russian.yml","DI_tab_filter_tt","localization/russian/gui/DI_RUS_l_russian.yml","localization/russian/gui/DI_l_russian.yml"
"498","06:11:21","pdx_localize.cpp:279","Duplicate localization key. Key 'DI_tab_quick_actions' is defined in both 'localization/russian/gui/DI_RUS_l_russian.yml' and 'localization/russian/gui/DI_l_russian.yml'.","Expected corrective localization override","Divine Intervention AGOT | Русификатор | Divine Intervention Cheat Menu | Divine Intervention CM [RUS]","localization/russian/gui/DI_RUS_l_russian.yml | localization/russian/gui/DI_l_russian.yml","DI_tab_quick_actions","localization/russian/gui/DI_RUS_l_russian.yml","localization/russian/gui/DI_l_russian.yml"
"499","06:11:21","pdx_localize.cpp:279","Duplicate localization key. Key 'DI_tab_quick_actions_tt' is defined in both 'localization/russian/gui/DI_RUS_l_russian.yml' and 'localization/russian/gui/DI_l_russian.yml'.","Expected corrective localization override","Divine Intervention AGOT | Русификатор | Divine Intervention Cheat Menu | Divine Intervention CM [RUS]","localization/russian/gui/DI_RUS_l_russian.yml | localization/russian/gui/DI_l_russian.yml","DI_tab_quick_actions_tt","localization/russian/gui/DI_RUS_l_russian.yml","localization/russian/gui/DI_l_russian.yml"
"500","06:11:21","pdx_localize.cpp:279","Duplicate localization key. Key 'DI_tab_conversion' is defined in both 'localization/russian/gui/DI_RUS_l_russian.yml' and 'localization/russian/gui/DI_l_russian.yml'.","Expected corrective localization override","Divine Intervention AGOT | Русификатор | Divine Intervention Cheat Menu | Divine Intervention CM [RUS]","localization/russian/gui/DI_RUS_l_russian.yml | localization/russian/gui/DI_l_russian.yml","DI_tab_conversion","localization/russian/gui/DI_RUS_l_russian.yml","localization/russian/gui/DI_l_russian.yml"
"501","06:11:21","pdx_localize.cpp:279","Duplicate localization key. Key 'DI_tab_conversion_tt' is defined in both 'localization/russian/gui/DI_RUS_l_russian.yml' and 'localization/russian/gui/DI_l_russian.yml'.","Expected corrective localization override","Divine Intervention AGOT | Русификатор | Divine Intervention Cheat Menu | Divine Intervention CM [RUS]","localization/russian/gui/DI_RUS_l_russian.yml | localization/russian/gui/DI_l_russian.yml","DI_tab_conversion_tt","localization/russian/gui/DI_RUS_l_russian.yml","localization/russian/gui/DI_l_russian.yml"
"502","06:11:21","pdx_localize.cpp:279","Duplicate localization key. Key 'DI_tab_province_management' is defined in both 'localization/russian/gui/DI_RUS_l_russian.yml' and 'localization/russian/gui/DI_l_russian.yml'.","Expected corrective localization override","Divine Intervention AGOT | Русификатор | Divine Intervention Cheat Menu | Divine Intervention CM [RUS]","localization/russian/gui/DI_RUS_l_russian.yml | localization/russian/gui/DI_l_russian.yml","DI_tab_province_management","localization/russian/gui/DI_RUS_l_russian.yml","localization/russian/gui/DI_l_russian.yml"
"503","06:11:21","pdx_localize.cpp:279","Duplicate localization key. Key 'DI_tab_province_management_tt' is defined in both 'localization/russian/gui/DI_RUS_l_russian.yml' and 'localization/russian/gui/DI_l_russian.yml'.","Expected corrective localization override","Divine Intervention AGOT | Русификатор | Divine Intervention Cheat Menu | Divine Intervention CM [RUS]","localization/russian/gui/DI_RUS_l_russian.yml | localization/russian/gui/DI_l_russian.yml","DI_tab_province_management_tt","localization/russian/gui/DI_RUS_l_russian.yml","localization/russian/gui/DI_l_russian.yml"
"504","06:11:21","pdx_localize.cpp:279","Duplicate localization key. Key 'DI_toggle_all_pinned_titles' is defined in both 'localization/russian/gui/DI_RUS_l_russian.yml' and 'localization/russian/gui/DI_l_russian.yml'.","Expected corrective localization override","Divine Intervention AGOT | Русификатор | Divine Intervention Cheat Menu | Divine Intervention CM [RUS]","localization/russian/gui/DI_RUS_l_russian.yml | localization/russian/gui/DI_l_russian.yml","DI_toggle_all_pinned_titles","localization/russian/gui/DI_RUS_l_russian.yml","localization/russian/gui/DI_l_russian.yml"
"505","06:11:21","pdx_localize.cpp:279","Duplicate localization key. Key 'DI_toggle_all_pinned_titles_tt' is defined in both 'localization/russian/gui/DI_RUS_l_russian.yml' and 'localization/russian/gui/DI_l_russian.yml'.","Expected corrective localization override","Divine Intervention AGOT | Русификатор | Divine Intervention Cheat Menu | Divine Intervention CM [RUS]","localization/russian/gui/DI_RUS_l_russian.yml | localization/russian/gui/DI_l_russian.yml","DI_toggle_all_pinned_titles_tt","localization/russian/gui/DI_RUS_l_russian.yml","localization/russian/gui/DI_l_russian.yml"
"506","06:11:21","pdx_localize.cpp:279","Duplicate localization key. Key 'DI_clear_all_pinned_titles' is defined in both 'localization/russian/gui/DI_RUS_l_russian.yml' and 'localization/russian/gui/DI_l_russian.yml'.","Expected corrective localization override","Divine Intervention AGOT | Русификатор | Divine Intervention Cheat Menu | Divine Intervention CM [RUS]","localization/russian/gui/DI_RUS_l_russian.yml | localization/russian/gui/DI_l_russian.yml","DI_clear_all_pinned_titles","localization/russian/gui/DI_RUS_l_russian.yml","localization/russian/gui/DI_l_russian.yml"
"507","06:11:21","pdx_localize.cpp:279","Duplicate localization key. Key 'DI_unpin_selected_titles' is defined in both 'localization/russian/gui/DI_RUS_l_russian.yml' and 'localization/russian/gui/DI_l_russian.yml'.","Expected corrective localization override","Divine Intervention AGOT | Русификатор | Divine Intervention Cheat Menu | Divine Intervention CM [RUS]","localization/russian/gui/DI_RUS_l_russian.yml | localization/russian/gui/DI_l_russian.yml","DI_unpin_selected_titles","localization/russian/gui/DI_RUS_l_russian.yml","localization/russian/gui/DI_l_russian.yml"
"508","06:11:21","pdx_localize.cpp:279","Duplicate localization key. Key 'DI_pinned_characters_titles' is defined in both 'localization/russian/gui/DI_RUS_l_russian.yml' and 'localization/russian/gui/DI_l_russian.yml'.","Expected corrective localization override","Divine Intervention AGOT | Русификатор | Divine Intervention Cheat Menu | Divine Intervention CM [RUS]","localization/russian/gui/DI_RUS_l_russian.yml | localization/russian/gui/DI_l_russian.yml","DI_pinned_characters_titles","localization/russian/gui/DI_RUS_l_russian.yml","localization/russian/gui/DI_l_russian.yml"
"509","06:11:21","pdx_localize.cpp:279","Duplicate localization key. Key 'DI_sort_by_rank' is defined in both 'localization/russian/gui/DI_RUS_l_russian.yml' and 'localization/russian/gui/DI_l_russian.yml'.","Expected corrective localization override","Divine Intervention AGOT | Русификатор | Divine Intervention Cheat Menu | Divine Intervention CM [RUS]","localization/russian/gui/DI_RUS_l_russian.yml | localization/russian/gui/DI_l_russian.yml","DI_sort_by_rank","localization/russian/gui/DI_RUS_l_russian.yml","localization/russian/gui/DI_l_russian.yml"
"510","06:11:21","pdx_localize.cpp:279","Duplicate localization key. Key 'DI_select_empires' is defined in both 'localization/russian/gui/DI_RUS_l_russian.yml' and 'localization/russian/gui/DI_l_russian.yml'.","Expected corrective localization override","Divine Intervention AGOT | Русификатор | Divine Intervention Cheat Menu | Divine Intervention CM [RUS]","localization/russian/gui/DI_RUS_l_russian.yml | localization/russian/gui/DI_l_russian.yml","DI_select_empires","localization/russian/gui/DI_RUS_l_russian.yml","localization/russian/gui/DI_l_russian.yml"
"511","06:11:21","pdx_localize.cpp:279","Duplicate localization key. Key 'DI_select_empires_tt' is defined in both 'localization/russian/gui/DI_RUS_l_russian.yml' and 'localization/russian/gui/DI_l_russian.yml'.","Expected corrective localization override","Divine Intervention AGOT | Русификатор | Divine Intervention Cheat Menu | Divine Intervention CM [RUS]","localization/russian/gui/DI_RUS_l_russian.yml | localization/russian/gui/DI_l_russian.yml","DI_select_empires_tt","localization/russian/gui/DI_RUS_l_russian.yml","localization/russian/gui/DI_l_russian.yml"
"512","06:11:21","pdx_localize.cpp:279","Duplicate localization key. Key 'DI_select_kingdoms' is defined in both 'localization/russian/gui/DI_RUS_l_russian.yml' and 'localization/russian/gui/DI_l_russian.yml'.","Expected corrective localization override","Divine Intervention AGOT | Русификатор | Divine Intervention Cheat Menu | Divine Intervention CM [RUS]","localization/russian/gui/DI_RUS_l_russian.yml | localization/russian/gui/DI_l_russian.yml","DI_select_kingdoms","localization/russian/gui/DI_RUS_l_russian.yml","localization/russian/gui/DI_l_russian.yml"
"513","06:11:21","pdx_localize.cpp:279","Duplicate localization key. Key 'DI_select_kingdoms_tt' is defined in both 'localization/russian/gui/DI_RUS_l_russian.yml' and 'localization/russian/gui/DI_l_russian.yml'.","Expected corrective localization override","Divine Intervention AGOT | Русификатор | Divine Intervention Cheat Menu | Divine Intervention CM [RUS]","localization/russian/gui/DI_RUS_l_russian.yml | localization/russian/gui/DI_l_russian.yml","DI_select_kingdoms_tt","localization/russian/gui/DI_RUS_l_russian.yml","localization/russian/gui/DI_l_russian.yml"
"514","06:11:21","pdx_localize.cpp:279","Duplicate localization key. Key 'DI_select_duchies' is defined in both 'localization/russian/gui/DI_RUS_l_russian.yml' and 'localization/russian/gui/DI_l_russian.yml'.","Expected corrective localization override","Divine Intervention AGOT | Русификатор | Divine Intervention Cheat Menu | Divine Intervention CM [RUS]","localization/russian/gui/DI_RUS_l_russian.yml | localization/russian/gui/DI_l_russian.yml","DI_select_duchies","localization/russian/gui/DI_RUS_l_russian.yml","localization/russian/gui/DI_l_russian.yml"
"515","06:11:21","pdx_localize.cpp:279","Duplicate localization key. Key 'DI_select_duchies_tt' is defined in both 'localization/russian/gui/DI_RUS_l_russian.yml' and 'localization/russian/gui/DI_l_russian.yml'.","Expected corrective localization override","Divine Intervention AGOT | Русификатор | Divine Intervention Cheat Menu | Divine Intervention CM [RUS]","localization/russian/gui/DI_RUS_l_russian.yml | localization/russian/gui/DI_l_russian.yml","DI_select_duchies_tt","localization/russian/gui/DI_RUS_l_russian.yml","localization/russian/gui/DI_l_russian.yml"
"516","06:11:21","pdx_localize.cpp:279","Duplicate localization key. Key 'DI_select_counties' is defined in both 'localization/russian/gui/DI_RUS_l_russian.yml' and 'localization/russian/gui/DI_l_russian.yml'.","Expected corrective localization override","Divine Intervention AGOT | Русификатор | Divine Intervention Cheat Menu | Divine Intervention CM [RUS]","localization/russian/gui/DI_RUS_l_russian.yml | localization/russian/gui/DI_l_russian.yml","DI_select_counties","localization/russian/gui/DI_RUS_l_russian.yml","localization/russian/gui/DI_l_russian.yml"
"517","06:11:21","pdx_localize.cpp:279","Duplicate localization key. Key 'DI_select_counties_tt' is defined in both 'localization/russian/gui/DI_RUS_l_russian.yml' and 'localization/russian/gui/DI_l_russian.yml'.","Expected corrective localization override","Divine Intervention AGOT | Русификатор | Divine Intervention Cheat Menu | Divine Intervention CM [RUS]","localization/russian/gui/DI_RUS_l_russian.yml | localization/russian/gui/DI_l_russian.yml","DI_select_counties_tt","localization/russian/gui/DI_RUS_l_russian.yml","localization/russian/gui/DI_l_russian.yml"
"518","06:11:21","pdx_localize.cpp:279","Duplicate localization key. Key 'DI_claim_titles' is defined in both 'localization/russian/gui/DI_RUS_l_russian.yml' and 'localization/russian/gui/DI_l_russian.yml'.","Expected corrective localization override","Divine Intervention AGOT | Русификатор | Divine Intervention Cheat Menu | Divine Intervention CM [RUS]","localization/russian/gui/DI_RUS_l_russian.yml | localization/russian/gui/DI_l_russian.yml","DI_claim_titles","localization/russian/gui/DI_RUS_l_russian.yml","localization/russian/gui/DI_l_russian.yml"
"519","06:11:21","pdx_localize.cpp:279","Duplicate localization key. Key 'DI_take_titles' is defined in both 'localization/russian/gui/DI_RUS_l_russian.yml' and 'localization/russian/gui/DI_l_russian.yml'.","Expected corrective localization override","Divine Intervention AGOT | Русификатор | Divine Intervention Cheat Menu | Divine Intervention CM [RUS]","localization/russian/gui/DI_RUS_l_russian.yml | localization/russian/gui/DI_l_russian.yml","DI_take_titles","localization/russian/gui/DI_RUS_l_russian.yml","localization/russian/gui/DI_l_russian.yml"
"520","06:11:21","pdx_localize.cpp:279","Duplicate localization key. Key 'DI_destroy_titles' is defined in both 'localization/russian/gui/DI_RUS_l_russian.yml' and 'localization/russian/gui/DI_l_russian.yml'.","Expected corrective localization override","Divine Intervention AGOT | Русификатор | Divine Intervention Cheat Menu | Divine Intervention CM [RUS]","localization/russian/gui/DI_RUS_l_russian.yml | localization/russian/gui/DI_l_russian.yml","DI_destroy_titles","localization/russian/gui/DI_RUS_l_russian.yml","localization/russian/gui/DI_l_russian.yml"
"521","06:11:21","pdx_localize.cpp:279","Duplicate localization key. Key 'DI_convert_religion' is defined in both 'localization/russian/gui/DI_RUS_l_russian.yml' and 'localization/russian/gui/DI_l_russian.yml'.","Expected corrective localization override","Divine Intervention AGOT | Русификатор | Divine Intervention Cheat Menu | Divine Intervention CM [RUS]","localization/russian/gui/DI_RUS_l_russian.yml | localization/russian/gui/DI_l_russian.yml","DI_convert_religion","localization/russian/gui/DI_RUS_l_russian.yml","localization/russian/gui/DI_l_russian.yml"
"522","06:11:21","pdx_localize.cpp:279","Duplicate localization key. Key 'DI_convert_culture' is defined in both 'localization/russian/gui/DI_RUS_l_russian.yml' and 'localization/russian/gui/DI_l_russian.yml'.","Expected corrective localization override","Divine Intervention AGOT | Русификатор | Divine Intervention Cheat Menu | Divine Intervention CM [RUS]","localization/russian/gui/DI_RUS_l_russian.yml | localization/russian/gui/DI_l_russian.yml","DI_convert_culture","localization/russian/gui/DI_RUS_l_russian.yml","localization/russian/gui/DI_l_russian.yml"
"523","06:11:21","pdx_localize.cpp:279","Duplicate localization key. Key 'DI_convert_dejure' is defined in both 'localization/russian/gui/DI_RUS_l_russian.yml' and 'localization/russian/gui/DI_l_russian.yml'.","Expected corrective localization override","Divine Intervention AGOT | Русификатор | Divine Intervention Cheat Menu | Divine Intervention CM [RUS]","localization/russian/gui/DI_RUS_l_russian.yml | localization/russian/gui/DI_l_russian.yml","DI_convert_dejure","localization/russian/gui/DI_RUS_l_russian.yml","localization/russian/gui/DI_l_russian.yml"
"524","06:11:21","pdx_localize.cpp:279","Duplicate localization key. Key 'DI_remove_holding' is defined in both 'localization/russian/gui/DI_RUS_l_russian.yml' and 'localization/russian/gui/DI_l_russian.yml'.","Expected corrective localization override","Divine Intervention AGOT | Русификатор | Divine Intervention Cheat Menu | Divine Intervention CM [RUS]","localization/russian/gui/DI_RUS_l_russian.yml | localization/russian/gui/DI_l_russian.yml","DI_remove_holding","localization/russian/gui/DI_RUS_l_russian.yml","localization/russian/gui/DI_l_russian.yml"
"525","06:11:21","pdx_localize.cpp:279","Duplicate localization key. Key 'DI_remove_holding_tt' is defined in both 'localization/russian/gui/DI_RUS_l_russian.yml' and 'localization/russian/gui/DI_l_russian.yml'.","Expected corrective localization override","Divine Intervention AGOT | Русификатор | Divine Intervention Cheat Menu | Divine Intervention CM [RUS]","localization/russian/gui/DI_RUS_l_russian.yml | localization/russian/gui/DI_l_russian.yml","DI_remove_holding_tt","localization/russian/gui/DI_RUS_l_russian.yml","localization/russian/gui/DI_l_russian.yml"
"526","06:11:21","pdx_localize.cpp:279","Duplicate localization key. Key 'DI_add_building_slot' is defined in both 'localization/russian/gui/DI_RUS_l_russian.yml' and 'localization/russian/gui/DI_l_russian.yml'.","Expected corrective localization override","Divine Intervention AGOT | Русификатор | Divine Intervention Cheat Menu | Divine Intervention CM [RUS]","localization/russian/gui/DI_RUS_l_russian.yml | localization/russian/gui/DI_l_russian.yml","DI_add_building_slot","localization/russian/gui/DI_RUS_l_russian.yml","localization/russian/gui/DI_l_russian.yml"
"527","06:11:21","pdx_localize.cpp:279","Duplicate localization key. Key 'DI_add_building_slot_tt' is defined in both 'localization/russian/gui/DI_RUS_l_russian.yml' and 'localization/russian/gui/DI_l_russian.yml'.","Expected corrective localization override","Divine Intervention AGOT | Русификатор | Divine Intervention Cheat Menu | Divine Intervention CM [RUS]","localization/russian/gui/DI_RUS_l_russian.yml | localization/russian/gui/DI_l_russian.yml","DI_add_building_slot_tt","localization/russian/gui/DI_RUS_l_russian.yml","localization/russian/gui/DI_l_russian.yml"
"528","06:11:21","pdx_localize.cpp:279","Duplicate localization key. Key 'DI_set_holding_type' is defined in both 'localization/russian/gui/DI_RUS_l_russian.yml' and 'localization/russian/gui/DI_l_russian.yml'.","Expected corrective localization override","Divine Intervention AGOT | Русификатор | Divine Intervention Cheat Menu | Divine Intervention CM [RUS]","localization/russian/gui/DI_RUS_l_russian.yml | localization/russian/gui/DI_l_russian.yml","DI_set_holding_type","localization/russian/gui/DI_RUS_l_russian.yml","localization/russian/gui/DI_l_russian.yml"
"529","06:11:21","pdx_localize.cpp:279","Duplicate localization key. Key 'DI_set_holding_type_tt' is defined in both 'localization/russian/gui/DI_RUS_l_russian.yml' and 'localization/russian/gui/DI_l_russian.yml'.","Expected corrective localization override","Divine Intervention AGOT | Русификатор | Divine Intervention Cheat Menu | Divine Intervention CM [RUS]","localization/russian/gui/DI_RUS_l_russian.yml | localization/russian/gui/DI_l_russian.yml","DI_set_holding_type_tt","localization/russian/gui/DI_RUS_l_russian.yml","localization/russian/gui/DI_l_russian.yml"
"530","06:11:21","pdx_localize.cpp:279","Duplicate localization key. Key 'DI_remove_buildings' is defined in both 'localization/russian/gui/DI_RUS_l_russian.yml' and 'localization/russian/gui/DI_l_russian.yml'.","Expected corrective localization override","Divine Intervention AGOT | Русификатор | Divine Intervention Cheat Menu | Divine Intervention CM [RUS]","localization/russian/gui/DI_RUS_l_russian.yml | localization/russian/gui/DI_l_russian.yml","DI_remove_buildings","localization/russian/gui/DI_RUS_l_russian.yml","localization/russian/gui/DI_l_russian.yml"
"531","06:11:21","pdx_localize.cpp:279","Duplicate localization key. Key 'DI_max_building_upgrades' is defined in both 'localization/russian/gui/DI_RUS_l_russian.yml' and 'localization/russian/gui/DI_l_russian.yml'.","Expected corrective localization override","Divine Intervention AGOT | Русификатор | Divine Intervention Cheat Menu | Divine Intervention CM [RUS]","localization/russian/gui/DI_RUS_l_russian.yml | localization/russian/gui/DI_l_russian.yml","DI_max_building_upgrades","localization/russian/gui/DI_RUS_l_russian.yml","localization/russian/gui/DI_l_russian.yml"
"532","06:11:21","pdx_localize.cpp:279","Duplicate localization key. Key 'DI_generate_buildings' is defined in both 'localization/russian/gui/DI_RUS_l_russian.yml' and 'localization/russian/gui/DI_l_russian.yml'.","Expected corrective localization override","Divine Intervention AGOT | Русификатор | Divine Intervention Cheat Menu | Divine Intervention CM [RUS]","localization/russian/gui/DI_RUS_l_russian.yml | localization/russian/gui/DI_l_russian.yml","DI_generate_buildings","localization/russian/gui/DI_RUS_l_russian.yml","localization/russian/gui/DI_l_russian.yml"
"533","06:11:21","pdx_localize.cpp:279","Duplicate localization key. Key 'DI_construct_building' is defined in both 'localization/russian/gui/DI_RUS_l_russian.yml' and 'localization/russian/gui/DI_l_russian.yml'.","Expected corrective localization override","Divine Intervention AGOT | Русификатор | Divine Intervention Cheat Menu | Divine Intervention CM [RUS]","localization/russian/gui/DI_RUS_l_russian.yml | localization/russian/gui/DI_l_russian.yml","DI_construct_building","localization/russian/gui/DI_RUS_l_russian.yml","localization/russian/gui/DI_l_russian.yml"
"534","06:11:21","pdx_localize.cpp:279","Duplicate localization key. Key 'DI_select_holding_type' is defined in both 'localization/russian/gui/DI_RUS_l_russian.yml' and 'localization/russian/gui/DI_l_russian.yml'.","Expected corrective localization override","Divine Intervention AGOT | Русификатор | Divine Intervention Cheat Menu | Divine Intervention CM [RUS]","localization/russian/gui/DI_RUS_l_russian.yml | localization/russian/gui/DI_l_russian.yml","DI_select_holding_type","localization/russian/gui/DI_RUS_l_russian.yml","localization/russian/gui/DI_l_russian.yml"
"535","06:11:21","pdx_localize.cpp:279","Duplicate localization key. Key 'DI_already_county_capital_tt' is defined in both 'localization/russian/gui/DI_RUS_l_russian.yml' and 'localization/russian/gui/DI_l_russian.yml'.","Expected corrective localization override","Divine Intervention AGOT | Русификатор | Divine Intervention Cheat Menu | Divine Intervention CM [RUS]","localization/russian/gui/DI_RUS_l_russian.yml | localization/russian/gui/DI_l_russian.yml","DI_already_county_capital_tt","localization/russian/gui/DI_RUS_l_russian.yml","localization/russian/gui/DI_l_russian.yml"
"536","06:11:21","pdx_localize.cpp:279","Duplicate localization key. Key 'DI_make_county_capital_tt' is defined in both 'localization/russian/gui/DI_RUS_l_russian.yml' and 'localization/russian/gui/DI_l_russian.yml'.","Expected corrective localization override","Divine Intervention AGOT | Русификатор | Divine Intervention Cheat Menu | Divine Intervention CM [RUS]","localization/russian/gui/DI_RUS_l_russian.yml | localization/russian/gui/DI_l_russian.yml","DI_make_county_capital_tt","localization/russian/gui/DI_RUS_l_russian.yml","localization/russian/gui/DI_l_russian.yml"
"537","06:11:21","pdx_localize.cpp:279","Duplicate localization key. Key 'DI_selected_over_pinned_tt' is defined in both 'localization/russian/gui/DI_RUS_l_russian.yml' and 'localization/russian/gui/DI_l_russian.yml'.","Expected corrective localization override","Divine Intervention AGOT | Русификатор | Divine Intervention Cheat Menu | Divine Intervention CM [RUS]","localization/russian/gui/DI_RUS_l_russian.yml | localization/russian/gui/DI_l_russian.yml","DI_selected_over_pinned_tt","localization/russian/gui/DI_RUS_l_russian.yml","localization/russian/gui/DI_l_russian.yml"
"538","06:11:21","pdx_localize.cpp:279","Duplicate localization key. Key 'DI_pinned_over_pinned_tt' is defined in both 'localization/russian/gui/DI_RUS_l_russian.yml' and 'localization/russian/gui/DI_l_russian.yml'.","Expected corrective localization override","Divine Intervention AGOT | Русификатор | Divine Intervention Cheat Menu | Divine Intervention CM [RUS]","localization/russian/gui/DI_RUS_l_russian.yml | localization/russian/gui/DI_l_russian.yml","DI_pinned_over_pinned_tt","localization/russian/gui/DI_RUS_l_russian.yml","localization/russian/gui/DI_l_russian.yml"
"539","06:11:21","pdx_localize.cpp:279","Duplicate localization key. Key 'DI_create_dejure_liege_title' is defined in both 'localization/russian/gui/DI_RUS_l_russian.yml' and 'localization/russian/gui/DI_l_russian.yml'.","Expected corrective localization override","Divine Intervention AGOT | Русификатор | Divine Intervention Cheat Menu | Divine Intervention CM [RUS]","localization/russian/gui/DI_RUS_l_russian.yml | localization/russian/gui/DI_l_russian.yml","DI_create_dejure_liege_title","localization/russian/gui/DI_RUS_l_russian.yml","localization/russian/gui/DI_l_russian.yml"
"540","06:11:21","pdx_localize.cpp:279","Duplicate localization key. Key 'DI_create_dejure_liege_title_tt' is defined in both 'localization/russian/gui/DI_RUS_l_russian.yml' and 'localization/russian/gui/DI_l_russian.yml'.","Expected corrective localization override","Divine Intervention AGOT | Русификатор | Divine Intervention Cheat Menu | Divine Intervention CM [RUS]","localization/russian/gui/DI_RUS_l_russian.yml | localization/russian/gui/DI_l_russian.yml","DI_create_dejure_liege_title_tt","localization/russian/gui/DI_RUS_l_russian.yml","localization/russian/gui/DI_l_russian.yml"
"541","06:11:21","pdx_localize.cpp:279","Duplicate localization key. Key 'DI_create_dejure_vassal_titles' is defined in both 'localization/russian/gui/DI_RUS_l_russian.yml' and 'localization/russian/gui/DI_l_russian.yml'.","Expected corrective localization override","Divine Intervention AGOT | Русификатор | Divine Intervention Cheat Menu | Divine Intervention CM [RUS]","localization/russian/gui/DI_RUS_l_russian.yml | localization/russian/gui/DI_l_russian.yml","DI_create_dejure_vassal_titles","localization/russian/gui/DI_RUS_l_russian.yml","localization/russian/gui/DI_l_russian.yml"
"542","06:11:21","pdx_localize.cpp:279","Duplicate localization key. Key 'DI_create_dejure_vassal_titles_tt' is defined in both 'localization/russian/gui/DI_RUS_l_russian.yml' and 'localization/russian/gui/DI_l_russian.yml'.","Expected corrective localization override","Divine Intervention AGOT | Русификатор | Divine Intervention Cheat Menu | Divine Intervention CM [RUS]","localization/russian/gui/DI_RUS_l_russian.yml | localization/russian/gui/DI_l_russian.yml","DI_create_dejure_vassal_titles_tt","localization/russian/gui/DI_RUS_l_russian.yml","localization/russian/gui/DI_l_russian.yml"
"543","06:11:21","pdx_localize.cpp:279","Duplicate localization key. Key 'DI_create_entire_dejure_tree' is defined in both 'localization/russian/gui/DI_RUS_l_russian.yml' and 'localization/russian/gui/DI_l_russian.yml'.","Expected corrective localization override","Divine Intervention AGOT | Русификатор | Divine Intervention Cheat Menu | Divine Intervention CM [RUS]","localization/russian/gui/DI_RUS_l_russian.yml | localization/russian/gui/DI_l_russian.yml","DI_create_entire_dejure_tree","localization/russian/gui/DI_RUS_l_russian.yml","localization/russian/gui/DI_l_russian.yml"
"544","06:11:21","pdx_localize.cpp:279","Duplicate localization key. Key 'DI_create_entire_dejure_tree_tt' is defined in both 'localization/russian/gui/DI_RUS_l_russian.yml' and 'localization/russian/gui/DI_l_russian.yml'.","Expected corrective localization override","Divine Intervention AGOT | Русификатор | Divine Intervention Cheat Menu | Divine Intervention CM [RUS]","localization/russian/gui/DI_RUS_l_russian.yml | localization/russian/gui/DI_l_russian.yml","DI_create_entire_dejure_tree_tt","localization/russian/gui/DI_RUS_l_russian.yml","localization/russian/gui/DI_l_russian.yml"
"545","06:11:21","pdx_localize.cpp:279","Duplicate localization key. Key 'game_concept_tribe_holding' is defined in both 'localization/russian/gui/DI_RUS_l_russian.yml' and 'localization/russian/gui/DI_l_russian.yml'.","Expected corrective localization override","Divine Intervention AGOT | Русификатор | Divine Intervention Cheat Menu | Divine Intervention CM [RUS]","localization/russian/gui/DI_RUS_l_russian.yml | localization/russian/gui/DI_l_russian.yml","game_concept_tribe_holding","localization/russian/gui/DI_RUS_l_russian.yml","localization/russian/gui/DI_l_russian.yml"
"546","06:11:21","pdx_localize.cpp:279","Duplicate localization key. Key 'DI_dejure_title' is defined in both 'localization/russian/gui/DI_RUS_l_russian.yml' and 'localization/russian/gui/DI_l_russian.yml'.","Expected corrective localization override","Divine Intervention AGOT | Русификатор | Divine Intervention Cheat Menu | Divine Intervention CM [RUS]","localization/russian/gui/DI_RUS_l_russian.yml | localization/russian/gui/DI_l_russian.yml","DI_dejure_title","localization/russian/gui/DI_RUS_l_russian.yml","localization/russian/gui/DI_l_russian.yml"
"547","06:11:21","pdx_localize.cpp:279","Duplicate localization key. Key 'DI_event_manager_title' is defined in both 'localization/russian/gui/DI_RUS_l_russian.yml' and 'localization/russian/gui/DI_l_russian.yml'.","Expected corrective localization override","Divine Intervention AGOT | Русификатор | Divine Intervention Cheat Menu | Divine Intervention CM [RUS]","localization/russian/gui/DI_RUS_l_russian.yml | localization/russian/gui/DI_l_russian.yml","DI_event_manager_title","localization/russian/gui/DI_RUS_l_russian.yml","localization/russian/gui/DI_l_russian.yml"
"548","06:11:21","pdx_localize.cpp:279","Duplicate localization key. Key 'DI_event_manager_tt' is defined in both 'localization/russian/gui/DI_RUS_l_russian.yml' and 'localization/russian/gui/DI_l_russian.yml'.","Expected corrective localization override","Divine Intervention AGOT | Русификатор | Divine Intervention Cheat Menu | Divine Intervention CM [RUS]","localization/russian/gui/DI_RUS_l_russian.yml | localization/russian/gui/DI_l_russian.yml","DI_event_manager_tt","localization/russian/gui/DI_RUS_l_russian.yml","localization/russian/gui/DI_l_russian.yml"
"549","06:11:21","pdx_localize.cpp:279","Duplicate localization key. Key 'DI_em_example_event' is defined in both 'localization/russian/gui/DI_RUS_l_russian.yml' and 'localization/russian/gui/DI_l_russian.yml'.","Expected corrective localization override","Divine Intervention AGOT | Русификатор | Divine Intervention Cheat Menu | Divine Intervention CM [RUS]","localization/russian/gui/DI_RUS_l_russian.yml | localization/russian/gui/DI_l_russian.yml","DI_em_example_event","localization/russian/gui/DI_RUS_l_russian.yml","localization/russian/gui/DI_l_russian.yml"
"550","06:11:21","pdx_localize.cpp:279","Duplicate localization key. Key 'DI_em_pregnancy' is defined in both 'localization/russian/gui/DI_RUS_l_russian.yml' and 'localization/russian/gui/DI_l_russian.yml'.","Expected corrective localization override","Divine Intervention AGOT | Русификатор | Divine Intervention Cheat Menu | Divine Intervention CM [RUS]","localization/russian/gui/DI_RUS_l_russian.yml | localization/russian/gui/DI_l_russian.yml","DI_em_pregnancy","localization/russian/gui/DI_RUS_l_russian.yml","localization/russian/gui/DI_l_russian.yml"
"551","06:11:21","pdx_localize.cpp:279","Duplicate localization key. Key 'DI_em_harm' is defined in both 'localization/russian/gui/DI_RUS_l_russian.yml' and 'localization/russian/gui/DI_l_russian.yml'.","Expected corrective localization override","Divine Intervention AGOT | Русификатор | Divine Intervention Cheat Menu | Divine Intervention CM [RUS]","localization/russian/gui/DI_RUS_l_russian.yml | localization/russian/gui/DI_l_russian.yml","DI_em_harm","localization/russian/gui/DI_RUS_l_russian.yml","localization/russian/gui/DI_l_russian.yml"
"552","06:11:21","pdx_localize.cpp:279","Duplicate localization key. Key 'DI_char_spawner' is defined in both 'localization/russian/gui/DI_RUS_l_russian.yml' and 'localization/russian/gui/DI_l_russian.yml'.","Expected corrective localization override","Divine Intervention AGOT | Русификатор | Divine Intervention Cheat Menu | Divine Intervention CM [RUS]","localization/russian/gui/DI_RUS_l_russian.yml | localization/russian/gui/DI_l_russian.yml","DI_char_spawner","localization/russian/gui/DI_RUS_l_russian.yml","localization/russian/gui/DI_l_russian.yml"
"553","06:11:21","pdx_localize.cpp:279","Duplicate localization key. Key 'DI_char_spawner_female' is defined in both 'localization/russian/gui/DI_RUS_l_russian.yml' and 'localization/russian/gui/DI_l_russian.yml'.","Expected corrective localization override","Divine Intervention AGOT | Русификатор | Divine Intervention Cheat Menu | Divine Intervention CM [RUS]","localization/russian/gui/DI_RUS_l_russian.yml | localization/russian/gui/DI_l_russian.yml","DI_char_spawner_female","localization/russian/gui/DI_RUS_l_russian.yml","localization/russian/gui/DI_l_russian.yml"
"554","06:11:21","pdx_localize.cpp:279","Duplicate localization key. Key 'DI_char_spawner_no_traits' is defined in both 'localization/russian/gui/DI_RUS_l_russian.yml' and 'localization/russian/gui/DI_l_russian.yml'.","Expected corrective localization override","Divine Intervention AGOT | Русификатор | Divine Intervention Cheat Menu | Divine Intervention CM [RUS]","localization/russian/gui/DI_RUS_l_russian.yml | localization/russian/gui/DI_l_russian.yml","DI_char_spawner_no_traits","localization/russian/gui/DI_RUS_l_russian.yml","localization/russian/gui/DI_l_russian.yml"
"555","06:11:21","pdx_localize.cpp:279","Duplicate localization key. Key 'DI_char_spawner_100_stat_man' is defined in both 'localization/russian/gui/DI_RUS_l_russian.yml' and 'localization/russian/gui/DI_l_russian.yml'.","Expected corrective localization override","Divine Intervention AGOT | Русификатор | Divine Intervention Cheat Menu | Divine Intervention CM [RUS]","localization/russian/gui/DI_RUS_l_russian.yml | localization/russian/gui/DI_l_russian.yml","DI_char_spawner_100_stat_man","localization/russian/gui/DI_RUS_l_russian.yml","localization/russian/gui/DI_l_russian.yml"
"556","06:11:21","pdx_localize.cpp:279","Duplicate localization key. Key 'DI_char_spawner_good_traits' is defined in both 'localization/russian/gui/DI_RUS_l_russian.yml' and 'localization/russian/gui/DI_l_russian.yml'.","Expected corrective localization override","Divine Intervention AGOT | Русификатор | Divine Intervention Cheat Menu | Divine Intervention CM [RUS]","localization/russian/gui/DI_RUS_l_russian.yml | localization/russian/gui/DI_l_russian.yml","DI_char_spawner_good_traits","localization/russian/gui/DI_RUS_l_russian.yml","localization/russian/gui/DI_l_russian.yml"
"557","06:11:21","pdx_localize.cpp:279","Duplicate localization key. Key 'DI_char_spawner_immortal' is defined in both 'localization/russian/gui/DI_RUS_l_russian.yml' and 'localization/russian/gui/DI_l_russian.yml'.","Expected corrective localization override","Divine Intervention AGOT | Русификатор | Divine Intervention Cheat Menu | Divine Intervention CM [RUS]","localization/russian/gui/DI_RUS_l_russian.yml | localization/russian/gui/DI_l_russian.yml","DI_char_spawner_immortal","localization/russian/gui/DI_RUS_l_russian.yml","localization/russian/gui/DI_l_russian.yml"
"558","06:11:21","pdx_localize.cpp:279","Duplicate localization key. Key 'DI_char_spawner_origins' is defined in both 'localization/russian/gui/DI_RUS_l_russian.yml' and 'localization/russian/gui/DI_l_russian.yml'.","Expected corrective localization override","Divine Intervention AGOT | Русификатор | Divine Intervention Cheat Menu | Divine Intervention CM [RUS]","localization/russian/gui/DI_RUS_l_russian.yml | localization/russian/gui/DI_l_russian.yml","DI_char_spawner_origins","localization/russian/gui/DI_RUS_l_russian.yml","localization/russian/gui/DI_l_russian.yml"
"559","06:11:21","pdx_localize.cpp:279","Duplicate localization key. Key 'DI_char_spawner_culture' is defined in both 'localization/russian/gui/DI_RUS_l_russian.yml' and 'localization/russian/gui/DI_l_russian.yml'.","Expected corrective localization override","Divine Intervention AGOT | Русификатор | Divine Intervention Cheat Menu | Divine Intervention CM [RUS]","localization/russian/gui/DI_RUS_l_russian.yml | localization/russian/gui/DI_l_russian.yml","DI_char_spawner_culture","localization/russian/gui/DI_RUS_l_russian.yml","localization/russian/gui/DI_l_russian.yml"
"560","06:11:21","pdx_localize.cpp:279","Duplicate localization key. Key 'DI_char_spawner_faith' is defined in both 'localization/russian/gui/DI_RUS_l_russian.yml' and 'localization/russian/gui/DI_l_russian.yml'.","Expected corrective localization override","Divine Intervention AGOT | Русификатор | Divine Intervention Cheat Menu | Divine Intervention CM [RUS]","localization/russian/gui/DI_RUS_l_russian.yml | localization/russian/gui/DI_l_russian.yml","DI_char_spawner_faith","localization/russian/gui/DI_RUS_l_russian.yml","localization/russian/gui/DI_l_russian.yml"
"561","06:11:21","pdx_localize.cpp:279","Duplicate localization key. Key 'DI_char_spawner_origin_target' is defined in both 'localization/russian/gui/DI_RUS_l_russian.yml' and 'localization/russian/gui/DI_l_russian.yml'.","Expected corrective localization override","Divine Intervention AGOT | Русификатор | Divine Intervention Cheat Menu | Divine Intervention CM [RUS]","localization/russian/gui/DI_RUS_l_russian.yml | localization/russian/gui/DI_l_russian.yml","DI_char_spawner_origin_target","localization/russian/gui/DI_RUS_l_russian.yml","localization/russian/gui/DI_l_russian.yml"
"562","06:11:21","pdx_localize.cpp:279","Duplicate localization key. Key 'DI_char_spawner_origin_target_tt' is defined in both 'localization/russian/gui/DI_RUS_l_russian.yml' and 'localization/russian/gui/DI_l_russian.yml'.","Expected corrective localization override","Divine Intervention AGOT | Русификатор | Divine Intervention Cheat Menu | Divine Intervention CM [RUS]","localization/russian/gui/DI_RUS_l_russian.yml | localization/russian/gui/DI_l_russian.yml","DI_char_spawner_origin_target_tt","localization/russian/gui/DI_RUS_l_russian.yml","localization/russian/gui/DI_l_russian.yml"
"563","06:11:21","pdx_localize.cpp:279","Duplicate localization key. Key 'DI_char_spawner_origin_random' is defined in both 'localization/russian/gui/DI_RUS_l_russian.yml' and 'localization/russian/gui/DI_l_russian.yml'.","Expected corrective localization override","Divine Intervention AGOT | Русификатор | Divine Intervention Cheat Menu | Divine Intervention CM [RUS]","localization/russian/gui/DI_RUS_l_russian.yml | localization/russian/gui/DI_l_russian.yml","DI_char_spawner_origin_random","localization/russian/gui/DI_RUS_l_russian.yml","localization/russian/gui/DI_l_russian.yml"
"564","06:11:21","pdx_localize.cpp:279","Duplicate localization key. Key 'DI_char_spawner_random_culture_tt' is defined in both 'localization/russian/gui/DI_RUS_l_russian.yml' and 'localization/russian/gui/DI_l_russian.yml'.","Expected corrective localization override","Divine Intervention AGOT | Русификатор | Divine Intervention Cheat Menu | Divine Intervention CM [RUS]","localization/russian/gui/DI_RUS_l_russian.yml | localization/russian/gui/DI_l_russian.yml","DI_char_spawner_random_culture_tt","localization/russian/gui/DI_RUS_l_russian.yml","localization/russian/gui/DI_l_russian.yml"
"565","06:11:21","pdx_localize.cpp:279","Duplicate localization key. Key 'DI_char_spawner_random_faith_tt' is defined in both 'localization/russian/gui/DI_RUS_l_russian.yml' and 'localization/russian/gui/DI_l_russian.yml'.","Expected corrective localization override","Divine Intervention AGOT | Русификатор | Divine Intervention Cheat Menu | Divine Intervention CM [RUS]","localization/russian/gui/DI_RUS_l_russian.yml | localization/russian/gui/DI_l_russian.yml","DI_char_spawner_random_faith_tt","localization/russian/gui/DI_RUS_l_russian.yml","localization/russian/gui/DI_l_russian.yml"
"566","06:11:21","pdx_localize.cpp:279","Duplicate localization key. Key 'DI_char_spawner_select_culture_tt' is defined in both 'localization/russian/gui/DI_RUS_l_russian.yml' and 'localization/russian/gui/DI_l_russian.yml'.","Expected corrective localization override","Divine Intervention AGOT | Русификатор | Divine Intervention Cheat Menu | Divine Intervention CM [RUS]","localization/russian/gui/DI_RUS_l_russian.yml | localization/russian/gui/DI_l_russian.yml","DI_char_spawner_select_culture_tt","localization/russian/gui/DI_RUS_l_russian.yml","localization/russian/gui/DI_l_russian.yml"
"567","06:11:21","pdx_localize.cpp:279","Duplicate localization key. Key 'DI_char_spawner_select_faith_tt' is defined in both 'localization/russian/gui/DI_RUS_l_russian.yml' and 'localization/russian/gui/DI_l_russian.yml'.","Expected corrective localization override","Divine Intervention AGOT | Русификатор | Divine Intervention Cheat Menu | Divine Intervention CM [RUS]","localization/russian/gui/DI_RUS_l_russian.yml | localization/russian/gui/DI_l_russian.yml","DI_char_spawner_select_faith_tt","localization/russian/gui/DI_RUS_l_russian.yml","localization/russian/gui/DI_l_russian.yml"
"568","06:11:21","pdx_localize.cpp:279","Duplicate localization key. Key 'DI_char_spawner_select_faith' is defined in both 'localization/russian/gui/DI_RUS_l_russian.yml' and 'localization/russian/gui/DI_l_russian.yml'.","Expected corrective localization override","Divine Intervention AGOT | Русификатор | Divine Intervention Cheat Menu | Divine Intervention CM [RUS]","localization/russian/gui/DI_RUS_l_russian.yml | localization/russian/gui/DI_l_russian.yml","DI_char_spawner_select_faith","localization/russian/gui/DI_RUS_l_russian.yml","localization/russian/gui/DI_l_russian.yml"
"569","06:11:21","pdx_localize.cpp:279","Duplicate localization key. Key 'DI_char_spawner_random_options' is defined in both 'localization/russian/gui/DI_RUS_l_russian.yml' and 'localization/russian/gui/DI_l_russian.yml'.","Expected corrective localization override","Divine Intervention AGOT | Русификатор | Divine Intervention Cheat Menu | Divine Intervention CM [RUS]","localization/russian/gui/DI_RUS_l_russian.yml | localization/russian/gui/DI_l_russian.yml","DI_char_spawner_random_options","localization/russian/gui/DI_RUS_l_russian.yml","localization/russian/gui/DI_l_russian.yml"
"570","06:11:21","pdx_localize.cpp:279","Duplicate localization key. Key 'DI_char_spawner_random_culture_title' is defined in both 'localization/russian/gui/DI_RUS_l_russian.yml' and 'localization/russian/gui/DI_l_russian.yml'.","Expected corrective localization override","Divine Intervention AGOT | Русификатор | Divine Intervention Cheat Menu | Divine Intervention CM [RUS]","localization/russian/gui/DI_RUS_l_russian.yml | localization/russian/gui/DI_l_russian.yml","DI_char_spawner_random_culture_title","localization/russian/gui/DI_RUS_l_russian.yml","localization/russian/gui/DI_l_russian.yml"
"571","06:11:21","pdx_localize.cpp:279","Duplicate localization key. Key 'DI_char_spawner_random_faith_title' is defined in both 'localization/russian/gui/DI_RUS_l_russian.yml' and 'localization/russian/gui/DI_l_russian.yml'.","Expected corrective localization override","Divine Intervention AGOT | Русификатор | Divine Intervention Cheat Menu | Divine Intervention CM [RUS]","localization/russian/gui/DI_RUS_l_russian.yml | localization/russian/gui/DI_l_russian.yml","DI_char_spawner_random_faith_title","localization/russian/gui/DI_RUS_l_russian.yml","localization/russian/gui/DI_l_russian.yml"
"572","06:11:21","pdx_localize.cpp:279","Duplicate localization key. Key 'DI_char_spawner_random_global' is defined in both 'localization/russian/gui/DI_RUS_l_russian.yml' and 'localization/russian/gui/DI_l_russian.yml'.","Expected corrective localization override","Divine Intervention AGOT | Русификатор | Divine Intervention Cheat Menu | Divine Intervention CM [RUS]","localization/russian/gui/DI_RUS_l_russian.yml | localization/russian/gui/DI_l_russian.yml","DI_char_spawner_random_global","localization/russian/gui/DI_RUS_l_russian.yml","localization/russian/gui/DI_l_russian.yml"
"573","06:11:21","pdx_localize.cpp:279","Duplicate localization key. Key 'DI_char_spawner_random_same_heritage' is defined in both 'localization/russian/gui/DI_RUS_l_russian.yml' and 'localization/russian/gui/DI_l_russian.yml'.","Expected corrective localization override","Divine Intervention AGOT | Русификатор | Divine Intervention Cheat Menu | Divine Intervention CM [RUS]","localization/russian/gui/DI_RUS_l_russian.yml | localization/russian/gui/DI_l_russian.yml","DI_char_spawner_random_same_heritage","localization/russian/gui/DI_RUS_l_russian.yml","localization/russian/gui/DI_l_russian.yml"
"574","06:11:21","pdx_localize.cpp:279","Duplicate localization key. Key 'DI_char_spawner_random_same_language' is defined in both 'localization/russian/gui/DI_RUS_l_russian.yml' and 'localization/russian/gui/DI_l_russian.yml'.","Expected corrective localization override","Divine Intervention AGOT | Русификатор | Divine Intervention Cheat Menu | Divine Intervention CM [RUS]","localization/russian/gui/DI_RUS_l_russian.yml | localization/russian/gui/DI_l_russian.yml","DI_char_spawner_random_same_language","localization/russian/gui/DI_RUS_l_russian.yml","localization/russian/gui/DI_l_russian.yml"
"575","06:11:21","pdx_localize.cpp:279","Duplicate localization key. Key 'DI_char_spawner_random_same_religion' is defined in both 'localization/russian/gui/DI_RUS_l_russian.yml' and 'localization/russian/gui/DI_l_russian.yml'.","Expected corrective localization override","Divine Intervention AGOT | Русификатор | Divine Intervention Cheat Menu | Divine Intervention CM [RUS]","localization/russian/gui/DI_RUS_l_russian.yml | localization/russian/gui/DI_l_russian.yml","DI_char_spawner_random_same_religion","localization/russian/gui/DI_RUS_l_russian.yml","localization/russian/gui/DI_l_russian.yml"
"576","06:11:21","pdx_localize.cpp:279","Duplicate localization key. Key 'DI_char_spawner_random_same_family' is defined in both 'localization/russian/gui/DI_RUS_l_russian.yml' and 'localization/russian/gui/DI_l_russian.yml'.","Expected corrective localization override","Divine Intervention AGOT | Русификатор | Divine Intervention Cheat Menu | Divine Intervention CM [RUS]","localization/russian/gui/DI_RUS_l_russian.yml | localization/russian/gui/DI_l_russian.yml","DI_char_spawner_random_same_family","localization/russian/gui/DI_RUS_l_russian.yml","localization/russian/gui/DI_l_russian.yml"
"577","06:11:21","pdx_localize.cpp:279","Duplicate localization key. Key 'DI_char_spawner_random_realm' is defined in both 'localization/russian/gui/DI_RUS_l_russian.yml' and 'localization/russian/gui/DI_l_russian.yml'.","Expected corrective localization override","Divine Intervention AGOT | Русификатор | Divine Intervention Cheat Menu | Divine Intervention CM [RUS]","localization/russian/gui/DI_RUS_l_russian.yml | localization/russian/gui/DI_l_russian.yml","DI_char_spawner_random_realm","localization/russian/gui/DI_RUS_l_russian.yml","localization/russian/gui/DI_l_russian.yml"
"578","06:11:21","pdx_localize.cpp:279","Duplicate localization key. Key 'DI_char_spawner_random_low_acceptance' is defined in both 'localization/russian/gui/DI_RUS_l_russian.yml' and 'localization/russian/gui/DI_l_russian.yml'.","Expected corrective localization override","Divine Intervention AGOT | Русификатор | Divine Intervention Cheat Menu | Divine Intervention CM [RUS]","localization/russian/gui/DI_RUS_l_russian.yml | localization/russian/gui/DI_l_russian.yml","DI_char_spawner_random_low_acceptance","localization/russian/gui/DI_RUS_l_russian.yml","localization/russian/gui/DI_l_russian.yml"
"579","06:11:21","pdx_localize.cpp:279","Duplicate localization key. Key 'DI_char_spawner_random_moderate_acceptance' is defined in both 'localization/russian/gui/DI_RUS_l_russian.yml' and 'localization/russian/gui/DI_l_russian.yml'.","Expected corrective localization override","Divine Intervention AGOT | Русификатор | Divine Intervention Cheat Menu | Divine Intervention CM [RUS]","localization/russian/gui/DI_RUS_l_russian.yml | localization/russian/gui/DI_l_russian.yml","DI_char_spawner_random_moderate_acceptance","localization/russian/gui/DI_RUS_l_russian.yml","localization/russian/gui/DI_l_russian.yml"
"580","06:11:21","pdx_localize.cpp:279","Duplicate localization key. Key 'DI_char_spawner_random_high_acceptance' is defined in both 'localization/russian/gui/DI_RUS_l_russian.yml' and 'localization/russian/gui/DI_l_russian.yml'.","Expected corrective localization override","Divine Intervention AGOT | Русификатор | Divine Intervention Cheat Menu | Divine Intervention CM [RUS]","localization/russian/gui/DI_RUS_l_russian.yml | localization/russian/gui/DI_l_russian.yml","DI_char_spawner_random_high_acceptance","localization/russian/gui/DI_RUS_l_russian.yml","localization/russian/gui/DI_l_russian.yml"
"581","06:11:21","pdx_localize.cpp:279","Duplicate localization key. Key 'DI_char_spawner_random_faith_accepted' is defined in both 'localization/russian/gui/DI_RUS_l_russian.yml' and 'localization/russian/gui/DI_l_russian.yml'.","Expected corrective localization override","Divine Intervention AGOT | Русификатор | Divine Intervention Cheat Menu | Divine Intervention CM [RUS]","localization/russian/gui/DI_RUS_l_russian.yml | localization/russian/gui/DI_l_russian.yml","DI_char_spawner_random_faith_accepted","localization/russian/gui/DI_RUS_l_russian.yml","localization/russian/gui/DI_l_russian.yml"
"582","06:11:21","pdx_localize.cpp:279","Duplicate localization key. Key 'DI_char_spawner_random_faith_astray' is defined in both 'localization/russian/gui/DI_RUS_l_russian.yml' and 'localization/russian/gui/DI_l_russian.yml'.","Expected corrective localization override","Divine Intervention AGOT | Русификатор | Divine Intervention Cheat Menu | Divine Intervention CM [RUS]","localization/russian/gui/DI_RUS_l_russian.yml | localization/russian/gui/DI_l_russian.yml","DI_char_spawner_random_faith_astray","localization/russian/gui/DI_RUS_l_russian.yml","localization/russian/gui/DI_l_russian.yml"
"583","06:11:21","pdx_localize.cpp:279","Duplicate localization key. Key 'DI_char_spawner_random_faith_hostile' is defined in both 'localization/russian/gui/DI_RUS_l_russian.yml' and 'localization/russian/gui/DI_l_russian.yml'.","Expected corrective localization override","Divine Intervention AGOT | Русификатор | Divine Intervention Cheat Menu | Divine Intervention CM [RUS]","localization/russian/gui/DI_RUS_l_russian.yml | localization/russian/gui/DI_l_russian.yml","DI_char_spawner_random_faith_hostile","localization/russian/gui/DI_RUS_l_russian.yml","localization/russian/gui/DI_l_russian.yml"
"584","06:11:21","pdx_localize.cpp:279","Duplicate localization key. Key 'DI_family_char_spawner' is defined in both 'localization/russian/gui/DI_RUS_l_russian.yml' and 'localization/russian/gui/DI_l_russian.yml'.","Expected corrective localization override","Divine Intervention AGOT | Русификатор | Divine Intervention Cheat Menu | Divine Intervention CM [RUS]","localization/russian/gui/DI_RUS_l_russian.yml | localization/russian/gui/DI_l_russian.yml","DI_family_char_spawner","localization/russian/gui/DI_RUS_l_russian.yml","localization/russian/gui/DI_l_russian.yml"
"585","06:11:21","pdx_localize.cpp:279","Duplicate localization key. Key 'DI_family_char_spawner_tt' is defined in both 'localization/russian/gui/DI_RUS_l_russian.yml' and 'localization/russian/gui/DI_l_russian.yml'.","Expected corrective localization override","Divine Intervention AGOT | Русификатор | Divine Intervention Cheat Menu | Divine Intervention CM [RUS]","localization/russian/gui/DI_RUS_l_russian.yml | localization/russian/gui/DI_l_russian.yml","DI_family_char_spawner_tt","localization/russian/gui/DI_RUS_l_russian.yml","localization/russian/gui/DI_l_russian.yml"
"586","06:11:21","pdx_localize.cpp:279","Duplicate localization key. Key 'DI_councillors_char_spawner' is defined in both 'localization/russian/gui/DI_RUS_l_russian.yml' and 'localization/russian/gui/DI_l_russian.yml'.","Expected corrective localization override","Divine Intervention AGOT | Русификатор | Divine Intervention Cheat Menu | Divine Intervention CM [RUS]","localization/russian/gui/DI_RUS_l_russian.yml | localization/russian/gui/DI_l_russian.yml","DI_councillors_char_spawner","localization/russian/gui/DI_RUS_l_russian.yml","localization/russian/gui/DI_l_russian.yml"
"587","06:11:21","pdx_localize.cpp:279","Duplicate localization key. Key 'DI_councillors_char_spawner_tt' is defined in both 'localization/russian/gui/DI_RUS_l_russian.yml' and 'localization/russian/gui/DI_l_russian.yml'.","Expected corrective localization override","Divine Intervention AGOT | Русификатор | Divine Intervention Cheat Menu | Divine Intervention CM [RUS]","localization/russian/gui/DI_RUS_l_russian.yml | localization/russian/gui/DI_l_russian.yml","DI_councillors_char_spawner_tt","localization/russian/gui/DI_RUS_l_russian.yml","localization/russian/gui/DI_l_russian.yml"
"588","06:11:21","pdx_localize.cpp:279","Duplicate localization key. Key 'DI_court_char_spawner' is defined in both 'localization/russian/gui/DI_RUS_l_russian.yml' and 'localization/russian/gui/DI_l_russian.yml'.","Expected corrective localization override","Divine Intervention AGOT | Русификатор | Divine Intervention Cheat Menu | Divine Intervention CM [RUS]","localization/russian/gui/DI_RUS_l_russian.yml | localization/russian/gui/DI_l_russian.yml","DI_court_char_spawner","localization/russian/gui/DI_RUS_l_russian.yml","localization/russian/gui/DI_l_russian.yml"
"589","06:11:21","pdx_localize.cpp:279","Duplicate localization key. Key 'DI_court_char_spawner_tt' is defined in both 'localization/russian/gui/DI_RUS_l_russian.yml' and 'localization/russian/gui/DI_l_russian.yml'.","Expected corrective localization override","Divine Intervention AGOT | Русификатор | Divine Intervention Cheat Menu | Divine Intervention CM [RUS]","localization/russian/gui/DI_RUS_l_russian.yml | localization/russian/gui/DI_l_russian.yml","DI_court_char_spawner_tt","localization/russian/gui/DI_RUS_l_russian.yml","localization/russian/gui/DI_l_russian.yml"
"590","06:11:21","pdx_localize.cpp:279","Duplicate localization key. Key 'DI_char_spawner_age_increment_tt' is defined in both 'localization/russian/gui/DI_RUS_l_russian.yml' and 'localization/russian/gui/DI_l_russian.yml'.","Expected corrective localization override","Divine Intervention AGOT | Русификатор | Divine Intervention Cheat Menu | Divine Intervention CM [RUS]","localization/russian/gui/DI_RUS_l_russian.yml | localization/russian/gui/DI_l_russian.yml","DI_char_spawner_age_increment_tt","localization/russian/gui/DI_RUS_l_russian.yml","localization/russian/gui/DI_l_russian.yml"
"591","06:11:21","pdx_localize.cpp:279","Duplicate localization key. Key 'DI_char_spawner_count_increment_tt' is defined in both 'localization/russian/gui/DI_RUS_l_russian.yml' and 'localization/russian/gui/DI_l_russian.yml'.","Expected corrective localization override","Divine Intervention AGOT | Русификатор | Divine Intervention Cheat Menu | Divine Intervention CM [RUS]","localization/russian/gui/DI_RUS_l_russian.yml | localization/russian/gui/DI_l_russian.yml","DI_char_spawner_count_increment_tt","localization/russian/gui/DI_RUS_l_russian.yml","localization/russian/gui/DI_l_russian.yml"
"592","06:11:21","pdx_localize.cpp:279","Duplicate localization key. Key 'DI_char_spawner_count_increment' is defined in both 'localization/russian/gui/DI_RUS_l_russian.yml' and 'localization/russian/gui/DI_l_russian.yml'.","Expected corrective localization override","Divine Intervention AGOT | Русификатор | Divine Intervention Cheat Menu | Divine Intervention CM [RUS]","localization/russian/gui/DI_RUS_l_russian.yml | localization/russian/gui/DI_l_russian.yml","DI_char_spawner_count_increment","localization/russian/gui/DI_RUS_l_russian.yml","localization/russian/gui/DI_l_russian.yml"
"593","06:11:21","pdx_localize.cpp:279","Duplicate localization key. Key 'DI_char_spawner_age_increment' is defined in both 'localization/russian/gui/DI_RUS_l_russian.yml' and 'localization/russian/gui/DI_l_russian.yml'.","Expected corrective localization override","Divine Intervention AGOT | Русификатор | Divine Intervention Cheat Menu | Divine Intervention CM [RUS]","localization/russian/gui/DI_RUS_l_russian.yml | localization/russian/gui/DI_l_russian.yml","DI_char_spawner_age_increment","localization/russian/gui/DI_RUS_l_russian.yml","localization/russian/gui/DI_l_russian.yml"
"594","06:11:21","pdx_localize.cpp:279","Duplicate localization key. Key 'DI_parent' is defined in both 'localization/russian/gui/DI_RUS_l_russian.yml' and 'localization/russian/gui/DI_l_russian.yml'.","Expected corrective localization override","Divine Intervention AGOT | Русификатор | Divine Intervention Cheat Menu | Divine Intervention CM [RUS]","localization/russian/gui/DI_RUS_l_russian.yml | localization/russian/gui/DI_l_russian.yml","DI_parent","localization/russian/gui/DI_RUS_l_russian.yml","localization/russian/gui/DI_l_russian.yml"
"595","06:11:21","pdx_localize.cpp:279","Duplicate localization key. Key 'DI_parent_tt' is defined in both 'localization/russian/gui/DI_RUS_l_russian.yml' and 'localization/russian/gui/DI_l_russian.yml'.","Expected corrective localization override","Divine Intervention AGOT | Русификатор | Divine Intervention Cheat Menu | Divine Intervention CM [RUS]","localization/russian/gui/DI_RUS_l_russian.yml | localization/russian/gui/DI_l_russian.yml","DI_parent_tt","localization/russian/gui/DI_RUS_l_russian.yml","localization/russian/gui/DI_l_russian.yml"
"596","06:11:21","pdx_localize.cpp:279","Duplicate localization key. Key 'DI_child' is defined in both 'localization/russian/gui/DI_RUS_l_russian.yml' and 'localization/russian/gui/DI_l_russian.yml'.","Expected corrective localization override","Divine Intervention AGOT | Русификатор | Divine Intervention Cheat Menu | Divine Intervention CM [RUS]","localization/russian/gui/DI_RUS_l_russian.yml | localization/russian/gui/DI_l_russian.yml","DI_child","localization/russian/gui/DI_RUS_l_russian.yml","localization/russian/gui/DI_l_russian.yml"
"597","06:11:21","pdx_localize.cpp:279","Duplicate localization key. Key 'DI_child_tt' is defined in both 'localization/russian/gui/DI_RUS_l_russian.yml' and 'localization/russian/gui/DI_l_russian.yml'.","Expected corrective localization override","Divine Intervention AGOT | Русификатор | Divine Intervention Cheat Menu | Divine Intervention CM [RUS]","localization/russian/gui/DI_RUS_l_russian.yml | localization/russian/gui/DI_l_russian.yml","DI_child_tt","localization/russian/gui/DI_RUS_l_russian.yml","localization/russian/gui/DI_l_russian.yml"
"598","06:11:21","pdx_localize.cpp:279","Duplicate localization key. Key 'DI_sibling' is defined in both 'localization/russian/gui/DI_RUS_l_russian.yml' and 'localization/russian/gui/DI_l_russian.yml'.","Expected corrective localization override","Divine Intervention AGOT | Русификатор | Divine Intervention Cheat Menu | Divine Intervention CM [RUS]","localization/russian/gui/DI_RUS_l_russian.yml | localization/russian/gui/DI_l_russian.yml","DI_sibling","localization/russian/gui/DI_RUS_l_russian.yml","localization/russian/gui/DI_l_russian.yml"
"599","06:11:21","pdx_localize.cpp:279","Duplicate localization key. Key 'DI_sibling_tt' is defined in both 'localization/russian/gui/DI_RUS_l_russian.yml' and 'localization/russian/gui/DI_l_russian.yml'.","Expected corrective localization override","Divine Intervention AGOT | Русификатор | Divine Intervention Cheat Menu | Divine Intervention CM [RUS]","localization/russian/gui/DI_RUS_l_russian.yml | localization/russian/gui/DI_l_russian.yml","DI_sibling_tt","localization/russian/gui/DI_RUS_l_russian.yml","localization/russian/gui/DI_l_russian.yml"
"600","06:11:21","pdx_localize.cpp:279","Duplicate localization key. Key 'DI_spouse' is defined in both 'localization/russian/gui/DI_RUS_l_russian.yml' and 'localization/russian/gui/DI_l_russian.yml'.","Expected corrective localization override","Divine Intervention AGOT | Русификатор | Divine Intervention Cheat Menu | Divine Intervention CM [RUS]","localization/russian/gui/DI_RUS_l_russian.yml | localization/russian/gui/DI_l_russian.yml","DI_spouse","localization/russian/gui/DI_RUS_l_russian.yml","localization/russian/gui/DI_l_russian.yml"
"601","06:11:21","pdx_localize.cpp:279","Duplicate localization key. Key 'DI_spouse_tt' is defined in both 'localization/russian/gui/DI_RUS_l_russian.yml' and 'localization/russian/gui/DI_l_russian.yml'.","Expected corrective localization override","Divine Intervention AGOT | Русификатор | Divine Intervention Cheat Menu | Divine Intervention CM [RUS]","localization/russian/gui/DI_RUS_l_russian.yml | localization/russian/gui/DI_l_russian.yml","DI_spouse_tt","localization/russian/gui/DI_RUS_l_russian.yml","localization/russian/gui/DI_l_russian.yml"
"602","06:11:21","pdx_localize.cpp:279","Duplicate localization key. Key 'DI_martial_councillor' is defined in both 'localization/russian/gui/DI_RUS_l_russian.yml' and 'localization/russian/gui/DI_l_russian.yml'.","Expected corrective localization override","Divine Intervention AGOT | Русификатор | Divine Intervention Cheat Menu | Divine Intervention CM [RUS]","localization/russian/gui/DI_RUS_l_russian.yml | localization/russian/gui/DI_l_russian.yml","DI_martial_councillor","localization/russian/gui/DI_RUS_l_russian.yml","localization/russian/gui/DI_l_russian.yml"
"603","06:11:21","pdx_localize.cpp:279","Duplicate localization key. Key 'DI_martial_councillor_tt' is defined in both 'localization/russian/gui/DI_RUS_l_russian.yml' and 'localization/russian/gui/DI_l_russian.yml'.","Expected corrective localization override","Divine Intervention AGOT | Русификатор | Divine Intervention Cheat Menu | Divine Intervention CM [RUS]","localization/russian/gui/DI_RUS_l_russian.yml | localization/russian/gui/DI_l_russian.yml","DI_martial_councillor_tt","localization/russian/gui/DI_RUS_l_russian.yml","localization/russian/gui/DI_l_russian.yml"
"604","06:11:21","pdx_localize.cpp:279","Duplicate localization key. Key 'DI_diplomacy_councillor' is defined in both 'localization/russian/gui/DI_RUS_l_russian.yml' and 'localization/russian/gui/DI_l_russian.yml'.","Expected corrective localization override","Divine Intervention AGOT | Русификатор | Divine Intervention Cheat Menu | Divine Intervention CM [RUS]","localization/russian/gui/DI_RUS_l_russian.yml | localization/russian/gui/DI_l_russian.yml","DI_diplomacy_councillor","localization/russian/gui/DI_RUS_l_russian.yml","localization/russian/gui/DI_l_russian.yml"
"605","06:11:21","pdx_localize.cpp:279","Duplicate localization key. Key 'DI_diplomacy_councillor_tt' is defined in both 'localization/russian/gui/DI_RUS_l_russian.yml' and 'localization/russian/gui/DI_l_russian.yml'.","Expected corrective localization override","Divine Intervention AGOT | Русификатор | Divine Intervention Cheat Menu | Divine Intervention CM [RUS]","localization/russian/gui/DI_RUS_l_russian.yml | localization/russian/gui/DI_l_russian.yml","DI_diplomacy_councillor_tt","localization/russian/gui/DI_RUS_l_russian.yml","localization/russian/gui/DI_l_russian.yml"
"606","06:11:21","pdx_localize.cpp:279","Duplicate localization key. Key 'DI_stewardship_councillor' is defined in both 'localization/russian/gui/DI_RUS_l_russian.yml' and 'localization/russian/gui/DI_l_russian.yml'.","Expected corrective localization override","Divine Intervention AGOT | Русификатор | Divine Intervention Cheat Menu | Divine Intervention CM [RUS]","localization/russian/gui/DI_RUS_l_russian.yml | localization/russian/gui/DI_l_russian.yml","DI_stewardship_councillor","localization/russian/gui/DI_RUS_l_russian.yml","localization/russian/gui/DI_l_russian.yml"
"607","06:11:21","pdx_localize.cpp:279","Duplicate localization key. Key 'DI_stewardship_councillor_tt' is defined in both 'localization/russian/gui/DI_RUS_l_russian.yml' and 'localization/russian/gui/DI_l_russian.yml'.","Expected corrective localization override","Divine Intervention AGOT | Русификатор | Divine Intervention Cheat Menu | Divine Intervention CM [RUS]","localization/russian/gui/DI_RUS_l_russian.yml | localization/russian/gui/DI_l_russian.yml","DI_stewardship_councillor_tt","localization/russian/gui/DI_RUS_l_russian.yml","localization/russian/gui/DI_l_russian.yml"
"608","06:11:21","pdx_localize.cpp:279","Duplicate localization key. Key 'DI_intrigue_councillor' is defined in both 'localization/russian/gui/DI_RUS_l_russian.yml' and 'localization/russian/gui/DI_l_russian.yml'.","Expected corrective localization override","Divine Intervention AGOT | Русификатор | Divine Intervention Cheat Menu | Divine Intervention CM [RUS]","localization/russian/gui/DI_RUS_l_russian.yml | localization/russian/gui/DI_l_russian.yml","DI_intrigue_councillor","localization/russian/gui/DI_RUS_l_russian.yml","localization/russian/gui/DI_l_russian.yml"
"609","06:11:21","pdx_localize.cpp:279","Duplicate localization key. Key 'DI_intrigue_councillor_tt' is defined in both 'localization/russian/gui/DI_RUS_l_russian.yml' and 'localization/russian/gui/DI_l_russian.yml'.","Expected corrective localization override","Divine Intervention AGOT | Русификатор | Divine Intervention Cheat Menu | Divine Intervention CM [RUS]","localization/russian/gui/DI_RUS_l_russian.yml | localization/russian/gui/DI_l_russian.yml","DI_intrigue_councillor_tt","localization/russian/gui/DI_RUS_l_russian.yml","localization/russian/gui/DI_l_russian.yml"
"610","06:11:21","pdx_localize.cpp:279","Duplicate localization key. Key 'DI_learning_councillor' is defined in both 'localization/russian/gui/DI_RUS_l_russian.yml' and 'localization/russian/gui/DI_l_russian.yml'.","Expected corrective localization override","Divine Intervention AGOT | Русификатор | Divine Intervention Cheat Menu | Divine Intervention CM [RUS]","localization/russian/gui/DI_RUS_l_russian.yml | localization/russian/gui/DI_l_russian.yml","DI_learning_councillor","localization/russian/gui/DI_RUS_l_russian.yml","localization/russian/gui/DI_l_russian.yml"
"611","06:11:21","pdx_localize.cpp:279","Duplicate localization key. Key 'DI_learning_councillor_tt' is defined in both 'localization/russian/gui/DI_RUS_l_russian.yml' and 'localization/russian/gui/DI_l_russian.yml'.","Expected corrective localization override","Divine Intervention AGOT | Русификатор | Divine Intervention Cheat Menu | Divine Intervention CM [RUS]","localization/russian/gui/DI_RUS_l_russian.yml | localization/russian/gui/DI_l_russian.yml","DI_learning_councillor_tt","localization/russian/gui/DI_RUS_l_russian.yml","localization/russian/gui/DI_l_russian.yml"
"612","06:11:21","pdx_localize.cpp:279","Duplicate localization key. Key 'improved_stats_effect_TT' is defined in both 'localization/russian/gui/DI_RUS_l_russian.yml' and 'localization/russian/gui/DI_l_russian.yml'.","Expected corrective localization override","Divine Intervention AGOT | Русификатор | Divine Intervention Cheat Menu | Divine Intervention CM [RUS]","localization/russian/gui/DI_RUS_l_russian.yml | localization/russian/gui/DI_l_russian.yml","improved_stats_effect_TT","localization/russian/gui/DI_RUS_l_russian.yml","localization/russian/gui/DI_l_russian.yml"
"613","06:11:21","pdx_localize.cpp:279","Duplicate localization key. Key 'DI_commander' is defined in both 'localization/russian/gui/DI_RUS_l_russian.yml' and 'localization/russian/gui/DI_l_russian.yml'.","Expected corrective localization override","Divine Intervention AGOT | Русификатор | Divine Intervention Cheat Menu | Divine Intervention CM [RUS]","localization/russian/gui/DI_RUS_l_russian.yml | localization/russian/gui/DI_l_russian.yml","DI_commander","localization/russian/gui/DI_RUS_l_russian.yml","localization/russian/gui/DI_l_russian.yml"
"614","06:11:21","pdx_localize.cpp:279","Duplicate localization key. Key 'DI_commander_tt' is defined in both 'localization/russian/gui/DI_RUS_l_russian.yml' and 'localization/russian/gui/DI_l_russian.yml'.","Expected corrective localization override","Divine Intervention AGOT | Русификатор | Divine Intervention Cheat Menu | Divine Intervention CM [RUS]","localization/russian/gui/DI_RUS_l_russian.yml | localization/russian/gui/DI_l_russian.yml","DI_commander_tt","localization/russian/gui/DI_RUS_l_russian.yml","localization/russian/gui/DI_l_russian.yml"
"615","06:11:21","pdx_localize.cpp:279","Duplicate localization key. Key 'DI_knight' is defined in both 'localization/russian/gui/DI_RUS_l_russian.yml' and 'localization/russian/gui/DI_l_russian.yml'.","Expected corrective localization override","Divine Intervention AGOT | Русификатор | Divine Intervention Cheat Menu | Divine Intervention CM [RUS]","localization/russian/gui/DI_RUS_l_russian.yml | localization/russian/gui/DI_l_russian.yml","DI_knight","localization/russian/gui/DI_RUS_l_russian.yml","localization/russian/gui/DI_l_russian.yml"
"616","06:11:21","pdx_localize.cpp:279","Duplicate localization key. Key 'DI_knight_tt' is defined in both 'localization/russian/gui/DI_RUS_l_russian.yml' and 'localization/russian/gui/DI_l_russian.yml'.","Expected corrective localization override","Divine Intervention AGOT | Русификатор | Divine Intervention Cheat Menu | Divine Intervention CM [RUS]","localization/russian/gui/DI_RUS_l_russian.yml | localization/russian/gui/DI_l_russian.yml","DI_knight_tt","localization/russian/gui/DI_RUS_l_russian.yml","localization/russian/gui/DI_l_russian.yml"
"617","06:11:21","pdx_localize.cpp:279","Duplicate localization key. Key 'DI_normal_courtier' is defined in both 'localization/russian/gui/DI_RUS_l_russian.yml' and 'localization/russian/gui/DI_l_russian.yml'.","Expected corrective localization override","Divine Intervention AGOT | Русификатор | Divine Intervention Cheat Menu | Divine Intervention CM [RUS]","localization/russian/gui/DI_RUS_l_russian.yml | localization/russian/gui/DI_l_russian.yml","DI_normal_courtier","localization/russian/gui/DI_RUS_l_russian.yml","localization/russian/gui/DI_l_russian.yml"
"618","06:11:21","pdx_localize.cpp:279","Duplicate localization key. Key 'DI_normal_courtier_tt' is defined in both 'localization/russian/gui/DI_RUS_l_russian.yml' and 'localization/russian/gui/DI_l_russian.yml'.","Expected corrective localization override","Divine Intervention AGOT | Русификатор | Divine Intervention Cheat Menu | Divine Intervention CM [RUS]","localization/russian/gui/DI_RUS_l_russian.yml | localization/russian/gui/DI_l_russian.yml","DI_normal_courtier_tt","localization/russian/gui/DI_RUS_l_russian.yml","localization/russian/gui/DI_l_russian.yml"
"619","06:11:21","pdx_localize.cpp:279","Duplicate localization key. Key 'DI_low_normal_courtier' is defined in both 'localization/russian/gui/DI_RUS_l_russian.yml' and 'localization/russian/gui/DI_l_russian.yml'.","Expected corrective localization override","Divine Intervention AGOT | Русификатор | Divine Intervention Cheat Menu | Divine Intervention CM [RUS]","localization/russian/gui/DI_RUS_l_russian.yml | localization/russian/gui/DI_l_russian.yml","DI_low_normal_courtier","localization/russian/gui/DI_RUS_l_russian.yml","localization/russian/gui/DI_l_russian.yml"
"620","06:11:21","pdx_localize.cpp:279","Duplicate localization key. Key 'DI_low_normal_courtier_tt' is defined in both 'localization/russian/gui/DI_RUS_l_russian.yml' and 'localization/russian/gui/DI_l_russian.yml'.","Expected corrective localization override","Divine Intervention AGOT | Русификатор | Divine Intervention Cheat Menu | Divine Intervention CM [RUS]","localization/russian/gui/DI_RUS_l_russian.yml | localization/russian/gui/DI_l_russian.yml","DI_low_normal_courtier_tt","localization/russian/gui/DI_RUS_l_russian.yml","localization/russian/gui/DI_l_russian.yml"
"621","06:11:21","pdx_localize.cpp:279","Duplicate localization key. Key 'DI_court_physician' is defined in both 'localization/russian/gui/DI_RUS_l_russian.yml' and 'localization/russian/gui/DI_l_russian.yml'.","Expected corrective localization override","Divine Intervention AGOT | Русификатор | Divine Intervention Cheat Menu | Divine Intervention CM [RUS]","localization/russian/gui/DI_RUS_l_russian.yml | localization/russian/gui/DI_l_russian.yml","DI_court_physician","localization/russian/gui/DI_RUS_l_russian.yml","localization/russian/gui/DI_l_russian.yml"
"622","06:11:21","pdx_localize.cpp:279","Duplicate localization key. Key 'DI_cultural_emissary' is defined in both 'localization/russian/gui/DI_RUS_l_russian.yml' and 'localization/russian/gui/DI_l_russian.yml'.","Expected corrective localization override","Divine Intervention AGOT | Русификатор | Divine Intervention Cheat Menu | Divine Intervention CM [RUS]","localization/russian/gui/DI_RUS_l_russian.yml | localization/russian/gui/DI_l_russian.yml","DI_cultural_emissary","localization/russian/gui/DI_RUS_l_russian.yml","localization/russian/gui/DI_l_russian.yml"
"623","06:11:21","pdx_localize.cpp:279","Duplicate localization key. Key 'DI_keeper_of_swans' is defined in both 'localization/russian/gui/DI_RUS_l_russian.yml' and 'localization/russian/gui/DI_l_russian.yml'.","Expected corrective localization override","Divine Intervention AGOT | Русификатор | Divine Intervention Cheat Menu | Divine Intervention CM [RUS]","localization/russian/gui/DI_RUS_l_russian.yml | localization/russian/gui/DI_l_russian.yml","DI_keeper_of_swans","localization/russian/gui/DI_RUS_l_russian.yml","localization/russian/gui/DI_l_russian.yml"
"624","06:11:21","pdx_localize.cpp:279","Duplicate localization key. Key 'DI_chief_qadi' is defined in both 'localization/russian/gui/DI_RUS_l_russian.yml' and 'localization/russian/gui/DI_l_russian.yml'.","Expected corrective localization override","Divine Intervention AGOT | Русификатор | Divine Intervention Cheat Menu | Divine Intervention CM [RUS]","localization/russian/gui/DI_RUS_l_russian.yml | localization/russian/gui/DI_l_russian.yml","DI_chief_qadi","localization/russian/gui/DI_RUS_l_russian.yml","localization/russian/gui/DI_l_russian.yml"
"625","06:11:21","pdx_localize.cpp:279","Duplicate localization key. Key 'DI_garuda' is defined in both 'localization/russian/gui/DI_RUS_l_russian.yml' and 'localization/russian/gui/DI_l_russian.yml'.","Expected corrective localization override","Divine Intervention AGOT | Русификатор | Divine Intervention Cheat Menu | Divine Intervention CM [RUS]","localization/russian/gui/DI_RUS_l_russian.yml | localization/russian/gui/DI_l_russian.yml","DI_garuda","localization/russian/gui/DI_RUS_l_russian.yml","localization/russian/gui/DI_l_russian.yml"
"626","06:11:21","pdx_localize.cpp:279","Duplicate localization key. Key 'DI_court_gardener' is defined in both 'localization/russian/gui/DI_RUS_l_russian.yml' and 'localization/russian/gui/DI_l_russian.yml'.","Expected corrective localization override","Divine Intervention AGOT | Русификатор | Divine Intervention Cheat Menu | Divine Intervention CM [RUS]","localization/russian/gui/DI_RUS_l_russian.yml | localization/russian/gui/DI_l_russian.yml","DI_court_gardener","localization/russian/gui/DI_RUS_l_russian.yml","localization/russian/gui/DI_l_russian.yml"
"627","06:11:21","pdx_localize.cpp:279","Duplicate localization key. Key 'DI_chief_eunuch' is defined in both 'localization/russian/gui/DI_RUS_l_russian.yml' and 'localization/russian/gui/DI_l_russian.yml'.","Expected corrective localization override","Divine Intervention AGOT | Русификатор | Divine Intervention Cheat Menu | Divine Intervention CM [RUS]","localization/russian/gui/DI_RUS_l_russian.yml | localization/russian/gui/DI_l_russian.yml","DI_chief_eunuch","localization/russian/gui/DI_RUS_l_russian.yml","localization/russian/gui/DI_l_russian.yml"
"628","06:11:21","pdx_localize.cpp:279","Duplicate localization key. Key 'DI_lady_in_waiting' is defined in both 'localization/russian/gui/DI_RUS_l_russian.yml' and 'localization/russian/gui/DI_l_russian.yml'.","Expected corrective localization override","Divine Intervention AGOT | Русификатор | Divine Intervention Cheat Menu | Divine Intervention CM [RUS]","localization/russian/gui/DI_RUS_l_russian.yml | localization/russian/gui/DI_l_russian.yml","DI_lady_in_waiting","localization/russian/gui/DI_RUS_l_russian.yml","localization/russian/gui/DI_l_russian.yml"
"629","06:11:21","pdx_localize.cpp:279","Duplicate localization key. Key 'DI_court_antiquarian' is defined in both 'localization/russian/gui/DI_RUS_l_russian.yml' and 'localization/russian/gui/DI_l_russian.yml'.","Expected corrective localization override","Divine Intervention AGOT | Русификатор | Divine Intervention Cheat Menu | Divine Intervention CM [RUS]","localization/russian/gui/DI_RUS_l_russian.yml | localization/russian/gui/DI_l_russian.yml","DI_court_antiquarian","localization/russian/gui/DI_RUS_l_russian.yml","localization/russian/gui/DI_l_russian.yml"
"630","06:11:21","pdx_localize.cpp:279","Duplicate localization key. Key 'DI_court_tutor' is defined in both 'localization/russian/gui/DI_RUS_l_russian.yml' and 'localization/russian/gui/DI_l_russian.yml'.","Expected corrective localization override","Divine Intervention AGOT | Русификатор | Divine Intervention Cheat Menu | Divine Intervention CM [RUS]","localization/russian/gui/DI_RUS_l_russian.yml | localization/russian/gui/DI_l_russian.yml","DI_court_tutor","localization/russian/gui/DI_RUS_l_russian.yml","localization/russian/gui/DI_l_russian.yml"
"631","06:11:21","pdx_localize.cpp:279","Duplicate localization key. Key 'DI_court_food_taster' is defined in both 'localization/russian/gui/DI_RUS_l_russian.yml' and 'localization/russian/gui/DI_l_russian.yml'.","Expected corrective localization override","Divine Intervention AGOT | Русификатор | Divine Intervention Cheat Menu | Divine Intervention CM [RUS]","localization/russian/gui/DI_RUS_l_russian.yml | localization/russian/gui/DI_l_russian.yml","DI_court_food_taster","localization/russian/gui/DI_RUS_l_russian.yml","localization/russian/gui/DI_l_russian.yml"
"632","06:11:21","pdx_localize.cpp:279","Duplicate localization key. Key 'DI_court_master_of_horse' is defined in both 'localization/russian/gui/DI_RUS_l_russian.yml' and 'localization/russian/gui/DI_l_russian.yml'.","Expected corrective localization override","Divine Intervention AGOT | Русификатор | Divine Intervention Cheat Menu | Divine Intervention CM [RUS]","localization/russian/gui/DI_RUS_l_russian.yml | localization/russian/gui/DI_l_russian.yml","DI_court_master_of_horse","localization/russian/gui/DI_RUS_l_russian.yml","localization/russian/gui/DI_l_russian.yml"
"633","06:11:21","pdx_localize.cpp:279","Duplicate localization key. Key 'DI_court_master_of_hunt' is defined in both 'localization/russian/gui/DI_RUS_l_russian.yml' and 'localization/russian/gui/DI_l_russian.yml'.","Expected corrective localization override","Divine Intervention AGOT | Русификатор | Divine Intervention Cheat Menu | Divine Intervention CM [RUS]","localization/russian/gui/DI_RUS_l_russian.yml | localization/russian/gui/DI_l_russian.yml","DI_court_master_of_hunt","localization/russian/gui/DI_RUS_l_russian.yml","localization/russian/gui/DI_l_russian.yml"
"634","06:11:21","pdx_localize.cpp:279","Duplicate localization key. Key 'DI_court_royal_architect' is defined in both 'localization/russian/gui/DI_RUS_l_russian.yml' and 'localization/russian/gui/DI_l_russian.yml'.","Expected corrective localization override","Divine Intervention AGOT | Русификатор | Divine Intervention Cheat Menu | Divine Intervention CM [RUS]","localization/russian/gui/DI_RUS_l_russian.yml | localization/russian/gui/DI_l_russian.yml","DI_court_royal_architect","localization/russian/gui/DI_RUS_l_russian.yml","localization/russian/gui/DI_l_russian.yml"
"635","06:11:21","pdx_localize.cpp:279","Duplicate localization key. Key 'DI_court_high_almoner' is defined in both 'localization/russian/gui/DI_RUS_l_russian.yml' and 'localization/russian/gui/DI_l_russian.yml'.","Expected corrective localization override","Divine Intervention AGOT | Русификатор | Divine Intervention Cheat Menu | Divine Intervention CM [RUS]","localization/russian/gui/DI_RUS_l_russian.yml | localization/russian/gui/DI_l_russian.yml","DI_court_high_almoner","localization/russian/gui/DI_RUS_l_russian.yml","localization/russian/gui/DI_l_russian.yml"
"636","06:11:21","pdx_localize.cpp:279","Duplicate localization key. Key 'DI_court_seneschal' is defined in both 'localization/russian/gui/DI_RUS_l_russian.yml' and 'localization/russian/gui/DI_l_russian.yml'.","Expected corrective localization override","Divine Intervention AGOT | Русификатор | Divine Intervention Cheat Menu | Divine Intervention CM [RUS]","localization/russian/gui/DI_RUS_l_russian.yml | localization/russian/gui/DI_l_russian.yml","DI_court_seneschal","localization/russian/gui/DI_RUS_l_russian.yml","localization/russian/gui/DI_l_russian.yml"
"637","06:11:21","pdx_localize.cpp:279","Duplicate localization key. Key 'DI_court_cupbearer' is defined in both 'localization/russian/gui/DI_RUS_l_russian.yml' and 'localization/russian/gui/DI_l_russian.yml'.","Expected corrective localization override","Divine Intervention AGOT | Русификатор | Divine Intervention Cheat Menu | Divine Intervention CM [RUS]","localization/russian/gui/DI_RUS_l_russian.yml | localization/russian/gui/DI_l_russian.yml","DI_court_cupbearer","localization/russian/gui/DI_RUS_l_russian.yml","localization/russian/gui/DI_l_russian.yml"
"638","06:11:21","pdx_localize.cpp:279","Duplicate localization key. Key 'DI_court_jester' is defined in both 'localization/russian/gui/DI_RUS_l_russian.yml' and 'localization/russian/gui/DI_l_russian.yml'.","Expected corrective localization override","Divine Intervention AGOT | Русификатор | Divine Intervention Cheat Menu | Divine Intervention CM [RUS]","localization/russian/gui/DI_RUS_l_russian.yml | localization/russian/gui/DI_l_russian.yml","DI_court_jester","localization/russian/gui/DI_RUS_l_russian.yml","localization/russian/gui/DI_l_russian.yml"
"639","06:11:21","pdx_localize.cpp:279","Duplicate localization key. Key 'DI_court_poet' is defined in both 'localization/russian/gui/DI_RUS_l_russian.yml' and 'localization/russian/gui/DI_l_russian.yml'.","Expected corrective localization override","Divine Intervention AGOT | Русификатор | Divine Intervention Cheat Menu | Divine Intervention CM [RUS]","localization/russian/gui/DI_RUS_l_russian.yml | localization/russian/gui/DI_l_russian.yml","DI_court_poet","localization/russian/gui/DI_RUS_l_russian.yml","localization/russian/gui/DI_l_russian.yml"
"640","06:11:21","pdx_localize.cpp:279","Duplicate localization key. Key 'DI_court_musician' is defined in both 'localization/russian/gui/DI_RUS_l_russian.yml' and 'localization/russian/gui/DI_l_russian.yml'.","Expected corrective localization override","Divine Intervention AGOT | Русификатор | Divine Intervention Cheat Menu | Divine Intervention CM [RUS]","localization/russian/gui/DI_RUS_l_russian.yml | localization/russian/gui/DI_l_russian.yml","DI_court_musician","localization/russian/gui/DI_RUS_l_russian.yml","localization/russian/gui/DI_l_russian.yml"
"641","06:11:21","pdx_localize.cpp:279","Duplicate localization key. Key 'DI_court_bodyguard' is defined in both 'localization/russian/gui/DI_RUS_l_russian.yml' and 'localization/russian/gui/DI_l_russian.yml'.","Expected corrective localization override","Divine Intervention AGOT | Русификатор | Divine Intervention Cheat Menu | Divine Intervention CM [RUS]","localization/russian/gui/DI_RUS_l_russian.yml | localization/russian/gui/DI_l_russian.yml","DI_court_bodyguard","localization/russian/gui/DI_RUS_l_russian.yml","localization/russian/gui/DI_l_russian.yml"
"642","06:11:21","pdx_localize.cpp:279","Duplicate localization key. Key 'DI_court_champion' is defined in both 'localization/russian/gui/DI_RUS_l_russian.yml' and 'localization/russian/gui/DI_l_russian.yml'.","Expected corrective localization override","Divine Intervention AGOT | Русификатор | Divine Intervention Cheat Menu | Divine Intervention CM [RUS]","localization/russian/gui/DI_RUS_l_russian.yml | localization/russian/gui/DI_l_russian.yml","DI_court_champion","localization/russian/gui/DI_RUS_l_russian.yml","localization/russian/gui/DI_l_russian.yml"
"643","06:11:21","pdx_localize.cpp:279","Duplicate localization key. Key 'DI_court_executioner' is defined in both 'localization/russian/gui/DI_RUS_l_russian.yml' and 'localization/russian/gui/DI_l_russian.yml'.","Expected corrective localization override","Divine Intervention AGOT | Русификатор | Divine Intervention Cheat Menu | Divine Intervention CM [RUS]","localization/russian/gui/DI_RUS_l_russian.yml | localization/russian/gui/DI_l_russian.yml","DI_court_executioner","localization/russian/gui/DI_RUS_l_russian.yml","localization/russian/gui/DI_l_russian.yml"
"644","06:11:21","pdx_localize.cpp:279","Duplicate localization key. Key 'DI_court_artificer' is defined in both 'localization/russian/gui/DI_RUS_l_russian.yml' and 'localization/russian/gui/DI_l_russian.yml'.","Expected corrective localization override","Divine Intervention AGOT | Русификатор | Divine Intervention Cheat Menu | Divine Intervention CM [RUS]","localization/russian/gui/DI_RUS_l_russian.yml | localization/russian/gui/DI_l_russian.yml","DI_court_artificer","localization/russian/gui/DI_RUS_l_russian.yml","localization/russian/gui/DI_l_russian.yml"
"645","06:11:21","pdx_localize.cpp:279","Duplicate localization key. Key 'DI_army_spawner' is defined in both 'localization/russian/gui/DI_RUS_l_russian.yml' and 'localization/russian/gui/DI_l_russian.yml'.","Expected corrective localization override","Divine Intervention AGOT | Русификатор | Divine Intervention Cheat Menu | Divine Intervention CM [RUS]","localization/russian/gui/DI_RUS_l_russian.yml | localization/russian/gui/DI_l_russian.yml","DI_army_spawner","localization/russian/gui/DI_RUS_l_russian.yml","localization/russian/gui/DI_l_russian.yml"
"646","06:11:21","pdx_localize.cpp:279","Duplicate localization key. Key 'DI_army_spawner_increment' is defined in both 'localization/russian/gui/DI_RUS_l_russian.yml' and 'localization/russian/gui/DI_l_russian.yml'.","Expected corrective localization override","Divine Intervention AGOT | Русификатор | Divine Intervention Cheat Menu | Divine Intervention CM [RUS]","localization/russian/gui/DI_RUS_l_russian.yml | localization/russian/gui/DI_l_russian.yml","DI_army_spawner_increment","localization/russian/gui/DI_RUS_l_russian.yml","localization/russian/gui/DI_l_russian.yml"
"647","06:11:21","pdx_localize.cpp:279","Duplicate localization key. Key 'DI_other_army_spawner' is defined in both 'localization/russian/gui/DI_RUS_l_russian.yml' and 'localization/russian/gui/DI_l_russian.yml'.","Expected corrective localization override","Divine Intervention AGOT | Русификатор | Divine Intervention Cheat Menu | Divine Intervention CM [RUS]","localization/russian/gui/DI_RUS_l_russian.yml | localization/russian/gui/DI_l_russian.yml","DI_other_army_spawner","localization/russian/gui/DI_RUS_l_russian.yml","localization/russian/gui/DI_l_russian.yml"
"648","06:11:21","pdx_localize.cpp:279","Duplicate localization key. Key 'DI_army_spawner_increment_tt' is defined in both 'localization/russian/gui/DI_RUS_l_russian.yml' and 'localization/russian/gui/DI_l_russian.yml'.","Expected corrective localization override","Divine Intervention AGOT | Русификатор | Divine Intervention Cheat Menu | Divine Intervention CM [RUS]","localization/russian/gui/DI_RUS_l_russian.yml | localization/russian/gui/DI_l_russian.yml","DI_army_spawner_increment_tt","localization/russian/gui/DI_RUS_l_russian.yml","localization/russian/gui/DI_l_russian.yml"
"649","06:11:21","pdx_localize.cpp:279","Duplicate localization key. Key 'DI_warning_levy' is defined in both 'localization/russian/gui/DI_RUS_l_russian.yml' and 'localization/russian/gui/DI_l_russian.yml'.","Expected corrective localization override","Divine Intervention AGOT | Русификатор | Divine Intervention Cheat Menu | Divine Intervention CM [RUS]","localization/russian/gui/DI_RUS_l_russian.yml | localization/russian/gui/DI_l_russian.yml","DI_warning_levy","localization/russian/gui/DI_RUS_l_russian.yml","localization/russian/gui/DI_l_russian.yml"
"650","06:11:21","pdx_localize.cpp:279","Duplicate localization key. Key 'DI_diplomacy' is defined in both 'localization/russian/gui/DI_RUS_l_russian.yml' and 'localization/russian/gui/DI_l_russian.yml'.","Expected corrective localization override","Divine Intervention AGOT | Русификатор | Divine Intervention Cheat Menu | Divine Intervention CM [RUS]","localization/russian/gui/DI_RUS_l_russian.yml | localization/russian/gui/DI_l_russian.yml","DI_diplomacy","localization/russian/gui/DI_RUS_l_russian.yml","localization/russian/gui/DI_l_russian.yml"
"651","06:11:21","pdx_localize.cpp:279","Duplicate localization key. Key 'DI_select_character' is defined in both 'localization/russian/gui/DI_RUS_l_russian.yml' and 'localization/russian/gui/DI_l_russian.yml'.","Expected corrective localization override","Divine Intervention AGOT | Русификатор | Divine Intervention Cheat Menu | Divine Intervention CM [RUS]","localization/russian/gui/DI_RUS_l_russian.yml | localization/russian/gui/DI_l_russian.yml","DI_select_character","localization/russian/gui/DI_RUS_l_russian.yml","localization/russian/gui/DI_l_russian.yml"
"652","06:11:21","pdx_localize.cpp:279","Duplicate localization key. Key 'DI_primary_character' is defined in both 'localization/russian/gui/DI_RUS_l_russian.yml' and 'localization/russian/gui/DI_l_russian.yml'.","Expected corrective localization override","Divine Intervention AGOT | Русификатор | Divine Intervention Cheat Menu | Divine Intervention CM [RUS]","localization/russian/gui/DI_RUS_l_russian.yml | localization/russian/gui/DI_l_russian.yml","DI_primary_character","localization/russian/gui/DI_RUS_l_russian.yml","localization/russian/gui/DI_l_russian.yml"
"653","06:11:21","pdx_localize.cpp:279","Duplicate localization key. Key 'DI_secondary_character' is defined in both 'localization/russian/gui/DI_RUS_l_russian.yml' and 'localization/russian/gui/DI_l_russian.yml'.","Expected corrective localization override","Divine Intervention AGOT | Русификатор | Divine Intervention Cheat Menu | Divine Intervention CM [RUS]","localization/russian/gui/DI_RUS_l_russian.yml | localization/russian/gui/DI_l_russian.yml","DI_secondary_character","localization/russian/gui/DI_RUS_l_russian.yml","localization/russian/gui/DI_l_russian.yml"
"654","06:11:21","pdx_localize.cpp:279","Duplicate localization key. Key 'DI_tertiary_character' is defined in both 'localization/russian/gui/DI_RUS_l_russian.yml' and 'localization/russian/gui/DI_l_russian.yml'.","Expected corrective localization override","Divine Intervention AGOT | Русификатор | Divine Intervention Cheat Menu | Divine Intervention CM [RUS]","localization/russian/gui/DI_RUS_l_russian.yml | localization/russian/gui/DI_l_russian.yml","DI_tertiary_character","localization/russian/gui/DI_RUS_l_russian.yml","localization/russian/gui/DI_l_russian.yml"
"655","06:11:21","pdx_localize.cpp:279","Duplicate localization key. Key 'DI_tab_relations' is defined in both 'localization/russian/gui/DI_RUS_l_russian.yml' and 'localization/russian/gui/DI_l_russian.yml'.","Expected corrective localization override","Divine Intervention AGOT | Русификатор | Divine Intervention Cheat Menu | Divine Intervention CM [RUS]","localization/russian/gui/DI_RUS_l_russian.yml | localization/russian/gui/DI_l_russian.yml","DI_tab_relations","localization/russian/gui/DI_RUS_l_russian.yml","localization/russian/gui/DI_l_russian.yml"
"656","06:11:21","pdx_localize.cpp:279","Duplicate localization key. Key 'DI_tab_treaties' is defined in both 'localization/russian/gui/DI_RUS_l_russian.yml' and 'localization/russian/gui/DI_l_russian.yml'.","Expected corrective localization override","Divine Intervention AGOT | Русификатор | Divine Intervention Cheat Menu | Divine Intervention CM [RUS]","localization/russian/gui/DI_RUS_l_russian.yml | localization/russian/gui/DI_l_russian.yml","DI_tab_treaties","localization/russian/gui/DI_RUS_l_russian.yml","localization/russian/gui/DI_l_russian.yml"
"657","06:11:21","pdx_localize.cpp:279","Duplicate localization key. Key 'DI_tab_wars' is defined in both 'localization/russian/gui/DI_RUS_l_russian.yml' and 'localization/russian/gui/DI_l_russian.yml'.","Expected corrective localization override","Divine Intervention AGOT | Русификатор | Divine Intervention Cheat Menu | Divine Intervention CM [RUS]","localization/russian/gui/DI_RUS_l_russian.yml | localization/russian/gui/DI_l_russian.yml","DI_tab_wars","localization/russian/gui/DI_RUS_l_russian.yml","localization/russian/gui/DI_l_russian.yml"
"658","06:11:21","pdx_localize.cpp:279","Duplicate localization key. Key 'DI_tab_family' is defined in both 'localization/russian/gui/DI_RUS_l_russian.yml' and 'localization/russian/gui/DI_l_russian.yml'.","Expected corrective localization override","Divine Intervention AGOT | Русификатор | Divine Intervention Cheat Menu | Divine Intervention CM [RUS]","localization/russian/gui/DI_RUS_l_russian.yml | localization/russian/gui/DI_l_russian.yml","DI_tab_family","localization/russian/gui/DI_RUS_l_russian.yml","localization/russian/gui/DI_l_russian.yml"
"659","06:11:21","pdx_localize.cpp:279","Duplicate localization key. Key 'DI_test' is defined in both 'localization/russian/gui/DI_RUS_l_russian.yml' and 'localization/russian/gui/DI_l_russian.yml'.","Expected corrective localization override","Divine Intervention AGOT | Русификатор | Divine Intervention Cheat Menu | Divine Intervention CM [RUS]","localization/russian/gui/DI_RUS_l_russian.yml | localization/russian/gui/DI_l_russian.yml","DI_test","localization/russian/gui/DI_RUS_l_russian.yml","localization/russian/gui/DI_l_russian.yml"
"660","06:11:21","pdx_localize.cpp:279","Duplicate localization key. Key 'DI_clear_primary' is defined in both 'localization/russian/gui/DI_RUS_l_russian.yml' and 'localization/russian/gui/DI_l_russian.yml'.","Expected corrective localization override","Divine Intervention AGOT | Русификатор | Divine Intervention Cheat Menu | Divine Intervention CM [RUS]","localization/russian/gui/DI_RUS_l_russian.yml | localization/russian/gui/DI_l_russian.yml","DI_clear_primary","localization/russian/gui/DI_RUS_l_russian.yml","localization/russian/gui/DI_l_russian.yml"
"661","06:11:21","pdx_localize.cpp:279","Duplicate localization key. Key 'DI_clear_secondary' is defined in both 'localization/russian/gui/DI_RUS_l_russian.yml' and 'localization/russian/gui/DI_l_russian.yml'.","Expected corrective localization override","Divine Intervention AGOT | Русификатор | Divine Intervention Cheat Menu | Divine Intervention CM [RUS]","localization/russian/gui/DI_RUS_l_russian.yml | localization/russian/gui/DI_l_russian.yml","DI_clear_secondary","localization/russian/gui/DI_RUS_l_russian.yml","localization/russian/gui/DI_l_russian.yml"
"662","06:11:21","pdx_localize.cpp:279","Duplicate localization key. Key 'DI_clear_tertiary' is defined in both 'localization/russian/gui/DI_RUS_l_russian.yml' and 'localization/russian/gui/DI_l_russian.yml'.","Expected corrective localization override","Divine Intervention AGOT | Русификатор | Divine Intervention Cheat Menu | Divine Intervention CM [RUS]","localization/russian/gui/DI_RUS_l_russian.yml | localization/russian/gui/DI_l_russian.yml","DI_clear_tertiary","localization/russian/gui/DI_RUS_l_russian.yml","localization/russian/gui/DI_l_russian.yml"
"663","06:11:21","pdx_localize.cpp:279","Duplicate localization key. Key 'DI_relations_tt' is defined in both 'localization/russian/gui/DI_RUS_l_russian.yml' and 'localization/russian/gui/DI_l_russian.yml'.","Expected corrective localization override","Divine Intervention AGOT | Русификатор | Divine Intervention Cheat Menu | Divine Intervention CM [RUS]","localization/russian/gui/DI_RUS_l_russian.yml | localization/russian/gui/DI_l_russian.yml","DI_relations_tt","localization/russian/gui/DI_RUS_l_russian.yml","localization/russian/gui/DI_l_russian.yml"
"664","06:11:21","pdx_localize.cpp:279","Duplicate localization key. Key 'DI_placeholder_tt' is defined in both 'localization/russian/gui/DI_RUS_l_russian.yml' and 'localization/russian/gui/DI_l_russian.yml'.","Expected corrective localization override","Divine Intervention AGOT | Русификатор | Divine Intervention Cheat Menu | Divine Intervention CM [RUS]","localization/russian/gui/DI_RUS_l_russian.yml | localization/russian/gui/DI_l_russian.yml","DI_placeholder_tt","localization/russian/gui/DI_RUS_l_russian.yml","localization/russian/gui/DI_l_russian.yml"
"665","06:11:21","pdx_localize.cpp:279","Duplicate localization key. Key 'DI_reset_relations' is defined in both 'localization/russian/gui/DI_RUS_l_russian.yml' and 'localization/russian/gui/DI_l_russian.yml'.","Expected corrective localization override","Divine Intervention AGOT | Русификатор | Divine Intervention Cheat Menu | Divine Intervention CM [RUS]","localization/russian/gui/DI_RUS_l_russian.yml | localization/russian/gui/DI_l_russian.yml","DI_reset_relations","localization/russian/gui/DI_RUS_l_russian.yml","localization/russian/gui/DI_l_russian.yml"
"666","06:11:21","pdx_localize.cpp:279","Duplicate localization key. Key 'DI_reset_relations_tt' is defined in both 'localization/russian/gui/DI_RUS_l_russian.yml' and 'localization/russian/gui/DI_l_russian.yml'.","Expected corrective localization override","Divine Intervention AGOT | Русификатор | Divine Intervention Cheat Menu | Divine Intervention CM [RUS]","localization/russian/gui/DI_RUS_l_russian.yml | localization/russian/gui/DI_l_russian.yml","DI_reset_relations_tt","localization/russian/gui/DI_RUS_l_russian.yml","localization/russian/gui/DI_l_russian.yml"
"667","06:11:21","pdx_localize.cpp:279","Duplicate localization key. Key 'DI_good_relations' is defined in both 'localization/russian/gui/DI_RUS_l_russian.yml' and 'localization/russian/gui/DI_l_russian.yml'.","Expected corrective localization override","Divine Intervention AGOT | Русификатор | Divine Intervention Cheat Menu | Divine Intervention CM [RUS]","localization/russian/gui/DI_RUS_l_russian.yml | localization/russian/gui/DI_l_russian.yml","DI_good_relations","localization/russian/gui/DI_RUS_l_russian.yml","localization/russian/gui/DI_l_russian.yml"
"668","06:11:21","pdx_localize.cpp:279","Duplicate localization key. Key 'DI_bad_relations' is defined in both 'localization/russian/gui/DI_RUS_l_russian.yml' and 'localization/russian/gui/DI_l_russian.yml'.","Expected corrective localization override","Divine Intervention AGOT | Русификатор | Divine Intervention Cheat Menu | Divine Intervention CM [RUS]","localization/russian/gui/DI_RUS_l_russian.yml | localization/russian/gui/DI_l_russian.yml","DI_bad_relations","localization/russian/gui/DI_RUS_l_russian.yml","localization/russian/gui/DI_l_russian.yml"
"669","06:11:21","pdx_localize.cpp:279","Duplicate localization key. Key 'DI_reset_pinned_relations' is defined in both 'localization/russian/gui/DI_RUS_l_russian.yml' and 'localization/russian/gui/DI_l_russian.yml'.","Expected corrective localization override","Divine Intervention AGOT | Русификатор | Divine Intervention Cheat Menu | Divine Intervention CM [RUS]","localization/russian/gui/DI_RUS_l_russian.yml | localization/russian/gui/DI_l_russian.yml","DI_reset_pinned_relations","localization/russian/gui/DI_RUS_l_russian.yml","localization/russian/gui/DI_l_russian.yml"
"670","06:11:21","pdx_localize.cpp:279","Duplicate localization key. Key 'DI_reset_pinned_relations_tt' is defined in both 'localization/russian/gui/DI_RUS_l_russian.yml' and 'localization/russian/gui/DI_l_russian.yml'.","Expected corrective localization override","Divine Intervention AGOT | Русификатор | Divine Intervention Cheat Menu | Divine Intervention CM [RUS]","localization/russian/gui/DI_RUS_l_russian.yml | localization/russian/gui/DI_l_russian.yml","DI_reset_pinned_relations_tt","localization/russian/gui/DI_RUS_l_russian.yml","localization/russian/gui/DI_l_russian.yml"
"671","06:11:21","pdx_localize.cpp:279","Duplicate localization key. Key 'DI_reset_all_pinned_relations' is defined in both 'localization/russian/gui/DI_RUS_l_russian.yml' and 'localization/russian/gui/DI_l_russian.yml'.","Expected corrective localization override","Divine Intervention AGOT | Русификатор | Divine Intervention Cheat Menu | Divine Intervention CM [RUS]","localization/russian/gui/DI_RUS_l_russian.yml | localization/russian/gui/DI_l_russian.yml","DI_reset_all_pinned_relations","localization/russian/gui/DI_RUS_l_russian.yml","localization/russian/gui/DI_l_russian.yml"
"672","06:11:21","pdx_localize.cpp:279","Duplicate localization key. Key 'DI_reset_all_pinned_relations_tt' is defined in both 'localization/russian/gui/DI_RUS_l_russian.yml' and 'localization/russian/gui/DI_l_russian.yml'.","Expected corrective localization override","Divine Intervention AGOT | Русификатор | Divine Intervention Cheat Menu | Divine Intervention CM [RUS]","localization/russian/gui/DI_RUS_l_russian.yml | localization/russian/gui/DI_l_russian.yml","DI_reset_all_pinned_relations_tt","localization/russian/gui/DI_RUS_l_russian.yml","localization/russian/gui/DI_l_russian.yml"
"673","06:11:21","pdx_localize.cpp:279","Duplicate localization key. Key 'DI_apply_relations' is defined in both 'localization/russian/gui/DI_RUS_l_russian.yml' and 'localization/russian/gui/DI_l_russian.yml'.","Expected corrective localization override","Divine Intervention AGOT | Русификатор | Divine Intervention Cheat Menu | Divine Intervention CM [RUS]","localization/russian/gui/DI_RUS_l_russian.yml | localization/russian/gui/DI_l_russian.yml","DI_apply_relations","localization/russian/gui/DI_RUS_l_russian.yml","localization/russian/gui/DI_l_russian.yml"
"674","06:11:21","pdx_localize.cpp:279","Duplicate localization key. Key 'DI_apply_relations_tt' is defined in both 'localization/russian/gui/DI_RUS_l_russian.yml' and 'localization/russian/gui/DI_l_russian.yml'.","Expected corrective localization override","Divine Intervention AGOT | Русификатор | Divine Intervention Cheat Menu | Divine Intervention CM [RUS]","localization/russian/gui/DI_RUS_l_russian.yml | localization/russian/gui/DI_l_russian.yml","DI_apply_relations_tt","localization/russian/gui/DI_RUS_l_russian.yml","localization/russian/gui/DI_l_russian.yml"
"675","06:11:21","pdx_localize.cpp:279","Duplicate localization key. Key 'DI_apply_pinned_relations' is defined in both 'localization/russian/gui/DI_RUS_l_russian.yml' and 'localization/russian/gui/DI_l_russian.yml'.","Expected corrective localization override","Divine Intervention AGOT | Русификатор | Divine Intervention Cheat Menu | Divine Intervention CM [RUS]","localization/russian/gui/DI_RUS_l_russian.yml | localization/russian/gui/DI_l_russian.yml","DI_apply_pinned_relations","localization/russian/gui/DI_RUS_l_russian.yml","localization/russian/gui/DI_l_russian.yml"
"676","06:11:21","pdx_localize.cpp:279","Duplicate localization key. Key 'DI_apply_pinned_relations_tt' is defined in both 'localization/russian/gui/DI_RUS_l_russian.yml' and 'localization/russian/gui/DI_l_russian.yml'.","Expected corrective localization override","Divine Intervention AGOT | Русификатор | Divine Intervention Cheat Menu | Divine Intervention CM [RUS]","localization/russian/gui/DI_RUS_l_russian.yml | localization/russian/gui/DI_l_russian.yml","DI_apply_pinned_relations_tt","localization/russian/gui/DI_RUS_l_russian.yml","localization/russian/gui/DI_l_russian.yml"
"677","06:11:21","pdx_localize.cpp:279","Duplicate localization key. Key 'DI_apply_all_pinned_relations' is defined in both 'localization/russian/gui/DI_RUS_l_russian.yml' and 'localization/russian/gui/DI_l_russian.yml'.","Expected corrective localization override","Divine Intervention AGOT | Русификатор | Divine Intervention Cheat Menu | Divine Intervention CM [RUS]","localization/russian/gui/DI_RUS_l_russian.yml | localization/russian/gui/DI_l_russian.yml","DI_apply_all_pinned_relations","localization/russian/gui/DI_RUS_l_russian.yml","localization/russian/gui/DI_l_russian.yml"
"678","06:11:21","pdx_localize.cpp:279","Duplicate localization key. Key 'DI_apply_all_pinned_relations_tt' is defined in both 'localization/russian/gui/DI_RUS_l_russian.yml' and 'localization/russian/gui/DI_l_russian.yml'.","Expected corrective localization override","Divine Intervention AGOT | Русификатор | Divine Intervention Cheat Menu | Divine Intervention CM [RUS]","localization/russian/gui/DI_RUS_l_russian.yml | localization/russian/gui/DI_l_russian.yml","DI_apply_all_pinned_relations_tt","localization/russian/gui/DI_RUS_l_russian.yml","localization/russian/gui/DI_l_russian.yml"
"679","06:11:21","pdx_localize.cpp:279","Duplicate localization key. Key 'DI_relation_add_compatibility_tt' is defined in both 'localization/russian/gui/DI_RUS_l_russian.yml' and 'localization/russian/gui/DI_l_russian.yml'.","Expected corrective localization override","Divine Intervention AGOT | Русификатор | Divine Intervention Cheat Menu | Divine Intervention CM [RUS]","localization/russian/gui/DI_RUS_l_russian.yml | localization/russian/gui/DI_l_russian.yml","DI_relation_add_compatibility_tt","localization/russian/gui/DI_RUS_l_russian.yml","localization/russian/gui/DI_l_russian.yml"
"680","06:11:21","pdx_localize.cpp:279","Duplicate localization key. Key 'DI_dip_treaty_button' is defined in both 'localization/russian/gui/DI_RUS_l_russian.yml' and 'localization/russian/gui/DI_l_russian.yml'.","Expected corrective localization override","Divine Intervention AGOT | Русификатор | Divine Intervention Cheat Menu | Divine Intervention CM [RUS]","localization/russian/gui/DI_RUS_l_russian.yml | localization/russian/gui/DI_l_russian.yml","DI_dip_treaty_button","localization/russian/gui/DI_RUS_l_russian.yml","localization/russian/gui/DI_l_russian.yml"
"681","06:11:21","pdx_localize.cpp:279","Duplicate localization key. Key 'DI_dip_treaty_button_tt' is defined in both 'localization/russian/gui/DI_RUS_l_russian.yml' and 'localization/russian/gui/DI_l_russian.yml'.","Expected corrective localization override","Divine Intervention AGOT | Русификатор | Divine Intervention Cheat Menu | Divine Intervention CM [RUS]","localization/russian/gui/DI_RUS_l_russian.yml | localization/russian/gui/DI_l_russian.yml","DI_dip_treaty_button_tt","localization/russian/gui/DI_RUS_l_russian.yml","localization/russian/gui/DI_l_russian.yml"
"682","06:11:21","pdx_localize.cpp:279","Duplicate localization key. Key 'DI_dip_alliance_button' is defined in both 'localization/russian/gui/DI_RUS_l_russian.yml' and 'localization/russian/gui/DI_l_russian.yml'.","Expected corrective localization override","Divine Intervention AGOT | Русификатор | Divine Intervention Cheat Menu | Divine Intervention CM [RUS]","localization/russian/gui/DI_RUS_l_russian.yml | localization/russian/gui/DI_l_russian.yml","DI_dip_alliance_button","localization/russian/gui/DI_RUS_l_russian.yml","localization/russian/gui/DI_l_russian.yml"
"683","06:11:21","pdx_localize.cpp:279","Duplicate localization key. Key 'DI_dip_alliance_button_tt' is defined in both 'localization/russian/gui/DI_RUS_l_russian.yml' and 'localization/russian/gui/DI_l_russian.yml'.","Expected corrective localization override","Divine Intervention AGOT | Русификатор | Divine Intervention Cheat Menu | Divine Intervention CM [RUS]","localization/russian/gui/DI_RUS_l_russian.yml | localization/russian/gui/DI_l_russian.yml","DI_dip_alliance_button_tt","localization/russian/gui/DI_RUS_l_russian.yml","localization/russian/gui/DI_l_russian.yml"
"684","06:11:21","pdx_localize.cpp:279","Duplicate localization key. Key 'DI_dip_vassalize_button' is defined in both 'localization/russian/gui/DI_RUS_l_russian.yml' and 'localization/russian/gui/DI_l_russian.yml'.","Expected corrective localization override","Divine Intervention AGOT | Русификатор | Divine Intervention Cheat Menu | Divine Intervention CM [RUS]","localization/russian/gui/DI_RUS_l_russian.yml | localization/russian/gui/DI_l_russian.yml","DI_dip_vassalize_button","localization/russian/gui/DI_RUS_l_russian.yml","localization/russian/gui/DI_l_russian.yml"
"685","06:11:21","pdx_localize.cpp:279","Duplicate localization key. Key 'DI_dip_vassalize_button_tt' is defined in both 'localization/russian/gui/DI_RUS_l_russian.yml' and 'localization/russian/gui/DI_l_russian.yml'.","Expected corrective localization override","Divine Intervention AGOT | Русификатор | Divine Intervention Cheat Menu | Divine Intervention CM [RUS]","localization/russian/gui/DI_RUS_l_russian.yml | localization/russian/gui/DI_l_russian.yml","DI_dip_vassalize_button_tt","localization/russian/gui/DI_RUS_l_russian.yml","localization/russian/gui/DI_l_russian.yml"
"686","06:11:21","pdx_localize.cpp:279","Duplicate localization key. Key 'DI_dip_take_titles_button' is defined in both 'localization/russian/gui/DI_RUS_l_russian.yml' and 'localization/russian/gui/DI_l_russian.yml'.","Expected corrective localization override","Divine Intervention AGOT | Русификатор | Divine Intervention Cheat Menu | Divine Intervention CM [RUS]","localization/russian/gui/DI_RUS_l_russian.yml | localization/russian/gui/DI_l_russian.yml","DI_dip_take_titles_button","localization/russian/gui/DI_RUS_l_russian.yml","localization/russian/gui/DI_l_russian.yml"
"687","06:11:21","pdx_localize.cpp:279","Duplicate localization key. Key 'DI_dip_take_titles_button_tt' is defined in both 'localization/russian/gui/DI_RUS_l_russian.yml' and 'localization/russian/gui/DI_l_russian.yml'.","Expected corrective localization override","Divine Intervention AGOT | Русификатор | Divine Intervention Cheat Menu | Divine Intervention CM [RUS]","localization/russian/gui/DI_RUS_l_russian.yml | localization/russian/gui/DI_l_russian.yml","DI_dip_take_titles_button_tt","localization/russian/gui/DI_RUS_l_russian.yml","localization/russian/gui/DI_l_russian.yml"
"688","06:11:21","pdx_localize.cpp:279","Duplicate localization key. Key 'DI_all_treaty' is defined in both 'localization/russian/gui/DI_RUS_l_russian.yml' and 'localization/russian/gui/DI_l_russian.yml'.","Expected corrective localization override","Divine Intervention AGOT | Русификатор | Divine Intervention Cheat Menu | Divine Intervention CM [RUS]","localization/russian/gui/DI_RUS_l_russian.yml | localization/russian/gui/DI_l_russian.yml","DI_all_treaty","localization/russian/gui/DI_RUS_l_russian.yml","localization/russian/gui/DI_l_russian.yml"
"689","06:11:21","pdx_localize.cpp:279","Duplicate localization key. Key 'DI_all_treaty_tt' is defined in both 'localization/russian/gui/DI_RUS_l_russian.yml' and 'localization/russian/gui/DI_l_russian.yml'.","Expected corrective localization override","Divine Intervention AGOT | Русификатор | Divine Intervention Cheat Menu | Divine Intervention CM [RUS]","localization/russian/gui/DI_RUS_l_russian.yml | localization/russian/gui/DI_l_russian.yml","DI_all_treaty_tt","localization/russian/gui/DI_RUS_l_russian.yml","localization/russian/gui/DI_l_russian.yml"
"690","06:11:21","pdx_localize.cpp:279","Duplicate localization key. Key 'DI_all_break_treaty' is defined in both 'localization/russian/gui/DI_RUS_l_russian.yml' and 'localization/russian/gui/DI_l_russian.yml'.","Expected corrective localization override","Divine Intervention AGOT | Русификатор | Divine Intervention Cheat Menu | Divine Intervention CM [RUS]","localization/russian/gui/DI_RUS_l_russian.yml | localization/russian/gui/DI_l_russian.yml","DI_all_break_treaty","localization/russian/gui/DI_RUS_l_russian.yml","localization/russian/gui/DI_l_russian.yml"
"691","06:11:21","pdx_localize.cpp:279","Duplicate localization key. Key 'DI_all_break_treaty_tt' is defined in both 'localization/russian/gui/DI_RUS_l_russian.yml' and 'localization/russian/gui/DI_l_russian.yml'.","Expected corrective localization override","Divine Intervention AGOT | Русификатор | Divine Intervention Cheat Menu | Divine Intervention CM [RUS]","localization/russian/gui/DI_RUS_l_russian.yml | localization/russian/gui/DI_l_russian.yml","DI_all_break_treaty_tt","localization/russian/gui/DI_RUS_l_russian.yml","localization/russian/gui/DI_l_russian.yml"
"692","06:11:21","pdx_localize.cpp:279","Duplicate localization key. Key 'DI_every_pinned_treaty' is defined in both 'localization/russian/gui/DI_RUS_l_russian.yml' and 'localization/russian/gui/DI_l_russian.yml'.","Expected corrective localization override","Divine Intervention AGOT | Русификатор | Divine Intervention Cheat Menu | Divine Intervention CM [RUS]","localization/russian/gui/DI_RUS_l_russian.yml | localization/russian/gui/DI_l_russian.yml","DI_every_pinned_treaty","localization/russian/gui/DI_RUS_l_russian.yml","localization/russian/gui/DI_l_russian.yml"
"693","06:11:21","pdx_localize.cpp:279","Duplicate localization key. Key 'DI_every_pinned_treaty_tt' is defined in both 'localization/russian/gui/DI_RUS_l_russian.yml' and 'localization/russian/gui/DI_l_russian.yml'.","Expected corrective localization override","Divine Intervention AGOT | Русификатор | Divine Intervention Cheat Menu | Divine Intervention CM [RUS]","localization/russian/gui/DI_RUS_l_russian.yml | localization/russian/gui/DI_l_russian.yml","DI_every_pinned_treaty_tt","localization/russian/gui/DI_RUS_l_russian.yml","localization/russian/gui/DI_l_russian.yml"
"694","06:11:21","pdx_localize.cpp:279","Duplicate localization key. Key 'DI_all_alliance' is defined in both 'localization/russian/gui/DI_RUS_l_russian.yml' and 'localization/russian/gui/DI_l_russian.yml'.","Expected corrective localization override","Divine Intervention AGOT | Русификатор | Divine Intervention Cheat Menu | Divine Intervention CM [RUS]","localization/russian/gui/DI_RUS_l_russian.yml | localization/russian/gui/DI_l_russian.yml","DI_all_alliance","localization/russian/gui/DI_RUS_l_russian.yml","localization/russian/gui/DI_l_russian.yml"
"695","06:11:21","pdx_localize.cpp:279","Duplicate localization key. Key 'DI_all_alliance_tt' is defined in both 'localization/russian/gui/DI_RUS_l_russian.yml' and 'localization/russian/gui/DI_l_russian.yml'.","Expected corrective localization override","Divine Intervention AGOT | Русификатор | Divine Intervention Cheat Menu | Divine Intervention CM [RUS]","localization/russian/gui/DI_RUS_l_russian.yml | localization/russian/gui/DI_l_russian.yml","DI_all_alliance_tt","localization/russian/gui/DI_RUS_l_russian.yml","localization/russian/gui/DI_l_russian.yml"
"696","06:11:21","pdx_localize.cpp:279","Duplicate localization key. Key 'DI_all_break_alliance' is defined in both 'localization/russian/gui/DI_RUS_l_russian.yml' and 'localization/russian/gui/DI_l_russian.yml'.","Expected corrective localization override","Divine Intervention AGOT | Русификатор | Divine Intervention Cheat Menu | Divine Intervention CM [RUS]","localization/russian/gui/DI_RUS_l_russian.yml | localization/russian/gui/DI_l_russian.yml","DI_all_break_alliance","localization/russian/gui/DI_RUS_l_russian.yml","localization/russian/gui/DI_l_russian.yml"
"697","06:11:21","pdx_localize.cpp:279","Duplicate localization key. Key 'DI_all_break_alliance_tt' is defined in both 'localization/russian/gui/DI_RUS_l_russian.yml' and 'localization/russian/gui/DI_l_russian.yml'.","Expected corrective localization override","Divine Intervention AGOT | Русификатор | Divine Intervention Cheat Menu | Divine Intervention CM [RUS]","localization/russian/gui/DI_RUS_l_russian.yml | localization/russian/gui/DI_l_russian.yml","DI_all_break_alliance_tt","localization/russian/gui/DI_RUS_l_russian.yml","localization/russian/gui/DI_l_russian.yml"
"698","06:11:21","pdx_localize.cpp:279","Duplicate localization key. Key 'DI_every_pinned_alliance' is defined in both 'localization/russian/gui/DI_RUS_l_russian.yml' and 'localization/russian/gui/DI_l_russian.yml'.","Expected corrective localization override","Divine Intervention AGOT | Русификатор | Divine Intervention Cheat Menu | Divine Intervention CM [RUS]","localization/russian/gui/DI_RUS_l_russian.yml | localization/russian/gui/DI_l_russian.yml","DI_every_pinned_alliance","localization/russian/gui/DI_RUS_l_russian.yml","localization/russian/gui/DI_l_russian.yml"
"699","06:11:21","pdx_localize.cpp:279","Duplicate localization key. Key 'DI_every_pinned_alliance_tt' is defined in both 'localization/russian/gui/DI_RUS_l_russian.yml' and 'localization/russian/gui/DI_l_russian.yml'.","Expected corrective localization override","Divine Intervention AGOT | Русификатор | Divine Intervention Cheat Menu | Divine Intervention CM [RUS]","localization/russian/gui/DI_RUS_l_russian.yml | localization/russian/gui/DI_l_russian.yml","DI_every_pinned_alliance_tt","localization/russian/gui/DI_RUS_l_russian.yml","localization/russian/gui/DI_l_russian.yml"
"700","06:11:21","pdx_localize.cpp:279","Duplicate localization key. Key 'DI_dip_perma' is defined in both 'localization/russian/gui/DI_RUS_l_russian.yml' and 'localization/russian/gui/DI_l_russian.yml'.","Expected corrective localization override","Divine Intervention AGOT | Русификатор | Divine Intervention Cheat Menu | Divine Intervention CM [RUS]","localization/russian/gui/DI_RUS_l_russian.yml | localization/russian/gui/DI_l_russian.yml","DI_dip_perma","localization/russian/gui/DI_RUS_l_russian.yml","localization/russian/gui/DI_l_russian.yml"
"701","06:11:21","pdx_localize.cpp:279","Duplicate localization key. Key 'DI_dip_war_button' is defined in both 'localization/russian/gui/DI_RUS_l_russian.yml' and 'localization/russian/gui/DI_l_russian.yml'.","Expected corrective localization override","Divine Intervention AGOT | Русификатор | Divine Intervention Cheat Menu | Divine Intervention CM [RUS]","localization/russian/gui/DI_RUS_l_russian.yml | localization/russian/gui/DI_l_russian.yml","DI_dip_war_button","localization/russian/gui/DI_RUS_l_russian.yml","localization/russian/gui/DI_l_russian.yml"
"702","06:11:21","pdx_localize.cpp:279","Duplicate localization key. Key 'DI_dip_war_button_tt' is defined in both 'localization/russian/gui/DI_RUS_l_russian.yml' and 'localization/russian/gui/DI_l_russian.yml'.","Expected corrective localization override","Divine Intervention AGOT | Русификатор | Divine Intervention Cheat Menu | Divine Intervention CM [RUS]","localization/russian/gui/DI_RUS_l_russian.yml | localization/russian/gui/DI_l_russian.yml","DI_dip_war_button_tt","localization/russian/gui/DI_RUS_l_russian.yml","localization/russian/gui/DI_l_russian.yml"
"703","06:11:21","pdx_localize.cpp:279","Duplicate localization key. Key 'DI_dip_casus_belli_button' is defined in both 'localization/russian/gui/DI_RUS_l_russian.yml' and 'localization/russian/gui/DI_l_russian.yml'.","Expected corrective localization override","Divine Intervention AGOT | Русификатор | Divine Intervention Cheat Menu | Divine Intervention CM [RUS]","localization/russian/gui/DI_RUS_l_russian.yml | localization/russian/gui/DI_l_russian.yml","DI_dip_casus_belli_button","localization/russian/gui/DI_RUS_l_russian.yml","localization/russian/gui/DI_l_russian.yml"
"704","06:11:21","pdx_localize.cpp:279","Duplicate localization key. Key 'DI_dip_casus_belli_button_tt' is defined in both 'localization/russian/gui/DI_RUS_l_russian.yml' and 'localization/russian/gui/DI_l_russian.yml'.","Expected corrective localization override","Divine Intervention AGOT | Русификатор | Divine Intervention Cheat Menu | Divine Intervention CM [RUS]","localization/russian/gui/DI_RUS_l_russian.yml | localization/russian/gui/DI_l_russian.yml","DI_dip_casus_belli_button_tt","localization/russian/gui/DI_RUS_l_russian.yml","localization/russian/gui/DI_l_russian.yml"
"705","06:11:21","pdx_localize.cpp:279","Duplicate localization key. Key 'DI_casus_belli' is defined in both 'localization/russian/gui/DI_RUS_l_russian.yml' and 'localization/russian/gui/DI_l_russian.yml'.","Expected corrective localization override","Divine Intervention AGOT | Русификатор | Divine Intervention Cheat Menu | Divine Intervention CM [RUS]","localization/russian/gui/DI_RUS_l_russian.yml | localization/russian/gui/DI_l_russian.yml","DI_casus_belli","localization/russian/gui/DI_RUS_l_russian.yml","localization/russian/gui/DI_l_russian.yml"
"706","06:11:21","pdx_localize.cpp:279","Duplicate localization key. Key 'DI_county_conquest' is defined in both 'localization/russian/gui/DI_RUS_l_russian.yml' and 'localization/russian/gui/DI_l_russian.yml'.","Expected corrective localization override","Divine Intervention AGOT | Русификатор | Divine Intervention Cheat Menu | Divine Intervention CM [RUS]","localization/russian/gui/DI_RUS_l_russian.yml | localization/russian/gui/DI_l_russian.yml","DI_county_conquest","localization/russian/gui/DI_RUS_l_russian.yml","localization/russian/gui/DI_l_russian.yml"
"707","06:11:21","pdx_localize.cpp:279","Duplicate localization key. Key 'DI_county_conquest_tt' is defined in both 'localization/russian/gui/DI_RUS_l_russian.yml' and 'localization/russian/gui/DI_l_russian.yml'.","Expected corrective localization override","Divine Intervention AGOT | Русификатор | Divine Intervention Cheat Menu | Divine Intervention CM [RUS]","localization/russian/gui/DI_RUS_l_russian.yml | localization/russian/gui/DI_l_russian.yml","DI_county_conquest_tt","localization/russian/gui/DI_RUS_l_russian.yml","localization/russian/gui/DI_l_russian.yml"
"708","06:11:21","pdx_localize.cpp:279","Duplicate localization key. Key 'DI_dip_select_titles_button' is defined in both 'localization/russian/gui/DI_RUS_l_russian.yml' and 'localization/russian/gui/DI_l_russian.yml'.","Expected corrective localization override","Divine Intervention AGOT | Русификатор | Divine Intervention Cheat Menu | Divine Intervention CM [RUS]","localization/russian/gui/DI_RUS_l_russian.yml | localization/russian/gui/DI_l_russian.yml","DI_dip_select_titles_button","localization/russian/gui/DI_RUS_l_russian.yml","localization/russian/gui/DI_l_russian.yml"
"709","06:11:21","pdx_localize.cpp:279","Duplicate localization key. Key 'DI_dip_select_titles_button_tt' is defined in both 'localization/russian/gui/DI_RUS_l_russian.yml' and 'localization/russian/gui/DI_l_russian.yml'.","Expected corrective localization override","Divine Intervention AGOT | Русификатор | Divine Intervention Cheat Menu | Divine Intervention CM [RUS]","localization/russian/gui/DI_RUS_l_russian.yml | localization/russian/gui/DI_l_russian.yml","DI_dip_select_titles_button_tt","localization/russian/gui/DI_RUS_l_russian.yml","localization/russian/gui/DI_l_russian.yml"
"710","06:11:21","pdx_localize.cpp:279","Duplicate localization key. Key 'DI_dip_end_war_button' is defined in both 'localization/russian/gui/DI_RUS_l_russian.yml' and 'localization/russian/gui/DI_l_russian.yml'.","Expected corrective localization override","Divine Intervention AGOT | Русификатор | Divine Intervention Cheat Menu | Divine Intervention CM [RUS]","localization/russian/gui/DI_RUS_l_russian.yml | localization/russian/gui/DI_l_russian.yml","DI_dip_end_war_button","localization/russian/gui/DI_RUS_l_russian.yml","localization/russian/gui/DI_l_russian.yml"
"711","06:11:21","pdx_localize.cpp:279","Duplicate localization key. Key 'DI_dip_end_war_button_tt' is defined in both 'localization/russian/gui/DI_RUS_l_russian.yml' and 'localization/russian/gui/DI_l_russian.yml'.","Expected corrective localization override","Divine Intervention AGOT | Русификатор | Divine Intervention Cheat Menu | Divine Intervention CM [RUS]","localization/russian/gui/DI_RUS_l_russian.yml | localization/russian/gui/DI_l_russian.yml","DI_dip_end_war_button_tt","localization/russian/gui/DI_RUS_l_russian.yml","localization/russian/gui/DI_l_russian.yml"
"712","06:11:21","pdx_localize.cpp:279","Duplicate localization key. Key 'DI_all_war' is defined in both 'localization/russian/gui/DI_RUS_l_russian.yml' and 'localization/russian/gui/DI_l_russian.yml'.","Expected corrective localization override","Divine Intervention AGOT | Русификатор | Divine Intervention Cheat Menu | Divine Intervention CM [RUS]","localization/russian/gui/DI_RUS_l_russian.yml | localization/russian/gui/DI_l_russian.yml","DI_all_war","localization/russian/gui/DI_RUS_l_russian.yml","localization/russian/gui/DI_l_russian.yml"
"713","06:11:21","pdx_localize.cpp:279","Duplicate localization key. Key 'DI_all_end_war' is defined in both 'localization/russian/gui/DI_RUS_l_russian.yml' and 'localization/russian/gui/DI_l_russian.yml'.","Expected corrective localization override","Divine Intervention AGOT | Русификатор | Divine Intervention Cheat Menu | Divine Intervention CM [RUS]","localization/russian/gui/DI_RUS_l_russian.yml | localization/russian/gui/DI_l_russian.yml","DI_all_end_war","localization/russian/gui/DI_RUS_l_russian.yml","localization/russian/gui/DI_l_russian.yml"
"714","06:11:21","pdx_localize.cpp:279","Duplicate localization key. Key 'DI_every_pinned_war' is defined in both 'localization/russian/gui/DI_RUS_l_russian.yml' and 'localization/russian/gui/DI_l_russian.yml'.","Expected corrective localization override","Divine Intervention AGOT | Русификатор | Divine Intervention Cheat Menu | Divine Intervention CM [RUS]","localization/russian/gui/DI_RUS_l_russian.yml | localization/russian/gui/DI_l_russian.yml","DI_every_pinned_war","localization/russian/gui/DI_RUS_l_russian.yml","localization/russian/gui/DI_l_russian.yml"
"715","06:11:21","pdx_localize.cpp:279","Duplicate localization key. Key 'DI_dip_adoption_button' is defined in both 'localization/russian/gui/DI_RUS_l_russian.yml' and 'localization/russian/gui/DI_l_russian.yml'.","Expected corrective localization override","Divine Intervention AGOT | Русификатор | Divine Intervention Cheat Menu | Divine Intervention CM [RUS]","localization/russian/gui/DI_RUS_l_russian.yml | localization/russian/gui/DI_l_russian.yml","DI_dip_adoption_button","localization/russian/gui/DI_RUS_l_russian.yml","localization/russian/gui/DI_l_russian.yml"
"716","06:11:21","pdx_localize.cpp:279","Duplicate localization key. Key 'DI_dip_adoption_button_tt' is defined in both 'localization/russian/gui/DI_RUS_l_russian.yml' and 'localization/russian/gui/DI_l_russian.yml'.","Expected corrective localization override","Divine Intervention AGOT | Русификатор | Divine Intervention Cheat Menu | Divine Intervention CM [RUS]","localization/russian/gui/DI_RUS_l_russian.yml | localization/russian/gui/DI_l_russian.yml","DI_dip_adoption_button_tt","localization/russian/gui/DI_RUS_l_russian.yml","localization/russian/gui/DI_l_russian.yml"
"717","06:11:21","pdx_localize.cpp:279","Duplicate localization key. Key 'DI_dip_adoption_house_button' is defined in both 'localization/russian/gui/DI_RUS_l_russian.yml' and 'localization/russian/gui/DI_l_russian.yml'.","Expected corrective localization override","Divine Intervention AGOT | Русификатор | Divine Intervention Cheat Menu | Divine Intervention CM [RUS]","localization/russian/gui/DI_RUS_l_russian.yml | localization/russian/gui/DI_l_russian.yml","DI_dip_adoption_house_button","localization/russian/gui/DI_RUS_l_russian.yml","localization/russian/gui/DI_l_russian.yml"
"718","06:11:21","pdx_localize.cpp:279","Duplicate localization key. Key 'DI_dip_adoption_house_button_tt' is defined in both 'localization/russian/gui/DI_RUS_l_russian.yml' and 'localization/russian/gui/DI_l_russian.yml'.","Expected corrective localization override","Divine Intervention AGOT | Русификатор | Divine Intervention Cheat Menu | Divine Intervention CM [RUS]","localization/russian/gui/DI_RUS_l_russian.yml | localization/russian/gui/DI_l_russian.yml","DI_dip_adoption_house_button_tt","localization/russian/gui/DI_RUS_l_russian.yml","localization/russian/gui/DI_l_russian.yml"
"719","06:11:21","pdx_localize.cpp:279","Duplicate localization key. Key 'DI_dip_impregnate_button' is defined in both 'localization/russian/gui/DI_RUS_l_russian.yml' and 'localization/russian/gui/DI_l_russian.yml'.","Expected corrective localization override","Divine Intervention AGOT | Русификатор | Divine Intervention Cheat Menu | Divine Intervention CM [RUS]","localization/russian/gui/DI_RUS_l_russian.yml | localization/russian/gui/DI_l_russian.yml","DI_dip_impregnate_button","localization/russian/gui/DI_RUS_l_russian.yml","localization/russian/gui/DI_l_russian.yml"
"720","06:11:21","pdx_localize.cpp:279","Duplicate localization key. Key 'DI_dip_impregnate_button_tt' is defined in both 'localization/russian/gui/DI_RUS_l_russian.yml' and 'localization/russian/gui/DI_l_russian.yml'.","Expected corrective localization override","Divine Intervention AGOT | Русификатор | Divine Intervention Cheat Menu | Divine Intervention CM [RUS]","localization/russian/gui/DI_RUS_l_russian.yml | localization/russian/gui/DI_l_russian.yml","DI_dip_impregnate_button_tt","localization/russian/gui/DI_RUS_l_russian.yml","localization/russian/gui/DI_l_russian.yml"
"721","06:11:21","pdx_localize.cpp:279","Duplicate localization key. Key 'DI_dip_preg_gender_male_button' is defined in both 'localization/russian/gui/DI_RUS_l_russian.yml' and 'localization/russian/gui/DI_l_russian.yml'.","Expected corrective localization override","Divine Intervention AGOT | Русификатор | Divine Intervention Cheat Menu | Divine Intervention CM [RUS]","localization/russian/gui/DI_RUS_l_russian.yml | localization/russian/gui/DI_l_russian.yml","DI_dip_preg_gender_male_button","localization/russian/gui/DI_RUS_l_russian.yml","localization/russian/gui/DI_l_russian.yml"
"722","06:11:21","pdx_localize.cpp:279","Duplicate localization key. Key 'DI_dip_preg_gender_male_button_tt' is defined in both 'localization/russian/gui/DI_RUS_l_russian.yml' and 'localization/russian/gui/DI_l_russian.yml'.","Expected corrective localization override","Divine Intervention AGOT | Русификатор | Divine Intervention Cheat Menu | Divine Intervention CM [RUS]","localization/russian/gui/DI_RUS_l_russian.yml | localization/russian/gui/DI_l_russian.yml","DI_dip_preg_gender_male_button_tt","localization/russian/gui/DI_RUS_l_russian.yml","localization/russian/gui/DI_l_russian.yml"
"723","06:11:21","pdx_localize.cpp:279","Duplicate localization key. Key 'DI_dip_preg_gender_female_button' is defined in both 'localization/russian/gui/DI_RUS_l_russian.yml' and 'localization/russian/gui/DI_l_russian.yml'.","Expected corrective localization override","Divine Intervention AGOT | Русификатор | Divine Intervention Cheat Menu | Divine Intervention CM [RUS]","localization/russian/gui/DI_RUS_l_russian.yml | localization/russian/gui/DI_l_russian.yml","DI_dip_preg_gender_female_button","localization/russian/gui/DI_RUS_l_russian.yml","localization/russian/gui/DI_l_russian.yml"
"724","06:11:21","pdx_localize.cpp:279","Duplicate localization key. Key 'DI_dip_preg_gender_female_button_tt' is defined in both 'localization/russian/gui/DI_RUS_l_russian.yml' and 'localization/russian/gui/DI_l_russian.yml'.","Expected corrective localization override","Divine Intervention AGOT | Русификатор | Divine Intervention Cheat Menu | Divine Intervention CM [RUS]","localization/russian/gui/DI_RUS_l_russian.yml | localization/russian/gui/DI_l_russian.yml","DI_dip_preg_gender_female_button_tt","localization/russian/gui/DI_RUS_l_russian.yml","localization/russian/gui/DI_l_russian.yml"
"725","06:11:21","pdx_localize.cpp:279","Duplicate localization key. Key 'DI_dip_set_real_father_button' is defined in both 'localization/russian/gui/DI_RUS_l_russian.yml' and 'localization/russian/gui/DI_l_russian.yml'.","Expected corrective localization override","Divine Intervention AGOT | Русификатор | Divine Intervention Cheat Menu | Divine Intervention CM [RUS]","localization/russian/gui/DI_RUS_l_russian.yml | localization/russian/gui/DI_l_russian.yml","DI_dip_set_real_father_button","localization/russian/gui/DI_RUS_l_russian.yml","localization/russian/gui/DI_l_russian.yml"
"726","06:11:21","pdx_localize.cpp:279","Duplicate localization key. Key 'DI_dip_set_real_father_button_tt' is defined in both 'localization/russian/gui/DI_RUS_l_russian.yml' and 'localization/russian/gui/DI_l_russian.yml'.","Expected corrective localization override","Divine Intervention AGOT | Русификатор | Divine Intervention Cheat Menu | Divine Intervention CM [RUS]","localization/russian/gui/DI_RUS_l_russian.yml | localization/russian/gui/DI_l_russian.yml","DI_dip_set_real_father_button_tt","localization/russian/gui/DI_RUS_l_russian.yml","localization/russian/gui/DI_l_russian.yml"
"727","06:11:21","pdx_localize.cpp:279","Duplicate localization key. Key 'DI_dip_set_father_as_real_father_button' is defined in both 'localization/russian/gui/DI_RUS_l_russian.yml' and 'localization/russian/gui/DI_l_russian.yml'.","Expected corrective localization override","Divine Intervention AGOT | Русификатор | Divine Intervention Cheat Menu | Divine Intervention CM [RUS]","localization/russian/gui/DI_RUS_l_russian.yml | localization/russian/gui/DI_l_russian.yml","DI_dip_set_father_as_real_father_button","localization/russian/gui/DI_RUS_l_russian.yml","localization/russian/gui/DI_l_russian.yml"
"728","06:11:21","pdx_localize.cpp:279","Duplicate localization key. Key 'DI_dip_set_father_as_real_father_button_tt' is defined in both 'localization/russian/gui/DI_RUS_l_russian.yml' and 'localization/russian/gui/DI_l_russian.yml'.","Expected corrective localization override","Divine Intervention AGOT | Русификатор | Divine Intervention Cheat Menu | Divine Intervention CM [RUS]","localization/russian/gui/DI_RUS_l_russian.yml | localization/russian/gui/DI_l_russian.yml","DI_dip_set_father_as_real_father_button_tt","localization/russian/gui/DI_RUS_l_russian.yml","localization/russian/gui/DI_l_russian.yml"
"729","06:11:21","pdx_localize.cpp:279","Duplicate localization key. Key 'DI_dip_marry_button' is defined in both 'localization/russian/gui/DI_RUS_l_russian.yml' and 'localization/russian/gui/DI_l_russian.yml'.","Expected corrective localization override","Divine Intervention AGOT | Русификатор | Divine Intervention Cheat Menu | Divine Intervention CM [RUS]","localization/russian/gui/DI_RUS_l_russian.yml | localization/russian/gui/DI_l_russian.yml","DI_dip_marry_button","localization/russian/gui/DI_RUS_l_russian.yml","localization/russian/gui/DI_l_russian.yml"
"730","06:11:21","pdx_localize.cpp:279","Duplicate localization key. Key 'DI_dip_marry_button_tt' is defined in both 'localization/russian/gui/DI_RUS_l_russian.yml' and 'localization/russian/gui/DI_l_russian.yml'.","Expected corrective localization override","Divine Intervention AGOT | Русификатор | Divine Intervention Cheat Menu | Divine Intervention CM [RUS]","localization/russian/gui/DI_RUS_l_russian.yml | localization/russian/gui/DI_l_russian.yml","DI_dip_marry_button_tt","localization/russian/gui/DI_RUS_l_russian.yml","localization/russian/gui/DI_l_russian.yml"
"731","06:11:21","pdx_localize.cpp:279","Duplicate localization key. Key 'DI_dip_marry_matrilineal_button' is defined in both 'localization/russian/gui/DI_RUS_l_russian.yml' and 'localization/russian/gui/DI_l_russian.yml'.","Expected corrective localization override","Divine Intervention AGOT | Русификатор | Divine Intervention Cheat Menu | Divine Intervention CM [RUS]","localization/russian/gui/DI_RUS_l_russian.yml | localization/russian/gui/DI_l_russian.yml","DI_dip_marry_matrilineal_button","localization/russian/gui/DI_RUS_l_russian.yml","localization/russian/gui/DI_l_russian.yml"
"732","06:11:21","pdx_localize.cpp:279","Duplicate localization key. Key 'DI_dip_marry_matrilineal_button_tt' is defined in both 'localization/russian/gui/DI_RUS_l_russian.yml' and 'localization/russian/gui/DI_l_russian.yml'.","Expected corrective localization override","Divine Intervention AGOT | Русификатор | Divine Intervention Cheat Menu | Divine Intervention CM [RUS]","localization/russian/gui/DI_RUS_l_russian.yml | localization/russian/gui/DI_l_russian.yml","DI_dip_marry_matrilineal_button_tt","localization/russian/gui/DI_RUS_l_russian.yml","localization/russian/gui/DI_l_russian.yml"
"733","06:11:21","pdx_localize.cpp:279","Duplicate localization key. Key 'DI_dip_divorce_button' is defined in both 'localization/russian/gui/DI_RUS_l_russian.yml' and 'localization/russian/gui/DI_l_russian.yml'.","Expected corrective localization override","Divine Intervention AGOT | Русификатор | Divine Intervention Cheat Menu | Divine Intervention CM [RUS]","localization/russian/gui/DI_RUS_l_russian.yml | localization/russian/gui/DI_l_russian.yml","DI_dip_divorce_button","localization/russian/gui/DI_RUS_l_russian.yml","localization/russian/gui/DI_l_russian.yml"
"734","06:11:21","pdx_localize.cpp:279","Duplicate localization key. Key 'DI_dip_divorce_button_tt' is defined in both 'localization/russian/gui/DI_RUS_l_russian.yml' and 'localization/russian/gui/DI_l_russian.yml'.","Expected corrective localization override","Divine Intervention AGOT | Русификатор | Divine Intervention Cheat Menu | Divine Intervention CM [RUS]","localization/russian/gui/DI_RUS_l_russian.yml | localization/russian/gui/DI_l_russian.yml","DI_dip_divorce_button_tt","localization/russian/gui/DI_RUS_l_russian.yml","localization/russian/gui/DI_l_russian.yml"
"735","06:11:21","pdx_localize.cpp:279","Duplicate localization key. Key 'DI_dip_add_concubine_button' is defined in both 'localization/russian/gui/DI_RUS_l_russian.yml' and 'localization/russian/gui/DI_l_russian.yml'.","Expected corrective localization override","Divine Intervention AGOT | Русификатор | Divine Intervention Cheat Menu | Divine Intervention CM [RUS]","localization/russian/gui/DI_RUS_l_russian.yml | localization/russian/gui/DI_l_russian.yml","DI_dip_add_concubine_button","localization/russian/gui/DI_RUS_l_russian.yml","localization/russian/gui/DI_l_russian.yml"
"736","06:11:21","pdx_localize.cpp:279","Duplicate localization key. Key 'DI_dip_add_concubine_button_tt' is defined in both 'localization/russian/gui/DI_RUS_l_russian.yml' and 'localization/russian/gui/DI_l_russian.yml'.","Expected corrective localization override","Divine Intervention AGOT | Русификатор | Divine Intervention Cheat Menu | Divine Intervention CM [RUS]","localization/russian/gui/DI_RUS_l_russian.yml | localization/russian/gui/DI_l_russian.yml","DI_dip_add_concubine_button_tt","localization/russian/gui/DI_RUS_l_russian.yml","localization/russian/gui/DI_l_russian.yml"
"737","06:11:21","pdx_localize.cpp:279","Duplicate localization key. Key 'DI_dip_remove_concubine_button' is defined in both 'localization/russian/gui/DI_RUS_l_russian.yml' and 'localization/russian/gui/DI_l_russian.yml'.","Expected corrective localization override","Divine Intervention AGOT | Русификатор | Divine Intervention Cheat Menu | Divine Intervention CM [RUS]","localization/russian/gui/DI_RUS_l_russian.yml | localization/russian/gui/DI_l_russian.yml","DI_dip_remove_concubine_button","localization/russian/gui/DI_RUS_l_russian.yml","localization/russian/gui/DI_l_russian.yml"
"738","06:11:21","pdx_localize.cpp:279","Duplicate localization key. Key 'DI_dip_remove_concubine_button_tt' is defined in both 'localization/russian/gui/DI_RUS_l_russian.yml' and 'localization/russian/gui/DI_l_russian.yml'.","Expected corrective localization override","Divine Intervention AGOT | Русификатор | Divine Intervention Cheat Menu | Divine Intervention CM [RUS]","localization/russian/gui/DI_RUS_l_russian.yml | localization/russian/gui/DI_l_russian.yml","DI_dip_remove_concubine_button_tt","localization/russian/gui/DI_RUS_l_russian.yml","localization/russian/gui/DI_l_russian.yml"
"739","06:11:21","pdx_localize.cpp:279","Duplicate localization key. Key 'DI_dip_arrange_betrothal_button' is defined in both 'localization/russian/gui/DI_RUS_l_russian.yml' and 'localization/russian/gui/DI_l_russian.yml'.","Expected corrective localization override","Divine Intervention AGOT | Русификатор | Divine Intervention Cheat Menu | Divine Intervention CM [RUS]","localization/russian/gui/DI_RUS_l_russian.yml | localization/russian/gui/DI_l_russian.yml","DI_dip_arrange_betrothal_button","localization/russian/gui/DI_RUS_l_russian.yml","localization/russian/gui/DI_l_russian.yml"
"740","06:11:21","pdx_localize.cpp:279","Duplicate localization key. Key 'DI_dip_arrange_betrothal_button_tt' is defined in both 'localization/russian/gui/DI_RUS_l_russian.yml' and 'localization/russian/gui/DI_l_russian.yml'.","Expected corrective localization override","Divine Intervention AGOT | Русификатор | Divine Intervention Cheat Menu | Divine Intervention CM [RUS]","localization/russian/gui/DI_RUS_l_russian.yml | localization/russian/gui/DI_l_russian.yml","DI_dip_arrange_betrothal_button_tt","localization/russian/gui/DI_RUS_l_russian.yml","localization/russian/gui/DI_l_russian.yml"
"741","06:11:21","pdx_localize.cpp:279","Duplicate localization key. Key 'DI_dip_arrange_betrothal_matrilineal_button' is defined in both 'localization/russian/gui/DI_RUS_l_russian.yml' and 'localization/russian/gui/DI_l_russian.yml'.","Expected corrective localization override","Divine Intervention AGOT | Русификатор | Divine Intervention Cheat Menu | Divine Intervention CM [RUS]","localization/russian/gui/DI_RUS_l_russian.yml | localization/russian/gui/DI_l_russian.yml","DI_dip_arrange_betrothal_matrilineal_button","localization/russian/gui/DI_RUS_l_russian.yml","localization/russian/gui/DI_l_russian.yml"
"742","06:11:21","pdx_localize.cpp:279","Duplicate localization key. Key 'DI_dip_arrange_betrothal_matrilineal_button_tt' is defined in both 'localization/russian/gui/DI_RUS_l_russian.yml' and 'localization/russian/gui/DI_l_russian.yml'.","Expected corrective localization override","Divine Intervention AGOT | Русификатор | Divine Intervention Cheat Menu | Divine Intervention CM [RUS]","localization/russian/gui/DI_RUS_l_russian.yml | localization/russian/gui/DI_l_russian.yml","DI_dip_arrange_betrothal_matrilineal_button_tt","localization/russian/gui/DI_RUS_l_russian.yml","localization/russian/gui/DI_l_russian.yml"
"743","06:11:21","pdx_localize.cpp:279","Duplicate localization key. Key 'DI_dip_break_betrothal_button' is defined in both 'localization/russian/gui/DI_RUS_l_russian.yml' and 'localization/russian/gui/DI_l_russian.yml'.","Expected corrective localization override","Divine Intervention AGOT | Русификатор | Divine Intervention Cheat Menu | Divine Intervention CM [RUS]","localization/russian/gui/DI_RUS_l_russian.yml | localization/russian/gui/DI_l_russian.yml","DI_dip_break_betrothal_button","localization/russian/gui/DI_RUS_l_russian.yml","localization/russian/gui/DI_l_russian.yml"
"744","06:11:21","pdx_localize.cpp:279","Duplicate localization key. Key 'DI_dip_break_betrothal_button_tt' is defined in both 'localization/russian/gui/DI_RUS_l_russian.yml' and 'localization/russian/gui/DI_l_russian.yml'.","Expected corrective localization override","Divine Intervention AGOT | Русификатор | Divine Intervention Cheat Menu | Divine Intervention CM [RUS]","localization/russian/gui/DI_RUS_l_russian.yml | localization/russian/gui/DI_l_russian.yml","DI_dip_break_betrothal_button_tt","localization/russian/gui/DI_RUS_l_russian.yml","localization/russian/gui/DI_l_russian.yml"
"745","06:11:21","pdx_localize.cpp:279","Duplicate localization key. Key 'DI_dip_make_siblings_button' is defined in both 'localization/russian/gui/DI_RUS_l_russian.yml' and 'localization/russian/gui/DI_l_russian.yml'.","Expected corrective localization override","Divine Intervention AGOT | Русификатор | Divine Intervention Cheat Menu | Divine Intervention CM [RUS]","localization/russian/gui/DI_RUS_l_russian.yml | localization/russian/gui/DI_l_russian.yml","DI_dip_make_siblings_button","localization/russian/gui/DI_RUS_l_russian.yml","localization/russian/gui/DI_l_russian.yml"
"746","06:11:21","pdx_localize.cpp:279","Duplicate localization key. Key 'DI_dip_make_siblings_button_tt' is defined in both 'localization/russian/gui/DI_RUS_l_russian.yml' and 'localization/russian/gui/DI_l_russian.yml'.","Expected corrective localization override","Divine Intervention AGOT | Русификатор | Divine Intervention Cheat Menu | Divine Intervention CM [RUS]","localization/russian/gui/DI_RUS_l_russian.yml | localization/russian/gui/DI_l_russian.yml","DI_dip_make_siblings_button_tt","localization/russian/gui/DI_RUS_l_russian.yml","localization/russian/gui/DI_l_russian.yml"
"747","06:11:21","pdx_localize.cpp:279","Duplicate localization key. Key 'DI_dip_create_cadet_branch_button' is defined in both 'localization/russian/gui/DI_RUS_l_russian.yml' and 'localization/russian/gui/DI_l_russian.yml'.","Expected corrective localization override","Divine Intervention AGOT | Русификатор | Divine Intervention Cheat Menu | Divine Intervention CM [RUS]","localization/russian/gui/DI_RUS_l_russian.yml | localization/russian/gui/DI_l_russian.yml","DI_dip_create_cadet_branch_button","localization/russian/gui/DI_RUS_l_russian.yml","localization/russian/gui/DI_l_russian.yml"
"748","06:11:21","pdx_localize.cpp:279","Duplicate localization key. Key 'DI_dip_create_cadet_branch_button_tt' is defined in both 'localization/russian/gui/DI_RUS_l_russian.yml' and 'localization/russian/gui/DI_l_russian.yml'.","Expected corrective localization override","Divine Intervention AGOT | Русификатор | Divine Intervention Cheat Menu | Divine Intervention CM [RUS]","localization/russian/gui/DI_RUS_l_russian.yml | localization/russian/gui/DI_l_russian.yml","DI_dip_create_cadet_branch_button_tt","localization/russian/gui/DI_RUS_l_russian.yml","localization/russian/gui/DI_l_russian.yml"
"749","06:11:21","pdx_localize.cpp:279","Duplicate localization key. Key 'DI_artifact_creator' is defined in both 'localization/russian/gui/DI_RUS_l_russian.yml' and 'localization/russian/gui/DI_l_russian.yml'.","Expected corrective localization override","Divine Intervention AGOT | Русификатор | Divine Intervention Cheat Menu | Divine Intervention CM [RUS]","localization/russian/gui/DI_RUS_l_russian.yml | localization/russian/gui/DI_l_russian.yml","DI_artifact_creator","localization/russian/gui/DI_RUS_l_russian.yml","localization/russian/gui/DI_l_russian.yml"
"750","06:11:21","pdx_localize.cpp:279","Duplicate localization key. Key 'DI_artifact_list' is defined in both 'localization/russian/gui/DI_RUS_l_russian.yml' and 'localization/russian/gui/DI_l_russian.yml'.","Expected corrective localization override","Divine Intervention AGOT | Русификатор | Divine Intervention Cheat Menu | Divine Intervention CM [RUS]","localization/russian/gui/DI_RUS_l_russian.yml | localization/russian/gui/DI_l_russian.yml","DI_artifact_list","localization/russian/gui/DI_RUS_l_russian.yml","localization/russian/gui/DI_l_russian.yml"
"751","06:11:21","pdx_localize.cpp:279","Duplicate localization key. Key 'DI_artifact_type' is defined in both 'localization/russian/gui/DI_RUS_l_russian.yml' and 'localization/russian/gui/DI_l_russian.yml'.","Expected corrective localization override","Divine Intervention AGOT | Русификатор | Divine Intervention Cheat Menu | Divine Intervention CM [RUS]","localization/russian/gui/DI_RUS_l_russian.yml | localization/russian/gui/DI_l_russian.yml","DI_artifact_type","localization/russian/gui/DI_RUS_l_russian.yml","localization/russian/gui/DI_l_russian.yml"
"752","06:11:21","pdx_localize.cpp:279","Duplicate localization key. Key 'DI_artifact_quality' is defined in both 'localization/russian/gui/DI_RUS_l_russian.yml' and 'localization/russian/gui/DI_l_russian.yml'.","Expected corrective localization override","Divine Intervention AGOT | Русификатор | Divine Intervention Cheat Menu | Divine Intervention CM [RUS]","localization/russian/gui/DI_RUS_l_russian.yml | localization/russian/gui/DI_l_russian.yml","DI_artifact_quality","localization/russian/gui/DI_RUS_l_russian.yml","localization/russian/gui/DI_l_russian.yml"
"753","06:11:21","pdx_localize.cpp:279","Duplicate localization key. Key 'DI_artifact_category' is defined in both 'localization/russian/gui/DI_RUS_l_russian.yml' and 'localization/russian/gui/DI_l_russian.yml'.","Expected corrective localization override","Divine Intervention AGOT | Русификатор | Divine Intervention Cheat Menu | Divine Intervention CM [RUS]","localization/russian/gui/DI_RUS_l_russian.yml | localization/russian/gui/DI_l_russian.yml","DI_artifact_category","localization/russian/gui/DI_RUS_l_russian.yml","localization/russian/gui/DI_l_russian.yml"
"754","06:11:21","pdx_localize.cpp:279","Duplicate localization key. Key 'DI_artifact_subtype' is defined in both 'localization/russian/gui/DI_RUS_l_russian.yml' and 'localization/russian/gui/DI_l_russian.yml'.","Expected corrective localization override","Divine Intervention AGOT | Русификатор | Divine Intervention Cheat Menu | Divine Intervention CM [RUS]","localization/russian/gui/DI_RUS_l_russian.yml | localization/russian/gui/DI_l_russian.yml","DI_artifact_subtype","localization/russian/gui/DI_RUS_l_russian.yml","localization/russian/gui/DI_l_russian.yml"
"755","06:11:21","pdx_localize.cpp:279","Duplicate localization key. Key 'DI_artifact_create' is defined in both 'localization/russian/gui/DI_RUS_l_russian.yml' and 'localization/russian/gui/DI_l_russian.yml'.","Expected corrective localization override","Divine Intervention AGOT | Русификатор | Divine Intervention Cheat Menu | Divine Intervention CM [RUS]","localization/russian/gui/DI_RUS_l_russian.yml | localization/russian/gui/DI_l_russian.yml","DI_artifact_create","localization/russian/gui/DI_RUS_l_russian.yml","localization/russian/gui/DI_l_russian.yml"
"756","06:11:21","pdx_localize.cpp:279","Duplicate localization key. Key 'DI_artifact_list_title' is defined in both 'localization/russian/gui/DI_RUS_l_russian.yml' and 'localization/russian/gui/DI_l_russian.yml'.","Expected corrective localization override","Divine Intervention AGOT | Русификатор | Divine Intervention Cheat Menu | Divine Intervention CM [RUS]","localization/russian/gui/DI_RUS_l_russian.yml | localization/russian/gui/DI_l_russian.yml","DI_artifact_list_title","localization/russian/gui/DI_RUS_l_russian.yml","localization/russian/gui/DI_l_russian.yml"
"757","06:11:21","pdx_localize.cpp:279","Duplicate localization key. Key 'DI_tt_take_artifact' is defined in both 'localization/russian/gui/DI_RUS_l_russian.yml' and 'localization/russian/gui/DI_l_russian.yml'.","Expected corrective localization override","Divine Intervention AGOT | Русификатор | Divine Intervention Cheat Menu | Divine Intervention CM [RUS]","localization/russian/gui/DI_RUS_l_russian.yml | localization/russian/gui/DI_l_russian.yml","DI_tt_take_artifact","localization/russian/gui/DI_RUS_l_russian.yml","localization/russian/gui/DI_l_russian.yml"
"758","06:11:21","pdx_localize.cpp:279","Duplicate localization key. Key 'DI_destroy_artifact_tt' is defined in both 'localization/russian/gui/DI_RUS_l_russian.yml' and 'localization/russian/gui/DI_l_russian.yml'.","Expected corrective localization override","Divine Intervention AGOT | Русификатор | Divine Intervention Cheat Menu | Divine Intervention CM [RUS]","localization/russian/gui/DI_RUS_l_russian.yml | localization/russian/gui/DI_l_russian.yml","DI_destroy_artifact_tt","localization/russian/gui/DI_RUS_l_russian.yml","localization/russian/gui/DI_l_russian.yml"
"759","06:11:21","pdx_localize.cpp:279","Duplicate localization key. Key 'DI_quality_common_loc' is defined in both 'localization/russian/gui/DI_RUS_l_russian.yml' and 'localization/russian/gui/DI_l_russian.yml'.","Expected corrective localization override","Divine Intervention AGOT | Русификатор | Divine Intervention Cheat Menu | Divine Intervention CM [RUS]","localization/russian/gui/DI_RUS_l_russian.yml | localization/russian/gui/DI_l_russian.yml","DI_quality_common_loc","localization/russian/gui/DI_RUS_l_russian.yml","localization/russian/gui/DI_l_russian.yml"
"760","06:11:21","pdx_localize.cpp:279","Duplicate localization key. Key 'DI_quality_masterwork_loc' is defined in both 'localization/russian/gui/DI_RUS_l_russian.yml' and 'localization/russian/gui/DI_l_russian.yml'.","Expected corrective localization override","Divine Intervention AGOT | Русификатор | Divine Intervention Cheat Menu | Divine Intervention CM [RUS]","localization/russian/gui/DI_RUS_l_russian.yml | localization/russian/gui/DI_l_russian.yml","DI_quality_masterwork_loc","localization/russian/gui/DI_RUS_l_russian.yml","localization/russian/gui/DI_l_russian.yml"
"761","06:11:21","pdx_localize.cpp:279","Duplicate localization key. Key 'DI_quality_famed_loc' is defined in both 'localization/russian/gui/DI_RUS_l_russian.yml' and 'localization/russian/gui/DI_l_russian.yml'.","Expected corrective localization override","Divine Intervention AGOT | Русификатор | Divine Intervention Cheat Menu | Divine Intervention CM [RUS]","localization/russian/gui/DI_RUS_l_russian.yml | localization/russian/gui/DI_l_russian.yml","DI_quality_famed_loc","localization/russian/gui/DI_RUS_l_russian.yml","localization/russian/gui/DI_l_russian.yml"
"762","06:11:21","pdx_localize.cpp:279","Duplicate localization key. Key 'DI_quality_illustrious_loc' is defined in both 'localization/russian/gui/DI_RUS_l_russian.yml' and 'localization/russian/gui/DI_l_russian.yml'.","Expected corrective localization override","Divine Intervention AGOT | Русификатор | Divine Intervention Cheat Menu | Divine Intervention CM [RUS]","localization/russian/gui/DI_RUS_l_russian.yml | localization/russian/gui/DI_l_russian.yml","DI_quality_illustrious_loc","localization/russian/gui/DI_RUS_l_russian.yml","localization/russian/gui/DI_l_russian.yml"
"763","06:11:21","pdx_localize.cpp:279","Duplicate localization key. Key 'DI_artifact_category_display_loc' is defined in both 'localization/russian/gui/DI_RUS_l_russian.yml' and 'localization/russian/gui/DI_l_russian.yml'.","Expected corrective localization override","Divine Intervention AGOT | Русификатор | Divine Intervention Cheat Menu | Divine Intervention CM [RUS]","localization/russian/gui/DI_RUS_l_russian.yml | localization/russian/gui/DI_l_russian.yml","DI_artifact_category_display_loc","localization/russian/gui/DI_RUS_l_russian.yml","localization/russian/gui/DI_l_russian.yml"
"764","06:11:21","pdx_localize.cpp:279","Duplicate localization key. Key 'DI_artifact_subtype_display_loc' is defined in both 'localization/russian/gui/DI_RUS_l_russian.yml' and 'localization/russian/gui/DI_l_russian.yml'.","Expected corrective localization override","Divine Intervention AGOT | Русификатор | Divine Intervention Cheat Menu | Divine Intervention CM [RUS]","localization/russian/gui/DI_RUS_l_russian.yml | localization/russian/gui/DI_l_russian.yml","DI_artifact_subtype_display_loc","localization/russian/gui/DI_RUS_l_russian.yml","localization/russian/gui/DI_l_russian.yml"
"765","06:11:21","pdx_localize.cpp:279","Duplicate localization key. Key 'DI_artifact_quality_display_loc' is defined in both 'localization/russian/gui/DI_RUS_l_russian.yml' and 'localization/russian/gui/DI_l_russian.yml'.","Expected corrective localization override","Divine Intervention AGOT | Русификатор | Divine Intervention Cheat Menu | Divine Intervention CM [RUS]","localization/russian/gui/DI_RUS_l_russian.yml | localization/russian/gui/DI_l_russian.yml","DI_artifact_quality_display_loc","localization/russian/gui/DI_RUS_l_russian.yml","localization/russian/gui/DI_l_russian.yml"
"766","06:11:21","pdx_localize.cpp:279","Duplicate localization key. Key 'DI_ce_convert_counties' is defined in both 'localization/russian/gui/DI_RUS_l_russian.yml' and 'localization/russian/gui/DI_l_russian.yml'.","Expected corrective localization override","Divine Intervention AGOT | Русификатор | Divine Intervention Cheat Menu | Divine Intervention CM [RUS]","localization/russian/gui/DI_RUS_l_russian.yml | localization/russian/gui/DI_l_russian.yml","DI_ce_convert_counties","localization/russian/gui/DI_RUS_l_russian.yml","localization/russian/gui/DI_l_russian.yml"
"767","06:11:21","pdx_localize.cpp:279","Duplicate localization key. Key 'DI_ce_convert_counties_tt' is defined in both 'localization/russian/gui/DI_RUS_l_russian.yml' and 'localization/russian/gui/DI_l_russian.yml'.","Expected corrective localization override","Divine Intervention AGOT | Русификатор | Divine Intervention Cheat Menu | Divine Intervention CM [RUS]","localization/russian/gui/DI_RUS_l_russian.yml | localization/russian/gui/DI_l_russian.yml","DI_ce_convert_counties_tt","localization/russian/gui/DI_RUS_l_russian.yml","localization/russian/gui/DI_l_russian.yml"
"768","06:11:21","pdx_localize.cpp:279","Duplicate localization key. Key 'DI_ce_convert_all_pinned' is defined in both 'localization/russian/gui/DI_RUS_l_russian.yml' and 'localization/russian/gui/DI_l_russian.yml'.","Expected corrective localization override","Divine Intervention AGOT | Русификатор | Divine Intervention Cheat Menu | Divine Intervention CM [RUS]","localization/russian/gui/DI_RUS_l_russian.yml | localization/russian/gui/DI_l_russian.yml","DI_ce_convert_all_pinned","localization/russian/gui/DI_RUS_l_russian.yml","localization/russian/gui/DI_l_russian.yml"
"769","06:11:21","pdx_localize.cpp:279","Duplicate localization key. Key 'DI_ce_convert_all_pinned_tt' is defined in both 'localization/russian/gui/DI_RUS_l_russian.yml' and 'localization/russian/gui/DI_l_russian.yml'.","Expected corrective localization override","Divine Intervention AGOT | Русификатор | Divine Intervention Cheat Menu | Divine Intervention CM [RUS]","localization/russian/gui/DI_RUS_l_russian.yml | localization/russian/gui/DI_l_russian.yml","DI_ce_convert_all_pinned_tt","localization/russian/gui/DI_RUS_l_russian.yml","localization/russian/gui/DI_l_russian.yml"
"770","06:11:21","pdx_localize.cpp:279","Duplicate localization key. Key 'DI_ce_convert_copy' is defined in both 'localization/russian/gui/DI_RUS_l_russian.yml' and 'localization/russian/gui/DI_l_russian.yml'.","Expected corrective localization override","Divine Intervention AGOT | Русификатор | Divine Intervention Cheat Menu | Divine Intervention CM [RUS]","localization/russian/gui/DI_RUS_l_russian.yml | localization/russian/gui/DI_l_russian.yml","DI_ce_convert_copy","localization/russian/gui/DI_RUS_l_russian.yml","localization/russian/gui/DI_l_russian.yml"
"771","06:11:21","pdx_localize.cpp:279","Duplicate localization key. Key 'DI_ce_convert_copy_tt' is defined in both 'localization/russian/gui/DI_RUS_l_russian.yml' and 'localization/russian/gui/DI_l_russian.yml'.","Expected corrective localization override","Divine Intervention AGOT | Русификатор | Divine Intervention Cheat Menu | Divine Intervention CM [RUS]","localization/russian/gui/DI_RUS_l_russian.yml | localization/russian/gui/DI_l_russian.yml","DI_ce_convert_copy_tt","localization/russian/gui/DI_RUS_l_russian.yml","localization/russian/gui/DI_l_russian.yml"
"772","06:11:21","pdx_localize.cpp:279","Duplicate localization key. Key 'DI_ce_convert_to_player' is defined in both 'localization/russian/gui/DI_RUS_l_russian.yml' and 'localization/russian/gui/DI_l_russian.yml'.","Expected corrective localization override","Divine Intervention AGOT | Русификатор | Divine Intervention Cheat Menu | Divine Intervention CM [RUS]","localization/russian/gui/DI_RUS_l_russian.yml | localization/russian/gui/DI_l_russian.yml","DI_ce_convert_to_player","localization/russian/gui/DI_RUS_l_russian.yml","localization/russian/gui/DI_l_russian.yml"
"773","06:11:21","pdx_localize.cpp:279","Duplicate localization key. Key 'DI_ce_convert_to_player_tt' is defined in both 'localization/russian/gui/DI_RUS_l_russian.yml' and 'localization/russian/gui/DI_l_russian.yml'.","Expected corrective localization override","Divine Intervention AGOT | Русификатор | Divine Intervention Cheat Menu | Divine Intervention CM [RUS]","localization/russian/gui/DI_RUS_l_russian.yml | localization/russian/gui/DI_l_russian.yml","DI_ce_convert_to_player_tt","localization/russian/gui/DI_RUS_l_russian.yml","localization/russian/gui/DI_l_russian.yml"
"774","06:11:21","pdx_localize.cpp:279","Duplicate localization key. Key 'DI_ce_convert_all_pinned_counties' is defined in both 'localization/russian/gui/DI_RUS_l_russian.yml' and 'localization/russian/gui/DI_l_russian.yml'.","Expected corrective localization override","Divine Intervention AGOT | Русификатор | Divine Intervention Cheat Menu | Divine Intervention CM [RUS]","localization/russian/gui/DI_RUS_l_russian.yml | localization/russian/gui/DI_l_russian.yml","DI_ce_convert_all_pinned_counties","localization/russian/gui/DI_RUS_l_russian.yml","localization/russian/gui/DI_l_russian.yml"
"775","06:11:21","pdx_localize.cpp:279","Duplicate localization key. Key 'DI_ce_convert_all_pinned_counties_tt' is defined in both 'localization/russian/gui/DI_RUS_l_russian.yml' and 'localization/russian/gui/DI_l_russian.yml'.","Expected corrective localization override","Divine Intervention AGOT | Русификатор | Divine Intervention Cheat Menu | Divine Intervention CM [RUS]","localization/russian/gui/DI_RUS_l_russian.yml | localization/russian/gui/DI_l_russian.yml","DI_ce_convert_all_pinned_counties_tt","localization/russian/gui/DI_RUS_l_russian.yml","localization/russian/gui/DI_l_russian.yml"
"776","06:11:21","pdx_localize.cpp:279","Duplicate localization key. Key 'DI_ce_convert_to_player_counties' is defined in both 'localization/russian/gui/DI_RUS_l_russian.yml' and 'localization/russian/gui/DI_l_russian.yml'.","Expected corrective localization override","Divine Intervention AGOT | Русификатор | Divine Intervention Cheat Menu | Divine Intervention CM [RUS]","localization/russian/gui/DI_RUS_l_russian.yml | localization/russian/gui/DI_l_russian.yml","DI_ce_convert_to_player_counties","localization/russian/gui/DI_RUS_l_russian.yml","localization/russian/gui/DI_l_russian.yml"
"777","06:11:21","pdx_localize.cpp:279","Duplicate localization key. Key 'DI_ce_convert_to_player_counties_tt' is defined in both 'localization/russian/gui/DI_RUS_l_russian.yml' and 'localization/russian/gui/DI_l_russian.yml'.","Expected corrective localization override","Divine Intervention AGOT | Русификатор | Divine Intervention Cheat Menu | Divine Intervention CM [RUS]","localization/russian/gui/DI_RUS_l_russian.yml | localization/russian/gui/DI_l_russian.yml","DI_ce_convert_to_player_counties_tt","localization/russian/gui/DI_RUS_l_russian.yml","localization/russian/gui/DI_l_russian.yml"
"778","06:11:21","pdx_localize.cpp:279","Duplicate localization key. Key 'DI_ce_convert_to_own_counties' is defined in both 'localization/russian/gui/DI_RUS_l_russian.yml' and 'localization/russian/gui/DI_l_russian.yml'.","Expected corrective localization override","Divine Intervention AGOT | Русификатор | Divine Intervention Cheat Menu | Divine Intervention CM [RUS]","localization/russian/gui/DI_RUS_l_russian.yml | localization/russian/gui/DI_l_russian.yml","DI_ce_convert_to_own_counties","localization/russian/gui/DI_RUS_l_russian.yml","localization/russian/gui/DI_l_russian.yml"
"779","06:11:21","pdx_localize.cpp:279","Duplicate localization key. Key 'DI_ce_convert_to_own_counties_tt' is defined in both 'localization/russian/gui/DI_RUS_l_russian.yml' and 'localization/russian/gui/DI_l_russian.yml'.","Expected corrective localization override","Divine Intervention AGOT | Русификатор | Divine Intervention Cheat Menu | Divine Intervention CM [RUS]","localization/russian/gui/DI_RUS_l_russian.yml | localization/russian/gui/DI_l_russian.yml","DI_ce_convert_to_own_counties_tt","localization/russian/gui/DI_RUS_l_russian.yml","localization/russian/gui/DI_l_russian.yml"
"780","06:11:21","pdx_localize.cpp:279","Duplicate localization key. Key 'DI_innovation_selection_tab' is defined in both 'localization/russian/gui/DI_RUS_l_russian.yml' and 'localization/russian/gui/DI_l_russian.yml'.","Expected corrective localization override","Divine Intervention AGOT | Русификатор | Divine Intervention Cheat Menu | Divine Intervention CM [RUS]","localization/russian/gui/DI_RUS_l_russian.yml | localization/russian/gui/DI_l_russian.yml","DI_innovation_selection_tab","localization/russian/gui/DI_RUS_l_russian.yml","localization/russian/gui/DI_l_russian.yml"
"781","06:11:21","pdx_localize.cpp:279","Duplicate localization key. Key 'DI_culture_convert_tab' is defined in both 'localization/russian/gui/DI_RUS_l_russian.yml' and 'localization/russian/gui/DI_l_russian.yml'.","Expected corrective localization override","Divine Intervention AGOT | Русификатор | Divine Intervention Cheat Menu | Divine Intervention CM [RUS]","localization/russian/gui/DI_RUS_l_russian.yml | localization/russian/gui/DI_l_russian.yml","DI_culture_convert_tab","localization/russian/gui/DI_RUS_l_russian.yml","localization/russian/gui/DI_l_russian.yml"
"782","06:11:21","pdx_localize.cpp:279","Duplicate localization key. Key 'DI_culture_convert' is defined in both 'localization/russian/gui/DI_RUS_l_russian.yml' and 'localization/russian/gui/DI_l_russian.yml'.","Expected corrective localization override","Divine Intervention AGOT | Русификатор | Divine Intervention Cheat Menu | Divine Intervention CM [RUS]","localization/russian/gui/DI_RUS_l_russian.yml | localization/russian/gui/DI_l_russian.yml","DI_culture_convert","localization/russian/gui/DI_RUS_l_russian.yml","localization/russian/gui/DI_l_russian.yml"
"783","06:11:21","pdx_localize.cpp:279","Duplicate localization key. Key 'DI_CLEAR_ALL_TRADITIONS' is defined in both 'localization/russian/gui/DI_RUS_l_russian.yml' and 'localization/russian/gui/DI_l_russian.yml'.","Expected corrective localization override","Divine Intervention AGOT | Русификатор | Divine Intervention Cheat Menu | Divine Intervention CM [RUS]","localization/russian/gui/DI_RUS_l_russian.yml | localization/russian/gui/DI_l_russian.yml","DI_CLEAR_ALL_TRADITIONS","localization/russian/gui/DI_RUS_l_russian.yml","localization/russian/gui/DI_l_russian.yml"
"784","06:11:21","pdx_localize.cpp:279","Duplicate localization key. Key 'DI_COPY_TRADITIONS_LABEL' is defined in both 'localization/russian/gui/DI_RUS_l_russian.yml' and 'localization/russian/gui/DI_l_russian.yml'.","Expected corrective localization override","Divine Intervention AGOT | Русификатор | Divine Intervention Cheat Menu | Divine Intervention CM [RUS]","localization/russian/gui/DI_RUS_l_russian.yml | localization/russian/gui/DI_l_russian.yml","DI_COPY_TRADITIONS_LABEL","localization/russian/gui/DI_RUS_l_russian.yml","localization/russian/gui/DI_l_russian.yml"
"785","06:11:21","pdx_localize.cpp:279","Duplicate localization key. Key 'DI_copy_traditions_tt' is defined in both 'localization/russian/gui/DI_RUS_l_russian.yml' and 'localization/russian/gui/DI_l_russian.yml'.","Expected corrective localization override","Divine Intervention AGOT | Русификатор | Divine Intervention Cheat Menu | Divine Intervention CM [RUS]","localization/russian/gui/DI_RUS_l_russian.yml | localization/russian/gui/DI_l_russian.yml","DI_copy_traditions_tt","localization/russian/gui/DI_RUS_l_russian.yml","localization/russian/gui/DI_l_russian.yml"
"786","06:11:21","pdx_localize.cpp:279","Duplicate localization key. Key 'DI_edit_tradition' is defined in both 'localization/russian/gui/DI_RUS_l_russian.yml' and 'localization/russian/gui/DI_l_russian.yml'.","Expected corrective localization override","Divine Intervention AGOT | Русификатор | Divine Intervention Cheat Menu | Divine Intervention CM [RUS]","localization/russian/gui/DI_RUS_l_russian.yml | localization/russian/gui/DI_l_russian.yml","DI_edit_tradition","localization/russian/gui/DI_RUS_l_russian.yml","localization/russian/gui/DI_l_russian.yml"
"787","06:11:21","pdx_localize.cpp:279","Duplicate localization key. Key 'DI_all_traditions' is defined in both 'localization/russian/gui/DI_RUS_l_russian.yml' and 'localization/russian/gui/DI_l_russian.yml'.","Expected corrective localization override","Divine Intervention AGOT | Русификатор | Divine Intervention Cheat Menu | Divine Intervention CM [RUS]","localization/russian/gui/DI_RUS_l_russian.yml | localization/russian/gui/DI_l_russian.yml","DI_all_traditions","localization/russian/gui/DI_RUS_l_russian.yml","localization/russian/gui/DI_l_russian.yml"
"788","06:11:21","pdx_localize.cpp:279","Duplicate localization key. Key 'DI_culture_convert_characters' is defined in both 'localization/russian/gui/DI_RUS_l_russian.yml' and 'localization/russian/gui/DI_l_russian.yml'.","Expected corrective localization override","Divine Intervention AGOT | Русификатор | Divine Intervention Cheat Menu | Divine Intervention CM [RUS]","localization/russian/gui/DI_RUS_l_russian.yml | localization/russian/gui/DI_l_russian.yml","DI_culture_convert_characters","localization/russian/gui/DI_RUS_l_russian.yml","localization/russian/gui/DI_l_russian.yml"
"789","06:11:21","pdx_localize.cpp:279","Duplicate localization key. Key 'DI_culture_convert_counties' is defined in both 'localization/russian/gui/DI_RUS_l_russian.yml' and 'localization/russian/gui/DI_l_russian.yml'.","Expected corrective localization override","Divine Intervention AGOT | Русификатор | Divine Intervention Cheat Menu | Divine Intervention CM [RUS]","localization/russian/gui/DI_RUS_l_russian.yml | localization/russian/gui/DI_l_russian.yml","DI_culture_convert_counties","localization/russian/gui/DI_RUS_l_russian.yml","localization/russian/gui/DI_l_russian.yml"
"790","06:11:21","pdx_localize.cpp:279","Duplicate localization key. Key 'DI_culture_to_edit' is defined in both 'localization/russian/gui/DI_RUS_l_russian.yml' and 'localization/russian/gui/DI_l_russian.yml'.","Expected corrective localization override","Divine Intervention AGOT | Русификатор | Divine Intervention Cheat Menu | Divine Intervention CM [RUS]","localization/russian/gui/DI_RUS_l_russian.yml | localization/russian/gui/DI_l_russian.yml","DI_culture_to_edit","localization/russian/gui/DI_RUS_l_russian.yml","localization/russian/gui/DI_l_russian.yml"
"791","06:11:21","pdx_localize.cpp:279","Duplicate localization key. Key 'DI_culture_to_copy' is defined in both 'localization/russian/gui/DI_RUS_l_russian.yml' and 'localization/russian/gui/DI_l_russian.yml'.","Expected corrective localization override","Divine Intervention AGOT | Русификатор | Divine Intervention Cheat Menu | Divine Intervention CM [RUS]","localization/russian/gui/DI_RUS_l_russian.yml | localization/russian/gui/DI_l_russian.yml","DI_culture_to_copy","localization/russian/gui/DI_RUS_l_russian.yml","localization/russian/gui/DI_l_russian.yml"
"792","06:11:21","pdx_localize.cpp:279","Duplicate localization key. Key 'DI_people' is defined in both 'localization/russian/gui/DI_RUS_l_russian.yml' and 'localization/russian/gui/DI_l_russian.yml'.","Expected corrective localization override","Divine Intervention AGOT | Русификатор | Divine Intervention Cheat Menu | Divine Intervention CM [RUS]","localization/russian/gui/DI_RUS_l_russian.yml | localization/russian/gui/DI_l_russian.yml","DI_people","localization/russian/gui/DI_RUS_l_russian.yml","localization/russian/gui/DI_l_russian.yml"
"793","06:11:21","pdx_localize.cpp:279","Duplicate localization key. Key 'DI_convert_every_courtier_culture' is defined in both 'localization/russian/gui/DI_RUS_l_russian.yml' and 'localization/russian/gui/DI_l_russian.yml'.","Expected corrective localization override","Divine Intervention AGOT | Русификатор | Divine Intervention Cheat Menu | Divine Intervention CM [RUS]","localization/russian/gui/DI_RUS_l_russian.yml | localization/russian/gui/DI_l_russian.yml","DI_convert_every_courtier_culture","localization/russian/gui/DI_RUS_l_russian.yml","localization/russian/gui/DI_l_russian.yml"
"794","06:11:21","pdx_localize.cpp:279","Duplicate localization key. Key 'DI_convert_every_courtier_culture_tt' is defined in both 'localization/russian/gui/DI_RUS_l_russian.yml' and 'localization/russian/gui/DI_l_russian.yml'.","Expected corrective localization override","Divine Intervention AGOT | Русификатор | Divine Intervention Cheat Menu | Divine Intervention CM [RUS]","localization/russian/gui/DI_RUS_l_russian.yml | localization/russian/gui/DI_l_russian.yml","DI_convert_every_courtier_culture_tt","localization/russian/gui/DI_RUS_l_russian.yml","localization/russian/gui/DI_l_russian.yml"
"795","06:11:21","pdx_localize.cpp:279","Duplicate localization key. Key 'DI_convert_every_vassal_culture' is defined in both 'localization/russian/gui/DI_RUS_l_russian.yml' and 'localization/russian/gui/DI_l_russian.yml'.","Expected corrective localization override","Divine Intervention AGOT | Русификатор | Divine Intervention Cheat Menu | Divine Intervention CM [RUS]","localization/russian/gui/DI_RUS_l_russian.yml | localization/russian/gui/DI_l_russian.yml","DI_convert_every_vassal_culture","localization/russian/gui/DI_RUS_l_russian.yml","localization/russian/gui/DI_l_russian.yml"
"796","06:11:21","pdx_localize.cpp:279","Duplicate localization key. Key 'DI_convert_every_vassal_culture_tt' is defined in both 'localization/russian/gui/DI_RUS_l_russian.yml' and 'localization/russian/gui/DI_l_russian.yml'.","Expected corrective localization override","Divine Intervention AGOT | Русификатор | Divine Intervention Cheat Menu | Divine Intervention CM [RUS]","localization/russian/gui/DI_RUS_l_russian.yml | localization/russian/gui/DI_l_russian.yml","DI_convert_every_vassal_culture_tt","localization/russian/gui/DI_RUS_l_russian.yml","localization/russian/gui/DI_l_russian.yml"
"797","06:11:21","pdx_localize.cpp:279","Duplicate localization key. Key 'DI_counties' is defined in both 'localization/russian/gui/DI_RUS_l_russian.yml' and 'localization/russian/gui/DI_l_russian.yml'.","Expected corrective localization override","Divine Intervention AGOT | Русификатор | Divine Intervention Cheat Menu | Divine Intervention CM [RUS]","localization/russian/gui/DI_RUS_l_russian.yml | localization/russian/gui/DI_l_russian.yml","DI_counties","localization/russian/gui/DI_RUS_l_russian.yml","localization/russian/gui/DI_l_russian.yml"
"798","06:11:21","pdx_localize.cpp:279","Duplicate localization key. Key 'DI_realm' is defined in both 'localization/russian/gui/DI_RUS_l_russian.yml' and 'localization/russian/gui/DI_l_russian.yml'.","Expected corrective localization override","Divine Intervention AGOT | Русификатор | Divine Intervention Cheat Menu | Divine Intervention CM [RUS]","localization/russian/gui/DI_RUS_l_russian.yml | localization/russian/gui/DI_l_russian.yml","DI_realm","localization/russian/gui/DI_RUS_l_russian.yml","localization/russian/gui/DI_l_russian.yml"
"799","06:11:21","pdx_localize.cpp:279","Duplicate localization key. Key 'DI_convert_realm_culture' is defined in both 'localization/russian/gui/DI_RUS_l_russian.yml' and 'localization/russian/gui/DI_l_russian.yml'.","Expected corrective localization override","Divine Intervention AGOT | Русификатор | Divine Intervention Cheat Menu | Divine Intervention CM [RUS]","localization/russian/gui/DI_RUS_l_russian.yml | localization/russian/gui/DI_l_russian.yml","DI_convert_realm_culture","localization/russian/gui/DI_RUS_l_russian.yml","localization/russian/gui/DI_l_russian.yml"
"800","06:11:21","pdx_localize.cpp:279","Duplicate localization key. Key 'DI_convert_realm_culture_tt' is defined in both 'localization/russian/gui/DI_RUS_l_russian.yml' and 'localization/russian/gui/DI_l_russian.yml'.","Expected corrective localization override","Divine Intervention AGOT | Русификатор | Divine Intervention Cheat Menu | Divine Intervention CM [RUS]","localization/russian/gui/DI_RUS_l_russian.yml | localization/russian/gui/DI_l_russian.yml","DI_convert_realm_culture_tt","localization/russian/gui/DI_RUS_l_russian.yml","localization/russian/gui/DI_l_russian.yml"
"801","06:11:21","pdx_localize.cpp:279","Duplicate localization key. Key 'DI_convert_all_pinned_realm_culture' is defined in both 'localization/russian/gui/DI_RUS_l_russian.yml' and 'localization/russian/gui/DI_l_russian.yml'.","Expected corrective localization override","Divine Intervention AGOT | Русификатор | Divine Intervention Cheat Menu | Divine Intervention CM [RUS]","localization/russian/gui/DI_RUS_l_russian.yml | localization/russian/gui/DI_l_russian.yml","DI_convert_all_pinned_realm_culture","localization/russian/gui/DI_RUS_l_russian.yml","localization/russian/gui/DI_l_russian.yml"
"802","06:11:21","pdx_localize.cpp:279","Duplicate localization key. Key 'DI_convert_all_pinned_realm_culture_tt' is defined in both 'localization/russian/gui/DI_RUS_l_russian.yml' and 'localization/russian/gui/DI_l_russian.yml'.","Expected corrective localization override","Divine Intervention AGOT | Русификатор | Divine Intervention Cheat Menu | Divine Intervention CM [RUS]","localization/russian/gui/DI_RUS_l_russian.yml | localization/russian/gui/DI_l_russian.yml","DI_convert_all_pinned_realm_culture_tt","localization/russian/gui/DI_RUS_l_russian.yml","localization/russian/gui/DI_l_russian.yml"
"803","06:11:21","pdx_localize.cpp:279","Duplicate localization key. Key 'DI_convert_all_pinned_to_player_culture' is defined in both 'localization/russian/gui/DI_RUS_l_russian.yml' and 'localization/russian/gui/DI_l_russian.yml'.","Expected corrective localization override","Divine Intervention AGOT | Русификатор | Divine Intervention Cheat Menu | Divine Intervention CM [RUS]","localization/russian/gui/DI_RUS_l_russian.yml | localization/russian/gui/DI_l_russian.yml","DI_convert_all_pinned_to_player_culture","localization/russian/gui/DI_RUS_l_russian.yml","localization/russian/gui/DI_l_russian.yml"
"804","06:11:21","pdx_localize.cpp:279","Duplicate localization key. Key 'DI_convert_all_pinned_to_player_culture_tt' is defined in both 'localization/russian/gui/DI_RUS_l_russian.yml' and 'localization/russian/gui/DI_l_russian.yml'.","Expected corrective localization override","Divine Intervention AGOT | Русификатор | Divine Intervention Cheat Menu | Divine Intervention CM [RUS]","localization/russian/gui/DI_RUS_l_russian.yml | localization/russian/gui/DI_l_russian.yml","DI_convert_all_pinned_to_player_culture_tt","localization/russian/gui/DI_RUS_l_russian.yml","localization/russian/gui/DI_l_russian.yml"
"805","06:11:21","pdx_localize.cpp:279","Duplicate localization key. Key 'DI_quick_convert_player_realm_culture' is defined in both 'localization/russian/gui/DI_RUS_l_russian.yml' and 'localization/russian/gui/DI_l_russian.yml'.","Expected corrective localization override","Divine Intervention AGOT | Русификатор | Divine Intervention Cheat Menu | Divine Intervention CM [RUS]","localization/russian/gui/DI_RUS_l_russian.yml | localization/russian/gui/DI_l_russian.yml","DI_quick_convert_player_realm_culture","localization/russian/gui/DI_RUS_l_russian.yml","localization/russian/gui/DI_l_russian.yml"
"806","06:11:21","pdx_localize.cpp:279","Duplicate localization key. Key 'DI_quick_convert_player_realm_culture_tt' is defined in both 'localization/russian/gui/DI_RUS_l_russian.yml' and 'localization/russian/gui/DI_l_russian.yml'.","Expected corrective localization override","Divine Intervention AGOT | Русификатор | Divine Intervention Cheat Menu | Divine Intervention CM [RUS]","localization/russian/gui/DI_RUS_l_russian.yml | localization/russian/gui/DI_l_russian.yml","DI_quick_convert_player_realm_culture_tt","localization/russian/gui/DI_RUS_l_russian.yml","localization/russian/gui/DI_l_russian.yml"
"807","06:11:21","pdx_localize.cpp:279","Duplicate localization key. Key 'DI_sub_realm' is defined in both 'localization/russian/gui/DI_RUS_l_russian.yml' and 'localization/russian/gui/DI_l_russian.yml'.","Expected corrective localization override","Divine Intervention AGOT | Русификатор | Divine Intervention Cheat Menu | Divine Intervention CM [RUS]","localization/russian/gui/DI_RUS_l_russian.yml | localization/russian/gui/DI_l_russian.yml","DI_sub_realm","localization/russian/gui/DI_RUS_l_russian.yml","localization/russian/gui/DI_l_russian.yml"
"808","06:11:21","pdx_localize.cpp:279","Duplicate localization key. Key 'DI_convert_sub_realm_culture' is defined in both 'localization/russian/gui/DI_RUS_l_russian.yml' and 'localization/russian/gui/DI_l_russian.yml'.","Expected corrective localization override","Divine Intervention AGOT | Русификатор | Divine Intervention Cheat Menu | Divine Intervention CM [RUS]","localization/russian/gui/DI_RUS_l_russian.yml | localization/russian/gui/DI_l_russian.yml","DI_convert_sub_realm_culture","localization/russian/gui/DI_RUS_l_russian.yml","localization/russian/gui/DI_l_russian.yml"
"809","06:11:21","pdx_localize.cpp:279","Duplicate localization key. Key 'DI_convert_sub_realm_culture_tt' is defined in both 'localization/russian/gui/DI_RUS_l_russian.yml' and 'localization/russian/gui/DI_l_russian.yml'.","Expected corrective localization override","Divine Intervention AGOT | Русификатор | Divine Intervention Cheat Menu | Divine Intervention CM [RUS]","localization/russian/gui/DI_RUS_l_russian.yml | localization/russian/gui/DI_l_russian.yml","DI_convert_sub_realm_culture_tt","localization/russian/gui/DI_RUS_l_russian.yml","localization/russian/gui/DI_l_russian.yml"
"810","06:11:21","pdx_localize.cpp:279","Duplicate localization key. Key 'DI_convert_all_pinned_sub_realm_culture' is defined in both 'localization/russian/gui/DI_RUS_l_russian.yml' and 'localization/russian/gui/DI_l_russian.yml'.","Expected corrective localization override","Divine Intervention AGOT | Русификатор | Divine Intervention Cheat Menu | Divine Intervention CM [RUS]","localization/russian/gui/DI_RUS_l_russian.yml | localization/russian/gui/DI_l_russian.yml","DI_convert_all_pinned_sub_realm_culture","localization/russian/gui/DI_RUS_l_russian.yml","localization/russian/gui/DI_l_russian.yml"
"811","06:11:21","pdx_localize.cpp:279","Duplicate localization key. Key 'DI_convert_all_pinned_sub_realm_culture_tt' is defined in both 'localization/russian/gui/DI_RUS_l_russian.yml' and 'localization/russian/gui/DI_l_russian.yml'.","Expected corrective localization override","Divine Intervention AGOT | Русификатор | Divine Intervention Cheat Menu | Divine Intervention CM [RUS]","localization/russian/gui/DI_RUS_l_russian.yml | localization/russian/gui/DI_l_russian.yml","DI_convert_all_pinned_sub_realm_culture_tt","localization/russian/gui/DI_RUS_l_russian.yml","localization/russian/gui/DI_l_russian.yml"
"812","06:11:21","pdx_localize.cpp:279","Duplicate localization key. Key 'DI_convert_all_pinned_to_player_sub_realm_culture' is defined in both 'localization/russian/gui/DI_RUS_l_russian.yml' and 'localization/russian/gui/DI_l_russian.yml'.","Expected corrective localization override","Divine Intervention AGOT | Русификатор | Divine Intervention Cheat Menu | Divine Intervention CM [RUS]","localization/russian/gui/DI_RUS_l_russian.yml | localization/russian/gui/DI_l_russian.yml","DI_convert_all_pinned_to_player_sub_realm_culture","localization/russian/gui/DI_RUS_l_russian.yml","localization/russian/gui/DI_l_russian.yml"
"813","06:11:21","pdx_localize.cpp:279","Duplicate localization key. Key 'DI_convert_all_pinned_to_player_sub_realm_culture_tt' is defined in both 'localization/russian/gui/DI_RUS_l_russian.yml' and 'localization/russian/gui/DI_l_russian.yml'.","Expected corrective localization override","Divine Intervention AGOT | Русификатор | Divine Intervention Cheat Menu | Divine Intervention CM [RUS]","localization/russian/gui/DI_RUS_l_russian.yml | localization/russian/gui/DI_l_russian.yml","DI_convert_all_pinned_to_player_sub_realm_culture_tt","localization/russian/gui/DI_RUS_l_russian.yml","localization/russian/gui/DI_l_russian.yml"
"814","06:11:21","pdx_localize.cpp:279","Duplicate localization key. Key 'DI_quick_convert_player_sub_realm_culture' is defined in both 'localization/russian/gui/DI_RUS_l_russian.yml' and 'localization/russian/gui/DI_l_russian.yml'.","Expected corrective localization override","Divine Intervention AGOT | Русификатор | Divine Intervention Cheat Menu | Divine Intervention CM [RUS]","localization/russian/gui/DI_RUS_l_russian.yml | localization/russian/gui/DI_l_russian.yml","DI_quick_convert_player_sub_realm_culture","localization/russian/gui/DI_RUS_l_russian.yml","localization/russian/gui/DI_l_russian.yml"
"815","06:11:21","pdx_localize.cpp:279","Duplicate localization key. Key 'DI_quick_convert_player_sub_realm_culture_tt' is defined in both 'localization/russian/gui/DI_RUS_l_russian.yml' and 'localization/russian/gui/DI_l_russian.yml'.","Expected corrective localization override","Divine Intervention AGOT | Русификатор | Divine Intervention Cheat Menu | Divine Intervention CM [RUS]","localization/russian/gui/DI_RUS_l_russian.yml | localization/russian/gui/DI_l_russian.yml","DI_quick_convert_player_sub_realm_culture_tt","localization/russian/gui/DI_RUS_l_russian.yml","localization/russian/gui/DI_l_russian.yml"
"816","06:11:21","pdx_localize.cpp:279","Duplicate localization key. Key 'DI_all_innovations' is defined in both 'localization/russian/gui/DI_RUS_l_russian.yml' and 'localization/russian/gui/DI_l_russian.yml'.","Expected corrective localization override","Divine Intervention AGOT | Русификатор | Divine Intervention Cheat Menu | Divine Intervention CM [RUS]","localization/russian/gui/DI_RUS_l_russian.yml | localization/russian/gui/DI_l_russian.yml","DI_all_innovations","localization/russian/gui/DI_RUS_l_russian.yml","localization/russian/gui/DI_l_russian.yml"
"817","06:11:21","pdx_localize.cpp:279","Duplicate localization key. Key 'DI_innovations_by_era' is defined in both 'localization/russian/gui/DI_RUS_l_russian.yml' and 'localization/russian/gui/DI_l_russian.yml'.","Expected corrective localization override","Divine Intervention AGOT | Русификатор | Divine Intervention Cheat Menu | Divine Intervention CM [RUS]","localization/russian/gui/DI_RUS_l_russian.yml | localization/russian/gui/DI_l_russian.yml","DI_innovations_by_era","localization/russian/gui/DI_RUS_l_russian.yml","localization/russian/gui/DI_l_russian.yml"
"818","06:11:21","pdx_localize.cpp:279","Duplicate localization key. Key 'DI_add_all_innovations' is defined in both 'localization/russian/gui/DI_RUS_l_russian.yml' and 'localization/russian/gui/DI_l_russian.yml'.","Expected corrective localization override","Divine Intervention AGOT | Русификатор | Divine Intervention Cheat Menu | Divine Intervention CM [RUS]","localization/russian/gui/DI_RUS_l_russian.yml | localization/russian/gui/DI_l_russian.yml","DI_add_all_innovations","localization/russian/gui/DI_RUS_l_russian.yml","localization/russian/gui/DI_l_russian.yml"
"819","06:11:21","pdx_localize.cpp:279","Duplicate localization key. Key 'DI_remove_all_innovations' is defined in both 'localization/russian/gui/DI_RUS_l_russian.yml' and 'localization/russian/gui/DI_l_russian.yml'.","Expected corrective localization override","Divine Intervention AGOT | Русификатор | Divine Intervention Cheat Menu | Divine Intervention CM [RUS]","localization/russian/gui/DI_RUS_l_russian.yml | localization/russian/gui/DI_l_russian.yml","DI_remove_all_innovations","localization/russian/gui/DI_RUS_l_russian.yml","localization/russian/gui/DI_l_russian.yml"
"820","06:11:21","pdx_localize.cpp:279","Duplicate localization key. Key 'DI_martial_custom_window_title' is defined in both 'localization/russian/gui/DI_RUS_l_russian.yml' and 'localization/russian/gui/DI_l_russian.yml'.","Expected corrective localization override","Divine Intervention AGOT | Русификатор | Divine Intervention Cheat Menu | Divine Intervention CM [RUS]","localization/russian/gui/DI_RUS_l_russian.yml | localization/russian/gui/DI_l_russian.yml","DI_martial_custom_window_title","localization/russian/gui/DI_RUS_l_russian.yml","localization/russian/gui/DI_l_russian.yml"
"821","06:11:21","pdx_localize.cpp:279","Duplicate localization key. Key 'DI_ethos_window_title' is defined in both 'localization/russian/gui/DI_RUS_l_russian.yml' and 'localization/russian/gui/DI_l_russian.yml'.","Expected corrective localization override","Divine Intervention AGOT | Русификатор | Divine Intervention Cheat Menu | Divine Intervention CM [RUS]","localization/russian/gui/DI_RUS_l_russian.yml | localization/russian/gui/DI_l_russian.yml","DI_ethos_window_title","localization/russian/gui/DI_RUS_l_russian.yml","localization/russian/gui/DI_l_russian.yml"
"822","06:11:21","pdx_localize.cpp:279","Duplicate localization key. Key 'DI_heritage_window_title' is defined in both 'localization/russian/gui/DI_RUS_l_russian.yml' and 'localization/russian/gui/DI_l_russian.yml'.","Expected corrective localization override","Divine Intervention AGOT | Русификатор | Divine Intervention Cheat Menu | Divine Intervention CM [RUS]","localization/russian/gui/DI_RUS_l_russian.yml | localization/russian/gui/DI_l_russian.yml","DI_heritage_window_title","localization/russian/gui/DI_RUS_l_russian.yml","localization/russian/gui/DI_l_russian.yml"
"823","06:11:21","pdx_localize.cpp:279","Duplicate localization key. Key 'DI_language_window_title' is defined in both 'localization/russian/gui/DI_RUS_l_russian.yml' and 'localization/russian/gui/DI_l_russian.yml'.","Expected corrective localization override","Divine Intervention AGOT | Русификатор | Divine Intervention Cheat Menu | Divine Intervention CM [RUS]","localization/russian/gui/DI_RUS_l_russian.yml | localization/russian/gui/DI_l_russian.yml","DI_language_window_title","localization/russian/gui/DI_RUS_l_russian.yml","localization/russian/gui/DI_l_russian.yml"
"824","06:11:21","pdx_localize.cpp:279","Duplicate localization key. Key 'DI_FAITH_EDITOR_TITLE' is defined in both 'localization/russian/gui/DI_RUS_l_russian.yml' and 'localization/russian/gui/DI_l_russian.yml'.","Expected corrective localization override","Divine Intervention AGOT | Русификатор | Divine Intervention Cheat Menu | Divine Intervention CM [RUS]","localization/russian/gui/DI_RUS_l_russian.yml | localization/russian/gui/DI_l_russian.yml","DI_FAITH_EDITOR_TITLE","localization/russian/gui/DI_RUS_l_russian.yml","localization/russian/gui/DI_l_russian.yml"
"825","06:11:21","pdx_localize.cpp:279","Duplicate localization key. Key 'DI_select_tenet' is defined in both 'localization/russian/gui/DI_RUS_l_russian.yml' and 'localization/russian/gui/DI_l_russian.yml'.","Expected corrective localization override","Divine Intervention AGOT | Русификатор | Divine Intervention Cheat Menu | Divine Intervention CM [RUS]","localization/russian/gui/DI_RUS_l_russian.yml | localization/russian/gui/DI_l_russian.yml","DI_select_tenet","localization/russian/gui/DI_RUS_l_russian.yml","localization/russian/gui/DI_l_russian.yml"
"826","06:11:21","pdx_localize.cpp:279","Duplicate localization key. Key 'DI_add_tenet' is defined in both 'localization/russian/gui/DI_RUS_l_russian.yml' and 'localization/russian/gui/DI_l_russian.yml'.","Expected corrective localization override","Divine Intervention AGOT | Русификатор | Divine Intervention Cheat Menu | Divine Intervention CM [RUS]","localization/russian/gui/DI_RUS_l_russian.yml | localization/russian/gui/DI_l_russian.yml","DI_add_tenet","localization/russian/gui/DI_RUS_l_russian.yml","localization/russian/gui/DI_l_russian.yml"
"827","06:11:21","pdx_localize.cpp:279","Duplicate localization key. Key 'DI_fe_add_tenet_tooltip' is defined in both 'localization/russian/gui/DI_RUS_l_russian.yml' and 'localization/russian/gui/DI_l_russian.yml'.","Expected corrective localization override","Divine Intervention AGOT | Русификатор | Divine Intervention Cheat Menu | Divine Intervention CM [RUS]","localization/russian/gui/DI_RUS_l_russian.yml | localization/russian/gui/DI_l_russian.yml","DI_fe_add_tenet_tooltip","localization/russian/gui/DI_RUS_l_russian.yml","localization/russian/gui/DI_l_russian.yml"
"828","06:11:21","pdx_localize.cpp:279","Duplicate localization key. Key 'DI_fe_replace_tenet_tooltip' is defined in both 'localization/russian/gui/DI_RUS_l_russian.yml' and 'localization/russian/gui/DI_l_russian.yml'.","Expected corrective localization override","Divine Intervention AGOT | Русификатор | Divine Intervention Cheat Menu | Divine Intervention CM [RUS]","localization/russian/gui/DI_RUS_l_russian.yml | localization/russian/gui/DI_l_russian.yml","DI_fe_replace_tenet_tooltip","localization/russian/gui/DI_RUS_l_russian.yml","localization/russian/gui/DI_l_russian.yml"
"829","06:11:21","pdx_localize.cpp:279","Duplicate localization key. Key 'DI_other_tenets_heading' is defined in both 'localization/russian/gui/DI_RUS_l_russian.yml' and 'localization/russian/gui/DI_l_russian.yml'.","Expected corrective localization override","Divine Intervention AGOT | Русификатор | Divine Intervention Cheat Menu | Divine Intervention CM [RUS]","localization/russian/gui/DI_RUS_l_russian.yml | localization/russian/gui/DI_l_russian.yml","DI_other_tenets_heading","localization/russian/gui/DI_RUS_l_russian.yml","localization/russian/gui/DI_l_russian.yml"
"830","06:11:21","pdx_localize.cpp:279","Duplicate localization key. Key 'interaction_category_cheat_menu' is defined in both 'localization/russian/gui/DI_RUS_l_russian.yml' and 'localization/russian/gui/DI_l_russian.yml'.","Expected corrective localization override","Divine Intervention AGOT | Русификатор | Divine Intervention Cheat Menu | Divine Intervention CM [RUS]","localization/russian/gui/DI_RUS_l_russian.yml | localization/russian/gui/DI_l_russian.yml","interaction_category_cheat_menu","localization/russian/gui/DI_RUS_l_russian.yml","localization/russian/gui/DI_l_russian.yml"
"831","06:11:21","pdx_localize.cpp:279","Duplicate localization key. Key 'DI_open_cheat_menu' is defined in both 'localization/russian/gui/DI_RUS_l_russian.yml' and 'localization/russian/gui/DI_l_russian.yml'.","Expected corrective localization override","Divine Intervention AGOT | Русификатор | Divine Intervention Cheat Menu | Divine Intervention CM [RUS]","localization/russian/gui/DI_RUS_l_russian.yml | localization/russian/gui/DI_l_russian.yml","DI_open_cheat_menu","localization/russian/gui/DI_RUS_l_russian.yml","localization/russian/gui/DI_l_russian.yml"
"832","06:11:21","pdx_localize.cpp:279","Duplicate localization key. Key 'DI_close_cheat_menu' is defined in both 'localization/russian/gui/DI_RUS_l_russian.yml' and 'localization/russian/gui/DI_l_russian.yml'.","Expected corrective localization override","Divine Intervention AGOT | Русификатор | Divine Intervention Cheat Menu | Divine Intervention CM [RUS]","localization/russian/gui/DI_RUS_l_russian.yml | localization/russian/gui/DI_l_russian.yml","DI_close_cheat_menu","localization/russian/gui/DI_RUS_l_russian.yml","localization/russian/gui/DI_l_russian.yml"
"833","06:11:21","pdx_localize.cpp:279","Duplicate localization key. Key 'DI_cheat_menu_desc' is defined in both 'localization/russian/gui/DI_RUS_l_russian.yml' and 'localization/russian/gui/DI_l_russian.yml'.","Expected corrective localization override","Divine Intervention AGOT | Русификатор | Divine Intervention Cheat Menu | Divine Intervention CM [RUS]","localization/russian/gui/DI_RUS_l_russian.yml | localization/russian/gui/DI_l_russian.yml","DI_cheat_menu_desc","localization/russian/gui/DI_RUS_l_russian.yml","localization/russian/gui/DI_l_russian.yml"
"834","06:11:21","pdx_localize.cpp:279","Duplicate localization key. Key 'DI_pin_character_interaction' is defined in both 'localization/russian/gui/DI_RUS_l_russian.yml' and 'localization/russian/gui/DI_l_russian.yml'.","Expected corrective localization override","Divine Intervention AGOT | Русификатор | Divine Intervention Cheat Menu | Divine Intervention CM [RUS]","localization/russian/gui/DI_RUS_l_russian.yml | localization/russian/gui/DI_l_russian.yml","DI_pin_character_interaction","localization/russian/gui/DI_RUS_l_russian.yml","localization/russian/gui/DI_l_russian.yml"
"835","06:11:21","pdx_localize.cpp:279","Duplicate localization key. Key 'DI_pin_character' is defined in both 'localization/russian/gui/DI_RUS_l_russian.yml' and 'localization/russian/gui/DI_l_russian.yml'.","Expected corrective localization override","Divine Intervention AGOT | Русификатор | Divine Intervention Cheat Menu | Divine Intervention CM [RUS]","localization/russian/gui/DI_RUS_l_russian.yml | localization/russian/gui/DI_l_russian.yml","DI_pin_character","localization/russian/gui/DI_RUS_l_russian.yml","localization/russian/gui/DI_l_russian.yml"
"836","06:11:21","pdx_localize.cpp:279","Duplicate localization key. Key 'DI_pin_vassals' is defined in both 'localization/russian/gui/DI_RUS_l_russian.yml' and 'localization/russian/gui/DI_l_russian.yml'.","Expected corrective localization override","Divine Intervention AGOT | Русификатор | Divine Intervention Cheat Menu | Divine Intervention CM [RUS]","localization/russian/gui/DI_RUS_l_russian.yml | localization/russian/gui/DI_l_russian.yml","DI_pin_vassals","localization/russian/gui/DI_RUS_l_russian.yml","localization/russian/gui/DI_l_russian.yml"
"837","06:11:21","pdx_localize.cpp:279","Duplicate localization key. Key 'DI_pin_courtiers' is defined in both 'localization/russian/gui/DI_RUS_l_russian.yml' and 'localization/russian/gui/DI_l_russian.yml'.","Expected corrective localization override","Divine Intervention AGOT | Русификатор | Divine Intervention Cheat Menu | Divine Intervention CM [RUS]","localization/russian/gui/DI_RUS_l_russian.yml | localization/russian/gui/DI_l_russian.yml","DI_pin_courtiers","localization/russian/gui/DI_RUS_l_russian.yml","localization/russian/gui/DI_l_russian.yml"
"838","06:11:21","pdx_localize.cpp:279","Duplicate localization key. Key 'DI_pin_councillors' is defined in both 'localization/russian/gui/DI_RUS_l_russian.yml' and 'localization/russian/gui/DI_l_russian.yml'.","Expected corrective localization override","Divine Intervention AGOT | Русификатор | Divine Intervention Cheat Menu | Divine Intervention CM [RUS]","localization/russian/gui/DI_RUS_l_russian.yml | localization/russian/gui/DI_l_russian.yml","DI_pin_councillors","localization/russian/gui/DI_RUS_l_russian.yml","localization/russian/gui/DI_l_russian.yml"
"839","06:11:21","pdx_localize.cpp:279","Duplicate localization key. Key 'DI_pin_house' is defined in both 'localization/russian/gui/DI_RUS_l_russian.yml' and 'localization/russian/gui/DI_l_russian.yml'.","Expected corrective localization override","Divine Intervention AGOT | Русификатор | Divine Intervention Cheat Menu | Divine Intervention CM [RUS]","localization/russian/gui/DI_RUS_l_russian.yml | localization/russian/gui/DI_l_russian.yml","DI_pin_house","localization/russian/gui/DI_RUS_l_russian.yml","localization/russian/gui/DI_l_russian.yml"
"840","06:11:21","pdx_localize.cpp:279","Duplicate localization key. Key 'DI_pin_dynasty' is defined in both 'localization/russian/gui/DI_RUS_l_russian.yml' and 'localization/russian/gui/DI_l_russian.yml'.","Expected corrective localization override","Divine Intervention AGOT | Русификатор | Divine Intervention Cheat Menu | Divine Intervention CM [RUS]","localization/russian/gui/DI_RUS_l_russian.yml | localization/russian/gui/DI_l_russian.yml","DI_pin_dynasty","localization/russian/gui/DI_RUS_l_russian.yml","localization/russian/gui/DI_l_russian.yml"
"841","06:11:21","pdx_localize.cpp:279","Duplicate localization key. Key 'DI_pin_lovers' is defined in both 'localization/russian/gui/DI_RUS_l_russian.yml' and 'localization/russian/gui/DI_l_russian.yml'.","Expected corrective localization override","Divine Intervention AGOT | Русификатор | Divine Intervention Cheat Menu | Divine Intervention CM [RUS]","localization/russian/gui/DI_RUS_l_russian.yml | localization/russian/gui/DI_l_russian.yml","DI_pin_lovers","localization/russian/gui/DI_RUS_l_russian.yml","localization/russian/gui/DI_l_russian.yml"
"842","06:11:21","pdx_localize.cpp:279","Duplicate localization key. Key 'DI_pin_bloc' is defined in both 'localization/russian/gui/DI_RUS_l_russian.yml' and 'localization/russian/gui/DI_l_russian.yml'.","Expected corrective localization override","Divine Intervention AGOT | Русификатор | Divine Intervention Cheat Menu | Divine Intervention CM [RUS]","localization/russian/gui/DI_RUS_l_russian.yml | localization/russian/gui/DI_l_russian.yml","DI_pin_bloc","localization/russian/gui/DI_RUS_l_russian.yml","localization/russian/gui/DI_l_russian.yml"
"843","06:11:21","pdx_localize.cpp:279","Duplicate localization key. Key 'DI_pin_faith_members' is defined in both 'localization/russian/gui/DI_RUS_l_russian.yml' and 'localization/russian/gui/DI_l_russian.yml'.","Expected corrective localization override","Divine Intervention AGOT | Русификатор | Divine Intervention Cheat Menu | Divine Intervention CM [RUS]","localization/russian/gui/DI_RUS_l_russian.yml | localization/russian/gui/DI_l_russian.yml","DI_pin_faith_members","localization/russian/gui/DI_RUS_l_russian.yml","localization/russian/gui/DI_l_russian.yml"
"844","06:11:21","pdx_localize.cpp:279","Duplicate localization key. Key 'DI_pin_culture_members' is defined in both 'localization/russian/gui/DI_RUS_l_russian.yml' and 'localization/russian/gui/DI_l_russian.yml'.","Expected corrective localization override","Divine Intervention AGOT | Русификатор | Divine Intervention Cheat Menu | Divine Intervention CM [RUS]","localization/russian/gui/DI_RUS_l_russian.yml | localization/russian/gui/DI_l_russian.yml","DI_pin_culture_members","localization/russian/gui/DI_RUS_l_russian.yml","localization/russian/gui/DI_l_russian.yml"
"845","06:11:21","pdx_localize.cpp:279","Duplicate localization key. Key 'DI_pin_close_family' is defined in both 'localization/russian/gui/DI_RUS_l_russian.yml' and 'localization/russian/gui/DI_l_russian.yml'.","Expected corrective localization override","Divine Intervention AGOT | Русификатор | Divine Intervention Cheat Menu | Divine Intervention CM [RUS]","localization/russian/gui/DI_RUS_l_russian.yml | localization/russian/gui/DI_l_russian.yml","DI_pin_close_family","localization/russian/gui/DI_RUS_l_russian.yml","localization/russian/gui/DI_l_russian.yml"
"846","06:11:21","pdx_localize.cpp:279","Duplicate localization key. Key 'DI_pin_extended_family' is defined in both 'localization/russian/gui/DI_RUS_l_russian.yml' and 'localization/russian/gui/DI_l_russian.yml'.","Expected corrective localization override","Divine Intervention AGOT | Русификатор | Divine Intervention Cheat Menu | Divine Intervention CM [RUS]","localization/russian/gui/DI_RUS_l_russian.yml | localization/russian/gui/DI_l_russian.yml","DI_pin_extended_family","localization/russian/gui/DI_RUS_l_russian.yml","localization/russian/gui/DI_l_russian.yml"
"847","06:11:21","pdx_localize.cpp:279","Duplicate localization key. Key 'DI_pin_title_interaction' is defined in both 'localization/russian/gui/DI_RUS_l_russian.yml' and 'localization/russian/gui/DI_l_russian.yml'.","Expected corrective localization override","Divine Intervention AGOT | Русификатор | Divine Intervention Cheat Menu | Divine Intervention CM [RUS]","localization/russian/gui/DI_RUS_l_russian.yml | localization/russian/gui/DI_l_russian.yml","DI_pin_title_interaction","localization/russian/gui/DI_RUS_l_russian.yml","localization/russian/gui/DI_l_russian.yml"
"848","06:11:21","pdx_localize.cpp:279","Duplicate localization key. Key 'DI_pin_character_titles' is defined in both 'localization/russian/gui/DI_RUS_l_russian.yml' and 'localization/russian/gui/DI_l_russian.yml'.","Expected corrective localization override","Divine Intervention AGOT | Русификатор | Divine Intervention Cheat Menu | Divine Intervention CM [RUS]","localization/russian/gui/DI_RUS_l_russian.yml | localization/russian/gui/DI_l_russian.yml","DI_pin_character_titles","localization/russian/gui/DI_RUS_l_russian.yml","localization/russian/gui/DI_l_russian.yml"
"849","06:11:21","pdx_localize.cpp:279","Duplicate localization key. Key 'DI_pin_vassal_titles' is defined in both 'localization/russian/gui/DI_RUS_l_russian.yml' and 'localization/russian/gui/DI_l_russian.yml'.","Expected corrective localization override","Divine Intervention AGOT | Русификатор | Divine Intervention Cheat Menu | Divine Intervention CM [RUS]","localization/russian/gui/DI_RUS_l_russian.yml | localization/russian/gui/DI_l_russian.yml","DI_pin_vassal_titles","localization/russian/gui/DI_RUS_l_russian.yml","localization/russian/gui/DI_l_russian.yml"
"850","06:11:21","pdx_localize.cpp:279","Duplicate localization key. Key 'DI_pin_sub_realm_titles' is defined in both 'localization/russian/gui/DI_RUS_l_russian.yml' and 'localization/russian/gui/DI_l_russian.yml'.","Expected corrective localization override","Divine Intervention AGOT | Русификатор | Divine Intervention Cheat Menu | Divine Intervention CM [RUS]","localization/russian/gui/DI_RUS_l_russian.yml | localization/russian/gui/DI_l_russian.yml","DI_pin_sub_realm_titles","localization/russian/gui/DI_RUS_l_russian.yml","localization/russian/gui/DI_l_russian.yml"
"851","06:11:21","pdx_localize.cpp:279","Duplicate localization key. Key 'DI_pin_realm_titles' is defined in both 'localization/russian/gui/DI_RUS_l_russian.yml' and 'localization/russian/gui/DI_l_russian.yml'.","Expected corrective localization override","Divine Intervention AGOT | Русификатор | Divine Intervention Cheat Menu | Divine Intervention CM [RUS]","localization/russian/gui/DI_RUS_l_russian.yml | localization/russian/gui/DI_l_russian.yml","DI_pin_realm_titles","localization/russian/gui/DI_RUS_l_russian.yml","localization/russian/gui/DI_l_russian.yml"
"852","06:11:21","pdx_localize.cpp:279","Duplicate localization key. Key 'DI_change_character_interaction' is defined in both 'localization/russian/gui/DI_RUS_l_russian.yml' and 'localization/russian/gui/DI_l_russian.yml'.","Expected corrective localization override","Divine Intervention AGOT | Русификатор | Divine Intervention Cheat Menu | Divine Intervention CM [RUS]","localization/russian/gui/DI_RUS_l_russian.yml | localization/russian/gui/DI_l_russian.yml","DI_change_character_interaction","localization/russian/gui/DI_RUS_l_russian.yml","localization/russian/gui/DI_l_russian.yml"
"853","06:11:21","pdx_localize.cpp:279","Duplicate localization key. Key 'DI_change_character_desc' is defined in both 'localization/russian/gui/DI_RUS_l_russian.yml' and 'localization/russian/gui/DI_l_russian.yml'.","Expected corrective localization override","Divine Intervention AGOT | Русификатор | Divine Intervention Cheat Menu | Divine Intervention CM [RUS]","localization/russian/gui/DI_RUS_l_russian.yml | localization/russian/gui/DI_l_russian.yml","DI_change_character_desc","localization/russian/gui/DI_RUS_l_russian.yml","localization/russian/gui/DI_l_russian.yml"
"854","06:11:21","pdx_localize.cpp:279","Duplicate localization key. Key 'DI_change_character_name_interaction' is defined in both 'localization/russian/gui/DI_RUS_l_russian.yml' and 'localization/russian/gui/DI_l_russian.yml'.","Expected corrective localization override","Divine Intervention AGOT | Русификатор | Divine Intervention Cheat Menu | Divine Intervention CM [RUS]","localization/russian/gui/DI_RUS_l_russian.yml | localization/russian/gui/DI_l_russian.yml","DI_change_character_name_interaction","localization/russian/gui/DI_RUS_l_russian.yml","localization/russian/gui/DI_l_russian.yml"
"855","06:11:21","pdx_localize.cpp:279","Duplicate localization key. Key 'DI_change_character_name_desc' is defined in both 'localization/russian/gui/DI_RUS_l_russian.yml' and 'localization/russian/gui/DI_l_russian.yml'.","Expected corrective localization override","Divine Intervention AGOT | Русификатор | Divine Intervention Cheat Menu | Divine Intervention CM [RUS]","localization/russian/gui/DI_RUS_l_russian.yml | localization/russian/gui/DI_l_russian.yml","DI_change_character_name_desc","localization/russian/gui/DI_RUS_l_russian.yml","localization/russian/gui/DI_l_russian.yml"
"856","06:11:21","pdx_localize.cpp:279","Duplicate localization key. Key 'DI_change_religion_interaction' is defined in both 'localization/russian/gui/DI_RUS_l_russian.yml' and 'localization/russian/gui/DI_l_russian.yml'.","Expected corrective localization override","Divine Intervention AGOT | Русификатор | Divine Intervention Cheat Menu | Divine Intervention CM [RUS]","localization/russian/gui/DI_RUS_l_russian.yml | localization/russian/gui/DI_l_russian.yml","DI_change_religion_interaction","localization/russian/gui/DI_RUS_l_russian.yml","localization/russian/gui/DI_l_russian.yml"
"857","06:11:21","pdx_localize.cpp:279","Duplicate localization key. Key 'DI_change_religion_desc' is defined in both 'localization/russian/gui/DI_RUS_l_russian.yml' and 'localization/russian/gui/DI_l_russian.yml'.","Expected corrective localization override","Divine Intervention AGOT | Русификатор | Divine Intervention Cheat Menu | Divine Intervention CM [RUS]","localization/russian/gui/DI_RUS_l_russian.yml | localization/russian/gui/DI_l_russian.yml","DI_change_religion_desc","localization/russian/gui/DI_RUS_l_russian.yml","localization/russian/gui/DI_l_russian.yml"
"858","06:11:21","pdx_localize.cpp:279","Duplicate localization key. Key 'DI_change_culture_interaction' is defined in both 'localization/russian/gui/DI_RUS_l_russian.yml' and 'localization/russian/gui/DI_l_russian.yml'.","Expected corrective localization override","Divine Intervention AGOT | Русификатор | Divine Intervention Cheat Menu | Divine Intervention CM [RUS]","localization/russian/gui/DI_RUS_l_russian.yml | localization/russian/gui/DI_l_russian.yml","DI_change_culture_interaction","localization/russian/gui/DI_RUS_l_russian.yml","localization/russian/gui/DI_l_russian.yml"
"859","06:11:21","pdx_localize.cpp:279","Duplicate localization key. Key 'DI_change_culture_desc' is defined in both 'localization/russian/gui/DI_RUS_l_russian.yml' and 'localization/russian/gui/DI_l_russian.yml'.","Expected corrective localization override","Divine Intervention AGOT | Русификатор | Divine Intervention Cheat Menu | Divine Intervention CM [RUS]","localization/russian/gui/DI_RUS_l_russian.yml | localization/russian/gui/DI_l_russian.yml","DI_change_culture_desc","localization/russian/gui/DI_RUS_l_russian.yml","localization/russian/gui/DI_l_russian.yml"
"860","06:11:21","pdx_localize.cpp:279","Duplicate localization key. Key 'DI_change_dynasty_interaction' is defined in both 'localization/russian/gui/DI_RUS_l_russian.yml' and 'localization/russian/gui/DI_l_russian.yml'.","Expected corrective localization override","Divine Intervention AGOT | Русификатор | Divine Intervention Cheat Menu | Divine Intervention CM [RUS]","localization/russian/gui/DI_RUS_l_russian.yml | localization/russian/gui/DI_l_russian.yml","DI_change_dynasty_interaction","localization/russian/gui/DI_RUS_l_russian.yml","localization/russian/gui/DI_l_russian.yml"
"861","06:11:21","pdx_localize.cpp:279","Duplicate localization key. Key 'DI_change_dynasty_desc' is defined in both 'localization/russian/gui/DI_RUS_l_russian.yml' and 'localization/russian/gui/DI_l_russian.yml'.","Expected corrective localization override","Divine Intervention AGOT | Русификатор | Divine Intervention Cheat Menu | Divine Intervention CM [RUS]","localization/russian/gui/DI_RUS_l_russian.yml | localization/russian/gui/DI_l_russian.yml","DI_change_dynasty_desc","localization/russian/gui/DI_RUS_l_russian.yml","localization/russian/gui/DI_l_russian.yml"
"862","06:11:21","pdx_localize.cpp:279","Duplicate localization key. Key 'DI_char_modify_vassal_contract_interaction' is defined in both 'localization/russian/gui/DI_RUS_l_russian.yml' and 'localization/russian/gui/DI_l_russian.yml'.","Expected corrective localization override","Divine Intervention AGOT | Русификатор | Divine Intervention Cheat Menu | Divine Intervention CM [RUS]","localization/russian/gui/DI_RUS_l_russian.yml | localization/russian/gui/DI_l_russian.yml","DI_char_modify_vassal_contract_interaction","localization/russian/gui/DI_RUS_l_russian.yml","localization/russian/gui/DI_l_russian.yml"
"863","06:11:21","pdx_localize.cpp:279","Duplicate localization key. Key 'DI_char_modify_vassal_contract_inter_desc' is defined in both 'localization/russian/gui/DI_RUS_l_russian.yml' and 'localization/russian/gui/DI_l_russian.yml'.","Expected corrective localization override","Divine Intervention AGOT | Русификатор | Divine Intervention Cheat Menu | Divine Intervention CM [RUS]","localization/russian/gui/DI_RUS_l_russian.yml | localization/russian/gui/DI_l_russian.yml","DI_char_modify_vassal_contract_inter_desc","localization/russian/gui/DI_RUS_l_russian.yml","localization/russian/gui/DI_l_russian.yml"
"864","06:11:21","pdx_localize.cpp:279","Duplicate localization key. Key 'DI_modify_vassal_mod_vassal_contract_interaction' is defined in both 'localization/russian/gui/DI_RUS_l_russian.yml' and 'localization/russian/gui/DI_l_russian.yml'.","Expected corrective localization override","Divine Intervention AGOT | Русификатор | Divine Intervention Cheat Menu | Divine Intervention CM [RUS]","localization/russian/gui/DI_RUS_l_russian.yml | localization/russian/gui/DI_l_russian.yml","DI_modify_vassal_mod_vassal_contract_interaction","localization/russian/gui/DI_RUS_l_russian.yml","localization/russian/gui/DI_l_russian.yml"
"865","06:11:21","pdx_localize.cpp:279","Duplicate localization key. Key 'DI_modify_vassal_mod_vassal_contract_desc' is defined in both 'localization/russian/gui/DI_RUS_l_russian.yml' and 'localization/russian/gui/DI_l_russian.yml'.","Expected corrective localization override","Divine Intervention AGOT | Русификатор | Divine Intervention Cheat Menu | Divine Intervention CM [RUS]","localization/russian/gui/DI_RUS_l_russian.yml | localization/russian/gui/DI_l_russian.yml","DI_modify_vassal_mod_vassal_contract_desc","localization/russian/gui/DI_RUS_l_russian.yml","localization/russian/gui/DI_l_russian.yml"
"866","06:11:21","pdx_localize.cpp:279","Duplicate localization key. Key 'DI_arrange_marriage_interaction' is defined in both 'localization/russian/gui/DI_RUS_l_russian.yml' and 'localization/russian/gui/DI_l_russian.yml'.","Expected corrective localization override","Divine Intervention AGOT | Русификатор | Divine Intervention Cheat Menu | Divine Intervention CM [RUS]","localization/russian/gui/DI_RUS_l_russian.yml | localization/russian/gui/DI_l_russian.yml","DI_arrange_marriage_interaction","localization/russian/gui/DI_RUS_l_russian.yml","localization/russian/gui/DI_l_russian.yml"
"867","06:11:21","pdx_localize.cpp:279","Duplicate localization key. Key 'DI_arrange_marriage_desc' is defined in both 'localization/russian/gui/DI_RUS_l_russian.yml' and 'localization/russian/gui/DI_l_russian.yml'.","Expected corrective localization override","Divine Intervention AGOT | Русификатор | Divine Intervention Cheat Menu | Divine Intervention CM [RUS]","localization/russian/gui/DI_RUS_l_russian.yml | localization/russian/gui/DI_l_russian.yml","DI_arrange_marriage_desc","localization/russian/gui/DI_RUS_l_russian.yml","localization/russian/gui/DI_l_russian.yml"
"868","06:11:21","pdx_localize.cpp:279","Duplicate localization key. Key 'DI_learn_language_interaction' is defined in both 'localization/russian/gui/DI_RUS_l_russian.yml' and 'localization/russian/gui/DI_l_russian.yml'.","Expected corrective localization override","Divine Intervention AGOT | Русификатор | Divine Intervention Cheat Menu | Divine Intervention CM [RUS]","localization/russian/gui/DI_RUS_l_russian.yml | localization/russian/gui/DI_l_russian.yml","DI_learn_language_interaction","localization/russian/gui/DI_RUS_l_russian.yml","localization/russian/gui/DI_l_russian.yml"
"869","06:11:21","pdx_localize.cpp:279","Duplicate localization key. Key 'DI_break_betrothal_interaction' is defined in both 'localization/russian/gui/DI_RUS_l_russian.yml' and 'localization/russian/gui/DI_l_russian.yml'.","Expected corrective localization override","Divine Intervention AGOT | Русификатор | Divine Intervention Cheat Menu | Divine Intervention CM [RUS]","localization/russian/gui/DI_RUS_l_russian.yml | localization/russian/gui/DI_l_russian.yml","DI_break_betrothal_interaction","localization/russian/gui/DI_RUS_l_russian.yml","localization/russian/gui/DI_l_russian.yml"
"870","06:11:21","pdx_localize.cpp:279","Duplicate localization key. Key 'DI_break_betrothal_desc' is defined in both 'localization/russian/gui/DI_RUS_l_russian.yml' and 'localization/russian/gui/DI_l_russian.yml'.","Expected corrective localization override","Divine Intervention AGOT | Русификатор | Divine Intervention Cheat Menu | Divine Intervention CM [RUS]","localization/russian/gui/DI_RUS_l_russian.yml | localization/russian/gui/DI_l_russian.yml","DI_break_betrothal_desc","localization/russian/gui/DI_RUS_l_russian.yml","localization/russian/gui/DI_l_russian.yml"
"871","06:11:21","pdx_localize.cpp:279","Duplicate localization key. Key 'DI_divorce_character_interaction' is defined in both 'localization/russian/gui/DI_RUS_l_russian.yml' and 'localization/russian/gui/DI_l_russian.yml'.","Expected corrective localization override","Divine Intervention AGOT | Русификатор | Divine Intervention Cheat Menu | Divine Intervention CM [RUS]","localization/russian/gui/DI_RUS_l_russian.yml | localization/russian/gui/DI_l_russian.yml","DI_divorce_character_interaction","localization/russian/gui/DI_RUS_l_russian.yml","localization/russian/gui/DI_l_russian.yml"
"872","06:11:21","pdx_localize.cpp:279","Duplicate localization key. Key 'DI_divorce_character_desc' is defined in both 'localization/russian/gui/DI_RUS_l_russian.yml' and 'localization/russian/gui/DI_l_russian.yml'.","Expected corrective localization override","Divine Intervention AGOT | Русификатор | Divine Intervention Cheat Menu | Divine Intervention CM [RUS]","localization/russian/gui/DI_RUS_l_russian.yml | localization/russian/gui/DI_l_russian.yml","DI_divorce_character_desc","localization/russian/gui/DI_RUS_l_russian.yml","localization/russian/gui/DI_l_russian.yml"
"873","06:11:21","pdx_localize.cpp:279","Duplicate localization key. Key 'DI_designate_heir_interaction' is defined in both 'localization/russian/gui/DI_RUS_l_russian.yml' and 'localization/russian/gui/DI_l_russian.yml'.","Expected corrective localization override","Divine Intervention AGOT | Русификатор | Divine Intervention Cheat Menu | Divine Intervention CM [RUS]","localization/russian/gui/DI_RUS_l_russian.yml | localization/russian/gui/DI_l_russian.yml","DI_designate_heir_interaction","localization/russian/gui/DI_RUS_l_russian.yml","localization/russian/gui/DI_l_russian.yml"
"874","06:11:21","pdx_localize.cpp:279","Duplicate localization key. Key 'DI_designate_heir_desc' is defined in both 'localization/russian/gui/DI_RUS_l_russian.yml' and 'localization/russian/gui/DI_l_russian.yml'.","Expected corrective localization override","Divine Intervention AGOT | Русификатор | Divine Intervention Cheat Menu | Divine Intervention CM [RUS]","localization/russian/gui/DI_RUS_l_russian.yml | localization/russian/gui/DI_l_russian.yml","DI_designate_heir_desc","localization/russian/gui/DI_RUS_l_russian.yml","localization/russian/gui/DI_l_russian.yml"
"875","06:11:21","pdx_localize.cpp:279","Duplicate localization key. Key 'DI_adopt_male_interaction' is defined in both 'localization/russian/gui/DI_RUS_l_russian.yml' and 'localization/russian/gui/DI_l_russian.yml'.","Expected corrective localization override","Divine Intervention AGOT | Русификатор | Divine Intervention Cheat Menu | Divine Intervention CM [RUS]","localization/russian/gui/DI_RUS_l_russian.yml | localization/russian/gui/DI_l_russian.yml","DI_adopt_male_interaction","localization/russian/gui/DI_RUS_l_russian.yml","localization/russian/gui/DI_l_russian.yml"
"876","06:11:21","pdx_localize.cpp:279","Duplicate localization key. Key 'DI_adopt_female_interaction' is defined in both 'localization/russian/gui/DI_RUS_l_russian.yml' and 'localization/russian/gui/DI_l_russian.yml'.","Expected corrective localization override","Divine Intervention AGOT | Русификатор | Divine Intervention Cheat Menu | Divine Intervention CM [RUS]","localization/russian/gui/DI_RUS_l_russian.yml | localization/russian/gui/DI_l_russian.yml","DI_adopt_female_interaction","localization/russian/gui/DI_RUS_l_russian.yml","localization/russian/gui/DI_l_russian.yml"
"877","06:11:21","pdx_localize.cpp:279","Duplicate localization key. Key 'DI_adopt' is defined in both 'localization/russian/gui/DI_RUS_l_russian.yml' and 'localization/russian/gui/DI_l_russian.yml'.","Expected corrective localization override","Divine Intervention AGOT | Русификатор | Divine Intervention Cheat Menu | Divine Intervention CM [RUS]","localization/russian/gui/DI_RUS_l_russian.yml | localization/russian/gui/DI_l_russian.yml","DI_adopt","localization/russian/gui/DI_RUS_l_russian.yml","localization/russian/gui/DI_l_russian.yml"
"878","06:11:21","pdx_localize.cpp:279","Duplicate localization key. Key 'DI_disown_interaction' is defined in both 'localization/russian/gui/DI_RUS_l_russian.yml' and 'localization/russian/gui/DI_l_russian.yml'.","Expected corrective localization override","Divine Intervention AGOT | Русификатор | Divine Intervention Cheat Menu | Divine Intervention CM [RUS]","localization/russian/gui/DI_RUS_l_russian.yml | localization/russian/gui/DI_l_russian.yml","DI_disown_interaction","localization/russian/gui/DI_RUS_l_russian.yml","localization/russian/gui/DI_l_russian.yml"
"879","06:11:21","pdx_localize.cpp:279","Duplicate localization key. Key 'DI_disown_desc' is defined in both 'localization/russian/gui/DI_RUS_l_russian.yml' and 'localization/russian/gui/DI_l_russian.yml'.","Expected corrective localization override","Divine Intervention AGOT | Русификатор | Divine Intervention Cheat Menu | Divine Intervention CM [RUS]","localization/russian/gui/DI_RUS_l_russian.yml | localization/russian/gui/DI_l_russian.yml","DI_disown_desc","localization/russian/gui/DI_RUS_l_russian.yml","localization/russian/gui/DI_l_russian.yml"
"880","06:11:21","pdx_localize.cpp:279","Duplicate localization key. Key 'DI_murder_interaction' is defined in both 'localization/russian/gui/DI_RUS_l_russian.yml' and 'localization/russian/gui/DI_l_russian.yml'.","Expected corrective localization override","Divine Intervention AGOT | Русификатор | Divine Intervention Cheat Menu | Divine Intervention CM [RUS]","localization/russian/gui/DI_RUS_l_russian.yml | localization/russian/gui/DI_l_russian.yml","DI_murder_interaction","localization/russian/gui/DI_RUS_l_russian.yml","localization/russian/gui/DI_l_russian.yml"
"881","06:11:21","pdx_localize.cpp:279","Duplicate localization key. Key 'DI_murder_desc' is defined in both 'localization/russian/gui/DI_RUS_l_russian.yml' and 'localization/russian/gui/DI_l_russian.yml'.","Expected corrective localization override","Divine Intervention AGOT | Русификатор | Divine Intervention Cheat Menu | Divine Intervention CM [RUS]","localization/russian/gui/DI_RUS_l_russian.yml | localization/russian/gui/DI_l_russian.yml","DI_murder_desc","localization/russian/gui/DI_RUS_l_russian.yml","localization/russian/gui/DI_l_russian.yml"
"882","06:11:21","pdx_localize.cpp:279","Duplicate localization key. Key 'DI_imprison_interaction' is defined in both 'localization/russian/gui/DI_RUS_l_russian.yml' and 'localization/russian/gui/DI_l_russian.yml'.","Expected corrective localization override","Divine Intervention AGOT | Русификатор | Divine Intervention Cheat Menu | Divine Intervention CM [RUS]","localization/russian/gui/DI_RUS_l_russian.yml | localization/russian/gui/DI_l_russian.yml","DI_imprison_interaction","localization/russian/gui/DI_RUS_l_russian.yml","localization/russian/gui/DI_l_russian.yml"
"883","06:11:21","pdx_localize.cpp:279","Duplicate localization key. Key 'DI_imprison_desc' is defined in both 'localization/russian/gui/DI_RUS_l_russian.yml' and 'localization/russian/gui/DI_l_russian.yml'.","Expected corrective localization override","Divine Intervention AGOT | Русификатор | Divine Intervention Cheat Menu | Divine Intervention CM [RUS]","localization/russian/gui/DI_RUS_l_russian.yml | localization/russian/gui/DI_l_russian.yml","DI_imprison_desc","localization/russian/gui/DI_RUS_l_russian.yml","localization/russian/gui/DI_l_russian.yml"
"884","06:11:21","pdx_localize.cpp:279","Duplicate localization key. Key 'DI_claim_title_interaction' is defined in both 'localization/russian/gui/DI_RUS_l_russian.yml' and 'localization/russian/gui/DI_l_russian.yml'.","Expected corrective localization override","Divine Intervention AGOT | Русификатор | Divine Intervention Cheat Menu | Divine Intervention CM [RUS]","localization/russian/gui/DI_RUS_l_russian.yml | localization/russian/gui/DI_l_russian.yml","DI_claim_title_interaction","localization/russian/gui/DI_RUS_l_russian.yml","localization/russian/gui/DI_l_russian.yml"
"885","06:11:21","pdx_localize.cpp:279","Duplicate localization key. Key 'DI_claim_title_desc' is defined in both 'localization/russian/gui/DI_RUS_l_russian.yml' and 'localization/russian/gui/DI_l_russian.yml'.","Expected corrective localization override","Divine Intervention AGOT | Русификатор | Divine Intervention Cheat Menu | Divine Intervention CM [RUS]","localization/russian/gui/DI_RUS_l_russian.yml | localization/russian/gui/DI_l_russian.yml","DI_claim_title_desc","localization/russian/gui/DI_RUS_l_russian.yml","localization/russian/gui/DI_l_russian.yml"
"886","06:11:21","pdx_localize.cpp:279","Duplicate localization key. Key 'DI_remove_claims_on_player_interaction' is defined in both 'localization/russian/gui/DI_RUS_l_russian.yml' and 'localization/russian/gui/DI_l_russian.yml'.","Expected corrective localization override","Divine Intervention AGOT | Русификатор | Divine Intervention Cheat Menu | Divine Intervention CM [RUS]","localization/russian/gui/DI_RUS_l_russian.yml | localization/russian/gui/DI_l_russian.yml","DI_remove_claims_on_player_interaction","localization/russian/gui/DI_RUS_l_russian.yml","localization/russian/gui/DI_l_russian.yml"
"887","06:11:21","pdx_localize.cpp:279","Duplicate localization key. Key 'DI_remove_claims_on_player_desc' is defined in both 'localization/russian/gui/DI_RUS_l_russian.yml' and 'localization/russian/gui/DI_l_russian.yml'.","Expected corrective localization override","Divine Intervention AGOT | Русификатор | Divine Intervention Cheat Menu | Divine Intervention CM [RUS]","localization/russian/gui/DI_RUS_l_russian.yml | localization/russian/gui/DI_l_russian.yml","DI_remove_claims_on_player_desc","localization/russian/gui/DI_RUS_l_russian.yml","localization/russian/gui/DI_l_russian.yml"
"888","06:11:21","pdx_localize.cpp:279","Duplicate localization key. Key 'DI_remove_all_claims_interaction' is defined in both 'localization/russian/gui/DI_RUS_l_russian.yml' and 'localization/russian/gui/DI_l_russian.yml'.","Expected corrective localization override","Divine Intervention AGOT | Русификатор | Divine Intervention Cheat Menu | Divine Intervention CM [RUS]","localization/russian/gui/DI_RUS_l_russian.yml | localization/russian/gui/DI_l_russian.yml","DI_remove_all_claims_interaction","localization/russian/gui/DI_RUS_l_russian.yml","localization/russian/gui/DI_l_russian.yml"
"889","06:11:21","pdx_localize.cpp:279","Duplicate localization key. Key 'DI_remove_all_claims_desc' is defined in both 'localization/russian/gui/DI_RUS_l_russian.yml' and 'localization/russian/gui/DI_l_russian.yml'.","Expected corrective localization override","Divine Intervention AGOT | Русификатор | Divine Intervention Cheat Menu | Divine Intervention CM [RUS]","localization/russian/gui/DI_RUS_l_russian.yml | localization/russian/gui/DI_l_russian.yml","DI_remove_all_claims_desc","localization/russian/gui/DI_RUS_l_russian.yml","localization/russian/gui/DI_l_russian.yml"
"890","06:11:21","pdx_localize.cpp:279","Duplicate localization key. Key 'DI_revoke_title_interaction' is defined in both 'localization/russian/gui/DI_RUS_l_russian.yml' and 'localization/russian/gui/DI_l_russian.yml'.","Expected corrective localization override","Divine Intervention AGOT | Русификатор | Divine Intervention Cheat Menu | Divine Intervention CM [RUS]","localization/russian/gui/DI_RUS_l_russian.yml | localization/russian/gui/DI_l_russian.yml","DI_revoke_title_interaction","localization/russian/gui/DI_RUS_l_russian.yml","localization/russian/gui/DI_l_russian.yml"
"891","06:11:21","pdx_localize.cpp:279","Duplicate localization key. Key 'DI_revoke_title_desc' is defined in both 'localization/russian/gui/DI_RUS_l_russian.yml' and 'localization/russian/gui/DI_l_russian.yml'.","Expected corrective localization override","Divine Intervention AGOT | Русификатор | Divine Intervention Cheat Menu | Divine Intervention CM [RUS]","localization/russian/gui/DI_RUS_l_russian.yml | localization/russian/gui/DI_l_russian.yml","DI_revoke_title_desc","localization/russian/gui/DI_RUS_l_russian.yml","localization/russian/gui/DI_l_russian.yml"
"892","06:11:21","pdx_localize.cpp:279","Duplicate localization key. Key 'DI_vassalize_interaction' is defined in both 'localization/russian/gui/DI_RUS_l_russian.yml' and 'localization/russian/gui/DI_l_russian.yml'.","Expected corrective localization override","Divine Intervention AGOT | Русификатор | Divine Intervention Cheat Menu | Divine Intervention CM [RUS]","localization/russian/gui/DI_RUS_l_russian.yml | localization/russian/gui/DI_l_russian.yml","DI_vassalize_interaction","localization/russian/gui/DI_RUS_l_russian.yml","localization/russian/gui/DI_l_russian.yml"
"893","06:11:21","pdx_localize.cpp:279","Duplicate localization key. Key 'DI_vassalize_desc' is defined in both 'localization/russian/gui/DI_RUS_l_russian.yml' and 'localization/russian/gui/DI_l_russian.yml'.","Expected corrective localization override","Divine Intervention AGOT | Русификатор | Divine Intervention Cheat Menu | Divine Intervention CM [RUS]","localization/russian/gui/DI_RUS_l_russian.yml | localization/russian/gui/DI_l_russian.yml","DI_vassalize_desc","localization/russian/gui/DI_RUS_l_russian.yml","localization/russian/gui/DI_l_russian.yml"
"894","06:11:21","pdx_localize.cpp:279","Duplicate localization key. Key 'DI_add_to_court_interaction' is defined in both 'localization/russian/gui/DI_RUS_l_russian.yml' and 'localization/russian/gui/DI_l_russian.yml'.","Expected corrective localization override","Divine Intervention AGOT | Русификатор | Divine Intervention Cheat Menu | Divine Intervention CM [RUS]","localization/russian/gui/DI_RUS_l_russian.yml | localization/russian/gui/DI_l_russian.yml","DI_add_to_court_interaction","localization/russian/gui/DI_RUS_l_russian.yml","localization/russian/gui/DI_l_russian.yml"
"895","06:11:21","pdx_localize.cpp:279","Duplicate localization key. Key 'DI_add_to_court_0' is defined in both 'localization/russian/gui/DI_RUS_l_russian.yml' and 'localization/russian/gui/DI_l_russian.yml'.","Expected corrective localization override","Divine Intervention AGOT | Русификатор | Divine Intervention Cheat Menu | Divine Intervention CM [RUS]","localization/russian/gui/DI_RUS_l_russian.yml | localization/russian/gui/DI_l_russian.yml","DI_add_to_court_0","localization/russian/gui/DI_RUS_l_russian.yml","localization/russian/gui/DI_l_russian.yml"
"896","06:11:21","pdx_localize.cpp:279","Duplicate localization key. Key 'DI_add_to_court_1' is defined in both 'localization/russian/gui/DI_RUS_l_russian.yml' and 'localization/russian/gui/DI_l_russian.yml'.","Expected corrective localization override","Divine Intervention AGOT | Русификатор | Divine Intervention Cheat Menu | Divine Intervention CM [RUS]","localization/russian/gui/DI_RUS_l_russian.yml | localization/russian/gui/DI_l_russian.yml","DI_add_to_court_1","localization/russian/gui/DI_RUS_l_russian.yml","localization/russian/gui/DI_l_russian.yml"
"897","06:11:21","pdx_localize.cpp:279","Duplicate localization key. Key 'DI_add_to_court_desc' is defined in both 'localization/russian/gui/DI_RUS_l_russian.yml' and 'localization/russian/gui/DI_l_russian.yml'.","Expected corrective localization override","Divine Intervention AGOT | Русификатор | Divine Intervention Cheat Menu | Divine Intervention CM [RUS]","localization/russian/gui/DI_RUS_l_russian.yml | localization/russian/gui/DI_l_russian.yml","DI_add_to_court_desc","localization/russian/gui/DI_RUS_l_russian.yml","localization/russian/gui/DI_l_russian.yml"
"898","06:11:21","pdx_localize.cpp:279","Duplicate localization key. Key 'DI_add_concubine_interaction' is defined in both 'localization/russian/gui/DI_RUS_l_russian.yml' and 'localization/russian/gui/DI_l_russian.yml'.","Expected corrective localization override","Divine Intervention AGOT | Русификатор | Divine Intervention Cheat Menu | Divine Intervention CM [RUS]","localization/russian/gui/DI_RUS_l_russian.yml | localization/russian/gui/DI_l_russian.yml","DI_add_concubine_interaction","localization/russian/gui/DI_RUS_l_russian.yml","localization/russian/gui/DI_l_russian.yml"
"899","06:11:21","pdx_localize.cpp:279","Duplicate localization key. Key 'DI_add_concubine_desc' is defined in both 'localization/russian/gui/DI_RUS_l_russian.yml' and 'localization/russian/gui/DI_l_russian.yml'.","Expected corrective localization override","Divine Intervention AGOT | Русификатор | Divine Intervention Cheat Menu | Divine Intervention CM [RUS]","localization/russian/gui/DI_RUS_l_russian.yml | localization/russian/gui/DI_l_russian.yml","DI_add_concubine_desc","localization/russian/gui/DI_RUS_l_russian.yml","localization/russian/gui/DI_l_russian.yml"
"900","06:11:21","pdx_localize.cpp:279","Duplicate localization key. Key 'DI_remove_concubine_interaction' is defined in both 'localization/russian/gui/DI_RUS_l_russian.yml' and 'localization/russian/gui/DI_l_russian.yml'.","Expected corrective localization override","Divine Intervention AGOT | Русификатор | Divine Intervention Cheat Menu | Divine Intervention CM [RUS]","localization/russian/gui/DI_RUS_l_russian.yml | localization/russian/gui/DI_l_russian.yml","DI_remove_concubine_interaction","localization/russian/gui/DI_RUS_l_russian.yml","localization/russian/gui/DI_l_russian.yml"
"901","06:11:21","pdx_localize.cpp:279","Duplicate localization key. Key 'DI_remove_concubine_desc' is defined in both 'localization/russian/gui/DI_RUS_l_russian.yml' and 'localization/russian/gui/DI_l_russian.yml'.","Expected corrective localization override","Divine Intervention AGOT | Русификатор | Divine Intervention Cheat Menu | Divine Intervention CM [RUS]","localization/russian/gui/DI_RUS_l_russian.yml | localization/russian/gui/DI_l_russian.yml","DI_remove_concubine_desc","localization/russian/gui/DI_RUS_l_russian.yml","localization/russian/gui/DI_l_russian.yml"
"902","06:11:21","pdx_localize.cpp:279","Duplicate localization key. Key 'DI_impregnate_interaction' is defined in both 'localization/russian/gui/DI_RUS_l_russian.yml' and 'localization/russian/gui/DI_l_russian.yml'.","Expected corrective localization override","Divine Intervention AGOT | Русификатор | Divine Intervention Cheat Menu | Divine Intervention CM [RUS]","localization/russian/gui/DI_RUS_l_russian.yml | localization/russian/gui/DI_l_russian.yml","DI_impregnate_interaction","localization/russian/gui/DI_RUS_l_russian.yml","localization/russian/gui/DI_l_russian.yml"
"903","06:11:21","pdx_localize.cpp:279","Duplicate localization key. Key 'DI_impregnate_cheat_desc' is defined in both 'localization/russian/gui/DI_RUS_l_russian.yml' and 'localization/russian/gui/DI_l_russian.yml'.","Expected corrective localization override","Divine Intervention AGOT | Русификатор | Divine Intervention Cheat Menu | Divine Intervention CM [RUS]","localization/russian/gui/DI_RUS_l_russian.yml | localization/russian/gui/DI_l_russian.yml","DI_impregnate_cheat_desc","localization/russian/gui/DI_RUS_l_russian.yml","localization/russian/gui/DI_l_russian.yml"
"904","06:11:21","pdx_localize.cpp:279","Duplicate localization key. Key 'DI_impregnate_one_child' is defined in both 'localization/russian/gui/DI_RUS_l_russian.yml' and 'localization/russian/gui/DI_l_russian.yml'.","Expected corrective localization override","Divine Intervention AGOT | Русификатор | Divine Intervention Cheat Menu | Divine Intervention CM [RUS]","localization/russian/gui/DI_RUS_l_russian.yml | localization/russian/gui/DI_l_russian.yml","DI_impregnate_one_child","localization/russian/gui/DI_RUS_l_russian.yml","localization/russian/gui/DI_l_russian.yml"
"905","06:11:21","pdx_localize.cpp:279","Duplicate localization key. Key 'DI_impregnate_twins' is defined in both 'localization/russian/gui/DI_RUS_l_russian.yml' and 'localization/russian/gui/DI_l_russian.yml'.","Expected corrective localization override","Divine Intervention AGOT | Русификатор | Divine Intervention Cheat Menu | Divine Intervention CM [RUS]","localization/russian/gui/DI_RUS_l_russian.yml | localization/russian/gui/DI_l_russian.yml","DI_impregnate_twins","localization/russian/gui/DI_RUS_l_russian.yml","localization/russian/gui/DI_l_russian.yml"
"906","06:11:21","pdx_localize.cpp:279","Duplicate localization key. Key 'DI_impregnate_triplets' is defined in both 'localization/russian/gui/DI_RUS_l_russian.yml' and 'localization/russian/gui/DI_l_russian.yml'.","Expected corrective localization override","Divine Intervention AGOT | Русификатор | Divine Intervention Cheat Menu | Divine Intervention CM [RUS]","localization/russian/gui/DI_RUS_l_russian.yml | localization/russian/gui/DI_l_russian.yml","DI_impregnate_triplets","localization/russian/gui/DI_RUS_l_russian.yml","localization/russian/gui/DI_l_russian.yml"
"907","06:11:21","pdx_localize.cpp:279","Duplicate localization key. Key 'DI_impregnate_by_spouse_1' is defined in both 'localization/russian/gui/DI_RUS_l_russian.yml' and 'localization/russian/gui/DI_l_russian.yml'.","Expected corrective localization override","Divine Intervention AGOT | Русификатор | Divine Intervention Cheat Menu | Divine Intervention CM [RUS]","localization/russian/gui/DI_RUS_l_russian.yml | localization/russian/gui/DI_l_russian.yml","DI_impregnate_by_spouse_1","localization/russian/gui/DI_RUS_l_russian.yml","localization/russian/gui/DI_l_russian.yml"
"908","06:11:21","pdx_localize.cpp:279","Duplicate localization key. Key 'DI_impregnate_by_spouse_2' is defined in both 'localization/russian/gui/DI_RUS_l_russian.yml' and 'localization/russian/gui/DI_l_russian.yml'.","Expected corrective localization override","Divine Intervention AGOT | Русификатор | Divine Intervention Cheat Menu | Divine Intervention CM [RUS]","localization/russian/gui/DI_RUS_l_russian.yml | localization/russian/gui/DI_l_russian.yml","DI_impregnate_by_spouse_2","localization/russian/gui/DI_RUS_l_russian.yml","localization/russian/gui/DI_l_russian.yml"
"909","06:11:21","pdx_localize.cpp:279","Duplicate localization key. Key 'DI_impregnate_by_spouse_3' is defined in both 'localization/russian/gui/DI_RUS_l_russian.yml' and 'localization/russian/gui/DI_l_russian.yml'.","Expected corrective localization override","Divine Intervention AGOT | Русификатор | Divine Intervention Cheat Menu | Divine Intervention CM [RUS]","localization/russian/gui/DI_RUS_l_russian.yml | localization/russian/gui/DI_l_russian.yml","DI_impregnate_by_spouse_3","localization/russian/gui/DI_RUS_l_russian.yml","localization/russian/gui/DI_l_russian.yml"
"910","06:11:21","pdx_localize.cpp:279","Duplicate localization key. Key 'DI_sleep_with_character' is defined in both 'localization/russian/gui/DI_RUS_l_russian.yml' and 'localization/russian/gui/DI_l_russian.yml'.","Expected corrective localization override","Divine Intervention AGOT | Русификатор | Divine Intervention Cheat Menu | Divine Intervention CM [RUS]","localization/russian/gui/DI_RUS_l_russian.yml | localization/russian/gui/DI_l_russian.yml","DI_sleep_with_character","localization/russian/gui/DI_RUS_l_russian.yml","localization/russian/gui/DI_l_russian.yml"
"911","06:11:21","pdx_localize.cpp:279","Duplicate localization key. Key 'DI_add_hook_interaction' is defined in both 'localization/russian/gui/DI_RUS_l_russian.yml' and 'localization/russian/gui/DI_l_russian.yml'.","Expected corrective localization override","Divine Intervention AGOT | Русификатор | Divine Intervention Cheat Menu | Divine Intervention CM [RUS]","localization/russian/gui/DI_RUS_l_russian.yml | localization/russian/gui/DI_l_russian.yml","DI_add_hook_interaction","localization/russian/gui/DI_RUS_l_russian.yml","localization/russian/gui/DI_l_russian.yml"
"912","06:11:21","pdx_localize.cpp:279","Duplicate localization key. Key 'DI_add_loyalty_hook_interaction' is defined in both 'localization/russian/gui/DI_RUS_l_russian.yml' and 'localization/russian/gui/DI_l_russian.yml'.","Expected corrective localization override","Divine Intervention AGOT | Русификатор | Divine Intervention Cheat Menu | Divine Intervention CM [RUS]","localization/russian/gui/DI_RUS_l_russian.yml | localization/russian/gui/DI_l_russian.yml","DI_add_loyalty_hook_interaction","localization/russian/gui/DI_RUS_l_russian.yml","localization/russian/gui/DI_l_russian.yml"
"913","06:11:21","pdx_localize.cpp:279","Duplicate localization key. Key 'DI_add_hook_desc' is defined in both 'localization/russian/gui/DI_RUS_l_russian.yml' and 'localization/russian/gui/DI_l_russian.yml'.","Expected corrective localization override","Divine Intervention AGOT | Русификатор | Divine Intervention Cheat Menu | Divine Intervention CM [RUS]","localization/russian/gui/DI_RUS_l_russian.yml | localization/russian/gui/DI_l_russian.yml","DI_add_hook_desc","localization/russian/gui/DI_RUS_l_russian.yml","localization/russian/gui/DI_l_russian.yml"
"914","06:11:21","pdx_localize.cpp:279","Duplicate localization key. Key 'DI_excommunicate_interaction' is defined in both 'localization/russian/gui/DI_RUS_l_russian.yml' and 'localization/russian/gui/DI_l_russian.yml'.","Expected corrective localization override","Divine Intervention AGOT | Русификатор | Divine Intervention Cheat Menu | Divine Intervention CM [RUS]","localization/russian/gui/DI_RUS_l_russian.yml | localization/russian/gui/DI_l_russian.yml","DI_excommunicate_interaction","localization/russian/gui/DI_RUS_l_russian.yml","localization/russian/gui/DI_l_russian.yml"
"915","06:11:21","pdx_localize.cpp:279","Duplicate localization key. Key 'DI_excommunicate_desc' is defined in both 'localization/russian/gui/DI_RUS_l_russian.yml' and 'localization/russian/gui/DI_l_russian.yml'.","Expected corrective localization override","Divine Intervention AGOT | Русификатор | Divine Intervention Cheat Menu | Divine Intervention CM [RUS]","localization/russian/gui/DI_RUS_l_russian.yml | localization/russian/gui/DI_l_russian.yml","DI_excommunicate_desc","localization/russian/gui/DI_RUS_l_russian.yml","localization/russian/gui/DI_l_russian.yml"
"916","06:11:21","pdx_localize.cpp:279","Duplicate localization key. Key 'DI_remove_excommunication_interaction' is defined in both 'localization/russian/gui/DI_RUS_l_russian.yml' and 'localization/russian/gui/DI_l_russian.yml'.","Expected corrective localization override","Divine Intervention AGOT | Русификатор | Divine Intervention Cheat Menu | Divine Intervention CM [RUS]","localization/russian/gui/DI_RUS_l_russian.yml | localization/russian/gui/DI_l_russian.yml","DI_remove_excommunication_interaction","localization/russian/gui/DI_RUS_l_russian.yml","localization/russian/gui/DI_l_russian.yml"
"917","06:11:21","pdx_localize.cpp:279","Duplicate localization key. Key 'DI_remove_excommunication_desc' is defined in both 'localization/russian/gui/DI_RUS_l_russian.yml' and 'localization/russian/gui/DI_l_russian.yml'.","Expected corrective localization override","Divine Intervention AGOT | Русификатор | Divine Intervention Cheat Menu | Divine Intervention CM [RUS]","localization/russian/gui/DI_RUS_l_russian.yml | localization/russian/gui/DI_l_russian.yml","DI_remove_excommunication_desc","localization/russian/gui/DI_RUS_l_russian.yml","localization/russian/gui/DI_l_russian.yml"
"918","06:11:21","pdx_localize.cpp:279","Duplicate localization key. Key 'DI_commit_suicide_interaction' is defined in both 'localization/russian/gui/DI_RUS_l_russian.yml' and 'localization/russian/gui/DI_l_russian.yml'.","Expected corrective localization override","Divine Intervention AGOT | Русификатор | Divine Intervention Cheat Menu | Divine Intervention CM [RUS]","localization/russian/gui/DI_RUS_l_russian.yml | localization/russian/gui/DI_l_russian.yml","DI_commit_suicide_interaction","localization/russian/gui/DI_RUS_l_russian.yml","localization/russian/gui/DI_l_russian.yml"
"919","06:11:21","pdx_localize.cpp:279","Duplicate localization key. Key 'DI_commit_suicide_desc' is defined in both 'localization/russian/gui/DI_RUS_l_russian.yml' and 'localization/russian/gui/DI_l_russian.yml'.","Expected corrective localization override","Divine Intervention AGOT | Русификатор | Divine Intervention Cheat Menu | Divine Intervention CM [RUS]","localization/russian/gui/DI_RUS_l_russian.yml | localization/russian/gui/DI_l_russian.yml","DI_commit_suicide_desc","localization/russian/gui/DI_RUS_l_russian.yml","localization/russian/gui/DI_l_russian.yml"
"920","06:11:21","pdx_localize.cpp:279","Duplicate localization key. Key 'DI_take_title_interaction' is defined in both 'localization/russian/gui/DI_RUS_l_russian.yml' and 'localization/russian/gui/DI_l_russian.yml'.","Expected corrective localization override","Divine Intervention AGOT | Русификатор | Divine Intervention Cheat Menu | Divine Intervention CM [RUS]","localization/russian/gui/DI_RUS_l_russian.yml | localization/russian/gui/DI_l_russian.yml","DI_take_title_interaction","localization/russian/gui/DI_RUS_l_russian.yml","localization/russian/gui/DI_l_russian.yml"
"921","06:11:21","pdx_localize.cpp:279","Duplicate localization key. Key 'DI_take_title_desc' is defined in both 'localization/russian/gui/DI_RUS_l_russian.yml' and 'localization/russian/gui/DI_l_russian.yml'.","Expected corrective localization override","Divine Intervention AGOT | Русификатор | Divine Intervention Cheat Menu | Divine Intervention CM [RUS]","localization/russian/gui/DI_RUS_l_russian.yml | localization/russian/gui/DI_l_russian.yml","DI_take_title_desc","localization/russian/gui/DI_RUS_l_russian.yml","localization/russian/gui/DI_l_russian.yml"
"922","06:11:21","pdx_localize.cpp:279","Duplicate localization key. Key 'DI_change_every_county' is defined in both 'localization/russian/gui/DI_RUS_l_russian.yml' and 'localization/russian/gui/DI_l_russian.yml'.","Expected corrective localization override","Divine Intervention AGOT | Русификатор | Divine Intervention Cheat Menu | Divine Intervention CM [RUS]","localization/russian/gui/DI_RUS_l_russian.yml | localization/russian/gui/DI_l_russian.yml","DI_change_every_county","localization/russian/gui/DI_RUS_l_russian.yml","localization/russian/gui/DI_l_russian.yml"
"923","06:11:21","pdx_localize.cpp:279","Duplicate localization key. Key 'DI_change_every_county_control' is defined in both 'localization/russian/gui/DI_RUS_l_russian.yml' and 'localization/russian/gui/DI_l_russian.yml'.","Expected corrective localization override","Divine Intervention AGOT | Русификатор | Divine Intervention Cheat Menu | Divine Intervention CM [RUS]","localization/russian/gui/DI_RUS_l_russian.yml | localization/russian/gui/DI_l_russian.yml","DI_change_every_county_control","localization/russian/gui/DI_RUS_l_russian.yml","localization/russian/gui/DI_l_russian.yml"
"924","06:11:21","pdx_localize.cpp:279","Duplicate localization key. Key 'DI_change_every_county_development' is defined in both 'localization/russian/gui/DI_RUS_l_russian.yml' and 'localization/russian/gui/DI_l_russian.yml'.","Expected corrective localization override","Divine Intervention AGOT | Русификатор | Divine Intervention Cheat Menu | Divine Intervention CM [RUS]","localization/russian/gui/DI_RUS_l_russian.yml | localization/russian/gui/DI_l_russian.yml","DI_change_every_county_development","localization/russian/gui/DI_RUS_l_russian.yml","localization/russian/gui/DI_l_russian.yml"
"925","06:11:21","pdx_localize.cpp:279","Duplicate localization key. Key 'DI_change_religion_every_county' is defined in both 'localization/russian/gui/DI_RUS_l_russian.yml' and 'localization/russian/gui/DI_l_russian.yml'.","Expected corrective localization override","Divine Intervention AGOT | Русификатор | Divine Intervention Cheat Menu | Divine Intervention CM [RUS]","localization/russian/gui/DI_RUS_l_russian.yml | localization/russian/gui/DI_l_russian.yml","DI_change_religion_every_county","localization/russian/gui/DI_RUS_l_russian.yml","localization/russian/gui/DI_l_russian.yml"
"926","06:11:21","pdx_localize.cpp:279","Duplicate localization key. Key 'DI_change_culture_every_county' is defined in both 'localization/russian/gui/DI_RUS_l_russian.yml' and 'localization/russian/gui/DI_l_russian.yml'.","Expected corrective localization override","Divine Intervention AGOT | Русификатор | Divine Intervention Cheat Menu | Divine Intervention CM [RUS]","localization/russian/gui/DI_RUS_l_russian.yml | localization/russian/gui/DI_l_russian.yml","DI_change_culture_every_county","localization/russian/gui/DI_RUS_l_russian.yml","localization/russian/gui/DI_l_russian.yml"
"927","06:11:21","pdx_localize.cpp:279","Duplicate localization key. Key 'DI_change_opinion_interaction' is defined in both 'localization/russian/gui/DI_RUS_l_russian.yml' and 'localization/russian/gui/DI_l_russian.yml'.","Expected corrective localization override","Divine Intervention AGOT | Русификатор | Divine Intervention Cheat Menu | Divine Intervention CM [RUS]","localization/russian/gui/DI_RUS_l_russian.yml | localization/russian/gui/DI_l_russian.yml","DI_change_opinion_interaction","localization/russian/gui/DI_RUS_l_russian.yml","localization/russian/gui/DI_l_russian.yml"
"928","06:11:21","pdx_localize.cpp:279","Duplicate localization key. Key 'DI_change_character_weight_interaction' is defined in both 'localization/russian/gui/DI_RUS_l_russian.yml' and 'localization/russian/gui/DI_l_russian.yml'.","Expected corrective localization override","Divine Intervention AGOT | Русификатор | Divine Intervention Cheat Menu | Divine Intervention CM [RUS]","localization/russian/gui/DI_RUS_l_russian.yml | localization/russian/gui/DI_l_russian.yml","DI_change_character_weight_interaction","localization/russian/gui/DI_RUS_l_russian.yml","localization/russian/gui/DI_l_russian.yml"
"929","06:11:21","pdx_localize.cpp:279","Duplicate localization key. Key 'DI_set_relation_interaction' is defined in both 'localization/russian/gui/DI_RUS_l_russian.yml' and 'localization/russian/gui/DI_l_russian.yml'.","Expected corrective localization override","Divine Intervention AGOT | Русификатор | Divine Intervention Cheat Menu | Divine Intervention CM [RUS]","localization/russian/gui/DI_RUS_l_russian.yml | localization/russian/gui/DI_l_russian.yml","DI_set_relation_interaction","localization/russian/gui/DI_RUS_l_russian.yml","localization/russian/gui/DI_l_russian.yml"
"930","06:11:21","pdx_localize.cpp:279","Duplicate localization key. Key 'DI_set_potential_friend' is defined in both 'localization/russian/gui/DI_RUS_l_russian.yml' and 'localization/russian/gui/DI_l_russian.yml'.","Expected corrective localization override","Divine Intervention AGOT | Русификатор | Divine Intervention Cheat Menu | Divine Intervention CM [RUS]","localization/russian/gui/DI_RUS_l_russian.yml | localization/russian/gui/DI_l_russian.yml","DI_set_potential_friend","localization/russian/gui/DI_RUS_l_russian.yml","localization/russian/gui/DI_l_russian.yml"
"931","06:11:21","pdx_localize.cpp:279","Duplicate localization key. Key 'DI_remove_potential_friend' is defined in both 'localization/russian/gui/DI_RUS_l_russian.yml' and 'localization/russian/gui/DI_l_russian.yml'.","Expected corrective localization override","Divine Intervention AGOT | Русификатор | Divine Intervention Cheat Menu | Divine Intervention CM [RUS]","localization/russian/gui/DI_RUS_l_russian.yml | localization/russian/gui/DI_l_russian.yml","DI_remove_potential_friend","localization/russian/gui/DI_RUS_l_russian.yml","localization/russian/gui/DI_l_russian.yml"
"932","06:11:21","pdx_localize.cpp:279","Duplicate localization key. Key 'DI_set_potential_rival' is defined in both 'localization/russian/gui/DI_RUS_l_russian.yml' and 'localization/russian/gui/DI_l_russian.yml'.","Expected corrective localization override","Divine Intervention AGOT | Русификатор | Divine Intervention Cheat Menu | Divine Intervention CM [RUS]","localization/russian/gui/DI_RUS_l_russian.yml | localization/russian/gui/DI_l_russian.yml","DI_set_potential_rival","localization/russian/gui/DI_RUS_l_russian.yml","localization/russian/gui/DI_l_russian.yml"
"933","06:11:21","pdx_localize.cpp:279","Duplicate localization key. Key 'DI_remove_potential_rival' is defined in both 'localization/russian/gui/DI_RUS_l_russian.yml' and 'localization/russian/gui/DI_l_russian.yml'.","Expected corrective localization override","Divine Intervention AGOT | Русификатор | Divine Intervention Cheat Menu | Divine Intervention CM [RUS]","localization/russian/gui/DI_RUS_l_russian.yml | localization/russian/gui/DI_l_russian.yml","DI_remove_potential_rival","localization/russian/gui/DI_RUS_l_russian.yml","localization/russian/gui/DI_l_russian.yml"
"934","06:11:21","pdx_localize.cpp:279","Duplicate localization key. Key 'DI_set_potential_lover' is defined in both 'localization/russian/gui/DI_RUS_l_russian.yml' and 'localization/russian/gui/DI_l_russian.yml'.","Expected corrective localization override","Divine Intervention AGOT | Русификатор | Divine Intervention Cheat Menu | Divine Intervention CM [RUS]","localization/russian/gui/DI_RUS_l_russian.yml | localization/russian/gui/DI_l_russian.yml","DI_set_potential_lover","localization/russian/gui/DI_RUS_l_russian.yml","localization/russian/gui/DI_l_russian.yml"
"935","06:11:21","pdx_localize.cpp:279","Duplicate localization key. Key 'DI_remove_potential_lover' is defined in both 'localization/russian/gui/DI_RUS_l_russian.yml' and 'localization/russian/gui/DI_l_russian.yml'.","Expected corrective localization override","Divine Intervention AGOT | Русификатор | Divine Intervention Cheat Menu | Divine Intervention CM [RUS]","localization/russian/gui/DI_RUS_l_russian.yml | localization/russian/gui/DI_l_russian.yml","DI_remove_potential_lover","localization/russian/gui/DI_RUS_l_russian.yml","localization/russian/gui/DI_l_russian.yml"
"936","06:11:21","pdx_localize.cpp:279","Duplicate localization key. Key 'DI_set_friend' is defined in both 'localization/russian/gui/DI_RUS_l_russian.yml' and 'localization/russian/gui/DI_l_russian.yml'.","Expected corrective localization override","Divine Intervention AGOT | Русификатор | Divine Intervention Cheat Menu | Divine Intervention CM [RUS]","localization/russian/gui/DI_RUS_l_russian.yml | localization/russian/gui/DI_l_russian.yml","DI_set_friend","localization/russian/gui/DI_RUS_l_russian.yml","localization/russian/gui/DI_l_russian.yml"
"937","06:11:21","pdx_localize.cpp:279","Duplicate localization key. Key 'DI_remove_friend' is defined in both 'localization/russian/gui/DI_RUS_l_russian.yml' and 'localization/russian/gui/DI_l_russian.yml'.","Expected corrective localization override","Divine Intervention AGOT | Русификатор | Divine Intervention Cheat Menu | Divine Intervention CM [RUS]","localization/russian/gui/DI_RUS_l_russian.yml | localization/russian/gui/DI_l_russian.yml","DI_remove_friend","localization/russian/gui/DI_RUS_l_russian.yml","localization/russian/gui/DI_l_russian.yml"
"938","06:11:21","pdx_localize.cpp:279","Duplicate localization key. Key 'DI_set_rival' is defined in both 'localization/russian/gui/DI_RUS_l_russian.yml' and 'localization/russian/gui/DI_l_russian.yml'.","Expected corrective localization override","Divine Intervention AGOT | Русификатор | Divine Intervention Cheat Menu | Divine Intervention CM [RUS]","localization/russian/gui/DI_RUS_l_russian.yml | localization/russian/gui/DI_l_russian.yml","DI_set_rival","localization/russian/gui/DI_RUS_l_russian.yml","localization/russian/gui/DI_l_russian.yml"
"939","06:11:21","pdx_localize.cpp:279","Duplicate localization key. Key 'DI_remove_rival' is defined in both 'localization/russian/gui/DI_RUS_l_russian.yml' and 'localization/russian/gui/DI_l_russian.yml'.","Expected corrective localization override","Divine Intervention AGOT | Русификатор | Divine Intervention Cheat Menu | Divine Intervention CM [RUS]","localization/russian/gui/DI_RUS_l_russian.yml | localization/russian/gui/DI_l_russian.yml","DI_remove_rival","localization/russian/gui/DI_RUS_l_russian.yml","localization/russian/gui/DI_l_russian.yml"
"940","06:11:21","pdx_localize.cpp:279","Duplicate localization key. Key 'DI_set_lover' is defined in both 'localization/russian/gui/DI_RUS_l_russian.yml' and 'localization/russian/gui/DI_l_russian.yml'.","Expected corrective localization override","Divine Intervention AGOT | Русификатор | Divine Intervention Cheat Menu | Divine Intervention CM [RUS]","localization/russian/gui/DI_RUS_l_russian.yml | localization/russian/gui/DI_l_russian.yml","DI_set_lover","localization/russian/gui/DI_RUS_l_russian.yml","localization/russian/gui/DI_l_russian.yml"
"941","06:11:21","pdx_localize.cpp:279","Duplicate localization key. Key 'DI_remove_lover' is defined in both 'localization/russian/gui/DI_RUS_l_russian.yml' and 'localization/russian/gui/DI_l_russian.yml'.","Expected corrective localization override","Divine Intervention AGOT | Русификатор | Divine Intervention Cheat Menu | Divine Intervention CM [RUS]","localization/russian/gui/DI_RUS_l_russian.yml | localization/russian/gui/DI_l_russian.yml","DI_remove_lover","localization/russian/gui/DI_RUS_l_russian.yml","localization/russian/gui/DI_l_russian.yml"
"942","06:11:21","pdx_localize.cpp:279","Duplicate localization key. Key 'DI_set_best_friend' is defined in both 'localization/russian/gui/DI_RUS_l_russian.yml' and 'localization/russian/gui/DI_l_russian.yml'.","Expected corrective localization override","Divine Intervention AGOT | Русификатор | Divine Intervention Cheat Menu | Divine Intervention CM [RUS]","localization/russian/gui/DI_RUS_l_russian.yml | localization/russian/gui/DI_l_russian.yml","DI_set_best_friend","localization/russian/gui/DI_RUS_l_russian.yml","localization/russian/gui/DI_l_russian.yml"
"943","06:11:21","pdx_localize.cpp:279","Duplicate localization key. Key 'DI_remove_best_friend' is defined in both 'localization/russian/gui/DI_RUS_l_russian.yml' and 'localization/russian/gui/DI_l_russian.yml'.","Expected corrective localization override","Divine Intervention AGOT | Русификатор | Divine Intervention Cheat Menu | Divine Intervention CM [RUS]","localization/russian/gui/DI_RUS_l_russian.yml | localization/russian/gui/DI_l_russian.yml","DI_remove_best_friend","localization/russian/gui/DI_RUS_l_russian.yml","localization/russian/gui/DI_l_russian.yml"
"944","06:11:21","pdx_localize.cpp:279","Duplicate localization key. Key 'DI_set_nemesis' is defined in both 'localization/russian/gui/DI_RUS_l_russian.yml' and 'localization/russian/gui/DI_l_russian.yml'.","Expected corrective localization override","Divine Intervention AGOT | Русификатор | Divine Intervention Cheat Menu | Divine Intervention CM [RUS]","localization/russian/gui/DI_RUS_l_russian.yml | localization/russian/gui/DI_l_russian.yml","DI_set_nemesis","localization/russian/gui/DI_RUS_l_russian.yml","localization/russian/gui/DI_l_russian.yml"
"945","06:11:21","pdx_localize.cpp:279","Duplicate localization key. Key 'DI_remove_nemesis' is defined in both 'localization/russian/gui/DI_RUS_l_russian.yml' and 'localization/russian/gui/DI_l_russian.yml'.","Expected corrective localization override","Divine Intervention AGOT | Русификатор | Divine Intervention Cheat Menu | Divine Intervention CM [RUS]","localization/russian/gui/DI_RUS_l_russian.yml | localization/russian/gui/DI_l_russian.yml","DI_remove_nemesis","localization/russian/gui/DI_RUS_l_russian.yml","localization/russian/gui/DI_l_russian.yml"
"946","06:11:21","pdx_localize.cpp:279","Duplicate localization key. Key 'DI_set_soulmate' is defined in both 'localization/russian/gui/DI_RUS_l_russian.yml' and 'localization/russian/gui/DI_l_russian.yml'.","Expected corrective localization override","Divine Intervention AGOT | Русификатор | Divine Intervention Cheat Menu | Divine Intervention CM [RUS]","localization/russian/gui/DI_RUS_l_russian.yml | localization/russian/gui/DI_l_russian.yml","DI_set_soulmate","localization/russian/gui/DI_RUS_l_russian.yml","localization/russian/gui/DI_l_russian.yml"
"947","06:11:21","pdx_localize.cpp:279","Duplicate localization key. Key 'DI_remove_soulmate' is defined in both 'localization/russian/gui/DI_RUS_l_russian.yml' and 'localization/russian/gui/DI_l_russian.yml'.","Expected corrective localization override","Divine Intervention AGOT | Русификатор | Divine Intervention Cheat Menu | Divine Intervention CM [RUS]","localization/russian/gui/DI_RUS_l_russian.yml | localization/russian/gui/DI_l_russian.yml","DI_remove_soulmate","localization/russian/gui/DI_RUS_l_russian.yml","localization/russian/gui/DI_l_russian.yml"
"948","06:11:21","pdx_localize.cpp:279","Duplicate localization key. Key 'DI_set_bully' is defined in both 'localization/russian/gui/DI_RUS_l_russian.yml' and 'localization/russian/gui/DI_l_russian.yml'.","Expected corrective localization override","Divine Intervention AGOT | Русификатор | Divine Intervention Cheat Menu | Divine Intervention CM [RUS]","localization/russian/gui/DI_RUS_l_russian.yml | localization/russian/gui/DI_l_russian.yml","DI_set_bully","localization/russian/gui/DI_RUS_l_russian.yml","localization/russian/gui/DI_l_russian.yml"
"949","06:11:21","pdx_localize.cpp:279","Duplicate localization key. Key 'DI_remove_bully' is defined in both 'localization/russian/gui/DI_RUS_l_russian.yml' and 'localization/russian/gui/DI_l_russian.yml'.","Expected corrective localization override","Divine Intervention AGOT | Русификатор | Divine Intervention Cheat Menu | Divine Intervention CM [RUS]","localization/russian/gui/DI_RUS_l_russian.yml | localization/russian/gui/DI_l_russian.yml","DI_remove_bully","localization/russian/gui/DI_RUS_l_russian.yml","localization/russian/gui/DI_l_russian.yml"
"950","06:11:21","pdx_localize.cpp:279","Duplicate localization key. Key 'DI_set_victim' is defined in both 'localization/russian/gui/DI_RUS_l_russian.yml' and 'localization/russian/gui/DI_l_russian.yml'.","Expected corrective localization override","Divine Intervention AGOT | Русификатор | Divine Intervention Cheat Menu | Divine Intervention CM [RUS]","localization/russian/gui/DI_RUS_l_russian.yml | localization/russian/gui/DI_l_russian.yml","DI_set_victim","localization/russian/gui/DI_RUS_l_russian.yml","localization/russian/gui/DI_l_russian.yml"
"951","06:11:21","pdx_localize.cpp:279","Duplicate localization key. Key 'DI_remove_victim' is defined in both 'localization/russian/gui/DI_RUS_l_russian.yml' and 'localization/russian/gui/DI_l_russian.yml'.","Expected corrective localization override","Divine Intervention AGOT | Русификатор | Divine Intervention Cheat Menu | Divine Intervention CM [RUS]","localization/russian/gui/DI_RUS_l_russian.yml | localization/russian/gui/DI_l_russian.yml","DI_remove_victim","localization/russian/gui/DI_RUS_l_russian.yml","localization/russian/gui/DI_l_russian.yml"
"952","06:11:21","pdx_localize.cpp:279","Duplicate localization key. Key 'DI_remove_child_interaction' is defined in both 'localization/russian/gui/DI_RUS_l_russian.yml' and 'localization/russian/gui/DI_l_russian.yml'.","Expected corrective localization override","Divine Intervention AGOT | Русификатор | Divine Intervention Cheat Menu | Divine Intervention CM [RUS]","localization/russian/gui/DI_RUS_l_russian.yml | localization/russian/gui/DI_l_russian.yml","DI_remove_child_interaction","localization/russian/gui/DI_RUS_l_russian.yml","localization/russian/gui/DI_l_russian.yml"
"953","06:11:21","pdx_localize.cpp:279","Duplicate localization key. Key 'DI_remove_child_desc' is defined in both 'localization/russian/gui/DI_RUS_l_russian.yml' and 'localization/russian/gui/DI_l_russian.yml'.","Expected corrective localization override","Divine Intervention AGOT | Русификатор | Divine Intervention Cheat Menu | Divine Intervention CM [RUS]","localization/russian/gui/DI_RUS_l_russian.yml | localization/russian/gui/DI_l_russian.yml","DI_remove_child_desc","localization/russian/gui/DI_RUS_l_russian.yml","localization/russian/gui/DI_l_russian.yml"
"954","06:11:21","pdx_localize.cpp:279","Duplicate localization key. Key 'DI_toggle_menu_button_interaction' is defined in both 'localization/russian/gui/DI_RUS_l_russian.yml' and 'localization/russian/gui/DI_l_russian.yml'.","Expected corrective localization override","Divine Intervention AGOT | Русификатор | Divine Intervention Cheat Menu | Divine Intervention CM [RUS]","localization/russian/gui/DI_RUS_l_russian.yml | localization/russian/gui/DI_l_russian.yml","DI_toggle_menu_button_interaction","localization/russian/gui/DI_RUS_l_russian.yml","localization/russian/gui/DI_l_russian.yml"
"955","06:11:21","pdx_localize.cpp:279","Duplicate localization key. Key 'DI_change_government' is defined in both 'localization/russian/gui/DI_RUS_l_russian.yml' and 'localization/russian/gui/DI_l_russian.yml'.","Expected corrective localization override","Divine Intervention AGOT | Русификатор | Divine Intervention Cheat Menu | Divine Intervention CM [RUS]","localization/russian/gui/DI_RUS_l_russian.yml | localization/russian/gui/DI_l_russian.yml","DI_change_government","localization/russian/gui/DI_RUS_l_russian.yml","localization/russian/gui/DI_l_russian.yml"
"956","06:11:21","pdx_localize.cpp:279","Duplicate localization key. Key 'DI_change_government_desc' is defined in both 'localization/russian/gui/DI_RUS_l_russian.yml' and 'localization/russian/gui/DI_l_russian.yml'.","Expected corrective localization override","Divine Intervention AGOT | Русификатор | Divine Intervention Cheat Menu | Divine Intervention CM [RUS]","localization/russian/gui/DI_RUS_l_russian.yml | localization/russian/gui/DI_l_russian.yml","DI_change_government_desc","localization/russian/gui/DI_RUS_l_russian.yml","localization/russian/gui/DI_l_russian.yml"
"957","06:11:21","pdx_localize.cpp:279","Duplicate localization key. Key 'DI_change_government_feudal' is defined in both 'localization/russian/gui/DI_RUS_l_russian.yml' and 'localization/russian/gui/DI_l_russian.yml'.","Expected corrective localization override","Divine Intervention AGOT | Русификатор | Divine Intervention Cheat Menu | Divine Intervention CM [RUS]","localization/russian/gui/DI_RUS_l_russian.yml | localization/russian/gui/DI_l_russian.yml","DI_change_government_feudal","localization/russian/gui/DI_RUS_l_russian.yml","localization/russian/gui/DI_l_russian.yml"
"958","06:11:21","pdx_localize.cpp:279","Duplicate localization key. Key 'DI_change_government_clan' is defined in both 'localization/russian/gui/DI_RUS_l_russian.yml' and 'localization/russian/gui/DI_l_russian.yml'.","Expected corrective localization override","Divine Intervention AGOT | Русификатор | Divine Intervention Cheat Menu | Divine Intervention CM [RUS]","localization/russian/gui/DI_RUS_l_russian.yml | localization/russian/gui/DI_l_russian.yml","DI_change_government_clan","localization/russian/gui/DI_RUS_l_russian.yml","localization/russian/gui/DI_l_russian.yml"
"959","06:11:21","pdx_localize.cpp:279","Duplicate localization key. Key 'DI_change_government_tribal' is defined in both 'localization/russian/gui/DI_RUS_l_russian.yml' and 'localization/russian/gui/DI_l_russian.yml'.","Expected corrective localization override","Divine Intervention AGOT | Русификатор | Divine Intervention Cheat Menu | Divine Intervention CM [RUS]","localization/russian/gui/DI_RUS_l_russian.yml | localization/russian/gui/DI_l_russian.yml","DI_change_government_tribal","localization/russian/gui/DI_RUS_l_russian.yml","localization/russian/gui/DI_l_russian.yml"
"960","06:11:21","pdx_localize.cpp:279","Duplicate localization key. Key 'DI_change_government_feudal_full' is defined in both 'localization/russian/gui/DI_RUS_l_russian.yml' and 'localization/russian/gui/DI_l_russian.yml'.","Expected corrective localization override","Divine Intervention AGOT | Русификатор | Divine Intervention Cheat Menu | Divine Intervention CM [RUS]","localization/russian/gui/DI_RUS_l_russian.yml | localization/russian/gui/DI_l_russian.yml","DI_change_government_feudal_full","localization/russian/gui/DI_RUS_l_russian.yml","localization/russian/gui/DI_l_russian.yml"
"961","06:11:21","pdx_localize.cpp:279","Duplicate localization key. Key 'DI_change_government_clan_full' is defined in both 'localization/russian/gui/DI_RUS_l_russian.yml' and 'localization/russian/gui/DI_l_russian.yml'.","Expected corrective localization override","Divine Intervention AGOT | Русификатор | Divine Intervention Cheat Menu | Divine Intervention CM [RUS]","localization/russian/gui/DI_RUS_l_russian.yml | localization/russian/gui/DI_l_russian.yml","DI_change_government_clan_full","localization/russian/gui/DI_RUS_l_russian.yml","localization/russian/gui/DI_l_russian.yml"
"962","06:11:21","pdx_localize.cpp:279","Duplicate localization key. Key 'DI_change_government_tribal_full' is defined in both 'localization/russian/gui/DI_RUS_l_russian.yml' and 'localization/russian/gui/DI_l_russian.yml'.","Expected corrective localization override","Divine Intervention AGOT | Русификатор | Divine Intervention Cheat Menu | Divine Intervention CM [RUS]","localization/russian/gui/DI_RUS_l_russian.yml | localization/russian/gui/DI_l_russian.yml","DI_change_government_tribal_full","localization/russian/gui/DI_RUS_l_russian.yml","localization/russian/gui/DI_l_russian.yml"
"963","06:11:21","pdx_localize.cpp:279","Duplicate localization key. Key 'DI_change_government_administrative' is defined in both 'localization/russian/gui/DI_RUS_l_russian.yml' and 'localization/russian/gui/DI_l_russian.yml'.","Expected corrective localization override","Divine Intervention AGOT | Русификатор | Divine Intervention Cheat Menu | Divine Intervention CM [RUS]","localization/russian/gui/DI_RUS_l_russian.yml | localization/russian/gui/DI_l_russian.yml","DI_change_government_administrative","localization/russian/gui/DI_RUS_l_russian.yml","localization/russian/gui/DI_l_russian.yml"
"964","06:11:21","pdx_localize.cpp:279","Duplicate localization key. Key 'DI_change_succession' is defined in both 'localization/russian/gui/DI_RUS_l_russian.yml' and 'localization/russian/gui/DI_l_russian.yml'.","Expected corrective localization override","Divine Intervention AGOT | Русификатор | Divine Intervention Cheat Menu | Divine Intervention CM [RUS]","localization/russian/gui/DI_RUS_l_russian.yml | localization/russian/gui/DI_l_russian.yml","DI_change_succession","localization/russian/gui/DI_RUS_l_russian.yml","localization/russian/gui/DI_l_russian.yml"
"965","06:11:21","pdx_localize.cpp:279","Duplicate localization key. Key 'DI_change_succession_desc' is defined in both 'localization/russian/gui/DI_RUS_l_russian.yml' and 'localization/russian/gui/DI_l_russian.yml'.","Expected corrective localization override","Divine Intervention AGOT | Русификатор | Divine Intervention Cheat Menu | Divine Intervention CM [RUS]","localization/russian/gui/DI_RUS_l_russian.yml | localization/russian/gui/DI_l_russian.yml","DI_change_succession_desc","localization/russian/gui/DI_RUS_l_russian.yml","localization/russian/gui/DI_l_russian.yml"
"966","06:11:21","pdx_localize.cpp:279","Duplicate localization key. Key 'DI_change_succession_single' is defined in both 'localization/russian/gui/DI_RUS_l_russian.yml' and 'localization/russian/gui/DI_l_russian.yml'.","Expected corrective localization override","Divine Intervention AGOT | Русификатор | Divine Intervention Cheat Menu | Divine Intervention CM [RUS]","localization/russian/gui/DI_RUS_l_russian.yml | localization/russian/gui/DI_l_russian.yml","DI_change_succession_single","localization/russian/gui/DI_RUS_l_russian.yml","localization/russian/gui/DI_l_russian.yml"
"967","06:11:21","pdx_localize.cpp:279","Duplicate localization key. Key 'DI_change_succession_single_youngest' is defined in both 'localization/russian/gui/DI_RUS_l_russian.yml' and 'localization/russian/gui/DI_l_russian.yml'.","Expected corrective localization override","Divine Intervention AGOT | Русификатор | Divine Intervention Cheat Menu | Divine Intervention CM [RUS]","localization/russian/gui/DI_RUS_l_russian.yml | localization/russian/gui/DI_l_russian.yml","DI_change_succession_single_youngest","localization/russian/gui/DI_RUS_l_russian.yml","localization/russian/gui/DI_l_russian.yml"
"968","06:11:21","pdx_localize.cpp:279","Duplicate localization key. Key 'DI_contraceptive_interaction' is defined in both 'localization/russian/gui/DI_RUS_l_russian.yml' and 'localization/russian/gui/DI_l_russian.yml'.","Expected corrective localization override","Divine Intervention AGOT | Русификатор | Divine Intervention Cheat Menu | Divine Intervention CM [RUS]","localization/russian/gui/DI_RUS_l_russian.yml | localization/russian/gui/DI_l_russian.yml","DI_contraceptive_interaction","localization/russian/gui/DI_RUS_l_russian.yml","localization/russian/gui/DI_l_russian.yml"
"969","06:11:21","pdx_localize.cpp:279","Duplicate localization key. Key 'DI_contraceptive_desc' is defined in both 'localization/russian/gui/DI_RUS_l_russian.yml' and 'localization/russian/gui/DI_l_russian.yml'.","Expected corrective localization override","Divine Intervention AGOT | Русификатор | Divine Intervention Cheat Menu | Divine Intervention CM [RUS]","localization/russian/gui/DI_RUS_l_russian.yml | localization/russian/gui/DI_l_russian.yml","DI_contraceptive_desc","localization/russian/gui/DI_RUS_l_russian.yml","localization/russian/gui/DI_l_russian.yml"
"970","06:11:21","pdx_localize.cpp:279","Duplicate localization key. Key 'DI_end_pregnancy_interaction' is defined in both 'localization/russian/gui/DI_RUS_l_russian.yml' and 'localization/russian/gui/DI_l_russian.yml'.","Expected corrective localization override","Divine Intervention AGOT | Русификатор | Divine Intervention Cheat Menu | Divine Intervention CM [RUS]","localization/russian/gui/DI_RUS_l_russian.yml | localization/russian/gui/DI_l_russian.yml","DI_end_pregnancy_interaction","localization/russian/gui/DI_RUS_l_russian.yml","localization/russian/gui/DI_l_russian.yml"
"971","06:11:21","pdx_localize.cpp:279","Duplicate localization key. Key 'DI_end_pregnancy_desc' is defined in both 'localization/russian/gui/DI_RUS_l_russian.yml' and 'localization/russian/gui/DI_l_russian.yml'.","Expected corrective localization override","Divine Intervention AGOT | Русификатор | Divine Intervention Cheat Menu | Divine Intervention CM [RUS]","localization/russian/gui/DI_RUS_l_russian.yml | localization/russian/gui/DI_l_russian.yml","DI_end_pregnancy_desc","localization/russian/gui/DI_RUS_l_russian.yml","localization/russian/gui/DI_l_russian.yml"
"972","06:11:21","pdx_localize.cpp:279","Duplicate localization key. Key 'DI_add_secrets_interaction' is defined in both 'localization/russian/gui/DI_RUS_l_russian.yml' and 'localization/russian/gui/DI_l_russian.yml'.","Expected corrective localization override","Divine Intervention AGOT | Русификатор | Divine Intervention Cheat Menu | Divine Intervention CM [RUS]","localization/russian/gui/DI_RUS_l_russian.yml | localization/russian/gui/DI_l_russian.yml","DI_add_secrets_interaction","localization/russian/gui/DI_RUS_l_russian.yml","localization/russian/gui/DI_l_russian.yml"
"973","06:11:21","pdx_localize.cpp:279","Duplicate localization key. Key 'DI_add_secrets_desc' is defined in both 'localization/russian/gui/DI_RUS_l_russian.yml' and 'localization/russian/gui/DI_l_russian.yml'.","Expected corrective localization override","Divine Intervention AGOT | Русификатор | Divine Intervention Cheat Menu | Divine Intervention CM [RUS]","localization/russian/gui/DI_RUS_l_russian.yml | localization/russian/gui/DI_l_russian.yml","DI_add_secrets_desc","localization/russian/gui/DI_RUS_l_russian.yml","localization/russian/gui/DI_l_russian.yml"
"974","06:11:21","pdx_localize.cpp:279","Duplicate localization key. Key 'DI_remove_secrets_interaction' is defined in both 'localization/russian/gui/DI_RUS_l_russian.yml' and 'localization/russian/gui/DI_l_russian.yml'.","Expected corrective localization override","Divine Intervention AGOT | Русификатор | Divine Intervention Cheat Menu | Divine Intervention CM [RUS]","localization/russian/gui/DI_RUS_l_russian.yml | localization/russian/gui/DI_l_russian.yml","DI_remove_secrets_interaction","localization/russian/gui/DI_RUS_l_russian.yml","localization/russian/gui/DI_l_russian.yml"
"975","06:11:21","pdx_localize.cpp:279","Duplicate localization key. Key 'DI_remove_secrets_desc' is defined in both 'localization/russian/gui/DI_RUS_l_russian.yml' and 'localization/russian/gui/DI_l_russian.yml'.","Expected corrective localization override","Divine Intervention AGOT | Русификатор | Divine Intervention Cheat Menu | Divine Intervention CM [RUS]","localization/russian/gui/DI_RUS_l_russian.yml | localization/russian/gui/DI_l_russian.yml","DI_remove_secrets_desc","localization/russian/gui/DI_RUS_l_russian.yml","localization/russian/gui/DI_l_russian.yml"
"976","06:11:21","pdx_localize.cpp:279","Duplicate localization key. Key 'DI_reveal_secrets_interaction' is defined in both 'localization/russian/gui/DI_RUS_l_russian.yml' and 'localization/russian/gui/DI_l_russian.yml'.","Expected corrective localization override","Divine Intervention AGOT | Русификатор | Divine Intervention Cheat Menu | Divine Intervention CM [RUS]","localization/russian/gui/DI_RUS_l_russian.yml | localization/russian/gui/DI_l_russian.yml","DI_reveal_secrets_interaction","localization/russian/gui/DI_RUS_l_russian.yml","localization/russian/gui/DI_l_russian.yml"
"977","06:11:21","pdx_localize.cpp:279","Duplicate localization key. Key 'DI_reveal_secrets_desc' is defined in both 'localization/russian/gui/DI_RUS_l_russian.yml' and 'localization/russian/gui/DI_l_russian.yml'.","Expected corrective localization override","Divine Intervention AGOT | Русификатор | Divine Intervention Cheat Menu | Divine Intervention CM [RUS]","localization/russian/gui/DI_RUS_l_russian.yml | localization/russian/gui/DI_l_russian.yml","DI_reveal_secrets_desc","localization/russian/gui/DI_RUS_l_russian.yml","localization/russian/gui/DI_l_russian.yml"
"978","06:11:21","pdx_localize.cpp:279","Duplicate localization key. Key 'DI_start_diarchy_interaction' is defined in both 'localization/russian/gui/DI_RUS_l_russian.yml' and 'localization/russian/gui/DI_l_russian.yml'.","Expected corrective localization override","Divine Intervention AGOT | Русификатор | Divine Intervention Cheat Menu | Divine Intervention CM [RUS]","localization/russian/gui/DI_RUS_l_russian.yml | localization/russian/gui/DI_l_russian.yml","DI_start_diarchy_interaction","localization/russian/gui/DI_RUS_l_russian.yml","localization/russian/gui/DI_l_russian.yml"
"979","06:11:21","pdx_localize.cpp:279","Duplicate localization key. Key 'DI_start_diarchy_desc' is defined in both 'localization/russian/gui/DI_RUS_l_russian.yml' and 'localization/russian/gui/DI_l_russian.yml'.","Expected corrective localization override","Divine Intervention AGOT | Русификатор | Divine Intervention Cheat Menu | Divine Intervention CM [RUS]","localization/russian/gui/DI_RUS_l_russian.yml | localization/russian/gui/DI_l_russian.yml","DI_start_diarchy_desc","localization/russian/gui/DI_RUS_l_russian.yml","localization/russian/gui/DI_l_russian.yml"
"980","06:11:21","pdx_localize.cpp:279","Duplicate localization key. Key 'DI_start_diarchy_player_desc' is defined in both 'localization/russian/gui/DI_RUS_l_russian.yml' and 'localization/russian/gui/DI_l_russian.yml'.","Expected corrective localization override","Divine Intervention AGOT | Русификатор | Divine Intervention Cheat Menu | Divine Intervention CM [RUS]","localization/russian/gui/DI_RUS_l_russian.yml | localization/russian/gui/DI_l_russian.yml","DI_start_diarchy_player_desc","localization/russian/gui/DI_RUS_l_russian.yml","localization/russian/gui/DI_l_russian.yml"
"981","06:11:21","pdx_localize.cpp:279","Duplicate localization key. Key 'DI_start_diarchy_npc_desc' is defined in both 'localization/russian/gui/DI_RUS_l_russian.yml' and 'localization/russian/gui/DI_l_russian.yml'.","Expected corrective localization override","Divine Intervention AGOT | Русификатор | Divine Intervention Cheat Menu | Divine Intervention CM [RUS]","localization/russian/gui/DI_RUS_l_russian.yml | localization/russian/gui/DI_l_russian.yml","DI_start_diarchy_npc_desc","localization/russian/gui/DI_RUS_l_russian.yml","localization/russian/gui/DI_l_russian.yml"
"982","06:11:21","pdx_localize.cpp:279","Duplicate localization key. Key 'DI_end_diarchy_interaction' is defined in both 'localization/russian/gui/DI_RUS_l_russian.yml' and 'localization/russian/gui/DI_l_russian.yml'.","Expected corrective localization override","Divine Intervention AGOT | Русификатор | Divine Intervention Cheat Menu | Divine Intervention CM [RUS]","localization/russian/gui/DI_RUS_l_russian.yml | localization/russian/gui/DI_l_russian.yml","DI_end_diarchy_interaction","localization/russian/gui/DI_RUS_l_russian.yml","localization/russian/gui/DI_l_russian.yml"
"983","06:11:21","pdx_localize.cpp:279","Duplicate localization key. Key 'DI_end_diarchy_desc' is defined in both 'localization/russian/gui/DI_RUS_l_russian.yml' and 'localization/russian/gui/DI_l_russian.yml'.","Expected corrective localization override","Divine Intervention AGOT | Русификатор | Divine Intervention Cheat Menu | Divine Intervention CM [RUS]","localization/russian/gui/DI_RUS_l_russian.yml | localization/russian/gui/DI_l_russian.yml","DI_end_diarchy_desc","localization/russian/gui/DI_RUS_l_russian.yml","localization/russian/gui/DI_l_russian.yml"
"984","06:11:21","pdx_localize.cpp:279","Duplicate localization key. Key 'DI_swing_scales_interaction' is defined in both 'localization/russian/gui/DI_RUS_l_russian.yml' and 'localization/russian/gui/DI_l_russian.yml'.","Expected corrective localization override","Divine Intervention AGOT | Русификатор | Divine Intervention Cheat Menu | Divine Intervention CM [RUS]","localization/russian/gui/DI_RUS_l_russian.yml | localization/russian/gui/DI_l_russian.yml","DI_swing_scales_interaction","localization/russian/gui/DI_RUS_l_russian.yml","localization/russian/gui/DI_l_russian.yml"
"985","06:11:21","pdx_localize.cpp:279","Duplicate localization key. Key 'DI_swing_scales_interaction_desc' is defined in both 'localization/russian/gui/DI_RUS_l_russian.yml' and 'localization/russian/gui/DI_l_russian.yml'.","Expected corrective localization override","Divine Intervention AGOT | Русификатор | Divine Intervention Cheat Menu | Divine Intervention CM [RUS]","localization/russian/gui/DI_RUS_l_russian.yml | localization/russian/gui/DI_l_russian.yml","DI_swing_scales_interaction_desc","localization/russian/gui/DI_RUS_l_russian.yml","localization/russian/gui/DI_l_russian.yml"
"986","06:11:21","pdx_localize.cpp:279","Duplicate localization key. Key 'swing_scales_0' is defined in both 'localization/russian/gui/DI_RUS_l_russian.yml' and 'localization/russian/gui/DI_l_russian.yml'.","Expected corrective localization override","Divine Intervention AGOT | Русификатор | Divine Intervention Cheat Menu | Divine Intervention CM [RUS]","localization/russian/gui/DI_RUS_l_russian.yml | localization/russian/gui/DI_l_russian.yml","swing_scales_0","localization/russian/gui/DI_RUS_l_russian.yml","localization/russian/gui/DI_l_russian.yml"
"987","06:11:21","pdx_localize.cpp:279","Duplicate localization key. Key 'swing_scales_50' is defined in both 'localization/russian/gui/DI_RUS_l_russian.yml' and 'localization/russian/gui/DI_l_russian.yml'.","Expected corrective localization override","Divine Intervention AGOT | Русификатор | Divine Intervention Cheat Menu | Divine Intervention CM [RUS]","localization/russian/gui/DI_RUS_l_russian.yml | localization/russian/gui/DI_l_russian.yml","swing_scales_50","localization/russian/gui/DI_RUS_l_russian.yml","localization/russian/gui/DI_l_russian.yml"
"988","06:11:21","pdx_localize.cpp:279","Duplicate localization key. Key 'swing_scales_100' is defined in both 'localization/russian/gui/DI_RUS_l_russian.yml' and 'localization/russian/gui/DI_l_russian.yml'.","Expected corrective localization override","Divine Intervention AGOT | Русификатор | Divine Intervention Cheat Menu | Divine Intervention CM [RUS]","localization/russian/gui/DI_RUS_l_russian.yml | localization/russian/gui/DI_l_russian.yml","swing_scales_100","localization/russian/gui/DI_RUS_l_russian.yml","localization/russian/gui/DI_l_russian.yml"
"989","06:11:21","pdx_localize.cpp:279","Duplicate localization key. Key 'DI_white_peace_all_wars' is defined in both 'localization/russian/gui/DI_RUS_l_russian.yml' and 'localization/russian/gui/DI_l_russian.yml'.","Expected corrective localization override","Divine Intervention AGOT | Русификатор | Divine Intervention Cheat Menu | Divine Intervention CM [RUS]","localization/russian/gui/DI_RUS_l_russian.yml | localization/russian/gui/DI_l_russian.yml","DI_white_peace_all_wars","localization/russian/gui/DI_RUS_l_russian.yml","localization/russian/gui/DI_l_russian.yml"
"990","06:11:21","pdx_localize.cpp:279","Duplicate localization key. Key 'DI_lose_all_wars' is defined in both 'localization/russian/gui/DI_RUS_l_russian.yml' and 'localization/russian/gui/DI_l_russian.yml'.","Expected corrective localization override","Divine Intervention AGOT | Русификатор | Divine Intervention Cheat Menu | Divine Intervention CM [RUS]","localization/russian/gui/DI_RUS_l_russian.yml | localization/russian/gui/DI_l_russian.yml","DI_lose_all_wars","localization/russian/gui/DI_RUS_l_russian.yml","localization/russian/gui/DI_l_russian.yml"
"991","06:11:21","pdx_localize.cpp:279","Duplicate localization key. Key 'DI_win_all_wars' is defined in both 'localization/russian/gui/DI_RUS_l_russian.yml' and 'localization/russian/gui/DI_l_russian.yml'.","Expected corrective localization override","Divine Intervention AGOT | Русификатор | Divine Intervention Cheat Menu | Divine Intervention CM [RUS]","localization/russian/gui/DI_RUS_l_russian.yml | localization/russian/gui/DI_l_russian.yml","DI_win_all_wars","localization/russian/gui/DI_RUS_l_russian.yml","localization/russian/gui/DI_l_russian.yml"
"992","06:11:21","pdx_localize.cpp:279","Duplicate localization key. Key 'DI_player_win_wars' is defined in both 'localization/russian/gui/DI_RUS_l_russian.yml' and 'localization/russian/gui/DI_l_russian.yml'.","Expected corrective localization override","Divine Intervention AGOT | Русификатор | Divine Intervention Cheat Menu | Divine Intervention CM [RUS]","localization/russian/gui/DI_RUS_l_russian.yml | localization/russian/gui/DI_l_russian.yml","DI_player_win_wars","localization/russian/gui/DI_RUS_l_russian.yml","localization/russian/gui/DI_l_russian.yml"
"993","06:11:21","pdx_localize.cpp:279","Duplicate localization key. Key 'DI_white_peace_player' is defined in both 'localization/russian/gui/DI_RUS_l_russian.yml' and 'localization/russian/gui/DI_l_russian.yml'.","Expected corrective localization override","Divine Intervention AGOT | Русификатор | Divine Intervention Cheat Menu | Divine Intervention CM [RUS]","localization/russian/gui/DI_RUS_l_russian.yml | localization/russian/gui/DI_l_russian.yml","DI_white_peace_player","localization/russian/gui/DI_RUS_l_russian.yml","localization/russian/gui/DI_l_russian.yml"
"994","06:11:21","pdx_localize.cpp:279","Duplicate localization key. Key 'DI_vassals_white_peace' is defined in both 'localization/russian/gui/DI_RUS_l_russian.yml' and 'localization/russian/gui/DI_l_russian.yml'.","Expected corrective localization override","Divine Intervention AGOT | Русификатор | Divine Intervention Cheat Menu | Divine Intervention CM [RUS]","localization/russian/gui/DI_RUS_l_russian.yml | localization/russian/gui/DI_l_russian.yml","DI_vassals_white_peace","localization/russian/gui/DI_RUS_l_russian.yml","localization/russian/gui/DI_l_russian.yml"
"995","06:11:21","pdx_localize.cpp:279","Duplicate localization key. Key 'DI_take_all_titles_interaction' is defined in both 'localization/russian/gui/DI_RUS_l_russian.yml' and 'localization/russian/gui/DI_l_russian.yml'.","Expected corrective localization override","Divine Intervention AGOT | Русификатор | Divine Intervention Cheat Menu | Divine Intervention CM [RUS]","localization/russian/gui/DI_RUS_l_russian.yml | localization/russian/gui/DI_l_russian.yml","DI_take_all_titles_interaction","localization/russian/gui/DI_RUS_l_russian.yml","localization/russian/gui/DI_l_russian.yml"
"996","06:11:21","pdx_localize.cpp:279","Duplicate localization key. Key 'DI_take_all_titles_desc' is defined in both 'localization/russian/gui/DI_RUS_l_russian.yml' and 'localization/russian/gui/DI_l_russian.yml'.","Expected corrective localization override","Divine Intervention AGOT | Русификатор | Divine Intervention Cheat Menu | Divine Intervention CM [RUS]","localization/russian/gui/DI_RUS_l_russian.yml | localization/russian/gui/DI_l_russian.yml","DI_take_all_titles_desc","localization/russian/gui/DI_RUS_l_russian.yml","localization/russian/gui/DI_l_russian.yml"
"997","06:11:21","pdx_localize.cpp:279","Duplicate localization key. Key 'DI_end_wars_interaction' is defined in both 'localization/russian/gui/DI_RUS_l_russian.yml' and 'localization/russian/gui/DI_l_russian.yml'.","Expected corrective localization override","Divine Intervention AGOT | Русификатор | Divine Intervention Cheat Menu | Divine Intervention CM [RUS]","localization/russian/gui/DI_RUS_l_russian.yml | localization/russian/gui/DI_l_russian.yml","DI_end_wars_interaction","localization/russian/gui/DI_RUS_l_russian.yml","localization/russian/gui/DI_l_russian.yml"
"998","06:11:21","pdx_localize.cpp:279","Duplicate localization key. Key 'DI_end_wars_desc' is defined in both 'localization/russian/gui/DI_RUS_l_russian.yml' and 'localization/russian/gui/DI_l_russian.yml'.","Expected corrective localization override","Divine Intervention AGOT | Русификатор | Divine Intervention Cheat Menu | Divine Intervention CM [RUS]","localization/russian/gui/DI_RUS_l_russian.yml | localization/russian/gui/DI_l_russian.yml","DI_end_wars_desc","localization/russian/gui/DI_RUS_l_russian.yml","localization/russian/gui/DI_l_russian.yml"
"999","06:11:21","pdx_localize.cpp:279","Duplicate localization key. Key 'DI_take_sub_realm_titles' is defined in both 'localization/russian/gui/DI_RUS_l_russian.yml' and 'localization/russian/gui/DI_l_russian.yml'.","Expected corrective localization override","Divine Intervention AGOT | Русификатор | Divine Intervention Cheat Menu | Divine Intervention CM [RUS]","localization/russian/gui/DI_RUS_l_russian.yml | localization/russian/gui/DI_l_russian.yml","DI_take_sub_realm_titles","localization/russian/gui/DI_RUS_l_russian.yml","localization/russian/gui/DI_l_russian.yml"
"1000","06:11:21","pdx_localize.cpp:279","Duplicate localization key. Key 'DI_take_character_titles' is defined in both 'localization/russian/gui/DI_RUS_l_russian.yml' and 'localization/russian/gui/DI_l_russian.yml'.","Expected corrective localization override","Divine Intervention AGOT | Русификатор | Divine Intervention Cheat Menu | Divine Intervention CM [RUS]","localization/russian/gui/DI_RUS_l_russian.yml | localization/russian/gui/DI_l_russian.yml","DI_take_character_titles","localization/russian/gui/DI_RUS_l_russian.yml","localization/russian/gui/DI_l_russian.yml"
"1001","06:11:21","pdx_localize.cpp:279","Duplicate localization key. Key 'DI_change_house_name_interaction' is defined in both 'localization/russian/gui/DI_RUS_l_russian.yml' and 'localization/russian/gui/DI_l_russian.yml'.","Expected corrective localization override","Divine Intervention AGOT | Русификатор | Divine Intervention Cheat Menu | Divine Intervention CM [RUS]","localization/russian/gui/DI_RUS_l_russian.yml | localization/russian/gui/DI_l_russian.yml","DI_change_house_name_interaction","localization/russian/gui/DI_RUS_l_russian.yml","localization/russian/gui/DI_l_russian.yml"
"1002","06:11:21","pdx_localize.cpp:279","Duplicate localization key. Key 'DI_change_house_name_desc' is defined in both 'localization/russian/gui/DI_RUS_l_russian.yml' and 'localization/russian/gui/DI_l_russian.yml'.","Expected corrective localization override","Divine Intervention AGOT | Русификатор | Divine Intervention Cheat Menu | Divine Intervention CM [RUS]","localization/russian/gui/DI_RUS_l_russian.yml | localization/russian/gui/DI_l_russian.yml","DI_change_house_name_desc","localization/russian/gui/DI_RUS_l_russian.yml","localization/russian/gui/DI_l_russian.yml"
"1003","06:11:21","pdx_localize.cpp:279","Duplicate localization key. Key 'DI_changeHouseName.t' is defined in both 'localization/russian/gui/DI_RUS_l_russian.yml' and 'localization/russian/gui/DI_l_russian.yml'.","Expected corrective localization override","Divine Intervention AGOT | Русификатор | Divine Intervention Cheat Menu | Divine Intervention CM [RUS]","localization/russian/gui/DI_RUS_l_russian.yml | localization/russian/gui/DI_l_russian.yml","DI_changeHouseName.t","localization/russian/gui/DI_RUS_l_russian.yml","localization/russian/gui/DI_l_russian.yml"
"1004","06:11:21","pdx_localize.cpp:279","Duplicate localization key. Key 'DI_changeHouseName.d' is defined in both 'localization/russian/gui/DI_RUS_l_russian.yml' and 'localization/russian/gui/DI_l_russian.yml'.","Expected corrective localization override","Divine Intervention AGOT | Русификатор | Divine Intervention Cheat Menu | Divine Intervention CM [RUS]","localization/russian/gui/DI_RUS_l_russian.yml | localization/russian/gui/DI_l_russian.yml","DI_changeHouseName.d","localization/russian/gui/DI_RUS_l_russian.yml","localization/russian/gui/DI_l_russian.yml"
"1005","06:11:21","pdx_localize.cpp:279","Duplicate localization key. Key 'DI_abdicate' is defined in both 'localization/russian/gui/DI_RUS_l_russian.yml' and 'localization/russian/gui/DI_l_russian.yml'.","Expected corrective localization override","Divine Intervention AGOT | Русификатор | Divine Intervention Cheat Menu | Divine Intervention CM [RUS]","localization/russian/gui/DI_RUS_l_russian.yml | localization/russian/gui/DI_l_russian.yml","DI_abdicate","localization/russian/gui/DI_RUS_l_russian.yml","localization/russian/gui/DI_l_russian.yml"
"1006","06:11:21","pdx_localize.cpp:279","Duplicate localization key. Key 'DI_reset_story_variables' is defined in both 'localization/russian/gui/DI_RUS_l_russian.yml' and 'localization/russian/gui/DI_l_russian.yml'.","Expected corrective localization override","Divine Intervention AGOT | Русификатор | Divine Intervention Cheat Menu | Divine Intervention CM [RUS]","localization/russian/gui/DI_RUS_l_russian.yml | localization/russian/gui/DI_l_russian.yml","DI_reset_story_variables","localization/russian/gui/DI_RUS_l_russian.yml","localization/russian/gui/DI_l_russian.yml"
"1007","06:11:21","pdx_localize.cpp:279","Duplicate localization key. Key 'DI_reset_story_variables_desc' is defined in both 'localization/russian/gui/DI_RUS_l_russian.yml' and 'localization/russian/gui/DI_l_russian.yml'.","Expected corrective localization override","Divine Intervention AGOT | Русификатор | Divine Intervention Cheat Menu | Divine Intervention CM [RUS]","localization/russian/gui/DI_RUS_l_russian.yml | localization/russian/gui/DI_l_russian.yml","DI_reset_story_variables_desc","localization/russian/gui/DI_RUS_l_russian.yml","localization/russian/gui/DI_l_russian.yml"
"1008","06:11:21","pdx_localize.cpp:279","Duplicate localization key. Key 'DI_permanent_health' is defined in both 'localization/russian/gui/DI_RUS_l_russian.yml' and 'localization/russian/gui/DI_l_russian.yml'.","Expected corrective localization override","Divine Intervention AGOT | Русификатор | Divine Intervention Cheat Menu | Divine Intervention CM [RUS]","localization/russian/gui/DI_RUS_l_russian.yml | localization/russian/gui/DI_l_russian.yml","DI_permanent_health","localization/russian/gui/DI_RUS_l_russian.yml","localization/russian/gui/DI_l_russian.yml"
"1009","06:11:21","pdx_localize.cpp:279","Duplicate localization key. Key 'DI_permanent_health_desc' is defined in both 'localization/russian/gui/DI_RUS_l_russian.yml' and 'localization/russian/gui/DI_l_russian.yml'.","Expected corrective localization override","Divine Intervention AGOT | Русификатор | Divine Intervention Cheat Menu | Divine Intervention CM [RUS]","localization/russian/gui/DI_RUS_l_russian.yml | localization/russian/gui/DI_l_russian.yml","DI_permanent_health_desc","localization/russian/gui/DI_RUS_l_russian.yml","localization/russian/gui/DI_l_russian.yml"
"1010","06:11:21","pdx_localize.cpp:279","Duplicate localization key. Key 'no_lifestyle_diplomacy' is defined in both 'localization/russian/gui/DI_RUS_l_russian.yml' and 'localization/russian/gui/DI_l_russian.yml'.","Expected corrective localization override","Divine Intervention AGOT | Русификатор | Divine Intervention Cheat Menu | Divine Intervention CM [RUS]","localization/russian/gui/DI_RUS_l_russian.yml | localization/russian/gui/DI_l_russian.yml","no_lifestyle_diplomacy","localization/russian/gui/DI_RUS_l_russian.yml","localization/russian/gui/DI_l_russian.yml"
"1011","06:11:21","pdx_localize.cpp:279","Duplicate localization key. Key 'no_lifestyle_martial' is defined in both 'localization/russian/gui/DI_RUS_l_russian.yml' and 'localization/russian/gui/DI_l_russian.yml'.","Expected corrective localization override","Divine Intervention AGOT | Русификатор | Divine Intervention Cheat Menu | Divine Intervention CM [RUS]","localization/russian/gui/DI_RUS_l_russian.yml | localization/russian/gui/DI_l_russian.yml","no_lifestyle_martial","localization/russian/gui/DI_RUS_l_russian.yml","localization/russian/gui/DI_l_russian.yml"
"1012","06:11:21","pdx_localize.cpp:279","Duplicate localization key. Key 'no_lifestyle_stewardship' is defined in both 'localization/russian/gui/DI_RUS_l_russian.yml' and 'localization/russian/gui/DI_l_russian.yml'.","Expected corrective localization override","Divine Intervention AGOT | Русификатор | Divine Intervention Cheat Menu | Divine Intervention CM [RUS]","localization/russian/gui/DI_RUS_l_russian.yml | localization/russian/gui/DI_l_russian.yml","no_lifestyle_stewardship","localization/russian/gui/DI_RUS_l_russian.yml","localization/russian/gui/DI_l_russian.yml"
"1013","06:11:21","pdx_localize.cpp:279","Duplicate localization key. Key 'no_lifestyle_intrigue' is defined in both 'localization/russian/gui/DI_RUS_l_russian.yml' and 'localization/russian/gui/DI_l_russian.yml'.","Expected corrective localization override","Divine Intervention AGOT | Русификатор | Divine Intervention Cheat Menu | Divine Intervention CM [RUS]","localization/russian/gui/DI_RUS_l_russian.yml | localization/russian/gui/DI_l_russian.yml","no_lifestyle_intrigue","localization/russian/gui/DI_RUS_l_russian.yml","localization/russian/gui/DI_l_russian.yml"
"1014","06:11:21","pdx_localize.cpp:279","Duplicate localization key. Key 'no_lifestyle_learning' is defined in both 'localization/russian/gui/DI_RUS_l_russian.yml' and 'localization/russian/gui/DI_l_russian.yml'.","Expected corrective localization override","Divine Intervention AGOT | Русификатор | Divine Intervention Cheat Menu | Divine Intervention CM [RUS]","localization/russian/gui/DI_RUS_l_russian.yml | localization/russian/gui/DI_l_russian.yml","no_lifestyle_learning","localization/russian/gui/DI_RUS_l_russian.yml","localization/russian/gui/DI_l_russian.yml"
"1015","06:11:21","pdx_localize.cpp:279","Duplicate localization key. Key 'no_lifestyle_wandering' is defined in both 'localization/russian/gui/DI_RUS_l_russian.yml' and 'localization/russian/gui/DI_l_russian.yml'.","Expected corrective localization override","Divine Intervention AGOT | Русификатор | Divine Intervention Cheat Menu | Divine Intervention CM [RUS]","localization/russian/gui/DI_RUS_l_russian.yml | localization/russian/gui/DI_l_russian.yml","no_lifestyle_wandering","localization/russian/gui/DI_RUS_l_russian.yml","localization/russian/gui/DI_l_russian.yml"
"1016","06:11:21","pdx_localize.cpp:279","Duplicate localization key. Key 'no_stress_change' is defined in both 'localization/russian/gui/DI_RUS_l_russian.yml' and 'localization/russian/gui/DI_l_russian.yml'.","Expected corrective localization override","Divine Intervention AGOT | Русификатор | Divine Intervention Cheat Menu | Divine Intervention CM [RUS]","localization/russian/gui/DI_RUS_l_russian.yml | localization/russian/gui/DI_l_russian.yml","no_stress_change","localization/russian/gui/DI_RUS_l_russian.yml","localization/russian/gui/DI_l_russian.yml"
"1017","06:11:21","pdx_localize.cpp:279","Duplicate localization key. Key 'no_tyranny_change' is defined in both 'localization/russian/gui/DI_RUS_l_russian.yml' and 'localization/russian/gui/DI_l_russian.yml'.","Expected corrective localization override","Divine Intervention AGOT | Русификатор | Divine Intervention Cheat Menu | Divine Intervention CM [RUS]","localization/russian/gui/DI_RUS_l_russian.yml | localization/russian/gui/DI_l_russian.yml","no_tyranny_change","localization/russian/gui/DI_RUS_l_russian.yml","localization/russian/gui/DI_l_russian.yml"
"1018","06:11:21","pdx_localize.cpp:279","Duplicate localization key. Key 'no_dread_change' is defined in both 'localization/russian/gui/DI_RUS_l_russian.yml' and 'localization/russian/gui/DI_l_russian.yml'.","Expected corrective localization override","Divine Intervention AGOT | Русификатор | Divine Intervention Cheat Menu | Divine Intervention CM [RUS]","localization/russian/gui/DI_RUS_l_russian.yml | localization/russian/gui/DI_l_russian.yml","no_dread_change","localization/russian/gui/DI_RUS_l_russian.yml","localization/russian/gui/DI_l_russian.yml"
"1019","06:11:21","pdx_localize.cpp:279","Duplicate localization key. Key 'DI_spawn_legend_interaction' is defined in both 'localization/russian/gui/DI_RUS_l_russian.yml' and 'localization/russian/gui/DI_l_russian.yml'.","Expected corrective localization override","Divine Intervention AGOT | Русификатор | Divine Intervention Cheat Menu | Divine Intervention CM [RUS]","localization/russian/gui/DI_RUS_l_russian.yml | localization/russian/gui/DI_l_russian.yml","DI_spawn_legend_interaction","localization/russian/gui/DI_RUS_l_russian.yml","localization/russian/gui/DI_l_russian.yml"
"1020","06:11:21","pdx_localize.cpp:279","Duplicate localization key. Key 'DI_inspire_inspiration_interaction' is defined in both 'localization/russian/gui/DI_RUS_l_russian.yml' and 'localization/russian/gui/DI_l_russian.yml'.","Expected corrective localization override","Divine Intervention AGOT | Русификатор | Divine Intervention Cheat Menu | Divine Intervention CM [RUS]","localization/russian/gui/DI_RUS_l_russian.yml | localization/russian/gui/DI_l_russian.yml","DI_inspire_inspiration_interaction","localization/russian/gui/DI_RUS_l_russian.yml","localization/russian/gui/DI_l_russian.yml"
"1021","06:11:21","pdx_localize.cpp:279","Duplicate localization key. Key 'DI_sponsor_inspiration_interaction' is defined in both 'localization/russian/gui/DI_RUS_l_russian.yml' and 'localization/russian/gui/DI_l_russian.yml'.","Expected corrective localization override","Divine Intervention AGOT | Русификатор | Divine Intervention Cheat Menu | Divine Intervention CM [RUS]","localization/russian/gui/DI_RUS_l_russian.yml | localization/russian/gui/DI_l_russian.yml","DI_sponsor_inspiration_interaction","localization/russian/gui/DI_RUS_l_russian.yml","localization/russian/gui/DI_l_russian.yml"
"1022","06:11:21","pdx_localize.cpp:279","Duplicate localization key. Key 'actor_secondary_DI_arrange_marriage_interaction' is defined in both 'localization/russian/gui/DI_RUS_l_russian.yml' and 'localization/russian/gui/DI_l_russian.yml'.","Expected corrective localization override","Divine Intervention AGOT | Русификатор | Divine Intervention Cheat Menu | Divine Intervention CM [RUS]","localization/russian/gui/DI_RUS_l_russian.yml | localization/russian/gui/DI_l_russian.yml","actor_secondary_DI_arrange_marriage_interaction","localization/russian/gui/DI_RUS_l_russian.yml","localization/russian/gui/DI_l_russian.yml"
"1023","06:11:21","pdx_localize.cpp:279","Duplicate localization key. Key 'DI_cultural_acceptance_interaction' is defined in both 'localization/russian/gui/DI_RUS_l_russian.yml' and 'localization/russian/gui/DI_l_russian.yml'.","Expected corrective localization override","Divine Intervention AGOT | Русификатор | Divine Intervention Cheat Menu | Divine Intervention CM [RUS]","localization/russian/gui/DI_RUS_l_russian.yml | localization/russian/gui/DI_l_russian.yml","DI_cultural_acceptance_interaction","localization/russian/gui/DI_RUS_l_russian.yml","localization/russian/gui/DI_l_russian.yml"
"1024","06:11:21","pdx_localize.cpp:279","Duplicate localization key. Key 'DI_make_independent_interaction' is defined in both 'localization/russian/gui/DI_RUS_l_russian.yml' and 'localization/russian/gui/DI_l_russian.yml'.","Expected corrective localization override","Divine Intervention AGOT | Русификатор | Divine Intervention Cheat Menu | Divine Intervention CM [RUS]","localization/russian/gui/DI_RUS_l_russian.yml | localization/russian/gui/DI_l_russian.yml","DI_make_independent_interaction","localization/russian/gui/DI_RUS_l_russian.yml","localization/russian/gui/DI_l_russian.yml"
"1025","06:11:21","pdx_localize.cpp:279","Duplicate localization key. Key 'DI_take_hostage_interaction' is defined in both 'localization/russian/gui/DI_RUS_l_russian.yml' and 'localization/russian/gui/DI_l_russian.yml'.","Expected corrective localization override","Divine Intervention AGOT | Русификатор | Divine Intervention Cheat Menu | Divine Intervention CM [RUS]","localization/russian/gui/DI_RUS_l_russian.yml | localization/russian/gui/DI_l_russian.yml","DI_take_hostage_interaction","localization/russian/gui/DI_RUS_l_russian.yml","localization/russian/gui/DI_l_russian.yml"
"1026","06:11:21","pdx_localize.cpp:279","Duplicate localization key. Key 'DI_release_hostage_interaction' is defined in both 'localization/russian/gui/DI_RUS_l_russian.yml' and 'localization/russian/gui/DI_l_russian.yml'.","Expected corrective localization override","Divine Intervention AGOT | Русификатор | Divine Intervention Cheat Menu | Divine Intervention CM [RUS]","localization/russian/gui/DI_RUS_l_russian.yml | localization/russian/gui/DI_l_russian.yml","DI_release_hostage_interaction","localization/russian/gui/DI_RUS_l_russian.yml","localization/russian/gui/DI_l_russian.yml"
"1027","06:11:21","pdx_localize.cpp:279","Duplicate localization key. Key 'DI_make_laamp_interaction' is defined in both 'localization/russian/gui/DI_RUS_l_russian.yml' and 'localization/russian/gui/DI_l_russian.yml'.","Expected corrective localization override","Divine Intervention AGOT | Русификатор | Divine Intervention Cheat Menu | Divine Intervention CM [RUS]","localization/russian/gui/DI_RUS_l_russian.yml | localization/russian/gui/DI_l_russian.yml","DI_make_laamp_interaction","localization/russian/gui/DI_RUS_l_russian.yml","localization/russian/gui/DI_l_russian.yml"
"1028","06:11:21","pdx_localize.cpp:279","Duplicate localization key. Key 'DI_move_domicile_interaction' is defined in both 'localization/russian/gui/DI_RUS_l_russian.yml' and 'localization/russian/gui/DI_l_russian.yml'.","Expected corrective localization override","Divine Intervention AGOT | Русификатор | Divine Intervention Cheat Menu | Divine Intervention CM [RUS]","localization/russian/gui/DI_RUS_l_russian.yml | localization/russian/gui/DI_l_russian.yml","DI_move_domicile_interaction","localization/russian/gui/DI_RUS_l_russian.yml","localization/russian/gui/DI_l_russian.yml"
"1029","06:11:21","pdx_localize.cpp:279","Duplicate localization key. Key 'DI_populate_contracts_interaction' is defined in both 'localization/russian/gui/DI_RUS_l_russian.yml' and 'localization/russian/gui/DI_l_russian.yml'.","Expected corrective localization override","Divine Intervention AGOT | Русификатор | Divine Intervention Cheat Menu | Divine Intervention CM [RUS]","localization/russian/gui/DI_RUS_l_russian.yml | localization/russian/gui/DI_l_russian.yml","DI_populate_contracts_interaction","localization/russian/gui/DI_RUS_l_russian.yml","localization/russian/gui/DI_l_russian.yml"
"1030","06:11:21","pdx_localize.cpp:279","Duplicate localization key. Key 'DI_infinite_schemes_interaction' is defined in both 'localization/russian/gui/DI_RUS_l_russian.yml' and 'localization/russian/gui/DI_l_russian.yml'.","Expected corrective localization override","Divine Intervention AGOT | Русификатор | Divine Intervention Cheat Menu | Divine Intervention CM [RUS]","localization/russian/gui/DI_RUS_l_russian.yml | localization/russian/gui/DI_l_russian.yml","DI_infinite_schemes_interaction","localization/russian/gui/DI_RUS_l_russian.yml","localization/russian/gui/DI_l_russian.yml"
"1031","06:11:21","pdx_localize.cpp:279","Duplicate localization key. Key 'DI_antagonize_court_interaction' is defined in both 'localization/russian/gui/DI_RUS_l_russian.yml' and 'localization/russian/gui/DI_l_russian.yml'.","Expected corrective localization override","Divine Intervention AGOT | Русификатор | Divine Intervention Cheat Menu | Divine Intervention CM [RUS]","localization/russian/gui/DI_RUS_l_russian.yml | localization/russian/gui/DI_l_russian.yml","DI_antagonize_court_interaction","localization/russian/gui/DI_RUS_l_russian.yml","localization/russian/gui/DI_l_russian.yml"
"1032","06:11:21","pdx_localize.cpp:279","Duplicate localization key. Key 'DI_buff_schemes_interaction' is defined in both 'localization/russian/gui/DI_RUS_l_russian.yml' and 'localization/russian/gui/DI_l_russian.yml'.","Expected corrective localization override","Divine Intervention AGOT | Русификатор | Divine Intervention Cheat Menu | Divine Intervention CM [RUS]","localization/russian/gui/DI_RUS_l_russian.yml | localization/russian/gui/DI_l_russian.yml","DI_buff_schemes_interaction","localization/russian/gui/DI_RUS_l_russian.yml","localization/russian/gui/DI_l_russian.yml"
"1033","06:11:21","pdx_localize.cpp:279","Duplicate localization key. Key 'used_lifetime_invasion' is defined in both 'localization/russian/gui/DI_RUS_l_russian.yml' and 'localization/russian/gui/DI_l_russian.yml'.","Expected corrective localization override","Divine Intervention AGOT | Русификатор | Divine Intervention Cheat Menu | Divine Intervention CM [RUS]","localization/russian/gui/DI_RUS_l_russian.yml | localization/russian/gui/DI_l_russian.yml","used_lifetime_invasion","localization/russian/gui/DI_RUS_l_russian.yml","localization/russian/gui/DI_l_russian.yml"
"1034","06:11:21","pdx_localize.cpp:279","Duplicate localization key. Key 'declared_major_religious_war_flag' is defined in both 'localization/russian/gui/DI_RUS_l_russian.yml' and 'localization/russian/gui/DI_l_russian.yml'.","Expected corrective localization override","Divine Intervention AGOT | Русификатор | Divine Intervention Cheat Menu | Divine Intervention CM [RUS]","localization/russian/gui/DI_RUS_l_russian.yml | localization/russian/gui/DI_l_russian.yml","declared_major_religious_war_flag","localization/russian/gui/DI_RUS_l_russian.yml","localization/russian/gui/DI_l_russian.yml"
"1035","06:11:21","pdx_localize.cpp:279","Duplicate localization key. Key 'DI_remove_character_flags_interaction' is defined in both 'localization/russian/gui/DI_RUS_l_russian.yml' and 'localization/russian/gui/DI_l_russian.yml'.","Expected corrective localization override","Divine Intervention AGOT | Русификатор | Divine Intervention Cheat Menu | Divine Intervention CM [RUS]","localization/russian/gui/DI_RUS_l_russian.yml | localization/russian/gui/DI_l_russian.yml","DI_remove_character_flags_interaction","localization/russian/gui/DI_RUS_l_russian.yml","localization/russian/gui/DI_l_russian.yml"
"1036","06:11:21","pdx_localize.cpp:279","Duplicate localization key. Key 'DI_add_character_flags_interaction' is defined in both 'localization/russian/gui/DI_RUS_l_russian.yml' and 'localization/russian/gui/DI_l_russian.yml'.","Expected corrective localization override","Divine Intervention AGOT | Русификатор | Divine Intervention Cheat Menu | Divine Intervention CM [RUS]","localization/russian/gui/DI_RUS_l_russian.yml | localization/russian/gui/DI_l_russian.yml","DI_add_character_flags_interaction","localization/russian/gui/DI_RUS_l_russian.yml","localization/russian/gui/DI_l_russian.yml"
"1037","06:11:21","pdx_localize.cpp:279","Duplicate localization key. Key 'DI_take_artifact_interaction' is defined in both 'localization/russian/gui/DI_RUS_l_russian.yml' and 'localization/russian/gui/DI_l_russian.yml'.","Expected corrective localization override","Divine Intervention AGOT | Русификатор | Divine Intervention Cheat Menu | Divine Intervention CM [RUS]","localization/russian/gui/DI_RUS_l_russian.yml | localization/russian/gui/DI_l_russian.yml","DI_take_artifact_interaction","localization/russian/gui/DI_RUS_l_russian.yml","localization/russian/gui/DI_l_russian.yml"
"1038","06:11:21","pdx_localize.cpp:279","Duplicate localization key. Key 'DI_make_house_head_interaction' is defined in both 'localization/russian/gui/DI_RUS_l_russian.yml' and 'localization/russian/gui/DI_l_russian.yml'.","Expected corrective localization override","Divine Intervention AGOT | Русификатор | Divine Intervention Cheat Menu | Divine Intervention CM [RUS]","localization/russian/gui/DI_RUS_l_russian.yml | localization/russian/gui/DI_l_russian.yml","DI_make_house_head_interaction","localization/russian/gui/DI_RUS_l_russian.yml","localization/russian/gui/DI_l_russian.yml"
"1039","06:11:21","pdx_localize.cpp:279","Duplicate localization key. Key 'DI_remove_hook_interaction' is defined in both 'localization/russian/gui/DI_RUS_l_russian.yml' and 'localization/russian/gui/DI_l_russian.yml'.","Expected corrective localization override","Divine Intervention AGOT | Русификатор | Divine Intervention Cheat Menu | Divine Intervention CM [RUS]","localization/russian/gui/DI_RUS_l_russian.yml | localization/russian/gui/DI_l_russian.yml","DI_remove_hook_interaction","localization/russian/gui/DI_RUS_l_russian.yml","localization/russian/gui/DI_l_russian.yml"
"1040","06:11:21","pdx_localize.cpp:279","Duplicate localization key. Key 'DI_make_tributary_interaction' is defined in both 'localization/russian/gui/DI_RUS_l_russian.yml' and 'localization/russian/gui/DI_l_russian.yml'.","Expected corrective localization override","Divine Intervention AGOT | Русификатор | Divine Intervention Cheat Menu | Divine Intervention CM [RUS]","localization/russian/gui/DI_RUS_l_russian.yml | localization/russian/gui/DI_l_russian.yml","DI_make_tributary_interaction","localization/russian/gui/DI_RUS_l_russian.yml","localization/russian/gui/DI_l_russian.yml"
"1041","06:11:21","pdx_localize.cpp:279","Duplicate localization key. Key 'DI_change_government_extended' is defined in both 'localization/russian/gui/DI_RUS_l_russian.yml' and 'localization/russian/gui/DI_l_russian.yml'.","Expected corrective localization override","Divine Intervention AGOT | Русификатор | Divine Intervention Cheat Menu | Divine Intervention CM [RUS]","localization/russian/gui/DI_RUS_l_russian.yml | localization/russian/gui/DI_l_russian.yml","DI_change_government_extended","localization/russian/gui/DI_RUS_l_russian.yml","localization/russian/gui/DI_l_russian.yml"
"1042","06:11:21","pdx_localize.cpp:279","Duplicate localization key. Key 'DI_change_government_nomad' is defined in both 'localization/russian/gui/DI_RUS_l_russian.yml' and 'localization/russian/gui/DI_l_russian.yml'.","Expected corrective localization override","Divine Intervention AGOT | Русификатор | Divine Intervention Cheat Menu | Divine Intervention CM [RUS]","localization/russian/gui/DI_RUS_l_russian.yml | localization/russian/gui/DI_l_russian.yml","DI_change_government_nomad","localization/russian/gui/DI_RUS_l_russian.yml","localization/russian/gui/DI_l_russian.yml"
"1043","06:11:21","pdx_localize.cpp:279","Duplicate localization key. Key 'DI_change_government_republic' is defined in both 'localization/russian/gui/DI_RUS_l_russian.yml' and 'localization/russian/gui/DI_l_russian.yml'.","Expected corrective localization override","Divine Intervention AGOT | Русификатор | Divine Intervention Cheat Menu | Divine Intervention CM [RUS]","localization/russian/gui/DI_RUS_l_russian.yml | localization/russian/gui/DI_l_russian.yml","DI_change_government_republic","localization/russian/gui/DI_RUS_l_russian.yml","localization/russian/gui/DI_l_russian.yml"
"1044","06:11:21","pdx_localize.cpp:279","Duplicate localization key. Key 'DI_change_government_theocracy' is defined in both 'localization/russian/gui/DI_RUS_l_russian.yml' and 'localization/russian/gui/DI_l_russian.yml'.","Expected corrective localization override","Divine Intervention AGOT | Русификатор | Divine Intervention Cheat Menu | Divine Intervention CM [RUS]","localization/russian/gui/DI_RUS_l_russian.yml | localization/russian/gui/DI_l_russian.yml","DI_change_government_theocracy","localization/russian/gui/DI_RUS_l_russian.yml","localization/russian/gui/DI_l_russian.yml"
"1045","06:11:21","pdx_localize.cpp:279","Duplicate localization key. Key 'DI_change_government_landless_adventurer' is defined in both 'localization/russian/gui/DI_RUS_l_russian.yml' and 'localization/russian/gui/DI_l_russian.yml'.","Expected corrective localization override","Divine Intervention AGOT | Русификатор | Divine Intervention Cheat Menu | Divine Intervention CM [RUS]","localization/russian/gui/DI_RUS_l_russian.yml | localization/russian/gui/DI_l_russian.yml","DI_change_government_landless_adventurer","localization/russian/gui/DI_RUS_l_russian.yml","localization/russian/gui/DI_l_russian.yml"
"1046","06:11:21","pdx_localize.cpp:279","Duplicate localization key. Key 'DI_change_government_herder' is defined in both 'localization/russian/gui/DI_RUS_l_russian.yml' and 'localization/russian/gui/DI_l_russian.yml'.","Expected corrective localization override","Divine Intervention AGOT | Русификатор | Divine Intervention Cheat Menu | Divine Intervention CM [RUS]","localization/russian/gui/DI_RUS_l_russian.yml | localization/russian/gui/DI_l_russian.yml","DI_change_government_herder","localization/russian/gui/DI_RUS_l_russian.yml","localization/russian/gui/DI_l_russian.yml"
"1047","06:11:21","pdx_localize.cpp:279","Duplicate localization key. Key 'DI_change_government_celestial' is defined in both 'localization/russian/gui/DI_RUS_l_russian.yml' and 'localization/russian/gui/DI_l_russian.yml'.","Expected corrective localization override","Divine Intervention AGOT | Русификатор | Divine Intervention Cheat Menu | Divine Intervention CM [RUS]","localization/russian/gui/DI_RUS_l_russian.yml | localization/russian/gui/DI_l_russian.yml","DI_change_government_celestial","localization/russian/gui/DI_RUS_l_russian.yml","localization/russian/gui/DI_l_russian.yml"
"1048","06:11:21","pdx_localize.cpp:279","Duplicate localization key. Key 'DI_change_government_japan_administrative' is defined in both 'localization/russian/gui/DI_RUS_l_russian.yml' and 'localization/russian/gui/DI_l_russian.yml'.","Expected corrective localization override","Divine Intervention AGOT | Русификатор | Divine Intervention Cheat Menu | Divine Intervention CM [RUS]","localization/russian/gui/DI_RUS_l_russian.yml | localization/russian/gui/DI_l_russian.yml","DI_change_government_japan_administrative","localization/russian/gui/DI_RUS_l_russian.yml","localization/russian/gui/DI_l_russian.yml"
"1049","06:11:21","pdx_localize.cpp:279","Duplicate localization key. Key 'DI_change_government_japan_feudal' is defined in both 'localization/russian/gui/DI_RUS_l_russian.yml' and 'localization/russian/gui/DI_l_russian.yml'.","Expected corrective localization override","Divine Intervention AGOT | Русификатор | Divine Intervention Cheat Menu | Divine Intervention CM [RUS]","localization/russian/gui/DI_RUS_l_russian.yml | localization/russian/gui/DI_l_russian.yml","DI_change_government_japan_feudal","localization/russian/gui/DI_RUS_l_russian.yml","localization/russian/gui/DI_l_russian.yml"
"1050","06:11:21","pdx_localize.cpp:279","Duplicate localization key. Key 'DI_change_government_wanua' is defined in both 'localization/russian/gui/DI_RUS_l_russian.yml' and 'localization/russian/gui/DI_l_russian.yml'.","Expected corrective localization override","Divine Intervention AGOT | Русификатор | Divine Intervention Cheat Menu | Divine Intervention CM [RUS]","localization/russian/gui/DI_RUS_l_russian.yml | localization/russian/gui/DI_l_russian.yml","DI_change_government_wanua","localization/russian/gui/DI_RUS_l_russian.yml","localization/russian/gui/DI_l_russian.yml"
"1051","06:11:21","pdx_localize.cpp:279","Duplicate localization key. Key 'DI_change_government_mandala' is defined in both 'localization/russian/gui/DI_RUS_l_russian.yml' and 'localization/russian/gui/DI_l_russian.yml'.","Expected corrective localization override","Divine Intervention AGOT | Русификатор | Divine Intervention Cheat Menu | Divine Intervention CM [RUS]","localization/russian/gui/DI_RUS_l_russian.yml | localization/russian/gui/DI_l_russian.yml","DI_change_government_mandala","localization/russian/gui/DI_RUS_l_russian.yml","localization/russian/gui/DI_l_russian.yml"
"1052","06:11:21","pdx_localize.cpp:279","Duplicate localization key. Key 'DI_change_government_steppe_admin' is defined in both 'localization/russian/gui/DI_RUS_l_russian.yml' and 'localization/russian/gui/DI_l_russian.yml'.","Expected corrective localization override","Divine Intervention AGOT | Русификатор | Divine Intervention Cheat Menu | Divine Intervention CM [RUS]","localization/russian/gui/DI_RUS_l_russian.yml | localization/russian/gui/DI_l_russian.yml","DI_change_government_steppe_admin","localization/russian/gui/DI_RUS_l_russian.yml","localization/russian/gui/DI_l_russian.yml"
"1053","06:11:21","pdx_localize.cpp:279","Duplicate localization key. Key 'DI_change_government_meritocratic' is defined in both 'localization/russian/gui/DI_RUS_l_russian.yml' and 'localization/russian/gui/DI_l_russian.yml'.","Expected corrective localization override","Divine Intervention AGOT | Русификатор | Divine Intervention Cheat Menu | Divine Intervention CM [RUS]","localization/russian/gui/DI_RUS_l_russian.yml | localization/russian/gui/DI_l_russian.yml","DI_change_government_meritocratic","localization/russian/gui/DI_RUS_l_russian.yml","localization/russian/gui/DI_l_russian.yml"
"1054","06:11:21","pdx_localize.cpp:279","Duplicate localization key. Key 'DI_sex_interaction_t' is defined in both 'localization/russian/gui/DI_RUS_l_russian.yml' and 'localization/russian/gui/DI_l_russian.yml'.","Expected corrective localization override","Divine Intervention AGOT | Русификатор | Divine Intervention Cheat Menu | Divine Intervention CM [RUS]","localization/russian/gui/DI_RUS_l_russian.yml | localization/russian/gui/DI_l_russian.yml","DI_sex_interaction_t","localization/russian/gui/DI_RUS_l_russian.yml","localization/russian/gui/DI_l_russian.yml"
"1055","06:11:21","pdx_localize.cpp:279","Duplicate localization key. Key 'DI_cadetBranch_interaction' is defined in both 'localization/russian/gui/DI_RUS_l_russian.yml' and 'localization/russian/gui/DI_l_russian.yml'.","Expected corrective localization override","Divine Intervention AGOT | Русификатор | Divine Intervention Cheat Menu | Divine Intervention CM [RUS]","localization/russian/gui/DI_RUS_l_russian.yml | localization/russian/gui/DI_l_russian.yml","DI_cadetBranch_interaction","localization/russian/gui/DI_RUS_l_russian.yml","localization/russian/gui/DI_l_russian.yml"
"1056","06:11:21","pdx_localize.cpp:279","Duplicate localization key. Key 'DI_cadetBranch_interaction_1.desc' is defined in both 'localization/russian/gui/DI_RUS_l_russian.yml' and 'localization/russian/gui/DI_l_russian.yml'.","Expected corrective localization override","Divine Intervention AGOT | Русификатор | Divine Intervention Cheat Menu | Divine Intervention CM [RUS]","localization/russian/gui/DI_RUS_l_russian.yml | localization/russian/gui/DI_l_russian.yml","DI_cadetBranch_interaction_1.desc","localization/russian/gui/DI_RUS_l_russian.yml","localization/russian/gui/DI_l_russian.yml"
"1057","06:11:21","pdx_localize.cpp:279","Duplicate localization key. Key 'DI_cadetBranch_event_1.t' is defined in both 'localization/russian/gui/DI_RUS_l_russian.yml' and 'localization/russian/gui/DI_l_russian.yml'.","Expected corrective localization override","Divine Intervention AGOT | Русификатор | Divine Intervention Cheat Menu | Divine Intervention CM [RUS]","localization/russian/gui/DI_RUS_l_russian.yml | localization/russian/gui/DI_l_russian.yml","DI_cadetBranch_event_1.t","localization/russian/gui/DI_RUS_l_russian.yml","localization/russian/gui/DI_l_russian.yml"
"1058","06:11:21","pdx_localize.cpp:279","Duplicate localization key. Key 'DI_cadetBranch_event_1.desc' is defined in both 'localization/russian/gui/DI_RUS_l_russian.yml' and 'localization/russian/gui/DI_l_russian.yml'.","Expected corrective localization override","Divine Intervention AGOT | Русификатор | Divine Intervention Cheat Menu | Divine Intervention CM [RUS]","localization/russian/gui/DI_RUS_l_russian.yml | localization/russian/gui/DI_l_russian.yml","DI_cadetBranch_event_1.desc","localization/russian/gui/DI_RUS_l_russian.yml","localization/russian/gui/DI_l_russian.yml"
"1059","06:11:21","pdx_localize.cpp:279","Duplicate localization key. Key 'DI_cadetBranch_event_option.1' is defined in both 'localization/russian/gui/DI_RUS_l_russian.yml' and 'localization/russian/gui/DI_l_russian.yml'.","Expected corrective localization override","Divine Intervention AGOT | Русификатор | Divine Intervention Cheat Menu | Divine Intervention CM [RUS]","localization/russian/gui/DI_RUS_l_russian.yml | localization/russian/gui/DI_l_russian.yml","DI_cadetBranch_event_option.1","localization/russian/gui/DI_RUS_l_russian.yml","localization/russian/gui/DI_l_russian.yml"
"1060","06:11:21","pdx_localize.cpp:279","Duplicate localization key. Key 'DI_cadetBranch_event_tooltip.1' is defined in both 'localization/russian/gui/DI_RUS_l_russian.yml' and 'localization/russian/gui/DI_l_russian.yml'.","Expected corrective localization override","Divine Intervention AGOT | Русификатор | Divine Intervention Cheat Menu | Divine Intervention CM [RUS]","localization/russian/gui/DI_RUS_l_russian.yml | localization/russian/gui/DI_l_russian.yml","DI_cadetBranch_event_tooltip.1","localization/russian/gui/DI_RUS_l_russian.yml","localization/russian/gui/DI_l_russian.yml"
"1061","06:11:21","pdx_localize.cpp:279","Duplicate localization key. Key 'random_secret' is defined in both 'localization/russian/gui/DI_RUS_l_russian.yml' and 'localization/russian/gui/DI_l_russian.yml'.","Expected corrective localization override","Divine Intervention AGOT | Русификатор | Divine Intervention Cheat Menu | Divine Intervention CM [RUS]","localization/russian/gui/DI_RUS_l_russian.yml | localization/russian/gui/DI_l_russian.yml","random_secret","localization/russian/gui/DI_RUS_l_russian.yml","localization/russian/gui/DI_l_russian.yml"
"1062","06:11:21","pdx_localize.cpp:279","Duplicate localization key. Key 'every_secret' is defined in both 'localization/russian/gui/DI_RUS_l_russian.yml' and 'localization/russian/gui/DI_l_russian.yml'.","Expected corrective localization override","Divine Intervention AGOT | Русификатор | Divine Intervention Cheat Menu | Divine Intervention CM [RUS]","localization/russian/gui/DI_RUS_l_russian.yml | localization/russian/gui/DI_l_russian.yml","every_secret","localization/russian/gui/DI_RUS_l_russian.yml","localization/russian/gui/DI_l_russian.yml"
"1063","06:11:21","pdx_localize.cpp:279","Duplicate localization key. Key 'DI_char_editor.1.title' is defined in both 'localization/russian/gui/DI_RUS_l_russian.yml' and 'localization/russian/gui/DI_l_russian.yml'.","Expected corrective localization override","Divine Intervention AGOT | Русификатор | Divine Intervention Cheat Menu | Divine Intervention CM [RUS]","localization/russian/gui/DI_RUS_l_russian.yml | localization/russian/gui/DI_l_russian.yml","DI_char_editor.1.title","localization/russian/gui/DI_RUS_l_russian.yml","localization/russian/gui/DI_l_russian.yml"
"1064","06:11:21","pdx_localize.cpp:279","Duplicate localization key. Key 'DI_char_editor.1.desc' is defined in both 'localization/russian/gui/DI_RUS_l_russian.yml' and 'localization/russian/gui/DI_l_russian.yml'.","Expected corrective localization override","Divine Intervention AGOT | Русификатор | Divine Intervention Cheat Menu | Divine Intervention CM [RUS]","localization/russian/gui/DI_RUS_l_russian.yml | localization/russian/gui/DI_l_russian.yml","DI_char_editor.1.desc","localization/russian/gui/DI_RUS_l_russian.yml","localization/russian/gui/DI_l_russian.yml"
"1065","06:11:21","pdx_localize.cpp:279","Duplicate localization key. Key 'DI_char_editor.1.option' is defined in both 'localization/russian/gui/DI_RUS_l_russian.yml' and 'localization/russian/gui/DI_l_russian.yml'.","Expected corrective localization override","Divine Intervention AGOT | Русификатор | Divine Intervention Cheat Menu | Divine Intervention CM [RUS]","localization/russian/gui/DI_RUS_l_russian.yml | localization/russian/gui/DI_l_russian.yml","DI_char_editor.1.option","localization/russian/gui/DI_RUS_l_russian.yml","localization/russian/gui/DI_l_russian.yml"
"1066","06:11:21","pdx_localize.cpp:279","Duplicate localization key. Key 'DI_default_text' is defined in both 'localization/russian/gui/DI_RUS_l_russian.yml' and 'localization/russian/gui/DI_l_russian.yml'.","Expected corrective localization override","Divine Intervention AGOT | Русификатор | Divine Intervention Cheat Menu | Divine Intervention CM [RUS]","localization/russian/gui/DI_RUS_l_russian.yml | localization/russian/gui/DI_l_russian.yml","DI_default_text","localization/russian/gui/DI_RUS_l_russian.yml","localization/russian/gui/DI_l_russian.yml"
"1067","06:11:21","pdx_localize.cpp:279","Duplicate localization key. Key 'artifact_return' is defined in both 'localization/russian/gui/DI_RUS_l_russian.yml' and 'localization/russian/gui/DI_l_russian.yml'.","Expected corrective localization override","Divine Intervention AGOT | Русификатор | Divine Intervention Cheat Menu | Divine Intervention CM [RUS]","localization/russian/gui/DI_RUS_l_russian.yml | localization/russian/gui/DI_l_russian.yml","artifact_return","localization/russian/gui/DI_RUS_l_russian.yml","localization/russian/gui/DI_l_russian.yml"
"1068","06:11:21","pdx_localize.cpp:279","Duplicate localization key. Key 'DI_artifact_desc' is defined in both 'localization/russian/gui/DI_RUS_l_russian.yml' and 'localization/russian/gui/DI_l_russian.yml'.","Expected corrective localization override","Divine Intervention AGOT | Русификатор | Divine Intervention Cheat Menu | Divine Intervention CM [RUS]","localization/russian/gui/DI_RUS_l_russian.yml | localization/russian/gui/DI_l_russian.yml","DI_artifact_desc","localization/russian/gui/DI_RUS_l_russian.yml","localization/russian/gui/DI_l_russian.yml"
"1069","06:11:21","pdx_localize.cpp:279","Duplicate localization key. Key 'DI_artifact_desc_append' is defined in both 'localization/russian/gui/DI_RUS_l_russian.yml' and 'localization/russian/gui/DI_l_russian.yml'.","Expected corrective localization override","Divine Intervention AGOT | Русификатор | Divine Intervention Cheat Menu | Divine Intervention CM [RUS]","localization/russian/gui/DI_RUS_l_russian.yml | localization/russian/gui/DI_l_russian.yml","DI_artifact_desc_append","localization/russian/gui/DI_RUS_l_russian.yml","localization/russian/gui/DI_l_russian.yml"
"1070","06:11:21","pdx_localize.cpp:279","Duplicate localization key. Key 'DI_artifact_new_desc' is defined in both 'localization/russian/gui/DI_RUS_l_russian.yml' and 'localization/russian/gui/DI_l_russian.yml'.","Expected corrective localization override","Divine Intervention AGOT | Русификатор | Divine Intervention Cheat Menu | Divine Intervention CM [RUS]","localization/russian/gui/DI_RUS_l_russian.yml | localization/russian/gui/DI_l_russian.yml","DI_artifact_new_desc","localization/russian/gui/DI_RUS_l_russian.yml","localization/russian/gui/DI_l_russian.yml"
"1071","06:11:21","pdx_localize.cpp:279","Duplicate localization key. Key 'DI_artifact_append_desc' is defined in both 'localization/russian/gui/DI_RUS_l_russian.yml' and 'localization/russian/gui/DI_l_russian.yml'.","Expected corrective localization override","Divine Intervention AGOT | Русификатор | Divine Intervention Cheat Menu | Divine Intervention CM [RUS]","localization/russian/gui/DI_RUS_l_russian.yml | localization/russian/gui/DI_l_russian.yml","DI_artifact_append_desc","localization/russian/gui/DI_RUS_l_russian.yml","localization/russian/gui/DI_l_russian.yml"
"1072","06:11:21","pdx_localize.cpp:279","Duplicate localization key. Key 'DI_pregnancy_test' is defined in both 'localization/russian/gui/DI_RUS_l_russian.yml' and 'localization/russian/gui/DI_l_russian.yml'.","Expected corrective localization override","Divine Intervention AGOT | Русификатор | Divine Intervention Cheat Menu | Divine Intervention CM [RUS]","localization/russian/gui/DI_RUS_l_russian.yml | localization/russian/gui/DI_l_russian.yml","DI_pregnancy_test","localization/russian/gui/DI_RUS_l_russian.yml","localization/russian/gui/DI_l_russian.yml"
"1073","06:11:21","pdx_localize.cpp:279","Duplicate localization key. Key 'DI_char_editor.1' is defined in both 'localization/russian/gui/DI_RUS_l_russian.yml' and 'localization/russian/gui/DI_l_russian.yml'.","Expected corrective localization override","Divine Intervention AGOT | Русификатор | Divine Intervention Cheat Menu | Divine Intervention CM [RUS]","localization/russian/gui/DI_RUS_l_russian.yml | localization/russian/gui/DI_l_russian.yml","DI_char_editor.1","localization/russian/gui/DI_RUS_l_russian.yml","localization/russian/gui/DI_l_russian.yml"
"1074","06:11:21","pdx_localize.cpp:279","Duplicate localization key. Key 'DI_test_desc' is defined in both 'localization/russian/gui/DI_RUS_l_russian.yml' and 'localization/russian/gui/DI_l_russian.yml'.","Expected corrective localization override","Divine Intervention AGOT | Русификатор | Divine Intervention Cheat Menu | Divine Intervention CM [RUS]","localization/russian/gui/DI_RUS_l_russian.yml | localization/russian/gui/DI_l_russian.yml","DI_test_desc","localization/russian/gui/DI_RUS_l_russian.yml","localization/russian/gui/DI_l_russian.yml"
"1075","06:11:21","pdx_localize.cpp:279","Duplicate localization key. Key 'DI_custom_text' is defined in both 'localization/russian/gui/DI_RUS_l_russian.yml' and 'localization/russian/gui/DI_l_russian.yml'.","Expected corrective localization override","Divine Intervention AGOT | Русификатор | Divine Intervention Cheat Menu | Divine Intervention CM [RUS]","localization/russian/gui/DI_RUS_l_russian.yml | localization/russian/gui/DI_l_russian.yml","DI_custom_text","localization/russian/gui/DI_RUS_l_russian.yml","localization/russian/gui/DI_l_russian.yml"
"1076","06:11:21","pdx_localize.cpp:279","Duplicate localization key. Key 'houseName' is defined in both 'localization/russian/gui/DI_RUS_l_russian.yml' and 'localization/russian/gui/DI_l_russian.yml'.","Expected corrective localization override","Divine Intervention AGOT | Русификатор | Divine Intervention Cheat Menu | Divine Intervention CM [RUS]","localization/russian/gui/DI_RUS_l_russian.yml | localization/russian/gui/DI_l_russian.yml","houseName","localization/russian/gui/DI_RUS_l_russian.yml","localization/russian/gui/DI_l_russian.yml"
"1077","06:11:21","pdx_localize.cpp:279","Duplicate localization key. Key 'DI_get_house_name' is defined in both 'localization/russian/gui/DI_RUS_l_russian.yml' and 'localization/russian/gui/DI_l_russian.yml'.","Expected corrective localization override","Divine Intervention AGOT | Русификатор | Divine Intervention Cheat Menu | Divine Intervention CM [RUS]","localization/russian/gui/DI_RUS_l_russian.yml | localization/russian/gui/DI_l_russian.yml","DI_get_house_name","localization/russian/gui/DI_RUS_l_russian.yml","localization/russian/gui/DI_l_russian.yml"
"1078","06:11:21","pdx_localize.cpp:279","Duplicate localization key. Key 'CHEAT_ACTIONS' is defined in both 'localization/russian/gui/DI_RUS_l_russian.yml' and 'localization/russian/gui/DI_l_russian.yml'.","Expected corrective localization override","Divine Intervention AGOT | Русификатор | Divine Intervention Cheat Menu | Divine Intervention CM [RUS]","localization/russian/gui/DI_RUS_l_russian.yml | localization/russian/gui/DI_l_russian.yml","CHEAT_ACTIONS","localization/russian/gui/DI_RUS_l_russian.yml","localization/russian/gui/DI_l_russian.yml"
"1079","06:11:21","pdx_localize.cpp:279","Duplicate localization key. Key 'castle_loc' is defined in both 'localization/russian/gui/DI_RUS_l_russian.yml' and 'localization/russian/gui/DI_l_russian.yml'.","Expected corrective localization override","Divine Intervention AGOT | Русификатор | Divine Intervention Cheat Menu | Divine Intervention CM [RUS]","localization/russian/gui/DI_RUS_l_russian.yml | localization/russian/gui/DI_l_russian.yml","castle_loc","localization/russian/gui/DI_RUS_l_russian.yml","localization/russian/gui/DI_l_russian.yml"
"1080","06:11:21","pdx_localize.cpp:279","Duplicate localization key. Key 'temple_loc' is defined in both 'localization/russian/gui/DI_RUS_l_russian.yml' and 'localization/russian/gui/DI_l_russian.yml'.","Expected corrective localization override","Divine Intervention AGOT | Русификатор | Divine Intervention Cheat Menu | Divine Intervention CM [RUS]","localization/russian/gui/DI_RUS_l_russian.yml | localization/russian/gui/DI_l_russian.yml","temple_loc","localization/russian/gui/DI_RUS_l_russian.yml","localization/russian/gui/DI_l_russian.yml"
"1081","06:11:21","pdx_localize.cpp:279","Duplicate localization key. Key 'city_loc' is defined in both 'localization/russian/gui/DI_RUS_l_russian.yml' and 'localization/russian/gui/DI_l_russian.yml'.","Expected corrective localization override","Divine Intervention AGOT | Русификатор | Divine Intervention Cheat Menu | Divine Intervention CM [RUS]","localization/russian/gui/DI_RUS_l_russian.yml | localization/russian/gui/DI_l_russian.yml","city_loc","localization/russian/gui/DI_RUS_l_russian.yml","localization/russian/gui/DI_l_russian.yml"
"1082","06:11:21","pdx_localize.cpp:279","Duplicate localization key. Key 'tribal_loc' is defined in both 'localization/russian/gui/DI_RUS_l_russian.yml' and 'localization/russian/gui/DI_l_russian.yml'.","Expected corrective localization override","Divine Intervention AGOT | Русификатор | Divine Intervention Cheat Menu | Divine Intervention CM [RUS]","localization/russian/gui/DI_RUS_l_russian.yml | localization/russian/gui/DI_l_russian.yml","tribal_loc","localization/russian/gui/DI_RUS_l_russian.yml","localization/russian/gui/DI_l_russian.yml"
"1083","06:11:21","pdx_localize.cpp:279","Duplicate localization key. Key 'DI_nomad_loc' is defined in both 'localization/russian/gui/DI_RUS_l_russian.yml' and 'localization/russian/gui/DI_l_russian.yml'.","Expected corrective localization override","Divine Intervention AGOT | Русификатор | Divine Intervention Cheat Menu | Divine Intervention CM [RUS]","localization/russian/gui/DI_RUS_l_russian.yml | localization/russian/gui/DI_l_russian.yml","DI_nomad_loc","localization/russian/gui/DI_RUS_l_russian.yml","localization/russian/gui/DI_l_russian.yml"
"1084","06:11:21","pdx_localize.cpp:279","Duplicate localization key. Key 'DI_herder_loc' is defined in both 'localization/russian/gui/DI_RUS_l_russian.yml' and 'localization/russian/gui/DI_l_russian.yml'.","Expected corrective localization override","Divine Intervention AGOT | Русификатор | Divine Intervention Cheat Menu | Divine Intervention CM [RUS]","localization/russian/gui/DI_RUS_l_russian.yml | localization/russian/gui/DI_l_russian.yml","DI_herder_loc","localization/russian/gui/DI_RUS_l_russian.yml","localization/russian/gui/DI_l_russian.yml"
"1085","06:11:21","pdx_localize.cpp:279","Duplicate localization key. Key 'DI_temple_citadel_loc' is defined in both 'localization/russian/gui/DI_RUS_l_russian.yml' and 'localization/russian/gui/DI_l_russian.yml'.","Expected corrective localization override","Divine Intervention AGOT | Русификатор | Divine Intervention Cheat Menu | Divine Intervention CM [RUS]","localization/russian/gui/DI_RUS_l_russian.yml | localization/russian/gui/DI_l_russian.yml","DI_temple_citadel_loc","localization/russian/gui/DI_RUS_l_russian.yml","localization/russian/gui/DI_l_russian.yml"
"1086","06:11:21","pdx_localize.cpp:279","Duplicate localization key. Key 'empty_loc' is defined in both 'localization/russian/gui/DI_RUS_l_russian.yml' and 'localization/russian/gui/DI_l_russian.yml'.","Expected corrective localization override","Divine Intervention AGOT | Русификатор | Divine Intervention Cheat Menu | Divine Intervention CM [RUS]","localization/russian/gui/DI_RUS_l_russian.yml | localization/russian/gui/DI_l_russian.yml","empty_loc","localization/russian/gui/DI_RUS_l_russian.yml","localization/russian/gui/DI_l_russian.yml"
"1087","06:11:21","pdx_localize.cpp:279","Duplicate localization key. Key 'sort_rank_loc' is defined in both 'localization/russian/gui/DI_RUS_l_russian.yml' and 'localization/russian/gui/DI_l_russian.yml'.","Expected corrective localization override","Divine Intervention AGOT | Русификатор | Divine Intervention Cheat Menu | Divine Intervention CM [RUS]","localization/russian/gui/DI_RUS_l_russian.yml | localization/russian/gui/DI_l_russian.yml","sort_rank_loc","localization/russian/gui/DI_RUS_l_russian.yml","localization/russian/gui/DI_l_russian.yml"
"1088","06:11:21","pdx_localize.cpp:279","Duplicate localization key. Key 'DI_hegemony_loc' is defined in both 'localization/russian/gui/DI_RUS_l_russian.yml' and 'localization/russian/gui/DI_l_russian.yml'.","Expected corrective localization override","Divine Intervention AGOT | Русификатор | Divine Intervention Cheat Menu | Divine Intervention CM [RUS]","localization/russian/gui/DI_RUS_l_russian.yml | localization/russian/gui/DI_l_russian.yml","DI_hegemony_loc","localization/russian/gui/DI_RUS_l_russian.yml","localization/russian/gui/DI_l_russian.yml"
"1089","06:11:21","pdx_localize.cpp:279","Duplicate localization key. Key 'Empire_loc' is defined in both 'localization/russian/gui/DI_RUS_l_russian.yml' and 'localization/russian/gui/DI_l_russian.yml'.","Expected corrective localization override","Divine Intervention AGOT | Русификатор | Divine Intervention Cheat Menu | Divine Intervention CM [RUS]","localization/russian/gui/DI_RUS_l_russian.yml | localization/russian/gui/DI_l_russian.yml","Empire_loc","localization/russian/gui/DI_RUS_l_russian.yml","localization/russian/gui/DI_l_russian.yml"
"1090","06:11:21","pdx_localize.cpp:279","Duplicate localization key. Key 'Kingdom_loc' is defined in both 'localization/russian/gui/DI_RUS_l_russian.yml' and 'localization/russian/gui/DI_l_russian.yml'.","Expected corrective localization override","Divine Intervention AGOT | Русификатор | Divine Intervention Cheat Menu | Divine Intervention CM [RUS]","localization/russian/gui/DI_RUS_l_russian.yml | localization/russian/gui/DI_l_russian.yml","Kingdom_loc","localization/russian/gui/DI_RUS_l_russian.yml","localization/russian/gui/DI_l_russian.yml"
"1091","06:11:21","pdx_localize.cpp:279","Duplicate localization key. Key 'Duchy_loc' is defined in both 'localization/russian/gui/DI_RUS_l_russian.yml' and 'localization/russian/gui/DI_l_russian.yml'.","Expected corrective localization override","Divine Intervention AGOT | Русификатор | Divine Intervention Cheat Menu | Divine Intervention CM [RUS]","localization/russian/gui/DI_RUS_l_russian.yml | localization/russian/gui/DI_l_russian.yml","Duchy_loc","localization/russian/gui/DI_RUS_l_russian.yml","localization/russian/gui/DI_l_russian.yml"
"1092","06:11:21","pdx_localize.cpp:279","Duplicate localization key. Key 'County_loc' is defined in both 'localization/russian/gui/DI_RUS_l_russian.yml' and 'localization/russian/gui/DI_l_russian.yml'.","Expected corrective localization override","Divine Intervention AGOT | Русификатор | Divine Intervention Cheat Menu | Divine Intervention CM [RUS]","localization/russian/gui/DI_RUS_l_russian.yml | localization/russian/gui/DI_l_russian.yml","County_loc","localization/russian/gui/DI_RUS_l_russian.yml","localization/russian/gui/DI_l_russian.yml"
"1093","06:11:21","pdx_localize.cpp:279","Duplicate localization key. Key 'pinned_characters_loc' is defined in both 'localization/russian/gui/DI_RUS_l_russian.yml' and 'localization/russian/gui/DI_l_russian.yml'.","Expected corrective localization override","Divine Intervention AGOT | Русификатор | Divine Intervention Cheat Menu | Divine Intervention CM [RUS]","localization/russian/gui/DI_RUS_l_russian.yml | localization/russian/gui/DI_l_russian.yml","pinned_characters_loc","localization/russian/gui/DI_RUS_l_russian.yml","localization/russian/gui/DI_l_russian.yml"
"1094","06:11:21","pdx_localize.cpp:279","Duplicate localization key. Key 'unpin_selected_loc' is defined in both 'localization/russian/gui/DI_RUS_l_russian.yml' and 'localization/russian/gui/DI_l_russian.yml'.","Expected corrective localization override","Divine Intervention AGOT | Русификатор | Divine Intervention Cheat Menu | Divine Intervention CM [RUS]","localization/russian/gui/DI_RUS_l_russian.yml | localization/russian/gui/DI_l_russian.yml","unpin_selected_loc","localization/russian/gui/DI_RUS_l_russian.yml","localization/russian/gui/DI_l_russian.yml"
"1095","06:11:21","pdx_localize.cpp:279","Duplicate localization key. Key 'clear_pinned_loc' is defined in both 'localization/russian/gui/DI_RUS_l_russian.yml' and 'localization/russian/gui/DI_l_russian.yml'.","Expected corrective localization override","Divine Intervention AGOT | Русификатор | Divine Intervention Cheat Menu | Divine Intervention CM [RUS]","localization/russian/gui/DI_RUS_l_russian.yml | localization/russian/gui/DI_l_russian.yml","clear_pinned_loc","localization/russian/gui/DI_RUS_l_russian.yml","localization/russian/gui/DI_l_russian.yml"
"1096","06:11:21","pdx_localize.cpp:279","Duplicate localization key. Key 'DI_province_manager_filter_loc' is defined in both 'localization/russian/gui/DI_RUS_l_russian.yml' and 'localization/russian/gui/DI_l_russian.yml'.","Expected corrective localization override","Divine Intervention AGOT | Русификатор | Divine Intervention Cheat Menu | Divine Intervention CM [RUS]","localization/russian/gui/DI_RUS_l_russian.yml | localization/russian/gui/DI_l_russian.yml","DI_province_manager_filter_loc","localization/russian/gui/DI_RUS_l_russian.yml","localization/russian/gui/DI_l_russian.yml"
"1097","06:11:21","pdx_localize.cpp:279","Duplicate localization key. Key 'DI_province_filter_all_loc' is defined in both 'localization/russian/gui/DI_RUS_l_russian.yml' and 'localization/russian/gui/DI_l_russian.yml'.","Expected corrective localization override","Divine Intervention AGOT | Русификатор | Divine Intervention Cheat Menu | Divine Intervention CM [RUS]","localization/russian/gui/DI_RUS_l_russian.yml | localization/russian/gui/DI_l_russian.yml","DI_province_filter_all_loc","localization/russian/gui/DI_RUS_l_russian.yml","localization/russian/gui/DI_l_russian.yml"
"1098","06:11:21","pdx_localize.cpp:279","Duplicate localization key. Key 'DI_province_filter_hide_loc' is defined in both 'localization/russian/gui/DI_RUS_l_russian.yml' and 'localization/russian/gui/DI_l_russian.yml'.","Expected corrective localization override","Divine Intervention AGOT | Русификатор | Divine Intervention Cheat Menu | Divine Intervention CM [RUS]","localization/russian/gui/DI_RUS_l_russian.yml | localization/russian/gui/DI_l_russian.yml","DI_province_filter_hide_loc","localization/russian/gui/DI_RUS_l_russian.yml","localization/russian/gui/DI_l_russian.yml"
"1099","06:11:21","pdx_localize.cpp:279","Duplicate localization key. Key 'DI_province_filter_capital_loc' is defined in both 'localization/russian/gui/DI_RUS_l_russian.yml' and 'localization/russian/gui/DI_l_russian.yml'.","Expected corrective localization override","Divine Intervention AGOT | Русификатор | Divine Intervention Cheat Menu | Divine Intervention CM [RUS]","localization/russian/gui/DI_RUS_l_russian.yml | localization/russian/gui/DI_l_russian.yml","DI_province_filter_capital_loc","localization/russian/gui/DI_RUS_l_russian.yml","localization/russian/gui/DI_l_russian.yml"
"1100","06:11:21","pdx_localize.cpp:279","Duplicate localization key. Key 'DI_province_filter_empty_loc' is defined in both 'localization/russian/gui/DI_RUS_l_russian.yml' and 'localization/russian/gui/DI_l_russian.yml'.","Expected corrective localization override","Divine Intervention AGOT | Русификатор | Divine Intervention Cheat Menu | Divine Intervention CM [RUS]","localization/russian/gui/DI_RUS_l_russian.yml | localization/russian/gui/DI_l_russian.yml","DI_province_filter_empty_loc","localization/russian/gui/DI_RUS_l_russian.yml","localization/russian/gui/DI_l_russian.yml"
"1101","06:11:21","pdx_localize.cpp:279","Duplicate localization key. Key 'DI_category_pedestal_loc' is defined in both 'localization/russian/gui/DI_RUS_l_russian.yml' and 'localization/russian/gui/DI_l_russian.yml'.","Expected corrective localization override","Divine Intervention AGOT | Русификатор | Divine Intervention Cheat Menu | Divine Intervention CM [RUS]","localization/russian/gui/DI_RUS_l_russian.yml | localization/russian/gui/DI_l_russian.yml","DI_category_pedestal_loc","localization/russian/gui/DI_RUS_l_russian.yml","localization/russian/gui/DI_l_russian.yml"
"1102","06:11:21","pdx_localize.cpp:279","Duplicate localization key. Key 'DI_category_furniture_loc' is defined in both 'localization/russian/gui/DI_RUS_l_russian.yml' and 'localization/russian/gui/DI_l_russian.yml'.","Expected corrective localization override","Divine Intervention AGOT | Русификатор | Divine Intervention Cheat Menu | Divine Intervention CM [RUS]","localization/russian/gui/DI_RUS_l_russian.yml | localization/russian/gui/DI_l_russian.yml","DI_category_furniture_loc","localization/russian/gui/DI_RUS_l_russian.yml","localization/russian/gui/DI_l_russian.yml"
"1103","06:11:21","pdx_localize.cpp:279","Duplicate localization key. Key 'DI_category_ornament_loc' is defined in both 'localization/russian/gui/DI_RUS_l_russian.yml' and 'localization/russian/gui/DI_l_russian.yml'.","Expected corrective localization override","Divine Intervention AGOT | Русификатор | Divine Intervention Cheat Menu | Divine Intervention CM [RUS]","localization/russian/gui/DI_RUS_l_russian.yml | localization/russian/gui/DI_l_russian.yml","DI_category_ornament_loc","localization/russian/gui/DI_RUS_l_russian.yml","localization/russian/gui/DI_l_russian.yml"
"1104","06:11:21","pdx_localize.cpp:279","Duplicate localization key. Key 'DI_subtype_small_box_loc' is defined in both 'localization/russian/gui/DI_RUS_l_russian.yml' and 'localization/russian/gui/DI_l_russian.yml'.","Expected corrective localization override","Divine Intervention AGOT | Русификатор | Divine Intervention Cheat Menu | Divine Intervention CM [RUS]","localization/russian/gui/DI_RUS_l_russian.yml | localization/russian/gui/DI_l_russian.yml","DI_subtype_small_box_loc","localization/russian/gui/DI_RUS_l_russian.yml","localization/russian/gui/DI_l_russian.yml"
"1105","06:11:21","pdx_localize.cpp:279","Duplicate localization key. Key 'DI_subtype_medium_box_loc' is defined in both 'localization/russian/gui/DI_RUS_l_russian.yml' and 'localization/russian/gui/DI_l_russian.yml'.","Expected corrective localization override","Divine Intervention AGOT | Русификатор | Divine Intervention Cheat Menu | Divine Intervention CM [RUS]","localization/russian/gui/DI_RUS_l_russian.yml | localization/russian/gui/DI_l_russian.yml","DI_subtype_medium_box_loc","localization/russian/gui/DI_RUS_l_russian.yml","localization/russian/gui/DI_l_russian.yml"
"1106","06:11:21","pdx_localize.cpp:279","Duplicate localization key. Key 'DI_subtype_crown_loc' is defined in both 'localization/russian/gui/DI_RUS_l_russian.yml' and 'localization/russian/gui/DI_l_russian.yml'.","Expected corrective localization override","Divine Intervention AGOT | Русификатор | Divine Intervention Cheat Menu | Divine Intervention CM [RUS]","localization/russian/gui/DI_RUS_l_russian.yml | localization/russian/gui/DI_l_russian.yml","DI_subtype_crown_loc","localization/russian/gui/DI_RUS_l_russian.yml","localization/russian/gui/DI_l_russian.yml"
"1107","06:11:21","pdx_localize.cpp:279","Duplicate localization key. Key 'DI_subtype_divan_loc' is defined in both 'localization/russian/gui/DI_RUS_l_russian.yml' and 'localization/russian/gui/DI_l_russian.yml'.","Expected corrective localization override","Divine Intervention AGOT | Русификатор | Divine Intervention Cheat Menu | Divine Intervention CM [RUS]","localization/russian/gui/DI_RUS_l_russian.yml | localization/russian/gui/DI_l_russian.yml","DI_subtype_divan_loc","localization/russian/gui/DI_RUS_l_russian.yml","localization/russian/gui/DI_l_russian.yml"
"1108","06:11:21","pdx_localize.cpp:279","Duplicate localization key. Key 'DI_subtype_table_loc' is defined in both 'localization/russian/gui/DI_RUS_l_russian.yml' and 'localization/russian/gui/DI_l_russian.yml'.","Expected corrective localization override","Divine Intervention AGOT | Русификатор | Divine Intervention Cheat Menu | Divine Intervention CM [RUS]","localization/russian/gui/DI_RUS_l_russian.yml | localization/russian/gui/DI_l_russian.yml","DI_subtype_table_loc","localization/russian/gui/DI_RUS_l_russian.yml","localization/russian/gui/DI_l_russian.yml"
"1109","06:11:21","pdx_localize.cpp:279","Duplicate localization key. Key 'DI_subtype_small_shield_loc' is defined in both 'localization/russian/gui/DI_RUS_l_russian.yml' and 'localization/russian/gui/DI_l_russian.yml'.","Expected corrective localization override","Divine Intervention AGOT | Русификатор | Divine Intervention Cheat Menu | Divine Intervention CM [RUS]","localization/russian/gui/DI_RUS_l_russian.yml | localization/russian/gui/DI_l_russian.yml","DI_subtype_small_shield_loc","localization/russian/gui/DI_RUS_l_russian.yml","localization/russian/gui/DI_l_russian.yml"
"1110","06:11:21","pdx_localize.cpp:279","Duplicate localization key. Key 'DI_subtype_large_shield_loc' is defined in both 'localization/russian/gui/DI_RUS_l_russian.yml' and 'localization/russian/gui/DI_l_russian.yml'.","Expected corrective localization override","Divine Intervention AGOT | Русификатор | Divine Intervention Cheat Menu | Divine Intervention CM [RUS]","localization/russian/gui/DI_RUS_l_russian.yml | localization/russian/gui/DI_l_russian.yml","DI_subtype_large_shield_loc","localization/russian/gui/DI_RUS_l_russian.yml","localization/russian/gui/DI_l_russian.yml"
"1111","06:11:21","pdx_localize.cpp:279","Duplicate localization key. Key 'DI_category_alchemy_loc' is defined in both 'localization/russian/gui/DI_RUS_l_russian.yml' and 'localization/russian/gui/DI_l_russian.yml'.","Expected corrective localization override","Divine Intervention AGOT | Русификатор | Divine Intervention Cheat Menu | Divine Intervention CM [RUS]","localization/russian/gui/DI_RUS_l_russian.yml | localization/russian/gui/DI_l_russian.yml","DI_category_alchemy_loc","localization/russian/gui/DI_RUS_l_russian.yml","localization/russian/gui/DI_l_russian.yml"
"1112","06:11:21","pdx_localize.cpp:279","Duplicate localization key. Key 'DI_category_armor_loc' is defined in both 'localization/russian/gui/DI_RUS_l_russian.yml' and 'localization/russian/gui/DI_l_russian.yml'.","Expected corrective localization override","Divine Intervention AGOT | Русификатор | Divine Intervention Cheat Menu | Divine Intervention CM [RUS]","localization/russian/gui/DI_RUS_l_russian.yml | localization/russian/gui/DI_l_russian.yml","DI_category_armor_loc","localization/russian/gui/DI_RUS_l_russian.yml","localization/russian/gui/DI_l_russian.yml"
"1113","06:11:21","pdx_localize.cpp:279","Duplicate localization key. Key 'DI_category_book_loc' is defined in both 'localization/russian/gui/DI_RUS_l_russian.yml' and 'localization/russian/gui/DI_l_russian.yml'.","Expected corrective localization override","Divine Intervention AGOT | Русификатор | Divine Intervention Cheat Menu | Divine Intervention CM [RUS]","localization/russian/gui/DI_RUS_l_russian.yml | localization/russian/gui/DI_l_russian.yml","DI_category_book_loc","localization/russian/gui/DI_RUS_l_russian.yml","localization/russian/gui/DI_l_russian.yml"
"1114","06:11:21","pdx_localize.cpp:279","Duplicate localization key. Key 'DI_category_regalia_loc' is defined in both 'localization/russian/gui/DI_RUS_l_russian.yml' and 'localization/russian/gui/DI_l_russian.yml'.","Expected corrective localization override","Divine Intervention AGOT | Русификатор | Divine Intervention Cheat Menu | Divine Intervention CM [RUS]","localization/russian/gui/DI_RUS_l_russian.yml | localization/russian/gui/DI_l_russian.yml","DI_category_regalia_loc","localization/russian/gui/DI_RUS_l_russian.yml","localization/russian/gui/DI_l_russian.yml"
"1115","06:11:21","pdx_localize.cpp:279","Duplicate localization key. Key 'DI_category_throne_loc' is defined in both 'localization/russian/gui/DI_RUS_l_russian.yml' and 'localization/russian/gui/DI_l_russian.yml'.","Expected corrective localization override","Divine Intervention AGOT | Русификатор | Divine Intervention Cheat Menu | Divine Intervention CM [RUS]","localization/russian/gui/DI_RUS_l_russian.yml | localization/russian/gui/DI_l_russian.yml","DI_category_throne_loc","localization/russian/gui/DI_RUS_l_russian.yml","localization/russian/gui/DI_l_russian.yml"
"1116","06:11:21","pdx_localize.cpp:279","Duplicate localization key. Key 'DI_category_tournament_loc' is defined in both 'localization/russian/gui/DI_RUS_l_russian.yml' and 'localization/russian/gui/DI_l_russian.yml'.","Expected corrective localization override","Divine Intervention AGOT | Русификатор | Divine Intervention Cheat Menu | Divine Intervention CM [RUS]","localization/russian/gui/DI_RUS_l_russian.yml | localization/russian/gui/DI_l_russian.yml","DI_category_tournament_loc","localization/russian/gui/DI_RUS_l_russian.yml","localization/russian/gui/DI_l_russian.yml"
"1117","06:11:21","pdx_localize.cpp:279","Duplicate localization key. Key 'DI_category_trinket_loc' is defined in both 'localization/russian/gui/DI_RUS_l_russian.yml' and 'localization/russian/gui/DI_l_russian.yml'.","Expected corrective localization override","Divine Intervention AGOT | Русификатор | Divine Intervention Cheat Menu | Divine Intervention CM [RUS]","localization/russian/gui/DI_RUS_l_russian.yml | localization/russian/gui/DI_l_russian.yml","DI_category_trinket_loc","localization/russian/gui/DI_RUS_l_russian.yml","localization/russian/gui/DI_l_russian.yml"
"1118","06:11:21","pdx_localize.cpp:279","Duplicate localization key. Key 'DI_category_weapon_loc' is defined in both 'localization/russian/gui/DI_RUS_l_russian.yml' and 'localization/russian/gui/DI_l_russian.yml'.","Expected corrective localization override","Divine Intervention AGOT | Русификатор | Divine Intervention Cheat Menu | Divine Intervention CM [RUS]","localization/russian/gui/DI_RUS_l_russian.yml | localization/russian/gui/DI_l_russian.yml","DI_category_weapon_loc","localization/russian/gui/DI_RUS_l_russian.yml","localization/russian/gui/DI_l_russian.yml"
"1119","06:11:21","pdx_localize.cpp:279","Duplicate localization key. Key 'DI_subtype_animal_hide_big_loc' is defined in both 'localization/russian/gui/DI_RUS_l_russian.yml' and 'localization/russian/gui/DI_l_russian.yml'.","Expected corrective localization override","Divine Intervention AGOT | Русификатор | Divine Intervention Cheat Menu | Divine Intervention CM [RUS]","localization/russian/gui/DI_RUS_l_russian.yml | localization/russian/gui/DI_l_russian.yml","DI_subtype_animal_hide_big_loc","localization/russian/gui/DI_RUS_l_russian.yml","localization/russian/gui/DI_l_russian.yml"
"1120","06:11:21","pdx_localize.cpp:279","Duplicate localization key. Key 'DI_subtype_animal_hide_loc' is defined in both 'localization/russian/gui/DI_RUS_l_russian.yml' and 'localization/russian/gui/DI_l_russian.yml'.","Expected corrective localization override","Divine Intervention AGOT | Русификатор | Divine Intervention Cheat Menu | Divine Intervention CM [RUS]","localization/russian/gui/DI_RUS_l_russian.yml | localization/russian/gui/DI_l_russian.yml","DI_subtype_animal_hide_loc","localization/russian/gui/DI_RUS_l_russian.yml","localization/russian/gui/DI_l_russian.yml"
"1121","06:11:21","pdx_localize.cpp:279","Duplicate localization key. Key 'DI_subtype_animal_skull_loc' is defined in both 'localization/russian/gui/DI_RUS_l_russian.yml' and 'localization/russian/gui/DI_l_russian.yml'.","Expected corrective localization override","Divine Intervention AGOT | Русификатор | Divine Intervention Cheat Menu | Divine Intervention CM [RUS]","localization/russian/gui/DI_RUS_l_russian.yml | localization/russian/gui/DI_l_russian.yml","DI_subtype_animal_skull_loc","localization/russian/gui/DI_RUS_l_russian.yml","localization/russian/gui/DI_l_russian.yml"
"1122","06:11:21","pdx_localize.cpp:279","Duplicate localization key. Key 'DI_subtype_animal_trinket_loc' is defined in both 'localization/russian/gui/DI_RUS_l_russian.yml' and 'localization/russian/gui/DI_l_russian.yml'.","Expected corrective localization override","Divine Intervention AGOT | Русификатор | Divine Intervention Cheat Menu | Divine Intervention CM [RUS]","localization/russian/gui/DI_RUS_l_russian.yml | localization/russian/gui/DI_l_russian.yml","DI_subtype_animal_trinket_loc","localization/russian/gui/DI_RUS_l_russian.yml","localization/russian/gui/DI_l_russian.yml"
"1123","06:11:21","pdx_localize.cpp:279","Duplicate localization key. Key 'DI_subtype_armor_brigandine_loc' is defined in both 'localization/russian/gui/DI_RUS_l_russian.yml' and 'localization/russian/gui/DI_l_russian.yml'.","Expected corrective localization override","Divine Intervention AGOT | Русификатор | Divine Intervention Cheat Menu | Divine Intervention CM [RUS]","localization/russian/gui/DI_RUS_l_russian.yml | localization/russian/gui/DI_l_russian.yml","DI_subtype_armor_brigandine_loc","localization/russian/gui/DI_RUS_l_russian.yml","localization/russian/gui/DI_l_russian.yml"
"1124","06:11:21","pdx_localize.cpp:279","Duplicate localization key. Key 'DI_subtype_armor_lamellar_loc' is defined in both 'localization/russian/gui/DI_RUS_l_russian.yml' and 'localization/russian/gui/DI_l_russian.yml'.","Expected corrective localization override","Divine Intervention AGOT | Русификатор | Divine Intervention Cheat Menu | Divine Intervention CM [RUS]","localization/russian/gui/DI_RUS_l_russian.yml | localization/russian/gui/DI_l_russian.yml","DI_subtype_armor_lamellar_loc","localization/russian/gui/DI_RUS_l_russian.yml","localization/russian/gui/DI_l_russian.yml"
"1125","06:11:21","pdx_localize.cpp:279","Duplicate localization key. Key 'DI_subtype_armor_laminar_loc' is defined in both 'localization/russian/gui/DI_RUS_l_russian.yml' and 'localization/russian/gui/DI_l_russian.yml'.","Expected corrective localization override","Divine Intervention AGOT | Русификатор | Divine Intervention Cheat Menu | Divine Intervention CM [RUS]","localization/russian/gui/DI_RUS_l_russian.yml | localization/russian/gui/DI_l_russian.yml","DI_subtype_armor_laminar_loc","localization/russian/gui/DI_RUS_l_russian.yml","localization/russian/gui/DI_l_russian.yml"
"1126","06:11:21","pdx_localize.cpp:279","Duplicate localization key. Key 'DI_subtype_armor_mail_loc' is defined in both 'localization/russian/gui/DI_RUS_l_russian.yml' and 'localization/russian/gui/DI_l_russian.yml'.","Expected corrective localization override","Divine Intervention AGOT | Русификатор | Divine Intervention Cheat Menu | Divine Intervention CM [RUS]","localization/russian/gui/DI_RUS_l_russian.yml | localization/russian/gui/DI_l_russian.yml","DI_subtype_armor_mail_loc","localization/russian/gui/DI_RUS_l_russian.yml","localization/russian/gui/DI_l_russian.yml"
"1127","06:11:21","pdx_localize.cpp:279","Duplicate localization key. Key 'DI_subtype_armor_plate_loc' is defined in both 'localization/russian/gui/DI_RUS_l_russian.yml' and 'localization/russian/gui/DI_l_russian.yml'.","Expected corrective localization override","Divine Intervention AGOT | Русификатор | Divine Intervention Cheat Menu | Divine Intervention CM [RUS]","localization/russian/gui/DI_RUS_l_russian.yml | localization/russian/gui/DI_l_russian.yml","DI_subtype_armor_plate_loc","localization/russian/gui/DI_RUS_l_russian.yml","localization/russian/gui/DI_l_russian.yml"
"1128","06:11:21","pdx_localize.cpp:279","Duplicate localization key. Key 'DI_subtype_armor_scale_loc' is defined in both 'localization/russian/gui/DI_RUS_l_russian.yml' and 'localization/russian/gui/DI_l_russian.yml'.","Expected corrective localization override","Divine Intervention AGOT | Русификатор | Divine Intervention Cheat Menu | Divine Intervention CM [RUS]","localization/russian/gui/DI_RUS_l_russian.yml | localization/russian/gui/DI_l_russian.yml","DI_subtype_armor_scale_loc","localization/russian/gui/DI_RUS_l_russian.yml","localization/russian/gui/DI_l_russian.yml"
"1129","06:11:21","pdx_localize.cpp:279","Duplicate localization key. Key 'DI_subtype_axe_loc' is defined in both 'localization/russian/gui/DI_RUS_l_russian.yml' and 'localization/russian/gui/DI_l_russian.yml'.","Expected corrective localization override","Divine Intervention AGOT | Русификатор | Divine Intervention Cheat Menu | Divine Intervention CM [RUS]","localization/russian/gui/DI_RUS_l_russian.yml | localization/russian/gui/DI_l_russian.yml","DI_subtype_axe_loc","localization/russian/gui/DI_RUS_l_russian.yml","localization/russian/gui/DI_l_russian.yml"
"1130","06:11:21","pdx_localize.cpp:279","Duplicate localization key. Key 'DI_subtype_bird_feather_loc' is defined in both 'localization/russian/gui/DI_RUS_l_russian.yml' and 'localization/russian/gui/DI_l_russian.yml'.","Expected corrective localization override","Divine Intervention AGOT | Русификатор | Divine Intervention Cheat Menu | Divine Intervention CM [RUS]","localization/russian/gui/DI_RUS_l_russian.yml | localization/russian/gui/DI_l_russian.yml","DI_subtype_bird_feather_loc","localization/russian/gui/DI_RUS_l_russian.yml","localization/russian/gui/DI_l_russian.yml"
"1131","06:11:21","pdx_localize.cpp:279","Duplicate localization key. Key 'DI_subtype_book_loc' is defined in both 'localization/russian/gui/DI_RUS_l_russian.yml' and 'localization/russian/gui/DI_l_russian.yml'.","Expected corrective localization override","Divine Intervention AGOT | Русификатор | Divine Intervention Cheat Menu | Divine Intervention CM [RUS]","localization/russian/gui/DI_RUS_l_russian.yml | localization/russian/gui/DI_l_russian.yml","DI_subtype_book_loc","localization/russian/gui/DI_RUS_l_russian.yml","localization/russian/gui/DI_l_russian.yml"
"1132","06:11:21","pdx_localize.cpp:279","Duplicate localization key. Key 'DI_subtype_bow_loc' is defined in both 'localization/russian/gui/DI_RUS_l_russian.yml' and 'localization/russian/gui/DI_l_russian.yml'.","Expected corrective localization override","Divine Intervention AGOT | Русификатор | Divine Intervention Cheat Menu | Divine Intervention CM [RUS]","localization/russian/gui/DI_RUS_l_russian.yml | localization/russian/gui/DI_l_russian.yml","DI_subtype_bow_loc","localization/russian/gui/DI_RUS_l_russian.yml","localization/russian/gui/DI_l_russian.yml"
"1133","06:11:21","pdx_localize.cpp:279","Duplicate localization key. Key 'DI_subtype_bowl_loc' is defined in both 'localization/russian/gui/DI_RUS_l_russian.yml' and 'localization/russian/gui/DI_l_russian.yml'.","Expected corrective localization override","Divine Intervention AGOT | Русификатор | Divine Intervention Cheat Menu | Divine Intervention CM [RUS]","localization/russian/gui/DI_RUS_l_russian.yml | localization/russian/gui/DI_l_russian.yml","DI_subtype_bowl_loc","localization/russian/gui/DI_RUS_l_russian.yml","localization/russian/gui/DI_l_russian.yml"
"1134","06:11:21","pdx_localize.cpp:279","Duplicate localization key. Key 'DI_subtype_box_loc' is defined in both 'localization/russian/gui/DI_RUS_l_russian.yml' and 'localization/russian/gui/DI_l_russian.yml'.","Expected corrective localization override","Divine Intervention AGOT | Русификатор | Divine Intervention Cheat Menu | Divine Intervention CM [RUS]","localization/russian/gui/DI_RUS_l_russian.yml | localization/russian/gui/DI_l_russian.yml","DI_subtype_box_loc","localization/russian/gui/DI_RUS_l_russian.yml","localization/russian/gui/DI_l_russian.yml"
"1135","06:11:21","pdx_localize.cpp:279","Duplicate localization key. Key 'DI_subtype_brooch_loc' is defined in both 'localization/russian/gui/DI_RUS_l_russian.yml' and 'localization/russian/gui/DI_l_russian.yml'.","Expected corrective localization override","Divine Intervention AGOT | Русификатор | Divine Intervention Cheat Menu | Divine Intervention CM [RUS]","localization/russian/gui/DI_RUS_l_russian.yml | localization/russian/gui/DI_l_russian.yml","DI_subtype_brooch_loc","localization/russian/gui/DI_RUS_l_russian.yml","localization/russian/gui/DI_l_russian.yml"
"1136","06:11:21","pdx_localize.cpp:279","Duplicate localization key. Key 'DI_subtype_brooch_pedestal_loc' is defined in both 'localization/russian/gui/DI_RUS_l_russian.yml' and 'localization/russian/gui/DI_l_russian.yml'.","Expected corrective localization override","Divine Intervention AGOT | Русификатор | Divine Intervention Cheat Menu | Divine Intervention CM [RUS]","localization/russian/gui/DI_RUS_l_russian.yml | localization/russian/gui/DI_l_russian.yml","DI_subtype_brooch_pedestal_loc","localization/russian/gui/DI_RUS_l_russian.yml","localization/russian/gui/DI_l_russian.yml"
"1137","06:11:21","pdx_localize.cpp:279","Duplicate localization key. Key 'DI_subtype_cabinet_loc' is defined in both 'localization/russian/gui/DI_RUS_l_russian.yml' and 'localization/russian/gui/DI_l_russian.yml'.","Expected corrective localization override","Divine Intervention AGOT | Русификатор | Divine Intervention Cheat Menu | Divine Intervention CM [RUS]","localization/russian/gui/DI_RUS_l_russian.yml | localization/russian/gui/DI_l_russian.yml","DI_subtype_cabinet_loc","localization/russian/gui/DI_RUS_l_russian.yml","localization/russian/gui/DI_l_russian.yml"
"1138","06:11:21","pdx_localize.cpp:279","Duplicate localization key. Key 'DI_subtype_chest_loc' is defined in both 'localization/russian/gui/DI_RUS_l_russian.yml' and 'localization/russian/gui/DI_l_russian.yml'.","Expected corrective localization override","Divine Intervention AGOT | Русификатор | Divine Intervention Cheat Menu | Divine Intervention CM [RUS]","localization/russian/gui/DI_RUS_l_russian.yml | localization/russian/gui/DI_l_russian.yml","DI_subtype_chest_loc","localization/russian/gui/DI_RUS_l_russian.yml","localization/russian/gui/DI_l_russian.yml"
"1139","06:11:21","pdx_localize.cpp:279","Duplicate localization key. Key 'DI_subtype_chronicle_loc' is defined in both 'localization/russian/gui/DI_RUS_l_russian.yml' and 'localization/russian/gui/DI_l_russian.yml'.","Expected corrective localization override","Divine Intervention AGOT | Русификатор | Divine Intervention Cheat Menu | Divine Intervention CM [RUS]","localization/russian/gui/DI_RUS_l_russian.yml | localization/russian/gui/DI_l_russian.yml","DI_subtype_chronicle_loc","localization/russian/gui/DI_RUS_l_russian.yml","localization/russian/gui/DI_l_russian.yml"
"1140","06:11:21","pdx_localize.cpp:279","Duplicate localization key. Key 'DI_subtype_composite_loc' is defined in both 'localization/russian/gui/DI_RUS_l_russian.yml' and 'localization/russian/gui/DI_l_russian.yml'.","Expected corrective localization override","Divine Intervention AGOT | Русификатор | Divine Intervention Cheat Menu | Divine Intervention CM [RUS]","localization/russian/gui/DI_RUS_l_russian.yml | localization/russian/gui/DI_l_russian.yml","DI_subtype_composite_loc","localization/russian/gui/DI_RUS_l_russian.yml","localization/russian/gui/DI_l_russian.yml"
"1141","06:11:21","pdx_localize.cpp:279","Duplicate localization key. Key 'DI_subtype_crossbow_loc' is defined in both 'localization/russian/gui/DI_RUS_l_russian.yml' and 'localization/russian/gui/DI_l_russian.yml'.","Expected corrective localization override","Divine Intervention AGOT | Русификатор | Divine Intervention Cheat Menu | Divine Intervention CM [RUS]","localization/russian/gui/DI_RUS_l_russian.yml | localization/russian/gui/DI_l_russian.yml","DI_subtype_crossbow_loc","localization/russian/gui/DI_RUS_l_russian.yml","localization/russian/gui/DI_l_russian.yml"
"1142","06:11:21","pdx_localize.cpp:279","Duplicate localization key. Key 'DI_subtype_dagger_loc' is defined in both 'localization/russian/gui/DI_RUS_l_russian.yml' and 'localization/russian/gui/DI_l_russian.yml'.","Expected corrective localization override","Divine Intervention AGOT | Русификатор | Divine Intervention Cheat Menu | Divine Intervention CM [RUS]","localization/russian/gui/DI_RUS_l_russian.yml | localization/russian/gui/DI_l_russian.yml","DI_subtype_dagger_loc","localization/russian/gui/DI_RUS_l_russian.yml","localization/russian/gui/DI_l_russian.yml"
"1143","06:11:21","pdx_localize.cpp:279","Duplicate localization key. Key 'DI_subtype_elixir_loc' is defined in both 'localization/russian/gui/DI_RUS_l_russian.yml' and 'localization/russian/gui/DI_l_russian.yml'.","Expected corrective localization override","Divine Intervention AGOT | Русификатор | Divine Intervention Cheat Menu | Divine Intervention CM [RUS]","localization/russian/gui/DI_RUS_l_russian.yml | localization/russian/gui/DI_l_russian.yml","DI_subtype_elixir_loc","localization/russian/gui/DI_RUS_l_russian.yml","localization/russian/gui/DI_l_russian.yml"
"1144","06:11:21","pdx_localize.cpp:279","Duplicate localization key. Key 'DI_subtype_goblet_loc' is defined in both 'localization/russian/gui/DI_RUS_l_russian.yml' and 'localization/russian/gui/DI_l_russian.yml'.","Expected corrective localization override","Divine Intervention AGOT | Русификатор | Divine Intervention Cheat Menu | Divine Intervention CM [RUS]","localization/russian/gui/DI_RUS_l_russian.yml | localization/russian/gui/DI_l_russian.yml","DI_subtype_goblet_loc","localization/russian/gui/DI_RUS_l_russian.yml","localization/russian/gui/DI_l_russian.yml"
"1145","06:11:21","pdx_localize.cpp:279","Duplicate localization key. Key 'DI_subtype_hammer_loc' is defined in both 'localization/russian/gui/DI_RUS_l_russian.yml' and 'localization/russian/gui/DI_l_russian.yml'.","Expected corrective localization override","Divine Intervention AGOT | Русификатор | Divine Intervention Cheat Menu | Divine Intervention CM [RUS]","localization/russian/gui/DI_RUS_l_russian.yml | localization/russian/gui/DI_l_russian.yml","DI_subtype_hammer_loc","localization/russian/gui/DI_RUS_l_russian.yml","localization/russian/gui/DI_l_russian.yml"
"1146","06:11:21","pdx_localize.cpp:279","Duplicate localization key. Key 'DI_subtype_helmet_loc' is defined in both 'localization/russian/gui/DI_RUS_l_russian.yml' and 'localization/russian/gui/DI_l_russian.yml'.","Expected corrective localization override","Divine Intervention AGOT | Русификатор | Divine Intervention Cheat Menu | Divine Intervention CM [RUS]","localization/russian/gui/DI_RUS_l_russian.yml | localization/russian/gui/DI_l_russian.yml","DI_subtype_helmet_loc","localization/russian/gui/DI_RUS_l_russian.yml","localization/russian/gui/DI_l_russian.yml"
"1147","06:11:21","pdx_localize.cpp:279","Duplicate localization key. Key 'DI_subtype_helmet_simple_loc' is defined in both 'localization/russian/gui/DI_RUS_l_russian.yml' and 'localization/russian/gui/DI_l_russian.yml'.","Expected corrective localization override","Divine Intervention AGOT | Русификатор | Divine Intervention Cheat Menu | Divine Intervention CM [RUS]","localization/russian/gui/DI_RUS_l_russian.yml | localization/russian/gui/DI_l_russian.yml","DI_subtype_helmet_simple_loc","localization/russian/gui/DI_RUS_l_russian.yml","localization/russian/gui/DI_l_russian.yml"
"1148","06:11:21","pdx_localize.cpp:279","Duplicate localization key. Key 'DI_subtype_journal_loc' is defined in both 'localization/russian/gui/DI_RUS_l_russian.yml' and 'localization/russian/gui/DI_l_russian.yml'.","Expected corrective localization override","Divine Intervention AGOT | Русификатор | Divine Intervention Cheat Menu | Divine Intervention CM [RUS]","localization/russian/gui/DI_RUS_l_russian.yml | localization/russian/gui/DI_l_russian.yml","DI_subtype_journal_loc","localization/russian/gui/DI_RUS_l_russian.yml","localization/russian/gui/DI_l_russian.yml"
"1149","06:11:21","pdx_localize.cpp:279","Duplicate localization key. Key 'DI_subtype_jug_loc' is defined in both 'localization/russian/gui/DI_RUS_l_russian.yml' and 'localization/russian/gui/DI_l_russian.yml'.","Expected corrective localization override","Divine Intervention AGOT | Русификатор | Divine Intervention Cheat Menu | Divine Intervention CM [RUS]","localization/russian/gui/DI_RUS_l_russian.yml | localization/russian/gui/DI_l_russian.yml","DI_subtype_jug_loc","localization/russian/gui/DI_RUS_l_russian.yml","localization/russian/gui/DI_l_russian.yml"
"1150","06:11:21","pdx_localize.cpp:279","Duplicate localization key. Key 'DI_subtype_longbow_loc' is defined in both 'localization/russian/gui/DI_RUS_l_russian.yml' and 'localization/russian/gui/DI_l_russian.yml'.","Expected corrective localization override","Divine Intervention AGOT | Русификатор | Divine Intervention Cheat Menu | Divine Intervention CM [RUS]","localization/russian/gui/DI_RUS_l_russian.yml | localization/russian/gui/DI_l_russian.yml","DI_subtype_longbow_loc","localization/russian/gui/DI_RUS_l_russian.yml","localization/russian/gui/DI_l_russian.yml"
"1151","06:11:21","pdx_localize.cpp:279","Duplicate localization key. Key 'DI_subtype_mace_loc' is defined in both 'localization/russian/gui/DI_RUS_l_russian.yml' and 'localization/russian/gui/DI_l_russian.yml'.","Expected corrective localization override","Divine Intervention AGOT | Русификатор | Divine Intervention Cheat Menu | Divine Intervention CM [RUS]","localization/russian/gui/DI_RUS_l_russian.yml | localization/russian/gui/DI_l_russian.yml","DI_subtype_mace_loc","localization/russian/gui/DI_RUS_l_russian.yml","localization/russian/gui/DI_l_russian.yml"
"1152","06:11:21","pdx_localize.cpp:279","Duplicate localization key. Key 'DI_subtype_miscellaneous_loc' is defined in both 'localization/russian/gui/DI_RUS_l_russian.yml' and 'localization/russian/gui/DI_l_russian.yml'.","Expected corrective localization override","Divine Intervention AGOT | Русификатор | Divine Intervention Cheat Menu | Divine Intervention CM [RUS]","localization/russian/gui/DI_RUS_l_russian.yml | localization/russian/gui/DI_l_russian.yml","DI_subtype_miscellaneous_loc","localization/russian/gui/DI_RUS_l_russian.yml","localization/russian/gui/DI_l_russian.yml"
"1153","06:11:21","pdx_localize.cpp:279","Duplicate localization key. Key 'DI_subtype_miscellaneous_when_not_court_loc' is defined in both 'localization/russian/gui/DI_RUS_l_russian.yml' and 'localization/russian/gui/DI_l_russian.yml'.","Expected corrective localization override","Divine Intervention AGOT | Русификатор | Divine Intervention Cheat Menu | Divine Intervention CM [RUS]","localization/russian/gui/DI_RUS_l_russian.yml | localization/russian/gui/DI_l_russian.yml","DI_subtype_miscellaneous_when_not_court_loc","localization/russian/gui/DI_RUS_l_russian.yml","localization/russian/gui/DI_l_russian.yml"
"1154","06:11:21","pdx_localize.cpp:279","Duplicate localization key. Key 'DI_subtype_necklace_loc' is defined in both 'localization/russian/gui/DI_RUS_l_russian.yml' and 'localization/russian/gui/DI_l_russian.yml'.","Expected corrective localization override","Divine Intervention AGOT | Русификатор | Divine Intervention Cheat Menu | Divine Intervention CM [RUS]","localization/russian/gui/DI_RUS_l_russian.yml | localization/russian/gui/DI_l_russian.yml","DI_subtype_necklace_loc","localization/russian/gui/DI_RUS_l_russian.yml","localization/russian/gui/DI_l_russian.yml"
"1155","06:11:21","pdx_localize.cpp:279","Duplicate localization key. Key 'DI_subtype_necklace_pedestal_loc' is defined in both 'localization/russian/gui/DI_RUS_l_russian.yml' and 'localization/russian/gui/DI_l_russian.yml'.","Expected corrective localization override","Divine Intervention AGOT | Русификатор | Divine Intervention Cheat Menu | Divine Intervention CM [RUS]","localization/russian/gui/DI_RUS_l_russian.yml | localization/russian/gui/DI_l_russian.yml","DI_subtype_necklace_pedestal_loc","localization/russian/gui/DI_RUS_l_russian.yml","localization/russian/gui/DI_l_russian.yml"
"1156","06:11:21","pdx_localize.cpp:279","Duplicate localization key. Key 'DI_subtype_panacea_loc' is defined in both 'localization/russian/gui/DI_RUS_l_russian.yml' and 'localization/russian/gui/DI_l_russian.yml'.","Expected corrective localization override","Divine Intervention AGOT | Русификатор | Divine Intervention Cheat Menu | Divine Intervention CM [RUS]","localization/russian/gui/DI_RUS_l_russian.yml | localization/russian/gui/DI_l_russian.yml","DI_subtype_panacea_loc","localization/russian/gui/DI_RUS_l_russian.yml","localization/russian/gui/DI_l_russian.yml"
"1157","06:11:21","pdx_localize.cpp:279","Duplicate localization key. Key 'DI_subtype_pas_darmes_spurs_loc' is defined in both 'localization/russian/gui/DI_RUS_l_russian.yml' and 'localization/russian/gui/DI_l_russian.yml'.","Expected corrective localization override","Divine Intervention AGOT | Русификатор | Divine Intervention Cheat Menu | Divine Intervention CM [RUS]","localization/russian/gui/DI_RUS_l_russian.yml | localization/russian/gui/DI_l_russian.yml","DI_subtype_pas_darmes_spurs_loc","localization/russian/gui/DI_RUS_l_russian.yml","localization/russian/gui/DI_l_russian.yml"
"1158","06:11:21","pdx_localize.cpp:279","Duplicate localization key. Key 'DI_subtype_pas_darmes_token_loc' is defined in both 'localization/russian/gui/DI_RUS_l_russian.yml' and 'localization/russian/gui/DI_l_russian.yml'.","Expected corrective localization override","Divine Intervention AGOT | Русификатор | Divine Intervention Cheat Menu | Divine Intervention CM [RUS]","localization/russian/gui/DI_RUS_l_russian.yml | localization/russian/gui/DI_l_russian.yml","DI_subtype_pas_darmes_token_loc","localization/russian/gui/DI_RUS_l_russian.yml","localization/russian/gui/DI_l_russian.yml"
"1159","06:11:21","pdx_localize.cpp:279","Duplicate localization key. Key 'DI_subtype_pedestal_loc' is defined in both 'localization/russian/gui/DI_RUS_l_russian.yml' and 'localization/russian/gui/DI_l_russian.yml'.","Expected corrective localization override","Divine Intervention AGOT | Русификатор | Divine Intervention Cheat Menu | Divine Intervention CM [RUS]","localization/russian/gui/DI_RUS_l_russian.yml | localization/russian/gui/DI_l_russian.yml","DI_subtype_pedestal_loc","localization/russian/gui/DI_RUS_l_russian.yml","localization/russian/gui/DI_l_russian.yml"
"1160","06:11:21","pdx_localize.cpp:279","Duplicate localization key. Key 'DI_subtype_philosophers_stone_loc' is defined in both 'localization/russian/gui/DI_RUS_l_russian.yml' and 'localization/russian/gui/DI_l_russian.yml'.","Expected corrective localization override","Divine Intervention AGOT | Русификатор | Divine Intervention Cheat Menu | Divine Intervention CM [RUS]","localization/russian/gui/DI_RUS_l_russian.yml | localization/russian/gui/DI_l_russian.yml","DI_subtype_philosophers_stone_loc","localization/russian/gui/DI_RUS_l_russian.yml","localization/russian/gui/DI_l_russian.yml"
"1161","06:11:21","pdx_localize.cpp:279","Duplicate localization key. Key 'DI_subtype_plate_loc' is defined in both 'localization/russian/gui/DI_RUS_l_russian.yml' and 'localization/russian/gui/DI_l_russian.yml'.","Expected corrective localization override","Divine Intervention AGOT | Русификатор | Divine Intervention Cheat Menu | Divine Intervention CM [RUS]","localization/russian/gui/DI_RUS_l_russian.yml | localization/russian/gui/DI_l_russian.yml","DI_subtype_plate_loc","localization/russian/gui/DI_RUS_l_russian.yml","localization/russian/gui/DI_l_russian.yml"
"1162","06:11:21","pdx_localize.cpp:279","Duplicate localization key. Key 'DI_subtype_regalia_loc' is defined in both 'localization/russian/gui/DI_RUS_l_russian.yml' and 'localization/russian/gui/DI_l_russian.yml'.","Expected corrective localization override","Divine Intervention AGOT | Русификатор | Divine Intervention Cheat Menu | Divine Intervention CM [RUS]","localization/russian/gui/DI_RUS_l_russian.yml | localization/russian/gui/DI_l_russian.yml","DI_subtype_regalia_loc","localization/russian/gui/DI_RUS_l_russian.yml","localization/russian/gui/DI_l_russian.yml"
"1163","06:11:21","pdx_localize.cpp:279","Duplicate localization key. Key 'DI_subtype_regalia_simple_loc' is defined in both 'localization/russian/gui/DI_RUS_l_russian.yml' and 'localization/russian/gui/DI_l_russian.yml'.","Expected corrective localization override","Divine Intervention AGOT | Русификатор | Divine Intervention Cheat Menu | Divine Intervention CM [RUS]","localization/russian/gui/DI_RUS_l_russian.yml | localization/russian/gui/DI_l_russian.yml","DI_subtype_regalia_simple_loc","localization/russian/gui/DI_RUS_l_russian.yml","localization/russian/gui/DI_l_russian.yml"
"1164","06:11:21","pdx_localize.cpp:279","Duplicate localization key. Key 'DI_subtype_ring_loc' is defined in both 'localization/russian/gui/DI_RUS_l_russian.yml' and 'localization/russian/gui/DI_l_russian.yml'.","Expected corrective localization override","Divine Intervention AGOT | Русификатор | Divine Intervention Cheat Menu | Divine Intervention CM [RUS]","localization/russian/gui/DI_RUS_l_russian.yml | localization/russian/gui/DI_l_russian.yml","DI_subtype_ring_loc","localization/russian/gui/DI_RUS_l_russian.yml","localization/russian/gui/DI_l_russian.yml"
"1165","06:11:21","pdx_localize.cpp:279","Duplicate localization key. Key 'DI_subtype_scepter_pedestal_loc' is defined in both 'localization/russian/gui/DI_RUS_l_russian.yml' and 'localization/russian/gui/DI_l_russian.yml'.","Expected corrective localization override","Divine Intervention AGOT | Русификатор | Divine Intervention Cheat Menu | Divine Intervention CM [RUS]","localization/russian/gui/DI_RUS_l_russian.yml | localization/russian/gui/DI_l_russian.yml","DI_subtype_scepter_pedestal_loc","localization/russian/gui/DI_RUS_l_russian.yml","localization/russian/gui/DI_l_russian.yml"
"1166","06:11:21","pdx_localize.cpp:279","Duplicate localization key. Key 'DI_subtype_scientific_apparatus_loc' is defined in both 'localization/russian/gui/DI_RUS_l_russian.yml' and 'localization/russian/gui/DI_l_russian.yml'.","Expected corrective localization override","Divine Intervention AGOT | Русификатор | Divine Intervention Cheat Menu | Divine Intervention CM [RUS]","localization/russian/gui/DI_RUS_l_russian.yml | localization/russian/gui/DI_l_russian.yml","DI_subtype_scientific_apparatus_loc","localization/russian/gui/DI_RUS_l_russian.yml","localization/russian/gui/DI_l_russian.yml"
"1167","06:11:21","pdx_localize.cpp:279","Duplicate localization key. Key 'DI_subtype_sculpture_loc' is defined in both 'localization/russian/gui/DI_RUS_l_russian.yml' and 'localization/russian/gui/DI_l_russian.yml'.","Expected corrective localization override","Divine Intervention AGOT | Русификатор | Divine Intervention Cheat Menu | Divine Intervention CM [RUS]","localization/russian/gui/DI_RUS_l_russian.yml | localization/russian/gui/DI_l_russian.yml","DI_subtype_sculpture_loc","localization/russian/gui/DI_RUS_l_russian.yml","localization/russian/gui/DI_l_russian.yml"
"1168","06:11:21","pdx_localize.cpp:279","Duplicate localization key. Key 'DI_subtype_seal_of_investiture_court_loc' is defined in both 'localization/russian/gui/DI_RUS_l_russian.yml' and 'localization/russian/gui/DI_l_russian.yml'.","Expected corrective localization override","Divine Intervention AGOT | Русификатор | Divine Intervention Cheat Menu | Divine Intervention CM [RUS]","localization/russian/gui/DI_RUS_l_russian.yml | localization/russian/gui/DI_l_russian.yml","DI_subtype_seal_of_investiture_court_loc","localization/russian/gui/DI_RUS_l_russian.yml","localization/russian/gui/DI_l_russian.yml"
"1169","06:11:21","pdx_localize.cpp:279","Duplicate localization key. Key 'DI_subtype_seal_of_investiture_loc' is defined in both 'localization/russian/gui/DI_RUS_l_russian.yml' and 'localization/russian/gui/DI_l_russian.yml'.","Expected corrective localization override","Divine Intervention AGOT | Русификатор | Divine Intervention Cheat Menu | Divine Intervention CM [RUS]","localization/russian/gui/DI_RUS_l_russian.yml | localization/russian/gui/DI_l_russian.yml","DI_subtype_seal_of_investiture_loc","localization/russian/gui/DI_RUS_l_russian.yml","localization/russian/gui/DI_l_russian.yml"
"1170","06:11:21","pdx_localize.cpp:279","Duplicate localization key. Key 'DI_subtype_spear_loc' is defined in both 'localization/russian/gui/DI_RUS_l_russian.yml' and 'localization/russian/gui/DI_l_russian.yml'.","Expected corrective localization override","Divine Intervention AGOT | Русификатор | Divine Intervention Cheat Menu | Divine Intervention CM [RUS]","localization/russian/gui/DI_RUS_l_russian.yml | localization/russian/gui/DI_l_russian.yml","DI_subtype_spear_loc","localization/russian/gui/DI_RUS_l_russian.yml","localization/russian/gui/DI_l_russian.yml"
"1171","06:11:21","pdx_localize.cpp:279","Duplicate localization key. Key 'DI_subtype_sword_loc' is defined in both 'localization/russian/gui/DI_RUS_l_russian.yml' and 'localization/russian/gui/DI_l_russian.yml'.","Expected corrective localization override","Divine Intervention AGOT | Русификатор | Divine Intervention Cheat Menu | Divine Intervention CM [RUS]","localization/russian/gui/DI_RUS_l_russian.yml | localization/russian/gui/DI_l_russian.yml","DI_subtype_sword_loc","localization/russian/gui/DI_RUS_l_russian.yml","localization/russian/gui/DI_l_russian.yml"
"1172","06:11:21","pdx_localize.cpp:279","Duplicate localization key. Key 'DI_subtype_tapestry_loc' is defined in both 'localization/russian/gui/DI_RUS_l_russian.yml' and 'localization/russian/gui/DI_l_russian.yml'.","Expected corrective localization override","Divine Intervention AGOT | Русификатор | Divine Intervention Cheat Menu | Divine Intervention CM [RUS]","localization/russian/gui/DI_RUS_l_russian.yml | localization/russian/gui/DI_l_russian.yml","DI_subtype_tapestry_loc","localization/russian/gui/DI_RUS_l_russian.yml","localization/russian/gui/DI_l_russian.yml"
"1173","06:11:21","pdx_localize.cpp:279","Duplicate localization key. Key 'DI_subtype_throne_loc' is defined in both 'localization/russian/gui/DI_RUS_l_russian.yml' and 'localization/russian/gui/DI_l_russian.yml'.","Expected corrective localization override","Divine Intervention AGOT | Русификатор | Divine Intervention Cheat Menu | Divine Intervention CM [RUS]","localization/russian/gui/DI_RUS_l_russian.yml | localization/russian/gui/DI_l_russian.yml","DI_subtype_throne_loc","localization/russian/gui/DI_RUS_l_russian.yml","localization/russian/gui/DI_l_russian.yml"
"1174","06:11:21","pdx_localize.cpp:279","Duplicate localization key. Key 'DI_subtype_throne_special_loc' is defined in both 'localization/russian/gui/DI_RUS_l_russian.yml' and 'localization/russian/gui/DI_l_russian.yml'.","Expected corrective localization override","Divine Intervention AGOT | Русификатор | Divine Intervention Cheat Menu | Divine Intervention CM [RUS]","localization/russian/gui/DI_RUS_l_russian.yml | localization/russian/gui/DI_l_russian.yml","DI_subtype_throne_special_loc","localization/russian/gui/DI_RUS_l_russian.yml","localization/russian/gui/DI_l_russian.yml"
"1175","06:11:21","pdx_localize.cpp:279","Duplicate localization key. Key 'DI_subtype_tournament_favor_loc' is defined in both 'localization/russian/gui/DI_RUS_l_russian.yml' and 'localization/russian/gui/DI_l_russian.yml'.","Expected corrective localization override","Divine Intervention AGOT | Русификатор | Divine Intervention Cheat Menu | Divine Intervention CM [RUS]","localization/russian/gui/DI_RUS_l_russian.yml | localization/russian/gui/DI_l_russian.yml","DI_subtype_tournament_favor_loc","localization/russian/gui/DI_RUS_l_russian.yml","localization/russian/gui/DI_l_russian.yml"
"1176","06:11:21","pdx_localize.cpp:279","Duplicate localization key. Key 'DI_subtype_tun_barrel_loc' is defined in both 'localization/russian/gui/DI_RUS_l_russian.yml' and 'localization/russian/gui/DI_l_russian.yml'.","Expected corrective localization override","Divine Intervention AGOT | Русификатор | Divine Intervention Cheat Menu | Divine Intervention CM [RUS]","localization/russian/gui/DI_RUS_l_russian.yml | localization/russian/gui/DI_l_russian.yml","DI_subtype_tun_barrel_loc","localization/russian/gui/DI_RUS_l_russian.yml","localization/russian/gui/DI_l_russian.yml"
"1177","06:11:21","pdx_localize.cpp:279","Duplicate localization key. Key 'DI_subtype_urn_loc' is defined in both 'localization/russian/gui/DI_RUS_l_russian.yml' and 'localization/russian/gui/DI_l_russian.yml'.","Expected corrective localization override","Divine Intervention AGOT | Русификатор | Divine Intervention Cheat Menu | Divine Intervention CM [RUS]","localization/russian/gui/DI_RUS_l_russian.yml | localization/russian/gui/DI_l_russian.yml","DI_subtype_urn_loc","localization/russian/gui/DI_RUS_l_russian.yml","localization/russian/gui/DI_l_russian.yml"
"1178","06:11:21","pdx_localize.cpp:279","Duplicate localization key. Key 'DI_subtype_wall_big_loc' is defined in both 'localization/russian/gui/DI_RUS_l_russian.yml' and 'localization/russian/gui/DI_l_russian.yml'.","Expected corrective localization override","Divine Intervention AGOT | Русификатор | Divine Intervention Cheat Menu | Divine Intervention CM [RUS]","localization/russian/gui/DI_RUS_l_russian.yml | localization/russian/gui/DI_l_russian.yml","DI_subtype_wall_big_loc","localization/russian/gui/DI_RUS_l_russian.yml","localization/russian/gui/DI_l_russian.yml"
"1179","06:11:21","pdx_localize.cpp:279","Duplicate localization key. Key 'DI_subtype_wall_icon_court_large_loc' is defined in both 'localization/russian/gui/DI_RUS_l_russian.yml' and 'localization/russian/gui/DI_l_russian.yml'.","Expected corrective localization override","Divine Intervention AGOT | Русификатор | Divine Intervention Cheat Menu | Divine Intervention CM [RUS]","localization/russian/gui/DI_RUS_l_russian.yml | localization/russian/gui/DI_l_russian.yml","DI_subtype_wall_icon_court_large_loc","localization/russian/gui/DI_RUS_l_russian.yml","localization/russian/gui/DI_l_russian.yml"
"1180","06:11:21","pdx_localize.cpp:279","Duplicate localization key. Key 'DI_subtype_wall_icon_court_small_loc' is defined in both 'localization/russian/gui/DI_RUS_l_russian.yml' and 'localization/russian/gui/DI_l_russian.yml'.","Expected corrective localization override","Divine Intervention AGOT | Русификатор | Divine Intervention Cheat Menu | Divine Intervention CM [RUS]","localization/russian/gui/DI_RUS_l_russian.yml | localization/russian/gui/DI_l_russian.yml","DI_subtype_wall_icon_court_small_loc","localization/russian/gui/DI_RUS_l_russian.yml","localization/russian/gui/DI_l_russian.yml"
"1181","06:11:21","pdx_localize.cpp:279","Duplicate localization key. Key 'DI_subtype_wall_shield_loc' is defined in both 'localization/russian/gui/DI_RUS_l_russian.yml' and 'localization/russian/gui/DI_l_russian.yml'.","Expected corrective localization override","Divine Intervention AGOT | Русификатор | Divine Intervention Cheat Menu | Divine Intervention CM [RUS]","localization/russian/gui/DI_RUS_l_russian.yml | localization/russian/gui/DI_l_russian.yml","DI_subtype_wall_shield_loc","localization/russian/gui/DI_RUS_l_russian.yml","localization/russian/gui/DI_l_russian.yml"
"1182","06:11:21","pdx_localize.cpp:279","Duplicate localization key. Key 'DI_subtype_wall_shield_special_loc' is defined in both 'localization/russian/gui/DI_RUS_l_russian.yml' and 'localization/russian/gui/DI_l_russian.yml'.","Expected corrective localization override","Divine Intervention AGOT | Русификатор | Divine Intervention Cheat Menu | Divine Intervention CM [RUS]","localization/russian/gui/DI_RUS_l_russian.yml | localization/russian/gui/DI_l_russian.yml","DI_subtype_wall_shield_special_loc","localization/russian/gui/DI_RUS_l_russian.yml","localization/russian/gui/DI_l_russian.yml"
"1183","06:11:21","pdx_localize.cpp:279","Duplicate localization key. Key 'DI_subtype_wall_small_loc' is defined in both 'localization/russian/gui/DI_RUS_l_russian.yml' and 'localization/russian/gui/DI_l_russian.yml'.","Expected corrective localization override","Divine Intervention AGOT | Русификатор | Divine Intervention Cheat Menu | Divine Intervention CM [RUS]","localization/russian/gui/DI_RUS_l_russian.yml | localization/russian/gui/DI_l_russian.yml","DI_subtype_wall_small_loc","localization/russian/gui/DI_RUS_l_russian.yml","localization/russian/gui/DI_l_russian.yml"
"1184","06:11:21","pdx_localize.cpp:279","Duplicate localization key. Key 'CHARACTER_IN_LOCATION_MISSING' is defined in both 'localization/russian/agot/gui/agot_common_l_russian.yml' and 'localization/russian/gui/asoiaf_character_window_l_russian.yml'.","Reviewed same-object mod override","A Game of Thrones | Русификатор | AGOT+ rus","localization/russian/agot/gui/agot_common_l_russian.yml | localization/russian/gui/asoiaf_character_window_l_russian.yml","CHARACTER_IN_LOCATION_MISSING","localization/russian/agot/gui/agot_common_l_russian.yml","localization/russian/gui/asoiaf_character_window_l_russian.yml"
"1185","06:11:22","pdx_localize.cpp:279","Duplicate localization key. Key 'DRAGON_PREFIX' is defined in both 'localization/russian/valyrian_modifiers_l_russian.yml' and 'localization/russian/modifiers/valyrian_modifiers_l_russian.yml'.","Identical localization definitions","Valyrian Steel | Valyrian Steel - Русификация","localization/russian/valyrian_modifiers_l_russian.yml | localization/russian/modifiers/valyrian_modifiers_l_russian.yml","DRAGON_PREFIX","localization/russian/valyrian_modifiers_l_russian.yml","localization/russian/modifiers/valyrian_modifiers_l_russian.yml"
"1186","06:11:22","pdx_localize.cpp:279","Duplicate localization key. Key 'scheme_dragon_horn' is defined in both 'localization/russian/valyrian_modifiers_l_russian.yml' and 'localization/russian/modifiers/valyrian_modifiers_l_russian.yml'.","Identical localization definitions","Valyrian Steel | Valyrian Steel - Русификация","localization/russian/valyrian_modifiers_l_russian.yml | localization/russian/modifiers/valyrian_modifiers_l_russian.yml","scheme_dragon_horn","localization/russian/valyrian_modifiers_l_russian.yml","localization/russian/modifiers/valyrian_modifiers_l_russian.yml"
"1187","06:11:22","pdx_localize.cpp:279","Duplicate localization key. Key 'scheme_dragon_whip' is defined in both 'localization/russian/valyrian_modifiers_l_russian.yml' and 'localization/russian/modifiers/valyrian_modifiers_l_russian.yml'.","Expected external translation override","Valyrian Steel | Valyrian Steel - Русификация","localization/russian/valyrian_modifiers_l_russian.yml | localization/russian/modifiers/valyrian_modifiers_l_russian.yml","scheme_dragon_whip","localization/russian/valyrian_modifiers_l_russian.yml","localization/russian/modifiers/valyrian_modifiers_l_russian.yml"
"1188","06:11:22","pdx_localize.cpp:279","Duplicate localization key. Key 'scheme_valyrian_book' is defined in both 'localization/russian/valyrian_modifiers_l_russian.yml' and 'localization/russian/modifiers/valyrian_modifiers_l_russian.yml'.","Identical localization definitions","Valyrian Steel | Valyrian Steel - Русификация","localization/russian/valyrian_modifiers_l_russian.yml | localization/russian/modifiers/valyrian_modifiers_l_russian.yml","scheme_valyrian_book","localization/russian/valyrian_modifiers_l_russian.yml","localization/russian/modifiers/valyrian_modifiers_l_russian.yml"
"1189","06:11:22","pdx_localize.cpp:279","Duplicate localization key. Key 'scheme_dragon_horn_enchanted' is defined in both 'localization/russian/valyrian_modifiers_l_russian.yml' and 'localization/russian/modifiers/valyrian_modifiers_l_russian.yml'.","Expected external translation override","Valyrian Steel | Valyrian Steel - Русификация","localization/russian/valyrian_modifiers_l_russian.yml | localization/russian/modifiers/valyrian_modifiers_l_russian.yml","scheme_dragon_horn_enchanted","localization/russian/valyrian_modifiers_l_russian.yml","localization/russian/modifiers/valyrian_modifiers_l_russian.yml"
"1190","06:11:22","pdx_localize.cpp:279","Duplicate localization key. Key 'artifact_dragon_bond_enchanted' is defined in both 'localization/russian/valyrian_modifiers_l_russian.yml' and 'localization/russian/modifiers/valyrian_modifiers_l_russian.yml'.","Expected external translation override","Valyrian Steel | Valyrian Steel - Русификация","localization/russian/valyrian_modifiers_l_russian.yml | localization/russian/modifiers/valyrian_modifiers_l_russian.yml","artifact_dragon_bond_enchanted","localization/russian/valyrian_modifiers_l_russian.yml","localization/russian/modifiers/valyrian_modifiers_l_russian.yml"
"1191","06:11:22","pdx_localize.cpp:279","Duplicate localization key. Key 'artifact_health_penalty_4_modifier' is defined in both 'localization/russian/valyrian_modifiers_l_russian.yml' and 'localization/russian/modifiers/valyrian_modifiers_l_russian.yml'.","Expected external translation override","Valyrian Steel | Valyrian Steel - Русификация","localization/russian/valyrian_modifiers_l_russian.yml | localization/russian/modifiers/valyrian_modifiers_l_russian.yml","artifact_health_penalty_4_modifier","localization/russian/valyrian_modifiers_l_russian.yml","localization/russian/modifiers/valyrian_modifiers_l_russian.yml"
"1192","06:12:59","pdxassetutil.cpp:1009","Duplicate texture 'ethiopian_atlas_diffuse.dds' found (current path 'gfx/models/buildings/special/Karhold/ethiopian_atlas_diffuse.dds', previous path 'gfx/models/buildings/holdings/atlas/ethiopian/ethiopian_atlas_diffuse.dds')","Graphics / portrait source error","A Game of Thrones | AGOT Submods | Единые исправления","gfx/models/buildings/holdings/atlas/ethiopian/ethiopian_atlas_diffuse.dds | gfx/models/buildings/special/Karhold/ethiopian_atlas_diffuse.dds","","",""
"1193","06:12:59","pdxassetutil.cpp:1009","Duplicate texture 'ethiopian_atlas_diffuse.dds' found (current path 'gfx/models/buildings/special/Runestone/ethiopian_atlas_diffuse.dds', previous path 'gfx/models/buildings/holdings/atlas/ethiopian/ethiopian_atlas_diffuse.dds')","Graphics / portrait source error","A Game of Thrones | AGOT Submods | Единые исправления","gfx/models/buildings/holdings/atlas/ethiopian/ethiopian_atlas_diffuse.dds | gfx/models/buildings/special/Runestone/ethiopian_atlas_diffuse.dds","","",""
"1194","06:13:04","pdxassetutil.cpp:1053","Failed to find texture 'gfx/models/buildings/special/ep3_patras_castle_01_a/ep3_patras_castle_ground_diffuse.dds'","Graphics / portrait source error","CK3","gfx/models/buildings/special/ep3_patras_castle_01_a/ep3_patras_castle_ground_diffuse.dds","","",""
"1195","06:13:04","virtualfilesystem.cpp:456","Could not find texture due to 'VFSOpen Error: gfx/models/buildings/special/high_hermitage/gfx/models/buildings/special/ep3_patras_castle_01_a/ep3_patras_castle_ground_diffuse.dds not found'","Other error","Unresolved file","gfx/models/buildings/special/high_hermitage/gfx/models/buildings/special/ep3_patras_castle_01_a/ep3_patras_castle_ground_diffuse.dds","","",""
"1196","06:13:04","pdxassetutil.cpp:1053","Failed to find texture 'gfx/models/buildings/special/ep3_patras_castle_01_a/ep3_patras_castle_ground_properties.dds'","Graphics / portrait source error","CK3","gfx/models/buildings/special/ep3_patras_castle_01_a/ep3_patras_castle_ground_properties.dds","","",""
"1197","06:13:04","virtualfilesystem.cpp:456","Could not find texture due to 'VFSOpen Error: gfx/models/buildings/special/high_hermitage/gfx/models/buildings/special/ep3_patras_castle_01_a/ep3_patras_castle_ground_properties.dds not found'","Other error","Unresolved file","gfx/models/buildings/special/high_hermitage/gfx/models/buildings/special/ep3_patras_castle_01_a/ep3_patras_castle_ground_properties.dds","","",""
"1198","06:13:04","pdxassetutil.cpp:1053","Failed to find texture 'gfx/models/buildings/special/ep3_patras_castle_01_a/ep3_patras_castle_ground_normal.dds'","Graphics / portrait source error","CK3","gfx/models/buildings/special/ep3_patras_castle_01_a/ep3_patras_castle_ground_normal.dds","","",""
"1199","06:13:04","virtualfilesystem.cpp:456","Could not find texture due to 'VFSOpen Error: gfx/models/buildings/special/high_hermitage/gfx/models/buildings/special/ep3_patras_castle_01_a/ep3_patras_castle_ground_normal.dds not found'","Other error","Unresolved file","gfx/models/buildings/special/high_hermitage/gfx/models/buildings/special/ep3_patras_castle_01_a/ep3_patras_castle_ground_normal.dds","","",""
"1200","06:13:04","pdxassetutil.cpp:1053","Failed to find texture 'gfx/models/buildings/special/ep3_patras_castle_01_a/ep3_patras_castle_01_a_unique.dds'","Graphics / portrait source error","CK3","gfx/models/buildings/special/ep3_patras_castle_01_a/ep3_patras_castle_01_a_unique.dds","","",""
"1201","06:13:04","virtualfilesystem.cpp:456","Could not find texture due to 'VFSOpen Error: gfx/models/buildings/special/high_hermitage/gfx/models/buildings/special/ep3_patras_castle_01_a/ep3_patras_castle_01_a_unique.dds not found'","Other error","Unresolved file","gfx/models/buildings/special/high_hermitage/gfx/models/buildings/special/ep3_patras_castle_01_a/ep3_patras_castle_01_a_unique.dds","","",""
"1202","06:13:05","pdxassetutil.cpp:1053","Failed to find texture 'gfx/models/debug/no_properties.dds'","Graphics / portrait source error","CK3","gfx/models/debug/no_properties.dds","","",""
"1203","06:13:05","virtualfilesystem.cpp:456","Could not find texture due to 'VFSOpen Error: gfx/models/buildings/special/castamere/gfx/models/debug/no_properties.dds not found'","Other error","Unresolved file","gfx/models/buildings/special/castamere/gfx/models/debug/no_properties.dds","","",""
"1204","06:13:05","pdxassetutil.cpp:1053","Failed to find texture 'gfx/models/debug/no_normal.dds'","Graphics / portrait source error","CK3","gfx/models/debug/no_normal.dds","","",""
"1205","06:13:05","virtualfilesystem.cpp:456","Could not find texture due to 'VFSOpen Error: gfx/models/buildings/special/castamere/gfx/models/debug/no_normal.dds not found'","Other error","Unresolved file","gfx/models/buildings/special/castamere/gfx/models/debug/no_normal.dds","","",""
"1206","06:13:05","pdxassetutil.cpp:1053","Failed to find texture 'gfx/models/debug/no_properties.dds'","Graphics / portrait source error","CK3","gfx/models/debug/no_properties.dds","","",""
"1207","06:13:05","virtualfilesystem.cpp:456","Could not find texture due to 'VFSOpen Error: gfx/models/buildings/special/castamere/gfx/models/debug/no_properties.dds not found'","Other error","Unresolved file","gfx/models/buildings/special/castamere/gfx/models/debug/no_properties.dds","","",""
"1208","06:13:05","pdxassetutil.cpp:1053","Failed to find texture 'gfx/models/debug/no_normal.dds'","Graphics / portrait source error","CK3","gfx/models/debug/no_normal.dds","","",""
"1209","06:13:05","virtualfilesystem.cpp:456","Could not find texture due to 'VFSOpen Error: gfx/models/buildings/special/castamere/gfx/models/debug/no_normal.dds not found'","Other error","Unresolved file","gfx/models/buildings/special/castamere/gfx/models/debug/no_normal.dds","","",""
"1210","06:13:06","pdxassetutil.cpp:1053","Failed to find texture 'gfx/models/buildings/holdings/atlas/ethiopian/ethiopian_atlas_properties.dds'","Graphics / portrait source error","A Game of Thrones","gfx/models/buildings/holdings/atlas/ethiopian/ethiopian_atlas_properties.dds","","",""
"1211","06:13:06","virtualfilesystem.cpp:456","Could not find texture due to 'VFSOpen Error: gfx/models/buildings/special/Karhold/gfx/models/buildings/holdings/atlas/ethiopian/ethiopian_atlas_properties.dds not found'","Other error","Unresolved file","gfx/models/buildings/special/Karhold/gfx/models/buildings/holdings/atlas/ethiopian/ethiopian_atlas_properties.dds","","",""
"1212","06:13:06","pdxassetutil.cpp:1053","Failed to find texture 'gfx/models/buildings/holdings/atlas/ethiopian/ethiopian_atlas_normal.dds'","Graphics / portrait source error","A Game of Thrones","gfx/models/buildings/holdings/atlas/ethiopian/ethiopian_atlas_normal.dds","","",""
"1213","06:13:06","virtualfilesystem.cpp:456","Could not find texture due to 'VFSOpen Error: gfx/models/buildings/special/Karhold/gfx/models/buildings/holdings/atlas/ethiopian/ethiopian_atlas_normal.dds not found'","Other error","Unresolved file","gfx/models/buildings/special/Karhold/gfx/models/buildings/holdings/atlas/ethiopian/ethiopian_atlas_normal.dds","","",""
"1214","06:13:07","pdxassetutil.cpp:1053","Failed to find texture 'gfx/models/debug/no_properties.dds'","Graphics / portrait source error","CK3","gfx/models/debug/no_properties.dds","","",""
"1215","06:13:07","virtualfilesystem.cpp:456","Could not find texture due to 'VFSOpen Error: gfx/models/buildings/special/castamere/gfx/models/debug/no_properties.dds not found'","Other error","Unresolved file","gfx/models/buildings/special/castamere/gfx/models/debug/no_properties.dds","","",""
"1216","06:13:07","pdxassetutil.cpp:1053","Failed to find texture 'gfx/models/debug/no_normal.dds'","Graphics / portrait source error","CK3","gfx/models/debug/no_normal.dds","","",""
"1217","06:13:07","virtualfilesystem.cpp:456","Could not find texture due to 'VFSOpen Error: gfx/models/buildings/special/castamere/gfx/models/debug/no_normal.dds not found'","Other error","Unresolved file","gfx/models/buildings/special/castamere/gfx/models/debug/no_normal.dds","","",""
"1218","06:13:07","pdxassetutil.cpp:1053","Failed to find texture 'gfx/models/debug/no_properties.dds'","Graphics / portrait source error","CK3","gfx/models/debug/no_properties.dds","","",""
"1219","06:13:07","virtualfilesystem.cpp:456","Could not find texture due to 'VFSOpen Error: gfx/models/buildings/special/castamere/gfx/models/debug/no_properties.dds not found'","Other error","Unresolved file","gfx/models/buildings/special/castamere/gfx/models/debug/no_properties.dds","","",""
"1220","06:13:07","pdxassetutil.cpp:1053","Failed to find texture 'gfx/models/debug/no_normal.dds'","Graphics / portrait source error","CK3","gfx/models/debug/no_normal.dds","","",""
"1221","06:13:07","virtualfilesystem.cpp:456","Could not find texture due to 'VFSOpen Error: gfx/models/buildings/special/castamere/gfx/models/debug/no_normal.dds not found'","Other error","Unresolved file","gfx/models/buildings/special/castamere/gfx/models/debug/no_normal.dds","","",""
"1222","06:13:09","pdxassetutil.cpp:1053","Failed to find texture 'gfx/models/debug/no_properties.dds'","Graphics / portrait source error","CK3","gfx/models/debug/no_properties.dds","","",""
"1223","06:13:09","virtualfilesystem.cpp:456","Could not find texture due to 'VFSOpen Error: gfx/models/buildings/special/castamere/gfx/models/debug/no_properties.dds not found'","Other error","Unresolved file","gfx/models/buildings/special/castamere/gfx/models/debug/no_properties.dds","","",""
"1224","06:13:09","pdxassetutil.cpp:1053","Failed to find texture 'gfx/models/debug/no_normal.dds'","Graphics / portrait source error","CK3","gfx/models/debug/no_normal.dds","","",""
"1225","06:13:09","virtualfilesystem.cpp:456","Could not find texture due to 'VFSOpen Error: gfx/models/buildings/special/castamere/gfx/models/debug/no_normal.dds not found'","Other error","Unresolved file","gfx/models/buildings/special/castamere/gfx/models/debug/no_normal.dds","","",""
"1226","06:13:09","pdxassetutil.cpp:1053","Failed to find texture 'gfx/models/debug/no_properties.dds'","Graphics / portrait source error","CK3","gfx/models/debug/no_properties.dds","","",""
"1227","06:13:09","virtualfilesystem.cpp:456","Could not find texture due to 'VFSOpen Error: gfx/models/buildings/special/castamere/gfx/models/debug/no_properties.dds not found'","Other error","Unresolved file","gfx/models/buildings/special/castamere/gfx/models/debug/no_properties.dds","","",""
"1228","06:13:09","pdxassetutil.cpp:1053","Failed to find texture 'gfx/models/debug/no_normal.dds'","Graphics / portrait source error","CK3","gfx/models/debug/no_normal.dds","","",""
"1229","06:13:09","virtualfilesystem.cpp:456","Could not find texture due to 'VFSOpen Error: gfx/models/buildings/special/castamere/gfx/models/debug/no_normal.dds not found'","Other error","Unresolved file","gfx/models/buildings/special/castamere/gfx/models/debug/no_normal.dds","","",""
"1230","06:13:09","pdxassetutil.cpp:1053","Failed to find texture 'gfx/models/debug/no_properties.dds'","Graphics / portrait source error","CK3","gfx/models/debug/no_properties.dds","","",""
"1231","06:13:09","virtualfilesystem.cpp:456","Could not find texture due to 'VFSOpen Error: gfx/models/buildings/special/castamere/gfx/models/debug/no_properties.dds not found'","Other error","Unresolved file","gfx/models/buildings/special/castamere/gfx/models/debug/no_properties.dds","","",""
"1232","06:13:09","pdxassetutil.cpp:1053","Failed to find texture 'gfx/models/debug/no_normal.dds'","Graphics / portrait source error","CK3","gfx/models/debug/no_normal.dds","","",""
"1233","06:13:09","virtualfilesystem.cpp:456","Could not find texture due to 'VFSOpen Error: gfx/models/buildings/special/castamere/gfx/models/debug/no_normal.dds not found'","Other error","Unresolved file","gfx/models/buildings/special/castamere/gfx/models/debug/no_normal.dds","","",""
"1234","06:13:43","decision_type.cpp:224","show_notifications_decision has 'ai_check_interval'/'ai_check_interval_by_tier' that's negative or unset. Setting to 0 instead","Script / database error","","","","",""
"1235","06:13:47","pdx_persistent_reader.cpp:216","Error: ""Unexpected token: confucian_education_xp_gain_mult, near line: 4047"" in file: ""common/modifiers/DI_modifiers.txt"" near line: 4047","Script / database error","Divine Intervention Cheat Menu","common/modifiers/DI_modifiers.txt","","",""
"1236","06:13:50","jomini_eventtarget.cpp:692","Failed to find a valid event target link 'house_Blackfyre' at file: common/scripted_triggers/tgc_loaded_trigger.txt line: 127 (tgc_blackfyre_equipment_trigger)","Script / database error","AGOT Submod Core","common/scripted_triggers/tgc_loaded_trigger.txt","","",""
"1237","06:13:50","portraitaccessories.cpp:159","accessory group [clothes:brightboar_swordsman_armour] has an invalid accessory ""male_clothes_secular_brightboar_swordsman""","Graphics / portrait source error","","","","",""
"1238","06:13:50","portraitaccessories.cpp:159","accessory group [clothes:brightboar_swordsman_armour] has an invalid accessory ""female_clothes_secular_brightboar_swordsman""","Graphics / portrait source error","","","","",""
"1239","06:13:50","portraitaccessories.cpp:159","accessory group [clothes:brightboar_swordsman_armour] has an invalid accessory ""male_clothes_secular_brightboar_swordsman""","Graphics / portrait source error","","","","",""
"1240","06:13:50","portraitaccessories.cpp:159","accessory group [clothes:brightboar_swordsman_armour] has an invalid accessory ""female_clothes_secular_brightboar_swordsman""","Graphics / portrait source error","","","","",""
"1241","06:13:50","portraitaccessories.cpp:159","accessory group [clothes:golden_company_armor_blackfyre] has an invalid accessory ""male_clothes_captainsArmor_blackfyreAlt_01""","Graphics / portrait source error","","","","",""
"1242","06:13:50","portraitaccessories.cpp:159","accessory group [clothes:golden_company_armor_blackfyre] has an invalid accessory ""male_clothes_captainsArmorMetal_blackfyreAlt_01""","Graphics / portrait source error","","","","",""
"1243","06:13:50","portraitaccessories.cpp:159","accessory group [clothes:golden_company_armor_blackfyre] has an invalid accessory ""male_clothes_ornateVest_blackfyreAlt_01""","Graphics / portrait source error","","","","",""
"1244","06:13:50","portraitaccessories.cpp:159","accessory group [clothes:golden_company_armor_blackfyre] has an invalid accessory ""male_clothes_standardVest_blackfyreAlt_01""","Graphics / portrait source error","","","","",""
"1245","06:13:50","portraitaccessories.cpp:159","accessory group [clothes:golden_company_armor_blackfyre] has an invalid accessory ""male_clothes_platedVest_blackfyreAlt_01""","Graphics / portrait source error","","","","",""
"1246","06:13:50","portraitaccessories.cpp:159","accessory group [clothes:golden_company_armor_blackfyre] has an invalid accessory ""male_clothes_captainsArmor_blackfyreAlt_01""","Graphics / portrait source error","","","","",""
"1247","06:13:50","portraitaccessories.cpp:159","accessory group [clothes:golden_company_armor_blackfyre] has an invalid accessory ""male_clothes_captainsArmorMetal_blackfyreAlt_01""","Graphics / portrait source error","","","","",""
"1248","06:13:50","portraitaccessories.cpp:159","accessory group [clothes:golden_company_armor_blackfyre] has an invalid accessory ""male_clothes_ornateVest_blackfyreAlt_01""","Graphics / portrait source error","","","","",""
"1249","06:13:50","portraitaccessories.cpp:159","accessory group [clothes:golden_company_armor_blackfyre] has an invalid accessory ""male_clothes_standardVest_blackfyreAlt_01""","Graphics / portrait source error","","","","",""
"1250","06:13:50","portraitaccessories.cpp:159","accessory group [clothes:golden_company_armor_blackfyre] has an invalid accessory ""male_clothes_platedVest_blackfyreAlt_01""","Graphics / portrait source error","","","","",""
"1251","06:13:50","portraitaccessories.cpp:159","accessory group [headgear:tgc_helmets] has an invalid accessory ""male_headgear_tgc_helm_blackfyre_01""","Graphics / portrait source error","","","","",""
"1252","06:13:50","portraitaccessories.cpp:159","accessory group [headgear:tgc_helmets] has an invalid accessory ""male_headgear_tgc_helm_blackfyreAlt_01""","Graphics / portrait source error","","","","",""
"1253","06:13:50","portraitaccessories.cpp:159","accessory group [headgear:tgc_helmets] has an invalid accessory ""male_headgear_tgc_helm_blackfyre_02""","Graphics / portrait source error","","","","",""
"1254","06:13:50","portraitaccessories.cpp:159","accessory group [headgear:tgc_helmets] has an invalid accessory ""male_headgear_tgc_helm_blackfyreAlt_02""","Graphics / portrait source error","","","","",""
"1255","06:13:50","portraitaccessories.cpp:159","accessory group [headgear:tgc_helmets] has an invalid accessory ""male_headgear_tgc_helm_blackfyre_03""","Graphics / portrait source error","","","","",""
"1256","06:13:50","portraitaccessories.cpp:159","accessory group [headgear:tgc_helmets] has an invalid accessory ""male_headgear_tgc_helm_blackfyreAlt_03""","Graphics / portrait source error","","","","",""
"1257","06:13:50","portraitaccessories.cpp:159","accessory group [headgear:tgc_helmets] has an invalid accessory ""male_headgear_tgc_helm_blackfyre_01""","Graphics / portrait source error","","","","",""
"1258","06:13:50","portraitaccessories.cpp:159","accessory group [headgear:tgc_helmets] has an invalid accessory ""male_headgear_tgc_helm_blackfyreAlt_01""","Graphics / portrait source error","","","","",""
"1259","06:13:50","portraitaccessories.cpp:159","accessory group [headgear:tgc_helmets] has an invalid accessory ""male_headgear_tgc_helm_blackfyre_02""","Graphics / portrait source error","","","","",""
"1260","06:13:50","portraitaccessories.cpp:159","accessory group [headgear:tgc_helmets] has an invalid accessory ""male_headgear_tgc_helm_blackfyreAlt_02""","Graphics / portrait source error","","","","",""
"1261","06:13:50","portraitaccessories.cpp:159","accessory group [headgear:tgc_helmets] has an invalid accessory ""male_headgear_tgc_helm_blackfyre_03""","Graphics / portrait source error","","","","",""
"1262","06:13:50","portraitaccessories.cpp:159","accessory group [headgear:tgc_helmets] has an invalid accessory ""male_headgear_tgc_helm_blackfyreAlt_03""","Graphics / portrait source error","","","","",""
"1263","06:13:50","portraitaccessories.cpp:159","accessory group [legwear:tgc_pants_blackfyre] has an invalid accessory ""male_legwear_captainsPants_blackfyreAlt_01""","Graphics / portrait source error","","","","",""
"1264","06:13:50","portraitaccessories.cpp:159","accessory group [legwear:tgc_pants_blackfyre] has an invalid accessory ""male_legwear_standardPants_blackfyreAlt_01""","Graphics / portrait source error","","","","",""
"1265","06:13:50","portraitaccessories.cpp:159","accessory group [legwear:tgc_pants_blackfyre] has an invalid accessory ""male_legwear_twoSwordsPants_blackfyreAlt_01""","Graphics / portrait source error","","","","",""
"1266","06:13:50","portraitaccessories.cpp:159","accessory group [legwear:tgc_pants_blackfyre] has an invalid accessory ""male_legwear_captainsPants_blackfyreAlt_01""","Graphics / portrait source error","","","","",""
"1267","06:13:50","portraitaccessories.cpp:159","accessory group [legwear:tgc_pants_blackfyre] has an invalid accessory ""male_legwear_standardPants_blackfyreAlt_01""","Graphics / portrait source error","","","","",""
"1268","06:13:50","portraitaccessories.cpp:159","accessory group [legwear:tgc_pants_blackfyre] has an invalid accessory ""male_legwear_twoSwordsPants_blackfyreAlt_01""","Graphics / portrait source error","","","","",""
"1269","06:13:50","pdx_persistent_reader.cpp:216","Error: ""Failed to read key reference: 1453_end_date: 1453_end_date, near line: 3
Failed to read key reference: rhomaion_name_of_byzantium: rhomaion_name_of_byzantium, near line: 3
Failed to read key reference: default_mongol_invasion: default_mongol_invasion, near line: 3
Failed to read key reference: random_ruler_placement_off: random_ruler_placement_off, near line: 3
Failed to read key reference: launch_historical: launch_historical, near line: 3
Failed to read key reference: fp1_scandi_adventurers_apocalyptic: fp1_scandi_adventurers_apocalyptic, near line: 3
Failed to read key reference: dissolution_after_caliph_death: dissolution_after_caliph_death, near line: 3
Failed to read key reference: default_seljuk_invasion: default_seljuk_invasion, near line: 3
Failed to read key reference: situation_the_great_steppe_toggle_on: situation_the_great_steppe_toggle_on, near line: 3
Failed to read key reference: struggle_iberia_toggle_on: struggle_iberia_toggle_on, near line: 3
Failed to read key reference: struggle_persia_toggle_on: struggle_persia_toggle_on, near line: 3
Failed to read key reference: historicity_ruler_of_munster_historical_toirdelbach: historicity_ruler_of_munster_historical_toirdelbach, near line: 3
Failed to read key reference: historicity_norman_conquest_default_random: historicity_norman_conquest_default_random, near line: 3
Failed to read key reference: tibet_nomad_region_on: tibet_nomad_region_on, near line: 3
Failed to read key reference: sami_nomad_region_on: sami_nomad_region_on, near line: 3
Failed to read key reference: arabia_nomad_region_on: arabia_nomad_region_on, near line: 3
Failed to read key reference: sahel_nomad_region_on: sahel_nomad_region_on, near line: 3
Failed to read key reference: horn_of_africa_nomad_region_on: horn_of_africa_nomad_region_on, near line: 3
Failed to read key reference: historicity_extra_admin_egypt_gameplay_not_administrative: historicity_extra_admin_egypt_gameplay_not_administrative, near line: 3
Failed to read key reference: historicity_extra_admin_arabia_gameplay_not_administrative: historicity_extra_admin_arabia_gameplay_not_administrative, near line: 3
Failed to read key reference: historicity_extra_admin_ghana_gameplay_not_administrative: historicity_extra_admin_ghana_gameplay_not_administrative, near line: 3
Failed to read key reference: historicity_extra_admin_kabulistan_gameplay_not_administrative: historicity_extra_admin_kabulistan_gameplay_not_administrative, near line: 3
Failed to read key reference: historicity_extra_admin_persia_gameplay_not_administrative: historicity_extra_admin_persia_gameplay_not_administrative, near line: 3
Failed to read key reference: historicity_extra_admin_maghreb_gameplay_not_administrative: historicity_extra_admin_maghreb_gameplay_not_administrative, near line: 3
Failed to read key reference: historicity_extra_admin_tamilakam_gameplay_not_administrative: historicity_extra_admin_tamilakam_gameplay_not_administrative, near line: 3
Failed to read key reference: historicity_extra_admin_carolingians_gameplay_not_administrative: historicity_extra_admin_carolingians_gameplay_not_administrative, near line: 3
Failed to read key reference: historicity_extra_admin_player_wherever_gameplay_not_administrative: historicity_extra_admin_player_wherever_gameplay_not_administrative, near line: 3
Failed to read key reference: historicity_frankokratia_fourth_crusade: historicity_frankokratia_fourth_crusade, near line: 3
Failed to read key reference: silk_road_starting_innovations_preset: silk_road_starting_innovations_preset, near line: 3
Failed to read key reference: ACR_RE_tradition_slots_plus_95: ACR_RE_tradition_slots_plus_95, near line: 3
Failed to read key reference: ACR_RE_tradition_cost_free: ACR_RE_tradition_cost_free, near line: 3
Failed to read key reference: ACR_RE_tradition_cooldown_none: ACR_RE_tradition_cooldown_none, near line: 3
Failed to read key reference: ACR_RE_truce_duration_5: ACR_RE_truce_duration_5, near line: 3
Failed to read key reference: ACR_RE_truce_scope_player_primary: ACR_RE_truce_scope_player_primary, near line: 3
Failed to read key reference: ACR_RE_council_task_speed_1_month: ACR_RE_council_task_speed_1_month, near line: 3
Failed to read key reference: HM_RE_rule_player_free_functions_enabled: HM_RE_rule_player_free_functions_enabled, near line: 3
Failed to read key reference: HM_RE_rule_change_holding_type_cost_very_cheap: HM_RE_rule_change_holding_type_cost_very_cheap, near line: 3
Failed to read key reference: HM_RE_rule_change_holding_type_cooldown_very_short: HM_RE_rule_change_holding_type_cooldown_very_short, near line: 3
Failed to read key reference: HM_RE_rule_can_replace_buildings_vassals: HM_RE_rule_can_replace_buildings_vassals, near line: 3
Failed to read key reference: HM_RE_rule_can_feudalize_holdings_vassals: HM_RE_rule_can_feudalize_holdings_vassals, near line: 3
Failed to read key reference: HM_RE_value_construct_buildings_gold_cost_cap_very_cheap: HM_RE_value_construct_buildings_gold_cost_cap_very_cheap, near line: 3
Failed to read key reference: HM_RE_rule_player_extra_slots_enabled: HM_RE_rule_player_extra_slots_enabled, near line: 3
Failed to read key reference: HM_RE_rule_player_slot_base_cost_very_cheap: HM_RE_rule_player_slot_base_cost_very_cheap, near line: 3
Failed to read key reference: HM_RE_rule_player_slot_step_cost_very_cheap: HM_RE_rule_player_slot_step_cost_very_cheap, near line: 3
Failed to read key reference: HM_RE_rule_construction_time_cost_free: HM_RE_rule_construction_time_cost_free, near line: 3
Failed to read key reference: HM_RE_build_all_button_on: HM_RE_build_all_button_on, near line: 3
Failed to read key reference: HM_RE_upgrade_all_button_on: HM_RE_upgrade_all_button_on, near line: 3
Failed to read key reference: HM_RE_make_nomad_button_on: HM_RE_make_nomad_button_on, near line: 3
Failed to read key reference: HM_RE_make_temple_citadel_button_on: HM_RE_make_temple_citadel_button_on, near line: 3
Failed to read key reference: HM_RE_player_add_slots_decision_on: HM_RE_player_add_slots_decision_on, near line: 3
Failed to read key reference: HM_RE_player_add_slots_decision_base_cost_very_cheap: HM_RE_player_add_slots_decision_base_cost_very_cheap, near line: 3
Failed to read key reference: HM_RE_player_cost_gold: HM_RE_player_cost_gold, near line: 3
Failed to read key reference: HM_RE_rule_ai_extra_slots_disabled: HM_RE_rule_ai_extra_slots_disabled, near line: 3
Failed to read key reference: HM_RE_rule_ai_slot_base_cost_very_expensive: HM_RE_rule_ai_slot_base_cost_very_expensive, near line: 3
Failed to read key reference: HM_RE_rule_ai_slot_step_cost_very_expensive: HM_RE_rule_ai_slot_step_cost_very_expensive, near line: 3"" in file: """" near line: 3","Script / database error","","","","",""
"1324","06:13:50","pdx_persistent_reader.cpp:216","Error: ""Failed to read key reference: 1453_end_date: 1453_end_date, near line: 8
Failed to read key reference: rhomaion_name_of_byzantium: rhomaion_name_of_byzantium, near line: 8
Failed to read key reference: default_mongol_invasion: default_mongol_invasion, near line: 8
Failed to read key reference: random_ruler_placement_off: random_ruler_placement_off, near line: 8
Failed to read key reference: launch_historical: launch_historical, near line: 8
Failed to read key reference: fp1_scandi_adventurers_apocalyptic: fp1_scandi_adventurers_apocalyptic, near line: 8
Failed to read key reference: dissolution_after_caliph_death: dissolution_after_caliph_death, near line: 8
Failed to read key reference: default_seljuk_invasion: default_seljuk_invasion, near line: 8
Failed to read key reference: situation_the_great_steppe_toggle_on: situation_the_great_steppe_toggle_on, near line: 8
Failed to read key reference: struggle_iberia_toggle_on: struggle_iberia_toggle_on, near line: 8
Failed to read key reference: struggle_persia_toggle_on: struggle_persia_toggle_on, near line: 8
Failed to read key reference: historicity_ruler_of_munster_historical_toirdelbach: historicity_ruler_of_munster_historical_toirdelbach, near line: 8
Failed to read key reference: historicity_norman_conquest_default_random: historicity_norman_conquest_default_random, near line: 8
Failed to read key reference: tibet_nomad_region_on: tibet_nomad_region_on, near line: 8
Failed to read key reference: sami_nomad_region_on: sami_nomad_region_on, near line: 8
Failed to read key reference: arabia_nomad_region_on: arabia_nomad_region_on, near line: 8
Failed to read key reference: sahel_nomad_region_on: sahel_nomad_region_on, near line: 8
Failed to read key reference: horn_of_africa_nomad_region_on: horn_of_africa_nomad_region_on, near line: 8
Failed to read key reference: historicity_extra_admin_egypt_gameplay_not_administrative: historicity_extra_admin_egypt_gameplay_not_administrative, near line: 8
Failed to read key reference: historicity_extra_admin_arabia_gameplay_not_administrative: historicity_extra_admin_arabia_gameplay_not_administrative, near line: 8
Failed to read key reference: historicity_extra_admin_ghana_gameplay_not_administrative: historicity_extra_admin_ghana_gameplay_not_administrative, near line: 8
Failed to read key reference: historicity_extra_admin_kabulistan_gameplay_not_administrative: historicity_extra_admin_kabulistan_gameplay_not_administrative, near line: 8
Failed to read key reference: historicity_extra_admin_persia_gameplay_not_administrative: historicity_extra_admin_persia_gameplay_not_administrative, near line: 8
Failed to read key reference: historicity_extra_admin_maghreb_gameplay_not_administrative: historicity_extra_admin_maghreb_gameplay_not_administrative, near line: 8
Failed to read key reference: historicity_extra_admin_tamilakam_gameplay_not_administrative: historicity_extra_admin_tamilakam_gameplay_not_administrative, near line: 8
Failed to read key reference: historicity_extra_admin_carolingians_gameplay_not_administrative: historicity_extra_admin_carolingians_gameplay_not_administrative, near line: 8
Failed to read key reference: historicity_extra_admin_player_wherever_gameplay_not_administrative: historicity_extra_admin_player_wherever_gameplay_not_administrative, near line: 8
Failed to read key reference: historicity_frankokratia_fourth_crusade: historicity_frankokratia_fourth_crusade, near line: 8
Failed to read key reference: silk_road_starting_innovations_preset: silk_road_starting_innovations_preset, near line: 8
Failed to read key reference: ACR_RE_tradition_slots_plus_95: ACR_RE_tradition_slots_plus_95, near line: 8
Failed to read key reference: ACR_RE_tradition_cost_free: ACR_RE_tradition_cost_free, near line: 8
Failed to read key reference: ACR_RE_tradition_cooldown_none: ACR_RE_tradition_cooldown_none, near line: 8
Failed to read key reference: ACR_RE_truce_duration_5: ACR_RE_truce_duration_5, near line: 8
Failed to read key reference: ACR_RE_truce_scope_player_primary: ACR_RE_truce_scope_player_primary, near line: 8
Failed to read key reference: ACR_RE_council_task_speed_1_month: ACR_RE_council_task_speed_1_month, near line: 8
Failed to read key reference: HM_RE_rule_player_free_functions_enabled: HM_RE_rule_player_free_functions_enabled, near line: 8
Failed to read key reference: HM_RE_rule_change_holding_type_cost_very_cheap: HM_RE_rule_change_holding_type_cost_very_cheap, near line: 8
Failed to read key reference: HM_RE_rule_change_holding_type_cooldown_very_short: HM_RE_rule_change_holding_type_cooldown_very_short, near line: 8
Failed to read key reference: HM_RE_rule_can_replace_buildings_vassals: HM_RE_rule_can_replace_buildings_vassals, near line: 8
Failed to read key reference: HM_RE_rule_can_feudalize_holdings_vassals: HM_RE_rule_can_feudalize_holdings_vassals, near line: 8
Failed to read key reference: HM_RE_value_construct_buildings_gold_cost_cap_very_cheap: HM_RE_value_construct_buildings_gold_cost_cap_very_cheap, near line: 8
Failed to read key reference: HM_RE_rule_player_extra_slots_enabled: HM_RE_rule_player_extra_slots_enabled, near line: 8
Failed to read key reference: HM_RE_rule_player_slot_base_cost_very_cheap: HM_RE_rule_player_slot_base_cost_very_cheap, near line: 8
Failed to read key reference: HM_RE_rule_player_slot_step_cost_very_cheap: HM_RE_rule_player_slot_step_cost_very_cheap, near line: 8
Failed to read key reference: HM_RE_rule_construction_time_cost_free: HM_RE_rule_construction_time_cost_free, near line: 8
Failed to read key reference: HM_RE_build_all_button_on: HM_RE_build_all_button_on, near line: 8
Failed to read key reference: HM_RE_upgrade_all_button_on: HM_RE_upgrade_all_button_on, near line: 8
Failed to read key reference: HM_RE_make_nomad_button_on: HM_RE_make_nomad_button_on, near line: 8
Failed to read key reference: HM_RE_make_temple_citadel_button_on: HM_RE_make_temple_citadel_button_on, near line: 8
Failed to read key reference: HM_RE_player_add_slots_decision_on: HM_RE_player_add_slots_decision_on, near line: 8
Failed to read key reference: HM_RE_player_add_slots_decision_base_cost_very_cheap: HM_RE_player_add_slots_decision_base_cost_very_cheap, near line: 8
Failed to read key reference: HM_RE_player_cost_gold: HM_RE_player_cost_gold, near line: 8
Failed to read key reference: HM_RE_rule_ai_extra_slots_disabled: HM_RE_rule_ai_extra_slots_disabled, near line: 8
Failed to read key reference: HM_RE_rule_ai_slot_base_cost_very_expensive: HM_RE_rule_ai_slot_base_cost_very_expensive, near line: 8
Failed to read key reference: HM_RE_rule_ai_slot_step_cost_very_expensive: HM_RE_rule_ai_slot_step_cost_very_expensive, near line: 8"" in file: """" near line: 8","Script / database error","","","","",""
"1379","06:13:52","title_links.cpp:214","Failed to fetch a valid landed title 'e_hre' at location 'file: common/scripted_guis/DI_char_editor_present_sgui.txt line: 1589 (DI_ce_female_dominated:effect)'","History / title / faith reference error","Divine Intervention Cheat Menu","common/scripted_guis/DI_char_editor_present_sgui.txt","","",""
"1380","06:13:52","title_links.cpp:214","Failed to fetch a valid landed title 'e_hre' at location 'file: common/character_interactions/DI_character_interaction.txt line: 4622 (DI_change_succession:on_accept)'","History / title / faith reference error","Divine Intervention Cheat Menu","common/character_interactions/DI_character_interaction.txt","","",""
"1381","06:13:52","title_links.cpp:214","Failed to fetch a valid landed title 'e_hre' at location 'file: common/character_interactions/DI_character_interaction.txt line: 4624 (DI_change_succession:on_accept)'","History / title / faith reference error","Divine Intervention Cheat Menu","common/character_interactions/DI_character_interaction.txt","","",""
"1382","06:13:52","title_links.cpp:214","Failed to fetch a valid landed title 'e_hre' at location 'file: common/character_interactions/DI_character_interaction.txt line: 4637 (DI_change_succession:on_accept)'","History / title / faith reference error","Divine Intervention Cheat Menu","common/character_interactions/DI_character_interaction.txt","","",""
"1383","06:13:52","title_links.cpp:214","Failed to fetch a valid landed title 'e_hre' at location 'file: common/character_interactions/DI_character_interaction.txt line: 4639 (DI_change_succession:on_accept)'","History / title / faith reference error","Divine Intervention Cheat Menu","common/character_interactions/DI_character_interaction.txt","","",""
"1384","06:13:52","jomini_eventtarget.h:291","Failed to find 'varangian' from database for link 'trait' at file: common/scripted_effects/DI_char_spawner_effects.txt line: 1232 (DI_akolouthos_traits_effect)","Script / database error","Divine Intervention Cheat Menu","common/scripted_effects/DI_char_spawner_effects.txt","","",""
"1385","06:13:52","jomini_script_system.cpp:303","Script system error!
  Error: add_innovation effect [ target: Not found in database class CCultureInnovationTypeDatabase ]
  Script location: file: common/character_interactions/DI_character_interaction.txt line: 4616 (DI_change_succession:on_accept)","Script / database error","Divine Intervention Cheat Menu","common/character_interactions/DI_character_interaction.txt","","",""
"1389","06:13:52","jomini_effect.cpp:139","PostValidate of effect 'add_innovation' returned false at file: common/character_interactions/DI_character_interaction.txt line: 4616 (DI_change_succession:on_accept)","Script / database error","Divine Intervention Cheat Menu","common/character_interactions/DI_character_interaction.txt","","",""
"1390","06:13:52","jomini_script_system.cpp:303","Script system error!
  Error: add_innovation effect [ target: Not found in database class CCultureInnovationTypeDatabase ]
  Script location: file: common/character_interactions/DI_character_interaction.txt line: 4631 (DI_change_succession:on_accept)","Script / database error","Divine Intervention Cheat Menu","common/character_interactions/DI_character_interaction.txt","","",""
"1394","06:13:52","jomini_effect.cpp:139","PostValidate of effect 'add_innovation' returned false at file: common/character_interactions/DI_character_interaction.txt line: 4631 (DI_change_succession:on_accept)","Script / database error","Divine Intervention Cheat Menu","common/character_interactions/DI_character_interaction.txt","","",""
"1395","06:13:52","jomini_script_system.cpp:303","Script system error!
  Error: has_game_rule trigger [ Invalid database object 'show_armor_enabled' ]
  Script location: file: gfx/portraits/portrait_modifiers/01_cloaks_base.txt line: 1333 (cloaks:weight)","Script / database error","AGOT Submod Core","gfx/portraits/portrait_modifiers/01_cloaks_base.txt","","",""
"1399","06:13:52","jomini_trigger.cpp:243","PostValidate of trigger 'has_game_rule' returned false at file: gfx/portraits/portrait_modifiers/01_cloaks_base.txt line: 1333 (cloaks:weight)","Script / database error","AGOT Submod Core","gfx/portraits/portrait_modifiers/01_cloaks_base.txt","","",""
"1400","06:13:52","jomini_script_system.cpp:303","Script system error!
  Error: has_game_rule trigger [ Invalid database object 'show_armor_enabled' ]
  Script location: file: gfx/portraits/portrait_modifiers/01_cloaks_base.txt line: 1338 (cloaks:weight)","Script / database error","AGOT Submod Core","gfx/portraits/portrait_modifiers/01_cloaks_base.txt","","",""
"1404","06:13:52","jomini_trigger.cpp:243","PostValidate of trigger 'has_game_rule' returned false at file: gfx/portraits/portrait_modifiers/01_cloaks_base.txt line: 1338 (cloaks:weight)","Script / database error","AGOT Submod Core","gfx/portraits/portrait_modifiers/01_cloaks_base.txt","","",""
"1405","06:13:52","jomini_script_system.cpp:303","Script system error!
  Error: has_game_rule trigger [ Invalid database object 'show_armor_enabled' ]
  Script location: file: gfx/portraits/portrait_modifiers/01_cloaks_base.txt line: 1642 (cloaks:weight)","Script / database error","AGOT Submod Core","gfx/portraits/portrait_modifiers/01_cloaks_base.txt","","",""
"1409","06:13:52","jomini_trigger.cpp:243","PostValidate of trigger 'has_game_rule' returned false at file: gfx/portraits/portrait_modifiers/01_cloaks_base.txt line: 1642 (cloaks:weight)","Script / database error","AGOT Submod Core","gfx/portraits/portrait_modifiers/01_cloaks_base.txt","","",""
"1410","06:13:52","jomini_script_system.cpp:303","Script system error!
  Error: has_game_rule trigger [ Invalid database object 'show_armor_enabled' ]
  Script location: file: gfx/portraits/portrait_modifiers/01_cloaks_base.txt line: 1684 (cloaks:weight)","Script / database error","AGOT Submod Core","gfx/portraits/portrait_modifiers/01_cloaks_base.txt","","",""
"1414","06:13:52","jomini_trigger.cpp:243","PostValidate of trigger 'has_game_rule' returned false at file: gfx/portraits/portrait_modifiers/01_cloaks_base.txt line: 1684 (cloaks:weight)","Script / database error","AGOT Submod Core","gfx/portraits/portrait_modifiers/01_cloaks_base.txt","","",""
"1415","06:13:52","jomini_script_system.cpp:303","Script system error!
  Error: has_game_rule trigger [ Invalid database object 'show_armor_enabled' ]
  Script location: file: gfx/portraits/portrait_modifiers/01_legwear_base.txt line: 871 (legwear:weight)","Script / database error","AGOT Submod Core","gfx/portraits/portrait_modifiers/01_legwear_base.txt","","",""
"1419","06:13:52","jomini_trigger.cpp:243","PostValidate of trigger 'has_game_rule' returned false at file: gfx/portraits/portrait_modifiers/01_legwear_base.txt line: 871 (legwear:weight)","Script / database error","AGOT Submod Core","gfx/portraits/portrait_modifiers/01_legwear_base.txt","","",""
"1420","06:13:52","jomini_script_system.cpp:303","Script system error!
  Error: has_game_rule trigger [ Invalid database object 'show_armor_enabled' ]
  Script location: file: gfx/portraits/portrait_modifiers/01_legwear_base.txt line: 898 (legwear:weight)","Script / database error","AGOT Submod Core","gfx/portraits/portrait_modifiers/01_legwear_base.txt","","",""
"1424","06:13:52","jomini_trigger.cpp:243","PostValidate of trigger 'has_game_rule' returned false at file: gfx/portraits/portrait_modifiers/01_legwear_base.txt line: 898 (legwear:weight)","Script / database error","AGOT Submod Core","gfx/portraits/portrait_modifiers/01_legwear_base.txt","","",""
"1425","06:13:52","jomini_script_system.cpp:303","Script system error!
  Error: has_game_rule trigger [ Invalid database object 'show_armor_enabled' ]
  Script location: file: gfx/portraits/portrait_modifiers/01_legwear_base.txt line: 937 (legwear:weight)","Script / database error","AGOT Submod Core","gfx/portraits/portrait_modifiers/01_legwear_base.txt","","",""
"1429","06:13:52","jomini_trigger.cpp:243","PostValidate of trigger 'has_game_rule' returned false at file: gfx/portraits/portrait_modifiers/01_legwear_base.txt line: 937 (legwear:weight)","Script / database error","AGOT Submod Core","gfx/portraits/portrait_modifiers/01_legwear_base.txt","","",""
"1430","06:13:52","jomini_script_system.cpp:303","Script system error!
  Error: has_game_rule trigger [ Invalid database object 'show_armor_enabled' ]
  Script location: file: gfx/portraits/portrait_modifiers/05_clothes_situational.txt line: 616 (clothes_situational:weight)","Script / database error","AGOT Submod Core","gfx/portraits/portrait_modifiers/05_clothes_situational.txt","","",""
"1434","06:13:52","jomini_trigger.cpp:243","PostValidate of trigger 'has_game_rule' returned false at file: gfx/portraits/portrait_modifiers/05_clothes_situational.txt line: 616 (clothes_situational:weight)","Script / database error","AGOT Submod Core","gfx/portraits/portrait_modifiers/05_clothes_situational.txt","","",""
"1435","06:13:52","jomini_script_system.cpp:303","Script system error!
  Error: has_game_rule trigger [ Invalid database object 'show_armor_enabled' ]
  Script location: file: gfx/portraits/portrait_modifiers/05_clothes_situational.txt line: 1062 (clothes_situational:weight)","Script / database error","AGOT Submod Core","gfx/portraits/portrait_modifiers/05_clothes_situational.txt","","",""
"1439","06:13:52","jomini_trigger.cpp:243","PostValidate of trigger 'has_game_rule' returned false at file: gfx/portraits/portrait_modifiers/05_clothes_situational.txt line: 1062 (clothes_situational:weight)","Script / database error","AGOT Submod Core","gfx/portraits/portrait_modifiers/05_clothes_situational.txt","","",""
"1440","06:13:52","jomini_script_system.cpp:303","Script system error!
  Error: has_game_rule trigger [ Invalid database object 'show_armor_enabled' ]
  Script location: file: gfx/portraits/portrait_modifiers/05_clothes_situational.txt line: 1109 (clothes_situational:weight)","Script / database error","AGOT Submod Core","gfx/portraits/portrait_modifiers/05_clothes_situational.txt","","",""
"1444","06:13:52","jomini_trigger.cpp:243","PostValidate of trigger 'has_game_rule' returned false at file: gfx/portraits/portrait_modifiers/05_clothes_situational.txt line: 1109 (clothes_situational:weight)","Script / database error","AGOT Submod Core","gfx/portraits/portrait_modifiers/05_clothes_situational.txt","","",""
"1445","06:13:52","jomini_script_system.cpp:303","Script system error!
  Error: has_game_rule trigger [ Invalid database object 'show_armor_enabled' ]
  Script location: file: gfx/portraits/portrait_modifiers/05_clothes_situational.txt line: 1158 (clothes_situational:weight)","Script / database error","AGOT Submod Core","gfx/portraits/portrait_modifiers/05_clothes_situational.txt","","",""
"1449","06:13:52","jomini_trigger.cpp:243","PostValidate of trigger 'has_game_rule' returned false at file: gfx/portraits/portrait_modifiers/05_clothes_situational.txt line: 1158 (clothes_situational:weight)","Script / database error","AGOT Submod Core","gfx/portraits/portrait_modifiers/05_clothes_situational.txt","","",""
"1450","06:13:52","jomini_script_system.cpp:303","Script system error!
  Error: has_game_rule trigger [ Invalid database object 'show_armor_enabled' ]
  Script location: file: gfx/portraits/portrait_modifiers/05_clothes_situational.txt line: 1202 (clothes_situational:weight)","Script / database error","AGOT Submod Core","gfx/portraits/portrait_modifiers/05_clothes_situational.txt","","",""
"1454","06:13:52","jomini_trigger.cpp:243","PostValidate of trigger 'has_game_rule' returned false at file: gfx/portraits/portrait_modifiers/05_clothes_situational.txt line: 1202 (clothes_situational:weight)","Script / database error","AGOT Submod Core","gfx/portraits/portrait_modifiers/05_clothes_situational.txt","","",""
"1455","06:13:52","jomini_script_system.cpp:303","Script system error!
  Error: has_game_rule trigger [ Invalid database object 'show_armor_enabled' ]
  Script location: file: gfx/portraits/portrait_modifiers/05_clothes_situational.txt line: 1248 (clothes_situational:weight)","Script / database error","AGOT Submod Core","gfx/portraits/portrait_modifiers/05_clothes_situational.txt","","",""
"1459","06:13:52","jomini_trigger.cpp:243","PostValidate of trigger 'has_game_rule' returned false at file: gfx/portraits/portrait_modifiers/05_clothes_situational.txt line: 1248 (clothes_situational:weight)","Script / database error","AGOT Submod Core","gfx/portraits/portrait_modifiers/05_clothes_situational.txt","","",""
"1460","06:13:52","jomini_script_system.cpp:303","Script system error!
  Error: has_game_rule trigger [ Invalid database object 'show_armor_enabled' ]
  Script location: file: gfx/portraits/portrait_modifiers/05_clothes_situational.txt line: 1292 (clothes_situational:weight)","Script / database error","AGOT Submod Core","gfx/portraits/portrait_modifiers/05_clothes_situational.txt","","",""
"1464","06:13:52","jomini_trigger.cpp:243","PostValidate of trigger 'has_game_rule' returned false at file: gfx/portraits/portrait_modifiers/05_clothes_situational.txt line: 1292 (clothes_situational:weight)","Script / database error","AGOT Submod Core","gfx/portraits/portrait_modifiers/05_clothes_situational.txt","","",""
"1465","06:13:52","jomini_script_system.cpp:303","Script system error!
  Error: has_game_rule trigger [ Invalid database object 'show_armor_enabled' ]
  Script location: file: gfx/portraits/portrait_modifiers/05_clothes_situational.txt line: 1338 (clothes_situational:weight)","Script / database error","AGOT Submod Core","gfx/portraits/portrait_modifiers/05_clothes_situational.txt","","",""
"1469","06:13:52","jomini_trigger.cpp:243","PostValidate of trigger 'has_game_rule' returned false at file: gfx/portraits/portrait_modifiers/05_clothes_situational.txt line: 1338 (clothes_situational:weight)","Script / database error","AGOT Submod Core","gfx/portraits/portrait_modifiers/05_clothes_situational.txt","","",""
"1470","06:13:52","jomini_script_system.cpp:303","Script system error!
  Error: has_game_rule trigger [ Invalid database object 'show_armor_enabled' ]
  Script location: file: gfx/portraits/portrait_modifiers/05_clothes_situational.txt line: 1382 (clothes_situational:weight)","Script / database error","AGOT Submod Core","gfx/portraits/portrait_modifiers/05_clothes_situational.txt","","",""
"1474","06:13:52","jomini_trigger.cpp:243","PostValidate of trigger 'has_game_rule' returned false at file: gfx/portraits/portrait_modifiers/05_clothes_situational.txt line: 1382 (clothes_situational:weight)","Script / database error","AGOT Submod Core","gfx/portraits/portrait_modifiers/05_clothes_situational.txt","","",""
"1475","06:13:52","jomini_script_system.cpp:303","Script system error!
  Error: has_game_rule trigger [ Invalid database object 'show_armor_enabled' ]
  Script location: file: gfx/portraits/portrait_modifiers/05_clothes_situational.txt line: 1428 (clothes_situational:weight)","Script / database error","AGOT Submod Core","gfx/portraits/portrait_modifiers/05_clothes_situational.txt","","",""
"1479","06:13:52","jomini_trigger.cpp:243","PostValidate of trigger 'has_game_rule' returned false at file: gfx/portraits/portrait_modifiers/05_clothes_situational.txt line: 1428 (clothes_situational:weight)","Script / database error","AGOT Submod Core","gfx/portraits/portrait_modifiers/05_clothes_situational.txt","","",""
"1480","06:13:52","jomini_script_system.cpp:303","Script system error!
  Error: has_game_rule trigger [ Invalid database object 'show_armor_enabled' ]
  Script location: file: gfx/portraits/portrait_modifiers/05_clothes_situational.txt line: 1472 (clothes_situational:weight)","Script / database error","AGOT Submod Core","gfx/portraits/portrait_modifiers/05_clothes_situational.txt","","",""
"1484","06:13:52","jomini_trigger.cpp:243","PostValidate of trigger 'has_game_rule' returned false at file: gfx/portraits/portrait_modifiers/05_clothes_situational.txt line: 1472 (clothes_situational:weight)","Script / database error","AGOT Submod Core","gfx/portraits/portrait_modifiers/05_clothes_situational.txt","","",""
"1485","06:13:52","jomini_script_system.cpp:303","Script system error!
  Error: has_game_rule trigger [ Invalid database object 'show_armor_enabled' ]
  Script location: file: gfx/portraits/portrait_modifiers/05_clothes_situational.txt line: 1518 (clothes_situational:weight)","Script / database error","AGOT Submod Core","gfx/portraits/portrait_modifiers/05_clothes_situational.txt","","",""
"1489","06:13:52","jomini_trigger.cpp:243","PostValidate of trigger 'has_game_rule' returned false at file: gfx/portraits/portrait_modifiers/05_clothes_situational.txt line: 1518 (clothes_situational:weight)","Script / database error","AGOT Submod Core","gfx/portraits/portrait_modifiers/05_clothes_situational.txt","","",""
"1490","06:13:52","jomini_script_system.cpp:303","Script system error!
  Error: has_game_rule trigger [ Invalid database object 'show_armor_enabled' ]
  Script location: file: gfx/portraits/portrait_modifiers/05_clothes_situational.txt line: 1562 (clothes_situational:weight)","Script / database error","AGOT Submod Core","gfx/portraits/portrait_modifiers/05_clothes_situational.txt","","",""
"1494","06:13:52","jomini_trigger.cpp:243","PostValidate of trigger 'has_game_rule' returned false at file: gfx/portraits/portrait_modifiers/05_clothes_situational.txt line: 1562 (clothes_situational:weight)","Script / database error","AGOT Submod Core","gfx/portraits/portrait_modifiers/05_clothes_situational.txt","","",""
"1495","06:13:52","jomini_script_system.cpp:303","Script system error!
  Error: has_game_rule trigger [ Invalid database object 'show_armor_enabled' ]
  Script location: file: gfx/portraits/portrait_modifiers/05_headgear_situational.txt line: 338 (headgear_situational:weight)","Script / database error","AGOT Submod Core","gfx/portraits/portrait_modifiers/05_headgear_situational.txt","","",""
"1499","06:13:52","jomini_trigger.cpp:243","PostValidate of trigger 'has_game_rule' returned false at file: gfx/portraits/portrait_modifiers/05_headgear_situational.txt line: 338 (headgear_situational:weight)","Script / database error","AGOT Submod Core","gfx/portraits/portrait_modifiers/05_headgear_situational.txt","","",""
"1500","06:13:52","jomini_script_system.cpp:303","Script system error!
  Error: has_game_rule trigger [ Invalid database object 'show_armor_enabled' ]
  Script location: file: gfx/portraits/portrait_modifiers/05_headgear_situational.txt line: 395 (headgear_situational:weight)","Script / database error","AGOT Submod Core","gfx/portraits/portrait_modifiers/05_headgear_situational.txt","","",""
"1504","06:13:52","jomini_trigger.cpp:243","PostValidate of trigger 'has_game_rule' returned false at file: gfx/portraits/portrait_modifiers/05_headgear_situational.txt line: 395 (headgear_situational:weight)","Script / database error","AGOT Submod Core","gfx/portraits/portrait_modifiers/05_headgear_situational.txt","","",""
"1505","06:13:52","jomini_script_system.cpp:303","Script system error!
  Error: has_game_rule trigger [ Invalid database object 'show_armor_enabled' ]
  Script location: file: gfx/portraits/portrait_modifiers/05_headgear_situational.txt line: 3127 (headgear_situational:weight)","Script / database error","AGOT Submod Core","gfx/portraits/portrait_modifiers/05_headgear_situational.txt","","",""
"1509","06:13:52","jomini_trigger.cpp:243","PostValidate of trigger 'has_game_rule' returned false at file: gfx/portraits/portrait_modifiers/05_headgear_situational.txt line: 3127 (headgear_situational:weight)","Script / database error","AGOT Submod Core","gfx/portraits/portrait_modifiers/05_headgear_situational.txt","","",""
"1510","06:13:52","jomini_script_system.cpp:303","Script system error!
  Error: has_game_rule trigger [ Invalid database object 'show_armor_enabled' ]
  Script location: file: gfx/portraits/portrait_modifiers/05_headgear_situational.txt line: 3174 (headgear_situational:weight)","Script / database error","AGOT Submod Core","gfx/portraits/portrait_modifiers/05_headgear_situational.txt","","",""
"1514","06:13:52","jomini_trigger.cpp:243","PostValidate of trigger 'has_game_rule' returned false at file: gfx/portraits/portrait_modifiers/05_headgear_situational.txt line: 3174 (headgear_situational:weight)","Script / database error","AGOT Submod Core","gfx/portraits/portrait_modifiers/05_headgear_situational.txt","","",""
"1515","06:13:52","jomini_script_system.cpp:303","Script system error!
  Error: has_game_rule trigger [ Invalid database object 'show_armor_enabled' ]
  Script location: file: gfx/portraits/portrait_modifiers/05_headgear_situational.txt line: 3222 (headgear_situational:weight)","Script / database error","AGOT Submod Core","gfx/portraits/portrait_modifiers/05_headgear_situational.txt","","",""
"1519","06:13:52","jomini_trigger.cpp:243","PostValidate of trigger 'has_game_rule' returned false at file: gfx/portraits/portrait_modifiers/05_headgear_situational.txt line: 3222 (headgear_situational:weight)","Script / database error","AGOT Submod Core","gfx/portraits/portrait_modifiers/05_headgear_situational.txt","","",""
"1520","06:13:52","jomini_script_system.cpp:303","Script system error!
  Error: has_game_rule trigger [ Invalid database object 'show_armor_enabled' ]
  Script location: file: gfx/portraits/portrait_modifiers/05_headgear_situational.txt line: 3266 (headgear_situational:weight)","Script / database error","AGOT Submod Core","gfx/portraits/portrait_modifiers/05_headgear_situational.txt","","",""
"1524","06:13:52","jomini_trigger.cpp:243","PostValidate of trigger 'has_game_rule' returned false at file: gfx/portraits/portrait_modifiers/05_headgear_situational.txt line: 3266 (headgear_situational:weight)","Script / database error","AGOT Submod Core","gfx/portraits/portrait_modifiers/05_headgear_situational.txt","","",""
"1525","06:13:52","jomini_script_system.cpp:303","Script system error!
  Error: has_game_rule trigger [ Invalid database object 'show_armor_enabled' ]
  Script location: file: gfx/portraits/portrait_modifiers/05_headgear_situational.txt line: 3310 (headgear_situational:weight)","Script / database error","AGOT Submod Core","gfx/portraits/portrait_modifiers/05_headgear_situational.txt","","",""
"1529","06:13:52","jomini_trigger.cpp:243","PostValidate of trigger 'has_game_rule' returned false at file: gfx/portraits/portrait_modifiers/05_headgear_situational.txt line: 3310 (headgear_situational:weight)","Script / database error","AGOT Submod Core","gfx/portraits/portrait_modifiers/05_headgear_situational.txt","","",""
"1530","06:13:52","jomini_script_system.cpp:303","Script system error!
  Error: has_game_rule trigger [ Invalid database object 'show_armor_enabled' ]
  Script location: file: gfx/portraits/portrait_modifiers/05_headgear_situational.txt line: 3355 (headgear_situational:weight)","Script / database error","AGOT Submod Core","gfx/portraits/portrait_modifiers/05_headgear_situational.txt","","",""
"1534","06:13:52","jomini_trigger.cpp:243","PostValidate of trigger 'has_game_rule' returned false at file: gfx/portraits/portrait_modifiers/05_headgear_situational.txt line: 3355 (headgear_situational:weight)","Script / database error","AGOT Submod Core","gfx/portraits/portrait_modifiers/05_headgear_situational.txt","","",""
"1535","06:13:52","jomini_script_system.cpp:303","Script system error!
  Error: is_struggle_type trigger [ Invalid database object 'persian_struggle' ]
  Script location: file: common/character_interactions/DI_character_interaction.txt line: 1415 (DI_arrange_marriage_interaction:is_shown)","Script / database error","Divine Intervention Cheat Menu","common/character_interactions/DI_character_interaction.txt","","",""
"1539","06:13:52","jomini_trigger.cpp:243","PostValidate of trigger 'is_struggle_type' returned false at file: common/character_interactions/DI_character_interaction.txt line: 1415 (DI_arrange_marriage_interaction:is_shown)","Script / database error","Divine Intervention Cheat Menu","common/character_interactions/DI_character_interaction.txt","","",""
"1540","06:13:52","jomini_script_system.cpp:303","Script system error!
  Error: has_struggle_phase_parameter trigger [ Bool phase parameter 'can_trade_piety_for_marriage_acceptance' does not exist ]
  Script location: file: common/character_interactions/DI_character_interaction.txt line: 1416 (DI_arrange_marriage_interaction:is_shown)","Script / database error","Divine Intervention Cheat Menu","common/character_interactions/DI_character_interaction.txt","","",""
"1544","06:13:52","jomini_trigger.cpp:243","PostValidate of trigger 'has_struggle_phase_parameter' returned false at file: common/character_interactions/DI_character_interaction.txt line: 1416 (DI_arrange_marriage_interaction:is_shown)","Script / database error","Divine Intervention Cheat Menu","common/character_interactions/DI_character_interaction.txt","","",""
"1545","06:13:52","jomini_script_system.cpp:303","Script system error!
  Error: is_struggle_type trigger [ Invalid database object 'persian_struggle' ]
  Script location: file: common/character_interactions/DI_character_interaction.txt line: 1424 (DI_arrange_marriage_interaction:is_valid)","Script / database error","Divine Intervention Cheat Menu","common/character_interactions/DI_character_interaction.txt","","",""
"1549","06:13:52","jomini_trigger.cpp:243","PostValidate of trigger 'is_struggle_type' returned false at file: common/character_interactions/DI_character_interaction.txt line: 1424 (DI_arrange_marriage_interaction:is_valid)","Script / database error","Divine Intervention Cheat Menu","common/character_interactions/DI_character_interaction.txt","","",""
"1550","06:13:52","jomini_script_system.cpp:303","Script system error!
  Error: is_struggle_type trigger [ Invalid database object 'persian_struggle' ]
  Script location: file: common/character_interactions/DI_character_interaction.txt line: 1430 (DI_arrange_marriage_interaction:is_valid)","Script / database error","Divine Intervention Cheat Menu","common/character_interactions/DI_character_interaction.txt","","",""
"1554","06:13:52","jomini_trigger.cpp:243","PostValidate of trigger 'is_struggle_type' returned false at file: common/character_interactions/DI_character_interaction.txt line: 1430 (DI_arrange_marriage_interaction:is_valid)","Script / database error","Divine Intervention Cheat Menu","common/character_interactions/DI_character_interaction.txt","","",""
"1555","06:13:52","jomini_script_system.cpp:303","Script system error!
  Error: is_in_family trigger [ Invalid database object 'rf_abrahamic' ]
  Script location: file: common/scripted_effects/DI_char_spawner_effects.txt line: 1464 (DI_char_spawner_resolve_origin_effect)","Script / database error","Divine Intervention Cheat Menu","common/scripted_effects/DI_char_spawner_effects.txt","","",""
"1559","06:13:52","jomini_trigger.cpp:243","PostValidate of trigger 'is_in_family' returned false at file: common/scripted_effects/DI_char_spawner_effects.txt line: 1464 (DI_char_spawner_resolve_origin_effect)","Script / database error","Divine Intervention Cheat Menu","common/scripted_effects/DI_char_spawner_effects.txt","","",""
"1560","06:13:52","jomini_script_system.cpp:303","Script system error!
  Error: is_in_family trigger [ Invalid database object 'rf_abrahamic' ]
  Script location: file: common/scripted_effects/DI_char_spawner_effects.txt line: 1466 (DI_char_spawner_resolve_origin_effect)","Script / database error","Divine Intervention Cheat Menu","common/scripted_effects/DI_char_spawner_effects.txt","","",""
"1564","06:13:52","jomini_trigger.cpp:243","PostValidate of trigger 'is_in_family' returned false at file: common/scripted_effects/DI_char_spawner_effects.txt line: 1466 (DI_char_spawner_resolve_origin_effect)","Script / database error","Divine Intervention Cheat Menu","common/scripted_effects/DI_char_spawner_effects.txt","","",""
"1565","06:13:52","jomini_script_system.cpp:303","Script system error!
  Error: is_in_family trigger [ Invalid database object 'rf_eastern' ]
  Script location: file: common/scripted_effects/DI_char_spawner_effects.txt line: 1470 (DI_char_spawner_resolve_origin_effect)","Script / database error","Divine Intervention Cheat Menu","common/scripted_effects/DI_char_spawner_effects.txt","","",""
"1569","06:13:52","jomini_trigger.cpp:243","PostValidate of trigger 'is_in_family' returned false at file: common/scripted_effects/DI_char_spawner_effects.txt line: 1470 (DI_char_spawner_resolve_origin_effect)","Script / database error","Divine Intervention Cheat Menu","common/scripted_effects/DI_char_spawner_effects.txt","","",""
"1570","06:13:52","jomini_script_system.cpp:303","Script system error!
  Error: is_in_family trigger [ Invalid database object 'rf_eastern' ]
  Script location: file: common/scripted_effects/DI_char_spawner_effects.txt line: 1472 (DI_char_spawner_resolve_origin_effect)","Script / database error","Divine Intervention Cheat Menu","common/scripted_effects/DI_char_spawner_effects.txt","","",""
"1574","06:13:52","jomini_trigger.cpp:243","PostValidate of trigger 'is_in_family' returned false at file: common/scripted_effects/DI_char_spawner_effects.txt line: 1472 (DI_char_spawner_resolve_origin_effect)","Script / database error","Divine Intervention Cheat Menu","common/scripted_effects/DI_char_spawner_effects.txt","","",""
"1575","06:13:52","jomini_script_system.cpp:303","Script system error!
  Error: is_in_family trigger [ Invalid database object 'rf_sinitic' ]
  Script location: file: common/scripted_effects/DI_char_spawner_effects.txt line: 1476 (DI_char_spawner_resolve_origin_effect)","Script / database error","Divine Intervention Cheat Menu","common/scripted_effects/DI_char_spawner_effects.txt","","",""
"1579","06:13:52","jomini_trigger.cpp:243","PostValidate of trigger 'is_in_family' returned false at file: common/scripted_effects/DI_char_spawner_effects.txt line: 1476 (DI_char_spawner_resolve_origin_effect)","Script / database error","Divine Intervention Cheat Menu","common/scripted_effects/DI_char_spawner_effects.txt","","",""
"1580","06:13:52","jomini_script_system.cpp:303","Script system error!
  Error: is_in_family trigger [ Invalid database object 'rf_sinitic' ]
  Script location: file: common/scripted_effects/DI_char_spawner_effects.txt line: 1478 (DI_char_spawner_resolve_origin_effect)","Script / database error","Divine Intervention Cheat Menu","common/scripted_effects/DI_char_spawner_effects.txt","","",""
"1584","06:13:52","jomini_trigger.cpp:243","PostValidate of trigger 'is_in_family' returned false at file: common/scripted_effects/DI_char_spawner_effects.txt line: 1478 (DI_char_spawner_resolve_origin_effect)","Script / database error","Divine Intervention Cheat Menu","common/scripted_effects/DI_char_spawner_effects.txt","","",""
"1585","06:13:52","jomini_script_system.cpp:303","Script system error!
  Error: is_in_family trigger [ Invalid database object 'rf_pagan' ]
  Script location: file: common/scripted_effects/DI_char_spawner_effects.txt line: 1482 (DI_char_spawner_resolve_origin_effect)","Script / database error","Divine Intervention Cheat Menu","common/scripted_effects/DI_char_spawner_effects.txt","","",""
"1589","06:13:52","jomini_trigger.cpp:243","PostValidate of trigger 'is_in_family' returned false at file: common/scripted_effects/DI_char_spawner_effects.txt line: 1482 (DI_char_spawner_resolve_origin_effect)","Script / database error","Divine Intervention Cheat Menu","common/scripted_effects/DI_char_spawner_effects.txt","","",""
"1590","06:13:52","jomini_script_system.cpp:303","Script system error!
  Error: is_in_family trigger [ Invalid database object 'rf_pagan' ]
  Script location: file: common/scripted_effects/DI_char_spawner_effects.txt line: 1484 (DI_char_spawner_resolve_origin_effect)","Script / database error","Divine Intervention Cheat Menu","common/scripted_effects/DI_char_spawner_effects.txt","","",""
"1594","06:13:52","jomini_trigger.cpp:243","PostValidate of trigger 'is_in_family' returned false at file: common/scripted_effects/DI_char_spawner_effects.txt line: 1484 (DI_char_spawner_resolve_origin_effect)","Script / database error","Divine Intervention Cheat Menu","common/scripted_effects/DI_char_spawner_effects.txt","","",""
"1595","06:13:52","jomini_script_system.cpp:303","Script system error!
  Error: has_game_rule trigger [ Invalid database object 'tgc_enabled_enabled' ]
  Script location: file: common/scripted_triggers/tgc_loaded_trigger.txt line: 11 (tgc_standard_equipment_trigger)","Script / database error","AGOT Submod Core","common/scripted_triggers/tgc_loaded_trigger.txt","","",""
"1599","06:13:52","jomini_trigger.cpp:243","PostValidate of trigger 'has_game_rule' returned false at file: common/scripted_triggers/tgc_loaded_trigger.txt line: 11 (tgc_standard_equipment_trigger)","Script / database error","AGOT Submod Core","common/scripted_triggers/tgc_loaded_trigger.txt","","",""
"1600","06:13:52","jomini_script_system.cpp:303","Script system error!
  Error: has_game_rule trigger [ Invalid database object 'tgc_enabled_enabled' ]
  Script location: file: common/scripted_triggers/tgc_loaded_trigger.txt line: 59 (tgc_captain_equipment_trigger)","Script / database error","AGOT Submod Core","common/scripted_triggers/tgc_loaded_trigger.txt","","",""
"1604","06:13:52","jomini_trigger.cpp:243","PostValidate of trigger 'has_game_rule' returned false at file: common/scripted_triggers/tgc_loaded_trigger.txt line: 59 (tgc_captain_equipment_trigger)","Script / database error","AGOT Submod Core","common/scripted_triggers/tgc_loaded_trigger.txt","","",""
"1605","06:13:52","jomini_script_system.cpp:303","Script system error!
  Error: has_game_rule trigger [ Invalid database object 'tgc_enabled_enabled' ]
  Script location: file: common/scripted_triggers/tgc_loaded_trigger.txt line: 94 (tgc_blackfyre_or_targ_equipment_trigger)","Script / database error","AGOT Submod Core","common/scripted_triggers/tgc_loaded_trigger.txt","","",""
"1609","06:13:52","jomini_trigger.cpp:243","PostValidate of trigger 'has_game_rule' returned false at file: common/scripted_triggers/tgc_loaded_trigger.txt line: 94 (tgc_blackfyre_or_targ_equipment_trigger)","Script / database error","AGOT Submod Core","common/scripted_triggers/tgc_loaded_trigger.txt","","",""
"1610","06:13:52","jomini_script_system.cpp:303","Script system error!
  Error: has_game_rule trigger [ Invalid database object 'tgc_blackfyre_enabled' ]
  Script location: file: common/scripted_triggers/tgc_loaded_trigger.txt line: 104 (tgc_blackfyre_equipment_trigger)","Script / database error","AGOT Submod Core","common/scripted_triggers/tgc_loaded_trigger.txt","","",""
"1614","06:13:52","jomini_trigger.cpp:243","PostValidate of trigger 'has_game_rule' returned false at file: common/scripted_triggers/tgc_loaded_trigger.txt line: 104 (tgc_blackfyre_equipment_trigger)","Script / database error","AGOT Submod Core","common/scripted_triggers/tgc_loaded_trigger.txt","","",""
"1615","06:13:52","jomini_script_system.cpp:303","Script system error!
  Error: has_game_rule trigger [ Invalid database object 'tgc_faegon_enabled' ]
  Script location: file: common/scripted_triggers/tgc_loaded_trigger.txt line: 120 (tgc_blackfyre_equipment_trigger)","Script / database error","AGOT Submod Core","common/scripted_triggers/tgc_loaded_trigger.txt","","",""
"1619","06:13:52","jomini_trigger.cpp:243","PostValidate of trigger 'has_game_rule' returned false at file: common/scripted_triggers/tgc_loaded_trigger.txt line: 120 (tgc_blackfyre_equipment_trigger)","Script / database error","AGOT Submod Core","common/scripted_triggers/tgc_loaded_trigger.txt","","",""
"1620","06:13:52","jomini_script_system.cpp:303","Script system error!
  Error: has_game_rule trigger [ Invalid database object 'tgc_faegon_enabled' ]
  Script location: file: common/scripted_triggers/tgc_loaded_trigger.txt line: 140 (tgc_targaryen_equipment_trigger)","Script / database error","AGOT Submod Core","common/scripted_triggers/tgc_loaded_trigger.txt","","",""
"1624","06:13:52","jomini_trigger.cpp:243","PostValidate of trigger 'has_game_rule' returned false at file: common/scripted_triggers/tgc_loaded_trigger.txt line: 140 (tgc_targaryen_equipment_trigger)","Script / database error","AGOT Submod Core","common/scripted_triggers/tgc_loaded_trigger.txt","","",""
"1625","06:13:52","jomini_script_system.cpp:303","Script system error!
  Error: has_game_rule trigger [ Invalid database object 'tgc_enabled_enabled' ]
  Script location: file: common/scripted_triggers/tgc_loaded_trigger.txt line: 163 (tgc_blackfyre_house_equipment_trigger)","Script / database error","AGOT Submod Core","common/scripted_triggers/tgc_loaded_trigger.txt","","",""
"1629","06:13:52","jomini_trigger.cpp:243","PostValidate of trigger 'has_game_rule' returned false at file: common/scripted_triggers/tgc_loaded_trigger.txt line: 163 (tgc_blackfyre_house_equipment_trigger)","Script / database error","AGOT Submod Core","common/scripted_triggers/tgc_loaded_trigger.txt","","",""
"1630","06:13:52","jomini_script_system.cpp:303","Script system error!
  Error: has_game_rule trigger [ Invalid database object 'tgc_blackfyre_enabled' ]
  Script location: file: common/scripted_triggers/tgc_loaded_trigger.txt line: 164 (tgc_blackfyre_house_equipment_trigger)","Script / database error","AGOT Submod Core","common/scripted_triggers/tgc_loaded_trigger.txt","","",""
"1634","06:13:52","jomini_trigger.cpp:243","PostValidate of trigger 'has_game_rule' returned false at file: common/scripted_triggers/tgc_loaded_trigger.txt line: 164 (tgc_blackfyre_house_equipment_trigger)","Script / database error","AGOT Submod Core","common/scripted_triggers/tgc_loaded_trigger.txt","","",""
"1635","06:13:52","jomini_effect.cpp:1161","Flag 'unknown_holding' is used but is never set. Setting it in an unused scripted trigger or effect does not count","Script / database error","","","","",""
"1636","06:13:52","jomini_effect.cpp:1161","Flag 'monastery_holding' is used but is never set. Setting it in an unused scripted trigger or effect does not count","Script / database error","","","","",""
"1637","06:13:52","jomini_effect.cpp:1161","Flag 'ruin_holding' is used but is never set. Setting it in an unused scripted trigger or effect does not count","Script / database error","","","","",""
"1638","06:13:52","jomini_effect.cpp:1161","Flag 'settlement_holding' is used but is never set. Setting it in an unused scripted trigger or effect does not count","Script / database error","","","","",""
"1639","06:13:52","jomini_effect.cpp:1161","Flag 'wilderness_holding' is used but is never set. Setting it in an unused scripted trigger or effect does not count","Script / database error","","","","",""
"1640","06:13:52","jomini_effect.cpp:1161","Flag 'pirate_den_holding' is used but is never set. Setting it in an unused scripted trigger or effect does not count","Script / database error","","","","",""
"1641","06:13:52","jomini_effect.cpp:1145","Flag 'all_found' is set but is never used. Note that use in localization doesn't count due to technical limitations. Use in unused scripted triggers and effects also does not count","Script / database error","","","","",""
"1642","06:13:52","jomini_effect.cpp:1145","Flag 'DI_subtype_throne' is set but is never used. Note that use in localization doesn't count due to technical limitations. Use in unused scripted triggers and effects also does not count","Script / database error","","","","",""
"1643","06:13:52","jomini_effect.cpp:1145","Flag 'global' is set but is never used. Note that use in localization doesn't count due to technical limitations. Use in unused scripted triggers and effects also does not count","Script / database error","","","","",""
"1644","06:13:52","jomini_effect.cpp:1161","Variable 'brightboar_enabled' is used but is never set. Setting it in an unused scripted trigger or effect does not count","Script / database error","","","","",""
"1645","06:13:52","jomini_effect.cpp:1161","Variable 'tgc_enabled' is used but is never set. Setting it in an unused scripted trigger or effect does not count","Script / database error","","","","",""
"1646","06:13:52","jomini_effect.cpp:1161","Variable 'swordman_armor_artifact' is used but is never set. Setting it in an unused scripted trigger or effect does not count","Script / database error","","","","",""
"1647","06:13:52","jomini_effect.cpp:1161","Variable 'captains_sword' is used but is never set. Setting it in an unused scripted trigger or effect does not count","Script / database error","","","","",""
"1648","06:13:52","jomini_effect.cpp:1161","Variable 'kingsguard_choice' is used but is never set. Setting it in an unused scripted trigger or effect does not count","Script / database error","","","","",""
"1649","06:13:52","jomini_effect.cpp:1161","Variable 'app_enabled' is used but is never set. Setting it in an unused scripted trigger or effect does not count","Script / database error","","","","",""
"1650","06:13:52","jomini_effect.cpp:1161","Variable 'Aotk_enabled' is used but is never set. Setting it in an unused scripted trigger or effect does not count","Script / database error","","","","",""
"1651","06:13:52","jomini_effect.cpp:1145","Variable 'DI_artifact_category_display' is set but is never used. Note that use in localization doesn't count due to technical limitations. Use in unused scripted triggers and effects also does not count","Script / database error","","","","",""
"1652","06:13:52","jomini_effect.cpp:1145","Variable 'COWAGOT_is_loaded' is set but is never used. Note that use in localization doesn't count due to technical limitations. Use in unused scripted triggers and effects also does not count","Script / database error","","","","",""
"1653","06:13:52","jomini_effect.cpp:1145","Variable 'DI_artifact_quality_display' is set but is never used. Note that use in localization doesn't count due to technical limitations. Use in unused scripted triggers and effects also does not count","Script / database error","","","","",""
"1654","06:13:52","jomini_effect.cpp:1145","Variable 'DI_artifact_subtype_display' is set but is never used. Note that use in localization doesn't count due to technical limitations. Use in unused scripted triggers and effects also does not count","Script / database error","","","","",""
"1655","06:13:52","static_modifier.cpp:200","Modifier 'lucerys_gun_modifier' was not used by the script or code but exists in the database, this is a waste","Script / database error","","","","",""
"1656","06:13:52","static_modifier.cpp:200","Modifier 'asoiaf_stark_throne_modifier' was not used by the script or code but exists in the database, this is a waste","Script / database error","","","","",""
"1657","06:13:58","jomini_eventmanager.cpp:372","Event buy_valyrian_mask.0001 is orphaned","Script / database error","","","","",""
"1658","06:13:58","jomini_eventmanager.cpp:372","Event asoiaf_young_griff_landing_events.2 is orphaned","Script / database error","","","","",""
"1659","06:13:58","pdx_assert.cpp:619","Assertion failed: Achievements not loaded correctly","Other error","","","","",""
"1660","06:14:00","jomini_effect.cpp:1161","Flag 'unknown_holding' is used but is never set. Setting it in an unused scripted trigger or effect does not count","Script / database error","","","","",""
"1661","06:14:00","jomini_effect.cpp:1161","Flag 'monastery_holding' is used but is never set. Setting it in an unused scripted trigger or effect does not count","Script / database error","","","","",""
"1662","06:14:00","jomini_effect.cpp:1161","Flag 'ruin_holding' is used but is never set. Setting it in an unused scripted trigger or effect does not count","Script / database error","","","","",""
"1663","06:14:00","jomini_effect.cpp:1161","Flag 'settlement_holding' is used but is never set. Setting it in an unused scripted trigger or effect does not count","Script / database error","","","","",""
"1664","06:14:00","jomini_effect.cpp:1161","Flag 'wilderness_holding' is used but is never set. Setting it in an unused scripted trigger or effect does not count","Script / database error","","","","",""
"1665","06:14:00","jomini_effect.cpp:1161","Flag 'pirate_den_holding' is used but is never set. Setting it in an unused scripted trigger or effect does not count","Script / database error","","","","",""
"1666","06:14:00","jomini_effect.cpp:1145","Flag 'all_found' is set but is never used. Note that use in localization doesn't count due to technical limitations. Use in unused scripted triggers and effects also does not count","Script / database error","","","","",""
"1667","06:14:00","jomini_effect.cpp:1145","Flag 'DI_subtype_throne' is set but is never used. Note that use in localization doesn't count due to technical limitations. Use in unused scripted triggers and effects also does not count","Script / database error","","","","",""
"1668","06:14:00","jomini_effect.cpp:1145","Flag 'global' is set but is never used. Note that use in localization doesn't count due to technical limitations. Use in unused scripted triggers and effects also does not count","Script / database error","","","","",""
"1669","06:14:00","jomini_effect.cpp:1161","Variable 'brightboar_enabled' is used but is never set. Setting it in an unused scripted trigger or effect does not count","Script / database error","","","","",""
"1670","06:14:00","jomini_effect.cpp:1161","Variable 'tgc_enabled' is used but is never set. Setting it in an unused scripted trigger or effect does not count","Script / database error","","","","",""
"1671","06:14:00","jomini_effect.cpp:1161","Variable 'swordman_armor_artifact' is used but is never set. Setting it in an unused scripted trigger or effect does not count","Script / database error","","","","",""
"1672","06:14:00","jomini_effect.cpp:1161","Variable 'captains_sword' is used but is never set. Setting it in an unused scripted trigger or effect does not count","Script / database error","","","","",""
"1673","06:14:00","jomini_effect.cpp:1161","Variable 'kingsguard_choice' is used but is never set. Setting it in an unused scripted trigger or effect does not count","Script / database error","","","","",""
"1674","06:14:00","jomini_effect.cpp:1161","Variable 'app_enabled' is used but is never set. Setting it in an unused scripted trigger or effect does not count","Script / database error","","","","",""
"1675","06:14:00","jomini_effect.cpp:1161","Variable 'Aotk_enabled' is used but is never set. Setting it in an unused scripted trigger or effect does not count","Script / database error","","","","",""
"1676","06:14:00","jomini_effect.cpp:1145","Variable 'DI_artifact_category_display' is set but is never used. Note that use in localization doesn't count due to technical limitations. Use in unused scripted triggers and effects also does not count","Script / database error","","","","",""
"1677","06:14:00","jomini_effect.cpp:1145","Variable 'COWAGOT_is_loaded' is set but is never used. Note that use in localization doesn't count due to technical limitations. Use in unused scripted triggers and effects also does not count","Script / database error","","","","",""
"1678","06:14:00","jomini_effect.cpp:1145","Variable 'DI_artifact_quality_display' is set but is never used. Note that use in localization doesn't count due to technical limitations. Use in unused scripted triggers and effects also does not count","Script / database error","","","","",""
"1679","06:14:00","jomini_effect.cpp:1145","Variable 'DI_artifact_subtype_display' is set but is never used. Note that use in localization doesn't count due to technical limitations. Use in unused scripted triggers and effects also does not count","Script / database error","","","","",""
