Key,Status,Before,After,English,InCurrentEnglish,DefinedByPatch,PatchText,PreviousFile,CurrentFile
DRAGONPIT_RULER,changed,"Этот дракон находится в [Concept('dragonpit', 'драконьей яме')|E]; доступ к нему имеют только те, кто получил явное разрешение от владельца.","Этот дракон находится в [dragonpit|E]; доступ к нему имеют только те, кто получил явное разрешение от владельца.",This dragon is in a [dragonpit|E] limited to those who have been given explicit permission from it's holder.,True,True,"Этот дракон находится в [Concept('dragonpit', 'драконьей яме')|E]; доступ к нему имеют только те, кто получил явное разрешение от владельца.",localization/russian/more_dragon_eggs_realm_laws_l_russian.yml,localization/russian/more_dragon_eggs_realm_laws_l_russian.yml
DRAGONPIT_VIEW_DRAGONPIT_HOLDER,added,,[dragonpit|E] — владетель:,[dragonpit|E] Holder:,True,True,"Владелец [Concept('dragonpit', 'драконьего логова')|E]:",,localization/russian/more_dragon_eggs_ui_l_russian.yml
DRAGON_CANT_GO_OUTSIDE,removed,"Если переместить этого дракона наружу, вы потеряете право владения им!",,,False,False,,localization/russian/more_dragon_eggs_events_l_russian.yml,
DRAGON_PITTED_SHORT_WITH_GUI,added,,[Character.Custom('DPGetDragonTypeGuiTooltip')],[Character.Custom('DPGetDragonTypeGuiTooltip')],True,True,[Character.Custom('DPGetDragonTypeGuiTooltip')],,localization/russian/more_dragon_eggs_events_l_russian.yml
MDE_MOVE_DRAGON_TT,added,,"#I Переместить этого дракона в драконью яму, из неё или между драконьими ямами#!","#I Move this dragon into, out of, or between a dragonpit#!",True,True,"#I Поместить этого дракона в логово, вывести его наружу или перевести в другое логово#!",,localization/russian/more_dragon_eggs_ui_l_russian.yml
MDE_RETURN_BUTTONS_TT,added,,#I Вернуть настройки кнопок по умолчанию#!,#I Return button settings to default#!,True,True,#I Вернуть стандартные настройки кнопок#!,,localization/russian/more_dragon_eggs_ui_l_russian.yml
MDE_VERSION,added,,56,56,True,True,56,,localization/russian/more_dragon_eggs_ui_l_russian.yml
MDE_VERSION_BUILD,added,,Версия MDE: #color_yellow;bold $MDE_VERSION$#!,MDE Version: #color_yellow;bold $MDE_VERSION$#!,True,True,Версия MDE: #color_yellow;bold $MDE_VERSION$#!,,localization/russian/more_dragon_eggs_ui_l_russian.yml
MDE_VERSION_BUILD_TT,added,,Версия CK3: #color_yellow;bold 1.19.0.6#! Версия AGOT: #color_yellow;bold 0.5.2.1#!,For CK3 Version: #color_yellow;bold 1.19.0.6#! AGOT Version: #color_yellow;bold 0.5.2.1#!,True,True,Для CK3 #color_yellow;bold 1.19.0.6#! и AGOT #color_yellow;bold 0.5.2.1#!,,localization/russian/more_dragon_eggs_ui_l_russian.yml
RETRIEVE_EGG,added,,#I Забрать яйцо #!,#I Retrieve Egg #!,True,True,#I Забрать яйцо #!,,localization/russian/more_dragon_eggs_ui_l_russian.yml
RETRIEVE_EGGS,added,,#I Забрать все яйца #!,#I Retrieve All Eggs #!,True,True,#I Забрать все яйца #!,,localization/russian/more_dragon_eggs_ui_l_russian.yml
SELECTED_DRAGON_TT,removed,[selected_dragon_loc.GetName],,,False,False,,localization/russian/more_dragon_eggs_events_l_russian.yml,
SEND_DRAGON,added,,#I Отправить дракона в яму #!,#I Send Dragon To Dragonpit #!,True,True,#I Отправить дракона в логово #!,,localization/russian/more_dragon_eggs_ui_l_russian.yml
SEND_DRAGONS,added,,#I Отправить всех драконов в яму #!,#I Send All Dragons To Dragonpit #!,True,True,#I Отправить всех драконов в логово #!,,localization/russian/more_dragon_eggs_ui_l_russian.yml
SEND_EGG,added,,#I Поместить яйцо в яму #!,#I Pit Egg #!,True,True,#I Поместить яйцо в логово #!,,localization/russian/more_dragon_eggs_ui_l_russian.yml
SEND_EGGS,added,,#I Поместить все яйца в яму #!,#I Pit All Eggs #!,True,True,#I Поместить все яйца в логово #!,,localization/russian/more_dragon_eggs_ui_l_russian.yml
SHOW_ARTIFACT_MARKET,added,,#T Рынок артефактов#!\nПокупайте и продавайте артефакты через хранителя артефактов.,#T Artifact Market#!\nBuy and sell artifacts with the artifact keeper.,True,True,#T Рынок артефактов#!\nПокупать и продавать артефакты у хранителя артефактов.,,localization/russian/more_dragon_eggs_ui_l_russian.yml
SHOW_DRAGONBLOOD,added,,"#T Показать носителей крови дракона#!\nПоказывает всех живых персонажей с драконьей кровью, начиная с тех, у кого её больше всего.","#T Show Dragonblooded#!\nShows every living character with dragonblood heritage, highest dragonblood first.",True,True,"#T Носители драконьей крови#!\nПоказать всех живых персонажей с драконьей кровью, начиная с тех, у кого она сильнее всего.",,localization/russian/more_dragon_eggs_ui_l_russian.yml
SHOW_DRAGONPITS,changed,"#T Показать драконьи ямы\n#!Показывает действующие [Concept('dragonpits', 'драконьи ямы')|E] и связанные с ними меню.",#T Показать драконьи ямы\n#!Показывает действующие [dragonpits|E] и связанные с ними меню.,#T Show Dragonpits\n#!Shows active [dragonpits|E] and their corresponding menus.,True,True,"#T Показать драконьи ямы\n#!Показывает действующие [Concept('dragonpits', 'драконьи ямы')|E] и связанные с ними меню.",localization/russian/more_dragon_eggs_ui_l_russian.yml,localization/russian/more_dragon_eggs_ui_l_russian.yml
SHOW_DRAGONS,changed,"#T Показать драконов\n#!Показывает живых [Concept('dragons_plural', 'драконов')|E] и связанные с ними меню.",#T Показать драконов\n#!Показывает живых [dragons_plural|E] и связанные с ними меню.,#T Show Dragons\n#!Shows living [dragons_plural|E] and their corresponding menus.,True,True,"#T Показать драконов\n#!Показывает живых [Concept('dragons_plural', 'драконов')|E] и связанные с ними меню.",localization/russian/more_dragon_eggs_ui_l_russian.yml,localization/russian/more_dragon_eggs_ui_l_russian.yml
SHOW_EGGS,changed,"#T Показать драконьи яйца\n#!Показывает существующие [Concept('dragon', 'драконьи яйца')|E] и связанные с ними меню.",#T Показать драконьи яйца\n#!Показывает существующие яйца [dragon|E] и связанные с ними меню.,#T Show Dragons' Eggs\n#!Shows exising [dragon|E] eggs and their corresponding menus.,True,True,"#T Показать драконьи яйца\n#!Показывает существующие [Concept('dragon', 'драконьи яйца')|E] и связанные с ними меню.",localization/russian/more_dragon_eggs_ui_l_russian.yml,localization/russian/more_dragon_eggs_ui_l_russian.yml
SHOW_MENU_MENU,added,,"#T Меню MDE#!\nНастройки портрета дракона, игровых правил и кнопок.","#T MDE Menu#!\nSettings for Dragon Portraits, Game Rules, and Buttons.",True,True,"#T Меню MDE#!\nНастройки портретов драконов, правил игры и кнопок.",,localization/russian/more_dragon_eggs_ui_l_russian.yml
aemond_1_desc,added,,Крылатый Странник,Winged Stranger,True,True,Крылатый Странник,,localization/russian/mde_artifacts_l_russian.yml
aemond_2_desc,added,,Хегагон,Hegagon,True,True,Хегагон,,localization/russian/mde_artifacts_l_russian.yml
aemond_3_desc,added,,Квелос,Qelos,True,True,Квелос,,localization/russian/mde_artifacts_l_russian.yml
aenys_1_desc,added,,Золотой Огонь,Goldfyre,True,True,Золотой Огонь,,localization/russian/mde_artifacts_l_russian.yml
aenys_2_desc,added,,Делтарион,Deltharion,True,True,Делтарион,,localization/russian/mde_artifacts_l_russian.yml
aerea_1_desc,added,,Лейнгар,Laengar,True,True,Лейнгар,,localization/russian/mde_artifacts_l_russian.yml
aerea_2_desc,added,,Лунный Огонь,Moonfyre,True,True,Лунный Огонь,,localization/russian/mde_artifacts_l_russian.yml
aerea_3_desc,added,,Адереон,Adereon,True,True,Адереон,,localization/russian/mde_artifacts_l_russian.yml
agot_dragon_hatching.0403.desc,added,,"Драконы — своенравные создания, и обращаться с ними нужно вдумчиво и осторожно. Их сила и опасность превосходят всё, что известно миру, а об их беспокойной натуре нельзя забывать ни на миг. В древности для присмотра за этими чудесами создавались целые ордена.","Dragons are tenuous beasts, and must be handled thoughtfully and dilligently, for the power they possess and the danger they pose are greater than anything in the known world, especially lest one forget their restless nature. In times of old orders of men were built to maintain these wonders.",True,True,"Драконы — существа своенравные, и обращаться с ними нужно осмотрительно и терпеливо. Их могущество и опасность, которую они несут, превосходят всё в известном мире. Особенно важно помнить об их неукротимом нраве. В былые времена для заботы об этих чудесных созданиях учреждали целые ордены.",,localization/russian/more_dragon_eggs_events_l_russian.yml
agot_dragon_hatching.0403.opt.a,added,,Поместить их в загон для драконов.,Pen them in the Dragoncoop.,True,True,Поместить их в загон для драконов.,,localization/russian/more_dragon_eggs_events_l_russian.yml
agot_dragon_hatching.0403.opt.a.tt,added,,Все драконы без всадников будут перемещены в ваш загон для драконов.,All unbonded dragons will be moved into your dragoncoop.,True,True,"Всех драконов, не связанных с наездниками, переместят в ваш загон для драконов.",,localization/russian/more_dragon_eggs_events_l_russian.yml
agot_dragon_hatching.0403.opt.b,added,,Восстановить драконоблюстителей на Драконьей горе и держать драконов там.,"Restore the Dragonkeepers in the Dragonmont, and hold the dragons there.",True,True,Восстановить орден драконоблюстителей на Драконьей горе и содержать драконов там.,,localization/russian/more_dragon_eggs_events_l_russian.yml
agot_dragon_hatching.0403.opt.b.tt,added,,"Драконья гора снова станет действующей драконьей ямой, и туда будут помещены все драконы без всадников.","The Dragonmont will become active again, and all unbonded dragons will be pitted there.",True,True,"Драконья гора вновь начнёт действовать как логово, и туда поместят всех драконов, не связанных с наездниками.",,localization/russian/more_dragon_eggs_events_l_russian.yml
agot_dragon_hatching.0403.opt.c,added,,"Восстановить драконоблюстителей на Драконьей горе, но оставить драконов здесь, со мной.","Restore the Dragonkeepers in the Dragonmont, but hold the dragons here with me.",True,True,"Восстановить орден драконоблюстителей на Драконьей горе, но оставить драконов здесь, при мне.",,localization/russian/more_dragon_eggs_events_l_russian.yml
agot_dragon_hatching.0403.opt.c.tt,added,,"Драконья гора снова станет действующей драконьей ямой, но все драконы без всадников будут помещены в драконью яму вашей столицы.","The Dragonmont will become active again, but all unbonded dragons will be pitted in the dragonpit of your capital.",True,True,"Драконья гора вновь начнёт действовать как логово, но всех драконов, не связанных с наездниками, поместят в логово вашей столицы.",,localization/russian/more_dragon_eggs_events_l_russian.yml
agot_dragon_hatching.0403.opt.d,added,,"Драконы останутся здесь, в моей драконьей яме.",The dragons will be housed here in my dragonpit.,True,True,"Драконы останутся здесь, в моём логове.",,localization/russian/more_dragon_eggs_events_l_russian.yml
agot_dragon_hatching.0403.opt.d.tt,added,,Все драконы без всадников будут помещены в драконью яму вашей столицы.,All unbonded dragons will be pitted in the dragonpit of your capital.,True,True,"Всех драконов, не связанных с наездниками, поместят в логово вашей столицы.",,localization/russian/more_dragon_eggs_events_l_russian.yml
agot_dragon_hatching.0403.opt.e,added,,Драконы — не рабы. Пусть бродят где пожелают.,"A dragon is not a slave, let them roam as they please.",True,True,Дракон — не раб. Пусть летает где пожелает.,,localization/russian/more_dragon_eggs_events_l_russian.yml
agot_dragon_hatching.0403.opt.e.tt,added,,Все драконы без всадников останутся вне драконьих ям.\n#X После вашей смерти они могут одичать!#,All unbonded dragons will be left unpitted.\n#X These dragons can become wild upon your death!#,True,True,"Все драконы, не связанные с наездниками, останутся вне логов.\n#X После вашей смерти эти драконы могут одичать!#!",,localization/russian/more_dragon_eggs_events_l_russian.yml
agot_dragon_hatching.0403.t,added,,Стая драконов,A Flock of Dragons,True,True,Стая драконов,,localization/russian/more_dragon_eggs_events_l_russian.yml
agot_dragon_maintenance.0804.a,removed,Показать драконьи яйца,,,False,False,,localization/russian/more_dragon_eggs_events_l_russian.yml,
agot_dragon_maintenance.0804.desc,removed,Владельцы драконьих яиц:,,,False,False,,localization/russian/more_dragon_eggs_events_l_russian.yml,
agot_dragon_maintenance.0804.desc_no_eggs,removed,Драконьих яиц не обнаружено.,,,False,False,,localization/russian/more_dragon_eggs_events_l_russian.yml,
agot_dragon_maintenance.0804.t,removed,Показать драконьи яйца,,,False,False,,localization/russian/more_dragon_eggs_events_l_russian.yml,
agot_dragon_maintenance.0805.a,removed,Показать жизнеспособные драконьи яйца,,,False,False,,localization/russian/more_dragon_eggs_events_l_russian.yml,
agot_dragon_maintenance.0805.desc,removed,Владельцы жизнеспособных драконьих яиц:,,,False,False,,localization/russian/more_dragon_eggs_events_l_russian.yml,
agot_dragon_maintenance.0805.t,removed,Показать жизнеспособные драконьи яйца,,,False,False,,localization/russian/more_dragon_eggs_events_l_russian.yml,
agot_dragon_maintenance.0806.a,removed,Показать порченые драконьи яйца,,,False,False,,localization/russian/more_dragon_eggs_events_l_russian.yml,
agot_dragon_maintenance.0806.desc,removed,Владельцы порченых драконьих яиц:,,,False,False,,localization/russian/more_dragon_eggs_events_l_russian.yml,
agot_dragon_maintenance.0806.t,removed,Показать порченые драконьи яйца,,,False,False,,localization/russian/more_dragon_eggs_events_l_russian.yml,
agot_dragon_maintenance.0807.a,removed,"Посмотреть всех [Concept('dragons_plural', 'драконов')|E] в выбранной [Concept('dragonpit', 'драконьей яме')|E]",,,False,False,,localization/russian/more_dragon_eggs_events_l_russian.yml,
agot_dragon_maintenance.0807.b,removed,Отменить,,,False,False,,localization/russian/more_dragon_eggs_events_l_russian.yml,
agot_dragon_maintenance.0807.desc,removed,,,,False,False,,localization/russian/more_dragon_eggs_events_l_russian.yml,
agot_dragon_maintenance.0807.t,removed,Показать действующие драконьи ямы,,,False,False,,localization/russian/more_dragon_eggs_events_l_russian.yml,
agot_dragon_maintenance.0808.a,removed,Показать носителей крови дракона,,,False,False,,localization/russian/more_dragon_eggs_events_l_russian.yml,
agot_dragon_maintenance.0808.desc,removed,,,,False,False,,localization/russian/more_dragon_eggs_events_l_russian.yml,
agot_dragon_maintenance.0808.t,removed,Показать носителей крови дракона,,,False,False,,localization/russian/more_dragon_eggs_events_l_russian.yml,
agot_filler_crownlands.0004.tt,changed,"Вы получили [Concept('artifact', 'артефакт')|E]: драконье яйцо",Вы получили драконье яйцо ([artifact|E]),You gained a Dragon Egg [artifact|E],True,True,"Вы получили [Concept('artifact', 'артефакт')|E]: драконье яйцо",localization/russian/more_dragon_eggs_events_l_russian.yml,localization/russian/more_dragon_eggs_events_l_russian.yml
anogaros_desc,added,,Аногарос,Anogaros,True,True,Аногарос,,localization/russian/mde_artifacts_l_russian.yml
archonei_desc,added,,Архоней,Archonei,True,True,Архоней,,localization/russian/mde_artifacts_l_russian.yml
arrax_desc,added,,Арракс,Arrax,True,True,Арракс,,localization/russian/mde_artifacts_l_russian.yml
artifact_market_button_manager_text,added,,Показать или скрыть кнопку рынка артефактов,Toggle Artifact Market Button,True,True,Показать или скрыть кнопку рынка артефактов,,localization/russian/more_dragon_eggs_ui_l_russian.yml
balerion_desc,added,,Балерион,Balerion,True,True,Балерион,,localization/russian/mde_artifacts_l_russian.yml
buttons_toggle,added,,Кнопки,Buttons,True,True,Кнопки,,localization/russian/more_dragon_eggs_ui_l_russian.yml
cannibal_desc,added,,Каннибал,Cannibal,True,True,Каннибал,,localization/russian/mde_artifacts_l_russian.yml
caraxes_desc,added,,Караксес,Caraxes,True,True,Караксес,,localization/russian/mde_artifacts_l_russian.yml
choose_dragonblood,removed,Кровь дракона,,,False,False,,localization/russian/more_dragon_eggs_decisions_l_russian.yml,
choose_dragonblood_desc,removed,Показать список всех носителей крови дракона.,,,False,False,,localization/russian/more_dragon_eggs_decisions_l_russian.yml,
d_dornish_islands,removed,Дорнийские острова,,,False,False,,localization/russian/more_dragon_eggs_titles_l_russian.yml,
d_dornish_islands_adj,removed,Дорнийско-островск,,,False,False,,localization/russian/more_dragon_eggs_titles_l_russian.yml,
daenerys_1_desc,added,,Харакс,Hurax,True,True,Харакс,,localization/russian/mde_artifacts_l_russian.yml
decision_group_type_more_eggs,removed,@dragon_destined_icon! Дополнительные драконьи яйца,,,False,False,,localization/russian/more_dragon_eggs_decisions_l_russian.yml,
delete_duds_decision,removed,Удалить порченые яйца,,,False,False,,localization/russian/more_dragon_eggs_decisions_l_russian.yml,
delete_duds_decision_confirm,removed,Удалить,,,False,False,,localization/russian/more_dragon_eggs_decisions_l_russian.yml,
delete_duds_decision_desc,removed,Удалить все порченые драконьи яйца.,,,False,False,,localization/russian/more_dragon_eggs_decisions_l_russian.yml,
demanded_egg_interaction,removed,"[actor.GetTitledFirstNameNoTooltip] требует передать [target.GetName] — ваш [Concept('artifact', 'артефакт')|E]",,,False,False,,localization/russian/mde_demand_egg_events_l_russian.yml,
dragon_ancestor_1_desc,added,,Вейдар,Vaedar,True,True,Вейдар,,localization/russian/mde_artifacts_l_russian.yml
dragon_ancestor_2_desc,added,,Везойес,Vezojaes,True,True,Везойес,,localization/russian/mde_artifacts_l_russian.yml
dragon_ancestor_3_desc,added,,Фалкейль,Falkael,True,True,Фалкейль,,localization/russian/mde_artifacts_l_russian.yml
dragon_ancestor_4_desc,added,,Пельдион,Peldion,True,True,Пельдион,,localization/russian/mde_artifacts_l_russian.yml
dragon_ancestor_5_desc,added,,Волон,Volon,True,True,Волон,,localization/russian/mde_artifacts_l_russian.yml
dragon_ancestor_6_desc,added,,Теларион,Telarion,True,True,Теларион,,localization/russian/mde_artifacts_l_russian.yml
dragon_coop_01_domicile_building,added,,Загон для драконов,Dragoncoop,True,True,Загон для драконов,,localization/russian/mde_domicile_buildings_l_russian.yml
dragon_coop_01_domicile_building_desc,added,,Здесь авантюристы могут содержать своих драконов.,This is where adventurers can store their dragons.,True,True,Здесь искатели приключений могут содержать своих драконов.,,localization/russian/mde_domicile_buildings_l_russian.yml
dragon_egg_alive_or_dead,added,,"[AddLocalizationIf(GetScriptedGui('mde_egg_is_dud').IsShown( GuiScope.SetRoot( GetPlayer.MakeScope ).AddScope( 'this_egg', Artifact.MakeScope ).End ), 'dragon_egg_dud')]Драконье яйцо","[AddLocalizationIf(GetScriptedGui('mde_egg_is_dud').IsShown( GuiScope.SetRoot( GetPlayer.MakeScope ).AddScope( 'this_egg', Artifact.MakeScope ).End ), 'dragon_egg_dud')]Dragon Egg",True,True,"Драконье яйцо[AddLocalizationIf(GetScriptedGui('mde_egg_is_dud').IsShown( GuiScope.SetRoot( GetPlayer.MakeScope ).AddScope( 'this_egg', Artifact.MakeScope ).End ), 'dragon_egg_dud')]",,localization/russian/mde_artifacts_l_russian.yml
dragon_egg_dud,added,,Окаменевшее ,Petrified ,True,True, (окаменевшее),,localization/russian/mde_artifacts_l_russian.yml
dragon_egg_embryo_desc,added,,[Artifact.Custom('mde_dragon_embryo_name')],[Artifact.Custom('mde_dragon_embryo_name')],True,True,[Artifact.Custom('mde_dragon_embryo_name')],,localization/russian/mde_artifacts_l_russian.yml
dragon_egg_laena_1_desc,added,,[newly_created_artifact.GetDesc]\n\nИз этого яйца вылупится Ловец Звёзд.,[newly_created_artifact.GetDesc]\n\nThis egg will hatch Starhunter.,True,True,[newly_created_artifact.GetDesc]\n\nИз этого яйца вылупится Ловец Звёзд.,,localization/russian/mde_artifacts_l_russian.yml
dragon_egg_maegor_12_desc,added,,[newly_created_artifact.GetDesc]\n\nИз этого яйца вылупится Серая хворь.,[newly_created_artifact.GetDesc]\n\nThis egg will hatch Greyscale.,True,True,[newly_created_artifact.GetDesc]\n\nИз этого яйца вылупится $Greyscale$.,,localization/russian/mde_artifacts_l_russian.yml
dragon_pen_01_domicile_building,removed,Загон для драконов,,,False,False,,localization/russian/dp_domicile_buildings_l_russian.yml,
dragon_pen_01_domicile_building_desc,removed,Здесь авантюристы могут держать своих драконов.,,,False,False,,localization/russian/dp_domicile_buildings_l_russian.yml,
dragon_portrait_toggle,added,,Портрет дракона,Dragon Portrait,True,True,Портрет дракона,,localization/russian/more_dragon_eggs_ui_l_russian.yml
dragon_viewer.t,added,,Все живые драконы,All Living Dragons,True,True,Все живые драконы,,localization/russian/more_dragon_eggs_ui_l_russian.yml
dragonblood_button_manager_text,added,,Показать или скрыть кнопку носителей крови дракона,Toggle Dragonblood Button,True,True,Показать или скрыть кнопку драконьей крови,,localization/russian/more_dragon_eggs_ui_l_russian.yml
dragonblood_viewer.t,added,,Все носители крови дракона,All Dragonblooded,True,True,Все носители драконьей крови,,localization/russian/more_dragon_eggs_ui_l_russian.yml
dragonpit_ruler_law_effects,changed,"[Concept('dragons_plural', 'Драконы')|E] в вашей [Concept('dragonpit', 'драконьей яме')|E] доступны только тем, кому вы дали разрешение.","[dragons_plural|E] в вашей [dragonpit|e] доступны только тем, кому вы дали явное разрешение.",[dragons_plural|E] in your [dragonpit|e] can only be accessed by those you've given express permission to.,True,True,"[Concept('dragons_plural', 'Драконы')|E] в вашей [Concept('dragonpit', 'драконьей яме')|E] доступны только тем, кому вы дали разрешение.",localization/russian/more_dragon_eggs_realm_laws_l_russian.yml,localization/russian/more_dragon_eggs_realm_laws_l_russian.yml
dragonpit_type,added,,#italic [Title.GetProvince.Custom('mde_dragonpit_type_custom_loc')] #!,#italic [Title.GetProvince.Custom('mde_dragonpit_type_custom_loc')] #!,True,True,#italic [Title.GetProvince.Custom('mde_dragonpit_type_custom_loc')] #!,,localization/russian/more_dragon_eggs_ui_l_russian.yml
dragonpit_type_landless,added,,#italic $dragon_coop_01_domicile_building$ #!,#italic $dragon_coop_01_domicile_building$ #!,True,True,#italic $dragon_coop_01_domicile_building$ #!,,localization/russian/more_dragon_eggs_ui_l_russian.yml
dragonpits_single_viewer.t,added,,[GetPlayer.MakeScope.Var('viewing_county').Title.GetNameNoTier]: [GetPlayer.MakeScope.Var('viewing_county').Title.GetProvince.Custom('mde_dragonpit_type_custom_loc')],The [GetPlayer.MakeScope.Var('viewing_county').Title.GetProvince.Custom('mde_dragonpit_type_custom_loc')] of [GetPlayer.MakeScope.Var('viewing_county').Title.GetNameNoTier],True,True,[GetPlayer.MakeScope.Var('viewing_county').Title.GetProvince.Custom('mde_dragonpit_type_custom_loc')] — [GetPlayer.MakeScope.Var('viewing_county').Title.GetNameNoTier],,localization/russian/more_dragon_eggs_ui_l_russian.yml
dragonpits_single_viewer_landless.t,added,,Загон для драконов: [GetPlayer.MakeScope.Var('viewing_county').Title.GetNameNoTier],The Dragoncoop of [GetPlayer.MakeScope.Var('viewing_county').Title.GetNameNoTier],True,True,Загон для драконов — [GetPlayer.MakeScope.Var('viewing_county').Title.GetNameNoTier],,localization/russian/more_dragon_eggs_ui_l_russian.yml
dragonpits_viewer.t,added,,Все драконьи ямы,All Dragonpits,True,True,Все драконьи логова,,localization/russian/more_dragon_eggs_ui_l_russian.yml
dreamfyre_desc,added,,Пламенная Мечта,Dreamfyre,True,True,Пламенная Мечта,,localization/russian/mde_artifacts_l_russian.yml
drogon_desc,added,,Дрогон,Drogon,True,True,Дрогон,,localization/russian/mde_artifacts_l_russian.yml
egg_found,added,,Найдено,Found,True,True,Найдено,,localization/russian/more_dragon_eggs_ui_l_russian.yml
egg_viewer.t,added,,Все драконьи яйца,All Dragon Eggs,True,True,Все драконьи яйца,,localization/russian/more_dragon_eggs_ui_l_russian.yml
essovius_desc,added,,Эссовиус,Essovius,True,True,Эссовиус,,localization/russian/mde_artifacts_l_russian.yml
establish_dragon_wives,removed,Учредить драконьих жён,,,False,False,,localization/russian/more_dragon_eggs_decisions_l_russian.yml,
establish_dragon_wives_confirm,removed,Готово!,,,False,False,,localization/russian/more_dragon_eggs_decisions_l_russian.yml,
establish_dragon_wives_desc,removed,Заглушка для будущего особого типа брака всадников драконов.,,,False,False,,localization/russian/more_dragon_eggs_decisions_l_russian.yml,
game_rule_toggle,added,,Игровые правила,Game Rules,True,True,Правила игры,,localization/russian/more_dragon_eggs_ui_l_russian.yml
ghiscar_desc,added,,Гискар,Ghiscar,True,True,Гискар,,localization/russian/mde_artifacts_l_russian.yml
grey_ghost_desc,added,,Серый Призрак,Grey Ghost,True,True,Серый Призрак,,localization/russian/mde_artifacts_l_russian.yml
hide_dragon_portrait_decision,removed,Скрыть портрет дракона,,,False,False,,localization/russian/more_dragon_eggs_decisions_l_russian.yml,
hide_dragon_portrait_decision_confirm,removed,Скрыть портрет,,,False,False,,localization/russian/more_dragon_eggs_decisions_l_russian.yml,
hide_dragon_portrait_decision_desc,removed,"Скрывает портрет вашего дракона в левом нижнем углу экрана. Примечание: портреты не появляются, пока размер дракона меньше 3; если вы их не видите, причина может быть в этом.",,,False,False,,localization/russian/more_dragon_eggs_decisions_l_russian.yml,
k_the_sapphire_islands,removed,Сапфировые острова,,,False,False,,localization/russian/more_dragon_eggs_titles_l_russian.yml,
k_the_sapphire_islands_adj,removed,Сапфирово-островск,,,False,False,,localization/russian/more_dragon_eggs_titles_l_russian.yml,
maegor_10_desc,added,,Высокий Огонь,Tallfyre,True,True,Высокий Огонь,,localization/russian/mde_artifacts_l_russian.yml
maegor_11_desc,added,,Зувдар,Zuvdar,True,True,Зувдар,,localization/russian/mde_artifacts_l_russian.yml
maegor_12_desc,added,,Серая хворь,Greyscale,True,True,$Greyscale$,,localization/russian/mde_artifacts_l_russian.yml
maegor_2_desc,added,,Лоркан,Lorcan,True,True,Лоркан,,localization/russian/mde_artifacts_l_russian.yml
maegor_3_desc,added,,Орион,Orion,True,True,Орион,,localization/russian/mde_artifacts_l_russian.yml
maegor_4_desc,added,,Чёрное Пламя,Blackfyre,True,True,Чёрное Пламя,,localization/russian/mde_artifacts_l_russian.yml
maegor_5_desc,added,,Риакс,Ryax,True,True,Риакс,,localization/russian/mde_artifacts_l_russian.yml
maegor_6_desc,added,,Моргон,Morghon,True,True,Моргон,,localization/russian/mde_artifacts_l_russian.yml
maegor_7_desc,added,,Ликакс,Lykax,True,True,Ликакс,,localization/russian/mde_artifacts_l_russian.yml
maegor_8_desc,added,,Малракс,Malrax,True,True,Малракс,,localization/russian/mde_artifacts_l_russian.yml
maegor_9_desc,added,,Спиракс,Spyrax,True,True,Спиракс,,localization/russian/mde_artifacts_l_russian.yml
manage_buttons_decision,removed,Настроить кнопки,,,False,False,,localization/russian/more_dragon_eggs_decisions_l_russian.yml,
manage_buttons_decision_confirm,removed,Открыть меню,,,False,False,,localization/russian/more_dragon_eggs_decisions_l_russian.yml,
manage_buttons_decision_desc,removed,Открывает меню настройки видимости интерфейсных кнопок.,,,False,False,,localization/russian/more_dragon_eggs_decisions_l_russian.yml,
mde_dragon_animation_idle_tt,added,,#T Покой#!\nУстановить анимацию покоя дракона.,#T Idle#!\nSet animation to dragon idle.,True,True,#T Покой#!\nВключить анимацию спокойного дракона.,,localization/russian/more_dragon_eggs_ui_l_russian.yml
mde_dragon_animation_roar_fire_tt,added,,#T Огненный рёв#!\nУстановить анимацию огненного рёва дракона.,#T Fire#!\nSet animation to dragon roar fire.,True,True,"#T Пламя#!\nВключить анимацию дракона, изрыгающего пламя.",,localization/russian/more_dragon_eggs_ui_l_russian.yml
mde_dragon_animation_roar_tt,added,,#T Рёв#!\nУстановить анимацию рыка дракона. Недоступно для детёнышей.,#T Roar#!\nSet animation to dragon roar. Not available for baby dragons.,True,True,#T Рёв#!\nВключить анимацию драконьего рёва. Недоступно для драконят.,,localization/russian/more_dragon_eggs_ui_l_russian.yml
mde_dragon_contains_embryo,added,,Внутри находится дракон #italic [ROOT.Artifact.Custom('mde_dragon_embryo_name')]#!.,It contains the dragon #italic [ROOT.Artifact.Custom('mde_dragon_embryo_name')]#!.,True,True,Внутри — дракон по имени #italic [ROOT.Artifact.Custom('mde_dragon_embryo_name')]#!.,,localization/russian/mde_artifacts_l_russian.yml
mde_dragon_contains_embryo_builder,added,,[newly_created_artifact.GetDesc] [newly_created_artifact.Custom('mde_dragon_embryo_line')],[newly_created_artifact.GetDesc] [newly_created_artifact.Custom('mde_dragon_embryo_line')],True,True,[newly_created_artifact.GetDesc] [newly_created_artifact.Custom('mde_dragon_embryo_line')],,localization/russian/mde_artifacts_l_russian.yml
mde_dragon_contains_embryo_hatching,added,,Внутри находится дракон #italic [Artifact.Custom('mde_dragon_embryo_name')]#!.,It contains the dragon #italic [Artifact.Custom('mde_dragon_embryo_name')]#!.,True,True,Внутри — дракон по имени #italic [Artifact.Custom('mde_dragon_embryo_name')]#!.,,localization/russian/mde_artifacts_l_russian.yml
mde_dragon_eggs_events.0001.desc,changed,"Грозный и жестокий дракон [cannibal.GetName] был печально известен мерзкими деяниями, за которые и получил своё имя. Ни Таргариены, ни драконоблюстители не смогли усмирить чудовище — тем более помешать ему пожирать собственных сородичей.\n\nВ летописях появление [cannibal.GetNamePossessive] столь же загадочно, как и исчезновение. Многие считают, что он родился ещё до драконов Завоевателя.\n\nДостоверно известно лишь одно: [cannibal.GetName] исчез вскоре после Танца Драконов. Ходили слухи, будто он улетел в глубь Скагоса, привлечённый родственными душами. Судя по обсидиановым шрамам на лесной почве вокруг, эти слухи могли быть правдой.","Грозный и жестокий дракон [cannibal.GetName] был печально известен мерзкими деяниями, за которые и получил своё имя. Ни Таргариены, ни драконоблюстители не смогли усмирить чудовище — тем более помешать ему пожирать собственных сородичей.\n\nВ летописях появление [cannibal.GetNamePossessive] столь же загадочно, как и исчезновение. Многие считают, что он родился ещё до драконов Завоевателя.\n\nДостоверно известно лишь одно: [cannibal.GetName] исчез вскоре после Танца Драконов. Ходили слухи, будто он улетел вглубь Скагоса, привлечённый родственными душами. Судя по обсидиановым шрамам на лесной почве вокруг, эти слухи могли быть правдой.","The fearsome and violent dragon, [cannibal.GetName], was notorious for the abominable acts that earned him his name. Neither the Targaryens or the Order of the Dragonkeepers were able to contain the monstrous beast, much less stop him from feasting on his kin.\n\nIn recorded history, [cannibal.GetNamePossessive] appearance is as mysterious as his disappearance , as very little is known about either. Many say that his birth predated the birth of the Conquerors' dragons.\n\nIt is known, however, that [cannibal.GetName] disappeared some time after The Dance of Dragons. Though some have speculated that he might have flown off into the heart of Skagos, drawn by those of similar nature. You think that this may have been more than speculation, evidenced by the dragonglass scarring the forest floor around you.",True,True,"Грозный и жестокий дракон [cannibal.GetName] был печально известен мерзкими деяниями, за которые и получил своё имя. Ни Таргариены, ни драконоблюстители не смогли усмирить чудовище — тем более помешать ему пожирать собственных сородичей.\n\nВ летописях появление [cannibal.GetNamePossessive] столь же загадочно, как и исчезновение. Многие считают, что он родился ещё до драконов Завоевателя.\n\nДостоверно известно лишь одно: [cannibal.GetName] исчез вскоре после Танца Драконов. Ходили слухи, будто он улетел в глубь Скагоса, привлечённый родственными душами. Судя по обсидиановым шрамам на лесной почве вокруг, эти слухи могли быть правдой.",localization/russian/more_dragon_eggs_events_l_russian.yml,localization/russian/more_dragon_eggs_events_l_russian.yml
mde_dragon_eggs_events.0011.desc,changed,"Кажется судьбой, что я оказался у жутких останков великого чудовища [nagga.GetName] в день небывало низкого отлива — такого, что случается раз в жизни.\n\nЖелезнорождённые называют подобные отливы дурным знаком, но из глубины меня зовёт нечто тёмное и неодолимое. Я подчиняюсь этому зову и почти инстинктивно иду к обнажившемуся берегу, ступая по следам древнего королевского веча. У воды лежит древнее оружие, покрытое ржавчиной, кораллами и ракушками. Я погружаюсь в глубину, крестя себя солью и позволяя морю наполнить лёгкие.\n\nЯ теряю сознание. Последнее, что помню, — нечто могущественное, быть может, существо... и что-то в моих руках. Очнувшись, я лежу на песчаном берегу, а рядом сияет кобальтово-синее драконье яйцо.","Кажется, сама судьба привела меня к жутким останкам великого чудовища [nagga.GetName] именно в день небывало низкого отлива — такого, что случается раз в жизни.\n\nЖелезнорождённые называют подобные отливы дурным знаком, но из глубины меня зовёт нечто тёмное и неодолимое. Я подчиняюсь этому зову и почти инстинктивно иду к обнажившемуся берегу, ступая по следам древнего королевского веча. У воды лежит древнее оружие, покрытое ржавчиной, кораллами и ракушками. Я погружаюсь в глубину, крестя себя солью и позволяя морю наполнить лёгкие.\n\nЯ теряю сознание. Последнее, что помню, — нечто могущественное, быть может, существо... и что-то в моих руках. Очнувшись, я лежу на песчаном берегу, а рядом сияет кобальтово-синее драконье яйцо.","It seems almost destined that I visited the harrowing remains of the great beast [nagga.GetName] on a day with exceedingly rare sea levels brought on by a once in a lifetime low tide.\n\nWhile the Ironborn warn of such low tides as an omen of danger, something calls out from deep within me, dark and compelling. I will heed the call of destiny if it commands me, and I almost intuitively walk to the exposed shoreline, following in the steps of the ancient Kingsmoot. As I approach the water, there are a number of ancient weapons, rusted and covered in corals and barnacles. I delve into the deep, baptizing myself in salt, letting the sea fill my lungs.\n\nI black out, with my last memory being of something powerful, mayhaps a being of some kind, and something in my hands. When I awake, I find myself on the sandy shores, with a gleaming, cobalt blue dragon egg next to me!",True,True,"Кажется судьбой, что я оказался у жутких останков великого чудовища [nagga.GetName] в день небывало низкого отлива — такого, что случается раз в жизни.\n\nЖелезнорождённые называют подобные отливы дурным знаком, но из глубины меня зовёт нечто тёмное и неодолимое. Я подчиняюсь этому зову и почти инстинктивно иду к обнажившемуся берегу, ступая по следам древнего королевского веча. У воды лежит древнее оружие, покрытое ржавчиной, кораллами и ракушками. Я погружаюсь в глубину, крестя себя солью и позволяя морю наполнить лёгкие.\n\nЯ теряю сознание. Последнее, что помню, — нечто могущественное, быть может, существо... и что-то в моих руках. Очнувшись, я лежу на песчаном берегу, а рядом сияет кобальтово-синее драконье яйцо.",localization/russian/more_dragon_eggs_events_l_russian.yml,localization/russian/more_dragon_eggs_events_l_russian.yml
mde_dragon_eggs_events.0012.desc,changed,"Долго я странствовал по знойным пустыням Дорна, и путь вдали от Дюнных дорог стал мучительным. Ближайшая крепость, Пекло, сулит лишь призрачную передышку, но выбора нет. По мере приближения серные испарения из соседних источников и гейзеров застилают солнце, лишь усиливая жар. Я замечаю, что главная башня так и не была восстановлена со времён Завоевания.\n\nРазрушение стало следствием гибели всадницы дракона [rhaenys.GetName] и её дракона [meraxes.GetName]. Во время кампании по усмирению дорнийцев [rhaenys.GetName] сжигала замки драконьим пламенем. Уллеры из Пекла сделали невозможное: выстрелом скорпиона пробили глаз [meraxes.GetName], отправив всадницу и дракона в смертельное падение. Останки дракона [meraxes.GetName] торчат из остекленевшего песка.","Долго я странствовал по знойным пустыням Дорна, и путь вдали от Дюнных дорог стал мучительным. Ближайшая крепость, Пекло, сулит лишь призрачную передышку, но выбора нет. По мере приближения серные испарения из соседних источников и гейзеров застилают солнце, лишь усиливая жар. Я замечаю, что главная башня так и не была восстановлена со времён Завоевания.\n\nРазрушение стало следствием гибели всадницы дракона [rhaenys.GetName] и её дракона [meraxes.GetName]. Во время кампании по усмирению дорнийцев [rhaenys.GetName] сжигала замки драконьим пламенем. Уллеры из Пекла сделали невозможное: выстрелом скорпиона пробили глаз [meraxes.GetName], отправив всадницу и дракона в смертельное падение. Кости [meraxes.GetNamePossessive] до сих пор торчат из остекленевшего песка.","Long have I traveled in the grueling deserts of Dorne, and traveling this far away from The Dune Roads has made the journey agonizing and exhausting.The nearest castle, the Hellholt offers but a fool’s reprieve, and yet there is no other option. As the castle draws nearer, plumes of sulfurous smog rise off the nearby Brimstone and geysers, obscuring the sun. But it offers no relief, only making the air hotter. When I approach the castle, I notice the main tower has yet to be repaired since the Conquest.\n\nThe destruction was the result of the infamous death of the dragonrider [rhaenys.GetName], and her she-dragon, [meraxes.GetName]. At the time of her death, [rhaenys.GetName] had been on a campaign to suppress the resistant Dornish using dragonfire to burn their castles. The Ullers of the Hellholt did what no one else had managed, and fire a scorpion bolt directly through the eye of [meraxes.GetName] sending both rider and dragon plummeting to their doom. [meraxes.GetNamePossessive] bones remain, jutting out from the surrounding sand turned glass.",True,True,"Долго я странствовал по знойным пустыням Дорна, и путь вдали от Дюнных дорог стал мучительным. Ближайшая крепость, Пекло, сулит лишь призрачную передышку, но выбора нет. По мере приближения серные испарения из соседних источников и гейзеров застилают солнце, лишь усиливая жар. Я замечаю, что главная башня так и не была восстановлена со времён Завоевания.\n\nРазрушение стало следствием гибели всадницы дракона [rhaenys.GetName] и её дракона [meraxes.GetName]. Во время кампании по усмирению дорнийцев [rhaenys.GetName] сжигала замки драконьим пламенем. Уллеры из Пекла сделали невозможное: выстрелом скорпиона пробили глаз [meraxes.GetName], отправив всадницу и дракона в смертельное падение. Останки дракона [meraxes.GetName] торчат из остекленевшего песка.",localization/russian/more_dragon_eggs_events_l_russian.yml,localization/russian/more_dragon_eggs_events_l_russian.yml
mde_dragon_eggs_events.0013.desc,changed,"Осматривая скелет дракона [meraxes.GetName], я потрясён силой драконьего пламени. Окружающая земля — сплошное стекло из расплавленного песка, по большей части тёмное и непрозрачное.\n\nНо под свежими слоями грязи стекло становится чище. Охваченный одержимостью, я ищу самый прозрачный участок.\n\nПосле часов поисков я нахожу стекло, сквозь которое пробивается золотисто-серебристое мерцание. Прикрыв находку, я возвращаюсь под покровом темноты с киркой и раскапываю сокровище: драконье яйцо!","При ближайшем осмотре скелета [meraxes.GetNamePossessive] я потрясён силой драконьего пламени. Окружающая земля — сплошное стекло из расплавленного песка, по большей части тёмное и непрозрачное.\n\nНо под свежими слоями грязи стекло становится чище. Охваченный одержимостью, я ищу самый прозрачный участок.\n\nПосле часов поисков я нахожу стекло, сквозь которое пробивается золотисто-серебристое мерцание. Прикрыв находку, я возвращаюсь под покровом темноты с киркой и раскапываю сокровище: драконье яйцо!","Upon closer inspection of [meraxes.GetNamePossessive] skeleton, I am appalled at the power of a dragon’s fire. The surrounding ground is all glass melted from the sand that was once here, most of it thick, dark, and opaque.\n\nBut I find the more I uncover from the fresher layers of dirt, the clearer the glass becomes. Vexed, I work like mad to find the clearest patch of glass I can.\n\nAfter hours of inspecting, I find glass that reveals a golden and silver shimmer. I cover it back up and return under the cover of darkness, hacking away with a pickaxe until I uncover my treasure: a dragon egg!",True,True,"Осматривая скелет дракона [meraxes.GetName], я поражаюсь силе драконьего пламени. Окружающая земля — сплошное стекло из расплавленного песка, по большей части тёмное и непрозрачное.\n\nНо под свежими слоями грязи стекло становится чище. Поддавшись одержимости, я ищу самый прозрачный участок.\n\nПосле часов поисков я нахожу стекло, сквозь которое пробивается золотисто-серебристое мерцание. Прикрыв находку, я возвращаюсь под покровом темноты с киркой и раскапываю сокровище: драконье яйцо!",localization/russian/more_dragon_eggs_events_l_russian.yml,localization/russian/more_dragon_eggs_events_l_russian.yml
mde_dragon_no_embryo_line,added,,,,True,True,,,localization/russian/mde_artifacts_l_russian.yml
mde_dragon_no_parent_line,added,,Происхождение яйца неизвестно.,It's origins are unknown.,True,True,Происхождение этого яйца неизвестно.,,localization/russian/more_dragon_eggs_ui_l_russian.yml
mde_dragon_parent_line,added,,Это яйцо было отложено [Artifact.MakeScope.Var('dragon_parent').GetCharacter.GetName].,It was laid by [Artifact.MakeScope.Var('dragon_parent').GetCharacter.GetName].,True,True,Это яйцо отложено драконом по имени [Artifact.MakeScope.Var('dragon_parent').GetCharacter.GetName].,,localization/russian/more_dragon_eggs_ui_l_russian.yml
mde_dragon_parents_line,added,,Это яйцо было отложено [Artifact.MakeScope.Var('dragon_parent').GetCharacter.GetName] и [Artifact.MakeScope.Var('dragon_parent_other').GetCharacter.GetName].,It was laid by [Artifact.MakeScope.Var('dragon_parent').GetCharacter.GetName] and [Artifact.MakeScope.Var('dragon_parent_other').GetCharacter.GetName].,True,True,Родители этого яйца — [Artifact.MakeScope.Var('dragon_parent').GetCharacter.GetName] и [Artifact.MakeScope.Var('dragon_parent_other').GetCharacter.GetName].,,localization/russian/more_dragon_eggs_ui_l_russian.yml
mde_dragon_portrait_toggle_tt,added,,#T Портрет дракона#!\nПоказать или скрыть портрет дракона.,#T Dragon Portrait#!\nToggle dragon portrait.,True,True,#T Портрет дракона#!\nПоказать или скрыть портрет дракона.,,localization/russian/more_dragon_eggs_ui_l_russian.yml
mde_dragonkeeper_liege,added,,#V [AGOTGetName(Artifact.GetOwner)] — $head_dragonkeeper_court_position$ при дворе [AGOTGetName(Artifact.GetOwner.GetLiege)].#!,"#V [AGOTGetName(Artifact.GetOwner)], [AGOTGetName(Artifact.GetOwner.GetLiege)]'s $head_dragonkeeper_court_position$.#!",True,True,"#V [AGOTGetName(Artifact.GetOwner)], $head_dragonkeeper_court_position$ при дворе правителя [AGOTGetName(Artifact.GetOwner.GetLiege)].#!",,localization/russian/more_dragon_eggs_ui_l_russian.yml
mde_egg_msg_found_intro,added,,Слухи о поразительной находке стремительно расходятся по гаваням и рыночным площадям:\n\n,Whispers of a remarkable discovery race through the harbors and market squares:\n\n,True,True,Слухи об удивительной находке разносятся по гаваням и рыночным площадям:\n\n,,localization/russian/more_dragon_eggs_events_l_russian.yml
mde_egg_msg_found_outro,added,,"\n\nМногие гадают, вылупится ли оно когда-нибудь и что [mde_egg_owner.GetSheHe] станет с ним делать, если это случится.","\n\nMany wonder whether it will ever hatch, and what [mde_egg_owner.GetSheHe] will do with it if it does.",True,True,"\n\nМногие гадают, вылупится ли из яйца дракон и как [mde_egg_owner.GetSheHe] тогда распорядится этой силой.",,localization/russian/more_dragon_eggs_events_l_russian.yml
mde_egg_owner,added,,"[AGOTGetName(Artifact.GetOwner)|V][AddLocalizationIf(GetScriptedGui('mde_is_dragonkeeper').IsShown( GuiScope.SetRoot( Artifact.GetOwner.MakeScope ).End ), 'mde_dragonkeeper_liege')]","[AGOTGetName(Artifact.GetOwner)|V][AddLocalizationIf(GetScriptedGui('mde_is_dragonkeeper').IsShown( GuiScope.SetRoot( Artifact.GetOwner.MakeScope ).End ), 'mde_dragonkeeper_liege')]",True,True,"[AGOTGetName(Artifact.GetOwner)|V][AddLocalizationIf(GetScriptedGui('mde_is_dragonkeeper').IsShown( GuiScope.SetRoot( Artifact.GetOwner.MakeScope ).End ), 'mde_dragonkeeper_liege')]",,localization/russian/more_dragon_eggs_ui_l_russian.yml
mde_egg_toast_clutch,added,,"С вестями воронов и рассказами моряков слух расходится от замка к гавани: драконица отложила яйца!\n\n[dragon_parent.GetName], [dragon_parent.Custom('GetDragonColorFull')] драконица, отложила для [mde_egg_owner.GetTitledFirstName] целую кладку, в том числе [mde_toast_egg.GetName].\n\nЕсли яйца вылупятся, миру придётся бояться ещё большего числа драконов.","Word travels from keep to harbor on the wings of ravens and the tongues of sailors: a dragon has laid eggs!\n\n[dragon_parent.GetName], the [dragon_parent.Custom('GetDragonColorFull')] beast, has laid a clutch for [mde_egg_owner.GetTitledFirstName], including this [mde_toast_egg.GetName].\n\nIf they hatch, the world will have more dragons to fear.",True,True,"На крыльях воронов и в рассказах моряков от замка к гавани летит весть: дракон отложил яйца!\n\n[dragon_parent.GetName], [dragon_parent.Custom('GetDragonColorFull')] зверь, приносит кладку своему хозяину — [mde_egg_owner.GetTitledFirstName]. Среди яиц — [mde_toast_egg.GetName].\n\nЕсли они вылупятся, в мире станет больше драконов, которых следует бояться.",,localization/russian/more_dragon_eggs_events_l_russian.yml
mde_egg_toast_clutch_t,added,,[dragon_parent.GetNameNoTooltip] откладывает кладку,[dragon_parent.GetNameNoTooltip] Lays a Clutch,True,True,Новая кладка — [dragon_parent.GetNameNoTooltip],,localization/russian/more_dragon_eggs_events_l_russian.yml
mde_egg_toast_expedition_adventure,added,,"Путники и наёмники разносят весть о дерзкой экспедиции, вернувшейся домой:\n\nЭкспедиция, снаряжённая [mde_egg_owner.GetTitledFirstName], вернулась с [mde_toast_egg.GetName].\n\nГде именно его нашли, авантюристы предпочитают не рассказывать.","Travelers and sellswords spread the news of a daring adventure come home:\n\nAn expedition funded by [mde_egg_owner.GetTitledFirstName] has returned with [mde_toast_egg.GetName].\n\nWhere it was found, the adventurers are keeping to themselves.",True,True,"Путники и наёмники разносят весть о возвращении смелых искателей приключений:\n\nЭкспедиция, средства на которую выделяет [mde_egg_owner.GetTitledFirstName], вернулась с находкой — [mde_toast_egg.GetName].\n\nО том, где удалось отыскать яйцо, участники похода предпочитают молчать.",,localization/russian/more_dragon_eggs_events_l_russian.yml
mde_egg_toast_expedition_t,added,,[mde_egg_owner.GetFirstNameNoTooltip] возвращается с драконьим яйцом,[mde_egg_owner.GetFirstNameNoTooltip] Returns with a Dragon Egg,True,True,Возвращение с драконьим яйцом — [mde_egg_owner.GetFirstNameNoTooltip],,localization/russian/more_dragon_eggs_events_l_russian.yml
mde_egg_toast_expedition_trade,added,,"Купцы и капитаны кораблей говорят лишь об одном:\n\nТорговая экспедиция, снаряжённая [mde_egg_owner.GetTitledFirstName], вернулась из дальних земель, а среди её груза оказалось [mde_toast_egg.GetName].\n\nГоворят, никакая цена не сравнится с его истинной ценностью.","Merchants and ship captains speak of little else:\n\nA trade expedition funded by [mde_egg_owner.GetTitledFirstName] has returned from distant lands with [mde_toast_egg.GetName] among its cargo.\n\nNo price, they say, could match what it is worth.",True,True,"Купцы и капитаны кораблей говорят лишь об одном:\n\nТорговая экспедиция, средства на которую выделяет [mde_egg_owner.GetTitledFirstName], вернулась из далёких земель. Среди её грузов — [mde_toast_egg.GetName].\n\nГоворят, никакое золото не сравнится с ценностью этой находки.",,localization/russian/more_dragon_eggs_events_l_russian.yml
mde_egg_toast_expedition_valyria,added,,"Моряки, клянущиеся, что собственными глазами видели Дымное море, повторяют в каждой гавани одну и ту же поразительную историю:\n\n[mde_egg_owner.GetTitledFirstName] возвращается из руин Валирии с [mde_toast_egg.GetName].\n\nМало кто отправляется к Четырнадцати Огням и возвращается, а с сокровищами — и того меньше.","Sailors who swear they saw the Smoking Sea with their own eyes tell the same astonishing story in every harbor:\n\n[mde_egg_owner.GetTitledFirstName] has returned from the ruins of Valyria bearing [mde_toast_egg.GetName].\n\nFew who sail for the Fourteen Flames ever return, and fewer still return with treasure.",True,True,"Моряки, клянущиеся, что своими глазами видели Дымное море, рассказывают в каждой гавани одну и ту же удивительную историю:\n\n[mde_egg_owner.GetTitledFirstName] возвращается из руин Валирии с находкой — [mde_toast_egg.GetName].\n\nМало кто возвращается из плавания к Четырнадцати Огням, а с сокровищами — и того меньше.",,localization/russian/more_dragon_eggs_events_l_russian.yml
mde_egg_toast_market,added,,"Великие рынки востока гудят от разговоров:\n\n[mde_toast_egg.GetName] появилось среди товаров на рынке артефактов и ждёт покупателя, достаточно богатого, чтобы его приобрести.","Merchants in the great markets of the east are abuzz:\n\n[mde_toast_egg.GetName] has appeared among the wares of the artifact market, waiting for a buyer rich enough to claim it.",True,True,"Купцы на великих рынках востока оживлённо обсуждают новость:\n\nСреди товаров на рынке артефактов появилось [mde_toast_egg.GetName]. Оно ждёт покупателя, достаточно богатого, чтобы заполучить его.",,localization/russian/more_dragon_eggs_events_l_russian.yml
mde_egg_toast_market_t,added,,Драконье яйцо на продажу,A Dragon Egg for Sale,True,True,Драконье яйцо на продажу,,localization/russian/more_dragon_eggs_events_l_russian.yml
mde_egg_toast_other,added,,По гаваням и купеческим залам расходятся слухи:\n\n[mde_toast_egg.GetName] оказалось в руках [mde_egg_owner.GetTitledFirstName].,Rumor spreads through the harbors and merchant halls:\n\n[mde_toast_egg.GetName] has come into the hands of [mde_egg_owner.GetTitledFirstName].,True,True,По гаваням и купеческим палатам расходится слух:\n\nУ драконьего яйца [mde_toast_egg.GetName] появился новый владелец — [mde_egg_owner.GetTitledFirstName].,,localization/russian/more_dragon_eggs_events_l_russian.yml
mde_egg_toast_other_t,added,,Обнаружено драконье яйцо,A Dragon Egg Surfaces,True,True,Обнаружено драконье яйцо,,localization/russian/more_dragon_eggs_events_l_russian.yml
mde_egg_toast_pickup_dragonstone,added,,$mde_egg_msg_found_intro$[mde_egg_owner.GetTitledFirstName] находит [mde_toast_egg.GetName] в пещерах Драконьего Камня.$mde_egg_msg_found_outro$,$mde_egg_msg_found_intro$[mde_egg_owner.GetTitledFirstName] has found [mde_toast_egg.GetName] in the caves of Dragonstone.$mde_egg_msg_found_outro$,True,True,$mde_egg_msg_found_intro$[mde_egg_owner.GetTitledFirstName] находит [mde_toast_egg.GetName] в пещерах Драконьего Камня.$mde_egg_msg_found_outro$,,localization/russian/more_dragon_eggs_events_l_russian.yml
mde_egg_toast_pickup_hellholt,added,,$mde_egg_msg_found_intro$[mde_egg_owner.GetTitledFirstName] находит [mde_toast_egg.GetName] среди останков Мераксес в Пекле.$mde_egg_msg_found_outro$,$mde_egg_msg_found_intro$[mde_egg_owner.GetTitledFirstName] has found [mde_toast_egg.GetName] among the remains of Meraxes at Hellholt.$mde_egg_msg_found_outro$,True,True,$mde_egg_msg_found_intro$[mde_egg_owner.GetTitledFirstName] находит [mde_toast_egg.GetName] среди останков Мераксес в Пекле.$mde_egg_msg_found_outro$,,localization/russian/more_dragon_eggs_events_l_russian.yml
mde_egg_toast_pickup_isle_of_faces,added,,$mde_egg_msg_found_intro$[mde_egg_owner.GetTitledFirstName] находит [mde_toast_egg.GetName] на Острове Ликов.$mde_egg_msg_found_outro$,$mde_egg_msg_found_intro$[mde_egg_owner.GetTitledFirstName] has found [mde_toast_egg.GetName] on the Isle of Faces.$mde_egg_msg_found_outro$,True,True,$mde_egg_msg_found_intro$[mde_egg_owner.GetTitledFirstName] находит [mde_toast_egg.GetName] на Острове Ликов.$mde_egg_msg_found_outro$,,localization/russian/more_dragon_eggs_events_l_russian.yml
mde_egg_toast_pickup_old_wyk,added,,$mde_egg_msg_found_intro$[mde_egg_owner.GetTitledFirstName] находит [mde_toast_egg.GetName] у холма Нагги на Старом Вике.$mde_egg_msg_found_outro$,$mde_egg_msg_found_intro$[mde_egg_owner.GetTitledFirstName] has found [mde_toast_egg.GetName] at Nagga's Hill on Old Wyk.$mde_egg_msg_found_outro$,True,True,"$mde_egg_msg_found_intro$[mde_egg_owner.GetTitledFirstName] находит [mde_toast_egg.GetName] на Холме Нагги, на Старом Вике.$mde_egg_msg_found_outro$",,localization/russian/more_dragon_eggs_events_l_russian.yml
mde_egg_toast_pickup_qohor_road,added,,$mde_egg_msg_found_intro$[mde_egg_owner.GetTitledFirstName] находит [mde_toast_egg.GetName] на старой дороге из Квохора в Валирию.$mde_egg_msg_found_outro$,$mde_egg_msg_found_intro$[mde_egg_owner.GetTitledFirstName] has found [mde_toast_egg.GetName] along the old road from Qohor to Valyria.$mde_egg_msg_found_outro$,True,True,$mde_egg_msg_found_intro$[mde_egg_owner.GetTitledFirstName] находит [mde_toast_egg.GetName] у старой дороги из Квохора в Валирию.$mde_egg_msg_found_outro$,,localization/russian/more_dragon_eggs_events_l_russian.yml
mde_egg_toast_pickup_red_lake,added,,$mde_egg_msg_found_intro$[mde_egg_owner.GetTitledFirstName] находит [mde_toast_egg.GetName] в логове Среброкрылой у Красного озера.$mde_egg_msg_found_outro$,$mde_egg_msg_found_intro$[mde_egg_owner.GetTitledFirstName] has found [mde_toast_egg.GetName] in Silverwing's lair at the Red Lake.$mde_egg_msg_found_outro$,True,True,$mde_egg_msg_found_intro$[mde_egg_owner.GetTitledFirstName] находит [mde_toast_egg.GetName] в логове Среброкрылой у Алого озера.$mde_egg_msg_found_outro$,,localization/russian/more_dragon_eggs_events_l_russian.yml
mde_egg_toast_pickup_skagos,added,,$mde_egg_msg_found_intro$[mde_egg_owner.GetTitledFirstName] находит [mde_toast_egg.GetName] в логове Каннибала на Скагосе.$mde_egg_msg_found_outro$,$mde_egg_msg_found_intro$[mde_egg_owner.GetTitledFirstName] has found [mde_toast_egg.GetName] in the Cannibal's lair on Skagos.$mde_egg_msg_found_outro$,True,True,$mde_egg_msg_found_intro$[mde_egg_owner.GetTitledFirstName] находит [mde_toast_egg.GetName] в логове Каннибала на Скагосе.$mde_egg_msg_found_outro$,,localization/russian/more_dragon_eggs_events_l_russian.yml
mde_egg_toast_pickup_spicetown,added,,$mde_egg_msg_found_intro$[mde_egg_owner.GetTitledFirstName] находит [mde_toast_egg.GetName] глубоко среди руин Спайстауна.$mde_egg_msg_found_outro$,$mde_egg_msg_found_intro$[mde_egg_owner.GetTitledFirstName] has found [mde_toast_egg.GetName] deep in the ruins of Spicetown.$mde_egg_msg_found_outro$,True,True,$mde_egg_msg_found_intro$[mde_egg_owner.GetTitledFirstName] находит [mde_toast_egg.GetName] в глубине руин Спайстауна.$mde_egg_msg_found_outro$,,localization/russian/more_dragon_eggs_events_l_russian.yml
mde_egg_toast_pickup_summerhall,added,,$mde_egg_msg_found_intro$[mde_egg_owner.GetTitledFirstName] находит [mde_toast_egg.GetName] среди руин Летнего замка.$mde_egg_msg_found_outro$,$mde_egg_msg_found_intro$[mde_egg_owner.GetTitledFirstName] has found [mde_toast_egg.GetName] in the ruins of Summerhall.$mde_egg_msg_found_outro$,True,True,$mde_egg_msg_found_intro$[mde_egg_owner.GetTitledFirstName] находит [mde_toast_egg.GetName] в руинах Летнего замка.$mde_egg_msg_found_outro$,,localization/russian/more_dragon_eggs_events_l_russian.yml
mde_egg_toast_pickup_t,added,,[mde_egg_owner.GetFirstNameNoTooltip] находит драконье яйцо!,[mde_egg_owner.GetFirstNameNoTooltip] Finds a Dragon Egg!,True,True,Находка драконьего яйца — [mde_egg_owner.GetFirstNameNoTooltip]!,,localization/russian/more_dragon_eggs_events_l_russian.yml
mde_egg_toast_pickup_vale,added,,"$mde_egg_msg_found_intro$[mde_egg_owner.GetTitledFirstName] находит [mde_toast_egg.GetName] в пещере Огненной ведьмы, высоко в Лунных горах.$mde_egg_msg_found_outro$","$mde_egg_msg_found_intro$[mde_egg_owner.GetTitledFirstName] has found [mde_toast_egg.GetName] in the Cave of the Fire Witch, high in the Mountains of the Moon.$mde_egg_msg_found_outro$",True,True,"$mde_egg_msg_found_intro$[mde_egg_owner.GetTitledFirstName] находит [mde_toast_egg.GetName] в пещере Огненной Ведьмы, высоко в Лунных горах.$mde_egg_msg_found_outro$",,localization/russian/more_dragon_eggs_events_l_russian.yml
mde_egg_toast_pickup_volantis,added,,$mde_egg_msg_found_intro$[mde_egg_owner.GetTitledFirstName] находит [mde_toast_egg.GetName] в заброшенном валирийском лагере неподалёку от Волантиса.$mde_egg_msg_found_outro$,$mde_egg_msg_found_intro$[mde_egg_owner.GetTitledFirstName] has found [mde_toast_egg.GetName] at an abandoned Valyrian camp near Volantis.$mde_egg_msg_found_outro$,True,True,$mde_egg_msg_found_intro$[mde_egg_owner.GetTitledFirstName] находит [mde_toast_egg.GetName] в заброшенном валирийском лагере близ Волантиса.$mde_egg_msg_found_outro$,,localization/russian/more_dragon_eggs_events_l_russian.yml
mde_egg_toast_pickup_winterfell,added,,$mde_egg_msg_found_intro$[mde_egg_owner.GetTitledFirstName] находит [mde_toast_egg.GetName] в криптах Винтерфелла.$mde_egg_msg_found_outro$,$mde_egg_msg_found_intro$[mde_egg_owner.GetTitledFirstName] has found [mde_toast_egg.GetName] in the crypts of Winterfell.$mde_egg_msg_found_outro$,True,True,$mde_egg_msg_found_intro$[mde_egg_owner.GetTitledFirstName] находит [mde_toast_egg.GetName] в крипте Винтерфелла.$mde_egg_msg_found_outro$,,localization/russian/more_dragon_eggs_events_l_russian.yml
mde_egg_toast_restoration_spicetown,added,,"Каменщики и рабочие разносят весть из руин Спайстауна по всем портам Черноводного залива:\n\nРазбирая обгоревшие залы, рабочие, восстанавливающие город, откопали [mde_toast_egg.GetName], и теперь яйцо находится в руках [mde_egg_owner.GetTitledFirstName].\n\nПростолюдины шепчутся, что призраки Глотки наконец вернули хоть что-то.","Stonemasons and laborers carry the tale from the ruins of Spicetown to every port on Blackwater Bay:\n\nWhile clearing the burned-out halls, the workers restoring the town unearthed [mde_toast_egg.GetName], now in the hands of [mde_egg_owner.GetTitledFirstName].\n\nThe smallfolk whisper that the ghosts of the Gullet have finally given something back.",True,True,"Каменщики и рабочие разносят весть из руин Спайстауна по всем портам Черноводного залива:\n\nРасчищая выгоревшие залы, строители, восстанавливающие город, обнаружили [mde_toast_egg.GetName]. Теперь им владеет [mde_egg_owner.GetTitledFirstName].\n\nПростой люд шепчется, что призраки Глотки наконец отдали хоть что-то взамен.",,localization/russian/more_dragon_eggs_events_l_russian.yml
mde_egg_toast_restoration_summerhall,added,,"Каменщики и рабочие разносят весть из руин Летнего замка по всем трактирам Королевского тракта:\n\nРазбирая завалы, рабочие, восстанавливающие дворец, откопали [mde_toast_egg.GetName], и теперь яйцо находится в руках [mde_egg_owner.GetTitledFirstName].\n\nОдни называют находку благословением. Другие напоминают: из Летнего замка ещё никогда не выходило ничего доброго.","Stonemasons and laborers carry the tale from the ruins of Summerhall to every inn along the Kingsroad:\n\nWhile clearing the rubble, the workers restoring the palace unearthed [mde_toast_egg.GetName], now in the hands of [mde_egg_owner.GetTitledFirstName].\n\nSome call it a blessing. Others say nothing good ever came out of Summerhall.",True,True,"Каменщики и рабочие разносят весть из руин Летнего замка по всем трактирам вдоль Королевского тракта:\n\nРазбирая завалы, строители, восстанавливающие дворец, обнаружили [mde_toast_egg.GetName]. Теперь им владеет [mde_egg_owner.GetTitledFirstName].\n\nОдни называют находку благословением. Другие говорят, что из Летнего замка никогда не приходило ничего доброго.",,localization/russian/more_dragon_eggs_events_l_russian.yml
mde_egg_toast_restoration_t,added,,Драконье яйцо под обломками,A Dragon Egg Beneath the Rubble,True,True,Драконье яйцо под обломками,,localization/russian/more_dragon_eggs_events_l_russian.yml
mde_egg_toast_secret_hightower,added,,"Сплетни расходятся из залов Староместа по всем уголкам державы:\n\nДом Хайтауэров долго скрывал драконье яйцо, но теперь [mde_egg_owner.GetTitledFirstName] являет миру [mde_toast_egg.GetName].\n\nПоговаривают, что мейстеры Цитадели крайне недовольны.","Gossip spreads from the halls of Oldtown to every corner of the realm:\n\nHouse Hightower has long hidden a dragon egg, and [mde_egg_owner.GetTitledFirstName] has now brought [mde_toast_egg.GetName] out into the light.\n\nThe maesters of the Citadel are said to be most displeased.",True,True,"Из чертогов Староместа слухи расходятся по всему королевству:\n\nДом Хайтауэров долго скрывал драконье яйцо. Теперь [mde_egg_owner.GetTitledFirstName] являет миру семейную тайну — [mde_toast_egg.GetName].\n\nГоворят, мейстеры Цитадели крайне недовольны.",,localization/russian/more_dragon_eggs_events_l_russian.yml
mde_egg_toast_secret_t,added,,Скрытое яйцо Хайтауэров,The Hightower's Hidden Egg,True,True,Тайное яйцо Хайтауэров,,localization/russian/more_dragon_eggs_events_l_russian.yml
mde_kingsguard_white_book_tt,added,,#T Белая книга#!\nОткрыть Белую книгу Королевской гвардии.,#T The White Book#!\nOpen the White Book of the Kingsguard.,True,True,#T Белая книга#!\nОткрыть Белую книгу Королевской гвардии.,,localization/russian/more_dragon_eggs_ui_l_russian.yml
mde_lineage_and_embryo,added,,[Artifact.Custom('mde_dragon_parent_localization')] [Artifact.Custom('mde_dragon_embryo_line')],[Artifact.Custom('mde_dragon_parent_localization')] [Artifact.Custom('mde_dragon_embryo_line')],True,True,[Artifact.Custom('mde_dragon_parent_localization')] [Artifact.Custom('mde_dragon_embryo_line')],,localization/russian/mde_artifacts_l_russian.yml
mde_menu_events.0001.a,removed,Закрыть,,,False,False,,localization/russian/more_dragon_eggs_ui_l_russian.yml,
mde_menu_events.0001.desc,removed,,,,False,False,,localization/russian/more_dragon_eggs_ui_l_russian.yml,
mde_menu_events.0001.t,removed,Настройка кнопок,,,False,False,,localization/russian/more_dragon_eggs_ui_l_russian.yml,
mde_menu_events.0002.desc,removed,,,,False,False,,localization/russian/more_dragon_eggs_ui_l_russian.yml,
mde_menu_events.0003.desc,removed,,,,False,False,,localization/russian/more_dragon_eggs_ui_l_russian.yml,
mde_menu_events.0004.a,removed,Закрыть,,,False,False,,localization/russian/more_dragon_eggs_ui_l_russian.yml,
mde_menu_events.0004.desc,removed,,,,False,False,,localization/russian/more_dragon_eggs_ui_l_russian.yml,
mde_menu_events.0004.t,removed,Настройка кнопок,,,False,False,,localization/russian/more_dragon_eggs_ui_l_russian.yml,
mde_this_dragon_will_hatch_this,removed,#color_dark_gray [Artifact.Custom('mde_this_dragon_will_hatch')] #!,,,False,False,,localization/russian/mde_demand_egg_events_l_russian.yml,
meleys_desc,added,,Мелеис,Meleys,True,True,Мелеис,,localization/russian/mde_artifacts_l_russian.yml
menu_button_manager_text,added,,Показать или скрыть кнопку меню,Toggle Menu Button,True,True,Показать или скрыть кнопку меню,,localization/russian/more_dragon_eggs_ui_l_russian.yml
menu_menu_host_only,added,,"@warning_icon! #X Игра идёт в мультиплеере, и вы не хост!#!",@warning_icon! #X The game is in multiplayer and you are not the host!#!,True,True,@warning_icon! #X Изменять эти настройки в сетевой игре может только её организатор!#!,,localization/russian/more_dragon_eggs_ui_l_russian.yml
menu_rule_can_children_be_landless,added,,Могут ли дети стать безземельными авантюристами,Can Children Become Landless Adventurers,True,True,Дети могут становиться безземельными авантюристами,,localization/russian/more_dragon_eggs_ui_l_russian.yml
menu_rule_can_hatch_multiple_dragons,added,,Выведение нескольких драконов за церемонию,Hatch Multiple Eggs In A Ceremony,True,True,Выведение нескольких драконов за одну церемонию,,localization/russian/more_dragon_eggs_ui_l_russian.yml
menu_rule_can_landless_steal,added,,Кражи безземельных авантюристов,Landless Adventurer Stealing,True,True,Кражи безземельных авантюристов,,localization/russian/more_dragon_eggs_ui_l_russian.yml
menu_rule_cannibal_instinct_odds,added,,Вероятность события «Инстинкт Каннибала»,Cannibal Instinct Event Odds,True,True,Вероятность события об инстинкте каннибала,,localization/russian/more_dragon_eggs_ui_l_russian.yml
menu_rule_canon_dragon_egg_hatch_likelihood,added,,Вероятность вылупления канонических драконов из яиц,Canon Dragon Egg Hatching Likelihood,True,True,Вероятность вылупления канонических драконов,,localization/russian/more_dragon_eggs_ui_l_russian.yml
menu_rule_capture_dragon_time_limit,added,,Срок поимки дракона,Capture Dragon Time Limit,True,True,Срок поимки дракона,,localization/russian/more_dragon_eggs_ui_l_russian.yml
menu_rule_cradle_hatch_likelihood_ai,added,,Вероятность вылупления яиц в колыбели: ИИ,AI Cradled Egg Hatching,True,True,Вылупление вынашиваемых яиц — ИИ,,localization/russian/more_dragon_eggs_ui_l_russian.yml
menu_rule_cradle_hatch_likelihood_player,added,,Вероятность вылупления яиц в колыбели: игрок,Player Cradled Egg Hatching Likelihood,True,True,Вылупление вынашиваемых яиц — игрок,,localization/russian/more_dragon_eggs_ui_l_russian.yml
menu_rule_dragon_egg_clutch_frequency,added,,Частота кладок у драконов игрока,Player Owned Dragon Egg Clutch Frequency,True,True,Частота кладок драконов игрока,,localization/russian/more_dragon_eggs_ui_l_russian.yml
menu_rule_dragon_egg_clutch_frequency_ai,added,,Частота кладок у драконов ИИ,AI Owned Dragon Egg Clutch Frequency,True,True,Частота кладок драконов ИИ,,localization/russian/more_dragon_eggs_ui_l_russian.yml
menu_rule_dragon_egg_clutch_size,added,,Размер кладки драконьих яиц,Dragon Egg Clutch Size,True,True,Количество яиц в кладке,,localization/russian/more_dragon_eggs_ui_l_russian.yml
menu_rule_dragon_egg_spawn_likelihood_ai,added,,Появление драконьих яиц на карте для ИИ,AI Dragon Egg Map Spawn,True,True,Находки драконьих яиц на карте — ИИ,,localization/russian/more_dragon_eggs_ui_l_russian.yml
menu_rule_dragon_egg_spawn_likelihood_player,added,,Появление драконьих яиц на карте для игрока,Player Dragon Egg Map Spawn,True,True,Находки драконьих яиц на карте — игрок,,localization/russian/more_dragon_eggs_ui_l_russian.yml
menu_rule_dragon_gene_frequency,added,,Частота генетических черт драконов,Dragon Genetic Trait Frequency,True,True,Частота наследственных свойств драконов,,localization/russian/more_dragon_eggs_ui_l_russian.yml
menu_rule_dragon_gene_frequency_naughty_or_nice,added,,Применение частоты генетических черт драконов,Dragon Genetic Trait Frequency Application,True,True,Применение частоты наследственных свойств драконов,,localization/russian/more_dragon_eggs_ui_l_russian.yml
menu_rule_dragon_hatching_success_chance,added,,Шанс успешного выведения дракона,Dragon Hatching Success Chance,True,True,Вероятность успешного выведения дракона,,localization/russian/more_dragon_eggs_ui_l_russian.yml
menu_rule_extant_hatching_ceremonies,added,,Церемонии выведения всегда доступны,Are Hatching Ceremonies Always Available,True,True,Доступность церемоний при живых драконах,,localization/russian/more_dragon_eggs_ui_l_russian.yml
menu_rule_mde_egg_notifications,added,,Уведомления о драконьих яйцах,Dragon Egg Notifications,True,True,Уведомления о драконьих яйцах,,localization/russian/more_dragon_eggs_ui_l_russian.yml
menu_rule_pit_hatch_likelihood_ai,added,,Вероятность вылупления яиц в драконьей яме: ИИ,AI Pitted Egg Hatching,True,True,Вылупление яиц в драконьих логовах — ИИ,,localization/russian/more_dragon_eggs_ui_l_russian.yml
menu_rule_pit_hatch_likelihood_player,added,,Вероятность вылупления яиц в драконьей яме: игрок,Player Pitted Egg Hatching,True,True,Вылупление яиц в драконьих логовах — игрок,,localization/russian/more_dragon_eggs_ui_l_russian.yml
menu_rule_ride_dragon_decision_cooldown,added,,Задержка решения «Оседлать дракона»,Ride Dragon Decision Cooldown,True,True,Перерыв между полётами на драконе,,localization/russian/more_dragon_eggs_ui_l_russian.yml
menu_rule_spawn_cannibal_egg,added,,Появление яйца Каннибала,Spawn Cannibal Egg,True,True,Появление яйца Каннибала,,localization/russian/more_dragon_eggs_ui_l_russian.yml
menu_rule_spawn_dragonstone_eggs,added,,Появление яиц Драконьего Камня,Spawn Dragonstone Eggs,True,True,Появление яиц на Драконьем Камне,,localization/russian/more_dragon_eggs_ui_l_russian.yml
menu_rule_spawn_meraxes_egg,added,,Появление яйца Мераксес,Spawn Meraxes Egg,True,True,Появление яйца Мераксес,,localization/russian/more_dragon_eggs_ui_l_russian.yml
menu_rule_spawn_moondancer_egg,added,,Появление яйца Лунной Плясуньи,Spawn Moondancer Egg,True,True,Появление яйца Лунной Плясуньи,,localization/russian/more_dragon_eggs_ui_l_russian.yml
menu_rule_spawn_nagga_egg,added,,Появление яйца Нагги,Spawn Nagga Egg,True,True,Появление яйца Нагги,,localization/russian/more_dragon_eggs_ui_l_russian.yml
menu_rule_spawn_pythax_egg,added,,Появление яйца Пифакса,Spawn Pythax Egg,True,True,Появление яйца Пифакса,,localization/russian/more_dragon_eggs_ui_l_russian.yml
menu_rule_spawn_sheepstealer_egg,added,,Появление яйца Овцекрада,Spawn Sheepstealer Egg,True,True,Появление яйца Овцекрада,,localization/russian/more_dragon_eggs_ui_l_russian.yml
menu_rule_spawn_vassarion_egg,added,,Появление яйца Вассариона,Spawn Vassarion Egg,True,True,Появление яйца Вассариона,,localization/russian/more_dragon_eggs_ui_l_russian.yml
menu_rule_spawn_vhagar_egg,added,,Появление яйца Вхагар,Spawn Vhagar Egg,True,True,Появление яйца Вхагар,,localization/russian/more_dragon_eggs_ui_l_russian.yml
menu_rule_stepstone_invasion_frequency,added,,Частота вторжений авантюристов на Ступени,Stepstone Adventurer Invasion Frequency,True,True,Частота вторжений авантюристов на Ступени,,localization/russian/more_dragon_eggs_ui_l_russian.yml
menu_viewer.t,added,,Меню MDE,MDE Menu,True,True,Меню MDE,,localization/russian/more_dragon_eggs_ui_l_russian.yml
meraxes_desc,added,,Мераксес,Meraxes,True,True,Мераксес,,localization/russian/mde_artifacts_l_russian.yml
message_filter_dragon_egg_created,added,,@dragon_icon! Найдено драконье яйцо,@dragon_icon! Dragon Egg Found,True,True,@dragon_icon! Найдено драконье яйцо,,localization/russian/more_dragon_eggs_ui_l_russian.yml
message_filter_dragon_egg_created_desc,added,,"Драконье яйцо ([dragon|E]) было отложено, найдено или иным образом появилось в мире","A [dragon|E] egg has been laid, found or brought into the world",True,True,"Яйцо [Concept('dragon', 'дракона')|E] отложено, найдено или получено иным способом",,localization/russian/more_dragon_eggs_ui_l_russian.yml
moondancer_desc,added,,Лунная Плясунья,Moondancer,True,True,Лунная Плясунья,,localization/russian/mde_artifacts_l_russian.yml
more_dragon_eggs_events.0001.a,removed,Уничтожить!,,,False,False,,localization/russian/more_dragon_eggs_events_l_russian.yml,
more_dragon_eggs_events.0001.desc,removed,"Это событие удаляет все порченые яйца в вашей игре. Наведите курсор на подсказку, чтобы увидеть результат и узнать, какие яйца были уничтожены. Решение появится снова, если в мире возникнут новые порченые яйца.",,,False,False,,localization/russian/more_dragon_eggs_events_l_russian.yml,
more_dragon_eggs_events.0001.t,removed,Порченые яйца уничтожены,,,False,False,,localization/russian/more_dragon_eggs_events_l_russian.yml,
more_dragon_eggs_events.0002.a,removed,Уничтожить!,,,False,False,,localization/russian/more_dragon_eggs_events_l_russian.yml,
more_dragon_eggs_events.0002.desc,removed,"Это событие удаляет все порченые яйца в вашей игре. Наведите курсор на подсказку, чтобы увидеть результат и узнать, какие яйца были уничтожены. Решение появится снова, если в мире возникнут новые порченые яйца.",,,False,False,,localization/russian/more_dragon_eggs_events_l_russian.yml,
more_dragon_eggs_events.0002.t,removed,Отладка,,,False,False,,localization/russian/more_dragon_eggs_events_l_russian.yml,
more_dragon_eggs_events.0003.a,removed,Выбрать этого дракона,,,False,False,,localization/russian/more_dragon_eggs_events_l_russian.yml,
more_dragon_eggs_events.0003.b,removed,Отмена,,,False,False,,localization/russian/more_dragon_eggs_events_l_russian.yml,
more_dragon_eggs_events.0003.desc,removed,,,,False,False,,localization/russian/more_dragon_eggs_events_l_russian.yml,
more_dragon_eggs_events.0003.t,removed,"Выбор [Concept('dragon', 'дракона')|E]",,,False,False,,localization/russian/more_dragon_eggs_events_l_russian.yml,
more_dragon_eggs_events.0004.a,removed,"Переместить [selected_dragon_loc.GetName] в выбранную [Concept('dragonpit', 'драконью яму')|E]",,,False,False,,localization/russian/more_dragon_eggs_events_l_russian.yml,
more_dragon_eggs_events.0004.b,removed,Переместить [selected_dragon_loc.GetName] наружу,,,False,False,,localization/russian/more_dragon_eggs_events_l_russian.yml,
more_dragon_eggs_events.0004.c,removed,Отмена,,,False,False,,localization/russian/more_dragon_eggs_events_l_russian.yml,
more_dragon_eggs_events.0004.desc,removed,Здесь находятся драконьи ямы.,,,False,False,,localization/russian/more_dragon_eggs_events_l_russian.yml,
more_dragon_eggs_events.0004.t,removed,"Выбор [Concept('dragonpit', 'драконьей ямы')|E]",,,False,False,,localization/russian/more_dragon_eggs_events_l_russian.yml,
more_dragon_eggs_events.0005.a,removed,,,,False,False,,localization/russian/more_dragon_eggs_events_l_russian.yml,
more_dragon_eggs_events.0005.desc,removed,,,,False,False,,localization/russian/more_dragon_eggs_events_l_russian.yml,
more_dragon_eggs_events.0005.t,removed,,,,False,False,,localization/russian/more_dragon_eggs_events_l_russian.yml,
more_dragon_eggs_events.0006.a,removed,,,,False,False,,localization/russian/more_dragon_eggs_events_l_russian.yml,
more_dragon_eggs_events.0006.desc,removed,,,,False,False,,localization/russian/more_dragon_eggs_events_l_russian.yml,
more_dragon_eggs_events.0006.t,removed,,,,False,False,,localization/russian/more_dragon_eggs_events_l_russian.yml,
more_dragon_eggs_events.0007.a,removed,,,,False,False,,localization/russian/more_dragon_eggs_events_l_russian.yml,
more_dragon_eggs_events.0007.desc,removed,,,,False,False,,localization/russian/more_dragon_eggs_events_l_russian.yml,
more_dragon_eggs_events.0007.t,removed,,,,False,False,,localization/russian/more_dragon_eggs_events_l_russian.yml,
more_dragon_eggs_events.0008.a,removed,"Переместить [selected_dragon_loc.GetName] в выбранную [Concept('dragonpit', 'драконью яму')|E]",,,False,False,,localization/russian/more_dragon_eggs_events_l_russian.yml,
more_dragon_eggs_events.0008.b,removed,Переместить [selected_dragon_loc.GetName] наружу,,,False,False,,localization/russian/more_dragon_eggs_events_l_russian.yml,
more_dragon_eggs_events.0008.c,removed,Закрыть,,,False,False,,localization/russian/more_dragon_eggs_events_l_russian.yml,
more_dragon_eggs_events.0008.desc,removed, ,,,False,False,,localization/russian/more_dragon_eggs_events_l_russian.yml,
more_dragon_eggs_events.0008.t,removed,"Выбор [Concept('dragonpit', 'драконьей ямы')|E]",,,False,False,,localization/russian/more_dragon_eggs_events_l_russian.yml,
more_dragon_eggs_events.0009.a,removed,,,,False,False,,localization/russian/more_dragon_eggs_events_l_russian.yml,
more_dragon_eggs_events.0009.desc,removed,,,,False,False,,localization/russian/more_dragon_eggs_events_l_russian.yml,
more_dragon_eggs_events.0009.t,removed,,,,False,False,,localization/russian/more_dragon_eggs_events_l_russian.yml,
more_dragon_eggs_events.0011.desc,removed,,,,False,False,,localization/russian/more_dragon_eggs_events_l_russian.yml,
more_dragon_eggs_events.0011.t,removed,,,,False,False,,localization/russian/more_dragon_eggs_events_l_russian.yml,
more_dragon_eggs_events.0012.a,removed,,,,False,False,,localization/russian/more_dragon_eggs_events_l_russian.yml,
more_dragon_eggs_events.0014.a,removed,"Посмотреть своих [Concept('dragons_plural', 'драконов')|E]",,,False,False,,localization/russian/more_dragon_eggs_events_l_russian.yml,
more_dragon_eggs_events.0014.b,removed,"Посмотреть чужих [Concept('dragons_plural', 'драконов')|E]",,,False,False,,localization/russian/more_dragon_eggs_events_l_russian.yml,
more_dragon_eggs_events.0014.c,removed,Отменить,,,False,False,,localization/russian/more_dragon_eggs_events_l_russian.yml,
more_dragon_eggs_events.0014.desc,removed,,,,False,False,,localization/russian/more_dragon_eggs_events_l_russian.yml,
more_dragon_eggs_events.0014.t,removed,Все живые драконы,,,False,False,,localization/russian/more_dragon_eggs_events_l_russian.yml,
more_dragon_eggs_events.0015.a,removed,"Посмотреть всех [Concept('dragons_plural', 'драконов')|E] в выбранной [Concept('dragonpit', 'драконьей яме')|E]",,,False,False,,localization/russian/more_dragon_eggs_events_l_russian.yml,
more_dragon_eggs_events.0015.b,removed,"Переместить всех ваших [Concept('dragons_plural', 'драконов')|E] в выбранную [Concept('dragonpit', 'драконью яму')|E]",,,False,False,,localization/russian/more_dragon_eggs_events_l_russian.yml,
more_dragon_eggs_events.0015.c,removed,"Переместить всех ваших [Concept('dragons_plural', 'драконов')|E] из выбранной [Concept('dragonpit', 'драконьей ямы')|E]",,,False,False,,localization/russian/more_dragon_eggs_events_l_russian.yml,
more_dragon_eggs_events.0015.d,removed,"Посмотреть все [Concept('dragonpits', 'драконьи ямы')|E]",,,False,False,,localization/russian/more_dragon_eggs_events_l_russian.yml,
more_dragon_eggs_events.0015.desc,removed,,,,False,False,,localization/russian/more_dragon_eggs_events_l_russian.yml,
more_dragon_eggs_events.0015.e,removed,Отменить,,,False,False,,localization/russian/more_dragon_eggs_events_l_russian.yml,
more_dragon_eggs_events.0015.t,removed,Ваши драконьи ямы,,,False,False,,localization/russian/more_dragon_eggs_events_l_russian.yml,
more_dragon_eggs_events.0016.a,removed,"Посмотреть всех [Concept('dragons_plural', 'драконов')|E] в выбранной [Concept('dragonpit', 'драконьей яме')|E]",,,False,False,,localization/russian/more_dragon_eggs_events_l_russian.yml,
more_dragon_eggs_events.0016.b,removed,Переместить выбранного дракона наружу,,,False,False,,localization/russian/more_dragon_eggs_events_l_russian.yml,
more_dragon_eggs_events.0016.c,removed,Отменить,,,False,False,,localization/russian/more_dragon_eggs_events_l_russian.yml,
more_dragon_eggs_events.0016.desc,removed,,,,False,False,,localization/russian/more_dragon_eggs_events_l_russian.yml,
more_dragon_eggs_events.0016.t,removed,Драконы в [selected_dragonpit_loc.GetName],,,False,False,,localization/russian/more_dragon_eggs_events_l_russian.yml,
more_dragon_eggs_events.0017.desc,removed,,,,False,False,,localization/russian/more_dragon_eggs_events_l_russian.yml,
more_dragon_eggs_events.0017.t,removed,,,,False,False,,localization/russian/more_dragon_eggs_events_l_russian.yml,
more_dragon_eggs_events.0018.a,removed,,,,False,False,,localization/russian/more_dragon_eggs_events_l_russian.yml,
more_dragon_eggs_events.0018.t,removed,,,,False,False,,localization/russian/more_dragon_eggs_events_l_russian.yml,
more_dragon_eggs_events.0019.a,removed,"Посмотреть других [Concept('dragons_plural', 'драконов')|E]",,,False,False,,localization/russian/more_dragon_eggs_events_l_russian.yml,
more_dragon_eggs_events.0019.b,removed,"Посмотреть другие [Concept('dragonpits', 'драконьи ямы')|E]",,,False,False,,localization/russian/more_dragon_eggs_events_l_russian.yml,
more_dragon_eggs_events.0019.c,removed,Отменить,,,False,False,,localization/russian/more_dragon_eggs_events_l_russian.yml,
more_dragon_eggs_events.0019.desc,removed,,,,False,False,,localization/russian/more_dragon_eggs_events_l_russian.yml,
more_dragon_eggs_events.0019.t,removed,Драконы в [selected_dragonpit_loc.GetName],,,False,False,,localization/russian/more_dragon_eggs_events_l_russian.yml,
more_dragon_eggs_events.0020.a,removed,,,,False,False,,localization/russian/more_dragon_eggs_events_l_russian.yml,
more_dragon_eggs_events.0020.desc,removed,,,,False,False,,localization/russian/more_dragon_eggs_events_l_russian.yml,
more_dragon_eggs_events.0020.t,removed,,,,False,False,,localization/russian/more_dragon_eggs_events_l_russian.yml,
more_eggs_debug_decision,removed,Отладка,,,False,False,,localization/russian/more_dragon_eggs_decisions_l_russian.yml,
more_eggs_debug_decision_confirm,removed,Готово!,,,False,False,,localization/russian/more_dragon_eggs_decisions_l_russian.yml,
more_eggs_debug_decision_desc,removed,Отладочное меню More Dragon Eggs.,,,False,False,,localization/russian/more_dragon_eggs_decisions_l_russian.yml,
morghul_desc,added,,Моргул,Morghul,True,True,Моргул,,localization/russian/mde_artifacts_l_russian.yml
morning_desc,added,,Утро,Morning,True,True,Утро,,localization/russian/mde_artifacts_l_russian.yml
move_dragon.t,added,,Перемещение: [GetPlayer.MakeScope.Var('sgui_selected_dragon').GetCharacter.GetName],Move [GetPlayer.MakeScope.Var('sgui_selected_dragon').GetCharacter.GetName],True,True,Переместить дракона: [GetPlayer.MakeScope.Var('sgui_selected_dragon').GetCharacter.GetName],,localization/russian/more_dragon_eggs_ui_l_russian.yml
move_dragon_dragonpit,removed,Переместить дракона в драконью яму,,,False,False,,localization/russian/more_dragon_eggs_decisions_l_russian.yml,
move_dragon_dragonpit_confirm,removed,Открыть меню,,,False,False,,localization/russian/more_dragon_eggs_decisions_l_russian.yml,
move_dragon_dragonpit_desc,removed,"Открывает меню выбора подходящего дракона, а затем меню выбора подходящей драконьей ямы. После этого выбранный дракон будет перемещён в выбранную яму.",,,False,False,,localization/russian/more_dragon_eggs_decisions_l_russian.yml,
move_dragon_into.t,added,,Переместить дракона: [GetPlayer.MakeScope.Var('viewing_county_mover').Title.GetNameNoTier],Move Dragon to [GetPlayer.MakeScope.Var('viewing_county_mover').Title.GetNameNoTier],True,True,Переместить дракона: [GetPlayer.MakeScope.Var('viewing_county_mover').Title.GetNameNoTier],,localization/russian/more_dragon_eggs_ui_l_russian.yml
nagga_desc,added,,Нагга,Nagga,True,False,,,localization/russian/mde_artifacts_l_russian.yml
neltharion_desc,added,,Нельтарион,Neltharion,True,True,Нельтарион,,localization/russian/mde_artifacts_l_russian.yml
nessarion_desc,added,,Нессарион,Nessarion,True,True,Нессарион,,localization/russian/mde_artifacts_l_russian.yml
nightfyre_desc,added,,Ночной Огонь,Nightfyre,True,True,Ночной Огонь,,localization/russian/mde_artifacts_l_russian.yml
num_dragons_in_pit,added,,Количество драконов: [Title.MakeScope.ScriptValue('pit_has_this_many_dragons')|0],Number of Dragons: [Title.MakeScope.ScriptValue('pit_has_this_many_dragons')|0],True,True,Количество драконов: [Title.MakeScope.ScriptValue('pit_has_this_many_dragons')|0],,localization/russian/more_dragon_eggs_ui_l_russian.yml
num_dragons_in_this_coop,added,,Драконов в загоне: [GetPlayer.MakeScope.Var('viewing_county').Title.MakeScope.ScriptValue('pit_has_this_many_dragons')|0],Dragons in the Dragoncoop: [GetPlayer.MakeScope.Var('viewing_county').Title.MakeScope.ScriptValue('pit_has_this_many_dragons')|0],True,True,Драконов в загоне: [GetPlayer.MakeScope.Var('viewing_county').Title.MakeScope.ScriptValue('pit_has_this_many_dragons')|0],,localization/russian/more_dragon_eggs_ui_l_russian.yml
num_dragons_in_this_pit,added,,Драконы ([GetPlayer.MakeScope.Var('viewing_county').Title.GetProvince.Custom('mde_dragonpit_type_custom_loc')]): [GetPlayer.MakeScope.Var('viewing_county').Title.MakeScope.ScriptValue('pit_has_this_many_dragons')|0],Dragons in the [GetPlayer.MakeScope.Var('viewing_county').Title.GetProvince.Custom('mde_dragonpit_type_custom_loc')]: [GetPlayer.MakeScope.Var('viewing_county').Title.MakeScope.ScriptValue('pit_has_this_many_dragons')|0],True,True,[GetPlayer.MakeScope.Var('viewing_county').Title.GetProvince.Custom('mde_dragonpit_type_custom_loc')] — драконов: [GetPlayer.MakeScope.Var('viewing_county').Title.MakeScope.ScriptValue('pit_has_this_many_dragons')|0],,localization/russian/more_dragon_eggs_ui_l_russian.yml
num_eggs_in_pit,added,,Количество яиц: [Title.GetHolder.MakeScope.ScriptValue('pit_has_this_many_eggs')|0],Number of Eggs: [Title.GetHolder.MakeScope.ScriptValue('pit_has_this_many_eggs')|0],True,True,Количество яиц: [Title.GetHolder.MakeScope.ScriptValue('pit_has_this_many_eggs')|0],,localization/russian/more_dragon_eggs_ui_l_russian.yml
num_eggs_in_this_pit,added,,Яиц в драконьей яме: [GetPlayer.MakeScope.Var('viewing_county').Title.GetHolder.MakeScope.ScriptValue('pit_has_this_many_eggs')|0],Pitted Dragon Eggs: [GetPlayer.MakeScope.Var('viewing_county').Title.GetHolder.MakeScope.ScriptValue('pit_has_this_many_eggs')|0],True,True,Драконьих яиц в логове: [GetPlayer.MakeScope.Var('viewing_county').Title.GetHolder.MakeScope.ScriptValue('pit_has_this_many_eggs')|0],,localization/russian/more_dragon_eggs_ui_l_russian.yml
num_tamers_in_this_pit,added,,Допущенные укротители: [GetPlayer.MakeScope.Var('viewing_county').Title.MakeScope.ScriptValue('pit_has_this_many_tamers')|0],Authorized Tamers: [GetPlayer.MakeScope.Var('viewing_county').Title.MakeScope.ScriptValue('pit_has_this_many_tamers')|0],True,True,Допущенных укротителей: [GetPlayer.MakeScope.Var('viewing_county').Title.MakeScope.ScriptValue('pit_has_this_many_tamers')|0],,localization/russian/more_dragon_eggs_ui_l_russian.yml
pythax_desc,added,,Пифакс,Pythax,True,True,Пифакс,,localization/russian/mde_artifacts_l_russian.yml
quicksilver_desc,added,,Ртуть,Quicksilver,True,True,Ртуть,,localization/russian/mde_artifacts_l_russian.yml
renaming_dragon_in_your_court_tt,removed,Хотя бы одно из условий:\n$EFFECT_LIST_BULLET$Вы — компаньон этого дракона\n$EFFECT_LIST_BULLET$Вы глава дома компаньона или всадника этого дракона\nИЛИ оба условия:\n$EFFECT_LIST_BULLET$У дракона есть владелец\n$EFFECT_LIST_BULLET$Дракон находится при вашем дворе\nИЛИ все условия:\n$EFFECT_LIST_BULLET$У дракона есть владелец\n$EFFECT_LIST_BULLET$Дракон находится в драконьей яме\n$EFFECT_LIST_BULLET$Владелец драконьей ямы — ваш вассал\n$EFFECT_LIST_BULLET$Владелец драконьей ямы — ваш близкий родственник,,,False,False,,localization/russian/more_dragon_eggs_decisions_l_russian.yml,
renaming_dragon_in_your_family_dragonpit_tt,removed,Или все условия:\n$EFFECT_LIST_BULLET$У дракона есть владелец\n$EFFECT_LIST_BULLET$Дракон находится в драконьей яме\n$EFFECT_LIST_BULLET$Владелец драконьей ямы — ваш вассал\n$EFFECT_LIST_BULLET$Владелец драконьей ямы — ваш близкий родственник,,,False,False,,localization/russian/more_dragon_eggs_decisions_l_russian.yml,
rhaegal_desc,added,,Рейгаль,Rhaegal,True,True,Рейгаль,,localization/russian/mde_artifacts_l_russian.yml
rovax_desc,added,,Ровакс,Rovax,True,True,Ровакс,,localization/russian/mde_artifacts_l_russian.yml
rule_can_ai_cradle_dragon_eggs,removed,@mde_icon!@white_dragon_egg_icon!ИИ может класть драконьи яйца в колыбели,,,False,False,,localization/russian/more_dragon_eggs_gamerules_l_russian.yml,
rule_can_ai_get_dragonstone_eggs,removed,@mde_icon!@rainbow_dragon_egg_icon!ИИ может получать яйца с Драконьего Камня,,,False,False,,localization/russian/more_dragon_eggs_gamerules_l_russian.yml,
rule_can_ai_get_eggs,removed,@mde_icon!@iceFire_dragon_egg_icon!ИИ может получать яйца,,,False,False,,localization/russian/more_dragon_eggs_gamerules_l_russian.yml,
rule_can_cradle_eggs_fail,removed,@mde_icon!@white_dragon_egg_icon!Яйца в колыбели могут испортиться,,,False,False,,localization/russian/more_dragon_eggs_gamerules_l_russian.yml,
rule_cradle_egg_hatch_likelihood,removed,@mde_icon!@white_dragon_egg_icon!Вероятность выведения дракона из яйца,,,False,False,,localization/russian/more_dragon_eggs_gamerules_l_russian.yml,
rule_cradle_egg_hatch_likelihood_ai,added,,@mde_icon!@white_dragon_egg_icon!Вероятность вылупления яиц в колыбели: ИИ,@mde_icon!@white_dragon_egg_icon!AI Cradled Egg Hatching Likelihood,True,True,@mde_icon!@white_dragon_egg_icon!Вылупление вынашиваемых яиц — ИИ,,localization/russian/more_dragon_eggs_gamerules_l_russian.yml
rule_cradle_egg_hatch_likelihood_player,added,,@mde_icon!@white_dragon_egg_icon!Вероятность вылупления яиц в колыбели: игрок,@mde_icon!@white_dragon_egg_icon!Player Cradled Egg Hatching Likelihood,True,True,@mde_icon!@white_dragon_egg_icon!Вылупление вынашиваемых яиц — игрок,,localization/russian/more_dragon_eggs_gamerules_l_russian.yml
rule_dragon_egg_spawn_likelihood,removed,@mde_icon!@iceFire_dragon_egg_icon!Вероятность появления драконьих яиц,,,False,False,,localization/russian/more_dragon_eggs_gamerules_l_russian.yml,
rule_dragon_egg_spawn_likelihood_ai,added,,@mde_icon!@iceFire_dragon_egg_icon!Появление драконьих яиц на карте для ИИ,@mde_icon!@iceFire_dragon_egg_icon!AI Dragon Egg Map Spawn,True,True,@mde_icon!@iceFire_dragon_egg_icon!Находки драконьих яиц на карте — ИИ,,localization/russian/more_dragon_eggs_gamerules_l_russian.yml
rule_dragon_egg_spawn_likelihood_player,added,,@mde_icon!@iceFire_dragon_egg_icon!Появление драконьих яиц на карте для игрока,@mde_icon!@iceFire_dragon_egg_icon!Player Dragon Egg Map Spawn,True,True,@mde_icon!@iceFire_dragon_egg_icon!Находки драконьих яиц на карте — игрок,,localization/russian/more_dragon_eggs_gamerules_l_russian.yml
rule_enable_delete_dud_eggs_decision,removed,@mde_icon!Включить решение «Удалить порченые яйца»,,,False,False,,localization/russian/more_dragon_eggs_gamerules_l_russian.yml,
rule_mde_buttons,added,,@mde_icon!@dragon_majestic_icon!Дополнительный интерфейс More Dragon Eggs,@mde_icon!@dragon_majestic_icon!More Dragon Eggs Extra UI,True,True,@mde_icon!@dragon_majestic_icon!Дополнительный интерфейс More Dragon Eggs,,localization/russian/more_dragon_eggs_gamerules_l_russian.yml
rule_mde_egg_notifications,added,,@mde_icon!Уведомления о драконьих яйцах,@mde_icon!Dragon Egg Notifications,True,True,@mde_icon!Уведомления о драконьих яйцах,,localization/russian/more_dragon_eggs_gamerules_l_russian.yml
rule_pit_egg_hatch_likelihood_ai,added,,@mde_icon!@white_dragon_egg_icon!Вероятность вылупления яиц в драконьей яме: ИИ,@mde_icon!@white_dragon_egg_icon!AI Pitted Egg Hatching Likelihood,True,True,@mde_icon!@white_dragon_egg_icon!Вылупление яиц в драконьих логовах — ИИ,,localization/russian/more_dragon_eggs_gamerules_l_russian.yml
rule_pit_egg_hatch_likelihood_player,added,,@mde_icon!@white_dragon_egg_icon!Вероятность вылупления яиц в драконьей яме: игрок,@mde_icon!@white_dragon_egg_icon!Player Pitted Egg Hatching Likelihood,True,True,@mde_icon!@white_dragon_egg_icon!Вылупление яиц в драконьих логовах — игрок,,localization/russian/more_dragon_eggs_gamerules_l_russian.yml
rule_realm_affairs_extended,removed,@mde_icon!@dragon_majestic_icon!Дополнительный интерфейс мода,,,False,False,,localization/russian/more_dragon_eggs_gamerules_l_russian.yml,
rule_spawn_pythax_egg,changed,@mde_icon!@darkpurple_dragon_egg_icon!Яйцо Питакса,@mde_icon!@darkpurple_dragon_egg_icon!Яйцо Пифакса,@mde_icon!@darkpurple_dragon_egg_icon!Spawn Pythax Egg,True,True,@mde_icon!@darkpurple_dragon_egg_icon!Яйцо Питакса,localization/russian/more_dragon_eggs_gamerules_l_russian.yml,localization/russian/more_dragon_eggs_gamerules_l_russian.yml
seasmoke_desc,added,,Морской Дым,Seasmoke,True,True,Морской Дым,,localization/russian/mde_artifacts_l_russian.yml
serporoth_desc,added,,Серпорос,Serporoth,True,True,Серпорос,,localization/russian/mde_artifacts_l_russian.yml
setting_1_in_1200,added,,1/1200,1/1200,True,True,1/1200,,localization/russian/more_dragon_eggs_gamerules_l_russian.yml
setting_1_in_1200_ai,added,,1/1200,1/1200,True,True,1/1200,,localization/russian/more_dragon_eggs_gamerules_l_russian.yml
setting_1_in_1200_ai_desc,added,,"Шанс для персонажа ИИ получить драконье яйцо в локации или через решение: ~1/1200 (0,083%).",~1/1200 (0.083%) chance for any AI to pick up dragon eggs from a location or decision.,True,True,"Вероятность получить драконьи яйца при посещении соответствующего места или принятии решения для персонажа ИИ — около 1/1200 (0,083%).",,localization/russian/more_dragon_eggs_gamerules_l_russian.yml
setting_1_in_1200_desc,added,,"Шанс для игрока получить драконье яйцо в локации или через решение: ~1/1200 (0,083%).",~1/1200 (0.083%) chance for any player to pick up dragon eggs from a location or decision.,True,True,"Вероятность получить драконьи яйца при посещении соответствующего места или принятии решения для игрока — около 1/1200 (0,083%).",,localization/russian/more_dragon_eggs_gamerules_l_russian.yml
setting_1_in_150,added,,1/150,1/150,True,True,1/150,,localization/russian/more_dragon_eggs_gamerules_l_russian.yml
setting_1_in_150_ai,added,,1/150,1/150,True,True,1/150,,localization/russian/more_dragon_eggs_gamerules_l_russian.yml
setting_1_in_150_ai_desc,added,,"Шанс для персонажа ИИ получить драконье яйцо в локации или через решение: ~1/150 (0,667%).",~1/150 (0.667%) chance for any AI to pick up dragon eggs from a location or decision.,True,True,"Вероятность получить драконьи яйца при посещении соответствующего места или принятии решения для персонажа ИИ — около 1/150 (0,667%).",,localization/russian/more_dragon_eggs_gamerules_l_russian.yml
setting_1_in_150_desc,added,,"Шанс для игрока получить драконье яйцо в локации или через решение: ~1/150 (0,667%).",~1/150 (0.667%) chance for any player to pick up dragon eggs from a location or decision.,True,True,"Вероятность получить драконьи яйца при посещении соответствующего места или принятии решения для игрока — около 1/150 (0,667%).",,localization/russian/more_dragon_eggs_gamerules_l_russian.yml
setting_1_in_2,added,,1/2,1/2,True,True,1/2,,localization/russian/more_dragon_eggs_gamerules_l_russian.yml
setting_1_in_25,added,,1/25,1/25,True,True,1/25,,localization/russian/more_dragon_eggs_gamerules_l_russian.yml
setting_1_in_25_ai,added,,1/25,1/25,True,True,1/25,,localization/russian/more_dragon_eggs_gamerules_l_russian.yml
setting_1_in_25_ai_desc,added,,Шанс для персонажа ИИ получить драконье яйцо в локации или через решение: ~1/25 (4%).,~1/25 (4%) chance for any AI to pick up dragon eggs from a location or decision.,True,True,Вероятность получить драконьи яйца при посещении соответствующего места или принятии решения для персонажа ИИ — около 1/25 (4%).,,localization/russian/more_dragon_eggs_gamerules_l_russian.yml
setting_1_in_25_desc,added,,Шанс для игрока получить драконье яйцо в локации или через решение: ~1/25 (4%).,~1/25 (4%) chance for any player to pick up dragon eggs from a location or decision.,True,True,Вероятность получить драконьи яйца при посещении соответствующего места или принятии решения для игрока — около 1/25 (4%).,,localization/russian/more_dragon_eggs_gamerules_l_russian.yml
setting_1_in_2_ai,added,,1/2,1/2,True,True,1/2,,localization/russian/more_dragon_eggs_gamerules_l_russian.yml
setting_1_in_2_ai_desc,added,,Шанс для персонажа ИИ получить драконье яйцо в локации или через решение: ~1/2 (50%).,~1/2 (50%) chance for any AI to pick up dragon eggs from a location or decision.,True,True,Вероятность получить драконьи яйца при посещении соответствующего места или принятии решения для персонажа ИИ — около 1/2 (50%).,,localization/russian/more_dragon_eggs_gamerules_l_russian.yml
setting_1_in_2_desc,added,,Шанс для игрока получить драконье яйцо в локации или через решение: ~1/2 (50%).,~1/2 (50%) chance for any player to pick up dragon eggs from a location or decision.,True,True,Вероятность получить драконьи яйца при посещении соответствующего места или принятии решения для игрока — около 1/2 (50%).,,localization/russian/more_dragon_eggs_gamerules_l_russian.yml
setting_1_in_300,added,,1/300 (по умолчанию),1/300 (Default),True,True,1/300 (по умолчанию),,localization/russian/more_dragon_eggs_gamerules_l_russian.yml
setting_1_in_300_ai,added,,1/300 (по умолчанию),1/300 (Default),True,True,1/300 (по умолчанию),,localization/russian/more_dragon_eggs_gamerules_l_russian.yml
setting_1_in_300_ai_desc,added,,"Шанс для персонажа ИИ получить драконье яйцо в локации или через решение: ~1/300 (0,333%). Это стандартный шанс AGOT.",~1/300 (0.333%) chance for any AI to pick up dragon eggs from a location or decision. This is the default AGOT chance.,True,True,"Вероятность получить драконьи яйца при посещении соответствующего места или принятии решения для персонажа ИИ — около 1/300 (0,333%). Это стандартная вероятность в AGOT.",,localization/russian/more_dragon_eggs_gamerules_l_russian.yml
setting_1_in_300_desc,added,,"Шанс для игрока получить драконье яйцо в локации или через решение: ~1/300 (0,333%). Это стандартный шанс AGOT.",~1/300 (0.333%) chance for any player to pick up dragon eggs from a location or decision. This is the default AGOT chance.,True,True,"Вероятность получить драконьи яйца при посещении соответствующего места или принятии решения для игрока — около 1/300 (0,333%). Это стандартная вероятность в AGOT.",,localization/russian/more_dragon_eggs_gamerules_l_russian.yml
setting_1_in_5,added,,1/5,1/5,True,True,1/5,,localization/russian/more_dragon_eggs_gamerules_l_russian.yml
setting_1_in_50,added,,1/50,1/50,True,True,1/50,,localization/russian/more_dragon_eggs_gamerules_l_russian.yml
setting_1_in_50_ai,added,,1/50,1/50,True,True,1/50,,localization/russian/more_dragon_eggs_gamerules_l_russian.yml
setting_1_in_50_ai_desc,added,,Шанс для персонажа ИИ получить драконье яйцо в локации или через решение: ~1/50 (2%).,~1/50 (2%) chance for any AI to pick up dragon eggs from a location or decision.,True,True,Вероятность получить драконьи яйца при посещении соответствующего места или принятии решения для персонажа ИИ — около 1/50 (2%).,,localization/russian/more_dragon_eggs_gamerules_l_russian.yml
setting_1_in_50_desc,added,,Шанс для игрока получить драконье яйцо в локации или через решение: ~1/50 (2%).,~1/50 (2%) chance for any player to pick up dragon eggs from a location or decision.,True,True,Вероятность получить драконьи яйца при посещении соответствующего места или принятии решения для игрока — около 1/50 (2%).,,localization/russian/more_dragon_eggs_gamerules_l_russian.yml
setting_1_in_5_ai,added,,1/5,1/5,True,True,1/5,,localization/russian/more_dragon_eggs_gamerules_l_russian.yml
setting_1_in_5_ai_desc,added,,Шанс для персонажа ИИ получить драконье яйцо в локации или через решение: ~1/5 (20%).,~1/5 (20%) chance for any AI to pick up dragon eggs from a location or decision.,True,True,Вероятность получить драконьи яйца при посещении соответствующего места или принятии решения для персонажа ИИ — около 1/5 (20%).,,localization/russian/more_dragon_eggs_gamerules_l_russian.yml
setting_1_in_5_desc,added,,Шанс для игрока получить драконье яйцо в локации или через решение: ~1/5 (20%).,~1/5 (20%) chance for any player to pick up dragon eggs from a location or decision.,True,True,Вероятность получить драконьи яйца при посещении соответствующего места или принятии решения для игрока — около 1/5 (20%).,,localization/russian/more_dragon_eggs_gamerules_l_russian.yml
setting_1_in_600,added,,1/600,1/600,True,True,1/600,,localization/russian/more_dragon_eggs_gamerules_l_russian.yml
setting_1_in_600_ai,added,,1/600,1/600,True,True,1/600,,localization/russian/more_dragon_eggs_gamerules_l_russian.yml
setting_1_in_600_ai_desc,added,,"Шанс для персонажа ИИ получить драконье яйцо в локации или через решение: ~1/600 (0,167%).",~1/600 (0.167%) chance for any AI to pick up dragon eggs from a location or decision.,True,True,"Вероятность получить драконьи яйца при посещении соответствующего места или принятии решения для персонажа ИИ — около 1/600 (0,167%).",,localization/russian/more_dragon_eggs_gamerules_l_russian.yml
setting_1_in_600_desc,added,,"Шанс для игрока получить драконье яйцо в локации или через решение: ~1/600 (0,167%).",~1/600 (0.167%) chance for any player to pick up dragon eggs from a location or decision.,True,True,"Вероятность получить драконьи яйца при посещении соответствующего места или принятии решения для игрока — около 1/600 (0,167%).",,localization/russian/more_dragon_eggs_gamerules_l_russian.yml
setting_1_in_900,added,,1/900,1/900,True,True,1/900,,localization/russian/more_dragon_eggs_gamerules_l_russian.yml
setting_1_in_900_ai,added,,1/900,1/900,True,True,1/900,,localization/russian/more_dragon_eggs_gamerules_l_russian.yml
setting_1_in_900_ai_desc,added,,"Шанс для персонажа ИИ получить драконье яйцо в локации или через решение: ~1/900 (0,111%).",~1/900 (0.111%) chance for any AI to pick up dragon eggs from a location or decision.,True,True,"Вероятность получить драконьи яйца при посещении соответствующего места или принятии решения для персонажа ИИ — около 1/900 (0,111%).",,localization/russian/more_dragon_eggs_gamerules_l_russian.yml
setting_1_in_900_desc,added,,"Шанс для игрока получить драконье яйцо в локации или через решение: ~1/900 (0,111%).",~1/900 (0.111%) chance for any player to pick up dragon eggs from a location or decision.,True,True,"Вероятность получить драконьи яйца при посещении соответствующего места или принятии решения для игрока — около 1/900 (0,111%).",,localization/russian/more_dragon_eggs_gamerules_l_russian.yml
setting_absolute_spawn,changed,Гарантировано,Гарантировано для игроков,Player Guaranteed Spawns,True,True,Гарантировано,localization/russian/more_dragon_eggs_gamerules_l_russian.yml,localization/russian/more_dragon_eggs_gamerules_l_russian.yml
setting_absolute_spawn_ai,added,,Гарантировано для ИИ,AI Guaranteed Spawns,True,True,Гарантированные находки — ИИ,,localization/russian/more_dragon_eggs_gamerules_l_russian.yml
setting_absolute_spawn_ai_desc,added,,"Первый персонаж ИИ, посетивший соответствующую локацию или принявший нужное решение, гарантированно получит драконье яйцо.",Guaranteed chance for the first AI character to visit these locations or take the decisions to pick up the dragon eggs.,True,True,"Первый персонаж ИИ, посетивший соответствующее место или принявший соответствующее решение, гарантированно получит драконьи яйца.",,localization/russian/more_dragon_eggs_gamerules_l_russian.yml
setting_absolute_spawn_desc,changed,"Первый посетитель соответствующих локаций или первый персонаж, принявший нужные решения, гарантированно получит драконьи яйца. Отключите яйца Драконьего Камня, иначе их станет слишком много.","Первый игрок, посетивший соответствующую локацию или принявший нужное решение, гарантированно получит драконье яйцо.",Guaranteed chance for the first player to visit these locations or take the decisions to pick up the dragon eggs.,True,True,"Первый посетитель соответствующих локаций или первый персонаж, принявший нужные решения, гарантированно получит драконьи яйца. Отключите яйца Драконьего Камня, иначе их станет слишком много.",localization/russian/more_dragon_eggs_gamerules_l_russian.yml,localization/russian/more_dragon_eggs_gamerules_l_russian.yml
setting_ai_can_get_dragonstone_eggs,removed,Включено,,,False,False,,localization/russian/more_dragon_eggs_gamerules_l_russian.yml,
setting_ai_can_get_dragonstone_eggs_desc,removed,ИИ сможет получать яйца на Драконьем Камне. Будьте готовы к потоку яиц!,,,False,False,,localization/russian/more_dragon_eggs_gamerules_l_russian.yml,
setting_ai_can_get_eggs,removed,Включено,,,False,False,,localization/russian/more_dragon_eggs_gamerules_l_russian.yml,
setting_ai_can_get_eggs_desc,removed,"Персонажи ИИ смогут получать драконьи яйца через путешествия, решения и другие источники — так же, как игрок.",,,False,False,,localization/russian/more_dragon_eggs_gamerules_l_russian.yml,
setting_ai_can_not_get_dragonstone_eggs,removed,Отключено,,,False,False,,localization/russian/more_dragon_eggs_gamerules_l_russian.yml,
setting_ai_can_not_get_dragonstone_eggs_desc,removed,Только игроки могут получать яйца на Драконьем Камне.,,,False,False,,localization/russian/more_dragon_eggs_gamerules_l_russian.yml,
setting_ai_can_not_get_eggs,removed,Отключено,,,False,False,,localization/russian/more_dragon_eggs_gamerules_l_russian.yml,
setting_ai_can_not_get_eggs_desc,removed,Только игроки смогут получать драконьи яйца любыми способами. Должно работать в мультиплеере; если нет — сообщите в Steam.,,,False,False,,localization/russian/more_dragon_eggs_gamerules_l_russian.yml,
setting_can_ai_cradle_dragon_eggs_no,removed,Нет,,,False,False,,localization/russian/more_dragon_eggs_gamerules_l_russian.yml,
setting_can_ai_cradle_dragon_eggs_no_desc,removed,ИИ не будет использовать яйца в колыбелях.,,,False,False,,localization/russian/more_dragon_eggs_gamerules_l_russian.yml,
setting_can_ai_cradle_dragon_eggs_yes,removed,Да,,,False,False,,localization/russian/more_dragon_eggs_gamerules_l_russian.yml,
setting_can_ai_cradle_dragon_eggs_yes_desc,removed,ИИ будет класть драконьи яйца в детские колыбели.,,,False,False,,localization/russian/more_dragon_eggs_gamerules_l_russian.yml,
setting_can_cradle_eggs_fail_no,removed,Нет,,,False,False,,localization/russian/more_dragon_eggs_gamerules_l_russian.yml,
setting_can_cradle_eggs_fail_no_desc,removed,"Яйца, положенные в детскую колыбель, рано или поздно всегда дадут дракона.",,,False,False,,localization/russian/more_dragon_eggs_gamerules_l_russian.yml,
setting_can_cradle_eggs_fail_yes,removed,Да,,,False,False,,localization/russian/more_dragon_eggs_gamerules_l_russian.yml,
setting_can_cradle_eggs_fail_yes_desc,removed,"Яйца, положенные в детскую колыбель, могут оказаться порчеными.",,,False,False,,localization/russian/more_dragon_eggs_gamerules_l_russian.yml,
setting_canon_dragon_egg_hatch_likelihood_common_desc,changed,Канонические драконьи яйца имеют высокий шанс успешно дать дракона. Складывается с обычным правилом вероятности.,"Канонические драконьи яйца имеют высокий шанс вылупиться в колыбели, в драконьей яме или как дополнительные яйца на церемонии выведения. Эффект складывается с соответствующими настройками. Действует только при включённых канонических драконах.","Canon dragon eggs have a high chance to hatch when cradled, pitted, or as extra eggs in a hatching ceremony. Stacks with those settings. Only applies when canon dragons are enabled.",True,True,Канонические драконьи яйца имеют высокий шанс успешно дать дракона. Складывается с обычным правилом вероятности.,localization/russian/more_dragon_eggs_gamerules_l_russian.yml,localization/russian/more_dragon_eggs_gamerules_l_russian.yml
setting_canon_dragon_egg_hatch_likelihood_default_desc,changed,Канонические драконьи яйца используют стандартные шансы. Складывается с обычным правилом вероятности.,"Канонические драконьи яйца используют те же шансы, что и остальные яйца, в колыбели, в драконьей яме и как дополнительные яйца на церемонии выведения. Действует только при включённых канонических драконах.","Canon dragon eggs use the same odds as any other egg when cradled, pitted, or as extra eggs in a hatching ceremony. Only applies when canon dragons are enabled.",True,True,Канонические драконьи яйца используют стандартные шансы. Складывается с обычным правилом вероятности.,localization/russian/more_dragon_eggs_gamerules_l_russian.yml,localization/russian/more_dragon_eggs_gamerules_l_russian.yml
setting_canon_dragon_egg_hatch_likelihood_guaranteed_desc,changed,Канонические драконьи яйца всегда дают драконов.,"Канонические драконьи яйца не станут бесплодными в колыбели или драконьей яме, если соответствующая настройка не установлена на «Никогда», и всегда вылупятся как дополнительные яйца на церемонии выведения. Действует только при включённых канонических драконах.","Canon dragon eggs will never become duds when cradled or pitted, unless that setting is Never, and will always hatch as extra eggs in a hatching ceremony. Only applies when canon dragons are enabled.",True,True,Канонические драконьи яйца всегда дают драконов.,localization/russian/more_dragon_eggs_gamerules_l_russian.yml,localization/russian/more_dragon_eggs_gamerules_l_russian.yml
setting_canon_dragon_egg_hatch_likelihood_less_likely_desc,changed,Канонические драконьи яйца дают драконов реже обычного. Складывается с обычным правилом вероятности.,"Канонические драконьи яйца реже вылупляются в колыбели, в драконьей яме или как дополнительные яйца на церемонии выведения. Эффект складывается с соответствующими настройками. Действует только при включённых канонических драконах.","Canon dragon eggs are less likely to hatch when cradled, pitted, or as extra eggs in a hatching ceremony. Stacks with those settings. Only applies when canon dragons are enabled.",True,True,Канонические драконьи яйца дают драконов реже обычного. Складывается с обычным правилом вероятности.,localization/russian/more_dragon_eggs_gamerules_l_russian.yml,localization/russian/more_dragon_eggs_gamerules_l_russian.yml
setting_canon_dragon_egg_hatch_likelihood_more_likely_desc,changed,Канонические драконьи яйца дают драконов чаще обычного. Складывается с обычным правилом вероятности.,"Канонические драконьи яйца чаще вылупляются в колыбели, в драконьей яме или как дополнительные яйца на церемонии выведения. Эффект складывается с соответствующими настройками. Действует только при включённых канонических драконах.","Canon dragon eggs are more likely to hatch when cradled, pitted, or as extra eggs in a hatching ceremony. Stacks with those settings. Only applies when canon dragons are enabled.",True,True,Канонические драконьи яйца дают драконов чаще обычного. Складывается с обычным правилом вероятности.,localization/russian/more_dragon_eggs_gamerules_l_russian.yml,localization/russian/more_dragon_eggs_gamerules_l_russian.yml
setting_canon_dragon_egg_hatch_likelihood_never,added,,Никогда,Never,True,True,Никогда,,localization/russian/more_dragon_eggs_gamerules_l_russian.yml
setting_canon_dragon_egg_hatch_likelihood_never_desc,added,,"Канонические драконьи яйца никогда не вылупятся в колыбели, в драконьей яме или как дополнительные яйца на церемонии выведения, если соответствующая настройка не установлена на «Всегда». Действует только при включённых канонических драконах.","Canon dragon eggs will never hatch when cradled, pitted, or as extra eggs in a hatching ceremony, unless that setting is Always. Only applies when canon dragons are enabled.",True,True,"Канонические драконьи яйца никогда не вылупятся в колыбели, в драконьем логове или как дополнительные яйца на церемонии, если только эта настройка не стоит на «Всегда». Действует только при включённых канонических драконах.",,localization/russian/more_dragon_eggs_gamerules_l_russian.yml
setting_cradle_egg_hatch_likelihood_always,added,,Всегда,Always,True,True,Всегда,,localization/russian/more_dragon_eggs_gamerules_l_russian.yml
setting_cradle_egg_hatch_likelihood_always_ai,added,,Всегда,Always,True,True,Всегда,,localization/russian/more_dragon_eggs_gamerules_l_russian.yml
setting_cradle_egg_hatch_likelihood_always_ai_desc,added,,Яйца в колыбелях персонажей ИИ никогда не станут бесплодными.,Eggs cradled by the AI will never become duds.,True,True,Яйца в колыбелях ИИ никогда не станут бесплодными.,,localization/russian/more_dragon_eggs_gamerules_l_russian.yml
setting_cradle_egg_hatch_likelihood_always_desc,added,,Яйца в колыбелях игроков и членов их семей никогда не станут бесплодными.,Eggs cradled by players and their families will never become duds.,True,True,Яйца в колыбелях игроков и их семей никогда не станут бесплодными.,,localization/russian/more_dragon_eggs_gamerules_l_russian.yml
setting_cradle_egg_hatch_likelihood_common_ai,added,,Часто,Common,True,True,Часто,,localization/russian/more_dragon_eggs_gamerules_l_russian.yml
setting_cradle_egg_hatch_likelihood_common_ai_desc,added,,Яйца в колыбелях персонажей ИИ получат высокий шанс успешно вылупиться.,Eggs cradled by the AI have a high chance to successfully hatch.,True,True,Высокий шанс вылупления яиц в колыбелях ИИ.,,localization/russian/more_dragon_eggs_gamerules_l_russian.yml
setting_cradle_egg_hatch_likelihood_common_desc,changed,Яйца в колыбелях и драконьих ямах имеют высокий шанс успешно дать дракона.,Яйца в колыбелях игроков и членов их семей получат высокий шанс успешно вылупиться.,Eggs cradled by players and their families have a high chance to successfully hatch.,True,True,Яйца в колыбелях и драконьих ямах имеют высокий шанс успешно дать дракона.,localization/russian/more_dragon_eggs_gamerules_l_russian.yml,localization/russian/more_dragon_eggs_gamerules_l_russian.yml
setting_cradle_egg_hatch_likelihood_default_ai,added,,По умолчанию,Default,True,True,По умолчанию,,localization/russian/more_dragon_eggs_gamerules_l_russian.yml
setting_cradle_egg_hatch_likelihood_default_ai_desc,added,,Яйца в колыбелях персонажей ИИ будут использовать стандартную вероятность вылупления.,Eggs cradled by the AI will use the vanilla odds to determine if they will hatch.,True,True,Стандартная вероятность вылупления яиц в колыбелях ИИ.,,localization/russian/more_dragon_eggs_gamerules_l_russian.yml
setting_cradle_egg_hatch_likelihood_default_desc,changed,Яйца в колыбелях и драконьих ямах используют стандартные шансы.,Яйца в колыбелях игроков и членов их семей будут использовать стандартную вероятность вылупления.,Eggs cradled by players and their families will use the vanilla odds to determine if they will hatch.,True,True,Яйца в колыбелях и драконьих ямах используют стандартные шансы.,localization/russian/more_dragon_eggs_gamerules_l_russian.yml,localization/russian/more_dragon_eggs_gamerules_l_russian.yml
setting_cradle_egg_hatch_likelihood_less_likely_ai,added,,Менее вероятно,Less Likely,True,True,Менее вероятно,,localization/russian/more_dragon_eggs_gamerules_l_russian.yml
setting_cradle_egg_hatch_likelihood_less_likely_ai_desc,added,,Яйца в колыбелях персонажей ИИ будут вылупляться реже обычного.,Eggs cradled by the AI will hatch less often than normal.,True,True,Яйца в колыбелях ИИ вылупляются реже обычного.,,localization/russian/more_dragon_eggs_gamerules_l_russian.yml
setting_cradle_egg_hatch_likelihood_less_likely_desc,changed,Яйца в колыбелях и драконьих ямах дают драконов реже обычного.,Яйца в колыбелях игроков и членов их семей будут вылупляться реже обычного.,Eggs cradled by players and their families will hatch less often than normal.,True,True,Яйца в колыбелях и драконьих ямах дают драконов реже обычного.,localization/russian/more_dragon_eggs_gamerules_l_russian.yml,localization/russian/more_dragon_eggs_gamerules_l_russian.yml
setting_cradle_egg_hatch_likelihood_more_likely_ai,added,,Более вероятно,More Likely,True,True,Более вероятно,,localization/russian/more_dragon_eggs_gamerules_l_russian.yml
setting_cradle_egg_hatch_likelihood_more_likely_ai_desc,added,,Яйца в колыбелях персонажей ИИ будут вылупляться чаще обычного.,Eggs cradled by the AI are more likely to hatch than normal.,True,True,Яйца в колыбелях ИИ вылупляются чаще обычного.,,localization/russian/more_dragon_eggs_gamerules_l_russian.yml
setting_cradle_egg_hatch_likelihood_more_likely_desc,changed,Яйца в колыбелях и драконьих ямах дают драконов чаще обычного.,Яйца в колыбелях игроков и членов их семей будут вылупляться чаще обычного.,Eggs cradled by players and their families are more likely to hatch than normal.,True,True,Яйца в колыбелях и драконьих ямах дают драконов чаще обычного.,localization/russian/more_dragon_eggs_gamerules_l_russian.yml,localization/russian/more_dragon_eggs_gamerules_l_russian.yml
setting_cradle_egg_hatch_likelihood_never,added,,Никогда,Never,True,True,Никогда,,localization/russian/more_dragon_eggs_gamerules_l_russian.yml
setting_cradle_egg_hatch_likelihood_never_ai,added,,Никогда,Never,True,True,Никогда,,localization/russian/more_dragon_eggs_gamerules_l_russian.yml
setting_cradle_egg_hatch_likelihood_never_ai_desc,added,,Яйца в колыбелях персонажей ИИ никогда не вылупятся.,Eggs cradled by the AI will never hatch.,True,True,Яйца в колыбелях ИИ никогда не вылупляются.,,localization/russian/more_dragon_eggs_gamerules_l_russian.yml
setting_cradle_egg_hatch_likelihood_never_desc,added,,Яйца в колыбелях игроков и членов их семей никогда не вылупятся.,Eggs cradled by players and their families will never hatch.,True,True,Яйца в колыбелях игроков и их семей никогда не вылупляются.,,localization/russian/more_dragon_eggs_gamerules_l_russian.yml
setting_cradle_egg_hatch_likelihood_rare_ai,added,,Редко,Rare,True,True,Редко,,localization/russian/more_dragon_eggs_gamerules_l_russian.yml
setting_cradle_egg_hatch_likelihood_rare_ai_desc,added,,Яйца в колыбелях персонажей ИИ будут вылупляться крайне редко.,Eggs cradled by the AI will rarely ever hatch.,True,True,Яйца в колыбелях ИИ редко вылупляются.,,localization/russian/more_dragon_eggs_gamerules_l_russian.yml
setting_cradle_egg_hatch_likelihood_rare_desc,changed,Яйца в колыбелях и драконьих ямах почти никогда не дают драконов.,Яйца в колыбелях игроков и членов их семей будут вылупляться крайне редко.,Eggs cradled by players and their families will rarely ever hatch.,True,True,Яйца в колыбелях и драконьих ямах почти никогда не дают драконов.,localization/russian/more_dragon_eggs_gamerules_l_russian.yml,localization/russian/more_dragon_eggs_gamerules_l_russian.yml
setting_cradle_egg_hatch_likelihood_wont_cradle_ai,added,,Не кладёт в колыбель,Won't Cradle,True,True,Не использует колыбели,,localization/russian/more_dragon_eggs_gamerules_l_russian.yml
setting_cradle_egg_hatch_likelihood_wont_cradle_ai_desc,added,,ИИ не будет класть драконьи яйца в колыбели.,The AI won't cradle dragon eggs.,True,True,ИИ не будет класть драконьи яйца в колыбели.,,localization/russian/more_dragon_eggs_gamerules_l_russian.yml
setting_dragon_hatching_25_percent,added,,Шанс 25%,25% Chance,True,True,Вероятность 25%,,localization/russian/more_dragon_eggs_gamerules_l_russian.yml
setting_dragon_hatching_25_percent_desc,added,,Для яйца со средней вероятностью вылупления шанс составляет около 25%. У яиц с более высокой или низкой вероятностью он соответственно повышается или снижается.,An egg of medium hatching likelihood has about a 25% chance of hatching. Eggs more or less likely to hatch scale up or down from there.,True,True,Яйцо со средней вероятностью вылупления имеет около 25% шанса дать дракона. Для яиц с большей или меньшей вероятностью этот шанс соответственно повышается или понижается.,,localization/russian/more_dragon_eggs_gamerules_l_russian.yml
setting_dragon_hatching_50_percent,added,,Шанс 50%,50% Chance,True,True,Вероятность 50%,,localization/russian/more_dragon_eggs_gamerules_l_russian.yml
setting_dragon_hatching_50_percent_desc,added,,Для яйца со средней вероятностью вылупления шанс составляет около 50%. У яиц с более высокой или низкой вероятностью он соответственно повышается или снижается.,An egg of medium hatching likelihood has about a 50% chance of hatching. Eggs more or less likely to hatch scale up or down from there.,True,True,Яйцо со средней вероятностью вылупления имеет около 50% шанса дать дракона. Для яиц с большей или меньшей вероятностью этот шанс соответственно повышается или понижается.,,localization/russian/more_dragon_eggs_gamerules_l_russian.yml
setting_dragon_hatching_5_percent,added,,Шанс 5%,5% Chance,True,True,Вероятность 5%,,localization/russian/more_dragon_eggs_gamerules_l_russian.yml
setting_dragon_hatching_5_percent_desc,added,,Для яйца со средней вероятностью вылупления шанс составляет около 5%. У яиц с более высокой или низкой вероятностью он соответственно повышается или снижается.,An egg of medium hatching likelihood has about a 5% chance of hatching. Eggs more or less likely to hatch scale up or down from there.,True,True,Яйцо со средней вероятностью вылупления имеет около 5% шанса дать дракона. Для яиц с большей или меньшей вероятностью этот шанс соответственно повышается или понижается.,,localization/russian/more_dragon_eggs_gamerules_l_russian.yml
setting_dragon_hatching_75_percent,added,,Шанс 75%,75% Chance,True,True,Вероятность 75%,,localization/russian/more_dragon_eggs_gamerules_l_russian.yml
setting_dragon_hatching_75_percent_desc,added,,Для яйца со средней вероятностью вылупления шанс составляет около 75%. У яиц с более высокой или низкой вероятностью он соответственно повышается или снижается.,An egg of medium hatching likelihood has about a 75% chance of hatching. Eggs more or less likely to hatch scale up or down from there.,True,True,Яйцо со средней вероятностью вылупления имеет около 75% шанса дать дракона. Для яиц с большей или меньшей вероятностью этот шанс соответственно повышается или понижается.,,localization/russian/more_dragon_eggs_gamerules_l_russian.yml
setting_dragon_hatching_95_percent,added,,Шанс 95%,95% Chance,True,True,Вероятность 95%,,localization/russian/more_dragon_eggs_gamerules_l_russian.yml
setting_dragon_hatching_95_percent_desc,added,,Для яйца со средней вероятностью вылупления шанс составляет около 95%. У яиц с более высокой или низкой вероятностью он соответственно повышается или снижается.,An egg of medium hatching likelihood has about a 95% chance of hatching. Eggs more or less likely to hatch scale up or down from there.,True,True,Яйцо со средней вероятностью вылупления имеет около 95% шанса дать дракона. Для яиц с большей или меньшей вероятностью этот шанс соответственно повышается или понижается.,,localization/russian/more_dragon_eggs_gamerules_l_russian.yml
setting_dragon_hatching_very_likely,removed,Очень вероятно,,,False,False,,localization/russian/more_dragon_eggs_gamerules_l_russian.yml,
setting_dragon_hatching_very_likely_desc,removed,"Около 50% шанса, что церемония выведения дракона завершится успехом.",,,False,False,,localization/russian/more_dragon_eggs_gamerules_l_russian.yml,
setting_enable_delete_dud_eggs_decision_no,removed,Отключено,,,False,False,,localization/russian/more_dragon_eggs_gamerules_l_russian.yml,
setting_enable_delete_dud_eggs_decision_no_desc,removed,Удаление порченых яиц будет невозможно.,,,False,False,,localization/russian/more_dragon_eggs_gamerules_l_russian.yml,
setting_enable_delete_dud_eggs_decision_yes,removed,Включено,,,False,False,,localization/russian/more_dragon_eggs_gamerules_l_russian.yml,
setting_enable_delete_dud_eggs_decision_yes_desc,removed,Позволяет удалять все порченые яйца. Доступно только игроку. В мультиплеере лучше отключить.,,,False,False,,localization/russian/more_dragon_eggs_gamerules_l_russian.yml,
setting_extremely_unlikely_spawn,removed,Крайне редко,,,False,False,,localization/russian/more_dragon_eggs_gamerules_l_russian.yml,
setting_extremely_unlikely_spawn_desc,removed,"~1/1200 шанс для любого персонажа (включая ИИ, если он не отключён) получить драконьи яйца через локации или решения.",,,False,False,,localization/russian/more_dragon_eggs_gamerules_l_russian.yml,
setting_fairly_likely_spawn,removed,Довольно часто,,,False,False,,localization/russian/more_dragon_eggs_gamerules_l_russian.yml,
setting_fairly_likely_spawn_desc,removed,"~1/50 шанс для любого персонажа (включая ИИ, если он не отключён) получить драконьи яйца через локации или решения.",,,False,False,,localization/russian/more_dragon_eggs_gamerules_l_russian.yml,
setting_mde_buttons_all,added,,Все,All,True,True,Все,,localization/russian/more_dragon_eggs_gamerules_l_russian.yml
setting_mde_buttons_all_desc,added,,"Изначально показаны все кнопки MDE: драконьи ямы, драконы, яйца, Королевская гвардия, валирийская сталь и меню MDE.","Every MDE button starts shown: Dragonpits, Dragons, Eggs, Kingsguard, Valyrian Steel and the MDE menu.",True,True,"Показаны все кнопки MDE: драконьи логова, драконы, яйца, Королевская гвардия, валирийская сталь и меню MDE.",,localization/russian/more_dragon_eggs_gamerules_l_russian.yml
setting_mde_buttons_off,added,,Выключено,Off,True,True,Выключено,,localization/russian/more_dragon_eggs_gamerules_l_russian.yml
setting_mde_buttons_off_desc,added,,"Все кнопки MDE изначально скрыты. Их можно включить в меню MDE, которое открывается из меню паузы.","All MDE buttons start hidden. They can be switched on from the MDE menu, opened from the pause menu.",True,True,"Все кнопки MDE скрыты. Их можно включить в меню MDE, которое открывается из меню паузы.",,localization/russian/more_dragon_eggs_gamerules_l_russian.yml
setting_mde_buttons_standard,added,,Стандарт,Standard,True,True,Стандарт,,localization/russian/more_dragon_eggs_gamerules_l_russian.yml
setting_mde_buttons_standard_desc,added,,"Кнопки драконьих ям, драконов, яиц и меню MDE изначально показаны. Королевскую гвардию и валирийскую сталь можно включить в меню MDE.","The Dragonpit, Dragon, Egg and MDE menu buttons start shown. Kingsguard and Valyrian Steel can be switched on from the MDE menu.",True,True,"Кнопки драконьих логов, драконов, яиц и меню MDE показаны. Королевскую гвардию и валирийскую сталь можно включить в меню MDE.",,localization/russian/more_dragon_eggs_gamerules_l_russian.yml
setting_mde_egg_notifications_off,added,,Выкл.,Off,True,True,Выкл.,,localization/russian/more_dragon_eggs_gamerules_l_russian.yml
setting_mde_egg_notifications_off_desc,added,,"Игроки не получают уведомлений, когда драконье яйцо отложено или найдено.",Players are not notified when a dragon egg is laid or found.,True,True,"Игроки не получают уведомлений, когда кто-то другой получает новое драконье яйцо.",,localization/russian/more_dragon_eggs_gamerules_l_russian.yml
setting_mde_egg_notifications_on,added,,Вкл.,On,True,True,Вкл.,,localization/russian/more_dragon_eggs_gamerules_l_russian.yml
setting_mde_egg_notifications_on_desc,added,,"Игроки получают уведомления, когда драконье яйцо отложено или найдено.",Players are notified when a dragon egg is laid or found.,True,True,"Игроки получают уведомление, когда кто-то другой получает драконье яйцо: кладка, находка или иной способ.",,localization/russian/more_dragon_eggs_gamerules_l_russian.yml
setting_no_spawns,changed,Без появления,Без появления для игроков,Player No Spawns,True,True,Без появления,localization/russian/more_dragon_eggs_gamerules_l_russian.yml,localization/russian/more_dragon_eggs_gamerules_l_russian.yml
setting_no_spawns_ai,added,,Без появления для ИИ,AI No Spawns,True,True,Без находок — ИИ,,localization/russian/more_dragon_eggs_gamerules_l_russian.yml
setting_no_spawns_ai_desc,added,,"Персонажи ИИ не смогут получить драконьи яйца на карте: ни в местах, связанных с драконьими знаниями, ни в Винтерфелле, ни через решения вроде «Дня на Драконьем Камне», бегства в Летний замок или восстановления Летнего замка.","No dragon eggs can be picked up on the map by any AI, either from any of the dragonlore locations, Winterfell, or by decisions such as A Day On Dragonstone or Escape to Summerhall/Rebuild Summerhall.",True,True,"Персонажи ИИ не смогут находить драконьи яйца на карте: ни в местах изучения драконов, ни в Винтерфелле, ни с помощью решений вроде «День на Драконьем Камне», «Уединиться в Летнем замке» или «Восстановить Летний замок».",,localization/russian/more_dragon_eggs_gamerules_l_russian.yml
setting_no_spawns_desc,changed,"Драконьи яйца нельзя будет найти на карте: ни в местах, связанных с драконами, ни в Винтерфелле, ни через решения вроде «Дня на Драконьем Камне», бегства в Летний замок или восстановления Летнего замка.","Игроки не смогут получить драконьи яйца на карте: ни в местах, связанных с драконьими знаниями, ни в Винтерфелле, ни через решения вроде «Дня на Драконьем Камне», бегства в Летний замок или восстановления Летнего замка.","No dragon eggs can be picked up on the map by any player, either from any of the dragonlore locations, Winterfell, or by decisions such as A Day On Dragonstone or Escape to Summerhall/Rebuild Summerhall.",True,True,"Драконьи яйца нельзя будет найти на карте: ни в местах, связанных с драконами, ни в Винтерфелле, ни через решения вроде «Дня на Драконьем Камне», бегства в Летний замок или восстановления Летнего замка.",localization/russian/more_dragon_eggs_gamerules_l_russian.yml,localization/russian/more_dragon_eggs_gamerules_l_russian.yml
setting_normal_unlikely_spawn,removed,Редко,,,False,False,,localization/russian/more_dragon_eggs_gamerules_l_russian.yml,
setting_normal_unlikely_spawn_desc,removed,"~1/300 шанс для любого персонажа (включая ИИ, если он не отключён) получить драконьи яйца через локации или решения. Это стандартный шанс AGOT.",,,False,False,,localization/russian/more_dragon_eggs_gamerules_l_russian.yml,
setting_pit_egg_hatch_likelihood_always,added,,Всегда,Always,True,True,Всегда,,localization/russian/more_dragon_eggs_gamerules_l_russian.yml
setting_pit_egg_hatch_likelihood_always_ai,added,,Всегда,Always,True,True,Всегда,,localization/russian/more_dragon_eggs_gamerules_l_russian.yml
setting_pit_egg_hatch_likelihood_always_ai_desc,added,,Яйца в драконьих ямах персонажей ИИ никогда не станут бесплодными.,Eggs placed in an AI's dragonpit will never become duds.,True,True,Яйца в драконьем логове ИИ никогда не станут бесплодными.,,localization/russian/more_dragon_eggs_gamerules_l_russian.yml
setting_pit_egg_hatch_likelihood_always_desc,added,,Яйца в драконьих ямах игроков никогда не станут бесплодными.,Eggs placed in a player's dragonpit will never become duds.,True,True,Яйца в драконьем логове игрока никогда не станут бесплодными.,,localization/russian/more_dragon_eggs_gamerules_l_russian.yml
setting_pit_egg_hatch_likelihood_common,added,,Часто,Common,True,True,Часто,,localization/russian/more_dragon_eggs_gamerules_l_russian.yml
setting_pit_egg_hatch_likelihood_common_ai,added,,Часто,Common,True,True,Часто,,localization/russian/more_dragon_eggs_gamerules_l_russian.yml
setting_pit_egg_hatch_likelihood_common_ai_desc,added,,Яйца в драконьих ямах персонажей ИИ получат высокий шанс успешно вылупиться.,Eggs placed in an AI's dragonpit have a high chance to successfully hatch.,True,True,Высокий шанс вылупления яиц в драконьем логове ИИ.,,localization/russian/more_dragon_eggs_gamerules_l_russian.yml
setting_pit_egg_hatch_likelihood_common_desc,added,,Яйца в драконьих ямах игроков получат высокий шанс успешно вылупиться.,Eggs placed in a player's dragonpit have a high chance to successfully hatch.,True,True,Высокий шанс вылупления яиц в драконьем логове игрока.,,localization/russian/more_dragon_eggs_gamerules_l_russian.yml
setting_pit_egg_hatch_likelihood_default,added,,По умолчанию,Default,True,True,По умолчанию,,localization/russian/more_dragon_eggs_gamerules_l_russian.yml
setting_pit_egg_hatch_likelihood_default_ai,added,,По умолчанию,Default,True,True,По умолчанию,,localization/russian/more_dragon_eggs_gamerules_l_russian.yml
setting_pit_egg_hatch_likelihood_default_ai_desc,added,,Яйца в драконьих ямах персонажей ИИ будут использовать стандартную вероятность вылупления.,Eggs placed in an AI's dragonpit will use the vanilla odds to determine if they will hatch.,True,True,Стандартная вероятность вылупления яиц в драконьем логове ИИ.,,localization/russian/more_dragon_eggs_gamerules_l_russian.yml
setting_pit_egg_hatch_likelihood_default_desc,added,,Яйца в драконьих ямах игроков будут использовать стандартную вероятность вылупления.,Eggs placed in a player's dragonpit will use the vanilla odds to determine if they will hatch.,True,True,Стандартная вероятность вылупления яиц в драконьем логове игрока.,,localization/russian/more_dragon_eggs_gamerules_l_russian.yml
setting_pit_egg_hatch_likelihood_less_likely,added,,Менее вероятно,Less Likely,True,True,Менее вероятно,,localization/russian/more_dragon_eggs_gamerules_l_russian.yml
setting_pit_egg_hatch_likelihood_less_likely_ai,added,,Менее вероятно,Less Likely,True,True,Менее вероятно,,localization/russian/more_dragon_eggs_gamerules_l_russian.yml
setting_pit_egg_hatch_likelihood_less_likely_ai_desc,added,,Яйца в драконьих ямах персонажей ИИ будут вылупляться реже обычного.,Eggs placed in an AI's dragonpit will hatch less often than normal.,True,True,Яйца в драконьем логове ИИ вылупляются реже обычного.,,localization/russian/more_dragon_eggs_gamerules_l_russian.yml
setting_pit_egg_hatch_likelihood_less_likely_desc,added,,Яйца в драконьих ямах игроков будут вылупляться реже обычного.,Eggs placed in a player's dragonpit will hatch less often than normal.,True,True,Яйца в драконьем логове игрока вылупляются реже обычного.,,localization/russian/more_dragon_eggs_gamerules_l_russian.yml
setting_pit_egg_hatch_likelihood_more_likely,added,,Более вероятно,More Likely,True,True,Более вероятно,,localization/russian/more_dragon_eggs_gamerules_l_russian.yml
setting_pit_egg_hatch_likelihood_more_likely_ai,added,,Более вероятно,More Likely,True,True,Более вероятно,,localization/russian/more_dragon_eggs_gamerules_l_russian.yml
setting_pit_egg_hatch_likelihood_more_likely_ai_desc,added,,Яйца в драконьих ямах персонажей ИИ будут вылупляться чаще обычного.,Eggs placed in an AI's dragonpit are more likely to hatch than normal.,True,True,Яйца в драконьем логове ИИ вылупляются чаще обычного.,,localization/russian/more_dragon_eggs_gamerules_l_russian.yml
setting_pit_egg_hatch_likelihood_more_likely_desc,added,,Яйца в драконьих ямах игроков будут вылупляться чаще обычного.,Eggs placed in a player's dragonpit are more likely to hatch than normal.,True,True,Яйца в драконьем логове игрока вылупляются чаще обычного.,,localization/russian/more_dragon_eggs_gamerules_l_russian.yml
setting_pit_egg_hatch_likelihood_never,added,,Никогда,Never,True,True,Никогда,,localization/russian/more_dragon_eggs_gamerules_l_russian.yml
setting_pit_egg_hatch_likelihood_never_ai,added,,Никогда,Never,True,True,Никогда,,localization/russian/more_dragon_eggs_gamerules_l_russian.yml
setting_pit_egg_hatch_likelihood_never_ai_desc,added,,Яйца в драконьих ямах персонажей ИИ никогда не вылупятся.,Eggs placed in an AI's dragonpit will never hatch.,True,True,Яйца в драконьем логове ИИ никогда не вылупляются.,,localization/russian/more_dragon_eggs_gamerules_l_russian.yml
setting_pit_egg_hatch_likelihood_never_desc,added,,Яйца в драконьих ямах игроков никогда не вылупятся.,Eggs placed in a player's dragonpit will never hatch.,True,True,Яйца в драконьем логове игрока никогда не вылупляются.,,localization/russian/more_dragon_eggs_gamerules_l_russian.yml
setting_pit_egg_hatch_likelihood_rare,added,,Редко,Rare,True,True,Редко,,localization/russian/more_dragon_eggs_gamerules_l_russian.yml
setting_pit_egg_hatch_likelihood_rare_ai,added,,Редко,Rare,True,True,Редко,,localization/russian/more_dragon_eggs_gamerules_l_russian.yml
setting_pit_egg_hatch_likelihood_rare_ai_desc,added,,Яйца в драконьих ямах персонажей ИИ будут вылупляться крайне редко.,Eggs placed in an AI's dragonpit will rarely ever hatch.,True,True,Яйца в драконьем логове ИИ редко вылупляются.,,localization/russian/more_dragon_eggs_gamerules_l_russian.yml
setting_pit_egg_hatch_likelihood_rare_desc,added,,Яйца в драконьих ямах игроков будут вылупляться крайне редко.,Eggs placed in a player's dragonpit will rarely ever hatch.,True,True,Яйца в драконьем логове игрока редко вылупляются.,,localization/russian/more_dragon_eggs_gamerules_l_russian.yml
setting_pit_egg_hatch_likelihood_wont_pit_ai,added,,Не помещает в яму,Won't Pit,True,True,Не использует логово,,localization/russian/more_dragon_eggs_gamerules_l_russian.yml
setting_pit_egg_hatch_likelihood_wont_pit_ai_desc,added,,ИИ не будет помещать драконьи яйца в драконьи ямы.,The AI won't place dragon eggs in dragonpits.,True,True,ИИ не будет помещать драконьи яйца в драконье логово.,,localization/russian/more_dragon_eggs_gamerules_l_russian.yml
setting_realm_affairs_extended_buttons,removed,Только кнопки,,,False,False,,localization/russian/more_dragon_eggs_gamerules_l_russian.yml,
setting_realm_affairs_extended_buttons_desc,removed,"Кнопки для просмотра драконьих ям, драконов и яиц появятся, когда соответствующие объекты будут доступны.",,,False,False,,localization/russian/more_dragon_eggs_gamerules_l_russian.yml,
setting_realm_affairs_extended_decisions,removed,Только решения,,,False,False,,localization/russian/more_dragon_eggs_gamerules_l_russian.yml,
setting_realm_affairs_extended_decisions_and_buttons,removed,Решения и кнопки,,,False,False,,localization/russian/more_dragon_eggs_gamerules_l_russian.yml,
setting_realm_affairs_extended_decisions_and_buttons_desc,removed,"Кнопки и решения для просмотра драконьих ям, драконов и яиц появятся, когда соответствующие объекты будут доступны.",,,False,False,,localization/russian/more_dragon_eggs_gamerules_l_russian.yml,
setting_realm_affairs_extended_decisions_desc,removed,"Решения для просмотра драконьих ям, драконов и яиц появятся, когда соответствующие объекты будут доступны.",,,False,False,,localization/russian/more_dragon_eggs_gamerules_l_russian.yml,
setting_realm_affairs_extended_off,removed,Выключено,,,False,False,,localization/russian/more_dragon_eggs_gamerules_l_russian.yml,
setting_realm_affairs_extended_off_desc,removed,Дополнительный интерфейс будет отключён.,,,False,False,,localization/russian/more_dragon_eggs_gamerules_l_russian.yml,
setting_spawn_dragonstone_eggs_disabled_ai_blocked,added,,Отключено для ИИ,Disabled for AI,True,True,Отключено для ИИ,,localization/russian/more_dragon_eggs_gamerules_l_russian.yml
setting_spawn_dragonstone_eggs_disabled_ai_blocked_desc,added,,"Событие о драконьих знаниях на Драконьем Камне будет недоступно ИИ, чтобы не допустить избытка яиц. Событие «День на Драконьем Камне» и вдохновения авантюристов, направленные на Драконий Камень, останутся без изменений.",The Dragonlore event in Dragonstone is blocked for AI to prevent egg overabundance. A Day On Dragonstone and Adventurer Inspirations to Dragonstone will remain unchanged.,True,True,"Событие изучения драконов на Драконьем Камне недоступно ИИ, чтобы избежать переизбытка яиц. Событие «День на Драконьем Камне» и вдохновения авантюристов, связанные с Драконьим Камнем, остаются без изменений.",,localization/russian/more_dragon_eggs_gamerules_l_russian.yml
setting_spawn_dragonstone_eggs_disabled_desc,changed,"Событие о драконьих знаниях на Драконьем Камне останется, но обычное посещение больше не будет создавать драконье яйцо. Событие «День на Драконьем Камне» и вдохновения авантюристов на Драконьем Камне останутся без изменений.","Событие о драконьих знаниях на Драконьем Камне останется, но при обычном посещении драконье яйцо больше не появится. Событие «День на Драконьем Камне» и вдохновения авантюристов, направленные на Драконий Камень, останутся без изменений.","The Dragonlore event in Dragonstone will remain but it will never spawn a dragon egg by visiting, A Day On Dragonstone and Adventurer Inspirations to Dragonstone will remain unchanged.",True,True,"Событие о драконьих знаниях на Драконьем Камне останется, но обычное посещение больше не будет создавать драконье яйцо. Событие «День на Драконьем Камне» и вдохновения авантюристов на Драконьем Камне останутся без изменений.",localization/russian/more_dragon_eggs_gamerules_l_russian.yml,localization/russian/more_dragon_eggs_gamerules_l_russian.yml
setting_spawn_pythax_egg_enabled_desc,changed,Яйцо потомка Питакса можно найти во время путешествия в южный Эссос.,Яйцо потомка Пифакса можно найти во время путешествия в южный Эссос.,Pythax descended dragon egg can be picked up by travelers going to southern Essos.,True,True,Яйцо потомка Питакса можно найти во время путешествия в южный Эссос.,localization/russian/more_dragon_eggs_gamerules_l_russian.yml,localization/russian/more_dragon_eggs_gamerules_l_russian.yml
setting_very_likely_spawn,removed,Очень часто,,,False,False,,localization/russian/more_dragon_eggs_gamerules_l_russian.yml,
setting_very_likely_spawn_desc,removed,"~75% шанс для любого персонажа (включая ИИ, если он не отключён) получить драконьи яйца через локации или решения. Яйца будут быстро разобраны; если ИИ может их получать, рекомендуется отключить яйца Драконьего Камня.",,,False,False,,localization/russian/more_dragon_eggs_gamerules_l_russian.yml,
setting_very_unlikely_spawn,removed,Очень редко,,,False,False,,localization/russian/more_dragon_eggs_gamerules_l_russian.yml,
setting_very_unlikely_spawn_desc,removed,"~1/600 шанс для любого персонажа (включая ИИ, если он не отключён) получить драконьи яйца через локации или решения.",,,False,False,,localization/russian/more_dragon_eggs_gamerules_l_russian.yml,
sheepstealer_desc,added,,Овцекрад,Sheepstealer,True,True,Овцекрад,,localization/russian/mde_artifacts_l_russian.yml
show_dragon_portrait_decision_confirm,removed,Показать портрет,,,False,False,,localization/russian/more_dragon_eggs_decisions_l_russian.yml,
show_dragon_portrait_decision_desc,removed,"Показывает портрет вашего дракона в левом нижнем углу экрана. Примечание: портреты не появляются, пока размер дракона меньше 3; если вы их не видите, причина может быть в этом.",,,False,False,,localization/russian/more_dragon_eggs_decisions_l_russian.yml,
show_dragonpits_decision,removed,Управление драконьими ямами,,,False,False,,localization/russian/more_dragon_eggs_decisions_l_russian.yml,
show_dragonpits_decision_confirm,removed,Управлять,,,False,False,,localization/russian/more_dragon_eggs_decisions_l_russian.yml,
show_dragonpits_decision_desc,removed,Открывает меню всех действующих драконьих ям и дополнительных действий.,,,False,False,,localization/russian/more_dragon_eggs_decisions_l_russian.yml,
show_dragons_decision,removed,Управление драконами,,,False,False,,localization/russian/more_dragon_eggs_decisions_l_russian.yml,
show_dragons_decision_confirm,removed,Управлять,,,False,False,,localization/russian/more_dragon_eggs_decisions_l_russian.yml,
show_dragons_decision_desc,removed,Открывает меню всех живых драконов и дополнительных действий.,,,False,False,,localization/russian/more_dragon_eggs_decisions_l_russian.yml,
show_eggs_decision,removed,Управление драконьими яйцами,,,False,False,,localization/russian/more_dragon_eggs_decisions_l_russian.yml,
show_eggs_decision_confirm,removed,Управлять,,,False,False,,localization/russian/more_dragon_eggs_decisions_l_russian.yml,
show_eggs_decision_desc,removed,Открывает меню всех существующих драконьих яиц и дополнительных действий.,,,False,False,,localization/russian/more_dragon_eggs_decisions_l_russian.yml,
shrykos_desc,added,,Шрикос,Shrykos,True,True,Шрикос,,localization/russian/mde_artifacts_l_russian.yml
silverwing_desc,added,,Среброкрылая,Silverwing,True,True,Среброкрылая,,localization/russian/mde_artifacts_l_russian.yml
stormcloud_desc,added,,Грозовое Облако,Stormcloud,True,True,Грозовое Облако,,localization/russian/mde_artifacts_l_russian.yml
sunfyre_desc,added,,Солнечный Огонь,Sunfyre,True,True,Солнечный Огонь,,localization/russian/mde_artifacts_l_russian.yml
syrax_desc,added,,Сиракс,Syrax,True,True,Сиракс,,localization/russian/mde_artifacts_l_russian.yml
terrax_desc,added,,Терракс,Terrax,True,True,Терракс,,localization/russian/mde_artifacts_l_russian.yml
tessarion_desc,added,,Тессарион,Tessarion,True,True,Тессарион,,localization/russian/mde_artifacts_l_russian.yml
the_last_desc,added,,Залагон,Zalagon,True,True,Залагон,,localization/russian/mde_artifacts_l_russian.yml
tyraxes_desc,added,,Тираксес,Tyraxes,True,True,Тираксес,,localization/russian/mde_artifacts_l_russian.yml
urrax_desc,added,,Урракс,Urrax,True,True,Урракс,,localization/russian/mde_artifacts_l_russian.yml
valryon_desc,added,,Валрион,valryon,True,True,Валрион,,localization/russian/mde_artifacts_l_russian.yml
vassarion_desc,added,,Вассарион,Vassarion,True,True,Вассарион,,localization/russian/mde_artifacts_l_russian.yml
vermax_desc,added,,Вермакс,Vermax,True,True,Вермакс,,localization/russian/mde_artifacts_l_russian.yml
vermithor_desc,added,,Вермитор,Vermithor,True,True,Вермитор,,localization/russian/mde_artifacts_l_russian.yml
vermithrax_desc,added,,Вермитракс,Vermithrax,True,True,Вермитракс,,localization/russian/mde_artifacts_l_russian.yml
vhagar_desc,added,,Вхагар,Vhagar,True,True,Вхагар,,localization/russian/mde_artifacts_l_russian.yml
viserion_desc,added,,Визерион,Viserion,True,True,Визерион,,localization/russian/mde_artifacts_l_russian.yml
wyrmling_desc,added,,Ловец Звёзд,Starhunter,True,True,Ловец Звёзд,,localization/russian/mde_artifacts_l_russian.yml
