FineCategory,Line,Time,Component,Message,Category,Owner,Files,Key,FirstFile,SecondFile
descriptor,1,01:56:49,dlc_descriptor.cpp:70,Invalid supported_version in file: mod/ugc_2261468688.mod line: 6,Mod descriptor warning,,,,,
texture_duplicates,1192,01:59:06,pdxassetutil.cpp:1009,"Duplicate texture 'ep3_patras_castle_01_a_unique.dds' found (current path 'gfx/models/buildings/special/high_hermitage/ep3_patras_castle_01_a_unique.dds', previous path 'gfx/models/buildings/special/ep3_patras_castle_01_a/ep3_patras_castle_01_a_unique.dds')",Graphics / portrait source error,CK3 | COW-AGOT: 3D Models & Bigger Castles,gfx/models/buildings/special/ep3_patras_castle_01_a/ep3_patras_castle_01_a_unique.dds | gfx/models/buildings/special/high_hermitage/ep3_patras_castle_01_a_unique.dds,,,
texture_duplicates,1193,01:59:06,pdxassetutil.cpp:1009,"Duplicate texture 'ep3_patras_castle_ground_diffuse.dds' found (current path 'gfx/models/buildings/special/high_hermitage/ep3_patras_castle_ground_diffuse.dds', previous path 'gfx/models/buildings/special/ep3_patras_castle_01_a/ep3_patras_castle_ground_diffuse.dds')",Graphics / portrait source error,CK3 | COW-AGOT: 3D Models & Bigger Castles,gfx/models/buildings/special/ep3_patras_castle_01_a/ep3_patras_castle_ground_diffuse.dds | gfx/models/buildings/special/high_hermitage/ep3_patras_castle_ground_diffuse.dds,,,
texture_duplicates,1194,01:59:06,pdxassetutil.cpp:1009,"Duplicate texture 'ep3_patras_castle_ground_normal.dds' found (current path 'gfx/models/buildings/special/high_hermitage/ep3_patras_castle_ground_normal.dds', previous path 'gfx/models/buildings/special/ep3_patras_castle_01_a/ep3_patras_castle_ground_normal.dds')",Graphics / portrait source error,CK3 | COW-AGOT: 3D Models & Bigger Castles,gfx/models/buildings/special/ep3_patras_castle_01_a/ep3_patras_castle_ground_normal.dds | gfx/models/buildings/special/high_hermitage/ep3_patras_castle_ground_normal.dds,,,
texture_duplicates,1195,01:59:06,pdxassetutil.cpp:1009,"Duplicate texture 'ep3_patras_castle_ground_properties.dds' found (current path 'gfx/models/buildings/special/high_hermitage/ep3_patras_castle_ground_properties.dds', previous path 'gfx/models/buildings/special/ep3_patras_castle_01_a/ep3_patras_castle_ground_properties.dds')",Graphics / portrait source error,CK3 | COW-AGOT: 3D Models & Bigger Castles,gfx/models/buildings/special/ep3_patras_castle_01_a/ep3_patras_castle_ground_properties.dds | gfx/models/buildings/special/high_hermitage/ep3_patras_castle_ground_properties.dds,,,
texture_duplicates,1196,01:59:06,pdxassetutil.cpp:1009,"Duplicate texture 'ethiopian_atlas_diffuse.dds' found (current path 'gfx/models/buildings/special/Karhold/ethiopian_atlas_diffuse.dds', previous path 'gfx/models/buildings/holdings/atlas/ethiopian/ethiopian_atlas_diffuse.dds')",Graphics / portrait source error,A Game of Thrones | COW-AGOT: 3D Models & Bigger Castles,gfx/models/buildings/holdings/atlas/ethiopian/ethiopian_atlas_diffuse.dds | gfx/models/buildings/special/Karhold/ethiopian_atlas_diffuse.dds,,,
texture_duplicates,1197,01:59:06,pdxassetutil.cpp:1009,"Duplicate texture 'ethiopian_atlas_diffuse.dds' found (current path 'gfx/models/buildings/special/Runestone/ethiopian_atlas_diffuse.dds', previous path 'gfx/models/buildings/holdings/atlas/ethiopian/ethiopian_atlas_diffuse.dds')",Graphics / portrait source error,A Game of Thrones | COW-AGOT: 3D Models & Bigger Castles,gfx/models/buildings/holdings/atlas/ethiopian/ethiopian_atlas_diffuse.dds | gfx/models/buildings/special/Runestone/ethiopian_atlas_diffuse.dds,,,
texture_duplicates,1198,01:59:06,pdxassetutil.cpp:1009,"Duplicate texture 'ethiopian_atlas_normal.dds' found (current path 'gfx/models/buildings/special/Karhold/ethiopian_atlas_normal.dds', previous path 'gfx/models/buildings/holdings/atlas/ethiopian/ethiopian_atlas_normal.dds')",Graphics / portrait source error,A Game of Thrones | COW-AGOT: 3D Models & Bigger Castles,gfx/models/buildings/holdings/atlas/ethiopian/ethiopian_atlas_normal.dds | gfx/models/buildings/special/Karhold/ethiopian_atlas_normal.dds,,,
texture_duplicates,1199,01:59:06,pdxassetutil.cpp:1009,"Duplicate texture 'ethiopian_atlas_normal.dds' found (current path 'gfx/models/buildings/special/Runestone/ethiopian_atlas_normal.dds', previous path 'gfx/models/buildings/holdings/atlas/ethiopian/ethiopian_atlas_normal.dds')",Graphics / portrait source error,A Game of Thrones | COW-AGOT: 3D Models & Bigger Castles,gfx/models/buildings/holdings/atlas/ethiopian/ethiopian_atlas_normal.dds | gfx/models/buildings/special/Runestone/ethiopian_atlas_normal.dds,,,
texture_duplicates,1200,01:59:06,pdxassetutil.cpp:1009,"Duplicate texture 'ethiopian_atlas_properties.dds' found (current path 'gfx/models/buildings/special/Karhold/ethiopian_atlas_properties.dds', previous path 'gfx/models/buildings/holdings/atlas/ethiopian/ethiopian_atlas_properties.dds')",Graphics / portrait source error,A Game of Thrones | COW-AGOT: 3D Models & Bigger Castles,gfx/models/buildings/holdings/atlas/ethiopian/ethiopian_atlas_properties.dds | gfx/models/buildings/special/Karhold/ethiopian_atlas_properties.dds,,,
texture_duplicates,1201,01:59:06,pdxassetutil.cpp:1009,"Duplicate texture 'ethiopian_atlas_properties.dds' found (current path 'gfx/models/buildings/special/Runestone/ethiopian_atlas_properties.dds', previous path 'gfx/models/buildings/holdings/atlas/ethiopian/ethiopian_atlas_properties.dds')",Graphics / portrait source error,A Game of Thrones | COW-AGOT: 3D Models & Bigger Castles,gfx/models/buildings/holdings/atlas/ethiopian/ethiopian_atlas_properties.dds | gfx/models/buildings/special/Runestone/ethiopian_atlas_properties.dds,,,
mesh_uv,1202,01:59:09,pdxassetutil.cpp:556,UV-Set: 1 in mesh 'crag_crenelation' in file 'gfx/models/buildings/special/crag/crag.mesh' has no valid triangle to use when calculating texture streaming factor. Texture streaming needs a triangle with an area.,Graphics / portrait source error,COW-AGOT: 3D Models & Bigger Castles,gfx/models/buildings/special/crag/crag.mesh,,,
mesh_uv,1203,01:59:09,pdxassetutil.cpp:556,UV-Set: 1 in mesh 'gold_ball' in file 'gfx/models/buildings/special/cow_blackhaven/cow_blackhaven.mesh' has no valid triangle to use when calculating texture streaming factor. Texture streaming needs a triangle with an area.,Graphics / portrait source error,COW-AGOT: 3D Models & Bigger Castles,gfx/models/buildings/special/cow_blackhaven/cow_blackhaven.mesh,,,
mesh_uv,1204,01:59:09,pdxassetutil.cpp:556,UV-Set: 1 in mesh 'crag_stone_ground' in file 'gfx/models/buildings/special/cow_blackhaven/cow_blackhaven.mesh' has no valid triangle to use when calculating texture streaming factor. Texture streaming needs a triangle with an area.,Graphics / portrait source error,COW-AGOT: 3D Models & Bigger Castles,gfx/models/buildings/special/cow_blackhaven/cow_blackhaven.mesh,,,
mesh_settings,1205,01:59:09,pdxassetutil.cpp:1763,pdxmesh [cow_blackhaven_mesh] is out of sync with its meshsettings. [blackhaven_rockShape] is not in use in file: gfx/models/buildings/special/cow_blackhaven/cow_blackhaven.mesh,Graphics / portrait source error,COW-AGOT: 3D Models & Bigger Castles,gfx/models/buildings/special/cow_blackhaven/cow_blackhaven.mesh,,,
mesh_settings,1206,01:59:09,pdxassetutil.cpp:1763,pdxmesh [crag_mesh] is out of sync with its meshsettings. [lannisport_dgShape] is not in use in file: gfx/models/buildings/special/crag/crag.mesh,Graphics / portrait source error,COW-AGOT: 3D Models & Bigger Castles,gfx/models/buildings/special/crag/crag.mesh,,,
mesh_settings,1207,01:59:09,pdxassetutil.cpp:1763,pdxmesh [crag_mesh] is out of sync with its meshsettings. [lannisport_lkShape] is not in use in file: gfx/models/buildings/special/crag/crag.mesh,Graphics / portrait source error,COW-AGOT: 3D Models & Bigger Castles,gfx/models/buildings/special/crag/crag.mesh,,,
mesh_settings,1208,01:59:09,pdxassetutil.cpp:1763,pdxmesh [crag_mesh] is out of sync with its meshsettings. [lannisport_lpShape] is not in use in file: gfx/models/buildings/special/crag/crag.mesh,Graphics / portrait source error,COW-AGOT: 3D Models & Bigger Castles,gfx/models/buildings/special/crag/crag.mesh,,,
mesh_settings,1209,01:59:10,pdxassetutil.cpp:1763,pdxmesh [building_special_lonely_light_04] is out of sync with its meshsettings. [dock_tower_wood] is not in use in file: gfx/models/buildings/special/Lonely Light/building_special_lonely_light_04.mesh,Graphics / portrait source error,COW-AGOT: 3D Models & Bigger Castles,gfx/models/buildings/special/Lonely Light/building_special_lonely_light_04.mesh,,,
mesh_settings,1210,01:59:11,pdxassetutil.cpp:1763,pdxmesh [starpike_mesh] is out of sync with its meshsettings. [starpike_ground] is not in use in file: gfx/models/buildings/special/starpike/starpike.mesh,Graphics / portrait source error,COW-AGOT: 3D Models & Bigger Castles,gfx/models/buildings/special/starpike/starpike.mesh,,,
mesh_settings,1211,01:59:11,pdxassetutil.cpp:1763,pdxmesh [starpike_mesh] is out of sync with its meshsettings. [starpike_lower] is not in use in file: gfx/models/buildings/special/starpike/starpike.mesh,Graphics / portrait source error,COW-AGOT: 3D Models & Bigger Castles,gfx/models/buildings/special/starpike/starpike.mesh,,,
mesh_settings,1212,01:59:12,pdxassetutil.cpp:1763,pdxmesh [high_hermitage_mesh] is out of sync with its meshsettings. [ep3_basilica_sant_apollinare_nuovo_decalShape] is not in use in file: gfx/models/buildings/special/high_hermitage/high_hermitage.mesh,Graphics / portrait source error,COW-AGOT: 3D Models & Bigger Castles,gfx/models/buildings/special/high_hermitage/high_hermitage.mesh,,,
mesh_uv,1213,01:59:12,pdxassetutil.cpp:556,UV-Set: 1 in mesh 'pole_town' in file 'gfx/models/buildings/special/planky town/planky_town.mesh' has no valid triangle to use when calculating texture streaming factor. Texture streaming needs a triangle with an area.,Graphics / portrait source error,COW-AGOT: 3D Models & Bigger Castles,gfx/models/buildings/special/planky town/planky_town.mesh,,,
mesh_uv,1214,01:59:13,pdxassetutil.cpp:556,UV-Set: 1 in mesh 'rooksrest_stone_ground' in file 'gfx/models/buildings/special/rooksrest/rooksrest.mesh' has no valid triangle to use when calculating texture streaming factor. Texture streaming needs a triangle with an area.,Graphics / portrait source error,COW-AGOT: 3D Models & Bigger Castles,gfx/models/buildings/special/rooksrest/rooksrest.mesh,,,
mesh_uv,1215,01:59:13,pdxassetutil.cpp:556,UV-Set: 0 in mesh 'lift' in file 'gfx/models/buildings/special/castamere/24castamere_3.mesh' has no valid triangle to use when calculating texture streaming factor. Texture streaming needs a triangle with an area.,Graphics / portrait source error,COW-AGOT: 3D Models & Bigger Castles,gfx/models/buildings/special/castamere/24castamere_3.mesh,,,
textures,1216,01:59:13,pdxassetutil.cpp:1053,Failed to find texture 'building_backup_atlas_properties.dds',Graphics / portrait source error,,,,,
textures,1217,01:59:13,virtualfilesystem.cpp:456,Could not find texture due to 'VFSOpen Error: gfx/models/buildings/special/castamere/building_backup_atlas_properties.dds not found',Other error,Unresolved file,gfx/models/buildings/special/castamere/building_backup_atlas_properties.dds,,,
textures,1218,01:59:13,pdxassetutil.cpp:1053,Failed to find texture 'building_backup_atlas_normal.dds',Graphics / portrait source error,,,,,
textures,1219,01:59:13,virtualfilesystem.cpp:456,Could not find texture due to 'VFSOpen Error: gfx/models/buildings/special/castamere/building_backup_atlas_normal.dds not found',Other error,Unresolved file,gfx/models/buildings/special/castamere/building_backup_atlas_normal.dds,,,
mesh_uv,1220,01:59:13,pdxassetutil.cpp:556,UV-Set: 0 in mesh 'pallet' in file 'gfx/models/buildings/special/castamere/24castamere_3.mesh' has no valid triangle to use when calculating texture streaming factor. Texture streaming needs a triangle with an area.,Graphics / portrait source error,COW-AGOT: 3D Models & Bigger Castles,gfx/models/buildings/special/castamere/24castamere_3.mesh,,,
textures,1221,01:59:13,pdxassetutil.cpp:1053,Failed to find texture 'building_backup_atlas_properties.dds',Graphics / portrait source error,,,,,
textures,1222,01:59:13,virtualfilesystem.cpp:456,Could not find texture due to 'VFSOpen Error: gfx/models/buildings/special/castamere/building_backup_atlas_properties.dds not found',Other error,Unresolved file,gfx/models/buildings/special/castamere/building_backup_atlas_properties.dds,,,
textures,1223,01:59:13,pdxassetutil.cpp:1053,Failed to find texture 'building_backup_atlas_normal.dds',Graphics / portrait source error,,,,,
textures,1224,01:59:13,virtualfilesystem.cpp:456,Could not find texture due to 'VFSOpen Error: gfx/models/buildings/special/castamere/building_backup_atlas_normal.dds not found',Other error,Unresolved file,gfx/models/buildings/special/castamere/building_backup_atlas_normal.dds,,,
mesh_uv,1225,01:59:14,pdxassetutil.cpp:556,UV-Set: 1 in mesh 'ashemark_stone_ground' in file 'gfx/models/buildings/special/ashemark/ashemark.mesh' has no valid triangle to use when calculating texture streaming factor. Texture streaming needs a triangle with an area.,Graphics / portrait source error,COW-AGOT: 3D Models & Bigger Castles,gfx/models/buildings/special/ashemark/ashemark.mesh,,,
mesh_settings,1226,01:59:14,pdxassetutil.cpp:1763,pdxmesh [building_palestone_sword_01_mesh] is out of sync with its meshsettings. [casterlyrock_rockShape] is not in use in file: gfx/models/buildings/special/palestone_sword/building_palestone_sword_01.mesh,Graphics / portrait source error,COW-AGOT: 3D Models & Bigger Castles,gfx/models/buildings/special/palestone_sword/building_palestone_sword_01.mesh,,,
mesh_uv,1227,01:59:14,pdxassetutil.cpp:556,UV-Set: 1 in mesh 'lannisport_dgShape' in file 'gfx/models/buildings/special/fanghill/fanghill.mesh' has no valid triangle to use when calculating texture streaming factor. Texture streaming needs a triangle with an area.,Graphics / portrait source error,COW-AGOT: 3D Models & Bigger Castles,gfx/models/buildings/special/fanghill/fanghill.mesh,,,
mesh_uv,1228,01:59:15,pdxassetutil.cpp:556,UV-Set: 0 in mesh 'lift' in file 'gfx/models/buildings/special/castamere/24castamere_2.mesh' has no valid triangle to use when calculating texture streaming factor. Texture streaming needs a triangle with an area.,Graphics / portrait source error,COW-AGOT: 3D Models & Bigger Castles,gfx/models/buildings/special/castamere/24castamere_2.mesh,,,
textures,1229,01:59:15,pdxassetutil.cpp:1053,Failed to find texture 'building_backup_atlas_properties.dds',Graphics / portrait source error,,,,,
textures,1230,01:59:15,virtualfilesystem.cpp:456,Could not find texture due to 'VFSOpen Error: gfx/models/buildings/special/castamere/building_backup_atlas_properties.dds not found',Other error,Unresolved file,gfx/models/buildings/special/castamere/building_backup_atlas_properties.dds,,,
textures,1231,01:59:15,pdxassetutil.cpp:1053,Failed to find texture 'building_backup_atlas_normal.dds',Graphics / portrait source error,,,,,
textures,1232,01:59:15,virtualfilesystem.cpp:456,Could not find texture due to 'VFSOpen Error: gfx/models/buildings/special/castamere/building_backup_atlas_normal.dds not found',Other error,Unresolved file,gfx/models/buildings/special/castamere/building_backup_atlas_normal.dds,,,
mesh_uv,1233,01:59:15,pdxassetutil.cpp:556,UV-Set: 0 in mesh 'pallet' in file 'gfx/models/buildings/special/castamere/24castamere_2.mesh' has no valid triangle to use when calculating texture streaming factor. Texture streaming needs a triangle with an area.,Graphics / portrait source error,COW-AGOT: 3D Models & Bigger Castles,gfx/models/buildings/special/castamere/24castamere_2.mesh,,,
textures,1234,01:59:15,pdxassetutil.cpp:1053,Failed to find texture 'building_backup_atlas_properties.dds',Graphics / portrait source error,,,,,
textures,1235,01:59:15,virtualfilesystem.cpp:456,Could not find texture due to 'VFSOpen Error: gfx/models/buildings/special/castamere/building_backup_atlas_properties.dds not found',Other error,Unresolved file,gfx/models/buildings/special/castamere/building_backup_atlas_properties.dds,,,
textures,1236,01:59:15,pdxassetutil.cpp:1053,Failed to find texture 'building_backup_atlas_normal.dds',Graphics / portrait source error,,,,,
textures,1237,01:59:15,virtualfilesystem.cpp:456,Could not find texture due to 'VFSOpen Error: gfx/models/buildings/special/castamere/building_backup_atlas_normal.dds not found',Other error,Unresolved file,gfx/models/buildings/special/castamere/building_backup_atlas_normal.dds,,,
mesh_uv,1238,01:59:15,pdxassetutil.cpp:556,UV-Set: 1 in mesh 'crag_upper' in file 'gfx/models/buildings/special/crag/crag_level_2.mesh' has no valid triangle to use when calculating texture streaming factor. Texture streaming needs a triangle with an area.,Graphics / portrait source error,COW-AGOT: 3D Models & Bigger Castles,gfx/models/buildings/special/crag/crag_level_2.mesh,,,
mesh_uv,1239,01:59:15,pdxassetutil.cpp:556,UV-Set: 1 in mesh 'crag_upper' in file 'gfx/models/buildings/special/crag/crag_level_2.mesh' has no valid triangle to use when calculating texture streaming factor. Texture streaming needs a triangle with an area.,Graphics / portrait source error,COW-AGOT: 3D Models & Bigger Castles,gfx/models/buildings/special/crag/crag_level_2.mesh,,,
mesh_uv,1240,01:59:15,pdxassetutil.cpp:556,UV-Set: 1 in mesh 'crag_stone_ground' in file 'gfx/models/buildings/special/crag/crag_level_2.mesh' has no valid triangle to use when calculating texture streaming factor. Texture streaming needs a triangle with an area.,Graphics / portrait source error,COW-AGOT: 3D Models & Bigger Castles,gfx/models/buildings/special/crag/crag_level_2.mesh,,,
mesh_settings,1241,01:59:15,pdxassetutil.cpp:1763,pdxmesh [crag_level_2_mesh] is out of sync with its meshsettings. [lannisport_dgShape] is not in use in file: gfx/models/buildings/special/crag/crag_level_2.mesh,Graphics / portrait source error,COW-AGOT: 3D Models & Bigger Castles,gfx/models/buildings/special/crag/crag_level_2.mesh,,,
mesh_settings,1242,01:59:15,pdxassetutil.cpp:1763,pdxmesh [crag_level_2_mesh] is out of sync with its meshsettings. [lannisport_lkShape] is not in use in file: gfx/models/buildings/special/crag/crag_level_2.mesh,Graphics / portrait source error,COW-AGOT: 3D Models & Bigger Castles,gfx/models/buildings/special/crag/crag_level_2.mesh,,,
mesh_settings,1243,01:59:15,pdxassetutil.cpp:1763,pdxmesh [crag_level_2_mesh] is out of sync with its meshsettings. [lannisport_lpShape] is not in use in file: gfx/models/buildings/special/crag/crag_level_2.mesh,Graphics / portrait source error,COW-AGOT: 3D Models & Bigger Castles,gfx/models/buildings/special/crag/crag_level_2.mesh,,,
mesh_settings,1244,01:59:16,pdxassetutil.cpp:1763,pdxmesh [building_special_sisterton_mesh] is out of sync with its meshsettings. [sisteron_rough_walls] is not in use in file: gfx/models/buildings/special/sisterton/building_special_sisterton.mesh,Graphics / portrait source error,COW-AGOT: 3D Models & Bigger Castles,gfx/models/buildings/special/sisterton/building_special_sisterton.mesh,,,
mesh_uv,1245,01:59:16,pdxassetutil.cpp:556,UV-Set: 0 in mesh 'building_griffin_roost_castle' in file 'gfx/models/buildings/special/griffins roost/building_special_griffins_roost.mesh' has no valid triangle to use when calculating texture streaming factor. Texture streaming needs a triangle with an area.,Graphics / portrait source error,COW-AGOT: 3D Models & Bigger Castles,gfx/models/buildings/special/griffins roost/building_special_griffins_roost.mesh,,,
mesh_uv,1246,01:59:16,pdxassetutil.cpp:556,UV-Set: 0 in mesh 'griffin_roost_roof' in file 'gfx/models/buildings/special/griffins roost/building_special_griffins_roost.mesh' has no valid triangle to use when calculating texture streaming factor. Texture streaming needs a triangle with an area.,Graphics / portrait source error,COW-AGOT: 3D Models & Bigger Castles,gfx/models/buildings/special/griffins roost/building_special_griffins_roost.mesh,,,
mesh_uv,1247,01:59:16,pdxassetutil.cpp:556,UV-Set: 1 in mesh 'rooksrest_stone_ground' in file 'gfx/models/buildings/special/rooksrest/rooksrest2.mesh' has no valid triangle to use when calculating texture streaming factor. Texture streaming needs a triangle with an area.,Graphics / portrait source error,COW-AGOT: 3D Models & Bigger Castles,gfx/models/buildings/special/rooksrest/rooksrest2.mesh,,,
mesh_uv,1248,01:59:16,pdxassetutil.cpp:556,UV-Set: 1 in mesh 'rooksrest_stone' in file 'gfx/models/buildings/special/rooksrest/rooksrest2.mesh' has no valid triangle to use when calculating texture streaming factor. Texture streaming needs a triangle with an area.,Graphics / portrait source error,COW-AGOT: 3D Models & Bigger Castles,gfx/models/buildings/special/rooksrest/rooksrest2.mesh,,,
mesh_settings,1249,01:59:16,pdxassetutil.cpp:1763,pdxmesh [lordsport_mesh] is out of sync with its meshsettings. [iron] is not in use in file: gfx/models/buildings/special/lordsport/lordsport.mesh,Graphics / portrait source error,COW-AGOT: 3D Models & Bigger Castles,gfx/models/buildings/special/lordsport/lordsport.mesh,,,
mesh_settings,1250,01:59:16,pdxassetutil.cpp:1763,pdxmesh [lordsport_mesh] is out of sync with its meshsettings. [lordsport_stone_ground] is not in use in file: gfx/models/buildings/special/lordsport/lordsport.mesh,Graphics / portrait source error,COW-AGOT: 3D Models & Bigger Castles,gfx/models/buildings/special/lordsport/lordsport.mesh,,,
mesh_settings,1251,01:59:17,pdxassetutil.cpp:1763,pdxmesh [building_special_yronwood_mesh] is out of sync with its meshsettings. [fp2_building_special_alhambra_01_palm_treeShape] is not in use in file: gfx/models/buildings/special/yronwood/building_special_yronwood.mesh,Graphics / portrait source error,COW-AGOT: 3D Models & Bigger Castles,gfx/models/buildings/special/yronwood/building_special_yronwood.mesh,,,
mesh_uv,1252,01:59:17,pdxassetutil.cpp:556,UV-Set: 0 in mesh 'the_ground' in file 'gfx/models/buildings/special/deepwood_motte/deepwood_motte.mesh' has no valid triangle to use when calculating texture streaming factor. Texture streaming needs a triangle with an area.,Graphics / portrait source error,COW-AGOT: 3D Models & Bigger Castles,gfx/models/buildings/special/deepwood_motte/deepwood_motte.mesh,,,
mesh_uv,1253,01:59:18,pdxassetutil.cpp:556,UV-Set: 1 in mesh 'building_special_evenfall_1Shape' in file 'gfx/models/buildings/special/Evenfall/building_special_evenfall.mesh' has no valid triangle to use when calculating texture streaming factor. Texture streaming needs a triangle with an area.,Graphics / portrait source error,COW-AGOT: 3D Models & Bigger Castles,gfx/models/buildings/special/Evenfall/building_special_evenfall.mesh,,,
mesh_uv,1254,01:59:18,pdxassetutil.cpp:556,UV-Set: 1 in mesh 'building_special_evenfall_2Shape' in file 'gfx/models/buildings/special/Evenfall/building_special_evenfall.mesh' has no valid triangle to use when calculating texture streaming factor. Texture streaming needs a triangle with an area.,Graphics / portrait source error,COW-AGOT: 3D Models & Bigger Castles,gfx/models/buildings/special/Evenfall/building_special_evenfall.mesh,,,
mesh_settings,1255,01:59:18,pdxassetutil.cpp:1763,pdxmesh [building_special_evenfall_mesh] is out of sync with its meshsettings. [building_special_evenfall_4Shape] is not in use in file: gfx/models/buildings/special/Evenfall/building_special_evenfall.mesh,Graphics / portrait source error,COW-AGOT: 3D Models & Bigger Castles,gfx/models/buildings/special/Evenfall/building_special_evenfall.mesh,,,
mesh_settings,1256,01:59:18,pdxassetutil.cpp:1763,pdxmesh [building_special_evenfall_mesh] is out of sync with its meshsettings. [building_special_evenfall_cellsShape] is not in use in file: gfx/models/buildings/special/Evenfall/building_special_evenfall.mesh,Graphics / portrait source error,COW-AGOT: 3D Models & Bigger Castles,gfx/models/buildings/special/Evenfall/building_special_evenfall.mesh,,,
mesh_settings,1257,01:59:18,pdxassetutil.cpp:1763,pdxmesh [building_special_evenfall_mesh] is out of sync with its meshsettings. [fp4_legendary_western_palace_01_aShape] is not in use in file: gfx/models/buildings/special/Evenfall/building_special_evenfall.mesh,Graphics / portrait source error,COW-AGOT: 3D Models & Bigger Castles,gfx/models/buildings/special/Evenfall/building_special_evenfall.mesh,,,
mesh_uv,1258,01:59:18,pdxassetutil.cpp:556,UV-Set: 0 in mesh 'bronze_bell' in file 'gfx/models/buildings/special/seagaurd/building_seagard_01.mesh' has no valid triangle to use when calculating texture streaming factor. Texture streaming needs a triangle with an area.,Graphics / portrait source error,COW-AGOT: 3D Models & Bigger Castles,gfx/models/buildings/special/seagaurd/building_seagard_01.mesh,,,
mesh_uv,1259,01:59:18,pdxassetutil.cpp:556,UV-Set: 0 in mesh 'bellchain' in file 'gfx/models/buildings/special/seagaurd/building_seagard_01.mesh' has no valid triangle to use when calculating texture streaming factor. Texture streaming needs a triangle with an area.,Graphics / portrait source error,COW-AGOT: 3D Models & Bigger Castles,gfx/models/buildings/special/seagaurd/building_seagard_01.mesh,,,
mesh_settings,1260,01:59:18,pdxassetutil.cpp:1763,pdxmesh [building_seagard_01_mesh] is out of sync with its meshsettings. [City] is not in use in file: gfx/models/buildings/special/seagaurd/building_seagard_01.mesh,Graphics / portrait source error,COW-AGOT: 3D Models & Bigger Castles,gfx/models/buildings/special/seagaurd/building_seagard_01.mesh,,,
mesh_settings,1261,01:59:18,pdxassetutil.cpp:1763,pdxmesh [building_seagard_01_mesh] is out of sync with its meshsettings. [building_western_castle_0Shape4] is not in use in file: gfx/models/buildings/special/seagaurd/building_seagard_01.mesh,Graphics / portrait source error,COW-AGOT: 3D Models & Bigger Castles,gfx/models/buildings/special/seagaurd/building_seagard_01.mesh,,,
mesh_settings,1262,01:59:18,pdxassetutil.cpp:1763,pdxmesh [building_seagard_01_mesh] is out of sync with its meshsettings. [western_walls_04_a1Shape] is not in use in file: gfx/models/buildings/special/seagaurd/building_seagard_01.mesh,Graphics / portrait source error,COW-AGOT: 3D Models & Bigger Castles,gfx/models/buildings/special/seagaurd/building_seagard_01.mesh,,,
mesh_settings,1263,01:59:18,pdxassetutil.cpp:1763,pdxmesh [building_seagard_01_mesh] is out of sync with its meshsettings. [western_walls_04_a1Shape1] is not in use in file: gfx/models/buildings/special/seagaurd/building_seagard_01.mesh,Graphics / portrait source error,COW-AGOT: 3D Models & Bigger Castles,gfx/models/buildings/special/seagaurd/building_seagard_01.mesh,,,
mesh_settings,1264,01:59:18,pdxassetutil.cpp:1763,pdxmesh [building_seagard_01_mesh] is out of sync with its meshsettings. [western_walls_04_a1Shape2] is not in use in file: gfx/models/buildings/special/seagaurd/building_seagard_01.mesh,Graphics / portrait source error,COW-AGOT: 3D Models & Bigger Castles,gfx/models/buildings/special/seagaurd/building_seagard_01.mesh,,,
mesh_settings,1265,01:59:18,pdxassetutil.cpp:1763,pdxmesh [building_seagard_01_mesh] is out of sync with its meshsettings. [western_walls_04_a1Shape3] is not in use in file: gfx/models/buildings/special/seagaurd/building_seagard_01.mesh,Graphics / portrait source error,COW-AGOT: 3D Models & Bigger Castles,gfx/models/buildings/special/seagaurd/building_seagard_01.mesh,,,
mesh_settings,1266,01:59:18,pdxassetutil.cpp:1763,pdxmesh [building_seagard_01_mesh] is out of sync with its meshsettings. [pallet] is not in use in file: gfx/models/buildings/special/seagaurd/building_seagard_01.mesh,Graphics / portrait source error,COW-AGOT: 3D Models & Bigger Castles,gfx/models/buildings/special/seagaurd/building_seagard_01.mesh,,,
mesh_settings,1267,01:59:18,pdxassetutil.cpp:1763,pdxmesh [building_seagard_01_mesh] is out of sync with its meshsettings. [lift] is not in use in file: gfx/models/buildings/special/seagaurd/building_seagard_01.mesh,Graphics / portrait source error,COW-AGOT: 3D Models & Bigger Castles,gfx/models/buildings/special/seagaurd/building_seagard_01.mesh,,,
mesh_settings,1268,01:59:18,pdxassetutil.cpp:1763,pdxmesh [building_seagard_01_mesh] is out of sync with its meshsettings. [hillfort_01] is not in use in file: gfx/models/buildings/special/seagaurd/building_seagard_01.mesh,Graphics / portrait source error,COW-AGOT: 3D Models & Bigger Castles,gfx/models/buildings/special/seagaurd/building_seagard_01.mesh,,,
mesh_settings,1269,01:59:18,pdxassetutil.cpp:1763,pdxmesh [building_seagard_01_mesh] is out of sync with its meshsettings. [building_special_stormsend_castle_cliffsShape] is not in use in file: gfx/models/buildings/special/seagaurd/building_seagard_01.mesh,Graphics / portrait source error,COW-AGOT: 3D Models & Bigger Castles,gfx/models/buildings/special/seagaurd/building_seagard_01.mesh,,,
mesh_uv,1270,01:59:18,pdxassetutil.cpp:556,UV-Set: 0 in mesh 'lift' in file 'gfx/models/buildings/special/castamere/castamere_restored.mesh' has no valid triangle to use when calculating texture streaming factor. Texture streaming needs a triangle with an area.,Graphics / portrait source error,COW-AGOT: 3D Models & Bigger Castles,gfx/models/buildings/special/castamere/castamere_restored.mesh,,,
textures,1271,01:59:18,pdxassetutil.cpp:1053,Failed to find texture 'building_backup_atlas_properties.dds',Graphics / portrait source error,,,,,
textures,1272,01:59:18,virtualfilesystem.cpp:456,Could not find texture due to 'VFSOpen Error: gfx/models/buildings/special/castamere/building_backup_atlas_properties.dds not found',Other error,Unresolved file,gfx/models/buildings/special/castamere/building_backup_atlas_properties.dds,,,
textures,1273,01:59:18,pdxassetutil.cpp:1053,Failed to find texture 'building_backup_atlas_normal.dds',Graphics / portrait source error,,,,,
textures,1274,01:59:18,virtualfilesystem.cpp:456,Could not find texture due to 'VFSOpen Error: gfx/models/buildings/special/castamere/building_backup_atlas_normal.dds not found',Other error,Unresolved file,gfx/models/buildings/special/castamere/building_backup_atlas_normal.dds,,,
mesh_uv,1275,01:59:18,pdxassetutil.cpp:556,UV-Set: 0 in mesh 'windmill' in file 'gfx/models/buildings/special/castamere/castamere_restored.mesh' has no valid triangle to use when calculating texture streaming factor. Texture streaming needs a triangle with an area.,Graphics / portrait source error,COW-AGOT: 3D Models & Bigger Castles,gfx/models/buildings/special/castamere/castamere_restored.mesh,,,
textures,1276,01:59:18,pdxassetutil.cpp:1053,Failed to find texture 'building_backup_atlas_properties.dds',Graphics / portrait source error,,,,,
textures,1277,01:59:18,virtualfilesystem.cpp:456,Could not find texture due to 'VFSOpen Error: gfx/models/buildings/special/castamere/building_backup_atlas_properties.dds not found',Other error,Unresolved file,gfx/models/buildings/special/castamere/building_backup_atlas_properties.dds,,,
textures,1278,01:59:18,pdxassetutil.cpp:1053,Failed to find texture 'building_backup_atlas_normal.dds',Graphics / portrait source error,,,,,
textures,1279,01:59:18,virtualfilesystem.cpp:456,Could not find texture due to 'VFSOpen Error: gfx/models/buildings/special/castamere/building_backup_atlas_normal.dds not found',Other error,Unresolved file,gfx/models/buildings/special/castamere/building_backup_atlas_normal.dds,,,
mesh_uv,1280,01:59:18,pdxassetutil.cpp:556,UV-Set: 0 in mesh 'pallet' in file 'gfx/models/buildings/special/castamere/castamere_restored.mesh' has no valid triangle to use when calculating texture streaming factor. Texture streaming needs a triangle with an area.,Graphics / portrait source error,COW-AGOT: 3D Models & Bigger Castles,gfx/models/buildings/special/castamere/castamere_restored.mesh,,,
textures,1281,01:59:18,pdxassetutil.cpp:1053,Failed to find texture 'building_backup_atlas_properties.dds',Graphics / portrait source error,,,,,
textures,1282,01:59:18,virtualfilesystem.cpp:456,Could not find texture due to 'VFSOpen Error: gfx/models/buildings/special/castamere/building_backup_atlas_properties.dds not found',Other error,Unresolved file,gfx/models/buildings/special/castamere/building_backup_atlas_properties.dds,,,
textures,1283,01:59:18,pdxassetutil.cpp:1053,Failed to find texture 'building_backup_atlas_normal.dds',Graphics / portrait source error,,,,,
textures,1284,01:59:18,virtualfilesystem.cpp:456,Could not find texture due to 'VFSOpen Error: gfx/models/buildings/special/castamere/building_backup_atlas_normal.dds not found',Other error,Unresolved file,gfx/models/buildings/special/castamere/building_backup_atlas_normal.dds,,,
mesh_uv,1285,01:59:18,pdxassetutil.cpp:556,UV-Set: 0 in mesh 'building_mediterranean_city_02' in file 'gfx/models/buildings/special/the_arbor/the_arbor.mesh' has no valid triangle to use when calculating texture streaming factor. Texture streaming needs a triangle with an area.,Graphics / portrait source error,COW-AGOT: 3D Models & Bigger Castles,gfx/models/buildings/special/the_arbor/the_arbor.mesh,,,
mesh_uv,1286,01:59:19,pdxassetutil.cpp:556,UV-Set: 1 in mesh 'crag_upper' in file 'gfx/models/buildings/special/crag/crag_level_1.mesh' has no valid triangle to use when calculating texture streaming factor. Texture streaming needs a triangle with an area.,Graphics / portrait source error,COW-AGOT: 3D Models & Bigger Castles,gfx/models/buildings/special/crag/crag_level_1.mesh,,,
mesh_uv,1287,01:59:19,pdxassetutil.cpp:556,UV-Set: 1 in mesh 'crag_upper' in file 'gfx/models/buildings/special/crag/crag_level_1.mesh' has no valid triangle to use when calculating texture streaming factor. Texture streaming needs a triangle with an area.,Graphics / portrait source error,COW-AGOT: 3D Models & Bigger Castles,gfx/models/buildings/special/crag/crag_level_1.mesh,,,
mesh_uv,1288,01:59:19,pdxassetutil.cpp:556,UV-Set: 1 in mesh 'crag_stone_ground' in file 'gfx/models/buildings/special/crag/crag_level_1.mesh' has no valid triangle to use when calculating texture streaming factor. Texture streaming needs a triangle with an area.,Graphics / portrait source error,COW-AGOT: 3D Models & Bigger Castles,gfx/models/buildings/special/crag/crag_level_1.mesh,,,
mesh_uv,1289,01:59:19,pdxassetutil.cpp:556,UV-Set: 1 in mesh 'crag_windows' in file 'gfx/models/buildings/special/crag/crag_level_1.mesh' has no valid triangle to use when calculating texture streaming factor. Texture streaming needs a triangle with an area.,Graphics / portrait source error,COW-AGOT: 3D Models & Bigger Castles,gfx/models/buildings/special/crag/crag_level_1.mesh,,,
mesh_settings,1290,01:59:19,pdxassetutil.cpp:1763,pdxmesh [crag_level_1_mesh] is out of sync with its meshsettings. [lannisport_dgShape] is not in use in file: gfx/models/buildings/special/crag/crag_level_1.mesh,Graphics / portrait source error,COW-AGOT: 3D Models & Bigger Castles,gfx/models/buildings/special/crag/crag_level_1.mesh,,,
mesh_settings,1291,01:59:19,pdxassetutil.cpp:1763,pdxmesh [crag_level_1_mesh] is out of sync with its meshsettings. [lannisport_lkShape] is not in use in file: gfx/models/buildings/special/crag/crag_level_1.mesh,Graphics / portrait source error,COW-AGOT: 3D Models & Bigger Castles,gfx/models/buildings/special/crag/crag_level_1.mesh,,,
mesh_settings,1292,01:59:19,pdxassetutil.cpp:1763,pdxmesh [crag_level_1_mesh] is out of sync with its meshsettings. [lannisport_lpShape] is not in use in file: gfx/models/buildings/special/crag/crag_level_1.mesh,Graphics / portrait source error,COW-AGOT: 3D Models & Bigger Castles,gfx/models/buildings/special/crag/crag_level_1.mesh,,,
mesh_settings,1293,01:59:20,pdxassetutil.cpp:1763,pdxmesh [building_special_duskendale_mesh] is out of sync with its meshsettings. [farm_mediterranean] is not in use in file: gfx/models/buildings/special/duskendale/building_special_duskendale.mesh,Graphics / portrait source error,COW-AGOT: 3D Models & Bigger Castles,gfx/models/buildings/special/duskendale/building_special_duskendale.mesh,,,
mesh_settings,1294,01:59:20,pdxassetutil.cpp:1763,pdxmesh [building_special_duskendale_mesh] is out of sync with its meshsettings. [farm_mediterranean_vines] is not in use in file: gfx/models/buildings/special/duskendale/building_special_duskendale.mesh,Graphics / portrait source error,COW-AGOT: 3D Models & Bigger Castles,gfx/models/buildings/special/duskendale/building_special_duskendale.mesh,,,
mesh_settings,1295,01:59:20,pdxassetutil.cpp:1763,pdxmesh [building_special_duskendale_mesh] is out of sync with its meshsettings. [farm_mediterranean_decal] is not in use in file: gfx/models/buildings/special/duskendale/building_special_duskendale.mesh,Graphics / portrait source error,COW-AGOT: 3D Models & Bigger Castles,gfx/models/buildings/special/duskendale/building_special_duskendale.mesh,,,
mesh_settings,1296,01:59:20,pdxassetutil.cpp:1763,pdxmesh [building_special_duskendale_mesh] is out of sync with its meshsettings. [building_mediterranean_city_02] is not in use in file: gfx/models/buildings/special/duskendale/building_special_duskendale.mesh,Graphics / portrait source error,COW-AGOT: 3D Models & Bigger Castles,gfx/models/buildings/special/duskendale/building_special_duskendale.mesh,,,
mesh_uv,1297,01:59:21,pdxassetutil.cpp:556,UV-Set: 1 in mesh 'dunstonbury_stone_ground' in file 'gfx/models/buildings/special/whitegrove/whitegrove.mesh' has no valid triangle to use when calculating texture streaming factor. Texture streaming needs a triangle with an area.,Graphics / portrait source error,COW-AGOT: 3D Models & Bigger Castles,gfx/models/buildings/special/whitegrove/whitegrove.mesh,,,
mesh_settings,1298,01:59:21,pdxassetutil.cpp:1763,pdxmesh [whitegrove_mesh] is out of sync with its meshsettings. [whitegrove_roof] is not in use in file: gfx/models/buildings/special/whitegrove/whitegrove.mesh,Graphics / portrait source error,COW-AGOT: 3D Models & Bigger Castles,gfx/models/buildings/special/whitegrove/whitegrove.mesh,,,
mesh_settings,1299,01:59:21,pdxassetutil.cpp:1763,pdxmesh [whitegrove_mesh] is out of sync with its meshsettings. [whitegrove_upper] is not in use in file: gfx/models/buildings/special/whitegrove/whitegrove.mesh,Graphics / portrait source error,COW-AGOT: 3D Models & Bigger Castles,gfx/models/buildings/special/whitegrove/whitegrove.mesh,,,
mesh_settings,1300,01:59:21,pdxassetutil.cpp:1763,pdxmesh [whitegrove_mesh] is out of sync with its meshsettings. [whitegrove_stone_ground] is not in use in file: gfx/models/buildings/special/whitegrove/whitegrove.mesh,Graphics / portrait source error,COW-AGOT: 3D Models & Bigger Castles,gfx/models/buildings/special/whitegrove/whitegrove.mesh,,,
mesh_settings,1301,01:59:21,pdxassetutil.cpp:1763,pdxmesh [whitegrove_mesh] is out of sync with its meshsettings. [whitegrove_windows] is not in use in file: gfx/models/buildings/special/whitegrove/whitegrove.mesh,Graphics / portrait source error,COW-AGOT: 3D Models & Bigger Castles,gfx/models/buildings/special/whitegrove/whitegrove.mesh,,,
mesh_uv,1302,01:59:21,pdxassetutil.cpp:556,UV-Set: 2 in mesh 'building_western' in file 'gfx/models/buildings/special/Ten Towers/cow_building_special_ten_towers.mesh' has no valid triangle to use when calculating texture streaming factor. Texture streaming needs a triangle with an area.,Graphics / portrait source error,COW-AGOT: 3D Models & Bigger Castles,gfx/models/buildings/special/Ten Towers/cow_building_special_ten_towers.mesh,,,
mesh_uv,1303,01:59:21,pdxassetutil.cpp:556,UV-Set: 2 in mesh 'celtic_01' in file 'gfx/models/buildings/special/Ten Towers/cow_building_special_ten_towers.mesh' has no valid triangle to use when calculating texture streaming factor. Texture streaming needs a triangle with an area.,Graphics / portrait source error,COW-AGOT: 3D Models & Bigger Castles,gfx/models/buildings/special/Ten Towers/cow_building_special_ten_towers.mesh,,,
mesh_uv,1304,01:59:21,pdxassetutil.cpp:556,UV-Set: 1 in mesh 'dunstonbury_upper' in file 'gfx/models/buildings/special/dunstonbury/dunstonbury.mesh' has no valid triangle to use when calculating texture streaming factor. Texture streaming needs a triangle with an area.,Graphics / portrait source error,COW-AGOT: 3D Models & Bigger Castles,gfx/models/buildings/special/dunstonbury/dunstonbury.mesh,,,
mesh_uv,1305,01:59:21,pdxassetutil.cpp:556,UV-Set: 3 in mesh 'dunstonbury_upper' in file 'gfx/models/buildings/special/dunstonbury/dunstonbury.mesh' has no valid triangle to use when calculating texture streaming factor. Texture streaming needs a triangle with an area.,Graphics / portrait source error,COW-AGOT: 3D Models & Bigger Castles,gfx/models/buildings/special/dunstonbury/dunstonbury.mesh,,,
mesh_uv,1306,01:59:21,pdxassetutil.cpp:2002,"Asset ""gfx/models/buildings/special/dunstonbury/dunstonbury.mesh"" has more than 3 UV channels. This is not supported and will be ignored.",Graphics / portrait source error,COW-AGOT: 3D Models & Bigger Castles,gfx/models/buildings/special/dunstonbury/dunstonbury.mesh,,,
mesh_uv,1307,01:59:21,pdxassetutil.cpp:556,UV-Set: 1 in mesh 'dunstonbury_stone_ground' in file 'gfx/models/buildings/special/dunstonbury/dunstonbury.mesh' has no valid triangle to use when calculating texture streaming factor. Texture streaming needs a triangle with an area.,Graphics / portrait source error,COW-AGOT: 3D Models & Bigger Castles,gfx/models/buildings/special/dunstonbury/dunstonbury.mesh,,,
mesh_uv,1308,01:59:21,pdxassetutil.cpp:556,UV-Set: 1 in mesh 'dunstonbury_windows' in file 'gfx/models/buildings/special/dunstonbury/dunstonbury.mesh' has no valid triangle to use when calculating texture streaming factor. Texture streaming needs a triangle with an area.,Graphics / portrait source error,COW-AGOT: 3D Models & Bigger Castles,gfx/models/buildings/special/dunstonbury/dunstonbury.mesh,,,
entities,1309,01:59:43,pdx_entity.cpp:666,"Failed to find entity ""western_walls_05_entity"" for attachment in",Graphics / portrait source error,,,,,
entities,1310,01:59:43,pdx_entity.cpp:666,"Failed to find entity ""western_walls_06_entity"" for attachment in",Graphics / portrait source error,,,,,
entities,1311,01:59:43,pdx_entity.cpp:666,"Failed to find entity ""western_walls_07_entity"" for attachment in",Graphics / portrait source error,,,,,
entities,1312,01:59:43,pdx_entity.cpp:666,"Failed to find entity ""india_walls_05_entity"" for attachment in",Graphics / portrait source error,,,,,
entities,1313,01:59:43,pdx_entity.cpp:666,"Failed to find entity ""india_walls_06_entity"" for attachment in",Graphics / portrait source error,,,,,
entities,1314,01:59:43,pdx_entity.cpp:666,"Failed to find entity ""india_walls_07_entity"" for attachment in",Graphics / portrait source error,,,,,
entities,1315,01:59:43,pdx_entity.cpp:666,"Failed to find entity ""mediterranean_walls_05_entity"" for attachment in",Graphics / portrait source error,,,,,
entities,1316,01:59:43,pdx_entity.cpp:666,"Failed to find entity ""mediterranean_walls_06_entity"" for attachment in",Graphics / portrait source error,,,,,
entities,1317,01:59:43,pdx_entity.cpp:666,"Failed to find entity ""mediterranean_walls_07_entity"" for attachment in",Graphics / portrait source error,,,,,
entities,1318,01:59:43,pdx_entity.cpp:666,"Failed to find entity ""fp2_building_iberian_wall_05_entity"" for attachment in",Graphics / portrait source error,,,,,
entities,1319,01:59:43,pdx_entity.cpp:666,"Failed to find entity ""fp2_building_iberian_wall_06_entity"" for attachment in",Graphics / portrait source error,,,,,
entities,1320,01:59:43,pdx_entity.cpp:666,"Failed to find entity ""fp2_building_iberian_wall_07_entity"" for attachment in",Graphics / portrait source error,,,,,
entities,1321,01:59:43,pdx_entity.cpp:666,"Failed to find entity ""walls_05_marrakesh_entity"" for attachment in",Graphics / portrait source error,,,,,
entities,1322,01:59:43,pdx_entity.cpp:666,"Failed to find entity ""western_walls_05_paris_entity"" for attachment in",Graphics / portrait source error,,,,,
entities,1323,01:59:43,pdx_entity.cpp:666,"Failed to find entity ""western_walls_07_london_entity"" for attachment in",Graphics / portrait source error,,,,,
entities,1324,01:59:43,pdx_entity.cpp:666,"Failed to find entity ""western_walls_06_london_entity"" for attachment in",Graphics / portrait source error,,,,,
entities,1325,01:59:43,pdx_entity.cpp:666,"Failed to find entity ""western_walls_05_london_entity"" for attachment in",Graphics / portrait source error,,,,,
entities,1326,01:59:43,pdx_entity.cpp:666,"Failed to find entity ""mediterranean_walls_05_thes_entity"" for attachment in",Graphics / portrait source error,,,,,
entities,1327,01:59:43,pdx_entity.cpp:666,"Failed to find entity ""mena_walls_05_entity"" for attachment in",Graphics / portrait source error,,,,,
entities,1328,01:59:43,pdx_entity.cpp:666,"Failed to find entity ""mena_walls_06_entity"" for attachment in",Graphics / portrait source error,,,,,
entities,1329,01:59:43,pdx_entity.cpp:666,"Failed to find entity ""mena_walls_07_entity"" for attachment in",Graphics / portrait source error,,,,,
entities,1330,01:59:43,pdx_entity.cpp:666,"Failed to find entity ""mediterranean_walls_05_genoa_entity"" for attachment in",Graphics / portrait source error,,,,,
entities,1331,01:59:43,pdx_entity.cpp:666,"Failed to find entity ""mediterranean_walls_05_rome_entity"" for attachment in",Graphics / portrait source error,,,,,
entities,1332,01:59:43,pdx_entity.cpp:666,"Failed to find entity ""mediterranean_walls_05_constantinople_entity"" for attachment in",Graphics / portrait source error,,,,,
entities,1333,01:59:44,portraitaccessories.cpp:65,could not find entity [smc_alicent_dress_03_entity] - file: gfx/portraits/accessories/smc_clothing.txt line: 24 (female_clothes_smc_alicent_dress_03),Graphics / portrait source error,AGOT Submod Core,gfx/portraits/accessories/smc_clothing.txt,,,
entities,1334,01:59:44,portraitaccessories.cpp:65,could not find entity [smc_alicent_dress_04_entity] - file: gfx/portraits/accessories/smc_clothing.txt line: 28 (female_clothes_smc_alicent_dress_04),Graphics / portrait source error,AGOT Submod Core,gfx/portraits/accessories/smc_clothing.txt,,,
encoding,1335,01:59:51,lexer.cpp:306,File 'common/scripted_effects/usf_language_effects.txt' should be in utf8-bom encoding (will try to use it anyways),Other error,AGOT Submods | Единые исправления,common/scripted_effects/usf_language_effects.txt,,,
localization,1336,01:59:51,jomini_dynamicdescription.cpp:66,Unrecognized loc key show_notifications_decision_tooltip. show_notifications_decision,Localization / dynamic text error,,,,,
ai_decision,1337,01:59:51,decision_type.cpp:224,show_notifications_decision has 'ai_check_interval'/'ai_check_interval_by_tier' that's negative or unset. Setting to 0 instead,Script / database error,,,,,
dna,1338,01:59:53,portraitcontext.cpp:239,Trying to read gene props_right a second time at file: common/bookmark_portraits/bookmark_299_asha_greyjoy.txt line: 215 (bookmark_299_asha_greyjoy),Graphics / portrait source error,AGOT Bookmarked,common/bookmark_portraits/bookmark_299_asha_greyjoy.txt,,,
dna,1339,01:59:54,portraitcontext.cpp:239,Trying to read gene props_right a second time at file: common/bookmark_portraits/bookmark_99_aurion_varezys.txt line: 211 (bookmark_99_aurion_varezys),Graphics / portrait source error,AGOT Bookmarked,common/bookmark_portraits/bookmark_99_aurion_varezys.txt,,,
scripts,1340,01:59:57,pdx_persistent_reader.cpp:216,"Error: ""Unexpected token: rhoynish_religion_opinion, near line: 1759 (expanded from file: common/buildings/yy_agotcities_special_buildings_westeros.txt line: 1760)"" in file: ""common/buildings/yy_agotcities_special_buildings_westeros.txt"" near line: 1759",Script / database error,AGOT Submods | Единые исправления,common/buildings/yy_agotcities_special_buildings_westeros.txt,,,
scripts,1341,01:59:57,pdx_persistent_reader.cpp:216,"Error: ""Unexpected token: rhoynish_religion_opinion, near line: 1766 (expanded from file: common/buildings/yy_agotcities_special_buildings_westeros.txt line: 1767)"" in file: ""common/buildings/yy_agotcities_special_buildings_westeros.txt"" near line: 1766",Script / database error,AGOT Submods | Единые исправления,common/buildings/yy_agotcities_special_buildings_westeros.txt,,,
scripts,1342,01:59:58,pdx_persistent_reader.cpp:216,"Error: ""Unexpected token: confucian_education_xp_gain_mult, near line: 4047"" in file: ""common/modifiers/DI_modifiers.txt"" near line: 4047",Script / database error,Divine Intervention Cheat Menu,common/modifiers/DI_modifiers.txt,,,
scripts,1343,02:00:01,jomini_script_argument.cpp:227,Compiling source for agot_create_artifact_aegon_i_crown_effect failed for missing arguments: CREATOR. At file: common/scripted_effects/00_agot_artifact_crowns_effects.txt line: 78 (agot_create_artifact_aegon_i_crown_effect),Script / database error,A Game of Thrones,common/scripted_effects/00_agot_artifact_crowns_effects.txt,,,
scripts,1344,02:00:01,jomini_script_argument.cpp:227,Compiling source for agot_create_artifact_aenys_crown_effect failed for missing arguments: CREATOR. At file: common/scripted_effects/00_agot_artifact_crowns_effects.txt line: 228 (agot_create_artifact_aenys_crown_effect),Script / database error,A Game of Thrones,common/scripted_effects/00_agot_artifact_crowns_effects.txt,,,
scripts,1345,02:00:01,jomini_script_argument.cpp:227,Compiling source for agot_create_artifact_jaehaerys_crown_effect failed for missing arguments: CREATOR. At file: common/scripted_effects/00_agot_artifact_crowns_effects.txt line: 314 (agot_create_artifact_jaehaerys_crown_effect),Script / database error,A Game of Thrones,common/scripted_effects/00_agot_artifact_crowns_effects.txt,,,
scripts,1346,02:00:01,jomini_script_argument.cpp:227,Compiling source for agot_create_artifact_aegon_iii_crown_effect failed for missing arguments: CREATOR. At file: common/scripted_effects/00_agot_artifact_crowns_effects.txt line: 434 (agot_create_artifact_aegon_iii_crown_effect),Script / database error,A Game of Thrones,common/scripted_effects/00_agot_artifact_crowns_effects.txt,,,
scripts,1347,02:00:01,jomini_script_argument.cpp:227,Compiling source for agot_create_artifact_baelors_crown_effect failed for missing arguments: CREATOR. At file: common/scripted_effects/00_agot_artifact_crowns_effects.txt line: 498 (agot_create_artifact_baelors_crown_effect),Script / database error,A Game of Thrones,common/scripted_effects/00_agot_artifact_crowns_effects.txt,,,
scripts,1348,02:00:01,jomini_script_argument.cpp:227,Compiling source for agot_create_artifact_aegon_iv_crown_effect failed for missing arguments: CREATOR. At file: common/scripted_effects/00_agot_artifact_crowns_effects.txt line: 594 (agot_create_artifact_aegon_iv_crown_effect),Script / database error,A Game of Thrones,common/scripted_effects/00_agot_artifact_crowns_effects.txt,,,
scripts,1349,02:00:01,jomini_script_argument.cpp:227,Compiling source for agot_create_artifact_maekars_crown_effect failed for missing arguments: CREATOR. At file: common/scripted_effects/00_agot_artifact_crowns_effects.txt line: 672 (agot_create_artifact_maekars_crown_effect),Script / database error,A Game of Thrones,common/scripted_effects/00_agot_artifact_crowns_effects.txt,,,
scripts,1350,02:00:01,jomini_script_argument.cpp:227,Compiling source for agot_create_artifact_visenya_circlet_effect failed for missing arguments: CREATOR. At file: common/scripted_effects/00_agot_artifact_crowns_effects.txt line: 837 (agot_create_artifact_visenya_circlet_effect),Script / database error,A Game of Thrones,common/scripted_effects/00_agot_artifact_crowns_effects.txt,,,
scripts,1351,02:00:02,jomini_eventtarget.cpp:692,Failed to find a valid event target link 'house_Blackfyre' at file: common/scripted_triggers/tgc_loaded_trigger.txt line: 127 (tgc_blackfyre_equipment_trigger),Script / database error,AGOT Submod Core,common/scripted_triggers/tgc_loaded_trigger.txt,,,
accessories,1352,02:00:02,portraitaccessories.cpp:159,"accessory group [legwear:tgc_pants_blackfyre] has an invalid accessory ""male_legwear_captainsPants_blackfyreAlt_01""",Graphics / portrait source error,,,,,
accessories,1353,02:00:02,portraitaccessories.cpp:159,"accessory group [legwear:tgc_pants_blackfyre] has an invalid accessory ""male_legwear_standardPants_blackfyreAlt_01""",Graphics / portrait source error,,,,,
accessories,1354,02:00:02,portraitaccessories.cpp:159,"accessory group [legwear:tgc_pants_blackfyre] has an invalid accessory ""male_legwear_twoSwordsPants_blackfyreAlt_01""",Graphics / portrait source error,,,,,
accessories,1355,02:00:02,portraitaccessories.cpp:159,"accessory group [legwear:tgc_pants_blackfyre] has an invalid accessory ""male_legwear_captainsPants_blackfyreAlt_01""",Graphics / portrait source error,,,,,
accessories,1356,02:00:02,portraitaccessories.cpp:159,"accessory group [legwear:tgc_pants_blackfyre] has an invalid accessory ""male_legwear_standardPants_blackfyreAlt_01""",Graphics / portrait source error,,,,,
accessories,1357,02:00:02,portraitaccessories.cpp:159,"accessory group [legwear:tgc_pants_blackfyre] has an invalid accessory ""male_legwear_twoSwordsPants_blackfyreAlt_01""",Graphics / portrait source error,,,,,
accessories,1358,02:00:02,portraitaccessories.cpp:159,"accessory group [headgear:tgc_helmets] has an invalid accessory ""male_headgear_tgc_helm_blackfyre_01""",Graphics / portrait source error,,,,,
accessories,1359,02:00:02,portraitaccessories.cpp:159,"accessory group [headgear:tgc_helmets] has an invalid accessory ""male_headgear_tgc_helm_blackfyreAlt_01""",Graphics / portrait source error,,,,,
accessories,1360,02:00:02,portraitaccessories.cpp:159,"accessory group [headgear:tgc_helmets] has an invalid accessory ""male_headgear_tgc_helm_blackfyre_02""",Graphics / portrait source error,,,,,
accessories,1361,02:00:02,portraitaccessories.cpp:159,"accessory group [headgear:tgc_helmets] has an invalid accessory ""male_headgear_tgc_helm_blackfyreAlt_02""",Graphics / portrait source error,,,,,
accessories,1362,02:00:02,portraitaccessories.cpp:159,"accessory group [headgear:tgc_helmets] has an invalid accessory ""male_headgear_tgc_helm_blackfyre_03""",Graphics / portrait source error,,,,,
accessories,1363,02:00:02,portraitaccessories.cpp:159,"accessory group [headgear:tgc_helmets] has an invalid accessory ""male_headgear_tgc_helm_blackfyreAlt_03""",Graphics / portrait source error,,,,,
accessories,1364,02:00:02,portraitaccessories.cpp:159,"accessory group [headgear:tgc_helmets] has an invalid accessory ""male_headgear_tgc_helm_blackfyre_01""",Graphics / portrait source error,,,,,
accessories,1365,02:00:02,portraitaccessories.cpp:159,"accessory group [headgear:tgc_helmets] has an invalid accessory ""male_headgear_tgc_helm_blackfyreAlt_01""",Graphics / portrait source error,,,,,
accessories,1366,02:00:02,portraitaccessories.cpp:159,"accessory group [headgear:tgc_helmets] has an invalid accessory ""male_headgear_tgc_helm_blackfyre_02""",Graphics / portrait source error,,,,,
accessories,1367,02:00:02,portraitaccessories.cpp:159,"accessory group [headgear:tgc_helmets] has an invalid accessory ""male_headgear_tgc_helm_blackfyreAlt_02""",Graphics / portrait source error,,,,,
accessories,1368,02:00:02,portraitaccessories.cpp:159,"accessory group [headgear:tgc_helmets] has an invalid accessory ""male_headgear_tgc_helm_blackfyre_03""",Graphics / portrait source error,,,,,
accessories,1369,02:00:02,portraitaccessories.cpp:159,"accessory group [headgear:tgc_helmets] has an invalid accessory ""male_headgear_tgc_helm_blackfyreAlt_03""",Graphics / portrait source error,,,,,
accessories,1370,02:00:02,portraitaccessories.cpp:159,"accessory group [clothes:brightboar_swordsman_armour] has an invalid accessory ""male_clothes_secular_brightboar_swordsman""",Graphics / portrait source error,,,,,
accessories,1371,02:00:02,portraitaccessories.cpp:159,"accessory group [clothes:brightboar_swordsman_armour] has an invalid accessory ""female_clothes_secular_brightboar_swordsman""",Graphics / portrait source error,,,,,
accessories,1372,02:00:02,portraitaccessories.cpp:159,"accessory group [clothes:brightboar_swordsman_armour] has an invalid accessory ""male_clothes_secular_brightboar_swordsman""",Graphics / portrait source error,,,,,
accessories,1373,02:00:02,portraitaccessories.cpp:159,"accessory group [clothes:brightboar_swordsman_armour] has an invalid accessory ""female_clothes_secular_brightboar_swordsman""",Graphics / portrait source error,,,,,
accessories,1374,02:00:02,portraitaccessories.cpp:159,"accessory group [clothes:golden_company_armor_blackfyre] has an invalid accessory ""male_clothes_captainsArmor_blackfyreAlt_01""",Graphics / portrait source error,,,,,
accessories,1375,02:00:02,portraitaccessories.cpp:159,"accessory group [clothes:golden_company_armor_blackfyre] has an invalid accessory ""male_clothes_captainsArmorMetal_blackfyreAlt_01""",Graphics / portrait source error,,,,,
accessories,1376,02:00:02,portraitaccessories.cpp:159,"accessory group [clothes:golden_company_armor_blackfyre] has an invalid accessory ""male_clothes_ornateVest_blackfyreAlt_01""",Graphics / portrait source error,,,,,
accessories,1377,02:00:02,portraitaccessories.cpp:159,"accessory group [clothes:golden_company_armor_blackfyre] has an invalid accessory ""male_clothes_standardVest_blackfyreAlt_01""",Graphics / portrait source error,,,,,
accessories,1378,02:00:02,portraitaccessories.cpp:159,"accessory group [clothes:golden_company_armor_blackfyre] has an invalid accessory ""male_clothes_platedVest_blackfyreAlt_01""",Graphics / portrait source error,,,,,
accessories,1379,02:00:02,portraitaccessories.cpp:159,"accessory group [clothes:golden_company_armor_blackfyre] has an invalid accessory ""male_clothes_captainsArmor_blackfyreAlt_01""",Graphics / portrait source error,,,,,
accessories,1380,02:00:02,portraitaccessories.cpp:159,"accessory group [clothes:golden_company_armor_blackfyre] has an invalid accessory ""male_clothes_captainsArmorMetal_blackfyreAlt_01""",Graphics / portrait source error,,,,,
accessories,1381,02:00:02,portraitaccessories.cpp:159,"accessory group [clothes:golden_company_armor_blackfyre] has an invalid accessory ""male_clothes_ornateVest_blackfyreAlt_01""",Graphics / portrait source error,,,,,
accessories,1382,02:00:02,portraitaccessories.cpp:159,"accessory group [clothes:golden_company_armor_blackfyre] has an invalid accessory ""male_clothes_standardVest_blackfyreAlt_01""",Graphics / portrait source error,,,,,
accessories,1383,02:00:02,portraitaccessories.cpp:159,"accessory group [clothes:golden_company_armor_blackfyre] has an invalid accessory ""male_clothes_platedVest_blackfyreAlt_01""",Graphics / portrait source error,,,,,
rule_references,1384,02:00:02,pdx_persistent_reader.cpp:216,"Error: ""Failed to read key reference: 1453_end_date: 1453_end_date, near line: 3
Failed to read key reference: rhomaion_name_of_byzantium: rhomaion_name_of_byzantium, near line: 3
Failed to read key reference: default_mongol_invasion: default_mongol_invasion, near line: 3
Failed to read key reference: random_ruler_placement_off: random_ruler_placement_off, near line: 3
Failed to read key reference: launch_historical: launch_historical, near line: 3
Failed to read key reference: fp1_scandi_adventurers_apocalyptic: fp1_scandi_adventurers_apocalyptic, near line: 3
Failed to read key reference: dissolution_after_caliph_death: dissolution_after_caliph_death, near line: 3
Failed to read key reference: default_seljuk_invasion: default_seljuk_invasion, near line: 3
Failed to read key reference: situation_the_great_steppe_toggle_on: situation_the_great_steppe_toggle_on, near line: 3
Failed to read key reference: struggle_iberia_toggle_on: struggle_iberia_toggle_on, near line: 3
Failed to read key reference: struggle_persia_toggle_on: struggle_persia_toggle_on, near line: 3
Failed to read key reference: historicity_ruler_of_munster_historical_toirdelbach: historicity_ruler_of_munster_historical_toirdelbach, near line: 3
Failed to read key reference: historicity_norman_conquest_default_random: historicity_norman_conquest_default_random, near line: 3
Failed to read key reference: tibet_nomad_region_on: tibet_nomad_region_on, near line: 3
Failed to read key reference: sami_nomad_region_on: sami_nomad_region_on, near line: 3
Failed to read key reference: arabia_nomad_region_on: arabia_nomad_region_on, near line: 3
Failed to read key reference: sahel_nomad_region_on: sahel_nomad_region_on, near line: 3
Failed to read key reference: horn_of_africa_nomad_region_on: horn_of_africa_nomad_region_on, near line: 3
Failed to read key reference: historicity_extra_admin_egypt_gameplay_not_administrative: historicity_extra_admin_egypt_gameplay_not_administrative, near line: 3
Failed to read key reference: historicity_extra_admin_arabia_gameplay_not_administrative: historicity_extra_admin_arabia_gameplay_not_administrative, near line: 3
Failed to read key reference: historicity_extra_admin_ghana_gameplay_not_administrative: historicity_extra_admin_ghana_gameplay_not_administrative, near line: 3
Failed to read key reference: historicity_extra_admin_kabulistan_gameplay_not_administrative: historicity_extra_admin_kabulistan_gameplay_not_administrative, near line: 3
Failed to read key reference: historicity_extra_admin_persia_gameplay_not_administrative: historicity_extra_admin_persia_gameplay_not_administrative, near line: 3
Failed to read key reference: historicity_extra_admin_maghreb_gameplay_not_administrative: historicity_extra_admin_maghreb_gameplay_not_administrative, near line: 3
Failed to read key reference: historicity_extra_admin_tamilakam_gameplay_not_administrative: historicity_extra_admin_tamilakam_gameplay_not_administrative, near line: 3
Failed to read key reference: historicity_extra_admin_carolingians_gameplay_not_administrative: historicity_extra_admin_carolingians_gameplay_not_administrative, near line: 3
Failed to read key reference: historicity_extra_admin_player_wherever_gameplay_not_administrative: historicity_extra_admin_player_wherever_gameplay_not_administrative, near line: 3
Failed to read key reference: historicity_frankokratia_fourth_crusade: historicity_frankokratia_fourth_crusade, near line: 3
Failed to read key reference: silk_road_starting_innovations_preset: silk_road_starting_innovations_preset, near line: 3
Failed to read key reference: ACR_RE_tradition_slots_plus_95: ACR_RE_tradition_slots_plus_95, near line: 3
Failed to read key reference: ACR_RE_tradition_cost_free: ACR_RE_tradition_cost_free, near line: 3
Failed to read key reference: ACR_RE_tradition_cooldown_none: ACR_RE_tradition_cooldown_none, near line: 3
Failed to read key reference: ACR_RE_truce_duration_5: ACR_RE_truce_duration_5, near line: 3
Failed to read key reference: ACR_RE_truce_scope_player_primary: ACR_RE_truce_scope_player_primary, near line: 3
Failed to read key reference: ACR_RE_council_task_speed_1_month: ACR_RE_council_task_speed_1_month, near line: 3
Failed to read key reference: HM_RE_rule_player_free_functions_enabled: HM_RE_rule_player_free_functions_enabled, near line: 3
Failed to read key reference: HM_RE_rule_change_holding_type_cost_very_cheap: HM_RE_rule_change_holding_type_cost_very_cheap, near line: 3
Failed to read key reference: HM_RE_rule_change_holding_type_cooldown_very_short: HM_RE_rule_change_holding_type_cooldown_very_short, near line: 3
Failed to read key reference: HM_RE_rule_can_replace_buildings_vassals: HM_RE_rule_can_replace_buildings_vassals, near line: 3
Failed to read key reference: HM_RE_rule_can_feudalize_holdings_vassals: HM_RE_rule_can_feudalize_holdings_vassals, near line: 3
Failed to read key reference: HM_RE_value_construct_buildings_gold_cost_cap_very_cheap: HM_RE_value_construct_buildings_gold_cost_cap_very_cheap, near line: 3
Failed to read key reference: HM_RE_rule_player_extra_slots_enabled: HM_RE_rule_player_extra_slots_enabled, near line: 3
Failed to read key reference: HM_RE_rule_player_slot_base_cost_very_cheap: HM_RE_rule_player_slot_base_cost_very_cheap, near line: 3
Failed to read key reference: HM_RE_rule_player_slot_step_cost_very_cheap: HM_RE_rule_player_slot_step_cost_very_cheap, near line: 3
Failed to read key reference: HM_RE_rule_construction_time_cost_free: HM_RE_rule_construction_time_cost_free, near line: 3
Failed to read key reference: HM_RE_build_all_button_on: HM_RE_build_all_button_on, near line: 3
Failed to read key reference: HM_RE_upgrade_all_button_on: HM_RE_upgrade_all_button_on, near line: 3
Failed to read key reference: HM_RE_make_nomad_button_on: HM_RE_make_nomad_button_on, near line: 3
Failed to read key reference: HM_RE_make_temple_citadel_button_on: HM_RE_make_temple_citadel_button_on, near line: 3
Failed to read key reference: HM_RE_player_add_slots_decision_on: HM_RE_player_add_slots_decision_on, near line: 3
Failed to read key reference: HM_RE_player_add_slots_decision_base_cost_very_cheap: HM_RE_player_add_slots_decision_base_cost_very_cheap, near line: 3
Failed to read key reference: HM_RE_player_cost_gold: HM_RE_player_cost_gold, near line: 3
Failed to read key reference: HM_RE_rule_ai_extra_slots_disabled: HM_RE_rule_ai_extra_slots_disabled, near line: 3
Failed to read key reference: HM_RE_rule_ai_slot_base_cost_very_expensive: HM_RE_rule_ai_slot_base_cost_very_expensive, near line: 3
Failed to read key reference: HM_RE_rule_ai_slot_step_cost_very_expensive: HM_RE_rule_ai_slot_step_cost_very_expensive, near line: 3"" in file: """" near line: 3",Script / database error,,,,,
rule_references,1439,02:00:02,pdx_persistent_reader.cpp:216,"Error: ""Failed to read key reference: 1453_end_date: 1453_end_date, near line: 8
Failed to read key reference: rhomaion_name_of_byzantium: rhomaion_name_of_byzantium, near line: 8
Failed to read key reference: default_mongol_invasion: default_mongol_invasion, near line: 8
Failed to read key reference: random_ruler_placement_off: random_ruler_placement_off, near line: 8
Failed to read key reference: launch_historical: launch_historical, near line: 8
Failed to read key reference: fp1_scandi_adventurers_apocalyptic: fp1_scandi_adventurers_apocalyptic, near line: 8
Failed to read key reference: dissolution_after_caliph_death: dissolution_after_caliph_death, near line: 8
Failed to read key reference: default_seljuk_invasion: default_seljuk_invasion, near line: 8
Failed to read key reference: situation_the_great_steppe_toggle_on: situation_the_great_steppe_toggle_on, near line: 8
Failed to read key reference: struggle_iberia_toggle_on: struggle_iberia_toggle_on, near line: 8
Failed to read key reference: struggle_persia_toggle_on: struggle_persia_toggle_on, near line: 8
Failed to read key reference: historicity_ruler_of_munster_historical_toirdelbach: historicity_ruler_of_munster_historical_toirdelbach, near line: 8
Failed to read key reference: historicity_norman_conquest_default_random: historicity_norman_conquest_default_random, near line: 8
Failed to read key reference: tibet_nomad_region_on: tibet_nomad_region_on, near line: 8
Failed to read key reference: sami_nomad_region_on: sami_nomad_region_on, near line: 8
Failed to read key reference: arabia_nomad_region_on: arabia_nomad_region_on, near line: 8
Failed to read key reference: sahel_nomad_region_on: sahel_nomad_region_on, near line: 8
Failed to read key reference: horn_of_africa_nomad_region_on: horn_of_africa_nomad_region_on, near line: 8
Failed to read key reference: historicity_extra_admin_egypt_gameplay_not_administrative: historicity_extra_admin_egypt_gameplay_not_administrative, near line: 8
Failed to read key reference: historicity_extra_admin_arabia_gameplay_not_administrative: historicity_extra_admin_arabia_gameplay_not_administrative, near line: 8
Failed to read key reference: historicity_extra_admin_ghana_gameplay_not_administrative: historicity_extra_admin_ghana_gameplay_not_administrative, near line: 8
Failed to read key reference: historicity_extra_admin_kabulistan_gameplay_not_administrative: historicity_extra_admin_kabulistan_gameplay_not_administrative, near line: 8
Failed to read key reference: historicity_extra_admin_persia_gameplay_not_administrative: historicity_extra_admin_persia_gameplay_not_administrative, near line: 8
Failed to read key reference: historicity_extra_admin_maghreb_gameplay_not_administrative: historicity_extra_admin_maghreb_gameplay_not_administrative, near line: 8
Failed to read key reference: historicity_extra_admin_tamilakam_gameplay_not_administrative: historicity_extra_admin_tamilakam_gameplay_not_administrative, near line: 8
Failed to read key reference: historicity_extra_admin_carolingians_gameplay_not_administrative: historicity_extra_admin_carolingians_gameplay_not_administrative, near line: 8
Failed to read key reference: historicity_extra_admin_player_wherever_gameplay_not_administrative: historicity_extra_admin_player_wherever_gameplay_not_administrative, near line: 8
Failed to read key reference: historicity_frankokratia_fourth_crusade: historicity_frankokratia_fourth_crusade, near line: 8
Failed to read key reference: silk_road_starting_innovations_preset: silk_road_starting_innovations_preset, near line: 8
Failed to read key reference: ACR_RE_tradition_slots_plus_95: ACR_RE_tradition_slots_plus_95, near line: 8
Failed to read key reference: ACR_RE_tradition_cost_free: ACR_RE_tradition_cost_free, near line: 8
Failed to read key reference: ACR_RE_tradition_cooldown_none: ACR_RE_tradition_cooldown_none, near line: 8
Failed to read key reference: ACR_RE_truce_duration_5: ACR_RE_truce_duration_5, near line: 8
Failed to read key reference: ACR_RE_truce_scope_player_primary: ACR_RE_truce_scope_player_primary, near line: 8
Failed to read key reference: ACR_RE_council_task_speed_1_month: ACR_RE_council_task_speed_1_month, near line: 8
Failed to read key reference: HM_RE_rule_player_free_functions_enabled: HM_RE_rule_player_free_functions_enabled, near line: 8
Failed to read key reference: HM_RE_rule_change_holding_type_cost_very_cheap: HM_RE_rule_change_holding_type_cost_very_cheap, near line: 8
Failed to read key reference: HM_RE_rule_change_holding_type_cooldown_very_short: HM_RE_rule_change_holding_type_cooldown_very_short, near line: 8
Failed to read key reference: HM_RE_rule_can_replace_buildings_vassals: HM_RE_rule_can_replace_buildings_vassals, near line: 8
Failed to read key reference: HM_RE_rule_can_feudalize_holdings_vassals: HM_RE_rule_can_feudalize_holdings_vassals, near line: 8
Failed to read key reference: HM_RE_value_construct_buildings_gold_cost_cap_very_cheap: HM_RE_value_construct_buildings_gold_cost_cap_very_cheap, near line: 8
Failed to read key reference: HM_RE_rule_player_extra_slots_enabled: HM_RE_rule_player_extra_slots_enabled, near line: 8
Failed to read key reference: HM_RE_rule_player_slot_base_cost_very_cheap: HM_RE_rule_player_slot_base_cost_very_cheap, near line: 8
Failed to read key reference: HM_RE_rule_player_slot_step_cost_very_cheap: HM_RE_rule_player_slot_step_cost_very_cheap, near line: 8
Failed to read key reference: HM_RE_rule_construction_time_cost_free: HM_RE_rule_construction_time_cost_free, near line: 8
Failed to read key reference: HM_RE_build_all_button_on: HM_RE_build_all_button_on, near line: 8
Failed to read key reference: HM_RE_upgrade_all_button_on: HM_RE_upgrade_all_button_on, near line: 8
Failed to read key reference: HM_RE_make_nomad_button_on: HM_RE_make_nomad_button_on, near line: 8
Failed to read key reference: HM_RE_make_temple_citadel_button_on: HM_RE_make_temple_citadel_button_on, near line: 8
Failed to read key reference: HM_RE_player_add_slots_decision_on: HM_RE_player_add_slots_decision_on, near line: 8
Failed to read key reference: HM_RE_player_add_slots_decision_base_cost_very_cheap: HM_RE_player_add_slots_decision_base_cost_very_cheap, near line: 8
Failed to read key reference: HM_RE_player_cost_gold: HM_RE_player_cost_gold, near line: 8
Failed to read key reference: HM_RE_rule_ai_extra_slots_disabled: HM_RE_rule_ai_extra_slots_disabled, near line: 8
Failed to read key reference: HM_RE_rule_ai_slot_base_cost_very_expensive: HM_RE_rule_ai_slot_base_cost_very_expensive, near line: 8
Failed to read key reference: HM_RE_rule_ai_slot_step_cost_very_expensive: HM_RE_rule_ai_slot_step_cost_very_expensive, near line: 8"" in file: """" near line: 8",Script / database error,,,,,
modifiers,1494,02:00:04,opinion_modifier.cpp:83,Modifier 'funded_my_expedition' shouldn't have a duration and monthly_change at the same time!,Script / database error,,,,,
modifiers,1495,02:00:04,opinion_modifier.cpp:83,Modifier 'sent_relative_to_valyria' shouldn't have a duration and monthly_change at the same time!,Script / database error,,,,,
localization,1496,02:00:04,artifact_feature.cpp:33,Missing loc key 'feature_dragon_whip_black',Script / database error,,,,,
localization,1497,02:00:04,artifact_feature.cpp:33,Missing loc key 'feature_dragon_whip_silver',Script / database error,,,,,
localization,1498,02:00:04,artifact_feature.cpp:33,Missing loc key 'feature_dragon_whip_bronze',Script / database error,,,,,
history,1499,02:00:04,title_links.cpp:214,Failed to fetch a valid landed title 'e_hre' at location 'file: common/scripted_guis/DI_char_editor_present_sgui.txt line: 1589 (DI_ce_female_dominated:effect)',History / title / faith reference error,Divine Intervention Cheat Menu,common/scripted_guis/DI_char_editor_present_sgui.txt,,,
history,1500,02:00:04,title_links.cpp:214,Failed to fetch a valid landed title 'e_hre' at location 'file: common/character_interactions/DI_character_interaction.txt line: 4622 (DI_change_succession:on_accept)',History / title / faith reference error,Divine Intervention Cheat Menu,common/character_interactions/DI_character_interaction.txt,,,
history,1501,02:00:04,title_links.cpp:214,Failed to fetch a valid landed title 'e_hre' at location 'file: common/character_interactions/DI_character_interaction.txt line: 4624 (DI_change_succession:on_accept)',History / title / faith reference error,Divine Intervention Cheat Menu,common/character_interactions/DI_character_interaction.txt,,,
history,1502,02:00:04,title_links.cpp:214,Failed to fetch a valid landed title 'e_hre' at location 'file: common/character_interactions/DI_character_interaction.txt line: 4637 (DI_change_succession:on_accept)',History / title / faith reference error,Divine Intervention Cheat Menu,common/character_interactions/DI_character_interaction.txt,,,
history,1503,02:00:04,title_links.cpp:214,Failed to fetch a valid landed title 'e_hre' at location 'file: common/character_interactions/DI_character_interaction.txt line: 4639 (DI_change_succession:on_accept)',History / title / faith reference error,Divine Intervention Cheat Menu,common/character_interactions/DI_character_interaction.txt,,,
history,1504,02:00:04,title_links.cpp:214,Failed to fetch a valid landed title 'b_graced_castle' at location 'file: common/on_action/cowagot_province_on_actions.txt line: 242 (set_provinces_on_actions)',History / title / faith reference error,AGOT Submods | Единые исправления,common/on_action/cowagot_province_on_actions.txt,,,
history,1505,02:00:04,title_links.cpp:214,Failed to fetch a valid landed title 'b_cheesemonger_manse' at location 'file: common/on_action/cowagot_province_on_actions.txt line: 246 (set_provinces_on_actions)',History / title / faith reference error,AGOT Submods | Единые исправления,common/on_action/cowagot_province_on_actions.txt,,,
scripts,1506,02:00:04,jomini_eventtarget.h:291,Failed to find 'varangian' from database for link 'trait' at file: common/scripted_effects/DI_char_spawner_effects.txt line: 1232 (DI_akolouthos_traits_effect),Script / database error,Divine Intervention Cheat Menu,common/scripted_effects/DI_char_spawner_effects.txt,,,
scripts,1507,02:00:04,jomini_eventmanager.cpp:119,'agot_cities.5000' does not have a valid namespace,Script / database error,,,,,
scripts,1508,02:00:04,jomini_script_system.cpp:303,"Script system error!
  Error: trigger_event effect [ Event [agot_cities.5000] not found ]
  Script location: file: common/buildings/yy_agotcities_special_buildings_westeros.txt line: 1826 (planky_town_special:on_complete)",Script / database error,AGOT Submods | Единые исправления,common/buildings/yy_agotcities_special_buildings_westeros.txt,,,
scripts,1512,02:00:04,jomini_eventmanager.cpp:119,'agot_cities.5000' does not have a valid namespace,Script / database error,,,,,
scripts,1513,02:00:04,jomini_script_system.cpp:303,"Script system error!
  Error: trigger_event effect [ Event [agot_cities.5000] not found ]
  Script location: file: common/buildings/yy_agotcities_special_buildings_westeros.txt line: 1992 (agot_castamere_03:on_complete)",Script / database error,AGOT Submods | Единые исправления,common/buildings/yy_agotcities_special_buildings_westeros.txt,,,
scripts,1517,02:00:04,jomini_eventmanager.cpp:119,'agot_cities.5000' does not have a valid namespace,Script / database error,,,,,
scripts,1518,02:00:04,jomini_script_system.cpp:303,"Script system error!
  Error: trigger_event effect [ Event [agot_cities.5000] not found ]
  Script location: file: common/buildings/yy_agotcities_special_buildings_westeros.txt line: 2294 (24castamere_03:on_complete)",Script / database error,AGOT Submods | Единые исправления,common/buildings/yy_agotcities_special_buildings_westeros.txt,,,
scripts,1522,02:00:04,jomini_script_system.cpp:303,"Script system error!
  Error: add_innovation effect [ target: Not found in database class CCultureInnovationTypeDatabase ]
  Script location: file: common/character_interactions/DI_character_interaction.txt line: 4616 (DI_change_succession:on_accept)",Script / database error,Divine Intervention Cheat Menu,common/character_interactions/DI_character_interaction.txt,,,
scripts,1526,02:00:04,jomini_effect.cpp:139,PostValidate of effect 'add_innovation' returned false at file: common/character_interactions/DI_character_interaction.txt line: 4616 (DI_change_succession:on_accept),Script / database error,Divine Intervention Cheat Menu,common/character_interactions/DI_character_interaction.txt,,,
scripts,1527,02:00:04,jomini_script_system.cpp:303,"Script system error!
  Error: add_innovation effect [ target: Not found in database class CCultureInnovationTypeDatabase ]
  Script location: file: common/character_interactions/DI_character_interaction.txt line: 4631 (DI_change_succession:on_accept)",Script / database error,Divine Intervention Cheat Menu,common/character_interactions/DI_character_interaction.txt,,,
scripts,1531,02:00:04,jomini_effect.cpp:139,PostValidate of effect 'add_innovation' returned false at file: common/character_interactions/DI_character_interaction.txt line: 4631 (DI_change_succession:on_accept),Script / database error,Divine Intervention Cheat Menu,common/character_interactions/DI_character_interaction.txt,,,
scripts,1532,02:00:04,jomini_script_system.cpp:303,"Script system error!
  Error: add_special_building_slot effect [ Invalid database object 'harlaw_mines_01' ]
  Script location: file: common/on_action/cowagot_province_on_actions.txt line: 334 (harlaw_building_check_on_actions)",Script / database error,AGOT Submods | Единые исправления,common/on_action/cowagot_province_on_actions.txt,,,
scripts,1536,02:00:04,jomini_effect.cpp:139,PostValidate of effect 'add_special_building_slot' returned false at file: common/on_action/cowagot_province_on_actions.txt line: 334 (harlaw_building_check_on_actions),Script / database error,AGOT Submods | Единые исправления,common/on_action/cowagot_province_on_actions.txt,,,
scripts,1537,02:00:04,jomini_script_system.cpp:303,"Script system error!
  Error: has_game_rule trigger [ Invalid database object 'show_armor_enabled' ]
  Script location: file: gfx/portraits/portrait_modifiers/01_cloaks_base.txt line: 1333 (cloaks:weight)",Script / database error,AGOT Submod Core,gfx/portraits/portrait_modifiers/01_cloaks_base.txt,,,
scripts,1541,02:00:04,jomini_trigger.cpp:243,PostValidate of trigger 'has_game_rule' returned false at file: gfx/portraits/portrait_modifiers/01_cloaks_base.txt line: 1333 (cloaks:weight),Script / database error,AGOT Submod Core,gfx/portraits/portrait_modifiers/01_cloaks_base.txt,,,
scripts,1542,02:00:04,jomini_script_system.cpp:303,"Script system error!
  Error: has_game_rule trigger [ Invalid database object 'show_armor_enabled' ]
  Script location: file: gfx/portraits/portrait_modifiers/01_cloaks_base.txt line: 1338 (cloaks:weight)",Script / database error,AGOT Submod Core,gfx/portraits/portrait_modifiers/01_cloaks_base.txt,,,
scripts,1546,02:00:04,jomini_trigger.cpp:243,PostValidate of trigger 'has_game_rule' returned false at file: gfx/portraits/portrait_modifiers/01_cloaks_base.txt line: 1338 (cloaks:weight),Script / database error,AGOT Submod Core,gfx/portraits/portrait_modifiers/01_cloaks_base.txt,,,
scripts,1547,02:00:04,jomini_script_system.cpp:303,"Script system error!
  Error: has_game_rule trigger [ Invalid database object 'show_armor_enabled' ]
  Script location: file: gfx/portraits/portrait_modifiers/01_cloaks_base.txt line: 1642 (cloaks:weight)",Script / database error,AGOT Submod Core,gfx/portraits/portrait_modifiers/01_cloaks_base.txt,,,
scripts,1551,02:00:04,jomini_trigger.cpp:243,PostValidate of trigger 'has_game_rule' returned false at file: gfx/portraits/portrait_modifiers/01_cloaks_base.txt line: 1642 (cloaks:weight),Script / database error,AGOT Submod Core,gfx/portraits/portrait_modifiers/01_cloaks_base.txt,,,
scripts,1552,02:00:04,jomini_script_system.cpp:303,"Script system error!
  Error: has_game_rule trigger [ Invalid database object 'show_armor_enabled' ]
  Script location: file: gfx/portraits/portrait_modifiers/01_cloaks_base.txt line: 1684 (cloaks:weight)",Script / database error,AGOT Submod Core,gfx/portraits/portrait_modifiers/01_cloaks_base.txt,,,
scripts,1556,02:00:04,jomini_trigger.cpp:243,PostValidate of trigger 'has_game_rule' returned false at file: gfx/portraits/portrait_modifiers/01_cloaks_base.txt line: 1684 (cloaks:weight),Script / database error,AGOT Submod Core,gfx/portraits/portrait_modifiers/01_cloaks_base.txt,,,
scripts,1557,02:00:04,jomini_script_system.cpp:303,"Script system error!
  Error: has_game_rule trigger [ Invalid database object 'show_armor_enabled' ]
  Script location: file: gfx/portraits/portrait_modifiers/01_legwear_base.txt line: 871 (legwear:weight)",Script / database error,AGOT Submod Core,gfx/portraits/portrait_modifiers/01_legwear_base.txt,,,
scripts,1561,02:00:04,jomini_trigger.cpp:243,PostValidate of trigger 'has_game_rule' returned false at file: gfx/portraits/portrait_modifiers/01_legwear_base.txt line: 871 (legwear:weight),Script / database error,AGOT Submod Core,gfx/portraits/portrait_modifiers/01_legwear_base.txt,,,
scripts,1562,02:00:04,jomini_script_system.cpp:303,"Script system error!
  Error: has_game_rule trigger [ Invalid database object 'show_armor_enabled' ]
  Script location: file: gfx/portraits/portrait_modifiers/01_legwear_base.txt line: 898 (legwear:weight)",Script / database error,AGOT Submod Core,gfx/portraits/portrait_modifiers/01_legwear_base.txt,,,
scripts,1566,02:00:04,jomini_trigger.cpp:243,PostValidate of trigger 'has_game_rule' returned false at file: gfx/portraits/portrait_modifiers/01_legwear_base.txt line: 898 (legwear:weight),Script / database error,AGOT Submod Core,gfx/portraits/portrait_modifiers/01_legwear_base.txt,,,
scripts,1567,02:00:04,jomini_script_system.cpp:303,"Script system error!
  Error: has_game_rule trigger [ Invalid database object 'show_armor_enabled' ]
  Script location: file: gfx/portraits/portrait_modifiers/01_legwear_base.txt line: 937 (legwear:weight)",Script / database error,AGOT Submod Core,gfx/portraits/portrait_modifiers/01_legwear_base.txt,,,
scripts,1571,02:00:04,jomini_trigger.cpp:243,PostValidate of trigger 'has_game_rule' returned false at file: gfx/portraits/portrait_modifiers/01_legwear_base.txt line: 937 (legwear:weight),Script / database error,AGOT Submod Core,gfx/portraits/portrait_modifiers/01_legwear_base.txt,,,
scripts,1572,02:00:04,jomini_script_system.cpp:303,"Script system error!
  Error: has_game_rule trigger [ Invalid database object 'show_armor_enabled' ]
  Script location: file: gfx/portraits/portrait_modifiers/05_clothes_situational.txt line: 616 (clothes_situational:weight)",Script / database error,AGOT Submod Core,gfx/portraits/portrait_modifiers/05_clothes_situational.txt,,,
scripts,1576,02:00:04,jomini_trigger.cpp:243,PostValidate of trigger 'has_game_rule' returned false at file: gfx/portraits/portrait_modifiers/05_clothes_situational.txt line: 616 (clothes_situational:weight),Script / database error,AGOT Submod Core,gfx/portraits/portrait_modifiers/05_clothes_situational.txt,,,
scripts,1577,02:00:04,jomini_script_system.cpp:303,"Script system error!
  Error: has_game_rule trigger [ Invalid database object 'show_armor_enabled' ]
  Script location: file: gfx/portraits/portrait_modifiers/05_clothes_situational.txt line: 1062 (clothes_situational:weight)",Script / database error,AGOT Submod Core,gfx/portraits/portrait_modifiers/05_clothes_situational.txt,,,
scripts,1581,02:00:04,jomini_trigger.cpp:243,PostValidate of trigger 'has_game_rule' returned false at file: gfx/portraits/portrait_modifiers/05_clothes_situational.txt line: 1062 (clothes_situational:weight),Script / database error,AGOT Submod Core,gfx/portraits/portrait_modifiers/05_clothes_situational.txt,,,
scripts,1582,02:00:04,jomini_script_system.cpp:303,"Script system error!
  Error: has_game_rule trigger [ Invalid database object 'show_armor_enabled' ]
  Script location: file: gfx/portraits/portrait_modifiers/05_clothes_situational.txt line: 1109 (clothes_situational:weight)",Script / database error,AGOT Submod Core,gfx/portraits/portrait_modifiers/05_clothes_situational.txt,,,
scripts,1586,02:00:04,jomini_trigger.cpp:243,PostValidate of trigger 'has_game_rule' returned false at file: gfx/portraits/portrait_modifiers/05_clothes_situational.txt line: 1109 (clothes_situational:weight),Script / database error,AGOT Submod Core,gfx/portraits/portrait_modifiers/05_clothes_situational.txt,,,
scripts,1587,02:00:04,jomini_script_system.cpp:303,"Script system error!
  Error: has_game_rule trigger [ Invalid database object 'show_armor_enabled' ]
  Script location: file: gfx/portraits/portrait_modifiers/05_clothes_situational.txt line: 1158 (clothes_situational:weight)",Script / database error,AGOT Submod Core,gfx/portraits/portrait_modifiers/05_clothes_situational.txt,,,
scripts,1591,02:00:04,jomini_trigger.cpp:243,PostValidate of trigger 'has_game_rule' returned false at file: gfx/portraits/portrait_modifiers/05_clothes_situational.txt line: 1158 (clothes_situational:weight),Script / database error,AGOT Submod Core,gfx/portraits/portrait_modifiers/05_clothes_situational.txt,,,
scripts,1592,02:00:04,jomini_script_system.cpp:303,"Script system error!
  Error: has_game_rule trigger [ Invalid database object 'show_armor_enabled' ]
  Script location: file: gfx/portraits/portrait_modifiers/05_clothes_situational.txt line: 1202 (clothes_situational:weight)",Script / database error,AGOT Submod Core,gfx/portraits/portrait_modifiers/05_clothes_situational.txt,,,
scripts,1596,02:00:04,jomini_trigger.cpp:243,PostValidate of trigger 'has_game_rule' returned false at file: gfx/portraits/portrait_modifiers/05_clothes_situational.txt line: 1202 (clothes_situational:weight),Script / database error,AGOT Submod Core,gfx/portraits/portrait_modifiers/05_clothes_situational.txt,,,
scripts,1597,02:00:04,jomini_script_system.cpp:303,"Script system error!
  Error: has_game_rule trigger [ Invalid database object 'show_armor_enabled' ]
  Script location: file: gfx/portraits/portrait_modifiers/05_clothes_situational.txt line: 1248 (clothes_situational:weight)",Script / database error,AGOT Submod Core,gfx/portraits/portrait_modifiers/05_clothes_situational.txt,,,
scripts,1601,02:00:04,jomini_trigger.cpp:243,PostValidate of trigger 'has_game_rule' returned false at file: gfx/portraits/portrait_modifiers/05_clothes_situational.txt line: 1248 (clothes_situational:weight),Script / database error,AGOT Submod Core,gfx/portraits/portrait_modifiers/05_clothes_situational.txt,,,
scripts,1602,02:00:04,jomini_script_system.cpp:303,"Script system error!
  Error: has_game_rule trigger [ Invalid database object 'show_armor_enabled' ]
  Script location: file: gfx/portraits/portrait_modifiers/05_clothes_situational.txt line: 1292 (clothes_situational:weight)",Script / database error,AGOT Submod Core,gfx/portraits/portrait_modifiers/05_clothes_situational.txt,,,
scripts,1606,02:00:04,jomini_trigger.cpp:243,PostValidate of trigger 'has_game_rule' returned false at file: gfx/portraits/portrait_modifiers/05_clothes_situational.txt line: 1292 (clothes_situational:weight),Script / database error,AGOT Submod Core,gfx/portraits/portrait_modifiers/05_clothes_situational.txt,,,
scripts,1607,02:00:04,jomini_script_system.cpp:303,"Script system error!
  Error: has_game_rule trigger [ Invalid database object 'show_armor_enabled' ]
  Script location: file: gfx/portraits/portrait_modifiers/05_clothes_situational.txt line: 1338 (clothes_situational:weight)",Script / database error,AGOT Submod Core,gfx/portraits/portrait_modifiers/05_clothes_situational.txt,,,
scripts,1611,02:00:04,jomini_trigger.cpp:243,PostValidate of trigger 'has_game_rule' returned false at file: gfx/portraits/portrait_modifiers/05_clothes_situational.txt line: 1338 (clothes_situational:weight),Script / database error,AGOT Submod Core,gfx/portraits/portrait_modifiers/05_clothes_situational.txt,,,
scripts,1612,02:00:04,jomini_script_system.cpp:303,"Script system error!
  Error: has_game_rule trigger [ Invalid database object 'show_armor_enabled' ]
  Script location: file: gfx/portraits/portrait_modifiers/05_clothes_situational.txt line: 1382 (clothes_situational:weight)",Script / database error,AGOT Submod Core,gfx/portraits/portrait_modifiers/05_clothes_situational.txt,,,
scripts,1616,02:00:04,jomini_trigger.cpp:243,PostValidate of trigger 'has_game_rule' returned false at file: gfx/portraits/portrait_modifiers/05_clothes_situational.txt line: 1382 (clothes_situational:weight),Script / database error,AGOT Submod Core,gfx/portraits/portrait_modifiers/05_clothes_situational.txt,,,
scripts,1617,02:00:04,jomini_script_system.cpp:303,"Script system error!
  Error: has_game_rule trigger [ Invalid database object 'show_armor_enabled' ]
  Script location: file: gfx/portraits/portrait_modifiers/05_clothes_situational.txt line: 1428 (clothes_situational:weight)",Script / database error,AGOT Submod Core,gfx/portraits/portrait_modifiers/05_clothes_situational.txt,,,
scripts,1621,02:00:04,jomini_trigger.cpp:243,PostValidate of trigger 'has_game_rule' returned false at file: gfx/portraits/portrait_modifiers/05_clothes_situational.txt line: 1428 (clothes_situational:weight),Script / database error,AGOT Submod Core,gfx/portraits/portrait_modifiers/05_clothes_situational.txt,,,
scripts,1622,02:00:04,jomini_script_system.cpp:303,"Script system error!
  Error: has_game_rule trigger [ Invalid database object 'show_armor_enabled' ]
  Script location: file: gfx/portraits/portrait_modifiers/05_clothes_situational.txt line: 1472 (clothes_situational:weight)",Script / database error,AGOT Submod Core,gfx/portraits/portrait_modifiers/05_clothes_situational.txt,,,
scripts,1626,02:00:04,jomini_trigger.cpp:243,PostValidate of trigger 'has_game_rule' returned false at file: gfx/portraits/portrait_modifiers/05_clothes_situational.txt line: 1472 (clothes_situational:weight),Script / database error,AGOT Submod Core,gfx/portraits/portrait_modifiers/05_clothes_situational.txt,,,
scripts,1627,02:00:04,jomini_script_system.cpp:303,"Script system error!
  Error: has_game_rule trigger [ Invalid database object 'show_armor_enabled' ]
  Script location: file: gfx/portraits/portrait_modifiers/05_clothes_situational.txt line: 1518 (clothes_situational:weight)",Script / database error,AGOT Submod Core,gfx/portraits/portrait_modifiers/05_clothes_situational.txt,,,
scripts,1631,02:00:04,jomini_trigger.cpp:243,PostValidate of trigger 'has_game_rule' returned false at file: gfx/portraits/portrait_modifiers/05_clothes_situational.txt line: 1518 (clothes_situational:weight),Script / database error,AGOT Submod Core,gfx/portraits/portrait_modifiers/05_clothes_situational.txt,,,
scripts,1632,02:00:04,jomini_script_system.cpp:303,"Script system error!
  Error: has_game_rule trigger [ Invalid database object 'show_armor_enabled' ]
  Script location: file: gfx/portraits/portrait_modifiers/05_clothes_situational.txt line: 1562 (clothes_situational:weight)",Script / database error,AGOT Submod Core,gfx/portraits/portrait_modifiers/05_clothes_situational.txt,,,
scripts,1636,02:00:04,jomini_trigger.cpp:243,PostValidate of trigger 'has_game_rule' returned false at file: gfx/portraits/portrait_modifiers/05_clothes_situational.txt line: 1562 (clothes_situational:weight),Script / database error,AGOT Submod Core,gfx/portraits/portrait_modifiers/05_clothes_situational.txt,,,
scripts,1637,02:00:04,jomini_script_system.cpp:303,"Script system error!
  Error: has_game_rule trigger [ Invalid database object 'show_armor_enabled' ]
  Script location: file: gfx/portraits/portrait_modifiers/05_headgear_situational.txt line: 338 (headgear_situational:weight)",Script / database error,AGOT Submod Core,gfx/portraits/portrait_modifiers/05_headgear_situational.txt,,,
scripts,1641,02:00:04,jomini_trigger.cpp:243,PostValidate of trigger 'has_game_rule' returned false at file: gfx/portraits/portrait_modifiers/05_headgear_situational.txt line: 338 (headgear_situational:weight),Script / database error,AGOT Submod Core,gfx/portraits/portrait_modifiers/05_headgear_situational.txt,,,
scripts,1642,02:00:04,jomini_script_system.cpp:303,"Script system error!
  Error: has_game_rule trigger [ Invalid database object 'show_armor_enabled' ]
  Script location: file: gfx/portraits/portrait_modifiers/05_headgear_situational.txt line: 395 (headgear_situational:weight)",Script / database error,AGOT Submod Core,gfx/portraits/portrait_modifiers/05_headgear_situational.txt,,,
scripts,1646,02:00:04,jomini_trigger.cpp:243,PostValidate of trigger 'has_game_rule' returned false at file: gfx/portraits/portrait_modifiers/05_headgear_situational.txt line: 395 (headgear_situational:weight),Script / database error,AGOT Submod Core,gfx/portraits/portrait_modifiers/05_headgear_situational.txt,,,
scripts,1647,02:00:04,jomini_script_system.cpp:303,"Script system error!
  Error: has_game_rule trigger [ Invalid database object 'show_armor_enabled' ]
  Script location: file: gfx/portraits/portrait_modifiers/05_headgear_situational.txt line: 3127 (headgear_situational:weight)",Script / database error,AGOT Submod Core,gfx/portraits/portrait_modifiers/05_headgear_situational.txt,,,
scripts,1651,02:00:04,jomini_trigger.cpp:243,PostValidate of trigger 'has_game_rule' returned false at file: gfx/portraits/portrait_modifiers/05_headgear_situational.txt line: 3127 (headgear_situational:weight),Script / database error,AGOT Submod Core,gfx/portraits/portrait_modifiers/05_headgear_situational.txt,,,
scripts,1652,02:00:04,jomini_script_system.cpp:303,"Script system error!
  Error: has_game_rule trigger [ Invalid database object 'show_armor_enabled' ]
  Script location: file: gfx/portraits/portrait_modifiers/05_headgear_situational.txt line: 3174 (headgear_situational:weight)",Script / database error,AGOT Submod Core,gfx/portraits/portrait_modifiers/05_headgear_situational.txt,,,
scripts,1656,02:00:04,jomini_trigger.cpp:243,PostValidate of trigger 'has_game_rule' returned false at file: gfx/portraits/portrait_modifiers/05_headgear_situational.txt line: 3174 (headgear_situational:weight),Script / database error,AGOT Submod Core,gfx/portraits/portrait_modifiers/05_headgear_situational.txt,,,
scripts,1657,02:00:04,jomini_script_system.cpp:303,"Script system error!
  Error: has_game_rule trigger [ Invalid database object 'show_armor_enabled' ]
  Script location: file: gfx/portraits/portrait_modifiers/05_headgear_situational.txt line: 3222 (headgear_situational:weight)",Script / database error,AGOT Submod Core,gfx/portraits/portrait_modifiers/05_headgear_situational.txt,,,
scripts,1661,02:00:04,jomini_trigger.cpp:243,PostValidate of trigger 'has_game_rule' returned false at file: gfx/portraits/portrait_modifiers/05_headgear_situational.txt line: 3222 (headgear_situational:weight),Script / database error,AGOT Submod Core,gfx/portraits/portrait_modifiers/05_headgear_situational.txt,,,
scripts,1662,02:00:04,jomini_script_system.cpp:303,"Script system error!
  Error: has_game_rule trigger [ Invalid database object 'show_armor_enabled' ]
  Script location: file: gfx/portraits/portrait_modifiers/05_headgear_situational.txt line: 3266 (headgear_situational:weight)",Script / database error,AGOT Submod Core,gfx/portraits/portrait_modifiers/05_headgear_situational.txt,,,
scripts,1666,02:00:04,jomini_trigger.cpp:243,PostValidate of trigger 'has_game_rule' returned false at file: gfx/portraits/portrait_modifiers/05_headgear_situational.txt line: 3266 (headgear_situational:weight),Script / database error,AGOT Submod Core,gfx/portraits/portrait_modifiers/05_headgear_situational.txt,,,
scripts,1667,02:00:04,jomini_script_system.cpp:303,"Script system error!
  Error: has_game_rule trigger [ Invalid database object 'show_armor_enabled' ]
  Script location: file: gfx/portraits/portrait_modifiers/05_headgear_situational.txt line: 3310 (headgear_situational:weight)",Script / database error,AGOT Submod Core,gfx/portraits/portrait_modifiers/05_headgear_situational.txt,,,
scripts,1671,02:00:04,jomini_trigger.cpp:243,PostValidate of trigger 'has_game_rule' returned false at file: gfx/portraits/portrait_modifiers/05_headgear_situational.txt line: 3310 (headgear_situational:weight),Script / database error,AGOT Submod Core,gfx/portraits/portrait_modifiers/05_headgear_situational.txt,,,
scripts,1672,02:00:04,jomini_script_system.cpp:303,"Script system error!
  Error: has_game_rule trigger [ Invalid database object 'show_armor_enabled' ]
  Script location: file: gfx/portraits/portrait_modifiers/05_headgear_situational.txt line: 3355 (headgear_situational:weight)",Script / database error,AGOT Submod Core,gfx/portraits/portrait_modifiers/05_headgear_situational.txt,,,
scripts,1676,02:00:04,jomini_trigger.cpp:243,PostValidate of trigger 'has_game_rule' returned false at file: gfx/portraits/portrait_modifiers/05_headgear_situational.txt line: 3355 (headgear_situational:weight),Script / database error,AGOT Submod Core,gfx/portraits/portrait_modifiers/05_headgear_situational.txt,,,
scripts,1677,02:00:04,jomini_script_system.cpp:303,"Script system error!
  Error: is_struggle_type trigger [ Invalid database object 'persian_struggle' ]
  Script location: file: common/character_interactions/DI_character_interaction.txt line: 1415 (DI_arrange_marriage_interaction:is_shown)",Script / database error,Divine Intervention Cheat Menu,common/character_interactions/DI_character_interaction.txt,,,
scripts,1681,02:00:04,jomini_trigger.cpp:243,PostValidate of trigger 'is_struggle_type' returned false at file: common/character_interactions/DI_character_interaction.txt line: 1415 (DI_arrange_marriage_interaction:is_shown),Script / database error,Divine Intervention Cheat Menu,common/character_interactions/DI_character_interaction.txt,,,
scripts,1682,02:00:04,jomini_script_system.cpp:303,"Script system error!
  Error: has_struggle_phase_parameter trigger [ Bool phase parameter 'can_trade_piety_for_marriage_acceptance' does not exist ]
  Script location: file: common/character_interactions/DI_character_interaction.txt line: 1416 (DI_arrange_marriage_interaction:is_shown)",Script / database error,Divine Intervention Cheat Menu,common/character_interactions/DI_character_interaction.txt,,,
scripts,1686,02:00:04,jomini_trigger.cpp:243,PostValidate of trigger 'has_struggle_phase_parameter' returned false at file: common/character_interactions/DI_character_interaction.txt line: 1416 (DI_arrange_marriage_interaction:is_shown),Script / database error,Divine Intervention Cheat Menu,common/character_interactions/DI_character_interaction.txt,,,
scripts,1687,02:00:04,jomini_script_system.cpp:303,"Script system error!
  Error: is_struggle_type trigger [ Invalid database object 'persian_struggle' ]
  Script location: file: common/character_interactions/DI_character_interaction.txt line: 1424 (DI_arrange_marriage_interaction:is_valid)",Script / database error,Divine Intervention Cheat Menu,common/character_interactions/DI_character_interaction.txt,,,
scripts,1691,02:00:04,jomini_trigger.cpp:243,PostValidate of trigger 'is_struggle_type' returned false at file: common/character_interactions/DI_character_interaction.txt line: 1424 (DI_arrange_marriage_interaction:is_valid),Script / database error,Divine Intervention Cheat Menu,common/character_interactions/DI_character_interaction.txt,,,
scripts,1692,02:00:04,jomini_script_system.cpp:303,"Script system error!
  Error: is_struggle_type trigger [ Invalid database object 'persian_struggle' ]
  Script location: file: common/character_interactions/DI_character_interaction.txt line: 1430 (DI_arrange_marriage_interaction:is_valid)",Script / database error,Divine Intervention Cheat Menu,common/character_interactions/DI_character_interaction.txt,,,
scripts,1696,02:00:04,jomini_trigger.cpp:243,PostValidate of trigger 'is_struggle_type' returned false at file: common/character_interactions/DI_character_interaction.txt line: 1430 (DI_arrange_marriage_interaction:is_valid),Script / database error,Divine Intervention Cheat Menu,common/character_interactions/DI_character_interaction.txt,,,
scripts,1697,02:00:04,jomini_script_system.cpp:303,"Script system error!
  Error: is_in_family trigger [ Invalid database object 'rf_abrahamic' ]
  Script location: file: common/scripted_effects/DI_char_spawner_effects.txt line: 1464 (DI_char_spawner_resolve_origin_effect)",Script / database error,Divine Intervention Cheat Menu,common/scripted_effects/DI_char_spawner_effects.txt,,,
scripts,1701,02:00:04,jomini_trigger.cpp:243,PostValidate of trigger 'is_in_family' returned false at file: common/scripted_effects/DI_char_spawner_effects.txt line: 1464 (DI_char_spawner_resolve_origin_effect),Script / database error,Divine Intervention Cheat Menu,common/scripted_effects/DI_char_spawner_effects.txt,,,
scripts,1702,02:00:04,jomini_script_system.cpp:303,"Script system error!
  Error: is_in_family trigger [ Invalid database object 'rf_abrahamic' ]
  Script location: file: common/scripted_effects/DI_char_spawner_effects.txt line: 1466 (DI_char_spawner_resolve_origin_effect)",Script / database error,Divine Intervention Cheat Menu,common/scripted_effects/DI_char_spawner_effects.txt,,,
scripts,1706,02:00:04,jomini_trigger.cpp:243,PostValidate of trigger 'is_in_family' returned false at file: common/scripted_effects/DI_char_spawner_effects.txt line: 1466 (DI_char_spawner_resolve_origin_effect),Script / database error,Divine Intervention Cheat Menu,common/scripted_effects/DI_char_spawner_effects.txt,,,
scripts,1707,02:00:04,jomini_script_system.cpp:303,"Script system error!
  Error: is_in_family trigger [ Invalid database object 'rf_eastern' ]
  Script location: file: common/scripted_effects/DI_char_spawner_effects.txt line: 1470 (DI_char_spawner_resolve_origin_effect)",Script / database error,Divine Intervention Cheat Menu,common/scripted_effects/DI_char_spawner_effects.txt,,,
scripts,1711,02:00:04,jomini_trigger.cpp:243,PostValidate of trigger 'is_in_family' returned false at file: common/scripted_effects/DI_char_spawner_effects.txt line: 1470 (DI_char_spawner_resolve_origin_effect),Script / database error,Divine Intervention Cheat Menu,common/scripted_effects/DI_char_spawner_effects.txt,,,
scripts,1712,02:00:04,jomini_script_system.cpp:303,"Script system error!
  Error: is_in_family trigger [ Invalid database object 'rf_eastern' ]
  Script location: file: common/scripted_effects/DI_char_spawner_effects.txt line: 1472 (DI_char_spawner_resolve_origin_effect)",Script / database error,Divine Intervention Cheat Menu,common/scripted_effects/DI_char_spawner_effects.txt,,,
scripts,1716,02:00:04,jomini_trigger.cpp:243,PostValidate of trigger 'is_in_family' returned false at file: common/scripted_effects/DI_char_spawner_effects.txt line: 1472 (DI_char_spawner_resolve_origin_effect),Script / database error,Divine Intervention Cheat Menu,common/scripted_effects/DI_char_spawner_effects.txt,,,
scripts,1717,02:00:04,jomini_script_system.cpp:303,"Script system error!
  Error: is_in_family trigger [ Invalid database object 'rf_sinitic' ]
  Script location: file: common/scripted_effects/DI_char_spawner_effects.txt line: 1476 (DI_char_spawner_resolve_origin_effect)",Script / database error,Divine Intervention Cheat Menu,common/scripted_effects/DI_char_spawner_effects.txt,,,
scripts,1721,02:00:04,jomini_trigger.cpp:243,PostValidate of trigger 'is_in_family' returned false at file: common/scripted_effects/DI_char_spawner_effects.txt line: 1476 (DI_char_spawner_resolve_origin_effect),Script / database error,Divine Intervention Cheat Menu,common/scripted_effects/DI_char_spawner_effects.txt,,,
scripts,1722,02:00:04,jomini_script_system.cpp:303,"Script system error!
  Error: is_in_family trigger [ Invalid database object 'rf_sinitic' ]
  Script location: file: common/scripted_effects/DI_char_spawner_effects.txt line: 1478 (DI_char_spawner_resolve_origin_effect)",Script / database error,Divine Intervention Cheat Menu,common/scripted_effects/DI_char_spawner_effects.txt,,,
scripts,1726,02:00:04,jomini_trigger.cpp:243,PostValidate of trigger 'is_in_family' returned false at file: common/scripted_effects/DI_char_spawner_effects.txt line: 1478 (DI_char_spawner_resolve_origin_effect),Script / database error,Divine Intervention Cheat Menu,common/scripted_effects/DI_char_spawner_effects.txt,,,
scripts,1727,02:00:04,jomini_script_system.cpp:303,"Script system error!
  Error: is_in_family trigger [ Invalid database object 'rf_pagan' ]
  Script location: file: common/scripted_effects/DI_char_spawner_effects.txt line: 1482 (DI_char_spawner_resolve_origin_effect)",Script / database error,Divine Intervention Cheat Menu,common/scripted_effects/DI_char_spawner_effects.txt,,,
scripts,1731,02:00:04,jomini_trigger.cpp:243,PostValidate of trigger 'is_in_family' returned false at file: common/scripted_effects/DI_char_spawner_effects.txt line: 1482 (DI_char_spawner_resolve_origin_effect),Script / database error,Divine Intervention Cheat Menu,common/scripted_effects/DI_char_spawner_effects.txt,,,
scripts,1732,02:00:04,jomini_script_system.cpp:303,"Script system error!
  Error: is_in_family trigger [ Invalid database object 'rf_pagan' ]
  Script location: file: common/scripted_effects/DI_char_spawner_effects.txt line: 1484 (DI_char_spawner_resolve_origin_effect)",Script / database error,Divine Intervention Cheat Menu,common/scripted_effects/DI_char_spawner_effects.txt,,,
scripts,1736,02:00:04,jomini_trigger.cpp:243,PostValidate of trigger 'is_in_family' returned false at file: common/scripted_effects/DI_char_spawner_effects.txt line: 1484 (DI_char_spawner_resolve_origin_effect),Script / database error,Divine Intervention Cheat Menu,common/scripted_effects/DI_char_spawner_effects.txt,,,
scripts,1737,02:00:04,jomini_script_system.cpp:303,"Script system error!
  Error: has_game_rule trigger [ Invalid database object 'tgc_enabled_enabled' ]
  Script location: file: common/scripted_triggers/tgc_loaded_trigger.txt line: 11 (tgc_standard_equipment_trigger)",Script / database error,AGOT Submod Core,common/scripted_triggers/tgc_loaded_trigger.txt,,,
scripts,1741,02:00:04,jomini_trigger.cpp:243,PostValidate of trigger 'has_game_rule' returned false at file: common/scripted_triggers/tgc_loaded_trigger.txt line: 11 (tgc_standard_equipment_trigger),Script / database error,AGOT Submod Core,common/scripted_triggers/tgc_loaded_trigger.txt,,,
scripts,1742,02:00:04,jomini_script_system.cpp:303,"Script system error!
  Error: has_game_rule trigger [ Invalid database object 'tgc_enabled_enabled' ]
  Script location: file: common/scripted_triggers/tgc_loaded_trigger.txt line: 59 (tgc_captain_equipment_trigger)",Script / database error,AGOT Submod Core,common/scripted_triggers/tgc_loaded_trigger.txt,,,
scripts,1746,02:00:04,jomini_trigger.cpp:243,PostValidate of trigger 'has_game_rule' returned false at file: common/scripted_triggers/tgc_loaded_trigger.txt line: 59 (tgc_captain_equipment_trigger),Script / database error,AGOT Submod Core,common/scripted_triggers/tgc_loaded_trigger.txt,,,
scripts,1747,02:00:04,jomini_script_system.cpp:303,"Script system error!
  Error: has_game_rule trigger [ Invalid database object 'tgc_enabled_enabled' ]
  Script location: file: common/scripted_triggers/tgc_loaded_trigger.txt line: 94 (tgc_blackfyre_or_targ_equipment_trigger)",Script / database error,AGOT Submod Core,common/scripted_triggers/tgc_loaded_trigger.txt,,,
scripts,1751,02:00:04,jomini_trigger.cpp:243,PostValidate of trigger 'has_game_rule' returned false at file: common/scripted_triggers/tgc_loaded_trigger.txt line: 94 (tgc_blackfyre_or_targ_equipment_trigger),Script / database error,AGOT Submod Core,common/scripted_triggers/tgc_loaded_trigger.txt,,,
scripts,1752,02:00:04,jomini_script_system.cpp:303,"Script system error!
  Error: has_game_rule trigger [ Invalid database object 'tgc_blackfyre_enabled' ]
  Script location: file: common/scripted_triggers/tgc_loaded_trigger.txt line: 104 (tgc_blackfyre_equipment_trigger)",Script / database error,AGOT Submod Core,common/scripted_triggers/tgc_loaded_trigger.txt,,,
scripts,1756,02:00:04,jomini_trigger.cpp:243,PostValidate of trigger 'has_game_rule' returned false at file: common/scripted_triggers/tgc_loaded_trigger.txt line: 104 (tgc_blackfyre_equipment_trigger),Script / database error,AGOT Submod Core,common/scripted_triggers/tgc_loaded_trigger.txt,,,
scripts,1757,02:00:04,jomini_script_system.cpp:303,"Script system error!
  Error: has_game_rule trigger [ Invalid database object 'tgc_faegon_enabled' ]
  Script location: file: common/scripted_triggers/tgc_loaded_trigger.txt line: 120 (tgc_blackfyre_equipment_trigger)",Script / database error,AGOT Submod Core,common/scripted_triggers/tgc_loaded_trigger.txt,,,
scripts,1761,02:00:04,jomini_trigger.cpp:243,PostValidate of trigger 'has_game_rule' returned false at file: common/scripted_triggers/tgc_loaded_trigger.txt line: 120 (tgc_blackfyre_equipment_trigger),Script / database error,AGOT Submod Core,common/scripted_triggers/tgc_loaded_trigger.txt,,,
scripts,1762,02:00:04,jomini_script_system.cpp:303,"Script system error!
  Error: has_game_rule trigger [ Invalid database object 'tgc_faegon_enabled' ]
  Script location: file: common/scripted_triggers/tgc_loaded_trigger.txt line: 140 (tgc_targaryen_equipment_trigger)",Script / database error,AGOT Submod Core,common/scripted_triggers/tgc_loaded_trigger.txt,,,
scripts,1766,02:00:04,jomini_trigger.cpp:243,PostValidate of trigger 'has_game_rule' returned false at file: common/scripted_triggers/tgc_loaded_trigger.txt line: 140 (tgc_targaryen_equipment_trigger),Script / database error,AGOT Submod Core,common/scripted_triggers/tgc_loaded_trigger.txt,,,
scripts,1767,02:00:04,jomini_script_system.cpp:303,"Script system error!
  Error: has_game_rule trigger [ Invalid database object 'tgc_enabled_enabled' ]
  Script location: file: common/scripted_triggers/tgc_loaded_trigger.txt line: 163 (tgc_blackfyre_house_equipment_trigger)",Script / database error,AGOT Submod Core,common/scripted_triggers/tgc_loaded_trigger.txt,,,
scripts,1771,02:00:04,jomini_trigger.cpp:243,PostValidate of trigger 'has_game_rule' returned false at file: common/scripted_triggers/tgc_loaded_trigger.txt line: 163 (tgc_blackfyre_house_equipment_trigger),Script / database error,AGOT Submod Core,common/scripted_triggers/tgc_loaded_trigger.txt,,,
scripts,1772,02:00:04,jomini_script_system.cpp:303,"Script system error!
  Error: has_game_rule trigger [ Invalid database object 'tgc_blackfyre_enabled' ]
  Script location: file: common/scripted_triggers/tgc_loaded_trigger.txt line: 164 (tgc_blackfyre_house_equipment_trigger)",Script / database error,AGOT Submod Core,common/scripted_triggers/tgc_loaded_trigger.txt,,,
scripts,1776,02:00:04,jomini_trigger.cpp:243,PostValidate of trigger 'has_game_rule' returned false at file: common/scripted_triggers/tgc_loaded_trigger.txt line: 164 (tgc_blackfyre_house_equipment_trigger),Script / database error,AGOT Submod Core,common/scripted_triggers/tgc_loaded_trigger.txt,,,
read_not_set,1777,02:00:04,jomini_effect.cpp:1161,Flag 'unknown_holding' is used but is never set. Setting it in an unused scripted trigger or effect does not count,Script / database error,,,,,
read_not_set,1778,02:00:04,jomini_effect.cpp:1161,Flag 'monastery_holding' is used but is never set. Setting it in an unused scripted trigger or effect does not count,Script / database error,,,,,
read_not_set,1779,02:00:04,jomini_effect.cpp:1161,Flag 'wilderness_holding' is used but is never set. Setting it in an unused scripted trigger or effect does not count,Script / database error,,,,,
read_not_set,1780,02:00:04,jomini_effect.cpp:1161,Flag 'ruin_holding' is used but is never set. Setting it in an unused scripted trigger or effect does not count,Script / database error,,,,,
read_not_set,1781,02:00:04,jomini_effect.cpp:1161,Flag 'pirate_den_holding' is used but is never set. Setting it in an unused scripted trigger or effect does not count,Script / database error,,,,,
read_not_set,1782,02:00:04,jomini_effect.cpp:1161,Flag 'settlement_holding' is used but is never set. Setting it in an unused scripted trigger or effect does not count,Script / database error,,,,,
set_not_read,1783,02:00:04,jomini_effect.cpp:1145,Flag 'global' is set but is never used. Note that use in localization doesn't count due to technical limitations. Use in unused scripted triggers and effects also does not count,Script / database error,,,,,
set_not_read,1784,02:00:04,jomini_effect.cpp:1145,Flag 'DI_subtype_throne' is set but is never used. Note that use in localization doesn't count due to technical limitations. Use in unused scripted triggers and effects also does not count,Script / database error,,,,,
set_not_read,1785,02:00:04,jomini_effect.cpp:1145,Flag 'all_found' is set but is never used. Note that use in localization doesn't count due to technical limitations. Use in unused scripted triggers and effects also does not count,Script / database error,,,,,
read_not_set,1786,02:00:04,jomini_effect.cpp:1161,Variable 'swordman_armor_artifact' is used but is never set. Setting it in an unused scripted trigger or effect does not count,Script / database error,,,,,
read_not_set,1787,02:00:04,jomini_effect.cpp:1161,Variable 'captains_sword' is used but is never set. Setting it in an unused scripted trigger or effect does not count,Script / database error,,,,,
read_not_set,1788,02:00:04,jomini_effect.cpp:1161,Variable 'tgc_enabled' is used but is never set. Setting it in an unused scripted trigger or effect does not count,Script / database error,,,,,
read_not_set,1789,02:00:04,jomini_effect.cpp:1161,Variable 'app_enabled' is used but is never set. Setting it in an unused scripted trigger or effect does not count,Script / database error,,,,,
read_not_set,1790,02:00:04,jomini_effect.cpp:1161,Variable 'kingsguard_choice' is used but is never set. Setting it in an unused scripted trigger or effect does not count,Script / database error,,,,,
read_not_set,1791,02:00:04,jomini_effect.cpp:1161,Variable 'Aotk_enabled' is used but is never set. Setting it in an unused scripted trigger or effect does not count,Script / database error,,,,,
read_not_set,1792,02:00:04,jomini_effect.cpp:1161,Variable 'brightboar_enabled' is used but is never set. Setting it in an unused scripted trigger or effect does not count,Script / database error,,,,,
set_not_read,1793,02:00:04,jomini_effect.cpp:1145,Variable 'COWAGOT_is_loaded' is set but is never used. Note that use in localization doesn't count due to technical limitations. Use in unused scripted triggers and effects also does not count,Script / database error,,,,,
set_not_read,1794,02:00:04,jomini_effect.cpp:1145,Variable 'DI_artifact_category_display' is set but is never used. Note that use in localization doesn't count due to technical limitations. Use in unused scripted triggers and effects also does not count,Script / database error,,,,,
set_not_read,1795,02:00:04,jomini_effect.cpp:1145,Variable 'DI_artifact_quality_display' is set but is never used. Note that use in localization doesn't count due to technical limitations. Use in unused scripted triggers and effects also does not count,Script / database error,,,,,
set_not_read,1796,02:00:04,jomini_effect.cpp:1145,Variable 'DI_artifact_subtype_display' is set but is never used. Note that use in localization doesn't count due to technical limitations. Use in unused scripted triggers and effects also does not count,Script / database error,,,,,
modifiers,1797,02:00:04,static_modifier.cpp:200,"Modifier 'lucerys_gun_modifier' was not used by the script or code but exists in the database, this is a waste",Script / database error,,,,,
modifiers,1798,02:00:04,static_modifier.cpp:200,"Modifier 'artifact_monthly_piety_negative_1_modifier' was not used by the script or code but exists in the database, this is a waste",Script / database error,,,,,
modifiers,1799,02:00:04,static_modifier.cpp:200,"Modifier 'artifact_monthly_martial_lifestyle_xp_1_negative_modifier' was not used by the script or code but exists in the database, this is a waste",Script / database error,,,,,
modifiers,1800,02:00:04,static_modifier.cpp:200,"Modifier 'asoiaf_stark_throne_modifier' was not used by the script or code but exists in the database, this is a waste",Script / database error,,,,,
animations,1801,02:00:05,portraitanimations.cpp:110,"Unknown animation state 'throneRoom_twoHandedPassiveFat1_entry' scripted for portrait animation 'valyrian_invasion_vs_spear_1_1' in modifier 'throneRoom_two_handed_passive_1_fat' (part 'torso', type 'male')",Graphics / portrait source error,,,,,
animations,1802,02:00:05,portraitanimations.cpp:110,"Unknown animation state 'throneRoom_twoHandedPassiveFat1_entry' scripted for portrait animation 'valyrian_invasion_vs_spear_1_1' in modifier 'throneRoom_two_handed_passive_1_dwarf' (part 'torso', type 'male')",Graphics / portrait source error,,,,,
animations,1803,02:00:05,portraitanimations.cpp:110,"Unknown animation state 'throneRoom_twoHandedPassiveFatDwarf1_entry' scripted for portrait animation 'valyrian_invasion_vs_spear_1_1' in modifier 'throneRoom_two_handed_passive_1_fat_dwarf' (part 'torso', type 'male')",Graphics / portrait source error,,,,,
animations,1804,02:00:05,portraitanimations.cpp:110,"Unknown animation state 'throneRoom_twoHandedPassiveFatDwarf1_entry' scripted for portrait animation 'valyrian_invasion_vs_spear_1_1' in modifier 'throneRoom_two_handed_passive_1_pregnant' (part 'torso', type 'male')",Graphics / portrait source error,,,,,
animations,1805,02:00:05,portraitanimations.cpp:110,"Unknown animation state 'throneRoom_twoHandedPassiveFatDwarf1_entry' scripted for portrait animation 'valyrian_invasion_vs_spear_1_1' in modifier 'throneRoom_two_handed_passive_1_pregnant_dwarf' (part 'torso', type 'male')",Graphics / portrait source error,,,,,
animations,1806,02:00:05,portraitanimations.cpp:110,"Unknown animation state 'throneRoom_twoHandedPassiveFatDwarf1_entry' scripted for portrait animation 'valyrian_invasion_vs_spear_1_1' in modifier 'throneRoom_two_handed_passive_1_pregnant_fat_dwarf' (part 'torso', type 'male')",Graphics / portrait source error,,,,,
animations,1807,02:00:05,portraitanimations.cpp:110,"Unknown animation state 'throneRoom_twoHandedPassiveFat1_entry' scripted for portrait animation 'valyrian_invasion_vs_spear_1_1' in modifier 'throneRoom_two_handed_passive_1_fat' (part 'torso', type 'female')",Graphics / portrait source error,,,,,
animations,1808,02:00:05,portraitanimations.cpp:110,"Unknown animation state 'throneRoom_twoHandedPassiveFat1_entry' scripted for portrait animation 'valyrian_invasion_vs_spear_1_1' in modifier 'throneRoom_two_handed_passive_1_dwarf' (part 'torso', type 'female')",Graphics / portrait source error,,,,,
animations,1809,02:00:05,portraitanimations.cpp:110,"Unknown animation state 'throneRoom_twoHandedPassiveFatDwarf1_entry' scripted for portrait animation 'valyrian_invasion_vs_spear_1_1' in modifier 'throneRoom_two_handed_passive_1_fat_dwarf' (part 'torso', type 'female')",Graphics / portrait source error,,,,,
animations,1810,02:00:05,portraitanimations.cpp:110,"Unknown animation state 'throneRoom_twoHandedPassiveFatDwarf1_entry' scripted for portrait animation 'valyrian_invasion_vs_spear_1_1' in modifier 'throneRoom_two_handed_passive_1_pregnant' (part 'torso', type 'female')",Graphics / portrait source error,,,,,
animations,1811,02:00:05,portraitanimations.cpp:110,"Unknown animation state 'throneRoom_twoHandedPassiveFatDwarf1_entry' scripted for portrait animation 'valyrian_invasion_vs_spear_1_1' in modifier 'throneRoom_two_handed_passive_1_pregnant_dwarf' (part 'torso', type 'female')",Graphics / portrait source error,,,,,
animations,1812,02:00:05,portraitanimations.cpp:110,"Unknown animation state 'throneRoom_twoHandedPassiveFatDwarf1_entry' scripted for portrait animation 'valyrian_invasion_vs_spear_1_1' in modifier 'throneRoom_two_handed_passive_1_pregnant_fat_dwarf' (part 'torso', type 'female')",Graphics / portrait source error,,,,,
animations,1813,02:00:05,portraitanimations.cpp:110,"Unknown animation state 'throneRoom_twoHandedPassiveFat1_entry' scripted for portrait animation 'valyrian_invasion_vs_spear_1_1' in modifier 'throneRoom_two_handed_passive_1_fat' (part 'torso', type 'boy')",Graphics / portrait source error,,,,,
animations,1814,02:00:05,portraitanimations.cpp:110,"Unknown animation state 'throneRoom_twoHandedPassiveFat1_entry' scripted for portrait animation 'valyrian_invasion_vs_spear_1_1' in modifier 'throneRoom_two_handed_passive_1_dwarf' (part 'torso', type 'boy')",Graphics / portrait source error,,,,,
animations,1815,02:00:05,portraitanimations.cpp:110,"Unknown animation state 'throneRoom_twoHandedPassiveFatDwarf1_entry' scripted for portrait animation 'valyrian_invasion_vs_spear_1_1' in modifier 'throneRoom_two_handed_passive_1_fat_dwarf' (part 'torso', type 'boy')",Graphics / portrait source error,,,,,
animations,1816,02:00:05,portraitanimations.cpp:110,"Unknown animation state 'throneRoom_twoHandedPassiveFatDwarf1_entry' scripted for portrait animation 'valyrian_invasion_vs_spear_1_1' in modifier 'throneRoom_two_handed_passive_1_pregnant' (part 'torso', type 'boy')",Graphics / portrait source error,,,,,
animations,1817,02:00:05,portraitanimations.cpp:110,"Unknown animation state 'throneRoom_twoHandedPassiveFatDwarf1_entry' scripted for portrait animation 'valyrian_invasion_vs_spear_1_1' in modifier 'throneRoom_two_handed_passive_1_pregnant_dwarf' (part 'torso', type 'boy')",Graphics / portrait source error,,,,,
animations,1818,02:00:05,portraitanimations.cpp:110,"Unknown animation state 'throneRoom_twoHandedPassiveFatDwarf1_entry' scripted for portrait animation 'valyrian_invasion_vs_spear_1_1' in modifier 'throneRoom_two_handed_passive_1_pregnant_fat_dwarf' (part 'torso', type 'boy')",Graphics / portrait source error,,,,,
animations,1819,02:00:05,portraitanimations.cpp:110,"Unknown animation state 'throneRoom_twoHandedPassiveFat1_entry' scripted for portrait animation 'valyrian_invasion_vs_spear_1_1' in modifier 'throneRoom_two_handed_passive_1_fat' (part 'torso', type 'girl')",Graphics / portrait source error,,,,,
animations,1820,02:00:05,portraitanimations.cpp:110,"Unknown animation state 'throneRoom_twoHandedPassiveFat1_entry' scripted for portrait animation 'valyrian_invasion_vs_spear_1_1' in modifier 'throneRoom_two_handed_passive_1_dwarf' (part 'torso', type 'girl')",Graphics / portrait source error,,,,,
animations,1821,02:00:05,portraitanimations.cpp:110,"Unknown animation state 'throneRoom_twoHandedPassiveFatDwarf1_entry' scripted for portrait animation 'valyrian_invasion_vs_spear_1_1' in modifier 'throneRoom_two_handed_passive_1_fat_dwarf' (part 'torso', type 'girl')",Graphics / portrait source error,,,,,
animations,1822,02:00:05,portraitanimations.cpp:110,"Unknown animation state 'throneRoom_twoHandedPassiveFatDwarf1_entry' scripted for portrait animation 'valyrian_invasion_vs_spear_1_1' in modifier 'throneRoom_two_handed_passive_1_pregnant' (part 'torso', type 'girl')",Graphics / portrait source error,,,,,
animations,1823,02:00:05,portraitanimations.cpp:110,"Unknown animation state 'throneRoom_twoHandedPassiveFatDwarf1_entry' scripted for portrait animation 'valyrian_invasion_vs_spear_1_1' in modifier 'throneRoom_two_handed_passive_1_pregnant_dwarf' (part 'torso', type 'girl')",Graphics / portrait source error,,,,,
animations,1824,02:00:05,portraitanimations.cpp:110,"Unknown animation state 'throneRoom_twoHandedPassiveFatDwarf1_entry' scripted for portrait animation 'valyrian_invasion_vs_spear_1_1' in modifier 'throneRoom_two_handed_passive_1_pregnant_fat_dwarf' (part 'torso', type 'girl')",Graphics / portrait source error,,,,,
animations,1825,02:00:05,portraitanimations.cpp:110,"Unknown animation state 'throneRoom_twoHandedPassiveFat1_entry' scripted for portrait animation 'valyrian_invasion_vs_halberd_1' in modifier 'throneRoom_two_handed_passive_1_fat' (part 'torso', type 'male')",Graphics / portrait source error,,,,,
animations,1826,02:00:05,portraitanimations.cpp:110,"Unknown animation state 'throneRoom_twoHandedPassiveFat1_entry' scripted for portrait animation 'valyrian_invasion_vs_halberd_1' in modifier 'throneRoom_two_handed_passive_1_dwarf' (part 'torso', type 'male')",Graphics / portrait source error,,,,,
animations,1827,02:00:05,portraitanimations.cpp:110,"Unknown animation state 'throneRoom_twoHandedPassiveFatDwarf1_entry' scripted for portrait animation 'valyrian_invasion_vs_halberd_1' in modifier 'throneRoom_two_handed_passive_1_fat_dwarf' (part 'torso', type 'male')",Graphics / portrait source error,,,,,
animations,1828,02:00:05,portraitanimations.cpp:110,"Unknown animation state 'throneRoom_twoHandedPassiveFatDwarf1_entry' scripted for portrait animation 'valyrian_invasion_vs_halberd_1' in modifier 'throneRoom_two_handed_passive_1_pregnant' (part 'torso', type 'male')",Graphics / portrait source error,,,,,
animations,1829,02:00:05,portraitanimations.cpp:110,"Unknown animation state 'throneRoom_twoHandedPassiveFatDwarf1_entry' scripted for portrait animation 'valyrian_invasion_vs_halberd_1' in modifier 'throneRoom_two_handed_passive_1_pregnant_dwarf' (part 'torso', type 'male')",Graphics / portrait source error,,,,,
animations,1830,02:00:05,portraitanimations.cpp:110,"Unknown animation state 'throneRoom_twoHandedPassiveFatDwarf1_entry' scripted for portrait animation 'valyrian_invasion_vs_halberd_1' in modifier 'throneRoom_two_handed_passive_1_pregnant_fat_dwarf' (part 'torso', type 'male')",Graphics / portrait source error,,,,,
animations,1831,02:00:05,portraitanimations.cpp:110,"Unknown animation state 'throneRoom_twoHandedPassiveFat1_entry' scripted for portrait animation 'valyrian_invasion_vs_halberd_1' in modifier 'throneRoom_two_handed_passive_1_fat' (part 'torso', type 'female')",Graphics / portrait source error,,,,,
animations,1832,02:00:05,portraitanimations.cpp:110,"Unknown animation state 'throneRoom_twoHandedPassiveFat1_entry' scripted for portrait animation 'valyrian_invasion_vs_halberd_1' in modifier 'throneRoom_two_handed_passive_1_dwarf' (part 'torso', type 'female')",Graphics / portrait source error,,,,,
animations,1833,02:00:05,portraitanimations.cpp:110,"Unknown animation state 'throneRoom_twoHandedPassiveFatDwarf1_entry' scripted for portrait animation 'valyrian_invasion_vs_halberd_1' in modifier 'throneRoom_two_handed_passive_1_fat_dwarf' (part 'torso', type 'female')",Graphics / portrait source error,,,,,
animations,1834,02:00:05,portraitanimations.cpp:110,"Unknown animation state 'throneRoom_twoHandedPassiveFatDwarf1_entry' scripted for portrait animation 'valyrian_invasion_vs_halberd_1' in modifier 'throneRoom_two_handed_passive_1_pregnant' (part 'torso', type 'female')",Graphics / portrait source error,,,,,
animations,1835,02:00:05,portraitanimations.cpp:110,"Unknown animation state 'throneRoom_twoHandedPassiveFatDwarf1_entry' scripted for portrait animation 'valyrian_invasion_vs_halberd_1' in modifier 'throneRoom_two_handed_passive_1_pregnant_dwarf' (part 'torso', type 'female')",Graphics / portrait source error,,,,,
animations,1836,02:00:05,portraitanimations.cpp:110,"Unknown animation state 'throneRoom_twoHandedPassiveFatDwarf1_entry' scripted for portrait animation 'valyrian_invasion_vs_halberd_1' in modifier 'throneRoom_two_handed_passive_1_pregnant_fat_dwarf' (part 'torso', type 'female')",Graphics / portrait source error,,,,,
animations,1837,02:00:05,portraitanimations.cpp:110,"Unknown animation state 'throneRoom_twoHandedPassiveFat1_entry' scripted for portrait animation 'valyrian_invasion_vs_halberd_1' in modifier 'throneRoom_two_handed_passive_1_fat' (part 'torso', type 'boy')",Graphics / portrait source error,,,,,
animations,1838,02:00:05,portraitanimations.cpp:110,"Unknown animation state 'throneRoom_twoHandedPassiveFat1_entry' scripted for portrait animation 'valyrian_invasion_vs_halberd_1' in modifier 'throneRoom_two_handed_passive_1_dwarf' (part 'torso', type 'boy')",Graphics / portrait source error,,,,,
animations,1839,02:00:05,portraitanimations.cpp:110,"Unknown animation state 'throneRoom_twoHandedPassiveFatDwarf1_entry' scripted for portrait animation 'valyrian_invasion_vs_halberd_1' in modifier 'throneRoom_two_handed_passive_1_fat_dwarf' (part 'torso', type 'boy')",Graphics / portrait source error,,,,,
animations,1840,02:00:05,portraitanimations.cpp:110,"Unknown animation state 'throneRoom_twoHandedPassiveFatDwarf1_entry' scripted for portrait animation 'valyrian_invasion_vs_halberd_1' in modifier 'throneRoom_two_handed_passive_1_pregnant' (part 'torso', type 'boy')",Graphics / portrait source error,,,,,
animations,1841,02:00:05,portraitanimations.cpp:110,"Unknown animation state 'throneRoom_twoHandedPassiveFatDwarf1_entry' scripted for portrait animation 'valyrian_invasion_vs_halberd_1' in modifier 'throneRoom_two_handed_passive_1_pregnant_dwarf' (part 'torso', type 'boy')",Graphics / portrait source error,,,,,
animations,1842,02:00:05,portraitanimations.cpp:110,"Unknown animation state 'throneRoom_twoHandedPassiveFatDwarf1_entry' scripted for portrait animation 'valyrian_invasion_vs_halberd_1' in modifier 'throneRoom_two_handed_passive_1_pregnant_fat_dwarf' (part 'torso', type 'boy')",Graphics / portrait source error,,,,,
animations,1843,02:00:05,portraitanimations.cpp:110,"Unknown animation state 'throneRoom_twoHandedPassiveFat1_entry' scripted for portrait animation 'valyrian_invasion_vs_halberd_1' in modifier 'throneRoom_two_handed_passive_1_fat' (part 'torso', type 'girl')",Graphics / portrait source error,,,,,
animations,1844,02:00:05,portraitanimations.cpp:110,"Unknown animation state 'throneRoom_twoHandedPassiveFat1_entry' scripted for portrait animation 'valyrian_invasion_vs_halberd_1' in modifier 'throneRoom_two_handed_passive_1_dwarf' (part 'torso', type 'girl')",Graphics / portrait source error,,,,,
animations,1845,02:00:05,portraitanimations.cpp:110,"Unknown animation state 'throneRoom_twoHandedPassiveFatDwarf1_entry' scripted for portrait animation 'valyrian_invasion_vs_halberd_1' in modifier 'throneRoom_two_handed_passive_1_fat_dwarf' (part 'torso', type 'girl')",Graphics / portrait source error,,,,,
animations,1846,02:00:05,portraitanimations.cpp:110,"Unknown animation state 'throneRoom_twoHandedPassiveFatDwarf1_entry' scripted for portrait animation 'valyrian_invasion_vs_halberd_1' in modifier 'throneRoom_two_handed_passive_1_pregnant' (part 'torso', type 'girl')",Graphics / portrait source error,,,,,
animations,1847,02:00:05,portraitanimations.cpp:110,"Unknown animation state 'throneRoom_twoHandedPassiveFatDwarf1_entry' scripted for portrait animation 'valyrian_invasion_vs_halberd_1' in modifier 'throneRoom_two_handed_passive_1_pregnant_dwarf' (part 'torso', type 'girl')",Graphics / portrait source error,,,,,
animations,1848,02:00:05,portraitanimations.cpp:110,"Unknown animation state 'throneRoom_twoHandedPassiveFatDwarf1_entry' scripted for portrait animation 'valyrian_invasion_vs_halberd_1' in modifier 'throneRoom_two_handed_passive_1_pregnant_fat_dwarf' (part 'torso', type 'girl')",Graphics / portrait source error,,,,,
textures,1849,02:00:07,game_icons.cpp:746,"file gfx/interface/icons/building_types/icon_building_ten_towers.dds doesn't exist, referenced from building 'agot_ten_towers_01'",Graphics / portrait source error,Unresolved file,gfx/interface/icons/building_types/icon_building_ten_towers.dds,,,
textures,1850,02:00:08,game_icons.cpp:746,"file gfx/interface/icons/building_types/icon_riverrun.dds doesn't exist, referenced from building 'oldstones_old_final'",Graphics / portrait source error,Unresolved file,gfx/interface/icons/building_types/icon_riverrun.dds,,,
textures,1851,02:00:08,game_icons.cpp:746,"file gfx/interface/icons/building_types/icon_riverrun.dds doesn't exist, referenced from building 'oldstones_old_new'",Graphics / portrait source error,Unresolved file,gfx/interface/icons/building_types/icon_riverrun.dds,,,
textures,1852,02:00:08,game_icons.cpp:746,"file gfx/interface/icons/building_types/icon_riverrun.dds doesn't exist, referenced from building 'oldstones_restored_final'",Graphics / portrait source error,Unresolved file,gfx/interface/icons/building_types/icon_riverrun.dds,,,
orphan_events,1853,02:00:08,jomini_eventmanager.cpp:372,Event buy_valyrian_mask.0001 is orphaned,Script / database error,,,,,
orphan_events,1854,02:00:08,jomini_eventmanager.cpp:372,Event asoiaf_young_griff_landing_events.2 is orphaned,Script / database error,,,,,
achievement_assert,1855,02:00:11,pdx_assert.cpp:619,Assertion failed: Achievements not loaded correctly,Other error,,,,,
read_not_set,1856,02:00:11,jomini_effect.cpp:1161,Flag 'unknown_holding' is used but is never set. Setting it in an unused scripted trigger or effect does not count,Script / database error,,,,,
read_not_set,1857,02:00:11,jomini_effect.cpp:1161,Flag 'monastery_holding' is used but is never set. Setting it in an unused scripted trigger or effect does not count,Script / database error,,,,,
read_not_set,1858,02:00:11,jomini_effect.cpp:1161,Flag 'wilderness_holding' is used but is never set. Setting it in an unused scripted trigger or effect does not count,Script / database error,,,,,
read_not_set,1859,02:00:11,jomini_effect.cpp:1161,Flag 'ruin_holding' is used but is never set. Setting it in an unused scripted trigger or effect does not count,Script / database error,,,,,
read_not_set,1860,02:00:11,jomini_effect.cpp:1161,Flag 'pirate_den_holding' is used but is never set. Setting it in an unused scripted trigger or effect does not count,Script / database error,,,,,
read_not_set,1861,02:00:11,jomini_effect.cpp:1161,Flag 'settlement_holding' is used but is never set. Setting it in an unused scripted trigger or effect does not count,Script / database error,,,,,
set_not_read,1862,02:00:11,jomini_effect.cpp:1145,Flag 'global' is set but is never used. Note that use in localization doesn't count due to technical limitations. Use in unused scripted triggers and effects also does not count,Script / database error,,,,,
set_not_read,1863,02:00:11,jomini_effect.cpp:1145,Flag 'DI_subtype_throne' is set but is never used. Note that use in localization doesn't count due to technical limitations. Use in unused scripted triggers and effects also does not count,Script / database error,,,,,
set_not_read,1864,02:00:11,jomini_effect.cpp:1145,Flag 'all_found' is set but is never used. Note that use in localization doesn't count due to technical limitations. Use in unused scripted triggers and effects also does not count,Script / database error,,,,,
read_not_set,1865,02:00:11,jomini_effect.cpp:1161,Variable 'swordman_armor_artifact' is used but is never set. Setting it in an unused scripted trigger or effect does not count,Script / database error,,,,,
read_not_set,1866,02:00:11,jomini_effect.cpp:1161,Variable 'captains_sword' is used but is never set. Setting it in an unused scripted trigger or effect does not count,Script / database error,,,,,
read_not_set,1867,02:00:11,jomini_effect.cpp:1161,Variable 'tgc_enabled' is used but is never set. Setting it in an unused scripted trigger or effect does not count,Script / database error,,,,,
read_not_set,1868,02:00:11,jomini_effect.cpp:1161,Variable 'app_enabled' is used but is never set. Setting it in an unused scripted trigger or effect does not count,Script / database error,,,,,
read_not_set,1869,02:00:11,jomini_effect.cpp:1161,Variable 'kingsguard_choice' is used but is never set. Setting it in an unused scripted trigger or effect does not count,Script / database error,,,,,
read_not_set,1870,02:00:11,jomini_effect.cpp:1161,Variable 'Aotk_enabled' is used but is never set. Setting it in an unused scripted trigger or effect does not count,Script / database error,,,,,
read_not_set,1871,02:00:11,jomini_effect.cpp:1161,Variable 'brightboar_enabled' is used but is never set. Setting it in an unused scripted trigger or effect does not count,Script / database error,,,,,
set_not_read,1872,02:00:11,jomini_effect.cpp:1145,Variable 'COWAGOT_is_loaded' is set but is never used. Note that use in localization doesn't count due to technical limitations. Use in unused scripted triggers and effects also does not count,Script / database error,,,,,
set_not_read,1873,02:00:11,jomini_effect.cpp:1145,Variable 'DI_artifact_category_display' is set but is never used. Note that use in localization doesn't count due to technical limitations. Use in unused scripted triggers and effects also does not count,Script / database error,,,,,
set_not_read,1874,02:00:11,jomini_effect.cpp:1145,Variable 'DI_artifact_quality_display' is set but is never used. Note that use in localization doesn't count due to technical limitations. Use in unused scripted triggers and effects also does not count,Script / database error,,,,,
set_not_read,1875,02:00:11,jomini_effect.cpp:1145,Variable 'DI_artifact_subtype_display' is set but is never used. Note that use in localization doesn't count due to technical limitations. Use in unused scripted triggers and effects also does not count,Script / database error,,,,,
history,1876,02:00:11,history.cpp:644,Referencing non-existent character in script link character:Gardener_75,History / title / faith reference error,,,,,
history,1877,02:00:11,history.cpp:644,Referencing non-existent character in script link character:Gardener_75,History / title / faith reference error,,,,,
