"Key","MainFile","MainLine","TranslationFile","TranslationLine","English","Russian","BuiltinRussian"
"artifact.title.default","localization/english/valyrian_decisions_l_english.yml","68","localization/russian/valyrian_decisions_l_russian.yml","69","[newly_created_artifact.GetNameNoTooltip]","[newly_created_artifact.GetNameNoTooltip]","[newly_created_artifact.GetNameNoTooltip]"
"artifact_cust_name","localization/english/valyrian_decisions_l_english.yml","71","localization/russian/valyrian_decisions_l_russian.yml","72","[ROOT.Char.GetLocalizedText( 'custom_artifact_name' )]","[ROOT.Char.GetLocalizedText( 'custom_artifact_name' )]","[ROOT.Char.GetLocalizedText( 'custom_artifact_name' )]"
"artifact_dragon_bond_enchanted","localization/english/modifiers/valyrian_modifiers_l_english.yml","7","localization/russian/valyrian_modifiers_l_russian.yml","8","Enchanted Artifact","Пробуждённый артефакт","Зачарованный артефакт"
"artifact_dragon_horn_inactive","localization/english/valyrian_decisions_l_english.yml","190","localization/russian/valyrian_decisions_l_russian.yml","191","Dragon Horn","Драконий рог","Драконий рог"
"artifact_dragon_horn_name","localization/english/artifacts/targ_artifacts_l_english.yml","30","localization/russian/targ_artifacts_l_russian.yml","31","Dragon Horn","Драконий рог","Драконий рог"
"artifact_dragon_whip","localization/english/artifacts/targ_artifacts_l_english.yml","42","localization/russian/targ_artifacts_l_russian.yml","43","Dragon Whip","Драконья плеть","Драконий хлыст"
"artifact_dragon_whip_desc","localization/english/artifacts/targ_artifacts_l_english.yml","43","localization/russian/targ_artifacts_l_russian.yml","44","A Dragon Whip of Old Valyria is a fearsome artifact, forged in the fires of the Fourteen Flames. Made from a rare metals and and dragon leather, this whip was a tool of domination, used by the dragonlords to command and tame their majestic beasts. The whip's lash, lined with tiny, razor-sharp scales, could cut through the thickest of hides, leaving a trail of shimmering silver sparks in its wake. This relic is a reminder of the might and mastery the Valyrians held over their draconic allies.\n\nIn the right hands, such a tool could prove useful in taming a dragon...","Драконья плеть Старой Валирии — грозный артефакт, созданный в пламени Четырнадцати Огней. Сплетённая из редких металлов и драконьей кожи, она служила орудием подчинения: драконьи владыки повелевали с её помощью своими величественными зверями и держали их в узде. Ремень, усеянный крошечными острыми чешуйками, мог рассечь самую толстую шкуру, оставляя за собой след серебристых искр. Этот артефакт напоминает о могуществе валирийцев и их власти над драконами.\n\nВ умелых руках такой инструмент может помочь укротить дракона...","Драконий хлыст из Старой Валирии - страшный артефакт, выкованный в огне Четырнадцати Пламен. Изготовленный из редких металлов и драконьей кожи, этот кнут был инструментом господства, который использовали владыки драконов, чтобы повелевать и усмирять своих величественных зверей. Плеть, покрытая крошечными, острыми как бритва чешуйками, могла прорезать самую толстую шкуру, оставляя за собой след из мерцающих серебряных искр. Эта реликвия - напоминание о могуществе и мастерстве валирийцев над своими драконьими союзниками.\n\nВ умелых руках такой инструмент может оказаться полезным для укрощения дракона..."
"artifact_glass_candle_desc","localization/english/valyrian_decisions_l_english.yml","85","localization/russian/valyrian_decisions_l_russian.yml","86","This glass candle burned a bright flame long ago within Old Valyria. Since then, candles such as these no longer burn a flame. Their light died with Old Valyria.","Эта стеклянная свеча некогда пылала ярким пламенем в Старой Валирии. С тех пор такие свечи больше не горят: их свет угас вместе со Старой Валирией.","Эта стеклянная свеча горела ярким пламенем давным-давно в Старой Валирии. С тех пор такие свечи больше не горят. Их свет умер вместе со Старой Валирией."
"artifact_glass_candle_name","localization/english/valyrian_decisions_l_english.yml","84","localization/russian/valyrian_decisions_l_russian.yml","85","Glass Candle","Стеклянная свеча","Стеклянная свеча"
"artifact_health_penalty_4_modifier","localization/english/modifiers/valyrian_modifiers_l_english.yml","8","localization/russian/valyrian_modifiers_l_russian.yml","9","Enchantment side effect","Побочный эффект пробуждения","Побочный эффект зачарования"
"artifact_valyrian_book","localization/english/artifacts/targ_artifacts_l_english.yml","45","localization/russian/targ_artifacts_l_russian.yml","46","Valyrian Book","Валирийская книга","Валирийская книга"
"artifact_vs_axe_description","localization/english/artifacts/targ_artifacts_l_english.yml","15","localization/russian/targ_artifacts_l_russian.yml","16","This axe was discovered during a voyage to Old Valyria. It is one of the few remaining Valyrian Steel weapons, which draws respect and intrigue, as well as enormous jealousy from those who lay their eyes upon it.","Этот топор был найден во время плавания в Старую Валирию. Это один из немногих уцелевших образцов оружия из валирийской стали: всякий, кто понимает истинную цену такой находки, смотрит на него с почтительным трепетом — и немалой завистью.","Этот топор был обнаружен во время путешествия в Старую Валирию. Это одно из немногих сохранившихся оружий из валирийской стали, которое вызывает уважение и интригу, а также огромную зависть у тех, кто положил на него глаз."
"artifact_vs_axe_name","localization/english/artifacts/targ_artifacts_l_english.yml","14","localization/russian/targ_artifacts_l_russian.yml","15","Valyrian Steel Axe","Топор из валирийской стали","Топор из валирийской стали"
"artifact_vs_dagger_1_description","localization/english/artifacts/targ_artifacts_l_english.yml","24","localization/russian/targ_artifacts_l_russian.yml","25","This dagger was discovered during a voyage to Old Valyria. It is one of the few remaining Valyrian Steel weapons, which draws respect and intrigue, as well as enormous jealousy from those who lay their eyes upon it.","Этот кинжал был найден во время плавания в Старую Валирию. Это один из немногих уцелевших образцов оружия из валирийской стали: всякий, кто понимает истинную цену такой находки, смотрит на него с почтительным трепетом — и немалой завистью.","Этот кинжал был обнаружен во время путешествия в Старую Валирию. Это одно из немногих сохранившихся оружий из валирийской стали, которое вызывает уважение и интригу, а также огромную зависть у тех, кто положил на него глаз."
"artifact_vs_dagger_1_name","localization/english/artifacts/targ_artifacts_l_english.yml","23","localization/russian/targ_artifacts_l_russian.yml","24","Valyrian Steel Dagger","Кинжал из валирийской стали","Кинжал из валирийской стали"
"artifact_vs_goblet","localization/english/artifacts/targ_artifacts_l_english.yml","49","localization/russian/targ_artifacts_l_russian.yml","50","Valyrian Steel Goblet","Кубок из валирийской стали","Кубок из валирийской стали"
"artifact_vs_goblet_description","localization/english/artifacts/targ_artifacts_l_english.yml","50","localization/russian/targ_artifacts_l_russian.yml","51","A Valyrian steel cup, forged in the fires of ancient Valyria, gleams with an otherworldly sheen. The cup's surface is etched with intricate patterns resembling dragon scales, and it feels both light and indestructible in hand. Its edges are smooth yet sharp, a testament to the legendary craftsmanship that created it.\n\nThere is enough Valyrian Steel within the cup that it could be smelted down and reforged...with the right smith.","Кубок из валирийской стали, выкованный в огнях Старой Валирии, мерцает неземным блеском. Его поверхность покрыта сложным узором, напоминающим драконью чешую, а в руке он кажется одновременно лёгким и несокрушимым. Кромка кубка гладка, но опасно остра — свидетельство легендарного мастерства его создателей.\n\nВ этом кубке достаточно валирийской стали, чтобы перековать его в другой предмет... если найти подходящего кузнеца.","Кубок из валирийской стали, выкованный в огне древней Валирии, сверкает потусторонним блеском. Поверхность кубка испещрена замысловатыми узорами, напоминающими чешую дракона, и в руке он кажется одновременно легким и нерушимым. Его края гладкие и в то же время острые, что свидетельствует о легендарном мастерстве, с которым он был создан.\n\nВ чаше достаточно валирийской стали, чтобы ее можно было переплавить и восстановить... при наличии подходящего кузнеца."
"artifact_vs_goblet_name","localization/english/artifacts/targ_artifacts_l_english.yml","48","localization/russian/targ_artifacts_l_russian.yml","49","Valyrian Steel Goblet","Кубок из валирийской стали","Кубок из валирийской стали"
"artifact_vs_halberd_description","localization/english/artifacts/targ_artifacts_l_english.yml","28","localization/russian/targ_artifacts_l_russian.yml","29","This Halberd was discovered during a voyage to Old Valyria. It is one of the few remaining Valyrian Steel weapons, which draws respect and intrigue, as well as enormous jealousy from those who lay their eyes upon it.\n\nThe Halberd pole is made of a black colored wood, and the weapon is made of Valyrian Steel, which still retains the sharp edge from the day it was crafted long ago","Эта алебарда была найдена во время плавания в Старую Валирию. Это один из немногих уцелевших образцов оружия из валирийской стали: всякий, кто понимает истинную цену такой находки, смотрит на неё с почтительным трепетом — и немалой завистью.\n\nДревко алебарды сделано из чёрного дерева, а лезвие — из валирийской стали, сохранившей остроту с тех давних времён, когда это оружие было выковано.","Эта алебарда была обнаружена во время путешествия в Старую Валирию. Это одно из немногих сохранившихся оружий из валирийской стали, которое вызывает уважение и зависть у тех, кто на него смотрит.\n\nДревко алебарды сделано из дерева черного цвета, а оружие - из валирийской стали, которая все еще сохраняет остроту с того дня, когда была изготовлена давным-давно."
"artifact_vs_halberd_name","localization/english/artifacts/targ_artifacts_l_english.yml","27","localization/russian/targ_artifacts_l_russian.yml","28","Valyrian Steel Halberd","Алебарда из валирийской стали","Алебарда из валирийской стали"
"artifact_vs_mace_description","localization/english/artifacts/targ_artifacts_l_english.yml","18","localization/russian/targ_artifacts_l_russian.yml","19","This mace was discovered during a voyage to Old Valyria. It is one of the few remaining Valyrian Steel weapons, which draws respect and intrigue, as well as enormous jealousy from those who lay their eyes upon it.","Эта булава была найдена во время плавания в Старую Валирию. Это один из немногих уцелевших образцов оружия из валирийской стали: всякий, кто понимает истинную цену такой находки, смотрит на неё с почтительным трепетом — и немалой завистью.","Эта булава была обнаружена во время путешествия в Старую Валирию. Это одно из немногих сохранившихся оружий из валирийской стали, которое вызывает уважение и интригу, а также огромную зависть у тех, кто положил на него глаз."
"artifact_vs_mace_name","localization/english/artifacts/targ_artifacts_l_english.yml","17","localization/russian/targ_artifacts_l_russian.yml","18","Valyrian Steel Mace","Булава из валирийской стали","Булава из валирийской стали"
"artifact_vs_spear_1_description","localization/english/artifacts/targ_artifacts_l_english.yml","21","localization/russian/targ_artifacts_l_russian.yml","22","This spear was discovered during a voyage to Old Valyria. It is one of the few remaining Valyrian Steel weapons, which draws respect and intrigue, as well as enormous jealousy from those who lay their eyes upon it.\n\nThe spear handle is made of a black colored wood, and the spearhead is made of Valyrian Steel, which still retains the sharp edge from the day it was crafted long ago","Это копьё было найдено во время плавания в Старую Валирию. Это один из немногих уцелевших образцов оружия из валирийской стали: всякий, кто понимает истинную цену такой находки, смотрит на него с почтительным трепетом — и немалой завистью.\n\nДревко копья сделано из чёрного дерева, а наконечник — из валирийской стали, сохранившей остроту с тех давних времён, когда это оружие было выковано.","Это копье было найдено во время путешествия в Старую Валирию. Это одно из немногих сохранившихся оружий из валирийской стали, которое вызывает уважение и интригу, а также огромную зависть у тех, кто положит на него глаз.\n\n\n Рукоятка копья сделана из дерева черного цвета, а наконечник - из валирийской стали, которая все еще сохраняет остроту с того дня, когда была изготовлена давным-давно."
"artifact_vs_spear_1_name","localization/english/artifacts/targ_artifacts_l_english.yml","20","localization/russian/targ_artifacts_l_russian.yml","21","Valyrian Steel Spear","Копьё из валирийской стали","Копьё из валирийской стали"
"artifact_vs_sword_1_description","localization/english/artifacts/targ_artifacts_l_english.yml","3","localization/russian/targ_artifacts_l_russian.yml","4","This sword was discovered during a voyage to Old Valyria, the ancient land that was once ruled by the Valyrians. The sword found in Old Valyria is a rare artifact, a testament to the skill and craftsmanship of a long-gone era. It is one of the few remaining relics of a time when magic and technology were intertwined, and the knowledge of its creation has been lost to the ages. It was either a stroke of luck or fate that has brought a piece of ancient Valyrian history into the present day.","Этот меч был найден во время плавания в Старую Валирию — землю Четырнадцати Огней, где некогда правили драконьи владыки. Сам клинок — редкий артефакт и подлинное свидетельство мастерства, исчезнувшего вместе с Валирийским фригольдом. В нём ещё чувствуется эпоха, когда магия и ремесло сплетались воедино, хотя тайна ковки таких клинков давно утрачена. Случайность ли это или воля судьбы, но в мир вернулась частица Валирии, пережившая Рок.","Этот меч был обнаружен во время путешествия в Старую Валирию, древнюю землю, которой когда-то правили валирийцы. Меч, найденный в Старой Валирии, - редкий артефакт, свидетельство мастерства и искусности давно ушедшей эпохи. Это одна из немногих оставшихся реликвий того времени, когда магия и технология были взаимосвязаны, а знания о его создании были утеряны в веках. Это был либо удар удачи, либо судьба, благодаря которой частица древней валирийской истории дошла до наших дней."
"artifact_vs_sword_1_name","localization/english/artifacts/targ_artifacts_l_english.yml","2","localization/russian/targ_artifacts_l_russian.yml","3","Valyrian Steel Sword","Меч из валирийской стали","Меч из валирийской стали"
"artifact_vs_sword_2_description","localization/english/artifacts/targ_artifacts_l_english.yml","6","localization/russian/targ_artifacts_l_russian.yml","7","This sword was discovered during a voyage to Old Valyria, the ancient land that was once ruled by the Valyrians. The sword found in Old Valyria is a rare artifact, a testament to the skill and craftsmanship of a long-gone era. It is one of the few remaining relics of a time when magic and technology were intertwined, and the knowledge of its creation has been lost to the ages. It was either a stroke of luck or fate that has brought a piece of ancient Valyrian history into the present day.","Этот меч был найден во время плавания в Старую Валирию — землю Четырнадцати Огней, где некогда правили драконьи владыки. Сам клинок — редкий артефакт и подлинное свидетельство мастерства, исчезнувшего вместе с Валирийским фригольдом. В нём ещё чувствуется эпоха, когда магия и ремесло сплетались воедино, хотя тайна ковки таких клинков давно утрачена. Случайность ли это или воля судьбы, но в мир вернулась частица Валирии, пережившая Рок.","Этот меч был обнаружен во время путешествия в Старую Валирию, древнюю землю, которой когда-то правили валирийцы. Меч, найденный в Старой Валирии, - редкий артефакт, свидетельство мастерства и искусности давно ушедшей эпохи. Это одна из немногих оставшихся реликвий того времени, когда магия и технология были взаимосвязаны, а знания о его создании были утеряны в веках. Это был либо удар удачи, либо судьба, благодаря которой частица древней валирийской истории дошла до наших дней."
"artifact_vs_sword_2_name","localization/english/artifacts/targ_artifacts_l_english.yml","5","localization/russian/targ_artifacts_l_russian.yml","6","Valyrian Steel Sword","Меч из валирийской стали","Меч из валирийской стали"
"artifact_vs_sword_3_description","localization/english/artifacts/targ_artifacts_l_english.yml","9","localization/russian/targ_artifacts_l_russian.yml","10","This sword was discovered during a voyage to Old Valyria, the ancient land that was once ruled by the Valyrians. The sword found in Old Valyria is a rare artifact, a testament to the skill and craftsmanship of a long-gone era. It is one of the few remaining relics of a time when magic and technology were intertwined, and the knowledge of its creation has been lost to the ages. It was either a stroke of luck or fate that has brought a piece of ancient Valyrian history into the present day.","Этот меч был найден во время плавания в Старую Валирию — землю Четырнадцати Огней, где некогда правили драконьи владыки. Сам клинок — редкий артефакт и подлинное свидетельство мастерства, исчезнувшего вместе с Валирийским фригольдом. В нём ещё чувствуется эпоха, когда магия и ремесло сплетались воедино, хотя тайна ковки таких клинков давно утрачена. Случайность ли это или воля судьбы, но в мир вернулась частица Валирии, пережившая Рок.","Этот меч был обнаружен во время путешествия в Старую Валирию, древнюю землю, которой когда-то правили валирийцы. Меч, найденный в Старой Валирии, - редкий артефакт, свидетельство мастерства и искусности давно ушедшей эпохи. Это одна из немногих оставшихся реликвий того времени, когда магия и технология были взаимосвязаны, а знания о его создании были утеряны в веках. Это был либо удар удачи, либо судьба, благодаря которой частица древней валирийской истории дошла до наших дней."
"artifact_vs_sword_3_name","localization/english/artifacts/targ_artifacts_l_english.yml","8","localization/russian/targ_artifacts_l_russian.yml","9","Valyrian Steel Sword","Меч из валирийской стали","Меч из валирийской стали"
"artifact_vs_sword_4_description","localization/english/artifacts/targ_artifacts_l_english.yml","12","localization/russian/targ_artifacts_l_russian.yml","13","This sword was discovered during a voyage to Old Valyria, the ancient land that was once ruled by the Valyrians. The sword found in Old Valyria is a rare artifact, a testament to the skill and craftsmanship of a long-gone era. It is one of the few remaining relics of a time when magic and technology were intertwined, and the knowledge of its creation has been lost to the ages. It was either a stroke of luck or fate that has brought a piece of ancient Valyrian history into the present day.","Этот меч был найден во время плавания в Старую Валирию — землю Четырнадцати Огней, где некогда правили драконьи владыки. Сам клинок — редкий артефакт и подлинное свидетельство мастерства, исчезнувшего вместе с Валирийским фригольдом. В нём ещё чувствуется эпоха, когда магия и ремесло сплетались воедино, хотя тайна ковки таких клинков давно утрачена. Случайность ли это или воля судьбы, но в мир вернулась частица Валирии, пережившая Рок.","Этот меч был обнаружен во время путешествия в Старую Валирию, древнюю землю, которой когда-то правили валирийцы. Меч, найденный в Старой Валирии, - редкий артефакт, свидетельство мастерства и искусности давно ушедшей эпохи. Это одна из немногих оставшихся реликвий того времени, когда магия и технология были взаимосвязаны, а знания о его создании были утеряны в веках. Это был либо удар удачи, либо судьба, благодаря которой частица древней валирийской истории дошла до наших дней."
"artifact_vs_sword_4_name","localization/english/artifacts/targ_artifacts_l_english.yml","11","localization/russian/targ_artifacts_l_russian.yml","12","Valyrian Steel Sword","Меч из валирийской стали","Меч из валирийской стали"
"bond_with_dragon_scheme_success_chance_add","localization/english/valyrian_decisions_l_english.yml","126","localization/russian/valyrian_decisions_l_russian.yml","127","Dragon Horn Bond/Tame Chance","Шанс установить связь с драконом или приручить его с помощью драконьего рога","Узы Драконьего Рога/Шанс приручения"
"custom_artifact_name","localization/english/valyrian_decisions_l_english.yml","70","localization/russian/valyrian_decisions_l_russian.yml","71","[ROOT.Var('selected_artifact').Var('person').Char.GetLocalizedText('custom_artifact_name')]","[ROOT.Var('selected_artifact').Var('person').Char.GetLocalizedText('custom_artifact_name')]","[ROOT.Var('selected_artifact').Var('person').Char.GetLocalizedText('custom_artifact_name')]"
"death_missing_valyria","localization/english/valyrian_death_reasons_l_english.yml","2","localization/russian/valyrian_death_reasons_l_russian.yml","3","Disappeared exploring Valyria","[Select_CString(CHARACTER.IsFemale, 'пропала без вести', 'пропал без вести' )] в Старой Валирии","Исчезли при исследовании Валирии"
"DEBUG_I_HAVE_MORE_GOLD_TRIGGER","localization/english/valyrian_decisions_l_english.yml","128","localization/russian/valyrian_decisions_l_russian.yml","129","Not enough gold","Недостаточно золота","Не хватает золота"
"dragon_egg_description","localization/english/valyrian_decisions_l_english.yml","82","localization/russian/valyrian_decisions_l_russian.yml","83","This dragon egg once belonged to one of the creatures that gave the Valyrians their power. A dragon. Unfortunately, a dragon egg hasn't been hatched in some time. Many rulers have attempted to hatch such eggs through...unorthodox methods...","Из этого яйца мог бы вылупиться дракон — одно из существ, даровавших валирийцам их могущество. Увы, уже давно ни один дракон не вылуплялся из такого яйца. Многие правители пытались заставить такие яйца проклюнуться... порой весьма необычными способами.","Это драконье яйцо когда-то принадлежало одному из существ, давших валирийцам их силу. Дракону. К сожалению, драконье яйцо не высиживалось уже давно. Многие правители пытались высидеть такие яйца... необычными методами..."
"dragon_egg_name","localization/english/valyrian_decisions_l_english.yml","80","localization/russian/valyrian_decisions_l_russian.yml","81","Dragon Egg","Драконье яйцо","Драконье яйцо"
"dragon_horn_black_1","localization/english/valyrian_fsb_poses_l_english.yml","80","localization/russian/valyrian_fsb_poses_l_russian.yml","81","@valyrian_steel_icon! Dragon Horn Black","@valyrian_steel_icon! Чёрный драконий рог","@valyrian_steel_icon! Драконий рог черный"
"dragon_horn_black_2","localization/english/valyrian_fsb_poses_l_english.yml","81","localization/russian/valyrian_fsb_poses_l_russian.yml","82","@valyrian_steel_icon! Dragon Horn Black (Glow)","@valyrian_steel_icon! Чёрный драконий рог (свечение)","@valyrian_steel_icon! Драконий рог черный (Светиться)"
"dragon_horn_black_3","localization/english/valyrian_fsb_poses_l_english.yml","82","localization/russian/valyrian_fsb_poses_l_russian.yml","83","@valyrian_steel_icon! Dragon Horn Black (Glow/Blowing)","@valyrian_steel_icon! Чёрный драконий рог (свечение/трубление)","@valyrian_steel_icon! Драконий рог черный (Светиться/Дует)"
"dragon_horn_black_desc","localization/english/artifacts/targ_artifacts_l_english.yml","36","localization/russian/targ_artifacts_l_russian.yml","37","$dragon_horn_desc$\nThis horn features a sleek, polished surface that exudes a sense of dark elegance and formidable power. $dragon_horn_end_desc$","$dragon_horn_desc$\nГладкая отполированная поверхность рога выглядит мрачно, изысканно и грозно. $dragon_horn_end_desc$","$dragon_horn_desc$\nЭтот рог имеет гладкую полированную поверхность, излучающую мрачную элегантность и грозную силу. $dragon_horn_end_desc$"
"dragon_horn_blackGold_1","localization/english/valyrian_fsb_poses_l_english.yml","96","localization/russian/valyrian_fsb_poses_l_russian.yml","97","@valyrian_steel_icon! Dragon Horn Black/Gold","@valyrian_steel_icon! Чёрно-золотой драконий рог","@valyrian_steel_icon! Драконий рог черный/золотой"
"dragon_horn_blackGold_2","localization/english/valyrian_fsb_poses_l_english.yml","97","localization/russian/valyrian_fsb_poses_l_russian.yml","98","@valyrian_steel_icon! Dragon Horn Black/Gold (Glow)","@valyrian_steel_icon! Чёрно-золотой драконий рог (свечение)","@valyrian_steel_icon! Драконий рог черный/золотой (Светиться)"
"dragon_horn_blackGold_3","localization/english/valyrian_fsb_poses_l_english.yml","98","localization/russian/valyrian_fsb_poses_l_russian.yml","99","@valyrian_steel_icon! Dragon Horn Black/Gold (Glow/Blowing)","@valyrian_steel_icon! Чёрно-золотой драконий рог (свечение/трубление)","@valyrian_steel_icon! Драконий рог черный/золотой (Светиться/Дует)"
"dragon_horn_blackGold_desc","localization/english/artifacts/targ_artifacts_l_english.yml","39","localization/russian/targ_artifacts_l_russian.yml","40","$dragon_horn_desc$\nThis horn was crafted from a dragon's dark horn, and features a sleek, ebony surface accented with intricate golden trim that highlights its majestic and powerful appearance. $dragon_horn_end_desc$","$dragon_horn_desc$\nЭбеново-чёрная поверхность отполирована до глубокого блеска, а тонкая золотая отделка придаёт ему царственный и зловещий облик. $dragon_horn_end_desc$","$dragon_horn_desc$\nЭтот рог был изготовлен из темного драконьего рога и имеет гладкую поверхность из черного дерева, украшенную сложной золотой отделкой, которая подчеркивает его величественный и мощный вид. $dragon_horn_end_desc$"
"dragon_horn_brown_1","localization/english/valyrian_fsb_poses_l_english.yml","100","localization/russian/valyrian_fsb_poses_l_russian.yml","101","@valyrian_steel_icon! Dragon Horn Brown","@valyrian_steel_icon! Коричневый драконий рог","@valyrian_steel_icon! Драконий рог коричневый"
"dragon_horn_brown_2","localization/english/valyrian_fsb_poses_l_english.yml","101","localization/russian/valyrian_fsb_poses_l_russian.yml","102","@valyrian_steel_icon! Dragon Horn Brown (Glow)","@valyrian_steel_icon! Коричневый драконий рог (свечение)","@valyrian_steel_icon! Драконий рог коричневый (Светиться)"
"dragon_horn_brown_3","localization/english/valyrian_fsb_poses_l_english.yml","102","localization/russian/valyrian_fsb_poses_l_russian.yml","103","@valyrian_steel_icon! Dragon Horn Brown (Glow/Blowing)","@valyrian_steel_icon! Коричневый драконий рог (свечение/трубление)","@valyrian_steel_icon! Драконий рог коричневый (Светиться/Дует)"
"dragon_horn_brown_desc","localization/english/artifacts/targ_artifacts_l_english.yml","38","localization/russian/targ_artifacts_l_russian.yml","39","$dragon_horn_desc$\nThis horn features a rich, textured surface with natural grain patterns, accented by vibrant orange trim that highlights its warm beauty. $dragon_horn_end_desc$","$dragon_horn_desc$\nНеровная поверхность рога, испещрённая природным узором, оттенена ярко-оранжевой отделкой и кажется почти живой. $dragon_horn_end_desc$","$dragon_horn_desc$\nЭтот рог имеет богатую текстурированную поверхность с естественным рисунком зерен, подчеркнутую яркой оранжевой отделкой, которая подчеркивает его теплую красоту. $dragon_horn_end_desc$"
"dragon_horn_decision.0001.a","localization/english/valyrian_decisions_l_english.yml","170","localization/russian/valyrian_decisions_l_russian.yml","171","Perhaps another time...","Возможно, в другой раз...","Возможно, в другой раз..."
"dragon_horn_decision.a","localization/english/valyrian_decisions_l_english.yml","166","localization/russian/valyrian_decisions_l_russian.yml","167","I will proceed.","Я продолжу.","Я буду продолжать."
"dragon_horn_decision.a.tt","localization/english/valyrian_decisions_l_english.yml","172","localization/russian/valyrian_decisions_l_russian.yml","173","This Dragon Horn can now be binded using a blood sacrifice.","Теперь этот драконий рог можно использовать в ритуале связывания кровью.","Этот драконий рог теперь можно связать с помощью жертвы крови."
"dragon_horn_decision.b","localization/english/valyrian_decisions_l_english.yml","167","localization/russian/valyrian_decisions_l_russian.yml","168","I can feel its power...","Я чувствую его силу...","Я чувствую его силу..."
"dragon_horn_decision.c","localization/english/valyrian_decisions_l_english.yml","168","localization/russian/valyrian_decisions_l_russian.yml","169","I feel its power fade...","Я чувствую, как его сила угасает...","Я чувствую, как угасает его сила..."
"dragon_horn_decision.c.tt","localization/english/valyrian_decisions_l_english.yml","173","localization/russian/valyrian_decisions_l_russian.yml","174","This Dragon Horn can no longer be binded using a blood sacrifice.","Этот драконий рог больше нельзя будет использовать в ритуале связывания кровью.","Этот драконий рог больше нельзя связать с помощью жертвы крови."
"dragon_horn_decision_0001_desc","localization/english/valyrian_decisions_l_english.yml","171","localization/russian/valyrian_decisions_l_russian.yml","172","Stories of Old Valyria tell of Dragon Horns with great power...the ability to tame a Dragon...\n\n The horn I possess cannot do such things...yet.\n\nWith a offering of my own blood, the full potential of this Horn can be unlocked...However I suspect that such a powerful artifact will have unintended side effects...","Сказания Старой Валирии говорят о драконьих рогах великой силы — таких, что способны укротить дракона...\n\nРог, которым я владею, пока на такое не способен. Пока.\n\nЕсли я принесу в жертву собственную кровь, истинную силу этого рога можно будет пробудить... но я подозреваю, что у столь могущественного артефакта будут нежелательные последствия.","Истории Старой Валирии рассказывают о драконьих рогах, обладающих огромной силой... способных приручить дракона...\n\n Рог, которым я владею, не может сделать такого... пока.\n\nС помощью моей собственной крови можно раскрыть весь потенциал этого рога... Однако я подозреваю, что столь мощный артефакт будет иметь непредвиденные побочные эффекты..."
"dragon_horn_decision_0001_t","localization/english/valyrian_decisions_l_english.yml","165","localization/russian/valyrian_decisions_l_russian.yml","166","The Dragon Horn comes to life...","Драконий рог оживает...","Драконий рог оживает..."
"dragon_horn_decision_0002_desc","localization/english/valyrian_decisions_l_english.yml","175","localization/russian/valyrian_decisions_l_russian.yml","176","I slowly cut across my hand with a knife, my blood drips into the Dragon Horn...\n\nMoments later the glyphs on the horn glow to life.\n\nIt is done.\n\nI now wield the power to tame a beast...","Я медленно провожу ножом по ладони, и кровь падает в драконий рог...\n\nМгновение спустя глифы на роге вспыхивают светом.\n\nСвершилось.\n\nТеперь в моих руках сила, способная укрощать драконов...","Я медленно режу руку ножом, и моя кровь капает в драконий рог...\n\nМгновением позже глифы на роге ожили.\n\nСделано.\n\nТеперь я могу укротить зверя..."
"dragon_horn_decision_0003_desc","localization/english/valyrian_decisions_l_english.yml","186","localization/russian/valyrian_decisions_l_russian.yml","187","Thankfully, the process to unenchant the Dragon Horn is easy enough...With enough reading and research I am able to release the power within the Dragon Horn...\n\nIts effects will no longer impact my health.\n\nAnd its power greatly diminished.","К моему облегчению, драконий рог удалось усмирить... После долгих изысканий мне наконец удалось ослабить силу, заключённую в роге.\n\nТеперь его воздействие больше не будет вредить моему здоровью.\n\nНо и мощь рога заметно ослабла.","К счастью, процесс снятия зачарования с драконьего рога достаточно прост... С помощью чтения и исследования я смогу освободить силу, заключенную в драконьем роге...\n\nЕго воздействие больше не будет влиять на мое здоровье.\n\nИ его сила значительно уменьшится."
"dragon_horn_decision_0003_t","localization/english/valyrian_decisions_l_english.yml","187","localization/russian/valyrian_decisions_l_russian.yml","188","Lifting the burden","Бремя усмирено","Облегчение ноши"
"dragon_horn_desc","localization/english/artifacts/targ_artifacts_l_english.yml","32","localization/russian/targ_artifacts_l_russian.yml","33","An ancient dragon horn crafted from the horn of a mighty dragon, this relic is imbued with the essence and power of its legendary origin. The horn’s surface is intricately etched with Valyrian glyphs, hinting at the potent magic within. \n\n#COLOR:{1.0,1.0,1.0};FONT:ValyrianGlyphsFont;SIZE:20 ;Mc:ÆÊU;#!\n","Этот древний инструмент, выточенный из рога могучего дракона, хранит силу своего легендарного происхождения. Его поверхность покрыта тонкой вязью валирийских глифов, намекающих на могущественную магию, заключённую в нём. \n\n#COLOR:{1.0,1.0,1.0};FONT:ValyrianGlyphsFont;SIZE:20 ;Mc:ÆÊU;#!\n","Древний драконий рог, созданный из рога могучего дракона, эта реликвия пропитана сущностью и силой своего легендарного происхождения. Поверхность рога искусно выгравирована валирийскими глифами, намекающими на мощную магию, заключенную в нем. \n\n#COLOR:{1.0,1.0,1.0};FONT:ValyrianGlyphsFont;SIZE:20 ;Mc:ÆÊU;#!\n"
"dragon_horn_end_desc","localization/english/artifacts/targ_artifacts_l_english.yml","34","localization/russian/targ_artifacts_l_russian.yml","35","\n\nAccording to some, dragon horns can be used for taming ancient beasts...","\n\nПо некоторым преданиям, древнее колдовство позволяет таким рогам служить для укрощения драконов...","\n\nПо мнению некоторых, драконьи рога могут использоваться для укрощения древних зверей..."
"dragon_horn_red_1","localization/english/valyrian_fsb_poses_l_english.yml","84","localization/russian/valyrian_fsb_poses_l_russian.yml","85","@valyrian_steel_icon! Dragon Horn Red","@valyrian_steel_icon! Красный драконий рог","@valyrian_steel_icon! Драконий рог красный"
"dragon_horn_red_2","localization/english/valyrian_fsb_poses_l_english.yml","85","localization/russian/valyrian_fsb_poses_l_russian.yml","86","@valyrian_steel_icon! Dragon Horn Red (Glow)","@valyrian_steel_icon! Красный драконий рог (свечение)","@valyrian_steel_icon! Драконий рог красный (Светиться)"
"dragon_horn_red_3","localization/english/valyrian_fsb_poses_l_english.yml","86","localization/russian/valyrian_fsb_poses_l_russian.yml","87","@valyrian_steel_icon! Dragon Horn Red (Glow/Blowing)","@valyrian_steel_icon! Красный драконий рог (свечение/трубление)","@valyrian_steel_icon! Драконий рог красный (Светиться/Дует)"
"dragon_horn_red_desc","localization/english/artifacts/targ_artifacts_l_english.yml","37","localization/russian/targ_artifacts_l_russian.yml","38","$dragon_horn_desc$\nThis horn is constructed with striking red metal inlays and trim, creating a dramatic contrast that accentuates its formidable presence. $dragon_horn_end_desc$","$dragon_horn_desc$\nАлые металлические вставки резко выделяются на поверхности рога и подчёркивают его грозное величие. $dragon_horn_end_desc$","$dragon_horn_desc$\nВ конструкции этого рога использованы яркие вставки и отделка из красного металла, создающие драматический контраст, подчеркивающий его грозный вид. $dragon_horn_end_desc$"
"dragon_horn_silver_1","localization/english/valyrian_fsb_poses_l_english.yml","92","localization/russian/valyrian_fsb_poses_l_russian.yml","93","@valyrian_steel_icon! Dragon Horn Silver","@valyrian_steel_icon! Серебряный драконий рог","@valyrian_steel_icon! Серебряный драконий рог"
"dragon_horn_silver_2","localization/english/valyrian_fsb_poses_l_english.yml","93","localization/russian/valyrian_fsb_poses_l_russian.yml","94","@valyrian_steel_icon! Dragon Horn Silver (Glow)","@valyrian_steel_icon! Серебряный драконий рог (свечение)","@valyrian_steel_icon! Серебряный драконий рог (Светиться)"
"dragon_horn_silver_3","localization/english/valyrian_fsb_poses_l_english.yml","94","localization/russian/valyrian_fsb_poses_l_russian.yml","95","@valyrian_steel_icon! Dragon Horn Silver (Glow/Blowing)","@valyrian_steel_icon! Серебряный драконий рог (свечение/трубление)","@valyrian_steel_icon! Серебряный драконий рог (Светиться/Дует)"
"dragon_horn_silver_desc","localization/english/artifacts/targ_artifacts_l_english.yml","35","localization/russian/targ_artifacts_l_russian.yml","36","$dragon_horn_desc$\nThis horn shines with a soft silver metal with a pale white trim. $dragon_horn_end_desc$","$dragon_horn_desc$\nРог мерцает мягким серебром с бледно-белой окантовкой. $dragon_horn_end_desc$","$dragon_horn_desc$\nЭтот рог блестит мягким серебристым металлом с бледно-белой окантовкой. $dragon_horn_end_desc$"
"dragon_horn_tan_1","localization/english/valyrian_fsb_poses_l_english.yml","88","localization/russian/valyrian_fsb_poses_l_russian.yml","89","@valyrian_steel_icon! Dragon Horn Tan","@valyrian_steel_icon! Песчаный драконий рог","@valyrian_steel_icon! Драконий рог светло-коричневый"
"dragon_horn_tan_2","localization/english/valyrian_fsb_poses_l_english.yml","89","localization/russian/valyrian_fsb_poses_l_russian.yml","90","@valyrian_steel_icon! Dragon Horn Tan (Glow)","@valyrian_steel_icon! Песчаный драконий рог (свечение)","@valyrian_steel_icon! Драконий рог светло-коричневый (Светиться)"
"dragon_horn_tan_3","localization/english/valyrian_fsb_poses_l_english.yml","90","localization/russian/valyrian_fsb_poses_l_russian.yml","91","@valyrian_steel_icon! Dragon Horn Tan (Glow/Blowing)","@valyrian_steel_icon! Песчаный драконий рог (свечение/трубление)","@valyrian_steel_icon! Драконий рог светло-коричневый (Светиться/Дует)"
"dragon_horn_tan_desc","localization/english/artifacts/targ_artifacts_l_english.yml","40","localization/russian/targ_artifacts_l_russian.yml","41","$dragon_horn_desc$\nThis horn has a smooth, sandy-colored surface with subtle natural striations and a warm, earthy glow. $dragon_horn_end_desc$","$dragon_horn_desc$\nГладкая песчаная поверхность рога с едва заметными природными прожилками отливает тёплым землистым светом. $dragon_horn_end_desc$","$dragon_horn_desc$\nЭтот рог имеет гладкую поверхность песочного цвета с едва заметными естественными полосами и теплым, землистым отблеском. $dragon_horn_end_desc$"
"DRAGON_PREFIX","localization/english/modifiers/valyrian_modifiers_l_english.yml","2","localization/russian/valyrian_modifiers_l_russian.yml","3","@temperament_icon!","@temperament_icon!","@temperament_icon!"
"dragon_whip_black","localization/english/valyrian_fsb_poses_l_english.yml","104","localization/russian/valyrian_fsb_poses_l_russian.yml","105","@valyrian_steel_icon! Dragon Whip Black","@valyrian_steel_icon! Чёрная драконья плеть","@valyrian_steel_icon! Драконий хлыст черный"
"dragon_whip_bronze","localization/english/valyrian_fsb_poses_l_english.yml","105","localization/russian/valyrian_fsb_poses_l_russian.yml","106","@valyrian_steel_icon! Dragon Whip Bronze","@valyrian_steel_icon! Бронзовая драконья плеть","@valyrian_steel_icon! Драконий хлыст бронзовый"
"dragon_whip_silver","localization/english/valyrian_fsb_poses_l_english.yml","106","localization/russian/valyrian_fsb_poses_l_russian.yml","107","@valyrian_steel_icon! Dragon Whip Silver","@valyrian_steel_icon! Серебряная драконья плеть","@valyrian_steel_icon! Драконий хлыст серебряный"
"drink_vs_goblet","localization/english/valyrian_fsb_poses_l_english.yml","109","localization/russian/valyrian_fsb_poses_l_russian.yml","110","@valyrian_steel_icon! Valyrian Steel Goblet (Drink)","@valyrian_steel_icon! Кубок из валирийской стали (пьёт)","@valyrian_steel_icon! Кубок из валирийской стали (Пить)"" ""@valyrian_steel_icon! Кубок из валирийской стали (Пить)"
"enchant_dragon_horn","localization/english/valyrian_decisions_l_english.yml","157","localization/russian/valyrian_decisions_l_russian.yml","158","Enchant Dragon Horn","Пробудить драконий рог","Зачаровать рог дракона"
"enchant_dragon_horn_confirm","localization/english/valyrian_decisions_l_english.yml","159","localization/russian/valyrian_decisions_l_russian.yml","160","Lets begin...","Начнём...","Приступим..."
"enchant_dragon_horn_desc","localization/english/valyrian_decisions_l_english.yml","158","localization/russian/valyrian_decisions_l_russian.yml","159","With a bit of my own blood I could unlock the full potential of this Dragon Horn.","Нескольких капель моей крови может хватить, чтобы пробудить истинную силу этого драконьего рога.","Немного собственной крови - и я смогу раскрыть весь потенциал этого драконьего рога."
"enchant_dragon_horn_tooltip","localization/english/valyrian_decisions_l_english.yml","162","localization/russian/valyrian_decisions_l_russian.yml","163","Enchanting this Dragon Horn will allow you to perform a ritual using the horn at a later date.","Пробуждение этого драконьего рога позволит позднее использовать его в ритуале связывания.","Зачаровав этот рог дракона, вы сможете позже провести ритуал с его использованием."
"enchant_dragon_horn_tooltip_2","localization/english/valyrian_decisions_l_english.yml","163","localization/russian/valyrian_decisions_l_russian.yml","164","An enchanted Dragon Horn will slowly wittle away at your health. Beware.","Пробуждённый драконий рог будет медленно подтачивать ваше здоровье. Остерегайтесь.","Зачарованный рог дракона будет медленно истощать ваше здоровье. Берегитесь."
"enchant_dragon_horn_tt","localization/english/valyrian_decisions_l_english.yml","160","localization/russian/valyrian_decisions_l_russian.yml","161","Unlock the secrets within this Dragon Horn","Пробудить тайную силу этого драконьего рога","Откройте секреты, заключенные в этом роге дракона."
"fund_expedition.00021.tt.a","localization/english/valyrian_decisions_l_english.yml","151","localization/russian/valyrian_decisions_l_russian.yml","152","For 200 Gold [choice.GetFirstName] will focus on finding Dragon Eggs","За 200 золота [choice.GetFirstName] сосредоточится на поиске драконьих яиц","За 200 золотых [choice.GetFirstName] сфокусируется на поиске драконьего яйца"
"fund_expedition.00021.tt.b","localization/english/valyrian_decisions_l_english.yml","152","localization/russian/valyrian_decisions_l_russian.yml","153","For 200 Gold [choice.GetFirstName] will focus on finding Valyrian Steel Weapons","За 200 золота [choice.GetFirstName] сосредоточится на поиске оружия из валирийской стали","За 200 золотых [choice.GetFirstName] сфокусируется на поиске оружия из валирийской стали"
"fund_expedition.00021.tt.c","localization/english/valyrian_decisions_l_english.yml","153","localization/russian/valyrian_decisions_l_russian.yml","154","For 100 Gold [choice.GetFirstName] will focus on finding Minor Trinkets","За 100 золота [choice.GetFirstName] сосредоточится на поиске малых валирийских артефактов","За 100 золотых [choice.GetFirstName] сфокусируется на поиске мелких драгоценностей"
"fund_expedition.00021.tt.d","localization/english/valyrian_decisions_l_english.yml","154","localization/russian/valyrian_decisions_l_russian.yml","155","[choice.GetFirstName] will focus on finding Dragon Eggs at no additional cost","[choice.GetFirstName] будет искать любые находки без дополнительной платы","[choice.GetFirstName] сфокусируется на поиске драконьего яйца без дополнительной платы"
"fund_expedition_0001.a","localization/english/valyrian_decisions_l_english.yml","29","localization/russian/valyrian_decisions_l_russian.yml","30","[optionOne.GetFirstName] seems brave, [optionOne.GetSheHe] will not fail me.","[optionOne.GetFirstName] не из робких. [optionOne.GetSheHe|U] не дрогнет в Дымном море.","[optionOne.GetFirstName] кажется храбрым кандидатом, [optionOne.GetSheHe] не подведет меня."
"fund_expedition_0001.a.tt","localization/english/valyrian_decisions_l_english.yml","34","localization/russian/valyrian_decisions_l_russian.yml","35","[optionOne.GetFirstName] will lead the expedition to Old Valyria.","[optionOne.GetFirstName] возглавит экспедицию в Старую Валирию.","[optionOne.GetFirstName] возглавит экспедицию в Старую Валирию."
"fund_expedition_0001.b","localization/english/valyrian_decisions_l_english.yml","30","localization/russian/valyrian_decisions_l_russian.yml","31","I believe that [optionTwo.GetFirstName] has the skill to accomplish this adventure.","Верю, у [optionTwo.GetFirstName] хватит мастерства для этого пути.","[optionTwo.GetFirstName] обладает достаточными навыками для выполнения этой авантюры."
"fund_expedition_0001.b.tt","localization/english/valyrian_decisions_l_english.yml","35","localization/russian/valyrian_decisions_l_russian.yml","36","[optionTwo.GetFirstName] will lead the expedition to Old Valyria.","[optionTwo.GetFirstName] возглавит экспедицию в Старую Валирию.","[optionTwo.GetFirstName] возглавит экспедицию в Старую Валирию."
"fund_expedition_0001.c","localization/english/valyrian_decisions_l_english.yml","31","localization/russian/valyrian_decisions_l_russian.yml","32","[optionThree.GetFirstName] seems promising...Send [optionThree.GetHerHim] to the smoking sea!","[optionThree.GetFirstName] выглядит достойно... Отправить [optionThree.GetHerHim] в Дымное море!","[optionThree.GetFirstName] кажется многообещающим... Отправьте [optionThree.GetHerHim] в дымное море!"
"fund_expedition_0001.c.tt","localization/english/valyrian_decisions_l_english.yml","36","localization/russian/valyrian_decisions_l_russian.yml","37","[optionThree.GetFirstName] will lead the expedition to Old Valyria.","[optionThree.GetFirstName] возглавит экспедицию в Старую Валирию.","[optionThree.GetFirstName] возглавит экспедицию в Старую Валирию."
"fund_expedition_0001.d","localization/english/valyrian_decisions_l_english.yml","32","localization/russian/valyrian_decisions_l_russian.yml","33","They all fail to impress me.","Никто из них не внушает мне доверия.","Все они не производят на меня впечатления."
"fund_expedition_0001_desc","localization/english/valyrian_decisions_l_english.yml","27","localization/russian/valyrian_decisions_l_russian.yml","28","Word of my interest in funding a voyage to Old Valyria has spread quickly within my realm. Despite the danger posed by travelling there, a handful of brave souls have answered my call.\n\n[optionOne.GetFirstName], [optionTwo.GetFirstName], and [optionThree.GetFirstName] stand before me, each petitioning me to lead the expedition.","Слух о том, что я готов снарядить экспедицию в Старую Валирию, быстро разошёлся по моей державе. Даже страх перед Дымным морем не отпугнул всех, кто жаждет славы и древних артефактов: несколько храбрецов откликнулись на мой призыв.\n\n[optionOne.GetFirstName], [optionTwo.GetFirstName] и [optionThree.GetFirstName] стоят передо мной; каждый просит доверить экспедицию именно ему.","Слух о моей заинтересованности в финансировании путешествия в Старую Валирию быстро распространился в моем королевстве. Несмотря на опасность путешествия, горстка отважных душ откликнулась на мой призыв.\n\n[optionOne.GetFirstName], [optionTwo.GetFirstName] и [optionThree.GetFirstName] стоят передо мной, каждый из них просит меня возглавить экспедицию."
"fund_expedition_0001_t","localization/english/valyrian_decisions_l_english.yml","26","localization/russian/valyrian_decisions_l_russian.yml","27","A journey into the Smoking Sea","Путь в Дымное море","Путешествие в Дымное море"
"fund_expedition_0002.a","localization/english/valyrian_decisions_l_english.yml","38","localization/russian/valyrian_decisions_l_russian.yml","39","Farewell [choice.GetFirstName]...","Прощай, [choice.GetFirstName]...","Прощай [choice.GetFirstName]..."
"fund_expedition_0002_desc","localization/english/valyrian_decisions_l_english.yml","39","localization/russian/valyrian_decisions_l_russian.yml","40","[choice.GetFirstName] meets me at the docks, [choice.GetSheHe] has collected a decent crew and enough men to carry out the voyage to Old Valyria. [choice.GetSheHe|U] bows before me and speaks.\n\n""[ROOT.Char.GetTitledFirstName], I will not fail you. I will return to you with the treasures that were lost long ago in the Doom. You have my word""\n\nWith that [choice.GetSheHe] departs, taking [choice.GetHerHis] ship and [choice.GetHerHis] men westward into the Smoking Sea","[choice.GetFirstName] встречает меня на пристани. [choice.GetSheHe|U] [Select_CString(choice.IsFemale, 'собрала', 'собрал' )] добротную команду и достаточно людей, чтобы отправиться в Старую Валирию. [choice.GetSheHe|U] склоняется передо мной и говорит:\n\n«[ROOT.Char.GetTitledFirstName], я не подведу вас. Я вернусь с сокровищами, утраченными со времён Рока Валирии. Даю слово».\n\nС этими словами [choice.GetSheHe] отплывает на запад, уводя корабль и команду в Дымное море.","[choice.GetFirstName] встречает меня в доках, [choice.GetSheHe] [Select_CString(choice.IsFemale, 'собрала', 'собрал')] приличную команду и достаточно людей, чтобы совершить путешествие в Старую Валирию. [choice.GetSheHe|U] склоняется передо мной и говорит.\n\n""[ROOT.Char.GetTitledFirstName], я не подведу вас. Я вернусь к вам с сокровищами, которые были потеряны давным-давно в Роке. Даю вам слово.\n\nС этим [choice.GetSheHe] уходит, ведя [choice.GetHerHis] корабль и [choice.GetHerHis] людей на запад, в Дымное море."
"fund_expedition_00021.a","localization/english/valyrian_decisions_l_english.yml","145","localization/russian/valyrian_decisions_l_russian.yml","146","Find me a Dragon Egg...","Найди мне драконье яйцо...","Найди мне драконье яйцо..."
"fund_expedition_00021.b","localization/english/valyrian_decisions_l_english.yml","146","localization/russian/valyrian_decisions_l_russian.yml","147","Bring me a weapon of Valyrian Steel...","Привези мне оружие из валирийской стали...","Принеси мне оружие из валирийской стали..."
"fund_expedition_00021.c","localization/english/valyrian_decisions_l_english.yml","147","localization/russian/valyrian_decisions_l_russian.yml","148","Bring back a Trinket...","Вернись с малым валирийским артефактом...","Принеси мне драгоценности..."
"fund_expedition_00021.d","localization/english/valyrian_decisions_l_english.yml","148","localization/russian/valyrian_decisions_l_russian.yml","149","Anything will do...","Подойдёт любая находка...","Все, что угодно..."
"fund_expedition_00021.e","localization/english/valyrian_decisions_l_english.yml","149","localization/russian/valyrian_decisions_l_russian.yml","150","Nevermind, cancel the trip...","Нет. Отменить плавание...","Неважно, отмени поездку..."
"fund_expedition_00021_desc","localization/english/valyrian_decisions_l_english.yml","143","localization/russian/valyrian_decisions_l_russian.yml","144","[choice.GetFirstName] gathers a crew and prepares to leave at once. While my instructions are to find any artifacts, with a bit of extra gold it is likely that [choice.GetFirstName] could focus [choice.GetHerHis] efforts on finding a specific item...","[choice.GetFirstName] собирает команду и готовится немедленно отплыть. Я велел искать любые артефакты, но за дополнительное золото [choice.GetFirstName], вероятно, сможет сосредоточить усилия на конкретном типе находки...","[choice.GetFirstName] собирает команду и готовится немедленно отправиться в путь. Хотя в мои указания входит поиск любых артефактов, с небольшим количеством дополнительного золота, вероятно, [choice.GetFirstName] сможет направить усилия [choice.GetHerHis] на поиск конкретного предмета..."
"fund_expedition_0004.a","localization/english/valyrian_decisions_l_english.yml","43","localization/russian/valyrian_decisions_l_russian.yml","44","What a disaster...","Старая Валирия снова взяла своё...","Какая катастрофа..."
"fund_expedition_0004_desc","localization/english/valyrian_decisions_l_english.yml","42","localization/russian/valyrian_decisions_l_russian.yml","43","At this point [choice.GetFirstName] and [choice.GetHerHis] crew are long overdue...\n\nI fear that Valyria has claimed yet another soul...","[choice.GetFirstName] и команда [choice.GetFirstNamePossessive] должны были вернуться уже давно...\n\nБоюсь, Старая Валирия забрала ещё одну душу.","На данный момент [choice.GetFirstName] и [choice.GetHerHis] экипажу давно пора вернутся...\n\nЯ боюсь, что Валирия забрала еще одну душу..."
"fund_expedition_0004_t","localization/english/valyrian_decisions_l_english.yml","41","localization/russian/valyrian_decisions_l_russian.yml","42","A failed expedition","Экспедиция не вернулась","Неудачная экспедиция"
"fund_expedition_0005.a","localization/english/valyrian_decisions_l_english.yml","49","localization/russian/valyrian_decisions_l_russian.yml","50","I pray for [choice.GetHerHis] speedy recovery...","Молюсь, чтобы [choice.GetFirstName] [Select_CString(choice.IsFemale, 'оправилась', 'оправился' )]...","Я молюсь за [choice.GetHerHis] скорейшее выздоровление..."
"fund_expedition_0005_desc","localization/english/valyrian_decisions_l_english.yml","48","localization/russian/valyrian_decisions_l_russian.yml","49","I hear word that [choice.GetFirstNamePossessive] ship has been sighted. In time the ship makes its way to dock...\n\nAs I arrive to congratulate [choice.GetFirstName] for [choice.GetHerHis] safe return I spot [choice.GetHerHim] being dragged off the ship by [choice.GetHerHis] crew. Something clearly went horribly wrong during the journey.","До меня доходят вести, что корабль [choice.GetFirstNamePossessive] заметили у берега. Вскоре он входит в гавань...\n\nЯ прихожу поздравить [choice.GetFirstName] с благополучным возвращением, но вижу, как команда стаскивает [choice.GetHerHim] с палубы. Что бы ни случилось в Дымном море, плавание оставило страшный след на [choice.GetFirstName].","Я слышал, что корабль [choice.GetFirstNamePossessive] был замечен. Через некоторое время корабль прибывает в док...\n\nКогда я прибыл поздравить [choice.GetFirstName] с благополучным возвращением, я увидел, что [choice.GetHerHis] вытаскивают с [choice.GetHerHis] корабля. Что-то явно пошло не так во время путешествия."
"fund_expedition_0005_t","localization/english/valyrian_decisions_l_english.yml","47","localization/russian/valyrian_decisions_l_russian.yml","48","The expedition returns","Экспедиция возвращается","Экспедиция возвращается"
"fund_expedition_0006.a","localization/english/valyrian_decisions_l_english.yml","56","localization/russian/valyrian_decisions_l_russian.yml","57","Impressive...","Впечатляет...","Впечатляет..."
"fund_expedition_0006_alt_desc","localization/english/valyrian_decisions_l_english.yml","54","localization/russian/valyrian_decisions_l_russian.yml","55","[choice.GetFirstName] slowly opens the box and pulls out the artifact. [choice.GetSheHe|U] hands me a [newly_created_artifact.GetName]!\n\n""Valyrian Steel my [ROOT.Char.GetLadyLord]. May it serve you well."" [choice.GetSheHe|U] says.","[choice.GetFirstName] откидывает крышку сундука и достаёт артефакт. [choice.GetSheHe|U] вручает мне [newly_created_artifact.GetName]!\n\n«Валирийская сталь, [ROOT.Char.GetLadyLord]. Пусть она верно служит вам», — говорит [choice.GetSheHe].","[choice.GetFirstName] медленно открывает ящик и достает артефакт. [choice.GetSheHe|l] вручает мне [newly_created_artifact.GetName]!\n\n ""Валирийская сталь, [Select_CString(ROOT.Char.IsFemale, 'моя', ' мой')] [ROOT.Char.GetLadyLord]. Да послужит она вам на благо."" говорит [choice.GetSheHe|l]."
"fund_expedition_0006_desc","localization/english/valyrian_decisions_l_english.yml","53","localization/russian/valyrian_decisions_l_russian.yml","54","One of the crew members approaches me afterward and brings me to a box that [choice.GetFirstName] had set aside for me. I open the box to discover a [newly_created_artifact.GetName]!","Позже моряк из команды ведёт меня к сундуку, который [choice.GetFirstName] [Select_CString(choice.IsFemale, 'оставила', 'оставил' )] для меня. Внутри — [newly_created_artifact.GetName]!","После этого ко мне подходит один из членов команды и подводит меня к ящику, который [choice.GetFirstName] [Select_CString(choice.IsFemale, 'отложила', 'отложил')] для меня. Я открываю ящик и обнаруживаю [newly_created_artifact.GetName]!"
"fund_expedition_0006_t","localization/english/valyrian_decisions_l_english.yml","52","localization/russian/valyrian_decisions_l_russian.yml","53","A remnant of Old Valyria","Осколок Старой Валирии","Остатки старой Валирии"
"fund_expedition_0007.a","localization/english/valyrian_decisions_l_english.yml","77","localization/russian/valyrian_decisions_l_russian.yml","78","[choice.GetFirstName] may have brought back more than just treasure...","[choice.GetFirstName], возможно, [Select_CString(choice.IsFemale, 'принесла', 'принёс' )] из Старой Валирии не только сокровища...","[choice.GetFirstName], возможно, [Select_CString(choice.IsFemale, 'принесла', 'принёс' )] не только сокровища..."
"fund_expedition_0007_desc","localization/english/valyrian_decisions_l_english.yml","76","localization/russian/valyrian_decisions_l_russian.yml","77","I hear word that [choice.GetFirstNamePossessive] ship has been sighted. In time the ship makes its way to dock...\n\nAs I arrive to congratulate [choice.GetFirstName] for [choice.GetHerHis] safe return I immediately notice something is wrong. [choice.GetFirstName] is visibly sick. [choice.GetSheHe|U] approaches me and begins to speak. \n\n""[ROOT.Char.GetTitledFirstName]...I...never..."" before [choice.GetSheHe] could finish [choice.GetSheHe] collapses in front of me. My men drag [choice.GetHerHim] to the healers for further examination...\n\nI also notice that several of [choice.GetFirstNamePossessive] crew are also suffering from the same illness...","До меня доходят вести, что корабль [choice.GetFirstNamePossessive] заметили у берега. Вскоре он входит в гавань...\n\nЯ прихожу поздравить [choice.GetFirstName] с благополучным возвращением и сразу понимаю: дело неладно. [choice.GetFirstName] выглядит [Select_CString(choice.IsFemale, 'смертельно больной', 'смертельно больным' )]. [choice.GetSheHe|U] делает несколько шагов ко мне и пытается заговорить:\n\n«[ROOT.Char.GetTitledFirstName]... я... никогда...» — но [choice.GetSheHe] не успевает закончить и падает прямо передо мной. Мои люди уносят [choice.GetHerHim] к лекарям...\n\nЯ замечаю, что несколько членов команды [choice.GetFirstNamePossessive] страдают от той же валирийской хвори.","Я слышал, что корабль [choice.GetFirstNamePossessive] был замечен. Через некоторое время корабль прибывает в док...\n\nКогда я прибыл поздравить [choice.GetFirstName] с благополучным возвращением, я сразу заметил, что что-то не так. [choice.GetFirstName] заметно [Select_CString(choice.IsFemale, 'больна', 'болен' )].  [choice.GetSheHe|U] подходит ко мне и начинает говорить. \n\n""[ROOT.Char.GetTitledFirstName]... я... никогда..."" прежде чем  [choice.GetSheHe]  [Select_CString(choice.IsFemale, 'смогла', 'смог')] закончить [choice.GetSheHe] [Select_CString(victor.IsFemale, 'рухнула', 'рухнул')] передо мной. Мои люди тащат [choice.GetHerHim] к целителям для дальнейшего осмотра...\n\nЯ также заметил, что несколько членов команды [choice.GetFirstNamePossessive] также страдают от той же болезни..."
"fund_expedition_0007_t","localization/english/valyrian_decisions_l_english.yml","75","localization/russian/valyrian_decisions_l_russian.yml","76","The expedition returns","Экспедиция возвращается","Экспедиция возвращается"
"fund_expedition_0008_alt_desc","localization/english/valyrian_decisions_l_english.yml","61","localization/russian/valyrian_decisions_l_russian.yml","62","[choice.GetFirstName] slowly opens the box and pulls out the artifact. [choice.GetSheHe|U] hands me an unhatched [newly_created_artifact.GetName]!\n\nWhile it likely will never hatch, this egg is a reminder of what gave the Valyrians their power and gives hope that the might of Dragons may one day return.\n\n""A dragon egg my [ROOT.Char.GetLadyLord]. May it bring you good fortune."" [choice.GetSheHe|U] says.","[choice.GetFirstName] открывает сундук и осторожно достаёт артефакт. [choice.GetSheHe|U] протягивает мне невылупившееся [newly_created_artifact.GetName]!\n\nДаже если из этого яйца, скорее всего, уже никогда не вылупится дракон, оно напоминает о силе, которую драконы даровали валирийцам, и оставляет надежду: быть может, мощь драконов однажды вернётся.\n\n«Драконье яйцо, [ROOT.Char.GetLadyLord]. Пусть оно принесёт вам удачу», — говорит [choice.GetSheHe].","[choice.GetFirstName] медленно открывает коробку и достает артефакт. [choice.GetSheHe|l] протягивает мне невылупившийся [newly_created_artifact.GetName].\n\nХотя оно, скорее всего, никогда не вылупится, это яйцо напоминает о том, что дало валирийцам их силу, и дает надежду, что могущество драконов когда-нибудь вернется.\n\n ""Яйцо дракона, [Select_CString(ROOT.Char.IsFemale, 'моя', ' мой')] [ROOT.Char.GetLadyLord]. Пусть оно принесет вам удачу"". говорит [choice.GetSheHe|l]."
"fund_expedition_0008_desc","localization/english/valyrian_decisions_l_english.yml","59","localization/russian/valyrian_decisions_l_russian.yml","60","One of the crew members approaches me afterward and brings me to a box that [choice.GetFirstName] had set aside for me. I open the box to discover a [newly_created_artifact.GetName]!\n\nWhile it likely will never hatch, this egg is a reminder of what gave the Valyrians their power and gives hope that the might of Dragons may one day return.","Позже один из матросов показывает мне сундук, который [choice.GetFirstName] [Select_CString(choice.IsFemale, 'оставила', 'оставил' )] для меня. Внутри — [newly_created_artifact.GetName]!\n\nДаже если из этого яйца, скорее всего, уже никогда не вылупится дракон, оно напоминает о силе, которую драконы даровали валирийцам, и оставляет надежду: быть может, мощь драконов однажды вернётся.","После этого один из членов команды подходит ко мне и подводит меня к коробке, которую [choice.GetFirstName] [Select_CString(choice.IsFemale, 'отложила', 'отложил')] для меня. Я открываю ящик и обнаруживаю [newly_created_artifact.GetName]!\n\nХотя оно, скорее всего, никогда не вылупится, это яйцо напоминает о том, что дало валирийцам их силу, и дает надежду на то, что могущество драконов однажды может вернуться."
"fund_expedition_0009_alt_desc","localization/english/valyrian_decisions_l_english.yml","66","localization/russian/valyrian_decisions_l_russian.yml","67","[choice.GetFirstName] slowly opens the box and pulls out the artifact. [choice.GetSheHe|U] hands me a [newly_created_artifact.GetName]!\n\nGlass candles are rumored to allow sorcerers can see across mountains, seas and deserts. It is said that the flame of the candle can give men visions and dreams and allow them communicate with one another half a world apart.\n\n[choice.GetSheHe|U] also hands me a purse of gold. ""Gold to cover some of the expenses of the journey, my [ROOT.Char.GetLadyLord]"" [choice.GetSheHe|U] says.","[choice.GetFirstName] приподнимает крышку сундука и достаёт артефакт. [choice.GetSheHe|U] вручает мне [newly_created_artifact.GetName]!\n\nПо слухам, стеклянные свечи позволяют колдунам видеть сквозь горы, моря и пустыни. Их пламя дарует видения и сны, а также позволяет людям беседовать друг с другом через полмира.\n\n[choice.GetSheHe|U] также вручает мне кошель с золотом. «Это покроет часть расходов на экспедицию, [ROOT.Char.GetLadyLord]», — говорит [choice.GetSheHe].","[choice.GetFirstName] медленно открывает коробку и достает артефакт. [choice.GetSheHe|l] протягивает мне [newly_created_artifact.GetName]!\n\nПо слухам, стеклянные свечи позволяют колдунам видеть через горы, моря и пустыни. Говорят, что пламя свечи может дарить людям видения и сны и позволять им общаться друг с другом на расстоянии в полмира.\n\n[choice.GetSheHe|l] также вручает мне кошелек с золотом. ""Золото, чтобы покрыть некоторые расходы на путешествие, [Select_CString(ROOT.Char.IsFemale, 'моя', ' мой')] [ROOT.Char.GetLadyLord]"" [choice.GetSheHe|l] говорит."
"fund_expedition_0009_desc","localization/english/valyrian_decisions_l_english.yml","64","localization/russian/valyrian_decisions_l_russian.yml","65","One of the crew members approaches me afterward and brings me to a box that [choice.GetFirstName] had set aside for me. I open the box to discover a [newly_created_artifact.GetName]!\n\nGlass candles are rumored to allow sorcerers can see across mountains, seas and deserts. It is said that the flame of the candle can give men visions and dreams and allow them communicate with one another half a world apart.\n\nThe bottom of the chest is filled with gold aswell, which will partially cover the cost of the expedition.","Позже меня приводят к сундуку, который [choice.GetFirstName] [Select_CString(choice.IsFemale, 'оставила', 'оставил' )] для меня. Внутри — [newly_created_artifact.GetName]!\n\nПо слухам, стеклянные свечи позволяют колдунам видеть сквозь горы, моря и пустыни. Их пламя дарует видения и сны, а также позволяет людям беседовать друг с другом через полмира.\n\nНа дне сундука лежит и золото — его хватит, чтобы покрыть часть расходов на экспедицию.","После этого один из членов команды подходит ко мне и подводит к коробке, которую  [choice.GetFirstName] [Select_CString(choice.IsFemale, 'отложила', 'отложил')] для меня. Я открываю ящик и обнаруживаю [newly_created_artifact.GetName]!\n\nСтеклянные свечи, по слухам, позволяют колдунам видеть через горы, моря и пустыни. Говорят, что пламя свечи может давать людям видения и сны и позволять им общаться друг с другом на расстоянии в полмира.\n\nДно сундука также наполнено золотом, что частично покроет расходы на экспедицию."
"fund_expedition_0010.a","localization/english/valyrian_decisions_l_english.yml","91","localization/russian/valyrian_decisions_l_russian.yml","92","Oh? What have you brought me?","Что экспедиция принесла из руин?","О? Что вы мне принесли?"
"fund_expedition_0010_desc","localization/english/valyrian_decisions_l_english.yml","90","localization/russian/valyrian_decisions_l_russian.yml","91","I hear word that [choice.GetFirstNamePossessive] ship has been sighted. In time the ship makes its way to dock...\n\nAs I arrive to congratulate [choice.GetFirstName] for [choice.GetHerHis] safe return. I spot [choice.GetHerHim] walk off the ship with a wide grin on [choice.GetHerHis] face.\n\n""[ROOT.Char.GetTitledFirstName]! As promised I have returned! My crew sailed the smoking sea, explored the lost cities of Valyria, and witnessed the many horrors that plague that land. During the journey we found many artifacts, the greatest of which I have saved just for you my [ROOT.Char.GetLadyLord|U].""\n\nHe walks back onto his ship leading me toward a box. ","До меня доходят вести, что корабль [choice.GetFirstNamePossessive] заметили у берега. Вскоре он входит в гавань...\n\nЯ прихожу поздравить [choice.GetFirstName] с благополучным возвращением и вижу, как [choice.GetSheHe] с широкой улыбкой сходит с палубы.\n\n«[ROOT.Char.GetTitledFirstName]! Как и [Select_CString(choice.IsFemale, 'обещала', 'обещал' )], я [Select_CString(choice.IsFemale, 'вернулась', 'вернулся' )]! Моя команда прошла через Дымное море, исследовала затерянные города Старой Валирии и видела ужасы, что терзают этот край. В пути мы нашли немало древних артефактов, но лучший я [Select_CString(choice.IsFemale, 'приберегла', 'приберёг' )] именно для вас, [ROOT.Char.GetLadyLord|U]».\n\n[choice.GetFirstName] возвращается на корабль и ведёт меня к сундуку.","Я слышал, что корабль [choice.GetFirstNamePossessive] был замечен. Через некоторое время корабль прибывает в док...\n\nКогда я прибыл поздравить [choice.GetFirstName] с благополучным возвращением [choice.GetHerHis]. Я вижу, как [choice.GetHerHim] сходит с корабля с широкой ухмылкой на [choice.GetHerHis] лице.\n\n""[ROOT.Char.GetTitledFirstName]! Как и [Select_CString(choice.IsFemale, 'обещала', 'обещал' )], я [Select_CString(choice.IsFemale, 'вернулась', 'вернулся' )]!   Мой экипаж переплыл дымящееся море, исследовал затерянные города Валирии и стал свидетелем многих ужасов, которые терзают эту землю. Во время путешествия мы нашли множество артефактов, величайший из которых я сохранил специально для вас, [Select_CString(ROOT.Char.IsFemale, 'моя', ' мой')] [ROOT.Char.GetLadyLord|l].""\n\n [choice.GetSheHe] возвращается на корабль и ведет меня к ящику."
"fund_expedition_0011.a","localization/english/valyrian_decisions_l_english.yml","140","localization/russian/valyrian_decisions_l_russian.yml","141","Such power...","Такая сила не даётся даром...","Такая сила..."
"fund_expedition_0011_alt_desc","localization/english/valyrian_decisions_l_english.yml","132","localization/russian/valyrian_decisions_l_russian.yml","133","[choice.GetFirstName] slowly opens the box and pulls out the artifact. [choice.GetSheHe|U] hands me a [newly_created_artifact.GetName]!\n\nDragon horns are ancient devices used by the Dragon Lords of Old Valyria.\n\nWith some strange sorcery such an item could help to tame a Dragon...or so the legends say.\n\nAncient glpyhs decorate the horn.\n\n#COLOR:{1.0,1.0,1.0};FONT:ValyrianGlyphsFont;SIZE:20 ;Mc:ÆÊU;#!\n\nHowever their meanings seem lost to time...","[choice.GetFirstName] открывает сундук и достаёт артефакт. [choice.GetSheHe|U] вручает мне [newly_created_artifact.GetName]!\n\nДраконьи рога — древние орудия власти драконьих владык Старой Валирии.\n\nСказывают, древнее колдовство позволяет таким рогам укрощать драконов... если верить легендам.\n\nПоверхность рога покрыта древними глифами.\n\n#COLOR:{1.0,1.0,1.0};FONT:ValyrianGlyphsFont;SIZE:20 ;Mc:ÆÊU;#!\n\nНо их смысл, похоже, утрачен в веках...","[choice.GetFirstName] медленно открывает ящик и достает артефакт. [choice.GetSheHe|U] протягивает мне [newly_created_artifact.GetName]!\n\nДраконьи рога - это древние инструменты, которыми пользовались Повелители Драконов Старой Валирии.\n\nС помощью странного колдовства такой предмет может помочь приручить дракона... или так утверждают легенды.\n\nДревние глифы украшают рог.\n\n#COLOR:{1.0,1.0,1.0};FONT:ValyrianGlyphsFont;SIZE:20 ;Mc:ÆÊU;#!\n\nОднако их значение кажется забытым со временем..."
"fund_expedition_0011_desc","localization/english/valyrian_decisions_l_english.yml","136","localization/russian/valyrian_decisions_l_russian.yml","137","One of the crew members approaches me afterward and brings me to a box that [choice.GetFirstName] had set aside for me. I open the box to discover a [newly_created_artifact.GetName]!\n\nDragon horns are ancient devices used by the Dragon Lords of Old Valyria.\n\nWith some strange sorcery such an item could help to tame a Dragon...or so the legends say.\n\nAncient glpyhs decorate the horn.\n\n#COLOR:{1.0,1.0,1.0};FONT:ValyrianGlyphsFont;SIZE:20 ;Mc:ÆÊU;#!\n\nHowever their meanings seem lost to time...","Позже моряк из команды проводит меня к сундуку, который [choice.GetFirstName] [Select_CString(choice.IsFemale, 'оставила', 'оставил' )] для меня. Внутри — [newly_created_artifact.GetName]!\n\nДраконьи рога — древние орудия власти драконьих владык Старой Валирии.\n\nСказывают, древнее колдовство позволяет таким рогам укрощать драконов... если верить легендам.\n\nПоверхность рога покрыта древними глифами.\n\n#COLOR:{1.0,1.0,1.0};FONT:ValyrianGlyphsFont;SIZE:20 ;Mc:ÆÊU;#!\n\nНо их смысл, похоже, утрачен в веках...","После этого один из членов команды подходит ко мне и подводит к ящику, который [choice.GetFirstName] Открыв ящик, я обнаруживаю [newly_created_artifact.GetName]!\n\nДраконьи рога - это древние инструменты, которыми пользовались Повелители Драконов Старой Валирии.\n\nС помощью странного колдовства такой предмет может помочь приручить дракона... или так утверждают легенды.\n\nДревние глифы украшают рог.\n\n#COLOR:{1.0,1.0,1.0};FONT:ValyrianGlyphsFont;SIZE:20 ;Mc:ÆÊU;#!\n\nОднако их значение кажется забытым со временем..."
"fund_expedition_0011_t","localization/english/valyrian_decisions_l_english.yml","130","localization/russian/valyrian_decisions_l_russian.yml","131","A power man should never have trifled with...","Сила, с которой не следовало играть...","Человек, обладающий властью, не должен был шутить с..."
"fund_expedition_0011_valyrian_alt_desc","localization/english/valyrian_decisions_l_english.yml","138","localization/russian/valyrian_decisions_l_russian.yml","139","One of the crew members approaches me afterward and brings me to a box that [choice.GetFirstName] had set aside for me. I open the box to discover a [newly_created_artifact.GetName]!\n\nDragon horns are ancient devices used by the Dragon Lords of Old Valyria.\n\nWith some strange sorcery such an item could help to tame a Dragon...or so the legends say.\n\n#COLOR:{1.0,1.0,1.0};FONT:ValyrianGlyphsFont;SIZE:20 ;Mc:ÆÊU;#!\n\n""All Dragons Must Serve""","Позже моряк из команды проводит меня к сундуку, который [choice.GetFirstName] [Select_CString(choice.IsFemale, 'оставила', 'оставил' )] для меня. Внутри — [newly_created_artifact.GetName]!\n\nДраконьи рога — древние орудия власти драконьих владык Старой Валирии.\n\nСказывают, древнее колдовство позволяет таким рогам укрощать драконов... если верить легендам.\n\n#COLOR:{1.0,1.0,1.0};FONT:ValyrianGlyphsFont;SIZE:20 ;Mc:ÆÊU;#!\n\n«Все драконы должны служить»","После этого один из членов команды подходит ко мне и подводит к ящику, который [choice.GetFirstName] Открыв ящик, я обнаруживаю [newly_created_artifact.GetName]!\n\nДраконьи рога - это древние инструменты, которыми пользовались Повелители Драконов Старой Валирии.\n\nС помощью странного колдовства такой предмет может помочь приручить дракона... или так утверждают легенды.\n\n#COLOR:{1.0,1.0,1.0};FONT:ValyrianGlyphsFont;SIZE:20 ;Mc:ÆÊU;#!\n\n""Все драконы должны служить"
"fund_expedition_0011_valyrian_desc","localization/english/valyrian_decisions_l_english.yml","134","localization/russian/valyrian_decisions_l_russian.yml","135","[choice.GetFirstName] slowly opens the box and pulls out the artifact. [choice.GetSheHe|U] hands me a [newly_created_artifact.GetName]!\n\nDragon horns are ancient devices used by the Dragon Lords of Old Valyria.\n\nWith some strange sorcery such an item could help to tame a Dragon...or so the legends say.\n\nAncient glpyhs decorate the horn.\n\n#COLOR:{1.0,1.0,1.0};FONT:ValyrianGlyphsFont;SIZE:20 ;Mc:ÆÊU;#!\n\n""All Dragons Must Serve"" ","[choice.GetFirstName] открывает сундук и достаёт артефакт. [choice.GetSheHe|U] вручает мне [newly_created_artifact.GetName]!\n\nДраконьи рога — древние орудия власти драконьих владык Старой Валирии.\n\nСказывают, древнее колдовство позволяет таким рогам укрощать драконов... если верить легендам.\n\nПоверхность рога покрыта древними глифами.\n\n#COLOR:{1.0,1.0,1.0};FONT:ValyrianGlyphsFont;SIZE:20 ;Mc:ÆÊU;#!\n\n«Все драконы должны служить»","[choice.GetFirstName] медленно открывает ящик и достает артефакт. [choice.GetSheHe|U] протягивает мне [newly_created_artifact.GetName]!\n\nДраконьи рога - это древние инструменты, которыми пользовались Повелители Драконов Старой Валирии.\n\nС помощью странного колдовства такой предмет может помочь приручить дракона... или так утверждают легенды.\n\nДревние глифы украшают рог.\n\n#COLOR:{1.0,1.0,1.0};FONT:ValyrianGlyphsFont;SIZE:20 ;Mc:ÆÊU;#!\n\n""Все драконы должны служить"""
"fund_expedition_0012_alt_desc","localization/english/valyrian_decisions_l_english.yml","102","localization/russian/valyrian_decisions_l_russian.yml","103","[choice.GetFirstName] slowly opens the box and pulls out the artifact. [choice.GetSheHe|U] hands me a [newly_created_artifact.GetName]!\n\n""A Dragon whip once wielded by an ancient Dragon Lord. May it serve you well."" [choice.GetSheHe|U] says.\n\nAs you take the whip, you feel a surge of connection to the ancient dragonlords, a sense of awe at holding such a potent piece of history.","[choice.GetFirstName] открывает сундук и достаёт артефакт. [choice.GetSheHe|U] вручает мне [newly_created_artifact.GetName]!\n\n«Драконья плеть, которой некогда владел древний драконий владыка. Пусть она верно служит вам», — говорит [choice.GetSheHe].\n\nБеря плеть в руки, я ощущаю внезапную связь с древними драконьими владыками — и трепет перед орудием их власти.","[choice.GetFirstName] медленно открывает ящик и достает артефакт. [choice.GetSheHe|U] протягивает мне [newly_created_artifact.GetName]!\n\n""Драконья плеть, которой когда-то владел древний Драконий владыка. Пусть он послужит вам на благо"" [choice.GetSheHe|U] says.\n\nКак только вы берете кнут, вы чувствуете прилив связи с древними повелителями драконов, чувство благоговения от того, что держите в руках такой значимый кусок истории."
"fund_expedition_0012_desc","localization/english/valyrian_decisions_l_english.yml","96","localization/russian/valyrian_decisions_l_russian.yml","97","One of the crew members approaches me afterward and brings me to a box that [choice.GetFirstName] had set aside for me. I open the box to discover a [newly_created_artifact.GetName]! As you take the whip, you feel a surge of connection to the ancient dragonlords, a sense of awe at holding such a potent piece of history.","Позже меня проводят к сундуку, который [choice.GetFirstName] [Select_CString(choice.IsFemale, 'оставила', 'оставил' )] для меня. Внутри — [newly_created_artifact.GetName]! Беря плеть в руки, я ощущаю внезапную связь с древними драконьими владыками — и трепет перед орудием их власти.","После этого один из членов команды подходит ко мне и подводит к ящику, который [choice.GetFirstName] приготовил для меня. Открыв ящик, я обнаруживаю [newly_created_artifact.GetName]! Взяв в руки кнут, вы ощущаете прилив связи с древними владыками драконов и благоговение от того, что держите в руках такой значимый предмет истории."
"fund_expedition_0012_t","localization/english/valyrian_decisions_l_english.yml","95","localization/russian/valyrian_decisions_l_russian.yml","96","A remnant of Old Valyria","Орудие драконьих владык","Остатки Старой Валирии"
"fund_expedition_0013_alt_desc","localization/english/valyrian_decisions_l_english.yml","108","localization/russian/valyrian_decisions_l_russian.yml","109","[choice.GetFirstName] slowly opens the box and pulls out the artifact. [choice.GetSheHe|U] hands me a [newly_created_artifact.GetName]! Ancient and long lost knowlege in the forms of Valyrian script line the pages...\n\nPerhaps you could gleam the ways of ancient Dragonlords from these pages?","[choice.GetFirstName] открывает сундук и достаёт артефакт. [choice.GetSheHe|U] вручает мне [newly_created_artifact.GetName]! Страницы покрыты валирийской вязью; в ней скрыто древнее знание, давно недоступное живым...\n\nБыть может, в этих строках скрыты тайны драконьих владык?","[choice.GetFirstName] медленно открывает ящик и достает артефакт. [choice.GetSheHe|U] протягивает мне [newly_created_artifact.GetName]! Древние и давно утерянные знания в виде валиряийских письмён заполняют страницы...\n\nВозможно, вы сможете узнать пути древних Владык драконов с этих страниц?"
"fund_expedition_0013_desc","localization/english/valyrian_decisions_l_english.yml","106","localization/russian/valyrian_decisions_l_russian.yml","107","One of the crew members approaches me afterward and brings me to a box that [choice.GetFirstName] had set aside for me. I open the box to discover a [newly_created_artifact.GetName]! Ancient and long lost knowlege in the forms of Valyrian script line the pages...\n\nPerhaps you could gleam the ways of ancient Dragonlords from these pages?","Позже меня подводят к сундуку, который [choice.GetFirstName] [Select_CString(choice.IsFemale, 'оставила', 'оставил' )] для меня. Внутри — [newly_created_artifact.GetName]! Страницы покрыты валирийской вязью; в ней скрыто древнее знание, давно недоступное живым...\n\nБыть может, в этих строках скрыты тайны драконьих владык?","После этого один из членов команды подходит ко мне и подводит к ящику, который [choice.GetFirstName] Открыв ящик, я обнаруживаю [newly_created_artifact.GetName]! Древние и давно утерянные знания в виде валиряийских письмён заполняют страницы...\n\nВозможно, вы сможете узнать пути древних Владык драконов с этих страниц?"
"fund_expedition_0013_t","localization/english/valyrian_decisions_l_english.yml","105","localization/russian/valyrian_decisions_l_russian.yml","106","Knowledge from Old Valyria","Знания Старой Валирии","Знания Старой Валирии"
"fund_expedition_0014.a","localization/english/valyrian_decisions_l_english.yml","115","localization/russian/valyrian_decisions_l_russian.yml","116","Interesting...","Всё же это валирийская сталь...","Интересно..."
"fund_expedition_0014_alt_desc","localization/english/valyrian_decisions_l_english.yml","114","localization/russian/valyrian_decisions_l_russian.yml","115","[choice.GetFirstName] slowly opens the box and pulls out the artifact. [choice.GetSheHe|U] hands me a [newly_created_artifact.GetName]! The cup, though finely made, lacks the awe-inspiring presence one might have hoped for—a simple drinking vessel instead of a legendary weapon or powerful artifact. The layered surface, though impressive, feels underwhelming compared to the dangerous ruins that were ventured through to retrieve it.\n\nIt seems as if with the right smith this cup could be reforged into a greater item...","[choice.GetFirstName] открывает сундук и достаёт артефакт. [choice.GetSheHe|U] вручает мне [newly_created_artifact.GetName]! Кубок сделан искусно, но ему недостаёт величия, которого я ждал: это всего лишь сосуд для питья, а не легендарное оружие и не могущественный артефакт. Слоистая поверхность валирийской стали впечатляет, но после всех опасностей руин Валирии награда кажется слишком скромной.\n\nИ всё же умелый кузнец, пожалуй, смог бы перековать этот кубок в нечто большее.","[choice.GetFirstName] медленно открывает ящик и достает артефакт. [choice.GetSheHe|U] протягивает мне [newly_created_artifact.GetName]! Чаша, хотя и сделана прекрасно, не обладает тем трепетным присутствием, на которое можно было бы рассчитывать, - это простой сосуд для питья, а не легендарное оружие или мощный артефакт. Многослойная поверхность, хотя и впечатляет, кажется не слишком впечатляющей по сравнению с опасными руинами, через которые пришлось пройти, чтобы достать ее.\n\nКажется, что при наличии подходящего кузнеца эта чаша может быть перекована в более совершенный предмет..."
"fund_expedition_0014_desc","localization/english/valyrian_decisions_l_english.yml","112","localization/russian/valyrian_decisions_l_russian.yml","113","One of the crew members approaches me afterward and brings me to a box that [choice.GetFirstName] had set aside for me. I open the box to discover a [newly_created_artifact.GetName]! The cup, though finely made, lacks the awe-inspiring presence one might have hoped for—a simple drinking vessel instead of a legendary weapon or powerful artifact. The layered surface, though impressive, feels underwhelming compared to the dangerous ruins that were ventured through to retrieve it...\n\nIt seems as if with the right smith this cup could be reforged into a greater item...","Позже меня приводят к сундуку, который [choice.GetFirstName] [Select_CString(choice.IsFemale, 'оставила', 'оставил' )] для меня. Внутри — [newly_created_artifact.GetName]! Кубок сделан искусно, но ему недостаёт величия, которого я ждал: это всего лишь сосуд для питья, а не легендарное оружие и не могущественный артефакт. Слоистая поверхность валирийской стали впечатляет, но после всех опасностей руин Валирии награда кажется слишком скромной...\n\nИ всё же умелый кузнец, пожалуй, смог бы перековать этот кубок в нечто большее.","После этого один из членов команды подходит ко мне и подводит к ящику, который [choice.GetFirstName] Открыв ящик, я обнаруживаю [newly_created_artifact.GetName]! Чаша, хотя и сделана прекрасно, не обладает тем трепетным присутствием, на которое можно было бы рассчитывать, - это простой сосуд для питья, а не легендарное оружие или мощный артефакт. Многослойная поверхность, хотя и впечатляет, кажется не слишком впечатляющей по сравнению с опасными руинами, через которые пришлось пройти, чтобы достать ее...\n\nКажется, что при наличии подходящего кузнеца эта чаша может быть перекована в более совершенный предмет..."
"fund_expedition_0014_t","localization/english/valyrian_decisions_l_english.yml","111","localization/russian/valyrian_decisions_l_russian.yml","112","Good things come in small packages...","Скромная находка","Хорошие вещи приходят в маленьких упаковках..."
"fund_expedition_decision","localization/english/valyrian_decisions_l_english.yml","17","localization/russian/valyrian_decisions_l_russian.yml","18","Fund an Expedition to Old Valyria","Снарядить экспедицию в Старую Валирию","Финансирование экспедиции в Старую Валирию"
"fund_expedition_decision_confirm","localization/english/valyrian_decisions_l_english.yml","25","localization/russian/valyrian_decisions_l_russian.yml","26","Find me someone to lead this trip...","Найти того, кто поведёт экспедицию...","Найдите мне кого-нибудь, кто возглавит эту поездку..."
"fund_expedition_decision_desc_1","localization/english/valyrian_decisions_l_english.yml","18","localization/russian/valyrian_decisions_l_russian.yml","19","Voyages into Old Valyria are extremely dangerous. Most that venture into the smoking sea do not return...and those that do tell stories of horrible monsters and deadly diseases...Old Valyria is also the only place to recover long lost Valyrian artifacts.","Экспедиции в Старую Валирию смертельно опасны. Большинство тех, кто уходит в Дымное море, не возвращается... а немногие вернувшиеся шепчут о чудовищах, проклятых руинах и смертельных хворях. И всё же только в пепле Валирийского фригольда, оставшемся после Рока Валирии, ещё можно отыскать давно утраченные валирийские артефакты.","Путешествия в Старую Валирию чрезвычайно опасны. Большинство тех, кто отправляется в дымное море, не возвращаются... а те, кто возвращается, рассказывают истории об ужасных монстрах и смертельных болезнях... Старая Валирия - единственное место, где можно найти давно потерянные валирийские артефакты."
"fund_expedition_decision_desc_2","localization/english/valyrian_decisions_l_english.yml","19","localization/russian/valyrian_decisions_l_russian.yml","20","Fund a brave explorer to travel into the smoking sea. The journey will be incredibly dangerous, but can yield rare Valyrian Artifacts...","Снарядите экспедицию под началом отважного исследователя и отправьте её в Дымное море. Путь будет смертельно опасен, но из руин Старой Валирии можно привезти редкие валирийские артефакты...","Найдите отважного исследователя для путешествия в дымное море. Путешествие будет очень опасным, но может принести редчайшие валирийские артефакты..."
"fund_expedition_decision_tooltip","localization/english/valyrian_decisions_l_english.yml","21","localization/russian/valyrian_decisions_l_russian.yml","22","You will be presented with a group of brave explorers that are willing to lead a voyage into Old Valyria and may hire one of them for [gold_i]500.\n","Вам представят нескольких отважных исследователей, готовых возглавить экспедицию в Старую Валирию. Одного из них можно нанять за [gold_i]500.\n","Вам будет представлена группа отважных исследователей, готовых отправиться в путешествие в Старую Валирию, и вы можете нанять одного из них за [gold_i]500.\n"
"fund_expedition_decision_tooltip_2","localization/english/valyrian_decisions_l_english.yml","22","localization/russian/valyrian_decisions_l_russian.yml","23","The leader of the expedition can potentially return with a rare Valyrian artifact, such as Valyrian Steel, a Dragon Egg, or minor Valyrian artifacts\n","Предводитель экспедиции может вернуться с редким валирийским артефактом: оружием из валирийской стали, драконьим яйцом или малым валирийским артефактом.\n","Лидер экспедиции потенциально может вернуться с редким валирийским артефактом, таким как валирийская сталь, яйцо дракона или другие валирийские артефакты\n"
"fund_expedition_decision_tooltip_3","localization/english/valyrian_decisions_l_english.yml","23","localization/russian/valyrian_decisions_l_russian.yml","24","The leader of the expedition can also be severely hurt, killed, or return with a deadly disease\n","Предводитель экспедиции также может получить тяжёлые раны, погибнуть или принести с собой смертельную болезнь.\n","Руководитель экспедиции также может быть тяжело ранен, убит или вернуться со смертельной болезнью\n"
"funded_expedition_valyria","localization/english/valyrian_memories_l_english.yml","19","localization/russian/valyrian_memories_l_russian.yml","20","Funded an expedition","Экспедиция в Старую Валирию","Профинансировал экспедицию."
"funded_expedition_valyria_desc","localization/english/valyrian_memories_l_english.yml","21","localization/russian/valyrian_memories_l_russian.yml","22","I funded [adventurer.GetFullNamePossessiveRegnal] expedition to Valyria","по моей воле была снаряжена экспедиция [adventurer.GetFullNamePossessiveRegnal] к руинам Старой Валирии","Я финансировал экспедицию [adventurer.GetFullNamePossessiveRegnal] в Валирию."
"funded_expedition_valyria_desc_second_perspective","localization/english/valyrian_memories_l_english.yml","22","localization/russian/valyrian_memories_l_russian.yml","23","you funded [adventurer.GetFullNamePossessiveRegnal] expedition to Valyria","по вашей воле была снаряжена экспедиция [adventurer.GetFullNamePossessiveRegnal] к руинам Старой Валирии","Вы финансировали экспедицию [adventurer.GetFullNamePossessiveRegnal] в Валирию."
"funded_expedition_valyria_desc_third_perspective","localization/english/valyrian_memories_l_english.yml","23","localization/russian/valyrian_memories_l_russian.yml","24","[owner.GetFullName] funded [adventurer.GetFullNamePossessiveRegnal] expedition to Valyria","по воле [owner.GetFullName] была снаряжена экспедиция [adventurer.GetFullNamePossessiveRegnal] к руинам Старой Валирии","[owner.GetFullName] финансирует [adventurer.GetFullNamePossessiveRegnal] экспедицию в Валирию."
"funded_my_expedition","localization/english/valyrian_decisions_l_english.yml","92","localization/russian/valyrian_decisions_l_russian.yml","93","Funded expedition","Снаряжённая экспедиция","Финансируемая экспедиция"
"funded_my_expedition_valyria","localization/english/valyrian_memories_l_english.yml","25","localization/russian/valyrian_memories_l_russian.yml","26","Funded an expedition","Экспедиция в Старую Валирию","Профинансировал экспедицию"
"funded_my_expedition_valyria_desc","localization/english/valyrian_memories_l_english.yml","27","localization/russian/valyrian_memories_l_russian.yml","28","[funder.GetFullNameNicknamedRegnal] funded my expedition to Valyria","моя экспедиция к руинам Старой Валирии была снаряжена на средства [funder.GetFullNameNicknamedRegnal]","[funder.GetFullNameNicknamedRegnal] профинансировал мою экспедицию в Валирию"
"funded_my_expedition_valyria_desc_second_perspective","localization/english/valyrian_memories_l_english.yml","28","localization/russian/valyrian_memories_l_russian.yml","29","[funder.GetFullNameNicknamedRegnal] funded your expedition to Valyria","ваша экспедиция к руинам Старой Валирии была снаряжена на средства [funder.GetFullNameNicknamedRegnal]","[funder.GetFullNameNicknamedRegnal] профинансировал вашу экспедицию в Валирию"
"funded_my_expedition_valyria_desc_third_perspective","localization/english/valyrian_memories_l_english.yml","29","localization/russian/valyrian_memories_l_russian.yml","30","[funder.GetFullNameNicknamedRegnal] funded [adventurer.GetFullNamePossessiveRegnal] expedition to Valyria","экспедиция [adventurer.GetFullNamePossessiveRegnal] к руинам Старой Валирии была снаряжена на средства [funder.GetFullNameNicknamedRegnal]","[funder.GetFullNameNicknamedRegnal] финансирует [adventurer.GetFullNamePossessiveRegnal] экспедицию в Валирию"
"game_concept_voyage","localization/english/valyrian_decisions_l_english.yml","10","localization/russian/valyrian_decisions_l_russian.yml","11","Voyage","Плавание","Путешествие"
"game_concept_voyage_desc","localization/english/valyrian_decisions_l_english.yml","12","localization/russian/valyrian_decisions_l_russian.yml","13","A voyage to Valyria is a dangerous yet rewarding risk that Valyrian characters can undertake. It is the only remaining way to acquire new Valyrian steel and Dragon eggs.","Плавание в Старую Валирию — опасное предприятие, сулящее щедрую награду персонажам валирийского происхождения. Это единственный оставшийся путь к новым предметам из валирийской стали и драконьим яйцам.","Путешествие в Валирию - это опасный, но выгодный риск, на который могут пойти валирийские персонажи. Это единственный оставшийся способ добыть новую валирийскую сталь и яйца дракона."
"game_concept_voyages","localization/english/valyrian_decisions_l_english.yml","11","localization/russian/valyrian_decisions_l_russian.yml","12","Voyages","Плавания","Путешествия"
"go_on_voyage_decision_tooltip","localization/english/valyrian_decisions_l_english.yml","3","localization/russian/valyrian_decisions_l_russian.yml","4","Undertake a [voyage|E] to find long lost Valyrian artifacts and to gain [piety|E] and [prestige|E].","Отправиться в [Concept('voyage', 'плавание')|E], чтобы отыскать давно утраченные валирийские артефакты и получить [piety|E] и [prestige|E].","Отправляйтесь в [Concept('voyage', 'путешествие')|E] чтобы найти давно потерянные валирийские артефакты и получить [Concept('piety', 'благочестие')|E] с [Concept('prestige', 'престиж')|E]."
"hire_master_smith.0001.a","localization/english/valyrian_decisions_l_english.yml","202","localization/russian/valyrian_decisions_l_russian.yml","203","I need a master smith in my court","Такой мастер нужен мне при дворе.","Мне нужен мастер-кузнец при дворе"
"hire_master_smith.0001.b","localization/english/valyrian_decisions_l_english.yml","203","localization/russian/valyrian_decisions_l_russian.yml","204","Perhaps another time...","Возможно, в другой раз...","Возможно, в другой раз..."
"hire_master_smith.0001.t","localization/english/valyrian_decisions_l_english.yml","200","localization/russian/valyrian_decisions_l_russian.yml","201","A Master Smith of Qohor","Квохорский мастер-кузнец","Мастер-кузнец из Квохора"
"hire_master_smith.0001.tt","localization/english/valyrian_decisions_l_english.yml","204","localization/russian/valyrian_decisions_l_russian.yml","205","You will be able to reforge Valyrian Steel","Вы сможете перековывать предметы из валирийской стали","Вы сможете перековать валирийскую сталь"
"hire_master_smith.0001_desc","localization/english/valyrian_decisions_l_english.yml","201","localization/russian/valyrian_decisions_l_russian.yml","202","[smith.GetFirstName] is brought before me. With [smith.GetHerHim] is an assortment of various weapons and trinkets [smith.GetSheHe] has forged over the years...\n\nThe craftmanship leaves little doubt in my mind that [smith.GetFirstName] is what I need.\n\nI ask [smith.GetHerHim] if he is familiar with working Valyrian Steel.\n\n""Yes my [ROOT.Char.GetLadyLord], I can work it into anything you desire...If you have the material of course."" ","[smith.GetFirstName] предстаёт передо мной с несколькими образцами оружия и мелкими изделиями, которые [smith.GetSheHe] [Select_CString(smith.IsFemale, 'изготавливала', 'изготавливал' )] в разные годы...\n\nКачество ремесла не оставляет сомнений: именно такой мастер мне и нужен.\n\nЯ спрашиваю, [Select_CString(smith.IsFemale, 'умеет ли она', 'умеет ли он' )] работать с валирийской сталью.\n\n«Да, [ROOT.Char.GetLadyLord]. Я могу придать ей любую форму... если, конечно, у вас есть сам металл».","[smith.GetFirstName] предстал передо мной. [smith.GetSheHe] показывает ассортимент различного оружия и драгоценностей, которые были выкованы за годы работы...\n\nКачество работы не оставляет сомнений в том, что [smith.GetFirstName] - это тот, кто мне нужен.\n\nЯ спрашиваю [smith.GetHerHis] известно ли [smith.GetHerHim] работа с валирийской сталью.\n\n""Да, [ROOT.Char.GetLadyLord], я могу сделать из нее все, что вы пожелаете... Если у вас есть материал, конечно."" "
"hire_master_smith_decision","localization/english/valyrian_decisions_l_english.yml","193","localization/russian/valyrian_decisions_l_russian.yml","194","Hire Master Blacksmith","Нанять мастера-кузнеца","Нанять мастера-кузнеца"
"hire_master_smith_decision_confirm","localization/english/valyrian_decisions_l_english.yml","197","localization/russian/valyrian_decisions_l_russian.yml","198","Find me one of these 'Master Smiths'","Найти мне мастера из Квохора","Найдите мне одного из этих 'мастеров-кузнецов'."
"hire_master_smith_decision_desc","localization/english/valyrian_decisions_l_english.yml","194","localization/russian/valyrian_decisions_l_russian.yml","195","Long has the knowledge of how to rework Valyrian Steel been lost...however it is said that the master smiths of Qohor can still work the steel.","Тайна создания новой валирийской стали давно утрачена... но говорят, мастера-кузнецы Квохора всё ещё умеют перековывать этот металл.","Давно утрачены знания о том, как обрабатывать валирийскую сталь... однако говорят, что мастера-кузнецы Квохора все еще могут обрабатывать сталь."
"hire_master_smith_effect_tooltip","localization/english/valyrian_decisions_l_english.yml","196","localization/russian/valyrian_decisions_l_russian.yml","197","A Master Blacksmith from Qohor will be appointed as your Court Smith.","Квохорский мастер-кузнец станет вашим придворным кузнецом.","Мастер-кузнец из Квохора будет назначен вашим придворным кузнецом."
"hire_master_smith_tooltip","localization/english/valyrian_decisions_l_english.yml","198","localization/russian/valyrian_decisions_l_russian.yml","199","Find a master smith capable of forging Valyrian Steel","Найти мастера-кузнеца, способного перековывать валирийскую сталь","Найдите мастера-кузнеца, способного ковать валирийскую сталь"
"hurt_exploring_arm_valyria_desc","localization/english/valyrian_memories_l_english.yml","14","localization/russian/valyrian_memories_l_russian.yml","15","I lost my arm while exploring Valyria","Старая Валирия забрала у меня руку","Я потерял руку, исследуя Валирию."
"hurt_exploring_arm_valyria_desc_second_perspective","localization/english/valyrian_memories_l_english.yml","15","localization/russian/valyrian_memories_l_russian.yml","16","you lost your arm while exploring Valyria","Старая Валирия забрала у вас руку","вы потеряли руку во время исследования Валирии."
"hurt_exploring_arm_valyria_desc_third_perspective","localization/english/valyrian_memories_l_english.yml","16","localization/russian/valyrian_memories_l_russian.yml","17","[owner.GetName] lost [owner.GetHerHis] arm while exploring Valyria","в Старой Валирии [owner.GetName] [Select_CString(owner.IsFemale, 'потеряла', 'потерял' )] руку","[owner.GetName] потерял [owner.GetHerHis] руку во время исследования Валирии."
"hurt_exploring_leg_valyria_desc","localization/english/valyrian_memories_l_english.yml","10","localization/russian/valyrian_memories_l_russian.yml","11","I lost my leg while exploring Valyria","Старая Валирия забрала у меня ногу","Я потерял ногу, исследуя Валирию."
"hurt_exploring_leg_valyria_desc_second_perspective","localization/english/valyrian_memories_l_english.yml","11","localization/russian/valyrian_memories_l_russian.yml","12","you lost your leg while exploring Valyria","Старая Валирия забрала у вас ногу","вы потеряли ногу во время исследования Валирии."
"hurt_exploring_leg_valyria_desc_third_perspective","localization/english/valyrian_memories_l_english.yml","12","localization/russian/valyrian_memories_l_russian.yml","13","[owner.GetName] lost [owner.GetHerHis] leg while exploring Valyria","в Старой Валирии [owner.GetName] [Select_CString(owner.IsFemale, 'потеряла', 'потерял' )] ногу","[owner.GetName] потерял [owner.GetHerHis] ногу во время исследования Валирии."
"hurt_exploring_valyria","localization/english/valyrian_memories_l_english.yml","2","localization/russian/valyrian_memories_l_russian.yml","3","Injured exploring Valyria","Ранение в Старой Валирии","Раненые исследуют Валирию."
"hurt_exploring_valyria_arm","localization/english/valyrian_memories_l_english.yml","3","localization/russian/valyrian_memories_l_russian.yml","4","Injured exploring Valyria","Ранение в Старой Валирии","Раненые исследуют Валирию."
"hurt_exploring_valyria_desc","localization/english/valyrian_memories_l_english.yml","6","localization/russian/valyrian_memories_l_russian.yml","7","I was severely injured exploring while Valyria","исследование Старой Валирии обернулось для меня тяжёлым ранением","Я был тяжело ранен, когда исследовал Валирию."
"hurt_exploring_valyria_desc_second_perspective","localization/english/valyrian_memories_l_english.yml","7","localization/russian/valyrian_memories_l_russian.yml","8","you were severely injured exploring while Valyria","исследование Старой Валирии обернулось для вас тяжёлым ранением","вы были тяжело ранены, исследуя Валирию."
"hurt_exploring_valyria_desc_third_perspective","localization/english/valyrian_memories_l_english.yml","8","localization/russian/valyrian_memories_l_russian.yml","9","[owner.GetName] was severely injured while exploring Valyria","исследование Старой Валирии обернулось для [owner.GetName] тяжёлым ранением","[owner.GetName] был тяжело ранен при исследовании Валирии."
"hurt_exploring_valyria_leg","localization/english/valyrian_memories_l_english.yml","4","localization/russian/valyrian_memories_l_russian.yml","5","Injured exploring Valyria","Ранение в Старой Валирии","Раненые исследуют Валирию."
"impassable_sea_2","localization/english/valyrian_decisions_l_english.yml","119","localization/russian/valyrian_decisions_l_russian.yml","120","Old Valyria","Старая Валирия","Старая Валирия"
"is_dragon_blood","localization/english/valyrian_decisions_l_english.yml","124","localization/russian/valyrian_decisions_l_russian.yml","125","Has [Concept('dragonblood','Dragonblood')|E].","Обладает [Concept('dragonblood', 'драконьей кровью')|E].","Has [Concept('dragonblood','Драконья кровь')|E]."
"research_dragonlore.a","localization/english/valyrian_decisions_l_english.yml","215","localization/russian/valyrian_decisions_l_russian.yml","216","Interesting...","Такое знание нельзя снова утратить...","Интересно..."
"research_dragonlore_0001_desc","localization/english/valyrian_decisions_l_english.yml","214","localization/russian/valyrian_decisions_l_russian.yml","215","A portion of the book is dedicated to the study of a bond between Dragonrider and Dragon. Such a bond sacred bond forged between rider and dragon is not merely one of dominance but of mutual respect and understanding. The rider was required to undergo intense preparation, learning the ways of the dragon's mind, the nuances of its temperament.\n\nOnly then could they attempt the first flight together, a perilous and exhilarating test that either sealed their fates together or ended in tragedy.","Часть книги посвящена связи между драконьим наездником и драконом. Эти священные узы строились не только на господстве, но и на взаимном уважении и понимании. Наездник должен был пройти суровую подготовку: познать разум дракона и тонкости его нрава.\n\nЛишь после этого они могли решиться на первый совместный полёт — опасное и волнующее испытание, которое либо связывало их судьбы, либо заканчивалось трагедией.","Часть книги посвящена изучению связи между всадником и драконом. Священная связь между всадником и драконом - это не просто связь господства, а взаимное уважение и понимание. Всадник должен был пройти интенсивную подготовку, изучить ум дракона, нюансы его темперамента.\n\nИ только после этого они могли совершить первый совместный полет, опасное и волнующее испытание, которое либо скрепляло их судьбы, либо заканчивалось трагедией."
"research_dragonlore_0001_t","localization/english/valyrian_decisions_l_english.yml","213","localization/russian/valyrian_decisions_l_russian.yml","214","Long Lost Knowledge","Утраченное знание","Давно утраченное знание"
"research_dragonlore_decision","localization/english/valyrian_decisions_l_english.yml","206","localization/russian/valyrian_decisions_l_russian.yml","207","Research Dragonlore","Изучить драконьи предания","Изучить драконье предание"
"research_dragonlore_decision_confirm","localization/english/valyrian_decisions_l_english.yml","211","localization/russian/valyrian_decisions_l_russian.yml","212","Lets see what I can find...","Посмотрим, что удастся найти...","Посмотрим, что я смогу найти..."
"research_dragonlore_decision_desc","localization/english/valyrian_decisions_l_english.yml","207","localization/russian/valyrian_decisions_l_russian.yml","208","Much can be learned from the text within your Valyrian Book...Perhaps knowledge of Dragons can be rediscovered?","В тексте вашей валирийской книги скрыто немало тайн... Быть может, утраченные драконьи предания ещё удастся открыть заново?","Многое можно узнать из текста вашей валирийской книги... Возможно, знания о драконах могут быть открыты заново?"
"research_dragonlore_effect_tooltip","localization/english/valyrian_decisions_l_english.yml","209","localization/russian/valyrian_decisions_l_russian.yml","210","You will learn Dragonlore that has been lost to time.","Вы обретёте утраченные драконьи предания.","Вы познакомитесь с драконьим преданием, которое было утеряно со временем."
"research_dragonlore_tooltip","localization/english/valyrian_decisions_l_english.yml","210","localization/russian/valyrian_decisions_l_russian.yml","211","You will learn Dragonlore.","Вы обретёте драконьи предания.","Вы изучите драконье предание."
"returned_expedition_valyria","localization/english/valyrian_memories_l_english.yml","37","localization/russian/valyrian_memories_l_russian.yml","38","Returned from an expedition","Возвращение из Старой Валирии","Вернулся из экспедиции"
"returned_expedition_valyria_desc","localization/english/valyrian_memories_l_english.yml","33","localization/russian/valyrian_memories_l_russian.yml","34","I returned from my expedition to Valyria","мне удалось вернуться из Старой Валирии","Я вернулся из экспедиции в Валирию."
"returned_expedition_valyria_desc_second_perspective","localization/english/valyrian_memories_l_english.yml","34","localization/russian/valyrian_memories_l_russian.yml","35","you returned from your expedition to Valyria","вам удалось вернуться из Старой Валирии","Вы вернулся из экспедиции в Валирию."
"returned_expedition_valyria_desc_third_perspective","localization/english/valyrian_memories_l_english.yml","35","localization/russian/valyrian_memories_l_russian.yml","36","[owner.GetFullName] returned from [owner.GetHerHis] expedition to Valyria","[owner.GetFullName] [Select_CString(owner.IsFemale, 'вернулась', 'вернулся' )] из Старой Валирии","[owner.GetFullName] вернулся из [owner.GetHerHis] экспедиции в Валирию"
"returned_hurt_expedition_valyria","localization/english/valyrian_memories_l_english.yml","38","localization/russian/valyrian_memories_l_russian.yml","39","Returned from an expedition","Возвращение из Старой Валирии","Вернулся из экспедиции"
"returned_hurt_expedition_valyria_desc","localization/english/valyrian_memories_l_english.yml","40","localization/russian/valyrian_memories_l_russian.yml","41","I returned severely injured from my expedition to Valyria","Старая Валирия отпустила меня с тяжёлыми ранами","Я вернулся тяжело раненым из экспедиции в Валирию."
"returned_hurt_expedition_valyria_desc_second_perspective","localization/english/valyrian_memories_l_english.yml","41","localization/russian/valyrian_memories_l_russian.yml","42","you returned severely injured from your expedition to Valyria","Старая Валирия отпустила вас с тяжёлыми ранами","Вы вернулись тяжело раненным из экспедиции в Валирию"
"returned_hurt_expedition_valyria_desc_third_perspective","localization/english/valyrian_memories_l_english.yml","42","localization/russian/valyrian_memories_l_russian.yml","43","[owner.GetFullName] returned severely injured from [owner.GetHerHis] expedition to Valyria","Старая Валирия отпустила [owner.GetFullName] с тяжёлыми ранами","[owner.GetFullName] вернулся тяжелораненым из [owner.GetHerHis] экспедиции в Валирию"
"returned_sick_expedition_valyria","localization/english/valyrian_memories_l_english.yml","36","localization/russian/valyrian_memories_l_russian.yml","37","Returned from an expedition","Возвращение из Старой Валирии","Вернулся из экспедиции"
"returned_sick_expedition_valyria_desc","localization/english/valyrian_memories_l_english.yml","44","localization/russian/valyrian_memories_l_russian.yml","45","I returned with a deadly disease from my expedition to Valyria","возвращение из Старой Валирии обернулось для меня смертельной болезнью","Я вернулся со смертельной болезнью из экспедиции в Валирию."
"returned_sick_expedition_valyria_desc_second_perspective","localization/english/valyrian_memories_l_english.yml","45","localization/russian/valyrian_memories_l_russian.yml","46","you returned with a deadly disease from your expedition to Valyria","возвращение из Старой Валирии обернулось для вас смертельной болезнью","Вы вернулись со смертельной болезнью из экспедиции в Валирию"
"returned_sick_expedition_valyria_desc_third_perspective","localization/english/valyrian_memories_l_english.yml","46","localization/russian/valyrian_memories_l_russian.yml","47","[owner.GetFullName] returned with a deadly disease from [owner.GetHerHis] expedition to Valyria","[owner.GetFullName] [Select_CString(owner.IsFemale, 'привезла', 'привёз' )] смертельную болезнь из Старой Валирии","[owner.GetFullName] вернулся со смертельной болезнью из [owner.GetHerHis] экспедиции в Валирию"
"scheme_dragon_horn","localization/english/modifiers/valyrian_modifiers_l_english.yml","3","localization/russian/valyrian_modifiers_l_russian.yml","4","Dragon Horn: $VALUE|+0=-+$","Драконий рог: $VALUE|+0=-+$","Драконий рог: $VALUE|+0=-+$"
"scheme_dragon_horn_enchanted","localization/english/modifiers/valyrian_modifiers_l_english.yml","6","localization/russian/valyrian_modifiers_l_russian.yml","7","Enchanted Artifact: $VALUE|+0=-+$","Пробуждённый артефакт: $VALUE|+0=-+$","Зачарованный артефакт: $VALUE|+0=-+$"
"scheme_dragon_whip","localization/english/modifiers/valyrian_modifiers_l_english.yml","4","localization/russian/valyrian_modifiers_l_russian.yml","5","Dragon Whip: $VALUE|+0=-+$","Драконья плеть: $VALUE|+0=-+$","Драконий хлыст: $VALUE|+0=-+$"
"scheme_valyrian_book","localization/english/modifiers/valyrian_modifiers_l_english.yml","5","localization/russian/valyrian_modifiers_l_russian.yml","6","Valyrian Book: $VALUE|+0=-+$","Валирийская книга: $VALUE|+0=-+$","Валирийская книга: $VALUE|+0=-+$"
"sea_province_023","localization/english/valyrian_decisions_l_english.yml","117","localization/russian/valyrian_decisions_l_russian.yml","118","Old Valyria","Старая Валирия","Старая Валирия"
"sent_relative_to_valyria","localization/english/valyrian_memories_l_english.yml","31","localization/russian/valyrian_memories_l_russian.yml","32","Sent relative to die in Valyria","Родич, отправленный на смерть в Старую Валирию","Отправил родственника умирать в Валирию"
"toast_vs_goblet","localization/english/valyrian_fsb_poses_l_english.yml","110","localization/russian/valyrian_fsb_poses_l_russian.yml","111","@valyrian_steel_icon! Valyrian Steel Goblet (Toast)","@valyrian_steel_icon! Кубок из валирийской стали (тостует)","@valyrian_steel_icon! Кубок из валирийской стали (Тост)"" ""@valyrian_steel_icon! Кубок из валирийской стали (Тост)"
"un_enchant_dragon_horn","localization/english/valyrian_decisions_l_english.yml","177","localization/russian/valyrian_decisions_l_russian.yml","178","Un Enchant Dragon Horn","Усмирить драконий рог","Снять зачарование с драконьего рога"
"un_enchant_dragon_horn_confirm","localization/english/valyrian_decisions_l_english.yml","183","localization/russian/valyrian_decisions_l_russian.yml","184","Let me be rid of this cursed artifact...","Пора избавиться от бремени этого проклятого артефакта...","Позволь мне избавиться от этого проклятого артефакта..."
"un_enchant_dragon_horn_desc","localization/english/valyrian_decisions_l_english.yml","178","localization/russian/valyrian_decisions_l_russian.yml","179","The burden of carrying a Dragon Horn is heavy...however there are reportedly ways to reduce its effect on those it is near.","Нести при себе драконий рог — тяжкое бремя... но, как говорят, существуют способы ослабить его воздействие на тех, кто находится рядом.","Бремя ношения драконьего рога тяжелое... однако, по слухам, есть способы уменьшить его эффект на тех, с кем он находится рядом."
"un_enchant_dragon_horn_tooltip","localization/english/valyrian_decisions_l_english.yml","180","localization/russian/valyrian_decisions_l_russian.yml","181","The enchantment benefits and penalties will be removed","Преимущества и штрафы пробуждения будут сняты.","Преимущества от зачарования и штрафы будут сняты"
"un_enchant_dragon_horn_tooltip_2","localization/english/valyrian_decisions_l_english.yml","181","localization/russian/valyrian_decisions_l_russian.yml","182","The Dragon Horn will no longer be able to be used in the binding ritual.","Драконий рог больше нельзя будет использовать в ритуале связывания.","Драконий рог больше нельзя будет использовать в ритуале связывания."
"un_enchant_dragon_horn_tt","localization/english/valyrian_decisions_l_english.yml","184","localization/russian/valyrian_decisions_l_russian.yml","185","The enchantment benefits and penalties will be removed, and the horn will no longer be able to be used in the binding ritual.","Преимущества и штрафы пробуждения будут сняты, а рог больше нельзя будет использовать в ритуале связывания.","Преимущества от зачарования и штрафы будут сняты, и рог больше нельзя будет использовать в ритуале связывания."
"valyrian_book_desc","localization/english/artifacts/targ_artifacts_l_english.yml","46","localization/russian/targ_artifacts_l_russian.yml","47","An ancient Valyrian book, bound in leather, is a relic from the lost civilization. The pages, delicate and aged, are inscribed with cryptic glyphs and arcane knowledge. This tome is said to contain powerful spells, dragon lore, and secrets of the Valyrian steel, making it a coveted artifact for scholars and sorcerers alike.\n\nIt is said that ancient Dragonlore can be learned through books such as this one...","Древняя валирийская книга в кожаном переплёте — реликт погибшей цивилизации. Её хрупкие, потемневшие от времени страницы исписаны загадочной валирийской вязью и тайными знаниями. Говорят, этот фолиант хранит могущественные заклинания, драконьи предания и тайны валирийской стали, а потому одинаково желанен для учёных, колдунов и всякого, кто ищет власть над драконами.\n\nСчитается, что по таким книгам можно восстановить забытые драконьи предания...","Древняя валирийская книга, переплетенная в кожу, - реликвия погибшей цивилизации. Тонкие и состаренные страницы испещрены загадочными глифами и магическими знаниями. Считается, что в этом фолианте содержатся могущественные заклинания, предания о драконах и секреты валирийской стали, что делает его желанным артефактом для ученых и колдунов.\n\nГоворят, что древние драконьи предания можно узнать из таких книг, как эта..."
"valyrian_invasion_egg_black","localization/english/valyrian_fsb_poses_l_english.yml","14","localization/russian/valyrian_fsb_poses_l_russian.yml","15","@valyrian_invasion_egg_blue! Black Egg","@valyrian_invasion_egg_blue! Чёрное яйцо","@valyrian_invasion_egg_blue! Черное яйцо"
"valyrian_invasion_egg_blue","localization/english/valyrian_fsb_poses_l_english.yml","30","localization/russian/valyrian_fsb_poses_l_russian.yml","31","@valyrian_invasion_egg_blue! Blue Egg","@valyrian_invasion_egg_blue! Синее яйцо","@valyrian_invasion_egg_blue! Синее яйцо"
"valyrian_invasion_egg_brown","localization/english/valyrian_fsb_poses_l_english.yml","26","localization/russian/valyrian_fsb_poses_l_russian.yml","27","@valyrian_invasion_egg_blue! Brown Egg","@valyrian_invasion_egg_blue! Коричневое яйцо","@valyrian_invasion_egg_blue! Коричневое яйцо"
"valyrian_invasion_egg_green","localization/english/valyrian_fsb_poses_l_english.yml","22","localization/russian/valyrian_fsb_poses_l_russian.yml","23","@valyrian_invasion_egg_blue! Green Egg","@valyrian_invasion_egg_blue! Зелёное яйцо","@valyrian_invasion_egg_blue! Зеленое яйцо"
"valyrian_invasion_egg_grey","localization/english/valyrian_fsb_poses_l_english.yml","20","localization/russian/valyrian_fsb_poses_l_russian.yml","21","@valyrian_invasion_egg_blue! Grey Egg","@valyrian_invasion_egg_blue! Серое яйцо","@valyrian_invasion_egg_blue! Серое яйцо"
"valyrian_invasion_egg_meraxes","localization/english/valyrian_fsb_poses_l_english.yml","16","localization/russian/valyrian_fsb_poses_l_russian.yml","17","@valyrian_invasion_egg_blue! Meraxes' Egg","@valyrian_invasion_egg_blue! Яйцо Мераксес","@valyrian_invasion_egg_blue! Яйцо Мераксес"
"valyrian_invasion_egg_orange","localization/english/valyrian_fsb_poses_l_english.yml","19","localization/russian/valyrian_fsb_poses_l_russian.yml","20","@valyrian_invasion_egg_blue! Orange Egg","@valyrian_invasion_egg_blue! Оранжевое яйцо","@valyrian_invasion_egg_blue! Оранжевое яйцо"
"valyrian_invasion_egg_pink","localization/english/valyrian_fsb_poses_l_english.yml","23","localization/russian/valyrian_fsb_poses_l_russian.yml","24","@valyrian_invasion_egg_blue! Pink Egg","@valyrian_invasion_egg_blue! Розовое яйцо","@valyrian_invasion_egg_blue! Розовое яйцо"
"valyrian_invasion_egg_purple","localization/english/valyrian_fsb_poses_l_english.yml","28","localization/russian/valyrian_fsb_poses_l_russian.yml","29","@valyrian_invasion_egg_blue! Purple Egg","@valyrian_invasion_egg_blue! Пурпурное яйцо","@valyrian_invasion_egg_blue! Фиолетовое яйцо"
"valyrian_invasion_egg_rainbow","localization/english/valyrian_fsb_poses_l_english.yml","32","localization/russian/valyrian_fsb_poses_l_russian.yml","33","@valyrian_invasion_egg_blue! Rainbow Egg","@valyrian_invasion_egg_blue! Радужное яйцо","@valyrian_invasion_egg_blue! Радужное яйцо"
"valyrian_invasion_egg_red","localization/english/valyrian_fsb_poses_l_english.yml","27","localization/russian/valyrian_fsb_poses_l_russian.yml","28","@valyrian_invasion_egg_blue! Red Egg","@valyrian_invasion_egg_blue! Красное яйцо","@valyrian_invasion_egg_blue! Красное яйцо"
"valyrian_invasion_egg_tan","localization/english/valyrian_fsb_poses_l_english.yml","18","localization/russian/valyrian_fsb_poses_l_russian.yml","19","@valyrian_invasion_egg_blue! Tan Egg","@valyrian_invasion_egg_blue! Песчаное яйцо","@valyrian_invasion_egg_blue! Светло-коричневое яйцо"
"valyrian_invasion_egg_vhagar","localization/english/valyrian_fsb_poses_l_english.yml","15","localization/russian/valyrian_fsb_poses_l_russian.yml","16","@valyrian_invasion_egg_blue! Vhagar Egg","@valyrian_invasion_egg_blue! Яйцо Вхагар","@valyrian_invasion_egg_blue! Яйцо Вхагар"
"valyrian_invasion_egg_white","localization/english/valyrian_fsb_poses_l_english.yml","24","localization/russian/valyrian_fsb_poses_l_russian.yml","25","@valyrian_invasion_egg_blue! White Egg","@valyrian_invasion_egg_blue! Белое яйцо","@valyrian_invasion_egg_blue! Белое яйцо"
"valyrian_invasion_egg_yellow","localization/english/valyrian_fsb_poses_l_english.yml","31","localization/russian/valyrian_fsb_poses_l_russian.yml","32","@valyrian_invasion_egg_blue! Yellow Egg","@valyrian_invasion_egg_blue! Жёлтое яйцо","@valyrian_invasion_egg_blue! Желтое яйцо"
"valyrian_invasion_vs_axe_1","localization/english/valyrian_fsb_poses_l_english.yml","59","localization/russian/valyrian_fsb_poses_l_russian.yml","60","@valyrian_steel_icon! Valyrian Steel Axe Low","@valyrian_steel_icon! Топор из валирийской стали — низкая стойка","@valyrian_steel_icon! Топор из валирийской стали Низ"
"valyrian_invasion_vs_axe_2","localization/english/valyrian_fsb_poses_l_english.yml","60","localization/russian/valyrian_fsb_poses_l_russian.yml","61","@valyrian_steel_icon! Valyrian Steel Axe Duel","@valyrian_steel_icon! Топор из валирийской стали — дуэль","@valyrian_steel_icon! Топор из валирийской стали Дуэль"
"valyrian_invasion_vs_axe_3","localization/english/valyrian_fsb_poses_l_english.yml","61","localization/russian/valyrian_fsb_poses_l_russian.yml","62","@valyrian_steel_icon! Valyrian Steel Axe Celebrate","@valyrian_steel_icon! Топор из валирийской стали — триумфальная поза","@valyrian_steel_icon! Топор из валирийской стали Празднование"
"valyrian_invasion_vs_dagger_1_1","localization/english/valyrian_fsb_poses_l_english.yml","63","localization/russian/valyrian_fsb_poses_l_russian.yml","64","@valyrian_steel_icon! Valyrian Steel Dagger Spymaster","@valyrian_steel_icon! Кинжал из валирийской стали — поза тайного советника","@valyrian_steel_icon! Кинжал из валирийской стали Тайный советник"
"valyrian_invasion_vs_dagger_1_2","localization/english/valyrian_fsb_poses_l_english.yml","64","localization/russian/valyrian_fsb_poses_l_russian.yml","65","@valyrian_steel_icon! Valyrian Steel Dagger Duel","@valyrian_steel_icon! Кинжал из валирийской стали — дуэль","@valyrian_steel_icon! Кинжал из валирийской стали Дуэль"
"valyrian_invasion_vs_dagger_1_3","localization/english/valyrian_fsb_poses_l_english.yml","65","localization/russian/valyrian_fsb_poses_l_russian.yml","66","@valyrian_steel_icon! Valyrian Steel Dagger Assassin","@valyrian_steel_icon! Кинжал из валирийской стали — поза убийцы","@valyrian_steel_icon! Кинжал из валирийской стали Убийца"
"valyrian_invasion_vs_halberd_1","localization/english/valyrian_fsb_poses_l_english.yml","75","localization/russian/valyrian_fsb_poses_l_russian.yml","76","@valyrian_steel_icon! Valyrian Steel Halberd Hold","@valyrian_steel_icon! Алебарда из валирийской стали — в руках","@valyrian_steel_icon! Алебарда из валирийской стали Удерживать"
"valyrian_invasion_vs_halberd_2","localization/english/valyrian_fsb_poses_l_english.yml","76","localization/russian/valyrian_fsb_poses_l_russian.yml","77","@valyrian_steel_icon! Valyrian Steel Halberd Celebrate","@valyrian_steel_icon! Алебарда из валирийской стали — триумфальная поза","@valyrian_steel_icon! Алебарда из валирийской стали Празднование"
"valyrian_invasion_vs_halberd_3","localization/english/valyrian_fsb_poses_l_english.yml","77","localization/russian/valyrian_fsb_poses_l_russian.yml","78","@valyrian_steel_icon! Valyrian Steel Halberd Duel","@valyrian_steel_icon! Алебарда из валирийской стали — дуэль","@valyrian_steel_icon! Алебарда из валирийской стали Дуэль"
"valyrian_invasion_vs_mace_1","localization/english/valyrian_fsb_poses_l_english.yml","51","localization/russian/valyrian_fsb_poses_l_russian.yml","52","@valyrian_steel_icon! Valyrian Steel Mace 1 Low","@valyrian_steel_icon! Булава из валирийской стали (вариант 1) — низкая стойка","@valyrian_steel_icon! Булава из валирийской стали 1 Низ"
"valyrian_invasion_vs_mace_2","localization/english/valyrian_fsb_poses_l_english.yml","52","localization/russian/valyrian_fsb_poses_l_russian.yml","53","@valyrian_steel_icon! Valyrian Steel Mace 1 Shoulder","@valyrian_steel_icon! Булава из валирийской стали (вариант 1) — на плече","@valyrian_steel_icon! Булава из валирийской стали 1 Плечо"
"valyrian_invasion_vs_mace_2_2","localization/english/valyrian_fsb_poses_l_english.yml","72","localization/russian/valyrian_fsb_poses_l_russian.yml","73","@valyrian_steel_icon! Valyrian Steel Mace 2 Shoulder","@valyrian_steel_icon! Булава из валирийской стали (вариант 2) — на плече","@valyrian_steel_icon! Булава из валирийской стали 2 Плечо"
"valyrian_invasion_vs_mace_2_2_1","localization/english/valyrian_fsb_poses_l_english.yml","71","localization/russian/valyrian_fsb_poses_l_russian.yml","72","@valyrian_steel_icon! Valyrian Steel Mace 2 Low","@valyrian_steel_icon! Булава из валирийской стали (вариант 2) — низкая стойка","@valyrian_steel_icon! Булава из валирийской стали 2 Низ"
"valyrian_invasion_vs_mace_2_3","localization/english/valyrian_fsb_poses_l_english.yml","73","localization/russian/valyrian_fsb_poses_l_russian.yml","74","@valyrian_steel_icon! Valyrian Steel Mace 2 Duel","@valyrian_steel_icon! Булава из валирийской стали (вариант 2) — дуэль","@valyrian_steel_icon! Булава из валирийской стали 2 Дуэль"
"valyrian_invasion_vs_mace_3","localization/english/valyrian_fsb_poses_l_english.yml","53","localization/russian/valyrian_fsb_poses_l_russian.yml","54","@valyrian_steel_icon! Valyrian Steel Mace 1 Duel","@valyrian_steel_icon! Булава из валирийской стали (вариант 1) — дуэль","@valyrian_steel_icon! Булава из валирийской стали 1 Дуэль"
"valyrian_invasion_vs_spear_1_1","localization/english/valyrian_fsb_poses_l_english.yml","55","localization/russian/valyrian_fsb_poses_l_russian.yml","56","@valyrian_steel_icon! Valyrian Steel Spear Hold","@valyrian_steel_icon! Копьё из валирийской стали — в руках","@valyrian_steel_icon! Копье из валирийской стали Удерживать"
"valyrian_invasion_vs_spear_1_2","localization/english/valyrian_fsb_poses_l_english.yml","56","localization/russian/valyrian_fsb_poses_l_russian.yml","57","@valyrian_steel_icon! Valyrian Steel Spear Celebrate","@valyrian_steel_icon! Копьё из валирийской стали — триумфальная поза","@valyrian_steel_icon! Копье из валирийской стали Празднование"
"valyrian_invasion_vs_spear_1_3","localization/english/valyrian_fsb_poses_l_english.yml","57","localization/russian/valyrian_fsb_poses_l_russian.yml","58","@valyrian_steel_icon! Valyrian Steel Spear Duel","@valyrian_steel_icon! Копьё из валирийской стали — дуэль","@valyrian_steel_icon! Копье из валирийской стали Дуэль"
"valyrian_invasion_vs_sword_1_1","localization/english/valyrian_fsb_poses_l_english.yml","34","localization/russian/valyrian_fsb_poses_l_russian.yml","35","@valyrian_steel_icon! Valyrian Steel Sword 1 Low","@valyrian_steel_icon! Меч из валирийской стали (вариант 1) — низкая стойка","@valyrian_steel_icon! Меч из валирийской стали 1 Низ"
"valyrian_invasion_vs_sword_1_2","localization/english/valyrian_fsb_poses_l_english.yml","35","localization/russian/valyrian_fsb_poses_l_russian.yml","36","@valyrian_steel_icon! Valyrian Steel Sword 1 Shoulder","@valyrian_steel_icon! Меч из валирийской стали (вариант 1) — на плече","@valyrian_steel_icon! Меч из валирийской стали 1 Плечо"
"valyrian_invasion_vs_sword_1_3","localization/english/valyrian_fsb_poses_l_english.yml","36","localization/russian/valyrian_fsb_poses_l_russian.yml","37","@valyrian_steel_icon! Valyrian Steel Sword 1 Duel","@valyrian_steel_icon! Меч из валирийской стали (вариант 1) — дуэль","@valyrian_steel_icon! Меч из валирийской стали 1 Дуэль"
"valyrian_invasion_vs_sword_2_1","localization/english/valyrian_fsb_poses_l_english.yml","38","localization/russian/valyrian_fsb_poses_l_russian.yml","39","@valyrian_steel_icon! Valyrian Steel Sword 2 Low","@valyrian_steel_icon! Меч из валирийской стали (вариант 2) — низкая стойка","@valyrian_steel_icon! Меч из валирийской стали 2 Низ"
"valyrian_invasion_vs_sword_2_2","localization/english/valyrian_fsb_poses_l_english.yml","39","localization/russian/valyrian_fsb_poses_l_russian.yml","40","@valyrian_steel_icon! Valyrian Steel Sword 2 Shoulder","@valyrian_steel_icon! Меч из валирийской стали (вариант 2) — на плече","@valyrian_steel_icon! Меч из валирийской стали 2 Плечо"
"valyrian_invasion_vs_sword_2_3","localization/english/valyrian_fsb_poses_l_english.yml","40","localization/russian/valyrian_fsb_poses_l_russian.yml","41","@valyrian_steel_icon! Valyrian Steel Sword 2 Duel","@valyrian_steel_icon! Меч из валирийской стали (вариант 2) — дуэль","@valyrian_steel_icon! Меч из валирийской стали 2 Дуэль"
"valyrian_invasion_vs_sword_3_1","localization/english/valyrian_fsb_poses_l_english.yml","42","localization/russian/valyrian_fsb_poses_l_russian.yml","43","@valyrian_steel_icon! Valyrian Steel Sword 3 Low","@valyrian_steel_icon! Меч из валирийской стали (вариант 3) — низкая стойка","@valyrian_steel_icon! Меч из валирийской стали 3 Низ"
"valyrian_invasion_vs_sword_3_2","localization/english/valyrian_fsb_poses_l_english.yml","43","localization/russian/valyrian_fsb_poses_l_russian.yml","44","@valyrian_steel_icon! Valyrian Steel Sword 3 Shoulder","@valyrian_steel_icon! Меч из валирийской стали (вариант 3) — на плече","@valyrian_steel_icon! Меч из валирийской стали 3 Плечо"
"valyrian_invasion_vs_sword_3_3","localization/english/valyrian_fsb_poses_l_english.yml","44","localization/russian/valyrian_fsb_poses_l_russian.yml","45","@valyrian_steel_icon! Valyrian Steel Sword 3 Duel","@valyrian_steel_icon! Меч из валирийской стали (вариант 3) — дуэль","@valyrian_steel_icon! Меч из валирийской стали 3 Дуэль"
"valyrian_invasion_vs_sword_4_1","localization/english/valyrian_fsb_poses_l_english.yml","47","localization/russian/valyrian_fsb_poses_l_russian.yml","48","@valyrian_steel_icon! Valyrian Steel Sword 4 Low","@valyrian_steel_icon! Меч из валирийской стали (вариант 4) — низкая стойка","@valyrian_steel_icon! Меч из валирийской стали 4 Низ"
"valyrian_invasion_vs_sword_4_2","localization/english/valyrian_fsb_poses_l_english.yml","48","localization/russian/valyrian_fsb_poses_l_russian.yml","49","@valyrian_steel_icon! Valyrian Steel Sword 4 Shoulder","@valyrian_steel_icon! Меч из валирийской стали (вариант 4) — на плече","@valyrian_steel_icon! Меч из валирийской стали 4 Плечо"
"valyrian_invasion_vs_sword_4_3","localization/english/valyrian_fsb_poses_l_english.yml","49","localization/russian/valyrian_fsb_poses_l_russian.yml","50","@valyrian_steel_icon! Valyrian Steel Sword 4 Duel","@valyrian_steel_icon! Меч из валирийской стали (вариант 4) — дуэль","@valyrian_steel_icon! Меч из валирийской стали 4 Дуэль"
"valyrian_invasion_vs_sword_5_1","localization/english/valyrian_fsb_poses_l_english.yml","67","localization/russian/valyrian_fsb_poses_l_russian.yml","68","@valyrian_steel_icon! Valyrian Steel Sword 5 Low","@valyrian_steel_icon! Меч из валирийской стали (вариант 5) — низкая стойка","@valyrian_steel_icon! Меч из валирийской стали 5 Низ"
"valyrian_invasion_vs_sword_5_2","localization/english/valyrian_fsb_poses_l_english.yml","68","localization/russian/valyrian_fsb_poses_l_russian.yml","69","@valyrian_steel_icon! Valyrian Steel Sword 5 Shoulder","@valyrian_steel_icon! Меч из валирийской стали (вариант 5) — на плече","@valyrian_steel_icon! Меч из валирийской стали 5 Плечо"
"valyrian_invasion_vs_sword_5_3","localization/english/valyrian_fsb_poses_l_english.yml","69","localization/russian/valyrian_fsb_poses_l_russian.yml","70","@valyrian_steel_icon! Valyrian Steel Sword 5 Duel","@valyrian_steel_icon! Меч из валирийской стали (вариант 5) — дуэль","@valyrian_steel_icon! Меч из валирийской стали 5 Дуэль"
"valyrian_page_flipping","localization/english/valyrian_fsb_poses_l_english.yml","112","localization/russian/valyrian_fsb_poses_l_russian.yml","113","@valyrian_steel_icon! Valyrian Book (Reading)","@valyrian_steel_icon! Валирийская книга (чтение)","@valyrian_steel_icon! Валирийская книга (Чтение)"" ""@valyrian_steel_icon! Валирийская книга (Чтение)"
"valyrian_throne_room_writer","localization/english/valyrian_fsb_poses_l_english.yml","113","localization/russian/valyrian_fsb_poses_l_russian.yml","114","@valyrian_steel_icon! Valyrian Book (Writing/Quill)","@valyrian_steel_icon! Валирийская книга (письмо пером)","@valyrian_steel_icon! Валирийская книга (Писать/Перо)"" ""@valyrian_steel_icon! Валирийская книга (Писать/Перо)"
"voyage_effect_1","localization/english/valyrian_decisions_l_english.yml","6","localization/russian/valyrian_decisions_l_russian.yml","7","A voyage into the smoking sea is dangerous, but keep in mind, with great risk comes great reward.","Путь через Дымное море смертельно опасен, но большая награда редко достаётся без большого риска.","Путешествие в дымное море опасно, но имейте в виду, что с большим риском приходит большая награда."
"voyage_effect_2","localization/english/valyrian_decisions_l_english.yml","7","localization/russian/valyrian_decisions_l_russian.yml","8","A successful voyage to valyria will yield [piety|E] and [prestige|E]. There is also the chance of finding ancient Valyrian Steel, dragon eggs, and more.","Успешное плавание в Старую Валирию принесёт [piety|E] и [prestige|E]. Также есть шанс найти древнюю валирийскую сталь, драконьи яйца и другие артефакты Валирийского фригольда, уцелевшие после Рока Валирии.","Успешное путешествие в Валирию принесет [Concept('piety', 'благочестие')|E] и [Concept('prestige', 'престиж')|E]. Также есть шанс найти древнюю валирийскую сталь, яйца драконов и многое другое."
"voyage_illness_warning","localization/english/valyrian_decisions_l_english.yml","8","localization/russian/valyrian_decisions_l_russian.yml","9","@warning_icon! #X It is dangerous to voyage while [GetTrait('ill').GetName( GetPlayer )]#!","@warning_icon! #X Опасно отправляться в плавание, пока у вас есть свойство [GetTrait('ill').GetName( GetPlayer )]#!","@warning_icon! #X It is dangerous to voyage while [GetTrait('ill').GetName( GetPlayer )]#!"
"voyage_to_valyria_decision","localization/english/valyrian_decisions_l_english.yml","2","localization/russian/valyrian_decisions_l_russian.yml","3","Voyage to Valyria","Плавание в Старую Валирию","Путешествие в Валирию"
"voyage_to_valyria_decision_confirm","localization/english/valyrian_decisions_l_english.yml","5","localization/russian/valyrian_decisions_l_russian.yml","6","Prepare my ship.","Подготовить мой корабль","Подготовьте мой корабль."
"voyage_to_valyria_desc","localization/english/valyrian_decisions_l_english.yml","4","localization/russian/valyrian_decisions_l_russian.yml","5","Undertake a voyage to find long lost Valyrian artifacts. Traveling to the smoking seas is incredibly dangerous, most who travel there do not return.","Отправьтесь в плавание за давно утраченными валирийскими артефактами. Путь к Дымному морю смертельно опасен: большинство тех, кто уходит к берегам Старой Валирии, уже не возвращается.","Отправляйтесь в путешествие, чтобы найти давно потерянные валирийские артефакты. Путешествие к дымному морю невероятно опасно, большинство путешественников не возвращаются."""
"vs_axe_poses_list","localization/english/valyrian_fsb_poses_l_english.yml","10","localization/russian/valyrian_fsb_poses_l_russian.yml","11","Valyrian Steel Axe","Топор из валирийской стали","Топор из валирийской стали"
"vs_dagger_1_poses_list","localization/english/valyrian_fsb_poses_l_english.yml","12","localization/russian/valyrian_fsb_poses_l_russian.yml","13","Valyrian Steel Dagger","Кинжал из валирийской стали","Кинжал из валирийской стали"
"vs_default","localization/english/valyrian_decisions_l_english.yml","73","localization/russian/valyrian_decisions_l_russian.yml","74","default text","текст по умолчанию","default text"
"vs_mace_poses_list","localization/english/valyrian_fsb_poses_l_english.yml","8","localization/russian/valyrian_fsb_poses_l_russian.yml","9","Valyrian Steel Mace","Булава из валирийской стали","Булава из валирийской стали"
"vs_spear_1_poses_list","localization/english/valyrian_fsb_poses_l_english.yml","9","localization/russian/valyrian_fsb_poses_l_russian.yml","10","Valyrian Steel Spear","Копьё из валирийской стали","Копье из валирийской стали"
"vs_sword_1_poses_list","localization/english/valyrian_fsb_poses_l_english.yml","3","localization/russian/valyrian_fsb_poses_l_russian.yml","4","Valyrian Steel Sword (Variant 1)","Меч из валирийской стали (вариант 1)","Меч из валирийской стали (Вариант 1)"
"vs_sword_2_poses_list","localization/english/valyrian_fsb_poses_l_english.yml","4","localization/russian/valyrian_fsb_poses_l_russian.yml","5","Valyrian Steel Sword (Variant 2)","Меч из валирийской стали (вариант 2)","Меч из валирийской стали (Вариант 2)"
"vs_sword_3_poses_list","localization/english/valyrian_fsb_poses_l_english.yml","5","localization/russian/valyrian_fsb_poses_l_russian.yml","6","Valyrian Steel Sword (Variant 3)","Меч из валирийской стали (вариант 3)","Меч из валирийской стали (Вариант 3)"
"vs_sword_4_poses_list","localization/english/valyrian_fsb_poses_l_english.yml","6","localization/russian/valyrian_fsb_poses_l_russian.yml","7","Valyrian Steel Sword (Variant 4)","Меч из валирийской стали (вариант 4)","Меч из валирийской стали (Вариант 4)"
"wedding_vs_drunk","localization/english/valyrian_fsb_poses_l_english.yml","108","localization/russian/valyrian_fsb_poses_l_russian.yml","109","@valyrian_steel_icon! Valyrian Steel Goblet (Drunk)","@valyrian_steel_icon! Кубок из валирийской стали (опьянён)","@valyrian_steel_icon! Кубок из валирийской стали (Пьяный)"" ""@valyrian_steel_icon! Кубок из валирийской стали (Пьяный)"
