time,level,origin,category,text
15:50:52,E,dlc_descriptor.cpp:70,other,Invalid supported_version in file: mod/ugc_2261468688.mod line: 6
15:50:53,E,lexer.cpp:306,utf8_bom,File 'common/defines/zzzz_agot_di_rusbar_culture_defines.txt' should be in utf8-bom encoding (will try to use it anyways)
15:50:53,E,lexer.cpp:306,utf8_bom,File 'common/defines/zzzz_agot_di_rusbar_holdings_defines.txt' should be in utf8-bom encoding (will try to use it anyways)
15:50:53,E,lexer.cpp:306,utf8_bom,File 'common/defines/zzzz_agot_di_rusbar_lifestyle_defines.txt' should be in utf8-bom encoding (will try to use it anyways)
15:51:11,E,lexer.cpp:306,utf8_bom,File 'gui/scripted_widgets/agot_di_rusbar_widgets.txt' should be in utf8-bom encoding (will try to use it anyways)
15:51:36,E,pdxassetutil.cpp:1009,duplicate_textures,"Duplicate texture 'ethiopian_atlas_diffuse.dds' found (current path 'gfx/models/buildings/special/Karhold/ethiopian_atlas_diffuse.dds', previous path 'gfx/models/buildings/holdings/atlas/ethiopian/ethiopian_atlas_diffuse.dds')"
15:51:36,E,pdxassetutil.cpp:1009,duplicate_textures,"Duplicate texture 'ethiopian_atlas_diffuse.dds' found (current path 'gfx/models/buildings/special/Runestone/ethiopian_atlas_diffuse.dds', previous path 'gfx/models/buildings/holdings/atlas/ethiopian/ethiopian_atlas_diffuse.dds')"
15:51:54,E,lexer.cpp:306,utf8_bom,File 'common/game_rules/agot_di_rusbar_culture_rules.txt' should be in utf8-bom encoding (will try to use it anyways)
15:51:54,E,lexer.cpp:306,utf8_bom,File 'common/script_values/agot_di_rusbar_character_values.txt' should be in utf8-bom encoding (will try to use it anyways)
15:51:54,E,lexer.cpp:306,utf8_bom,File 'common/script_values/agot_di_rusbar_court_values.txt' should be in utf8-bom encoding (will try to use it anyways)
15:51:54,E,lexer.cpp:306,utf8_bom,File 'common/script_values/agot_di_rusbar_holding_values.txt' should be in utf8-bom encoding (will try to use it anyways)
15:51:54,E,lexer.cpp:306,utf8_bom,File 'common/script_values/zzzz_agot_di_rusbar_culture_values.txt' should be in utf8-bom encoding (will try to use it anyways)
15:51:55,E,lexer.cpp:306,utf8_bom,File 'common/scripted_triggers/agot_di_rusbar_blessings_triggers.txt' should be in utf8-bom encoding (will try to use it anyways)
15:51:55,E,lexer.cpp:306,utf8_bom,File 'common/scripted_triggers/agot_di_rusbar_character_triggers.txt' should be in utf8-bom encoding (will try to use it anyways)
15:51:55,E,lexer.cpp:306,utf8_bom,File 'common/scripted_triggers/agot_di_rusbar_court_triggers.txt' should be in utf8-bom encoding (will try to use it anyways)
15:51:55,E,lexer.cpp:306,utf8_bom,File 'common/scripted_triggers/agot_di_rusbar_holding_triggers.txt' should be in utf8-bom encoding (will try to use it anyways)
15:51:55,E,lexer.cpp:306,utf8_bom,File 'common/scripted_triggers/agot_di_rusbar_lifestyle_mastery_triggers.txt' should be in utf8-bom encoding (will try to use it anyways)
15:51:55,E,lexer.cpp:306,utf8_bom,File 'common/scripted_effects/agot_di_rusbar_character_effects.txt' should be in utf8-bom encoding (will try to use it anyways)
15:51:55,E,lexer.cpp:306,utf8_bom,File 'common/scripted_effects/agot_di_rusbar_court_completion_effects.txt' should be in utf8-bom encoding (will try to use it anyways)
15:51:55,E,lexer.cpp:306,utf8_bom,File 'common/scripted_effects/agot_di_rusbar_court_education_effects.txt' should be in utf8-bom encoding (will try to use it anyways)
15:51:55,E,lexer.cpp:306,utf8_bom,File 'common/scripted_effects/agot_di_rusbar_court_effects.txt' should be in utf8-bom encoding (will try to use it anyways)
15:51:55,E,lexer.cpp:306,utf8_bom,File 'common/scripted_effects/agot_di_rusbar_court_profiles.txt' should be in utf8-bom encoding (will try to use it anyways)
15:51:55,E,lexer.cpp:306,utf8_bom,File 'common/scripted_effects/agot_di_rusbar_culture_effects.txt' should be in utf8-bom encoding (will try to use it anyways)
15:51:55,E,lexer.cpp:306,utf8_bom,File 'common/scripted_effects/agot_di_rusbar_lifestyle_mastery_effects.txt' should be in utf8-bom encoding (will try to use it anyways)
15:51:55,E,lexer.cpp:306,utf8_bom,File 'common/scripted_effects/agot_di_rusbar_special_training_effects.txt' should be in utf8-bom encoding (will try to use it anyways)
15:51:55,E,decision_type.cpp:224,other,show_notifications_decision has 'ai_check_interval'/'ai_check_interval_by_tier' that's negative or unset. Setting to 0 instead
15:51:56,E,lexer.cpp:306,utf8_bom,File 'common/scripted_guis/agot_di_rusbar_court_gui.txt' should be in utf8-bom encoding (will try to use it anyways)
15:51:56,E,lexer.cpp:306,utf8_bom,File 'common/scripted_guis/agot_di_rusbar_holding_gui.txt' should be in utf8-bom encoding (will try to use it anyways)
15:51:56,E,lexer.cpp:306,utf8_bom,File 'common/character_interactions/agot_di_rusbar_character_interactions.txt' should be in utf8-bom encoding (will try to use it anyways)
15:51:56,E,lexer.cpp:306,utf8_bom,File 'common/character_interactions/agot_di_rusbar_court_interactions.txt' should be in utf8-bom encoding (will try to use it anyways)
15:51:56,E,lexer.cpp:306,utf8_bom,File 'common/character_interactions/agot_di_rusbar_special_training_interactions.txt' should be in utf8-bom encoding (will try to use it anyways)
15:51:56,E,lexer.cpp:306,utf8_bom,File 'common/character_interactions/agot_di_rusbar_valyrian_gods_interaction.txt' should be in utf8-bom encoding (will try to use it anyways)
15:51:56,E,lexer.cpp:306,utf8_bom,File 'common/on_action/agot_di_rusbar_culture_on_actions.txt' should be in utf8-bom encoding (will try to use it anyways)
15:51:56,E,lexer.cpp:306,utf8_bom,File 'common/on_action/agot_di_rusbar_lifestyle_mastery_on_actions.txt' should be in utf8-bom encoding (will try to use it anyways)
15:51:57,E,pdx_persistent_reader.cpp:216,script_validation,"Error: ""Unexpected token: confucian_education_xp_gain_mult, near line: 4047"" in file: ""common/modifiers/DI_modifiers.txt"" near line: 4047"
15:51:57,E,lexer.cpp:306,utf8_bom,File 'common/modifiers/agot_di_rusbar_lifestyle_mastery.txt' should be in utf8-bom encoding (will try to use it anyways)
15:51:57,E,lexer.cpp:306,utf8_bom,File 'common/culture/innovations/agot_di_rusbar_system_innovations.txt' should be in utf8-bom encoding (will try to use it anyways)
15:51:59,E,lexer.cpp:306,utf8_bom,File 'common/script_values/agot_di_rusbar_character_values.txt' should be in utf8-bom encoding (will try to use it anyways)
15:51:59,E,lexer.cpp:306,utf8_bom,File 'common/script_values/agot_di_rusbar_court_values.txt' should be in utf8-bom encoding (will try to use it anyways)
15:51:59,E,lexer.cpp:306,utf8_bom,File 'common/script_values/agot_di_rusbar_holding_values.txt' should be in utf8-bom encoding (will try to use it anyways)
15:51:59,E,lexer.cpp:306,utf8_bom,File 'common/script_values/zzzz_agot_di_rusbar_culture_values.txt' should be in utf8-bom encoding (will try to use it anyways)
15:52:00,E,jomini_eventtarget.cpp:692,script_validation,Failed to find a valid event target link 'house_Blackfyre' at file: common/scripted_triggers/tgc_loaded_trigger.txt line: 127 (tgc_blackfyre_equipment_trigger)
15:52:00,E,portraitaccessories.cpp:159,missing_accessories,"accessory group [clothes:brightboar_swordsman_armour] has an invalid accessory ""male_clothes_secular_brightboar_swordsman"""
15:52:00,E,portraitaccessories.cpp:159,missing_accessories,"accessory group [clothes:brightboar_swordsman_armour] has an invalid accessory ""female_clothes_secular_brightboar_swordsman"""
15:52:00,E,portraitaccessories.cpp:159,missing_accessories,"accessory group [clothes:brightboar_swordsman_armour] has an invalid accessory ""male_clothes_secular_brightboar_swordsman"""
15:52:00,E,portraitaccessories.cpp:159,missing_accessories,"accessory group [clothes:brightboar_swordsman_armour] has an invalid accessory ""female_clothes_secular_brightboar_swordsman"""
15:52:00,E,portraitaccessories.cpp:159,missing_accessories,"accessory group [clothes:asoiaf_all_armours] has an invalid accessory ""male_clothes_asoiaf_nights_watch_leather"""
15:52:00,E,portraitaccessories.cpp:159,missing_accessories,"accessory group [clothes:asoiaf_all_armours] has an invalid accessory ""male_clothes_asoiaf_kingsguard_armour_default"""
15:52:00,E,portraitaccessories.cpp:159,missing_accessories,"accessory group [clothes:asoiaf_all_armours] has an invalid accessory ""male_clothes_asoiaf_gold_cloak_armour"""
15:52:00,E,portraitaccessories.cpp:159,missing_accessories,"accessory group [clothes:asoiaf_all_armours] has an invalid accessory ""male_clothes_asoiaf_dragonstone_armour_high"""
15:52:00,E,portraitaccessories.cpp:159,missing_accessories,"accessory group [clothes:asoiaf_all_armours] has an invalid accessory ""male_clothes_asoiaf_dragonstone_armour_high_rhllor"""
15:52:00,E,portraitaccessories.cpp:159,missing_accessories,"accessory group [clothes:asoiaf_all_armours] has an invalid accessory ""male_clothes_asoiaf_dragonstone_armour_low"""
15:52:00,E,portraitaccessories.cpp:159,missing_accessories,"accessory group [clothes:asoiaf_all_armours] has an invalid accessory ""male_clothes_asoiaf_lannister_armour_royal"""
15:52:00,E,portraitaccessories.cpp:159,missing_accessories,"accessory group [clothes:asoiaf_all_armours] has an invalid accessory ""male_clothes_asoiaf_lannister_armour_dynast"""
15:52:00,E,portraitaccessories.cpp:159,missing_accessories,"accessory group [clothes:asoiaf_all_armours] has an invalid accessory ""male_clothes_asoiaf_lannister_armour_high"""
15:52:00,E,portraitaccessories.cpp:159,missing_accessories,"accessory group [clothes:asoiaf_all_armours] has an invalid accessory ""male_clothes_asoiaf_lannister_armour_light"""
15:52:00,E,portraitaccessories.cpp:159,missing_accessories,"accessory group [clothes:asoiaf_all_armours] has an invalid accessory ""male_clothes_asoiaf_hound_armour"""
15:52:00,E,portraitaccessories.cpp:159,missing_accessories,"accessory group [clothes:asoiaf_all_armours] has an invalid accessory ""male_clothes_asoiaf_north_armour_high"""
15:52:00,E,portraitaccessories.cpp:159,missing_accessories,"accessory group [clothes:asoiaf_all_armours] has an invalid accessory ""male_clothes_asoiaf_north_armour_low"""
15:52:00,E,portraitaccessories.cpp:159,missing_accessories,"accessory group [clothes:asoiaf_all_armours] has an invalid accessory ""male_clothes_asoiaf_stark_armour_high"""
15:52:00,E,portraitaccessories.cpp:159,missing_accessories,"accessory group [clothes:asoiaf_all_armours] has an invalid accessory ""male_clothes_asoiaf_stark_armour_low"""
15:52:00,E,portraitaccessories.cpp:159,missing_accessories,"accessory group [clothes:asoiaf_all_armours] has an invalid accessory ""male_clothes_asoiaf_manderly_armour_dynast"""
15:52:00,E,portraitaccessories.cpp:159,missing_accessories,"accessory group [clothes:asoiaf_all_armours] has an invalid accessory ""male_clothes_asoiaf_manderly_armour_dynast_coa"""
15:52:00,E,portraitaccessories.cpp:159,missing_accessories,"accessory group [clothes:asoiaf_all_armours] has an invalid accessory ""male_clothes_asoiaf_manderly_armour_low"""
15:52:00,E,portraitaccessories.cpp:159,missing_accessories,"accessory group [clothes:asoiaf_all_armours] has an invalid accessory ""male_clothes_asoiaf_manderly_armour_low_coa"""
15:52:00,E,portraitaccessories.cpp:159,missing_accessories,"accessory group [clothes:asoiaf_all_armours] has an invalid accessory ""male_clothes_asoiaf_bolton_armour_dynast"""
15:52:00,E,portraitaccessories.cpp:159,missing_accessories,"accessory group [clothes:asoiaf_all_armours] has an invalid accessory ""male_clothes_asoiaf_bolton_armour_high"""
15:52:00,E,portraitaccessories.cpp:159,missing_accessories,"accessory group [clothes:asoiaf_all_armours] has an invalid accessory ""male_clothes_asoiaf_bolton_armour_low"""
15:52:00,E,portraitaccessories.cpp:159,missing_accessories,"accessory group [clothes:asoiaf_all_armours] has an invalid accessory ""male_clothes_asoiaf_umber_armour_dynast"""
15:52:00,E,portraitaccessories.cpp:159,missing_accessories,"accessory group [clothes:asoiaf_all_armours] has an invalid accessory ""male_clothes_asoiaf_umber_armour_dynast_coa"""
15:52:00,E,portraitaccessories.cpp:159,missing_accessories,"accessory group [clothes:asoiaf_all_armours] has an invalid accessory ""male_clothes_asoiaf_umber_armour_low"""
15:52:00,E,portraitaccessories.cpp:159,missing_accessories,"accessory group [clothes:asoiaf_all_armours] has an invalid accessory ""male_clothes_asoiaf_umber_armour_low_coa"""
15:52:00,E,portraitaccessories.cpp:159,missing_accessories,"accessory group [clothes:asoiaf_all_armours] has an invalid accessory ""male_clothes_asoiaf_tyrell_armour_dynast"""
15:52:00,E,portraitaccessories.cpp:159,missing_accessories,"accessory group [clothes:asoiaf_all_armours] has an invalid accessory ""male_clothes_asoiaf_tyrell_armour_high"""
15:52:00,E,portraitaccessories.cpp:159,missing_accessories,"accessory group [clothes:asoiaf_all_armours] has an invalid accessory ""male_clothes_asoiaf_greyjoy_armour_dynast"""
15:52:00,E,portraitaccessories.cpp:159,missing_accessories,"accessory group [clothes:asoiaf_all_armours] has an invalid accessory ""male_clothes_asoiaf_greyjoy_armour_high"""
15:52:00,E,portraitaccessories.cpp:159,missing_accessories,"accessory group [clothes:asoiaf_all_armours] has an invalid accessory ""male_clothes_asoiaf_ironborn_armour_dynast_coa"""
15:52:00,E,portraitaccessories.cpp:159,missing_accessories,"accessory group [clothes:asoiaf_all_armours] has an invalid accessory ""male_clothes_asoiaf_ironborn_armour_high_coa"""
15:52:00,E,portraitaccessories.cpp:159,missing_accessories,"accessory group [clothes:asoiaf_all_armours] has an invalid accessory ""female_clothes_asoiaf_gold_cloak_armour"""
15:52:00,E,portraitaccessories.cpp:159,missing_accessories,"accessory group [clothes:asoiaf_all_armours] has an invalid accessory ""female_clothes_asoiaf_dragonstone_armour_high"""
15:52:00,E,portraitaccessories.cpp:159,missing_accessories,"accessory group [clothes:asoiaf_all_armours] has an invalid accessory ""female_clothes_asoiaf_dragonstone_armour_high_rhllor"""
15:52:00,E,portraitaccessories.cpp:159,missing_accessories,"accessory group [clothes:asoiaf_all_armours] has an invalid accessory ""female_clothes_asoiaf_dragonstone_armour_low"""
15:52:00,E,portraitaccessories.cpp:159,missing_accessories,"accessory group [clothes:asoiaf_all_armours] has an invalid accessory ""female_clothes_asoiaf_lannister_armour_royal"""
15:52:00,E,portraitaccessories.cpp:159,missing_accessories,"accessory group [clothes:asoiaf_all_armours] has an invalid accessory ""female_clothes_asoiaf_lannister_armour_dynast"""
15:52:00,E,portraitaccessories.cpp:159,missing_accessories,"accessory group [clothes:asoiaf_all_armours] has an invalid accessory ""female_clothes_asoiaf_lannister_armour_high"""
15:52:00,E,portraitaccessories.cpp:159,missing_accessories,"accessory group [clothes:asoiaf_all_armours] has an invalid accessory ""female_clothes_asoiaf_lannister_armour_light"""
15:52:00,E,portraitaccessories.cpp:159,missing_accessories,"accessory group [clothes:asoiaf_all_armours] has an invalid accessory ""female_clothes_asoiaf_hound_armour"""
15:52:00,E,portraitaccessories.cpp:159,missing_accessories,"accessory group [clothes:asoiaf_all_armours] has an invalid accessory ""female_clothes_asoiaf_north_armour_high"""
15:52:00,E,portraitaccessories.cpp:159,missing_accessories,"accessory group [clothes:asoiaf_all_armours] has an invalid accessory ""female_clothes_asoiaf_north_armour_low"""
15:52:00,E,portraitaccessories.cpp:159,missing_accessories,"accessory group [clothes:asoiaf_all_armours] has an invalid accessory ""female_clothes_asoiaf_stark_armour_high"""
15:52:00,E,portraitaccessories.cpp:159,missing_accessories,"accessory group [clothes:asoiaf_all_armours] has an invalid accessory ""female_clothes_asoiaf_stark_armour_low"""
15:52:00,E,portraitaccessories.cpp:159,missing_accessories,"accessory group [clothes:asoiaf_all_armours] has an invalid accessory ""female_clothes_asoiaf_manderly_armour_dynast"""
15:52:00,E,portraitaccessories.cpp:159,missing_accessories,"accessory group [clothes:asoiaf_all_armours] has an invalid accessory ""female_clothes_asoiaf_manderly_armour_dynast_coa"""
15:52:00,E,portraitaccessories.cpp:159,missing_accessories,"accessory group [clothes:asoiaf_all_armours] has an invalid accessory ""female_clothes_asoiaf_manderly_armour_low"""
15:52:00,E,portraitaccessories.cpp:159,missing_accessories,"accessory group [clothes:asoiaf_all_armours] has an invalid accessory ""female_clothes_asoiaf_manderly_armour_low_coa"""
15:52:00,E,portraitaccessories.cpp:159,missing_accessories,"accessory group [clothes:asoiaf_all_armours] has an invalid accessory ""female_clothes_asoiaf_bolton_armour_dynast"""
15:52:00,E,portraitaccessories.cpp:159,missing_accessories,"accessory group [clothes:asoiaf_all_armours] has an invalid accessory ""female_clothes_asoiaf_bolton_armour_high"""
15:52:00,E,portraitaccessories.cpp:159,missing_accessories,"accessory group [clothes:asoiaf_all_armours] has an invalid accessory ""female_clothes_asoiaf_bolton_armour_low"""
15:52:00,E,portraitaccessories.cpp:159,missing_accessories,"accessory group [clothes:asoiaf_all_armours] has an invalid accessory ""female_clothes_asoiaf_umber_armour_dynast"""
15:52:00,E,portraitaccessories.cpp:159,missing_accessories,"accessory group [clothes:asoiaf_all_armours] has an invalid accessory ""female_clothes_asoiaf_umber_armour_dynast_coa"""
15:52:00,E,portraitaccessories.cpp:159,missing_accessories,"accessory group [clothes:asoiaf_all_armours] has an invalid accessory ""female_clothes_asoiaf_umber_armour_low"""
15:52:00,E,portraitaccessories.cpp:159,missing_accessories,"accessory group [clothes:asoiaf_all_armours] has an invalid accessory ""female_clothes_asoiaf_umber_armour_low_coa"""
15:52:00,E,portraitaccessories.cpp:159,missing_accessories,"accessory group [clothes:asoiaf_all_armours] has an invalid accessory ""female_clothes_asoiaf_greyjoy_armour_dynast"""
15:52:00,E,portraitaccessories.cpp:159,missing_accessories,"accessory group [clothes:asoiaf_all_armours] has an invalid accessory ""female_clothes_asoiaf_greyjoy_armour_high"""
15:52:00,E,portraitaccessories.cpp:159,missing_accessories,"accessory group [clothes:asoiaf_all_armours] has an invalid accessory ""female_clothes_asoiaf_ironborn_armour_dynast_coa"""
15:52:00,E,portraitaccessories.cpp:159,missing_accessories,"accessory group [clothes:asoiaf_all_armours] has an invalid accessory ""female_clothes_asoiaf_ironborn_armour_high_coa"""
15:52:00,E,portraitaccessories.cpp:159,missing_accessories,"accessory group [clothes:asoiaf_all_armours] has an invalid accessory ""male_clothes_asoiaf_nights_watch_leather"""
15:52:00,E,portraitaccessories.cpp:159,missing_accessories,"accessory group [clothes:asoiaf_all_armours] has an invalid accessory ""male_clothes_asoiaf_kingsguard_armour_default"""
15:52:00,E,portraitaccessories.cpp:159,missing_accessories,"accessory group [clothes:asoiaf_all_armours] has an invalid accessory ""male_clothes_asoiaf_gold_cloak_armour"""
15:52:00,E,portraitaccessories.cpp:159,missing_accessories,"accessory group [clothes:asoiaf_all_armours] has an invalid accessory ""male_clothes_asoiaf_dragonstone_armour_high"""
15:52:00,E,portraitaccessories.cpp:159,missing_accessories,"accessory group [clothes:asoiaf_all_armours] has an invalid accessory ""male_clothes_asoiaf_dragonstone_armour_high_rhllor"""
15:52:00,E,portraitaccessories.cpp:159,missing_accessories,"accessory group [clothes:asoiaf_all_armours] has an invalid accessory ""male_clothes_asoiaf_dragonstone_armour_low"""
15:52:00,E,portraitaccessories.cpp:159,missing_accessories,"accessory group [clothes:asoiaf_all_armours] has an invalid accessory ""male_clothes_asoiaf_lannister_armour_royal"""
15:52:00,E,portraitaccessories.cpp:159,missing_accessories,"accessory group [clothes:asoiaf_all_armours] has an invalid accessory ""male_clothes_asoiaf_lannister_armour_dynast"""
15:52:00,E,portraitaccessories.cpp:159,missing_accessories,"accessory group [clothes:asoiaf_all_armours] has an invalid accessory ""male_clothes_asoiaf_lannister_armour_high"""
15:52:00,E,portraitaccessories.cpp:159,missing_accessories,"accessory group [clothes:asoiaf_all_armours] has an invalid accessory ""male_clothes_asoiaf_lannister_armour_light"""
15:52:00,E,portraitaccessories.cpp:159,missing_accessories,"accessory group [clothes:asoiaf_all_armours] has an invalid accessory ""male_clothes_asoiaf_hound_armour"""
15:52:00,E,portraitaccessories.cpp:159,missing_accessories,"accessory group [clothes:asoiaf_all_armours] has an invalid accessory ""male_clothes_asoiaf_north_armour_high"""
15:52:00,E,portraitaccessories.cpp:159,missing_accessories,"accessory group [clothes:asoiaf_all_armours] has an invalid accessory ""male_clothes_asoiaf_north_armour_low"""
15:52:00,E,portraitaccessories.cpp:159,missing_accessories,"accessory group [clothes:asoiaf_all_armours] has an invalid accessory ""male_clothes_asoiaf_stark_armour_high"""
15:52:00,E,portraitaccessories.cpp:159,missing_accessories,"accessory group [clothes:asoiaf_all_armours] has an invalid accessory ""male_clothes_asoiaf_stark_armour_low"""
15:52:00,E,portraitaccessories.cpp:159,missing_accessories,"accessory group [clothes:asoiaf_all_armours] has an invalid accessory ""male_clothes_asoiaf_manderly_armour_dynast"""
15:52:00,E,portraitaccessories.cpp:159,missing_accessories,"accessory group [clothes:asoiaf_all_armours] has an invalid accessory ""male_clothes_asoiaf_manderly_armour_dynast_coa"""
15:52:00,E,portraitaccessories.cpp:159,missing_accessories,"accessory group [clothes:asoiaf_all_armours] has an invalid accessory ""male_clothes_asoiaf_manderly_armour_low"""
15:52:00,E,portraitaccessories.cpp:159,missing_accessories,"accessory group [clothes:asoiaf_all_armours] has an invalid accessory ""male_clothes_asoiaf_manderly_armour_low_coa"""
15:52:00,E,portraitaccessories.cpp:159,missing_accessories,"accessory group [clothes:asoiaf_all_armours] has an invalid accessory ""male_clothes_asoiaf_bolton_armour_dynast"""
15:52:00,E,portraitaccessories.cpp:159,missing_accessories,"accessory group [clothes:asoiaf_all_armours] has an invalid accessory ""male_clothes_asoiaf_bolton_armour_high"""
15:52:00,E,portraitaccessories.cpp:159,missing_accessories,"accessory group [clothes:asoiaf_all_armours] has an invalid accessory ""male_clothes_asoiaf_bolton_armour_low"""
15:52:00,E,portraitaccessories.cpp:159,missing_accessories,"accessory group [clothes:asoiaf_all_armours] has an invalid accessory ""male_clothes_asoiaf_umber_armour_dynast"""
15:52:00,E,portraitaccessories.cpp:159,missing_accessories,"accessory group [clothes:asoiaf_all_armours] has an invalid accessory ""male_clothes_asoiaf_umber_armour_dynast_coa"""
15:52:00,E,portraitaccessories.cpp:159,missing_accessories,"accessory group [clothes:asoiaf_all_armours] has an invalid accessory ""male_clothes_asoiaf_umber_armour_low"""
15:52:00,E,portraitaccessories.cpp:159,missing_accessories,"accessory group [clothes:asoiaf_all_armours] has an invalid accessory ""male_clothes_asoiaf_umber_armour_low_coa"""
15:52:00,E,portraitaccessories.cpp:159,missing_accessories,"accessory group [clothes:asoiaf_all_armours] has an invalid accessory ""male_clothes_asoiaf_tyrell_armour_dynast"""
15:52:00,E,portraitaccessories.cpp:159,missing_accessories,"accessory group [clothes:asoiaf_all_armours] has an invalid accessory ""male_clothes_asoiaf_tyrell_armour_high"""
15:52:00,E,portraitaccessories.cpp:159,missing_accessories,"accessory group [clothes:asoiaf_all_armours] has an invalid accessory ""male_clothes_asoiaf_greyjoy_armour_dynast"""
15:52:00,E,portraitaccessories.cpp:159,missing_accessories,"accessory group [clothes:asoiaf_all_armours] has an invalid accessory ""male_clothes_asoiaf_greyjoy_armour_high"""
15:52:00,E,portraitaccessories.cpp:159,missing_accessories,"accessory group [clothes:asoiaf_all_armours] has an invalid accessory ""male_clothes_asoiaf_ironborn_armour_dynast_coa"""
15:52:00,E,portraitaccessories.cpp:159,missing_accessories,"accessory group [clothes:asoiaf_all_armours] has an invalid accessory ""male_clothes_asoiaf_ironborn_armour_high_coa"""
15:52:00,E,portraitaccessories.cpp:159,missing_accessories,"accessory group [clothes:asoiaf_all_armours] has an invalid accessory ""female_clothes_asoiaf_gold_cloak_armour"""
15:52:00,E,portraitaccessories.cpp:159,missing_accessories,"accessory group [clothes:asoiaf_all_armours] has an invalid accessory ""female_clothes_asoiaf_dragonstone_armour_high"""
15:52:00,E,portraitaccessories.cpp:159,missing_accessories,"accessory group [clothes:asoiaf_all_armours] has an invalid accessory ""female_clothes_asoiaf_dragonstone_armour_high_rhllor"""
15:52:00,E,portraitaccessories.cpp:159,missing_accessories,"accessory group [clothes:asoiaf_all_armours] has an invalid accessory ""female_clothes_asoiaf_dragonstone_armour_low"""
15:52:00,E,portraitaccessories.cpp:159,missing_accessories,"accessory group [clothes:asoiaf_all_armours] has an invalid accessory ""female_clothes_asoiaf_lannister_armour_royal"""
15:52:00,E,portraitaccessories.cpp:159,missing_accessories,"accessory group [clothes:asoiaf_all_armours] has an invalid accessory ""female_clothes_asoiaf_lannister_armour_dynast"""
15:52:00,E,portraitaccessories.cpp:159,missing_accessories,"accessory group [clothes:asoiaf_all_armours] has an invalid accessory ""female_clothes_asoiaf_lannister_armour_high"""
15:52:00,E,portraitaccessories.cpp:159,missing_accessories,"accessory group [clothes:asoiaf_all_armours] has an invalid accessory ""female_clothes_asoiaf_lannister_armour_light"""
15:52:00,E,portraitaccessories.cpp:159,missing_accessories,"accessory group [clothes:asoiaf_all_armours] has an invalid accessory ""female_clothes_asoiaf_hound_armour"""
15:52:00,E,portraitaccessories.cpp:159,missing_accessories,"accessory group [clothes:asoiaf_all_armours] has an invalid accessory ""female_clothes_asoiaf_north_armour_high"""
15:52:00,E,portraitaccessories.cpp:159,missing_accessories,"accessory group [clothes:asoiaf_all_armours] has an invalid accessory ""female_clothes_asoiaf_north_armour_low"""
15:52:00,E,portraitaccessories.cpp:159,missing_accessories,"accessory group [clothes:asoiaf_all_armours] has an invalid accessory ""female_clothes_asoiaf_stark_armour_high"""
15:52:00,E,portraitaccessories.cpp:159,missing_accessories,"accessory group [clothes:asoiaf_all_armours] has an invalid accessory ""female_clothes_asoiaf_stark_armour_low"""
15:52:00,E,portraitaccessories.cpp:159,missing_accessories,"accessory group [clothes:asoiaf_all_armours] has an invalid accessory ""female_clothes_asoiaf_manderly_armour_dynast"""
15:52:00,E,portraitaccessories.cpp:159,missing_accessories,"accessory group [clothes:asoiaf_all_armours] has an invalid accessory ""female_clothes_asoiaf_manderly_armour_dynast_coa"""
15:52:00,E,portraitaccessories.cpp:159,missing_accessories,"accessory group [clothes:asoiaf_all_armours] has an invalid accessory ""female_clothes_asoiaf_manderly_armour_low"""
15:52:00,E,portraitaccessories.cpp:159,missing_accessories,"accessory group [clothes:asoiaf_all_armours] has an invalid accessory ""female_clothes_asoiaf_manderly_armour_low_coa"""
15:52:00,E,portraitaccessories.cpp:159,missing_accessories,"accessory group [clothes:asoiaf_all_armours] has an invalid accessory ""female_clothes_asoiaf_bolton_armour_dynast"""
15:52:00,E,portraitaccessories.cpp:159,missing_accessories,"accessory group [clothes:asoiaf_all_armours] has an invalid accessory ""female_clothes_asoiaf_bolton_armour_high"""
15:52:00,E,portraitaccessories.cpp:159,missing_accessories,"accessory group [clothes:asoiaf_all_armours] has an invalid accessory ""female_clothes_asoiaf_bolton_armour_low"""
15:52:00,E,portraitaccessories.cpp:159,missing_accessories,"accessory group [clothes:asoiaf_all_armours] has an invalid accessory ""female_clothes_asoiaf_umber_armour_dynast"""
15:52:00,E,portraitaccessories.cpp:159,missing_accessories,"accessory group [clothes:asoiaf_all_armours] has an invalid accessory ""female_clothes_asoiaf_umber_armour_dynast_coa"""
15:52:00,E,portraitaccessories.cpp:159,missing_accessories,"accessory group [clothes:asoiaf_all_armours] has an invalid accessory ""female_clothes_asoiaf_umber_armour_low"""
15:52:00,E,portraitaccessories.cpp:159,missing_accessories,"accessory group [clothes:asoiaf_all_armours] has an invalid accessory ""female_clothes_asoiaf_umber_armour_low_coa"""
15:52:00,E,portraitaccessories.cpp:159,missing_accessories,"accessory group [clothes:asoiaf_all_armours] has an invalid accessory ""female_clothes_asoiaf_greyjoy_armour_dynast"""
15:52:00,E,portraitaccessories.cpp:159,missing_accessories,"accessory group [clothes:asoiaf_all_armours] has an invalid accessory ""female_clothes_asoiaf_greyjoy_armour_high"""
15:52:00,E,portraitaccessories.cpp:159,missing_accessories,"accessory group [clothes:asoiaf_all_armours] has an invalid accessory ""female_clothes_asoiaf_ironborn_armour_dynast_coa"""
15:52:00,E,portraitaccessories.cpp:159,missing_accessories,"accessory group [clothes:asoiaf_all_armours] has an invalid accessory ""female_clothes_asoiaf_ironborn_armour_high_coa"""
15:52:00,E,portraitaccessories.cpp:159,missing_accessories,"accessory group [clothes:asoiaf_unique_clothes] has an invalid accessory ""male_clothes_asoiaf_bolton_tunic"""
15:52:00,E,portraitaccessories.cpp:159,missing_accessories,"accessory group [clothes:asoiaf_unique_clothes] has an invalid accessory ""male_clothes_asoiaf_bolton_tunic_roose"""
15:52:00,E,portraitaccessories.cpp:159,missing_accessories,"accessory group [clothes:asoiaf_unique_clothes] has an invalid accessory ""male_clothes_asoiaf_north_jerkin_1"""
15:52:00,E,portraitaccessories.cpp:159,missing_accessories,"accessory group [clothes:asoiaf_unique_clothes] has an invalid accessory ""male_clothes_asoiaf_north_jerkin_2_high"""
15:52:00,E,portraitaccessories.cpp:159,missing_accessories,"accessory group [clothes:asoiaf_unique_clothes] has an invalid accessory ""male_clothes_asoiaf_north_jerkin_2_low"""
15:52:00,E,portraitaccessories.cpp:159,missing_accessories,"accessory group [clothes:asoiaf_unique_clothes] has an invalid accessory ""male_clothes_asoiaf_north_jerkin_2_coa"""
15:52:00,E,portraitaccessories.cpp:159,missing_accessories,"accessory group [clothes:asoiaf_unique_clothes] has an invalid accessory ""male_clothes_asoiaf_north_tunic_1_high"""
15:52:00,E,portraitaccessories.cpp:159,missing_accessories,"accessory group [clothes:asoiaf_unique_clothes] has an invalid accessory ""male_clothes_asoiaf_north_tunic_1_low"""
15:52:00,E,portraitaccessories.cpp:159,missing_accessories,"accessory group [clothes:asoiaf_unique_clothes] has an invalid accessory ""male_clothes_asoiaf_north_tunic_1_coa"""
15:52:00,E,portraitaccessories.cpp:159,missing_accessories,"accessory group [clothes:asoiaf_unique_clothes] has an invalid accessory ""male_clothes_asoiaf_stormlands_stannis_clothes_1"""
15:52:00,E,portraitaccessories.cpp:159,missing_accessories,"accessory group [clothes:asoiaf_unique_clothes] has an invalid accessory ""male_clothes_asoiaf_stormlands_overcoat_1_high"""
15:52:00,E,portraitaccessories.cpp:159,missing_accessories,"accessory group [clothes:asoiaf_unique_clothes] has an invalid accessory ""male_clothes_asoiaf_stormlands_overcoat_1_low"""
15:52:00,E,portraitaccessories.cpp:159,missing_accessories,"accessory group [clothes:asoiaf_unique_clothes] has an invalid accessory ""male_clothes_asoiaf_stormlands_overcoat_1_coa"""
15:52:00,E,portraitaccessories.cpp:159,missing_accessories,"accessory group [clothes:asoiaf_unique_clothes] has an invalid accessory ""male_clothes_asoiaf_vale_baelish_tunic_1"""
15:52:00,E,portraitaccessories.cpp:159,missing_accessories,"accessory group [clothes:asoiaf_unique_clothes] has an invalid accessory ""male_clothes_asoiaf_vale_baelish_tunic_1_sigil"""
15:52:00,E,portraitaccessories.cpp:159,missing_accessories,"accessory group [clothes:asoiaf_unique_clothes] has an invalid accessory ""male_clothes_asoiaf_stepstones_pirate_prince_tunic"""
15:52:00,E,portraitaccessories.cpp:159,missing_accessories,"accessory group [clothes:asoiaf_unique_clothes] has an invalid accessory ""male_clothes_asoiaf_westerlands_tywin_tunic_1"""
15:52:00,E,portraitaccessories.cpp:159,missing_accessories,"accessory group [clothes:asoiaf_unique_clothes] has an invalid accessory ""male_clothes_asoiaf_kingsguard_tunic"""
15:52:00,E,portraitaccessories.cpp:159,missing_accessories,"accessory group [clothes:asoiaf_unique_clothes] has an invalid accessory ""male_clothes_asoiaf_reach_tunic_1_high"""
15:52:00,E,portraitaccessories.cpp:159,missing_accessories,"accessory group [clothes:asoiaf_unique_clothes] has an invalid accessory ""male_clothes_asoiaf_reach_tunic_1_low"""
15:52:00,E,portraitaccessories.cpp:159,missing_accessories,"accessory group [clothes:asoiaf_unique_clothes] has an invalid accessory ""male_clothes_asoiaf_reach_tunic_1_coa"""
15:52:00,E,portraitaccessories.cpp:159,missing_accessories,"accessory group [clothes:asoiaf_unique_clothes] has an invalid accessory ""male_clothes_asoiaf_reach_tunic_1_tyrion"""
15:52:00,E,portraitaccessories.cpp:159,missing_accessories,"accessory group [clothes:asoiaf_unique_clothes] has an invalid accessory ""male_clothes_asoiaf_reach_tunic_1_tyrion_ceremonial"""
15:52:00,E,portraitaccessories.cpp:159,missing_accessories,"accessory group [clothes:asoiaf_unique_clothes] has an invalid accessory ""male_clothes_asoiaf_crownlands_tunic_1_joffrey_sash"""
15:52:00,E,portraitaccessories.cpp:159,missing_accessories,"accessory group [clothes:asoiaf_unique_clothes] has an invalid accessory ""male_clothes_asoiaf_crownlands_tunic_1_joffrey_no_clasps"""
15:52:00,E,portraitaccessories.cpp:159,missing_accessories,"accessory group [clothes:asoiaf_unique_clothes] has an invalid accessory ""male_clothes_asoiaf_crownlands_tunic_1_joffrey_no_clasps_leather"""
15:52:00,E,portraitaccessories.cpp:159,missing_accessories,"accessory group [clothes:asoiaf_unique_clothes] has an invalid accessory ""male_clothes_asoiaf_crownlands_tunic_1_joffrey_mourning"""
15:52:00,E,portraitaccessories.cpp:159,missing_accessories,"accessory group [clothes:asoiaf_unique_clothes] has an invalid accessory ""male_clothes_asoiaf_crownlands_tunic_1_tommen"""
15:52:00,E,portraitaccessories.cpp:159,missing_accessories,"accessory group [clothes:asoiaf_unique_clothes] has an invalid accessory ""male_clothes_asoiaf_crownlands_tunic_1_tommen_necklace"""
15:52:00,E,portraitaccessories.cpp:159,missing_accessories,"accessory group [clothes:asoiaf_unique_clothes] has an invalid accessory ""male_clothes_asoiaf_crownlands_tunic_1_necklace"""
15:52:00,E,portraitaccessories.cpp:159,missing_accessories,"accessory group [clothes:asoiaf_unique_clothes] has an invalid accessory ""male_clothes_asoiaf_crownlands_tunic_1_high_sash"""
15:52:00,E,portraitaccessories.cpp:159,missing_accessories,"accessory group [clothes:asoiaf_unique_clothes] has an invalid accessory ""male_clothes_asoiaf_crownlands_tunic_1_high"""
15:52:00,E,portraitaccessories.cpp:159,missing_accessories,"accessory group [clothes:asoiaf_unique_clothes] has an invalid accessory ""male_clothes_asoiaf_crownlands_tunic_1_low_sash"""
15:52:00,E,portraitaccessories.cpp:159,missing_accessories,"accessory group [clothes:asoiaf_unique_clothes] has an invalid accessory ""male_clothes_asoiaf_crownlands_tunic_1_low"""
15:52:00,E,portraitaccessories.cpp:159,missing_accessories,"accessory group [clothes:asoiaf_unique_clothes] has an invalid accessory ""male_clothes_asoiaf_crownlands_tunic_1_coa_sash"""
15:52:00,E,portraitaccessories.cpp:159,missing_accessories,"accessory group [clothes:asoiaf_unique_clothes] has an invalid accessory ""male_clothes_asoiaf_crownlands_tunic_1_coa"""
15:52:00,E,portraitaccessories.cpp:159,missing_accessories,"accessory group [clothes:asoiaf_unique_clothes] has an invalid accessory ""male_clothes_asoiaf_knights_jerkin_high"""
15:52:00,E,portraitaccessories.cpp:159,missing_accessories,"accessory group [clothes:asoiaf_unique_clothes] has an invalid accessory ""male_clothes_asoiaf_knights_jerkin_low"""
15:52:00,E,portraitaccessories.cpp:159,missing_accessories,"accessory group [clothes:asoiaf_unique_clothes] has an invalid accessory ""male_clothes_asoiaf_knights_jerkin_coa"""
15:52:00,E,portraitaccessories.cpp:159,missing_accessories,"accessory group [clothes:asoiaf_unique_clothes] has an invalid accessory ""male_clothes_asoiaf_knights_jerkin_ramsay"""
15:52:00,E,portraitaccessories.cpp:159,missing_accessories,"accessory group [clothes:asoiaf_unique_clothes] has an invalid accessory ""male_clothes_asoiaf_knights_jerkin_bronn"""
15:52:00,E,portraitaccessories.cpp:159,missing_accessories,"accessory group [clothes:asoiaf_unique_clothes] has an invalid accessory ""male_clothes_asoiaf_knights_jerkin_lancel"""
15:52:00,E,portraitaccessories.cpp:159,missing_accessories,"accessory group [clothes:asoiaf_unique_clothes] has an invalid accessory ""male_clothes_asoiaf_knights_jerkin_radzig"""
15:52:00,E,portraitaccessories.cpp:159,missing_accessories,"accessory group [clothes:asoiaf_unique_clothes] has an invalid accessory ""male_clothes_asoiaf_leather_jerkin_1_north"""
15:52:00,E,portraitaccessories.cpp:159,missing_accessories,"accessory group [clothes:asoiaf_unique_clothes] has an invalid accessory ""male_clothes_asoiaf_leather_jerkin_1_high"""
15:52:00,E,portraitaccessories.cpp:159,missing_accessories,"accessory group [clothes:asoiaf_unique_clothes] has an invalid accessory ""male_clothes_asoiaf_leather_jerkin_1_low"""
15:52:00,E,portraitaccessories.cpp:159,missing_accessories,"accessory group [clothes:asoiaf_unique_clothes] has an invalid accessory ""male_clothes_asoiaf_leather_jerkin_1_coa"""
15:52:00,E,portraitaccessories.cpp:159,missing_accessories,"accessory group [clothes:asoiaf_unique_clothes] has an invalid accessory ""male_clothes_asoiaf_leather_jerkin_1_eddard"""
15:52:00,E,portraitaccessories.cpp:159,missing_accessories,"accessory group [clothes:asoiaf_unique_clothes] has an invalid accessory ""male_clothes_asoiaf_leather_jerkin_1_jon"""
15:52:00,E,portraitaccessories.cpp:159,missing_accessories,"accessory group [clothes:asoiaf_unique_clothes] has an invalid accessory ""male_clothes_asoiaf_blacksmith_apron"""
15:52:00,E,portraitaccessories.cpp:159,missing_accessories,"accessory group [clothes:asoiaf_unique_clothes] has an invalid accessory ""male_clothes_asoiaf_huntsman_jerkin"""
15:52:00,E,portraitaccessories.cpp:159,missing_accessories,"accessory group [clothes:asoiaf_unique_clothes] has an invalid accessory ""male_clothes_asoiaf_executioner_jerkin"""
15:52:00,E,portraitaccessories.cpp:159,missing_accessories,"accessory group [clothes:asoiaf_unique_clothes] has an invalid accessory ""female_clothes_asoiaf_westeros_dress_1_high"""
15:52:00,E,portraitaccessories.cpp:159,missing_accessories,"accessory group [clothes:asoiaf_unique_clothes] has an invalid accessory ""female_clothes_asoiaf_westeros_dress_1_low"""
15:52:00,E,portraitaccessories.cpp:159,missing_accessories,"accessory group [clothes:asoiaf_unique_clothes] has an invalid accessory ""female_clothes_asoiaf_westeros_dress_1_coa"""
15:52:00,E,portraitaccessories.cpp:159,missing_accessories,"accessory group [clothes:asoiaf_unique_clothes] has an invalid accessory ""female_clothes_asoiaf_westeros_dress_2_high"""
15:52:00,E,portraitaccessories.cpp:159,missing_accessories,"accessory group [clothes:asoiaf_unique_clothes] has an invalid accessory ""female_clothes_asoiaf_westeros_dress_2_low"""
15:52:00,E,portraitaccessories.cpp:159,missing_accessories,"accessory group [clothes:asoiaf_unique_clothes] has an invalid accessory ""female_clothes_asoiaf_westeros_dress_2_coa"""
15:52:00,E,portraitaccessories.cpp:159,missing_accessories,"accessory group [clothes:asoiaf_unique_clothes] has an invalid accessory ""female_clothes_asoiaf_north_dress_1_high"""
15:52:00,E,portraitaccessories.cpp:159,missing_accessories,"accessory group [clothes:asoiaf_unique_clothes] has an invalid accessory ""female_clothes_asoiaf_north_dress_1_low"""
15:52:00,E,portraitaccessories.cpp:159,missing_accessories,"accessory group [clothes:asoiaf_unique_clothes] has an invalid accessory ""female_clothes_asoiaf_north_dress_1_catelyn"""
15:52:00,E,portraitaccessories.cpp:159,missing_accessories,"accessory group [clothes:asoiaf_unique_clothes] has an invalid accessory ""female_clothes_asoiaf_north_dress_1_catelyn_ceremonial"""
15:52:00,E,portraitaccessories.cpp:159,missing_accessories,"accessory group [clothes:asoiaf_unique_clothes] has an invalid accessory ""female_clothes_asoiaf_north_dress_1_sansa"""
15:52:00,E,portraitaccessories.cpp:159,missing_accessories,"accessory group [clothes:asoiaf_unique_clothes] has an invalid accessory ""female_clothes_asoiaf_north_dress_1_rhaena"""
15:52:00,E,portraitaccessories.cpp:159,missing_accessories,"accessory group [clothes:asoiaf_unique_clothes] has an invalid accessory ""female_clothes_asoiaf_north_dress_2"""
15:52:00,E,portraitaccessories.cpp:159,missing_accessories,"accessory group [clothes:asoiaf_unique_clothes] has an invalid accessory ""female_clothes_asoiaf_westerlands_mourning_1"""
15:52:00,E,portraitaccessories.cpp:159,missing_accessories,"accessory group [clothes:asoiaf_unique_clothes] has an invalid accessory ""female_clothes_asoiaf_reach_gown_1"""
15:52:00,E,portraitaccessories.cpp:159,missing_accessories,"accessory group [clothes:asoiaf_unique_clothes] has an invalid accessory ""female_clothes_asoiaf_handmaiden_dress_1"""
15:52:00,E,portraitaccessories.cpp:159,missing_accessories,"accessory group [clothes:asoiaf_unique_clothes] has an invalid accessory ""female_clothes_asoiaf_handmaiden_dress_2"""
15:52:00,E,portraitaccessories.cpp:159,missing_accessories,"accessory group [clothes:asoiaf_unique_clothes] has an invalid accessory ""female_clothes_asoiaf_blacksmith_apron"""
15:52:00,E,portraitaccessories.cpp:159,missing_accessories,"accessory group [clothes:asoiaf_unique_clothes] has an invalid accessory ""female_clothes_asoiaf_huntsman_jerkin"""
15:52:00,E,portraitaccessories.cpp:159,missing_accessories,"accessory group [clothes:asoiaf_unique_clothes] has an invalid accessory ""female_clothes_asoiaf_executioner_jerkin"""
15:52:00,E,portraitaccessories.cpp:159,missing_accessories,"accessory group [clothes:asoiaf_unique_clothes] has an invalid accessory ""male_clothes_asoiaf_bolton_tunic"""
15:52:00,E,portraitaccessories.cpp:159,missing_accessories,"accessory group [clothes:asoiaf_unique_clothes] has an invalid accessory ""male_clothes_asoiaf_bolton_tunic_roose"""
15:52:00,E,portraitaccessories.cpp:159,missing_accessories,"accessory group [clothes:asoiaf_unique_clothes] has an invalid accessory ""male_clothes_asoiaf_north_jerkin_1"""
15:52:00,E,portraitaccessories.cpp:159,missing_accessories,"accessory group [clothes:asoiaf_unique_clothes] has an invalid accessory ""male_clothes_asoiaf_north_jerkin_2_high"""
15:52:00,E,portraitaccessories.cpp:159,missing_accessories,"accessory group [clothes:asoiaf_unique_clothes] has an invalid accessory ""male_clothes_asoiaf_north_jerkin_2_low"""
15:52:00,E,portraitaccessories.cpp:159,missing_accessories,"accessory group [clothes:asoiaf_unique_clothes] has an invalid accessory ""male_clothes_asoiaf_north_jerkin_2_coa"""
15:52:00,E,portraitaccessories.cpp:159,missing_accessories,"accessory group [clothes:asoiaf_unique_clothes] has an invalid accessory ""male_clothes_asoiaf_north_tunic_1_high"""
15:52:00,E,portraitaccessories.cpp:159,missing_accessories,"accessory group [clothes:asoiaf_unique_clothes] has an invalid accessory ""male_clothes_asoiaf_north_tunic_1_low"""
15:52:00,E,portraitaccessories.cpp:159,missing_accessories,"accessory group [clothes:asoiaf_unique_clothes] has an invalid accessory ""male_clothes_asoiaf_north_tunic_1_coa"""
15:52:00,E,portraitaccessories.cpp:159,missing_accessories,"accessory group [clothes:asoiaf_unique_clothes] has an invalid accessory ""male_clothes_asoiaf_stormlands_stannis_clothes_1"""
15:52:00,E,portraitaccessories.cpp:159,missing_accessories,"accessory group [clothes:asoiaf_unique_clothes] has an invalid accessory ""male_clothes_asoiaf_stormlands_overcoat_1_high"""
15:52:00,E,portraitaccessories.cpp:159,missing_accessories,"accessory group [clothes:asoiaf_unique_clothes] has an invalid accessory ""male_clothes_asoiaf_stormlands_overcoat_1_low"""
15:52:00,E,portraitaccessories.cpp:159,missing_accessories,"accessory group [clothes:asoiaf_unique_clothes] has an invalid accessory ""male_clothes_asoiaf_stormlands_overcoat_1_coa"""
15:52:00,E,portraitaccessories.cpp:159,missing_accessories,"accessory group [clothes:asoiaf_unique_clothes] has an invalid accessory ""male_clothes_asoiaf_vale_baelish_tunic_1"""
15:52:00,E,portraitaccessories.cpp:159,missing_accessories,"accessory group [clothes:asoiaf_unique_clothes] has an invalid accessory ""male_clothes_asoiaf_vale_baelish_tunic_1_sigil"""
15:52:00,E,portraitaccessories.cpp:159,missing_accessories,"accessory group [clothes:asoiaf_unique_clothes] has an invalid accessory ""male_clothes_asoiaf_stepstones_pirate_prince_tunic"""
15:52:00,E,portraitaccessories.cpp:159,missing_accessories,"accessory group [clothes:asoiaf_unique_clothes] has an invalid accessory ""male_clothes_asoiaf_westerlands_tywin_tunic_1"""
15:52:00,E,portraitaccessories.cpp:159,missing_accessories,"accessory group [clothes:asoiaf_unique_clothes] has an invalid accessory ""male_clothes_asoiaf_kingsguard_tunic"""
15:52:00,E,portraitaccessories.cpp:159,missing_accessories,"accessory group [clothes:asoiaf_unique_clothes] has an invalid accessory ""male_clothes_asoiaf_reach_tunic_1_high"""
15:52:00,E,portraitaccessories.cpp:159,missing_accessories,"accessory group [clothes:asoiaf_unique_clothes] has an invalid accessory ""male_clothes_asoiaf_reach_tunic_1_low"""
15:52:00,E,portraitaccessories.cpp:159,missing_accessories,"accessory group [clothes:asoiaf_unique_clothes] has an invalid accessory ""male_clothes_asoiaf_reach_tunic_1_coa"""
15:52:00,E,portraitaccessories.cpp:159,missing_accessories,"accessory group [clothes:asoiaf_unique_clothes] has an invalid accessory ""male_clothes_asoiaf_reach_tunic_1_tyrion"""
15:52:00,E,portraitaccessories.cpp:159,missing_accessories,"accessory group [clothes:asoiaf_unique_clothes] has an invalid accessory ""male_clothes_asoiaf_reach_tunic_1_tyrion_ceremonial"""
15:52:00,E,portraitaccessories.cpp:159,missing_accessories,"accessory group [clothes:asoiaf_unique_clothes] has an invalid accessory ""male_clothes_asoiaf_crownlands_tunic_1_joffrey_sash"""
15:52:00,E,portraitaccessories.cpp:159,missing_accessories,"accessory group [clothes:asoiaf_unique_clothes] has an invalid accessory ""male_clothes_asoiaf_crownlands_tunic_1_joffrey_no_clasps"""
15:52:00,E,portraitaccessories.cpp:159,missing_accessories,"accessory group [clothes:asoiaf_unique_clothes] has an invalid accessory ""male_clothes_asoiaf_crownlands_tunic_1_joffrey_no_clasps_leather"""
15:52:00,E,portraitaccessories.cpp:159,missing_accessories,"accessory group [clothes:asoiaf_unique_clothes] has an invalid accessory ""male_clothes_asoiaf_crownlands_tunic_1_joffrey_mourning"""
15:52:00,E,portraitaccessories.cpp:159,missing_accessories,"accessory group [clothes:asoiaf_unique_clothes] has an invalid accessory ""male_clothes_asoiaf_crownlands_tunic_1_tommen"""
15:52:00,E,portraitaccessories.cpp:159,missing_accessories,"accessory group [clothes:asoiaf_unique_clothes] has an invalid accessory ""male_clothes_asoiaf_crownlands_tunic_1_tommen_necklace"""
15:52:00,E,portraitaccessories.cpp:159,missing_accessories,"accessory group [clothes:asoiaf_unique_clothes] has an invalid accessory ""male_clothes_asoiaf_crownlands_tunic_1_necklace"""
15:52:00,E,portraitaccessories.cpp:159,missing_accessories,"accessory group [clothes:asoiaf_unique_clothes] has an invalid accessory ""male_clothes_asoiaf_crownlands_tunic_1_high_sash"""
15:52:00,E,portraitaccessories.cpp:159,missing_accessories,"accessory group [clothes:asoiaf_unique_clothes] has an invalid accessory ""male_clothes_asoiaf_crownlands_tunic_1_high"""
15:52:00,E,portraitaccessories.cpp:159,missing_accessories,"accessory group [clothes:asoiaf_unique_clothes] has an invalid accessory ""male_clothes_asoiaf_crownlands_tunic_1_low_sash"""
15:52:00,E,portraitaccessories.cpp:159,missing_accessories,"accessory group [clothes:asoiaf_unique_clothes] has an invalid accessory ""male_clothes_asoiaf_crownlands_tunic_1_low"""
15:52:00,E,portraitaccessories.cpp:159,missing_accessories,"accessory group [clothes:asoiaf_unique_clothes] has an invalid accessory ""male_clothes_asoiaf_crownlands_tunic_1_coa_sash"""
15:52:00,E,portraitaccessories.cpp:159,missing_accessories,"accessory group [clothes:asoiaf_unique_clothes] has an invalid accessory ""male_clothes_asoiaf_crownlands_tunic_1_coa"""
15:52:00,E,portraitaccessories.cpp:159,missing_accessories,"accessory group [clothes:asoiaf_unique_clothes] has an invalid accessory ""male_clothes_asoiaf_knights_jerkin_high"""
15:52:00,E,portraitaccessories.cpp:159,missing_accessories,"accessory group [clothes:asoiaf_unique_clothes] has an invalid accessory ""male_clothes_asoiaf_knights_jerkin_low"""
15:52:00,E,portraitaccessories.cpp:159,missing_accessories,"accessory group [clothes:asoiaf_unique_clothes] has an invalid accessory ""male_clothes_asoiaf_knights_jerkin_coa"""
15:52:00,E,portraitaccessories.cpp:159,missing_accessories,"accessory group [clothes:asoiaf_unique_clothes] has an invalid accessory ""male_clothes_asoiaf_knights_jerkin_ramsay"""
15:52:00,E,portraitaccessories.cpp:159,missing_accessories,"accessory group [clothes:asoiaf_unique_clothes] has an invalid accessory ""male_clothes_asoiaf_knights_jerkin_bronn"""
15:52:00,E,portraitaccessories.cpp:159,missing_accessories,"accessory group [clothes:asoiaf_unique_clothes] has an invalid accessory ""male_clothes_asoiaf_knights_jerkin_lancel"""
15:52:00,E,portraitaccessories.cpp:159,missing_accessories,"accessory group [clothes:asoiaf_unique_clothes] has an invalid accessory ""male_clothes_asoiaf_knights_jerkin_radzig"""
15:52:00,E,portraitaccessories.cpp:159,missing_accessories,"accessory group [clothes:asoiaf_unique_clothes] has an invalid accessory ""male_clothes_asoiaf_leather_jerkin_1_north"""
15:52:00,E,portraitaccessories.cpp:159,missing_accessories,"accessory group [clothes:asoiaf_unique_clothes] has an invalid accessory ""male_clothes_asoiaf_leather_jerkin_1_high"""
15:52:00,E,portraitaccessories.cpp:159,missing_accessories,"accessory group [clothes:asoiaf_unique_clothes] has an invalid accessory ""male_clothes_asoiaf_leather_jerkin_1_low"""
15:52:00,E,portraitaccessories.cpp:159,missing_accessories,"accessory group [clothes:asoiaf_unique_clothes] has an invalid accessory ""male_clothes_asoiaf_leather_jerkin_1_coa"""
15:52:00,E,portraitaccessories.cpp:159,missing_accessories,"accessory group [clothes:asoiaf_unique_clothes] has an invalid accessory ""male_clothes_asoiaf_leather_jerkin_1_eddard"""
15:52:00,E,portraitaccessories.cpp:159,missing_accessories,"accessory group [clothes:asoiaf_unique_clothes] has an invalid accessory ""male_clothes_asoiaf_leather_jerkin_1_jon"""
15:52:00,E,portraitaccessories.cpp:159,missing_accessories,"accessory group [clothes:asoiaf_unique_clothes] has an invalid accessory ""male_clothes_asoiaf_blacksmith_apron"""
15:52:00,E,portraitaccessories.cpp:159,missing_accessories,"accessory group [clothes:asoiaf_unique_clothes] has an invalid accessory ""male_clothes_asoiaf_huntsman_jerkin"""
15:52:00,E,portraitaccessories.cpp:159,missing_accessories,"accessory group [clothes:asoiaf_unique_clothes] has an invalid accessory ""male_clothes_asoiaf_executioner_jerkin"""
15:52:00,E,portraitaccessories.cpp:159,missing_accessories,"accessory group [clothes:asoiaf_unique_clothes] has an invalid accessory ""female_clothes_asoiaf_westeros_dress_1_high"""
15:52:00,E,portraitaccessories.cpp:159,missing_accessories,"accessory group [clothes:asoiaf_unique_clothes] has an invalid accessory ""female_clothes_asoiaf_westeros_dress_1_low"""
15:52:00,E,portraitaccessories.cpp:159,missing_accessories,"accessory group [clothes:asoiaf_unique_clothes] has an invalid accessory ""female_clothes_asoiaf_westeros_dress_1_coa"""
15:52:00,E,portraitaccessories.cpp:159,missing_accessories,"accessory group [clothes:asoiaf_unique_clothes] has an invalid accessory ""female_clothes_asoiaf_westeros_dress_2_high"""
15:52:00,E,portraitaccessories.cpp:159,missing_accessories,"accessory group [clothes:asoiaf_unique_clothes] has an invalid accessory ""female_clothes_asoiaf_westeros_dress_2_low"""
15:52:00,E,portraitaccessories.cpp:159,missing_accessories,"accessory group [clothes:asoiaf_unique_clothes] has an invalid accessory ""female_clothes_asoiaf_westeros_dress_2_coa"""
15:52:00,E,portraitaccessories.cpp:159,missing_accessories,"accessory group [clothes:asoiaf_unique_clothes] has an invalid accessory ""female_clothes_asoiaf_north_dress_1_high"""
15:52:00,E,portraitaccessories.cpp:159,missing_accessories,"accessory group [clothes:asoiaf_unique_clothes] has an invalid accessory ""female_clothes_asoiaf_north_dress_1_low"""
15:52:00,E,portraitaccessories.cpp:159,missing_accessories,"accessory group [clothes:asoiaf_unique_clothes] has an invalid accessory ""female_clothes_asoiaf_north_dress_1_catelyn"""
15:52:00,E,portraitaccessories.cpp:159,missing_accessories,"accessory group [clothes:asoiaf_unique_clothes] has an invalid accessory ""female_clothes_asoiaf_north_dress_1_catelyn_ceremonial"""
15:52:00,E,portraitaccessories.cpp:159,missing_accessories,"accessory group [clothes:asoiaf_unique_clothes] has an invalid accessory ""female_clothes_asoiaf_north_dress_1_sansa"""
15:52:00,E,portraitaccessories.cpp:159,missing_accessories,"accessory group [clothes:asoiaf_unique_clothes] has an invalid accessory ""female_clothes_asoiaf_north_dress_1_rhaena"""
15:52:00,E,portraitaccessories.cpp:159,missing_accessories,"accessory group [clothes:asoiaf_unique_clothes] has an invalid accessory ""female_clothes_asoiaf_north_dress_2"""
15:52:00,E,portraitaccessories.cpp:159,missing_accessories,"accessory group [clothes:asoiaf_unique_clothes] has an invalid accessory ""female_clothes_asoiaf_westerlands_mourning_1"""
15:52:00,E,portraitaccessories.cpp:159,missing_accessories,"accessory group [clothes:asoiaf_unique_clothes] has an invalid accessory ""female_clothes_asoiaf_reach_gown_1"""
15:52:00,E,portraitaccessories.cpp:159,missing_accessories,"accessory group [clothes:asoiaf_unique_clothes] has an invalid accessory ""female_clothes_asoiaf_handmaiden_dress_1"""
15:52:00,E,portraitaccessories.cpp:159,missing_accessories,"accessory group [clothes:asoiaf_unique_clothes] has an invalid accessory ""female_clothes_asoiaf_handmaiden_dress_2"""
15:52:00,E,portraitaccessories.cpp:159,missing_accessories,"accessory group [clothes:asoiaf_unique_clothes] has an invalid accessory ""female_clothes_asoiaf_blacksmith_apron"""
15:52:00,E,portraitaccessories.cpp:159,missing_accessories,"accessory group [clothes:asoiaf_unique_clothes] has an invalid accessory ""female_clothes_asoiaf_huntsman_jerkin"""
15:52:00,E,portraitaccessories.cpp:159,missing_accessories,"accessory group [clothes:asoiaf_unique_clothes] has an invalid accessory ""female_clothes_asoiaf_executioner_jerkin"""
15:52:00,E,portraitaccessories.cpp:159,missing_accessories,"accessory group [clothes:asoiaf_maester_clothes] has an invalid accessory ""male_clothes_asoiaf_maester_robes_black"""
15:52:00,E,portraitaccessories.cpp:159,missing_accessories,"accessory group [clothes:asoiaf_maester_clothes] has an invalid accessory ""male_clothes_asoiaf_maester_robes_tan"""
15:52:00,E,portraitaccessories.cpp:159,missing_accessories,"accessory group [clothes:asoiaf_maester_clothes] has an invalid accessory ""male_clothes_asoiaf_maester_robes_brown"""
15:52:00,E,portraitaccessories.cpp:159,missing_accessories,"accessory group [clothes:asoiaf_maester_clothes] has an invalid accessory ""male_clothes_asoiaf_maester_robes_pale_blue"""
15:52:00,E,portraitaccessories.cpp:159,missing_accessories,"accessory group [clothes:asoiaf_maester_clothes] has an invalid accessory ""male_clothes_asoiaf_maester_robes_pale_green"""
15:52:00,E,portraitaccessories.cpp:159,missing_accessories,"accessory group [clothes:asoiaf_maester_clothes] has an invalid accessory ""male_clothes_asoiaf_maester_robes_grey"""
15:52:00,E,portraitaccessories.cpp:159,missing_accessories,"accessory group [clothes:asoiaf_maester_clothes] has an invalid accessory ""male_clothes_asoiaf_maester_robes_black"""
15:52:00,E,portraitaccessories.cpp:159,missing_accessories,"accessory group [clothes:asoiaf_maester_clothes] has an invalid accessory ""male_clothes_asoiaf_maester_robes_tan"""
15:52:00,E,portraitaccessories.cpp:159,missing_accessories,"accessory group [clothes:asoiaf_maester_clothes] has an invalid accessory ""male_clothes_asoiaf_maester_robes_brown"""
15:52:00,E,portraitaccessories.cpp:159,missing_accessories,"accessory group [clothes:asoiaf_maester_clothes] has an invalid accessory ""male_clothes_asoiaf_maester_robes_pale_blue"""
15:52:00,E,portraitaccessories.cpp:159,missing_accessories,"accessory group [clothes:asoiaf_maester_clothes] has an invalid accessory ""male_clothes_asoiaf_maester_robes_pale_green"""
15:52:00,E,portraitaccessories.cpp:159,missing_accessories,"accessory group [clothes:asoiaf_maester_clothes] has an invalid accessory ""male_clothes_asoiaf_maester_robes_grey"""
15:52:00,E,portraitaccessories.cpp:159,missing_accessories,"accessory group [clothes:asoiaf_religious_clothes] has an invalid accessory ""male_clothes_asoiaf_septon_robes_1"""
15:52:00,E,portraitaccessories.cpp:159,missing_accessories,"accessory group [clothes:asoiaf_religious_clothes] has an invalid accessory ""male_clothes_asoiaf_septon_robes_2"""
15:52:00,E,portraitaccessories.cpp:159,missing_accessories,"accessory group [clothes:asoiaf_religious_clothes] has an invalid accessory ""male_clothes_asoiaf_drowned_man_robes_low"""
15:52:00,E,portraitaccessories.cpp:159,missing_accessories,"accessory group [clothes:asoiaf_religious_clothes] has an invalid accessory ""male_clothes_asoiaf_drowned_man_robes_high"""
15:52:00,E,portraitaccessories.cpp:159,missing_accessories,"accessory group [clothes:asoiaf_religious_clothes] has an invalid accessory ""female_clothes_asoiaf_septa_robes"""
15:52:00,E,portraitaccessories.cpp:159,missing_accessories,"accessory group [clothes:asoiaf_religious_clothes] has an invalid accessory ""female_clothes_asoiaf_silent_sister_robes"""
15:52:00,E,portraitaccessories.cpp:159,missing_accessories,"accessory group [clothes:asoiaf_religious_clothes] has an invalid accessory ""male_clothes_asoiaf_septon_robes_1"""
15:52:00,E,portraitaccessories.cpp:159,missing_accessories,"accessory group [clothes:asoiaf_religious_clothes] has an invalid accessory ""male_clothes_asoiaf_septon_robes_2"""
15:52:00,E,portraitaccessories.cpp:159,missing_accessories,"accessory group [clothes:asoiaf_religious_clothes] has an invalid accessory ""male_clothes_asoiaf_drowned_man_robes_low"""
15:52:00,E,portraitaccessories.cpp:159,missing_accessories,"accessory group [clothes:asoiaf_religious_clothes] has an invalid accessory ""male_clothes_asoiaf_drowned_man_robes_high"""
15:52:00,E,portraitaccessories.cpp:159,missing_accessories,"accessory group [clothes:asoiaf_religious_clothes] has an invalid accessory ""female_clothes_asoiaf_septa_robes"""
15:52:00,E,portraitaccessories.cpp:159,missing_accessories,"accessory group [clothes:asoiaf_religious_clothes] has an invalid accessory ""female_clothes_asoiaf_silent_sister_robes"""
15:52:00,E,portraitaccessories.cpp:159,missing_accessories,"accessory group [clothes:golden_company_armor_blackfyre] has an invalid accessory ""male_clothes_captainsArmor_blackfyreAlt_01"""
15:52:00,E,portraitaccessories.cpp:159,missing_accessories,"accessory group [clothes:golden_company_armor_blackfyre] has an invalid accessory ""male_clothes_captainsArmorMetal_blackfyreAlt_01"""
15:52:00,E,portraitaccessories.cpp:159,missing_accessories,"accessory group [clothes:golden_company_armor_blackfyre] has an invalid accessory ""male_clothes_ornateVest_blackfyreAlt_01"""
15:52:00,E,portraitaccessories.cpp:159,missing_accessories,"accessory group [clothes:golden_company_armor_blackfyre] has an invalid accessory ""male_clothes_standardVest_blackfyreAlt_01"""
15:52:00,E,portraitaccessories.cpp:159,missing_accessories,"accessory group [clothes:golden_company_armor_blackfyre] has an invalid accessory ""male_clothes_platedVest_blackfyreAlt_01"""
15:52:00,E,portraitaccessories.cpp:159,missing_accessories,"accessory group [clothes:golden_company_armor_blackfyre] has an invalid accessory ""male_clothes_captainsArmor_blackfyreAlt_01"""
15:52:00,E,portraitaccessories.cpp:159,missing_accessories,"accessory group [clothes:golden_company_armor_blackfyre] has an invalid accessory ""male_clothes_captainsArmorMetal_blackfyreAlt_01"""
15:52:00,E,portraitaccessories.cpp:159,missing_accessories,"accessory group [clothes:golden_company_armor_blackfyre] has an invalid accessory ""male_clothes_ornateVest_blackfyreAlt_01"""
15:52:00,E,portraitaccessories.cpp:159,missing_accessories,"accessory group [clothes:golden_company_armor_blackfyre] has an invalid accessory ""male_clothes_standardVest_blackfyreAlt_01"""
15:52:00,E,portraitaccessories.cpp:159,missing_accessories,"accessory group [clothes:golden_company_armor_blackfyre] has an invalid accessory ""male_clothes_platedVest_blackfyreAlt_01"""
15:52:00,E,portraitaccessories.cpp:159,missing_accessories,"accessory group [cloaks:asoiaf_lannister_war_cloak] has an invalid accessory ""male_cloak_secular_asoiaf_lannister_war_plate_2_cloak"""
15:52:00,E,portraitaccessories.cpp:159,missing_accessories,"accessory group [cloaks:asoiaf_lannister_war_cloak] has an invalid accessory ""female_cloak_secular_asoiaf_lannister_war_plate_2_cloak"""
15:52:00,E,portraitaccessories.cpp:159,missing_accessories,"accessory group [cloaks:asoiaf_lannister_war_cloak] has an invalid accessory ""male_cloak_secular_asoiaf_lannister_war_plate_2_cloak"""
15:52:00,E,portraitaccessories.cpp:159,missing_accessories,"accessory group [cloaks:asoiaf_lannister_war_cloak] has an invalid accessory ""female_cloak_secular_asoiaf_lannister_war_plate_2_cloak"""
15:52:00,E,portraitaccessories.cpp:159,missing_accessories,"accessory group [cloaks:asoiaf_unique_cloaks] has an invalid accessory ""male_cloak_asoiaf_stormlands_stannis_cloak_1"""
15:52:00,E,portraitaccessories.cpp:159,missing_accessories,"accessory group [cloaks:asoiaf_unique_cloaks] has an invalid accessory ""male_cloak_asoiaf_nights_watch_cloak_1"""
15:52:00,E,portraitaccessories.cpp:159,missing_accessories,"accessory group [cloaks:asoiaf_unique_cloaks] has an invalid accessory ""male_cloak_asoiaf_gold_cloak_cloak"""
15:52:00,E,portraitaccessories.cpp:159,missing_accessories,"accessory group [cloaks:asoiaf_unique_cloaks] has an invalid accessory ""male_cloaks_asoiaf_lannister_cloak_royal"""
15:52:00,E,portraitaccessories.cpp:159,missing_accessories,"accessory group [cloaks:asoiaf_unique_cloaks] has an invalid accessory ""male_cloak_asoiaf_kingsguard_cloak_default"""
15:52:00,E,portraitaccessories.cpp:159,missing_accessories,"accessory group [cloaks:asoiaf_unique_cloaks] has an invalid accessory ""male_cloak_asoiaf_manderly_cloak_dynast"""
15:52:00,E,portraitaccessories.cpp:159,missing_accessories,"accessory group [cloaks:asoiaf_unique_cloaks] has an invalid accessory ""male_cloak_asoiaf_manderly_cloak_dynast_coa"""
15:52:00,E,portraitaccessories.cpp:159,missing_accessories,"accessory group [cloaks:asoiaf_unique_cloaks] has an invalid accessory ""female_cloak_asoiaf_nights_watch_cloak_1"""
15:52:00,E,portraitaccessories.cpp:159,missing_accessories,"accessory group [cloaks:asoiaf_unique_cloaks] has an invalid accessory ""female_cloak_asoiaf_gold_cloak_cloak"""
15:52:00,E,portraitaccessories.cpp:159,missing_accessories,"accessory group [cloaks:asoiaf_unique_cloaks] has an invalid accessory ""female_cloaks_asoiaf_lannister_cloak_royal"""
15:52:00,E,portraitaccessories.cpp:159,missing_accessories,"accessory group [cloaks:asoiaf_unique_cloaks] has an invalid accessory ""female_cloak_asoiaf_manderly_cloak_dynast"""
15:52:00,E,portraitaccessories.cpp:159,missing_accessories,"accessory group [cloaks:asoiaf_unique_cloaks] has an invalid accessory ""female_cloak_asoiaf_manderly_cloak_dynast_coa"""
15:52:00,E,portraitaccessories.cpp:159,missing_accessories,"accessory group [cloaks:asoiaf_unique_cloaks] has an invalid accessory ""male_cloak_asoiaf_stormlands_stannis_cloak_1"""
15:52:00,E,portraitaccessories.cpp:159,missing_accessories,"accessory group [cloaks:asoiaf_unique_cloaks] has an invalid accessory ""male_cloak_asoiaf_nights_watch_cloak_1"""
15:52:00,E,portraitaccessories.cpp:159,missing_accessories,"accessory group [cloaks:asoiaf_unique_cloaks] has an invalid accessory ""male_cloak_asoiaf_gold_cloak_cloak"""
15:52:00,E,portraitaccessories.cpp:159,missing_accessories,"accessory group [cloaks:asoiaf_unique_cloaks] has an invalid accessory ""male_cloaks_asoiaf_lannister_cloak_royal"""
15:52:00,E,portraitaccessories.cpp:159,missing_accessories,"accessory group [cloaks:asoiaf_unique_cloaks] has an invalid accessory ""male_cloak_asoiaf_kingsguard_cloak_default"""
15:52:00,E,portraitaccessories.cpp:159,missing_accessories,"accessory group [cloaks:asoiaf_unique_cloaks] has an invalid accessory ""male_cloak_asoiaf_manderly_cloak_dynast"""
15:52:00,E,portraitaccessories.cpp:159,missing_accessories,"accessory group [cloaks:asoiaf_unique_cloaks] has an invalid accessory ""male_cloak_asoiaf_manderly_cloak_dynast_coa"""
15:52:00,E,portraitaccessories.cpp:159,missing_accessories,"accessory group [cloaks:asoiaf_unique_cloaks] has an invalid accessory ""female_cloak_asoiaf_nights_watch_cloak_1"""
15:52:00,E,portraitaccessories.cpp:159,missing_accessories,"accessory group [cloaks:asoiaf_unique_cloaks] has an invalid accessory ""female_cloak_asoiaf_gold_cloak_cloak"""
15:52:00,E,portraitaccessories.cpp:159,missing_accessories,"accessory group [cloaks:asoiaf_unique_cloaks] has an invalid accessory ""female_cloaks_asoiaf_lannister_cloak_royal"""
15:52:00,E,portraitaccessories.cpp:159,missing_accessories,"accessory group [cloaks:asoiaf_unique_cloaks] has an invalid accessory ""female_cloak_asoiaf_manderly_cloak_dynast"""
15:52:00,E,portraitaccessories.cpp:159,missing_accessories,"accessory group [cloaks:asoiaf_unique_cloaks] has an invalid accessory ""female_cloak_asoiaf_manderly_cloak_dynast_coa"""
15:52:00,E,portraitaccessories.cpp:159,missing_accessories,"accessory group [headgear:crowns_of_westeros] has an invalid accessory ""jaehaera_crown"""
15:52:00,E,portraitaccessories.cpp:159,missing_accessories,"accessory group [headgear:crowns_of_westeros] has an invalid accessory ""daeron_the_daring_crown"""
15:52:00,E,portraitaccessories.cpp:159,missing_accessories,"accessory group [headgear:crowns_of_westeros] has an invalid accessory ""maegor_brightflame_crown"""
15:52:00,E,portraitaccessories.cpp:159,missing_accessories,"accessory group [headgear:crowns_of_westeros] has an invalid accessory ""seven_dragon_crown"""
15:52:00,E,portraitaccessories.cpp:159,missing_accessories,"accessory group [headgear:crowns_of_westeros] has an invalid accessory ""elaena_crown_default"""
15:52:00,E,portraitaccessories.cpp:159,missing_accessories,"accessory group [headgear:crowns_of_westeros] has an invalid accessory ""elaena_crown_red"""
15:52:00,E,portraitaccessories.cpp:159,missing_accessories,"accessory group [headgear:crowns_of_westeros] has an invalid accessory ""matarys_crown"""
15:52:00,E,portraitaccessories.cpp:159,missing_accessories,"accessory group [headgear:crowns_of_westeros] has an invalid accessory ""maegor_brightflame_crown"""
15:52:00,E,portraitaccessories.cpp:159,missing_accessories,"accessory group [headgear:crowns_of_westeros] has an invalid accessory ""elaena_crown_black"""
15:52:00,E,portraitaccessories.cpp:159,missing_accessories,"accessory group [headgear:crowns_of_westeros] has an invalid accessory ""aemon_blackfyre_crown"""
15:52:00,E,portraitaccessories.cpp:159,missing_accessories,"accessory group [headgear:crowns_of_westeros] has an invalid accessory ""elaena_crown_red_and_black"""
15:52:00,E,portraitaccessories.cpp:159,missing_accessories,"accessory group [headgear:crowns_of_westeros] has an invalid accessory ""jaehaera_crown"""
15:52:00,E,portraitaccessories.cpp:159,missing_accessories,"accessory group [headgear:crowns_of_westeros] has an invalid accessory ""female_jaehaera_crown"""
15:52:00,E,portraitaccessories.cpp:159,missing_accessories,"accessory group [headgear:crowns_of_westeros] has an invalid accessory ""female_daeron_the_daring_crown"""
15:52:00,E,portraitaccessories.cpp:159,missing_accessories,"accessory group [headgear:crowns_of_westeros] has an invalid accessory ""female_maegor_brightflame_crown"""
15:52:00,E,portraitaccessories.cpp:159,missing_accessories,"accessory group [headgear:crowns_of_westeros] has an invalid accessory ""female_seven_dragon_crown"""
15:52:00,E,portraitaccessories.cpp:159,missing_accessories,"accessory group [headgear:crowns_of_westeros] has an invalid accessory ""female_elaena_crown_default"""
15:52:00,E,portraitaccessories.cpp:159,missing_accessories,"accessory group [headgear:crowns_of_westeros] has an invalid accessory ""female_elaena_crown_red"""
15:52:00,E,portraitaccessories.cpp:159,missing_accessories,"accessory group [headgear:crowns_of_westeros] has an invalid accessory ""female_matarys_crown"""
15:52:00,E,portraitaccessories.cpp:159,missing_accessories,"accessory group [headgear:crowns_of_westeros] has an invalid accessory ""female_maegor_brightflame_crown"""
15:52:00,E,portraitaccessories.cpp:159,missing_accessories,"accessory group [headgear:crowns_of_westeros] has an invalid accessory ""female_elaena_crown_black"""
15:52:00,E,portraitaccessories.cpp:159,missing_accessories,"accessory group [headgear:crowns_of_westeros] has an invalid accessory ""female_aemon_blackfyre_crown"""
15:52:00,E,portraitaccessories.cpp:159,missing_accessories,"accessory group [headgear:crowns_of_westeros] has an invalid accessory ""female_elaena_crown_red_and_black"""
15:52:00,E,portraitaccessories.cpp:159,missing_accessories,"accessory group [headgear:crowns_of_westeros] has an invalid accessory ""female_jaehaera_crown"""
15:52:00,E,portraitaccessories.cpp:159,missing_accessories,"accessory group [headgear:crowns_of_westeros] has an invalid accessory ""jaehaera_crown"""
15:52:00,E,portraitaccessories.cpp:159,missing_accessories,"accessory group [headgear:crowns_of_westeros] has an invalid accessory ""daeron_the_daring_crown"""
15:52:00,E,portraitaccessories.cpp:159,missing_accessories,"accessory group [headgear:crowns_of_westeros] has an invalid accessory ""maegor_brightflame_crown"""
15:52:00,E,portraitaccessories.cpp:159,missing_accessories,"accessory group [headgear:crowns_of_westeros] has an invalid accessory ""seven_dragon_crown"""
15:52:00,E,portraitaccessories.cpp:159,missing_accessories,"accessory group [headgear:crowns_of_westeros] has an invalid accessory ""elaena_crown_default"""
15:52:00,E,portraitaccessories.cpp:159,missing_accessories,"accessory group [headgear:crowns_of_westeros] has an invalid accessory ""elaena_crown_red"""
15:52:00,E,portraitaccessories.cpp:159,missing_accessories,"accessory group [headgear:crowns_of_westeros] has an invalid accessory ""matarys_crown"""
15:52:00,E,portraitaccessories.cpp:159,missing_accessories,"accessory group [headgear:crowns_of_westeros] has an invalid accessory ""maegor_brightflame_crown"""
15:52:00,E,portraitaccessories.cpp:159,missing_accessories,"accessory group [headgear:crowns_of_westeros] has an invalid accessory ""elaena_crown_black"""
15:52:00,E,portraitaccessories.cpp:159,missing_accessories,"accessory group [headgear:crowns_of_westeros] has an invalid accessory ""aemon_blackfyre_crown"""
15:52:00,E,portraitaccessories.cpp:159,missing_accessories,"accessory group [headgear:crowns_of_westeros] has an invalid accessory ""elaena_crown_red_and_black"""
15:52:00,E,portraitaccessories.cpp:159,missing_accessories,"accessory group [headgear:crowns_of_westeros] has an invalid accessory ""jaehaera_crown"""
15:52:00,E,portraitaccessories.cpp:159,missing_accessories,"accessory group [headgear:crowns_of_westeros] has an invalid accessory ""female_jaehaera_crown"""
15:52:00,E,portraitaccessories.cpp:159,missing_accessories,"accessory group [headgear:crowns_of_westeros] has an invalid accessory ""female_daeron_the_daring_crown"""
15:52:00,E,portraitaccessories.cpp:159,missing_accessories,"accessory group [headgear:crowns_of_westeros] has an invalid accessory ""female_maegor_brightflame_crown"""
15:52:00,E,portraitaccessories.cpp:159,missing_accessories,"accessory group [headgear:crowns_of_westeros] has an invalid accessory ""female_seven_dragon_crown"""
15:52:00,E,portraitaccessories.cpp:159,missing_accessories,"accessory group [headgear:crowns_of_westeros] has an invalid accessory ""female_elaena_crown_default"""
15:52:00,E,portraitaccessories.cpp:159,missing_accessories,"accessory group [headgear:crowns_of_westeros] has an invalid accessory ""female_elaena_crown_red"""
15:52:00,E,portraitaccessories.cpp:159,missing_accessories,"accessory group [headgear:crowns_of_westeros] has an invalid accessory ""female_matarys_crown"""
15:52:00,E,portraitaccessories.cpp:159,missing_accessories,"accessory group [headgear:crowns_of_westeros] has an invalid accessory ""female_maegor_brightflame_crown"""
15:52:00,E,portraitaccessories.cpp:159,missing_accessories,"accessory group [headgear:crowns_of_westeros] has an invalid accessory ""female_elaena_crown_black"""
15:52:00,E,portraitaccessories.cpp:159,missing_accessories,"accessory group [headgear:crowns_of_westeros] has an invalid accessory ""female_aemon_blackfyre_crown"""
15:52:00,E,portraitaccessories.cpp:159,missing_accessories,"accessory group [headgear:crowns_of_westeros] has an invalid accessory ""female_elaena_crown_red_and_black"""
15:52:00,E,portraitaccessories.cpp:159,missing_accessories,"accessory group [headgear:crowns_of_westeros] has an invalid accessory ""female_jaehaera_crown"""
15:52:00,E,portraitaccessories.cpp:159,missing_accessories,"accessory group [headgear:asoiaf_all_helms] has an invalid accessory ""male_headgear_asoiaf_nights_watch_hood"""
15:52:00,E,portraitaccessories.cpp:159,missing_accessories,"accessory group [headgear:asoiaf_all_helms] has an invalid accessory ""male_headgear_asoiaf_nights_watch_coif"""
15:52:00,E,portraitaccessories.cpp:159,missing_accessories,"accessory group [headgear:asoiaf_all_helms] has an invalid accessory ""male_headgear_asoiaf_kingsguard_helm_default"""
15:52:00,E,portraitaccessories.cpp:159,missing_accessories,"accessory group [headgear:asoiaf_all_helms] has an invalid accessory ""male_headgear_asoiaf_dragonstone_helm"""
15:52:00,E,portraitaccessories.cpp:159,missing_accessories,"accessory group [headgear:asoiaf_all_helms] has an invalid accessory ""male_headgear_asoiaf_dragonstone_helm_2"""
15:52:00,E,portraitaccessories.cpp:159,missing_accessories,"accessory group [headgear:asoiaf_all_helms] has an invalid accessory ""male_headgear_asoiaf_north_helm_high"""
15:52:00,E,portraitaccessories.cpp:159,missing_accessories,"accessory group [headgear:asoiaf_all_helms] has an invalid accessory ""male_headgear_asoiaf_north_helm_low"""
15:52:00,E,portraitaccessories.cpp:159,missing_accessories,"accessory group [headgear:asoiaf_all_helms] has an invalid accessory ""male_headgear_asoiaf_stark_helm_high"""
15:52:00,E,portraitaccessories.cpp:159,missing_accessories,"accessory group [headgear:asoiaf_all_helms] has an invalid accessory ""male_headgear_asoiaf_stark_helm_low"""
15:52:00,E,portraitaccessories.cpp:159,missing_accessories,"accessory group [headgear:asoiaf_all_helms] has an invalid accessory ""male_headgear_asoiaf_manderly_helm_low"""
15:52:00,E,portraitaccessories.cpp:159,missing_accessories,"accessory group [headgear:asoiaf_all_helms] has an invalid accessory ""male_headgear_asoiaf_manderly_helm_low_coa"""
15:52:00,E,portraitaccessories.cpp:159,missing_accessories,"accessory group [headgear:asoiaf_all_helms] has an invalid accessory ""male_headgear_asoiaf_bolton_helm_high"""
15:52:00,E,portraitaccessories.cpp:159,missing_accessories,"accessory group [headgear:asoiaf_all_helms] has an invalid accessory ""male_headgear_asoiaf_bolton_helm_low"""
15:52:00,E,portraitaccessories.cpp:159,missing_accessories,"accessory group [headgear:asoiaf_all_helms] has an invalid accessory ""male_headgear_asoiaf_umber_helm_dynast"""
15:52:00,E,portraitaccessories.cpp:159,missing_accessories,"accessory group [headgear:asoiaf_all_helms] has an invalid accessory ""male_headgear_asoiaf_umber_helm_dynast_coa"""
15:52:00,E,portraitaccessories.cpp:159,missing_accessories,"accessory group [headgear:asoiaf_all_helms] has an invalid accessory ""male_headgear_asoiaf_umber_helm_low"""
15:52:00,E,portraitaccessories.cpp:159,missing_accessories,"accessory group [headgear:asoiaf_all_helms] has an invalid accessory ""male_headgear_secular_asoiaf_lannister_plate_2_helm_closed"""
15:52:00,E,portraitaccessories.cpp:159,missing_accessories,"accessory group [headgear:asoiaf_all_helms] has an invalid accessory ""male_headgear_asoiaf_hound_helm"""
15:52:00,E,portraitaccessories.cpp:159,missing_accessories,"accessory group [headgear:asoiaf_all_helms] has an invalid accessory ""male_headgear_asoiaf_gold_cloak_helm"""
15:52:00,E,portraitaccessories.cpp:159,missing_accessories,"accessory group [headgear:asoiaf_all_helms] has an invalid accessory ""male_headgear_asoiaf_tyrell_helm_dynast"""
15:52:00,E,portraitaccessories.cpp:159,missing_accessories,"accessory group [headgear:asoiaf_all_helms] has an invalid accessory ""male_headgear_asoiaf_tyrell_helm_high"""
15:52:00,E,portraitaccessories.cpp:159,missing_accessories,"accessory group [headgear:asoiaf_all_helms] has an invalid accessory ""male_headgear_asoiaf_tyrell_helm_low"""
15:52:00,E,portraitaccessories.cpp:159,missing_accessories,"accessory group [headgear:asoiaf_all_helms] has an invalid accessory ""male_headgear_asoiaf_greyjoy_helm_high"""
15:52:00,E,portraitaccessories.cpp:159,missing_accessories,"accessory group [headgear:asoiaf_all_helms] has an invalid accessory ""male_headgear_asoiaf_ironborn_helm_high_coa"""
15:52:00,E,portraitaccessories.cpp:159,missing_accessories,"accessory group [headgear:asoiaf_all_helms] has an invalid accessory ""female_headgear_asoiaf_dragonstone_helm"""
15:52:00,E,portraitaccessories.cpp:159,missing_accessories,"accessory group [headgear:asoiaf_all_helms] has an invalid accessory ""female_headgear_asoiaf_dragonstone_helm_2"""
15:52:00,E,portraitaccessories.cpp:159,missing_accessories,"accessory group [headgear:asoiaf_all_helms] has an invalid accessory ""female_headgear_asoiaf_north_helm_high"""
15:52:00,E,portraitaccessories.cpp:159,missing_accessories,"accessory group [headgear:asoiaf_all_helms] has an invalid accessory ""female_headgear_asoiaf_north_helm_low"""
15:52:00,E,portraitaccessories.cpp:159,missing_accessories,"accessory group [headgear:asoiaf_all_helms] has an invalid accessory ""female_headgear_asoiaf_stark_helm_high"""
15:52:00,E,portraitaccessories.cpp:159,missing_accessories,"accessory group [headgear:asoiaf_all_helms] has an invalid accessory ""female_headgear_asoiaf_stark_helm_low"""
15:52:00,E,portraitaccessories.cpp:159,missing_accessories,"accessory group [headgear:asoiaf_all_helms] has an invalid accessory ""female_headgear_asoiaf_manderly_helm_low"""
15:52:00,E,portraitaccessories.cpp:159,missing_accessories,"accessory group [headgear:asoiaf_all_helms] has an invalid accessory ""female_headgear_asoiaf_manderly_helm_low_coa"""
15:52:00,E,portraitaccessories.cpp:159,missing_accessories,"accessory group [headgear:asoiaf_all_helms] has an invalid accessory ""female_headgear_asoiaf_bolton_helm_high"""
15:52:00,E,portraitaccessories.cpp:159,missing_accessories,"accessory group [headgear:asoiaf_all_helms] has an invalid accessory ""female_headgear_asoiaf_bolton_helm_low"""
15:52:00,E,portraitaccessories.cpp:159,missing_accessories,"accessory group [headgear:asoiaf_all_helms] has an invalid accessory ""female_headgear_asoiaf_umber_helm_dynast"""
15:52:00,E,portraitaccessories.cpp:159,missing_accessories,"accessory group [headgear:asoiaf_all_helms] has an invalid accessory ""female_headgear_asoiaf_umber_helm_dynast_coa"""
15:52:00,E,portraitaccessories.cpp:159,missing_accessories,"accessory group [headgear:asoiaf_all_helms] has an invalid accessory ""female_headgear_asoiaf_umber_helm_low"""
15:52:00,E,portraitaccessories.cpp:159,missing_accessories,"accessory group [headgear:asoiaf_all_helms] has an invalid accessory ""female_headgear_secular_asoiaf_lannister_plate_2_helm_closed"""
15:52:00,E,portraitaccessories.cpp:159,missing_accessories,"accessory group [headgear:asoiaf_all_helms] has an invalid accessory ""female_headgear_asoiaf_hound_helm"""
15:52:00,E,portraitaccessories.cpp:159,missing_accessories,"accessory group [headgear:asoiaf_all_helms] has an invalid accessory ""female_headgear_asoiaf_gold_cloak_helm"""
15:52:00,E,portraitaccessories.cpp:159,missing_accessories,"accessory group [headgear:asoiaf_all_helms] has an invalid accessory ""female_headgear_asoiaf_greyjoy_helm_high"""
15:52:00,E,portraitaccessories.cpp:159,missing_accessories,"accessory group [headgear:asoiaf_all_helms] has an invalid accessory ""female_headgear_asoiaf_ironborn_helm_high_coa"""
15:52:00,E,portraitaccessories.cpp:159,missing_accessories,"accessory group [headgear:asoiaf_all_helms] has an invalid accessory ""male_headgear_asoiaf_nights_watch_hood"""
15:52:00,E,portraitaccessories.cpp:159,missing_accessories,"accessory group [headgear:asoiaf_all_helms] has an invalid accessory ""male_headgear_asoiaf_nights_watch_coif"""
15:52:00,E,portraitaccessories.cpp:159,missing_accessories,"accessory group [headgear:asoiaf_all_helms] has an invalid accessory ""male_headgear_asoiaf_kingsguard_helm_default"""
15:52:00,E,portraitaccessories.cpp:159,missing_accessories,"accessory group [headgear:asoiaf_all_helms] has an invalid accessory ""male_headgear_asoiaf_dragonstone_helm"""
15:52:00,E,portraitaccessories.cpp:159,missing_accessories,"accessory group [headgear:asoiaf_all_helms] has an invalid accessory ""male_headgear_asoiaf_dragonstone_helm_2"""
15:52:00,E,portraitaccessories.cpp:159,missing_accessories,"accessory group [headgear:asoiaf_all_helms] has an invalid accessory ""male_headgear_asoiaf_north_helm_high"""
15:52:00,E,portraitaccessories.cpp:159,missing_accessories,"accessory group [headgear:asoiaf_all_helms] has an invalid accessory ""male_headgear_asoiaf_north_helm_low"""
15:52:00,E,portraitaccessories.cpp:159,missing_accessories,"accessory group [headgear:asoiaf_all_helms] has an invalid accessory ""male_headgear_asoiaf_stark_helm_high"""
15:52:00,E,portraitaccessories.cpp:159,missing_accessories,"accessory group [headgear:asoiaf_all_helms] has an invalid accessory ""male_headgear_asoiaf_stark_helm_low"""
15:52:00,E,portraitaccessories.cpp:159,missing_accessories,"accessory group [headgear:asoiaf_all_helms] has an invalid accessory ""male_headgear_asoiaf_manderly_helm_low"""
15:52:00,E,portraitaccessories.cpp:159,missing_accessories,"accessory group [headgear:asoiaf_all_helms] has an invalid accessory ""male_headgear_asoiaf_manderly_helm_low_coa"""
15:52:00,E,portraitaccessories.cpp:159,missing_accessories,"accessory group [headgear:asoiaf_all_helms] has an invalid accessory ""male_headgear_asoiaf_bolton_helm_high"""
15:52:00,E,portraitaccessories.cpp:159,missing_accessories,"accessory group [headgear:asoiaf_all_helms] has an invalid accessory ""male_headgear_asoiaf_bolton_helm_low"""
15:52:00,E,portraitaccessories.cpp:159,missing_accessories,"accessory group [headgear:asoiaf_all_helms] has an invalid accessory ""male_headgear_asoiaf_umber_helm_dynast"""
15:52:00,E,portraitaccessories.cpp:159,missing_accessories,"accessory group [headgear:asoiaf_all_helms] has an invalid accessory ""male_headgear_asoiaf_umber_helm_dynast_coa"""
15:52:00,E,portraitaccessories.cpp:159,missing_accessories,"accessory group [headgear:asoiaf_all_helms] has an invalid accessory ""male_headgear_asoiaf_umber_helm_low"""
15:52:00,E,portraitaccessories.cpp:159,missing_accessories,"accessory group [headgear:asoiaf_all_helms] has an invalid accessory ""male_headgear_secular_asoiaf_lannister_plate_2_helm_closed"""
15:52:00,E,portraitaccessories.cpp:159,missing_accessories,"accessory group [headgear:asoiaf_all_helms] has an invalid accessory ""male_headgear_asoiaf_hound_helm"""
15:52:00,E,portraitaccessories.cpp:159,missing_accessories,"accessory group [headgear:asoiaf_all_helms] has an invalid accessory ""male_headgear_asoiaf_gold_cloak_helm"""
15:52:00,E,portraitaccessories.cpp:159,missing_accessories,"accessory group [headgear:asoiaf_all_helms] has an invalid accessory ""male_headgear_asoiaf_tyrell_helm_dynast"""
15:52:00,E,portraitaccessories.cpp:159,missing_accessories,"accessory group [headgear:asoiaf_all_helms] has an invalid accessory ""male_headgear_asoiaf_tyrell_helm_high"""
15:52:00,E,portraitaccessories.cpp:159,missing_accessories,"accessory group [headgear:asoiaf_all_helms] has an invalid accessory ""male_headgear_asoiaf_tyrell_helm_low"""
15:52:00,E,portraitaccessories.cpp:159,missing_accessories,"accessory group [headgear:asoiaf_all_helms] has an invalid accessory ""male_headgear_asoiaf_greyjoy_helm_high"""
15:52:00,E,portraitaccessories.cpp:159,missing_accessories,"accessory group [headgear:asoiaf_all_helms] has an invalid accessory ""male_headgear_asoiaf_ironborn_helm_high_coa"""
15:52:00,E,portraitaccessories.cpp:159,missing_accessories,"accessory group [headgear:asoiaf_all_helms] has an invalid accessory ""female_headgear_asoiaf_dragonstone_helm"""
15:52:00,E,portraitaccessories.cpp:159,missing_accessories,"accessory group [headgear:asoiaf_all_helms] has an invalid accessory ""female_headgear_asoiaf_dragonstone_helm_2"""
15:52:00,E,portraitaccessories.cpp:159,missing_accessories,"accessory group [headgear:asoiaf_all_helms] has an invalid accessory ""female_headgear_asoiaf_north_helm_high"""
15:52:00,E,portraitaccessories.cpp:159,missing_accessories,"accessory group [headgear:asoiaf_all_helms] has an invalid accessory ""female_headgear_asoiaf_north_helm_low"""
15:52:00,E,portraitaccessories.cpp:159,missing_accessories,"accessory group [headgear:asoiaf_all_helms] has an invalid accessory ""female_headgear_asoiaf_stark_helm_high"""
15:52:00,E,portraitaccessories.cpp:159,missing_accessories,"accessory group [headgear:asoiaf_all_helms] has an invalid accessory ""female_headgear_asoiaf_stark_helm_low"""
15:52:00,E,portraitaccessories.cpp:159,missing_accessories,"accessory group [headgear:asoiaf_all_helms] has an invalid accessory ""female_headgear_asoiaf_manderly_helm_low"""
15:52:00,E,portraitaccessories.cpp:159,missing_accessories,"accessory group [headgear:asoiaf_all_helms] has an invalid accessory ""female_headgear_asoiaf_manderly_helm_low_coa"""
15:52:00,E,portraitaccessories.cpp:159,missing_accessories,"accessory group [headgear:asoiaf_all_helms] has an invalid accessory ""female_headgear_asoiaf_bolton_helm_high"""
15:52:00,E,portraitaccessories.cpp:159,missing_accessories,"accessory group [headgear:asoiaf_all_helms] has an invalid accessory ""female_headgear_asoiaf_bolton_helm_low"""
15:52:00,E,portraitaccessories.cpp:159,missing_accessories,"accessory group [headgear:asoiaf_all_helms] has an invalid accessory ""female_headgear_asoiaf_umber_helm_dynast"""
15:52:00,E,portraitaccessories.cpp:159,missing_accessories,"accessory group [headgear:asoiaf_all_helms] has an invalid accessory ""female_headgear_asoiaf_umber_helm_dynast_coa"""
15:52:00,E,portraitaccessories.cpp:159,missing_accessories,"accessory group [headgear:asoiaf_all_helms] has an invalid accessory ""female_headgear_asoiaf_umber_helm_low"""
15:52:00,E,portraitaccessories.cpp:159,missing_accessories,"accessory group [headgear:asoiaf_all_helms] has an invalid accessory ""female_headgear_secular_asoiaf_lannister_plate_2_helm_closed"""
15:52:00,E,portraitaccessories.cpp:159,missing_accessories,"accessory group [headgear:asoiaf_all_helms] has an invalid accessory ""female_headgear_asoiaf_hound_helm"""
15:52:00,E,portraitaccessories.cpp:159,missing_accessories,"accessory group [headgear:asoiaf_all_helms] has an invalid accessory ""female_headgear_asoiaf_gold_cloak_helm"""
15:52:00,E,portraitaccessories.cpp:159,missing_accessories,"accessory group [headgear:asoiaf_all_helms] has an invalid accessory ""female_headgear_asoiaf_greyjoy_helm_high"""
15:52:00,E,portraitaccessories.cpp:159,missing_accessories,"accessory group [headgear:asoiaf_all_helms] has an invalid accessory ""female_headgear_asoiaf_ironborn_helm_high_coa"""
15:52:00,E,portraitaccessories.cpp:159,missing_accessories,"accessory group [headgear:asoiaf_unique_headgears] has an invalid accessory ""male_headgear_secular_asoiaf_crown_aerys_II"""
15:52:00,E,portraitaccessories.cpp:159,missing_accessories,"accessory group [headgear:asoiaf_unique_headgears] has an invalid accessory ""male_headgear_secular_asoiaf_crown_robert_I"""
15:52:00,E,portraitaccessories.cpp:159,missing_accessories,"accessory group [headgear:asoiaf_unique_headgears] has an invalid accessory ""male_headgear_secular_asoiaf_crown_renly"""
15:52:00,E,portraitaccessories.cpp:159,missing_accessories,"accessory group [headgear:asoiaf_unique_headgears] has an invalid accessory ""male_headgear_secular_asoiaf_crown_baratheon_tyrell"""
15:52:00,E,portraitaccessories.cpp:159,missing_accessories,"accessory group [headgear:asoiaf_unique_headgears] has an invalid accessory ""male_headgear_secular_asoiaf_crown_joffrey_I"""
15:52:00,E,portraitaccessories.cpp:159,missing_accessories,"accessory group [headgear:asoiaf_unique_headgears] has an invalid accessory ""male_headgear_asoiaf_crown_of_winter"""
15:52:00,E,portraitaccessories.cpp:159,missing_accessories,"accessory group [headgear:asoiaf_unique_headgears] has an invalid accessory ""male_headgear_asoiaf_sansa_crown"""
15:52:00,E,portraitaccessories.cpp:159,missing_accessories,"accessory group [headgear:asoiaf_unique_headgears] has an invalid accessory ""male_headgear_asoiaf_executioner_cowl"""
15:52:00,E,portraitaccessories.cpp:159,missing_accessories,"accessory group [headgear:asoiaf_unique_headgears] has an invalid accessory ""female_headgear_secular_asoiaf_crown_aerys_II"""
15:52:00,E,portraitaccessories.cpp:159,missing_accessories,"accessory group [headgear:asoiaf_unique_headgears] has an invalid accessory ""female_headgear_secular_asoiaf_crown_robert_I"""
15:52:00,E,portraitaccessories.cpp:159,missing_accessories,"accessory group [headgear:asoiaf_unique_headgears] has an invalid accessory ""female_headgear_secular_asoiaf_crown_renly"""
15:52:00,E,portraitaccessories.cpp:159,missing_accessories,"accessory group [headgear:asoiaf_unique_headgears] has an invalid accessory ""female_headgear_secular_asoiaf_crown_baratheon_tyrell"""
15:52:00,E,portraitaccessories.cpp:159,missing_accessories,"accessory group [headgear:asoiaf_unique_headgears] has an invalid accessory ""female_headgear_secular_asoiaf_crown_joffrey_I"""
15:52:00,E,portraitaccessories.cpp:159,missing_accessories,"accessory group [headgear:asoiaf_unique_headgears] has an invalid accessory ""female_headgear_asoiaf_crown_of_winter"""
15:52:00,E,portraitaccessories.cpp:159,missing_accessories,"accessory group [headgear:asoiaf_unique_headgears] has an invalid accessory ""female_headgear_asoiaf_sansa_crown"""
15:52:00,E,portraitaccessories.cpp:159,missing_accessories,"accessory group [headgear:asoiaf_unique_headgears] has an invalid accessory ""female_headgear_asoiaf_reach_headdress_1"""
15:52:00,E,portraitaccessories.cpp:159,missing_accessories,"accessory group [headgear:asoiaf_unique_headgears] has an invalid accessory ""female_headgear_asoiaf_septa_wimple"""
15:52:00,E,portraitaccessories.cpp:159,missing_accessories,"accessory group [headgear:asoiaf_unique_headgears] has an invalid accessory ""female_headgear_asoiaf_silent_sister_hood"""
15:52:00,E,portraitaccessories.cpp:159,missing_accessories,"accessory group [headgear:asoiaf_unique_headgears] has an invalid accessory ""female_headgear_asoiaf_executioner_cowl"""
15:52:00,E,portraitaccessories.cpp:159,missing_accessories,"accessory group [headgear:asoiaf_unique_headgears] has an invalid accessory ""male_headgear_secular_asoiaf_crown_aerys_II"""
15:52:00,E,portraitaccessories.cpp:159,missing_accessories,"accessory group [headgear:asoiaf_unique_headgears] has an invalid accessory ""male_headgear_secular_asoiaf_crown_robert_I"""
15:52:00,E,portraitaccessories.cpp:159,missing_accessories,"accessory group [headgear:asoiaf_unique_headgears] has an invalid accessory ""male_headgear_secular_asoiaf_crown_renly"""
15:52:00,E,portraitaccessories.cpp:159,missing_accessories,"accessory group [headgear:asoiaf_unique_headgears] has an invalid accessory ""male_headgear_secular_asoiaf_crown_baratheon_tyrell"""
15:52:00,E,portraitaccessories.cpp:159,missing_accessories,"accessory group [headgear:asoiaf_unique_headgears] has an invalid accessory ""male_headgear_secular_asoiaf_crown_joffrey_I"""
15:52:00,E,portraitaccessories.cpp:159,missing_accessories,"accessory group [headgear:asoiaf_unique_headgears] has an invalid accessory ""male_headgear_asoiaf_crown_of_winter"""
15:52:00,E,portraitaccessories.cpp:159,missing_accessories,"accessory group [headgear:asoiaf_unique_headgears] has an invalid accessory ""male_headgear_asoiaf_sansa_crown"""
15:52:00,E,portraitaccessories.cpp:159,missing_accessories,"accessory group [headgear:asoiaf_unique_headgears] has an invalid accessory ""male_headgear_asoiaf_executioner_cowl"""
15:52:00,E,portraitaccessories.cpp:159,missing_accessories,"accessory group [headgear:asoiaf_unique_headgears] has an invalid accessory ""female_headgear_secular_asoiaf_crown_aerys_II"""
15:52:00,E,portraitaccessories.cpp:159,missing_accessories,"accessory group [headgear:asoiaf_unique_headgears] has an invalid accessory ""female_headgear_secular_asoiaf_crown_robert_I"""
15:52:00,E,portraitaccessories.cpp:159,missing_accessories,"accessory group [headgear:asoiaf_unique_headgears] has an invalid accessory ""female_headgear_secular_asoiaf_crown_renly"""
15:52:00,E,portraitaccessories.cpp:159,missing_accessories,"accessory group [headgear:asoiaf_unique_headgears] has an invalid accessory ""female_headgear_secular_asoiaf_crown_baratheon_tyrell"""
15:52:00,E,portraitaccessories.cpp:159,missing_accessories,"accessory group [headgear:asoiaf_unique_headgears] has an invalid accessory ""female_headgear_secular_asoiaf_crown_joffrey_I"""
15:52:00,E,portraitaccessories.cpp:159,missing_accessories,"accessory group [headgear:asoiaf_unique_headgears] has an invalid accessory ""female_headgear_asoiaf_crown_of_winter"""
15:52:00,E,portraitaccessories.cpp:159,missing_accessories,"accessory group [headgear:asoiaf_unique_headgears] has an invalid accessory ""female_headgear_asoiaf_sansa_crown"""
15:52:00,E,portraitaccessories.cpp:159,missing_accessories,"accessory group [headgear:asoiaf_unique_headgears] has an invalid accessory ""female_headgear_asoiaf_reach_headdress_1"""
15:52:00,E,portraitaccessories.cpp:159,missing_accessories,"accessory group [headgear:asoiaf_unique_headgears] has an invalid accessory ""female_headgear_asoiaf_septa_wimple"""
15:52:00,E,portraitaccessories.cpp:159,missing_accessories,"accessory group [headgear:asoiaf_unique_headgears] has an invalid accessory ""female_headgear_asoiaf_silent_sister_hood"""
15:52:00,E,portraitaccessories.cpp:159,missing_accessories,"accessory group [headgear:asoiaf_unique_headgears] has an invalid accessory ""female_headgear_asoiaf_executioner_cowl"""
15:52:00,E,portraitaccessories.cpp:159,missing_accessories,"accessory group [headgear:asoiaf_nights_watch_headgears] has an invalid accessory ""male_headgear_asoiaf_nights_watch_hood"""
15:52:00,E,portraitaccessories.cpp:159,missing_accessories,"accessory group [headgear:asoiaf_nights_watch_headgears] has an invalid accessory ""male_headgear_asoiaf_nights_watch_coif"""
15:52:00,E,portraitaccessories.cpp:159,missing_accessories,"accessory group [headgear:asoiaf_nights_watch_headgears] has an invalid accessory ""male_headgear_asoiaf_nights_watch_hood"""
15:52:00,E,portraitaccessories.cpp:159,missing_accessories,"accessory group [headgear:asoiaf_nights_watch_headgears] has an invalid accessory ""male_headgear_asoiaf_nights_watch_coif"""
15:52:00,E,portraitaccessories.cpp:159,missing_accessories,"accessory group [headgear:tgc_helmets] has an invalid accessory ""male_headgear_tgc_helm_blackfyre_01"""
15:52:00,E,portraitaccessories.cpp:159,missing_accessories,"accessory group [headgear:tgc_helmets] has an invalid accessory ""male_headgear_tgc_helm_blackfyreAlt_01"""
15:52:00,E,portraitaccessories.cpp:159,missing_accessories,"accessory group [headgear:tgc_helmets] has an invalid accessory ""male_headgear_tgc_helm_blackfyre_02"""
15:52:00,E,portraitaccessories.cpp:159,missing_accessories,"accessory group [headgear:tgc_helmets] has an invalid accessory ""male_headgear_tgc_helm_blackfyreAlt_02"""
15:52:00,E,portraitaccessories.cpp:159,missing_accessories,"accessory group [headgear:tgc_helmets] has an invalid accessory ""male_headgear_tgc_helm_blackfyre_03"""
15:52:00,E,portraitaccessories.cpp:159,missing_accessories,"accessory group [headgear:tgc_helmets] has an invalid accessory ""male_headgear_tgc_helm_blackfyreAlt_03"""
15:52:00,E,portraitaccessories.cpp:159,missing_accessories,"accessory group [headgear:tgc_helmets] has an invalid accessory ""male_headgear_tgc_helm_blackfyre_01"""
15:52:00,E,portraitaccessories.cpp:159,missing_accessories,"accessory group [headgear:tgc_helmets] has an invalid accessory ""male_headgear_tgc_helm_blackfyreAlt_01"""
15:52:00,E,portraitaccessories.cpp:159,missing_accessories,"accessory group [headgear:tgc_helmets] has an invalid accessory ""male_headgear_tgc_helm_blackfyre_02"""
15:52:00,E,portraitaccessories.cpp:159,missing_accessories,"accessory group [headgear:tgc_helmets] has an invalid accessory ""male_headgear_tgc_helm_blackfyreAlt_02"""
15:52:00,E,portraitaccessories.cpp:159,missing_accessories,"accessory group [headgear:tgc_helmets] has an invalid accessory ""male_headgear_tgc_helm_blackfyre_03"""
15:52:00,E,portraitaccessories.cpp:159,missing_accessories,"accessory group [headgear:tgc_helmets] has an invalid accessory ""male_headgear_tgc_helm_blackfyreAlt_03"""
15:52:00,E,portraitaccessories.cpp:159,missing_accessories,"accessory group [legwear:asoiaf_all_legwears] has an invalid accessory ""male_legwear_asoiaf_kingsguard_legs_default"""
15:52:00,E,portraitaccessories.cpp:159,missing_accessories,"accessory group [legwear:asoiaf_all_legwears] has an invalid accessory ""male_legwear_asoiaf_kingsguard_legs_boots"""
15:52:00,E,portraitaccessories.cpp:159,missing_accessories,"accessory group [legwear:asoiaf_all_legwears] has an invalid accessory ""male_legwear_asoiaf_dragonstone_legs"""
15:52:00,E,portraitaccessories.cpp:159,missing_accessories,"accessory group [legwear:asoiaf_all_legwears] has an invalid accessory ""male_legwear_asoiaf_north_legs"""
15:52:00,E,portraitaccessories.cpp:159,missing_accessories,"accessory group [legwear:asoiaf_all_legwears] has an invalid accessory ""male_legwear_asoiaf_stark_legs"""
15:52:00,E,portraitaccessories.cpp:159,missing_accessories,"accessory group [legwear:asoiaf_all_legwears] has an invalid accessory ""male_legwear_asoiaf_manderly_legs"""
15:52:00,E,portraitaccessories.cpp:159,missing_accessories,"accessory group [legwear:asoiaf_all_legwears] has an invalid accessory ""male_legwear_asoiaf_bolton_legs"""
15:52:00,E,portraitaccessories.cpp:159,missing_accessories,"accessory group [legwear:asoiaf_all_legwears] has an invalid accessory ""male_legwear_asoiaf_umber_legs"""
15:52:00,E,portraitaccessories.cpp:159,missing_accessories,"accessory group [legwear:asoiaf_all_legwears] has an invalid accessory ""male_legwear_asoiaf_umber_legs_coa"""
15:52:00,E,portraitaccessories.cpp:159,missing_accessories,"accessory group [legwear:asoiaf_all_legwears] has an invalid accessory ""male_legwear_asoiaf_lannister_legs_dynast"""
15:52:00,E,portraitaccessories.cpp:159,missing_accessories,"accessory group [legwear:asoiaf_all_legwears] has an invalid accessory ""male_legwear_asoiaf_lannister_legs_light"""
15:52:00,E,portraitaccessories.cpp:159,missing_accessories,"accessory group [legwear:asoiaf_all_legwears] has an invalid accessory ""male_legwear_asoiaf_hound_legs"""
15:52:00,E,portraitaccessories.cpp:159,missing_accessories,"accessory group [legwear:asoiaf_all_legwears] has an invalid accessory ""male_legwear_asoiaf_gold_cloak_legs"""
15:52:00,E,portraitaccessories.cpp:159,missing_accessories,"accessory group [legwear:asoiaf_all_legwears] has an invalid accessory ""male_legwear_asoiaf_tyrell_legs"""
15:52:00,E,portraitaccessories.cpp:159,missing_accessories,"accessory group [legwear:asoiaf_all_legwears] has an invalid accessory ""male_legwear_asoiaf_beaked_shoes"""
15:52:00,E,portraitaccessories.cpp:159,missing_accessories,"accessory group [legwear:asoiaf_all_legwears] has an invalid accessory ""male_legwear_asoiaf_greyjoy_legs"""
15:52:00,E,portraitaccessories.cpp:159,missing_accessories,"accessory group [legwear:asoiaf_all_legwears] has an invalid accessory ""male_legwear_asoiaf_ironborn_legs_coa"""
15:52:00,E,portraitaccessories.cpp:159,missing_accessories,"accessory group [legwear:asoiaf_all_legwears] has an invalid accessory ""male_legwear_asoiaf_nights_watch_legs"""
15:52:00,E,portraitaccessories.cpp:159,missing_accessories,"accessory group [legwear:asoiaf_all_legwears] has an invalid accessory ""male_legwear_asoiaf_slippers_1"""
15:52:00,E,portraitaccessories.cpp:159,missing_accessories,"accessory group [legwear:asoiaf_all_legwears] has an invalid accessory ""male_legwear_asoiaf_leather_boots_1"""
15:52:00,E,portraitaccessories.cpp:159,missing_accessories,"accessory group [legwear:asoiaf_all_legwears] has an invalid accessory ""male_legwear_asoiaf_leather_boots_2"""
15:52:00,E,portraitaccessories.cpp:159,missing_accessories,"accessory group [legwear:asoiaf_all_legwears] has an invalid accessory ""male_legwear_asoiaf_leather_boots_3"""
15:52:00,E,portraitaccessories.cpp:159,missing_accessories,"accessory group [legwear:asoiaf_all_legwears] has an invalid accessory ""male_legwear_asoiaf_leather_boots_4"""
15:52:00,E,portraitaccessories.cpp:159,missing_accessories,"accessory group [legwear:asoiaf_all_legwears] has an invalid accessory ""male_legwear_asoiaf_leather_boots_5"""
15:52:00,E,portraitaccessories.cpp:159,missing_accessories,"accessory group [legwear:asoiaf_all_legwears] has an invalid accessory ""male_legwear_asoiaf_leather_boots_6"""
15:52:00,E,portraitaccessories.cpp:159,missing_accessories,"accessory group [legwear:asoiaf_all_legwears] has an invalid accessory ""male_legwear_asoiaf_leather_boots_7"""
15:52:00,E,portraitaccessories.cpp:159,missing_accessories,"accessory group [legwear:asoiaf_all_legwears] has an invalid accessory ""male_legwear_asoiaf_blacksmith_legs"""
15:52:00,E,portraitaccessories.cpp:159,missing_accessories,"accessory group [legwear:asoiaf_all_legwears] has an invalid accessory ""male_legwear_asoiaf_huntsman_legs"""
15:52:00,E,portraitaccessories.cpp:159,missing_accessories,"accessory group [legwear:asoiaf_all_legwears] has an invalid accessory ""male_legwear_asoiaf_executioner_legs"""
15:52:00,E,portraitaccessories.cpp:159,missing_accessories,"accessory group [legwear:asoiaf_all_legwears] has an invalid accessory ""female_legwear_asoiaf_dragonstone_legs"""
15:52:00,E,portraitaccessories.cpp:159,missing_accessories,"accessory group [legwear:asoiaf_all_legwears] has an invalid accessory ""female_legwear_asoiaf_north_legs"""
15:52:00,E,portraitaccessories.cpp:159,missing_accessories,"accessory group [legwear:asoiaf_all_legwears] has an invalid accessory ""female_legwear_asoiaf_stark_legs"""
15:52:00,E,portraitaccessories.cpp:159,missing_accessories,"accessory group [legwear:asoiaf_all_legwears] has an invalid accessory ""female_legwear_asoiaf_manderly_legs"""
15:52:00,E,portraitaccessories.cpp:159,missing_accessories,"accessory group [legwear:asoiaf_all_legwears] has an invalid accessory ""female_legwear_asoiaf_bolton_legs"""
15:52:00,E,portraitaccessories.cpp:159,missing_accessories,"accessory group [legwear:asoiaf_all_legwears] has an invalid accessory ""female_legwear_asoiaf_umber_legs"""
15:52:00,E,portraitaccessories.cpp:159,missing_accessories,"accessory group [legwear:asoiaf_all_legwears] has an invalid accessory ""female_legwear_asoiaf_umber_legs_coa"""
15:52:00,E,portraitaccessories.cpp:159,missing_accessories,"accessory group [legwear:asoiaf_all_legwears] has an invalid accessory ""female_legwear_asoiaf_lannister_legs_dynast"""
15:52:00,E,portraitaccessories.cpp:159,missing_accessories,"accessory group [legwear:asoiaf_all_legwears] has an invalid accessory ""female_legwear_asoiaf_lannister_legs_light"""
15:52:00,E,portraitaccessories.cpp:159,missing_accessories,"accessory group [legwear:asoiaf_all_legwears] has an invalid accessory ""female_legwear_asoiaf_hound_legs"""
15:52:00,E,portraitaccessories.cpp:159,missing_accessories,"accessory group [legwear:asoiaf_all_legwears] has an invalid accessory ""female_legwear_asoiaf_gold_cloak_legs"""
15:52:00,E,portraitaccessories.cpp:159,missing_accessories,"accessory group [legwear:asoiaf_all_legwears] has an invalid accessory ""female_legwear_asoiaf_dorne_sandals"""
15:52:00,E,portraitaccessories.cpp:159,missing_accessories,"accessory group [legwear:asoiaf_all_legwears] has an invalid accessory ""female_legwear_asoiaf_greyjoy_legs"""
15:52:00,E,portraitaccessories.cpp:159,missing_accessories,"accessory group [legwear:asoiaf_all_legwears] has an invalid accessory ""female_legwear_asoiaf_ironborn_legs_coa"""
15:52:00,E,portraitaccessories.cpp:159,missing_accessories,"accessory group [legwear:asoiaf_all_legwears] has an invalid accessory ""female_legwear_asoiaf_leather_boots_1"""
15:52:00,E,portraitaccessories.cpp:159,missing_accessories,"accessory group [legwear:asoiaf_all_legwears] has an invalid accessory ""female_legwear_asoiaf_shoes_1"""
15:52:00,E,portraitaccessories.cpp:159,missing_accessories,"accessory group [legwear:asoiaf_all_legwears] has an invalid accessory ""female_legwear_asoiaf_blacksmith_legs"""
15:52:00,E,portraitaccessories.cpp:159,missing_accessories,"accessory group [legwear:asoiaf_all_legwears] has an invalid accessory ""female_legwear_asoiaf_huntsman_legs"""
15:52:00,E,portraitaccessories.cpp:159,missing_accessories,"accessory group [legwear:asoiaf_all_legwears] has an invalid accessory ""female_legwear_asoiaf_executioner_legs"""
15:52:00,E,portraitaccessories.cpp:159,missing_accessories,"accessory group [legwear:asoiaf_all_legwears] has an invalid accessory ""male_legwear_asoiaf_kingsguard_legs_default"""
15:52:00,E,portraitaccessories.cpp:159,missing_accessories,"accessory group [legwear:asoiaf_all_legwears] has an invalid accessory ""male_legwear_asoiaf_kingsguard_legs_boots"""
15:52:00,E,portraitaccessories.cpp:159,missing_accessories,"accessory group [legwear:asoiaf_all_legwears] has an invalid accessory ""male_legwear_asoiaf_dragonstone_legs"""
15:52:00,E,portraitaccessories.cpp:159,missing_accessories,"accessory group [legwear:asoiaf_all_legwears] has an invalid accessory ""male_legwear_asoiaf_north_legs"""
15:52:00,E,portraitaccessories.cpp:159,missing_accessories,"accessory group [legwear:asoiaf_all_legwears] has an invalid accessory ""male_legwear_asoiaf_stark_legs"""
15:52:00,E,portraitaccessories.cpp:159,missing_accessories,"accessory group [legwear:asoiaf_all_legwears] has an invalid accessory ""male_legwear_asoiaf_manderly_legs"""
15:52:00,E,portraitaccessories.cpp:159,missing_accessories,"accessory group [legwear:asoiaf_all_legwears] has an invalid accessory ""male_legwear_asoiaf_bolton_legs"""
15:52:00,E,portraitaccessories.cpp:159,missing_accessories,"accessory group [legwear:asoiaf_all_legwears] has an invalid accessory ""male_legwear_asoiaf_umber_legs"""
15:52:00,E,portraitaccessories.cpp:159,missing_accessories,"accessory group [legwear:asoiaf_all_legwears] has an invalid accessory ""male_legwear_asoiaf_umber_legs_coa"""
15:52:00,E,portraitaccessories.cpp:159,missing_accessories,"accessory group [legwear:asoiaf_all_legwears] has an invalid accessory ""male_legwear_asoiaf_lannister_legs_dynast"""
15:52:00,E,portraitaccessories.cpp:159,missing_accessories,"accessory group [legwear:asoiaf_all_legwears] has an invalid accessory ""male_legwear_asoiaf_lannister_legs_light"""
15:52:00,E,portraitaccessories.cpp:159,missing_accessories,"accessory group [legwear:asoiaf_all_legwears] has an invalid accessory ""male_legwear_asoiaf_hound_legs"""
15:52:00,E,portraitaccessories.cpp:159,missing_accessories,"accessory group [legwear:asoiaf_all_legwears] has an invalid accessory ""male_legwear_asoiaf_gold_cloak_legs"""
15:52:00,E,portraitaccessories.cpp:159,missing_accessories,"accessory group [legwear:asoiaf_all_legwears] has an invalid accessory ""male_legwear_asoiaf_tyrell_legs"""
15:52:00,E,portraitaccessories.cpp:159,missing_accessories,"accessory group [legwear:asoiaf_all_legwears] has an invalid accessory ""male_legwear_asoiaf_beaked_shoes"""
15:52:00,E,portraitaccessories.cpp:159,missing_accessories,"accessory group [legwear:asoiaf_all_legwears] has an invalid accessory ""male_legwear_asoiaf_greyjoy_legs"""
15:52:00,E,portraitaccessories.cpp:159,missing_accessories,"accessory group [legwear:asoiaf_all_legwears] has an invalid accessory ""male_legwear_asoiaf_ironborn_legs_coa"""
15:52:00,E,portraitaccessories.cpp:159,missing_accessories,"accessory group [legwear:asoiaf_all_legwears] has an invalid accessory ""male_legwear_asoiaf_nights_watch_legs"""
15:52:00,E,portraitaccessories.cpp:159,missing_accessories,"accessory group [legwear:asoiaf_all_legwears] has an invalid accessory ""male_legwear_asoiaf_slippers_1"""
15:52:00,E,portraitaccessories.cpp:159,missing_accessories,"accessory group [legwear:asoiaf_all_legwears] has an invalid accessory ""male_legwear_asoiaf_leather_boots_1"""
15:52:00,E,portraitaccessories.cpp:159,missing_accessories,"accessory group [legwear:asoiaf_all_legwears] has an invalid accessory ""male_legwear_asoiaf_leather_boots_2"""
15:52:00,E,portraitaccessories.cpp:159,missing_accessories,"accessory group [legwear:asoiaf_all_legwears] has an invalid accessory ""male_legwear_asoiaf_leather_boots_3"""
15:52:00,E,portraitaccessories.cpp:159,missing_accessories,"accessory group [legwear:asoiaf_all_legwears] has an invalid accessory ""male_legwear_asoiaf_leather_boots_4"""
15:52:00,E,portraitaccessories.cpp:159,missing_accessories,"accessory group [legwear:asoiaf_all_legwears] has an invalid accessory ""male_legwear_asoiaf_leather_boots_5"""
15:52:00,E,portraitaccessories.cpp:159,missing_accessories,"accessory group [legwear:asoiaf_all_legwears] has an invalid accessory ""male_legwear_asoiaf_leather_boots_6"""
15:52:00,E,portraitaccessories.cpp:159,missing_accessories,"accessory group [legwear:asoiaf_all_legwears] has an invalid accessory ""male_legwear_asoiaf_leather_boots_7"""
15:52:00,E,portraitaccessories.cpp:159,missing_accessories,"accessory group [legwear:asoiaf_all_legwears] has an invalid accessory ""male_legwear_asoiaf_blacksmith_legs"""
15:52:00,E,portraitaccessories.cpp:159,missing_accessories,"accessory group [legwear:asoiaf_all_legwears] has an invalid accessory ""male_legwear_asoiaf_huntsman_legs"""
15:52:00,E,portraitaccessories.cpp:159,missing_accessories,"accessory group [legwear:asoiaf_all_legwears] has an invalid accessory ""male_legwear_asoiaf_executioner_legs"""
15:52:00,E,portraitaccessories.cpp:159,missing_accessories,"accessory group [legwear:asoiaf_all_legwears] has an invalid accessory ""female_legwear_asoiaf_dragonstone_legs"""
15:52:00,E,portraitaccessories.cpp:159,missing_accessories,"accessory group [legwear:asoiaf_all_legwears] has an invalid accessory ""female_legwear_asoiaf_north_legs"""
15:52:00,E,portraitaccessories.cpp:159,missing_accessories,"accessory group [legwear:asoiaf_all_legwears] has an invalid accessory ""female_legwear_asoiaf_stark_legs"""
15:52:00,E,portraitaccessories.cpp:159,missing_accessories,"accessory group [legwear:asoiaf_all_legwears] has an invalid accessory ""female_legwear_asoiaf_manderly_legs"""
15:52:00,E,portraitaccessories.cpp:159,missing_accessories,"accessory group [legwear:asoiaf_all_legwears] has an invalid accessory ""female_legwear_asoiaf_bolton_legs"""
15:52:00,E,portraitaccessories.cpp:159,missing_accessories,"accessory group [legwear:asoiaf_all_legwears] has an invalid accessory ""female_legwear_asoiaf_umber_legs"""
15:52:00,E,portraitaccessories.cpp:159,missing_accessories,"accessory group [legwear:asoiaf_all_legwears] has an invalid accessory ""female_legwear_asoiaf_umber_legs_coa"""
15:52:00,E,portraitaccessories.cpp:159,missing_accessories,"accessory group [legwear:asoiaf_all_legwears] has an invalid accessory ""female_legwear_asoiaf_lannister_legs_dynast"""
15:52:00,E,portraitaccessories.cpp:159,missing_accessories,"accessory group [legwear:asoiaf_all_legwears] has an invalid accessory ""female_legwear_asoiaf_lannister_legs_light"""
15:52:00,E,portraitaccessories.cpp:159,missing_accessories,"accessory group [legwear:asoiaf_all_legwears] has an invalid accessory ""female_legwear_asoiaf_hound_legs"""
15:52:00,E,portraitaccessories.cpp:159,missing_accessories,"accessory group [legwear:asoiaf_all_legwears] has an invalid accessory ""female_legwear_asoiaf_gold_cloak_legs"""
15:52:00,E,portraitaccessories.cpp:159,missing_accessories,"accessory group [legwear:asoiaf_all_legwears] has an invalid accessory ""female_legwear_asoiaf_dorne_sandals"""
15:52:00,E,portraitaccessories.cpp:159,missing_accessories,"accessory group [legwear:asoiaf_all_legwears] has an invalid accessory ""female_legwear_asoiaf_greyjoy_legs"""
15:52:00,E,portraitaccessories.cpp:159,missing_accessories,"accessory group [legwear:asoiaf_all_legwears] has an invalid accessory ""female_legwear_asoiaf_ironborn_legs_coa"""
15:52:00,E,portraitaccessories.cpp:159,missing_accessories,"accessory group [legwear:asoiaf_all_legwears] has an invalid accessory ""female_legwear_asoiaf_leather_boots_1"""
15:52:00,E,portraitaccessories.cpp:159,missing_accessories,"accessory group [legwear:asoiaf_all_legwears] has an invalid accessory ""female_legwear_asoiaf_shoes_1"""
15:52:00,E,portraitaccessories.cpp:159,missing_accessories,"accessory group [legwear:asoiaf_all_legwears] has an invalid accessory ""female_legwear_asoiaf_blacksmith_legs"""
15:52:00,E,portraitaccessories.cpp:159,missing_accessories,"accessory group [legwear:asoiaf_all_legwears] has an invalid accessory ""female_legwear_asoiaf_huntsman_legs"""
15:52:00,E,portraitaccessories.cpp:159,missing_accessories,"accessory group [legwear:asoiaf_all_legwears] has an invalid accessory ""female_legwear_asoiaf_executioner_legs"""
15:52:00,E,portraitaccessories.cpp:159,missing_accessories,"accessory group [legwear:tgc_pants_blackfyre] has an invalid accessory ""male_legwear_captainsPants_blackfyreAlt_01"""
15:52:00,E,portraitaccessories.cpp:159,missing_accessories,"accessory group [legwear:tgc_pants_blackfyre] has an invalid accessory ""male_legwear_standardPants_blackfyreAlt_01"""
15:52:00,E,portraitaccessories.cpp:159,missing_accessories,"accessory group [legwear:tgc_pants_blackfyre] has an invalid accessory ""male_legwear_twoSwordsPants_blackfyreAlt_01"""
15:52:00,E,portraitaccessories.cpp:159,missing_accessories,"accessory group [legwear:tgc_pants_blackfyre] has an invalid accessory ""male_legwear_captainsPants_blackfyreAlt_01"""
15:52:00,E,portraitaccessories.cpp:159,missing_accessories,"accessory group [legwear:tgc_pants_blackfyre] has an invalid accessory ""male_legwear_standardPants_blackfyreAlt_01"""
15:52:00,E,portraitaccessories.cpp:159,missing_accessories,"accessory group [legwear:tgc_pants_blackfyre] has an invalid accessory ""male_legwear_twoSwordsPants_blackfyreAlt_01"""
15:52:00,E,portraitaccessories.cpp:159,missing_accessories,"accessory group [special_accessories_jewelry:asoiaf_unique_jewellery] has an invalid accessory ""male_jewellery_asoiaf_maester_chain_1"""
15:52:00,E,portraitaccessories.cpp:159,missing_accessories,"accessory group [special_accessories_jewelry:asoiaf_unique_jewellery] has an invalid accessory ""male_jewellery_asoiaf_maester_chain_2"""
15:52:00,E,portraitaccessories.cpp:159,missing_accessories,"accessory group [special_accessories_jewelry:asoiaf_unique_jewellery] has an invalid accessory ""male_jewellery_asoiaf_maester_chain_3"""
15:52:00,E,portraitaccessories.cpp:159,missing_accessories,"accessory group [special_accessories_jewelry:asoiaf_unique_jewellery] has an invalid accessory ""male_jewellery_asoiaf_maester_chain_4"""
15:52:00,E,portraitaccessories.cpp:159,missing_accessories,"accessory group [special_accessories_jewelry:asoiaf_unique_jewellery] has an invalid accessory ""male_jewellery_asoiaf_maester_chain_5"""
15:52:00,E,portraitaccessories.cpp:159,missing_accessories,"accessory group [special_accessories_jewelry:asoiaf_unique_jewellery] has an invalid accessory ""female_jewellery_asoiaf_lion_necklace_gold"""
15:52:00,E,portraitaccessories.cpp:159,missing_accessories,"accessory group [special_accessories_jewelry:asoiaf_unique_jewellery] has an invalid accessory ""female_jewellery_asoiaf_lion_necklace_silver"""
15:52:00,E,portraitaccessories.cpp:159,missing_accessories,"accessory group [special_accessories_jewelry:asoiaf_unique_jewellery] has an invalid accessory ""male_jewellery_asoiaf_maester_chain_1"""
15:52:00,E,portraitaccessories.cpp:159,missing_accessories,"accessory group [special_accessories_jewelry:asoiaf_unique_jewellery] has an invalid accessory ""male_jewellery_asoiaf_maester_chain_2"""
15:52:00,E,portraitaccessories.cpp:159,missing_accessories,"accessory group [special_accessories_jewelry:asoiaf_unique_jewellery] has an invalid accessory ""male_jewellery_asoiaf_maester_chain_3"""
15:52:00,E,portraitaccessories.cpp:159,missing_accessories,"accessory group [special_accessories_jewelry:asoiaf_unique_jewellery] has an invalid accessory ""male_jewellery_asoiaf_maester_chain_4"""
15:52:00,E,portraitaccessories.cpp:159,missing_accessories,"accessory group [special_accessories_jewelry:asoiaf_unique_jewellery] has an invalid accessory ""male_jewellery_asoiaf_maester_chain_5"""
15:52:00,E,portraitaccessories.cpp:159,missing_accessories,"accessory group [special_accessories_jewelry:asoiaf_unique_jewellery] has an invalid accessory ""female_jewellery_asoiaf_lion_necklace_gold"""
15:52:00,E,portraitaccessories.cpp:159,missing_accessories,"accessory group [special_accessories_jewelry:asoiaf_unique_jewellery] has an invalid accessory ""female_jewellery_asoiaf_lion_necklace_silver"""
15:52:00,E,portraitaccessories.cpp:159,missing_accessories,"accessory group [special_accessories_jewelry:asoiaf_generic_jewellery] has an invalid accessory ""male_jewellery_asoiaf_shark_tooth_necklace"""
15:52:00,E,portraitaccessories.cpp:159,missing_accessories,"accessory group [special_accessories_jewelry:asoiaf_generic_jewellery] has an invalid accessory ""female_jewellery_asoiaf_shark_tooth_necklace"""
15:52:00,E,portraitaccessories.cpp:159,missing_accessories,"accessory group [special_accessories_jewelry:asoiaf_generic_jewellery] has an invalid accessory ""female_jewellery_asoiaf_emerald_necklace"""
15:52:00,E,portraitaccessories.cpp:159,missing_accessories,"accessory group [special_accessories_jewelry:asoiaf_generic_jewellery] has an invalid accessory ""male_jewellery_asoiaf_shark_tooth_necklace"""
15:52:00,E,portraitaccessories.cpp:159,missing_accessories,"accessory group [special_accessories_jewelry:asoiaf_generic_jewellery] has an invalid accessory ""female_jewellery_asoiaf_shark_tooth_necklace"""
15:52:00,E,portraitaccessories.cpp:159,missing_accessories,"accessory group [special_accessories_jewelry:asoiaf_generic_jewellery] has an invalid accessory ""female_jewellery_asoiaf_emerald_necklace"""
15:52:00,E,portraitaccessories.cpp:159,missing_accessories,"accessory group [special_accessories_jewelry:asoiaf_fots_religious_jewellery] has an invalid accessory ""male_jewellery_asoiaf_septon_necklace_1"""
15:52:00,E,portraitaccessories.cpp:159,missing_accessories,"accessory group [special_accessories_jewelry:asoiaf_fots_religious_jewellery] has an invalid accessory ""male_jewellery_asoiaf_septon_necklace_1"""
15:52:00,E,pdx_persistent_reader.cpp:216,rule_presets,"Error: ""Failed to read key reference: : , near line: 3
Failed to read key reference: : , near line: 3
Failed to read key reference: : , near line: 3
Failed to read key reference: : , near line: 3
Failed to read key reference: : , near line: 3
Failed to read key reference: : , near line: 3
Failed to read key reference: : , near line: 3
Failed to read key reference: : , near line: 3
Failed to read key reference: : , near line: 3
Failed to read key reference: : , near line: 3
Failed to read key reference: : , near line: 3
Failed to read key reference: : , near line: 3
Failed to read key reference: : , near line: 3
Failed to read key reference: : , near line: 3
Failed to read key reference: : , near line: 3
Failed to read key reference: : , near line: 3
Failed to read key reference: : , near line: 3
Failed to read key reference: : , near line: 3
Failed to read key reference: : , near line: 3
Failed to read key reference: : , near line: 3
Failed to read key reference: : , near line: 3
Failed to read key reference: : , near line: 3
Failed to read key reference: : , near line: 3
Failed to read key reference: : , near line: 3
Failed to read key reference: : , near line: 3
Failed to read key reference: : , near line: 3
Failed to read key reference: : , near line: 3
Failed to read key reference: : , near line: 3
Failed to read key reference: : , near line: 3
Failed to read key reference: : , near line: 3
Failed to read key reference: : , near line: 3
Failed to read key reference: : , near line: 3
Failed to read key reference: : , near line: 3
Failed to read key reference: : , near line: 3
Failed to read key reference: : , near line: 3
Failed to read key reference: : , near line: 3
Failed to read key reference: : , near line: 3
Failed to read key reference: : , near line: 3
Failed to read key reference: : , near line: 3
Failed to read key reference: : , near line: 3
Failed to read key reference: : , near line: 3
Failed to read key reference: : , near line: 3
Failed to read key reference: : , near line: 3
Failed to read key reference: : , near line: 3
Failed to read key reference: : , near line: 3
Failed to read key reference: : , near line: 3
Failed to read key reference: : , near line: 3
Failed to read key reference: : , near line: 3
Failed to read key reference: : , near line: 3
Failed to read key reference: : , near line: 3
Failed to read key reference: : , near line: 3
Failed to read key reference: : , near line: 3
Failed to read key reference: : , near line: 3
Failed to read key reference: : , near line: 3
Failed to read key reference: : , near line: 3
Failed to read key reference: show_dynamic_crowns_enabled: show_dynamic_crowns_enabled, near line: 3
Failed to read key reference: hide_crowns_without_coronation_enabled: hide_crowns_without_coronation_enabled, near line: 3
Failed to read key reference: limited_hybrd_crowns_enabled: limited_hybrd_crowns_enabled, near line: 3
Failed to read key reference: asoiaf_westeros_culture_fix_rule_on: asoiaf_westeros_culture_fix_rule_on, near line: 3
Failed to read key reference: asoiaf_westeros_heresy_fix_rule_on: asoiaf_westeros_heresy_fix_rule_on, near line: 3
Failed to read key reference: asoiaf_sexuality_fix_rule_on: asoiaf_sexuality_fix_rule_on, near line: 3
Failed to read key reference: asoiaf_fertility_health_boost_rule_off: asoiaf_fertility_health_boost_rule_off, near line: 3
Failed to read key reference: asoiaf_got_names_rule_off: asoiaf_got_names_rule_off, near line: 3
Failed to read key reference: asoiaf_got_traits_rule_on: asoiaf_got_traits_rule_on, near line: 3
Failed to read key reference: asoiaf_alternative_ages_rule_on: asoiaf_alternative_ages_rule_on, near line: 3
Failed to read key reference: asoiaf_hbo_velaryons_rule_off: asoiaf_hbo_velaryons_rule_off, near line: 3
Failed to read key reference: asoiaf_alternative_dayne_sigil_rule_off: asoiaf_alternative_dayne_sigil_rule_off, near line: 3
Failed to read key reference: asoiaf_new_dnas_valyrian_rule_on: asoiaf_new_dnas_valyrian_rule_on, near line: 3
Failed to read key reference: asoiaf_new_dnas_north_rule_on: asoiaf_new_dnas_north_rule_on, near line: 3
Failed to read key reference: asoiaf_new_dnas_crownlands_rule_on: asoiaf_new_dnas_crownlands_rule_on, near line: 3
Failed to read key reference: asoiaf_new_dnas_vale_rule_on: asoiaf_new_dnas_vale_rule_on, near line: 3
Failed to read key reference: asoiaf_new_dnas_riverlands_rule_on: asoiaf_new_dnas_riverlands_rule_on, near line: 3
Failed to read key reference: asoiaf_new_dnas_westerlands_rule_on: asoiaf_new_dnas_westerlands_rule_on, near line: 3
Failed to read key reference: asoiaf_new_dnas_reach_rule_on: asoiaf_new_dnas_reach_rule_on, near line: 3
Failed to read key reference: asoiaf_new_dnas_stormlands_rule_on: asoiaf_new_dnas_stormlands_rule_on, near line: 3
Failed to read key reference: asoiaf_new_dnas_dorne_rule_on: asoiaf_new_dnas_dorne_rule_on, near line: 3
Failed to read key reference: asoiaf_new_dnas_iron_isles_rule_on: asoiaf_new_dnas_iron_isles_rule_on, near line: 3
Failed to read key reference: asoiaf_new_dnas_beyond_the_wall_rule_on: asoiaf_new_dnas_beyond_the_wall_rule_on, near line: 3
Failed to read key reference: asoiaf_new_dnas_essos_rule_on: asoiaf_new_dnas_essos_rule_on, near line: 3
Failed to read key reference: asoiaf_new_clothes_valyrian_rule_on: asoiaf_new_clothes_valyrian_rule_on, near line: 3
Failed to read key reference: asoiaf_new_clothes_north_rule_on: asoiaf_new_clothes_north_rule_on, near line: 3
Failed to read key reference: asoiaf_new_clothes_crownlands_rule_on: asoiaf_new_clothes_crownlands_rule_on, near line: 3
Failed to read key reference: asoiaf_new_clothes_vale_rule_on: asoiaf_new_clothes_vale_rule_on, near line: 3
Failed to read key reference: asoiaf_new_clothes_riverlands_rule_on: asoiaf_new_clothes_riverlands_rule_on, near line: 3
Failed to read key reference: asoiaf_new_clothes_westerlands_rule_on: asoiaf_new_clothes_westerlands_rule_on, near line: 3
Failed to read key reference: asoiaf_new_clothes_reach_rule_on: asoiaf_new_clothes_reach_rule_on, near line: 3
Failed to read key reference: asoiaf_new_clothes_stormlands_rule_on: asoiaf_new_clothes_stormlands_rule_on, near line: 3
Failed to read key reference: asoiaf_new_clothes_dorne_rule_on: asoiaf_new_clothes_dorne_rule_on, near line: 3
Failed to read key reference: asoiaf_new_clothes_iron_isles_rule_on: asoiaf_new_clothes_iron_isles_rule_on, near line: 3
Failed to read key reference: asoiaf_new_clothes_essos_rule_on: asoiaf_new_clothes_essos_rule_on, near line: 3
Failed to read key reference: asoiaf_canon_children_rule_on: asoiaf_canon_children_rule_on, near line: 3
Failed to read key reference: asoiaf_canon_children_pregnancy_negation_rule_off: asoiaf_canon_children_pregnancy_negation_rule_off, near line: 3
Failed to read key reference: asoiaf_canon_children_dragon_bonding_rule_off: asoiaf_canon_children_dragon_bonding_rule_off, near line: 3
Failed to read key reference: asoiaf_assisted_ruler_capture_off: asoiaf_assisted_ruler_capture_off, near line: 3
Failed to read key reference: asoiaf_spousal_claims_off: asoiaf_spousal_claims_off, near line: 3
Failed to read key reference: asoiaf_lord_paramount_contract_fix_on: asoiaf_lord_paramount_contract_fix_on, near line: 3"" in file: """" near line: 3"
15:52:00,E,pdx_persistent_reader.cpp:216,rule_presets,"Error: ""Failed to read key reference: show_dynamic_crowns_enabled: show_dynamic_crowns_enabled, near line: 8
Failed to read key reference: hide_crowns_without_coronation_enabled: hide_crowns_without_coronation_enabled, near line: 8
Failed to read key reference: limited_hybrd_crowns_enabled: limited_hybrd_crowns_enabled, near line: 8
Failed to read key reference: asoiaf_westeros_culture_fix_rule_off: asoiaf_westeros_culture_fix_rule_off, near line: 8
Failed to read key reference: asoiaf_westeros_heresy_fix_rule_off: asoiaf_westeros_heresy_fix_rule_off, near line: 8
Failed to read key reference: asoiaf_sexuality_fix_rule_off: asoiaf_sexuality_fix_rule_off, near line: 8
Failed to read key reference: asoiaf_fertility_health_boost_rule_off: asoiaf_fertility_health_boost_rule_off, near line: 8
Failed to read key reference: asoiaf_got_names_rule_off: asoiaf_got_names_rule_off, near line: 8
Failed to read key reference: asoiaf_got_traits_rule_off: asoiaf_got_traits_rule_off, near line: 8
Failed to read key reference: asoiaf_alternative_ages_rule_off: asoiaf_alternative_ages_rule_off, near line: 8
Failed to read key reference: asoiaf_hbo_velaryons_rule_off: asoiaf_hbo_velaryons_rule_off, near line: 8
Failed to read key reference: asoiaf_alternative_dayne_sigil_rule_off: asoiaf_alternative_dayne_sigil_rule_off, near line: 8
Failed to read key reference: asoiaf_new_dnas_valyrian_rule_on: asoiaf_new_dnas_valyrian_rule_on, near line: 8
Failed to read key reference: asoiaf_new_dnas_north_rule_on: asoiaf_new_dnas_north_rule_on, near line: 8
Failed to read key reference: asoiaf_new_dnas_crownlands_rule_on: asoiaf_new_dnas_crownlands_rule_on, near line: 8
Failed to read key reference: asoiaf_new_dnas_vale_rule_on: asoiaf_new_dnas_vale_rule_on, near line: 8
Failed to read key reference: asoiaf_new_dnas_riverlands_rule_on: asoiaf_new_dnas_riverlands_rule_on, near line: 8
Failed to read key reference: asoiaf_new_dnas_westerlands_rule_on: asoiaf_new_dnas_westerlands_rule_on, near line: 8
Failed to read key reference: asoiaf_new_dnas_reach_rule_on: asoiaf_new_dnas_reach_rule_on, near line: 8
Failed to read key reference: asoiaf_new_dnas_stormlands_rule_on: asoiaf_new_dnas_stormlands_rule_on, near line: 8
Failed to read key reference: asoiaf_new_dnas_dorne_rule_on: asoiaf_new_dnas_dorne_rule_on, near line: 8
Failed to read key reference: asoiaf_new_dnas_iron_isles_rule_on: asoiaf_new_dnas_iron_isles_rule_on, near line: 8
Failed to read key reference: asoiaf_new_dnas_beyond_the_wall_rule_on: asoiaf_new_dnas_beyond_the_wall_rule_on, near line: 8
Failed to read key reference: asoiaf_new_dnas_essos_rule_on: asoiaf_new_dnas_essos_rule_on, near line: 8
Failed to read key reference: asoiaf_new_clothes_valyrian_rule_on: asoiaf_new_clothes_valyrian_rule_on, near line: 8
Failed to read key reference: asoiaf_new_clothes_north_rule_on: asoiaf_new_clothes_north_rule_on, near line: 8
Failed to read key reference: asoiaf_new_clothes_crownlands_rule_on: asoiaf_new_clothes_crownlands_rule_on, near line: 8
Failed to read key reference: asoiaf_new_clothes_vale_rule_on: asoiaf_new_clothes_vale_rule_on, near line: 8
Failed to read key reference: asoiaf_new_clothes_riverlands_rule_on: asoiaf_new_clothes_riverlands_rule_on, near line: 8
Failed to read key reference: asoiaf_new_clothes_westerlands_rule_on: asoiaf_new_clothes_westerlands_rule_on, near line: 8
Failed to read key reference: asoiaf_new_clothes_reach_rule_on: asoiaf_new_clothes_reach_rule_on, near line: 8
Failed to read key reference: asoiaf_new_clothes_stormlands_rule_on: asoiaf_new_clothes_stormlands_rule_on, near line: 8
Failed to read key reference: asoiaf_new_clothes_dorne_rule_on: asoiaf_new_clothes_dorne_rule_on, near line: 8
Failed to read key reference: asoiaf_new_clothes_iron_isles_rule_on: asoiaf_new_clothes_iron_isles_rule_on, near line: 8
Failed to read key reference: asoiaf_new_clothes_essos_rule_on: asoiaf_new_clothes_essos_rule_on, near line: 8
Failed to read key reference: asoiaf_canon_children_rule_off: asoiaf_canon_children_rule_off, near line: 8
Failed to read key reference: asoiaf_canon_children_pregnancy_negation_rule_off: asoiaf_canon_children_pregnancy_negation_rule_off, near line: 8
Failed to read key reference: asoiaf_canon_children_dragon_bonding_rule_off: asoiaf_canon_children_dragon_bonding_rule_off, near line: 8
Failed to read key reference: asoiaf_assisted_ruler_capture_off: asoiaf_assisted_ruler_capture_off, near line: 8
Failed to read key reference: asoiaf_spousal_claims_off: asoiaf_spousal_claims_off, near line: 8
Failed to read key reference: asoiaf_lord_paramount_contract_fix_on: asoiaf_lord_paramount_contract_fix_on, near line: 8"" in file: """" near line: 8"
15:52:00,E,pdx_persistent_reader.cpp:216,rule_presets,"Error: ""Failed to read key reference: show_dynamic_crowns_enabled: show_dynamic_crowns_enabled, near line: 13
Failed to read key reference: hide_crowns_without_coronation_enabled: hide_crowns_without_coronation_enabled, near line: 13
Failed to read key reference: limited_hybrd_crowns_enabled: limited_hybrd_crowns_enabled, near line: 13
Failed to read key reference: asoiaf_westeros_culture_fix_rule_off: asoiaf_westeros_culture_fix_rule_off, near line: 13
Failed to read key reference: asoiaf_westeros_heresy_fix_rule_off: asoiaf_westeros_heresy_fix_rule_off, near line: 13
Failed to read key reference: asoiaf_sexuality_fix_rule_off: asoiaf_sexuality_fix_rule_off, near line: 13
Failed to read key reference: asoiaf_fertility_health_boost_rule_off: asoiaf_fertility_health_boost_rule_off, near line: 13
Failed to read key reference: asoiaf_got_names_rule_off: asoiaf_got_names_rule_off, near line: 13
Failed to read key reference: asoiaf_got_traits_rule_off: asoiaf_got_traits_rule_off, near line: 13
Failed to read key reference: asoiaf_alternative_ages_rule_off: asoiaf_alternative_ages_rule_off, near line: 13
Failed to read key reference: asoiaf_hbo_velaryons_rule_off: asoiaf_hbo_velaryons_rule_off, near line: 13
Failed to read key reference: asoiaf_alternative_dayne_sigil_rule_off: asoiaf_alternative_dayne_sigil_rule_off, near line: 13
Failed to read key reference: asoiaf_new_dnas_valyrian_rule_on: asoiaf_new_dnas_valyrian_rule_on, near line: 13
Failed to read key reference: asoiaf_new_dnas_north_rule_on: asoiaf_new_dnas_north_rule_on, near line: 13
Failed to read key reference: asoiaf_new_dnas_crownlands_rule_on: asoiaf_new_dnas_crownlands_rule_on, near line: 13
Failed to read key reference: asoiaf_new_dnas_vale_rule_on: asoiaf_new_dnas_vale_rule_on, near line: 13
Failed to read key reference: asoiaf_new_dnas_riverlands_rule_on: asoiaf_new_dnas_riverlands_rule_on, near line: 13
Failed to read key reference: asoiaf_new_dnas_westerlands_rule_on: asoiaf_new_dnas_westerlands_rule_on, near line: 13
Failed to read key reference: asoiaf_new_dnas_reach_rule_on: asoiaf_new_dnas_reach_rule_on, near line: 13
Failed to read key reference: asoiaf_new_dnas_stormlands_rule_on: asoiaf_new_dnas_stormlands_rule_on, near line: 13
Failed to read key reference: asoiaf_new_dnas_dorne_rule_on: asoiaf_new_dnas_dorne_rule_on, near line: 13
Failed to read key reference: asoiaf_new_dnas_iron_isles_rule_on: asoiaf_new_dnas_iron_isles_rule_on, near line: 13
Failed to read key reference: asoiaf_new_dnas_beyond_the_wall_rule_on: asoiaf_new_dnas_beyond_the_wall_rule_on, near line: 13
Failed to read key reference: asoiaf_new_dnas_essos_rule_on: asoiaf_new_dnas_essos_rule_on, near line: 13
Failed to read key reference: asoiaf_new_clothes_valyrian_rule_on: asoiaf_new_clothes_valyrian_rule_on, near line: 13
Failed to read key reference: asoiaf_new_clothes_north_rule_on: asoiaf_new_clothes_north_rule_on, near line: 13
Failed to read key reference: asoiaf_new_clothes_crownlands_rule_on: asoiaf_new_clothes_crownlands_rule_on, near line: 13
Failed to read key reference: asoiaf_new_clothes_vale_rule_on: asoiaf_new_clothes_vale_rule_on, near line: 13
Failed to read key reference: asoiaf_new_clothes_riverlands_rule_on: asoiaf_new_clothes_riverlands_rule_on, near line: 13
Failed to read key reference: asoiaf_new_clothes_westerlands_rule_on: asoiaf_new_clothes_westerlands_rule_on, near line: 13
Failed to read key reference: asoiaf_new_clothes_reach_rule_on: asoiaf_new_clothes_reach_rule_on, near line: 13
Failed to read key reference: asoiaf_new_clothes_stormlands_rule_on: asoiaf_new_clothes_stormlands_rule_on, near line: 13
Failed to read key reference: asoiaf_new_clothes_dorne_rule_on: asoiaf_new_clothes_dorne_rule_on, near line: 13
Failed to read key reference: asoiaf_new_clothes_iron_isles_rule_on: asoiaf_new_clothes_iron_isles_rule_on, near line: 13
Failed to read key reference: asoiaf_new_clothes_essos_rule_on: asoiaf_new_clothes_essos_rule_on, near line: 13
Failed to read key reference: asoiaf_canon_children_rule_off: asoiaf_canon_children_rule_off, near line: 13
Failed to read key reference: asoiaf_canon_children_pregnancy_negation_rule_off: asoiaf_canon_children_pregnancy_negation_rule_off, near line: 13
Failed to read key reference: asoiaf_canon_children_dragon_bonding_rule_off: asoiaf_canon_children_dragon_bonding_rule_off, near line: 13
Failed to read key reference: asoiaf_assisted_ruler_capture_off: asoiaf_assisted_ruler_capture_off, near line: 13
Failed to read key reference: asoiaf_spousal_claims_off: asoiaf_spousal_claims_off, near line: 13
Failed to read key reference: asoiaf_lord_paramount_contract_fix_on: asoiaf_lord_paramount_contract_fix_on, near line: 13"" in file: """" near line: 13"
15:52:01,E,title_links.cpp:214,script_validation,Failed to fetch a valid landed title 'e_hre' at location 'file: common/scripted_guis/DI_char_editor_present_sgui.txt line: 1589 (DI_ce_female_dominated:effect)'
15:52:01,E,title_links.cpp:214,script_validation,Failed to fetch a valid landed title 'e_hre' at location 'file: common/character_interactions/DI_character_interaction.txt line: 4622 (DI_change_succession:on_accept)'
15:52:01,E,title_links.cpp:214,script_validation,Failed to fetch a valid landed title 'e_hre' at location 'file: common/character_interactions/DI_character_interaction.txt line: 4624 (DI_change_succession:on_accept)'
15:52:01,E,title_links.cpp:214,script_validation,Failed to fetch a valid landed title 'e_hre' at location 'file: common/character_interactions/DI_character_interaction.txt line: 4637 (DI_change_succession:on_accept)'
15:52:01,E,title_links.cpp:214,script_validation,Failed to fetch a valid landed title 'e_hre' at location 'file: common/character_interactions/DI_character_interaction.txt line: 4639 (DI_change_succession:on_accept)'
15:52:01,E,jomini_eventtarget.h:291,script_validation,Failed to find 'varangian' from database for link 'trait' at file: common/scripted_effects/DI_char_spawner_effects.txt line: 1232 (DI_akolouthos_traits_effect)
15:52:01,E,jomini_script_system.cpp:303,script_validation,"Script system error!
  Error: add_innovation effect [ target: Not found in database class CCultureInnovationTypeDatabase ]
  Script location: file: common/character_interactions/DI_character_interaction.txt line: 4616 (DI_change_succession:on_accept)"
15:52:01,E,jomini_effect.cpp:139,script_validation,PostValidate of effect 'add_innovation' returned false at file: common/character_interactions/DI_character_interaction.txt line: 4616 (DI_change_succession:on_accept)
15:52:01,E,jomini_script_system.cpp:303,script_validation,"Script system error!
  Error: add_innovation effect [ target: Not found in database class CCultureInnovationTypeDatabase ]
  Script location: file: common/character_interactions/DI_character_interaction.txt line: 4631 (DI_change_succession:on_accept)"
15:52:01,E,jomini_effect.cpp:139,script_validation,PostValidate of effect 'add_innovation' returned false at file: common/character_interactions/DI_character_interaction.txt line: 4631 (DI_change_succession:on_accept)
15:52:01,E,jomini_script_system.cpp:303,script_validation,"Script system error!
  Error: has_game_rule trigger [ Invalid database object 'show_armor_enabled' ]
  Script location: file: gfx/portraits/portrait_modifiers/01_cloaks_base.txt line: 1333 (cloaks:weight)"
15:52:01,E,jomini_trigger.cpp:243,script_validation,PostValidate of trigger 'has_game_rule' returned false at file: gfx/portraits/portrait_modifiers/01_cloaks_base.txt line: 1333 (cloaks:weight)
15:52:01,E,jomini_script_system.cpp:303,script_validation,"Script system error!
  Error: has_game_rule trigger [ Invalid database object 'show_armor_enabled' ]
  Script location: file: gfx/portraits/portrait_modifiers/01_cloaks_base.txt line: 1338 (cloaks:weight)"
15:52:01,E,jomini_trigger.cpp:243,script_validation,PostValidate of trigger 'has_game_rule' returned false at file: gfx/portraits/portrait_modifiers/01_cloaks_base.txt line: 1338 (cloaks:weight)
15:52:01,E,jomini_script_system.cpp:303,script_validation,"Script system error!
  Error: has_game_rule trigger [ Invalid database object 'show_armor_enabled' ]
  Script location: file: gfx/portraits/portrait_modifiers/01_cloaks_base.txt line: 1642 (cloaks:weight)"
15:52:01,E,jomini_trigger.cpp:243,script_validation,PostValidate of trigger 'has_game_rule' returned false at file: gfx/portraits/portrait_modifiers/01_cloaks_base.txt line: 1642 (cloaks:weight)
15:52:01,E,jomini_script_system.cpp:303,script_validation,"Script system error!
  Error: has_game_rule trigger [ Invalid database object 'show_armor_enabled' ]
  Script location: file: gfx/portraits/portrait_modifiers/01_cloaks_base.txt line: 1684 (cloaks:weight)"
15:52:01,E,jomini_trigger.cpp:243,script_validation,PostValidate of trigger 'has_game_rule' returned false at file: gfx/portraits/portrait_modifiers/01_cloaks_base.txt line: 1684 (cloaks:weight)
15:52:01,E,jomini_script_system.cpp:303,script_validation,"Script system error!
  Error: has_game_rule trigger [ Invalid database object 'asoiaf_new_clothes_reach_rule_on' ]
  Script location: file: gfx/portraits/portrait_modifiers/01_clothes_base.txt line: 5061 (clothes_base:weight)"
15:52:01,E,jomini_trigger.cpp:243,script_validation,PostValidate of trigger 'has_game_rule' returned false at file: gfx/portraits/portrait_modifiers/01_clothes_base.txt line: 5061 (clothes_base:weight)
15:52:01,E,jomini_script_system.cpp:303,script_validation,"Script system error!
  Error: has_game_rule trigger [ Invalid database object 'asoiaf_new_clothes_reach_rule_on' ]
  Script location: file: gfx/portraits/portrait_modifiers/01_clothes_base.txt line: 5116 (clothes_base:weight)"
15:52:01,E,jomini_trigger.cpp:243,script_validation,PostValidate of trigger 'has_game_rule' returned false at file: gfx/portraits/portrait_modifiers/01_clothes_base.txt line: 5116 (clothes_base:weight)
15:52:01,E,jomini_script_system.cpp:303,script_validation,"Script system error!
  Error: has_game_rule trigger [ Invalid database object 'asoiaf_new_clothes_reach_rule_on' ]
  Script location: file: gfx/portraits/portrait_modifiers/01_clothes_base.txt line: 5165 (clothes_base:weight)"
15:52:01,E,jomini_trigger.cpp:243,script_validation,PostValidate of trigger 'has_game_rule' returned false at file: gfx/portraits/portrait_modifiers/01_clothes_base.txt line: 5165 (clothes_base:weight)
15:52:01,E,jomini_script_system.cpp:303,script_validation,"Script system error!
  Error: has_game_rule trigger [ Invalid database object 'asoiaf_new_clothes_reach_rule_on' ]
  Script location: file: gfx/portraits/portrait_modifiers/01_clothes_base.txt line: 5220 (clothes_base:weight)"
15:52:01,E,jomini_trigger.cpp:243,script_validation,PostValidate of trigger 'has_game_rule' returned false at file: gfx/portraits/portrait_modifiers/01_clothes_base.txt line: 5220 (clothes_base:weight)
15:52:01,E,jomini_script_system.cpp:303,script_validation,"Script system error!
  Error: has_game_rule trigger [ Invalid database object 'asoiaf_new_clothes_crownlands_rule_on' ]
  Script location: file: gfx/portraits/portrait_modifiers/01_clothes_base.txt line: 5277 (clothes_base:weight)"
15:52:01,E,jomini_trigger.cpp:243,script_validation,PostValidate of trigger 'has_game_rule' returned false at file: gfx/portraits/portrait_modifiers/01_clothes_base.txt line: 5277 (clothes_base:weight)
15:52:01,E,jomini_script_system.cpp:303,script_validation,"Script system error!
  Error: has_game_rule trigger [ Invalid database object 'asoiaf_new_clothes_crownlands_rule_on' ]
  Script location: file: gfx/portraits/portrait_modifiers/01_clothes_base.txt line: 5326 (clothes_base:weight)"
15:52:01,E,jomini_trigger.cpp:243,script_validation,PostValidate of trigger 'has_game_rule' returned false at file: gfx/portraits/portrait_modifiers/01_clothes_base.txt line: 5326 (clothes_base:weight)
15:52:01,E,jomini_script_system.cpp:303,script_validation,"Script system error!
  Error: has_game_rule trigger [ Invalid database object 'asoiaf_new_clothes_crownlands_rule_on' ]
  Script location: file: gfx/portraits/portrait_modifiers/01_clothes_base.txt line: 5381 (clothes_base:weight)"
15:52:01,E,jomini_trigger.cpp:243,script_validation,PostValidate of trigger 'has_game_rule' returned false at file: gfx/portraits/portrait_modifiers/01_clothes_base.txt line: 5381 (clothes_base:weight)
15:52:01,E,jomini_script_system.cpp:303,script_validation,"Script system error!
  Error: has_game_rule trigger [ Invalid database object 'asoiaf_new_clothes_crownlands_rule_on' ]
  Script location: file: gfx/portraits/portrait_modifiers/01_clothes_base.txt line: 5424 (clothes_base:weight)"
15:52:01,E,jomini_trigger.cpp:243,script_validation,PostValidate of trigger 'has_game_rule' returned false at file: gfx/portraits/portrait_modifiers/01_clothes_base.txt line: 5424 (clothes_base:weight)
15:52:01,E,jomini_script_system.cpp:303,script_validation,"Script system error!
  Error: has_game_rule trigger [ Invalid database object 'asoiaf_new_clothes_crownlands_rule_on' ]
  Script location: file: gfx/portraits/portrait_modifiers/01_clothes_base.txt line: 5473 (clothes_base:weight)"
15:52:01,E,jomini_trigger.cpp:243,script_validation,PostValidate of trigger 'has_game_rule' returned false at file: gfx/portraits/portrait_modifiers/01_clothes_base.txt line: 5473 (clothes_base:weight)
15:52:01,E,jomini_script_system.cpp:303,script_validation,"Script system error!
  Error: has_game_rule trigger [ Invalid database object 'asoiaf_new_clothes_crownlands_rule_on' ]
  Script location: file: gfx/portraits/portrait_modifiers/01_clothes_base.txt line: 5522 (clothes_base:weight)"
15:52:01,E,jomini_trigger.cpp:243,script_validation,PostValidate of trigger 'has_game_rule' returned false at file: gfx/portraits/portrait_modifiers/01_clothes_base.txt line: 5522 (clothes_base:weight)
15:52:01,E,jomini_script_system.cpp:303,script_validation,"Script system error!
  Error: has_game_rule trigger [ Invalid database object 'asoiaf_new_clothes_crownlands_rule_on' ]
  Script location: file: gfx/portraits/portrait_modifiers/01_clothes_base.txt line: 5577 (clothes_base:weight)"
15:52:01,E,jomini_trigger.cpp:243,script_validation,PostValidate of trigger 'has_game_rule' returned false at file: gfx/portraits/portrait_modifiers/01_clothes_base.txt line: 5577 (clothes_base:weight)
15:52:01,E,jomini_script_system.cpp:303,script_validation,"Script system error!
  Error: has_game_rule trigger [ Invalid database object 'asoiaf_new_clothes_crownlands_rule_on' ]
  Script location: file: gfx/portraits/portrait_modifiers/01_clothes_base.txt line: 5643 (clothes_base:weight)"
15:52:01,E,jomini_trigger.cpp:243,script_validation,PostValidate of trigger 'has_game_rule' returned false at file: gfx/portraits/portrait_modifiers/01_clothes_base.txt line: 5643 (clothes_base:weight)
15:52:01,E,jomini_script_system.cpp:303,script_validation,"Script system error!
  Error: has_game_rule trigger [ Invalid database object 'asoiaf_new_clothes_crownlands_rule_on' ]
  Script location: file: gfx/portraits/portrait_modifiers/01_clothes_base.txt line: 5705 (clothes_base:weight)"
15:52:01,E,jomini_trigger.cpp:243,script_validation,PostValidate of trigger 'has_game_rule' returned false at file: gfx/portraits/portrait_modifiers/01_clothes_base.txt line: 5705 (clothes_base:weight)
15:52:01,E,jomini_script_system.cpp:303,script_validation,"Script system error!
  Error: has_game_rule trigger [ Invalid database object 'asoiaf_new_clothes_crownlands_rule_on' ]
  Script location: file: gfx/portraits/portrait_modifiers/01_clothes_base.txt line: 5773 (clothes_base:weight)"
15:52:01,E,jomini_trigger.cpp:243,script_validation,PostValidate of trigger 'has_game_rule' returned false at file: gfx/portraits/portrait_modifiers/01_clothes_base.txt line: 5773 (clothes_base:weight)
15:52:01,E,jomini_script_system.cpp:303,script_validation,"Script system error!
  Error: has_game_rule trigger [ Invalid database object 'asoiaf_new_clothes_crownlands_rule_on' ]
  Script location: file: gfx/portraits/portrait_modifiers/01_clothes_base.txt line: 5836 (clothes_base:weight)"
15:52:01,E,jomini_trigger.cpp:243,script_validation,PostValidate of trigger 'has_game_rule' returned false at file: gfx/portraits/portrait_modifiers/01_clothes_base.txt line: 5836 (clothes_base:weight)
15:52:01,E,jomini_script_system.cpp:303,script_validation,"Script system error!
  Error: has_game_rule trigger [ Invalid database object 'asoiaf_new_clothes_crownlands_rule_on' ]
  Script location: file: gfx/portraits/portrait_modifiers/01_clothes_base.txt line: 5897 (clothes_base:weight)"
15:52:01,E,jomini_trigger.cpp:243,script_validation,PostValidate of trigger 'has_game_rule' returned false at file: gfx/portraits/portrait_modifiers/01_clothes_base.txt line: 5897 (clothes_base:weight)
15:52:01,E,jomini_script_system.cpp:303,script_validation,"Script system error!
  Error: has_game_rule trigger [ Invalid database object 'asoiaf_new_clothes_crownlands_rule_on' ]
  Script location: file: gfx/portraits/portrait_modifiers/01_clothes_base.txt line: 5958 (clothes_base:weight)"
15:52:01,E,jomini_trigger.cpp:243,script_validation,PostValidate of trigger 'has_game_rule' returned false at file: gfx/portraits/portrait_modifiers/01_clothes_base.txt line: 5958 (clothes_base:weight)
15:52:01,E,jomini_script_system.cpp:303,script_validation,"Script system error!
  Error: has_game_rule trigger [ Invalid database object 'asoiaf_new_clothes_crownlands_rule_on' ]
  Script location: file: gfx/portraits/portrait_modifiers/01_clothes_base.txt line: 6069 (clothes_base:weight)"
15:52:01,E,jomini_trigger.cpp:243,script_validation,PostValidate of trigger 'has_game_rule' returned false at file: gfx/portraits/portrait_modifiers/01_clothes_base.txt line: 6069 (clothes_base:weight)
15:52:01,E,jomini_script_system.cpp:303,script_validation,"Script system error!
  Error: has_game_rule trigger [ Invalid database object 'asoiaf_new_clothes_crownlands_rule_on' ]
  Script location: file: gfx/portraits/portrait_modifiers/01_clothes_base.txt line: 6157 (clothes_base:weight)"
15:52:01,E,jomini_trigger.cpp:243,script_validation,PostValidate of trigger 'has_game_rule' returned false at file: gfx/portraits/portrait_modifiers/01_clothes_base.txt line: 6157 (clothes_base:weight)
15:52:01,E,jomini_script_system.cpp:303,script_validation,"Script system error!
  Error: has_game_rule trigger [ Invalid database object 'asoiaf_new_clothes_crownlands_rule_on' ]
  Script location: file: gfx/portraits/portrait_modifiers/01_clothes_base.txt line: 6262 (clothes_base:weight)"
15:52:01,E,jomini_trigger.cpp:243,script_validation,PostValidate of trigger 'has_game_rule' returned false at file: gfx/portraits/portrait_modifiers/01_clothes_base.txt line: 6262 (clothes_base:weight)
15:52:01,E,jomini_script_system.cpp:303,script_validation,"Script system error!
  Error: has_game_rule trigger [ Invalid database object 'asoiaf_new_clothes_westerlands_rule_on' ]
  Script location: file: gfx/portraits/portrait_modifiers/01_clothes_base.txt line: 6383 (clothes_base:weight)"
15:52:01,E,jomini_trigger.cpp:243,script_validation,PostValidate of trigger 'has_game_rule' returned false at file: gfx/portraits/portrait_modifiers/01_clothes_base.txt line: 6383 (clothes_base:weight)
15:52:01,E,jomini_script_system.cpp:303,script_validation,"Script system error!
  Error: has_game_rule trigger [ Invalid database object 'asoiaf_new_clothes_stormlands_rule_on' ]
  Script location: file: gfx/portraits/portrait_modifiers/01_clothes_base.txt line: 6467 (clothes_base:weight)"
15:52:01,E,jomini_trigger.cpp:243,script_validation,PostValidate of trigger 'has_game_rule' returned false at file: gfx/portraits/portrait_modifiers/01_clothes_base.txt line: 6467 (clothes_base:weight)
15:52:01,E,jomini_script_system.cpp:303,script_validation,"Script system error!
  Error: has_game_rule trigger [ Invalid database object 'asoiaf_new_clothes_stormlands_rule_on' ]
  Script location: file: gfx/portraits/portrait_modifiers/01_clothes_base.txt line: 6536 (clothes_base:weight)"
15:52:01,E,jomini_trigger.cpp:243,script_validation,PostValidate of trigger 'has_game_rule' returned false at file: gfx/portraits/portrait_modifiers/01_clothes_base.txt line: 6536 (clothes_base:weight)
15:52:01,E,jomini_script_system.cpp:303,script_validation,"Script system error!
  Error: has_game_rule trigger [ Invalid database object 'asoiaf_new_clothes_stormlands_rule_on' ]
  Script location: file: gfx/portraits/portrait_modifiers/01_clothes_base.txt line: 6618 (clothes_base:weight)"
15:52:01,E,jomini_trigger.cpp:243,script_validation,PostValidate of trigger 'has_game_rule' returned false at file: gfx/portraits/portrait_modifiers/01_clothes_base.txt line: 6618 (clothes_base:weight)
15:52:01,E,jomini_script_system.cpp:303,script_validation,"Script system error!
  Error: has_game_rule trigger [ Invalid database object 'asoiaf_new_clothes_north_rule_on' ]
  Script location: file: gfx/portraits/portrait_modifiers/01_clothes_base.txt line: 6716 (clothes_base:weight)"
15:52:01,E,jomini_trigger.cpp:243,script_validation,PostValidate of trigger 'has_game_rule' returned false at file: gfx/portraits/portrait_modifiers/01_clothes_base.txt line: 6716 (clothes_base:weight)
15:52:01,E,jomini_script_system.cpp:303,script_validation,"Script system error!
  Error: has_game_rule trigger [ Invalid database object 'asoiaf_new_clothes_north_rule_on' ]
  Script location: file: gfx/portraits/portrait_modifiers/01_clothes_base.txt line: 6812 (clothes_base:weight)"
15:52:01,E,jomini_trigger.cpp:243,script_validation,PostValidate of trigger 'has_game_rule' returned false at file: gfx/portraits/portrait_modifiers/01_clothes_base.txt line: 6812 (clothes_base:weight)
15:52:01,E,jomini_script_system.cpp:303,script_validation,"Script system error!
  Error: has_game_rule trigger [ Invalid database object 'asoiaf_new_clothes_north_rule_on' ]
  Script location: file: gfx/portraits/portrait_modifiers/01_clothes_base.txt line: 6871 (clothes_base:weight)"
15:52:01,E,jomini_trigger.cpp:243,script_validation,PostValidate of trigger 'has_game_rule' returned false at file: gfx/portraits/portrait_modifiers/01_clothes_base.txt line: 6871 (clothes_base:weight)
15:52:01,E,jomini_script_system.cpp:303,script_validation,"Script system error!
  Error: has_game_rule trigger [ Invalid database object 'asoiaf_new_clothes_north_rule_on' ]
  Script location: file: gfx/portraits/portrait_modifiers/01_clothes_base.txt line: 6932 (clothes_base:weight)"
15:52:01,E,jomini_trigger.cpp:243,script_validation,PostValidate of trigger 'has_game_rule' returned false at file: gfx/portraits/portrait_modifiers/01_clothes_base.txt line: 6932 (clothes_base:weight)
15:52:01,E,jomini_script_system.cpp:303,script_validation,"Script system error!
  Error: has_game_rule trigger [ Invalid database object 'asoiaf_new_clothes_north_rule_on' ]
  Script location: file: gfx/portraits/portrait_modifiers/01_clothes_base.txt line: 7001 (clothes_base:weight)"
15:52:01,E,jomini_trigger.cpp:243,script_validation,PostValidate of trigger 'has_game_rule' returned false at file: gfx/portraits/portrait_modifiers/01_clothes_base.txt line: 7001 (clothes_base:weight)
15:52:01,E,jomini_script_system.cpp:303,script_validation,"Script system error!
  Error: has_game_rule trigger [ Invalid database object 'asoiaf_new_clothes_north_rule_on' ]
  Script location: file: gfx/portraits/portrait_modifiers/01_clothes_base.txt line: 7070 (clothes_base:weight)"
15:52:01,E,jomini_trigger.cpp:243,script_validation,PostValidate of trigger 'has_game_rule' returned false at file: gfx/portraits/portrait_modifiers/01_clothes_base.txt line: 7070 (clothes_base:weight)
15:52:01,E,jomini_script_system.cpp:303,script_validation,"Script system error!
  Error: has_game_rule trigger [ Invalid database object 'asoiaf_new_clothes_north_rule_on' ]
  Script location: file: gfx/portraits/portrait_modifiers/01_clothes_base.txt line: 7127 (clothes_base:weight)"
15:52:01,E,jomini_trigger.cpp:243,script_validation,PostValidate of trigger 'has_game_rule' returned false at file: gfx/portraits/portrait_modifiers/01_clothes_base.txt line: 7127 (clothes_base:weight)
15:52:01,E,jomini_script_system.cpp:303,script_validation,"Script system error!
  Error: has_game_rule trigger [ Invalid database object 'asoiaf_new_clothes_north_rule_on' ]
  Script location: file: gfx/portraits/portrait_modifiers/01_clothes_base.txt line: 7182 (clothes_base:weight)"
15:52:01,E,jomini_trigger.cpp:243,script_validation,PostValidate of trigger 'has_game_rule' returned false at file: gfx/portraits/portrait_modifiers/01_clothes_base.txt line: 7182 (clothes_base:weight)
15:52:01,E,jomini_script_system.cpp:303,script_validation,"Script system error!
  Error: has_game_rule trigger [ Invalid database object 'asoiaf_new_clothes_north_rule_on' ]
  Script location: file: gfx/portraits/portrait_modifiers/01_clothes_base.txt line: 7237 (clothes_base:weight)"
15:52:01,E,jomini_trigger.cpp:243,script_validation,PostValidate of trigger 'has_game_rule' returned false at file: gfx/portraits/portrait_modifiers/01_clothes_base.txt line: 7237 (clothes_base:weight)
15:52:01,E,jomini_script_system.cpp:303,script_validation,"Script system error!
  Error: has_game_rule trigger [ Invalid database object 'asoiaf_new_clothes_north_rule_on' ]
  Script location: file: gfx/portraits/portrait_modifiers/01_clothes_base.txt line: 7294 (clothes_base:weight)"
15:52:01,E,jomini_trigger.cpp:243,script_validation,PostValidate of trigger 'has_game_rule' returned false at file: gfx/portraits/portrait_modifiers/01_clothes_base.txt line: 7294 (clothes_base:weight)
15:52:01,E,jomini_script_system.cpp:303,script_validation,"Script system error!
  Error: has_game_rule trigger [ Invalid database object 'asoiaf_new_clothes_north_rule_on' ]
  Script location: file: gfx/portraits/portrait_modifiers/01_clothes_base.txt line: 7343 (clothes_base:weight)"
15:52:01,E,jomini_trigger.cpp:243,script_validation,PostValidate of trigger 'has_game_rule' returned false at file: gfx/portraits/portrait_modifiers/01_clothes_base.txt line: 7343 (clothes_base:weight)
15:52:01,E,jomini_script_system.cpp:303,script_validation,"Script system error!
  Error: has_game_rule trigger [ Invalid database object 'asoiaf_new_clothes_north_rule_on' ]
  Script location: file: gfx/portraits/portrait_modifiers/01_clothes_base.txt line: 7398 (clothes_base:weight)"
15:52:01,E,jomini_trigger.cpp:243,script_validation,PostValidate of trigger 'has_game_rule' returned false at file: gfx/portraits/portrait_modifiers/01_clothes_base.txt line: 7398 (clothes_base:weight)
15:52:01,E,jomini_script_system.cpp:303,script_validation,"Script system error!
  Error: has_game_rule trigger [ Invalid database object 'asoiaf_new_clothes_north_rule_on' ]
  Script location: file: gfx/portraits/portrait_modifiers/01_clothes_base.txt line: 7461 (clothes_base:weight)"
15:52:01,E,jomini_trigger.cpp:243,script_validation,PostValidate of trigger 'has_game_rule' returned false at file: gfx/portraits/portrait_modifiers/01_clothes_base.txt line: 7461 (clothes_base:weight)
15:52:01,E,jomini_script_system.cpp:303,script_validation,"Script system error!
  Error: has_game_rule trigger [ Invalid database object 'asoiaf_new_clothes_crownlands_rule_on' ]
  Script location: file: gfx/portraits/portrait_modifiers/01_clothes_base.txt line: 7518 (clothes_base:weight)"
15:52:01,E,jomini_trigger.cpp:243,script_validation,PostValidate of trigger 'has_game_rule' returned false at file: gfx/portraits/portrait_modifiers/01_clothes_base.txt line: 7518 (clothes_base:weight)
15:52:01,E,jomini_script_system.cpp:303,script_validation,"Script system error!
  Error: has_game_rule trigger [ Invalid database object 'asoiaf_new_clothes_crownlands_rule_on' ]
  Script location: file: gfx/portraits/portrait_modifiers/01_clothes_base.txt line: 7567 (clothes_base:weight)"
15:52:01,E,jomini_trigger.cpp:243,script_validation,PostValidate of trigger 'has_game_rule' returned false at file: gfx/portraits/portrait_modifiers/01_clothes_base.txt line: 7567 (clothes_base:weight)
15:52:01,E,jomini_script_system.cpp:303,script_validation,"Script system error!
  Error: has_game_rule trigger [ Invalid database object 'asoiaf_new_clothes_crownlands_rule_on' ]
  Script location: file: gfx/portraits/portrait_modifiers/01_clothes_base.txt line: 7622 (clothes_base:weight)"
15:52:01,E,jomini_trigger.cpp:243,script_validation,PostValidate of trigger 'has_game_rule' returned false at file: gfx/portraits/portrait_modifiers/01_clothes_base.txt line: 7622 (clothes_base:weight)
15:52:01,E,jomini_script_system.cpp:303,script_validation,"Script system error!
  Error: has_game_rule trigger [ Invalid database object 'show_dynamic_crowns_enabled' ]
  Script location: file: gfx/portraits/portrait_modifiers/01_headgear_base.txt line: 7146 (headgear_base:weight)"
15:52:01,E,jomini_trigger.cpp:243,script_validation,PostValidate of trigger 'has_game_rule' returned false at file: gfx/portraits/portrait_modifiers/01_headgear_base.txt line: 7146 (headgear_base:weight)
15:52:01,E,jomini_script_system.cpp:303,script_validation,"Script system error!
  Error: has_game_rule trigger [ Invalid database object 'show_dynamic_crowns_enabled' ]
  Script location: file: gfx/portraits/portrait_modifiers/01_headgear_base.txt line: 7174 (headgear_base:weight)"
15:52:01,E,jomini_trigger.cpp:243,script_validation,PostValidate of trigger 'has_game_rule' returned false at file: gfx/portraits/portrait_modifiers/01_headgear_base.txt line: 7174 (headgear_base:weight)
15:52:01,E,jomini_script_system.cpp:303,script_validation,"Script system error!
  Error: has_game_rule trigger [ Invalid database object 'show_dynamic_crowns_enabled' ]
  Script location: file: gfx/portraits/portrait_modifiers/01_headgear_base.txt line: 7258 (headgear_base:weight)"
15:52:01,E,jomini_trigger.cpp:243,script_validation,PostValidate of trigger 'has_game_rule' returned false at file: gfx/portraits/portrait_modifiers/01_headgear_base.txt line: 7258 (headgear_base:weight)
15:52:01,E,jomini_script_system.cpp:303,script_validation,"Script system error!
  Error: has_game_rule trigger [ Invalid database object 'show_dynamic_crowns_enabled' ]
  Script location: file: gfx/portraits/portrait_modifiers/01_headgear_base.txt line: 7310 (headgear_base:weight)"
15:52:01,E,jomini_trigger.cpp:243,script_validation,PostValidate of trigger 'has_game_rule' returned false at file: gfx/portraits/portrait_modifiers/01_headgear_base.txt line: 7310 (headgear_base:weight)
15:52:01,E,jomini_script_system.cpp:303,script_validation,"Script system error!
  Error: has_game_rule trigger [ Invalid database object 'show_dynamic_crowns_enabled' ]
  Script location: file: gfx/portraits/portrait_modifiers/01_headgear_base.txt line: 7445 (headgear_base:weight)"
15:52:01,E,jomini_trigger.cpp:243,script_validation,PostValidate of trigger 'has_game_rule' returned false at file: gfx/portraits/portrait_modifiers/01_headgear_base.txt line: 7445 (headgear_base:weight)
15:52:01,E,jomini_script_system.cpp:303,script_validation,"Script system error!
  Error: has_game_rule trigger [ Invalid database object 'show_dynamic_crowns_enabled' ]
  Script location: file: gfx/portraits/portrait_modifiers/01_headgear_base.txt line: 7476 (headgear_base:weight)"
15:52:01,E,jomini_trigger.cpp:243,script_validation,PostValidate of trigger 'has_game_rule' returned false at file: gfx/portraits/portrait_modifiers/01_headgear_base.txt line: 7476 (headgear_base:weight)
15:52:01,E,jomini_script_system.cpp:303,script_validation,"Script system error!
  Error: has_game_rule trigger [ Invalid database object 'show_dynamic_crowns_enabled' ]
  Script location: file: gfx/portraits/portrait_modifiers/01_headgear_base.txt line: 7539 (headgear_base:weight)"
15:52:01,E,jomini_trigger.cpp:243,script_validation,PostValidate of trigger 'has_game_rule' returned false at file: gfx/portraits/portrait_modifiers/01_headgear_base.txt line: 7539 (headgear_base:weight)
15:52:01,E,jomini_script_system.cpp:303,script_validation,"Script system error!
  Error: has_game_rule trigger [ Invalid database object 'show_dynamic_crowns_enabled' ]
  Script location: file: gfx/portraits/portrait_modifiers/01_headgear_base.txt line: 7561 (headgear_base:weight)"
15:52:01,E,jomini_trigger.cpp:243,script_validation,PostValidate of trigger 'has_game_rule' returned false at file: gfx/portraits/portrait_modifiers/01_headgear_base.txt line: 7561 (headgear_base:weight)
15:52:01,E,jomini_script_system.cpp:303,script_validation,"Script system error!
  Error: has_game_rule trigger [ Invalid database object 'show_dynamic_crowns_enabled' ]
  Script location: file: gfx/portraits/portrait_modifiers/01_headgear_base.txt line: 7583 (headgear_base:weight)"
15:52:01,E,jomini_trigger.cpp:243,script_validation,PostValidate of trigger 'has_game_rule' returned false at file: gfx/portraits/portrait_modifiers/01_headgear_base.txt line: 7583 (headgear_base:weight)
15:52:01,E,jomini_script_system.cpp:303,script_validation,"Script system error!
  Error: has_game_rule trigger [ Invalid database object 'show_dynamic_crowns_enabled' ]
  Script location: file: gfx/portraits/portrait_modifiers/01_headgear_base.txt line: 7605 (headgear_base:weight)"
15:52:01,E,jomini_trigger.cpp:243,script_validation,PostValidate of trigger 'has_game_rule' returned false at file: gfx/portraits/portrait_modifiers/01_headgear_base.txt line: 7605 (headgear_base:weight)
15:52:01,E,jomini_script_system.cpp:303,script_validation,"Script system error!
  Error: has_game_rule trigger [ Invalid database object 'show_dynamic_crowns_enabled' ]
  Script location: file: gfx/portraits/portrait_modifiers/01_headgear_base.txt line: 7627 (headgear_base:weight)"
15:52:01,E,jomini_trigger.cpp:243,script_validation,PostValidate of trigger 'has_game_rule' returned false at file: gfx/portraits/portrait_modifiers/01_headgear_base.txt line: 7627 (headgear_base:weight)
15:52:01,E,jomini_script_system.cpp:303,script_validation,"Script system error!
  Error: has_game_rule trigger [ Invalid database object 'show_dynamic_crowns_enabled' ]
  Script location: file: gfx/portraits/portrait_modifiers/01_headgear_base.txt line: 7649 (headgear_base:weight)"
15:52:01,E,jomini_trigger.cpp:243,script_validation,PostValidate of trigger 'has_game_rule' returned false at file: gfx/portraits/portrait_modifiers/01_headgear_base.txt line: 7649 (headgear_base:weight)
15:52:01,E,jomini_script_system.cpp:303,script_validation,"Script system error!
  Error: has_game_rule trigger [ Invalid database object 'show_dynamic_crowns_enabled' ]
  Script location: file: gfx/portraits/portrait_modifiers/01_headgear_base.txt line: 7671 (headgear_base:weight)"
15:52:01,E,jomini_trigger.cpp:243,script_validation,PostValidate of trigger 'has_game_rule' returned false at file: gfx/portraits/portrait_modifiers/01_headgear_base.txt line: 7671 (headgear_base:weight)
15:52:01,E,jomini_script_system.cpp:303,script_validation,"Script system error!
  Error: has_game_rule trigger [ Invalid database object 'show_dynamic_crowns_enabled' ]
  Script location: file: gfx/portraits/portrait_modifiers/01_headgear_base.txt line: 7704 (headgear_base:weight)"
15:52:01,E,jomini_trigger.cpp:243,script_validation,PostValidate of trigger 'has_game_rule' returned false at file: gfx/portraits/portrait_modifiers/01_headgear_base.txt line: 7704 (headgear_base:weight)
15:52:01,E,jomini_script_system.cpp:303,script_validation,"Script system error!
  Error: has_game_rule trigger [ Invalid database object 'show_dynamic_crowns_enabled' ]
  Script location: file: gfx/portraits/portrait_modifiers/01_headgear_base.txt line: 7726 (headgear_base:weight)"
15:52:01,E,jomini_trigger.cpp:243,script_validation,PostValidate of trigger 'has_game_rule' returned false at file: gfx/portraits/portrait_modifiers/01_headgear_base.txt line: 7726 (headgear_base:weight)
15:52:01,E,jomini_script_system.cpp:303,script_validation,"Script system error!
  Error: has_game_rule trigger [ Invalid database object 'show_dynamic_crowns_enabled' ]
  Script location: file: gfx/portraits/portrait_modifiers/01_headgear_base.txt line: 7748 (headgear_base:weight)"
15:52:01,E,jomini_trigger.cpp:243,script_validation,PostValidate of trigger 'has_game_rule' returned false at file: gfx/portraits/portrait_modifiers/01_headgear_base.txt line: 7748 (headgear_base:weight)
15:52:01,E,jomini_script_system.cpp:303,script_validation,"Script system error!
  Error: has_game_rule trigger [ Invalid database object 'show_dynamic_crowns_enabled' ]
  Script location: file: gfx/portraits/portrait_modifiers/01_headgear_base.txt line: 7770 (headgear_base:weight)"
15:52:01,E,jomini_trigger.cpp:243,script_validation,PostValidate of trigger 'has_game_rule' returned false at file: gfx/portraits/portrait_modifiers/01_headgear_base.txt line: 7770 (headgear_base:weight)
15:52:01,E,jomini_script_system.cpp:303,script_validation,"Script system error!
  Error: has_game_rule trigger [ Invalid database object 'show_dynamic_crowns_enabled' ]
  Script location: file: gfx/portraits/portrait_modifiers/01_headgear_base.txt line: 7792 (headgear_base:weight)"
15:52:01,E,jomini_trigger.cpp:243,script_validation,PostValidate of trigger 'has_game_rule' returned false at file: gfx/portraits/portrait_modifiers/01_headgear_base.txt line: 7792 (headgear_base:weight)
15:52:01,E,jomini_script_system.cpp:303,script_validation,"Script system error!
  Error: has_game_rule trigger [ Invalid database object 'show_dynamic_crowns_enabled' ]
  Script location: file: gfx/portraits/portrait_modifiers/01_headgear_base.txt line: 7814 (headgear_base:weight)"
15:52:01,E,jomini_trigger.cpp:243,script_validation,PostValidate of trigger 'has_game_rule' returned false at file: gfx/portraits/portrait_modifiers/01_headgear_base.txt line: 7814 (headgear_base:weight)
15:52:01,E,jomini_script_system.cpp:303,script_validation,"Script system error!
  Error: has_game_rule trigger [ Invalid database object 'show_dynamic_crowns_enabled' ]
  Script location: file: gfx/portraits/portrait_modifiers/01_headgear_base.txt line: 7839 (headgear_base:weight)"
15:52:01,E,jomini_trigger.cpp:243,script_validation,PostValidate of trigger 'has_game_rule' returned false at file: gfx/portraits/portrait_modifiers/01_headgear_base.txt line: 7839 (headgear_base:weight)
15:52:01,E,jomini_script_system.cpp:303,script_validation,"Script system error!
  Error: has_game_rule trigger [ Invalid database object 'show_dynamic_crowns_enabled' ]
  Script location: file: gfx/portraits/portrait_modifiers/01_headgear_base.txt line: 7870 (headgear_base:weight)"
15:52:01,E,jomini_trigger.cpp:243,script_validation,PostValidate of trigger 'has_game_rule' returned false at file: gfx/portraits/portrait_modifiers/01_headgear_base.txt line: 7870 (headgear_base:weight)
15:52:01,E,jomini_script_system.cpp:303,script_validation,"Script system error!
  Error: has_game_rule trigger [ Invalid database object 'show_dynamic_crowns_enabled' ]
  Script location: file: gfx/portraits/portrait_modifiers/01_headgear_base.txt line: 7913 (headgear_base:weight)"
15:52:01,E,jomini_trigger.cpp:243,script_validation,PostValidate of trigger 'has_game_rule' returned false at file: gfx/portraits/portrait_modifiers/01_headgear_base.txt line: 7913 (headgear_base:weight)
15:52:01,E,jomini_script_system.cpp:303,script_validation,"Script system error!
  Error: has_game_rule trigger [ Invalid database object 'show_dynamic_crowns_enabled' ]
  Script location: file: gfx/portraits/portrait_modifiers/01_headgear_base.txt line: 7939 (headgear_base:weight)"
15:52:01,E,jomini_trigger.cpp:243,script_validation,PostValidate of trigger 'has_game_rule' returned false at file: gfx/portraits/portrait_modifiers/01_headgear_base.txt line: 7939 (headgear_base:weight)
15:52:01,E,jomini_script_system.cpp:303,script_validation,"Script system error!
  Error: has_game_rule trigger [ Invalid database object 'show_dynamic_crowns_enabled' ]
  Script location: file: gfx/portraits/portrait_modifiers/01_headgear_base.txt line: 7961 (headgear_base:weight)"
15:52:01,E,jomini_trigger.cpp:243,script_validation,PostValidate of trigger 'has_game_rule' returned false at file: gfx/portraits/portrait_modifiers/01_headgear_base.txt line: 7961 (headgear_base:weight)
15:52:01,E,jomini_script_system.cpp:303,script_validation,"Script system error!
  Error: has_game_rule trigger [ Invalid database object 'show_dynamic_crowns_enabled' ]
  Script location: file: gfx/portraits/portrait_modifiers/01_headgear_base.txt line: 7983 (headgear_base:weight)"
15:52:01,E,jomini_trigger.cpp:243,script_validation,PostValidate of trigger 'has_game_rule' returned false at file: gfx/portraits/portrait_modifiers/01_headgear_base.txt line: 7983 (headgear_base:weight)
15:52:01,E,jomini_script_system.cpp:303,script_validation,"Script system error!
  Error: has_game_rule trigger [ Invalid database object 'show_dynamic_crowns_enabled' ]
  Script location: file: gfx/portraits/portrait_modifiers/01_headgear_base.txt line: 8005 (headgear_base:weight)"
15:52:01,E,jomini_trigger.cpp:243,script_validation,PostValidate of trigger 'has_game_rule' returned false at file: gfx/portraits/portrait_modifiers/01_headgear_base.txt line: 8005 (headgear_base:weight)
15:52:01,E,jomini_script_system.cpp:303,script_validation,"Script system error!
  Error: has_game_rule trigger [ Invalid database object 'show_dynamic_crowns_enabled' ]
  Script location: file: gfx/portraits/portrait_modifiers/01_headgear_base.txt line: 8027 (headgear_base:weight)"
15:52:01,E,jomini_trigger.cpp:243,script_validation,PostValidate of trigger 'has_game_rule' returned false at file: gfx/portraits/portrait_modifiers/01_headgear_base.txt line: 8027 (headgear_base:weight)
15:52:01,E,jomini_script_system.cpp:303,script_validation,"Script system error!
  Error: has_game_rule trigger [ Invalid database object 'show_dynamic_crowns_enabled' ]
  Script location: file: gfx/portraits/portrait_modifiers/01_headgear_base.txt line: 8049 (headgear_base:weight)"
15:52:01,E,jomini_trigger.cpp:243,script_validation,PostValidate of trigger 'has_game_rule' returned false at file: gfx/portraits/portrait_modifiers/01_headgear_base.txt line: 8049 (headgear_base:weight)
15:52:01,E,jomini_script_system.cpp:303,script_validation,"Script system error!
  Error: has_game_rule trigger [ Invalid database object 'show_dynamic_crowns_enabled' ]
  Script location: file: gfx/portraits/portrait_modifiers/01_headgear_base.txt line: 8071 (headgear_base:weight)"
15:52:01,E,jomini_trigger.cpp:243,script_validation,PostValidate of trigger 'has_game_rule' returned false at file: gfx/portraits/portrait_modifiers/01_headgear_base.txt line: 8071 (headgear_base:weight)
15:52:01,E,jomini_script_system.cpp:303,script_validation,"Script system error!
  Error: has_game_rule trigger [ Invalid database object 'show_dynamic_crowns_enabled' ]
  Script location: file: gfx/portraits/portrait_modifiers/01_headgear_base.txt line: 8093 (headgear_base:weight)"
15:52:01,E,jomini_trigger.cpp:243,script_validation,PostValidate of trigger 'has_game_rule' returned false at file: gfx/portraits/portrait_modifiers/01_headgear_base.txt line: 8093 (headgear_base:weight)
15:52:01,E,jomini_script_system.cpp:303,script_validation,"Script system error!
  Error: has_game_rule trigger [ Invalid database object 'show_dynamic_crowns_enabled' ]
  Script location: file: gfx/portraits/portrait_modifiers/01_headgear_base.txt line: 8115 (headgear_base:weight)"
15:52:01,E,jomini_trigger.cpp:243,script_validation,PostValidate of trigger 'has_game_rule' returned false at file: gfx/portraits/portrait_modifiers/01_headgear_base.txt line: 8115 (headgear_base:weight)
15:52:01,E,jomini_script_system.cpp:303,script_validation,"Script system error!
  Error: has_game_rule trigger [ Invalid database object 'show_dynamic_crowns_enabled' ]
  Script location: file: gfx/portraits/portrait_modifiers/01_headgear_base.txt line: 8137 (headgear_base:weight)"
15:52:01,E,jomini_trigger.cpp:243,script_validation,PostValidate of trigger 'has_game_rule' returned false at file: gfx/portraits/portrait_modifiers/01_headgear_base.txt line: 8137 (headgear_base:weight)
15:52:01,E,jomini_script_system.cpp:303,script_validation,"Script system error!
  Error: has_game_rule trigger [ Invalid database object 'show_dynamic_crowns_enabled' ]
  Script location: file: gfx/portraits/portrait_modifiers/01_headgear_base.txt line: 8180 (headgear_base:weight)"
15:52:01,E,jomini_trigger.cpp:243,script_validation,PostValidate of trigger 'has_game_rule' returned false at file: gfx/portraits/portrait_modifiers/01_headgear_base.txt line: 8180 (headgear_base:weight)
15:52:01,E,jomini_script_system.cpp:303,script_validation,"Script system error!
  Error: has_game_rule trigger [ Invalid database object 'show_dynamic_crowns_enabled' ]
  Script location: file: gfx/portraits/portrait_modifiers/01_headgear_base.txt line: 8202 (headgear_base:weight)"
15:52:01,E,jomini_trigger.cpp:243,script_validation,PostValidate of trigger 'has_game_rule' returned false at file: gfx/portraits/portrait_modifiers/01_headgear_base.txt line: 8202 (headgear_base:weight)
15:52:01,E,jomini_script_system.cpp:303,script_validation,"Script system error!
  Error: has_game_rule trigger [ Invalid database object 'show_dynamic_crowns_enabled' ]
  Script location: file: gfx/portraits/portrait_modifiers/01_headgear_base.txt line: 8224 (headgear_base:weight)"
15:52:01,E,jomini_trigger.cpp:243,script_validation,PostValidate of trigger 'has_game_rule' returned false at file: gfx/portraits/portrait_modifiers/01_headgear_base.txt line: 8224 (headgear_base:weight)
15:52:01,E,jomini_script_system.cpp:303,script_validation,"Script system error!
  Error: has_game_rule trigger [ Invalid database object 'show_dynamic_crowns_enabled' ]
  Script location: file: gfx/portraits/portrait_modifiers/01_headgear_base.txt line: 8246 (headgear_base:weight)"
15:52:01,E,jomini_trigger.cpp:243,script_validation,PostValidate of trigger 'has_game_rule' returned false at file: gfx/portraits/portrait_modifiers/01_headgear_base.txt line: 8246 (headgear_base:weight)
15:52:01,E,jomini_script_system.cpp:303,script_validation,"Script system error!
  Error: has_game_rule trigger [ Invalid database object 'show_dynamic_crowns_enabled' ]
  Script location: file: gfx/portraits/portrait_modifiers/01_headgear_base.txt line: 8268 (headgear_base:weight)"
15:52:01,E,jomini_trigger.cpp:243,script_validation,PostValidate of trigger 'has_game_rule' returned false at file: gfx/portraits/portrait_modifiers/01_headgear_base.txt line: 8268 (headgear_base:weight)
15:52:01,E,jomini_script_system.cpp:303,script_validation,"Script system error!
  Error: has_game_rule trigger [ Invalid database object 'show_dynamic_crowns_enabled' ]
  Script location: file: gfx/portraits/portrait_modifiers/01_headgear_base.txt line: 8290 (headgear_base:weight)"
15:52:01,E,jomini_trigger.cpp:243,script_validation,PostValidate of trigger 'has_game_rule' returned false at file: gfx/portraits/portrait_modifiers/01_headgear_base.txt line: 8290 (headgear_base:weight)
15:52:01,E,jomini_script_system.cpp:303,script_validation,"Script system error!
  Error: has_game_rule trigger [ Invalid database object 'show_dynamic_crowns_enabled' ]
  Script location: file: gfx/portraits/portrait_modifiers/01_headgear_base.txt line: 8312 (headgear_base:weight)"
15:52:01,E,jomini_trigger.cpp:243,script_validation,PostValidate of trigger 'has_game_rule' returned false at file: gfx/portraits/portrait_modifiers/01_headgear_base.txt line: 8312 (headgear_base:weight)
15:52:01,E,jomini_script_system.cpp:303,script_validation,"Script system error!
  Error: has_game_rule trigger [ Invalid database object 'show_dynamic_crowns_enabled' ]
  Script location: file: gfx/portraits/portrait_modifiers/01_headgear_base.txt line: 8335 (headgear_base:weight)"
15:52:01,E,jomini_trigger.cpp:243,script_validation,PostValidate of trigger 'has_game_rule' returned false at file: gfx/portraits/portrait_modifiers/01_headgear_base.txt line: 8335 (headgear_base:weight)
15:52:01,E,jomini_script_system.cpp:303,script_validation,"Script system error!
  Error: has_game_rule trigger [ Invalid database object 'show_dynamic_crowns_enabled' ]
  Script location: file: gfx/portraits/portrait_modifiers/01_headgear_base.txt line: 8357 (headgear_base:weight)"
15:52:01,E,jomini_trigger.cpp:243,script_validation,PostValidate of trigger 'has_game_rule' returned false at file: gfx/portraits/portrait_modifiers/01_headgear_base.txt line: 8357 (headgear_base:weight)
15:52:01,E,jomini_script_system.cpp:303,script_validation,"Script system error!
  Error: has_game_rule trigger [ Invalid database object 'show_dynamic_crowns_enabled' ]
  Script location: file: gfx/portraits/portrait_modifiers/01_headgear_base.txt line: 8388 (headgear_base:weight)"
15:52:01,E,jomini_trigger.cpp:243,script_validation,PostValidate of trigger 'has_game_rule' returned false at file: gfx/portraits/portrait_modifiers/01_headgear_base.txt line: 8388 (headgear_base:weight)
15:52:01,E,jomini_script_system.cpp:303,script_validation,"Script system error!
  Error: has_game_rule trigger [ Invalid database object 'show_dynamic_crowns_enabled' ]
  Script location: file: gfx/portraits/portrait_modifiers/01_headgear_base.txt line: 8410 (headgear_base:weight)"
15:52:01,E,jomini_trigger.cpp:243,script_validation,PostValidate of trigger 'has_game_rule' returned false at file: gfx/portraits/portrait_modifiers/01_headgear_base.txt line: 8410 (headgear_base:weight)
15:52:01,E,jomini_script_system.cpp:303,script_validation,"Script system error!
  Error: has_game_rule trigger [ Invalid database object 'show_dynamic_crowns_enabled' ]
  Script location: file: gfx/portraits/portrait_modifiers/01_headgear_base.txt line: 8432 (headgear_base:weight)"
15:52:01,E,jomini_trigger.cpp:243,script_validation,PostValidate of trigger 'has_game_rule' returned false at file: gfx/portraits/portrait_modifiers/01_headgear_base.txt line: 8432 (headgear_base:weight)
15:52:01,E,jomini_script_system.cpp:303,script_validation,"Script system error!
  Error: has_game_rule trigger [ Invalid database object 'show_dynamic_crowns_enabled' ]
  Script location: file: gfx/portraits/portrait_modifiers/01_headgear_base.txt line: 8454 (headgear_base:weight)"
15:52:01,E,jomini_trigger.cpp:243,script_validation,PostValidate of trigger 'has_game_rule' returned false at file: gfx/portraits/portrait_modifiers/01_headgear_base.txt line: 8454 (headgear_base:weight)
15:52:01,E,jomini_script_system.cpp:303,script_validation,"Script system error!
  Error: has_game_rule trigger [ Invalid database object 'show_dynamic_crowns_enabled' ]
  Script location: file: gfx/portraits/portrait_modifiers/01_headgear_base.txt line: 8476 (headgear_base:weight)"
15:52:01,E,jomini_trigger.cpp:243,script_validation,PostValidate of trigger 'has_game_rule' returned false at file: gfx/portraits/portrait_modifiers/01_headgear_base.txt line: 8476 (headgear_base:weight)
15:52:01,E,jomini_script_system.cpp:303,script_validation,"Script system error!
  Error: has_game_rule trigger [ Invalid database object 'show_dynamic_crowns_enabled' ]
  Script location: file: gfx/portraits/portrait_modifiers/01_headgear_base.txt line: 8498 (headgear_base:weight)"
15:52:01,E,jomini_trigger.cpp:243,script_validation,PostValidate of trigger 'has_game_rule' returned false at file: gfx/portraits/portrait_modifiers/01_headgear_base.txt line: 8498 (headgear_base:weight)
15:52:01,E,jomini_script_system.cpp:303,script_validation,"Script system error!
  Error: has_game_rule trigger [ Invalid database object 'show_dynamic_crowns_enabled' ]
  Script location: file: gfx/portraits/portrait_modifiers/01_headgear_base.txt line: 8520 (headgear_base:weight)"
15:52:01,E,jomini_trigger.cpp:243,script_validation,PostValidate of trigger 'has_game_rule' returned false at file: gfx/portraits/portrait_modifiers/01_headgear_base.txt line: 8520 (headgear_base:weight)
15:52:01,E,jomini_script_system.cpp:303,script_validation,"Script system error!
  Error: has_game_rule trigger [ Invalid database object 'show_dynamic_crowns_enabled' ]
  Script location: file: gfx/portraits/portrait_modifiers/01_headgear_base.txt line: 8542 (headgear_base:weight)"
15:52:01,E,jomini_trigger.cpp:243,script_validation,PostValidate of trigger 'has_game_rule' returned false at file: gfx/portraits/portrait_modifiers/01_headgear_base.txt line: 8542 (headgear_base:weight)
15:52:01,E,jomini_script_system.cpp:303,script_validation,"Script system error!
  Error: has_game_rule trigger [ Invalid database object 'show_dynamic_crowns_enabled' ]
  Script location: file: gfx/portraits/portrait_modifiers/01_headgear_base.txt line: 8564 (headgear_base:weight)"
15:52:01,E,jomini_trigger.cpp:243,script_validation,PostValidate of trigger 'has_game_rule' returned false at file: gfx/portraits/portrait_modifiers/01_headgear_base.txt line: 8564 (headgear_base:weight)
15:52:01,E,jomini_script_system.cpp:303,script_validation,"Script system error!
  Error: has_game_rule trigger [ Invalid database object 'show_dynamic_crowns_enabled' ]
  Script location: file: gfx/portraits/portrait_modifiers/01_headgear_base.txt line: 8622 (headgear_base:weight)"
15:52:01,E,jomini_trigger.cpp:243,script_validation,PostValidate of trigger 'has_game_rule' returned false at file: gfx/portraits/portrait_modifiers/01_headgear_base.txt line: 8622 (headgear_base:weight)
15:52:01,E,jomini_script_system.cpp:303,script_validation,"Script system error!
  Error: has_game_rule trigger [ Invalid database object 'show_dynamic_crowns_enabled' ]
  Script location: file: gfx/portraits/portrait_modifiers/01_headgear_base.txt line: 8684 (headgear_base:weight)"
15:52:01,E,jomini_trigger.cpp:243,script_validation,PostValidate of trigger 'has_game_rule' returned false at file: gfx/portraits/portrait_modifiers/01_headgear_base.txt line: 8684 (headgear_base:weight)
15:52:01,E,jomini_script_system.cpp:303,script_validation,"Script system error!
  Error: has_game_rule trigger [ Invalid database object 'show_dynamic_crowns_enabled' ]
  Script location: file: gfx/portraits/portrait_modifiers/01_headgear_base.txt line: 8728 (headgear_base:weight)"
15:52:01,E,jomini_trigger.cpp:243,script_validation,PostValidate of trigger 'has_game_rule' returned false at file: gfx/portraits/portrait_modifiers/01_headgear_base.txt line: 8728 (headgear_base:weight)
15:52:01,E,jomini_script_system.cpp:303,script_validation,"Script system error!
  Error: has_game_rule trigger [ Invalid database object 'show_dynamic_crowns_enabled' ]
  Script location: file: gfx/portraits/portrait_modifiers/01_headgear_base.txt line: 8780 (headgear_base:weight)"
15:52:01,E,jomini_trigger.cpp:243,script_validation,PostValidate of trigger 'has_game_rule' returned false at file: gfx/portraits/portrait_modifiers/01_headgear_base.txt line: 8780 (headgear_base:weight)
15:52:01,E,jomini_script_system.cpp:303,script_validation,"Script system error!
  Error: has_game_rule trigger [ Invalid database object 'show_dynamic_crowns_enabled' ]
  Script location: file: gfx/portraits/portrait_modifiers/01_headgear_base.txt line: 8836 (headgear_base:weight)"
15:52:01,E,jomini_trigger.cpp:243,script_validation,PostValidate of trigger 'has_game_rule' returned false at file: gfx/portraits/portrait_modifiers/01_headgear_base.txt line: 8836 (headgear_base:weight)
15:52:01,E,jomini_script_system.cpp:303,script_validation,"Script system error!
  Error: has_game_rule trigger [ Invalid database object 'show_dynamic_crowns_enabled' ]
  Script location: file: gfx/portraits/portrait_modifiers/01_headgear_base.txt line: 8989 (headgear_base:weight)"
15:52:01,E,jomini_trigger.cpp:243,script_validation,PostValidate of trigger 'has_game_rule' returned false at file: gfx/portraits/portrait_modifiers/01_headgear_base.txt line: 8989 (headgear_base:weight)
15:52:01,E,jomini_script_system.cpp:303,script_validation,"Script system error!
  Error: has_game_rule trigger [ Invalid database object 'show_dynamic_crowns_enabled' ]
  Script location: file: gfx/portraits/portrait_modifiers/01_headgear_base.txt line: 9035 (headgear_base:weight)"
15:52:01,E,jomini_trigger.cpp:243,script_validation,PostValidate of trigger 'has_game_rule' returned false at file: gfx/portraits/portrait_modifiers/01_headgear_base.txt line: 9035 (headgear_base:weight)
15:52:01,E,jomini_script_system.cpp:303,script_validation,"Script system error!
  Error: has_game_rule trigger [ Invalid database object 'show_dynamic_crowns_enabled' ]
  Script location: file: gfx/portraits/portrait_modifiers/01_headgear_base.txt line: 9218 (headgear_base:weight)"
15:52:01,E,jomini_trigger.cpp:243,script_validation,PostValidate of trigger 'has_game_rule' returned false at file: gfx/portraits/portrait_modifiers/01_headgear_base.txt line: 9218 (headgear_base:weight)
15:52:01,E,jomini_script_system.cpp:303,script_validation,"Script system error!
  Error: has_game_rule trigger [ Invalid database object 'show_dynamic_crowns_enabled' ]
  Script location: file: gfx/portraits/portrait_modifiers/01_headgear_base.txt line: 9240 (headgear_base:weight)"
15:52:01,E,jomini_trigger.cpp:243,script_validation,PostValidate of trigger 'has_game_rule' returned false at file: gfx/portraits/portrait_modifiers/01_headgear_base.txt line: 9240 (headgear_base:weight)
15:52:01,E,jomini_script_system.cpp:303,script_validation,"Script system error!
  Error: has_game_rule trigger [ Invalid database object 'show_dynamic_crowns_enabled' ]
  Script location: file: gfx/portraits/portrait_modifiers/01_headgear_base.txt line: 9262 (headgear_base:weight)"
15:52:01,E,jomini_trigger.cpp:243,script_validation,PostValidate of trigger 'has_game_rule' returned false at file: gfx/portraits/portrait_modifiers/01_headgear_base.txt line: 9262 (headgear_base:weight)
15:52:01,E,jomini_script_system.cpp:303,script_validation,"Script system error!
  Error: has_game_rule trigger [ Invalid database object 'show_dynamic_crowns_enabled' ]
  Script location: file: gfx/portraits/portrait_modifiers/01_headgear_base.txt line: 9284 (headgear_base:weight)"
15:52:01,E,jomini_trigger.cpp:243,script_validation,PostValidate of trigger 'has_game_rule' returned false at file: gfx/portraits/portrait_modifiers/01_headgear_base.txt line: 9284 (headgear_base:weight)
15:52:01,E,jomini_script_system.cpp:303,script_validation,"Script system error!
  Error: has_game_rule trigger [ Invalid database object 'show_armor_enabled' ]
  Script location: file: gfx/portraits/portrait_modifiers/01_legwear_base.txt line: 871 (legwear:weight)"
15:52:01,E,jomini_trigger.cpp:243,script_validation,PostValidate of trigger 'has_game_rule' returned false at file: gfx/portraits/portrait_modifiers/01_legwear_base.txt line: 871 (legwear:weight)
15:52:01,E,jomini_script_system.cpp:303,script_validation,"Script system error!
  Error: has_game_rule trigger [ Invalid database object 'show_armor_enabled' ]
  Script location: file: gfx/portraits/portrait_modifiers/01_legwear_base.txt line: 898 (legwear:weight)"
15:52:01,E,jomini_trigger.cpp:243,script_validation,PostValidate of trigger 'has_game_rule' returned false at file: gfx/portraits/portrait_modifiers/01_legwear_base.txt line: 898 (legwear:weight)
15:52:01,E,jomini_script_system.cpp:303,script_validation,"Script system error!
  Error: has_game_rule trigger [ Invalid database object 'show_armor_enabled' ]
  Script location: file: gfx/portraits/portrait_modifiers/01_legwear_base.txt line: 937 (legwear:weight)"
15:52:01,E,jomini_trigger.cpp:243,script_validation,PostValidate of trigger 'has_game_rule' returned false at file: gfx/portraits/portrait_modifiers/01_legwear_base.txt line: 937 (legwear:weight)
15:52:01,E,jomini_script_system.cpp:303,script_validation,"Script system error!
  Error: has_game_rule trigger [ Invalid database object 'show_armor_enabled' ]
  Script location: file: gfx/portraits/portrait_modifiers/05_clothes_situational.txt line: 616 (clothes_situational:weight)"
15:52:01,E,jomini_trigger.cpp:243,script_validation,PostValidate of trigger 'has_game_rule' returned false at file: gfx/portraits/portrait_modifiers/05_clothes_situational.txt line: 616 (clothes_situational:weight)
15:52:01,E,jomini_script_system.cpp:303,script_validation,"Script system error!
  Error: has_game_rule trigger [ Invalid database object 'show_armor_enabled' ]
  Script location: file: gfx/portraits/portrait_modifiers/05_clothes_situational.txt line: 1062 (clothes_situational:weight)"
15:52:01,E,jomini_trigger.cpp:243,script_validation,PostValidate of trigger 'has_game_rule' returned false at file: gfx/portraits/portrait_modifiers/05_clothes_situational.txt line: 1062 (clothes_situational:weight)
15:52:01,E,jomini_script_system.cpp:303,script_validation,"Script system error!
  Error: has_game_rule trigger [ Invalid database object 'show_armor_enabled' ]
  Script location: file: gfx/portraits/portrait_modifiers/05_clothes_situational.txt line: 1109 (clothes_situational:weight)"
15:52:01,E,jomini_trigger.cpp:243,script_validation,PostValidate of trigger 'has_game_rule' returned false at file: gfx/portraits/portrait_modifiers/05_clothes_situational.txt line: 1109 (clothes_situational:weight)
15:52:01,E,jomini_script_system.cpp:303,script_validation,"Script system error!
  Error: has_game_rule trigger [ Invalid database object 'show_armor_enabled' ]
  Script location: file: gfx/portraits/portrait_modifiers/05_clothes_situational.txt line: 1158 (clothes_situational:weight)"
15:52:01,E,jomini_trigger.cpp:243,script_validation,PostValidate of trigger 'has_game_rule' returned false at file: gfx/portraits/portrait_modifiers/05_clothes_situational.txt line: 1158 (clothes_situational:weight)
15:52:01,E,jomini_script_system.cpp:303,script_validation,"Script system error!
  Error: has_game_rule trigger [ Invalid database object 'show_armor_enabled' ]
  Script location: file: gfx/portraits/portrait_modifiers/05_clothes_situational.txt line: 1202 (clothes_situational:weight)"
15:52:01,E,jomini_trigger.cpp:243,script_validation,PostValidate of trigger 'has_game_rule' returned false at file: gfx/portraits/portrait_modifiers/05_clothes_situational.txt line: 1202 (clothes_situational:weight)
15:52:01,E,jomini_script_system.cpp:303,script_validation,"Script system error!
  Error: has_game_rule trigger [ Invalid database object 'show_armor_enabled' ]
  Script location: file: gfx/portraits/portrait_modifiers/05_clothes_situational.txt line: 1248 (clothes_situational:weight)"
15:52:01,E,jomini_trigger.cpp:243,script_validation,PostValidate of trigger 'has_game_rule' returned false at file: gfx/portraits/portrait_modifiers/05_clothes_situational.txt line: 1248 (clothes_situational:weight)
15:52:01,E,jomini_script_system.cpp:303,script_validation,"Script system error!
  Error: has_game_rule trigger [ Invalid database object 'show_armor_enabled' ]
  Script location: file: gfx/portraits/portrait_modifiers/05_clothes_situational.txt line: 1292 (clothes_situational:weight)"
15:52:01,E,jomini_trigger.cpp:243,script_validation,PostValidate of trigger 'has_game_rule' returned false at file: gfx/portraits/portrait_modifiers/05_clothes_situational.txt line: 1292 (clothes_situational:weight)
15:52:01,E,jomini_script_system.cpp:303,script_validation,"Script system error!
  Error: has_game_rule trigger [ Invalid database object 'show_armor_enabled' ]
  Script location: file: gfx/portraits/portrait_modifiers/05_clothes_situational.txt line: 1338 (clothes_situational:weight)"
15:52:01,E,jomini_trigger.cpp:243,script_validation,PostValidate of trigger 'has_game_rule' returned false at file: gfx/portraits/portrait_modifiers/05_clothes_situational.txt line: 1338 (clothes_situational:weight)
15:52:01,E,jomini_script_system.cpp:303,script_validation,"Script system error!
  Error: has_game_rule trigger [ Invalid database object 'show_armor_enabled' ]
  Script location: file: gfx/portraits/portrait_modifiers/05_clothes_situational.txt line: 1382 (clothes_situational:weight)"
15:52:01,E,jomini_trigger.cpp:243,script_validation,PostValidate of trigger 'has_game_rule' returned false at file: gfx/portraits/portrait_modifiers/05_clothes_situational.txt line: 1382 (clothes_situational:weight)
15:52:01,E,jomini_script_system.cpp:303,script_validation,"Script system error!
  Error: has_game_rule trigger [ Invalid database object 'show_armor_enabled' ]
  Script location: file: gfx/portraits/portrait_modifiers/05_clothes_situational.txt line: 1428 (clothes_situational:weight)"
15:52:01,E,jomini_trigger.cpp:243,script_validation,PostValidate of trigger 'has_game_rule' returned false at file: gfx/portraits/portrait_modifiers/05_clothes_situational.txt line: 1428 (clothes_situational:weight)
15:52:01,E,jomini_script_system.cpp:303,script_validation,"Script system error!
  Error: has_game_rule trigger [ Invalid database object 'show_armor_enabled' ]
  Script location: file: gfx/portraits/portrait_modifiers/05_clothes_situational.txt line: 1472 (clothes_situational:weight)"
15:52:01,E,jomini_trigger.cpp:243,script_validation,PostValidate of trigger 'has_game_rule' returned false at file: gfx/portraits/portrait_modifiers/05_clothes_situational.txt line: 1472 (clothes_situational:weight)
15:52:01,E,jomini_script_system.cpp:303,script_validation,"Script system error!
  Error: has_game_rule trigger [ Invalid database object 'show_armor_enabled' ]
  Script location: file: gfx/portraits/portrait_modifiers/05_clothes_situational.txt line: 1518 (clothes_situational:weight)"
15:52:01,E,jomini_trigger.cpp:243,script_validation,PostValidate of trigger 'has_game_rule' returned false at file: gfx/portraits/portrait_modifiers/05_clothes_situational.txt line: 1518 (clothes_situational:weight)
15:52:01,E,jomini_script_system.cpp:303,script_validation,"Script system error!
  Error: has_game_rule trigger [ Invalid database object 'show_armor_enabled' ]
  Script location: file: gfx/portraits/portrait_modifiers/05_clothes_situational.txt line: 1562 (clothes_situational:weight)"
15:52:01,E,jomini_trigger.cpp:243,script_validation,PostValidate of trigger 'has_game_rule' returned false at file: gfx/portraits/portrait_modifiers/05_clothes_situational.txt line: 1562 (clothes_situational:weight)
15:52:01,E,jomini_script_system.cpp:303,script_validation,"Script system error!
  Error: has_game_rule trigger [ Invalid database object 'show_armor_enabled' ]
  Script location: file: gfx/portraits/portrait_modifiers/05_headgear_situational.txt line: 338 (headgear_situational:weight)"
15:52:01,E,jomini_trigger.cpp:243,script_validation,PostValidate of trigger 'has_game_rule' returned false at file: gfx/portraits/portrait_modifiers/05_headgear_situational.txt line: 338 (headgear_situational:weight)
15:52:01,E,jomini_script_system.cpp:303,script_validation,"Script system error!
  Error: has_game_rule trigger [ Invalid database object 'show_armor_enabled' ]
  Script location: file: gfx/portraits/portrait_modifiers/05_headgear_situational.txt line: 395 (headgear_situational:weight)"
15:52:01,E,jomini_trigger.cpp:243,script_validation,PostValidate of trigger 'has_game_rule' returned false at file: gfx/portraits/portrait_modifiers/05_headgear_situational.txt line: 395 (headgear_situational:weight)
15:52:01,E,jomini_script_system.cpp:303,script_validation,"Script system error!
  Error: has_game_rule trigger [ Invalid database object 'show_armor_enabled' ]
  Script location: file: gfx/portraits/portrait_modifiers/05_headgear_situational.txt line: 3127 (headgear_situational:weight)"
15:52:01,E,jomini_trigger.cpp:243,script_validation,PostValidate of trigger 'has_game_rule' returned false at file: gfx/portraits/portrait_modifiers/05_headgear_situational.txt line: 3127 (headgear_situational:weight)
15:52:01,E,jomini_script_system.cpp:303,script_validation,"Script system error!
  Error: has_game_rule trigger [ Invalid database object 'show_armor_enabled' ]
  Script location: file: gfx/portraits/portrait_modifiers/05_headgear_situational.txt line: 3174 (headgear_situational:weight)"
15:52:01,E,jomini_trigger.cpp:243,script_validation,PostValidate of trigger 'has_game_rule' returned false at file: gfx/portraits/portrait_modifiers/05_headgear_situational.txt line: 3174 (headgear_situational:weight)
15:52:01,E,jomini_script_system.cpp:303,script_validation,"Script system error!
  Error: has_game_rule trigger [ Invalid database object 'show_armor_enabled' ]
  Script location: file: gfx/portraits/portrait_modifiers/05_headgear_situational.txt line: 3222 (headgear_situational:weight)"
15:52:01,E,jomini_trigger.cpp:243,script_validation,PostValidate of trigger 'has_game_rule' returned false at file: gfx/portraits/portrait_modifiers/05_headgear_situational.txt line: 3222 (headgear_situational:weight)
15:52:01,E,jomini_script_system.cpp:303,script_validation,"Script system error!
  Error: has_game_rule trigger [ Invalid database object 'show_armor_enabled' ]
  Script location: file: gfx/portraits/portrait_modifiers/05_headgear_situational.txt line: 3266 (headgear_situational:weight)"
15:52:01,E,jomini_trigger.cpp:243,script_validation,PostValidate of trigger 'has_game_rule' returned false at file: gfx/portraits/portrait_modifiers/05_headgear_situational.txt line: 3266 (headgear_situational:weight)
15:52:01,E,jomini_script_system.cpp:303,script_validation,"Script system error!
  Error: has_game_rule trigger [ Invalid database object 'show_armor_enabled' ]
  Script location: file: gfx/portraits/portrait_modifiers/05_headgear_situational.txt line: 3310 (headgear_situational:weight)"
15:52:01,E,jomini_trigger.cpp:243,script_validation,PostValidate of trigger 'has_game_rule' returned false at file: gfx/portraits/portrait_modifiers/05_headgear_situational.txt line: 3310 (headgear_situational:weight)
15:52:01,E,jomini_script_system.cpp:303,script_validation,"Script system error!
  Error: has_game_rule trigger [ Invalid database object 'show_armor_enabled' ]
  Script location: file: gfx/portraits/portrait_modifiers/05_headgear_situational.txt line: 3355 (headgear_situational:weight)"
15:52:01,E,jomini_trigger.cpp:243,script_validation,PostValidate of trigger 'has_game_rule' returned false at file: gfx/portraits/portrait_modifiers/05_headgear_situational.txt line: 3355 (headgear_situational:weight)
15:52:01,E,jomini_script_system.cpp:303,script_validation,"Script system error!
  Error: is_struggle_type trigger [ Invalid database object 'persian_struggle' ]
  Script location: file: common/character_interactions/DI_character_interaction.txt line: 1415 (DI_arrange_marriage_interaction:is_shown)"
15:52:01,E,jomini_trigger.cpp:243,script_validation,PostValidate of trigger 'is_struggle_type' returned false at file: common/character_interactions/DI_character_interaction.txt line: 1415 (DI_arrange_marriage_interaction:is_shown)
15:52:01,E,jomini_script_system.cpp:303,script_validation,"Script system error!
  Error: has_struggle_phase_parameter trigger [ Bool phase parameter 'can_trade_piety_for_marriage_acceptance' does not exist ]
  Script location: file: common/character_interactions/DI_character_interaction.txt line: 1416 (DI_arrange_marriage_interaction:is_shown)"
15:52:01,E,jomini_trigger.cpp:243,script_validation,PostValidate of trigger 'has_struggle_phase_parameter' returned false at file: common/character_interactions/DI_character_interaction.txt line: 1416 (DI_arrange_marriage_interaction:is_shown)
15:52:01,E,jomini_script_system.cpp:303,script_validation,"Script system error!
  Error: is_struggle_type trigger [ Invalid database object 'persian_struggle' ]
  Script location: file: common/character_interactions/DI_character_interaction.txt line: 1424 (DI_arrange_marriage_interaction:is_valid)"
15:52:01,E,jomini_trigger.cpp:243,script_validation,PostValidate of trigger 'is_struggle_type' returned false at file: common/character_interactions/DI_character_interaction.txt line: 1424 (DI_arrange_marriage_interaction:is_valid)
15:52:01,E,jomini_script_system.cpp:303,script_validation,"Script system error!
  Error: is_struggle_type trigger [ Invalid database object 'persian_struggle' ]
  Script location: file: common/character_interactions/DI_character_interaction.txt line: 1430 (DI_arrange_marriage_interaction:is_valid)"
15:52:01,E,jomini_trigger.cpp:243,script_validation,PostValidate of trigger 'is_struggle_type' returned false at file: common/character_interactions/DI_character_interaction.txt line: 1430 (DI_arrange_marriage_interaction:is_valid)
15:52:01,E,jomini_script_system.cpp:303,script_validation,"Script system error!
  Error: is_in_family trigger [ Invalid database object 'rf_abrahamic' ]
  Script location: file: common/scripted_effects/DI_char_spawner_effects.txt line: 1464 (DI_char_spawner_resolve_origin_effect)"
15:52:01,E,jomini_trigger.cpp:243,script_validation,PostValidate of trigger 'is_in_family' returned false at file: common/scripted_effects/DI_char_spawner_effects.txt line: 1464 (DI_char_spawner_resolve_origin_effect)
15:52:01,E,jomini_script_system.cpp:303,script_validation,"Script system error!
  Error: is_in_family trigger [ Invalid database object 'rf_abrahamic' ]
  Script location: file: common/scripted_effects/DI_char_spawner_effects.txt line: 1466 (DI_char_spawner_resolve_origin_effect)"
15:52:01,E,jomini_trigger.cpp:243,script_validation,PostValidate of trigger 'is_in_family' returned false at file: common/scripted_effects/DI_char_spawner_effects.txt line: 1466 (DI_char_spawner_resolve_origin_effect)
15:52:01,E,jomini_script_system.cpp:303,script_validation,"Script system error!
  Error: is_in_family trigger [ Invalid database object 'rf_eastern' ]
  Script location: file: common/scripted_effects/DI_char_spawner_effects.txt line: 1470 (DI_char_spawner_resolve_origin_effect)"
15:52:01,E,jomini_trigger.cpp:243,script_validation,PostValidate of trigger 'is_in_family' returned false at file: common/scripted_effects/DI_char_spawner_effects.txt line: 1470 (DI_char_spawner_resolve_origin_effect)
15:52:01,E,jomini_script_system.cpp:303,script_validation,"Script system error!
  Error: is_in_family trigger [ Invalid database object 'rf_eastern' ]
  Script location: file: common/scripted_effects/DI_char_spawner_effects.txt line: 1472 (DI_char_spawner_resolve_origin_effect)"
15:52:01,E,jomini_trigger.cpp:243,script_validation,PostValidate of trigger 'is_in_family' returned false at file: common/scripted_effects/DI_char_spawner_effects.txt line: 1472 (DI_char_spawner_resolve_origin_effect)
15:52:01,E,jomini_script_system.cpp:303,script_validation,"Script system error!
  Error: is_in_family trigger [ Invalid database object 'rf_sinitic' ]
  Script location: file: common/scripted_effects/DI_char_spawner_effects.txt line: 1476 (DI_char_spawner_resolve_origin_effect)"
15:52:01,E,jomini_trigger.cpp:243,script_validation,PostValidate of trigger 'is_in_family' returned false at file: common/scripted_effects/DI_char_spawner_effects.txt line: 1476 (DI_char_spawner_resolve_origin_effect)
15:52:01,E,jomini_script_system.cpp:303,script_validation,"Script system error!
  Error: is_in_family trigger [ Invalid database object 'rf_sinitic' ]
  Script location: file: common/scripted_effects/DI_char_spawner_effects.txt line: 1478 (DI_char_spawner_resolve_origin_effect)"
15:52:01,E,jomini_trigger.cpp:243,script_validation,PostValidate of trigger 'is_in_family' returned false at file: common/scripted_effects/DI_char_spawner_effects.txt line: 1478 (DI_char_spawner_resolve_origin_effect)
15:52:01,E,jomini_script_system.cpp:303,script_validation,"Script system error!
  Error: is_in_family trigger [ Invalid database object 'rf_pagan' ]
  Script location: file: common/scripted_effects/DI_char_spawner_effects.txt line: 1482 (DI_char_spawner_resolve_origin_effect)"
15:52:01,E,jomini_trigger.cpp:243,script_validation,PostValidate of trigger 'is_in_family' returned false at file: common/scripted_effects/DI_char_spawner_effects.txt line: 1482 (DI_char_spawner_resolve_origin_effect)
15:52:01,E,jomini_script_system.cpp:303,script_validation,"Script system error!
  Error: is_in_family trigger [ Invalid database object 'rf_pagan' ]
  Script location: file: common/scripted_effects/DI_char_spawner_effects.txt line: 1484 (DI_char_spawner_resolve_origin_effect)"
15:52:01,E,jomini_trigger.cpp:243,script_validation,PostValidate of trigger 'is_in_family' returned false at file: common/scripted_effects/DI_char_spawner_effects.txt line: 1484 (DI_char_spawner_resolve_origin_effect)
15:52:01,E,jomini_script_system.cpp:303,script_validation,"Script system error!
  Error: has_game_rule trigger [ Invalid database object 'show_crowns_without_coronation_enabled' ]
  Script location: file: common/scripted_triggers/00_agot_crown_triggers.txt line: 145 (agot_default_wear_crown_trigger)"
15:52:01,E,jomini_trigger.cpp:243,script_validation,PostValidate of trigger 'has_game_rule' returned false at file: common/scripted_triggers/00_agot_crown_triggers.txt line: 145 (agot_default_wear_crown_trigger)
15:52:01,E,jomini_script_system.cpp:303,script_validation,"Script system error!
  Error: has_game_rule trigger [ Invalid database object 'show_crowns_without_coronation_enabled' ]
  Script location: file: common/scripted_triggers/00_agot_crown_triggers.txt line: 150 (agot_default_wear_crown_trigger)"
15:52:01,E,jomini_trigger.cpp:243,script_validation,PostValidate of trigger 'has_game_rule' returned false at file: common/scripted_triggers/00_agot_crown_triggers.txt line: 150 (agot_default_wear_crown_trigger)
15:52:01,E,jomini_script_system.cpp:303,script_validation,"Script system error!
  Error: has_game_rule trigger [ Invalid database object 'show_crowns_without_coronation_enabled' ]
  Script location: file: common/scripted_triggers/00_agot_crown_triggers.txt line: 187 (agot_default_wear_crown_trigger)"
15:52:01,E,jomini_trigger.cpp:243,script_validation,PostValidate of trigger 'has_game_rule' returned false at file: common/scripted_triggers/00_agot_crown_triggers.txt line: 187 (agot_default_wear_crown_trigger)
15:52:01,E,jomini_script_system.cpp:303,script_validation,"Script system error!
  Error: has_game_rule trigger [ Invalid database object 'show_crowns_without_coronation_enabled' ]
  Script location: file: common/scripted_triggers/00_agot_crown_triggers.txt line: 193 (agot_default_wear_crown_trigger)"
15:52:01,E,jomini_trigger.cpp:243,script_validation,PostValidate of trigger 'has_game_rule' returned false at file: common/scripted_triggers/00_agot_crown_triggers.txt line: 193 (agot_default_wear_crown_trigger)
15:52:01,E,jomini_script_system.cpp:303,script_validation,"Script system error!
  Error: has_game_rule trigger [ Invalid database object 'tgc_enabled_enabled' ]
  Script location: file: common/scripted_triggers/tgc_loaded_trigger.txt line: 11 (tgc_standard_equipment_trigger)"
15:52:01,E,jomini_trigger.cpp:243,script_validation,PostValidate of trigger 'has_game_rule' returned false at file: common/scripted_triggers/tgc_loaded_trigger.txt line: 11 (tgc_standard_equipment_trigger)
15:52:01,E,jomini_script_system.cpp:303,script_validation,"Script system error!
  Error: has_game_rule trigger [ Invalid database object 'tgc_enabled_enabled' ]
  Script location: file: common/scripted_triggers/tgc_loaded_trigger.txt line: 59 (tgc_captain_equipment_trigger)"
15:52:01,E,jomini_trigger.cpp:243,script_validation,PostValidate of trigger 'has_game_rule' returned false at file: common/scripted_triggers/tgc_loaded_trigger.txt line: 59 (tgc_captain_equipment_trigger)
15:52:01,E,jomini_script_system.cpp:303,script_validation,"Script system error!
  Error: has_game_rule trigger [ Invalid database object 'tgc_enabled_enabled' ]
  Script location: file: common/scripted_triggers/tgc_loaded_trigger.txt line: 94 (tgc_blackfyre_or_targ_equipment_trigger)"
15:52:01,E,jomini_trigger.cpp:243,script_validation,PostValidate of trigger 'has_game_rule' returned false at file: common/scripted_triggers/tgc_loaded_trigger.txt line: 94 (tgc_blackfyre_or_targ_equipment_trigger)
15:52:01,E,jomini_script_system.cpp:303,script_validation,"Script system error!
  Error: has_game_rule trigger [ Invalid database object 'tgc_blackfyre_enabled' ]
  Script location: file: common/scripted_triggers/tgc_loaded_trigger.txt line: 104 (tgc_blackfyre_equipment_trigger)"
15:52:01,E,jomini_trigger.cpp:243,script_validation,PostValidate of trigger 'has_game_rule' returned false at file: common/scripted_triggers/tgc_loaded_trigger.txt line: 104 (tgc_blackfyre_equipment_trigger)
15:52:01,E,jomini_script_system.cpp:303,script_validation,"Script system error!
  Error: has_game_rule trigger [ Invalid database object 'tgc_faegon_enabled' ]
  Script location: file: common/scripted_triggers/tgc_loaded_trigger.txt line: 120 (tgc_blackfyre_equipment_trigger)"
15:52:01,E,jomini_trigger.cpp:243,script_validation,PostValidate of trigger 'has_game_rule' returned false at file: common/scripted_triggers/tgc_loaded_trigger.txt line: 120 (tgc_blackfyre_equipment_trigger)
15:52:01,E,jomini_script_system.cpp:303,script_validation,"Script system error!
  Error: has_game_rule trigger [ Invalid database object 'tgc_faegon_enabled' ]
  Script location: file: common/scripted_triggers/tgc_loaded_trigger.txt line: 140 (tgc_targaryen_equipment_trigger)"
15:52:01,E,jomini_trigger.cpp:243,script_validation,PostValidate of trigger 'has_game_rule' returned false at file: common/scripted_triggers/tgc_loaded_trigger.txt line: 140 (tgc_targaryen_equipment_trigger)
15:52:01,E,jomini_script_system.cpp:303,script_validation,"Script system error!
  Error: has_game_rule trigger [ Invalid database object 'tgc_enabled_enabled' ]
  Script location: file: common/scripted_triggers/tgc_loaded_trigger.txt line: 163 (tgc_blackfyre_house_equipment_trigger)"
15:52:01,E,jomini_trigger.cpp:243,script_validation,PostValidate of trigger 'has_game_rule' returned false at file: common/scripted_triggers/tgc_loaded_trigger.txt line: 163 (tgc_blackfyre_house_equipment_trigger)
15:52:01,E,jomini_script_system.cpp:303,script_validation,"Script system error!
  Error: has_game_rule trigger [ Invalid database object 'tgc_blackfyre_enabled' ]
  Script location: file: common/scripted_triggers/tgc_loaded_trigger.txt line: 164 (tgc_blackfyre_house_equipment_trigger)"
15:52:01,E,jomini_trigger.cpp:243,script_validation,PostValidate of trigger 'has_game_rule' returned false at file: common/scripted_triggers/tgc_loaded_trigger.txt line: 164 (tgc_blackfyre_house_equipment_trigger)
15:52:01,E,jomini_effect.cpp:1161,markers_read_not_set,Flag 'agot_ruins_ghoyan_drohe_01' is used but is never set. Setting it in an unused scripted trigger or effect does not count
15:52:01,E,jomini_effect.cpp:1161,markers_read_not_set,Flag 'agot_ruins_home_port_02' is used but is never set. Setting it in an unused scripted trigger or effect does not count
15:52:01,E,jomini_effect.cpp:1161,markers_read_not_set,Flag 'agot_jewel_of_the_qhoyne_01' is used but is never set. Setting it in an unused scripted trigger or effect does not count
15:52:01,E,jomini_effect.cpp:1161,markers_read_not_set,Flag 'agot_ruins_ny_sar_03' is used but is never set. Setting it in an unused scripted trigger or effect does not count
15:52:01,E,jomini_effect.cpp:1161,markers_read_not_set,Flag 'agot_wrecks_of_dagger_lake_01' is used but is never set. Setting it in an unused scripted trigger or effect does not count
15:52:01,E,jomini_effect.cpp:1161,markers_read_not_set,Flag 'broadarch_01' is used but is never set. Setting it in an unused scripted trigger or effect does not count
15:52:01,E,jomini_effect.cpp:1161,markers_read_not_set,Flag 'agot_castamere_02' is used but is never set. Setting it in an unused scripted trigger or effect does not count
15:52:01,E,jomini_effect.cpp:1161,markers_read_not_set,Flag '24castamere_03' is used but is never set. Setting it in an unused scripted trigger or effect does not count
15:52:01,E,jomini_effect.cpp:1161,markers_read_not_set,Flag 'settlement_holding' is used but is never set. Setting it in an unused scripted trigger or effect does not count
15:52:01,E,jomini_effect.cpp:1161,markers_read_not_set,Flag 'agot_lonely_light_03' is used but is never set. Setting it in an unused scripted trigger or effect does not count
15:52:01,E,jomini_effect.cpp:1161,markers_read_not_set,Flag 'agot_tianos_bastion_03' is used but is never set. Setting it in an unused scripted trigger or effect does not count
15:52:01,E,jomini_effect.cpp:1161,markers_read_not_set,Flag 'agot_golden_granary_01' is used but is never set. Setting it in an unused scripted trigger or effect does not count
15:52:01,E,jomini_effect.cpp:1161,markers_read_not_set,Flag 'agot_ruins_temple_of_the_womb_03' is used but is never set. Setting it in an unused scripted trigger or effect does not count
15:52:01,E,jomini_effect.cpp:1161,markers_read_not_set,Flag 'oldstones_restored_final' is used but is never set. Setting it in an unused scripted trigger or effect does not count
15:52:01,E,jomini_effect.cpp:1161,markers_read_not_set,Flag 'deepwood_motte_01' is used but is never set. Setting it in an unused scripted trigger or effect does not count
15:52:01,E,jomini_effect.cpp:1161,markers_read_not_set,Flag 'agot_ruins_gate_of_the_mother_01' is used but is never set. Setting it in an unused scripted trigger or effect does not count
15:52:01,E,jomini_effect.cpp:1161,markers_read_not_set,Flag 'agot_ruins_palace_of_sorrows_02' is used but is never set. Setting it in an unused scripted trigger or effect does not count
15:52:01,E,jomini_effect.cpp:1161,markers_read_not_set,Flag 'ruin_holding' is used but is never set. Setting it in an unused scripted trigger or effect does not count
15:52:01,E,jomini_effect.cpp:1161,markers_read_not_set,Flag 'monastery_holding' is used but is never set. Setting it in an unused scripted trigger or effect does not count
15:52:01,E,jomini_effect.cpp:1161,markers_read_not_set,Flag 'agot_norvos_caves_01' is used but is never set. Setting it in an unused scripted trigger or effect does not count
15:52:01,E,jomini_effect.cpp:1161,markers_read_not_set,Flag 'agot_ruins_fogs_touch_quarter_01' is used but is never set. Setting it in an unused scripted trigger or effect does not count
15:52:01,E,jomini_effect.cpp:1161,markers_read_not_set,Flag 'agot_the_obsidian_gatehouse_01' is used but is never set. Setting it in an unused scripted trigger or effect does not count
15:52:01,E,jomini_effect.cpp:1161,markers_read_not_set,Flag 'agot_ruins_home_port_03' is used but is never set. Setting it in an unused scripted trigger or effect does not count
15:52:01,E,jomini_effect.cpp:1161,markers_read_not_set,Flag 'crag_full' is used but is never set. Setting it in an unused scripted trigger or effect does not count
15:52:01,E,jomini_effect.cpp:1161,markers_read_not_set,Flag 'agot_tianos_bastion_01' is used but is never set. Setting it in an unused scripted trigger or effect does not count
15:52:01,E,jomini_effect.cpp:1161,markers_read_not_set,Flag 'flint_tower_01' is used but is never set. Setting it in an unused scripted trigger or effect does not count
15:52:01,E,jomini_effect.cpp:1161,markers_read_not_set,Flag 'agot_ruins_foreign_port_01' is used but is never set. Setting it in an unused scripted trigger or effect does not count
15:52:01,E,jomini_effect.cpp:1161,markers_read_not_set,Flag 'agot_ruin_agot_dead_goose_tree_01' is used but is never set. Setting it in an unused scripted trigger or effect does not count
15:52:01,E,jomini_effect.cpp:1161,markers_read_not_set,Flag 'agot_castamere_03' is used but is never set. Setting it in an unused scripted trigger or effect does not count
15:52:01,E,jomini_effect.cpp:1161,markers_read_not_set,Flag 'agot_crossroads_market_01' is used but is never set. Setting it in an unused scripted trigger or effect does not count
15:52:01,E,jomini_effect.cpp:1161,markers_read_not_set,Flag 'agot_hall_of_the_streets_01' is used but is never set. Setting it in an unused scripted trigger or effect does not count
15:52:01,E,jomini_effect.cpp:1161,markers_read_not_set,Flag 'agot_goat_fort_01' is used but is never set. Setting it in an unused scripted trigger or effect does not count
15:52:01,E,jomini_effect.cpp:1161,markers_read_not_set,Flag 'agot_ruins_festival_calle_02' is used but is never set. Setting it in an unused scripted trigger or effect does not count
15:52:01,E,jomini_effect.cpp:1161,markers_read_not_set,Flag 'agot_helanah_fort_01' is used but is never set. Setting it in an unused scripted trigger or effect does not count
15:52:01,E,jomini_effect.cpp:1161,markers_read_not_set,Flag 'wilderness_holding' is used but is never set. Setting it in an unused scripted trigger or effect does not count
15:52:01,E,jomini_effect.cpp:1161,markers_read_not_set,Flag 'agot_onyx_palace_01' is used but is never set. Setting it in an unused scripted trigger or effect does not count
15:52:01,E,jomini_effect.cpp:1161,markers_read_not_set,Flag 'agot_ruins_ar_noy_02' is used but is never set. Setting it in an unused scripted trigger or effect does not count
15:52:01,E,jomini_effect.cpp:1161,markers_read_not_set,Flag 'agot_bloody_axe_pass_01' is used but is never set. Setting it in an unused scripted trigger or effect does not count
15:52:01,E,jomini_effect.cpp:1161,markers_read_not_set,Flag 'fanghill_01' is used but is never set. Setting it in an unused scripted trigger or effect does not count
15:52:01,E,jomini_effect.cpp:1161,markers_read_not_set,Flag 'agot_revosghar_01' is used but is never set. Setting it in an unused scripted trigger or effect does not count
15:52:01,E,jomini_effect.cpp:1161,markers_read_not_set,Flag 'agot_grand_slave_markets_of_qohor_01' is used but is never set. Setting it in an unused scripted trigger or effect does not count
15:52:01,E,jomini_effect.cpp:1161,markers_read_not_set,Flag 'agot_ruins_ghoyan_drohe_03' is used but is never set. Setting it in an unused scripted trigger or effect does not count
15:52:01,E,jomini_effect.cpp:1161,markers_read_not_set,Flag 'the_arbor_01' is used but is never set. Setting it in an unused scripted trigger or effect does not count
15:52:01,E,jomini_effect.cpp:1161,markers_read_not_set,Flag 'agot_ruins_bridge_of_dreams_02' is used but is never set. Setting it in an unused scripted trigger or effect does not count
15:52:01,E,jomini_effect.cpp:1161,markers_read_not_set,Flag 'oldstones_old_new' is used but is never set. Setting it in an unused scripted trigger or effect does not count
15:52:01,E,jomini_effect.cpp:1161,markers_read_not_set,Flag 'agot_sinners_steps_01' is used but is never set. Setting it in an unused scripted trigger or effect does not count
15:52:01,E,jomini_effect.cpp:1161,markers_read_not_set,Flag 'agot_ruins_tianos_bastion_03' is used but is never set. Setting it in an unused scripted trigger or effect does not count
15:52:01,E,jomini_effect.cpp:1161,markers_read_not_set,Flag 'unknown_holding' is used but is never set. Setting it in an unused scripted trigger or effect does not count
15:52:01,E,jomini_effect.cpp:1161,markers_read_not_set,Flag 'agot_red_temple_lorath_01' is used but is never set. Setting it in an unused scripted trigger or effect does not count
15:52:01,E,jomini_effect.cpp:1161,markers_read_not_set,Flag 'crag_03' is used but is never set. Setting it in an unused scripted trigger or effect does not count
15:52:01,E,jomini_effect.cpp:1161,markers_read_not_set,Flag 'agot_braided_barracks_01' is used but is never set. Setting it in an unused scripted trigger or effect does not count
15:52:01,E,jomini_effect.cpp:1161,markers_read_not_set,Flag 'agot_ruins_ar_noy_01' is used but is never set. Setting it in an unused scripted trigger or effect does not count
15:52:01,E,jomini_effect.cpp:1161,markers_read_not_set,Flag 'agot_ruins_foreign_port_03' is used but is never set. Setting it in an unused scripted trigger or effect does not count
15:52:01,E,jomini_effect.cpp:1161,markers_read_not_set,Flag 'agot_ruins_ny_sar_01' is used but is never set. Setting it in an unused scripted trigger or effect does not count
15:52:01,E,jomini_effect.cpp:1161,markers_read_not_set,Flag 'agot_ruins_tianos_bastion_05' is used but is never set. Setting it in an unused scripted trigger or effect does not count
15:52:01,E,jomini_effect.cpp:1161,markers_read_not_set,Flag 'agot_sanguine_pyramid_01' is used but is never set. Setting it in an unused scripted trigger or effect does not count
15:52:01,E,jomini_effect.cpp:1161,markers_read_not_set,Flag 'agot_ruins_palace_of_sorrows_04' is used but is never set. Setting it in an unused scripted trigger or effect does not count
15:52:01,E,jomini_effect.cpp:1161,markers_read_not_set,Flag 'cow_duskendale_01' is used but is never set. Setting it in an unused scripted trigger or effect does not count
15:52:01,E,jomini_effect.cpp:1161,markers_read_not_set,Flag 'agot_lonely_light_02' is used but is never set. Setting it in an unused scripted trigger or effect does not count
15:52:01,E,jomini_effect.cpp:1161,markers_read_not_set,Flag 'agot_temple_of_the_piercing_light_01' is used but is never set. Setting it in an unused scripted trigger or effect does not count
15:52:01,E,jomini_effect.cpp:1161,markers_read_not_set,Flag 'agot_barbate_fortress_01' is used but is never set. Setting it in an unused scripted trigger or effect does not count
15:52:01,E,jomini_effect.cpp:1161,markers_read_not_set,Flag 'agot_ebon_ridge_01' is used but is never set. Setting it in an unused scripted trigger or effect does not count
15:52:01,E,jomini_effect.cpp:1161,markers_read_not_set,Flag '24castamere_01' is used but is never set. Setting it in an unused scripted trigger or effect does not count
15:52:01,E,jomini_effect.cpp:1161,markers_read_not_set,Flag 'agot_yaghorsosten_harbor_01' is used but is never set. Setting it in an unused scripted trigger or effect does not count
15:52:01,E,jomini_effect.cpp:1161,markers_read_not_set,Flag 'hornhill_01' is used but is never set. Setting it in an unused scripted trigger or effect does not count
15:52:01,E,jomini_effect.cpp:1161,markers_read_not_set,Flag 'agot_bear_trap_01' is used but is never set. Setting it in an unused scripted trigger or effect does not count
15:52:01,E,jomini_effect.cpp:1161,markers_read_not_set,Flag 'agot_turtle_lake_01' is used but is never set. Setting it in an unused scripted trigger or effect does not count
15:52:01,E,jomini_effect.cpp:1161,markers_read_not_set,Flag 'agot_dorenrashi_01' is used but is never set. Setting it in an unused scripted trigger or effect does not count
15:52:01,E,jomini_effect.cpp:1161,markers_read_not_set,Flag 'agot_ruins_bridge_of_dreams_01' is used but is never set. Setting it in an unused scripted trigger or effect does not count
15:52:01,E,jomini_effect.cpp:1161,markers_read_not_set,Flag 'agot_green_marble_quarries_01' is used but is never set. Setting it in an unused scripted trigger or effect does not count
15:52:01,E,jomini_effect.cpp:1161,markers_read_not_set,Flag 'agot_leviathan_beach_01' is used but is never set. Setting it in an unused scripted trigger or effect does not count
15:52:01,E,jomini_effect.cpp:1161,markers_read_not_set,Flag 'agot_ruins_ny_sar_02' is used but is never set. Setting it in an unused scripted trigger or effect does not count
15:52:01,E,jomini_effect.cpp:1161,markers_read_not_set,Flag 'agot_lonely_light_05' is used but is never set. Setting it in an unused scripted trigger or effect does not count
15:52:01,E,jomini_effect.cpp:1161,markers_read_not_set,Flag 'high_hermitage_01' is used but is never set. Setting it in an unused scripted trigger or effect does not count
15:52:01,E,jomini_effect.cpp:1161,markers_read_not_set,Flag 'agot_tianos_bastion_02' is used but is never set. Setting it in an unused scripted trigger or effect does not count
15:52:01,E,jomini_effect.cpp:1161,markers_read_not_set,Flag 'agot_the_silver_mountain_01' is used but is never set. Setting it in an unused scripted trigger or effect does not count
15:52:01,E,jomini_effect.cpp:1161,markers_read_not_set,Flag 'pirate_den_holding' is used but is never set. Setting it in an unused scripted trigger or effect does not count
15:52:01,E,jomini_effect.cpp:1161,markers_read_not_set,Flag 'agot_lonely_light_04' is used but is never set. Setting it in an unused scripted trigger or effect does not count
15:52:01,E,jomini_effect.cpp:1161,markers_read_not_set,Flag 'agot_low_port_01' is used but is never set. Setting it in an unused scripted trigger or effect does not count
15:52:01,E,jomini_effect.cpp:1161,markers_read_not_set,Flag 'agot_third_eye_refuge_01' is used but is never set. Setting it in an unused scripted trigger or effect does not count
15:52:01,E,jomini_effect.cpp:1161,markers_read_not_set,Flag 'agot_ruins_tianos_bastion_04' is used but is never set. Setting it in an unused scripted trigger or effect does not count
15:52:01,E,jomini_effect.cpp:1161,markers_read_not_set,Flag 'agot_jorreblenon_01' is used but is never set. Setting it in an unused scripted trigger or effect does not count
15:52:01,E,jomini_effect.cpp:1161,markers_read_not_set,Flag 'agot_ruins_gate_of_the_mother_03' is used but is never set. Setting it in an unused scripted trigger or effect does not count
15:52:01,E,jomini_effect.cpp:1161,markers_read_not_set,Flag 'agot_khals_run_01' is used but is never set. Setting it in an unused scripted trigger or effect does not count
15:52:01,E,jomini_effect.cpp:1161,markers_read_not_set,Flag 'crag_01' is used but is never set. Setting it in an unused scripted trigger or effect does not count
15:52:01,E,jomini_effect.cpp:1161,markers_read_not_set,Flag 'agot_ruins_home_port_01' is used but is never set. Setting it in an unused scripted trigger or effect does not count
15:52:01,E,jomini_effect.cpp:1161,markers_read_not_set,Flag 'agot_port_ampnavath_01' is used but is never set. Setting it in an unused scripted trigger or effect does not count
15:52:01,E,jomini_effect.cpp:1161,markers_read_not_set,Flag 'agot_ruins_temple_of_the_womb_01' is used but is never set. Setting it in an unused scripted trigger or effect does not count
15:52:01,E,jomini_effect.cpp:1161,markers_read_not_set,Flag 'agot_hairy_port_01' is used but is never set. Setting it in an unused scripted trigger or effect does not count
15:52:01,E,jomini_effect.cpp:1161,markers_read_not_set,Flag 'agot_ruins_fogs_touch_quarter_03' is used but is never set. Setting it in an unused scripted trigger or effect does not count
15:52:01,E,jomini_effect.cpp:1161,markers_read_not_set,Flag 'palestone_sword_01' is used but is never set. Setting it in an unused scripted trigger or effect does not count
15:52:01,E,jomini_effect.cpp:1161,markers_read_not_set,Flag 'agot_breakwater_01' is used but is never set. Setting it in an unused scripted trigger or effect does not count
15:52:01,E,jomini_effect.cpp:1161,markers_read_not_set,Flag 'ashemark_01' is used but is never set. Setting it in an unused scripted trigger or effect does not count
15:52:01,E,jomini_effect.cpp:1161,markers_read_not_set,Flag 'agot_qohor_digores_01' is used but is never set. Setting it in an unused scripted trigger or effect does not count
15:52:01,E,jomini_effect.cpp:1161,markers_read_not_set,Flag 'agot_ruins_tianos_bastion_01' is used but is never set. Setting it in an unused scripted trigger or effect does not count
15:52:01,E,jomini_effect.cpp:1161,markers_read_not_set,Flag 'agot_smiths_walls_01' is used but is never set. Setting it in an unused scripted trigger or effect does not count
15:52:01,E,jomini_effect.cpp:1161,markers_read_not_set,Flag 'agot_ruins_festival_calle_03' is used but is never set. Setting it in an unused scripted trigger or effect does not count
15:52:01,E,jomini_effect.cpp:1161,markers_read_not_set,Flag 'agot_ruins_festival_calle_01' is used but is never set. Setting it in an unused scripted trigger or effect does not count
15:52:01,E,jomini_effect.cpp:1161,markers_read_not_set,Flag 'agot_meletista_01' is used but is never set. Setting it in an unused scripted trigger or effect does not count
15:52:01,E,jomini_effect.cpp:1161,markers_read_not_set,Flag 'agot_carillon_walls_01' is used but is never set. Setting it in an unused scripted trigger or effect does not count
15:52:01,E,jomini_effect.cpp:1161,markers_read_not_set,Flag 'agot_ruins_fogs_touch_quarter_02' is used but is never set. Setting it in an unused scripted trigger or effect does not count
15:52:01,E,jomini_effect.cpp:1161,markers_read_not_set,Flag 'cow_runestone_01' is used but is never set. Setting it in an unused scripted trigger or effect does not count
15:52:01,E,jomini_effect.cpp:1161,markers_read_not_set,Flag 'agot_vostmont_01' is used but is never set. Setting it in an unused scripted trigger or effect does not count
15:52:01,E,jomini_effect.cpp:1161,markers_read_not_set,Flag 'agot_ruins_ar_noy_03' is used but is never set. Setting it in an unused scripted trigger or effect does not count
15:52:01,E,jomini_effect.cpp:1161,markers_read_not_set,Flag 'agot_ruins_palace_of_sorrows_01' is used but is never set. Setting it in an unused scripted trigger or effect does not count
15:52:01,E,jomini_effect.cpp:1161,markers_read_not_set,Flag 'ironwrath_01' is used but is never set. Setting it in an unused scripted trigger or effect does not count
15:52:01,E,jomini_effect.cpp:1161,markers_read_not_set,Flag 'seagard_01' is used but is never set. Setting it in an unused scripted trigger or effect does not count
15:52:01,E,jomini_effect.cpp:1161,markers_read_not_set,Flag 'agot_forest_of_steel_01' is used but is never set. Setting it in an unused scripted trigger or effect does not count
15:52:01,E,jomini_effect.cpp:1161,markers_read_not_set,Flag 'agot_ruins_ghoyan_drohe_02' is used but is never set. Setting it in an unused scripted trigger or effect does not count
15:52:01,E,jomini_effect.cpp:1161,markers_read_not_set,Flag 'agot_noyne_watch_01' is used but is never set. Setting it in an unused scripted trigger or effect does not count
15:52:01,E,jomini_effect.cpp:1161,markers_read_not_set,Flag 'agot_harvest_hall_01' is used but is never set. Setting it in an unused scripted trigger or effect does not count
15:52:01,E,jomini_effect.cpp:1161,markers_read_not_set,Flag 'agot_the_bower_01' is used but is never set. Setting it in an unused scripted trigger or effect does not count
15:52:01,E,jomini_effect.cpp:1161,markers_read_not_set,Flag 'agot_ruins_gate_of_the_mother_02' is used but is never set. Setting it in an unused scripted trigger or effect does not count
15:52:01,E,jomini_effect.cpp:1161,markers_read_not_set,Flag 'agot_ruins_bridge_of_dreams_03' is used but is never set. Setting it in an unused scripted trigger or effect does not count
15:52:01,E,jomini_effect.cpp:1161,markers_read_not_set,Flag 'agot_fisher_hall_01' is used but is never set. Setting it in an unused scripted trigger or effect does not count
15:52:01,E,jomini_effect.cpp:1161,markers_read_not_set,Flag 'agot_qohor_docks_01' is used but is never set. Setting it in an unused scripted trigger or effect does not count
15:52:01,E,jomini_effect.cpp:1161,markers_read_not_set,Flag 'agot_ruins_tianos_bastion_02' is used but is never set. Setting it in an unused scripted trigger or effect does not count
15:52:01,E,jomini_effect.cpp:1161,markers_read_not_set,Flag 'agot_rivermans_haunt_01' is used but is never set. Setting it in an unused scripted trigger or effect does not count
15:52:01,E,jomini_effect.cpp:1161,markers_read_not_set,Flag 'yronwood_01' is used but is never set. Setting it in an unused scripted trigger or effect does not count
15:52:01,E,jomini_effect.cpp:1161,markers_read_not_set,Flag 'agot_ruins_temple_of_the_womb_02' is used but is never set. Setting it in an unused scripted trigger or effect does not count
15:52:01,E,jomini_effect.cpp:1161,markers_read_not_set,Flag 'planky_town_special' is used but is never set. Setting it in an unused scripted trigger or effect does not count
15:52:01,E,jomini_effect.cpp:1161,markers_read_not_set,Flag 'agot_high_port_01' is used but is never set. Setting it in an unused scripted trigger or effect does not count
15:52:01,E,jomini_effect.cpp:1161,markers_read_not_set,Flag 'agot_brewery_grove_01' is used but is never set. Setting it in an unused scripted trigger or effect does not count
15:52:01,E,jomini_effect.cpp:1161,markers_read_not_set,Flag 'agot_ruins_foreign_port_02' is used but is never set. Setting it in an unused scripted trigger or effect does not count
15:52:01,E,jomini_effect.cpp:1161,markers_read_not_set,Flag 'oldstones_old_final' is used but is never set. Setting it in an unused scripted trigger or effect does not count
15:52:01,E,jomini_effect.cpp:1161,markers_read_not_set,Flag 'crag_02' is used but is never set. Setting it in an unused scripted trigger or effect does not count
15:52:01,E,jomini_effect.cpp:1161,markers_read_not_set,Flag 'agot_the_perch_01' is used but is never set. Setting it in an unused scripted trigger or effect does not count
15:52:01,E,jomini_effect.cpp:1161,markers_read_not_set,Flag 'agot_ruins_palace_of_sorrows_03' is used but is never set. Setting it in an unused scripted trigger or effect does not count
15:52:01,E,jomini_effect.cpp:1161,markers_read_not_set,Flag 'agot_darkwash_watch_01' is used but is never set. Setting it in an unused scripted trigger or effect does not count
15:52:01,E,jomini_effect.cpp:1161,markers_read_not_set,Flag 'agot_whitegrove_01' is used but is never set. Setting it in an unused scripted trigger or effect does not count
15:52:01,E,jomini_effect.cpp:1161,markers_read_not_set,Flag 'agot_the_maw_01' is used but is never set. Setting it in an unused scripted trigger or effect does not count
15:52:01,E,jomini_effect.cpp:1161,markers_read_not_set,Flag '24castamere_02' is used but is never set. Setting it in an unused scripted trigger or effect does not count
15:52:01,E,jomini_effect.cpp:1161,markers_read_not_set,Flag 'agot_ruins_palace_of_sorrows_05' is used but is never set. Setting it in an unused scripted trigger or effect does not count
15:52:01,E,jomini_effect.cpp:1145,markers_set_not_read,Flag 'hold' is set but is never used. Note that use in localization doesn't count due to technical limitations. Use in unused scripted triggers and effects also does not count
15:52:01,E,jomini_effect.cpp:1145,markers_set_not_read,Flag 'shivers' is set but is never used. Note that use in localization doesn't count due to technical limitations. Use in unused scripted triggers and effects also does not count
15:52:01,E,jomini_effect.cpp:1145,markers_set_not_read,Flag 'DI_subtype_throne' is set but is never used. Note that use in localization doesn't count due to technical limitations. Use in unused scripted triggers and effects also does not count
15:52:01,E,jomini_effect.cpp:1145,markers_set_not_read,Flag 'global' is set but is never used. Note that use in localization doesn't count due to technical limitations. Use in unused scripted triggers and effects also does not count
15:52:01,E,jomini_effect.cpp:1145,markers_set_not_read,Flag 'all_found' is set but is never used. Note that use in localization doesn't count due to technical limitations. Use in unused scripted triggers and effects also does not count
15:52:01,E,jomini_effect.cpp:1145,markers_set_not_read,Flag 'pact' is set but is never used. Note that use in localization doesn't count due to technical limitations. Use in unused scripted triggers and effects also does not count
15:52:01,E,jomini_effect.cpp:1161,markers_read_not_set,Variable 'crown_branstark_artifact' is used but is never set. Setting it in an unused scripted trigger or effect does not count
15:52:01,E,jomini_effect.cpp:1161,markers_read_not_set,Variable 'crown_maesteraemon_artifact' is used but is never set. Setting it in an unused scripted trigger or effect does not count
15:52:01,E,jomini_effect.cpp:1161,markers_read_not_set,Variable 'crown_of_sansa_artifact' is used but is never set. Setting it in an unused scripted trigger or effect does not count
15:52:01,E,jomini_effect.cpp:1161,markers_read_not_set,Variable 'crown_showaerys_artifact' is used but is never set. Setting it in an unused scripted trigger or effect does not count
15:52:01,E,jomini_effect.cpp:1161,markers_read_not_set,Variable 'crown_baelorbreakspear_generic_artifact' is used but is never set. Setting it in an unused scripted trigger or effect does not count
15:52:01,E,jomini_effect.cpp:1161,markers_read_not_set,Variable 'crown_of_stone_hedge_artifact' is used but is never set. Setting it in an unused scripted trigger or effect does not count
15:52:01,E,jomini_effect.cpp:1161,markers_read_not_set,Variable 'crown_of_goldengrove_artifact' is used but is never set. Setting it in an unused scripted trigger or effect does not count
15:52:01,E,jomini_effect.cpp:1161,markers_read_not_set,Variable 'stormlands_crown_historic_artifact' is used but is never set. Setting it in an unused scripted trigger or effect does not count
15:52:01,E,jomini_effect.cpp:1161,markers_read_not_set,Variable 'crown_margaerytyrell_artifact' is used but is never set. Setting it in an unused scripted trigger or effect does not count
15:52:01,E,jomini_effect.cpp:1161,markers_read_not_set,Variable 'snowflower_crown_artifact' is used but is never set. Setting it in an unused scripted trigger or effect does not count
15:52:01,E,jomini_effect.cpp:1161,markers_read_not_set,Variable 'roland_arryn_crown_artifact' is used but is never set. Setting it in an unused scripted trigger or effect does not count
15:52:01,E,jomini_effect.cpp:1161,markers_read_not_set,Variable 'crown_lancellannister_artifact' is used but is never set. Setting it in an unused scripted trigger or effect does not count
15:52:01,E,jomini_effect.cpp:1161,markers_read_not_set,Variable 'crown_aegonsonofjaehaerys_artifact' is used but is never set. Setting it in an unused scripted trigger or effect does not count
15:52:01,E,jomini_effect.cpp:1161,markers_read_not_set,Variable 'crown_maelysblackfyre_artifact' is used but is never set. Setting it in an unused scripted trigger or effect does not count
15:52:01,E,jomini_effect.cpp:1161,markers_read_not_set,Variable 'brightboar_enabled' is used but is never set. Setting it in an unused scripted trigger or effect does not count
15:52:01,E,jomini_effect.cpp:1161,markers_read_not_set,Variable 'elaena_crown_red_and_black_artifact' is used but is never set. Setting it in an unused scripted trigger or effect does not count
15:52:01,E,jomini_effect.cpp:1161,markers_read_not_set,Variable 'asoiaf_enabled' is used but is never set. Setting it in an unused scripted trigger or effect does not count
15:52:01,E,jomini_effect.cpp:1161,markers_read_not_set,Variable 'crown_of_the_red_keep_artifact' is used but is never set. Setting it in an unused scripted trigger or effect does not count
15:52:01,E,jomini_effect.cpp:1161,markers_read_not_set,Variable 'crown_daemon_ii_blackfyre_artifact' is used but is never set. Setting it in an unused scripted trigger or effect does not count
15:52:01,E,jomini_effect.cpp:1161,markers_read_not_set,Variable 'westerosi_valyrian_crown2_blackfyre_artifact' is used but is never set. Setting it in an unused scripted trigger or effect does not count
15:52:01,E,jomini_effect.cpp:1161,markers_read_not_set,Variable 'vaellatargaryen_crown_artifact' is used but is never set. Setting it in an unused scripted trigger or effect does not count
15:52:01,E,jomini_effect.cpp:1161,markers_read_not_set,Variable 'crown_valarr_artifact' is used but is never set. Setting it in an unused scripted trigger or effect does not count
15:52:01,E,jomini_effect.cpp:1161,markers_read_not_set,Variable 'winterwing_crown_artifact' is used but is never set. Setting it in an unused scripted trigger or effect does not count
15:52:01,E,jomini_effect.cpp:1161,markers_read_not_set,Variable 'garlandgardener_crown_artifact' is used but is never set. Setting it in an unused scripted trigger or effect does not count
15:52:01,E,jomini_effect.cpp:1161,markers_read_not_set,Variable 'mockingbird_circlet_artifact' is used but is never set. Setting it in an unused scripted trigger or effect does not count
15:52:01,E,jomini_effect.cpp:1161,markers_read_not_set,Variable 'reindeer_crown_artifact' is used but is never set. Setting it in an unused scripted trigger or effect does not count
15:52:01,E,jomini_effect.cpp:1161,markers_read_not_set,Variable 'falcon_crown_historic_artifact' is used but is never set. Setting it in an unused scripted trigger or effect does not count
15:52:01,E,jomini_effect.cpp:1161,markers_read_not_set,Variable 'valyrian_crown2_targaryen_artifact' is used but is never set. Setting it in an unused scripted trigger or effect does not count
15:52:01,E,jomini_effect.cpp:1161,markers_read_not_set,Variable 'crown_aenysblackfyre_artifact' is used but is never set. Setting it in an unused scripted trigger or effect does not count
15:52:01,E,jomini_effect.cpp:1161,markers_read_not_set,Variable 'crown_of_jon_north_artifact' is used but is never set. Setting it in an unused scripted trigger or effect does not count
15:52:01,E,jomini_effect.cpp:1161,markers_read_not_set,Variable 'jaehaerys_valyrian_variant_artifact' is used but is never set. Setting it in an unused scripted trigger or effect does not count
15:52:01,E,jomini_effect.cpp:1161,markers_read_not_set,Variable 'argella_crown_artifact' is used but is never set. Setting it in an unused scripted trigger or effect does not count
15:52:01,E,jomini_effect.cpp:1161,markers_read_not_set,Variable 'jaehaerys_variant_2_artifact' is used but is never set. Setting it in an unused scripted trigger or effect does not count
15:52:01,E,jomini_effect.cpp:1161,markers_read_not_set,Variable 'crown_aemonsonofjaehaerys_artifact' is used but is never set. Setting it in an unused scripted trigger or effect does not count
15:52:01,E,jomini_effect.cpp:1161,markers_read_not_set,Variable 'crown_orysbaratheon_artifact' is used but is never set. Setting it in an unused scripted trigger or effect does not count
15:52:01,E,jomini_effect.cpp:1161,markers_read_not_set,Variable 'crown_of_jon_icefire_artifact' is used but is never set. Setting it in an unused scripted trigger or effect does not count
15:52:01,E,jomini_effect.cpp:1161,markers_read_not_set,Variable 'aegon_variant_3_artifact' is used but is never set. Setting it in an unused scripted trigger or effect does not count
15:52:01,E,jomini_effect.cpp:1161,markers_read_not_set,Variable 'crown_greenpyre_artifact' is used but is never set. Setting it in an unused scripted trigger or effect does not count
15:52:01,E,jomini_effect.cpp:1161,markers_read_not_set,Variable 'jaehaerys_variant_1_artifact' is used but is never set. Setting it in an unused scripted trigger or effect does not count
15:52:01,E,jomini_effect.cpp:1161,markers_read_not_set,Variable 'crown_aegonblackfyre_artifact' is used but is never set. Setting it in an unused scripted trigger or effect does not count
15:52:01,E,jomini_effect.cpp:1161,markers_read_not_set,Variable 'captains_sword' is used but is never set. Setting it in an unused scripted trigger or effect does not count
15:52:01,E,jomini_effect.cpp:1161,markers_read_not_set,Variable 'showaegon_crown_02_artifact' is used but is never set. Setting it in an unused scripted trigger or effect does not count
15:52:01,E,jomini_effect.cpp:1161,markers_read_not_set,Variable 'crown_of_the_grey_king_artifact' is used but is never set. Setting it in an unused scripted trigger or effect does not count
15:52:01,E,jomini_effect.cpp:1161,markers_read_not_set,Variable 'Crowns_westeros_enabled' is used but is never set. Setting it in an unused scripted trigger or effect does not count
15:52:01,E,jomini_effect.cpp:1161,markers_read_not_set,Variable 'crown_rhaegar_artifact' is used but is never set. Setting it in an unused scripted trigger or effect does not count
15:52:01,E,jomini_effect.cpp:1161,markers_read_not_set,Variable 'crown_geroldlannister_artifact' is used but is never set. Setting it in an unused scripted trigger or effect does not count
15:52:01,E,jomini_effect.cpp:1161,markers_read_not_set,Variable 'bracken_crown_artifact' is used but is never set. Setting it in an unused scripted trigger or effect does not count
15:52:01,E,jomini_effect.cpp:1161,markers_read_not_set,Variable 'crown_robbstark_artifact' is used but is never set. Setting it in an unused scripted trigger or effect does not count
15:52:01,E,jomini_effect.cpp:1161,markers_read_not_set,Variable 'kingsguard_choice' is used but is never set. Setting it in an unused scripted trigger or effect does not count
15:52:01,E,jomini_effect.cpp:1161,markers_read_not_set,Variable 'crown_of_harrenhall_artifact' is used but is never set. Setting it in an unused scripted trigger or effect does not count
15:52:01,E,jomini_effect.cpp:1161,markers_read_not_set,Variable 'sharra_arryn_crown_artifact' is used but is never set. Setting it in an unused scripted trigger or effect does not count
15:52:01,E,jomini_effect.cpp:1161,markers_read_not_set,Variable 'roland_crown_bandit' is used but is never set. Setting it in an unused scripted trigger or effect does not count
15:52:01,E,jomini_effect.cpp:1161,markers_read_not_set,Variable 'crown_duncandragonfly_artifact' is used but is never set. Setting it in an unused scripted trigger or effect does not count
15:52:01,E,jomini_effect.cpp:1161,markers_read_not_set,Variable 'crown_of_yronwood_artifact' is used but is never set. Setting it in an unused scripted trigger or effect does not count
15:52:01,E,jomini_effect.cpp:1161,markers_read_not_set,Variable 'crown_jonsnowtargaryen_artifact' is used but is never set. Setting it in an unused scripted trigger or effect does not count
15:52:01,E,jomini_effect.cpp:1161,markers_read_not_set,Variable 'massey_crown_artifact' is used but is never set. Setting it in an unused scripted trigger or effect does not count
15:52:01,E,jomini_effect.cpp:1161,markers_read_not_set,Variable 'elaena_crown_black_artifact' is used but is never set. Setting it in an unused scripted trigger or effect does not count
15:52:01,E,jomini_effect.cpp:1161,markers_read_not_set,Variable 'aemma_tiara_generic_artifact' is used but is never set. Setting it in an unused scripted trigger or effect does not count
15:52:01,E,jomini_effect.cpp:1161,markers_read_not_set,Variable 'crown_alicenthightower_artifact' is used but is never set. Setting it in an unused scripted trigger or effect does not count
15:52:01,E,jomini_effect.cpp:1161,markers_read_not_set,Variable 'cersei_tiara_artifact' is used but is never set. Setting it in an unused scripted trigger or effect does not count
15:52:01,E,jomini_effect.cpp:1161,markers_read_not_set,Variable 'crown_of_weirwood_artifact' is used but is never set. Setting it in an unused scripted trigger or effect does not count
15:52:01,E,jomini_effect.cpp:1161,markers_read_not_set,Variable 'crown_daena_artifact' is used but is never set. Setting it in an unused scripted trigger or effect does not count
15:52:01,E,jomini_effect.cpp:1161,markers_read_not_set,Variable 'aereatargaryen_crown_02_artifact' is used but is never set. Setting it in an unused scripted trigger or effect does not count
15:52:01,E,jomini_effect.cpp:1161,markers_read_not_set,Variable 'fab_never_silent_sister' is used but is never set. Setting it in an unused scripted trigger or effect does not count
15:52:01,E,jomini_effect.cpp:1161,markers_read_not_set,Variable 'showrhaenyra_crown_02_artifact' is used but is never set. Setting it in an unused scripted trigger or effect does not count
15:52:01,E,jomini_effect.cpp:1161,markers_read_not_set,Variable 'maegor_brightflame_crown_artifact' is used but is never set. Setting it in an unused scripted trigger or effect does not count
15:52:01,E,jomini_effect.cpp:1161,markers_read_not_set,Variable 'crown_stepstone_artifact' is used but is never set. Setting it in an unused scripted trigger or effect does not count
15:52:01,E,jomini_effect.cpp:1161,markers_read_not_set,Variable 'crown_haegonblackfyre_artifact' is used but is never set. Setting it in an unused scripted trigger or effect does not count
15:52:01,E,jomini_effect.cpp:1161,markers_read_not_set,Variable 'garthgoldhand_crown_artifact' is used but is never set. Setting it in an unused scripted trigger or effect does not count
15:52:01,E,jomini_effect.cpp:1161,markers_read_not_set,Variable 'crown_mors_martell_artifact' is used but is never set. Setting it in an unused scripted trigger or effect does not count
15:52:01,E,jomini_effect.cpp:1161,markers_read_not_set,Variable 'elaena_crown_red_artifact' is used but is never set. Setting it in an unused scripted trigger or effect does not count
15:52:01,E,jomini_effect.cpp:1161,markers_read_not_set,Variable 'crown_brightflame_artifact' is used but is never set. Setting it in an unused scripted trigger or effect does not count
15:52:01,E,jomini_effect.cpp:1161,markers_read_not_set,Variable 'crown_of_the_mountain_and_vale_artifact' is used but is never set. Setting it in an unused scripted trigger or effect does not count
15:52:01,E,jomini_effect.cpp:1161,markers_read_not_set,Variable 'aereatargaryen_crown_01_artifact' is used but is never set. Setting it in an unused scripted trigger or effect does not count
15:52:01,E,jomini_effect.cpp:1161,markers_read_not_set,Variable 'calla_blackfyre_circlet_artifact' is used but is never set. Setting it in an unused scripted trigger or effect does not count
15:52:01,E,jomini_effect.cpp:1161,markers_read_not_set,Variable 'crown_rhaenatargaryen_artifact' is used but is never set. Setting it in an unused scripted trigger or effect does not count
15:52:01,E,jomini_effect.cpp:1161,markers_read_not_set,Variable 'crown_viserys_son_of_aenys_02_artifact' is used but is never set. Setting it in an unused scripted trigger or effect does not count
15:52:01,E,jomini_effect.cpp:1161,markers_read_not_set,Variable 'winterrose_crown_artifact' is used but is never set. Setting it in an unused scripted trigger or effect does not count
15:52:01,E,jomini_effect.cpp:1161,markers_read_not_set,Variable 'crown_of_winter_historic_artifact' is used but is never set. Setting it in an unused scripted trigger or effect does not count
15:52:01,E,jomini_effect.cpp:1161,markers_read_not_set,Variable 'crown_matarys_artifact' is used but is never set. Setting it in an unused scripted trigger or effect does not count
15:52:01,E,jomini_effect.cpp:1161,markers_read_not_set,Variable 'valyrian_crown2_blackfyre_artifact' is used but is never set. Setting it in an unused scripted trigger or effect does not count
15:52:01,E,jomini_effect.cpp:1161,markers_read_not_set,Variable 'westerlands2_crown_historic_artifact' is used but is never set. Setting it in an unused scripted trigger or effect does not count
15:52:01,E,jomini_effect.cpp:1161,markers_read_not_set,Variable 'crown_aegontheuncrowned_artifact' is used but is never set. Setting it in an unused scripted trigger or effect does not count
15:52:01,E,jomini_effect.cpp:1161,markers_read_not_set,Variable 'crown_gardener_war_artifact' is used but is never set. Setting it in an unused scripted trigger or effect does not count
15:52:01,E,jomini_effect.cpp:1161,markers_read_not_set,Variable 'circlet_of_the_seven_artifact' is used but is never set. Setting it in an unused scripted trigger or effect does not count
15:52:01,E,jomini_effect.cpp:1161,markers_read_not_set,Variable 'crown_jacaerysvelaryon_artifact' is used but is never set. Setting it in an unused scripted trigger or effect does not count
15:52:01,E,jomini_effect.cpp:1161,markers_read_not_set,Variable 'app_enabled' is used but is never set. Setting it in an unused scripted trigger or effect does not count
15:52:01,E,jomini_effect.cpp:1161,markers_read_not_set,Variable 'crown_viserys_son_of_aenys_artifact' is used but is never set. Setting it in an unused scripted trigger or effect does not count
15:52:01,E,jomini_effect.cpp:1161,markers_read_not_set,Variable 'showrhaenyra_crown_01_artifact' is used but is never set. Setting it in an unused scripted trigger or effect does not count
15:52:01,E,jomini_effect.cpp:1161,markers_read_not_set,Variable 'crown_laenorvelaryon_artifact' is used but is never set. Setting it in an unused scripted trigger or effect does not count
15:52:01,E,jomini_effect.cpp:1161,markers_read_not_set,Variable 'crown_aliandra_martell_artifact' is used but is never set. Setting it in an unused scripted trigger or effect does not count
15:52:01,E,jomini_effect.cpp:1161,markers_read_not_set,Variable 'cersei_red_tiara_artifact' is used but is never set. Setting it in an unused scripted trigger or effect does not count
15:52:01,E,jomini_effect.cpp:1161,markers_read_not_set,Variable 'circlet_of_stark_artifact' is used but is never set. Setting it in an unused scripted trigger or effect does not count
15:52:01,E,jomini_effect.cpp:1161,markers_read_not_set,Variable 'crown_shieraseastar_artifact' is used but is never set. Setting it in an unused scripted trigger or effect does not count
15:52:01,E,jomini_effect.cpp:1161,markers_read_not_set,Variable 'crown_tyboltthunderbolt_artifact' is used but is never set. Setting it in an unused scripted trigger or effect does not count
15:52:01,E,jomini_effect.cpp:1161,markers_read_not_set,Variable 'bittersteel_crown_artifact' is used but is never set. Setting it in an unused scripted trigger or effect does not count
15:52:01,E,jomini_effect.cpp:1161,markers_read_not_set,Variable 'joffrey_show_crown_artifact' is used but is never set. Setting it in an unused scripted trigger or effect does not count
15:52:01,E,jomini_effect.cpp:1161,markers_read_not_set,Variable 'crown_aemond_artifact' is used but is never set. Setting it in an unused scripted trigger or effect does not count
15:52:01,E,jomini_effect.cpp:1161,markers_read_not_set,Variable 'jaehaera_crown_artifact' is used but is never set. Setting it in an unused scripted trigger or effect does not count
15:52:01,E,jomini_effect.cpp:1161,markers_read_not_set,Variable 'wolfswood_crown_artifact' is used but is never set. Setting it in an unused scripted trigger or effect does not count
15:52:01,E,jomini_effect.cpp:1161,markers_read_not_set,Variable 'seven_dragon_crown_artifact' is used but is never set. Setting it in an unused scripted trigger or effect does not count
15:52:01,E,jomini_effect.cpp:1161,markers_read_not_set,Variable 'aemma_tiara_artifact' is used but is never set. Setting it in an unused scripted trigger or effect does not count
15:52:01,E,jomini_effect.cpp:1161,markers_read_not_set,Variable 'crown_viserysiii_artifact' is used but is never set. Setting it in an unused scripted trigger or effect does not count
15:52:01,E,jomini_effect.cpp:1161,markers_read_not_set,Variable 'myrcella_circlet_artifact' is used but is never set. Setting it in an unused scripted trigger or effect does not count
15:52:01,E,jomini_effect.cpp:1161,markers_read_not_set,Variable 'circlet_of_seastar_artifact' is used but is never set. Setting it in an unused scripted trigger or effect does not count
15:52:01,E,jomini_effect.cpp:1161,markers_read_not_set,Variable 'crown_of_the_golden_tree_artifact' is used but is never set. Setting it in an unused scripted trigger or effect does not count
15:52:01,E,jomini_effect.cpp:1161,markers_read_not_set,Variable 'tgc_enabled' is used but is never set. Setting it in an unused scripted trigger or effect does not count
15:52:01,E,jomini_effect.cpp:1161,markers_read_not_set,Variable 'crown_baelon_artifact' is used but is never set. Setting it in an unused scripted trigger or effect does not count
15:52:01,E,jomini_effect.cpp:1161,markers_read_not_set,Variable 'crown_goldfyre_artifact' is used but is never set. Setting it in an unused scripted trigger or effect does not count
15:52:01,E,jomini_effect.cpp:1161,markers_read_not_set,Variable 'elaena_crown_default_artifact' is used but is never set. Setting it in an unused scripted trigger or effect does not count
15:52:01,E,jomini_effect.cpp:1161,markers_read_not_set,Variable 'crown_of_oldtown_tall_artifact' is used but is never set. Setting it in an unused scripted trigger or effect does not count
15:52:01,E,jomini_effect.cpp:1161,markers_read_not_set,Variable 'crown_of_connington_artifact' is used but is never set. Setting it in an unused scripted trigger or effect does not count
15:52:01,E,jomini_effect.cpp:1161,markers_read_not_set,Variable 'crown_vaegon_artifact' is used but is never set. Setting it in an unused scripted trigger or effect does not count
15:52:01,E,jomini_effect.cpp:1161,markers_read_not_set,Variable 'crown_of_bloodraven_artifact' is used but is never set. Setting it in an unused scripted trigger or effect does not count
15:52:01,E,jomini_effect.cpp:1161,markers_read_not_set,Variable 'showrhaenyra_crown_03_artifact' is used but is never set. Setting it in an unused scripted trigger or effect does not count
15:52:01,E,jomini_effect.cpp:1161,markers_read_not_set,Variable 'crown_gardener_peace_artifact' is used but is never set. Setting it in an unused scripted trigger or effect does not count
15:52:01,E,jomini_effect.cpp:1161,markers_read_not_set,Variable 'aemon_blackfyre_crown_artifact' is used but is never set. Setting it in an unused scripted trigger or effect does not count
15:52:01,E,jomini_effect.cpp:1161,markers_read_not_set,Variable 'duskendale_crown_01_artifact' is used but is never set. Setting it in an unused scripted trigger or effect does not count
15:52:01,E,jomini_effect.cpp:1161,markers_read_not_set,Variable 'crown_rhaenysvelaryon_artifact' is used but is never set. Setting it in an unused scripted trigger or effect does not count
15:52:01,E,jomini_effect.cpp:1161,markers_read_not_set,Variable 'showaegon_crown_01_artifact' is used but is never set. Setting it in an unused scripted trigger or effect does not count
15:52:01,E,jomini_effect.cpp:1161,markers_read_not_set,Variable 'aegon_variant_2_artifact' is used but is never set. Setting it in an unused scripted trigger or effect does not count
15:52:01,E,jomini_effect.cpp:1161,markers_read_not_set,Variable 'crown_alyssavelaryon_artifact' is used but is never set. Setting it in an unused scripted trigger or effect does not count
15:52:01,E,jomini_effect.cpp:1161,markers_read_not_set,Variable 'crown_of_oldtown_artifact' is used but is never set. Setting it in an unused scripted trigger or effect does not count
15:52:01,E,jomini_effect.cpp:1161,markers_read_not_set,Variable 'daenerys_daughterofjaehaerys_crown_artifact' is used but is never set. Setting it in an unused scripted trigger or effect does not count
15:52:01,E,jomini_effect.cpp:1161,markers_read_not_set,Variable 'crown_of_the_iron_throne_artifact' is used but is never set. Setting it in an unused scripted trigger or effect does not count
15:52:01,E,jomini_effect.cpp:1161,markers_read_not_set,Variable 'crown_jonsnow_artifact' is used but is never set. Setting it in an unused scripted trigger or effect does not count
15:52:01,E,jomini_effect.cpp:1161,markers_read_not_set,Variable 'crown_orysbaratheon_generic_artifact' is used but is never set. Setting it in an unused scripted trigger or effect does not count
15:52:01,E,jomini_effect.cpp:1161,markers_read_not_set,Variable 'crown_baelorbreakspear_artifact' is used but is never set. Setting it in an unused scripted trigger or effect does not count
15:52:01,E,jomini_effect.cpp:1161,markers_read_not_set,Variable 'crown_celtigar_artifact' is used but is never set. Setting it in an unused scripted trigger or effect does not count
15:52:01,E,jomini_effect.cpp:1161,markers_read_not_set,Variable 'crown_of_robert_baratheon_artifact' is used but is never set. Setting it in an unused scripted trigger or effect does not count
15:52:01,E,jomini_effect.cpp:1161,markers_read_not_set,Variable 'aegon_variant_4_artifact' is used but is never set. Setting it in an unused scripted trigger or effect does not count
15:52:01,E,jomini_effect.cpp:1161,markers_read_not_set,Variable 'crown_of_renly_baratheon_artifact' is used but is never set. Setting it in an unused scripted trigger or effect does not count
15:52:01,E,jomini_effect.cpp:1161,markers_read_not_set,Variable 'swordman_armor_artifact' is used but is never set. Setting it in an unused scripted trigger or effect does not count
15:52:01,E,jomini_effect.cpp:1161,markers_read_not_set,Variable 'baldric_durrandon_crown_artifact' is used but is never set. Setting it in an unused scripted trigger or effect does not count
15:52:01,E,jomini_effect.cpp:1161,markers_read_not_set,Variable 'crown_hugor_of_the_hill_artifact' is used but is never set. Setting it in an unused scripted trigger or effect does not count
15:52:01,E,jomini_effect.cpp:1161,markers_read_not_set,Variable 'crown_of_sharp_point_artifact' is used but is never set. Setting it in an unused scripted trigger or effect does not count
15:52:01,E,jomini_effect.cpp:1161,markers_read_not_set,Variable 'daeron_the_daring_crown_artifact' is used but is never set. Setting it in an unused scripted trigger or effect does not count
15:52:01,E,jomini_effect.cpp:1161,markers_read_not_set,Variable 'emberrose_crown_artifact' is used but is never set. Setting it in an unused scripted trigger or effect does not count
15:52:01,E,jomini_effect.cpp:1161,markers_read_not_set,Variable 'crown_seawyrm_artifact' is used but is never set. Setting it in an unused scripted trigger or effect does not count
15:52:01,E,jomini_effect.cpp:1161,markers_read_not_set,Variable 'crown_aegonvi_artifact' is used but is never set. Setting it in an unused scripted trigger or effect does not count
15:52:01,E,jomini_effect.cpp:1161,markers_read_not_set,Variable 'aegon_variant_1_artifact' is used but is never set. Setting it in an unused scripted trigger or effect does not count
15:52:01,E,jomini_effect.cpp:1161,markers_read_not_set,Variable 'crown_of_cersei_ruler_artifact' is used but is never set. Setting it in an unused scripted trigger or effect does not count
15:52:01,E,jomini_effect.cpp:1161,markers_read_not_set,Variable 'crown_of_estermont_artifact' is used but is never set. Setting it in an unused scripted trigger or effect does not count
15:52:01,E,jomini_effect.cpp:1161,markers_read_not_set,Variable 'Aotk_enabled' is used but is never set. Setting it in an unused scripted trigger or effect does not count
15:52:01,E,jomini_effect.cpp:1161,markers_read_not_set,Variable 'crown_mariah_martell_artifact' is used but is never set. Setting it in an unused scripted trigger or effect does not count
15:52:01,E,jomini_effect.cpp:1161,markers_read_not_set,Variable 'circlet_bethablackwood_artifact' is used but is never set. Setting it in an unused scripted trigger or effect does not count
15:52:01,E,jomini_effect.cpp:1145,markers_set_not_read,Variable 'fab_infant_aegon_fate_scheduled' is set but is never used. Note that use in localization doesn't count due to technical limitations. Use in unused scripted triggers and effects also does not count
15:52:01,E,jomini_effect.cpp:1145,markers_set_not_read,Variable 'fab_rego_hunt_watch' is set but is never used. Note that use in localization doesn't count due to technical limitations. Use in unused scripted triggers and effects also does not count
15:52:01,E,jomini_effect.cpp:1145,markers_set_not_read,Variable 'DI_artifact_subtype_display' is set but is never used. Note that use in localization doesn't count due to technical limitations. Use in unused scripted triggers and effects also does not count
15:52:01,E,jomini_effect.cpp:1145,markers_set_not_read,Variable 'COWAGOT_is_loaded' is set but is never used. Note that use in localization doesn't count due to technical limitations. Use in unused scripted triggers and effects also does not count
15:52:01,E,jomini_effect.cpp:1145,markers_set_not_read,Variable 'fab_vaegon_sent_to_citadel' is set but is never used. Note that use in localization doesn't count due to technical limitations. Use in unused scripted triggers and effects also does not count
15:52:01,E,jomini_effect.cpp:1145,markers_set_not_read,Variable 'fab_rego_killers_found' is set but is never used. Note that use in localization doesn't count due to technical limitations. Use in unused scripted triggers and effects also does not count
15:52:01,E,jomini_effect.cpp:1145,markers_set_not_read,Variable 'fab_viserra_ride_resolved' is set but is never used. Note that use in localization doesn't count due to technical limitations. Use in unused scripted triggers and effects also does not count
15:52:01,E,jomini_effect.cpp:1145,markers_set_not_read,Variable 'fab_saera_confined' is set but is never used. Note that use in localization doesn't count due to technical limitations. Use in unused scripted triggers and effects also does not count
15:52:01,E,jomini_effect.cpp:1145,markers_set_not_read,Variable 'fab_ourfury_orys_sworn' is set but is never used. Note that use in localization doesn't count due to technical limitations. Use in unused scripted triggers and effects also does not count
15:52:01,E,jomini_effect.cpp:1145,markers_set_not_read,Variable 'fab_ourfury_king_withdrew' is set but is never used. Note that use in localization doesn't count due to technical limitations. Use in unused scripted triggers and effects also does not count
15:52:01,E,jomini_effect.cpp:1145,markers_set_not_read,Variable 'fab_rego_unavenged' is set but is never used. Note that use in localization doesn't count due to technical limitations. Use in unused scripted triggers and effects also does not count
15:52:01,E,jomini_effect.cpp:1145,markers_set_not_read,Variable 'fab_saera_in_lys' is set but is never used. Note that use in localization doesn't count due to technical limitations. Use in unused scripted triggers and effects also does not count
15:52:01,E,jomini_effect.cpp:1145,markers_set_not_read,Variable 'fab_ourfury_orys_seized' is set but is never used. Note that use in localization doesn't count due to technical limitations. Use in unused scripted triggers and effects also does not count
15:52:01,E,jomini_effect.cpp:1145,markers_set_not_read,Variable 'fab_ourfury_reputation_spread' is set but is never used. Note that use in localization doesn't count due to technical limitations. Use in unused scripted triggers and effects also does not count
15:52:01,E,jomini_effect.cpp:1145,markers_set_not_read,Variable 'fab_saera_reconciled_early' is set but is never used. Note that use in localization doesn't count due to technical limitations. Use in unused scripted triggers and effects also does not count
15:52:01,E,jomini_effect.cpp:1145,markers_set_not_read,Variable 'fab_ourfury_rainwood_route' is set but is never used. Note that use in localization doesn't count due to technical limitations. Use in unused scripted triggers and effects also does not count
15:52:01,E,jomini_effect.cpp:1145,markers_set_not_read,Variable 'fab_ourfury_dragonstone_envoy' is set but is never used. Note that use in localization doesn't count due to technical limitations. Use in unused scripted triggers and effects also does not count
15:52:01,E,jomini_effect.cpp:1145,markers_set_not_read,Variable 'DI_artifact_quality_display' is set but is never used. Note that use in localization doesn't count due to technical limitations. Use in unused scripted triggers and effects also does not count
15:52:01,E,jomini_effect.cpp:1145,markers_set_not_read,Variable 'fab_ourfury_argella_wed_orys' is set but is never used. Note that use in localization doesn't count due to technical limitations. Use in unused scripted triggers and effects also does not count
15:52:01,E,jomini_effect.cpp:1145,markers_set_not_read,Variable 'fab_dorne_war_of_knives' is set but is never used. Note that use in localization doesn't count due to technical limitations. Use in unused scripted triggers and effects also does not count
15:52:01,E,jomini_effect.cpp:1145,markers_set_not_read,Variable 'fab_ourfury_marchers_released' is set but is never used. Note that use in localization doesn't count due to technical limitations. Use in unused scripted triggers and effects also does not count
15:52:01,E,jomini_effect.cpp:1145,markers_set_not_read,Variable 'dark_sister_artifact' is set but is never used. Note that use in localization doesn't count due to technical limitations. Use in unused scripted triggers and effects also does not count
15:52:01,E,jomini_effect.cpp:1145,markers_set_not_read,Variable 'fab_baelon_never_remarries' is set but is never used. Note that use in localization doesn't count due to technical limitations. Use in unused scripted triggers and effects also does not count
15:52:01,E,jomini_effect.cpp:1145,markers_set_not_read,Variable 'fab_saera_roy_exiled' is set but is never used. Note that use in localization doesn't count due to technical limitations. Use in unused scripted triggers and effects also does not count
15:52:01,E,jomini_effect.cpp:1145,markers_set_not_read,Variable 'fab_north_slain_dragon' is set but is never used. Note that use in localization doesn't count due to technical limitations. Use in unused scripted triggers and effects also does not count
15:52:01,E,jomini_effect.cpp:1145,markers_set_not_read,Variable 'fab_maegelle_joined_faith' is set but is never used. Note that use in localization doesn't count due to technical limitations. Use in unused scripted triggers and effects also does not count
15:52:01,E,jomini_effect.cpp:1145,markers_set_not_read,Variable 'fab_ourfury_meraxes_slain' is set but is never used. Note that use in localization doesn't count due to technical limitations. Use in unused scripted triggers and effects also does not count
15:52:01,E,jomini_effect.cpp:1145,markers_set_not_read,Variable 'fab_aemon_tarth_refused' is set but is never used. Note that use in localization doesn't count due to technical limitations. Use in unused scripted triggers and effects also does not count
15:52:01,E,jomini_effect.cpp:1145,markers_set_not_read,Variable 'fab_ourfury_orys_sent_home' is set but is never used. Note that use in localization doesn't count due to technical limitations. Use in unused scripted triggers and effects also does not count
15:52:01,E,jomini_effect.cpp:1145,markers_set_not_read,Variable 'fab_ourfury_duel_won' is set but is never used. Note that use in localization doesn't count due to technical limitations. Use in unused scripted triggers and effects also does not count
15:52:01,E,jomini_effect.cpp:1145,markers_set_not_read,Variable 'DI_artifact_category_display' is set but is never used. Note that use in localization doesn't count due to technical limitations. Use in unused scripted triggers and effects also does not count
15:52:01,E,portraitaccessories.cpp:82,accessory_attachment,"No 'node', 'shared_pose_entity', or 'at_root_of_entity' defined for for portrait accessory 'maesteraemon_crown'"
15:52:02,E,portraitaccessories.cpp:82,accessory_attachment,"No 'node', 'shared_pose_entity', or 'at_root_of_entity' defined for for portrait accessory 'maesteraemon_crown'"
15:52:03,E,jomini_eventmanager.cpp:372,other,Event buy_valyrian_mask.0001 is orphaned
15:52:03,E,pdx_assert.cpp:619,other,Assertion failed: Achievements not loaded correctly
15:52:04,E,jomini_effect.cpp:1161,markers_read_not_set,Flag 'agot_ruins_ghoyan_drohe_01' is used but is never set. Setting it in an unused scripted trigger or effect does not count
15:52:04,E,jomini_effect.cpp:1161,markers_read_not_set,Flag 'agot_ruins_home_port_02' is used but is never set. Setting it in an unused scripted trigger or effect does not count
15:52:04,E,jomini_effect.cpp:1161,markers_read_not_set,Flag 'agot_jewel_of_the_qhoyne_01' is used but is never set. Setting it in an unused scripted trigger or effect does not count
15:52:04,E,jomini_effect.cpp:1161,markers_read_not_set,Flag 'agot_ruins_ny_sar_03' is used but is never set. Setting it in an unused scripted trigger or effect does not count
15:52:04,E,jomini_effect.cpp:1161,markers_read_not_set,Flag 'agot_wrecks_of_dagger_lake_01' is used but is never set. Setting it in an unused scripted trigger or effect does not count
15:52:04,E,jomini_effect.cpp:1161,markers_read_not_set,Flag 'broadarch_01' is used but is never set. Setting it in an unused scripted trigger or effect does not count
15:52:04,E,jomini_effect.cpp:1161,markers_read_not_set,Flag 'agot_castamere_02' is used but is never set. Setting it in an unused scripted trigger or effect does not count
15:52:04,E,jomini_effect.cpp:1161,markers_read_not_set,Flag '24castamere_03' is used but is never set. Setting it in an unused scripted trigger or effect does not count
15:52:04,E,jomini_effect.cpp:1161,markers_read_not_set,Flag 'settlement_holding' is used but is never set. Setting it in an unused scripted trigger or effect does not count
15:52:04,E,jomini_effect.cpp:1161,markers_read_not_set,Flag 'agot_lonely_light_03' is used but is never set. Setting it in an unused scripted trigger or effect does not count
15:52:04,E,jomini_effect.cpp:1161,markers_read_not_set,Flag 'agot_tianos_bastion_03' is used but is never set. Setting it in an unused scripted trigger or effect does not count
15:52:04,E,jomini_effect.cpp:1161,markers_read_not_set,Flag 'agot_golden_granary_01' is used but is never set. Setting it in an unused scripted trigger or effect does not count
15:52:04,E,jomini_effect.cpp:1161,markers_read_not_set,Flag 'agot_ruins_temple_of_the_womb_03' is used but is never set. Setting it in an unused scripted trigger or effect does not count
15:52:04,E,jomini_effect.cpp:1161,markers_read_not_set,Flag 'oldstones_restored_final' is used but is never set. Setting it in an unused scripted trigger or effect does not count
15:52:04,E,jomini_effect.cpp:1161,markers_read_not_set,Flag 'deepwood_motte_01' is used but is never set. Setting it in an unused scripted trigger or effect does not count
15:52:04,E,jomini_effect.cpp:1161,markers_read_not_set,Flag 'agot_ruins_gate_of_the_mother_01' is used but is never set. Setting it in an unused scripted trigger or effect does not count
15:52:04,E,jomini_effect.cpp:1161,markers_read_not_set,Flag 'agot_ruins_palace_of_sorrows_02' is used but is never set. Setting it in an unused scripted trigger or effect does not count
15:52:04,E,jomini_effect.cpp:1161,markers_read_not_set,Flag 'ruin_holding' is used but is never set. Setting it in an unused scripted trigger or effect does not count
15:52:04,E,jomini_effect.cpp:1161,markers_read_not_set,Flag 'monastery_holding' is used but is never set. Setting it in an unused scripted trigger or effect does not count
15:52:04,E,jomini_effect.cpp:1161,markers_read_not_set,Flag 'agot_norvos_caves_01' is used but is never set. Setting it in an unused scripted trigger or effect does not count
15:52:04,E,jomini_effect.cpp:1161,markers_read_not_set,Flag 'agot_ruins_fogs_touch_quarter_01' is used but is never set. Setting it in an unused scripted trigger or effect does not count
15:52:04,E,jomini_effect.cpp:1161,markers_read_not_set,Flag 'agot_the_obsidian_gatehouse_01' is used but is never set. Setting it in an unused scripted trigger or effect does not count
15:52:04,E,jomini_effect.cpp:1161,markers_read_not_set,Flag 'agot_ruins_home_port_03' is used but is never set. Setting it in an unused scripted trigger or effect does not count
15:52:04,E,jomini_effect.cpp:1161,markers_read_not_set,Flag 'crag_full' is used but is never set. Setting it in an unused scripted trigger or effect does not count
15:52:04,E,jomini_effect.cpp:1161,markers_read_not_set,Flag 'agot_tianos_bastion_01' is used but is never set. Setting it in an unused scripted trigger or effect does not count
15:52:04,E,jomini_effect.cpp:1161,markers_read_not_set,Flag 'flint_tower_01' is used but is never set. Setting it in an unused scripted trigger or effect does not count
15:52:04,E,jomini_effect.cpp:1161,markers_read_not_set,Flag 'agot_ruins_foreign_port_01' is used but is never set. Setting it in an unused scripted trigger or effect does not count
15:52:04,E,jomini_effect.cpp:1161,markers_read_not_set,Flag 'agot_ruin_agot_dead_goose_tree_01' is used but is never set. Setting it in an unused scripted trigger or effect does not count
15:52:04,E,jomini_effect.cpp:1161,markers_read_not_set,Flag 'agot_castamere_03' is used but is never set. Setting it in an unused scripted trigger or effect does not count
15:52:04,E,jomini_effect.cpp:1161,markers_read_not_set,Flag 'agot_crossroads_market_01' is used but is never set. Setting it in an unused scripted trigger or effect does not count
15:52:04,E,jomini_effect.cpp:1161,markers_read_not_set,Flag 'agot_hall_of_the_streets_01' is used but is never set. Setting it in an unused scripted trigger or effect does not count
15:52:04,E,jomini_effect.cpp:1161,markers_read_not_set,Flag 'agot_goat_fort_01' is used but is never set. Setting it in an unused scripted trigger or effect does not count
15:52:04,E,jomini_effect.cpp:1161,markers_read_not_set,Flag 'agot_ruins_festival_calle_02' is used but is never set. Setting it in an unused scripted trigger or effect does not count
15:52:04,E,jomini_effect.cpp:1161,markers_read_not_set,Flag 'agot_helanah_fort_01' is used but is never set. Setting it in an unused scripted trigger or effect does not count
15:52:04,E,jomini_effect.cpp:1161,markers_read_not_set,Flag 'wilderness_holding' is used but is never set. Setting it in an unused scripted trigger or effect does not count
15:52:04,E,jomini_effect.cpp:1161,markers_read_not_set,Flag 'agot_onyx_palace_01' is used but is never set. Setting it in an unused scripted trigger or effect does not count
15:52:04,E,jomini_effect.cpp:1161,markers_read_not_set,Flag 'agot_ruins_ar_noy_02' is used but is never set. Setting it in an unused scripted trigger or effect does not count
15:52:04,E,jomini_effect.cpp:1161,markers_read_not_set,Flag 'agot_bloody_axe_pass_01' is used but is never set. Setting it in an unused scripted trigger or effect does not count
15:52:04,E,jomini_effect.cpp:1161,markers_read_not_set,Flag 'fanghill_01' is used but is never set. Setting it in an unused scripted trigger or effect does not count
15:52:04,E,jomini_effect.cpp:1161,markers_read_not_set,Flag 'agot_revosghar_01' is used but is never set. Setting it in an unused scripted trigger or effect does not count
15:52:04,E,jomini_effect.cpp:1161,markers_read_not_set,Flag 'agot_grand_slave_markets_of_qohor_01' is used but is never set. Setting it in an unused scripted trigger or effect does not count
15:52:04,E,jomini_effect.cpp:1161,markers_read_not_set,Flag 'agot_ruins_ghoyan_drohe_03' is used but is never set. Setting it in an unused scripted trigger or effect does not count
15:52:04,E,jomini_effect.cpp:1161,markers_read_not_set,Flag 'the_arbor_01' is used but is never set. Setting it in an unused scripted trigger or effect does not count
15:52:04,E,jomini_effect.cpp:1161,markers_read_not_set,Flag 'agot_ruins_bridge_of_dreams_02' is used but is never set. Setting it in an unused scripted trigger or effect does not count
15:52:04,E,jomini_effect.cpp:1161,markers_read_not_set,Flag 'oldstones_old_new' is used but is never set. Setting it in an unused scripted trigger or effect does not count
15:52:04,E,jomini_effect.cpp:1161,markers_read_not_set,Flag 'agot_sinners_steps_01' is used but is never set. Setting it in an unused scripted trigger or effect does not count
15:52:04,E,jomini_effect.cpp:1161,markers_read_not_set,Flag 'agot_ruins_tianos_bastion_03' is used but is never set. Setting it in an unused scripted trigger or effect does not count
15:52:04,E,jomini_effect.cpp:1161,markers_read_not_set,Flag 'unknown_holding' is used but is never set. Setting it in an unused scripted trigger or effect does not count
15:52:04,E,jomini_effect.cpp:1161,markers_read_not_set,Flag 'agot_red_temple_lorath_01' is used but is never set. Setting it in an unused scripted trigger or effect does not count
15:52:04,E,jomini_effect.cpp:1161,markers_read_not_set,Flag 'crag_03' is used but is never set. Setting it in an unused scripted trigger or effect does not count
15:52:04,E,jomini_effect.cpp:1161,markers_read_not_set,Flag 'agot_braided_barracks_01' is used but is never set. Setting it in an unused scripted trigger or effect does not count
15:52:04,E,jomini_effect.cpp:1161,markers_read_not_set,Flag 'agot_ruins_ar_noy_01' is used but is never set. Setting it in an unused scripted trigger or effect does not count
15:52:04,E,jomini_effect.cpp:1161,markers_read_not_set,Flag 'agot_ruins_foreign_port_03' is used but is never set. Setting it in an unused scripted trigger or effect does not count
15:52:04,E,jomini_effect.cpp:1161,markers_read_not_set,Flag 'agot_ruins_ny_sar_01' is used but is never set. Setting it in an unused scripted trigger or effect does not count
15:52:04,E,jomini_effect.cpp:1161,markers_read_not_set,Flag 'agot_ruins_tianos_bastion_05' is used but is never set. Setting it in an unused scripted trigger or effect does not count
15:52:04,E,jomini_effect.cpp:1161,markers_read_not_set,Flag 'agot_sanguine_pyramid_01' is used but is never set. Setting it in an unused scripted trigger or effect does not count
15:52:04,E,jomini_effect.cpp:1161,markers_read_not_set,Flag 'agot_ruins_palace_of_sorrows_04' is used but is never set. Setting it in an unused scripted trigger or effect does not count
15:52:04,E,jomini_effect.cpp:1161,markers_read_not_set,Flag 'cow_duskendale_01' is used but is never set. Setting it in an unused scripted trigger or effect does not count
15:52:04,E,jomini_effect.cpp:1161,markers_read_not_set,Flag 'agot_lonely_light_02' is used but is never set. Setting it in an unused scripted trigger or effect does not count
15:52:04,E,jomini_effect.cpp:1161,markers_read_not_set,Flag 'agot_temple_of_the_piercing_light_01' is used but is never set. Setting it in an unused scripted trigger or effect does not count
15:52:04,E,jomini_effect.cpp:1161,markers_read_not_set,Flag 'agot_barbate_fortress_01' is used but is never set. Setting it in an unused scripted trigger or effect does not count
15:52:04,E,jomini_effect.cpp:1161,markers_read_not_set,Flag 'agot_ebon_ridge_01' is used but is never set. Setting it in an unused scripted trigger or effect does not count
15:52:04,E,jomini_effect.cpp:1161,markers_read_not_set,Flag '24castamere_01' is used but is never set. Setting it in an unused scripted trigger or effect does not count
15:52:04,E,jomini_effect.cpp:1161,markers_read_not_set,Flag 'agot_yaghorsosten_harbor_01' is used but is never set. Setting it in an unused scripted trigger or effect does not count
15:52:04,E,jomini_effect.cpp:1161,markers_read_not_set,Flag 'hornhill_01' is used but is never set. Setting it in an unused scripted trigger or effect does not count
15:52:04,E,jomini_effect.cpp:1161,markers_read_not_set,Flag 'agot_bear_trap_01' is used but is never set. Setting it in an unused scripted trigger or effect does not count
15:52:04,E,jomini_effect.cpp:1161,markers_read_not_set,Flag 'agot_turtle_lake_01' is used but is never set. Setting it in an unused scripted trigger or effect does not count
15:52:04,E,jomini_effect.cpp:1161,markers_read_not_set,Flag 'agot_dorenrashi_01' is used but is never set. Setting it in an unused scripted trigger or effect does not count
15:52:04,E,jomini_effect.cpp:1161,markers_read_not_set,Flag 'agot_ruins_bridge_of_dreams_01' is used but is never set. Setting it in an unused scripted trigger or effect does not count
15:52:04,E,jomini_effect.cpp:1161,markers_read_not_set,Flag 'agot_green_marble_quarries_01' is used but is never set. Setting it in an unused scripted trigger or effect does not count
15:52:04,E,jomini_effect.cpp:1161,markers_read_not_set,Flag 'agot_leviathan_beach_01' is used but is never set. Setting it in an unused scripted trigger or effect does not count
15:52:04,E,jomini_effect.cpp:1161,markers_read_not_set,Flag 'agot_ruins_ny_sar_02' is used but is never set. Setting it in an unused scripted trigger or effect does not count
15:52:04,E,jomini_effect.cpp:1161,markers_read_not_set,Flag 'agot_lonely_light_05' is used but is never set. Setting it in an unused scripted trigger or effect does not count
15:52:04,E,jomini_effect.cpp:1161,markers_read_not_set,Flag 'high_hermitage_01' is used but is never set. Setting it in an unused scripted trigger or effect does not count
15:52:04,E,jomini_effect.cpp:1161,markers_read_not_set,Flag 'agot_tianos_bastion_02' is used but is never set. Setting it in an unused scripted trigger or effect does not count
15:52:04,E,jomini_effect.cpp:1161,markers_read_not_set,Flag 'agot_the_silver_mountain_01' is used but is never set. Setting it in an unused scripted trigger or effect does not count
15:52:04,E,jomini_effect.cpp:1161,markers_read_not_set,Flag 'pirate_den_holding' is used but is never set. Setting it in an unused scripted trigger or effect does not count
15:52:04,E,jomini_effect.cpp:1161,markers_read_not_set,Flag 'agot_lonely_light_04' is used but is never set. Setting it in an unused scripted trigger or effect does not count
15:52:04,E,jomini_effect.cpp:1161,markers_read_not_set,Flag 'agot_low_port_01' is used but is never set. Setting it in an unused scripted trigger or effect does not count
15:52:04,E,jomini_effect.cpp:1161,markers_read_not_set,Flag 'agot_third_eye_refuge_01' is used but is never set. Setting it in an unused scripted trigger or effect does not count
15:52:04,E,jomini_effect.cpp:1161,markers_read_not_set,Flag 'agot_ruins_tianos_bastion_04' is used but is never set. Setting it in an unused scripted trigger or effect does not count
15:52:04,E,jomini_effect.cpp:1161,markers_read_not_set,Flag 'agot_jorreblenon_01' is used but is never set. Setting it in an unused scripted trigger or effect does not count
15:52:04,E,jomini_effect.cpp:1161,markers_read_not_set,Flag 'agot_ruins_gate_of_the_mother_03' is used but is never set. Setting it in an unused scripted trigger or effect does not count
15:52:04,E,jomini_effect.cpp:1161,markers_read_not_set,Flag 'agot_khals_run_01' is used but is never set. Setting it in an unused scripted trigger or effect does not count
15:52:04,E,jomini_effect.cpp:1161,markers_read_not_set,Flag 'crag_01' is used but is never set. Setting it in an unused scripted trigger or effect does not count
15:52:04,E,jomini_effect.cpp:1161,markers_read_not_set,Flag 'agot_ruins_home_port_01' is used but is never set. Setting it in an unused scripted trigger or effect does not count
15:52:04,E,jomini_effect.cpp:1161,markers_read_not_set,Flag 'agot_port_ampnavath_01' is used but is never set. Setting it in an unused scripted trigger or effect does not count
15:52:04,E,jomini_effect.cpp:1161,markers_read_not_set,Flag 'agot_ruins_temple_of_the_womb_01' is used but is never set. Setting it in an unused scripted trigger or effect does not count
15:52:04,E,jomini_effect.cpp:1161,markers_read_not_set,Flag 'agot_hairy_port_01' is used but is never set. Setting it in an unused scripted trigger or effect does not count
15:52:04,E,jomini_effect.cpp:1161,markers_read_not_set,Flag 'agot_ruins_fogs_touch_quarter_03' is used but is never set. Setting it in an unused scripted trigger or effect does not count
15:52:04,E,jomini_effect.cpp:1161,markers_read_not_set,Flag 'palestone_sword_01' is used but is never set. Setting it in an unused scripted trigger or effect does not count
15:52:04,E,jomini_effect.cpp:1161,markers_read_not_set,Flag 'agot_breakwater_01' is used but is never set. Setting it in an unused scripted trigger or effect does not count
15:52:04,E,jomini_effect.cpp:1161,markers_read_not_set,Flag 'ashemark_01' is used but is never set. Setting it in an unused scripted trigger or effect does not count
15:52:04,E,jomini_effect.cpp:1161,markers_read_not_set,Flag 'agot_qohor_digores_01' is used but is never set. Setting it in an unused scripted trigger or effect does not count
15:52:04,E,jomini_effect.cpp:1161,markers_read_not_set,Flag 'agot_ruins_tianos_bastion_01' is used but is never set. Setting it in an unused scripted trigger or effect does not count
15:52:04,E,jomini_effect.cpp:1161,markers_read_not_set,Flag 'agot_smiths_walls_01' is used but is never set. Setting it in an unused scripted trigger or effect does not count
15:52:04,E,jomini_effect.cpp:1161,markers_read_not_set,Flag 'agot_ruins_festival_calle_03' is used but is never set. Setting it in an unused scripted trigger or effect does not count
15:52:04,E,jomini_effect.cpp:1161,markers_read_not_set,Flag 'agot_ruins_festival_calle_01' is used but is never set. Setting it in an unused scripted trigger or effect does not count
15:52:04,E,jomini_effect.cpp:1161,markers_read_not_set,Flag 'agot_meletista_01' is used but is never set. Setting it in an unused scripted trigger or effect does not count
15:52:04,E,jomini_effect.cpp:1161,markers_read_not_set,Flag 'agot_carillon_walls_01' is used but is never set. Setting it in an unused scripted trigger or effect does not count
15:52:04,E,jomini_effect.cpp:1161,markers_read_not_set,Flag 'agot_ruins_fogs_touch_quarter_02' is used but is never set. Setting it in an unused scripted trigger or effect does not count
15:52:04,E,jomini_effect.cpp:1161,markers_read_not_set,Flag 'cow_runestone_01' is used but is never set. Setting it in an unused scripted trigger or effect does not count
15:52:04,E,jomini_effect.cpp:1161,markers_read_not_set,Flag 'agot_vostmont_01' is used but is never set. Setting it in an unused scripted trigger or effect does not count
15:52:04,E,jomini_effect.cpp:1161,markers_read_not_set,Flag 'agot_ruins_ar_noy_03' is used but is never set. Setting it in an unused scripted trigger or effect does not count
15:52:04,E,jomini_effect.cpp:1161,markers_read_not_set,Flag 'agot_ruins_palace_of_sorrows_01' is used but is never set. Setting it in an unused scripted trigger or effect does not count
15:52:04,E,jomini_effect.cpp:1161,markers_read_not_set,Flag 'ironwrath_01' is used but is never set. Setting it in an unused scripted trigger or effect does not count
15:52:04,E,jomini_effect.cpp:1161,markers_read_not_set,Flag 'seagard_01' is used but is never set. Setting it in an unused scripted trigger or effect does not count
15:52:04,E,jomini_effect.cpp:1161,markers_read_not_set,Flag 'agot_forest_of_steel_01' is used but is never set. Setting it in an unused scripted trigger or effect does not count
15:52:04,E,jomini_effect.cpp:1161,markers_read_not_set,Flag 'agot_ruins_ghoyan_drohe_02' is used but is never set. Setting it in an unused scripted trigger or effect does not count
15:52:04,E,jomini_effect.cpp:1161,markers_read_not_set,Flag 'agot_noyne_watch_01' is used but is never set. Setting it in an unused scripted trigger or effect does not count
15:52:04,E,jomini_effect.cpp:1161,markers_read_not_set,Flag 'agot_harvest_hall_01' is used but is never set. Setting it in an unused scripted trigger or effect does not count
15:52:04,E,jomini_effect.cpp:1161,markers_read_not_set,Flag 'agot_the_bower_01' is used but is never set. Setting it in an unused scripted trigger or effect does not count
15:52:04,E,jomini_effect.cpp:1161,markers_read_not_set,Flag 'agot_ruins_gate_of_the_mother_02' is used but is never set. Setting it in an unused scripted trigger or effect does not count
15:52:04,E,jomini_effect.cpp:1161,markers_read_not_set,Flag 'agot_ruins_bridge_of_dreams_03' is used but is never set. Setting it in an unused scripted trigger or effect does not count
15:52:04,E,jomini_effect.cpp:1161,markers_read_not_set,Flag 'agot_fisher_hall_01' is used but is never set. Setting it in an unused scripted trigger or effect does not count
15:52:04,E,jomini_effect.cpp:1161,markers_read_not_set,Flag 'agot_qohor_docks_01' is used but is never set. Setting it in an unused scripted trigger or effect does not count
15:52:04,E,jomini_effect.cpp:1161,markers_read_not_set,Flag 'agot_ruins_tianos_bastion_02' is used but is never set. Setting it in an unused scripted trigger or effect does not count
15:52:04,E,jomini_effect.cpp:1161,markers_read_not_set,Flag 'agot_rivermans_haunt_01' is used but is never set. Setting it in an unused scripted trigger or effect does not count
15:52:04,E,jomini_effect.cpp:1161,markers_read_not_set,Flag 'yronwood_01' is used but is never set. Setting it in an unused scripted trigger or effect does not count
15:52:04,E,jomini_effect.cpp:1161,markers_read_not_set,Flag 'agot_ruins_temple_of_the_womb_02' is used but is never set. Setting it in an unused scripted trigger or effect does not count
15:52:04,E,jomini_effect.cpp:1161,markers_read_not_set,Flag 'planky_town_special' is used but is never set. Setting it in an unused scripted trigger or effect does not count
15:52:04,E,jomini_effect.cpp:1161,markers_read_not_set,Flag 'agot_high_port_01' is used but is never set. Setting it in an unused scripted trigger or effect does not count
15:52:04,E,jomini_effect.cpp:1161,markers_read_not_set,Flag 'agot_brewery_grove_01' is used but is never set. Setting it in an unused scripted trigger or effect does not count
15:52:04,E,jomini_effect.cpp:1161,markers_read_not_set,Flag 'agot_ruins_foreign_port_02' is used but is never set. Setting it in an unused scripted trigger or effect does not count
15:52:04,E,jomini_effect.cpp:1161,markers_read_not_set,Flag 'oldstones_old_final' is used but is never set. Setting it in an unused scripted trigger or effect does not count
15:52:04,E,jomini_effect.cpp:1161,markers_read_not_set,Flag 'crag_02' is used but is never set. Setting it in an unused scripted trigger or effect does not count
15:52:04,E,jomini_effect.cpp:1161,markers_read_not_set,Flag 'agot_the_perch_01' is used but is never set. Setting it in an unused scripted trigger or effect does not count
15:52:04,E,jomini_effect.cpp:1161,markers_read_not_set,Flag 'agot_ruins_palace_of_sorrows_03' is used but is never set. Setting it in an unused scripted trigger or effect does not count
15:52:04,E,jomini_effect.cpp:1161,markers_read_not_set,Flag 'agot_darkwash_watch_01' is used but is never set. Setting it in an unused scripted trigger or effect does not count
15:52:04,E,jomini_effect.cpp:1161,markers_read_not_set,Flag 'agot_whitegrove_01' is used but is never set. Setting it in an unused scripted trigger or effect does not count
15:52:04,E,jomini_effect.cpp:1161,markers_read_not_set,Flag 'agot_the_maw_01' is used but is never set. Setting it in an unused scripted trigger or effect does not count
15:52:04,E,jomini_effect.cpp:1161,markers_read_not_set,Flag '24castamere_02' is used but is never set. Setting it in an unused scripted trigger or effect does not count
15:52:04,E,jomini_effect.cpp:1161,markers_read_not_set,Flag 'agot_ruins_palace_of_sorrows_05' is used but is never set. Setting it in an unused scripted trigger or effect does not count
15:52:04,E,jomini_effect.cpp:1145,markers_set_not_read,Flag 'hold' is set but is never used. Note that use in localization doesn't count due to technical limitations. Use in unused scripted triggers and effects also does not count
15:52:04,E,jomini_effect.cpp:1145,markers_set_not_read,Flag 'shivers' is set but is never used. Note that use in localization doesn't count due to technical limitations. Use in unused scripted triggers and effects also does not count
15:52:04,E,jomini_effect.cpp:1145,markers_set_not_read,Flag 'DI_subtype_throne' is set but is never used. Note that use in localization doesn't count due to technical limitations. Use in unused scripted triggers and effects also does not count
15:52:04,E,jomini_effect.cpp:1145,markers_set_not_read,Flag 'global' is set but is never used. Note that use in localization doesn't count due to technical limitations. Use in unused scripted triggers and effects also does not count
15:52:04,E,jomini_effect.cpp:1145,markers_set_not_read,Flag 'all_found' is set but is never used. Note that use in localization doesn't count due to technical limitations. Use in unused scripted triggers and effects also does not count
15:52:04,E,jomini_effect.cpp:1145,markers_set_not_read,Flag 'pact' is set but is never used. Note that use in localization doesn't count due to technical limitations. Use in unused scripted triggers and effects also does not count
15:52:04,E,jomini_effect.cpp:1161,markers_read_not_set,Variable 'crown_branstark_artifact' is used but is never set. Setting it in an unused scripted trigger or effect does not count
15:52:04,E,jomini_effect.cpp:1161,markers_read_not_set,Variable 'crown_maesteraemon_artifact' is used but is never set. Setting it in an unused scripted trigger or effect does not count
15:52:04,E,jomini_effect.cpp:1161,markers_read_not_set,Variable 'crown_of_sansa_artifact' is used but is never set. Setting it in an unused scripted trigger or effect does not count
15:52:04,E,jomini_effect.cpp:1161,markers_read_not_set,Variable 'crown_showaerys_artifact' is used but is never set. Setting it in an unused scripted trigger or effect does not count
15:52:04,E,jomini_effect.cpp:1161,markers_read_not_set,Variable 'crown_baelorbreakspear_generic_artifact' is used but is never set. Setting it in an unused scripted trigger or effect does not count
15:52:04,E,jomini_effect.cpp:1161,markers_read_not_set,Variable 'crown_of_stone_hedge_artifact' is used but is never set. Setting it in an unused scripted trigger or effect does not count
15:52:04,E,jomini_effect.cpp:1161,markers_read_not_set,Variable 'crown_of_goldengrove_artifact' is used but is never set. Setting it in an unused scripted trigger or effect does not count
15:52:04,E,jomini_effect.cpp:1161,markers_read_not_set,Variable 'stormlands_crown_historic_artifact' is used but is never set. Setting it in an unused scripted trigger or effect does not count
15:52:04,E,jomini_effect.cpp:1161,markers_read_not_set,Variable 'crown_margaerytyrell_artifact' is used but is never set. Setting it in an unused scripted trigger or effect does not count
15:52:04,E,jomini_effect.cpp:1161,markers_read_not_set,Variable 'snowflower_crown_artifact' is used but is never set. Setting it in an unused scripted trigger or effect does not count
15:52:04,E,jomini_effect.cpp:1161,markers_read_not_set,Variable 'roland_arryn_crown_artifact' is used but is never set. Setting it in an unused scripted trigger or effect does not count
15:52:04,E,jomini_effect.cpp:1161,markers_read_not_set,Variable 'crown_lancellannister_artifact' is used but is never set. Setting it in an unused scripted trigger or effect does not count
15:52:04,E,jomini_effect.cpp:1161,markers_read_not_set,Variable 'crown_aegonsonofjaehaerys_artifact' is used but is never set. Setting it in an unused scripted trigger or effect does not count
15:52:04,E,jomini_effect.cpp:1161,markers_read_not_set,Variable 'crown_maelysblackfyre_artifact' is used but is never set. Setting it in an unused scripted trigger or effect does not count
15:52:04,E,jomini_effect.cpp:1161,markers_read_not_set,Variable 'brightboar_enabled' is used but is never set. Setting it in an unused scripted trigger or effect does not count
15:52:04,E,jomini_effect.cpp:1161,markers_read_not_set,Variable 'elaena_crown_red_and_black_artifact' is used but is never set. Setting it in an unused scripted trigger or effect does not count
15:52:04,E,jomini_effect.cpp:1161,markers_read_not_set,Variable 'asoiaf_enabled' is used but is never set. Setting it in an unused scripted trigger or effect does not count
15:52:04,E,jomini_effect.cpp:1161,markers_read_not_set,Variable 'crown_of_the_red_keep_artifact' is used but is never set. Setting it in an unused scripted trigger or effect does not count
15:52:04,E,jomini_effect.cpp:1161,markers_read_not_set,Variable 'crown_daemon_ii_blackfyre_artifact' is used but is never set. Setting it in an unused scripted trigger or effect does not count
15:52:04,E,jomini_effect.cpp:1161,markers_read_not_set,Variable 'westerosi_valyrian_crown2_blackfyre_artifact' is used but is never set. Setting it in an unused scripted trigger or effect does not count
15:52:04,E,jomini_effect.cpp:1161,markers_read_not_set,Variable 'vaellatargaryen_crown_artifact' is used but is never set. Setting it in an unused scripted trigger or effect does not count
15:52:04,E,jomini_effect.cpp:1161,markers_read_not_set,Variable 'crown_valarr_artifact' is used but is never set. Setting it in an unused scripted trigger or effect does not count
15:52:04,E,jomini_effect.cpp:1161,markers_read_not_set,Variable 'winterwing_crown_artifact' is used but is never set. Setting it in an unused scripted trigger or effect does not count
15:52:04,E,jomini_effect.cpp:1161,markers_read_not_set,Variable 'garlandgardener_crown_artifact' is used but is never set. Setting it in an unused scripted trigger or effect does not count
15:52:04,E,jomini_effect.cpp:1161,markers_read_not_set,Variable 'mockingbird_circlet_artifact' is used but is never set. Setting it in an unused scripted trigger or effect does not count
15:52:04,E,jomini_effect.cpp:1161,markers_read_not_set,Variable 'reindeer_crown_artifact' is used but is never set. Setting it in an unused scripted trigger or effect does not count
15:52:04,E,jomini_effect.cpp:1161,markers_read_not_set,Variable 'falcon_crown_historic_artifact' is used but is never set. Setting it in an unused scripted trigger or effect does not count
15:52:04,E,jomini_effect.cpp:1161,markers_read_not_set,Variable 'valyrian_crown2_targaryen_artifact' is used but is never set. Setting it in an unused scripted trigger or effect does not count
15:52:04,E,jomini_effect.cpp:1161,markers_read_not_set,Variable 'crown_aenysblackfyre_artifact' is used but is never set. Setting it in an unused scripted trigger or effect does not count
15:52:04,E,jomini_effect.cpp:1161,markers_read_not_set,Variable 'crown_of_jon_north_artifact' is used but is never set. Setting it in an unused scripted trigger or effect does not count
15:52:04,E,jomini_effect.cpp:1161,markers_read_not_set,Variable 'jaehaerys_valyrian_variant_artifact' is used but is never set. Setting it in an unused scripted trigger or effect does not count
15:52:04,E,jomini_effect.cpp:1161,markers_read_not_set,Variable 'argella_crown_artifact' is used but is never set. Setting it in an unused scripted trigger or effect does not count
15:52:04,E,jomini_effect.cpp:1161,markers_read_not_set,Variable 'jaehaerys_variant_2_artifact' is used but is never set. Setting it in an unused scripted trigger or effect does not count
15:52:04,E,jomini_effect.cpp:1161,markers_read_not_set,Variable 'crown_aemonsonofjaehaerys_artifact' is used but is never set. Setting it in an unused scripted trigger or effect does not count
15:52:04,E,jomini_effect.cpp:1161,markers_read_not_set,Variable 'crown_orysbaratheon_artifact' is used but is never set. Setting it in an unused scripted trigger or effect does not count
15:52:04,E,jomini_effect.cpp:1161,markers_read_not_set,Variable 'crown_of_jon_icefire_artifact' is used but is never set. Setting it in an unused scripted trigger or effect does not count
15:52:04,E,jomini_effect.cpp:1161,markers_read_not_set,Variable 'aegon_variant_3_artifact' is used but is never set. Setting it in an unused scripted trigger or effect does not count
15:52:04,E,jomini_effect.cpp:1161,markers_read_not_set,Variable 'crown_greenpyre_artifact' is used but is never set. Setting it in an unused scripted trigger or effect does not count
15:52:04,E,jomini_effect.cpp:1161,markers_read_not_set,Variable 'jaehaerys_variant_1_artifact' is used but is never set. Setting it in an unused scripted trigger or effect does not count
15:52:04,E,jomini_effect.cpp:1161,markers_read_not_set,Variable 'crown_aegonblackfyre_artifact' is used but is never set. Setting it in an unused scripted trigger or effect does not count
15:52:04,E,jomini_effect.cpp:1161,markers_read_not_set,Variable 'captains_sword' is used but is never set. Setting it in an unused scripted trigger or effect does not count
15:52:04,E,jomini_effect.cpp:1161,markers_read_not_set,Variable 'showaegon_crown_02_artifact' is used but is never set. Setting it in an unused scripted trigger or effect does not count
15:52:04,E,jomini_effect.cpp:1161,markers_read_not_set,Variable 'crown_of_the_grey_king_artifact' is used but is never set. Setting it in an unused scripted trigger or effect does not count
15:52:04,E,jomini_effect.cpp:1161,markers_read_not_set,Variable 'Crowns_westeros_enabled' is used but is never set. Setting it in an unused scripted trigger or effect does not count
15:52:04,E,jomini_effect.cpp:1161,markers_read_not_set,Variable 'crown_rhaegar_artifact' is used but is never set. Setting it in an unused scripted trigger or effect does not count
15:52:04,E,jomini_effect.cpp:1161,markers_read_not_set,Variable 'crown_geroldlannister_artifact' is used but is never set. Setting it in an unused scripted trigger or effect does not count
15:52:04,E,jomini_effect.cpp:1161,markers_read_not_set,Variable 'bracken_crown_artifact' is used but is never set. Setting it in an unused scripted trigger or effect does not count
15:52:04,E,jomini_effect.cpp:1161,markers_read_not_set,Variable 'crown_robbstark_artifact' is used but is never set. Setting it in an unused scripted trigger or effect does not count
15:52:04,E,jomini_effect.cpp:1161,markers_read_not_set,Variable 'kingsguard_choice' is used but is never set. Setting it in an unused scripted trigger or effect does not count
15:52:04,E,jomini_effect.cpp:1161,markers_read_not_set,Variable 'crown_of_harrenhall_artifact' is used but is never set. Setting it in an unused scripted trigger or effect does not count
15:52:04,E,jomini_effect.cpp:1161,markers_read_not_set,Variable 'sharra_arryn_crown_artifact' is used but is never set. Setting it in an unused scripted trigger or effect does not count
15:52:04,E,jomini_effect.cpp:1161,markers_read_not_set,Variable 'roland_crown_bandit' is used but is never set. Setting it in an unused scripted trigger or effect does not count
15:52:04,E,jomini_effect.cpp:1161,markers_read_not_set,Variable 'crown_duncandragonfly_artifact' is used but is never set. Setting it in an unused scripted trigger or effect does not count
15:52:04,E,jomini_effect.cpp:1161,markers_read_not_set,Variable 'crown_of_yronwood_artifact' is used but is never set. Setting it in an unused scripted trigger or effect does not count
15:52:04,E,jomini_effect.cpp:1161,markers_read_not_set,Variable 'crown_jonsnowtargaryen_artifact' is used but is never set. Setting it in an unused scripted trigger or effect does not count
15:52:04,E,jomini_effect.cpp:1161,markers_read_not_set,Variable 'massey_crown_artifact' is used but is never set. Setting it in an unused scripted trigger or effect does not count
15:52:04,E,jomini_effect.cpp:1161,markers_read_not_set,Variable 'elaena_crown_black_artifact' is used but is never set. Setting it in an unused scripted trigger or effect does not count
15:52:04,E,jomini_effect.cpp:1161,markers_read_not_set,Variable 'aemma_tiara_generic_artifact' is used but is never set. Setting it in an unused scripted trigger or effect does not count
15:52:04,E,jomini_effect.cpp:1161,markers_read_not_set,Variable 'crown_alicenthightower_artifact' is used but is never set. Setting it in an unused scripted trigger or effect does not count
15:52:04,E,jomini_effect.cpp:1161,markers_read_not_set,Variable 'cersei_tiara_artifact' is used but is never set. Setting it in an unused scripted trigger or effect does not count
15:52:04,E,jomini_effect.cpp:1161,markers_read_not_set,Variable 'crown_of_weirwood_artifact' is used but is never set. Setting it in an unused scripted trigger or effect does not count
15:52:04,E,jomini_effect.cpp:1161,markers_read_not_set,Variable 'crown_daena_artifact' is used but is never set. Setting it in an unused scripted trigger or effect does not count
15:52:04,E,jomini_effect.cpp:1161,markers_read_not_set,Variable 'aereatargaryen_crown_02_artifact' is used but is never set. Setting it in an unused scripted trigger or effect does not count
15:52:04,E,jomini_effect.cpp:1161,markers_read_not_set,Variable 'fab_never_silent_sister' is used but is never set. Setting it in an unused scripted trigger or effect does not count
15:52:04,E,jomini_effect.cpp:1161,markers_read_not_set,Variable 'showrhaenyra_crown_02_artifact' is used but is never set. Setting it in an unused scripted trigger or effect does not count
15:52:04,E,jomini_effect.cpp:1161,markers_read_not_set,Variable 'maegor_brightflame_crown_artifact' is used but is never set. Setting it in an unused scripted trigger or effect does not count
15:52:04,E,jomini_effect.cpp:1161,markers_read_not_set,Variable 'crown_stepstone_artifact' is used but is never set. Setting it in an unused scripted trigger or effect does not count
15:52:04,E,jomini_effect.cpp:1161,markers_read_not_set,Variable 'crown_haegonblackfyre_artifact' is used but is never set. Setting it in an unused scripted trigger or effect does not count
15:52:04,E,jomini_effect.cpp:1161,markers_read_not_set,Variable 'garthgoldhand_crown_artifact' is used but is never set. Setting it in an unused scripted trigger or effect does not count
15:52:04,E,jomini_effect.cpp:1161,markers_read_not_set,Variable 'crown_mors_martell_artifact' is used but is never set. Setting it in an unused scripted trigger or effect does not count
15:52:04,E,jomini_effect.cpp:1161,markers_read_not_set,Variable 'elaena_crown_red_artifact' is used but is never set. Setting it in an unused scripted trigger or effect does not count
15:52:04,E,jomini_effect.cpp:1161,markers_read_not_set,Variable 'crown_brightflame_artifact' is used but is never set. Setting it in an unused scripted trigger or effect does not count
15:52:04,E,jomini_effect.cpp:1161,markers_read_not_set,Variable 'crown_of_the_mountain_and_vale_artifact' is used but is never set. Setting it in an unused scripted trigger or effect does not count
15:52:04,E,jomini_effect.cpp:1161,markers_read_not_set,Variable 'aereatargaryen_crown_01_artifact' is used but is never set. Setting it in an unused scripted trigger or effect does not count
15:52:04,E,jomini_effect.cpp:1161,markers_read_not_set,Variable 'calla_blackfyre_circlet_artifact' is used but is never set. Setting it in an unused scripted trigger or effect does not count
15:52:04,E,jomini_effect.cpp:1161,markers_read_not_set,Variable 'crown_rhaenatargaryen_artifact' is used but is never set. Setting it in an unused scripted trigger or effect does not count
15:52:04,E,jomini_effect.cpp:1161,markers_read_not_set,Variable 'crown_viserys_son_of_aenys_02_artifact' is used but is never set. Setting it in an unused scripted trigger or effect does not count
15:52:04,E,jomini_effect.cpp:1161,markers_read_not_set,Variable 'winterrose_crown_artifact' is used but is never set. Setting it in an unused scripted trigger or effect does not count
15:52:04,E,jomini_effect.cpp:1161,markers_read_not_set,Variable 'crown_of_winter_historic_artifact' is used but is never set. Setting it in an unused scripted trigger or effect does not count
15:52:04,E,jomini_effect.cpp:1161,markers_read_not_set,Variable 'crown_matarys_artifact' is used but is never set. Setting it in an unused scripted trigger or effect does not count
15:52:04,E,jomini_effect.cpp:1161,markers_read_not_set,Variable 'valyrian_crown2_blackfyre_artifact' is used but is never set. Setting it in an unused scripted trigger or effect does not count
15:52:04,E,jomini_effect.cpp:1161,markers_read_not_set,Variable 'westerlands2_crown_historic_artifact' is used but is never set. Setting it in an unused scripted trigger or effect does not count
15:52:04,E,jomini_effect.cpp:1161,markers_read_not_set,Variable 'crown_aegontheuncrowned_artifact' is used but is never set. Setting it in an unused scripted trigger or effect does not count
15:52:04,E,jomini_effect.cpp:1161,markers_read_not_set,Variable 'crown_gardener_war_artifact' is used but is never set. Setting it in an unused scripted trigger or effect does not count
15:52:04,E,jomini_effect.cpp:1161,markers_read_not_set,Variable 'circlet_of_the_seven_artifact' is used but is never set. Setting it in an unused scripted trigger or effect does not count
15:52:04,E,jomini_effect.cpp:1161,markers_read_not_set,Variable 'crown_jacaerysvelaryon_artifact' is used but is never set. Setting it in an unused scripted trigger or effect does not count
15:52:04,E,jomini_effect.cpp:1161,markers_read_not_set,Variable 'app_enabled' is used but is never set. Setting it in an unused scripted trigger or effect does not count
15:52:04,E,jomini_effect.cpp:1161,markers_read_not_set,Variable 'crown_viserys_son_of_aenys_artifact' is used but is never set. Setting it in an unused scripted trigger or effect does not count
15:52:04,E,jomini_effect.cpp:1161,markers_read_not_set,Variable 'showrhaenyra_crown_01_artifact' is used but is never set. Setting it in an unused scripted trigger or effect does not count
15:52:04,E,jomini_effect.cpp:1161,markers_read_not_set,Variable 'crown_laenorvelaryon_artifact' is used but is never set. Setting it in an unused scripted trigger or effect does not count
15:52:04,E,jomini_effect.cpp:1161,markers_read_not_set,Variable 'crown_aliandra_martell_artifact' is used but is never set. Setting it in an unused scripted trigger or effect does not count
15:52:04,E,jomini_effect.cpp:1161,markers_read_not_set,Variable 'cersei_red_tiara_artifact' is used but is never set. Setting it in an unused scripted trigger or effect does not count
15:52:04,E,jomini_effect.cpp:1161,markers_read_not_set,Variable 'circlet_of_stark_artifact' is used but is never set. Setting it in an unused scripted trigger or effect does not count
15:52:04,E,jomini_effect.cpp:1161,markers_read_not_set,Variable 'crown_shieraseastar_artifact' is used but is never set. Setting it in an unused scripted trigger or effect does not count
15:52:04,E,jomini_effect.cpp:1161,markers_read_not_set,Variable 'crown_tyboltthunderbolt_artifact' is used but is never set. Setting it in an unused scripted trigger or effect does not count
15:52:04,E,jomini_effect.cpp:1161,markers_read_not_set,Variable 'bittersteel_crown_artifact' is used but is never set. Setting it in an unused scripted trigger or effect does not count
15:52:04,E,jomini_effect.cpp:1161,markers_read_not_set,Variable 'joffrey_show_crown_artifact' is used but is never set. Setting it in an unused scripted trigger or effect does not count
15:52:04,E,jomini_effect.cpp:1161,markers_read_not_set,Variable 'crown_aemond_artifact' is used but is never set. Setting it in an unused scripted trigger or effect does not count
15:52:04,E,jomini_effect.cpp:1161,markers_read_not_set,Variable 'jaehaera_crown_artifact' is used but is never set. Setting it in an unused scripted trigger or effect does not count
15:52:04,E,jomini_effect.cpp:1161,markers_read_not_set,Variable 'wolfswood_crown_artifact' is used but is never set. Setting it in an unused scripted trigger or effect does not count
15:52:04,E,jomini_effect.cpp:1161,markers_read_not_set,Variable 'seven_dragon_crown_artifact' is used but is never set. Setting it in an unused scripted trigger or effect does not count
15:52:04,E,jomini_effect.cpp:1161,markers_read_not_set,Variable 'aemma_tiara_artifact' is used but is never set. Setting it in an unused scripted trigger or effect does not count
15:52:04,E,jomini_effect.cpp:1161,markers_read_not_set,Variable 'crown_viserysiii_artifact' is used but is never set. Setting it in an unused scripted trigger or effect does not count
15:52:04,E,jomini_effect.cpp:1161,markers_read_not_set,Variable 'myrcella_circlet_artifact' is used but is never set. Setting it in an unused scripted trigger or effect does not count
15:52:04,E,jomini_effect.cpp:1161,markers_read_not_set,Variable 'circlet_of_seastar_artifact' is used but is never set. Setting it in an unused scripted trigger or effect does not count
15:52:04,E,jomini_effect.cpp:1161,markers_read_not_set,Variable 'crown_of_the_golden_tree_artifact' is used but is never set. Setting it in an unused scripted trigger or effect does not count
15:52:04,E,jomini_effect.cpp:1161,markers_read_not_set,Variable 'tgc_enabled' is used but is never set. Setting it in an unused scripted trigger or effect does not count
15:52:04,E,jomini_effect.cpp:1161,markers_read_not_set,Variable 'crown_baelon_artifact' is used but is never set. Setting it in an unused scripted trigger or effect does not count
15:52:04,E,jomini_effect.cpp:1161,markers_read_not_set,Variable 'crown_goldfyre_artifact' is used but is never set. Setting it in an unused scripted trigger or effect does not count
15:52:04,E,jomini_effect.cpp:1161,markers_read_not_set,Variable 'elaena_crown_default_artifact' is used but is never set. Setting it in an unused scripted trigger or effect does not count
15:52:04,E,jomini_effect.cpp:1161,markers_read_not_set,Variable 'crown_of_oldtown_tall_artifact' is used but is never set. Setting it in an unused scripted trigger or effect does not count
15:52:04,E,jomini_effect.cpp:1161,markers_read_not_set,Variable 'crown_of_connington_artifact' is used but is never set. Setting it in an unused scripted trigger or effect does not count
15:52:04,E,jomini_effect.cpp:1161,markers_read_not_set,Variable 'crown_vaegon_artifact' is used but is never set. Setting it in an unused scripted trigger or effect does not count
15:52:04,E,jomini_effect.cpp:1161,markers_read_not_set,Variable 'crown_of_bloodraven_artifact' is used but is never set. Setting it in an unused scripted trigger or effect does not count
15:52:04,E,jomini_effect.cpp:1161,markers_read_not_set,Variable 'showrhaenyra_crown_03_artifact' is used but is never set. Setting it in an unused scripted trigger or effect does not count
15:52:04,E,jomini_effect.cpp:1161,markers_read_not_set,Variable 'crown_gardener_peace_artifact' is used but is never set. Setting it in an unused scripted trigger or effect does not count
15:52:04,E,jomini_effect.cpp:1161,markers_read_not_set,Variable 'aemon_blackfyre_crown_artifact' is used but is never set. Setting it in an unused scripted trigger or effect does not count
15:52:04,E,jomini_effect.cpp:1161,markers_read_not_set,Variable 'duskendale_crown_01_artifact' is used but is never set. Setting it in an unused scripted trigger or effect does not count
15:52:04,E,jomini_effect.cpp:1161,markers_read_not_set,Variable 'crown_rhaenysvelaryon_artifact' is used but is never set. Setting it in an unused scripted trigger or effect does not count
15:52:04,E,jomini_effect.cpp:1161,markers_read_not_set,Variable 'showaegon_crown_01_artifact' is used but is never set. Setting it in an unused scripted trigger or effect does not count
15:52:04,E,jomini_effect.cpp:1161,markers_read_not_set,Variable 'aegon_variant_2_artifact' is used but is never set. Setting it in an unused scripted trigger or effect does not count
15:52:04,E,jomini_effect.cpp:1161,markers_read_not_set,Variable 'crown_alyssavelaryon_artifact' is used but is never set. Setting it in an unused scripted trigger or effect does not count
15:52:04,E,jomini_effect.cpp:1161,markers_read_not_set,Variable 'crown_of_oldtown_artifact' is used but is never set. Setting it in an unused scripted trigger or effect does not count
15:52:04,E,jomini_effect.cpp:1161,markers_read_not_set,Variable 'daenerys_daughterofjaehaerys_crown_artifact' is used but is never set. Setting it in an unused scripted trigger or effect does not count
15:52:04,E,jomini_effect.cpp:1161,markers_read_not_set,Variable 'crown_of_the_iron_throne_artifact' is used but is never set. Setting it in an unused scripted trigger or effect does not count
15:52:04,E,jomini_effect.cpp:1161,markers_read_not_set,Variable 'crown_jonsnow_artifact' is used but is never set. Setting it in an unused scripted trigger or effect does not count
15:52:04,E,jomini_effect.cpp:1161,markers_read_not_set,Variable 'crown_orysbaratheon_generic_artifact' is used but is never set. Setting it in an unused scripted trigger or effect does not count
15:52:04,E,jomini_effect.cpp:1161,markers_read_not_set,Variable 'crown_baelorbreakspear_artifact' is used but is never set. Setting it in an unused scripted trigger or effect does not count
15:52:04,E,jomini_effect.cpp:1161,markers_read_not_set,Variable 'crown_celtigar_artifact' is used but is never set. Setting it in an unused scripted trigger or effect does not count
15:52:04,E,jomini_effect.cpp:1161,markers_read_not_set,Variable 'crown_of_robert_baratheon_artifact' is used but is never set. Setting it in an unused scripted trigger or effect does not count
15:52:04,E,jomini_effect.cpp:1161,markers_read_not_set,Variable 'aegon_variant_4_artifact' is used but is never set. Setting it in an unused scripted trigger or effect does not count
15:52:04,E,jomini_effect.cpp:1161,markers_read_not_set,Variable 'crown_of_renly_baratheon_artifact' is used but is never set. Setting it in an unused scripted trigger or effect does not count
15:52:04,E,jomini_effect.cpp:1161,markers_read_not_set,Variable 'swordman_armor_artifact' is used but is never set. Setting it in an unused scripted trigger or effect does not count
15:52:04,E,jomini_effect.cpp:1161,markers_read_not_set,Variable 'baldric_durrandon_crown_artifact' is used but is never set. Setting it in an unused scripted trigger or effect does not count
15:52:04,E,jomini_effect.cpp:1161,markers_read_not_set,Variable 'crown_hugor_of_the_hill_artifact' is used but is never set. Setting it in an unused scripted trigger or effect does not count
15:52:04,E,jomini_effect.cpp:1161,markers_read_not_set,Variable 'crown_of_sharp_point_artifact' is used but is never set. Setting it in an unused scripted trigger or effect does not count
15:52:04,E,jomini_effect.cpp:1161,markers_read_not_set,Variable 'daeron_the_daring_crown_artifact' is used but is never set. Setting it in an unused scripted trigger or effect does not count
15:52:04,E,jomini_effect.cpp:1161,markers_read_not_set,Variable 'emberrose_crown_artifact' is used but is never set. Setting it in an unused scripted trigger or effect does not count
15:52:04,E,jomini_effect.cpp:1161,markers_read_not_set,Variable 'crown_seawyrm_artifact' is used but is never set. Setting it in an unused scripted trigger or effect does not count
15:52:04,E,jomini_effect.cpp:1161,markers_read_not_set,Variable 'crown_aegonvi_artifact' is used but is never set. Setting it in an unused scripted trigger or effect does not count
15:52:04,E,jomini_effect.cpp:1161,markers_read_not_set,Variable 'aegon_variant_1_artifact' is used but is never set. Setting it in an unused scripted trigger or effect does not count
15:52:04,E,jomini_effect.cpp:1161,markers_read_not_set,Variable 'crown_of_cersei_ruler_artifact' is used but is never set. Setting it in an unused scripted trigger or effect does not count
15:52:04,E,jomini_effect.cpp:1161,markers_read_not_set,Variable 'crown_of_estermont_artifact' is used but is never set. Setting it in an unused scripted trigger or effect does not count
15:52:04,E,jomini_effect.cpp:1161,markers_read_not_set,Variable 'Aotk_enabled' is used but is never set. Setting it in an unused scripted trigger or effect does not count
15:52:04,E,jomini_effect.cpp:1161,markers_read_not_set,Variable 'crown_mariah_martell_artifact' is used but is never set. Setting it in an unused scripted trigger or effect does not count
15:52:04,E,jomini_effect.cpp:1161,markers_read_not_set,Variable 'circlet_bethablackwood_artifact' is used but is never set. Setting it in an unused scripted trigger or effect does not count
15:52:04,E,jomini_effect.cpp:1145,markers_set_not_read,Variable 'fab_infant_aegon_fate_scheduled' is set but is never used. Note that use in localization doesn't count due to technical limitations. Use in unused scripted triggers and effects also does not count
15:52:04,E,jomini_effect.cpp:1145,markers_set_not_read,Variable 'fab_rego_hunt_watch' is set but is never used. Note that use in localization doesn't count due to technical limitations. Use in unused scripted triggers and effects also does not count
15:52:04,E,jomini_effect.cpp:1145,markers_set_not_read,Variable 'DI_artifact_subtype_display' is set but is never used. Note that use in localization doesn't count due to technical limitations. Use in unused scripted triggers and effects also does not count
15:52:04,E,jomini_effect.cpp:1145,markers_set_not_read,Variable 'COWAGOT_is_loaded' is set but is never used. Note that use in localization doesn't count due to technical limitations. Use in unused scripted triggers and effects also does not count
15:52:04,E,jomini_effect.cpp:1145,markers_set_not_read,Variable 'fab_vaegon_sent_to_citadel' is set but is never used. Note that use in localization doesn't count due to technical limitations. Use in unused scripted triggers and effects also does not count
15:52:04,E,jomini_effect.cpp:1145,markers_set_not_read,Variable 'fab_rego_killers_found' is set but is never used. Note that use in localization doesn't count due to technical limitations. Use in unused scripted triggers and effects also does not count
15:52:04,E,jomini_effect.cpp:1145,markers_set_not_read,Variable 'fab_viserra_ride_resolved' is set but is never used. Note that use in localization doesn't count due to technical limitations. Use in unused scripted triggers and effects also does not count
15:52:04,E,jomini_effect.cpp:1145,markers_set_not_read,Variable 'fab_saera_confined' is set but is never used. Note that use in localization doesn't count due to technical limitations. Use in unused scripted triggers and effects also does not count
15:52:04,E,jomini_effect.cpp:1145,markers_set_not_read,Variable 'fab_ourfury_orys_sworn' is set but is never used. Note that use in localization doesn't count due to technical limitations. Use in unused scripted triggers and effects also does not count
15:52:04,E,jomini_effect.cpp:1145,markers_set_not_read,Variable 'fab_ourfury_king_withdrew' is set but is never used. Note that use in localization doesn't count due to technical limitations. Use in unused scripted triggers and effects also does not count
15:52:04,E,jomini_effect.cpp:1145,markers_set_not_read,Variable 'fab_rego_unavenged' is set but is never used. Note that use in localization doesn't count due to technical limitations. Use in unused scripted triggers and effects also does not count
15:52:04,E,jomini_effect.cpp:1145,markers_set_not_read,Variable 'fab_saera_in_lys' is set but is never used. Note that use in localization doesn't count due to technical limitations. Use in unused scripted triggers and effects also does not count
15:52:04,E,jomini_effect.cpp:1145,markers_set_not_read,Variable 'fab_ourfury_orys_seized' is set but is never used. Note that use in localization doesn't count due to technical limitations. Use in unused scripted triggers and effects also does not count
15:52:04,E,jomini_effect.cpp:1145,markers_set_not_read,Variable 'fab_ourfury_reputation_spread' is set but is never used. Note that use in localization doesn't count due to technical limitations. Use in unused scripted triggers and effects also does not count
15:52:04,E,jomini_effect.cpp:1145,markers_set_not_read,Variable 'fab_saera_reconciled_early' is set but is never used. Note that use in localization doesn't count due to technical limitations. Use in unused scripted triggers and effects also does not count
15:52:04,E,jomini_effect.cpp:1145,markers_set_not_read,Variable 'fab_ourfury_rainwood_route' is set but is never used. Note that use in localization doesn't count due to technical limitations. Use in unused scripted triggers and effects also does not count
15:52:04,E,jomini_effect.cpp:1145,markers_set_not_read,Variable 'fab_ourfury_dragonstone_envoy' is set but is never used. Note that use in localization doesn't count due to technical limitations. Use in unused scripted triggers and effects also does not count
15:52:04,E,jomini_effect.cpp:1145,markers_set_not_read,Variable 'DI_artifact_quality_display' is set but is never used. Note that use in localization doesn't count due to technical limitations. Use in unused scripted triggers and effects also does not count
15:52:04,E,jomini_effect.cpp:1145,markers_set_not_read,Variable 'fab_ourfury_argella_wed_orys' is set but is never used. Note that use in localization doesn't count due to technical limitations. Use in unused scripted triggers and effects also does not count
15:52:04,E,jomini_effect.cpp:1145,markers_set_not_read,Variable 'fab_dorne_war_of_knives' is set but is never used. Note that use in localization doesn't count due to technical limitations. Use in unused scripted triggers and effects also does not count
15:52:04,E,jomini_effect.cpp:1145,markers_set_not_read,Variable 'fab_ourfury_marchers_released' is set but is never used. Note that use in localization doesn't count due to technical limitations. Use in unused scripted triggers and effects also does not count
15:52:04,E,jomini_effect.cpp:1145,markers_set_not_read,Variable 'dark_sister_artifact' is set but is never used. Note that use in localization doesn't count due to technical limitations. Use in unused scripted triggers and effects also does not count
15:52:04,E,jomini_effect.cpp:1145,markers_set_not_read,Variable 'fab_baelon_never_remarries' is set but is never used. Note that use in localization doesn't count due to technical limitations. Use in unused scripted triggers and effects also does not count
15:52:04,E,jomini_effect.cpp:1145,markers_set_not_read,Variable 'fab_saera_roy_exiled' is set but is never used. Note that use in localization doesn't count due to technical limitations. Use in unused scripted triggers and effects also does not count
15:52:04,E,jomini_effect.cpp:1145,markers_set_not_read,Variable 'fab_north_slain_dragon' is set but is never used. Note that use in localization doesn't count due to technical limitations. Use in unused scripted triggers and effects also does not count
15:52:04,E,jomini_effect.cpp:1145,markers_set_not_read,Variable 'fab_maegelle_joined_faith' is set but is never used. Note that use in localization doesn't count due to technical limitations. Use in unused scripted triggers and effects also does not count
15:52:04,E,jomini_effect.cpp:1145,markers_set_not_read,Variable 'fab_ourfury_meraxes_slain' is set but is never used. Note that use in localization doesn't count due to technical limitations. Use in unused scripted triggers and effects also does not count
15:52:04,E,jomini_effect.cpp:1145,markers_set_not_read,Variable 'fab_aemon_tarth_refused' is set but is never used. Note that use in localization doesn't count due to technical limitations. Use in unused scripted triggers and effects also does not count
15:52:04,E,jomini_effect.cpp:1145,markers_set_not_read,Variable 'fab_ourfury_orys_sent_home' is set but is never used. Note that use in localization doesn't count due to technical limitations. Use in unused scripted triggers and effects also does not count
15:52:04,E,jomini_effect.cpp:1145,markers_set_not_read,Variable 'fab_ourfury_duel_won' is set but is never used. Note that use in localization doesn't count due to technical limitations. Use in unused scripted triggers and effects also does not count
15:52:04,E,jomini_effect.cpp:1145,markers_set_not_read,Variable 'DI_artifact_category_display' is set but is never used. Note that use in localization doesn't count due to technical limitations. Use in unused scripted triggers and effects also does not count
15:52:04,E,history.cpp:644,missing_character,Referencing non-existent character in script link character:fab_aurion
15:52:04,E,history.cpp:644,missing_character,Referencing non-existent character in script link character:fab_aurion
